0,-80,-80,-80,-80,-80,-80,-80,-80,-80,-80,-80,-80,-80,-80,-80,-80,-80,-80,-80,-80,-80,-80,-80,-80
0.005,-79.9985,-79.9985,-79.9985,-79.9985,-79.9985,-79.9985,-79.9985,-79.9985,-79.9985,-79.9985,-79.9985,-79.9985,-79.9985,-79.9985,-79.9985,-79.9985,-79.9985,-79.9985,-79.9985,-79.9985,-79.9985,-79.9985,-79.9985,-79.9986
0.01,-79.9984,-79.9977,-79.9975,-79.9975,-79.9975,-79.9975,-79.9975,-79.9975,-79.9975,-79.9975,-79.9975,-79.9975,-79.9975,-79.9975,-79.9975,-79.9975,-79.9975,-79.9975,-79.9975,-79.9975,-79.9975,-79.9975,-79.9975,-79.9976
0.015,-79.9984,-79.9972,-79.9968,-79.9967,-79.9967,-79.9967,-79.9967,-79.9967,-79.9967,-79.9967,-79.9967,-79.9967,-79.9967,-79.9967,-79.9967,-79.9967,-79.9967,-79.9967,-79.9967,-79.9967,-79.9967,-79.9967,-79.9967,-79.9969
0.02,-79.9984,-79.9968,-79.9963,-79.9961,-79.9961,-79.996,-79.996,-79.996,-79.996,-79.996,-79.996,-79.996,-79.996,-79.996,-79.996,-79.996,-79.996,-79.996,-79.996,-79.996,-79.996,-79.9961,-79.9961,-79.9962
0.025,-79.9984,-79.9966,-79.9959,-79.9956,-79.9955,-79.9955,-79.9955,-79.9955,-79.9955,-79.9955,-79.9955,-79.9955,-79.9955,-79.9955,-79.9955,-79.9955,-79.9955,-79.9955,-79.9955,-79.9955,-79.9955,-79.9955,-79.9956,-79.9957
0.03,-79.9984,-79.9964,-79.9956,-79.9952,-79.9951,-79.9951,-79.9951,-79.9951,-79.9951,-79.9951,-79.9951,-79.9951,-79.9951,-79.9951,-79.9951,-79.9951,-79.9951,-79.9951,-79.9951,-79.9951,-79.9951,-79.9951,-79.9952,-79.9953
0.035,-79.9984,-79.9962,-79.9953,-79.9949,-79.9948,-79.9947,-79.9947,-79.9947,-79.9947,-79.9947,-79.9947,-79.9947,-79.9947,-79.9947,-79.9947,-79.9947,-79.9947,-79.9947,-79.9947,-79.9947,-79.9947,-79.9947,-79.9948,-79.9949
0.04,-79.9984,-79.9961,-79.995,-79.9946,-79.9944,-79.9944,-79.9943,-79.9943,-79.9943,-79.9943,-79.9943,-79.9943,-79.9943,-79.9943,-79.9943,-79.9943,-79.9943,-79.9943,-79.9943,-79.9943,-79.9943,-79.9944,-79.9944,-79.9945
0.045,-79.9984,-79.9959,-79.9948,-79.9943,-79.9941,-79.994,-79.994,-79.994,-79.994,-79.994,-79.994,-79.994,-79.994,-79.994,-79.994,-79.994,-79.994,-79.994,-79.994,-79.994,-79.994,-79.994,-79.9941,-79.9942
0.05,-79.9984,-79.9958,-79.9946,-79.9941,-79.9939,-79.9938,-79.9937,-79.9937,-79.9937,-79.9937,-79.9937,-79.9937,-79.9937,-79.9937,-79.9937,-79.9937,-79.9937,-79.9937,-79.9937,-79.9937,-79.9937,-79.9937,-79.9938,-79.9939
0.055,-79.9984,-79.9957,-79.9945,-79.9939,-79.9936,-79.9935,-79.9934,-79.9934,-79.9934,-79.9934,-79.9934,-79.9934,-79.9934,-79.9934,-79.9934,-79.9934,-79.9934,-79.9934,-79.9934,-79.9934,-79.9934,-79.9935,-79.9935,-79.9936
0.06,-79.9984,-79.9956,-79.9943,-79.9937,-79.9934,-79.9932,-79.9932,-79.9932,-79.9932,-79.9932,-79.9932,-79.9932,-79.9932,-79.9932,-79.9932,-79.9932,-79.9932,-79.9932,-79.9932,-79.9932,-79.9932,-79.9932,-79.9933,-79.9934
0.065,-79.9984,-79.9955,-79.9941,-79.9935,-79.9932,-79.993,-79.993,-79.9929,-79.9929,-79.9929,-79.9929,-79.9929,-79.9929,-79.9929,-79.9929,-79.9929,-79.9929,-79.9929,-79.9929,-79.9929,-79.9929,-79.993,-79.993,-79.9931
0.07,-79.9984,-79.9955,-79.994,-79.9933,-79.993,-79.9928,-79.9927,-79.9927,-79.9927,-79.9927,-79.9927,-79.9927,-79.9927,-79.9927,-79.9927,-79.9927,-79.9927,-79.9927,-79.9927,-79.9927,-79.9927,-79.9927,-79.9928,-79.9929
0.075,-79.9984,-79.9954,-79.9939,-79.9931,-79.9928,-79.9926,-79.9925,-79.9925,-79.9925,-79.9925,-79.9925,-79.9925,-79.9925,-79.9925,-79.9925,-79.9925,-79.9925,-79.9925,-79.9925,-79.9925,-79.9925,-79.9925,-79.9926,-79.9927
0.08,-79.9984,-79.9953,-79.9937,-79.993,-79.9926,-79.9924,-79.9923,-79.9923,-79.9923,-79.9923,-79.9923,-79.9923,-79.9923,-79.9923,-79.9923,-79.9923,-79.9923,-79.9923,-79.9923,-79.9923,-79.9923,-79.9923,-79.9924,-79.9925
0.085,-79.9984,-79.9952,-79.9936,-79.9928,-79.9924,-79.9922,-79.9921,-79.9921,-79.9921,-79.9921,-79.9921,-79.9921,-79.9921,-79.9921,-79.9921,-79.9921,-79.9921,-79.9921,-79.9921,-79.9921,-79.9921,-79.9921,-79.9922,-79.9923
0.09,-79.9984,-79.9952,-79.9935,-79.9927,-79.9922,-79.992,-79.9919,-79.9919,-79.9919,-79.9919,-79.9919,-79.9919,-79.9919,-79.9919,-79.9919,-79.9919,-79.9919,-79.9919,-79.9919,-79.9919,-79.9919,-79.9919,-79.992,-79.9921
0.095,-79.9984,-79.9951,-79.9934,-79.9925,-79.9921,-79.9919,-79.9918,-79.9917,-79.9917,-79.9917,-79.9917,-79.9917,-79.9917,-79.9917,-79.9917,-79.9917,-79.9917,-79.9917,-79.9917,-79.9917,-79.9917,-79.9918,-79.9918,-79.9919
0.1,-79.9984,-79.995,-79.9933,-79.9924,-79.9919,-79.9917,-79.9916,-79.9916,-79.9915,-79.9915,-79.9915,-79.9915,-79.9915,-79.9915,-79.9915,-79.9915,-79.9915,-79.9915,-79.9915,-79.9915,-79.9915,-79.9916,-79.9916,-79.9917
0.105,-79.9984,-79.995,-79.9932,-79.9923,-79.9918,-79.9916,-79.9914,-79.9914,-79.9914,-79.9914,-79.9913,-79.9913,-79.9913,-79.9913,-79.9913,-79.9913,-79.9913,-79.9913,-79.9914,-79.9914,-79.9914,-79.9914,-79.9915,-79.9916
0.11,-79.9984,-79.9949,-79.9931,-79.9921,-79.9917,-79.9914,-79.9913,-79.9912,-79.9912,-79.9912,-79.9912,-79.9912,-79.9912,-79.9912,-79.9912,-79.9912,-79.9912,-79.9912,-79.9912,-79.9912,-79.9912,-79.9913,-79.9913,-79.9914
0.115,-79.9984,-79.9949,-79.993,-79.992,-79.9915,-79.9913,-79.9911,-79.9911,-79.9911,-79.991,-79.991,-79.991,-79.991,-79.991,-79.991,-79.991,-79.991,-79.991,-79.991,-79.9911,-79.9911,-79.9911,-79.9912,-79.9913
0.12,-79.9984,-79.9949,-79.9929,-79.9919,-79.9914,-79.9911,-79.991,-79.9909,-79.9909,-79.9909,-79.9909,-79.9909,-79.9909,-79.9909,-79.9909,-79.9909,-79.9909,-79.9909,-79.9909,-79.9909,-79.9909,-79.991,-79.991,-79.9911
0.125,-79.9984,-79.9948,-79.9929,-79.9918,-79.9913,-79.991,-79.9909,-79.9908,-79.9908,-79.9908,-79.9907,-79.9907,-79.9907,-79.9907,-79.9907,-79.9907,-79.9907,-79.9907,-79.9908,-79.9908,-79.9908,-79.9908,-79.9909,-79.991
0.13,-79.9984,-79.9948,-79.9928,-79.9917,-79.9912,-79.9909,-79.9907,-79.9907,-79.9906,-79.9906,-79.9906,-79.9906,-79.9906,-79.9906,-79.9906,-79.9906,-79.9906,-79.9906,-79.9906,-79.9906,-79.9906,-79.9907,-79.9907,-79.9908
0.135,-79.9984,-79.9947,-79.9927,-79.9916,-79.9911,-79.9908,-79.9906,-79.9905,-79.9905,-79.9905,-79.9905,-79.9905,-79.9905,-79.9905,-79.9905,-79.9905,-79.9905,-79.9905,-79.9905,-79.9905,-79.9905,-79.9905,-79.9906,-79.9907
0.14,-79.9984,-79.9947,-79.9926,-79.9915,-79.991,-79.9907,-79.9905,-79.9904,-79.9904,-79.9904,-79.9903,-79.9903,-79.9903,-79.9903,-79.9903,-79.9903,-79.9903,-79.9903,-79.9904,-79.9904,-79.9904,-79.9904,-79.9905,-79.9906
0.145,-79.9984,-79.9947,-79.9926,-79.9915,-79.9909,-79.9905,-79.9904,-79.9903,-79.9903,-79.9902,-79.9902,-79.9902,-79.9902,-79.9902,-79.9902,-79.9902,-79.9902,-79.9902,-79.9902,-79.9902,-79.9903,-79.9903,-79.9904,-79.9905
0.15,-79.9984,-79.9946,-79.9925,-79.9914,-79.9908,-79.9904,-79.9903,-79.9902,-79.9901,-79.9901,-79.9901,-79.9901,-79.9901,-79.9901,-79.9901,-79.9901,-79.9901,-79.9901,-79.9901,-79.9901,-79.9901,-79.9902,-79.9902,-79.9903
0.155,-79.9984,-79.9946,-79.9925,-79.9913,-79.9907,-79.9903,-79.9902,-79.9901,-79.99,-79.99,-79.99,-79.99,-79.99,-79.99,-79.99,-79.99,-79.99,-79.99,-79.99,-79.99,-79.99,-79.9901,-79.9901,-79.9902
0.16,-79.9984,-79.9945,-79.9924,-79.9912,-79.9906,-79.9902,-79.9901,-79.99,-79.9899,-79.9899,-79.9899,-79.9899,-79.9899,-79.9899,-79.9899,-79.9899,-79.9899,-79.9899,-79.9899,-79.9899,-79.9899,-79.99,-79.99,-79.9901
0.165,-79.9984,-79.9945,-79.9923,-79.9911,-79.9905,-79.9901,-79.99,-79.9899,-79.9898,-79.9898,-79.9898,-79.9898,-79.9898,-79.9898,-79.9898,-79.9898,-79.9898,-79.9898,-79.9898,-79.9898,-79.9898,-79.9898,-79.9899,-79.99
0.17,-79.9984,-79.9945,-79.9923,-79.9911,-79.9904,-79.99,-79.9899,-79.9898,-79.9897,-79.9897,-79.9897,-79.9897,-79.9897,-79.9897,-79.9897,-79.9897,-79.9897,-79.9897,-79.9897,-79.9897,-79.9897,-79.9897,-79.9898,-79.9899
0.175,-79.9984,-79.9945,-79.9922,-79.991,-79.9903,-79.99,-79.9898,-79.9897,-79.9896,-79.9896,-79.9896,-79.9896,-79.9896,-79.9896,-79.9896,-79.9896,-79.9896,-79.9896,-79.9896,-79.9896,-79.9896,-79.9896,-79.9897,-79.9898
0.18,-79.9984,-79.9944,-79.9922,-79.9909,-79.9902,-79.9899,-79.9897,-79.9896,-79.9895,-79.9895,-79.9895,-79.9895,-79.9895,-79.9895,-79.9895,-79.9895,-79.9895,-79.9895,-79.9895,-79.9895,-79.9895,-79.9895,-79.9896,-79.9897
0.185,-79.9984,-79.9944,-79.9921,-79.9909,-79.9902,-79.9898,-79.9896,-79.9895,-79.9894,-79.9894,-79.9894,-79.9894,-79.9894,-79.9894,-79.9894,-79.9894,-79.9894,-79.9894,-79.9894,-79.9894,-79.9894,-79.9894,-79.9895,-79.9896
0.19,-79.9984,-79.9944,-79.9921,-79.9908,-79.9901,-79.9897,-79.9895,-79.9894,-79.9893,-79.9893,-79.9893,-79.9893,-79.9893,-79.9893,-79.9893,-79.9893,-79.9893,-79.9893,-79.9893,-79.9893,-79.9893,-79.9893,-79.9894,-79.9895
0.195,-79.9984,-79.9943,-79.992,-79.9907,-79.99,-79.9896,-79.9894,-79.9893,-79.9892,-79.9892,-79.9892,-79.9892,-79.9892,-79.9892,-79.9892,-79.9892,-79.9892,-79.9892,-79.9892,-79.9892,-79.9892,-79.9893,-79.9893,-79.9894
0.2,-79.9984,-79.9943,-79.992,-79.9907,-79.9899,-79.9895,-79.9893,-79.9892,-79.9891,-79.9891,-79.9891,-79.9891,-79.9891,-79.9891,-79.9891,-79.9891,-79.9891,-79.9891,-79.9891,-79.9891,-79.9891,-79.9892,-79.9892,-79.9893
0.205,-79.9984,-79.9943,-79.9919,-79.9906,-79.9899,-79.9895,-79.9892,-79.9891,-79.9891,-79.989,-79.989,-79.989,-79.989,-79.989,-79.989,-79.989,-79.989,-79.989,-79.989,-79.989,-79.989,-79.9891,-79.9891,-79.9893
0.21,-79.9984,-79.9943,-79.9919,-79.9906,-79.9898,-79.9894,-79.9892,-79.989,-79.989,-79.9889,-79.9889,-79.9889,-79.9889,-79.9889,-79.9889,-79.9889,-79.9889,-79.9889,-79.9889,-79.9889,-79.989,-79.989,-79.9891,-79.9892
0.215,-79.9984,-79.9942,-79.9919,-79.9905,-79.9897,-79.9893,-79.9891,-79.989,-79.9889,-79.9889,-79.9888,-79.9888,-79.9888,-79.9888,-79.9888,-79.9888,-79.9888,-79.9888,-79.9888,-79.9888,-79.9889,-79.9889,-79.989,-79.9891
0.22,-79.9984,-79.9942,-79.9918,-79.9904,-79.9897,-79.9892,-79.989,-79.9889,-79.9888,-79.9888,-79.9888,-79.9887,-79.9887,-79.9887,-79.9887,-79.9887,-79.9887,-79.9887,-79.9887,-79.9888,-79.9888,-79.9888,-79.9889,-79.989
0.225,-79.9984,-79.9942,-79.9918,-79.9904,-79.9896,-79.9892,-79.9889,-79.9888,-79.9887,-79.9887,-79.9887,-79.9887,-79.9887,-79.9887,-79.9887,-79.9887,-79.9887,-79.9887,-79.9887,-79.9887,-79.9887,-79.9887,-79.9888,-79.9889
0.23,-79.9984,-79.9942,-79.9917,-79.9903,-79.9895,-79.9891,-79.9889,-79.9887,-79.9887,-79.9886,-79.9886,-79.9886,-79.9886,-79.9886,-79.9886,-79.9886,-79.9886,-79.9886,-79.9886,-79.9886,-79.9886,-79.9887,-79.9887,-79.9889
0.235,-79.9984,-79.9942,-79.9917,-79.9903,-79.9895,-79.989,-79.9888,-79.9887,-79.9886,-79.9885,-79.9885,-79.9885,-79.9885,-79.9885,-79.9885,-79.9885,-79.9885,-79.9885,-79.9885,-79.9885,-79.9885,-79.9886,-79.9887,-79.9888
0.24,-79.9984,-79.9941,-79.9917,-79.9902,-79.9894,-79.989,-79.9887,-79.9886,-79.9885,-79.9885,-79.9884,-79.9884,-79.9884,-79.9884,-79.9884,-79.9884,-79.9884,-79.9884,-79.9884,-79.9884,-79.9885,-79.9885,-79.9886,-79.9887
0.245,-79.9984,-79.9941,-79.9916,-79.9902,-79.9894,-79.9889,-79.9887,-79.9885,-79.9884,-79.9884,-79.9884,-79.9884,-79.9883,-79.9883,-79.9883,-79.9883,-79.9883,-79.9883,-79.9884,-79.9884,-79.9884,-79.9884,-79.9885,-79.9886
0.25,-79.9984,-79.9941,-79.9916,-79.9901,-79.9893,-79.9888,-79.9886,-79.9884,-79.9884,-79.9883,-79.9883,-79.9883,-79.9883,-79.9883,-79.9883,-79.9883,-79.9883,-79.9883,-79.9883,-79.9883,-79.9883,-79.9884,-79.9884,-79.9886
0.255,-79.9984,-79.9941,-79.9916,-79.9901,-79.9893,-79.9888,-79.9885,-79.9884,-79.9883,-79.9883,-79.9882,-79.9882,-79.9882,-79.9882,-79.9882,-79.9882,-79.9882,-79.9882,-79.9882,-79.9882,-79.9883,-79.9883,-79.9884,-79.9885
0.26,-79.9984,-79.9941,-79.9915,-79.99,-79.9892,-79.9887,-79.9885,-79.9883,-79.9882,-79.9882,-79.9882,-79.9881,-79.9881,-79.9881,-79.9881,-79.9881,-79.9881,-79.9881,-79.9881,-79.9882,-79.9882,-79.9882,-79.9883,-79.9884
0.265,-79.9984,-79.994,-79.9915,-79.99,-79.9892,-79.9887,-79.9884,-79.9882,-79.9882,-79.9881,-79.9881,-79.9881,-79.9881,-79.9881,-79.9881,-79.9881,-79.9881,-79.9881,-79.9881,-79.9881,-79.9881,-79.9882,-79.9882,-79.9883
0.27,-79.9984,-79.994,-79.9914,-79.99,-79.9891,-79.9886,-79.9883,-79.9882,-79.9881,-79.988,-79.988,-79.988,-79.988,-79.988,-79.988,-79.988,-79.988,-79.988,-79.988,-79.988,-79.988,-79.9881,-79.9882,-79.9883
0.275,-79.9984,-79.994,-79.9914,-79.9899,-79.989,-79.9885,-79.9883,-79.9881,-79.988,-79.988,-79.988,-79.9879,-79.9879,-79.9879,-79.9879,-79.9879,-79.9879,-79.9879,-79.9879,-79.988,-79.988,-79.988,-79.9881,-79.9882
0.28,-79.9984,-79.994,-79.9914,-79.9899,-79.989,-79.9885,-79.9882,-79.9881,-79.988,-79.9879,-79.9879,-79.9879,-79.9879,-79.9879,-79.9879,-79.9879,-79.9879,-79.9879,-79.9879,-79.9879,-79.9879,-79.988,-79.988,-79.9882
0.285,-79.9984,-79.994,-79.9914,-79.9898,-79.9889,-79.9884,-79.9882,-79.988,-79.9879,-79.9878,-79.9878,-79.9878,-79.9878,-79.9878,-79.9878,-79.9878,-79.9878,-79.9878,-79.9878,-79.9878,-79.9879,-79.9879,-79.988,-79.9881
0.29,-79.9984,-79.9939,-79.9913,-79.9898,-79.9889,-79.9884,-79.9881,-79.9879,-79.9878,-79.9878,-79.9878,-79.9877,-79.9877,-79.9877,-79.9877,-79.9877,-79.9877,-79.9877,-79.9877,-79.9878,-79.9878,-79.9878,-79.9879,-79.988
0.295,-79.9984,-79.9939,-79.9913,-79.9897,-79.9888,-79.9883,-79.988,-79.9879,-79.9878,-79.9877,-79.9877,-79.9877,-79.9877,-79.9877,-79.9877,-79.9877,-79.9877,-79.9877,-79.9877,-79.9877,-79.9877,-79.9878,-79.9878,-79.988
0.3,-79.9984,-79.9939,-79.9913,-79.9897,-79.9888,-79.9883,-79.988,-79.9878,-79.9877,-79.9877,-79.9876,-79.9876,-79.9876,-79.9876,-79.9876,-79.9876,-79.9876,-79.9876,-79.9876,-79.9876,-79.9877,-79.9877,-79.9878,-79.9879
0.305,-79.9984,-79.9939,-79.9912,-79.9897,-79.9888,-79.9882,-79.9879,-79.9878,-79.9877,-79.9876,-79.9876,-79.9876,-79.9875,-79.9875,-79.9875,-79.9875,-79.9875,-79.9876,-79.9876,-79.9876,-79.9876,-79.9876,-79.9877,-79.9878
0.31,-79.9984,-79.9939,-79.9912,-79.9896,-79.9887,-79.9882,-79.9879,-79.9877,-79.9876,-79.9875,-79.9875,-79.9875,-79.9875,-79.9875,-79.9875,-79.9875,-79.9875,-79.9875,-79.9875,-79.9875,-79.9875,-79.9876,-79.9877,-79.9878
0.315,-79.9984,-79.9939,-79.9912,-79.9896,-79.9887,-79.9881,-79.9878,-79.9876,-79.9875,-79.9875,-79.9875,-79.9874,-79.9874,-79.9874,-79.9874,-79.9874,-79.9874,-79.9874,-79.9874,-79.9875,-79.9875,-79.9875,-79.9876,-79.9877
0.32,-79.9984,-79.9939,-79.9911,-79.9895,-79.9886,-79.9881,-79.9878,-79.9876,-79.9875,-79.9874,-79.9874,-79.9874,-79.9874,-79.9874,-79.9874,-79.9874,-79.9874,-79.9874,-79.9874,-79.9874,-79.9874,-79.9875,-79.9875,-79.9877
0.325,-79.9984,-79.9938,-79.9911,-79.9895,-79.9886,-79.988,-79.9877,-79.9875,-79.9874,-79.9874,-79.9873,-79.9873,-79.9873,-79.9873,-79.9873,-79.9873,-79.9873,-79.9873,-79.9873,-79.9873,-79.9874,-79.9874,-79.9875,-79.9876
0.33,-79.9984,-79.9938,-79.9911,-79.9895,-79.9885,-79.988,-79.9877,-79.9875,-79.9874,-79.9873,-79.9873,-79.9873,-79.9873,-79.9873,-79.9873,-79.9873,-79.9873,-79.9873,-79.9873,-79.9873,-79.9873,-79.9874,-79.9874,-79.9876
0.335,-79.9984,-79.9938,-79.9911,-79.9894,-79.9885,-79.9879,-79.9876,-79.9874,-79.9873,-79.9873,-79.9872,-79.9872,-79.9872,-79.9872,-79.9872,-79.9872,-79.9872,-79.9872,-79.9872,-79.9872,-79.9873,-79.9873,-79.9874,-79.9875
0.34,-79.9984,-79.9938,-79.991,-79.9894,-79.9884,-79.9879,-79.9876,-79.9874,-79.9873,-79.9872,-79.9872,-79.9872,-79.9871,-79.9871,-79.9871,-79.9871,-79.9871,-79.9871,-79.9872,-79.9872,-79.9872,-79.9872,-79.9873,-79.9874
0.345,-79.9984,-79.9938,-79.991,-79.9894,-79.9884,-79.9878,-79.9875,-79.9873,-79.9872,-79.9872,-79.9871,-79.9871,-79.9871,-79.9871,-79.9871,-79.9871,-79.9871,-79.9871,-79.9871,-79.9871,-79.9871,-79.9872,-79.9873,-79.9874
0.35,-79.9984,-79.9938,-79.991,-79.9893,-79.9884,-79.9878,-79.9875,-79.9873,-79.9872,-79.9871,-79.9871,-79.987,-79.987,-79.987,-79.987,-79.987,-79.987,-79.987,-79.987,-79.9871,-79.9871,-79.9871,-79.9872,-79.9874
0.355,-79.9984,-79.9938,-79.991,-79.9893,-79.9883,-79.9877,-79.9874,-79.9872,-79.9871,-79.9871,-79.987,-79.987,-79.987,-79.987,-79.987,-79.987,-79.987,-79.987,-79.987,-79.987,-79.987,-79.9871,-79.9872,-79.9873
0.36,-79.9984,-79.9937,-79.9909,-79.9893,-79.9883,-79.9877,-79.9874,-79.9872,-79.9871,-79.987,-79.987,-79.9869,-79.9869,-79.9869,-79.9869,-79.9869,-79.9869,-79.9869,-79.9869,-79.987,-79.987,-79.987,-79.9871,-79.9872
0.365,-79.9984,-79.9937,-79.9909,-79.9892,-79.9882,-79.9877,-79.9873,-79.9871,-79.987,-79.9869,-79.9869,-79.9869,-79.9869,-79.9869,-79.9869,-79.9869,-79.9869,-79.9869,-79.9869,-79.9869,-79.9869,-79.987,-79.9871,-79.9872
0.37,-79.9984,-79.9937,-79.9909,-79.9892,-79.9882,-79.9876,-79.9873,-79.9871,-79.987,-79.9869,-79.9869,-79.9868,-79.9868,-79.9868,-79.9868,-79.9868,-79.9868,-79.9868,-79.9868,-79.9869,-79.9869,-79.9869,-79.987,-79.9871
0.375,-79.9984,-79.9937,-79.9909,-79.9892,-79.9882,-79.9876,-79.9872,-79.987,-79.9869,-79.9868,-79.9868,-79.9868,-79.9868,-79.9868,-79.9868,-79.9868,-79.9868,-79.9868,-79.9868,-79.9868,-79.9868,-79.9869,-79.987,-79.9871
0.38,-79.9984,-79.9937,-79.9908,-79.9891,-79.9881,-79.9875,-79.9872,-79.987,-79.9869,-79.9868,-79.9868,-79.9867,-79.9867,-79.9867,-79.9867,-79.9867,-79.9867,-79.9867,-79.9867,-79.9868,-79.9868,-79.9868,-79.9869,-79.987
0.385,-79.9984,-79.9937,-79.9908,-79.9891,-79.9881,-79.9875,-79.9871,-79.9869,-79.9868,-79.9867,-79.9867,-79.9867,-79.9867,-79.9867,-79.9867,-79.9867,-79.9867,-79.9867,-79.9867,-79.9867,-79.9867,-79.9868,-79.9869,-79.987
0.39,-79.9984,-79.9937,-79.9908,-79.9891,-79.9881,-79.9874,-79.9871,-79.9869,-79.9868,-79.9867,-79.9867,-79.9866,-79.9866,-79.9866,-79.9866,-79.9866,-79.9866,-79.9866,-79.9866,-79.9867,-79.9867,-79.9867,-79.9868,-79.9869
0.395,-79.9984,-79.9936,-79.9908,-79.989,-79.988,-79.9874,-79.987,-79.9868,-79.9867,-79.9866,-79.9866,-79.9866,-79.9866,-79.9866,-79.9866,-79.9866,-79.9866,-79.9866,-79.9866,-79.9866,-79.9866,-79.9867,-79.9868,-79.9869
0.4,-79.9984,-79.9936,-79.9907,-79.989,-79.988,-79.9874,-79.987,-79.9868,-79.9867,-79.9866,-79.9866,-79.9865,-79.9865,-79.9865,-79.9865,-79.9865,-79.9865,-79.9865,-79.9865,-79.9866,-79.9866,-79.9866,-79.9867,-79.9868
0.405,-79.9984,-79.9936,-79.9907,-79.989,-79.9879,-79.9873,-79.987,-79.9867,-79.9866,-79.9866,-79.9865,-79.9865,-79.9865,-79.9865,-79.9865,-79.9865,-79.9865,-79.9865,-79.9865,-79.9865,-79.9865,-79.9866,-79.9867,-79.9868
0.41,-79.9984,-79.9936,-79.9907,-79.989,-79.9879,-79.9873,-79.9869,-79.9867,-79.9866,-79.9865,-79.9865,-79.9865,-79.9864,-79.9864,-79.9864,-79.9864,-79.9864,-79.9864,-79.9864,-79.9865,-79.9865,-79.9865,-79.9866,-79.9868
0.415,-79.9984,-79.9936,-79.9907,-79.9889,-79.9879,-79.9872,-79.9869,-79.9867,-79.9865,-79.9865,-79.9864,-79.9864,-79.9864,-79.9864,-79.9864,-79.9864,-79.9864,-79.9864,-79.9864,-79.9864,-79.9864,-79.9865,-79.9866,-79.9867
0.42,-79.9984,-79.9936,-79.9907,-79.9889,-79.9878,-79.9872,-79.9868,-79.9866,-79.9865,-79.9864,-79.9864,-79.9864,-79.9863,-79.9863,-79.9863,-79.9863,-79.9863,-79.9863,-79.9864,-79.9864,-79.9864,-79.9865,-79.9865,-79.9867
0.425,-79.9984,-79.9936,-79.9906,-79.9889,-79.9878,-79.9872,-79.9868,-79.9866,-79.9865,-79.9864,-79.9863,-79.9863,-79.9863,-79.9863,-79.9863,-79.9863,-79.9863,-79.9863,-79.9863,-79.9863,-79.9864,-79.9864,-79.9865,-79.9866
0.43,-79.9984,-79.9936,-79.9906,-79.9888,-79.9878,-79.9871,-79.9868,-79.9865,-79.9864,-79.9863,-79.9863,-79.9863,-79.9863,-79.9862,-79.9862,-79.9862,-79.9862,-79.9862,-79.9863,-79.9863,-79.9863,-79.9864,-79.9864,-79.9866
0.435,-79.9984,-79.9936,-79.9906,-79.9888,-79.9877,-79.9871,-79.9867,-79.9865,-79.9864,-79.9863,-79.9862,-79.9862,-79.9862,-79.9862,-79.9862,-79.9862,-79.9862,-79.9862,-79.9862,-79.9862,-79.9863,-79.9863,-79.9864,-79.9865
0.44,-79.9984,-79.9935,-79.9906,-79.9888,-79.9877,-79.9871,-79.9867,-79.9865,-79.9863,-79.9862,-79.9862,-79.9862,-79.9862,-79.9862,-79.9861,-79.9861,-79.9862,-79.9862,-79.9862,-79.9862,-79.9862,-79.9863,-79.9864,-79.9865
0.445,-79.9984,-79.9935,-79.9906,-79.9887,-79.9877,-79.987,-79.9866,-79.9864,-79.9863,-79.9862,-79.9862,-79.9861,-79.9861,-79.9861,-79.9861,-79.9861,-79.9861,-79.9861,-79.9861,-79.9861,-79.9862,-79.9862,-79.9863,-79.9864
0.45,-79.9984,-79.9935,-79.9905,-79.9887,-79.9876,-79.987,-79.9866,-79.9864,-79.9862,-79.9862,-79.9861,-79.9861,-79.9861,-79.9861,-79.9861,-79.9861,-79.9861,-79.9861,-79.9861,-79.9861,-79.9861,-79.9862,-79.9863,-79.9864
0.455,-79.9984,-79.9935,-79.9905,-79.9887,-79.9876,-79.9869,-79.9866,-79.9863,-79.9862,-79.9861,-79.9861,-79.986,-79.986,-79.986,-79.986,-79.986,-79.986,-79.986,-79.986,-79.9861,-79.9861,-79.9861,-79.9862,-79.9864
0.46,-79.9984,-79.9935,-79.9905,-79.9887,-79.9876,-79.9869,-79.9865,-79.9863,-79.9861,-79.9861,-79.986,-79.986,-79.986,-79.986,-79.986,-79.986,-79.986,-79.986,-79.986,-79.986,-79.986,-79.9861,-79.9862,-79.9863
0.465,-79.9984,-79.9935,-79.9905,-79.9886,-79.9875,-79.9869,-79.9865,-79.9862,-79.9861,-79.986,-79.986,-79.986,-79.9859,-79.9859,-79.9859,-79.9859,-79.9859,-79.9859,-79.9859,-79.986,-79.986,-79.986,-79.9861,-79.9863
0.47,-79.9984,-79.9935,-79.9905,-79.9886,-79.9875,-79.9868,-79.9864,-79.9862,-79.9861,-79.986,-79.9859,-79.9859,-79.9859,-79.9859,-79.9859,-79.9859,-79.9859,-79.9859,-79.9859,-79.9859,-79.986,-79.986,-79.9861,-79.9862
0.475,-79.9984,-79.9935,-79.9904,-79.9886,-79.9875,-79.9868,-79.9864,-79.9862,-79.986,-79.9859,-79.9859,-79.9859,-79.9859,-79.9858,-79.9858,-79.9858,-79.9858,-79.9858,-79.9859,-79.9859,-79.9859,-79.986,-79.9861,-79.9862
0.48,-79.9984,-79.9935,-79.9904,-79.9886,-79.9874,-79.9868,-79.9864,-79.9861,-79.986,-79.9859,-79.9859,-79.9858,-79.9858,-79.9858,-79.9858,-79.9858,-79.9858,-79.9858,-79.9858,-79.9858,-79.9859,-79.9859,-79.986,-79.9862
0.485,-79.9984,-79.9934,-79.9904,-79.9885,-79.9874,-79.9867,-79.9863,-79.9861,-79.9859,-79.9859,-79.9858,-79.9858,-79.9858,-79.9858,-79.9858,-79.9858,-79.9858,-79.9858,-79.9858,-79.9858,-79.9858,-79.9859,-79.986,-79.9861
0.49,-79.9984,-79.9934,-79.9904,-79.9885,-79.9874,-79.9867,-79.9863,-79.986,-79.9859,-79.9858,-79.9858,-79.9857,-79.9857,-79.9857,-79.9857,-79.9857,-79.9857,-79.9857,-79.9857,-79.9858,-79.9858,-79.9858,-79.9859,-79.9861
0.495,-79.9984,-79.9934,-79.9904,-79.9885,-79.9874,-79.9867,-79.9863,-79.986,-79.9859,-79.9858,-79.9857,-79.9857,-79.9857,-79.9857,-79.9857,-79.9857,-79.9857,-79.9857,-79.9857,-79.9857,-79.9857,-79.9858,-79.9859,-79.986
0.5,-79.9984,-79.9934,-79.9903,-79.9885,-79.9873,-79.9866,-79.9862,-79.986,-79.9858,-79.9857,-79.9857,-79.9857,-79.9856,-79.9856,-79.9856,-79.9856,-79.9856,-79.9856,-79.9857,-79.9857,-79.9857,-79.9858,-79.9858,-79.986
0.505,-79.9984,-79.9934,-79.9903,-79.9884,-79.9873,-79.9866,-79.9862,-79.9859,-79.9858,-79.9857,-79.9856,-79.9856,-79.9856,-79.9856,-79.9856,-79.9856,-79.9856,-79.9856,-79.9856,-79.9856,-79.9857,-79.9857,-79.9858,-79.9859
0.51,-79.9984,-79.9934,-79.9903,-79.9884,-79.9873,-79.9866,-79.9861,-79.9859,-79.9857,-79.9857,-79.9856,-79.9856,-79.9856,-79.9856,-79.9855,-79.9855,-79.9856,-79.9856,-79.9856,-79.9856,-79.9856,-79.9857,-79.9858,-79.9859
0.515,-79.9984,-79.9934,-79.9903,-79.9884,-79.9872,-79.9865,-79.9861,-79.9859,-79.9857,-79.9856,-79.9856,-79.9855,-79.9855,-79.9855,-79.9855,-79.9855,-79.9855,-79.9855,-79.9855,-79.9855,-79.9856,-79.9856,-79.9857,-79.9859
0.52,-79.9984,-79.9934,-79.9903,-79.9884,-79.9872,-79.9865,-79.9861,-79.9858,-79.9857,-79.9856,-79.9855,-79.9855,-79.9855,-79.9855,-79.9855,-79.9855,-79.9855,-79.9855,-79.9855,-79.9855,-79.9855,-79.9856,-79.9857,-79.9858
0.525,-79.9984,-79.9934,-79.9902,-79.9883,-79.9872,-79.9865,-79.986,-79.9858,-79.9856,-79.9855,-79.9855,-79.9855,-79.9854,-79.9854,-79.9854,-79.9854,-79.9854,-79.9854,-79.9855,-79.9855,-79.9855,-79.9856,-79.9856,-79.9858
0.53,-79.9984,-79.9933,-79.9902,-79.9883,-79.9871,-79.9864,-79.986,-79.9857,-79.9856,-79.9855,-79.9855,-79.9854,-79.9854,-79.9854,-79.9854,-79.9854,-79.9854,-79.9854,-79.9854,-79.9854,-79.9855,-79.9855,-79.9856,-79.9858
0.535,-79.9984,-79.9933,-79.9902,-79.9883,-79.9871,-79.9864,-79.986,-79.9857,-79.9856,-79.9855,-79.9854,-79.9854,-79.9854,-79.9854,-79.9854,-79.9854,-79.9854,-79.9854,-79.9854,-79.9854,-79.9854,-79.9855,-79.9856,-79.9857
0.54,-79.9984,-79.9933,-79.9902,-79.9883,-79.9871,-79.9864,-79.9859,-79.9857,-79.9855,-79.9854,-79.9854,-79.9854,-79.9853,-79.9853,-79.9853,-79.9853,-79.9853,-79.9853,-79.9853,-79.9854,-79.9854,-79.9854,-79.9855,-79.9857
0.545,-79.9984,-79.9933,-79.9902,-79.9882,-79.9871,-79.9863,-79.9859,-79.9856,-79.9855,-79.9854,-79.9853,-79.9853,-79.9853,-79.9853,-79.9853,-79.9853,-79.9853,-79.9853,-79.9853,-79.9853,-79.9854,-79.9854,-79.9855,-79.9856
0.55,-79.9984,-79.9933,-79.9902,-79.9882,-79.987,-79.9863,-79.9859,-79.9856,-79.9855,-79.9854,-79.9853,-79.9853,-79.9853,-79.9852,-79.9852,-79.9852,-79.9852,-79.9852,-79.9853,-79.9853,-79.9853,-79.9854,-79.9855,-79.9856
0.555,-79.9984,-79.9933,-79.9901,-79.9882,-79.987,-79.9863,-79.9858,-79.9856,-79.9854,-79.9853,-79.9853,-79.9852,-79.9852,-79.9852,-79.9852,-79.9852,-79.9852,-79.9852,-79.9852,-79.9852,-79.9853,-79.9853,-79.9854,-79.9856
0.56,-79.9984,-79.9933,-79.9901,-79.9882,-79.987,-79.9862,-79.9858,-79.9855,-79.9854,-79.9853,-79.9852,-79.9852,-79.9852,-79.9852,-79.9852,-79.9852,-79.9852,-79.9852,-79.9852,-79.9852,-79.9852,-79.9853,-79.9854,-79.9855
0.565,-79.9984,-79.9933,-79.9901,-79.9881,-79.9869,-79.9862,-79.9858,-79.9855,-79.9853,-79.9853,-79.9852,-79.9852,-79.9851,-79.9851,-79.9851,-79.9851,-79.9851,-79.9851,-79.9851,-79.9852,-79.9852,-79.9853,-79.9854,-79.9855
0.57,-79.9984,-79.9933,-79.9901,-79.9881,-79.9869,-79.9862,-79.9857,-79.9855,-79.9853,-79.9852,-79.9852,-79.9851,-79.9851,-79.9851,-79.9851,-79.9851,-79.9851,-79.9851,-79.9851,-79.9851,-79.9852,-79.9852,-79.9853,-79.9855
0.575,-79.9984,-79.9933,-79.9901,-79.9881,-79.9869,-79.9862,-79.9857,-79.9854,-79.9853,-79.9852,-79.9851,-79.9851,-79.9851,-79.9851,-79.9851,-79.9851,-79.9851,-79.9851,-79.9851,-79.9851,-79.9851,-79.9852,-79.9853,-79.9854
0.58,-79.9984,-79.9933,-79.9901,-79.9881,-79.9869,-79.9861,-79.9857,-79.9854,-79.9852,-79.9851,-79.9851,-79.9851,-79.985,-79.985,-79.985,-79.985,-79.985,-79.985,-79.985,-79.9851,-79.9851,-79.9851,-79.9852,-79.9854
0.585,-79.9984,-79.9932,-79.99,-79.9881,-79.9868,-79.9861,-79.9856,-79.9854,-79.9852,-79.9851,-79.985,-79.985,-79.985,-79.985,-79.985,-79.985,-79.985,-79.985,-79.985,-79.985,-79.9851,-79.9851,-79.9852,-79.9854
0.59,-79.9984,-79.9932,-79.99,-79.988,-79.9868,-79.9861,-79.9856,-79.9853,-79.9852,-79.9851,-79.985,-79.985,-79.985,-79.9849,-79.9849,-79.9849,-79.9849,-79.9849,-79.985,-79.985,-79.985,-79.9851,-79.9852,-79.9853
0.595,-79.9984,-79.9932,-79.99,-79.988,-79.9868,-79.986,-79.9856,-79.9853,-79.9851,-79.985,-79.985,-79.9849,-79.9849,-79.9849,-79.9849,-79.9849,-79.9849,-79.9849,-79.9849,-79.9849,-79.985,-79.985,-79.9851,-79.9853
0.6,-79.9984,-79.9932,-79.99,-79.988,-79.9868,-79.986,-79.9855,-79.9853,-79.9851,-79.985,-79.9849,-79.9849,-79.9849,-79.9849,-79.9849,-79.9849,-79.9849,-79.9849,-79.9849,-79.9849,-79.9849,-79.985,-79.9851,-79.9853
0.605,-79.9984,-79.9932,-79.99,-79.988,-79.9867,-79.986,-79.9855,-79.9852,-79.9851,-79.985,-79.9849,-79.9849,-79.9848,-79.9848,-79.9848,-79.9848,-79.9848,-79.9848,-79.9849,-79.9849,-79.9849,-79.985,-79.9851,-79.9852
0.61,-79.9984,-79.9932,-79.99,-79.9879,-79.9867,-79.9859,-79.9855,-79.9852,-79.985,-79.9849,-79.9849,-79.9848,-79.9848,-79.9848,-79.9848,-79.9848,-79.9848,-79.9848,-79.9848,-79.9848,-79.9849,-79.9849,-79.985,-79.9852
0.615,-79.9984,-79.9932,-79.9899,-79.9879,-79.9867,-79.9859,-79.9855,-79.9852,-79.985,-79.9849,-79.9848,-79.9848,-79.9848,-79.9848,-79.9848,-79.9848,-79.9848,-79.9848,-79.9848,-79.9848,-79.9848,-79.9849,-79.985,-79.9851
0.62,-79.9984,-79.9932,-79.9899,-79.9879,-79.9867,-79.9859,-79.9854,-79.9851,-79.985,-79.9849,-79.9848,-79.9848,-79.9847,-79.9847,-79.9847,-79.9847,-79.9847,-79.9847,-79.9847,-79.9848,-79.9848,-79.9849,-79.985,-79.9851
0.625,-79.9984,-79.9932,-79.9899,-79.9879,-79.9866,-79.9859,-79.9854,-79.9851,-79.9849,-79.9848,-79.9848,-79.9847,-79.9847,-79.9847,-79.9847,-79.9847,-79.9847,-79.9847,-79.9847,-79.9847,-79.9848,-79.9848,-79.9849,-79.9851
0.63,-79.9984,-79.9932,-79.9899,-79.9879,-79.9866,-79.9858,-79.9854,-79.9851,-79.9849,-79.9848,-79.9847,-79.9847,-79.9847,-79.9847,-79.9847,-79.9847,-79.9847,-79.9847,-79.9847,-79.9847,-79.9847,-79.9848,-79.9849,-79.985
0.635,-79.9984,-79.9932,-79.9899,-79.9878,-79.9866,-79.9858,-79.9853,-79.985,-79.9849,-79.9848,-79.9847,-79.9847,-79.9846,-79.9846,-79.9846,-79.9846,-79.9846,-79.9846,-79.9846,-79.9847,-79.9847,-79.9848,-79.9849,-79.985
0.64,-79.9984,-79.9931,-79.9899,-79.9878,-79.9865,-79.9858,-79.9853,-79.985,-79.9848,-79.9847,-79.9847,-79.9846,-79.9846,-79.9846,-79.9846,-79.9846,-79.9846,-79.9846,-79.9846,-79.9846,-79.9847,-79.9847,-79.9848,-79.985
0.645,-79.9984,-79.9931,-79.9898,-79.9878,-79.9865,-79.9857,-79.9853,-79.985,-79.9848,-79.9847,-79.9846,-79.9846,-79.9846,-79.9846,-79.9846,-79.9846,-79.9846,-79.9846,-79.9846,-79.9846,-79.9846,-79.9847,-79.9848,-79.9849
0.65,-79.9984,-79.9931,-79.9898,-79.9878,-79.9865,-79.9857,-79.9852,-79.9849,-79.9848,-79.9847,-79.9846,-79.9846,-79.9845,-79.9845,-79.9845,-79.9845,-79.9845,-79.9845,-79.9845,-79.9846,-79.9846,-79.9847,-79.9848,-79.9849
0.655,-79.9984,-79.9931,-79.9898,-79.9878,-79.9865,-79.9857,-79.9852,-79.9849,-79.9847,-79.9846,-79.9846,-79.9845,-79.9845,-79.9845,-79.9845,-79.9845,-79.9845,-79.9845,-79.9845,-79.9845,-79.9846,-79.9846,-79.9847,-79.9849
0.66,-79.9984,-79.9931,-79.9898,-79.9877,-79.9865,-79.9857,-79.9852,-79.9849,-79.9847,-79.9846,-79.9845,-79.9845,-79.9845,-79.9845,-79.9845,-79.9845,-79.9845,-79.9845,-79.9845,-79.9845,-79.9845,-79.9846,-79.9847,-79.9848
0.665,-79.9984,-79.9931,-79.9898,-79.9877,-79.9864,-79.9856,-79.9852,-79.9849,-79.9847,-79.9846,-79.9845,-79.9845,-79.9844,-79.9844,-79.9844,-79.9844,-79.9844,-79.9844,-79.9844,-79.9845,-79.9845,-79.9846,-79.9847,-79.9848
0.67,-79.9984,-79.9931,-79.9898,-79.9877,-79.9864,-79.9856,-79.9851,-79.9848,-79.9846,-79.9845,-79.9845,-79.9844,-79.9844,-79.9844,-79.9844,-79.9844,-79.9844,-79.9844,-79.9844,-79.9844,-79.9845,-79.9845,-79.9846,-79.9848
0.675,-79.9984,-79.9931,-79.9898,-79.9877,-79.9864,-79.9856,-79.9851,-79.9848,-79.9846,-79.9845,-79.9844,-79.9844,-79.9844,-79.9844,-79.9844,-79.9844,-79.9844,-79.9844,-79.9844,-79.9844,-79.9844,-79.9845,-79.9846,-79.9847
0.68,-79.9984,-79.9931,-79.9897,-79.9877,-79.9864,-79.9856,-79.9851,-79.9848,-79.9846,-79.9845,-79.9844,-79.9844,-79.9843,-79.9843,-79.9843,-79.9843,-79.9843,-79.9843,-79.9843,-79.9844,-79.9844,-79.9845,-79.9846,-79.9847
0.685,-79.9984,-79.9931,-79.9897,-79.9876,-79.9863,-79.9855,-79.985,-79.9847,-79.9846,-79.9844,-79.9844,-79.9843,-79.9843,-79.9843,-79.9843,-79.9843,-79.9843,-79.9843,-79.9843,-79.9843,-79.9844,-79.9844,-79.9845,-79.9847
0.69,-79.9984,-79.9931,-79.9897,-79.9876,-79.9863,-79.9855,-79.985,-79.9847,-79.9845,-79.9844,-79.9843,-79.9843,-79.9843,-79.9843,-79.9843,-79.9843,-79.9843,-79.9843,-79.9843,-79.9843,-79.9843,-79.9844,-79.9845,-79.9847
0.695,-79.9984,-79.9931,-79.9897,-79.9876,-79.9863,-79.9855,-79.985,-79.9847,-79.9845,-79.9844,-79.9843,-79.9843,-79.9842,-79.9842,-79.9842,-79.9842,-79.9842,-79.9842,-79.9842,-79.9843,-79.9843,-79.9844,-79.9845,-79.9846
0.7,-79.9984,-79.9931,-79.9897,-79.9876,-79.9863,-79.9855,-79.9849,-79.9846,-79.9845,-79.9843,-79.9843,-79.9842,-79.9842,-79.9842,-79.9842,-79.9842,-79.9842,-79.9842,-79.9842,-79.9842,-79.9843,-79.9843,-79.9844,-79.9846
0.705,-79.9984,-79.993,-79.9897,-79.9876,-79.9862,-79.9854,-79.9849,-79.9846,-79.9844,-79.9843,-79.9842,-79.9842,-79.9842,-79.9842,-79.9842,-79.9842,-79.9842,-79.9842,-79.9842,-79.9842,-79.9842,-79.9843,-79.9844,-79.9846
0.71,-79.9984,-79.993,-79.9897,-79.9875,-79.9862,-79.9854,-79.9849,-79.9846,-79.9844,-79.9843,-79.9842,-79.9842,-79.9841,-79.9841,-79.9841,-79.9841,-79.9841,-79.9841,-79.9842,-79.9842,-79.9842,-79.9843,-79.9844,-79.9845
0.715,-79.9984,-79.993,-79.9896,-79.9875,-79.9862,-79.9854,-79.9849,-79.9846,-79.9844,-79.9843,-79.9842,-79.9841,-79.9841,-79.9841,-79.9841,-79.9841,-79.9841,-79.9841,-79.9841,-79.9841,-79.9842,-79.9842,-79.9843,-79.9845
0.72,-79.9984,-79.993,-79.9896,-79.9875,-79.9862,-79.9853,-79.9848,-79.9845,-79.9843,-79.9842,-79.9842,-79.9841,-79.9841,-79.9841,-79.9841,-79.9841,-79.9841,-79.9841,-79.9841,-79.9841,-79.9842,-79.9842,-79.9843,-79.9845
0.725,-79.9984,-79.993,-79.9896,-79.9875,-79.9861,-79.9853,-79.9848,-79.9845,-79.9843,-79.9842,-79.9841,-79.9841,-79.9841,-79.984,-79.984,-79.984,-79.984,-79.984,-79.9841,-79.9841,-79.9841,-79.9842,-79.9843,-79.9844
0.73,-79.9984,-79.993,-79.9896,-79.9875,-79.9861,-79.9853,-79.9848,-79.9845,-79.9843,-79.9842,-79.9841,-79.984,-79.984,-79.984,-79.984,-79.984,-79.984,-79.984,-79.984,-79.984,-79.9841,-79.9842,-79.9843,-79.9844
0.735,-79.9984,-79.993,-79.9896,-79.9874,-79.9861,-79.9853,-79.9848,-79.9844,-79.9842,-79.9841,-79.9841,-79.984,-79.984,-79.984,-79.984,-79.984,-79.984,-79.984,-79.984,-79.984,-79.9841,-79.9841,-79.9842,-79.9844
0.74,-79.9984,-79.993,-79.9896,-79.9874,-79.9861,-79.9852,-79.9847,-79.9844,-79.9842,-79.9841,-79.984,-79.984,-79.984,-79.9839,-79.9839,-79.9839,-79.9839,-79.9839,-79.984,-79.984,-79.984,-79.9841,-79.9842,-79.9844
0.745,-79.9984,-79.993,-79.9896,-79.9874,-79.9861,-79.9852,-79.9847,-79.9844,-79.9842,-79.9841,-79.984,-79.984,-79.9839,-79.9839,-79.9839,-79.9839,-79.9839,-79.9839,-79.9839,-79.984,-79.984,-79.9841,-79.9842,-79.9843
0.75,-79.9984,-79.993,-79.9895,-79.9874,-79.986,-79.9852,-79.9847,-79.9844,-79.9842,-79.984,-79.984,-79.9839,-79.9839,-79.9839,-79.9839,-79.9839,-79.9839,-79.9839,-79.9839,-79.9839,-79.984,-79.984,-79.9841,-79.9843
0.755,-79.9984,-79.993,-79.9895,-79.9874,-79.986,-79.9852,-79.9846,-79.9843,-79.9841,-79.984,-79.9839,-79.9839,-79.9839,-79.9839,-79.9838,-79.9838,-79.9838,-79.9839,-79.9839,-79.9839,-79.9839,-79.984,-79.9841,-79.9843
0.76,-79.9984,-79.993,-79.9895,-79.9874,-79.986,-79.9851,-79.9846,-79.9843,-79.9841,-79.984,-79.9839,-79.9839,-79.9838,-79.9838,-79.9838,-79.9838,-79.9838,-79.9838,-79.9838,-79.9839,-79.9839,-79.984,-79.9841,-79.9842
0.765,-79.9984,-79.993,-79.9895,-79.9873,-79.986,-79.9851,-79.9846,-79.9843,-79.9841,-79.984,-79.9839,-79.9838,-79.9838,-79.9838,-79.9838,-79.9838,-79.9838,-79.9838,-79.9838,-79.9838,-79.9839,-79.9839,-79.984,-79.9842
0.77,-79.9984,-79.993,-79.9895,-79.9873,-79.9859,-79.9851,-79.9846,-79.9842,-79.984,-79.9839,-79.9838,-79.9838,-79.9838,-79.9838,-79.9838,-79.9838,-79.9838,-79.9838,-79.9838,-79.9838,-79.9838,-79.9839,-79.984,-79.9842
0.775,-79.9984,-79.9929,-79.9895,-79.9873,-79.9859,-79.9851,-79.9845,-79.9842,-79.984,-79.9839,-79.9838,-79.9838,-79.9837,-79.9837,-79.9837,-79.9837,-79.9837,-79.9837,-79.9837,-79.9838,-79.9838,-79.9839,-79.984,-79.9841
0.78,-79.9984,-79.9929,-79.9895,-79.9873,-79.9859,-79.9851,-79.9845,-79.9842,-79.984,-79.9839,-79.9838,-79.9837,-79.9837,-79.9837,-79.9837,-79.9837,-79.9837,-79.9837,-79.9837,-79.9837,-79.9838,-79.9838,-79.984,-79.9841
0.785,-79.9984,-79.9929,-79.9895,-79.9873,-79.9859,-79.985,-79.9845,-79.9842,-79.984,-79.9838,-79.9838,-79.9837,-79.9837,-79.9837,-79.9837,-79.9837,-79.9837,-79.9837,-79.9837,-79.9837,-79.9838,-79.9838,-79.9839,-79.9841
0.79,-79.9984,-79.9929,-79.9894,-79.9872,-79.9859,-79.985,-79.9845,-79.9841,-79.9839,-79.9838,-79.9837,-79.9837,-79.9837,-79.9837,-79.9836,-79.9836,-79.9836,-79.9837,-79.9837,-79.9837,-79.9837,-79.9838,-79.9839,-79.9841
0.795,-79.9984,-79.9929,-79.9894,-79.9872,-79.9858,-79.985,-79.9844,-79.9841,-79.9839,-79.9838,-79.9837,-79.9837,-79.9836,-79.9836,-79.9836,-79.9836,-79.9836,-79.9836,-79.9836,-79.9837,-79.9837,-79.9838,-79.9839,-79.984
0.8,-79.9984,-79.9929,-79.9894,-79.9872,-79.9858,-79.985,-79.9844,-79.9841,-79.9839,-79.9838,-79.9837,-79.9836,-79.9836,-79.9836,-79.9836,-79.9836,-79.9836,-79.9836,-79.9836,-79.9836,-79.9837,-79.9837,-79.9838,-79.984
0.805,-79.9984,-79.9929,-79.9894,-79.9872,-79.9858,-79.9849,-79.9844,-79.9841,-79.9838,-79.9837,-79.9837,-79.9836,-79.9836,-79.9836,-79.9836,-79.9836,-79.9836,-79.9836,-79.9836,-79.9836,-79.9836,-79.9837,-79.9838,-79.984
0.81,-79.9984,-79.9929,-79.9894,-79.9872,-79.9858,-79.9849,-79.9844,-79.984,-79.9838,-79.9837,-79.9836,-79.9836,-79.9835,-79.9835,-79.9835,-79.9835,-79.9835,-79.9835,-79.9835,-79.9836,-79.9836,-79.9837,-79.9838,-79.9839
0.815,-79.9984,-79.9929,-79.9894,-79.9872,-79.9858,-79.9849,-79.9843,-79.984,-79.9838,-79.9837,-79.9836,-79.9835,-79.9835,-79.9835,-79.9835,-79.9835,-79.9835,-79.9835,-79.9835,-79.9835,-79.9836,-79.9837,-79.9837,-79.9839
0.82,-79.9984,-79.9929,-79.9894,-79.9871,-79.9857,-79.9849,-79.9843,-79.984,-79.9838,-79.9836,-79.9836,-79.9835,-79.9835,-79.9835,-79.9835,-79.9835,-79.9835,-79.9835,-79.9835,-79.9835,-79.9836,-79.9836,-79.9837,-79.9839
0.825,-79.9984,-79.9929,-79.9893,-79.9871,-79.9857,-79.9848,-79.9843,-79.9839,-79.9837,-79.9836,-79.9835,-79.9835,-79.9835,-79.9834,-79.9834,-79.9834,-79.9834,-79.9834,-79.9835,-79.9835,-79.9835,-79.9836,-79.9837,-79.9839
0.83,-79.9984,-79.9929,-79.9893,-79.9871,-79.9857,-79.9848,-79.9843,-79.9839,-79.9837,-79.9836,-79.9835,-79.9835,-79.9834,-79.9834,-79.9834,-79.9834,-79.9834,-79.9834,-79.9834,-79.9835,-79.9835,-79.9836,-79.9837,-79.9838
0.835,-79.9984,-79.9929,-79.9893,-79.9871,-79.9857,-79.9848,-79.9842,-79.9839,-79.9837,-79.9836,-79.9835,-79.9834,-79.9834,-79.9834,-79.9834,-79.9834,-79.9834,-79.9834,-79.9834,-79.9834,-79.9835,-79.9835,-79.9836,-79.9838
0.84,-79.9984,-79.9929,-79.9893,-79.9871,-79.9857,-79.9848,-79.9842,-79.9839,-79.9837,-79.9835,-79.9835,-79.9834,-79.9834,-79.9834,-79.9834,-79.9833,-79.9834,-79.9834,-79.9834,-79.9834,-79.9834,-79.9835,-79.9836,-79.9838
0.845,-79.9984,-79.9928,-79.9893,-79.9871,-79.9856,-79.9847,-79.9842,-79.9838,-79.9836,-79.9835,-79.9834,-79.9834,-79.9833,-79.9833,-79.9833,-79.9833,-79.9833,-79.9833,-79.9833,-79.9834,-79.9834,-79.9835,-79.9836,-79.9837
0.85,-79.9984,-79.9928,-79.9893,-79.987,-79.9856,-79.9847,-79.9842,-79.9838,-79.9836,-79.9835,-79.9834,-79.9833,-79.9833,-79.9833,-79.9833,-79.9833,-79.9833,-79.9833,-79.9833,-79.9833,-79.9834,-79.9835,-79.9836,-79.9837
0.855,-79.9984,-79.9928,-79.9893,-79.987,-79.9856,-79.9847,-79.9841,-79.9838,-79.9836,-79.9835,-79.9834,-79.9833,-79.9833,-79.9833,-79.9833,-79.9833,-79.9833,-79.9833,-79.9833,-79.9833,-79.9834,-79.9834,-79.9835,-79.9837
0.86,-79.9984,-79.9928,-79.9893,-79.987,-79.9856,-79.9847,-79.9841,-79.9838,-79.9836,-79.9834,-79.9833,-79.9833,-79.9833,-79.9832,-79.9832,-79.9832,-79.9832,-79.9832,-79.9833,-79.9833,-79.9833,-79.9834,-79.9835,-79.9837
0.865,-79.9984,-79.9928,-79.9893,-79.987,-79.9856,-79.9847,-79.9841,-79.9837,-79.9835,-79.9834,-79.9833,-79.9833,-79.9832,-79.9832,-79.9832,-79.9832,-79.9832,-79.9832,-79.9832,-79.9833,-79.9833,-79.9834,-79.9835,-79.9836
0.87,-79.9984,-79.9928,-79.9892,-79.987,-79.9855,-79.9846,-79.9841,-79.9837,-79.9835,-79.9834,-79.9833,-79.9832,-79.9832,-79.9832,-79.9832,-79.9832,-79.9832,-79.9832,-79.9832,-79.9832,-79.9833,-79.9833,-79.9834,-79.9836
0.875,-79.9984,-79.9928,-79.9892,-79.987,-79.9855,-79.9846,-79.984,-79.9837,-79.9835,-79.9833,-79.9833,-79.9832,-79.9832,-79.9832,-79.9832,-79.9832,-79.9832,-79.9832,-79.9832,-79.9832,-79.9832,-79.9833,-79.9834,-79.9836
0.88,-79.9984,-79.9928,-79.9892,-79.9869,-79.9855,-79.9846,-79.984,-79.9837,-79.9835,-79.9833,-79.9832,-79.9832,-79.9832,-79.9831,-79.9831,-79.9831,-79.9831,-79.9831,-79.9832,-79.9832,-79.9832,-79.9833,-79.9834,-79.9836
0.885,-79.9984,-79.9928,-79.9892,-79.9869,-79.9855,-79.9846,-79.984,-79.9836,-79.9834,-79.9833,-79.9832,-79.9832,-79.9831,-79.9831,-79.9831,-79.9831,-79.9831,-79.9831,-79.9831,-79.9831,-79.9832,-79.9833,-79.9834,-79.9835
0.89,-79.9984,-79.9928,-79.9892,-79.9869,-79.9855,-79.9846,-79.984,-79.9836,-79.9834,-79.9833,-79.9832,-79.9831,-79.9831,-79.9831,-79.9831,-79.9831,-79.9831,-79.9831,-79.9831,-79.9831,-79.9832,-79.9832,-79.9833,-79.9835
0.895,-79.9984,-79.9928,-79.9892,-79.9869,-79.9854,-79.9845,-79.984,-79.9836,-79.9834,-79.9832,-79.9832,-79.9831,-79.9831,-79.9831,-79.983,-79.983,-79.983,-79.9831,-79.9831,-79.9831,-79.9831,-79.9832,-79.9833,-79.9835
0.9,-79.9984,-79.9928,-79.9892,-79.9869,-79.9854,-79.9845,-79.9839,-79.9836,-79.9834,-79.9832,-79.9831,-79.9831,-79.983,-79.983,-79.983,-79.983,-79.983,-79.983,-79.983,-79.9831,-79.9831,-79.9832,-79.9833,-79.9835
0.905,-79.9984,-79.9928,-79.9892,-79.9869,-79.9854,-79.9845,-79.9839,-79.9835,-79.9833,-79.9832,-79.9831,-79.983,-79.983,-79.983,-79.983,-79.983,-79.983,-79.983,-79.983,-79.983,-79.9831,-79.9832,-79.9833,-79.9834
0.91,-79.9984,-79.9928,-79.9891,-79.9868,-79.9854,-79.9845,-79.9839,-79.9835,-79.9833,-79.9832,-79.9831,-79.983,-79.983,-79.983,-79.983,-79.983,-79.983,-79.983,-79.983,-79.983,-79.9831,-79.9831,-79.9832,-79.9834
0.915,-79.9984,-79.9928,-79.9891,-79.9868,-79.9854,-79.9844,-79.9839,-79.9835,-79.9833,-79.9831,-79.983,-79.983,-79.983,-79.9829,-79.9829,-79.9829,-79.9829,-79.9829,-79.983,-79.983,-79.983,-79.9831,-79.9832,-79.9834
0.92,-79.9984,-79.9928,-79.9891,-79.9868,-79.9853,-79.9844,-79.9838,-79.9835,-79.9832,-79.9831,-79.983,-79.983,-79.9829,-79.9829,-79.9829,-79.9829,-79.9829,-79.9829,-79.9829,-79.983,-79.983,-79.9831,-79.9832,-79.9834
0.925,-79.9984,-79.9927,-79.9891,-79.9868,-79.9853,-79.9844,-79.9838,-79.9835,-79.9832,-79.9831,-79.983,-79.9829,-79.9829,-79.9829,-79.9829,-79.9829,-79.9829,-79.9829,-79.9829,-79.9829,-79.983,-79.983,-79.9832,-79.9833
0.93,-79.9984,-79.9927,-79.9891,-79.9868,-79.9853,-79.9844,-79.9838,-79.9834,-79.9832,-79.9831,-79.983,-79.9829,-79.9829,-79.9829,-79.9829,-79.9829,-79.9829,-79.9829,-79.9829,-79.9829,-79.983,-79.983,-79.9831,-79.9833
0.935,-79.9984,-79.9927,-79.9891,-79.9868,-79.9853,-79.9844,-79.9838,-79.9834,-79.9832,-79.983,-79.9829,-79.9829,-79.9829,-79.9828,-79.9828,-79.9828,-79.9828,-79.9828,-79.9829,-79.9829,-79.9829,-79.983,-79.9831,-79.9833
0.94,-79.9984,-79.9927,-79.9891,-79.9867,-79.9853,-79.9843,-79.9837,-79.9834,-79.9831,-79.983,-79.9829,-79.9829,-79.9828,-79.9828,-79.9828,-79.9828,-79.9828,-79.9828,-79.9828,-79.9829,-79.9829,-79.983,-79.9831,-79.9833
0.945,-79.9984,-79.9927,-79.9891,-79.9867,-79.9853,-79.9843,-79.9837,-79.9834,-79.9831,-79.983,-79.9829,-79.9828,-79.9828,-79.9828,-79.9828,-79.9828,-79.9828,-79.9828,-79.9828,-79.9828,-79.9829,-79.9829,-79.9831,-79.9832
0.95,-79.9984,-79.9927,-79.9891,-79.9867,-79.9852,-79.9843,-79.9837,-79.9833,-79.9831,-79.983,-79.9829,-79.9828,-79.9828,-79.9828,-79.9827,-79.9827,-79.9827,-79.9828,-79.9828,-79.9828,-79.9828,-79.9829,-79.983,-79.9832
0.955,-79.9984,-79.9927,-79.989,-79.9867,-79.9852,-79.9843,-79.9837,-79.9833,-79.9831,-79.9829,-79.9828,-79.9828,-79.9828,-79.9827,-79.9827,-79.9827,-79.9827,-79.9827,-79.9827,-79.9828,-79.9828,-79.9829,-79.983,-79.9832
0.96,-79.9984,-79.9927,-79.989,-79.9867,-79.9852,-79.9843,-79.9837,-79.9833,-79.983,-79.9829,-79.9828,-79.9828,-79.9827,-79.9827,-79.9827,-79.9827,-79.9827,-79.9827,-79.9827,-79.9827,-79.9828,-79.9829,-79.983,-79.9832
0.965,-79.9984,-79.9927,-79.989,-79.9867,-79.9852,-79.9842,-79.9836,-79.9833,-79.983,-79.9829,-79.9828,-79.9827,-79.9827,-79.9827,-79.9827,-79.9827,-79.9827,-79.9827,-79.9827,-79.9827,-79.9828,-79.9828,-79.983,-79.9831
0.97,-79.9984,-79.9927,-79.989,-79.9867,-79.9852,-79.9842,-79.9836,-79.9832,-79.983,-79.9829,-79.9828,-79.9827,-79.9827,-79.9827,-79.9827,-79.9827,-79.9827,-79.9827,-79.9827,-79.9827,-79.9827,-79.9828,-79.9829,-79.9831
0.975,-79.9984,-79.9927,-79.989,-79.9866,-79.9851,-79.9842,-79.9836,-79.9832,-79.983,-79.9828,-79.9827,-79.9827,-79.9827,-79.9826,-79.9826,-79.9826,-79.9826,-79.9826,-79.9827,-79.9827,-79.9827,-79.9828,-79.9829,-79.9831
0.98,-79.9984,-79.9927,-79.989,-79.9866,-79.9851,-79.9842,-79.9836,-79.9832,-79.983,-79.9828,-79.9827,-79.9827,-79.9826,-79.9826,-79.9826,-79.9826,-79.9826,-79.9826,-79.9826,-79.9827,-79.9827,-79.9828,-79.9829,-79.9831
0.985,-79.9984,-79.9927,-79.989,-79.9866,-79.9851,-79.9841,-79.9835,-79.9832,-79.9829,-79.9828,-79.9827,-79.9826,-79.9826,-79.9826,-79.9826,-79.9826,-79.9826,-79.9826,-79.9826,-79.9826,-79.9827,-79.9827,-79.9828,-79.983
0.99,-79.9984,-79.9927,-79.989,-79.9866,-79.9851,-79.9841,-79.9835,-79.9831,-79.9829,-79.9828,-79.9827,-79.9826,-79.9826,-79.9826,-79.9826,-79.9825,-79.9825,-79.9826,-79.9826,-79.9826,-79.9826,-79.9827,-79.9828,-79.983
0.995,-79.9984,-79.9927,-79.989,-79.9866,-79.9851,-79.9841,-79.9835,-79.9831,-79.9829,-79.9827,-79.9826,-79.9826,-79.9826,-79.9825,-79.9825,-79.9825,-79.9825,-79.9825,-79.9825,-79.9826,-79.9826,-79.9827,-79.9828,-79.983
1,-79.9984,-79.9927,-79.9889,-79.9866,-79.9851,-79.9841,-79.9835,-79.9831,-79.9829,-79.9827,-79.9826,-79.9826,-79.9825,-79.9825,-79.9825,-79.9825,-79.9825,-79.9825,-79.9825,-79.9826,-79.9826,-79.9827,-79.9828,-79.983
1.005,-13.333,-64.4844,-76.3813,-79.1473,-79.7898,-79.9387,-79.9729,-79.9806,-79.9823,-79.9826,-79.9826,-79.9825,-79.9825,-79.9825,-79.9825,-79.9825,-79.9825,-79.9825,-79.9825,-79.9825,-79.9826,-79.9826,-79.9828,-79.9829
1.01,-2.22219,-54.0351,-72.1243,-77.7323,-79.3618,-79.8161,-79.939,-79.9715,-79.9798,-79.9819,-79.9824,-79.9825,-79.9825,-79.9825,-79.9824,-79.9824,-79.9824,-79.9825,-79.9825,-79.9825,-79.9825,-79.9826,-79.9827,-79.9829
1.015,-0.370351,-48.3591,-68.6845,-76.2249,-78.7967,-79.6231,-79.8771,-79.9525,-79.9742,-79.9803,-79.9819,-79.9823,-79.9824,-79.9824,-79.9824,-79.9824,-79.9824,-79.9824,-79.9824,-79.9825,-79.9825,-79.9826,-79.9827,-79.9829
1.02,-0.0616843,-44.8366,-66.0912,-74.8577,-78.1936,-79.3856,-79.7907,-79.9228,-79.9644,-79.9771,-79.9809,-79.982,-79.9823,-79.9824,-79.9824,-79.9824,-79.9824,-79.9824,-79.9824,-79.9825,-79.9825,-79.9826,-79.9827,-79.9829
1.025,16.7023,-37.9986,-63.0734,-73.441,-77.5543,-79.1159,-79.6841,-79.883,-79.9502,-79.9723,-79.9793,-79.9815,-79.9821,-79.9823,-79.9823,-79.9824,-79.9824,-79.9824,-79.9824,-79.9824,-79.9825,-79.9825,-79.9827,-79.9828
1.03,22.3012,-30.8722,-59.7064,-71.8963,-76.8595,-78.8147,-79.5593,-79.8336,-79.9315,-79.9654,-79.9769,-79.9806,-79.9818,-79.9822,-79.9823,-79.9823,-79.9823,-79.9824,-79.9824,-79.9824,-79.9824,-79.9825,-79.9826,-79.9828
1.035,24.5859,-22.391,-55.7897,-70.1442,-76.0816,-78.4755,-79.4156,-79.7747,-79.9082,-79.9565,-79.9736,-79.9794,-79.9814,-79.982,-79.9822,-79.9823,-79.9823,-79.9823,-79.9823,-79.9824,-79.9824,-79.9825,-79.9826,-79.9828
1.04,26.4686,-10.9909,-50.7999,-68.0224,-75.1697,-78.0833,-79.2488,-79.7052,-79.88,-79.9454,-79.9692,-79.9778,-79.9808,-79.9818,-79.9821,-79.9822,-79.9823,-79.9823,-79.9823,-79.9824,-79.9824,-79.9825,-79.9826,-79.9828
1.045,28.732,2.30686,-44.5827,-65.4089,-74.0695,-77.6178,-79.0521,-79.6229,-79.8461,-79.9317,-79.9638,-79.9757,-79.98,-79.9815,-79.982,-79.9822,-79.9822,-79.9823,-79.9823,-79.9823,-79.9824,-79.9824,-79.9826,-79.9827
1.05,30.8144,12.8333,-37.815,-62.3913,-72.7734,-77.0669,-78.8193,-79.5253,-79.8055,-79.9151,-79.9572,-79.973,-79.9789,-79.9811,-79.9818,-79.9821,-79.9822,-79.9822,-79.9823,-79.9823,-79.9824,-79.9824,-79.9825,-79.9827
1.055,32.0562,18.3319,-30.7057,-59.0441,-71.2933,-76.427,-78.5462,-79.4098,-79.7573,-79.8951,-79.949,-79.9698,-79.9776,-79.9805,-79.9816,-79.982,-79.9821,-79.9822,-79.9822,-79.9823,-79.9823,-79.9824,-79.9825,-79.9827
1.06,32.5415,20.9145,-22.0871,-55.1001,-69.5697,-75.6817,-78.2266,-79.274,-79.7001,-79.8713,-79.9392,-79.9657,-79.976,-79.9799,-79.9813,-79.9819,-79.9821,-79.9822,-79.9822,-79.9823,-79.9823,-79.9824,-79.9825,-79.9827
1.065,32.6662,22.7392,-10.709,-50.0732,-67.4554,-74.7875,-77.8472,-79.1131,-79.6322,-79.8428,-79.9274,-79.9609,-79.974,-79.9791,-79.981,-79.9817,-79.982,-79.9821,-79.9822,-79.9822,-79.9823,-79.9824,-79.9825,-79.9826
1.07,32.7056,24.6005,2.21144,-43.8595,-64.8464,-73.6974,-77.3897,-78.9206,-79.5512,-79.8089,-79.9132,-79.955,-79.9716,-79.9781,-79.9806,-79.9816,-79.9819,-79.9821,-79.9821,-79.9822,-79.9823,-79.9823,-79.9824,-79.9826
1.075,32.6799,26.1704,12.2491,-37.0752,-61.8237,-72.4053,-76.8434,-78.6904,-79.4544,-79.7682,-79.8962,-79.948,-79.9687,-79.9769,-79.9801,-79.9814,-79.9818,-79.982,-79.9821,-79.9822,-79.9822,-79.9823,-79.9824,-79.9826
1.08,32.4943,27.0258,17.4956,-29.8,-58.4266,-70.9154,-76.2033,-78.4182,-79.3392,-79.7198,-79.8759,-79.9395,-79.9651,-79.9754,-79.9795,-79.9811,-79.9817,-79.982,-79.9821,-79.9821,-79.9822,-79.9823,-79.9824,-79.9826
1.085,32.1215,27.2736,20.0136,-20.852,-54.3632,-69.1583,-75.4498,-78.0968,-79.2029,-79.6621,-79.8516,-79.9293,-79.9609,-79.9736,-79.9788,-79.9808,-79.9816,-79.9819,-79.982,-79.9821,-79.9822,-79.9823,-79.9824,-79.9826
1.09,31.6107,27.225,21.8312,-9.18619,-49.1746,-66.9878,-74.5381,-77.7122,-79.0403,-79.5935,-79.8227,-79.9172,-79.9558,-79.9715,-79.9779,-79.9804,-79.9814,-79.9818,-79.982,-79.9821,-79.9821,-79.9822,-79.9823,-79.9825
1.095,31.0207,27.0784,23.6291,3.5181,-42.8541,-64.3224,-73.4256,-77.2466,-78.8449,-79.5113,-79.7882,-79.9026,-79.9497,-79.969,-79.9768,-79.9799,-79.9812,-79.9817,-79.9819,-79.982,-79.9821,-79.9822,-79.9823,-79.9825
1.1,30.373,26.8386,25.0407,12.8638,-36.0161,-61.2525,-72.1106,-76.6907,-78.6107,-79.4128,-79.7467,-79.8852,-79.9424,-79.9659,-79.9755,-79.9794,-79.981,-79.9816,-79.9819,-79.982,-79.9821,-79.9822,-79.9823,-79.9825
1.105,29.6584,26.4436,25.7241,17.6089,-28.5519,-57.7757,-70.5894,-76.038,-78.3334,-79.2956,-79.6973,-79.8644,-79.9337,-79.9622,-79.974,-79.9787,-79.9807,-79.9815,-79.9818,-79.982,-79.9821,-79.9822,-79.9823,-79.9825
1.11,28.8692,25.8892,25.8404,19.9592,-19.2012,-53.5575,-68.7785,-75.2652,-78.0048,-79.1563,-79.6385,-79.8396,-79.9232,-79.9578,-79.9721,-79.978,-79.9803,-79.9813,-79.9817,-79.9819,-79.982,-79.9821,-79.9823,-79.9824
1.115,28.0114,25.2201,25.6959,21.7649,-7.18089,-48.1678,-66.5311,-74.3252,-77.6096,-78.9897,-79.5682,-79.81,-79.9108,-79.9526,-79.9699,-79.977,-79.9799,-79.9811,-79.9816,-79.9819,-79.982,-79.9821,-79.9822,-79.9824
1.12,27.0975,24.4799,25.4592,23.5203,5.23643,-41.7236,-63.7935,-73.1808,-77.131,-78.789,-79.4838,-79.7745,-79.8958,-79.9463,-79.9672,-79.9759,-79.9795,-79.9809,-79.9815,-79.9818,-79.982,-79.9821,-79.9822,-79.9824
1.125,26.1354,23.681,25.1146,24.7986,13.7729,-34.8213,-60.6643,-71.8347,-76.5609,-78.5488,-79.3828,-79.732,-79.8779,-79.9388,-79.9641,-79.9746,-79.9789,-79.9807,-79.9814,-79.9818,-79.9819,-79.982,-79.9822,-79.9824
1.13,25.1266,22.8176,24.607,25.3451,17.9687,-27.1303,-57.0913,-70.2737,-75.8913,-78.2642,-79.2624,-79.6812,-79.8565,-79.9298,-79.9603,-79.9729,-79.9782,-79.9804,-79.9813,-79.9817,-79.9819,-79.982,-79.9821,-79.9823
1.135,24.0708,21.888,23.9444,25.3725,20.1477,-17.3272,-52.6954,-68.3988,-75.0943,-77.9261,-79.1193,-79.6207,-79.831,-79.919,-79.9557,-79.971,-79.9774,-79.98,-79.9811,-79.9816,-79.9818,-79.982,-79.9821,-79.9823
1.14,22.9697,20.8999,23.1752,25.1769,21.9465,-4.97888,-47.093,-66.066,-74.1215,-77.5181,-78.9476,-79.5484,-79.8005,-79.9062,-79.9503,-79.9687,-79.9764,-79.9796,-79.9809,-79.9815,-79.9818,-79.9819,-79.9821,-79.9823
1.145,21.8271,19.8637,22.3388,24.8936,23.652,7.01566,-40.5354,-63.2536,-72.942,-77.0246,-78.7407,-79.4615,-79.764,-79.8908,-79.9438,-79.966,-79.9752,-79.9791,-79.9807,-79.9814,-79.9817,-79.9819,-79.9821,-79.9823
1.15,20.6466,18.7856,21.443,24.4884,24.7973,14.6949,-33.5567,-60.06,-71.5618,-76.4384,-78.4935,-79.3574,-79.7202,-79.8723,-79.9361,-79.9627,-79.9739,-79.9785,-79.9804,-79.9813,-79.9817,-79.9819,-79.982,-79.9822
1.155,19.4305,17.6672,20.4821,23.9151,25.2225,18.3759,-25.593,-56.3757,-69.9556,-75.7497,-78.2006,-79.2335,-79.6679,-79.8503,-79.9268,-79.9588,-79.9722,-79.9778,-79.9801,-79.9811,-79.9816,-79.9818,-79.982,-79.9822
1.16,18.1805,16.5099,19.4567,23.1924,25.1825,20.4142,-15.3061,-51.7842,-68.0095,-74.9257,-77.8518,-79.086,-79.6056,-79.824,-79.9157,-79.9541,-79.9702,-79.9769,-79.9798,-79.981,-79.9815,-79.9818,-79.982,-79.9822
1.165,16.8987,15.3166,18.3762,22.3704,24.9561,22.2109,-2.7083,-45.9712,-65.5878,-73.9176,-77.4299,-78.9087,-79.5309,-79.7925,-79.9024,-79.9485,-79.9678,-79.9759,-79.9793,-79.9808,-79.9814,-79.9817,-79.9819,-79.9822
1.17,15.5876,14.091,17.251,21.4837,24.643,23.8509,8.71917,-39.3177,-62.7023,-72.7021,-76.9204,-78.6951,-79.4413,-79.7548,-79.8865,-79.9418,-79.965,-79.9747,-79.9788,-79.9805,-79.9813,-79.9817,-79.9819,-79.9821
1.175,14.2498,12.8369,16.0866,20.5362,24.1953,24.8604,15.5443,-32.243,-59.4395,-71.286,-76.3174,-78.4404,-79.3339,-79.7096,-79.8675,-79.9338,-79.9616,-79.9733,-79.9782,-79.9803,-79.9812,-79.9816,-79.9819,-79.9821
1.18,12.8879,11.5565,14.8848,19.5223,23.5773,25.1761,18.7749,-23.9578,-55.6286,-69.6299,-75.6079,-78.1387,-79.2063,-79.6558,-79.8448,-79.9242,-79.9576,-79.9716,-79.9775,-79.9799,-79.981,-79.9815,-79.9818,-79.9821
1.185,11.5043,10.2523,13.6475,18.4449,22.817,25.0824,20.7101,-13.1739,-50.8275,-67.6068,-74.7547,-77.7782,-79.054,-79.5915,-79.8177,-79.9128,-79.9528,-79.9695,-79.9766,-79.9796,-79.9808,-79.9814,-79.9818,-79.982
1.19,10.1014,8.92677,12.3784,17.3144,21.9651,24.8346,22.5043,-0.441228,-44.815,-65.0956,-73.7099,-77.3415,-78.8707,-79.5144,-79.7852,-79.8991,-79.947,-79.9671,-79.9755,-79.9791,-79.9806,-79.9813,-79.9817,-79.982
1.195,8.68182,7.58255,11.0818,16.141,21.0504,24.4971,24.0611,10.2906,-38.082,-62.1397,-72.4582,-76.8158,-78.6501,-79.4217,-79.7462,-79.8827,-79.9401,-79.9642,-79.9743,-79.9786,-79.9804,-79.9812,-79.9816,-79.9819
1.2,7.24816,6.22246,9.76135,14.9294,20.0732,24.0135,24.9341,16.3001,-30.8832,-58.8017,-71.0047,-76.1953,-78.3876,-79.311,-79.6996,-79.8631,-79.9318,-79.9607,-79.9728,-79.9779,-79.9801,-79.9811,-79.9816,-79.9819
1.205,5.80308,4.8491,8.41973,13.6814,19.029,23.36,25.1512,19.1528,-22.2279,-54.8481,-69.294,-75.4635,-78.0765,-79.1793,-79.644,-79.8396,-79.9219,-79.9565,-79.971,-79.9772,-79.9798,-79.9809,-79.9815,-79.9818
1.21,4.34916,3.46493,7.05955,12.3996,17.9224,22.573,25.0141,21.0194,-10.9544,-49.8271,-67.1889,-74.5791,-77.7037,-79.022,-79.5776,-79.8116,-79.9101,-79.9515,-79.9689,-79.9763,-79.9794,-79.9808,-79.9814,-79.9818
1.215,2.88897,2.07243,5.68361,11.0881,16.7647,21.7014,24.7492,22.8052,1.77234,-43.6328,-64.5894,-73.4969,-77.2517,-78.8325,-79.498,-79.7781,-79.8959,-79.9455,-79.9664,-79.9752,-79.9789,-79.9805,-79.9813,-79.9817
1.22,1.42509,0.674108,4.29491,9.75124,15.5653,20.7683,24.3878,24.2617,11.7082,-36.8315,-61.5659,-72.2093,-76.7094,-78.6047,-79.4023,-79.7378,-79.879,-79.9384,-79.9634,-79.9739,-79.9784,-79.9803,-79.9812,-79.9816
1.225,-0.039949,-0.727538,2.89637,8.39283,14.3281,19.7712,23.8707,25.0001,16.9642,-29.473,-58.1446,-70.7163,-76.0708,-78.3341,-79.2881,-79.6897,-79.8587,-79.9299,-79.9598,-79.9724,-79.9777,-79.98,-79.981,-79.9816
1.23,-1.50364,-2.13009,1.49069,7.01573,13.0552,18.707,23.1867,25.1296,19.5102,-20.4024,-54.0316,-68.9461,-75.3152,-78.0131,-79.1522,-79.6323,-79.8345,-79.9196,-79.9555,-79.9706,-79.9769,-79.9797,-79.9809,-79.9815
1.235,-2.96358,-3.53122,0.0804244,5.6227,11.7495,17.5821,22.3782,24.9575,21.3364,-8.6699,-48.785,-66.7549,-74.3978,-77.6273,-78.9896,-79.5638,-79.8056,-79.9074,-79.9503,-79.9684,-79.976,-79.9793,-79.9807,-79.9813
1.24,-4.4174,-4.92866,-1.3319,4.21676,10.4153,16.4079,21.4918,24.6771,23.1022,3.89339,-42.4311,-64.0698,-73.2779,-77.1595,-78.7936,-79.4814,-79.771,-79.8928,-79.9442,-79.9658,-79.9749,-79.9788,-79.9805,-79.9812
1.245,-5.86287,-6.32023,-2.74376,2.80107,9.05712,15.1929,20.5442,24.2907,24.4438,12.9678,-35.5652,-60.9803,-71.9545,-76.6005,-78.5584,-79.3826,-79.7294,-79.8754,-79.9368,-79.9627,-79.9736,-79.9782,-79.9802,-79.9811
1.25,-7.29784,-7.70381,-4.15273,1.37863,7.67868,13.9407,19.5316,23.7411,25.0525,17.5467,-28.0052,-57.4655,-70.4197,-75.9431,-78.2794,-79.2647,-79.6797,-79.8544,-79.928,-79.9589,-79.972,-79.9775,-79.9799,-79.9809
1.255,-8.72025,-9.0774,-5.55649,-0.0478159,6.28285,12.6532,18.4521,23.0295,25.1053,19.8518,-18.4804,-53.1768,-68.5847,-75.1621,-77.9481,-79.1245,-79.6205,-79.8294,-79.9174,-79.9545,-79.9701,-79.9767,-79.9795,-79.9807
1.26,-10.1282,-10.4391,-6.95286,-1.47564,4.87253,11.3336,17.3137,22.2029,24.905,21.658,-6.34467,-47.7039,-66.3045,-74.2103,-77.5487,-78.9564,-79.5496,-79.7996,-79.9048,-79.9492,-79.9678,-79.9757,-79.9791,-79.9804
1.265,-11.5199,-11.7872,-8.33975,-2.90228,3.4509,9.98659,16.128,21.3037,24.6092,23.3882,5.89099,-41.2147,-63.5377,-73.0527,-77.0648,-78.7537,-79.4645,-79.7638,-79.8897,-79.9428,-79.9651,-79.9746,-79.9785,-79.9801
1.27,-12.8937,-13.1199,-9.71521,-4.32522,2.02115,8.61665,14.9023,20.3434,24.196,24.6039,14.0747,-34.279,-60.382,-71.6934,-76.4888,-78.511,-79.3624,-79.7208,-79.8717,-79.9352,-79.9619,-79.9732,-79.9779,-79.9798
1.275,-14.2481,-14.4359,-11.0774,-5.74206,0.586303,7.22725,13.6398,19.317,23.6146,25.0898,18.0601,-26.4711,-56.7615,-70.1138,-75.8117,-78.2234,-79.2409,-79.6695,-79.8501,-79.9261,-79.9581,-79.9715,-79.9772,-79.9794
1.28,-15.5817,-15.7336,-12.4246,-7.15055,-0.850864,5.82133,12.3424,18.2245,22.8778,25.0765,20.1828,-16.4627,-52.2816,-68.2088,-75.0038,-77.8811,-79.0961,-79.6084,-79.8242,-79.9152,-79.9535,-79.9696,-79.9763,-79.9789
1.285,-16.8933,-17.0119,-13.7552,-8.54858,-2.28772,4.40187,11.0137,17.0751,22.0351,24.8533,21.9816,-4.0067,-46.5876,-65.8379,-74.0161,-77.4674,-78.9222,-79.5352,-79.7934,-79.9021,-79.9479,-79.9672,-79.9752,-79.9783
1.29,-18.1819,-18.2696,-15.0678,-9.9342,-3.72168,2.97211,9.65864,15.8801,21.1242,24.541,23.6579,7.74205,-39.9871,-62.9935,-72.8213,-76.9673,-78.7126,-79.4472,-79.7564,-79.8866,-79.9414,-79.9644,-79.974,-79.9776
1.295,-19.4465,-19.5057,-16.3612,-11.3056,-5.15024,1.53527,8.28139,14.6459,20.1518,24.0995,24.7405,15.0402,-32.9669,-59.7696,-71.4256,-76.374,-78.4622,-79.3418,-79.712,-79.8679,-79.9335,-79.961,-79.9725,-79.9768
1.3,-20.6864,-20.7194,-17.6342,-12.661,-6.57104,0.0943413,6.88536,13.3752,19.1124,23.487,25.1125,18.517,-24.8625,-56.0297,-69.7976,-75.6763,-78.1657,-79.2163,-79.6591,-79.8456,-79.924,-79.957,-79.9707,-79.9759
1.305,-21.9007,-21.91,-18.8858,-13.9989,-7.98187,-1.34791,5.47347,12.0701,18.008,22.7269,25.043,20.5079,-14.3537,-51.3447,-67.8174,-74.8396,-77.8119,-79.0668,-79.5959,-79.8189,-79.9128,-79.9522,-79.9686,-79.9747
1.31,-23.0892,-23.0769,-20.115,-15.318,-9.3807,-2.78884,4.04879,10.7347,16.8489,21.8698,24.801,22.3043,-1.68707,-45.4404,-65.3554,-73.8152,-77.3835,-78.8869,-79.5203,-79.787,-79.8993,-79.9465,-79.966,-79.9733
1.315,-24.2513,-24.2195,-21.3213,-16.6169,-10.7656,-4.22588,2.61457,9.37365,15.6457,20.9477,24.4704,23.9076,9.4316,-38.7498,-62.4379,-72.5835,-76.8668,-78.6703,-79.4293,-79.7488,-79.8832,-79.9396,-79.9629,-79.9717
1.32,-25.3867,-25.3375,-22.5039,-17.8947,-12.1349,-5.65655,1.17403,7.99118,14.4041,19.9632,23.999,24.8537,15.8784,-31.6214,-59.1414,-71.1506,-76.2561,-78.4121,-79.3205,-79.7029,-79.8639,-79.9314,-79.9593,-79.9697
1.325,-26.4952,-26.4307,-23.6624,-19.1503,-13.4869,-7.07851,-0.26986,6.59052,13.1261,18.9113,23.3565,25.1218,18.9297,-23.1714,-55.2668,-69.4701,-75.5366,-78.1062,-79.191,-79.6483,-79.8408,-79.9216,-79.9549,-79.9673
1.33,-27.5767,-27.4987,-24.7963,-20.383,-14.8202,-8.4896,-1.71437,5.17459,11.8145,17.7958,22.5751,25.0054,20.831,-12.162,-50.3655,-67.4099,-74.6693,-77.7403,-79.0365,-79.583,-79.8132,-79.9098,-79.9497,-79.9645
1.335,-28.6313,-28.5416,-25.9055,-21.592,-16.1335,-9.88783,-3.15688,3.74652,10.4733,16.6277,21.7047,24.7472,22.6225,0.581446,-44.2675,-64.8579,-73.6075,-77.2966,-78.8504,-79.5048,-79.7802,-79.8958,-79.9435,-79.9612
1.34,-29.6589,-29.5593,-26.9897,-22.7769,-17.4257,-11.2713,-4.59481,2.30959,9.10738,15.417,20.7716,24.396,24.1345,10.9528,-37.5024,-61.8708,-72.3393,-76.7634,-78.6266,-79.4108,-79.7406,-79.879,-79.936,-79.9572
1.345,-30.6597,-30.5519,-28.0487,-23.9372,-18.6958,-12.6384,-6.02571,0.866983,7.72068,14.1683,19.775,23.8938,24.9444,16.6054,-30.2341,-58.4953,-70.8678,-76.1346,-78.3604,-79.2984,-79.6932,-79.8588,-79.9271,-79.9523
1.35,-31.6339,-31.5194,-29.0827,-25.0726,-19.9429,-13.9876,-7.44727,-0.578388,6.31634,12.8837,18.7108,23.2225,25.1192,19.3088,-21.3915,-54.4697,-69.1302,-75.3921,-78.0448,-79.1648,-79.6367,-79.8348,-79.9165,-79.9466
1.355,-32.5817,-32.462,-30.0916,-26.1828,-21.1664,-15.3174,-8.85738,-2.02381,4.8973,11.566,17.5847,22.4215,24.9643,21.1543,-9.90136,-49.3445,-66.9857,-74.4926,-77.6661,-79.005,-79.5692,-79.806,-79.9037,-79.9397
1.36,-33.5034,-33.38,-31.0755,-27.2678,-22.3657,-16.6266,-10.2541,-3.46666,3.46674,10.2196,16.4082,21.5388,24.6911,22.9325,2.76642,-43.0737,-64.3462,-73.393,-77.2068,-78.8125,-79.4881,-79.7716,-79.8884,-79.9315
1.365,-34.3993,-34.2735,-32.0346,-28.3275,-23.5403,-17.9142,-11.6355,-4.90439,2.02794,8.84935,15.1903,20.5947,24.3171,24.337,12.306,-36.2428,-61.292,-72.0887,-76.6567,-78.5812,-79.3908,-79.7303,-79.8702,-79.9217
1.37,-35.2698,-35.1429,-32.9691,-29.3618,-24.69,-19.1792,-13.0001,-6.33456,0.584045,7.45891,13.9348,19.5858,23.7834,25.0142,17.2371,-28.7958,-57.8285,-70.5767,-76.0095,-78.3067,-79.2747,-79.6809,-79.8483,-79.9099
1.375,-36.1153,-35.9885,-33.8793,-30.371,-25.8143,-20.4209,-14.3463,-7.75491,-0.862075,6.05137,12.6438,18.5097,23.0848,25.1064,19.6638,-19.5182,-53.6357,-68.777,-75.2423,-77.9809,-79.1366,-79.6221,-79.8222,-79.8959
1.38,-36.9362,-36.8107,-34.7654,-31.355,-26.9133,-21.6387,-15.6727,-9.16336,-2.30773,4.62969,11.3204,17.3736,22.266,24.9201,21.479,-7.59059,-48.2836,-66.5446,-74.309,-77.5887,-78.9711,-79.5517,-79.791,-79.8791
1.385,-37.7329,-37.6098,-35.6277,-32.3143,-27.9868,-22.8319,-16.9783,-10.558,-3.75031,3.1971,9.96922,16.189,21.3717,24.6322,23.2303,4.83823,-41.8639,-63.821,-73.1715,-77.1133,-78.7716,-79.4671,-79.7535,-79.8589
1.39,-38.5061,-38.3862,-36.4666,-33.2488,-29.0349,-24.0002,-18.2619,-11.937,-5.18728,1.75687,8.59487,14.964,20.4163,24.233,24.5142,13.4978,-34.9668,-60.7008,-71.8313,-76.5462,-78.5325,-79.3657,-79.7087,-79.8348
1.395,-39.256,-39.1404,-37.2826,-34.1591,-30.0576,-25.1434,-19.5226,-13.2987,-6.61623,0.312094,7.20097,13.7018,19.3951,23.6679,25.0646,17.7894,-27.297,-57.1383,-70.2759,-75.8795,-78.249,-79.2447,-79.6551,-79.806
1.4,-39.9834,-39.8727,-38.0758,-35.0453,-31.0552,-26.2611,-20.7598,-14.6417,-8.03493,-1.13439,5.79049,12.4046,18.3074,22.9435,25.0851,20.0028,-17.5497,-52.7622,-68.4088,-75.0859,-77.9119,-79.1008,-79.5911,-79.7716
1.405,-40.6886,-40.5838,-38.8469,-35.9078,-32.0277,-27.3534,-21.9729,-15.9647,-9.44134,-2.57992,4.36646,11.0758,17.1616,22.1084,24.8735,21.8046,-5.2536,-47.1851,-66.0863,-74.1171,-77.5051,-78.9281,-79.5146,-79.7304
1.41,-41.3723,-41.2739,-39.5961,-36.747,-32.9754,-28.4202,-23.1613,-17.2666,-10.8335,-4.0219,2.9321,9.72001,15.9692,21.2029,24.5699,23.512,6.77238,-40.6413,-63.2826,-72.9417,-77.0127,-78.7199,-79.4227,-79.681
1.415,-42.035,-41.9438,-40.324,-37.5633,-33.8986,-29.4615,-24.3247,-18.5462,-12.2098,-5.4578,1.49069,8.34181,14.7373,20.236,24.1434,24.6661,14.5394,-33.6684,-60.0953,-71.565,-76.4275,-78.4709,-79.3125,-79.6219
1.42,-42.6773,-42.5937,-41.031,-38.357,-34.7977,-30.4775,-25.4628,-19.8029,-13.5685,-6.88525,0.0452768,6.94462,13.4686,19.2026,23.5471,25.0977,18.2768,-25.7279,-56.4205,-69.9627,-75.7396,-78.1758,-79.1813,-79.5512
1.425,-43.2998,-43.2243,-41.7176,-39.1286,-35.6729,-31.4683,-26.5755,-21.0359,-14.9082,-8.30206,-1.40136,5.53139,12.1653,18.1035,22.7988,25.0569,20.3324,-15.4868,-51.8459,-68.0224,-74.9167,-77.8242,-79.0249,-79.4668
1.43,-43.903,-43.836,-42.3842,-39.8786,-36.5246,-32.4341,-27.6627,-22.2446,-16.2276,-9.7062,-2.84655,4.10518,10.8312,16.9485,21.9489,24.8245,22.13,-2.91779,-46.0516,-65.608,-73.9099,-77.399,-78.837,-79.3658
1.435,-44.4877,-44.4294,-43.0314,-40.6073,-37.3532,-33.3753,-28.7244,-23.4286,-17.5257,-11.0958,-4.28772,2.66924,9.47106,15.7486,21.0323,24.5037,23.7745,8.55186,-39.406,-62.7278,-72.6953,-76.8855,-78.6107,-79.2445
1.44,-45.0542,-45.005,-43.6596,-41.3153,-38.1592,-34.2921,-29.7606,-24.5874,-18.8014,-12.4691,-5.72237,1.22682,8.08916,14.5099,20.0538,24.0483,24.7935,15.4457,-32.3376,-59.4692,-71.2794,-76.2772,-78.3405,-79.0992
1.445,-45.6034,-45.5634,-44.2694,-42.0031,-38.9429,-35.1847,-30.7715,-25.721,-20.054,-13.8246,-7.14815,-0.219074,6.68882,13.2347,19.0081,23.4215,25.1156,18.7137,-24.0757,-55.6661,-69.6237,-75.5612,-78.0203,-78.9262
1.45,-46.1357,-46.105,-44.8612,-42.671,-39.7047,-36.0537,-31.7573,-26.8291,-21.2828,-15.1609,-8.56291,-1.6657,5.27298,11.9255,17.898,22.651,25.0232,20.6585,-13.3294,-50.8783,-67.602,-74.7005,-77.6377,-78.7197
1.455,-46.6517,-46.6305,-45.4356,-43.3196,-40.4452,-36.8994,-32.7182,-27.9116,-22.4871,-16.4766,-9.96464,-3.11041,3.84472,10.5863,16.7342,21.7874,24.7734,22.4537,-0.608101,-44.8776,-65.0921,-73.6465,-77.1744,-78.4714
1.46,-47.1521,-47.1403,-45.993,-43.9494,-41.1648,-37.7221,-33.6545,-28.9687,-23.6667,-17.7709,-11.3515,-4.55064,2.40735,9.22194,15.527,20.86,24.4335,24.0164,10.1715,-38.146,-62.1345,-72.3832,-76.6166,-78.1727
1.465,-47.6374,-47.635,-46.534,-44.5608,-41.8639,-38.5223,-34.5665,-30.0004,-24.8211,-19.0426,-12.7218,-5.98391,0.964061,7.83646,14.2816,19.8696,23.9477,24.8983,16.2367,-30.949,-58.7927,-70.9146,-75.9573,-77.8164
1.47,-48.1081,-48.1151,-47.0591,-45.1544,-42.5431,-39.3004,-35.4546,-31.0068,-25.9502,-20.291,-14.074,-7.4079,-0.482199,6.43308,13,18.8118,23.2915,25.1214,19.1166,-22.3078,-54.8364,-69.186,-75.1789,-77.3934
1.475,-48.5649,-48.5811,-47.5688,-45.7308,-43.2028,-40.0568,-36.319,-31.9881,-27.0538,-21.5155,-15.4067,-8.82049,-1.9287,5.01474,11.685,17.691,22.5007,24.9865,20.9906,-11.0535,-49.8132,-67.0594,-74.2385,-76.8868
1.48,-49.0083,-49.0335,-48.0636,-46.2902,-43.8435,-40.7921,-37.1602,-32.9446,-28.1319,-22.7155,-16.7187,-10.2197,-3.37282,3.58458,10.3409,16.5188,21.6245,24.7217,22.7792,1.67953,-43.6098,-64.4323,-73.0886,-76.2735
1.485,-49.4388,-49.4728,-48.544,-46.8334,-44.4656,-41.5066,-37.9786,-33.8766,-29.1845,-23.8907,-18.009,-11.6037,-4.81199,2.14589,8.97245,15.3044,20.6862,24.3602,24.2418,11.6569,-36.7848,-61.3712,-71.7179,-75.5366
1.49,-49.857,-49.8996,-49.0105,-47.3608,-45.0698,-42.2009,-38.7746,-34.7844,-30.2117,-25.0406,-19.2766,-12.9709,-6.24377,0.701845,7.58352,14.0523,19.6838,23.8432,24.9876,16.9522,-29.3888,-57.8991,-70.123,-74.6645
1.495,-50.2633,-50.3142,-49.4636,-47.8728,-45.6565,-42.8754,-39.5486,-35.6682,-31.2137,-26.1652,-20.5209,-14.3197,-7.66588,-0.744668,6.17722,12.7645,18.6139,23.1589,25.1229,19.5227,-20.2652,-53.7178,-68.2273,-73.6295
1.5,-50.6582,-50.7172,-49.9037,-48.3699,-46.2261,-43.5306,-40.3011,-36.5286,-32.1907,-27.2643,-21.741,-15.6488,-9.07622,-2.19094,4.7565,11.4439,17.4831,22.3499,24.9552,21.366,-8.4719,-48.3798,-65.8806,-72.3738
1.505,-51.0422,-51.109,-50.3313,-48.8528,-46.7792,-44.167,-41.0325,-37.3658,-33.143,-28.3379,-22.9367,-16.957,-10.4728,-3.63436,3.32456,10.0951,16.3028,21.4623,24.6777,23.1415,4.11412,-41.9068,-63.0007,-70.8402
1.51,-51.4158,-51.49,-50.7468,-49.3217,-47.3163,-44.7851,-41.7434,-38.1803,-34.0707,-29.3861,-24.1073,-18.2433,-11.854,-5.07238,1.88468,8.72275,15.0816,20.5132,24.2922,24.4836,13.163,-34.8662,-59.6606,-69.0117
1.515,-51.7793,-51.8606,-51.1508,-49.7773,-47.8379,-45.3853,-42.4341,-38.9726,-34.9744,-30.4089,-25.2528,-19.5068,-13.218,-6.50258,0.439995,7.33049,13.823,19.4987,23.7429,25.0934,17.741,-27.0042,-55.8057,-66.8599
1.52,-52.1333,-52.2213,-51.5436,-50.2199,-48.3444,-45.9682,-43.1052,-39.7429,-35.8542,-31.4065,-26.3729,-20.7468,-14.5633,-7.92272,-1.00666,5.9214,12.529,18.4173,23.033,25.1563,20.1033,-17.0078,-51.041,-64.2561
1.525,-52.478,-52.5725,-51.9256,-50.65,-48.8363,-46.5343,-43.7571,-40.4919,-36.7106,-32.3792,-27.4675,-21.9626,-15.8887,-9.33072,-2.4526,4.49846,11.2032,17.2773,22.2098,24.9738,21.993,-4.43229,-44.9332,-60.9972
1.53,-52.8139,-52.9145,-52.2973,-51.068,-49.3142,-47.084,-44.3904,-41.2199,-37.5439,-33.3271,-28.5366,-23.1538,-17.1931,-10.7247,-3.8952,3.06493,9.85007,16.0901,21.3138,24.6899,23.7488,7.72367,-37.643,-56.9815
1.535,-53.1414,-53.2477,-52.659,-51.4745,-49.7784,-47.6179,-45.0054,-41.9274,-38.3546,-34.2507,-29.5802,-24.32,-18.4753,-12.1028,-5.33195,1.62407,8.47412,14.8626,20.3545,24.2763,24.9243,15.5023,-29.4735,-52.1762
1.54,-53.4608,-53.5725,-53.0112,-51.8697,-50.2294,-48.1364,-45.6028,-42.6149,-39.1432,-35.1501,-30.5985,-25.4609,-19.7346,-13.4635,-6.76046,0.178912,7.07884,13.5979,19.3281,23.6939,25.3956,19.4231,-19.4925,-46.1992
1.545,-53.7724,-53.8891,-53.3541,-52.2542,-50.6677,-48.64,-46.1829,-43.2829,-39.9099,-36.0259,-31.5917,-26.5764,-20.9703,-14.8054,-8.17851,-1.2677,5.66727,12.2985,18.2373,22.9678,25.4393,21.8988,-6.53678,-38.2422
1.55,-54.0765,-54.1979,-53.6882,-52.6282,-51.0937,-49.1292,-46.7463,-43.9318,-40.6554,-36.8783,-32.56,-27.6665,-22.1817,-16.1271,-9.58406,-2.71309,4.24256,10.9686,17.0923,22.1455,25.3005,24.0499,7.35384,-27.6463
1.555,-54.3734,-54.4992,-54.0137,-52.9922,-51.5079,-49.6044,-47.2936,-44.5621,-41.38,-37.7077,-33.5037,-28.731,-23.3684,-17.4275,-10.9752,-4.15465,2.80797,9.61253,15.9017,21.2498,25.019,25.6648,17.4329,-13.7798
1.56,-54.6635,-54.7933,-54.331,-53.3465,-51.9107,-50.0661,-47.825,-45.1744,-42.0842,-38.5146,-34.423,-29.7701,-24.5301,-18.7056,-12.3503,-5.58987,1.36666,8.23424,14.6705,20.2839,24.5698,26.5693,23.2737,3.64359
1.565,-54.947,-55.0804,-54.6404,-53.6916,-52.3024,-50.5148,-48.3412,-45.7691,-42.7685,-39.2994,-35.3182,-30.784,-25.6664,-19.9607,-13.7076,-7.01642,-0.0784148,6.83707,13.402,19.25,23.9625,26.9284,26.723,18.9035
1.57,-55.224,-55.3609,-54.9421,-54.0276,-52.6834,-50.9509,-48.8427,-46.3467,-43.4333,-40.0625,-36.1899,-31.7727,-26.7774,-21.192,-15.0458,-8.43213,-1.52447,5.42407,12.0992,18.1524,23.2153,26.8628,28.4316,26.5446
1.575,-55.495,-55.6349,-55.2366,-54.3551,-53.0542,-51.3749,-49.3298,-46.9077,-44.0792,-40.8044,-37.0382,-32.7366,-27.8628,-22.3989,-16.3636,-9.835,-2.96888,3.99822,10.7653,16.9963,22.3474,26.4715,28.9662,29.2206
1.58,-55.7601,-55.9027,-55.5239,-54.6742,-53.4151,-51.787,-49.8031,-47.4525,-44.7067,-41.5255,-37.8637,-33.6759,-28.9228,-23.5811,-17.6599,-11.2232,-4.40913,2.56252,9.40389,15.7878,21.3799,25.8538,28.8612,29.9047
1.585,-56.0195,-56.1646,-55.8045,-54.9853,-53.7665,-52.1879,-50.263,-47.9817,-45.3161,-42.2263,-38.6667,-34.5909,-29.9573,-24.7382,-18.9339,-12.595,-5.84283,1.11995,8.01881,14.5339,20.3325,25.0849,28.4299,29.838
1.59,-56.2734,-56.4207,-56.0785,-55.2887,-54.1087,-52.5778,-50.7099,-48.4958,-45.9081,-42.9074,-39.4477,-35.4819,-30.9666,-25.8699,-20.1847,-13.9489,-7.26769,-0.326487,6.61394,13.2409,19.2202,24.2105,27.8189,29.4524
1.595,-56.522,-56.6712,-56.3462,-55.5846,-54.442,-52.9572,-51.1443,-48.9951,-46.483,-43.569,-40.2071,-36.3494,-31.9509,-26.9762,-21.4116,-15.2835,-8.68154,-1.77388,5.19307,11.9143,18.0539,23.256,27.0916,28.8985
1.6,-56.7655,-56.9164,-56.6077,-55.8733,-54.7668,-53.3263,-51.5667,-49.4803,-47.0415,-44.2118,-40.9454,-37.1937,-32.9103,-28.0571,-22.6141,-16.5976,-10.0824,-3.21943,3.75978,10.5588,16.8407,22.235,26.2758,28.2322
1.605,-57.0041,-57.1564,-56.8634,-56.1552,-55.0834,-53.6857,-51.9774,-49.9517,-47.5839,-44.8363,-41.663,-38.0151,-33.8453,-29.1124,-23.7918,-17.8902,-11.4683,-4.66049,2.31742,9.17874,15.5864,21.1557,25.385,27.4766
1.61,-57.2379,-57.3914,-57.1134,-56.4303,-55.3919,-54.0356,-52.3768,-50.4097,-48.1108,-45.4428,-42.3604,-38.8143,-34.7559,-30.1425,-24.9443,-19.1602,-12.8376,-6.09458,0.869141,7.77767,14.2951,20.0237,24.4268,26.6428
1.615,-57.4671,-57.6216,-57.3579,-56.6989,-55.6929,-54.3763,-52.7653,-50.855,-48.6226,-46.032,-43.038,-39.5914,-35.6428,-31.1473,-26.0716,-20.4069,-14.1888,-7.51937,-0.582072,6.35908,12.9707,18.8432,23.4062,25.7376
1.62,-57.6918,-57.8471,-57.5971,-56.9614,-55.9864,-54.7083,-53.1434,-51.2878,-49.1198,-46.6042,-43.6964,-40.3471,-36.5061,-32.1271,-27.1734,-21.6297,-15.5205,-8.93272,-2.03341,4.92621,11.6166,17.6178,22.3273,24.7656
1.625,-57.9121,-58.068,-57.8311,-57.2178,-56.2728,-55.0317,-53.5113,-51.7085,-49.6029,-47.16,-44.3361,-41.0817,-37.3463,-33.0821,-28.2498,-22.8281,-16.8315,-10.3326,-3.4822,3.48219,10.2362,16.351,21.1938,23.7308
1.63,-58.1283,-58.2846,-58.0602,-57.4684,-56.5523,-55.347,-53.8695,-52.1177,-50.0723,-47.6999,-44.9574,-41.7957,-38.1637,-34.0127,-29.3007,-24.0015,-18.1207,-11.7173,-4.92592,2.03003,8.83276,15.046,20.009,22.6367
1.635,-58.3404,-58.4969,-58.2844,-57.7133,-56.8251,-55.6543,-54.2183,-52.5157,-50.5284,-48.2244,-45.561,-42.4896,-38.9589,-34.9191,-30.3263,-25.1499,-19.3873,-13.0851,-6.3622,0.572643,7.4094,13.7061,18.7761,21.4866
1.64,-58.5485,-58.705,-58.504,-57.9528,-57.0915,-55.954,-54.558,-52.9029,-50.9718,-48.7338,-46.1473,-43.1639,-39.7323,-35.8018,-31.3267,-26.2729,-20.6305,-14.4346,-7.7888,-0.887144,5.96928,12.3346,17.4984,20.2837
1.645,-58.7528,-58.9092,-58.719,-58.1871,-57.3517,-56.2463,-54.8889,-53.2797,-51.4029,-49.2287,-46.7167,-43.819,-40.4842,-36.661,-32.3022,-27.3704,-21.8497,-15.7643,-9.20364,-2.34662,4.51549,10.9346,16.1791,19.0313
1.65,-58.9533,-59.1094,-58.9297,-58.4162,-57.6058,-56.5315,-55.2113,-53.6464,-51.822,-49.7096,-47.2698,-44.4554,-41.2151,-37.4971,-33.2529,-28.4425,-23.0444,-17.0732,-10.6048,-3.80319,3.05106,9.50928,14.8213,17.7325
1.655,-59.1502,-59.3059,-59.1361,-58.6404,-57.8542,-56.8098,-55.5256,-54.0034,-52.2296,-50.1769,-47.8071,-45.0737,-41.9256,-38.3106,-34.1793,-29.4892,-24.2141,-18.3602,-11.9905,-5.25437,1.57897,8.06195,13.4284,16.3906
1.66,-59.3435,-59.4986,-59.3384,-58.8599,-58.0969,-57.0815,-55.832,-54.351,-52.6261,-50.6311,-48.329,-45.6742,-42.616,-39.102,-35.0816,-30.5106,-25.3587,-19.6245,-13.3591,-6.6978,0.10213,6.59578,12.0036,15.0088
1.665,-59.5333,-59.6878,-59.5367,-59.0746,-58.3342,-57.3467,-56.1308,-54.6896,-53.0118,-51.0726,-48.836,-46.2576,-43.2869,-39.8715,-35.9602,-31.507,-26.478,-20.8653,-14.7092,-8.13129,-1.37662,5.11398,10.5503,13.5905
1.67,-59.7198,-59.8735,-59.7311,-59.2849,-58.5662,-57.6058,-56.4222,-55.0195,-53.3872,-51.5017,-49.3286,-46.8242,-43.9387,-40.6197,-36.8154,-32.4784,-27.5719,-22.082,-16.0395,-9.55275,-2.85456,3.61973,9.07197,12.1391
1.675,-59.903,-60.0558,-59.9216,-59.4908,-58.7931,-57.8588,-56.7066,-55.341,-53.7525,-51.9191,-49.8073,-47.3746,-44.572,-41.3471,-37.6477,-33.4252,-28.6404,-23.2743,-17.3488,-10.9603,-4.32903,2.11618,7.57189,10.658
1.68,-60.0829,-60.2348,-60.1086,-59.6924,-59.015,-58.106,-56.984,-55.6543,-54.1082,-52.325,-50.2724,-47.9092,-45.1871,-42.054,-38.4574,-34.3477,-29.6835,-24.4416,-18.6361,-12.3521,-5.79752,0.606428,6.05357,9.1509
1.685,-60.2597,-60.4106,-60.2919,-59.89,-59.2322,-58.3475,-57.2549,-55.9598,-54.4546,-52.7198,-50.7244,-48.4285,-45.7846,-42.7411,-39.245,-35.2462,-30.7015,-25.5838,-19.9007,-13.7266,-7.25764,-0.906477,4.52045,7.62133
1.69,-60.4335,-60.5832,-60.4717,-60.0835,-59.4446,-58.5836,-57.5193,-56.2576,-54.792,-53.1039,-51.1639,-48.9331,-46.3651,-43.4086,-40.011,-36.1211,-31.6943,-26.7008,-21.1417,-15.0823,-8.70711,-2.41957,2.97599,6.07294
1.695,-60.6042,-60.7527,-60.6482,-60.2732,-59.6526,-58.8144,-57.7775,-56.5482,-55.1208,-53.4778,-51.5911,-49.4233,-46.9288,-44.0572,-40.7557,-36.9727,-32.6624,-27.7923,-22.3586,-16.4179,-10.1438,-3.92997,1.4236,4.50942
1.7,-60.772,-60.9192,-60.8213,-60.459,-59.8561,-59.0401,-58.0297,-56.8317,-55.4411,-53.8417,-52.0066,-49.8996,-47.4765,-44.6874,-41.4796,-37.8014,-33.606,-28.8585,-23.5509,-17.7322,-11.5658,-5.43491,-0.133324,2.93444
1.705,-60.9369,-61.0828,-60.9912,-60.6412,-60.0555,-59.2609,-58.2761,-57.1083,-55.7534,-54.196,-52.4107,-50.3625,-48.0085,-45.2995,-42.1832,-38.6077,-34.5253,-29.8994,-24.7183,-19.0243,-12.9712,-6.93174,-1.69148,1.35164
1.71,-61.099,-61.2436,-61.1579,-60.8198,-60.2506,-59.4768,-58.5168,-57.3784,-56.0578,-54.5411,-52.8038,-50.8124,-48.5253,-45.8941,-42.867,-39.392,-35.4207,-30.9152,-25.8605,-20.2933,-14.3584,-8.41795,-3.24763,-0.235354
1.715,-61.2584,-61.4015,-61.3216,-60.9949,-60.4418,-59.688,-58.7521,-57.642,-56.3548,-54.8772,-53.1863,-51.2498,-49.0273,-46.4717,-43.5315,-40.1547,-36.2926,-31.9059,-26.9774,-21.5385,-15.7258,-9.89117,-4.79867,-1.82301
1.72,-61.4151,-61.5567,-61.4823,-61.1666,-60.629,-59.8947,-58.9821,-57.8994,-56.6444,-55.2047,-53.5585,-51.6751,-49.5152,-47.0327,-44.1771,-40.8963,-37.1413,-32.872,-28.0689,-22.7592,-17.0722,-11.3492,-6.34161,-3.4079
1.725,-61.5691,-61.7092,-61.6401,-61.335,-60.8124,-60.097,-59.207,-58.1509,-56.9269,-55.5238,-53.9209,-52.0886,-49.9892,-47.5777,-44.8043,-41.6172,-37.9673,-33.8135,-29.1349,-23.9551,-18.3964,-12.79,-7.87361,-4.9867
1.73,-61.7206,-61.8592,-61.7951,-61.5002,-60.9921,-60.295,-59.4269,-58.3965,-57.2027,-55.8349,-54.2737,-52.4909,-50.4499,-48.1072,-45.4136,-42.3179,-38.7709,-34.7309,-30.1757,-25.1256,-19.6972,-14.2117,-9.39202,-6.55626
1.735,-61.8695,-62.0065,-61.9472,-61.6623,-61.1683,-60.4888,-59.642,-58.6365,-57.4719,-56.1383,-54.6174,-52.8822,-50.8977,-48.6215,-46.0055,-42.9989,-39.5525,-35.6245,-31.1912,-26.2706,-20.9739,-15.6127,-10.8944,-8.11358
1.74,-62.0159,-62.1514,-62.0966,-61.8212,-61.3409,-60.6786,-59.8524,-58.8711,-57.7347,-56.4341,-54.9521,-53.263,-51.3331,-49.1212,-46.5804,-43.6607,-40.3127,-36.4945,-32.1817,-27.39,-22.2258,-16.9914,-12.3784,-9.65589
1.745,-62.1599,-62.2938,-62.2434,-61.9772,-61.5101,-60.8645,-60.0582,-59.1004,-57.9913,-56.7227,-55.2783,-53.6337,-51.7564,-49.6068,-47.139,-44.3036,-41.0519,-37.3414,-33.1473,-28.4835,-23.4521,-18.3465,-13.8419,-11.1806
1.75,-62.3015,-62.4338,-62.3876,-62.1303,-61.676,-61.0466,-60.2596,-59.3245,-58.2419,-57.0043,-55.5962,-53.9945,-52.1681,-50.0786,-47.6816,-44.9283,-41.7704,-38.1657,-34.0884,-29.5513,-24.6525,-19.677,-15.2833,-12.6854
1.755,-62.4408,-62.5714,-62.5292,-62.2806,-61.8386,-61.2249,-60.4568,-59.5437,-58.4868,-57.2791,-55.9061,-54.3458,-52.5685,-50.5372,-48.2087,-45.5352,-42.4689,-38.9676,-35.0053,-30.5934,-25.8266,-20.9818,-16.7007,-14.1681
1.76,-62.5778,-62.7068,-62.6684,-62.4281,-61.9981,-61.3996,-60.6498,-59.7581,-58.726,-57.5473,-56.2083,-54.688,-52.9581,-50.983,-48.7208,-46.1247,-43.1477,-39.7476,-35.8982,-31.6099,-26.9742,-22.2602,-18.0929,-15.627
1.765,-62.7125,-62.8398,-62.8052,-62.5728,-62.1545,-61.5708,-60.8387,-59.9678,-58.9599,-57.8092,-56.5031,-55.0214,-53.3373,-51.4165,-49.2183,-46.6974,-43.8073,-40.5061,-36.7676,-32.601,-28.0952,-23.5116,-19.4586,-17.0604
1.77,-62.845,-62.9707,-62.9395,-62.715,-62.3079,-61.7385,-61.0237,-60.1729,-59.1884,-58.065,-56.7906,-55.3463,-53.7063,-51.8379,-49.7018,-47.2538,-44.4482,-41.2436,-37.6138,-33.567,-29.1895,-24.7356,-20.7969,-18.4669
1.775,-62.9754,-63.0994,-63.0716,-62.8545,-62.4584,-61.903,-61.2048,-60.3737,-59.4119,-58.3148,-57.0711,-55.6629,-54.0656,-52.2478,-50.1717,-47.7943,-45.0709,-41.9606,-38.4371,-34.5081,-30.2571,-25.9317,-22.1069,-19.8454
1.78,-63.1036,-63.226,-63.2014,-62.9915,-62.606,-62.0641,-61.3822,-60.5701,-59.6304,-58.5589,-57.3449,-55.9716,-54.4155,-52.6466,-50.6284,-48.3194,-45.6758,-42.6575,-39.238,-35.4246,-31.2983,-27.0999,-23.3882,-21.1951
1.785,-63.2298,-63.3506,-63.329,-63.1261,-62.7509,-62.2221,-61.556,-60.7624,-59.8441,-58.7973,-57.6122,-56.2726,-54.7563,-53.0346,-51.0724,-48.8296,-46.2635,-43.3347,-40.017,-36.3169,-32.3132,-28.2401,-24.6403,-22.5153
1.79,-63.3538,-63.473,-63.4544,-63.2583,-62.893,-62.377,-61.7263,-60.9506,-60.0531,-59.0304,-57.8732,-56.5662,-55.0884,-53.4122,-51.5041,-49.3254,-46.8345,-43.9928,-40.7744,-37.1853,-33.302,-29.3522,-25.863,-23.8055
1.795,-63.4759,-63.5935,-63.5777,-63.3881,-63.0325,-62.5289,-61.8931,-61.1349,-60.2576,-59.2582,-58.128,-56.8526,-55.4119,-53.7797,-51.9239,-49.8071,-47.3891,-44.6322,-41.5108,-38.0302,-34.265,-30.4365,-27.0562,-25.0654
1.8,-63.596,-63.712,-63.6989,-63.5157,-63.1694,-62.6779,-62.0566,-61.3153,-60.4576,-59.4809,-58.377,-57.1321,-55.7273,-54.1376,-52.3322,-50.2753,-47.928,-45.2534,-42.2265,-38.8521,-35.2026,-31.4931,-28.22,-26.2949
1.805,-63.7142,-63.8286,-63.818,-63.6409,-63.3038,-62.824,-62.2168,-61.4921,-60.6534,-59.6987,-58.6202,-57.4049,-56.0348,-54.4861,-52.7295,-50.7304,-48.4515,-45.8569,-42.922,-39.6514,-36.1152,-32.5223,-29.3543,-27.494
1.81,-63.8305,-63.9434,-63.9352,-63.764,-63.4358,-62.9673,-62.3738,-61.6651,-60.8451,-59.9117,-58.8578,-57.6712,-56.3347,-54.8256,-53.116,-51.1729,-48.9601,-46.4432,-43.5979,-40.4285,-37.003,-33.5245,-30.4596,-28.6628
1.815,-63.9449,-64.0562,-64.0505,-63.885,-63.5653,-63.1079,-62.5277,-61.8347,-61.0327,-60.12,-59.0901,-57.9313,-56.6272,-55.1564,-53.4922,-51.6031,-49.4544,-47.0127,-44.2545,-41.1838,-37.8667,-34.5,-31.5361,-29.8017
1.82,-64.0575,-64.1673,-64.1638,-64.0039,-63.6925,-63.2458,-62.6786,-62.0008,-61.2163,-60.3238,-59.3171,-58.1852,-56.9126,-55.4788,-53.8584,-52.0214,-49.9347,-47.5659,-44.8924,-41.9179,-38.7065,-35.4492,-32.5842,-30.9109
1.825,-64.1683,-64.2766,-64.2752,-64.1207,-63.8174,-63.3811,-62.8266,-62.1636,-61.3961,-60.5233,-59.5391,-58.4333,-57.1911,-55.793,-54.215,-52.4284,-50.4015,-48.1033,-45.512,-42.6313,-39.523,-36.3726,-33.6042,-31.9908
1.83,-64.2773,-64.3842,-64.3849,-64.2355,-63.94,-63.5139,-62.9717,-62.3231,-61.5722,-60.7184,-59.7562,-58.6757,-57.4629,-56.0994,-54.5623,-52.8243,-50.8552,-48.6255,-46.114,-43.3243,-40.3167,-37.2706,-34.5967,-33.0418
1.835,-64.3846,-64.49,-64.4927,-64.3484,-64.0605,-63.6443,-63.114,-62.4794,-61.7447,-60.9094,-59.9685,-58.9125,-57.7283,-56.3983,-54.9007,-53.2096,-51.2964,-49.1327,-46.6986,-43.9976,-41.088,-38.1438,-35.5622,-34.0645
1.84,-64.4902,-64.5942,-64.5988,-64.4593,-64.1789,-63.7722,-63.2536,-62.6326,-61.9136,-61.0964,-60.1761,-59.144,-57.9874,-56.6898,-55.2304,-53.5847,-51.7254,-49.6257,-47.2665,-44.6516,-41.8375,-38.9926,-36.5011,-35.0594
1.845,-64.5941,-64.6967,-64.7032,-64.5684,-64.2951,-63.8978,-63.3905,-62.7828,-62.0792,-61.2795,-60.3793,-59.3703,-58.2405,-56.9742,-55.5517,-53.9497,-52.1425,-50.1047,-47.8181,-45.2867,-42.5656,-39.8176,-37.414,-36.0269
1.85,-64.6965,-64.7977,-64.8059,-64.6757,-64.4093,-64.0211,-63.5249,-62.93,-62.2413,-61.4587,-60.578,-59.5915,-58.4877,-57.2517,-55.8649,-54.3052,-52.5483,-50.5702,-48.3539,-45.9036,-43.2728,-40.6192,-38.3013,-36.9677
1.855,-64.7972,-64.897,-64.9069,-64.7811,-64.5216,-64.1422,-63.6567,-63.0744,-62.4002,-61.6342,-60.7726,-59.8079,-58.7293,-57.5226,-56.1703,-54.6515,-52.9432,-51.0227,-48.8744,-46.5027,-43.9597,-41.398,-39.1638,-37.8823
1.86,-64.8963,-64.9948,-65.0063,-64.8848,-64.6319,-64.2611,-63.786,-63.216,-62.5559,-61.8061,-60.963,-60.0195,-58.9654,-57.7872,-56.4682,-54.9888,-53.3274,-51.4627,-49.3801,-47.0845,-44.6267,-42.1545,-40.0018,-38.7711
1.865,-64.9939,-65.0911,-65.1042,-64.9868,-64.7402,-64.3778,-63.9129,-63.3549,-62.7086,-61.9745,-61.1493,-60.2265,-59.1961,-58.0455,-56.7588,-55.3176,-53.7014,-51.8904,-49.8713,-47.6495,-45.2745,-42.8892,-40.8159,-39.6349
1.87,-65.09,-65.1859,-65.2005,-65.0871,-64.8468,-64.4925,-64.0375,-63.4911,-62.8582,-62.1394,-61.3318,-60.429,-59.4217,-58.2978,-57.0423,-55.6379,-54.0655,-52.3064,-50.3487,-48.1983,-45.9035,-43.6026,-41.6067,-40.474
1.875,-65.1845,-65.2793,-65.2953,-65.1858,-64.9515,-64.6052,-64.1598,-63.6247,-63.0049,-62.301,-61.5105,-60.6271,-59.6422,-58.5442,-57.3191,-55.9503,-54.42,-52.7111,-50.8127,-48.7312,-46.5142,-44.2954,-42.3746,-41.2892
1.88,-65.2777,-65.3712,-65.3886,-65.2829,-65.0545,-64.7158,-64.2798,-63.7558,-63.1487,-62.4594,-61.6854,-60.821,-59.8579,-58.7851,-57.5892,-56.2549,-54.7653,-53.1049,-51.2637,-49.2489,-47.1071,-44.968,-43.1203,-42.0807
1.885,-65.3694,-65.4617,-65.4804,-65.3784,-65.1557,-64.8245,-64.3977,-63.8844,-63.2897,-62.6146,-61.8568,-61.0108,-60.0688,-59.0204,-57.853,-56.5519,-55.1018,-53.488,-51.702,-49.7517,-47.6828,-45.6209,-43.8442,-42.8493
1.89,-65.4597,-65.5508,-65.5708,-65.4724,-65.2552,-64.9314,-64.5134,-64.0106,-63.428,-62.7667,-62.0246,-61.1966,-60.2752,-59.2505,-58.1105,-56.8417,-55.4296,-53.8609,-52.1283,-50.2402,-48.2417,-46.2547,-44.5469,-43.5955
1.895,-65.5486,-65.6386,-65.6599,-65.5649,-65.3531,-65.0363,-64.6271,-64.1345,-63.5636,-62.9158,-62.189,-61.3785,-60.4771,-59.4754,-58.3621,-57.1245,-55.7492,-54.224,-52.5428,-50.7148,-48.7845,-46.8698,-45.229,-44.3197
1.9,-65.6362,-65.7251,-65.7475,-65.6559,-65.4493,-65.1395,-64.7387,-64.2561,-63.6967,-63.062,-62.3501,-61.5566,-60.6747,-59.6953,-58.6079,-57.4005,-56.0607,-54.5776,-52.946,-51.176,-49.3115,-47.4669,-45.8908,-45.0225
1.905,-65.7224,-65.8103,-65.8339,-65.7455,-65.544,-65.2409,-64.8484,-64.3754,-63.8272,-63.2053,-62.508,-61.7311,-60.868,-59.9103,-58.8481,-57.67,-56.3645,-54.922,-53.3383,-51.6242,-49.8232,-48.0464,-46.5331,-45.7045
1.91,-65.8074,-65.8942,-65.9189,-65.8336,-65.6371,-65.3406,-64.9561,-64.4926,-63.9553,-63.3458,-62.6627,-61.9019,-61.0572,-60.1207,-59.0828,-57.933,-56.6609,-55.2575,-53.72,-52.0599,-50.3202,-48.6088,-47.1562,-46.3661
1.915,-65.8911,-65.9768,-66.0026,-65.9204,-65.7287,-65.4386,-65.0619,-64.6076,-64.0809,-63.4836,-62.8143,-62.0692,-61.2425,-60.3265,-59.3122,-58.19,-56.9499,-55.5844,-54.0915,-52.4835,-50.8029,-49.1547,-47.7607,-47.0079
1.92,-65.9735,-66.0583,-66.0851,-66.0058,-65.8188,-65.5349,-65.1658,-64.7206,-64.2043,-63.6188,-62.963,-62.2332,-61.4239,-60.5278,-59.5365,-58.4409,-57.232,-55.9031,-54.4532,-52.8953,-51.2718,-49.6846,-48.3472,-47.6303
1.925,-66.0547,-66.1385,-66.1663,-66.09,-65.9075,-65.6297,-65.268,-64.8315,-64.3253,-63.7514,-63.1087,-62.3938,-61.6015,-60.7248,-59.7559,-58.6861,-57.5074,-56.2138,-54.8054,-53.2959,-51.7273,-50.1989,-48.9162,-48.234
1.93,-66.1347,-66.2176,-66.2463,-66.1728,-65.9948,-65.7228,-65.3684,-64.9404,-64.4441,-63.8814,-63.2515,-62.5512,-61.7754,-60.9176,-59.9704,-58.9257,-57.7761,-56.5167,-55.1484,-53.6856,-52.1699,-50.6982,-49.4682,-48.8195
1.935,-66.2135,-66.2955,-66.3252,-66.2543,-66.0807,-65.8145,-65.4671,-65.0474,-64.5607,-64.009,-63.3916,-62.7054,-61.9458,-61.1064,-60.1802,-59.1598,-58.0386,-56.8122,-55.4826,-54.0647,-52.6001,-51.1829,-50.0037,-49.3873
1.94,-66.2912,-66.3723,-66.4028,-66.3347,-66.1652,-65.9046,-65.5641,-65.1526,-64.6752,-64.1342,-63.529,-62.8566,-62.1126,-61.2911,-60.3855,-59.3887,-58.2948,-57.1004,-55.8082,-54.4337,-53.0182,-51.6535,-50.5231,-49.9378
1.945,-66.3677,-66.4479,-66.4794,-66.4138,-66.2484,-65.9933,-65.6595,-65.2559,-64.7877,-64.2571,-63.6637,-63.0048,-62.2761,-61.472,-60.5863,-59.6125,-58.5452,-57.3817,-56.1256,-54.7929,-53.4247,-52.1105,-51.0272,-50.4717
1.95,-66.4431,-66.5225,-66.5548,-66.4917,-66.3303,-66.0805,-65.7533,-65.3574,-64.8981,-64.3777,-63.7958,-63.1501,-62.4363,-61.6492,-60.7828,-59.8313,-58.7898,-57.6562,-56.4349,-55.1425,-53.8199,-52.5544,-51.5162,-50.9895
1.955,-66.5174,-66.596,-66.6292,-66.5685,-66.411,-66.1664,-65.8455,-65.4571,-65.0065,-64.4961,-63.9255,-63.2925,-62.5932,-61.8226,-60.9751,-60.0453,-59.0287,-57.9242,-56.7366,-55.4831,-54.2043,-52.9855,-51.9908,-51.4916
1.96,-66.5907,-66.6685,-66.7024,-66.6441,-66.4904,-66.2508,-65.9362,-65.5551,-65.113,-64.6123,-64.0527,-63.4322,-62.747,-61.9925,-61.1634,-60.2546,-59.2623,-58.1858,-57.0308,-55.8147,-54.5782,-53.4044,-52.4513,-51.9786
1.965,-66.6629,-66.74,-66.7747,-66.7186,-66.5686,-66.3339,-66.0254,-65.6515,-65.2177,-64.7263,-64.1775,-63.5691,-62.8978,-62.159,-61.3477,-60.4593,-59.4906,-58.4413,-57.3177,-56.1379,-54.942,-53.8114,-52.8983,-52.451
1.97,-66.7341,-66.8104,-66.8458,-66.7921,-66.6456,-66.4158,-66.1131,-65.7462,-65.3204,-64.8383,-64.3,-63.7035,-63.0456,-62.322,-61.5281,-60.6597,-59.7138,-58.6909,-57.5977,-56.4528,-55.2961,-54.2069,-53.3322,-52.9092
1.975,-66.8043,-66.8799,-66.916,-66.8644,-66.7215,-66.4963,-66.1994,-65.8393,-65.4214,-64.9483,-64.4202,-63.8353,-63.1905,-62.4818,-61.7048,-60.8557,-59.932,-58.9347,-57.871,-56.7597,-55.6407,-54.5914,-53.7536,-53.3537
1.98,-66.8735,-66.9484,-66.9852,-66.9358,-66.7962,-66.5756,-66.2844,-65.9309,-65.5207,-65.0564,-64.5382,-63.9645,-63.3325,-62.6383,-61.8779,-61.0476,-60.1455,-59.1729,-58.1377,-57.0589,-55.9762,-54.9652,-54.1627,-53.7851
1.985,-66.9417,-67.0159,-67.0535,-67.0061,-66.8698,-66.6537,-66.3679,-66.021,-65.6182,-65.1625,-64.654,-64.0914,-63.4718,-62.7917,-62.0474,-61.2354,-60.3542,-59.4057,-58.398,-57.3506,-56.3029,-55.3288,-54.56,-54.2037
1.99,-67.0089,-67.0826,-67.1208,-67.0753,-66.9424,-66.7305,-66.4501,-66.1095,-65.7141,-65.2667,-64.7677,-64.2158,-63.6084,-62.9421,-62.2134,-61.4192,-60.5584,-59.6332,-58.6522,-57.6352,-56.6211,-55.6823,-54.946,-54.61
1.995,-67.0753,-67.1483,-67.1871,-67.1437,-67.0138,-66.8063,-66.5311,-66.1966,-65.8084,-65.3691,-64.8793,-64.3379,-63.7424,-63.0895,-62.376,-61.5992,-60.7582,-59.8556,-58.9005,-57.9127,-56.9311,-56.0263,-55.3211,-55.0045
2,-67.1407,-67.2131,-67.2525,-67.211,-67.0843,-66.8808,-66.6107,-66.2823,-65.901,-65.4697,-64.989,-64.4578,-63.8738,-63.234,-62.5354,-61.7755,-60.9537,-60.0731,-59.143,-58.1835,-57.2332,-56.361,-55.6856,-55.3875
2.005,-67.2052,-67.277,-67.3171,-67.2774,-67.1537,-66.9542,-66.6892,-66.3666,-65.9921,-65.5686,-65.0967,-64.5754,-64.0027,-63.3757,-62.6916,-61.9481,-61.145,-60.2857,-59.3799,-58.4478,-57.5275,-56.6868,-56.0398,-55.7594
2.01,-67.2688,-67.3401,-67.3808,-67.3429,-67.2221,-67.0266,-66.7664,-66.4496,-66.0817,-65.6657,-65.2024,-64.6909,-64.1292,-63.5146,-62.8446,-62.1171,-61.3323,-60.4937,-59.6113,-58.7057,-57.8145,-57.0038,-56.3842,-56.1207
2.015,-67.3316,-67.4024,-67.4436,-67.4075,-67.2895,-67.0979,-66.8424,-66.5312,-66.1698,-65.7612,-65.3063,-64.8043,-64.2533,-63.6509,-62.9946,-62.2827,-61.5156,-60.6971,-59.8375,-58.9574,-58.0942,-57.3126,-56.7191,-56.4717
2.02,-67.3935,-67.4638,-67.5056,-67.4712,-67.356,-67.1681,-66.9172,-66.6115,-66.2565,-65.8551,-65.4084,-64.9156,-64.3751,-63.7845,-63.1416,-62.4449,-61.695,-60.8961,-60.0586,-59.2032,-58.3671,-57.6132,-57.0449,-56.8128
2.025,-67.4546,-67.5244,-67.5667,-67.534,-67.4216,-67.2373,-66.991,-66.6906,-66.3417,-65.9474,-65.5087,-65.0249,-64.4946,-63.9156,-63.2857,-62.6038,-61.8707,-61.0908,-60.2747,-59.4433,-58.6331,-57.9061,-57.3617,-57.1443
2.03,-67.5149,-67.5842,-67.6271,-67.596,-67.4862,-67.3055,-67.0636,-66.7684,-66.4256,-66.0381,-65.6072,-65.1323,-64.612,-64.0442,-63.4271,-62.7596,-62.0427,-61.2812,-60.486,-59.6777,-58.8927,-58.1914,-57.67,-57.4666
2.035,-67.5744,-67.6432,-67.6866,-67.6571,-67.5499,-67.3727,-67.1351,-66.845,-66.5081,-66.1274,-65.704,-65.2378,-64.7271,-64.1703,-63.5656,-62.9122,-62.2112,-61.4677,-60.6926,-59.9067,-59.1459,-58.4693,-57.97,-57.7799
2.04,-67.6331,-67.7015,-67.7454,-67.7175,-67.6128,-67.439,-67.2056,-66.9205,-66.5893,-66.2151,-65.7992,-65.3413,-64.8402,-64.2941,-63.7015,-63.0618,-62.3762,-61.6501,-60.8946,-60.1304,-59.393,-58.7402,-58.262,-58.0847
2.045,-67.691,-67.759,-67.8034,-67.777,-67.6748,-67.5043,-67.275,-66.9948,-66.6692,-66.3014,-65.8928,-65.4431,-64.9512,-64.4156,-63.8348,-63.2084,-62.5379,-61.8287,-61.0922,-60.3489,-59.6341,-59.0043,-58.5463,-58.3811
2.05,-67.7482,-67.8157,-67.8607,-67.8357,-67.7359,-67.5687,-67.3434,-67.068,-66.7478,-66.3863,-65.9848,-65.5431,-65.0603,-64.5348,-63.9655,-63.3521,-62.6963,-62.0036,-61.2854,-60.5625,-59.8695,-59.2617,-58.8231,-58.6694
2.055,-67.8046,-67.8718,-67.9172,-67.8937,-67.7963,-67.6322,-67.4108,-67.14,-66.8253,-66.4699,-66.0752,-65.6414,-65.1674,-64.6519,-64.0938,-63.493,-62.8514,-62.1747,-61.4745,-60.7713,-60.0993,-59.5127,-59.0927,-58.95
2.06,-67.8603,-67.9271,-67.973,-67.951,-67.8558,-67.6948,-67.4773,-67.211,-66.9015,-66.5521,-66.1642,-65.7379,-65.2725,-64.7667,-64.2196,-63.6311,-63.0034,-62.3424,-61.6594,-60.9753,-60.3237,-59.7575,-59.3552,-59.2231
2.065,-67.9153,-67.9818,-68.0281,-68.0074,-67.9145,-67.7566,-67.5428,-67.2809,-66.9765,-66.6329,-66.2516,-65.8328,-65.3758,-64.8795,-64.343,-63.7666,-63.1524,-62.5065,-61.8404,-61.1748,-60.5428,-59.9962,-59.611,-59.4889
2.07,-67.9696,-68.0357,-68.0825,-68.0632,-67.9725,-67.8175,-67.6074,-67.3498,-67.0504,-66.7125,-66.3377,-65.9262,-65.4773,-64.9902,-64.4642,-63.8994,-63.2984,-62.6672,-62.0176,-61.3698,-60.7568,-60.2291,-59.8603,-59.7477
2.075,-68.0232,-68.089,-68.1363,-68.1182,-68.0297,-67.8776,-67.671,-67.4177,-67.1232,-66.7908,-66.4223,-66.0179,-65.577,-65.099,-64.583,-64.0297,-63.4416,-62.8247,-62.1909,-61.5605,-60.9658,-60.4563,-60.1032,-59.9997
2.08,-68.0762,-68.1417,-68.1893,-68.1726,-68.0861,-67.9369,-67.7338,-67.4846,-67.1949,-66.868,-66.5056,-66.1081,-65.675,-65.2058,-64.6997,-64.1575,-63.5819,-62.979,-62.3606,-61.7469,-61.17,-60.678,-60.3399,-60.2452
2.085,-68.1285,-68.1936,-68.2418,-68.2263,-68.1419,-67.9954,-67.7957,-67.5506,-67.2655,-66.9439,-66.5875,-66.1967,-65.7713,-65.3106,-64.8143,-64.2829,-63.7194,-63.1301,-62.5267,-61.9293,-61.3695,-60.8944,-60.5707,-60.4843
2.09,-68.1801,-68.245,-68.2935,-68.2793,-68.1969,-68.0531,-67.8568,-67.6156,-67.335,-67.0186,-66.6681,-66.284,-65.866,-65.4137,-64.9267,-64.4059,-63.8543,-63.2781,-62.6893,-62.1077,-61.5644,-61.1056,-60.7957,-60.7172
2.095,-68.2311,-68.2957,-68.3447,-68.3316,-68.2512,-68.11,-67.917,-67.6796,-67.4036,-67.0922,-66.7474,-66.3697,-65.9591,-65.5149,-65.0371,-64.5267,-63.9865,-63.4232,-62.8486,-62.2823,-61.755,-61.3117,-61.0151,-60.9441
2.1,-68.2815,-68.3459,-68.3952,-68.3833,-68.3048,-68.1662,-67.9764,-67.7428,-67.4711,-67.1647,-66.8255,-66.4541,-66.0505,-65.6143,-65.1455,-64.6451,-64.1162,-63.5654,-63.0045,-62.453,-61.9412,-61.513,-61.2291,-61.1653
2.105,-68.3312,-68.3954,-68.4451,-68.4344,-68.3577,-68.2217,-68.035,-67.8051,-67.5376,-67.2361,-66.9023,-66.5371,-66.1405,-65.7121,-65.252,-64.7614,-64.2434,-63.7048,-63.1572,-62.6201,-62.1232,-61.7095,-61.4379,-61.3809
2.11,-68.3804,-68.4443,-68.4945,-68.4849,-68.41,-68.2764,-68.0928,-67.8665,-67.6032,-67.3064,-66.978,-66.6188,-66.2289,-65.8081,-65.3565,-64.8755,-64.3682,-63.8413,-63.3067,-62.7836,-62.3011,-61.9015,-61.6415,-61.5911
2.115,-68.429,-68.4927,-68.5432,-68.5347,-68.4617,-68.3305,-68.1498,-67.9271,-67.6679,-67.3756,-67.0525,-66.6992,-66.3159,-65.9025,-65.4592,-64.9875,-64.4906,-63.9753,-63.4532,-62.9436,-62.4751,-62.0889,-61.8402,-61.796
2.12,-68.477,-68.5405,-68.5914,-68.584,-68.5127,-68.3839,-68.2061,-67.9869,-67.7316,-67.4439,-67.1258,-66.7783,-66.4014,-65.9953,-65.5601,-65.0975,-64.6107,-64.1065,-63.5968,-63.1002,-62.6452,-62.272,-62.0341,-61.9959
2.125,-68.5244,-68.5877,-68.639,-68.6326,-68.563,-68.4366,-68.2617,-68.0458,-67.7944,-67.5111,-67.1981,-66.8561,-66.4856,-66.0865,-65.6593,-65.2054,-64.7285,-64.2353,-63.7374,-63.2535,-62.8116,-62.4509,-62.2234,-62.1908
2.13,-68.5713,-68.6344,-68.686,-68.6807,-68.6128,-68.4886,-68.3165,-68.1039,-67.8564,-67.5774,-67.2692,-66.9327,-66.5683,-66.1761,-65.7567,-65.3115,-64.8441,-64.3615,-63.8751,-63.4036,-62.9743,-62.6257,-62.4081,-62.3809
2.135,-68.6176,-68.6806,-68.7326,-68.7282,-68.662,-68.54,-68.3706,-68.1613,-67.9175,-67.6427,-67.3393,-67.0082,-66.6498,-66.2643,-65.8524,-65.4156,-64.9576,-64.4853,-64.0102,-63.5505,-63.1334,-62.7965,-62.5884,-62.5664
2.14,-68.6634,-68.7262,-68.7785,-68.7752,-68.7106,-68.5907,-68.4241,-68.2179,-67.9777,-67.7071,-67.4083,-67.0825,-66.7299,-66.351,-65.9464,-65.5179,-65.069,-64.6067,-64.1425,-63.6944,-63.2892,-62.9634,-62.7645,-62.7474
2.145,-68.7086,-68.7713,-68.824,-68.8217,-68.7586,-68.6409,-68.4768,-68.2738,-68.0371,-67.7706,-67.4764,-67.1556,-66.8088,-66.4363,-66.0389,-65.6183,-65.1784,-64.7258,-64.2722,-63.8354,-63.4415,-63.1266,-62.9365,-62.924
2.15,-68.7534,-68.8159,-68.8689,-68.8676,-68.806,-68.6904,-68.5289,-68.3289,-68.0957,-67.8332,-67.5434,-67.2276,-66.8864,-66.5202,-66.1298,-65.717,-65.2857,-64.8427,-64.3993,-63.9734,-63.5906,-63.2861,-63.1044,-63.0965
2.155,-68.7976,-68.86,-68.9134,-68.9129,-68.8529,-68.7393,-68.5804,-68.3833,-68.1536,-67.8949,-67.6095,-67.2986,-66.9628,-66.6027,-66.2192,-65.814,-65.3911,-64.9573,-64.524,-64.1086,-63.7365,-63.442,-63.2684,-63.2648
2.16,-68.8413,-68.9036,-68.9573,-68.9578,-68.8993,-68.7877,-68.6312,-68.437,-68.2106,-67.9557,-67.6746,-67.3685,-67.0381,-66.684,-66.307,-65.9093,-65.4946,-65.0698,-64.6462,-64.241,-63.8793,-63.5945,-63.4287,-63.4291
2.165,-68.8846,-68.9468,-69.0008,-69.0021,-68.9451,-68.8354,-68.6814,-68.4901,-68.2669,-68.0157,-67.7387,-67.4373,-67.1121,-66.7638,-66.3934,-66.0029,-65.5962,-65.1802,-64.766,-64.3708,-64.0191,-63.7437,-63.5853,-63.5896
2.17,-68.9274,-68.9894,-69.0438,-69.046,-68.9903,-68.8826,-68.7309,-68.5424,-68.3225,-68.0749,-67.802,-67.5051,-67.1851,-66.8425,-66.4784,-66.095,-65.6961,-65.2886,-64.8836,-64.498,-64.1559,-63.8895,-63.7384,-63.7464
2.175,-68.9696,-69.0316,-69.0863,-69.0894,-69.0351,-68.9293,-68.7799,-68.5941,-68.3773,-68.1333,-67.8644,-67.572,-67.2569,-66.9199,-66.562,-66.1854,-65.7941,-65.3949,-64.9988,-64.6226,-64.2899,-64.0322,-63.888,-63.8995
2.18,-69.0115,-69.0733,-69.1283,-69.1323,-69.0794,-68.9754,-68.8283,-68.6452,-68.4314,-68.1909,-67.9259,-67.6378,-67.3276,-66.996,-66.6442,-66.2744,-65.8905,-65.4993,-65.1119,-64.7447,-64.4211,-64.1718,-64.0342,-64.0491
2.185,-69.0528,-69.1146,-69.1699,-69.1747,-69.1232,-69.021,-68.8761,-68.6956,-68.4849,-68.2477,-67.9865,-67.7027,-67.3973,-67.071,-66.7251,-66.3618,-65.9851,-65.6018,-65.2229,-64.8645,-64.5496,-64.3084,-64.1771,-64.1953
2.19,-69.0937,-69.1555,-69.2111,-69.2167,-69.1664,-69.066,-68.9233,-68.7454,-68.5376,-68.3038,-68.0463,-67.7667,-67.4659,-67.1449,-66.8047,-66.4478,-66.0781,-65.7025,-65.3317,-64.9818,-64.6755,-64.4421,-64.3169,-64.3382
2.195,-69.1342,-69.1959,-69.2518,-69.2582,-69.2092,-69.1106,-68.97,-68.7946,-68.5897,-68.3591,-68.1053,-67.8298,-67.5336,-67.2176,-66.883,-66.5324,-66.1695,-65.8014,-65.4385,-65.0969,-64.7988,-64.5729,-64.4537,-64.4778
2.2,-69.1742,-69.2359,-69.2921,-69.2993,-69.2516,-69.1546,-69.0161,-68.8432,-68.6411,-68.4137,-68.1635,-67.892,-67.6002,-67.2891,-66.9601,-66.6155,-66.2594,-65.8984,-65.5434,-65.2098,-64.9196,-64.701,-64.5874,-64.6143
2.205,-69.2139,-69.2754,-69.3319,-69.3399,-69.2934,-69.1981,-69.0617,-68.8912,-68.6919,-68.4676,-68.2209,-67.9533,-67.6659,-67.3597,-67.036,-66.6973,-66.3477,-65.9938,-65.6462,-65.3205,-65.038,-64.8264,-64.7182,-64.7478
2.21,-69.2531,-69.3146,-69.3714,-69.3801,-69.3349,-69.2412,-69.1068,-68.9386,-68.742,-68.5208,-68.2775,-68.0138,-67.7306,-67.4291,-67.1107,-66.7778,-66.4345,-66.0875,-65.7472,-65.429,-65.154,-64.9492,-64.8463,-64.8784
2.215,-69.2918,-69.3533,-69.4104,-69.4199,-69.3758,-69.2838,-69.1514,-68.9855,-68.7916,-68.5734,-68.3334,-68.0734,-67.7944,-67.4975,-67.1842,-66.857,-66.5199,-66.1796,-65.8464,-65.5355,-65.2677,-65.0694,-64.9715,-65.0061
2.22,-69.3302,-69.3917,-69.4491,-69.4592,-69.4164,-69.3259,-69.1954,-69.0318,-68.8405,-68.6252,-68.3886,-68.1322,-67.8573,-67.5649,-67.2567,-66.9349,-66.6038,-66.27,-65.9438,-65.64,-65.3792,-65.1872,-65.0942,-65.1311
2.225,-69.3682,-69.4297,-69.4873,-69.4982,-69.4565,-69.3675,-69.239,-69.0776,-68.8888,-68.6765,-68.443,-68.1902,-67.9193,-67.6313,-67.3279,-67.0116,-66.6864,-66.3589,-66.0394,-65.7425,-65.4884,-65.3026,-65.2142,-65.2533
2.23,-69.4058,-69.4672,-69.5252,-69.5368,-69.4962,-69.4087,-69.282,-69.1229,-68.9366,-68.727,-68.4967,-68.2475,-67.9804,-67.6968,-67.3982,-67.0871,-66.7676,-66.4463,-66.1333,-65.8431,-65.5956,-65.4157,-65.3317,-65.3729
2.235,-69.443,-69.5044,-69.5626,-69.5749,-69.5354,-69.4495,-69.3246,-69.1676,-68.9838,-68.777,-68.5498,-68.3039,-68.0407,-67.7613,-67.4673,-67.1613,-66.8474,-66.5322,-66.2255,-65.9419,-65.7007,-65.5265,-65.4468,-65.49
2.24,-69.4798,-69.5413,-69.5997,-69.6127,-69.5743,-69.4898,-69.3667,-69.2118,-69.0304,-68.8263,-68.6022,-68.3597,-68.1002,-67.8249,-67.5355,-67.2345,-66.926,-66.6166,-66.3162,-66.0388,-65.8038,-65.635,-65.5595,-65.6047
2.245,-69.5163,-69.5777,-69.6365,-69.6501,-69.6128,-69.5297,-69.4084,-69.2556,-69.0765,-68.8751,-68.6539,-68.4146,-68.1588,-67.8876,-67.6026,-67.3065,-67.0033,-66.6997,-66.4052,-66.134,-65.9049,-65.7415,-65.67,-65.7169
2.25,-69.5524,-69.6138,-69.6728,-69.6871,-69.6508,-69.5692,-69.4496,-69.2988,-69.1221,-68.9232,-68.7049,-68.4689,-68.2166,-67.9493,-67.6687,-67.3774,-67.0794,-66.7813,-66.4927,-66.2275,-66.0042,-65.8458,-65.7782,-65.8269
2.255,-69.5881,-69.6496,-69.7088,-69.7238,-69.6885,-69.6083,-69.4904,-69.3415,-69.1671,-68.9708,-68.7553,-68.5225,-68.2737,-68.0103,-67.7339,-67.4472,-67.1543,-66.8616,-66.5787,-66.3192,-66.1015,-65.9481,-65.8842,-65.9346
2.26,-69.6235,-69.685,-69.7445,-69.7601,-69.7258,-69.6469,-69.5307,-69.3838,-69.2116,-69.0178,-68.8051,-68.5754,-68.33,-68.0703,-67.7981,-67.516,-67.228,-66.9406,-66.6632,-66.4094,-66.1971,-66.0485,-65.9881,-66.0401
2.265,-69.6585,-69.72,-69.7798,-69.796,-69.7628,-69.6852,-69.5706,-69.4256,-69.2556,-69.0642,-68.8543,-68.6276,-68.3856,-68.1296,-67.8614,-67.5837,-67.3006,-67.0183,-66.7463,-66.4979,-66.2909,-66.1469,-66.0899,-66.1434
2.27,-69.6932,-69.7548,-69.8148,-69.8316,-69.7993,-69.723,-69.6101,-69.467,-69.2991,-69.1101,-68.9029,-68.6791,-68.4404,-68.188,-67.9238,-67.6505,-67.372,-67.0947,-66.828,-66.5849,-66.383,-66.2435,-66.1898,-66.2448
2.275,-69.7276,-69.7891,-69.8494,-69.8668,-69.8355,-69.7605,-69.6491,-69.5079,-69.3421,-69.1555,-68.9509,-68.73,-68.4945,-68.2457,-67.9854,-67.7162,-67.4423,-67.1699,-66.9083,-66.6704,-66.4734,-66.3382,-66.2877,-66.3441
2.28,-69.7616,-69.8232,-69.8837,-69.9017,-69.8714,-69.7976,-69.6878,-69.5484,-69.3846,-69.2004,-68.9983,-68.7803,-68.5479,-68.3025,-68.046,-67.781,-67.5116,-67.2439,-66.9873,-66.7544,-66.5622,-66.4312,-66.3837,-66.4414
2.285,-69.7953,-69.8569,-69.9177,-69.9363,-69.9069,-69.8344,-69.726,-69.5884,-69.4267,-69.2447,-69.0451,-68.8299,-68.6006,-68.3587,-68.1058,-67.8449,-67.5798,-67.3168,-67.065,-66.8369,-66.6494,-66.5224,-66.4779,-66.5369
2.29,-69.8287,-69.8904,-69.9514,-69.9705,-69.942,-69.8707,-69.7639,-69.628,-69.4683,-69.2885,-69.0914,-68.879,-68.6527,-68.414,-68.1648,-67.9078,-67.647,-67.3885,-67.1414,-66.9181,-66.735,-66.612,-66.5704,-66.6305
2.295,-69.8618,-69.9235,-69.9847,-70.0045,-69.9768,-69.9068,-69.8014,-69.6672,-69.5094,-69.3318,-69.1372,-68.9274,-68.7041,-68.4686,-68.223,-67.9698,-67.7132,-67.4591,-67.2166,-66.9978,-66.8192,-66.7,-66.6611,-66.7223
2.3,-69.8945,-69.9563,-70.0178,-70.038,-70.0113,-69.9424,-69.8385,-69.706,-69.5501,-69.3747,-69.1824,-68.9753,-68.7548,-68.5226,-68.2804,-68.031,-67.7784,-67.5286,-67.2905,-67.0763,-66.9019,-66.7863,-66.7501,-66.8124
2.305,-69.927,-69.9888,-70.0505,-70.0713,-70.0454,-69.9777,-69.8752,-69.7444,-69.5904,-69.4171,-69.2271,-69.0226,-68.8049,-68.5758,-68.337,-68.0913,-67.8426,-67.5971,-67.3633,-67.1534,-66.9831,-66.8711,-66.8374,-66.9008
2.31,-69.9591,-70.021,-70.0829,-70.1043,-70.0793,-70.0127,-69.9116,-69.7823,-69.6302,-69.459,-69.2713,-69.0693,-68.8544,-68.6283,-68.3929,-68.1507,-67.906,-67.6645,-67.435,-67.2293,-67.063,-66.9545,-66.9232,-66.9876
2.315,-69.991,-70.0529,-70.1151,-70.137,-70.1128,-70.0473,-69.9475,-69.8199,-69.6696,-69.5004,-69.315,-69.1154,-68.9033,-68.6802,-68.448,-68.2094,-67.9684,-67.7309,-67.5055,-67.304,-67.1415,-67.0363,-67.0074,-67.0728
2.32,-70.0225,-70.0845,-70.1469,-70.1694,-70.146,-70.0816,-69.9832,-69.8572,-69.7086,-69.5414,-69.3582,-69.1611,-68.9516,-68.7314,-68.5023,-68.2672,-68.0299,-67.7963,-67.5749,-67.3774,-67.2187,-67.1167,-67.0901,-67.1564
2.325,-70.0538,-70.1159,-70.1785,-70.2014,-70.1789,-70.1156,-70.0185,-69.894,-69.7472,-69.5819,-69.4009,-69.2061,-68.9993,-68.7819,-68.556,-68.3242,-68.0905,-67.8608,-67.6433,-67.4496,-67.2946,-67.1958,-67.1714,-67.2385
2.33,-70.0848,-70.1469,-70.2098,-70.2332,-70.2115,-70.1492,-70.0534,-69.9305,-69.7854,-69.622,-69.4431,-69.2507,-69.0464,-68.8319,-68.609,-68.3805,-68.1503,-67.9243,-67.7106,-67.5207,-67.3693,-67.2735,-67.2512,-67.3192
2.335,-70.1155,-70.1777,-70.2408,-70.2647,-70.2438,-70.1826,-70.0881,-69.9666,-69.8232,-69.6617,-69.4849,-69.2948,-69.093,-68.8812,-68.6613,-68.436,-68.2093,-67.9868,-67.7769,-67.5907,-67.4427,-67.3498,-67.3296,-67.3984
2.34,-70.146,-70.2082,-70.2715,-70.296,-70.2758,-70.2156,-70.1223,-70.0023,-69.8606,-69.701,-69.5262,-69.3383,-69.139,-68.9299,-68.7129,-68.4908,-68.2674,-68.0485,-67.8422,-67.6596,-67.515,-67.4249,-67.4067,-67.4762
2.345,-70.1761,-70.2385,-70.302,-70.3269,-70.3075,-70.2483,-70.1563,-70.0377,-69.8977,-69.7399,-69.5671,-69.3814,-69.1845,-68.978,-68.7639,-68.5448,-68.3248,-68.1093,-67.9065,-67.7274,-67.586,-67.4988,-67.4825,-67.5527
2.35,-70.206,-70.2685,-70.3322,-70.3576,-70.3389,-70.2807,-70.1899,-70.0728,-69.9343,-69.7783,-69.6075,-69.424,-69.2295,-69.0256,-68.8142,-68.5982,-68.3813,-68.1692,-67.9699,-67.7942,-67.656,-67.5714,-67.557,-67.6278
2.355,-70.2357,-70.2982,-70.3622,-70.388,-70.37,-70.3129,-70.2233,-70.1075,-69.9706,-69.8163,-69.6475,-69.4661,-69.2739,-69.0725,-68.8639,-68.6508,-68.4371,-68.2283,-68.0323,-67.86,-67.7248,-67.6428,-67.6302,-67.7017
2.36,-70.2651,-70.3277,-70.3918,-70.4181,-70.4009,-70.3447,-70.2563,-70.1419,-70.0065,-69.854,-69.687,-69.5078,-69.3178,-69.1189,-68.913,-68.7028,-68.4921,-68.2866,-68.0939,-67.9247,-67.7926,-67.7131,-67.7022,-67.7743
2.365,-70.2942,-70.3569,-70.4213,-70.448,-70.4315,-70.3762,-70.289,-70.1759,-70.0421,-69.8913,-69.7262,-69.5489,-69.3612,-69.1648,-68.9615,-68.7541,-68.5465,-68.344,-68.1545,-67.9885,-67.8593,-67.7823,-67.773,-67.8457
2.37,-70.3231,-70.3859,-70.4504,-70.4777,-70.4618,-70.4075,-70.3214,-70.2097,-70.0773,-69.9282,-69.7649,-69.5897,-69.4042,-69.2101,-69.0094,-68.8048,-68.6001,-68.4007,-68.2143,-68.0514,-67.925,-67.8503,-67.8427,-67.916
2.375,-70.3517,-70.4146,-70.4794,-70.507,-70.4919,-70.4385,-70.3535,-70.2431,-70.1122,-69.9647,-69.8033,-69.63,-69.4466,-69.2549,-69.0567,-68.8548,-68.653,-68.4566,-68.2733,-68.1133,-67.9897,-67.9173,-67.9113,-67.9851
2.38,-70.3801,-70.4431,-70.5081,-70.5362,-70.5217,-70.4692,-70.3853,-70.2762,-70.1468,-70.0009,-69.8412,-69.6699,-69.4886,-69.2992,-69.1035,-68.9042,-68.7052,-68.5117,-68.3314,-68.1743,-68.0534,-67.9832,-67.9787,-68.053
2.385,-70.4083,-70.4713,-70.5365,-70.565,-70.5512,-70.4996,-70.4168,-70.309,-70.181,-70.0367,-69.8787,-69.7093,-69.5301,-69.3429,-69.1497,-68.953,-68.7567,-68.5661,-68.3887,-68.2345,-68.1161,-68.0482,-68.0451,-68.1199
2.39,-70.4362,-70.4994,-70.5647,-70.5937,-70.5806,-70.5298,-70.4481,-70.3415,-70.2149,-70.0721,-69.9159,-69.7483,-69.5712,-69.3862,-69.1953,-69.0012,-68.8076,-68.6198,-68.4452,-68.2938,-68.178,-68.1121,-68.1105,-68.1857
2.395,-70.4639,-70.5271,-70.5927,-70.6221,-70.6096,-70.5597,-70.479,-70.3736,-70.2485,-70.1072,-69.9527,-69.787,-69.6118,-69.429,-69.2404,-69.0488,-68.8578,-68.6727,-68.5009,-68.3522,-68.2389,-68.175,-68.1748,-68.2505
2.4,-70.4914,-70.5547,-70.6205,-70.6502,-70.6384,-70.5894,-70.5097,-70.4055,-70.2817,-70.142,-69.9891,-69.8252,-69.652,-69.4713,-69.285,-69.0958,-68.9074,-68.725,-68.5559,-68.4098,-68.2989,-68.2371,-68.2381,-68.3142
2.405,-70.5186,-70.582,-70.648,-70.6782,-70.667,-70.6188,-70.5402,-70.4372,-70.3147,-70.1764,-70.0251,-69.863,-69.6917,-69.5131,-69.3291,-69.1423,-68.9564,-68.7766,-68.6102,-68.4666,-68.358,-68.2982,-68.3005,-68.377
2.41,-70.5456,-70.6092,-70.6753,-70.7059,-70.6953,-70.6479,-70.5703,-70.4685,-70.3473,-70.2105,-70.0608,-69.9004,-69.7311,-69.5545,-69.3726,-69.1882,-69.0048,-68.8276,-68.6637,-68.5226,-68.4164,-68.3584,-68.3619,-68.4388
2.415,-70.5724,-70.6361,-70.7024,-70.7334,-70.7234,-70.6768,-70.6002,-70.4995,-70.3796,-70.2443,-70.0962,-69.9375,-69.77,-69.5954,-69.4157,-69.2336,-69.0526,-68.8778,-68.7165,-68.5779,-68.4738,-68.4177,-68.4225,-68.4997
2.42,-70.599,-70.6627,-70.7293,-70.7606,-70.7513,-70.7055,-70.6299,-70.5303,-70.4117,-70.2777,-70.1312,-69.9742,-69.8085,-69.6359,-69.4583,-69.2784,-69.0998,-68.9275,-68.7686,-68.6324,-68.5305,-68.4761,-68.4821,-68.5596
2.425,-70.6254,-70.6892,-70.7559,-70.7877,-70.7789,-70.7339,-70.6592,-70.5608,-70.4434,-70.3109,-70.1658,-70.0105,-69.8466,-69.6759,-69.5004,-69.3227,-69.1464,-68.9765,-68.82,-68.6862,-68.5864,-68.5337,-68.5408,-68.6187
2.43,-70.6515,-70.7155,-70.7824,-70.8145,-70.8063,-70.7621,-70.6884,-70.591,-70.4749,-70.3437,-70.2001,-70.0464,-69.8843,-69.7155,-69.5421,-69.3665,-69.1925,-69.0249,-68.8708,-68.7392,-68.6415,-68.5905,-68.5987,-68.6769
2.435,-70.6775,-70.7415,-70.8086,-70.8411,-70.8335,-70.7901,-70.7173,-70.621,-70.5061,-70.3762,-70.2341,-70.082,-69.9216,-69.7547,-69.5832,-69.4098,-69.238,-69.0728,-68.9209,-68.7916,-68.6959,-68.6465,-68.6558,-68.7343
2.44,-70.7032,-70.7674,-70.8346,-70.8675,-70.8605,-70.8178,-70.7459,-70.6507,-70.537,-70.4084,-70.2678,-70.1173,-69.9586,-69.7935,-69.624,-69.4526,-69.283,-69.12,-68.9704,-68.8432,-68.7495,-68.7018,-68.712,-68.7908
2.445,-70.7288,-70.793,-70.8605,-70.8937,-70.8872,-70.8453,-70.7743,-70.6801,-70.5676,-70.4404,-70.3012,-70.1522,-69.9951,-69.8318,-69.6643,-69.4949,-69.3275,-69.1667,-69.0193,-68.8942,-68.8024,-68.7562,-68.7675,-68.8465
2.45,-70.7541,-70.8185,-70.8861,-70.9197,-70.9137,-70.8726,-70.8025,-70.7094,-70.598,-70.472,-70.3342,-70.1867,-70.0313,-69.8698,-69.7041,-69.5368,-69.3714,-69.2128,-69.0676,-68.9446,-68.8546,-68.8099,-68.8222,-68.9014
2.455,-70.7793,-70.8438,-70.9115,-70.9454,-70.9401,-70.8996,-70.8304,-70.7383,-70.6281,-70.5034,-70.3669,-70.221,-70.0672,-69.9074,-69.7435,-69.5782,-69.4148,-69.2583,-69.1152,-68.9943,-68.9062,-68.8629,-68.8761,-68.9556
2.46,-70.8043,-70.8688,-70.9368,-70.971,-70.9662,-70.9265,-70.8581,-70.767,-70.6579,-70.5344,-70.3994,-70.2549,-70.1027,-69.9446,-69.7826,-69.6191,-69.4578,-69.3033,-69.1623,-69.0433,-68.957,-68.9152,-68.9293,-69.009
2.465,-70.829,-70.8937,-70.9618,-70.9964,-70.9921,-70.9531,-70.8856,-70.7955,-70.6875,-70.5652,-70.4315,-70.2884,-70.1378,-69.9814,-69.8212,-69.6596,-69.5003,-69.3478,-69.2088,-69.0918,-69.0072,-68.9668,-68.9817,-69.0616
2.47,-70.8536,-70.9184,-70.9867,-71.0216,-71.0178,-70.9795,-70.9129,-70.8237,-70.7168,-70.5957,-70.4633,-70.3217,-70.1726,-70.0178,-69.8593,-69.6997,-69.5422,-69.3918,-69.2548,-69.1396,-69.0567,-69.0177,-69.0335,-69.1136
2.475,-70.878,-70.9429,-71.0113,-71.0466,-71.0434,-71.0057,-70.9399,-70.8517,-70.7459,-70.626,-70.4949,-70.3546,-70.2071,-70.0539,-69.8971,-69.7393,-69.5838,-69.4353,-69.3002,-69.1869,-69.1056,-69.0679,-69.0846,-69.1648
2.48,-70.9022,-70.9672,-71.0358,-71.0714,-71.0687,-71.0317,-70.9667,-70.8795,-70.7747,-70.656,-70.5262,-70.3873,-70.2412,-70.0896,-69.9346,-69.7785,-69.6248,-69.4782,-69.345,-69.2335,-69.1539,-69.1175,-69.1349,-69.2154
2.485,-70.9262,-70.9914,-71.0601,-71.0961,-71.0938,-71.0575,-70.9933,-70.907,-70.8033,-70.6857,-70.5571,-70.4196,-70.275,-70.125,-69.9716,-69.8173,-69.6654,-69.5207,-69.3894,-69.2796,-69.2016,-69.1664,-69.1847,-69.2653
2.49,-70.9501,-71.0153,-71.0843,-71.1205,-71.1188,-71.0831,-71.0197,-70.9343,-70.8316,-70.7152,-70.5878,-70.4517,-70.3085,-70.16,-70.0082,-69.8556,-69.7056,-69.5627,-69.4332,-69.3252,-69.2487,-69.2147,-69.2338,-69.3145
2.495,-70.9738,-71.0391,-71.1082,-71.1448,-71.1435,-71.1085,-71.0459,-70.9614,-70.8597,-70.7444,-70.6183,-70.4834,-70.3416,-70.1947,-70.0445,-69.8936,-69.7453,-69.6042,-69.4765,-69.3702,-69.2952,-69.2625,-69.2822,-69.3631
2.5,-70.9973,-71.0627,-71.132,-71.1689,-71.1681,-71.1337,-71.0719,-70.9883,-70.8876,-70.7734,-70.6485,-70.5149,-70.3745,-70.229,-70.0804,-69.9312,-69.7846,-69.6453,-69.5193,-69.4147,-69.3412,-69.3096,-69.33,-69.4111
2.505,-71.0206,-71.0862,-71.1556,-71.1928,-71.1925,-71.1587,-71.0977,-71.0149,-70.9152,-70.8021,-70.6784,-70.5461,-70.407,-70.263,-70.116,-69.9684,-69.8235,-69.6859,-69.5616,-69.4586,-69.3866,-69.3561,-69.3773,-69.4584
2.51,-71.0438,-71.1095,-71.179,-71.2165,-71.2167,-71.1836,-71.1232,-71.0414,-70.9426,-70.8306,-70.708,-70.577,-70.4393,-70.2967,-70.1512,-70.0052,-69.862,-69.7261,-69.6035,-69.5021,-69.4314,-69.4021,-69.4239,-69.5052
2.515,-71.0668,-71.1326,-71.2023,-71.2401,-71.2407,-71.2082,-71.1486,-71.0676,-70.9698,-70.8589,-70.7374,-70.6076,-70.4712,-70.3301,-70.1861,-70.0416,-69.9001,-69.7658,-69.6448,-69.545,-69.4757,-69.4475,-69.47,-69.5513
2.52,-71.0896,-71.1555,-71.2254,-71.2635,-71.2646,-71.2327,-71.1738,-71.0937,-70.9968,-70.8869,-70.7665,-70.6379,-70.5029,-70.3631,-70.2206,-70.0777,-69.9377,-69.8051,-69.6858,-69.5874,-69.5195,-69.4923,-69.5155,-69.5969
2.525,-71.1123,-71.1783,-71.2483,-71.2867,-71.2883,-71.257,-71.1988,-71.1195,-71.0236,-70.9147,-70.7954,-70.668,-70.5343,-70.3959,-70.2548,-70.1134,-69.975,-69.844,-69.7262,-69.6294,-69.5628,-69.5366,-69.5604,-69.6419
2.53,-71.1348,-71.2009,-71.2711,-71.3098,-71.3118,-71.281,-71.2236,-71.1451,-71.0501,-70.9422,-70.8241,-70.6979,-70.5654,-70.4283,-70.2886,-70.1488,-70.0119,-69.8825,-69.7663,-69.6709,-69.6056,-69.5804,-69.6048,-69.6864
2.535,-71.1571,-71.2234,-71.2937,-71.3327,-71.3351,-71.305,-71.2482,-71.1705,-71.0765,-70.9695,-70.8525,-70.7274,-70.5962,-70.4604,-70.3222,-70.1838,-70.0485,-69.9205,-69.8058,-69.7119,-69.6479,-69.6237,-69.6487,-69.7304
2.54,-71.1793,-71.2457,-71.3162,-71.3554,-71.3583,-71.3287,-71.2727,-71.1958,-71.1026,-70.9967,-70.8807,-70.7568,-70.6267,-70.4923,-70.3554,-70.2185,-70.0846,-69.9582,-69.845,-69.7525,-69.6897,-69.6665,-69.692,-69.7738
2.545,-71.2014,-71.2679,-71.3385,-71.378,-71.3813,-71.3523,-71.2969,-71.2208,-71.1285,-71.0235,-70.9086,-70.7858,-70.657,-70.5238,-70.3883,-70.2528,-70.1204,-69.9955,-69.8838,-69.7926,-69.731,-69.7087,-69.7348,-69.8167
2.55,-71.2233,-71.2899,-71.3606,-71.4004,-71.4041,-71.3757,-71.321,-71.2457,-71.1542,-71.0502,-70.9363,-70.8146,-70.687,-70.5551,-70.4209,-70.2868,-70.1559,-70.0324,-69.9221,-69.8323,-69.7719,-69.7505,-69.7772,-69.859
2.555,-71.245,-71.3117,-71.3826,-71.4227,-71.4268,-71.3989,-71.3449,-71.2703,-71.1798,-71.0767,-70.9638,-70.8432,-70.7167,-70.5861,-70.4532,-70.3205,-70.191,-70.0689,-69.96,-69.8716,-69.8123,-69.7919,-69.819,-69.9009
2.56,-71.2666,-71.3334,-71.4045,-71.4448,-71.4493,-71.422,-71.3686,-71.2948,-71.2051,-71.1029,-70.991,-70.8715,-70.7462,-70.6168,-70.4852,-70.3538,-70.2257,-70.1051,-69.9976,-69.9104,-69.8523,-69.8327,-69.8604,-69.9423
2.565,-71.288,-71.355,-71.4262,-71.4668,-71.4717,-71.4449,-71.3922,-71.3191,-71.2302,-71.129,-71.0181,-70.8996,-70.7755,-70.6473,-70.5169,-70.3869,-70.2601,-70.1409,-70.0347,-69.9488,-69.8918,-69.8731,-69.9012,-69.9833
2.57,-71.3093,-71.3764,-71.4477,-71.4886,-71.4939,-71.4676,-71.4156,-71.3432,-71.2552,-71.1548,-71.0449,-70.9275,-70.8044,-70.6774,-70.5484,-70.4196,-70.2942,-70.1763,-70.0715,-69.9868,-69.9309,-69.913,-69.9417,-70.0237
2.575,-71.3305,-71.3977,-71.4691,-71.5102,-71.516,-71.4902,-71.4388,-71.3672,-71.2799,-71.1805,-71.0715,-70.9551,-70.8332,-70.7073,-70.5795,-70.452,-70.3279,-70.2114,-70.1079,-70.0244,-69.9696,-69.9526,-69.9817,-70.0637
2.58,-71.3515,-71.4188,-71.4904,-71.5317,-71.5379,-71.5126,-71.4618,-71.3909,-71.3045,-71.2059,-71.0979,-70.9826,-70.8617,-70.737,-70.6104,-70.4841,-70.3614,-70.2461,-70.1439,-70.0617,-70.0079,-69.9916,-70.0212,-70.1033
2.585,-71.3724,-71.4398,-71.5115,-71.5531,-71.5596,-71.5349,-71.4847,-71.4145,-71.3289,-71.2311,-71.1241,-71.0097,-70.8899,-70.7664,-70.6409,-70.516,-70.3945,-70.2805,-70.1796,-70.0985,-70.0458,-70.0303,-70.0603,-70.1424
2.59,-71.3931,-71.4606,-71.5325,-71.5743,-71.5812,-71.557,-71.5074,-71.438,-71.3531,-71.2562,-71.1501,-71.0367,-70.918,-70.7955,-70.6713,-70.5475,-70.4273,-70.3146,-70.2149,-70.135,-70.0832,-70.0685,-70.0989,-70.1811
2.595,-71.4137,-71.4813,-71.5533,-71.5954,-71.6027,-71.579,-71.53,-71.4612,-71.3771,-71.2811,-71.1758,-71.0635,-70.9457,-70.8244,-70.7013,-70.5788,-70.4598,-70.3483,-70.2498,-70.1711,-70.1203,-70.1063,-70.1372,-70.2193
2.6,-71.4342,-71.5019,-71.574,-71.6164,-71.624,-71.6008,-71.5524,-71.4843,-71.4009,-71.3057,-71.2014,-71.09,-70.9733,-70.8531,-70.7311,-70.6097,-70.492,-70.3818,-70.2844,-70.2068,-70.157,-70.1438,-70.175,-70.2572
2.605,-71.4545,-71.5224,-71.5946,-71.6372,-71.6452,-71.6224,-71.5746,-71.5072,-71.4246,-71.3302,-71.2268,-71.1163,-71.0006,-70.8815,-70.7606,-70.6404,-70.5238,-70.4148,-70.3187,-70.2422,-70.1933,-70.1808,-70.2125,-70.2946
2.61,-71.4747,-71.5427,-71.615,-71.6579,-71.6662,-71.6439,-71.5967,-71.53,-71.4481,-71.3545,-71.252,-71.1424,-71.0278,-70.9096,-70.7899,-70.6709,-70.5555,-70.4476,-70.3527,-70.2772,-70.2293,-70.2175,-70.2495,-70.3316
2.615,-71.4947,-71.5628,-71.6353,-71.6784,-71.6871,-71.6653,-71.6187,-71.5526,-71.4714,-71.3787,-71.2769,-71.1684,-71.0547,-70.9376,-70.8189,-70.701,-70.5868,-70.4801,-70.3863,-70.3119,-70.2648,-70.2537,-70.2862,-70.3683
2.62,-71.5147,-71.5829,-71.6555,-71.6988,-71.7079,-71.6865,-71.6405,-71.575,-71.4946,-71.4026,-71.3018,-71.1941,-71.0813,-70.9653,-70.8477,-70.7309,-70.6178,-70.5123,-70.4196,-70.3462,-70.3001,-70.2896,-70.3224,-70.4045
2.625,-71.5345,-71.6028,-71.6755,-71.7191,-71.7285,-71.7076,-71.6621,-71.5973,-71.5176,-71.4264,-71.3264,-71.2196,-71.1078,-70.9927,-70.8762,-70.7605,-70.6486,-70.5442,-70.4525,-70.3802,-70.3349,-70.3252,-70.3583,-70.4404
2.63,-71.5542,-71.6226,-71.6955,-71.7392,-71.749,-71.7286,-71.6836,-71.6194,-71.5404,-71.45,-71.3508,-71.2449,-71.1341,-71.02,-70.9045,-70.7899,-70.679,-70.5758,-70.4852,-70.4139,-70.3695,-70.3603,-70.3939,-70.4759
2.635,-71.5737,-71.6423,-71.7152,-71.7592,-71.7693,-71.7494,-71.7049,-71.6414,-71.5631,-71.4734,-71.375,-71.27,-71.1601,-71.047,-70.9326,-70.819,-70.7092,-70.6071,-70.5176,-70.4472,-70.4037,-70.3952,-70.429,-70.5111
2.64,-71.5932,-71.6618,-71.7349,-71.7791,-71.7896,-71.77,-71.7262,-71.6632,-71.5856,-71.4967,-71.3991,-71.2949,-71.186,-71.0738,-70.9604,-70.8479,-70.7392,-70.6381,-70.5496,-70.4802,-70.4375,-70.4296,-70.4638,-70.5458
2.645,-71.6125,-71.6813,-71.7545,-71.7989,-71.8097,-71.7906,-71.7472,-71.6849,-71.6079,-71.5198,-71.423,-71.3197,-71.2116,-71.1004,-70.988,-70.8765,-70.7689,-70.6688,-70.5814,-70.513,-70.4711,-70.4638,-70.4983,-70.5803
2.65,-71.6317,-71.7006,-71.7739,-71.8185,-71.8296,-71.811,-71.7681,-71.7064,-71.6301,-71.5427,-71.4467,-71.3442,-71.237,-71.1268,-71.0154,-70.9049,-70.7983,-70.6993,-70.6129,-70.5454,-70.5043,-70.4976,-70.5324,-70.6144
2.655,-71.6508,-71.7198,-71.7932,-71.838,-71.8495,-71.8312,-71.7889,-71.7278,-71.6522,-71.5655,-71.4702,-71.3686,-71.2623,-71.153,-71.0425,-70.9331,-70.8275,-70.7295,-70.6441,-70.5775,-70.5372,-70.5311,-70.5662,-70.6481
2.66,-71.6697,-71.7388,-71.8124,-71.8574,-71.8692,-71.8514,-71.8096,-71.749,-71.6741,-71.5881,-71.4936,-71.3928,-71.2874,-71.179,-71.0694,-70.961,-70.8564,-70.7594,-70.675,-70.6093,-70.5697,-70.5642,-70.5996,-70.6815
2.665,-71.6886,-71.7578,-71.8314,-71.8767,-71.8888,-71.8714,-71.8301,-71.7701,-71.6958,-71.6105,-71.5168,-71.4168,-71.3122,-71.2047,-71.0962,-70.9887,-70.8851,-70.7891,-70.7056,-70.6408,-70.602,-70.597,-70.6328,-70.7146
2.67,-71.7073,-71.7766,-71.8504,-71.8959,-71.9082,-71.8913,-71.8505,-71.7911,-71.7174,-71.6328,-71.5399,-71.4406,-71.3369,-71.2303,-71.1227,-71.0161,-70.9135,-70.8185,-70.736,-70.672,-70.634,-70.6296,-70.6656,-70.7474
2.675,-71.7259,-71.7954,-71.8692,-71.9149,-71.9276,-71.911,-71.8707,-71.8119,-71.7389,-71.6549,-71.5627,-71.4643,-71.3614,-71.2557,-71.1489,-71.0434,-70.9417,-70.8477,-70.7661,-70.703,-70.6657,-70.6618,-70.698,-70.7798
2.68,-71.7444,-71.814,-71.8879,-71.9338,-71.9468,-71.9306,-71.8908,-71.8326,-71.7602,-71.6769,-71.5854,-71.4878,-71.3857,-71.2808,-71.175,-71.0704,-70.9697,-70.8766,-70.7959,-70.7337,-70.6971,-70.6937,-70.7302,-70.8119
2.685,-71.7628,-71.8325,-71.9066,-71.9526,-71.9659,-71.9502,-71.9108,-71.8531,-71.7813,-71.6987,-71.608,-71.5111,-71.4098,-71.3058,-71.2009,-71.0972,-70.9974,-70.9053,-70.8255,-70.764,-70.7281,-70.7253,-70.7621,-70.8438
2.69,-71.7811,-71.8509,-71.925,-71.9713,-71.9849,-71.9695,-71.9307,-71.8735,-71.8023,-71.7204,-71.6304,-71.5342,-71.4338,-71.3306,-71.2266,-71.1237,-71.0249,-70.9337,-70.8548,-70.7942,-70.759,-70.7566,-70.7937,-70.8753
2.695,-71.7993,-71.8691,-71.9434,-71.9899,-72.0038,-71.9888,-71.9504,-71.8938,-71.8232,-71.742,-71.6526,-71.5572,-71.4576,-71.3552,-71.252,-71.1501,-71.0522,-70.9619,-70.8838,-70.824,-70.7895,-70.7876,-70.825,-70.9065
2.7,-71.8174,-71.8873,-71.9617,-72.0084,-72.0226,-72.008,-71.97,-71.914,-71.844,-71.7633,-71.6747,-71.58,-71.4811,-71.3796,-71.2773,-71.1763,-71.0792,-70.9898,-70.9126,-70.8536,-70.8198,-70.8184,-70.8559,-70.9374
2.705,-71.8353,-71.9054,-71.9799,-72.0267,-72.0412,-72.027,-71.9895,-71.934,-71.8646,-71.7846,-71.6966,-71.6027,-71.5046,-71.4039,-71.3024,-71.2022,-71.1061,-71.0175,-70.9412,-70.883,-70.8498,-70.8489,-70.8867,-70.9681
2.71,-71.8532,-71.9234,-71.998,-72.045,-72.0597,-72.0459,-72.0089,-71.9539,-71.885,-71.8057,-71.7184,-71.6252,-71.5278,-71.4279,-71.3273,-71.228,-71.1327,-71.045,-70.9695,-70.912,-70.8795,-70.8791,-70.9171,-70.9985
2.715,-71.8709,-71.9412,-72.0159,-72.0631,-72.0782,-72.0647,-72.0281,-71.9736,-71.9054,-71.8266,-71.74,-71.6475,-71.5509,-71.4518,-71.352,-71.2535,-71.1591,-71.0723,-70.9976,-70.9409,-70.909,-70.909,-70.9472,-71.0285
2.72,-71.8886,-71.959,-72.0338,-72.0811,-72.0965,-72.0834,-72.0473,-71.9933,-71.9256,-71.8475,-71.7615,-71.6697,-71.5739,-71.4755,-71.3765,-71.2789,-71.1853,-71.0993,-71.0255,-70.9695,-70.9382,-70.9387,-70.9771,-71.0583
2.725,-71.9062,-71.9766,-72.0515,-72.0991,-72.1147,-72.1019,-72.0663,-72.0128,-71.9456,-71.8681,-71.7828,-71.6918,-71.5966,-71.4991,-71.4008,-71.304,-71.2113,-71.1261,-71.0531,-70.9978,-70.9671,-70.968,-71.0067,-71.0879
2.73,-71.9236,-71.9942,-72.0692,-72.1169,-72.1328,-72.1204,-72.0852,-72.0322,-71.9656,-71.8887,-71.804,-71.7136,-71.6192,-71.5224,-71.425,-71.329,-71.2371,-71.1527,-71.0805,-71.0259,-70.9958,-70.9972,-71.0361,-71.1172
2.735,-71.941,-72.0116,-72.0867,-72.1346,-72.1508,-72.1387,-72.104,-72.0515,-71.9854,-71.9091,-71.8251,-71.7354,-71.6417,-71.5456,-71.449,-71.3538,-71.2627,-71.1791,-71.1076,-71.0538,-71.0243,-71.0261,-71.0651,-71.1462
2.74,-71.9582,-72.029,-72.1042,-72.1522,-72.1686,-72.157,-72.1226,-72.0706,-72.0051,-71.9294,-71.846,-71.7569,-71.664,-71.5686,-71.4728,-71.3784,-71.2881,-71.2053,-71.1346,-71.0814,-71.0525,-71.0547,-71.094,-71.175
2.745,-71.9754,-72.0462,-72.1215,-72.1698,-72.1864,-72.1751,-72.1412,-72.0896,-72.0247,-71.9495,-71.8668,-71.7784,-71.6861,-71.5915,-71.4964,-71.4028,-71.3133,-71.2313,-71.1613,-71.1088,-71.0805,-71.0831,-71.1226,-71.2035
2.75,-71.9924,-72.0634,-72.1388,-72.1872,-72.2041,-72.1931,-72.1596,-72.1086,-72.0441,-71.9696,-71.8874,-71.7997,-71.7081,-71.6142,-71.5198,-71.427,-71.3383,-71.2571,-71.1878,-71.136,-71.1082,-71.1113,-71.1509,-71.2317
2.755,-72.0094,-72.0805,-72.1559,-72.2045,-72.2217,-72.2111,-72.1779,-72.1274,-72.0634,-71.9894,-71.9079,-71.8208,-71.7299,-71.6367,-71.5431,-71.451,-71.3631,-71.2826,-71.2141,-71.163,-71.1358,-71.1392,-71.179,-71.2597
2.76,-72.0263,-72.0974,-72.173,-72.2217,-72.2392,-72.2289,-72.1962,-72.146,-72.0826,-72.0092,-71.9283,-71.8418,-71.7516,-71.6591,-71.5662,-71.4749,-71.3877,-71.308,-71.2402,-71.1897,-71.1631,-71.1668,-71.2068,-71.2875
2.765,-72.043,-72.1143,-72.1899,-72.2389,-72.2565,-72.2466,-72.2143,-72.1646,-72.1017,-72.0289,-71.9485,-71.8627,-71.7731,-71.6814,-71.5892,-71.4986,-71.4121,-71.3332,-71.2661,-71.2163,-71.1901,-71.1943,-71.2345,-71.3151
2.77,-72.0597,-72.1311,-72.2068,-72.2559,-72.2738,-72.2642,-72.2323,-72.1831,-72.1207,-72.0484,-71.9686,-71.8834,-71.7945,-71.7034,-71.612,-71.5221,-71.4364,-71.3582,-71.2918,-71.2426,-71.217,-71.2215,-71.2618,-71.3424
2.775,-72.0763,-72.1478,-72.2236,-72.2728,-72.291,-72.2817,-72.2502,-72.2014,-72.1395,-72.0678,-71.9886,-71.904,-71.8157,-71.7253,-71.6346,-71.5454,-71.4605,-71.383,-71.3172,-71.2687,-71.2436,-71.2485,-71.289,-71.3694
2.78,-72.0928,-72.1644,-72.2403,-72.2897,-72.3081,-72.2991,-72.268,-72.2197,-72.1583,-72.087,-72.0084,-71.9245,-71.8368,-71.7471,-71.657,-71.5686,-71.4844,-71.4076,-71.3425,-71.2946,-71.27,-71.2752,-71.3159,-71.3963
2.785,-72.1093,-72.1809,-72.2569,-72.3064,-72.3251,-72.3164,-72.2857,-72.2378,-72.1769,-72.1062,-72.0282,-71.9448,-71.8578,-71.7687,-71.6793,-71.5916,-71.5081,-71.432,-71.3676,-71.3203,-71.2962,-71.3018,-71.3426,-71.4229
2.79,-72.1256,-72.1973,-72.2734,-72.3231,-72.342,-72.3336,-72.3033,-72.2558,-72.1954,-72.1252,-72.0478,-71.965,-71.8786,-71.7902,-71.7015,-71.6145,-71.5316,-71.4562,-71.3925,-71.3458,-71.3222,-71.3281,-71.3691,-71.4493
2.795,-72.1418,-72.2136,-72.2898,-72.3396,-72.3588,-72.3507,-72.3208,-72.2738,-72.2138,-72.1441,-72.0672,-71.985,-71.8993,-71.8115,-71.7235,-71.6371,-71.555,-71.4803,-71.4172,-71.3711,-71.348,-71.3542,-71.3954,-71.4755
2.8,-72.158,-72.2299,-72.3061,-72.3561,-72.3755,-72.3678,-72.3381,-72.2916,-72.2321,-72.1629,-72.0866,-72.005,-71.9198,-71.8327,-71.7453,-71.6597,-71.5782,-71.5042,-71.4417,-71.3962,-71.3735,-71.3802,-71.4214,-71.5014
2.805,-72.174,-72.246,-72.3224,-72.3725,-72.3921,-72.3847,-72.3554,-72.3093,-72.2503,-72.1816,-72.1058,-72.0248,-71.9402,-71.8538,-71.767,-71.682,-71.6012,-71.5279,-71.4661,-71.4211,-71.3989,-71.4059,-71.4473,-71.5272
2.81,-72.19,-72.2621,-72.3385,-72.3888,-72.4086,-72.4015,-72.3726,-72.3269,-72.2684,-72.2002,-72.1249,-72.0445,-71.9605,-71.8747,-71.7886,-71.7042,-71.6241,-71.5514,-71.4902,-71.4458,-71.4241,-71.4314,-71.4729,-71.5527
2.815,-72.2059,-72.2781,-72.3546,-72.405,-72.4251,-72.4182,-72.3897,-72.3444,-72.2863,-72.2187,-72.1439,-72.064,-71.9807,-71.8954,-71.81,-71.7263,-71.6468,-71.5748,-71.5142,-71.4703,-71.4491,-71.4567,-71.4983,-71.5781
2.82,-72.2217,-72.294,-72.3706,-72.4211,-72.4414,-72.4349,-72.4067,-72.3618,-72.3042,-72.237,-72.1628,-72.0835,-72.0007,-71.9161,-71.8312,-71.7482,-71.6694,-71.5979,-71.538,-71.4947,-71.4739,-71.4818,-71.5235,-71.6032
2.825,-72.2375,-72.3098,-72.3865,-72.4372,-72.4577,-72.4514,-72.4236,-72.3791,-72.322,-72.2553,-72.1815,-72.1028,-72.0206,-71.9365,-71.8523,-71.7699,-71.6918,-71.621,-71.5616,-71.5188,-71.4985,-71.5067,-71.5486,-71.6282
2.83,-72.2531,-72.3256,-72.4023,-72.4531,-72.4738,-72.4679,-72.4404,-72.3963,-72.3396,-72.2734,-72.2002,-72.122,-72.0403,-71.9569,-71.8733,-71.7915,-71.714,-71.6438,-71.5851,-71.5428,-71.5229,-71.5314,-71.5734,-71.6529
2.835,-72.2687,-72.3412,-72.418,-72.469,-72.4899,-72.4843,-72.4571,-72.4134,-72.3572,-72.2914,-72.2187,-72.141,-72.06,-71.9771,-71.8942,-71.813,-71.7361,-71.6665,-71.6083,-71.5666,-71.5471,-71.5559,-71.598,-71.6774
2.84,-72.2842,-72.3568,-72.4337,-72.4848,-72.5059,-72.5005,-72.4738,-72.4305,-72.3746,-72.3094,-72.2372,-72.16,-72.0795,-71.9972,-71.9149,-71.8343,-71.758,-71.689,-71.6314,-71.5902,-71.5712,-71.5802,-71.6225,-71.7018
2.845,-72.2996,-72.3723,-72.4492,-72.5005,-72.5218,-72.5167,-72.4903,-72.4474,-72.392,-72.3272,-72.2555,-72.1788,-72.0989,-72.0172,-71.9354,-71.8555,-71.7798,-71.7114,-71.6544,-71.6137,-71.595,-71.6044,-71.6467,-71.726
2.85,-72.3149,-72.3877,-72.4647,-72.5161,-72.5377,-72.5328,-72.5067,-72.4642,-72.4092,-72.3449,-72.2737,-72.1975,-72.1181,-72.037,-71.9558,-71.8765,-71.8014,-71.7336,-71.6772,-71.6369,-71.6187,-71.6283,-71.6708,-71.7499
2.855,-72.3302,-72.4031,-72.4801,-72.5316,-72.5534,-72.5489,-72.5231,-72.4809,-72.4264,-72.3625,-72.2918,-72.2162,-72.1373,-72.0567,-71.9761,-71.8974,-71.8229,-71.7557,-71.6998,-71.66,-71.6422,-71.6521,-71.6947,-71.7737
2.86,-72.3454,-72.4183,-72.4955,-72.5471,-72.5691,-72.5648,-72.5394,-72.4976,-72.4434,-72.38,-72.3098,-72.2347,-72.1563,-72.0763,-71.9963,-71.9181,-71.8442,-71.7776,-71.7222,-71.683,-71.6656,-71.6757,-71.7184,-71.7973
2.865,-72.3605,-72.4335,-72.5107,-72.5625,-72.5847,-72.5806,-72.5555,-72.5141,-72.4604,-72.3974,-72.3277,-72.253,-72.1752,-72.0958,-72.0163,-71.9387,-71.8654,-71.7994,-71.7445,-71.7058,-71.6887,-71.6992,-71.742,-71.8208
2.87,-72.3755,-72.4486,-72.5259,-72.5778,-72.6002,-72.5964,-72.5716,-72.5306,-72.4772,-72.4147,-72.3454,-72.2713,-72.194,-72.1151,-72.0362,-71.9592,-71.8865,-71.821,-71.7667,-71.7284,-71.7117,-71.7224,-71.7653,-71.844
2.875,-72.3904,-72.4637,-72.541,-72.593,-72.6156,-72.6121,-72.5876,-72.547,-72.494,-72.4319,-72.3631,-72.2895,-72.2127,-72.1344,-72.056,-71.9796,-71.9074,-71.8424,-71.7887,-71.7508,-71.7346,-71.7455,-71.7885,-71.8671
2.88,-72.4053,-72.4786,-72.556,-72.6082,-72.6309,-72.6277,-72.6036,-72.5632,-72.5107,-72.449,-72.3807,-72.3075,-72.2313,-72.1535,-72.0757,-71.9998,-71.9281,-71.8638,-71.8105,-71.7731,-71.7572,-71.7684,-71.8115,-71.89
2.885,-72.4201,-72.4935,-72.571,-72.6232,-72.6462,-72.6432,-72.6194,-72.5794,-72.5273,-72.4661,-72.3982,-72.3255,-72.2498,-72.1724,-72.0952,-72.0198,-71.9488,-71.8849,-71.8322,-71.7953,-71.7797,-71.7912,-71.8343,-71.9128
2.89,-72.4349,-72.5083,-72.5858,-72.6382,-72.6614,-72.6587,-72.6351,-72.5955,-72.5438,-72.483,-72.4155,-72.3434,-72.2681,-72.1913,-72.1146,-72.0398,-71.9693,-71.906,-71.8537,-71.8173,-71.8021,-71.8138,-71.857,-71.9353
2.895,-72.4495,-72.5231,-72.6006,-72.6532,-72.6765,-72.674,-72.6508,-72.6116,-72.5602,-72.4998,-72.4328,-72.3611,-72.2863,-72.2101,-72.1339,-72.0596,-71.9896,-71.9268,-71.8751,-71.8391,-71.8243,-71.8362,-71.8795,-71.9577
2.9,-72.4641,-72.5377,-72.6154,-72.668,-72.6915,-72.6893,-72.6664,-72.6275,-72.5765,-72.5165,-72.45,-72.3787,-72.3045,-72.2287,-72.153,-72.0793,-72.0098,-71.9476,-71.8963,-71.8608,-71.8463,-71.8585,-71.9018,-71.98
2.905,-72.4786,-72.5523,-72.63,-72.6828,-72.7065,-72.7045,-72.6819,-72.6433,-72.5927,-72.5332,-72.4671,-72.3963,-72.3225,-72.2472,-72.1721,-72.0989,-72.0299,-71.9682,-71.9174,-71.8823,-71.8682,-71.8806,-71.924,-72.0021
2.91,-72.4931,-72.5669,-72.6446,-72.6975,-72.7214,-72.7196,-72.6973,-72.6591,-72.6089,-72.5497,-72.484,-72.4137,-72.3404,-72.2657,-72.191,-72.1183,-72.0499,-71.9887,-71.9384,-71.9037,-71.8899,-71.9025,-71.9461,-72.024
2.915,-72.5075,-72.5813,-72.6591,-72.7121,-72.7362,-72.7347,-72.7127,-72.6748,-72.6249,-72.5662,-72.5009,-72.4311,-72.3582,-72.284,-72.2098,-72.1377,-72.0698,-72.009,-71.9592,-71.9249,-71.9115,-71.9243,-71.9679,-72.0458
2.92,-72.5218,-72.5957,-72.6736,-72.7267,-72.7509,-72.7497,-72.7279,-72.6904,-72.6409,-72.5826,-72.5177,-72.4483,-72.3759,-72.3022,-72.2285,-72.1569,-72.0895,-72.0292,-71.9799,-71.946,-71.9329,-71.946,-71.9896,-72.0674
2.925,-72.536,-72.61,-72.688,-72.7412,-72.7656,-72.7646,-72.7431,-72.7059,-72.6568,-72.5988,-72.5344,-72.4654,-72.3936,-72.3202,-72.2471,-72.1759,-72.1091,-72.0493,-72.0004,-71.967,-71.9542,-71.9674,-72.0112,-72.0888
2.93,-72.5502,-72.6243,-72.7023,-72.7556,-72.7802,-72.7794,-72.7582,-72.7213,-72.6726,-72.615,-72.551,-72.4825,-72.4111,-72.3382,-72.2656,-72.1949,-72.1285,-72.0693,-72.0208,-71.9878,-71.9753,-71.9888,-72.0326,-72.1101
2.935,-72.5643,-72.6385,-72.7165,-72.7699,-72.7947,-72.7942,-72.7733,-72.7367,-72.6883,-72.6311,-72.5675,-72.4994,-72.4285,-72.3561,-72.2839,-72.2138,-72.1479,-72.0891,-72.0411,-72.0084,-71.9963,-72.01,-72.0539,-72.1313
2.94,-72.5784,-72.6526,-72.7307,-72.7842,-72.8091,-72.8088,-72.7882,-72.752,-72.7039,-72.6471,-72.584,-72.5163,-72.4458,-72.3739,-72.3022,-72.2325,-72.1671,-72.1088,-72.0613,-72.029,-72.0172,-72.031,-72.075,-72.1523
2.945,-72.5924,-72.6666,-72.7448,-72.7984,-72.8235,-72.8234,-72.8031,-72.7672,-72.7195,-72.6631,-72.6003,-72.5331,-72.463,-72.3915,-72.3203,-72.2511,-72.1862,-72.1284,-72.0813,-72.0494,-72.0379,-72.0519,-72.0959,-72.1732
2.95,-72.6063,-72.6806,-72.7588,-72.8126,-72.8378,-72.838,-72.8179,-72.7823,-72.735,-72.6789,-72.6165,-72.5497,-72.4801,-72.4091,-72.3384,-72.2696,-72.2052,-72.1478,-72.1012,-72.0696,-72.0584,-72.0727,-72.1168,-72.1939
2.955,-72.6201,-72.6945,-72.7728,-72.8266,-72.8521,-72.8524,-72.8327,-72.7974,-72.7504,-72.6947,-72.6327,-72.5663,-72.4971,-72.4266,-72.3563,-72.288,-72.2241,-72.1671,-72.1209,-72.0898,-72.0789,-72.0933,-72.1374,-72.2145
2.96,-72.6339,-72.7084,-72.7867,-72.8406,-72.8662,-72.8668,-72.8473,-72.8123,-72.7657,-72.7104,-72.6488,-72.5828,-72.514,-72.4439,-72.3741,-72.3063,-72.2428,-72.1863,-72.1405,-72.1098,-72.0992,-72.1138,-72.158,-72.2349
2.965,-72.6476,-72.7222,-72.8006,-72.8546,-72.8803,-72.8811,-72.8619,-72.8272,-72.7809,-72.726,-72.6648,-72.5992,-72.5308,-72.4612,-72.3918,-72.3245,-72.2615,-72.2054,-72.16,-72.1297,-72.1193,-72.1342,-72.1784,-72.2552
2.97,-72.6613,-72.7359,-72.8143,-72.8685,-72.8944,-72.8954,-72.8764,-72.842,-72.7961,-72.7415,-72.6807,-72.6155,-72.5476,-72.4784,-72.4094,-72.3426,-72.28,-72.2244,-72.1794,-72.1494,-72.1394,-72.1544,-72.1986,-72.2753
2.975,-72.6749,-72.7496,-72.828,-72.8823,-72.9083,-72.9096,-72.8909,-72.8568,-72.8111,-72.7569,-72.6965,-72.6317,-72.5642,-72.4954,-72.427,-72.3605,-72.2984,-72.2433,-72.1987,-72.169,-72.1593,-72.1745,-72.2188,-72.2954
2.98,-72.6884,-72.7632,-72.8417,-72.896,-72.9223,-72.9237,-72.9053,-72.8715,-72.8261,-72.7723,-72.7122,-72.6478,-72.5807,-72.5124,-72.4444,-72.3784,-72.3167,-72.262,-72.2178,-72.1885,-72.179,-72.1944,-72.2388,-72.3152
2.985,-72.7019,-72.7767,-72.8553,-72.9097,-72.9361,-72.9378,-72.9196,-72.8861,-72.8411,-72.7876,-72.7279,-72.6639,-72.5972,-72.5293,-72.4617,-72.3962,-72.3349,-72.2806,-72.2368,-72.2079,-72.1987,-72.2142,-72.2586,-72.335
2.99,-72.7153,-72.7902,-72.8688,-72.9233,-72.9499,-72.9517,-72.9338,-72.9006,-72.8559,-72.8027,-72.7434,-72.6798,-72.6136,-72.5461,-72.4789,-72.4138,-72.353,-72.2991,-72.2557,-72.2271,-72.2182,-72.2339,-72.2783,-72.3546
2.995,-72.7287,-72.8036,-72.8823,-72.9369,-72.9636,-72.9657,-72.948,-72.9151,-72.8707,-72.8179,-72.7589,-72.6957,-72.6298,-72.5628,-72.496,-72.4314,-72.371,-72.3175,-72.2745,-72.2462,-72.2376,-72.2535,-72.2979,-72.3741
3,-72.742,-72.817,-72.8957,-72.9504,-72.9772,-72.9795,-72.9621,-72.9294,-72.8854,-72.8329,-72.7743,-72.7115,-72.646,-72.5794,-72.513,-72.4488,-72.3888,-72.3358,-72.2932,-72.2653,-72.2569,-72.2729,-72.3174,-72.3935
3.005,-72.7552,-72.8303,-72.909,-72.9638,-72.9908,-72.9933,-72.9761,-72.9438,-72.9,-72.8479,-72.7897,-72.7272,-72.6621,-72.5959,-72.53,-72.4662,-72.4066,-72.354,-72.3118,-72.2841,-72.276,-72.2922,-72.3368,-72.4127
3.01,-72.7684,-72.8435,-72.9223,-72.9772,-73.0043,-73.007,-72.9901,-72.958,-72.9146,-72.8628,-72.8049,-72.7428,-72.6781,-72.6123,-72.5468,-72.4834,-72.4243,-72.372,-72.3302,-72.3029,-72.295,-72.3114,-72.356,-72.4318
3.015,-72.7815,-72.8567,-72.9356,-72.9905,-73.0178,-73.0207,-73.004,-72.9722,-72.9291,-72.8776,-72.8201,-72.7584,-72.6941,-72.6286,-72.5635,-72.5006,-72.4418,-72.39,-72.3485,-72.3216,-72.3139,-72.3305,-72.3751,-72.4508
3.02,-72.7946,-72.8699,-72.9487,-73.0038,-73.0312,-73.0343,-73.0178,-72.9863,-72.9435,-72.8923,-72.8352,-72.7738,-72.7099,-72.6449,-72.5802,-72.5176,-72.4593,-72.4079,-72.3668,-72.3401,-72.3327,-72.3494,-72.3941,-72.4697
3.025,-72.8076,-72.8829,-72.9618,-73.017,-73.0445,-73.0478,-73.0316,-73.0003,-72.9578,-72.907,-72.8502,-72.7892,-72.7257,-72.661,-72.5967,-72.5346,-72.4766,-72.4256,-72.3849,-72.3585,-72.3514,-72.3682,-72.4129,-72.4884
3.03,-72.8206,-72.8959,-72.9749,-73.0301,-73.0578,-73.0613,-73.0453,-73.0143,-72.9721,-72.9216,-72.8651,-72.8045,-72.7413,-72.6771,-72.6132,-72.5514,-72.4939,-72.4433,-72.4029,-72.3769,-72.37,-72.3869,-72.4316,-72.5071
3.035,-72.8335,-72.9089,-72.9879,-73.0432,-73.071,-73.0747,-73.0589,-73.0282,-72.9863,-72.9361,-72.88,-72.8197,-72.7569,-72.6931,-72.6296,-72.5682,-72.5111,-72.4608,-72.4208,-72.3951,-72.3884,-72.4055,-72.4503,-72.5256
3.04,-72.8463,-72.9218,-73.0008,-73.0562,-73.0842,-73.088,-73.0725,-73.0421,-73.0005,-72.9506,-72.8948,-72.8349,-72.7725,-72.7089,-72.6459,-72.5849,-72.5281,-72.4782,-72.4386,-72.4132,-72.4068,-72.424,-72.4688,-72.544
3.045,-72.8591,-72.9346,-73.0137,-73.0692,-73.0973,-73.1013,-73.086,-73.0559,-73.0145,-72.965,-72.9095,-72.85,-72.7879,-72.7248,-72.662,-72.6015,-72.5451,-72.4956,-72.4562,-72.4312,-72.425,-72.4424,-72.4872,-72.5623
3.05,-72.8718,-72.9474,-73.0265,-73.0821,-73.1103,-73.1146,-73.0995,-73.0696,-73.0285,-72.9793,-72.9241,-72.8649,-72.8032,-72.7405,-72.6782,-72.618,-72.562,-72.5128,-72.4738,-72.449,-72.4431,-72.4606,-72.5054,-72.5804
3.055,-72.8845,-72.9602,-73.0393,-73.0949,-73.1233,-73.1277,-73.1129,-73.0832,-73.0425,-72.9935,-72.9387,-72.8799,-72.8185,-72.7561,-72.6942,-72.6344,-72.5788,-72.53,-72.4913,-72.4668,-72.4611,-72.4788,-72.5236,-72.5985
3.06,-72.8972,-72.9728,-73.052,-73.1077,-73.1363,-73.1408,-73.1262,-73.0968,-73.0563,-73.0077,-72.9532,-72.8947,-72.8337,-72.7717,-72.7101,-72.6507,-72.5954,-72.547,-72.5087,-72.4845,-72.479,-72.4968,-72.5416,-72.6164
3.065,-72.9097,-72.9855,-73.0647,-73.1205,-73.1491,-73.1539,-73.1395,-73.1103,-73.0701,-73.0218,-72.9677,-72.9095,-72.8488,-72.7872,-72.726,-72.6669,-72.612,-72.564,-72.526,-72.5021,-72.4968,-72.5147,-72.5596,-72.6342
3.07,-72.9222,-72.998,-73.0773,-73.1332,-73.1619,-73.1669,-73.1527,-73.1238,-73.0839,-73.0359,-72.982,-72.9242,-72.8639,-72.8026,-72.7417,-72.683,-72.6285,-72.5808,-72.5432,-72.5195,-72.5145,-72.5325,-72.5774,-72.652
3.075,-72.9347,-73.0106,-73.0899,-73.1458,-73.1747,-73.1798,-73.1658,-73.1372,-73.0976,-73.0498,-72.9963,-72.9388,-72.8788,-72.8179,-72.7574,-72.6991,-72.645,-72.5976,-72.5602,-72.5369,-72.532,-72.5502,-72.5951,-72.6696
3.08,-72.9471,-73.023,-73.1024,-73.1584,-73.1874,-73.1927,-73.1789,-73.1505,-73.1112,-73.0637,-73.0105,-72.9533,-72.8937,-72.8331,-72.773,-72.715,-72.6613,-72.6143,-72.5772,-72.5541,-72.5495,-72.5678,-72.6127,-72.6871
3.085,-72.9595,-73.0355,-73.1148,-73.1709,-73.2001,-73.2055,-73.192,-73.1638,-73.1247,-73.0776,-73.0247,-72.9678,-72.9085,-72.8483,-72.7885,-72.7309,-72.6775,-72.6308,-72.5941,-72.5713,-72.5669,-72.5853,-72.6302,-72.7045
3.09,-72.9718,-73.0478,-73.1272,-73.1834,-73.2127,-73.2183,-73.2049,-73.177,-73.1382,-73.0914,-73.0387,-72.9822,-72.9233,-72.8634,-72.804,-72.7467,-72.6937,-72.6473,-72.6109,-72.5884,-72.5841,-72.6027,-72.6476,-72.7218
3.095,-72.9841,-73.0601,-73.1396,-73.1958,-73.2252,-73.231,-73.2179,-73.1902,-73.1516,-73.1051,-73.0528,-72.9965,-72.9379,-72.8784,-72.8193,-72.7624,-72.7097,-72.6637,-72.6276,-72.6053,-72.6013,-72.62,-72.6649,-72.739
3.1,-72.9963,-73.0724,-73.1519,-73.2082,-73.2377,-73.2437,-73.2307,-73.2033,-73.165,-73.1187,-73.0667,-73.0108,-72.9525,-72.8933,-72.8346,-72.7781,-72.7257,-72.68,-72.6442,-72.6222,-72.6184,-72.6372,-72.6821,-72.756
3.105,-73.0085,-73.0846,-73.1641,-73.2205,-73.2501,-73.2563,-73.2435,-73.2163,-73.1783,-73.1323,-73.0806,-73.025,-72.9671,-72.9082,-72.8498,-72.7936,-72.7416,-72.6962,-72.6607,-72.639,-72.6354,-72.6543,-72.6992,-72.773
3.11,-73.0206,-73.0968,-73.1763,-73.2327,-73.2625,-73.2688,-73.2563,-73.2293,-73.1915,-73.1458,-73.0944,-73.0391,-72.9815,-72.923,-72.8649,-72.8091,-72.7574,-72.7124,-72.6772,-72.6557,-72.6522,-72.6712,-72.7162,-72.7899
3.115,-73.0327,-73.1089,-73.1884,-73.2449,-73.2748,-73.2813,-73.269,-73.2422,-73.2047,-73.1593,-73.1082,-73.0532,-72.9959,-72.9377,-72.88,-72.8244,-72.7731,-72.7284,-72.6935,-72.6723,-72.669,-72.6881,-72.7331,-72.8067
3.12,-73.0447,-73.121,-73.2005,-73.2571,-73.2871,-73.2937,-73.2816,-73.2551,-73.2178,-73.1727,-73.1219,-73.0672,-73.0102,-72.9523,-72.8949,-72.8398,-72.7887,-72.7443,-72.7097,-72.6888,-72.6857,-72.7049,-72.7499,-72.8234
3.125,-73.0567,-73.133,-73.2126,-73.2692,-73.2993,-73.3061,-73.2942,-73.2679,-73.2309,-73.186,-73.1355,-73.0811,-73.0244,-72.9669,-72.9098,-72.855,-72.8043,-72.7602,-72.7259,-72.7052,-72.7023,-72.7216,-72.7666,-72.84
3.13,-73.0686,-73.145,-73.2246,-73.2813,-73.3115,-73.3185,-73.3067,-73.2807,-73.2439,-73.1993,-73.149,-73.095,-73.0386,-72.9814,-72.9247,-72.8701,-72.8197,-72.776,-72.742,-72.7215,-72.7188,-72.7382,-72.7832,-72.8565
3.135,-73.0805,-73.1569,-73.2365,-73.2933,-73.3236,-73.3307,-73.3192,-73.2934,-73.2569,-73.2125,-73.1625,-73.1088,-73.0527,-72.9958,-72.9394,-72.8852,-72.8351,-72.7917,-72.7579,-72.7377,-72.7352,-72.7547,-72.7997,-72.8729
3.14,-73.0923,-73.1688,-73.2484,-73.3053,-73.3357,-73.343,-73.3316,-73.306,-73.2698,-73.2257,-73.176,-73.1225,-73.0668,-73.0101,-72.9541,-72.9002,-72.8504,-72.8073,-72.7738,-72.7538,-72.7515,-72.7711,-72.8161,-72.8892
3.145,-73.1041,-73.1806,-73.2603,-73.3172,-73.3477,-73.3552,-73.344,-73.3186,-73.2826,-73.2388,-73.1894,-73.1362,-73.0807,-73.0244,-72.9687,-72.9151,-72.8657,-72.8228,-72.7897,-72.7699,-72.7677,-72.7875,-72.8325,-72.9054
3.15,-73.1158,-73.1924,-73.2721,-73.329,-73.3597,-73.3673,-73.3563,-73.3312,-73.2954,-73.2518,-73.2027,-73.1498,-73.0946,-73.0386,-72.9832,-72.9299,-72.8808,-72.8383,-72.8054,-72.7858,-72.7839,-72.8037,-72.8487,-72.9215
3.155,-73.1275,-73.2041,-73.2838,-73.3409,-73.3716,-73.3794,-73.3686,-73.3436,-73.3081,-73.2648,-73.2159,-73.1633,-73.1085,-73.0528,-72.9977,-72.9447,-72.8959,-72.8537,-72.821,-72.8017,-72.7999,-72.8198,-72.8648,-72.9375
3.16,-73.1392,-73.2158,-73.2956,-73.3526,-73.3835,-73.3914,-73.3808,-73.3561,-73.3208,-73.2777,-73.2291,-73.1768,-73.1222,-73.0668,-73.012,-72.9594,-72.9109,-72.869,-72.8366,-72.8175,-72.8159,-72.8359,-72.8809,-72.9535
3.165,-73.1508,-73.2274,-73.3072,-73.3644,-73.3954,-73.4034,-73.393,-73.3684,-73.3334,-73.2906,-73.2422,-73.1902,-73.1359,-73.0808,-73.0263,-72.974,-72.9258,-72.8842,-72.8521,-72.8332,-72.8317,-72.8518,-72.8968,-72.9693
3.17,-73.1623,-73.239,-73.3188,-73.376,-73.4071,-73.4153,-73.4051,-73.3808,-73.3459,-73.3034,-73.2553,-73.2036,-73.1496,-73.0948,-73.0406,-72.9886,-72.9407,-72.8993,-72.8675,-72.8488,-72.8475,-72.8677,-72.9127,-72.9851
3.175,-73.1739,-73.2506,-73.3304,-73.3877,-73.4189,-73.4272,-73.4171,-73.393,-73.3584,-73.3161,-73.2683,-73.2169,-73.1632,-73.1087,-73.0548,-73.0031,-72.9555,-72.9144,-72.8828,-72.8643,-72.8632,-72.8835,-72.9285,-73.0008
3.18,-73.1853,-73.2621,-73.3419,-73.3993,-73.4306,-73.439,-73.4292,-73.4053,-73.3709,-73.3288,-73.2813,-73.2301,-73.1767,-73.1225,-73.0689,-73.0175,-72.9702,-72.9293,-72.898,-72.8798,-72.8788,-72.8992,-72.9442,-73.0164
3.185,-73.1968,-73.2736,-73.3534,-73.4108,-73.4422,-73.4508,-73.4411,-73.4174,-73.3833,-73.3415,-73.2942,-73.2433,-73.1901,-73.1362,-73.0829,-73.0318,-72.9848,-72.9443,-72.9132,-72.8952,-72.8944,-72.9148,-72.9598,-73.0319
3.19,-73.2081,-73.285,-73.3649,-73.4223,-73.4538,-73.4625,-73.453,-73.4296,-73.3956,-73.354,-73.307,-73.2564,-73.2035,-73.1499,-73.0969,-73.0461,-72.9993,-72.9591,-72.9283,-72.9105,-72.9098,-72.9304,-72.9753,-73.0473
3.195,-73.2195,-73.2964,-73.3763,-73.4337,-73.4653,-73.4742,-73.4649,-73.4416,-73.4079,-73.3666,-73.3198,-73.2694,-73.2169,-73.1635,-73.1108,-73.0603,-73.0138,-72.9738,-72.9433,-72.9257,-72.9252,-72.9458,-72.9908,-73.0626
3.2,-73.2308,-73.3077,-73.3876,-73.4451,-73.4769,-73.4859,-73.4767,-73.4536,-73.4201,-73.3791,-73.3326,-73.2824,-73.2301,-73.1771,-73.1246,-73.0744,-73.0282,-72.9885,-72.9582,-72.9408,-72.9405,-72.9612,-73.0061,-73.0779
3.205,-73.2421,-73.319,-73.3989,-73.4565,-73.4883,-73.4975,-73.4885,-73.4656,-73.4323,-73.3915,-73.3452,-73.2954,-73.2433,-73.1906,-73.1384,-73.0884,-73.0426,-73.0031,-72.973,-72.9559,-72.9557,-72.9765,-73.0214,-73.093
3.21,-73.2533,-73.3302,-73.4102,-73.4678,-73.4997,-73.509,-73.5002,-73.4775,-73.4445,-73.4038,-73.3579,-73.3082,-73.2565,-73.204,-73.1521,-73.1024,-73.0568,-73.0177,-72.9878,-72.9709,-72.9708,-72.9917,-73.0366,-73.1081
3.215,-73.2644,-73.3414,-73.4214,-73.4791,-73.5111,-73.5205,-73.5119,-73.4894,-73.4566,-73.4162,-73.3704,-73.3211,-73.2696,-73.2174,-73.1658,-73.1164,-73.071,-73.0321,-73.0025,-72.9858,-72.9859,-73.0068,-73.0517,-73.1231
3.22,-73.2756,-73.3526,-73.4326,-73.4903,-73.5224,-73.532,-73.5235,-73.5012,-73.4686,-73.4284,-73.3829,-73.3338,-73.2826,-73.2307,-73.1794,-73.1302,-73.0852,-73.0465,-73.0171,-73.0006,-73.0008,-73.0218,-73.0667,-73.138
3.225,-73.2867,-73.3637,-73.4437,-73.5015,-73.5337,-73.5434,-73.5351,-73.513,-73.4806,-73.4407,-73.3954,-73.3465,-73.2956,-73.2439,-73.1929,-73.144,-73.0992,-73.0608,-73.0317,-73.0153,-73.0157,-73.0368,-73.0817,-73.1529
3.23,-73.2977,-73.3748,-73.4548,-73.5127,-73.5449,-73.5548,-73.5466,-73.5247,-73.4925,-73.4528,-73.4078,-73.3592,-73.3085,-73.2571,-73.2063,-73.1578,-73.1132,-73.0751,-73.0462,-73.03,-73.0305,-73.0517,-73.0965,-73.1676
3.235,-73.3087,-73.3858,-73.4659,-73.5238,-73.5561,-73.5661,-73.5581,-73.5364,-73.5044,-73.4649,-73.4201,-73.3718,-73.3214,-73.2702,-73.2197,-73.1714,-73.1272,-73.0893,-73.0606,-73.0446,-73.0453,-73.0665,-73.1113,-73.1823
3.24,-73.3197,-73.3969,-73.4769,-73.5348,-73.5673,-73.5774,-73.5695,-73.548,-73.5162,-73.477,-73.4324,-73.3843,-73.3342,-73.2833,-73.2331,-73.185,-73.141,-73.1034,-73.0749,-73.0591,-73.06,-73.0812,-73.1261,-73.1969
3.245,-73.3306,-73.4078,-73.4879,-73.5458,-73.5784,-73.5886,-73.5809,-73.5596,-73.528,-73.489,-73.4447,-73.3968,-73.3469,-73.2963,-73.2463,-73.1986,-73.1548,-73.1174,-73.0892,-73.0736,-73.0745,-73.0959,-73.1407,-73.2115
3.25,-73.3415,-73.4187,-73.4988,-73.5568,-73.5895,-73.5998,-73.5923,-73.5711,-73.5398,-73.501,-73.4569,-73.4093,-73.3596,-73.3092,-73.2595,-73.212,-73.1686,-73.1314,-73.1034,-73.088,-73.0891,-73.1105,-73.1553,-73.2259
3.255,-73.3524,-73.4296,-73.5097,-73.5678,-73.6005,-73.611,-73.6036,-73.5826,-73.5515,-73.5129,-73.469,-73.4217,-73.3723,-73.3221,-73.2727,-73.2254,-73.1822,-73.1453,-73.1175,-73.1023,-73.1035,-73.125,-73.1698,-73.2403
3.26,-73.3632,-73.4405,-73.5206,-73.5787,-73.6115,-73.6221,-73.6149,-73.5941,-73.5631,-73.5247,-73.4811,-73.434,-73.3848,-73.335,-73.2858,-73.2388,-73.1958,-73.1591,-73.1316,-73.1165,-73.1179,-73.1394,-73.1842,-73.2546
3.265,-73.374,-73.4513,-73.5314,-73.5895,-73.6224,-73.6331,-73.6261,-73.6055,-73.5747,-73.5365,-73.4932,-73.4463,-73.3974,-73.3478,-73.2988,-73.2521,-73.2094,-73.1729,-73.1456,-73.1307,-73.1322,-73.1538,-73.1985,-73.2689
3.27,-73.3847,-73.462,-73.5421,-73.6003,-73.6333,-73.6441,-73.6373,-73.6168,-73.5863,-73.5483,-73.5051,-73.4585,-73.4098,-73.3605,-73.3118,-73.2653,-73.2229,-73.1866,-73.1595,-73.1448,-73.1464,-73.1681,-73.2128,-73.283
3.275,-73.3954,-73.4727,-73.5529,-73.6111,-73.6442,-73.6551,-73.6484,-73.6281,-73.5978,-73.56,-73.5171,-73.4707,-73.4222,-73.3731,-73.3247,-73.2785,-73.2363,-73.2003,-73.1734,-73.1588,-73.1606,-73.1823,-73.227,-73.2971
3.28,-73.4061,-73.4834,-73.5636,-73.6218,-73.655,-73.6661,-73.6595,-73.6394,-73.6092,-73.5717,-73.529,-73.4828,-73.4346,-73.3858,-73.3376,-73.2916,-73.2496,-73.2139,-73.1871,-73.1728,-73.1747,-73.1964,-73.2411,-73.3111
3.285,-73.4167,-73.4941,-73.5742,-73.6325,-73.6658,-73.677,-73.6705,-73.6506,-73.6206,-73.5833,-73.5408,-73.4949,-73.4469,-73.3983,-73.3504,-73.3046,-73.2629,-73.2274,-73.2009,-73.1867,-73.1887,-73.2105,-73.2552,-73.3251
3.29,-73.4273,-73.5047,-73.5848,-73.6432,-73.6765,-73.6878,-73.6815,-73.6618,-73.632,-73.5949,-73.5526,-73.5069,-73.4592,-73.4108,-73.3631,-73.3176,-73.2761,-73.2409,-73.2145,-73.2005,-73.2026,-73.2245,-73.2692,-73.339
3.295,-73.4378,-73.5153,-73.5954,-73.6538,-73.6872,-73.6986,-73.6925,-73.6729,-73.6433,-73.6064,-73.5644,-73.5189,-73.4714,-73.4233,-73.3758,-73.3306,-73.2893,-73.2542,-73.2281,-73.2143,-73.2165,-73.2385,-73.2831,-73.3528
3.3,-73.4484,-73.5258,-73.606,-73.6644,-73.6979,-73.7094,-73.7034,-73.684,-73.6546,-73.6179,-73.5761,-73.5308,-73.4836,-73.4357,-73.3885,-73.3435,-73.3024,-73.2676,-73.2417,-73.228,-73.2303,-73.2523,-73.2969,-73.3665
3.305,-73.4588,-73.5363,-73.6165,-73.6749,-73.7085,-73.7202,-73.7143,-73.6951,-73.6659,-73.6294,-73.5877,-73.5427,-73.4957,-73.448,-73.401,-73.3563,-73.3155,-73.2809,-73.2551,-73.2416,-73.2441,-73.2661,-73.3107,-73.3802
3.31,-73.4693,-73.5468,-73.6269,-73.6854,-73.7191,-73.7309,-73.7252,-73.7061,-73.677,-73.6408,-73.5993,-73.5545,-73.5077,-73.4603,-73.4136,-73.369,-73.3285,-73.2941,-73.2686,-73.2552,-73.2578,-73.2799,-73.3244,-73.3938
3.315,-73.4797,-73.5572,-73.6374,-73.6959,-73.7296,-73.7415,-73.736,-73.7171,-73.6882,-73.6521,-73.6109,-73.5663,-73.5197,-73.4725,-73.426,-73.3818,-73.3414,-73.3072,-73.2819,-73.2687,-73.2714,-73.2935,-73.3381,-73.4074
3.32,-73.4901,-73.5676,-73.6478,-73.7064,-73.7401,-73.7521,-73.7467,-73.728,-73.6993,-73.6634,-73.6224,-73.578,-73.5317,-73.4847,-73.4385,-73.3944,-73.3543,-73.3203,-73.2952,-73.2822,-73.285,-73.3071,-73.3516,-73.4208
3.325,-73.5004,-73.5779,-73.6581,-73.7167,-73.7506,-73.7627,-73.7574,-73.7389,-73.7104,-73.6747,-73.6339,-73.5897,-73.5436,-73.4969,-73.4508,-73.407,-73.3671,-73.3334,-73.3084,-73.2955,-73.2984,-73.3207,-73.3652,-73.4342
3.33,-73.5107,-73.5882,-73.6684,-73.7271,-73.761,-73.7733,-73.7681,-73.7497,-73.7214,-73.6859,-73.6453,-73.6013,-73.5555,-73.5089,-73.4631,-73.4195,-73.3799,-73.3463,-73.3216,-73.3089,-73.3119,-73.3342,-73.3786,-73.4476
3.335,-73.521,-73.5985,-73.6787,-73.7374,-73.7714,-73.7838,-73.7788,-73.7605,-73.7324,-73.6971,-73.6567,-73.6129,-73.5673,-73.521,-73.4754,-73.432,-73.3926,-73.3592,-73.3347,-73.3221,-73.3252,-73.3476,-73.392,-73.4609
3.34,-73.5312,-73.6088,-73.689,-73.7477,-73.7818,-73.7942,-73.7894,-73.7713,-73.7433,-73.7082,-73.668,-73.6245,-73.579,-73.533,-73.4876,-73.4445,-73.4052,-73.3721,-73.3477,-73.3353,-73.3385,-73.3609,-73.4053,-73.4741
3.345,-73.5414,-73.619,-73.6992,-73.758,-73.7921,-73.8046,-73.7999,-73.782,-73.7542,-73.7193,-73.6793,-73.636,-73.5907,-73.5449,-73.4998,-73.4568,-73.4178,-73.3849,-73.3607,-73.3485,-73.3518,-73.3742,-73.4186,-73.4872
3.35,-73.5516,-73.6292,-73.7094,-73.7682,-73.8024,-73.815,-73.8104,-73.7927,-73.7651,-73.7303,-73.6905,-73.6474,-73.6024,-73.5568,-73.5119,-73.4692,-73.4304,-73.3976,-73.3736,-73.3615,-73.3649,-73.3874,-73.4318,-73.5003
3.355,-73.5617,-73.6393,-73.7195,-73.7783,-73.8126,-73.8254,-73.8209,-73.8033,-73.7759,-73.7413,-73.7017,-73.6588,-73.614,-73.5686,-73.5239,-73.4814,-73.4429,-73.4103,-73.3865,-73.3745,-73.3781,-73.4006,-73.4449,-73.5133
3.36,-73.5718,-73.6494,-73.7296,-73.7885,-73.8228,-73.8357,-73.8314,-73.8139,-73.7867,-73.7523,-73.7129,-73.6702,-73.6256,-73.5804,-73.5359,-73.4937,-73.4553,-73.423,-73.3993,-73.3875,-73.3911,-73.4137,-73.458,-73.5263
3.365,-73.5818,-73.6595,-73.7397,-73.7986,-73.833,-73.846,-73.8418,-73.8245,-73.7974,-73.7632,-73.724,-73.6815,-73.6371,-73.5921,-73.5479,-73.5058,-73.4677,-73.4355,-73.4121,-73.4004,-73.4041,-73.4267,-73.471,-73.5392
3.37,-73.5919,-73.6695,-73.7498,-73.8087,-73.8432,-73.8562,-73.8522,-73.835,-73.8081,-73.7741,-73.7351,-73.6928,-73.6486,-73.6038,-73.5598,-73.518,-73.48,-73.4481,-73.4248,-73.4132,-73.4171,-73.4397,-73.4839,-73.552
3.375,-73.6019,-73.6796,-73.7598,-73.8187,-73.8533,-73.8664,-73.8625,-73.8455,-73.8187,-73.7849,-73.7461,-73.704,-73.66,-73.6155,-73.5717,-73.53,-73.4923,-73.4605,-73.4374,-73.426,-73.4299,-73.4526,-73.4968,-73.5648
3.38,-73.6118,-73.6895,-73.7697,-73.8287,-73.8633,-73.8766,-73.8728,-73.8559,-73.8294,-73.7957,-73.7571,-73.7152,-73.6714,-73.6271,-73.5835,-73.542,-73.5045,-73.473,-73.45,-73.4387,-73.4427,-73.4655,-73.5096,-73.5775
3.385,-73.6218,-73.6995,-73.7797,-73.8387,-73.8734,-73.8867,-73.8831,-73.8663,-73.8399,-73.8065,-73.768,-73.7263,-73.6828,-73.6386,-73.5952,-73.554,-73.5167,-73.4853,-73.4625,-73.4514,-73.4555,-73.4783,-73.5224,-73.5902
3.39,-73.6317,-73.7094,-73.7896,-73.8486,-73.8834,-73.8968,-73.8933,-73.8767,-73.8505,-73.8172,-73.7789,-73.7374,-73.6941,-73.6501,-73.6069,-73.5659,-73.5288,-73.4976,-73.475,-73.464,-73.4682,-73.491,-73.5351,-73.6028
3.395,-73.6415,-73.7193,-73.7995,-73.8585,-73.8933,-73.9069,-73.9035,-73.8871,-73.861,-73.8279,-73.7898,-73.7485,-73.7053,-73.6616,-73.6186,-73.5778,-73.5409,-73.5099,-73.4874,-73.4766,-73.4809,-73.5037,-73.5478,-73.6154
3.4,-73.6514,-73.7291,-73.8093,-73.8684,-73.9033,-73.9169,-73.9136,-73.8974,-73.8714,-73.8385,-73.8006,-73.7595,-73.7165,-73.673,-73.6302,-73.5896,-73.5529,-73.5221,-73.4998,-73.4891,-73.4935,-73.5163,-73.5603,-73.6279
3.405,-73.6612,-73.7389,-73.8191,-73.8782,-73.9132,-73.9269,-73.9237,-73.9076,-73.8819,-73.8491,-73.8114,-73.7705,-73.7277,-73.6844,-73.6418,-73.6014,-73.5649,-73.5342,-73.5121,-73.5015,-73.506,-73.5289,-73.5729,-73.6403
3.41,-73.6709,-73.7487,-73.8289,-73.888,-73.923,-73.9369,-73.9338,-73.9178,-73.8922,-73.8596,-73.8221,-73.7814,-73.7388,-73.6957,-73.6533,-73.6131,-73.5768,-73.5463,-73.5244,-73.5139,-73.5185,-73.5414,-73.5854,-73.6527
3.415,-73.6807,-73.7584,-73.8386,-73.8978,-73.9329,-73.9468,-73.9439,-73.928,-73.9026,-73.8702,-73.8328,-73.7923,-73.7499,-73.707,-73.6648,-73.6248,-73.5886,-73.5584,-73.5366,-73.5263,-73.5309,-73.5538,-73.5978,-73.665
3.42,-73.6904,-73.7682,-73.8483,-73.9075,-73.9426,-73.9567,-73.9539,-73.9382,-73.9129,-73.8806,-73.8435,-73.8031,-73.7609,-73.7182,-73.6762,-73.6364,-73.6005,-73.5704,-73.5487,-73.5385,-73.5433,-73.5662,-73.6101,-73.6772
3.425,-73.7001,-73.7778,-73.858,-73.9172,-73.9524,-73.9666,-73.9639,-73.9483,-73.9232,-73.8911,-73.8541,-73.8139,-73.7719,-73.7294,-73.6876,-73.648,-73.6122,-73.5823,-73.5608,-73.5508,-73.5556,-73.5786,-73.6225,-73.6895
3.43,-73.7097,-73.7875,-73.8677,-73.9269,-73.9622,-73.9764,-73.9738,-73.9584,-73.9334,-73.9015,-73.8647,-73.8247,-73.7829,-73.7406,-73.699,-73.6596,-73.624,-73.5942,-73.5729,-73.563,-73.5678,-73.5909,-73.6347,-73.7016
3.435,-73.7193,-73.7971,-73.8773,-73.9365,-73.9718,-73.9862,-73.9837,-73.9684,-73.9436,-73.9118,-73.8752,-73.8354,-73.7938,-73.7517,-73.7103,-73.671,-73.6356,-73.6061,-73.5849,-73.5751,-73.5801,-73.6031,-73.6469,-73.7137
3.44,-73.7289,-73.8067,-73.8869,-73.9461,-73.9815,-73.9959,-73.9936,-73.9784,-73.9538,-73.9222,-73.8857,-73.8461,-73.8047,-73.7627,-73.7215,-73.6825,-73.6473,-73.6179,-73.5968,-73.5872,-73.5922,-73.6153,-73.6591,-73.7258
3.445,-73.7385,-73.8163,-73.8964,-73.9557,-73.9911,-74.0057,-74.0034,-73.9884,-73.9639,-73.9325,-73.8962,-73.8567,-73.8155,-73.7737,-73.7327,-73.6939,-73.6588,-73.6296,-73.6087,-73.5992,-73.6043,-73.6274,-73.6712,-73.7377
3.45,-73.748,-73.8258,-73.906,-73.9653,-74.0008,-74.0153,-74.0132,-73.9984,-73.974,-73.9427,-73.9066,-73.8673,-73.8263,-73.7847,-73.7439,-73.7052,-73.6704,-73.6413,-73.6206,-73.6112,-73.6164,-73.6395,-73.6832,-73.7497
3.455,-73.7575,-73.8353,-73.9155,-73.9748,-74.0103,-74.025,-74.023,-74.0083,-73.984,-73.9529,-73.917,-73.8779,-73.837,-73.7957,-73.755,-73.7165,-73.6819,-73.653,-73.6324,-73.6231,-73.6284,-73.6515,-73.6952,-73.7616
3.46,-73.767,-73.8448,-73.9249,-73.9843,-74.0199,-74.0346,-74.0327,-74.0181,-73.9941,-73.9631,-73.9274,-73.8884,-73.8477,-73.8065,-73.7661,-73.7278,-73.6933,-73.6646,-73.6442,-73.635,-73.6403,-73.6635,-73.7071,-73.7734
3.465,-73.7764,-73.8542,-73.9343,-73.9937,-74.0294,-74.0442,-74.0425,-74.028,-74.004,-73.9733,-73.9377,-73.8989,-73.8584,-73.8174,-73.7771,-73.739,-73.7047,-73.6762,-73.6559,-73.6468,-73.6522,-73.6754,-73.719,-73.7852
3.47,-73.7858,-73.8636,-73.9438,-74.0032,-74.0388,-74.0538,-74.0521,-74.0378,-74.014,-73.9834,-73.948,-73.9094,-73.869,-73.8282,-73.7881,-73.7502,-73.7161,-73.6877,-73.6675,-73.6586,-73.6641,-73.6873,-73.7309,-73.7969
3.475,-73.7952,-73.873,-73.9531,-74.0125,-74.0483,-74.0633,-74.0618,-74.0476,-74.0239,-73.9934,-73.9582,-73.9198,-73.8796,-73.839,-73.7991,-73.7613,-73.7274,-73.6991,-73.6791,-73.6703,-73.6759,-73.6991,-73.7426,-73.8086
3.48,-73.8046,-73.8824,-73.9625,-74.0219,-74.0577,-74.0728,-74.0714,-74.0573,-74.0338,-74.0035,-73.9684,-73.9302,-73.8902,-73.8497,-73.81,-73.7724,-73.7386,-73.7106,-73.6907,-73.682,-73.6876,-73.7109,-73.7544,-73.8202
3.485,-73.8139,-73.8917,-73.9718,-74.0312,-74.0671,-74.0823,-74.081,-74.067,-74.0436,-74.0135,-73.9786,-73.9405,-73.9007,-73.8604,-73.8209,-73.7835,-73.7498,-73.7219,-73.7022,-73.6936,-73.6993,-73.7226,-73.7661,-73.8318
3.49,-73.8232,-73.901,-73.9811,-74.0405,-74.0765,-74.0917,-74.0905,-74.0767,-74.0535,-74.0235,-73.9887,-73.9508,-73.9112,-73.871,-73.8317,-73.7945,-73.761,-73.7333,-73.7137,-73.7052,-73.711,-73.7343,-73.7777,-73.8434
3.495,-73.8325,-73.9103,-73.9903,-74.0498,-74.0858,-74.1011,-74.1,-74.0863,-74.0632,-74.0334,-73.9988,-73.9611,-73.9216,-73.8817,-73.8425,-73.8054,-73.7721,-73.7446,-73.7251,-73.7167,-73.7226,-73.7459,-73.7893,-73.8549
3.5,-73.8417,-73.9195,-73.9996,-74.0591,-74.0951,-74.1105,-74.1095,-74.0959,-74.073,-74.0433,-74.0088,-73.9713,-73.932,-73.8922,-73.8532,-73.8164,-73.7832,-73.7558,-73.7365,-73.7282,-73.7341,-73.7575,-73.8008,-73.8663
3.505,-73.8509,-73.9287,-74.0088,-74.0683,-74.1043,-74.1199,-74.119,-74.1055,-74.0827,-74.0532,-74.0189,-73.9815,-73.9424,-73.9028,-73.8639,-73.8272,-73.7943,-73.767,-73.7478,-73.7396,-73.7456,-73.769,-73.8123,-73.8777
3.51,-73.8601,-73.9379,-74.0179,-74.0775,-74.1136,-74.1292,-74.1284,-74.115,-74.0924,-74.063,-74.0289,-73.9916,-73.9527,-73.9133,-73.8746,-73.8381,-73.8053,-73.7782,-73.7591,-73.751,-73.7571,-73.7805,-73.8237,-73.889
3.515,-73.8693,-73.9471,-74.0271,-74.0866,-74.1228,-74.1385,-74.1378,-74.1245,-74.102,-74.0728,-74.0388,-74.0017,-73.963,-73.9237,-73.8852,-73.8489,-73.8162,-73.7893,-73.7703,-73.7624,-73.7685,-73.7919,-73.8351,-73.9003
3.52,-73.8784,-73.9562,-74.0362,-74.0957,-74.132,-74.1477,-74.1471,-74.134,-74.1117,-74.0826,-74.0487,-74.0118,-73.9732,-73.9341,-73.8958,-73.8596,-73.8271,-73.8003,-73.7815,-73.7737,-73.7799,-73.8033,-73.8465,-73.9116
3.525,-73.8875,-73.9653,-74.0453,-74.1049,-74.1411,-74.1569,-74.1564,-74.1435,-74.1212,-74.0923,-74.0586,-74.0219,-73.9834,-73.9445,-73.9064,-73.8703,-73.838,-73.8114,-73.7927,-73.7849,-73.7912,-73.8147,-73.8578,-73.9227
3.53,-73.8966,-73.9744,-74.0543,-74.1139,-74.1502,-74.1661,-74.1657,-74.1529,-74.1308,-74.102,-74.0685,-74.0319,-73.9936,-73.9549,-73.9169,-73.881,-73.8489,-73.8223,-73.8038,-73.7961,-73.8025,-73.8259,-73.869,-73.9339
3.535,-73.9056,-73.9834,-74.0634,-74.123,-74.1593,-74.1753,-74.175,-74.1623,-74.1403,-74.1116,-74.0783,-74.0419,-74.0037,-73.9652,-73.9273,-73.8917,-73.8597,-73.8333,-73.8149,-73.8073,-73.8137,-73.8372,-73.8802,-73.945
3.54,-73.9146,-73.9924,-74.0724,-74.132,-74.1684,-74.1844,-74.1843,-74.1716,-74.1498,-74.1213,-74.0881,-74.0518,-74.0138,-73.9754,-73.9378,-73.9022,-73.8704,-73.8442,-73.8259,-73.8184,-73.8249,-73.8484,-73.8914,-73.9561
3.545,-73.9236,-74.0014,-74.0813,-74.141,-74.1774,-74.1936,-74.1935,-74.181,-74.1593,-74.1309,-74.0978,-74.0617,-74.0239,-73.9857,-73.9482,-73.9128,-73.8811,-73.855,-73.8369,-73.8295,-73.836,-73.8595,-73.9025,-73.9671
3.55,-73.9326,-74.0104,-74.0903,-74.1499,-74.1864,-74.2026,-74.2026,-74.1903,-74.1687,-74.1404,-74.1075,-74.0716,-74.0339,-73.9958,-73.9585,-73.9233,-73.8918,-73.8658,-73.8478,-73.8405,-73.8471,-73.8707,-73.9136,-73.9781
3.555,-73.9416,-74.0193,-74.0992,-74.1589,-74.1954,-74.2117,-74.2118,-74.1995,-74.1781,-74.15,-74.1172,-74.0814,-74.0439,-74.006,-73.9688,-73.9338,-73.9024,-73.8766,-73.8587,-73.8515,-73.8582,-73.8817,-73.9246,-73.989
3.56,-73.9505,-74.0282,-74.1081,-74.1678,-74.2044,-74.2207,-74.2209,-74.2088,-74.1874,-74.1595,-74.1269,-74.0912,-74.0539,-74.0161,-73.9791,-73.9442,-73.913,-73.8874,-73.8696,-73.8625,-73.8692,-73.8927,-73.9356,-73.9999
3.565,-73.9594,-74.0371,-74.117,-74.1767,-74.2133,-74.2297,-74.23,-74.218,-74.1968,-74.169,-74.1365,-74.101,-74.0638,-74.0262,-73.9894,-73.9546,-73.9236,-73.898,-73.8804,-73.8734,-73.8802,-73.9037,-73.9465,-74.0107
3.57,-73.9682,-74.046,-74.1258,-74.1855,-74.2222,-74.2387,-74.2391,-74.2271,-74.2061,-74.1784,-74.1461,-74.1107,-74.0737,-74.0363,-73.9996,-73.965,-73.9341,-73.9087,-73.8912,-73.8843,-73.8911,-73.9146,-73.9574,-74.0215
3.575,-73.9771,-74.0548,-74.1346,-74.1943,-74.231,-74.2476,-74.2481,-74.2363,-74.2154,-74.1878,-74.1556,-74.1204,-74.0836,-74.0463,-74.0098,-73.9753,-73.9446,-73.9193,-73.9019,-73.8951,-73.902,-73.9255,-73.9683,-74.0322
3.58,-73.9859,-74.0636,-74.1434,-74.2031,-74.2399,-74.2565,-74.2571,-74.2454,-74.2246,-74.1972,-74.1652,-74.1301,-74.0934,-74.0563,-74.0199,-73.9856,-73.955,-73.9299,-73.9126,-73.9059,-73.9128,-73.9364,-73.9791,-74.043
3.585,-73.9947,-74.0724,-74.1522,-74.2119,-74.2487,-74.2654,-74.2661,-74.2545,-74.2338,-74.2065,-74.1746,-74.1397,-74.1032,-74.0662,-74.03,-73.9959,-73.9654,-73.9404,-73.9232,-73.9166,-73.9236,-73.9472,-73.9898,-74.0536
3.59,-74.0035,-74.0812,-74.1609,-74.2207,-74.2575,-74.2743,-74.275,-74.2636,-74.243,-74.2158,-74.1841,-74.1494,-74.113,-74.0761,-74.0401,-74.0061,-73.9757,-73.9509,-73.9338,-73.9273,-73.9343,-73.958,-74.0005,-74.0642
3.595,-74.0122,-74.0899,-74.1697,-74.2294,-74.2663,-74.2831,-74.284,-74.2726,-74.2522,-74.2251,-74.1935,-74.1589,-74.1227,-74.086,-74.0501,-74.0163,-73.9861,-73.9614,-73.9444,-73.938,-73.9451,-73.9687,-74.0112,-74.0748
3.6,-74.0209,-74.0986,-74.1783,-74.2381,-74.275,-74.2919,-74.2929,-74.2816,-74.2613,-74.2344,-74.2029,-74.1685,-74.1324,-74.0958,-74.0601,-74.0264,-73.9964,-73.9718,-73.9549,-73.9486,-73.9557,-73.9794,-74.0219,-74.0854
3.605,-74.0296,-74.1073,-74.187,-74.2467,-74.2837,-74.3007,-74.3017,-74.2906,-74.2704,-74.2436,-74.2123,-74.178,-74.142,-74.1056,-74.07,-74.0365,-74.0066,-73.9822,-73.9654,-73.9592,-73.9664,-73.99,-74.0325,-74.0959
3.61,-74.0383,-74.1159,-74.1956,-74.2554,-74.2924,-74.3094,-74.3106,-74.2995,-74.2794,-74.2528,-74.2216,-74.1875,-74.1516,-74.1154,-74.08,-74.0466,-74.0168,-73.9925,-73.9759,-73.9697,-73.977,-74.0006,-74.043,-74.1063
3.615,-74.0469,-74.1246,-74.2043,-74.264,-74.301,-74.3182,-74.3194,-74.3084,-74.2885,-74.262,-74.2309,-74.1969,-74.1612,-74.1252,-74.0899,-74.0566,-74.027,-74.0028,-73.9863,-73.9802,-73.9875,-74.0112,-74.0535,-74.1167
3.62,-74.0555,-74.1332,-74.2128,-74.2726,-74.3097,-74.3269,-74.3282,-74.3173,-74.2975,-74.2711,-74.2402,-74.2063,-74.1708,-74.1349,-74.0997,-74.0666,-74.0371,-74.0131,-73.9967,-73.9907,-73.998,-74.0217,-74.064,-74.1271
3.625,-74.0641,-74.1418,-74.2214,-74.2812,-74.3183,-74.3355,-74.3369,-74.3262,-74.3065,-74.2802,-74.2495,-74.2157,-74.1803,-74.1445,-74.1095,-74.0766,-74.0472,-74.0233,-74.007,-74.0011,-74.0085,-74.0322,-74.0744,-74.1375
3.63,-74.0727,-74.1503,-74.2299,-74.2897,-74.3269,-74.3442,-74.3456,-74.335,-74.3154,-74.2893,-74.2587,-74.2251,-74.1898,-74.1542,-74.1193,-74.0865,-74.0573,-74.0335,-74.0173,-74.0115,-74.0189,-74.0426,-74.0848,-74.1477
3.635,-74.0813,-74.1589,-74.2384,-74.2982,-74.3354,-74.3528,-74.3544,-74.3438,-74.3243,-74.2984,-74.2678,-74.2344,-74.1993,-74.1638,-74.1291,-74.0964,-74.0673,-74.0436,-74.0276,-74.0218,-74.0293,-74.053,-74.0952,-74.158
3.64,-74.0898,-74.1674,-74.2469,-74.3067,-74.3439,-74.3614,-74.363,-74.3526,-74.3332,-74.3074,-74.277,-74.2437,-74.2087,-74.1734,-74.1388,-74.1063,-74.0773,-74.0538,-74.0378,-74.0321,-74.0397,-74.0633,-74.1055,-74.1682
3.645,-74.0983,-74.1758,-74.2554,-74.3152,-74.3524,-74.3699,-74.3717,-74.3614,-74.3421,-74.3164,-74.2861,-74.2529,-74.2181,-74.1829,-74.1485,-74.1161,-74.0873,-74.0638,-74.048,-74.0424,-74.05,-74.0737,-74.1158,-74.1784
3.65,-74.1068,-74.1843,-74.2638,-74.3236,-74.3609,-74.3785,-74.3803,-74.3701,-74.351,-74.3253,-74.2952,-74.2622,-74.2275,-74.1924,-74.1581,-74.1259,-74.0972,-74.0739,-74.0581,-74.0526,-74.0603,-74.0839,-74.126,-74.1885
3.655,-74.1152,-74.1927,-74.2723,-74.3321,-74.3694,-74.387,-74.3889,-74.3788,-74.3598,-74.3343,-74.3043,-74.2714,-74.2368,-74.2019,-74.1678,-74.1357,-74.1071,-74.0839,-74.0683,-74.0628,-74.0705,-74.0942,-74.1362,-74.1986
3.66,-74.1236,-74.2012,-74.2807,-74.3405,-74.3778,-74.3955,-74.3975,-74.3875,-74.3686,-74.3432,-74.3133,-74.2805,-74.2462,-74.2114,-74.1773,-74.1454,-74.117,-74.0939,-74.0783,-74.073,-74.0807,-74.1044,-74.1464,-74.2087
3.665,-74.1321,-74.2096,-74.289,-74.3488,-74.3862,-74.404,-74.406,-74.3961,-74.3773,-74.3521,-74.3223,-74.2897,-74.2554,-74.2208,-74.1869,-74.1551,-74.1268,-74.1038,-74.0884,-74.0831,-74.0909,-74.1146,-74.1565,-74.2187
3.67,-74.1404,-74.2179,-74.2974,-74.3572,-74.3946,-74.4124,-74.4146,-74.4048,-74.3861,-74.3609,-74.3313,-74.2988,-74.2647,-74.2302,-74.1964,-74.1647,-74.1366,-74.1137,-74.0984,-74.0932,-74.101,-74.1247,-74.1666,-74.2287
3.675,-74.1488,-74.2263,-74.3057,-74.3655,-74.4029,-74.4208,-74.4231,-74.4133,-74.3948,-74.3698,-74.3403,-74.3079,-74.2739,-74.2395,-74.2059,-74.1744,-74.1463,-74.1236,-74.1084,-74.1032,-74.1111,-74.1348,-74.1766,-74.2387
3.68,-74.1571,-74.2346,-74.314,-74.3738,-74.4113,-74.4292,-74.4315,-74.4219,-74.4034,-74.3785,-74.3492,-74.3169,-74.2831,-74.2488,-74.2154,-74.184,-74.156,-74.1334,-74.1183,-74.1132,-74.1211,-74.1448,-74.1866,-74.2486
3.685,-74.1655,-74.2429,-74.3223,-74.3821,-74.4196,-74.4376,-74.44,-74.4305,-74.4121,-74.3873,-74.3581,-74.326,-74.2923,-74.2581,-74.2248,-74.1935,-74.1657,-74.1432,-74.1282,-74.1232,-74.1312,-74.1549,-74.1966,-74.2585
3.69,-74.1738,-74.2512,-74.3305,-74.3903,-74.4279,-74.4459,-74.4484,-74.439,-74.4207,-74.3961,-74.367,-74.335,-74.3014,-74.2674,-74.2342,-74.203,-74.1754,-74.153,-74.1381,-74.1331,-74.1411,-74.1648,-74.2065,-74.2683
3.695,-74.182,-74.2594,-74.3388,-74.3986,-74.4361,-74.4542,-74.4568,-74.4475,-74.4293,-74.4048,-74.3758,-74.3439,-74.3105,-74.2766,-74.2436,-74.2125,-74.185,-74.1627,-74.1479,-74.1431,-74.1511,-74.1748,-74.2164,-74.2781
3.7,-74.1903,-74.2677,-74.347,-74.4068,-74.4444,-74.4625,-74.4652,-74.4559,-74.4379,-74.4135,-74.3846,-74.3529,-74.3196,-74.2859,-74.2529,-74.222,-74.1946,-74.1724,-74.1577,-74.1529,-74.161,-74.1847,-74.2263,-74.2879
3.705,-74.1985,-74.2759,-74.3551,-74.4149,-74.4526,-74.4708,-74.4735,-74.4644,-74.4464,-74.4221,-74.3934,-74.3618,-74.3286,-74.295,-74.2622,-74.2314,-74.2042,-74.1821,-74.1675,-74.1628,-74.1709,-74.1946,-74.2361,-74.2976
3.71,-74.2067,-74.2841,-74.3633,-74.4231,-74.4608,-74.4791,-74.4818,-74.4728,-74.455,-74.4308,-74.4022,-74.3707,-74.3376,-74.3042,-74.2715,-74.2408,-74.2137,-74.1917,-74.1772,-74.1726,-74.1807,-74.2044,-74.2459,-74.3073
3.715,-74.2149,-74.2922,-74.3714,-74.4313,-74.4689,-74.4873,-74.4902,-74.4812,-74.4635,-74.4394,-74.4109,-74.3795,-74.3466,-74.3133,-74.2807,-74.2502,-74.2232,-74.2013,-74.1869,-74.1823,-74.1905,-74.2142,-74.2557,-74.317
3.72,-74.2231,-74.3004,-74.3796,-74.4394,-74.4771,-74.4955,-74.4984,-74.4896,-74.4719,-74.448,-74.4196,-74.3884,-74.3556,-74.3224,-74.29,-74.2596,-74.2326,-74.2109,-74.1965,-74.1921,-74.2003,-74.224,-74.2654,-74.3266
3.725,-74.2312,-74.3085,-74.3877,-74.4475,-74.4852,-74.5037,-74.5067,-74.4979,-74.4804,-74.4565,-74.4283,-74.3972,-74.3645,-74.3314,-74.2991,-74.2689,-74.2421,-74.2205,-74.2062,-74.2018,-74.21,-74.2337,-74.2751,-74.3362
3.73,-74.2393,-74.3166,-74.3957,-74.4555,-74.4933,-74.5118,-74.5149,-74.5062,-74.4888,-74.4651,-74.4369,-74.4059,-74.3734,-74.3405,-74.3083,-74.2782,-74.2515,-74.23,-74.2158,-74.2114,-74.2197,-74.2434,-74.2847,-74.3458
3.735,-74.2474,-74.3247,-74.4038,-74.4636,-74.5014,-74.52,-74.5231,-74.5145,-74.4972,-74.4736,-74.4456,-74.4147,-74.3823,-74.3495,-74.3174,-74.2874,-74.2608,-74.2394,-74.2253,-74.2211,-74.2294,-74.2531,-74.2943,-74.3553
3.74,-74.2555,-74.3327,-74.4118,-74.4716,-74.5094,-74.5281,-74.5313,-74.5228,-74.5056,-74.4821,-74.4542,-74.4234,-74.3911,-74.3584,-74.3265,-74.2966,-74.2702,-74.2489,-74.2349,-74.2307,-74.239,-74.2627,-74.3039,-74.3648
3.745,-74.2636,-74.3408,-74.4198,-74.4796,-74.5175,-74.5361,-74.5395,-74.5311,-74.5139,-74.4905,-74.4627,-74.4321,-74.3999,-74.3674,-74.3356,-74.3058,-74.2795,-74.2583,-74.2444,-74.2402,-74.2486,-74.2723,-74.3135,-74.3743
3.75,-74.2716,-74.3488,-74.4278,-74.4876,-74.5255,-74.5442,-74.5476,-74.5393,-74.5223,-74.499,-74.4713,-74.4408,-74.4087,-74.3763,-74.3446,-74.315,-74.2887,-74.2677,-74.2538,-74.2497,-74.2582,-74.2819,-74.323,-74.3837
3.755,-74.2796,-74.3568,-74.4358,-74.4956,-74.5335,-74.5522,-74.5557,-74.5475,-74.5306,-74.5074,-74.4798,-74.4494,-74.4175,-74.3852,-74.3536,-74.3241,-74.298,-74.277,-74.2633,-74.2592,-74.2677,-74.2914,-74.3325,-74.3931
3.76,-74.2876,-74.3647,-74.4437,-74.5035,-74.5414,-74.5603,-74.5638,-74.5556,-74.5388,-74.5158,-74.4883,-74.458,-74.4262,-74.394,-74.3626,-74.3332,-74.3072,-74.2863,-74.2727,-74.2687,-74.2772,-74.3009,-74.3419,-74.4024
3.765,-74.2956,-74.3727,-74.4516,-74.5114,-74.5494,-74.5683,-74.5719,-74.5638,-74.5471,-74.5241,-74.4968,-74.4666,-74.4349,-74.4029,-74.3716,-74.3423,-74.3164,-74.2956,-74.282,-74.2782,-74.2867,-74.3104,-74.3514,-74.4118
3.77,-74.3036,-74.3806,-74.4595,-74.5193,-74.5573,-74.5762,-74.5799,-74.5719,-74.5553,-74.5324,-74.5052,-74.4752,-74.4436,-74.4117,-74.3805,-74.3513,-74.3255,-74.3049,-74.2914,-74.2876,-74.2961,-74.3198,-74.3607,-74.421
3.775,-74.3115,-74.3885,-74.4674,-74.5272,-74.5652,-74.5842,-74.5879,-74.58,-74.5635,-74.5408,-74.5136,-74.4837,-74.4523,-74.4205,-74.3894,-74.3603,-74.3347,-74.3141,-74.3007,-74.2969,-74.3055,-74.3292,-74.3701,-74.4303
3.78,-74.3194,-74.3964,-74.4753,-74.535,-74.5731,-74.5921,-74.5959,-74.5881,-74.5717,-74.549,-74.522,-74.4922,-74.4609,-74.4292,-74.3983,-74.3693,-74.3438,-74.3233,-74.31,-74.3063,-74.3149,-74.3386,-74.3794,-74.4395
3.785,-74.3273,-74.4043,-74.4831,-74.5429,-74.5809,-74.6,-74.6039,-74.5962,-74.5799,-74.5573,-74.5304,-74.5007,-74.4695,-74.4379,-74.4071,-74.3783,-74.3528,-74.3325,-74.3192,-74.3156,-74.3242,-74.3479,-74.3887,-74.4487
3.79,-74.3352,-74.4121,-74.4909,-74.5507,-74.5888,-74.6079,-74.6119,-74.6042,-74.588,-74.5655,-74.5388,-74.5092,-74.4781,-74.4466,-74.4159,-74.3872,-74.3619,-74.3416,-74.3284,-74.3249,-74.3336,-74.3572,-74.398,-74.4579
3.795,-74.343,-74.42,-74.4987,-74.5585,-74.5966,-74.6158,-74.6198,-74.6122,-74.5961,-74.5738,-74.5471,-74.5176,-74.4866,-74.4553,-74.4247,-74.3961,-74.3709,-74.3507,-74.3376,-74.3341,-74.3428,-74.3665,-74.4072,-74.467
3.8,-74.3509,-74.4278,-74.5065,-74.5663,-74.6044,-74.6236,-74.6277,-74.6202,-74.6042,-74.5819,-74.5554,-74.526,-74.4952,-74.4639,-74.4335,-74.405,-74.3799,-74.3598,-74.3468,-74.3433,-74.3521,-74.3757,-74.4164,-74.4761
3.805,-74.3587,-74.4356,-74.5143,-74.574,-74.6122,-74.6314,-74.6356,-74.6282,-74.6123,-74.5901,-74.5637,-74.5344,-74.5037,-74.4726,-74.4422,-74.4138,-74.3888,-74.3688,-74.3559,-74.3525,-74.3613,-74.3849,-74.4255,-74.4852
3.81,-74.3665,-74.4433,-74.522,-74.5817,-74.6199,-74.6392,-74.6435,-74.6362,-74.6203,-74.5983,-74.5719,-74.5428,-74.5121,-74.4811,-74.4509,-74.4226,-74.3977,-74.3778,-74.365,-74.3617,-74.3705,-74.3941,-74.4347,-74.4942
3.815,-74.3743,-74.4511,-74.5297,-74.5894,-74.6276,-74.647,-74.6513,-74.6441,-74.6283,-74.6064,-74.5801,-74.5511,-74.5206,-74.4897,-74.4596,-74.4314,-74.4066,-74.3868,-74.3741,-74.3708,-74.3796,-74.4032,-74.4438,-74.5033
3.82,-74.382,-74.4588,-74.5374,-74.5971,-74.6354,-74.6548,-74.6591,-74.652,-74.6363,-74.6145,-74.5883,-74.5594,-74.529,-74.4983,-74.4682,-74.4402,-74.4155,-74.3958,-74.3831,-74.3799,-74.3888,-74.4124,-74.4528,-74.5122
3.825,-74.3897,-74.4665,-74.5451,-74.6048,-74.6431,-74.6625,-74.6669,-74.6599,-74.6443,-74.6225,-74.5965,-74.5677,-74.5374,-74.5068,-74.4769,-74.4489,-74.4243,-74.4047,-74.3921,-74.389,-74.3979,-74.4214,-74.4619,-74.5212
3.83,-74.3975,-74.4742,-74.5528,-74.6125,-74.6507,-74.6702,-74.6747,-74.6677,-74.6522,-74.6306,-74.6047,-74.576,-74.5458,-74.5153,-74.4855,-74.4576,-74.4331,-74.4136,-74.4011,-74.398,-74.4069,-74.4305,-74.4709,-74.5301
3.835,-74.4052,-74.4819,-74.5604,-74.6201,-74.6584,-74.6779,-74.6825,-74.6756,-74.6602,-74.6386,-74.6128,-74.5842,-74.5541,-74.5237,-74.494,-74.4663,-74.4419,-74.4225,-74.4101,-74.407,-74.416,-74.4395,-74.4799,-74.539
3.84,-74.4128,-74.4895,-74.568,-74.6277,-74.666,-74.6856,-74.6902,-74.6834,-74.6681,-74.6466,-74.6209,-74.5924,-74.5625,-74.5322,-74.5026,-74.475,-74.4507,-74.4313,-74.419,-74.416,-74.425,-74.4485,-74.4888,-74.5479
3.845,-74.4205,-74.4972,-74.5756,-74.6353,-74.6736,-74.6932,-74.6979,-74.6912,-74.676,-74.6546,-74.629,-74.6006,-74.5708,-74.5406,-74.5111,-74.4836,-74.4594,-74.4402,-74.4279,-74.4249,-74.4339,-74.4575,-74.4977,-74.5567
3.85,-74.4281,-74.5048,-74.5832,-74.6429,-74.6812,-74.7009,-74.7056,-74.699,-74.6838,-74.6626,-74.6371,-74.6088,-74.5791,-74.549,-74.5196,-74.4922,-74.4681,-74.449,-74.4368,-74.4338,-74.4429,-74.4664,-74.5066,-74.5655
3.855,-74.4358,-74.5124,-74.5907,-74.6504,-74.6888,-74.7085,-74.7133,-74.7067,-74.6917,-74.6705,-74.6451,-74.617,-74.5873,-74.5573,-74.5281,-74.5008,-74.4768,-74.4577,-74.4456,-74.4427,-74.4518,-74.4753,-74.5155,-74.5743
3.86,-74.4434,-74.5199,-74.5983,-74.6579,-74.6963,-74.7161,-74.7209,-74.7144,-74.6995,-74.6784,-74.6531,-74.6251,-74.5955,-74.5657,-74.5365,-74.5093,-74.4854,-74.4665,-74.4544,-74.4516,-74.4607,-74.4842,-74.5243,-74.583
3.865,-74.451,-74.5275,-74.6058,-74.6654,-74.7038,-74.7236,-74.7286,-74.7221,-74.7073,-74.6863,-74.6611,-74.6332,-74.6037,-74.574,-74.5449,-74.5178,-74.494,-74.4752,-74.4632,-74.4604,-74.4696,-74.4931,-74.5331,-74.5917
3.87,-74.4585,-74.535,-74.6133,-74.6729,-74.7113,-74.7312,-74.7362,-74.7298,-74.7151,-74.6942,-74.6691,-74.6412,-74.6119,-74.5823,-74.5533,-74.5263,-74.5026,-74.4839,-74.4719,-74.4692,-74.4784,-74.5019,-74.5419,-74.6004
3.875,-74.4661,-74.5426,-74.6208,-74.6804,-74.7188,-74.7387,-74.7438,-74.7375,-74.7228,-74.702,-74.677,-74.6493,-74.6201,-74.5905,-74.5617,-74.5348,-74.5112,-74.4925,-74.4807,-74.478,-74.4872,-74.5107,-74.5506,-74.6091
3.88,-74.4736,-74.5501,-74.6283,-74.6879,-74.7263,-74.7462,-74.7514,-74.7452,-74.7305,-74.7099,-74.685,-74.6573,-74.6282,-74.5988,-74.57,-74.5433,-74.5198,-74.5011,-74.4894,-74.4868,-74.496,-74.5194,-74.5593,-74.6177
3.885,-74.4811,-74.5575,-74.6357,-74.6953,-74.7338,-74.7537,-74.7589,-74.7528,-74.7383,-74.7177,-74.6929,-74.6653,-74.6363,-74.607,-74.5784,-74.5517,-74.5283,-74.5097,-74.498,-74.4955,-74.5047,-74.5282,-74.568,-74.6263
3.89,-74.4886,-74.565,-74.6431,-74.7027,-74.7412,-74.7612,-74.7664,-74.7604,-74.7459,-74.7254,-74.7007,-74.6733,-74.6444,-74.6152,-74.5867,-74.5601,-74.5368,-74.5183,-74.5067,-74.5042,-74.5134,-74.5369,-74.5767,-74.6349
3.895,-74.4961,-74.5724,-74.6505,-74.7101,-74.7486,-74.7687,-74.774,-74.768,-74.7536,-74.7332,-74.7086,-74.6813,-74.6525,-74.6233,-74.5949,-74.5685,-74.5452,-74.5269,-74.5153,-74.5129,-74.5221,-74.5456,-74.5853,-74.6434
3.9,-74.5036,-74.5799,-74.6579,-74.7175,-74.756,-74.7761,-74.7815,-74.7755,-74.7613,-74.741,-74.7164,-74.6892,-74.6605,-74.6315,-74.6032,-74.5768,-74.5537,-74.5354,-74.5239,-74.5215,-74.5308,-74.5542,-74.5939,-74.6519
3.905,-74.511,-74.5873,-74.6653,-74.7249,-74.7634,-74.7835,-74.7889,-74.7831,-74.7689,-74.7487,-74.7243,-74.6971,-74.6685,-74.6396,-74.6114,-74.5851,-74.5621,-74.5439,-74.5325,-74.5301,-74.5394,-74.5629,-74.6025,-74.6604
3.91,-74.5184,-74.5947,-74.6727,-74.7322,-74.7707,-74.7909,-74.7964,-74.7906,-74.7765,-74.7564,-74.7321,-74.705,-74.6765,-74.6477,-74.6196,-74.5934,-74.5705,-74.5524,-74.541,-74.5387,-74.548,-74.5715,-74.6111,-74.6689
3.915,-74.5258,-74.602,-74.68,-74.7395,-74.7781,-74.7983,-74.8038,-74.7981,-74.7841,-74.7641,-74.7398,-74.7129,-74.6845,-74.6558,-74.6278,-74.6017,-74.5788,-74.5608,-74.5495,-74.5473,-74.5566,-74.58,-74.6196,-74.6773
3.92,-74.5332,-74.6094,-74.6873,-74.7468,-74.7854,-74.8056,-74.8112,-74.8056,-74.7917,-74.7717,-74.7476,-74.7207,-74.6925,-74.6638,-74.6359,-74.6099,-74.5872,-74.5692,-74.558,-74.5558,-74.5652,-74.5886,-74.6281,-74.6857
3.925,-74.5406,-74.6167,-74.6946,-74.7541,-74.7927,-74.813,-74.8186,-74.8131,-74.7992,-74.7794,-74.7553,-74.7286,-74.7004,-74.6719,-74.6441,-74.6182,-74.5955,-74.5776,-74.5665,-74.5643,-74.5737,-74.5971,-74.6366,-74.6941
3.93,-74.5479,-74.624,-74.7019,-74.7614,-74.8,-74.8203,-74.826,-74.8205,-74.8067,-74.787,-74.763,-74.7364,-74.7083,-74.6799,-74.6522,-74.6264,-74.6038,-74.586,-74.5749,-74.5728,-74.5822,-74.6056,-74.645,-74.7025
3.935,-74.5553,-74.6313,-74.7092,-74.7686,-74.8072,-74.8276,-74.8334,-74.8279,-74.8142,-74.7946,-74.7707,-74.7442,-74.7162,-74.6878,-74.6602,-74.6346,-74.6121,-74.5944,-74.5833,-74.5813,-74.5907,-74.614,-74.6534,-74.7108
3.94,-74.5626,-74.6386,-74.7164,-74.7759,-74.8145,-74.8349,-74.8407,-74.8354,-74.8217,-74.8021,-74.7784,-74.7519,-74.724,-74.6958,-74.6683,-74.6427,-74.6203,-74.6027,-74.5917,-74.5897,-74.5991,-74.6225,-74.6618,-74.7191
3.945,-74.5699,-74.6459,-74.7236,-74.7831,-74.8217,-74.8422,-74.848,-74.8428,-74.8292,-74.8097,-74.786,-74.7597,-74.7319,-74.7037,-74.6763,-74.6508,-74.6285,-74.611,-74.6001,-74.5981,-74.6076,-74.6309,-74.6702,-74.7274
3.95,-74.5772,-74.6531,-74.7308,-74.7903,-74.8289,-74.8494,-74.8553,-74.8501,-74.8367,-74.8172,-74.7936,-74.7674,-74.7397,-74.7117,-74.6844,-74.6589,-74.6367,-74.6192,-74.6084,-74.6065,-74.616,-74.6393,-74.6785,-74.7356
3.955,-74.5844,-74.6604,-74.738,-74.7974,-74.8361,-74.8566,-74.8626,-74.8575,-74.8441,-74.8247,-74.8013,-74.7751,-74.7475,-74.7196,-74.6923,-74.667,-74.6449,-74.6275,-74.6167,-74.6149,-74.6243,-74.6476,-74.6868,-74.7439
3.96,-74.5917,-74.6676,-74.7452,-74.8046,-74.8433,-74.8638,-74.8699,-74.8648,-74.8515,-74.8322,-74.8088,-74.7828,-74.7553,-74.7274,-74.7003,-74.6751,-74.653,-74.6357,-74.625,-74.6232,-74.6327,-74.656,-74.6951,-74.7521
3.965,-74.5989,-74.6748,-74.7524,-74.8118,-74.8504,-74.871,-74.8771,-74.8721,-74.8589,-74.8397,-74.8164,-74.7904,-74.763,-74.7353,-74.7083,-74.6831,-74.6612,-74.6439,-74.6333,-74.6315,-74.641,-74.6643,-74.7034,-74.7603
3.97,-74.6061,-74.682,-74.7595,-74.8189,-74.8576,-74.8782,-74.8843,-74.8794,-74.8663,-74.8472,-74.824,-74.7981,-74.7708,-74.7431,-74.7162,-74.6911,-74.6693,-74.6521,-74.6415,-74.6398,-74.6493,-74.6726,-74.7116,-74.7684
3.975,-74.6133,-74.6891,-74.7666,-74.826,-74.8647,-74.8854,-74.8915,-74.8867,-74.8736,-74.8546,-74.8315,-74.8057,-74.7785,-74.7509,-74.7241,-74.6991,-74.6773,-74.6602,-74.6497,-74.648,-74.6576,-74.6808,-74.7198,-74.7765
3.98,-74.6205,-74.6963,-74.7737,-74.8331,-74.8718,-74.8925,-74.8987,-74.8939,-74.8809,-74.862,-74.839,-74.8133,-74.7862,-74.7587,-74.732,-74.7071,-74.6854,-74.6684,-74.6579,-74.6563,-74.6658,-74.6891,-74.728,-74.7846
3.985,-74.6277,-74.7034,-74.7808,-74.8401,-74.8789,-74.8996,-74.9059,-74.9012,-74.8883,-74.8694,-74.8465,-74.8209,-74.7938,-74.7665,-74.7398,-74.715,-74.6934,-74.6765,-74.6661,-74.6645,-74.6741,-74.6973,-74.7362,-74.7927
3.99,-74.6348,-74.7105,-74.7879,-74.8472,-74.886,-74.9067,-74.9131,-74.9084,-74.8955,-74.8768,-74.8539,-74.8284,-74.8015,-74.7742,-74.7477,-74.723,-74.7014,-74.6846,-74.6742,-74.6726,-74.6823,-74.7055,-74.7443,-74.8008
3.995,-74.642,-74.7176,-74.7949,-74.8542,-74.893,-74.9138,-74.9202,-74.9156,-74.9028,-74.8841,-74.8614,-74.836,-74.8091,-74.7819,-74.7555,-74.7309,-74.7094,-74.6926,-74.6824,-74.6808,-74.6904,-74.7136,-74.7524,-74.8088
4,-74.6491,-74.7247,-74.802,-74.8613,-74.9,-74.9209,-74.9273,-74.9228,-74.9101,-74.8915,-74.8688,-74.8435,-74.8167,-74.7896,-74.7633,-74.7387,-74.7174,-74.7006,-74.6904,-74.6889,-74.6986,-74.7218,-74.7605,-74.8168
4.005,-74.6562,-74.7317,-74.809,-74.8683,-74.9071,-74.9279,-74.9344,-74.9299,-74.9173,-74.8988,-74.8762,-74.851,-74.8243,-74.7973,-74.771,-74.7466,-74.7253,-74.7087,-74.6985,-74.6971,-74.7067,-74.7299,-74.7685,-74.8248
4.01,-74.6633,-74.7388,-74.816,-74.8753,-74.9141,-74.9349,-74.9415,-74.9371,-74.9245,-74.9061,-74.8836,-74.8584,-74.8319,-74.805,-74.7788,-74.7544,-74.7332,-74.7167,-74.7066,-74.7051,-74.7148,-74.738,-74.7766,-74.8327
4.015,-74.6703,-74.7458,-74.823,-74.8822,-74.921,-74.942,-74.9486,-74.9442,-74.9317,-74.9134,-74.891,-74.8659,-74.8394,-74.8126,-74.7865,-74.7622,-74.7411,-74.7246,-74.7146,-74.7132,-74.7229,-74.746,-74.7846,-74.8407
4.02,-74.6774,-74.7528,-74.83,-74.8892,-74.928,-74.949,-74.9556,-74.9513,-74.9389,-74.9206,-74.8983,-74.8733,-74.8469,-74.8202,-74.7942,-74.77,-74.749,-74.7326,-74.7226,-74.7212,-74.7309,-74.7541,-74.7926,-74.8486
4.025,-74.6844,-74.7598,-74.8369,-74.8961,-74.935,-74.9559,-74.9626,-74.9584,-74.9461,-74.9279,-74.9056,-74.8807,-74.8544,-74.8278,-74.8019,-74.7778,-74.7568,-74.7405,-74.7306,-74.7293,-74.739,-74.7621,-74.8006,-74.8564
4.03,-74.6915,-74.7668,-74.8439,-74.9031,-74.9419,-74.9629,-74.9697,-74.9655,-74.9532,-74.9351,-74.9129,-74.8881,-74.8619,-74.8354,-74.8095,-74.7856,-74.7647,-74.7484,-74.7385,-74.7373,-74.747,-74.7701,-74.8085,-74.8643
4.035,-74.6985,-74.7738,-74.8508,-74.91,-74.9488,-74.9698,-74.9766,-74.9725,-74.9604,-74.9423,-74.9202,-74.8955,-74.8694,-74.8429,-74.8172,-74.7933,-74.7725,-74.7562,-74.7465,-74.7452,-74.755,-74.778,-74.8164,-74.8721
4.04,-74.7055,-74.7807,-74.8577,-74.9168,-74.9557,-74.9768,-74.9836,-74.9796,-74.9675,-74.9495,-74.9275,-74.9029,-74.8768,-74.8505,-74.8248,-74.801,-74.7803,-74.7641,-74.7544,-74.7532,-74.7629,-74.786,-74.8243,-74.88
4.045,-74.7124,-74.7877,-74.8646,-74.9237,-74.9626,-74.9837,-74.9906,-74.9866,-74.9746,-74.9567,-74.9348,-74.9102,-74.8843,-74.858,-74.8324,-74.8087,-74.788,-74.7719,-74.7623,-74.7611,-74.7709,-74.7939,-74.8322,-74.8877
4.05,-74.7194,-74.7946,-74.8715,-74.9306,-74.9694,-74.9906,-74.9975,-74.9936,-74.9816,-74.9638,-74.942,-74.9175,-74.8917,-74.8655,-74.84,-74.8163,-74.7958,-74.7797,-74.7701,-74.769,-74.7788,-74.8018,-74.84,-74.8955
4.055,-74.7263,-74.8015,-74.8783,-74.9374,-74.9763,-74.9975,-75.0044,-75.0006,-74.9887,-74.971,-74.9492,-74.9248,-74.8991,-74.8729,-74.8475,-74.824,-74.8035,-74.7875,-74.778,-74.7769,-74.7867,-74.8097,-74.8479,-74.9033
4.06,-74.7333,-74.8083,-74.8852,-74.9442,-74.9831,-75.0043,-75.0114,-75.0076,-74.9957,-74.9781,-74.9564,-74.9321,-74.9064,-74.8804,-74.8551,-74.8316,-74.8112,-74.7953,-74.7858,-74.7847,-74.7945,-74.8175,-74.8557,-74.911
4.065,-74.7402,-74.8152,-74.892,-74.951,-74.9899,-75.0112,-75.0182,-75.0145,-75.0028,-74.9852,-74.9636,-74.9394,-74.9138,-74.8878,-74.8626,-74.8392,-74.8188,-74.803,-74.7936,-74.7926,-74.8024,-74.8254,-74.8634,-74.9187
4.07,-74.7471,-74.8221,-74.8988,-74.9578,-74.9967,-75.018,-75.0251,-75.0215,-75.0098,-74.9923,-74.9707,-74.9466,-74.9211,-74.8952,-74.8701,-74.8468,-74.8265,-74.8108,-74.8014,-74.8004,-74.8102,-74.8332,-74.8712,-74.9264
4.075,-74.7539,-74.8289,-74.9056,-74.9646,-75.0035,-75.0248,-75.032,-75.0284,-75.0167,-74.9993,-74.9779,-74.9538,-74.9284,-74.9026,-74.8776,-74.8543,-74.8341,-74.8185,-74.8091,-74.8082,-74.818,-74.841,-74.8789,-74.934
4.08,-74.7608,-74.8357,-74.9124,-74.9714,-75.0103,-75.0316,-75.0388,-75.0353,-75.0237,-75.0064,-74.985,-74.9611,-74.9357,-74.91,-74.885,-74.8619,-74.8418,-74.8261,-74.8168,-74.8159,-74.8258,-74.8487,-74.8867,-74.9417
4.085,-74.7677,-74.8425,-74.9192,-74.9781,-75.017,-75.0384,-75.0457,-75.0422,-75.0307,-75.0134,-74.9921,-74.9682,-74.943,-74.9174,-74.8925,-74.8694,-74.8493,-74.8338,-74.8246,-74.8237,-74.8335,-74.8565,-74.8943,-74.9493
4.09,-74.7745,-74.8493,-74.9259,-74.9849,-75.0238,-75.0451,-75.0525,-75.049,-75.0376,-75.0204,-74.9992,-74.9754,-74.9502,-74.9247,-74.8999,-74.8769,-74.8569,-74.8414,-74.8322,-74.8314,-74.8413,-74.8642,-74.902,-74.9568
4.095,-74.7813,-74.8561,-74.9326,-74.9916,-75.0305,-75.0519,-75.0592,-75.0559,-75.0445,-75.0274,-75.0063,-74.9826,-74.9575,-74.932,-74.9073,-74.8844,-74.8645,-74.8491,-74.8399,-74.8391,-74.849,-74.8719,-74.9097,-74.9644
4.1,-74.7881,-74.8629,-74.9394,-74.9983,-75.0372,-75.0586,-75.066,-75.0627,-75.0514,-75.0344,-75.0133,-74.9897,-74.9647,-74.9393,-74.9147,-74.8918,-74.872,-74.8567,-74.8476,-74.8468,-74.8567,-74.8795,-74.9173,-74.972
4.105,-74.7949,-74.8696,-74.9461,-75.005,-75.0439,-75.0653,-75.0728,-75.0695,-75.0583,-75.0413,-75.0204,-74.9968,-74.9719,-74.9466,-74.9221,-74.8993,-74.8795,-74.8642,-74.8552,-74.8545,-74.8644,-74.8872,-74.9249,-74.9795
4.11,-74.8017,-74.8764,-74.9527,-75.0116,-75.0506,-75.072,-75.0795,-75.0763,-75.0652,-75.0483,-75.0274,-75.0039,-74.979,-74.9539,-74.9294,-74.9067,-74.887,-74.8718,-74.8628,-74.8621,-74.872,-74.8948,-74.9325,-74.987
4.115,-74.8085,-74.8831,-74.9594,-75.0183,-75.0572,-75.0787,-75.0863,-75.0831,-75.072,-75.0552,-75.0344,-75.011,-74.9862,-74.9611,-74.9367,-74.9141,-74.8945,-74.8793,-74.8704,-74.8697,-74.8796,-74.9024,-74.94,-74.9945
4.12,-74.8152,-74.8898,-74.9661,-75.0249,-75.0639,-75.0854,-75.093,-75.0899,-75.0788,-75.0621,-75.0414,-75.018,-74.9933,-74.9683,-74.944,-74.9215,-74.9019,-74.8868,-74.8779,-74.8773,-74.8872,-74.91,-74.9476,-75.0019
4.125,-74.8219,-74.8965,-74.9727,-75.0315,-75.0705,-75.092,-75.0997,-75.0966,-75.0857,-75.069,-75.0483,-75.0251,-75.0005,-74.9755,-74.9513,-74.9288,-74.9094,-74.8943,-74.8855,-74.8849,-74.8948,-74.9176,-74.9551,-75.0094
4.13,-74.8287,-74.9031,-74.9793,-75.0381,-75.0771,-75.0987,-75.1063,-75.1034,-75.0925,-75.0758,-75.0553,-75.0321,-75.0076,-74.9827,-74.9586,-74.9362,-74.9168,-74.9018,-74.893,-74.8924,-74.9024,-74.9251,-74.9626,-75.0168
4.135,-74.8354,-74.9098,-74.986,-75.0447,-75.0837,-75.1053,-75.113,-75.1101,-75.0992,-75.0827,-75.0622,-75.0391,-75.0147,-74.9899,-74.9658,-74.9435,-74.9242,-74.9093,-74.9005,-74.9,-74.9099,-74.9327,-74.9701,-75.0242
4.14,-74.842,-74.9164,-74.9926,-75.0513,-75.0903,-75.1119,-75.1197,-75.1168,-75.106,-75.0895,-75.0691,-75.0461,-75.0217,-74.997,-74.973,-74.9508,-74.9315,-74.9167,-74.908,-74.9075,-74.9175,-74.9402,-74.9775,-75.0316
4.145,-74.8487,-74.9231,-74.9991,-75.0579,-75.0968,-75.1185,-75.1263,-75.1235,-75.1128,-75.0964,-75.076,-75.0531,-75.0288,-75.0042,-74.9802,-74.9581,-74.9389,-74.9241,-74.9155,-74.915,-74.925,-74.9476,-74.985,-75.0389
4.15,-74.8554,-74.9297,-75.0057,-75.0644,-75.1034,-75.1251,-75.1329,-75.1301,-75.1195,-75.1032,-75.0829,-75.06,-75.0358,-75.0113,-74.9874,-74.9653,-74.9462,-74.9315,-74.9229,-74.9224,-74.9324,-74.9551,-74.9924,-75.0462
4.155,-74.862,-74.9363,-75.0123,-75.071,-75.1099,-75.1316,-75.1395,-75.1368,-75.1262,-75.1099,-75.0897,-75.067,-75.0428,-75.0184,-74.9946,-74.9726,-74.9535,-74.9389,-74.9303,-74.9299,-74.9399,-74.9625,-74.9998,-75.0536
4.16,-74.8687,-74.9429,-75.0188,-75.0775,-75.1164,-75.1382,-75.1461,-75.1434,-75.1329,-75.1167,-75.0966,-75.0739,-75.0498,-75.0255,-75.0018,-74.9798,-74.9608,-74.9462,-74.9377,-74.9373,-74.9473,-74.97,-75.0071,-75.0609
4.165,-74.8753,-74.9494,-75.0253,-75.084,-75.123,-75.1447,-75.1527,-75.1501,-75.1396,-75.1235,-75.1034,-75.0808,-75.0568,-75.0325,-75.0089,-74.987,-74.9681,-74.9536,-74.9451,-74.9447,-74.9548,-74.9774,-75.0145,-75.0681
4.17,-74.8819,-74.956,-75.0318,-75.0905,-75.1294,-75.1512,-75.1592,-75.1567,-75.1463,-75.1302,-75.1102,-75.0877,-75.0638,-75.0396,-75.016,-74.9942,-74.9754,-74.9609,-74.9525,-74.9521,-74.9622,-74.9847,-75.0218,-75.0754
4.175,-74.8885,-74.9625,-75.0383,-75.0969,-75.1359,-75.1577,-75.1658,-75.1633,-75.1529,-75.1369,-75.117,-75.0946,-75.0707,-75.0466,-75.0231,-75.0014,-74.9826,-74.9682,-74.9598,-74.9595,-74.9695,-74.9921,-75.0291,-75.0826
4.18,-74.895,-74.9691,-75.0448,-75.1034,-75.1424,-75.1642,-75.1723,-75.1698,-75.1596,-75.1436,-75.1238,-75.1014,-75.0777,-75.0536,-75.0302,-75.0085,-74.9898,-74.9755,-74.9671,-74.9669,-74.9769,-74.9995,-75.0364,-75.0898
4.185,-74.9016,-74.9756,-75.0513,-75.1098,-75.1488,-75.1707,-75.1788,-75.1764,-75.1662,-75.1503,-75.1306,-75.1082,-75.0846,-75.0606,-75.0373,-75.0157,-74.997,-74.9827,-74.9744,-74.9742,-74.9842,-75.0068,-75.0437,-75.097
4.19,-74.9081,-74.9821,-75.0577,-75.1163,-75.1553,-75.1771,-75.1853,-75.1829,-75.1728,-75.157,-75.1373,-75.1151,-75.0915,-75.0675,-75.0443,-75.0228,-75.0042,-74.99,-74.9817,-74.9815,-74.9916,-75.0141,-75.0509,-75.1042
4.195,-74.9147,-74.9886,-75.0642,-75.1227,-75.1617,-75.1836,-75.1918,-75.1895,-75.1794,-75.1637,-75.144,-75.1219,-75.0983,-75.0745,-75.0513,-75.0299,-75.0114,-74.9972,-74.989,-74.9888,-74.9989,-75.0214,-75.0582,-75.1114
4.2,-74.9212,-74.995,-75.0706,-75.1291,-75.1681,-75.19,-75.1982,-75.196,-75.186,-75.1703,-75.1507,-75.1286,-75.1052,-75.0814,-75.0583,-75.037,-75.0185,-75.0044,-74.9962,-74.9961,-75.0061,-75.0286,-75.0654,-75.1185
4.205,-74.9277,-75.0015,-75.077,-75.1355,-75.1745,-75.1964,-75.2047,-75.2025,-75.1925,-75.1769,-75.1574,-75.1354,-75.112,-75.0883,-75.0653,-75.044,-75.0256,-75.0116,-75.0035,-75.0033,-75.0134,-75.0359,-75.0726,-75.1256
4.21,-74.9342,-75.0079,-75.0834,-75.1418,-75.1808,-75.2028,-75.2111,-75.209,-75.1991,-75.1835,-75.1641,-75.1422,-75.1189,-75.0952,-75.0723,-75.0511,-75.0327,-75.0187,-75.0107,-75.0106,-75.0206,-75.0431,-75.0798,-75.1327
4.215,-74.9407,-75.0144,-75.0898,-75.1482,-75.1872,-75.2092,-75.2175,-75.2154,-75.2056,-75.1901,-75.1708,-75.1489,-75.1257,-75.1021,-75.0793,-75.0581,-75.0398,-75.0259,-75.0179,-75.0178,-75.0279,-75.0503,-75.0869,-75.1398
4.22,-74.9471,-75.0208,-75.0962,-75.1546,-75.1936,-75.2156,-75.2239,-75.2219,-75.2121,-75.1967,-75.1774,-75.1556,-75.1325,-75.109,-75.0862,-75.0651,-75.0469,-75.033,-75.025,-75.025,-75.0351,-75.0575,-75.0941,-75.1468
4.225,-74.9536,-75.0272,-75.1025,-75.1609,-75.1999,-75.2219,-75.2303,-75.2283,-75.2186,-75.2033,-75.1841,-75.1623,-75.1393,-75.1158,-75.0931,-75.0721,-75.054,-75.0401,-75.0322,-75.0322,-75.0423,-75.0646,-75.1012,-75.1539
4.23,-74.96,-75.0336,-75.1089,-75.1672,-75.2062,-75.2282,-75.2367,-75.2348,-75.2251,-75.2098,-75.1907,-75.169,-75.146,-75.1227,-75.1,-75.0791,-75.061,-75.0472,-75.0393,-75.0393,-75.0494,-75.0718,-75.1083,-75.1609
4.235,-74.9665,-75.0399,-75.1152,-75.1735,-75.2125,-75.2346,-75.2431,-75.2412,-75.2316,-75.2164,-75.1973,-75.1757,-75.1528,-75.1295,-75.1069,-75.086,-75.068,-75.0543,-75.0464,-75.0465,-75.0566,-75.0789,-75.1153,-75.1679
4.24,-74.9729,-75.0463,-75.1215,-75.1798,-75.2188,-75.2409,-75.2494,-75.2476,-75.238,-75.2229,-75.2039,-75.1823,-75.1595,-75.1363,-75.1138,-75.093,-75.075,-75.0613,-75.0535,-75.0536,-75.0637,-75.086,-75.1224,-75.1749
4.245,-74.9793,-75.0527,-75.1278,-75.1861,-75.2251,-75.2472,-75.2558,-75.254,-75.2445,-75.2294,-75.2104,-75.189,-75.1662,-75.1431,-75.1206,-75.0999,-75.082,-75.0684,-75.0606,-75.0607,-75.0708,-75.0931,-75.1294,-75.1819
4.25,-74.9857,-75.059,-75.1341,-75.1923,-75.2313,-75.2535,-75.2621,-75.2603,-75.2509,-75.2359,-75.217,-75.1956,-75.1729,-75.1498,-75.1275,-75.1068,-75.089,-75.0754,-75.0677,-75.0678,-75.0779,-75.1002,-75.1365,-75.1888
4.255,-74.992,-75.0653,-75.1404,-75.1986,-75.2376,-75.2597,-75.2684,-75.2667,-75.2573,-75.2423,-75.2235,-75.2022,-75.1796,-75.1566,-75.1343,-75.1137,-75.0959,-75.0824,-75.0747,-75.0748,-75.085,-75.1072,-75.1435,-75.1957
4.26,-74.9984,-75.0716,-75.1466,-75.2048,-75.2438,-75.266,-75.2747,-75.273,-75.2637,-75.2488,-75.23,-75.2088,-75.1862,-75.1633,-75.1411,-75.1205,-75.1028,-75.0894,-75.0817,-75.0819,-75.092,-75.1143,-75.1505,-75.2026
4.265,-75.0047,-75.0779,-75.1529,-75.211,-75.25,-75.2722,-75.2809,-75.2793,-75.2701,-75.2552,-75.2365,-75.2154,-75.1929,-75.17,-75.1479,-75.1274,-75.1098,-75.0963,-75.0887,-75.0889,-75.0991,-75.1213,-75.1574,-75.2095
4.27,-75.0111,-75.0842,-75.1591,-75.2173,-75.2562,-75.2785,-75.2872,-75.2857,-75.2764,-75.2617,-75.243,-75.2219,-75.1995,-75.1768,-75.1546,-75.1342,-75.1167,-75.1033,-75.0957,-75.0959,-75.1061,-75.1283,-75.1644,-75.2164
4.275,-75.0174,-75.0905,-75.1653,-75.2234,-75.2624,-75.2847,-75.2935,-75.2919,-75.2828,-75.2681,-75.2495,-75.2285,-75.2061,-75.1834,-75.1614,-75.141,-75.1235,-75.1102,-75.1027,-75.1029,-75.1131,-75.1352,-75.1713,-75.2233
4.28,-75.0237,-75.0967,-75.1715,-75.2296,-75.2686,-75.2909,-75.2997,-75.2982,-75.2891,-75.2745,-75.256,-75.235,-75.2127,-75.1901,-75.1681,-75.1479,-75.1304,-75.1171,-75.1096,-75.1099,-75.12,-75.1422,-75.1782,-75.2301
4.285,-75.03,-75.103,-75.1777,-75.2358,-75.2748,-75.2971,-75.3059,-75.3045,-75.2954,-75.2809,-75.2624,-75.2415,-75.2193,-75.1968,-75.1749,-75.1546,-75.1372,-75.124,-75.1166,-75.1169,-75.127,-75.1491,-75.1851,-75.2369
4.29,-75.0363,-75.1092,-75.1839,-75.242,-75.2809,-75.3032,-75.3121,-75.3107,-75.3017,-75.2872,-75.2689,-75.248,-75.2259,-75.2034,-75.1816,-75.1614,-75.1441,-75.1309,-75.1235,-75.1238,-75.134,-75.1561,-75.192,-75.2437
4.295,-75.0425,-75.1154,-75.1901,-75.2481,-75.2871,-75.3094,-75.3183,-75.317,-75.308,-75.2936,-75.2753,-75.2545,-75.2324,-75.21,-75.1882,-75.1682,-75.1509,-75.1377,-75.1304,-75.1307,-75.1409,-75.163,-75.1988,-75.2505
4.3,-75.0488,-75.1216,-75.1963,-75.2542,-75.2932,-75.3155,-75.3245,-75.3232,-75.3143,-75.2999,-75.2817,-75.261,-75.239,-75.2166,-75.1949,-75.1749,-75.1577,-75.1446,-75.1373,-75.1376,-75.1478,-75.1699,-75.2057,-75.2573
4.305,-75.055,-75.1278,-75.2024,-75.2603,-75.2993,-75.3217,-75.3307,-75.3294,-75.3206,-75.3062,-75.2881,-75.2674,-75.2455,-75.2232,-75.2016,-75.1816,-75.1644,-75.1514,-75.1441,-75.1445,-75.1547,-75.1767,-75.2125,-75.264
4.31,-75.0613,-75.134,-75.2085,-75.2664,-75.3054,-75.3278,-75.3368,-75.3356,-75.3268,-75.3125,-75.2944,-75.2739,-75.252,-75.2298,-75.2082,-75.1883,-75.1712,-75.1582,-75.151,-75.1514,-75.1616,-75.1836,-75.2193,-75.2708
4.315,-75.0675,-75.1402,-75.2146,-75.2725,-75.3115,-75.3339,-75.3429,-75.3418,-75.3331,-75.3188,-75.3008,-75.2803,-75.2585,-75.2363,-75.2148,-75.195,-75.1779,-75.165,-75.1578,-75.1582,-75.1684,-75.1904,-75.2261,-75.2775
4.32,-75.0737,-75.1463,-75.2207,-75.2786,-75.3176,-75.34,-75.3491,-75.348,-75.3393,-75.3251,-75.3072,-75.2867,-75.265,-75.2429,-75.2214,-75.2017,-75.1847,-75.1718,-75.1646,-75.1651,-75.1753,-75.1972,-75.2329,-75.2842
4.325,-75.0799,-75.1525,-75.2268,-75.2847,-75.3236,-75.3461,-75.3552,-75.3541,-75.3455,-75.3314,-75.3135,-75.2931,-75.2714,-75.2494,-75.228,-75.2083,-75.1914,-75.1786,-75.1714,-75.1719,-75.1821,-75.204,-75.2396,-75.2908
4.33,-75.0861,-75.1586,-75.2329,-75.2907,-75.3297,-75.3521,-75.3613,-75.3603,-75.3517,-75.3376,-75.3198,-75.2995,-75.2779,-75.2559,-75.2346,-75.215,-75.1981,-75.1853,-75.1782,-75.1787,-75.1889,-75.2108,-75.2464,-75.2975
4.335,-75.0922,-75.1647,-75.239,-75.2968,-75.3357,-75.3582,-75.3674,-75.3664,-75.3579,-75.3439,-75.3261,-75.3059,-75.2843,-75.2624,-75.2412,-75.2216,-75.2048,-75.192,-75.185,-75.1855,-75.1957,-75.2176,-75.2531,-75.3041
4.34,-75.0984,-75.1708,-75.245,-75.3028,-75.3418,-75.3642,-75.3734,-75.3725,-75.364,-75.3501,-75.3324,-75.3122,-75.2907,-75.2689,-75.2477,-75.2282,-75.2114,-75.1987,-75.1917,-75.1923,-75.2024,-75.2243,-75.2598,-75.3108
4.345,-75.1045,-75.1769,-75.2511,-75.3088,-75.3478,-75.3702,-75.3795,-75.3786,-75.3702,-75.3563,-75.3387,-75.3185,-75.2971,-75.2754,-75.2542,-75.2348,-75.2181,-75.2054,-75.1985,-75.199,-75.2092,-75.2311,-75.2665,-75.3174
4.35,-75.1107,-75.183,-75.2571,-75.3148,-75.3538,-75.3763,-75.3855,-75.3847,-75.3763,-75.3625,-75.3449,-75.3249,-75.3035,-75.2818,-75.2608,-75.2414,-75.2247,-75.2121,-75.2052,-75.2057,-75.2159,-75.2378,-75.2731,-75.324
4.355,-75.1168,-75.189,-75.2631,-75.3208,-75.3597,-75.3822,-75.3916,-75.3908,-75.3825,-75.3687,-75.3512,-75.3312,-75.3099,-75.2882,-75.2673,-75.2479,-75.2313,-75.2188,-75.2119,-75.2125,-75.2226,-75.2445,-75.2798,-75.3306
4.36,-75.1229,-75.1951,-75.2691,-75.3268,-75.3657,-75.3882,-75.3976,-75.3968,-75.3886,-75.3749,-75.3574,-75.3375,-75.3162,-75.2947,-75.2738,-75.2545,-75.2379,-75.2254,-75.2186,-75.2192,-75.2294,-75.2512,-75.2864,-75.3371
4.365,-75.129,-75.2011,-75.2751,-75.3327,-75.3717,-75.3942,-75.4036,-75.4029,-75.3947,-75.381,-75.3636,-75.3437,-75.3226,-75.3011,-75.2802,-75.261,-75.2445,-75.232,-75.2252,-75.2259,-75.236,-75.2578,-75.293,-75.3437
4.37,-75.1351,-75.2072,-75.2811,-75.3387,-75.3776,-75.4002,-75.4096,-75.4089,-75.4007,-75.3872,-75.3698,-75.35,-75.3289,-75.3075,-75.2867,-75.2675,-75.2511,-75.2387,-75.2319,-75.2325,-75.2427,-75.2645,-75.2996,-75.3502
4.375,-75.1411,-75.2132,-75.2871,-75.3446,-75.3836,-75.4061,-75.4156,-75.4149,-75.4068,-75.3933,-75.376,-75.3563,-75.3352,-75.3138,-75.2931,-75.274,-75.2576,-75.2453,-75.2385,-75.2392,-75.2494,-75.2711,-75.3062,-75.3567
4.38,-75.1472,-75.2192,-75.293,-75.3506,-75.3895,-75.4121,-75.4215,-75.4209,-75.4129,-75.3994,-75.3822,-75.3625,-75.3415,-75.3202,-75.2995,-75.2805,-75.2641,-75.2518,-75.2451,-75.2458,-75.256,-75.2777,-75.3128,-75.3632
4.385,-75.1533,-75.2252,-75.299,-75.3565,-75.3954,-75.418,-75.4275,-75.4269,-75.4189,-75.4055,-75.3883,-75.3687,-75.3478,-75.3266,-75.3059,-75.2869,-75.2707,-75.2584,-75.2517,-75.2524,-75.2626,-75.2843,-75.3193,-75.3697
4.39,-75.1593,-75.2312,-75.3049,-75.3624,-75.4013,-75.4239,-75.4334,-75.4329,-75.4249,-75.4116,-75.3945,-75.3749,-75.3541,-75.3329,-75.3123,-75.2934,-75.2772,-75.265,-75.2583,-75.259,-75.2692,-75.2909,-75.3259,-75.3762
4.395,-75.1653,-75.2371,-75.3108,-75.3683,-75.4072,-75.4298,-75.4393,-75.4389,-75.431,-75.4177,-75.4006,-75.3811,-75.3603,-75.3392,-75.3187,-75.2998,-75.2837,-75.2715,-75.2649,-75.2656,-75.2758,-75.2975,-75.3324,-75.3826
4.4,-75.1713,-75.2431,-75.3167,-75.3741,-75.413,-75.4357,-75.4453,-75.4448,-75.437,-75.4237,-75.4067,-75.3873,-75.3666,-75.3455,-75.3251,-75.3063,-75.2901,-75.278,-75.2714,-75.2722,-75.2824,-75.304,-75.3389,-75.389
4.405,-75.1773,-75.249,-75.3226,-75.38,-75.4189,-75.4416,-75.4512,-75.4508,-75.443,-75.4298,-75.4128,-75.3935,-75.3728,-75.3518,-75.3314,-75.3127,-75.2966,-75.2845,-75.278,-75.2788,-75.2889,-75.3106,-75.3454,-75.3954
4.41,-75.1833,-75.255,-75.3285,-75.3859,-75.4248,-75.4474,-75.4571,-75.4567,-75.4489,-75.4358,-75.4189,-75.3996,-75.379,-75.3581,-75.3378,-75.319,-75.303,-75.291,-75.2845,-75.2853,-75.2955,-75.3171,-75.3519,-75.4018
4.415,-75.1893,-75.2609,-75.3344,-75.3917,-75.4306,-75.4533,-75.4629,-75.4626,-75.4549,-75.4418,-75.425,-75.4057,-75.3852,-75.3643,-75.3441,-75.3254,-75.3095,-75.2975,-75.291,-75.2918,-75.302,-75.3236,-75.3583,-75.4082
4.42,-75.1953,-75.2668,-75.3402,-75.3975,-75.4364,-75.4591,-75.4688,-75.4685,-75.4609,-75.4478,-75.4311,-75.4119,-75.3914,-75.3706,-75.3504,-75.3318,-75.3159,-75.3039,-75.2975,-75.2983,-75.3085,-75.3301,-75.3648,-75.4146
4.425,-75.2012,-75.2727,-75.3461,-75.4034,-75.4422,-75.4649,-75.4747,-75.4744,-75.4668,-75.4538,-75.4371,-75.418,-75.3976,-75.3768,-75.3567,-75.3381,-75.3223,-75.3104,-75.3039,-75.3048,-75.315,-75.3365,-75.3712,-75.421
4.43,-75.2071,-75.2786,-75.3519,-75.4092,-75.448,-75.4707,-75.4805,-75.4803,-75.4727,-75.4598,-75.4431,-75.4241,-75.4037,-75.383,-75.3629,-75.3445,-75.3287,-75.3168,-75.3104,-75.3113,-75.3215,-75.343,-75.3776,-75.4273
4.435,-75.2131,-75.2845,-75.3577,-75.4149,-75.4538,-75.4765,-75.4863,-75.4862,-75.4787,-75.4658,-75.4492,-75.4302,-75.4099,-75.3892,-75.3692,-75.3508,-75.335,-75.3232,-75.3168,-75.3178,-75.3279,-75.3494,-75.384,-75.4336
4.44,-75.219,-75.2903,-75.3635,-75.4207,-75.4596,-75.4823,-75.4921,-75.492,-75.4846,-75.4717,-75.4552,-75.4362,-75.416,-75.3954,-75.3755,-75.3571,-75.3414,-75.3296,-75.3233,-75.3242,-75.3344,-75.3558,-75.3904,-75.4399
4.445,-75.2249,-75.2962,-75.3693,-75.4265,-75.4653,-75.4881,-75.4979,-75.4979,-75.4904,-75.4777,-75.4612,-75.4423,-75.4221,-75.4016,-75.3817,-75.3634,-75.3477,-75.336,-75.3297,-75.3306,-75.3408,-75.3623,-75.3967,-75.4462
4.45,-75.2308,-75.302,-75.3751,-75.4323,-75.4711,-75.4939,-75.5037,-75.5037,-75.4963,-75.4836,-75.4672,-75.4483,-75.4282,-75.4078,-75.3879,-75.3696,-75.354,-75.3423,-75.3361,-75.3371,-75.3472,-75.3686,-75.4031,-75.4525
4.455,-75.2367,-75.3078,-75.3809,-75.438,-75.4768,-75.4996,-75.5095,-75.5095,-75.5022,-75.4895,-75.4731,-75.4544,-75.4343,-75.4139,-75.3941,-75.3759,-75.3603,-75.3487,-75.3425,-75.3435,-75.3536,-75.375,-75.4094,-75.4587
4.46,-75.2426,-75.3137,-75.3867,-75.4437,-75.4826,-75.5054,-75.5153,-75.5153,-75.508,-75.4954,-75.4791,-75.4604,-75.4404,-75.42,-75.4003,-75.3821,-75.3666,-75.355,-75.3488,-75.3498,-75.36,-75.3814,-75.4157,-75.465
4.465,-75.2484,-75.3195,-75.3924,-75.4495,-75.4883,-75.5111,-75.521,-75.5211,-75.5139,-75.5013,-75.485,-75.4664,-75.4464,-75.4261,-75.4065,-75.3884,-75.3729,-75.3614,-75.3552,-75.3562,-75.3664,-75.3877,-75.422,-75.4712
4.47,-75.2543,-75.3253,-75.3982,-75.4552,-75.494,-75.5168,-75.5268,-75.5269,-75.5197,-75.5072,-75.491,-75.4724,-75.4525,-75.4323,-75.4126,-75.3946,-75.3792,-75.3677,-75.3615,-75.3626,-75.3727,-75.3941,-75.4283,-75.4774
4.475,-75.2601,-75.331,-75.4039,-75.4609,-75.4997,-75.5225,-75.5325,-75.5327,-75.5255,-75.513,-75.4969,-75.4783,-75.4585,-75.4383,-75.4188,-75.4008,-75.3854,-75.374,-75.3679,-75.3689,-75.3791,-75.4004,-75.4346,-75.4836
4.48,-75.2659,-75.3368,-75.4096,-75.4666,-75.5054,-75.5282,-75.5382,-75.5384,-75.5313,-75.5189,-75.5028,-75.4843,-75.4645,-75.4444,-75.4249,-75.407,-75.3917,-75.3802,-75.3742,-75.3752,-75.3854,-75.4067,-75.4408,-75.4898
4.485,-75.2718,-75.3426,-75.4153,-75.4723,-75.511,-75.5339,-75.5439,-75.5442,-75.5371,-75.5247,-75.5087,-75.4903,-75.4705,-75.4505,-75.4311,-75.4132,-75.3979,-75.3865,-75.3805,-75.3815,-75.3917,-75.413,-75.4471,-75.496
4.49,-75.2776,-75.3483,-75.421,-75.4779,-75.5167,-75.5396,-75.5496,-75.5499,-75.5429,-75.5306,-75.5146,-75.4962,-75.4765,-75.4566,-75.4372,-75.4193,-75.4041,-75.3927,-75.3867,-75.3878,-75.398,-75.4192,-75.4533,-75.5022
4.495,-75.2834,-75.3541,-75.4267,-75.4836,-75.5223,-75.5452,-75.5553,-75.5556,-75.5487,-75.5364,-75.5204,-75.5021,-75.4825,-75.4626,-75.4433,-75.4255,-75.4103,-75.399,-75.393,-75.3941,-75.4043,-75.4255,-75.4595,-75.5083
4.5,-75.2892,-75.3598,-75.4324,-75.4892,-75.528,-75.5509,-75.561,-75.5613,-75.5544,-75.5422,-75.5263,-75.508,-75.4885,-75.4686,-75.4493,-75.4316,-75.4165,-75.4052,-75.3993,-75.4004,-75.4106,-75.4317,-75.4657,-75.5144
4.505,-75.2949,-75.3655,-75.438,-75.4949,-75.5336,-75.5565,-75.5667,-75.567,-75.5601,-75.548,-75.5321,-75.5139,-75.4944,-75.4746,-75.4554,-75.4377,-75.4226,-75.4114,-75.4055,-75.4066,-75.4168,-75.438,-75.4719,-75.5205
4.51,-75.3007,-75.3712,-75.4437,-75.5005,-75.5392,-75.5621,-75.5723,-75.5727,-75.5659,-75.5538,-75.538,-75.5198,-75.5004,-75.4806,-75.4615,-75.4438,-75.4288,-75.4176,-75.4117,-75.4129,-75.423,-75.4442,-75.478,-75.5266
4.515,-75.3064,-75.3769,-75.4493,-75.5061,-75.5448,-75.5677,-75.5779,-75.5784,-75.5716,-75.5595,-75.5438,-75.5257,-75.5063,-75.4866,-75.4675,-75.4499,-75.4349,-75.4238,-75.4179,-75.4191,-75.4293,-75.4504,-75.4842,-75.5327
4.52,-75.3122,-75.3826,-75.455,-75.5117,-75.5504,-75.5733,-75.5836,-75.5841,-75.5773,-75.5653,-75.5496,-75.5316,-75.5122,-75.4926,-75.4735,-75.456,-75.4411,-75.4299,-75.4241,-75.4253,-75.4355,-75.4566,-75.4903,-75.5388
4.525,-75.3179,-75.3883,-75.4606,-75.5173,-75.556,-75.5789,-75.5892,-75.5897,-75.583,-75.571,-75.5554,-75.5374,-75.5181,-75.4985,-75.4795,-75.4621,-75.4472,-75.4361,-75.4303,-75.4315,-75.4417,-75.4627,-75.4965,-75.5449
4.53,-75.3236,-75.3939,-75.4662,-75.5229,-75.5616,-75.5845,-75.5948,-75.5954,-75.5887,-75.5767,-75.5612,-75.5432,-75.524,-75.5045,-75.4855,-75.4681,-75.4533,-75.4422,-75.4365,-75.4377,-75.4478,-75.4689,-75.5026,-75.5509
4.535,-75.3293,-75.3996,-75.4718,-75.5284,-75.5671,-75.5901,-75.6004,-75.601,-75.5943,-75.5825,-75.5669,-75.5491,-75.5299,-75.5104,-75.4915,-75.4742,-75.4594,-75.4484,-75.4426,-75.4438,-75.454,-75.475,-75.5087,-75.5569
4.54,-75.335,-75.4052,-75.4774,-75.534,-75.5727,-75.5956,-75.606,-75.6066,-75.6,-75.5882,-75.5727,-75.5549,-75.5358,-75.5163,-75.4975,-75.4802,-75.4654,-75.4545,-75.4487,-75.45,-75.4602,-75.4811,-75.5147,-75.5629
4.545,-75.3407,-75.4109,-75.483,-75.5395,-75.5782,-75.6012,-75.6115,-75.6122,-75.6056,-75.5939,-75.5784,-75.5607,-75.5416,-75.5223,-75.5035,-75.4862,-75.4715,-75.4606,-75.4549,-75.4561,-75.4663,-75.4873,-75.5208,-75.5689
4.55,-75.3464,-75.4165,-75.4885,-75.5451,-75.5837,-75.6067,-75.6171,-75.6178,-75.6113,-75.5995,-75.5842,-75.5665,-75.5475,-75.5281,-75.5094,-75.4922,-75.4775,-75.4666,-75.461,-75.4623,-75.4724,-75.4934,-75.5269,-75.5749
4.555,-75.3521,-75.4221,-75.4941,-75.5506,-75.5892,-75.6122,-75.6226,-75.6234,-75.6169,-75.6052,-75.5899,-75.5722,-75.5533,-75.534,-75.5153,-75.4982,-75.4836,-75.4727,-75.4671,-75.4684,-75.4785,-75.4994,-75.5329,-75.5809
4.56,-75.3577,-75.4277,-75.4996,-75.5561,-75.5947,-75.6177,-75.6282,-75.6289,-75.6225,-75.6109,-75.5956,-75.578,-75.5591,-75.5399,-75.5213,-75.5041,-75.4896,-75.4788,-75.4732,-75.4745,-75.4846,-75.5055,-75.5389,-75.5868
4.565,-75.3634,-75.4333,-75.5052,-75.5616,-75.6002,-75.6232,-75.6337,-75.6345,-75.6281,-75.6165,-75.6013,-75.5837,-75.5649,-75.5458,-75.5272,-75.5101,-75.4956,-75.4848,-75.4792,-75.4805,-75.4907,-75.5116,-75.5449,-75.5928
4.57,-75.369,-75.4388,-75.5107,-75.5671,-75.6057,-75.6287,-75.6392,-75.64,-75.6337,-75.6222,-75.607,-75.5895,-75.5707,-75.5516,-75.5331,-75.5161,-75.5016,-75.4908,-75.4853,-75.4866,-75.4968,-75.5176,-75.5509,-75.5987
4.575,-75.3746,-75.4444,-75.5162,-75.5726,-75.6112,-75.6342,-75.6447,-75.6456,-75.6393,-75.6278,-75.6127,-75.5952,-75.5765,-75.5574,-75.539,-75.522,-75.5075,-75.4968,-75.4913,-75.4927,-75.5028,-75.5236,-75.5569,-75.6046
4.58,-75.3803,-75.45,-75.5217,-75.578,-75.6166,-75.6397,-75.6502,-75.6511,-75.6448,-75.6334,-75.6183,-75.6009,-75.5823,-75.5632,-75.5448,-75.5279,-75.5135,-75.5028,-75.4973,-75.4987,-75.5088,-75.5297,-75.5629,-75.6105
4.585,-75.3859,-75.4555,-75.5272,-75.5835,-75.6221,-75.6451,-75.6557,-75.6566,-75.6504,-75.639,-75.624,-75.6066,-75.588,-75.5691,-75.5507,-75.5338,-75.5195,-75.5088,-75.5034,-75.5047,-75.5149,-75.5357,-75.5688,-75.6164
4.59,-75.3915,-75.461,-75.5327,-75.5889,-75.6275,-75.6506,-75.6611,-75.6621,-75.6559,-75.6446,-75.6296,-75.6123,-75.5938,-75.5749,-75.5565,-75.5397,-75.5254,-75.5148,-75.5094,-75.5107,-75.5209,-75.5416,-75.5748,-75.6223
4.595,-75.397,-75.4666,-75.5381,-75.5944,-75.633,-75.656,-75.6666,-75.6676,-75.6615,-75.6502,-75.6352,-75.618,-75.5995,-75.5806,-75.5624,-75.5456,-75.5313,-75.5208,-75.5153,-75.5168,-75.5269,-75.5476,-75.5807,-75.6282
4.6,-75.4026,-75.4721,-75.5436,-75.5998,-75.6384,-75.6614,-75.6721,-75.6731,-75.667,-75.6557,-75.6409,-75.6237,-75.6052,-75.5864,-75.5682,-75.5515,-75.5372,-75.5267,-75.5213,-75.5227,-75.5329,-75.5536,-75.5866,-75.634
4.605,-75.4082,-75.4776,-75.5491,-75.6052,-75.6438,-75.6669,-75.6775,-75.6786,-75.6725,-75.6613,-75.6465,-75.6293,-75.6109,-75.5922,-75.574,-75.5573,-75.5431,-75.5326,-75.5273,-75.5287,-75.5388,-75.5595,-75.5925,-75.6398
4.61,-75.4137,-75.4831,-75.5545,-75.6106,-75.6492,-75.6723,-75.6829,-75.684,-75.678,-75.6668,-75.652,-75.635,-75.6166,-75.5979,-75.5798,-75.5631,-75.549,-75.5386,-75.5332,-75.5347,-75.5448,-75.5655,-75.5984,-75.6457
4.615,-75.4193,-75.4886,-75.5599,-75.616,-75.6546,-75.6777,-75.6883,-75.6895,-75.6835,-75.6723,-75.6576,-75.6406,-75.6223,-75.6036,-75.5856,-75.569,-75.5549,-75.5445,-75.5392,-75.5406,-75.5507,-75.5714,-75.6043,-75.6515
4.62,-75.4248,-75.494,-75.5653,-75.6214,-75.6599,-75.683,-75.6937,-75.6949,-75.689,-75.6779,-75.6632,-75.6462,-75.6279,-75.6094,-75.5913,-75.5748,-75.5607,-75.5504,-75.5451,-75.5466,-75.5567,-75.5773,-75.6101,-75.6573
4.625,-75.4303,-75.4995,-75.5708,-75.6268,-75.6653,-75.6884,-75.6991,-75.7003,-75.6944,-75.6834,-75.6688,-75.6518,-75.6336,-75.6151,-75.5971,-75.5806,-75.5666,-75.5563,-75.551,-75.5525,-75.5626,-75.5832,-75.616,-75.6631
4.63,-75.4358,-75.5049,-75.5762,-75.6321,-75.6707,-75.6938,-75.7045,-75.7057,-75.6999,-75.6889,-75.6743,-75.6574,-75.6393,-75.6208,-75.6028,-75.5864,-75.5724,-75.5621,-75.5569,-75.5584,-75.5685,-75.5891,-75.6218,-75.6688
4.635,-75.4413,-75.5104,-75.5815,-75.6375,-75.676,-75.6991,-75.7099,-75.7111,-75.7053,-75.6944,-75.6798,-75.663,-75.6449,-75.6264,-75.6086,-75.5922,-75.5782,-75.568,-75.5628,-75.5643,-75.5744,-75.5949,-75.6277,-75.6746
4.64,-75.4468,-75.5158,-75.5869,-75.6429,-75.6813,-75.7045,-75.7152,-75.7165,-75.7107,-75.6998,-75.6854,-75.6686,-75.6505,-75.6321,-75.6143,-75.5979,-75.5841,-75.5738,-75.5686,-75.5702,-75.5802,-75.6008,-75.6335,-75.6803
4.645,-75.4523,-75.5212,-75.5923,-75.6482,-75.6867,-75.7098,-75.7206,-75.7219,-75.7162,-75.7053,-75.6909,-75.6741,-75.6561,-75.6378,-75.62,-75.6037,-75.5899,-75.5797,-75.5745,-75.576,-75.5861,-75.6066,-75.6393,-75.6861
4.65,-75.4578,-75.5267,-75.5976,-75.6535,-75.692,-75.7151,-75.7259,-75.7273,-75.7216,-75.7108,-75.6964,-75.6797,-75.6617,-75.6434,-75.6257,-75.6094,-75.5956,-75.5855,-75.5803,-75.5819,-75.592,-75.6124,-75.645,-75.6918
4.655,-75.4633,-75.5321,-75.603,-75.6588,-75.6973,-75.7204,-75.7313,-75.7326,-75.727,-75.7162,-75.7019,-75.6852,-75.6673,-75.6491,-75.6314,-75.6152,-75.6014,-75.5913,-75.5862,-75.5877,-75.5978,-75.6183,-75.6508,-75.6975
4.66,-75.4687,-75.5375,-75.6083,-75.6641,-75.7026,-75.7257,-75.7366,-75.738,-75.7324,-75.7216,-75.7073,-75.6907,-75.6729,-75.6547,-75.6371,-75.6209,-75.6072,-75.5971,-75.592,-75.5936,-75.6036,-75.6241,-75.6566,-75.7032
4.665,-75.4742,-75.5428,-75.6137,-75.6694,-75.7078,-75.731,-75.7419,-75.7433,-75.7377,-75.7271,-75.7128,-75.6963,-75.6784,-75.6603,-75.6427,-75.6266,-75.6129,-75.6029,-75.5978,-75.5994,-75.6094,-75.6298,-75.6623,-75.7089
4.67,-75.4796,-75.5482,-75.619,-75.6747,-75.7131,-75.7363,-75.7472,-75.7487,-75.7431,-75.7325,-75.7183,-75.7018,-75.684,-75.6659,-75.6484,-75.6323,-75.6187,-75.6086,-75.6036,-75.6052,-75.6152,-75.6356,-75.668,-75.7145
4.675,-75.485,-75.5536,-75.6243,-75.68,-75.7184,-75.7416,-75.7525,-75.754,-75.7485,-75.7379,-75.7237,-75.7072,-75.6895,-75.6715,-75.654,-75.638,-75.6244,-75.6144,-75.6094,-75.611,-75.621,-75.6414,-75.6738,-75.7202
4.68,-75.4904,-75.5589,-75.6296,-75.6852,-75.7236,-75.7468,-75.7578,-75.7593,-75.7538,-75.7432,-75.7291,-75.7127,-75.6951,-75.6771,-75.6596,-75.6436,-75.6301,-75.6201,-75.6151,-75.6167,-75.6268,-75.6471,-75.6795,-75.7258
4.685,-75.4958,-75.5643,-75.6349,-75.6905,-75.7289,-75.7521,-75.763,-75.7646,-75.7591,-75.7486,-75.7346,-75.7182,-75.7006,-75.6826,-75.6653,-75.6493,-75.6358,-75.6258,-75.6209,-75.6225,-75.6326,-75.6529,-75.6852,-75.7315
4.69,-75.5012,-75.5696,-75.6402,-75.6957,-75.7341,-75.7573,-75.7683,-75.7699,-75.7645,-75.754,-75.74,-75.7237,-75.7061,-75.6882,-75.6709,-75.6549,-75.6415,-75.6316,-75.6266,-75.6283,-75.6383,-75.6586,-75.6908,-75.7371
4.695,-75.5066,-75.5749,-75.6454,-75.701,-75.7393,-75.7625,-75.7735,-75.7752,-75.7698,-75.7593,-75.7454,-75.7291,-75.7116,-75.6937,-75.6765,-75.6606,-75.6471,-75.6373,-75.6324,-75.634,-75.644,-75.6643,-75.6965,-75.7427
4.7,-75.512,-75.5802,-75.6507,-75.7062,-75.7445,-75.7677,-75.7788,-75.7804,-75.7751,-75.7647,-75.7508,-75.7345,-75.7171,-75.6993,-75.682,-75.6662,-75.6528,-75.643,-75.6381,-75.6397,-75.6498,-75.67,-75.7022,-75.7483
4.705,-75.5173,-75.5855,-75.6559,-75.7114,-75.7497,-75.7729,-75.784,-75.7857,-75.7804,-75.77,-75.7561,-75.74,-75.7226,-75.7048,-75.6876,-75.6718,-75.6585,-75.6487,-75.6438,-75.6454,-75.6555,-75.6757,-75.7078,-75.7538
4.71,-75.5227,-75.5908,-75.6612,-75.7166,-75.7549,-75.7782,-75.7892,-75.7909,-75.7857,-75.7753,-75.7615,-75.7454,-75.728,-75.7103,-75.6932,-75.6774,-75.6641,-75.6543,-75.6495,-75.6512,-75.6612,-75.6814,-75.7134,-75.7594
4.715,-75.5281,-75.5961,-75.6664,-75.7218,-75.7601,-75.7833,-75.7944,-75.7962,-75.7909,-75.7807,-75.7669,-75.7508,-75.7335,-75.7158,-75.6987,-75.683,-75.6697,-75.66,-75.6552,-75.6568,-75.6669,-75.687,-75.7191,-75.765
4.72,-75.5334,-75.6014,-75.6716,-75.727,-75.7653,-75.7885,-75.7996,-75.8014,-75.7962,-75.786,-75.7722,-75.7562,-75.7389,-75.7213,-75.7042,-75.6886,-75.6753,-75.6656,-75.6608,-75.6625,-75.6725,-75.6927,-75.7247,-75.7705
4.725,-75.5387,-75.6067,-75.6768,-75.7322,-75.7705,-75.7937,-75.8048,-75.8066,-75.8014,-75.7913,-75.7775,-75.7616,-75.7443,-75.7268,-75.7098,-75.6941,-75.6809,-75.6713,-75.6665,-75.6682,-75.6782,-75.6983,-75.7303,-75.776
4.73,-75.544,-75.6119,-75.682,-75.7374,-75.7756,-75.7988,-75.81,-75.8118,-75.8067,-75.7965,-75.7829,-75.7669,-75.7498,-75.7322,-75.7153,-75.6997,-75.6865,-75.6769,-75.6721,-75.6738,-75.6839,-75.704,-75.7359,-75.7816
4.735,-75.5494,-75.6172,-75.6872,-75.7425,-75.7808,-75.804,-75.8151,-75.817,-75.8119,-75.8018,-75.7882,-75.7723,-75.7552,-75.7377,-75.7208,-75.7052,-75.6921,-75.6825,-75.6778,-75.6795,-75.6895,-75.7096,-75.7414,-75.7871
4.74,-75.5546,-75.6224,-75.6924,-75.7477,-75.7859,-75.8091,-75.8203,-75.8222,-75.8171,-75.8071,-75.7935,-75.7776,-75.7606,-75.7431,-75.7262,-75.7108,-75.6977,-75.6881,-75.6834,-75.6851,-75.6951,-75.7152,-75.747,-75.7926
4.745,-75.5599,-75.6276,-75.6976,-75.7528,-75.791,-75.8143,-75.8254,-75.8274,-75.8223,-75.8123,-75.7988,-75.783,-75.7659,-75.7486,-75.7317,-75.7163,-75.7032,-75.6937,-75.689,-75.6907,-75.7007,-75.7208,-75.7525,-75.798
4.75,-75.5652,-75.6329,-75.7028,-75.7579,-75.7961,-75.8194,-75.8306,-75.8325,-75.8276,-75.8176,-75.8041,-75.7883,-75.7713,-75.754,-75.7372,-75.7218,-75.7088,-75.6993,-75.6946,-75.6964,-75.7063,-75.7263,-75.7581,-75.8035
4.755,-75.5705,-75.6381,-75.7079,-75.7631,-75.8012,-75.8245,-75.8357,-75.8377,-75.8327,-75.8228,-75.8093,-75.7936,-75.7767,-75.7594,-75.7426,-75.7273,-75.7143,-75.7048,-75.7002,-75.7019,-75.7119,-75.7319,-75.7636,-75.809
4.76,-75.5758,-75.6433,-75.7131,-75.7682,-75.8063,-75.8296,-75.8408,-75.8428,-75.8379,-75.828,-75.8146,-75.7989,-75.782,-75.7648,-75.7481,-75.7328,-75.7198,-75.7104,-75.7057,-75.7075,-75.7175,-75.7375,-75.7691,-75.8144
4.765,-75.581,-75.6485,-75.7182,-75.7733,-75.8114,-75.8347,-75.8459,-75.848,-75.8431,-75.8332,-75.8199,-75.8042,-75.7874,-75.7702,-75.7535,-75.7383,-75.7253,-75.7159,-75.7113,-75.7131,-75.7231,-75.743,-75.7746,-75.8199
4.77,-75.5863,-75.6536,-75.7233,-75.7784,-75.8165,-75.8398,-75.851,-75.8531,-75.8483,-75.8384,-75.8251,-75.8095,-75.7927,-75.7756,-75.7589,-75.7437,-75.7308,-75.7214,-75.7169,-75.7187,-75.7286,-75.7485,-75.7801,-75.8253
4.775,-75.5915,-75.6588,-75.7284,-75.7834,-75.8216,-75.8448,-75.8561,-75.8582,-75.8534,-75.8436,-75.8303,-75.8148,-75.798,-75.7809,-75.7644,-75.7492,-75.7363,-75.727,-75.7224,-75.7242,-75.7342,-75.7541,-75.7856,-75.8307
4.78,-75.5967,-75.664,-75.7335,-75.7885,-75.8266,-75.8499,-75.8612,-75.8633,-75.8585,-75.8488,-75.8356,-75.8201,-75.8034,-75.7863,-75.7698,-75.7546,-75.7418,-75.7325,-75.7279,-75.7297,-75.7397,-75.7596,-75.791,-75.8361
4.785,-75.6019,-75.6691,-75.7386,-75.7936,-75.8317,-75.8549,-75.8663,-75.8684,-75.8637,-75.854,-75.8408,-75.8253,-75.8086,-75.7916,-75.7751,-75.76,-75.7473,-75.738,-75.7334,-75.7353,-75.7452,-75.7651,-75.7965,-75.8415
4.79,-75.6071,-75.6743,-75.7437,-75.7986,-75.8367,-75.86,-75.8713,-75.8735,-75.8688,-75.8591,-75.846,-75.8306,-75.8139,-75.797,-75.7805,-75.7655,-75.7527,-75.7435,-75.7389,-75.7408,-75.7507,-75.7705,-75.8019,-75.8469
4.795,-75.6123,-75.6794,-75.7488,-75.8037,-75.8418,-75.865,-75.8764,-75.8786,-75.8739,-75.8643,-75.8512,-75.8358,-75.8192,-75.8023,-75.7859,-75.7709,-75.7582,-75.7489,-75.7444,-75.7463,-75.7562,-75.776,-75.8074,-75.8522
4.8,-75.6175,-75.6846,-75.7539,-75.8087,-75.8468,-75.8701,-75.8814,-75.8836,-75.879,-75.8694,-75.8563,-75.841,-75.8245,-75.8076,-75.7912,-75.7763,-75.7636,-75.7544,-75.7499,-75.7518,-75.7617,-75.7815,-75.8128,-75.8576
4.805,-75.6227,-75.6897,-75.7589,-75.8137,-75.8518,-75.8751,-75.8865,-75.8887,-75.8841,-75.8745,-75.8615,-75.8462,-75.8298,-75.8129,-75.7966,-75.7816,-75.769,-75.7598,-75.7554,-75.7573,-75.7672,-75.7869,-75.8182,-75.863
4.81,-75.6279,-75.6948,-75.764,-75.8188,-75.8568,-75.8801,-75.8915,-75.8937,-75.8892,-75.8797,-75.8667,-75.8514,-75.835,-75.8182,-75.8019,-75.787,-75.7744,-75.7653,-75.7608,-75.7627,-75.7726,-75.7924,-75.8236,-75.8683
4.815,-75.6331,-75.6999,-75.7691,-75.8238,-75.8618,-75.8851,-75.8965,-75.8988,-75.8942,-75.8848,-75.8718,-75.8566,-75.8402,-75.8235,-75.8073,-75.7924,-75.7798,-75.7707,-75.7663,-75.7682,-75.7781,-75.7978,-75.829,-75.8736
4.82,-75.6382,-75.705,-75.7741,-75.8288,-75.8668,-75.8901,-75.9015,-75.9038,-75.8993,-75.8899,-75.877,-75.8618,-75.8455,-75.8288,-75.8126,-75.7977,-75.7852,-75.7761,-75.7717,-75.7736,-75.7835,-75.8032,-75.8343,-75.8789
4.825,-75.6434,-75.7101,-75.7791,-75.8338,-75.8717,-75.895,-75.9065,-75.9088,-75.9044,-75.895,-75.8821,-75.867,-75.8507,-75.834,-75.8179,-75.8031,-75.7906,-75.7815,-75.7772,-75.7791,-75.7889,-75.8086,-75.8397,-75.8842
4.83,-75.6485,-75.7151,-75.7841,-75.8387,-75.8767,-75.9,-75.9115,-75.9138,-75.9094,-75.9,-75.8872,-75.8722,-75.8559,-75.8393,-75.8232,-75.8084,-75.796,-75.7869,-75.7826,-75.7845,-75.7944,-75.814,-75.845,-75.8895
4.835,-75.6536,-75.7202,-75.7891,-75.8437,-75.8817,-75.905,-75.9165,-75.9188,-75.9144,-75.9051,-75.8923,-75.8773,-75.8611,-75.8445,-75.8284,-75.8137,-75.8013,-75.7923,-75.788,-75.7899,-75.7998,-75.8194,-75.8504,-75.8948
4.84,-75.6587,-75.7253,-75.7941,-75.8487,-75.8866,-75.9099,-75.9214,-75.9238,-75.9195,-75.9102,-75.8974,-75.8825,-75.8663,-75.8497,-75.8337,-75.819,-75.8067,-75.7977,-75.7934,-75.7953,-75.8052,-75.8247,-75.8557,-75.9001
4.845,-75.6638,-75.7303,-75.7991,-75.8536,-75.8916,-75.9149,-75.9264,-75.9288,-75.9245,-75.9152,-75.9025,-75.8876,-75.8714,-75.855,-75.839,-75.8243,-75.812,-75.803,-75.7988,-75.8007,-75.8105,-75.8301,-75.861,-75.9053
4.85,-75.669,-75.7353,-75.8041,-75.8586,-75.8965,-75.9198,-75.9313,-75.9338,-75.9295,-75.9203,-75.9076,-75.8927,-75.8766,-75.8602,-75.8442,-75.8296,-75.8173,-75.8084,-75.8041,-75.8061,-75.8159,-75.8355,-75.8663,-75.9106
4.855,-75.674,-75.7404,-75.8091,-75.8635,-75.9014,-75.9247,-75.9363,-75.9388,-75.9345,-75.9253,-75.9127,-75.8978,-75.8818,-75.8654,-75.8495,-75.8349,-75.8226,-75.8137,-75.8095,-75.8114,-75.8213,-75.8408,-75.8716,-75.9158
4.86,-75.6791,-75.7454,-75.814,-75.8684,-75.9063,-75.9296,-75.9412,-75.9437,-75.9395,-75.9303,-75.9177,-75.9029,-75.8869,-75.8706,-75.8547,-75.8402,-75.8279,-75.8191,-75.8148,-75.8168,-75.8266,-75.8461,-75.8769,-75.921
4.865,-75.6842,-75.7504,-75.819,-75.8734,-75.9112,-75.9345,-75.9461,-75.9487,-75.9445,-75.9353,-75.9228,-75.908,-75.8921,-75.8757,-75.8599,-75.8454,-75.8332,-75.8244,-75.8202,-75.8221,-75.832,-75.8514,-75.8822,-75.9262
4.87,-75.6893,-75.7554,-75.824,-75.8783,-75.9161,-75.9394,-75.951,-75.9536,-75.9494,-75.9403,-75.9278,-75.9131,-75.8972,-75.8809,-75.8651,-75.8507,-75.8385,-75.8297,-75.8255,-75.8275,-75.8373,-75.8567,-75.8874,-75.9314
4.875,-75.6943,-75.7604,-75.8289,-75.8832,-75.921,-75.9443,-75.9559,-75.9585,-75.9544,-75.9453,-75.9329,-75.9182,-75.9023,-75.8861,-75.8703,-75.8559,-75.8438,-75.835,-75.8308,-75.8328,-75.8426,-75.862,-75.8927,-75.9366
4.88,-75.6994,-75.7654,-75.8338,-75.8881,-75.9259,-75.9492,-75.9608,-75.9634,-75.9593,-75.9503,-75.9379,-75.9233,-75.9074,-75.8912,-75.8755,-75.8611,-75.849,-75.8403,-75.8361,-75.8381,-75.8479,-75.8673,-75.8979,-75.9418
4.885,-75.7044,-75.7704,-75.8387,-75.893,-75.9308,-75.9541,-75.9657,-75.9684,-75.9643,-75.9553,-75.9429,-75.9283,-75.9125,-75.8963,-75.8807,-75.8664,-75.8543,-75.8455,-75.8414,-75.8434,-75.8532,-75.8726,-75.9032,-75.947
4.89,-75.7095,-75.7753,-75.8437,-75.8978,-75.9356,-75.9589,-75.9706,-75.9733,-75.9692,-75.9603,-75.9479,-75.9334,-75.9176,-75.9015,-75.8858,-75.8716,-75.8595,-75.8508,-75.8467,-75.8487,-75.8585,-75.8778,-75.9084,-75.9521
4.895,-75.7145,-75.7803,-75.8486,-75.9027,-75.9405,-75.9638,-75.9755,-75.9781,-75.9741,-75.9652,-75.9529,-75.9384,-75.9227,-75.9066,-75.891,-75.8768,-75.8647,-75.8561,-75.852,-75.854,-75.8638,-75.8831,-75.9136,-75.9573
4.9,-75.7195,-75.7852,-75.8535,-75.9076,-75.9453,-75.9686,-75.9803,-75.983,-75.979,-75.9702,-75.9579,-75.9434,-75.9277,-75.9117,-75.8962,-75.8819,-75.87,-75.8613,-75.8572,-75.8592,-75.869,-75.8883,-75.9188,-75.9624
4.905,-75.7245,-75.7902,-75.8583,-75.9124,-75.9502,-75.9735,-75.9852,-75.9879,-75.9839,-75.9751,-75.9629,-75.9484,-75.9328,-75.9168,-75.9013,-75.8871,-75.8752,-75.8665,-75.8625,-75.8645,-75.8743,-75.8936,-75.924,-75.9675
4.91,-75.7295,-75.7951,-75.8632,-75.9173,-75.955,-75.9783,-75.99,-75.9928,-75.9888,-75.98,-75.9678,-75.9534,-75.9378,-75.9219,-75.9064,-75.8923,-75.8804,-75.8718,-75.8677,-75.8698,-75.8795,-75.8988,-75.9291,-75.9727
4.915,-75.7345,-75.8001,-75.8681,-75.9221,-75.9598,-75.9831,-75.9948,-75.9976,-75.9937,-75.985,-75.9728,-75.9585,-75.9429,-75.927,-75.9115,-75.8974,-75.8856,-75.877,-75.873,-75.875,-75.8848,-75.904,-75.9343,-75.9778
4.92,-75.7395,-75.805,-75.873,-75.9269,-75.9646,-75.9879,-75.9997,-76.0025,-75.9986,-75.9899,-75.9778,-75.9634,-75.9479,-75.932,-75.9166,-75.9026,-75.8907,-75.8822,-75.8782,-75.8802,-75.89,-75.9092,-75.9395,-75.9829
4.925,-75.7445,-75.8099,-75.8778,-75.9317,-75.9694,-75.9927,-76.0045,-76.0073,-76.0035,-75.9948,-75.9827,-75.9684,-75.9529,-75.9371,-75.9217,-75.9077,-75.8959,-75.8874,-75.8834,-75.8854,-75.8952,-75.9144,-75.9446,-75.9879
4.93,-75.7494,-75.8148,-75.8827,-75.9365,-75.9742,-75.9975,-76.0093,-76.0121,-76.0083,-75.9997,-75.9876,-75.9734,-75.9579,-75.9421,-75.9268,-75.9128,-75.9011,-75.8926,-75.8886,-75.8906,-75.9004,-75.9195,-75.9497,-75.993
4.935,-75.7544,-75.8197,-75.8875,-75.9413,-75.979,-76.0023,-76.0141,-76.0169,-76.0132,-76.0045,-75.9925,-75.9783,-75.9629,-75.9472,-75.9319,-75.918,-75.9062,-75.8977,-75.8938,-75.8958,-75.9056,-75.9247,-75.9549,-75.9981
4.94,-75.7593,-75.8246,-75.8923,-75.9461,-75.9838,-76.0071,-76.0189,-76.0218,-76.018,-76.0094,-75.9975,-75.9833,-75.9679,-75.9522,-75.937,-75.9231,-75.9113,-75.9029,-75.899,-75.901,-75.9108,-75.9299,-75.96,-76.0031
4.945,-75.7643,-75.8294,-75.8971,-75.9509,-75.9885,-76.0118,-76.0236,-76.0266,-76.0228,-76.0143,-76.0024,-75.9882,-75.9729,-75.9572,-75.942,-75.9281,-75.9165,-75.908,-75.9041,-75.9062,-75.9159,-75.935,-75.9651,-76.0082
4.95,-75.7692,-75.8343,-75.9019,-75.9557,-75.9933,-76.0166,-76.0284,-76.0314,-76.0277,-76.0191,-76.0072,-75.9932,-75.9779,-75.9622,-75.9471,-75.9332,-75.9216,-75.9132,-75.9093,-75.9114,-75.9211,-75.9401,-75.9702,-76.0132
4.955,-75.7741,-75.8392,-75.9068,-75.9605,-75.998,-76.0214,-76.0332,-76.0361,-76.0325,-76.024,-76.0121,-75.9981,-75.9828,-75.9673,-75.9521,-75.9383,-75.9267,-75.9183,-75.9144,-75.9165,-75.9262,-75.9453,-75.9753,-76.0182
4.96,-75.779,-75.844,-75.9115,-75.9652,-76.0028,-76.0261,-76.0379,-76.0409,-76.0373,-76.0288,-76.017,-76.003,-75.9878,-75.9722,-75.9572,-75.9434,-75.9318,-75.9234,-75.9196,-75.9217,-75.9314,-75.9504,-75.9803,-76.0233
4.965,-75.784,-75.8489,-75.9163,-75.97,-76.0075,-76.0308,-76.0427,-76.0457,-76.0421,-76.0337,-76.0219,-76.0079,-75.9927,-75.9772,-75.9622,-75.9484,-75.9369,-75.9286,-75.9247,-75.9268,-75.9365,-75.9555,-75.9854,-76.0283
4.97,-75.7888,-75.8537,-75.9211,-75.9747,-76.0122,-76.0356,-76.0474,-76.0504,-76.0469,-76.0385,-76.0267,-76.0128,-75.9977,-75.9822,-75.9672,-75.9535,-75.9419,-75.9336,-75.9298,-75.9319,-75.9416,-75.9606,-75.9904,-76.0333
4.975,-75.7937,-75.8585,-75.9259,-75.9794,-76.017,-76.0403,-76.0521,-76.0552,-76.0516,-76.0433,-76.0316,-76.0177,-76.0026,-75.9872,-75.9722,-75.9585,-75.947,-75.9387,-75.9349,-75.937,-75.9467,-75.9657,-75.9955,-76.0382
4.98,-75.7986,-75.8633,-75.9306,-75.9842,-76.0217,-76.045,-76.0569,-76.0599,-76.0564,-76.0481,-76.0364,-76.0226,-76.0075,-75.9921,-75.9772,-75.9635,-75.9521,-75.9438,-75.94,-75.9421,-75.9518,-75.9707,-76.0005,-76.0432
4.985,-75.8035,-75.8682,-75.9354,-75.9889,-76.0264,-76.0497,-76.0616,-76.0647,-76.0612,-76.0529,-76.0413,-76.0274,-76.0124,-75.9971,-75.9822,-75.9686,-75.9571,-75.9489,-75.9451,-75.9472,-75.9569,-75.9758,-76.0055,-76.0482
4.99,-75.8084,-75.873,-75.9401,-75.9936,-76.0311,-76.0544,-76.0663,-76.0694,-76.0659,-76.0577,-76.0461,-76.0323,-76.0173,-76.002,-75.9871,-75.9736,-75.9622,-75.954,-75.9502,-75.9523,-75.962,-75.9808,-76.0106,-76.0531
4.995,-75.8132,-75.8778,-75.9449,-75.9983,-76.0357,-76.0591,-76.071,-76.0741,-76.0707,-76.0624,-76.0509,-76.0371,-76.0222,-76.0069,-75.9921,-75.9786,-75.9672,-75.959,-75.9553,-75.9574,-75.967,-75.9859,-76.0156,-76.0581
5,-75.8181,-75.8825,-75.9496,-76.003,-76.0404,-76.0637,-76.0757,-76.0788,-76.0754,-76.0672,-76.0557,-76.042,-76.0271,-76.0118,-75.9971,-75.9836,-75.9722,-75.9641,-75.9603,-75.9625,-75.9721,-75.9909,-76.0206,-76.063
5.005,-75.8229,-75.8873,-75.9543,-76.0077,-76.0451,-76.0684,-76.0803,-76.0835,-76.0801,-76.072,-76.0605,-76.0468,-76.032,-76.0168,-76.002,-75.9885,-75.9772,-75.9691,-75.9654,-75.9675,-75.9771,-75.9959,-76.0255,-76.0679
5.01,-75.8278,-75.8921,-75.9591,-76.0123,-76.0497,-76.0731,-76.085,-76.0882,-76.0849,-76.0767,-76.0653,-76.0517,-76.0368,-76.0217,-76.0069,-75.9935,-75.9822,-75.9741,-75.9704,-75.9725,-75.9822,-76.001,-76.0305,-76.0729
5.015,-75.8326,-75.8969,-75.9638,-76.017,-76.0544,-76.0777,-76.0897,-76.0929,-76.0896,-76.0815,-76.0701,-76.0565,-76.0417,-76.0265,-76.0119,-75.9985,-75.9872,-75.9791,-75.9754,-75.9776,-75.9872,-76.006,-76.0355,-76.0778
5.02,-75.8374,-75.9016,-75.9685,-76.0217,-76.059,-76.0823,-76.0943,-76.0976,-76.0943,-76.0862,-76.0748,-76.0613,-76.0465,-76.0314,-76.0168,-76.0034,-75.9922,-75.9841,-75.9805,-75.9826,-75.9922,-76.0109,-76.0404,-76.0827
5.025,-75.8422,-75.9064,-75.9731,-76.0263,-76.0637,-76.087,-76.099,-76.1022,-76.099,-76.0909,-76.0796,-76.0661,-76.0514,-76.0363,-76.0217,-76.0083,-75.9972,-75.9891,-75.9855,-75.9876,-75.9972,-76.0159,-76.0454,-76.0875
5.03,-75.847,-75.9111,-75.9778,-76.031,-76.0683,-76.0916,-76.1036,-76.1069,-76.1036,-76.0956,-76.0843,-76.0709,-76.0562,-76.0412,-76.0266,-76.0133,-76.0021,-75.9941,-75.9905,-75.9926,-76.0022,-76.0209,-76.0503,-76.0924
5.035,-75.8518,-75.9158,-75.9825,-76.0356,-76.0729,-76.0962,-76.1082,-76.1115,-76.1083,-76.1004,-76.0891,-76.0756,-76.061,-76.046,-76.0315,-76.0182,-76.0071,-75.9991,-75.9955,-75.9976,-76.0072,-76.0259,-76.0552,-76.0973
5.04,-75.8566,-75.9206,-75.9872,-76.0402,-76.0775,-76.1008,-76.1129,-76.1162,-76.113,-76.1051,-76.0938,-76.0804,-76.0658,-76.0509,-76.0364,-76.0231,-76.012,-76.004,-76.0004,-76.0026,-76.0122,-76.0308,-76.0601,-76.1021
5.045,-75.8614,-75.9253,-75.9918,-76.0449,-76.0821,-76.1054,-76.1175,-76.1208,-76.1176,-76.1097,-76.0985,-76.0852,-76.0706,-76.0557,-76.0412,-76.028,-76.0169,-76.009,-76.0054,-76.0076,-76.0172,-76.0358,-76.065,-76.107
5.05,-75.8662,-75.93,-75.9965,-76.0495,-76.0867,-76.11,-76.1221,-76.1254,-76.1223,-76.1144,-76.1032,-76.0899,-76.0754,-76.0605,-76.0461,-76.0329,-76.0219,-76.0139,-76.0104,-76.0126,-76.0221,-76.0407,-76.0699,-76.1118
5.055,-75.8709,-75.9347,-76.0011,-76.0541,-76.0913,-76.1146,-76.1267,-76.1301,-76.1269,-76.1191,-76.108,-76.0947,-76.0802,-76.0653,-76.0509,-76.0378,-76.0268,-76.0189,-76.0153,-76.0175,-76.0271,-76.0456,-76.0748,-76.1167
5.06,-75.8757,-75.9394,-76.0058,-76.0587,-76.0959,-76.1192,-76.1313,-76.1347,-76.1316,-76.1238,-76.1127,-76.0994,-76.0849,-76.0701,-76.0558,-76.0427,-76.0317,-76.0238,-76.0203,-76.0225,-76.032,-76.0505,-76.0797,-76.1215
5.065,-75.8804,-75.9441,-76.0104,-76.0633,-76.1005,-76.1238,-76.1358,-76.1393,-76.1362,-76.1284,-76.1174,-76.1041,-76.0897,-76.0749,-76.0606,-76.0475,-76.0366,-76.0287,-76.0252,-76.0274,-76.0369,-76.0555,-76.0846,-76.1263
5.07,-75.8852,-75.9487,-76.015,-76.0678,-76.105,-76.1283,-76.1404,-76.1439,-76.1408,-76.1331,-76.122,-76.1088,-76.0945,-76.0797,-76.0655,-76.0524,-76.0415,-76.0336,-76.0301,-76.0323,-76.0419,-76.0603,-76.0894,-76.1311
5.075,-75.8899,-75.9534,-76.0196,-76.0724,-76.1096,-76.1329,-76.145,-76.1484,-76.1454,-76.1377,-76.1267,-76.1136,-76.0992,-76.0845,-76.0703,-76.0573,-76.0463,-76.0385,-76.035,-76.0372,-76.0468,-76.0652,-76.0943,-76.1359
5.08,-75.8946,-75.9581,-76.0242,-76.077,-76.1141,-76.1374,-76.1495,-76.153,-76.15,-76.1423,-76.1314,-76.1183,-76.104,-76.0893,-76.0751,-76.0621,-76.0512,-76.0434,-76.0399,-76.0422,-76.0517,-76.0701,-76.0991,-76.1407
5.085,-75.8994,-75.9627,-76.0288,-76.0816,-76.1187,-76.142,-76.1541,-76.1576,-76.1546,-76.147,-76.136,-76.123,-76.1087,-76.0941,-76.0799,-76.0669,-76.0561,-76.0483,-76.0448,-76.0471,-76.0566,-76.075,-76.1039,-76.1454
5.09,-75.9041,-75.9674,-76.0334,-76.0861,-76.1232,-76.1465,-76.1586,-76.1621,-76.1592,-76.1516,-76.1407,-76.1276,-76.1134,-76.0988,-76.0847,-76.0717,-76.0609,-76.0532,-76.0497,-76.0519,-76.0614,-76.0798,-76.1087,-76.1502
5.095,-75.9088,-75.972,-76.038,-76.0906,-76.1277,-76.151,-76.1632,-76.1667,-76.1638,-76.1562,-76.1453,-76.1323,-76.1181,-76.1036,-76.0894,-76.0766,-76.0658,-76.058,-76.0546,-76.0568,-76.0663,-76.0847,-76.1136,-76.155
5.1,-75.9135,-75.9766,-76.0426,-76.0952,-76.1322,-76.1555,-76.1677,-76.1712,-76.1684,-76.1608,-76.15,-76.137,-76.1228,-76.1083,-76.0942,-76.0814,-76.0706,-76.0629,-76.0595,-76.0617,-76.0712,-76.0895,-76.1184,-76.1597
5.105,-75.9182,-75.9813,-76.0471,-76.0997,-76.1368,-76.16,-76.1722,-76.1758,-76.1729,-76.1654,-76.1546,-76.1416,-76.1275,-76.113,-76.099,-76.0862,-76.0754,-76.0677,-76.0643,-76.0666,-76.076,-76.0944,-76.1232,-76.1644
5.11,-75.9229,-75.9859,-76.0517,-76.1042,-76.1413,-76.1645,-76.1767,-76.1803,-76.1775,-76.17,-76.1592,-76.1463,-76.1322,-76.1178,-76.1037,-76.0909,-76.0802,-76.0726,-76.0692,-76.0714,-76.0809,-76.0992,-76.1279,-76.1692
5.115,-75.9275,-75.9905,-76.0562,-76.1087,-76.1458,-76.169,-76.1812,-76.1848,-76.182,-76.1746,-76.1638,-76.1509,-76.1369,-76.1225,-76.1085,-76.0957,-76.085,-76.0774,-76.074,-76.0763,-76.0857,-76.104,-76.1327,-76.1739
5.12,-75.9322,-75.9951,-76.0608,-76.1133,-76.1502,-76.1735,-76.1857,-76.1893,-76.1866,-76.1791,-76.1684,-76.1556,-76.1415,-76.1272,-76.1132,-76.1005,-76.0898,-76.0822,-76.0788,-76.0811,-76.0905,-76.1088,-76.1375,-76.1786
5.125,-75.9369,-75.9997,-76.0653,-76.1178,-76.1547,-76.178,-76.1902,-76.1938,-76.1911,-76.1837,-76.173,-76.1602,-76.1462,-76.1319,-76.118,-76.1052,-76.0946,-76.087,-76.0837,-76.0859,-76.0954,-76.1136,-76.1422,-76.1833
5.13,-75.9415,-76.0043,-76.0699,-76.1222,-76.1592,-76.1825,-76.1947,-76.1983,-76.1956,-76.1882,-76.1776,-76.1648,-76.1509,-76.1366,-76.1227,-76.11,-76.0994,-76.0918,-76.0885,-76.0907,-76.1002,-76.1184,-76.147,-76.188
5.135,-75.9461,-76.0089,-76.0744,-76.1267,-76.1637,-76.1869,-76.1991,-76.2028,-76.2001,-76.1928,-76.1822,-76.1694,-76.1555,-76.1412,-76.1274,-76.1147,-76.1042,-76.0966,-76.0933,-76.0956,-76.105,-76.1232,-76.1517,-76.1927
5.14,-75.9508,-76.0134,-76.0789,-76.1312,-76.1681,-76.1914,-76.2036,-76.2073,-76.2046,-76.1973,-76.1867,-76.174,-76.1601,-76.1459,-76.1321,-76.1195,-76.1089,-76.1014,-76.0981,-76.1003,-76.1098,-76.1279,-76.1564,-76.1973
5.145,-75.9554,-76.018,-76.0834,-76.1357,-76.1726,-76.1958,-76.2081,-76.2118,-76.2091,-76.2018,-76.1913,-76.1786,-76.1648,-76.1506,-76.1368,-76.1242,-76.1137,-76.1062,-76.1029,-76.1051,-76.1145,-76.1327,-76.1612,-76.202
5.15,-75.96,-76.0226,-76.0879,-76.1401,-76.177,-76.2003,-76.2125,-76.2163,-76.2136,-76.2064,-76.1958,-76.1832,-76.1694,-76.1552,-76.1415,-76.1289,-76.1184,-76.1109,-76.1077,-76.1099,-76.1193,-76.1374,-76.1659,-76.2067
5.155,-75.9647,-76.0271,-76.0924,-76.1446,-76.1814,-76.2047,-76.2169,-76.2207,-76.2181,-76.2109,-76.2004,-76.1878,-76.174,-76.1599,-76.1461,-76.1336,-76.1232,-76.1157,-76.1124,-76.1147,-76.1241,-76.1422,-76.1706,-76.2113
5.16,-75.9693,-76.0316,-76.0969,-76.149,-76.1859,-76.2091,-76.2214,-76.2252,-76.2226,-76.2154,-76.2049,-76.1924,-76.1786,-76.1645,-76.1508,-76.1383,-76.1279,-76.1204,-76.1172,-76.1195,-76.1288,-76.1469,-76.1753,-76.2159
5.165,-75.9739,-76.0362,-76.1013,-76.1535,-76.1903,-76.2135,-76.2258,-76.2296,-76.2271,-76.2199,-76.2094,-76.1969,-76.1832,-76.1691,-76.1555,-76.143,-76.1326,-76.1252,-76.1219,-76.1242,-76.1336,-76.1516,-76.1799,-76.2206
5.17,-75.9785,-76.0407,-76.1058,-76.1579,-76.1947,-76.2179,-76.2302,-76.234,-76.2315,-76.2244,-76.214,-76.2015,-76.1878,-76.1737,-76.1601,-76.1477,-76.1373,-76.1299,-76.1267,-76.129,-76.1383,-76.1563,-76.1846,-76.2252
5.175,-75.983,-76.0452,-76.1103,-76.1623,-76.1991,-76.2223,-76.2346,-76.2385,-76.236,-76.2288,-76.2185,-76.206,-76.1924,-76.1784,-76.1648,-76.1524,-76.142,-76.1346,-76.1314,-76.1337,-76.143,-76.161,-76.1893,-76.2298
5.18,-75.9876,-76.0497,-76.1147,-76.1667,-76.2035,-76.2267,-76.239,-76.2429,-76.2404,-76.2333,-76.223,-76.2105,-76.1969,-76.183,-76.1694,-76.157,-76.1467,-76.1393,-76.1361,-76.1384,-76.1478,-76.1657,-76.1939,-76.2344
5.185,-75.9922,-76.0542,-76.1192,-76.1712,-76.2079,-76.2311,-76.2434,-76.2473,-76.2448,-76.2378,-76.2275,-76.2151,-76.2015,-76.1876,-76.174,-76.1617,-76.1514,-76.144,-76.1408,-76.1431,-76.1525,-76.1704,-76.1986,-76.239
5.19,-75.9968,-76.0587,-76.1236,-76.1756,-76.2123,-76.2355,-76.2478,-76.2517,-76.2493,-76.2422,-76.232,-76.2196,-76.206,-76.1921,-76.1786,-76.1663,-76.1561,-76.1487,-76.1456,-76.1479,-76.1572,-76.1751,-76.2032,-76.2436
5.195,-76.0013,-76.0632,-76.1281,-76.18,-76.2167,-76.2399,-76.2522,-76.2561,-76.2537,-76.2467,-76.2365,-76.2241,-76.2106,-76.1967,-76.1833,-76.171,-76.1607,-76.1534,-76.1503,-76.1526,-76.1619,-76.1798,-76.2079,-76.2482
5.2,-76.0059,-76.0677,-76.1325,-76.1843,-76.221,-76.2442,-76.2566,-76.2605,-76.2581,-76.2511,-76.2409,-76.2286,-76.2151,-76.2013,-76.1879,-76.1756,-76.1654,-76.1581,-76.1549,-76.1572,-76.1665,-76.1844,-76.2125,-76.2527
5.205,-76.0104,-76.0722,-76.1369,-76.1887,-76.2254,-76.2486,-76.2609,-76.2649,-76.2625,-76.2556,-76.2454,-76.2331,-76.2197,-76.2059,-76.1925,-76.1802,-76.17,-76.1628,-76.1596,-76.1619,-76.1712,-76.1891,-76.2171,-76.2573
5.21,-76.0149,-76.0767,-76.1413,-76.1931,-76.2297,-76.253,-76.2653,-76.2693,-76.2669,-76.26,-76.2498,-76.2376,-76.2242,-76.2104,-76.197,-76.1849,-76.1747,-76.1674,-76.1643,-76.1666,-76.1759,-76.1937,-76.2217,-76.2618
5.215,-76.0195,-76.0811,-76.1457,-76.1975,-76.2341,-76.2573,-76.2697,-76.2736,-76.2713,-76.2644,-76.2543,-76.2421,-76.2287,-76.215,-76.2016,-76.1895,-76.1793,-76.1721,-76.169,-76.1713,-76.1805,-76.1984,-76.2263,-76.2664
5.22,-76.024,-76.0856,-76.1501,-76.2018,-76.2384,-76.2616,-76.274,-76.278,-76.2757,-76.2688,-76.2587,-76.2466,-76.2332,-76.2195,-76.2062,-76.1941,-76.1839,-76.1767,-76.1736,-76.1759,-76.1852,-76.203,-76.2309,-76.2709
5.225,-76.0285,-76.09,-76.1545,-76.2062,-76.2428,-76.266,-76.2783,-76.2823,-76.2801,-76.2732,-76.2632,-76.251,-76.2377,-76.224,-76.2108,-76.1986,-76.1885,-76.1814,-76.1783,-76.1806,-76.1898,-76.2076,-76.2355,-76.2755
5.23,-76.033,-76.0945,-76.1589,-76.2105,-76.2471,-76.2703,-76.2827,-76.2867,-76.2844,-76.2776,-76.2676,-76.2555,-76.2422,-76.2286,-76.2153,-76.2032,-76.1931,-76.186,-76.1829,-76.1852,-76.1945,-76.2122,-76.24,-76.28
5.235,-76.0375,-76.0989,-76.1633,-76.2149,-76.2514,-76.2746,-76.287,-76.291,-76.2888,-76.282,-76.272,-76.2599,-76.2467,-76.2331,-76.2199,-76.2078,-76.1977,-76.1906,-76.1875,-76.1899,-76.1991,-76.2168,-76.2446,-76.2845
5.24,-76.042,-76.1033,-76.1677,-76.2192,-76.2557,-76.2789,-76.2913,-76.2954,-76.2932,-76.2864,-76.2764,-76.2644,-76.2512,-76.2376,-76.2244,-76.2124,-76.2023,-76.1952,-76.1922,-76.1945,-76.2037,-76.2214,-76.2492,-76.289
5.245,-76.0465,-76.1078,-76.172,-76.2235,-76.26,-76.2832,-76.2956,-76.2997,-76.2975,-76.2908,-76.2808,-76.2688,-76.2556,-76.2421,-76.2289,-76.2169,-76.2069,-76.1998,-76.1968,-76.1991,-76.2083,-76.226,-76.2537,-76.2935
5.25,-76.051,-76.1122,-76.1764,-76.2278,-76.2643,-76.2875,-76.2999,-76.304,-76.3018,-76.2951,-76.2852,-76.2732,-76.2601,-76.2466,-76.2334,-76.2215,-76.2115,-76.2044,-76.2014,-76.2037,-76.2129,-76.2306,-76.2582,-76.298
5.255,-76.0555,-76.1166,-76.1807,-76.2321,-76.2686,-76.2918,-76.3042,-76.3083,-76.3062,-76.2995,-76.2896,-76.2776,-76.2645,-76.251,-76.238,-76.226,-76.216,-76.209,-76.206,-76.2083,-76.2175,-76.2351,-76.2628,-76.3024
5.26,-76.0599,-76.121,-76.1851,-76.2365,-76.2729,-76.2961,-76.3085,-76.3126,-76.3105,-76.3038,-76.294,-76.2821,-76.269,-76.2555,-76.2425,-76.2306,-76.2206,-76.2136,-76.2106,-76.2129,-76.2221,-76.2397,-76.2673,-76.3069
5.265,-76.0644,-76.1254,-76.1894,-76.2408,-76.2772,-76.3003,-76.3128,-76.3169,-76.3148,-76.3082,-76.2984,-76.2865,-76.2734,-76.26,-76.247,-76.2351,-76.2252,-76.2181,-76.2151,-76.2175,-76.2267,-76.2442,-76.2718,-76.3114
5.27,-76.0688,-76.1298,-76.1937,-76.245,-76.2814,-76.3046,-76.317,-76.3212,-76.3191,-76.3125,-76.3027,-76.2909,-76.2778,-76.2644,-76.2514,-76.2396,-76.2297,-76.2227,-76.2197,-76.2221,-76.2312,-76.2488,-76.2763,-76.3158
5.275,-76.0733,-76.1341,-76.1981,-76.2493,-76.2857,-76.3089,-76.3213,-76.3255,-76.3234,-76.3168,-76.3071,-76.2952,-76.2823,-76.2689,-76.2559,-76.2441,-76.2342,-76.2273,-76.2243,-76.2266,-76.2358,-76.2533,-76.2808,-76.3203
5.28,-76.0777,-76.1385,-76.2024,-76.2536,-76.29,-76.3131,-76.3256,-76.3298,-76.3277,-76.3212,-76.3114,-76.2996,-76.2867,-76.2733,-76.2604,-76.2486,-76.2388,-76.2318,-76.2288,-76.2312,-76.2403,-76.2579,-76.2853,-76.3247
5.285,-76.0822,-76.1429,-76.2067,-76.2579,-76.2942,-76.3174,-76.3298,-76.334,-76.332,-76.3255,-76.3158,-76.304,-76.2911,-76.2778,-76.2649,-76.2531,-76.2433,-76.2363,-76.2334,-76.2357,-76.2449,-76.2624,-76.2898,-76.3291
5.29,-76.0866,-76.1472,-76.211,-76.2621,-76.2985,-76.3216,-76.3341,-76.3383,-76.3363,-76.3298,-76.3201,-76.3084,-76.2955,-76.2822,-76.2693,-76.2576,-76.2478,-76.2409,-76.2379,-76.2403,-76.2494,-76.2669,-76.2943,-76.3335
5.295,-76.091,-76.1516,-76.2153,-76.2664,-76.3027,-76.3258,-76.3383,-76.3425,-76.3406,-76.3341,-76.3244,-76.3127,-76.2999,-76.2866,-76.2738,-76.2621,-76.2523,-76.2454,-76.2425,-76.2448,-76.2539,-76.2714,-76.2987,-76.338
5.3,-76.0954,-76.1559,-76.2196,-76.2706,-76.3069,-76.33,-76.3425,-76.3468,-76.3448,-76.3384,-76.3288,-76.3171,-76.3042,-76.291,-76.2782,-76.2665,-76.2568,-76.2499,-76.247,-76.2493,-76.2584,-76.2759,-76.3032,-76.3424
5.305,-76.0998,-76.1603,-76.2238,-76.2749,-76.3111,-76.3343,-76.3467,-76.351,-76.3491,-76.3427,-76.3331,-76.3214,-76.3086,-76.2954,-76.2827,-76.271,-76.2613,-76.2544,-76.2515,-76.2538,-76.2629,-76.2803,-76.3076,-76.3468
5.31,-76.1042,-76.1646,-76.2281,-76.2791,-76.3154,-76.3385,-76.351,-76.3552,-76.3533,-76.3469,-76.3374,-76.3258,-76.313,-76.2998,-76.2871,-76.2754,-76.2657,-76.2589,-76.256,-76.2584,-76.2674,-76.2848,-76.312,-76.3511
5.315,-76.1086,-76.1689,-76.2324,-76.2833,-76.3196,-76.3427,-76.3552,-76.3595,-76.3576,-76.3512,-76.3417,-76.3301,-76.3173,-76.3042,-76.2915,-76.2799,-76.2702,-76.2634,-76.2605,-76.2629,-76.2719,-76.2893,-76.3165,-76.3555
5.32,-76.113,-76.1733,-76.2366,-76.2876,-76.3238,-76.3469,-76.3594,-76.3637,-76.3618,-76.3555,-76.346,-76.3344,-76.3217,-76.3086,-76.2959,-76.2843,-76.2747,-76.2679,-76.265,-76.2673,-76.2764,-76.2938,-76.3209,-76.3599
5.325,-76.1174,-76.1776,-76.2409,-76.2918,-76.328,-76.3511,-76.3636,-76.3679,-76.3661,-76.3597,-76.3503,-76.3387,-76.326,-76.313,-76.3003,-76.2888,-76.2791,-76.2723,-76.2695,-76.2718,-76.2809,-76.2982,-76.3253,-76.3643
5.33,-76.1217,-76.1819,-76.2451,-76.296,-76.3321,-76.3552,-76.3678,-76.3721,-76.3703,-76.364,-76.3545,-76.343,-76.3304,-76.3174,-76.3047,-76.2932,-76.2836,-76.2768,-76.2739,-76.2763,-76.2854,-76.3027,-76.3297,-76.3686
5.335,-76.1261,-76.1862,-76.2494,-76.3002,-76.3363,-76.3594,-76.3719,-76.3763,-76.3745,-76.3682,-76.3588,-76.3473,-76.3347,-76.3217,-76.3091,-76.2976,-76.288,-76.2813,-76.2784,-76.2808,-76.2898,-76.3071,-76.3341,-76.373
5.34,-76.1305,-76.1905,-76.2536,-76.3044,-76.3405,-76.3636,-76.3761,-76.3805,-76.3787,-76.3725,-76.3631,-76.3516,-76.339,-76.3261,-76.3135,-76.302,-76.2924,-76.2857,-76.2829,-76.2852,-76.2943,-76.3115,-76.3385,-76.3773
5.345,-76.1348,-76.1948,-76.2579,-76.3086,-76.3447,-76.3678,-76.3803,-76.3847,-76.3829,-76.3767,-76.3673,-76.3559,-76.3434,-76.3304,-76.3179,-76.3064,-76.2969,-76.2901,-76.2873,-76.2897,-76.2987,-76.3159,-76.3429,-76.3816
5.35,-76.1392,-76.199,-76.2621,-76.3128,-76.3488,-76.3719,-76.3845,-76.3888,-76.3871,-76.3809,-76.3716,-76.3602,-76.3477,-76.3348,-76.3222,-76.3108,-76.3013,-76.2946,-76.2918,-76.2941,-76.3032,-76.3204,-76.3473,-76.386
5.355,-76.1435,-76.2033,-76.2663,-76.3169,-76.353,-76.3761,-76.3886,-76.393,-76.3913,-76.3851,-76.3758,-76.3645,-76.352,-76.3391,-76.3266,-76.3152,-76.3057,-76.299,-76.2962,-76.2986,-76.3076,-76.3248,-76.3516,-76.3903
5.36,-76.1478,-76.2076,-76.2705,-76.3211,-76.3571,-76.3802,-76.3928,-76.3972,-76.3955,-76.3893,-76.3801,-76.3687,-76.3563,-76.3434,-76.3309,-76.3196,-76.3101,-76.3034,-76.3006,-76.303,-76.312,-76.3292,-76.356,-76.3946
5.365,-76.1522,-76.2118,-76.2747,-76.3253,-76.3613,-76.3843,-76.3969,-76.4013,-76.3997,-76.3935,-76.3843,-76.373,-76.3605,-76.3477,-76.3353,-76.3239,-76.3145,-76.3078,-76.3051,-76.3074,-76.3164,-76.3335,-76.3604,-76.3989
5.37,-76.1565,-76.2161,-76.2789,-76.3294,-76.3654,-76.3885,-76.401,-76.4055,-76.4038,-76.3977,-76.3885,-76.3772,-76.3648,-76.352,-76.3396,-76.3283,-76.3189,-76.3122,-76.3095,-76.3118,-76.3208,-76.3379,-76.3647,-76.4032
5.375,-76.1608,-76.2203,-76.2831,-76.3336,-76.3695,-76.3926,-76.4052,-76.4096,-76.408,-76.4019,-76.3927,-76.3815,-76.3691,-76.3563,-76.3439,-76.3326,-76.3232,-76.3166,-76.3139,-76.3162,-76.3252,-76.3423,-76.369,-76.4075
5.38,-76.1651,-76.2246,-76.2873,-76.3377,-76.3737,-76.3967,-76.4093,-76.4138,-76.4121,-76.4061,-76.3969,-76.3857,-76.3734,-76.3606,-76.3483,-76.337,-76.3276,-76.321,-76.3183,-76.3206,-76.3296,-76.3467,-76.3734,-76.4117
5.385,-76.1694,-76.2288,-76.2914,-76.3419,-76.3778,-76.4008,-76.4134,-76.4179,-76.4163,-76.4103,-76.4011,-76.3899,-76.3776,-76.3649,-76.3526,-76.3413,-76.332,-76.3254,-76.3227,-76.325,-76.334,-76.351,-76.3777,-76.416
5.39,-76.1737,-76.233,-76.2956,-76.346,-76.3819,-76.4049,-76.4175,-76.422,-76.4204,-76.4144,-76.4053,-76.3942,-76.3819,-76.3692,-76.3569,-76.3457,-76.3363,-76.3298,-76.327,-76.3294,-76.3384,-76.3554,-76.382,-76.4203
5.395,-76.178,-76.2373,-76.2998,-76.3501,-76.386,-76.409,-76.4216,-76.4261,-76.4246,-76.4186,-76.4095,-76.3984,-76.3861,-76.3735,-76.3612,-76.35,-76.3407,-76.3341,-76.3314,-76.3338,-76.3427,-76.3597,-76.3863,-76.4245
5.4,-76.1823,-76.2415,-76.3039,-76.3542,-76.3901,-76.4131,-76.4257,-76.4302,-76.4287,-76.4228,-76.4137,-76.4026,-76.3903,-76.3777,-76.3655,-76.3543,-76.345,-76.3385,-76.3358,-76.3382,-76.3471,-76.3641,-76.3906,-76.4288
5.405,-76.1865,-76.2457,-76.3081,-76.3583,-76.3942,-76.4172,-76.4298,-76.4343,-76.4328,-76.4269,-76.4179,-76.4068,-76.3946,-76.382,-76.3698,-76.3586,-76.3493,-76.3428,-76.3401,-76.3425,-76.3514,-76.3684,-76.3949,-76.433
5.41,-76.1908,-76.2499,-76.3122,-76.3624,-76.3983,-76.4213,-76.4339,-76.4384,-76.4369,-76.431,-76.422,-76.411,-76.3988,-76.3862,-76.374,-76.3629,-76.3537,-76.3472,-76.3445,-76.3469,-76.3558,-76.3727,-76.3992,-76.4373
5.415,-76.1951,-76.2541,-76.3164,-76.3665,-76.4023,-76.4253,-76.4379,-76.4425,-76.441,-76.4352,-76.4262,-76.4152,-76.403,-76.3905,-76.3783,-76.3672,-76.358,-76.3515,-76.3488,-76.3512,-76.3601,-76.377,-76.4035,-76.4415
5.42,-76.1993,-76.2583,-76.3205,-76.3706,-76.4064,-76.4294,-76.442,-76.4466,-76.4452,-76.4393,-76.4303,-76.4193,-76.4072,-76.3947,-76.3826,-76.3715,-76.3623,-76.3558,-76.3532,-76.3556,-76.3644,-76.3813,-76.4077,-76.4457
5.425,-76.2036,-76.2624,-76.3246,-76.3747,-76.4105,-76.4334,-76.4461,-76.4507,-76.4492,-76.4434,-76.4345,-76.4235,-76.4114,-76.3989,-76.3868,-76.3758,-76.3666,-76.3601,-76.3575,-76.3599,-76.3688,-76.3856,-76.412,-76.4499
5.43,-76.2078,-76.2666,-76.3287,-76.3788,-76.4145,-76.4375,-76.4501,-76.4547,-76.4533,-76.4475,-76.4386,-76.4277,-76.4156,-76.4032,-76.3911,-76.3801,-76.3709,-76.3645,-76.3618,-76.3642,-76.3731,-76.3899,-76.4162,-76.4541
5.435,-76.212,-76.2708,-76.3328,-76.3829,-76.4186,-76.4415,-76.4542,-76.4588,-76.4574,-76.4516,-76.4427,-76.4318,-76.4198,-76.4074,-76.3953,-76.3843,-76.3752,-76.3688,-76.3661,-76.3685,-76.3774,-76.3942,-76.4205,-76.4583
5.44,-76.2163,-76.275,-76.337,-76.3869,-76.4226,-76.4456,-76.4582,-76.4629,-76.4615,-76.4557,-76.4469,-76.436,-76.424,-76.4116,-76.3996,-76.3886,-76.3795,-76.3731,-76.3704,-76.3728,-76.3817,-76.3985,-76.4247,-76.4625
5.445,-76.2205,-76.2791,-76.341,-76.391,-76.4267,-76.4496,-76.4623,-76.4669,-76.4656,-76.4598,-76.451,-76.4401,-76.4282,-76.4158,-76.4038,-76.3928,-76.3837,-76.3773,-76.3747,-76.3771,-76.386,-76.4027,-76.429,-76.4667
5.45,-76.2247,-76.2833,-76.3451,-76.395,-76.4307,-76.4536,-76.4663,-76.471,-76.4696,-76.4639,-76.4551,-76.4443,-76.4323,-76.42,-76.408,-76.3971,-76.388,-76.3816,-76.379,-76.3814,-76.3902,-76.407,-76.4332,-76.4709
5.455,-76.2289,-76.2874,-76.3492,-76.3991,-76.4347,-76.4577,-76.4703,-76.475,-76.4737,-76.468,-76.4592,-76.4484,-76.4365,-76.4242,-76.4122,-76.4013,-76.3923,-76.3859,-76.3833,-76.3857,-76.3945,-76.4112,-76.4374,-76.475
5.46,-76.2331,-76.2915,-76.3533,-76.4031,-76.4387,-76.4617,-76.4743,-76.479,-76.4777,-76.4721,-76.4633,-76.4525,-76.4406,-76.4284,-76.4164,-76.4055,-76.3965,-76.3902,-76.3876,-76.39,-76.3988,-76.4155,-76.4416,-76.4792
5.465,-76.2373,-76.2957,-76.3574,-76.4072,-76.4427,-76.4657,-76.4783,-76.483,-76.4818,-76.4761,-76.4674,-76.4566,-76.4448,-76.4325,-76.4206,-76.4098,-76.4007,-76.3944,-76.3919,-76.3942,-76.403,-76.4197,-76.4458,-76.4833
5.47,-76.2415,-76.2998,-76.3615,-76.4112,-76.4468,-76.4697,-76.4823,-76.4871,-76.4858,-76.4802,-76.4715,-76.4608,-76.4489,-76.4367,-76.4248,-76.414,-76.405,-76.3987,-76.3961,-76.3985,-76.4073,-76.424,-76.45,-76.4875
5.475,-76.2457,-76.3039,-76.3655,-76.4152,-76.4508,-76.4737,-76.4863,-76.4911,-76.4898,-76.4842,-76.4756,-76.4649,-76.453,-76.4408,-76.429,-76.4182,-76.4092,-76.4029,-76.4004,-76.4028,-76.4115,-76.4282,-76.4542,-76.4916
5.48,-76.2499,-76.308,-76.3696,-76.4192,-76.4548,-76.4777,-76.4903,-76.4951,-76.4939,-76.4883,-76.4796,-76.469,-76.4572,-76.445,-76.4332,-76.4224,-76.4134,-76.4072,-76.4046,-76.407,-76.4158,-76.4324,-76.4584,-76.4958
5.485,-76.254,-76.3121,-76.3736,-76.4232,-76.4587,-76.4816,-76.4943,-76.4991,-76.4979,-76.4923,-76.4837,-76.4731,-76.4613,-76.4492,-76.4373,-76.4266,-76.4177,-76.4114,-76.4089,-76.4113,-76.42,-76.4366,-76.4625,-76.4999
5.49,-76.2582,-76.3162,-76.3777,-76.4272,-76.4627,-76.4856,-76.4983,-76.5031,-76.5019,-76.4963,-76.4877,-76.4771,-76.4654,-76.4533,-76.4415,-76.4308,-76.4219,-76.4156,-76.4131,-76.4155,-76.4242,-76.4408,-76.4667,-76.504
5.495,-76.2624,-76.3203,-76.3817,-76.4312,-76.4667,-76.4896,-76.5023,-76.5071,-76.5059,-76.5004,-76.4918,-76.4812,-76.4695,-76.4574,-76.4457,-76.435,-76.4261,-76.4198,-76.4173,-76.4197,-76.4285,-76.445,-76.4709,-76.5081
5.5,-76.2665,-76.3244,-76.3857,-76.4352,-76.4707,-76.4936,-76.5062,-76.511,-76.5099,-76.5044,-76.4958,-76.4853,-76.4736,-76.4615,-76.4498,-76.4391,-76.4303,-76.424,-76.4215,-76.4239,-76.4327,-76.4492,-76.475,-76.5122
5.505,-76.2707,-76.3285,-76.3898,-76.4392,-76.4746,-76.4975,-76.5102,-76.515,-76.5139,-76.5084,-76.4999,-76.4893,-76.4777,-76.4657,-76.454,-76.4433,-76.4344,-76.4283,-76.4257,-76.4281,-76.4369,-76.4534,-76.4792,-76.5163
5.51,-76.2748,-76.3326,-76.3938,-76.4432,-76.4786,-76.5015,-76.5142,-76.519,-76.5179,-76.5124,-76.5039,-76.4934,-76.4818,-76.4698,-76.4581,-76.4475,-76.4386,-76.4324,-76.4299,-76.4324,-76.4411,-76.4575,-76.4833,-76.5204
5.515,-76.279,-76.3367,-76.3978,-76.4472,-76.4825,-76.5054,-76.5181,-76.5229,-76.5218,-76.5164,-76.5079,-76.4975,-76.4859,-76.4739,-76.4622,-76.4516,-76.4428,-76.4366,-76.4341,-76.4365,-76.4452,-76.4617,-76.4874,-76.5245
5.52,-76.2831,-76.3407,-76.4018,-76.4511,-76.4865,-76.5093,-76.522,-76.5269,-76.5258,-76.5204,-76.512,-76.5015,-76.4899,-76.478,-76.4664,-76.4558,-76.447,-76.4408,-76.4383,-76.4407,-76.4494,-76.4659,-76.4916,-76.5285
5.525,-76.2872,-76.3448,-76.4058,-76.4551,-76.4904,-76.5133,-76.526,-76.5308,-76.5298,-76.5244,-76.516,-76.5055,-76.494,-76.4821,-76.4705,-76.4599,-76.4511,-76.445,-76.4425,-76.4449,-76.4536,-76.47,-76.4957,-76.5326
5.53,-76.2913,-76.3488,-76.4098,-76.4591,-76.4944,-76.5172,-76.5299,-76.5348,-76.5337,-76.5284,-76.52,-76.5096,-76.498,-76.4861,-76.4746,-76.464,-76.4553,-76.4492,-76.4467,-76.4491,-76.4578,-76.4741,-76.4998,-76.5367
5.535,-76.2954,-76.3529,-76.4138,-76.463,-76.4983,-76.5211,-76.5338,-76.5387,-76.5377,-76.5323,-76.524,-76.5136,-76.5021,-76.4902,-76.4787,-76.4682,-76.4594,-76.4533,-76.4509,-76.4533,-76.4619,-76.4783,-76.5039,-76.5407
5.54,-76.2996,-76.3569,-76.4178,-76.467,-76.5022,-76.525,-76.5378,-76.5426,-76.5416,-76.5363,-76.528,-76.5176,-76.5061,-76.4943,-76.4828,-76.4723,-76.4636,-76.4575,-76.455,-76.4574,-76.4661,-76.4824,-76.508,-76.5448
5.545,-76.3036,-76.361,-76.4217,-76.4709,-76.5061,-76.5289,-76.5417,-76.5466,-76.5456,-76.5403,-76.532,-76.5216,-76.5102,-76.4984,-76.4869,-76.4764,-76.4677,-76.4616,-76.4592,-76.4616,-76.4702,-76.4865,-76.5121,-76.5488
5.55,-76.3077,-76.365,-76.4257,-76.4748,-76.51,-76.5328,-76.5456,-76.5505,-76.5495,-76.5442,-76.5359,-76.5256,-76.5142,-76.5024,-76.4909,-76.4805,-76.4718,-76.4658,-76.4633,-76.4657,-76.4743,-76.4907,-76.5161,-76.5528
5.555,-76.3118,-76.369,-76.4297,-76.4788,-76.5139,-76.5367,-76.5495,-76.5544,-76.5534,-76.5482,-76.5399,-76.5296,-76.5182,-76.5065,-76.495,-76.4846,-76.4759,-76.4699,-76.4675,-76.4699,-76.4785,-76.4948,-76.5202,-76.5569
5.56,-76.3159,-76.373,-76.4336,-76.4827,-76.5178,-76.5406,-76.5534,-76.5583,-76.5574,-76.5521,-76.5439,-76.5336,-76.5223,-76.5105,-76.4991,-76.4887,-76.48,-76.474,-76.4716,-76.474,-76.4826,-76.4989,-76.5243,-76.5609
5.565,-76.32,-76.377,-76.4376,-76.4866,-76.5217,-76.5445,-76.5573,-76.5622,-76.5613,-76.5561,-76.5478,-76.5376,-76.5263,-76.5145,-76.5032,-76.4928,-76.4841,-76.4781,-76.4757,-76.4781,-76.4867,-76.503,-76.5283,-76.5649
5.57,-76.3241,-76.381,-76.4415,-76.4905,-76.5256,-76.5484,-76.5611,-76.5661,-76.5652,-76.56,-76.5518,-76.5416,-76.5303,-76.5186,-76.5072,-76.4968,-76.4882,-76.4822,-76.4799,-76.4823,-76.4908,-76.507,-76.5324,-76.5689
5.575,-76.3281,-76.385,-76.4455,-76.4944,-76.5295,-76.5523,-76.565,-76.57,-76.5691,-76.5639,-76.5557,-76.5456,-76.5343,-76.5226,-76.5113,-76.5009,-76.4923,-76.4864,-76.484,-76.4864,-76.4949,-76.5111,-76.5364,-76.5729
5.58,-76.3322,-76.389,-76.4494,-76.4983,-76.5334,-76.5561,-76.5689,-76.5739,-76.573,-76.5678,-76.5597,-76.5495,-76.5383,-76.5266,-76.5153,-76.505,-76.4964,-76.4904,-76.4881,-76.4905,-76.499,-76.5152,-76.5405,-76.5769
5.585,-76.3363,-76.393,-76.4534,-76.5022,-76.5372,-76.56,-76.5727,-76.5777,-76.5769,-76.5717,-76.5636,-76.5535,-76.5423,-76.5306,-76.5193,-76.509,-76.5005,-76.4945,-76.4922,-76.4946,-76.5031,-76.5193,-76.5445,-76.5809
5.59,-76.3403,-76.397,-76.4573,-76.5061,-76.5411,-76.5638,-76.5766,-76.5816,-76.5808,-76.5757,-76.5675,-76.5574,-76.5462,-76.5346,-76.5234,-76.5131,-76.5046,-76.4986,-76.4963,-76.4987,-76.5072,-76.5233,-76.5485,-76.5849
5.595,-76.3443,-76.401,-76.4612,-76.5099,-76.545,-76.5677,-76.5804,-76.5855,-76.5846,-76.5796,-76.5715,-76.5614,-76.5502,-76.5386,-76.5274,-76.5171,-76.5086,-76.5027,-76.5003,-76.5028,-76.5113,-76.5274,-76.5526,-76.5888
5.6,-76.3484,-76.405,-76.4651,-76.5138,-76.5488,-76.5715,-76.5843,-76.5893,-76.5885,-76.5835,-76.5754,-76.5653,-76.5542,-76.5426,-76.5314,-76.5212,-76.5127,-76.5068,-76.5044,-76.5068,-76.5154,-76.5314,-76.5566,-76.5928
5.605,-76.3524,-76.4089,-76.469,-76.5177,-76.5527,-76.5754,-76.5881,-76.5932,-76.5924,-76.5873,-76.5793,-76.5693,-76.5581,-76.5466,-76.5354,-76.5252,-76.5167,-76.5108,-76.5085,-76.5109,-76.5194,-76.5355,-76.5606,-76.5968
5.61,-76.3564,-76.4129,-76.4729,-76.5215,-76.5565,-76.5792,-76.592,-76.597,-76.5962,-76.5912,-76.5832,-76.5732,-76.5621,-76.5506,-76.5394,-76.5292,-76.5208,-76.5149,-76.5126,-76.515,-76.5235,-76.5395,-76.5646,-76.6007
5.615,-76.3605,-76.4168,-76.4768,-76.5254,-76.5603,-76.583,-76.5958,-76.6008,-76.6001,-76.5951,-76.5871,-76.5771,-76.566,-76.5546,-76.5434,-76.5333,-76.5248,-76.5189,-76.5166,-76.519,-76.5275,-76.5435,-76.5686,-76.6047
5.62,-76.3645,-76.4208,-76.4807,-76.5293,-76.5642,-76.5868,-76.5996,-76.6047,-76.6039,-76.599,-76.591,-76.581,-76.57,-76.5585,-76.5474,-76.5373,-76.5288,-76.523,-76.5207,-76.5231,-76.5316,-76.5475,-76.5725,-76.6086
5.625,-76.3685,-76.4247,-76.4846,-76.5331,-76.568,-76.5907,-76.6034,-76.6085,-76.6078,-76.6028,-76.5949,-76.585,-76.5739,-76.5625,-76.5514,-76.5413,-76.5329,-76.527,-76.5247,-76.5271,-76.5356,-76.5516,-76.5765,-76.6125
5.63,-76.3725,-76.4287,-76.4885,-76.5369,-76.5718,-76.5945,-76.6072,-76.6123,-76.6116,-76.6067,-76.5988,-76.5889,-76.5778,-76.5665,-76.5554,-76.5453,-76.5369,-76.5311,-76.5288,-76.5312,-76.5396,-76.5556,-76.5805,-76.6164
5.635,-76.3765,-76.4326,-76.4923,-76.5408,-76.5756,-76.5983,-76.611,-76.6161,-76.6155,-76.6105,-76.6026,-76.5928,-76.5818,-76.5704,-76.5593,-76.5493,-76.5409,-76.5351,-76.5328,-76.5352,-76.5436,-76.5596,-76.5845,-76.6204
5.64,-76.3805,-76.4365,-76.4962,-76.5446,-76.5794,-76.6021,-76.6148,-76.62,-76.6193,-76.6144,-76.6065,-76.5966,-76.5857,-76.5743,-76.5633,-76.5532,-76.5449,-76.5391,-76.5368,-76.5392,-76.5477,-76.5636,-76.5884,-76.6243
5.645,-76.3844,-76.4404,-76.5001,-76.5484,-76.5832,-76.6059,-76.6186,-76.6238,-76.6231,-76.6182,-76.6104,-76.6005,-76.5896,-76.5783,-76.5673,-76.5572,-76.5489,-76.5431,-76.5408,-76.5432,-76.5517,-76.5675,-76.5924,-76.6282
5.65,-76.3884,-76.4443,-76.5039,-76.5522,-76.587,-76.6096,-76.6224,-76.6276,-76.6269,-76.6221,-76.6142,-76.6044,-76.5935,-76.5822,-76.5712,-76.5612,-76.5529,-76.5471,-76.5448,-76.5472,-76.5557,-76.5715,-76.5963,-76.6321
5.655,-76.3924,-76.4482,-76.5078,-76.556,-76.5908,-76.6134,-76.6262,-76.6313,-76.6307,-76.6259,-76.6181,-76.6083,-76.5974,-76.5861,-76.5752,-76.5652,-76.5569,-76.5511,-76.5489,-76.5513,-76.5597,-76.5755,-76.6003,-76.636
5.66,-76.3964,-76.4521,-76.5116,-76.5599,-76.5946,-76.6172,-76.63,-76.6351,-76.6345,-76.6297,-76.6219,-76.6122,-76.6013,-76.59,-76.5791,-76.5691,-76.5609,-76.5551,-76.5528,-76.5553,-76.5637,-76.5795,-76.6042,-76.6399
5.665,-76.4003,-76.456,-76.5155,-76.5637,-76.5983,-76.621,-76.6338,-76.6389,-76.6383,-76.6335,-76.6257,-76.616,-76.6052,-76.594,-76.583,-76.5731,-76.5648,-76.5591,-76.5568,-76.5592,-76.5676,-76.5834,-76.6081,-76.6437
5.67,-76.4043,-76.4599,-76.5193,-76.5674,-76.6021,-76.6247,-76.6375,-76.6427,-76.6421,-76.6373,-76.6296,-76.6199,-76.6091,-76.5979,-76.587,-76.577,-76.5688,-76.5631,-76.5608,-76.5632,-76.5716,-76.5874,-76.612,-76.6476
5.675,-76.4082,-76.4638,-76.5231,-76.5712,-76.6059,-76.6285,-76.6413,-76.6465,-76.6459,-76.6411,-76.6334,-76.6237,-76.6129,-76.6018,-76.5909,-76.581,-76.5728,-76.567,-76.5648,-76.5672,-76.5756,-76.5913,-76.616,-76.6515
5.68,-76.4122,-76.4677,-76.5269,-76.575,-76.6096,-76.6322,-76.645,-76.6502,-76.6497,-76.6449,-76.6372,-76.6276,-76.6168,-76.6056,-76.5948,-76.5849,-76.5767,-76.571,-76.5688,-76.5712,-76.5795,-76.5953,-76.6199,-76.6553
5.685,-76.4161,-76.4716,-76.5308,-76.5788,-76.6134,-76.636,-76.6488,-76.654,-76.6534,-76.6487,-76.641,-76.6314,-76.6207,-76.6095,-76.5987,-76.5888,-76.5807,-76.575,-76.5728,-76.5751,-76.5835,-76.5992,-76.6238,-76.6592
5.69,-76.4201,-76.4754,-76.5346,-76.5826,-76.6171,-76.6397,-76.6525,-76.6577,-76.6572,-76.6525,-76.6448,-76.6352,-76.6245,-76.6134,-76.6026,-76.5928,-76.5846,-76.5789,-76.5767,-76.5791,-76.5874,-76.6031,-76.6277,-76.663
5.695,-76.424,-76.4793,-76.5384,-76.5863,-76.6209,-76.6434,-76.6563,-76.6615,-76.661,-76.6563,-76.6486,-76.6391,-76.6284,-76.6173,-76.6065,-76.5967,-76.5885,-76.5829,-76.5807,-76.5831,-76.5914,-76.607,-76.6315,-76.6669
5.7,-76.4279,-76.4832,-76.5422,-76.5901,-76.6246,-76.6472,-76.66,-76.6652,-76.6647,-76.6601,-76.6524,-76.6429,-76.6322,-76.6211,-76.6104,-76.6006,-76.5925,-76.5868,-76.5846,-76.587,-76.5953,-76.611,-76.6354,-76.6707
5.705,-76.4318,-76.487,-76.546,-76.5938,-76.6284,-76.6509,-76.6637,-76.6689,-76.6685,-76.6638,-76.6562,-76.6467,-76.636,-76.625,-76.6143,-76.6045,-76.5964,-76.5907,-76.5886,-76.591,-76.5993,-76.6149,-76.6393,-76.6746
5.71,-76.4357,-76.4909,-76.5498,-76.5976,-76.6321,-76.6546,-76.6674,-76.6727,-76.6722,-76.6676,-76.66,-76.6505,-76.6399,-76.6289,-76.6181,-76.6084,-76.6003,-76.5947,-76.5925,-76.5949,-76.6032,-76.6188,-76.6432,-76.6784
5.715,-76.4396,-76.4947,-76.5535,-76.6013,-76.6358,-76.6583,-76.6711,-76.6764,-76.676,-76.6713,-76.6638,-76.6543,-76.6437,-76.6327,-76.622,-76.6123,-76.6042,-76.5986,-76.5964,-76.5988,-76.6071,-76.6227,-76.647,-76.6822
5.72,-76.4435,-76.4985,-76.5573,-76.6051,-76.6395,-76.662,-76.6749,-76.6801,-76.6797,-76.6751,-76.6676,-76.6581,-76.6475,-76.6366,-76.6259,-76.6162,-76.6081,-76.6025,-76.6003,-76.6027,-76.611,-76.6266,-76.6509,-76.686
5.725,-76.4474,-76.5024,-76.5611,-76.6088,-76.6432,-76.6657,-76.6786,-76.6838,-76.6834,-76.6788,-76.6713,-76.6619,-76.6513,-76.6404,-76.6297,-76.62,-76.612,-76.6064,-76.6043,-76.6066,-76.6149,-76.6304,-76.6547,-76.6898
5.73,-76.4513,-76.5062,-76.5649,-76.6125,-76.6469,-76.6694,-76.6823,-76.6875,-76.6871,-76.6826,-76.6751,-76.6657,-76.6551,-76.6442,-76.6336,-76.6239,-76.6159,-76.6103,-76.6082,-76.6106,-76.6188,-76.6343,-76.6586,-76.6936
5.735,-76.4552,-76.51,-76.5686,-76.6163,-76.6506,-76.6731,-76.6859,-76.6912,-76.6909,-76.6863,-76.6789,-76.6694,-76.6589,-76.648,-76.6374,-76.6278,-76.6198,-76.6142,-76.6121,-76.6145,-76.6227,-76.6382,-76.6624,-76.6974
5.74,-76.4591,-76.5138,-76.5724,-76.62,-76.6543,-76.6768,-76.6896,-76.6949,-76.6946,-76.69,-76.6826,-76.6732,-76.6627,-76.6519,-76.6413,-76.6316,-76.6236,-76.6181,-76.616,-76.6184,-76.6266,-76.6421,-76.6662,-76.7012
5.745,-76.463,-76.5176,-76.5761,-76.6237,-76.658,-76.6805,-76.6933,-76.6986,-76.6983,-76.6938,-76.6863,-76.677,-76.6665,-76.6557,-76.6451,-76.6355,-76.6275,-76.622,-76.6199,-76.6222,-76.6305,-76.6459,-76.6701,-76.705
5.75,-76.4668,-76.5214,-76.5799,-76.6274,-76.6617,-76.6842,-76.697,-76.7023,-76.702,-76.6975,-76.6901,-76.6807,-76.6703,-76.6595,-76.6489,-76.6393,-76.6314,-76.6259,-76.6237,-76.6261,-76.6343,-76.6498,-76.6739,-76.7087
5.755,-76.4707,-76.5252,-76.5836,-76.6311,-76.6654,-76.6878,-76.7007,-76.706,-76.7057,-76.7012,-76.6938,-76.6845,-76.6741,-76.6633,-76.6528,-76.6432,-76.6352,-76.6297,-76.6276,-76.63,-76.6382,-76.6536,-76.6777,-76.7125
5.76,-76.4745,-76.529,-76.5873,-76.6348,-76.6691,-76.6915,-76.7043,-76.7097,-76.7094,-76.7049,-76.6975,-76.6883,-76.6779,-76.6671,-76.6566,-76.647,-76.6391,-76.6336,-76.6315,-76.6339,-76.6421,-76.6574,-76.6815,-76.7163
5.765,-76.4784,-76.5328,-76.5911,-76.6385,-76.6727,-76.6952,-76.708,-76.7133,-76.713,-76.7086,-76.7013,-76.692,-76.6816,-76.6709,-76.6604,-76.6509,-76.6429,-76.6375,-76.6354,-76.6377,-76.6459,-76.6613,-76.6853,-76.72
5.77,-76.4823,-76.5366,-76.5948,-76.6422,-76.6764,-76.6988,-76.7116,-76.717,-76.7167,-76.7123,-76.705,-76.6957,-76.6854,-76.6747,-76.6642,-76.6547,-76.6468,-76.6413,-76.6392,-76.6416,-76.6498,-76.6651,-76.6891,-76.7238
5.775,-76.4861,-76.5404,-76.5985,-76.6458,-76.68,-76.7025,-76.7153,-76.7206,-76.7204,-76.716,-76.7087,-76.6995,-76.6891,-76.6784,-76.668,-76.6585,-76.6506,-76.6452,-76.6431,-76.6454,-76.6536,-76.6689,-76.6929,-76.7275
5.78,-76.4899,-76.5441,-76.6022,-76.6495,-76.6837,-76.7061,-76.7189,-76.7243,-76.724,-76.7197,-76.7124,-76.7032,-76.6929,-76.6822,-76.6718,-76.6623,-76.6544,-76.649,-76.6469,-76.6493,-76.6574,-76.6727,-76.6967,-76.7312
5.785,-76.4938,-76.5479,-76.6059,-76.6532,-76.6873,-76.7097,-76.7226,-76.7279,-76.7277,-76.7234,-76.7161,-76.7069,-76.6966,-76.686,-76.6756,-76.6661,-76.6583,-76.6528,-76.6508,-76.6531,-76.6613,-76.6766,-76.7004,-76.735
5.79,-76.4976,-76.5517,-76.6096,-76.6568,-76.691,-76.7134,-76.7262,-76.7316,-76.7314,-76.727,-76.7198,-76.7106,-76.7004,-76.6897,-76.6794,-76.6699,-76.6621,-76.6567,-76.6546,-76.657,-76.6651,-76.6804,-76.7042,-76.7387
5.795,-76.5014,-76.5554,-76.6133,-76.6605,-76.6946,-76.717,-76.7298,-76.7352,-76.735,-76.7307,-76.7235,-76.7143,-76.7041,-76.6935,-76.6831,-76.6737,-76.6659,-76.6605,-76.6584,-76.6608,-76.6689,-76.6842,-76.708,-76.7424
5.8,-76.5052,-76.5592,-76.617,-76.6642,-76.6982,-76.7206,-76.7334,-76.7388,-76.7387,-76.7344,-76.7272,-76.718,-76.7078,-76.6972,-76.6869,-76.6775,-76.6697,-76.6643,-76.6622,-76.6646,-76.6727,-76.6879,-76.7117,-76.7461
5.805,-76.509,-76.5629,-76.6207,-76.6678,-76.7019,-76.7242,-76.7371,-76.7425,-76.7423,-76.738,-76.7308,-76.7217,-76.7115,-76.701,-76.6907,-76.6813,-76.6735,-76.6681,-76.6661,-76.6684,-76.6765,-76.6917,-76.7155,-76.7498
5.81,-76.5128,-76.5667,-76.6244,-76.6714,-76.7055,-76.7278,-76.7407,-76.7461,-76.7459,-76.7417,-76.7345,-76.7254,-76.7153,-76.7047,-76.6944,-76.6851,-76.6773,-76.6719,-76.6699,-76.6722,-76.6803,-76.6955,-76.7192,-76.7535
5.815,-76.5166,-76.5704,-76.6281,-76.6751,-76.7091,-76.7314,-76.7443,-76.7497,-76.7495,-76.7453,-76.7382,-76.7291,-76.719,-76.7084,-76.6982,-76.6888,-76.6811,-76.6757,-76.6737,-76.676,-76.6841,-76.6993,-76.723,-76.7572
5.82,-76.5204,-76.5741,-76.6318,-76.6787,-76.7127,-76.735,-76.7479,-76.7533,-76.7532,-76.7489,-76.7418,-76.7328,-76.7227,-76.7122,-76.7019,-76.6926,-76.6849,-76.6795,-76.6775,-76.6798,-76.6879,-76.703,-76.7267,-76.7609
5.825,-76.5242,-76.5778,-76.6354,-76.6823,-76.7163,-76.7386,-76.7515,-76.7569,-76.7568,-76.7526,-76.7455,-76.7365,-76.7264,-76.7159,-76.7057,-76.6964,-76.6886,-76.6833,-76.6813,-76.6836,-76.6917,-76.7068,-76.7304,-76.7646
5.83,-76.528,-76.5816,-76.6391,-76.686,-76.7199,-76.7422,-76.7551,-76.7605,-76.7604,-76.7562,-76.7491,-76.7402,-76.7301,-76.7196,-76.7094,-76.7001,-76.6924,-76.6871,-76.6851,-76.6874,-76.6955,-76.7105,-76.7342,-76.7683
5.835,-76.5318,-76.5853,-76.6427,-76.6896,-76.7235,-76.7458,-76.7586,-76.7641,-76.764,-76.7598,-76.7528,-76.7438,-76.7338,-76.7233,-76.7131,-76.7039,-76.6962,-76.6909,-76.6888,-76.6912,-76.6992,-76.7143,-76.7379,-76.772
5.84,-76.5356,-76.589,-76.6464,-76.6932,-76.7271,-76.7494,-76.7622,-76.7677,-76.7676,-76.7635,-76.7564,-76.7475,-76.7374,-76.727,-76.7169,-76.7076,-76.6999,-76.6946,-76.6926,-76.695,-76.703,-76.718,-76.7416,-76.7756
5.845,-76.5393,-76.5927,-76.65,-76.6968,-76.7307,-76.753,-76.7658,-76.7713,-76.7712,-76.7671,-76.76,-76.7511,-76.7411,-76.7307,-76.7206,-76.7113,-76.7037,-76.6984,-76.6964,-76.6987,-76.7068,-76.7218,-76.7453,-76.7793
5.85,-76.5431,-76.5964,-76.6537,-76.7004,-76.7342,-76.7565,-76.7694,-76.7748,-76.7748,-76.7707,-76.7637,-76.7548,-76.7448,-76.7344,-76.7243,-76.7151,-76.7074,-76.7021,-76.7001,-76.7025,-76.7105,-76.7255,-76.749,-76.7829
5.855,-76.5468,-76.6001,-76.6573,-76.704,-76.7378,-76.7601,-76.7729,-76.7784,-76.7784,-76.7743,-76.7673,-76.7584,-76.7484,-76.7381,-76.728,-76.7188,-76.7112,-76.7059,-76.7039,-76.7063,-76.7142,-76.7292,-76.7527,-76.7866
5.86,-76.5506,-76.6038,-76.6609,-76.7076,-76.7414,-76.7636,-76.7765,-76.782,-76.782,-76.7779,-76.7709,-76.7621,-76.7521,-76.7418,-76.7317,-76.7225,-76.7149,-76.7096,-76.7076,-76.71,-76.718,-76.7329,-76.7564,-76.7902
5.865,-76.5543,-76.6074,-76.6646,-76.7112,-76.7449,-76.7672,-76.78,-76.7855,-76.7855,-76.7815,-76.7745,-76.7657,-76.7558,-76.7454,-76.7354,-76.7262,-76.7186,-76.7134,-76.7114,-76.7138,-76.7217,-76.7367,-76.76,-76.7939
5.87,-76.5581,-76.6111,-76.6682,-76.7148,-76.7485,-76.7707,-76.7836,-76.7891,-76.7891,-76.785,-76.7781,-76.7693,-76.7594,-76.7491,-76.7391,-76.7299,-76.7224,-76.7171,-76.7151,-76.7175,-76.7254,-76.7404,-76.7637,-76.7975
5.875,-76.5618,-76.6148,-76.6718,-76.7183,-76.7521,-76.7743,-76.7871,-76.7926,-76.7927,-76.7886,-76.7817,-76.7729,-76.763,-76.7528,-76.7428,-76.7336,-76.7261,-76.7208,-76.7189,-76.7212,-76.7292,-76.7441,-76.7674,-76.8011
5.88,-76.5656,-76.6185,-76.6754,-76.7219,-76.7556,-76.7778,-76.7907,-76.7962,-76.7962,-76.7922,-76.7853,-76.7765,-76.7667,-76.7564,-76.7464,-76.7373,-76.7298,-76.7246,-76.7226,-76.725,-76.7329,-76.7478,-76.771,-76.8047
5.885,-76.5693,-76.6221,-76.679,-76.7255,-76.7591,-76.7813,-76.7942,-76.7997,-76.7998,-76.7958,-76.7889,-76.7802,-76.7703,-76.7601,-76.7501,-76.741,-76.7335,-76.7283,-76.7263,-76.7287,-76.7366,-76.7515,-76.7747,-76.8084
5.89,-76.573,-76.6258,-76.6826,-76.729,-76.7627,-76.7849,-76.7977,-76.8033,-76.8033,-76.7993,-76.7925,-76.7838,-76.7739,-76.7637,-76.7538,-76.7447,-76.7372,-76.732,-76.73,-76.7324,-76.7403,-76.7551,-76.7784,-76.812
5.895,-76.5767,-76.6294,-76.6862,-76.7326,-76.7662,-76.7884,-76.8012,-76.8068,-76.8069,-76.8029,-76.7961,-76.7874,-76.7776,-76.7674,-76.7574,-76.7484,-76.7409,-76.7357,-76.7337,-76.7361,-76.744,-76.7588,-76.782,-76.8156
5.9,-76.5804,-76.6331,-76.6898,-76.7361,-76.7697,-76.7919,-76.8048,-76.8103,-76.8104,-76.8064,-76.7996,-76.791,-76.7812,-76.771,-76.7611,-76.7521,-76.7446,-76.7394,-76.7375,-76.7398,-76.7477,-76.7625,-76.7856,-76.8192
5.905,-76.5841,-76.6367,-76.6934,-76.7397,-76.7733,-76.7954,-76.8083,-76.8138,-76.8139,-76.81,-76.8032,-76.7945,-76.7848,-76.7746,-76.7647,-76.7557,-76.7483,-76.7431,-76.7412,-76.7435,-76.7514,-76.7662,-76.7893,-76.8228
5.91,-76.5878,-76.6404,-76.697,-76.7432,-76.7768,-76.7989,-76.8118,-76.8174,-76.8175,-76.8135,-76.8068,-76.7981,-76.7884,-76.7783,-76.7684,-76.7594,-76.7519,-76.7468,-76.7449,-76.7472,-76.7551,-76.7698,-76.7929,-76.8263
5.915,-76.5915,-76.644,-76.7006,-76.7468,-76.7803,-76.8024,-76.8153,-76.8209,-76.821,-76.8171,-76.8103,-76.8017,-76.792,-76.7819,-76.772,-76.763,-76.7556,-76.7505,-76.7485,-76.7509,-76.7587,-76.7735,-76.7965,-76.8299
5.92,-76.5952,-76.6476,-76.7041,-76.7503,-76.7838,-76.8059,-76.8188,-76.8244,-76.8245,-76.8206,-76.8139,-76.8053,-76.7956,-76.7855,-76.7757,-76.7667,-76.7593,-76.7541,-76.7522,-76.7546,-76.7624,-76.7771,-76.8001,-76.8335
5.925,-76.5989,-76.6512,-76.7077,-76.7538,-76.7873,-76.8094,-76.8223,-76.8279,-76.828,-76.8241,-76.8174,-76.8088,-76.7992,-76.7891,-76.7793,-76.7703,-76.7629,-76.7578,-76.7559,-76.7582,-76.7661,-76.7808,-76.8038,-76.8371
5.93,-76.6026,-76.6549,-76.7113,-76.7573,-76.7908,-76.8129,-76.8257,-76.8314,-76.8315,-76.8277,-76.821,-76.8124,-76.8027,-76.7927,-76.7829,-76.774,-76.7666,-76.7615,-76.7596,-76.7619,-76.7697,-76.7844,-76.8074,-76.8406
5.935,-76.6063,-76.6585,-76.7148,-76.7609,-76.7943,-76.8164,-76.8292,-76.8348,-76.835,-76.8312,-76.8245,-76.816,-76.8063,-76.7963,-76.7865,-76.7776,-76.7702,-76.7651,-76.7632,-76.7656,-76.7734,-76.788,-76.811,-76.8442
5.94,-76.61,-76.6621,-76.7184,-76.7644,-76.7978,-76.8199,-76.8327,-76.8383,-76.8385,-76.8347,-76.828,-76.8195,-76.8099,-76.7999,-76.7901,-76.7812,-76.7739,-76.7688,-76.7669,-76.7692,-76.777,-76.7917,-76.8146,-76.8477
5.945,-76.6136,-76.6657,-76.7219,-76.7679,-76.8013,-76.8233,-76.8362,-76.8418,-76.842,-76.8382,-76.8316,-76.8231,-76.8135,-76.8035,-76.7937,-76.7849,-76.7775,-76.7724,-76.7705,-76.7729,-76.7807,-76.7953,-76.8181,-76.8513
5.95,-76.6173,-76.6693,-76.7254,-76.7714,-76.8047,-76.8268,-76.8396,-76.8453,-76.8455,-76.8417,-76.8351,-76.8266,-76.817,-76.8071,-76.7973,-76.7885,-76.7811,-76.7761,-76.7742,-76.7765,-76.7843,-76.7989,-76.8217,-76.8548
5.955,-76.6209,-76.6729,-76.729,-76.7749,-76.8082,-76.8303,-76.8431,-76.8488,-76.849,-76.8452,-76.8386,-76.8301,-76.8206,-76.8106,-76.8009,-76.7921,-76.7848,-76.7797,-76.7778,-76.7802,-76.7879,-76.8025,-76.8253,-76.8584
5.96,-76.6246,-76.6765,-76.7325,-76.7784,-76.8117,-76.8337,-76.8466,-76.8522,-76.8524,-76.8487,-76.8421,-76.8337,-76.8241,-76.8142,-76.8045,-76.7957,-76.7884,-76.7834,-76.7815,-76.7838,-76.7916,-76.8061,-76.8289,-76.8619
5.965,-76.6282,-76.68,-76.736,-76.7818,-76.8151,-76.8372,-76.85,-76.8557,-76.8559,-76.8522,-76.8456,-76.8372,-76.8277,-76.8178,-76.8081,-76.7993,-76.792,-76.787,-76.7851,-76.7874,-76.7952,-76.8097,-76.8325,-76.8654
5.97,-76.6319,-76.6836,-76.7396,-76.7853,-76.8186,-76.8406,-76.8535,-76.8591,-76.8594,-76.8557,-76.8491,-76.8407,-76.8312,-76.8213,-76.8117,-76.8029,-76.7956,-76.7906,-76.7887,-76.7911,-76.7988,-76.8133,-76.836,-76.8689
5.975,-76.6355,-76.6872,-76.7431,-76.7888,-76.8221,-76.8441,-76.8569,-76.8626,-76.8628,-76.8591,-76.8526,-76.8442,-76.8347,-76.8249,-76.8153,-76.8065,-76.7992,-76.7942,-76.7924,-76.7947,-76.8024,-76.8169,-76.8396,-76.8725
5.98,-76.6392,-76.6908,-76.7466,-76.7923,-76.8255,-76.8475,-76.8603,-76.866,-76.8663,-76.8626,-76.8561,-76.8477,-76.8383,-76.8284,-76.8188,-76.8101,-76.8028,-76.7978,-76.796,-76.7983,-76.806,-76.8205,-76.8431,-76.876
5.985,-76.6428,-76.6943,-76.7501,-76.7957,-76.8289,-76.8509,-76.8638,-76.8695,-76.8698,-76.8661,-76.8596,-76.8512,-76.8418,-76.832,-76.8224,-76.8137,-76.8064,-76.8014,-76.7996,-76.8019,-76.8096,-76.824,-76.8467,-76.8795
5.99,-76.6464,-76.6979,-76.7536,-76.7992,-76.8324,-76.8544,-76.8672,-76.8729,-76.8732,-76.8695,-76.8631,-76.8547,-76.8453,-76.8355,-76.826,-76.8172,-76.81,-76.805,-76.8032,-76.8055,-76.8132,-76.8276,-76.8502,-76.883
5.995,-76.65,-76.7014,-76.7571,-76.8027,-76.8358,-76.8578,-76.8706,-76.8763,-76.8766,-76.873,-76.8665,-76.8582,-76.8488,-76.8391,-76.8295,-76.8208,-76.8136,-76.8086,-76.8068,-76.8091,-76.8168,-76.8312,-76.8537,-76.8865
6,-76.6536,-76.705,-76.7606,-76.8061,-76.8393,-76.8612,-76.874,-76.8798,-76.8801,-76.8764,-76.87,-76.8617,-76.8523,-76.8426,-76.833,-76.8244,-76.8172,-76.8122,-76.8104,-76.8127,-76.8204,-76.8347,-76.8573,-76.8899
