Graph addvar/addexpr lines
36 1201
x node[0].v( 0.5 ) node[1].v( 0.5 ) node[2].v( 0.5 ) node[3].v( 0.5 ) node[4].v( 0.5 ) node[5].v( 0.5 ) node[6].v( 0.5 ) node[7].v( 0.5 ) node[8].v( 0.5 ) node[9].v( 0.5 ) node[10].v( 0.5 ) node[11].v( 0.5 ) node[12].v( 0.5 ) node[13].v( 0.5 ) node[14].v( 0.5 ) node[15].v( 0.5 ) node[16].v( 0.5 ) node[17].v( 0.5 ) node[18].v( 0.5 ) node[19].v( 0.5 ) node[20].v( 0.5 ) node[21].v( 0.5 ) node[22].v( 0.5 ) node[23].v( 0.5 ) node[24].v( 0.5 ) node[25].v( 0.5 ) node[26].v( 0.5 ) node[27].v( 0.5 ) node[28].v( 0.5 ) node[29].v( 0.5 ) node[30].v( 0.5 ) node[31].v( 0.5 ) node[32].v( 0.5 ) node[33].v( 0.5 ) node[34].v( 0.5 ) node[35].v( 0.5 )
0	-80	-80	-80	-80	-80	-80	-80	-80	-80	-80	-80	-80	-80	-80	-80	-80	-80	-80	-80	-80	-80	-80	-80	-80	-80	-80	-80	-80	-80	-80	-80	-80	-80	-80	-80	-80
0.005	-79.9985	-79.998	-79.9979	-79.9979	-79.9979	-79.9979	-79.9979	-79.9979	-79.9979	-79.9979	-79.9979	-79.9979	-79.9979	-79.9979	-79.9979	-79.9979	-79.9979	-79.9979	-79.9979	-79.9979	-79.9979	-79.9979	-79.9979	-79.9979	-79.9979	-79.9979	-79.9979	-79.9979	-79.9979	-79.9979	-79.9979	-79.9979	-79.9979	-79.9979	-79.9979	-79.998
0.01	-79.9984	-79.9965	-79.9965	-79.9965	-79.9965	-79.9965	-79.9965	-79.9965	-79.9965	-79.9965	-79.9965	-79.9965	-79.9965	-79.9965	-79.9965	-79.9965	-79.9965	-79.9965	-79.9965	-79.9965	-79.9965	-79.9965	-79.9965	-79.9965	-79.9965	-79.9965	-79.9965	-79.9965	-79.9965	-79.9965	-79.9965	-79.9965	-79.9965	-79.9965	-79.9965	-79.9965
0.015	-79.9984	-79.9954	-79.9953	-79.9953	-79.9953	-79.9953	-79.9953	-79.9953	-79.9953	-79.9953	-79.9953	-79.9953	-79.9953	-79.9953	-79.9953	-79.9953	-79.9953	-79.9953	-79.9953	-79.9953	-79.9953	-79.9953	-79.9953	-79.9953	-79.9953	-79.9953	-79.9953	-79.9953	-79.9953	-79.9953	-79.9953	-79.9953	-79.9953	-79.9953	-79.9953	-79.9954
0.02	-79.9984	-79.9946	-79.9943	-79.9943	-79.9943	-79.9943	-79.9943	-79.9943	-79.9943	-79.9943	-79.9943	-79.9943	-79.9943	-79.9943	-79.9943	-79.9943	-79.9943	-79.9943	-79.9943	-79.9943	-79.9943	-79.9943	-79.9943	-79.9943	-79.9943	-79.9943	-79.9943	-79.9943	-79.9943	-79.9943	-79.9943	-79.9943	-79.9943	-79.9943	-79.9943	-79.9945
0.025	-79.9984	-79.9938	-79.9935	-79.9935	-79.9935	-79.9935	-79.9935	-79.9935	-79.9935	-79.9935	-79.9935	-79.9935	-79.9935	-79.9935	-79.9935	-79.9935	-79.9935	-79.9935	-79.9935	-79.9935	-79.9935	-79.9935	-79.9935	-79.9935	-79.9935	-79.9935	-79.9935	-79.9935	-79.9935	-79.9935	-79.9935	-79.9935	-79.9935	-79.9935	-79.9935	-79.9937
0.03	-79.9984	-79.9932	-79.9928	-79.9928	-79.9928	-79.9928	-79.9928	-79.9928	-79.9928	-79.9928	-79.9928	-79.9928	-79.9928	-79.9928	-79.9928	-79.9928	-79.9928	-79.9928	-79.9928	-79.9928	-79.9928	-79.9928	-79.9928	-79.9928	-79.9928	-79.9928	-79.9928	-79.9928	-79.9928	-79.9928	-79.9928	-79.9928	-79.9928	-79.9928	-79.9928	-79.9929
0.035	-79.9984	-79.9926	-79.9922	-79.9921	-79.9921	-79.9921	-79.9921	-79.9921	-79.9921	-79.9921	-79.9921	-79.9921	-79.9921	-79.9921	-79.9921	-79.9921	-79.9921	-79.9921	-79.9921	-79.9921	-79.9921	-79.9921	-79.9921	-79.9921	-79.9921	-79.9921	-79.9921	-79.9921	-79.9921	-79.9921	-79.9921	-79.9921	-79.9921	-79.9921	-79.9922	-79.9923
0.04	-79.9984	-79.9922	-79.9916	-79.9916	-79.9916	-79.9916	-79.9916	-79.9916	-79.9916	-79.9916	-79.9916	-79.9916	-79.9916	-79.9916	-79.9916	-79.9916	-79.9916	-79.9916	-79.9916	-79.9916	-79.9916	-79.9916	-79.9916	-79.9916	-79.9916	-79.9916	-79.9916	-79.9916	-79.9916	-79.9916	-79.9916	-79.9916	-79.9916	-79.9916	-79.9916	-79.9917
0.045	-79.9984	-79.9917	-79.9911	-79.991	-79.991	-79.991	-79.991	-79.991	-79.991	-79.991	-79.991	-79.991	-79.991	-79.991	-79.991	-79.991	-79.991	-79.991	-79.991	-79.991	-79.991	-79.991	-79.991	-79.991	-79.991	-79.991	-79.991	-79.991	-79.991	-79.991	-79.991	-79.991	-79.991	-79.991	-79.9911	-79.9912
0.05	-79.9984	-79.9913	-79.9906	-79.9906	-79.9906	-79.9906	-79.9906	-79.9906	-79.9906	-79.9906	-79.9906	-79.9906	-79.9906	-79.9906	-79.9906	-79.9906	-79.9906	-79.9906	-79.9906	-79.9906	-79.9906	-79.9906	-79.9906	-79.9906	-79.9906	-79.9906	-79.9906	-79.9906	-79.9906	-79.9906	-79.9906	-79.9906	-79.9906	-79.9906	-79.9906	-79.9907
0.055	-79.9984	-79.991	-79.9902	-79.9901	-79.9901	-79.9901	-79.9901	-79.9901	-79.9901	-79.9901	-79.9901	-79.9901	-79.9901	-79.9901	-79.9901	-79.9901	-79.9901	-79.9901	-79.9901	-79.9901	-79.9901	-79.9901	-79.9901	-79.9901	-79.9901	-79.9901	-79.9901	-79.9901	-79.9901	-79.9901	-79.9901	-79.9901	-79.9901	-79.9901	-79.9901	-79.9903
0.06	-79.9984	-79.9906	-79.9898	-79.9897	-79.9897	-79.9897	-79.9897	-79.9897	-79.9897	-79.9897	-79.9897	-79.9897	-79.9897	-79.9897	-79.9897	-79.9897	-79.9897	-79.9897	-79.9897	-79.9897	-79.9897	-79.9897	-79.9897	-79.9897	-79.9897	-79.9897	-79.9897	-79.9897	-79.9897	-79.9897	-79.9897	-79.9897	-79.9897	-79.9897	-79.9897	-79.9899
0.065	-79.9984	-79.9903	-79.9894	-79.9893	-79.9893	-79.9893	-79.9893	-79.9893	-79.9893	-79.9893	-79.9893	-79.9893	-79.9893	-79.9893	-79.9893	-79.9893	-79.9893	-79.9893	-79.9893	-79.9893	-79.9893	-79.9893	-79.9893	-79.9893	-79.9893	-79.9893	-79.9893	-79.9893	-79.9893	-79.9893	-79.9893	-79.9893	-79.9893	-79.9893	-79.9893	-79.9895
0.07	-79.9984	-79.9901	-79.9891	-79.989	-79.9889	-79.9889	-79.9889	-79.9889	-79.9889	-79.9889	-79.9889	-79.9889	-79.9889	-79.9889	-79.9889	-79.9889	-79.9889	-79.9889	-79.9889	-79.9889	-79.9889	-79.9889	-79.9889	-79.9889	-79.9889	-79.9889	-79.9889	-79.9889	-79.9889	-79.9889	-79.9889	-79.9889	-79.9889	-79.9889	-79.989	-79.9891
0.075	-79.9984	-79.9898	-79.9887	-79.9886	-79.9886	-79.9886	-79.9886	-79.9886	-79.9886	-79.9886	-79.9886	-79.9886	-79.9886	-79.9886	-79.9886	-79.9886	-79.9886	-79.9886	-79.9886	-79.9886	-79.9886	-79.9886	-79.9886	-79.9886	-79.9886	-79.9886	-79.9886	-79.9886	-79.9886	-79.9886	-79.9886	-79.9886	-79.9886	-79.9886	-79.9886	-79.9888
0.08	-79.9984	-79.9895	-79.9884	-79.9883	-79.9883	-79.9883	-79.9883	-79.9883	-79.9883	-79.9883	-79.9883	-79.9883	-79.9883	-79.9883	-79.9883	-79.9883	-79.9883	-79.9883	-79.9883	-79.9883	-79.9883	-79.9883	-79.9883	-79.9883	-79.9883	-79.9883	-79.9883	-79.9883	-79.9883	-79.9883	-79.9883	-79.9883	-79.9883	-79.9883	-79.9883	-79.9885
0.085	-79.9984	-79.9893	-79.9881	-79.9879	-79.9879	-79.9879	-79.9879	-79.9879	-79.9879	-79.9879	-79.9879	-79.9879	-79.9879	-79.9879	-79.9879	-79.9879	-79.9879	-79.9879	-79.9879	-79.9879	-79.9879	-79.9879	-79.9879	-79.9879	-79.9879	-79.9879	-79.9879	-79.9879	-79.9879	-79.9879	-79.9879	-79.9879	-79.9879	-79.9879	-79.988	-79.9881
0.09	-79.9984	-79.989	-79.9878	-79.9876	-79.9876	-79.9876	-79.9876	-79.9876	-79.9876	-79.9876	-79.9876	-79.9876	-79.9876	-79.9876	-79.9876	-79.9876	-79.9876	-79.9876	-79.9876	-79.9876	-79.9876	-79.9876	-79.9876	-79.9876	-79.9876	-79.9876	-79.9876	-79.9876	-79.9876	-79.9876	-79.9876	-79.9876	-79.9876	-79.9876	-79.9877	-79.9878
0.095	-79.9984	-79.9888	-79.9875	-79.9873	-79.9873	-79.9873	-79.9873	-79.9873	-79.9873	-79.9873	-79.9873	-79.9873	-79.9873	-79.9873	-79.9873	-79.9873	-79.9873	-79.9873	-79.9873	-79.9873	-79.9873	-79.9873	-79.9873	-79.9873	-79.9873	-79.9873	-79.9873	-79.9873	-79.9873	-79.9873	-79.9873	-79.9873	-79.9873	-79.9873	-79.9874	-79.9875
0.1	-79.9984	-79.9886	-79.9872	-79.9871	-79.987	-79.987	-79.987	-79.987	-79.987	-79.987	-79.987	-79.987	-79.987	-79.987	-79.987	-79.987	-79.987	-79.987	-79.987	-79.987	-79.987	-79.987	-79.987	-79.987	-79.987	-79.987	-79.987	-79.987	-79.987	-79.987	-79.987	-79.987	-79.987	-79.987	-79.9871	-79.9873
0.105	-79.9984	-79.9884	-79.987	-79.9868	-79.9868	-79.9868	-79.9868	-79.9868	-79.9868	-79.9868	-79.9868	-79.9868	-79.9868	-79.9868	-79.9868	-79.9868	-79.9868	-79.9868	-79.9868	-79.9868	-79.9868	-79.9868	-79.9868	-79.9868	-79.9868	-79.9868	-79.9868	-79.9868	-79.9868	-79.9868	-79.9868	-79.9868	-79.9868	-79.9868	-79.9868	-79.987
0.11	-79.9984	-79.9882	-79.9867	-79.9865	-79.9865	-79.9865	-79.9865	-79.9865	-79.9865	-79.9865	-79.9865	-79.9865	-79.9865	-79.9865	-79.9865	-79.9865	-79.9865	-79.9865	-79.9865	-79.9865	-79.9865	-79.9865	-79.9865	-79.9865	-79.9865	-79.9865	-79.9865	-79.9865	-79.9865	-79.9865	-79.9865	-79.9865	-79.9865	-79.9865	-79.9865	-79.9867
0.115	-79.9984	-79.988	-79.9865	-79.9863	-79.9862	-79.9862	-79.9862	-79.9862	-79.9862	-79.9862	-79.9862	-79.9862	-79.9862	-79.9862	-79.9862	-79.9862	-79.9862	-79.9862	-79.9862	-79.9862	-79.9862	-79.9862	-79.9862	-79.9862	-79.9862	-79.9862	-79.9862	-79.9862	-79.9862	-79.9862	-79.9862	-79.9862	-79.9862	-79.9862	-79.9863	-79.9865
0.12	-79.9984	-79.9878	-79.9862	-79.986	-79.986	-79.986	-79.986	-79.986	-79.986	-79.986	-79.986	-79.986	-79.986	-79.986	-79.986	-79.986	-79.986	-79.986	-79.986	-79.986	-79.986	-79.986	-79.986	-79.986	-79.986	-79.986	-79.986	-79.986	-79.986	-79.986	-79.986	-79.986	-79.986	-79.986	-79.986	-79.9862
0.125	-79.9984	-79.9876	-79.986	-79.9857	-79.9857	-79.9857	-79.9857	-79.9857	-79.9857	-79.9857	-79.9857	-79.9857	-79.9857	-79.9857	-79.9857	-79.9857	-79.9857	-79.9857	-79.9857	-79.9857	-79.9857	-79.9857	-79.9857	-79.9857	-79.9857	-79.9857	-79.9857	-79.9857	-79.9857	-79.9857	-79.9857	-79.9857	-79.9857	-79.9857	-79.9857	-79.9859
0.13	-79.9984	-79.9874	-79.9857	-79.9855	-79.9855	-79.9855	-79.9855	-79.9855	-79.9855	-79.9855	-79.9855	-79.9855	-79.9855	-79.9855	-79.9855	-79.9855	-79.9855	-79.9855	-79.9855	-79.9855	-79.9855	-79.9855	-79.9855	-79.9855	-79.9855	-79.9855	-79.9855	-79.9855	-79.9855	-79.9855	-79.9855	-79.9855	-79.9855	-79.9855	-79.9855	-79.9857
0.135	-79.9984	-79.9872	-79.9855	-79.9853	-79.9852	-79.9852	-79.9852	-79.9852	-79.9852	-79.9852	-79.9852	-79.9852	-79.9852	-79.9852	-79.9852	-79.9852	-79.9852	-79.9852	-79.9852	-79.9852	-79.9852	-79.9852	-79.9852	-79.9852	-79.9852	-79.9852	-79.9852	-79.9852	-79.9852	-79.9852	-79.9852	-79.9852	-79.9852	-79.9852	-79.9853	-79.9855
0.14	-79.9984	-79.9871	-79.9853	-79.985	-79.985	-79.985	-79.985	-79.985	-79.985	-79.985	-79.985	-79.985	-79.985	-79.985	-79.985	-79.985	-79.985	-79.985	-79.985	-79.985	-79.985	-79.985	-79.985	-79.985	-79.985	-79.985	-79.985	-79.985	-79.985	-79.985	-79.985	-79.985	-79.985	-79.985	-79.985	-79.9852
0.145	-79.9984	-79.9869	-79.9851	-79.9848	-79.9848	-79.9848	-79.9848	-79.9848	-79.9848	-79.9848	-79.9848	-79.9848	-79.9848	-79.9848	-79.9848	-79.9848	-79.9848	-79.9848	-79.9848	-79.9848	-79.9848	-79.9848	-79.9848	-79.9848	-79.9848	-79.9848	-79.9848	-79.9848	-79.9848	-79.9848	-79.9848	-79.9848	-79.9848	-79.9848	-79.9848	-79.985
0.15	-79.9984	-79.9867	-79.9849	-79.9846	-79.9846	-79.9845	-79.9845	-79.9845	-79.9845	-79.9845	-79.9845	-79.9845	-79.9845	-79.9845	-79.9845	-79.9845	-79.9845	-79.9845	-79.9845	-79.9845	-79.9845	-79.9845	-79.9845	-79.9845	-79.9845	-79.9845	-79.9845	-79.9845	-79.9845	-79.9845	-79.9845	-79.9845	-79.9845	-79.9846	-79.9846	-79.9848
0.155	-79.9984	-79.9866	-79.9846	-79.9844	-79.9843	-79.9843	-79.9843	-79.9843	-79.9843	-79.9843	-79.9843	-79.9843	-79.9843	-79.9843	-79.9843	-79.9843	-79.9843	-79.9843	-79.9843	-79.9843	-79.9843	-79.9843	-79.9843	-79.9843	-79.9843	-79.9843	-79.9843	-79.9843	-79.9843	-79.9843	-79.9843	-79.9843	-79.9843	-79.9843	-79.9844	-79.9846
0.16	-79.9984	-79.9864	-79.9845	-79.9842	-79.9841	-79.9841	-79.9841	-79.9841	-79.9841	-79.9841	-79.9841	-79.9841	-79.9841	-79.9841	-79.9841	-79.9841	-79.9841	-79.9841	-79.9841	-79.9841	-79.9841	-79.9841	-79.9841	-79.9841	-79.9841	-79.9841	-79.9841	-79.9841	-79.9841	-79.9841	-79.9841	-79.9841	-79.9841	-79.9841	-79.9841	-79.9844
0.165	-79.9984	-79.9863	-79.9842	-79.9839	-79.9839	-79.9839	-79.9839	-79.9839	-79.9839	-79.9839	-79.9839	-79.9839	-79.9839	-79.9839	-79.9839	-79.9839	-79.9839	-79.9839	-79.9839	-79.9839	-79.9839	-79.9839	-79.9839	-79.9839	-79.9839	-79.9839	-79.9839	-79.9839	-79.9839	-79.9839	-79.9839	-79.9839	-79.9839	-79.9839	-79.9839	-79.9842
0.17	-79.9984	-79.9861	-79.9841	-79.9837	-79.9837	-79.9837	-79.9837	-79.9837	-79.9837	-79.9837	-79.9837	-79.9837	-79.9837	-79.9837	-79.9837	-79.9837	-79.9837	-79.9837	-79.9837	-79.9837	-79.9837	-79.9837	-79.9837	-79.9837	-79.9837	-79.9837	-79.9837	-79.9837	-79.9837	-79.9837	-79.9837	-79.9837	-79.9837	-79.9837	-79.9837	-79.9839
0.175	-79.9984	-79.986	-79.9839	-79.9835	-79.9835	-79.9835	-79.9835	-79.9835	-79.9835	-79.9835	-79.9835	-79.9835	-79.9835	-79.9835	-79.9835	-79.9835	-79.9835	-79.9835	-79.9835	-79.9835	-79.9835	-79.9835	-79.9835	-79.9835	-79.9835	-79.9835	-79.9835	-79.9835	-79.9835	-79.9835	-79.9835	-79.9835	-79.9835	-79.9835	-79.9835	-79.9837
0.18	-79.9984	-79.9858	-79.9837	-79.9833	-79.9833	-79.9833	-79.9833	-79.9833	-79.9833	-79.9833	-79.9833	-79.9833	-79.9833	-79.9833	-79.9833	-79.9833	-79.9833	-79.9833	-79.9833	-79.9833	-79.9833	-79.9833	-79.9833	-79.9833	-79.9833	-79.9833	-79.9833	-79.9833	-79.9833	-79.9833	-79.9833	-79.9833	-79.9833	-79.9833	-79.9833	-79.9836
0.185	-79.9984	-79.9857	-79.9835	-79.9831	-79.9831	-79.9831	-79.9831	-79.9831	-79.9831	-79.9831	-79.9831	-79.9831	-79.9831	-79.9831	-79.9831	-79.9831	-79.9831	-79.9831	-79.9831	-79.9831	-79.9831	-79.9831	-79.9831	-79.9831	-79.9831	-79.9831	-79.9831	-79.9831	-79.9831	-79.9831	-79.9831	-79.9831	-79.9831	-79.9831	-79.9831	-79.9834
0.19	-79.9984	-79.9855	-79.9833	-79.9829	-79.9829	-79.9829	-79.9829	-79.9829	-79.9829	-79.9829	-79.9829	-79.9829	-79.9829	-79.9829	-79.9829	-79.9829	-79.9829	-79.9829	-79.9829	-79.9829	-79.9829	-79.9829	-79.9829	-79.9829	-79.9829	-79.9829	-79.9829	-79.9829	-79.9829	-79.9829	-79.9829	-79.9829	-79.9829	-79.9829	-79.9829	-79.9832
0.195	-79.9984	-79.9854	-79.9831	-79.9827	-79.9827	-79.9827	-79.9827	-79.9827	-79.9827	-79.9827	-79.9827	-79.9827	-79.9827	-79.9827	-79.9827	-79.9827	-79.9827	-79.9827	-79.9827	-79.9827	-79.9827	-79.9827	-79.9827	-79.9827	-79.9827	-79.9827	-79.9827	-79.9827	-79.9827	-79.9827	-79.9827	-79.9827	-79.9827	-79.9827	-79.9827	-79.983
0.2	-79.9984	-79.9853	-79.9829	-79.9826	-79.9825	-79.9825	-79.9825	-79.9825	-79.9825	-79.9825	-79.9825	-79.9825	-79.9825	-79.9825	-79.9825	-79.9825	-79.9825	-79.9825	-79.9825	-79.9825	-79.9825	-79.9825	-79.9825	-79.9825	-79.9825	-79.9825	-79.9825	-79.9825	-79.9825	-79.9825	-79.9825	-79.9825	-79.9825	-79.9825	-79.9826	-79.9828
0.205	-79.9984	-79.9852	-79.9828	-79.9824	-79.9823	-79.9823	-79.9823	-79.9823	-79.9823	-79.9823	-79.9823	-79.9823	-79.9823	-79.9823	-79.9823	-79.9823	-79.9823	-79.9823	-79.9823	-79.9823	-79.9823	-79.9823	-79.9823	-79.9823	-79.9823	-79.9823	-79.9823	-79.9823	-79.9823	-79.9823	-79.9823	-79.9823	-79.9823	-79.9823	-79.9824	-79.9826
0.21	-79.9984	-79.985	-79.9826	-79.9822	-79.9821	-79.9821	-79.9821	-79.9821	-79.9821	-79.9821	-79.9821	-79.9821	-79.9821	-79.9821	-79.9821	-79.9821	-79.9821	-79.9821	-79.9821	-79.9821	-79.9821	-79.9821	-79.9821	-79.9821	-79.9821	-79.9821	-79.9821	-79.9821	-79.9821	-79.9821	-79.9821	-79.9821	-79.9821	-79.9821	-79.9822	-79.9824
0.215	-79.9984	-79.9849	-79.9824	-79.982	-79.982	-79.9819	-79.9819	-79.9819	-79.9819	-79.9819	-79.9819	-79.9819	-79.9819	-79.9819	-79.9819	-79.9819	-79.9819	-79.9819	-79.9819	-79.9819	-79.9819	-79.9819	-79.9819	-79.9819	-79.9819	-79.9819	-79.9819	-79.9819	-79.9819	-79.9819	-79.9819	-79.9819	-79.9819	-79.982	-79.982	-79.9822
0.22	-79.9984	-79.9848	-79.9823	-79.9818	-79.9818	-79.9818	-79.9818	-79.9818	-79.9818	-79.9818	-79.9818	-79.9818	-79.9818	-79.9818	-79.9818	-79.9818	-79.9818	-79.9818	-79.9818	-79.9818	-79.9818	-79.9818	-79.9818	-79.9818	-79.9818	-79.9818	-79.9818	-79.9818	-79.9818	-79.9818	-79.9818	-79.9818	-79.9818	-79.9818	-79.9818	-79.9821
0.225	-79.9984	-79.9846	-79.9821	-79.9817	-79.9816	-79.9816	-79.9816	-79.9816	-79.9816	-79.9816	-79.9816	-79.9816	-79.9816	-79.9816	-79.9816	-79.9816	-79.9816	-79.9816	-79.9816	-79.9816	-79.9816	-79.9816	-79.9816	-79.9816	-79.9816	-79.9816	-79.9816	-79.9816	-79.9816	-79.9816	-79.9816	-79.9816	-79.9816	-79.9816	-79.9816	-79.9819
0.23	-79.9984	-79.9845	-79.9819	-79.9815	-79.9814	-79.9814	-79.9814	-79.9814	-79.9814	-79.9814	-79.9814	-79.9814	-79.9814	-79.9814	-79.9814	-79.9814	-79.9814	-79.9814	-79.9814	-79.9814	-79.9814	-79.9814	-79.9814	-79.9814	-79.9814	-79.9814	-79.9814	-79.9814	-79.9814	-79.9814	-79.9814	-79.9814	-79.9814	-79.9814	-79.9815	-79.9817
0.235	-79.9984	-79.9844	-79.9818	-79.9813	-79.9813	-79.9812	-79.9812	-79.9812	-79.9812	-79.9812	-79.9812	-79.9812	-79.9812	-79.9812	-79.9812	-79.9812	-79.9812	-79.9812	-79.9812	-79.9812	-79.9812	-79.9812	-79.9812	-79.9812	-79.9812	-79.9812	-79.9812	-79.9812	-79.9812	-79.9812	-79.9812	-79.9812	-79.9812	-79.9813	-79.9813	-79.9816
0.24	-79.9984	-79.9843	-79.9816	-79.9812	-79.9811	-79.9811	-79.9811	-79.9811	-79.9811	-79.9811	-79.9811	-79.9811	-79.9811	-79.9811	-79.9811	-79.9811	-79.9811	-79.9811	-79.9811	-79.9811	-79.9811	-79.9811	-79.9811	-79.9811	-79.9811	-79.9811	-79.9811	-79.9811	-79.9811	-79.9811	-79.9811	-79.9811	-79.9811	-79.9811	-79.9811	-79.9814
0.245	-79.9984	-79.9842	-79.9815	-79.981	-79.9809	-79.9809	-79.9809	-79.9809	-79.9809	-79.9809	-79.9809	-79.9809	-79.9809	-79.9809	-79.9809	-79.9809	-79.9809	-79.9809	-79.9809	-79.9809	-79.9809	-79.9809	-79.9809	-79.9809	-79.9809	-79.9809	-79.9809	-79.9809	-79.9809	-79.9809	-79.9809	-79.9809	-79.9809	-79.9809	-79.981	-79.9812
0.25	-79.9984	-79.9841	-79.9813	-79.9808	-79.9808	-79.9807	-79.9807	-79.9807	-79.9807	-79.9807	-79.9807	-79.9807	-79.9807	-79.9807	-79.9807	-79.9807	-79.9807	-79.9807	-79.9807	-79.9807	-79.9807	-79.9807	-79.9807	-79.9807	-79.9807	-79.9807	-79.9807	-79.9807	-79.9807	-79.9807	-79.9807	-79.9807	-79.9807	-79.9808	-79.9808	-79.9811
0.255	-79.9984	-79.9839	-79.9812	-79.9807	-79.9806	-79.9806	-79.9806	-79.9806	-79.9806	-79.9806	-79.9806	-79.9806	-79.9806	-79.9806	-79.9806	-79.9806	-79.9806	-79.9806	-79.9806	-79.9806	-79.9806	-79.9806	-79.9806	-79.9806	-79.9806	-79.9806	-79.9806	-79.9806	-79.9806	-79.9806	-79.9806	-79.9806	-79.9806	-79.9806	-79.9806	-79.9809
0.26	-79.9984	-79.9838	-79.981	-79.9805	-79.9804	-79.9804	-79.9804	-79.9804	-79.9804	-79.9804	-79.9804	-79.9804	-79.9804	-79.9804	-79.9804	-79.9804	-79.9804	-79.9804	-79.9804	-79.9804	-79.9804	-79.9804	-79.9804	-79.9804	-79.9804	-79.9804	-79.9804	-79.9804	-79.9804	-79.9804	-79.9804	-79.9804	-79.9804	-79.9804	-79.9805	-79.9807
0.265	-79.9984	-79.9837	-79.9809	-79.9803	-79.9803	-79.9802	-79.9802	-79.9802	-79.9802	-79.9802	-79.9802	-79.9802	-79.9802	-79.9802	-79.9802	-79.9802	-79.9802	-79.9802	-79.9802	-79.9802	-79.9802	-79.9802	-79.9802	-79.9802	-79.9802	-79.9802	-79.9802	-79.9802	-79.9802	-79.9802	-79.9802	-79.9802	-79.9802	-79.9803	-79.9803	-79.9806
0.27	-79.9984	-79.9836	-79.9807	-79.9802	-79.9801	-79.9801	-79.9801	-79.9801	-79.9801	-79.9801	-79.9801	-79.9801	-79.9801	-79.9801	-79.9801	-79.9801	-79.9801	-79.9801	-79.9801	-79.9801	-79.9801	-79.9801	-79.9801	-79.9801	-79.9801	-79.9801	-79.9801	-79.9801	-79.9801	-79.9801	-79.9801	-79.9801	-79.9801	-79.9801	-79.9802	-79.9804
0.275	-79.9984	-79.9835	-79.9806	-79.98	-79.9799	-79.9799	-79.9799	-79.9799	-79.9799	-79.9799	-79.9799	-79.9799	-79.9799	-79.9799	-79.9799	-79.9799	-79.9799	-79.9799	-79.9799	-79.9799	-79.9799	-79.9799	-79.9799	-79.9799	-79.9799	-79.9799	-79.9799	-79.9799	-79.9799	-79.9799	-79.9799	-79.9799	-79.9799	-79.9799	-79.98	-79.9803
0.28	-79.9984	-79.9834	-79.9804	-79.9799	-79.9798	-79.9798	-79.9798	-79.9798	-79.9798	-79.9798	-79.9798	-79.9798	-79.9798	-79.9798	-79.9798	-79.9798	-79.9798	-79.9798	-79.9798	-79.9798	-79.9798	-79.9798	-79.9798	-79.9798	-79.9798	-79.9798	-79.9798	-79.9798	-79.9798	-79.9798	-79.9798	-79.9798	-79.9798	-79.9798	-79.9798	-79.9801
0.285	-79.9984	-79.9833	-79.9803	-79.9797	-79.9796	-79.9796	-79.9796	-79.9796	-79.9796	-79.9796	-79.9796	-79.9796	-79.9796	-79.9796	-79.9796	-79.9796	-79.9796	-79.9796	-79.9796	-79.9796	-79.9796	-79.9796	-79.9796	-79.9796	-79.9796	-79.9796	-79.9796	-79.9796	-79.9796	-79.9796	-79.9796	-79.9796	-79.9796	-79.9796	-79.9797	-79.98
0.29	-79.9984	-79.9832	-79.9801	-79.9796	-79.9795	-79.9795	-79.9795	-79.9795	-79.9795	-79.9795	-79.9795	-79.9795	-79.9795	-79.9795	-79.9795	-79.9795	-79.9795	-79.9795	-79.9795	-79.9795	-79.9795	-79.9795	-79.9795	-79.9795	-79.9795	-79.9795	-79.9795	-79.9795	-79.9795	-79.9795	-79.9795	-79.9795	-79.9795	-79.9795	-79.9795	-79.9798
0.295	-79.9984	-79.9831	-79.98	-79.9794	-79.9793	-79.9793	-79.9793	-79.9793	-79.9793	-79.9793	-79.9793	-79.9793	-79.9793	-79.9793	-79.9793	-79.9793	-79.9793	-79.9793	-79.9793	-79.9793	-79.9793	-79.9793	-79.9793	-79.9793	-79.9793	-79.9793	-79.9793	-79.9793	-79.9793	-79.9793	-79.9793	-79.9793	-79.9793	-79.9793	-79.9794	-79.9797
0.3	-79.9984	-79.983	-79.9799	-79.9793	-79.9792	-79.9792	-79.9792	-79.9792	-79.9792	-79.9792	-79.9792	-79.9792	-79.9792	-79.9792	-79.9792	-79.9792	-79.9792	-79.9792	-79.9792	-79.9792	-79.9792	-79.9792	-79.9792	-79.9792	-79.9792	-79.9792	-79.9792	-79.9792	-79.9792	-79.9792	-79.9792	-79.9792	-79.9792	-79.9792	-79.9792	-79.9795
0.305	-79.9984	-79.9829	-79.9797	-79.9791	-79.979	-79.979	-79.979	-79.979	-79.979	-79.979	-79.979	-79.979	-79.979	-79.979	-79.979	-79.979	-79.979	-79.979	-79.979	-79.979	-79.979	-79.979	-79.979	-79.979	-79.979	-79.979	-79.979	-79.979	-79.979	-79.979	-79.979	-79.979	-79.979	-79.979	-79.9791	-79.9794
0.31	-79.9984	-79.9828	-79.9796	-79.979	-79.9789	-79.9789	-79.9789	-79.9789	-79.9789	-79.9789	-79.9789	-79.9789	-79.9789	-79.9789	-79.9789	-79.9789	-79.9789	-79.9789	-79.9789	-79.9789	-79.9789	-79.9789	-79.9789	-79.9789	-79.9789	-79.9789	-79.9789	-79.9789	-79.9789	-79.9789	-79.9789	-79.9789	-79.9789	-79.9789	-79.9789	-79.9792
0.315	-79.9984	-79.9827	-79.9795	-79.9789	-79.9787	-79.9787	-79.9787	-79.9787	-79.9787	-79.9787	-79.9787	-79.9787	-79.9787	-79.9787	-79.9787	-79.9787	-79.9787	-79.9787	-79.9787	-79.9787	-79.9787	-79.9787	-79.9787	-79.9787	-79.9787	-79.9787	-79.9787	-79.9787	-79.9787	-79.9787	-79.9787	-79.9787	-79.9787	-79.9787	-79.9788	-79.9791
0.32	-79.9984	-79.9826	-79.9793	-79.9787	-79.9786	-79.9786	-79.9786	-79.9786	-79.9786	-79.9786	-79.9786	-79.9786	-79.9786	-79.9786	-79.9786	-79.9786	-79.9786	-79.9786	-79.9786	-79.9786	-79.9786	-79.9786	-79.9786	-79.9786	-79.9786	-79.9786	-79.9786	-79.9786	-79.9786	-79.9786	-79.9786	-79.9786	-79.9786	-79.9786	-79.9787	-79.979
0.325	-79.9984	-79.9825	-79.9792	-79.9786	-79.9785	-79.9784	-79.9784	-79.9784	-79.9784	-79.9784	-79.9784	-79.9784	-79.9784	-79.9784	-79.9784	-79.9784	-79.9784	-79.9784	-79.9784	-79.9784	-79.9784	-79.9784	-79.9784	-79.9784	-79.9784	-79.9784	-79.9784	-79.9784	-79.9784	-79.9784	-79.9784	-79.9784	-79.9784	-79.9785	-79.9785	-79.9788
0.33	-79.9984	-79.9824	-79.9791	-79.9784	-79.9783	-79.9783	-79.9783	-79.9783	-79.9783	-79.9783	-79.9783	-79.9783	-79.9783	-79.9783	-79.9783	-79.9783	-79.9783	-79.9783	-79.9783	-79.9783	-79.9783	-79.9783	-79.9783	-79.9783	-79.9783	-79.9783	-79.9783	-79.9783	-79.9783	-79.9783	-79.9783	-79.9783	-79.9783	-79.9783	-79.9784	-79.9787
0.335	-79.9984	-79.9823	-79.979	-79.9783	-79.9782	-79.9782	-79.9782	-79.9782	-79.9782	-79.9782	-79.9782	-79.9782	-79.9782	-79.9782	-79.9782	-79.9782	-79.9782	-79.9782	-79.9782	-79.9782	-79.9782	-79.9782	-79.9782	-79.9782	-79.9782	-79.9782	-79.9782	-79.9782	-79.9782	-79.9782	-79.9782	-79.9782	-79.9782	-79.9782	-79.9782	-79.9785
0.34	-79.9984	-79.9822	-79.9788	-79.9782	-79.978	-79.978	-79.978	-79.978	-79.978	-79.978	-79.978	-79.978	-79.978	-79.978	-79.978	-79.978	-79.978	-79.978	-79.978	-79.978	-79.978	-79.978	-79.978	-79.978	-79.978	-79.978	-79.978	-79.978	-79.978	-79.978	-79.978	-79.978	-79.978	-79.978	-79.9781	-79.9784
0.345	-79.9984	-79.9821	-79.9787	-79.978	-79.9779	-79.9779	-79.9779	-79.9779	-79.9779	-79.9779	-79.9779	-79.9779	-79.9779	-79.9779	-79.9779	-79.9779	-79.9779	-79.9779	-79.9779	-79.9779	-79.9779	-79.9779	-79.9779	-79.9779	-79.9779	-79.9779	-79.9779	-79.9779	-79.9779	-79.9779	-79.9779	-79.9779	-79.9779	-79.9779	-79.978	-79.9783
0.35	-79.9984	-79.982	-79.9786	-79.9779	-79.9778	-79.9777	-79.9777	-79.9777	-79.9777	-79.9777	-79.9777	-79.9777	-79.9777	-79.9777	-79.9777	-79.9777	-79.9777	-79.9777	-79.9777	-79.9777	-79.9777	-79.9777	-79.9777	-79.9777	-79.9777	-79.9777	-79.9777	-79.9777	-79.9777	-79.9777	-79.9777	-79.9777	-79.9777	-79.9778	-79.9778	-79.9781
0.355	-79.9984	-79.982	-79.9785	-79.9778	-79.9776	-79.9776	-79.9776	-79.9776	-79.9776	-79.9776	-79.9776	-79.9776	-79.9776	-79.9776	-79.9776	-79.9776	-79.9776	-79.9776	-79.9776	-79.9776	-79.9776	-79.9776	-79.9776	-79.9776	-79.9776	-79.9776	-79.9776	-79.9776	-79.9776	-79.9776	-79.9776	-79.9776	-79.9776	-79.9776	-79.9777	-79.978
0.36	-79.9984	-79.9819	-79.9783	-79.9776	-79.9775	-79.9775	-79.9775	-79.9775	-79.9775	-79.9775	-79.9775	-79.9775	-79.9775	-79.9775	-79.9775	-79.9775	-79.9775	-79.9775	-79.9775	-79.9775	-79.9775	-79.9775	-79.9775	-79.9775	-79.9775	-79.9775	-79.9775	-79.9775	-79.9775	-79.9775	-79.9775	-79.9775	-79.9775	-79.9775	-79.9776	-79.9779
0.365	-79.9984	-79.9818	-79.9782	-79.9775	-79.9774	-79.9773	-79.9773	-79.9773	-79.9773	-79.9773	-79.9773	-79.9773	-79.9773	-79.9773	-79.9773	-79.9773	-79.9773	-79.9773	-79.9773	-79.9773	-79.9773	-79.9773	-79.9773	-79.9773	-79.9773	-79.9773	-79.9773	-79.9773	-79.9773	-79.9773	-79.9773	-79.9773	-79.9773	-79.9773	-79.9774	-79.9777
0.37	-79.9984	-79.9817	-79.9781	-79.9774	-79.9772	-79.9772	-79.9772	-79.9772	-79.9772	-79.9772	-79.9772	-79.9772	-79.9772	-79.9772	-79.9772	-79.9772	-79.9772	-79.9772	-79.9772	-79.9772	-79.9772	-79.9772	-79.9772	-79.9772	-79.9772	-79.9772	-79.9772	-79.9772	-79.9772	-79.9772	-79.9772	-79.9772	-79.9772	-79.9772	-79.9773	-79.9776
0.375	-79.9984	-79.9816	-79.978	-79.9772	-79.9771	-79.9771	-79.9771	-79.9771	-79.9771	-79.9771	-79.9771	-79.9771	-79.9771	-79.9771	-79.9771	-79.9771	-79.9771	-79.9771	-79.9771	-79.9771	-79.9771	-79.9771	-79.9771	-79.9771	-79.9771	-79.9771	-79.9771	-79.9771	-79.9771	-79.9771	-79.9771	-79.9771	-79.9771	-79.9771	-79.9772	-79.9775
0.38	-79.9984	-79.9815	-79.9779	-79.9771	-79.977	-79.9769	-79.9769	-79.9769	-79.9769	-79.9769	-79.9769	-79.9769	-79.9769	-79.9769	-79.9769	-79.9769	-79.9769	-79.9769	-79.9769	-79.9769	-79.9769	-79.9769	-79.9769	-79.9769	-79.9769	-79.9769	-79.9769	-79.9769	-79.9769	-79.9769	-79.9769	-79.9769	-79.9769	-79.977	-79.977	-79.9774
0.385	-79.9984	-79.9814	-79.9777	-79.977	-79.9768	-79.9768	-79.9768	-79.9768	-79.9768	-79.9768	-79.9768	-79.9768	-79.9768	-79.9768	-79.9768	-79.9768	-79.9768	-79.9768	-79.9768	-79.9768	-79.9768	-79.9768	-79.9768	-79.9768	-79.9768	-79.9768	-79.9768	-79.9768	-79.9768	-79.9768	-79.9768	-79.9768	-79.9768	-79.9768	-79.9769	-79.9772
0.39	-79.9984	-79.9814	-79.9776	-79.9769	-79.9767	-79.9767	-79.9767	-79.9767	-79.9767	-79.9767	-79.9767	-79.9767	-79.9767	-79.9767	-79.9767	-79.9767	-79.9767	-79.9767	-79.9767	-79.9767	-79.9767	-79.9767	-79.9767	-79.9767	-79.9767	-79.9767	-79.9767	-79.9767	-79.9767	-79.9767	-79.9767	-79.9767	-79.9767	-79.9767	-79.9768	-79.9771
0.395	-79.9984	-79.9813	-79.9775	-79.9767	-79.9766	-79.9766	-79.9766	-79.9765	-79.9765	-79.9765	-79.9765	-79.9765	-79.9765	-79.9765	-79.9765	-79.9765	-79.9765	-79.9765	-79.9765	-79.9765	-79.9765	-79.9765	-79.9765	-79.9765	-79.9765	-79.9765	-79.9765	-79.9765	-79.9765	-79.9765	-79.9765	-79.9766	-79.9766	-79.9766	-79.9766	-79.977
0.4	-79.9984	-79.9812	-79.9774	-79.9766	-79.9765	-79.9764	-79.9764	-79.9764	-79.9764	-79.9764	-79.9764	-79.9764	-79.9764	-79.9764	-79.9764	-79.9764	-79.9764	-79.9764	-79.9764	-79.9764	-79.9764	-79.9764	-79.9764	-79.9764	-79.9764	-79.9764	-79.9764	-79.9764	-79.9764	-79.9764	-79.9764	-79.9764	-79.9764	-79.9764	-79.9765	-79.9769
0.405	-79.9984	-79.9811	-79.9773	-79.9765	-79.9763	-79.9763	-79.9763	-79.9763	-79.9763	-79.9763	-79.9763	-79.9763	-79.9763	-79.9763	-79.9763	-79.9763	-79.9763	-79.9763	-79.9763	-79.9763	-79.9763	-79.9763	-79.9763	-79.9763	-79.9763	-79.9763	-79.9763	-79.9763	-79.9763	-79.9763	-79.9763	-79.9763	-79.9763	-79.9763	-79.9764	-79.9767
0.41	-79.9984	-79.981	-79.9772	-79.9764	-79.9762	-79.9762	-79.9762	-79.9762	-79.9762	-79.9762	-79.9762	-79.9762	-79.9762	-79.9762	-79.9762	-79.9762	-79.9762	-79.9762	-79.9762	-79.9762	-79.9762	-79.9762	-79.9762	-79.9762	-79.9762	-79.9762	-79.9762	-79.9762	-79.9762	-79.9762	-79.9762	-79.9762	-79.9762	-79.9762	-79.9763	-79.9766
0.415	-79.9984	-79.9809	-79.977	-79.9762	-79.9761	-79.9761	-79.976	-79.976	-79.976	-79.976	-79.976	-79.976	-79.976	-79.976	-79.976	-79.976	-79.976	-79.976	-79.976	-79.976	-79.976	-79.976	-79.976	-79.976	-79.976	-79.976	-79.976	-79.976	-79.976	-79.976	-79.976	-79.976	-79.9761	-79.9761	-79.9761	-79.9765
0.42	-79.9984	-79.9809	-79.9769	-79.9761	-79.976	-79.9759	-79.9759	-79.9759	-79.9759	-79.9759	-79.9759	-79.9759	-79.9759	-79.9759	-79.9759	-79.9759	-79.9759	-79.9759	-79.9759	-79.9759	-79.9759	-79.9759	-79.9759	-79.9759	-79.9759	-79.9759	-79.9759	-79.9759	-79.9759	-79.9759	-79.9759	-79.9759	-79.9759	-79.9759	-79.976	-79.9764
0.425	-79.9984	-79.9808	-79.9768	-79.976	-79.9758	-79.9758	-79.9758	-79.9758	-79.9758	-79.9758	-79.9758	-79.9758	-79.9758	-79.9758	-79.9758	-79.9758	-79.9758	-79.9758	-79.9758	-79.9758	-79.9758	-79.9758	-79.9758	-79.9758	-79.9758	-79.9758	-79.9758	-79.9758	-79.9758	-79.9758	-79.9758	-79.9758	-79.9758	-79.9758	-79.9759	-79.9762
0.43	-79.9984	-79.9807	-79.9767	-79.9759	-79.9757	-79.9757	-79.9757	-79.9757	-79.9757	-79.9757	-79.9757	-79.9757	-79.9757	-79.9757	-79.9757	-79.9757	-79.9757	-79.9757	-79.9757	-79.9757	-79.9757	-79.9757	-79.9757	-79.9757	-79.9757	-79.9757	-79.9757	-79.9757	-79.9757	-79.9757	-79.9757	-79.9757	-79.9757	-79.9757	-79.9758	-79.9761
0.435	-79.9984	-79.9806	-79.9766	-79.9758	-79.9756	-79.9756	-79.9756	-79.9756	-79.9756	-79.9756	-79.9756	-79.9756	-79.9756	-79.9756	-79.9756	-79.9756	-79.9756	-79.9756	-79.9756	-79.9756	-79.9756	-79.9756	-79.9756	-79.9756	-79.9756	-79.9756	-79.9756	-79.9756	-79.9756	-79.9756	-79.9756	-79.9756	-79.9756	-79.9756	-79.9757	-79.976
0.44	-79.9984	-79.9805	-79.9765	-79.9756	-79.9755	-79.9754	-79.9754	-79.9754	-79.9754	-79.9754	-79.9754	-79.9754	-79.9754	-79.9754	-79.9754	-79.9754	-79.9754	-79.9754	-79.9754	-79.9754	-79.9754	-79.9754	-79.9754	-79.9754	-79.9754	-79.9754	-79.9754	-79.9754	-79.9754	-79.9754	-79.9754	-79.9754	-79.9754	-79.9755	-79.9755	-79.9759
0.445	-79.9984	-79.9805	-79.9764	-79.9755	-79.9753	-79.9753	-79.9753	-79.9753	-79.9753	-79.9753	-79.9753	-79.9753	-79.9753	-79.9753	-79.9753	-79.9753	-79.9753	-79.9753	-79.9753	-79.9753	-79.9753	-79.9753	-79.9753	-79.9753	-79.9753	-79.9753	-79.9753	-79.9753	-79.9753	-79.9753	-79.9753	-79.9753	-79.9753	-79.9753	-79.9754	-79.9758
0.45	-79.9984	-79.9804	-79.9763	-79.9754	-79.9752	-79.9752	-79.9752	-79.9752	-79.9752	-79.9752	-79.9752	-79.9752	-79.9752	-79.9752	-79.9752	-79.9752	-79.9752	-79.9752	-79.9752	-79.9752	-79.9752	-79.9752	-79.9752	-79.9752	-79.9752	-79.9752	-79.9752	-79.9752	-79.9752	-79.9752	-79.9752	-79.9752	-79.9752	-79.9752	-79.9753	-79.9757
0.455	-79.9984	-79.9803	-79.9762	-79.9753	-79.9751	-79.9751	-79.9751	-79.9751	-79.9751	-79.9751	-79.9751	-79.9751	-79.9751	-79.9751	-79.9751	-79.9751	-79.9751	-79.9751	-79.9751	-79.9751	-79.9751	-79.9751	-79.9751	-79.9751	-79.9751	-79.9751	-79.9751	-79.9751	-79.9751	-79.9751	-79.9751	-79.9751	-79.9751	-79.9751	-79.9752	-79.9755
0.46	-79.9984	-79.9802	-79.9761	-79.9752	-79.975	-79.975	-79.975	-79.975	-79.975	-79.975	-79.975	-79.975	-79.975	-79.975	-79.975	-79.975	-79.975	-79.975	-79.975	-79.975	-79.975	-79.975	-79.975	-79.975	-79.975	-79.975	-79.975	-79.975	-79.975	-79.975	-79.975	-79.975	-79.975	-79.975	-79.9751	-79.9754
0.465	-79.9984	-79.9802	-79.976	-79.9751	-79.9749	-79.9748	-79.9748	-79.9748	-79.9748	-79.9748	-79.9748	-79.9748	-79.9748	-79.9748	-79.9748	-79.9748	-79.9748	-79.9748	-79.9748	-79.9748	-79.9748	-79.9748	-79.9748	-79.9748	-79.9748	-79.9748	-79.9748	-79.9748	-79.9748	-79.9748	-79.9748	-79.9748	-79.9748	-79.9749	-79.9749	-79.9753
0.47	-79.9984	-79.9801	-79.9759	-79.975	-79.9748	-79.9747	-79.9747	-79.9747	-79.9747	-79.9747	-79.9747	-79.9747	-79.9747	-79.9747	-79.9747	-79.9747	-79.9747	-79.9747	-79.9747	-79.9747	-79.9747	-79.9747	-79.9747	-79.9747	-79.9747	-79.9747	-79.9747	-79.9747	-79.9747	-79.9747	-79.9747	-79.9747	-79.9747	-79.9747	-79.9748	-79.9752
0.475	-79.9984	-79.98	-79.9758	-79.9748	-79.9746	-79.9746	-79.9746	-79.9746	-79.9746	-79.9746	-79.9746	-79.9746	-79.9746	-79.9746	-79.9746	-79.9746	-79.9746	-79.9746	-79.9746	-79.9746	-79.9746	-79.9746	-79.9746	-79.9746	-79.9746	-79.9746	-79.9746	-79.9746	-79.9746	-79.9746	-79.9746	-79.9746	-79.9746	-79.9746	-79.9747	-79.9751
0.48	-79.9984	-79.9799	-79.9757	-79.9747	-79.9745	-79.9745	-79.9745	-79.9745	-79.9745	-79.9745	-79.9745	-79.9745	-79.9745	-79.9745	-79.9745	-79.9745	-79.9745	-79.9745	-79.9745	-79.9745	-79.9745	-79.9745	-79.9745	-79.9745	-79.9745	-79.9745	-79.9745	-79.9745	-79.9745	-79.9745	-79.9745	-79.9745	-79.9745	-79.9745	-79.9746	-79.975
0.485	-79.9984	-79.9799	-79.9756	-79.9746	-79.9744	-79.9744	-79.9744	-79.9744	-79.9744	-79.9744	-79.9744	-79.9744	-79.9744	-79.9744	-79.9744	-79.9744	-79.9744	-79.9744	-79.9744	-79.9744	-79.9744	-79.9744	-79.9744	-79.9744	-79.9744	-79.9744	-79.9744	-79.9744	-79.9744	-79.9744	-79.9744	-79.9744	-79.9744	-79.9744	-79.9745	-79.9749
0.49	-79.9984	-79.9798	-79.9754	-79.9745	-79.9743	-79.9743	-79.9743	-79.9743	-79.9743	-79.9743	-79.9743	-79.9743	-79.9743	-79.9743	-79.9743	-79.9743	-79.9743	-79.9743	-79.9743	-79.9743	-79.9743	-79.9743	-79.9743	-79.9743	-79.9743	-79.9743	-79.9743	-79.9743	-79.9743	-79.9743	-79.9743	-79.9743	-79.9743	-79.9743	-79.9744	-79.9748
0.495	-79.9984	-79.9797	-79.9753	-79.9744	-79.9742	-79.9742	-79.9742	-79.9741	-79.9741	-79.9741	-79.9741	-79.9741	-79.9741	-79.9741	-79.9741	-79.9741	-79.9741	-79.9741	-79.9741	-79.9741	-79.9741	-79.9741	-79.9741	-79.9741	-79.9741	-79.9741	-79.9741	-79.9741	-79.9741	-79.9741	-79.9741	-79.9741	-79.9742	-79.9742	-79.9743	-79.9746
0.5	-79.9984	-79.9797	-79.9753	-79.9743	-79.9741	-79.974	-79.974	-79.974	-79.974	-79.974	-79.974	-79.974	-79.974	-79.974	-79.974	-79.974	-79.974	-79.974	-79.974	-79.974	-79.974	-79.974	-79.974	-79.974	-79.974	-79.974	-79.974	-79.974	-79.974	-79.974	-79.974	-79.974	-79.974	-79.9741	-79.9741	-79.9745
0.505	-79.9984	-79.9796	-79.9752	-79.9742	-79.974	-79.9739	-79.9739	-79.9739	-79.9739	-79.9739	-79.9739	-79.9739	-79.9739	-79.9739	-79.9739	-79.9739	-79.9739	-79.9739	-79.9739	-79.9739	-79.9739	-79.9739	-79.9739	-79.9739	-79.9739	-79.9739	-79.9739	-79.9739	-79.9739	-79.9739	-79.9739	-79.9739	-79.9739	-79.9739	-79.974	-79.9744
0.51	-79.9984	-79.9795	-79.9751	-79.9741	-79.9739	-79.9738	-79.9738	-79.9738	-79.9738	-79.9738	-79.9738	-79.9738	-79.9738	-79.9738	-79.9738	-79.9738	-79.9738	-79.9738	-79.9738	-79.9738	-79.9738	-79.9738	-79.9738	-79.9738	-79.9738	-79.9738	-79.9738	-79.9738	-79.9738	-79.9738	-79.9738	-79.9738	-79.9738	-79.9738	-79.9739	-79.9743
0.515	-79.9984	-79.9794	-79.975	-79.974	-79.9737	-79.9737	-79.9737	-79.9737	-79.9737	-79.9737	-79.9737	-79.9737	-79.9737	-79.9737	-79.9737	-79.9737	-79.9737	-79.9737	-79.9737	-79.9737	-79.9737	-79.9737	-79.9737	-79.9737	-79.9737	-79.9737	-79.9737	-79.9737	-79.9737	-79.9737	-79.9737	-79.9737	-79.9737	-79.9737	-79.9738	-79.9742
0.52	-79.9984	-79.9794	-79.9749	-79.9738	-79.9736	-79.9736	-79.9736	-79.9736	-79.9736	-79.9736	-79.9736	-79.9736	-79.9736	-79.9736	-79.9736	-79.9736	-79.9736	-79.9736	-79.9736	-79.9736	-79.9736	-79.9736	-79.9736	-79.9736	-79.9736	-79.9736	-79.9736	-79.9736	-79.9736	-79.9736	-79.9736	-79.9736	-79.9736	-79.9736	-79.9737	-79.9741
0.525	-79.9984	-79.9793	-79.9748	-79.9737	-79.9735	-79.9735	-79.9735	-79.9735	-79.9735	-79.9735	-79.9735	-79.9735	-79.9735	-79.9735	-79.9735	-79.9735	-79.9735	-79.9735	-79.9735	-79.9735	-79.9735	-79.9735	-79.9735	-79.9735	-79.9735	-79.9735	-79.9735	-79.9735	-79.9735	-79.9735	-79.9735	-79.9735	-79.9735	-79.9735	-79.9736	-79.974
0.53	-79.9984	-79.9792	-79.9747	-79.9736	-79.9734	-79.9734	-79.9734	-79.9734	-79.9734	-79.9734	-79.9734	-79.9734	-79.9734	-79.9734	-79.9734	-79.9734	-79.9734	-79.9734	-79.9734	-79.9734	-79.9734	-79.9734	-79.9734	-79.9734	-79.9734	-79.9734	-79.9734	-79.9734	-79.9734	-79.9734	-79.9734	-79.9734	-79.9734	-79.9734	-79.9735	-79.9739
0.535	-79.9984	-79.9792	-79.9746	-79.9735	-79.9733	-79.9733	-79.9733	-79.9733	-79.9733	-79.9733	-79.9733	-79.9733	-79.9733	-79.9733	-79.9733	-79.9733	-79.9733	-79.9733	-79.9733	-79.9733	-79.9733	-79.9733	-79.9733	-79.9733	-79.9733	-79.9733	-79.9733	-79.9733	-79.9733	-79.9733	-79.9733	-79.9733	-79.9733	-79.9733	-79.9734	-79.9738
0.54	-79.9984	-79.9791	-79.9745	-79.9734	-79.9732	-79.9732	-79.9732	-79.9732	-79.9732	-79.9732	-79.9732	-79.9732	-79.9732	-79.9732	-79.9732	-79.9732	-79.9732	-79.9732	-79.9732	-79.9732	-79.9732	-79.9732	-79.9732	-79.9732	-79.9732	-79.9732	-79.9732	-79.9732	-79.9732	-79.9732	-79.9732	-79.9732	-79.9732	-79.9732	-79.9733	-79.9737
0.545	-79.9984	-79.979	-79.9744	-79.9733	-79.9731	-79.9731	-79.973	-79.973	-79.973	-79.973	-79.973	-79.973	-79.973	-79.973	-79.973	-79.973	-79.973	-79.973	-79.973	-79.973	-79.973	-79.973	-79.973	-79.973	-79.973	-79.973	-79.973	-79.973	-79.973	-79.973	-79.973	-79.973	-79.973	-79.9731	-79.9732	-79.9736
0.55	-79.9984	-79.979	-79.9743	-79.9732	-79.973	-79.9729	-79.9729	-79.9729	-79.9729	-79.9729	-79.9729	-79.9729	-79.9729	-79.9729	-79.9729	-79.9729	-79.9729	-79.9729	-79.9729	-79.9729	-79.9729	-79.9729	-79.9729	-79.9729	-79.9729	-79.9729	-79.9729	-79.9729	-79.9729	-79.9729	-79.9729	-79.9729	-79.9729	-79.973	-79.9731	-79.9735
0.555	-79.9984	-79.9789	-79.9742	-79.9731	-79.9729	-79.9728	-79.9728	-79.9728	-79.9728	-79.9728	-79.9728	-79.9728	-79.9728	-79.9728	-79.9728	-79.9728	-79.9728	-79.9728	-79.9728	-79.9728	-79.9728	-79.9728	-79.9728	-79.9728	-79.9728	-79.9728	-79.9728	-79.9728	-79.9728	-79.9728	-79.9728	-79.9728	-79.9728	-79.9729	-79.973	-79.9734
0.56	-79.9984	-79.9788	-79.9741	-79.973	-79.9728	-79.9727	-79.9727	-79.9727	-79.9727	-79.9727	-79.9727	-79.9727	-79.9727	-79.9727	-79.9727	-79.9727	-79.9727	-79.9727	-79.9727	-79.9727	-79.9727	-79.9727	-79.9727	-79.9727	-79.9727	-79.9727	-79.9727	-79.9727	-79.9727	-79.9727	-79.9727	-79.9727	-79.9727	-79.9727	-79.9728	-79.9733
0.565	-79.9984	-79.9788	-79.974	-79.9729	-79.9727	-79.9726	-79.9726	-79.9726	-79.9726	-79.9726	-79.9726	-79.9726	-79.9726	-79.9726	-79.9726	-79.9726	-79.9726	-79.9726	-79.9726	-79.9726	-79.9726	-79.9726	-79.9726	-79.9726	-79.9726	-79.9726	-79.9726	-79.9726	-79.9726	-79.9726	-79.9726	-79.9726	-79.9726	-79.9726	-79.9727	-79.9732
0.57	-79.9984	-79.9787	-79.9739	-79.9728	-79.9726	-79.9725	-79.9725	-79.9725	-79.9725	-79.9725	-79.9725	-79.9725	-79.9725	-79.9725	-79.9725	-79.9725	-79.9725	-79.9725	-79.9725	-79.9725	-79.9725	-79.9725	-79.9725	-79.9725	-79.9725	-79.9725	-79.9725	-79.9725	-79.9725	-79.9725	-79.9725	-79.9725	-79.9725	-79.9725	-79.9726	-79.9731
0.575	-79.9984	-79.9786	-79.9738	-79.9727	-79.9725	-79.9724	-79.9724	-79.9724	-79.9724	-79.9724	-79.9724	-79.9724	-79.9724	-79.9724	-79.9724	-79.9724	-79.9724	-79.9724	-79.9724	-79.9724	-79.9724	-79.9724	-79.9724	-79.9724	-79.9724	-79.9724	-79.9724	-79.9724	-79.9724	-79.9724	-79.9724	-79.9724	-79.9724	-79.9724	-79.9725	-79.9729
0.58	-79.9984	-79.9786	-79.9737	-79.9726	-79.9724	-79.9723	-79.9723	-79.9723	-79.9723	-79.9723	-79.9723	-79.9723	-79.9723	-79.9723	-79.9723	-79.9723	-79.9723	-79.9723	-79.9723	-79.9723	-79.9723	-79.9723	-79.9723	-79.9723	-79.9723	-79.9723	-79.9723	-79.9723	-79.9723	-79.9723	-79.9723	-79.9723	-79.9723	-79.9723	-79.9724	-79.9728
0.585	-79.9984	-79.9785	-79.9736	-79.9725	-79.9723	-79.9722	-79.9722	-79.9722	-79.9722	-79.9722	-79.9722	-79.9722	-79.9722	-79.9722	-79.9722	-79.9722	-79.9722	-79.9722	-79.9722	-79.9722	-79.9722	-79.9722	-79.9722	-79.9722	-79.9722	-79.9722	-79.9722	-79.9722	-79.9722	-79.9722	-79.9722	-79.9722	-79.9722	-79.9722	-79.9723	-79.9727
0.59	-79.9984	-79.9785	-79.9735	-79.9724	-79.9722	-79.9721	-79.9721	-79.9721	-79.9721	-79.9721	-79.9721	-79.9721	-79.9721	-79.9721	-79.9721	-79.9721	-79.9721	-79.9721	-79.9721	-79.9721	-79.9721	-79.9721	-79.9721	-79.9721	-79.9721	-79.9721	-79.9721	-79.9721	-79.9721	-79.9721	-79.9721	-79.9721	-79.9721	-79.9721	-79.9722	-79.9726
0.595	-79.9984	-79.9784	-79.9734	-79.9723	-79.9721	-79.972	-79.972	-79.972	-79.972	-79.972	-79.972	-79.972	-79.972	-79.972	-79.972	-79.972	-79.972	-79.972	-79.972	-79.972	-79.972	-79.972	-79.972	-79.972	-79.972	-79.972	-79.972	-79.972	-79.972	-79.972	-79.972	-79.972	-79.972	-79.972	-79.9721	-79.9725
0.6	-79.9984	-79.9783	-79.9734	-79.9722	-79.972	-79.9719	-79.9719	-79.9719	-79.9719	-79.9719	-79.9719	-79.9719	-79.9719	-79.9719	-79.9719	-79.9719	-79.9719	-79.9719	-79.9719	-79.9719	-79.9719	-79.9719	-79.9719	-79.9719	-79.9719	-79.9719	-79.9719	-79.9719	-79.9719	-79.9719	-79.9719	-79.9719	-79.9719	-79.9719	-79.972	-79.9725
0.605	-79.9984	-79.9783	-79.9733	-79.9721	-79.9718	-79.9718	-79.9718	-79.9718	-79.9718	-79.9718	-79.9718	-79.9718	-79.9718	-79.9718	-79.9718	-79.9718	-79.9718	-79.9718	-79.9718	-79.9718	-79.9718	-79.9718	-79.9718	-79.9718	-79.9718	-79.9718	-79.9718	-79.9718	-79.9718	-79.9718	-79.9718	-79.9718	-79.9718	-79.9718	-79.9719	-79.9724
0.61	-79.9984	-79.9782	-79.9732	-79.972	-79.9717	-79.9717	-79.9717	-79.9717	-79.9717	-79.9717	-79.9717	-79.9717	-79.9717	-79.9717	-79.9717	-79.9717	-79.9717	-79.9717	-79.9717	-79.9717	-79.9717	-79.9717	-79.9717	-79.9717	-79.9717	-79.9717	-79.9717	-79.9717	-79.9717	-79.9717	-79.9717	-79.9717	-79.9717	-79.9717	-79.9718	-79.9723
0.615	-79.9984	-79.9781	-79.9731	-79.9719	-79.9716	-79.9716	-79.9716	-79.9716	-79.9716	-79.9716	-79.9716	-79.9716	-79.9716	-79.9716	-79.9716	-79.9716	-79.9716	-79.9716	-79.9716	-79.9716	-79.9716	-79.9716	-79.9716	-79.9716	-79.9716	-79.9716	-79.9716	-79.9716	-79.9716	-79.9716	-79.9716	-79.9716	-79.9716	-79.9716	-79.9717	-79.9722
0.62	-79.9984	-79.9781	-79.973	-79.9718	-79.9715	-79.9715	-79.9715	-79.9715	-79.9715	-79.9715	-79.9715	-79.9715	-79.9715	-79.9715	-79.9715	-79.9715	-79.9715	-79.9715	-79.9715	-79.9715	-79.9715	-79.9715	-79.9715	-79.9715	-79.9715	-79.9715	-79.9715	-79.9715	-79.9715	-79.9715	-79.9715	-79.9715	-79.9715	-79.9715	-79.9716	-79.9721
0.625	-79.9984	-79.978	-79.9729	-79.9717	-79.9715	-79.9714	-79.9714	-79.9714	-79.9714	-79.9714	-79.9714	-79.9714	-79.9714	-79.9714	-79.9714	-79.9714	-79.9714	-79.9714	-79.9714	-79.9714	-79.9714	-79.9714	-79.9714	-79.9714	-79.9714	-79.9714	-79.9714	-79.9714	-79.9714	-79.9714	-79.9714	-79.9714	-79.9714	-79.9714	-79.9715	-79.972
0.63	-79.9984	-79.978	-79.9728	-79.9716	-79.9714	-79.9713	-79.9713	-79.9713	-79.9713	-79.9713	-79.9713	-79.9713	-79.9713	-79.9713	-79.9713	-79.9713	-79.9713	-79.9713	-79.9713	-79.9713	-79.9713	-79.9713	-79.9713	-79.9713	-79.9713	-79.9713	-79.9713	-79.9713	-79.9713	-79.9713	-79.9713	-79.9713	-79.9713	-79.9713	-79.9714	-79.9719
0.635	-79.9984	-79.9779	-79.9727	-79.9715	-79.9713	-79.9712	-79.9712	-79.9712	-79.9712	-79.9712	-79.9712	-79.9712	-79.9712	-79.9712	-79.9712	-79.9712	-79.9712	-79.9712	-79.9712	-79.9712	-79.9712	-79.9712	-79.9712	-79.9712	-79.9712	-79.9712	-79.9712	-79.9712	-79.9712	-79.9712	-79.9712	-79.9712	-79.9712	-79.9712	-79.9713	-79.9718
0.64	-79.9984	-79.9778	-79.9726	-79.9714	-79.9712	-79.9711	-79.9711	-79.9711	-79.9711	-79.9711	-79.9711	-79.9711	-79.9711	-79.9711	-79.9711	-79.9711	-79.9711	-79.9711	-79.9711	-79.9711	-79.9711	-79.9711	-79.9711	-79.9711	-79.9711	-79.9711	-79.9711	-79.9711	-79.9711	-79.9711	-79.9711	-79.9711	-79.9711	-79.9711	-79.9712	-79.9717
0.645	-79.9984	-79.9778	-79.9726	-79.9713	-79.9711	-79.971	-79.971	-79.971	-79.971	-79.971	-79.971	-79.971	-79.971	-79.971	-79.971	-79.971	-79.971	-79.971	-79.971	-79.971	-79.971	-79.971	-79.971	-79.971	-79.971	-79.971	-79.971	-79.971	-79.971	-79.971	-79.971	-79.971	-79.971	-79.971	-79.9711	-79.9716
0.65	-79.9984	-79.9777	-79.9725	-79.9712	-79.971	-79.9709	-79.9709	-79.9709	-79.9709	-79.9709	-79.9709	-79.9709	-79.9709	-79.9709	-79.9709	-79.9709	-79.9709	-79.9709	-79.9709	-79.9709	-79.9709	-79.9709	-79.9709	-79.9709	-79.9709	-79.9709	-79.9709	-79.9709	-79.9709	-79.9709	-79.9709	-79.9709	-79.9709	-79.9709	-79.971	-79.9715
0.655	-79.9984	-79.9777	-79.9724	-79.9711	-79.9709	-79.9708	-79.9708	-79.9708	-79.9708	-79.9708	-79.9708	-79.9708	-79.9708	-79.9708	-79.9708	-79.9708	-79.9708	-79.9708	-79.9708	-79.9708	-79.9708	-79.9708	-79.9708	-79.9708	-79.9708	-79.9708	-79.9708	-79.9708	-79.9708	-79.9708	-79.9708	-79.9708	-79.9708	-79.9708	-79.9709	-79.9714
0.66	-79.9984	-79.9776	-79.9723	-79.971	-79.9708	-79.9707	-79.9707	-79.9707	-79.9707	-79.9707	-79.9707	-79.9707	-79.9707	-79.9707	-79.9707	-79.9707	-79.9707	-79.9707	-79.9707	-79.9707	-79.9707	-79.9707	-79.9707	-79.9707	-79.9707	-79.9707	-79.9707	-79.9707	-79.9707	-79.9707	-79.9707	-79.9707	-79.9707	-79.9707	-79.9708	-79.9713
0.665	-79.9984	-79.9775	-79.9722	-79.971	-79.9707	-79.9706	-79.9706	-79.9706	-79.9706	-79.9706	-79.9706	-79.9706	-79.9706	-79.9706	-79.9706	-79.9706	-79.9706	-79.9706	-79.9706	-79.9706	-79.9706	-79.9706	-79.9706	-79.9706	-79.9706	-79.9706	-79.9706	-79.9706	-79.9706	-79.9706	-79.9706	-79.9706	-79.9706	-79.9706	-79.9707	-79.9712
0.67	-79.9984	-79.9775	-79.9721	-79.9709	-79.9706	-79.9705	-79.9705	-79.9705	-79.9705	-79.9705	-79.9705	-79.9705	-79.9705	-79.9705	-79.9705	-79.9705	-79.9705	-79.9705	-79.9705	-79.9705	-79.9705	-79.9705	-79.9705	-79.9705	-79.9705	-79.9705	-79.9705	-79.9705	-79.9705	-79.9705	-79.9705	-79.9705	-79.9705	-79.9705	-79.9706	-79.9711
0.675	-79.9984	-79.9774	-79.9721	-79.9708	-79.9705	-79.9704	-79.9704	-79.9704	-79.9704	-79.9704	-79.9704	-79.9704	-79.9704	-79.9704	-79.9704	-79.9704	-79.9704	-79.9704	-79.9704	-79.9704	-79.9704	-79.9704	-79.9704	-79.9704	-79.9704	-79.9704	-79.9704	-79.9704	-79.9704	-79.9704	-79.9704	-79.9704	-79.9704	-79.9704	-79.9705	-79.971
0.68	-79.9984	-79.9774	-79.972	-79.9707	-79.9704	-79.9703	-79.9703	-79.9703	-79.9703	-79.9703	-79.9703	-79.9703	-79.9703	-79.9703	-79.9703	-79.9703	-79.9703	-79.9703	-79.9703	-79.9703	-79.9703	-79.9703	-79.9703	-79.9703	-79.9703	-79.9703	-79.9703	-79.9703	-79.9703	-79.9703	-79.9703	-79.9703	-79.9703	-79.9703	-79.9705	-79.9709
0.685	-79.9984	-79.9773	-79.9719	-79.9706	-79.9703	-79.9702	-79.9702	-79.9702	-79.9702	-79.9702	-79.9702	-79.9702	-79.9702	-79.9702	-79.9702	-79.9702	-79.9702	-79.9702	-79.9702	-79.9702	-79.9702	-79.9702	-79.9702	-79.9702	-79.9702	-79.9702	-79.9702	-79.9702	-79.9702	-79.9702	-79.9702	-79.9702	-79.9702	-79.9702	-79.9704	-79.9708
0.69	-79.9984	-79.9772	-79.9718	-79.9705	-79.9702	-79.9701	-79.9701	-79.9701	-79.9701	-79.9701	-79.9701	-79.9701	-79.9701	-79.9701	-79.9701	-79.9701	-79.9701	-79.9701	-79.9701	-79.9701	-79.9701	-79.9701	-79.9701	-79.9701	-79.9701	-79.9701	-79.9701	-79.9701	-79.9701	-79.9701	-79.9701	-79.9701	-79.9701	-79.9701	-79.9703	-79.9707
0.695	-79.9984	-79.9772	-79.9717	-79.9704	-79.9701	-79.97	-79.97	-79.97	-79.97	-79.97	-79.97	-79.97	-79.97	-79.97	-79.97	-79.97	-79.97	-79.97	-79.97	-79.97	-79.97	-79.97	-79.97	-79.97	-79.97	-79.97	-79.97	-79.97	-79.97	-79.97	-79.97	-79.97	-79.97	-79.97	-79.9702	-79.9706
0.7	-79.9984	-79.9771	-79.9716	-79.9703	-79.97	-79.9699	-79.9699	-79.9699	-79.9699	-79.9699	-79.9699	-79.9699	-79.9699	-79.9699	-79.9699	-79.9699	-79.9699	-79.9699	-79.9699	-79.9699	-79.9699	-79.9699	-79.9699	-79.9699	-79.9699	-79.9699	-79.9699	-79.9699	-79.9699	-79.9699	-79.9699	-79.9699	-79.9699	-79.97	-79.9701	-79.9705
0.705	-79.9984	-79.9771	-79.9716	-79.9702	-79.9699	-79.9698	-79.9698	-79.9698	-79.9698	-79.9698	-79.9698	-79.9698	-79.9698	-79.9698	-79.9698	-79.9698	-79.9698	-79.9698	-79.9698	-79.9698	-79.9698	-79.9698	-79.9698	-79.9698	-79.9698	-79.9698	-79.9698	-79.9698	-79.9698	-79.9698	-79.9698	-79.9698	-79.9698	-79.9699	-79.97	-79.9705
0.71	-79.9984	-79.977	-79.9715	-79.9701	-79.9698	-79.9697	-79.9697	-79.9697	-79.9697	-79.9697	-79.9697	-79.9697	-79.9697	-79.9697	-79.9697	-79.9697	-79.9697	-79.9697	-79.9697	-79.9697	-79.9697	-79.9697	-79.9697	-79.9697	-79.9697	-79.9697	-79.9697	-79.9697	-79.9697	-79.9697	-79.9697	-79.9697	-79.9697	-79.9698	-79.9699	-79.9704
0.715	-79.9984	-79.977	-79.9714	-79.97	-79.9697	-79.9697	-79.9696	-79.9696	-79.9696	-79.9696	-79.9696	-79.9696	-79.9696	-79.9696	-79.9696	-79.9696	-79.9696	-79.9696	-79.9696	-79.9696	-79.9696	-79.9696	-79.9696	-79.9696	-79.9696	-79.9696	-79.9696	-79.9696	-79.9696	-79.9696	-79.9696	-79.9696	-79.9696	-79.9697	-79.9698	-79.9703
0.72	-79.9984	-79.9769	-79.9713	-79.9699	-79.9696	-79.9696	-79.9696	-79.9695	-79.9695	-79.9695	-79.9695	-79.9695	-79.9695	-79.9695	-79.9695	-79.9695	-79.9695	-79.9695	-79.9695	-79.9695	-79.9695	-79.9695	-79.9695	-79.9695	-79.9695	-79.9695	-79.9695	-79.9695	-79.9695	-79.9695	-79.9695	-79.9695	-79.9696	-79.9696	-79.9697	-79.9702
0.725	-79.9984	-79.9769	-79.9712	-79.9699	-79.9695	-79.9695	-79.9695	-79.9695	-79.9695	-79.9695	-79.9695	-79.9695	-79.9695	-79.9695	-79.9695	-79.9695	-79.9695	-79.9695	-79.9695	-79.9695	-79.9695	-79.9695	-79.9695	-79.9695	-79.9695	-79.9695	-79.9695	-79.9695	-79.9695	-79.9695	-79.9695	-79.9695	-79.9695	-79.9695	-79.9696	-79.9701
0.73	-79.9984	-79.9768	-79.9712	-79.9698	-79.9695	-79.9694	-79.9694	-79.9694	-79.9694	-79.9694	-79.9694	-79.9694	-79.9694	-79.9694	-79.9694	-79.9694	-79.9694	-79.9694	-79.9694	-79.9694	-79.9694	-79.9694	-79.9694	-79.9694	-79.9694	-79.9694	-79.9694	-79.9694	-79.9694	-79.9694	-79.9694	-79.9694	-79.9694	-79.9694	-79.9695	-79.97
0.735	-79.9984	-79.9767	-79.9711	-79.9697	-79.9694	-79.9693	-79.9693	-79.9693	-79.9693	-79.9693	-79.9693	-79.9693	-79.9693	-79.9693	-79.9693	-79.9693	-79.9693	-79.9693	-79.9693	-79.9693	-79.9693	-79.9693	-79.9693	-79.9693	-79.9693	-79.9693	-79.9693	-79.9693	-79.9693	-79.9693	-79.9693	-79.9693	-79.9693	-79.9693	-79.9694	-79.9699
0.74	-79.9984	-79.9767	-79.971	-79.9696	-79.9693	-79.9692	-79.9692	-79.9692	-79.9692	-79.9692	-79.9692	-79.9692	-79.9692	-79.9692	-79.9692	-79.9692	-79.9692	-79.9692	-79.9692	-79.9692	-79.9692	-79.9692	-79.9692	-79.9692	-79.9692	-79.9692	-79.9692	-79.9692	-79.9692	-79.9692	-79.9692	-79.9692	-79.9692	-79.9692	-79.9693	-79.9698
0.745	-79.9984	-79.9766	-79.9709	-79.9695	-79.9692	-79.9691	-79.9691	-79.9691	-79.9691	-79.9691	-79.9691	-79.9691	-79.9691	-79.9691	-79.9691	-79.9691	-79.9691	-79.9691	-79.9691	-79.9691	-79.9691	-79.9691	-79.9691	-79.9691	-79.9691	-79.9691	-79.9691	-79.9691	-79.9691	-79.9691	-79.9691	-79.9691	-79.9691	-79.9691	-79.9692	-79.9697
0.75	-79.9984	-79.9766	-79.9708	-79.9694	-79.9691	-79.969	-79.969	-79.969	-79.969	-79.969	-79.969	-79.969	-79.969	-79.969	-79.969	-79.969	-79.969	-79.969	-79.969	-79.969	-79.969	-79.969	-79.969	-79.969	-79.969	-79.969	-79.969	-79.969	-79.969	-79.969	-79.969	-79.969	-79.969	-79.969	-79.9692	-79.9696
0.755	-79.9984	-79.9765	-79.9708	-79.9693	-79.969	-79.9689	-79.9689	-79.9689	-79.9689	-79.9689	-79.9689	-79.9689	-79.9689	-79.9689	-79.9689	-79.9689	-79.9689	-79.9689	-79.9689	-79.9689	-79.9689	-79.9689	-79.9689	-79.9689	-79.9689	-79.9689	-79.9689	-79.9689	-79.9689	-79.9689	-79.9689	-79.9689	-79.9689	-79.9689	-79.9691	-79.9696
0.76	-79.9984	-79.9765	-79.9707	-79.9692	-79.9689	-79.9688	-79.9688	-79.9688	-79.9688	-79.9688	-79.9688	-79.9688	-79.9688	-79.9688	-79.9688	-79.9688	-79.9688	-79.9688	-79.9688	-79.9688	-79.9688	-79.9688	-79.9688	-79.9688	-79.9688	-79.9688	-79.9688	-79.9688	-79.9688	-79.9688	-79.9688	-79.9688	-79.9688	-79.9688	-79.969	-79.9695
0.765	-79.9984	-79.9764	-79.9706	-79.9692	-79.9688	-79.9687	-79.9687	-79.9687	-79.9687	-79.9687	-79.9687	-79.9687	-79.9687	-79.9687	-79.9687	-79.9687	-79.9687	-79.9687	-79.9687	-79.9687	-79.9687	-79.9687	-79.9687	-79.9687	-79.9687	-79.9687	-79.9687	-79.9687	-79.9687	-79.9687	-79.9687	-79.9687	-79.9687	-79.9688	-79.9689	-79.9694
0.77	-79.9984	-79.9764	-79.9705	-79.9691	-79.9687	-79.9687	-79.9686	-79.9686	-79.9686	-79.9686	-79.9686	-79.9686	-79.9686	-79.9686	-79.9686	-79.9686	-79.9686	-79.9686	-79.9686	-79.9686	-79.9686	-79.9686	-79.9686	-79.9686	-79.9686	-79.9686	-79.9686	-79.9686	-79.9686	-79.9686	-79.9686	-79.9686	-79.9686	-79.9687	-79.9688	-79.9693
0.775	-79.9984	-79.9763	-79.9704	-79.969	-79.9686	-79.9686	-79.9685	-79.9685	-79.9685	-79.9685	-79.9685	-79.9685	-79.9685	-79.9685	-79.9685	-79.9685	-79.9685	-79.9685	-79.9685	-79.9685	-79.9685	-79.9685	-79.9685	-79.9685	-79.9685	-79.9685	-79.9685	-79.9685	-79.9685	-79.9685	-79.9685	-79.9685	-79.9686	-79.9686	-79.9687	-79.9692
0.78	-79.9984	-79.9763	-79.9704	-79.9689	-79.9686	-79.9685	-79.9685	-79.9685	-79.9685	-79.9685	-79.9685	-79.9685	-79.9685	-79.9685	-79.9685	-79.9685	-79.9685	-79.9685	-79.9685	-79.9685	-79.9685	-79.9685	-79.9685	-79.9685	-79.9685	-79.9685	-79.9685	-79.9685	-79.9685	-79.9685	-79.9685	-79.9685	-79.9685	-79.9685	-79.9686	-79.9691
0.785	-79.9984	-79.9762	-79.9703	-79.9688	-79.9685	-79.9684	-79.9684	-79.9684	-79.9684	-79.9684	-79.9684	-79.9684	-79.9684	-79.9684	-79.9684	-79.9684	-79.9684	-79.9684	-79.9684	-79.9684	-79.9684	-79.9684	-79.9684	-79.9684	-79.9684	-79.9684	-79.9684	-79.9684	-79.9684	-79.9684	-79.9684	-79.9684	-79.9684	-79.9684	-79.9685	-79.969
0.79	-79.9984	-79.9762	-79.9702	-79.9687	-79.9684	-79.9683	-79.9683	-79.9683	-79.9683	-79.9683	-79.9683	-79.9683	-79.9683	-79.9683	-79.9683	-79.9683	-79.9683	-79.9683	-79.9683	-79.9683	-79.9683	-79.9683	-79.9683	-79.9683	-79.9683	-79.9683	-79.9683	-79.9683	-79.9683	-79.9683	-79.9683	-79.9683	-79.9683	-79.9683	-79.9684	-79.9689
0.795	-79.9984	-79.9761	-79.9701	-79.9686	-79.9683	-79.9682	-79.9682	-79.9682	-79.9682	-79.9682	-79.9682	-79.9682	-79.9682	-79.9682	-79.9682	-79.9682	-79.9682	-79.9682	-79.9682	-79.9682	-79.9682	-79.9682	-79.9682	-79.9682	-79.9682	-79.9682	-79.9682	-79.9682	-79.9682	-79.9682	-79.9682	-79.9682	-79.9682	-79.9682	-79.9684	-79.9689
0.8	-79.9984	-79.9761	-79.9701	-79.9686	-79.9682	-79.9681	-79.9681	-79.9681	-79.9681	-79.9681	-79.9681	-79.9681	-79.9681	-79.9681	-79.9681	-79.9681	-79.9681	-79.9681	-79.9681	-79.9681	-79.9681	-79.9681	-79.9681	-79.9681	-79.9681	-79.9681	-79.9681	-79.9681	-79.9681	-79.9681	-79.9681	-79.9681	-79.9681	-79.9681	-79.9683	-79.9688
0.805	-79.9984	-79.976	-79.97	-79.9685	-79.9681	-79.968	-79.968	-79.968	-79.968	-79.968	-79.968	-79.968	-79.968	-79.968	-79.968	-79.968	-79.968	-79.968	-79.968	-79.968	-79.968	-79.968	-79.968	-79.968	-79.968	-79.968	-79.968	-79.968	-79.968	-79.968	-79.968	-79.968	-79.968	-79.968	-79.9682	-79.9687
0.81	-79.9984	-79.9759	-79.9699	-79.9684	-79.968	-79.9679	-79.9679	-79.9679	-79.9679	-79.9679	-79.9679	-79.9679	-79.9679	-79.9679	-79.9679	-79.9679	-79.9679	-79.9679	-79.9679	-79.9679	-79.9679	-79.9679	-79.9679	-79.9679	-79.9679	-79.9679	-79.9679	-79.9679	-79.9679	-79.9679	-79.9679	-79.9679	-79.9679	-79.968	-79.9681	-79.9686
0.815	-79.9984	-79.9759	-79.9698	-79.9683	-79.9679	-79.9679	-79.9678	-79.9678	-79.9678	-79.9678	-79.9678	-79.9678	-79.9678	-79.9678	-79.9678	-79.9678	-79.9678	-79.9678	-79.9678	-79.9678	-79.9678	-79.9678	-79.9678	-79.9678	-79.9678	-79.9678	-79.9678	-79.9678	-79.9678	-79.9678	-79.9678	-79.9678	-79.9678	-79.9679	-79.968	-79.9685
0.82	-79.9984	-79.9758	-79.9698	-79.9682	-79.9678	-79.9678	-79.9678	-79.9677	-79.9677	-79.9677	-79.9677	-79.9677	-79.9677	-79.9677	-79.9677	-79.9677	-79.9677	-79.9677	-79.9677	-79.9677	-79.9677	-79.9677	-79.9677	-79.9677	-79.9677	-79.9677	-79.9677	-79.9677	-79.9677	-79.9677	-79.9677	-79.9678	-79.9678	-79.9678	-79.9679	-79.9684
0.825	-79.9984	-79.9758	-79.9697	-79.9681	-79.9678	-79.9677	-79.9677	-79.9677	-79.9677	-79.9677	-79.9677	-79.9677	-79.9677	-79.9677	-79.9677	-79.9677	-79.9677	-79.9677	-79.9677	-79.9677	-79.9677	-79.9677	-79.9677	-79.9677	-79.9677	-79.9677	-79.9677	-79.9677	-79.9677	-79.9677	-79.9677	-79.9677	-79.9677	-79.9677	-79.9678	-79.9684
0.83	-79.9984	-79.9757	-79.9696	-79.9681	-79.9677	-79.9676	-79.9676	-79.9676	-79.9676	-79.9676	-79.9676	-79.9676	-79.9676	-79.9676	-79.9676	-79.9676	-79.9676	-79.9676	-79.9676	-79.9676	-79.9676	-79.9676	-79.9676	-79.9676	-79.9676	-79.9676	-79.9676	-79.9676	-79.9676	-79.9676	-79.9676	-79.9676	-79.9676	-79.9676	-79.9678	-79.9683
0.835	-79.9984	-79.9757	-79.9695	-79.968	-79.9676	-79.9675	-79.9675	-79.9675	-79.9675	-79.9675	-79.9675	-79.9675	-79.9675	-79.9675	-79.9675	-79.9675	-79.9675	-79.9675	-79.9675	-79.9675	-79.9675	-79.9675	-79.9675	-79.9675	-79.9675	-79.9675	-79.9675	-79.9675	-79.9675	-79.9675	-79.9675	-79.9675	-79.9675	-79.9675	-79.9677	-79.9682
0.84	-79.9984	-79.9756	-79.9695	-79.9679	-79.9675	-79.9674	-79.9674	-79.9674	-79.9674	-79.9674	-79.9674	-79.9674	-79.9674	-79.9674	-79.9674	-79.9674	-79.9674	-79.9674	-79.9674	-79.9674	-79.9674	-79.9674	-79.9674	-79.9674	-79.9674	-79.9674	-79.9674	-79.9674	-79.9674	-79.9674	-79.9674	-79.9674	-79.9674	-79.9674	-79.9676	-79.9681
0.845	-79.9984	-79.9756	-79.9694	-79.9678	-79.9674	-79.9673	-79.9673	-79.9673	-79.9673	-79.9673	-79.9673	-79.9673	-79.9673	-79.9673	-79.9673	-79.9673	-79.9673	-79.9673	-79.9673	-79.9673	-79.9673	-79.9673	-79.9673	-79.9673	-79.9673	-79.9673	-79.9673	-79.9673	-79.9673	-79.9673	-79.9673	-79.9673	-79.9673	-79.9674	-79.9675	-79.968
0.85	-79.9984	-79.9755	-79.9693	-79.9677	-79.9673	-79.9673	-79.9672	-79.9672	-79.9672	-79.9672	-79.9672	-79.9672	-79.9672	-79.9672	-79.9672	-79.9672	-79.9672	-79.9672	-79.9672	-79.9672	-79.9672	-79.9672	-79.9672	-79.9672	-79.9672	-79.9672	-79.9672	-79.9672	-79.9672	-79.9672	-79.9672	-79.9672	-79.9672	-79.9673	-79.9674	-79.9679
0.855	-79.9984	-79.9755	-79.9692	-79.9676	-79.9673	-79.9672	-79.9671	-79.9671	-79.9671	-79.9671	-79.9671	-79.9671	-79.9671	-79.9671	-79.9671	-79.9671	-79.9671	-79.9671	-79.9671	-79.9671	-79.9671	-79.9671	-79.9671	-79.9671	-79.9671	-79.9671	-79.9671	-79.9671	-79.9671	-79.9671	-79.9671	-79.9671	-79.9672	-79.9672	-79.9673	-79.9679
0.86	-79.9984	-79.9754	-79.9692	-79.9676	-79.9672	-79.9671	-79.9671	-79.9671	-79.9671	-79.9671	-79.9671	-79.9671	-79.9671	-79.9671	-79.9671	-79.9671	-79.9671	-79.9671	-79.9671	-79.9671	-79.9671	-79.9671	-79.9671	-79.9671	-79.9671	-79.9671	-79.9671	-79.9671	-79.9671	-79.9671	-79.9671	-79.9671	-79.9671	-79.9671	-79.9672	-79.9678
0.865	-79.9984	-79.9754	-79.9691	-79.9675	-79.9671	-79.967	-79.967	-79.967	-79.967	-79.967	-79.967	-79.967	-79.967	-79.967	-79.967	-79.967	-79.967	-79.967	-79.967	-79.967	-79.967	-79.967	-79.967	-79.967	-79.967	-79.967	-79.967	-79.967	-79.967	-79.967	-79.967	-79.967	-79.967	-79.967	-79.9672	-79.9677
0.87	-79.9984	-79.9753	-79.969	-79.9674	-79.967	-79.9669	-79.9669	-79.9669	-79.9669	-79.9669	-79.9669	-79.9669	-79.9669	-79.9669	-79.9669	-79.9669	-79.9669	-79.9669	-79.9669	-79.9669	-79.9669	-79.9669	-79.9669	-79.9669	-79.9669	-79.9669	-79.9669	-79.9669	-79.9669	-79.9669	-79.9669	-79.9669	-79.9669	-79.9669	-79.9671	-79.9676
0.875	-79.9984	-79.9753	-79.969	-79.9673	-79.9669	-79.9668	-79.9668	-79.9668	-79.9668	-79.9668	-79.9668	-79.9668	-79.9668	-79.9668	-79.9668	-79.9668	-79.9668	-79.9668	-79.9668	-79.9668	-79.9668	-79.9668	-79.9668	-79.9668	-79.9668	-79.9668	-79.9668	-79.9668	-79.9668	-79.9668	-79.9668	-79.9668	-79.9668	-79.9669	-79.967	-79.9675
0.88	-79.9984	-79.9753	-79.9689	-79.9672	-79.9668	-79.9667	-79.9667	-79.9667	-79.9667	-79.9667	-79.9667	-79.9667	-79.9667	-79.9667	-79.9667	-79.9667	-79.9667	-79.9667	-79.9667	-79.9667	-79.9667	-79.9667	-79.9667	-79.9667	-79.9667	-79.9667	-79.9667	-79.9667	-79.9667	-79.9667	-79.9667	-79.9667	-79.9667	-79.9668	-79.9669	-79.9675
0.885	-79.9984	-79.9752	-79.9688	-79.9672	-79.9668	-79.9667	-79.9666	-79.9666	-79.9666	-79.9666	-79.9666	-79.9666	-79.9666	-79.9666	-79.9666	-79.9666	-79.9666	-79.9666	-79.9666	-79.9666	-79.9666	-79.9666	-79.9666	-79.9666	-79.9666	-79.9666	-79.9666	-79.9666	-79.9666	-79.9666	-79.9666	-79.9666	-79.9666	-79.9667	-79.9668	-79.9674
0.89	-79.9984	-79.9752	-79.9687	-79.9671	-79.9667	-79.9666	-79.9666	-79.9666	-79.9666	-79.9666	-79.9666	-79.9666	-79.9666	-79.9666	-79.9666	-79.9666	-79.9666	-79.9666	-79.9666	-79.9666	-79.9666	-79.9666	-79.9666	-79.9666	-79.9666	-79.9666	-79.9666	-79.9666	-79.9666	-79.9666	-79.9666	-79.9666	-79.9666	-79.9666	-79.9667	-79.9673
0.895	-79.9984	-79.9751	-79.9687	-79.967	-79.9666	-79.9665	-79.9665	-79.9665	-79.9665	-79.9665	-79.9665	-79.9665	-79.9665	-79.9665	-79.9665	-79.9665	-79.9665	-79.9665	-79.9665	-79.9665	-79.9665	-79.9665	-79.9665	-79.9665	-79.9665	-79.9665	-79.9665	-79.9665	-79.9665	-79.9665	-79.9665	-79.9665	-79.9665	-79.9665	-79.9667	-79.9672
0.9	-79.9984	-79.9751	-79.9686	-79.9669	-79.9665	-79.9664	-79.9664	-79.9664	-79.9664	-79.9664	-79.9664	-79.9664	-79.9664	-79.9664	-79.9664	-79.9664	-79.9664	-79.9664	-79.9664	-79.9664	-79.9664	-79.9664	-79.9664	-79.9664	-79.9664	-79.9664	-79.9664	-79.9664	-79.9664	-79.9664	-79.9664	-79.9664	-79.9664	-79.9664	-79.9666	-79.9671
0.905	-79.9984	-79.975	-79.9685	-79.9668	-79.9664	-79.9663	-79.9663	-79.9663	-79.9663	-79.9663	-79.9663	-79.9663	-79.9663	-79.9663	-79.9663	-79.9663	-79.9663	-79.9663	-79.9663	-79.9663	-79.9663	-79.9663	-79.9663	-79.9663	-79.9663	-79.9663	-79.9663	-79.9663	-79.9663	-79.9663	-79.9663	-79.9663	-79.9663	-79.9664	-79.9665	-79.967
0.91	-79.9984	-79.975	-79.9685	-79.9668	-79.9663	-79.9662	-79.9662	-79.9662	-79.9662	-79.9662	-79.9662	-79.9662	-79.9662	-79.9662	-79.9662	-79.9662	-79.9662	-79.9662	-79.9662	-79.9662	-79.9662	-79.9662	-79.9662	-79.9662	-79.9662	-79.9662	-79.9662	-79.9662	-79.9662	-79.9662	-79.9662	-79.9662	-79.9662	-79.9663	-79.9664	-79.967
0.915	-79.9984	-79.9749	-79.9684	-79.9667	-79.9663	-79.9662	-79.9661	-79.9661	-79.9661	-79.9661	-79.9661	-79.9661	-79.9661	-79.9661	-79.9661	-79.9661	-79.9661	-79.9661	-79.9661	-79.9661	-79.9661	-79.9661	-79.9661	-79.9661	-79.9661	-79.9661	-79.9661	-79.9661	-79.9661	-79.9661	-79.9661	-79.9661	-79.9661	-79.9662	-79.9663	-79.9669
0.92	-79.9984	-79.9749	-79.9683	-79.9666	-79.9662	-79.9661	-79.9661	-79.9661	-79.9661	-79.9661	-79.9661	-79.9661	-79.9661	-79.9661	-79.9661	-79.9661	-79.9661	-79.9661	-79.9661	-79.9661	-79.9661	-79.9661	-79.9661	-79.9661	-79.9661	-79.9661	-79.9661	-79.9661	-79.9661	-79.9661	-79.9661	-79.9661	-79.9661	-79.9661	-79.9663	-79.9668
0.925	-79.9984	-79.9748	-79.9683	-79.9665	-79.9661	-79.966	-79.966	-79.966	-79.966	-79.966	-79.966	-79.966	-79.966	-79.966	-79.966	-79.966	-79.966	-79.966	-79.966	-79.966	-79.966	-79.966	-79.966	-79.966	-79.966	-79.966	-79.966	-79.966	-79.966	-79.966	-79.966	-79.966	-79.966	-79.966	-79.9662	-79.9667
0.93	-79.9984	-79.9748	-79.9682	-79.9665	-79.966	-79.9659	-79.9659	-79.9659	-79.9659	-79.9659	-79.9659	-79.9659	-79.9659	-79.9659	-79.9659	-79.9659	-79.9659	-79.9659	-79.9659	-79.9659	-79.9659	-79.9659	-79.9659	-79.9659	-79.9659	-79.9659	-79.9659	-79.9659	-79.9659	-79.9659	-79.9659	-79.9659	-79.9659	-79.9659	-79.9661	-79.9667
0.935	-79.9984	-79.9747	-79.9681	-79.9664	-79.9659	-79.9658	-79.9658	-79.9658	-79.9658	-79.9658	-79.9658	-79.9658	-79.9658	-79.9658	-79.9658	-79.9658	-79.9658	-79.9658	-79.9658	-79.9658	-79.9658	-79.9658	-79.9658	-79.9658	-79.9658	-79.9658	-79.9658	-79.9658	-79.9658	-79.9658	-79.9658	-79.9658	-79.9658	-79.9659	-79.966	-79.9666
0.94	-79.9984	-79.9747	-79.968	-79.9663	-79.9659	-79.9658	-79.9657	-79.9657	-79.9657	-79.9657	-79.9657	-79.9657	-79.9657	-79.9657	-79.9657	-79.9657	-79.9657	-79.9657	-79.9657	-79.9657	-79.9657	-79.9657	-79.9657	-79.9657	-79.9657	-79.9657	-79.9657	-79.9657	-79.9657	-79.9657	-79.9657	-79.9657	-79.9657	-79.9658	-79.9659	-79.9665
0.945	-79.9984	-79.9746	-79.968	-79.9662	-79.9658	-79.9657	-79.9657	-79.9657	-79.9657	-79.9657	-79.9657	-79.9657	-79.9657	-79.9657	-79.9657	-79.9657	-79.9657	-79.9657	-79.9657	-79.9657	-79.9657	-79.9657	-79.9657	-79.9657	-79.9657	-79.9657	-79.9657	-79.9657	-79.9657	-79.9657	-79.9657	-79.9657	-79.9657	-79.9657	-79.9659	-79.9664
0.95	-79.9984	-79.9746	-79.9679	-79.9661	-79.9657	-79.9656	-79.9656	-79.9656	-79.9656	-79.9656	-79.9656	-79.9656	-79.9656	-79.9656	-79.9656	-79.9656	-79.9656	-79.9656	-79.9656	-79.9656	-79.9656	-79.9656	-79.9656	-79.9656	-79.9656	-79.9656	-79.9656	-79.9656	-79.9656	-79.9656	-79.9656	-79.9656	-79.9656	-79.9656	-79.9658	-79.9663
0.955	-79.9984	-79.9745	-79.9678	-79.9661	-79.9656	-79.9655	-79.9655	-79.9655	-79.9655	-79.9655	-79.9655	-79.9655	-79.9655	-79.9655	-79.9655	-79.9655	-79.9655	-79.9655	-79.9655	-79.9655	-79.9655	-79.9655	-79.9655	-79.9655	-79.9655	-79.9655	-79.9655	-79.9655	-79.9655	-79.9655	-79.9655	-79.9655	-79.9655	-79.9655	-79.9657	-79.9663
0.96	-79.9984	-79.9745	-79.9678	-79.966	-79.9655	-79.9654	-79.9654	-79.9654	-79.9654	-79.9654	-79.9654	-79.9654	-79.9654	-79.9654	-79.9654	-79.9654	-79.9654	-79.9654	-79.9654	-79.9654	-79.9654	-79.9654	-79.9654	-79.9654	-79.9654	-79.9654	-79.9654	-79.9654	-79.9654	-79.9654	-79.9654	-79.9654	-79.9654	-79.9655	-79.9656	-79.9662
0.965	-79.9984	-79.9744	-79.9677	-79.9659	-79.9655	-79.9654	-79.9653	-79.9653	-79.9653	-79.9653	-79.9653	-79.9653	-79.9653	-79.9653	-79.9653	-79.9653	-79.9653	-79.9653	-79.9653	-79.9653	-79.9653	-79.9653	-79.9653	-79.9653	-79.9653	-79.9653	-79.9653	-79.9653	-79.9653	-79.9653	-79.9653	-79.9653	-79.9653	-79.9654	-79.9655	-79.9661
0.97	-79.9984	-79.9744	-79.9676	-79.9658	-79.9654	-79.9653	-79.9653	-79.9652	-79.9652	-79.9652	-79.9652	-79.9652	-79.9652	-79.9652	-79.9652	-79.9652	-79.9652	-79.9652	-79.9652	-79.9652	-79.9652	-79.9652	-79.9652	-79.9652	-79.9652	-79.9652	-79.9652	-79.9652	-79.9652	-79.9652	-79.9652	-79.9652	-79.9653	-79.9653	-79.9655	-79.966
0.975	-79.9984	-79.9744	-79.9676	-79.9658	-79.9653	-79.9652	-79.9652	-79.9652	-79.9652	-79.9652	-79.9652	-79.9652	-79.9652	-79.9652	-79.9652	-79.9652	-79.9652	-79.9652	-79.9652	-79.9652	-79.9652	-79.9652	-79.9652	-79.9652	-79.9652	-79.9652	-79.9652	-79.9652	-79.9652	-79.9652	-79.9652	-79.9652	-79.9652	-79.9652	-79.9654	-79.966
0.98	-79.9984	-79.9743	-79.9675	-79.9657	-79.9652	-79.9651	-79.9651	-79.9651	-79.9651	-79.9651	-79.9651	-79.9651	-79.9651	-79.9651	-79.9651	-79.9651	-79.9651	-79.9651	-79.9651	-79.9651	-79.9651	-79.9651	-79.9651	-79.9651	-79.9651	-79.9651	-79.9651	-79.9651	-79.9651	-79.9651	-79.9651	-79.9651	-79.9651	-79.9651	-79.9653	-79.9659
0.985	-79.9984	-79.9743	-79.9674	-79.9656	-79.9652	-79.965	-79.965	-79.965	-79.965	-79.965	-79.965	-79.965	-79.965	-79.965	-79.965	-79.965	-79.965	-79.965	-79.965	-79.965	-79.965	-79.965	-79.965	-79.965	-79.965	-79.965	-79.965	-79.965	-79.965	-79.965	-79.965	-79.965	-79.965	-79.9651	-79.9652	-79.9658
0.99	-79.9984	-79.9742	-79.9674	-79.9655	-79.9651	-79.965	-79.9649	-79.9649	-79.9649	-79.9649	-79.9649	-79.9649	-79.9649	-79.9649	-79.9649	-79.9649	-79.9649	-79.9649	-79.9649	-79.9649	-79.9649	-79.9649	-79.9649	-79.9649	-79.9649	-79.9649	-79.9649	-79.9649	-79.9649	-79.9649	-79.9649	-79.9649	-79.9649	-79.965	-79.9651	-79.9657
0.995	-79.9984	-79.9742	-79.9673	-79.9655	-79.965	-79.9649	-79.9649	-79.9649	-79.9649	-79.9649	-79.9649	-79.9649	-79.9649	-79.9649	-79.9649	-79.9649	-79.9649	-79.9649	-79.9649	-79.9649	-79.9649	-79.9649	-79.9649	-79.9649	-79.9649	-79.9649	-79.9649	-79.9649	-79.9649	-79.9649	-79.9649	-79.9649	-79.9649	-79.9649	-79.9651	-79.9657
1	-79.9984	-79.9741	-79.9672	-79.9654	-79.9649	-79.9648	-79.9648	-79.9648	-79.9648	-79.9648	-79.9648	-79.9648	-79.9648	-79.9648	-79.9648	-79.9648	-79.9648	-79.9648	-79.9648	-79.9648	-79.9648	-79.9648	-79.9648	-79.9648	-79.9648	-79.9648	-79.9648	-79.9648	-79.9648	-79.9648	-79.9648	-79.9648	-79.9648	-79.9648	-79.965	-79.9656
1.005	-13.333	-78.3854	-79.9293	-79.9644	-79.9648	-79.9647	-79.9647	-79.9647	-79.9647	-79.9647	-79.9647	-79.9647	-79.9647	-79.9647	-79.9647	-79.9647	-79.9647	-79.9647	-79.9647	-79.9647	-79.9647	-79.9647	-79.9647	-79.9647	-79.9647	-79.9647	-79.9647	-79.9647	-79.9647	-79.9647	-79.9647	-79.9647	-79.9647	-79.9648	-79.9649	-79.9655
1.01	-2.22215	-76.4967	-79.8455	-79.9614	-79.9647	-79.9647	-79.9646	-79.9646	-79.9646	-79.9646	-79.9646	-79.9646	-79.9646	-79.9646	-79.9646	-79.9646	-79.9646	-79.9646	-79.9646	-79.9646	-79.9646	-79.9646	-79.9646	-79.9646	-79.9646	-79.9646	-79.9646	-79.9646	-79.9646	-79.9646	-79.9646	-79.9646	-79.9646	-79.9647	-79.9648	-79.9654
1.015	-0.370316	-74.8926	-79.7306	-79.9558	-79.9644	-79.9646	-79.9645	-79.9645	-79.9645	-79.9645	-79.9645	-79.9645	-79.9645	-79.9645	-79.9645	-79.9645	-79.9645	-79.9645	-79.9645	-79.9645	-79.9645	-79.9645	-79.9645	-79.9645	-79.9645	-79.9645	-79.9645	-79.9645	-79.9645	-79.9645	-79.9645	-79.9645	-79.9646	-79.9646	-79.9648	-79.9653
1.02	-0.0616518	-73.6219	-79.6009	-79.9477	-79.9639	-79.9645	-79.9645	-79.9645	-79.9645	-79.9645	-79.9645	-79.9645	-79.9645	-79.9645	-79.9645	-79.9645	-79.9645	-79.9645	-79.9645	-79.9645	-79.9645	-79.9645	-79.9645	-79.9645	-79.9645	-79.9645	-79.9645	-79.9645	-79.9645	-79.9645	-79.9645	-79.9645	-79.9645	-79.9645	-79.9647	-79.9653
1.025	30.4413	-71.8791	-79.4501	-79.937	-79.9632	-79.9644	-79.9644	-79.9644	-79.9644	-79.9644	-79.9644	-79.9644	-79.9644	-79.9644	-79.9644	-79.9644	-79.9644	-79.9644	-79.9644	-79.9644	-79.9644	-79.9644	-79.9644	-79.9644	-79.9644	-79.9644	-79.9644	-79.9644	-79.9644	-79.9644	-79.9644	-79.9644	-79.9644	-79.9644	-79.9646	-79.9652
1.03	38.3177	-70.1063	-79.2788	-79.9235	-79.9623	-79.9642	-79.9643	-79.9643	-79.9643	-79.9643	-79.9643	-79.9643	-79.9643	-79.9643	-79.9643	-79.9643	-79.9643	-79.9643	-79.9643	-79.9643	-79.9643	-79.9643	-79.9643	-79.9643	-79.9643	-79.9643	-79.9643	-79.9643	-79.9643	-79.9643	-79.9643	-79.9643	-79.9643	-79.9644	-79.9645	-79.9651
1.035	40.1245	-68.5519	-79.095	-79.9076	-79.9611	-79.9641	-79.9642	-79.9642	-79.9642	-79.9642	-79.9642	-79.9642	-79.9642	-79.9642	-79.9642	-79.9642	-79.9642	-79.9642	-79.9642	-79.9642	-79.9642	-79.9642	-79.9642	-79.9642	-79.9642	-79.9642	-79.9642	-79.9642	-79.9642	-79.9642	-79.9642	-79.9642	-79.9642	-79.9643	-79.9645	-79.965
1.04	40.3937	-67.2278	-78.9074	-79.8894	-79.9596	-79.9639	-79.9641	-79.9642	-79.9642	-79.9642	-79.9642	-79.9642	-79.9642	-79.9642	-79.9642	-79.9642	-79.9642	-79.9642	-79.9642	-79.9642	-79.9642	-79.9642	-79.9642	-79.9642	-79.9642	-79.9642	-79.9642	-79.9642	-79.9642	-79.9642	-79.9642	-79.9642	-79.9642	-79.9642	-79.9644	-79.965
1.045	40.2193	-66.073	-78.7211	-79.8693	-79.9578	-79.9637	-79.9641	-79.9641	-79.9641	-79.9641	-79.9641	-79.9641	-79.9641	-79.9641	-79.9641	-79.9641	-79.9641	-79.9641	-79.9641	-79.9641	-79.9641	-79.9641	-79.9641	-79.9641	-79.9641	-79.9641	-79.9641	-79.9641	-79.9641	-79.9641	-79.9641	-79.9641	-79.9641	-79.9641	-79.9643	-79.9649
1.05	39.8777	-65.0225	-78.5381	-79.8479	-79.9557	-79.9635	-79.964	-79.964	-79.964	-79.964	-79.964	-79.964	-79.964	-79.964	-79.964	-79.964	-79.964	-79.964	-79.964	-79.964	-79.964	-79.964	-79.964	-79.964	-79.964	-79.964	-79.964	-79.964	-79.964	-79.964	-79.964	-79.964	-79.964	-79.9641	-79.9642	-79.9648
1.055	39.4498	-64.0215	-78.3583	-79.8253	-79.9534	-79.9632	-79.9639	-79.9639	-79.9639	-79.9639	-79.9639	-79.9639	-79.9639	-79.9639	-79.9639	-79.9639	-79.9639	-79.9639	-79.9639	-79.9639	-79.9639	-79.9639	-79.9639	-79.9639	-79.9639	-79.9639	-79.9639	-79.9639	-79.9639	-79.9639	-79.9639	-79.9639	-79.9639	-79.964	-79.9641	-79.9648
1.06	38.9645	-63.0241	-78.1803	-79.8017	-79.9509	-79.9629	-79.9638	-79.9638	-79.9639	-79.9639	-79.9639	-79.9639	-79.9639	-79.9639	-79.9639	-79.9639	-79.9639	-79.9639	-79.9639	-79.9639	-79.9639	-79.9639	-79.9639	-79.9639	-79.9639	-79.9639	-79.9639	-79.9639	-79.9639	-79.9639	-79.9639	-79.9639	-79.9639	-79.9639	-79.9641	-79.9647
1.065	38.4349	-61.9888	-78.0019	-79.7773	-79.9481	-79.9626	-79.9637	-79.9638	-79.9638	-79.9638	-79.9638	-79.9638	-79.9638	-79.9638	-79.9638	-79.9638	-79.9638	-79.9638	-79.9638	-79.9638	-79.9638	-79.9638	-79.9638	-79.9638	-79.9638	-79.9638	-79.9638	-79.9638	-79.9638	-79.9638	-79.9638	-79.9638	-79.9638	-79.9638	-79.964	-79.9646
1.07	37.8678	-60.8745	-77.8201	-79.7521	-79.9451	-79.9622	-79.9636	-79.9637	-79.9637	-79.9637	-79.9637	-79.9637	-79.9637	-79.9637	-79.9637	-79.9637	-79.9637	-79.9637	-79.9637	-79.9637	-79.9637	-79.9637	-79.9637	-79.9637	-79.9637	-79.9637	-79.9637	-79.9637	-79.9637	-79.9637	-79.9637	-79.9637	-79.9637	-79.9638	-79.9639	-79.9645
1.075	37.2675	-59.6358	-77.6315	-79.7258	-79.9419	-79.9618	-79.9635	-79.9636	-79.9636	-79.9636	-79.9636	-79.9636	-79.9636	-79.9636	-79.9636	-79.9636	-79.9636	-79.9636	-79.9636	-79.9636	-79.9636	-79.9636	-79.9636	-79.9636	-79.9636	-79.9636	-79.9636	-79.9636	-79.9636	-79.9636	-79.9636	-79.9636	-79.9636	-79.9637	-79.9639	-79.9645
1.08	36.6373	-58.217	-77.4319	-79.6984	-79.9385	-79.9614	-79.9634	-79.9635	-79.9635	-79.9635	-79.9635	-79.9635	-79.9635	-79.9635	-79.9635	-79.9635	-79.9635	-79.9635	-79.9635	-79.9635	-79.9635	-79.9635	-79.9635	-79.9635	-79.9635	-79.9635	-79.9635	-79.9635	-79.9635	-79.9635	-79.9635	-79.9635	-79.9636	-79.9636	-79.9638	-79.9644
1.085	35.9805	-56.5443	-77.2157	-79.6695	-79.9349	-79.9609	-79.9633	-79.9635	-79.9635	-79.9635	-79.9635	-79.9635	-79.9635	-79.9635	-79.9635	-79.9635	-79.9635	-79.9635	-79.9635	-79.9635	-79.9635	-79.9635	-79.9635	-79.9635	-79.9635	-79.9635	-79.9635	-79.9635	-79.9635	-79.9635	-79.9635	-79.9635	-79.9635	-79.9635	-79.9637	-79.9643
1.09	35.301	-54.5114	-76.9758	-79.6387	-79.931	-79.9604	-79.9632	-79.9634	-79.9634	-79.9634	-79.9634	-79.9634	-79.9634	-79.9634	-79.9634	-79.9634	-79.9634	-79.9634	-79.9634	-79.9634	-79.9634	-79.9634	-79.9634	-79.9634	-79.9634	-79.9634	-79.9634	-79.9634	-79.9634	-79.9634	-79.9634	-79.9634	-79.9634	-79.9635	-79.9636	-79.9642
1.095	34.6045	-51.956	-76.7019	-79.6053	-79.9268	-79.9599	-79.963	-79.9633	-79.9633	-79.9633	-79.9633	-79.9633	-79.9633	-79.9633	-79.9633	-79.9633	-79.9633	-79.9633	-79.9633	-79.9633	-79.9633	-79.9633	-79.9633	-79.9633	-79.9633	-79.9633	-79.9633	-79.9633	-79.9633	-79.9633	-79.9633	-79.9633	-79.9633	-79.9634	-79.9636	-79.9642
1.1	33.9	-48.6128	-76.3785	-79.5684	-79.9223	-79.9593	-79.9629	-79.9632	-79.9632	-79.9632	-79.9632	-79.9632	-79.9632	-79.9632	-79.9632	-79.9632	-79.9632	-79.9632	-79.9632	-79.9632	-79.9632	-79.9632	-79.9632	-79.9632	-79.9632	-79.9632	-79.9632	-79.9632	-79.9632	-79.9632	-79.9632	-79.9632	-79.9633	-79.9633	-79.9635	-79.9641
1.105	33.2027	-44.0208	-75.9807	-79.5266	-79.9174	-79.9587	-79.9628	-79.9631	-79.9632	-79.9632	-79.9632	-79.9632	-79.9632	-79.9632	-79.9632	-79.9632	-79.9632	-79.9632	-79.9632	-79.9632	-79.9632	-79.9632	-79.9632	-79.9632	-79.9632	-79.9632	-79.9632	-79.9632	-79.9632	-79.9632	-79.9632	-79.9632	-79.9632	-79.9632	-79.9634	-79.964
1.11	32.5401	-37.3301	-75.4659	-79.4777	-79.912	-79.958	-79.9626	-79.9631	-79.9631	-79.9631	-79.9631	-79.9631	-79.9631	-79.9631	-79.9631	-79.9631	-79.9631	-79.9631	-79.9631	-79.9631	-79.9631	-79.9631	-79.9631	-79.9631	-79.9631	-79.9631	-79.9631	-79.9631	-79.9631	-79.9631	-79.9631	-79.9631	-79.9631	-79.9632	-79.9633	-79.964
1.115	31.9636	-26.9472	-74.7569	-79.4176	-79.9058	-79.9573	-79.9625	-79.963	-79.963	-79.963	-79.963	-79.963	-79.963	-79.963	-79.963	-79.963	-79.963	-79.963	-79.963	-79.963	-79.963	-79.963	-79.963	-79.963	-79.963	-79.963	-79.963	-79.963	-79.963	-79.963	-79.963	-79.963	-79.963	-79.9631	-79.9633	-79.9639
1.12	31.5602	-10.4907	-73.7266	-79.34	-79.8986	-79.9564	-79.9623	-79.9629	-79.9629	-79.963	-79.963	-79.963	-79.963	-79.963	-79.963	-79.963	-79.963	-79.963	-79.963	-79.963	-79.963	-79.963	-79.963	-79.963	-79.963	-79.963	-79.963	-79.963	-79.963	-79.963	-79.963	-79.963	-79.963	-79.963	-79.9632	-79.9638
1.125	31.3871	11.028	-72.2832	-79.2367	-79.8897	-79.9555	-79.9622	-79.9628	-79.9629	-79.9629	-79.9629	-79.9629	-79.9629	-79.9629	-79.9629	-79.9629	-79.9629	-79.9629	-79.9629	-79.9629	-79.9629	-79.9629	-79.9629	-79.9629	-79.9629	-79.9629	-79.9629	-79.9629	-79.9629	-79.9629	-79.9629	-79.9629	-79.9629	-79.9629	-79.9631	-79.9637
1.13	31.2831	26.5158	-70.6206	-79.1054	-79.8788	-79.9544	-79.962	-79.9627	-79.9628	-79.9628	-79.9628	-79.9628	-79.9628	-79.9628	-79.9628	-79.9628	-79.9628	-79.9628	-79.9628	-79.9628	-79.9628	-79.9628	-79.9628	-79.9628	-79.9628	-79.9628	-79.9628	-79.9628	-79.9628	-79.9628	-79.9628	-79.9628	-79.9628	-79.9629	-79.963	-79.9637
1.135	31.0312	32.4308	-69.0323	-78.9523	-79.8655	-79.9531	-79.9618	-79.9626	-79.9627	-79.9627	-79.9627	-79.9627	-79.9627	-79.9627	-79.9627	-79.9627	-79.9627	-79.9627	-79.9627	-79.9627	-79.9627	-79.9627	-79.9627	-79.9627	-79.9627	-79.9627	-79.9627	-79.9627	-79.9627	-79.9627	-79.9627	-79.9627	-79.9627	-79.9628	-79.963	-79.9636
1.14	30.5686	34.0701	-67.6383	-78.7868	-79.85	-79.9516	-79.9616	-79.9626	-79.9626	-79.9627	-79.9627	-79.9627	-79.9627	-79.9627	-79.9627	-79.9627	-79.9627	-79.9627	-79.9627	-79.9627	-79.9627	-79.9627	-79.9627	-79.9627	-79.9627	-79.9627	-79.9627	-79.9627	-79.9627	-79.9627	-79.9627	-79.9627	-79.9627	-79.9627	-79.9629	-79.9635
1.145	29.9285	34.3049	-66.426	-78.6162	-79.8324	-79.9499	-79.9613	-79.9625	-79.9626	-79.9626	-79.9626	-79.9626	-79.9626	-79.9626	-79.9626	-79.9626	-79.9626	-79.9626	-79.9626	-79.9626	-79.9626	-79.9626	-79.9626	-79.9626	-79.9626	-79.9626	-79.9626	-79.9626	-79.9626	-79.9626	-79.9626	-79.9626	-79.9626	-79.9626	-79.9628	-79.9635
1.15	29.1603	34.0455	-65.3407	-78.445	-79.8131	-79.9479	-79.9611	-79.9624	-79.9625	-79.9625	-79.9625	-79.9625	-79.9625	-79.9625	-79.9625	-79.9625	-79.9625	-79.9625	-79.9625	-79.9625	-79.9625	-79.9625	-79.9625	-79.9625	-79.9625	-79.9625	-79.9625	-79.9625	-79.9625	-79.9625	-79.9625	-79.9625	-79.9625	-79.9626	-79.9628	-79.9634
1.155	28.3012	33.5674	-64.3265	-78.2745	-79.7924	-79.9457	-79.9608	-79.9623	-79.9624	-79.9624	-79.9624	-79.9624	-79.9624	-79.9624	-79.9624	-79.9624	-79.9624	-79.9624	-79.9624	-79.9624	-79.9624	-79.9624	-79.9624	-79.9624	-79.9624	-79.9624	-79.9624	-79.9624	-79.9624	-79.9624	-79.9624	-79.9624	-79.9625	-79.9625	-79.9627	-79.9633
1.16	27.3745	32.9657	-63.3344	-78.1046	-79.7706	-79.9433	-79.9605	-79.9622	-79.9623	-79.9624	-79.9624	-79.9624	-79.9624	-79.9624	-79.9624	-79.9624	-79.9624	-79.9624	-79.9624	-79.9624	-79.9624	-79.9624	-79.9624	-79.9624	-79.9624	-79.9624	-79.9624	-79.9624	-79.9624	-79.9624	-79.9624	-79.9624	-79.9624	-79.9624	-79.9626	-79.9633
1.165	26.3947	32.2807	-62.3215	-77.9338	-79.7478	-79.9406	-79.9602	-79.9621	-79.9623	-79.9623	-79.9623	-79.9623	-79.9623	-79.9623	-79.9623	-79.9623	-79.9623	-79.9623	-79.9623	-79.9623	-79.9623	-79.9623	-79.9623	-79.9623	-79.9623	-79.9623	-79.9623	-79.9623	-79.9623	-79.9623	-79.9623	-79.9623	-79.9623	-79.9624	-79.9625	-79.9632
1.17	25.3702	31.5327	-61.2468	-77.7597	-79.7239	-79.9377	-79.9598	-79.962	-79.9622	-79.9622	-79.9622	-79.9622	-79.9622	-79.9622	-79.9622	-79.9622	-79.9622	-79.9622	-79.9622	-79.9622	-79.9622	-79.9622	-79.9622	-79.9622	-79.9622	-79.9622	-79.9622	-79.9622	-79.9622	-79.9622	-79.9622	-79.9622	-79.9622	-79.9623	-79.9625	-79.9631
1.175	24.3069	30.7337	-60.0668	-77.5794	-79.6991	-79.9347	-79.9594	-79.9619	-79.9621	-79.9621	-79.9622	-79.9622	-79.9622	-79.9622	-79.9622	-79.9622	-79.9622	-79.9622	-79.9622	-79.9622	-79.9622	-79.9622	-79.9622	-79.9622	-79.9622	-79.9622	-79.9622	-79.9622	-79.9622	-79.9622	-79.9622	-79.9622	-79.9622	-79.9622	-79.9624	-79.9631
1.18	23.2087	29.8913	-58.7307	-77.3891	-79.673	-79.9314	-79.9589	-79.9618	-79.962	-79.9621	-79.9621	-79.9621	-79.9621	-79.9621	-79.9621	-79.9621	-79.9621	-79.9621	-79.9621	-79.9621	-79.9621	-79.9621	-79.9621	-79.9621	-79.9621	-79.9621	-79.9621	-79.9621	-79.9621	-79.9621	-79.9621	-79.9621	-79.9621	-79.9621	-79.9623	-79.963
1.185	22.0785	29.0115	-57.1727	-77.184	-79.6455	-79.9279	-79.9585	-79.9616	-79.962	-79.962	-79.962	-79.962	-79.962	-79.962	-79.962	-79.962	-79.962	-79.962	-79.962	-79.962	-79.962	-79.962	-79.962	-79.962	-79.962	-79.962	-79.962	-79.962	-79.962	-79.962	-79.962	-79.962	-79.962	-79.9621	-79.9623	-79.9629
1.19	20.9189	28.0998	-55.3011	-76.9579	-79.6162	-79.9241	-79.958	-79.9615	-79.9619	-79.9619	-79.9619	-79.9619	-79.9619	-79.9619	-79.9619	-79.9619	-79.9619	-79.9619	-79.9619	-79.9619	-79.9619	-79.9619	-79.9619	-79.9619	-79.9619	-79.9619	-79.9619	-79.9619	-79.9619	-79.9619	-79.9619	-79.9619	-79.962	-79.962	-79.9622	-79.9628
1.195	19.7322	27.1621	-52.9795	-76.7019	-79.5845	-79.9201	-79.9574	-79.9614	-79.9618	-79.9619	-79.9619	-79.9619	-79.9619	-79.9619	-79.9619	-79.9619	-79.9619	-79.9619	-79.9619	-79.9619	-79.9619	-79.9619	-79.9619	-79.9619	-79.9619	-79.9619	-79.9619	-79.9619	-79.9619	-79.9619	-79.9619	-79.9619	-79.9619	-79.9619	-79.9621	-79.9628
1.2	18.5207	26.2064	-49.9907	-76.4029	-79.5497	-79.9158	-79.9569	-79.9613	-79.9617	-79.9618	-79.9618	-79.9618	-79.9618	-79.9618	-79.9618	-79.9618	-79.9618	-79.9618	-79.9618	-79.9618	-79.9618	-79.9618	-79.9618	-79.9618	-79.9618	-79.9618	-79.9618	-79.9618	-79.9618	-79.9618	-79.9618	-79.9618	-79.9618	-79.9619	-79.962	-79.9627
1.205	17.287	25.2445	-45.9675	-76.0406	-79.5105	-79.9111	-79.9562	-79.9611	-79.9617	-79.9617	-79.9617	-79.9617	-79.9617	-79.9617	-79.9617	-79.9617	-79.9617	-79.9617	-79.9617	-79.9617	-79.9617	-79.9617	-79.9617	-79.9617	-79.9617	-79.9617	-79.9617	-79.9617	-79.9617	-79.9617	-79.9617	-79.9617	-79.9617	-79.9618	-79.962	-79.9626
1.21	16.0338	24.2962	-40.2499	-75.5808	-79.4652	-79.9059	-79.9556	-79.961	-79.9616	-79.9616	-79.9616	-79.9616	-79.9616	-79.9616	-79.9616	-79.9616	-79.9616	-79.9616	-79.9616	-79.9616	-79.9616	-79.9616	-79.9616	-79.9616	-79.9616	-79.9616	-79.9616	-79.9616	-79.9616	-79.9616	-79.9616	-79.9617	-79.9617	-79.9617	-79.9619	-79.9626
1.215	14.7648	23.3968	-31.6007	-74.963	-79.4105	-79.9001	-79.9548	-79.9609	-79.9615	-79.9616	-79.9616	-79.9616	-79.9616	-79.9616	-79.9616	-79.9616	-79.9616	-79.9616	-79.9616	-79.9616	-79.9616	-79.9616	-79.9616	-79.9616	-79.9616	-79.9616	-79.9616	-79.9616	-79.9616	-79.9616	-79.9616	-79.9616	-79.9616	-79.9616	-79.9618	-79.9625
1.22	13.4852	22.6088	-17.885	-74.0808	-79.3412	-79.8933	-79.954	-79.9607	-79.9614	-79.9615	-79.9615	-79.9615	-79.9615	-79.9615	-79.9615	-79.9615	-79.9615	-79.9615	-79.9615	-79.9615	-79.9615	-79.9615	-79.9615	-79.9615	-79.9615	-79.9615	-79.9615	-79.9615	-79.9615	-79.9615	-79.9615	-79.9615	-79.9615	-79.9616	-79.9618	-79.9624
1.225	12.2018	22.0059	2.2522	-72.8047	-79.2494	-79.8852	-79.9531	-79.9605	-79.9613	-79.9614	-79.9614	-79.9614	-79.9614	-79.9614	-79.9614	-79.9614	-79.9614	-79.9614	-79.9614	-79.9614	-79.9614	-79.9614	-79.9614	-79.9614	-79.9614	-79.9614	-79.9614	-79.9614	-79.9614	-79.9614	-79.9614	-79.9614	-79.9615	-79.9615	-79.9617	-79.9624
1.23	10.9196	21.5294	21.4015	-71.1982	-79.1295	-79.8751	-79.9521	-79.9604	-79.9613	-79.9614	-79.9614	-79.9614	-79.9614	-79.9614	-79.9614	-79.9614	-79.9614	-79.9614	-79.9614	-79.9614	-79.9614	-79.9614	-79.9614	-79.9614	-79.9614	-79.9614	-79.9614	-79.9614	-79.9614	-79.9614	-79.9614	-79.9614	-79.9614	-79.9614	-79.9616	-79.9623
1.235	9.63718	20.9751	30.5343	-69.5629	-78.9847	-79.8629	-79.9509	-79.9602	-79.9612	-79.9613	-79.9613	-79.9613	-79.9613	-79.9613	-79.9613	-79.9613	-79.9613	-79.9613	-79.9613	-79.9613	-79.9613	-79.9613	-79.9613	-79.9613	-79.9613	-79.9613	-79.9613	-79.9613	-79.9613	-79.9613	-79.9613	-79.9613	-79.9613	-79.9614	-79.9616	-79.9622
1.24	8.35015	20.2418	33.3652	-68.0931	-78.8238	-79.8482	-79.9495	-79.96	-79.9611	-79.9612	-79.9612	-79.9612	-79.9612	-79.9612	-79.9612	-79.9612	-79.9612	-79.9612	-79.9612	-79.9612	-79.9612	-79.9612	-79.9612	-79.9612	-79.9612	-79.9612	-79.9612	-79.9612	-79.9612	-79.9612	-79.9612	-79.9612	-79.9612	-79.9613	-79.9615	-79.9622
1.245	7.05501	19.3426	33.9797	-66.8166	-78.6551	-79.8315	-79.9478	-79.9598	-79.961	-79.9611	-79.9612	-79.9612	-79.9612	-79.9612	-79.9612	-79.9612	-79.9612	-79.9612	-79.9612	-79.9612	-79.9612	-79.9612	-79.9612	-79.9612	-79.9612	-79.9612	-79.9612	-79.9612	-79.9612	-79.9612	-79.9612	-79.9612	-79.9612	-79.9612	-79.9614	-79.9621
1.25	5.75071	18.3226	33.8511	-65.6886	-78.4844	-79.8129	-79.946	-79.9595	-79.9609	-79.9611	-79.9611	-79.9611	-79.9611	-79.9611	-79.9611	-79.9611	-79.9611	-79.9611	-79.9611	-79.9611	-79.9611	-79.9611	-79.9611	-79.9611	-79.9611	-79.9611	-79.9611	-79.9611	-79.9611	-79.9611	-79.9611	-79.9611	-79.9611	-79.9612	-79.9613	-79.962
1.255	4.4382	17.2196	33.4243	-64.6517	-78.3139	-79.7927	-79.9438	-79.9592	-79.9608	-79.961	-79.961	-79.961	-79.961	-79.961	-79.961	-79.961	-79.961	-79.961	-79.961	-79.961	-79.961	-79.961	-79.961	-79.961	-79.961	-79.961	-79.961	-79.961	-79.961	-79.961	-79.961	-79.961	-79.961	-79.9611	-79.9613	-79.962
1.26	3.11948	16.0585	32.8437	-63.6541	-78.1442	-79.7714	-79.9415	-79.9589	-79.9607	-79.9609	-79.9609	-79.9609	-79.9609	-79.9609	-79.9609	-79.9609	-79.9609	-79.9609	-79.9609	-79.9609	-79.9609	-79.9609	-79.9609	-79.9609	-79.9609	-79.9609	-79.9609	-79.9609	-79.9609	-79.9609	-79.9609	-79.961	-79.961	-79.961	-79.9612	-79.9619
1.265	1.797	14.8547	32.1654	-62.6507	-77.974	-79.749	-79.9389	-79.9586	-79.9606	-79.9609	-79.9609	-79.9609	-79.9609	-79.9609	-79.9609	-79.9609	-79.9609	-79.9609	-79.9609	-79.9609	-79.9609	-79.9609	-79.9609	-79.9609	-79.9609	-79.9609	-79.9609	-79.9609	-79.9609	-79.9609	-79.9609	-79.9609	-79.9609	-79.961	-79.9611	-79.9618
1.27	0.473285	13.6182	31.4159	-61.6	-77.8014	-79.7255	-79.9361	-79.9582	-79.9605	-79.9608	-79.9608	-79.9608	-79.9608	-79.9608	-79.9608	-79.9608	-79.9608	-79.9608	-79.9608	-79.9608	-79.9608	-79.9608	-79.9608	-79.9608	-79.9608	-79.9608	-79.9608	-79.9608	-79.9608	-79.9608	-79.9608	-79.9608	-79.9608	-79.9609	-79.9611	-79.9618
1.275	-0.849188	12.3558	30.61	-60.4596	-77.6237	-79.7011	-79.9331	-79.9579	-79.9604	-79.9607	-79.9607	-79.9607	-79.9607	-79.9607	-79.9607	-79.9607	-79.9607	-79.9607	-79.9607	-79.9607	-79.9607	-79.9607	-79.9607	-79.9607	-79.9607	-79.9607	-79.9607	-79.9607	-79.9607	-79.9607	-79.9607	-79.9607	-79.9608	-79.9608	-79.961	-79.9617
1.28	-2.16808	11.0725	29.7571	-59.1816	-77.4373	-79.6755	-79.9299	-79.9574	-79.9603	-79.9606	-79.9607	-79.9607	-79.9607	-79.9607	-79.9607	-79.9607	-79.9607	-79.9607	-79.9607	-79.9607	-79.9607	-79.9607	-79.9607	-79.9607	-79.9607	-79.9607	-79.9607	-79.9607	-79.9607	-79.9607	-79.9607	-79.9607	-79.9607	-79.9607	-79.9609	-79.9616
1.285	-3.48118	9.77271	28.8637	-57.7061	-77.2379	-79.6486	-79.9265	-79.957	-79.9602	-79.9606	-79.9606	-79.9606	-79.9606	-79.9606	-79.9606	-79.9606	-79.9606	-79.9606	-79.9606	-79.9606	-79.9606	-79.9606	-79.9606	-79.9606	-79.9606	-79.9606	-79.9606	-79.9606	-79.9606	-79.9606	-79.9606	-79.9606	-79.9606	-79.9607	-79.9609	-79.9616
1.29	-4.78643	8.45983	27.9354	-55.9514	-77.0198	-79.6199	-79.9228	-79.9565	-79.9601	-79.9605	-79.9605	-79.9605	-79.9605	-79.9605	-79.9605	-79.9605	-79.9605	-79.9605	-79.9605	-79.9605	-79.9605	-79.9605	-79.9605	-79.9605	-79.9605	-79.9605	-79.9605	-79.9605	-79.9605	-79.9605	-79.9605	-79.9605	-79.9606	-79.9606	-79.9608	-79.9615
1.295	-6.08191	7.13712	26.9783	-53.7988	-76.775	-79.5891	-79.9189	-79.956	-79.96	-79.9604	-79.9605	-79.9605	-79.9605	-79.9605	-79.9605	-79.9605	-79.9605	-79.9605	-79.9605	-79.9605	-79.9605	-79.9605	-79.9605	-79.9605	-79.9605	-79.9605	-79.9605	-79.9605	-79.9605	-79.9605	-79.9605	-79.9605	-79.9605	-79.9605	-79.9607	-79.9614
1.3	-7.3658	5.80765	25.9994	-51.0635	-76.4922	-79.5555	-79.9147	-79.9554	-79.9599	-79.9603	-79.9604	-79.9604	-79.9604	-79.9604	-79.9604	-79.9604	-79.9604	-79.9604	-79.9604	-79.9604	-79.9604	-79.9604	-79.9604	-79.9604	-79.9604	-79.9604	-79.9604	-79.9604	-79.9604	-79.9604	-79.9604	-79.9604	-79.9604	-79.9605	-79.9607	-79.9614
1.305	-8.63644	4.47443	25.0093	-47.4393	-76.1541	-79.518	-79.9101	-79.9548	-79.9597	-79.9603	-79.9603	-79.9603	-79.9603	-79.9603	-79.9603	-79.9603	-79.9603	-79.9603	-79.9603	-79.9603	-79.9603	-79.9603	-79.9603	-79.9603	-79.9603	-79.9603	-79.9603	-79.9603	-79.9603	-79.9603	-79.9603	-79.9603	-79.9604	-79.9604	-79.9606	-79.9613
1.31	-9.89224	3.14061	24.0246	-42.3867	-75.7319	-79.475	-79.9051	-79.9541	-79.9596	-79.9602	-79.9603	-79.9603	-79.9603	-79.9603	-79.9603	-79.9603	-79.9603	-79.9603	-79.9603	-79.9603	-79.9603	-79.9603	-79.9603	-79.9603	-79.9603	-79.9603	-79.9603	-79.9603	-79.9603	-79.9603	-79.9603	-79.9603	-79.9603	-79.9603	-79.9605	-79.9612
1.315	-11.1317	1.80967	23.0744	-34.9039	-75.1759	-79.424	-79.8995	-79.9534	-79.9595	-79.9601	-79.9602	-79.9602	-79.9602	-79.9602	-79.9602	-79.9602	-79.9602	-79.9602	-79.9602	-79.9602	-79.9602	-79.9602	-79.9602	-79.9602	-79.9602	-79.9602	-79.9602	-79.9602	-79.9602	-79.9602	-79.9602	-79.9602	-79.9602	-79.9603	-79.9605	-79.9612
1.32	-12.3535	0.485927	22.2113	-23.1623	-74.397	-79.3604	-79.8931	-79.9527	-79.9593	-79.96	-79.9601	-79.9601	-79.9601	-79.9601	-79.9601	-79.9601	-79.9601	-79.9601	-79.9601	-79.9601	-79.9601	-79.9601	-79.9601	-79.9601	-79.9601	-79.9601	-79.9601	-79.9601	-79.9601	-79.9601	-79.9601	-79.9601	-79.9601	-79.9602	-79.9604	-79.9611
1.325	-13.5561	-0.825077	21.5133	-4.99531	-73.2619	-79.277	-79.8855	-79.9518	-79.9592	-79.96	-79.96	-79.9601	-79.9601	-79.9601	-79.9601	-79.9601	-79.9601	-79.9601	-79.9601	-79.9601	-79.9601	-79.9601	-79.9601	-79.9601	-79.9601	-79.9601	-79.9601	-79.9601	-79.9601	-79.9601	-79.9601	-79.9601	-79.9601	-79.9601	-79.9603	-79.961
1.33	-14.7382	-2.11825	20.9872	15.9652	-71.7374	-79.1666	-79.8762	-79.9508	-79.959	-79.9599	-79.96	-79.96	-79.96	-79.96	-79.96	-79.96	-79.96	-79.96	-79.96	-79.96	-79.96	-79.96	-79.96	-79.96	-79.96	-79.96	-79.96	-79.96	-79.96	-79.96	-79.96	-79.96	-79.96	-79.9601	-79.9603	-79.961
1.335	-15.8987	-3.3932	20.4494	28.4504	-70.0814	-79.0293	-79.8647	-79.9497	-79.9588	-79.9598	-79.9599	-79.9599	-79.9599	-79.9599	-79.9599	-79.9599	-79.9599	-79.9599	-79.9599	-79.9599	-79.9599	-79.9599	-79.9599	-79.9599	-79.9599	-79.9599	-79.9599	-79.9599	-79.9599	-79.9599	-79.9599	-79.9599	-79.9599	-79.96	-79.9602	-79.9609
1.34	-17.0366	-4.65326	19.75	32.7603	-68.5477	-78.8728	-79.8508	-79.9483	-79.9586	-79.9597	-79.9598	-79.9599	-79.9599	-79.9599	-79.9599	-79.9599	-79.9599	-79.9599	-79.9599	-79.9599	-79.9599	-79.9599	-79.9599	-79.9599	-79.9599	-79.9599	-79.9599	-79.9599	-79.9599	-79.9599	-79.9599	-79.9599	-79.9599	-79.9599	-79.9601	-79.9608
1.345	-18.1513	-5.90156	18.8734	33.8596	-67.2104	-78.706	-79.8347	-79.9468	-79.9584	-79.9596	-79.9598	-79.9598	-79.9598	-79.9598	-79.9598	-79.9598	-79.9598	-79.9598	-79.9598	-79.9598	-79.9598	-79.9598	-79.9598	-79.9598	-79.9598	-79.9598	-79.9598	-79.9598	-79.9598	-79.9598	-79.9598	-79.9598	-79.9598	-79.9599	-79.9601	-79.9608
1.35	-19.2425	-7.13923	17.8612	33.901	-66.0395	-78.5356	-79.8167	-79.945	-79.9582	-79.9596	-79.9597	-79.9597	-79.9597	-79.9597	-79.9597	-79.9597	-79.9597	-79.9597	-79.9597	-79.9597	-79.9597	-79.9597	-79.9597	-79.9597	-79.9597	-79.9597	-79.9597	-79.9597	-79.9597	-79.9597	-79.9597	-79.9597	-79.9597	-79.9598	-79.96	-79.9607
1.355	-20.3097	-8.36572	16.7555	33.5483	-64.9782	-78.365	-79.7971	-79.9429	-79.9579	-79.9595	-79.9596	-79.9597	-79.9597	-79.9597	-79.9597	-79.9597	-79.9597	-79.9597	-79.9597	-79.9597	-79.9597	-79.9597	-79.9597	-79.9597	-79.9597	-79.9597	-79.9597	-79.9597	-79.9597	-79.9597	-79.9597	-79.9597	-79.9597	-79.9597	-79.9599	-79.9607
1.36	-21.3528	-9.57962	15.5854	33.0083	-63.9723	-78.1951	-79.7761	-79.9407	-79.9576	-79.9594	-79.9596	-79.9596	-79.9596	-79.9596	-79.9596	-79.9596	-79.9596	-79.9596	-79.9596	-79.9596	-79.9596	-79.9596	-79.9596	-79.9596	-79.9596	-79.9596	-79.9596	-79.9596	-79.9596	-79.9596	-79.9596	-79.9596	-79.9596	-79.9597	-79.9599	-79.9606
1.365	-22.3715	-10.7792	14.3692	32.3565	-62.9749	-78.0252	-79.754	-79.9381	-79.9573	-79.9593	-79.9595	-79.9595	-79.9595	-79.9595	-79.9595	-79.9595	-79.9595	-79.9595	-79.9595	-79.9595	-79.9595	-79.9595	-79.9595	-79.9595	-79.9595	-79.9595	-79.9595	-79.9595	-79.9595	-79.9595	-79.9595	-79.9595	-79.9595	-79.9596	-79.9598	-79.9605
1.37	-23.3655	-11.9629	13.1187	31.6263	-61.9436	-77.8537	-79.7309	-79.9354	-79.9569	-79.9592	-79.9594	-79.9595	-79.9595	-79.9595	-79.9595	-79.9595	-79.9595	-79.9595	-79.9595	-79.9595	-79.9595	-79.9595	-79.9595	-79.9595	-79.9595	-79.9595	-79.9595	-79.9595	-79.9595	-79.9595	-79.9595	-79.9595	-79.9595	-79.9595	-79.9597	-79.9605
1.375	-24.3348	-13.1293	11.8415	30.8355	-60.8368	-77.678	-79.7068	-79.9325	-79.9566	-79.9591	-79.9594	-79.9594	-79.9594	-79.9594	-79.9594	-79.9594	-79.9594	-79.9594	-79.9594	-79.9594	-79.9594	-79.9594	-79.9594	-79.9594	-79.9594	-79.9594	-79.9594	-79.9594	-79.9594	-79.9594	-79.9594	-79.9594	-79.9594	-79.9595	-79.9597	-79.9604
1.38	-25.2791	-14.277	10.5435	29.9948	-59.6088	-77.4948	-79.6816	-79.9294	-79.9561	-79.959	-79.9593	-79.9593	-79.9593	-79.9593	-79.9593	-79.9593	-79.9593	-79.9593	-79.9593	-79.9593	-79.9593	-79.9593	-79.9593	-79.9593	-79.9593	-79.9593	-79.9593	-79.9593	-79.9593	-79.9593	-79.9593	-79.9593	-79.9593	-79.9594	-79.9596	-79.9603
1.385	-26.1984	-15.4051	9.22932	29.1116	-58.2044	-77.3002	-79.6552	-79.926	-79.9557	-79.9589	-79.9592	-79.9593	-79.9593	-79.9593	-79.9593	-79.9593	-79.9593	-79.9593	-79.9593	-79.9593	-79.9593	-79.9593	-79.9593	-79.9593	-79.9593	-79.9593	-79.9593	-79.9593	-79.9593	-79.9593	-79.9593	-79.9593	-79.9593	-79.9593	-79.9595	-79.9603
1.39	-27.0927	-16.5126	7.90269	28.1916	-56.5503	-77.0888	-79.6271	-79.9224	-79.9552	-79.9588	-79.9591	-79.9592	-79.9592	-79.9592	-79.9592	-79.9592	-79.9592	-79.9592	-79.9592	-79.9592	-79.9592	-79.9592	-79.9592	-79.9592	-79.9592	-79.9592	-79.9592	-79.9592	-79.9592	-79.9592	-79.9592	-79.9592	-79.9592	-79.9593	-79.9595	-79.9602
1.395	-27.9619	-17.5988	6.56706	27.2406	-54.5421	-76.8536	-79.5971	-79.9186	-79.9547	-79.9587	-79.9591	-79.9591	-79.9591	-79.9591	-79.9591	-79.9591	-79.9591	-79.9591	-79.9591	-79.9591	-79.9591	-79.9591	-79.9591	-79.9591	-79.9591	-79.9591	-79.9591	-79.9591	-79.9591	-79.9591	-79.9591	-79.9591	-79.9592	-79.9592	-79.9594	-79.9601
1.4	-28.8062	-18.6631	5.2256	26.2653	-52.0204	-76.5847	-79.5645	-79.9145	-79.9542	-79.9585	-79.959	-79.9591	-79.9591	-79.9591	-79.9591	-79.9591	-79.9591	-79.9591	-79.9591	-79.9591	-79.9591	-79.9591	-79.9591	-79.9591	-79.9591	-79.9591	-79.9591	-79.9591	-79.9591	-79.9591	-79.9591	-79.9591	-79.9591	-79.9591	-79.9594	-79.9601
1.405	-29.6257	-19.7051	3.8814	25.2749	-48.7269	-76.2668	-79.5284	-79.9101	-79.9536	-79.9584	-79.9589	-79.959	-79.959	-79.959	-79.959	-79.959	-79.959	-79.959	-79.959	-79.959	-79.959	-79.959	-79.959	-79.959	-79.959	-79.959	-79.959	-79.959	-79.959	-79.959	-79.959	-79.959	-79.959	-79.9591	-79.9593	-79.96
1.41	-30.4206	-20.7244	2.53757	24.2835	-44.2151	-75.8758	-79.4874	-79.9052	-79.953	-79.9583	-79.9589	-79.9589	-79.9589	-79.9589	-79.9589	-79.9589	-79.9589	-79.9589	-79.9589	-79.9589	-79.9589	-79.9589	-79.9589	-79.9589	-79.9589	-79.9589	-79.9589	-79.9589	-79.9589	-79.9589	-79.9589	-79.9589	-79.959	-79.959	-79.9592	-79.96
1.415	-31.191	-21.7207	1.19747	23.3153	-37.6674	-75.3702	-79.4393	-79.8998	-79.9523	-79.9581	-79.9588	-79.9589	-79.9589	-79.9589	-79.9589	-79.9589	-79.9589	-79.9589	-79.9589	-79.9589	-79.9589	-79.9589	-79.9589	-79.9589	-79.9589	-79.9589	-79.9589	-79.9589	-79.9589	-79.9589	-79.9589	-79.9589	-79.9589	-79.9589	-79.9592	-79.9599
1.42	-31.9372	-22.6937	-0.134898	22.414	-27.5585	-74.6761	-79.3804	-79.8937	-79.9515	-79.958	-79.9587	-79.9588	-79.9588	-79.9588	-79.9588	-79.9588	-79.9588	-79.9588	-79.9588	-79.9588	-79.9588	-79.9588	-79.9588	-79.9588	-79.9588	-79.9588	-79.9588	-79.9588	-79.9588	-79.9588	-79.9588	-79.9588	-79.9588	-79.9589	-79.9591	-79.9598
1.425	-32.6596	-23.6433	-1.4544	21.6522	-11.5732	-73.6703	-79.3044	-79.8866	-79.9507	-79.9578	-79.9586	-79.9587	-79.9587	-79.9587	-79.9587	-79.9587	-79.9587	-79.9587	-79.9587	-79.9587	-79.9587	-79.9587	-79.9587	-79.9587	-79.9587	-79.9587	-79.9587	-79.9587	-79.9587	-79.9587	-79.9587	-79.9587	-79.9588	-79.9588	-79.959	-79.9598
1.43	-33.3583	-24.5691	-2.75538	21.0807	9.66161	-72.2558	-79.2031	-79.8778	-79.9498	-79.9577	-79.9586	-79.9587	-79.9587	-79.9587	-79.9587	-79.9587	-79.9587	-79.9587	-79.9587	-79.9587	-79.9587	-79.9587	-79.9587	-79.9587	-79.9587	-79.9587	-79.9587	-79.9587	-79.9587	-79.9587	-79.9587	-79.9587	-79.9587	-79.9588	-79.959	-79.9597
1.435	-34.0339	-25.4712	-4.03572	20.5677	25.5971	-70.6068	-79.0739	-79.8671	-79.9487	-79.9575	-79.9585	-79.9586	-79.9586	-79.9586	-79.9586	-79.9586	-79.9586	-79.9586	-79.9586	-79.9586	-79.9586	-79.9586	-79.9586	-79.9586	-79.9586	-79.9586	-79.9586	-79.9586	-79.9586	-79.9586	-79.9586	-79.9586	-79.9586	-79.9587	-79.9589	-79.9596
1.44	-34.6867	-26.3494	-5.29806	19.9252	31.8948	-69.0178	-78.9226	-79.854	-79.9474	-79.9573	-79.9584	-79.9585	-79.9585	-79.9585	-79.9585	-79.9585	-79.9585	-79.9585	-79.9585	-79.9585	-79.9585	-79.9585	-79.9585	-79.9585	-79.9585	-79.9585	-79.9585	-79.9585	-79.9585	-79.9585	-79.9585	-79.9585	-79.9586	-79.9586	-79.9588	-79.9596
1.445	-35.3171	-27.2041	-6.546	19.1001	33.6718	-67.6176	-78.7583	-79.8386	-79.9459	-79.9571	-79.9583	-79.9585	-79.9585	-79.9585	-79.9585	-79.9585	-79.9585	-79.9585	-79.9585	-79.9585	-79.9585	-79.9585	-79.9585	-79.9585	-79.9585	-79.9585	-79.9585	-79.9585	-79.9585	-79.9585	-79.9585	-79.9585	-79.9585	-79.9586	-79.9588	-79.9595
1.45	-35.9256	-28.0357	-7.78145	18.1244	33.9411	-66.3989	-78.5885	-79.8212	-79.9442	-79.9569	-79.9582	-79.9584	-79.9584	-79.9584	-79.9584	-79.9584	-79.9584	-79.9584	-79.9584	-79.9584	-79.9584	-79.9584	-79.9584	-79.9584	-79.9584	-79.9584	-79.9584	-79.9584	-79.9584	-79.9584	-79.9584	-79.9584	-79.9584	-79.9585	-79.9587	-79.9595
1.455	-36.5128	-28.8445	-9.00441	17.0428	33.6812	-65.3085	-78.4178	-79.802	-79.9422	-79.9566	-79.9582	-79.9583	-79.9583	-79.9584	-79.9584	-79.9584	-79.9584	-79.9584	-79.9584	-79.9584	-79.9584	-79.9584	-79.9584	-79.9584	-79.9584	-79.9584	-79.9584	-79.9584	-79.9584	-79.9584	-79.9584	-79.9584	-79.9584	-79.9584	-79.9587	-79.9594
1.46	-37.079	-29.631	-10.2138	15.889	33.1897	-64.2901	-78.2477	-79.7814	-79.94	-79.9564	-79.9581	-79.9583	-79.9583	-79.9583	-79.9583	-79.9583	-79.9583	-79.9583	-79.9583	-79.9583	-79.9583	-79.9583	-79.9583	-79.9583	-79.9583	-79.9583	-79.9583	-79.9583	-79.9583	-79.9583	-79.9583	-79.9583	-79.9583	-79.9584	-79.9586	-79.9593
1.465	-37.6249	-30.3954	-11.4079	14.6842	32.5688	-63.2946	-78.0779	-79.7597	-79.9376	-79.9561	-79.958	-79.9582	-79.9582	-79.9582	-79.9582	-79.9582	-79.9582	-79.9582	-79.9582	-79.9582	-79.9582	-79.9582	-79.9582	-79.9582	-79.9582	-79.9582	-79.9582	-79.9582	-79.9582	-79.9582	-79.9582	-79.9582	-79.9582	-79.9583	-79.9585	-79.9593
1.47	-38.1511	-31.1383	-12.5854	13.4418	31.8611	-62.2785	-77.9072	-79.7369	-79.935	-79.9557	-79.9579	-79.9581	-79.9582	-79.9582	-79.9582	-79.9582	-79.9582	-79.9582	-79.9582	-79.9582	-79.9582	-79.9582	-79.9582	-79.9582	-79.9582	-79.9582	-79.9582	-79.9582	-79.9582	-79.9582	-79.9582	-79.9582	-79.9582	-79.9582	-79.9585	-79.9592
1.475	-38.6581	-31.8599	-13.7448	12.1708	31.0881	-61.2004	-77.7331	-79.7132	-79.9321	-79.9554	-79.9578	-79.9581	-79.9581	-79.9581	-79.9581	-79.9581	-79.9581	-79.9581	-79.9581	-79.9581	-79.9581	-79.9581	-79.9581	-79.9581	-79.9581	-79.9581	-79.9581	-79.9581	-79.9581	-79.9581	-79.9581	-79.9581	-79.9581	-79.9582	-79.9584	-79.9592
1.48	-39.1466	-32.5607	-14.8849	10.8774	30.2622	-60.0165	-77.5527	-79.6883	-79.929	-79.955	-79.9577	-79.958	-79.958	-79.958	-79.958	-79.958	-79.958	-79.958	-79.958	-79.958	-79.958	-79.958	-79.958	-79.958	-79.958	-79.958	-79.958	-79.958	-79.958	-79.958	-79.958	-79.958	-79.9581	-79.9581	-79.9583	-79.9591
1.485	-39.6171	-33.2409	-16.0046	9.56645	29.3917	-58.6753	-77.3622	-79.6623	-79.9257	-79.9545	-79.9576	-79.9579	-79.958	-79.958	-79.958	-79.958	-79.958	-79.958	-79.958	-79.958	-79.958	-79.958	-79.958	-79.958	-79.958	-79.958	-79.958	-79.958	-79.958	-79.958	-79.958	-79.958	-79.958	-79.9581	-79.9583	-79.959
1.49	-40.0702	-33.901	-17.1032	8.24208	28.4826	-57.1104	-77.1569	-79.6348	-79.9222	-79.9541	-79.9575	-79.9579	-79.9579	-79.9579	-79.9579	-79.9579	-79.9579	-79.9579	-79.9579	-79.9579	-79.9579	-79.9579	-79.9579	-79.9579	-79.9579	-79.9579	-79.9579	-79.9579	-79.9579	-79.9579	-79.9579	-79.9579	-79.9579	-79.958	-79.9582	-79.959
1.495	-40.5066	-34.5414	-18.1801	6.9078	27.5406	-55.2294	-76.9302	-79.6055	-79.9185	-79.9536	-79.9574	-79.9578	-79.9578	-79.9578	-79.9578	-79.9578	-79.9578	-79.9578	-79.9578	-79.9578	-79.9578	-79.9578	-79.9578	-79.9578	-79.9578	-79.9578	-79.9578	-79.9578	-79.9578	-79.9578	-79.9578	-79.9578	-79.9579	-79.9579	-79.9582	-79.9589
1.5	-40.9267	-35.1624	-19.2345	5.56685	26.572	-52.8938	-76.6734	-79.5738	-79.9145	-79.953	-79.9573	-79.9577	-79.9578	-79.9578	-79.9578	-79.9578	-79.9578	-79.9578	-79.9578	-79.9578	-79.9578	-79.9578	-79.9578	-79.9578	-79.9578	-79.9578	-79.9578	-79.9578	-79.9578	-79.9578	-79.9578	-79.9578	-79.9578	-79.9579	-79.9581	-79.9588
1.505	-41.3313	-35.7646	-20.2663	4.22232	25.5849	-49.8839	-76.3732	-79.5389	-79.9102	-79.9525	-79.9571	-79.9576	-79.9577	-79.9577	-79.9577	-79.9577	-79.9577	-79.9577	-79.9577	-79.9577	-79.9577	-79.9577	-79.9577	-79.9577	-79.9577	-79.9577	-79.9577	-79.9577	-79.9577	-79.9577	-79.9577	-79.9577	-79.9577	-79.9578	-79.958	-79.9588
1.51	-41.7209	-36.3483	-21.2751	2.87731	24.5915	-45.8273	-76.009	-79.4997	-79.9055	-79.9519	-79.957	-79.9576	-79.9576	-79.9576	-79.9576	-79.9576	-79.9576	-79.9576	-79.9576	-79.9576	-79.9576	-79.9576	-79.9576	-79.9576	-79.9576	-79.9576	-79.9576	-79.9576	-79.9576	-79.9576	-79.9576	-79.9577	-79.9577	-79.9577	-79.958	-79.9587
1.515	-42.0961	-36.9139	-22.2606	1.53506	23.6121	-40.0536	-75.5461	-79.4542	-79.9003	-79.9512	-79.9569	-79.9575	-79.9576	-79.9576	-79.9576	-79.9576	-79.9576	-79.9576	-79.9576	-79.9576	-79.9576	-79.9576	-79.9576	-79.9576	-79.9576	-79.9576	-79.9576	-79.9576	-79.9576	-79.9576	-79.9576	-79.9576	-79.9576	-79.9577	-79.9579	-79.9587
1.52	-42.4575	-37.462	-23.2228	0.199322	22.6827	-31.3078	-74.9232	-79.3993	-79.8944	-79.9505	-79.9567	-79.9574	-79.9575	-79.9575	-79.9575	-79.9575	-79.9575	-79.9575	-79.9575	-79.9575	-79.9575	-79.9575	-79.9575	-79.9575	-79.9575	-79.9575	-79.9575	-79.9575	-79.9575	-79.9575	-79.9575	-79.9575	-79.9576	-79.9576	-79.9578	-79.9586
1.525	-42.8055	-37.9929	-24.1615	-1.12519	21.8669	-17.4408	-74.0327	-79.3296	-79.8877	-79.9497	-79.9566	-79.9574	-79.9575	-79.9575	-79.9575	-79.9575	-79.9575	-79.9575	-79.9575	-79.9575	-79.9575	-79.9575	-79.9575	-79.9575	-79.9575	-79.9575	-79.9575	-79.9575	-79.9575	-79.9575	-79.9575	-79.9575	-79.9575	-79.9576	-79.9578	-79.9585
1.53	-43.1408	-38.5071	-25.0765	-2.43271	21.2375	2.78898	-72.7468	-79.2371	-79.8795	-79.9488	-79.9564	-79.9573	-79.9574	-79.9574	-79.9574	-79.9574	-79.9574	-79.9574	-79.9574	-79.9574	-79.9574	-79.9574	-79.9574	-79.9574	-79.9574	-79.9574	-79.9574	-79.9574	-79.9574	-79.9574	-79.9574	-79.9574	-79.9574	-79.9575	-79.9577	-79.9585
1.535	-43.4639	-39.0051	-25.9677	-3.7195	20.7303	21.7111	-71.1372	-79.1166	-79.8694	-79.9477	-79.9563	-79.9572	-79.9573	-79.9573	-79.9573	-79.9573	-79.9573	-79.9573	-79.9573	-79.9573	-79.9573	-79.9573	-79.9573	-79.9573	-79.9573	-79.9573	-79.9573	-79.9573	-79.9573	-79.9573	-79.9573	-79.9573	-79.9574	-79.9574	-79.9577	-79.9584
1.54	-43.7752	-39.4872	-26.8353	-4.987	20.1414	30.6084	-69.5058	-78.9714	-79.8571	-79.9465	-79.9561	-79.9571	-79.9573	-79.9573	-79.9573	-79.9573	-79.9573	-79.9573	-79.9573	-79.9573	-79.9573	-79.9573	-79.9573	-79.9573	-79.9573	-79.9573	-79.9573	-79.9573	-79.9573	-79.9573	-79.9573	-79.9573	-79.9573	-79.9574	-79.9576	-79.9584
1.545	-44.0753	-39.9541	-27.6794	-6.23895	19.3731	33.3502	-68.0418	-78.8102	-79.8424	-79.9451	-79.9559	-79.9571	-79.9572	-79.9572	-79.9572	-79.9572	-79.9572	-79.9572	-79.9572	-79.9572	-79.9572	-79.9572	-79.9572	-79.9572	-79.9572	-79.9572	-79.9572	-79.9572	-79.9572	-79.9572	-79.9572	-79.9572	-79.9572	-79.9573	-79.9575	-79.9583
1.55	-44.3646	-40.4061	-28.5005	-7.47792	18.4402	33.9356	-66.77	-78.6416	-79.8256	-79.9435	-79.9557	-79.957	-79.9571	-79.9571	-79.9571	-79.9571	-79.9571	-79.9571	-79.9571	-79.9571	-79.9571	-79.9571	-79.9571	-79.9571	-79.9571	-79.9571	-79.9571	-79.9571	-79.9572	-79.9572	-79.9572	-79.9572	-79.9572	-79.9572	-79.9575	-79.9583
1.555	-44.6437	-40.8437	-29.2991	-8.70445	17.388	33.7952	-65.645	-78.4709	-79.807	-79.9416	-79.9554	-79.9569	-79.9571	-79.9571	-79.9571	-79.9571	-79.9571	-79.9571	-79.9571	-79.9571	-79.9571	-79.9571	-79.9571	-79.9571	-79.9571	-79.9571	-79.9571	-79.9571	-79.9571	-79.9571	-79.9571	-79.9571	-79.9571	-79.9572	-79.9574	-79.9582
1.56	-44.9128	-41.2674	-30.0755	-9.91771	16.2542	33.3615	-64.6092	-78.3005	-79.7868	-79.9395	-79.9552	-79.9568	-79.957	-79.957	-79.957	-79.957	-79.957	-79.957	-79.957	-79.957	-79.957	-79.957	-79.957	-79.957	-79.957	-79.957	-79.957	-79.957	-79.957	-79.957	-79.957	-79.957	-79.9571	-79.9571	-79.9574	-79.9581
1.565	-45.1726	-41.6776	-30.8302	-11.1162	15.0638	32.7756	-63.6113	-78.1307	-79.7655	-79.9371	-79.9549	-79.9567	-79.9569	-79.957	-79.957	-79.957	-79.957	-79.957	-79.957	-79.957	-79.957	-79.957	-79.957	-79.957	-79.957	-79.957	-79.957	-79.957	-79.957	-79.957	-79.957	-79.957	-79.957	-79.9571	-79.9573	-79.9581
1.57	-45.4233	-42.0748	-31.5636	-12.2985	13.8321	32.0926	-62.6062	-77.9605	-79.743	-79.9345	-79.9546	-79.9566	-79.9569	-79.9569	-79.9569	-79.9569	-79.9569	-79.9569	-79.9569	-79.9569	-79.9569	-79.9569	-79.9569	-79.9569	-79.9569	-79.9569	-79.9569	-79.9569	-79.9569	-79.9569	-79.9569	-79.9569	-79.9569	-79.957	-79.9572	-79.958
1.575	-45.6653	-42.4595	-32.2762	-13.4629	12.5693	31.3388	-61.5523	-77.7878	-79.7196	-79.9317	-79.9542	-79.9566	-79.9568	-79.9568	-79.9568	-79.9568	-79.9568	-79.9568	-79.9568	-79.9568	-79.9568	-79.9568	-79.9568	-79.9568	-79.9568	-79.9568	-79.9568	-79.9568	-79.9568	-79.9568	-79.9568	-79.9568	-79.9569	-79.9569	-79.9572	-79.958
1.58	-45.8991	-42.832	-32.9682	-14.6084	11.2822	30.5287	-60.4071	-77.6098	-79.6951	-79.9287	-79.9538	-79.9565	-79.9567	-79.9568	-79.9568	-79.9568	-79.9568	-79.9568	-79.9568	-79.9568	-79.9568	-79.9568	-79.9568	-79.9568	-79.9568	-79.9568	-79.9568	-79.9568	-79.9568	-79.9568	-79.9568	-79.9568	-79.9568	-79.9569	-79.9571	-79.9579
1.585	-46.1249	-43.1929	-33.6402	-15.7338	9.97627	29.6716	-59.1222	-77.423	-79.6695	-79.9255	-79.9534	-79.9564	-79.9567	-79.9567	-79.9567	-79.9567	-79.9567	-79.9567	-79.9567	-79.9567	-79.9567	-79.9567	-79.9567	-79.9567	-79.9567	-79.9567	-79.9567	-79.9567	-79.9567	-79.9567	-79.9567	-79.9567	-79.9567	-79.9568	-79.9571	-79.9578
1.59	-46.3432	-43.5425	-34.2924	-16.8383	8.65566	28.7742	-57.637	-77.223	-79.6425	-79.9221	-79.9529	-79.9563	-79.9566	-79.9566	-79.9567	-79.9567	-79.9567	-79.9567	-79.9567	-79.9567	-79.9567	-79.9567	-79.9567	-79.9567	-79.9567	-79.9567	-79.9567	-79.9567	-79.9567	-79.9567	-79.9567	-79.9567	-79.9567	-79.9567	-79.957	-79.9578
1.595	-46.5542	-43.8812	-34.9254	-17.9211	7.32406	27.842	-55.8689	-77.0039	-79.6138	-79.9184	-79.9525	-79.9562	-79.9566	-79.9566	-79.9566	-79.9566	-79.9566	-79.9566	-79.9566	-79.9566	-79.9566	-79.9566	-79.9566	-79.9566	-79.9566	-79.9566	-79.9566	-79.9566	-79.9566	-79.9566	-79.9566	-79.9566	-79.9566	-79.9567	-79.9569	-79.9577
1.6	-46.7582	-44.2095	-35.5395	-18.9818	5.98478	26.881	-53.697	-76.7579	-79.5829	-79.9145	-79.9519	-79.956	-79.9565	-79.9565	-79.9565	-79.9565	-79.9565	-79.9565	-79.9565	-79.9565	-79.9565	-79.9565	-79.9565	-79.9565	-79.9565	-79.9565	-79.9565	-79.9565	-79.9565	-79.9565	-79.9565	-79.9565	-79.9566	-79.9566	-79.9569	-79.9577
1.605	-46.9555	-44.5277	-36.1351	-20.0198	4.64097	25.8987	-50.9328	-76.4732	-79.5492	-79.9103	-79.9514	-79.9559	-79.9564	-79.9565	-79.9565	-79.9565	-79.9565	-79.9565	-79.9565	-79.9565	-79.9565	-79.9565	-79.9565	-79.9565	-79.9565	-79.9565	-79.9565	-79.9565	-79.9565	-79.9565	-79.9565	-79.9565	-79.9565	-79.9566	-79.9568	-79.9576
1.61	-47.1465	-44.8362	-36.7127	-21.0349	3.29569	24.9055	-47.2637	-76.1323	-79.5115	-79.9057	-79.9508	-79.9558	-79.9563	-79.9564	-79.9564	-79.9564	-79.9564	-79.9564	-79.9564	-79.9564	-79.9564	-79.9564	-79.9564	-79.9564	-79.9564	-79.9564	-79.9564	-79.9564	-79.9564	-79.9564	-79.9564	-79.9564	-79.9564	-79.9565	-79.9567	-79.9575
1.615	-47.3313	-45.1353	-37.2727	-22.0269	1.95212	23.9187	-42.1371	-75.7059	-79.4682	-79.9007	-79.9501	-79.9557	-79.9563	-79.9563	-79.9564	-79.9564	-79.9564	-79.9564	-79.9564	-79.9564	-79.9564	-79.9564	-79.9564	-79.9564	-79.9564	-79.9564	-79.9564	-79.9564	-79.9564	-79.9564	-79.9564	-79.9564	-79.9564	-79.9565	-79.9567	-79.9575
1.62	-47.5102	-45.4255	-37.8156	-22.9955	0.61379	22.968	-34.5257	-75.143	-79.4168	-79.8951	-79.9494	-79.9555	-79.9562	-79.9563	-79.9563	-79.9563	-79.9563	-79.9563	-79.9563	-79.9563	-79.9563	-79.9563	-79.9563	-79.9563	-79.9563	-79.9563	-79.9563	-79.9563	-79.9563	-79.9563	-79.9563	-79.9563	-79.9563	-79.9564	-79.9566	-79.9574
1.625	-47.6835	-45.707	-38.3418	-23.9407	-0.714945	22.1072	-22.5638	-74.3525	-79.3526	-79.8887	-79.9487	-79.9554	-79.9561	-79.9562	-79.9562	-79.9562	-79.9562	-79.9562	-79.9562	-79.9562	-79.9562	-79.9562	-79.9562	-79.9562	-79.9562	-79.9562	-79.9562	-79.9562	-79.9562	-79.9562	-79.9562	-79.9562	-79.9563	-79.9563	-79.9566	-79.9574
1.63	-47.8513	-45.9802	-38.8517	-24.8623	-2.02852	21.4145	-4.14283	-73.2009	-79.2682	-79.881	-79.9478	-79.9552	-79.9561	-79.9562	-79.9562	-79.9562	-79.9562	-79.9562	-79.9562	-79.9562	-79.9562	-79.9562	-79.9562	-79.9562	-79.9562	-79.9562	-79.9562	-79.9562	-79.9562	-79.9562	-79.9562	-79.9562	-79.9562	-79.9563	-79.9565	-79.9573
1.635	-48.0139	-46.2454	-39.3458	-25.7602	-3.32201	20.8896	16.6699	-71.6651	-79.1567	-79.8716	-79.9468	-79.9551	-79.956	-79.9561	-79.9561	-79.9561	-79.9561	-79.9561	-79.9561	-79.9561	-79.9561	-79.9561	-79.9561	-79.9561	-79.9561	-79.9561	-79.9561	-79.9561	-79.9561	-79.9561	-79.9561	-79.9561	-79.9561	-79.9562	-79.9565	-79.9573
1.64	-48.1715	-46.5029	-39.8245	-26.6344	-4.59529	20.3447	28.7269	-70.0106	-79.0185	-79.86	-79.9457	-79.9549	-79.9559	-79.956	-79.956	-79.956	-79.956	-79.956	-79.956	-79.956	-79.956	-79.956	-79.956	-79.956	-79.956	-79.956	-79.956	-79.956	-79.956	-79.956	-79.9561	-79.9561	-79.9561	-79.9561	-79.9564	-79.9572
1.645	-48.3243	-46.7529	-40.2883	-27.4851	-5.85183	19.6354	32.8318	-68.4846	-78.8614	-79.8461	-79.9444	-79.9547	-79.9558	-79.956	-79.956	-79.956	-79.956	-79.956	-79.956	-79.956	-79.956	-79.956	-79.956	-79.956	-79.956	-79.956	-79.956	-79.956	-79.956	-79.956	-79.956	-79.956	-79.956	-79.9561	-79.9563	-79.9571
1.65	-48.4724	-46.9958	-40.7377	-28.3126	-7.09478	18.7501	33.8636	-67.1549	-78.6944	-79.8299	-79.9428	-79.9545	-79.9558	-79.9559	-79.9559	-79.9559	-79.9559	-79.9559	-79.9559	-79.9559	-79.9559	-79.9559	-79.9559	-79.9559	-79.9559	-79.9559	-79.9559	-79.9559	-79.9559	-79.9559	-79.9559	-79.9559	-79.956	-79.956	-79.9563	-79.9571
1.655	-48.616	-47.2318	-41.173	-29.1175	-8.32531	17.7311	33.8816	-65.9895	-78.524	-79.8118	-79.941	-79.9543	-79.9557	-79.9558	-79.9559	-79.9559	-79.9559	-79.9559	-79.9559	-79.9559	-79.9559	-79.9559	-79.9559	-79.9559	-79.9559	-79.9559	-79.9559	-79.9559	-79.9559	-79.9559	-79.9559	-79.9559	-79.9559	-79.956	-79.9562	-79.957
1.66	-48.7553	-47.4612	-41.5948	-29.9002	-9.54293	16.62	33.5187	-64.9313	-78.3534	-79.7921	-79.9389	-79.954	-79.9556	-79.9558	-79.9558	-79.9558	-79.9558	-79.9558	-79.9558	-79.9558	-79.9558	-79.9558	-79.9558	-79.9558	-79.9558	-79.9558	-79.9558	-79.9558	-79.9558	-79.9558	-79.9558	-79.9558	-79.9558	-79.9559	-79.9562	-79.957
1.665	-48.8905	-47.6842	-42.0034	-30.661	-10.7463	15.4455	32.9729	-63.9264	-78.1835	-79.7711	-79.9367	-79.9537	-79.9555	-79.9557	-79.9557	-79.9557	-79.9557	-79.9557	-79.9557	-79.9557	-79.9557	-79.9557	-79.9557	-79.9557	-79.9557	-79.9557	-79.9557	-79.9557	-79.9557	-79.9557	-79.9557	-79.9558	-79.9558	-79.9558	-79.9561	-79.9569
1.67	-49.0216	-47.901	-42.3994	-31.4005	-11.9339	14.2257	32.3171	-62.928	-78.0136	-79.749	-79.9342	-79.9534	-79.9555	-79.9557	-79.9557	-79.9557	-79.9557	-79.9557	-79.9557	-79.9557	-79.9557	-79.9557	-79.9557	-79.9557	-79.9557	-79.9557	-79.9557	-79.9557	-79.9557	-79.9557	-79.9557	-79.9557	-79.9557	-79.9558	-79.956	-79.9569
1.675	-49.1489	-48.112	-42.7832	-32.1191	-13.1041	12.9719	31.5838	-61.8941	-77.8419	-79.7259	-79.9314	-79.9531	-79.9554	-79.9556	-79.9556	-79.9556	-79.9556	-79.9556	-79.9556	-79.9556	-79.9556	-79.9556	-79.9556	-79.9556	-79.9556	-79.9556	-79.9556	-79.9556	-79.9556	-79.9556	-79.9556	-79.9556	-79.9557	-79.9557	-79.956	-79.9568
1.68	-49.2724	-48.3172	-43.1551	-32.817	-14.2557	11.6919	30.7904	-60.7827	-77.6659	-79.7018	-79.9285	-79.9527	-79.9553	-79.9555	-79.9556	-79.9556	-79.9556	-79.9556	-79.9556	-79.9556	-79.9556	-79.9556	-79.9556	-79.9556	-79.9556	-79.9556	-79.9556	-79.9556	-79.9556	-79.9556	-79.9556	-79.9556	-79.9556	-79.9557	-79.9559	-79.9567
1.685	-49.3923	-48.517	-43.5157	-33.4948	-15.3876	10.3914	29.9474	-59.5479	-77.4823	-79.6765	-79.9253	-79.9523	-79.9552	-79.9555	-79.9555	-79.9555	-79.9555	-79.9555	-79.9555	-79.9555	-79.9555	-79.9555	-79.9555	-79.9555	-79.9555	-79.9555	-79.9555	-79.9555	-79.9555	-79.9555	-79.9555	-79.9555	-79.9555	-79.9556	-79.9559	-79.9567
1.69	-49.5086	-48.7115	-43.8653	-34.1528	-16.4988	9.07503	29.0621	-58.134	-77.2871	-79.65	-79.922	-79.9519	-79.9551	-79.9554	-79.9555	-79.9555	-79.9555	-79.9555	-79.9555	-79.9555	-79.9555	-79.9555	-79.9555	-79.9555	-79.9555	-79.9555	-79.9555	-79.9555	-79.9555	-79.9555	-79.9555	-79.9555	-79.9555	-79.9556	-79.9558	-79.9566
1.695	-49.6216	-48.9008	-44.2043	-34.7914	-17.5886	7.74653	28.1404	-56.4664	-77.0748	-79.6219	-79.9184	-79.9514	-79.955	-79.9553	-79.9554	-79.9554	-79.9554	-79.9554	-79.9554	-79.9554	-79.9554	-79.9554	-79.9554	-79.9554	-79.9554	-79.9554	-79.9554	-79.9554	-79.9554	-79.9554	-79.9554	-79.9554	-79.9554	-79.9555	-79.9557	-79.9566
1.7	-49.7313	-49.0853	-44.5331	-35.4111	-18.6563	6.40933	27.1878	-54.439	-76.8383	-79.5918	-79.9146	-79.9509	-79.9549	-79.9553	-79.9553	-79.9553	-79.9553	-79.9553	-79.9553	-79.9553	-79.9553	-79.9553	-79.9553	-79.9553	-79.9553	-79.9553	-79.9553	-79.9553	-79.9553	-79.9553	-79.9553	-79.9553	-79.9554	-79.9554	-79.9557	-79.9565
1.705	-49.8377	-49.265	-44.8521	-36.0122	-19.7015	5.06662	26.2113	-51.8892	-76.5675	-79.559	-79.9105	-79.9504	-79.9547	-79.9552	-79.9553	-79.9553	-79.9553	-79.9553	-79.9553	-79.9553	-79.9553	-79.9553	-79.9553	-79.9553	-79.9553	-79.9553	-79.9553	-79.9553	-79.9553	-79.9553	-79.9553	-79.9553	-79.9553	-79.9554	-79.9556	-79.9565
1.71	-49.9411	-49.4401	-45.1616	-36.5953	-20.724	3.72145	25.2201	-48.5524	-76.2469	-79.5227	-79.906	-79.9498	-79.9546	-79.9552	-79.9552	-79.9552	-79.9552	-79.9552	-79.9552	-79.9552	-79.9552	-79.9552	-79.9552	-79.9552	-79.9552	-79.9552	-79.9552	-79.9552	-79.9552	-79.9552	-79.9552	-79.9552	-79.9552	-79.9553	-79.9556	-79.9564
1.715	-50.0415	-49.6109	-45.462	-37.1606	-21.7233	2.37697	24.2288	-43.9705	-75.8518	-79.4815	-79.9012	-79.9491	-79.9545	-79.9551	-79.9551	-79.9552	-79.9552	-79.9552	-79.9552	-79.9552	-79.9552	-79.9552	-79.9552	-79.9552	-79.9552	-79.9552	-79.9552	-79.9552	-79.9552	-79.9552	-79.9552	-79.9552	-79.9552	-79.9553	-79.9555	-79.9563
1.72	-50.139	-49.7773	-45.7536	-37.7087	-22.6993	1.03654	23.2622	-37.3027	-75.3397	-79.433	-79.8958	-79.9485	-79.9544	-79.955	-79.9551	-79.9551	-79.9551	-79.9551	-79.9551	-79.9551	-79.9551	-79.9551	-79.9551	-79.9551	-79.9551	-79.9551	-79.9551	-79.9551	-79.9551	-79.9551	-79.9551	-79.9551	-79.9551	-79.9552	-79.9555	-79.9563
1.725	-50.2336	-49.9397	-46.0368	-38.24	-23.652	-0.295792	22.3651	-26.9831	-74.6346	-79.3735	-79.8896	-79.9477	-79.9542	-79.955	-79.955	-79.955	-79.955	-79.955	-79.955	-79.955	-79.955	-79.955	-79.955	-79.955	-79.955	-79.955	-79.955	-79.955	-79.955	-79.955	-79.955	-79.955	-79.9551	-79.9551	-79.9554	-79.9562
1.73	-50.3255	-50.098	-46.3119	-38.7549	-24.5811	-1.61484	21.6112	-10.6936	-73.6115	-79.2965	-79.8824	-79.9469	-79.9541	-79.9549	-79.955	-79.955	-79.955	-79.955	-79.955	-79.955	-79.955	-79.955	-79.955	-79.955	-79.955	-79.955	-79.955	-79.955	-79.955	-79.955	-79.955	-79.955	-79.955	-79.9551	-79.9553	-79.9562
1.735	-50.4147	-50.2525	-46.5791	-39.254	-25.4865	-2.91501	21.0465	10.584	-72.1803	-79.194	-79.8736	-79.946	-79.9539	-79.9548	-79.9549	-79.9549	-79.9549	-79.9549	-79.9549	-79.9549	-79.9549	-79.9549	-79.9549	-79.9549	-79.9549	-79.9549	-79.9549	-79.9549	-79.9549	-79.9549	-79.9549	-79.9549	-79.955	-79.955	-79.9553	-79.9561
1.74	-50.5013	-50.4033	-46.8388	-39.7376	-26.3682	-4.19442	20.5307	26.0469	-70.5287	-79.0636	-79.8627	-79.9449	-79.9538	-79.9547	-79.9548	-79.9549	-79.9549	-79.9549	-79.9549	-79.9549	-79.9549	-79.9549	-79.9549	-79.9549	-79.9549	-79.9549	-79.9549	-79.9549	-79.9549	-79.9549	-79.9549	-79.9549	-79.9549	-79.955	-79.9552	-79.9561
1.745	-50.5853	-50.5505	-47.0913	-40.2061	-27.2263	-5.45586	19.8798	32.0313	-68.9469	-78.9115	-79.8495	-79.9436	-79.9536	-79.9547	-79.9548	-79.9548	-79.9548	-79.9548	-79.9548	-79.9548	-79.9548	-79.9548	-79.9548	-79.9548	-79.9548	-79.9548	-79.9548	-79.9548	-79.9548	-79.9548	-79.9548	-79.9548	-79.9548	-79.9549	-79.9552	-79.956
1.75	-50.6669	-50.6943	-47.3367	-40.6601	-28.0612	-6.70291	19.0468	33.6992	-67.5556	-78.7468	-79.8341	-79.9421	-79.9534	-79.9546	-79.9547	-79.9548	-79.9548	-79.9548	-79.9548	-79.9548	-79.9548	-79.9548	-79.9548	-79.9548	-79.9548	-79.9548	-79.9548	-79.9548	-79.9548	-79.9548	-79.9548	-79.9548	-79.9548	-79.9549	-79.9551	-79.956
1.755	-50.746	-50.8346	-47.5755	-41.1	-28.8733	-7.93739	18.0652	33.9323	-66.3439	-78.577	-79.8166	-79.9404	-79.9532	-79.9545	-79.9547	-79.9547	-79.9547	-79.9547	-79.9547	-79.9547	-79.9547	-79.9547	-79.9547	-79.9547	-79.9547	-79.9547	-79.9547	-79.9547	-79.9547	-79.9547	-79.9547	-79.9547	-79.9547	-79.9548	-79.9551	-79.9559
1.76	-50.8228	-50.9717	-47.8078	-41.5262	-29.6629	-9.15923	16.9796	33.658	-65.2578	-78.4062	-79.7973	-79.9384	-79.9529	-79.9544	-79.9546	-79.9546	-79.9546	-79.9546	-79.9546	-79.9546	-79.9546	-79.9546	-79.9546	-79.9546	-79.9546	-79.9546	-79.9546	-79.9546	-79.9546	-79.9546	-79.9546	-79.9546	-79.9547	-79.9547	-79.955	-79.9558
1.765	-50.8972	-51.1056	-48.0338	-41.9392	-30.4307	-10.3673	15.8228	33.1591	-64.2413	-78.2361	-79.7767	-79.9362	-79.9526	-79.9544	-79.9546	-79.9546	-79.9546	-79.9546	-79.9546	-79.9546	-79.9546	-79.9546	-79.9546	-79.9546	-79.9546	-79.9546	-79.9546	-79.9546	-79.9546	-79.9546	-79.9546	-79.9546	-79.9546	-79.9547	-79.9549	-79.9558
1.77	-50.9695	-51.2365	-48.2539	-42.3394	-31.177	-11.5601	14.6159	32.5335	-63.2456	-78.0664	-79.755	-79.9338	-79.9523	-79.9543	-79.9545	-79.9545	-79.9545	-79.9545	-79.9545	-79.9545	-79.9545	-79.9545	-79.9545	-79.9545	-79.9545	-79.9545	-79.9545	-79.9545	-79.9545	-79.9545	-79.9545	-79.9545	-79.9546	-79.9546	-79.9549	-79.9557
1.775	-51.0395	-51.3643	-48.4682	-42.7273	-31.9022	-12.736	13.3718	31.8224	-62.2273	-77.8955	-79.7321	-79.9311	-79.952	-79.9542	-79.9544	-79.9545	-79.9545	-79.9545	-79.9545	-79.9545	-79.9545	-79.9545	-79.9545	-79.9545	-79.9545	-79.9545	-79.9545	-79.9545	-79.9545	-79.9545	-79.9545	-79.9545	-79.9545	-79.9546	-79.9548	-79.9557
1.78	-51.1073	-51.4893	-48.6769	-43.1034	-32.6067	-13.8936	12.0995	31.0467	-61.1451	-77.7212	-79.7083	-79.9283	-79.9516	-79.9541	-79.9544	-79.9544	-79.9544	-79.9544	-79.9544	-79.9544	-79.9544	-79.9544	-79.9544	-79.9544	-79.9544	-79.9544	-79.9544	-79.9544	-79.9544	-79.9544	-79.9544	-79.9544	-79.9544	-79.9545	-79.9548	-79.9556
1.785	-51.173	-51.6115	-48.8802	-43.4679	-33.2909	-15.0319	10.805	30.2185	-59.9548	-77.5404	-79.6835	-79.9252	-79.9513	-79.954	-79.9543	-79.9543	-79.9543	-79.9543	-79.9543	-79.9543	-79.9543	-79.9543	-79.9543	-79.9543	-79.9543	-79.9543	-79.9543	-79.9543	-79.9543	-79.9543	-79.9543	-79.9544	-79.9544	-79.9545	-79.9547	-79.9556
1.79	-51.2367	-51.7309	-49.0784	-43.8214	-33.9552	-16.1497	9.49318	29.3459	-58.6045	-77.3494	-79.6574	-79.9219	-79.9508	-79.9539	-79.9542	-79.9543	-79.9543	-79.9543	-79.9543	-79.9543	-79.9543	-79.9543	-79.9543	-79.9543	-79.9543	-79.9543	-79.9543	-79.9543	-79.9543	-79.9543	-79.9543	-79.9543	-79.9543	-79.9544	-79.9547	-79.9555
1.795	-51.2984	-51.8478	-49.2716	-44.1641	-34.6	-17.2464	8.16814	28.4351	-57.0268	-77.1431	-79.6298	-79.9184	-79.9504	-79.9538	-79.9542	-79.9542	-79.9542	-79.9542	-79.9542	-79.9542	-79.9542	-79.9542	-79.9542	-79.9542	-79.9542	-79.9542	-79.9542	-79.9542	-79.9542	-79.9542	-79.9542	-79.9542	-79.9543	-79.9543	-79.9546	-79.9555
1.8	-51.358	-51.962	-49.46	-44.4967	-35.2257	-18.3212	6.83334	27.4916	-55.1276	-76.9153	-79.6004	-79.9146	-79.9499	-79.9537	-79.9541	-79.9542	-79.9542	-79.9542	-79.9542	-79.9542	-79.9542	-79.9542	-79.9542	-79.9542	-79.9542	-79.9542	-79.9542	-79.9542	-79.9542	-79.9542	-79.9542	-79.9542	-79.9542	-79.9543	-79.9546	-79.9554
1.805	-51.4157	-52.0737	-49.6438	-44.8193	-35.8328	-19.3736	5.49204	26.5218	-52.7656	-76.6567	-79.5686	-79.9106	-79.9493	-79.9536	-79.9541	-79.9541	-79.9541	-79.9541	-79.9541	-79.9541	-79.9541	-79.9541	-79.9541	-79.9541	-79.9541	-79.9541	-79.9541	-79.9541	-79.9541	-79.9541	-79.9541	-79.9541	-79.9541	-79.9542	-79.9545	-79.9553
1.81	-51.4715	-52.183	-49.8231	-45.1324	-36.4216	-20.4033	4.14732	25.534	-49.7157	-76.354	-79.5335	-79.9063	-79.9488	-79.9535	-79.954	-79.954	-79.9541	-79.9541	-79.9541	-79.9541	-79.9541	-79.9541	-79.9541	-79.9541	-79.9541	-79.9541	-79.9541	-79.9541	-79.9541	-79.9541	-79.9541	-79.9541	-79.9541	-79.9542	-79.9544	-79.9553
1.815	-51.5254	-52.29	-49.9981	-45.4363	-36.9926	-21.41	2.80227	24.5407	-45.5955	-75.986	-79.494	-79.9016	-79.9482	-79.9534	-79.9539	-79.954	-79.954	-79.954	-79.954	-79.954	-79.954	-79.954	-79.954	-79.954	-79.954	-79.954	-79.954	-79.954	-79.954	-79.954	-79.954	-79.954	-79.954	-79.9541	-79.9544	-79.9552
1.82	-51.5774	-52.3946	-50.169	-45.7313	-37.5462	-22.3935	1.46016	23.5626	-39.7146	-75.5171	-79.4482	-79.8964	-79.9475	-79.9532	-79.9539	-79.9539	-79.9539	-79.9539	-79.9539	-79.9539	-79.9539	-79.9539	-79.9539	-79.9539	-79.9539	-79.9539	-79.9539	-79.9539	-79.9539	-79.9539	-79.9539	-79.954	-79.954	-79.9541	-79.9543	-79.9552
1.825	-51.6276	-52.497	-50.3358	-46.0178	-38.0829	-23.3536	0.124766	22.6369	-30.7803	-74.8843	-79.3927	-79.8905	-79.9468	-79.9531	-79.9538	-79.9539	-79.9539	-79.9539	-79.9539	-79.9539	-79.9539	-79.9539	-79.9539	-79.9539	-79.9539	-79.9539	-79.9539	-79.9539	-79.9539	-79.9539	-79.9539	-79.9539	-79.9539	-79.954	-79.9543	-79.9551
1.83	-51.6761	-52.5972	-50.4988	-46.2962	-38.6031	-24.2902	-1.19913	21.8285	-16.6084	-73.9775	-79.3221	-79.8837	-79.946	-79.953	-79.9537	-79.9538	-79.9538	-79.9538	-79.9538	-79.9538	-79.9538	-79.9538	-79.9538	-79.9538	-79.9538	-79.9538	-79.9538	-79.9538	-79.9538	-79.9538	-79.9538	-79.9538	-79.9539	-79.9539	-79.9542	-79.9551
1.835	-51.7227	-52.6952	-50.6581	-46.5667	-39.1072	-25.2031	-2.50575	21.2083	3.83283	-72.6717	-79.2284	-79.8754	-79.9451	-79.9528	-79.9537	-79.9538	-79.9538	-79.9538	-79.9538	-79.9538	-79.9538	-79.9538	-79.9538	-79.9538	-79.9538	-79.9538	-79.9538	-79.9538	-79.9538	-79.9538	-79.9538	-79.9538	-79.9538	-79.9539	-79.9542	-79.955
1.84	-51.7676	-52.7912	-50.8137	-46.8295	-39.5958	-26.0924	-3.7916	20.7016	22.3611	-71.0542	-79.1065	-79.8653	-79.9441	-79.9527	-79.9536	-79.9537	-79.9537	-79.9537	-79.9537	-79.9537	-79.9537	-79.9537	-79.9537	-79.9537	-79.9537	-79.9537	-79.9537	-79.9537	-79.9537	-79.9537	-79.9537	-79.9537	-79.9538	-79.9538	-79.9541	-79.955
1.845	-51.8108	-52.8851	-50.9658	-47.0851	-40.0692	-26.958	-5.05831	20.105	30.8295	-69.4281	-78.9603	-79.8528	-79.9429	-79.9525	-79.9535	-79.9536	-79.9537	-79.9537	-79.9537	-79.9537	-79.9537	-79.9537	-79.9537	-79.9537	-79.9537	-79.9537	-79.9537	-79.9537	-79.9537	-79.9537	-79.9537	-79.9537	-79.9537	-79.9538	-79.954	-79.9549
1.85	-51.8523	-52.977	-51.1145	-47.3336	-40.5279	-27.8002	-6.30962	19.328	33.4048	-67.9736	-78.7987	-79.838	-79.9414	-79.9523	-79.9535	-79.9536	-79.9536	-79.9536	-79.9536	-79.9536	-79.9536	-79.9536	-79.9536	-79.9536	-79.9536	-79.9536	-79.9536	-79.9536	-79.9536	-79.9536	-79.9536	-79.9536	-79.9536	-79.9537	-79.954	-79.9549
1.855	-51.8922	-53.067	-51.26	-47.5754	-40.9724	-28.6195	-7.54801	18.3883	33.936	-66.7101	-78.6298	-79.8211	-79.9398	-79.9521	-79.9534	-79.9535	-79.9535	-79.9535	-79.9535	-79.9535	-79.9535	-79.9535	-79.9535	-79.9535	-79.9535	-79.9535	-79.9535	-79.9535	-79.9535	-79.9536	-79.9536	-79.9536	-79.9536	-79.9537	-79.9539	-79.9548
1.86	-51.9304	-53.1551	-51.4023	-47.8107	-41.403	-29.4162	-8.77394	17.3314	33.7756	-65.5905	-78.4591	-79.8024	-79.9379	-79.9518	-79.9533	-79.9535	-79.9535	-79.9535	-79.9535	-79.9535	-79.9535	-79.9535	-79.9535	-79.9535	-79.9535	-79.9535	-79.9535	-79.9535	-79.9535	-79.9535	-79.9535	-79.9535	-79.9535	-79.9536	-79.9539	-79.9548
1.865	-51.9669	-53.2414	-51.5415	-48.0397	-41.8203	-30.1909	-9.98653	16.1944	33.3325	-64.5576	-78.2888	-79.7822	-79.9358	-79.9516	-79.9532	-79.9534	-79.9534	-79.9534	-79.9534	-79.9534	-79.9534	-79.9534	-79.9534	-79.9534	-79.9534	-79.9534	-79.9534	-79.9534	-79.9534	-79.9534	-79.9534	-79.9534	-79.9535	-79.9536	-79.9538	-79.9547
1.87	-52.0019	-53.3258	-51.6777	-48.2626	-42.2247	-30.944	-11.1843	15.0016	32.741	-63.5601	-78.119	-79.7608	-79.9334	-79.9513	-79.9532	-79.9534	-79.9534	-79.9534	-79.9534	-79.9534	-79.9534	-79.9534	-79.9534	-79.9534	-79.9534	-79.9534	-79.9534	-79.9534	-79.9534	-79.9534	-79.9534	-79.9534	-79.9534	-79.9535	-79.9538	-79.9546
1.875	-52.0352	-53.4084	-51.8111	-48.4798	-42.6166	-31.6759	-12.3657	13.7682	32.0541	-62.5534	-77.9487	-79.7383	-79.9308	-79.951	-79.9531	-79.9533	-79.9533	-79.9533	-79.9533	-79.9533	-79.9533	-79.9533	-79.9533	-79.9533	-79.9533	-79.9533	-79.9533	-79.9533	-79.9533	-79.9533	-79.9533	-79.9533	-79.9534	-79.9534	-79.9537	-79.9546
1.88	-52.067	-53.4894	-51.9417	-48.6913	-42.9966	-32.3869	-13.5293	12.5041	31.2972	-61.4959	-77.7758	-79.7148	-79.928	-79.9506	-79.953	-79.9532	-79.9533	-79.9533	-79.9533	-79.9533	-79.9533	-79.9533	-79.9533	-79.9533	-79.9533	-79.9533	-79.9533	-79.9533	-79.9533	-79.9533	-79.9533	-79.9533	-79.9533	-79.9534	-79.9537	-79.9545
1.885	-52.0972	-53.5686	-52.0695	-48.8975	-43.3649	-33.0775	-14.6738	11.216	30.4845	-60.3448	-77.5974	-79.6903	-79.925	-79.9502	-79.9529	-79.9532	-79.9532	-79.9532	-79.9532	-79.9532	-79.9532	-79.9532	-79.9532	-79.9532	-79.9532	-79.9532	-79.9532	-79.9532	-79.9532	-79.9532	-79.9532	-79.9532	-79.9532	-79.9533	-79.9536	-79.9545
1.89	-52.1259	-53.6461	-52.1948	-49.0984	-43.722	-33.7481	-15.7982	9.90921	29.6253	-59.0514	-77.41	-79.6646	-79.9218	-79.9498	-79.9528	-79.9531	-79.9531	-79.9532	-79.9532	-79.9532	-79.9532	-79.9532	-79.9532	-79.9532	-79.9532	-79.9532	-79.9532	-79.9532	-79.9532	-79.9532	-79.9532	-79.9532	-79.9532	-79.9533	-79.9536	-79.9544
1.895	-52.153	-53.722	-52.3175	-49.2944	-44.0683	-34.3991	-16.9017	8.58796	28.7259	-57.5541	-77.2092	-79.6376	-79.9184	-79.9494	-79.9527	-79.9531	-79.9531	-79.9531	-79.9531	-79.9531	-79.9531	-79.9531	-79.9531	-79.9531	-79.9531	-79.9531	-79.9531	-79.9531	-79.9531	-79.9531	-79.9531	-79.9531	-79.9531	-79.9532	-79.9535	-79.9544
1.9	-52.1786	-53.7962	-52.4377	-49.4855	-44.4043	-35.0309	-17.9835	7.25589	27.7921	-55.7689	-76.989	-79.6088	-79.9147	-79.9489	-79.9526	-79.953	-79.953	-79.953	-79.953	-79.953	-79.953	-79.953	-79.953	-79.953	-79.953	-79.953	-79.953	-79.953	-79.953	-79.953	-79.953	-79.9531	-79.9531	-79.9532	-79.9534	-79.9543
1.905	-52.2027	-53.8689	-52.5555	-49.672	-44.7302	-35.6438	-19.043	5.91631	26.8299	-53.5724	-76.7413	-79.5778	-79.9108	-79.9484	-79.9525	-79.9529	-79.953	-79.953	-79.953	-79.953	-79.953	-79.953	-79.953	-79.953	-79.953	-79.953	-79.953	-79.953	-79.953	-79.953	-79.953	-79.953	-79.953	-79.9531	-79.9534	-79.9543
1.91	-52.2253	-53.9401	-52.671	-49.854	-45.0465	-36.2384	-20.08	4.57233	25.8466	-50.7715	-76.4543	-79.5439	-79.9066	-79.9478	-79.9524	-79.9529	-79.9529	-79.9529	-79.9529	-79.9529	-79.9529	-79.9529	-79.9529	-79.9529	-79.9529	-79.9529	-79.9529	-79.9529	-79.9529	-79.9529	-79.9529	-79.9529	-79.953	-79.953	-79.9533	-79.9542
1.915	-52.2464	-54.0097	-52.7842	-50.0317	-45.3535	-36.815	-21.094	3.22705	24.8533	-47.045	-76.1099	-79.506	-79.902	-79.9472	-79.9523	-79.9528	-79.9529	-79.9529	-79.9529	-79.9529	-79.9529	-79.9529	-79.9529	-79.9529	-79.9529	-79.9529	-79.9529	-79.9529	-79.9529	-79.9529	-79.9529	-79.9529	-79.9529	-79.953	-79.9533	-79.9542
1.92	-52.266	-54.0778	-52.8952	-50.2053	-45.6516	-37.3741	-22.0848	1.88364	23.8674	-41.8234	-75.6781	-79.4624	-79.8969	-79.9466	-79.9521	-79.9528	-79.9528	-79.9528	-79.9528	-79.9528	-79.9528	-79.9528	-79.9528	-79.9528	-79.9528	-79.9528	-79.9528	-79.9528	-79.9528	-79.9528	-79.9528	-79.9528	-79.9529	-79.9529	-79.9532	-79.9541
1.925	-52.2841	-54.1444	-53.004	-50.3748	-45.941	-37.9162	-23.0524	0.545666	22.9197	-34.0464	-75.1063	-79.4104	-79.8913	-79.9459	-79.952	-79.9527	-79.9528	-79.9528	-79.9528	-79.9528	-79.9528	-79.9528	-79.9528	-79.9528	-79.9528	-79.9528	-79.9528	-79.9528	-79.9528	-79.9528	-79.9528	-79.9528	-79.9528	-79.9529	-79.9532	-79.9541
1.93	-52.3008	-54.2096	-53.1108	-50.5404	-46.2222	-38.4416	-23.9964	-0.782464	22.0653	-21.8011	-74.3011	-79.3454	-79.8848	-79.9451	-79.9519	-79.9526	-79.9527	-79.9527	-79.9527	-79.9527	-79.9527	-79.9527	-79.9527	-79.9527	-79.9527	-79.9527	-79.9527	-79.9527	-79.9527	-79.9527	-79.9527	-79.9527	-79.9527	-79.9528	-79.9531	-79.954
1.935	-52.316	-54.2734	-53.2155	-50.7023	-46.4954	-38.9508	-24.9169	-2.09514	21.3826	-3.0638	-73.1284	-79.2598	-79.8771	-79.9443	-79.9517	-79.9526	-79.9526	-79.9527	-79.9527	-79.9527	-79.9527	-79.9527	-79.9527	-79.9527	-79.9527	-79.9527	-79.9527	-79.9527	-79.9527	-79.9527	-79.9527	-79.9527	-79.9527	-79.9528	-79.9531	-79.954
1.94	-52.3297	-54.3357	-53.3182	-50.8605	-46.7609	-39.4443	-25.8136	-3.38759	20.862	17.5386	-71.5788	-79.1468	-79.8676	-79.9433	-79.9516	-79.9525	-79.9526	-79.9526	-79.9526	-79.9526	-79.9526	-79.9526	-79.9526	-79.9526	-79.9526	-79.9526	-79.9526	-79.9526	-79.9526	-79.9526	-79.9526	-79.9526	-79.9526	-79.9527	-79.953	-79.9539
1.945	-52.342	-54.3967	-53.419	-51.0153	-47.019	-39.9225	-26.6867	-4.65995	20.311	29.0675	-69.9265	-79.0075	-79.8559	-79.9421	-79.9514	-79.9524	-79.9525	-79.9525	-79.9525	-79.9525	-79.9525	-79.9525	-79.9525	-79.9525	-79.9525	-79.9525	-79.9525	-79.9525	-79.9525	-79.9525	-79.9526	-79.9526	-79.9526	-79.9527	-79.9529	-79.9538
1.95	-52.3529	-54.4563	-53.5179	-51.1666	-47.2701	-40.3859	-27.5363	-5.91576	19.5922	32.9259	-68.4101	-78.8497	-79.8418	-79.9408	-79.9512	-79.9524	-79.9525	-79.9525	-79.9525	-79.9525	-79.9525	-79.9525	-79.9525	-79.9525	-79.9525	-79.9525	-79.9525	-79.9525	-79.9525	-79.9525	-79.9525	-79.9525	-79.9525	-79.9526	-79.9529	-79.9538
1.955	-52.3623	-54.5146	-53.6149	-51.3147	-47.5142	-40.8349	-28.3628	-7.1581	18.6991	33.8765	-67.0898	-78.6824	-79.8256	-79.9392	-79.951	-79.9523	-79.9524	-79.9524	-79.9524	-79.9524	-79.9524	-79.9524	-79.9524	-79.9524	-79.9524	-79.9524	-79.9524	-79.9524	-79.9524	-79.9524	-79.9524	-79.9524	-79.9525	-79.9526	-79.9528	-79.9537
1.96	-52.3703	-54.5715	-53.7102	-51.4597	-47.7519	-41.2699	-29.1666	-8.38803	17.6746	33.8664	-65.9311	-78.5119	-79.8074	-79.9374	-79.9508	-79.9522	-79.9524	-79.9524	-79.9524	-79.9524	-79.9524	-79.9524	-79.9524	-79.9524	-79.9524	-79.9524	-79.9524	-79.9524	-79.9524	-79.9524	-79.9524	-79.9524	-79.9524	-79.9525	-79.9528	-79.9537
1.965	-52.3768	-54.6271	-53.8037	-51.6015	-47.9831	-41.6914	-29.9483	-9.60498	16.5597	33.4912	-64.8767	-78.3413	-79.7876	-79.9353	-79.9505	-79.9521	-79.9523	-79.9523	-79.9523	-79.9523	-79.9523	-79.9523	-79.9523	-79.9523	-79.9523	-79.9523	-79.9523	-79.9523	-79.9523	-79.9523	-79.9523	-79.9523	-79.9524	-79.9525	-79.9527	-79.9536
1.97	-52.3819	-54.6814	-53.8955	-51.7404	-48.2083	-42.0999	-30.7081	-10.8076	15.3826	32.9387	-63.873	-78.1715	-79.7666	-79.9331	-79.9503	-79.9521	-79.9522	-79.9523	-79.9523	-79.9523	-79.9523	-79.9523	-79.9523	-79.9523	-79.9523	-79.9523	-79.9523	-79.9523	-79.9523	-79.9523	-79.9523	-79.9523	-79.9523	-79.9524	-79.9527	-79.9536
1.975	-52.3855	-54.7344	-53.9856	-51.8765	-48.4276	-42.4958	-31.4467	-11.9944	14.1607	32.2783	-62.8737	-78.0015	-79.7444	-79.9305	-79.9499	-79.952	-79.9522	-79.9522	-79.9522	-79.9522	-79.9522	-79.9522	-79.9522	-79.9522	-79.9522	-79.9522	-79.9522	-79.9522	-79.9522	-79.9522	-79.9522	-79.9522	-79.9523	-79.9523	-79.9526	-79.9535
1.98	-52.3878	-54.7862	-54.0741	-52.0097	-48.6412	-42.8795	-32.1643	-13.1637	12.9054	31.5415	-61.8366	-77.8297	-79.7212	-79.9278	-79.9496	-79.9519	-79.9521	-79.9522	-79.9522	-79.9522	-79.9522	-79.9522	-79.9522	-79.9522	-79.9522	-79.9522	-79.9522	-79.9522	-79.9522	-79.9522	-79.9522	-79.9522	-79.9522	-79.9523	-79.9526	-79.9535
1.985	-52.3885	-54.8367	-54.161	-52.1403	-48.8494	-43.2515	-32.8614	-14.3144	11.6243	30.7453	-60.7199	-77.6534	-79.697	-79.9249	-79.9492	-79.9518	-79.9521	-79.9521	-79.9521	-79.9521	-79.9521	-79.9521	-79.9521	-79.9521	-79.9521	-79.9521	-79.9521	-79.9521	-79.9521	-79.9521	-79.9521	-79.9521	-79.9521	-79.9522	-79.9525	-79.9534
1.99	-52.3879	-54.886	-54.2464	-52.2682	-49.0524	-43.6122	-33.5383	-15.4453	10.3229	29.8999	-59.4771	-77.4693	-79.6717	-79.9217	-79.9488	-79.9517	-79.952	-79.952	-79.9521	-79.9521	-79.9521	-79.9521	-79.9521	-79.9521	-79.9521	-79.9521	-79.9521	-79.9521	-79.9521	-79.9521	-79.9521	-79.9521	-79.9521	-79.9522	-79.9525	-79.9534
1.995	-52.3858	-54.934	-54.3302	-52.3937	-49.2503	-43.962	-34.1954	-16.5554	9.00578	29.0126	-58.0518	-77.2732	-79.6452	-79.9184	-79.9484	-79.9516	-79.952	-79.952	-79.952	-79.952	-79.952	-79.952	-79.952	-79.952	-79.952	-79.952	-79.952	-79.952	-79.952	-79.952	-79.952	-79.952	-79.952	-79.9521	-79.9524	-79.9533
2	-52.3823	-54.9808	-54.4125	-52.5166	-49.4433	-44.3012	-34.8332	-17.6441	7.67676	28.089	-56.3683	-77.0599	-79.617	-79.9148	-79.9479	-79.9515	-79.9519	-79.9519	-79.952	-79.952	-79.952	-79.952	-79.952	-79.952	-79.952	-79.952	-79.952	-79.952	-79.952	-79.952	-79.952	-79.952	-79.952	-79.9521	-79.9524	-79.9533
2.005	-52.3773	-55.0265	-54.4933	-52.6372	-49.6316	-44.6304	-35.4521	-18.7108	6.3392	27.135	-54.3181	-76.8219	-79.5867	-79.9109	-79.9474	-79.9514	-79.9518	-79.9519	-79.9519	-79.9519	-79.9519	-79.9519	-79.9519	-79.9519	-79.9519	-79.9519	-79.9519	-79.9519	-79.9519	-79.9519	-79.9519	-79.9519	-79.9519	-79.952	-79.9523	-79.9532
2.01	-52.3709	-55.0709	-54.5727	-52.7554	-49.8155	-44.9497	-36.0524	-19.7549	4.99628	26.1574	-51.7345	-76.5489	-79.5538	-79.9068	-79.9469	-79.9513	-79.9518	-79.9518	-79.9518	-79.9518	-79.9518	-79.9518	-79.9518	-79.9518	-79.9518	-79.9518	-79.9518	-79.9518	-79.9518	-79.9518	-79.9518	-79.9519	-79.9519	-79.952	-79.9523	-79.9532
2.015	-52.363	-55.1141	-54.6507	-52.8714	-49.9949	-45.2597	-36.6347	-20.7762	3.65108	25.1658	-48.3459	-76.2251	-79.5173	-79.9024	-79.9463	-79.9512	-79.9517	-79.9518	-79.9518	-79.9518	-79.9518	-79.9518	-79.9518	-79.9518	-79.9518	-79.9518	-79.9518	-79.9518	-79.9518	-79.9518	-79.9518	-79.9518	-79.9518	-79.9519	-79.9522	-79.9531
2.02	-52.3536	-55.1562	-54.7273	-52.9852	-50.1702	-45.5606	-37.1993	-21.7744	2.30672	24.175	-43.6798	-75.8251	-79.4758	-79.8975	-79.9457	-79.9511	-79.9517	-79.9517	-79.9517	-79.9517	-79.9517	-79.9517	-79.9517	-79.9517	-79.9517	-79.9517	-79.9517	-79.9517	-79.9517	-79.9517	-79.9517	-79.9517	-79.9518	-79.9519	-79.9522	-79.9531
2.025	-52.3428	-55.1971	-54.8026	-53.0969	-50.3414	-45.8529	-37.7467	-22.7493	0.96661	23.2107	-36.8672	-75.3051	-79.4268	-79.8921	-79.945	-79.9509	-79.9516	-79.9517	-79.9517	-79.9517	-79.9517	-79.9517	-79.9517	-79.9517	-79.9517	-79.9517	-79.9517	-79.9517	-79.9517	-79.9517	-79.9517	-79.9517	-79.9517	-79.9518	-79.9521	-79.953
2.03	-52.3306	-55.2368	-54.8765	-53.2065	-50.5087	-46.1367	-38.2774	-23.7008	-0.365172	22.3191	-26.2939	-74.5868	-79.3666	-79.8859	-79.9443	-79.9508	-79.9515	-79.9516	-79.9516	-79.9516	-79.9516	-79.9516	-79.9516	-79.9516	-79.9516	-79.9516	-79.9516	-79.9516	-79.9516	-79.9516	-79.9516	-79.9516	-79.9517	-79.9518	-79.952	-79.953
2.035	-52.3168	-55.2754	-54.9491	-53.3141	-50.6722	-46.4125	-38.7917	-24.6287	-1.68337	21.5749	-9.64653	-73.5431	-79.2884	-79.8786	-79.9434	-79.9507	-79.9515	-79.9516	-79.9516	-79.9516	-79.9516	-79.9516	-79.9516	-79.9516	-79.9516	-79.9516	-79.9516	-79.9516	-79.9516	-79.9516	-79.9516	-79.9516	-79.9516	-79.9517	-79.952	-79.9529
2.04	-52.3016	-55.3128	-55.0204	-53.4198	-50.8321	-46.6805	-39.2902	-25.533	-2.98244	21.0181	11.6494	-72.0929	-79.1844	-79.8697	-79.9425	-79.9505	-79.9514	-79.9515	-79.9515	-79.9515	-79.9515	-79.9515	-79.9515	-79.9515	-79.9515	-79.9515	-79.9515	-79.9515	-79.9515	-79.9515	-79.9515	-79.9515	-79.9516	-79.9516	-79.9519	-79.9529
2.045	-52.2849	-55.349	-55.0905	-53.5235	-50.9884	-46.941	-39.7732	-26.4135	-4.26083	20.4985	26.5513	-70.4389	-79.0527	-79.8587	-79.9414	-79.9504	-79.9513	-79.9514	-79.9515	-79.9515	-79.9515	-79.9515	-79.9515	-79.9515	-79.9515	-79.9515	-79.9515	-79.9515	-79.9515	-79.9515	-79.9515	-79.9515	-79.9515	-79.9516	-79.9519	-79.9528
2.05	-52.2667	-55.3842	-55.1593	-53.6254	-51.1413	-47.1943	-40.2412	-27.2705	-5.52145	19.8381	32.1841	-68.8657	-78.8997	-79.8454	-79.9401	-79.9502	-79.9513	-79.9514	-79.9514	-79.9514	-79.9514	-79.9514	-79.9514	-79.9514	-79.9514	-79.9514	-79.9514	-79.9514	-79.9514	-79.9514	-79.9514	-79.9514	-79.9514	-79.9515	-79.9518	-79.9528
2.055	-52.247	-55.4182	-55.227	-53.7255	-51.291	-47.4407	-40.6947	-28.1042	-6.76783	18.9961	33.7305	-67.4849	-78.7346	-79.8298	-79.9386	-79.95	-79.9512	-79.9513	-79.9514	-79.9514	-79.9514	-79.9514	-79.9514	-79.9514	-79.9514	-79.9514	-79.9514	-79.9514	-79.9514	-79.9514	-79.9514	-79.9514	-79.9514	-79.9515	-79.9518	-79.9527
2.06	-52.2258	-55.4511	-55.2934	-53.8238	-51.4374	-47.6805	-41.1341	-28.9152	-8.00167	18.008	33.9232	-66.2812	-78.5646	-79.8122	-79.9369	-79.9498	-79.9511	-79.9513	-79.9513	-79.9513	-79.9513	-79.9513	-79.9513	-79.9513	-79.9513	-79.9513	-79.9513	-79.9513	-79.9513	-79.9513	-79.9513	-79.9513	-79.9513	-79.9514	-79.9517	-79.9527
2.065	-52.2031	-55.4828	-55.3586	-53.9204	-51.5808	-47.9138	-41.5598	-29.7038	-9.22284	16.9179	33.6326	-65.2	-78.3939	-79.7929	-79.9349	-79.9495	-79.9511	-79.9512	-79.9512	-79.9512	-79.9512	-79.9512	-79.9512	-79.9512	-79.9512	-79.9512	-79.9512	-79.9512	-79.9512	-79.9512	-79.9513	-79.9513	-79.9513	-79.9514	-79.9517	-79.9526
2.07	-52.1788	-55.5135	-55.4227	-54.0153	-51.7212	-48.141	-41.9724	-30.4705	-10.4302	15.7581	33.1254	-64.1857	-78.2239	-79.7722	-79.9327	-79.9492	-79.951	-79.9512	-79.9512	-79.9512	-79.9512	-79.9512	-79.9512	-79.9512	-79.9512	-79.9512	-79.9512	-79.9512	-79.9512	-79.9512	-79.9512	-79.9512	-79.9512	-79.9513	-79.9516	-79.9526
2.075	-52.153	-55.543	-55.4856	-54.1086	-51.8587	-48.3622	-42.3723	-31.2157	-11.6221	14.5489	32.4945	-63.1896	-78.0541	-79.7504	-79.9303	-79.949	-79.9509	-79.9511	-79.9511	-79.9511	-79.9511	-79.9511	-79.9511	-79.9511	-79.9511	-79.9511	-79.9511	-79.9511	-79.9511	-79.9511	-79.9511	-79.9512	-79.9512	-79.9513	-79.9516	-79.9525
2.08	-52.1257	-55.5714	-55.5474	-54.2003	-51.9934	-48.5777	-42.7598	-31.9399	-12.7971	13.3032	31.7795	-62.1688	-77.8831	-79.7276	-79.9276	-79.9486	-79.9508	-79.9511	-79.9511	-79.9511	-79.9511	-79.9511	-79.9511	-79.9511	-79.9511	-79.9511	-79.9511	-79.9511	-79.9511	-79.9511	-79.9511	-79.9511	-79.9511	-79.9512	-79.9515	-79.9525
2.085	-52.0968	-55.5987	-55.6081	-54.2904	-52.1254	-48.7877	-43.1355	-32.6434	-13.9538	12.0295	31.0007	-61.0817	-77.7085	-79.7037	-79.9247	-79.9483	-79.9507	-79.951	-79.951	-79.951	-79.951	-79.951	-79.951	-79.951	-79.951	-79.951	-79.951	-79.951	-79.951	-79.951	-79.951	-79.951	-79.9511	-79.9512	-79.9515	-79.9524
2.09	-52.0663	-55.6248	-55.6677	-54.379	-52.2547	-48.9924	-43.4997	-33.3266	-15.091	10.734	30.1699	-59.884	-77.5272	-79.6788	-79.9216	-79.9479	-79.9507	-79.951	-79.951	-79.951	-79.951	-79.951	-79.951	-79.951	-79.951	-79.951	-79.951	-79.951	-79.951	-79.951	-79.951	-79.951	-79.951	-79.9511	-79.9514	-79.9524
2.095	-52.0342	-55.6499	-55.7262	-54.4661	-52.3815	-49.192	-43.8529	-33.99	-16.2078	9.4214	29.295	-58.5231	-77.3355	-79.6526	-79.9184	-79.9475	-79.9506	-79.9509	-79.9509	-79.9509	-79.9509	-79.9509	-79.9509	-79.9509	-79.9509	-79.9509	-79.9509	-79.9509	-79.9509	-79.9509	-79.9509	-79.9509	-79.951	-79.9511	-79.9514	-79.9523
2.1	-52.0005	-55.6738	-55.7837	-54.5518	-52.5059	-49.3867	-44.1955	-34.6339	-17.3033	8.09574	28.3823	-56.9305	-77.1282	-79.6249	-79.9148	-79.947	-79.9505	-79.9508	-79.9509	-79.9509	-79.9509	-79.9509	-79.9509	-79.9509	-79.9509	-79.9509	-79.9509	-79.9509	-79.9509	-79.9509	-79.9509	-79.9509	-79.9509	-79.951	-79.9513	-79.9523
2.105	-51.9653	-55.6966	-55.8401	-54.636	-52.6279	-49.5766	-44.5278	-35.2587	-18.377	6.76052	27.4372	-55.0101	-76.8989	-79.5954	-79.9111	-79.9465	-79.9504	-79.9508	-79.9508	-79.9508	-79.9508	-79.9508	-79.9508	-79.9508	-79.9508	-79.9508	-79.9508	-79.9508	-79.9508	-79.9508	-79.9508	-79.9508	-79.9509	-79.951	-79.9513	-79.9522
2.11	-51.9284	-55.7183	-55.8954	-54.7189	-52.7475	-49.762	-44.8502	-35.8648	-19.4282	5.41896	26.4661	-52.6172	-76.6383	-79.5634	-79.9071	-79.946	-79.9503	-79.9507	-79.9508	-79.9508	-79.9508	-79.9508	-79.9508	-79.9508	-79.9508	-79.9508	-79.9508	-79.9508	-79.9508	-79.9508	-79.9508	-79.9508	-79.9508	-79.9509	-79.9512	-79.9522
2.115	-51.8899	-55.7389	-55.9497	-54.8004	-52.8649	-49.9429	-45.1632	-36.4528	-20.4568	4.07415	25.4776	-49.5203	-76.3326	-79.5282	-79.9027	-79.9454	-79.9501	-79.9507	-79.9507	-79.9507	-79.9507	-79.9507	-79.9507	-79.9507	-79.9507	-79.9507	-79.9507	-79.9507	-79.9507	-79.9507	-79.9507	-79.9507	-79.9508	-79.9509	-79.9512	-79.9521
2.12	-51.8497	-55.7584	-56.003	-54.8805	-52.9801	-50.1196	-45.4669	-37.0229	-21.4623	2.72917	24.4845	-45.3252	-75.9602	-79.4884	-79.898	-79.9448	-79.95	-79.9506	-79.9507	-79.9507	-79.9507	-79.9507	-79.9507	-79.9507	-79.9507	-79.9507	-79.9507	-79.9507	-79.9507	-79.9507	-79.9507	-79.9507	-79.9507	-79.9508	-79.9511	-79.9521
2.125	-51.8079	-55.7767	-56.0553	-54.9594	-53.0932	-50.2922	-45.7619	-37.5757	-22.4445	1.38733	23.5081	-39.3178	-75.4843	-79.4421	-79.8928	-79.9441	-79.9499	-79.9505	-79.9506	-79.9506	-79.9506	-79.9506	-79.9506	-79.9506	-79.9506	-79.9506	-79.9506	-79.9506	-79.9506	-79.9506	-79.9506	-79.9506	-79.9507	-79.9508	-79.9511	-79.952
2.13	-51.7644	-55.7939	-56.1066	-55.037	-53.2042	-50.4609	-46.0484	-38.1116	-23.4034	0.0524292	22.5868	-30.1609	-74.8398	-79.386	-79.8868	-79.9434	-79.9498	-79.9505	-79.9506	-79.9506	-79.9506	-79.9506	-79.9506	-79.9506	-79.9506	-79.9506	-79.9506	-79.9506	-79.9506	-79.9506	-79.9506	-79.9506	-79.9506	-79.9507	-79.951	-79.952
2.135	-51.7193	-55.81	-56.1569	-55.1133	-53.3131	-50.6257	-46.3267	-38.6311	-24.3388	-1.27068	21.7873	-15.6334	-73.9139	-79.3144	-79.8799	-79.9426	-79.9496	-79.9504	-79.9505	-79.9505	-79.9505	-79.9505	-79.9505	-79.9505	-79.9505	-79.9505	-79.9505	-79.9505	-79.9505	-79.9505	-79.9505	-79.9505	-79.9506	-79.9506	-79.951	-79.9519
2.14	-51.6724	-55.825	-56.2062	-55.1884	-53.4202	-50.7868	-46.5971	-39.1345	-25.2505	-2.57621	21.1773	5.02628	-72.5855	-79.2191	-79.8716	-79.9417	-79.9495	-79.9504	-79.9504	-79.9505	-79.9505	-79.9505	-79.9505	-79.9505	-79.9505	-79.9505	-79.9505	-79.9505	-79.9505	-79.9505	-79.9505	-79.9505	-79.9505	-79.9506	-79.9509	-79.9519
2.145	-51.6238	-55.8388	-56.2546	-55.2623	-53.5253	-50.9444	-46.86	-39.6223	-26.1385	-3.86093	20.6706	23.0753	-70.9597	-79.0958	-79.8613	-79.9407	-79.9493	-79.9503	-79.9504	-79.9504	-79.9504	-79.9504	-79.9504	-79.9504	-79.9504	-79.9504	-79.9504	-79.9504	-79.9504	-79.9504	-79.9504	-79.9504	-79.9504	-79.9505	-79.9509	-79.9518
2.15	-51.5736	-55.8514	-56.302	-55.335	-53.6286	-51.0986	-47.1156	-40.095	-27.0029	-5.12672	20.065	31.0689	-69.3403	-78.9485	-79.8488	-79.9395	-79.9492	-79.9502	-79.9503	-79.9504	-79.9504	-79.9504	-79.9504	-79.9504	-79.9504	-79.9504	-79.9504	-79.9504	-79.9504	-79.9504	-79.9504	-79.9504	-79.9504	-79.9505	-79.9508	-79.9518
2.155	-51.5216	-55.863	-56.3484	-55.4066	-53.73	-51.2494	-47.3642	-40.5531	-27.8439	-6.37729	19.2781	33.4636	-67.8968	-78.7863	-79.8339	-79.9381	-79.949	-79.9502	-79.9503	-79.9503	-79.9503	-79.9503	-79.9503	-79.9503	-79.9503	-79.9503	-79.9503	-79.9503	-79.9503	-79.9503	-79.9503	-79.9503	-79.9503	-79.9504	-79.9508	-79.9517
2.16	-51.4678	-55.8733	-56.3939	-55.477	-53.8297	-51.397	-47.6061	-40.9969	-28.662	-7.61501	18.3307	33.9358	-66.6426	-78.6172	-79.8169	-79.9364	-79.9488	-79.9501	-79.9502	-79.9502	-79.9502	-79.9502	-79.9502	-79.9502	-79.9502	-79.9502	-79.9502	-79.9502	-79.9502	-79.9503	-79.9503	-79.9503	-79.9503	-79.9504	-79.9507	-79.9517
2.165	-51.4123	-55.8825	-56.4385	-55.5463	-53.9277	-51.5415	-47.8414	-41.4269	-29.4576	-8.84026	17.2686	33.7535	-65.5292	-78.4465	-79.7981	-79.9345	-79.9485	-79.95	-79.9502	-79.9502	-79.9502	-79.9502	-79.9502	-79.9502	-79.9502	-79.9502	-79.9502	-79.9502	-79.9502	-79.9502	-79.9502	-79.9502	-79.9502	-79.9503	-79.9507	-79.9516
2.17	-51.355	-55.8906	-56.4821	-55.6145	-54.0241	-51.683	-48.0706	-41.8436	-30.2312	-10.0521	16.128	33.2999	-64.4994	-78.2762	-79.7778	-79.9324	-79.9483	-79.9499	-79.9501	-79.9501	-79.9501	-79.9501	-79.9501	-79.9501	-79.9501	-79.9501	-79.9501	-79.9501	-79.9501	-79.9501	-79.9501	-79.9502	-79.9502	-79.9503	-79.9506	-79.9516
2.175	-51.296	-55.8974	-56.5248	-55.6816	-54.1188	-51.8216	-48.2937	-42.2474	-30.9832	-11.249	14.9327	32.7021	-63.5024	-78.1064	-79.7563	-79.93	-79.948	-79.9499	-79.9501	-79.9501	-79.9501	-79.9501	-79.9501	-79.9501	-79.9501	-79.9501	-79.9501	-79.9501	-79.9501	-79.9501	-79.9501	-79.9501	-79.9501	-79.9502	-79.9505	-79.9515
2.18	-51.2352	-55.9031	-56.5665	-55.7477	-54.2119	-51.9573	-48.511	-42.6388	-31.7139	-12.4295	13.6974	32.0108	-62.4937	-77.936	-79.7338	-79.9274	-79.9477	-79.9498	-79.95	-79.95	-79.95	-79.95	-79.95	-79.95	-79.95	-79.95	-79.95	-79.95	-79.95	-79.95	-79.9501	-79.9501	-79.9501	-79.9502	-79.9505	-79.9515
2.185	-51.1726	-55.9076	-56.6074	-55.8127	-54.3035	-52.0904	-48.7227	-43.0182	-32.4239	-13.5921	12.4317	31.2504	-61.4319	-77.7629	-79.7102	-79.9246	-79.9473	-79.9497	-79.95	-79.95	-79.95	-79.95	-79.95	-79.95	-79.95	-79.95	-79.95	-79.95	-79.95	-79.95	-79.95	-79.95	-79.95	-79.9501	-79.9504	-79.9514
2.19	-51.1082	-55.9109	-56.6473	-55.8767	-54.3935	-52.2207	-48.9291	-43.386	-33.1135	-14.7356	11.1425	30.4349	-60.2741	-77.5841	-79.6857	-79.9216	-79.9469	-79.9496	-79.9499	-79.9499	-79.9499	-79.9499	-79.9499	-79.9499	-79.9499	-79.9499	-79.9499	-79.9499	-79.9499	-79.9499	-79.9499	-79.95	-79.95	-79.9501	-79.9504	-79.9514
2.195	-51.0419	-55.913	-56.6863	-55.9397	-54.4821	-52.3486	-49.1303	-43.7427	-33.7831	-15.8589	9.83479	29.5732	-58.9708	-77.3961	-79.6599	-79.9184	-79.9465	-79.9495	-79.9499	-79.9499	-79.9499	-79.9499	-79.9499	-79.9499	-79.9499	-79.9499	-79.9499	-79.9499	-79.9499	-79.9499	-79.9499	-79.9499	-79.9499	-79.95	-79.9503	-79.9513
2.2	-50.9739	-55.9139	-56.7244	-56.0017	-54.5692	-52.4739	-49.3266	-44.0885	-34.433	-16.9612	8.51285	28.6717	-57.4596	-77.1943	-79.6328	-79.9149	-79.9461	-79.9494	-79.9498	-79.9498	-79.9498	-79.9498	-79.9498	-79.9498	-79.9498	-79.9498	-79.9498	-79.9498	-79.9498	-79.9498	-79.9498	-79.9499	-79.9499	-79.95	-79.9503	-79.9513
2.205	-50.904	-55.9135	-56.7616	-56.0627	-54.655	-52.5968	-49.518	-44.4241	-35.0638	-18.0418	7.18028	27.7361	-55.6547	-76.9727	-79.6039	-79.9112	-79.9456	-79.9493	-79.9497	-79.9498	-79.9498	-79.9498	-79.9498	-79.9498	-79.9498	-79.9498	-79.9498	-79.9498	-79.9498	-79.9498	-79.9498	-79.9498	-79.9498	-79.9499	-79.9502	-79.9512
2.21	-50.8324	-55.9119	-56.798	-56.1227	-54.7393	-52.7174	-49.7048	-44.7496	-35.6758	-19.1001	5.84038	26.7724	-53.4297	-76.7232	-79.5727	-79.9073	-79.9451	-79.9492	-79.9497	-79.9497	-79.9497	-79.9497	-79.9497	-79.9497	-79.9497	-79.9497	-79.9497	-79.9497	-79.9497	-79.9497	-79.9497	-79.9497	-79.9498	-79.9499	-79.9502	-79.9512
2.215	-50.7589	-55.9091	-56.8334	-56.1818	-54.8223	-52.8357	-49.8872	-45.0655	-36.2695	-20.1358	4.49626	25.7883	-50.5863	-76.4335	-79.5386	-79.9031	-79.9445	-79.9491	-79.9496	-79.9497	-79.9497	-79.9497	-79.9497	-79.9497	-79.9497	-79.9497	-79.9497	-79.9497	-79.9497	-79.9497	-79.9497	-79.9497	-79.9497	-79.9498	-79.9501	-79.9511
2.22	-50.6835	-55.905	-56.8679	-56.24	-54.904	-52.9518	-50.0653	-45.3721	-36.8452	-21.1486	3.15099	24.7948	-46.793	-76.085	-79.5004	-79.8985	-79.944	-79.949	-79.9496	-79.9496	-79.9496	-79.9496	-79.9496	-79.9496	-79.9496	-79.9496	-79.9496	-79.9496	-79.9496	-79.9496	-79.9496	-79.9496	-79.9497	-79.9498	-79.9501	-79.9511
2.225	-50.6064	-55.8996	-56.9015	-56.2972	-54.9844	-53.0658	-50.2392	-45.6698	-37.4034	-22.1382	1.80779	23.81	-41.4606	-75.6469	-79.4565	-79.8934	-79.9433	-79.9489	-79.9495	-79.9496	-79.9496	-79.9496	-79.9496	-79.9496	-79.9496	-79.9496	-79.9496	-79.9496	-79.9496	-79.9496	-79.9496	-79.9496	-79.9496	-79.9497	-79.95	-79.951
2.23	-50.5274	-55.893	-56.9342	-56.3535	-55.0636	-53.1777	-50.4091	-45.9589	-37.9446	-23.1044	0.470252	22.8658	-33.49	-75.0648	-79.4039	-79.8877	-79.9426	-79.9488	-79.9494	-79.9495	-79.9495	-79.9495	-79.9495	-79.9495	-79.9495	-79.9495	-79.9495	-79.9495	-79.9495	-79.9495	-79.9495	-79.9495	-79.9496	-79.9497	-79.95	-79.951
2.235	-50.4467	-55.885	-56.966	-56.4089	-55.1415	-53.2875	-50.5752	-46.2398	-38.4691	-24.0472	-0.857162	22.0191	-20.9155	-74.2423	-79.3379	-79.8812	-79.9418	-79.9486	-79.9494	-79.9495	-79.9495	-79.9495	-79.9495	-79.9495	-79.9495	-79.9495	-79.9495	-79.9495	-79.9495	-79.9495	-79.9495	-79.9495	-79.9495	-79.9496	-79.9499	-79.9509
2.24	-50.3641	-55.8758	-56.997	-56.4635	-55.2182	-53.3954	-50.7375	-46.5127	-38.9776	-24.9664	-2.16879	21.3478	-1.83118	-73.0457	-79.2509	-79.8734	-79.941	-79.9485	-79.9493	-79.9494	-79.9494	-79.9494	-79.9494	-79.9494	-79.9494	-79.9494	-79.9494	-79.9494	-79.9494	-79.9494	-79.9494	-79.9494	-79.9495	-79.9496	-79.9499	-79.9509
2.245	-50.2797	-55.8653	-57.027	-56.5171	-55.2937	-53.5014	-50.8963	-46.7779	-39.4703	-25.8619	-3.46004	20.8314	18.4902	-71.4814	-79.1364	-79.8637	-79.94	-79.9483	-79.9493	-79.9494	-79.9494	-79.9494	-79.9494	-79.9494	-79.9494	-79.9494	-79.9494	-79.9494	-79.9494	-79.9494	-79.9494	-79.9494	-79.9494	-79.9495	-79.9498	-79.9508
2.25	-50.1936	-55.8534	-57.0562	-56.5699	-55.3681	-53.6055	-51.0515	-47.0358	-39.9477	-26.7337	-4.73137	20.2729	29.4313	-69.8323	-78.9957	-79.8519	-79.9388	-79.9482	-79.9492	-79.9493	-79.9493	-79.9493	-79.9493	-79.9493	-79.9493	-79.9493	-79.9493	-79.9493	-79.9493	-79.9493	-79.9493	-79.9493	-79.9494	-79.9495	-79.9498	-79.9508
2.255	-50.1056	-55.8402	-57.0844	-56.6218	-55.4413	-53.7078	-51.2034	-47.2866	-40.4103	-27.582	-5.98636	19.5435	33.0254	-68.3269	-78.8372	-79.8377	-79.9375	-79.948	-79.9491	-79.9493	-79.9493	-79.9493	-79.9493	-79.9493	-79.9493	-79.9493	-79.9493	-79.9493	-79.9493	-79.9493	-79.9493	-79.9493	-79.9493	-79.9494	-79.9497	-79.9507
2.26	-50.016	-55.8256	-57.1118	-56.6729	-55.5134	-53.8084	-51.3521	-47.5306	-40.8585	-28.4073	-7.22799	18.6416	33.8894	-67.0172	-78.6696	-79.8214	-79.9359	-79.9478	-79.9491	-79.9492	-79.9492	-79.9492	-79.9492	-79.9492	-79.9492	-79.9492	-79.9492	-79.9492	-79.9492	-79.9492	-79.9492	-79.9492	-79.9493	-79.9494	-79.9497	-79.9507
2.265	-49.9246	-55.8097	-57.1382	-56.7231	-55.5844	-53.9072	-51.4976	-47.768	-41.2929	-29.2099	-8.45722	17.6109	33.8488	-65.8659	-78.499	-79.8031	-79.9341	-79.9476	-79.949	-79.9492	-79.9492	-79.9492	-79.9492	-79.9492	-79.9492	-79.9492	-79.9492	-79.9492	-79.9492	-79.9492	-79.9492	-79.9492	-79.9492	-79.9493	-79.9496	-79.9506
2.27	-49.8316	-55.7923	-57.1638	-56.7725	-55.6544	-54.0043	-51.6401	-47.999	-41.7137	-29.9903	-9.67341	16.4919	33.4603	-64.8156	-78.3285	-79.7833	-79.932	-79.9473	-79.9489	-79.9491	-79.9491	-79.9491	-79.9491	-79.9491	-79.9491	-79.9491	-79.9491	-79.9491	-79.9491	-79.9491	-79.9491	-79.9491	-79.9492	-79.9493	-79.9496	-79.9506
2.275	-49.7369	-55.7736	-57.1885	-56.8211	-55.7233	-54.0998	-51.7796	-48.224	-42.1216	-30.749	-10.8752	15.3118	32.9003	-63.8133	-78.1586	-79.7621	-79.9297	-79.947	-79.9489	-79.9491	-79.9491	-79.9491	-79.9491	-79.9491	-79.9491	-79.9491	-79.9491	-79.9491	-79.9491	-79.9491	-79.9491	-79.9491	-79.9491	-79.9492	-79.9495	-79.9505
2.28	-49.6406	-55.7535	-57.2122	-56.8688	-55.7911	-54.1938	-51.9163	-48.4432	-42.5168	-31.4864	-12.061	14.0878	32.2348	-62.8128	-77.9886	-79.7399	-79.9272	-79.9467	-79.9488	-79.949	-79.949	-79.949	-79.949	-79.949	-79.949	-79.949	-79.949	-79.949	-79.949	-79.949	-79.949	-79.949	-79.9491	-79.9492	-79.9495	-79.9505
2.285	-49.5427	-55.732	-57.235	-56.9158	-55.858	-54.2861	-52.0503	-48.6567	-42.8999	-32.2029	-13.2294	12.8308	31.4942	-61.7721	-77.8166	-79.7167	-79.9245	-79.9464	-79.9487	-79.9489	-79.949	-79.949	-79.949	-79.949	-79.949	-79.949	-79.949	-79.949	-79.949	-79.949	-79.949	-79.949	-79.949	-79.9491	-79.9494	-79.9504
2.29	-49.4433	-55.7091	-57.257	-56.9619	-55.9239	-54.377	-52.1815	-48.8647	-43.2714	-32.8989	-14.3789	11.5483	30.6949	-60.6491	-77.6399	-79.6924	-79.9215	-79.946	-79.9486	-79.9489	-79.9489	-79.9489	-79.9489	-79.9489	-79.9489	-79.9489	-79.9489	-79.9489	-79.9489	-79.9489	-79.9489	-79.9489	-79.949	-79.9491	-79.9494	-79.9504
2.295	-49.3424	-55.6847	-57.278	-57.0073	-55.9887	-54.4664	-52.3102	-49.0676	-43.6315	-33.5747	-15.5087	10.246	29.8468	-59.3973	-77.4552	-79.6671	-79.9184	-79.9456	-79.9485	-79.9488	-79.9489	-79.9489	-79.9489	-79.9489	-79.9489	-79.9489	-79.9489	-79.9489	-79.9489	-79.9489	-79.9489	-79.9489	-79.9489	-79.949	-79.9493	-79.9503
2.3	-49.2401	-55.6588	-57.2981	-57.0518	-56.0526	-54.5543	-52.4364	-49.2654	-43.9807	-34.2308	-16.6176	8.92807	28.9572	-57.959	-77.2583	-79.6404	-79.915	-79.9452	-79.9484	-79.9488	-79.9488	-79.9488	-79.9488	-79.9488	-79.9488	-79.9488	-79.9488	-79.9488	-79.9488	-79.9488	-79.9488	-79.9488	-79.9489	-79.949	-79.9493	-79.9503
2.305	-49.1365	-55.6315	-57.3172	-57.0956	-56.1156	-54.6409	-52.5601	-49.4583	-44.3194	-34.8676	-17.7051	7.59846	28.0316	-56.2572	-77.0437	-79.6121	-79.9114	-79.9447	-79.9483	-79.9487	-79.9488	-79.9488	-79.9488	-79.9488	-79.9488	-79.9488	-79.9488	-79.9488	-79.9488	-79.9488	-79.9488	-79.9488	-79.9488	-79.9489	-79.9492	-79.9502
2.31	-49.0316	-55.6027	-57.3355	-57.1386	-56.1776	-54.726	-52.6815	-49.6466	-44.6481	-35.4854	-18.7705	6.26052	27.076	-54.1807	-76.804	-79.5817	-79.9075	-79.9442	-79.9482	-79.9487	-79.9487	-79.9487	-79.9487	-79.9487	-79.9487	-79.9487	-79.9487	-79.9487	-79.9487	-79.9487	-79.9487	-79.9487	-79.9488	-79.9489	-79.9492	-79.9502
2.315	-48.9255	-55.5725	-57.3528	-57.1809	-56.2388	-54.8098	-52.8006	-49.8303	-44.967	-36.0848	-19.8134	4.91739	26.0973	-51.5585	-76.5285	-79.5487	-79.9034	-79.9437	-79.9481	-79.9486	-79.9487	-79.9487	-79.9487	-79.9487	-79.9487	-79.9487	-79.9487	-79.9487	-79.9487	-79.9487	-79.9487	-79.9487	-79.9487	-79.9488	-79.9492	-79.9502
2.32	-48.8183	-55.5407	-57.3691	-57.2223	-56.299	-54.8923	-52.9175	-50.0098	-45.2765	-36.6661	-20.8334	3.57215	25.1052	-48.1101	-76.201	-79.5119	-79.8989	-79.9431	-79.948	-79.9486	-79.9486	-79.9486	-79.9486	-79.9486	-79.9486	-79.9486	-79.9486	-79.9486	-79.9486	-79.9486	-79.9486	-79.9486	-79.9487	-79.9488	-79.9491	-79.9501
2.325	-48.71	-55.5074	-57.3845	-57.263	-56.3583	-54.9735	-53.0322	-50.185	-45.577	-37.2298	-21.8302	2.22794	24.1151	-43.3467	-75.7953	-79.47	-79.894	-79.9425	-79.9479	-79.9485	-79.9486	-79.9486	-79.9486	-79.9486	-79.9486	-79.9486	-79.9486	-79.9486	-79.9486	-79.9486	-79.9486	-79.9486	-79.9486	-79.9487	-79.9491	-79.9501
2.33	-48.6009	-55.4726	-57.399	-57.3029	-56.4168	-55.0535	-53.1448	-50.3562	-45.8688	-37.7762	-22.8038	0.888201	23.1535	-36.3662	-75.2662	-79.4205	-79.8886	-79.9418	-79.9478	-79.9484	-79.9485	-79.9485	-79.9485	-79.9485	-79.9485	-79.9485	-79.9485	-79.9485	-79.9485	-79.9485	-79.9485	-79.9485	-79.9486	-79.9487	-79.949	-79.95
2.335	-48.491	-55.4363	-57.4124	-57.3421	-56.4744	-55.1322	-53.2554	-50.5235	-46.1522	-38.306	-23.754	-0.442939	22.2682	-25.4995	-74.5327	-79.3594	-79.8823	-79.9411	-79.9477	-79.9484	-79.9485	-79.9485	-79.9485	-79.9485	-79.9485	-79.9485	-79.9485	-79.9485	-79.9485	-79.9485	-79.9485	-79.9485	-79.9485	-79.9486	-79.949	-79.95
2.34	-48.3804	-55.3984	-57.425	-57.3805	-56.5311	-55.2097	-53.364	-50.687	-46.4276	-38.8194	-24.6806	-1.76015	21.5352	-8.45068	-73.4655	-79.2799	-79.875	-79.9402	-79.9475	-79.9483	-79.9484	-79.9484	-79.9484	-79.9484	-79.9484	-79.9484	-79.9484	-79.9484	-79.9484	-79.9484	-79.9484	-79.9484	-79.9485	-79.9486	-79.9489	-79.9499
2.345	-48.2693	-55.359	-57.4365	-57.4182	-56.587	-55.2861	-53.4706	-50.8468	-46.6952	-39.317	-25.5835	-3.05799	20.9866	12.8209	-71.9946	-79.1743	-79.866	-79.9393	-79.9474	-79.9483	-79.9484	-79.9484	-79.9484	-79.9484	-79.9484	-79.9484	-79.9484	-79.9484	-79.9484	-79.9484	-79.9484	-79.9484	-79.9484	-79.9485	-79.9489	-79.9499
2.35	-48.1577	-55.318	-57.4471	-57.4551	-56.6421	-55.3613	-53.5754	-51.0032	-46.9554	-39.7992	-26.4627	-4.33523	20.4624	27.0865	-70.3389	-79.0411	-79.8549	-79.9382	-79.9472	-79.9482	-79.9483	-79.9483	-79.9483	-79.9483	-79.9483	-79.9483	-79.9483	-79.9483	-79.9483	-79.9483	-79.9483	-79.9483	-79.9484	-79.9485	-79.9488	-79.9498
2.355	-48.0459	-55.2755	-57.4566	-57.4913	-56.6964	-55.4353	-53.6784	-51.1562	-47.2084	-40.2664	-27.3184	-5.59494	19.7912	32.3441	-68.7758	-78.8871	-79.8414	-79.9369	-79.947	-79.9481	-79.9483	-79.9483	-79.9483	-79.9483	-79.9483	-79.9483	-79.9483	-79.9483	-79.9483	-79.9483	-79.9483	-79.9483	-79.9483	-79.9484	-79.9488	-79.9498
2.36	-47.9339	-55.2314	-57.4652	-57.5268	-56.7499	-55.5083	-53.7796	-51.3059	-47.4544	-40.7192	-28.1508	-6.84056	18.9392	33.7624	-67.4066	-78.7215	-79.8257	-79.9354	-79.9468	-79.9481	-79.9482	-79.9482	-79.9482	-79.9482	-79.9482	-79.9482	-79.9482	-79.9482	-79.9482	-79.9482	-79.9482	-79.9482	-79.9483	-79.9484	-79.9487	-79.9497
2.365	-47.822	-55.1858	-57.4728	-57.5615	-56.8025	-55.5801	-53.879	-51.4524	-47.6939	-41.1578	-28.9605	-8.07368	17.9439	33.9122	-66.2117	-78.5514	-79.808	-79.9337	-79.9466	-79.948	-79.9482	-79.9482	-79.9482	-79.9482	-79.9482	-79.9482	-79.9482	-79.9482	-79.9482	-79.9482	-79.9482	-79.9482	-79.9482	-79.9483	-79.9487	-79.9497
2.37	-47.7103	-55.1386	-57.4793	-57.5954	-56.8544	-55.6509	-53.9768	-51.5958	-47.9269	-41.5828	-29.7478	-9.29408	16.849	33.6042	-65.1359	-78.3807	-79.7886	-79.9317	-79.9464	-79.9479	-79.9481	-79.9481	-79.9481	-79.9481	-79.9481	-79.9481	-79.9481	-79.9481	-79.9481	-79.9481	-79.9481	-79.9481	-79.9482	-79.9483	-79.9486	-79.9496
2.375	-47.599	-55.0898	-57.4848	-57.6286	-56.9056	-55.7207	-54.0729	-51.7363	-48.1538	-41.9947	-30.5133	-10.5005	15.6858	33.0879	-64.1238	-78.2107	-79.7679	-79.9295	-79.9461	-79.9479	-79.9481	-79.9481	-79.9481	-79.9481	-79.9481	-79.9481	-79.9481	-79.9481	-79.9481	-79.9481	-79.9481	-79.9481	-79.9481	-79.9482	-79.9486	-79.9496
2.38	-47.4883	-55.0394	-57.4893	-57.6611	-56.9559	-55.7894	-54.1675	-51.8739	-48.3748	-42.3939	-31.2574	-11.6915	14.4741	32.4511	-63.1273	-78.0409	-79.746	-79.927	-79.9458	-79.9478	-79.948	-79.948	-79.948	-79.948	-79.948	-79.948	-79.948	-79.948	-79.948	-79.948	-79.948	-79.948	-79.9481	-79.9482	-79.9485	-79.9495
2.385	-47.3784	-54.9875	-57.4927	-57.6929	-57.0055	-55.8572	-54.2604	-52.0087	-48.59	-42.7808	-31.9804	-12.8655	13.2265	31.7318	-62.1035	-77.8698	-79.7231	-79.9243	-79.9455	-79.9477	-79.948	-79.948	-79.948	-79.948	-79.948	-79.948	-79.948	-79.948	-79.948	-79.948	-79.948	-79.948	-79.948	-79.9481	-79.9485	-79.9495
2.39	-47.2695	-54.9341	-57.4951	-57.7239	-57.0544	-55.9239	-54.3519	-52.1409	-48.7998	-43.1558	-32.6827	-14.0211	11.9513	30.9495	-61.0109	-77.6949	-79.6991	-79.9214	-79.9451	-79.9476	-79.9479	-79.9479	-79.9479	-79.9479	-79.9479	-79.9479	-79.9479	-79.9479	-79.9479	-79.9479	-79.9479	-79.9479	-79.948	-79.9481	-79.9484	-79.9494
2.395	-47.1617	-54.8791	-57.4964	-57.7541	-57.1025	-55.9897	-54.4419	-52.2704	-49.0042	-43.5195	-33.3648	-15.1571	10.6547	30.1158	-59.8048	-77.5131	-79.6741	-79.9184	-79.9447	-79.9475	-79.9478	-79.9479	-79.9479	-79.9479	-79.9479	-79.9479	-79.9479	-79.9479	-79.9479	-79.9479	-79.9479	-79.9479	-79.9479	-79.948	-79.9484	-79.9494
2.4	-47.0554	-54.8225	-57.4966	-57.7837	-57.1499	-56.0545	-54.5304	-52.3973	-49.2036	-43.8721	-34.0271	-16.2727	9.3412	29.2385	-58.4319	-77.3205	-79.6479	-79.9151	-79.9443	-79.9475	-79.9478	-79.9478	-79.9478	-79.9478	-79.9478	-79.9478	-79.9478	-79.9478	-79.9478	-79.9478	-79.9478	-79.9478	-79.9479	-79.948	-79.9483	-79.9494
2.405	-46.9508	-54.7644	-57.4958	-57.8125	-57.1965	-56.1184	-54.6175	-52.5219	-49.3981	-44.2141	-34.6699	-17.367	8.01488	28.3236	-56.8223	-77.1121	-79.6201	-79.9115	-79.9439	-79.9474	-79.9477	-79.9478	-79.9478	-79.9478	-79.9478	-79.9478	-79.9478	-79.9478	-79.9478	-79.9478	-79.9478	-79.9478	-79.9478	-79.9479	-79.9483	-79.9493
2.41	-46.848	-54.7048	-57.4939	-57.8405	-57.2425	-56.1813	-54.7032	-52.644	-49.5878	-44.5458	-35.2936	-18.4393	6.6792	27.3767	-54.8777	-76.8812	-79.5905	-79.9078	-79.9434	-79.9473	-79.9477	-79.9477	-79.9477	-79.9477	-79.9477	-79.9477	-79.9477	-79.9477	-79.9477	-79.9477	-79.9477	-79.9477	-79.9478	-79.9479	-79.9482	-79.9493
2.415	-46.7474	-54.6437	-57.4908	-57.8678	-57.2877	-56.2434	-54.7875	-52.7638	-49.773	-44.8677	-35.8987	-19.4893	5.33736	26.4043	-52.4495	-76.6182	-79.5583	-79.9037	-79.9429	-79.9472	-79.9476	-79.9477	-79.9477	-79.9477	-79.9477	-79.9477	-79.9477	-79.9477	-79.9477	-79.9477	-79.9477	-79.9477	-79.9477	-79.9478	-79.9482	-79.9492
2.42	-46.6491	-54.581	-57.4866	-57.8944	-57.3322	-56.3046	-54.8706	-52.8814	-49.9537	-45.1802	-36.4856	-20.5165	3.99245	25.415	-49.299	-76.3092	-79.5229	-79.8994	-79.9423	-79.9471	-79.9476	-79.9476	-79.9476	-79.9476	-79.9476	-79.9476	-79.9476	-79.9476	-79.9476	-79.9476	-79.9476	-79.9476	-79.9477	-79.9478	-79.9481	-79.9492
2.425	-46.5534	-54.5169	-57.4813	-57.9202	-57.376	-56.3649	-54.9524	-52.9968	-50.1303	-45.4834	-37.0548	-21.5206	2.64757	24.4222	-45.018	-75.9317	-79.4828	-79.8946	-79.9417	-79.9469	-79.9475	-79.9476	-79.9476	-79.9476	-79.9476	-79.9476	-79.9476	-79.9476	-79.9476	-79.9476	-79.9476	-79.9476	-79.9476	-79.9477	-79.9481	-79.9491
2.43	-46.4606	-54.4514	-57.4749	-57.9453	-57.4192	-56.4243	-55.0328	-53.1101	-50.3027	-45.7779	-37.6066	-22.5015	1.30604	23.4478	-38.8649	-75.4477	-79.436	-79.8893	-79.941	-79.9468	-79.9475	-79.9475	-79.9475	-79.9475	-79.9475	-79.9475	-79.9475	-79.9475	-79.9475	-79.9475	-79.9475	-79.9475	-79.9476	-79.9477	-79.948	-79.9491
2.435	-46.3709	-54.3844	-57.4673	-57.9696	-57.4616	-56.4829	-55.1121	-53.2214	-50.4712	-46.064	-38.1416	-23.459	-0.0282998	22.5317	-29.4515	-74.7898	-79.3791	-79.8834	-79.9403	-79.9467	-79.9474	-79.9475	-79.9475	-79.9475	-79.9475	-79.9475	-79.9475	-79.9475	-79.9475	-79.9475	-79.9475	-79.9475	-79.9475	-79.9476	-79.948	-79.949
2.44	-46.2845	-54.316	-57.4585	-57.9932	-57.5034	-56.5407	-55.1902	-53.3306	-50.6359	-46.3418	-38.6601	-24.393	-1.3505	21.7423	-14.5215	-73.842	-79.3063	-79.8764	-79.9395	-79.9466	-79.9473	-79.9474	-79.9474	-79.9474	-79.9474	-79.9474	-79.9474	-79.9474	-79.9474	-79.9474	-79.9474	-79.9475	-79.9475	-79.9476	-79.9479	-79.949
2.445	-46.2018	-54.2462	-57.4485	-58.016	-57.5445	-56.5977	-55.267	-53.4379	-50.7969	-46.6119	-39.1626	-25.3034	-2.65481	21.1436	6.34802	-72.4888	-79.2093	-79.868	-79.9386	-79.9464	-79.9473	-79.9474	-79.9474	-79.9474	-79.9474	-79.9474	-79.9474	-79.9474	-79.9474	-79.9474	-79.9474	-79.9474	-79.9474	-79.9475	-79.9479	-79.9489
2.45	-46.1229	-54.175	-57.4374	-58.038	-57.5849	-56.6538	-55.3428	-53.5433	-50.9544	-46.8744	-39.6496	-26.19	-3.93829	20.6359	23.8317	-70.8551	-79.0843	-79.8576	-79.9376	-79.9463	-79.9472	-79.9473	-79.9473	-79.9473	-79.9473	-79.9473	-79.9473	-79.9473	-79.9473	-79.9473	-79.9473	-79.9474	-79.9474	-79.9475	-79.9479	-79.9489
2.455	-46.048	-54.1026	-57.4251	-58.0593	-57.6247	-56.7091	-55.4173	-53.6469	-51.1084	-47.1296	-40.1215	-27.053	-5.20305	20.0202	31.3178	-69.2437	-78.9359	-79.8449	-79.9363	-79.9461	-79.9472	-79.9473	-79.9473	-79.9473	-79.9473	-79.9473	-79.9473	-79.9473	-79.9473	-79.9473	-79.9473	-79.9473	-79.9473	-79.9475	-79.9478	-79.9488
2.46	-45.9775	-54.0288	-57.4115	-58.0798	-57.6638	-56.7637	-55.4908	-53.7486	-51.2591	-47.3778	-40.5787	-27.8927	-6.4528	19.2222	33.5236	-67.8124	-78.773	-79.8298	-79.9349	-79.9459	-79.9471	-79.9472	-79.9472	-79.9472	-79.9472	-79.9472	-79.9472	-79.9472	-79.9472	-79.9472	-79.9473	-79.9473	-79.9473	-79.9474	-79.9478	-79.9488
2.465	-45.9114	-53.9537	-57.3967	-58.0996	-57.7022	-56.8175	-55.5632	-53.8487	-51.4066	-47.6193	-41.0217	-28.7094	-7.68978	18.2666	33.9342	-66.5685	-78.6038	-79.8127	-79.9332	-79.9457	-79.947	-79.9472	-79.9472	-79.9472	-79.9472	-79.9472	-79.9472	-79.9472	-79.9472	-79.9472	-79.9472	-79.9472	-79.9472	-79.9474	-79.9477	-79.9488
2.47	-45.8502	-53.8775	-57.3807	-58.1185	-57.74	-56.8705	-55.6345	-53.947	-51.551	-47.8543	-41.4509	-29.5037	-8.91425	17.1987	33.7285	-65.4617	-78.433	-79.7938	-79.9313	-79.9455	-79.947	-79.9471	-79.9471	-79.9472	-79.9472	-79.9472	-79.9472	-79.9472	-79.9472	-79.9472	-79.9472	-79.9472	-79.9472	-79.9473	-79.9477	-79.9487
2.475	-45.7938	-53.8	-57.3634	-58.1367	-57.7771	-56.9228	-55.7048	-54.0437	-51.6925	-48.0831	-41.8669	-30.276	-10.1252	16.0543	33.2637	-64.4351	-78.2628	-79.7735	-79.9292	-79.9452	-79.9469	-79.9471	-79.9471	-79.9471	-79.9471	-79.9471	-79.9471	-79.9471	-79.9471	-79.9471	-79.9471	-79.9471	-79.9472	-79.9473	-79.9476	-79.9487
2.48	-45.7426	-53.7214	-57.3449	-58.1541	-57.8136	-56.9743	-55.7741	-54.1388	-51.831	-48.3059	-42.27	-31.0267	-11.3212	14.8561	32.6591	-63.4385	-78.093	-79.7519	-79.9268	-79.9449	-79.9468	-79.947	-79.9471	-79.9471	-79.9471	-79.9471	-79.9471	-79.9471	-79.9471	-79.9471	-79.9471	-79.9471	-79.9471	-79.9472	-79.9476	-79.9486
2.485	-45.6967	-53.6417	-57.3251	-58.1707	-57.8494	-57.0251	-55.8423	-54.2323	-51.9666	-48.5229	-42.6607	-31.7563	-12.5007	13.6187	31.9629	-62.4276	-77.9225	-79.7293	-79.9242	-79.9446	-79.9467	-79.947	-79.947	-79.947	-79.947	-79.947	-79.947	-79.947	-79.947	-79.947	-79.947	-79.947	-79.9471	-79.9472	-79.9475	-79.9486
2.49	-45.6562	-53.561	-57.3039	-58.1865	-57.8846	-57.0752	-55.9096	-54.3242	-52.0996	-48.7344	-43.0394	-32.465	-13.6621	12.3514	31.1987	-61.361	-77.7491	-79.7057	-79.9214	-79.9443	-79.9467	-79.9469	-79.947	-79.947	-79.947	-79.947	-79.947	-79.947	-79.947	-79.947	-79.947	-79.947	-79.947	-79.9471	-79.9475	-79.9485
2.495	-45.6214	-53.4792	-57.2815	-58.2015	-57.9191	-57.1246	-55.9759	-54.4147	-52.2299	-48.9405	-43.4066	-33.1535	-14.8044	11.0609	30.3801	-60.1954	-77.5698	-79.6811	-79.9184	-79.9439	-79.9466	-79.9469	-79.9469	-79.9469	-79.9469	-79.9469	-79.9469	-79.9469	-79.9469	-79.9469	-79.9469	-79.9469	-79.947	-79.9471	-79.9474	-79.9485
2.5	-45.5923	-53.3965	-57.2578	-58.2157	-57.953	-57.1732	-56.0412	-54.5037	-52.3577	-49.1415	-43.7626	-33.8219	-15.9265	9.7522	29.5157	-58.881	-77.3811	-79.6553	-79.9151	-79.9435	-79.9465	-79.9468	-79.9469	-79.9469	-79.9469	-79.9469	-79.9469	-79.9469	-79.9469	-79.9469	-79.9469	-79.9469	-79.9469	-79.947	-79.9474	-79.9484
2.505	-45.569	-53.3128	-57.2327	-58.229	-57.9863	-57.2212	-56.1056	-54.5913	-52.483	-49.3374	-44.1079	-34.4707	-17.0275	8.4295	28.6119	-57.354	-77.1782	-79.628	-79.9117	-79.943	-79.9464	-79.9468	-79.9468	-79.9468	-79.9468	-79.9468	-79.9468	-79.9468	-79.9468	-79.9468	-79.9468	-79.9468	-79.9469	-79.947	-79.9473	-79.9484
2.51	-45.5517	-53.2283	-57.2062	-58.2416	-58.0189	-57.2685	-56.1691	-54.6775	-52.6059	-49.5286	-44.4428	-35.1004	-18.1067	7.09639	27.6743	-55.5268	-76.9552	-79.599	-79.908	-79.9426	-79.9463	-79.9467	-79.9468	-79.9468	-79.9468	-79.9468	-79.9468	-79.9468	-79.9468	-79.9468	-79.9468	-79.9468	-79.9468	-79.9469	-79.9473	-79.9483
2.515	-45.5404	-53.143	-57.1784	-58.2533	-58.0509	-57.3151	-56.2317	-54.7623	-52.7265	-49.7152	-44.7678	-35.7113	-19.1637	5.75613	26.7091	-53.2696	-76.7034	-79.5677	-79.904	-79.942	-79.9462	-79.9467	-79.9467	-79.9467	-79.9467	-79.9467	-79.9467	-79.9467	-79.9467	-79.9467	-79.9467	-79.9467	-79.9468	-79.9469	-79.9472	-79.9483
2.52	-45.5351	-53.0569	-57.1493	-58.2641	-58.0823	-57.361	-56.2934	-54.8458	-52.8448	-49.8974	-45.0832	-36.3038	-20.1981	4.41186	25.7239	-50.3778	-76.4107	-79.5334	-79.8998	-79.9415	-79.9461	-79.9466	-79.9467	-79.9467	-79.9467	-79.9467	-79.9467	-79.9467	-79.9467	-79.9467	-79.9467	-79.9467	-79.9467	-79.9468	-79.9472	-79.9482
2.525	-45.5359	-52.9701	-57.1187	-58.2741	-58.113	-57.4062	-56.3543	-54.928	-52.9608	-50.0752	-45.3893	-36.8785	-21.2094	3.06663	24.7303	-46.5085	-76.0576	-79.4949	-79.8952	-79.9409	-79.946	-79.9466	-79.9466	-79.9466	-79.9466	-79.9466	-79.9466	-79.9466	-79.9466	-79.9466	-79.9466	-79.9466	-79.9467	-79.9468	-79.9471	-79.9482
2.53	-45.5428	-52.8826	-57.0867	-58.2832	-58.1431	-57.4508	-56.4143	-55.009	-53.0748	-50.2489	-45.6865	-37.4357	-22.1976	1.72368	23.747	-41.0493	-75.6123	-79.4505	-79.8901	-79.9403	-79.9459	-79.9465	-79.9466	-79.9466	-79.9466	-79.9466	-79.9466	-79.9466	-79.9466	-79.9466	-79.9466	-79.9466	-79.9466	-79.9467	-79.9471	-79.9482
2.535	-45.5558	-52.7946	-57.0533	-58.2915	-58.1725	-57.4948	-56.4734	-55.0887	-53.1867	-50.4187	-45.9751	-37.9759	-23.1624	0.38663	22.8069	-32.8567	-75.0185	-79.3972	-79.8844	-79.9396	-79.9458	-79.9464	-79.9465	-79.9465	-79.9465	-79.9465	-79.9465	-79.9465	-79.9465	-79.9465	-79.9465	-79.9465	-79.9466	-79.9467	-79.9471	-79.9481
2.54	-45.5748	-52.706	-57.0184	-58.2989	-58.2013	-57.5381	-56.5317	-55.1672	-53.2966	-50.5845	-46.2555	-38.4995	-24.1038	-0.939966	21.969	-19.9079	-74.1764	-79.3302	-79.8777	-79.9388	-79.9456	-79.9464	-79.9465	-79.9465	-79.9465	-79.9465	-79.9465	-79.9465	-79.9465	-79.9465	-79.9465	-79.9465	-79.9465	-79.9466	-79.947	-79.9481
2.545	-45.5998	-52.6169	-56.9821	-58.3054	-58.2295	-57.5807	-56.5893	-55.2445	-53.4045	-50.7467	-46.528	-39.007	-25.0216	-2.25041	21.3102	-0.45668	-72.953	-79.2416	-79.8698	-79.9379	-79.9455	-79.9463	-79.9464	-79.9464	-79.9464	-79.9464	-79.9464	-79.9464	-79.9464	-79.9464	-79.9464	-79.9464	-79.9465	-79.9466	-79.947	-79.948
2.55	-45.6307	-52.5274	-56.9443	-58.311	-58.257	-57.6227	-56.646	-55.3206	-53.5105	-50.9053	-46.7928	-39.4988	-25.9156	-3.54035	20.7975	19.5017	-71.3738	-79.1252	-79.8601	-79.9369	-79.9453	-79.9463	-79.9464	-79.9464	-79.9464	-79.9464	-79.9464	-79.9464	-79.9464	-79.9464	-79.9464	-79.9464	-79.9464	-79.9465	-79.9469	-79.948
2.555	-45.6675	-52.4376	-56.905	-58.3156	-58.2839	-57.6641	-56.7019	-55.3956	-53.6146	-51.0603	-47.0503	-39.9753	-26.786	-4.81053	20.2304	29.8078	-69.7291	-78.9832	-79.8481	-79.9358	-79.9452	-79.9462	-79.9463	-79.9463	-79.9463	-79.9463	-79.9463	-79.9463	-79.9463	-79.9463	-79.9463	-79.9464	-79.9464	-79.9465	-79.9469	-79.9479
2.56	-45.71	-52.3475	-56.8642	-58.3194	-58.3102	-57.7049	-56.757	-55.4695	-53.717	-51.2121	-47.3007	-40.4371	-27.6329	-6.06462	19.4893	33.1271	-68.2359	-78.8238	-79.8338	-79.9344	-79.945	-79.9461	-79.9463	-79.9463	-79.9463	-79.9463	-79.9463	-79.9463	-79.9463	-79.9463	-79.9463	-79.9463	-79.9463	-79.9465	-79.9468	-79.9479
2.565	-45.758	-52.2572	-56.8218	-58.3222	-58.3358	-57.745	-56.8114	-55.5423	-53.8176	-51.3606	-47.5442	-40.8845	-28.4567	-7.30547	18.5779	33.9012	-66.9378	-78.6559	-79.8173	-79.9328	-79.9448	-79.9461	-79.9462	-79.9462	-79.9462	-79.9462	-79.9462	-79.9462	-79.9462	-79.9462	-79.9462	-79.9463	-79.9463	-79.9464	-79.9468	-79.9478
2.57	-45.8116	-52.1667	-56.7779	-58.324	-58.3608	-57.7845	-56.865	-55.614	-53.9164	-51.506	-47.7813	-41.318	-29.258	-8.53392	17.5405	33.8288	-65.7945	-78.4853	-79.7989	-79.931	-79.9446	-79.946	-79.9462	-79.9462	-79.9462	-79.9462	-79.9462	-79.9462	-79.9462	-79.9462	-79.9462	-79.9462	-79.9462	-79.9464	-79.9467	-79.9478
2.575	-45.8705	-52.0761	-56.7325	-58.3249	-58.3851	-57.8234	-56.9179	-55.6847	-54.0136	-51.6483	-48.012	-41.7381	-30.0371	-9.74926	16.4169	33.4261	-64.7487	-78.3148	-79.779	-79.9289	-79.9443	-79.9459	-79.9461	-79.9461	-79.9461	-79.9461	-79.9461	-79.9461	-79.9461	-79.9461	-79.9462	-79.9462	-79.9462	-79.9463	-79.9467	-79.9477
2.58	-45.9345	-51.9854	-56.6854	-58.3248	-58.4088	-57.8617	-56.97	-55.7543	-54.1092	-51.7877	-48.2367	-42.1452	-30.7945	-10.9501	15.2336	32.8579	-63.7477	-78.145	-79.7578	-79.9266	-79.944	-79.9459	-79.9461	-79.9461	-79.9461	-79.9461	-79.9461	-79.9461	-79.9461	-79.9461	-79.9461	-79.9461	-79.9462	-79.9463	-79.9466	-79.9477
2.585	-46.0035	-51.8949	-56.6368	-58.3237	-58.4318	-57.8994	-57.0214	-55.823	-54.2032	-51.9243	-48.4555	-42.5397	-31.5306	-12.1349	14.0072	32.187	-62.7457	-77.9749	-79.7355	-79.9241	-79.9437	-79.9458	-79.946	-79.946	-79.9461	-79.9461	-79.9461	-79.9461	-79.9461	-79.9461	-79.9461	-79.9461	-79.9461	-79.9462	-79.9466	-79.9477
2.59	-46.0772	-51.8044	-56.5865	-58.3217	-58.4542	-57.9365	-57.0722	-55.8906	-54.2957	-52.0581	-48.6686	-42.9221	-32.2459	-13.3021	12.7484	31.4422	-61.7008	-77.8026	-79.7122	-79.9213	-79.9434	-79.9457	-79.946	-79.946	-79.946	-79.946	-79.946	-79.946	-79.946	-79.946	-79.946	-79.946	-79.9461	-79.9462	-79.9465	-79.9476
2.595	-46.1555	-51.7141	-56.5345	-58.3185	-58.4759	-57.973	-57.1222	-55.9573	-54.3866	-52.1893	-48.8764	-43.2929	-32.9406	-14.4504	11.4646	30.6394	-60.5709	-77.6255	-79.6879	-79.9184	-79.943	-79.9456	-79.9459	-79.946	-79.946	-79.946	-79.946	-79.946	-79.946	-79.946	-79.946	-79.946	-79.946	-79.9461	-79.9465	-79.9476
2.6	-46.2382	-51.6241	-56.4809	-58.3144	-58.4969	-58.009	-57.1715	-56.023	-54.4761	-52.3178	-49.079	-43.6523	-33.6152	-15.5789	10.1611	29.7885	-59.3088	-77.4401	-79.6625	-79.9152	-79.9426	-79.9456	-79.9459	-79.9459	-79.9459	-79.9459	-79.9459	-79.9459	-79.9459	-79.9459	-79.9459	-79.9459	-79.946	-79.9461	-79.9464	-79.9475
2.605	-46.3251	-51.5344	-56.4256	-58.3092	-58.5173	-58.0443	-57.2201	-56.0878	-54.5642	-52.4439	-49.2765	-44.0009	-34.2701	-16.6866	8.84234	28.8963	-57.8559	-77.2423	-79.6357	-79.9118	-79.9422	-79.9455	-79.9458	-79.9459	-79.9459	-79.9459	-79.9459	-79.9459	-79.9459	-79.9459	-79.9459	-79.9459	-79.9459	-79.946	-79.9464	-79.9475
2.61	-46.4159	-51.4451	-56.3686	-58.3029	-58.537	-58.079	-57.268	-56.1517	-54.6508	-52.5675	-49.4692	-44.3391	-34.9057	-17.7727	7.5121	27.9686	-56.1335	-77.0263	-79.6073	-79.9082	-79.9417	-79.9454	-79.9458	-79.9458	-79.9458	-79.9458	-79.9458	-79.9458	-79.9458	-79.9458	-79.9458	-79.9458	-79.9459	-79.946	-79.9464	-79.9474
2.615	-46.5104	-51.3563	-56.3098	-58.2955	-58.5561	-58.1132	-57.3153	-56.2147	-54.7361	-52.6888	-49.6572	-44.6671	-35.5224	-18.8367	6.17374	27.0113	-54.0275	-76.7846	-79.5768	-79.9043	-79.9412	-79.9453	-79.9457	-79.9458	-79.9458	-79.9458	-79.9458	-79.9458	-79.9458	-79.9458	-79.9458	-79.9458	-79.9458	-79.9459	-79.9463	-79.9474
2.62	-46.6084	-51.268	-56.2493	-58.2871	-58.5745	-58.1467	-57.3619	-56.2768	-54.82	-52.8078	-49.8407	-44.9854	-36.1207	-19.8781	4.83038	26.0313	-51.3616	-76.5062	-79.5435	-79.9002	-79.9407	-79.9452	-79.9457	-79.9457	-79.9457	-79.9457	-79.9457	-79.9457	-79.9457	-79.9457	-79.9457	-79.9457	-79.9458	-79.9459	-79.9463	-79.9473
2.625	-46.7097	-51.1804	-56.187	-58.2775	-58.5921	-58.1797	-57.4079	-56.338	-54.9027	-52.9246	-50.0199	-45.2944	-36.7009	-20.8966	3.48512	25.0388	-47.8455	-76.1746	-79.5064	-79.8957	-79.9401	-79.9451	-79.9456	-79.9457	-79.9457	-79.9457	-79.9457	-79.9457	-79.9457	-79.9457	-79.9457	-79.9457	-79.9457	-79.9458	-79.9462	-79.9473
2.63	-46.814	-51.0935	-56.1228	-58.2667	-58.6091	-58.2121	-57.4532	-56.3984	-54.984	-53.0392	-50.1948	-45.5944	-37.2635	-21.8921	2.1411	24.0496	-42.9713	-75.7625	-79.4641	-79.8908	-79.9395	-79.945	-79.9456	-79.9456	-79.9456	-79.9456	-79.9456	-79.9456	-79.9456	-79.9456	-79.9456	-79.9456	-79.9457	-79.9458	-79.9462	-79.9473
2.635	-46.9212	-51.0074	-56.0569	-58.2548	-58.6254	-58.244	-57.4978	-56.4579	-55.0641	-53.1518	-50.3658	-45.8857	-37.809	-22.8642	0.801781	23.0912	-35.7992	-75.2231	-79.414	-79.8853	-79.9388	-79.9448	-79.9455	-79.9456	-79.9456	-79.9456	-79.9456	-79.9456	-79.9456	-79.9456	-79.9456	-79.9456	-79.9456	-79.9458	-79.9461	-79.9472
2.64	-47.0309	-50.9222	-55.989	-58.2416	-58.641	-58.2752	-57.5419	-56.5166	-55.143	-53.2623	-50.5329	-46.1686	-38.3377	-23.8129	-0.528631	22.2132	-24.5987	-74.4722	-79.352	-79.879	-79.9381	-79.9447	-79.9454	-79.9455	-79.9455	-79.9455	-79.9455	-79.9455	-79.9455	-79.9455	-79.9455	-79.9455	-79.9456	-79.9457	-79.9461	-79.9472
2.645	-47.143	-50.8379	-55.9193	-58.2273	-58.6558	-58.3059	-57.5853	-56.5745	-55.2207	-53.3708	-50.6962	-46.4435	-38.8502	-24.738	-1.84473	21.4927	-7.1108	-73.3787	-79.271	-79.8715	-79.9372	-79.9446	-79.9454	-79.9455	-79.9455	-79.9455	-79.9455	-79.9455	-79.9455	-79.9455	-79.9455	-79.9455	-79.9455	-79.9457	-79.946	-79.9471
2.65	-47.2573	-50.7547	-55.8476	-58.2117	-58.67	-58.336	-57.6281	-56.6316	-55.2972	-53.4774	-50.8559	-46.7107	-39.3468	-25.6395	-3.14121	20.9524	14.0773	-71.8861	-79.1635	-79.8624	-79.9363	-79.9444	-79.9453	-79.9454	-79.9454	-79.9454	-79.9454	-79.9454	-79.9454	-79.9454	-79.9454	-79.9455	-79.9455	-79.9456	-79.946	-79.9471
2.655	-47.3736	-50.6726	-55.774	-58.1949	-58.6834	-58.3656	-57.6703	-56.6878	-55.3726	-53.5821	-51.012	-46.9704	-39.8281	-26.5172	-4.4172	20.4223	27.639	-70.2297	-79.0287	-79.8511	-79.9352	-79.9443	-79.9453	-79.9454	-79.9454	-79.9454	-79.9454	-79.9454	-79.9454	-79.9454	-79.9454	-79.9454	-79.9454	-79.9456	-79.9459	-79.947
2.66	-47.4915	-50.5917	-55.6984	-58.1768	-58.6961	-58.3946	-57.7118	-56.7434	-55.4469	-53.685	-51.1648	-47.223	-40.2944	-27.3714	-5.67591	19.739	32.507	-68.6781	-78.8737	-79.8375	-79.9339	-79.9441	-79.9452	-79.9453	-79.9453	-79.9454	-79.9454	-79.9454	-79.9454	-79.9454	-79.9454	-79.9454	-79.9454	-79.9455	-79.9459	-79.947
2.665	-47.611	-50.5121	-55.6208	-58.1573	-58.708	-58.4229	-57.7528	-56.7981	-55.52	-53.7862	-51.3143	-47.4687	-40.7463	-28.2024	-6.9207	18.8763	33.7936	-67.3215	-78.7077	-79.8217	-79.9324	-79.9439	-79.9452	-79.9453	-79.9453	-79.9453	-79.9453	-79.9453	-79.9453	-79.9453	-79.9453	-79.9453	-79.9454	-79.9455	-79.9459	-79.9469
2.67	-47.7319	-50.4339	-55.5412	-58.1365	-58.7192	-58.4508	-57.7932	-56.8521	-55.5921	-53.8856	-51.4607	-47.7077	-41.1841	-29.0106	-8.15303	17.8733	33.8989	-66.1361	-78.5374	-79.8038	-79.9306	-79.9437	-79.9451	-79.9452	-79.9453	-79.9453	-79.9453	-79.9453	-79.9453	-79.9453	-79.9453	-79.9453	-79.9453	-79.9454	-79.9458	-79.9469
2.675	-47.8539	-50.3572	-55.4595	-58.1144	-58.7296	-58.478	-57.8329	-56.9054	-55.6631	-53.9833	-51.604	-47.9404	-41.6083	-29.7966	-9.37258	16.7731	33.5727	-65.066	-78.3668	-79.7844	-79.9286	-79.9435	-79.945	-79.9452	-79.9452	-79.9452	-79.9452	-79.9452	-79.9452	-79.9452	-79.9452	-79.9452	-79.9453	-79.9454	-79.9458	-79.9469
2.68	-47.9769	-50.282	-55.3756	-58.0908	-58.7393	-58.5047	-57.8721	-56.9579	-55.7331	-54.0794	-51.7443	-48.1669	-42.0194	-30.5607	-10.5781	15.6062	33.0466	-64.0562	-78.1968	-79.7636	-79.9264	-79.9432	-79.945	-79.9451	-79.9452	-79.9452	-79.9452	-79.9452	-79.9452	-79.9452	-79.9452	-79.9452	-79.9452	-79.9453	-79.9457	-79.9468
2.685	-48.1007	-50.2085	-55.2897	-58.0658	-58.7481	-58.5308	-57.9107	-57.0097	-55.8021	-54.1739	-51.8817	-48.3876	-42.4178	-31.3035	-11.768	14.3919	32.4035	-63.059	-78.0269	-79.7416	-79.9239	-79.9429	-79.9449	-79.9451	-79.9451	-79.9451	-79.9451	-79.9451	-79.9451	-79.9451	-79.9451	-79.9451	-79.9452	-79.9453	-79.9457	-79.9468
2.69	-48.2252	-50.1367	-55.2015	-58.0393	-58.7562	-58.5563	-57.9488	-57.0608	-55.8701	-54.2668	-52.0164	-48.6025	-42.804	-32.0251	-12.9409	13.1423	31.6796	-62.0318	-77.8556	-79.7186	-79.9212	-79.9426	-79.9448	-79.945	-79.9451	-79.9451	-79.9451	-79.9451	-79.9451	-79.9451	-79.9451	-79.9451	-79.9451	-79.9453	-79.9456	-79.9467
2.695	-48.3501	-50.0667	-55.1112	-58.0114	-58.7634	-58.5813	-57.9862	-57.1112	-55.9371	-54.3583	-52.1484	-48.8119	-43.1783	-32.7262	-14.0952	11.8655	30.8936	-60.933	-77.6803	-79.6946	-79.9184	-79.9422	-79.9447	-79.945	-79.945	-79.945	-79.945	-79.945	-79.945	-79.945	-79.945	-79.945	-79.9451	-79.9452	-79.9456	-79.9467
2.7	-48.4754	-49.9987	-55.0186	-57.9819	-58.7698	-58.6056	-58.0231	-57.1609	-56.0032	-54.4482	-52.2777	-49.0161	-43.5412	-33.4071	-15.23	10.5676	30.0568	-59.7175	-77.4979	-79.6696	-79.9153	-79.9418	-79.9446	-79.9449	-79.945	-79.945	-79.945	-79.945	-79.945	-79.945	-79.945	-79.945	-79.945	-79.9452	-79.9455	-79.9466
2.705	-48.6008	-49.9326	-54.9237	-57.9508	-58.7754	-58.6294	-58.0594	-57.2099	-56.0683	-54.5367	-52.4046	-49.2151	-43.8932	-34.0681	-16.3442	9.2532	29.1767	-58.331	-77.3045	-79.6432	-79.9119	-79.9414	-79.9446	-79.9449	-79.9449	-79.9449	-79.9449	-79.9449	-79.9449	-79.9449	-79.9449	-79.9449	-79.945	-79.9451	-79.9455	-79.9466
2.71	-48.7264	-49.8686	-54.8264	-57.9181	-58.7801	-58.6526	-58.0952	-57.2582	-56.1325	-54.6238	-52.529	-49.4093	-44.2345	-34.7097	-17.4371	7.92617	28.2595	-56.7024	-77.0948	-79.6154	-79.9084	-79.9409	-79.9445	-79.9448	-79.9449	-79.9449	-79.9449	-79.9449	-79.9449	-79.9449	-79.9449	-79.9449	-79.9449	-79.9451	-79.9454	-79.9466
2.715	-48.8518	-49.8068	-54.7269	-57.8838	-58.784	-58.6752	-58.1304	-57.3059	-56.1958	-54.7095	-52.651	-49.5988	-44.5657	-35.3322	-18.508	6.58998	27.3106	-54.7307	-76.862	-79.5856	-79.9046	-79.9405	-79.9444	-79.9448	-79.9448	-79.9448	-79.9448	-79.9448	-79.9448	-79.9448	-79.9448	-79.9449	-79.9449	-79.945	-79.9454	-79.9465
2.72	-48.9771	-49.7471	-54.6249	-57.8478	-58.787	-58.6973	-58.165	-57.3529	-56.2582	-54.7938	-52.7707	-49.7837	-44.887	-35.9362	-19.5565	5.24785	26.3368	-52.2629	-76.5965	-79.5532	-79.9006	-79.9399	-79.9443	-79.9447	-79.9448	-79.9448	-79.9448	-79.9448	-79.9448	-79.9448	-79.9448	-79.9448	-79.9449	-79.945	-79.9454	-79.9465
2.725	-49.1021	-49.6898	-54.5204	-57.81	-58.7891	-58.7187	-58.1991	-57.3993	-56.3198	-54.8769	-52.8882	-49.9642	-45.1989	-36.522	-20.5822	3.90285	25.3468	-49.0519	-76.2837	-79.5175	-79.8962	-79.9394	-79.9442	-79.9447	-79.9447	-79.9447	-79.9447	-79.9447	-79.9447	-79.9447	-79.9448	-79.9448	-79.9448	-79.9449	-79.9453	-79.9464
2.73	-49.2268	-49.6349	-54.4135	-57.7705	-58.7903	-58.7395	-58.2326	-57.445	-56.3804	-54.9587	-53.0035	-50.1405	-45.5016	-37.09	-21.5849	2.55809	24.3543	-44.6737	-75.9004	-79.477	-79.8914	-79.9388	-79.9441	-79.9446	-79.9447	-79.9447	-79.9447	-79.9447	-79.9447	-79.9447	-79.9447	-79.9447	-79.9448	-79.9449	-79.9453	-79.9464
2.735	-49.3509	-49.5824	-54.3041	-57.7292	-58.7905	-58.7598	-58.2656	-57.4901	-56.4403	-55.0392	-53.1166	-50.3127	-45.7956	-37.6408	-22.5642	1.21691	23.3823	-38.355	-75.4074	-79.4297	-79.8861	-79.9381	-79.9439	-79.9446	-79.9446	-79.9447	-79.9447	-79.9447	-79.9447	-79.9447	-79.9447	-79.9447	-79.9447	-79.9448	-79.9452	-79.9463
2.74	-49.4745	-49.5324	-54.192	-57.6859	-58.7898	-58.7794	-58.2981	-57.5345	-56.4993	-55.1184	-53.2278	-50.481	-46.0811	-38.1747	-23.5202	-0.11678	22.4722	-28.6504	-74.7342	-79.372	-79.8801	-79.9374	-79.9438	-79.9445	-79.9446	-79.9446	-79.9446	-79.9446	-79.9446	-79.9446	-79.9446	-79.9446	-79.9447	-79.9448	-79.9452	-79.9463
2.745	-49.5974	-49.485	-54.0774	-57.6408	-58.7881	-58.7984	-58.33	-57.5784	-56.5574	-55.1965	-53.3369	-50.6454	-46.3585	-38.6922	-24.4527	-1.43797	21.6943	-13.2727	-73.7619	-79.2977	-79.873	-79.9366	-79.9437	-79.9445	-79.9446	-79.9446	-79.9446	-79.9446	-79.9446	-79.9446	-79.9446	-79.9446	-79.9446	-79.9447	-79.9451	-79.9463
2.75	-49.7196	-49.4402	-53.96	-57.5936	-58.7855	-58.8168	-58.3613	-57.6216	-56.6148	-55.2734	-53.4441	-50.8062	-46.628	-39.1937	-25.3615	-2.74091	21.1074	7.7816	-72.382	-79.199	-79.8645	-79.9357	-79.9435	-79.9444	-79.9445	-79.9445	-79.9445	-79.9445	-79.9445	-79.9445	-79.9445	-79.9445	-79.9446	-79.9447	-79.9451	-79.9462
2.755	-49.8411	-49.3981	-53.84	-57.5445	-58.7818	-58.8346	-58.3922	-57.6642	-56.6714	-55.3492	-53.5494	-50.9635	-46.8901	-39.6797	-26.2466	-4.02303	20.5979	24.6133	-70.741	-79.0722	-79.8539	-79.9346	-79.9434	-79.9444	-79.9445	-79.9445	-79.9445	-79.9445	-79.9445	-79.9445	-79.9445	-79.9445	-79.9445	-79.9447	-79.945	-79.9462
2.76	-49.9617	-49.3588	-53.7172	-57.4932	-58.7771	-58.8518	-58.4224	-57.7063	-56.7272	-55.4238	-53.6529	-51.1173	-47.1448	-40.1507	-27.1081	-5.28669	19.9706	31.5701	-69.1389	-78.9225	-79.8411	-79.9334	-79.9432	-79.9443	-79.9444	-79.9444	-79.9444	-79.9444	-79.9444	-79.9444	-79.9444	-79.9444	-79.9445	-79.9446	-79.945	-79.9461
2.765	-50.0814	-49.3222	-53.5916	-57.4398	-58.7713	-58.8683	-58.4522	-57.7477	-56.7823	-55.4973	-53.7546	-51.2678	-47.3927	-40.607	-27.9463	-6.53555	19.1607	33.5832	-67.7211	-78.759	-79.8259	-79.9319	-79.943	-79.9442	-79.9444	-79.9444	-79.9444	-79.9444	-79.9444	-79.9444	-79.9444	-79.9444	-79.9444	-79.9446	-79.945	-79.9461
2.77	-50.2002	-49.2885	-53.4631	-57.3842	-58.7644	-58.8842	-58.4814	-57.7885	-56.8366	-55.5697	-53.8545	-51.4151	-47.6338	-41.0491	-28.7616	-7.77171	18.1962	33.9305	-66.4881	-78.5895	-79.8086	-79.9303	-79.9428	-79.9442	-79.9443	-79.9443	-79.9443	-79.9443	-79.9443	-79.9443	-79.9443	-79.9444	-79.9444	-79.9445	-79.9449	-79.946
2.775	-50.318	-49.2576	-53.3317	-57.3263	-58.7565	-58.8995	-58.51	-57.8288	-56.8901	-55.6411	-53.9528	-51.5594	-47.8684	-41.4775	-29.5544	-8.99534	17.1222	33.7007	-65.3884	-78.4187	-79.7896	-79.9283	-79.9426	-79.9441	-79.9443	-79.9443	-79.9443	-79.9443	-79.9443	-79.9443	-79.9443	-79.9443	-79.9444	-79.9445	-79.9449	-79.946
2.78	-50.4347	-49.2296	-53.1973	-57.266	-58.7474	-58.9141	-58.5382	-57.8684	-56.9429	-55.7114	-54.0494	-51.7006	-48.0968	-41.8926	-30.3253	-10.2054	15.9735	33.224	-64.3653	-78.2485	-79.7692	-79.9262	-79.9423	-79.944	-79.9442	-79.9442	-79.9442	-79.9442	-79.9442	-79.9442	-79.9443	-79.9443	-79.9443	-79.9444	-79.9448	-79.9459
2.785	-50.5505	-49.2044	-53.06	-57.2033	-58.7371	-58.928	-58.5658	-57.9075	-56.995	-55.7807	-54.1444	-51.8389	-48.3192	-42.2949	-31.0747	-11.4003	14.7724	32.612	-63.3689	-78.0788	-79.7476	-79.9238	-79.9421	-79.944	-79.9442	-79.9442	-79.9442	-79.9442	-79.9442	-79.9442	-79.9442	-79.9442	-79.9443	-79.9444	-79.9448	-79.9459
2.79	-50.6651	-49.1822	-52.9195	-57.1382	-58.7257	-58.9413	-58.5928	-57.9461	-57.0464	-55.849	-54.2378	-51.9745	-48.5359	-42.6849	-31.8029	-12.5786	13.5327	31.9106	-62.3554	-77.9081	-79.7249	-79.9212	-79.9417	-79.9439	-79.9441	-79.9442	-79.9442	-79.9442	-79.9442	-79.9442	-79.9442	-79.9442	-79.9442	-79.9443	-79.9447	-79.9459
2.795	-50.7787	-49.163	-52.7759	-57.0704	-58.713	-58.9539	-58.6194	-57.984	-57.0971	-55.9164	-54.3297	-52.1073	-48.747	-43.0629	-32.5103	-13.7388	12.2636	31.1424	-61.2833	-77.7344	-79.7013	-79.9183	-79.9414	-79.9438	-79.9441	-79.9441	-79.9441	-79.9441	-79.9441	-79.9441	-79.9441	-79.9441	-79.9442	-79.9443	-79.9447	-79.9458
2.8	-50.8912	-49.1466	-52.6292	-57	-58.6991	-58.9658	-58.6453	-58.0214	-57.147	-55.9828	-54.4201	-52.2375	-48.9528	-43.4293	-33.1974	-14.8798	10.9717	30.3204	-60.1091	-77.5546	-79.6765	-79.9153	-79.941	-79.9437	-79.944	-79.9441	-79.9441	-79.9441	-79.9441	-79.9441	-79.9441	-79.9441	-79.9441	-79.9443	-79.9446	-79.9458
2.805	-51.0025	-49.1332	-52.4792	-56.9268	-58.6839	-58.9771	-58.6708	-58.0583	-57.1963	-56.0482	-54.5091	-52.3651	-49.1535	-43.7846	-33.8645	-16.0005	9.662	29.4531	-58.7822	-77.365	-79.6506	-79.9121	-79.9406	-79.9437	-79.944	-79.944	-79.944	-79.944	-79.944	-79.944	-79.944	-79.944	-79.9441	-79.9442	-79.9446	-79.9457
2.81	-51.1127	-49.1226	-52.326	-56.8508	-58.6673	-58.9876	-58.6957	-58.0946	-57.245	-56.1127	-54.5966	-52.4902	-49.3492	-44.1293	-34.5121	-17.1001	8.33849	28.5468	-57.2377	-77.161	-79.6233	-79.9086	-79.9402	-79.9436	-79.9439	-79.944	-79.944	-79.944	-79.944	-79.944	-79.944	-79.944	-79.944	-79.9442	-79.9446	-79.9457
2.815	-51.2217	-49.115	-52.1695	-56.7719	-58.6494	-58.9974	-58.7201	-58.1303	-57.2929	-56.1763	-54.6827	-52.613	-49.5401	-44.4635	-35.1405	-18.1779	7.0048	27.6071	-55.3856	-76.9363	-79.5941	-79.9049	-79.9397	-79.9435	-79.9439	-79.9439	-79.9439	-79.9439	-79.9439	-79.9439	-79.9439	-79.9439	-79.944	-79.9441	-79.9445	-79.9456
2.82	-51.3296	-49.1102	-52.0096	-56.6899	-58.6301	-59.0064	-58.7439	-58.1656	-57.3402	-56.239	-54.7675	-52.7334	-49.7264	-44.7879	-35.7503	-19.2334	5.66418	26.6401	-53.0923	-76.6822	-79.5627	-79.9009	-79.9392	-79.9434	-79.9438	-79.9439	-79.9439	-79.9439	-79.9439	-79.9439	-79.9439	-79.9439	-79.9439	-79.9441	-79.9445	-79.9456
2.825	-51.4363	-49.1082	-51.8462	-56.6048	-58.6093	-59.0148	-58.7672	-58.2002	-57.3869	-56.3008	-54.851	-52.8516	-49.9082	-45.1027	-36.3417	-20.2662	4.31974	25.654	-50.1462	-76.3859	-79.5281	-79.8967	-79.9386	-79.9433	-79.9438	-79.9438	-79.9438	-79.9438	-79.9438	-79.9438	-79.9438	-79.9439	-79.9439	-79.944	-79.9444	-79.9456
2.83	-51.5419	-49.1091	-51.6795	-56.5165	-58.5871	-59.0223	-58.79	-58.2343	-57.4329	-56.3618	-54.9331	-52.9675	-50.0858	-45.4082	-36.9152	-21.276	2.97457	24.6604	-46.1911	-76.0277	-79.4893	-79.892	-79.938	-79.9432	-79.9437	-79.9438	-79.9438	-79.9438	-79.9438	-79.9438	-79.9438	-79.9438	-79.9439	-79.944	-79.9444	-79.9455
2.835	-51.6463	-49.1126	-51.5092	-56.4248	-58.5633	-59.0291	-58.8122	-58.2679	-57.4783	-56.4219	-55.014	-53.0814	-50.2593	-45.7049	-37.4713	-22.2627	1.6319	23.6787	-40.5885	-75.5744	-79.4444	-79.8869	-79.9374	-79.9431	-79.9437	-79.9437	-79.9437	-79.9437	-79.9437	-79.9437	-79.9438	-79.9438	-79.9438	-79.9439	-79.9443	-79.9455
2.84	-51.7495	-49.1189	-51.3355	-56.3296	-58.538	-59.0352	-58.8338	-58.301	-57.523	-56.4811	-55.0937	-53.1931	-50.4288	-45.993	-38.0104	-23.2259	0.295412	22.7434	-32.1443	-74.9672	-79.3904	-79.8811	-79.9367	-79.9429	-79.9436	-79.9437	-79.9437	-79.9437	-79.9437	-79.9437	-79.9437	-79.9437	-79.9438	-79.9439	-79.9443	-79.9454
2.845	-51.8516	-49.1277	-51.1581	-56.2308	-58.511	-59.0404	-58.8549	-58.3335	-57.5672	-56.5396	-55.1721	-53.3029	-50.5944	-46.2729	-38.5329	-24.1657	-1.03027	21.9154	-18.7761	-74.103	-79.3221	-79.8744	-79.9359	-79.9428	-79.9436	-79.9436	-79.9437	-79.9437	-79.9437	-79.9437	-79.9437	-79.9437	-79.9437	-79.9439	-79.9442	-79.9454
2.85	-51.9525	-49.1392	-50.9773	-56.1283	-58.4823	-59.0448	-58.8755	-58.3655	-57.6107	-56.5972	-55.2494	-53.4107	-50.7563	-46.5448	-39.0394	-25.0819	-2.33939	21.2703	1.0503	-72.8506	-79.2317	-79.8664	-79.9351	-79.9427	-79.9435	-79.9436	-79.9436	-79.9436	-79.9436	-79.9436	-79.9436	-79.9436	-79.9437	-79.9438	-79.9442	-79.9453
2.855	-52.0522	-49.1531	-50.7928	-56.0219	-58.4519	-59.0484	-58.8955	-58.397	-57.6536	-56.6541	-55.3255	-53.5166	-50.9147	-46.8092	-39.5302	-25.9744	-3.6279	20.7607	20.5534	-71.2565	-79.1134	-79.8565	-79.9341	-79.9425	-79.9435	-79.9436	-79.9436	-79.9436	-79.9436	-79.9436	-79.9436	-79.9436	-79.9436	-79.9438	-79.9442	-79.9453
2.86	-52.1508	-49.1695	-50.6048	-55.9115	-58.4197	-59.0511	-58.9149	-58.428	-57.6959	-56.7102	-55.4005	-53.6206	-51.0696	-47.0662	-40.0057	-26.8432	-4.89686	20.1836	30.1884	-69.6176	-78.9699	-79.8444	-79.9329	-79.9424	-79.9434	-79.9435	-79.9435	-79.9435	-79.9435	-79.9435	-79.9435	-79.9435	-79.9436	-79.9437	-79.9441	-79.9453
2.865	-52.2483	-49.1882	-50.4131	-55.797	-58.3856	-59.053	-58.9338	-58.4584	-57.7377	-56.7655	-55.4743	-53.7229	-51.2211	-47.3161	-40.4665	-27.6885	-6.14998	19.4297	33.2282	-68.138	-78.8097	-79.8299	-79.9315	-79.9422	-79.9433	-79.9435	-79.9435	-79.9435	-79.9435	-79.9435	-79.9435	-79.9435	-79.9435	-79.9437	-79.9441	-79.9452
2.87	-52.3446	-49.2092	-50.2179	-55.6781	-58.3496	-59.054	-58.9521	-58.4883	-57.7788	-56.82	-55.5471	-53.8234	-51.3694	-47.5593	-40.913	-28.5109	-7.38998	18.5081	33.9111	-66.8522	-78.6414	-79.8133	-79.9299	-79.942	-79.9433	-79.9434	-79.9434	-79.9434	-79.9434	-79.9434	-79.9434	-79.9435	-79.9435	-79.9436	-79.944	-79.9452
2.875	-52.4398	-49.2323	-50.0192	-55.5548	-58.3116	-59.054	-58.9698	-58.5177	-57.8194	-56.8738	-55.6188	-53.9221	-51.5146	-47.7959	-41.3457	-29.3107	-8.61757	17.4636	33.806	-65.7175	-78.4707	-79.7948	-79.9281	-79.9418	-79.9432	-79.9434	-79.9434	-79.9434	-79.9434	-79.9434	-79.9434	-79.9434	-79.9435	-79.9436	-79.944	-79.9451
2.88	-52.5339	-49.2575	-49.8169	-55.4268	-58.2715	-59.0532	-58.9869	-58.5466	-57.8594	-56.9269	-55.6895	-54.0193	-51.6568	-48.0262	-41.7649	-30.0883	-9.83197	16.3352	33.3884	-64.6763	-78.3003	-79.7748	-79.926	-79.9415	-79.9431	-79.9433	-79.9433	-79.9433	-79.9433	-79.9434	-79.9434	-79.9434	-79.9434	-79.9435	-79.9439	-79.9451
2.885	-52.6268	-49.2847	-49.6112	-55.294	-58.2293	-59.0514	-59.0035	-58.575	-57.8988	-56.9792	-55.7591	-54.1147	-51.796	-48.2505	-42.1711	-30.8443	-11.0318	15.1485	32.8117	-63.6765	-78.1305	-79.7535	-79.9236	-79.9412	-79.9431	-79.9433	-79.9433	-79.9433	-79.9433	-79.9433	-79.9433	-79.9433	-79.9434	-79.9435	-79.9439	-79.9451
2.89	-52.7186	-49.3138	-49.4022	-55.1562	-58.1849	-59.0486	-59.0195	-58.6028	-57.9376	-57.0309	-55.8277	-54.2087	-51.9324	-48.469	-42.5649	-31.579	-12.2154	13.9196	32.1349	-62.6727	-77.9603	-79.7312	-79.9211	-79.9409	-79.943	-79.9432	-79.9433	-79.9433	-79.9433	-79.9433	-79.9433	-79.9433	-79.9433	-79.9435	-79.9439	-79.945
2.895	-52.8094	-49.3446	-49.1898	-55.0131	-58.1382	-59.0448	-59.0348	-58.6302	-57.9759	-57.0818	-55.8954	-54.301	-52.066	-48.6818	-42.9465	-32.2929	-13.3813	12.6588	31.3857	-61.6231	-77.7878	-79.7078	-79.9183	-79.9406	-79.9429	-79.9432	-79.9432	-79.9432	-79.9432	-79.9432	-79.9432	-79.9432	-79.9433	-79.9434	-79.9438	-79.945
2.9	-52.899	-49.3772	-48.9743	-54.8646	-58.0891	-59.04	-59.0496	-58.657	-58.0136	-57.132	-55.9621	-54.3919	-52.197	-48.8892	-43.3165	-32.9862	-14.5284	11.3734	30.5792	-60.4854	-77.6102	-79.6834	-79.9154	-79.9402	-79.9429	-79.9431	-79.9432	-79.9432	-79.9432	-79.9432	-79.9432	-79.9432	-79.9432	-79.9434	-79.9438	-79.9449
2.905	-52.9875	-49.4113	-48.7557	-54.7105	-58.0375	-59.0341	-59.0637	-58.6833	-58.0508	-57.1816	-56.0278	-54.4813	-52.3254	-49.0914	-43.6753	-33.6595	-15.6555	10.0688	29.7252	-59.2118	-77.4241	-79.6579	-79.9122	-79.9398	-79.9428	-79.9431	-79.9431	-79.9431	-79.9431	-79.9431	-79.9431	-79.9431	-79.9432	-79.9433	-79.9437	-79.9449
2.91	-53.075	-49.4469	-48.5342	-54.5506	-57.9833	-59.0272	-59.0773	-58.7091	-58.0874	-57.2304	-56.0926	-54.5693	-52.4513	-49.2886	-44.0232	-34.3131	-16.7617	8.74911	28.8303	-57.7427	-77.2251	-79.631	-79.9088	-79.9394	-79.9427	-79.943	-79.9431	-79.9431	-79.9431	-79.9431	-79.9431	-79.9431	-79.9431	-79.9433	-79.9437	-79.9448
2.915	-53.1613	-49.484	-48.3101	-54.3845	-57.9264	-59.0191	-59.0902	-58.7344	-58.1235	-57.2786	-56.1565	-54.6558	-52.5748	-49.481	-44.3606	-34.9475	-17.8463	7.41821	27.9003	-55.9974	-77.0076	-79.6025	-79.9052	-79.9389	-79.9426	-79.943	-79.943	-79.943	-79.943	-79.943	-79.943	-79.9431	-79.9431	-79.9432	-79.9436	-79.9448
2.92	-53.2466	-49.5223	-48.0834	-54.2122	-57.8667	-59.0099	-59.1024	-58.7592	-58.1591	-57.3262	-56.2194	-54.741	-52.696	-49.6687	-44.688	-35.5629	-18.9087	6.07939	26.9411	-53.8585	-76.7637	-79.5718	-79.9013	-79.9384	-79.9425	-79.9429	-79.943	-79.943	-79.943	-79.943	-79.943	-79.943	-79.9431	-79.9432	-79.9436	-79.9448
2.925	-53.3308	-49.5618	-47.8546	-54.0332	-57.8041	-58.9995	-59.1141	-58.7834	-58.1941	-57.3731	-56.2815	-54.8249	-52.8148	-49.852	-45.0057	-36.16	-19.9486	4.73581	25.9598	-51.1437	-76.4822	-79.5383	-79.8971	-79.9379	-79.9424	-79.9429	-79.9429	-79.9429	-79.9429	-79.9429	-79.943	-79.943	-79.943	-79.9431	-79.9436	-79.9447
2.93	-53.414	-49.6024	-47.6237	-53.8474	-57.7384	-58.9879	-59.125	-58.8072	-58.2286	-57.4193	-56.3428	-54.9075	-52.9315	-50.0309	-45.3141	-36.739	-20.9656	3.39053	24.9669	-47.5517	-76.1459	-79.5009	-79.8926	-79.9373	-79.9423	-79.9428	-79.9429	-79.9429	-79.9429	-79.9429	-79.9429	-79.9429	-79.943	-79.9431	-79.9435	-79.9447
2.935	-53.4961	-49.644	-47.3913	-53.6545	-57.6696	-58.975	-59.1353	-58.8304	-58.2625	-57.4649	-56.4031	-54.9888	-53.046	-50.2056	-45.6135	-37.3005	-21.9594	2.04673	23.9787	-42.5527	-75.7267	-79.4581	-79.8876	-79.9367	-79.9422	-79.9428	-79.9428	-79.9429	-79.9429	-79.9429	-79.9429	-79.9429	-79.9429	-79.9431	-79.9435	-79.9446
2.94	-53.5771	-49.6865	-47.1575	-53.4541	-57.5975	-58.9608	-59.1449	-58.8531	-58.296	-57.5099	-56.4627	-55.0688	-53.1584	-50.3763	-45.9042	-37.8448	-22.93	0.70789	23.024	-35.1641	-75.1756	-79.4074	-79.8821	-79.936	-79.9421	-79.9427	-79.9428	-79.9428	-79.9428	-79.9428	-79.9428	-79.9428	-79.9429	-79.943	-79.9434	-79.9446
2.945	-53.657	-49.7299	-46.9229	-53.2461	-57.5219	-58.9452	-59.1539	-58.8753	-58.3289	-57.5543	-56.5214	-55.1476	-53.2688	-50.5431	-46.1866	-38.3724	-23.8771	-0.621704	22.1544	-23.5882	-74.4051	-79.3442	-79.8757	-79.9353	-79.9419	-79.9427	-79.9428	-79.9428	-79.9428	-79.9428	-79.9428	-79.9428	-79.9428	-79.943	-79.9434	-79.9445
2.95	-53.7359	-49.7741	-46.6877	-53.03	-57.4427	-58.9283	-59.1621	-58.897	-58.3613	-57.5981	-56.5793	-55.2253	-53.3772	-50.7062	-46.461	-38.8838	-24.8006	-1.93657	21.4478	-5.62976	-73.2826	-79.2616	-79.8682	-79.9344	-79.9418	-79.9426	-79.9427	-79.9427	-79.9427	-79.9427	-79.9427	-79.9427	-79.9428	-79.9429	-79.9433	-79.9445
2.955	-53.8138	-49.8189	-46.4526	-52.8056	-57.3597	-58.9099	-59.1696	-58.9181	-58.3931	-57.6412	-56.6364	-55.3017	-53.4836	-50.8657	-46.7277	-39.3794	-25.7004	-3.23157	20.9156	15.3985	-71.7678	-79.1521	-79.8589	-79.9335	-79.9417	-79.9426	-79.9427	-79.9427	-79.9427	-79.9427	-79.9427	-79.9427	-79.9427	-79.9429	-79.9433	-79.9445
2.96	-53.8906	-49.8644	-46.2179	-52.5726	-57.2728	-58.89	-59.1764	-58.9387	-58.4245	-57.6838	-56.6928	-55.3771	-53.5883	-51.0216	-46.987	-39.8597	-26.5765	-4.50622	20.3783	28.1973	-70.1119	-79.0156	-79.8475	-79.9324	-79.9415	-79.9425	-79.9426	-79.9426	-79.9426	-79.9426	-79.9426	-79.9427	-79.9427	-79.9428	-79.9433	-79.9444
2.965	-53.9664	-49.9105	-45.9843	-52.3306	-57.1818	-58.8686	-59.1825	-58.9588	-58.4553	-57.7257	-56.7483	-55.4513	-53.6911	-51.1742	-47.2391	-40.325	-27.4291	-5.76385	19.6819	32.6689	-68.5731	-78.8595	-79.8337	-79.9311	-79.9413	-79.9425	-79.9426	-79.9426	-79.9426	-79.9426	-79.9426	-79.9426	-79.9427	-79.9428	-79.9432	-79.9444
2.97	-54.0412	-49.9572	-45.7523	-52.0792	-57.0864	-58.8456	-59.1877	-58.9784	-58.4857	-57.7671	-56.8031	-55.5244	-53.7921	-51.3235	-47.4843	-40.7759	-28.2585	-7.00775	18.8077	33.823	-67.2302	-78.693	-79.8177	-79.9295	-79.9411	-79.9424	-79.9425	-79.9426	-79.9426	-79.9426	-79.9426	-79.9426	-79.9426	-79.9428	-79.9432	-79.9443
2.975	-54.1149	-50.0043	-45.5225	-51.8181	-56.9865	-58.8209	-59.1923	-58.9974	-58.5155	-57.8079	-56.8571	-55.5964	-53.8914	-51.4696	-47.723	-41.2128	-29.0652	-8.23921	17.7965	33.8831	-66.0548	-78.5226	-79.7998	-79.9277	-79.9409	-79.9423	-79.9425	-79.9425	-79.9425	-79.9425	-79.9425	-79.9425	-79.9426	-79.9427	-79.9431	-79.9443
2.98	-54.1876	-50.052	-45.2955	-51.547	-56.8819	-58.7944	-59.196	-59.0158	-58.5448	-57.8481	-56.9104	-55.6674	-53.989	-51.6127	-47.9552	-41.6361	-29.8497	-9.45783	16.6907	33.5379	-64.9906	-78.352	-79.7802	-79.9257	-79.9407	-79.9423	-79.9424	-79.9425	-79.9425	-79.9425	-79.9425	-79.9425	-79.9425	-79.9427	-79.9431	-79.9443
2.985	-54.2593	-50.1	-45.0721	-51.2654	-56.7723	-58.7662	-59.1989	-59.0338	-58.5736	-57.8878	-56.963	-55.7373	-54.085	-51.7528	-48.1814	-42.0464	-30.6124	-10.6623	15.5199	33.0016	-63.9831	-78.182	-79.7593	-79.9235	-79.9404	-79.9422	-79.9424	-79.9424	-79.9424	-79.9424	-79.9424	-79.9424	-79.9425	-79.9426	-79.943	-79.9442
2.99	-54.3299	-50.1486	-44.8529	-50.973	-56.6575	-58.7361	-59.201	-59.0511	-58.6019	-57.9269	-57.0149	-55.8063	-54.1794	-51.8901	-48.4016	-42.4439	-31.3536	-11.8511	14.3027	32.3519	-62.985	-78.0122	-79.7373	-79.921	-79.9401	-79.9421	-79.9424	-79.9424	-79.9424	-79.9424	-79.9424	-79.9424	-79.9424	-79.9426	-79.943	-79.9442
2.995	-54.3996	-50.1975	-44.6387	-50.6694	-56.5372	-58.7041	-59.2022	-59.068	-58.6297	-57.9654	-57.066	-55.8742	-54.2723	-52.0246	-48.6161	-42.8293	-32.0739	-13.0227	13.0509	31.623	-61.954	-77.8406	-79.7142	-79.9183	-79.9398	-79.9421	-79.9423	-79.9423	-79.9423	-79.9423	-79.9423	-79.9424	-79.9424	-79.9425	-79.9429	-79.9441
3	-54.4683	-50.2469	-44.4301	-50.3542	-56.4111	-58.67	-59.2025	-59.0842	-58.657	-58.0033	-57.1165	-55.9412	-54.3636	-52.1564	-48.8252	-43.2029	-32.7736	-14.1757	11.7725	30.833	-60.8482	-77.6649	-79.6902	-79.9154	-79.9395	-79.942	-79.9423	-79.9423	-79.9423	-79.9423	-79.9423	-79.9423	-79.9424	-79.9425	-79.9429	-79.9441
3.005	-54.536	-50.2968	-44.2279	-50.0271	-56.279	-58.6338	-59.202	-59.1	-58.6838	-58.0408	-57.1663	-56.0072	-54.4534	-52.2856	-49.029	-43.5651	-33.453	-15.3091	10.4733	29.9928	-59.6222	-77.4819	-79.665	-79.9123	-79.9391	-79.9419	-79.9422	-79.9422	-79.9422	-79.9422	-79.9423	-79.9423	-79.9423	-79.9425	-79.9429	-79.944
3.01	-54.6028	-50.3471	-44.0328	-49.6878	-56.1405	-58.5953	-59.2005	-59.1151	-58.7101	-58.0776	-57.2154	-56.0723	-54.5419	-52.4123	-49.2278	-43.9163	-34.1127	-16.4218	9.15786	29.1099	-58.2207	-77.2874	-79.6386	-79.909	-79.9386	-79.9418	-79.9422	-79.9422	-79.9422	-79.9422	-79.9422	-79.9422	-79.9423	-79.9424	-79.9428	-79.944
3.015	-54.6685	-50.398	-43.8455	-49.3358	-55.9953	-58.5546	-59.1981	-59.1297	-58.7359	-58.114	-57.2638	-56.1365	-54.6289	-52.5365	-49.4216	-44.2569	-34.753	-17.5132	7.83006	28.1901	-56.5711	-77.0763	-79.6106	-79.9054	-79.9382	-79.9417	-79.9421	-79.9422	-79.9422	-79.9422	-79.9422	-79.9422	-79.9422	-79.9424	-79.9428	-79.944
3.02	-54.7334	-50.4494	-43.6667	-48.9709	-55.8431	-58.5115	-59.1947	-59.1436	-58.7612	-58.1498	-57.3115	-56.1998	-54.7145	-52.6584	-49.6108	-44.5874	-35.3742	-18.5825	6.49335	27.2392	-54.5692	-76.8415	-79.5806	-79.9016	-79.9377	-79.9416	-79.9421	-79.9421	-79.9421	-79.9421	-79.9421	-79.9421	-79.9422	-79.9423	-79.9427	-79.9439
3.025	-54.7973	-50.5014	-43.4971	-48.5927	-55.6835	-58.4658	-59.1903	-59.157	-58.786	-58.185	-57.3587	-56.2621	-54.7988	-52.778	-49.7954	-44.9081	-35.977	-19.6294	5.15091	26.2639	-52.0572	-76.5731	-79.5481	-79.8975	-79.9372	-79.9415	-79.942	-79.9421	-79.9421	-79.9421	-79.9421	-79.9421	-79.9421	-79.9423	-79.9427	-79.9439
3.03	-54.8603	-50.554	-43.3372	-48.2011	-55.5161	-58.4175	-59.1849	-59.1698	-58.8103	-58.2198	-57.4051	-56.3236	-54.8817	-52.8953	-49.9756	-45.2193	-36.5615	-20.6535	3.80583	25.2731	-48.7786	-76.2561	-79.512	-79.8931	-79.9366	-79.9414	-79.942	-79.942	-79.942	-79.942	-79.942	-79.942	-79.9421	-79.9422	-79.9426	-79.9438
3.035	-54.9225	-50.6073	-43.1877	-47.7959	-55.3405	-58.3664	-59.1784	-59.182	-58.8341	-58.254	-57.451	-56.3843	-54.9634	-53.0105	-50.1517	-45.5215	-37.1284	-21.6546	2.46122	24.2812	-44.2913	-75.8664	-79.4712	-79.8883	-79.936	-79.9413	-79.9419	-79.942	-79.942	-79.942	-79.942	-79.942	-79.9421	-79.9422	-79.9426	-79.9438
3.04	-54.9837	-50.6614	-43.0491	-47.377	-55.1562	-58.3124	-59.1708	-59.1936	-58.8574	-58.2877	-57.4962	-56.4441	-55.0438	-53.1235	-50.3236	-45.8148	-37.678	-22.6323	1.12044	23.312	-37.7861	-75.3631	-79.4232	-79.883	-79.9353	-79.9412	-79.9419	-79.9419	-79.9419	-79.9419	-79.9419	-79.942	-79.942	-79.9421	-79.9426	-79.9438
3.045	-55.0441	-50.7162	-42.9219	-46.9443	-54.9629	-58.2553	-59.1621	-59.2045	-58.8802	-58.3208	-57.5407	-56.5031	-55.1231	-53.2345	-50.4916	-46.0998	-38.2107	-23.5867	-0.212534	22.4087	-27.7536	-74.6728	-79.3645	-79.8769	-79.9346	-79.9411	-79.9418	-79.9419	-79.9419	-79.9419	-79.9419	-79.9419	-79.942	-79.9421	-79.9425	-79.9437
3.05	-55.1037	-50.7719	-42.8063	-46.4981	-54.7599	-58.1951	-59.1522	-59.2148	-58.9025	-58.3535	-57.5847	-56.5612	-55.2011	-53.3435	-50.6558	-46.3767	-38.7271	-24.5175	-1.53259	21.6436	-11.8854	-73.6733	-79.2888	-79.8698	-79.9338	-79.941	-79.9418	-79.9418	-79.9419	-79.9419	-79.9419	-79.9419	-79.9419	-79.9421	-79.9425	-79.9437
3.055	-55.1625	-50.8285	-42.7029	-46.0386	-54.5469	-58.1315	-59.141	-59.2245	-58.9242	-58.3856	-57.6281	-56.6186	-55.2779	-53.4506	-50.8164	-46.6457	-39.2276	-25.4246	-2.83404	21.069	9.31071	-72.2653	-79.188	-79.8611	-79.9329	-79.9408	-79.9417	-79.9418	-79.9418	-79.9418	-79.9418	-79.9418	-79.9419	-79.942	-79.9424	-79.9436
3.06	-55.2205	-50.8862	-42.6117	-45.5662	-54.3232	-58.0643	-59.1286	-59.2335	-58.9455	-58.4172	-57.6708	-56.6752	-55.3536	-53.5558	-50.9734	-46.9072	-39.7125	-26.3081	-4.11472	20.5563	25.4053	-70.6181	-79.0593	-79.8504	-79.9318	-79.9407	-79.9417	-79.9418	-79.9418	-79.9418	-79.9418	-79.9418	-79.9418	-79.942	-79.9424	-79.9436
3.065	-55.2778	-50.9448	-42.533	-45.0815	-54.0884	-57.9935	-59.1149	-59.2418	-58.9663	-58.4484	-57.713	-56.731	-55.4281	-53.6591	-51.127	-47.1615	-40.1824	-27.1679	-5.37719	19.9162	31.8207	-69.0269	-78.9083	-79.8373	-79.9306	-79.9405	-79.9416	-79.9417	-79.9417	-79.9417	-79.9417	-79.9417	-79.9418	-79.9419	-79.9424	-79.9436
3.07	-55.3343	-51.0045	-42.467	-44.5854	-53.8417	-57.9187	-59.0998	-59.2495	-58.9865	-58.479	-57.7546	-56.786	-55.5016	-53.7607	-51.2773	-47.4089	-40.6377	-28.0044	-6.62509	19.0936	33.6406	-67.6235	-78.7441	-79.822	-79.9291	-79.9403	-79.9415	-79.9417	-79.9417	-79.9417	-79.9417	-79.9417	-79.9417	-79.9419	-79.9423	-79.9435
3.075	-55.3901	-51.0654	-42.4136	-44.0791	-53.5828	-57.8398	-59.0833	-59.2565	-59.0063	-58.5091	-57.7956	-56.8403	-55.5739	-53.8605	-51.4245	-47.6496	-41.0789	-28.8181	-7.86038	18.1197	33.9243	-66.4021	-78.5744	-79.8046	-79.9274	-79.9401	-79.9415	-79.9416	-79.9416	-79.9416	-79.9416	-79.9417	-79.9417	-79.9418	-79.9423	-79.9435
3.08	-55.4452	-51.1275	-42.3728	-43.5639	-53.3108	-57.7565	-59.0654	-59.2627	-59.0255	-58.5387	-57.836	-56.8938	-55.6452	-53.9587	-51.5685	-47.8838	-41.5064	-29.6094	-9.08307	17.0393	33.6697	-65.3097	-78.4037	-79.7855	-79.9255	-79.9399	-79.9414	-79.9416	-79.9416	-79.9416	-79.9416	-79.9416	-79.9417	-79.9418	-79.9422	-79.9434
3.085	-55.4998	-51.1908	-42.3446	-43.0417	-53.0253	-57.6687	-59.0459	-59.2683	-59.0442	-58.5678	-57.8759	-56.9466	-55.7155	-54.0552	-51.7095	-48.1118	-41.9206	-30.3788	-10.2921	15.8862	33.1807	-64.29	-78.2335	-79.765	-79.9233	-79.9396	-79.9413	-79.9415	-79.9416	-79.9416	-79.9416	-79.9416	-79.9416	-79.9418	-79.9422	-79.9434
3.09	-55.5536	-51.2554	-42.3288	-42.5146	-52.7254	-57.5761	-59.0248	-59.2731	-59.0623	-58.5964	-57.9151	-56.9987	-55.7848	-54.1501	-51.8477	-48.3338	-42.3221	-31.1266	-11.4859	14.6818	32.5611	-63.2937	-78.0638	-79.7433	-79.9209	-79.9393	-79.9413	-79.9415	-79.9415	-79.9415	-79.9415	-79.9415	-79.9416	-79.9417	-79.9421	-79.9434
3.095	-55.6069	-51.3213	-42.3253	-41.9849	-52.4106	-57.4783	-59.0021	-59.2771	-59.08	-58.6245	-57.9539	-57.0501	-55.853	-54.2434	-51.983	-48.5501	-42.7112	-31.8534	-12.6629	13.4397	31.8541	-62.2771	-77.893	-79.7206	-79.9183	-79.939	-79.9412	-79.9414	-79.9415	-79.9415	-79.9415	-79.9415	-79.9415	-79.9417	-79.9421	-79.9433
3.1	-55.6597	-51.3885	-42.3338	-41.4557	-52.0802	-57.3752	-58.9776	-59.2804	-59.0971	-58.6521	-57.992	-57.1008	-55.9203	-54.3352	-52.1156	-48.7609	-43.0883	-32.5594	-13.8218	12.1688	31.0816	-61.1989	-77.7189	-79.6968	-79.9155	-79.9387	-79.9411	-79.9414	-79.9414	-79.9414	-79.9414	-79.9414	-79.9415	-79.9416	-79.9421	-79.9433
3.105	-55.7119	-51.4572	-42.3543	-40.9301	-51.7334	-57.2664	-58.9513	-59.2829	-59.1137	-58.6792	-58.0297	-57.1507	-55.9866	-54.4255	-52.2456	-48.9663	-43.454	-33.245	-14.9613	10.8755	30.256	-60.0152	-77.5385	-79.672	-79.9124	-79.9383	-79.9411	-79.9413	-79.9414	-79.9414	-79.9414	-79.9414	-79.9415	-79.9416	-79.942	-79.9432
3.11	-55.7636	-51.5272	-42.3863	-40.4118	-51.3696	-57.1516	-58.9231	-59.2845	-59.1297	-58.7058	-58.0667	-57.2001	-56.052	-54.5144	-52.3731	-49.1666	-43.8086	-33.9108	-16.0805	9.56459	29.3855	-58.6745	-77.348	-79.646	-79.9091	-79.9379	-79.941	-79.9413	-79.9413	-79.9413	-79.9413	-79.9414	-79.9414	-79.9416	-79.942	-79.9432
3.115	-55.8148	-51.5987	-42.4298	-39.9044	-50.9881	-57.0305	-58.8929	-59.2853	-59.1452	-58.7319	-58.1033	-57.2487	-56.1164	-54.6018	-52.4981	-49.3619	-44.1525	-34.557	-17.1786	8.24022	28.4765	-57.1106	-77.1427	-79.6185	-79.9057	-79.9375	-79.9409	-79.9413	-79.9413	-79.9413	-79.9413	-79.9413	-79.9414	-79.9415	-79.9419	-79.9431
3.12	-55.8656	-51.6716	-42.4845	-39.4122	-50.5881	-56.9026	-58.8606	-59.2853	-59.1601	-58.7576	-58.1393	-57.2967	-56.18	-54.6879	-52.6207	-49.5525	-44.4861	-35.1841	-18.2548	6.90591	27.5346	-55.2309	-76.9161	-79.5892	-79.9019	-79.937	-79.9408	-79.9412	-79.9412	-79.9413	-79.9413	-79.9413	-79.9413	-79.9415	-79.9419	-79.9431
3.125	-55.916	-51.7461	-42.5501	-38.9394	-50.1689	-56.7677	-58.8262	-59.2844	-59.1745	-58.7827	-58.1748	-57.344	-56.2426	-54.7726	-52.741	-49.7385	-44.8098	-35.7925	-19.3087	5.56491	26.5659	-52.8975	-76.6593	-79.5576	-79.898	-79.9365	-79.9407	-79.9412	-79.9412	-79.9412	-79.9412	-79.9412	-79.9413	-79.9414	-79.9419	-79.9431
3.13	-55.966	-51.8219	-42.6265	-38.4903	-49.7299	-56.6252	-58.7895	-59.2825	-59.1883	-58.8073	-58.2097	-57.3907	-56.3044	-54.8559	-52.859	-49.9201	-45.1239	-36.3826	-20.3399	4.22032	25.5787	-49.891	-76.3593	-79.5227	-79.8937	-79.9359	-79.9406	-79.9411	-79.9412	-79.9412	-79.9412	-79.9412	-79.9412	-79.9414	-79.9418	-79.943
3.135	-56.0157	-51.8993	-42.7134	-38.0689	-49.2703	-56.4748	-58.7504	-59.2798	-59.2015	-58.8315	-58.2441	-57.4367	-56.3653	-54.938	-52.9748	-50.0974	-45.4288	-36.9549	-21.348	2.87522	24.5851	-45.84	-75.9953	-79.4835	-79.889	-79.9353	-79.9405	-79.9411	-79.9411	-79.9411	-79.9411	-79.9411	-79.9412	-79.9413	-79.9418	-79.943
3.14	-56.065	-51.9783	-42.8108	-37.6792	-48.7896	-56.316	-58.7088	-59.276	-59.2142	-58.8552	-58.278	-57.4821	-56.4254	-55.0188	-53.0885	-50.2706	-45.7249	-37.5098	-22.333	1.53288	23.6055	-40.0763	-75.533	-79.4381	-79.8838	-79.9347	-79.9404	-79.941	-79.9411	-79.9411	-79.9411	-79.9411	-79.9412	-79.9413	-79.9417	-79.9429
3.145	-56.1141	-52.0587	-42.9183	-37.3248	-48.2871	-56.1483	-58.6645	-59.2713	-59.2263	-58.8783	-58.3114	-57.5269	-56.4846	-55.0984	-53.2001	-50.4398	-46.0124	-38.0477	-23.2946	0.197019	22.6756	-31.3492	-74.9109	-79.3832	-79.878	-79.934	-79.9403	-79.941	-79.941	-79.941	-79.941	-79.9411	-79.9411	-79.9413	-79.9417	-79.9429
3.15	-56.1629	-52.1407	-43.0359	-37.0088	-47.7622	-55.9712	-58.6175	-59.2655	-59.2378	-58.901	-58.3442	-57.571	-56.543	-55.1768	-53.3097	-50.6052	-46.2917	-38.5691	-24.2327	-1.12764	21.8589	-17.5157	-74.022	-79.3136	-79.8712	-79.9332	-79.9401	-79.9409	-79.941	-79.941	-79.941	-79.941	-79.9411	-79.9412	-79.9417	-79.9429
3.155	-56.2115	-52.2243	-43.1634	-36.7335	-47.2144	-55.7841	-58.5675	-59.2587	-59.2486	-58.9231	-58.3766	-57.6146	-56.6007	-55.254	-53.4174	-50.7669	-46.5631	-39.0745	-25.1471	-2.43532	21.2284	2.68013	-72.7383	-79.2212	-79.8631	-79.9323	-79.94	-79.9408	-79.9409	-79.941	-79.941	-79.941	-79.941	-79.9412	-79.9416	-79.9428
3.16	-56.2599	-52.3094	-43.3005	-36.5009	-46.6433	-55.5865	-58.5144	-59.2507	-59.2589	-58.9448	-58.4084	-57.6576	-56.6575	-55.33	-53.5232	-50.925	-46.827	-39.5642	-26.0379	-3.72228	20.7208	21.627	-71.13	-79.1009	-79.8531	-79.9313	-79.9399	-79.9408	-79.9409	-79.9409	-79.9409	-79.9409	-79.941	-79.9411	-79.9416	-79.9428
3.165	-56.3081	-52.3962	-43.447	-36.312	-46.0488	-55.3776	-58.4581	-59.2416	-59.2686	-58.966	-58.4397	-57.6999	-56.7135	-55.4049	-53.6271	-51.0797	-47.0835	-40.0387	-26.905	-4.98994	20.1323	30.5662	-69.4985	-78.9558	-79.8407	-79.9301	-79.9397	-79.9407	-79.9409	-79.9409	-79.9409	-79.9409	-79.9409	-79.9411	-79.9415	-79.9427
3.17	-56.3562	-52.4845	-43.6027	-36.1672	-45.4307	-55.1569	-58.3983	-59.2313	-59.2776	-58.9867	-58.4705	-57.7417	-56.7688	-55.4787	-53.7292	-51.231	-47.333	-40.4985	-27.7487	-6.24203	19.3647	33.3266	-68.0336	-78.7947	-79.8261	-79.9287	-79.9395	-79.9407	-79.9408	-79.9408	-79.9408	-79.9408	-79.9409	-79.941	-79.9415	-79.9427
3.175	-56.4042	-52.5744	-43.7674	-36.0663	-44.7894	-54.9236	-58.3349	-59.2198	-59.286	-59.0068	-58.5009	-57.7829	-56.8233	-55.5514	-53.8296	-51.3791	-47.5757	-40.944	-28.5694	-7.48112	18.4324	33.9184	-66.761	-78.6261	-79.8093	-79.9271	-79.9393	-79.9406	-79.9408	-79.9408	-79.9408	-79.9408	-79.9409	-79.941	-79.9414	-79.9427
3.18	-56.4521	-52.6659	-43.9406	-36.0081	-44.1254	-54.677	-58.2677	-59.207	-59.2937	-59.0265	-58.5307	-57.8235	-56.8771	-55.623	-53.9283	-51.524	-47.8118	-41.3756	-29.3676	-8.70778	17.3805	33.7803	-65.6351	-78.4554	-79.7907	-79.9253	-79.9391	-79.9406	-79.9407	-79.9407	-79.9408	-79.9408	-79.9408	-79.941	-79.9414	-79.9426
3.185	-56.5	-52.759	-44.1221	-35.9912	-43.4397	-54.4163	-58.1964	-59.1929	-59.3007	-59.0456	-58.56	-57.8635	-56.9301	-55.6936	-54.0253	-51.666	-48.0418	-41.7939	-30.1436	-9.92116	16.247	33.3474	-64.5986	-78.285	-79.7706	-79.9232	-79.9389	-79.9405	-79.9407	-79.9407	-79.9407	-79.9407	-79.9408	-79.9409	-79.9414	-79.9426
3.19	-56.5479	-52.8536	-44.3114	-36.0135	-42.7341	-54.1408	-58.1208	-59.1773	-59.3071	-59.0643	-58.5888	-57.903	-56.9824	-55.7632	-54.1206	-51.805	-48.2656	-42.1993	-30.8981	-11.1198	15.0567	32.7618	-63.5999	-78.1152	-79.7492	-79.9208	-79.9386	-79.9404	-79.9406	-79.9407	-79.9407	-79.9407	-79.9407	-79.9409	-79.9413	-79.9425
3.195	-56.5959	-52.9499	-44.5081	-36.0727	-42.0107	-53.8496	-58.0406	-59.1604	-59.3127	-59.0824	-58.6172	-57.9419	-57.034	-55.8317	-54.2145	-51.9412	-48.4837	-42.5921	-31.6313	-12.3022	13.8251	32.0787	-62.5939	-77.9449	-79.7268	-79.9183	-79.9383	-79.9404	-79.9406	-79.9406	-79.9406	-79.9406	-79.9407	-79.9408	-79.9413	-79.9425
3.2	-56.6439	-53.0477	-44.7118	-36.1661	-41.2726	-53.542	-57.9557	-59.1419	-59.3177	-59.1	-58.645	-57.9803	-57.0849	-55.8993	-54.3067	-52.0747	-48.6961	-42.9729	-32.3436	-13.4668	12.5623	31.3247	-61.5391	-77.7721	-79.7034	-79.9155	-79.9379	-79.9403	-79.9405	-79.9406	-79.9406	-79.9406	-79.9406	-79.9408	-79.9412	-79.9425
3.205	-56.692	-53.147	-44.922	-36.2909	-40.5238	-53.217	-57.8657	-59.1218	-59.3219	-59.1171	-58.6723	-58.0181	-57.1351	-55.9659	-54.3975	-52.2055	-48.9032	-43.3421	-33.0355	-14.6124	11.2753	30.5144	-60.3928	-77.594	-79.6789	-79.9125	-79.9376	-79.9402	-79.9405	-79.9405	-79.9405	-79.9406	-79.9406	-79.9408	-79.9412	-79.9424
3.21	-56.7402	-53.2478	-45.1382	-36.4442	-39.7691	-52.8738	-57.7702	-59.1	-59.3254	-59.1337	-58.6992	-58.0554	-57.1846	-56.0316	-54.4868	-52.3337	-49.105	-43.7001	-33.7074	-15.738	9.96934	29.657	-59.1065	-77.4071	-79.6533	-79.9093	-79.9372	-79.9401	-79.9405	-79.9405	-79.9405	-79.9405	-79.9406	-79.9407	-79.9412	-79.9424
3.215	-56.7886	-53.35	-45.3598	-36.6233	-39.0146	-52.5116	-57.6691	-59.0766	-59.3281	-59.1497	-58.7255	-58.0921	-57.2335	-56.0963	-54.5747	-52.4595	-49.3019	-44.0472	-34.3596	-16.8426	8.64873	28.7593	-57.6195	-77.2069	-79.6263	-79.9059	-79.9367	-79.9401	-79.9404	-79.9404	-79.9405	-79.9405	-79.9405	-79.9407	-79.9411	-79.9423
3.22	-56.8372	-53.4537	-45.5864	-36.8254	-38.267	-52.1297	-57.5619	-59.0513	-59.33	-59.1652	-58.7514	-58.1283	-57.2817	-56.1602	-54.6611	-52.5828	-49.4939	-44.384	-34.9926	-17.9256	7.31712	27.8268	-55.8489	-76.9877	-79.5976	-79.9023	-79.9363	-79.94	-79.9404	-79.9404	-79.9404	-79.9404	-79.9405	-79.9406	-79.9411	-79.9423
3.225	-56.886	-53.5587	-45.8174	-37.048	-37.5342	-51.7271	-57.4483	-59.0241	-59.3311	-59.1802	-58.7768	-58.1639	-57.3292	-56.2231	-54.7463	-52.7038	-49.6814	-44.7107	-35.6067	-18.9864	5.97785	26.8656	-53.6736	-76.7413	-79.5667	-79.8984	-79.9358	-79.9399	-79.9403	-79.9404	-79.9404	-79.9404	-79.9404	-79.9406	-79.941	-79.9423
3.23	-56.935	-53.6651	-46.0524	-37.2889	-36.8247	-51.3031	-57.3279	-58.995	-59.3314	-59.1946	-58.8017	-58.199	-57.3761	-56.2851	-54.83	-52.8225	-49.8643	-45.0277	-36.2024	-20.0246	4.63403	25.883	-50.9044	-76.4564	-79.533	-79.8942	-79.9352	-79.9398	-79.9403	-79.9403	-79.9403	-79.9403	-79.9404	-79.9405	-79.941	-79.9422
3.235	-56.9843	-53.7728	-46.2907	-37.5459	-36.1472	-50.857	-57.2003	-58.9637	-59.3308	-59.2085	-58.8261	-58.2336	-57.4223	-56.3463	-54.9125	-52.939	-50.0429	-45.3354	-36.7802	-21.0399	3.28876	24.8898	-47.2278	-76.1149	-79.4953	-79.8896	-79.9347	-79.9397	-79.9402	-79.9403	-79.9403	-79.9403	-79.9404	-79.9405	-79.9409	-79.9422
3.24	-57.034	-53.8817	-46.5321	-37.8172	-35.5109	-50.3881	-57.0651	-58.9302	-59.3294	-59.2218	-58.85	-58.2677	-57.4679	-56.4067	-54.9937	-53.0533	-50.2173	-45.6342	-37.3404	-22.032	1.9452	23.903	-42.0891	-75.6877	-79.452	-79.8846	-79.934	-79.9396	-79.9402	-79.9402	-79.9402	-79.9403	-79.9403	-79.9405	-79.9409	-79.9421
3.245	-57.0839	-53.9918	-46.7759	-38.1013	-34.9244	-49.8955	-56.9219	-58.8945	-59.327	-59.2346	-58.8734	-58.3013	-57.5129	-56.4661	-55.0737	-53.1656	-50.3878	-45.9243	-37.8835	-23.0008	0.606903	22.9525	-34.4574	-75.1236	-79.4005	-79.879	-79.9333	-79.9394	-79.9401	-79.9402	-79.9402	-79.9402	-79.9403	-79.9404	-79.9409	-79.9421
3.25	-57.1342	-54.103	-47.0218	-38.3968	-34.3955	-49.3787	-56.7701	-58.8563	-59.3238	-59.2468	-58.8963	-58.3343	-57.5572	-56.5248	-55.1524	-53.2758	-50.5543	-46.2062	-38.4099	-23.9462	-0.72178	22.0924	-22.4627	-74.3313	-79.3362	-79.8726	-79.9326	-79.9393	-79.9401	-79.9401	-79.9402	-79.9402	-79.9402	-79.9404	-79.9408	-79.9421
3.255	-57.1849	-54.2153	-47.2695	-38.7025	-33.9311	-48.8368	-56.6092	-58.8155	-59.3195	-59.2584	-58.9188	-58.3668	-57.601	-56.5827	-55.23	-53.3841	-50.7171	-46.48	-38.9202	-24.868	-2.03528	21.4008	-4.01027	-73.1771	-79.2517	-79.8649	-79.9318	-79.9392	-79.94	-79.9401	-79.9401	-79.9401	-79.9402	-79.9403	-79.9408	-79.942
3.26	-57.236	-54.3285	-47.5184	-39.0176	-33.5362	-48.2692	-56.4388	-58.7721	-59.3143	-59.2694	-58.9407	-58.3988	-57.6441	-56.6397	-55.3064	-53.4905	-50.8763	-46.7462	-39.4147	-25.766	-3.32869	20.8762	16.7646	-71.64	-79.14	-79.8555	-79.9308	-79.939	-79.94	-79.9401	-79.9401	-79.9401	-79.9401	-79.9403	-79.9407	-79.942
3.265	-57.2876	-54.4428	-47.7684	-39.3411	-33.2143	-47.6751	-56.2581	-58.7258	-59.308	-59.2798	-58.9622	-58.4303	-57.6867	-56.696	-55.3816	-53.595	-51.0321	-47.0049	-39.8938	-26.6404	-4.60191	20.3303	28.7519	-69.9862	-79.0017	-79.8439	-79.9297	-79.9389	-79.9399	-79.94	-79.94	-79.9401	-79.9401	-79.9403	-79.9407	-79.9419
3.27	-57.3396	-54.5579	-48.019	-39.6723	-32.9671	-47.0537	-56.0667	-58.6765	-59.3006	-59.2897	-58.9831	-58.4613	-57.7286	-56.7515	-55.4557	-53.6976	-51.1844	-47.2565	-40.3581	-27.4913	-5.85842	19.6196	32.827	-68.4616	-78.8445	-79.83	-79.9283	-79.9387	-79.9398	-79.94	-79.94	-79.94	-79.9401	-79.9402	-79.9407	-79.9419
3.275	-57.392	-54.6739	-48.2701	-40.0104	-32.7944	-46.4044	-55.8638	-58.624	-59.2922	-59.2989	-59.0036	-58.4918	-57.77	-56.8063	-55.5288	-53.7985	-51.3335	-47.5013	-40.808	-28.319	-7.10136	18.7333	33.8496	-67.1331	-78.6775	-79.8138	-79.9268	-79.9385	-79.9398	-79.9399	-79.9399	-79.94	-79.94	-79.9402	-79.9406	-79.9419
3.28	-57.445	-54.7907	-48.5213	-40.3547	-32.6942	-45.7266	-55.6488	-58.5682	-59.2826	-59.3075	-59.0236	-58.5219	-57.8108	-56.8603	-55.6007	-53.8977	-51.4794	-47.7395	-41.2438	-29.1241	-8.33188	17.7135	33.8644	-65.9682	-78.507	-79.7957	-79.925	-79.9383	-79.9397	-79.9399	-79.9399	-79.9399	-79.94	-79.9401	-79.9406	-79.9418
3.285	-57.4985	-54.9082	-48.7723	-40.7046	-32.6631	-45.02	-55.4207	-58.5088	-59.2717	-59.3154	-59.043	-58.5514	-57.851	-56.9135	-55.6717	-53.9952	-51.6223	-47.9713	-41.6662	-29.9069	-9.54949	16.6019	33.4998	-64.9101	-78.3364	-79.7761	-79.923	-79.9381	-79.9397	-79.9398	-79.9399	-79.9399	-79.9399	-79.9401	-79.9405	-79.9418
3.29	-57.5525	-55.0263	-49.023	-41.0592	-32.6968	-44.2846	-55.179	-58.4457	-59.2597	-59.3227	-59.062	-58.5804	-57.8907	-56.9661	-55.7415	-54.0911	-51.7622	-48.197	-42.0755	-30.668	-10.7528	15.427	32.953	-63.9048	-78.1665	-79.7551	-79.9207	-79.9378	-79.9396	-79.9398	-79.9398	-79.9398	-79.9399	-79.94	-79.9405	-79.9417
3.295	-57.6071	-55.1451	-49.2732	-41.418	-32.7898	-43.5206	-54.9227	-58.3786	-59.2463	-59.3294	-59.0805	-58.6089	-57.9298	-57.0179	-55.8104	-54.1854	-51.8993	-48.4168	-42.4722	-31.4076	-11.9404	14.2069	32.2962	-62.9055	-77.9966	-79.733	-79.9182	-79.9375	-79.9395	-79.9398	-79.9398	-79.9398	-79.9399	-79.94	-79.9405	-79.9417
3.3	-57.6623	-55.2645	-49.5226	-41.78	-32.9364	-42.7292	-54.6508	-58.3073	-59.2317	-59.3353	-59.0984	-58.6369	-57.9683	-57.069	-55.8783	-54.2782	-52.0336	-48.631	-42.8567	-32.1264	-13.1106	12.9528	31.5621	-61.87	-77.8248	-79.7098	-79.9155	-79.9372	-79.9395	-79.9397	-79.9397	-79.9398	-79.9398	-79.94	-79.9404	-79.9417
3.305	-57.7181	-55.3844	-49.7711	-42.1447	-33.1304	-41.912	-54.3626	-58.2316	-59.2155	-59.3406	-59.1158	-58.6644	-58.0063	-57.1194	-55.9452	-54.3694	-52.1652	-48.8397	-43.2294	-32.8246	-14.2622	11.6726	30.7679	-60.7565	-77.6486	-79.6857	-79.9126	-79.9368	-79.9394	-79.9397	-79.9397	-79.9397	-79.9398	-79.9399	-79.9404	-79.9416
3.31	-57.7745	-55.5048	-50.0185	-42.5112	-33.3657	-41.072	-54.0571	-58.151	-59.198	-59.3452	-59.1328	-58.6915	-58.0438	-57.1691	-56.0112	-54.4591	-52.2942	-49.0431	-43.5908	-33.5025	-15.394	10.372	29.9242	-59.5189	-77.4648	-79.6605	-79.9095	-79.9364	-79.9393	-79.9396	-79.9397	-79.9397	-79.9397	-79.9399	-79.9403	-79.9416
3.315	-57.8316	-55.6256	-50.2646	-42.8787	-33.6365	-40.2131	-53.7332	-58.0655	-59.1789	-59.3491	-59.1492	-58.718	-58.0806	-57.2182	-56.0762	-54.5474	-52.4207	-49.2415	-43.9412	-34.1608	-16.5052	9.05546	29.0382	-58.101	-77.2693	-79.6339	-79.9061	-79.936	-79.9392	-79.9396	-79.9396	-79.9396	-79.9397	-79.9398	-79.9403	-79.9416
3.32	-57.8894	-55.7468	-50.5093	-43.2467	-33.9372	-39.3408	-53.3901	-57.9746	-59.1581	-59.3522	-59.1651	-58.7441	-58.117	-57.2666	-56.1403	-54.6343	-52.5448	-49.435	-44.2811	-34.7996	-17.5949	7.72686	28.1158	-56.4281	-77.0566	-79.6058	-79.9025	-79.9356	-79.9391	-79.9395	-79.9396	-79.9396	-79.9397	-79.9398	-79.9403	-79.9415
3.325	-57.9478	-55.8682	-50.7524	-43.6143	-34.2628	-38.4618	-53.0269	-57.8781	-59.1357	-59.3546	-59.1804	-58.7697	-58.1528	-57.3143	-56.2035	-54.7199	-52.6665	-49.6238	-44.6109	-35.4195	-18.6626	6.38961	27.1627	-54.3931	-76.8196	-79.5757	-79.8987	-79.9351	-79.9391	-79.9395	-79.9395	-79.9396	-79.9396	-79.9398	-79.9402	-79.9415
3.33	-58.0069	-55.99	-50.9939	-43.9809	-34.6088	-37.5848	-52.6426	-57.7755	-59.1115	-59.3562	-59.1952	-58.7948	-58.1881	-57.3614	-56.2658	-54.8041	-52.7859	-49.8081	-44.9309	-36.0208	-19.7078	5.04686	26.1857	-51.8321	-76.548	-79.5429	-79.8946	-79.9346	-79.939	-79.9394	-79.9395	-79.9395	-79.9396	-79.9397	-79.9402	-79.9414
3.335	-58.0667	-56.112	-51.2335	-44.346	-34.9711	-36.7195	-52.2364	-57.6666	-59.0855	-59.357	-59.2095	-58.8194	-58.2229	-57.4078	-56.3273	-54.8869	-52.9031	-49.9881	-45.2414	-36.6041	-20.7301	3.7017	25.1943	-48.4784	-76.2263	-79.5065	-79.8902	-79.934	-79.9389	-79.9394	-79.9395	-79.9395	-79.9395	-79.9397	-79.9401	-79.9414
3.34	-58.1273	-56.2342	-51.4712	-44.7089	-35.3466	-35.8773	-51.8074	-57.5508	-59.0575	-59.357	-59.2233	-58.8435	-58.2571	-57.4536	-56.3878	-54.9685	-53.0181	-50.1638	-45.5429	-37.1696	-21.7294	2.35727	24.2031	-43.8693	-75.8296	-79.4652	-79.8854	-79.9334	-79.9388	-79.9393	-79.9394	-79.9394	-79.9395	-79.9396	-79.9401	-79.9414
3.345	-58.1887	-56.3566	-51.7069	-45.0691	-35.7323	-35.0703	-51.355	-57.428	-59.0275	-59.3561	-59.2365	-58.8671	-58.2908	-57.4988	-56.4476	-55.0489	-53.131	-50.3354	-45.8357	-37.718	-22.7054	1.01694	23.2371	-37.1552	-75.3149	-79.4166	-79.88	-79.9327	-79.9386	-79.9393	-79.9394	-79.9394	-79.9394	-79.9396	-79.9401	-79.9413
3.35	-58.2508	-56.479	-51.9404	-45.4263	-36.1261	-34.311	-50.8785	-57.2975	-58.9953	-59.3544	-59.2491	-58.8902	-58.3241	-57.5434	-56.5065	-55.128	-53.2418	-50.5032	-46.12	-38.2495	-23.658	-0.315228	22.3417	-26.756	-74.6055	-79.3568	-79.8738	-79.932	-79.9385	-79.9392	-79.9393	-79.9393	-79.9394	-79.9396	-79.94	-79.9413
3.355	-58.3136	-56.6015	-52.1718	-45.7799	-36.5262	-33.6115	-50.377	-57.1589	-58.9609	-59.3518	-59.2612	-58.9129	-58.3568	-57.5873	-56.5646	-55.2059	-53.3507	-50.6671	-46.3963	-38.7647	-24.587	-1.63403	21.5908	-10.3571	-73.5759	-79.2794	-79.8666	-79.9312	-79.9384	-79.9392	-79.9393	-79.9393	-79.9394	-79.9395	-79.94	-79.9412
3.36	-58.3773	-56.724	-52.4009	-46.1298	-36.9314	-32.9829	-49.85	-57.0119	-58.9241	-59.3482	-59.2727	-58.935	-58.3889	-57.6306	-56.6219	-55.2827	-53.4576	-50.8274	-46.6648	-39.264	-25.4924	-2.93387	21.0284	10.9179	-72.1388	-79.1764	-79.8578	-79.9303	-79.9383	-79.9391	-79.9392	-79.9393	-79.9393	-79.9395	-79.9399	-79.9412
3.365	-58.4418	-56.8465	-52.6276	-46.4756	-37.3407	-32.4348	-49.2968	-56.8558	-58.8847	-59.3437	-59.2837	-58.9567	-58.4206	-57.6734	-56.6784	-55.3583	-53.5627	-50.9842	-46.9258	-39.7478	-26.374	-4.21301	20.5111	26.1947	-70.4868	-79.0457	-79.8469	-79.9292	-79.9381	-79.9391	-79.9392	-79.9392	-79.9393	-79.9394	-79.9399	-79.9412
3.37	-58.5071	-56.969	-52.8519	-46.8171	-37.7533	-31.9743	-48.7164	-56.6901	-58.8428	-59.3382	-59.294	-58.9779	-58.4518	-57.7155	-56.7342	-55.4327	-53.6659	-51.1376	-47.1796	-40.2166	-27.2321	-5.47424	19.8571	32.0653	-68.9079	-78.8933	-79.8337	-79.9279	-79.9379	-79.939	-79.9392	-79.9392	-79.9392	-79.9394	-79.9399	-79.9411
3.375	-58.5733	-57.0913	-53.0738	-47.1542	-38.1687	-31.6058	-48.1082	-56.5143	-58.798	-59.3317	-59.3038	-58.9986	-58.4825	-57.7571	-56.7892	-55.5061	-53.7674	-51.2877	-47.4264	-40.6709	-28.0669	-6.72113	19.0211	33.6947	-67.5201	-78.7285	-79.8182	-79.9265	-79.9378	-79.939	-79.9391	-79.9391	-79.9392	-79.9394	-79.9398	-79.9411
3.38	-58.6403	-57.2136	-53.2932	-47.4867	-38.5866	-31.331	-47.4712	-56.3277	-58.7503	-59.3242	-59.3129	-59.0188	-58.5126	-57.798	-56.8434	-55.5784	-53.8671	-51.4345	-47.6666	-41.111	-28.8789	-7.95546	18.0373	33.9151	-66.3108	-78.5586	-79.8006	-79.9247	-79.9375	-79.9389	-79.9391	-79.9391	-79.9392	-79.9393	-79.9398	-79.941
3.385	-58.7081	-57.3357	-53.5102	-47.8145	-39.0065	-31.1488	-46.8044	-56.1296	-58.6995	-59.3155	-59.3215	-59.0385	-58.5423	-57.8384	-56.8969	-55.6496	-53.9651	-51.5784	-47.9004	-41.5375	-29.6685	-9.17715	16.9502	33.6356	-65.226	-78.3879	-79.7814	-79.9228	-79.9373	-79.9389	-79.939	-79.9391	-79.9391	-79.9393	-79.9397	-79.941
3.39	-58.7769	-57.4575	-53.7245	-48.1376	-39.428	-31.056	-46.107	-55.9194	-58.6453	-59.3058	-59.3294	-59.0577	-58.5715	-57.8783	-56.9496	-55.7198	-54.0615	-51.7192	-48.1279	-41.9508	-30.4362	-10.385	15.7924	33.1338	-64.2097	-78.2178	-79.7608	-79.9206	-79.9371	-79.9388	-79.939	-79.939	-79.9391	-79.9392	-79.9397	-79.941
3.395	-58.8465	-57.5792	-53.9364	-48.4559	-39.8509	-31.0471	-45.378	-55.6961	-58.5877	-59.2948	-59.3367	-59.0764	-58.6002	-57.9175	-57.0017	-55.789	-54.1563	-51.8571	-48.3495	-42.3513	-31.1824	-11.5776	14.5847	32.5062	-63.2131	-78.048	-79.739	-79.9182	-79.9368	-79.9387	-79.9389	-79.939	-79.939	-79.9392	-79.9397	-79.9409
3.4	-58.917	-57.7006	-54.1457	-48.7695	-40.2745	-31.1154	-44.6169	-55.4591	-58.5264	-59.2826	-59.3433	-59.0946	-58.6284	-57.9563	-57.053	-55.8572	-54.2495	-51.9923	-48.5654	-42.7395	-31.9076	-12.7533	13.3401	31.7935	-62.1931	-77.877	-79.7162	-79.9155	-79.9365	-79.9387	-79.9389	-79.9389	-79.939	-79.9392	-79.9396	-79.9409
3.405	-58.9884	-57.8218	-54.3524	-49.0783	-40.6983	-31.253	-43.8234	-55.2073	-58.4612	-59.2691	-59.3493	-59.1123	-58.6561	-57.9944	-57.1037	-55.9244	-54.3412	-52.1247	-48.7758	-43.1158	-32.612	-13.9107	12.0672	31.0163	-61.1081	-77.7025	-79.6924	-79.9127	-79.9361	-79.9386	-79.9389	-79.9389	-79.939	-79.9391	-79.9396	-79.9409
3.41	-59.0607	-57.9427	-54.5566	-49.3823	-41.1219	-31.4517	-42.9977	-54.9399	-58.3918	-59.2543	-59.3546	-59.1295	-58.6833	-58.032	-57.1536	-55.9907	-54.4314	-52.2545	-48.9808	-43.4806	-33.2962	-15.0487	10.7723	30.1869	-59.9138	-77.5214	-79.6675	-79.9096	-79.9357	-79.9385	-79.9388	-79.9389	-79.9389	-79.9391	-79.9395	-79.9408
3.415	-59.1339	-58.0632	-54.7582	-49.6816	-41.5445	-31.7033	-42.1411	-54.6558	-58.318	-59.2381	-59.3592	-59.1462	-58.71	-58.0691	-57.2029	-56.056	-54.5201	-52.3818	-49.1808	-43.8344	-33.9604	-16.1663	9.46024	29.3132	-58.558	-77.3299	-79.6414	-79.9063	-79.9353	-79.9384	-79.9388	-79.9388	-79.9389	-79.939	-79.9395	-79.9408
3.42	-59.2081	-58.1834	-54.9573	-49.9761	-41.9656	-31.9997	-41.2556	-54.354	-58.2395	-59.2204	-59.3632	-59.1623	-58.7362	-58.1056	-57.2515	-56.1204	-54.6075	-52.5066	-49.3758	-44.1775	-34.6052	-17.2627	8.13497	28.4013	-56.9726	-77.1232	-79.6138	-79.9028	-79.9349	-79.9383	-79.9387	-79.9388	-79.9388	-79.939	-79.9395	-79.9407
3.425	-59.2831	-58.3032	-55.1538	-50.2659	-42.3846	-32.3334	-40.3447	-54.0336	-58.156	-59.2012	-59.3664	-59.178	-58.762	-58.1416	-57.2994	-56.1838	-54.6934	-52.629	-49.566	-44.5104	-35.2309	-18.3372	6.80002	27.457	-55.0626	-76.8945	-79.5843	-79.8991	-79.9344	-79.9383	-79.9387	-79.9387	-79.9388	-79.9389	-79.9394	-79.9407
3.43	-59.3591	-58.4226	-55.3479	-50.551	-42.8007	-32.6973	-39.4133	-53.6933	-58.0672	-59.1804	-59.3688	-59.1931	-58.7872	-58.1771	-57.3467	-56.2464	-54.778	-52.7491	-49.7517	-44.8333	-35.8379	-19.3894	5.45863	26.4865	-52.685	-76.6349	-79.5524	-79.8951	-79.9339	-79.9382	-79.9386	-79.9387	-79.9388	-79.9389	-79.9394	-79.9407
3.435	-59.4361	-58.5417	-55.5394	-50.8315	-43.2135	-33.0854	-38.4683	-53.3324	-57.9728	-59.158	-59.3705	-59.2077	-58.812	-58.212	-57.3933	-56.3081	-54.8613	-52.867	-49.9329	-45.1467	-36.4266	-20.4188	4.11388	25.4983	-49.6115	-76.3306	-79.5173	-79.8908	-79.9333	-79.9381	-79.9386	-79.9387	-79.9387	-79.9389	-79.9393	-79.9406
3.44	-59.514	-58.6603	-55.7284	-51.1073	-43.6224	-33.4921	-37.5183	-52.9496	-57.8724	-59.1338	-59.3714	-59.2217	-58.8363	-58.2464	-57.4393	-56.369	-54.9433	-52.9827	-50.1099	-45.451	-36.9976	-21.4252	2.76889	24.5049	-45.4538	-75.9603	-79.4777	-79.8861	-79.9327	-79.938	-79.9385	-79.9386	-79.9387	-79.9388	-79.9393	-79.9406
3.445	-59.5928	-58.7784	-55.915	-51.3786	-44.0268	-33.913	-36.5741	-52.5442	-57.7656	-59.1077	-59.3716	-59.2353	-58.8601	-58.2803	-57.4847	-56.429	-55.024	-53.0962	-50.2828	-45.7464	-37.5512	-22.4083	1.42691	23.5276	-39.5101	-75.4879	-79.4316	-79.8809	-79.9321	-79.9378	-79.9385	-79.9386	-79.9386	-79.9388	-79.9393	-79.9405
3.45	-59.6726	-58.8961	-56.0992	-51.6453	-44.4262	-34.3441	-35.6481	-52.1153	-57.652	-59.0797	-59.3709	-59.2482	-58.8834	-58.3137	-57.5294	-56.4882	-55.1035	-53.2077	-50.4518	-46.0333	-38.0878	-23.3681	0.091755	22.604	-30.4664	-74.8492	-79.3758	-79.875	-79.9314	-79.9377	-79.9384	-79.9385	-79.9386	-79.9388	-79.9392	-79.9405
3.455	-59.7533	-59.0133	-56.2809	-51.9076	-44.8204	-34.7825	-34.7541	-51.662	-57.5313	-59.0497	-59.3694	-59.2607	-58.9063	-58.3465	-57.5735	-56.5465	-55.1818	-53.3172	-50.6169	-46.312	-38.608	-24.3044	-1.23177	21.7999	-16.1216	-73.933	-79.3047	-79.8681	-79.9306	-79.9376	-79.9384	-79.9385	-79.9385	-79.9387	-79.9392	-79.9405
3.46	-59.835	-59.1301	-56.4602	-52.1654	-45.209	-35.2258	-33.9067	-51.1836	-57.403	-59.0176	-59.367	-59.2725	-58.9286	-58.3789	-57.6171	-56.6041	-55.2589	-53.4247	-50.7783	-46.5829	-39.1121	-25.217	-2.53788	21.1846	4.42155	-72.6161	-79.2102	-79.8599	-79.9297	-79.9375	-79.9383	-79.9384	-79.9385	-79.9387	-79.9391	-79.9404
3.465	-59.9176	-59.2463	-56.6372	-52.4188	-45.5916	-35.6722	-33.1208	-50.6794	-57.2666	-58.9832	-59.3637	-59.2838	-58.9505	-58.4107	-57.66	-56.6608	-55.3349	-53.5303	-50.9361	-46.8462	-39.6007	-26.1059	-3.8232	20.6777	22.7055	-70.9948	-79.0876	-79.8496	-79.9287	-79.9373	-79.9383	-79.9384	-79.9385	-79.9386	-79.9391	-79.9404
3.47	-60.0011	-59.362	-56.8118	-52.6679	-45.9681	-36.1205	-32.41	-50.1488	-57.1216	-58.9464	-59.3595	-59.2945	-58.9718	-58.442	-57.7023	-56.7168	-55.4097	-53.6341	-51.0905	-47.1021	-40.074	-26.9712	-5.0895	20.0766	30.9351	-69.3723	-78.9409	-79.8371	-79.9275	-79.9372	-79.9382	-79.9384	-79.9384	-79.9386	-79.9391	-79.9404
3.475	-60.0856	-59.4772	-56.9841	-52.9127	-46.3383	-36.57	-31.7861	-49.5911	-56.9676	-58.9071	-59.3543	-59.3047	-58.9927	-58.4729	-57.744	-56.772	-55.4834	-53.7361	-51.2416	-47.3511	-40.5327	-27.8131	-6.34049	19.2945	33.4205	-67.9233	-78.779	-79.8223	-79.9261	-79.937	-79.9382	-79.9383	-79.9384	-79.9386	-79.939	-79.9403
3.48	-60.1711	-59.5919	-57.1541	-53.1533	-46.7022	-37.0202	-31.2586	-49.0054	-56.804	-58.8652	-59.3481	-59.3143	-59.0131	-58.5032	-57.7852	-56.8265	-55.556	-53.8364	-51.3895	-47.5933	-40.9772	-28.632	-7.57861	18.3509	33.9226	-66.6644	-78.61	-79.8054	-79.9245	-79.9368	-79.9381	-79.9383	-79.9383	-79.9385	-79.939	-79.9403
3.485	-60.2574	-59.706	-57.3219	-53.3898	-47.0597	-37.4708	-30.8334	-48.3909	-56.6302	-58.8205	-59.3409	-59.3232	-59.033	-58.533	-57.8258	-56.8802	-55.6276	-53.9349	-51.5342	-47.829	-41.4078	-29.4285	-8.80427	17.2913	33.7513	-65.5476	-78.4393	-79.7866	-79.9226	-79.9366	-79.9381	-79.9382	-79.9383	-79.9385	-79.9389	-79.9402
3.49	-60.3447	-59.8196	-57.4874	-53.6222	-47.4108	-37.9217	-30.5131	-47.7467	-56.4456	-58.7729	-59.3327	-59.3316	-59.0524	-58.5624	-57.8658	-56.9332	-55.6981	-54.0318	-51.676	-48.0584	-41.8251	-30.2029	-10.0165	16.1525	33.3029	-64.5159	-78.269	-79.7664	-79.9205	-79.9363	-79.938	-79.9382	-79.9383	-79.9384	-79.9389	-79.9402
3.495	-60.4329	-59.9326	-57.6507	-53.8506	-47.7555	-38.3728	-30.297	-47.0717	-56.2495	-58.7221	-59.3233	-59.3393	-59.0713	-58.5912	-57.9052	-56.9855	-55.7676	-54.1271	-51.8148	-48.2819	-42.2295	-30.9557	-11.214	14.9584	32.708	-63.518	-78.0992	-79.745	-79.9181	-79.936	-79.9379	-79.9381	-79.9382	-79.9384	-79.9389	-79.9402
3.5	-60.522	-60.045	-57.8119	-54.0752	-48.0939	-38.8238	-30.1814	-46.3647	-56.0411	-58.6681	-59.3128	-59.3464	-59.0897	-58.6196	-57.9441	-57.037	-55.8361	-54.2207	-51.9508	-48.4995	-42.6214	-31.6872	-12.395	13.724	32.0185	-62.5095	-77.9288	-79.7225	-79.9155	-79.9357	-79.9379	-79.9381	-79.9382	-79.9384	-79.9388	-79.9401
3.505	-60.6121	-60.1569	-57.9709	-54.2958	-48.426	-39.2746	-30.1601	-45.6247	-55.8197	-58.6105	-59.3012	-59.3529	-59.1077	-58.6474	-57.9824	-57.0879	-55.9036	-54.3129	-52.084	-48.7115	-43.0013	-32.398	-13.5582	12.459	31.2595	-61.4488	-77.7556	-79.699	-79.9128	-79.9354	-79.9378	-79.9381	-79.9381	-79.9383	-79.9388	-79.9401
3.51	-60.703	-60.2682	-58.1278	-54.5128	-48.752	-39.7249	-30.2252	-44.8507	-55.5843	-58.5493	-59.2883	-59.3587	-59.1251	-58.6748	-58.0202	-57.138	-55.9701	-54.4036	-52.2147	-48.9182	-43.3696	-33.0883	-14.7022	11.1703	30.4451	-60.293	-77.5769	-79.6744	-79.9098	-79.935	-79.9377	-79.938	-79.9381	-79.9383	-79.9387	-79.94
3.515	-60.7947	-60.3789	-58.2826	-54.726	-49.0719	-40.1742	-30.3675	-44.0419	-55.3341	-58.4842	-59.2741	-59.3639	-59.1419	-58.7017	-58.0575	-57.1875	-56.0357	-54.4928	-52.3427	-49.1197	-43.7268	-33.7586	-15.8262	9.86307	29.5842	-58.9928	-77.3891	-79.6487	-79.9065	-79.9346	-79.9376	-79.938	-79.9381	-79.9382	-79.9387	-79.94
3.52	-60.8874	-60.4889	-58.4354	-54.9356	-49.3859	-40.6222	-30.5776	-43.1984	-55.0681	-58.4149	-59.2585	-59.3684	-59.1583	-58.7281	-58.0942	-57.2363	-56.1004	-54.5805	-52.4683	-49.3162	-44.0731	-34.4094	-16.9291	8.54144	28.6834	-57.4862	-77.1876	-79.6216	-79.9031	-79.9342	-79.9376	-79.9379	-79.938	-79.9382	-79.9387	-79.94
3.525	-60.9809	-60.5984	-58.5861	-55.1417	-49.6941	-41.0682	-30.8456	-42.3206	-54.7852	-58.3411	-59.2416	-59.3721	-59.1742	-58.754	-58.1303	-57.2844	-56.1641	-54.6669	-52.5914	-49.5079	-44.4091	-35.0408	-18.0104	7.20911	27.7484	-55.6878	-76.9665	-79.5927	-79.8995	-79.9337	-79.9375	-79.9379	-79.938	-79.9382	-79.9386	-79.9399
3.53	-61.0752	-60.7073	-58.7349	-55.3444	-49.9965	-41.5116	-31.1625	-41.4102	-54.4843	-58.2627	-59.2232	-59.3752	-59.1896	-58.7794	-58.1659	-57.3319	-56.227	-54.7519	-52.7122	-49.6949	-44.735	-35.6535	-19.0694	5.86935	26.7851	-53.4723	-76.7175	-79.5617	-79.8955	-79.9332	-79.9374	-79.9378	-79.9379	-79.9381	-79.9386	-79.9399
3.535	-61.1704	-60.8156	-58.8817	-55.5437	-50.2932	-41.9519	-31.5193	-40.4702	-54.1644	-58.1792	-59.2032	-59.3775	-59.2044	-58.8044	-58.201	-57.3787	-56.289	-54.8356	-52.8308	-49.8775	-45.0513	-36.2478	-20.1058	4.52531	25.8012	-50.6432	-76.4287	-79.5276	-79.8913	-79.9327	-79.9373	-79.9378	-79.9379	-79.9381	-79.9386	-79.9399
3.54	-61.2663	-60.9233	-59.0265	-55.7396	-50.5844	-42.3885	-31.9084	-39.5051	-53.8243	-58.0904	-59.1817	-59.3791	-59.2187	-58.8288	-58.2356	-57.4249	-56.3501	-54.918	-52.9471	-50.0558	-45.3584	-36.8242	-21.1193	3.18006	24.8077	-46.8726	-76.0815	-79.4895	-79.8867	-79.9321	-79.9372	-79.9377	-79.9379	-79.938	-79.9385	-79.9398
3.545	-61.363	-61.0303	-59.1695	-55.9324	-50.8702	-42.8208	-32.3226	-38.5215	-53.4629	-57.996	-59.1585	-59.38	-59.2325	-58.8528	-58.2697	-57.4705	-56.4104	-54.9991	-53.0613	-50.23	-45.6564	-37.3831	-22.1096	1.83679	23.8224	-41.5782	-75.6455	-79.4457	-79.8817	-79.9315	-79.9371	-79.9377	-79.9378	-79.938	-79.9385	-79.9398
3.55	-61.4605	-61.1368	-59.3106	-56.122	-51.1506	-43.2482	-32.7558	-37.5282	-53.0793	-57.8954	-59.1334	-59.38	-59.2457	-58.8763	-58.3032	-57.5154	-56.4698	-55.079	-53.1734	-50.4001	-45.9459	-37.9249	-23.0765	0.499097	22.8769	-33.6747	-75.0669	-79.3933	-79.876	-79.9308	-79.937	-79.9377	-79.9378	-79.938	-79.9384	-79.9398
3.555	-61.5588	-61.2426	-59.4499	-56.3085	-51.4258	-43.6703	-33.203	-36.536	-52.6722	-57.7885	-59.1066	-59.3793	-59.2584	-58.8993	-58.3362	-57.5597	-56.5284	-55.1576	-53.2835	-50.5664	-46.2271	-38.4501	-24.02	-0.828577	22.0275	-21.2157	-74.2503	-79.3277	-79.8695	-79.93	-79.9368	-79.9376	-79.9377	-79.9379	-79.9384	-79.9397
3.56	-61.6577	-61.3478	-59.5873	-56.492	-51.6958	-44.0865	-33.66	-35.5579	-52.241	-57.6747	-59.0778	-59.3777	-59.2705	-58.9218	-58.3687	-57.6034	-56.5862	-55.2351	-53.3916	-50.7289	-46.5004	-38.9591	-24.9399	-2.14059	21.3521	-2.25618	-73.062	-79.2412	-79.8617	-79.9292	-79.9367	-79.9376	-79.9377	-79.9379	-79.9384	-79.9397
3.565	-61.7574	-61.4523	-59.723	-56.6726	-51.9608	-44.4966	-34.1234	-34.6089	-51.7845	-57.5537	-59.0469	-59.3752	-59.2821	-58.9438	-58.4007	-57.6466	-56.6432	-55.3114	-53.4978	-50.8878	-46.766	-39.4523	-25.8361	-3.43229	20.8341	18.1558	-71.503	-79.1272	-79.8522	-79.9282	-79.9366	-79.9375	-79.9377	-79.9378	-79.9383	-79.9396
3.57	-61.8577	-61.5563	-59.8569	-56.8503	-52.2207	-44.9001	-34.5906	-33.7049	-51.3022	-57.4249	-59.0139	-59.3719	-59.2931	-58.9654	-58.4322	-57.6891	-56.6994	-55.3865	-53.6022	-51.0433	-47.0242	-39.9303	-26.7086	-4.70401	20.278	29.2944	-69.8531	-78.987	-79.8404	-79.9271	-79.9364	-79.9374	-79.9376	-79.9378	-79.9383	-79.9396
3.575	-61.9587	-61.6596	-59.9892	-57.0251	-52.4758	-45.2969	-35.0599	-32.8622	-50.7933	-57.288	-58.9786	-59.3677	-59.3036	-58.9864	-58.4632	-57.731	-56.7549	-55.4606	-53.7047	-51.1954	-47.2752	-40.3935	-27.5576	-5.95933	19.5522	32.9786	-68.344	-78.8287	-79.8263	-79.9258	-79.9362	-79.9374	-79.9376	-79.9378	-79.9382	-79.9396
3.58	-62.0602	-61.7623	-60.1197	-57.1972	-52.7261	-45.6867	-35.5299	-32.0963	-50.2571	-57.1424	-58.9409	-59.3625	-59.3135	-59.007	-58.4937	-57.7723	-56.8096	-55.5335	-53.8055	-51.3442	-47.5195	-40.8422	-28.3836	-7.20126	18.6532	33.8725	-67.0306	-78.6612	-79.81	-79.9242	-79.9361	-79.9373	-79.9375	-79.9377	-79.9382	-79.9395
3.585	-62.1624	-61.8643	-60.2485	-57.3666	-52.9718	-46.0695	-36	-31.421	-49.6929	-56.9877	-58.9007	-59.3564	-59.3228	-59.0271	-58.5237	-57.8131	-56.8635	-55.6054	-53.9046	-51.4899	-47.7572	-41.277	-29.1869	-8.43079	17.6246	33.8425	-65.8766	-78.4907	-79.7917	-79.9224	-79.9358	-79.9373	-79.9375	-79.9377	-79.9382	-79.9395
3.59	-62.2651	-61.9657	-60.3757	-57.5333	-53.2128	-46.4451	-36.4698	-30.8469	-49.0998	-56.8231	-58.8578	-59.3492	-59.3314	-59.0467	-58.5532	-57.8533	-56.9167	-55.6763	-54.002	-51.6326	-47.9885	-41.6984	-29.968	-9.6473	16.5069	33.4584	-64.8246	-78.3201	-79.7719	-79.9203	-79.9356	-79.9372	-79.9375	-79.9376	-79.9381	-79.9394
3.595	-62.3684	-62.0665	-60.5013	-57.6975	-53.4494	-46.8136	-36.9391	-30.3815	-48.4772	-56.6482	-58.812	-59.341	-59.3395	-59.0657	-58.5822	-57.8929	-56.9692	-55.7461	-54.0977	-51.7723	-48.2138	-42.1067	-30.7273	-10.8494	15.3278	32.9007	-63.8213	-78.1502	-79.7508	-79.9181	-79.9353	-79.9372	-79.9374	-79.9376	-79.9381	-79.9394
3.6	-62.4722	-62.1667	-60.6253	-57.8591	-53.6815	-47.175	-37.4079	-30.028	-47.8239	-56.4623	-58.7633	-59.3318	-59.347	-59.0843	-58.6107	-57.9319	-57.021	-55.8149	-54.1919	-51.9091	-48.4331	-42.5024	-31.4653	-12.0356	14.1045	32.2366	-62.8205	-77.9802	-79.7287	-79.9155	-79.935	-79.9371	-79.9374	-79.9376	-79.938	-79.9394
3.605	-62.5764	-62.2662	-60.7477	-58.0183	-53.9094	-47.5294	-37.8761	-29.7862	-47.1388	-56.2648	-58.7115	-59.3214	-59.3538	-59.1024	-58.6387	-57.9704	-57.072	-55.8827	-54.2845	-52.0432	-48.6469	-42.8859	-32.1824	-13.2044	12.848	31.497	-61.7801	-77.8082	-79.7054	-79.9128	-79.9347	-79.937	-79.9373	-79.9375	-79.938	-79.9393
3.61	-62.681	-62.3651	-60.8686	-58.175	-54.1331	-47.8768	-38.3438	-29.6522	-46.4207	-56.0547	-58.6563	-59.3098	-59.3601	-59.12	-58.6662	-58.0084	-57.1224	-55.9495	-54.3756	-52.1746	-48.8552	-43.2578	-32.879	-14.3544	11.566	30.6984	-60.6581	-77.6315	-79.6812	-79.9099	-79.9343	-79.937	-79.9373	-79.9375	-79.938	-79.9393
3.615	-62.7861	-62.4633	-60.988	-58.3294	-54.3527	-48.2174	-38.8107	-29.6192	-45.6683	-55.8313	-58.5975	-59.2971	-59.3656	-59.1371	-58.6933	-58.0458	-57.1721	-56.0154	-54.4653	-52.3035	-49.0582	-43.6183	-33.5554	-15.4846	10.2639	29.8509	-59.4078	-77.4469	-79.6559	-79.9067	-79.934	-79.9369	-79.9372	-79.9374	-79.9379	-79.9393
3.62	-62.8915	-62.5609	-61.1059	-58.4814	-54.5683	-48.5514	-39.2767	-29.6788	-44.8805	-55.5938	-58.535	-59.2831	-59.3705	-59.1537	-58.7198	-58.0826	-57.2211	-56.0804	-54.5535	-52.4298	-49.2562	-43.9679	-34.2121	-16.5941	8.94624	28.9617	-57.9718	-77.2501	-79.6292	-79.9034	-79.9335	-79.9368	-79.9372	-79.9374	-79.9379	-79.9392
3.625	-62.9973	-62.6579	-61.2223	-58.6312	-54.7801	-48.8787	-39.7413	-29.8209	-44.0566	-55.3411	-58.4685	-59.2678	-59.3747	-59.1698	-58.7459	-58.119	-57.2694	-56.1444	-54.6403	-52.5537	-49.4494	-44.307	-34.8494	-17.6821	7.61681	28.0365	-56.2734	-77.0357	-79.601	-79.8998	-79.9331	-79.9367	-79.9371	-79.9374	-79.9379	-79.9392
3.63	-63.1033	-62.7543	-61.3373	-58.7787	-54.988	-49.1996	-40.2041	-30.0351	-43.196	-55.0722	-58.3978	-59.2511	-59.3783	-59.1853	-58.7715	-58.1548	-57.3171	-56.2075	-54.7257	-52.6752	-49.6378	-44.636	-35.4678	-18.7479	6.27898	27.0811	-54.2018	-76.7963	-79.5706	-79.896	-79.9326	-79.9366	-79.9371	-79.9373	-79.9378	-79.9391
3.635	-63.2096	-62.85	-61.4509	-58.924	-55.1922	-49.5142	-40.6646	-30.3108	-42.2993	-54.786	-58.3225	-59.2329	-59.3811	-59.2004	-58.7966	-58.19	-57.3641	-56.2698	-54.8098	-52.7944	-49.8218	-44.9552	-36.0677	-19.7913	4.93593	26.1025	-51.5869	-76.5212	-79.5376	-79.8918	-79.9321	-79.9365	-79.9371	-79.9373	-79.9378	-79.9391
3.64	-63.3162	-62.945	-61.5631	-59.0673	-55.3929	-49.8227	-41.1223	-30.6379	-41.3679	-54.4815	-58.2425	-59.2133	-59.3832	-59.2149	-58.8212	-58.2247	-57.4105	-56.3312	-54.8926	-52.9114	-50.0014	-45.2651	-36.6495	-20.8118	3.59071	25.1105	-48.1501	-76.1944	-79.5009	-79.8874	-79.9315	-79.9364	-79.937	-79.9372	-79.9377	-79.9391
3.645	-63.4229	-63.0395	-61.6739	-59.2084	-55.59	-50.1251	-41.5764	-31.007	-40.4047	-54.1574	-58.1573	-59.1921	-59.3845	-59.2289	-58.8453	-58.259	-57.4563	-56.3917	-54.9741	-53.0263	-50.1768	-45.5659	-37.2137	-21.8092	2.24649	24.1202	-43.4056	-75.7898	-79.459	-79.8825	-79.9309	-79.9363	-79.937	-79.9372	-79.9377	-79.939
3.65	-63.5298	-63.1333	-61.7834	-59.3475	-55.7837	-50.4216	-42.0263	-31.4096	-39.4143	-53.8125	-58.0667	-59.1693	-59.3851	-59.2423	-58.8689	-58.2926	-57.5014	-56.4514	-55.0543	-53.139	-50.3482	-45.858	-37.7607	-22.7833	0.906671	23.158	-36.4584	-75.2624	-79.4097	-79.877	-79.9302	-79.9362	-79.9369	-79.9372	-79.9377	-79.939
3.655	-63.6367	-63.2264	-61.8916	-59.4846	-55.9741	-50.7123	-42.4716	-31.8382	-38.4034	-53.4458	-57.9703	-59.1448	-59.385	-59.2552	-58.8921	-58.3258	-57.5459	-56.5102	-55.1334	-53.2497	-50.5156	-46.1417	-38.2909	-23.734	-0.424608	22.2714	-25.6511	-74.5318	-79.3487	-79.8708	-79.9295	-79.9361	-79.9369	-79.9371	-79.9376	-79.939
3.66	-63.7438	-63.3189	-61.9984	-59.6197	-56.1612	-50.9973	-42.9116	-32.2862	-37.3809	-53.0561	-57.8676	-59.1184	-59.384	-59.2676	-58.9148	-58.3585	-57.5898	-56.5683	-55.2112	-53.3584	-50.6793	-46.4173	-38.8048	-24.6611	-1.74203	21.5361	-8.68593	-73.4693	-79.2695	-79.8635	-79.9287	-79.936	-79.9368	-79.9371	-79.9376	-79.9389
3.665	-63.8508	-63.4108	-62.104	-59.7529	-56.3451	-51.2767	-43.3458	-32.7482	-36.3584	-52.6423	-57.7585	-59.0902	-59.3822	-59.2794	-58.937	-58.3906	-57.6331	-56.6255	-55.2878	-53.4652	-50.8393	-46.6852	-39.3029	-25.5646	-3.04015	20.9857	12.5838	-72.0027	-79.1642	-79.8545	-79.9277	-79.9358	-79.9368	-79.937	-79.9375	-79.9389
3.67	-63.9579	-63.502	-62.2083	-59.8842	-56.526	-51.5507	-43.7737	-33.2199	-35.3495	-52.2035	-57.6422	-59.0599	-59.3795	-59.2907	-58.9587	-58.4223	-57.6758	-56.682	-55.3633	-53.5702	-50.9958	-46.9457	-39.7855	-26.4443	-4.31766	20.4622	26.9699	-70.3476	-79.0313	-79.8434	-79.9267	-79.9357	-79.9367	-79.937	-79.9375	-79.9389
3.675	-64.0649	-63.5926	-62.3114	-60.0137	-56.7038	-51.8194	-44.195	-33.6977	-34.37	-51.7387	-57.5186	-59.0276	-59.376	-59.3014	-58.9799	-58.4534	-57.7179	-56.7377	-55.4377	-53.6733	-51.1489	-47.1989	-40.2531	-27.3005	-5.57759	19.793	32.3005	-68.7827	-78.8775	-79.83	-79.9254	-79.9355	-79.9367	-79.937	-79.9375	-79.9388
3.68	-64.1718	-63.6826	-62.4132	-60.1414	-56.8787	-52.0828	-44.6093	-34.1789	-33.4369	-51.2472	-57.387	-58.993	-59.3715	-59.3115	-59.0006	-58.4841	-57.7594	-56.7926	-55.511	-53.7746	-51.2987	-47.4452	-40.7063	-28.1334	-6.82341	18.9429	33.7443	-67.4112	-78.7121	-79.8143	-79.9239	-79.9353	-79.9366	-79.9369	-79.9374	-79.9388
3.685	-64.2786	-63.7719	-62.5138	-60.2673	-57.0507	-52.3411	-45.0164	-34.6617	-32.5675	-50.7283	-57.2471	-58.9561	-59.3662	-59.3211	-59.0209	-58.5142	-57.8003	-56.8468	-55.5832	-53.8742	-51.4454	-47.6849	-41.1453	-28.9436	-8.05673	17.949	33.9027	-66.2145	-78.542	-79.7967	-79.9222	-79.9351	-79.9366	-79.9369	-79.9374	-79.9387
3.69	-64.3853	-63.8606	-62.6133	-60.3914	-57.2199	-52.5944	-45.4161	-35.1449	-31.7784	-50.1811	-57.0982	-58.9167	-59.3599	-59.3301	-59.0406	-58.5439	-57.8407	-56.9002	-55.6544	-53.972	-51.589	-47.9181	-41.5707	-29.7314	-9.27735	16.855	33.5981	-65.1373	-78.3713	-79.7773	-79.9202	-79.9349	-79.9365	-79.9368	-79.9374	-79.9387
3.695	-64.4917	-63.9486	-62.7116	-60.5139	-57.3864	-52.8428	-45.8083	-35.6278	-31.084	-49.605	-56.9398	-58.8747	-59.3526	-59.3384	-59.0599	-58.573	-57.8805	-56.9529	-55.7245	-54.0683	-51.7296	-48.1452	-41.983	-30.4974	-10.484	15.6924	33.0834	-64.1243	-78.2012	-79.7566	-79.918	-79.9346	-79.9364	-79.9368	-79.9373	-79.9387
3.7	-64.5979	-64.036	-62.8088	-60.6347	-57.5502	-53.0864	-46.193	-36.11	-30.4958	-48.9992	-56.7715	-58.83	-59.3442	-59.3462	-59.0786	-58.6017	-57.9197	-57.0049	-55.7936	-54.163	-51.8673	-48.3664	-42.3825	-31.2419	-11.6753	14.4811	32.4475	-63.1273	-78.0314	-79.7347	-79.9155	-79.9343	-79.9364	-79.9368	-79.9373	-79.9386
3.705	-64.7038	-64.1228	-62.9048	-60.7538	-57.7113	-53.3253	-46.5701	-36.5914	-30.0212	-48.3627	-56.5924	-58.7824	-59.3348	-59.3533	-59.0969	-58.6299	-57.9584	-57.0562	-55.8617	-54.2561	-52.0022	-48.5818	-42.7697	-31.9654	-12.8495	13.2339	31.7287	-62.1033	-77.8602	-79.7118	-79.9129	-79.934	-79.9363	-79.9367	-79.9372	-79.9386
3.71	-64.8095	-64.2089	-62.9997	-60.8714	-57.8699	-53.5596	-46.9398	-37.0719	-29.6636	-47.6946	-56.402	-58.7317	-59.3243	-59.3599	-59.1147	-58.6576	-57.9965	-57.1067	-55.9289	-54.3476	-52.1344	-48.7918	-43.1451	-32.6681	-14.0054	11.9589	30.9468	-61.0107	-77.6853	-79.6879	-79.91	-79.9337	-79.9362	-79.9367	-79.9372	-79.9386
3.715	-64.9147	-64.2944	-63.0935	-60.9873	-58.0261	-53.7895	-47.302	-37.5518	-29.4222	-46.9936	-56.1995	-58.6777	-59.3126	-59.3658	-59.1319	-58.6847	-58.0341	-57.1566	-55.995	-54.4377	-52.2641	-48.9964	-43.509	-33.3507	-15.1418	10.6625	30.1133	-59.8049	-77.5035	-79.6629	-79.9069	-79.9333	-79.9362	-79.9366	-79.9372	-79.9385
3.72	-65.0196	-64.3792	-63.1863	-61.1018	-58.1798	-54.015	-47.6569	-38.0309	-29.2926	-46.2584	-55.9841	-58.6203	-59.2997	-59.371	-59.1487	-58.7114	-58.0711	-57.2058	-56.0603	-54.5264	-52.3911	-49.1959	-43.8619	-34.0133	-16.2576	9.34914	29.2361	-58.4324	-77.3109	-79.6367	-79.9036	-79.9329	-79.9361	-79.9366	-79.9371	-79.9385
3.725	-65.1241	-64.4634	-63.278	-61.2147	-58.3311	-54.2363	-48.0046	-38.509	-29.2673	-45.4878	-55.755	-58.5592	-59.2856	-59.3756	-59.1649	-58.7377	-58.1076	-57.2544	-56.1246	-54.6136	-52.5158	-49.3906	-44.2042	-34.6565	-17.3522	8.02293	28.3213	-56.8237	-77.1025	-79.609	-79.9001	-79.9325	-79.936	-79.9365	-79.9371	-79.9384
3.73	-65.2281	-64.5469	-63.3687	-61.3261	-58.48	-54.4534	-48.3453	-38.986	-29.337	-44.6805	-55.5112	-58.4943	-59.2702	-59.3795	-59.1807	-58.7634	-58.1435	-57.3023	-56.188	-54.6994	-52.638	-49.5804	-44.5363	-35.2807	-18.4249	6.68733	27.3745	-54.8804	-76.8717	-79.5793	-79.8964	-79.932	-79.9359	-79.9365	-79.937	-79.9384
3.735	-65.3316	-64.6298	-63.4583	-61.4361	-58.6267	-54.6666	-48.6791	-39.4614	-29.4911	-43.8356	-55.2517	-58.4253	-59.2535	-59.3827	-59.1959	-58.7887	-58.1789	-57.3495	-56.2505	-54.7839	-52.7579	-49.7658	-44.8584	-35.8862	-19.4752	5.34554	26.4021	-52.4541	-76.6088	-79.5472	-79.8923	-79.9315	-79.9358	-79.9365	-79.937	-79.9384
3.74	-65.4346	-64.7121	-63.5469	-61.5446	-58.7712	-54.8758	-49.0062	-39.9348	-29.7183	-42.953	-54.9754	-58.3518	-59.2353	-59.3852	-59.2106	-58.8134	-58.2138	-57.3961	-56.3122	-54.8671	-52.8756	-49.9467	-45.1711	-36.4735	-20.5027	4.00066	25.4128	-49.3067	-76.2999	-79.5117	-79.888	-79.9309	-79.9357	-79.9364	-79.937	-79.9383
3.745	-65.5371	-64.7937	-63.6346	-61.6517	-58.9135	-55.0812	-49.3267	-40.4057	-30.0076	-42.0332	-54.6813	-58.2737	-59.2157	-59.3869	-59.2248	-58.8377	-58.2482	-57.442	-56.373	-54.949	-52.9911	-50.1234	-45.4746	-37.043	-21.5072	2.65579	24.4199	-45.0307	-75.9226	-79.4716	-79.8832	-79.9303	-79.9356	-79.9364	-79.9369	-79.9383
3.75	-65.6389	-64.8747	-63.7212	-61.7575	-59.0537	-55.2829	-49.6408	-40.8734	-30.3484	-41.0778	-54.368	-58.1906	-59.1945	-59.388	-59.2384	-58.8615	-58.2821	-57.4873	-56.4329	-55.0296	-53.1045	-50.2959	-45.7694	-37.5952	-22.4884	1.31423	23.4453	-38.8866	-75.4391	-79.4249	-79.878	-79.9297	-79.9355	-79.9363	-79.9369	-79.9383
3.755	-65.7402	-64.955	-63.8069	-61.8619	-59.1918	-55.4809	-49.9485	-41.3373	-30.731	-40.0901	-54.0344	-58.1022	-59.1717	-59.3882	-59.2516	-58.8848	-58.3154	-57.532	-56.492	-55.109	-53.2158	-50.4646	-46.0556	-38.1305	-23.4463	-0.0201465	22.5289	-29.4899	-74.7819	-79.3681	-79.872	-79.929	-79.9354	-79.9363	-79.9369	-79.9382
3.76	-65.8408	-65.0347	-63.8917	-61.965	-59.3278	-55.6755	-50.2501	-41.7967	-31.1466	-39.0753	-53.6794	-58.0081	-59.1472	-59.3877	-59.2641	-58.9076	-58.3482	-57.5761	-56.5503	-55.1872	-53.3251	-50.6294	-46.3337	-38.6494	-24.3806	-1.34243	21.7388	-14.5881	-73.8356	-79.2953	-79.8651	-79.9282	-79.9353	-79.9362	-79.9368	-79.9382
3.765	-65.9408	-65.1138	-63.9755	-62.0667	-59.4619	-55.8666	-50.5456	-42.251	-31.5875	-38.0408	-53.3016	-57.908	-59.1209	-59.3864	-59.2762	-58.93	-58.3805	-57.6196	-56.6078	-55.2642	-53.4325	-50.7905	-46.6039	-39.1522	-25.2913	-2.64683	21.1392	6.2606	-72.4841	-79.1985	-79.8567	-79.9273	-79.9351	-79.9362	-79.9368	-79.9381
3.77	-66.04	-65.1922	-64.0584	-62.1672	-59.594	-56.0544	-50.8352	-42.6998	-32.0472	-36.9966	-52.8999	-57.8015	-59.0927	-59.3843	-59.2877	-58.9518	-58.4123	-57.6625	-56.6645	-55.3401	-53.538	-50.9481	-46.8666	-39.6395	-26.1783	-3.93043	20.6314	23.7732	-70.8512	-79.0736	-79.8463	-79.9262	-79.935	-79.9361	-79.9367	-79.9381
3.775	-66.1386	-65.2699	-64.1404	-62.2664	-59.7242	-56.2389	-51.1191	-43.1424	-32.5203	-35.955	-52.4734	-57.6881	-59.0626	-59.3813	-59.2986	-58.9732	-58.4436	-57.7047	-56.7204	-55.4148	-53.6417	-51.1022	-47.122	-40.1117	-27.0416	-5.1953	20.0161	31.2901	-69.2394	-78.9252	-79.8336	-79.925	-79.9348	-79.9361	-79.9367	-79.9381
3.78	-66.2364	-65.3471	-64.2215	-62.3644	-59.8526	-56.4203	-51.3972	-43.5784	-33.0023	-34.9309	-52.0208	-57.5675	-59.0304	-59.3775	-59.3089	-58.9941	-58.4744	-57.7464	-56.7756	-55.4884	-53.7435	-51.253	-47.3704	-40.5692	-27.8816	-6.44515	19.2188	33.5084	-67.8075	-78.7624	-79.8186	-79.9236	-79.9347	-79.936	-79.9367	-79.938
3.785	-66.3334	-65.4235	-64.3018	-62.4612	-59.9791	-56.5986	-51.6698	-44.0074	-33.4898	-33.9411	-51.5414	-57.439	-58.996	-59.3727	-59.3187	-59.0145	-58.5047	-57.7875	-56.83	-55.561	-53.8436	-51.4006	-47.6121	-41.0125	-28.6987	-7.68223	18.2636	33.9232	-66.5628	-78.5932	-79.8015	-79.9219	-79.9345	-79.936	-79.9366	-79.938
3.79	-66.4297	-65.4994	-64.3811	-62.5568	-60.1038	-56.7738	-51.937	-44.429	-33.9803	-33.0037	-51.0344	-57.3024	-58.9593	-59.3671	-59.3279	-59.0344	-58.5345	-57.8281	-56.8836	-55.6325	-53.942	-51.5452	-47.8473	-41.442	-29.4933	-8.90682	17.1961	33.7191	-65.4554	-78.4224	-79.7826	-79.9201	-79.9342	-79.9359	-79.9366	-79.938
3.795	-66.5251	-65.5746	-64.4596	-62.6512	-60.2268	-56.9461	-52.1988	-44.8432	-34.472	-32.1365	-50.4989	-57.157	-58.9202	-59.3604	-59.3366	-59.0538	-58.5639	-57.868	-56.9365	-55.7029	-54.0388	-51.6866	-48.0763	-41.8583	-30.2659	-10.1179	16.0518	33.2548	-64.4283	-78.2522	-79.7623	-79.9179	-79.934	-79.9359	-79.9365	-79.9379
3.8	-66.6198	-65.6492	-64.5373	-62.7445	-60.3481	-57.1156	-52.4555	-45.2496	-34.9639	-31.3564	-49.9343	-57.0023	-58.8785	-59.3528	-59.3446	-59.0728	-58.5927	-57.9074	-56.9888	-55.7723	-54.1339	-51.8252	-48.2992	-42.2616	-31.0169	-11.314	14.8538	32.6504	-63.4311	-78.0824	-79.7407	-79.9155	-79.9337	-79.9358	-79.9365	-79.9379
3.805	-66.7136	-65.7231	-64.6142	-62.8367	-60.4677	-57.2823	-52.7071	-45.6482	-35.4553	-30.6776	-49.3398	-56.8377	-58.8341	-59.3442	-59.352	-59.0912	-58.621	-57.9463	-57.0402	-55.8407	-54.2275	-51.961	-48.5164	-42.6526	-31.7467	-12.4936	13.6165	31.9542	-62.4196	-77.9118	-79.7181	-79.9129	-79.9334	-79.9357	-79.9365	-79.9379
3.81	-66.8065	-65.7964	-64.6902	-62.9277	-60.5857	-57.4462	-52.9537	-46.039	-35.9459	-30.1109	-48.7144	-56.6627	-58.7868	-59.3344	-59.3588	-59.1091	-58.6488	-57.9846	-57.091	-55.9082	-54.3195	-52.0941	-48.728	-43.0315	-32.4558	-13.6552	12.3492	31.19	-61.3524	-77.7383	-79.6945	-79.9101	-79.9331	-79.9357	-79.9364	-79.9378
3.815	-66.8985	-65.8691	-64.7655	-63.0177	-60.702	-57.6075	-53.1955	-46.422	-36.4357	-29.6627	-48.0574	-56.4765	-58.7365	-59.3236	-59.365	-59.1265	-58.6762	-58.0223	-57.1411	-55.9746	-54.4101	-52.2245	-48.9342	-43.3989	-33.1445	-14.7976	11.0588	30.3713	-60.1861	-77.559	-79.6699	-79.9071	-79.9327	-79.9356	-79.9364	-79.9378
3.82	-66.9897	-65.9412	-64.8399	-63.1066	-60.8168	-57.7661	-53.4325	-46.7972	-36.9247	-29.3351	-47.3674	-56.2784	-58.683	-59.3116	-59.3705	-59.1435	-58.703	-58.0595	-57.1906	-56.0402	-54.4992	-52.3523	-49.1353	-43.7551	-33.8131	-15.9198	9.75013	29.5067	-58.8707	-77.3701	-79.6441	-79.9039	-79.9323	-79.9355	-79.9363	-79.9377
3.825	-67.08	-66.0126	-64.9136	-63.1944	-60.93	-57.9223	-53.665	-47.1647	-37.4129	-29.1258	-46.6432	-56.0677	-58.6261	-59.2985	-59.3754	-59.1599	-58.7294	-58.0961	-57.2393	-56.1048	-54.5868	-52.4777	-49.3314	-44.1006	-34.4622	-17.021	8.42745	28.6027	-57.3425	-77.1672	-79.6168	-79.9005	-79.9319	-79.9354	-79.9363	-79.9377
3.83	-67.1693	-66.0834	-64.9865	-63.2812	-61.0417	-58.0759	-53.8929	-47.5247	-37.9003	-29.0291	-45.8836	-55.8435	-58.5656	-59.2841	-59.3796	-59.1758	-58.7553	-58.1323	-57.2874	-56.1684	-54.6731	-52.6007	-49.5227	-44.4358	-35.0922	-18.1004	7.09436	27.665	-55.5137	-76.944	-79.5878	-79.8968	-79.9314	-79.9353	-79.9363	-79.9377
3.835	-67.2577	-66.1535	-65.0586	-63.367	-61.1519	-58.2272	-54.1165	-47.8774	-38.3866	-29.0365	-45.0871	-55.6048	-58.5013	-59.2684	-59.3831	-59.1912	-58.7807	-58.1678	-57.3348	-56.2312	-54.758	-52.7213	-49.7094	-44.7609	-35.7033	-19.1576	5.75412	26.6996	-53.2541	-76.6921	-79.5565	-79.8928	-79.9309	-79.9352	-79.9362	-79.9376
3.84	-67.3452	-66.2231	-65.13	-63.4518	-61.2607	-58.3761	-54.3359	-48.2227	-38.8717	-29.1375	-44.2526	-55.3508	-58.4329	-59.2513	-59.3859	-59.2061	-58.8056	-58.2029	-57.3816	-56.2931	-54.8416	-52.8397	-49.8917	-45.0765	-36.2961	-20.1921	4.40986	25.7143	-50.359	-76.3991	-79.5222	-79.8886	-79.9304	-79.9352	-79.9362	-79.9376
3.845	-67.4318	-66.292	-65.2007	-63.5356	-61.368	-58.5226	-54.5511	-48.561	-39.3549	-29.3209	-43.3796	-55.0802	-58.3602	-59.2329	-59.3881	-59.2205	-58.83	-58.2374	-57.4277	-56.3542	-54.9239	-52.9558	-50.0696	-45.3828	-36.871	-21.2036	3.06465	24.7207	-46.4846	-76.0457	-79.4837	-79.884	-79.9298	-79.9351	-79.9361	-79.9376
3.85	-67.5174	-66.3603	-65.2707	-63.6184	-61.4739	-58.667	-54.7623	-48.8924	-39.8359	-29.5749	-42.468	-54.7921	-58.2829	-59.213	-59.3895	-59.2343	-58.854	-58.2714	-57.4732	-56.4144	-55.0049	-53.0698	-50.2434	-45.6801	-37.4285	-22.1919	1.72171	23.7374	-41.0171	-75.5998	-79.4392	-79.8789	-79.9291	-79.935	-79.9361	-79.9375
3.855	-67.6021	-66.4279	-65.3399	-63.7003	-61.5785	-58.8091	-54.9695	-49.2169	-40.3141	-29.8883	-41.5188	-54.4851	-58.2006	-59.1915	-59.3901	-59.2476	-58.8774	-58.3049	-57.5181	-56.4737	-55.0846	-53.1818	-50.4133	-45.9689	-37.9689	-23.1569	0.384693	22.7975	-32.8106	-75.0052	-79.3859	-79.8732	-79.9285	-79.9348	-79.936	-79.9375
3.86	-67.6858	-66.495	-65.4084	-63.7813	-61.6817	-58.9491	-55.173	-49.5349	-40.7887	-30.2505	-40.5345	-54.158	-58.1132	-59.1684	-59.39	-59.2604	-58.9004	-58.3379	-57.5624	-56.5323	-55.1632	-53.2917	-50.5792	-46.2495	-38.4927	-24.0984	-0.941868	21.9601	-19.8402	-74.1618	-79.3188	-79.8666	-79.9277	-79.9347	-79.936	-79.9375
3.865	-67.7685	-66.5615	-65.4763	-63.8613	-61.7836	-59.0869	-55.3727	-49.8463	-41.2591	-30.6516	-39.5193	-53.8097	-58.0201	-59.1437	-59.3891	-59.2726	-58.9229	-58.3704	-57.6061	-56.59	-55.2406	-53.3997	-50.7415	-46.5221	-39.0004	-25.0163	-2.25226	21.302	-0.373642	-72.9369	-79.2301	-79.8587	-79.9268	-79.9346	-79.9359	-79.9374
3.87	-67.8503	-66.6273	-65.5434	-63.9405	-61.8841	-59.2227	-55.5689	-50.1514	-41.7246	-31.0832	-38.4796	-53.4388	-57.9211	-59.1171	-59.3874	-59.2843	-58.9449	-58.4023	-57.6491	-56.647	-55.3168	-53.5058	-50.9001	-46.7871	-39.4924	-25.9105	-3.54215	20.7893	19.5519	-71.3571	-79.1136	-79.8489	-79.9259	-79.9344	-79.9359	-79.9374
3.875	-67.9311	-66.6926	-65.6099	-64.0188	-61.9835	-59.3565	-55.7615	-50.4503	-42.1848	-31.5378	-37.4241	-53.0441	-57.8157	-59.0887	-59.3849	-59.2954	-58.9665	-58.4338	-57.6916	-56.7031	-55.3918	-53.61	-51.0553	-47.0447	-39.9691	-26.781	-4.81231	20.2215	29.8178	-69.713	-78.9715	-79.8369	-79.9247	-79.9343	-79.9358	-79.9373
3.88	-68.0109	-66.7572	-65.6757	-64.0962	-62.0815	-59.4884	-55.9507	-50.7431	-42.6389	-32.0091	-36.3644	-52.6245	-57.7036	-59.0584	-59.3815	-59.306	-58.9875	-58.4648	-57.7334	-56.7585	-55.4658	-53.7124	-51.2071	-47.2952	-40.4311	-27.6281	-6.0664	19.4795	33.1218	-68.2207	-78.8121	-79.8226	-79.9233	-79.9341	-79.9358	-79.9373
3.885	-68.0898	-66.8213	-65.7409	-64.1727	-62.1784	-59.6183	-56.1366	-51.0299	-43.0864	-32.4921	-35.3145	-52.1789	-57.5843	-59.026	-59.3773	-59.316	-59.008	-58.4952	-57.7747	-56.8131	-55.5387	-53.813	-51.3557	-47.5389	-40.8787	-28.4521	-7.30726	18.5675	33.8912	-66.9232	-78.6442	-79.8061	-79.9218	-79.9339	-79.9357	-79.9373
3.89	-68.1677	-66.8847	-65.8054	-64.2484	-62.274	-59.7463	-56.3192	-51.3109	-43.527	-32.9825	-34.2909	-51.7064	-57.4572	-58.9913	-59.3722	-59.3254	-59.0281	-58.5252	-57.8154	-56.867	-55.6105	-53.9119	-51.5011	-47.776	-41.3123	-29.2535	-8.53571	17.5297	33.8171	-65.7802	-78.4735	-79.7877	-79.9199	-79.9337	-79.9357	-79.9372
3.895	-68.2446	-66.9476	-65.8693	-64.3233	-62.3685	-59.8725	-56.4987	-51.5862	-43.9603	-33.4775	-33.3115	-51.2059	-57.3221	-58.9544	-59.3661	-59.3342	-59.0477	-58.5546	-57.8556	-56.9202	-55.6812	-54.0092	-51.6436	-48.0069	-41.7326	-30.0328	-9.75106	16.4058	33.4134	-64.7344	-78.3031	-79.7678	-79.9179	-79.9335	-79.9356	-79.9372
3.9	-68.3206	-67.0099	-65.9326	-64.3973	-62.4617	-59.9969	-56.6751	-51.8559	-44.3859	-33.9747	-32.3951	-50.6768	-57.1782	-58.9151	-59.359	-59.3425	-59.0668	-58.5836	-57.8951	-56.9726	-55.751	-54.1048	-51.783	-48.2316	-42.1398	-30.7903	-10.9519	15.2223	32.8446	-63.733	-78.1332	-79.7466	-79.9156	-79.9332	-79.9356	-79.9371
3.905	-68.3956	-67.0716	-65.9952	-64.4706	-62.5539	-60.1196	-56.8485	-52.1202	-44.8038	-34.4727	-31.5598	-50.1182	-57.0251	-58.8732	-59.351	-59.3501	-59.0854	-58.6121	-57.9342	-57.0243	-55.8197	-54.1989	-51.9197	-48.4506	-42.5345	-31.5266	-12.1367	13.9957	32.1731	-62.7302	-77.9631	-79.7244	-79.913	-79.9329	-79.9355	-79.9371
3.91	-68.4697	-67.1327	-66.0573	-64.543	-62.6449	-60.2405	-57.019	-52.3791	-45.2136	-34.9705	-30.8215	-49.5295	-56.8622	-58.8287	-59.3419	-59.3572	-59.1034	-58.64	-57.9726	-57.0753	-55.8874	-54.2914	-52.0535	-48.6638	-42.9171	-32.2419	-13.3039	12.7368	31.4278	-61.6843	-77.7907	-79.7011	-79.9103	-79.9326	-79.9354	-79.9371
3.915	-68.5428	-67.1932	-66.1187	-64.6147	-62.7349	-60.3597	-57.1866	-52.6328	-45.6154	-35.4679	-30.1931	-48.9097	-56.6888	-58.7812	-59.3318	-59.3636	-59.121	-58.6675	-58.0105	-57.1256	-55.9542	-54.3824	-52.1847	-48.8717	-43.2879	-32.9368	-14.4523	11.4528	30.6245	-60.5529	-77.6135	-79.6767	-79.9074	-79.9322	-79.9354	-79.937
3.92	-68.615	-67.2532	-66.1795	-64.6857	-62.8238	-60.4773	-57.3515	-52.8815	-46.0091	-35.9645	-29.6832	-48.2579	-56.5044	-58.7308	-59.3205	-59.3694	-59.1381	-58.6945	-58.0479	-57.1752	-56.02	-54.4719	-52.3134	-49.0743	-43.6475	-33.6115	-15.5807	10.1492	29.7731	-59.2886	-77.428	-79.6513	-79.9042	-79.9318	-79.9353	-79.937
3.925	-68.6862	-67.3126	-66.2398	-64.7558	-62.9116	-60.5932	-57.5136	-53.1252	-46.3949	-36.4604	-29.296	-47.573	-56.3082	-58.6771	-59.3081	-59.3745	-59.1547	-58.7211	-58.0847	-57.2242	-56.0849	-54.56	-52.4395	-49.2719	-43.9963	-34.2665	-16.6884	8.83036	28.8805	-57.8329	-77.2299	-79.6245	-79.9008	-79.9314	-79.9352	-79.937
3.93	-68.7565	-67.3714	-66.2995	-64.8253	-62.9983	-60.7076	-57.6731	-53.364	-46.7727	-36.9556	-29.031	-46.8538	-56.0994	-58.6201	-59.2945	-59.379	-59.1708	-58.7471	-58.121	-57.2725	-56.1488	-54.6467	-52.5632	-49.4647	-44.3345	-34.9022	-17.7744	7.50007	27.9524	-56.1066	-77.0136	-79.5961	-79.8972	-79.931	-79.9351	-79.9369
3.935	-68.8259	-67.4297	-66.3586	-64.894	-63.0841	-60.8204	-57.83	-53.5982	-47.1428	-37.45	-28.8837	-46.0989	-55.8771	-58.5595	-59.2797	-59.3828	-59.1864	-58.7726	-58.1567	-57.3201	-56.2119	-54.732	-52.6845	-49.6528	-44.6627	-35.5191	-18.8384	6.16167	26.9947	-53.9951	-76.7715	-79.5655	-79.8934	-79.9305	-79.935	-79.9369
3.94	-68.8943	-67.4874	-66.4171	-64.962	-63.1688	-60.9317	-57.9844	-53.8278	-47.5051	-37.9435	-28.8464	-45.3069	-55.6406	-58.495	-59.2635	-59.386	-59.2014	-58.7977	-58.1919	-57.3671	-56.2741	-54.816	-52.8036	-49.8364	-44.9811	-36.1174	-19.8799	4.81831	26.0144	-51.321	-76.4926	-79.5322	-79.8892	-79.9299	-79.9349	-79.9368
3.945	-68.9619	-67.5446	-66.4751	-65.0293	-63.2526	-61.0415	-58.1363	-54.0529	-47.86	-38.4359	-28.9091	-44.4768	-55.3887	-58.4265	-59.2461	-59.3884	-59.216	-58.8223	-58.2266	-57.4134	-56.3354	-54.8986	-52.9204	-50.0156	-45.2902	-36.6977	-20.8984	3.47306	25.0218	-47.7924	-76.1601	-79.4951	-79.8847	-79.9294	-79.9348	-79.9368
3.95	-69.0285	-67.6012	-66.5326	-65.0959	-63.3354	-61.1499	-58.2859	-54.2737	-48.2074	-38.9267	-29.0605	-43.6075	-55.1204	-58.3537	-59.2272	-59.3901	-59.23	-58.8464	-58.2608	-57.4591	-56.3958	-54.98	-53.0351	-50.1907	-45.5903	-37.2605	-21.8938	2.12907	24.0327	-42.8979	-75.7469	-79.4527	-79.8798	-79.9288	-79.9347	-79.9367
3.955	-69.0942	-67.6573	-66.5895	-65.1618	-63.4172	-61.2568	-58.433	-54.4903	-48.5477	-39.4154	-29.2885	-42.6988	-54.8346	-58.2763	-59.2068	-59.3911	-59.2435	-58.87	-58.2944	-57.5042	-56.4554	-55.0602	-53.1476	-50.3617	-45.8817	-37.806	-22.8659	0.789831	23.0748	-35.6911	-75.2055	-79.4025	-79.8743	-79.9281	-79.9346	-79.9367
3.96	-69.1591	-67.7129	-66.6459	-65.2271	-63.4981	-61.3623	-58.5779	-54.7028	-48.8809	-39.9014	-29.5814	-41.7515	-54.53	-58.194	-59.1849	-59.3913	-59.2564	-58.8931	-58.3276	-57.5486	-56.5142	-55.1391	-53.2582	-50.5288	-46.1647	-38.3348	-23.8146	-0.540464	22.1982	-24.4314	-74.4514	-79.3403	-79.868	-79.9274	-79.9345	-79.9366
3.965	-69.2231	-67.7679	-66.7017	-65.2917	-63.5781	-61.4664	-58.7206	-54.9113	-49.2072	-40.3842	-29.928	-40.7675	-54.2054	-58.1065	-59.1613	-59.3908	-59.2688	-58.9158	-58.3602	-57.5925	-56.5722	-55.2168	-53.3667	-50.6922	-46.4397	-38.8474	-24.7397	-1.85638	21.4798	-6.87097	-73.3533	-79.259	-79.8605	-79.9265	-79.9344	-79.9366
3.97	-69.2862	-67.8224	-66.7571	-65.3556	-63.6572	-61.5692	-58.8611	-55.1159	-49.5268	-40.8629	-30.3179	-39.7506	-53.8595	-58.0134	-59.1361	-59.3895	-59.2807	-58.9379	-58.3923	-57.6357	-56.6294	-55.2934	-53.4734	-50.8519	-46.707	-39.3441	-25.6411	-3.15266	20.9408	14.2872	-71.8573	-79.1512	-79.8514	-79.9256	-79.9343	-79.9366
3.975	-69.3484	-67.8764	-66.8119	-65.4189	-63.7354	-61.6707	-58.9995	-55.3168	-49.8398	-41.3369	-30.7419	-38.7065	-53.4911	-57.9143	-59.109	-59.3873	-59.292	-58.9596	-58.4239	-57.6784	-56.6858	-55.3688	-53.5781	-51.0082	-46.9668	-39.8255	-26.5188	-4.42848	20.4094	27.7209	-70.2011	-79.0162	-79.8401	-79.9245	-79.9341	-79.9365
3.98	-69.4099	-67.9299	-66.8663	-65.4816	-63.8127	-61.7709	-59.1357	-55.5139	-50.1463	-41.8056	-31.192	-37.6435	-53.0989	-57.8089	-59.0802	-59.3844	-59.3028	-58.9808	-58.455	-57.7204	-56.7414	-55.4431	-53.6811	-51.161	-47.2194	-40.2919	-27.3729	-5.68706	19.7239	32.5234	-68.6517	-78.861	-79.8265	-79.9232	-79.9339	-79.9365
3.985	-69.4704	-67.9828	-66.9201	-65.5436	-63.8892	-61.8698	-59.27	-55.7076	-50.4464	-42.2684	-31.6613	-36.5726	-52.6816	-57.6968	-59.0493	-59.3806	-59.313	-59.0015	-58.4856	-57.7619	-56.7963	-55.5163	-53.7823	-51.3106	-47.4652	-40.7438	-28.2039	-6.93176	18.8592	33.7885	-67.2973	-78.6949	-79.8106	-79.9217	-79.9338	-79.9364
3.99	-69.5302	-68.0353	-66.9734	-65.6051	-63.9648	-61.9674	-59.4022	-55.8977	-50.7404	-42.7247	-32.1443	-35.5074	-52.2382	-57.5774	-59.0163	-59.3759	-59.3226	-59.0217	-58.5157	-57.8028	-56.8504	-55.5884	-53.8817	-51.4569	-47.7043	-41.1816	-29.0121	-8.164	17.8548	33.8865	-66.1134	-78.5246	-79.7928	-79.9199	-79.9336	-79.9363
3.995	-69.5891	-68.0873	-67.0263	-65.6659	-64.0396	-62.0638	-59.5325	-56.0845	-51.0283	-43.174	-32.6364	-34.4641	-51.7676	-57.4503	-58.9812	-59.3703	-59.3316	-59.0415	-58.5453	-57.8431	-56.9037	-55.6595	-53.9795	-51.6003	-47.937	-41.6059	-29.7981	-9.38346	16.7537	33.5571	-65.044	-78.354	-79.7733	-79.918	-79.9333	-79.9363
4	-69.6473	-68.1387	-67.0787	-65.7262	-64.1136	-62.159	-59.6609	-56.2679	-51.3103	-43.616	-33.134	-33.4608	-51.2689	-57.3151	-58.9438	-59.3637	-59.3401	-59.0607	-58.5745	-57.8828	-56.9564	-55.7295	-54.0756	-51.7406	-48.1636	-42.0171	-30.5622	-10.5889	15.5861	33.0292	-64.0342	-78.184	-79.7525	-79.9157	-79.9331	-79.9362
4.005	-69.7046	-68.1897	-67.1306	-65.7858	-64.1868	-62.2531	-59.7874	-56.4482	-51.5865	-44.0503	-33.6349	-32.5165	-50.7412	-57.1711	-58.9039	-59.3562	-59.348	-59.0794	-58.6031	-57.922	-57.0083	-55.7986	-54.1701	-51.8781	-48.3843	-42.4156	-31.3049	-11.7787	14.3713	32.3848	-63.0363	-78.0141	-79.7305	-79.9133	-79.9328	-79.9362
4.01	-69.7612	-68.2402	-67.1821	-65.8449	-64.2591	-62.346	-59.9122	-56.6253	-51.8571	-44.4767	-34.1371	-31.65	-50.1837	-57.0179	-58.8615	-59.3477	-59.3552	-59.0977	-58.6312	-57.9606	-57.0595	-55.8666	-54.2631	-52.0128	-48.5993	-42.8018	-32.0265	-12.9514	13.1213	31.6598	-62.0078	-77.8427	-79.7075	-79.9106	-79.9325	-79.9361
4.015	-69.8169	-68.2902	-67.2331	-65.9035	-64.3308	-62.4377	-60.0351	-56.7994	-52.1221	-44.895	-34.6395	-30.8783	-49.5957	-56.8549	-58.8163	-59.3381	-59.3619	-59.1154	-58.6589	-57.9987	-57.1101	-55.9336	-54.3545	-52.1448	-48.8088	-43.1762	-32.7276	-14.1056	11.8442	30.8729	-60.9069	-77.6672	-79.6835	-79.9077	-79.9321	-79.936
4.02	-69.872	-68.3398	-67.2836	-65.9614	-64.4016	-62.5284	-60.1563	-56.9706	-52.3817	-45.3051	-35.1418	-30.2154	-48.9763	-56.6814	-58.7683	-59.3274	-59.3679	-59.1327	-58.686	-58.0362	-57.1599	-55.9997	-54.4445	-52.2742	-49.013	-43.5391	-33.4084	-15.2402	10.5461	30.0352	-59.6884	-77.4846	-79.6584	-79.9046	-79.9317	-79.936
4.025	-69.9263	-68.3888	-67.3338	-66.0189	-64.4717	-62.6179	-60.2758	-57.1388	-52.636	-45.707	-35.6434	-29.6711	-48.3245	-56.4967	-58.7173	-59.3157	-59.3733	-59.1494	-58.7127	-58.0732	-57.209	-56.0649	-54.533	-52.4011	-49.2121	-43.8911	-34.0694	-16.3543	9.23147	29.1545	-58.2979	-77.2909	-79.6321	-79.9013	-79.9313	-79.9359
4.03	-69.9798	-68.4374	-67.3834	-66.0758	-64.5411	-62.7064	-60.3936	-57.3042	-52.8852	-46.1007	-36.1445	-29.2507	-47.6394	-56.3003	-58.663	-59.3027	-59.378	-59.1657	-58.7389	-58.1096	-57.2575	-56.1291	-54.6201	-52.5255	-49.4063	-44.2325	-34.7109	-17.447	7.90429	28.2365	-56.6636	-77.0808	-79.6042	-79.8978	-79.9309	-79.9358
4.035	-70.0326	-68.4856	-67.4327	-66.1321	-64.6097	-62.7938	-60.5098	-57.4669	-53.1293	-46.4863	-36.645	-28.9548	-46.9196	-56.0911	-58.6053	-59.2886	-59.3821	-59.1814	-58.7646	-58.1455	-57.3054	-56.1925	-54.7059	-52.6476	-49.5958	-44.5637	-35.3335	-18.5177	6.56801	27.2871	-54.6838	-76.8474	-79.5744	-79.894	-79.9304	-79.9357
4.04	-70.0847	-68.5333	-67.4815	-66.1879	-64.6777	-62.8801	-60.6244	-57.6269	-53.3686	-46.8639	-37.1448	-28.7796	-46.1638	-55.8686	-58.544	-59.2732	-59.3855	-59.1966	-58.7898	-58.1809	-57.3525	-56.2549	-54.7903	-52.7673	-49.7807	-44.8851	-35.9374	-19.566	5.22583	26.3128	-52.2043	-76.5811	-79.542	-79.8899	-79.9299	-79.9356
4.045	-70.1361	-68.5806	-67.5299	-66.2433	-64.7449	-62.9655	-60.7374	-57.7843	-53.6031	-47.2336	-37.6438	-28.7178	-45.3707	-55.6316	-58.4789	-59.2565	-59.3882	-59.2113	-58.8145	-58.2158	-57.3991	-56.3165	-54.8733	-52.8848	-49.9613	-45.197	-36.5231	-20.5916	3.88082	25.3226	-48.9755	-76.2672	-79.5061	-79.8856	-79.9293	-79.9355
4.05	-70.1868	-68.6274	-67.5778	-66.2981	-64.8114	-63.0499	-60.8489	-57.9392	-53.8331	-47.5957	-38.1417	-28.7596	-44.5389	-55.3792	-58.4097	-59.2385	-59.3902	-59.2255	-58.8388	-58.2501	-57.445	-56.3772	-54.9551	-53.0001	-50.1376	-45.4998	-37.0912	-21.594	2.53611	24.3302	-44.5687	-75.8822	-79.4656	-79.8808	-79.9287	-79.9354
4.055	-70.2369	-68.6737	-67.6254	-66.3524	-64.8773	-63.1332	-60.9589	-58.0915	-54.0585	-47.9501	-38.6383	-28.8936	-43.6677	-55.1103	-58.3361	-59.219	-59.3915	-59.2392	-58.8625	-58.2839	-57.4902	-56.4371	-55.0356	-53.1134	-50.3099	-45.7938	-37.6419	-22.5732	1.19503	23.3589	-38.2018	-75.3864	-79.4181	-79.8755	-79.9281	-79.9353
4.06	-70.2862	-68.7197	-67.6725	-66.4062	-64.9425	-63.2157	-61.0674	-58.2415	-54.2795	-48.2971	-39.1328	-29.1077	-42.7565	-54.8237	-58.2579	-59.198	-59.392	-59.2523	-58.8858	-58.3172	-57.5349	-56.4961	-55.1149	-53.2245	-50.4782	-46.0793	-38.1757	-23.529	-0.138488	22.4505	-28.4129	-74.7087	-79.3601	-79.8694	-79.9274	-79.9352
4.065	-70.3349	-68.7652	-67.7193	-66.4595	-65.007	-63.2971	-61.1745	-58.389	-54.4963	-48.6369	-39.6248	-29.3898	-41.8061	-54.5184	-58.1748	-59.1755	-59.3918	-59.2649	-58.9086	-58.35	-57.5789	-56.5544	-55.193	-53.3337	-50.6427	-46.3567	-38.6932	-24.4613	-1.4594	21.6758	-12.9101	-73.7294	-79.2855	-79.8624	-79.9266	-79.935
4.07	-70.383	-68.8103	-67.7657	-66.5124	-65.0709	-63.3777	-61.2802	-58.5343	-54.709	-48.9696	-40.1135	-29.7284	-40.8182	-54.1928	-58.0864	-59.1513	-59.3908	-59.2769	-58.9309	-58.3823	-57.6223	-56.6118	-55.2699	-53.4409	-50.8035	-46.6263	-39.1947	-25.3699	-2.76198	21.0921	8.17956	-72.3422	-79.1862	-79.8538	-79.9257	-79.9349
4.075	-70.4304	-68.855	-67.8116	-66.5647	-65.1341	-63.4573	-61.3844	-58.6773	-54.9176	-49.2953	-40.5984	-30.1126	-39.7965	-53.8459	-57.9924	-59.1254	-59.389	-59.2884	-58.9527	-58.414	-57.6651	-56.6684	-55.3457	-53.5462	-50.9608	-46.8884	-39.6807	-26.2548	-4.04377	20.5816	24.8154	-70.6997	-79.0589	-79.8432	-79.9246	-79.9348
4.08	-70.4772	-68.8993	-67.8572	-66.6166	-65.1968	-63.536	-61.4874	-58.8181	-55.1224	-49.6142	-41.0786	-30.5331	-38.7466	-53.4762	-57.8924	-59.0977	-59.3864	-59.2994	-58.9741	-58.4453	-57.7074	-56.7243	-55.4203	-53.6497	-51.1146	-47.1432	-40.1516	-27.1161	-5.30716	19.9509	31.6273	-69.1006	-78.9089	-79.8303	-79.9234	-79.9346
4.085	-70.5234	-68.9431	-67.9024	-66.6681	-65.2588	-63.6139	-61.5889	-58.9567	-55.3233	-49.9265	-41.5535	-30.9813	-37.6767	-53.0825	-57.786	-59.0681	-59.383	-59.3098	-58.9949	-58.476	-57.749	-56.7794	-55.4939	-53.7514	-51.2652	-47.391	-40.6078	-27.954	-6.55582	19.1376	33.5891	-67.6866	-78.7452	-79.8151	-79.922	-79.9344
4.09	-70.569	-68.9866	-67.9473	-66.7191	-65.3202	-63.6908	-61.6892	-59.0933	-55.5205	-50.2323	-42.0225	-31.4501	-36.5977	-52.6636	-57.6728	-59.0365	-59.3787	-59.3196	-59.0153	-58.5063	-57.7901	-56.8337	-55.5663	-53.8514	-51.4125	-47.6321	-41.0499	-28.7691	-7.79181	18.1706	33.9196	-66.4566	-78.5757	-79.7978	-79.9203	-79.9342
4.095	-70.614	-69.0297	-67.9917	-66.7696	-65.381	-63.7669	-61.7882	-59.2277	-55.7142	-50.5317	-42.485	-31.9336	-35.5232	-52.2182	-57.5523	-59.0029	-59.3735	-59.3288	-59.0352	-58.536	-57.8306	-56.8873	-55.6377	-53.9497	-51.5568	-47.8668	-41.4783	-29.5618	-9.01525	17.0949	33.6832	-65.3586	-78.4049	-79.7788	-79.9184	-79.934
4.1	-70.6584	-69.0724	-68.0358	-66.8198	-65.4412	-63.8422	-61.886	-59.3602	-55.9044	-50.8249	-42.9405	-32.4272	-34.4695	-51.7453	-57.4241	-58.967	-59.3673	-59.3375	-59.0546	-58.5653	-57.8705	-56.9402	-55.7081	-54.0463	-51.698	-48.0952	-41.8934	-30.3325	-10.2251	15.945	33.2031	-64.336	-78.2347	-79.7584	-79.9162	-79.9337
4.105	-70.7022	-69.1147	-68.0796	-66.8694	-65.5008	-63.9167	-61.9825	-59.4908	-56.0911	-51.1119	-43.3886	-32.927	-33.4548	-51.244	-57.2875	-58.9288	-59.3603	-59.3456	-59.0735	-58.5941	-57.9098	-56.9923	-55.7774	-54.1413	-51.8364	-48.3176	-42.2957	-31.0816	-11.4198	14.743	32.589	-63.3392	-78.0649	-79.7367	-79.9138	-79.9334
4.11	-70.7455	-69.1566	-68.123	-66.9187	-65.5599	-63.9903	-62.0778	-59.6194	-56.2746	-51.393	-43.829	-33.4305	-32.4985	-50.7134	-57.1422	-58.8881	-59.3522	-59.353	-59.0919	-58.6224	-57.9486	-57.0437	-55.8457	-54.2347	-51.9719	-48.5343	-42.6856	-31.8096	-12.5978	13.5026	31.8859	-62.3242	-77.8942	-79.7141	-79.9112	-79.9331
4.115	-70.7882	-69.1981	-68.166	-66.9675	-65.6183	-64.0632	-62.1719	-59.7461	-56.4548	-51.6683	-44.2614	-33.9357	-31.6197	-50.1526	-56.9875	-58.8448	-59.3431	-59.3599	-59.1098	-58.6502	-57.9869	-57.0945	-55.9131	-54.3266	-52.1048	-48.7455	-43.0635	-32.5169	-13.7578	12.233	31.1163	-61.2497	-77.7203	-79.6904	-79.9084	-79.9327
4.12	-70.8303	-69.2393	-68.2087	-67.0159	-65.6763	-64.1353	-62.2649	-59.871	-56.6319	-51.9379	-44.6855	-34.4416	-30.8358	-49.5609	-56.8229	-58.7988	-59.333	-59.3661	-59.1272	-58.6775	-58.0245	-57.1445	-55.9795	-54.4171	-52.2349	-48.9513	-43.4299	-33.2038	-14.8985	10.9407	30.293	-60.072	-77.5402	-79.6656	-79.9053	-79.9323
4.125	-70.872	-69.2801	-68.251	-67.064	-65.7337	-64.2066	-62.3567	-59.9941	-56.8059	-52.2019	-45.1014	-34.9474	-30.1611	-48.9374	-56.6477	-58.7498	-59.3218	-59.3717	-59.1441	-58.7043	-58.0617	-57.1939	-56.0449	-54.506	-52.3626	-49.1519	-43.7852	-33.8708	-16.0188	9.63068	29.4246	-58.74	-77.3503	-79.6397	-79.9021	-79.9319
4.13	-70.9131	-69.3206	-68.293	-67.1116	-65.7905	-64.2771	-62.4474	-60.1154	-56.977	-52.4605	-45.509	-35.4529	-29.6061	-48.2811	-56.4612	-58.6978	-59.3094	-59.3767	-59.1605	-58.7306	-58.0983	-57.2425	-56.1094	-54.5936	-52.4877	-49.3476	-44.1298	-34.5182	-17.1181	8.30693	28.5173	-57.1884	-77.1458	-79.6123	-79.8986	-79.9314
4.135	-70.9537	-69.3607	-68.3347	-67.1588	-65.8469	-64.3469	-62.537	-60.2351	-57.1451	-52.7138	-45.9082	-35.9578	-29.1761	-47.591	-56.2627	-58.6425	-59.2959	-59.381	-59.1764	-58.7565	-58.1344	-57.2906	-56.173	-54.6797	-52.6105	-49.5385	-44.4641	-35.1464	-18.1955	6.97306	27.5768	-55.3264	-76.9203	-79.5831	-79.8949	-79.9309
4.14	-70.9938	-69.4004	-68.3761	-67.2056	-65.9027	-64.416	-62.6255	-60.353	-57.3104	-52.9619	-46.2992	-36.4623	-28.872	-46.8659	-56.0514	-58.5838	-59.2812	-59.3847	-59.1917	-58.7818	-58.1699	-57.3379	-56.2358	-54.7645	-52.7309	-49.7248	-44.7884	-35.756	-19.2507	5.63233	26.6092	-53.0187	-76.6653	-79.5515	-79.891	-79.9304
4.145	-71.0334	-69.4398	-68.4171	-67.252	-65.958	-64.4843	-62.7129	-60.4694	-57.473	-53.2051	-46.6821	-36.9662	-28.69	-46.1043	-55.8265	-58.5214	-59.2651	-59.3876	-59.2066	-58.8067	-58.2049	-57.3847	-56.2976	-54.848	-52.8491	-49.9067	-45.1031	-36.3472	-20.2832	4.28786	25.6226	-50.0512	-76.3677	-79.5169	-79.8867	-79.9298
4.15	-71.0725	-69.4788	-68.4578	-67.2981	-66.0128	-64.552	-62.7994	-60.5841	-57.6328	-53.4433	-47.0569	-37.4694	-28.623	-45.3049	-55.587	-58.4551	-59.2478	-59.3899	-59.221	-58.8311	-58.2394	-57.4308	-56.3586	-54.9301	-52.9651	-50.0843	-45.4086	-36.9205	-21.2926	2.94272	24.629	-46.0621	-76.0074	-79.4779	-79.882	-79.9291
4.155	-71.1112	-69.5176	-68.4982	-67.3437	-66.0671	-64.6189	-62.8848	-60.6972	-57.7901	-53.6768	-47.4239	-37.9716	-28.6609	-44.4665	-55.3319	-58.3847	-59.2291	-59.3914	-59.2348	-58.855	-58.2733	-57.4762	-56.4187	-55.011	-53.0789	-50.2578	-45.7052	-37.4765	-22.2789	1.60017	23.648	-40.4028	-75.5508	-79.4328	-79.8769	-79.9285
4.16	-71.1493	-69.5559	-68.5383	-67.389	-66.1209	-64.6852	-62.9692	-60.8088	-57.9448	-53.9057	-47.7832	-38.4724	-28.7922	-43.5881	-55.06	-58.3099	-59.2089	-59.3923	-59.2481	-58.8784	-58.3068	-57.521	-56.478	-55.0907	-53.1907	-50.4272	-45.9933	-38.0154	-23.2418	0.263892	22.7145	-31.8597	-74.9383	-79.3785	-79.8711	-79.9277
4.165	-71.1871	-69.594	-68.578	-67.434	-66.1742	-64.7507	-63.0526	-60.9188	-58.097	-54.13	-48.1349	-38.9713	-29.0047	-42.6694	-54.7703	-58.2304	-59.1872	-59.3923	-59.2608	-58.9014	-58.3397	-57.5653	-56.5365	-55.1692	-53.3005	-50.5929	-46.2732	-38.5378	-24.1812	-1.06144	21.8905	-18.3294	-74.0654	-79.3098	-79.8644	-79.9269
4.17	-71.2243	-69.6317	-68.6175	-67.4786	-66.227	-64.8156	-63.135	-61.0274	-58.2467	-54.3501	-48.4792	-39.4676	-29.2861	-41.7112	-54.4614	-58.1458	-59.1639	-59.3917	-59.2731	-58.9238	-58.3722	-57.6089	-56.5941	-55.2464	-53.4083	-50.7548	-46.5451	-39.0441	-25.097	-2.37009	21.2505	1.62661	-72.802	-79.2187	-79.8563	-79.9259
4.175	-71.2611	-69.6691	-68.6566	-67.5228	-66.2794	-64.8799	-63.2165	-61.1346	-58.3941	-54.5658	-48.8163	-39.9607	-29.6247	-40.7154	-54.1321	-58.0559	-59.139	-59.3902	-59.2847	-58.9458	-58.4041	-57.6519	-56.651	-55.3226	-53.5142	-50.9132	-46.8094	-39.5347	-25.9891	-3.65808	20.7415	20.9325	-71.2029	-79.0996	-79.8464	-79.9248
4.18	-71.2975	-69.7062	-68.6955	-67.5667	-66.3313	-64.9435	-63.2971	-61.2403	-58.5392	-54.7775	-49.1463	-40.4498	-30.0095	-39.6857	-53.7811	-57.9604	-59.1123	-59.3879	-59.2959	-58.9673	-58.4355	-57.6943	-56.7071	-55.3975	-53.6182	-51.0681	-47.0664	-40.0102	-26.8575	-4.92662	20.1603	30.3159	-69.5667	-78.9556	-79.8342	-79.9236
4.185	-71.3335	-69.743	-68.7341	-67.6102	-66.3828	-65.0065	-63.3767	-61.3446	-58.682	-54.9851	-49.4693	-40.9343	-30.431	-38.6281	-53.407	-57.8587	-59.0838	-59.3848	-59.3064	-58.9883	-58.4664	-57.7361	-56.7624	-55.4714	-53.7205	-51.2196	-47.3163	-40.4708	-27.7025	-6.17943	19.4015	33.2548	-68.0924	-78.7951	-79.8196	-79.9221
4.19	-71.369	-69.7795	-68.7724	-67.6534	-66.4338	-65.0689	-63.4554	-61.4476	-58.8226	-55.1889	-49.7856	-41.4134	-30.8805	-37.5509	-53.0086	-57.7505	-59.0533	-59.3808	-59.3164	-59.0088	-58.4968	-57.7773	-56.817	-55.5442	-53.821	-51.3679	-47.5594	-40.9172	-28.5245	-7.41916	18.476	33.905	-66.8113	-78.6267	-79.8029	-79.9204
4.195	-71.4042	-69.8156	-68.8104	-67.6962	-66.4844	-65.1306	-63.5333	-61.5492	-58.961	-55.3888	-50.0952	-41.8866	-31.3509	-36.4654	-52.5845	-57.6354	-59.0209	-59.376	-59.3259	-59.0288	-58.5267	-57.818	-56.8708	-55.6159	-53.9197	-51.5131	-47.796	-41.3497	-29.3239	-8.64648	17.4289	33.7881	-65.6795	-78.456	-79.7844	-79.9184
4.2	-71.4389	-69.8515	-68.8481	-67.7387	-66.5345	-65.1918	-63.6103	-61.6496	-59.0974	-55.5851	-50.3983	-42.3532	-31.8362	-35.3857	-52.1336	-57.5128	-58.9863	-59.3703	-59.3347	-59.0484	-58.5561	-57.8581	-56.9239	-55.6865	-54.0169	-51.6552	-48.0263	-41.7687	-30.1012	-9.86058	16.2986	33.3649	-64.6397	-78.2855	-79.7643	-79.9162
4.205	-71.4732	-69.8871	-68.8855	-67.7809	-66.5842	-65.2523	-63.6864	-61.7486	-59.2316	-55.7778	-50.695	-42.8127	-32.3317	-34.3284	-51.6549	-57.3824	-58.9494	-59.3636	-59.343	-59.0674	-58.585	-57.8976	-56.9762	-55.7562	-54.1124	-51.7945	-48.2506	-42.1749	-30.8568	-11.06	15.1106	32.7848	-63.6399	-78.1157	-79.743	-79.9137
4.21	-71.5072	-69.9223	-68.9227	-67.8227	-66.6335	-65.3123	-63.7617	-61.8464	-59.3639	-55.967	-50.9856	-43.2648	-32.8337	-33.3121	-51.1473	-57.2436	-58.9102	-59.3559	-59.3507	-59.086	-58.6135	-57.9366	-57.0279	-55.8248	-54.2063	-51.9309	-48.469	-42.5685	-31.5912	-12.2433	13.8807	32.1056	-62.6348	-77.9455	-79.7206	-79.9109
4.215	-71.5407	-69.9573	-68.9596	-67.8643	-66.6824	-65.3717	-63.8362	-61.9429	-59.4942	-56.1528	-51.27	-43.709	-33.3394	-32.3564	-50.61	-57.0958	-58.8685	-59.3473	-59.3577	-59.104	-58.6414	-57.975	-57.0788	-55.8925	-54.2986	-52.0645	-48.6818	-42.95	-32.3047	-13.4088	12.6192	31.3544	-61.5827	-77.7728	-79.6972	-79.9079
4.22	-71.5739	-69.9921	-68.9962	-67.9055	-66.7308	-65.4305	-63.9099	-62.0382	-59.6226	-56.3354	-51.5485	-44.1451	-33.8471	-31.4806	-50.0422	-56.9385	-58.8241	-59.3377	-59.3642	-59.1216	-58.6689	-58.0128	-57.1291	-55.9591	-54.3895	-52.1955	-48.8892	-43.3199	-32.9977	-14.5555	11.3332	30.5463	-60.441	-77.5949	-79.6728	-79.9047
4.225	-71.6067	-70.0265	-69.0325	-67.9464	-66.7788	-65.4888	-63.9827	-62.1324	-59.7491	-56.5147	-51.8212	-44.5729	-34.3555	-30.702	-49.4429	-56.771	-58.777	-59.3269	-59.37	-59.1386	-58.6958	-58.0501	-57.1786	-56.0249	-54.4789	-52.3239	-49.0914	-43.6785	-33.6707	-15.6821	10.028	29.6908	-59.1616	-77.4084	-79.6472	-79.9012
4.23	-71.6392	-70.0606	-69.0686	-67.987	-66.8265	-65.5465	-64.0548	-62.2253	-59.8738	-56.6908	-52.0882	-44.9923	-34.8641	-30.0348	-48.8115	-56.5928	-58.7269	-59.3151	-59.3752	-59.1552	-58.7223	-58.0869	-57.2275	-56.0897	-54.5669	-52.4498	-49.2886	-44.0263	-34.324	-16.7878	8.70802	28.7947	-57.6845	-77.2089	-79.6202	-79.8975
4.235	-71.6713	-70.0945	-69.1045	-68.0273	-66.8737	-65.6037	-64.1261	-62.3172	-59.9967	-56.864	-52.3496	-45.4033	-35.3723	-29.4889	-48.1468	-56.4031	-58.6736	-59.3021	-59.3797	-59.1713	-58.7483	-58.1231	-57.2758	-56.1535	-54.6534	-52.5733	-49.4809	-44.3636	-34.958	-17.8719	7.37685	27.8636	-55.9279	-76.9906	-79.5916	-79.8935
4.24	-71.7031	-70.1281	-69.1401	-68.0673	-66.9206	-65.6604	-64.1966	-62.4079	-60.1178	-57.0341	-52.6057	-45.8059	-35.8803	-29.0694	-47.4477	-56.2012	-58.617	-59.2879	-59.3836	-59.1868	-58.7738	-58.1588	-57.3233	-56.2165	-54.7386	-52.6944	-49.6686	-44.6909	-35.5732	-18.9339	6.03787	26.9034	-53.7728	-76.7455	-79.5608	-79.8893
4.245	-71.7345	-70.1615	-69.1754	-68.107	-66.9671	-65.7165	-64.2664	-62.4975	-60.2372	-57.2014	-52.8565	-46.2002	-36.3878	-28.7766	-46.7131	-55.9862	-58.5569	-59.2725	-59.3868	-59.2018	-58.7988	-58.194	-57.3702	-56.2786	-54.8225	-52.8133	-49.8518	-45.0085	-36.1699	-19.9732	4.69421	25.9215	-51.0339	-76.4625	-79.5271	-79.8847
4.25	-71.7656	-70.1946	-69.2105	-68.1464	-67.0132	-65.7721	-64.3355	-62.586	-60.3549	-57.3658	-53.1022	-46.5862	-36.8949	-28.6063	-45.9414	-55.7573	-58.4931	-59.2557	-59.3893	-59.2163	-58.8234	-58.2286	-57.4165	-56.3399	-54.9051	-52.9299	-50.0307	-45.3168	-36.7486	-20.9897	3.34894	24.9284	-47.4046	-76.1239	-79.4896	-79.8797
4.255	-71.7963	-70.2274	-69.2453	-68.1856	-67.0589	-65.8272	-64.4039	-62.6734	-60.471	-57.5275	-53.343	-46.9642	-37.4013	-28.5506	-45.1314	-55.5135	-58.4253	-59.2376	-59.3911	-59.2303	-58.8474	-58.2628	-57.4622	-56.4003	-54.9864	-53.0444	-50.2054	-45.6161	-37.3098	-21.983	2.00524	23.9408	-42.3444	-75.7011	-79.4465	-79.8743
4.26	-71.8268	-70.26	-69.2799	-68.2244	-67.1043	-65.8818	-64.4715	-62.7599	-60.5855	-57.6865	-53.5788	-47.3341	-37.9067	-28.5994	-44.2819	-55.2537	-58.3532	-59.2182	-59.3922	-59.2438	-58.871	-58.2964	-57.5072	-56.4598	-55.0664	-53.1568	-50.3761	-45.9067	-37.8538	-22.953	0.666636	22.9879	-34.8496	-75.1443	-79.3954	-79.8682
4.265	-71.8569	-70.2923	-69.3142	-68.263	-67.1493	-65.9359	-64.5384	-62.8452	-60.6984	-57.8429	-53.81	-47.6963	-38.4107	-28.7409	-43.392	-54.9769	-58.2767	-59.1972	-59.3925	-59.2567	-58.8941	-58.3295	-57.5516	-56.5185	-55.1452	-53.2672	-50.5429	-46.189	-38.3812	-23.8995	-0.662574	22.1224	-23.0916	-74.3642	-79.3316	-79.8612
4.27	-71.8867	-70.3244	-69.3483	-68.3012	-67.1939	-65.9895	-64.6047	-62.9296	-60.8097	-57.9968	-54.0366	-48.0508	-38.9126	-28.9626	-42.4617	-54.6818	-58.1953	-59.1747	-59.3921	-59.2691	-58.9167	-58.362	-57.5954	-56.5764	-55.2229	-53.3756	-50.7059	-46.4633	-38.8923	-24.8225	-1.97686	21.4223	-4.91742	-73.2278	-79.2481	-79.853
4.275	-71.9162	-70.3562	-69.3822	-68.3392	-67.2382	-66.0427	-64.6703	-63.013	-60.9196	-58.1482	-54.2588	-48.3978	-39.412	-29.2522	-41.4917	-54.3672	-58.1088	-59.1506	-59.391	-59.2809	-58.9388	-58.3941	-57.6386	-56.6335	-55.2993	-53.482	-50.8653	-46.7299	-39.3877	-25.7217	-3.27119	20.8935	16.0017	-71.7031	-79.1375	-79.843
4.28	-71.9454	-70.3878	-69.4159	-68.377	-67.2821	-66.0954	-64.7352	-63.0955	-61.0279	-58.2971	-54.4766	-48.7375	-39.9079	-29.5978	-40.4845	-54.0318	-58.0169	-59.1248	-59.389	-59.2922	-58.9605	-58.4257	-57.6812	-56.6899	-55.3746	-53.5866	-51.0213	-46.9891	-39.8676	-26.5973	-4.54525	20.3523	28.438	-70.0482	-79.0002	-79.8306
4.285	-71.9743	-70.4191	-69.4493	-68.4145	-67.3257	-66.1476	-64.7995	-63.1769	-61.1349	-58.4437	-54.6903	-49.07	-40.3999	-29.9887	-39.4441	-53.6741	-57.9192	-59.0972	-59.3862	-59.303	-58.9816	-58.4567	-57.7232	-56.7454	-55.4488	-53.6894	-51.1738	-47.2411	-40.3327	-27.4493	-5.80244	19.6495	32.7314	-68.5157	-78.8435	-79.8158
4.29	-72.0029	-70.4503	-69.4825	-68.4517	-67.369	-66.1993	-64.8631	-63.2575	-61.2403	-58.588	-54.8998	-49.3955	-40.887	-30.4152	-38.3771	-53.293	-57.8152	-59.0677	-59.3825	-59.3132	-59.0023	-58.4873	-57.7646	-56.8002	-55.5219	-53.7904	-51.3231	-47.4863	-40.7834	-28.2782	-7.04597	18.7699	33.8266	-67.1791	-78.6767	-79.7986
4.295	-72.0312	-70.4811	-69.5154	-68.4886	-67.4119	-66.2506	-64.9261	-63.3371	-61.3445	-58.73	-55.1055	-49.7141	-41.3687	-30.8691	-37.2925	-52.887	-57.7045	-59.0363	-59.378	-59.3228	-59.0224	-58.5173	-57.8054	-56.8543	-55.594	-53.8897	-51.4692	-47.7248	-41.22	-29.0844	-8.27707	17.7549	33.8665	-66.0083	-78.5061	-79.7793
4.3	-72.0593	-70.5118	-69.5482	-68.5253	-67.4545	-66.3014	-64.9884	-63.4158	-61.4472	-58.8699	-55.3072	-50.0259	-41.8443	-31.3431	-36.2023	-52.4549	-57.5868	-59.0028	-59.3727	-59.3318	-59.0421	-58.5469	-57.8457	-56.9076	-55.665	-53.9874	-51.6123	-47.957	-41.6431	-29.8683	-9.4953	16.6465	33.5127	-64.9466	-78.3353	-79.7581
4.305	-72.0871	-70.5422	-69.5807	-68.5617	-67.4967	-66.3519	-65.0502	-63.4937	-61.5486	-59.0076	-55.5052	-50.3312	-42.3132	-31.8314	-35.1211	-51.9956	-57.4615	-58.9672	-59.3663	-59.3403	-59.0613	-58.576	-57.8854	-56.9601	-55.7349	-54.0833	-51.7524	-48.1831	-42.0531	-30.6305	-10.6993	15.4739	32.9715	-63.9397	-78.1652	-79.7354
4.31	-72.1146	-70.5724	-69.613	-68.5979	-67.5387	-66.4018	-65.1113	-63.5706	-61.6487	-59.1432	-55.6996	-50.63	-42.7749	-32.3295	-34.0663	-51.5079	-57.3281	-58.9292	-59.3591	-59.3482	-59.08	-58.6046	-57.9245	-57.012	-55.8038	-54.1777	-51.8896	-48.4032	-42.4505	-31.3712	-11.8876	14.2553	32.3185	-62.9406	-77.9951	-79.7114
4.315	-72.1418	-70.6024	-69.6451	-68.6338	-67.5803	-66.4514	-65.1719	-63.6467	-61.7475	-59.2767	-55.8904	-50.9225	-43.2289	-32.8337	-33.057	-50.991	-57.1861	-58.8888	-59.3508	-59.3554	-59.0982	-58.6326	-57.9631	-57.0632	-55.8718	-54.2706	-52.0241	-48.6177	-42.8356	-32.091	-13.0587	13.0025	31.587	-61.9069	-77.8232	-79.6861
4.32	-72.1688	-70.6322	-69.677	-68.6695	-67.6216	-66.5005	-65.2318	-63.722	-61.845	-59.4082	-56.0778	-51.2089	-43.6751	-33.3415	-32.1129	-50.4439	-57.0349	-58.8459	-59.3416	-59.3621	-59.116	-58.6602	-58.0011	-57.1136	-55.9388	-54.3619	-52.1559	-48.8267	-43.209	-32.7902	-14.2112	11.7233	30.7949	-60.7969	-77.6469	-79.6597
4.325	-72.1956	-70.6617	-69.7087	-68.705	-67.6626	-66.5492	-65.2912	-63.7965	-61.9413	-59.5378	-56.2618	-51.4892	-44.113	-33.8512	-31.2532	-49.8657	-56.874	-58.8002	-59.3313	-59.3681	-59.1332	-58.6874	-58.0386	-57.1634	-56.0048	-54.4517	-52.285	-49.0305	-43.5709	-33.4692	-15.3439	10.4234	29.9529	-59.5646	-77.4632	-79.6319
4.33	-72.2221	-70.6911	-69.7401	-68.7402	-67.7033	-66.5975	-65.3501	-63.8701	-62.0364	-59.6655	-56.4425	-51.7636	-44.5425	-34.3617	-30.4949	-49.2558	-56.7027	-58.7517	-59.3199	-59.3735	-59.1499	-58.714	-58.0755	-57.2125	-56.0699	-54.5401	-52.4117	-49.2292	-43.922	-34.1284	-16.456	9.10746	29.0684	-58.1544	-77.2678	-79.6027
4.335	-72.2483	-70.7202	-69.7714	-68.7752	-67.7437	-66.6455	-65.4083	-63.9429	-62.1304	-59.7914	-56.6201	-52.0323	-44.9636	-34.8723	-29.8513	-48.613	-56.5204	-58.7001	-59.3074	-59.3783	-59.1661	-58.7401	-58.1119	-57.2609	-56.134	-54.6271	-52.5359	-49.423	-44.2624	-34.7682	-17.5467	7.77929	28.1472	-56.4924	-77.0555	-79.5717
4.34	-72.2743	-70.7492	-69.8025	-68.8099	-67.7838	-66.693	-65.4661	-64.015	-62.2231	-59.9154	-56.7946	-52.2954	-45.3762	-35.3828	-29.3314	-47.9365	-56.3263	-58.6454	-59.2937	-59.3823	-59.1818	-58.7658	-58.1477	-57.3087	-56.1973	-54.7127	-52.6577	-49.612	-44.5927	-35.389	-18.6154	6.44233	27.1952	-54.4731	-76.8191	-79.5384
4.345	-72.3001	-70.7779	-69.8333	-68.8444	-67.8236	-66.7401	-65.5232	-64.0862	-62.3147	-60.0376	-56.9661	-52.553	-45.7803	-35.893	-28.9391	-47.2251	-56.1196	-58.5872	-59.2788	-59.3858	-59.197	-58.7909	-58.1831	-57.3558	-56.2596	-54.797	-52.7773	-49.7966	-44.9132	-35.9913	-19.6617	5.09976	26.2189	-51.9353	-76.5486	-79.5024
4.35	-72.3256	-70.8064	-69.864	-68.8787	-67.8632	-66.7868	-65.5799	-64.1568	-62.4052	-60.158	-57.1346	-52.8053	-46.176	-36.4029	-28.6736	-46.4774	-55.8996	-58.5255	-59.2626	-59.3885	-59.2116	-58.8156	-58.2179	-57.4023	-56.3211	-54.88	-52.8946	-49.9768	-45.2243	-36.5754	-20.6851	3.75465	25.2278	-48.6173	-76.2286	-79.4625
4.355	-72.3509	-70.8347	-69.8945	-68.9127	-67.9024	-66.8332	-65.636	-64.2265	-62.4946	-60.2768	-57.3002	-53.0524	-46.5635	-36.9124	-28.5297	-45.6921	-55.6653	-58.4599	-59.2451	-59.3906	-59.2258	-58.8398	-58.2521	-57.4481	-56.3818	-54.9616	-53.0097	-50.1527	-45.5263	-37.1419	-21.6854	2.41013	24.2362	-44.0664	-75.8348	-79.4174
4.36	-72.376	-70.8629	-69.9248	-68.9466	-67.9413	-66.8792	-65.6916	-64.2956	-62.5829	-60.3939	-57.4631	-53.2945	-46.9427	-37.4212	-28.4989	-44.8679	-55.4158	-58.3902	-59.2262	-59.3919	-59.2394	-58.8635	-58.2859	-57.4933	-56.4416	-55.042	-53.1227	-50.3246	-45.8195	-37.691	-22.6624	1.06958	23.2687	-37.4526	-75.3249	-79.3647
4.365	-72.4008	-70.8908	-69.9548	-68.9802	-67.98	-66.9248	-65.7467	-64.3639	-62.6701	-60.5093	-57.6233	-53.5317	-47.314	-37.9289	-28.5705	-44.0036	-55.1498	-58.3162	-59.2059	-59.3925	-59.2525	-58.8868	-58.3191	-57.5379	-56.5005	-55.1212	-53.2337	-50.4926	-46.1043	-38.2234	-23.6161	-0.262982	22.3694	-27.23	-74.6241	-79.3006
4.37	-72.4255	-70.9186	-69.9847	-69.0136	-68.0184	-66.97	-65.8013	-64.4315	-62.7563	-60.6232	-57.7808	-53.7642	-47.6774	-38.4351	-28.7322	-43.0986	-54.8663	-58.2375	-59.1841	-59.3924	-59.2651	-58.9095	-58.3519	-57.5819	-56.5587	-55.1992	-53.3427	-50.6567	-46.381	-38.7394	-24.5462	-1.5824	21.6117	-11.0863	-73.6082	-79.2183
4.375	-72.4499	-70.9461	-70.0145	-69.0468	-68.0565	-67.0149	-65.8554	-64.4984	-62.8415	-60.7355	-57.9357	-53.992	-48.0331	-38.9391	-28.9715	-42.153	-54.564	-58.154	-59.1607	-59.3914	-59.2771	-58.9318	-58.3841	-57.6252	-56.616	-55.276	-53.4498	-50.8172	-46.6499	-39.2394	-25.4526	-2.88305	21.0434	10.1541	-72.1842	-79.1098
4.38	-72.4741	-70.9735	-70.044	-69.0797	-68.0944	-67.0594	-65.909	-64.5646	-62.9257	-60.8462	-58.0882	-54.2153	-48.3812	-39.4404	-29.2761	-41.1682	-54.2417	-58.0651	-59.1357	-59.3897	-59.2885	-58.9536	-58.4158	-57.668	-56.6726	-55.3517	-53.5549	-50.9742	-46.9113	-39.724	-26.3353	-4.16295	20.5284	25.8182	-70.5335	-78.9719
4.385	-72.4981	-71.0007	-70.0734	-69.1125	-68.132	-67.1036	-65.9622	-64.6302	-63.0089	-60.9555	-58.2381	-54.4343	-48.722	-39.9381	-29.6343	-40.147	-53.8981	-57.9707	-59.1089	-59.3872	-59.2995	-58.9749	-58.447	-57.7102	-56.7284	-55.4262	-53.6583	-51.1278	-47.1655	-40.1936	-27.1944	-5.42482	19.8809	31.9432	-68.9478	-78.8104
4.39	-72.5219	-71.0277	-70.1025	-69.145	-68.1693	-67.1474	-66.0149	-64.695	-63.0911	-61.0632	-58.3857	-54.649	-49.0555	-40.4316	-30.0354	-39.0942	-53.5317	-57.8703	-59.0803	-59.3839	-59.3098	-58.9957	-58.4777	-57.7518	-56.7834	-55.4997	-53.7598	-51.278	-47.4127	-40.6485	-28.0302	-6.67224	19.0512	33.6618	-67.5513	-78.6341
4.395	-72.5455	-71.0545	-70.1315	-69.1774	-68.2064	-67.1909	-66.0671	-64.7593	-63.1724	-61.1696	-58.5309	-54.8596	-49.382	-40.9201	-30.4702	-38.0171	-53.1411	-57.7634	-59.0498	-59.3797	-59.3196	-59.016	-58.5079	-57.7928	-56.8377	-55.572	-53.8596	-51.4251	-47.6532	-41.0894	-28.8432	-7.90708	18.072	33.912	-66.3346	-78.4507
4.4	-72.5689	-71.0812	-70.1603	-69.2095	-68.2432	-67.2341	-66.1188	-64.8229	-63.2527	-61.2745	-58.6739	-55.0662	-49.7015	-41.403	-30.9306	-36.9257	-52.7253	-57.6498	-59.0173	-59.3747	-59.3288	-59.0359	-58.5377	-57.8332	-56.8912	-55.6433	-53.9578	-51.5691	-47.8873	-41.5165	-29.6339	-9.12931	16.9881	33.6442	-65.2441	-78.2645
4.405	-72.5921	-71.1077	-70.189	-69.2414	-68.2798	-67.2769	-66.1701	-64.8858	-63.3321	-61.378	-58.8146	-55.2689	-50.0142	-41.8795	-31.4096	-35.833	-52.2827	-57.5288	-58.9827	-59.3687	-59.3375	-59.0552	-58.5669	-57.8731	-56.944	-55.7136	-54.0542	-51.7101	-48.1152	-41.9304	-30.4025	-10.3378	15.8325	33.1483	-64.2235	-78.0773
4.41	-72.6151	-71.134	-70.2175	-69.2732	-68.3161	-67.3194	-66.2209	-64.9481	-63.4107	-61.4802	-58.9532	-55.4678	-50.3203	-42.3491	-31.9018	-34.7546	-51.8124	-57.4	-58.9458	-59.3618	-59.3455	-59.0741	-58.5956	-57.9124	-56.9961	-55.7828	-54.1491	-51.8482	-48.3371	-42.3315	-31.1497	-11.531	14.6263	32.5244	-63.2237	-77.889
4.415	-72.638	-71.1601	-70.2458	-69.3047	-68.3522	-67.3616	-66.2714	-65.0099	-63.4883	-61.5811	-59.0896	-55.6631	-50.6199	-42.8114	-32.4029	-33.7086	-51.3133	-57.263	-58.9066	-59.3539	-59.353	-59.0924	-58.6238	-57.9511	-57.0475	-55.8511	-54.2424	-51.9835	-48.5533	-42.7203	-31.8758	-12.7074	13.3829	31.8143	-62.2011	-77.6983
4.42	-72.6606	-71.1861	-70.2739	-69.3361	-68.388	-67.4034	-66.3213	-65.071	-63.5651	-61.6806	-59.224	-55.8547	-50.9131	-43.266	-32.9095	-32.7146	-50.7843	-57.117	-58.8649	-59.345	-59.3598	-59.1103	-58.6516	-57.9893	-57.0981	-55.9183	-54.3342	-52.1161	-48.7639	-43.0972	-32.5812	-13.8656	12.1109	31.0392	-61.1141	-77.5029
4.425	-72.6831	-71.2119	-70.3019	-69.3672	-68.4236	-67.445	-66.3709	-65.1315	-63.641	-61.7789	-59.3563	-56.0429	-51.2001	-43.7124	-33.4193	-31.7925	-50.2247	-56.9617	-58.8205	-59.3351	-59.3661	-59.1276	-58.6788	-58.0269	-57.1481	-55.9846	-54.4245	-52.246	-48.9692	-43.4626	-33.2662	-15.0044	10.8167	30.2115	-59.9182	-77.2999
4.43	-72.7054	-71.2375	-70.3297	-69.3982	-68.4589	-67.4862	-66.42	-65.1914	-63.7161	-61.8759	-59.4867	-56.2277	-51.4811	-44.1506	-33.9307	-30.961	-49.6336	-56.7963	-58.7734	-59.3242	-59.3717	-59.1445	-58.7056	-58.064	-57.1974	-56.05	-54.5133	-52.3734	-49.1694	-43.8169	-33.9314	-16.1228	9.50523	29.3394	-58.5609	-77.0854
4.435	-72.7275	-71.263	-70.3573	-69.429	-68.4941	-67.5271	-66.4688	-65.2508	-63.7903	-61.9717	-59.6151	-56.4092	-51.7561	-44.5802	-34.4428	-30.2361	-49.0102	-56.6203	-58.7234	-59.3121	-59.3766	-59.1609	-58.7319	-58.1006	-57.246	-56.1144	-54.6007	-52.4984	-49.3647	-44.1605	-34.577	-17.2201	8.18038	28.4289	-56.9744	-76.8542
4.44	-72.7495	-71.2883	-70.3848	-69.4596	-68.5289	-67.5677	-66.5171	-65.3096	-63.8638	-62.0663	-59.7416	-56.5875	-52.0253	-45.0014	-34.955	-29.6299	-48.3534	-56.4329	-58.6702	-59.2989	-59.3809	-59.1767	-58.7577	-58.1366	-57.294	-56.1779	-54.6867	-52.6209	-49.5552	-44.4939	-35.2035	-18.2955	6.84575	27.4858	-55.0633	-76.5996
4.445	-72.7712	-71.3135	-70.4121	-69.49	-68.5636	-67.6081	-66.565	-65.3678	-63.9364	-62.1597	-59.8663	-56.7627	-52.2889	-45.414	-35.4672	-29.1498	-47.6623	-56.2334	-58.6137	-59.2844	-59.3846	-59.1921	-58.783	-58.1721	-57.3413	-56.2406	-54.7714	-52.7412	-49.7411	-44.8173	-35.8113	-19.3485	5.50456	26.5166	-52.6847	-76.312
4.45	-72.7929	-71.3385	-70.4393	-69.5202	-68.598	-67.6481	-66.6125	-65.4255	-64.0083	-62.252	-59.9892	-56.9348	-52.547	-45.8181	-35.9792	-28.7982	-46.9355	-56.021	-58.5538	-59.2688	-59.3876	-59.2069	-58.8078	-58.2071	-57.388	-56.3023	-54.8548	-52.8591	-49.9226	-45.1312	-36.4009	-20.3788	4.15993	25.5295	-49.6102	-75.9772
4.455	-72.8143	-71.3633	-70.4663	-69.5503	-68.6322	-67.6878	-66.6596	-65.4827	-64.0794	-62.3431	-60.1104	-57.104	-52.7998	-46.2137	-36.491	-28.5726	-46.1718	-55.7948	-58.4901	-59.2518	-59.3898	-59.2212	-58.8322	-58.2415	-57.434	-56.3632	-54.9368	-52.9749	-50.0998	-45.4358	-36.9726	-21.3861	2.81495	24.5372	-45.4516	-75.5729
4.46	-72.8356	-71.388	-70.4932	-69.5802	-68.6662	-67.7273	-66.7063	-65.5393	-64.1497	-62.4331	-60.2298	-57.2703	-53.0474	-46.6011	-37.0022	-28.4666	-45.3698	-55.5539	-58.4225	-59.2335	-59.3914	-59.235	-58.8561	-58.2754	-57.4794	-56.4233	-55.0176	-53.0886	-50.2729	-45.7317	-37.5269	-22.3702	1.47291	23.5609	-39.5068	-75.0618
4.465	-72.8567	-71.4126	-70.5199	-69.6099	-68.7	-67.7665	-66.7527	-65.5954	-64.2193	-62.522	-60.3475	-57.4338	-53.2898	-46.9802	-37.5127	-28.4708	-44.5283	-55.2972	-58.3506	-59.2137	-59.3923	-59.2482	-58.8794	-58.3088	-57.5242	-56.4825	-55.0972	-53.2002	-50.442	-46.019	-38.0643	-23.3309	0.137605	22.6382	-30.4613	-74.3775
4.47	-72.8777	-71.437	-70.5464	-69.6394	-68.7336	-67.8053	-66.7987	-65.6509	-64.2882	-62.6099	-60.4636	-57.5945	-53.5274	-47.3513	-38.0221	-28.5737	-43.6461	-55.0236	-58.2743	-59.1925	-59.3924	-59.2609	-58.9023	-58.3417	-57.5683	-56.5409	-55.1755	-53.3097	-50.6073	-46.2981	-38.5852	-24.2681	-1.18615	21.8348	-16.1138	-73.4051
4.475	-72.8985	-71.4612	-70.5728	-69.6687	-68.7669	-67.8439	-66.8443	-65.706	-64.3563	-62.6966	-60.578	-57.7526	-53.7602	-47.7146	-38.5297	-28.763	-42.7231	-54.732	-58.1933	-59.1698	-59.3917	-59.2731	-58.9247	-58.3741	-57.6119	-56.5985	-55.2527	-53.4174	-50.7689	-46.5693	-39.09	-25.1817	-2.49257	21.2201	4.43266	-72.0161
4.48	-72.9192	-71.4853	-70.5991	-69.6979	-68.8	-67.8823	-66.8895	-65.7606	-64.4238	-62.7824	-60.6909	-57.908	-53.9884	-48.0701	-39.035	-29.0258	-41.7596	-54.421	-58.1071	-59.1455	-59.3903	-59.2848	-58.9467	-58.4059	-57.6548	-56.6553	-55.3287	-53.5231	-50.927	-46.833	-39.5793	-26.0715	-3.77829	20.7134	22.716	-70.3007
4.485	-72.9397	-71.5093	-70.6252	-69.727	-68.8329	-67.9204	-66.9344	-65.8146	-64.4905	-62.8671	-60.8022	-58.061	-54.212	-48.4181	-39.5373	-29.3502	-40.7577	-54.0893	-58.0156	-59.1194	-59.3881	-59.2959	-58.9681	-58.4373	-57.6972	-56.7113	-55.4036	-53.627	-51.0815	-47.0893	-40.0533	-26.9377	-5.04506	20.1124	30.9448	-68.5592
4.49	-72.9601	-71.5331	-70.6512	-69.7558	-68.8657	-67.9582	-66.979	-65.8682	-64.5565	-62.9509	-60.912	-58.2114	-54.4313	-48.7586	-40.0357	-29.7245	-39.7208	-53.7356	-57.9182	-59.0916	-59.385	-59.3064	-58.9891	-58.4682	-57.7389	-56.7666	-55.4773	-53.7291	-51.2328	-47.3386	-40.5126	-27.7805	-6.29659	19.3306	33.432	-66.9663
4.495	-72.9803	-71.5568	-70.677	-69.7845	-68.8982	-67.9957	-67.0232	-65.9213	-64.6219	-63.0336	-61.0203	-58.3595	-54.6462	-49.0919	-40.5297	-30.1387	-38.6548	-53.3585	-57.8147	-59.0619	-59.3811	-59.3164	-59.0096	-58.4985	-57.7801	-56.8211	-55.55	-53.8294	-51.3808	-47.5811	-40.9577	-28.6003	-7.53529	18.3874	33.9373	-65.5394
4.5	-73.0004	-71.5803	-70.7027	-69.813	-68.9305	-68.033	-67.067	-65.974	-64.6867	-63.1154	-61.1272	-58.5052	-54.8571	-49.4181	-41.0184	-30.5837	-37.568	-52.9567	-57.7045	-59.0303	-59.3764	-59.3258	-59.0295	-58.5284	-57.8207	-56.8748	-55.6216	-53.928	-51.5257	-47.8171	-41.3889	-29.3976	-8.76158	17.3283	33.7704	-64.2302
4.505	-73.0203	-71.6037	-70.7282	-69.8414	-68.9626	-68.07	-67.1105	-66.0262	-64.7507	-63.1963	-61.2326	-58.6486	-55.0639	-49.7374	-41.5011	-31.0518	-36.4717	-52.5288	-57.5873	-58.9965	-59.3707	-59.3346	-59.049	-58.5578	-57.8608	-56.9278	-55.6922	-54.025	-51.6676	-48.0468	-41.8067	-30.1729	-9.97452	16.19	33.3272	-62.9777
4.51	-73.0401	-71.627	-70.7536	-69.8696	-68.9945	-68.1068	-67.1537	-66.0779	-64.8141	-63.2762	-61.3366	-58.7897	-55.2669	-50.0498	-41.9774	-31.5366	-35.3799	-52.0738	-57.4625	-58.9607	-59.3641	-59.3428	-59.068	-58.5866	-57.9002	-56.9801	-55.7617	-54.1204	-51.8065	-48.2705	-42.2117	-30.9265	-11.1726	14.9966	32.7388	-61.7221
4.515	-73.0598	-71.6501	-70.7789	-69.8976	-69.0262	-68.1433	-67.1965	-66.1291	-64.8769	-63.3552	-61.4393	-58.9287	-55.466	-50.3556	-42.4465	-32.0332	-34.3094	-51.5903	-57.3298	-58.9225	-59.3566	-59.3505	-59.0865	-58.615	-57.9391	-57.0317	-55.8303	-54.2141	-51.9427	-48.4884	-42.6041	-31.6589	-12.3544	13.7629	32.0574	-60.4047
4.52	-73.0793	-71.6731	-70.804	-69.9255	-69.0577	-68.1796	-67.239	-66.18	-64.9391	-63.4333	-61.5406	-59.0656	-55.6614	-50.6548	-42.9081	-32.5373	-33.2793	-51.0775	-57.1884	-58.8819	-59.3481	-59.3575	-59.1046	-58.6429	-57.9775	-57.0826	-55.8978	-54.3064	-52.0761	-48.7007	-42.9846	-32.3705	-13.5183	12.4987	31.3086	-58.9616
4.525	-73.0987	-71.696	-70.829	-69.9532	-69.0891	-68.2156	-67.2812	-66.2303	-65.0007	-63.5106	-61.6406	-59.2003	-55.8533	-50.9477	-43.3618	-33.0462	-32.3093	-50.5343	-57.0379	-58.8387	-59.3386	-59.3639	-59.1221	-58.6703	-58.0153	-57.1328	-55.9644	-54.3971	-52.2068	-48.9076	-43.3534	-33.0616	-14.6631	11.2108	30.5073	-57.3163
4.53	-73.118	-71.7187	-70.8539	-69.9808	-69.1202	-68.2514	-67.323	-66.2803	-65.0616	-63.587	-61.7394	-59.333	-56.0417	-51.2344	-43.8073	-33.5578	-31.4193	-49.96	-56.8777	-58.7928	-59.328	-59.3697	-59.1391	-58.6972	-58.0526	-57.1823	-56.0301	-54.4864	-52.335	-49.1094	-43.711	-33.7327	-15.7878	9.90461	29.664	-55.3669
4.535	-73.1372	-71.7414	-70.8786	-70.0082	-69.1512	-68.2869	-67.3646	-66.3298	-65.122	-63.6625	-61.8368	-59.4638	-56.2266	-51.515	-44.2443	-34.0707	-30.627	-49.3537	-56.7072	-58.7441	-59.3163	-59.3749	-59.1556	-58.7237	-58.0893	-57.2311	-56.0948	-54.5742	-52.4607	-49.3061	-44.0578	-34.3842	-16.8915	8.58426	28.7873	-52.9653
4.54	-73.1562	-71.7638	-70.9032	-70.0355	-69.182	-68.3223	-67.4058	-66.3789	-65.1818	-63.7372	-61.9331	-59.5926	-56.4083	-51.7896	-44.6728	-34.5841	-29.9472	-48.7145	-56.5256	-58.6923	-59.3035	-59.3794	-59.1716	-58.7496	-58.1255	-57.2793	-56.1586	-54.6607	-52.584	-49.498	-44.3942	-35.0165	-17.9734	7.2536	27.8868	-49.8789
4.545	-73.1751	-71.7862	-70.9277	-70.0627	-69.2126	-68.3573	-67.4468	-66.4276	-65.241	-63.8111	-62.0281	-59.7194	-56.5867	-52.0585	-45.0927	-35.0977	-29.3902	-48.0413	-56.3323	-58.6373	-59.2895	-59.3833	-59.1871	-58.7751	-58.1611	-57.3268	-56.2215	-54.7457	-52.7049	-49.6853	-44.7206	-35.6299	-19.0332	5.91618	26.975	-45.7142
4.55	-73.1938	-71.8084	-70.952	-70.0896	-69.243	-68.3922	-67.4874	-66.4759	-65.2997	-63.8841	-62.1219	-59.8445	-56.762	-52.3217	-45.5041	-35.6112	-28.9612	-47.3331	-56.1265	-58.579	-59.2743	-59.3865	-59.2021	-58.8	-58.1962	-57.3736	-56.2835	-54.8295	-52.8235	-49.8681	-45.0373	-36.2249	-20.0702	4.57562	26.0723	-39.7565
4.555	-73.2125	-71.8306	-70.9762	-70.1165	-69.2732	-68.4268	-67.5277	-66.5238	-65.3578	-63.9564	-62.2146	-59.9677	-56.9343	-52.5794	-45.9069	-36.1246	-28.6607	-46.5886	-55.9074	-58.517	-59.2578	-59.389	-59.2165	-58.8245	-58.2308	-57.4199	-56.3447	-54.9119	-52.94	-50.0466	-45.3447	-36.8019	-21.0842	3.23591	25.2146	-30.6492
4.56	-73.231	-71.8526	-71.0003	-70.1432	-69.3033	-68.4612	-67.5678	-66.5713	-65.4153	-64.0279	-62.3061	-60.0891	-57.1035	-52.8317	-46.3012	-36.6377	-28.4844	-45.8064	-55.674	-58.4512	-59.24	-59.3908	-59.2305	-58.8485	-58.2649	-57.4654	-56.405	-54.9931	-53.0543	-50.2209	-45.6432	-37.3615	-22.0749	1.90202	24.4662	-16.0507
4.565	-73.2495	-71.8744	-71.0243	-70.1697	-69.3332	-68.4954	-67.6075	-66.6184	-65.4723	-64.0987	-62.3964	-60.2089	-57.2699	-53.0789	-46.6873	-37.1503	-28.4245	-44.9851	-55.4254	-58.3813	-59.2208	-59.3918	-59.2439	-58.8721	-58.2984	-57.5104	-56.4644	-55.073	-53.1665	-50.3912	-45.933	-37.9039	-23.0419	0.579845	23.8969	5.15499
4.57	-73.2678	-71.8962	-71.0481	-70.1961	-69.3629	-68.5293	-67.647	-66.6651	-65.5288	-64.1687	-62.4857	-60.3269	-57.4335	-53.321	-47.0651	-37.6619	-28.4706	-44.1236	-55.1604	-58.307	-59.2002	-59.3922	-59.2568	-58.8951	-58.3315	-57.5547	-56.5231	-55.1517	-53.2767	-50.5577	-46.2146	-38.4296	-23.9851	-0.727064	23.4264	24.0297
4.575	-73.2859	-71.9178	-71.0718	-70.2224	-69.3924	-68.5631	-67.6861	-66.7114	-65.5848	-64.2379	-62.5739	-60.4432	-57.5943	-53.5582	-47.435	-38.1723	-28.6106	-43.2211	-54.8779	-58.2282	-59.1781	-59.3918	-59.2691	-58.9177	-58.364	-57.5985	-56.5809	-55.2293	-53.3849	-50.7204	-46.4882	-38.9392	-24.9044	-2.0201	22.8549	32.4281
4.58	-73.304	-71.9394	-71.0954	-70.2486	-69.4218	-68.5966	-67.725	-66.7574	-65.6402	-64.3064	-62.6611	-60.5579	-57.7525	-53.7905	-47.797	-38.6807	-28.8319	-42.2778	-54.5767	-58.1444	-59.1543	-59.3906	-59.2809	-58.9397	-58.396	-57.6416	-56.638	-55.3056	-53.4912	-50.8795	-46.7541	-39.4329	-25.8	-3.30241	22.1035	35.0483
4.585	-73.322	-71.9608	-71.1189	-70.2746	-69.451	-68.6299	-67.7637	-66.803	-65.6951	-64.3742	-62.7472	-60.6711	-57.908	-54.0183	-48.1512	-39.1864	-29.1219	-41.2945	-54.2555	-58.0554	-59.129	-59.3887	-59.2922	-58.9613	-58.4275	-57.6841	-56.6942	-55.3808	-53.5956	-51.0351	-47.0126	-39.9114	-26.6722	-4.57572	21.1954	35.7055
4.59	-73.3398	-71.9821	-71.1423	-70.3004	-69.48	-68.663	-67.802	-66.8482	-65.7496	-64.4414	-62.8322	-60.7826	-58.061	-54.2415	-48.4979	-39.6889	-29.4687	-40.2741	-53.9129	-57.9607	-59.1018	-59.3859	-59.3029	-58.9824	-58.4585	-57.7261	-56.7497	-55.4549	-53.6982	-51.1873	-47.2639	-40.375	-27.5213	-5.83986	20.1756	35.6833
4.595	-73.3576	-72.0033	-71.1655	-70.3261	-69.5089	-68.6959	-67.8401	-66.893	-65.8035	-64.5078	-62.9163	-60.8927	-58.2115	-54.4604	-48.8372	-40.1872	-29.8611	-39.221	-53.5476	-57.8601	-59.0729	-59.3823	-59.3131	-59.0031	-58.4891	-57.7674	-56.8044	-55.5279	-53.7991	-51.3363	-47.5085	-40.8242	-28.3478	-7.09345	19.0786	35.3696
4.6	-73.3752	-72.0243	-71.1886	-70.3517	-69.5377	-68.7286	-67.8779	-66.9376	-65.857	-64.5735	-62.9994	-61.0012	-58.3596	-54.675	-49.1693	-40.6806	-30.2896	-38.1422	-53.1582	-57.753	-59.042	-59.3778	-59.3226	-59.0232	-58.5191	-57.8082	-56.8584	-55.5999	-53.8982	-51.4821	-47.7464	-41.2595	-29.152	-8.33466	17.9264	34.8973
4.605	-73.3928	-72.0453	-71.2117	-70.3772	-69.5662	-68.7611	-67.9155	-66.9817	-65.91	-64.6386	-63.0815	-61.1083	-58.5054	-54.8855	-49.4942	-41.1685	-30.7456	-37.0474	-52.7434	-57.6391	-59.0092	-59.3725	-59.3316	-59.0428	-58.5486	-57.8484	-56.9116	-55.6707	-53.9957	-51.6249	-47.978	-41.6813	-29.9342	-9.56162	16.7324	34.3216
4.61	-73.4102	-72.0661	-71.2346	-70.4025	-69.5946	-68.7934	-67.9528	-67.0255	-65.9625	-64.703	-63.1627	-61.214	-58.6488	-55.0919	-49.8122	-41.6502	-31.2219	-35.9492	-52.3019	-57.5179	-58.9741	-59.3662	-59.34	-59.062	-58.5776	-57.8881	-56.9641	-55.7406	-54.0915	-51.7647	-48.2035	-42.09	-30.6947	-10.7726	15.5052	33.6703
4.615	-73.4275	-72.0869	-71.2573	-70.4277	-69.6228	-68.8255	-67.9898	-67.069	-66.0145	-64.7667	-63.2429	-61.3183	-58.79	-55.2945	-50.1235	-42.1251	-31.7128	-34.863	-51.8324	-57.3889	-58.9369	-59.359	-59.3479	-59.0806	-58.6061	-57.9271	-57.0159	-55.8094	-54.1858	-51.9017	-48.4231	-42.4862	-31.434	-11.9662	14.2509	32.9585
4.62	-73.4447	-72.1075	-71.28	-70.4528	-69.6509	-68.8574	-68.0266	-67.1122	-66.0661	-64.8299	-63.3222	-61.4211	-58.929	-55.4933	-50.428	-42.5927	-32.2136	-33.8068	-51.334	-57.2515	-58.8973	-59.3508	-59.3551	-59.0988	-58.6342	-57.9657	-57.067	-55.8773	-54.2785	-52.0359	-48.637	-42.8702	-32.1524	-13.1411	12.974	32.1949
4.625	-73.4619	-72.1281	-71.3026	-70.4778	-69.6789	-68.8891	-68.0631	-67.155	-66.1173	-64.8924	-63.4006	-61.5227	-59.0659	-55.6883	-50.7261	-43.0525	-32.7208	-32.8002	-50.8057	-57.1053	-58.8552	-59.3416	-59.3617	-59.1165	-58.6617	-58.0036	-57.1174	-55.9442	-54.3697	-52.1675	-48.8456	-43.2425	-32.8502	-14.2961	11.6782	31.3848
4.63	-73.4789	-72.1485	-71.325	-70.5026	-69.7067	-68.9206	-68.0994	-67.1974	-66.168	-64.9542	-63.4781	-61.6229	-59.2007	-55.8798	-51.0177	-43.5042	-33.2318	-31.8634	-50.2465	-56.9497	-58.8104	-59.3314	-59.3677	-59.1336	-58.6888	-58.041	-57.1671	-56.0101	-54.4594	-52.2964	-49.0488	-43.6035	-33.5278	-15.4305	10.3669	30.5314
4.635	-73.4958	-72.1688	-71.3474	-70.5273	-69.7343	-68.952	-68.1354	-67.2396	-66.2182	-65.0155	-63.5548	-61.7218	-59.3334	-56.0678	-51.3032	-43.9476	-33.7448	-31.0153	-49.6556	-56.784	-58.7629	-59.3201	-59.3731	-59.1503	-58.7154	-58.0779	-57.2162	-56.0751	-54.5476	-52.4228	-49.247	-43.9535	-34.1856	-16.5435	9.04287	29.6367
4.64	-73.5127	-72.1891	-71.3696	-70.5519	-69.7618	-68.9831	-68.1712	-67.2814	-66.2681	-65.0762	-63.6306	-61.8195	-59.4642	-56.2524	-51.5826	-44.3825	-34.2589	-30.2727	-49.0322	-56.6076	-58.7124	-59.3077	-59.3778	-59.1664	-58.7415	-58.1143	-57.2645	-56.1392	-54.6345	-52.5468	-49.4404	-44.293	-34.824	-17.6344	7.70897	28.7022
4.645	-73.5294	-72.2092	-71.3918	-70.5763	-69.7891	-69.0141	-68.2068	-67.323	-66.3175	-65.1363	-63.7056	-61.9159	-59.593	-56.4337	-51.8561	-44.8088	-34.7735	-29.6483	-48.3752	-56.4198	-58.6587	-59.2942	-59.3819	-59.1821	-58.7671	-58.1501	-57.3122	-56.2023	-54.72	-52.6685	-49.629	-44.6224	-35.4434	-18.7028	6.36778	27.7288
4.65	-73.5461	-72.2292	-71.4138	-70.6006	-69.8163	-69.0448	-68.2421	-67.3642	-66.3665	-65.1958	-63.7797	-62.0111	-59.7199	-56.6118	-52.1238	-45.2264	-35.2881	-29.15	-47.6837	-56.2199	-58.6018	-59.2794	-59.3853	-59.1972	-58.7922	-58.1853	-57.3593	-56.2646	-54.8041	-52.7878	-49.8132	-44.9421	-36.0442	-19.7484	5.02177	26.7175
4.655	-73.5627	-72.2492	-71.4357	-70.6249	-69.8433	-69.0754	-68.2772	-67.4051	-66.4151	-65.2547	-63.853	-62.1051	-59.845	-56.7868	-52.3859	-45.6355	-35.8027	-28.781	-46.9563	-56.007	-58.5413	-59.2634	-59.388	-59.2118	-58.8168	-58.2201	-57.4057	-56.326	-54.887	-52.9049	-49.9929	-45.2523	-36.627	-20.7708	3.67335	25.6692
4.66	-73.5791	-72.269	-71.4575	-70.649	-69.8702	-69.1058	-68.3121	-67.4457	-66.4632	-65.3131	-63.9256	-62.1979	-59.9682	-56.9587	-52.6425	-46.036	-36.3171	-28.5392	-46.1918	-55.7802	-58.4771	-59.246	-59.39	-59.226	-58.841	-58.2543	-57.4515	-56.3866	-54.9685	-53.0198	-50.1685	-45.5534	-37.192	-21.77	2.32485	24.5848
4.665	-73.5955	-72.2887	-71.4792	-70.6729	-69.897	-69.1361	-68.3467	-67.486	-66.511	-65.3709	-63.9973	-62.2896	-60.0896	-57.1276	-52.8937	-46.4281	-36.8312	-28.4187	-45.3889	-55.5387	-58.409	-59.2274	-59.3913	-59.2395	-58.8646	-58.288	-57.4966	-56.4463	-55.0488	-53.1326	-50.34	-45.8459	-37.7398	-22.7458	0.978498	23.4653
4.67	-73.6118	-72.3084	-71.5009	-70.6968	-69.9236	-69.1661	-68.3812	-67.5261	-66.5584	-65.4282	-64.0683	-62.3801	-60.2093	-57.2937	-53.1398	-46.8119	-37.3447	-28.4102	-44.5461	-55.2813	-58.3366	-59.2073	-59.3919	-59.2526	-58.8878	-58.3212	-57.5411	-56.5052	-55.1279	-53.2434	-50.5076	-46.1299	-38.2708	-23.6982	-0.363555	22.3118
4.675	-73.628	-72.3279	-71.5224	-70.7206	-69.9501	-69.196	-68.4154	-67.5658	-66.6054	-65.485	-64.1385	-62.4696	-60.3274	-57.4569	-53.3808	-47.1875	-37.857	-28.5023	-43.6626	-55.007	-58.2597	-59.1857	-59.3917	-59.2651	-58.9105	-58.3539	-57.5851	-56.5633	-55.2058	-53.3522	-50.6714	-46.4059	-38.7855	-24.6274	-1.69925	21.1256
4.68	-73.6441	-72.3474	-71.5438	-70.7442	-69.9764	-69.2257	-68.4493	-67.6052	-66.652	-65.5412	-64.208	-62.5579	-60.4437	-57.6174	-53.617	-47.5551	-38.3678	-28.6825	-42.738	-54.7145	-58.1781	-59.1625	-59.3908	-59.2771	-58.9328	-58.3861	-57.6284	-56.6206	-55.2825	-53.4591	-50.8316	-46.6741	-39.2843	-25.5332	-3.02663	19.9081
4.685	-73.6602	-72.3667	-71.5651	-70.7677	-70.0027	-69.2553	-68.4831	-67.6444	-66.6982	-65.5969	-64.2768	-62.6452	-60.5584	-57.7753	-53.8484	-47.9149	-38.8763	-28.9381	-41.7727	-54.4026	-58.0913	-59.1378	-59.3891	-59.2885	-58.9545	-58.4177	-57.6711	-56.6771	-55.358	-53.5641	-50.9883	-46.9349	-39.7677	-26.416	-4.34383	18.6608
4.69	-73.6761	-72.386	-71.5863	-70.7911	-70.0287	-69.2847	-68.5166	-67.6833	-66.7441	-65.6521	-64.3448	-62.7314	-60.6715	-57.9305	-54.0751	-48.2671	-39.3819	-29.2568	-40.7686	-54.0699	-57.9991	-59.1113	-59.3866	-59.2994	-58.9757	-58.4489	-57.7132	-56.7328	-55.4325	-53.6673	-51.1415	-47.1884	-40.2361	-27.276	-5.64912	17.3856
4.695	-73.692	-72.4052	-71.6074	-70.8144	-70.0547	-69.3139	-68.55	-67.7219	-66.7896	-65.7068	-64.4121	-62.8167	-60.7831	-58.0832	-54.2974	-48.6117	-39.8837	-29.6268	-39.7293	-53.7151	-57.901	-59.083	-59.3832	-59.3097	-58.9965	-58.4796	-57.7547	-56.7877	-55.5058	-53.7687	-51.2915	-47.435	-40.69	-28.1132	-6.94087	16.0842
4.7	-73.7078	-72.4242	-71.6285	-70.8376	-70.0805	-69.3429	-68.5831	-67.7602	-66.8347	-65.761	-64.4788	-62.9009	-60.8932	-58.2334	-54.5153	-48.9489	-40.3811	-30.0379	-38.6605	-53.3368	-57.7967	-59.0529	-59.3791	-59.3194	-59.0168	-58.5097	-57.7957	-56.8419	-55.578	-53.8683	-51.4382	-47.6749	-41.1298	-28.928	-8.21758	14.7587
4.705	-73.7235	-72.4432	-71.6494	-70.8607	-70.1062	-69.3718	-68.616	-67.7983	-66.8795	-65.8147	-64.5447	-62.9841	-61.0017	-58.3812	-54.729	-49.2789	-40.8732	-30.4809	-37.5705	-52.9336	-57.6858	-59.0208	-59.374	-59.3286	-59.0366	-58.5394	-57.8361	-56.8954	-55.6492	-53.9663	-51.5819	-47.9085	-41.5561	-29.7208	-9.47786	13.4112
4.71	-73.7392	-72.4621	-71.6702	-70.8837	-70.1317	-69.4005	-68.6487	-67.8361	-66.9239	-65.8679	-64.61	-63.0663	-61.1088	-58.5267	-54.9386	-49.6018	-41.3595	-30.9478	-36.4706	-52.5042	-57.5677	-58.9866	-59.368	-59.3372	-59.0559	-58.5686	-57.8759	-56.9481	-55.7194	-54.0626	-51.7227	-48.1358	-41.9692	-30.4916	-10.7205	12.0441
4.715	-73.7547	-72.481	-71.691	-70.9065	-70.1571	-69.4291	-68.6812	-67.8736	-66.9679	-65.9207	-64.6746	-63.1476	-61.2144	-58.6698	-55.1442	-49.9178	-41.8392	-31.4322	-35.3749	-52.0475	-57.4421	-58.9502	-59.3611	-59.3452	-59.0747	-58.5972	-57.9151	-57.0001	-55.7886	-54.1573	-51.8605	-48.3573	-42.3696	-31.241	-11.9442	10.6597
4.72	-73.7702	-72.4997	-71.7116	-70.9293	-70.1824	-69.4575	-68.7136	-67.9109	-67.0117	-65.9729	-64.7385	-63.228	-61.3187	-58.8107	-55.3459	-50.2271	-42.3119	-31.9288	-34.3003	-51.5622	-57.3084	-58.9115	-59.3533	-59.3526	-59.093	-58.6254	-57.9538	-57.0514	-55.8567	-54.2505	-51.9955	-48.573	-42.7578	-31.9693	-13.1482	9.2605
4.725	-73.7856	-72.5183	-71.7322	-70.9519	-70.2076	-69.4858	-68.7457	-67.9479	-67.055	-66.0248	-64.8018	-63.3074	-61.4215	-58.9495	-55.5438	-50.5297	-42.777	-32.4335	-33.2657	-51.0473	-57.166	-58.8704	-59.3445	-59.3594	-59.1108	-58.6531	-57.9919	-57.102	-55.9239	-54.3421	-52.1279	-48.7831	-43.134	-32.6768	-14.3314	7.84905
4.73	-73.8009	-72.5369	-71.7526	-70.9745	-70.2326	-69.5139	-68.7776	-67.9847	-67.0981	-66.0761	-64.8645	-63.3859	-61.5231	-59.0861	-55.738	-50.8258	-43.2341	-32.9433	-32.2913	-50.5018	-57.0145	-58.8266	-59.3346	-59.3656	-59.1281	-58.6803	-58.0295	-57.1519	-55.9901	-54.4323	-52.2576	-48.988	-43.4989	-33.3638	-15.4932	6.42798
4.735	-73.8162	-72.5554	-71.773	-70.9969	-70.2575	-69.5418	-68.8093	-68.0212	-67.1408	-66.1271	-64.9266	-63.4636	-61.6233	-59.2206	-55.9287	-51.1156	-43.683	-33.4561	-31.3969	-49.925	-56.8531	-58.7802	-59.3237	-59.3712	-59.1449	-58.7071	-58.0666	-57.2012	-56.0554	-54.521	-52.3848	-49.1878	-43.8526	-34.0309	-16.6328	4.99993
4.74	-73.8313	-72.5738	-71.7933	-71.0193	-70.2823	-69.5696	-68.8409	-68.0575	-67.1832	-66.1776	-64.9881	-63.5404	-61.7222	-59.353	-56.1159	-51.3992	-44.1234	-33.9704	-30.6005	-49.316	-56.6813	-58.7308	-59.3116	-59.3761	-59.1612	-58.7333	-58.1031	-57.2497	-56.1197	-54.6082	-52.5095	-49.3827	-44.1958	-34.6783	-17.7498	3.56759
4.745	-73.8464	-72.5921	-71.8135	-71.0415	-70.307	-69.5973	-68.8722	-68.0935	-67.2253	-66.2276	-65.0489	-63.6163	-61.8198	-59.4835	-56.2997	-51.6768	-44.5553	-34.4855	-29.9169	-48.6738	-56.4985	-58.6784	-59.2985	-59.3804	-59.177	-58.759	-58.139	-57.2976	-56.1831	-54.6941	-52.6319	-49.5728	-44.5287	-35.3066	-18.8436	2.13363
4.75	-73.8615	-72.6103	-71.8336	-71.0636	-70.3316	-69.6248	-68.9034	-68.1293	-67.267	-66.2772	-65.1092	-63.6913	-61.9162	-59.6121	-56.4803	-51.9485	-44.9785	-35.0009	-29.3565	-47.9974	-56.3038	-58.6228	-59.2841	-59.384	-59.1923	-58.7843	-58.1745	-57.3449	-56.2457	-54.7787	-52.7519	-49.7584	-44.8517	-35.916	-19.9138	0.700693
4.755	-73.8764	-72.6285	-71.8536	-71.0857	-70.356	-69.6521	-68.9343	-68.1649	-67.3085	-66.3264	-65.1689	-63.7656	-62.0114	-59.7387	-56.6576	-52.2144	-45.393	-35.5164	-28.9248	-47.2857	-56.0965	-58.5637	-59.2685	-59.3869	-59.2071	-58.8091	-58.2094	-57.3915	-56.3074	-54.8619	-52.8696	-49.9395	-45.1652	-36.5071	-20.9604	-0.728613
4.76	-73.8913	-72.6465	-71.8735	-71.1076	-70.3803	-69.6793	-68.9651	-68.2002	-67.3496	-66.3752	-65.228	-63.839	-62.1053	-59.8635	-56.8319	-52.4748	-45.799	-36.0318	-28.6221	-46.5374	-55.8757	-58.501	-59.2516	-59.3891	-59.2214	-58.8334	-58.2437	-57.4375	-56.3682	-54.9439	-52.9852	-50.1164	-45.4696	-37.0804	-21.9829	-2.15175
4.765	-73.9061	-72.6645	-71.8934	-71.1295	-70.4045	-69.7064	-68.9957	-68.2353	-67.3905	-66.4236	-65.2865	-63.9117	-62.1981	-59.9865	-57.0031	-52.7297	-46.1964	-36.547	-28.4442	-45.7511	-55.6406	-58.4344	-59.2334	-59.3907	-59.2351	-58.8572	-58.2776	-57.4828	-56.4282	-55.0245	-53.0987	-50.2892	-45.7651	-37.6361	-22.9814	-3.56626
4.77	-73.9209	-72.6824	-71.9131	-71.1512	-70.4286	-69.7333	-69.0262	-68.2701	-67.431	-66.4716	-65.3445	-63.9835	-62.2898	-60.1077	-57.1713	-52.9793	-46.5854	-37.0618	-28.3832	-44.9256	-55.39	-58.3637	-59.2138	-59.3915	-59.2483	-58.8805	-58.311	-57.5275	-56.4873	-55.104	-53.2101	-50.458	-46.0521	-38.1749	-23.9558	-4.96979
4.775	-73.9356	-72.7003	-71.9328	-71.1729	-70.4526	-69.7601	-69.0564	-68.3047	-67.4712	-66.5191	-65.402	-64.0546	-62.3803	-60.2271	-57.3367	-53.2238	-46.9662	-37.5757	-28.4287	-44.0596	-55.123	-58.2887	-59.1928	-59.3915	-59.261	-58.9034	-58.3438	-57.5716	-56.5456	-55.1822	-53.3195	-50.6231	-46.331	-38.6971	-24.906	-6.36009
4.78	-73.9502	-72.718	-71.9524	-71.1944	-70.4764	-69.7867	-69.0865	-68.3391	-67.5112	-66.5663	-65.4589	-64.1249	-62.4697	-60.3449	-57.4993	-53.4633	-47.3389	-38.0883	-28.5685	-43.1524	-54.8383	-58.2089	-59.1702	-59.3909	-59.2731	-58.9258	-58.3761	-57.6151	-56.6031	-55.2593	-53.427	-50.7844	-46.6019	-39.2032	-25.8322	-7.73507
4.785	-73.9647	-72.7357	-71.9719	-71.2159	-70.5002	-69.8132	-69.1164	-68.3733	-67.5508	-66.6131	-65.5152	-64.1945	-62.5581	-60.461	-57.6591	-53.6979	-47.7036	-38.599	-28.7898	-42.2042	-54.5347	-58.1242	-59.146	-59.3894	-59.2847	-58.9476	-58.4079	-57.658	-56.6599	-55.3352	-53.5325	-50.9422	-46.8654	-39.6937	-26.7344	-9.09275
4.79	-73.9792	-72.7533	-71.9914	-71.2372	-70.5238	-69.8396	-69.1462	-68.4073	-67.5902	-66.6596	-65.5711	-64.2633	-62.6453	-60.5755	-57.8163	-53.9278	-48.0605	-39.107	-29.0801	-41.2161	-54.211	-58.0342	-59.1201	-59.3871	-59.2957	-58.969	-58.4392	-57.7003	-56.7158	-55.4099	-53.6363	-51.0965	-47.1215	-40.169	-27.6129	-10.4313
4.795	-73.9937	-72.7708	-72.0107	-71.2585	-70.5473	-69.8658	-69.1757	-68.441	-67.6293	-66.7056	-65.6264	-64.3314	-62.7315	-60.6884	-57.9709	-54.1531	-48.4098	-39.6117	-29.4273	-40.1909	-53.8656	-57.9385	-59.0925	-59.3841	-59.3062	-58.9899	-58.4701	-57.742	-56.771	-55.4836	-53.7382	-51.2475	-47.3706	-40.6296	-28.4678	-11.7492
4.8	-74.008	-72.7883	-72.03	-71.2797	-70.5707	-69.8919	-69.2051	-68.4746	-67.6681	-66.7513	-65.6813	-64.3988	-62.8167	-60.7998	-58.123	-54.374	-48.7517	-40.1123	-29.8203	-39.1333	-53.4973	-57.8367	-59.063	-59.3801	-59.3162	-59.0104	-58.5004	-57.7831	-56.8254	-55.5562	-53.8384	-51.3953	-47.613	-41.0758	-29.2992	-13.0448
4.805	-74.0223	-72.8057	-72.0491	-71.3008	-70.594	-69.9179	-69.2344	-68.5079	-67.7066	-66.7966	-65.7356	-64.4655	-62.9009	-60.9096	-58.2726	-54.5905	-49.0862	-40.608	-30.2495	-38.0504	-53.1047	-57.7284	-59.0316	-59.3754	-59.3255	-59.0303	-58.5302	-57.8237	-56.8791	-55.6277	-53.9369	-51.54	-47.8489	-41.5083	-30.1076	-14.3168
4.81	-74.0365	-72.823	-72.0683	-71.3218	-70.6172	-69.9437	-69.2634	-68.541	-67.7449	-66.8415	-65.7895	-64.5316	-62.9841	-61.0179	-58.4199	-54.8029	-49.4135	-41.0981	-30.7062	-36.9522	-52.6865	-57.6133	-58.9982	-59.3697	-59.3343	-59.0497	-58.5595	-57.8636	-56.932	-55.6982	-54.0337	-51.6817	-48.0785	-41.9274	-30.8932	-15.5642
4.815	-74.0507	-72.8402	-72.0873	-71.3427	-70.6403	-69.9694	-69.2923	-68.5739	-67.7829	-66.8861	-65.8428	-64.5969	-63.0663	-61.1248	-58.5647	-55.0111	-49.7338	-41.582	-31.1833	-35.8515	-52.2413	-57.4907	-58.9626	-59.3631	-59.3425	-59.0687	-58.5883	-57.903	-56.9843	-55.7676	-54.1289	-51.8205	-48.3021	-42.3336	-31.6562	-16.7859
4.82	-74.0648	-72.8574	-72.1062	-71.3635	-70.6633	-69.995	-69.3211	-68.6066	-67.8206	-66.9304	-65.8957	-64.6616	-63.1476	-61.2302	-58.7073	-55.2154	-50.0472	-42.059	-31.675	-34.7641	-51.768	-57.3603	-58.9248	-59.3556	-59.3501	-59.0871	-58.6167	-57.9419	-57.0358	-55.8361	-54.2225	-51.9565	-48.5199	-42.7272	-32.3971	-17.9811
4.825	-74.0789	-72.8744	-72.1251	-71.3842	-70.6861	-70.0204	-69.3497	-68.6391	-67.858	-66.9742	-65.9481	-64.7256	-63.2279	-61.3342	-58.8477	-55.4159	-50.3539	-42.5286	-32.1767	-33.7082	-51.2654	-57.2214	-58.8845	-59.3471	-59.357	-59.1051	-58.6445	-57.9802	-57.0866	-55.9035	-54.3147	-52.0897	-48.7322	-43.1088	-33.1162	-19.1491
4.83	-74.0928	-72.8915	-72.1439	-71.4049	-70.7089	-70.0458	-69.3781	-68.6714	-67.8952	-67.0178	-66.0001	-64.789	-63.3073	-61.4369	-58.9859	-55.6126	-50.654	-42.9905	-32.6849	-32.7036	-50.7327	-57.0736	-58.8417	-59.3375	-59.3634	-59.1226	-58.6719	-58.0179	-57.1367	-55.97	-54.4053	-52.2203	-48.9391	-43.4786	-33.8138	-20.2895
4.835	-74.1068	-72.9084	-72.1626	-71.4254	-70.7316	-70.071	-69.4064	-68.7036	-67.9322	-67.061	-66.0516	-64.8518	-63.3858	-61.5382	-59.122	-55.8057	-50.9477	-43.4442	-33.1969	-31.7704	-50.1689	-56.9162	-58.7963	-59.327	-59.3692	-59.1395	-58.6987	-58.0551	-57.1861	-56.0356	-54.4944	-52.3483	-49.1408	-43.8373	-34.4904	-21.4019
4.84	-74.1207	-72.9253	-72.1812	-71.4459	-70.7542	-70.096	-69.4345	-68.7355	-67.9689	-67.1039	-66.1027	-64.9139	-63.4634	-61.6382	-59.256	-55.9952	-51.235	-43.8895	-33.7111	-30.9277	-49.5732	-56.7487	-58.748	-59.3153	-59.3743	-59.156	-58.7251	-58.0918	-57.2349	-56.1002	-54.5821	-52.4739	-49.3375	-44.1851	-35.1465	-22.486
4.845	-74.1345	-72.9421	-72.1998	-71.4663	-70.7766	-70.121	-69.4625	-68.7672	-68.0054	-67.1465	-66.1533	-64.9754	-63.5401	-61.7369	-59.3879	-56.1813	-51.5163	-44.3263	-34.2265	-30.1919	-48.9446	-56.5703	-58.6968	-59.3025	-59.3788	-59.172	-58.751	-58.1279	-57.283	-56.1639	-54.6685	-52.597	-49.5294	-44.5224	-35.7823	-23.5416
4.85	-74.1482	-72.9588	-72.2183	-71.4866	-70.799	-70.1458	-69.4903	-68.7987	-68.0416	-67.1887	-66.2035	-65.0364	-63.616	-61.8344	-59.5179	-56.364	-51.7915	-44.7544	-34.7424	-29.5756	-48.2822	-56.3804	-58.6423	-59.2885	-59.3826	-59.1874	-58.7764	-58.1635	-57.3304	-56.2267	-54.7534	-52.7178	-49.7167	-44.8496	-36.3984	-24.5689
4.855	-74.1619	-72.9755	-72.2367	-71.5068	-70.8213	-70.1705	-69.518	-68.83	-68.0775	-67.2306	-66.2532	-65.0967	-63.6911	-61.9305	-59.646	-56.5435	-52.0609	-45.1739	-35.2584	-29.0863	-47.5849	-56.1782	-58.5846	-59.2734	-59.3857	-59.2023	-58.8013	-58.1986	-57.3772	-56.2887	-54.8371	-52.8363	-49.8995	-45.1671	-36.9953	-25.5677
4.86	-74.1756	-72.9921	-72.2551	-71.5269	-70.8434	-70.1951	-69.5455	-68.8612	-68.1133	-67.2722	-66.3025	-65.1564	-63.7653	-62.0255	-59.7721	-56.7198	-52.3247	-45.5846	-35.7746	-28.7266	-46.8515	-55.9628	-58.5232	-59.2569	-59.3882	-59.2167	-58.8258	-58.2331	-57.4234	-56.3498	-54.9194	-52.9527	-50.078	-45.4752	-37.5733	-26.5384
4.865	-74.1891	-73.0087	-72.2733	-71.547	-70.8655	-70.2196	-69.5729	-68.8922	-68.1487	-67.3135	-66.3514	-65.2156	-63.8387	-62.1193	-59.8965	-56.893	-52.5828	-45.9869	-36.2906	-28.4943	-46.0807	-55.7335	-58.4581	-59.2391	-59.3899	-59.2306	-58.8497	-58.2672	-57.4689	-56.41	-55.0005	-53.0669	-50.2524	-45.7743	-38.133	-27.4811
4.87	-74.2027	-73.0251	-72.2915	-71.5669	-70.8875	-70.2439	-69.6001	-68.923	-68.184	-67.3545	-66.3999	-65.2742	-63.9113	-62.2119	-60.019	-57.0632	-52.8356	-46.3806	-36.8063	-28.383	-45.271	-55.4891	-58.389	-59.22	-59.3909	-59.244	-58.8732	-58.3007	-57.5138	-56.4694	-55.0803	-53.179	-50.4227	-46.0648	-38.6749	-28.3962
4.875	-74.2162	-73.0415	-72.3096	-71.5868	-70.9093	-70.2681	-69.6272	-68.9536	-68.219	-67.3951	-66.448	-65.3323	-63.9831	-62.3034	-60.1397	-57.2305	-53.0832	-46.766	-37.3214	-28.383	-44.4213	-55.2288	-58.3155	-59.1994	-59.3912	-59.2568	-58.8962	-58.3336	-57.5581	-56.528	-55.1589	-53.2891	-50.5892	-46.3468	-39.1994	-29.2839
4.88	-74.2296	-73.0579	-72.3277	-71.6066	-70.9311	-70.2923	-69.6541	-68.984	-68.2538	-67.4355	-66.4957	-65.3898	-64.0542	-62.3937	-60.2587	-57.3949	-53.3257	-47.1432	-37.8354	-28.483	-43.5306	-54.9512	-58.2376	-59.1774	-59.3908	-59.2691	-58.9187	-58.3661	-57.6018	-56.5857	-55.2364	-53.3972	-50.752	-46.6208	-39.7071	-30.1447
4.885	-74.243	-73.0742	-72.3457	-71.6263	-70.9528	-70.3163	-69.681	-69.0142	-68.2884	-67.4756	-66.543	-65.4467	-64.1244	-62.483	-60.3761	-57.5565	-53.5632	-47.5123	-38.3478	-28.6702	-42.5986	-54.6552	-58.1547	-59.1537	-59.3896	-59.2809	-58.9407	-58.3981	-57.6449	-56.6427	-55.3126	-53.5034	-50.9111	-46.8871	-40.1984	-30.979
4.89	-74.2563	-73.0904	-72.3636	-71.646	-70.9744	-70.3402	-69.7076	-69.0443	-68.3227	-67.5154	-66.5899	-65.5032	-64.194	-62.5711	-60.4918	-57.7155	-53.7959	-47.8736	-38.8578	-28.9319	-41.6261	-54.3396	-58.0667	-59.1284	-59.3876	-59.2921	-58.9623	-58.4296	-57.6873	-56.6989	-55.3877	-53.6078	-51.0668	-47.1459	-40.6739	-31.7873
4.895	-74.2695	-73.1065	-72.3814	-71.6655	-70.9959	-70.3639	-69.7341	-69.0742	-68.3568	-67.5549	-66.6364	-65.5591	-64.2628	-62.6582	-60.6058	-57.8718	-54.0239	-48.2271	-39.3648	-29.2558	-40.615	-54.0029	-57.9732	-59.1014	-59.3847	-59.3027	-58.9833	-58.4605	-57.7292	-56.7543	-55.4618	-53.7103	-51.2191	-47.3976	-41.134	-32.5701
4.9	-74.2828	-73.1226	-72.3992	-71.685	-71.0173	-70.3876	-69.7605	-69.104	-68.3908	-67.5941	-66.6826	-65.6145	-64.3309	-62.7443	-60.7183	-58.0255	-54.2475	-48.5731	-39.8681	-29.6302	-39.5693	-53.6438	-57.8737	-59.0726	-59.3811	-59.3128	-59.0039	-58.491	-57.7705	-56.8089	-55.5347	-53.8111	-51.3682	-47.6423	-41.5793	-33.3279
4.905	-74.2959	-73.1387	-72.4169	-71.7044	-71.0386	-70.4112	-69.7868	-69.1335	-68.4244	-67.6331	-66.7284	-65.6694	-64.3983	-62.8293	-60.8293	-58.1768	-54.4666	-48.9116	-40.3668	-30.0448	-38.4949	-53.2609	-57.768	-59.0419	-59.3766	-59.3223	-59.024	-58.5209	-57.8112	-56.8628	-55.6065	-53.9102	-51.514	-47.8804	-42.0102	-34.0614
4.91	-74.309	-73.1546	-72.4346	-71.7238	-71.0599	-70.4346	-69.8129	-69.1629	-68.4579	-67.6717	-66.7738	-65.7238	-64.4649	-62.9133	-60.9387	-58.3256	-54.6814	-49.2429	-40.8602	-30.4907	-37.4008	-52.8529	-57.6554	-59.0092	-59.3712	-59.3313	-59.0436	-58.5504	-57.8514	-56.916	-55.6773	-54.0076	-51.6569	-48.1122	-42.4272	-34.7709
4.915	-74.3221	-73.1705	-72.4521	-71.743	-71.081	-70.458	-69.8389	-69.1922	-68.4912	-67.7101	-66.8188	-65.7777	-64.5309	-62.9963	-61.0466	-58.472	-54.8921	-49.5671	-41.3476	-30.9599	-36.2985	-52.4184	-57.5357	-58.9743	-59.3649	-59.3397	-59.0627	-58.5794	-57.891	-56.9684	-55.7471	-54.1034	-51.7968	-48.3377	-42.8309	-35.4572
4.92	-74.3351	-73.1864	-72.4696	-71.7622	-71.102	-70.4812	-69.8648	-69.2212	-68.5242	-67.7483	-66.8635	-65.8311	-64.5962	-63.0784	-61.1531	-58.616	-55.0987	-49.8842	-41.8284	-31.4461	-35.2027	-51.9562	-57.4083	-58.9373	-59.3577	-59.3474	-59.0813	-58.6078	-57.93	-57.0202	-55.8159	-54.1976	-51.9338	-48.5574	-43.2216	-36.1208
4.925	-74.3481	-73.2022	-72.4871	-71.7813	-71.123	-70.5043	-69.8905	-69.2501	-68.5571	-67.7861	-66.9079	-65.884	-64.6609	-63.1595	-61.2582	-58.7579	-55.3014	-50.1946	-42.302	-31.9443	-34.1306	-51.4651	-57.2726	-58.8979	-59.3495	-59.3546	-59.0994	-58.6358	-57.9684	-57.0712	-55.8837	-54.2902	-52.0681	-48.7713	-43.5998	-36.7623
4.93	-74.361	-73.2179	-72.5044	-71.8003	-71.1439	-70.5273	-69.9161	-69.2789	-68.5898	-67.8237	-66.9518	-65.9365	-64.7249	-63.2397	-61.3618	-58.8975	-55.5004	-50.4983	-42.768	-32.4502	-33.1016	-50.9443	-57.1283	-58.856	-59.3403	-59.3612	-59.117	-58.6633	-58.0064	-57.1215	-55.9505	-54.3814	-52.1997	-48.9798	-43.9661	-37.3823
4.935	-74.3739	-73.2336	-72.5218	-71.8193	-71.1646	-70.5503	-69.9416	-69.3075	-68.6222	-67.861	-66.9955	-65.9885	-64.7883	-63.3189	-61.4641	-59.0349	-55.6956	-50.7955	-43.226	-32.9611	-32.1359	-50.3926	-56.9745	-58.8115	-59.33	-59.3671	-59.1341	-58.6903	-58.0437	-57.1712	-56.0163	-54.471	-52.3288	-49.1829	-44.3208	-37.9815
4.94	-74.3867	-73.2492	-72.539	-71.8381	-71.1853	-70.5731	-69.9669	-69.3359	-68.6544	-67.8981	-67.0388	-66.04	-64.851	-63.3973	-61.5651	-59.1703	-55.8872	-51.0862	-43.6757	-33.4749	-31.2532	-49.8092	-56.8109	-58.7642	-59.3187	-59.3724	-59.1507	-58.7169	-58.0806	-57.2201	-56.0813	-54.5593	-52.4552	-49.381	-44.6643	-38.5604
4.945	-74.3995	-73.2647	-72.5562	-71.8569	-71.206	-70.5958	-69.9921	-69.3642	-68.6865	-67.9349	-67.0818	-66.0911	-64.9131	-63.4747	-61.6647	-59.3036	-56.0753	-51.3708	-44.1169	-33.9903	-30.4711	-49.1934	-56.6366	-58.714	-59.3063	-59.3771	-59.1668	-58.7429	-58.1168	-57.2685	-56.1453	-54.6461	-52.5793	-49.5742	-44.9972	-39.1196
4.95	-74.4122	-73.2802	-72.5733	-71.8757	-71.2265	-70.6184	-70.0172	-69.3923	-68.7184	-67.9715	-67.1244	-66.1418	-64.9746	-63.5513	-61.7631	-59.4348	-56.26	-51.6493	-44.5495	-34.5064	-29.8041	-48.544	-56.4511	-58.6607	-59.2927	-59.3811	-59.1824	-58.7685	-58.1526	-57.3161	-56.2084	-54.7315	-52.701	-49.7627	-45.3198	-39.6598
4.955	-74.4249	-73.2956	-72.5903	-71.8943	-71.2469	-70.6409	-70.0422	-69.4202	-68.75	-68.0079	-67.1667	-66.192	-65.0355	-63.627	-61.8602	-59.5641	-56.4414	-51.9218	-44.9733	-35.0229	-29.2617	-47.8602	-56.2536	-58.6042	-59.2779	-59.3844	-59.1975	-58.7935	-58.1878	-57.3631	-56.2706	-54.8157	-52.8204	-49.9466	-45.6324	-40.1816
4.96	-74.4375	-73.311	-72.6073	-71.9129	-71.2673	-70.6633	-70.0671	-69.4481	-68.7815	-68.0439	-67.2087	-66.2418	-65.0958	-63.7019	-61.9561	-59.6915	-56.6195	-52.1886	-45.3885	-35.5396	-28.8487	-47.1407	-56.0433	-58.5441	-59.2619	-59.3871	-59.2121	-58.8181	-58.2225	-57.4094	-56.332	-54.8985	-52.9376	-50.1261	-45.9356	-40.6856
4.965	-74.4501	-73.3263	-72.6242	-71.9314	-71.2876	-70.6856	-70.0918	-69.4757	-68.8128	-68.0798	-67.2504	-66.2912	-65.1555	-63.776	-62.0507	-59.817	-56.7945	-52.4498	-45.795	-36.0562	-28.5646	-46.3843	-55.8193	-58.4803	-59.2446	-59.3891	-59.2261	-58.8422	-58.2567	-57.4552	-56.3925	-54.98	-53.0526	-50.3014	-46.2296	-41.1724
4.97	-74.4627	-73.3416	-72.6411	-71.9499	-71.3078	-70.7078	-70.1164	-69.5033	-68.8439	-68.1154	-67.2918	-66.3401	-65.2147	-63.8493	-62.1442	-59.9407	-56.9665	-52.7054	-46.193	-36.5726	-28.4046	-45.5895	-55.5807	-58.4126	-59.2259	-59.3903	-59.2396	-58.8658	-58.2903	-57.5003	-56.4522	-55.0603	-53.1655	-50.4727	-46.5149	-41.6425
4.975	-74.4752	-73.3568	-72.6579	-71.9683	-71.3279	-70.73	-70.1409	-69.5306	-68.8748	-68.1507	-67.3329	-66.3887	-65.2732	-63.9217	-62.2365	-60.0626	-57.1355	-52.9558	-46.5826	-37.0886	-28.3604	-44.7551	-55.3265	-58.3408	-59.2058	-59.3908	-59.2526	-58.889	-58.3235	-57.5447	-56.511	-55.1394	-53.2763	-50.64	-46.7917	-42.0967
4.98	-74.4876	-73.372	-72.6746	-71.9866	-71.3479	-70.752	-70.1653	-69.5579	-68.9056	-68.1859	-67.3736	-66.4368	-65.3313	-63.9934	-62.3276	-60.1828	-57.3015	-53.201	-46.9639	-37.6037	-28.421	-43.8799	-55.0555	-58.2644	-59.1842	-59.3906	-59.2651	-58.9116	-58.3561	-57.5886	-56.569	-55.2172	-53.3852	-50.8034	-47.0605	-42.5355
4.985	-74.5001	-73.3871	-72.6913	-72.0048	-71.3679	-70.7739	-70.1895	-69.585	-68.9361	-68.2208	-67.4141	-66.4845	-65.3887	-64.0643	-62.4177	-60.3012	-57.4648	-53.4411	-47.3371	-38.1174	-28.5742	-42.9635	-54.7665	-58.1834	-59.1611	-59.3896	-59.277	-58.9338	-58.3882	-57.6318	-56.6262	-55.2939	-53.4921	-50.9633	-47.3214	-42.9594
4.99	-74.5124	-73.4021	-72.7079	-72.023	-71.3877	-70.7957	-70.2137	-69.6119	-68.9665	-68.2555	-67.4543	-66.5319	-65.4457	-64.1345	-62.5066	-60.4179	-57.6253	-53.6764	-47.7023	-38.629	-28.8071	-42.006	-54.4584	-58.0972	-59.1363	-59.3879	-59.2884	-58.9555	-58.4198	-57.6745	-56.6827	-55.3695	-53.5972	-51.1196	-47.575	-43.369
4.995	-74.5248	-73.4171	-72.7245	-72.0411	-71.4075	-70.8175	-70.2377	-69.6387	-68.9967	-68.2899	-67.4941	-66.5788	-65.5021	-64.2039	-62.5945	-60.533	-57.7832	-53.9069	-48.0597	-39.138	-29.1071	-41.009	-54.1297	-58.0057	-59.1099	-59.3853	-59.2992	-58.9767	-58.451	-57.7166	-56.7384	-55.4439	-53.7004	-51.2724	-47.8213	-43.7649
5	-74.5371	-73.432	-72.741	-72.0591	-71.4272	-70.8391	-70.2616	-69.6654	-69.0267	-68.3242	-67.5337	-66.6254	-65.558	-64.2726	-62.6813	-60.6465	-57.9384	-54.1328	-48.4094	-39.6435	-29.4624	-39.9755	-53.7791	-57.9084	-59.0817	-59.3819	-59.3095	-58.9974	-58.4816	-57.7581	-56.7933	-55.5172	-53.8019	-51.422	-48.0608	-44.1476
5.005	-74.5493	-73.4469	-72.7574	-72.0771	-71.4469	-70.8606	-70.2855	-69.6919	-69.0566	-68.3582	-67.573	-66.6715	-65.6133	-64.3405	-62.767	-60.7585	-58.0911	-54.3542	-48.7516	-40.1447	-29.862	-38.9108	-53.4052	-57.805	-59.0516	-59.3777	-59.3191	-59.0176	-58.5117	-57.799	-56.8474	-55.5895	-53.9016	-51.5684	-48.2936	-44.5177
5.01	-74.5615	-73.4618	-72.7738	-72.095	-71.4664	-70.8821	-70.3092	-69.7183	-69.0863	-68.392	-67.6121	-66.7174	-65.6682	-64.4078	-62.8518	-60.8689	-58.2413	-54.5713	-49.0865	-40.6409	-30.2963	-37.8225	-53.0067	-57.6949	-59.0196	-59.3726	-59.3283	-59.0374	-58.5413	-57.8393	-56.9008	-55.6607	-53.9996	-51.7117	-48.5202	-44.8756
5.015	-74.5737	-73.4765	-72.7901	-72.1128	-71.4859	-70.9035	-70.3327	-69.7445	-69.1158	-68.4255	-67.6508	-66.7628	-65.7226	-64.4744	-62.9355	-60.9777	-58.3891	-54.7842	-49.4142	-41.1314	-30.757	-36.7211	-52.5822	-57.5778	-58.9854	-59.3666	-59.3368	-59.0566	-58.5704	-57.879	-56.9535	-55.7308	-54.096	-51.852	-48.7406	-45.2219
5.02	-74.5858	-73.4913	-72.8064	-72.1306	-71.5053	-70.9248	-70.3562	-69.7707	-69.1452	-68.4589	-67.6893	-66.8079	-65.7764	-64.5402	-63.0183	-61.0852	-58.5345	-54.993	-49.7348	-41.6156	-31.2372	-35.6202	-52.1304	-57.4532	-58.9491	-59.3596	-59.3448	-59.0754	-58.599	-57.9182	-57.0055	-55.8	-54.1908	-51.9894	-48.9552	-45.557
5.025	-74.5979	-73.506	-72.8226	-72.1483	-71.5247	-70.9459	-70.3796	-69.7967	-69.1743	-68.4921	-67.7275	-66.8526	-65.8298	-64.6054	-63.1	-61.1911	-58.6776	-55.1978	-50.0485	-42.0927	-31.7312	-34.5362	-51.6501	-57.3206	-58.9105	-59.3517	-59.3521	-59.0936	-58.6272	-57.9569	-57.0568	-55.8681	-54.284	-52.1241	-49.1641	-45.8813
5.03	-74.6099	-73.5206	-72.8388	-72.1659	-71.5439	-70.967	-70.4028	-69.8225	-69.2034	-68.525	-67.7654	-66.897	-65.8827	-64.67	-63.1809	-61.2957	-58.8185	-55.3987	-50.3555	-42.5624	-32.2346	-33.4875	-51.1404	-57.1794	-58.8695	-59.3428	-59.3589	-59.1114	-58.6548	-57.995	-57.1073	-55.9353	-54.3757	-52.256	-49.3677	-46.1955
5.035	-74.622	-73.5352	-72.8549	-72.1835	-71.5631	-70.988	-70.426	-69.8482	-69.2322	-68.5578	-67.8031	-66.941	-65.9352	-64.7338	-63.2608	-61.3989	-58.9572	-55.5958	-50.6558	-43.0243	-32.744	-32.4944	-50.6001	-57.0291	-58.8259	-59.3329	-59.365	-59.1286	-58.682	-58.0325	-57.1572	-56.0015	-54.4659	-52.3853	-49.5661	-46.4997
5.04	-74.6339	-73.5497	-72.8709	-72.201	-71.5822	-71.009	-70.4491	-69.8738	-69.2609	-68.5903	-67.8405	-66.9847	-65.9871	-64.7971	-63.3398	-61.5007	-59.0937	-55.7893	-50.9497	-43.4779	-33.2571	-31.5768	-50.0285	-56.869	-58.7796	-59.3219	-59.3705	-59.1454	-58.7087	-58.0695	-57.2064	-56.0668	-54.5547	-52.5121	-49.7594	-46.7946
5.045	-74.6459	-73.5642	-72.8869	-72.2185	-71.6012	-71.0298	-70.472	-69.8993	-69.2895	-68.6227	-67.8776	-67.028	-66.0387	-64.8597	-63.4179	-61.6012	-59.2282	-55.9793	-51.2373	-43.9231	-33.7722	-30.7536	-49.4246	-56.6987	-58.7304	-59.3099	-59.3753	-59.1617	-58.7348	-58.1059	-57.2549	-56.1312	-54.642	-52.6364	-49.948	-47.0805
5.05	-74.6577	-73.5786	-72.9028	-72.2359	-71.6202	-71.0506	-70.4949	-69.9247	-69.3179	-68.6548	-67.9145	-67.071	-66.0897	-64.9217	-63.4951	-61.7003	-59.3606	-56.1658	-51.5187	-44.3596	-34.2885	-30.0404	-48.7876	-56.5173	-58.6782	-59.2966	-59.3795	-59.1774	-58.7605	-58.1419	-57.3028	-56.1946	-54.728	-52.7583	-50.132	-47.3578
5.055	-74.6696	-73.593	-72.9187	-72.2532	-71.6391	-71.0712	-70.5176	-69.9499	-69.3461	-68.6868	-67.9511	-67.1137	-66.1404	-64.9831	-63.5715	-61.7982	-59.4911	-56.3489	-51.7942	-44.7875	-34.8052	-29.4488	-48.1165	-56.3241	-58.6227	-59.2822	-59.3831	-59.1926	-58.7858	-58.1773	-57.35	-56.2572	-54.8126	-52.8779	-50.3115	-47.6267
5.06	-74.6814	-73.6073	-72.9345	-72.2705	-71.6579	-71.0918	-70.5402	-69.975	-69.3742	-68.7186	-67.9875	-67.1561	-66.1906	-65.0439	-63.647	-61.8949	-59.6195	-56.5287	-52.0637	-45.2067	-35.3222	-28.9854	-47.4101	-56.1185	-58.5639	-59.2666	-59.386	-59.2074	-58.8105	-58.2121	-57.3966	-56.3189	-54.8959	-52.9952	-50.4868	-47.8878
5.065	-74.6932	-73.6216	-72.9503	-72.2877	-71.6766	-71.1123	-70.5628	-70	-69.4021	-68.7501	-68.0237	-67.1981	-66.2403	-65.1041	-63.7216	-61.9903	-59.7461	-56.7054	-52.3276	-45.6172	-35.8392	-28.6518	-46.6672	-55.8995	-58.5014	-59.2497	-59.3881	-59.2216	-58.8347	-58.2465	-57.4425	-56.3797	-54.9779	-53.1104	-50.6579	-48.1413
5.07	-74.7049	-73.6358	-72.966	-72.3048	-71.6953	-71.1327	-70.5852	-70.0248	-69.4299	-68.7815	-68.0596	-67.2398	-66.2897	-65.1637	-63.7955	-62.0845	-59.8709	-56.8789	-52.5859	-46.0191	-36.3561	-28.4448	-45.8864	-55.6662	-58.4351	-59.2315	-59.3896	-59.2352	-58.8585	-58.2803	-57.4879	-56.4397	-55.0587	-53.2235	-50.8251	-48.3876
5.075	-74.7166	-73.65	-72.9816	-72.3219	-71.7139	-71.153	-70.6076	-70.0496	-69.4575	-68.8127	-68.0953	-67.2812	-66.3386	-65.2227	-63.8685	-62.1776	-59.9938	-57.0494	-52.8389	-46.4126	-36.8728	-28.3571	-45.0664	-55.4177	-58.3647	-59.2118	-59.3904	-59.2484	-58.8818	-58.3136	-57.5325	-56.4989	-55.1382	-53.3345	-50.9884	-48.6269
5.08	-74.7283	-73.6641	-72.9972	-72.3389	-71.7325	-71.1733	-70.6298	-70.0742	-69.485	-68.8437	-68.1307	-67.3223	-66.3871	-65.2812	-63.9407	-62.2695	-60.1149	-57.217	-53.0865	-46.7976	-37.3887	-28.3788	-44.2061	-55.1528	-58.2899	-59.1907	-59.3904	-59.261	-58.9046	-58.3464	-57.5766	-56.5572	-55.2165	-53.4435	-51.1481	-48.8595
5.085	-74.7399	-73.6782	-73.0128	-72.3559	-71.7509	-71.1935	-70.6519	-70.0987	-69.5124	-68.8745	-68.1659	-67.3631	-66.4352	-65.3391	-64.0122	-62.3602	-60.2343	-57.3818	-53.3291	-47.1745	-37.9034	-28.4979	-43.3045	-54.8704	-58.2105	-59.1681	-59.3896	-59.2731	-58.9269	-58.3787	-57.6201	-56.6148	-55.2936	-53.5506	-51.3042	-49.0858
5.09	-74.7515	-73.6923	-73.0283	-72.3728	-71.7693	-71.2135	-70.674	-70.123	-69.5395	-68.9052	-68.2009	-67.4036	-66.4829	-65.3965	-64.0829	-62.4498	-60.352	-57.5437	-53.5667	-47.5433	-38.4164	-28.7018	-42.3617	-54.5693	-58.1261	-59.1439	-59.3881	-59.2846	-58.9487	-58.4104	-57.663	-56.6715	-55.3696	-53.6558	-51.4569	-49.306
5.095	-74.7631	-73.7063	-73.0437	-72.3896	-71.7877	-71.2336	-70.696	-70.1473	-69.5666	-68.9357	-68.2356	-67.4438	-66.5302	-65.4533	-64.1528	-62.5384	-60.4681	-57.7029	-53.7995	-47.9043	-38.927	-28.9776	-41.3786	-54.2481	-58.0365	-59.118	-59.3858	-59.2956	-58.9701	-58.4417	-57.7052	-56.7275	-55.4444	-53.7591	-51.6063	-49.5203
5.1	-74.7746	-73.7202	-73.0591	-72.4064	-71.8059	-71.2535	-70.7178	-70.1715	-69.5935	-68.9659	-68.2701	-67.4837	-66.5772	-65.5096	-64.222	-62.6259	-60.5825	-57.8595	-54.0276	-48.2575	-39.4343	-29.3131	-40.3576	-53.9054	-57.9412	-59.0904	-59.3826	-59.306	-58.9909	-58.4725	-57.7469	-56.7827	-55.5181	-53.8607	-51.7525	-49.729
5.105	-74.7861	-73.7341	-73.0745	-72.4231	-71.8241	-71.2733	-70.7396	-70.1955	-69.6203	-68.9961	-68.3044	-67.5233	-66.6237	-65.5654	-64.2905	-62.7123	-60.6953	-58.0135	-54.2512	-48.6031	-39.9377	-29.6969	-39.3032	-53.54	-57.8399	-59.0609	-59.3787	-59.3159	-59.0113	-58.5027	-57.788	-56.8371	-55.5908	-53.9605	-51.8956	-49.9323
5.11	-74.7976	-73.748	-73.0898	-72.4398	-71.8423	-71.2931	-70.7613	-70.2194	-69.6469	-69.026	-68.3385	-67.5626	-66.6699	-65.6207	-64.3583	-62.7977	-60.8066	-58.165	-54.4703	-48.9413	-40.4364	-30.1191	-38.2221	-53.1504	-57.7322	-59.0295	-59.3738	-59.3252	-59.0312	-58.5325	-57.8286	-56.8908	-55.6624	-54.0587	-52.0357	-50.1304
5.115	-74.809	-73.7618	-73.105	-72.4564	-71.8603	-71.3128	-70.7828	-70.2432	-69.6734	-69.0558	-68.3724	-67.6017	-66.7156	-65.6755	-64.4253	-62.882	-60.9163	-58.314	-54.6852	-49.2722	-40.9296	-30.5707	-37.1237	-52.7353	-57.6175	-58.9961	-59.3681	-59.3339	-59.0506	-58.5618	-57.8685	-56.9438	-55.7329	-54.1552	-52.173	-50.3236
5.12	-74.8204	-73.7756	-73.1202	-72.473	-71.8783	-71.3324	-70.8043	-70.2669	-69.6998	-69.0854	-68.406	-67.6404	-66.7611	-65.7297	-64.4917	-62.9654	-61.0246	-58.4607	-54.896	-49.596	-41.4167	-31.0442	-36.0204	-52.2933	-57.4956	-58.9605	-59.3614	-59.342	-59.0695	-58.5906	-57.9079	-56.9961	-55.8024	-54.25	-52.3074	-50.512
5.125	-74.8317	-73.7893	-73.1354	-72.4895	-71.8963	-71.3519	-70.8257	-70.2905	-69.726	-69.1148	-68.4394	-67.6789	-66.8061	-65.7835	-64.5574	-63.0478	-61.1313	-58.605	-55.1026	-49.9128	-41.8971	-31.5337	-34.9276	-51.8232	-57.3658	-58.9226	-59.3538	-59.3496	-59.0879	-58.6189	-57.9468	-57.0476	-55.871	-54.3434	-52.4392	-50.6958
5.13	-74.843	-73.803	-73.1505	-72.5059	-71.9141	-71.3714	-70.847	-70.314	-69.7521	-69.1441	-68.4726	-67.7172	-66.8508	-65.8368	-64.6224	-63.1292	-61.2367	-58.747	-55.3054	-50.2228	-42.3701	-32.0341	-33.8633	-51.324	-57.2276	-58.8824	-59.3452	-59.3565	-59.1058	-58.6467	-57.985	-57.0985	-55.9385	-54.4352	-52.5684	-50.8752
5.135	-74.8543	-73.8167	-73.1655	-72.5223	-71.9319	-71.3908	-70.8682	-70.3374	-69.778	-69.1732	-68.5057	-67.7551	-66.8952	-65.8896	-64.6867	-63.2097	-61.3407	-58.8868	-55.5043	-50.5261	-42.8354	-32.5417	-32.847	-50.7946	-57.0805	-58.8397	-59.3356	-59.3628	-59.1232	-58.674	-58.0228	-57.1486	-56.0051	-54.5255	-52.6951	-51.0503
5.14	-74.8656	-73.8302	-73.1805	-72.5386	-71.9497	-71.4101	-70.8894	-70.3606	-69.8039	-69.2021	-68.5385	-67.7928	-66.9392	-65.942	-64.7504	-63.2893	-61.4432	-59.0245	-55.6996	-50.8229	-43.2926	-33.0538	-31.899	-50.2341	-56.9239	-58.7943	-59.325	-59.3685	-59.1401	-58.7008	-58.06	-57.1981	-56.0707	-54.6143	-52.8193	-51.2214
5.145	-74.8768	-73.8438	-73.1954	-72.5549	-71.9673	-71.4294	-70.9104	-70.3838	-69.8296	-69.2309	-68.5711	-67.8302	-66.9828	-65.9939	-64.8135	-63.368	-61.5445	-59.16	-55.8912	-51.1133	-43.7415	-33.5685	-31.0388	-49.6417	-56.7571	-58.746	-59.3133	-59.3736	-59.1566	-58.7272	-58.0966	-57.2469	-56.1354	-54.7018	-52.9411	-51.3886
5.15	-74.888	-73.8573	-73.2103	-72.5711	-71.985	-71.4485	-70.9314	-70.4069	-69.8551	-69.2595	-68.6035	-67.8674	-67.0262	-66.0453	-64.8759	-63.4457	-61.6444	-59.2935	-56.0793	-51.3975	-44.1818	-34.0846	-30.2834	-49.0164	-56.5796	-58.6948	-59.3004	-59.378	-59.1725	-58.753	-58.1327	-57.2951	-56.1992	-54.7878	-53.0607	-51.552
5.155	-74.8992	-73.8708	-73.2252	-72.5873	-72.0025	-71.4676	-70.9522	-70.4298	-69.8806	-69.288	-68.6357	-67.9043	-67.0691	-66.0963	-64.9377	-63.5226	-61.743	-59.425	-56.264	-51.6756	-44.6133	-34.6015	-29.6459	-48.3573	-56.3906	-58.6405	-59.2864	-59.3817	-59.1879	-58.7784	-58.1683	-57.3425	-56.2621	-54.8725	-53.178	-51.7117
5.16	-74.9103	-73.8842	-73.24	-72.6034	-72.02	-71.4866	-70.973	-70.4527	-69.9059	-69.3163	-68.6677	-67.941	-67.1118	-66.1469	-64.9989	-63.5987	-61.8404	-59.5544	-56.4454	-51.9477	-45.0362	-35.1186	-29.135	-47.6634	-56.1894	-58.5828	-59.2711	-59.3848	-59.2027	-58.8033	-58.2034	-57.3894	-56.3242	-54.9559	-53.2932	-51.8679
5.165	-74.9214	-73.8976	-73.2547	-72.6195	-72.0374	-71.5056	-70.9937	-70.4754	-69.9311	-69.3445	-68.6995	-67.9774	-67.1541	-66.197	-65.0596	-63.6739	-61.9365	-59.682	-56.6236	-52.2141	-45.4504	-35.636	-28.7539	-46.9333	-55.9751	-58.5215	-59.2546	-59.3872	-59.2171	-58.8277	-58.2379	-57.4356	-56.3853	-55.038	-53.4063	-52.0208
5.17	-74.9324	-73.9109	-73.2694	-72.6355	-72.0548	-71.5245	-71.0143	-70.4981	-69.9561	-69.3725	-68.7311	-68.0136	-67.1961	-66.2467	-65.1196	-63.7482	-62.0314	-59.8077	-56.7986	-52.4749	-45.856	-36.1533	-28.5011	-46.1659	-55.7468	-58.4565	-59.2368	-59.3888	-59.2309	-58.8516	-58.2719	-57.4812	-56.4456	-55.1189	-53.5173	-52.1704
5.175	-74.9435	-73.9242	-73.2841	-72.6514	-72.0721	-71.5433	-71.0349	-70.5206	-69.9811	-69.4003	-68.7626	-68.0495	-67.2378	-66.2959	-65.179	-63.8218	-62.1251	-59.9315	-56.9705	-52.7302	-46.253	-36.6704	-28.3707	-45.3597	-55.5037	-58.3874	-59.2176	-59.3898	-59.2442	-58.8751	-58.3054	-57.5261	-56.5051	-55.1985	-53.6264	-52.3168
5.18	-74.9545	-73.9375	-73.2987	-72.6673	-72.0894	-71.562	-71.0553	-70.5431	-70.0059	-69.428	-68.7938	-68.0852	-67.2792	-66.3448	-65.2379	-63.8945	-62.2176	-60.0536	-57.1395	-52.9802	-46.6416	-37.1869	-28.3537	-44.5135	-55.2445	-58.3141	-59.197	-59.39	-59.257	-58.898	-58.3384	-57.5704	-56.5638	-55.2769	-53.7335	-52.4602
5.185	-74.9654	-73.9507	-73.3133	-72.6832	-72.1065	-71.5807	-71.0757	-70.5654	-70.0306	-69.4556	-68.8249	-68.1207	-67.3203	-66.3932	-65.2962	-63.9664	-62.309	-60.1739	-57.3056	-53.225	-47.0219	-37.7025	-28.4387	-43.6263	-54.9683	-58.2363	-59.1748	-59.3895	-59.2693	-58.9205	-58.3709	-57.6142	-56.6216	-55.3541	-53.8388	-52.6006
5.19	-74.9764	-73.9639	-73.3278	-72.699	-72.1237	-71.5993	-71.096	-70.5877	-70.0552	-69.483	-68.8558	-68.1559	-67.3611	-66.4412	-65.354	-64.0376	-62.3993	-60.2924	-57.4689	-53.4648	-47.3941	-38.2166	-28.6131	-42.6977	-54.6737	-58.1536	-59.1511	-59.3882	-59.281	-58.9425	-58.4028	-57.6573	-56.6787	-55.4302	-53.9423	-52.7382
5.195	-74.9873	-73.977	-73.3423	-72.7147	-72.1407	-71.6178	-71.1161	-70.6098	-70.0797	-69.5103	-68.8864	-68.1909	-67.4015	-66.4889	-65.4112	-64.108	-62.4884	-60.4093	-57.6294	-53.6997	-47.7583	-38.7285	-28.8641	-41.7283	-54.3596	-58.0658	-59.1258	-59.3862	-59.2921	-58.964	-58.4343	-57.6998	-56.735	-55.5052	-54.044	-52.873
5.2	-74.9982	-73.9901	-73.3567	-72.7304	-72.1578	-71.6363	-71.1363	-70.6319	-70.104	-69.5374	-68.917	-68.2256	-67.4417	-66.5361	-65.4679	-64.1777	-62.5765	-60.5246	-57.7872	-53.9298	-48.1148	-39.2374	-29.1792	-40.7201	-54.0244	-57.9724	-59.0987	-59.3833	-59.3027	-58.985	-58.4652	-57.7418	-56.7905	-55.579	-54.144	-53.0052
5.205	-75.009	-74.0032	-73.3711	-72.746	-72.1747	-71.6547	-71.1563	-70.6538	-70.1283	-69.5644	-68.9473	-68.2602	-67.4816	-66.5829	-65.524	-64.2466	-62.6635	-60.6382	-57.9424	-54.1554	-48.4636	-39.7427	-29.5467	-39.6765	-53.667	-57.8732	-59.0699	-59.3796	-59.3128	-59.0055	-58.4957	-57.7831	-56.8452	-55.6518	-54.2423	-53.1348
5.21	-75.0198	-74.0162	-73.3855	-72.7616	-72.1916	-71.673	-71.1763	-70.6757	-70.1524	-69.5912	-68.9775	-68.2945	-67.5212	-66.6294	-65.5797	-64.3148	-62.7495	-60.7503	-58.095	-54.3765	-48.8049	-40.2435	-29.9561	-38.6035	-53.2858	-57.7676	-59.0391	-59.375	-59.3222	-59.0256	-58.5257	-57.8239	-56.8992	-55.7235	-54.339	-53.2619
5.215	-75.0306	-74.0292	-73.3997	-72.7772	-72.2084	-71.6913	-71.1962	-70.6975	-70.1764	-69.6179	-69.0075	-68.3286	-67.5605	-66.6755	-65.6348	-64.3823	-62.8344	-60.8608	-58.2452	-54.5933	-49.1388	-40.7392	-30.3979	-37.5096	-52.8796	-57.6554	-59.0063	-59.3695	-59.3311	-59.0451	-58.5551	-57.8641	-56.9525	-55.7942	-54.4341	-53.3866
5.22	-75.0414	-74.0422	-73.414	-72.7927	-72.2252	-71.7094	-71.216	-70.7191	-70.2003	-69.6445	-69.0373	-68.3624	-67.5995	-66.7212	-65.6894	-64.4491	-62.9183	-60.9698	-58.393	-54.8058	-49.4656	-41.2289	-30.8643	-36.4061	-52.4469	-57.5359	-58.9714	-59.3631	-59.3394	-59.0642	-58.5841	-57.9037	-57.0051	-55.8639	-54.5276	-53.509
5.225	-75.0521	-74.0551	-73.4282	-72.8081	-72.2419	-71.7276	-71.2357	-70.7407	-70.2241	-69.6709	-69.0669	-68.3961	-67.6383	-66.7666	-65.7435	-64.5152	-63.0013	-61.0773	-58.5384	-55.0143	-49.7853	-41.7121	-31.3487	-35.3074	-51.9866	-57.4088	-58.9343	-59.3558	-59.3471	-59.0828	-58.6126	-57.9428	-57.0569	-55.9326	-54.6197	-53.6291
5.23	-75.0628	-74.0679	-73.4424	-72.8235	-72.2586	-71.7456	-71.2553	-70.7622	-70.2478	-69.6972	-69.0964	-68.4295	-67.6768	-66.8116	-65.7972	-64.5806	-63.0832	-61.1834	-58.6815	-55.2187	-50.0981	-42.1882	-31.8457	-34.2306	-51.4975	-57.2734	-58.8948	-59.3476	-59.3543	-59.1009	-58.6406	-57.9813	-57.1081	-56.0003	-54.7103	-53.7469
5.235	-75.0735	-74.0807	-73.4565	-72.8389	-72.2752	-71.7636	-71.2749	-70.7836	-70.2713	-69.7234	-69.1257	-68.4628	-67.715	-66.8562	-65.8503	-64.6454	-63.1643	-61.2881	-58.8223	-55.4193	-50.4042	-42.6567	-32.3512	-33.1948	-50.9785	-57.1294	-58.8529	-59.3383	-59.3608	-59.1184	-58.6681	-58.0193	-57.1585	-56.067	-54.7994	-53.8627
5.24	-75.0842	-74.0935	-73.4706	-72.8541	-72.2918	-71.7816	-71.2944	-70.8049	-70.2948	-69.7494	-69.1549	-68.4958	-67.7529	-66.9005	-65.903	-64.7095	-63.2444	-61.3913	-58.961	-55.6162	-50.7037	-43.1173	-32.862	-32.2203	-50.4287	-56.976	-58.8084	-59.328	-59.3666	-59.1355	-58.6951	-58.0568	-57.2083	-56.1328	-54.8872	-53.9764
5.245	-75.0948	-74.1063	-73.4846	-72.8694	-72.3083	-71.7994	-71.3138	-70.8262	-70.3181	-69.7753	-69.1839	-68.5286	-67.7906	-66.9444	-65.9552	-64.7729	-63.3235	-61.4933	-59.0975	-55.8094	-50.9967	-43.5695	-33.3761	-31.3269	-49.8472	-56.8127	-58.7611	-59.3166	-59.3719	-59.1521	-58.7216	-58.0937	-57.2574	-56.1977	-54.9736	-54.088
5.25	-75.1054	-74.119	-73.4986	-72.8846	-72.3247	-71.8172	-71.3332	-70.8473	-70.3414	-69.801	-69.2127	-68.5613	-67.828	-66.988	-66.007	-64.8358	-63.4018	-61.5938	-59.232	-55.999	-51.2834	-44.0132	-33.892	-30.5327	-49.2332	-56.6389	-58.7108	-59.3041	-59.3765	-59.1682	-58.7477	-58.13	-57.3058	-56.2616	-55.0586	-54.1977
5.255	-75.116	-74.1317	-73.5126	-72.8997	-72.3411	-71.835	-71.3525	-70.8683	-70.3645	-69.8267	-69.2414	-68.5937	-67.8651	-67.0313	-66.0583	-64.898	-63.4792	-61.6931	-59.3644	-56.1852	-51.564	-44.4482	-34.4088	-29.8524	-48.5856	-56.4538	-58.6575	-59.2904	-59.3804	-59.1837	-58.7732	-58.1658	-57.3536	-56.3247	-55.1424	-54.3055
5.26	-75.1265	-74.1443	-73.5265	-72.9148	-72.3574	-71.8527	-71.3717	-70.8893	-70.3875	-69.8522	-69.2699	-68.6259	-67.902	-67.0742	-66.1091	-64.9596	-63.5557	-61.7911	-59.4948	-56.368	-51.8386	-44.8746	-34.9261	-29.2962	-47.9036	-56.2567	-58.6009	-59.2755	-59.3837	-59.1988	-58.7983	-58.2011	-57.4007	-56.3869	-55.2249	-54.4114
5.265	-75.137	-74.1569	-73.5403	-72.9299	-72.3737	-71.8703	-71.3908	-70.9102	-70.4105	-69.8775	-69.2982	-68.6579	-67.9387	-67.1168	-66.1596	-65.0205	-63.6314	-61.8879	-59.6232	-56.5476	-52.1074	-45.2922	-35.4436	-28.8694	-47.1859	-56.0469	-58.5408	-59.2594	-59.3863	-59.2133	-58.8229	-58.2359	-57.4472	-56.4483	-55.3061	-54.5156
5.27	-75.1475	-74.1695	-73.5542	-72.9449	-72.39	-71.8878	-71.4098	-70.931	-70.4333	-69.9028	-69.3264	-68.6898	-67.9751	-67.159	-66.2095	-65.0809	-63.7062	-61.9834	-59.7498	-56.724	-52.3705	-45.7012	-35.9611	-28.5719	-46.4312	-55.8234	-58.477	-59.242	-59.3882	-59.2273	-58.847	-58.2701	-57.493	-56.5088	-55.3861	-54.618
5.275	-75.1579	-74.182	-73.568	-72.9599	-72.4061	-71.9053	-71.4288	-70.9517	-70.456	-69.9279	-69.3545	-68.7214	-68.0112	-67.201	-66.2591	-65.1407	-63.7802	-62.0777	-59.8745	-56.8973	-52.628	-46.1016	-36.4786	-28.3994	-45.6383	-55.5853	-58.4093	-59.2232	-59.3894	-59.2408	-58.8707	-58.3039	-57.5383	-56.5684	-55.465	-54.7187
5.28	-75.1684	-74.1945	-73.5817	-72.9748	-72.4223	-71.9228	-71.4477	-70.9723	-70.4786	-69.9529	-69.3824	-68.7528	-68.0471	-67.2426	-66.3082	-65.2	-63.8533	-62.1708	-59.9974	-57.0675	-52.8802	-46.4935	-36.9956	-28.3438	-44.8056	-55.3316	-58.3374	-59.2031	-59.3899	-59.2538	-58.8938	-58.3371	-57.5829	-56.6273	-55.5427	-54.8177
5.285	-75.1788	-74.207	-73.5954	-72.9897	-72.4383	-71.9401	-71.4666	-70.9928	-70.5012	-69.9778	-69.4101	-68.7841	-68.0828	-67.2839	-66.357	-65.2586	-63.9257	-62.2628	-60.1185	-57.2349	-53.1271	-46.877	-37.5119	-28.3944	-43.9323	-55.0612	-58.2611	-59.1814	-59.3896	-59.2662	-58.9165	-58.3698	-57.6269	-56.6854	-55.6192	-54.9151
5.29	-75.1892	-74.2194	-73.6091	-73.0045	-72.4543	-71.9575	-71.4854	-71.0133	-70.5236	-70.0026	-69.4377	-68.8152	-68.1183	-67.325	-66.4053	-65.3167	-63.9973	-62.3536	-60.2378	-57.3993	-53.3689	-47.2524	-38.0268	-28.539	-43.0176	-54.7729	-58.18	-59.1582	-59.3886	-59.2781	-58.9387	-58.402	-57.6703	-56.7426	-55.6946	-55.0109
5.295	-75.1995	-74.2318	-73.6227	-73.0193	-72.4703	-71.9747	-71.5041	-71.0337	-70.5459	-70.0272	-69.4652	-68.8461	-68.1535	-67.3657	-66.4532	-65.3743	-64.0682	-62.4433	-60.3555	-57.561	-53.6058	-47.6198	-38.5398	-28.7646	-42.0618	-54.4654	-58.0939	-59.1334	-59.3867	-59.2894	-58.9604	-58.4337	-57.7131	-56.7991	-55.769	-55.1053
5.3	-75.2098	-74.2441	-73.6363	-73.034	-72.4862	-71.9919	-71.5227	-71.054	-70.5681	-70.0518	-69.4925	-68.8768	-68.1884	-67.4061	-66.5007	-65.4313	-64.1383	-62.5319	-60.4715	-57.72	-53.8379	-47.9793	-39.0501	-29.0587	-41.0663	-54.1374	-58.0024	-59.1069	-59.3841	-59.3002	-58.9816	-58.4649	-57.7553	-56.8549	-55.8423	-55.1981
5.305	-75.2202	-74.2565	-73.6498	-73.0487	-72.5021	-72.009	-71.5413	-71.0742	-70.5903	-70.0762	-69.5196	-68.9073	-68.2232	-67.4462	-66.5478	-65.4878	-64.2076	-62.6195	-60.5859	-57.8763	-54.0653	-48.3311	-39.5571	-29.4091	-40.034	-53.7876	-57.9051	-59.0786	-59.3806	-59.3104	-59.0023	-58.4956	-57.797	-56.9099	-55.9145	-55.2894
5.31	-75.2304	-74.2687	-73.6633	-73.0633	-72.5179	-72.0261	-71.5598	-71.0943	-70.6123	-70.1005	-69.5466	-68.9377	-68.2577	-67.486	-66.5946	-65.5437	-64.2762	-62.706	-60.6987	-58.0301	-54.2883	-48.6753	-40.0598	-29.8049	-38.97	-53.4145	-57.8016	-59.0484	-59.3763	-59.3201	-59.0225	-58.5258	-57.838	-56.9641	-55.9857	-55.3793
5.315	-75.2407	-74.281	-73.6768	-73.0779	-72.5337	-72.0431	-71.5782	-71.1143	-70.6343	-70.1247	-69.5735	-68.9679	-68.292	-67.5256	-66.6409	-65.5992	-64.3441	-62.7914	-60.8099	-58.1813	-54.5068	-49.0121	-40.5576	-30.2364	-37.8818	-53.0167	-57.6916	-59.0162	-59.3711	-59.3292	-59.0423	-58.5555	-57.8785	-57.0176	-56.0559	-55.4678
5.32	-75.2509	-74.2932	-73.6902	-73.0925	-72.5494	-72.0601	-71.5965	-71.1343	-70.6561	-70.1487	-69.6003	-68.9979	-68.3261	-67.5648	-66.6869	-65.6541	-64.4113	-62.8758	-60.9196	-58.3301	-54.721	-49.3417	-41.0498	-30.6951	-36.78	-52.593	-57.5745	-58.982	-59.3651	-59.3377	-59.0616	-58.5847	-57.9184	-57.0704	-56.1252	-55.555
5.325	-75.2611	-74.3054	-73.7036	-73.107	-72.565	-72.077	-71.6149	-71.1542	-70.6778	-70.1727	-69.6269	-69.0277	-68.3599	-67.6038	-66.7325	-65.7085	-64.4777	-62.9593	-61.0278	-58.4766	-54.9311	-49.6641	-41.5356	-31.1739	-35.6776	-52.142	-57.4499	-58.9456	-59.358	-59.3456	-59.0803	-58.6134	-57.9578	-57.1225	-56.1934	-55.6409
5.33	-75.2713	-74.3175	-73.7169	-73.1215	-72.5807	-72.0939	-71.6331	-71.174	-70.6995	-70.1965	-69.6533	-69.0574	-68.3936	-67.6425	-66.7777	-65.7625	-64.5435	-63.0417	-61.1346	-58.6207	-55.1372	-49.9796	-42.0145	-31.6671	-34.5911	-51.6625	-57.3173	-58.9069	-59.3501	-59.3529	-59.0986	-58.6417	-57.9966	-57.1739	-56.2608	-55.7254
5.335	-75.2814	-74.3296	-73.7302	-73.1359	-72.5962	-72.1106	-71.6512	-71.1938	-70.7211	-70.2203	-69.6797	-69.0869	-68.427	-67.6809	-66.8226	-65.8159	-64.6087	-63.1232	-61.2399	-58.7625	-55.3394	-50.2883	-42.486	-32.1701	-33.5389	-51.1535	-57.1762	-58.8658	-59.3411	-59.3597	-59.1164	-58.6694	-58.0349	-57.2246	-56.3272	-55.8087
5.34	-75.2916	-74.3417	-73.7435	-73.1503	-72.6117	-72.1274	-71.6693	-71.2134	-70.7426	-70.2439	-69.7058	-69.1162	-68.4602	-67.7191	-66.8671	-65.8689	-64.6731	-63.2038	-61.3438	-58.9021	-55.5378	-50.5904	-42.9495	-32.6794	-32.5411	-50.614	-57.0259	-58.8221	-59.3311	-59.3657	-59.1337	-58.6967	-58.0726	-57.2747	-56.3926	-55.8907
5.345	-75.3017	-74.3538	-73.7567	-73.1646	-72.6272	-72.1441	-71.6874	-71.233	-70.7639	-70.2674	-69.7319	-69.1454	-68.4932	-67.7569	-66.9113	-65.9214	-64.7369	-63.2834	-61.4464	-59.0395	-55.7324	-50.8859	-43.4049	-33.1926	-31.6179	-50.0431	-56.8659	-58.7757	-59.3201	-59.3712	-59.1505	-58.7234	-58.1098	-57.3241	-56.4572	-55.9716
5.35	-75.3118	-74.3658	-73.7699	-73.1789	-72.6426	-72.1607	-71.7053	-71.2525	-70.7852	-70.2908	-69.7578	-69.1744	-68.5261	-67.7946	-66.9552	-65.9735	-64.8001	-63.3622	-61.5476	-59.1749	-55.9235	-51.1751	-43.8519	-33.7081	-30.788	-49.44	-56.6956	-58.7264	-59.3079	-59.376	-59.1668	-58.7497	-58.1464	-57.3728	-56.5209	-56.0512
5.355	-75.3218	-74.3778	-73.7831	-73.1932	-72.658	-72.1773	-71.7233	-71.2719	-70.8064	-70.3141	-69.7836	-69.2032	-68.5587	-67.8319	-66.9986	-66.025	-64.8627	-63.44	-61.6474	-59.3081	-56.1111	-51.458	-44.2902	-34.2248	-30.0676	-48.8036	-56.5142	-58.6741	-59.2946	-59.3802	-59.1825	-58.7755	-58.1825	-57.4208	-56.5838	-56.1297
5.36	-75.3318	-74.3897	-73.7962	-73.2074	-72.6733	-72.1938	-71.7411	-71.2913	-70.8276	-70.3373	-69.8093	-69.2319	-68.5911	-67.869	-67.0418	-66.0762	-64.9246	-63.5169	-61.746	-59.4394	-56.2953	-51.7349	-44.7198	-34.7421	-29.4683	-48.133	-56.3212	-58.6185	-59.2801	-59.3837	-59.1978	-58.8009	-58.2181	-57.4683	-56.6458	-56.2071
5.365	-75.3419	-74.4016	-73.8093	-73.2216	-72.6886	-72.2102	-71.7589	-71.3106	-70.8486	-70.3604	-69.8349	-69.2604	-68.6233	-67.9059	-67.0846	-66.1269	-64.9859	-63.593	-61.8434	-59.5687	-56.4762	-52.006	-45.1407	-35.2597	-28.9973	-47.4272	-56.1156	-58.5596	-59.2644	-59.3866	-59.2125	-58.8257	-58.2532	-57.5151	-56.707	-56.2833
5.37	-75.3518	-74.4135	-73.8223	-73.2357	-72.7038	-72.2266	-71.7766	-71.3298	-70.8695	-70.3834	-69.8603	-69.2888	-68.6553	-67.9425	-67.1271	-66.1771	-65.0466	-63.6683	-61.9394	-59.696	-56.6538	-52.2712	-45.5529	-35.7775	-28.6561	-46.6848	-55.8966	-58.497	-59.2474	-59.3887	-59.2268	-58.8501	-58.2877	-57.5612	-56.7673	-56.3585
5.375	-75.3618	-74.4254	-73.8354	-73.2498	-72.719	-72.243	-71.7942	-71.3489	-70.8904	-70.4062	-69.8856	-69.317	-68.6871	-67.9788	-67.1693	-66.2269	-65.1068	-63.7427	-62.0343	-59.8215	-56.8284	-52.5309	-45.9565	-36.2952	-28.442	-45.9046	-55.6634	-58.4305	-59.2291	-59.3901	-59.2405	-58.8739	-58.3218	-57.6068	-56.8269	-56.4326
5.38	-75.3717	-74.4372	-73.8483	-73.2638	-72.7342	-72.2593	-71.8118	-71.368	-70.9112	-70.429	-69.9107	-69.3451	-68.7187	-68.0149	-67.2111	-66.2763	-65.1663	-63.8162	-62.128	-59.9452	-56.9998	-52.7851	-46.3515	-36.8126	-28.3478	-45.0851	-55.4149	-58.36	-59.2094	-59.3909	-59.2537	-58.8973	-58.3553	-57.6517	-56.8857	-56.5056
5.385	-75.3817	-74.449	-73.8613	-73.2779	-72.7492	-72.2755	-71.8294	-71.387	-70.9319	-70.4517	-69.9358	-69.373	-68.7502	-68.0508	-67.2527	-66.3253	-65.2253	-63.889	-62.2205	-60.0671	-57.1684	-53.034	-46.7382	-37.3293	-28.3637	-44.2252	-55.1501	-58.2851	-59.1882	-59.3908	-59.2663	-58.9203	-58.3883	-57.6961	-56.9436	-56.5776
5.39	-75.3916	-74.4607	-73.8742	-73.2918	-72.7643	-72.2917	-71.8468	-71.4059	-70.9525	-70.4743	-69.9607	-69.4007	-68.7814	-68.0864	-67.2939	-66.3739	-65.2837	-63.961	-62.3118	-60.1872	-57.334	-53.2778	-47.1166	-37.845	-28.4779	-43.3241	-54.8677	-58.2056	-59.1655	-59.39	-59.2784	-58.9427	-58.4208	-57.7398	-57.0009	-56.6487
5.395	-75.4014	-74.4724	-73.887	-73.3057	-72.7793	-72.3079	-71.8643	-71.4248	-70.973	-70.4967	-69.9855	-69.4283	-68.8125	-68.1218	-67.3348	-66.422	-65.3415	-64.0322	-62.402	-60.3056	-57.4968	-53.5166	-47.487	-38.3589	-28.6775	-42.3817	-54.5666	-58.1211	-59.1412	-59.3885	-59.29	-58.9647	-58.4528	-57.783	-57.0573	-56.7187
5.4	-75.4113	-74.4841	-73.8998	-73.3196	-72.7942	-72.324	-71.8816	-71.4436	-70.9934	-70.5191	-70.0102	-69.4558	-68.8434	-68.157	-67.3755	-66.4698	-65.3988	-64.1027	-62.4911	-60.4223	-57.6568	-53.7505	-47.8494	-38.8704	-28.9497	-41.399	-54.2454	-58.0313	-59.1152	-59.3861	-59.301	-58.9861	-58.4843	-57.8255	-57.1131	-56.7878
5.405	-75.4211	-74.4958	-73.9126	-73.3335	-72.8091	-72.34	-71.8989	-71.4623	-71.0138	-70.5414	-70.0347	-69.4831	-68.8741	-68.1919	-67.4158	-66.5171	-65.4556	-64.1724	-62.5792	-60.5373	-57.8142	-53.9797	-48.204	-39.3788	-29.2824	-40.3782	-53.9028	-57.9359	-59.0875	-59.383	-59.3115	-59.0071	-58.5153	-57.8675	-57.1681	-56.8559
5.41	-75.4309	-74.5074	-73.9254	-73.3473	-72.824	-72.356	-71.9161	-71.4809	-71.034	-70.5636	-70.0592	-69.5103	-68.9046	-68.2266	-67.4558	-66.5641	-65.5119	-64.2414	-62.6662	-60.6508	-57.969	-54.2044	-48.551	-39.8833	-29.664	-39.3239	-53.5374	-57.8345	-59.0579	-59.3789	-59.3214	-59.0276	-58.5458	-57.909	-57.2224	-56.9231
5.415	-75.4407	-74.519	-73.9381	-73.3611	-72.8388	-72.3719	-71.9333	-71.4995	-71.0542	-70.5857	-70.0835	-69.5373	-68.9349	-68.2611	-67.4955	-66.6107	-65.5676	-64.3096	-62.7521	-60.7627	-58.1213	-54.4246	-48.8906	-40.383	-30.0845	-38.2426	-53.1478	-57.7266	-59.0264	-59.3741	-59.3307	-59.0476	-58.5758	-57.9498	-57.2759	-56.9894
5.42	-75.4505	-74.5306	-73.9508	-73.3748	-72.8536	-72.3878	-71.9504	-71.518	-71.0744	-70.6076	-70.1077	-69.5642	-68.9651	-68.2953	-67.535	-66.6569	-65.6228	-64.3772	-62.837	-60.8731	-58.2711	-54.6405	-49.2228	-40.8774	-30.5348	-37.1438	-52.7327	-57.6118	-58.9928	-59.3683	-59.3395	-59.0672	-58.6054	-57.9901	-57.3288	-57.0548
5.425	-75.4602	-74.5421	-73.9635	-73.3885	-72.8683	-72.4036	-71.9675	-71.5364	-71.0944	-70.6295	-70.1318	-69.591	-68.9951	-68.3294	-67.5742	-66.7027	-65.6775	-64.444	-62.9209	-60.9819	-58.4185	-54.8521	-49.5479	-41.3656	-31.0075	-36.0399	-52.2907	-57.4897	-58.9572	-59.3616	-59.3476	-59.0862	-58.6344	-58.0299	-57.381	-57.1194
5.43	-75.4699	-74.5536	-73.9761	-73.4021	-72.883	-72.4194	-71.9845	-71.5548	-71.1143	-70.6513	-70.1558	-69.6176	-69.0249	-68.3632	-67.613	-66.7482	-65.7317	-64.5101	-63.0038	-61.0893	-58.5635	-55.0598	-49.866	-41.8471	-31.4965	-34.946	-51.8206	-57.3597	-58.9192	-59.354	-59.3552	-59.1048	-58.663	-58.0691	-57.4325	-57.183
5.435	-75.4796	-74.5651	-73.9887	-73.4157	-72.8977	-72.4352	-72.0014	-71.5731	-71.1342	-70.673	-70.1797	-69.6441	-69.0546	-68.3968	-67.6517	-66.7933	-65.7854	-64.5756	-63.0857	-61.1952	-58.7062	-55.2634	-50.1772	-42.3213	-31.9966	-33.8803	-51.3213	-57.2214	-58.8789	-59.3453	-59.3622	-59.1228	-58.6911	-58.1077	-57.4834	-57.2458
5.44	-75.4893	-74.5766	-74.0012	-73.4293	-72.9122	-72.4508	-72.0183	-71.5914	-71.154	-70.6947	-70.2034	-69.6704	-69.0841	-68.4302	-67.69	-66.8381	-65.8387	-64.6404	-63.1667	-61.2997	-58.8467	-55.4632	-50.4817	-42.7878	-32.5042	-32.8621	-50.7918	-57.0741	-58.836	-59.3357	-59.3685	-59.1404	-58.7186	-58.1459	-57.5336	-57.3078
5.445	-75.4989	-74.588	-74.0137	-73.4428	-72.9268	-72.4665	-72.0351	-71.6095	-71.1737	-70.7162	-70.2271	-69.6966	-69.1134	-68.4634	-67.7281	-66.8825	-65.8914	-64.7045	-63.2468	-61.4029	-58.985	-55.6593	-50.7796	-43.2462	-33.0164	-31.912	-50.2311	-56.9173	-58.7905	-59.325	-59.3743	-59.1574	-58.7458	-58.1835	-57.5831	-57.369
5.45	-75.5086	-74.5994	-74.0262	-73.4563	-72.9413	-72.4821	-72.0519	-71.6277	-71.1934	-70.7376	-70.2506	-69.7227	-69.1425	-68.4963	-67.7659	-66.9265	-65.9437	-64.768	-63.3259	-61.5046	-59.1212	-55.8518	-51.0711	-43.6962	-33.5313	-31.0493	-49.6385	-56.7503	-58.7421	-59.3133	-59.3794	-59.174	-58.7724	-58.2205	-57.632	-57.4293
5.455	-75.5182	-74.6107	-74.0387	-73.4698	-72.9558	-72.4976	-72.0686	-71.6457	-71.213	-70.759	-70.2741	-69.7486	-69.1715	-68.5291	-67.8034	-66.9702	-65.9956	-64.8309	-63.4041	-61.6051	-59.2553	-56.0407	-51.3563	-44.1376	-34.0478	-30.2911	-49.0129	-56.5726	-58.6908	-59.3004	-59.3838	-59.1901	-58.7985	-58.2571	-57.6803	-57.4889
5.46	-75.5278	-74.6221	-74.0511	-73.4832	-72.9702	-72.5131	-72.0853	-71.6637	-71.2325	-70.7802	-70.2974	-69.7744	-69.2004	-68.5617	-67.8407	-67.0136	-66.0469	-64.8931	-63.4815	-61.7042	-59.3873	-56.2262	-51.6354	-44.5704	-34.565	-29.6508	-48.3535	-56.3834	-58.6363	-59.2863	-59.3876	-59.2056	-58.8242	-58.2931	-57.7279	-57.5477
5.465	-75.5373	-74.6334	-74.0635	-73.4966	-72.9846	-72.5285	-72.1019	-71.6816	-71.2519	-70.8014	-70.3206	-69.8001	-69.229	-68.594	-67.8777	-67.0566	-66.0979	-64.9547	-63.558	-61.8021	-59.5174	-56.4083	-51.9086	-44.9944	-35.0826	-29.1369	-47.6592	-56.1819	-58.5784	-59.271	-59.3907	-59.2206	-58.8494	-58.3286	-57.775	-57.6057
5.47	-75.5469	-74.6447	-74.0758	-73.5099	-72.9989	-72.5439	-72.1184	-71.6994	-71.2712	-70.8225	-70.3437	-69.8257	-69.2575	-68.6262	-67.9145	-67.0993	-66.1484	-65.0157	-63.6336	-61.8987	-59.6456	-56.5872	-52.1759	-45.4097	-35.6005	-28.753	-46.9287	-55.9673	-58.517	-59.2545	-59.3932	-59.2352	-58.8741	-58.3636	-57.8214	-57.663
5.475	-75.5564	-74.6559	-74.0881	-73.5232	-73.0132	-72.5593	-72.1349	-71.7172	-71.2905	-70.8434	-70.3667	-69.8511	-69.2859	-68.6582	-67.951	-67.1416	-66.1984	-65.0761	-63.7084	-61.9941	-59.7718	-56.7629	-52.4376	-45.8163	-36.1184	-28.4976	-46.1609	-55.7387	-58.4518	-59.2366	-59.3949	-59.2492	-58.8983	-58.3981	-57.8672	-57.7195
5.48	-75.5659	-74.6671	-74.1004	-73.5365	-73.0275	-72.5746	-72.1514	-71.735	-71.3097	-70.8643	-70.3897	-69.8764	-69.3141	-68.69	-67.9873	-67.1837	-66.2481	-65.136	-63.7823	-62.0882	-59.8962	-56.9355	-52.6938	-46.2144	-36.636	-28.3648	-45.3542	-55.4952	-58.3826	-59.2173	-59.3959	-59.2627	-58.9221	-58.4321	-57.9124	-57.7753
5.485	-75.5754	-74.6783	-74.1127	-73.5498	-73.0417	-72.5898	-72.1678	-71.7526	-71.3288	-70.8852	-70.4125	-69.9016	-69.3421	-68.7215	-68.0233	-67.2254	-66.2973	-65.1952	-63.8555	-62.1812	-60.0188	-57.1052	-52.9447	-46.604	-37.1532	-28.3456	-44.5074	-55.2357	-58.3092	-59.1966	-59.3962	-59.2756	-58.9454	-58.4656	-57.9571	-57.8304
5.49	-75.5849	-74.6895	-74.1249	-73.563	-73.0559	-72.605	-72.1841	-71.7702	-71.3479	-70.9059	-70.4352	-69.9266	-69.37	-68.7529	-68.0591	-67.2668	-66.346	-65.2539	-63.9278	-62.2731	-60.1396	-57.2719	-53.1903	-46.9854	-37.6694	-28.4287	-43.6196	-54.9591	-58.2311	-59.1745	-59.3958	-59.288	-58.9682	-58.4986	-58.0011	-57.8847
5.495	-75.5943	-74.7006	-74.1371	-73.5761	-73.07	-72.6202	-72.2004	-71.7878	-71.3669	-70.9266	-70.4578	-69.9515	-69.3978	-68.7842	-68.0947	-67.308	-66.3944	-65.3121	-63.9994	-62.3638	-60.2587	-57.4357	-53.4309	-47.3586	-38.1841	-28.6016	-42.6904	-54.6641	-58.1483	-59.1507	-59.3945	-59.2999	-58.9905	-58.5311	-58.0446	-57.9384
5.5	-75.6038	-74.7117	-74.1492	-73.5892	-73.0841	-72.6353	-72.2166	-71.8053	-71.3858	-70.9471	-70.4803	-69.9764	-69.4254	-68.8152	-68.13	-67.3488	-66.4424	-65.3696	-64.0702	-62.4533	-60.376	-57.5968	-53.6666	-47.7238	-38.6967	-28.8513	-41.7205	-54.3495	-58.0602	-59.1253	-59.3925	-59.3113	-59.0124	-58.5631	-58.0875	-57.9914
5.505	-75.6132	-74.7228	-74.1613	-73.6023	-73.0982	-72.6504	-72.2328	-71.8227	-71.4046	-70.9676	-70.5027	-70.001	-69.4528	-68.846	-68.1651	-67.3893	-66.49	-65.4267	-64.1403	-62.5418	-60.4918	-57.7553	-53.8976	-48.0812	-39.2063	-29.1653	-40.7116	-54.0139	-57.9667	-59.0982	-59.3897	-59.3221	-59.0338	-58.5946	-58.1299	-58.0437
5.51	-75.6226	-74.7338	-74.1734	-73.6154	-73.1122	-72.6654	-72.2489	-71.8401	-71.4234	-70.988	-70.525	-70.0256	-69.4802	-68.8767	-68.1999	-67.4295	-66.5372	-65.4832	-64.2096	-62.6293	-60.6059	-57.911	-54.1239	-48.4309	-39.7123	-29.532	-39.6674	-53.656	-57.8672	-59.0693	-59.3861	-59.3323	-59.0547	-58.6257	-58.1717	-58.0953
5.515	-75.6319	-74.7449	-74.1855	-73.6284	-73.1262	-72.6804	-72.265	-71.8574	-71.4421	-71.0083	-70.5472	-70.0501	-69.5073	-68.9072	-68.2346	-67.4694	-66.584	-65.5392	-64.2781	-62.7156	-60.7184	-58.0642	-54.3457	-48.7731	-40.2139	-29.9407	-38.5939	-53.2743	-57.7614	-59.0384	-59.3815	-59.342	-59.0751	-58.6562	-58.213	-58.1463
5.52	-75.6413	-74.7558	-74.1975	-73.6414	-73.1401	-72.6953	-72.281	-71.8746	-71.4607	-71.0285	-70.5693	-70.0744	-69.5343	-68.9375	-68.269	-67.509	-66.6304	-65.5946	-64.346	-62.801	-60.8294	-58.215	-54.5631	-49.1079	-40.7102	-30.3821	-37.4995	-52.8675	-57.6489	-59.0056	-59.3761	-59.3511	-59.095	-58.6863	-58.2537	-58.1966
5.525	-75.6506	-74.7668	-74.2095	-73.6544	-73.154	-72.7102	-72.297	-71.8918	-71.4793	-71.0487	-70.5913	-70.0986	-69.5612	-68.9676	-68.3032	-67.5484	-66.6764	-65.6496	-64.4131	-62.8853	-60.9388	-58.3633	-54.7763	-49.4355	-41.2007	-30.8482	-36.3956	-52.4342	-57.5292	-58.9706	-59.3698	-59.3596	-59.1145	-58.7159	-58.2938	-58.2463
5.53	-75.6599	-74.7778	-74.2215	-73.6673	-73.1679	-72.7251	-72.3129	-71.9089	-71.4978	-71.0688	-70.6132	-70.1227	-69.588	-68.9976	-68.3371	-67.5874	-66.7221	-65.704	-64.4796	-62.9686	-61.0468	-58.5092	-54.9854	-49.756	-41.6846	-31.3324	-35.2966	-51.9732	-57.4018	-58.9334	-59.3626	-59.3675	-59.1334	-58.745	-58.3335	-58.2953
5.535	-75.6692	-74.7887	-74.2334	-73.6801	-73.1817	-72.7399	-72.3288	-71.926	-71.5162	-71.0888	-70.6351	-70.1467	-69.6146	-69.0274	-68.3709	-67.6262	-66.7674	-65.758	-64.5454	-63.0509	-61.1533	-58.6528	-55.1905	-50.0696	-42.1614	-31.8294	-34.2197	-51.4833	-57.2661	-58.8939	-59.3544	-59.3748	-59.1519	-58.7736	-58.3726	-58.3437
5.54	-75.6785	-74.7996	-74.2453	-73.693	-73.1955	-72.7546	-72.3446	-71.943	-71.5346	-71.1087	-70.6568	-70.1706	-69.641	-69.057	-68.4044	-67.6647	-66.8123	-65.8115	-64.6105	-63.1323	-61.2583	-58.7941	-55.3917	-50.3764	-42.6306	-32.3349	-33.1839	-50.9636	-57.1218	-58.8519	-59.3452	-59.3816	-59.1699	-58.8018	-58.4112	-58.3915
5.545	-75.6877	-74.8104	-74.2572	-73.7058	-73.2092	-72.7693	-72.3604	-71.96	-71.5529	-71.1285	-70.6785	-70.1944	-69.6674	-69.0864	-68.4378	-67.7029	-66.8569	-65.8645	-64.6749	-63.2128	-61.362	-58.9332	-55.5891	-50.6767	-43.0919	-32.8458	-32.2096	-50.4129	-56.9681	-58.8073	-59.335	-59.3877	-59.1874	-58.8295	-58.4492	-58.4387
5.55	-75.697	-74.8212	-74.269	-73.7186	-73.2229	-72.784	-72.3761	-71.9769	-71.5711	-71.1483	-70.7	-70.2181	-69.6936	-69.1157	-68.4709	-67.7409	-66.9011	-65.917	-64.7387	-63.2923	-61.4643	-59.0702	-55.7829	-50.9704	-43.5448	-33.3601	-31.3166	-49.8306	-56.8044	-58.7599	-59.3236	-59.3932	-59.2044	-58.8567	-58.4868	-58.4853
5.555	-75.7062	-74.8321	-74.2808	-73.7313	-73.2366	-72.7987	-72.3918	-71.9937	-71.5893	-71.168	-70.7215	-70.2416	-69.7196	-69.1448	-68.5038	-67.7786	-66.945	-65.9691	-64.8018	-63.3709	-61.5653	-59.2051	-55.9731	-51.2578	-43.9892	-33.8762	-30.523	-49.2156	-56.6302	-58.7096	-59.3112	-59.398	-59.2209	-58.8834	-58.5238	-58.5312
5.56	-75.7154	-74.8428	-74.2926	-73.744	-73.2502	-72.8132	-72.4074	-72.0105	-71.6074	-71.1876	-70.7428	-70.2651	-69.7456	-69.1738	-68.5365	-67.816	-66.9886	-66.0207	-64.8643	-63.4486	-61.665	-59.3379	-56.1598	-51.5391	-44.4249	-34.3933	-29.8434	-48.5671	-56.4447	-58.6562	-59.2976	-59.4022	-59.2369	-58.9097	-58.5604	-58.5766
5.565	-75.7245	-74.8536	-74.3044	-73.7567	-73.2638	-72.8278	-72.423	-72.0272	-71.6254	-71.2071	-70.7641	-70.2884	-69.7714	-69.2026	-68.569	-67.8532	-67.0318	-66.0718	-64.9262	-63.5255	-61.7633	-59.4687	-56.3432	-51.8144	-44.8519	-34.9109	-29.2881	-47.884	-56.2472	-58.5995	-59.2829	-59.4057	-59.2524	-58.9355	-58.5964	-58.6214
5.57	-75.7337	-74.8643	-74.3161	-73.7694	-73.2774	-72.8423	-72.4385	-72.0439	-71.6434	-71.2266	-70.7853	-70.3116	-69.797	-69.2312	-68.6013	-67.8902	-67.0747	-66.1225	-64.9875	-63.6015	-61.8604	-59.5976	-56.5232	-52.0837	-45.2702	-35.4288	-28.8622	-47.1652	-56.0369	-58.5393	-59.2668	-59.4086	-59.2674	-58.9608	-58.6319	-58.6657
5.575	-75.7428	-74.875	-74.3278	-73.782	-73.2909	-72.8567	-72.454	-72.0605	-71.6613	-71.246	-70.8064	-70.3348	-69.8226	-69.2597	-68.6334	-67.9268	-67.1172	-66.1728	-65.0482	-63.6766	-61.9563	-59.7246	-56.7001	-52.3474	-45.6798	-35.9468	-28.5657	-46.4094	-55.8129	-58.4754	-59.2495	-59.4107	-59.2819	-58.9857	-58.6669	-58.7094
5.58	-75.752	-74.8857	-74.3394	-73.7945	-73.3044	-72.8712	-72.4695	-72.0771	-71.6791	-71.2653	-70.8274	-70.3578	-69.848	-69.288	-68.6653	-67.9633	-67.1594	-66.2226	-65.1083	-63.7509	-62.0509	-59.8496	-56.8738	-52.6055	-46.0808	-36.4646	-28.3942	-45.6152	-55.5743	-58.4075	-59.2308	-59.4122	-59.2959	-59.0101	-58.7015	-58.7525
5.585	-75.7611	-74.8964	-74.3511	-73.8071	-73.3178	-72.8855	-72.4848	-72.0936	-71.6969	-71.2845	-70.8484	-70.3807	-69.8733	-69.3162	-68.6971	-67.9994	-67.2013	-66.2721	-65.1678	-63.8244	-62.1444	-59.9729	-57.0445	-52.8582	-46.4734	-36.9821	-28.3395	-44.7813	-55.32	-58.3355	-59.2107	-59.4129	-59.3093	-59.0341	-58.7355	-58.795
5.59	-75.7702	-74.907	-74.3627	-73.8196	-73.3312	-72.8999	-72.5002	-72.1101	-71.7146	-71.3037	-70.8692	-70.4035	-69.8985	-69.3442	-68.7286	-68.0354	-67.2429	-66.3211	-65.2268	-63.8971	-62.2367	-60.0944	-57.2123	-53.1057	-46.8575	-37.4988	-28.3909	-43.9066	-55.049	-58.2591	-59.1892	-59.4129	-59.3223	-59.0575	-58.7691	-58.837
5.595	-75.7792	-74.9176	-74.3743	-73.8321	-73.3446	-72.9142	-72.5155	-72.1265	-71.7323	-71.3228	-70.89	-70.4262	-69.9235	-69.3721	-68.7599	-68.0711	-67.2842	-66.3696	-65.2852	-63.969	-62.3278	-60.2141	-57.3772	-53.348	-47.2335	-38.0142	-28.5362	-42.9906	-54.76	-58.1778	-59.1661	-59.4122	-59.3347	-59.0806	-58.8022	-58.8784
5.6	-75.7883	-74.9282	-74.3858	-73.8445	-73.3579	-72.9284	-72.5307	-72.1428	-71.7499	-71.3418	-70.9106	-70.4488	-69.9484	-69.3998	-68.7911	-68.1066	-67.3252	-66.4178	-65.343	-64.0401	-62.4179	-60.3321	-57.5393	-53.5854	-47.6014	-38.5276	-28.7625	-42.0335	-54.4518	-58.0916	-59.1413	-59.4106	-59.3465	-59.1031	-58.8348	-58.9193
5.605	-75.7973	-74.9387	-74.3973	-73.8569	-73.3712	-72.9426	-72.5459	-72.1591	-71.7674	-71.3608	-70.9312	-70.4714	-69.9732	-69.4274	-68.8221	-68.1418	-67.3659	-66.4656	-65.4003	-64.1105	-62.5068	-60.4485	-57.6987	-53.818	-47.9615	-39.0384	-29.0571	-41.0367	-54.1231	-57.9999	-59.1149	-59.4083	-59.3578	-59.1252	-58.8669	-58.9597
5.61	-75.8063	-74.9492	-74.4088	-73.8693	-73.3845	-72.9568	-72.5611	-72.1754	-71.7849	-71.3796	-70.9517	-70.4938	-69.9979	-69.4548	-68.8528	-68.1768	-67.4062	-66.513	-65.457	-64.1801	-62.5946	-60.5632	-57.8554	-54.0459	-48.3138	-39.5457	-29.408	-40.0033	-53.7724	-57.9024	-59.0867	-59.4051	-59.3686	-59.1468	-58.8986	-58.9996
5.615	-75.8153	-74.9597	-74.4203	-73.8817	-73.3977	-72.9709	-72.5762	-72.1915	-71.8023	-71.3985	-70.9721	-70.5161	-70.0225	-69.4821	-68.8835	-68.2115	-67.4463	-66.56	-65.5132	-64.249	-62.6814	-60.6763	-58.0095	-54.2693	-48.6585	-40.0489	-29.8043	-38.9383	-53.3985	-57.7988	-59.0567	-59.4011	-59.3788	-59.1679	-58.9297	-59.0389
5.62	-75.8243	-74.9702	-74.4317	-73.894	-73.4109	-72.985	-72.5913	-72.2077	-71.8197	-71.4172	-70.9925	-70.5383	-70.0469	-69.5092	-68.9139	-68.2461	-67.4861	-66.6066	-65.5689	-64.3171	-62.7672	-60.7878	-58.1611	-54.4883	-48.9959	-40.5471	-30.236	-37.8495	-52.9998	-57.6885	-59.0246	-59.3963	-59.3885	-59.1886	-58.9605	-59.0777
5.625	-75.8333	-74.9807	-74.4431	-73.9063	-73.424	-72.9991	-72.6063	-72.2238	-71.837	-71.4359	-71.0127	-70.5604	-70.0713	-69.5362	-68.9441	-68.2804	-67.5256	-66.6528	-65.6241	-64.3846	-62.8519	-60.8979	-58.3103	-54.7029	-49.3259	-41.0397	-30.695	-36.7472	-52.5751	-57.5712	-58.9905	-59.3905	-59.3976	-59.2088	-58.9907	-59.1159
5.63	-75.8422	-74.9911	-74.4545	-73.9185	-73.4372	-73.0131	-72.6212	-72.2398	-71.8542	-71.4545	-71.0329	-70.5825	-70.0955	-69.5631	-68.9742	-68.3145	-67.5648	-66.6986	-65.6788	-64.4513	-62.9356	-61.0064	-58.4571	-54.9135	-49.6488	-41.5259	-31.174	-35.645	-52.1231	-57.4464	-58.9542	-59.3838	-59.4061	-59.2285	-59.0205	-59.1537
5.635	-75.8511	-75.0015	-74.4658	-73.9308	-73.4502	-73.0271	-72.6362	-72.2558	-71.8714	-71.473	-71.053	-70.6044	-70.1196	-69.5898	-69.0041	-68.3484	-67.6037	-66.7441	-65.733	-64.5174	-63.0183	-61.1134	-58.6015	-55.1199	-49.9648	-42.0052	-31.6673	-34.559	-51.6426	-57.3136	-58.9156	-59.3762	-59.414	-59.2477	-59.0498	-59.191
5.64	-75.86	-75.0119	-74.4771	-73.9429	-73.4633	-73.041	-72.6511	-72.2717	-71.8885	-71.4915	-71.0731	-70.6262	-70.1436	-69.6164	-69.0339	-68.3821	-67.6424	-66.7892	-65.7867	-64.5828	-63.1001	-61.219	-58.7436	-55.3225	-50.2739	-42.477	-32.1705	-33.508	-51.1325	-57.1721	-58.8746	-59.3676	-59.4214	-59.2665	-59.0786	-59.2277
5.645	-75.8689	-75.0222	-74.4884	-73.9551	-73.4763	-73.0549	-72.6659	-72.2876	-71.9056	-71.5099	-71.093	-70.648	-70.1674	-69.6428	-69.0634	-68.4155	-67.6808	-66.834	-65.8399	-64.6475	-63.1809	-61.3232	-58.8836	-55.5212	-50.5764	-42.9409	-32.68	-32.512	-50.5918	-57.0216	-58.831	-59.358	-59.4281	-59.2848	-59.107	-59.264
5.65	-75.8778	-75.0326	-74.4997	-73.9672	-73.4893	-73.0687	-72.6807	-72.3035	-71.9226	-71.5282	-71.1129	-70.6696	-70.1912	-69.6691	-69.0928	-68.4488	-67.7189	-66.8784	-65.8926	-64.7115	-63.2608	-61.4261	-59.0213	-55.7163	-50.8723	-43.3967	-33.1934	-31.5911	-50.0197	-56.8613	-58.7847	-59.3473	-59.4342	-59.3026	-59.1349	-59.2997
5.655	-75.8867	-75.0429	-74.5109	-73.9793	-73.5022	-73.0826	-72.6955	-72.3193	-71.9395	-71.5465	-71.1326	-70.6912	-70.2149	-69.6953	-69.1221	-68.4818	-67.7567	-66.9225	-65.9449	-64.775	-63.3398	-61.5275	-59.1569	-55.9077	-51.1619	-43.8439	-33.709	-30.7641	-49.4153	-56.6906	-58.7356	-59.3355	-59.4397	-59.3199	-59.1624	-59.335
5.66	-75.8955	-75.0532	-74.5221	-73.9914	-73.5152	-73.0963	-72.7102	-72.335	-71.9564	-71.5647	-71.1524	-70.7126	-70.2384	-69.7213	-69.1511	-68.5146	-67.7943	-66.9662	-65.9967	-64.8377	-63.4178	-61.6277	-59.2905	-56.0956	-51.4452	-44.2826	-34.2259	-30.0469	-48.7776	-56.5089	-58.6834	-59.3226	-59.4445	-59.3367	-59.1894	-59.3697
5.665	-75.9043	-75.0634	-74.5333	-74.0035	-73.528	-73.1101	-72.7248	-72.3507	-71.9732	-71.5828	-71.172	-70.734	-70.2618	-69.7472	-69.18	-68.5473	-67.8316	-67.0095	-66.0481	-64.8999	-63.495	-61.7265	-59.422	-56.2801	-51.7225	-44.7125	-34.7434	-29.4513	-48.1057	-56.3155	-58.6279	-59.3085	-59.4487	-59.3531	-59.2159	-59.404
5.67	-75.9132	-75.0737	-74.5445	-74.0155	-73.5409	-73.1238	-72.7395	-72.3663	-71.99	-71.6009	-71.1915	-70.7553	-70.2852	-69.773	-69.2088	-68.5797	-67.8687	-67.0526	-66.099	-64.9614	-63.5714	-61.8241	-59.5516	-56.4613	-51.9938	-45.1337	-35.2613	-28.984	-47.3984	-56.1095	-58.5691	-59.2932	-59.4523	-59.3689	-59.242	-59.4378
5.675	-75.9219	-75.0839	-74.5556	-74.0274	-73.5537	-73.1375	-72.7541	-72.3819	-72.0068	-71.6189	-71.211	-70.7765	-70.3084	-69.7986	-69.2374	-68.6119	-67.9055	-67.0953	-66.1495	-65.0224	-63.6468	-61.9204	-59.6793	-56.6393	-52.2594	-45.5462	-35.7793	-28.6466	-46.6546	-55.8901	-58.5066	-59.2766	-59.4552	-59.3843	-59.2676	-59.4711
5.68	-75.9307	-75.0941	-74.5667	-74.0394	-73.5665	-73.1511	-72.7686	-72.3975	-72.0234	-71.6368	-71.2304	-70.7976	-70.3315	-69.8242	-69.2658	-68.644	-67.9421	-67.1377	-66.1995	-65.0827	-63.7215	-62.0155	-59.805	-56.8141	-52.5194	-45.95	-36.2973	-28.436	-45.8728	-55.6564	-58.4403	-59.2587	-59.4573	-59.3991	-59.2928	-59.504
5.685	-75.9395	-75.1042	-74.5778	-74.0513	-73.5792	-73.1647	-72.7831	-72.413	-72.04	-71.6547	-71.2498	-70.8186	-70.3545	-69.8496	-69.2941	-68.6758	-67.9784	-67.1797	-66.2491	-65.1425	-63.7953	-62.1094	-59.9289	-56.9859	-52.7739	-46.3453	-36.815	-28.3452	-45.0518	-55.4074	-58.3699	-59.2394	-59.4588	-59.4135	-59.3175	-59.5364
5.69	-75.9482	-75.1144	-74.5888	-74.0632	-73.5919	-73.1782	-72.7976	-72.4284	-72.0566	-71.6725	-71.269	-70.8396	-70.3774	-69.8748	-69.3222	-68.7074	-68.0145	-67.2215	-66.2983	-65.2017	-63.8683	-62.2022	-60.051	-57.1546	-53.0232	-46.7323	-37.3321	-28.3642	-44.1903	-55.1421	-58.2951	-59.2187	-59.4595	-59.4273	-59.3418	-59.5682
5.695	-75.9569	-75.1245	-74.5999	-74.0751	-73.6046	-73.1917	-72.812	-72.4438	-72.0731	-71.6903	-71.2882	-70.8604	-70.4002	-69.9	-69.3502	-68.7389	-68.0503	-67.2629	-66.3471	-65.2603	-63.9405	-62.2937	-60.1714	-57.3205	-53.2672	-47.111	-37.848	-28.481	-43.2875	-54.8591	-58.2157	-59.1965	-59.4596	-59.4406	-59.3656	-59.5997
5.7	-75.9657	-75.1346	-74.6109	-74.0869	-73.6172	-73.2052	-72.8263	-72.4592	-72.0896	-71.708	-71.3073	-70.8812	-70.423	-69.925	-69.378	-68.7702	-68.0859	-67.304	-66.3954	-65.3183	-64.0119	-62.3842	-60.29	-57.4836	-53.5063	-47.4815	-38.3622	-28.6829	-42.3435	-54.5574	-58.1314	-59.1726	-59.4588	-59.4534	-59.3889	-59.6306
5.705	-75.9744	-75.1447	-74.6218	-74.0987	-73.6299	-73.2187	-72.8407	-72.4745	-72.1059	-71.7256	-71.3264	-70.9019	-70.4456	-69.9499	-69.4057	-68.8013	-68.1212	-67.3449	-66.4434	-65.3759	-64.0826	-62.4735	-60.407	-57.6439	-53.7405	-47.8442	-38.874	-28.9571	-41.3592	-54.2356	-58.0417	-59.1471	-59.4573	-59.4657	-59.4118	-59.6611
5.71	-75.983	-75.1547	-74.6328	-74.1105	-73.6424	-73.2321	-72.855	-72.4898	-72.1223	-71.7432	-71.3454	-70.9225	-70.4681	-69.9747	-69.4332	-68.8322	-68.1564	-67.3854	-66.4909	-65.4328	-64.1525	-62.5618	-60.5223	-57.8016	-53.97	-48.1991	-39.3826	-29.2914	-40.3371	-53.8923	-57.9465	-59.1199	-59.4549	-59.4775	-59.4342	-59.6911
5.715	-75.9917	-75.1648	-74.6437	-74.1222	-73.655	-73.2455	-72.8692	-72.505	-72.1386	-71.7607	-71.3643	-70.943	-70.4905	-69.9993	-69.4606	-68.8629	-68.1912	-67.4256	-66.5381	-65.4893	-64.2217	-62.649	-60.636	-57.9566	-54.1949	-48.5463	-39.8872	-29.6743	-39.2816	-53.5261	-57.8451	-59.0909	-59.4518	-59.4887	-59.4562	-59.7207
5.72	-76.0003	-75.1748	-74.6546	-74.1339	-73.6675	-73.2588	-72.8834	-72.5201	-72.1548	-71.7782	-71.3831	-70.9634	-70.5128	-70.0239	-69.4878	-68.8934	-68.2259	-67.4655	-66.5849	-65.5452	-64.2901	-62.7351	-60.7481	-58.1091	-54.4153	-48.886	-40.3871	-30.0957	-38.1995	-53.1358	-57.7374	-59.0599	-59.4478	-59.4993	-59.4777	-59.7498
5.725	-76.009	-75.1848	-74.6655	-74.1456	-73.68	-73.2721	-72.8976	-72.5353	-72.171	-71.7955	-71.4018	-70.9838	-70.535	-70.0483	-69.5149	-68.9238	-68.2604	-67.5051	-66.6313	-65.6006	-64.3578	-62.8202	-60.8586	-58.2591	-54.6314	-49.2185	-40.8816	-30.5468	-37.1003	-52.7198	-57.6227	-59.0269	-59.4429	-59.5094	-59.4988	-59.7784
5.73	-76.0176	-75.1947	-74.6763	-74.1573	-73.6924	-73.2854	-72.9117	-72.5503	-72.1872	-71.8129	-71.4205	-71.0041	-70.5571	-70.0726	-69.5419	-68.954	-68.2946	-67.5445	-66.6773	-65.6555	-64.4249	-62.9043	-60.9677	-58.4067	-54.8433	-49.5437	-41.37	-31.0201	-35.9965	-52.2769	-57.5008	-58.9918	-59.4372	-59.519	-59.5194	-59.8066
5.735	-76.0262	-75.2047	-74.6871	-74.1689	-73.7049	-73.2986	-72.9258	-72.5654	-72.2032	-71.8301	-71.4392	-71.0242	-70.5791	-70.0968	-69.5687	-68.984	-68.3286	-67.5836	-66.7229	-65.7099	-64.4912	-62.9874	-61.0753	-58.5519	-55.0512	-49.862	-41.8516	-31.5095	-34.9036	-51.8059	-57.3709	-58.9544	-59.4305	-59.528	-59.5395	-59.8343
5.74	-76.0348	-75.2146	-74.6979	-74.1805	-73.7172	-73.3118	-72.9399	-72.5804	-72.2193	-71.8474	-71.4577	-71.0443	-70.6011	-70.1209	-69.5954	-69.0138	-68.3624	-67.6224	-66.7682	-65.7638	-64.5568	-63.0695	-61.1814	-58.6948	-55.255	-50.1734	-42.3259	-32.0099	-33.8394	-51.3057	-57.2327	-58.9147	-59.4229	-59.5364	-59.5591	-59.8616
5.745	-76.0433	-75.2245	-74.7087	-74.1921	-73.7296	-73.3249	-72.9539	-72.5953	-72.2353	-71.8645	-71.4762	-71.0644	-70.6229	-70.1448	-69.6219	-69.0435	-68.3959	-67.6609	-66.8131	-65.8172	-64.6218	-63.1507	-61.2861	-58.8355	-55.4551	-50.478	-42.7924	-32.5177	-32.8237	-50.7753	-57.0855	-58.8724	-59.4142	-59.5442	-59.5783	-59.8884
5.75	-76.0519	-75.2344	-74.7194	-74.2036	-73.7419	-73.3381	-72.9679	-72.6102	-72.2512	-71.8816	-71.4946	-71.0843	-70.6446	-70.1687	-69.6483	-69.073	-68.4293	-67.6991	-66.8577	-65.8701	-64.6861	-63.2309	-61.3894	-58.974	-55.6513	-50.7761	-43.2509	-33.0301	-31.8767	-50.2137	-56.9288	-58.8275	-59.4046	-59.5514	-59.597	-59.9147
5.755	-76.0604	-75.2442	-74.7301	-74.2151	-73.7542	-73.3512	-72.9818	-72.6251	-72.2671	-71.8986	-71.513	-71.1042	-70.6663	-70.1924	-69.6745	-69.1023	-68.4624	-67.7371	-66.9019	-65.9226	-64.7498	-63.3102	-61.4914	-59.1104	-55.844	-51.0677	-43.7009	-33.5451	-31.018	-49.6201	-56.762	-58.7798	-59.3938	-59.5581	-59.6153	-59.9406
5.76	-76.0689	-75.2541	-74.7408	-74.2266	-73.7665	-73.3642	-72.9957	-72.6399	-72.2829	-71.9156	-71.5313	-71.124	-70.6878	-70.2161	-69.7007	-69.1315	-68.4954	-67.7748	-66.9458	-65.9746	-64.8128	-63.3886	-61.592	-59.2447	-56.0331	-51.3531	-44.1424	-34.0617	-30.2644	-48.9936	-56.5844	-58.7291	-59.382	-59.5641	-59.6331	-59.9661
5.765	-76.0775	-75.2639	-74.7515	-74.2381	-73.7787	-73.3772	-73.0096	-72.6547	-72.2987	-71.9325	-71.5495	-71.1437	-70.7093	-70.2396	-69.7267	-69.1605	-68.5281	-67.8123	-66.9893	-66.0261	-64.8752	-63.4662	-61.6913	-59.3769	-56.2187	-51.6324	-44.5751	-34.5791	-29.629	-48.3332	-56.3953	-58.6753	-59.3691	-59.5695	-59.6504	-59.9911
5.77	-76.0859	-75.2737	-74.7621	-74.2495	-73.7909	-73.3902	-73.0234	-72.6694	-72.3144	-71.9494	-71.5677	-71.1634	-70.7307	-70.263	-69.7525	-69.1894	-68.5607	-67.8495	-67.0325	-66.0772	-64.937	-63.5428	-61.7893	-59.5071	-56.401	-51.9057	-44.9991	-35.0969	-29.1204	-47.6379	-56.194	-58.6182	-59.3549	-59.5742	-59.6672	-60.0156
5.775	-76.0944	-75.2834	-74.7727	-74.2609	-73.8031	-73.4032	-73.0372	-72.6841	-72.3301	-71.9662	-71.5857	-71.1829	-70.7519	-70.2863	-69.7783	-69.218	-68.593	-67.8864	-67.0753	-66.1279	-64.9982	-63.6186	-61.8861	-59.6354	-56.58	-52.1731	-45.4144	-35.6149	-28.7417	-46.9065	-55.9796	-58.5575	-59.3395	-59.5783	-59.6835	-60.0397
5.78	-76.1029	-75.2932	-74.7833	-74.2723	-73.8153	-73.4161	-73.0509	-72.6987	-72.3458	-71.983	-71.6038	-71.2024	-70.7731	-70.3095	-69.8039	-69.2466	-68.6251	-67.9231	-67.1179	-66.1781	-65.0587	-63.6935	-61.9816	-59.7619	-56.7559	-52.435	-45.8211	-36.1329	-28.4913	-46.1375	-55.7512	-58.4931	-59.3229	-59.5817	-59.6993	-60.0633
5.785	-76.1113	-75.3029	-74.7939	-74.2837	-73.8274	-73.429	-73.0646	-72.7133	-72.3614	-71.9997	-71.6217	-71.2218	-70.7942	-70.3326	-69.8294	-69.2749	-68.6571	-67.9595	-67.1601	-66.2279	-65.1187	-63.7677	-62.076	-59.8864	-56.9287	-52.6913	-46.2191	-36.6507	-28.3633	-45.3298	-55.5078	-58.4247	-59.3048	-59.5845	-59.7147	-60.0865
5.79	-76.1198	-75.3126	-74.8044	-74.295	-73.8394	-73.4418	-73.0783	-72.7279	-72.3769	-72.0163	-71.6396	-71.2412	-70.8153	-70.3556	-69.8547	-69.3032	-68.6888	-67.9957	-67.202	-66.2772	-65.1781	-63.841	-62.1691	-60.0091	-57.0985	-52.9422	-46.6088	-37.168	-28.3484	-44.4819	-55.2485	-58.3521	-59.2854	-59.5865	-59.7295	-60.1092
5.795	-76.1282	-75.3223	-74.815	-74.3063	-73.8515	-73.4547	-73.0919	-72.7424	-72.3924	-72.0329	-71.6575	-71.2604	-70.8362	-70.3785	-69.88	-69.3312	-68.7204	-68.0317	-67.2435	-66.3262	-65.237	-63.9135	-62.2611	-60.1301	-57.2653	-53.188	-46.9901	-37.6843	-28.4354	-43.5931	-54.9721	-58.2749	-59.2645	-59.5878	-59.7438	-60.1315
5.8	-76.1366	-75.332	-74.8255	-74.3176	-73.8635	-73.4675	-73.1055	-72.7569	-72.4078	-72.0495	-71.6753	-71.2796	-70.857	-70.4013	-69.9051	-69.3591	-68.7518	-68.0674	-67.2848	-66.3747	-65.2953	-63.9852	-62.3519	-60.2493	-57.4293	-53.4287	-47.3633	-38.1991	-28.6116	-42.6628	-54.6773	-58.1929	-59.2421	-59.5884	-59.7577	-60.1533
5.805	-76.145	-75.3416	-74.8359	-74.3288	-73.8755	-73.4802	-73.1191	-72.7713	-72.4232	-72.0659	-71.693	-71.2988	-70.8778	-70.424	-69.93	-69.3869	-68.783	-68.1028	-67.3258	-66.4228	-65.353	-64.0561	-62.4417	-60.3668	-57.5906	-53.6645	-47.7285	-38.7117	-28.8641	-41.6918	-54.3629	-58.1058	-59.2181	-59.5883	-59.771	-60.1746
5.81	-76.1533	-75.3512	-74.8464	-74.34	-73.8875	-73.4929	-73.1326	-72.7857	-72.4386	-72.0824	-71.7106	-71.3178	-70.8985	-70.4466	-69.9549	-69.4145	-68.814	-68.1381	-67.3664	-66.4706	-65.4102	-64.1263	-62.5303	-60.4827	-57.7491	-53.8955	-48.0859	-39.2214	-29.1805	-40.682	-54.0275	-58.0132	-59.1924	-59.5874	-59.7838	-60.1955
5.815	-76.1617	-75.3608	-74.8568	-74.3512	-73.8994	-73.5056	-73.1461	-72.8	-72.4539	-72.0988	-71.7282	-71.3368	-70.9191	-70.4691	-69.9796	-69.442	-68.8448	-68.1731	-67.4068	-66.5179	-65.4668	-64.1958	-62.6179	-60.5969	-57.905	-54.1219	-48.4356	-39.7274	-29.5491	-39.637	-53.6698	-57.9147	-59.1649	-59.5857	-59.7961	-60.216
5.82	-76.17	-75.3704	-74.8672	-74.3624	-73.9113	-73.5183	-73.1595	-72.8144	-72.4692	-72.1151	-71.7457	-71.3557	-70.9396	-70.4915	-70.0043	-69.4693	-68.8754	-68.2079	-67.4468	-66.5648	-65.5229	-64.2645	-62.7044	-60.7096	-58.0583	-54.3438	-48.7777	-40.2289	-29.9592	-38.5629	-53.2884	-57.81	-59.1356	-59.5831	-59.8078	-60.2359
5.825	-76.1784	-75.38	-74.8776	-74.3735	-73.9232	-73.5309	-73.1729	-72.8286	-72.4844	-72.1314	-71.7632	-71.3745	-70.96	-70.5137	-70.0288	-69.4965	-68.9059	-68.2424	-67.4866	-66.6114	-65.5786	-64.3325	-62.7898	-60.8207	-58.2092	-54.5613	-49.1125	-40.7252	-30.4018	-37.4683	-52.8818	-57.6986	-59.1043	-59.5798	-59.819	-60.2554
5.83	-76.1867	-75.3895	-74.8879	-74.3846	-73.9351	-73.5435	-73.1863	-72.8429	-72.4995	-72.1476	-71.7806	-71.3933	-70.9804	-70.5359	-70.0532	-69.5235	-68.9361	-68.2767	-67.5261	-66.6576	-65.6336	-64.3998	-62.8743	-60.9303	-58.3576	-54.7746	-49.4401	-41.2156	-30.8688	-36.3645	-52.4488	-57.58	-59.0709	-59.5756	-59.8297	-60.2745
5.835	-76.195	-75.399	-74.8983	-74.3957	-73.9469	-73.5561	-73.1997	-72.857	-72.5147	-72.1637	-71.798	-71.412	-71.0006	-70.558	-70.0774	-69.5504	-68.9663	-68.3109	-67.5653	-66.7034	-65.6882	-64.4663	-62.9577	-61.0383	-58.5036	-54.9837	-49.7606	-41.6994	-31.3536	-35.2661	-51.9882	-57.4537	-59.0354	-59.5705	-59.8398	-60.293
5.84	-76.2032	-75.4085	-74.9086	-74.4068	-73.9587	-73.5686	-73.213	-72.8712	-72.5297	-72.1799	-71.8153	-71.4306	-71.0208	-70.58	-70.1016	-69.5772	-68.9962	-68.3447	-67.6042	-66.7488	-65.7423	-64.5322	-63.0402	-61.145	-58.6473	-55.1889	-50.0741	-42.176	-31.8509	-34.1903	-51.4988	-57.3194	-58.9975	-59.5644	-59.8494	-60.3111
5.845	-76.2115	-75.418	-74.9189	-74.4178	-73.9704	-73.5811	-73.2262	-72.8853	-72.5448	-72.1959	-71.8325	-71.4492	-71.0409	-70.6019	-70.1256	-69.6038	-69.026	-68.3784	-67.6428	-66.7939	-65.7959	-64.5975	-63.1217	-61.2502	-58.7887	-55.3902	-50.3809	-42.6451	-32.3567	-33.1562	-50.9795	-57.1763	-58.9573	-59.5574	-59.8583	-60.3288
5.85	-76.2198	-75.4275	-74.9291	-74.4288	-73.9822	-73.5935	-73.2395	-72.8994	-72.5598	-72.2119	-71.8497	-71.4677	-71.0609	-70.6238	-70.1496	-69.6303	-69.0555	-68.4119	-67.6812	-66.8386	-65.8491	-64.662	-63.2023	-61.354	-58.928	-55.5876	-50.6811	-43.1061	-32.8678	-32.1842	-50.4294	-57.024	-58.9145	-59.5495	-59.8667	-60.3459
5.855	-76.228	-75.4369	-74.9394	-74.4398	-73.9939	-73.606	-73.2527	-72.9134	-72.5747	-72.2279	-71.8668	-71.4861	-71.0809	-70.6455	-70.1734	-69.6566	-69.085	-68.4451	-67.7193	-66.8829	-65.9017	-64.7259	-63.2819	-61.4564	-59.065	-55.7815	-50.9748	-43.5589	-33.3821	-31.294	-49.8477	-56.8618	-58.8689	-59.5405	-59.8746	-60.3626
5.86	-76.2362	-75.4463	-74.9496	-74.4508	-74.0055	-73.6184	-73.2658	-72.9274	-72.5896	-72.2438	-71.8838	-71.5045	-71.1007	-70.6671	-70.1971	-69.6828	-69.1142	-68.4782	-67.7571	-66.9269	-65.9539	-64.7892	-63.3607	-61.5575	-59.2	-55.9717	-51.2622	-44.0031	-33.8983	-30.5038	-49.2335	-56.6891	-58.8206	-59.5305	-59.8818	-60.3788
5.865	-76.2445	-75.4557	-74.9598	-74.4617	-74.0172	-73.6308	-73.279	-72.9414	-72.6045	-72.2597	-71.9008	-71.5228	-71.1205	-70.6886	-70.2207	-69.7089	-69.1433	-68.511	-67.7947	-66.9706	-66.0056	-64.8518	-63.4385	-61.6572	-59.3329	-56.1585	-51.5434	-44.4386	-34.4153	-29.8279	-48.5858	-56.5052	-58.7691	-59.5193	-59.8884	-60.3945
5.87	-76.2527	-75.4651	-74.9699	-74.4726	-74.0288	-73.6431	-73.2921	-72.9553	-72.6193	-72.2755	-71.9178	-71.541	-71.1403	-70.7101	-70.2442	-69.7349	-69.1723	-68.5437	-67.832	-67.0139	-66.0569	-64.9138	-63.5155	-61.7557	-59.4638	-56.3419	-51.8186	-44.8654	-34.9329	-29.2765	-47.9036	-56.3094	-58.7145	-59.507	-59.8944	-60.4097
5.875	-76.2608	-75.4745	-74.9801	-74.4835	-74.0404	-73.6554	-73.3051	-72.9691	-72.634	-72.2913	-71.9347	-71.5592	-71.1599	-70.7314	-70.2676	-69.7607	-69.201	-68.5761	-67.869	-67.0569	-66.1077	-64.9752	-63.5915	-61.8529	-59.5928	-56.522	-52.0879	-45.2834	-35.4507	-28.8545	-47.1857	-56.1009	-58.6564	-59.4936	-59.8997	-60.4244
5.88	-76.269	-75.4838	-74.9902	-74.4944	-74.052	-73.6677	-73.3182	-72.983	-72.6488	-72.307	-71.9515	-71.5773	-71.1795	-70.7527	-70.2909	-69.7864	-69.2297	-68.6083	-67.9058	-67.0996	-66.1581	-65.036	-63.6668	-61.9488	-59.7198	-56.6989	-52.3516	-45.6928	-35.9685	-28.5619	-46.4309	-55.8788	-58.5948	-59.4789	-59.9044	-60.4386
5.885	-76.2772	-75.4931	-75.0003	-74.5052	-74.0635	-73.6799	-73.3312	-72.9968	-72.6635	-72.3226	-71.9683	-71.5953	-71.1989	-70.7739	-70.314	-69.8119	-69.2581	-68.6404	-67.9424	-67.142	-66.208	-65.0962	-63.7412	-62.0436	-59.845	-56.8726	-52.6096	-46.0936	-36.4863	-28.3941	-45.6378	-55.6422	-58.5293	-59.4629	-59.9085	-60.4523
5.89	-76.2853	-75.5025	-75.0104	-74.516	-74.075	-73.6922	-73.3441	-73.0105	-72.6781	-72.3383	-71.985	-71.6133	-71.2184	-70.795	-70.3371	-69.8373	-69.2864	-68.6722	-67.9787	-67.184	-66.2576	-65.1559	-63.8148	-62.1371	-59.9683	-57.0434	-52.8623	-46.4859	-37.0036	-28.3428	-44.805	-55.3901	-58.4597	-59.4456	-59.9118	-60.4655
5.895	-76.2934	-75.5117	-75.0205	-74.5268	-74.0865	-73.7043	-73.357	-73.0243	-72.6927	-72.3538	-72.0017	-71.6312	-71.2377	-70.816	-70.3601	-69.8627	-69.3146	-68.7039	-68.0147	-67.2257	-66.3067	-65.2149	-63.8876	-62.2295	-60.0899	-57.2112	-53.1097	-46.8698	-37.5202	-28.3973	-43.9315	-55.1213	-58.3857	-59.4268	-59.9145	-60.4782
5.9	-76.3016	-75.521	-75.0305	-74.5375	-74.098	-73.7165	-73.3699	-73.038	-72.7073	-72.3694	-72.0183	-71.649	-71.257	-70.8369	-70.3829	-69.8878	-69.3426	-68.7353	-68.0506	-67.2671	-66.3554	-65.2734	-63.9596	-62.3208	-60.2097	-57.3761	-53.352	-47.2456	-38.0354	-28.5454	-43.0166	-54.8347	-58.3071	-59.4067	-59.9165	-60.4904
5.905	-76.3097	-75.5303	-75.0405	-74.5483	-74.1094	-73.7286	-73.3828	-73.0516	-72.7218	-72.3848	-72.0348	-71.6668	-71.2761	-70.8577	-70.4057	-69.9129	-69.3704	-68.7666	-68.0861	-67.3081	-66.4036	-65.3313	-64.0308	-62.4109	-60.3278	-57.5383	-53.5894	-47.6133	-38.5486	-28.774	-42.0605	-54.5291	-58.2235	-59.3849	-59.9177	-60.502
5.91	-76.3177	-75.5395	-75.0505	-74.559	-74.1208	-73.7407	-73.3956	-73.0652	-72.7363	-72.4003	-72.0513	-71.6845	-71.2953	-70.8785	-70.4283	-69.9378	-69.3981	-68.7977	-68.1215	-67.3489	-66.4515	-65.3887	-64.1013	-62.4999	-60.4442	-57.6977	-53.8219	-47.9731	-39.0592	-29.0707	-41.0646	-54.2031	-58.1347	-59.3616	-59.9182	-60.5131
5.915	-76.3258	-75.5487	-75.0605	-74.5697	-74.1322	-73.7528	-73.4084	-73.0788	-72.7507	-72.4156	-72.0678	-71.7022	-71.3143	-70.8991	-70.4509	-69.9627	-69.4257	-68.8286	-68.1566	-67.3894	-66.499	-65.4456	-64.171	-62.5878	-60.559	-57.8544	-54.0497	-48.3252	-39.5663	-29.4232	-40.0319	-53.8554	-58.0402	-59.3365	-59.9179	-60.5237
5.92	-76.3339	-75.5579	-75.0704	-74.5803	-74.1435	-73.7648	-73.4212	-73.0923	-72.7651	-72.431	-72.0842	-71.7198	-71.3333	-70.9197	-70.4734	-69.9874	-69.4531	-68.8593	-68.1915	-67.4296	-66.5461	-65.5019	-64.24	-62.6747	-60.6721	-58.0086	-54.2731	-48.6697	-40.0692	-29.8208	-38.9675	-53.4845	-57.9396	-59.3097	-59.9168	-60.5337
5.925	-76.3419	-75.5671	-75.0804	-74.591	-74.1549	-73.7769	-73.4339	-73.1058	-72.7794	-72.4463	-72.1005	-71.7373	-71.3522	-70.9402	-70.4957	-70.0119	-69.4803	-68.8899	-68.2261	-67.4695	-66.5928	-65.5577	-64.3082	-62.7605	-60.7838	-58.1603	-54.492	-49.0068	-40.5671	-30.2537	-37.8788	-53.0891	-57.8326	-59.281	-59.915	-60.5431
5.93	-76.35	-75.5762	-75.0903	-74.6016	-74.1662	-73.7888	-73.4466	-73.1193	-72.7937	-72.4615	-72.1168	-71.7548	-71.371	-70.9606	-70.518	-70.0364	-69.5074	-68.9202	-68.2606	-67.5091	-66.6391	-65.613	-64.3757	-62.8453	-60.8938	-58.3094	-54.7066	-49.3366	-41.0594	-30.7135	-36.7764	-52.6679	-57.7187	-59.2504	-59.9123	-60.552
5.935	-76.358	-75.5853	-75.1001	-74.6122	-74.1774	-73.8008	-73.4593	-73.1327	-72.808	-72.4767	-72.133	-71.7722	-71.3898	-70.9809	-70.5401	-70.0607	-69.5344	-68.9504	-68.2948	-67.5484	-66.6851	-65.6677	-64.4426	-62.9291	-61.0024	-58.4562	-54.9171	-49.6593	-41.5453	-31.1931	-35.6735	-52.2196	-57.5975	-59.2176	-59.9087	-60.5603
5.94	-76.366	-75.5945	-75.11	-74.6228	-74.1887	-73.8127	-73.4719	-73.1461	-72.8222	-72.4919	-72.1492	-71.7896	-71.4085	-71.0012	-70.5622	-70.085	-69.5612	-68.9805	-68.3288	-67.5874	-66.7307	-65.722	-64.5087	-63.0119	-61.1095	-58.6007	-55.1235	-49.9751	-42.0242	-31.6868	-34.5864	-51.743	-57.4684	-59.1827	-59.9042	-60.5681
5.945	-76.374	-75.6036	-75.1199	-74.6333	-74.1999	-73.8246	-73.4845	-73.1595	-72.8364	-72.507	-72.1654	-71.8069	-71.4271	-71.0214	-70.5842	-70.1091	-69.5879	-69.0103	-68.3625	-67.6262	-66.7759	-65.7758	-64.5742	-63.0938	-61.2152	-58.7429	-55.326	-50.284	-42.4957	-32.1902	-33.5337	-51.2371	-57.3309	-59.1455	-59.8989	-60.5752
5.95	-76.382	-75.6126	-75.1297	-74.6438	-74.2111	-73.8365	-73.4971	-73.1728	-72.8506	-72.522	-72.1814	-71.8241	-71.4457	-71.0414	-70.606	-70.1331	-69.6145	-69.04	-68.3961	-67.6646	-66.8207	-65.8291	-64.639	-63.1746	-61.3195	-58.8828	-55.5247	-50.5862	-42.9593	-32.6997	-32.5355	-50.7009	-57.1844	-59.1058	-59.8925	-60.5818
5.955	-76.3899	-75.6217	-75.1395	-74.6543	-74.2223	-73.8483	-73.5096	-73.1861	-72.8647	-72.5371	-72.1975	-71.8413	-71.4642	-71.0614	-70.6278	-70.157	-69.6409	-69.0695	-68.4294	-67.7029	-66.8652	-65.8819	-64.7031	-63.2546	-61.4223	-59.0206	-55.7197	-50.882	-43.4146	-33.213	-31.6119	-50.1334	-57.0285	-59.0635	-59.8852	-60.5877
5.96	-76.3979	-75.6307	-75.1493	-74.6648	-74.2334	-73.8601	-73.5221	-73.1994	-72.8788	-72.552	-72.2135	-71.8584	-71.4826	-71.0814	-70.6495	-70.1807	-69.6672	-69.0988	-68.4626	-67.7408	-66.9094	-65.9343	-64.7666	-63.3336	-61.5238	-59.1562	-55.9111	-51.1713	-43.8615	-33.7285	-30.7818	-49.534	-56.8624	-59.0185	-59.8769	-60.593
5.965	-76.4058	-75.6398	-75.159	-74.6753	-74.2445	-73.8719	-73.5346	-73.2126	-72.8928	-72.567	-72.2294	-71.8755	-71.501	-71.1012	-70.6711	-70.2044	-69.6933	-69.128	-68.4955	-67.7785	-66.9532	-65.9862	-64.8294	-63.4118	-61.624	-59.2898	-56.0989	-51.4545	-44.2997	-34.245	-30.0613	-48.9015	-56.6856	-58.9706	-59.8675	-60.5977
5.97	-76.4138	-75.6488	-75.1688	-74.6857	-74.2556	-73.8837	-73.5471	-73.2258	-72.9068	-72.5818	-72.2453	-71.8925	-71.5192	-71.121	-70.6926	-70.228	-69.7194	-69.157	-68.5282	-67.8159	-66.9966	-66.0376	-64.8917	-63.489	-61.7229	-59.4214	-56.2834	-51.7316	-44.7293	-34.7621	-29.4622	-48.2351	-56.4973	-58.9197	-59.857	-60.6017
5.975	-76.4217	-75.6578	-75.1785	-74.6961	-74.2667	-73.8954	-73.5595	-73.2389	-72.9207	-72.5967	-72.2611	-71.9095	-71.5375	-71.1407	-70.7141	-70.2514	-69.7452	-69.1859	-68.5608	-67.8531	-67.0397	-66.0886	-64.9533	-63.5654	-61.8206	-59.551	-56.4645	-52.0027	-45.1501	-35.2795	-28.9915	-47.5337	-56.2967	-58.8655	-59.8454	-60.605
5.98	-76.4296	-75.6667	-75.1882	-74.7065	-74.2777	-73.9071	-73.5719	-73.252	-72.9346	-72.6115	-72.2769	-71.9263	-71.5556	-71.1603	-70.7354	-70.2748	-69.771	-69.2146	-68.5931	-67.89	-67.0825	-66.1392	-65.0143	-63.641	-61.9169	-59.6786	-56.6425	-52.2682	-45.5621	-35.797	-28.6508	-46.7959	-56.0831	-58.8078	-59.8325	-60.6077
5.985	-76.4375	-75.6757	-75.1978	-74.7168	-74.2887	-73.9188	-73.5842	-73.2651	-72.9485	-72.6262	-72.2926	-71.9432	-71.5737	-71.1799	-70.7566	-70.298	-69.7966	-69.2431	-68.6252	-67.9266	-67.125	-66.1893	-65.0747	-63.7157	-62.0121	-59.8044	-56.8172	-52.528	-45.9656	-36.3143	-28.4373	-46.0204	-55.8555	-58.7465	-59.8185	-60.6096
5.99	-76.4453	-75.6846	-75.2075	-74.7272	-74.2997	-73.9304	-73.5965	-73.2782	-72.9624	-72.6409	-72.3083	-71.96	-71.5918	-71.1993	-70.7778	-70.3211	-69.8221	-69.2715	-68.6571	-67.963	-67.1672	-66.239	-65.1346	-63.7895	-62.106	-59.9283	-56.9889	-52.7823	-46.3605	-36.8314	-28.3439	-45.2057	-55.6129	-58.6813	-59.8031	-60.6109
5.995	-76.4532	-75.6935	-75.2171	-74.7375	-74.3107	-73.942	-73.6088	-73.2912	-72.9762	-72.6556	-72.3239	-71.9767	-71.6097	-71.2188	-70.7988	-70.3442	-69.8475	-69.2997	-68.6889	-67.9992	-67.209	-66.2882	-65.1938	-63.8626	-62.1988	-60.0504	-57.1577	-53.0314	-46.747	-37.3478	-28.3606	-44.3506	-55.3544	-58.6119	-59.7864	-60.6114
6	-76.4611	-75.7024	-75.2268	-74.7478	-74.3216	-73.9536	-73.6211	-73.3042	-72.9899	-72.6702	-72.3395	-71.9934	-71.6276	-71.2381	-70.8198	-70.3671	-69.8727	-69.3278	-68.7204	-68.0351	-67.2505	-66.3371	-65.2525	-63.9349	-62.2904	-60.1708	-57.3235	-53.2753	-47.1253	-37.8631	-28.4757	-43.4542	-55.0788	-58.5381	-59.7683	-60.6112
0 unlabeled lines
