0,-80,-80,-80,-80,-80,-80,-80,-80,-80,-80,-80,-80,-80,-80,-80,-80,-80,-80,-80,-80,-80,-80,-80,-80,-80,-80,-80,-80,-80,-80,-80,-80,-80,-80,-80,-80
0.005,-79.9985,-79.9981,-79.998,-79.998,-79.9979,-79.9979,-79.9979,-79.9979,-79.9979,-79.9979,-79.9979,-79.9979,-79.9979,-79.9979,-79.9979,-79.9979,-79.9979,-79.9979,-79.9979,-79.9979,-79.9979,-79.9979,-79.9979,-79.9979,-79.9979,-79.9979,-79.9979,-79.9979,-79.9979,-79.9979,-79.9979,-79.9979,-79.9979,-79.998,-79.998,-79.9981
0.01,-79.9984,-79.9968,-79.9964,-79.9963,-79.9963,-79.9963,-79.9963,-79.9963,-79.9963,-79.9963,-79.9963,-79.9963,-79.9963,-79.9963,-79.9963,-79.9963,-79.9963,-79.9963,-79.9963,-79.9963,-79.9963,-79.9963,-79.9963,-79.9963,-79.9963,-79.9963,-79.9963,-79.9963,-79.9963,-79.9963,-79.9963,-79.9963,-79.9963,-79.9963,-79.9964,-79.9965
0.015,-79.9984,-79.9959,-79.9952,-79.995,-79.995,-79.995,-79.995,-79.995,-79.995,-79.995,-79.995,-79.995,-79.995,-79.995,-79.995,-79.995,-79.995,-79.995,-79.995,-79.995,-79.995,-79.995,-79.995,-79.995,-79.995,-79.995,-79.995,-79.995,-79.995,-79.995,-79.995,-79.995,-79.995,-79.995,-79.9951,-79.9952
0.02,-79.9984,-79.9952,-79.9942,-79.9939,-79.9939,-79.9939,-79.9938,-79.9938,-79.9938,-79.9938,-79.9938,-79.9938,-79.9938,-79.9938,-79.9938,-79.9938,-79.9938,-79.9938,-79.9938,-79.9938,-79.9938,-79.9938,-79.9938,-79.9938,-79.9938,-79.9938,-79.9938,-79.9938,-79.9938,-79.9938,-79.9938,-79.9938,-79.9939,-79.9939,-79.9939,-79.9941
0.025,-79.9984,-79.9947,-79.9934,-79.993,-79.9929,-79.9929,-79.9929,-79.9929,-79.9929,-79.9929,-79.9929,-79.9929,-79.9929,-79.9929,-79.9929,-79.9929,-79.9929,-79.9929,-79.9929,-79.9929,-79.9929,-79.9929,-79.9929,-79.9929,-79.9929,-79.9929,-79.9929,-79.9929,-79.9929,-79.9929,-79.9929,-79.9929,-79.9929,-79.9929,-79.993,-79.9932
0.03,-79.9984,-79.9943,-79.9928,-79.9922,-79.9921,-79.992,-79.992,-79.992,-79.992,-79.992,-79.992,-79.992,-79.992,-79.992,-79.992,-79.992,-79.992,-79.992,-79.992,-79.992,-79.992,-79.992,-79.992,-79.992,-79.992,-79.992,-79.992,-79.992,-79.992,-79.992,-79.992,-79.992,-79.992,-79.992,-79.9921,-79.9923
0.035,-79.9984,-79.9939,-79.9922,-79.9915,-79.9913,-79.9912,-79.9912,-79.9912,-79.9912,-79.9912,-79.9912,-79.9912,-79.9912,-79.9912,-79.9912,-79.9912,-79.9912,-79.9912,-79.9912,-79.9912,-79.9912,-79.9912,-79.9912,-79.9912,-79.9912,-79.9912,-79.9912,-79.9912,-79.9912,-79.9912,-79.9912,-79.9912,-79.9912,-79.9912,-79.9913,-79.9915
0.04,-79.9984,-79.9936,-79.9916,-79.9909,-79.9906,-79.9905,-79.9905,-79.9905,-79.9905,-79.9905,-79.9905,-79.9905,-79.9905,-79.9905,-79.9905,-79.9905,-79.9905,-79.9905,-79.9905,-79.9905,-79.9905,-79.9905,-79.9905,-79.9905,-79.9905,-79.9905,-79.9905,-79.9905,-79.9905,-79.9905,-79.9905,-79.9905,-79.9905,-79.9905,-79.9906,-79.9908
0.045,-79.9984,-79.9933,-79.9912,-79.9903,-79.99,-79.9899,-79.9898,-79.9898,-79.9898,-79.9898,-79.9898,-79.9898,-79.9898,-79.9898,-79.9898,-79.9898,-79.9898,-79.9898,-79.9898,-79.9898,-79.9898,-79.9898,-79.9898,-79.9898,-79.9898,-79.9898,-79.9898,-79.9898,-79.9898,-79.9898,-79.9898,-79.9898,-79.9898,-79.9899,-79.99,-79.9902
0.05,-79.9984,-79.9931,-79.9907,-79.9898,-79.9894,-79.9893,-79.9892,-79.9892,-79.9892,-79.9892,-79.9892,-79.9892,-79.9892,-79.9892,-79.9892,-79.9892,-79.9892,-79.9892,-79.9892,-79.9892,-79.9892,-79.9892,-79.9892,-79.9892,-79.9892,-79.9892,-79.9892,-79.9892,-79.9892,-79.9892,-79.9892,-79.9892,-79.9892,-79.9893,-79.9893,-79.9895
0.055,-79.9984,-79.9928,-79.9903,-79.9893,-79.9889,-79.9887,-79.9886,-79.9886,-79.9886,-79.9886,-79.9886,-79.9886,-79.9886,-79.9886,-79.9886,-79.9886,-79.9886,-79.9886,-79.9886,-79.9886,-79.9886,-79.9886,-79.9886,-79.9886,-79.9886,-79.9886,-79.9886,-79.9886,-79.9886,-79.9886,-79.9886,-79.9886,-79.9886,-79.9887,-79.9888,-79.9889
0.06,-79.9984,-79.9926,-79.99,-79.9888,-79.9883,-79.9881,-79.9881,-79.988,-79.988,-79.988,-79.988,-79.988,-79.988,-79.988,-79.988,-79.988,-79.988,-79.988,-79.988,-79.988,-79.988,-79.988,-79.988,-79.988,-79.988,-79.988,-79.988,-79.988,-79.988,-79.988,-79.988,-79.988,-79.9881,-79.9881,-79.9882,-79.9884
0.065,-79.9984,-79.9924,-79.9896,-79.9884,-79.9879,-79.9876,-79.9875,-79.9875,-79.9875,-79.9875,-79.9875,-79.9875,-79.9875,-79.9875,-79.9875,-79.9875,-79.9875,-79.9875,-79.9875,-79.9875,-79.9875,-79.9875,-79.9875,-79.9875,-79.9875,-79.9875,-79.9875,-79.9875,-79.9875,-79.9875,-79.9875,-79.9875,-79.9875,-79.9876,-79.9877,-79.9879
0.07,-79.9984,-79.9922,-79.9893,-79.988,-79.9874,-79.9872,-79.9871,-79.987,-79.987,-79.987,-79.987,-79.987,-79.987,-79.987,-79.987,-79.987,-79.987,-79.987,-79.987,-79.987,-79.987,-79.987,-79.987,-79.987,-79.987,-79.987,-79.987,-79.987,-79.987,-79.987,-79.987,-79.987,-79.987,-79.9871,-79.9872,-79.9874
0.075,-79.9984,-79.9921,-79.989,-79.9876,-79.987,-79.9867,-79.9866,-79.9865,-79.9865,-79.9865,-79.9865,-79.9865,-79.9865,-79.9865,-79.9865,-79.9865,-79.9865,-79.9865,-79.9865,-79.9865,-79.9865,-79.9865,-79.9865,-79.9865,-79.9865,-79.9865,-79.9865,-79.9865,-79.9865,-79.9865,-79.9865,-79.9865,-79.9865,-79.9866,-79.9867,-79.9869
0.08,-79.9984,-79.9919,-79.9887,-79.9872,-79.9865,-79.9862,-79.9861,-79.9861,-79.9861,-79.986,-79.986,-79.986,-79.986,-79.986,-79.986,-79.986,-79.986,-79.986,-79.986,-79.986,-79.986,-79.986,-79.986,-79.986,-79.986,-79.986,-79.986,-79.986,-79.986,-79.986,-79.986,-79.9861,-79.9861,-79.9861,-79.9862,-79.9864
0.085,-79.9984,-79.9917,-79.9884,-79.9869,-79.9861,-79.9858,-79.9857,-79.9856,-79.9856,-79.9856,-79.9856,-79.9856,-79.9856,-79.9856,-79.9856,-79.9856,-79.9856,-79.9856,-79.9856,-79.9856,-79.9856,-79.9856,-79.9856,-79.9856,-79.9856,-79.9856,-79.9856,-79.9856,-79.9856,-79.9856,-79.9856,-79.9856,-79.9856,-79.9857,-79.9858,-79.986
0.09,-79.9984,-79.9916,-79.9882,-79.9865,-79.9858,-79.9854,-79.9853,-79.9852,-79.9852,-79.9852,-79.9852,-79.9852,-79.9852,-79.9852,-79.9852,-79.9852,-79.9852,-79.9852,-79.9852,-79.9852,-79.9852,-79.9852,-79.9852,-79.9852,-79.9852,-79.9852,-79.9852,-79.9852,-79.9852,-79.9852,-79.9852,-79.9852,-79.9852,-79.9853,-79.9854,-79.9856
0.095,-79.9984,-79.9914,-79.9879,-79.9862,-79.9854,-79.985,-79.9849,-79.9848,-79.9848,-79.9847,-79.9847,-79.9847,-79.9847,-79.9847,-79.9847,-79.9847,-79.9847,-79.9847,-79.9847,-79.9847,-79.9847,-79.9847,-79.9847,-79.9847,-79.9847,-79.9847,-79.9847,-79.9847,-79.9847,-79.9847,-79.9847,-79.9848,-79.9848,-79.9848,-79.985,-79.9852
0.1,-79.9984,-79.9913,-79.9877,-79.9859,-79.985,-79.9846,-79.9845,-79.9844,-79.9844,-79.9843,-79.9843,-79.9843,-79.9843,-79.9843,-79.9843,-79.9843,-79.9843,-79.9843,-79.9843,-79.9843,-79.9843,-79.9843,-79.9843,-79.9843,-79.9843,-79.9843,-79.9843,-79.9843,-79.9843,-79.9843,-79.9843,-79.9844,-79.9844,-79.9844,-79.9846,-79.9848
0.105,-79.9984,-79.9912,-79.9875,-79.9856,-79.9847,-79.9843,-79.9841,-79.984,-79.984,-79.9839,-79.9839,-79.9839,-79.9839,-79.9839,-79.9839,-79.9839,-79.9839,-79.9839,-79.9839,-79.9839,-79.9839,-79.9839,-79.9839,-79.9839,-79.9839,-79.9839,-79.9839,-79.9839,-79.9839,-79.9839,-79.984,-79.984,-79.984,-79.9841,-79.9842,-79.9844
0.11,-79.9984,-79.9911,-79.9872,-79.9853,-79.9844,-79.9839,-79.9837,-79.9836,-79.9836,-79.9836,-79.9836,-79.9836,-79.9836,-79.9836,-79.9836,-79.9836,-79.9836,-79.9836,-79.9836,-79.9836,-79.9836,-79.9836,-79.9836,-79.9836,-79.9836,-79.9836,-79.9836,-79.9836,-79.9836,-79.9836,-79.9836,-79.9836,-79.9836,-79.9837,-79.9838,-79.984
0.115,-79.9984,-79.9909,-79.987,-79.985,-79.9841,-79.9836,-79.9834,-79.9833,-79.9832,-79.9832,-79.9832,-79.9832,-79.9832,-79.9832,-79.9832,-79.9832,-79.9832,-79.9832,-79.9832,-79.9832,-79.9832,-79.9832,-79.9832,-79.9832,-79.9832,-79.9832,-79.9832,-79.9832,-79.9832,-79.9832,-79.9832,-79.9832,-79.9833,-79.9833,-79.9834,-79.9836
0.12,-79.9984,-79.9908,-79.9868,-79.9848,-79.9837,-79.9833,-79.983,-79.9829,-79.9829,-79.9828,-79.9828,-79.9828,-79.9828,-79.9828,-79.9828,-79.9828,-79.9828,-79.9828,-79.9828,-79.9828,-79.9828,-79.9828,-79.9828,-79.9828,-79.9828,-79.9828,-79.9828,-79.9828,-79.9828,-79.9828,-79.9828,-79.9829,-79.9829,-79.983,-79.9831,-79.9833
0.125,-79.9984,-79.9907,-79.9866,-79.9845,-79.9835,-79.9829,-79.9827,-79.9826,-79.9825,-79.9825,-79.9825,-79.9825,-79.9825,-79.9825,-79.9825,-79.9825,-79.9825,-79.9825,-79.9825,-79.9825,-79.9825,-79.9825,-79.9825,-79.9825,-79.9825,-79.9825,-79.9825,-79.9825,-79.9825,-79.9825,-79.9825,-79.9825,-79.9826,-79.9826,-79.9827,-79.9829
0.13,-79.9984,-79.9906,-79.9864,-79.9843,-79.9832,-79.9826,-79.9824,-79.9822,-79.9822,-79.9822,-79.9822,-79.9822,-79.9821,-79.9821,-79.9821,-79.9821,-79.9821,-79.9821,-79.9821,-79.9821,-79.9821,-79.9821,-79.9821,-79.9821,-79.9821,-79.9821,-79.9821,-79.9821,-79.9822,-79.9822,-79.9822,-79.9822,-79.9822,-79.9823,-79.9824,-79.9826
0.135,-79.9984,-79.9905,-79.9863,-79.984,-79.9829,-79.9823,-79.9821,-79.9819,-79.9819,-79.9818,-79.9818,-79.9818,-79.9818,-79.9818,-79.9818,-79.9818,-79.9818,-79.9818,-79.9818,-79.9818,-79.9818,-79.9818,-79.9818,-79.9818,-79.9818,-79.9818,-79.9818,-79.9818,-79.9818,-79.9818,-79.9818,-79.9819,-79.9819,-79.982,-79.9821,-79.9823
0.14,-79.9984,-79.9904,-79.9861,-79.9838,-79.9826,-79.982,-79.9818,-79.9816,-79.9816,-79.9815,-79.9815,-79.9815,-79.9815,-79.9815,-79.9815,-79.9815,-79.9815,-79.9815,-79.9815,-79.9815,-79.9815,-79.9815,-79.9815,-79.9815,-79.9815,-79.9815,-79.9815,-79.9815,-79.9815,-79.9815,-79.9815,-79.9815,-79.9816,-79.9816,-79.9818,-79.982
0.145,-79.9984,-79.9903,-79.9859,-79.9836,-79.9824,-79.9818,-79.9815,-79.9813,-79.9812,-79.9812,-79.9812,-79.9812,-79.9812,-79.9812,-79.9812,-79.9812,-79.9812,-79.9812,-79.9812,-79.9812,-79.9812,-79.9812,-79.9812,-79.9812,-79.9812,-79.9812,-79.9812,-79.9812,-79.9812,-79.9812,-79.9812,-79.9812,-79.9813,-79.9813,-79.9815,-79.9817
0.15,-79.9984,-79.9902,-79.9857,-79.9834,-79.9821,-79.9815,-79.9812,-79.981,-79.9809,-79.9809,-79.9809,-79.9809,-79.9809,-79.9809,-79.9809,-79.9809,-79.9809,-79.9809,-79.9809,-79.9809,-79.9809,-79.9809,-79.9809,-79.9809,-79.9809,-79.9809,-79.9809,-79.9809,-79.9809,-79.9809,-79.9809,-79.9809,-79.981,-79.981,-79.9812,-79.9814
0.155,-79.9984,-79.9901,-79.9856,-79.9831,-79.9819,-79.9812,-79.9809,-79.9807,-79.9807,-79.9806,-79.9806,-79.9806,-79.9806,-79.9806,-79.9806,-79.9806,-79.9806,-79.9806,-79.9806,-79.9806,-79.9806,-79.9806,-79.9806,-79.9806,-79.9806,-79.9806,-79.9806,-79.9806,-79.9806,-79.9806,-79.9806,-79.9806,-79.9807,-79.9807,-79.9809,-79.9811
0.16,-79.9984,-79.9901,-79.9854,-79.9829,-79.9816,-79.981,-79.9806,-79.9804,-79.9804,-79.9803,-79.9803,-79.9803,-79.9803,-79.9803,-79.9803,-79.9803,-79.9803,-79.9803,-79.9803,-79.9803,-79.9803,-79.9803,-79.9803,-79.9803,-79.9803,-79.9803,-79.9803,-79.9803,-79.9803,-79.9803,-79.9803,-79.9803,-79.9804,-79.9805,-79.9806,-79.9808
0.165,-79.9984,-79.99,-79.9853,-79.9827,-79.9814,-79.9807,-79.9803,-79.9802,-79.9801,-79.98,-79.98,-79.98,-79.98,-79.98,-79.98,-79.98,-79.98,-79.98,-79.98,-79.98,-79.98,-79.98,-79.98,-79.98,-79.98,-79.98,-79.98,-79.98,-79.98,-79.98,-79.98,-79.9801,-79.9801,-79.9802,-79.9803,-79.9805
0.17,-79.9984,-79.9899,-79.9851,-79.9826,-79.9812,-79.9805,-79.9801,-79.9799,-79.9798,-79.9798,-79.9798,-79.9797,-79.9797,-79.9797,-79.9797,-79.9797,-79.9797,-79.9797,-79.9797,-79.9797,-79.9797,-79.9797,-79.9797,-79.9797,-79.9797,-79.9797,-79.9797,-79.9797,-79.9797,-79.9798,-79.9798,-79.9798,-79.9798,-79.9799,-79.98,-79.9803
0.175,-79.9984,-79.9898,-79.985,-79.9824,-79.981,-79.9802,-79.9798,-79.9796,-79.9796,-79.9795,-79.9795,-79.9795,-79.9795,-79.9795,-79.9795,-79.9795,-79.9795,-79.9795,-79.9795,-79.9795,-79.9795,-79.9795,-79.9795,-79.9795,-79.9795,-79.9795,-79.9795,-79.9795,-79.9795,-79.9795,-79.9795,-79.9795,-79.9796,-79.9796,-79.9798,-79.98
0.18,-79.9984,-79.9897,-79.9849,-79.9822,-79.9807,-79.98,-79.9796,-79.9794,-79.9793,-79.9792,-79.9792,-79.9792,-79.9792,-79.9792,-79.9792,-79.9792,-79.9792,-79.9792,-79.9792,-79.9792,-79.9792,-79.9792,-79.9792,-79.9792,-79.9792,-79.9792,-79.9792,-79.9792,-79.9792,-79.9792,-79.9792,-79.9793,-79.9793,-79.9794,-79.9795,-79.9797
0.185,-79.9984,-79.9897,-79.9847,-79.982,-79.9805,-79.9798,-79.9793,-79.9791,-79.979,-79.979,-79.979,-79.979,-79.979,-79.979,-79.979,-79.979,-79.979,-79.979,-79.979,-79.979,-79.979,-79.979,-79.979,-79.979,-79.979,-79.979,-79.979,-79.979,-79.979,-79.979,-79.979,-79.979,-79.979,-79.9791,-79.9792,-79.9795
0.19,-79.9984,-79.9896,-79.9846,-79.9818,-79.9803,-79.9795,-79.9791,-79.9789,-79.9788,-79.9787,-79.9787,-79.9787,-79.9787,-79.9787,-79.9787,-79.9787,-79.9787,-79.9787,-79.9787,-79.9787,-79.9787,-79.9787,-79.9787,-79.9787,-79.9787,-79.9787,-79.9787,-79.9787,-79.9787,-79.9787,-79.9787,-79.9787,-79.9788,-79.9789,-79.979,-79.9792
0.195,-79.9984,-79.9895,-79.9845,-79.9817,-79.9801,-79.9793,-79.9789,-79.9787,-79.9786,-79.9785,-79.9785,-79.9785,-79.9785,-79.9784,-79.9784,-79.9784,-79.9784,-79.9784,-79.9784,-79.9784,-79.9784,-79.9784,-79.9784,-79.9784,-79.9784,-79.9784,-79.9784,-79.9785,-79.9785,-79.9785,-79.9785,-79.9785,-79.9785,-79.9786,-79.9788,-79.979
0.2,-79.9984,-79.9895,-79.9844,-79.9815,-79.9799,-79.9791,-79.9787,-79.9784,-79.9783,-79.9783,-79.9782,-79.9782,-79.9782,-79.9782,-79.9782,-79.9782,-79.9782,-79.9782,-79.9782,-79.9782,-79.9782,-79.9782,-79.9782,-79.9782,-79.9782,-79.9782,-79.9782,-79.9782,-79.9782,-79.9782,-79.9782,-79.9783,-79.9783,-79.9784,-79.9785,-79.9788
0.205,-79.9984,-79.9894,-79.9842,-79.9813,-79.9798,-79.9789,-79.9784,-79.9782,-79.9781,-79.978,-79.978,-79.978,-79.978,-79.978,-79.978,-79.978,-79.978,-79.978,-79.978,-79.978,-79.978,-79.978,-79.978,-79.978,-79.978,-79.978,-79.978,-79.978,-79.978,-79.978,-79.978,-79.978,-79.9781,-79.9781,-79.9783,-79.9785
0.21,-79.9984,-79.9893,-79.9841,-79.9812,-79.9796,-79.9787,-79.9782,-79.978,-79.9779,-79.9778,-79.9778,-79.9778,-79.9777,-79.9777,-79.9777,-79.9777,-79.9777,-79.9777,-79.9777,-79.9777,-79.9777,-79.9777,-79.9777,-79.9777,-79.9777,-79.9777,-79.9777,-79.9777,-79.9777,-79.9778,-79.9778,-79.9778,-79.9778,-79.9779,-79.9781,-79.9783
0.215,-79.9984,-79.9893,-79.984,-79.981,-79.9794,-79.9785,-79.978,-79.9778,-79.9776,-79.9776,-79.9775,-79.9775,-79.9775,-79.9775,-79.9775,-79.9775,-79.9775,-79.9775,-79.9775,-79.9775,-79.9775,-79.9775,-79.9775,-79.9775,-79.9775,-79.9775,-79.9775,-79.9775,-79.9775,-79.9775,-79.9775,-79.9776,-79.9776,-79.9777,-79.9778,-79.9781
0.22,-79.9984,-79.9892,-79.9839,-79.9809,-79.9792,-79.9783,-79.9778,-79.9775,-79.9774,-79.9773,-79.9773,-79.9773,-79.9773,-79.9773,-79.9773,-79.9773,-79.9773,-79.9773,-79.9773,-79.9773,-79.9773,-79.9773,-79.9773,-79.9773,-79.9773,-79.9773,-79.9773,-79.9773,-79.9773,-79.9773,-79.9773,-79.9773,-79.9774,-79.9775,-79.9776,-79.9779
0.225,-79.9984,-79.9892,-79.9838,-79.9807,-79.979,-79.9781,-79.9776,-79.9773,-79.9772,-79.9771,-79.9771,-79.9771,-79.9771,-79.9771,-79.9771,-79.9771,-79.9771,-79.9771,-79.9771,-79.9771,-79.9771,-79.9771,-79.9771,-79.9771,-79.9771,-79.9771,-79.9771,-79.9771,-79.9771,-79.9771,-79.9771,-79.9771,-79.9772,-79.9772,-79.9774,-79.9776
0.23,-79.9984,-79.9891,-79.9837,-79.9806,-79.9789,-79.9779,-79.9774,-79.9771,-79.977,-79.9769,-79.9769,-79.9769,-79.9769,-79.9769,-79.9769,-79.9768,-79.9768,-79.9768,-79.9768,-79.9768,-79.9768,-79.9768,-79.9768,-79.9768,-79.9768,-79.9769,-79.9769,-79.9769,-79.9769,-79.9769,-79.9769,-79.9769,-79.977,-79.977,-79.9772,-79.9774
0.235,-79.9984,-79.989,-79.9836,-79.9805,-79.9787,-79.9777,-79.9772,-79.9769,-79.9768,-79.9767,-79.9767,-79.9767,-79.9766,-79.9766,-79.9766,-79.9766,-79.9766,-79.9766,-79.9766,-79.9766,-79.9766,-79.9766,-79.9766,-79.9766,-79.9766,-79.9766,-79.9766,-79.9766,-79.9766,-79.9767,-79.9767,-79.9767,-79.9767,-79.9768,-79.977,-79.9772
0.24,-79.9984,-79.989,-79.9835,-79.9803,-79.9785,-79.9776,-79.977,-79.9767,-79.9766,-79.9765,-79.9765,-79.9764,-79.9764,-79.9764,-79.9764,-79.9764,-79.9764,-79.9764,-79.9764,-79.9764,-79.9764,-79.9764,-79.9764,-79.9764,-79.9764,-79.9764,-79.9764,-79.9764,-79.9764,-79.9764,-79.9765,-79.9765,-79.9765,-79.9766,-79.9768,-79.977
0.245,-79.9984,-79.9889,-79.9834,-79.9802,-79.9784,-79.9774,-79.9768,-79.9765,-79.9764,-79.9763,-79.9763,-79.9762,-79.9762,-79.9762,-79.9762,-79.9762,-79.9762,-79.9762,-79.9762,-79.9762,-79.9762,-79.9762,-79.9762,-79.9762,-79.9762,-79.9762,-79.9762,-79.9762,-79.9762,-79.9762,-79.9763,-79.9763,-79.9763,-79.9764,-79.9766,-79.9768
0.25,-79.9984,-79.9889,-79.9833,-79.9801,-79.9782,-79.9772,-79.9767,-79.9763,-79.9762,-79.9761,-79.9761,-79.976,-79.976,-79.976,-79.976,-79.976,-79.976,-79.976,-79.976,-79.976,-79.976,-79.976,-79.976,-79.976,-79.976,-79.976,-79.976,-79.976,-79.976,-79.976,-79.9761,-79.9761,-79.9761,-79.9762,-79.9764,-79.9766
0.255,-79.9984,-79.9888,-79.9832,-79.9799,-79.9781,-79.977,-79.9765,-79.9762,-79.976,-79.9759,-79.9759,-79.9758,-79.9758,-79.9758,-79.9758,-79.9758,-79.9758,-79.9758,-79.9758,-79.9758,-79.9758,-79.9758,-79.9758,-79.9758,-79.9758,-79.9758,-79.9758,-79.9758,-79.9758,-79.9758,-79.9759,-79.9759,-79.9759,-79.976,-79.9762,-79.9764
0.26,-79.9984,-79.9888,-79.9831,-79.9798,-79.9779,-79.9769,-79.9763,-79.976,-79.9758,-79.9757,-79.9757,-79.9757,-79.9756,-79.9756,-79.9756,-79.9756,-79.9756,-79.9756,-79.9756,-79.9756,-79.9756,-79.9756,-79.9756,-79.9756,-79.9756,-79.9756,-79.9756,-79.9756,-79.9756,-79.9756,-79.9757,-79.9757,-79.9757,-79.9758,-79.976,-79.9762
0.265,-79.9984,-79.9887,-79.983,-79.9797,-79.9778,-79.9767,-79.9761,-79.9758,-79.9756,-79.9755,-79.9755,-79.9755,-79.9754,-79.9754,-79.9754,-79.9754,-79.9754,-79.9754,-79.9754,-79.9754,-79.9754,-79.9754,-79.9754,-79.9754,-79.9754,-79.9754,-79.9754,-79.9754,-79.9754,-79.9755,-79.9755,-79.9755,-79.9756,-79.9756,-79.9758,-79.9761
0.27,-79.9984,-79.9887,-79.9829,-79.9796,-79.9776,-79.9766,-79.976,-79.9756,-79.9754,-79.9753,-79.9753,-79.9753,-79.9753,-79.9753,-79.9753,-79.9753,-79.9753,-79.9753,-79.9753,-79.9753,-79.9753,-79.9753,-79.9753,-79.9753,-79.9753,-79.9753,-79.9753,-79.9753,-79.9753,-79.9753,-79.9753,-79.9753,-79.9754,-79.9755,-79.9756,-79.9759
0.275,-79.9984,-79.9886,-79.9828,-79.9794,-79.9775,-79.9764,-79.9758,-79.9754,-79.9753,-79.9752,-79.9751,-79.9751,-79.9751,-79.9751,-79.9751,-79.9751,-79.9751,-79.9751,-79.9751,-79.9751,-79.9751,-79.9751,-79.9751,-79.9751,-79.9751,-79.9751,-79.9751,-79.9751,-79.9751,-79.9751,-79.9751,-79.9751,-79.9752,-79.9753,-79.9754,-79.9757
0.28,-79.9984,-79.9886,-79.9827,-79.9793,-79.9774,-79.9762,-79.9756,-79.9753,-79.9751,-79.975,-79.9749,-79.9749,-79.9749,-79.9749,-79.9749,-79.9749,-79.9749,-79.9749,-79.9749,-79.9749,-79.9749,-79.9749,-79.9749,-79.9749,-79.9749,-79.9749,-79.9749,-79.9749,-79.9749,-79.9749,-79.9749,-79.975,-79.975,-79.9751,-79.9753,-79.9755
0.285,-79.9984,-79.9885,-79.9827,-79.9792,-79.9772,-79.9761,-79.9755,-79.9751,-79.9749,-79.9748,-79.9748,-79.9747,-79.9747,-79.9747,-79.9747,-79.9747,-79.9747,-79.9747,-79.9747,-79.9747,-79.9747,-79.9747,-79.9747,-79.9747,-79.9747,-79.9747,-79.9747,-79.9747,-79.9747,-79.9747,-79.9747,-79.9748,-79.9748,-79.9749,-79.9751,-79.9753
0.29,-79.9984,-79.9885,-79.9826,-79.9791,-79.9771,-79.9759,-79.9753,-79.9749,-79.9747,-79.9746,-79.9746,-79.9746,-79.9745,-79.9745,-79.9745,-79.9745,-79.9745,-79.9745,-79.9745,-79.9745,-79.9745,-79.9745,-79.9745,-79.9745,-79.9745,-79.9745,-79.9745,-79.9745,-79.9745,-79.9745,-79.9746,-79.9746,-79.9746,-79.9747,-79.9749,-79.9752
0.295,-79.9984,-79.9884,-79.9825,-79.979,-79.977,-79.9758,-79.9751,-79.9748,-79.9746,-79.9745,-79.9744,-79.9744,-79.9744,-79.9744,-79.9743,-79.9743,-79.9743,-79.9743,-79.9743,-79.9743,-79.9743,-79.9743,-79.9743,-79.9743,-79.9743,-79.9743,-79.9743,-79.9744,-79.9744,-79.9744,-79.9744,-79.9744,-79.9745,-79.9746,-79.9747,-79.975
0.3,-79.9984,-79.9884,-79.9824,-79.9789,-79.9768,-79.9756,-79.975,-79.9746,-79.9744,-79.9743,-79.9742,-79.9742,-79.9742,-79.9742,-79.9742,-79.9742,-79.9742,-79.9742,-79.9742,-79.9742,-79.9742,-79.9742,-79.9742,-79.9742,-79.9742,-79.9742,-79.9742,-79.9742,-79.9742,-79.9742,-79.9742,-79.9743,-79.9743,-79.9744,-79.9746,-79.9748
0.305,-79.9984,-79.9884,-79.9823,-79.9788,-79.9767,-79.9755,-79.9748,-79.9744,-79.9742,-79.9741,-79.9741,-79.974,-79.974,-79.974,-79.974,-79.974,-79.974,-79.974,-79.974,-79.974,-79.974,-79.974,-79.974,-79.974,-79.974,-79.974,-79.974,-79.974,-79.974,-79.974,-79.9741,-79.9741,-79.9741,-79.9742,-79.9744,-79.9747
0.31,-79.9984,-79.9883,-79.9823,-79.9787,-79.9766,-79.9754,-79.9747,-79.9743,-79.9741,-79.974,-79.9739,-79.9739,-79.9739,-79.9738,-79.9738,-79.9738,-79.9738,-79.9738,-79.9738,-79.9738,-79.9738,-79.9738,-79.9738,-79.9738,-79.9738,-79.9738,-79.9738,-79.9738,-79.9739,-79.9739,-79.9739,-79.9739,-79.974,-79.9741,-79.9742,-79.9745
0.315,-79.9984,-79.9883,-79.9822,-79.9786,-79.9764,-79.9752,-79.9745,-79.9741,-79.9739,-79.9738,-79.9737,-79.9737,-79.9737,-79.9737,-79.9737,-79.9737,-79.9737,-79.9737,-79.9737,-79.9737,-79.9737,-79.9737,-79.9737,-79.9737,-79.9737,-79.9737,-79.9737,-79.9737,-79.9737,-79.9737,-79.9737,-79.9737,-79.9738,-79.9739,-79.9741,-79.9743
0.32,-79.9984,-79.9882,-79.9821,-79.9785,-79.9763,-79.9751,-79.9744,-79.974,-79.9738,-79.9736,-79.9736,-79.9735,-79.9735,-79.9735,-79.9735,-79.9735,-79.9735,-79.9735,-79.9735,-79.9735,-79.9735,-79.9735,-79.9735,-79.9735,-79.9735,-79.9735,-79.9735,-79.9735,-79.9735,-79.9735,-79.9736,-79.9736,-79.9736,-79.9737,-79.9739,-79.9742
0.325,-79.9984,-79.9882,-79.982,-79.9784,-79.9762,-79.975,-79.9742,-79.9738,-79.9736,-79.9735,-79.9734,-79.9734,-79.9734,-79.9734,-79.9734,-79.9734,-79.9734,-79.9734,-79.9734,-79.9734,-79.9734,-79.9734,-79.9734,-79.9734,-79.9734,-79.9734,-79.9734,-79.9734,-79.9734,-79.9734,-79.9734,-79.9734,-79.9735,-79.9736,-79.9738,-79.974
0.33,-79.9984,-79.9882,-79.982,-79.9783,-79.9761,-79.9748,-79.9741,-79.9737,-79.9735,-79.9733,-79.9733,-79.9732,-79.9732,-79.9732,-79.9732,-79.9732,-79.9732,-79.9732,-79.9732,-79.9732,-79.9732,-79.9732,-79.9732,-79.9732,-79.9732,-79.9732,-79.9732,-79.9732,-79.9732,-79.9732,-79.9732,-79.9733,-79.9733,-79.9734,-79.9736,-79.9739
0.335,-79.9984,-79.9881,-79.9819,-79.9782,-79.976,-79.9747,-79.974,-79.9735,-79.9733,-79.9732,-79.9731,-79.9731,-79.9731,-79.973,-79.973,-79.973,-79.973,-79.973,-79.973,-79.973,-79.973,-79.973,-79.973,-79.973,-79.973,-79.973,-79.973,-79.973,-79.973,-79.9731,-79.9731,-79.9731,-79.9732,-79.9733,-79.9734,-79.9737
0.34,-79.9984,-79.9881,-79.9818,-79.9781,-79.9759,-79.9746,-79.9738,-79.9734,-79.9732,-79.973,-79.973,-79.9729,-79.9729,-79.9729,-79.9729,-79.9729,-79.9729,-79.9729,-79.9729,-79.9729,-79.9729,-79.9729,-79.9729,-79.9729,-79.9729,-79.9729,-79.9729,-79.9729,-79.9729,-79.9729,-79.9729,-79.973,-79.973,-79.9731,-79.9733,-79.9736
0.345,-79.9984,-79.9881,-79.9818,-79.978,-79.9757,-79.9744,-79.9737,-79.9733,-79.973,-79.9729,-79.9728,-79.9728,-79.9727,-79.9727,-79.9727,-79.9727,-79.9727,-79.9727,-79.9727,-79.9727,-79.9727,-79.9727,-79.9727,-79.9727,-79.9727,-79.9727,-79.9727,-79.9727,-79.9727,-79.9728,-79.9728,-79.9728,-79.9729,-79.973,-79.9731,-79.9734
0.35,-79.9984,-79.988,-79.9817,-79.9779,-79.9756,-79.9743,-79.9735,-79.9731,-79.9729,-79.9727,-79.9727,-79.9726,-79.9726,-79.9726,-79.9726,-79.9726,-79.9726,-79.9726,-79.9726,-79.9726,-79.9726,-79.9726,-79.9726,-79.9726,-79.9726,-79.9726,-79.9726,-79.9726,-79.9726,-79.9726,-79.9726,-79.9727,-79.9727,-79.9728,-79.973,-79.9733
0.355,-79.9984,-79.988,-79.9816,-79.9778,-79.9755,-79.9742,-79.9734,-79.973,-79.9727,-79.9726,-79.9725,-79.9725,-79.9725,-79.9724,-79.9724,-79.9724,-79.9724,-79.9724,-79.9724,-79.9724,-79.9724,-79.9724,-79.9724,-79.9724,-79.9724,-79.9724,-79.9724,-79.9724,-79.9724,-79.9725,-79.9725,-79.9725,-79.9726,-79.9727,-79.9729,-79.9731
0.36,-79.9984,-79.9879,-79.9816,-79.9777,-79.9754,-79.9741,-79.9733,-79.9728,-79.9726,-79.9724,-79.9724,-79.9723,-79.9723,-79.9723,-79.9723,-79.9723,-79.9723,-79.9723,-79.9723,-79.9723,-79.9723,-79.9723,-79.9723,-79.9723,-79.9723,-79.9723,-79.9723,-79.9723,-79.9723,-79.9723,-79.9723,-79.9724,-79.9724,-79.9725,-79.9727,-79.973
0.365,-79.9984,-79.9879,-79.9815,-79.9776,-79.9753,-79.9739,-79.9732,-79.9727,-79.9724,-79.9723,-79.9722,-79.9722,-79.9722,-79.9721,-79.9721,-79.9721,-79.9721,-79.9721,-79.9721,-79.9721,-79.9721,-79.9721,-79.9721,-79.9721,-79.9721,-79.9721,-79.9721,-79.9721,-79.9721,-79.9722,-79.9722,-79.9722,-79.9723,-79.9724,-79.9726,-79.9728
0.37,-79.9984,-79.9879,-79.9814,-79.9775,-79.9752,-79.9738,-79.973,-79.9726,-79.9723,-79.9722,-79.9721,-79.972,-79.972,-79.972,-79.972,-79.972,-79.972,-79.972,-79.972,-79.972,-79.972,-79.972,-79.972,-79.972,-79.972,-79.972,-79.972,-79.972,-79.972,-79.972,-79.972,-79.9721,-79.9721,-79.9722,-79.9724,-79.9727
0.375,-79.9984,-79.9878,-79.9814,-79.9774,-79.9751,-79.9737,-79.9729,-79.9724,-79.9722,-79.972,-79.9719,-79.9719,-79.9719,-79.9719,-79.9718,-79.9718,-79.9718,-79.9718,-79.9718,-79.9718,-79.9718,-79.9718,-79.9718,-79.9718,-79.9718,-79.9718,-79.9718,-79.9719,-79.9719,-79.9719,-79.9719,-79.9719,-79.972,-79.9721,-79.9723,-79.9726
0.38,-79.9984,-79.9878,-79.9813,-79.9774,-79.975,-79.9736,-79.9728,-79.9723,-79.972,-79.9719,-79.9718,-79.9718,-79.9717,-79.9717,-79.9717,-79.9717,-79.9717,-79.9717,-79.9717,-79.9717,-79.9717,-79.9717,-79.9717,-79.9717,-79.9717,-79.9717,-79.9717,-79.9717,-79.9717,-79.9717,-79.9718,-79.9718,-79.9719,-79.972,-79.9721,-79.9724
0.385,-79.9984,-79.9878,-79.9812,-79.9773,-79.9749,-79.9735,-79.9727,-79.9722,-79.9719,-79.9717,-79.9717,-79.9716,-79.9716,-79.9716,-79.9716,-79.9716,-79.9716,-79.9716,-79.9716,-79.9716,-79.9716,-79.9716,-79.9716,-79.9716,-79.9716,-79.9716,-79.9716,-79.9716,-79.9716,-79.9716,-79.9716,-79.9717,-79.9717,-79.9718,-79.972,-79.9723
0.39,-79.9984,-79.9877,-79.9812,-79.9772,-79.9748,-79.9734,-79.9725,-79.972,-79.9718,-79.9716,-79.9715,-79.9715,-79.9715,-79.9714,-79.9714,-79.9714,-79.9714,-79.9714,-79.9714,-79.9714,-79.9714,-79.9714,-79.9714,-79.9714,-79.9714,-79.9714,-79.9714,-79.9714,-79.9714,-79.9715,-79.9715,-79.9715,-79.9716,-79.9717,-79.9719,-79.9722
0.395,-79.9984,-79.9877,-79.9811,-79.9771,-79.9747,-79.9733,-79.9724,-79.9719,-79.9716,-79.9715,-79.9714,-79.9713,-79.9713,-79.9713,-79.9713,-79.9713,-79.9713,-79.9713,-79.9713,-79.9713,-79.9713,-79.9713,-79.9713,-79.9713,-79.9713,-79.9713,-79.9713,-79.9713,-79.9713,-79.9713,-79.9713,-79.9714,-79.9715,-79.9716,-79.9717,-79.972
0.4,-79.9984,-79.9877,-79.9811,-79.977,-79.9746,-79.9731,-79.9723,-79.9718,-79.9715,-79.9714,-79.9713,-79.9712,-79.9712,-79.9712,-79.9712,-79.9712,-79.9712,-79.9712,-79.9712,-79.9712,-79.9712,-79.9712,-79.9712,-79.9712,-79.9712,-79.9712,-79.9712,-79.9712,-79.9712,-79.9712,-79.9712,-79.9712,-79.9713,-79.9714,-79.9716,-79.9719
0.405,-79.9984,-79.9876,-79.981,-79.9769,-79.9745,-79.973,-79.9722,-79.9717,-79.9714,-79.9712,-79.9711,-79.9711,-79.9711,-79.971,-79.971,-79.971,-79.971,-79.971,-79.971,-79.971,-79.971,-79.971,-79.971,-79.971,-79.971,-79.971,-79.971,-79.971,-79.971,-79.9711,-79.9711,-79.9711,-79.9712,-79.9713,-79.9715,-79.9718
0.41,-79.9984,-79.9876,-79.9809,-79.9769,-79.9744,-79.9729,-79.9721,-79.9715,-79.9713,-79.9711,-79.971,-79.9709,-79.9709,-79.9709,-79.9709,-79.9709,-79.9709,-79.9709,-79.9709,-79.9709,-79.9709,-79.9709,-79.9709,-79.9709,-79.9709,-79.9709,-79.9709,-79.9709,-79.9709,-79.9709,-79.9709,-79.971,-79.9711,-79.9712,-79.9714,-79.9716
0.415,-79.9984,-79.9876,-79.9809,-79.9768,-79.9743,-79.9728,-79.9719,-79.9714,-79.9711,-79.971,-79.9709,-79.9708,-79.9708,-79.9708,-79.9708,-79.9708,-79.9708,-79.9708,-79.9708,-79.9708,-79.9708,-79.9708,-79.9708,-79.9708,-79.9708,-79.9708,-79.9708,-79.9708,-79.9708,-79.9708,-79.9708,-79.9709,-79.9709,-79.971,-79.9712,-79.9715
0.42,-79.9984,-79.9875,-79.9808,-79.9767,-79.9742,-79.9727,-79.9718,-79.9713,-79.971,-79.9708,-79.9707,-79.9707,-79.9707,-79.9706,-79.9706,-79.9706,-79.9706,-79.9706,-79.9706,-79.9706,-79.9706,-79.9706,-79.9706,-79.9706,-79.9706,-79.9706,-79.9706,-79.9706,-79.9706,-79.9707,-79.9707,-79.9707,-79.9708,-79.9709,-79.9711,-79.9714
0.425,-79.9984,-79.9875,-79.9808,-79.9766,-79.9741,-79.9726,-79.9717,-79.9712,-79.9709,-79.9707,-79.9706,-79.9706,-79.9705,-79.9705,-79.9705,-79.9705,-79.9705,-79.9705,-79.9705,-79.9705,-79.9705,-79.9705,-79.9705,-79.9705,-79.9705,-79.9705,-79.9705,-79.9705,-79.9705,-79.9705,-79.9706,-79.9706,-79.9707,-79.9708,-79.971,-79.9713
0.43,-79.9984,-79.9875,-79.9807,-79.9765,-79.974,-79.9725,-79.9716,-79.9711,-79.9708,-79.9706,-79.9705,-79.9704,-79.9704,-79.9704,-79.9704,-79.9704,-79.9704,-79.9704,-79.9704,-79.9704,-79.9704,-79.9704,-79.9704,-79.9704,-79.9704,-79.9704,-79.9704,-79.9704,-79.9704,-79.9704,-79.9704,-79.9705,-79.9705,-79.9707,-79.9708,-79.9711
0.435,-79.9984,-79.9875,-79.9807,-79.9765,-79.9739,-79.9724,-79.9715,-79.971,-79.9706,-79.9705,-79.9704,-79.9703,-79.9703,-79.9703,-79.9703,-79.9702,-79.9702,-79.9702,-79.9702,-79.9702,-79.9702,-79.9702,-79.9702,-79.9702,-79.9702,-79.9702,-79.9702,-79.9703,-79.9703,-79.9703,-79.9703,-79.9703,-79.9704,-79.9705,-79.9707,-79.971
0.44,-79.9984,-79.9874,-79.9806,-79.9764,-79.9738,-79.9723,-79.9714,-79.9708,-79.9705,-79.9704,-79.9702,-79.9702,-79.9702,-79.9701,-79.9701,-79.9701,-79.9701,-79.9701,-79.9701,-79.9701,-79.9701,-79.9701,-79.9701,-79.9701,-79.9701,-79.9701,-79.9701,-79.9701,-79.9701,-79.9702,-79.9702,-79.9702,-79.9703,-79.9704,-79.9706,-79.9709
0.445,-79.9984,-79.9874,-79.9805,-79.9763,-79.9738,-79.9722,-79.9713,-79.9707,-79.9704,-79.9702,-79.9701,-79.9701,-79.97,-79.97,-79.97,-79.97,-79.97,-79.97,-79.97,-79.97,-79.97,-79.97,-79.97,-79.97,-79.97,-79.97,-79.97,-79.97,-79.97,-79.97,-79.9701,-79.9701,-79.9702,-79.9703,-79.9705,-79.9708
0.45,-79.9984,-79.9874,-79.9805,-79.9762,-79.9737,-79.9721,-79.9712,-79.9706,-79.9703,-79.9701,-79.97,-79.9699,-79.9699,-79.9699,-79.9699,-79.9699,-79.9699,-79.9699,-79.9699,-79.9699,-79.9699,-79.9699,-79.9699,-79.9699,-79.9699,-79.9699,-79.9699,-79.9699,-79.9699,-79.9699,-79.9699,-79.97,-79.97,-79.9702,-79.9704,-79.9707
0.455,-79.9984,-79.9873,-79.9804,-79.9762,-79.9736,-79.972,-79.9711,-79.9705,-79.9702,-79.97,-79.9699,-79.9698,-79.9698,-79.9698,-79.9698,-79.9698,-79.9697,-79.9697,-79.9697,-79.9697,-79.9697,-79.9697,-79.9697,-79.9697,-79.9697,-79.9697,-79.9698,-79.9698,-79.9698,-79.9698,-79.9698,-79.9699,-79.9699,-79.97,-79.9702,-79.9706
0.46,-79.9984,-79.9873,-79.9804,-79.9761,-79.9735,-79.9719,-79.971,-79.9704,-79.9701,-79.9699,-79.9698,-79.9697,-79.9697,-79.9697,-79.9696,-79.9696,-79.9696,-79.9696,-79.9696,-79.9696,-79.9696,-79.9696,-79.9696,-79.9696,-79.9696,-79.9696,-79.9696,-79.9696,-79.9697,-79.9697,-79.9697,-79.9697,-79.9698,-79.9699,-79.9701,-79.9704
0.465,-79.9984,-79.9873,-79.9803,-79.976,-79.9734,-79.9718,-79.9709,-79.9703,-79.97,-79.9698,-79.9697,-79.9696,-79.9696,-79.9695,-79.9695,-79.9695,-79.9695,-79.9695,-79.9695,-79.9695,-79.9695,-79.9695,-79.9695,-79.9695,-79.9695,-79.9695,-79.9695,-79.9695,-79.9695,-79.9695,-79.9696,-79.9696,-79.9697,-79.9698,-79.97,-79.9703
0.47,-79.9984,-79.9873,-79.9803,-79.976,-79.9733,-79.9717,-79.9707,-79.9702,-79.9698,-79.9697,-79.9695,-79.9695,-79.9694,-79.9694,-79.9694,-79.9694,-79.9694,-79.9694,-79.9694,-79.9694,-79.9694,-79.9694,-79.9694,-79.9694,-79.9694,-79.9694,-79.9694,-79.9694,-79.9694,-79.9694,-79.9695,-79.9695,-79.9696,-79.9697,-79.9699,-79.9702
0.475,-79.9984,-79.9872,-79.9802,-79.9759,-79.9732,-79.9716,-79.9706,-79.9701,-79.9697,-79.9695,-79.9694,-79.9694,-79.9693,-79.9693,-79.9693,-79.9693,-79.9693,-79.9693,-79.9693,-79.9693,-79.9693,-79.9693,-79.9693,-79.9693,-79.9693,-79.9693,-79.9693,-79.9693,-79.9693,-79.9693,-79.9693,-79.9694,-79.9695,-79.9696,-79.9698,-79.9701
0.48,-79.9984,-79.9872,-79.9802,-79.9758,-79.9732,-79.9715,-79.9706,-79.97,-79.9696,-79.9694,-79.9693,-79.9692,-79.9692,-79.9692,-79.9692,-79.9692,-79.9692,-79.9692,-79.9692,-79.9692,-79.9692,-79.9692,-79.9692,-79.9692,-79.9692,-79.9692,-79.9692,-79.9692,-79.9692,-79.9692,-79.9692,-79.9693,-79.9693,-79.9695,-79.9697,-79.97
0.485,-79.9984,-79.9872,-79.9801,-79.9758,-79.9731,-79.9714,-79.9704,-79.9699,-79.9695,-79.9693,-79.9692,-79.9691,-79.9691,-79.9691,-79.9691,-79.969,-79.969,-79.969,-79.969,-79.969,-79.969,-79.969,-79.969,-79.969,-79.969,-79.969,-79.969,-79.9691,-79.9691,-79.9691,-79.9691,-79.9692,-79.9692,-79.9694,-79.9695,-79.9699
0.49,-79.9984,-79.9872,-79.9801,-79.9757,-79.973,-79.9713,-79.9703,-79.9698,-79.9694,-79.9692,-79.9691,-79.969,-79.969,-79.9689,-79.9689,-79.9689,-79.9689,-79.9689,-79.9689,-79.9689,-79.9689,-79.9689,-79.9689,-79.9689,-79.9689,-79.9689,-79.9689,-79.9689,-79.9689,-79.969,-79.969,-79.969,-79.9691,-79.9692,-79.9694,-79.9697
0.495,-79.9984,-79.9871,-79.98,-79.9756,-79.9729,-79.9713,-79.9702,-79.9697,-79.9693,-79.9691,-79.969,-79.9689,-79.9689,-79.9688,-79.9688,-79.9688,-79.9688,-79.9688,-79.9688,-79.9688,-79.9688,-79.9688,-79.9688,-79.9688,-79.9688,-79.9688,-79.9688,-79.9688,-79.9688,-79.9688,-79.9689,-79.9689,-79.969,-79.9691,-79.9693,-79.9696
0.5,-79.9984,-79.9871,-79.98,-79.9756,-79.9728,-79.9712,-79.9702,-79.9696,-79.9692,-79.969,-79.9689,-79.9688,-79.9688,-79.9687,-79.9687,-79.9687,-79.9687,-79.9687,-79.9687,-79.9687,-79.9687,-79.9687,-79.9687,-79.9687,-79.9687,-79.9687,-79.9687,-79.9687,-79.9687,-79.9687,-79.9688,-79.9688,-79.9689,-79.969,-79.9692,-79.9695
0.505,-79.9984,-79.9871,-79.9799,-79.9755,-79.9727,-79.9711,-79.9701,-79.9694,-79.9691,-79.9689,-79.9688,-79.9687,-79.9686,-79.9686,-79.9686,-79.9686,-79.9686,-79.9686,-79.9686,-79.9686,-79.9686,-79.9686,-79.9686,-79.9686,-79.9686,-79.9686,-79.9686,-79.9686,-79.9686,-79.9686,-79.9687,-79.9687,-79.9688,-79.9689,-79.9691,-79.9694
0.51,-79.9984,-79.9871,-79.9799,-79.9754,-79.9727,-79.971,-79.97,-79.9693,-79.969,-79.9688,-79.9686,-79.9686,-79.9685,-79.9685,-79.9685,-79.9685,-79.9685,-79.9685,-79.9685,-79.9685,-79.9685,-79.9685,-79.9685,-79.9685,-79.9685,-79.9685,-79.9685,-79.9685,-79.9685,-79.9685,-79.9685,-79.9686,-79.9687,-79.9688,-79.969,-79.9693
0.515,-79.9984,-79.987,-79.9799,-79.9754,-79.9726,-79.9709,-79.9699,-79.9692,-79.9689,-79.9687,-79.9685,-79.9685,-79.9684,-79.9684,-79.9684,-79.9684,-79.9684,-79.9684,-79.9684,-79.9684,-79.9684,-79.9684,-79.9684,-79.9684,-79.9684,-79.9684,-79.9684,-79.9684,-79.9684,-79.9684,-79.9684,-79.9685,-79.9686,-79.9687,-79.9689,-79.9692
0.52,-79.9984,-79.987,-79.9798,-79.9753,-79.9725,-79.9708,-79.9698,-79.9691,-79.9688,-79.9686,-79.9684,-79.9684,-79.9683,-79.9683,-79.9683,-79.9683,-79.9683,-79.9683,-79.9683,-79.9683,-79.9683,-79.9683,-79.9683,-79.9683,-79.9683,-79.9683,-79.9683,-79.9683,-79.9683,-79.9683,-79.9683,-79.9684,-79.9685,-79.9686,-79.9688,-79.9691
0.525,-79.9984,-79.987,-79.9798,-79.9752,-79.9724,-79.9707,-79.9697,-79.969,-79.9687,-79.9685,-79.9683,-79.9682,-79.9682,-79.9682,-79.9682,-79.9682,-79.9682,-79.9681,-79.9681,-79.9681,-79.9681,-79.9681,-79.9681,-79.9681,-79.9681,-79.9682,-79.9682,-79.9682,-79.9682,-79.9682,-79.9682,-79.9683,-79.9683,-79.9685,-79.9687,-79.969
0.53,-79.9984,-79.987,-79.9797,-79.9752,-79.9724,-79.9706,-79.9696,-79.9689,-79.9686,-79.9683,-79.9682,-79.9681,-79.9681,-79.9681,-79.9681,-79.968,-79.968,-79.968,-79.968,-79.968,-79.968,-79.968,-79.968,-79.968,-79.968,-79.968,-79.968,-79.9681,-79.9681,-79.9681,-79.9681,-79.9682,-79.9682,-79.9684,-79.9686,-79.9689
0.535,-79.9984,-79.9869,-79.9797,-79.9751,-79.9723,-79.9705,-79.9695,-79.9688,-79.9685,-79.9682,-79.9681,-79.968,-79.968,-79.968,-79.9679,-79.9679,-79.9679,-79.9679,-79.9679,-79.9679,-79.9679,-79.9679,-79.9679,-79.9679,-79.9679,-79.9679,-79.9679,-79.9679,-79.968,-79.968,-79.968,-79.9681,-79.9681,-79.9683,-79.9685,-79.9688
0.54,-79.9984,-79.9869,-79.9796,-79.9751,-79.9722,-79.9705,-79.9694,-79.9688,-79.9684,-79.9681,-79.968,-79.9679,-79.9679,-79.9679,-79.9678,-79.9678,-79.9678,-79.9678,-79.9678,-79.9678,-79.9678,-79.9678,-79.9678,-79.9678,-79.9678,-79.9678,-79.9678,-79.9678,-79.9678,-79.9679,-79.9679,-79.9679,-79.968,-79.9682,-79.9684,-79.9687
0.545,-79.9984,-79.9869,-79.9796,-79.975,-79.9721,-79.9704,-79.9693,-79.9687,-79.9683,-79.968,-79.9679,-79.9678,-79.9678,-79.9678,-79.9677,-79.9677,-79.9677,-79.9677,-79.9677,-79.9677,-79.9677,-79.9677,-79.9677,-79.9677,-79.9677,-79.9677,-79.9677,-79.9677,-79.9677,-79.9678,-79.9678,-79.9678,-79.9679,-79.9681,-79.9683,-79.9686
0.55,-79.9984,-79.9869,-79.9795,-79.9749,-79.9721,-79.9703,-79.9692,-79.9686,-79.9682,-79.9679,-79.9678,-79.9677,-79.9677,-79.9677,-79.9676,-79.9676,-79.9676,-79.9676,-79.9676,-79.9676,-79.9676,-79.9676,-79.9676,-79.9676,-79.9676,-79.9676,-79.9676,-79.9676,-79.9676,-79.9677,-79.9677,-79.9677,-79.9678,-79.9679,-79.9682,-79.9685
0.555,-79.9984,-79.9868,-79.9795,-79.9749,-79.972,-79.9702,-79.9691,-79.9685,-79.9681,-79.9678,-79.9677,-79.9676,-79.9676,-79.9675,-79.9675,-79.9675,-79.9675,-79.9675,-79.9675,-79.9675,-79.9675,-79.9675,-79.9675,-79.9675,-79.9675,-79.9675,-79.9675,-79.9675,-79.9675,-79.9676,-79.9676,-79.9676,-79.9677,-79.9678,-79.9681,-79.9684
0.56,-79.9984,-79.9868,-79.9794,-79.9748,-79.9719,-79.9701,-79.969,-79.9684,-79.968,-79.9677,-79.9676,-79.9675,-79.9675,-79.9674,-79.9674,-79.9674,-79.9674,-79.9674,-79.9674,-79.9674,-79.9674,-79.9674,-79.9674,-79.9674,-79.9674,-79.9674,-79.9674,-79.9674,-79.9674,-79.9675,-79.9675,-79.9675,-79.9676,-79.9678,-79.968,-79.9683
0.565,-79.9984,-79.9868,-79.9794,-79.9747,-79.9718,-79.97,-79.9689,-79.9683,-79.9679,-79.9676,-79.9675,-79.9674,-79.9674,-79.9673,-79.9673,-79.9673,-79.9673,-79.9673,-79.9673,-79.9673,-79.9673,-79.9673,-79.9673,-79.9673,-79.9673,-79.9673,-79.9673,-79.9673,-79.9673,-79.9674,-79.9674,-79.9674,-79.9675,-79.9676,-79.9679,-79.9682
0.57,-79.9984,-79.9868,-79.9794,-79.9747,-79.9718,-79.97,-79.9689,-79.9682,-79.9678,-79.9675,-79.9674,-79.9673,-79.9673,-79.9672,-79.9672,-79.9672,-79.9672,-79.9672,-79.9672,-79.9672,-79.9672,-79.9672,-79.9672,-79.9672,-79.9672,-79.9672,-79.9672,-79.9672,-79.9672,-79.9672,-79.9673,-79.9673,-79.9674,-79.9675,-79.9678,-79.9681
0.575,-79.9984,-79.9867,-79.9793,-79.9746,-79.9717,-79.9699,-79.9688,-79.9681,-79.9677,-79.9674,-79.9673,-79.9672,-79.9672,-79.9671,-79.9671,-79.9671,-79.9671,-79.9671,-79.9671,-79.9671,-79.9671,-79.9671,-79.9671,-79.9671,-79.9671,-79.9671,-79.9671,-79.9671,-79.9671,-79.9671,-79.9672,-79.9672,-79.9673,-79.9674,-79.9677,-79.968
0.58,-79.9984,-79.9867,-79.9793,-79.9746,-79.9716,-79.9698,-79.9687,-79.968,-79.9676,-79.9673,-79.9672,-79.9671,-79.9671,-79.967,-79.967,-79.967,-79.967,-79.967,-79.967,-79.967,-79.967,-79.967,-79.967,-79.967,-79.967,-79.967,-79.967,-79.967,-79.967,-79.967,-79.9671,-79.9671,-79.9672,-79.9673,-79.9676,-79.9679
0.585,-79.9984,-79.9867,-79.9792,-79.9745,-79.9716,-79.9697,-79.9686,-79.9679,-79.9675,-79.9673,-79.9671,-79.967,-79.967,-79.9669,-79.9669,-79.9669,-79.9669,-79.9669,-79.9669,-79.9669,-79.9669,-79.9669,-79.9669,-79.9669,-79.9669,-79.9669,-79.9669,-79.9669,-79.9669,-79.9669,-79.967,-79.967,-79.9671,-79.9672,-79.9675,-79.9678
0.59,-79.9984,-79.9867,-79.9792,-79.9745,-79.9715,-79.9697,-79.9685,-79.9678,-79.9674,-79.9672,-79.967,-79.9669,-79.9669,-79.9668,-79.9668,-79.9668,-79.9668,-79.9668,-79.9668,-79.9668,-79.9668,-79.9668,-79.9668,-79.9668,-79.9668,-79.9668,-79.9668,-79.9668,-79.9668,-79.9669,-79.9669,-79.9669,-79.967,-79.9672,-79.9674,-79.9677
0.595,-79.9984,-79.9866,-79.9791,-79.9744,-79.9714,-79.9696,-79.9684,-79.9677,-79.9673,-79.9671,-79.9669,-79.9668,-79.9668,-79.9667,-79.9667,-79.9667,-79.9667,-79.9667,-79.9667,-79.9667,-79.9667,-79.9667,-79.9667,-79.9667,-79.9667,-79.9667,-79.9667,-79.9667,-79.9667,-79.9668,-79.9668,-79.9668,-79.9669,-79.9671,-79.9673,-79.9676
0.6,-79.9984,-79.9866,-79.9791,-79.9743,-79.9714,-79.9695,-79.9683,-79.9677,-79.9672,-79.967,-79.9668,-79.9667,-79.9667,-79.9666,-79.9666,-79.9666,-79.9666,-79.9666,-79.9666,-79.9666,-79.9666,-79.9666,-79.9666,-79.9666,-79.9666,-79.9666,-79.9666,-79.9666,-79.9666,-79.9667,-79.9667,-79.9667,-79.9668,-79.967,-79.9672,-79.9675
0.605,-79.9984,-79.9866,-79.9791,-79.9743,-79.9713,-79.9694,-79.9683,-79.9676,-79.9671,-79.9669,-79.9667,-79.9666,-79.9666,-79.9665,-79.9665,-79.9665,-79.9665,-79.9665,-79.9665,-79.9665,-79.9665,-79.9665,-79.9665,-79.9665,-79.9665,-79.9665,-79.9665,-79.9665,-79.9665,-79.9666,-79.9666,-79.9666,-79.9667,-79.9669,-79.9671,-79.9674
0.61,-79.9984,-79.9866,-79.979,-79.9742,-79.9712,-79.9693,-79.9682,-79.9675,-79.967,-79.9668,-79.9666,-79.9665,-79.9665,-79.9665,-79.9664,-79.9664,-79.9664,-79.9664,-79.9664,-79.9664,-79.9664,-79.9664,-79.9664,-79.9664,-79.9664,-79.9664,-79.9664,-79.9664,-79.9664,-79.9665,-79.9665,-79.9665,-79.9666,-79.9668,-79.967,-79.9673
0.615,-79.9984,-79.9866,-79.979,-79.9742,-79.9712,-79.9693,-79.9681,-79.9674,-79.9669,-79.9667,-79.9665,-79.9664,-79.9664,-79.9664,-79.9663,-79.9663,-79.9663,-79.9663,-79.9663,-79.9663,-79.9663,-79.9663,-79.9663,-79.9663,-79.9663,-79.9663,-79.9663,-79.9663,-79.9663,-79.9664,-79.9664,-79.9665,-79.9665,-79.9667,-79.9669,-79.9672
0.62,-79.9984,-79.9865,-79.9789,-79.9741,-79.9711,-79.9692,-79.968,-79.9673,-79.9669,-79.9666,-79.9664,-79.9663,-79.9663,-79.9663,-79.9662,-79.9662,-79.9662,-79.9662,-79.9662,-79.9662,-79.9662,-79.9662,-79.9662,-79.9662,-79.9662,-79.9662,-79.9662,-79.9662,-79.9662,-79.9663,-79.9663,-79.9664,-79.9664,-79.9666,-79.9668,-79.9671
0.625,-79.9984,-79.9865,-79.9789,-79.9741,-79.971,-79.9691,-79.9679,-79.9672,-79.9668,-79.9665,-79.9663,-79.9663,-79.9662,-79.9662,-79.9661,-79.9661,-79.9661,-79.9661,-79.9661,-79.9661,-79.9661,-79.9661,-79.9661,-79.9661,-79.9661,-79.9661,-79.9661,-79.9661,-79.9662,-79.9662,-79.9662,-79.9663,-79.9663,-79.9665,-79.9667,-79.9671
0.63,-79.9984,-79.9865,-79.9789,-79.974,-79.971,-79.969,-79.9679,-79.9671,-79.9667,-79.9664,-79.9663,-79.9662,-79.9661,-79.9661,-79.9661,-79.966,-79.966,-79.966,-79.966,-79.966,-79.966,-79.966,-79.966,-79.966,-79.966,-79.966,-79.966,-79.966,-79.9661,-79.9661,-79.9661,-79.9662,-79.9663,-79.9664,-79.9666,-79.967
0.635,-79.9984,-79.9865,-79.9788,-79.974,-79.9709,-79.969,-79.9678,-79.967,-79.9666,-79.9663,-79.9662,-79.9661,-79.966,-79.966,-79.966,-79.966,-79.9659,-79.9659,-79.9659,-79.9659,-79.9659,-79.9659,-79.9659,-79.9659,-79.9659,-79.9659,-79.9659,-79.966,-79.966,-79.966,-79.966,-79.9661,-79.9662,-79.9663,-79.9665,-79.9669
0.64,-79.9984,-79.9865,-79.9788,-79.9739,-79.9708,-79.9689,-79.9677,-79.967,-79.9665,-79.9662,-79.9661,-79.966,-79.9659,-79.9659,-79.9659,-79.9659,-79.9659,-79.9658,-79.9658,-79.9658,-79.9658,-79.9658,-79.9658,-79.9658,-79.9658,-79.9659,-79.9659,-79.9659,-79.9659,-79.9659,-79.9659,-79.966,-79.9661,-79.9662,-79.9664,-79.9668
0.645,-79.9984,-79.9864,-79.9788,-79.9739,-79.9708,-79.9688,-79.9676,-79.9669,-79.9664,-79.9661,-79.966,-79.9659,-79.9658,-79.9658,-79.9658,-79.9658,-79.9658,-79.9658,-79.9658,-79.9658,-79.9658,-79.9658,-79.9658,-79.9658,-79.9658,-79.9658,-79.9658,-79.9658,-79.9658,-79.9658,-79.9658,-79.9659,-79.966,-79.9661,-79.9663,-79.9667
0.65,-79.9984,-79.9864,-79.9787,-79.9738,-79.9707,-79.9688,-79.9675,-79.9668,-79.9663,-79.9661,-79.9659,-79.9658,-79.9657,-79.9657,-79.9657,-79.9657,-79.9657,-79.9657,-79.9657,-79.9657,-79.9657,-79.9657,-79.9657,-79.9657,-79.9657,-79.9657,-79.9657,-79.9657,-79.9657,-79.9657,-79.9657,-79.9658,-79.9659,-79.966,-79.9663,-79.9666
0.655,-79.9984,-79.9864,-79.9787,-79.9737,-79.9706,-79.9687,-79.9675,-79.9667,-79.9663,-79.966,-79.9658,-79.9657,-79.9656,-79.9656,-79.9656,-79.9656,-79.9656,-79.9656,-79.9656,-79.9656,-79.9656,-79.9656,-79.9656,-79.9656,-79.9656,-79.9656,-79.9656,-79.9656,-79.9656,-79.9656,-79.9657,-79.9657,-79.9658,-79.9659,-79.9662,-79.9665
0.66,-79.9984,-79.9864,-79.9786,-79.9737,-79.9706,-79.9686,-79.9674,-79.9666,-79.9662,-79.9659,-79.9657,-79.9656,-79.9656,-79.9655,-79.9655,-79.9655,-79.9655,-79.9655,-79.9655,-79.9655,-79.9655,-79.9655,-79.9655,-79.9655,-79.9655,-79.9655,-79.9655,-79.9655,-79.9655,-79.9655,-79.9656,-79.9656,-79.9657,-79.9659,-79.9661,-79.9664
0.665,-79.9984,-79.9864,-79.9786,-79.9736,-79.9705,-79.9685,-79.9673,-79.9665,-79.9661,-79.9658,-79.9656,-79.9655,-79.9655,-79.9654,-79.9654,-79.9654,-79.9654,-79.9654,-79.9654,-79.9654,-79.9654,-79.9654,-79.9654,-79.9654,-79.9654,-79.9654,-79.9654,-79.9654,-79.9654,-79.9654,-79.9655,-79.9655,-79.9656,-79.9658,-79.966,-79.9663
0.67,-79.9984,-79.9863,-79.9786,-79.9736,-79.9704,-79.9685,-79.9672,-79.9665,-79.966,-79.9657,-79.9655,-79.9654,-79.9654,-79.9653,-79.9653,-79.9653,-79.9653,-79.9653,-79.9653,-79.9653,-79.9653,-79.9653,-79.9653,-79.9653,-79.9653,-79.9653,-79.9653,-79.9653,-79.9653,-79.9653,-79.9654,-79.9654,-79.9655,-79.9657,-79.9659,-79.9663
0.675,-79.9984,-79.9863,-79.9785,-79.9735,-79.9704,-79.9684,-79.9672,-79.9664,-79.9659,-79.9656,-79.9655,-79.9654,-79.9653,-79.9653,-79.9652,-79.9652,-79.9652,-79.9652,-79.9652,-79.9652,-79.9652,-79.9652,-79.9652,-79.9652,-79.9652,-79.9652,-79.9652,-79.9652,-79.9652,-79.9653,-79.9653,-79.9653,-79.9654,-79.9656,-79.9658,-79.9662
0.68,-79.9984,-79.9863,-79.9785,-79.9735,-79.9703,-79.9683,-79.9671,-79.9663,-79.9658,-79.9655,-79.9654,-79.9653,-79.9652,-79.9652,-79.9651,-79.9651,-79.9651,-79.9651,-79.9651,-79.9651,-79.9651,-79.9651,-79.9651,-79.9651,-79.9651,-79.9651,-79.9651,-79.9651,-79.9651,-79.9652,-79.9652,-79.9653,-79.9654,-79.9655,-79.9657,-79.9661
0.685,-79.9984,-79.9863,-79.9785,-79.9734,-79.9703,-79.9683,-79.967,-79.9662,-79.9658,-79.9655,-79.9653,-79.9652,-79.9651,-79.9651,-79.9651,-79.965,-79.965,-79.965,-79.965,-79.965,-79.965,-79.965,-79.965,-79.965,-79.965,-79.965,-79.965,-79.965,-79.9651,-79.9651,-79.9651,-79.9652,-79.9653,-79.9654,-79.9656,-79.966
0.69,-79.9984,-79.9863,-79.9784,-79.9734,-79.9702,-79.9682,-79.9669,-79.9661,-79.9657,-79.9654,-79.9652,-79.9651,-79.965,-79.965,-79.965,-79.965,-79.9649,-79.9649,-79.9649,-79.9649,-79.9649,-79.9649,-79.9649,-79.9649,-79.9649,-79.9649,-79.965,-79.965,-79.965,-79.965,-79.965,-79.9651,-79.9652,-79.9653,-79.9656,-79.9659
0.695,-79.9984,-79.9862,-79.9784,-79.9733,-79.9701,-79.9681,-79.9669,-79.9661,-79.9656,-79.9653,-79.9651,-79.965,-79.9649,-79.9649,-79.9649,-79.9649,-79.9649,-79.9649,-79.9649,-79.9649,-79.9649,-79.9649,-79.9649,-79.9649,-79.9649,-79.9649,-79.9649,-79.9649,-79.9649,-79.9649,-79.9649,-79.965,-79.9651,-79.9652,-79.9655,-79.9658
0.7,-79.9984,-79.9862,-79.9783,-79.9733,-79.9701,-79.968,-79.9668,-79.966,-79.9655,-79.9652,-79.965,-79.9649,-79.9649,-79.9648,-79.9648,-79.9648,-79.9648,-79.9648,-79.9648,-79.9648,-79.9648,-79.9648,-79.9648,-79.9648,-79.9648,-79.9648,-79.9648,-79.9648,-79.9648,-79.9648,-79.9649,-79.9649,-79.965,-79.9651,-79.9654,-79.9657
0.705,-79.9984,-79.9862,-79.9783,-79.9732,-79.97,-79.968,-79.9667,-79.9659,-79.9654,-79.9651,-79.9649,-79.9648,-79.9648,-79.9647,-79.9647,-79.9647,-79.9647,-79.9647,-79.9647,-79.9647,-79.9647,-79.9647,-79.9647,-79.9647,-79.9647,-79.9647,-79.9647,-79.9647,-79.9647,-79.9647,-79.9648,-79.9648,-79.9649,-79.9651,-79.9653,-79.9657
0.71,-79.9984,-79.9862,-79.9783,-79.9732,-79.97,-79.9679,-79.9666,-79.9658,-79.9653,-79.965,-79.9649,-79.9648,-79.9647,-79.9646,-79.9646,-79.9646,-79.9646,-79.9646,-79.9646,-79.9646,-79.9646,-79.9646,-79.9646,-79.9646,-79.9646,-79.9646,-79.9646,-79.9646,-79.9646,-79.9646,-79.9647,-79.9647,-79.9648,-79.965,-79.9652,-79.9656
0.715,-79.9984,-79.9862,-79.9782,-79.9731,-79.9699,-79.9678,-79.9666,-79.9658,-79.9653,-79.965,-79.9648,-79.9647,-79.9646,-79.9646,-79.9645,-79.9645,-79.9645,-79.9645,-79.9645,-79.9645,-79.9645,-79.9645,-79.9645,-79.9645,-79.9645,-79.9645,-79.9645,-79.9645,-79.9645,-79.9646,-79.9646,-79.9647,-79.9648,-79.9649,-79.9651,-79.9655
0.72,-79.9984,-79.9861,-79.9782,-79.9731,-79.9698,-79.9678,-79.9665,-79.9657,-79.9652,-79.9649,-79.9647,-79.9646,-79.9645,-79.9645,-79.9644,-79.9644,-79.9644,-79.9644,-79.9644,-79.9644,-79.9644,-79.9644,-79.9644,-79.9644,-79.9644,-79.9644,-79.9644,-79.9644,-79.9645,-79.9645,-79.9645,-79.9646,-79.9647,-79.9648,-79.965,-79.9654
0.725,-79.9984,-79.9861,-79.9782,-79.973,-79.9698,-79.9677,-79.9664,-79.9656,-79.9651,-79.9648,-79.9646,-79.9645,-79.9644,-79.9644,-79.9644,-79.9643,-79.9643,-79.9643,-79.9643,-79.9643,-79.9643,-79.9643,-79.9643,-79.9643,-79.9643,-79.9643,-79.9643,-79.9644,-79.9644,-79.9644,-79.9644,-79.9645,-79.9646,-79.9647,-79.965,-79.9653
0.73,-79.9984,-79.9861,-79.9781,-79.973,-79.9697,-79.9677,-79.9663,-79.9655,-79.965,-79.9647,-79.9645,-79.9644,-79.9643,-79.9643,-79.9643,-79.9643,-79.9643,-79.9642,-79.9642,-79.9642,-79.9642,-79.9642,-79.9642,-79.9642,-79.9642,-79.9643,-79.9643,-79.9643,-79.9643,-79.9643,-79.9643,-79.9644,-79.9645,-79.9646,-79.9649,-79.9652
0.735,-79.9984,-79.9861,-79.9781,-79.973,-79.9697,-79.9676,-79.9663,-79.9655,-79.965,-79.9646,-79.9644,-79.9643,-79.9643,-79.9642,-79.9642,-79.9642,-79.9642,-79.9642,-79.9642,-79.9642,-79.9642,-79.9642,-79.9642,-79.9642,-79.9642,-79.9642,-79.9642,-79.9642,-79.9642,-79.9642,-79.9643,-79.9643,-79.9644,-79.9646,-79.9648,-79.9652
0.74,-79.9984,-79.9861,-79.9781,-79.9729,-79.9696,-79.9675,-79.9662,-79.9654,-79.9649,-79.9646,-79.9644,-79.9642,-79.9642,-79.9641,-79.9641,-79.9641,-79.9641,-79.9641,-79.9641,-79.9641,-79.9641,-79.9641,-79.9641,-79.9641,-79.9641,-79.9641,-79.9641,-79.9641,-79.9641,-79.9641,-79.9642,-79.9642,-79.9643,-79.9645,-79.9647,-79.9651
0.745,-79.9984,-79.9861,-79.978,-79.9729,-79.9696,-79.9675,-79.9661,-79.9653,-79.9648,-79.9645,-79.9643,-79.9642,-79.9641,-79.9641,-79.964,-79.964,-79.964,-79.964,-79.964,-79.964,-79.964,-79.964,-79.964,-79.964,-79.964,-79.964,-79.964,-79.964,-79.964,-79.9641,-79.9641,-79.9642,-79.9642,-79.9644,-79.9646,-79.965
0.75,-79.9984,-79.986,-79.978,-79.9728,-79.9695,-79.9674,-79.9661,-79.9652,-79.9647,-79.9644,-79.9642,-79.9641,-79.964,-79.964,-79.9639,-79.9639,-79.9639,-79.9639,-79.9639,-79.9639,-79.9639,-79.9639,-79.9639,-79.9639,-79.9639,-79.9639,-79.9639,-79.9639,-79.964,-79.964,-79.964,-79.9641,-79.9642,-79.9643,-79.9646,-79.9649
0.755,-79.9984,-79.986,-79.978,-79.9728,-79.9694,-79.9673,-79.966,-79.9652,-79.9646,-79.9643,-79.9641,-79.964,-79.9639,-79.9639,-79.9639,-79.9639,-79.9638,-79.9638,-79.9638,-79.9638,-79.9638,-79.9638,-79.9638,-79.9638,-79.9638,-79.9638,-79.9638,-79.9639,-79.9639,-79.9639,-79.9639,-79.964,-79.9641,-79.9642,-79.9645,-79.9648
0.76,-79.9984,-79.986,-79.9779,-79.9727,-79.9694,-79.9673,-79.9659,-79.9651,-79.9646,-79.9642,-79.964,-79.9639,-79.9639,-79.9638,-79.9638,-79.9638,-79.9638,-79.9638,-79.9638,-79.9637,-79.9637,-79.9637,-79.9637,-79.9637,-79.9638,-79.9638,-79.9638,-79.9638,-79.9638,-79.9638,-79.9638,-79.9639,-79.964,-79.9642,-79.9644,-79.9648
0.765,-79.9984,-79.986,-79.9779,-79.9727,-79.9693,-79.9672,-79.9659,-79.965,-79.9645,-79.9642,-79.964,-79.9638,-79.9638,-79.9637,-79.9637,-79.9637,-79.9637,-79.9637,-79.9637,-79.9637,-79.9637,-79.9637,-79.9637,-79.9637,-79.9637,-79.9637,-79.9637,-79.9637,-79.9637,-79.9637,-79.9638,-79.9638,-79.9639,-79.9641,-79.9643,-79.9647
0.77,-79.9984,-79.986,-79.9779,-79.9726,-79.9693,-79.9671,-79.9658,-79.9649,-79.9644,-79.9641,-79.9639,-79.9638,-79.9637,-79.9636,-79.9636,-79.9636,-79.9636,-79.9636,-79.9636,-79.9636,-79.9636,-79.9636,-79.9636,-79.9636,-79.9636,-79.9636,-79.9636,-79.9636,-79.9636,-79.9636,-79.9637,-79.9637,-79.9638,-79.964,-79.9642,-79.9646
0.775,-79.9984,-79.9859,-79.9778,-79.9726,-79.9692,-79.9671,-79.9657,-79.9649,-79.9643,-79.964,-79.9638,-79.9637,-79.9636,-79.9636,-79.9635,-79.9635,-79.9635,-79.9635,-79.9635,-79.9635,-79.9635,-79.9635,-79.9635,-79.9635,-79.9635,-79.9635,-79.9635,-79.9635,-79.9635,-79.9636,-79.9636,-79.9637,-79.9638,-79.9639,-79.9642,-79.9645
0.78,-79.9984,-79.9859,-79.9778,-79.9725,-79.9692,-79.967,-79.9656,-79.9648,-79.9643,-79.9639,-79.9637,-79.9636,-79.9635,-79.9635,-79.9635,-79.9634,-79.9634,-79.9634,-79.9634,-79.9634,-79.9634,-79.9634,-79.9634,-79.9634,-79.9634,-79.9634,-79.9634,-79.9634,-79.9635,-79.9635,-79.9635,-79.9636,-79.9637,-79.9638,-79.9641,-79.9645
0.785,-79.9984,-79.9859,-79.9778,-79.9725,-79.9691,-79.9669,-79.9656,-79.9647,-79.9642,-79.9639,-79.9637,-79.9635,-79.9635,-79.9634,-79.9634,-79.9634,-79.9634,-79.9633,-79.9633,-79.9633,-79.9633,-79.9633,-79.9633,-79.9633,-79.9633,-79.9633,-79.9634,-79.9634,-79.9634,-79.9634,-79.9634,-79.9635,-79.9636,-79.9638,-79.964,-79.9644
0.79,-79.9984,-79.9859,-79.9777,-79.9725,-79.9691,-79.9669,-79.9655,-79.9647,-79.9641,-79.9638,-79.9636,-79.9634,-79.9634,-79.9633,-79.9633,-79.9633,-79.9633,-79.9633,-79.9633,-79.9633,-79.9633,-79.9633,-79.9633,-79.9633,-79.9633,-79.9633,-79.9633,-79.9633,-79.9633,-79.9633,-79.9634,-79.9634,-79.9635,-79.9637,-79.9639,-79.9643
0.795,-79.9984,-79.9859,-79.9777,-79.9724,-79.969,-79.9668,-79.9654,-79.9646,-79.964,-79.9637,-79.9635,-79.9634,-79.9633,-79.9632,-79.9632,-79.9632,-79.9632,-79.9632,-79.9632,-79.9632,-79.9632,-79.9632,-79.9632,-79.9632,-79.9632,-79.9632,-79.9632,-79.9632,-79.9632,-79.9632,-79.9633,-79.9633,-79.9634,-79.9636,-79.9639,-79.9642
0.8,-79.9984,-79.9859,-79.9777,-79.9724,-79.9689,-79.9668,-79.9654,-79.9645,-79.964,-79.9636,-79.9634,-79.9633,-79.9632,-79.9632,-79.9631,-79.9631,-79.9631,-79.9631,-79.9631,-79.9631,-79.9631,-79.9631,-79.9631,-79.9631,-79.9631,-79.9631,-79.9631,-79.9631,-79.9631,-79.9632,-79.9632,-79.9633,-79.9634,-79.9635,-79.9638,-79.9641
0.805,-79.9984,-79.9858,-79.9776,-79.9723,-79.9689,-79.9667,-79.9653,-79.9644,-79.9639,-79.9636,-79.9633,-79.9632,-79.9631,-79.9631,-79.9631,-79.963,-79.963,-79.963,-79.963,-79.963,-79.963,-79.963,-79.963,-79.963,-79.963,-79.963,-79.963,-79.963,-79.9631,-79.9631,-79.9631,-79.9632,-79.9633,-79.9634,-79.9637,-79.9641
0.81,-79.9984,-79.9858,-79.9776,-79.9723,-79.9688,-79.9666,-79.9652,-79.9644,-79.9638,-79.9635,-79.9633,-79.9631,-79.9631,-79.963,-79.963,-79.963,-79.963,-79.963,-79.963,-79.9629,-79.9629,-79.9629,-79.9629,-79.9629,-79.963,-79.963,-79.963,-79.963,-79.963,-79.963,-79.9631,-79.9631,-79.9632,-79.9634,-79.9636,-79.964
0.815,-79.9984,-79.9858,-79.9776,-79.9722,-79.9688,-79.9666,-79.9652,-79.9643,-79.9637,-79.9634,-79.9632,-79.9631,-79.963,-79.9629,-79.9629,-79.9629,-79.9629,-79.9629,-79.9629,-79.9629,-79.9629,-79.9629,-79.9629,-79.9629,-79.9629,-79.9629,-79.9629,-79.9629,-79.9629,-79.9629,-79.963,-79.963,-79.9631,-79.9633,-79.9635,-79.9639
0.82,-79.9984,-79.9858,-79.9775,-79.9722,-79.9687,-79.9665,-79.9651,-79.9642,-79.9637,-79.9633,-79.9631,-79.963,-79.9629,-79.9629,-79.9628,-79.9628,-79.9628,-79.9628,-79.9628,-79.9628,-79.9628,-79.9628,-79.9628,-79.9628,-79.9628,-79.9628,-79.9628,-79.9628,-79.9628,-79.9629,-79.9629,-79.963,-79.9631,-79.9632,-79.9635,-79.9638
0.825,-79.9984,-79.9858,-79.9775,-79.9721,-79.9687,-79.9665,-79.965,-79.9642,-79.9636,-79.9633,-79.963,-79.9629,-79.9628,-79.9628,-79.9628,-79.9627,-79.9627,-79.9627,-79.9627,-79.9627,-79.9627,-79.9627,-79.9627,-79.9627,-79.9627,-79.9627,-79.9627,-79.9627,-79.9628,-79.9628,-79.9628,-79.9629,-79.963,-79.9631,-79.9634,-79.9638
0.83,-79.9984,-79.9858,-79.9775,-79.9721,-79.9686,-79.9664,-79.965,-79.9641,-79.9635,-79.9632,-79.963,-79.9628,-79.9628,-79.9627,-79.9627,-79.9627,-79.9626,-79.9626,-79.9626,-79.9626,-79.9626,-79.9626,-79.9626,-79.9626,-79.9626,-79.9626,-79.9626,-79.9627,-79.9627,-79.9627,-79.9627,-79.9628,-79.9629,-79.9631,-79.9633,-79.9637
0.835,-79.9984,-79.9857,-79.9775,-79.9721,-79.9686,-79.9663,-79.9649,-79.964,-79.9635,-79.9631,-79.9629,-79.9628,-79.9627,-79.9626,-79.9626,-79.9626,-79.9626,-79.9626,-79.9626,-79.9626,-79.9626,-79.9626,-79.9626,-79.9626,-79.9626,-79.9626,-79.9626,-79.9626,-79.9626,-79.9626,-79.9627,-79.9627,-79.9628,-79.963,-79.9632,-79.9636
0.84,-79.9984,-79.9857,-79.9774,-79.972,-79.9685,-79.9663,-79.9649,-79.964,-79.9634,-79.963,-79.9628,-79.9627,-79.9626,-79.9626,-79.9625,-79.9625,-79.9625,-79.9625,-79.9625,-79.9625,-79.9625,-79.9625,-79.9625,-79.9625,-79.9625,-79.9625,-79.9625,-79.9625,-79.9625,-79.9625,-79.9626,-79.9627,-79.9628,-79.9629,-79.9632,-79.9636
0.845,-79.9984,-79.9857,-79.9774,-79.972,-79.9685,-79.9662,-79.9648,-79.9639,-79.9633,-79.963,-79.9627,-79.9626,-79.9625,-79.9625,-79.9624,-79.9624,-79.9624,-79.9624,-79.9624,-79.9624,-79.9624,-79.9624,-79.9624,-79.9624,-79.9624,-79.9624,-79.9624,-79.9624,-79.9624,-79.9625,-79.9625,-79.9626,-79.9627,-79.9628,-79.9631,-79.9635
0.85,-79.9984,-79.9857,-79.9774,-79.9719,-79.9684,-79.9662,-79.9647,-79.9638,-79.9632,-79.9629,-79.9627,-79.9625,-79.9625,-79.9624,-79.9624,-79.9624,-79.9623,-79.9623,-79.9623,-79.9623,-79.9623,-79.9623,-79.9623,-79.9623,-79.9623,-79.9623,-79.9623,-79.9624,-79.9624,-79.9624,-79.9624,-79.9625,-79.9626,-79.9628,-79.963,-79.9634
0.855,-79.9984,-79.9857,-79.9773,-79.9719,-79.9684,-79.9661,-79.9647,-79.9638,-79.9632,-79.9628,-79.9626,-79.9625,-79.9624,-79.9623,-79.9623,-79.9623,-79.9623,-79.9623,-79.9623,-79.9623,-79.9622,-79.9622,-79.9622,-79.9623,-79.9623,-79.9623,-79.9623,-79.9623,-79.9623,-79.9623,-79.9624,-79.9624,-79.9625,-79.9627,-79.9629,-79.9633
0.86,-79.9984,-79.9857,-79.9773,-79.9718,-79.9683,-79.966,-79.9646,-79.9637,-79.9631,-79.9628,-79.9625,-79.9624,-79.9623,-79.9622,-79.9622,-79.9622,-79.9622,-79.9622,-79.9622,-79.9622,-79.9622,-79.9622,-79.9622,-79.9622,-79.9622,-79.9622,-79.9622,-79.9622,-79.9622,-79.9622,-79.9623,-79.9624,-79.9625,-79.9626,-79.9629,-79.9633
0.865,-79.9984,-79.9856,-79.9773,-79.9718,-79.9683,-79.966,-79.9645,-79.9636,-79.963,-79.9627,-79.9625,-79.9623,-79.9622,-79.9622,-79.9622,-79.9621,-79.9621,-79.9621,-79.9621,-79.9621,-79.9621,-79.9621,-79.9621,-79.9621,-79.9621,-79.9621,-79.9621,-79.9621,-79.9621,-79.9622,-79.9622,-79.9623,-79.9624,-79.9625,-79.9628,-79.9632
0.87,-79.9984,-79.9856,-79.9772,-79.9718,-79.9682,-79.9659,-79.9645,-79.9636,-79.963,-79.9626,-79.9624,-79.9622,-79.9622,-79.9621,-79.9621,-79.9621,-79.962,-79.962,-79.962,-79.962,-79.962,-79.962,-79.962,-79.962,-79.962,-79.962,-79.962,-79.9621,-79.9621,-79.9621,-79.9621,-79.9622,-79.9623,-79.9625,-79.9627,-79.9631
0.875,-79.9984,-79.9856,-79.9772,-79.9717,-79.9682,-79.9659,-79.9644,-79.9635,-79.9629,-79.9625,-79.9623,-79.9622,-79.9621,-79.962,-79.962,-79.962,-79.962,-79.962,-79.962,-79.962,-79.962,-79.962,-79.962,-79.962,-79.962,-79.962,-79.962,-79.962,-79.962,-79.962,-79.9621,-79.9621,-79.9622,-79.9624,-79.9627,-79.963
0.88,-79.9984,-79.9856,-79.9772,-79.9717,-79.9681,-79.9658,-79.9644,-79.9634,-79.9628,-79.9625,-79.9622,-79.9621,-79.962,-79.962,-79.9619,-79.9619,-79.9619,-79.9619,-79.9619,-79.9619,-79.9619,-79.9619,-79.9619,-79.9619,-79.9619,-79.9619,-79.9619,-79.9619,-79.9619,-79.962,-79.962,-79.9621,-79.9622,-79.9623,-79.9626,-79.963
0.885,-79.9984,-79.9856,-79.9771,-79.9716,-79.9681,-79.9658,-79.9643,-79.9634,-79.9628,-79.9624,-79.9622,-79.962,-79.9619,-79.9619,-79.9619,-79.9618,-79.9618,-79.9618,-79.9618,-79.9618,-79.9618,-79.9618,-79.9618,-79.9618,-79.9618,-79.9618,-79.9618,-79.9618,-79.9618,-79.9619,-79.9619,-79.962,-79.9621,-79.9623,-79.9625,-79.9629
0.89,-79.9984,-79.9856,-79.9771,-79.9716,-79.968,-79.9657,-79.9642,-79.9633,-79.9627,-79.9623,-79.9621,-79.962,-79.9619,-79.9618,-79.9618,-79.9618,-79.9617,-79.9617,-79.9617,-79.9617,-79.9617,-79.9617,-79.9617,-79.9617,-79.9617,-79.9617,-79.9617,-79.9618,-79.9618,-79.9618,-79.9618,-79.9619,-79.962,-79.9622,-79.9624,-79.9628
0.895,-79.9984,-79.9856,-79.9771,-79.9716,-79.968,-79.9657,-79.9642,-79.9632,-79.9626,-79.9623,-79.962,-79.9619,-79.9618,-79.9617,-79.9617,-79.9617,-79.9617,-79.9617,-79.9617,-79.9617,-79.9617,-79.9617,-79.9617,-79.9617,-79.9617,-79.9617,-79.9617,-79.9617,-79.9617,-79.9617,-79.9618,-79.9618,-79.962,-79.9621,-79.9624,-79.9628
0.9,-79.9984,-79.9855,-79.9771,-79.9715,-79.9679,-79.9656,-79.9641,-79.9632,-79.9626,-79.9622,-79.962,-79.9618,-79.9617,-79.9617,-79.9616,-79.9616,-79.9616,-79.9616,-79.9616,-79.9616,-79.9616,-79.9616,-79.9616,-79.9616,-79.9616,-79.9616,-79.9616,-79.9616,-79.9616,-79.9617,-79.9617,-79.9618,-79.9619,-79.962,-79.9623,-79.9627
0.905,-79.9984,-79.9855,-79.977,-79.9715,-79.9679,-79.9655,-79.9641,-79.9631,-79.9625,-79.9621,-79.9619,-79.9617,-79.9616,-79.9616,-79.9616,-79.9615,-79.9615,-79.9615,-79.9615,-79.9615,-79.9615,-79.9615,-79.9615,-79.9615,-79.9615,-79.9615,-79.9615,-79.9615,-79.9616,-79.9616,-79.9616,-79.9617,-79.9618,-79.962,-79.9622,-79.9626
0.91,-79.9984,-79.9855,-79.977,-79.9714,-79.9678,-79.9655,-79.964,-79.963,-79.9624,-79.9621,-79.9618,-79.9617,-79.9616,-79.9615,-79.9615,-79.9615,-79.9615,-79.9614,-79.9614,-79.9614,-79.9614,-79.9614,-79.9614,-79.9614,-79.9614,-79.9614,-79.9615,-79.9615,-79.9615,-79.9615,-79.9616,-79.9616,-79.9617,-79.9619,-79.9622,-79.9626
0.915,-79.9984,-79.9855,-79.977,-79.9714,-79.9678,-79.9654,-79.9639,-79.963,-79.9624,-79.962,-79.9617,-79.9616,-79.9615,-79.9614,-79.9614,-79.9614,-79.9614,-79.9614,-79.9614,-79.9614,-79.9614,-79.9614,-79.9614,-79.9614,-79.9614,-79.9614,-79.9614,-79.9614,-79.9614,-79.9614,-79.9615,-79.9616,-79.9617,-79.9618,-79.9621,-79.9625
0.92,-79.9984,-79.9855,-79.977,-79.9714,-79.9677,-79.9654,-79.9639,-79.9629,-79.9623,-79.9619,-79.9617,-79.9615,-79.9614,-79.9614,-79.9613,-79.9613,-79.9613,-79.9613,-79.9613,-79.9613,-79.9613,-79.9613,-79.9613,-79.9613,-79.9613,-79.9613,-79.9613,-79.9613,-79.9613,-79.9614,-79.9614,-79.9615,-79.9616,-79.9618,-79.962,-79.9624
0.925,-79.9984,-79.9855,-79.9769,-79.9713,-79.9677,-79.9653,-79.9638,-79.9628,-79.9622,-79.9619,-79.9616,-79.9615,-79.9614,-79.9613,-79.9613,-79.9613,-79.9612,-79.9612,-79.9612,-79.9612,-79.9612,-79.9612,-79.9612,-79.9612,-79.9612,-79.9612,-79.9612,-79.9613,-79.9613,-79.9613,-79.9613,-79.9614,-79.9615,-79.9617,-79.962,-79.9623
0.93,-79.9984,-79.9855,-79.9769,-79.9713,-79.9676,-79.9653,-79.9638,-79.9628,-79.9622,-79.9618,-79.9615,-79.9614,-79.9613,-79.9612,-79.9612,-79.9612,-79.9612,-79.9612,-79.9612,-79.9612,-79.9612,-79.9612,-79.9612,-79.9612,-79.9612,-79.9612,-79.9612,-79.9612,-79.9612,-79.9612,-79.9613,-79.9613,-79.9615,-79.9616,-79.9619,-79.9623
0.935,-79.9984,-79.9854,-79.9769,-79.9712,-79.9676,-79.9652,-79.9637,-79.9627,-79.9621,-79.9617,-79.9615,-79.9613,-79.9612,-79.9612,-79.9611,-79.9611,-79.9611,-79.9611,-79.9611,-79.9611,-79.9611,-79.9611,-79.9611,-79.9611,-79.9611,-79.9611,-79.9611,-79.9611,-79.9611,-79.9612,-79.9612,-79.9613,-79.9614,-79.9616,-79.9618,-79.9622
0.94,-79.9984,-79.9854,-79.9768,-79.9712,-79.9675,-79.9652,-79.9636,-79.9627,-79.962,-79.9616,-79.9614,-79.9613,-79.9612,-79.9611,-79.9611,-79.961,-79.961,-79.961,-79.961,-79.961,-79.961,-79.961,-79.961,-79.961,-79.961,-79.961,-79.961,-79.961,-79.9611,-79.9611,-79.9611,-79.9612,-79.9613,-79.9615,-79.9617,-79.9621
0.945,-79.9984,-79.9854,-79.9768,-79.9712,-79.9675,-79.9651,-79.9636,-79.9626,-79.962,-79.9616,-79.9613,-79.9612,-79.9611,-79.961,-79.961,-79.961,-79.961,-79.961,-79.9609,-79.9609,-79.9609,-79.9609,-79.9609,-79.9609,-79.9609,-79.961,-79.961,-79.961,-79.961,-79.961,-79.9611,-79.9611,-79.9612,-79.9614,-79.9617,-79.9621
0.95,-79.9984,-79.9854,-79.9768,-79.9711,-79.9674,-79.9651,-79.9635,-79.9625,-79.9619,-79.9615,-79.9613,-79.9611,-79.961,-79.961,-79.9609,-79.9609,-79.9609,-79.9609,-79.9609,-79.9609,-79.9609,-79.9609,-79.9609,-79.9609,-79.9609,-79.9609,-79.9609,-79.9609,-79.9609,-79.9609,-79.961,-79.9611,-79.9612,-79.9613,-79.9616,-79.962
0.955,-79.9984,-79.9854,-79.9768,-79.9711,-79.9674,-79.965,-79.9635,-79.9625,-79.9618,-79.9614,-79.9612,-79.961,-79.961,-79.9609,-79.9609,-79.9608,-79.9608,-79.9608,-79.9608,-79.9608,-79.9608,-79.9608,-79.9608,-79.9608,-79.9608,-79.9608,-79.9608,-79.9608,-79.9608,-79.9609,-79.9609,-79.961,-79.9611,-79.9613,-79.9615,-79.9619
0.96,-79.9984,-79.9854,-79.9767,-79.9711,-79.9674,-79.965,-79.9634,-79.9624,-79.9618,-79.9614,-79.9611,-79.961,-79.9609,-79.9608,-79.9608,-79.9608,-79.9607,-79.9607,-79.9607,-79.9607,-79.9607,-79.9607,-79.9607,-79.9607,-79.9607,-79.9607,-79.9607,-79.9608,-79.9608,-79.9608,-79.9609,-79.9609,-79.961,-79.9612,-79.9615,-79.9619
0.965,-79.9984,-79.9853,-79.9767,-79.971,-79.9673,-79.9649,-79.9633,-79.9623,-79.9617,-79.9613,-79.9611,-79.9609,-79.9608,-79.9608,-79.9607,-79.9607,-79.9607,-79.9607,-79.9607,-79.9607,-79.9607,-79.9607,-79.9607,-79.9607,-79.9607,-79.9607,-79.9607,-79.9607,-79.9607,-79.9607,-79.9608,-79.9609,-79.961,-79.9611,-79.9614,-79.9618
0.97,-79.9984,-79.9853,-79.9767,-79.971,-79.9673,-79.9648,-79.9633,-79.9623,-79.9617,-79.9613,-79.961,-79.9608,-79.9607,-79.9607,-79.9606,-79.9606,-79.9606,-79.9606,-79.9606,-79.9606,-79.9606,-79.9606,-79.9606,-79.9606,-79.9606,-79.9606,-79.9606,-79.9606,-79.9606,-79.9607,-79.9607,-79.9608,-79.9609,-79.9611,-79.9613,-79.9617
0.975,-79.9984,-79.9853,-79.9766,-79.9709,-79.9672,-79.9648,-79.9632,-79.9622,-79.9616,-79.9612,-79.9609,-79.9608,-79.9607,-79.9606,-79.9606,-79.9606,-79.9605,-79.9605,-79.9605,-79.9605,-79.9605,-79.9605,-79.9605,-79.9605,-79.9605,-79.9605,-79.9605,-79.9606,-79.9606,-79.9606,-79.9606,-79.9607,-79.9608,-79.961,-79.9613,-79.9617
0.98,-79.9984,-79.9853,-79.9766,-79.9709,-79.9672,-79.9647,-79.9632,-79.9622,-79.9615,-79.9611,-79.9609,-79.9607,-79.9606,-79.9605,-79.9605,-79.9605,-79.9605,-79.9605,-79.9605,-79.9605,-79.9605,-79.9605,-79.9605,-79.9605,-79.9605,-79.9605,-79.9605,-79.9605,-79.9605,-79.9605,-79.9606,-79.9607,-79.9608,-79.9609,-79.9612,-79.9616
0.985,-79.9984,-79.9853,-79.9766,-79.9709,-79.9671,-79.9647,-79.9631,-79.9621,-79.9615,-79.9611,-79.9608,-79.9606,-79.9605,-79.9605,-79.9604,-79.9604,-79.9604,-79.9604,-79.9604,-79.9604,-79.9604,-79.9604,-79.9604,-79.9604,-79.9604,-79.9604,-79.9604,-79.9604,-79.9604,-79.9605,-79.9605,-79.9606,-79.9607,-79.9609,-79.9611,-79.9615
0.99,-79.9984,-79.9853,-79.9766,-79.9708,-79.9671,-79.9646,-79.9631,-79.9621,-79.9614,-79.961,-79.9607,-79.9606,-79.9605,-79.9604,-79.9604,-79.9604,-79.9603,-79.9603,-79.9603,-79.9603,-79.9603,-79.9603,-79.9603,-79.9603,-79.9603,-79.9603,-79.9603,-79.9604,-79.9604,-79.9604,-79.9604,-79.9605,-79.9606,-79.9608,-79.9611,-79.9615
0.995,-79.9984,-79.9853,-79.9765,-79.9708,-79.967,-79.9646,-79.963,-79.962,-79.9613,-79.9609,-79.9607,-79.9605,-79.9604,-79.9604,-79.9603,-79.9603,-79.9603,-79.9603,-79.9603,-79.9603,-79.9603,-79.9603,-79.9603,-79.9603,-79.9603,-79.9603,-79.9603,-79.9603,-79.9603,-79.9603,-79.9604,-79.9604,-79.9606,-79.9607,-79.961,-79.9614
1,-79.9984,-79.9852,-79.9765,-79.9708,-79.967,-79.9645,-79.963,-79.9619,-79.9613,-79.9609,-79.9606,-79.9604,-79.9603,-79.9603,-79.9602,-79.9602,-79.9602,-79.9602,-79.9602,-79.9602,-79.9602,-79.9602,-79.9602,-79.9602,-79.9602,-79.9602,-79.9602,-79.9602,-79.9602,-79.9603,-79.9603,-79.9604,-79.9605,-79.9607,-79.9609,-79.9613
1.005,-13.3331,-67.7728,-77.7393,-79.5609,-79.8919,-79.9507,-79.9604,-79.9614,-79.9611,-79.9608,-79.9605,-79.9604,-79.9603,-79.9602,-79.9602,-79.9602,-79.9601,-79.9601,-79.9601,-79.9601,-79.9601,-79.9601,-79.9601,-79.9601,-79.9601,-79.9601,-79.9601,-79.9601,-79.9602,-79.9602,-79.9602,-79.9603,-79.9604,-79.9606,-79.9609,-79.9613
1.01,-2.22219,-58.1781,-74.5991,-78.7324,-79.6937,-79.9059,-79.9506,-79.9593,-79.9606,-79.9606,-79.9605,-79.9603,-79.9602,-79.9601,-79.9601,-79.9601,-79.9601,-79.9601,-79.9601,-79.9601,-79.9601,-79.9601,-79.9601,-79.9601,-79.9601,-79.9601,-79.9601,-79.9601,-79.9601,-79.9601,-79.9602,-79.9603,-79.9604,-79.9605,-79.9608,-79.9612
1.015,-0.370303,-52.1355,-71.6096,-77.6838,-79.3811,-79.8213,-79.929,-79.954,-79.9594,-79.9603,-79.9603,-79.9602,-79.9601,-79.9601,-79.96,-79.96,-79.96,-79.96,-79.96,-79.96,-79.96,-79.96,-79.96,-79.96,-79.96,-79.96,-79.96,-79.96,-79.96,-79.9601,-79.9601,-79.9602,-79.9603,-79.9605,-79.9607,-79.9612
1.02,-0.0616015,-48.0375,-69.0483,-76.5814,-78.9901,-79.6983,-79.8934,-79.9443,-79.9568,-79.9596,-79.9601,-79.9601,-79.9601,-79.96,-79.96,-79.96,-79.9599,-79.9599,-79.9599,-79.9599,-79.9599,-79.9599,-79.9599,-79.9599,-79.9599,-79.9599,-79.9599,-79.9599,-79.96,-79.96,-79.96,-79.9601,-79.9602,-79.9604,-79.9607,-79.9611
1.025,25.0618,-39.9884,-65.9691,-75.3436,-78.5256,-79.5386,-79.8425,-79.929,-79.9524,-79.9584,-79.9597,-79.96,-79.96,-79.9599,-79.9599,-79.9599,-79.9599,-79.9599,-79.9599,-79.9599,-79.9598,-79.9598,-79.9598,-79.9599,-79.9599,-79.9599,-79.9599,-79.9599,-79.9599,-79.9599,-79.96,-79.9601,-79.9602,-79.9604,-79.9606,-79.961
1.03,32.2143,-31.2807,-62.3837,-73.9164,-77.9789,-79.3409,-79.7753,-79.9074,-79.9458,-79.9564,-79.9591,-79.9598,-79.9599,-79.9599,-79.9598,-79.9598,-79.9598,-79.9598,-79.9598,-79.9598,-79.9598,-79.9598,-79.9598,-79.9598,-79.9598,-79.9598,-79.9598,-79.9598,-79.9598,-79.9599,-79.9599,-79.96,-79.9601,-79.9603,-79.9606,-79.961
1.035,34.5674,-20.0492,-57.9711,-72.2105,-77.3274,-79.0998,-79.6899,-79.8786,-79.9364,-79.9535,-79.9582,-79.9595,-79.9597,-79.9598,-79.9598,-79.9597,-79.9597,-79.9597,-79.9597,-79.9597,-79.9597,-79.9597,-79.9597,-79.9597,-79.9597,-79.9597,-79.9597,-79.9597,-79.9598,-79.9598,-79.9598,-79.9599,-79.96,-79.9602,-79.9605,-79.9609
1.04,36.3465,-3.28299,-51.9165,-70.0204,-76.5193,-78.8025,-79.5829,-79.8412,-79.9239,-79.9493,-79.9569,-79.959,-79.9596,-79.9597,-79.9597,-79.9597,-79.9597,-79.9597,-79.9597,-79.9597,-79.9597,-79.9596,-79.9596,-79.9597,-79.9597,-79.9597,-79.9597,-79.9597,-79.9597,-79.9597,-79.9598,-79.9599,-79.96,-79.9602,-79.9604,-79.9608
1.045,38.4045,15.6209,-44.1595,-67.205,-75.4966,-78.4301,-79.4484,-79.7936,-79.9074,-79.9438,-79.9551,-79.9584,-79.9593,-79.9596,-79.9596,-79.9596,-79.9596,-79.9596,-79.9596,-79.9596,-79.9596,-79.9596,-79.9596,-79.9596,-79.9596,-79.9596,-79.9596,-79.9596,-79.9596,-79.9597,-79.9597,-79.9598,-79.9599,-79.9601,-79.9604,-79.9608
1.05,39.9404,26.7722,-35.8931,-63.8889,-74.2465,-77.9685,-79.2802,-79.7333,-79.8862,-79.9365,-79.9526,-79.9576,-79.959,-79.9594,-79.9595,-79.9595,-79.9595,-79.9595,-79.9595,-79.9595,-79.9595,-79.9595,-79.9595,-79.9595,-79.9595,-79.9595,-79.9595,-79.9595,-79.9596,-79.9596,-79.9596,-79.9597,-79.9598,-79.96,-79.9603,-79.9607
1.055,40.6332,30.9097,-26.4024,-59.9971,-72.7461,-77.4048,-79.0722,-79.6577,-79.8592,-79.927,-79.9493,-79.9564,-79.9586,-79.9593,-79.9594,-79.9595,-79.9595,-79.9595,-79.9595,-79.9595,-79.9595,-79.9595,-79.9595,-79.9595,-79.9595,-79.9595,-79.9595,-79.9595,-79.9595,-79.9595,-79.9596,-79.9597,-79.9598,-79.96,-79.9602,-79.9607
1.06,40.8186,32.7818,-12.7311,-54.8931,-70.8614,-76.7061,-78.8143,-79.5634,-79.8252,-79.9149,-79.9451,-79.9549,-79.9581,-79.959,-79.9593,-79.9594,-79.9594,-79.9594,-79.9594,-79.9594,-79.9594,-79.9594,-79.9594,-79.9594,-79.9594,-79.9594,-79.9594,-79.9594,-79.9594,-79.9595,-79.9595,-79.9596,-79.9597,-79.9599,-79.9602,-79.9606
1.065,40.8359,34.5347,6.07247,-47.9021,-68.3815,-75.8127,-78.4892,-79.445,-79.7823,-79.8996,-79.9396,-79.953,-79.9574,-79.9588,-79.9592,-79.9593,-79.9593,-79.9593,-79.9593,-79.9593,-79.9593,-79.9593,-79.9593,-79.9593,-79.9593,-79.9593,-79.9593,-79.9594,-79.9594,-79.9594,-79.9595,-79.9595,-79.9597,-79.9598,-79.9601,-79.9605
1.07,40.7935,36.1446,21.8547,-39.7555,-65.3043,-74.6867,-78.0793,-79.296,-79.7283,-79.8801,-79.9326,-79.9505,-79.9565,-79.9584,-79.959,-79.9592,-79.9593,-79.9593,-79.9593,-79.9593,-79.9593,-79.9593,-79.9593,-79.9593,-79.9593,-79.9593,-79.9593,-79.9593,-79.9593,-79.9593,-79.9594,-79.9595,-79.9596,-79.9598,-79.96,-79.9605
1.075,40.6453,37.017,28.9085,-30.9926,-61.7142,-73.3198,-77.572,-79.1098,-79.6605,-79.8555,-79.9238,-79.9473,-79.9553,-79.958,-79.9588,-79.9591,-79.9592,-79.9592,-79.9592,-79.9592,-79.9592,-79.9592,-79.9592,-79.9592,-79.9592,-79.9592,-79.9592,-79.9592,-79.9593,-79.9593,-79.9593,-79.9594,-79.9595,-79.9597,-79.96,-79.9604
1.08,40.3731,37.2618,31.5341,-19.5174,-57.2442,-71.6374,-76.9455,-78.8786,-79.5757,-79.8247,-79.9126,-79.9433,-79.9539,-79.9574,-79.9586,-79.959,-79.9591,-79.9591,-79.9591,-79.9591,-79.9591,-79.9591,-79.9591,-79.9591,-79.9591,-79.9591,-79.9592,-79.9592,-79.9592,-79.9592,-79.9593,-79.9593,-79.9595,-79.9596,-79.9599,-79.9603
1.085,40.0065,37.2193,33.2597,-2.62484,-51.0973,-69.4427,-76.1498,-78.5879,-79.4695,-79.7859,-79.8986,-79.9382,-79.952,-79.9567,-79.9583,-79.9588,-79.959,-79.9591,-79.9591,-79.9591,-79.9591,-79.9591,-79.9591,-79.9591,-79.9591,-79.9591,-79.9591,-79.9591,-79.9591,-79.9592,-79.9592,-79.9593,-79.9594,-79.9596,-79.9599,-79.9603
1.09,39.5802,37.0848,35.0081,15.88,-43.2707,-66.6088,-75.1298,-78.2189,-79.3354,-79.7372,-79.8808,-79.9318,-79.9497,-79.9559,-79.958,-79.9587,-79.9589,-79.959,-79.959,-79.959,-79.959,-79.959,-79.959,-79.959,-79.959,-79.959,-79.959,-79.959,-79.9591,-79.9591,-79.9591,-79.9592,-79.9593,-79.9595,-79.9598,-79.9602
1.095,39.1066,36.8596,36.1981,26.5613,-34.8363,-63.2444,-73.8713,-77.7569,-79.1668,-79.6758,-79.8585,-79.9237,-79.9467,-79.9548,-79.9575,-79.9585,-79.9588,-79.9589,-79.9589,-79.9589,-79.9589,-79.9589,-79.9589,-79.9589,-79.9589,-79.959,-79.959,-79.959,-79.959,-79.959,-79.9591,-79.9592,-79.9593,-79.9595,-79.9597,-79.9602
1.1,38.5839,36.5135,36.641,30.547,-24.8511,-59.2198,-72.3401,-77.1866,-78.9567,-79.5989,-79.8304,-79.9134,-79.943,-79.9534,-79.957,-79.9583,-79.9587,-79.9588,-79.9589,-79.9589,-79.9589,-79.9589,-79.9589,-79.9589,-79.9589,-79.9589,-79.9589,-79.9589,-79.9589,-79.959,-79.959,-79.9591,-79.9592,-79.9594,-79.9597,-79.9601
1.105,38.0115,36.0614,36.6494,32.4343,-10.3454,-53.8556,-70.3871,-76.4706,-78.694,-79.5026,-79.7953,-79.9006,-79.9383,-79.9516,-79.9563,-79.958,-79.9585,-79.9587,-79.9588,-79.9588,-79.9588,-79.9588,-79.9588,-79.9588,-79.9588,-79.9588,-79.9588,-79.9588,-79.9589,-79.9589,-79.959,-79.959,-79.9592,-79.9593,-79.9596,-79.96
1.11,37.393,35.5366,36.5038,34.2036,8.67815,-46.6023,-67.8144,-75.5489,-78.3604,-79.3812,-79.751,-79.8845,-79.9324,-79.9495,-79.9555,-79.9576,-79.9584,-79.9586,-79.9587,-79.9587,-79.9587,-79.9587,-79.9587,-79.9588,-79.9588,-79.9588,-79.9588,-79.9588,-79.9588,-79.9588,-79.9589,-79.959,-79.9591,-79.9593,-79.9596,-79.96
1.115,36.7322,34.9587,36.2765,35.6945,23.2052,-38.3504,-64.6563,-74.3901,-77.9388,-79.2279,-79.6952,-79.8641,-79.925,-79.9467,-79.9545,-79.9572,-79.9582,-79.9585,-79.9586,-79.9587,-79.9587,-79.9587,-79.9587,-79.9587,-79.9587,-79.9587,-79.9587,-79.9587,-79.9587,-79.9588,-79.9588,-79.9589,-79.959,-79.9592,-79.9595,-79.9599
1.12,36.0306,34.33,35.9323,36.4149,29.3251,-29.2787,-60.9505,-72.981,-77.4163,-79.0362,-79.6252,-79.8386,-79.9156,-79.9433,-79.9532,-79.9567,-79.958,-79.9584,-79.9585,-79.9586,-79.9586,-79.9586,-79.9586,-79.9586,-79.9586,-79.9586,-79.9586,-79.9587,-79.9587,-79.9587,-79.9588,-79.9588,-79.959,-79.9592,-79.9594,-79.9599
1.125,35.2884,33.6499,35.4683,36.5514,31.6994,-16.9597,-56.2347,-71.2261,-76.7669,-78.7971,-79.5375,-79.8065,-79.9039,-79.939,-79.9516,-79.9561,-79.9577,-79.9583,-79.9585,-79.9585,-79.9585,-79.9586,-79.9586,-79.9586,-79.9586,-79.9586,-79.9586,-79.9586,-79.9586,-79.9586,-79.9587,-79.9588,-79.9589,-79.9591,-79.9594,-79.9598
1.13,34.5056,32.9212,34.9152,36.4374,33.4438,0.813084,-49.7311,-68.919,-75.9359,-78.495,-79.4273,-79.7662,-79.8892,-79.9336,-79.9496,-79.9554,-79.9574,-79.9581,-79.9584,-79.9585,-79.9585,-79.9585,-79.9585,-79.9585,-79.9585,-79.9585,-79.9585,-79.9585,-79.9586,-79.9586,-79.9586,-79.9587,-79.9588,-79.959,-79.9593,-79.9597
1.135,33.6828,32.1482,34.3008,36.2338,35.1419,18.4321,-41.7255,-65.9792,-74.8743,-78.1111,-79.2879,-79.7155,-79.8707,-79.9268,-79.9471,-79.9544,-79.957,-79.9579,-79.9583,-79.9584,-79.9584,-79.9584,-79.9584,-79.9584,-79.9584,-79.9585,-79.9585,-79.9585,-79.9585,-79.9585,-79.9586,-79.9587,-79.9588,-79.959,-79.9593,-79.9597
1.14,32.8205,31.3337,33.6332,35.9259,36.1811,27.5555,-33.1395,-62.5146,-73.571,-77.6315,-79.1127,-79.6516,-79.8474,-79.9183,-79.944,-79.9532,-79.9566,-79.9577,-79.9582,-79.9583,-79.9584,-79.9584,-79.9584,-79.9584,-79.9584,-79.9584,-79.9584,-79.9584,-79.9584,-79.9585,-79.9585,-79.9586,-79.9587,-79.9589,-79.9592,-79.9596
1.145,31.9191,30.4787,32.9115,35.4918,36.5094,30.9121,-22.5199,-58.2969,-71.9757,-77.0384,-78.8943,-79.5716,-79.8181,-79.9076,-79.9401,-79.9518,-79.956,-79.9575,-79.958,-79.9582,-79.9583,-79.9583,-79.9583,-79.9583,-79.9583,-79.9583,-79.9583,-79.9584,-79.9584,-79.9584,-79.9585,-79.9585,-79.9587,-79.9588,-79.9591,-79.9596
1.15,30.979,29.584,32.1375,34.953,36.4621,32.7184,-6.90312,-52.5781,-69.916,-76.2884,-78.62,-79.4712,-79.7814,-79.8942,-79.9351,-79.9499,-79.9553,-79.9572,-79.9579,-79.9581,-79.9582,-79.9582,-79.9583,-79.9583,-79.9583,-79.9583,-79.9583,-79.9583,-79.9583,-79.9583,-79.9584,-79.9585,-79.9586,-79.9588,-79.9591,-79.9595
1.155,30.0004,28.6505,31.3154,34.3424,36.287,34.4939,12.1243,-45.0247,-67.2193,-75.3224,-78.271,-79.3444,-79.7352,-79.8773,-79.9289,-79.9476,-79.9544,-79.9568,-79.9577,-79.958,-79.9581,-79.9582,-79.9582,-79.9582,-79.9582,-79.9582,-79.9582,-79.9582,-79.9583,-79.9583,-79.9583,-79.9584,-79.9585,-79.9587,-79.959,-79.9594
1.16,28.984,27.6794,30.449,33.6756,36.0222,35.8504,24.8874,-36.6781,-63.9619,-74.1175,-77.8314,-79.1845,-79.6769,-79.8561,-79.9212,-79.9448,-79.9533,-79.9564,-79.9575,-79.9579,-79.9581,-79.9581,-79.9581,-79.9581,-79.9581,-79.9581,-79.9582,-79.9582,-79.9582,-79.9582,-79.9583,-79.9584,-79.9585,-79.9587,-79.959,-79.9594
1.165,27.9302,26.6717,29.5403,32.9538,35.6336,36.4303,29.916,-27.2116,-60.1112,-72.6526,-77.2873,-78.9846,-79.6038,-79.8294,-79.9114,-79.9412,-79.952,-79.9559,-79.9573,-79.9578,-79.958,-79.958,-79.9581,-79.9581,-79.9581,-79.9581,-79.9581,-79.9581,-79.9581,-79.9582,-79.9582,-79.9583,-79.9584,-79.9586,-79.9589,-79.9593
1.17,26.84,25.6284,28.5901,32.1769,35.1273,36.4932,32.0219,-13.8728,-55.0955,-70.8063,-76.6075,-78.7348,-79.5123,-79.7959,-79.8991,-79.9367,-79.9503,-79.9552,-79.957,-79.9576,-79.9579,-79.958,-79.958,-79.958,-79.958,-79.958,-79.958,-79.958,-79.9581,-79.9581,-79.9582,-79.9582,-79.9584,-79.9585,-79.9588,-79.9593
1.175,25.7139,24.5504,27.5996,31.3487,34.5364,36.353,33.7819,4.67244,-48.2109,-68.3703,-75.7336,-78.4181,-79.3969,-79.7537,-79.8837,-79.931,-79.9482,-79.9544,-79.9567,-79.9575,-79.9578,-79.9579,-79.9579,-79.9579,-79.958,-79.958,-79.958,-79.958,-79.958,-79.958,-79.9581,-79.9582,-79.9583,-79.9585,-79.9588,-79.9592
1.18,24.5531,23.4387,26.5702,30.4735,33.8849,36.1277,35.395,20.9391,-40.062,-65.3203,-74.6248,-78.0163,-79.251,-79.7006,-79.8643,-79.9239,-79.9456,-79.9534,-79.9563,-79.9573,-79.9577,-79.9578,-79.9579,-79.9579,-79.9579,-79.9579,-79.9579,-79.9579,-79.9579,-79.958,-79.958,-79.9581,-79.9582,-79.9584,-79.9587,-79.9592
1.185,23.3586,22.2944,25.5035,29.5541,33.178,35.7892,36.2755,28.4932,-31.2706,-61.7418,-73.2708,-77.5163,-79.068,-79.6338,-79.84,-79.915,-79.9423,-79.9522,-79.9558,-79.9571,-79.9576,-79.9577,-79.9578,-79.9578,-79.9578,-79.9578,-79.9578,-79.9579,-79.9579,-79.9579,-79.958,-79.9581,-79.9582,-79.9584,-79.9587,-79.9591
1.19,22.1316,21.1188,24.4006,28.5916,32.4148,35.3251,36.5013,31.3007,-19.8685,-57.2927,-71.6003,-76.8965,-78.8399,-79.5502,-79.8094,-79.9038,-79.9382,-79.9507,-79.9552,-79.9568,-79.9574,-79.9576,-79.9577,-79.9578,-79.9578,-79.9578,-79.9578,-79.9578,-79.9578,-79.9579,-79.9579,-79.958,-79.9581,-79.9583,-79.9586,-79.959
1.195,20.8735,19.9132,23.2627,27.5872,31.5979,34.7621,36.415,33.0605,-3.1214,-51.1859,-69.4207,-76.1076,-78.5523,-79.4452,-79.771,-79.8897,-79.933,-79.9487,-79.9545,-79.9565,-79.9573,-79.9576,-79.9577,-79.9577,-79.9577,-79.9577,-79.9577,-79.9577,-79.9578,-79.9578,-79.9579,-79.9579,-79.9581,-79.9583,-79.9585,-79.959
1.2,19.5857,18.6789,22.0914,26.5423,30.7316,34.1312,36.2231,34.8146,15.4431,-43.3761,-66.5994,-75.0943,-78.1863,-79.3123,-79.7225,-79.872,-79.9265,-79.9463,-79.9535,-79.9562,-79.9571,-79.9575,-79.9576,-79.9576,-79.9576,-79.9577,-79.9577,-79.9577,-79.9577,-79.9577,-79.9578,-79.9579,-79.958,-79.9582,-79.9585,-79.9589
1.205,18.2698,17.4174,20.8879,25.4585,29.8196,33.4441,35.9338,36.0167,26.3456,-34.9248,-63.2396,-73.8408,-77.7271,-79.1449,-79.6616,-79.8498,-79.9184,-79.9433,-79.9524,-79.9557,-79.9569,-79.9573,-79.9575,-79.9576,-79.9576,-79.9576,-79.9576,-79.9576,-79.9576,-79.9577,-79.9577,-79.9578,-79.9579,-79.9581,-79.9584,-79.9589
1.21,16.9277,16.1303,19.6539,24.3372,28.8634,32.7006,35.5176,36.464,30.4436,-24.9411,-59.2179,-72.3133,-77.1593,-78.936,-79.5851,-79.8218,-79.9081,-79.9396,-79.951,-79.9552,-79.9567,-79.9572,-79.9574,-79.9575,-79.9575,-79.9575,-79.9576,-79.9576,-79.9576,-79.9576,-79.9577,-79.9578,-79.9579,-79.9581,-79.9584,-79.9588
1.215,15.5611,14.8193,18.391,23.18,27.8642,31.9015,34.9892,36.4657,32.3627,-10.4761,-53.8624,-70.3642,-76.4455,-78.6744,-79.4893,-79.7868,-79.8953,-79.9348,-79.9492,-79.9545,-79.9564,-79.9571,-79.9573,-79.9574,-79.9575,-79.9575,-79.9575,-79.9575,-79.9575,-79.9576,-79.9576,-79.9577,-79.9578,-79.958,-79.9583,-79.9588
1.22,14.1719,13.4861,17.1008,21.9881,26.8231,31.051,34.3821,36.306,34.1378,8.52283,-46.6183,-67.7958,-75.526,-78.3419,-79.3684,-79.7427,-79.8792,-79.9289,-79.947,-79.9536,-79.956,-79.9569,-79.9572,-79.9574,-79.9574,-79.9574,-79.9574,-79.9575,-79.9575,-79.9575,-79.9576,-79.9576,-79.9578,-79.958,-79.9583,-79.9587
1.225,12.7623,12.1327,15.7852,20.7633,25.742,30.1533,33.7163,36.0607,35.6336,23.1058,-38.3613,-64.6392,-74.3689,-77.9213,-79.2155,-79.687,-79.8589,-79.9215,-79.9443,-79.9526,-79.9556,-79.9567,-79.9571,-79.9573,-79.9573,-79.9574,-79.9574,-79.9574,-79.9574,-79.9575,-79.9575,-79.9576,-79.9577,-79.9579,-79.9582,-79.9586
1.23,11.3344,10.761,14.4461,19.5072,24.6223,29.2106,32.9944,35.6956,36.3579,29.2753,-29.2788,-60.9321,-72.9606,-77.3996,-79.0242,-79.6171,-79.8333,-79.9121,-79.9408,-79.9513,-79.9551,-79.9565,-79.957,-79.9572,-79.9573,-79.9573,-79.9573,-79.9573,-79.9574,-79.9574,-79.9574,-79.9575,-79.9577,-79.9579,-79.9581,-79.9586
1.235,9.8904,9.37295,13.0854,18.2215,23.4655,28.2241,32.216,35.208,36.4946,31.669,-16.9545,-56.2139,-71.2057,-76.7506,-78.7855,-79.5296,-79.8013,-79.9004,-79.9365,-79.9497,-79.9545,-79.9562,-79.9569,-79.9571,-79.9572,-79.9572,-79.9573,-79.9573,-79.9573,-79.9573,-79.9574,-79.9575,-79.9576,-79.9578,-79.9581,-79.9585
1.24,8.43256,7.9707,11.7052,16.9083,22.2732,27.1949,31.3843,34.6283,36.3777,33.4194,0.813464,-49.7084,-68.8983,-75.9198,-78.4836,-79.4195,-79.7611,-79.8857,-79.9311,-79.9477,-79.9537,-79.9559,-79.9567,-79.957,-79.9571,-79.9572,-79.9572,-79.9572,-79.9572,-79.9573,-79.9573,-79.9574,-79.9575,-79.9577,-79.958,-79.9585
1.245,6.96324,6.55635,10.3076,15.5693,21.0468,26.1247,30.5036,33.9846,36.1693,35.1189,18.4219,-41.7004,-65.9577,-74.8582,-78.0998,-79.2802,-79.7104,-79.8672,-79.9243,-79.9452,-79.9528,-79.9555,-79.9565,-79.9569,-79.9571,-79.9571,-79.9571,-79.9572,-79.9572,-79.9572,-79.9573,-79.9574,-79.9575,-79.9577,-79.958,-79.9584
1.25,5.48482,5.13211,8.89483,14.2067,19.7881,25.0149,29.5772,33.2849,35.8552,36.1582,27.5424,-33.1068,-62.491,-73.5546,-77.6202,-79.1051,-79.6465,-79.8439,-79.9158,-79.942,-79.9516,-79.9551,-79.9563,-79.9568,-79.957,-79.957,-79.9571,-79.9571,-79.9571,-79.9572,-79.9572,-79.9573,-79.9574,-79.9576,-79.9579,-79.9584
1.255,3.99968,3.70018,7.46909,12.8226,18.4991,23.8673,28.6064,32.5285,35.4137,36.486,30.9012,-22.4702,-58.2684,-71.9581,-77.0269,-78.8867,-79.5665,-79.8146,-79.9051,-79.9381,-79.9501,-79.9545,-79.9561,-79.9567,-79.9569,-79.957,-79.957,-79.957,-79.9571,-79.9571,-79.9572,-79.9572,-79.9574,-79.9576,-79.9579,-79.9583
1.26,2.51024,2.26279,6.03265,11.4193,17.1815,22.6832,27.5923,31.717,34.8664,36.438,32.7109,-6.83288,-52.5416,-69.8962,-76.2764,-78.6123,-79.4661,-79.7779,-79.8917,-79.9331,-79.9483,-79.9538,-79.9558,-79.9565,-79.9568,-79.9569,-79.9569,-79.957,-79.957,-79.957,-79.9571,-79.9572,-79.9573,-79.9575,-79.9578,-79.9583
1.265,1.01891,0.822183,4.58784,9.99889,15.8374,21.4642,26.5362,30.8548,34.2461,36.2615,34.4878,12.1844,-44.9823,-67.1969,-75.3096,-78.2631,-79.3393,-79.7317,-79.8748,-79.9269,-79.946,-79.9529,-79.9554,-79.9564,-79.9567,-79.9568,-79.9569,-79.9569,-79.9569,-79.957,-79.957,-79.9571,-79.9573,-79.9575,-79.9578,-79.9582
1.27,-0.471941,-0.619423,3.13696,8.56387,14.4689,20.212,25.44,29.9459,33.5685,35.9946,35.8419,24.9092,-36.6318,-63.937,-74.1038,-77.8232,-79.1792,-79.6734,-79.8535,-79.9192,-79.9431,-79.9518,-79.955,-79.9562,-79.9566,-79.9568,-79.9568,-79.9569,-79.9569,-79.9569,-79.957,-79.9571,-79.9572,-79.9574,-79.9577,-79.9581
1.275,-1.95995,-2.05982,1.68234,7.11658,13.0782,18.9285,24.3051,28.992,32.8346,35.6032,36.4194,29.9191,-27.1507,-60.0817,-72.6373,-77.2786,-78.9792,-79.6002,-79.8268,-79.9094,-79.9395,-79.9505,-79.9545,-79.9559,-79.9565,-79.9567,-79.9568,-79.9568,-79.9568,-79.9569,-79.9569,-79.957,-79.9571,-79.9573,-79.9576,-79.9581
1.28,-3.44282,-3.49682,0.226288,5.65943,11.6677,17.6155,23.133,27.9943,32.0444,35.0939,36.481,32.0225,-13.7818,-55.0566,-70.7884,-76.598,-78.7291,-79.5086,-79.7932,-79.8971,-79.935,-79.9488,-79.9538,-79.9557,-79.9563,-79.9566,-79.9567,-79.9567,-79.9568,-79.9568,-79.9569,-79.957,-79.9571,-79.9573,-79.9576,-79.958
1.285,-4.91829,-4.9283,-1.22891,4.19486,10.2395,16.2752,21.9252,26.954,31.2017,34.4995,36.3401,33.7842,4.77778,-48.1617,-68.3487,-75.723,-78.4121,-79.3931,-79.7511,-79.8817,-79.9293,-79.9467,-79.953,-79.9553,-79.9562,-79.9565,-79.9566,-79.9567,-79.9567,-79.9568,-79.9568,-79.9569,-79.957,-79.9572,-79.9575,-79.958
1.29,-6.38419,-6.35219,-2.68102,2.72531,8.79628,14.9096,20.6835,25.8727,30.3108,33.8441,36.1138,35.3949,20.9985,-40.0089,-65.2955,-74.6128,-78.0098,-79.2471,-79.6979,-79.8623,-79.9222,-79.9441,-79.952,-79.9549,-79.956,-79.9564,-79.9565,-79.9566,-79.9567,-79.9567,-79.9568,-79.9568,-79.957,-79.9572,-79.9575,-79.9579
1.295,-7.83844,-7.76649,-4.12783,1.2532,7.34034,13.5209,19.4096,24.7521,29.3744,33.1327,35.774,36.2712,28.5115,-31.2087,-61.7132,-73.2573,-77.5092,-79.0639,-79.6311,-79.8379,-79.9133,-79.9408,-79.9508,-79.9545,-79.9558,-79.9563,-79.9565,-79.9566,-79.9566,-79.9566,-79.9567,-79.9568,-79.9569,-79.9571,-79.9574,-79.9579
1.3,-9.27903,-9.16926,-5.56722,-0.21907,5.87423,12.1114,18.1055,23.5937,28.3937,32.3646,35.3083,36.4945,31.3067,-19.779,-57.2559,-71.5843,-76.8886,-78.8354,-79.5473,-79.8073,-79.9021,-79.9366,-79.9493,-79.9539,-79.9555,-79.9562,-79.9564,-79.9565,-79.9565,-79.9566,-79.9566,-79.9567,-79.9569,-79.9571,-79.9574,-79.9578
1.305,-10.7041,-10.5587,-6.99714,-1.68913,4.40044,10.6835,16.773,22.399,27.3699,31.5422,34.7438,36.4073,33.0668,-2.99846,-51.1365,-69.4008,-76.0985,-78.5475,-79.4421,-79.7688,-79.888,-79.9315,-79.9473,-79.9531,-79.9552,-79.956,-79.9563,-79.9564,-79.9565,-79.9565,-79.9566,-79.9567,-79.9568,-79.957,-79.9573,-79.9578
1.31,-12.1118,-11.933,-8.41559,-3.15467,2.92149,9.23967,15.4144,21.1696,26.3044,30.6699,34.1113,36.2148,34.82,15.5404,-43.3195,-66.5755,-75.0837,-78.1809,-79.3091,-79.7203,-79.8703,-79.925,-79.9449,-79.9522,-79.9549,-79.9558,-79.9562,-79.9563,-79.9564,-79.9565,-79.9565,-79.9566,-79.9568,-79.957,-79.9573,-79.9577
1.315,-13.5005,-13.2906,-9.82073,-4.61346,1.43987,7.78233,14.0318,19.9072,25.199,29.7514,33.4222,35.9245,36.0172,26.3836,-34.8639,-63.2123,-73.8286,-77.7211,-79.1415,-79.6593,-79.848,-79.9168,-79.9419,-79.9511,-79.9544,-79.9556,-79.9561,-79.9563,-79.9564,-79.9564,-79.9565,-79.9566,-79.9567,-79.9569,-79.9572,-79.9577
1.32,-14.8686,-14.63,-11.2108,-6.06334,-0.0419414,6.31404,12.6274,18.6137,24.0551,28.7881,32.6766,35.5072,36.4606,30.4556,-24.8599,-59.1842,-72.2989,-77.1525,-78.9323,-79.5827,-79.82,-79.9066,-79.9381,-79.9497,-79.9539,-79.9554,-79.956,-79.9562,-79.9563,-79.9564,-79.9564,-79.9565,-79.9566,-79.9568,-79.9572,-79.9576
1.325,-16.2148,-15.9496,-12.584,-7.50222,-1.52153,4.83733,11.2037,17.2911,22.8742,27.7812,31.8753,34.9778,36.4606,32.3707,-10.356,-53.8166,-70.3462,-76.4376,-78.6703,-79.4868,-79.7849,-79.8937,-79.9334,-79.9479,-79.9532,-79.9551,-79.9558,-79.9561,-79.9562,-79.9563,-79.9564,-79.9565,-79.9566,-79.9568,-79.9571,-79.9576
1.33,-17.5377,-17.2484,-13.939,-8.92815,-2.99651,3.35477,9.76311,15.9414,21.658,26.732,31.0223,34.3698,36.3003,34.1465,8.64916,-46.5611,-67.7733,-75.5165,-78.3372,-79.3656,-79.7407,-79.8776,-79.9275,-79.9457,-79.9524,-79.9548,-79.9557,-79.956,-79.9562,-79.9562,-79.9563,-79.9564,-79.9565,-79.9567,-79.957,-79.9575
1.335,-18.8361,-18.525,-15.2742,-10.3393,-4.46461,1.86888,8.30808,14.5669,20.408,25.6421,30.1219,33.703,36.0543,35.638,23.1698,-38.3008,-64.6132,-74.3577,-77.916,-79.2126,-79.685,-79.8573,-79.9201,-79.943,-79.9513,-79.9544,-79.9555,-79.9559,-79.9561,-79.9562,-79.9562,-79.9563,-79.9565,-79.9567,-79.957,-79.9574
1.34,-20.1091,-19.7784,-16.5884,-11.7338,-5.92362,0.382182,6.84117,13.1697,19.1262,24.5132,29.1763,32.98,35.6883,36.3573,29.2964,-29.2061,-60.9012,-72.9475,-77.3935,-79.021,-79.615,-79.8317,-79.9107,-79.9395,-79.95,-79.9539,-79.9553,-79.9558,-79.956,-79.9561,-79.9562,-79.9563,-79.9564,-79.9566,-79.9569,-79.9574
1.345,-21.3557,-21.0076,-17.8804,-13.1102,-7.37141,-1.10286,5.36491,11.7521,17.8145,23.3467,28.1865,32.2005,35.1997,36.4913,31.6787,-16.8473,-56.1729,-71.1895,-76.7435,-78.7818,-79.5274,-79.7996,-79.899,-79.9352,-79.9484,-79.9532,-79.955,-79.9557,-79.9559,-79.956,-79.9561,-79.9562,-79.9564,-79.9566,-79.9569,-79.9573
1.35,-22.5751,-22.212,-19.1491,-14.4669,-8.80599,-2.58383,3.88189,10.3167,16.4748,22.1441,27.1539,31.3675,34.6193,36.3735,33.4296,0.951762,-49.6536,-68.8775,-75.9112,-78.4795,-79.4171,-79.7593,-79.8842,-79.9298,-79.9464,-79.9525,-79.9547,-79.9555,-79.9558,-79.956,-79.9561,-79.9562,-79.9563,-79.9565,-79.9568,-79.9573
1.355,-23.7666,-23.3906,-20.3937,-15.8025,-10.2255,-4.05839,2.39467,8.86594,15.1094,20.9072,26.08,30.4856,33.9749,36.1645,35.1267,18.5168,-41.6399,-65.933,-74.848,-78.095,-79.2776,-79.7085,-79.8657,-79.923,-79.9439,-79.9515,-79.9543,-79.9553,-79.9557,-79.9559,-79.956,-79.9561,-79.9563,-79.9565,-79.9568,-79.9572
1.36,-24.9297,-24.543,-21.6132,-17.116,-11.6281,-5.52428,0.905782,7.40226,13.7204,19.6376,24.9664,29.5578,33.2745,35.8495,36.1602,27.5774,-33.0401,-62.4624,-73.5426,-77.6148,-79.1022,-79.6446,-79.8423,-79.9144,-79.9407,-79.9503,-79.9538,-79.9551,-79.9556,-79.9558,-79.956,-79.9561,-79.9562,-79.9564,-79.9567,-79.9572
1.365,-26.0639,-25.6686,-22.8069,-18.406,-13.0122,-6.97935,-0.582271,5.92825,12.3101,18.3374,23.8146,28.5855,32.5174,35.407,36.4842,30.914,-22.3777,-58.232,-71.9435,-77.0205,-78.8834,-79.5645,-79.813,-79.9037,-79.9368,-79.9489,-79.9533,-79.9549,-79.9555,-79.9557,-79.9559,-79.956,-79.9562,-79.9564,-79.9567,-79.9571
1.37,-27.1688,-26.767,-23.9744,-19.6717,-14.3763,-8.42154,-2.06704,4.4465,10.881,17.0084,22.6261,27.5697,31.7051,34.859,36.4347,32.7213,-6.69939,-52.4916,-69.8774,-76.2686,-78.6086,-79.4639,-79.7763,-79.8903,-79.9318,-79.947,-79.9526,-79.9546,-79.9554,-79.9557,-79.9558,-79.9559,-79.9561,-79.9563,-79.9566,-79.9571
1.375,-28.2443,-27.8378,-25.1151,-20.9122,-15.719,-9.84893,-3.54615,2.95957,9.43554,15.6527,21.4026,26.512,30.8422,34.2382,36.2576,34.4979,12.3081,-44.9223,-67.1736,-75.3002,-78.2588,-79.3369,-79.73,-79.8733,-79.9256,-79.9447,-79.9517,-79.9542,-79.9552,-79.9556,-79.9558,-79.9559,-79.956,-79.9563,-79.9566,-79.957
1.38,-29.29,-28.881,-26.2285,-22.1268,-17.0391,-11.2597,-5.01729,1.47003,7.97616,14.2726,20.1457,25.414,29.9324,33.56,35.9899,35.8467,24.9649,-36.5685,-63.9101,-74.0926,-77.8182,-79.1765,-79.6716,-79.852,-79.9178,-79.9418,-79.9506,-79.9538,-79.955,-79.9555,-79.9557,-79.9558,-79.956,-79.9562,-79.9565,-79.957
1.385,-30.3059,-29.8963,-27.3145,-23.3149,-18.3355,-12.6522,-6.47827,-0.019615,6.50544,12.8703,18.8574,24.2772,28.9777,32.8255,35.5976,36.4193,29.9378,-27.0709,-60.049,-72.624,-77.2728,-78.9762,-79.5983,-79.8253,-79.9081,-79.9382,-79.9493,-79.9533,-79.9548,-79.9554,-79.9556,-79.9558,-79.9559,-79.9561,-79.9565,-79.9569
1.39,-31.292,-30.8836,-28.3728,-24.476,-19.6073,-14.0248,-7.927,-1.50687,5.02597,11.4482,17.5395,23.1031,27.9791,32.0348,35.0875,36.4785,32.0331,-13.6628,-55.0123,-70.7716,-76.591,-78.7257,-79.5065,-79.7917,-79.8958,-79.9337,-79.9476,-79.9526,-79.9545,-79.9552,-79.9555,-79.9557,-79.9559,-79.9561,-79.9564,-79.9569
1.395,-32.2484,-31.8429,-29.4032,-25.6096,-20.8535,-15.3763,-9.36148,-2.98934,3.54031,10.0087,16.1941,21.8933,26.9379,31.1915,34.4925,36.3369,33.7955,4.91821,-48.1039,-68.3271,-75.7143,-78.4081,-79.3909,-79.7495,-79.8803,-79.9281,-79.9455,-79.9518,-79.9542,-79.9551,-79.9554,-79.9556,-79.9558,-79.956,-79.9564,-79.9568
1.4,-33.1752,-32.7744,-30.4058,-26.7155,-22.0735,-16.7052,-10.7799,-4.46467,2.05104,8.55429,14.8233,20.6495,25.8557,30.3,33.8366,36.1099,35.4025,21.0814,-39.947,-65.2701,-74.6025,-78.0052,-79.2446,-79.6962,-79.8609,-79.9209,-79.9428,-79.9508,-79.9538,-79.9549,-79.9553,-79.9556,-79.9558,-79.956,-79.9563,-79.9568
1.405,-34.0726,-33.6781,-31.3805,-27.7935,-23.2667,-18.0105,-12.1804,-5.93063,0.560697,7.08755,13.4295,19.3734,24.7341,29.363,33.1247,35.7691,36.273,28.5407,-31.1379,-61.6834,-73.245,-77.5038,-79.0611,-79.6293,-79.8364,-79.912,-79.9396,-79.9496,-79.9533,-79.9547,-79.9552,-79.9555,-79.9557,-79.9559,-79.9563,-79.9567
1.41,-34.9409,-34.5542,-32.3275,-28.8434,-24.4326,-19.2911,-13.5616,-7.38507,-0.928215,5.61103,12.0149,18.067,23.5747,28.3818,32.3561,35.3026,36.493,31.3188,-19.6771,-57.217,-71.5692,-76.8822,-78.8323,-79.5454,-79.8058,-79.9008,-79.9354,-79.9481,-79.9527,-79.9544,-79.9551,-79.9554,-79.9556,-79.9559,-79.9562,-79.9567
1.415,-35.7805,-35.403,-33.2468,-29.8652,-25.5709,-20.5463,-14.9219,-8.82597,-2.41325,4.12731,10.5819,16.7322,22.379,27.3574,31.5332,34.7374,36.4045,33.0781,-2.85784,-51.0832,-69.3811,-76.0906,-78.5438,-79.44,-79.7673,-79.8867,-79.9302,-79.9462,-79.952,-79.9541,-79.955,-79.9553,-79.9556,-79.9558,-79.9561,-79.9566
1.42,-36.5916,-36.2248,-34.1386,-30.8589,-26.6811,-21.7753,-16.26,-10.2514,-3.89205,2.63896,9.13302,15.3713,21.1484,26.2913,30.6604,34.1044,36.2114,34.83,15.6531,-43.2584,-66.5515,-75.0741,-78.1767,-79.3068,-79.7187,-79.8689,-79.9237,-79.9437,-79.9511,-79.9538,-79.9548,-79.9552,-79.9555,-79.9558,-79.9561,-79.9566
1.425,-37.3749,-37.0199,-35.0033,-31.8246,-27.7632,-22.9774,-17.5748,-11.6596,-5.36233,1.14855,7.67079,13.9863,19.8849,25.1852,29.7414,33.4149,35.9203,36.0213,26.4293,-34.7985,-63.1845,-73.8172,-77.7161,-79.1389,-79.6575,-79.8466,-79.9156,-79.9407,-79.9499,-79.9533,-79.9546,-79.9551,-79.9554,-79.9557,-79.956,-79.9565
1.43,-38.1307,-37.7888,-35.8411,-32.7624,-28.817,-24.1522,-18.8652,-13.049,-6.8219,-0.341417,6.19776,12.5796,18.5904,24.0407,28.7777,32.6688,35.502,36.4603,30.4716,-24.7732,-59.1497,-72.2851,-77.1466,-78.9294,-79.5809,-79.8186,-79.9053,-79.937,-79.9485,-79.9528,-79.9544,-79.955,-79.9554,-79.9556,-79.956,-79.9565
1.435,-38.8596,-38.5319,-36.6524,-33.6726,-29.8426,-25.2993,-20.1303,-14.418,-8.26868,-1.82846,4.7165,11.1536,17.2666,22.8592,27.7703,31.867,34.9719,36.4583,32.3817,-10.2277,-53.7691,-70.3285,-76.4304,-78.6669,-79.4847,-79.7834,-79.8924,-79.9322,-79.9468,-79.9521,-79.9541,-79.9549,-79.9553,-79.9556,-79.9559,-79.9564
1.44,-39.5623,-39.2497,-37.4376,-34.5554,-30.8399,-26.4183,-21.3694,-15.7652,-9.70073,-3.31019,3.2296,9.71075,15.9158,21.6423,26.7206,31.0136,34.3633,36.2974,34.158,8.78466,-46.5016,-67.7509,-75.5076,-78.3333,-79.3634,-79.7392,-79.8763,-79.9263,-79.9446,-79.9513,-79.9537,-79.9547,-79.9552,-79.9555,-79.9559,-79.9564
1.445,-40.2393,-39.9427,-38.1971,-35.4111,-31.809,-27.5091,-22.5817,-17.0895,-11.1162,-4.78428,1.73961,8.2535,14.5402,20.3917,25.6303,30.1127,33.6961,36.0506,35.6446,23.2391,-38.238,-64.587,-74.3471,-77.9114,-79.2101,-79.6834,-79.8559,-79.9188,-79.9418,-79.9502,-79.9533,-79.9545,-79.9551,-79.9554,-79.9558,-79.9563
1.45,-40.8914,-40.6115,-38.9314,-36.2401,-32.7502,-28.5716,-23.7668,-18.3898,-12.5134,-6.24851,0.249086,6.78442,13.1418,19.1093,24.5009,29.1667,32.9726,35.6835,36.3585,29.3201,-29.1308,-60.8701,-72.9349,-77.3881,-79.0182,-79.6133,-79.8303,-79.9095,-79.9384,-79.9489,-79.9528,-79.9543,-79.955,-79.9554,-79.9558,-79.9562
1.455,-41.5192,-41.2566,-39.641,-37.0428,-33.6637,-29.6056,-24.9242,-19.665,-13.8908,-7.70075,-1.23949,5.30608,11.7232,17.7969,23.3339,28.1765,32.1927,35.1941,36.4896,31.6902,-16.7362,-56.1312,-71.1736,-76.7369,-78.7787,-79.5255,-79.7982,-79.8977,-79.934,-79.9473,-79.9522,-79.9541,-79.9548,-79.9553,-79.9557,-79.9562
1.46,-42.1236,-41.8788,-40.3265,-37.8197,-34.5497,-30.6114,-26.0536,-20.9144,-15.247,-9.139,-2.7237,3.82108,10.2867,16.4566,22.1309,27.1435,31.3592,34.6132,36.3708,33.4413,1.09502,-49.5978,-68.857,-75.9031,-78.4758,-79.415,-79.7578,-79.883,-79.9286,-79.9453,-79.9514,-79.9538,-79.9547,-79.9552,-79.9556,-79.9561
1.465,-42.7052,-42.4787,-40.9884,-38.5711,-35.4086,-31.5889,-27.1548,-22.1373,-16.5806,-10.5614,-4.20117,2.33197,8.83487,15.0906,20.8935,26.0691,30.4769,33.9684,36.1612,35.1357,18.6152,-41.5783,-65.9082,-74.8381,-78.0907,-79.2752,-79.707,-79.8644,-79.9218,-79.9428,-79.9505,-79.9534,-79.9545,-79.9551,-79.9556,-79.9561
1.47,-43.2648,-43.057,-41.6274,-39.2977,-36.2407,-32.5383,-28.2276,-23.3331,-17.8906,-11.9662,-5.66965,0.841324,7.37017,13.701,19.6236,24.9551,29.5487,33.2675,35.8452,36.1634,27.6142,-32.9723,-62.4337,-73.5309,-77.6097,-79.0996,-79.6429,-79.841,-79.9133,-79.9396,-79.9493,-79.9529,-79.9543,-79.955,-79.9555,-79.956
1.475,-43.8032,-43.6143,-42.2441,-39.9999,-37.0465,-33.4599,-29.272,-24.5014,-19.1759,-13.3517,-7.12697,-0.648364,5.89519,12.2902,18.3229,23.803,28.576,32.5099,35.4019,36.4834,30.9278,-22.2835,-58.1954,-71.9292,-77.0145,-78.8805,-79.5626,-79.8117,-79.9025,-79.9357,-79.9478,-79.9523,-79.9541,-79.9549,-79.9554,-79.956
1.48,-44.3213,-44.1513,-42.8392,-40.6784,-37.8264,-34.354,-30.2881,-25.6417,-20.4357,-14.7165,-8.57108,-2.13463,4.41252,10.8605,16.9935,22.6141,27.5599,31.6972,34.8532,36.4323,32.7326,-6.56344,-52.4411,-69.8589,-76.2612,-78.6051,-79.4619,-79.7748,-79.889,-79.9307,-79.946,-79.9516,-79.9538,-79.9548,-79.9553,-79.9559
1.485,-44.8198,-44.6689,-43.4132,-41.3338,-38.581,-35.2208,-31.2758,-26.7539,-21.6692,-16.0593,-10.0001,-3.61509,2.92472,9.41444,15.6374,21.3902,26.5018,30.8338,34.2318,36.2547,34.5089,12.4338,-44.8617,-67.1505,-75.291,-78.2548,-79.3347,-79.7284,-79.8721,-79.9245,-79.9437,-79.9508,-79.9535,-79.9546,-79.9552,-79.9558
1.49,-45.2995,-45.1676,-43.9669,-41.9666,-39.3107,-36.0608,-32.2354,-27.8377,-22.8759,-17.3789,-11.4121,-5.08745,1.43436,7.95455,14.2569,20.133,25.4034,29.9237,33.5533,35.9861,35.8522,25.0215,-36.5047,-63.8832,-74.0817,-77.8134,-79.1741,-79.67,-79.8508,-79.9167,-79.9408,-79.9497,-79.953,-79.9544,-79.9551,-79.9557
1.495,-45.7613,-45.6483,-44.501,-42.5775,-40.0161,-36.8743,-33.167,-28.8932,-24.0551,-18.6742,-12.8055,-6.54949,-0.0560208,6.48335,12.8542,18.8443,24.2662,28.9686,32.8183,35.5928,36.4197,29.9572,-26.9903,-60.0164,-72.6109,-77.2672,-78.9734,-79.5966,-79.824,-79.9069,-79.9372,-79.9483,-79.9525,-79.9542,-79.955,-79.9557
1.5,-46.2058,-46.1115,-45.0162,-43.1673,-40.6977,-37.6618,-34.071,-29.9202,-25.2065,-19.9443,-14.1788,-7.99913,-1.54396,5.00342,11.4318,17.5261,23.0918,27.9696,32.0271,35.0819,36.4766,32.0443,-13.5427,-54.9679,-70.7549,-76.5842,-78.7225,-79.5047,-79.7903,-79.8946,-79.9327,-79.9467,-79.9519,-79.9539,-79.9549,-79.9556
1.505,-46.6339,-46.5582,-45.5131,-43.7364,-41.3563,-38.4239,-34.9476,-30.9188,-26.3299,-21.1883,-15.5305,-9.43437,-3.02703,3.51734,9.99195,16.1804,21.8817,26.928,31.1834,34.4864,36.3342,33.8073,5.05966,-48.046,-68.3057,-75.7059,-78.4044,-79.3888,-79.748,-79.8791,-79.927,-79.9445,-79.9511,-79.9536,-79.9547,-79.9555
1.51,-47.0463,-46.9888,-45.9924,-44.2857,-41.9924,-39.161,-35.7973,-31.8892,-27.4249,-22.4057,-16.8595,-10.8534,-4.50289,2.02769,8.53726,14.8094,20.6375,25.8455,30.2915,33.8301,36.1065,35.4104,21.1647,-39.8849,-65.2447,-74.5923,-78.0008,-79.2423,-79.6947,-79.8597,-79.9199,-79.9419,-79.9501,-79.9532,-79.9546,-79.9554
1.515,-47.4438,-47.4042,-46.4549,-44.8158,-42.6066,-39.8737,-36.6203,-32.8317,-28.4916,-23.5959,-18.1646,-12.2544,-5.96931,0.537013,7.07025,13.4152,19.3611,24.7236,29.3542,33.1177,35.7648,36.2752,28.5701,-31.0668,-61.6536,-73.233,-77.4986,-79.0585,-79.6276,-79.8352,-79.9109,-79.9386,-79.9488,-79.9527,-79.9543,-79.9553
1.52,-47.827,-47.805,-46.9012,-45.3273,-43.1997,-40.5625,-37.4173,-33.7463,-29.5298,-24.7585,-19.4448,-13.6359,-7.42414,-0.952198,5.59348,12.0004,18.0544,23.5638,28.3725,32.3487,35.2974,36.4917,31.3312,-19.5748,-57.178,-71.5542,-76.8759,-78.8293,-79.5436,-79.8045,-79.8997,-79.9345,-79.9473,-79.9521,-79.9541,-79.9551
1.525,-48.1967,-48.1919,-47.332,-45.8211,-43.7723,-41.2282,-38.1886,-34.6334,-30.5396,-25.893,-20.6994,-14.9964,-8.86536,-2.4375,4.10955,10.5672,16.7194,22.3677,27.3477,31.5253,34.7316,36.402,33.0897,-2.71677,-51.03,-69.3616,-76.0829,-78.5403,-79.4381,-79.7659,-79.8856,-79.9293,-79.9454,-79.9514,-79.9538,-79.9549
1.53,-48.5535,-48.5654,-47.7479,-46.2977,-44.325,-41.8712,-38.9347,-35.4935,-31.5212,-26.9993,-21.9275,-16.3346,-10.2911,-3.91651,2.62101,9.11808,15.3582,21.1369,26.2813,30.6522,34.0981,36.2084,34.8401,15.7656,-43.1973,-66.5276,-75.0646,-78.1725,-79.3046,-79.7173,-79.8678,-79.9228,-79.943,-79.9505,-79.9534,-79.9548
1.535,-48.8981,-48.9263,-48.1496,-46.7578,-44.8586,-42.4923,-39.6563,-36.3268,-32.4747,-28.0773,-23.1286,-17.6493,-11.6995,-5.38696,1.13043,7.65567,13.973,19.8731,25.1749,29.7328,33.4081,35.9163,36.0257,26.475,-34.7331,-63.1569,-73.806,-77.7113,-79.1364,-79.656,-79.8455,-79.9146,-79.9399,-79.9493,-79.9529,-79.9545
1.54,-49.231,-49.275,-48.5376,-47.2021,-45.3737,-43.0921,-40.3539,-37.1338,-33.4002,-29.1268,-24.3022,-18.9396,-13.0889,-6.84666,-0.359661,6.18248,12.5661,18.5782,24.03,28.7687,32.6616,35.4972,36.4601,30.4878,-24.6863,-59.1152,-72.2715,-77.1408,-78.9266,-79.5792,-79.8174,-79.9044,-79.9362,-79.9479,-79.9524,-79.9542
1.545,-49.5529,-49.6123,-48.9127,-47.6312,-45.871,-43.6712,-41.0281,-37.915,-34.2982,-30.1479,-25.4479,-20.2045,-14.458,-8.29354,-1.84681,4.70109,11.1399,17.2542,22.8482,27.7609,31.8593,34.9663,36.4562,32.3929,-10.0991,-53.7218,-70.311,-76.4234,-78.6637,-79.4829,-79.7822,-79.8915,-79.9314,-79.9461,-79.9517,-79.9539
1.55,-49.8643,-49.9385,-49.2753,-48.0458,-46.3512,-44.2304,-41.6795,-38.6709,-35.1689,-31.1407,-26.5655,-21.4432,-15.8052,-9.72564,-3.32861,3.21407,9.69682,15.9032,21.631,26.7108,31.0055,34.3572,36.2946,34.1695,8.91981,-46.4423,-67.7286,-75.4989,-78.3294,-79.3614,-79.7379,-79.8753,-79.9255,-79.9439,-79.9508,-79.9535
1.555,-50.1657,-50.2544,-49.6261,-48.4465,-46.815,-44.7703,-42.3087,-39.402,-36.0128,-32.1053,-27.6548,-22.6551,-17.1294,-11.1411,-4.80274,1.72401,8.23942,14.5273,20.3802,25.6202,30.1043,33.6895,36.047,35.6514,23.3081,-38.1754,-64.561,-74.3367,-77.9069,-79.2078,-79.682,-79.8549,-79.918,-79.9412,-79.9497,-79.9529
1.56,-50.4577,-50.5602,-49.9656,-48.8339,-47.263,-45.2917,-42.9164,-40.1089,-36.8301,-33.042,-28.7156,-23.8397,-18.4295,-12.5383,-6.26698,0.233419,6.77021,13.1288,19.0974,24.4904,29.1578,32.9656,35.6791,36.3598,29.3437,-29.0556,-60.8391,-72.9224,-77.3828,-79.0156,-79.6117,-79.8292,-79.9086,-79.9377,-79.9484,-79.9523
1.565,-50.7407,-50.8567,-50.2944,-49.2086,-47.6958,-45.7951,-43.5034,-40.7922,-37.6215,-33.9509,-29.748,-24.9966,-19.7046,-13.9157,-7.7192,-1.25519,5.29177,11.7099,17.7848,23.3232,28.1673,32.1852,35.1888,36.488,31.7018,-16.6252,-56.0898,-71.1579,-76.7305,-78.7757,-79.5238,-79.7971,-79.8968,-79.9333,-79.9467,-79.9515
1.57,-51.0152,-51.1441,-50.6128,-49.5711,-48.1141,-46.2812,-44.0701,-41.4525,-38.3874,-34.8324,-30.7521,-26.1254,-20.9538,-15.2717,-9.15742,-2.73941,3.80669,10.2733,16.4443,22.1199,27.1339,31.3514,34.6073,36.3683,33.4531,1.23786,-49.5421,-68.8365,-75.8951,-78.4723,-79.4131,-79.7566,-79.882,-79.9279,-79.9446,-79.9505
1.575,-51.2816,-51.4229,-50.9214,-49.922,-48.5185,-46.7508,-44.6174,-42.0904,-39.1283,-35.6869,-31.7279,-27.226,-22.1765,-16.6053,-10.5797,-4.21686,2.31753,8.82132,15.078,20.8822,26.0592,30.4686,33.962,36.1581,35.1449,18.7128,-41.5169,-65.8837,-74.8284,-78.0865,-79.2731,-79.7057,-79.8634,-79.921,-79.942,-79.9493
1.58,-51.5403,-51.6936,-51.2207,-50.2618,-48.9096,-47.2045,-45.1459,-42.7066,-39.8447,-36.5148,-32.6757,-28.2982,-23.372,-17.9151,-11.9844,-5.6853,0.826851,7.35651,13.6882,19.6119,24.9449,29.54,33.2607,35.8411,36.1666,27.6507,-32.9046,-62.4052,-73.5193,-77.6048,-79.0972,-79.6415,-79.84,-79.9124,-79.9388,-79.9478
1.585,-51.7917,-51.9565,-51.5111,-50.5911,-49.2881,-47.6429,-45.6563,-43.3017,-40.5374,-37.3165,-33.5956,-29.3419,-24.54,-19.2003,-13.3698,-7.14256,-0.662843,5.88144,12.2772,18.311,23.7924,28.567,32.5026,35.3969,36.4827,30.9417,-22.1895,-58.159,-71.915,-77.0086,-78.8777,-79.5611,-79.8106,-79.9016,-79.9346,-79.9459
1.59,-52.0362,-52.212,-51.793,-50.9103,-49.6543,-48.0666,-46.1492,-43.8764,-41.2068,-38.0925,-34.488,-30.3573,-25.68,-20.4599,-14.7345,-8.58659,-2.14909,4.39869,10.8474,16.9813,22.6033,27.5505,31.6895,34.8475,36.43,32.744,-6.42788,-52.3909,-69.8404,-76.2539,-78.6019,-79.4602,-79.7737,-79.8881,-79.9295,-79.9435
1.595,-52.2741,-52.4605,-52.0668,-51.2198,-50.009,-48.4764,-46.6253,-44.4314,-41.8535,-38.8433,-35.3532,-31.3443,-26.7919,-21.6932,-16.0772,-10.0155,-3.62952,2.91085,9.40119,15.625,21.3791,26.492,30.8257,34.2257,36.2518,34.5198,12.5585,-44.8016,-67.1275,-75.2821,-78.2509,-79.3327,-79.7272,-79.871,-79.923,-79.9405
1.6,-52.5057,-52.7023,-52.3329,-51.5202,-50.3525,-48.8727,-47.0854,-44.9674,-42.4784,-39.5694,-36.1917,-32.3032,-27.8754,-22.8996,-17.3966,-11.4274,-5.10181,1.42047,7.94118,14.2443,20.1216,25.3933,29.9152,33.5467,35.9824,35.8577,25.0776,-36.4412,-63.8566,-74.071,-77.8089,-79.1718,-79.6686,-79.8495,-79.9149,-79.9367
1.605,-52.7313,-52.9377,-52.5917,-51.8118,-50.6855,-49.2562,-47.5299,-45.485,-43.0819,-40.2715,-37.0038,-33.2342,-28.9305,-24.0786,-18.6917,-12.8206,-6.56377,-0.0699151,6.46989,12.8415,18.8326,24.2558,28.9597,32.8112,35.5882,36.4203,29.9764,-26.91,-59.9839,-72.598,-77.2618,-78.9708,-79.595,-79.8225,-79.9047,-79.932
1.61,-52.9512,-53.167,-52.8434,-52.0951,-51.0084,-49.6274,-47.9597,-45.985,-43.6647,-40.9501,-37.7899,-34.1376,-29.9571,-25.2298,-19.9616,-14.1938,-8.01331,-1.55783,4.98989,11.4189,17.5141,23.0811,27.9604,32.0196,35.0765,36.4747,32.0555,-13.4231,-54.9237,-70.7384,-76.5776,-78.7195,-79.5029,-79.7886,-79.8918,-79.9261
1.615,-53.1657,-53.3905,-53.0884,-52.3704,-51.3216,-49.9869,-48.3752,-46.4679,-44.2276,-41.6059,-38.5507,-35.0136,-30.9554,-26.3529,-21.2054,-15.5453,-9.44843,-3.04085,3.50377,9.97889,16.1682,21.8706,26.9184,31.1755,34.4805,36.3316,33.8191,5.20013,-47.9885,-68.2844,-75.6977,-78.4007,-79.3867,-79.7461,-79.8757,-79.9187
1.62,-53.375,-53.6084,-53.3271,-52.6381,-51.6257,-50.3353,-48.7772,-46.9345,-44.7712,-42.2394,-39.2867,-35.8627,-31.9255,-27.4477,-22.4226,-16.8741,-10.8673,-4.51665,2.0141,8.52408,14.7969,20.6262,25.8356,30.2832,33.8237,36.1032,35.4184,21.2471,-39.8233,-65.2196,-74.5823,-77.9965,-79.2399,-79.6923,-79.8554,-79.9094
1.625,-53.5794,-53.8211,-53.5596,-52.8985,-51.9209,-50.6729,-49.1661,-47.3855,-45.2962,-42.8514,-39.9983,-36.6852,-32.8676,-28.5141,-23.6126,-18.179,-12.2682,-5.98299,0.523414,7.05697,13.4026,19.3495,24.7133,29.3455,33.1109,35.7605,36.2775,28.5993,-30.9961,-61.6241,-73.2211,-77.4935,-79.0556,-79.6248,-79.8299,-79.8977
1.63,-53.7791,-54.0287,-53.7864,-53.152,-52.2078,-51.0003,-49.5426,-47.8213,-45.8033,-43.4425,-40.6863,-37.4817,-33.7819,-29.5521,-24.7749,-19.459,-13.6495,-7.43771,-0.965776,5.58013,11.9876,18.0426,23.5533,28.3635,32.3414,35.2923,36.4906,31.3435,-19.4729,-57.1394,-71.5393,-76.8697,-78.8259,-79.5402,-79.7979,-79.8829
1.635,-53.9743,-54.2314,-54.0075,-53.3989,-52.4867,-51.318,-49.9073,-48.2428,-46.2931,-44.0134,-41.3511,-38.2525,-34.6688,-30.5617,-25.9092,-20.7134,-15.0098,-8.8788,-2.45103,4.09614,10.5542,16.7073,22.3568,27.3383,31.5176,34.7258,36.3996,33.1014,-2.57661,-50.9771,-69.3422,-76.0751,-78.5362,-79.4339,-79.7576,-79.8645
1.64,-54.1652,-54.4295,-54.2233,-53.6394,-52.7579,-51.6264,-50.2605,-48.6504,-46.7664,-44.5647,-41.9935,-38.9983,-35.5286,-31.543,-27.0153,-21.9412,-16.3478,-10.3044,-3.92998,2.60758,9.10503,15.3459,21.1257,26.2716,30.6441,34.0919,36.2054,34.8502,15.8769,-43.1367,-66.5039,-75.0551,-78.1675,-79.2994,-79.7069,-79.8412
1.645,-54.352,-54.6232,-54.4341,-53.8739,-53.0219,-51.9259,-50.603,-49.0449,-47.2237,-45.0971,-42.614,-39.7196,-36.3616,-32.4962,-28.093,-23.1421,-17.6624,-11.7126,-5.40035,1.117,7.64252,13.9605,19.8617,25.1648,29.7243,33.4015,35.9125,36.03,26.52,-34.6682,-63.1294,-73.7945,-77.7052,-79.1301,-79.6431,-79.812
1.65,-54.5348,-54.8127,-54.6399,-54.1027,-53.2789,-52.2169,-50.935,-49.4267,-47.6657,-45.6114,-43.2134,-40.4169,-37.1684,-33.4216,-29.1423,-24.3155,-18.9524,-13.1019,-6.85995,-0.373084,6.16925,12.5534,18.5665,24.0197,28.7598,32.6545,35.4924,36.46,30.5037,-24.6,-59.081,-72.2575,-77.1335,-78.9188,-79.563,-79.7752
1.655,-54.7139,-54.998,-54.8411,-54.3259,-53.5293,-52.4999,-51.2572,-49.7964,-48.0931,-46.1082,-43.7923,-41.0909,-37.9495,-34.3193,-30.1632,-25.461,-20.217,-14.4707,-8.3067,-1.86019,4.6878,11.1271,17.2423,22.8375,27.7517,31.8518,34.9608,36.4541,32.4041,-9.97133,-53.6745,-70.2929,-76.4142,-78.654,-79.4626,-79.729
1.66,-54.8894,-55.1795,-55.0378,-54.5438,-53.7732,-52.7751,-51.57,-50.1546,-48.5064,-46.5881,-44.3514,-41.7422,-38.7052,-35.1898,-31.1558,-26.5783,-21.4555,-15.8178,-9.73866,-3.34193,3.20075,9.68388,15.8911,21.62,26.7013,30.9976,34.3512,36.2919,34.181,9.05368,-46.3831,-67.7055,-75.4874,-78.3173,-79.3358,-79.671
1.665,-55.0614,-55.3573,-55.2302,-54.7566,-54.0112,-53.043,-51.8738,-50.5018,-48.9063,-47.0518,-44.8914,-42.3714,-39.4362,-36.0335,-32.1202,-27.6674,-22.6672,-17.1418,-11.154,-4.81598,1.71066,8.22637,14.5149,20.3689,25.6103,30.096,33.6831,36.0436,35.6581,23.3762,-38.1129,-64.534,-74.3226,-77.8918,-79.1757,-79.5977
1.67,-55.23,-55.5315,-55.4185,-54.9646,-54.2433,-53.3038,-52.169,-50.8385,-49.2934,-47.5,-45.4129,-42.9792,-40.143,-36.8507,-33.0566,-28.728,-23.8516,-18.4417,-12.551,-6.28012,0.220087,6.75707,13.1162,19.0859,24.4802,29.1492,32.9587,35.6746,36.3611,29.3672,-28.9802,-60.8066,-72.9052,-77.364,-78.9753,-79.5057
1.675,-55.3955,-55.7022,-55.6028,-55.1679,-54.4698,-53.5579,-52.4559,-51.1651,-49.6682,-47.9333,-45.9166,-43.5662,-40.8262,-37.642,-33.9653,-29.7602,-25.0082,-19.7166,-13.9282,-7.73223,-1.2685,5.27857,11.6972,17.773,23.3126,28.1583,32.1779,35.1836,36.4865,31.7134,-16.5135,-56.0462,-71.1361,-76.707,-78.725,-79.3904
1.68,-55.5579,-55.8696,-55.7834,-55.3668,-54.691,-53.8056,-52.7351,-51.4821,-50.0313,-48.3523,-46.4032,-44.1332,-41.4865,-38.4077,-34.8466,-30.764,-26.1368,-20.9655,-15.2841,-9.17031,-2.75266,3.79344,10.2605,16.4323,22.109,27.1245,31.3436,34.6015,36.3659,33.4651,1.38138,-49.4837,-68.8083,-75.8654,-78.4085,-79.2453
1.685,-55.7173,-56.0339,-55.9603,-55.5613,-54.9071,-54.0471,-53.0068,-51.79,-50.3831,-48.7577,-46.8734,-44.6807,-42.1244,-39.1485,-35.701,-31.7396,-27.2371,-22.188,-16.6174,-10.5925,-4.23004,2.30426,8.80836,15.0658,20.8711,26.0495,30.4605,33.9558,36.155,35.1542,18.8108,-41.4517,-65.8491,-74.7911,-78.0063,-79.0619
1.69,-55.8739,-56.195,-56.1337,-55.7518,-55.1183,-54.2828,-53.2713,-52.0892,-50.7243,-49.15,-47.3278,-45.2095,-42.7407,-39.8649,-36.5287,-32.6871,-28.3091,-23.3833,-17.927,-11.997,-5.69839,0.813578,7.34344,13.6758,19.6005,24.9348,29.5315,33.254,35.8372,36.1701,27.6878,-32.8312,-62.3636,-73.4728,-77.5039,-78.8313
1.695,-56.0278,-56.3533,-56.3037,-55.9383,-55.3248,-54.5128,-53.529,-52.38,-51.0552,-49.5299,-47.7671,-45.7203,-43.3359,-40.5574,-37.3302,-33.6068,-29.3526,-24.551,-19.2119,-13.3822,-7.15553,-0.676093,5.8683,12.2646,18.2993,23.782,28.5581,32.4955,35.392,36.4822,30.9566,-22.0858,-58.1051,-71.8564,-76.8817,-78.5432
1.7,-56.179,-56.5086,-56.4705,-56.121,-55.5269,-54.7374,-53.7802,-52.6629,-51.3764,-49.8978,-48.1919,-46.2137,-43.9108,-41.2268,-38.106,-34.4991,-30.3677,-25.6908,-20.4713,-14.7468,-8.59943,-2.1623,4.3855,10.8346,16.9694,22.5926,27.5412,31.6819,34.842,36.4281,32.757,-6.27712,-52.3171,-69.7653,-76.094,-78.1812
1.705,-56.3277,-56.6613,-56.6341,-56.3,-55.7246,-54.9569,-54.0252,-52.9382,-51.6883,-50.2542,-48.6027,-46.6904,-44.466,-41.8736,-38.8567,-35.3641,-31.3545,-26.8024,-21.7044,-16.0892,-10.0282,-3.64266,2.89763,9.38832,15.6129,21.3681,26.4825,30.8178,34.2197,36.2493,34.5328,12.6987,-44.71,-67.032,-75.0804,-77.7212
1.71,-56.474,-56.8113,-56.7947,-56.4756,-55.9181,-55.1714,-54.2642,-53.2062,-51.9914,-50.5998,-49.0003,-47.1511,-45.0023,-42.4984,-39.5827,-36.2023,-32.3132,-27.8856,-22.9106,-17.4084,-11.4399,-5.11487,1.40724,7.9282,14.232,20.1103,25.3834,29.9069,33.5402,35.9791,35.8649,25.1436,-36.3347,-63.7369,-73.8166,-77.1415
1.715,-56.6178,-56.9587,-56.9524,-56.6477,-56.1076,-55.3812,-54.4975,-53.4673,-52.2859,-50.9351,-49.3852,-47.5964,-45.5202,-43.1019,-40.2847,-37.0142,-33.244,-28.9405,-24.0893,-18.7033,-12.833,-6.57673,-0.0831268,6.45682,12.829,18.8211,24.2456,28.951,32.8044,35.5839,36.4222,30.004,-26.763,-59.8298,-72.2766,-76.4215
1.72,-56.7594,-57.1037,-57.1073,-56.8165,-56.2933,-55.5864,-54.7253,-53.7218,-52.5723,-51.2603,-49.7579,-48.0269,-46.0205,-43.6849,-40.9632,-37.8002,-34.1471,-29.9669,-25.2403,-19.9729,-14.2059,-8.02614,-1.571,4.97676,11.4062,17.5024,23.0705,27.9513,32.0123,35.0715,36.4745,32.0781,-13.194,-54.7163,-70.33,-75.52
1.725,-56.8988,-57.2463,-57.2595,-56.9822,-56.4753,-55.7872,-54.9479,-53.97,-52.8511,-51.5762,-50.119,-48.4434,-46.5038,-44.2478,-41.6189,-38.5609,-35.0229,-30.965,-26.3631,-21.2165,-15.5573,-9.46112,-3.05397,3.4906,9.9661,16.1562,21.8598,26.909,31.1678,34.475,36.3312,33.8465,5.48078,-47.7121,-67.7638,-74.3637
1.73,-57.036,-57.3866,-57.409,-57.1449,-56.6538,-55.9839,-55.1655,-54.2121,-53.1224,-51.8829,-50.4691,-48.8462,-46.9708,-44.7916,-42.2524,-39.2966,-35.8718,-31.9348,-27.4577,-22.4335,-16.8859,-10.8798,-4.52969,2.00091,8.51117,14.7847,20.6151,25.8258,30.2752,33.8178,36.1023,35.4404,21.4307,-39.4705,-64.5557,-72.896
1.735,-57.1712,-57.5247,-57.5561,-57.3046,-56.8288,-56.1764,-55.3783,-54.4484,-53.3867,-52.1811,-50.8085,-49.2362,-47.4222,-45.3167,-42.8644,-40.0081,-36.6941,-32.8767,-28.5238,-23.6232,-18.1906,-12.2806,-5.99593,0.510236,7.04397,13.3902,19.3381,24.7033,29.3371,33.1046,35.7584,36.2904,28.6947,-30.4996,-60.7668,-71.089
1.74,-57.3043,-57.6606,-57.7006,-57.4615,-57.0005,-56.3651,-55.5864,-54.6792,-53.6443,-52.471,-51.1378,-49.6138,-47.8586,-45.824,-43.4555,-40.6959,-37.4904,-33.7908,-29.5616,-24.7853,-19.4704,-13.6617,-7.45054,-0.978925,5.56706,11.975,18.0309,23.5429,28.3547,32.3346,35.2892,36.5001,31.4308,-18.6749,-56.0007,-68.839
1.745,-57.4356,-57.7944,-57.8428,-57.6157,-57.169,-56.5501,-55.7901,-54.9046,-53.8955,-52.7531,-51.4576,-49.9795,-48.2806,-46.314,-44.0263,-41.3607,-38.261,-34.6774,-30.5709,-25.9193,-20.7245,-15.0218,-8.8915,-2.46413,4.08303,10.5415,16.6955,22.3462,27.3292,31.5105,34.7226,36.4118,33.222,-1.40502,-49.438,-65.8982
1.75,-57.5649,-57.9262,-57.9827,-57.7671,-57.3344,-56.7314,-55.9896,-55.125,-54.1405,-53.0276,-51.7681,-50.334,-48.6889,-46.7875,-44.5776,-42.0029,-39.0066,-35.5369,-31.552,-27.0252,-21.9521,-16.3596,-10.3169,-3.94301,2.59444,9.09221,15.3338,21.1148,26.2621,30.6367,34.0887,36.2195,34.976,16.9164,-41.0979,-62.0835
1.755,-57.6924,-58.056,-58.1204,-57.9161,-57.4969,-56.9093,-56.1849,-55.3405,-54.3796,-53.295,-52.0698,-50.6777,-49.0839,-47.245,-45.1101,-42.6234,-39.7277,-36.3698,-32.5049,-28.1027,-23.1527,-17.6739,-11.725,-5.41329,1.10385,7.6296,13.9482,19.8505,25.1551,29.7166,33.398,35.9243,36.1232,27.1332,-31.8179,-57.4085
1.76,-57.8181,-58.184,-58.2559,-58.0625,-57.6564,-57.0838,-56.3763,-55.5513,-54.6131,-53.5556,-52.3631,-51.0111,-49.4664,-47.6873,-45.6244,-43.2227,-40.4249,-37.1764,-33.4301,-29.1517,-24.3258,-18.9638,-13.1141,-6.87278,-0.386207,6.15625,12.541,18.5551,24.0096,28.7518,32.6505,35.5019,36.5372,31.0369,-20.0575,-51.4919
1.765,-57.9422,-58.31,-58.3894,-58.2065,-57.8132,-57.2551,-56.564,-55.7576,-54.8412,-53.8096,-52.6485,-51.3347,-49.8369,-48.115,-46.1212,-43.8015,-41.0988,-37.9572,-34.3276,-30.1723,-25.4711,-20.2282,-14.4828,-8.31941,-1.87328,4.67474,11.1145,17.2306,22.8272,27.7434,31.8477,34.9716,36.5491,33.1461,-2.81701,-43.2455
1.77,-58.0645,-58.4343,-58.5208,-58.3482,-57.9673,-57.4232,-56.7479,-55.9595,-55.0641,-54.0574,-52.9262,-51.6489,-50.1959,-48.5287,-46.6012,-44.3606,-41.7499,-38.7127,-35.1979,-31.1647,-26.5882,-21.4664,-15.8296,-9.75123,-3.35495,3.18766,9.67117,15.8792,21.6095,26.6928,30.9938,34.3656,36.4104,35.0577,16.6034,-31.9037
1.775,-58.1852,-58.5569,-58.6502,-58.4876,-58.1187,-57.5883,-56.9284,-56.1574,-55.2821,-54.2991,-53.1966,-51.9542,-50.5438,-48.929,-47.0651,-44.9005,-42.379,-39.4435,-36.0413,-32.1288,-27.677,-22.6779,-17.1534,-11.1664,-4.82892,1.69757,8.21354,14.5029,20.3581,25.6016,30.0924,33.6988,36.1579,36.375,28.2875,-16.8252
1.78,-58.3044,-58.6777,-58.7777,-58.6249,-58.2677,-57.7505,-57.1054,-56.3512,-55.4953,-54.5352,-53.46,-52.251,-50.8814,-49.3164,-47.5134,-45.4219,-42.9866,-40.1501,-36.8583,-33.065,-28.7373,-23.862,-18.4531,-12.5633,-6.29296,0.207002,6.74417,13.104,19.0749,24.4714,29.1457,32.974,35.7786,36.9705,33.4848,4.72623
1.785,-58.422,-58.797,-58.9033,-58.76,-58.4142,-57.9099,-57.2792,-56.5412,-55.7039,-54.7658,-53.7168,-52.5396,-51.2089,-49.6917,-47.9468,-45.9256,-43.5735,-40.8332,-37.6493,-33.9735,-29.7693,-25.0184,-19.7277,-13.9402,-7.74495,-1.28155,5.2656,11.6849,17.7618,23.3037,28.1548,32.1937,35.2904,37.132,36.3625,25.7057
1.79,-58.5382,-58.9146,-59.0272,-58.893,-58.5583,-58.0666,-57.4498,-56.7275,-55.9082,-54.9911,-53.9673,-52.8204,-51.5268,-50.0552,-48.366,-46.4123,-44.1404,-41.4933,-38.4149,-34.8545,-30.7729,-26.1467,-20.9765,-15.2959,-9.1829,-2.76565,3.78044,10.248,16.4209,22.0999,27.1212,31.3606,34.7128,37.0133,37.7612,35.1856
1.795,-58.6528,-59.0306,-59.1492,-59.024,-58.7001,-58.2206,-57.6173,-56.9102,-56.1083,-55.2114,-54.2116,-53.0938,-51.8357,-50.4075,-48.7716,-46.8824,-44.6878,-42.1311,-39.1554,-35.7086,-31.7482,-27.2468,-22.1986,-16.629,-10.6049,-4.24296,2.29125,8.79575,15.0543,20.8618,26.0462,30.4774,34.0592,36.6935,38.1894,38.0246
1.8,-58.7661,-59.1451,-59.2696,-59.153,-58.8397,-58.372,-57.7819,-57.0895,-56.3043,-55.4268,-54.4501,-53.3601,-52.1359,-50.7492,-49.1641,-47.3369,-45.2165,-42.7472,-39.8716,-36.5361,-32.6955,-28.3185,-23.3937,-17.9384,-12.0093,-5.71121,0.800578,7.33077,13.6641,19.5912,24.9313,29.5464,33.3399,36.2355,38.1271,38.7087
1.805,-58.878,-59.2582,-59.3883,-59.2802,-58.977,-58.5209,-57.9436,-57.2654,-56.4964,-55.6377,-54.6831,-53.6197,-52.4277,-51.0807,-49.5442,-47.7762,-45.7272,-43.3423,-40.564,-37.3374,-33.615,-29.3617,-24.5612,-19.2232,-13.3943,-7.16824,-0.689062,5.85557,12.2528,18.2897,23.7779,28.57,32.5629,35.6825,37.8339,38.7184
1.81,-58.9885,-59.3698,-59.5054,-59.4055,-59.1123,-58.6674,-58.1026,-57.4382,-56.6848,-55.8441,-54.9107,-53.8727,-52.7117,-51.4024,-49.9123,-48.201,-46.2206,-43.917,-41.2332,-38.113,-34.5069,-30.3766,-25.7007,-20.4823,-14.7586,-8.61201,-2.17522,4.37274,10.8227,16.9596,22.5877,27.5499,31.734,35.0592,37.42,38.4823
1.815,-59.0977,-59.48,-59.6209,-59.529,-59.2455,-58.8116,-58.2588,-57.6079,-56.8695,-56.0462,-55.1332,-54.1196,-52.9881,-51.7149,-50.269,-48.6119,-46.6972,-44.4721,-41.8797,-38.8635,-35.3717,-31.3632,-26.8121,-21.7151,-16.1009,-10.0406,-3.6555,2.88485,9.37628,15.6028,21.3624,26.4881,30.857,34.3778,36.9281,38.1289
1.82,-59.2057,-59.5889,-59.7348,-59.6507,-59.3767,-58.9535,-58.4125,-57.7745,-57.0508,-56.2442,-55.3508,-54.3606,-53.2573,-52.0185,-50.6149,-49.0096,-47.1579,-45.0082,-42.5044,-39.5893,-36.2097,-32.3216,-27.8951,-22.9211,-17.4199,-11.4522,-5.12762,1.39446,7.91605,14.2216,20.1037,25.386,29.9343,33.6447,36.3749,37.6994
1.825,-59.3124,-59.6964,-59.8472,-59.7707,-59.506,-59.0932,-58.5636,-57.9383,-57.2287,-56.4383,-55.5637,-54.5959,-53.5196,-52.3137,-50.9504,-49.3946,-47.6031,-45.526,-43.1078,-40.2911,-37.0214,-33.2521,-28.9497,-24.0996,-18.7145,-12.8451,-6.58937,-0.0958936,6.44457,12.8182,18.8136,24.2454,28.9675,32.8627,35.7671,37.2082
1.83,-59.4178,-59.8026,-59.9582,-59.8891,-59.6334,-59.2307,-58.7123,-58.0992,-57.4033,-56.6285,-55.7721,-54.8257,-53.7753,-52.6008,-51.276,-49.7674,-48.0336,-46.0262,-43.6906,-40.9694,-37.8072,-34.155,-29.9758,-25.2503,-19.9839,-14.2178,-8.03866,-1.58374,4.96442,11.3951,17.494,23.0676,27.9581,32.0338,35.1079,36.6613
1.835,-59.5221,-59.9075,-60.0678,-60.0058,-59.7589,-59.3661,-58.8586,-58.2574,-57.5748,-56.8151,-55.9762,-55.0504,-54.0247,-52.8802,-51.5922,-50.1286,-48.45,-46.5094,-44.2534,-41.6249,-38.5676,-35.0305,-30.9736,-26.3729,-21.2273,-15.569,-9.47351,-3.06665,3.47818,9.95473,16.147,21.8542,26.9073,31.159,34.3989,36.0614
1.84,-59.6252,-60.0112,-60.1759,-60.1209,-59.8826,-59.4995,-59.0026,-58.413,-57.7433,-56.9982,-56.1761,-55.2701,-54.268,-53.1523,-51.8993,-50.4788,-48.8529,-46.9764,-44.797,-42.2582,-39.3032,-35.8792,-31.9432,-27.4672,-22.444,-16.8974,-10.8921,-4.54231,1.98842,8.4995,14.7747,20.607,25.8161,30.2393,33.6412,35.4101
1.845,-59.7272,-60.1136,-60.2827,-60.2345,-60.0045,-59.6309,-59.1443,-58.5661,-57.9089,-57.1778,-56.372,-55.485,-54.5056,-53.4173,-52.1978,-50.8184,-49.2429,-47.4277,-45.322,-42.87,-40.0145,-36.7013,-32.8848,-28.5331,-23.6335,-18.2019,-12.2926,-6.00847,0.497693,7.03201,13.3793,19.3276,24.6859,29.2755,32.8356,34.7083
1.85,-59.828,-60.2149,-60.3881,-60.3466,-60.1248,-59.7604,-59.2838,-58.7166,-58.0716,-57.3542,-56.564,-55.6954,-54.7377,-53.6757,-52.4881,-51.1479,-49.6205,-47.864,-45.8291,-43.4609,-40.702,-37.4973,-33.7987,-29.5705,-24.7953,-19.4814,-13.6736,-7.46299,-0.99151,5.5548,11.9632,18.0179,23.5179,28.2686,31.9829,33.9569
1.855,-59.9278,-60.315,-60.4923,-60.4572,-60.2434,-59.8879,-59.4213,-58.8648,-58.2315,-57.5274,-56.7523,-55.9013,-54.9646,-53.9276,-52.7706,-51.4677,-49.9863,-48.2859,-46.319,-44.0316,-41.3666,-38.2678,-34.6851,-30.5796,-25.9291,-20.7353,-15.0335,-8.90384,-2.47675,4.07047,10.5288,16.6798,22.3136,27.2194,31.0835,33.1565
1.86,-60.0265,-60.414,-60.5952,-60.5663,-60.3603,-60.0137,-59.5566,-59.0106,-58.3888,-57.6975,-56.937,-56.103,-55.1863,-54.1734,-53.0456,-51.7784,-50.3408,-48.6941,-46.7924,-44.5828,-42.0086,-39.0132,-35.5444,-31.5605,-27.0347,-21.9627,-16.3711,-10.3291,-3.95565,2.58159,9.07859,15.3155,21.0744,26.1289,30.1383,32.3078
1.865,-60.1241,-60.5118,-60.6968,-60.6741,-60.4756,-60.1376,-59.69,-59.1541,-58.5435,-57.8646,-57.1183,-56.3006,-55.4032,-54.4133,-53.3134,-52.0803,-50.6845,-49.0892,-47.2498,-45.1151,-42.6289,-39.7341,-36.377,-32.5132,-28.112,-23.1631,-17.6852,-11.7371,-5.42594,1.0907,7.61499,13.9271,19.8021,24.9983,29.1478,31.4111
1.87,-60.2208,-60.6086,-60.7972,-60.7804,-60.5894,-60.2598,-59.8214,-59.2955,-58.6957,-58.0289,-57.2963,-56.4944,-55.6155,-54.6476,-53.5744,-52.3739,-51.018,-49.4716,-47.692,-45.6293,-43.228,-40.431,-37.1834,-33.4381,-29.1608,-24.3359,-18.9749,-13.1261,-6.88544,-0.399674,6.14061,12.5169,18.4983,23.8287,28.1129,30.467
1.875,-60.3164,-60.7043,-60.8964,-60.8854,-60.7017,-60.3803,-59.9508,-59.4346,-58.8455,-58.1904,-57.471,-56.6843,-55.8232,-54.8766,-53.8289,-52.6594,-51.3417,-49.8421,-48.1196,-46.1259,-43.8067,-41.1046,-37.964,-34.3353,-30.1811,-25.481,-20.239,-14.4946,-8.33207,-1.88707,4.65799,11.0873,17.1651,22.6213,27.0343,29.4763
1.88,-60.411,-60.799,-60.9944,-60.9891,-60.8125,-60.4991,-60.0784,-59.5717,-58.9929,-58.3492,-57.6426,-56.8706,-56.0267,-55.1004,-54.0771,-52.9374,-51.656,-50.201,-48.5332,-46.6058,-44.3656,-41.7556,-38.7193,-35.2054,-31.1732,-26.5978,-21.4771,-15.8413,-9.7639,-3.3691,3.16973,9.64062,15.8043,21.3778,25.9129,28.4394
1.885,-60.5047,-60.8926,-61.0913,-61.0915,-60.9218,-60.6163,-60.2042,-59.7067,-59.138,-58.5054,-57.8112,-57.0535,-56.2261,-55.3193,-54.3194,-53.208,-51.9613,-50.549,-48.9334,-47.0695,-44.9053,-42.3845,-39.4499,-36.0486,-32.1371,-27.6864,-22.6883,-17.1649,-11.1791,-4.84345,1.67836,8.17941,14.4182,20.0996,24.7499,27.3571
1.89,-60.5974,-60.9852,-61.1871,-61.1926,-61.0297,-60.7319,-60.3282,-59.8398,-59.2808,-58.659,-57.977,-57.2329,-56.4214,-55.5334,-54.5559,-53.4717,-52.2582,-50.8865,-49.3208,-47.5177,-45.4266,-42.9919,-40.1563,-36.8654,-33.073,-28.7465,-23.8722,-18.4645,-12.576,-6.3079,0.18642,6.70618,13.0089,18.7885,23.5464,26.2303
1.895,-60.6892,-61.0768,-61.2818,-61.2925,-61.1362,-60.8459,-60.4504,-59.9709,-59.4215,-58.8102,-58.1399,-57.4091,-56.613,-55.743,-54.787,-53.7288,-52.5469,-51.214,-49.696,-47.9511,-45.9302,-43.5787,-40.8391,-37.6561,-33.9813,-29.7782,-25.0284,-19.7389,-13.953,-7.76034,-1.30362,5.22348,11.5787,17.4463,22.3038,25.06
1.9,-60.78,-61.1675,-61.3754,-61.3912,-61.2413,-60.9585,-60.571,-60.1001,-59.5601,-58.959,-58.3,-57.5821,-56.8009,-55.9482,-55.0129,-53.9795,-52.8278,-51.532,-50.0594,-48.3702,-46.4167,-44.1453,-41.499,-38.4215,-34.8621,-30.7815,-26.1565,-20.9875,-15.3087,-9.19878,-2.78933,3.73388,10.1301,16.075,21.0235,23.8473
1.905,-60.87,-61.2572,-61.4679,-61.4887,-61.3451,-61.0695,-60.6899,-60.2275,-59.6966,-59.1055,-58.4575,-57.7522,-56.9852,-56.1493,-55.2338,-54.2241,-53.1013,-51.8409,-50.4117,-48.7756,-46.8867,-44.6926,-42.1366,-39.1618,-35.716,-31.7566,-27.2564,-22.2096,-16.6419,-10.6213,-4.26837,2.23994,8.66547,14.6767,19.7072,22.5935
1.91,-60.9591,-61.346,-61.5595,-61.585,-61.4476,-61.179,-60.8071,-60.353,-59.8311,-59.2497,-58.6125,-57.9192,-57.1661,-56.3463,-55.4498,-54.463,-53.3678,-52.1411,-50.7534,-49.1681,-47.341,-45.2212,-42.7525,-39.8778,-36.5432,-32.7037,-28.3279,-23.4045,-17.9514,-12.0263,-5.7385,0.744197,7.18739,13.2536,18.3568,21.3001
1.915,-61.0473,-61.4339,-61.6499,-61.6802,-61.5488,-61.2871,-60.9228,-60.4768,-59.9636,-59.3917,-58.765,-58.0834,-57.3437,-56.5394,-55.6612,-54.6962,-53.6275,-52.433,-51.0848,-49.548,-47.7802,-45.7317,-43.3474,-40.57,-37.3443,-33.6229,-29.3709,-24.5719,-19.2362,-13.412,-7.19755,-0.750853,5.6984,11.8081,16.9741,19.9688
1.92,-61.1347,-61.5208,-61.7394,-61.7742,-61.6487,-61.3939,-61.0369,-60.5989,-60.0942,-59.5316,-58.915,-58.2449,-57.5181,-56.7288,-55.8682,-54.9242,-53.8807,-52.717,-51.4065,-49.9161,-48.2049,-46.2249,-43.922,-41.2389,-38.1197,-34.5147,-30.3856,-25.7113,-20.4954,-14.777,-8.64349,-2.24276,4.20107,10.3426,15.5613,18.6014
1.925,-61.2212,-61.6069,-61.8279,-61.8672,-61.7475,-61.4992,-61.1495,-60.7193,-60.2229,-59.6693,-59.0627,-58.4036,-57.6894,-56.9146,-56.071,-55.147,-54.1277,-52.9934,-51.719,-50.2728,-48.6158,-46.7015,-44.4769,-41.8853,-38.8699,-35.3792,-31.372,-26.8226,-21.7284,-16.1201,-10.0744,-3.72915,2.698,8.85966,14.1207,17.2
1.93,-61.3069,-61.6921,-61.9155,-61.959,-61.845,-61.6032,-61.2607,-60.838,-60.3499,-59.8051,-59.2081,-58.5598,-57.8578,-57.097,-56.2696,-55.365,-54.3688,-53.2626,-52.0226,-50.6186,-49.0133,-47.162,-45.0129,-42.5098,-39.5956,-36.2171,-32.3302,-27.9055,-22.9345,-17.4399,-11.4885,-5.20771,1.19177,7.36184,12.6547,15.7667
1.935,-61.3918,-61.7765,-62.0021,-62.0498,-61.9413,-61.7059,-61.3703,-60.9552,-60.475,-59.9389,-59.3513,-58.7135,-58.0232,-57.2759,-56.4643,-55.5783,-54.6043,-53.525,-52.3178,-50.954,-49.3982,-47.6071,-45.5305,-43.113,-40.2972,-37.0285,-33.2606,-28.96,-24.1133,-18.7355,-12.8841,-6.67624,-0.315063,5.85182,11.1658,14.3039
1.94,-61.4759,-61.86,-62.0878,-62.1396,-62.0364,-61.8073,-61.4785,-61.0707,-60.5984,-60.0707,-59.4924,-58.8647,-58.1859,-57.4517,-56.6552,-55.787,-54.8344,-53.7808,-52.6049,-51.2796,-49.7709,-48.0375,-46.0306,-43.6956,-40.9753,-37.8141,-34.1633,-29.9861,-25.2642,-20.0059,-14.2596,-8.13265,-1.81998,4.33228,9.6568,12.8142
1.945,-61.5592,-61.9427,-62.1726,-62.2283,-62.1304,-61.9074,-61.5854,-61.1848,-60.7201,-60.2006,-59.6313,-59.0135,-58.3459,-57.6243,-56.8425,-55.9915,-55.0592,-54.0302,-52.8843,-51.5957,-50.1321,-48.4538,-46.5136,-44.2583,-41.6306,-38.5743,-35.0387,-30.9839,-26.3871,-21.2504,-15.6138,-9.57493,-3.32053,2.80594,8.13038,11.3003
1.95,-61.6417,-62.0246,-62.2564,-62.3161,-62.2233,-62.0063,-61.6908,-61.2973,-60.8401,-60.3287,-59.7682,-59.1601,-58.5032,-57.7939,-57.0262,-56.1917,-55.2791,-54.2737,-53.1563,-51.9027,-50.4821,-48.8565,-46.9804,-44.8017,-42.2638,-39.3097,-35.8872,-31.9535,-27.4818,-22.4683,-16.9454,-11.0012,-4.81432,1.27553,6.58941,9.76509
1.955,-61.7235,-62.1057,-62.3394,-62.4028,-62.3151,-62.1039,-61.7949,-61.4083,-60.9585,-60.4551,-59.9031,-59.3044,-58.658,-57.9606,-57.2066,-56.388,-55.4943,-54.5114,-53.4214,-52.2012,-50.8217,-49.2464,-47.4316,-45.3265,-42.8754,-40.0209,-36.7092,-32.8952,-28.5481,-23.6591,-18.2531,-12.4098,-6.29903,-0.256234,5.03682,8.21142
1.96,-61.8045,-62.186,-62.4215,-62.4886,-62.4058,-62.2004,-61.8977,-61.5179,-61.0753,-60.5796,-60.036,-59.4465,-58.8103,-58.1245,-57.3837,-56.5805,-55.7048,-54.7436,-53.6798,-52.4915,-51.1511,-49.6239,-47.8678,-45.8335,-43.4661,-40.7083,-37.5051,-33.8091,-29.586,-24.8222,-19.5362,-13.7991,-7.77247,-1.78668,3.47558,6.6424
1.965,-61.8847,-62.2655,-62.5028,-62.5735,-62.4954,-62.2957,-61.9992,-61.626,-61.1906,-60.7024,-60.167,-59.5865,-58.9602,-58.2856,-57.5576,-56.7692,-55.911,-54.9705,-53.9317,-52.7739,-51.4709,-49.9896,-48.2896,-46.3233,-44.0366,-41.3727,-38.2755,-34.6955,-30.5956,-25.9575,-20.7937,-15.1676,-9.23252,-3.31316,1.90867,5.06117
1.97,-61.9643,-62.3443,-62.5832,-62.6573,-62.584,-62.3898,-62.0994,-61.7328,-61.3043,-60.8236,-60.2962,-59.7244,-59.1078,-58.444,-57.7284,-56.9544,-56.1129,-55.1924,-54.1775,-53.0489,-51.7815,-50.344,-48.6977,-46.7965,-44.5877,-42.0146,-39.0208,-35.5549,-31.5769,-27.0646,-22.0249,-16.5139,-10.6772,-4.83312,0.339095,3.47091
1.975,-62.0431,-62.4223,-62.6628,-62.7403,-62.6716,-62.4828,-62.1984,-61.8382,-61.4165,-60.9431,-60.4235,-59.8603,-59.2531,-58.5999,-57.8963,-57.1361,-56.3108,-55.4094,-54.4175,-53.3167,-52.0834,-50.6877,-49.0927,-47.2538,-45.1199,-42.6348,-39.7416,-36.3877,-32.5302,-28.1434,-23.2291,-17.837,-12.1047,-6.34406,-1.23018,1.87484
1.98,-62.1212,-62.4995,-62.7416,-62.8224,-62.7582,-62.5746,-62.2961,-61.9422,-61.5273,-61.061,-60.5491,-59.9942,-59.3963,-58.7533,-58.0613,-57.3145,-56.5048,-55.6217,-54.6519,-53.5777,-52.3769,-51.0211,-49.475,-47.6959,-45.6339,-43.2338,-40.4385,-37.1942,-33.4557,-29.1939,-24.406,-19.1356,-13.5132,-7.8436,-2.79621,0.276177
1.985,-62.1986,-62.5761,-62.8196,-62.9036,-62.8437,-62.6654,-62.3927,-62.0449,-61.6366,-61.1773,-60.6729,-60.1262,-59.5372,-58.9043,-58.2236,-57.4897,-56.695,-55.8296,-54.8809,-53.8322,-52.6624,-51.3447,-49.8454,-48.1234,-46.1305,-43.8123,-41.1121,-37.975,-34.3537,-30.2161,-25.5552,-20.409,-14.9012,-9.32946,-4.35615,-1.32188
1.99,-62.2753,-62.6519,-62.8968,-62.9839,-62.9283,-62.7551,-62.488,-62.1464,-61.7445,-61.2921,-60.7951,-60.2563,-59.6761,-59.0529,-58.3832,-57.6617,-56.8815,-56.0332,-55.1047,-54.0804,-52.9403,-51.6589,-50.2042,-48.5369,-46.6102,-44.3711,-41.7631,-38.7305,-35.2244,-31.2099,-26.6763,-21.6562,-16.2672,-10.7995,-5.90722,-2.91619
1.995,-62.3513,-62.727,-62.9732,-63.0633,-63.0119,-62.8437,-62.5822,-62.2465,-61.851,-61.4053,-60.9156,-60.3846,-59.8129,-59.1992,-58.5401,-57.8308,-57.0646,-56.2327,-55.3236,-54.3227,-53.2109,-51.9642,-50.5521,-48.937,-47.0738,-44.9108,-42.392,-39.4613,-36.0684,-32.1757,-27.7691,-22.8767,-17.6099,-12.2516,-7.44675,-4.5037
2,-62.4266,-62.8014,-63.0489,-63.1419,-63.0946,-62.9313,-62.6752,-62.3454,-61.9561,-61.5171,-61.0344,-60.5111,-59.9478,-59.3433,-58.6946,-57.997,-57.2444,-56.4282,-55.5378,-54.5592,-53.4746,-52.261,-50.8895,-49.3243,-47.5219,-45.432,-42.9995,-40.168,-36.8859,-33.1136,-28.8336,-24.0699,-18.9281,-13.6841,-8.97219,-6.08144
2.005,-62.5012,-62.8751,-63.1238,-63.2196,-63.1764,-63.0179,-62.7671,-62.4431,-62.06,-61.6274,-61.1517,-60.6358,-60.0807,-59.4852,-58.8465,-58.1604,-57.4208,-56.6199,-55.7475,-54.7904,-53.7316,-52.5496,-51.217,-49.6994,-47.9552,-45.9356,-43.5862,-40.8511,-37.6776,-34.0238,-29.8697,-25.2352,-20.2209,-15.0951,-10.4811,-7.64657
2.01,-62.5752,-62.9481,-63.1979,-63.2965,-63.2572,-63.1034,-62.858,-62.5396,-62.1625,-61.7363,-61.2674,-60.7589,-60.2117,-59.625,-58.9961,-58.3211,-57.5942,-56.808,-55.9528,-55.0162,-53.9823,-52.8305,-51.5349,-50.0628,-48.3742,-46.422,-44.153,-41.5113,-38.4437,-34.9068,-30.8775,-26.3725,-21.4872,-16.4831,-11.9714,-9.19642
2.015,-62.6486,-63.0204,-63.2714,-63.3726,-63.3372,-63.188,-62.9477,-62.6349,-62.2637,-61.8438,-61.3816,-60.8802,-60.3409,-59.7627,-59.1434,-58.4791,-57.7645,-56.9924,-56.1539,-55.2371,-54.2269,-53.104,-51.8437,-50.415,-48.7796,-46.892,-44.7003,-42.1492,-39.185,-35.7627,-31.857,-27.4813,-22.7264,-17.8466,-13.4408,-10.7285
2.02,-62.7213,-63.0921,-63.3441,-63.4479,-63.4162,-63.2716,-63.0363,-62.729,-62.3636,-61.95,-61.4943,-61,-60.4683,-59.8985,-59.2884,-58.6346,-57.9318,-57.1735,-56.351,-55.4532,-54.4657,-53.3704,-52.1439,-50.7566,-49.172,-47.3463,-45.229,-42.7655,-39.9019,-36.592,-32.8085,-28.5616,-23.9378,-19.1845,-14.8876,-12.2404
2.025,-62.7933,-63.1631,-63.4161,-63.5225,-63.4944,-63.3542,-63.1239,-62.822,-62.4624,-62.0547,-61.6055,-61.1181,-60.5938,-60.0322,-59.4313,-58.7876,-58.0963,-57.3513,-56.5442,-55.6646,-54.699,-53.6301,-52.4357,-51.088,-49.5519,-47.7855,-45.7397,-43.3608,-40.595,-37.3953,-33.7322,-29.6133,-25.1209,-20.4956,-16.3099,-13.73
2.03,-62.8648,-63.2335,-63.4873,-63.5962,-63.5717,-63.4358,-63.2105,-62.9139,-62.5598,-62.1582,-61.7153,-61.2346,-60.7177,-60.1641,-59.572,-58.9381,-58.2581,-57.5259,-56.7337,-55.8716,-54.9269,-53.8833,-52.7197,-51.4096,-49.92,-48.2102,-46.233,-43.9358,-41.265,-38.1728,-34.6283,-30.6363,-26.2753,-21.779,-17.7063,-15.1954
2.035,-62.9356,-63.3032,-63.5579,-63.6692,-63.6482,-63.5166,-63.296,-63.0046,-62.6561,-62.2603,-61.8236,-61.3497,-60.8399,-60.2941,-59.7106,-59.0864,-58.4172,-57.6974,-56.9196,-56.0744,-55.1498,-54.1303,-52.9961,-51.722,-50.2766,-48.6211,-46.7097,-44.4912,-41.9124,-38.9252,-35.4972,-31.6308,-27.4007,-23.0339,-19.0755,-16.6348
2.04,-63.0057,-63.3723,-63.6278,-63.7414,-63.7238,-63.5964,-63.3806,-63.0943,-62.7512,-62.3612,-61.9306,-61.4632,-60.9604,-60.4223,-59.8472,-59.2323,-58.5737,-57.8659,-57.102,-56.2731,-55.3677,-54.3714,-53.2653,-52.0256,-50.6224,-49.0187,-47.1703,-45.0275,-42.5379,-39.653,-36.3392,-32.5968,-28.4969,-24.2597,-20.4163,-18.0468
2.045,-63.0753,-63.4408,-63.6971,-63.8129,-63.7986,-63.6753,-63.4641,-63.1829,-62.8452,-62.4608,-62.0362,-61.5752,-61.0794,-60.5487,-59.9818,-59.3761,-58.7277,-58.0315,-57.2811,-56.4678,-55.581,-54.6068,-53.5276,-52.3207,-50.9578,-49.4036,-47.6156,-45.5457,-43.1422,-40.3568,-37.1549,-33.5346,-29.5637,-25.4558,-21.7277,-19.43
2.05,-63.1443,-63.5087,-63.7656,-63.8836,-63.8726,-63.7533,-63.5467,-63.2704,-62.938,-62.5592,-62.1405,-61.6858,-61.1967,-60.6734,-60.1145,-59.5177,-58.8792,-58.1944,-57.4569,-56.6588,-55.7898,-54.8368,-53.7833,-52.6078,-51.2834,-49.7764,-48.0462,-46.0462,-43.7258,-41.037,-37.9445,-34.4445,-30.6013,-26.6219,-23.009,-20.7834
2.055,-63.2126,-63.5759,-63.8335,-63.9536,-63.9458,-63.8305,-63.6284,-63.3569,-63.0297,-62.6564,-62.2435,-61.7949,-61.3125,-60.7963,-60.2453,-59.6571,-59.0284,-58.3546,-57.6296,-56.8461,-55.9942,-55.0617,-54.0328,-52.8872,-51.5995,-50.1376,-48.4627,-46.5298,-44.2896,-41.6945,-38.7087,-35.3267,-31.6095,-27.7577,-24.2594,-22.1059
2.06,-63.2804,-63.6425,-63.9008,-64.0229,-64.0182,-63.9068,-63.709,-63.4424,-63.1203,-62.7524,-62.3452,-61.9027,-61.4267,-60.9176,-60.3743,-59.7946,-59.1753,-58.5121,-57.7994,-57.0299,-56.1945,-55.2816,-54.2762,-53.1593,-51.9065,-50.4877,-48.8657,-46.9971,-44.8341,-42.3297,-39.4479,-36.1816,-32.5887,-28.863,-25.4786,-23.397
2.065,-63.3475,-63.7085,-63.9674,-64.0915,-64.0899,-63.9822,-63.7888,-63.5269,-63.2098,-62.8472,-62.4456,-62.0091,-61.5395,-61.0373,-60.5014,-59.93,-59.32,-58.6671,-57.9661,-57.2103,-56.3908,-55.4967,-54.5139,-53.4243,-52.205,-50.8273,-49.2558,-47.4488,-45.36,-42.9434,-40.1627,-37.0096,-33.5388,-29.9378,-26.6662,-24.656
2.07,-63.4141,-63.774,-64.0334,-64.1594,-64.1607,-64.0568,-63.8676,-63.6103,-63.2982,-62.9408,-62.5448,-62.1141,-61.6508,-61.1553,-60.6269,-60.0635,-59.4624,-58.8196,-58.1301,-57.3874,-56.5832,-55.7072,-54.7461,-53.6826,-52.4953,-51.1568,-49.6336,-47.8855,-45.8681,-43.5361,-40.8536,-37.8112,-34.4604,-30.9822,-27.822,-25.8826
2.075,-63.4802,-63.8388,-64.0987,-64.2266,-64.2308,-64.1305,-63.9456,-63.6928,-63.3855,-63.0333,-62.6427,-62.2178,-61.7607,-61.2718,-60.7506,-60.1951,-59.6028,-58.9698,-58.2914,-57.5614,-56.772,-55.9134,-54.973,-53.9346,-52.7778,-51.4768,-49.9995,-48.3079,-46.3589,-44.1087,-41.5214,-38.5868,-35.3535,-31.9961,-28.9459,-27.0765
2.08,-63.5456,-63.9031,-64.1635,-64.2932,-64.3002,-64.2035,-64.0226,-63.7744,-63.4719,-63.1247,-62.7395,-62.3202,-61.8691,-61.3868,-60.8726,-60.3249,-59.741,-59.1176,-58.4499,-57.7323,-56.9572,-56.1153,-55.1948,-54.1804,-53.0528,-51.7875,-50.3542,-48.7166,-46.8332,-44.6616,-42.1666,-39.337,-36.2187,-32.98,-30.038,-28.2376
2.085,-63.6105,-63.9668,-64.2276,-64.3591,-64.3689,-64.2756,-64.0988,-63.8549,-63.5572,-63.215,-62.835,-62.4214,-61.9762,-61.5003,-60.993,-60.4528,-59.8773,-59.2631,-58.606,-57.9002,-57.1389,-56.3132,-55.4118,-54.4204,-53.3207,-52.0895,-50.6982,-49.1121,-47.2916,-45.1957,-42.7898,-40.0622,-37.0563,-33.9339,-31.0983,-29.366
2.09,-63.6748,-64.0299,-64.2911,-64.4243,-64.4368,-64.347,-64.1741,-63.9346,-63.6415,-63.3042,-62.9294,-62.5213,-62.082,-61.6123,-61.1117,-60.5789,-60.0116,-59.4065,-58.7595,-58.0653,-57.3173,-56.5072,-55.6242,-54.6548,-53.5817,-52.3831,-51.0318,-49.495,-47.7348,-45.7116,-43.3918,-40.7632,-37.8668,-34.8583,-32.127,-30.4616
2.095,-63.7385,-64.0925,-64.354,-64.4888,-64.504,-64.4175,-64.2485,-64.0133,-63.7248,-63.3924,-63.0227,-62.6199,-62.1864,-61.7228,-61.2289,-60.7034,-60.144,-59.5477,-58.9106,-58.2276,-57.4926,-56.6974,-55.8321,-54.8838,-53.8362,-52.6688,-51.3557,-49.8659,-48.1633,-46.21,-43.9731,-41.4405,-38.6507,-35.7535,-33.1244,-31.5247
2.1,-63.8017,-64.1545,-64.4163,-64.5527,-64.5705,-64.4873,-64.3222,-64.0911,-63.8071,-63.4795,-63.1148,-62.7174,-62.2895,-61.8319,-61.3446,-60.8261,-60.2745,-59.6868,-59.0593,-58.3873,-57.6647,-56.884,-56.0357,-55.1077,-54.0845,-52.9468,-51.6703,-50.2254,-48.5779,-46.6915,-44.5345,-42.0947,-39.4087,-36.62,-34.0909,-32.5556
2.105,-63.8644,-64.216,-64.4781,-64.616,-64.6363,-64.5564,-64.395,-64.1681,-63.8884,-63.5655,-63.2058,-62.8136,-62.3913,-61.9397,-61.4587,-60.9472,-60.4031,-59.8239,-59.2058,-58.5443,-57.8338,-57.0671,-56.2352,-55.3266,-54.3269,-53.2176,-51.9759,-50.5738,-48.979,-47.1568,-45.0767,-42.7266,-40.1411,-37.4582,-35.0268,-33.5546
2.11,-63.9265,-64.2769,-64.5392,-64.6787,-64.7014,-64.6247,-64.4669,-64.2441,-63.9689,-63.6505,-63.2957,-62.9087,-62.4918,-62.0461,-61.5714,-61.0666,-60.53,-59.959,-59.35,-58.6988,-58,-57.2469,-56.4307,-55.5408,-54.5635,-53.4814,-52.273,-50.9119,-49.3674,-47.6065,-45.6002,-43.3367,-40.8487,-38.2687,-35.9326,-34.5221
2.115,-63.9881,-64.3373,-64.5998,-64.7407,-64.7658,-64.6922,-64.5381,-64.3193,-64.0483,-63.7346,-63.3846,-63.0026,-62.5911,-62.1511,-61.6826,-61.1845,-60.6552,-60.0921,-59.492,-58.8509,-58.1635,-57.4234,-56.6224,-55.7505,-54.7947,-53.7386,-52.562,-51.2399,-49.7434,-48.0414,-46.1059,-43.9258,-41.5321,-39.0521,-36.8088,-35.4585
2.12,-64.0491,-64.3971,-64.6599,-64.8021,-64.8296,-64.759,-64.6085,-64.3936,-64.1269,-63.8176,-63.4724,-63.0954,-62.6892,-62.2548,-61.7923,-61.3008,-60.7786,-60.2234,-59.632,-59.0006,-58.3242,-57.5967,-56.8105,-55.9559,-55.0206,-53.9895,-52.8432,-51.5584,-50.1078,-48.4619,-46.5944,-44.4945,-42.192,-39.8089,-37.6559,-36.3644
2.125,-64.1096,-64.4564,-64.7193,-64.8629,-64.8927,-64.8251,-64.6781,-64.4671,-64.2045,-63.8997,-63.5591,-63.187,-62.786,-62.3572,-61.9007,-61.4156,-60.9004,-60.3528,-59.7699,-59.1479,-58.4822,-57.767,-56.995,-56.157,-55.2416,-54.2343,-53.117,-51.8679,-50.461,-48.8688,-47.0664,-45.0435,-42.829,-40.5398,-38.4745,-37.2403
2.13,-64.1696,-64.5152,-64.7783,-64.9232,-64.9551,-64.8905,-64.7469,-64.5397,-64.2813,-63.9808,-63.6448,-63.2776,-62.8817,-62.4584,-62.0077,-61.5289,-61.0205,-60.4804,-59.9058,-59.293,-58.6378,-57.9344,-57.1761,-56.3542,-55.4578,-54.4733,-53.3838,-52.1686,-50.8036,-49.2626,-47.5225,-45.5736,-43.4438,-41.2455,-39.2653,-38.0868
2.135,-64.2291,-64.5735,-64.8366,-64.9828,-65.0169,-64.9552,-64.815,-64.6115,-64.3571,-64.061,-63.7295,-63.3671,-62.9762,-62.5583,-62.1133,-61.6407,-61.139,-60.6063,-60.0397,-59.436,-58.7908,-58.099,-57.3539,-56.5474,-55.6693,-54.7067,-53.6438,-52.4611,-51.1359,-49.6439,-47.9633,-46.0855,-44.0372,-41.9266,-40.0289,-38.9045
2.14,-64.288,-64.6312,-64.8944,-65.0418,-65.0781,-65.0192,-64.8823,-64.6825,-64.4321,-64.1402,-63.8132,-63.4555,-63.0696,-62.6569,-62.2176,-61.7511,-61.256,-60.7304,-60.1717,-59.5768,-58.9414,-58.2607,-57.5285,-56.737,-55.8764,-54.9349,-53.8973,-52.7456,-51.4586,-50.0133,-48.3896,-46.5797,-44.6099,-42.5838,-40.7659,-39.6941
2.145,-64.3464,-64.6884,-64.9517,-65.1003,-65.1386,-65.0825,-64.9488,-64.7527,-64.5063,-64.2185,-63.8959,-63.5428,-63.1619,-62.7544,-62.3206,-61.8601,-61.3714,-60.8528,-60.3019,-59.7155,-59.0897,-58.4199,-57.7,-56.9229,-56.0793,-55.1579,-54.1447,-53.0226,-51.7719,-50.3713,-48.802,-47.0572,-45.1625,-43.2179,-41.4771,-40.4561
2.15,-64.4044,-64.7452,-65.0085,-65.1582,-65.1986,-65.1451,-65.0147,-64.8222,-64.5796,-64.2959,-63.9776,-63.6291,-63.253,-62.8507,-62.4224,-61.9676,-61.4853,-60.9736,-60.4302,-59.8522,-59.2357,-58.5764,-57.8686,-57.1054,-56.2781,-55.3761,-54.3862,-53.2924,-52.0764,-50.7183,-49.2009,-47.5184,-45.6959,-43.8296,-42.1631,-41.1915
2.155,-64.4618,-64.8014,-65.0647,-65.2155,-65.2579,-65.2071,-65.0798,-64.8908,-64.652,-64.3724,-64.0584,-63.7144,-63.3431,-62.9457,-62.5228,-62.0739,-61.5978,-61.0928,-60.5568,-59.9869,-59.3795,-58.7304,-58.0343,-57.2845,-56.473,-55.5896,-54.622,-53.5553,-52.3724,-51.055,-49.5871,-47.9641,-46.2107,-44.4197,-42.8249,-41.9008
2.16,-64.5187,-64.8571,-65.1205,-65.2723,-65.3166,-65.2684,-65.1442,-64.9587,-64.7236,-64.448,-64.1382,-63.7987,-63.432,-63.0397,-62.6221,-62.1788,-61.7087,-61.2104,-60.6816,-60.1197,-59.5212,-58.882,-58.1972,-57.4604,-56.664,-55.7985,-54.8524,-53.8117,-52.6604,-51.3817,-49.9612,-48.3949,-46.7076,-44.9889,-43.463,-42.5848
2.165,-64.5751,-64.9124,-65.1757,-65.3285,-65.3747,-65.329,-65.2079,-65.0258,-64.7944,-64.5228,-64.2171,-63.882,-63.5199,-63.1325,-62.7201,-62.2823,-61.8183,-61.3265,-60.8048,-60.2506,-59.6607,-59.0313,-58.3574,-57.6332,-56.8515,-56.0032,-55.0776,-54.0617,-52.9407,-51.699,-50.3235,-48.8115,-47.1875,-45.5379,-44.0783,-43.2443
2.17,-64.631,-64.9671,-65.2304,-65.3842,-65.4322,-65.3891,-65.2709,-65.0922,-64.8644,-64.5966,-64.2951,-63.9643,-63.6068,-63.2242,-62.8169,-62.3846,-61.9265,-61.441,-60.9262,-60.3797,-59.7982,-59.1782,-58.515,-57.803,-57.0354,-56.2037,-55.2979,-54.3058,-53.2137,-52.0072,-50.6748,-49.2145,-47.6509,-46.0676,-44.6716,-43.8802
2.175,-64.6865,-65.0214,-65.2846,-65.4394,-65.4892,-65.4484,-65.3332,-65.1578,-64.9337,-64.6697,-64.3722,-64.0456,-63.6926,-63.3148,-62.9125,-62.4856,-62.0333,-61.554,-61.0461,-60.5069,-59.9337,-59.3229,-58.6701,-57.9699,-57.2159,-56.4003,-55.5134,-54.5441,-53.4796,-52.3069,-51.0154,-49.6045,-48.0986,-46.5787,-45.2436,-44.4931
2.18,-64.7414,-65.0751,-65.3382,-65.494,-65.5455,-65.5072,-65.3949,-65.2227,-65.0021,-64.7419,-64.4484,-64.126,-63.7775,-63.4043,-63.007,-62.5854,-62.1387,-61.6656,-61.1643,-60.6325,-60.0673,-59.4654,-58.8226,-58.1339,-57.3932,-56.5929,-55.7243,-54.7769,-53.7388,-52.5982,-51.3459,-49.9821,-48.5312,-47.0719,-45.7952,-45.0839
2.185,-64.7959,-65.1284,-65.3914,-65.5481,-65.6013,-65.5653,-65.4559,-65.2869,-65.0698,-64.8133,-64.5237,-64.2055,-63.8613,-63.4927,-63.1003,-62.6839,-62.2429,-61.7758,-61.281,-60.7563,-60.199,-59.6058,-58.9728,-58.2953,-57.5673,-56.7819,-55.9309,-55.0044,-53.9916,-52.8818,-51.6668,-50.3479,-48.9494,-47.548,-46.3272,-45.6535
2.19,-64.8499,-65.1813,-65.4442,-65.6016,-65.6565,-65.6229,-65.5162,-65.3503,-65.1367,-64.8839,-64.5982,-64.284,-63.9441,-63.5801,-63.1925,-62.7813,-62.3457,-61.8845,-61.3961,-60.8784,-60.3288,-59.7441,-59.1207,-58.4539,-57.7383,-56.9674,-56.1332,-55.2268,-54.2383,-53.1578,-51.9785,-50.7023,-49.3539,-48.0077,-46.8402,-46.2025
2.195,-64.9034,-65.2337,-65.4964,-65.6547,-65.7112,-65.6798,-65.5759,-65.4131,-65.2028,-64.9536,-64.6718,-64.3616,-64.026,-63.6664,-63.2836,-62.8774,-62.4472,-61.9919,-61.5098,-60.9989,-60.4568,-59.8805,-59.2663,-58.61,-57.9064,-57.1493,-56.3315,-55.4445,-54.4791,-53.4267,-52.2813,-51.046,-49.7453,-48.4517,-47.3352,-46.732
2.2,-64.9564,-65.2855,-65.5481,-65.7072,-65.7654,-65.7362,-65.6349,-65.4752,-65.2682,-65.0226,-64.7445,-64.4383,-64.1069,-63.7518,-63.3736,-62.9724,-62.5475,-62.0979,-61.622,-61.1178,-60.583,-60.0148,-59.4097,-58.7636,-58.0717,-57.328,-56.5259,-55.6574,-54.7144,-53.6888,-52.5758,-51.3793,-50.1241,-48.8808,-47.8129,-47.2425
2.205,-65.009,-65.337,-65.5994,-65.7593,-65.8189,-65.7919,-65.6933,-65.5366,-65.3329,-65.0908,-64.8164,-64.5142,-64.1869,-63.8361,-63.4625,-63.0662,-62.6466,-62.2026,-61.7327,-61.2351,-60.7075,-60.1473,-59.551,-58.9148,-58.2342,-57.5035,-56.7165,-55.8659,-54.9442,-53.9443,-52.8623,-51.7029,-50.491,-49.2955,-48.274,-47.735
2.21,-65.0611,-65.388,-65.6502,-65.8108,-65.872,-65.8471,-65.7511,-65.5973,-65.3969,-65.1582,-64.8875,-64.5891,-64.2659,-63.9194,-63.5504,-63.1589,-62.7444,-62.3059,-61.842,-61.3509,-60.8304,-60.2778,-59.6902,-59.0637,-58.394,-57.6759,-56.9035,-56.0702,-55.1689,-54.1936,-53.1412,-52.0171,-50.8465,-49.6965,-48.7193,-48.2102
2.215,-65.1128,-65.4385,-65.7006,-65.8619,-65.9245,-65.9017,-65.8082,-65.6574,-65.4601,-65.2249,-64.9578,-64.6632,-64.344,-64.0018,-63.6372,-63.2505,-62.8411,-62.408,-61.9499,-61.4651,-60.9515,-60.4066,-59.8273,-59.2102,-58.5512,-57.8453,-57.087,-56.2703,-55.3887,-54.437,-53.4128,-52.3225,-51.1911,-50.0846,-49.1495,-48.6689
2.22,-65.164,-65.4886,-65.7504,-65.9124,-65.9765,-65.9557,-65.8648,-65.7168,-65.5227,-65.2908,-65.0273,-64.7365,-64.4212,-64.0831,-63.723,-63.341,-62.9366,-62.5088,-62.0565,-61.5779,-61.0711,-60.5335,-59.9625,-59.3546,-58.7058,-58.0118,-57.2672,-56.4664,-55.6038,-54.6746,-53.6775,-52.6193,-51.5254,-50.4602,-49.5652,-49.1118
2.225,-65.2147,-65.5382,-65.7999,-65.9625,-66.028,-66.0092,-65.9207,-65.7756,-65.5845,-65.356,-65.096,-64.8089,-64.4975,-64.1636,-63.8078,-63.4304,-63.0309,-62.6084,-62.1617,-61.6892,-61.189,-60.6587,-60.0957,-59.4967,-58.8581,-58.1754,-57.4441,-56.6587,-55.8143,-54.9068,-53.9355,-52.908,-51.8499,-50.824,-49.9673,-49.5397
2.23,-65.265,-65.5874,-65.8488,-66.0121,-66.079,-66.0621,-65.9761,-65.8337,-65.6457,-65.4204,-65.1639,-64.8805,-64.573,-64.2431,-63.8916,-63.5188,-63.1241,-62.7068,-62.2656,-61.7991,-61.3054,-60.7823,-60.2271,-59.6368,-59.0079,-58.3364,-57.6178,-56.8474,-56.0205,-55.1337,-54.1872,-53.189,-52.165,-51.1766,-50.3562,-49.9532
2.235,-65.3148,-65.6362,-65.8974,-66.0612,-66.1294,-66.1145,-66.0308,-65.8912,-65.7062,-65.4841,-65.231,-64.9512,-64.6475,-64.3216,-63.9744,-63.6061,-63.2162,-62.8039,-62.3682,-61.9076,-61.4203,-60.9041,-60.3566,-59.7748,-59.1554,-58.4948,-57.7886,-57.0325,-56.2225,-55.3557,-54.4328,-53.4627,-52.4711,-51.5184,-50.7326,-50.3531
2.24,-65.3642,-65.6845,-65.9454,-66.1099,-66.1794,-66.1664,-66.085,-65.948,-65.766,-65.5471,-65.2974,-65.0212,-64.7212,-64.3993,-64.0563,-63.6923,-63.3071,-62.8999,-62.4696,-62.0147,-61.5337,-61.0243,-60.4843,-59.9108,-59.3007,-58.6506,-57.9564,-57.2142,-56.4204,-55.5728,-54.6727,-53.7293,-52.7687,-51.8501,-51.0972,-50.7399
2.245,-65.4131,-65.7324,-65.9931,-66.1581,-66.2289,-66.2177,-66.1386,-66.0043,-65.8252,-65.6094,-65.3631,-65.0903,-64.7941,-64.4761,-64.1372,-63.7776,-63.397,-62.9947,-62.5697,-62.1205,-61.6456,-61.1429,-60.6102,-60.0448,-59.4438,-58.8039,-58.1214,-57.3927,-56.6145,-55.7853,-54.907,-53.9893,-53.0582,-52.172,-51.4505,-51.1143
2.25,-65.4617,-65.7798,-66.0403,-66.2058,-66.2778,-66.2685,-66.1917,-66.0599,-65.8837,-65.6711,-65.428,-65.1587,-64.8661,-64.5519,-64.2171,-63.8618,-63.4858,-63.0884,-62.6685,-62.225,-61.7561,-61.2599,-60.7344,-60.177,-59.5848,-58.9548,-58.2836,-57.5679,-56.8049,-55.9934,-55.136,-54.2428,-53.34,-52.4847,-51.7931,-51.477
2.255,-65.5097,-65.8269,-66.087,-66.2531,-66.3263,-66.3187,-66.2441,-66.115,-65.9416,-65.732,-65.4921,-65.2263,-64.9373,-64.6269,-64.2961,-63.9451,-63.5735,-63.1809,-62.7662,-62.3281,-61.8651,-61.3754,-60.8569,-60.3073,-59.7237,-59.1034,-58.4432,-57.74,-56.9917,-56.1973,-55.3599,-54.4902,-53.6144,-52.7886,-52.1255,-51.8284
2.26,-65.5574,-65.8735,-66.1334,-66.2999,-66.3743,-66.3685,-66.2961,-66.1694,-65.9988,-65.7922,-65.5556,-65.2931,-65.0077,-64.7011,-64.3742,-64.0273,-63.6603,-63.2723,-62.8627,-62.43,-61.9728,-61.4894,-60.9778,-60.4357,-59.8606,-59.2497,-58.6001,-57.9092,-57.175,-56.3971,-55.579,-54.7318,-53.8818,-53.0841,-52.4481,-52.1692
2.265,-65.6046,-65.9197,-66.1793,-66.3463,-66.4219,-66.4178,-66.3475,-66.2233,-66.0554,-65.8518,-65.6183,-65.3592,-65.0773,-64.7744,-64.4514,-64.1087,-63.7459,-63.3627,-62.9579,-62.5306,-62.0791,-61.602,-61.0971,-60.5624,-59.9955,-59.3938,-58.7546,-58.0756,-57.355,-56.5929,-55.7934,-54.9678,-54.1424,-53.3717,-52.7614,-52.4998
2.27,-65.6514,-65.9654,-66.2248,-66.3923,-66.469,-66.4665,-66.3983,-66.2766,-66.1114,-65.9107,-65.6803,-65.4245,-65.1461,-64.8468,-64.5277,-64.189,-63.8306,-63.4519,-63.0521,-62.6299,-62.1841,-61.713,-61.2148,-60.6874,-60.1285,-59.5357,-58.9066,-58.2391,-57.5317,-56.785,-56.0033,-55.1984,-54.3967,-53.6516,-53.066,-52.8208
2.275,-65.6977,-66.0108,-66.2699,-66.4378,-66.5156,-66.5148,-66.4486,-66.3293,-66.1668,-65.969,-65.7417,-65.4891,-65.2141,-64.9184,-64.6031,-64.2684,-63.9143,-63.5401,-63.1451,-62.7281,-62.2878,-61.8227,-61.331,-60.8106,-60.2596,-59.6756,-59.0563,-58.3999,-57.7054,-56.9735,-56.209,-55.424,-54.6449,-53.9243,-53.3622,-53.1326
2.28,-65.7436,-66.0558,-66.3145,-66.4829,-66.5618,-66.5625,-66.4984,-66.3815,-66.2216,-66.0266,-65.8023,-65.553,-65.2813,-64.9892,-64.6777,-64.3469,-63.997,-63.6273,-63.237,-62.825,-62.3902,-61.931,-61.4456,-60.9322,-60.3889,-59.8134,-59.2037,-58.5582,-57.876,-57.1584,-56.4105,-55.6446,-54.8872,-54.1901,-53.6504,-53.4356
2.285,-65.7892,-66.1003,-66.3588,-66.5276,-66.6075,-66.6098,-66.5477,-66.4331,-66.2758,-66.0836,-65.8623,-65.6161,-65.3478,-65.0592,-64.7513,-64.4245,-64.0787,-63.7134,-63.3278,-62.9208,-62.4913,-62.0378,-61.5587,-61.0522,-60.5164,-59.9492,-59.3488,-58.7138,-58.0437,-57.34,-56.608,-55.8605,-55.124,-54.4493,-53.931,-53.7303
2.29,-65.8343,-66.1445,-66.4027,-66.5718,-66.6527,-66.6566,-66.5965,-66.4841,-66.3294,-66.14,-65.9216,-65.6785,-65.4135,-65.1284,-64.8242,-64.5012,-64.1595,-63.7985,-63.4175,-63.0154,-62.5912,-62.1434,-61.6704,-61.1706,-60.6421,-60.0831,-59.4918,-58.8671,-58.2086,-57.5182,-56.8017,-56.072,-55.3554,-54.7022,-54.2043,-54.0171
2.295,-65.879,-66.1882,-66.4461,-66.6157,-66.6975,-66.7029,-66.6447,-66.5347,-66.3824,-66.1957,-65.9803,-65.7403,-65.4785,-65.1968,-64.8962,-64.5771,-64.2393,-63.8826,-63.5061,-63.1089,-62.6899,-62.2476,-61.7807,-61.2874,-60.7661,-60.215,-59.6326,-59.0179,-58.3708,-57.6934,-56.9917,-56.2791,-55.5817,-54.9491,-54.4707,-54.2963
2.3,-65.9232,-66.2316,-66.4892,-66.6591,-66.7419,-66.7488,-66.6925,-66.5846,-66.4349,-66.2509,-66.0383,-65.8013,-65.5428,-65.2645,-64.9674,-64.652,-64.3182,-63.9657,-63.5937,-63.2012,-62.7873,-62.3505,-61.8895,-61.4027,-60.8885,-60.3452,-59.7714,-59.1664,-58.5303,-57.8655,-57.1782,-56.482,-55.8031,-55.1902,-54.7306,-54.5684
2.305,-65.9671,-66.2746,-66.5318,-66.7021,-66.7859,-66.7942,-66.7398,-66.6341,-66.4868,-66.3054,-66.0957,-65.8617,-65.6063,-65.3313,-65.0378,-64.7261,-64.3962,-64.0478,-63.6802,-63.2925,-62.8836,-62.4522,-61.997,-61.5165,-61.0092,-60.4735,-59.9082,-59.3127,-58.6873,-58.0346,-57.3613,-56.6809,-56.0198,-55.4259,-54.9841,-54.8335
2.31,-66.0106,-66.3172,-66.5741,-66.7447,-66.8294,-66.8392,-66.7865,-66.683,-66.5381,-66.3594,-66.1524,-65.9214,-65.6691,-65.3974,-65.1073,-64.7993,-64.4733,-64.129,-63.7657,-63.3826,-62.9787,-62.5526,-62.1031,-61.6288,-61.1283,-60.6,-60.043,-59.4567,-58.8417,-58.2009,-57.5411,-56.876,-56.232,-55.6563,-55.2316,-55.0921
2.315,-66.0537,-66.3593,-66.616,-66.7869,-66.8725,-66.8837,-66.8328,-66.7314,-66.5889,-66.4127,-66.2085,-65.9804,-65.7312,-65.4628,-65.1761,-64.8717,-64.5495,-64.2093,-63.8503,-63.4717,-63.0726,-62.6518,-62.2079,-61.7397,-61.2458,-60.7248,-60.1759,-59.5986,-58.9938,-58.3645,-57.7177,-57.0674,-56.4399,-55.8817,-55.4734,-55.3444
2.32,-66.0964,-66.4012,-66.6575,-66.8287,-66.9152,-66.9277,-66.8787,-66.7793,-66.6391,-66.4655,-66.264,-66.0388,-65.7926,-65.5274,-65.2441,-64.9433,-64.6248,-64.2886,-63.9338,-63.5597,-63.1654,-62.7497,-62.3114,-61.8492,-61.3618,-60.848,-60.3069,-59.7384,-59.1435,-58.5253,-57.8912,-57.2553,-56.6436,-56.1022,-55.7096,-55.5908
2.325,-66.1386,-66.4426,-66.6986,-66.8701,-66.9575,-66.9713,-66.924,-66.8267,-66.6888,-66.5177,-66.3189,-66.0965,-65.8534,-65.5913,-65.3113,-65.014,-64.6993,-64.3669,-64.0163,-63.6467,-63.2571,-62.8465,-62.4136,-61.9573,-61.4762,-60.9695,-60.4362,-59.8762,-59.2909,-58.6836,-58.0618,-57.4397,-56.8433,-56.3181,-55.9406,-55.8314
2.33,-66.1805,-66.4836,-66.7393,-66.9111,-66.9993,-67.0145,-66.9689,-66.8736,-66.738,-66.5693,-66.3732,-66.1536,-65.9134,-65.6545,-65.3778,-65.0839,-64.7729,-64.4444,-64.0979,-63.7327,-63.3477,-62.9421,-62.5145,-62.064,-61.5892,-61.0893,-60.5636,-60.0121,-59.4361,-58.8394,-58.2295,-57.6208,-57.0392,-56.5296,-56.1666,-56.0665
2.335,-66.222,-66.5243,-66.7797,-66.9518,-67.0408,-67.0573,-67.0133,-66.92,-66.7866,-66.6204,-66.4269,-66.2101,-65.9728,-65.7169,-65.4435,-65.1531,-64.8456,-64.521,-64.1786,-63.8176,-63.4373,-63.0365,-62.6142,-62.1694,-61.7008,-61.2076,-60.6893,-60.1459,-59.5792,-58.9927,-58.3943,-57.7986,-57.2314,-56.7368,-56.3876,-56.2963
2.34,-66.2632,-66.5646,-66.8197,-66.992,-67.0819,-67.0996,-67.0573,-66.966,-66.8348,-66.6709,-66.48,-66.2659,-66.0315,-65.7787,-65.5085,-65.2214,-64.9176,-64.5967,-64.2582,-63.9015,-63.5257,-63.1298,-62.7127,-62.2734,-61.8109,-61.3243,-60.8132,-60.2779,-59.7201,-59.1437,-58.5565,-57.9734,-57.42,-56.9399,-56.6041,-56.5212
2.345,-66.3039,-66.6046,-66.8593,-67.0319,-67.1225,-67.1415,-67.1008,-67.0114,-66.8824,-66.7209,-66.5325,-66.3211,-66.0896,-65.8398,-65.5727,-65.289,-64.9887,-64.6715,-64.337,-63.9845,-63.6131,-63.222,-62.81,-62.3762,-61.9196,-61.4395,-60.9355,-60.4081,-59.859,-59.2923,-58.7161,-58.1452,-57.6052,-57.139,-56.8161,-56.7411
2.35,-66.3443,-66.6442,-66.8986,-67.0714,-67.1628,-67.183,-67.1439,-67.0564,-66.9295,-66.7703,-66.5844,-66.3757,-66.147,-65.9002,-65.6363,-65.3558,-65.059,-64.7455,-64.4149,-64.0665,-63.6995,-63.313,-62.9061,-62.4777,-62.027,-61.5532,-61.0562,-60.5365,-59.9959,-59.4387,-58.8732,-58.3141,-57.7871,-57.3344,-57.0237,-56.9565
2.355,-66.3843,-66.6834,-66.9375,-67.1106,-67.2027,-67.2241,-67.1866,-67.1009,-66.9761,-66.8193,-66.6358,-66.4298,-66.2038,-65.9599,-65.6991,-65.4219,-65.1285,-64.8186,-64.4918,-64.1475,-63.7849,-63.403,-63.001,-62.578,-62.133,-61.6655,-61.1753,-60.6631,-60.1308,-59.5829,-59.0277,-58.4802,-57.9657,-57.526,-57.2273,-57.1673
2.36,-66.4239,-66.7222,-66.9761,-67.1493,-67.2422,-67.2648,-67.2288,-67.1449,-67.0222,-66.8676,-66.6867,-66.4832,-66.26,-66.019,-65.7612,-65.4872,-65.1972,-64.8909,-64.5679,-64.2276,-63.8692,-63.4919,-63.0948,-62.677,-62.2377,-61.7763,-61.2928,-60.7879,-60.2638,-59.725,-59.1799,-58.6436,-58.1412,-57.7142,-57.4268,-57.3739
2.365,-66.4631,-66.7607,-67.0143,-67.1877,-67.2813,-67.305,-67.2706,-67.1885,-67.0678,-66.9155,-66.7369,-66.536,-66.3155,-66.0773,-65.8226,-65.5518,-65.2651,-64.9623,-64.6431,-64.3068,-63.9526,-63.5798,-63.1875,-62.7748,-62.341,-61.8857,-61.4088,-60.9111,-60.395,-59.865,-59.3298,-58.8043,-58.3138,-57.8989,-57.6226,-57.5764
2.37,-66.502,-66.7989,-67.0521,-67.2258,-67.3201,-67.3449,-67.3119,-67.2317,-67.113,-66.9629,-66.7867,-66.5883,-66.3705,-66.1351,-65.8833,-65.6156,-65.3322,-65.033,-64.7174,-64.385,-64.035,-63.6666,-63.279,-62.8714,-62.4431,-61.9937,-61.5233,-61.0327,-60.5244,-60.003,-59.4774,-58.9625,-58.4834,-58.0803,-57.8146,-57.7748
2.375,-66.5405,-66.8367,-67.0896,-67.2635,-67.3584,-67.3844,-67.3529,-67.2744,-67.1577,-67.0097,-66.8359,-66.64,-66.4248,-66.1922,-65.9433,-65.6788,-65.3986,-65.1028,-64.7909,-64.4623,-64.1164,-63.7524,-63.3695,-62.9669,-62.544,-62.1004,-61.6363,-61.1526,-60.6519,-60.139,-59.6228,-59.1182,-58.6502,-58.2585,-58.003,-57.9695
2.38,-66.5786,-66.8741,-67.1268,-67.3008,-67.3964,-67.4235,-67.3934,-67.3166,-67.2019,-67.0561,-66.8845,-66.6911,-66.4785,-66.2487,-66.0027,-65.7412,-65.4643,-65.1719,-64.8635,-64.5388,-64.1969,-63.8372,-63.4589,-63.0612,-62.6436,-62.2057,-61.7478,-61.271,-60.7778,-60.2732,-59.766,-59.2715,-58.8143,-58.4336,-58.188,-58.1604
2.385,-66.6164,-66.9112,-67.1636,-67.3378,-67.4341,-67.4622,-67.4335,-67.3584,-67.2456,-67.1019,-66.9327,-66.7417,-66.5317,-66.3045,-66.0614,-65.8029,-65.5292,-65.2401,-64.9354,-64.6144,-64.2765,-63.921,-63.5472,-63.1544,-62.742,-62.3097,-61.858,-61.3878,-60.9019,-60.4054,-59.9072,-59.4224,-58.9758,-58.6057,-58.3697,-58.3477
2.39,-66.6538,-66.948,-67.2,-67.3745,-67.4714,-67.5005,-67.4733,-67.3998,-67.2889,-67.1473,-66.9803,-66.7917,-66.5842,-66.3598,-66.1195,-65.8639,-65.5934,-65.3076,-65.0063,-64.6891,-64.3551,-64.0038,-63.6345,-63.2464,-62.8391,-62.4125,-61.9667,-61.5031,-61.0244,-60.5358,-60.0463,-59.5711,-59.1346,-58.775,-58.5481,-58.5316
2.395,-66.6909,-66.9844,-67.2362,-67.4108,-67.5083,-67.5385,-67.5126,-67.4408,-67.3318,-67.1922,-67.0274,-66.8411,-66.6362,-66.4144,-66.1769,-65.9243,-65.6568,-65.3743,-65.0765,-64.7629,-64.4328,-64.0857,-63.7207,-63.3374,-62.9352,-62.5139,-62.0741,-61.6169,-61.1453,-60.6644,-60.1834,-59.7175,-59.291,-58.9414,-58.7234,-58.7121
2.4,-66.7276,-67.0205,-67.272,-67.4468,-67.5449,-67.5761,-67.5515,-67.4814,-67.3741,-67.2366,-67.074,-66.8901,-66.6876,-66.4684,-66.2337,-65.984,-65.7195,-65.4403,-65.1459,-64.8359,-64.5097,-64.1666,-63.806,-63.4273,-63.03,-62.6141,-62.1801,-61.7293,-61.2645,-60.7913,-60.3186,-59.8618,-59.4449,-59.105,-58.8957,-58.8893
2.405,-66.764,-67.0562,-67.3075,-67.4824,-67.5811,-67.6133,-67.5901,-67.5215,-67.4161,-67.2806,-67.1201,-66.9385,-66.7385,-66.5219,-66.2898,-66.043,-65.7816,-65.5055,-65.2145,-64.9081,-64.5856,-64.2465,-63.8902,-63.5161,-63.1237,-62.7131,-62.2848,-61.8402,-61.3823,-60.9164,-60.4519,-60.0039,-59.5965,-59.2661,-59.065,-59.0635
2.41,-66.8,-67.0917,-67.3426,-67.5177,-67.617,-67.6502,-67.6282,-67.5612,-67.4576,-67.3241,-67.1657,-66.9864,-66.7888,-66.5747,-66.3454,-66.1013,-65.8429,-65.57,-65.2823,-64.9794,-64.6607,-64.3256,-63.9735,-63.6038,-63.2163,-62.8109,-62.3882,-61.9497,-61.4984,-61.0399,-60.5833,-60.144,-59.7457,-59.4245,-59.2315,-59.2346
2.415,-66.8357,-67.1268,-67.3774,-67.5527,-67.6526,-67.6867,-67.666,-67.6006,-67.4987,-67.3671,-67.2109,-67.0338,-66.8385,-66.627,-66.4003,-66.159,-65.9036,-65.6338,-65.3494,-65.0499,-64.7349,-64.4037,-64.0557,-63.6906,-63.3078,-62.9075,-62.4904,-62.0578,-61.6131,-61.1617,-60.7129,-60.2821,-59.8927,-59.5804,-59.3952,-59.4027
2.42,-66.871,-67.1615,-67.4119,-67.5873,-67.6878,-67.7228,-67.7034,-67.6395,-67.5394,-67.4097,-67.2555,-67.0807,-66.8877,-66.6787,-66.4546,-66.2161,-65.9635,-65.6968,-65.4156,-65.1196,-64.8082,-64.4809,-64.1371,-63.7763,-63.3982,-63.003,-62.5912,-62.1646,-61.7263,-61.2819,-60.8408,-60.4182,-60.0376,-59.7339,-59.5562,-59.5679
2.425,-66.906,-67.196,-67.4461,-67.6217,-67.7227,-67.7586,-67.7404,-67.678,-67.5796,-67.4518,-67.2997,-67.127,-66.9364,-66.7298,-66.5083,-66.2726,-66.0229,-65.7591,-65.4812,-65.1886,-64.8808,-64.5572,-64.2174,-63.861,-63.4875,-63.0973,-62.6909,-62.2701,-61.8381,-61.4005,-60.9669,-60.5524,-60.1803,-59.8851,-59.7146,-59.7304
2.43,-66.9407,-67.2301,-67.48,-67.6557,-67.7572,-67.7941,-67.7771,-67.7162,-67.6195,-67.4935,-67.3434,-67.1729,-66.9846,-66.7804,-66.5614,-66.3284,-66.0815,-65.8208,-65.546,-65.2567,-64.9524,-64.6327,-64.2969,-63.9447,-63.5758,-63.1904,-62.7893,-62.3742,-61.9484,-61.5176,-61.0913,-60.6847,-60.3209,-60.0338,-59.8704,-59.8902
2.435,-66.975,-67.2639,-67.5135,-67.6894,-67.7914,-67.8292,-67.8134,-67.7539,-67.6589,-67.5348,-67.3867,-67.2183,-67.0322,-66.8304,-66.614,-66.3836,-66.1395,-65.8817,-65.6101,-65.3241,-65.0233,-64.7073,-64.3754,-64.0274,-63.663,-63.2825,-62.8866,-62.4771,-62.0574,-61.6332,-61.2141,-60.8152,-60.4594,-60.1804,-60.0238,-60.0473
2.44,-67.009,-67.2974,-67.5468,-67.7227,-67.8253,-67.864,-67.8494,-67.7913,-67.6979,-67.5756,-67.4295,-67.2632,-67.0794,-66.8799,-66.6659,-66.4382,-66.1969,-65.942,-65.6734,-65.3907,-65.0934,-64.781,-64.453,-64.1092,-63.7492,-63.3734,-62.9826,-62.5787,-62.165,-61.7473,-61.3352,-60.9438,-60.596,-60.3247,-60.1747,-60.2018
2.445,-67.0427,-67.3306,-67.5797,-67.7558,-67.8589,-67.8984,-67.885,-67.8283,-67.7365,-67.616,-67.4718,-67.3076,-67.126,-66.9288,-66.7173,-66.4922,-66.2536,-66.0016,-65.7361,-65.4566,-65.1627,-64.8539,-64.5298,-64.19,-63.8344,-63.4633,-63.0775,-62.679,-62.2712,-61.8599,-61.4548,-61.0708,-60.7306,-60.4669,-60.3233,-60.3539
2.45,-67.076,-67.3634,-67.6124,-67.7886,-67.8922,-67.9325,-67.9202,-67.865,-67.7747,-67.656,-67.5137,-67.3515,-67.1721,-66.9773,-66.7682,-66.5456,-66.3097,-66.0606,-65.798,-65.5217,-65.2311,-64.9259,-64.6056,-64.2699,-63.9186,-63.5521,-63.1713,-62.7782,-62.3761,-61.9711,-61.5727,-61.196,-60.8633,-60.6069,-60.4695,-60.5035
2.455,-67.1091,-67.396,-67.6447,-67.821,-67.9251,-67.9663,-67.9551,-67.9012,-67.8126,-67.6956,-67.5552,-67.395,-67.2177,-67.0251,-66.8185,-66.5984,-66.3652,-66.1188,-65.8593,-65.5861,-65.2988,-64.9971,-64.6806,-64.3488,-64.0018,-63.6399,-63.264,-62.8761,-62.4797,-62.0809,-61.6892,-61.3195,-60.9942,-60.7449,-60.6136,-60.6507
2.46,-67.1418,-67.4283,-67.6768,-67.8532,-67.9578,-67.9998,-67.9897,-67.9371,-67.85,-67.7348,-67.5962,-67.438,-67.2629,-67.0725,-66.8682,-66.6506,-66.42,-66.1765,-65.9198,-65.6497,-65.3658,-65.0676,-64.7547,-64.4269,-64.084,-63.7266,-63.3555,-62.9728,-62.5821,-62.1893,-61.8041,-61.4414,-61.1232,-60.8809,-60.7554,-60.7957
2.465,-67.1742,-67.4602,-67.7085,-67.8851,-67.9901,-68.0329,-68.0239,-67.9727,-67.8871,-67.7735,-67.6368,-67.4806,-67.3075,-67.1194,-66.9174,-66.7023,-66.4743,-66.2335,-65.9797,-65.7127,-65.432,-65.1372,-64.8279,-64.504,-64.1653,-63.8123,-63.446,-63.0684,-62.6832,-62.2964,-61.9176,-61.5616,-61.2505,-61.015,-60.8951,-60.9383
2.47,-67.2062,-67.4919,-67.7399,-67.9166,-68.0222,-68.0657,-68.0578,-68.0079,-67.9238,-67.8119,-67.677,-67.5227,-67.3517,-67.1658,-66.9661,-66.7534,-66.5279,-66.2898,-66.0389,-65.7749,-65.4974,-65.206,-64.9004,-64.5803,-64.2457,-63.897,-63.5354,-63.1628,-62.783,-62.4021,-62.0296,-61.6803,-61.376,-61.1471,-61.0326,-61.0788
2.475,-67.238,-67.5232,-67.7711,-67.9479,-68.0539,-68.0982,-68.0914,-68.0427,-67.9601,-67.8499,-67.7168,-67.5644,-67.3954,-67.2116,-67.0142,-66.8039,-66.581,-66.3456,-66.0975,-65.8365,-65.5621,-65.2741,-64.972,-64.6556,-64.3251,-63.9807,-63.6237,-63.2561,-62.8817,-62.5065,-62.1401,-61.7974,-61.4998,-61.2773,-61.1682,-61.217
2.48,-67.2695,-67.5543,-67.802,-67.9789,-68.0853,-68.1304,-68.1246,-68.0772,-67.9961,-67.8875,-67.7561,-67.6056,-67.4387,-67.257,-67.0618,-66.8539,-66.6335,-66.4007,-66.1554,-65.8973,-65.6261,-65.3414,-65.0428,-64.7302,-64.4036,-64.0635,-63.711,-63.3483,-62.9791,-62.6096,-62.2493,-61.9129,-61.6219,-61.4057,-61.3017,-61.3532
2.485,-67.3006,-67.585,-67.8326,-68.0096,-68.1165,-68.1623,-68.1575,-68.1114,-68.0317,-67.9247,-67.7951,-67.6465,-67.4815,-67.3019,-67.1089,-66.9033,-66.6854,-66.4552,-66.2127,-65.9575,-65.6894,-65.4079,-65.1128,-64.8038,-64.4812,-64.1452,-63.7973,-63.4394,-63.0754,-62.7114,-62.3571,-62.027,-61.7423,-61.5322,-61.4332,-61.4873
2.49,-67.3314,-67.6155,-67.8629,-68.04,-68.1473,-68.1939,-68.1901,-68.1452,-68.067,-67.9615,-67.8336,-67.6868,-67.5238,-67.3463,-67.1555,-66.9523,-66.7368,-66.5092,-66.2693,-66.017,-65.7519,-65.4736,-65.1819,-64.8766,-64.5579,-64.2261,-63.8825,-63.5294,-63.1705,-62.812,-62.4635,-62.1396,-61.8612,-61.657,-61.5629,-61.6194
2.495,-67.362,-67.6457,-67.8929,-68.0702,-68.1779,-68.2252,-68.2224,-68.1787,-68.1019,-67.9979,-67.8717,-67.7268,-67.5657,-67.3902,-67.2017,-67.0006,-66.7876,-66.5625,-66.3253,-66.0759,-65.8138,-65.5387,-65.2504,-64.9486,-64.6337,-64.306,-63.9668,-63.6183,-63.2645,-62.9114,-62.5686,-62.2507,-61.9784,-61.7801,-61.6906,-61.7495
2.5,-67.3922,-67.6756,-67.9226,-68.1,-68.2082,-68.2562,-68.2544,-68.2119,-68.1364,-68.034,-67.9095,-67.7663,-67.6071,-67.4337,-67.2473,-67.0485,-66.8378,-66.6152,-66.3807,-66.1341,-65.8749,-65.603,-65.318,-65.0198,-64.7086,-64.3849,-64.0501,-63.7062,-63.3573,-63.0095,-62.6724,-62.3604,-62.0941,-61.9014,-61.8165,-61.8777
2.505,-67.4222,-67.7053,-67.9521,-68.1296,-68.2382,-68.2869,-68.286,-68.2447,-68.1706,-68.0697,-67.9469,-67.8055,-67.6482,-67.4767,-67.2924,-67.0958,-66.8875,-66.6674,-66.4355,-66.1916,-65.9354,-65.6666,-65.3849,-65.0902,-64.7827,-64.463,-64.1324,-63.7931,-63.4491,-63.1065,-62.7749,-62.4687,-62.2083,-62.0211,-61.9406,-62.0039
2.51,-67.4518,-67.7346,-67.9813,-68.1589,-68.2679,-68.3173,-68.3174,-68.2772,-68.2045,-68.1051,-67.9838,-67.8442,-67.6887,-67.5193,-67.337,-67.1427,-66.9366,-66.719,-66.4897,-66.2485,-65.9952,-65.7294,-65.451,-65.1598,-64.8559,-64.5402,-64.2137,-63.8789,-63.5397,-63.2022,-62.8761,-62.5756,-62.3209,-62.1391,-62.063,-62.1284
2.515,-67.4812,-67.7637,-68.0102,-68.1879,-68.2973,-68.3475,-68.3485,-68.3094,-68.238,-68.1401,-68.0204,-67.8825,-67.7289,-67.5614,-67.3812,-67.189,-66.9853,-66.7701,-66.5433,-66.3048,-66.0544,-65.7916,-65.5163,-65.2285,-64.9284,-64.6164,-64.2941,-63.9638,-63.6293,-63.2969,-62.9761,-62.6812,-62.4321,-62.2555,-62.1835,-62.251
2.52,-67.5103,-67.7925,-68.0389,-68.2167,-68.3265,-68.3773,-68.3792,-68.3413,-68.2712,-68.1747,-68.0567,-67.9205,-67.7687,-67.6031,-67.4249,-67.2348,-67.0334,-66.8205,-66.5963,-66.3605,-66.1128,-65.8531,-65.581,-65.2965,-64.9999,-64.6918,-64.3736,-64.0476,-63.7178,-63.3904,-63.0749,-62.7854,-62.5418,-62.3703,-62.3024,-62.3718
2.525,-67.539,-67.821,-68.0672,-68.2452,-68.3554,-68.4069,-68.4097,-68.3729,-68.304,-68.209,-68.0925,-67.958,-67.808,-67.6443,-67.4681,-67.2802,-67.0809,-66.8705,-66.6487,-66.4156,-66.1707,-65.9139,-65.6449,-65.3638,-65.0707,-64.7664,-64.4522,-64.1305,-63.8052,-63.4827,-63.1724,-62.8883,-62.6501,-62.4836,-62.4196,-62.4908
2.53,-67.5675,-67.8492,-68.0954,-68.2735,-68.3841,-68.4362,-68.4399,-68.4042,-68.3366,-68.243,-68.128,-67.9952,-67.8469,-67.6851,-67.5109,-67.3251,-67.128,-66.9199,-66.7006,-66.47,-66.2279,-65.974,-65.7081,-65.4302,-65.1407,-64.8401,-64.5298,-64.2124,-63.8917,-63.574,-63.2687,-62.9899,-62.7569,-62.5953,-62.5352,-62.6082
2.535,-67.5958,-67.8772,-68.1232,-68.3015,-68.4124,-68.4652,-68.4698,-68.4352,-68.3688,-68.2766,-68.1632,-68.0319,-67.8854,-67.7254,-67.5532,-67.3694,-67.1746,-66.9687,-66.7519,-66.5238,-66.2844,-66.0334,-65.7706,-65.496,-65.2099,-64.9129,-64.6066,-64.2933,-63.9771,-63.6641,-63.3639,-63.0902,-62.8624,-62.7055,-62.6491,-62.7238
2.54,-67.6237,-67.9049,-68.1508,-68.3292,-68.4405,-68.4939,-68.4994,-68.4658,-68.4007,-68.3099,-68.198,-68.0683,-67.9235,-67.7654,-67.5951,-67.4133,-67.2206,-67.017,-66.8026,-66.5771,-66.3404,-66.0922,-65.8324,-65.561,-65.2782,-64.9849,-64.6825,-64.3733,-64.0615,-63.7532,-63.4579,-63.1893,-62.9665,-62.8143,-62.7615,-62.8378
2.545,-67.6514,-67.9324,-68.1782,-68.3567,-68.4684,-68.5224,-68.5287,-68.4962,-68.4323,-68.3428,-68.2324,-68.1043,-67.9613,-67.8049,-67.6365,-67.4568,-67.2662,-67.0648,-66.8528,-66.6298,-66.3957,-66.1503,-65.8935,-65.6252,-65.3459,-65.0561,-64.7575,-64.4524,-64.1449,-63.8412,-63.5508,-63.2871,-63.0693,-62.9216,-62.8722,-62.9502
2.55,-67.6787,-67.9596,-68.2053,-68.3839,-68.496,-68.5506,-68.5578,-68.5263,-68.4636,-68.3755,-68.2665,-68.14,-67.9986,-67.844,-67.6775,-67.4998,-67.3113,-67.1121,-66.9024,-66.6819,-66.4504,-66.2078,-65.9539,-65.6888,-65.4127,-65.1265,-64.8316,-64.5306,-64.2274,-63.9282,-63.6425,-63.3838,-63.1707,-63.0274,-62.9815,-63.061
2.555,-67.7058,-67.9865,-68.2321,-68.4109,-68.5233,-68.5786,-68.5866,-68.5561,-68.4946,-68.4078,-68.3002,-68.1753,-68.0356,-67.8827,-67.7181,-67.5423,-67.3559,-67.1589,-66.9515,-66.7334,-66.5045,-66.2646,-66.0137,-65.7516,-65.4788,-65.1961,-64.905,-64.6079,-64.3088,-64.0142,-63.7331,-63.4792,-63.2709,-63.1319,-63.0893,-63.1702
2.56,-67.7327,-68.0132,-68.2587,-68.4376,-68.5504,-68.6063,-68.6151,-68.5856,-68.5253,-68.4398,-68.3336,-68.2102,-68.0721,-67.921,-67.7582,-67.5844,-67.4,-67.2052,-67,-66.7844,-66.5581,-66.3209,-66.0727,-65.8137,-65.5442,-65.2649,-64.9774,-64.6842,-64.3894,-64.0991,-63.8227,-63.5734,-63.3697,-63.2349,-63.1955,-63.2779
2.565,-67.7593,-68.0396,-68.2851,-68.4641,-68.5773,-68.6337,-68.6433,-68.6149,-68.5556,-68.4714,-68.3667,-68.2448,-68.1083,-67.959,-67.7979,-67.626,-67.4436,-67.251,-67.0481,-66.8348,-66.611,-66.3765,-66.1312,-65.8752,-65.6088,-65.333,-65.0491,-64.7597,-64.469,-64.183,-63.9111,-63.6665,-63.4673,-63.3366,-63.3003,-63.384
2.57,-67.7856,-68.0658,-68.3112,-68.4903,-68.6039,-68.6609,-68.6713,-68.6438,-68.5857,-68.5028,-68.3994,-68.2791,-68.1442,-67.9965,-67.8372,-67.6672,-67.4868,-67.2963,-67.0956,-66.8847,-66.6633,-66.4315,-66.189,-65.9359,-65.6727,-65.4002,-65.1199,-64.8344,-64.5476,-64.2659,-63.9985,-63.7584,-63.5637,-63.437,-63.4037,-63.4887
2.575,-67.8116,-68.0917,-68.3371,-68.5163,-68.6302,-68.6878,-68.699,-68.6725,-68.6155,-68.5338,-68.4319,-68.313,-68.1796,-68.0336,-67.8761,-67.708,-67.5295,-67.3411,-67.1426,-66.934,-66.7151,-66.4858,-66.2461,-65.996,-65.7359,-65.4667,-65.1899,-64.9081,-64.6254,-64.3479,-64.0848,-63.8492,-63.6588,-63.536,-63.5057,-63.5919
2.58,-67.8374,-68.1174,-68.3627,-68.542,-68.6563,-68.7145,-68.7264,-68.7009,-68.645,-68.5646,-68.464,-68.3465,-68.2147,-68.0704,-67.9146,-67.7483,-67.5718,-67.3854,-67.1891,-66.9828,-66.7663,-66.5396,-66.3026,-66.0554,-65.7984,-65.5325,-65.2592,-64.9811,-64.7023,-64.4289,-64.1701,-63.9389,-63.7527,-63.6337,-63.6063,-63.6937
2.585,-67.8629,-68.1428,-68.3881,-68.5676,-68.6822,-68.7409,-68.7536,-68.729,-68.6743,-68.595,-68.4957,-68.3797,-68.2495,-68.1067,-67.9527,-67.7882,-67.6137,-67.4293,-67.2351,-67.0311,-66.817,-66.5928,-66.3585,-66.1142,-65.8602,-65.5975,-65.3276,-65.0532,-64.7782,-64.5089,-64.2544,-64.0274,-63.8455,-63.7302,-63.7055,-63.7941
2.59,-67.8882,-68.168,-68.4132,-68.5928,-68.7078,-68.7671,-68.7806,-68.7569,-68.7032,-68.6252,-68.5272,-68.4126,-68.2839,-68.1427,-67.9904,-67.8277,-67.655,-67.4727,-67.2806,-67.0788,-66.8671,-66.6455,-66.4138,-66.1723,-65.9213,-65.6618,-65.3953,-65.1245,-64.8533,-64.588,-64.3376,-64.1149,-63.937,-63.8254,-63.8034,-63.8931
2.595,-67.9132,-68.1929,-68.4381,-68.6179,-68.7332,-68.7931,-68.8073,-68.7845,-68.7319,-68.655,-68.5584,-68.4452,-68.3179,-68.1784,-68.0277,-67.8668,-67.696,-67.5156,-67.3256,-67.126,-66.9167,-66.6975,-66.4685,-66.2297,-65.9817,-65.7253,-65.4622,-65.1949,-64.9275,-64.6662,-64.4199,-64.2013,-64.0274,-63.9193,-63.8999,-63.9907
2.6,-67.938,-68.2176,-68.4628,-68.6427,-68.7584,-68.8188,-68.8337,-68.8119,-68.7603,-68.6846,-68.5892,-68.4774,-68.3516,-68.2136,-68.0647,-67.9055,-67.7365,-67.5581,-67.3702,-67.1728,-66.9657,-66.749,-66.5225,-66.2865,-66.0414,-65.7882,-65.5284,-65.2646,-65.0009,-64.7435,-64.5012,-64.2867,-64.1167,-64.012,-63.9952,-64.087
2.605,-67.9625,-68.2421,-68.4873,-68.6673,-68.7833,-68.8443,-68.8599,-68.839,-68.7884,-68.7139,-68.6198,-68.5093,-68.385,-68.2486,-68.1012,-67.9437,-67.7766,-67.6001,-67.4143,-67.219,-67.0142,-66.7999,-66.576,-66.3427,-66.1005,-65.8503,-65.5938,-65.3334,-65.0734,-64.8198,-64.5815,-64.371,-64.2048,-64.1035,-64.0892,-64.1819
2.61,-67.9868,-68.2663,-68.5115,-68.6917,-68.808,-68.8695,-68.8859,-68.8658,-68.8163,-68.7429,-68.65,-68.5409,-68.418,-68.2831,-68.1374,-67.9816,-67.8163,-67.6417,-67.4578,-67.2647,-67.0622,-66.8503,-66.6289,-66.3983,-66.159,-65.9118,-65.6584,-65.4015,-65.1451,-64.8953,-64.6609,-64.4542,-64.2918,-64.1939,-64.1819,-64.2756
2.615,-68.0108,-68.2903,-68.5355,-68.7159,-68.8325,-68.8945,-68.9116,-68.8924,-68.8439,-68.7716,-68.68,-68.5722,-68.4507,-68.3173,-68.1732,-68.0191,-67.8556,-67.6829,-67.501,-67.31,-67.1097,-66.9001,-66.6812,-66.4533,-66.2167,-65.9726,-65.7224,-65.4688,-65.216,-64.9699,-64.7393,-64.5365,-64.3778,-64.283,-64.2734,-64.368
2.62,-68.0346,-68.3141,-68.5593,-68.7398,-68.8568,-68.9193,-68.9371,-68.9187,-68.8712,-68.8,-68.7096,-68.6032,-68.4831,-68.3512,-68.2086,-68.0562,-67.8945,-67.7236,-67.5437,-67.3547,-67.1566,-66.9494,-66.733,-66.5076,-66.2739,-66.0327,-65.7856,-65.5354,-65.286,-65.0436,-64.8168,-64.6178,-64.4626,-64.371,-64.3636,-64.4591
2.625,-68.0581,-68.3376,-68.5828,-68.7635,-68.8809,-68.9439,-68.9624,-68.9448,-68.8983,-68.8282,-68.739,-68.6338,-68.5152,-68.3847,-68.2437,-68.0929,-67.9329,-67.7639,-67.5859,-67.399,-67.2031,-66.9981,-66.7841,-66.5614,-66.3304,-66.0921,-65.8481,-65.6012,-65.3553,-65.1164,-64.8933,-64.698,-64.5464,-64.4579,-64.4527,-64.549
2.63,-68.0814,-68.3609,-68.6062,-68.787,-68.9047,-68.9682,-68.9874,-68.9707,-68.9251,-68.8561,-68.7681,-68.6642,-68.5469,-68.4179,-68.2784,-68.1293,-67.971,-67.8037,-67.6277,-67.4428,-67.249,-67.0463,-66.8348,-66.6146,-66.3863,-66.1508,-65.9099,-65.6662,-65.4237,-65.1884,-64.969,-64.7773,-64.6292,-64.5436,-64.5406,-64.6376
2.635,-68.1045,-68.384,-68.6293,-68.8103,-68.9283,-68.9924,-69.0122,-68.9963,-68.9517,-68.8838,-68.7969,-68.6943,-68.5783,-68.4508,-68.3128,-68.1653,-68.0086,-67.8432,-67.669,-67.4861,-67.2945,-67.094,-66.8849,-66.6672,-66.4416,-66.209,-65.9711,-65.7305,-65.4914,-65.2596,-65.0438,-64.8557,-64.7109,-64.6282,-64.6273,-64.7251
2.64,-68.1273,-68.4069,-68.6522,-68.8334,-68.9517,-69.0163,-69.0368,-69.0217,-68.978,-68.9111,-68.8254,-68.7241,-68.6094,-68.4833,-68.3468,-68.2009,-68.0459,-67.8822,-67.7099,-67.529,-67.3395,-67.1412,-66.9344,-66.7192,-66.4962,-66.2664,-66.0315,-65.7941,-65.5583,-65.33,-65.1176,-64.933,-64.7916,-64.7118,-64.7129,-64.8114
2.645,-68.1499,-68.4295,-68.6749,-68.8562,-68.9749,-69.0399,-69.0611,-69.0468,-69.0041,-68.9383,-68.8537,-68.7535,-68.6402,-68.5155,-68.3805,-68.2361,-68.0828,-67.9209,-67.7504,-67.5715,-67.384,-67.1879,-66.9834,-66.7707,-66.5503,-66.3233,-66.0913,-65.857,-65.6244,-65.3995,-65.1906,-65.0095,-64.8713,-64.7943,-64.7973,-64.8965
2.65,-68.1723,-68.4519,-68.6974,-68.8789,-68.9979,-69.0634,-69.0852,-69.0717,-69.0299,-68.9651,-68.8817,-68.7828,-68.6707,-68.5474,-68.4138,-68.271,-68.1193,-67.9591,-67.7905,-67.6134,-67.428,-67.2341,-67.0319,-66.8216,-66.6038,-66.3795,-66.1504,-65.9192,-65.6898,-65.4682,-65.2628,-65.085,-64.95,-64.8757,-64.8806,-64.9805
2.655,-68.1944,-68.4741,-68.7197,-68.9013,-69.0206,-69.0867,-69.1091,-69.0964,-69.0555,-68.9917,-68.9094,-68.8117,-68.7009,-68.5789,-68.4469,-68.3055,-68.1555,-67.997,-67.8301,-67.655,-67.4715,-67.2798,-67.0798,-66.8719,-66.6566,-66.4351,-66.2088,-65.9806,-65.7545,-65.5362,-65.3341,-65.1596,-65.0277,-64.956,-64.9628,-65.0634
2.66,-68.2163,-68.4961,-68.7417,-68.9236,-69.0432,-69.1097,-69.1328,-69.1209,-69.0808,-69.0181,-68.9369,-68.8403,-68.7309,-68.6102,-68.4795,-68.3397,-68.1913,-68.0344,-67.8694,-67.6961,-67.5146,-67.325,-67.1272,-66.9217,-66.709,-66.49,-66.2666,-66.0414,-65.8184,-65.6033,-65.4045,-65.2333,-65.1044,-65.0354,-65.044,-65.1451
2.665,-68.238,-68.5179,-68.7636,-68.9456,-69.0656,-69.1326,-69.1563,-69.1451,-69.106,-69.0442,-68.9641,-68.8687,-68.7605,-68.6411,-68.5119,-68.3736,-68.2267,-68.0715,-67.9082,-67.7368,-67.5573,-67.3697,-67.1742,-66.971,-66.7607,-66.5444,-66.3238,-66.1015,-65.8815,-65.6697,-65.4741,-65.3061,-65.1802,-65.1137,-65.1241,-65.2258
2.67,-68.2595,-68.5395,-68.7852,-68.9675,-69.0877,-69.1552,-69.1796,-69.1692,-69.1309,-69.0701,-68.991,-68.8968,-68.7898,-68.6718,-68.5439,-68.4071,-68.2617,-68.1082,-67.9466,-67.777,-67.5995,-67.4139,-67.2206,-67.0197,-66.8119,-66.5982,-66.3803,-66.1609,-65.944,-65.7353,-65.5429,-65.378,-65.2551,-65.191,-65.2031,-65.3054
2.675,-68.2807,-68.5608,-68.8067,-68.9891,-69.1097,-69.1777,-69.2026,-69.1929,-69.1555,-69.0957,-69.0177,-68.9246,-68.8188,-68.7021,-68.5756,-68.4402,-68.2964,-68.1445,-67.9846,-67.8169,-67.6412,-67.4577,-67.2665,-67.0679,-66.8625,-66.6514,-66.4362,-66.2197,-66.0058,-65.8001,-65.6109,-65.4491,-65.329,-65.2674,-65.2811,-65.3839
2.68,-68.3017,-68.582,-68.828,-69.0106,-69.1315,-69.1999,-69.2255,-69.2165,-69.18,-69.1211,-69.0441,-68.9522,-68.8476,-68.7322,-68.607,-68.4731,-68.3307,-68.1804,-68.0223,-67.8563,-67.6825,-67.501,-67.3119,-67.1156,-66.9126,-66.704,-66.4915,-66.2778,-66.0668,-65.8642,-65.6781,-65.5193,-65.402,-65.3428,-65.3581,-65.4614
2.685,-68.3225,-68.6029,-68.849,-69.0318,-69.1531,-69.2219,-69.2481,-69.2399,-69.2042,-69.1462,-69.0703,-68.9795,-68.8761,-68.7619,-68.6381,-68.5056,-68.3647,-68.216,-68.0595,-67.8953,-67.7234,-67.5439,-67.3569,-67.1627,-66.9621,-66.756,-66.5462,-66.3352,-66.1272,-65.9276,-65.7445,-65.5887,-65.4741,-65.4172,-65.4341,-65.5379
2.69,-68.3431,-68.6237,-68.8699,-69.0529,-69.1744,-69.2438,-69.2705,-69.2631,-69.2282,-69.1712,-69.0962,-69.0065,-68.9043,-68.7914,-68.6689,-68.5377,-68.3984,-68.2512,-68.0964,-67.9339,-67.7638,-67.5863,-67.4014,-67.2094,-67.0111,-66.8074,-66.6002,-66.3921,-66.1868,-65.9902,-65.8101,-65.6572,-65.5454,-65.4906,-65.509,-65.6133
2.695,-68.3635,-68.6442,-68.8905,-69.0737,-69.1956,-69.2654,-69.2928,-69.286,-69.2519,-69.1959,-69.1219,-69.0333,-68.9322,-68.8205,-68.6994,-68.5696,-68.4317,-68.2861,-68.1328,-67.9721,-67.8039,-67.6282,-67.4453,-67.2556,-67.0595,-66.8583,-66.6537,-66.4482,-66.2458,-66.0521,-65.8749,-65.7249,-65.6157,-65.5632,-65.5831,-65.6878
2.7,-68.3837,-68.6645,-68.911,-69.0944,-69.2166,-69.2869,-69.3148,-69.3088,-69.2755,-69.2203,-69.1474,-69.0598,-68.9599,-68.8494,-68.7296,-68.6011,-68.4647,-68.3206,-68.1689,-68.0099,-67.8435,-67.6697,-67.4889,-67.3012,-67.1075,-66.9087,-66.7066,-66.5038,-66.3042,-66.1133,-65.939,-65.7918,-65.6852,-65.6348,-65.6561,-65.7612
2.705,-68.4036,-68.6847,-68.9313,-69.1149,-69.2375,-69.3082,-69.3367,-69.3313,-69.2988,-69.2446,-69.1726,-69.0861,-68.9873,-68.878,-68.7594,-68.6324,-68.4973,-68.3547,-68.2047,-68.0473,-67.8827,-67.7108,-67.5319,-67.3464,-67.1549,-66.9585,-66.7589,-66.5587,-66.3619,-66.1738,-66.0024,-65.8579,-65.7538,-65.7055,-65.7282,-65.8338
2.71,-68.4234,-68.7046,-68.9514,-69.1352,-69.2581,-69.3292,-69.3583,-69.3536,-69.322,-69.2686,-69.1976,-69.1121,-69.0145,-68.9064,-68.789,-68.6633,-68.5297,-68.3885,-68.2401,-68.0843,-67.9214,-67.7515,-67.5746,-67.3911,-67.2018,-67.0077,-66.8106,-66.613,-66.4189,-66.2336,-66.065,-65.9232,-65.8216,-65.7754,-65.7994,-65.9053
2.715,-68.4429,-68.7244,-68.9713,-69.1553,-69.2785,-69.3501,-69.3798,-69.3758,-69.3449,-69.2924,-69.2223,-69.1379,-69.0414,-68.9344,-68.8183,-68.6939,-68.5617,-68.422,-68.2751,-68.121,-67.9598,-67.7917,-67.6167,-67.4354,-67.2482,-67.0565,-66.8618,-66.6668,-66.4753,-66.2928,-66.1269,-65.9878,-65.8886,-65.8443,-65.8697,-65.976
2.72,-68.4623,-68.7439,-68.991,-69.1753,-69.2988,-69.3708,-69.401,-69.3977,-69.3676,-69.3159,-69.2469,-69.1634,-69.068,-68.9622,-68.8474,-68.7242,-68.5934,-68.4551,-68.3097,-68.1573,-67.9978,-67.8315,-67.6584,-67.4791,-67.2941,-67.1047,-66.9124,-66.7199,-66.531,-66.3512,-66.188,-66.0515,-65.9547,-65.9124,-65.9391,-66.0457
2.725,-68.4814,-68.7633,-69.0106,-69.195,-69.3189,-69.3914,-69.4221,-69.4195,-69.3901,-69.3393,-69.2712,-69.1887,-69.0944,-68.9897,-68.8761,-68.7542,-68.6247,-68.4879,-68.344,-68.1932,-68.0354,-67.8709,-67.6997,-67.5224,-67.3396,-67.1523,-66.9624,-66.7724,-66.5862,-66.409,-66.2484,-66.1145,-66.02,-65.9796,-66.0076,-66.1145
2.73,-68.5004,-68.7825,-69.0299,-69.2146,-69.3388,-69.4117,-69.443,-69.441,-69.4124,-69.3625,-69.2952,-69.2138,-69.1205,-69.017,-68.9045,-68.784,-68.6558,-68.5204,-68.378,-68.2287,-68.0726,-67.9098,-67.7406,-67.5652,-67.3845,-67.1995,-67.0119,-66.8244,-66.6407,-66.4661,-66.3082,-66.1768,-66.0846,-66.046,-66.0751,-66.1824
2.735,-68.5191,-68.8015,-69.0491,-69.234,-69.3585,-69.4319,-69.4637,-69.4624,-69.4345,-69.3854,-69.3191,-69.2387,-69.1464,-69.044,-68.9327,-68.8134,-68.6865,-68.5526,-68.4116,-68.2639,-68.1095,-67.9484,-67.781,-67.6076,-67.429,-67.2461,-67.0609,-66.8758,-66.6946,-66.5226,-66.3672,-66.2383,-66.1483,-66.1116,-66.1419,-66.2494
2.74,-68.5377,-68.8203,-69.0681,-69.2533,-69.3781,-69.4519,-69.4843,-69.4836,-69.4565,-69.4082,-69.3427,-69.2633,-69.172,-69.0708,-68.9606,-68.8425,-68.717,-68.5844,-68.4449,-68.2987,-68.1459,-67.9866,-67.821,-67.6496,-67.4729,-67.2923,-67.1093,-66.9266,-66.7479,-66.5784,-66.4256,-66.2991,-66.2113,-66.1763,-66.2078,-66.3156
2.745,-68.5561,-68.8389,-69.0869,-69.2723,-69.3975,-69.4717,-69.5046,-69.5046,-69.4782,-69.4307,-69.3662,-69.2876,-69.1974,-69.0973,-68.9883,-68.8714,-68.7472,-68.6159,-68.4779,-68.3332,-68.182,-68.0244,-67.8606,-67.691,-67.5165,-67.3379,-67.1572,-66.9769,-66.8006,-66.6336,-66.4832,-66.3591,-66.2735,-66.2403,-66.2728,-66.3809
2.75,-68.5742,-68.8573,-69.1055,-69.2912,-69.4167,-69.4913,-69.5248,-69.5254,-69.4997,-69.453,-69.3894,-69.3118,-69.2226,-69.1235,-69.0157,-68.9,-68.777,-68.6471,-68.5105,-68.3673,-68.2177,-68.0618,-67.8997,-67.7321,-67.5595,-67.3831,-67.2046,-67.0266,-66.8527,-66.6882,-66.5403,-66.4185,-66.3349,-66.3034,-66.337,-66.4454
2.755,-68.5922,-68.8756,-69.124,-69.3099,-69.4358,-69.5108,-69.5448,-69.546,-69.521,-69.4752,-69.4124,-69.3357,-69.2476,-69.1495,-69.0428,-68.9283,-68.8066,-68.678,-68.5428,-68.4011,-68.253,-68.0988,-67.9385,-67.7727,-67.6021,-67.4278,-67.2515,-67.0757,-66.9042,-66.7421,-66.5966,-66.4771,-66.3956,-66.3658,-66.4005,-66.509
2.76,-68.61,-68.8936,-69.1423,-69.3285,-69.4546,-69.5301,-69.5646,-69.5664,-69.5422,-69.4971,-69.4352,-69.3595,-69.2723,-69.1753,-69.0697,-68.9564,-68.8359,-68.7086,-68.5748,-68.4345,-68.288,-68.1354,-67.9769,-67.8129,-67.6443,-67.472,-67.2979,-67.1244,-66.9552,-66.7955,-66.6523,-66.535,-66.4556,-66.4273,-66.4631,-66.5718
2.765,-68.6276,-68.9115,-69.1604,-69.3469,-69.4733,-69.5493,-69.5843,-69.5867,-69.5631,-69.5188,-69.4577,-69.383,-69.2967,-69.2008,-69.0963,-68.9841,-68.8649,-68.7389,-68.6064,-68.4676,-68.3227,-68.1716,-68.0148,-67.8527,-67.686,-67.5157,-67.3437,-67.1725,-67.0056,-66.8482,-66.7074,-66.5923,-66.5148,-66.4882,-66.5249,-66.6338
2.77,-68.645,-68.9292,-69.1784,-69.3651,-69.4919,-69.5682,-69.6038,-69.6068,-69.5839,-69.5404,-69.4801,-69.4062,-69.321,-69.2261,-69.1226,-69.0116,-68.8936,-68.7689,-68.6378,-68.5004,-68.3569,-68.2075,-68.0524,-67.8921,-67.7272,-67.559,-67.3891,-67.22,-67.0554,-66.9004,-66.7618,-66.6489,-66.5733,-66.5482,-66.5859,-66.6951
2.775,-68.6622,-68.9468,-69.1962,-69.3831,-69.5103,-69.587,-69.6231,-69.6267,-69.6045,-69.5617,-69.5023,-69.4293,-69.345,-69.2511,-69.1488,-69.0389,-68.922,-68.7986,-68.6688,-68.5329,-68.3909,-68.243,-68.0896,-67.931,-67.7681,-67.6018,-67.434,-67.2671,-67.1047,-66.9519,-66.8156,-66.7048,-66.6312,-66.6076,-66.6462,-66.7555
2.78,-68.6793,-68.9642,-69.2138,-69.401,-69.5285,-69.6057,-69.6422,-69.6465,-69.6249,-69.5829,-69.5243,-69.4522,-69.3688,-69.2759,-69.1746,-69.0659,-68.9502,-68.828,-68.6995,-68.565,-68.4245,-68.2782,-68.1264,-67.9696,-67.8085,-67.6442,-67.4784,-67.3136,-67.1535,-67.0029,-66.8688,-66.7601,-66.6883,-66.6662,-66.7057,-66.8152
2.785,-68.6962,-68.9814,-69.2312,-69.4187,-69.5466,-69.6242,-69.6612,-69.666,-69.6452,-69.6039,-69.5461,-69.4748,-69.3924,-69.3005,-69.2002,-69.0926,-68.9781,-68.8571,-68.73,-68.5968,-68.4577,-68.313,-68.1629,-68.0078,-67.8484,-67.6861,-67.5223,-67.3596,-67.2017,-67.0533,-66.9213,-66.8147,-66.7447,-66.7241,-66.7645,-66.8741
2.79,-68.7128,-68.9984,-69.2485,-69.4363,-69.5645,-69.6425,-69.68,-69.6854,-69.6652,-69.6247,-69.5677,-69.4973,-69.4158,-69.3248,-69.2256,-69.1191,-69.0057,-68.886,-68.7601,-68.6283,-68.4907,-68.3475,-68.1989,-68.0455,-67.888,-67.7275,-67.5658,-67.4052,-67.2493,-67.1031,-66.9733,-66.8687,-66.8005,-66.7812,-66.8225,-66.9323
2.795,-68.7293,-69.0152,-69.2656,-69.4537,-69.5822,-69.6606,-69.6987,-69.7047,-69.6851,-69.6453,-69.5891,-69.5196,-69.439,-69.349,-69.2508,-69.1453,-69.0331,-68.9145,-68.7899,-68.6595,-68.5233,-68.3815,-68.2346,-68.0829,-67.9272,-67.7686,-67.6087,-67.4502,-67.2965,-67.1524,-67.0247,-66.9221,-66.8556,-66.8377,-66.8798,-66.9898
2.8,-68.7457,-69.0319,-69.2826,-69.471,-69.5998,-69.6787,-69.7172,-69.7237,-69.7049,-69.6657,-69.6103,-69.5416,-69.4619,-69.3729,-69.2757,-69.1713,-69.0602,-68.9428,-68.8195,-68.6903,-68.5555,-68.4153,-68.2699,-68.1199,-67.9659,-67.8092,-67.6513,-67.4948,-67.3431,-67.2011,-67.0754,-66.9748,-66.91,-66.8935,-66.9364,-67.0465
2.805,-68.7618,-69.0485,-69.2994,-69.4881,-69.6173,-69.6965,-69.7355,-69.7426,-69.7244,-69.686,-69.6313,-69.5635,-69.4846,-69.3965,-69.3004,-69.197,-69.087,-68.9708,-68.8487,-68.7209,-68.5875,-68.4487,-68.3049,-68.1565,-68.0043,-67.8493,-67.6934,-67.5388,-67.3892,-67.2493,-67.1256,-67.0269,-66.9638,-66.9486,-66.9923,-67.1025
2.81,-68.7778,-69.0648,-69.3161,-69.505,-69.6346,-69.7142,-69.7537,-69.7614,-69.7438,-69.7061,-69.6522,-69.5851,-69.5072,-69.42,-69.3248,-69.2225,-69.1136,-68.9986,-68.8777,-68.7512,-68.6191,-68.4818,-68.3395,-68.1927,-68.0422,-67.8891,-67.735,-67.5824,-67.4348,-67.2969,-67.1753,-67.0784,-67.017,-67.003,-67.0475,-67.1579
2.815,-68.7937,-69.081,-69.3326,-69.5218,-69.6517,-69.7318,-69.7718,-69.78,-69.763,-69.726,-69.6728,-69.6066,-69.5295,-69.4433,-69.3491,-69.2477,-69.14,-69.0261,-68.9064,-68.7811,-68.6505,-68.5146,-68.3738,-68.2286,-68.0798,-67.9284,-67.7762,-67.6256,-67.4799,-67.3441,-67.2243,-67.1293,-67.0695,-67.0568,-67.102,-67.2125
2.82,-68.8093,-69.0971,-69.3489,-69.5385,-69.6687,-69.7492,-69.7896,-69.7984,-69.7821,-69.7457,-69.6933,-69.6279,-69.5517,-69.4663,-69.3731,-69.2728,-69.166,-69.0533,-68.9348,-68.8108,-68.6815,-68.547,-68.4077,-68.2641,-68.1169,-67.9673,-67.8169,-67.6682,-67.5246,-67.3906,-67.2729,-67.1796,-67.1214,-67.1099,-67.1559,-67.2664
2.825,-68.8248,-69.1129,-69.3651,-69.555,-69.6855,-69.7664,-69.8074,-69.8167,-69.8009,-69.7653,-69.7136,-69.649,-69.5736,-69.4892,-69.3969,-69.2976,-69.1919,-69.0803,-68.963,-68.8402,-68.7122,-68.5791,-68.4413,-68.2992,-68.1537,-68.0058,-67.8573,-67.7104,-67.5687,-67.4367,-67.3208,-67.2293,-67.1727,-67.1624,-67.2091,-67.3197
2.83,-68.8401,-69.1287,-69.3811,-69.5713,-69.7022,-69.7835,-69.825,-69.8348,-69.8197,-69.7847,-69.7338,-69.6699,-69.5954,-69.5118,-69.4204,-69.3221,-69.2175,-69.107,-68.9908,-68.8693,-68.7426,-68.6109,-68.4745,-68.334,-68.1901,-68.0439,-67.8972,-67.7522,-67.6124,-67.4823,-67.3682,-67.2785,-67.2233,-67.2142,-67.2616,-67.3723
2.835,-68.8553,-69.1442,-69.397,-69.5875,-69.7188,-69.8005,-69.8424,-69.8528,-69.8382,-69.8039,-69.7537,-69.6906,-69.6169,-69.5342,-69.4438,-69.3465,-69.2429,-69.1334,-69.0185,-68.8981,-68.7727,-68.6423,-68.5074,-68.3684,-68.2261,-68.0817,-67.9367,-67.7935,-67.6555,-67.5273,-67.4151,-67.3271,-67.2734,-67.2655,-67.3135,-67.4243
2.84,-68.8702,-69.1596,-69.4128,-69.6036,-69.7352,-69.8173,-69.8597,-69.8706,-69.8567,-69.823,-69.7735,-69.7112,-69.6383,-69.5564,-69.4669,-69.3706,-69.268,-69.1596,-69.0458,-68.9267,-68.8025,-68.6735,-68.54,-68.4025,-68.2618,-68.119,-67.9757,-67.8344,-67.6982,-67.5719,-67.4615,-67.3751,-67.3229,-67.3161,-67.3648,-67.4756
2.845,-68.8851,-69.1749,-69.4283,-69.6195,-69.7514,-69.834,-69.8768,-69.8883,-69.8749,-69.8419,-69.7931,-69.7315,-69.6594,-69.5785,-69.4899,-69.3945,-69.2929,-69.1856,-69.0729,-68.955,-68.832,-68.7044,-68.5723,-68.4363,-68.2971,-68.1559,-68.0144,-67.8748,-67.7405,-67.6159,-67.5073,-67.4226,-67.3718,-67.3661,-67.4154,-67.5263
2.85,-68.8997,-69.19,-69.4438,-69.6353,-69.7676,-69.8505,-69.8938,-69.9058,-69.893,-69.8606,-69.8125,-69.7517,-69.6804,-69.6003,-69.5126,-69.4181,-69.3176,-69.2113,-69.0997,-68.983,-68.8613,-68.7349,-68.6042,-68.4697,-68.332,-68.1925,-68.0526,-67.9148,-67.7823,-67.6595,-67.5526,-67.4695,-67.4201,-67.4155,-67.4655,-67.5764
2.855,-68.9142,-69.2049,-69.4591,-69.6509,-69.7836,-69.8669,-69.9106,-69.9231,-69.911,-69.8792,-69.8318,-69.7718,-69.7012,-69.622,-69.5351,-69.4416,-69.342,-69.2368,-69.1263,-69.0107,-68.8902,-68.7652,-68.6358,-68.5027,-68.3666,-68.2287,-68.0905,-67.9544,-67.8236,-67.7026,-67.5974,-67.5159,-67.4679,-67.4643,-67.5149,-67.6259
2.86,-68.9286,-69.2197,-69.4742,-69.6664,-69.7994,-69.8831,-69.9274,-69.9404,-69.9288,-69.8976,-69.8509,-69.7916,-69.7219,-69.6434,-69.5574,-69.4648,-69.3662,-69.262,-69.1526,-69.0382,-68.9189,-68.7951,-68.6671,-68.5354,-68.4009,-68.2645,-68.1279,-67.9936,-67.8645,-67.7453,-67.6417,-67.5618,-67.5151,-67.5126,-67.5637,-67.6748
2.865,-68.9428,-69.2344,-69.4892,-69.6817,-69.8151,-69.8992,-69.9439,-69.9575,-69.9464,-69.9159,-69.8699,-69.8113,-69.7423,-69.6647,-69.5796,-69.4879,-69.3902,-69.287,-69.1787,-69.0654,-68.9473,-68.8248,-68.6981,-68.5679,-68.4347,-68.2999,-68.165,-68.0323,-67.905,-67.7874,-67.6856,-67.6071,-67.5618,-67.5602,-67.612,-67.723
2.87,-68.9568,-69.2489,-69.5041,-69.6969,-69.8307,-69.9152,-69.9604,-69.9744,-69.9639,-69.934,-69.8887,-69.8308,-69.7626,-69.6857,-69.6015,-69.5107,-69.414,-69.3118,-69.2045,-69.0923,-68.9754,-68.8541,-68.7288,-68.5999,-68.4683,-68.335,-68.2017,-68.0706,-67.945,-67.8291,-67.7289,-67.652,-67.6079,-67.6073,-67.6596,-67.7707
2.875,-68.9707,-69.2632,-69.5188,-69.712,-69.8461,-69.9311,-69.9767,-69.9912,-69.9813,-69.952,-69.9073,-69.8501,-69.7827,-69.7066,-69.6232,-69.5333,-69.4375,-69.3364,-69.2301,-69.119,-69.0033,-68.8832,-68.7592,-68.6317,-68.5015,-68.3697,-68.238,-68.1086,-67.9846,-67.8704,-67.7717,-67.6963,-67.6535,-67.6539,-67.7067,-67.8178
2.88,-68.9844,-69.2775,-69.5334,-69.7269,-69.8614,-69.9468,-69.9928,-70.0079,-69.9985,-69.9698,-69.9258,-69.8693,-69.8026,-69.7273,-69.6447,-69.5557,-69.4609,-69.3607,-69.2555,-69.1454,-69.0309,-68.912,-68.7893,-68.6631,-68.5344,-68.4041,-68.2739,-68.1461,-68.0238,-67.9112,-67.8141,-67.7401,-67.6986,-67.6999,-67.7532,-67.8644
2.885,-68.998,-69.2915,-69.5479,-69.7418,-69.8766,-69.9624,-70.0088,-70.0244,-70.0156,-69.9875,-69.9441,-69.8883,-69.8223,-69.7478,-69.6661,-69.5779,-69.484,-69.3848,-69.2806,-69.1716,-69.0582,-68.9406,-68.8191,-68.6943,-68.5669,-68.4381,-68.3095,-68.1833,-68.0625,-67.9515,-67.856,-67.7834,-67.7431,-67.7453,-67.7992,-67.9104
2.89,-69.0114,-69.3055,-69.5622,-69.7564,-69.8917,-69.9778,-70.0247,-70.0408,-70.0325,-70.005,-69.9622,-69.9071,-69.8419,-69.7682,-69.6872,-69.5999,-69.5069,-69.4087,-69.3055,-69.1976,-69.0853,-68.9688,-68.8486,-68.7251,-68.5992,-68.4718,-68.3447,-68.22,-68.1009,-67.9914,-67.8974,-67.8263,-67.7872,-67.7903,-67.8446,-67.9558
2.895,-69.0247,-69.3192,-69.5764,-69.771,-69.9066,-69.9931,-70.0405,-70.057,-70.0493,-70.0224,-69.9803,-69.9258,-69.8613,-69.7884,-69.7082,-69.6218,-69.5297,-69.4323,-69.3301,-69.2233,-69.1121,-68.9968,-68.8778,-68.7556,-68.6311,-68.5051,-68.3795,-68.2564,-68.1388,-68.0309,-67.9384,-67.8686,-67.8307,-67.8347,-67.8895,-68.0007
2.9,-69.0379,-69.3329,-69.5904,-69.7854,-69.9214,-70.0083,-70.0561,-70.0732,-70.066,-70.0396,-69.9981,-69.9443,-69.8805,-69.8083,-69.729,-69.6434,-69.5522,-69.4558,-69.3545,-69.2488,-69.1387,-69.0245,-68.9068,-68.7859,-68.6626,-68.5381,-68.414,-68.2924,-68.1763,-68.07,-67.979,-67.9105,-67.8737,-67.8786,-67.9339,-68.0451
2.905,-69.0508,-69.3464,-69.6043,-69.7997,-69.936,-70.0234,-70.0716,-70.0891,-70.0825,-70.0567,-70.0158,-69.9627,-69.8996,-69.8282,-69.7496,-69.6648,-69.5745,-69.479,-69.3787,-69.274,-69.165,-69.052,-68.9354,-68.8158,-68.6939,-68.5708,-68.4481,-68.328,-68.2135,-68.1086,-68.019,-67.9519,-67.9163,-67.922,-67.9777,-68.0889
2.91,-69.0637,-69.3597,-69.6181,-69.8138,-69.9506,-70.0383,-70.087,-70.105,-70.0989,-70.0737,-70.0334,-69.9809,-69.9185,-69.8478,-69.77,-69.6861,-69.5966,-69.502,-69.4027,-69.299,-69.191,-69.0792,-68.9638,-68.8454,-68.7249,-68.6032,-68.4819,-68.3632,-68.2502,-68.1469,-68.0587,-67.9929,-67.9583,-67.9648,-68.0211,-68.1322
2.915,-69.0764,-69.373,-69.6318,-69.8279,-69.965,-70.0531,-70.1023,-70.1207,-70.1151,-70.0905,-70.0508,-69.999,-69.9373,-69.8673,-69.7903,-69.7071,-69.6185,-69.5248,-69.4265,-69.3237,-69.2169,-69.1061,-68.9919,-68.8748,-68.7555,-68.6352,-68.5153,-68.3981,-68.2866,-68.1847,-68.0979,-68.0334,-67.9999,-68.0072,-68.0639,-68.175
2.92,-69.089,-69.3861,-69.6453,-69.8418,-69.9793,-70.0678,-70.1174,-70.1363,-70.1312,-70.1072,-70.0681,-70.0169,-69.9559,-69.8866,-69.8104,-69.728,-69.6402,-69.5474,-69.45,-69.3483,-69.2424,-69.1328,-69.0198,-68.9039,-68.7859,-68.6669,-68.5484,-68.4327,-68.3225,-68.2221,-68.1367,-68.0734,-68.041,-68.0491,-68.1062,-68.2173
2.925,-69.1014,-69.399,-69.6587,-69.8556,-69.9934,-70.0824,-70.1324,-70.1518,-70.1472,-70.1237,-70.0852,-70.0347,-69.9743,-69.9058,-69.8303,-69.7487,-69.6617,-69.5698,-69.4734,-69.3726,-69.2678,-69.1592,-69.0473,-68.9326,-68.8159,-68.6982,-68.5812,-68.4668,-68.3581,-68.2591,-68.175,-68.113,-68.0816,-68.0905,-68.148,-68.2591
2.93,-69.1136,-69.4119,-69.6719,-69.8692,-70.0075,-70.0969,-70.1473,-70.1672,-70.1631,-70.1401,-70.1022,-70.0523,-69.9926,-69.9248,-69.85,-69.7692,-69.6831,-69.592,-69.4965,-69.3967,-69.2929,-69.1854,-69.0746,-68.9612,-68.8457,-68.7293,-68.6136,-68.5006,-68.3934,-68.2957,-68.213,-68.1522,-68.1218,-68.1315,-68.1894,-68.3004
2.935,-69.1258,-69.4246,-69.6851,-69.8827,-70.0214,-70.1112,-70.1621,-70.1824,-70.1788,-70.1564,-70.1191,-70.0698,-70.0107,-69.9436,-69.8696,-69.7896,-69.7042,-69.6141,-69.5194,-69.4205,-69.3177,-69.2113,-69.1017,-68.9894,-68.8751,-68.7601,-68.6457,-68.5341,-68.4282,-68.3319,-68.2505,-68.1909,-68.1616,-68.1719,-68.2302,-68.3413
2.94,-69.1378,-69.4371,-69.6981,-69.8962,-70.0352,-70.1254,-70.1767,-70.1975,-70.1944,-70.1726,-70.1358,-70.0871,-70.0287,-69.9623,-69.8889,-69.8097,-69.7252,-69.6359,-69.5421,-69.4442,-69.3424,-69.237,-69.1285,-69.0173,-68.9043,-68.7905,-68.6775,-68.5673,-68.4627,-68.3678,-68.2877,-68.2292,-68.2008,-68.212,-68.2706,-68.3816
2.945,-69.1497,-69.4496,-69.711,-69.9095,-70.0489,-70.1395,-70.1912,-70.2125,-70.2099,-70.1886,-70.1524,-70.1043,-70.0466,-69.9808,-69.9082,-69.8297,-69.746,-69.6575,-69.5646,-69.4676,-69.3668,-69.2625,-69.155,-69.045,-68.9332,-68.8207,-68.7089,-68.6001,-68.4969,-68.4033,-68.3244,-68.2671,-68.2397,-68.2515,-68.3106,-68.4215
2.95,-69.1614,-69.4619,-69.7237,-69.9226,-70.0625,-70.1535,-70.2056,-70.2274,-70.2253,-70.2045,-70.1688,-70.1214,-70.0642,-69.9991,-69.9272,-69.8495,-69.7666,-69.6789,-69.5869,-69.4908,-69.391,-69.2877,-69.1813,-69.0725,-68.9618,-68.8506,-68.7401,-68.6325,-68.5307,-68.4383,-68.3607,-68.3045,-68.2781,-68.2906,-68.35,-68.461
2.955,-69.173,-69.4741,-69.7364,-69.9357,-70.076,-70.1674,-70.2199,-70.2421,-70.2405,-70.2202,-70.1852,-70.1383,-70.0818,-70.0173,-69.9462,-69.8691,-69.787,-69.7001,-69.609,-69.5138,-69.415,-69.3127,-69.2074,-69.0996,-68.9902,-68.8801,-68.7709,-68.6646,-68.5641,-68.4731,-68.3967,-68.3416,-68.3161,-68.3293,-68.3891,-68.5
2.96,-69.1845,-69.4861,-69.7489,-69.9486,-70.0893,-70.1811,-70.2341,-70.2567,-70.2556,-70.2359,-70.2013,-70.1551,-70.0992,-70.0354,-69.9649,-69.8886,-69.8072,-69.7212,-69.6309,-69.5366,-69.4387,-69.3374,-69.2332,-69.1265,-69.0182,-68.9094,-68.8015,-68.6964,-68.5972,-68.5074,-68.4322,-68.3783,-68.3537,-68.3675,-68.4276,-68.5385
2.965,-69.1958,-69.498,-69.7613,-69.9615,-70.1025,-70.1947,-70.2482,-70.2712,-70.2706,-70.2514,-70.2174,-70.1717,-70.1164,-70.0533,-69.9835,-69.9079,-69.8273,-69.7421,-69.6526,-69.5592,-69.4622,-69.3619,-69.2587,-69.1532,-69.0461,-68.9384,-68.8317,-68.7279,-68.6299,-68.5414,-68.4674,-68.4145,-68.3908,-68.4053,-68.4658,-68.5766
2.97,-69.207,-69.5098,-69.7736,-69.9742,-70.1157,-70.2083,-70.2621,-70.2857,-70.2855,-70.2667,-70.2333,-70.1882,-70.1335,-70.071,-70.0019,-69.9271,-69.8472,-69.7627,-69.6741,-69.5816,-69.4856,-69.3862,-69.2841,-69.1796,-69.0736,-68.9671,-68.8616,-68.7591,-68.6624,-68.5751,-68.5022,-68.4504,-68.4276,-68.4427,-68.5035,-68.6143
2.975,-69.2181,-69.5215,-69.7858,-69.9868,-70.1287,-70.2217,-70.276,-70.2999,-70.3002,-70.282,-70.2491,-70.2046,-70.1505,-70.0886,-70.0202,-69.9461,-69.8669,-69.7832,-69.6954,-69.6038,-69.5087,-69.4103,-69.3091,-69.2057,-69.1008,-68.9955,-68.8912,-68.79,-68.6944,-68.6084,-68.5367,-68.4859,-68.4639,-68.4797,-68.5408,-68.6515
2.98,-69.229,-69.5331,-69.7978,-69.9993,-70.1416,-70.235,-70.2897,-70.3141,-70.3149,-70.2972,-70.2648,-70.2208,-70.1674,-70.1061,-70.0383,-69.9649,-69.8865,-69.8036,-69.7166,-69.6258,-69.5316,-69.4342,-69.334,-69.2316,-69.1279,-69.0237,-68.9206,-68.8205,-68.7262,-68.6413,-68.5708,-68.521,-68.4999,-68.5163,-68.5777,-68.6883
2.985,-69.2399,-69.5445,-69.8097,-70.0116,-70.1544,-70.2482,-70.3033,-70.3282,-70.3294,-70.3122,-70.2804,-70.2369,-70.1841,-70.1234,-70.0563,-69.9835,-69.9059,-69.8237,-69.7375,-69.6476,-69.5543,-69.4578,-69.3586,-69.2573,-69.1546,-69.0516,-68.9496,-68.8508,-68.7576,-68.6739,-68.6045,-68.5557,-68.5354,-68.5524,-68.6141,-68.7247
2.99,-69.2506,-69.5558,-69.8216,-70.0239,-70.167,-70.2613,-70.3168,-70.3421,-70.3438,-70.3271,-70.2958,-70.2529,-70.2006,-70.1406,-70.0741,-70.0021,-69.9251,-69.8437,-69.7583,-69.6692,-69.5768,-69.4812,-69.383,-69.2827,-69.1811,-69.0792,-68.9784,-68.8807,-68.7888,-68.7062,-68.6378,-68.59,-68.5706,-68.5882,-68.6501,-68.7607
2.995,-69.2611,-69.567,-69.8333,-70.036,-70.1796,-70.2743,-70.3302,-70.356,-70.3581,-70.3419,-70.3111,-70.2688,-70.217,-70.1577,-70.0918,-70.0204,-69.9441,-69.8635,-69.7789,-69.6907,-69.599,-69.5044,-69.4072,-69.3079,-69.2073,-69.1065,-69.0069,-68.9103,-68.8196,-68.7381,-68.6709,-68.624,-68.6054,-68.6235,-68.6858,-68.7963
3,-69.2716,-69.5781,-69.8449,-70.0481,-70.1921,-70.2872,-70.3435,-70.3697,-70.3723,-70.3566,-70.3263,-70.2845,-70.2333,-70.1746,-70.1093,-70.0386,-69.963,-69.8832,-69.7993,-69.7119,-69.6211,-69.5274,-69.4311,-69.3329,-69.2333,-69.1336,-69.0351,-68.9397,-68.8501,-68.7697,-68.7035,-68.6576,-68.6398,-68.6585,-68.721,-68.8315
3.005,-69.2819,-69.5891,-69.8563,-70.06,-70.2044,-70.2999,-70.3567,-70.3833,-70.3864,-70.3711,-70.3414,-70.3001,-70.2495,-70.1913,-70.1267,-70.0567,-69.9818,-69.9026,-69.8196,-69.7329,-69.643,-69.5502,-69.4549,-69.3576,-69.2591,-69.1604,-69.063,-68.9687,-68.8802,-68.801,-68.7359,-68.6909,-68.6738,-68.6931,-68.7559,-68.8663
3.01,-69.2921,-69.5999,-69.8677,-70.0719,-70.2167,-70.3126,-70.3698,-70.3969,-70.4004,-70.3856,-70.3563,-70.3156,-70.2656,-70.2079,-70.144,-70.0746,-70.0004,-69.9219,-69.8396,-69.7538,-69.6647,-69.5728,-69.4784,-69.3821,-69.2846,-69.187,-69.0907,-68.9975,-68.9101,-68.832,-68.7678,-68.7238,-68.7075,-68.7273,-68.7904,-68.9007
3.015,-69.3022,-69.6107,-69.879,-70.0836,-70.2288,-70.3252,-70.3828,-70.4103,-70.4142,-70.3999,-70.3711,-70.3309,-70.2815,-70.2244,-70.1611,-70.0923,-70.0188,-69.9411,-69.8595,-69.7745,-69.6862,-69.5952,-69.5017,-69.4063,-69.3099,-69.2133,-69.1181,-69.026,-68.9397,-68.8627,-68.7995,-68.7564,-68.7408,-68.7611,-68.8245,-68.9347
3.02,-69.3122,-69.6213,-69.8901,-70.0952,-70.2409,-70.3376,-70.3957,-70.4236,-70.428,-70.4141,-70.3859,-70.3462,-70.2973,-70.2408,-70.1781,-70.1099,-70.0371,-69.96,-69.8792,-69.795,-69.7076,-69.6174,-69.5248,-69.4304,-69.3349,-69.2394,-69.1452,-69.0542,-68.969,-68.893,-68.8308,-68.7886,-68.7738,-68.7946,-68.8582,-68.9684
3.025,-69.322,-69.6318,-69.9012,-70.1067,-70.2528,-70.35,-70.4085,-70.4368,-70.4417,-70.4283,-70.4005,-70.3613,-70.3129,-70.257,-70.1949,-70.1274,-70.0552,-69.9789,-69.8988,-69.8153,-69.7287,-69.6393,-69.5477,-69.4542,-69.3597,-69.2652,-69.1721,-69.0822,-68.998,-68.923,-68.8618,-68.8205,-68.8064,-68.8277,-68.8916,-69.0017
3.03,-69.3318,-69.6422,-69.9121,-70.1181,-70.2647,-70.3623,-70.4212,-70.4499,-70.4552,-70.4423,-70.415,-70.3763,-70.3285,-70.2731,-70.2116,-70.1447,-70.0732,-69.9975,-69.9182,-69.8354,-69.7496,-69.6611,-69.5703,-69.4778,-69.3843,-69.2908,-69.1987,-69.1098,-69.0267,-68.9528,-68.8925,-68.852,-68.8386,-68.8605,-68.9246,-69.0346
3.035,-69.3414,-69.6525,-69.9229,-70.1294,-70.2764,-70.3744,-70.4337,-70.4629,-70.4687,-70.4562,-70.4294,-70.3912,-70.3439,-70.2891,-70.2281,-70.1619,-70.091,-70.016,-69.9374,-69.8554,-69.7704,-69.6827,-69.5928,-69.5012,-69.4086,-69.3161,-69.225,-69.1372,-69.0551,-68.9822,-68.9229,-68.8832,-68.8705,-68.8929,-68.9572,-69.0672
3.04,-69.3509,-69.6626,-69.9337,-70.1406,-70.2881,-70.3865,-70.4462,-70.4758,-70.482,-70.47,-70.4436,-70.406,-70.3592,-70.305,-70.2446,-70.1789,-70.1087,-70.0344,-69.9564,-69.8752,-69.791,-69.7041,-69.6151,-69.5244,-69.4328,-69.3412,-69.2512,-69.1643,-69.0833,-69.0113,-68.953,-68.9141,-68.9021,-68.925,-68.9895,-69.0994
3.045,-69.3603,-69.6727,-69.9443,-70.1518,-70.2996,-70.3985,-70.4586,-70.4886,-70.4952,-70.4837,-70.4578,-70.4206,-70.3744,-70.3207,-70.2609,-70.1958,-70.1262,-70.0526,-69.9753,-69.8948,-69.8114,-69.7253,-69.6372,-69.5473,-69.4567,-69.3661,-69.277,-69.1912,-69.1111,-69.0402,-68.9827,-68.9447,-68.9334,-68.9567,-69.0214,-69.1312
3.05,-69.3695,-69.6827,-69.9548,-70.1628,-70.3111,-70.4104,-70.4709,-70.5013,-70.5084,-70.4972,-70.4718,-70.4352,-70.3894,-70.3363,-70.277,-70.2126,-70.1436,-70.0706,-69.9941,-69.9143,-69.8316,-69.7464,-69.659,-69.5701,-69.4803,-69.3907,-69.3026,-69.2178,-69.1387,-69.0687,-69.0122,-68.975,-68.9643,-68.9881,-69.053,-69.1628
3.055,-69.3787,-69.6925,-69.9652,-70.1737,-70.3225,-70.4221,-70.4831,-70.5139,-70.5214,-70.5107,-70.4858,-70.4496,-70.4044,-70.3518,-70.2931,-70.2292,-70.1608,-70.0885,-70.0127,-69.9336,-69.8517,-69.7672,-69.6807,-69.5927,-69.5038,-69.4151,-69.328,-69.2442,-69.1661,-69.097,-69.0414,-69.0049,-68.9949,-69.0191,-69.0843,-69.194
3.06,-69.3877,-69.7022,-69.9755,-70.1845,-70.3337,-70.4338,-70.4952,-70.5265,-70.5344,-70.5241,-70.4996,-70.4639,-70.4192,-70.3671,-70.309,-70.2457,-70.178,-70.1063,-70.0311,-69.9527,-69.8716,-69.7879,-69.7022,-69.615,-69.5271,-69.4393,-69.3531,-69.2703,-69.1931,-69.125,-69.0702,-69.0346,-69.0252,-69.0498,-69.1152,-69.2248
3.065,-69.3967,-69.7119,-69.9857,-70.1952,-70.3449,-70.4454,-70.5072,-70.5389,-70.5472,-70.5374,-70.5134,-70.4781,-70.4339,-70.3824,-70.3248,-70.2621,-70.1949,-70.1239,-70.0494,-69.9717,-69.8913,-69.8084,-69.7235,-69.6372,-69.5501,-69.4633,-69.378,-69.2961,-69.2199,-69.1527,-69.0988,-69.0639,-69.0551,-69.0802,-69.1458,-69.2553
3.07,-69.4055,-69.7214,-69.9958,-70.2058,-70.356,-70.4569,-70.5191,-70.5512,-70.56,-70.5506,-70.527,-70.4923,-70.4485,-70.3975,-70.3405,-70.2783,-70.2118,-70.1413,-70.0675,-69.9905,-69.9108,-69.8287,-69.7446,-69.6591,-69.5729,-69.487,-69.4027,-69.3217,-69.2465,-69.1801,-69.1271,-69.0929,-69.0848,-69.1103,-69.1761,-69.2855
3.075,-69.4142,-69.7308,-70.0058,-70.2163,-70.3669,-70.4684,-70.531,-70.5635,-70.5726,-70.5637,-70.5406,-70.5063,-70.463,-70.4125,-70.356,-70.2944,-70.2285,-70.1587,-70.0854,-70.0092,-69.9302,-69.8488,-69.7655,-69.6809,-69.5956,-69.5105,-69.4271,-69.3471,-69.2727,-69.2073,-69.1551,-69.1217,-69.1141,-69.1401,-69.2061,-69.3154
3.08,-69.4228,-69.7401,-70.0158,-70.2268,-70.3778,-70.4797,-70.5427,-70.5756,-70.5852,-70.5767,-70.554,-70.5202,-70.4774,-70.4274,-70.3714,-70.3104,-70.245,-70.1758,-70.1033,-70.0277,-69.9494,-69.8688,-69.7863,-69.7024,-69.618,-69.5338,-69.4513,-69.3722,-69.2988,-69.2342,-69.1828,-69.1501,-69.1432,-69.1696,-69.2357,-69.345
3.085,-69.4313,-69.7494,-70.0256,-70.2371,-70.3886,-70.4909,-70.5544,-70.5877,-70.5977,-70.5896,-70.5673,-70.534,-70.4917,-70.4422,-70.3867,-70.3262,-70.2615,-70.1929,-70.1209,-70.046,-69.9685,-69.8886,-69.8069,-69.7238,-69.6402,-69.5569,-69.4753,-69.3971,-69.3245,-69.2609,-69.2103,-69.1783,-69.1719,-69.1987,-69.265,-69.3742
3.09,-69.4397,-69.7585,-70.0353,-70.2473,-70.3993,-70.502,-70.5659,-70.5996,-70.61,-70.6024,-70.5806,-70.5476,-70.5058,-70.4568,-70.4019,-70.342,-70.2778,-70.2098,-70.1385,-70.0642,-69.9873,-69.9082,-69.8272,-69.745,-69.6622,-69.5798,-69.4991,-69.4217,-69.3501,-69.2872,-69.2374,-69.2062,-69.2004,-69.2276,-69.2941,-69.4032
3.095,-69.448,-69.7675,-70.0449,-70.2575,-70.41,-70.5131,-70.5774,-70.6115,-70.6223,-70.6151,-70.5937,-70.5612,-70.5199,-70.4714,-70.417,-70.3576,-70.2939,-70.2265,-70.1559,-70.0823,-70.0061,-69.9277,-69.8475,-69.766,-69.684,-69.6025,-69.5226,-69.4461,-69.3754,-69.3134,-69.2644,-69.2338,-69.2286,-69.2561,-69.3228,-69.4318
3.1,-69.4562,-69.7764,-70.0544,-70.2675,-70.4205,-70.5241,-70.5888,-70.6233,-70.6345,-70.6277,-70.6067,-70.5747,-70.5339,-70.4858,-70.4319,-70.3731,-70.31,-70.2432,-70.1731,-70.1002,-70.0247,-69.9469,-69.8675,-69.7868,-69.7057,-69.6249,-69.5459,-69.4703,-69.4004,-69.3392,-69.291,-69.2611,-69.2564,-69.2844,-69.3512,-69.4601
3.105,-69.4642,-69.7852,-70.0639,-70.2775,-70.4309,-70.5349,-70.6,-70.635,-70.6466,-70.6402,-70.6197,-70.5881,-70.5477,-70.5002,-70.4468,-70.3884,-70.3259,-70.2597,-70.1902,-70.1179,-70.0431,-69.9661,-69.8874,-69.8075,-69.7271,-69.6472,-69.569,-69.4943,-69.4252,-69.3649,-69.3174,-69.2882,-69.284,-69.3124,-69.3793,-69.4882
3.11,-69.4722,-69.7939,-70.0732,-70.2874,-70.4413,-70.5457,-70.6113,-70.6466,-70.6586,-70.6526,-70.6325,-70.6014,-70.5615,-70.5144,-70.4615,-70.4037,-70.3417,-70.276,-70.2072,-70.1355,-70.0613,-69.985,-69.907,-69.8279,-69.7483,-69.6693,-69.5919,-69.518,-69.4498,-69.3902,-69.3435,-69.315,-69.3114,-69.34,-69.4072,-69.516
3.115,-69.4801,-69.8025,-70.0824,-70.2971,-70.4515,-70.5564,-70.6224,-70.6581,-70.6706,-70.665,-70.6453,-70.6146,-70.5751,-70.5285,-70.4761,-70.4188,-70.3574,-70.2923,-70.224,-70.153,-70.0795,-70.0038,-69.9266,-69.8482,-69.7694,-69.6911,-69.6146,-69.5415,-69.4741,-69.4154,-69.3694,-69.3415,-69.3384,-69.3675,-69.4348,-69.5434
3.12,-69.4878,-69.8111,-70.0916,-70.3068,-70.4617,-70.5671,-70.6334,-70.6696,-70.6824,-70.6772,-70.658,-70.6277,-70.5886,-70.5425,-70.4906,-70.4338,-70.3729,-70.3084,-70.2407,-70.1703,-70.0974,-70.0225,-69.9459,-69.8683,-69.7903,-69.7128,-69.6371,-69.5648,-69.4982,-69.4403,-69.395,-69.3677,-69.3652,-69.3946,-69.462,-69.5706
3.125,-69.4955,-69.8195,-70.1006,-70.3164,-70.4718,-70.5776,-70.6444,-70.6809,-70.6942,-70.6894,-70.6705,-70.6407,-70.6021,-70.5564,-70.505,-70.4487,-70.3883,-70.3244,-70.2573,-70.1875,-70.1152,-70.041,-69.9651,-69.8882,-69.811,-69.7343,-69.6594,-69.5879,-69.5221,-69.4649,-69.4204,-69.3937,-69.3917,-69.4214,-69.489,-69.5975
3.13,-69.5031,-69.8278,-70.1096,-70.326,-70.4818,-70.5881,-70.6552,-70.6922,-70.7058,-70.7014,-70.683,-70.6536,-70.6154,-70.5702,-70.5193,-70.4635,-70.4036,-70.3402,-70.2737,-70.2045,-70.1329,-70.0593,-69.9842,-69.908,-69.8315,-69.7556,-69.6815,-69.6108,-69.5458,-69.4893,-69.4455,-69.4195,-69.4179,-69.448,-69.5158,-69.6242
3.135,-69.5106,-69.8361,-70.1185,-70.3354,-70.4918,-70.5984,-70.666,-70.7034,-70.7174,-70.7134,-70.6954,-70.6664,-70.6287,-70.5839,-70.5335,-70.4782,-70.4188,-70.356,-70.29,-70.2214,-70.1504,-70.0775,-70.003,-69.9276,-69.8518,-69.7767,-69.7033,-69.6335,-69.5692,-69.5135,-69.4704,-69.445,-69.4439,-69.4744,-69.5422,-69.6506
3.14,-69.5179,-69.8442,-70.1273,-70.3447,-70.5016,-70.6087,-70.6767,-70.7145,-70.7289,-70.7253,-70.7077,-70.6791,-70.6418,-70.5975,-70.5475,-70.4927,-70.4339,-70.3716,-70.3062,-70.2382,-70.1678,-70.0955,-70.0217,-69.947,-69.872,-69.7976,-69.725,-69.6559,-69.5924,-69.5375,-69.495,-69.4702,-69.4697,-69.5004,-69.5684,-69.6767
3.145,-69.5252,-69.8522,-70.1359,-70.354,-70.5114,-70.6189,-70.6874,-70.7255,-70.7403,-70.7371,-70.7199,-70.6918,-70.6549,-70.6111,-70.5615,-70.5072,-70.4489,-70.3871,-70.3223,-70.2548,-70.1851,-70.1134,-70.0403,-69.9662,-69.8919,-69.8183,-69.7465,-69.6782,-69.6154,-69.5612,-69.5194,-69.4952,-69.4951,-69.5262,-69.5944,-69.7025
3.15,-69.5324,-69.8602,-70.1446,-70.3632,-70.521,-70.6291,-70.6979,-70.7365,-70.7517,-70.7489,-70.7321,-70.7043,-70.6679,-70.6245,-70.5754,-70.5215,-70.4637,-70.4024,-70.3382,-70.2713,-70.2022,-70.1312,-70.0587,-69.9853,-69.9118,-69.8389,-69.7678,-69.7002,-69.6382,-69.5847,-69.5436,-69.52,-69.5204,-69.5518,-69.62,-69.7281
3.155,-69.5394,-69.868,-70.1531,-70.3723,-70.5306,-70.6391,-70.7084,-70.7473,-70.7629,-70.7605,-70.7441,-70.7168,-70.6807,-70.6378,-70.5891,-70.5358,-70.4784,-70.4177,-70.354,-70.2877,-70.2191,-70.1488,-70.077,-70.0043,-69.9314,-69.8592,-69.7889,-69.7221,-69.6608,-69.608,-69.5675,-69.5445,-69.5453,-69.5771,-69.6454,-69.7534
3.16,-69.5464,-69.8758,-70.1615,-70.3813,-70.5401,-70.6491,-70.7188,-70.7581,-70.7741,-70.7721,-70.7561,-70.7291,-70.6935,-70.651,-70.6028,-70.5499,-70.4931,-70.4328,-70.3696,-70.3039,-70.236,-70.1662,-70.095,-70.023,-69.9509,-69.8794,-69.8098,-69.7437,-69.6832,-69.6311,-69.5913,-69.5688,-69.5701,-69.6021,-69.6706,-69.7785
3.165,-69.5533,-69.8835,-70.1699,-70.3902,-70.5496,-70.659,-70.7291,-70.7689,-70.7852,-70.7836,-70.7679,-70.7414,-70.7062,-70.6641,-70.6163,-70.5639,-70.5076,-70.4478,-70.3852,-70.32,-70.2527,-70.1835,-70.113,-70.0417,-69.9702,-69.8994,-69.8306,-69.7652,-69.7054,-69.654,-69.6148,-69.5928,-69.5946,-69.6269,-69.6955,-69.8033
3.17,-69.5601,-69.8911,-70.1781,-70.3991,-70.5589,-70.6688,-70.7393,-70.7795,-70.7962,-70.795,-70.7797,-70.7536,-70.7188,-70.6771,-70.6298,-70.5778,-70.522,-70.4627,-70.4006,-70.336,-70.2692,-70.2007,-70.1308,-70.0601,-69.9893,-69.9193,-69.8511,-69.7865,-69.7273,-69.6766,-69.638,-69.6167,-69.6189,-69.6515,-69.7202,-69.8279
3.175,-69.5668,-69.8986,-70.1863,-70.4078,-70.5682,-70.6785,-70.7495,-70.79,-70.8072,-70.8063,-70.7915,-70.7657,-70.7313,-70.69,-70.6432,-70.5917,-70.5363,-70.4775,-70.4159,-70.3518,-70.2856,-70.2177,-70.1484,-70.0784,-70.0083,-69.9389,-69.8715,-69.8075,-69.7491,-69.699,-69.6611,-69.6403,-69.6429,-69.6758,-69.7446,-69.8522
3.18,-69.5734,-69.906,-70.1944,-70.4165,-70.5774,-70.6882,-70.7596,-70.8005,-70.8181,-70.8175,-70.8031,-70.7777,-70.7437,-70.7029,-70.6564,-70.6054,-70.5504,-70.4922,-70.4311,-70.3676,-70.3019,-70.2346,-70.166,-70.0966,-70.0271,-69.9584,-69.8917,-69.8284,-69.7707,-69.7213,-69.6839,-69.6636,-69.6667,-69.6999,-69.7688,-69.8764
3.185,-69.5799,-69.9133,-70.2024,-70.4251,-70.5865,-70.6978,-70.7696,-70.8109,-70.8288,-70.8287,-70.8146,-70.7896,-70.7561,-70.7156,-70.6696,-70.619,-70.5645,-70.5068,-70.4462,-70.3832,-70.3181,-70.2513,-70.1833,-70.1146,-70.0458,-69.9778,-69.9117,-69.8491,-69.7921,-69.7433,-69.7066,-69.6868,-69.6902,-69.7237,-69.7928,-69.9002
3.19,-69.5863,-69.9205,-70.2103,-70.4336,-70.5956,-70.7073,-70.7795,-70.8213,-70.8396,-70.8398,-70.8261,-70.8015,-70.7683,-70.7283,-70.6827,-70.6325,-70.5785,-70.5212,-70.4612,-70.3987,-70.3342,-70.268,-70.2005,-70.1324,-70.0643,-69.9969,-69.9316,-69.8697,-69.8133,-69.7651,-69.729,-69.7097,-69.7136,-69.7473,-69.8165,-69.9239
3.195,-69.5927,-69.9277,-70.2182,-70.4421,-70.6046,-70.7167,-70.7894,-70.8315,-70.8502,-70.8508,-70.8375,-70.8132,-70.7805,-70.7408,-70.6956,-70.6459,-70.5924,-70.5356,-70.476,-70.4141,-70.3501,-70.2845,-70.2176,-70.1501,-70.0826,-70.0159,-69.9512,-69.89,-69.8343,-69.7868,-69.7512,-69.7325,-69.7367,-69.7707,-69.84,-69.9473
3.2,-69.5989,-69.9347,-70.2259,-70.4504,-70.6135,-70.7261,-70.7992,-70.8417,-70.8608,-70.8618,-70.8488,-70.8249,-70.7925,-70.7533,-70.7085,-70.6592,-70.6061,-70.5498,-70.4908,-70.4293,-70.3659,-70.3008,-70.2346,-70.1677,-70.1008,-70.0348,-69.9707,-69.9102,-69.8551,-69.8082,-69.7732,-69.755,-69.7596,-69.7939,-69.8633,-69.9704
3.205,-69.6051,-69.9417,-70.2336,-70.4587,-70.6223,-70.7354,-70.8089,-70.8518,-70.8713,-70.8726,-70.86,-70.8365,-70.8045,-70.7657,-70.7213,-70.6725,-70.6198,-70.564,-70.5054,-70.4444,-70.3815,-70.317,-70.2514,-70.1851,-70.1188,-70.0535,-69.9901,-69.9302,-69.8757,-69.8294,-69.795,-69.7773,-69.7823,-69.8169,-69.8863,-69.9934
3.21,-69.6111,-69.9486,-70.2412,-70.4669,-70.631,-70.7446,-70.8186,-70.8619,-70.8817,-70.8834,-70.8712,-70.8481,-70.8164,-70.778,-70.734,-70.6856,-70.6334,-70.578,-70.5199,-70.4595,-70.3971,-70.3331,-70.2681,-70.2024,-70.1367,-70.072,-70.0092,-69.95,-69.8961,-69.8505,-69.8166,-69.7994,-69.8048,-69.8396,-69.9091,-70.0161
3.215,-69.6171,-69.9554,-70.2487,-70.4751,-70.6397,-70.7538,-70.8281,-70.8718,-70.892,-70.8941,-70.8822,-70.8595,-70.8282,-70.7902,-70.7467,-70.6986,-70.6469,-70.5919,-70.5343,-70.4744,-70.4125,-70.3491,-70.2846,-70.2195,-70.1545,-70.0904,-70.0282,-69.9696,-69.9164,-69.8713,-69.838,-69.8212,-69.8271,-69.8621,-69.9318,-70.0387
3.22,-69.623,-69.9621,-70.2561,-70.4831,-70.6483,-70.7629,-70.8376,-70.8817,-70.9023,-70.9048,-70.8932,-70.8709,-70.84,-70.8023,-70.7592,-70.7116,-70.6602,-70.6058,-70.5486,-70.4892,-70.4278,-70.365,-70.301,-70.2365,-70.1721,-70.1086,-70.0471,-69.9891,-69.9365,-69.892,-69.8592,-69.8429,-69.8491,-69.8844,-69.9542,-70.061
3.225,-69.6288,-69.9688,-70.2635,-70.4911,-70.6568,-70.7719,-70.8471,-70.8916,-70.9125,-70.9153,-70.9042,-70.8822,-70.8517,-70.8144,-70.7716,-70.7244,-70.6735,-70.6195,-70.5628,-70.5038,-70.443,-70.3807,-70.3173,-70.2534,-70.1895,-70.1266,-70.0658,-70.0084,-69.9564,-69.9125,-69.8802,-69.8644,-69.871,-69.9065,-69.9763,-70.083
3.23,-69.6345,-69.9753,-70.2708,-70.499,-70.6653,-70.7808,-70.8564,-70.9013,-70.9226,-70.9258,-70.915,-70.8934,-70.8632,-70.8263,-70.784,-70.7372,-70.6867,-70.6331,-70.5769,-70.5184,-70.4581,-70.3963,-70.3335,-70.2701,-70.2068,-70.1446,-70.0843,-70.0275,-69.9761,-69.9328,-69.9011,-69.8857,-69.8926,-69.9284,-69.9983,-70.1049
3.235,-69.6401,-69.9818,-70.278,-70.5069,-70.6737,-70.7897,-70.8657,-70.911,-70.9327,-70.9362,-70.9258,-70.9045,-70.8747,-70.8382,-70.7962,-70.7499,-70.6998,-70.6466,-70.5909,-70.5329,-70.473,-70.4118,-70.3495,-70.2867,-70.224,-70.1623,-70.1027,-70.0465,-69.9957,-69.9529,-69.9217,-69.9068,-69.9141,-69.9501,-70.0201,-70.1266
3.24,-69.6457,-69.9882,-70.2851,-70.5146,-70.682,-70.7985,-70.875,-70.9207,-70.9427,-70.9466,-70.9365,-70.9156,-70.8862,-70.85,-70.8084,-70.7624,-70.7128,-70.6601,-70.6047,-70.5472,-70.4879,-70.4271,-70.3654,-70.3031,-70.241,-70.1799,-70.1209,-70.0653,-70.0151,-69.9729,-69.9422,-69.9277,-69.9354,-69.9716,-70.0417,-70.1481
3.245,-69.6511,-69.9945,-70.2921,-70.5223,-70.6903,-70.8072,-70.8841,-70.9302,-70.9526,-70.9569,-70.9472,-70.9266,-70.8975,-70.8617,-70.8205,-70.7749,-70.7257,-70.6734,-70.6185,-70.5615,-70.5026,-70.4424,-70.3811,-70.3195,-70.2579,-70.1974,-70.1389,-70.0839,-70.0343,-69.9926,-69.9625,-69.9484,-69.9564,-69.9929,-70.063,-70.1694
3.25,-69.6565,-70.0007,-70.2991,-70.5299,-70.6984,-70.8159,-70.8932,-70.9397,-70.9625,-70.9671,-70.9577,-70.9375,-70.9088,-70.8734,-70.8326,-70.7873,-70.7385,-70.6866,-70.6322,-70.5756,-70.5173,-70.4575,-70.3968,-70.3357,-70.2747,-70.2147,-70.1569,-70.1024,-70.0534,-70.0122,-69.9826,-69.9689,-69.9773,-70.014,-70.0842,-70.1904
3.255,-69.6618,-70.0069,-70.306,-70.5375,-70.7065,-70.8245,-70.9023,-70.9492,-70.9723,-70.9773,-70.9682,-70.9484,-70.92,-70.8849,-70.8445,-70.7997,-70.7512,-70.6998,-70.6458,-70.5896,-70.5318,-70.4725,-70.4123,-70.3517,-70.2913,-70.2319,-70.1746,-70.1208,-70.0723,-70.0317,-70.0025,-69.9893,-69.998,-70.0349,-70.1052,-70.2113
3.26,-69.667,-70.0129,-70.3128,-70.545,-70.7146,-70.833,-70.9112,-70.9585,-70.982,-70.9874,-70.9787,-70.9591,-70.9311,-70.8964,-70.8563,-70.8119,-70.7639,-70.7128,-70.6592,-70.6036,-70.5462,-70.4874,-70.4277,-70.3677,-70.3078,-70.249,-70.1922,-70.1389,-70.091,-70.0509,-70.0222,-70.0095,-70.0185,-70.0556,-70.1259,-70.232
3.265,-69.6721,-70.0189,-70.3196,-70.5524,-70.7226,-70.8415,-70.9202,-70.9678,-70.9917,-70.9974,-70.989,-70.9698,-70.9422,-70.9078,-70.8681,-70.824,-70.7764,-70.7258,-70.6726,-70.6174,-70.5605,-70.5022,-70.443,-70.3835,-70.3242,-70.2659,-70.2097,-70.157,-70.1096,-70.07,-70.0418,-70.0294,-70.0388,-70.0761,-70.1465,-70.2525
3.27,-69.6771,-70.0248,-70.3262,-70.5597,-70.7305,-70.8499,-70.929,-70.9771,-71.0013,-71.0073,-70.9993,-70.9805,-70.9532,-70.9192,-70.8798,-70.8361,-70.7889,-70.7386,-70.6859,-70.6311,-70.5747,-70.5169,-70.4582,-70.3992,-70.3404,-70.2827,-70.227,-70.1748,-70.128,-70.089,-70.0612,-70.0492,-70.0589,-70.0964,-70.1669,-70.2728
3.275,-69.6821,-70.0307,-70.3328,-70.5669,-70.7383,-70.8582,-70.9378,-70.9862,-71.0108,-71.0172,-71.0096,-70.991,-70.9641,-70.9304,-70.8914,-70.8481,-70.8012,-70.7514,-70.6991,-70.6448,-70.5887,-70.5314,-70.4733,-70.4147,-70.3565,-70.2993,-70.2442,-70.1926,-70.1462,-70.1077,-70.0804,-70.0689,-70.0788,-70.1166,-70.1871,-70.2929
3.28,-69.687,-70.0364,-70.3394,-70.5741,-70.7461,-70.8665,-70.9465,-70.9953,-71.0203,-71.027,-71.0197,-71.0015,-70.9749,-70.9416,-70.9029,-70.86,-70.8135,-70.7641,-70.7122,-70.6583,-70.6027,-70.5459,-70.4882,-70.4302,-70.3725,-70.3158,-70.2612,-70.2102,-70.1643,-70.1263,-70.0995,-70.0883,-70.0986,-70.1366,-70.2072,-70.3129
3.285,-69.6918,-70.0421,-70.3458,-70.5813,-70.7538,-70.8747,-70.9551,-71.0044,-71.0297,-71.0368,-71.0298,-71.012,-70.9857,-70.9527,-70.9144,-70.8718,-70.8257,-70.7767,-70.7252,-70.6717,-70.6166,-70.5602,-70.503,-70.4455,-70.3883,-70.3322,-70.2782,-70.2276,-70.1823,-70.1448,-70.1184,-70.1076,-70.1182,-70.1563,-70.227,-70.3326
3.29,-69.6965,-70.0477,-70.3522,-70.5883,-70.7614,-70.8828,-70.9637,-71.0134,-71.0391,-71.0465,-71.0398,-71.0223,-70.9964,-70.9637,-70.9258,-70.8836,-70.8378,-70.7892,-70.7381,-70.6851,-70.6304,-70.5745,-70.5178,-70.4607,-70.404,-70.3484,-70.2949,-70.2449,-70.2001,-70.163,-70.1371,-70.1267,-70.1376,-70.176,-70.2467,-70.3522
3.295,-69.7011,-70.0532,-70.3585,-70.5953,-70.769,-70.8909,-70.9723,-71.0223,-71.0484,-71.0561,-71.0498,-71.0326,-71.007,-70.9747,-70.9371,-70.8952,-70.8499,-70.8016,-70.7509,-70.6983,-70.6441,-70.5886,-70.5324,-70.4758,-70.4196,-70.3645,-70.3115,-70.262,-70.2177,-70.1812,-70.1557,-70.1457,-70.1569,-70.1954,-70.2662,-70.3716
3.3,-69.7057,-70.0587,-70.3647,-70.6022,-70.7765,-70.8989,-70.9807,-71.0312,-71.0576,-71.0657,-71.0597,-71.0428,-71.0175,-70.9856,-70.9483,-70.9068,-70.8618,-70.8139,-70.7637,-70.7114,-70.6576,-70.6026,-70.5469,-70.4908,-70.4351,-70.3805,-70.328,-70.279,-70.2353,-70.1992,-70.1741,-70.1645,-70.176,-70.2147,-70.2855,-70.3909
3.305,-69.7101,-70.064,-70.3709,-70.6091,-70.784,-70.9069,-70.9891,-71.04,-71.0668,-71.0752,-71.0695,-71.053,-71.028,-70.9964,-70.9595,-70.9183,-70.8737,-70.8262,-70.7763,-70.7245,-70.6711,-70.6166,-70.5612,-70.5057,-70.4505,-70.3964,-70.3444,-70.2959,-70.2526,-70.217,-70.1923,-70.1831,-70.1949,-70.2338,-70.3047,-70.4099
3.31,-69.7145,-70.0693,-70.377,-70.6159,-70.7913,-70.9148,-70.9975,-71.0487,-71.0759,-71.0846,-71.0793,-71.0631,-71.0384,-71.0071,-70.9706,-70.9298,-70.8855,-70.8384,-70.7889,-70.7375,-70.6845,-70.6304,-70.5755,-70.5204,-70.4657,-70.4121,-70.3606,-70.3126,-70.2698,-70.2347,-70.2104,-70.2016,-70.2136,-70.2527,-70.3237,-70.4288
3.315,-69.7189,-70.0746,-70.383,-70.6226,-70.7987,-70.9226,-71.0058,-71.0574,-71.0849,-71.094,-71.089,-71.0731,-71.0488,-71.0178,-70.9816,-70.9411,-70.8972,-70.8504,-70.8013,-70.7503,-70.6978,-70.6441,-70.5897,-70.5351,-70.4808,-70.4277,-70.3767,-70.3292,-70.2869,-70.2522,-70.2284,-70.2199,-70.2322,-70.2715,-70.3425,-70.4475
3.32,-69.7231,-70.0797,-70.389,-70.6292,-70.8059,-70.9304,-71.014,-71.066,-71.0939,-71.1034,-71.0987,-71.0831,-71.0591,-71.0284,-70.9925,-70.9524,-70.9088,-70.8624,-70.8137,-70.7631,-70.711,-70.6577,-70.6038,-70.5496,-70.4958,-70.4432,-70.3927,-70.3457,-70.3038,-70.2696,-70.2462,-70.238,-70.2506,-70.2901,-70.3611,-70.4661
3.325,-69.7273,-70.0848,-70.3949,-70.6358,-70.8131,-70.9381,-71.0222,-71.0746,-71.1028,-71.1126,-71.1083,-71.093,-71.0693,-71.039,-71.0034,-70.9636,-70.9204,-70.8744,-70.826,-70.7758,-70.7241,-70.6712,-70.6177,-70.564,-70.5107,-70.4586,-70.4086,-70.362,-70.3206,-70.2868,-70.2638,-70.256,-70.2689,-70.3085,-70.3796,-70.4845
3.33,-69.7314,-70.0898,-70.4007,-70.6424,-70.8203,-70.9458,-71.0303,-71.0831,-71.1117,-71.1218,-71.1178,-71.1029,-71.0795,-71.0495,-71.0142,-70.9747,-70.9319,-70.8862,-70.8382,-70.7884,-70.7371,-70.6847,-70.6316,-70.5783,-70.5255,-70.4738,-70.4243,-70.3782,-70.3373,-70.3039,-70.2813,-70.2739,-70.287,-70.3268,-70.398,-70.5027
3.335,-69.7354,-70.0948,-70.4064,-70.6488,-70.8273,-70.9534,-71.0383,-71.0916,-71.1205,-71.131,-71.1273,-71.1127,-71.0896,-71.0599,-71.0249,-70.9858,-70.9433,-70.898,-70.8504,-70.8009,-70.75,-70.698,-70.6454,-70.5925,-70.5402,-70.489,-70.4399,-70.3943,-70.3538,-70.3209,-70.2987,-70.2915,-70.305,-70.3449,-70.4161,-70.5208
3.34,-69.7393,-70.0996,-70.4121,-70.6552,-70.8343,-70.9609,-71.0463,-71.1,-71.1293,-71.1401,-71.1367,-71.1224,-71.0996,-71.0702,-71.0356,-70.9968,-70.9546,-70.9096,-70.8624,-70.8133,-70.7628,-70.7112,-70.659,-70.6066,-70.5547,-70.504,-70.4554,-70.4102,-70.3702,-70.3377,-70.3159,-70.3091,-70.3228,-70.3629,-70.4341,-70.5387
3.345,-69.7432,-70.1044,-70.4177,-70.6616,-70.8413,-70.9684,-71.0543,-71.1083,-71.138,-71.1491,-71.146,-71.132,-71.1096,-71.0805,-71.0462,-71.0077,-70.9659,-70.9212,-70.8744,-70.8257,-70.7755,-70.7244,-70.6726,-70.6206,-70.5692,-70.5189,-70.4707,-70.426,-70.3865,-70.3544,-70.3329,-70.3265,-70.3404,-70.3807,-70.452,-70.5565
3.35,-69.747,-70.1091,-70.4233,-70.6678,-70.8482,-70.9759,-71.0622,-71.1166,-71.1466,-71.1581,-71.1553,-71.1417,-71.1195,-71.0907,-71.0567,-71.0186,-70.977,-70.9328,-70.8863,-70.8379,-70.7882,-70.7374,-70.686,-70.6345,-70.5835,-70.5337,-70.486,-70.4417,-70.4026,-70.3709,-70.3499,-70.3437,-70.3579,-70.3983,-70.4697,-70.5741
3.355,-69.7507,-70.1138,-70.4288,-70.674,-70.855,-70.9832,-71.07,-71.1248,-71.1552,-71.167,-71.1646,-71.1512,-71.1293,-71.1009,-71.0672,-71.0294,-70.9882,-70.9442,-70.8981,-70.8501,-70.8007,-70.7504,-70.6994,-70.6483,-70.5977,-70.5483,-70.5011,-70.4573,-70.4186,-70.3873,-70.3666,-70.3608,-70.3753,-70.4159,-70.4872,-70.5916
3.36,-69.7543,-70.1184,-70.4342,-70.6802,-70.8618,-70.9905,-71.0778,-71.133,-71.1638,-71.1759,-71.1738,-71.1607,-71.1391,-71.111,-71.0776,-71.0401,-70.9992,-70.9556,-70.9098,-70.8622,-70.8132,-70.7632,-70.7127,-70.662,-70.6118,-70.5629,-70.5161,-70.4727,-70.4344,-70.4036,-70.3833,-70.3778,-70.3925,-70.4332,-70.5046,-70.6089
3.365,-69.7579,-70.1229,-70.4395,-70.6863,-70.8685,-70.9978,-71.0855,-71.1411,-71.1723,-71.1847,-71.1829,-71.1701,-71.1489,-71.121,-71.0879,-71.0507,-71.0102,-70.9669,-70.9214,-70.8742,-70.8256,-70.776,-70.7259,-70.6756,-70.6259,-70.5773,-70.531,-70.4881,-70.4502,-70.4197,-70.3998,-70.3946,-70.4096,-70.4504,-70.5219,-70.6261
3.37,-69.7614,-70.1273,-70.4448,-70.6923,-70.8752,-71.005,-71.0932,-71.1492,-71.1807,-71.1935,-71.192,-71.1795,-71.1585,-71.131,-71.0982,-71.0613,-71.021,-70.9781,-70.933,-70.8861,-70.8379,-70.7887,-70.7389,-70.6891,-70.6398,-70.5917,-70.5458,-70.5033,-70.4658,-70.4357,-70.4162,-70.4113,-70.4265,-70.4675,-70.539,-70.6431
3.375,-69.7648,-70.1317,-70.45,-70.6983,-70.8818,-71.0122,-71.1008,-71.1572,-71.1891,-71.2022,-71.201,-71.1888,-71.1681,-71.1409,-71.1084,-71.0718,-71.0319,-70.9893,-70.9445,-70.898,-70.8501,-70.8013,-70.7519,-70.7025,-70.6536,-70.6059,-70.5604,-70.5183,-70.4813,-70.4516,-70.4324,-70.4279,-70.4433,-70.4844,-70.556,-70.66
3.38,-69.7682,-70.136,-70.4552,-70.7042,-70.8883,-71.0192,-71.1083,-71.1652,-71.1974,-71.2109,-71.21,-71.1981,-71.1777,-71.1507,-71.1185,-71.0822,-71.0426,-71.0004,-70.9559,-70.9097,-70.8622,-70.8138,-70.7648,-70.7158,-70.6673,-70.6201,-70.575,-70.5333,-70.4967,-70.4674,-70.4485,-70.4443,-70.4599,-70.5012,-70.5728,-70.6767
3.385,-69.7715,-70.1402,-70.4603,-70.71,-70.8948,-71.0263,-71.1158,-71.1731,-71.2057,-71.2195,-71.2189,-71.2073,-71.1872,-71.1605,-71.1286,-71.0926,-71.0533,-71.0114,-70.9673,-70.9214,-70.8743,-70.8262,-70.7776,-70.729,-70.6809,-70.6341,-70.5894,-70.5482,-70.5119,-70.483,-70.4645,-70.4605,-70.4764,-70.5179,-70.5895,-70.6933
3.39,-69.7747,-70.1444,-70.4653,-70.7158,-70.9013,-71.0333,-71.1233,-71.181,-71.2139,-71.228,-71.2277,-71.2164,-71.1966,-71.1702,-71.1386,-71.1029,-71.064,-71.0223,-70.9785,-70.933,-70.8863,-70.8385,-70.7903,-70.7421,-70.6944,-70.648,-70.6038,-70.5629,-70.5271,-70.4985,-70.4803,-70.4767,-70.4928,-70.5344,-70.606,-70.7097
3.395,-69.7778,-70.1485,-70.4703,-70.7215,-70.9076,-71.0402,-71.1307,-71.1888,-71.2221,-71.2365,-71.2365,-71.2255,-71.206,-71.1799,-71.1486,-71.1132,-71.0745,-71.0332,-70.9897,-70.9446,-70.8981,-70.8508,-70.803,-70.7551,-70.7078,-70.6618,-70.618,-70.5775,-70.5421,-70.5139,-70.4961,-70.4927,-70.509,-70.5508,-70.6224,-70.7261
3.4,-69.7809,-70.1525,-70.4752,-70.7272,-70.914,-71.0471,-71.1381,-71.1965,-71.2302,-71.245,-71.2453,-71.2346,-71.2154,-71.1895,-71.1585,-71.1234,-71.085,-71.044,-71.0008,-70.956,-70.9099,-70.863,-70.8155,-70.7681,-70.7212,-70.6755,-70.6321,-70.592,-70.557,-70.5292,-70.5117,-70.5086,-70.5251,-70.567,-70.6387,-70.7422
3.405,-69.7839,-70.1565,-70.48,-70.7328,-70.9202,-71.0539,-71.1454,-71.2042,-71.2383,-71.2534,-71.254,-71.2436,-71.2246,-71.1991,-71.1683,-71.1335,-71.0954,-71.0547,-71.0119,-70.9674,-70.9217,-70.875,-70.828,-70.7809,-70.7344,-70.6892,-70.6461,-70.6065,-70.5718,-70.5443,-70.5272,-70.5244,-70.5411,-70.5831,-70.6548,-70.7583
3.41,-69.7868,-70.1604,-70.4848,-70.7383,-70.9264,-71.0607,-71.1526,-71.2119,-71.2463,-71.2617,-71.2626,-71.2525,-71.2338,-71.2086,-71.1781,-71.1436,-71.1058,-71.0654,-71.0229,-70.9787,-70.9333,-70.8871,-70.8403,-70.7936,-70.7475,-70.7027,-70.66,-70.6208,-70.5865,-70.5594,-70.5425,-70.54,-70.557,-70.5991,-70.6708,-70.7742
3.415,-69.7896,-70.1642,-70.4895,-70.7438,-70.9326,-71.0674,-71.1598,-71.2195,-71.2543,-71.27,-71.2712,-71.2614,-71.243,-71.218,-71.1879,-71.1536,-71.1161,-71.076,-71.0338,-70.99,-70.9449,-70.899,-70.8526,-70.8063,-70.7605,-70.7161,-70.6738,-70.6349,-70.601,-70.5743,-70.5577,-70.5555,-70.5727,-70.6149,-70.6867,-70.79
3.42,-69.7924,-70.168,-70.4942,-70.7493,-70.9387,-71.0741,-71.167,-71.2271,-71.2622,-71.2783,-71.2798,-71.2702,-71.2521,-71.2274,-71.1975,-71.1635,-71.1263,-71.0865,-71.0446,-71.0011,-70.9564,-70.9108,-70.8648,-70.8188,-70.7735,-70.7294,-70.6875,-70.649,-70.6155,-70.5891,-70.5729,-70.5709,-70.5883,-70.6307,-70.7025,-70.8057
3.425,-69.7952,-70.1717,-70.4988,-70.7547,-70.9447,-71.0807,-71.1741,-71.2346,-71.2701,-71.2865,-71.2883,-71.279,-71.2612,-71.2367,-71.2071,-71.1734,-71.1365,-71.097,-71.0554,-71.0122,-70.9678,-70.9226,-70.8769,-70.8313,-70.7863,-70.7427,-70.7011,-70.663,-70.6298,-70.6038,-70.5879,-70.5862,-70.6038,-70.6463,-70.7181,-70.8212
3.43,-69.7978,-70.1754,-70.5033,-70.76,-70.9507,-71.0873,-71.1811,-71.2421,-71.2779,-71.2946,-71.2968,-71.2878,-71.2702,-71.246,-71.2167,-71.1833,-71.1466,-71.1074,-71.0661,-71.0232,-70.9792,-70.9343,-70.889,-70.8437,-70.7991,-70.7558,-70.7147,-70.6769,-70.6441,-70.6183,-70.6027,-70.6013,-70.6191,-70.6617,-70.7336,-70.8366
3.435,-69.8004,-70.1789,-70.5078,-70.7652,-70.9567,-71.0938,-71.1881,-71.2495,-71.2857,-71.3027,-71.3052,-71.2964,-71.2792,-71.2552,-71.2262,-71.193,-71.1567,-71.1177,-71.0768,-71.0342,-70.9904,-70.9459,-70.9009,-70.856,-70.8118,-70.7688,-70.7281,-70.6907,-70.6582,-70.6328,-70.6175,-70.6163,-70.6343,-70.6771,-70.7489,-70.8519
3.44,-69.8029,-70.1824,-70.5122,-70.7704,-70.9626,-71.1003,-71.1951,-71.2569,-71.2934,-71.3108,-71.3135,-71.3051,-71.2881,-71.2644,-71.2356,-71.2027,-71.1667,-71.128,-71.0873,-71.0451,-71.0016,-70.9574,-70.9128,-70.8683,-70.8243,-70.7818,-70.7414,-70.7043,-70.6722,-70.6472,-70.6322,-70.6312,-70.6494,-70.6923,-70.7642,-70.867
3.445,-69.8054,-70.1859,-70.5165,-70.7756,-70.9684,-71.1067,-71.202,-71.2642,-71.3011,-71.3188,-71.3218,-71.3137,-71.2969,-71.2735,-71.245,-71.2124,-71.1766,-71.1382,-71.0978,-71.0559,-71.0128,-70.9689,-70.9246,-70.8804,-70.8368,-70.7946,-70.7546,-70.7179,-70.6861,-70.6614,-70.6467,-70.646,-70.6644,-70.7074,-70.7793,-70.8821
3.45,-69.8077,-70.1893,-70.5208,-70.7807,-70.9742,-71.113,-71.2089,-71.2715,-71.3088,-71.3268,-71.3301,-71.3222,-71.3057,-71.2826,-71.2543,-71.222,-71.1865,-71.1484,-71.1083,-71.0666,-71.0238,-70.9802,-70.9363,-70.8924,-70.8493,-70.8074,-70.7677,-70.7314,-70.6999,-70.6755,-70.6611,-70.6607,-70.6793,-70.7224,-70.7943,-70.897
3.455,-69.81,-70.1926,-70.5251,-70.7857,-70.9799,-71.1194,-71.2157,-71.2787,-71.3164,-71.3347,-71.3383,-71.3307,-71.3145,-71.2916,-71.2636,-71.2315,-71.1963,-71.1585,-71.1187,-71.0773,-71.0348,-70.9915,-70.9479,-70.9044,-70.8616,-70.8201,-70.7807,-70.7448,-70.7136,-70.6896,-70.6755,-70.6753,-70.6941,-70.7373,-70.8092,-70.9118
3.46,-69.8123,-70.1958,-70.5292,-70.7907,-70.9856,-71.1256,-71.2224,-71.2859,-71.3239,-71.3426,-71.3465,-71.3391,-71.3232,-71.3006,-71.2728,-71.241,-71.206,-71.1685,-71.129,-71.0879,-71.0457,-71.0028,-70.9595,-70.9163,-70.8738,-70.8326,-70.7937,-70.758,-70.7273,-70.7035,-70.6897,-70.6897,-70.7087,-70.752,-70.824,-70.9265
3.465,-69.8145,-70.199,-70.5334,-70.7957,-70.9913,-71.1319,-71.2292,-71.293,-71.3314,-71.3504,-71.3546,-71.3475,-71.3318,-71.3095,-71.282,-71.2505,-71.2157,-71.1785,-71.1392,-71.0985,-71.0566,-71.0139,-70.971,-70.9281,-70.886,-70.8451,-70.8065,-70.7712,-70.7408,-70.7173,-70.7038,-70.7041,-70.7232,-70.7667,-70.8386,-70.9411
3.47,-69.8166,-70.2022,-70.5374,-70.8005,-70.9968,-71.138,-71.2358,-71.3001,-71.3389,-71.3582,-71.3627,-71.3559,-71.3405,-71.3184,-71.2911,-71.2598,-71.2254,-71.1884,-71.1494,-71.1089,-71.0674,-71.025,-70.9824,-70.9399,-70.898,-70.8576,-70.8193,-70.7843,-70.7542,-70.731,-70.7178,-70.7183,-70.7377,-70.7812,-70.8532,-70.9555
3.475,-69.8186,-70.2052,-70.5414,-70.8054,-71.0024,-71.1442,-71.2425,-71.3072,-71.3463,-71.3659,-71.3707,-71.3642,-71.349,-71.3272,-71.3002,-71.2692,-71.235,-71.1982,-71.1596,-71.1194,-71.0781,-71.036,-70.9937,-70.9515,-70.91,-70.8699,-70.8319,-70.7973,-70.7675,-70.7447,-70.7317,-70.7325,-70.752,-70.7956,-70.8676,-70.9698
3.48,-69.8206,-70.2082,-70.5453,-70.8101,-71.0079,-71.1503,-71.2491,-71.3142,-71.3537,-71.3736,-71.3787,-71.3724,-71.3575,-71.336,-71.3092,-71.2784,-71.2445,-71.208,-71.1696,-71.1297,-71.0887,-71.047,-71.005,-70.9631,-70.9219,-70.8821,-70.8445,-70.8102,-70.7807,-70.7582,-70.7455,-70.7465,-70.7662,-70.8099,-70.8819,-70.9841
3.485,-69.8225,-70.2112,-70.5492,-70.8148,-71.0133,-71.1563,-71.2556,-71.3212,-71.361,-71.3813,-71.3866,-71.3807,-71.366,-71.3447,-71.3182,-71.2877,-71.254,-71.2178,-71.1796,-71.14,-71.0993,-71.0579,-71.0162,-70.9746,-70.9338,-70.8943,-70.857,-70.823,-70.7938,-70.7716,-70.7591,-70.7604,-70.7803,-70.8241,-70.8961,-70.9982
3.49,-69.8244,-70.2141,-70.5531,-70.8195,-71.0187,-71.1623,-71.2621,-71.3281,-71.3683,-71.3889,-71.3945,-71.3888,-71.3744,-71.3534,-71.3271,-71.2968,-71.2634,-71.2275,-71.1896,-71.1502,-71.1098,-71.0687,-71.0273,-70.986,-70.9455,-70.9063,-70.8694,-70.8357,-70.8069,-70.7849,-70.7727,-70.7742,-70.7942,-70.8382,-70.9102,-71.0122
3.495,-69.8261,-70.2169,-70.5568,-70.8241,-71.024,-71.1682,-71.2685,-71.335,-71.3755,-71.3964,-71.4024,-71.3969,-71.3828,-71.362,-71.336,-71.3059,-71.2728,-71.2371,-71.1995,-71.1604,-71.1203,-71.0794,-71.0383,-70.9974,-70.9572,-70.9183,-70.8817,-70.8483,-70.8198,-70.7981,-70.7862,-70.7879,-70.8081,-70.8521,-70.9242,-71.0261
3.5,-69.8279,-70.2196,-70.5605,-70.8287,-71.0293,-71.1741,-71.275,-71.3418,-71.3828,-71.404,-71.4102,-71.405,-71.3911,-71.3706,-71.3448,-71.315,-71.2821,-71.2467,-71.2093,-71.1705,-71.1306,-71.0901,-71.0493,-71.0087,-70.9688,-70.9303,-70.8939,-70.8609,-70.8326,-70.8113,-70.7996,-70.8015,-70.8219,-70.866,-70.9381,-71.0399
3.505,-69.8295,-70.2223,-70.5642,-70.8332,-71.0345,-71.18,-71.2813,-71.3486,-71.3899,-71.4115,-71.418,-71.4131,-71.3994,-71.3791,-71.3536,-71.324,-71.2913,-71.2562,-71.2191,-71.1805,-71.141,-71.1007,-71.0602,-71.0199,-70.9803,-70.9421,-70.9061,-70.8733,-70.8454,-70.8243,-70.8129,-70.815,-70.8356,-70.8798,-70.9519,-71.0536
3.51,-69.8311,-70.225,-70.5678,-70.8377,-71.0397,-71.1858,-71.2876,-71.3554,-71.397,-71.4189,-71.4257,-71.4211,-71.4077,-71.3876,-71.3623,-71.333,-71.3006,-71.2656,-71.2288,-71.1905,-71.1512,-71.1113,-71.071,-71.031,-70.9917,-70.9538,-70.9181,-70.8857,-70.8581,-70.8372,-70.8261,-70.8284,-70.8491,-70.8934,-70.9655,-71.0672
3.515,-69.8326,-70.2275,-70.5714,-70.8421,-71.0449,-71.1916,-71.2939,-71.3621,-71.4041,-71.4263,-71.4334,-71.429,-71.4159,-71.396,-71.371,-71.3419,-71.3097,-71.275,-71.2385,-71.2005,-71.1614,-71.1217,-71.0818,-71.0421,-71.0031,-70.9655,-70.9301,-70.898,-70.8706,-70.8501,-70.8392,-70.8417,-70.8626,-70.907,-70.9791,-71.0807
3.52,-69.8341,-70.2301,-70.5748,-70.8464,-71.05,-71.1973,-71.3002,-71.3688,-71.4112,-71.4337,-71.4411,-71.4369,-71.424,-71.4044,-71.3796,-71.3508,-71.3188,-71.2844,-71.2481,-71.2103,-71.1716,-71.1321,-71.0925,-71.0531,-71.0144,-70.9771,-70.942,-70.9102,-70.8831,-70.8628,-70.8522,-70.855,-70.876,-70.9205,-70.9926,-71.0941
3.525,-69.8355,-70.2325,-70.5783,-70.8507,-71.055,-71.2029,-71.3064,-71.3754,-71.4182,-71.441,-71.4487,-71.4448,-71.4322,-71.4128,-71.3882,-71.3596,-71.3279,-71.2937,-71.2576,-71.2201,-71.1816,-71.1425,-71.1031,-71.064,-71.0256,-70.9886,-70.9538,-70.9223,-70.8955,-70.8755,-70.8651,-70.8681,-70.8892,-70.9338,-71.006,-71.1074
3.53,-69.8368,-70.2349,-70.5817,-70.855,-71.06,-71.2086,-71.3125,-71.382,-71.4251,-71.4483,-71.4562,-71.4526,-71.4402,-71.4211,-71.3968,-71.3684,-71.3369,-71.303,-71.2671,-71.2299,-71.1917,-71.1528,-71.1137,-71.0749,-71.0368,-71.0001,-70.9656,-70.9343,-70.9078,-70.8881,-70.8779,-70.8811,-70.9024,-70.9471,-71.0192,-71.1206
3.535,-69.8381,-70.2372,-70.585,-70.8592,-71.065,-71.2142,-71.3186,-71.3885,-71.4321,-71.4555,-71.4638,-71.4604,-71.4483,-71.4294,-71.4053,-71.3771,-71.3458,-71.3122,-71.2766,-71.2396,-71.2016,-71.163,-71.1242,-71.0857,-71.0478,-71.0114,-70.9772,-70.9463,-70.9201,-70.9006,-70.8906,-70.894,-70.9155,-70.9603,-71.0324,-71.1336
3.54,-69.8393,-70.2395,-70.5882,-70.8633,-71.0699,-71.2197,-71.3247,-71.3951,-71.4389,-71.4627,-71.4713,-71.4682,-71.4563,-71.4376,-71.4137,-71.3858,-71.3548,-71.3213,-71.286,-71.2492,-71.2115,-71.1732,-71.1347,-71.0964,-71.0589,-71.0227,-70.9888,-70.9581,-70.9322,-70.913,-70.9033,-70.9069,-70.9285,-70.9733,-71.0455,-71.1466
3.545,-69.8404,-70.2417,-70.5915,-70.8674,-71.0747,-71.2252,-71.3307,-71.4015,-71.4458,-71.4699,-71.4787,-71.4759,-71.4642,-71.4458,-71.4221,-71.3944,-71.3636,-71.3304,-71.2953,-71.2588,-71.2213,-71.1833,-71.145,-71.107,-71.0698,-71.034,-71.0003,-70.9699,-70.9443,-70.9253,-70.9158,-70.9196,-70.9414,-70.9863,-71.0584,-71.1595
3.55,-69.8415,-70.2439,-70.5946,-70.8715,-71.0796,-71.2307,-71.3367,-71.408,-71.4526,-71.477,-71.4861,-71.4836,-71.4721,-71.4539,-71.4305,-71.403,-71.3724,-71.3394,-71.3046,-71.2683,-71.2311,-71.1933,-71.1553,-71.1176,-71.0807,-71.0451,-71.0117,-70.9816,-70.9562,-70.9375,-70.9283,-70.9323,-70.9542,-70.9992,-71.0713,-71.1723
3.555,-69.8426,-70.246,-70.5977,-70.8755,-71.0843,-71.2361,-71.3427,-71.4144,-71.4594,-71.4841,-71.4935,-71.4912,-71.48,-71.462,-71.4388,-71.4116,-71.3812,-71.3484,-71.3138,-71.2778,-71.2409,-71.2033,-71.1656,-71.1281,-71.0915,-71.0562,-71.0231,-70.9933,-70.9681,-70.9497,-70.9407,-70.9448,-70.9669,-71.012,-71.0841,-71.1851
3.56,-69.8435,-70.248,-70.6008,-70.8794,-71.0891,-71.2414,-71.3486,-71.4207,-71.4661,-71.4912,-71.5008,-71.4988,-71.4878,-71.4701,-71.4471,-71.4201,-71.3899,-71.3574,-71.323,-71.2873,-71.2505,-71.2132,-71.1758,-71.1386,-71.1022,-71.0672,-71.0344,-71.0048,-70.9799,-70.9617,-70.953,-70.9573,-70.9795,-71.0247,-71.0968,-71.1977
3.565,-69.8444,-70.25,-70.6038,-70.8833,-71.0937,-71.2468,-71.3545,-71.427,-71.4728,-71.4982,-71.5081,-71.5063,-71.4956,-71.4781,-71.4553,-71.4285,-71.3986,-71.3663,-71.3321,-71.2966,-71.2601,-71.2231,-71.1859,-71.149,-71.1128,-71.0781,-71.0456,-71.0163,-70.9917,-70.9737,-70.9652,-70.9697,-70.992,-71.0373,-71.1094,-71.2102
3.57,-69.8452,-70.252,-70.6067,-70.8872,-71.0984,-71.2521,-71.3603,-71.4333,-71.4795,-71.5052,-71.5154,-71.5138,-71.5034,-71.4861,-71.4635,-71.4369,-71.4072,-71.3752,-71.3412,-71.3059,-71.2697,-71.2329,-71.196,-71.1593,-71.1234,-71.089,-71.0567,-71.0277,-71.0033,-70.9856,-70.9773,-70.982,-71.0045,-71.0498,-71.122,-71.2226
3.575,-69.846,-70.2538,-70.6096,-70.891,-71.103,-71.2573,-71.3661,-71.4396,-71.4861,-71.5121,-71.5226,-71.5213,-71.5111,-71.494,-71.4717,-71.4453,-71.4158,-71.384,-71.3503,-71.3152,-71.2792,-71.2427,-71.206,-71.1696,-71.134,-71.0998,-71.0678,-71.039,-71.0149,-70.9974,-70.9893,-70.9942,-71.0168,-71.0622,-71.1344,-71.235
3.58,-69.8467,-70.2556,-70.6125,-70.8947,-71.1075,-71.2625,-71.3718,-71.4458,-71.4927,-71.519,-71.5298,-71.5288,-71.5188,-71.5019,-71.4798,-71.4536,-71.4244,-71.3927,-71.3593,-71.3244,-71.2887,-71.2524,-71.2159,-71.1798,-71.1444,-71.1105,-71.0788,-71.0503,-71.0264,-71.0092,-71.0013,-71.0063,-71.0291,-71.0746,-71.1467,-71.2472
3.585,-69.8474,-70.2574,-70.6152,-70.8985,-71.112,-71.2677,-71.3775,-71.4519,-71.4992,-71.5259,-71.537,-71.5362,-71.5264,-71.5098,-71.4879,-71.4619,-71.4329,-71.4014,-71.3682,-71.3336,-71.2981,-71.262,-71.2258,-71.1899,-71.1548,-71.1212,-71.0897,-71.0615,-71.0379,-71.0208,-71.0131,-71.0184,-71.0413,-71.0868,-71.159,-71.2594
3.59,-69.8479,-70.2591,-70.618,-70.9021,-71.1165,-71.2728,-71.3832,-71.4581,-71.5057,-71.5327,-71.5441,-71.5435,-71.534,-71.5176,-71.4959,-71.4702,-71.4413,-71.4101,-71.3771,-71.3427,-71.3074,-71.2716,-71.2356,-71.2,-71.1652,-71.1318,-71.1006,-71.0726,-71.0492,-71.0324,-71.0249,-71.0304,-71.0534,-71.099,-71.1711,-71.2715
3.595,-69.8485,-70.2607,-70.6207,-70.9057,-71.1209,-71.2779,-71.3889,-71.4642,-71.5122,-71.5395,-71.5512,-71.5509,-71.5416,-71.5254,-71.5039,-71.4784,-71.4498,-71.4187,-71.3859,-71.3518,-71.3167,-71.2811,-71.2454,-71.21,-71.1755,-71.1423,-71.1113,-71.0836,-71.0605,-71.0439,-71.0366,-71.0423,-71.0654,-71.1111,-71.1832,-71.2835
3.6,-69.8489,-70.2623,-70.6233,-70.9093,-71.1252,-71.2829,-71.3945,-71.4702,-71.5187,-71.5463,-71.5582,-71.5582,-71.5491,-71.5331,-71.5118,-71.4865,-71.4581,-71.4273,-71.3947,-71.3608,-71.326,-71.2906,-71.2551,-71.22,-71.1857,-71.1528,-71.1221,-71.0946,-71.0717,-71.0554,-71.0483,-71.0541,-71.0773,-71.1231,-71.1952,-71.2954
3.605,-69.8493,-70.2638,-70.6259,-70.9128,-71.1296,-71.2879,-71.4,-71.4762,-71.5251,-71.553,-71.5652,-71.5654,-71.5566,-71.5408,-71.5198,-71.4947,-71.4665,-71.4359,-71.4035,-71.3698,-71.3351,-71.3,-71.2648,-71.2299,-71.1958,-71.1632,-71.1327,-71.1055,-71.0828,-71.0667,-71.0598,-71.0658,-71.0892,-71.135,-71.2071,-71.3073
3.61,-69.8497,-70.2653,-70.6284,-70.9163,-71.1339,-71.2929,-71.4056,-71.4822,-71.5314,-71.5597,-71.5722,-71.5727,-71.564,-71.5485,-71.5276,-71.5027,-71.4747,-71.4444,-71.4122,-71.3787,-71.3443,-71.3094,-71.2744,-71.2397,-71.2059,-71.1735,-71.1433,-71.1163,-71.0939,-71.078,-71.0713,-71.0774,-71.1009,-71.1468,-71.219,-71.319
3.615,-69.85,-70.2667,-70.6309,-70.9197,-71.1381,-71.2978,-71.411,-71.4882,-71.5378,-71.5664,-71.5791,-71.5799,-71.5715,-71.5561,-71.5355,-71.5108,-71.483,-71.4528,-71.4208,-71.3876,-71.3534,-71.3187,-71.284,-71.2495,-71.2159,-71.1838,-71.1538,-71.1271,-71.1049,-71.0892,-71.0827,-71.089,-71.1126,-71.1586,-71.2307,-71.3307
3.62,-69.8502,-70.2681,-70.6333,-70.9231,-71.1423,-71.3027,-71.4165,-71.4941,-71.5441,-71.573,-71.5861,-71.587,-71.5788,-71.5637,-71.5433,-71.5188,-71.4912,-71.4612,-71.4294,-71.3964,-71.3624,-71.328,-71.2935,-71.2593,-71.2259,-71.194,-71.1643,-71.1377,-71.1158,-71.1003,-71.094,-71.1005,-71.1242,-71.1703,-71.2424,-71.3423
3.625,-69.8503,-70.2694,-70.6357,-70.9264,-71.1465,-71.3076,-71.4219,-71.5,-71.5504,-71.5796,-71.5929,-71.5942,-71.5862,-71.5713,-71.5511,-71.5268,-71.4994,-71.4696,-71.438,-71.4052,-71.3714,-71.3372,-71.3029,-71.2689,-71.2358,-71.2041,-71.1747,-71.1484,-71.1266,-71.1114,-71.1053,-71.1119,-71.1358,-71.1819,-71.254,-71.3538
3.63,-69.8504,-70.2706,-70.638,-70.9297,-71.1506,-71.3124,-71.4273,-71.5059,-71.5566,-71.5862,-71.5998,-71.6012,-71.5935,-71.5788,-71.5588,-71.5347,-71.5075,-71.4779,-71.4465,-71.4139,-71.3804,-71.3464,-71.3123,-71.2786,-71.2457,-71.2142,-71.185,-71.1589,-71.1374,-71.1224,-71.1165,-71.1232,-71.1472,-71.1934,-71.2655,-71.3652
3.635,-69.8505,-70.2718,-70.6403,-70.933,-71.1546,-71.3172,-71.4326,-71.5117,-71.5628,-71.5927,-71.6066,-71.6083,-71.6008,-71.5863,-71.5665,-71.5426,-71.5156,-71.4862,-71.455,-71.4226,-71.3893,-71.3555,-71.3216,-71.2881,-71.2555,-71.2243,-71.1952,-71.1694,-71.1481,-71.1333,-71.1276,-71.1345,-71.1586,-71.2048,-71.2769,-71.3766
3.64,-69.8504,-70.2729,-70.6425,-70.9361,-71.1587,-71.3219,-71.438,-71.5175,-71.569,-71.5992,-71.6134,-71.6153,-71.6081,-71.5938,-71.5741,-71.5504,-71.5236,-71.4944,-71.4635,-71.4312,-71.3981,-71.3646,-71.3309,-71.2977,-71.2652,-71.2342,-71.2054,-71.1798,-71.1588,-71.1442,-71.1386,-71.1457,-71.1699,-71.2162,-71.2883,-71.3879
3.645,-69.8504,-70.274,-70.6446,-70.9393,-71.1627,-71.3266,-71.4432,-71.5232,-71.5751,-71.6057,-71.6201,-71.6223,-71.6153,-71.6012,-71.5818,-71.5582,-71.5316,-71.5026,-71.4719,-71.4398,-71.4069,-71.3736,-71.3402,-71.3071,-71.2749,-71.2442,-71.2156,-71.1902,-71.1694,-71.1549,-71.1496,-71.1568,-71.1811,-71.2275,-71.2996,-71.3991
3.65,-69.8502,-70.275,-70.6467,-70.9424,-71.1666,-71.3312,-71.4485,-71.5289,-71.5812,-71.6121,-71.6268,-71.6293,-71.6225,-71.6086,-71.5893,-71.566,-71.5396,-71.5108,-71.4802,-71.4484,-71.4157,-71.3825,-71.3493,-71.3165,-71.2845,-71.254,-71.2257,-71.2005,-71.1799,-71.1657,-71.1605,-71.1679,-71.1923,-71.2387,-71.3108,-71.4102
3.655,-69.85,-70.276,-70.6488,-70.9454,-71.1705,-71.3359,-71.4537,-71.5346,-71.5873,-71.6185,-71.6335,-71.6362,-71.6296,-71.6159,-71.5969,-71.5738,-71.5475,-71.5189,-71.4885,-71.4569,-71.4244,-71.3915,-71.3585,-71.3259,-71.2941,-71.2638,-71.2357,-71.2107,-71.1903,-71.1763,-71.1713,-71.1788,-71.2034,-71.2498,-71.3219,-71.4212
3.66,-69.8497,-70.2769,-70.6508,-70.9485,-71.1744,-71.3404,-71.4588,-71.5403,-71.5934,-71.6249,-71.6402,-71.6431,-71.6367,-71.6233,-71.6044,-71.5815,-71.5554,-71.527,-71.4968,-71.4654,-71.4331,-71.4003,-71.3676,-71.3352,-71.3036,-71.2735,-71.2456,-71.2209,-71.2007,-71.1869,-71.1821,-71.1897,-71.2144,-71.2609,-71.333,-71.4322
3.665,-69.8494,-70.2777,-70.6528,-70.9514,-71.1782,-71.345,-71.464,-71.5459,-71.5994,-71.6313,-71.6468,-71.65,-71.6438,-71.6306,-71.6119,-71.5891,-71.5633,-71.535,-71.5051,-71.4738,-71.4417,-71.4092,-71.3766,-71.3444,-71.3131,-71.2832,-71.2555,-71.231,-71.211,-71.1974,-71.1927,-71.2006,-71.2253,-71.2719,-71.344,-71.4431
3.67,-69.849,-70.2785,-70.6547,-70.9543,-71.182,-71.3495,-71.4691,-71.5515,-71.6053,-71.6376,-71.6534,-71.6568,-71.6509,-71.6378,-71.6194,-71.5968,-71.5711,-71.5431,-71.5132,-71.4822,-71.4503,-71.418,-71.3856,-71.3536,-71.3225,-71.2929,-71.2654,-71.2411,-71.2213,-71.2079,-71.2034,-71.2113,-71.2362,-71.2828,-71.3549,-71.454
3.675,-69.8486,-70.2792,-70.6566,-70.9572,-71.1858,-71.354,-71.4742,-71.557,-71.6113,-71.6439,-71.66,-71.6636,-71.6579,-71.645,-71.6268,-71.6044,-71.5789,-71.551,-71.5214,-71.4905,-71.4588,-71.4267,-71.3945,-71.3628,-71.3319,-71.3024,-71.2752,-71.2511,-71.2315,-71.2182,-71.2139,-71.222,-71.247,-71.2937,-71.3657,-71.4647
3.68,-69.8481,-70.2799,-70.6584,-70.96,-71.1895,-71.3584,-71.4792,-71.5625,-71.6172,-71.6501,-71.6665,-71.6704,-71.6649,-71.6522,-71.6342,-71.612,-71.5866,-71.559,-71.5295,-71.4988,-71.4673,-71.4354,-71.4034,-71.3719,-71.3412,-71.312,-71.2849,-71.261,-71.2416,-71.2286,-71.2244,-71.2327,-71.2577,-71.3044,-71.3765,-71.4754
3.685,-69.8475,-70.2805,-70.6601,-70.9628,-71.1931,-71.3628,-71.4842,-71.568,-71.6231,-71.6563,-71.673,-71.6772,-71.6719,-71.6594,-71.6415,-71.6195,-71.5944,-71.5668,-71.5376,-71.5071,-71.4758,-71.444,-71.4123,-71.3809,-71.3504,-71.3214,-71.2946,-71.2709,-71.2517,-71.2388,-71.2348,-71.2432,-71.2684,-71.3152,-71.3872,-71.4861
3.69,-69.8469,-70.2811,-70.6618,-70.9656,-71.1968,-71.3672,-71.4892,-71.5735,-71.629,-71.6625,-71.6795,-71.6839,-71.6788,-71.6665,-71.6488,-71.627,-71.602,-71.5747,-71.5456,-71.5153,-71.4842,-71.4526,-71.4211,-71.3899,-71.3597,-71.3308,-71.3042,-71.2807,-71.2617,-71.249,-71.2452,-71.2537,-71.279,-71.3258,-71.3978,-71.4966
3.695,-69.8462,-70.2816,-70.6635,-70.9683,-71.2003,-71.3715,-71.4941,-71.5789,-71.6348,-71.6687,-71.6859,-71.6906,-71.6857,-71.6736,-71.6561,-71.6345,-71.6097,-71.5825,-71.5536,-71.5235,-71.4926,-71.4612,-71.4298,-71.3989,-71.3688,-71.3402,-71.3138,-71.2905,-71.2717,-71.2592,-71.2555,-71.2642,-71.2895,-71.3364,-71.4084,-71.5071
3.7,-69.8454,-70.2821,-70.6651,-70.9709,-71.2039,-71.3758,-71.499,-71.5843,-71.6406,-71.6748,-71.6924,-71.6972,-71.6926,-71.6807,-71.6634,-71.6419,-71.6173,-71.5903,-71.5616,-71.5316,-71.5009,-71.4697,-71.4386,-71.4078,-71.3779,-71.3495,-71.3233,-71.3002,-71.2816,-71.2692,-71.2657,-71.2745,-71.3,-71.3469,-71.4189,-71.5175
3.705,-69.8446,-70.2825,-70.6667,-70.9735,-71.2074,-71.38,-71.5039,-71.5897,-71.6464,-71.681,-71.6987,-71.7039,-71.6994,-71.6878,-71.6706,-71.6493,-71.6249,-71.5981,-71.5695,-71.5397,-71.5092,-71.4782,-71.4472,-71.4167,-71.387,-71.3588,-71.3327,-71.3098,-71.2914,-71.2792,-71.2759,-71.2848,-71.3104,-71.3573,-71.4293,-71.5279
3.71,-69.8438,-70.2828,-70.6682,-70.9761,-71.2109,-71.3843,-71.5087,-71.595,-71.6521,-71.687,-71.7051,-71.7105,-71.7063,-71.6948,-71.6778,-71.6567,-71.6324,-71.6058,-71.5774,-71.5478,-71.5174,-71.4866,-71.4558,-71.4255,-71.396,-71.368,-71.3421,-71.3194,-71.3012,-71.2892,-71.286,-71.2951,-71.3207,-71.3677,-71.4397,-71.5382
3.715,-69.8428,-70.2831,-70.6697,-70.9786,-71.2143,-71.3885,-71.5135,-71.6003,-71.6579,-71.6931,-71.7114,-71.7171,-71.7131,-71.7018,-71.685,-71.664,-71.6399,-71.6135,-71.5853,-71.5558,-71.5256,-71.495,-71.4644,-71.4342,-71.405,-71.3771,-71.3515,-71.329,-71.3109,-71.2991,-71.2961,-71.3053,-71.331,-71.378,-71.45,-71.5484
3.72,-69.8418,-70.2834,-70.6711,-70.9811,-71.2177,-71.3926,-71.5183,-71.6056,-71.6635,-71.6991,-71.7178,-71.7236,-71.7198,-71.7087,-71.6921,-71.6713,-71.6474,-71.6211,-71.5931,-71.5638,-71.5338,-71.5034,-71.473,-71.443,-71.4139,-71.3862,-71.3608,-71.3385,-71.3206,-71.3089,-71.3061,-71.3154,-71.3412,-71.3883,-71.4603,-71.5586
3.725,-69.8408,-70.2836,-70.6724,-70.9835,-71.221,-71.3967,-71.523,-71.6109,-71.6692,-71.7051,-71.724,-71.7301,-71.7265,-71.7157,-71.6992,-71.6786,-71.6549,-71.6287,-71.6009,-71.5718,-71.5419,-71.5117,-71.4814,-71.4516,-71.4227,-71.3953,-71.37,-71.3479,-71.3302,-71.3187,-71.316,-71.3254,-71.3514,-71.3985,-71.4704,-71.5687
3.73,-69.8397,-70.2837,-70.6738,-70.9859,-71.2243,-71.4008,-71.5277,-71.6161,-71.6748,-71.7111,-71.7303,-71.7366,-71.7333,-71.7225,-71.7063,-71.6859,-71.6623,-71.6363,-71.6086,-71.5797,-71.55,-71.52,-71.4899,-71.4603,-71.4316,-71.4043,-71.3792,-71.3573,-71.3398,-71.3284,-71.3259,-71.3354,-71.3615,-71.4086,-71.4805,-71.5787
3.735,-69.8385,-70.2838,-70.675,-70.9883,-71.2276,-71.4048,-71.5324,-71.6213,-71.6804,-71.717,-71.7365,-71.7431,-71.7399,-71.7294,-71.7133,-71.6931,-71.6697,-71.6439,-71.6163,-71.5876,-71.5581,-71.5282,-71.4983,-71.4689,-71.4403,-71.4133,-71.3884,-71.3666,-71.3493,-71.3381,-71.3357,-71.3454,-71.3715,-71.4187,-71.4906,-71.5887
3.74,-69.8373,-70.2838,-70.6762,-70.9906,-71.2308,-71.4089,-71.537,-71.6264,-71.686,-71.7229,-71.7427,-71.7495,-71.7466,-71.7363,-71.7204,-71.7003,-71.677,-71.6514,-71.624,-71.5954,-71.5661,-71.5364,-71.5067,-71.4774,-71.4491,-71.4222,-71.3975,-71.3759,-71.3587,-71.3477,-71.3454,-71.3552,-71.3814,-71.4287,-71.5006,-71.5986
3.745,-69.836,-70.2837,-70.6774,-70.9928,-71.234,-71.4128,-71.5417,-71.6316,-71.6916,-71.7288,-71.7489,-71.756,-71.7532,-71.7431,-71.7274,-71.7074,-71.6843,-71.6589,-71.6317,-71.6033,-71.5741,-71.5445,-71.515,-71.4859,-71.4577,-71.431,-71.4065,-71.3851,-71.3681,-71.3573,-71.3551,-71.3651,-71.3913,-71.4386,-71.5105,-71.6085
3.75,-69.8346,-70.2836,-70.6785,-70.995,-71.2372,-71.4168,-71.5462,-71.6367,-71.6971,-71.7347,-71.7551,-71.7624,-71.7598,-71.7499,-71.7343,-71.7146,-71.6916,-71.6663,-71.6393,-71.611,-71.582,-71.5526,-71.5233,-71.4944,-71.4664,-71.4399,-71.4155,-71.3943,-71.3774,-71.3668,-71.3648,-71.3748,-71.4012,-71.4485,-71.5204,-71.6183
3.755,-69.8332,-70.2835,-70.6796,-70.9972,-71.2403,-71.4207,-71.5508,-71.6417,-71.7026,-71.7405,-71.7612,-71.7687,-71.7664,-71.7566,-71.7413,-71.7217,-71.6989,-71.6737,-71.6469,-71.6188,-71.5899,-71.5607,-71.5315,-71.5028,-71.475,-71.4486,-71.4245,-71.4034,-71.3867,-71.3762,-71.3744,-71.3845,-71.411,-71.4584,-71.5302,-71.628
3.76,-69.8317,-70.2833,-70.6806,-70.9993,-71.2434,-71.4246,-71.5553,-71.6468,-71.7081,-71.7464,-71.7673,-71.7751,-71.7729,-71.7634,-71.7482,-71.7287,-71.7061,-71.6811,-71.6544,-71.6265,-71.5978,-71.5687,-71.5397,-71.5112,-71.4835,-71.4574,-71.4334,-71.4125,-71.396,-71.3856,-71.3839,-71.3942,-71.4207,-71.4681,-71.5399,-71.6377
3.765,-69.8302,-70.283,-70.6816,-71.0014,-71.2464,-71.4284,-71.5598,-71.6518,-71.7135,-71.7522,-71.7733,-71.7814,-71.7795,-71.7701,-71.7551,-71.7358,-71.7133,-71.6885,-71.6619,-71.6342,-71.6056,-71.5767,-71.5479,-71.5195,-71.4921,-71.466,-71.4422,-71.4215,-71.4052,-71.395,-71.3934,-71.4038,-71.4304,-71.4778,-71.5496,-71.6473
3.77,-69.8286,-70.2827,-70.6825,-71.0035,-71.2495,-71.4322,-71.5643,-71.6568,-71.7189,-71.7579,-71.7794,-71.7877,-71.786,-71.7768,-71.7619,-71.7428,-71.7205,-71.6958,-71.6694,-71.6418,-71.6134,-71.5847,-71.556,-71.5278,-71.5005,-71.4747,-71.451,-71.4305,-71.4143,-71.4043,-71.4028,-71.4133,-71.44,-71.4875,-71.5593,-71.6569
3.775,-69.827,-70.2823,-70.6834,-71.0055,-71.2524,-71.436,-71.5687,-71.6618,-71.7243,-71.7637,-71.7854,-71.7939,-71.7924,-71.7834,-71.7687,-71.7498,-71.7276,-71.7031,-71.6769,-71.6494,-71.6212,-71.5926,-71.5641,-71.5361,-71.5089,-71.4833,-71.4598,-71.4394,-71.4234,-71.4135,-71.4122,-71.4228,-71.4496,-71.4971,-71.5689,-71.6664
3.78,-69.8252,-70.2819,-70.6842,-71.0074,-71.2554,-71.4397,-71.5731,-71.6667,-71.7297,-71.7694,-71.7914,-71.8002,-71.7989,-71.7901,-71.7756,-71.7568,-71.7348,-71.7104,-71.6843,-71.657,-71.6289,-71.6005,-71.5722,-71.5443,-71.5173,-71.4918,-71.4685,-71.4483,-71.4324,-71.4227,-71.4215,-71.4322,-71.4591,-71.5066,-71.5784,-71.6758
3.785,-69.8234,-70.2814,-70.685,-71.0093,-71.2582,-71.4434,-71.5775,-71.6716,-71.735,-71.7751,-71.7974,-71.8064,-71.8053,-71.7967,-71.7823,-71.7637,-71.7419,-71.7176,-71.6917,-71.6645,-71.6366,-71.6084,-71.5802,-71.5525,-71.5257,-71.5004,-71.4772,-71.4571,-71.4414,-71.4318,-71.4308,-71.4416,-71.4685,-71.5161,-71.5879,-71.6852
3.79,-69.8216,-70.2809,-70.6857,-71.0112,-71.2611,-71.4471,-71.5818,-71.6765,-71.7403,-71.7807,-71.8034,-71.8126,-71.8117,-71.8033,-71.7891,-71.7706,-71.7489,-71.7248,-71.699,-71.672,-71.6443,-71.6162,-71.5882,-71.5606,-71.534,-71.5088,-71.4858,-71.4659,-71.4504,-71.4409,-71.44,-71.4509,-71.4779,-71.5256,-71.5973,-71.6946
3.795,-69.8197,-70.2803,-70.6864,-71.013,-71.2639,-71.4508,-71.5862,-71.6814,-71.7456,-71.7864,-71.8093,-71.8187,-71.8181,-71.8098,-71.7958,-71.7775,-71.756,-71.732,-71.7064,-71.6795,-71.6519,-71.624,-71.5961,-71.5687,-71.5422,-71.5172,-71.4944,-71.4747,-71.4593,-71.45,-71.4492,-71.4602,-71.4873,-71.5349,-71.6066,-71.7039
3.8,-69.8177,-70.2796,-70.687,-71.0148,-71.2667,-71.4544,-71.5904,-71.6862,-71.7509,-71.792,-71.8152,-71.8249,-71.8244,-71.8164,-71.8025,-71.7844,-71.763,-71.7392,-71.7137,-71.687,-71.6595,-71.6317,-71.604,-71.5768,-71.5505,-71.5256,-71.503,-71.4834,-71.4681,-71.459,-71.4583,-71.4694,-71.4966,-71.5443,-71.6159,-71.7131
3.805,-69.8157,-70.2789,-70.6876,-71.0165,-71.2694,-71.458,-71.5947,-71.691,-71.7561,-71.7976,-71.8211,-71.831,-71.8308,-71.8229,-71.8092,-71.7912,-71.7699,-71.7463,-71.7209,-71.6944,-71.6671,-71.6395,-71.6119,-71.5848,-71.5586,-71.534,-71.5115,-71.492,-71.4769,-71.4679,-71.4674,-71.4786,-71.5058,-71.5535,-71.6252,-71.7223
3.81,-69.8136,-70.2782,-70.6881,-71.0182,-71.2722,-71.4615,-71.5989,-71.6958,-71.7614,-71.8031,-71.8269,-71.8371,-71.8371,-71.8294,-71.8158,-71.798,-71.7769,-71.7534,-71.7282,-71.7018,-71.6746,-71.6471,-71.6197,-71.5928,-71.5668,-71.5423,-71.5199,-71.5007,-71.4857,-71.4768,-71.4764,-71.4877,-71.515,-71.5628,-71.6344,-71.7314
3.815,-69.8115,-70.2773,-70.6886,-71.0199,-71.2748,-71.465,-71.6031,-71.7005,-71.7665,-71.8087,-71.8328,-71.8432,-71.8434,-71.8358,-71.8225,-71.8048,-71.7838,-71.7605,-71.7354,-71.7091,-71.6821,-71.6548,-71.6275,-71.6007,-71.5749,-71.5505,-71.5283,-71.5092,-71.4944,-71.4857,-71.4854,-71.4968,-71.5242,-71.5719,-71.6435,-71.7405
3.82,-69.8092,-70.2765,-70.689,-71.0215,-71.2775,-71.4685,-71.6073,-71.7052,-71.7717,-71.8142,-71.8386,-71.8493,-71.8496,-71.8423,-71.8291,-71.8115,-71.7907,-71.7675,-71.7426,-71.7165,-71.6896,-71.6624,-71.6353,-71.6087,-71.583,-71.5588,-71.5367,-71.5178,-71.5031,-71.4945,-71.4943,-71.5058,-71.5333,-71.581,-71.6526,-71.7495
3.825,-69.807,-70.2755,-70.6894,-71.0231,-71.2801,-71.4719,-71.6114,-71.7099,-71.7769,-71.8197,-71.8444,-71.8553,-71.8559,-71.8487,-71.8357,-71.8183,-71.7976,-71.7745,-71.7497,-71.7238,-71.697,-71.67,-71.643,-71.6165,-71.591,-71.5669,-71.5451,-71.5262,-71.5117,-71.5032,-71.5032,-71.5148,-71.5423,-71.5901,-71.6617,-71.7585
3.83,-69.8046,-70.2745,-70.6897,-71.0246,-71.2826,-71.4754,-71.6156,-71.7146,-71.782,-71.8252,-71.8501,-71.8613,-71.8621,-71.8551,-71.8422,-71.825,-71.8045,-71.7815,-71.7569,-71.731,-71.7044,-71.6775,-71.6507,-71.6244,-71.599,-71.5751,-71.5534,-71.5347,-71.5203,-71.5119,-71.512,-71.5237,-71.5513,-71.5991,-71.6707,-71.7674
3.835,-69.8022,-70.2735,-70.69,-71.0261,-71.2851,-71.4788,-71.6196,-71.7193,-71.7871,-71.8307,-71.8559,-71.8673,-71.8683,-71.8615,-71.8488,-71.8317,-71.8113,-71.7885,-71.764,-71.7383,-71.7118,-71.6851,-71.6584,-71.6322,-71.607,-71.5832,-71.5616,-71.5431,-71.5288,-71.5206,-71.5208,-71.5326,-71.5602,-71.6081,-71.6796,-71.7763
3.84,-69.7997,-70.2724,-70.6902,-71.0275,-71.2876,-71.4821,-71.6237,-71.7239,-71.7921,-71.8361,-71.8616,-71.8733,-71.8745,-71.8678,-71.8553,-71.8383,-71.8181,-71.7954,-71.7711,-71.7455,-71.7192,-71.6926,-71.666,-71.64,-71.6149,-71.5913,-71.5698,-71.5514,-71.5373,-71.5292,-71.5295,-71.5415,-71.5691,-71.617,-71.6885,-71.7851
3.845,-69.7972,-70.2712,-70.6904,-71.0289,-71.2901,-71.4854,-71.6277,-71.7285,-71.7972,-71.8415,-71.8673,-71.8792,-71.8806,-71.8741,-71.8618,-71.845,-71.8249,-71.8024,-71.7781,-71.7527,-71.7265,-71.7,-71.6736,-71.6477,-71.6228,-71.5993,-71.578,-71.5597,-71.5458,-71.5378,-71.5382,-71.5502,-71.578,-71.6259,-71.6974,-71.7939
3.85,-69.7946,-70.27,-70.6905,-71.0303,-71.2925,-71.4887,-71.6317,-71.733,-71.8022,-71.8469,-71.873,-71.8851,-71.8868,-71.8805,-71.8682,-71.8516,-71.8316,-71.8093,-71.7851,-71.7598,-71.7338,-71.7074,-71.6812,-71.6554,-71.6306,-71.6073,-71.5861,-71.568,-71.5542,-71.5463,-71.5469,-71.559,-71.5868,-71.6347,-71.7062,-71.8026
3.855,-69.7919,-70.2687,-70.6906,-71.0316,-71.2949,-71.492,-71.6357,-71.7376,-71.8072,-71.8523,-71.8787,-71.8911,-71.8929,-71.8867,-71.8747,-71.8582,-71.8384,-71.8161,-71.7921,-71.767,-71.7411,-71.7148,-71.6887,-71.6631,-71.6384,-71.6152,-71.5942,-71.5763,-71.5626,-71.5548,-71.5555,-71.5677,-71.5955,-71.6435,-71.715,-71.8113
3.86,-69.7892,-70.2674,-70.6907,-71.0329,-71.2972,-71.4952,-71.6397,-71.7421,-71.8122,-71.8576,-71.8843,-71.8969,-71.899,-71.893,-71.8811,-71.8648,-71.8451,-71.823,-71.7991,-71.7741,-71.7483,-71.7222,-71.6962,-71.6707,-71.6462,-71.6232,-71.6023,-71.5845,-71.5709,-71.5633,-71.564,-71.5763,-71.6043,-71.6522,-71.7237,-71.82
3.865,-69.7864,-70.266,-70.6906,-71.0341,-71.2995,-71.4984,-71.6436,-71.7466,-71.8172,-71.8629,-71.8899,-71.9028,-71.905,-71.8993,-71.8875,-71.8713,-71.8518,-71.8298,-71.8061,-71.7811,-71.7555,-71.7296,-71.7037,-71.6784,-71.654,-71.6311,-71.6103,-71.5926,-71.5792,-71.5717,-71.5725,-71.5849,-71.6129,-71.6609,-71.7323,-71.8285
3.87,-69.7836,-70.2645,-70.6906,-71.0353,-71.3018,-71.5016,-71.6475,-71.7511,-71.8221,-71.8682,-71.8956,-71.9087,-71.9111,-71.9055,-71.8939,-71.8778,-71.8584,-71.8366,-71.813,-71.7882,-71.7627,-71.7369,-71.7112,-71.6859,-71.6617,-71.6389,-71.6183,-71.6007,-71.5874,-71.5801,-71.581,-71.5935,-71.6215,-71.6696,-71.741,-71.8371
3.875,-69.7807,-70.263,-70.6905,-71.0365,-71.304,-71.5047,-71.6513,-71.7555,-71.827,-71.8735,-71.9011,-71.9145,-71.9171,-71.9117,-71.9003,-71.8843,-71.8651,-71.8433,-71.8199,-71.7952,-71.7698,-71.7441,-71.7186,-71.6935,-71.6694,-71.6467,-71.6263,-71.6088,-71.5956,-71.5884,-71.5895,-71.602,-71.6301,-71.6782,-71.7495,-71.8456
3.88,-69.7777,-70.2615,-70.6903,-71.0376,-71.3062,-71.5078,-71.6552,-71.76,-71.8319,-71.8788,-71.9067,-71.9203,-71.9231,-71.9179,-71.9066,-71.8908,-71.8717,-71.8501,-71.8267,-71.8022,-71.777,-71.7514,-71.7259,-71.701,-71.677,-71.6545,-71.6342,-71.6169,-71.6038,-71.5967,-71.5978,-71.6105,-71.6387,-71.6867,-71.7581,-71.854
3.885,-69.7746,-70.2598,-70.6901,-71.0386,-71.3084,-71.5109,-71.659,-71.7644,-71.8368,-71.884,-71.9122,-71.9261,-71.9291,-71.9241,-71.9129,-71.8973,-71.8783,-71.8568,-71.8336,-71.8092,-71.784,-71.7586,-71.7333,-71.7085,-71.6846,-71.6623,-71.6421,-71.6249,-71.6119,-71.6049,-71.6062,-71.6189,-71.6471,-71.6952,-71.7665,-71.8625
3.89,-69.7715,-70.2582,-70.6898,-71.0396,-71.3105,-71.5139,-71.6628,-71.7688,-71.8416,-71.8893,-71.9178,-71.9318,-71.9351,-71.9302,-71.9192,-71.9037,-71.8849,-71.8635,-71.8404,-71.8161,-71.7911,-71.7658,-71.7406,-71.7159,-71.6922,-71.67,-71.6499,-71.6329,-71.62,-71.6132,-71.6145,-71.6273,-71.6556,-71.7037,-71.775,-71.8708
3.895,-69.7683,-70.2564,-70.6895,-71.0406,-71.3126,-71.5169,-71.6665,-71.7731,-71.8465,-71.8945,-71.9233,-71.9376,-71.941,-71.9363,-71.9255,-71.9101,-71.8914,-71.8702,-71.8472,-71.8231,-71.7982,-71.773,-71.7479,-71.7234,-71.6998,-71.6777,-71.6577,-71.6408,-71.6281,-71.6213,-71.6228,-71.6357,-71.664,-71.7121,-71.7834,-71.8792
3.9,-69.7651,-70.2546,-70.6891,-71.0415,-71.3146,-71.5199,-71.6703,-71.7774,-71.8513,-71.8997,-71.9288,-71.9433,-71.947,-71.9424,-71.9318,-71.9166,-71.8979,-71.8769,-71.854,-71.83,-71.8052,-71.7801,-71.7552,-71.7308,-71.7073,-71.6853,-71.6655,-71.6487,-71.6361,-71.6294,-71.631,-71.644,-71.6724,-71.7205,-71.7917,-71.8874
3.905,-69.7617,-70.2528,-70.6887,-71.0424,-71.3167,-71.5229,-71.674,-71.7817,-71.8561,-71.9048,-71.9342,-71.949,-71.9529,-71.9485,-71.938,-71.9229,-71.9044,-71.8835,-71.8608,-71.8368,-71.8122,-71.7873,-71.7624,-71.7381,-71.7148,-71.6929,-71.6732,-71.6566,-71.6441,-71.6375,-71.6392,-71.6522,-71.6807,-71.7288,-71.8,-71.8957
3.91,-69.7583,-70.2508,-70.6882,-71.0433,-71.3186,-71.5258,-71.6777,-71.786,-71.8608,-71.91,-71.9397,-71.9547,-71.9588,-71.9546,-71.9443,-71.9293,-71.9109,-71.8901,-71.8675,-71.8437,-71.8192,-71.7943,-71.7696,-71.7455,-71.7222,-71.7005,-71.6809,-71.6644,-71.652,-71.6456,-71.6474,-71.6605,-71.689,-71.7371,-71.8083,-71.9039
3.915,-69.7549,-70.2489,-70.6877,-71.0441,-71.3206,-71.5287,-71.6813,-71.7903,-71.8656,-71.9151,-71.9451,-71.9604,-71.9647,-71.9607,-71.9505,-71.9356,-71.9174,-71.8967,-71.8742,-71.8505,-71.8261,-71.8014,-71.7768,-71.7528,-71.7297,-71.7081,-71.6886,-71.6722,-71.66,-71.6536,-71.6555,-71.6687,-71.6972,-71.7454,-71.8166,-71.912
3.92,-69.7514,-70.2468,-70.6871,-71.0448,-71.3225,-71.5315,-71.6849,-71.7945,-71.8703,-71.9202,-71.9505,-71.9661,-71.9705,-71.9667,-71.9566,-71.942,-71.9239,-71.9033,-71.8809,-71.8573,-71.833,-71.8084,-71.784,-71.76,-71.7371,-71.7156,-71.6962,-71.6799,-71.6678,-71.6616,-71.6635,-71.6768,-71.7054,-71.7536,-71.8247,-71.9202
3.925,-69.7478,-70.2447,-70.6865,-71.0455,-71.3243,-71.5344,-71.6885,-71.7988,-71.875,-71.9253,-71.9559,-71.9717,-71.9764,-71.9727,-71.9628,-71.9483,-71.9303,-71.9098,-71.8876,-71.8641,-71.8399,-71.8155,-71.7911,-71.7673,-71.7444,-71.7231,-71.7039,-71.6877,-71.6757,-71.6695,-71.6716,-71.6849,-71.7136,-71.7618,-71.8329,-71.9282
3.93,-69.7441,-70.2425,-70.6858,-71.0462,-71.3262,-71.5372,-71.6921,-71.8029,-71.8797,-71.9304,-71.9613,-71.9773,-71.9822,-71.9787,-71.969,-71.9546,-71.9367,-71.9163,-71.8942,-71.8709,-71.8468,-71.8224,-71.7982,-71.7745,-71.7518,-71.7305,-71.7114,-71.6954,-71.6835,-71.6775,-71.6796,-71.693,-71.7217,-71.7699,-71.841,-71.9363
3.935,-69.7404,-70.2403,-70.685,-71.0468,-71.328,-71.5399,-71.6957,-71.8071,-71.8843,-71.9354,-71.9666,-71.9829,-71.988,-71.9847,-71.9751,-71.9608,-71.9431,-71.9229,-71.9008,-71.8776,-71.8536,-71.8294,-71.8053,-71.7817,-71.7591,-71.738,-71.719,-71.703,-71.6913,-71.6853,-71.6875,-71.701,-71.7298,-71.778,-71.8491,-71.9443
3.94,-69.7366,-70.238,-70.6842,-71.0474,-71.3297,-71.5427,-71.6992,-71.8113,-71.889,-71.9404,-71.972,-71.9885,-71.9938,-71.9907,-71.9812,-71.9671,-71.9495,-71.9293,-71.9074,-71.8843,-71.8605,-71.8363,-71.8123,-71.7889,-71.7664,-71.7454,-71.7265,-71.7106,-71.699,-71.6932,-71.6955,-71.709,-71.7378,-71.7861,-71.8571,-71.9522
3.945,-69.7327,-70.2357,-70.6834,-71.0479,-71.3315,-71.5454,-71.7027,-71.8154,-71.8936,-71.9454,-71.9773,-71.9941,-71.9996,-71.9966,-71.9873,-71.9733,-71.9558,-71.9358,-71.914,-71.891,-71.8673,-71.8433,-71.8194,-71.796,-71.7736,-71.7527,-71.734,-71.7182,-71.7067,-71.701,-71.7034,-71.717,-71.7458,-71.7941,-71.8651,-71.9602
3.95,-69.7287,-70.2333,-70.6825,-71.0484,-71.3332,-71.548,-71.7062,-71.8195,-71.8982,-71.9504,-71.9826,-71.9997,-72.0054,-72.0026,-71.9934,-71.9795,-71.9622,-71.9423,-71.9206,-71.8977,-71.8741,-71.8502,-71.8264,-71.8031,-71.7808,-71.7601,-71.7414,-71.7258,-71.7144,-71.7087,-71.7112,-71.7249,-71.7538,-71.8021,-71.873,-71.9681
3.955,-69.7247,-70.2308,-70.6816,-71.0489,-71.3348,-71.5507,-71.7096,-71.8236,-71.9028,-71.9554,-71.9879,-72.0052,-72.0111,-72.0085,-71.9995,-71.9857,-71.9685,-71.9487,-71.9271,-71.9043,-71.8808,-71.857,-71.8334,-71.8102,-71.788,-71.7674,-71.7489,-71.7333,-71.722,-71.7165,-71.719,-71.7328,-71.7617,-71.81,-71.881,-71.9759
3.96,-69.7206,-70.2282,-70.6806,-71.0493,-71.3364,-71.5533,-71.713,-71.8276,-71.9073,-71.9604,-71.9932,-72.0107,-72.0168,-72.0144,-72.0055,-71.9919,-71.9748,-71.9551,-71.9336,-71.9109,-71.8876,-71.8639,-71.8403,-71.8173,-71.7952,-71.7747,-71.7562,-71.7408,-71.7296,-71.7242,-71.7268,-71.7407,-71.7696,-71.8179,-71.8888,-71.9837
3.965,-69.7165,-70.2256,-70.6795,-71.0497,-71.338,-71.5559,-71.7164,-71.8317,-71.9119,-71.9653,-71.9984,-72.0162,-72.0226,-72.0203,-72.0115,-71.9981,-71.9811,-71.9615,-71.9401,-71.9176,-71.8943,-71.8707,-71.8472,-71.8243,-71.8024,-71.7819,-71.7636,-71.7483,-71.7372,-71.7318,-71.7346,-71.7485,-71.7775,-71.8258,-71.8967,-71.9915
3.97,-69.7122,-70.223,-70.6784,-71.05,-71.3395,-71.5584,-71.7198,-71.8357,-71.9164,-71.9702,-72.0037,-72.0217,-72.0283,-72.0261,-72.0176,-72.0042,-71.9873,-71.9679,-71.9466,-71.9241,-71.901,-71.8775,-71.8541,-71.8313,-71.8095,-71.7891,-71.771,-71.7558,-71.7447,-71.7395,-71.7423,-71.7563,-71.7853,-71.8336,-71.9045,-71.9992
3.975,-69.7079,-70.2203,-70.6773,-71.0502,-71.341,-71.561,-71.7231,-71.8397,-71.9209,-71.9752,-72.0089,-72.0272,-72.0339,-72.032,-72.0236,-72.0103,-71.9936,-71.9742,-71.9531,-71.9307,-71.9076,-71.8843,-71.861,-71.8383,-71.8166,-71.7963,-71.7783,-71.7632,-71.7522,-71.7471,-71.75,-71.764,-71.7931,-71.8414,-71.9123,-72.0069
3.98,-69.7035,-70.2175,-70.676,-71.0505,-71.3425,-71.5635,-71.7265,-71.8437,-71.9254,-71.98,-72.0141,-72.0327,-72.0396,-72.0378,-72.0295,-72.0164,-71.9998,-71.9806,-71.9595,-71.9373,-71.9143,-71.891,-71.8679,-71.8453,-71.8236,-71.8035,-71.7855,-71.7705,-71.7597,-71.7547,-71.7576,-71.7717,-71.8009,-71.8492,-71.92,-72.0146
3.985,-69.6991,-70.2146,-70.6748,-71.0507,-71.3439,-71.5659,-71.7297,-71.8476,-71.9299,-71.9849,-72.0193,-72.0381,-72.0452,-72.0436,-72.0355,-72.0225,-72.006,-71.9869,-71.966,-71.9438,-71.9209,-71.8977,-71.8747,-71.8522,-71.8307,-71.8107,-71.7928,-71.7779,-71.7672,-71.7622,-71.7653,-71.7794,-71.8086,-71.8569,-71.9277,-72.0222
3.99,-69.6945,-70.2117,-70.6734,-71.0508,-71.3453,-71.5684,-71.733,-71.8515,-71.9343,-71.9898,-72.0245,-72.0435,-72.0509,-72.0494,-72.0415,-72.0286,-72.0122,-71.9932,-71.9724,-71.9503,-71.9275,-71.9044,-71.8815,-71.8591,-71.8377,-71.8178,-71.8,-71.7852,-71.7746,-71.7697,-71.7729,-71.7871,-71.8163,-71.8646,-71.9354,-72.0298
3.995,-69.6899,-70.2087,-70.6721,-71.0509,-71.3467,-71.5708,-71.7363,-71.8555,-71.9388,-71.9946,-72.0296,-72.049,-72.0565,-72.0552,-72.0474,-72.0347,-72.0184,-71.9995,-71.9788,-71.9568,-71.9341,-71.9111,-71.8883,-71.866,-71.8447,-71.8249,-71.8072,-71.7925,-71.782,-71.7772,-71.7804,-71.7947,-71.8239,-71.8723,-71.943,-72.0374
4,-69.6852,-70.2056,-70.6706,-71.0509,-71.348,-71.5731,-71.7395,-71.8593,-71.9432,-71.9994,-72.0348,-72.0544,-72.0621,-72.061,-72.0533,-72.0407,-72.0246,-72.0058,-71.9851,-71.9633,-71.9407,-71.9178,-71.8951,-71.8729,-71.8517,-71.8319,-71.8144,-71.7998,-71.7893,-71.7846,-71.7879,-71.8023,-71.8316,-71.8799,-71.9506,-72.0449
4.005,-69.6805,-70.2025,-70.6691,-71.0509,-71.3493,-71.5755,-71.7427,-71.8632,-71.9476,-72.0042,-72.0399,-72.0597,-72.0677,-72.0668,-72.0592,-72.0468,-72.0307,-72.012,-71.9915,-71.9697,-71.9472,-71.9245,-71.9018,-71.8797,-71.8586,-71.839,-71.8215,-71.807,-71.7967,-71.792,-71.7954,-71.8098,-71.8391,-71.8875,-71.9582,-72.0524
4.01,-69.6756,-70.1993,-70.6676,-71.0509,-71.3506,-71.5778,-71.7458,-71.8671,-71.9519,-72.009,-72.045,-72.0651,-72.0733,-72.0725,-72.0651,-72.0528,-72.0368,-72.0182,-71.9978,-71.9762,-71.9538,-71.9311,-71.9085,-71.8865,-71.8655,-71.846,-71.8286,-71.8142,-71.804,-71.7994,-71.8029,-71.8174,-71.8467,-71.8951,-71.9657,-72.0599
4.015,-69.6707,-70.196,-70.666,-71.0508,-71.3518,-71.5801,-71.749,-71.8709,-71.9563,-72.0138,-72.0501,-72.0705,-72.0788,-72.0783,-72.071,-72.0588,-72.043,-72.0245,-72.0041,-71.9826,-71.9603,-71.9377,-71.9152,-71.8933,-71.8724,-71.853,-71.8357,-71.8214,-71.8112,-71.8068,-71.8103,-71.8248,-71.8542,-71.9026,-71.9732,-72.0673
4.02,-69.6657,-70.1927,-70.6643,-71.0507,-71.3529,-71.5823,-71.7521,-71.8747,-71.9606,-72.0185,-72.0552,-72.0758,-72.0844,-72.084,-72.0769,-72.0648,-72.049,-72.0307,-72.0104,-71.989,-71.9668,-71.9443,-71.9219,-71.9001,-71.8793,-71.86,-71.8428,-71.8286,-71.8185,-71.8141,-71.8177,-71.8323,-71.8617,-71.9101,-71.9807,-72.0747
4.025,-69.6606,-70.1893,-70.6626,-71.0505,-71.3541,-71.5845,-71.7552,-71.8785,-71.965,-72.0233,-72.0603,-72.0811,-72.0899,-72.0897,-72.0827,-72.0708,-72.0551,-72.0369,-72.0167,-71.9953,-71.9732,-71.9508,-71.9286,-71.9069,-71.8861,-71.8669,-71.8498,-71.8357,-71.8257,-71.8214,-71.8251,-71.8397,-71.8692,-71.9176,-71.9881,-72.082
4.03,-69.6554,-70.1858,-70.6608,-71.0502,-71.3552,-71.5867,-71.7583,-71.8822,-71.9693,-72.028,-72.0653,-72.0865,-72.0955,-72.0954,-72.0886,-72.0767,-72.0612,-72.043,-72.023,-72.0017,-71.9797,-71.9574,-71.9352,-71.9136,-71.893,-71.8738,-71.8568,-71.8428,-71.8329,-71.8287,-71.8324,-71.8471,-71.8766,-71.925,-71.9955,-72.0894
4.035,-69.6502,-70.1823,-70.659,-71.05,-71.3562,-71.5889,-71.7613,-71.886,-71.9735,-72.0327,-72.0704,-72.0918,-72.101,-72.1011,-72.0944,-72.0827,-72.0673,-72.0492,-72.0293,-72.0081,-71.9861,-71.9639,-71.9418,-71.9203,-71.8998,-71.8807,-71.8638,-71.8499,-71.8401,-71.8359,-71.8398,-71.8545,-71.884,-71.9324,-72.0029,-72.0967
4.04,-69.6449,-70.1787,-70.6571,-71.0496,-71.3572,-71.591,-71.7643,-71.8897,-71.9778,-72.0374,-72.0754,-72.097,-72.1065,-72.1067,-72.1002,-72.0886,-72.0733,-72.0553,-72.0355,-72.0144,-71.9925,-71.9704,-71.9484,-71.927,-71.9065,-71.8876,-71.8708,-71.8569,-71.8472,-71.8432,-71.847,-71.8618,-71.8914,-71.9398,-72.0102,-72.104
4.045,-69.6395,-70.175,-70.6551,-71.0493,-71.3582,-71.5931,-71.7673,-71.8934,-71.9821,-72.0421,-72.0804,-72.1023,-72.1119,-72.1124,-72.106,-72.0945,-72.0793,-72.0615,-72.0417,-72.0207,-71.9989,-71.9769,-71.955,-71.9337,-71.9133,-71.8944,-71.8777,-71.864,-71.8543,-71.8503,-71.8543,-71.8691,-71.8987,-71.9471,-72.0175,-72.1112
4.05,-69.634,-70.1712,-70.6531,-71.0488,-71.3592,-71.5952,-71.7703,-71.8971,-71.9863,-72.0468,-72.0854,-72.1076,-72.1174,-72.118,-72.1118,-72.1004,-72.0854,-72.0676,-72.0479,-72.027,-72.0053,-71.9834,-71.9616,-71.9403,-71.92,-71.9013,-71.8846,-71.871,-71.8614,-71.8575,-71.8615,-71.8764,-71.906,-71.9544,-72.0248,-72.1184
4.055,-69.6284,-70.1674,-70.651,-71.0484,-71.3601,-71.5972,-71.7732,-71.9007,-71.9905,-72.0514,-72.0904,-72.1128,-72.1229,-72.1236,-72.1175,-72.1063,-72.0913,-72.0737,-72.0541,-72.0333,-72.0117,-71.9898,-71.9681,-71.947,-71.9268,-71.9081,-71.8915,-71.8779,-71.8685,-71.8647,-71.8687,-71.8837,-71.9133,-71.9617,-72.032,-72.1256
4.06,-69.6227,-70.1635,-70.6489,-71.0479,-71.3609,-71.5992,-71.7762,-71.9044,-71.9947,-72.056,-72.0953,-72.1181,-72.1283,-72.1293,-72.1233,-72.1122,-72.0973,-72.0798,-72.0603,-72.0395,-72.0181,-71.9963,-71.9746,-71.9536,-71.9335,-71.9149,-71.8984,-71.8849,-71.8755,-71.8718,-71.8759,-71.8909,-71.9206,-71.969,-72.0393,-72.1327
4.065,-69.617,-70.1595,-70.6467,-71.0473,-71.3618,-71.6012,-71.7791,-71.908,-71.9989,-72.0606,-72.1003,-72.1233,-72.1337,-72.1349,-72.129,-72.1181,-72.1033,-72.0858,-72.0664,-72.0458,-72.0244,-72.0027,-71.9812,-71.9602,-71.9401,-71.9216,-71.9052,-71.8918,-71.8825,-71.8788,-71.883,-71.8981,-71.9278,-71.9762,-72.0465,-72.1399
4.07,-69.6111,-70.1555,-70.6445,-71.0467,-71.3626,-71.6032,-71.7819,-71.9116,-72.003,-72.0652,-72.1052,-72.1285,-72.1392,-72.1405,-72.1348,-72.1239,-72.1093,-72.0919,-72.0726,-72.052,-72.0307,-72.0091,-71.9876,-71.9667,-71.9468,-71.9284,-71.9121,-71.8987,-71.8895,-71.8859,-71.8902,-71.9053,-71.935,-71.9834,-72.0536,-72.147
4.075,-69.6052,-70.1514,-70.6422,-71.046,-71.3633,-71.6051,-71.7848,-71.9151,-72.0072,-72.0698,-72.1102,-72.1337,-72.1446,-72.146,-72.1405,-72.1298,-72.1152,-72.0979,-72.0787,-72.0582,-72.037,-72.0155,-71.9941,-71.9733,-71.9534,-71.9351,-71.9189,-71.9056,-71.8965,-71.8929,-71.8973,-71.9124,-71.9422,-71.9906,-72.0608,-72.154
4.08,-69.5992,-70.1471,-70.6398,-71.0453,-71.364,-71.607,-71.7876,-71.9187,-72.0113,-72.0744,-72.1151,-72.1389,-72.15,-72.1516,-72.1462,-72.1356,-72.1211,-72.104,-72.0848,-72.0644,-72.0433,-72.0219,-72.0006,-71.9798,-71.96,-71.9418,-71.9257,-71.9125,-71.9034,-71.8999,-71.9043,-71.9195,-71.9493,-71.9977,-72.0679,-72.1611
4.085,-69.5931,-70.1429,-70.6373,-71.0445,-71.3647,-71.6088,-71.7904,-71.9222,-72.0154,-72.079,-72.12,-72.144,-72.1553,-72.1572,-72.1519,-72.1414,-72.1271,-72.11,-72.0909,-72.0706,-72.0496,-72.0282,-72.007,-71.9863,-71.9666,-71.9485,-71.9324,-71.9193,-71.9103,-71.9069,-71.9114,-71.9266,-71.9564,-72.0048,-72.0749,-72.1681
4.09,-69.5869,-70.1385,-70.6348,-71.0437,-71.3653,-71.6106,-71.7932,-71.9258,-72.0195,-72.0835,-72.1249,-72.1492,-72.1607,-72.1627,-72.1576,-72.1472,-72.133,-72.116,-72.097,-72.0768,-72.0558,-72.0345,-72.0134,-71.9928,-71.9732,-71.9551,-71.9391,-71.9261,-71.9172,-71.9139,-71.9184,-71.9337,-71.9635,-72.0119,-72.082,-72.1751
4.095,-69.5806,-70.1341,-70.6322,-71.0428,-71.3659,-71.6124,-71.7959,-71.9293,-72.0236,-72.088,-72.1298,-72.1543,-72.1661,-72.1682,-72.1632,-72.153,-72.1389,-72.122,-72.1031,-72.083,-72.0621,-72.0409,-72.0198,-71.9993,-71.9798,-71.9617,-71.9459,-71.9329,-71.9241,-71.9208,-71.9254,-71.9407,-71.9706,-72.019,-72.089,-72.182
4.1,-69.5742,-70.1296,-70.6296,-71.0419,-71.3665,-71.6142,-71.7986,-71.9327,-72.0277,-72.0925,-72.1346,-72.1595,-72.1714,-72.1738,-72.1689,-72.1588,-72.1448,-72.1279,-72.1092,-72.0891,-72.0683,-72.0472,-72.0262,-72.0057,-71.9863,-71.9684,-71.9526,-71.9397,-71.9309,-71.9277,-71.9324,-71.9477,-71.9776,-72.026,-72.096,-72.1889
4.105,-69.5677,-70.125,-70.6269,-71.0409,-71.367,-71.6159,-71.8013,-71.9362,-72.0317,-72.097,-72.1395,-72.1646,-72.1768,-72.1793,-72.1746,-72.1645,-72.1506,-72.1339,-72.1152,-72.0952,-72.0745,-72.0535,-72.0325,-72.0122,-71.9928,-71.975,-71.9592,-71.9464,-71.9377,-71.9346,-71.9393,-71.9547,-71.9846,-72.033,-72.103,-72.1958
4.11,-69.5611,-70.1203,-70.6241,-71.0399,-71.3675,-71.6176,-71.804,-71.9396,-72.0357,-72.1015,-72.1443,-72.1697,-72.1821,-72.1848,-72.1802,-72.1703,-72.1565,-72.1399,-72.1213,-72.1013,-72.0807,-72.0597,-72.0389,-72.0186,-71.9993,-71.9815,-71.9659,-71.9532,-71.9445,-71.9415,-71.9462,-71.9617,-71.9916,-72.04,-72.1099,-72.2027
4.115,-69.5544,-70.1155,-70.6213,-71.0388,-71.3679,-71.6193,-71.8066,-71.943,-72.0397,-72.106,-72.1491,-72.1748,-72.1874,-72.1902,-72.1858,-72.176,-72.1623,-72.1458,-72.1273,-72.1075,-72.0869,-72.066,-72.0452,-72.025,-72.0058,-71.9881,-71.9725,-71.9599,-71.9513,-71.9483,-71.9531,-71.9686,-71.9986,-72.047,-72.1169,-72.2096
4.12,-69.5477,-70.1107,-70.6184,-71.0377,-71.3683,-71.6209,-71.8093,-71.9464,-72.0437,-72.1105,-72.1539,-72.1799,-72.1927,-72.1957,-72.1914,-72.1818,-72.1682,-72.1517,-72.1333,-72.1135,-72.093,-72.0722,-72.0515,-72.0314,-72.0123,-71.9946,-71.9791,-71.9666,-71.9581,-71.9551,-71.96,-71.9756,-72.0055,-72.0539,-72.1237,-72.2164
4.125,-69.5408,-70.1058,-70.6154,-71.0365,-71.3686,-71.6225,-71.8119,-71.9498,-72.0477,-72.1149,-72.1587,-72.185,-72.198,-72.2012,-72.1971,-72.1875,-72.174,-72.1576,-72.1393,-72.1196,-72.0992,-72.0784,-72.0578,-72.0378,-72.0187,-72.0012,-71.9857,-71.9732,-71.9648,-71.9619,-71.9669,-71.9824,-72.0124,-72.0608,-72.1306,-72.2232
4.13,-69.5338,-70.1008,-70.6124,-71.0353,-71.3689,-71.6241,-71.8144,-71.9532,-72.0517,-72.1193,-72.1635,-72.19,-72.2033,-72.2066,-72.2027,-72.1932,-72.1798,-72.1635,-72.1453,-72.1257,-72.1053,-72.0847,-72.0641,-72.0441,-72.0252,-72.0077,-71.9923,-71.9799,-71.9715,-71.9687,-71.9737,-71.9893,-72.0193,-72.0677,-72.1375,-72.23
4.135,-69.5267,-70.0957,-70.6093,-71.034,-71.3692,-71.6256,-71.817,-71.9565,-72.0556,-72.1237,-72.1683,-72.1951,-72.2086,-72.2121,-72.2082,-72.1989,-72.1856,-72.1694,-72.1513,-72.1317,-72.1114,-72.0909,-72.0704,-72.0505,-72.0316,-72.0141,-71.9989,-71.9865,-71.9782,-71.9755,-71.9805,-71.9962,-72.0262,-72.0745,-72.1443,-72.2367
4.14,-69.5196,-70.0905,-70.6061,-71.0327,-71.3694,-71.6271,-71.8195,-71.9598,-72.0596,-72.1281,-72.1731,-72.2001,-72.2138,-72.2175,-72.2138,-72.2046,-72.1914,-72.1753,-72.1572,-72.1378,-72.1176,-72.097,-72.0767,-72.0568,-72.038,-72.0206,-72.0054,-71.9931,-71.9849,-71.9822,-71.9873,-72.003,-72.033,-72.0814,-72.1511,-72.2435
4.145,-69.5123,-70.0852,-70.6029,-71.0313,-71.3696,-71.6286,-71.822,-71.9631,-72.0635,-72.1325,-72.1778,-72.2052,-72.2191,-72.223,-72.2194,-72.2103,-72.1972,-72.1812,-72.1632,-72.1438,-72.1237,-72.1032,-72.0829,-72.0631,-72.0443,-72.0271,-72.0119,-71.9997,-71.9915,-71.9889,-71.994,-72.0098,-72.0398,-72.0882,-72.1578,-72.2502
4.15,-69.5049,-70.0798,-70.5996,-71.0298,-71.3697,-71.63,-71.8245,-71.9664,-72.0674,-72.1369,-72.1826,-72.2102,-72.2243,-72.2284,-72.2249,-72.216,-72.203,-72.187,-72.1691,-72.1498,-72.1297,-72.1094,-72.0891,-72.0694,-72.0507,-72.0335,-72.0184,-72.0063,-71.9982,-71.9956,-72.0008,-72.0166,-72.0466,-72.095,-72.1646,-72.2568
4.155,-69.4974,-70.0744,-70.5962,-71.0283,-71.3698,-71.6314,-71.8269,-71.9696,-72.0713,-72.1413,-72.1873,-72.2152,-72.2296,-72.2338,-72.2305,-72.2216,-72.2087,-72.1929,-72.175,-72.1558,-72.1358,-72.1155,-72.0953,-72.0757,-72.0571,-72.0399,-72.0249,-72.0128,-72.0048,-72.0023,-72.0075,-72.0233,-72.0534,-72.1017,-72.1713,-72.2635
4.16,-69.4898,-70.0689,-70.5927,-71.0267,-71.3699,-71.6328,-71.8293,-71.9729,-72.0751,-72.1456,-72.192,-72.2202,-72.2348,-72.2392,-72.236,-72.2273,-72.2145,-72.1987,-72.181,-72.1618,-72.1419,-72.1216,-72.1015,-72.082,-72.0634,-72.0463,-72.0314,-72.0193,-72.0114,-72.0089,-72.0142,-72.03,-72.0602,-72.1085,-72.178,-72.2701
4.165,-69.4821,-70.0632,-70.5892,-71.0251,-71.3699,-71.6341,-71.8317,-71.9761,-72.079,-72.15,-72.1967,-72.2252,-72.24,-72.2446,-72.2416,-72.2329,-72.2202,-72.2046,-72.1869,-72.1678,-72.1479,-72.1278,-72.1077,-72.0882,-72.0697,-72.0527,-72.0378,-72.0259,-72.0179,-72.0156,-72.0209,-72.0368,-72.0669,-72.1152,-72.1847,-72.2767
4.17,-69.4742,-70.0575,-70.5856,-71.0234,-71.3698,-71.6354,-71.8341,-71.9793,-72.0828,-72.1543,-72.2014,-72.2302,-72.2452,-72.25,-72.2471,-72.2386,-72.226,-72.2104,-72.1928,-72.1738,-72.154,-72.1339,-72.1139,-72.0944,-72.076,-72.0591,-72.0442,-72.0323,-72.0245,-72.0222,-72.0275,-72.0434,-72.0736,-72.1219,-72.1914,-72.2833
4.175,-69.4663,-70.0517,-70.5819,-71.0217,-71.3698,-71.6367,-71.8364,-71.9825,-72.0866,-72.1586,-72.2061,-72.2352,-72.2504,-72.2553,-72.2526,-72.2442,-72.2317,-72.2162,-72.1986,-72.1797,-72.16,-72.1399,-72.12,-72.1007,-72.0823,-72.0654,-72.0507,-72.0388,-72.031,-72.0288,-72.0342,-72.0501,-72.0803,-72.1286,-72.198,-72.2899
4.18,-69.4582,-70.0458,-70.5781,-71.0199,-71.3696,-71.6379,-71.8387,-71.9856,-72.0904,-72.1629,-72.2108,-72.2401,-72.2556,-72.2607,-72.2581,-72.2498,-72.2374,-72.222,-72.2045,-72.1857,-72.166,-72.146,-72.1262,-72.1069,-72.0886,-72.0717,-72.0571,-72.0453,-72.0375,-72.0353,-72.0408,-72.0568,-72.0869,-72.1352,-72.2046,-72.2965
4.185,-69.4501,-70.0397,-70.5743,-71.018,-71.3695,-71.6391,-71.841,-71.9888,-72.0942,-72.1672,-72.2154,-72.2451,-72.2608,-72.266,-72.2636,-72.2554,-72.2431,-72.2278,-72.2104,-72.1916,-72.172,-72.1521,-72.1323,-72.1131,-72.0948,-72.0781,-72.0634,-72.0517,-72.044,-72.0419,-72.0474,-72.0634,-72.0936,-72.1418,-72.2112,-72.303
4.19,-69.4418,-70.0336,-70.5704,-71.0161,-71.3692,-71.6403,-71.8433,-71.9919,-72.098,-72.1714,-72.2201,-72.25,-72.2659,-72.2714,-72.2691,-72.261,-72.2488,-72.2336,-72.2162,-72.1975,-72.178,-72.1581,-72.1384,-72.1192,-72.1011,-72.0844,-72.0698,-72.0582,-72.0505,-72.0484,-72.0539,-72.07,-72.1002,-72.1485,-72.2178,-72.3095
4.195,-69.4334,-70.0274,-70.5664,-71.0141,-71.369,-71.6414,-71.8455,-71.995,-72.1017,-72.1757,-72.2247,-72.255,-72.2711,-72.2767,-72.2745,-72.2666,-72.2545,-72.2393,-72.2221,-72.2034,-72.184,-72.1642,-72.1445,-72.1254,-72.1073,-72.0907,-72.0761,-72.0646,-72.057,-72.0549,-72.0605,-72.0766,-72.1068,-72.155,-72.2243,-72.316
4.2,-69.4248,-70.0211,-70.5623,-71.0121,-71.3687,-71.6425,-71.8477,-71.998,-72.1055,-72.1799,-72.2293,-72.2599,-72.2762,-72.282,-72.28,-72.2722,-72.2602,-72.2451,-72.2279,-72.2093,-72.1899,-72.1702,-72.1506,-72.1316,-72.1135,-72.0969,-72.0825,-72.0709,-72.0634,-72.0614,-72.067,-72.0832,-72.1134,-72.1616,-72.2309,-72.3224
4.205,-69.4162,-70.0147,-70.5581,-71.01,-71.3683,-71.6436,-71.8499,-72.0011,-72.1092,-72.1842,-72.234,-72.2648,-72.2814,-72.2874,-72.2855,-72.2778,-72.2658,-72.2508,-72.2337,-72.2152,-72.1959,-72.1762,-72.1567,-72.1377,-72.1197,-72.1032,-72.0888,-72.0773,-72.0699,-72.0679,-72.0736,-72.0897,-72.1199,-72.1682,-72.2374,-72.3289
4.21,-69.4074,-70.0082,-70.5539,-71.0078,-71.3679,-71.6446,-71.8521,-72.0041,-72.1129,-72.1884,-72.2386,-72.2697,-72.2865,-72.2927,-72.2909,-72.2833,-72.2715,-72.2566,-72.2396,-72.2211,-72.2018,-72.1822,-72.1628,-72.1438,-72.1259,-72.1094,-72.0951,-72.0837,-72.0763,-72.0744,-72.0801,-72.0962,-72.1265,-72.1747,-72.2439,-72.3353
4.215,-69.3985,-70.0016,-70.5496,-71.0056,-71.3674,-71.6456,-71.8542,-72.0071,-72.1166,-72.1926,-72.2432,-72.2746,-72.2916,-72.298,-72.2964,-72.2889,-72.2771,-72.2623,-72.2454,-72.227,-72.2078,-72.1882,-72.1688,-72.1499,-72.132,-72.1157,-72.1014,-72.09,-72.0827,-72.0808,-72.0866,-72.1028,-72.133,-72.1812,-72.2503,-72.3417
4.22,-69.3895,-69.9948,-70.5452,-71.0033,-71.3669,-71.6466,-71.8563,-72.0101,-72.1203,-72.1968,-72.2478,-72.2795,-72.2968,-72.3033,-72.3018,-72.2944,-72.2828,-72.2681,-72.2512,-72.2328,-72.2137,-72.1942,-72.1749,-72.156,-72.1382,-72.1219,-72.1077,-72.0964,-72.089,-72.0872,-72.093,-72.1092,-72.1395,-72.1877,-72.2568,-72.3481
4.225,-69.3803,-69.988,-70.5407,-71.001,-71.3664,-71.6475,-71.8584,-72.0131,-72.1239,-72.201,-72.2523,-72.2844,-72.3019,-72.3086,-72.3072,-72.3,-72.2884,-72.2738,-72.257,-72.2387,-72.2196,-72.2002,-72.1809,-72.1621,-72.1443,-72.1281,-72.1139,-72.1027,-72.0954,-72.0936,-72.0995,-72.1157,-72.146,-72.1942,-72.2632,-72.3544
4.23,-69.371,-69.981,-70.5361,-70.9985,-71.3658,-71.6484,-71.8605,-72.0161,-72.1276,-72.2051,-72.2569,-72.2892,-72.307,-72.3138,-72.3127,-72.3055,-72.2941,-72.2795,-72.2627,-72.2445,-72.2255,-72.2062,-72.1869,-72.1682,-72.1505,-72.1343,-72.1201,-72.109,-72.1018,-72.1,-72.1059,-72.1222,-72.1525,-72.2006,-72.2696,-72.3608
4.235,-69.3616,-69.974,-70.5314,-70.996,-71.3652,-71.6492,-71.8625,-72.019,-72.1312,-72.2093,-72.2615,-72.2941,-72.3121,-72.3191,-72.3181,-72.3111,-72.2997,-72.2852,-72.2685,-72.2504,-72.2314,-72.2121,-72.1929,-72.1743,-72.1566,-72.1404,-72.1264,-72.1152,-72.1081,-72.1064,-72.1123,-72.1286,-72.1589,-72.207,-72.276,-72.3671
4.24,-69.352,-69.9668,-70.5267,-70.9935,-71.3644,-71.65,-71.8645,-72.0219,-72.1348,-72.2134,-72.266,-72.2989,-72.3171,-72.3244,-72.3235,-72.3166,-72.3053,-72.2909,-72.2743,-72.2562,-72.2373,-72.218,-72.1989,-72.1803,-72.1627,-72.1466,-72.1326,-72.1215,-72.1144,-72.1128,-72.1187,-72.135,-72.1653,-72.2135,-72.2824,-72.3734
4.245,-69.3423,-69.9595,-70.5218,-70.9908,-71.3637,-71.6508,-71.8664,-72.0248,-72.1384,-72.2176,-72.2705,-72.3038,-72.3222,-72.3296,-72.3289,-72.3221,-72.3109,-72.2966,-72.28,-72.262,-72.2432,-72.224,-72.2049,-72.1864,-72.1688,-72.1527,-72.1388,-72.1278,-72.1207,-72.1191,-72.1251,-72.1414,-72.1717,-72.2199,-72.2887,-72.3797
4.25,-69.3324,-69.9521,-70.5169,-70.9881,-71.3629,-71.6515,-71.8684,-72.0277,-72.142,-72.2217,-72.2751,-72.3086,-72.3273,-72.3349,-72.3343,-72.3276,-72.3165,-72.3022,-72.2858,-72.2678,-72.249,-72.2299,-72.2109,-72.1924,-72.1749,-72.1589,-72.145,-72.134,-72.127,-72.1254,-72.1315,-72.1478,-72.1781,-72.2262,-72.2951,-72.3859
4.255,-69.3224,-69.9446,-70.5119,-70.9854,-71.362,-71.6522,-71.8703,-72.0305,-72.1455,-72.2258,-72.2796,-72.3134,-72.3324,-72.3401,-72.3397,-72.3331,-72.3221,-72.3079,-72.2915,-72.2736,-72.2549,-72.2358,-72.2168,-72.1984,-72.181,-72.165,-72.1512,-72.1402,-72.1333,-72.1318,-72.1378,-72.1542,-72.1845,-72.2326,-72.3014,-72.3922
4.26,-69.3123,-69.9369,-70.5067,-70.9825,-71.3611,-71.6529,-71.8722,-72.0334,-72.1491,-72.2299,-72.2841,-72.3183,-72.3374,-72.3454,-72.345,-72.3386,-72.3277,-72.3136,-72.2972,-72.2794,-72.2607,-72.2417,-72.2228,-72.2044,-72.187,-72.1711,-72.1573,-72.1464,-72.1395,-72.1381,-72.1441,-72.1606,-72.1909,-72.2389,-72.3077,-72.3984
4.265,-69.302,-69.9292,-70.5015,-70.9796,-71.3602,-71.6535,-71.874,-72.0362,-72.1526,-72.234,-72.2886,-72.3231,-72.3425,-72.3506,-72.3504,-72.3441,-72.3333,-72.3192,-72.303,-72.2852,-72.2666,-72.2476,-72.2287,-72.2104,-72.1931,-72.1772,-72.1635,-72.1526,-72.1458,-72.1443,-72.1505,-72.1669,-72.1972,-72.2453,-72.314,-72.4046
4.27,-69.2915,-69.9213,-70.4962,-70.9766,-71.3592,-71.6541,-71.8759,-72.0389,-72.1561,-72.238,-72.2931,-72.3279,-72.3475,-72.3558,-72.3558,-72.3495,-72.3388,-72.3249,-72.3087,-72.291,-72.2724,-72.2535,-72.2347,-72.2164,-72.1991,-72.1833,-72.1696,-72.1588,-72.152,-72.1506,-72.1567,-72.1732,-72.2036,-72.2516,-72.3202,-72.4109
4.275,-69.2809,-69.9132,-70.4908,-70.9736,-71.3581,-71.6546,-71.8776,-72.0417,-72.1596,-72.2421,-72.2975,-72.3327,-72.3525,-72.361,-72.3611,-72.355,-72.3444,-72.3305,-72.3144,-72.2968,-72.2783,-72.2594,-72.2406,-72.2224,-72.2051,-72.1894,-72.1757,-72.165,-72.1582,-72.1569,-72.163,-72.1795,-72.2099,-72.2579,-72.3265,-72.417
4.28,-69.2701,-69.9051,-70.4853,-70.9705,-71.357,-71.6551,-71.8794,-72.0445,-72.1631,-72.2461,-72.302,-72.3374,-72.3576,-72.3662,-72.3665,-72.3605,-72.35,-72.3362,-72.3201,-72.3025,-72.2841,-72.2653,-72.2465,-72.2283,-72.2111,-72.1954,-72.1818,-72.1711,-72.1644,-72.1631,-72.1693,-72.1858,-72.2162,-72.2641,-72.3327,-72.4232
4.285,-69.2592,-69.8968,-70.4797,-70.9672,-71.3558,-71.6556,-71.8812,-72.0472,-72.1666,-72.2502,-72.3065,-72.3422,-72.3626,-72.3715,-72.3718,-72.366,-72.3555,-72.3418,-72.3258,-72.3083,-72.2899,-72.2711,-72.2524,-72.2343,-72.2171,-72.2015,-72.1879,-72.1773,-72.1706,-72.1693,-72.1756,-72.1921,-72.2224,-72.2704,-72.3389,-72.4293
4.29,-69.2481,-69.8884,-70.4739,-70.964,-71.3546,-71.656,-71.8829,-72.0499,-72.1701,-72.2542,-72.3109,-72.347,-72.3676,-72.3766,-72.3772,-72.3714,-72.3611,-72.3474,-72.3315,-72.314,-72.2957,-72.277,-72.2583,-72.2402,-72.2231,-72.2075,-72.194,-72.1834,-72.1768,-72.1755,-72.1818,-72.1983,-72.2287,-72.2766,-72.3451,-72.4355
4.295,-69.2369,-69.8798,-70.4681,-70.9606,-71.3533,-71.6564,-71.8845,-72.0526,-72.1735,-72.2582,-72.3154,-72.3517,-72.3726,-72.3818,-72.3825,-72.3769,-72.3666,-72.353,-72.3372,-72.3198,-72.3015,-72.2828,-72.2642,-72.2462,-72.2291,-72.2135,-72.2001,-72.1895,-72.1829,-72.1817,-72.188,-72.2046,-72.2349,-72.2829,-72.3513,-72.4416
4.3,-69.2254,-69.8712,-70.4622,-70.9571,-71.3519,-71.6567,-71.8862,-72.0552,-72.1769,-72.2622,-72.3198,-72.3565,-72.3776,-72.387,-72.3878,-72.3823,-72.3721,-72.3586,-72.3428,-72.3255,-72.3073,-72.2886,-72.2701,-72.2521,-72.2351,-72.2196,-72.2062,-72.1956,-72.1891,-72.1879,-72.1942,-72.2108,-72.2412,-72.2891,-72.3575,-72.4477
4.305,-69.2138,-69.8623,-70.4561,-70.9536,-71.3505,-71.657,-71.8878,-72.0579,-72.1803,-72.2662,-72.3242,-72.3612,-72.3826,-72.3922,-72.3932,-72.3877,-72.3777,-72.3642,-72.3485,-72.3312,-72.313,-72.2945,-72.276,-72.258,-72.2411,-72.2256,-72.2122,-72.2017,-72.1952,-72.1941,-72.2004,-72.217,-72.2474,-72.2953,-72.3636,-72.4538
4.31,-69.2021,-69.8534,-70.45,-70.95,-71.349,-71.6572,-71.8894,-72.0605,-72.1837,-72.2701,-72.3286,-72.366,-72.3876,-72.3974,-72.3985,-72.3932,-72.3832,-72.3698,-72.3542,-72.3369,-72.3188,-72.3003,-72.2818,-72.2639,-72.247,-72.2316,-72.2182,-72.2078,-72.2013,-72.2002,-72.2066,-72.2232,-72.2536,-72.3015,-72.3698,-72.4598
4.315,-69.1901,-69.8442,-70.4437,-70.9463,-71.3475,-71.6574,-71.891,-72.0631,-72.1871,-72.2741,-72.333,-72.3707,-72.3925,-72.4025,-72.4038,-72.3986,-72.3887,-72.3754,-72.3598,-72.3427,-72.3246,-72.3061,-72.2877,-72.2698,-72.253,-72.2376,-72.2243,-72.2139,-72.2074,-72.2064,-72.2128,-72.2294,-72.2598,-72.3076,-72.3759,-72.4659
4.32,-69.178,-69.835,-70.4373,-70.9426,-71.3459,-71.6576,-71.8925,-72.0656,-72.1904,-72.2781,-72.3374,-72.3754,-72.3975,-72.4077,-72.4091,-72.404,-72.3942,-72.381,-72.3655,-72.3484,-72.3303,-72.3119,-72.2935,-72.2757,-72.2589,-72.2435,-72.2303,-72.2199,-72.2135,-72.2125,-72.2189,-72.2356,-72.266,-72.3138,-72.382,-72.4719
4.325,-69.1657,-69.8256,-70.4309,-70.9387,-71.3443,-71.6577,-71.894,-72.0682,-72.1938,-72.282,-72.3418,-72.3801,-72.4025,-72.4129,-72.4144,-72.4094,-72.3997,-72.3866,-72.3711,-72.3541,-72.3361,-72.3177,-72.2994,-72.2816,-72.2648,-72.2495,-72.2363,-72.226,-72.2196,-72.2186,-72.2251,-72.2418,-72.2721,-72.3199,-72.3881,-72.478
4.33,-69.1532,-69.816,-70.4242,-70.9347,-71.3425,-71.6578,-71.8954,-72.0707,-72.1971,-72.2859,-72.3461,-72.3849,-72.4074,-72.418,-72.4197,-72.4148,-72.4052,-72.3922,-72.3768,-72.3597,-72.3418,-72.3235,-72.3052,-72.2875,-72.2707,-72.2555,-72.2423,-72.232,-72.2257,-72.2247,-72.2312,-72.2479,-72.2783,-72.326,-72.3942,-72.484
4.335,-69.1404,-69.8063,-70.4175,-70.9307,-71.3408,-71.6578,-71.8969,-72.0732,-72.2004,-72.2898,-72.3505,-72.3896,-72.4124,-72.4232,-72.425,-72.4202,-72.4107,-72.3978,-72.3824,-72.3654,-72.3475,-72.3293,-72.311,-72.2933,-72.2766,-72.2614,-72.2483,-72.238,-72.2317,-72.2308,-72.2373,-72.254,-72.2844,-72.3322,-72.4002,-72.49
4.34,-69.1275,-69.7964,-70.4107,-70.9266,-71.3389,-71.6578,-71.8983,-72.0757,-72.2037,-72.2937,-72.3549,-72.3942,-72.4173,-72.4283,-72.4303,-72.4257,-72.4162,-72.4033,-72.388,-72.3711,-72.3533,-72.335,-72.3169,-72.2992,-72.2825,-72.2673,-72.2543,-72.2441,-72.2378,-72.2369,-72.2435,-72.2602,-72.2905,-72.3383,-72.4063,-72.4959
4.345,-69.1144,-69.7863,-70.4037,-70.9224,-71.337,-71.6577,-71.8996,-72.0781,-72.207,-72.2976,-72.3592,-72.3989,-72.4223,-72.4334,-72.4356,-72.431,-72.4217,-72.4089,-72.3936,-72.3768,-72.359,-72.3408,-72.3227,-72.3051,-72.2884,-72.2733,-72.2602,-72.2501,-72.2438,-72.243,-72.2495,-72.2663,-72.2966,-72.3443,-72.4123,-72.5019
4.35,-69.1011,-69.7761,-70.3966,-70.918,-71.335,-71.6576,-71.901,-72.0806,-72.2102,-72.3015,-72.3635,-72.4036,-72.4272,-72.4386,-72.4408,-72.4364,-72.4272,-72.4144,-72.3993,-72.3825,-72.3647,-72.3466,-72.3285,-72.3109,-72.2943,-72.2792,-72.2662,-72.2561,-72.2499,-72.249,-72.2556,-72.2724,-72.3027,-72.3504,-72.4184,-72.5079
4.355,-69.0876,-69.7657,-70.3893,-70.9136,-71.333,-71.6575,-71.9023,-72.083,-72.2135,-72.3053,-72.3679,-72.4083,-72.4321,-72.4437,-72.4461,-72.4418,-72.4327,-72.42,-72.4049,-72.3881,-72.3704,-72.3523,-72.3343,-72.3167,-72.3002,-72.2851,-72.2721,-72.262,-72.2559,-72.2551,-72.2617,-72.2784,-72.3088,-72.3565,-72.4244,-72.5138
4.36,-69.0739,-69.7552,-70.382,-70.9091,-71.3309,-71.6572,-71.9035,-72.0853,-72.2167,-72.3092,-72.3722,-72.4129,-72.4371,-72.4488,-72.4514,-72.4472,-72.4381,-72.4255,-72.4105,-72.3938,-72.3761,-72.3581,-72.34,-72.3226,-72.306,-72.291,-72.2781,-72.268,-72.2619,-72.2611,-72.2678,-72.2845,-72.3148,-72.3625,-72.4304,-72.5197
4.365,-69.0599,-69.7444,-70.3745,-70.9045,-71.3287,-71.657,-71.9048,-72.0877,-72.2199,-72.313,-72.3765,-72.4176,-72.442,-72.4539,-72.4566,-72.4526,-72.4436,-72.4311,-72.4161,-72.3994,-72.3818,-72.3638,-72.3458,-72.3284,-72.3119,-72.2969,-72.284,-72.274,-72.2679,-72.2672,-72.2738,-72.2906,-72.3209,-72.3685,-72.4363,-72.5257
4.37,-69.0457,-69.7335,-70.3668,-70.8998,-71.3264,-71.6567,-71.9059,-72.09,-72.2231,-72.3169,-72.3808,-72.4222,-72.4469,-72.459,-72.4619,-72.458,-72.4491,-72.4366,-72.4217,-72.4051,-72.3875,-72.3695,-72.3516,-72.3342,-72.3177,-72.3028,-72.2899,-72.2799,-72.2739,-72.2732,-72.2798,-72.2966,-72.3269,-72.3746,-72.4423,-72.5316
4.375,-69.0313,-69.7224,-70.3591,-70.895,-71.3241,-71.6563,-71.9071,-72.0923,-72.2262,-72.3207,-72.3851,-72.4269,-72.4518,-72.4641,-72.4672,-72.4633,-72.4545,-72.4421,-72.4273,-72.4107,-72.3932,-72.3753,-72.3574,-72.34,-72.3236,-72.3087,-72.2958,-72.2859,-72.2798,-72.2792,-72.2859,-72.3027,-72.333,-72.3806,-72.4483,-72.5374
4.38,-69.0167,-69.7111,-70.3512,-70.8901,-71.3217,-71.6559,-71.9082,-72.0946,-72.2294,-72.3245,-72.3894,-72.4315,-72.4567,-72.4692,-72.4724,-72.4687,-72.46,-72.4477,-72.4329,-72.4164,-72.3989,-72.381,-72.3631,-72.3458,-72.3294,-72.3145,-72.3017,-72.2918,-72.2858,-72.2852,-72.2919,-72.3087,-72.339,-72.3866,-72.4542,-72.5433
4.385,-69.0018,-69.6997,-70.3431,-70.8851,-71.3192,-71.6554,-71.9093,-72.0969,-72.2325,-72.3283,-72.3936,-72.4362,-72.4616,-72.4743,-72.4777,-72.4741,-72.4654,-72.4532,-72.4384,-72.422,-72.4046,-72.3867,-72.3689,-72.3516,-72.3353,-72.3204,-72.3076,-72.2977,-72.2918,-72.2911,-72.2979,-72.3147,-72.345,-72.3925,-72.4602,-72.5492
4.39,-68.9867,-69.688,-70.3349,-70.88,-71.3167,-71.6549,-71.9104,-72.0991,-72.2357,-72.332,-72.3979,-72.4408,-72.4665,-72.4794,-72.4829,-72.4794,-72.4709,-72.4587,-72.444,-72.4276,-72.4102,-72.3924,-72.3746,-72.3574,-72.3411,-72.3262,-72.3135,-72.3037,-72.2977,-72.2971,-72.3039,-72.3207,-72.351,-72.3985,-72.4661,-72.555
4.395,-68.9713,-69.6761,-70.3265,-70.8748,-71.3141,-71.6544,-71.9114,-72.1013,-72.2388,-72.3358,-72.4021,-72.4454,-72.4714,-72.4845,-72.4881,-72.4848,-72.4763,-72.4642,-72.4496,-72.4333,-72.4159,-72.3981,-72.3804,-72.3632,-72.3469,-72.3321,-72.3194,-72.3096,-72.3037,-72.3031,-72.3099,-72.3267,-72.357,-72.4045,-72.472,-72.5609
4.4,-68.9557,-69.6641,-70.318,-70.8694,-71.3113,-71.6537,-71.9124,-72.1035,-72.2418,-72.3395,-72.4064,-72.45,-72.4763,-72.4896,-72.4934,-72.4901,-72.4818,-72.4697,-72.4552,-72.4389,-72.4216,-72.4038,-72.3861,-72.3689,-72.3527,-72.3379,-72.3253,-72.3155,-72.3096,-72.309,-72.3158,-72.3326,-72.3629,-72.4104,-72.4779,-72.5667
4.405,-68.9398,-69.6518,-70.3093,-70.864,-71.3086,-71.6531,-71.9133,-72.1057,-72.2449,-72.3433,-72.4106,-72.4546,-72.4811,-72.4947,-72.4986,-72.4955,-72.4872,-72.4753,-72.4607,-72.4445,-72.4272,-72.4095,-72.3919,-72.3747,-72.3585,-72.3438,-72.3311,-72.3214,-72.3155,-72.315,-72.3218,-72.3386,-72.3689,-72.4163,-72.4838,-72.5725
4.41,-68.9237,-69.6393,-70.3005,-70.8584,-71.3057,-71.6523,-71.9142,-72.1078,-72.2479,-72.347,-72.4148,-72.4592,-72.486,-72.4997,-72.5038,-72.5008,-72.4926,-72.4808,-72.4663,-72.4501,-72.4329,-72.4152,-72.3976,-72.3804,-72.3643,-72.3496,-72.337,-72.3273,-72.3214,-72.3209,-72.3277,-72.3446,-72.3749,-72.4223,-72.4896,-72.5783
4.415,-68.9072,-69.6266,-70.2915,-70.8527,-71.3027,-71.6515,-71.915,-72.1099,-72.251,-72.3507,-72.4191,-72.4638,-72.4909,-72.5048,-72.509,-72.5062,-72.4981,-72.4863,-72.4719,-72.4557,-72.4385,-72.4209,-72.4033,-72.3862,-72.3701,-72.3554,-72.3428,-72.3331,-72.3273,-72.3268,-72.3337,-72.3505,-72.3808,-72.4282,-72.4955,-72.5841
4.42,-68.8905,-69.6136,-70.2824,-70.8469,-71.2997,-71.6507,-71.9159,-72.112,-72.254,-72.3544,-72.4233,-72.4684,-72.4957,-72.5099,-72.5143,-72.5115,-72.5035,-72.4918,-72.4774,-72.4613,-72.4442,-72.4266,-72.409,-72.392,-72.3758,-72.3612,-72.3487,-72.339,-72.3332,-72.3328,-72.3396,-72.3565,-72.3867,-72.4341,-72.5014,-72.5899
4.425,-68.8735,-69.6005,-70.273,-70.841,-71.2966,-71.6498,-71.9166,-72.114,-72.257,-72.3581,-72.4275,-72.4729,-72.5006,-72.5149,-72.5195,-72.5168,-72.5089,-72.4973,-72.483,-72.4669,-72.4498,-72.4323,-72.4147,-72.3977,-72.3816,-72.367,-72.3545,-72.3449,-72.3391,-72.3387,-72.3455,-72.3624,-72.3926,-72.44,-72.5072,-72.5957
4.43,-68.8562,-69.5871,-70.2635,-70.8349,-71.2934,-71.6488,-71.9174,-72.116,-72.2599,-72.3618,-72.4317,-72.4775,-72.5054,-72.52,-72.5247,-72.5222,-72.5143,-72.5027,-72.4885,-72.4725,-72.4555,-72.4379,-72.4204,-72.4034,-72.3874,-72.3728,-72.3603,-72.3507,-72.345,-72.3446,-72.3514,-72.3683,-72.3986,-72.4458,-72.513,-72.6014
4.435,-68.8386,-69.5734,-70.2538,-70.8288,-71.2901,-71.6478,-71.9181,-72.118,-72.2629,-72.3654,-72.4358,-72.4821,-72.5103,-72.525,-72.5299,-72.5275,-72.5198,-72.5082,-72.4941,-72.4781,-72.4611,-72.4436,-72.4261,-72.4092,-72.3932,-72.3786,-72.3662,-72.3566,-72.3508,-72.3504,-72.3573,-72.3742,-72.4044,-72.4517,-72.5188,-72.6072
4.44,-68.8207,-69.5596,-70.244,-70.8224,-71.2867,-71.6467,-71.9187,-72.12,-72.2658,-72.3691,-72.44,-72.4866,-72.5151,-72.5301,-72.5351,-72.5328,-72.5252,-72.5137,-72.4996,-72.4837,-72.4667,-72.4493,-72.4318,-72.4149,-72.3989,-72.3844,-72.372,-72.3624,-72.3567,-72.3563,-72.3632,-72.3801,-72.4103,-72.4576,-72.5247,-72.6129
4.445,-68.8025,-69.5454,-70.2339,-70.816,-71.2832,-71.6455,-71.9193,-72.1219,-72.2687,-72.3727,-72.4442,-72.4912,-72.5199,-72.5351,-72.5403,-72.5381,-72.5306,-72.5192,-72.5051,-72.4893,-72.4724,-72.4549,-72.4375,-72.4206,-72.4047,-72.3902,-72.3778,-72.3682,-72.3626,-72.3622,-72.3691,-72.386,-72.4162,-72.4634,-72.5305,-72.6187
4.45,-68.784,-69.531,-70.2237,-70.8094,-71.2796,-71.6443,-71.9199,-72.1238,-72.2716,-72.3763,-72.4483,-72.4957,-72.5248,-72.5402,-72.5455,-72.5434,-72.536,-72.5247,-72.5107,-72.4949,-72.478,-72.4606,-72.4432,-72.4263,-72.4104,-72.396,-72.3836,-72.374,-72.3684,-72.3681,-72.375,-72.3919,-72.4221,-72.4693,-72.5362,-72.6244
4.455,-68.7651,-69.5164,-70.2132,-70.8027,-71.2759,-71.643,-71.9204,-72.1257,-72.2745,-72.3799,-72.4525,-72.5003,-72.5296,-72.5452,-72.5507,-72.5488,-72.5414,-72.5302,-72.5162,-72.5004,-72.4836,-72.4662,-72.4489,-72.432,-72.4161,-72.4017,-72.3894,-72.3799,-72.3743,-72.3739,-72.3809,-72.3978,-72.428,-72.4751,-72.542,-72.6301
4.46,-68.7459,-69.5015,-70.2026,-70.7958,-71.2722,-71.6416,-71.9209,-72.1275,-72.2774,-72.3835,-72.4566,-72.5048,-72.5344,-72.5503,-72.5559,-72.5541,-72.5468,-72.5356,-72.5217,-72.506,-72.4892,-72.4719,-72.4546,-72.4378,-72.4219,-72.4075,-72.3951,-72.3857,-72.3801,-72.3798,-72.3867,-72.4036,-72.4338,-72.4809,-72.5478,-72.6358
4.465,-68.7263,-69.4863,-70.1918,-70.7888,-71.2683,-71.6402,-71.9213,-72.1294,-72.2802,-72.3871,-72.4607,-72.5093,-72.5392,-72.5553,-72.5611,-72.5594,-72.5522,-72.5411,-72.5273,-72.5116,-72.4948,-72.4775,-72.4603,-72.4435,-72.4276,-72.4132,-72.4009,-72.3915,-72.3859,-72.3856,-72.3926,-72.4095,-72.4396,-72.4867,-72.5536,-72.6415
4.47,-68.7064,-69.4708,-70.1807,-70.7817,-71.2643,-71.6387,-71.9217,-72.1311,-72.283,-72.3907,-72.4648,-72.5138,-72.544,-72.5603,-72.5663,-72.5647,-72.5576,-72.5466,-72.5328,-72.5172,-72.5004,-72.4832,-72.4659,-72.4492,-72.4333,-72.419,-72.4067,-72.3973,-72.3917,-72.3915,-72.3984,-72.4153,-72.4455,-72.4925,-72.5593,-72.6472
4.475,-68.6861,-69.455,-70.1694,-70.7744,-71.2602,-71.6371,-71.9221,-72.1329,-72.2858,-72.3942,-72.4689,-72.5183,-72.5489,-72.5653,-72.5715,-72.57,-72.563,-72.552,-72.5383,-72.5227,-72.506,-72.4888,-72.4716,-72.4548,-72.4391,-72.4247,-72.4125,-72.4031,-72.3975,-72.3973,-72.4043,-72.4212,-72.4513,-72.4983,-72.5651,-72.6528
4.48,-68.6655,-69.439,-70.158,-70.7669,-71.2561,-71.6355,-71.9223,-72.1346,-72.2886,-72.3977,-72.473,-72.5228,-72.5536,-72.5704,-72.5767,-72.5753,-72.5684,-72.5575,-72.5438,-72.5283,-72.5116,-72.4945,-72.4773,-72.4605,-72.4448,-72.4305,-72.4182,-72.4089,-72.4033,-72.4031,-72.4101,-72.427,-72.4571,-72.5041,-72.5708,-72.6585
4.485,-68.6444,-69.4226,-70.1462,-70.7593,-71.2518,-71.6338,-71.9226,-72.1363,-72.2913,-72.4013,-72.4771,-72.5273,-72.5584,-72.5754,-72.5818,-72.5806,-72.5738,-72.563,-72.5494,-72.5339,-72.5172,-72.5001,-72.4829,-72.4662,-72.4505,-72.4362,-72.424,-72.4146,-72.4091,-72.4089,-72.4159,-72.4328,-72.4629,-72.5099,-72.5765,-72.6642
4.49,-68.623,-69.4059,-70.1343,-70.7515,-71.2473,-71.632,-71.9228,-72.1379,-72.294,-72.4048,-72.4812,-72.5318,-72.5632,-72.5804,-72.587,-72.5859,-72.5792,-72.5684,-72.5549,-72.5394,-72.5228,-72.5057,-72.4886,-72.4719,-72.4562,-72.4419,-72.4297,-72.4204,-72.4149,-72.4147,-72.4217,-72.4386,-72.4687,-72.5157,-72.5822,-72.6698
4.495,-68.6011,-69.3889,-70.1221,-70.7435,-71.2428,-71.6301,-71.9229,-72.1396,-72.2967,-72.4083,-72.4852,-72.5363,-72.568,-72.5854,-72.5922,-72.5912,-72.5846,-72.5739,-72.5604,-72.545,-72.5284,-72.5113,-72.4942,-72.4776,-72.4619,-72.4477,-72.4355,-72.4262,-72.4207,-72.4205,-72.4276,-72.4444,-72.4745,-72.5214,-72.588,-72.6754
4.5,-68.5788,-69.3716,-70.1097,-70.7354,-71.2382,-71.6282,-71.923,-72.1411,-72.2994,-72.4117,-72.4893,-72.5408,-72.5728,-72.5904,-72.5974,-72.5965,-72.59,-72.5794,-72.5659,-72.5505,-72.534,-72.517,-72.4999,-72.4833,-72.4676,-72.4534,-72.4412,-72.4319,-72.4265,-72.4263,-72.4334,-72.4502,-72.4803,-72.5272,-72.5937,-72.6811
4.505,-68.5561,-69.3539,-70.097,-70.7271,-71.2334,-71.6262,-71.923,-72.1427,-72.3021,-72.4152,-72.4933,-72.5452,-72.5776,-72.5954,-72.6025,-72.6018,-72.5953,-72.5848,-72.5714,-72.5561,-72.5396,-72.5226,-72.5055,-72.4889,-72.4733,-72.4591,-72.447,-72.4377,-72.4323,-72.4321,-72.4391,-72.456,-72.4861,-72.5329,-72.5993,-72.6867
4.51,-68.5329,-69.3359,-70.0841,-70.7186,-71.2285,-71.6241,-71.923,-72.1442,-72.3047,-72.4186,-72.4974,-72.5497,-72.5824,-72.6004,-72.6077,-72.6071,-72.6007,-72.5903,-72.5769,-72.5616,-72.5452,-72.5282,-72.5112,-72.4946,-72.479,-72.4648,-72.4527,-72.4435,-72.438,-72.4379,-72.4449,-72.4618,-72.4919,-72.5387,-72.605,-72.6923
4.515,-68.5093,-69.3175,-70.0709,-70.71,-71.2235,-71.6219,-71.9229,-72.1457,-72.3073,-72.4221,-72.5014,-72.5542,-72.5871,-72.6054,-72.6129,-72.6124,-72.6061,-72.5957,-72.5824,-72.5672,-72.5508,-72.5338,-72.5168,-72.5003,-72.4847,-72.4705,-72.4584,-72.4492,-72.4438,-72.4437,-72.4507,-72.4676,-72.4976,-72.5444,-72.6107,-72.6979
4.52,-68.4852,-69.2988,-70.0575,-70.7011,-71.2184,-71.6196,-71.9228,-72.1471,-72.3099,-72.4255,-72.5054,-72.5586,-72.5919,-72.6104,-72.618,-72.6177,-72.6115,-72.6012,-72.5879,-72.5727,-72.5564,-72.5394,-72.5224,-72.5059,-72.4903,-72.4762,-72.4642,-72.4549,-72.4496,-72.4494,-72.4565,-72.4734,-72.5034,-72.5501,-72.6164,-72.7035
4.525,-68.4606,-69.2797,-70.0437,-70.6921,-71.2131,-71.6172,-71.9226,-72.1485,-72.3124,-72.4289,-72.5094,-72.5631,-72.5966,-72.6154,-72.6232,-72.6229,-72.6169,-72.6066,-72.5934,-72.5783,-72.5619,-72.545,-72.5281,-72.5116,-72.496,-72.4819,-72.4699,-72.4607,-72.4553,-72.4552,-72.4623,-72.4791,-72.5091,-72.5558,-72.622,-72.7091
4.53,-68.4355,-69.2602,-70.0297,-70.6828,-71.2077,-71.6148,-71.9224,-72.1499,-72.315,-72.4323,-72.5134,-72.5675,-72.6014,-72.6204,-72.6283,-72.6282,-72.6222,-72.6121,-72.5989,-72.5838,-72.5675,-72.5506,-72.5337,-72.5172,-72.5017,-72.4876,-72.4756,-72.4664,-72.4611,-72.461,-72.468,-72.4849,-72.5149,-72.5615,-72.6277,-72.7147
4.535,-68.4099,-69.2402,-70.0154,-70.6734,-71.2022,-71.6123,-71.922,-72.1512,-72.3175,-72.4356,-72.5174,-72.5719,-72.6062,-72.6254,-72.6335,-72.6335,-72.6276,-72.6175,-72.6044,-72.5894,-72.5731,-72.5562,-72.5393,-72.5229,-72.5074,-72.4933,-72.4813,-72.4721,-72.4668,-72.4667,-72.4738,-72.4906,-72.5206,-72.5672,-72.6333,-72.7203
4.54,-68.3838,-69.2199,-70.0008,-70.6637,-71.1965,-71.6096,-71.9217,-72.1525,-72.32,-72.439,-72.5214,-72.5763,-72.6109,-72.6303,-72.6386,-72.6388,-72.633,-72.6229,-72.6099,-72.5949,-72.5787,-72.5618,-72.545,-72.5285,-72.513,-72.499,-72.487,-72.4779,-72.4725,-72.4725,-72.4795,-72.4964,-72.5263,-72.5729,-72.639,-72.7258
4.545,-68.3571,-69.1992,-69.9859,-70.6538,-71.1907,-71.6069,-71.9212,-72.1538,-72.3224,-72.4423,-72.5253,-72.5808,-72.6156,-72.6353,-72.6438,-72.6441,-72.6384,-72.6284,-72.6154,-72.6004,-72.5842,-72.5675,-72.5506,-72.5342,-72.5187,-72.5047,-72.4927,-72.4836,-72.4783,-72.4782,-72.4853,-72.5021,-72.5321,-72.5786,-72.6446,-72.7314
4.55,-68.3298,-69.178,-69.9706,-70.6438,-71.1847,-71.6041,-71.9208,-72.155,-72.3249,-72.4456,-72.5293,-72.5852,-72.6204,-72.6403,-72.6489,-72.6493,-72.6437,-72.6338,-72.6209,-72.606,-72.5898,-72.573,-72.5562,-72.5398,-72.5244,-72.5104,-72.4984,-72.4893,-72.484,-72.4839,-72.491,-72.5079,-72.5378,-72.5843,-72.6502,-72.737
4.555,-68.302,-69.1563,-69.9551,-70.6334,-71.1786,-71.6011,-71.9202,-72.1561,-72.3273,-72.4489,-72.5332,-72.5896,-72.6251,-72.6453,-72.6541,-72.6546,-72.6491,-72.6393,-72.6264,-72.6115,-72.5954,-72.5786,-72.5618,-72.5455,-72.53,-72.516,-72.5041,-72.495,-72.4897,-72.4897,-72.4968,-72.5136,-72.5435,-72.59,-72.6559,-72.7425
4.56,-68.2735,-69.1342,-69.9392,-70.6229,-71.1723,-71.5981,-71.9196,-72.1572,-72.3297,-72.4522,-72.5371,-72.594,-72.6298,-72.6502,-72.6592,-72.6599,-72.6545,-72.6447,-72.6319,-72.6171,-72.601,-72.5842,-72.5675,-72.5511,-72.5357,-72.5217,-72.5098,-72.5007,-72.4954,-72.4954,-72.5025,-72.5193,-72.5492,-72.5956,-72.6615,-72.748
4.565,-68.2445,-69.1116,-69.9229,-70.6121,-71.1659,-71.595,-71.9189,-72.1583,-72.332,-72.4555,-72.5411,-72.5983,-72.6346,-72.6552,-72.6644,-72.6652,-72.6598,-72.6502,-72.6374,-72.6226,-72.6065,-72.5898,-72.5731,-72.5567,-72.5413,-72.5274,-72.5155,-72.5064,-72.5012,-72.5011,-72.5082,-72.525,-72.5549,-72.6013,-72.6671,-72.7536
4.57,-68.2148,-69.0885,-69.9063,-70.6011,-71.1593,-71.5917,-71.9181,-72.1593,-72.3343,-72.4587,-72.545,-72.6027,-72.6393,-72.6602,-72.6695,-72.6704,-72.6652,-72.6556,-72.6429,-72.6281,-72.6121,-72.5954,-72.5787,-72.5624,-72.547,-72.5331,-72.5212,-72.5121,-72.5069,-72.5068,-72.5139,-72.5307,-72.5606,-72.607,-72.6727,-72.7591
4.575,-68.1844,-69.0649,-69.8893,-70.5898,-71.1525,-71.5884,-71.9173,-72.1603,-72.3366,-72.4619,-72.5489,-72.6071,-72.644,-72.6651,-72.6747,-72.6757,-72.6706,-72.661,-72.6484,-72.6337,-72.6177,-72.601,-72.5843,-72.568,-72.5526,-72.5387,-72.5268,-72.5178,-72.5126,-72.5125,-72.5196,-72.5365,-72.5663,-72.6126,-72.6783,-72.7646
4.58,-68.1533,-69.0408,-69.872,-70.5782,-71.1456,-71.5849,-71.9164,-72.1613,-72.3389,-72.4652,-72.5527,-72.6115,-72.6487,-72.6701,-72.6798,-72.681,-72.6759,-72.6665,-72.6539,-72.6392,-72.6232,-72.6066,-72.5899,-72.5736,-72.5583,-72.5444,-72.5325,-72.5235,-72.5183,-72.5182,-72.5253,-72.5422,-72.5719,-72.6182,-72.6839,-72.7702
4.585,-68.1215,-69.0161,-69.8542,-70.5664,-71.1385,-71.5813,-71.9154,-72.1622,-72.3411,-72.4683,-72.5566,-72.6158,-72.6534,-72.675,-72.6849,-72.6862,-72.6813,-72.6719,-72.6594,-72.6447,-72.6288,-72.6122,-72.5955,-72.5793,-72.5639,-72.55,-72.5382,-72.5292,-72.524,-72.5239,-72.5311,-72.5479,-72.5776,-72.6239,-72.6894,-72.7757
4.59,-68.089,-68.9908,-69.8361,-70.5543,-71.1311,-71.5777,-71.9143,-72.163,-72.3433,-72.4715,-72.5605,-72.6202,-72.6581,-72.68,-72.6901,-72.6915,-72.6867,-72.6773,-72.6648,-72.6502,-72.6343,-72.6178,-72.6011,-72.5849,-72.5696,-72.5557,-72.5439,-72.5349,-72.5297,-72.5297,-72.5368,-72.5535,-72.5833,-72.6295,-72.695,-72.7812
4.595,-68.0557,-68.965,-69.8175,-70.542,-71.1237,-71.5738,-71.9132,-72.1638,-72.3455,-72.4747,-72.5643,-72.6245,-72.6628,-72.6849,-72.6952,-72.6968,-72.692,-72.6828,-72.6703,-72.6558,-72.6399,-72.6234,-72.6067,-72.5905,-72.5752,-72.5614,-72.5495,-72.5405,-72.5353,-72.5353,-72.5424,-72.5592,-72.5889,-72.6351,-72.7006,-72.7867
4.6,-68.0217,-68.9386,-69.7985,-70.5293,-71.116,-71.5699,-71.912,-72.1646,-72.3476,-72.4778,-72.5682,-72.6288,-72.6675,-72.6899,-72.7003,-72.702,-72.6974,-72.6882,-72.6758,-72.6613,-72.6455,-72.629,-72.6123,-72.5962,-72.5809,-72.567,-72.5552,-72.5462,-72.541,-72.541,-72.5481,-72.5649,-72.5946,-72.6408,-72.7062,-72.7922
4.605,-67.9868,-68.9115,-69.7791,-70.5163,-71.1081,-71.5658,-71.9107,-72.1652,-72.3497,-72.4809,-72.572,-72.6332,-72.6722,-72.6948,-72.7055,-72.7073,-72.7028,-72.6936,-72.6813,-72.6668,-72.651,-72.6345,-72.618,-72.6018,-72.5865,-72.5727,-72.5609,-72.5519,-72.5467,-72.5467,-72.5538,-72.5706,-72.6003,-72.6464,-72.7117,-72.7977
4.61,-67.951,-68.8838,-69.7591,-70.503,-71.1,-71.5616,-71.9093,-72.1659,-72.3518,-72.484,-72.5758,-72.6375,-72.6769,-72.6998,-72.7106,-72.7126,-72.7081,-72.6991,-72.6868,-72.6724,-72.6566,-72.6401,-72.6236,-72.6074,-72.5921,-72.5783,-72.5665,-72.5576,-72.5524,-72.5524,-72.5595,-72.5763,-72.6059,-72.652,-72.7173,-72.8031
4.615,-67.9144,-68.8554,-69.7388,-70.4894,-71.0917,-71.5573,-71.9078,-72.1665,-72.3539,-72.4871,-72.5796,-72.6418,-72.6815,-72.7047,-72.7157,-72.7178,-72.7135,-72.7045,-72.6923,-72.6779,-72.6621,-72.6457,-72.6292,-72.613,-72.5978,-72.584,-72.5722,-72.5632,-72.5581,-72.5581,-72.5652,-72.5819,-72.6116,-72.6576,-72.7228,-72.8086
4.62,-67.8769,-68.8264,-69.7179,-70.4755,-71.0832,-71.5528,-71.9063,-72.167,-72.3559,-72.4901,-72.5834,-72.6461,-72.6862,-72.7096,-72.7208,-72.7231,-72.7188,-72.7099,-72.6978,-72.6834,-72.6677,-72.6513,-72.6348,-72.6186,-72.6034,-72.5896,-72.5778,-72.5689,-72.5637,-72.5638,-72.5709,-72.5876,-72.6172,-72.6632,-72.7284,-72.8141
4.625,-67.8384,-68.7966,-69.6965,-70.4612,-71.0744,-71.5482,-71.9046,-72.1675,-72.3578,-72.4931,-72.5871,-72.6504,-72.6909,-72.7146,-72.726,-72.7283,-72.7242,-72.7154,-72.7033,-72.6889,-72.6732,-72.6569,-72.6404,-72.6242,-72.609,-72.5952,-72.5835,-72.5746,-72.5694,-72.5694,-72.5765,-72.5932,-72.6228,-72.6688,-72.7339,-72.8196
4.63,-67.7989,-68.766,-69.6746,-70.4466,-71.0655,-71.5434,-71.9029,-72.1679,-72.3597,-72.4961,-72.5909,-72.6547,-72.6955,-72.7195,-72.7311,-72.7336,-72.7296,-72.7208,-72.7087,-72.6945,-72.6788,-72.6624,-72.646,-72.6299,-72.6147,-72.6009,-72.5891,-72.5802,-72.5751,-72.5751,-72.5822,-72.5989,-72.6285,-72.6744,-72.7394,-72.825
4.635,-67.7585,-68.7347,-69.6521,-70.4316,-71.0563,-71.5385,-71.901,-72.1682,-72.3616,-72.4991,-72.5946,-72.6589,-72.7002,-72.7244,-72.7362,-72.7389,-72.7349,-72.7262,-72.7142,-72.7,-72.6844,-72.668,-72.6516,-72.6355,-72.6203,-72.6065,-72.5948,-72.5859,-72.5807,-72.5808,-72.5879,-72.6046,-72.6341,-72.68,-72.745,-72.8305
4.64,-67.7169,-68.7026,-69.6291,-70.4162,-71.0468,-71.5334,-71.8991,-72.1685,-72.3635,-72.5021,-72.5983,-72.6632,-72.7048,-72.7294,-72.7413,-72.7441,-72.7403,-72.7317,-72.7197,-72.7055,-72.6899,-72.6736,-72.6572,-72.6411,-72.6259,-72.6122,-72.6004,-72.5915,-72.5864,-72.5864,-72.5935,-72.6102,-72.6397,-72.6856,-72.7505,-72.8359
4.645,-67.6742,-68.6696,-69.6055,-70.4004,-71.0371,-71.5281,-71.8971,-72.1688,-72.3653,-72.505,-72.602,-72.6675,-72.7095,-72.7343,-72.7464,-72.7494,-72.7456,-72.7371,-72.7252,-72.711,-72.6955,-72.6792,-72.6628,-72.6467,-72.6315,-72.6178,-72.6061,-72.5972,-72.5921,-72.5921,-72.5992,-72.6158,-72.6453,-72.6911,-72.756,-72.8414
4.65,-67.6304,-68.6358,-69.5813,-70.3842,-71.0271,-71.5227,-71.8949,-72.1689,-72.3671,-72.5079,-72.6057,-72.6717,-72.7141,-72.7392,-72.7515,-72.7546,-72.751,-72.7425,-72.7307,-72.7166,-72.701,-72.6848,-72.6683,-72.6523,-72.6372,-72.6234,-72.6117,-72.6028,-72.5977,-72.5978,-72.6048,-72.6215,-72.6509,-72.6967,-72.7615,-72.8468
4.655,-67.5854,-68.6011,-69.5564,-70.3676,-71.0169,-71.5172,-71.8927,-72.169,-72.3688,-72.5108,-72.6094,-72.6759,-72.7188,-72.7441,-72.7567,-72.7599,-72.7563,-72.748,-72.7362,-72.7221,-72.7066,-72.6903,-72.6739,-72.6579,-72.6428,-72.6291,-72.6174,-72.6085,-72.6034,-72.6034,-72.6105,-72.6271,-72.6566,-72.7023,-72.7671,-72.8523
4.66,-67.5391,-68.5654,-69.5309,-70.3506,-71.0063,-71.5114,-71.8903,-72.169,-72.3705,-72.5136,-72.6131,-72.6802,-72.7234,-72.749,-72.7618,-72.7651,-72.7617,-72.7534,-72.7417,-72.7276,-72.7121,-72.6959,-72.6795,-72.6635,-72.6484,-72.6347,-72.623,-72.6141,-72.609,-72.6091,-72.6161,-72.6328,-72.6622,-72.7079,-72.7726,-72.8577
4.665,-67.4915,-68.5287,-69.5047,-70.3331,-70.9955,-71.5055,-71.8879,-72.169,-72.3722,-72.5164,-72.6167,-72.6844,-72.728,-72.7539,-72.7669,-72.7704,-72.7671,-72.7588,-72.7471,-72.7331,-72.7177,-72.7015,-72.6851,-72.6691,-72.654,-72.6403,-72.6287,-72.6198,-72.6147,-72.6147,-72.6218,-72.6384,-72.6678,-72.7134,-72.7781,-72.8631
4.67,-67.4426,-68.4911,-69.4778,-70.3152,-70.9844,-71.4993,-71.8853,-72.1689,-72.3738,-72.5192,-72.6204,-72.6886,-72.7326,-72.7588,-72.772,-72.7757,-72.7724,-72.7643,-72.7526,-72.7387,-72.7232,-72.7071,-72.6907,-72.6748,-72.6596,-72.646,-72.6343,-72.6254,-72.6203,-72.6204,-72.6274,-72.644,-72.6734,-72.719,-72.7836,-72.8686
4.675,-67.3922,-68.4523,-69.4502,-70.2967,-70.973,-71.493,-71.8826,-72.1687,-72.3754,-72.522,-72.624,-72.6928,-72.7372,-72.7637,-72.7771,-72.7809,-72.7778,-72.7697,-72.7581,-72.7442,-72.7288,-72.7126,-72.6963,-72.6804,-72.6653,-72.6516,-72.6399,-72.6311,-72.626,-72.626,-72.6331,-72.6496,-72.679,-72.7245,-72.7891,-72.874
4.68,-67.3404,-68.4125,-69.4218,-70.2778,-70.9612,-71.4865,-71.8797,-72.1684,-72.3769,-72.5248,-72.6276,-72.697,-72.7418,-72.7686,-72.7822,-72.7861,-72.7831,-72.7751,-72.7636,-72.7497,-72.7344,-72.7182,-72.7019,-72.686,-72.6709,-72.6572,-72.6456,-72.6367,-72.6316,-72.6317,-72.6387,-72.6553,-72.6846,-72.7301,-72.7946,-72.8794
4.685,-67.2869,-68.3715,-69.3926,-70.2583,-70.9492,-71.4798,-71.8768,-72.1681,-72.3783,-72.5275,-72.6311,-72.7012,-72.7464,-72.7735,-72.7873,-72.7914,-72.7885,-72.7805,-72.7691,-72.7552,-72.7399,-72.7238,-72.7075,-72.6916,-72.6765,-72.6628,-72.6512,-72.6423,-72.6373,-72.6373,-72.6443,-72.6609,-72.6902,-72.7356,-72.8001,-72.8848
4.69,-67.2319,-68.3292,-69.3626,-70.2383,-70.9367,-71.4728,-71.8737,-72.1677,-72.3798,-72.5302,-72.6347,-72.7053,-72.751,-72.7784,-72.7924,-72.7967,-72.7938,-72.786,-72.7746,-72.7608,-72.7455,-72.7294,-72.7131,-72.6972,-72.6821,-72.6685,-72.6568,-72.648,-72.6429,-72.6429,-72.65,-72.6665,-72.6957,-72.7412,-72.8055,-72.8902
4.695,-67.1752,-68.2858,-69.3316,-70.2177,-70.924,-71.4656,-71.8705,-72.1672,-72.3811,-72.5328,-72.6383,-72.7095,-72.7556,-72.7833,-72.7975,-72.8019,-72.7992,-72.7914,-72.7801,-72.7663,-72.751,-72.735,-72.7187,-72.7028,-72.6877,-72.6741,-72.6625,-72.6536,-72.6485,-72.6486,-72.6556,-72.6721,-72.7013,-72.7467,-72.811,-72.8957
4.7,-67.1166,-68.2409,-69.2998,-70.1965,-70.9108,-71.4583,-71.8671,-72.1666,-72.3824,-72.5354,-72.6418,-72.7137,-72.7602,-72.7882,-72.8026,-72.8072,-72.8046,-72.7968,-72.7856,-72.7718,-72.7566,-72.7405,-72.7243,-72.7084,-72.6934,-72.6797,-72.6681,-72.6593,-72.6542,-72.6542,-72.6612,-72.6777,-72.7069,-72.7523,-72.8165,-72.9011
4.705,-67.0562,-68.1947,-69.2671,-70.1747,-70.8972,-71.4506,-71.8636,-72.1659,-72.3837,-72.538,-72.6453,-72.7178,-72.7648,-72.7931,-72.8077,-72.8124,-72.8099,-72.8023,-72.791,-72.7774,-72.7621,-72.7461,-72.7299,-72.714,-72.699,-72.6853,-72.6737,-72.6649,-72.6598,-72.6598,-72.6668,-72.6833,-72.7125,-72.7578,-72.822,-72.9065
4.71,-66.9938,-68.1471,-69.2333,-70.1523,-70.8833,-71.4427,-71.8599,-72.1651,-72.3849,-72.5406,-72.6488,-72.7219,-72.7693,-72.7979,-72.8128,-72.8176,-72.8153,-72.8077,-72.7965,-72.7829,-72.7677,-72.7517,-72.7355,-72.7196,-72.7046,-72.691,-72.6794,-72.6705,-72.6654,-72.6655,-72.6725,-72.6889,-72.7181,-72.7633,-72.8275,-72.9119
4.715,-66.9294,-68.0979,-69.1985,-70.1292,-70.8689,-71.4346,-71.8561,-72.1643,-72.3861,-72.5431,-72.6522,-72.726,-72.7739,-72.8028,-72.8179,-72.8229,-72.8206,-72.8131,-72.802,-72.7884,-72.7733,-72.7573,-72.7411,-72.7252,-72.7102,-72.6966,-72.685,-72.6762,-72.6711,-72.6711,-72.6781,-72.6945,-72.7236,-72.7689,-72.8329,-72.9173
4.72,-66.8628,-68.0471,-69.1627,-70.1054,-70.8541,-71.4262,-71.8521,-72.1633,-72.3871,-72.5456,-72.6557,-72.7301,-72.7785,-72.8077,-72.823,-72.8281,-72.826,-72.8186,-72.8075,-72.794,-72.7788,-72.7629,-72.7467,-72.7308,-72.7158,-72.7022,-72.6906,-72.6818,-72.6767,-72.6767,-72.6837,-72.7001,-72.7292,-72.7744,-72.8384,-72.9227
4.725,-66.7938,-67.9947,-69.1257,-70.0809,-70.8389,-71.4175,-71.848,-72.1622,-72.3882,-72.5481,-72.6591,-72.7342,-72.783,-72.8126,-72.8281,-72.8334,-72.8313,-72.824,-72.813,-72.7995,-72.7844,-72.7684,-72.7523,-72.7364,-72.7214,-72.7078,-72.6963,-72.6874,-72.6823,-72.6824,-72.6893,-72.7057,-72.7348,-72.7799,-72.8439,-72.9281
4.73,-66.7225,-67.9405,-69.0875,-70.0556,-70.8232,-71.4085,-71.8436,-72.1611,-72.3892,-72.5505,-72.6625,-72.7383,-72.7875,-72.8174,-72.8332,-72.8386,-72.8367,-72.8295,-72.8185,-72.805,-72.7899,-72.774,-72.7579,-72.742,-72.7271,-72.7135,-72.7019,-72.693,-72.688,-72.688,-72.6949,-72.7113,-72.7404,-72.7855,-72.8493,-72.9334
4.735,-66.6487,-67.8844,-69.048,-70.0295,-70.807,-71.3993,-71.8391,-72.1598,-72.3901,-72.5529,-72.6659,-72.7424,-72.7921,-72.8223,-72.8382,-72.8439,-72.8421,-72.8349,-72.824,-72.8105,-72.7955,-72.7796,-72.7635,-72.7477,-72.7327,-72.7191,-72.7075,-72.6987,-72.6936,-72.6936,-72.7006,-72.7169,-72.7459,-72.791,-72.8548,-72.9388
4.74,-66.5721,-67.8264,-69.0073,-70.0026,-70.7902,-71.3897,-71.8344,-72.1584,-72.3909,-72.5552,-72.6692,-72.7464,-72.7966,-72.8271,-72.8433,-72.8491,-72.8474,-72.8403,-72.8295,-72.8161,-72.8011,-72.7852,-72.7691,-72.7533,-72.7383,-72.7247,-72.7131,-72.7043,-72.6992,-72.6992,-72.7062,-72.7225,-72.7515,-72.7965,-72.8603,-72.9442
4.745,-66.4927,-67.7663,-68.9651,-69.9748,-70.773,-71.3798,-71.8296,-72.1569,-72.3917,-72.5575,-72.6726,-72.7504,-72.8011,-72.832,-72.8484,-72.8544,-72.8528,-72.8458,-72.835,-72.8216,-72.8066,-72.7908,-72.7747,-72.7589,-72.7439,-72.7303,-72.7188,-72.7099,-72.7049,-72.7048,-72.7118,-72.7281,-72.757,-72.802,-72.8657,-72.9496
4.75,-66.4103,-67.704,-68.9215,-69.9461,-70.7551,-71.3696,-71.8245,-72.1553,-72.3924,-72.5598,-72.6759,-72.7545,-72.8056,-72.8368,-72.8535,-72.8596,-72.8581,-72.8512,-72.8405,-72.8272,-72.8122,-72.7964,-72.7803,-72.7645,-72.7495,-72.736,-72.7244,-72.7156,-72.7105,-72.7105,-72.7174,-72.7337,-72.7626,-72.8075,-72.8712,-72.955
4.755,-66.3247,-67.6394,-68.8764,-69.9165,-70.7367,-71.359,-71.8192,-72.1536,-72.393,-72.562,-72.6792,-72.7585,-72.8101,-72.8417,-72.8586,-72.8649,-72.8635,-72.8567,-72.846,-72.8327,-72.8178,-72.8019,-72.7859,-72.7701,-72.7551,-72.7416,-72.73,-72.7212,-72.7161,-72.7161,-72.723,-72.7393,-72.7682,-72.813,-72.8766,-72.9604
4.76,-66.2358,-67.5724,-68.8297,-69.8858,-70.7177,-71.348,-71.8137,-72.1517,-72.3936,-72.5642,-72.6824,-72.7625,-72.8146,-72.8465,-72.8636,-72.8701,-72.8688,-72.8621,-72.8515,-72.8382,-72.8233,-72.8075,-72.7915,-72.7757,-72.7608,-72.7472,-72.7356,-72.7268,-72.7217,-72.7217,-72.7286,-72.7449,-72.7737,-72.8186,-72.8821,-72.9657
4.765,-66.1432,-67.5028,-68.7813,-69.8541,-70.6981,-71.3367,-71.808,-72.1497,-72.394,-72.5663,-72.6857,-72.7664,-72.8191,-72.8513,-72.8687,-72.8753,-72.8742,-72.8675,-72.857,-72.8438,-72.8289,-72.8131,-72.7971,-72.7813,-72.7664,-72.7528,-72.7413,-72.7324,-72.7274,-72.7273,-72.7342,-72.7505,-72.7793,-72.8241,-72.8875,-72.9711
4.77,-66.0469,-67.4305,-68.7311,-69.8212,-70.6777,-71.325,-71.802,-72.1476,-72.3944,-72.5684,-72.6889,-72.7704,-72.8236,-72.8562,-72.8738,-72.8806,-72.8796,-72.873,-72.8625,-72.8493,-72.8345,-72.8187,-72.8027,-72.7869,-72.772,-72.7584,-72.7469,-72.7381,-72.733,-72.7329,-72.7398,-72.7561,-72.7848,-72.8296,-72.893,-72.9765
4.775,-65.9465,-67.3553,-68.679,-69.7872,-70.6567,-71.3128,-71.7958,-72.1453,-72.3948,-72.5704,-72.692,-72.7743,-72.8281,-72.861,-72.8789,-72.8858,-72.8849,-72.8784,-72.868,-72.8549,-72.84,-72.8243,-72.8083,-72.7925,-72.7776,-72.7641,-72.7525,-72.7437,-72.7386,-72.7386,-72.7454,-72.7616,-72.7904,-72.8351,-72.8984,-72.9818
4.78,-65.8418,-67.277,-68.6249,-69.7519,-70.6349,-71.3002,-71.7893,-72.1429,-72.395,-72.5724,-72.6952,-72.7783,-72.8325,-72.8658,-72.8839,-72.8911,-72.8903,-72.8839,-72.8735,-72.8604,-72.8456,-72.8299,-72.8139,-72.7982,-72.7832,-72.7697,-72.7581,-72.7493,-72.7442,-72.7442,-72.751,-72.7672,-72.7959,-72.8406,-72.9038,-72.9872
4.785,-65.7325,-67.1954,-68.5686,-69.7153,-70.6123,-71.2872,-71.7826,-72.1403,-72.3951,-72.5743,-72.6983,-72.7822,-72.837,-72.8706,-72.889,-72.8963,-72.8956,-72.8893,-72.879,-72.8659,-72.8512,-72.8355,-72.8195,-72.8038,-72.7889,-72.7753,-72.7638,-72.755,-72.7498,-72.7498,-72.7566,-72.7728,-72.8015,-72.8461,-72.9093,-72.9926
4.79,-65.6182,-67.1104,-68.5101,-69.6774,-70.589,-71.2736,-71.7756,-72.1376,-72.3952,-72.5762,-72.7014,-72.7861,-72.8414,-72.8754,-72.8941,-72.9015,-72.901,-72.8947,-72.8845,-72.8715,-72.8568,-72.8411,-72.8251,-72.8094,-72.7945,-72.781,-72.7694,-72.7606,-72.7555,-72.7554,-72.7622,-72.7784,-72.807,-72.8516,-72.9147,-72.9979
4.795,-65.4986,-67.0216,-68.4492,-69.638,-70.5647,-71.2596,-71.7683,-72.1346,-72.3951,-72.578,-72.7044,-72.79,-72.8458,-72.8802,-72.8991,-72.9068,-72.9064,-72.9002,-72.89,-72.877,-72.8623,-72.8467,-72.8307,-72.815,-72.8001,-72.7866,-72.775,-72.7662,-72.7611,-72.761,-72.7678,-72.784,-72.8126,-72.8571,-72.9202,-73.0033
4.8,-65.3734,-66.9288,-68.3857,-69.597,-70.5395,-71.2451,-71.7607,-72.1316,-72.395,-72.5798,-72.7075,-72.7938,-72.8502,-72.885,-72.9042,-72.912,-72.9117,-72.9056,-72.8955,-72.8826,-72.8679,-72.8523,-72.8363,-72.8206,-72.8057,-72.7922,-72.7806,-72.7718,-72.7667,-72.7666,-72.7734,-72.7895,-72.8181,-72.8626,-72.9256,-73.0087
4.805,-65.2421,-66.8318,-68.3196,-69.5544,-70.5134,-71.2299,-71.7528,-72.1283,-72.3947,-72.5815,-72.7105,-72.7977,-72.8547,-72.8898,-72.9092,-72.9172,-72.9171,-72.9111,-72.901,-72.8881,-72.8735,-72.8579,-72.8419,-72.8262,-72.8114,-72.7978,-72.7863,-72.7775,-72.7723,-72.7723,-72.779,-72.7951,-72.8237,-72.8681,-72.931,-73.014
4.81,-65.1043,-66.7301,-68.2505,-69.51,-70.4863,-71.2143,-71.7445,-72.1248,-72.3943,-72.5831,-72.7134,-72.8015,-72.859,-72.8946,-72.9143,-72.9225,-72.9224,-72.9165,-72.9065,-72.8937,-72.8791,-72.8635,-72.8475,-72.8319,-72.817,-72.8035,-72.7919,-72.7831,-72.778,-72.7779,-72.7846,-72.8007,-72.8292,-72.8736,-72.9365,-73.0194
4.815,-64.9594,-66.6236,-68.1782,-69.4638,-70.458,-71.1979,-71.7359,-72.1212,-72.3939,-72.5847,-72.7163,-72.8053,-72.8634,-72.8994,-72.9193,-72.9277,-72.9278,-72.922,-72.912,-72.8992,-72.8846,-72.8691,-72.8531,-72.8375,-72.8226,-72.8091,-72.7975,-72.7887,-72.7836,-72.7835,-72.7902,-72.8063,-72.8348,-72.8791,-72.9419,-73.0247
4.82,-64.8068,-66.5117,-68.1027,-69.4155,-70.4287,-71.181,-71.727,-72.1173,-72.3933,-72.5862,-72.7192,-72.809,-72.8678,-72.9042,-72.9244,-72.9329,-72.9332,-72.9274,-72.9175,-72.9048,-72.8902,-72.8747,-72.8588,-72.8431,-72.8282,-72.8147,-72.8032,-72.7943,-72.7892,-72.7891,-72.7958,-72.8119,-72.8403,-72.8846,-72.9473,-73.0301
4.825,-64.646,-66.3942,-68.0236,-69.3652,-70.3981,-71.1633,-71.7176,-72.1132,-72.3926,-72.5876,-72.722,-72.8128,-72.8722,-72.9089,-72.9294,-72.9382,-72.9385,-72.9329,-72.923,-72.9103,-72.8958,-72.8803,-72.8644,-72.8487,-72.8339,-72.8204,-72.8088,-72.8,-72.7948,-72.7947,-72.8014,-72.8174,-72.8458,-72.89,-72.9528,-73.0354
4.83,-64.4761,-66.2704,-67.9406,-69.3126,-70.3662,-71.145,-71.7078,-72.1089,-72.3917,-72.589,-72.7248,-72.8165,-72.8765,-72.9137,-72.9345,-72.9434,-72.9439,-72.9383,-72.9286,-72.9159,-72.9014,-72.8859,-72.87,-72.8544,-72.8395,-72.826,-72.8144,-72.8056,-72.8005,-72.8003,-72.807,-72.823,-72.8514,-72.8955,-72.9582,-73.0408
4.835,-64.2965,-66.14,-67.8534,-69.2576,-70.3329,-71.1258,-71.6976,-72.1044,-72.3907,-72.5903,-72.7276,-72.8202,-72.8808,-72.9184,-72.9395,-72.9486,-72.9492,-72.9438,-72.9341,-72.9215,-72.907,-72.8915,-72.8756,-72.86,-72.8451,-72.8316,-72.8201,-72.8112,-72.8061,-72.8059,-72.8126,-72.8286,-72.8569,-72.901,-72.9636,-73.0462
4.84,-64.1062,-66.0022,-67.7618,-69.1999,-70.2982,-71.1058,-71.687,-72.0996,-72.3896,-72.5915,-72.7303,-72.8239,-72.8852,-72.9232,-72.9445,-72.9539,-72.9546,-72.9492,-72.9396,-72.927,-72.9126,-72.8971,-72.8812,-72.8656,-72.8508,-72.8372,-72.8257,-72.8169,-72.8117,-72.8116,-72.8182,-72.8342,-72.8625,-72.9065,-72.969,-73.0515
4.845,-63.9042,-65.8566,-67.6654,-69.1395,-70.2619,-71.085,-71.6758,-72.0945,-72.3883,-72.5926,-72.733,-72.8276,-72.8895,-72.9279,-72.9496,-72.9591,-72.96,-72.9547,-72.9451,-72.9326,-72.9182,-72.9027,-72.8869,-72.8712,-72.8564,-72.8429,-72.8313,-72.8225,-72.8173,-72.8172,-72.8238,-72.8397,-72.868,-72.912,-72.9745,-73.0569
4.85,-63.6894,-65.7023,-67.5637,-69.0761,-70.2239,-71.0632,-71.6642,-72.0892,-72.3869,-72.5937,-72.7356,-72.8312,-72.8938,-72.9327,-72.9546,-72.9643,-72.9653,-72.9601,-72.9506,-72.9381,-72.9238,-72.9083,-72.8925,-72.8769,-72.862,-72.8485,-72.837,-72.8281,-72.823,-72.8228,-72.8294,-72.8453,-72.8735,-72.9175,-72.9799,-73.0622
4.855,-63.4605,-65.5386,-67.4563,-69.0094,-70.1841,-71.0405,-71.652,-72.0835,-72.3853,-72.5946,-72.7381,-72.8348,-72.898,-72.9374,-72.9596,-72.9695,-72.9707,-72.9656,-72.9561,-72.9437,-72.9293,-72.9139,-72.8981,-72.8825,-72.8677,-72.8542,-72.8426,-72.8338,-72.8286,-72.8284,-72.835,-72.8509,-72.8791,-72.923,-72.9853,-73.0676
4.86,-63.216,-65.3644,-67.3426,-68.9391,-70.1424,-71.0167,-71.6393,-72.0776,-72.3836,-72.5955,-72.7407,-72.8384,-72.9023,-72.9421,-72.9646,-72.9748,-72.9761,-72.9711,-72.9617,-72.9493,-72.9349,-72.9195,-72.9037,-72.8881,-72.8733,-72.8598,-72.8482,-72.8394,-72.8342,-72.834,-72.8406,-72.8565,-72.8846,-72.9285,-72.9907,-73.0729
4.865,-62.9542,-65.1788,-67.2221,-68.8651,-70.0986,-70.9917,-71.6259,-72.0713,-72.3816,-72.5963,-72.7431,-72.8419,-72.9065,-72.9468,-72.9696,-72.98,-72.9814,-72.9765,-72.9672,-72.9548,-72.9405,-72.9252,-72.9094,-72.8938,-72.879,-72.8654,-72.8539,-72.845,-72.8398,-72.8396,-72.8462,-72.862,-72.8901,-72.934,-72.9962,-73.0782
4.87,-62.6732,-64.9806,-67.0942,-68.7868,-70.0525,-70.9656,-71.6119,-72.0647,-72.3795,-72.5969,-72.7455,-72.8454,-72.9108,-72.9515,-72.9746,-72.9852,-72.9868,-72.982,-72.9727,-72.9604,-72.9461,-72.9308,-72.915,-72.8994,-72.8846,-72.8711,-72.8595,-72.8507,-72.8455,-72.8453,-72.8518,-72.8676,-72.8957,-72.9394,-73.0016,-73.0836
4.875,-62.3708,-64.7683,-66.958,-68.7041,-70.004,-70.9382,-71.5972,-72.0577,-72.3772,-72.5975,-72.7479,-72.8489,-72.915,-72.9562,-72.9797,-72.9904,-72.9921,-72.9874,-72.9782,-72.966,-72.9517,-72.9364,-72.9206,-72.9051,-72.8902,-72.8767,-72.8652,-72.8563,-72.8511,-72.8509,-72.8574,-72.8732,-72.9012,-72.9449,-73.007,-73.0889
4.88,-62.0442,-64.5404,-66.8128,-68.6163,-69.9529,-70.9093,-71.5818,-72.0503,-72.3747,-72.5979,-72.7501,-72.8523,-72.9192,-72.9609,-72.9846,-72.9956,-72.9975,-72.9929,-72.9838,-72.9715,-72.9573,-72.942,-72.9263,-72.9107,-72.8959,-72.8824,-72.8708,-72.8619,-72.8567,-72.8565,-72.863,-72.8787,-72.9068,-72.9504,-73.0124,-73.0943
4.885,-61.6905,-64.295,-66.6575,-68.5231,-69.8988,-70.879,-71.5656,-72.0424,-72.3719,-72.5982,-72.7523,-72.8558,-72.9233,-72.9655,-72.9896,-73.0009,-73.0029,-72.9984,-72.9893,-72.9771,-72.9629,-72.9476,-72.9319,-72.9163,-72.9015,-72.888,-72.8764,-72.8676,-72.8624,-72.8621,-72.8686,-72.8843,-72.9123,-72.9559,-73.0178,-73.0996
4.89,-61.3061,-64.0299,-66.4909,-68.4239,-69.8416,-70.847,-71.5485,-72.0342,-72.3689,-72.5984,-72.7545,-72.8591,-72.9275,-72.9702,-72.9946,-73.0061,-73.0082,-73.0038,-72.9948,-72.9827,-72.9685,-72.9533,-72.9375,-72.922,-72.9072,-72.8937,-72.8821,-72.8732,-72.868,-72.8677,-72.8742,-72.8899,-72.9178,-72.9614,-73.0233,-73.105
4.895,-60.8867,-63.7426,-66.3119,-68.318,-69.781,-70.8132,-71.5305,-72.0254,-72.3656,-72.5985,-72.7566,-72.8625,-72.9316,-72.9748,-72.9996,-73.0113,-73.0136,-73.0093,-73.0003,-72.9883,-72.9742,-72.9589,-72.9432,-72.9276,-72.9128,-72.8993,-72.8877,-72.8789,-72.8736,-72.8733,-72.8798,-72.8955,-72.9234,-72.9669,-73.0287,-73.1103
4.9,-60.4271,-63.4301,-66.1188,-68.2047,-69.7165,-70.7775,-71.5115,-72.0162,-72.3621,-72.5984,-72.7586,-72.8658,-72.9357,-72.9795,-73.0046,-73.0165,-73.0189,-73.0147,-73.0059,-72.9938,-72.9798,-72.9645,-72.9488,-72.9333,-72.9185,-72.905,-72.8934,-72.8845,-72.8793,-72.879,-72.8854,-72.901,-72.9289,-72.9724,-73.0341,-73.1157
4.905,-59.9212,-63.0887,-65.9098,-68.0832,-69.6478,-70.7397,-71.4914,-72.0064,-72.3583,-72.5981,-72.7605,-72.869,-72.9398,-72.9841,-73.0096,-73.0217,-73.0243,-73.0202,-73.0114,-72.9994,-72.9854,-72.9701,-72.9545,-72.9389,-72.9241,-72.9106,-72.899,-72.8901,-72.8849,-72.8846,-72.891,-72.9066,-72.9344,-72.9779,-73.0395,-73.121
4.91,-59.3615,-62.7143,-65.6827,-67.9523,-69.5745,-70.6995,-71.4702,-71.996,-72.3542,-72.5977,-72.7623,-72.8722,-72.9439,-72.9887,-73.0145,-73.0269,-73.0297,-73.0257,-73.0169,-73.005,-72.991,-72.9758,-72.9601,-72.9446,-72.9298,-72.9163,-72.9047,-72.8958,-72.8905,-72.8902,-72.8966,-72.9122,-72.94,-72.9833,-73.045,-73.1264
4.915,-58.7388,-62.3014,-65.435,-67.811,-69.496,-70.6568,-71.4477,-71.9849,-72.3498,-72.5972,-72.7641,-72.8754,-72.9479,-72.9933,-73.0195,-73.0321,-73.035,-73.0311,-73.0225,-73.0106,-72.9966,-72.9814,-72.9658,-72.9502,-72.9354,-72.9219,-72.9103,-72.9014,-72.8962,-72.8958,-72.9022,-72.9178,-72.9455,-72.9888,-73.0504,-73.1317
4.92,-58.0417,-61.8437,-65.1636,-67.6579,-69.4117,-70.6112,-71.4238,-71.9732,-72.345,-72.5964,-72.7657,-72.8785,-72.9519,-72.9979,-73.0245,-73.0373,-73.0404,-73.0366,-73.028,-73.0162,-73.0022,-72.9871,-72.9714,-72.9559,-72.9411,-72.9276,-72.916,-72.9071,-72.9018,-72.9015,-72.9078,-72.9233,-72.9511,-72.9943,-73.0558,-73.137
4.925,-57.2558,-61.3333,-64.8646,-67.4912,-69.3209,-70.5625,-71.3983,-71.9607,-72.3398,-72.5955,-72.7673,-72.8815,-72.9559,-73.0025,-73.0294,-73.0425,-73.0457,-73.0421,-73.0335,-73.0218,-73.0078,-72.9927,-72.9771,-72.9615,-72.9468,-72.9332,-72.9217,-72.9127,-72.9074,-72.9071,-72.9134,-72.9289,-72.9566,-72.9998,-73.0612,-73.1424
4.93,-56.3629,-60.7601,-64.5334,-67.3088,-69.2226,-70.5103,-71.3712,-71.9474,-72.3342,-72.5943,-72.7687,-72.8845,-72.9599,-73.007,-73.0343,-73.0477,-73.0511,-73.0475,-73.0391,-73.0273,-73.0135,-72.9983,-72.9827,-72.9672,-72.9524,-72.9389,-72.9273,-72.9184,-72.9131,-72.9127,-72.9191,-72.9345,-72.9621,-73.0053,-73.0666,-73.1477
4.935,-55.3394,-60.1115,-64.1642,-67.1084,-69.1159,-70.4541,-71.3421,-71.9332,-72.3282,-72.5929,-72.77,-72.8875,-72.9638,-73.0116,-73.0393,-73.0528,-73.0564,-73.053,-73.0446,-73.0329,-73.0191,-73.004,-72.9884,-72.9729,-72.9581,-72.9446,-72.933,-72.924,-72.9187,-72.9183,-72.9247,-72.9401,-72.9677,-73.0108,-73.0721,-73.1531
4.94,-54.1543,-59.3711,-63.7496,-66.8867,-68.9994,-70.3934,-71.311,-71.9179,-72.3217,-72.5913,-72.7712,-72.8903,-72.9677,-73.0161,-73.0442,-73.058,-73.0618,-73.0584,-73.0502,-73.0385,-73.0247,-73.0096,-72.994,-72.9785,-72.9637,-72.9502,-72.9386,-72.9297,-72.9244,-72.924,-72.9303,-72.9457,-72.9732,-73.0163,-73.0775,-73.1584
4.945,-52.7665,-58.5174,-63.2802,-66.64,-68.8716,-70.3275,-71.2775,-71.9016,-72.3146,-72.5894,-72.7723,-72.8931,-72.9715,-73.0206,-73.0491,-73.0632,-73.0671,-73.0639,-73.0557,-73.0441,-73.0303,-73.0153,-72.9997,-72.9842,-72.9694,-72.9559,-72.9443,-72.9353,-72.93,-72.9296,-72.9359,-72.9512,-72.9788,-73.0218,-73.0829,-73.1638
4.95,-51.1198,-57.5217,-62.7436,-66.3632,-68.7304,-70.2557,-71.2413,-71.884,-72.307,-72.5872,-72.7732,-72.8959,-72.9754,-73.0251,-73.054,-73.0684,-73.0725,-73.0694,-73.0612,-73.0497,-73.0359,-73.0209,-73.0053,-72.9899,-72.9751,-72.9616,-72.95,-72.941,-72.9357,-72.9352,-72.9415,-72.9568,-72.9843,-73.0272,-73.0883,-73.1691
4.955,-49.1366,-56.3451,-62.1234,-66.0498,-68.5735,-70.1771,-71.2021,-71.865,-72.2987,-72.5847,-72.774,-72.8985,-72.9791,-73.0295,-73.0589,-73.0735,-73.0778,-73.0748,-73.0668,-73.0553,-73.0416,-73.0266,-73.011,-72.9955,-72.9808,-72.9672,-72.9556,-72.9467,-72.9413,-72.9409,-72.9471,-72.9624,-72.9898,-73.0327,-73.0938,-73.1745
4.96,-46.7068,-54.933,-61.3973,-65.6914,-68.3976,-70.0903,-71.1593,-71.8444,-72.2896,-72.5819,-72.7746,-72.9011,-72.9829,-73.034,-73.0638,-73.0787,-73.0832,-73.0803,-73.0723,-73.0609,-73.0472,-73.0322,-73.0167,-73.0012,-72.9864,-72.9729,-72.9613,-72.9523,-72.947,-72.9465,-72.9527,-72.968,-72.9954,-73.0382,-73.0992,-73.1798
4.965,-43.6724,-53.2079,-60.5343,-65.2763,-68.1984,-69.9938,-71.1124,-71.822,-72.2798,-72.5787,-72.775,-72.9036,-72.9866,-73.0384,-73.0687,-73.0839,-73.0885,-73.0858,-73.0779,-73.0665,-73.0528,-73.0379,-73.0223,-73.0069,-72.9921,-72.9786,-72.967,-72.958,-72.9526,-72.9521,-72.9583,-72.9736,-73.0009,-73.0437,-73.1046,-73.1851
4.97,-39.8044,-51.0575,-59.4906,-64.7887,-67.9703,-69.8856,-71.0605,-71.7975,-72.269,-72.5751,-72.7752,-72.906,-72.9902,-73.0428,-73.0735,-73.089,-73.0939,-73.0912,-73.0834,-73.0721,-73.0585,-73.0435,-73.028,-73.0126,-72.9978,-72.9843,-72.9726,-72.9636,-72.9583,-72.9578,-72.9639,-72.9792,-73.0065,-73.0492,-73.11,-73.1905
4.975,-34.7773,-48.3167,-58.2025,-64.206,-67.7053,-69.7628,-71.0028,-71.7706,-72.2571,-72.5709,-72.7752,-72.9082,-72.9938,-73.0472,-73.0784,-73.0942,-73.0992,-73.0967,-73.089,-73.0777,-73.0641,-73.0492,-73.0337,-73.0182,-73.0035,-72.9899,-72.9783,-72.9693,-72.9639,-72.9634,-72.9696,-72.9848,-73.012,-73.0547,-73.1154,-73.1958
4.98,-28.171,-44.7478,-56.5776,-63.4959,-67.3925,-69.6218,-70.938,-71.7407,-72.2441,-72.5663,-72.775,-72.9104,-72.9973,-73.0515,-73.0832,-73.0993,-73.1045,-73.1022,-73.0945,-73.0833,-73.0697,-73.0548,-73.0393,-73.0239,-73.0091,-72.9956,-72.984,-72.975,-72.9696,-72.969,-72.9752,-72.9903,-73.0176,-73.0602,-73.1209,-73.2012
4.985,-19.6127,-40.0339,-54.4849,-62.6123,-67.0162,-69.4572,-70.8641,-71.7072,-72.2295,-72.561,-72.7744,-72.9124,-73.0008,-73.0558,-73.088,-73.1044,-73.1099,-73.1076,-73.1001,-73.0889,-73.0754,-73.0605,-73.045,-73.0296,-73.0148,-73.0013,-72.9897,-72.9806,-72.9752,-72.9747,-72.9808,-72.9959,-73.0231,-73.0657,-73.1263,-73.2065
4.99,-9.30892,-33.8422,-51.7548,-61.4924,-66.5549,-69.2618,-70.7787,-71.6694,-72.2132,-72.5549,-72.7736,-72.9143,-73.0042,-73.0601,-73.0928,-73.1096,-73.1152,-73.1131,-73.1056,-73.0945,-73.081,-73.0662,-73.0507,-73.0353,-73.0205,-73.007,-72.9953,-72.9863,-72.9809,-72.9803,-72.9864,-73.0015,-73.0287,-73.0712,-73.1317,-73.2119
4.995,1.18069,-25.9917,-48.1976,-60.0571,-65.9802,-69.0258,-70.6786,-71.626,-72.1947,-72.548,-72.7723,-72.916,-73.0075,-73.0643,-73.0976,-73.1147,-73.1205,-73.1186,-73.1112,-73.1001,-73.0867,-73.0718,-73.0564,-73.041,-73.0262,-73.0127,-73.001,-72.992,-72.9865,-72.986,-72.992,-73.0071,-73.0342,-73.0767,-73.1372,-73.2172
5,9.6404,-16.6155,-43.6239,-58.2131,-65.256,-68.7363,-70.5592,-71.5755,-72.1735,-72.5401,-72.7707,-72.9176,-73.0108,-73.0685,-73.1024,-73.1198,-73.1259,-73.124,-73.1167,-73.1057,-73.0923,-73.0775,-73.062,-73.0466,-73.0319,-73.0184,-73.0067,-72.9977,-72.9922,-72.9916,-72.9977,-73.0127,-73.0398,-73.0822,-73.1426,-73.2226
5.005,15.3681,-6.47153,-37.8782,-55.8569,-64.3397,-68.3775,-70.4149,-71.516,-72.149,-72.5308,-72.7685,-72.9189,-73.0139,-73.0727,-73.1071,-73.1249,-73.1312,-73.1295,-73.1223,-73.1113,-73.098,-73.0832,-73.0677,-73.0523,-73.0376,-73.024,-73.0124,-73.0033,-72.9979,-72.9973,-73.0033,-73.0183,-73.0453,-73.0877,-73.148,-73.2279
5.01,19.0206,2.65949,-30.8945,-52.8819,-63.1818,-67.9299,-70.2386,-71.4449,-72.1202,-72.5199,-72.7657,-72.9199,-73.0169,-73.0768,-73.1118,-73.13,-73.1365,-73.1349,-73.1278,-73.1169,-73.1036,-73.0888,-73.0734,-73.058,-73.0433,-73.0297,-73.0181,-73.009,-73.0035,-73.0029,-73.0089,-73.0239,-73.0509,-73.0932,-73.1534,-73.2333
5.015,21.2526,9.20295,-22.5855,-49.152,-61.722,-67.37,-70.0215,-71.359,-72.086,-72.507,-72.7621,-72.9207,-73.0198,-73.0809,-73.1165,-73.1351,-73.1418,-73.1404,-73.1334,-73.1226,-73.1093,-73.0945,-73.0791,-73.0637,-73.049,-73.0354,-73.0238,-73.0147,-73.0092,-73.0086,-73.0145,-73.0295,-73.0564,-73.0987,-73.1589,-73.2386
5.02,22.4963,13.3181,-12.9282,-44.4821,-59.8808,-66.6676,-69.7524,-71.2543,-72.045,-72.4916,-72.7575,-72.921,-73.0226,-73.0848,-73.1212,-73.1402,-73.1471,-73.1459,-73.1389,-73.1282,-73.1149,-73.1002,-73.0848,-73.0694,-73.0547,-73.0411,-73.0294,-73.0204,-73.0149,-73.0142,-73.0202,-73.0351,-73.062,-73.1042,-73.1643,-73.244
5.025,23.0924,15.9765,-2.85798,-38.7452,-57.5717,-65.7868,-69.4177,-71.1257,-71.9952,-72.473,-72.7518,-72.9209,-73.0252,-73.0888,-73.1259,-73.1452,-73.1524,-73.1513,-73.1445,-73.1338,-73.1206,-73.1059,-73.0905,-73.0751,-73.0604,-73.0468,-73.0351,-73.0261,-73.0206,-73.0199,-73.0258,-73.0407,-73.0675,-73.1097,-73.1697,-73.2494
5.03,23.2695,17.7417,5.50498,-31.9301,-54.7144,-64.688,-69.0014,-70.9672,-71.9346,-72.4504,-72.7446,-72.9203,-73.0275,-73.0926,-73.1305,-73.1502,-73.1577,-73.1568,-73.15,-73.1394,-73.1262,-73.1115,-73.0962,-73.0808,-73.0661,-73.0525,-73.0408,-73.0318,-73.0262,-73.0255,-73.0314,-73.0463,-73.0731,-73.1152,-73.1752,-73.2547
5.035,23.1418,18.7774,10.9638,-23.863,-51.185,-63.3204,-68.4836,-70.7713,-71.8603,-72.4227,-72.7355,-72.9189,-73.0296,-73.0963,-73.135,-73.1553,-73.163,-73.1622,-73.1556,-73.145,-73.1319,-73.1172,-73.1019,-73.0865,-73.0718,-73.0582,-73.0465,-73.0374,-73.0319,-73.0312,-73.0371,-73.0519,-73.0787,-73.1207,-73.1806,-73.2601
5.04,22.7729,19.2319,14.2291,-14.2597,-46.7787,-61.6093,-67.8378,-70.5283,-71.7687,-72.3888,-72.7241,-72.9167,-73.0313,-73.0999,-73.1395,-73.1603,-73.1683,-73.1677,-73.1611,-73.1506,-73.1375,-73.1229,-73.1076,-73.0922,-73.0775,-73.0639,-73.0522,-73.0431,-73.0376,-73.0368,-73.0427,-73.0575,-73.0842,-73.1262,-73.186,-73.2654
5.045,22.2171,19.2981,16.4013,-3.79295,-41.3419,-59.4702,-67.0311,-70.2261,-71.6555,-72.347,-72.7098,-72.9134,-73.0327,-73.1033,-73.144,-73.1652,-73.1736,-73.1731,-73.1667,-73.1562,-73.1432,-73.1286,-73.1133,-73.0979,-73.0832,-73.0696,-73.0579,-73.0488,-73.0433,-73.0425,-73.0483,-73.0631,-73.0898,-73.1317,-73.1915,-73.2708
5.05,21.5204,19.1118,17.9436,5.26656,-34.9068,-56.8391,-66.0294,-69.8507,-71.5154,-72.2953,-72.6918,-72.9088,-73.0335,-73.1066,-73.1483,-73.1702,-73.1788,-73.1786,-73.1722,-73.1619,-73.1489,-73.1343,-73.119,-73.1036,-73.0889,-73.0754,-73.0636,-73.0545,-73.0489,-73.0482,-73.054,-73.0687,-73.0953,-73.1372,-73.1969,-73.2761
5.055,20.7116,18.7258,18.8698,11.2179,-27.3802,-53.6283,-64.7931,-69.3858,-71.3419,-72.2313,-72.6694,-72.9025,-73.0338,-73.1096,-73.1526,-73.1751,-73.1841,-73.184,-73.1778,-73.1675,-73.1545,-73.14,-73.1247,-73.1094,-73.0946,-73.0811,-73.0693,-73.0602,-73.0546,-73.0538,-73.0596,-73.0743,-73.1009,-73.1427,-73.2024,-73.2815
5.06,19.8068,18.1627,19.2322,14.626,-18.3018,-49.6458,-63.2583,-68.8092,-71.127,-72.152,-72.6413,-72.8941,-73.0332,-73.1123,-73.1568,-73.1799,-73.1893,-73.1894,-73.1833,-73.1731,-73.1602,-73.1457,-73.1304,-73.1151,-73.1003,-73.0868,-73.0751,-73.0659,-73.0603,-73.0595,-73.0653,-73.0799,-73.1065,-73.1482,-73.2078,-73.2869
5.065,18.8177,17.4525,19.2034,16.8006,-7.67975,-44.6701,-61.3384,-68.0903,-70.8599,-72.0537,-72.6063,-72.8832,-73.0317,-73.1146,-73.1608,-73.1848,-73.1945,-73.1948,-73.1889,-73.1787,-73.1658,-73.1514,-73.1361,-73.1208,-73.106,-73.0925,-73.0808,-73.0716,-73.066,-73.0652,-73.0709,-73.0855,-73.112,-73.1537,-73.2132,-73.2922
5.07,17.756,16.6287,18.9377,18.4248,2.65472,-38.6838,-58.9645,-67.1967,-70.528,-71.9314,-72.5625,-72.869,-73.029,-73.1166,-73.1647,-73.1895,-73.1997,-73.2003,-73.1944,-73.1843,-73.1715,-73.1571,-73.1418,-73.1265,-73.1118,-73.0982,-73.0865,-73.0773,-73.0717,-73.0708,-73.0766,-73.0911,-73.1176,-73.1592,-73.2187,-73.2976
5.075,16.6319,15.715,18.4964,19.519,10.1204,-31.7615,-56.0862,-66.097,-70.1172,-71.7798,-72.5078,-72.8509,-73.0249,-73.1179,-73.1684,-73.1942,-73.2048,-73.2057,-73.2,-73.19,-73.1772,-73.1627,-73.1475,-73.1322,-73.1175,-73.1039,-73.0922,-73.083,-73.0774,-73.0765,-73.0822,-73.0968,-73.1232,-73.1647,-73.2241,-73.303
5.08,15.4532,14.7234,17.8902,20.0237,14.3888,-23.5493,-52.5706,-64.7445,-69.6101,-71.5921,-72.4398,-72.8278,-73.0189,-73.1186,-73.1718,-73.1988,-73.21,-73.211,-73.2055,-73.1956,-73.1829,-73.1684,-73.1532,-73.138,-73.1232,-73.1097,-73.0979,-73.0887,-73.0831,-73.0822,-73.0878,-73.1024,-73.1288,-73.1703,-73.2296,-73.3083
5.085,14.2256,13.6619,17.1357,20.0635,16.8501,-13.506,-48.1699,-63.0605,-68.9808,-71.3593,-72.3551,-72.7986,-73.0107,-73.1185,-73.1749,-73.2032,-73.215,-73.2164,-73.211,-73.2012,-73.1885,-73.1741,-73.159,-73.1437,-73.1289,-73.1154,-73.1036,-73.0944,-73.0888,-73.0879,-73.0935,-73.108,-73.1343,-73.1758,-73.235,-73.3137
5.09,12.9542,12.5391,16.2635,19.8228,18.6248,-2.33755,-42.7211,-60.9588,-68.1967,-71.0699,-72.2496,-72.7617,-72.9996,-73.1173,-73.1776,-73.2076,-73.2201,-73.2218,-73.2166,-73.2068,-73.1942,-73.1798,-73.1647,-73.1494,-73.1347,-73.1211,-73.1093,-73.1001,-73.0945,-73.0935,-73.0992,-73.1136,-73.1399,-73.1813,-73.2405,-73.3191
5.095,11.6437,11.3639,15.3019,19.4076,19.9783,7.21419,-36.3371,-58.3924,-67.228,-70.7108,-72.1184,-72.7154,-72.9851,-73.1149,-73.1798,-73.2117,-73.225,-73.2271,-73.2221,-73.2124,-73.1999,-73.1855,-73.1704,-73.1551,-73.1404,-73.1268,-73.1151,-73.1059,-73.1002,-73.0992,-73.1048,-73.1192,-73.1455,-73.1868,-73.2459,-73.3244
5.1,10.2988,10.1439,14.2664,18.8371,20.7708,13.1989,-28.9805,-55.3004,-66.0426,-70.2681,-71.9557,-72.6573,-72.9662,-73.1108,-73.1815,-73.2156,-73.2299,-73.2324,-73.2276,-73.218,-73.2055,-73.1913,-73.1761,-73.1609,-73.1461,-73.1326,-73.1208,-73.1116,-73.1059,-73.1049,-73.1105,-73.1249,-73.1511,-73.1923,-73.2514,-73.3298
5.105,8.92395,8.88472,13.1643,18.1135,21.0086,16.4241,-20.0515,-51.4918,-64.5828,-69.722,-71.7544,-72.5849,-72.942,-73.1048,-73.1824,-73.2193,-73.2347,-73.2377,-73.2331,-73.2237,-73.2112,-73.197,-73.1818,-73.1666,-73.1519,-73.1383,-73.1265,-73.1173,-73.1116,-73.1106,-73.1161,-73.1305,-73.1566,-73.1979,-73.2568,-73.3352
5.11,7.52287,7.5909,12.0021,17.2584,20.8693,18.4362,-9.18664,-46.699,-62.7588,-69.0432,-71.5044,-72.4946,-72.9112,-73.0963,-73.1824,-73.2226,-73.2393,-73.2429,-73.2385,-73.2293,-73.2169,-73.2027,-73.1876,-73.1723,-73.1576,-73.144,-73.1322,-73.123,-73.1173,-73.1163,-73.1218,-73.1361,-73.1622,-73.2034,-73.2623,-73.3405
5.115,6.09927,6.26696,10.7885,16.3032,20.5189,20.0198,2.03292,-40.8652,-60.4957,-68.1993,-71.1936,-72.382,-72.8723,-73.0849,-73.1813,-73.2255,-73.2438,-73.248,-73.244,-73.2348,-73.2225,-73.2084,-73.1933,-73.1781,-73.1634,-73.1498,-73.138,-73.1287,-73.123,-73.122,-73.1274,-73.1417,-73.1678,-73.2089,-73.2677,-73.3459
5.12,4.65675,4.9174,9.53156,15.2709,20.0194,21.1648,10.4946,-34.1639,-57.7622,-67.1627,-70.8093,-72.2419,-72.8231,-73.0696,-73.1789,-73.2279,-73.2481,-73.2531,-73.2494,-73.2404,-73.2282,-73.2141,-73.199,-73.1838,-73.1691,-73.1555,-73.1437,-73.1345,-73.1287,-73.1277,-73.1331,-73.1474,-73.1734,-73.2144,-73.2732,-73.3513
5.125,3.19883,3.54643,8.23782,14.1714,19.3698,21.7221,15.2847,-26.3543,-54.4659,-65.8974,-70.3364,-72.0685,-72.7615,-73.0498,-73.1747,-73.2297,-73.2522,-73.2581,-73.2548,-73.246,-73.2339,-73.2198,-73.2048,-73.1896,-73.1748,-73.1613,-73.1494,-73.1402,-73.1344,-73.1333,-73.1388,-73.153,-73.179,-73.22,-73.2787,-73.3567
5.13,1.72892,2.15787,6.91209,13.0103,18.5755,21.7781,17.8675,-16.6923,-50.3624,-64.3326,-69.7526,-71.8537,-72.6846,-73.0243,-73.1684,-73.2307,-73.256,-73.263,-73.2602,-73.2516,-73.2395,-73.2255,-73.2105,-73.1953,-73.1806,-73.167,-73.1552,-73.1459,-73.1401,-73.139,-73.1444,-73.1586,-73.1846,-73.2255,-73.2841,-73.3621
5.135,0.250314,0.755264,5.55872,11.7942,17.6633,21.5307,19.6526,-5.22242,-45.2051,-62.3742,-69.026,-71.5869,-72.5885,-72.9917,-73.1595,-73.2307,-73.2594,-73.2678,-73.2655,-73.2571,-73.2452,-73.2312,-73.2162,-73.201,-73.1863,-73.1727,-73.1609,-73.1516,-73.1458,-73.1447,-73.1501,-73.1643,-73.1901,-73.231,-73.2896,-73.3674
5.14,-1.23381,-0.657998,4.18213,10.5317,16.663,21.1141,21.1029,5.61615,-39.0585,-59.965,-68.1255,-71.2555,-72.4687,-72.9504,-73.1474,-73.2295,-73.2624,-73.2724,-73.2708,-73.2626,-73.2508,-73.2369,-73.2219,-73.2068,-73.1921,-73.1785,-73.1667,-73.1574,-73.1515,-73.1504,-73.1558,-73.1699,-73.1957,-73.2366,-73.295,-73.3728
5.145,-2.72038,-2.07861,2.78667,9.23044,15.5923,20.5569,22.057,12.9084,-32.0656,-57.0764,-67.0251,-70.8467,-72.3198,-72.8983,-73.1313,-73.2269,-73.2649,-73.2768,-73.2759,-73.2682,-73.2565,-73.2426,-73.2277,-73.2125,-73.1978,-73.1842,-73.1724,-73.1631,-73.1573,-73.1561,-73.1615,-73.1755,-73.2013,-73.2421,-73.3005,-73.3782
5.15,-4.2064,-3.5034,1.37638,7.89591,14.4578,19.8515,22.4232,16.78,-23.7572,-53.5716,-65.6809,-70.3444,-72.1356,-72.8329,-73.1103,-73.2225,-73.2667,-73.281,-73.281,-73.2736,-73.2621,-73.2483,-73.2334,-73.2183,-73.2036,-73.19,-73.1782,-73.1688,-73.163,-73.1618,-73.1671,-73.1812,-73.2069,-73.2476,-73.306,-73.3836
5.155,-5.689,-4.92935,-0.0451157,6.53259,13.2644,19.0098,22.3497,18.9637,-13.3789,-49.1674,-64.0104,-69.723,-71.9074,-72.7513,-73.0833,-73.2158,-73.2676,-73.2848,-73.286,-73.279,-73.2677,-73.254,-73.2392,-73.224,-73.2094,-73.1958,-73.1839,-73.1746,-73.1687,-73.1675,-73.1728,-73.1868,-73.2125,-73.2532,-73.3114,-73.389
5.16,-7.16543,-6.35359,-1.4744,5.14472,12.0195,18.0617,22.0316,20.6215,-1.57285,-43.6772,-61.9219,-68.9491,-71.6237,-72.6494,-73.0487,-73.2063,-73.2675,-73.2883,-73.2908,-73.2844,-73.2733,-73.2597,-73.2449,-73.2298,-73.2151,-73.2015,-73.1897,-73.1803,-73.1744,-73.1732,-73.1785,-73.1925,-73.2181,-73.2587,-73.3169,-73.3944
5.165,-8.63309,-7.77343,-2.90821,3.73672,10.7311,17.0342,21.568,21.9453,8.55086,-37.2697,-59.3772,-67.9941,-71.2719,-72.5222,-73.0049,-73.1935,-73.2662,-73.2913,-73.2955,-73.2897,-73.2789,-73.2654,-73.2506,-73.2355,-73.2209,-73.2073,-73.1954,-73.1861,-73.1802,-73.179,-73.1842,-73.1981,-73.2237,-73.2643,-73.3224,-73.3998
5.17,-10.0895,-9.18626,-4.34337,2.31283,9.40632,15.9401,20.9647,22.7184,14.7239,-29.9737,-56.3357,-66.8311,-70.8391,-72.3644,-72.9497,-73.1764,-73.2633,-73.2938,-73.3,-73.295,-73.2844,-73.271,-73.2563,-73.2413,-73.2266,-73.213,-73.2012,-73.1918,-73.1859,-73.1847,-73.1898,-73.2038,-73.2293,-73.2698,-73.3279,-73.4052
5.175,-11.5323,-10.5897,-5.77689,0.876939,8.04998,14.784,20.2154,22.9271,17.905,-21.1145,-52.6105,-65.4064,-70.3071,-72.1693,-72.8805,-73.1541,-73.2585,-73.2955,-73.3042,-73.3001,-73.2899,-73.2767,-73.2621,-73.247,-73.2324,-73.2188,-73.2069,-73.1975,-73.1916,-73.1904,-73.1955,-73.2094,-73.2349,-73.2753,-73.3333,-73.4105
5.18,-12.9594,-11.9814,-7.20596,-0.567419,6.66629,13.5713,19.3385,22.7582,19.8402,-10.0782,-47.9014,-63.6277,-69.6473,-71.9274,-72.794,-73.1254,-73.2513,-73.2963,-73.308,-73.3051,-73.2954,-73.2824,-73.2678,-73.2528,-73.2382,-73.2246,-73.2127,-73.2033,-73.1973,-73.1961,-73.2012,-73.2151,-73.2405,-73.2809,-73.3388,-73.4159
5.185,-14.3686,-13.3592,-8.62794,-2.0169,5.2595,12.3094,18.3654,22.3899,21.4101,1.76254,-42.1128,-61.413,-68.8262,-71.6266,-72.686,-73.0887,-73.2412,-73.2961,-73.3115,-73.31,-73.3008,-73.288,-73.2735,-73.2585,-73.2439,-73.2303,-73.2184,-73.2091,-73.2031,-73.2018,-73.2069,-73.2207,-73.2461,-73.2864,-73.3443,-73.4213
5.19,-15.7583,-14.7212,-10.0404,-3.46828,3.83394,11.0062,17.3188,21.8873,22.5989,10.9479,-35.4743,-58.7392,-67.8178,-71.2544,-72.5513,-73.0423,-73.2274,-73.2945,-73.3145,-73.3147,-73.3062,-73.2936,-73.2792,-73.2643,-73.2497,-73.2361,-73.2242,-73.2148,-73.2088,-73.2075,-73.2126,-73.2264,-73.2517,-73.292,-73.3498,-73.4267
5.195,-17.1266,-16.0656,-11.4409,-4.91846,2.39376,9.668,16.2078,21.2433,23.2015,16.1185,-27.8384,-55.5394,-66.5917,-70.7973,-72.3845,-72.9838,-73.2092,-73.2913,-73.3168,-73.3192,-73.3114,-73.2992,-73.2849,-73.27,-73.2554,-73.2419,-73.23,-73.2206,-73.2146,-73.2132,-73.2183,-73.232,-73.2574,-73.2975,-73.3552,-73.4321
5.2,-18.4722,-17.3908,-12.8274,-6.36453,0.942711,8.29917,15.0364,20.4568,23.2796,18.7897,-18.3836,-51.5781,-65.0828,-70.2348,-72.1783,-72.9106,-73.1856,-73.286,-73.3184,-73.3233,-73.3166,-73.3047,-73.2906,-73.2758,-73.2612,-73.2476,-73.2357,-73.2263,-73.2203,-73.219,-73.224,-73.2377,-73.263,-73.3031,-73.3607,-73.4375
5.205,-19.7935,-18.6952,-14.198,-7.80376,-0.515748,6.90377,13.81,19.552,23.0388,20.5702,-6.79693,-46.5644,-63.1931,-69.5354,-71.9222,-72.819,-73.1551,-73.2783,-73.3191,-73.3272,-73.3216,-73.3102,-73.2963,-73.2815,-73.267,-73.2534,-73.2415,-73.2321,-73.2261,-73.2247,-73.2297,-73.2433,-73.2686,-73.3086,-73.3662,-73.4429
5.21,-21.0895,-19.9775,-15.5507,-9.23363,-1.97831,5.48604,12.5367,18.5592,22.6311,22.0599,4.76927,-40.5124,-60.8559,-68.667,-71.6039,-72.7047,-73.1162,-73.2674,-73.3187,-73.3306,-73.3265,-73.3157,-73.3019,-73.2873,-73.2727,-73.2592,-73.2473,-73.2378,-73.2318,-73.2304,-73.2354,-73.249,-73.2742,-73.3142,-73.3717,-73.4483
5.215,-22.3591,-21.2366,-16.8841,-10.6518,-3.44177,4.05025,11.2237,17.4971,22.0925,23.1029,12.9003,-33.6507,-58.0549,-67.6053,-71.2111,-72.5624,-73.067,-73.2527,-73.3168,-73.3335,-73.3312,-73.321,-73.3076,-73.293,-73.2785,-73.265,-73.2531,-73.2436,-73.2375,-73.2361,-73.2411,-73.2547,-73.2798,-73.3198,-73.3772,-73.4538
5.22,-23.6014,-22.4715,-18.1965,-12.0559,-4.90307,2.60041,9.87664,16.3721,21.4108,23.5473,17.2127,-25.6228,-54.686,-66.3137,-70.7291,-72.3863,-73.0051,-73.2333,-73.3132,-73.3358,-73.3357,-73.3263,-73.3132,-73.2987,-73.2843,-73.2707,-73.2588,-73.2494,-73.2433,-73.2419,-73.2468,-73.2603,-73.2854,-73.3253,-73.3827,-73.4592
5.225,-24.8157,-23.6812,-19.4867,-13.4442,-6.35935,1.14017,8.49958,15.1878,20.5915,23.5174,19.5156,-15.5453,-50.4715,-64.7158,-70.1346,-72.1684,-72.9277,-73.2081,-73.3074,-73.3372,-73.3398,-73.3315,-73.3187,-73.3044,-73.29,-73.2765,-73.2646,-73.2551,-73.2491,-73.2476,-73.2525,-73.266,-73.2911,-73.3309,-73.3882,-73.4646
5.23,-26.0015,-24.8651,-20.7537,-14.8146,-7.80791,-0.327076,7.09652,13.9505,19.6629,23.2211,21.197,-3.56925,-45.1603,-62.7129,-69.3944,-71.8976,-72.8309,-73.1758,-73.299,-73.3377,-73.3436,-73.3365,-73.3242,-73.3101,-73.2958,-73.2823,-73.2704,-73.2609,-73.2548,-73.2533,-73.2582,-73.2717,-73.2967,-73.3364,-73.3936,-73.47
5.235,-27.1581,-26.0224,-21.9963,-16.1655,-9.24627,-1.79804,5.6717,12.668,18.6533,22.7793,22.5977,7.43455,-38.8767,-60.2565,-68.4784,-71.5614,-72.71,-73.1346,-73.2873,-73.337,-73.347,-73.3414,-73.3297,-73.3158,-73.3015,-73.288,-73.2762,-73.2667,-73.2606,-73.2591,-73.2639,-73.2773,-73.3023,-73.342,-73.3991,-73.4754
5.24,-28.2854,-27.1529,-23.2137,-17.4955,-10.6721,-3.26955,4.22931,11.3473,17.5772,22.2056,23.4875,14.4881,-31.7785,-57.3262,-67.3624,-71.1475,-72.5598,-73.0824,-73.2716,-73.3348,-73.3498,-73.3461,-73.3351,-73.3214,-73.3073,-73.2938,-73.2819,-73.2724,-73.2663,-73.2648,-73.2696,-73.283,-73.3079,-73.3476,-73.4046,-73.4808
5.245,-29.383,-28.256,-24.4053,-18.8031,-12.0832,-4.73857,2.77323,9.99329,16.4391,21.488,23.7879,18.0918,-23.2988,-53.7725,-66.0019,-70.6397,-72.374,-73.017,-73.2509,-73.3307,-73.3519,-73.3505,-73.3403,-73.327,-73.313,-73.2996,-73.2877,-73.2782,-73.2721,-73.2706,-73.2753,-73.2887,-73.3136,-73.3531,-73.4101,-73.4862
5.25,-30.4508,-29.3315,-25.5705,-20.0874,-13.4776,-6.20224,1.307,8.60982,15.2431,20.6392,23.6691,20.1354,-12.6004,-49.2896,-64.3096,-70.0116,-72.144,-72.9352,-73.2242,-73.3244,-73.3532,-73.3546,-73.3455,-73.3326,-73.3187,-73.3054,-73.2935,-73.284,-73.2778,-73.2763,-73.281,-73.2944,-73.3192,-73.3587,-73.4156,-73.4916
5.255,-31.4887,-30.3793,-26.7088,-21.3471,-14.8535,-7.65792,-0.166009,7.20092,13.9959,19.6897,23.3283,21.7464,-0.446333,-43.6955,-62.1921,-69.2292,-71.8579,-72.8328,-73.1898,-73.3153,-73.3535,-73.3583,-73.3505,-73.3381,-73.3244,-73.3111,-73.2993,-73.2898,-73.2836,-73.282,-73.2868,-73.3,-73.3248,-73.3643,-73.4211,-73.4971
5.26,-32.4969,-31.3992,-27.8199,-22.5816,-16.2093,-9.10311,-1.64254,5.7708,12.7054,18.6647,22.8546,23.0421,9.75661,-37.2037,-59.6187,-68.2649,-71.5033,-72.7051,-73.1461,-73.3027,-73.3524,-73.3616,-73.3554,-73.3435,-73.3301,-73.3169,-73.305,-73.2955,-73.2894,-73.2878,-73.2925,-73.3057,-73.3305,-73.3699,-73.4266,-73.5025
5.265,-33.4754,-32.3913,-28.9035,-23.79,-17.5435,-10.5355,-3.11943,4.32355,11.3777,17.575,22.2459,23.7759,15.7806,-29.8372,-56.5526,-67.0931,-71.0676,-72.5467,-73.091,-73.2859,-73.3498,-73.3643,-73.36,-73.3489,-73.3357,-73.3226,-73.3108,-73.3013,-73.2951,-73.2935,-73.2982,-73.3114,-73.3361,-73.3754,-73.4321,-73.5079
5.27,-34.4244,-33.3555,-29.9595,-24.9718,-18.8548,-11.9529,-4.59368,2.86295,10.0173,16.4242,21.4941,23.9477,18.8173,-20.8463,-52.7959,-65.659,-70.5326,-72.3508,-73.0219,-73.2639,-73.3453,-73.3663,-73.3644,-73.3542,-73.3413,-73.3283,-73.3166,-73.3071,-73.3009,-73.2993,-73.3039,-73.3171,-73.3417,-73.381,-73.4376,-73.5133
5.275,-35.3442,-34.2922,-30.9879,-26.1266,-20.1422,-13.3533,-6.06245,1.39246,8.62818,15.2169,20.6184,23.756,20.6837,-9.56791,-48.033,-63.8668,-69.8691,-72.108,-72.9354,-73.2355,-73.3384,-73.3673,-73.3685,-73.3594,-73.3469,-73.3341,-73.3223,-73.3129,-73.3067,-73.305,-73.3096,-73.3228,-73.3474,-73.3866,-73.4431,-73.5188
5.28,-36.2351,-35.2013,-31.9885,-27.2539,-21.4047,-14.735,-7.52309,-0.0845828,7.2142,13.9604,19.6499,23.3781,22.2329,2.51391,-42.177,-61.6346,-69.0433,-71.806,-72.8272,-73.199,-73.3285,-73.3673,-73.3721,-73.3644,-73.3524,-73.3398,-73.3281,-73.3186,-73.3124,-73.3108,-73.3154,-73.3285,-73.353,-73.3922,-73.4487,-73.5242
5.285,-37.0975,-36.0833,-32.9616,-28.3536,-22.6414,-16.0964,-8.97313,-1.56494,5.77958,12.662,18.6101,22.8728,23.4062,11.7477,-35.4883,-58.9448,-68.03,-71.4325,-72.6924,-73.1528,-73.315,-73.366,-73.3753,-73.3692,-73.3579,-73.3454,-73.3339,-73.3244,-73.3182,-73.3165,-73.3211,-73.3342,-73.3587,-73.3978,-73.4542,-73.5296
5.29,-37.9317,-36.9384,-33.9073,-29.4256,-23.8517,-17.4359,-10.4102,-3.04547,4.32832,11.3276,17.5069,22.2289,23.9866,16.8375,-27.8066,-55.7323,-66.7997,-70.9742,-72.5254,-73.0945,-73.2971,-73.363,-73.3778,-73.3738,-73.3632,-73.3511,-73.3396,-73.3302,-73.324,-73.3223,-73.3268,-73.3399,-73.3643,-73.4033,-73.4597,-73.535
5.295,-38.7383,-37.7669,-34.8258,-30.4696,-25.035,-18.7524,-11.8323,-4.52319,2.86409,9.96113,16.3435,21.4446,24.0454,19.4345,-18.2537,-51.7526,-65.2863,-70.4105,-72.319,-73.0214,-73.2736,-73.3579,-73.3796,-73.3781,-73.3685,-73.3567,-73.3453,-73.336,-73.3298,-73.328,-73.3326,-73.3456,-73.3699,-73.4089,-73.4652,-73.5405
5.3,-39.5178,-38.5693,-35.7173,-31.4859,-26.191,-20.0447,-13.2372,-5.99529,1.3903,8.5665,15.1252,20.5443,23.7941,21.1822,-6.48454,-46.7045,-63.3896,-69.7096,-72.0627,-72.93,-73.2434,-73.3504,-73.3805,-73.3821,-73.3736,-73.3622,-73.3511,-73.3417,-73.3355,-73.3338,-73.3383,-73.3512,-73.3756,-73.4145,-73.4707,-73.5459
5.305,-40.2708,-39.346,-36.5822,-32.4744,-27.3192,-21.3118,-14.6233,-7.45915,-0.0897545,7.14774,13.8595,19.5582,23.3835,22.6642,5.25723,-40.611,-61.0431,-68.8392,-71.7442,-72.8158,-73.2048,-73.3397,-73.3802,-73.3857,-73.3786,-73.3677,-73.3568,-73.3475,-73.3413,-73.3396,-73.344,-73.3569,-73.3812,-73.4201,-73.4762,-73.5513
5.31,-40.9978,-40.0975,-37.4208,-33.4354,-28.4196,-22.553,-15.989,-8.91228,-1.57283,5.70899,12.5534,18.5039,22.8459,23.7005,13.4326,-33.7218,-58.2352,-67.7757,-71.3511,-72.6736,-73.1558,-73.3253,-73.3785,-73.3887,-73.3834,-73.3732,-73.3624,-73.3532,-73.3471,-73.3453,-73.3497,-73.3626,-73.3869,-73.4257,-73.4817,-73.5568
5.315,-41.6996,-40.8244,-38.2335,-34.3689,-29.492,-23.7676,-17.3327,-10.3524,-3.05582,4.25414,11.2122,17.3872,22.167,24.1343,17.7098,-25.6673,-54.8622,-66.4833,-70.8691,-72.4977,-73.0941,-73.3061,-73.375,-73.3911,-73.3879,-73.3785,-73.3681,-73.359,-73.3528,-73.3511,-73.3555,-73.3683,-73.3925,-73.4313,-73.4873,-73.5622
5.32,-42.3768,-41.527,-39.0208,-35.2754,-30.5364,-24.955,-18.6532,-11.7772,-4.53577,2.78677,9.83963,16.2113,21.352,24.0955,19.9767,-15.5195,-50.6399,-64.8848,-70.2748,-72.2801,-73.017,-73.2811,-73.3695,-73.3927,-73.3922,-73.3838,-73.3737,-73.3647,-73.3586,-73.3568,-73.3612,-73.374,-73.3982,-73.4369,-73.4928,-73.5676
5.325,-43.03,-42.2062,-39.7831,-36.1551,-31.5528,-26.1149,-19.9494,-13.1849,-6.0099,1.31024,8.43962,14.9821,20.4291,23.7952,21.6437,-3.4021,-45.3089,-62.8796,-69.5347,-72.0097,-72.9204,-73.249,-73.3612,-73.3933,-73.3961,-73.3889,-73.3792,-73.3704,-73.3643,-73.3626,-73.367,-73.3797,-73.4039,-73.4425,-73.4983,-73.5731
5.33,-43.6601,-42.8623,-40.5209,-37.0084,-32.5414,-27.2469,-21.2204,-14.5737,-7.47559,-0.172159,7.01622,13.7073,19.4263,23.3539,23.044,7.74185,-39.0016,-60.42,-68.6187,-71.6739,-72.7998,-73.208,-73.3497,-73.3927,-73.3996,-73.3938,-73.3847,-73.3761,-73.3701,-73.3683,-73.3727,-73.3854,-73.4095,-73.4481,-73.5038,-73.5785
5.335,-44.2677,-43.4962,-41.2348,-37.8357,-33.5022,-28.351,-22.4653,-15.9419,-8.93036,-1.65722,5.57351,12.3935,18.3577,22.7832,23.9334,14.8449,-31.892,-57.4891,-67.5033,-71.2605,-72.65,-73.1562,-73.3342,-73.3906,-73.4025,-73.3986,-73.3901,-73.3818,-73.3758,-73.3741,-73.3784,-73.3912,-73.4152,-73.4537,-73.5094,-73.584
5.34,-44.8537,-44.1084,-41.9254,-38.6374,-34.4357,-29.4268,-23.6834,-17.288,-10.3719,-3.14184,4.1153,11.0454,17.2274,22.0697,24.2306,18.4404,-23.4019,-53.9383,-66.1445,-70.7535,-72.4647,-73.0911,-73.3137,-73.3867,-73.4047,-73.4031,-73.3955,-73.3874,-73.3815,-73.3798,-73.3842,-73.3969,-73.4208,-73.4593,-73.5149,-73.5894
5.345,-45.4187,-44.6996,-42.5931,-39.414,-35.342,-30.4745,-24.8743,-18.6109,-11.7981,-4.62312,2.64508,9.66672,16.039,21.2259,24.1089,20.4681,-12.6542,-49.4557,-64.4545,-70.1267,-72.2353,-73.0096,-73.2872,-73.3806,-73.4061,-73.4072,-73.4007,-73.393,-73.3873,-73.3856,-73.3899,-73.4026,-73.4265,-73.4649,-73.5204,-73.5949
5.35,-45.9636,-45.2705,-43.2387,-40.166,-36.2215,-31.4942,-26.0376,-19.9093,-13.207,-6.09829,1.16619,8.26136,14.7991,20.2821,23.7677,22.0743,-0.382893,-43.8525,-62.3384,-69.3457,-71.95,-72.9076,-73.2531,-73.3716,-73.4064,-73.411,-73.4057,-73.3985,-73.393,-73.3913,-73.3956,-73.4083,-73.4322,-73.4705,-73.5259,-73.6003
5.355,-46.4892,-45.8218,-43.8628,-40.8939,-37.0746,-32.4858,-27.1729,-21.1824,-14.5968,-7.56474,-0.318097,6.83339,13.5154,19.2635,23.2963,23.3744,9.94378,-37.3496,-59.7662,-68.3829,-71.5963,-72.7804,-73.2097,-73.3592,-73.4055,-73.4144,-73.4106,-73.404,-73.3986,-73.3971,-73.4014,-73.414,-73.4378,-73.4761,-73.5315,-73.6058
5.36,-46.9962,-46.3541,-44.4659,-41.5983,-37.9017,-33.4497,-28.2801,-22.4294,-15.9658,-9.02003,-1.8046,5.38685,12.1939,18.1805,22.6916,24.1125,16.0224,-29.9842,-56.7045,-67.2134,-71.1618,-72.6225,-73.1548,-73.3426,-73.403,-73.4171,-73.4153,-73.4094,-73.4043,-73.4028,-73.4071,-73.4197,-73.4435,-73.4817,-73.537,-73.6112
5.365,-47.4854,-46.8683,-45.0488,-42.2798,-38.7033,-34.3861,-29.359,-23.6495,-17.3127,-10.4619,-3.29025,3.92544,10.8388,17.0365,21.9444,24.2856,19.0649,-20.9964,-52.9562,-65.7831,-70.6284,-72.4274,-73.086,-73.3207,-73.3986,-73.4192,-73.4198,-73.4147,-73.4099,-73.4085,-73.4128,-73.4254,-73.4491,-73.4873,-73.5425,-73.6167
5.37,-47.9575,-47.3648,-45.6121,-42.9389,-39.4798,-35.2952,-30.4097,-24.8423,-18.6363,-11.8881,-4.77217,2.4526,9.45403,15.8358,21.0737,24.0942,20.9254,-9.6821,-48.2001,-63.9956,-69.9669,-72.1855,-73,-73.2925,-73.3918,-73.4203,-73.4239,-73.4199,-73.4155,-73.4142,-73.4186,-73.4311,-73.4548,-73.4929,-73.5481,-73.6221
5.375,-48.4134,-47.8446,-46.1564,-43.5764,-40.2317,-36.1775,-31.4321,-26.0074,-19.9352,-13.2968,-6.24762,0.97163,8.04335,14.5855,20.1106,23.7178,22.4755,2.50732,-42.3421,-61.7674,-69.1435,-71.8845,-72.8923,-73.2563,-73.3821,-73.4204,-73.4276,-73.4249,-73.421,-73.4199,-73.4243,-73.4368,-73.4605,-73.4985,-73.5536,-73.6276
5.38,-48.8536,-48.3081,-46.6825,-44.1927,-40.9597,-37.0332,-32.4265,-27.1444,-21.2088,-14.6863,-7.71401,-0.514201,6.6109,13.293,19.0765,23.2158,23.6568,11.858,-35.6515,-59.0821,-68.1328,-71.5123,-72.7581,-73.2103,-73.3688,-73.4192,-73.4308,-73.4297,-73.4264,-73.4255,-73.43,-73.4425,-73.4661,-73.5041,-73.5592,-73.633
5.385,-49.279,-48.7561,-47.191,-44.7886,-41.6642,-37.8629,-33.3931,-28.2531,-22.456,-16.0548,-9.16892,-2.00173,5.16063,11.9637,17.9792,22.5763,24.2445,17.004,-27.9817,-55.8781,-66.9062,-71.0556,-72.5919,-73.1524,-73.351,-73.4162,-73.4333,-73.4344,-73.4318,-73.4312,-73.4357,-73.4482,-73.4718,-73.5097,-73.5647,-73.6385
5.39,-49.6902,-49.1893,-47.6825,-45.3647,-42.3458,-38.667,-34.332,-29.3336,-23.6764,-17.4011,-10.6101,-3.48794,3.69616,10.6017,16.8216,21.7968,24.3071,19.6126,-18.4427,-51.9116,-65.3984,-70.4941,-72.3863,-73.0797,-73.3277,-73.4113,-73.4352,-73.4387,-73.4371,-73.4367,-73.4414,-73.4539,-73.4775,-73.5154,-73.5702,-73.644
5.395,-50.0879,-49.6083,-48.1577,-45.9217,-43.0052,-39.446,-35.2436,-30.3857,-24.8693,-18.7238,-12.0354,-4.96996,2.22087,9.21083,15.6089,20.9012,24.0579,21.3591,-6.64245,-46.8748,-63.5082,-69.796,-72.1312,-72.9888,-73.2977,-73.4039,-73.4361,-73.4427,-73.4422,-73.4423,-73.447,-73.4596,-73.4831,-73.521,-73.5758,-73.6494
5.4,-50.4727,-50.0137,-48.6173,-46.4602,-43.643,-40.2004,-36.1283,-31.4095,-26.0345,-20.0218,-13.4429,-6.4451,0.738068,7.79491,14.3484,19.9199,23.6497,22.8459,5.20789,-40.7841,-61.1678,-68.9287,-71.8139,-72.8752,-73.2593,-73.3933,-73.4359,-73.4463,-73.4472,-73.4478,-73.4527,-73.4653,-73.4888,-73.5266,-73.5813,-73.6549
5.405,-50.8453,-50.4061,-49.0618,-46.9808,-44.2598,-40.9308,-36.9864,-32.4052,-27.1714,-21.2942,-14.8309,-7.91079,-0.749014,6.35808,13.0471,18.8707,23.1161,23.893,13.4961,-33.9003,-58.3669,-67.8687,-71.4225,-72.7337,-73.2106,-73.379,-73.4343,-73.4494,-73.452,-73.4532,-73.4583,-73.471,-73.4945,-73.5322,-73.5869,-73.6604
5.41,-51.2062,-50.786,-49.492,-47.4842,-44.8562,-41.6376,-37.8184,-33.373,-28.2801,-22.5403,-16.1978,-9.36462,-2.23724,4.90419,11.7101,17.759,22.4417,24.3358,17.827,-25.8674,-55.0059,-66.5813,-70.9425,-72.5586,-73.1494,-73.36,-73.4309,-73.4518,-73.4565,-73.4585,-73.4639,-73.4766,-73.5001,-73.5378,-73.5924,-73.6658
5.415,-51.556,-51.1542,-49.9083,-47.9711,-45.4329,-42.3216,-38.6247,-34.3131,-29.3604,-23.7594,-17.5422,-10.8044,-3.72361,3.43679,10.3413,16.588,21.6313,24.3021,20.1064,-15.7407,-50.8006,-64.9897,-70.3509,-72.3421,-73.0726,-73.3352,-73.4254,-73.4534,-73.4608,-73.4637,-73.4695,-73.4823,-73.5058,-73.5434,-73.598,-73.6713
5.42,-51.8952,-51.511,-50.3114,-48.442,-45.9905,-42.9833,-39.4058,-35.2259,-30.4124,-24.951,-18.8629,-12.2279,-5.20531,1.95924,8.94436,15.3635,20.7127,24.0046,21.7748,-3.58817,-45.4838,-62.9924,-69.6141,-72.073,-72.9767,-73.3033,-73.4173,-73.4541,-73.4647,-73.4688,-73.475,-73.4879,-73.5114,-73.549,-73.6035,-73.6768
5.425,-52.2244,-51.8571,-50.7019,-48.8977,-46.5298,-43.6233,-40.1622,-36.1116,-31.436,-26.1146,-20.1588,-13.6334,-6.67966,0.474816,7.52331,14.0931,19.7144,23.5664,23.1832,7.67116,-39.1824,-60.5403,-68.7018,-71.7388,-72.8567,-73.2626,-73.4059,-73.4535,-73.4682,-73.4737,-73.4804,-73.4935,-73.5171,-73.5546,-73.6091,-73.6822
5.43,-52.5441,-52.1928,-51.0802,-49.3387,-47.0512,-44.2423,-40.8946,-36.9707,-32.4314,-27.2501,-21.4289,-15.0191,-8.14412,-1.01326,6.08222,12.7833,18.6501,22.9999,24.0852,14.8818,-32.0851,-57.6188,-67.5908,-71.3272,-72.7076,-73.2111,-73.3905,-73.4515,-73.4711,-73.4785,-73.4858,-73.4991,-73.5227,-73.5602,-73.6146,-73.6877
5.435,-52.8547,-52.5188,-51.447,-49.7656,-47.5556,-44.8409,-41.6034,-37.8036,-33.3988,-28.3572,-22.6726,-16.3835,-9.59632,-2.50189,4.62484,11.4387,17.5242,22.291,24.3923,18.5255,-23.6251,-54.0832,-66.238,-70.8227,-72.5233,-73.1464,-73.3702,-73.4477,-73.4733,-73.4829,-73.4911,-73.5047,-73.5283,-73.5658,-73.6201,-73.6932
5.44,-53.1566,-52.8353,-51.8027,-50.1789,-48.0434,-45.4197,-42.2892,-38.6108,-34.3385,-29.4359,-23.8891,-17.7251,-11.034,-3.9881,3.15467,10.0631,16.34,21.4515,24.2759,20.5641,-12.9009,-49.6207,-64.5561,-70.1989,-72.2951,-73.0654,-73.3438,-73.4416,-73.4747,-73.4871,-73.4963,-73.5102,-73.5339,-73.5714,-73.6257,-73.6986
5.445,-53.4502,-53.143,-52.1478,-50.5794,-48.5154,-45.9795,-42.9527,-39.3928,-35.2509,-30.4862,-25.0781,-19.0428,-12.4552,-5.46912,1.67503,8.66023,15.1041,20.5117,23.9378,22.1737,-0.582317,-44.0328,-62.4489,-69.4217,-72.0113,-72.964,-73.31,-73.4327,-73.4751,-73.4909,-73.5013,-73.5157,-73.5395,-73.577,-73.6312,-73.7041
5.45,-53.736,-53.4421,-52.4828,-50.9674,-48.9721,-46.5207,-43.5945,-40.15,-36.1361,-31.5081,-26.2391,-20.3356,-13.858,-6.94229,0.189192,7.23419,13.824,19.4969,23.47,23.4846,9.86774,-37.5381,-59.8854,-68.4631,-71.6594,-72.8375,-73.2668,-73.4204,-73.4742,-73.4942,-73.5061,-73.521,-73.5451,-73.5826,-73.6368,-73.7096
5.455,-54.0143,-53.7331,-52.8081,-51.3436,-49.4142,-47.0442,-44.2152,-40.8831,-36.9948,-32.5017,-27.3718,-21.6025,-15.2407,-8.4051,-1.29965,5.78896,12.5058,18.4179,22.8695,24.2365,16.046,-30.1918,-56.8351,-67.2987,-71.2269,-72.6805,-73.2123,-73.4039,-73.4718,-73.497,-73.5108,-73.5264,-73.5506,-73.5882,-73.6423,-73.715
5.46,-54.2855,-54.0163,-53.1242,-51.7084,-49.8423,-47.5505,-44.8154,-41.5926,-37.8272,-33.4674,-28.4761,-22.8427,-16.6019,-9.8552,-2.78842,4.32825,11.1537,17.2777,22.1269,24.4194,19.1293,-21.2413,-53.105,-65.8753,-70.6963,-72.4864,-73.144,-73.3823,-73.4674,-73.499,-73.5152,-73.5316,-73.5561,-73.5938,-73.6478,-73.7205
5.465,-54.5499,-54.2921,-53.4315,-52.0623,-50.2569,-48.0403,-45.3959,-42.2791,-38.6338,-34.4054,-29.5519,-24.0558,-17.94,-11.2904,-4.27419,2.85546,9.77136,16.0807,21.2603,24.2332,20.9984,-9.9469,-48.371,-64.097,-70.0383,-72.2458,-73.0584,-73.3542,-73.4607,-73.5002,-73.5192,-73.5367,-73.5616,-73.5993,-73.6534,-73.726
5.47,-54.8077,-54.5608,-53.7303,-52.4058,-50.6585,-48.5142,-45.9572,-42.9433,-39.4152,-35.3159,-30.5993,-25.2411,-19.2541,-12.7087,-5.75422,1.37391,8.36274,14.8337,20.3007,23.8601,22.5539,2.30842,-42.5283,-61.8783,-69.219,-71.9465,-72.9514,-73.3183,-73.451,-73.5003,-73.5229,-73.5417,-73.567,-73.6048,-73.6589,-73.7314
5.475,-55.0594,-54.8227,-54.0211,-52.7394,-51.0478,-48.9729,-46.5,-43.5856,-40.1719,-36.1994,-31.6183,-26.3984,-20.5429,-14.1083,-7.22587,-0.11314,6.93187,13.5442,19.2702,23.3619,23.7484,11.7878,-35.8482,-59.2027,-68.2129,-71.5762,-72.818,-73.2726,-73.4378,-73.499,-73.5261,-73.5464,-73.5723,-73.6103,-73.6644,-73.7369
5.48,-55.3051,-55.0782,-54.3041,-53.0635,-51.4253,-49.4168,-47.0249,-44.2069,-40.9044,-37.0562,-32.6091,-27.5274,-21.8058,-15.4875,-8.68668,-1.60252,5.48268,12.2177,18.1763,22.7269,24.3503,17.0228,-28.2042,-56.0122,-66.9921,-71.1219,-72.6526,-73.215,-73.4201,-73.4961,-73.5286,-73.551,-73.5776,-73.6158,-73.6699,-73.7423
5.485,-55.5451,-55.3274,-54.5797,-53.3784,-51.7914,-49.8467,-47.5326,-44.8077,-41.6133,-37.8868,-33.5719,-28.628,-23.0419,-16.8448,-10.1343,-3.0912,4.01877,10.8583,17.0222,21.9516,24.4222,19.6641,-18.7072,-52.0665,-65.4921,-70.5633,-72.4483,-73.1428,-73.397,-73.4912,-73.5304,-73.5553,-73.5827,-73.6212,-73.6754,-73.7478
5.49,-55.7796,-55.5707,-54.8483,-53.6846,-52.1466,-50.263,-48.0238,-45.3886,-42.2992,-38.6917,-34.5069,-29.7,-24.2507,-18.179,-11.5667,-4.57628,2.54354,9.46944,15.8126,21.0598,24.1777,21.4174,-6.91634,-47.0527,-63.6117,-69.8691,-72.1946,-73.0524,-73.3672,-73.4838,-73.5313,-73.5592,-73.5878,-73.6266,-73.6809,-73.7532
5.495,-56.009,-55.8083,-55.1101,-53.9825,-52.4914,-50.6664,-48.499,-45.9504,-42.9628,-39.4713,-35.4145,-30.7435,-25.4317,-19.4887,-12.9817,-6.05505,1.06026,8.05524,14.555,20.0819,23.7729,22.9119,5.02184,-40.9762,-61.2813,-69.0062,-71.8791,-72.9395,-73.3291,-73.4734,-73.5311,-73.5627,-73.5927,-73.632,-73.6863,-73.7587
5.5,-56.2333,-56.0404,-55.3653,-54.2724,-52.8263,-51.0574,-48.9589,-46.4936,-43.6045,-40.2262,-36.2951,-31.7587,-26.5845,-20.7732,-14.3777,-7.52491,-0.427806,6.61971,13.2564,19.0359,23.2433,23.9739,13.4392,-34.1058,-58.491,-67.9512,-71.4897,-72.7988,-73.2807,-73.4591,-73.5295,-73.5657,-73.5973,-73.6372,-73.6917,-73.7641
5.505,-56.4528,-56.2672,-55.6144,-54.5547,-53.1517,-51.4365,-49.4041,-47.0189,-44.2252,-40.957,-37.1491,-32.7457,-27.709,-22.0314,-15.7529,-8.98341,-1.91752,5.16672,11.9218,17.9274,22.5735,24.4306,17.8466,-26.1054,-55.1457,-66.6702,-71.0123,-72.6247,-73.2198,-73.4402,-73.5261,-73.5681,-73.6018,-73.6424,-73.6971,-73.7695
5.51,-56.6677,-56.4891,-55.8575,-54.8296,-53.4679,-51.8043,-49.8352,-47.5271,-44.8253,-41.6642,-37.9769,-33.7046,-28.805,-23.2628,-17.106,-10.4283,-3.40589,3.69979,10.5551,16.7595,21.7672,24.4053,20.1509,-16.0216,-50.9634,-65.0872,-70.424,-72.4095,-73.1436,-73.4156,-73.5206,-73.5697,-73.6059,-73.6475,-73.7025,-73.7749
5.515,-56.8781,-56.706,-56.0948,-55.0975,-53.7754,-52.1611,-50.2527,-48.0186,-45.4057,-42.3484,-38.7789,-34.6359,-29.8725,-24.4667,-18.4356,-11.8574,-4.89005,2.22228,9.15992,15.5378,20.8521,24.1121,21.825,-3.86054,-45.669,-63.1004,-69.6913,-72.1419,-73.0481,-73.3839,-73.5125,-73.5703,-73.6097,-73.6524,-73.7078,-73.7802
5.52,-57.0843,-56.9183,-56.3267,-55.3586,-54.0745,-52.5074,-50.6572,-48.4942,-45.9668,-43.0102,-39.5558,-35.5397,-30.9115,-25.6427,-19.7407,-13.2689,-6.36732,0.737462,7.74032,14.2699,19.8568,23.6775,23.2436,7.5082,-39.3804,-60.6584,-68.7836,-71.8096,-72.9289,-73.3435,-73.5012,-73.5697,-73.6131,-73.6572,-73.713,-73.7856
5.525,-57.2863,-57.1262,-56.5532,-55.6133,-54.3656,-52.8438,-51.0493,-48.9544,-46.5094,-43.6504,-40.308,-36.4166,-31.9222,-26.7906,-21.0202,-14.6609,-7.83514,-0.751428,6.30033,12.9624,18.7956,23.1153,24.1617,14.8426,-32.3,-57.7485,-67.6779,-71.4002,-72.7807,-73.2923,-73.4859,-73.5676,-73.6159,-73.6617,-73.7182,-73.7909
5.53,-57.4843,-57.3297,-56.7747,-55.8618,-54.6491,-53.1706,-51.4294,-49.3999,-47.0342,-44.2694,-41.036,-37.2669,-32.9046,-27.91,-22.2734,-16.0318,-9.29109,-2.24128,4.8437,11.6199,17.6726,22.4109,24.4819,18.5496,-23.8783,-54.2307,-66.3321,-70.8984,-72.5975,-73.2279,-73.4657,-73.5638,-73.618,-73.6661,-73.7232,-73.7961
5.535,-57.6785,-57.529,-56.9912,-56.1043,-54.9252,-53.4883,-51.7982,-49.8313,-47.5417,-44.8679,-41.7406,-38.091,-33.859,-29.001,-23.4996,-17.3803,-10.7329,-3.72913,3.37392,10.2461,16.4913,21.5753,24.3729,20.6063,-13.1929,-49.7924,-64.6596,-70.2782,-72.3706,-73.1474,-73.4394,-73.5577,-73.6194,-73.6701,-73.7282,-73.8013
5.54,-57.8689,-57.7243,-57.203,-56.3411,-55.1942,-53.7972,-52.156,-50.2491,-48.0327,-45.4467,-42.4222,-38.8895,-34.7858,-30.0634,-24.6982,-18.7051,-12.1586,-5.21217,1.89432,8.84484,15.2579,20.6388,24.0388,22.2216,-0.841065,-44.2251,-62.563,-69.5053,-72.0884,-73.0466,-73.4058,-73.5488,-73.6197,-73.6737,-73.733,-73.8065
5.545,-58.0558,-57.9157,-57.4103,-56.5724,-55.4565,-54.0977,-52.5033,-50.6539,-48.5077,-46.0063,-43.0815,-39.6628,-35.6853,-31.0973,-25.8689,-20.0052,-13.5662,-6.68773,0.408149,7.42006,13.9801,19.6269,23.5747,23.5453,9.73574,-37.7419,-60.0097,-68.5515,-71.7385,-72.9208,-73.3629,-73.5366,-73.6187,-73.6769,-73.7376,-73.8115
5.55,-58.2392,-58.1034,-57.6132,-56.7984,-55.7122,-54.3901,-52.8406,-51.0462,-48.9674,-46.5475,-43.7191,-40.4115,-36.5577,-32.1028,-27.0113,-21.2794,-14.9539,-8.15328,-1.08137,5.97579,12.664,18.5508,22.9788,24.3136,16.0272,-30.4168,-56.9721,-67.3927,-71.3083,-72.7647,-73.3087,-73.5201,-73.6162,-73.6795,-73.742,-73.8165
5.555,-58.4191,-58.2874,-57.8118,-57.0193,-55.9617,-54.6748,-53.1683,-51.4266,-49.4123,-47.0708,-44.3357,-41.1361,-37.4037,-33.0802,-28.1253,-22.5272,-16.3203,-9.60645,-2.57117,4.51572,11.3138,17.4134,22.2405,24.5084,19.1608,-21.5083,-53.2617,-65.9769,-70.7806,-72.5718,-73.2407,-73.4985,-73.6117,-73.6813,-73.7461,-73.8213
5.56,-58.5959,-58.4679,-58.0064,-57.2352,-56.2052,-54.9522,-53.4869,-51.7956,-49.8432,-47.5769,-44.9319,-41.8373,-38.2236,-34.0296,-29.2107,-23.7479,-17.664,-11.045,-4.05832,3.04327,9.93313,16.219,21.3776,24.3287,21.0427,-10.2417,-48.5521,-64.2084,-70.1264,-72.3326,-73.1556,-73.4706,-73.605,-73.6823,-73.7499,-73.8259
5.565,-58.7694,-58.645,-58.1969,-57.4464,-56.443,-55.2224,-53.7966,-52.1537,-50.2604,-48.0665,-45.5084,-42.5157,-39.0178,-34.9514,-30.2676,-24.9408,-18.9837,-12.467,-5.54003,1.56175,8.5259,14.9744,20.4212,23.9593,22.605,2.07627,-42.7268,-62.0002,-69.3114,-72.035,-73.0492,-73.4348,-73.5953,-73.6823,-73.7533,-73.8304
5.57,-58.9398,-58.8188,-58.3837,-57.6531,-56.6752,-55.4858,-54.0979,-52.5012,-50.6647,-48.5401,-46.0658,-43.1718,-39.787,-35.8459,-31.2959,-26.1058,-20.2784,-13.8705,-7.01369,0.0744169,7.09615,13.6871,19.3934,23.4652,23.8145,11.6925,-36.0575,-59.3347,-68.3102,-71.6667,-72.9165,-73.3894,-73.582,-73.6809,-73.7562,-73.8346
5.575,-59.1073,-58.9894,-58.5668,-57.8553,-56.902,-55.7427,-54.3911,-52.8387,-51.0566,-48.9985,-46.6047,-43.8063,-40.5317,-36.7135,-32.296,-27.2424,-21.5472,-15.2538,-8.47678,-1.41555,5.6478,12.3625,18.3024,22.8347,24.4324,17.0265,-28.4391,-56.1581,-67.0953,-71.2147,-72.7521,-73.332,-73.5644,-73.6778,-73.7584,-73.8386
5.58,-59.2718,-59.1569,-58.7462,-58.0533,-57.1237,-55.9933,-54.6766,-53.1667,-51.4365,-49.4422,-47.1259,-44.4198,-41.2524,-37.5547,-33.2679,-28.3506,-22.7893,-16.6154,-9.92698,-2.90511,4.18447,11.0048,17.1509,22.0638,24.5149,19.7059,-18.9841,-52.2334,-65.6034,-70.6592,-72.5489,-73.2602,-73.5413,-73.6727,-73.7599,-73.8421
5.585,-59.4335,-59.3213,-58.9222,-58.2471,-57.3405,-56.2379,-54.9547,-53.4854,-51.805,-49.8718,-47.63,-45.0131,-41.9497,-38.3698,-34.2119,-29.4302,-24.0041,-17.954,-11.3621,-4.39137,2.70953,9.61745,15.9438,21.1755,24.2759,21.4682,-7.20209,-47.2425,-63.733,-69.9688,-72.2966,-73.1703,-73.5116,-73.6652,-73.7604,-73.8453
5.59,-59.5924,-59.4828,-59.0948,-58.4369,-57.5524,-56.4766,-55.2257,-53.7953,-52.1626,-50.288,-48.1176,-45.5867,-42.6243,-39.1595,-35.1284,-30.4812,-25.1912,-19.2684,-12.7802,-5.87159,1.22628,8.20452,14.6885,20.2006,23.8749,22.9718,4.8294,-41.1792,-61.4125,-69.1103,-71.9829,-73.0579,-73.4735,-73.6546,-73.7597,-73.8479
5.595,-59.7486,-59.6414,-59.2642,-58.6229,-57.7598,-56.7098,-55.4898,-54.0968,-52.5097,-50.6911,-48.5893,-46.1412,-43.2767,-39.9241,-36.0176,-31.5038,-26.3502,-20.5576,-14.1794,-7.34316,-0.262035,6.77002,13.3919,19.1574,23.3496,24.0502,13.3847,-34.3197,-58.6323,-68.0602,-71.5955,-72.918,-73.4253,-73.6402,-73.7576,-73.8498
5.6,-59.9022,-59.7973,-59.4303,-58.8051,-57.9626,-56.9376,-55.7474,-54.3903,-52.8469,-51.0819,-49.0458,-46.6775,-43.9076,-40.6643,-36.88,-32.4981,-27.4808,-21.8206,-15.5581,-8.80362,-1.75227,5.31779,12.0592,18.0517,22.6844,24.5219,17.8745,-26.348,-55.3018,-66.7853,-71.1205,-72.7448,-73.3646,-73.6211,-73.7537,-73.8508
5.605,-60.0532,-59.9504,-59.5934,-58.9837,-58.1612,-57.1602,-55.9986,-54.6759,-53.1744,-51.4607,-49.4877,-47.1961,-44.5176,-41.3806,-37.716,-33.4642,-28.5829,-23.0569,-16.9148,-10.2507,-3.24142,3.85139,10.6941,16.8864,21.8822,24.5057,20.2064,-16.3007,-51.1406,-65.2106,-70.5352,-72.5306,-73.2886,-73.5963,-73.7476,-73.8509
5.61,-60.2017,-60.1009,-59.7534,-59.1588,-58.3556,-57.3778,-56.2438,-54.9542,-53.4927,-51.8282,-49.9156,-47.6976,-45.1075,-42.0737,-38.5261,-34.4026,-29.6565,-24.2657,-18.2481,-11.6822,-4.72662,2.37415,9.30038,15.6671,20.9706,24.2174,21.8876,-4.12111,-45.8658,-63.2333,-69.8064,-72.2644,-73.1936,-73.5644,-73.7387,-73.8496
5.615,-60.3477,-60.2488,-59.9106,-59.3305,-58.5459,-57.5906,-56.4832,-55.2253,-53.8023,-52.1848,-50.33,-48.1827,-45.6777,-42.7441,-39.3107,-35.3134,-30.7015,-25.4468,-19.557,-13.0962,-6.20516,0.889358,7.88198,14.4014,19.9783,23.7867,23.3179,7.36806,-39.5855,-60.8002,-68.9028,-71.9337,-73.0748,-73.5238,-73.7265,-73.8468
5.62,-60.4913,-60.3942,-60.0649,-59.4988,-58.7323,-57.7987,-56.717,-55.4896,-54.1034,-52.531,-50.7316,-48.6521,-46.2291,-43.3925,-40.0705,-36.197,-31.718,-26.5996,-20.8405,-14.491,-7.67448,-0.599762,6.44295,13.0959,18.9199,23.229,24.2529,14.8324,-32.5164,-57.9002,-67.8018,-71.5262,-72.9271,-73.4724,-73.7102,-73.8421
5.625,-60.6326,-60.5371,-60.2164,-59.664,-58.9149,-58.0023,-56.9454,-55.7473,-54.3965,-52.8672,-51.1208,-49.1063,-46.7623,-44.0194,-40.806,-37.054,-32.7063,-27.724,-22.0977,-15.8649,-9.13216,-2.09009,4.98705,11.7552,17.7997,22.5292,24.5867,18.6044,-24.1236,-54.3974,-66.4621,-71.0267,-72.7445,-73.4078,-73.6888,-73.835
5.63,-60.7716,-60.6777,-60.3652,-59.826,-59.0939,-58.2016,-57.1685,-55.9988,-54.6819,-53.1939,-51.4982,-49.546,-47.2779,-44.6256,-41.5176,-37.8846,-33.6665,-28.8199,-23.3279,-17.2165,-10.5759,-3.57865,3.51777,10.383,16.621,21.6976,24.4854,20.6801,-13.461,-49.9788,-64.7977,-70.4095,-72.5185,-73.327,-73.6611,-73.8249
5.635,-60.9083,-60.8158,-60.5114,-59.9849,-59.2693,-58.3967,-57.3867,-56.2441,-54.9598,-53.5114,-51.8642,-49.9718,-47.7765,-45.2118,-42.2062,-38.6894,-34.5989,-29.8872,-24.5306,-18.5444,-12.0037,-5.06263,2.03841,8.98313,15.39,20.7644,24.1557,22.3026,-1.05595,-44.4251,-62.7094,-69.64,-72.2374,-73.226,-73.6258,-73.8113
5.64,-61.0428,-60.9517,-60.655,-60.1409,-59.4412,-58.5876,-57.6,-56.4837,-55.2306,-53.8201,-52.2194,-50.3842,-48.2589,-45.7785,-42.8721,-39.4688,-35.5039,-30.926,-25.7054,-19.8477,-13.4135,-6.53935,0.552261,7.55951,14.1144,19.7556,23.6958,23.6404,9.6598,-37.9451,-60.1635,-68.6898,-71.8886,-73.0999,-73.5808,-73.7932
5.645,-61.1752,-61.0854,-60.7961,-60.294,-59.6098,-58.7747,-57.8086,-56.7176,-55.4946,-54.1205,-52.5643,-50.7838,-48.7256,-46.3264,-43.5162,-40.2235,-36.3818,-31.9363,-26.852,-21.1254,-14.8037,-8.00627,-0.937481,6.11617,12.8003,18.6824,23.1045,24.4252,16.0653,-30.6305,-57.1349,-67.5352,-71.4599,-72.9433,-73.524,-73.7696
5.65,-61.3054,-61.2168,-60.9347,-60.4443,-59.7751,-58.9579,-58.0127,-56.9461,-55.7521,-54.4128,-52.8992,-51.1711,-49.1772,-46.8561,-44.139,-40.954,-37.2331,-32.9185,-27.9701,-22.3766,-16.1727,-9.46101,-2.42773,4.6568,11.4519,17.5479,22.3708,24.6317,19.2469,-21.7457,-53.4384,-66.1249,-70.9338,-72.7499,-73.4529,-73.7392
5.655,-61.4336,-61.3461,-61.071,-60.5918,-59.9372,-59.1374,-58.2124,-57.1694,-56.0032,-54.6974,-53.2246,-51.5466,-49.6144,-47.3685,-44.7411,-41.6608,-38.0581,-33.8726,-29.0596,-23.6007,-17.5191,-10.9013,-3.91554,3.18482,10.0728,16.3561,21.5118,24.4584,21.1415,-10.4775,-48.744,-64.3632,-70.2817,-72.5101,-73.3641,-73.7006
5.66,-61.5597,-61.4733,-61.2049,-60.7367,-60.0962,-59.3133,-58.4079,-57.3877,-56.2483,-54.9746,-53.5409,-51.9109,-50.0378,-47.864,-45.3233,-42.3446,-38.8575,-34.799,-30.1206,-24.7971,-18.8415,-12.3252,-5.39815,1.70354,8.66695,15.114,20.5587,24.0932,22.7127,1.93195,-42.9237,-62.161,-69.469,-72.2118,-73.2531,-73.6516
5.665,-61.6838,-61.5984,-61.3365,-60.8789,-60.2522,-59.4856,-58.5993,-57.6011,-56.4876,-55.2448,-53.8485,-52.2645,-50.4479,-48.3433,-45.8862,-43.0059,-39.6316,-35.698,-31.153,-25.9656,-20.1391,-13.7308,-6.87289,0.216218,7.23835,13.8288,19.5341,23.6035,23.9379,11.6926,-36.2517,-59.5003,-68.4698,-71.8423,-73.1146,-73.5899
5.67,-61.8059,-61.7215,-61.4659,-61.0186,-60.4052,-59.6546,-58.7867,-57.8098,-56.7213,-55.5081,-54.1477,-52.6077,-50.8452,-48.8071,-46.4304,-43.6455,-40.381,-36.57,-32.1571,-27.1058,-21.4108,-15.1163,-8.33727,-1.27397,5.79093,12.5063,18.4462,22.9779,24.5708,17.1185,-28.6399,-56.3305,-67.2572,-71.3889,-72.9432,-73.5126
5.675,-61.9261,-61.8426,-61.5931,-61.1559,-60.5555,-59.8203,-58.9703,-58.014,-56.9496,-55.7649,-54.439,-52.941,-51.2304,-49.2559,-46.9566,-44.2639,-41.1063,-37.4155,-33.1329,-28.2175,-22.6559,-16.4802,-9.78894,-2.76397,4.32829,11.1504,17.2977,22.2115,24.6629,19.8306,-19.1937,-52.4157,-65.7685,-70.8316,-72.7312,-73.4162
5.68,-62.0444,-61.9617,-61.7182,-61.2907,-60.7029,-59.9828,-59.1501,-58.2139,-57.1726,-56.0155,-54.7226,-53.2649,-51.6039,-49.6904,-47.4655,-44.8618,-41.8082,-38.2348,-34.0808,-29.3006,-23.8738,-17.8213,-11.2257,-4.25089,2.85382,9.76475,16.0933,21.3271,24.4293,21.6022,-7.37255,-47.4308,-63.9011,-70.1388,-72.4682,-73.2961
5.685,-62.1609,-62.079,-61.8412,-61.4231,-60.8476,-60.1422,-59.3264,-58.4095,-57.3907,-56.26,-54.9988,-53.5798,-51.9662,-50.1112,-47.9577,-45.4399,-42.487,-39.0286,-35.0011,-30.3551,-25.064,-19.1382,-12.6456,-5.73196,1.37081,8.35323,14.8406,20.3556,24.0327,23.1172,4.78575,-41.3601,-61.5811,-69.2767,-72.1411,-73.1464
5.69,-62.2755,-62.1944,-61.9621,-61.5532,-60.9897,-60.2985,-59.4991,-58.601,-57.6039,-56.4987,-55.268,-53.886,-52.3179,-50.5188,-48.4338,-45.9988,-43.1437,-39.7972,-35.8941,-31.3811,-26.2261,-20.4299,-14.0467,-7.20459,-0.117508,6.9199,13.5463,19.3158,23.5122,24.2115,13.4748,-34.4889,-58.7998,-68.2215,-71.737,-72.9604
5.695,-62.3883,-62.3079,-62.081,-61.681,-61.1291,-60.4518,-59.6684,-58.7885,-57.8124,-56.7319,-55.5305,-54.184,-52.6593,-50.9137,-48.8945,-46.5392,-43.7786,-40.5413,-36.7601,-32.3788,-27.3598,-21.6957,-15.4275,-8.66631,-1.60797,5.46863,12.2157,18.2133,22.8518,24.6959,18.0305,-26.511,-55.4688,-66.9399,-71.2412,-72.7304
5.7,-62.4993,-62.4196,-62.198,-61.8067,-61.2661,-60.6022,-59.8343,-58.9722,-58.0165,-56.9596,-55.7864,-54.4739,-52.9909,-51.2966,-49.3404,-47.0617,-44.3926,-41.2614,-37.5997,-33.3483,-28.465,-22.9346,-16.7863,-10.1148,-3.09756,4.00293,10.8526,17.0511,22.0541,24.6871,20.3825,-16.4399,-51.3052,-65.3567,-70.6301,-72.4462
5.705,-62.6086,-62.5296,-62.313,-61.9301,-61.4006,-60.7499,-59.9971,-59.1521,-58.2161,-57.1822,-56.0361,-54.7563,-53.3131,-51.6679,-49.772,-47.567,-44.9861,-41.9581,-38.4133,-34.29,-29.5416,-24.1463,-18.122,-11.5479,-4.58342,2.52617,9.46055,15.8348,21.1464,24.4036,22.073,-4.16871,-46.016,-63.3665,-69.8689,-72.0933
5.71,-62.7162,-62.6378,-62.4261,-62.0514,-61.5327,-60.8948,-60.1567,-59.3284,-58.4115,-57.3997,-56.2798,-55.0314,-53.6264,-52.0281,-50.1901,-48.0558,-45.56,-42.6321,-39.2014,-35.2041,-30.5897,-25.3301,-19.4332,-12.9637,-6.06284,1.04161,8.04364,14.5719,20.1578,23.9776,23.5173,7.46947,-39.7054,-60.9137,-68.924,-71.6551
5.715,-62.8221,-62.7443,-62.5374,-62.1707,-61.6624,-61.037,-60.3132,-59.5012,-58.6028,-57.6125,-56.5177,-55.2994,-53.9311,-52.3777,-50.595,-48.5286,-46.1149,-43.2839,-39.9645,-36.0909,-31.6092,-26.4857,-20.7192,-14.3603,-7.53323,-0.44751,6.60585,13.2689,19.1031,23.425,24.4665,15.0381,-32.5997,-57.987,-67.7708,-71.1144
5.72,-62.9263,-62.8492,-62.6468,-62.2879,-61.7898,-61.1766,-60.4668,-59.6706,-58.7902,-57.8206,-56.7501,-55.5608,-54.2275,-52.7172,-50.9875,-48.9861,-46.6513,-43.9141,-40.7032,-36.951,-32.6005,-27.6129,-21.9788,-15.7362,-8.99215,-1.93807,5.15095,11.9305,17.9864,22.73,24.8095,18.8484,-24.1564,-54.4486,-66.3652,-70.45
5.725,-63.0289,-62.9524,-62.7545,-62.4031,-61.915,-61.3136,-60.6174,-59.8366,-58.9737,-58.0241,-56.9771,-55.8157,-54.516,-53.0469,-51.3679,-49.4289,-47.17,-44.5235,-41.418,-37.7847,-33.5637,-28.7116,-23.2116,-17.0899,-10.4373,-3.4271,3.68242,10.5604,16.8111,21.9029,24.714,20.9381,-13.3917,-49.9754,-64.6159,-69.6281
5.73,-63.1299,-63.0539,-62.8604,-62.5164,-62.0379,-61.4482,-60.7652,-59.9994,-59.1535,-58.2234,-57.199,-56.0644,-54.797,-53.3673,-51.7369,-49.8577,-47.6717,-45.1127,-42.1096,-38.5925,-34.499,-29.7817,-24.4169,-18.4201,-11.8667,-4.91176,2.20357,9.16235,15.5834,20.9741,24.3897,22.5754,-0.82124,-44.336,-62.4163,-68.6024
5.735,-63.2293,-63.1539,-62.9646,-62.6278,-62.1588,-61.5803,-60.9103,-60.159,-59.3296,-58.4184,-57.4159,-56.3071,-55.0708,-53.6789,-52.0949,-50.2729,-48.1569,-45.6823,-42.7785,-39.3749,-35.4069,-30.8233,-25.5943,-19.7257,-13.2783,-6.38938,0.717666,7.74035,14.3108,19.9695,23.9353,23.9285,10.0292,-37.7372,-59.7239,-67.3304
5.74,-63.3272,-63.2523,-63.0672,-62.7373,-62.2775,-61.71,-61.0526,-60.3156,-59.5022,-58.6093,-57.6279,-56.544,-55.3376,-53.9819,-52.4423,-50.6751,-48.6264,-46.233,-43.4254,-40.1324,-36.2876,-31.8364,-26.7435,-21.0057,-14.6704,-7.8574,-0.772074,6.29838,12.9995,18.9004,23.3493,24.7221,16.4797,-30.2539,-56.5007,-65.7721
5.745,-63.4235,-63.3491,-63.168,-62.845,-62.3941,-61.8374,-61.1923,-60.4692,-59.6714,-58.7962,-57.8354,-56.7755,-55.5977,-54.2767,-52.7798,-51.065,-49.0806,-46.7655,-44.0509,-40.8656,-37.1416,-32.8212,-27.8642,-22.2593,-16.0414,-9.31344,-2.26257,4.84012,11.6537,17.7699,22.6205,24.9344,19.6795,-21.0954,-52.534,-63.8515
5.75,-63.5183,-63.4445,-63.2673,-62.9508,-62.5088,-61.9625,-61.3295,-60.6199,-59.8373,-58.9794,-58.0383,-57.0016,-55.8514,-54.5638,-53.1075,-51.4429,-49.5203,-47.2804,-44.6557,-41.5751,-37.9694,-33.778,-28.9564,-23.4859,-17.3899,-10.7552,-3.75087,3.36898,10.277,16.582,21.7668,24.7692,21.6099,-9.4407,-47.4559,-61.4326
5.755,-63.6116,-63.5383,-63.3649,-63.0549,-62.6214,-62.0854,-61.4641,-60.7677,-60,-59.1588,-58.237,-57.2226,-56.099,-54.8433,-53.4261,-51.8095,-49.9461,-47.7783,-45.2405,-42.2615,-38.7714,-34.7071,-30.02,-24.6849,-18.7146,-12.1808,-5.23419,1.88827,8.87328,15.3438,20.8195,24.4146,23.2202,3.24714,-41.1105,-58.3725
5.76,-63.7035,-63.6307,-63.461,-63.1573,-62.7321,-62.2062,-61.5963,-60.9128,-60.1595,-59.3345,-58.4314,-57.4387,-56.3406,-55.1156,-53.7358,-52.1652,-50.3584,-48.26,-45.8058,-42.9254,-39.5481,-35.6087,-31.0551,-25.8559,-20.0144,-13.5881,-6.70988,0.401255,7.44658,14.0624,19.8007,23.933,24.454,12.9669,-33.6972,-54.5793
5.765,-63.7939,-63.7217,-63.5555,-63.258,-62.8409,-62.3248,-61.7261,-61.0551,-60.3159,-59.5068,-58.6217,-57.65,-56.5765,-55.3811,-54.0371,-52.5105,-50.7579,-48.726,-46.3523,-43.5674,-40.3,-36.4833,-32.0617,-26.9986,-21.2885,-14.9756,-8.17542,-1.08889,6.00079,12.7434,18.718,23.3129,25.081,18.3035,-24.8891,-49.8557
5.77,-63.8829,-63.8112,-63.6486,-63.357,-62.9479,-62.4413,-61.8535,-61.1948,-60.4693,-59.6757,-58.8081,-57.8566,-56.8069,-55.6399,-54.3303,-52.8458,-51.1451,-49.177,-46.8808,-44.1882,-41.0278,-37.3313,-33.0401,-28.1128,-22.5361,-16.3416,-9.62845,-2.57911,4.5395,11.3907,17.5747,22.5535,25.1868,21.1175,-13.6172,-43.7058
5.775,-63.9705,-63.8994,-63.7401,-63.4544,-63.0531,-62.5557,-61.9787,-61.332,-60.6199,-59.8412,-58.9907,-58.0588,-57.0321,-55.8923,-54.6157,-53.1716,-51.5205,-49.6135,-47.3918,-44.7884,-41.732,-38.1531,-33.9906,-29.1985,-23.7564,-17.6848,-11.0668,-4.06651,3.0661,10.0081,16.3762,21.6809,24.9933,23.119,-0.0711527,-35.4891
5.78,-64.0568,-63.9861,-63.8302,-63.5502,-63.1564,-62.6682,-62.1016,-61.4666,-60.7675,-60.0036,-59.1696,-58.2567,-57.2521,-56.1386,-54.8937,-53.4882,-51.8847,-50.0362,-47.8861,-45.3687,-42.4132,-38.9493,-34.9133,-30.2556,-24.9491,-19.004,-12.4884,-5.54831,1.5839,8.59957,15.1297,20.7232,24.6343,24.7398,12.0575,-24.725
5.785,-64.1417,-64.0715,-63.9189,-63.6444,-63.258,-62.7787,-62.2223,-61.5988,-60.9125,-60.1627,-59.3449,-58.4505,-57.4673,-56.3791,-55.1646,-53.7961,-52.238,-50.4457,-48.3642,-45.9297,-43.072,-39.7203,-35.8088,-31.2842,-26.1137,-20.2982,-13.8914,-7.02189,0.0961364,7.16904,13.8417,19.6951,24.1301,25.7801,19.7272,-10.6117
5.79,-64.2252,-64.1556,-64.0062,-63.737,-63.3579,-62.8873,-62.3409,-61.7285,-61.0547,-60.3189,-59.5167,-58.6401,-57.6777,-56.6139,-55.4286,-54.0956,-52.5811,-50.8424,-48.8267,-46.4721,-43.7092,-40.4667,-36.6773,-32.2844,-27.25,-21.5663,-15.2742,-8.48478,-1.39404,5.72027,12.5169,18.6029,23.4825,26.252,24.1642,6.24657
5.795,-64.3074,-64.2384,-64.0921,-63.8282,-63.4561,-62.9941,-62.4574,-61.856,-61.1943,-60.472,-59.6851,-58.8259,-57.8835,-56.8432,-55.686,-54.387,-52.9142,-51.2269,-49.2744,-46.9965,-44.3252,-41.189,-37.5192,-33.2564,-28.3578,-22.8078,-16.6352,-9.93466,-2.88362,4.2568,11.1593,17.4517,22.7066,26.3059,26.8279,19.8323
5.8,-64.3884,-64.3199,-64.1766,-63.9179,-63.5527,-63.0989,-62.5718,-61.9811,-61.3313,-60.6223,-59.8502,-59.0078,-58.0849,-57.0673,-55.9372,-54.6708,-53.238,-51.5997,-49.7078,-47.5037,-44.9208,-41.8879,-38.3352,-34.2005,-29.4369,-24.022,-17.9731,-11.3694,-4.36974,2.78197,9.77266,16.2463,21.8187,26.0353,28.1596,26.6336
5.805,-64.4681,-64.4001,-64.2598,-64.0061,-63.6477,-63.202,-62.6842,-62.104,-61.4658,-60.7697,-60.012,-59.1861,-58.2819,-57.2864,-56.1823,-54.9473,-53.5526,-51.9614,-50.1274,-47.9942,-45.4966,-42.564,-39.1255,-35.117,-30.4876,-25.2083,-19.2868,-12.7869,-5.84969,1.29899,8.36051,14.9918,20.833,25.5086,28.5514,29.1832
5.81,-64.5465,-64.4791,-64.3417,-64.0929,-63.741,-63.3033,-62.7947,-62.2246,-61.5978,-60.9143,-60.1708,-59.3608,-58.4749,-57.5005,-56.4215,-55.2166,-53.8586,-52.3125,-50.5339,-48.4687,-46.0533,-43.2178,-39.8909,-36.0063,-31.5097,-26.3666,-20.5752,-14.1855,-7.32089,-0.189019,6.92639,13.6931,19.7633,24.79,28.3789,29.8791
5.815,-64.6237,-64.5569,-64.4222,-64.1783,-63.8329,-63.4029,-62.9032,-62.3432,-61.7274,-61.0563,-60.3265,-59.532,-58.6638,-57.71,-56.6551,-55.4792,-54.1563,-52.6533,-50.9278,-48.9278,-46.5915,-43.85,-40.6317,-36.8687,-32.5035,-27.4965,-21.8374,-15.5635,-8.78093,-1.67902,5.47387,12.3553,18.6227,23.9319,27.8868,29.8033
5.82,-64.6997,-64.6335,-64.5016,-64.2623,-63.9231,-63.5008,-63.0098,-62.4596,-61.8547,-61.1956,-60.4792,-59.6998,-58.8488,-57.9149,-56.8833,-55.7352,-54.4461,-52.9843,-51.3097,-49.3722,-47.112,-44.4613,-41.3486,-37.7047,-33.4692,-28.5978,-23.0728,-16.9195,-10.2276,-3.16808,4.00652,10.9835,17.4222,22.9708,27.2061,29.3768
5.825,-64.7744,-64.7088,-64.5797,-64.345,-64.0119,-63.5971,-63.1146,-62.5739,-61.9797,-61.3323,-60.6291,-59.8643,-59.03,-58.1154,-57.1063,-55.985,-54.7282,-53.3059,-51.68,-49.8024,-47.6153,-45.0523,-42.0423,-38.5148,-34.407,-29.6705,-24.2808,-18.2521,-11.6587,-4.65334,2.52786,9.5825,16.1708,21.9295,26.4017,28.7629
5.83,-64.848,-64.7831,-64.6565,-64.4263,-64.0993,-63.6917,-63.2176,-62.6863,-62.1024,-61.4665,-60.7761,-60.0257,-59.2076,-58.3116,-57.3243,-56.2288,-55.003,-53.6186,-52.0392,-50.219,-48.1021,-45.6237,-42.7132,-39.2994,-35.3173,-30.7147,-25.4609,-19.5603,-13.0723,-6.13208,1.04133,8.15664,14.8755,20.8224,25.5055,28.028
5.835,-64.9205,-64.8561,-64.7322,-64.5063,-64.1852,-63.7847,-63.3188,-62.7967,-62.2229,-61.5983,-60.9203,-60.1839,-59.3816,-58.5037,-57.5375,-56.4668,-55.2708,-53.9227,-52.3879,-50.6226,-48.573,-46.1761,-43.362,-40.0591,-36.2004,-31.7304,-26.6129,-20.843,-14.4667,-7.60171,-0.449769,6.71005,13.5419,19.6586,24.5339,27.2011
5.84,-64.9918,-64.928,-64.8067,-64.5851,-64.2697,-63.8761,-63.4182,-62.9051,-62.3413,-61.7277,-61.0619,-60.3391,-59.5522,-58.6918,-57.7459,-56.6992,-55.5319,-54.2186,-52.7264,-51.0137,-49.0287,-46.7103,-43.9894,-40.7944,-37.0568,-32.7179,-27.7364,-22.0994,-15.8402,-9.0598,-1.94228,5.24654,12.1747,18.4444,23.4962,26.2963
5.845,-65.062,-64.9989,-64.88,-64.6626,-64.3528,-63.966,-63.516,-63.0116,-62.4576,-61.8547,-61.2009,-60.4913,-59.7194,-58.876,-57.9498,-56.9262,-55.7865,-54.5066,-53.0552,-51.3928,-49.4698,-47.2267,-44.596,-41.506,-37.8869,-33.6773,-28.8314,-23.3289,-17.1915,-10.5041,-3.43319,3.76967,10.7779,17.1846,22.3985,25.3215
5.85,-65.131,-65.0686,-64.9521,-64.7388,-64.4345,-64.0544,-63.612,-63.1163,-62.5718,-61.9795,-61.3372,-60.6407,-59.8833,-59.0565,-58.1494,-57.1481,-56.035,-54.787,-53.3748,-51.7606,-49.8968,-47.7262,-45.1825,-42.1944,-38.6912,-34.6089,-29.8978,-24.5309,-18.5191,-11.9324,-4.91965,2.28284,9.35522,15.8832,21.2452,24.2821
5.855,-65.199,-65.1373,-65.0232,-64.8139,-64.5149,-64.1414,-63.7065,-63.2192,-62.6841,-62.102,-61.4711,-60.7872,-60.044,-59.2333,-58.3447,-57.365,-56.2774,-55.0602,-53.6855,-52.1174,-50.3104,-48.2093,-45.7495,-42.8602,-39.4701,-35.5131,-30.9356,-25.7049,-19.8222,-13.343,-6.39895,0.789302,7.91028,14.5438,20.0402,23.182
5.86,-65.2659,-65.2049,-65.0932,-64.8877,-64.594,-64.2268,-63.7993,-63.3203,-62.7943,-62.2223,-61.6026,-60.931,-60.2016,-59.4066,-58.536,-57.5771,-56.5141,-55.3265,-53.9877,-52.4637,-50.7111,-48.6767,-46.2976,-43.5041,-40.2242,-36.3902,-31.9451,-26.8507,-21.0996,-14.7339,-7.86858,-0.70783,6.44643,13.17,18.7868,22.0249
5.865,-65.3318,-65.2714,-65.162,-64.9604,-64.6718,-64.3109,-63.8906,-63.4196,-62.9026,-62.3405,-61.7316,-61.0721,-60.3563,-59.5765,-58.7232,-57.7846,-56.7453,-55.5861,-54.2818,-52.7999,-51.0994,-49.129,-46.8277,-44.1267,-40.9541,-37.2406,-32.9263,-27.9681,-22.3506,-16.1037,-9.32615,-2.20557,4.96697,11.7649,17.4883,20.8139
5.87,-65.3966,-65.337,-65.2298,-65.032,-64.7484,-64.3936,-63.9803,-63.5173,-63.009,-62.4565,-61.8583,-61.2106,-60.5079,-59.743,-58.9066,-57.9875,-56.9712,-55.8393,-54.568,-53.1266,-51.4759,-49.5668,-47.3402,-44.7287,-41.6604,-38.0649,-33.8796,-29.057,-23.5746,-17.451,-10.7695,-3.70103,3.47515,10.332,16.1479,19.5523
5.875,-65.4604,-65.4015,-65.2966,-65.1024,-64.8237,-64.4749,-64.0685,-63.6132,-63.1135,-62.5705,-61.9828,-61.3466,-60.6567,-59.9062,-59.0863,-58.1861,-57.192,-56.0864,-54.8468,-53.4441,-51.8411,-49.9907,-47.8359,-45.3107,-42.3436,-38.8634,-34.8051,-30.1173,-24.7709,-18.7745,-12.1965,-5.19149,1.97412,8.87447,14.7688,18.2432
5.88,-65.5232,-65.465,-65.3623,-65.1717,-64.8978,-64.5548,-64.1552,-63.7076,-63.2163,-62.6825,-62.105,-61.4801,-60.8027,-60.0663,-59.2624,-58.3806,-57.4078,-56.3275,-55.1184,-53.7529,-52.1954,-50.4013,-48.3153,-45.8733,-43.0045,-39.6368,-35.7033,-31.1491,-25.9393,-20.0731,-13.6053,-6.67433,0.467005,7.39565,13.3544,16.8896
5.885,-65.585,-65.5276,-65.427,-65.2399,-64.9707,-64.6335,-64.2405,-63.8003,-63.3172,-62.7926,-62.225,-61.6111,-60.946,-60.2233,-59.4349,-58.5709,-57.6188,-56.563,-55.3831,-54.0532,-52.5394,-50.7991,-48.7792,-46.4173,-43.6435,-40.3854,-36.5745,-32.1525,-27.0794,-21.346,-14.9943,-8.14709,-1.04318,5.89879,11.9077,15.4948
5.89,-65.6458,-65.5892,-65.4907,-65.307,-65.0425,-64.7108,-64.3243,-63.8914,-63.4164,-62.9007,-62.3428,-61.7398,-61.0867,-60.3773,-59.604,-58.7573,-57.8252,-56.7929,-55.6412,-54.3454,-52.8735,-51.1846,-49.2281,-46.9433,-44.2614,-41.11,-37.4192,-33.1278,-28.1911,-22.5923,-16.3619,-9.60744,-2.5535,4.38717,10.4323,14.0622
5.895,-65.7057,-65.6498,-65.5535,-65.3731,-65.1131,-64.7869,-64.4068,-63.981,-63.5139,-63.0069,-62.4586,-61.8661,-61.2247,-60.5284,-59.7698,-58.9399,-58.0272,-57.0176,-55.893,-54.6299,-53.198,-51.5585,-49.6627,-47.4519,-44.8587,-41.8111,-38.2378,-34.0751,-29.2743,-23.8116,-17.7068,-11.0532,-4.06111,2.86403,8.93149,12.595
5.9,-65.7646,-65.7095,-65.6152,-65.4382,-65.1826,-64.8618,-64.4878,-64.069,-63.6097,-63.1112,-62.5723,-61.9901,-61.3602,-60.6766,-59.9324,-59.1187,-58.2249,-57.2372,-56.1387,-54.907,-53.5135,-51.9211,-50.0835,-47.9438,-45.4363,-42.4893,-39.0308,-34.9949,-30.3289,-25.0032,-19.0278,-12.4825,-5.56328,1.33259,7.40865,11.0967
5.905,-65.8226,-65.7683,-65.6761,-65.5023,-65.2509,-64.9354,-64.5676,-64.1556,-63.7039,-63.2137,-62.684,-62.1119,-61.4932,-60.8221,-60.0918,-59.294,-58.4183,-57.4519,-56.3785,-55.177,-53.8202,-52.2731,-50.4911,-48.4197,-45.9947,-43.1452,-39.7986,-35.8873,-31.3551,-26.1668,-20.3237,-13.8933,-7.05739,-0.203978,5.86729,9.57075
5.91,-65.8796,-65.8263,-65.736,-65.5653,-65.3182,-65.0078,-64.646,-64.2407,-63.7965,-63.3145,-62.7938,-62.2316,-61.6237,-60.9648,-60.2482,-59.4658,-58.6078,-57.6619,-56.6127,-55.4402,-54.1186,-52.6147,-50.8861,-48.8801,-46.5345,-43.7794,-40.542,-36.7529,-32.353,-27.3021,-21.5939,-15.284,-8.54098,-1.74257,4.31087,8.02087
5.915,-65.9358,-65.8833,-65.7949,-65.6274,-65.3844,-65.0791,-64.7231,-64.3244,-63.8875,-63.4135,-62.9016,-62.3491,-61.7519,-61.1049,-60.4015,-59.6342,-58.7933,-57.8673,-56.8414,-55.6968,-54.409,-52.9465,-51.2689,-49.3257,-47.0565,-44.3927,-41.2614,-37.5921,-33.3228,-28.409,-22.8374,-16.6531,-10.0117,-3.28014,2.74288,6.45066
5.92,-65.9911,-65.9394,-65.853,-65.6885,-65.4496,-65.1492,-64.7989,-64.4067,-63.9769,-63.5108,-63.0075,-62.4645,-61.8778,-61.2424,-60.552,-59.7992,-58.975,-58.0683,-57.0649,-55.9472,-54.6918,-53.269,-51.6401,-49.7571,-47.5613,-44.9856,-41.9575,-38.4052,-34.2647,-29.4874,-24.0537,-17.9993,-11.4674,-4.81376,1.16681,4.86384
5.925,-66.0455,-65.9947,-65.9102,-65.7487,-65.5137,-65.2182,-64.8735,-64.4876,-64.0648,-63.6064,-63.1116,-62.5779,-62.0015,-61.3774,-60.6996,-59.9611,-59.1531,-58.265,-57.2834,-56.1915,-54.9673,-53.5824,-52.0003,-50.1748,-48.0496,-45.5588,-42.6308,-39.1929,-35.1791,-30.5373,-25.2424,-19.3214,-12.906,-6.34058,-0.413922,3.26413
5.93,-66.0991,-66.0492,-65.9666,-65.808,-65.5769,-65.286,-64.9469,-64.5672,-64.1513,-63.7004,-63.2139,-62.6893,-62.1229,-61.5099,-60.8445,-60.1198,-59.3275,-58.4575,-57.497,-56.43,-55.2357,-53.8872,-52.3498,-50.5795,-48.5219,-46.113,-43.2819,-39.9557,-36.0664,-31.5589,-26.4031,-20.6184,-14.3256,-7.8579,-1.99592,1.65525
5.935,-66.1518,-66.1028,-66.022,-65.8663,-65.639,-65.3528,-65.0191,-64.6454,-64.2362,-63.7928,-63.3144,-62.7987,-62.2421,-61.6399,-60.9866,-60.2755,-59.4985,-58.646,-57.7059,-56.6629,-55.4973,-54.1837,-52.6892,-50.9717,-48.979,-46.6489,-43.9116,-40.6941,-36.9269,-32.5522,-27.5355,-21.8893,-15.7246,-9.36313,-3.57588,0.0409268
5.94,-66.2037,-66.1556,-66.0767,-65.9237,-65.7002,-65.4186,-65.09,-64.7224,-64.3198,-63.8836,-63.4132,-62.9062,-62.3592,-61.7677,-61.1262,-60.4282,-59.6662,-58.8307,-57.9103,-56.8904,-55.7525,-54.4724,-53.0188,-51.3518,-49.4213,-47.167,-44.5204,-41.4086,-37.761,-33.5174,-28.6395,-23.1335,-17.1015,-10.8539,-5.15058,-1.57519
5.945,-66.2547,-66.2076,-66.1305,-65.9803,-65.7604,-65.4832,-65.1599,-64.7981,-64.4019,-63.9729,-63.5103,-63.0119,-62.4743,-61.8931,-61.2631,-60.578,-59.8305,-59.0116,-58.1102,-57.1127,-56.0014,-54.7534,-53.3391,-51.7205,-49.8496,-47.6681,-45.109,-42.0999,-38.5694,-34.455,-29.715,-24.3503,-18.4547,-12.3278,-6.71695,-3.18953
5.95,-66.305,-66.2588,-66.1835,-66.036,-65.8197,-65.5469,-65.2286,-64.8725,-64.4827,-64.0606,-63.6057,-63.1156,-62.5873,-62.0163,-61.3975,-60.7251,-59.9916,-59.1888,-58.306,-57.3301,-56.2444,-55.0272,-53.6505,-52.0782,-50.2643,-48.1528,-45.6781,-42.7686,-39.3523,-35.3651,-30.762,-25.5393,-19.7833,-13.7829,-8.27202,-4.7986
5.955,-66.3545,-66.3092,-66.2357,-66.0909,-65.8781,-65.6095,-65.2962,-64.9457,-64.5621,-64.1469,-63.6994,-63.2176,-62.6983,-62.1372,-61.5295,-60.8693,-60.1497,-59.3624,-58.4976,-57.5426,-56.4815,-55.294,-53.9534,-52.4254,-50.6661,-48.6217,-46.2283,-43.4153,-40.1105,-36.2481,-31.7807,-26.7001,-21.086,-15.2171,-9.81301,-6.39907
5.96,-66.4032,-66.3589,-66.2871,-66.1449,-65.9355,-65.6712,-65.3627,-65.0177,-64.6402,-64.2317,-63.7916,-63.3178,-62.8073,-62.256,-61.6591,-61.0109,-60.3047,-59.5327,-58.6852,-57.7504,-56.7132,-55.5542,-54.2481,-52.7625,-51.0555,-49.0754,-46.7603,-44.0407,-40.8444,-37.1045,-32.7711,-27.8325,-22.362,-16.6288,-11.3373,-7.98774
5.965,-66.4511,-66.4078,-66.3377,-66.1981,-65.9921,-65.7318,-65.4282,-65.0885,-64.717,-64.315,-63.8821,-63.4163,-62.9145,-62.3727,-61.7863,-61.1498,-60.4567,-59.6995,-58.869,-57.9537,-56.9395,-55.8079,-54.535,-53.0899,-51.4331,-49.5146,-47.2748,-44.6454,-41.5546,-37.9346,-33.7335,-28.9362,-23.6105,-18.0164,-12.8425,-9.56161
5.97,-66.4983,-66.456,-66.3876,-66.2505,-66.0478,-65.7915,-65.4925,-65.1582,-64.7925,-64.397,-63.9712,-63.5131,-63.0198,-62.4874,-61.9113,-61.2862,-60.6059,-59.8631,-59.049,-58.1527,-57.1607,-56.0554,-54.8143,-53.4082,-51.7992,-49.9399,-47.7723,-45.23,-42.2417,-38.739,-34.6682,-30.0113,-24.831,-19.3785,-14.3263,-11.1179
5.975,-66.5447,-66.5035,-66.4367,-66.3021,-66.1026,-65.8503,-65.5559,-65.2267,-64.8668,-64.4776,-64.0587,-63.6082,-63.1232,-62.5999,-62.034,-61.4201,-60.7523,-60.0235,-59.2254,-58.3475,-57.3768,-56.297,-55.0865,-53.7176,-52.1545,-50.3517,-48.2536,-45.7952,-42.9063,-39.5182,-35.5755,-31.0577,-26.023,-20.714,-15.7868,-12.654
5.98,-66.5904,-66.5502,-66.4851,-66.3529,-66.1566,-65.9082,-65.6183,-65.2941,-64.9398,-64.5569,-64.1448,-63.7017,-63.2249,-62.7106,-62.1545,-61.5515,-60.8959,-60.1809,-59.3982,-58.5381,-57.5883,-56.5329,-55.3518,-54.0186,-52.4994,-50.7508,-48.7192,-46.3418,-43.5491,-40.2726,-36.4558,-32.0755,-27.186,-22.0217,-17.2222,-14.1675
5.985,-66.6354,-66.5962,-66.5328,-66.403,-66.2098,-65.9652,-65.6796,-65.3605,-65.0117,-64.6348,-64.2294,-63.7936,-63.3248,-62.8192,-62.2728,-61.6806,-61.0369,-60.3352,-59.5677,-58.7249,-57.795,-56.7633,-55.6104,-54.3115,-52.8343,-51.1375,-49.1699,-46.8702,-44.1707,-41.0029,-37.3094,-33.0649,-28.3199,-23.3009,-18.6309,-15.6564
5.99,-66.6797,-66.6416,-66.5798,-66.4523,-66.2622,-66.0212,-65.74,-65.4257,-65.0824,-64.7114,-64.3125,-63.8839,-63.4229,-62.926,-62.3891,-61.8073,-61.1753,-60.4866,-59.7338,-58.9078,-57.9973,-56.9884,-55.8627,-54.5966,-53.1597,-51.5126,-49.6061,-47.3813,-44.7717,-41.7095,-38.1367,-34.0261,-29.4244,-24.5509,-20.0116,-17.1188
5.995,-66.7233,-66.6862,-66.6261,-66.5009,-66.3138,-66.0764,-65.7994,-65.4899,-65.1519,-64.7868,-64.3943,-63.9727,-63.5194,-63.0309,-62.5032,-61.9317,-61.3111,-60.6351,-59.8966,-59.0869,-58.1953,-57.2084,-56.1088,-54.8743,-53.4759,-51.8763,-50.0285,-47.8756,-45.3529,-42.3932,-38.9384,-34.9594,-30.4996,-25.7711,-21.3631,-18.5531
6,-66.7662,-66.7302,-66.6716,-66.5487,-66.3645,-66.1308,-65.8579,-65.5531,-65.2202,-64.8609,-64.4747,-64.06,-63.6142,-63.134,-62.6154,-62.0539,-61.4444,-60.7808,-60.0563,-59.2625,-58.3891,-57.4234,-56.3491,-55.1449,-53.7835,-52.2293,-50.4376,-48.3537,-45.9147,-43.0546,-39.7148,-35.865,-31.5455,-26.9611,-22.6844,-19.958
