Graph addvar/addexpr lines
36 1201
x node[0].v( 0.5 ) node[1].v( 0.5 ) node[2].v( 0.5 ) node[3].v( 0.5 ) node[4].v( 0.5 ) node[5].v( 0.5 ) node[6].v( 0.5 ) node[7].v( 0.5 ) node[8].v( 0.5 ) node[9].v( 0.5 ) node[10].v( 0.5 ) node[11].v( 0.5 ) node[12].v( 0.5 ) node[13].v( 0.5 ) node[14].v( 0.5 ) node[15].v( 0.5 ) node[16].v( 0.5 ) node[17].v( 0.5 ) node[18].v( 0.5 ) node[19].v( 0.5 ) node[20].v( 0.5 ) node[21].v( 0.5 ) node[22].v( 0.5 ) node[23].v( 0.5 ) node[24].v( 0.5 ) node[25].v( 0.5 ) node[26].v( 0.5 ) node[27].v( 0.5 ) node[28].v( 0.5 ) node[29].v( 0.5 ) node[30].v( 0.5 ) node[31].v( 0.5 ) node[32].v( 0.5 ) node[33].v( 0.5 ) node[34].v( 0.5 ) node[35].v( 0.5 )
0	-80	-80	-80	-80	-80	-80	-80	-80	-80	-80	-80	-80	-80	-80	-80	-80	-80	-80	-80	-80	-80	-80	-80	-80	-80	-80	-80	-80	-80	-80	-80	-80	-80	-80	-80	-80
0.005	-79.9985	-79.999	-79.9991	-79.9991	-79.9991	-79.9991	-79.9991	-79.9991	-79.9991	-79.9991	-79.9991	-79.9991	-79.9991	-79.9991	-79.9991	-79.9991	-79.9991	-79.9991	-79.9991	-79.9991	-79.9991	-79.9991	-79.9991	-79.9991	-79.9991	-79.9991	-79.9991	-79.9991	-79.9991	-79.9991	-79.9991	-79.9991	-79.9991	-79.9991	-79.9991	-79.9992
0.01	-79.9984	-79.9984	-79.9985	-79.9985	-79.9985	-79.9985	-79.9985	-79.9985	-79.9985	-79.9985	-79.9985	-79.9985	-79.9985	-79.9985	-79.9985	-79.9985	-79.9985	-79.9985	-79.9985	-79.9985	-79.9985	-79.9985	-79.9985	-79.9985	-79.9985	-79.9985	-79.9985	-79.9985	-79.9985	-79.9985	-79.9985	-79.9985	-79.9985	-79.9985	-79.9985	-79.9986
0.015	-79.9984	-79.998	-79.9979	-79.9979	-79.9979	-79.9979	-79.9979	-79.9979	-79.9979	-79.9979	-79.9979	-79.9979	-79.9979	-79.9979	-79.9979	-79.9979	-79.9979	-79.9979	-79.9979	-79.9979	-79.9979	-79.9979	-79.9979	-79.9979	-79.9979	-79.9979	-79.9979	-79.9979	-79.9979	-79.9979	-79.9979	-79.9979	-79.9979	-79.998	-79.998	-79.9982
0.02	-79.9984	-79.9976	-79.9975	-79.9975	-79.9975	-79.9975	-79.9975	-79.9975	-79.9975	-79.9975	-79.9975	-79.9975	-79.9975	-79.9975	-79.9975	-79.9975	-79.9975	-79.9975	-79.9975	-79.9975	-79.9975	-79.9975	-79.9975	-79.9975	-79.9975	-79.9975	-79.9975	-79.9975	-79.9975	-79.9975	-79.9975	-79.9975	-79.9975	-79.9975	-79.9976	-79.9978
0.025	-79.9984	-79.9974	-79.9971	-79.9971	-79.9971	-79.9971	-79.9971	-79.9971	-79.9971	-79.9971	-79.9971	-79.9971	-79.9971	-79.9971	-79.9971	-79.9971	-79.9971	-79.9971	-79.9971	-79.9971	-79.9971	-79.9971	-79.9971	-79.9971	-79.9971	-79.9971	-79.9971	-79.9971	-79.9971	-79.9971	-79.9971	-79.9971	-79.9971	-79.9971	-79.9972	-79.9974
0.03	-79.9984	-79.9971	-79.9968	-79.9967	-79.9967	-79.9967	-79.9967	-79.9967	-79.9967	-79.9967	-79.9967	-79.9967	-79.9967	-79.9967	-79.9967	-79.9967	-79.9967	-79.9967	-79.9967	-79.9967	-79.9967	-79.9967	-79.9967	-79.9967	-79.9967	-79.9967	-79.9967	-79.9967	-79.9967	-79.9967	-79.9967	-79.9967	-79.9967	-79.9967	-79.9968	-79.9971
0.035	-79.9984	-79.997	-79.9965	-79.9964	-79.9964	-79.9964	-79.9964	-79.9964	-79.9964	-79.9964	-79.9964	-79.9964	-79.9964	-79.9964	-79.9964	-79.9964	-79.9964	-79.9964	-79.9964	-79.9964	-79.9964	-79.9964	-79.9964	-79.9964	-79.9964	-79.9964	-79.9964	-79.9964	-79.9964	-79.9964	-79.9964	-79.9964	-79.9964	-79.9964	-79.9965	-79.9968
0.04	-79.9984	-79.9968	-79.9963	-79.9961	-79.9961	-79.9961	-79.9961	-79.9961	-79.9961	-79.9961	-79.9961	-79.9961	-79.9961	-79.9961	-79.9961	-79.9961	-79.9961	-79.9961	-79.9961	-79.9961	-79.9961	-79.9961	-79.9961	-79.9961	-79.9961	-79.9961	-79.9961	-79.9961	-79.9961	-79.9961	-79.9961	-79.9961	-79.9961	-79.9961	-79.9962	-79.9965
0.045	-79.9984	-79.9967	-79.9961	-79.9959	-79.9958	-79.9958	-79.9958	-79.9958	-79.9958	-79.9958	-79.9958	-79.9958	-79.9958	-79.9958	-79.9958	-79.9958	-79.9958	-79.9958	-79.9958	-79.9958	-79.9958	-79.9958	-79.9958	-79.9958	-79.9958	-79.9958	-79.9958	-79.9958	-79.9958	-79.9958	-79.9958	-79.9958	-79.9958	-79.9959	-79.996	-79.9962
0.05	-79.9984	-79.9966	-79.9959	-79.9957	-79.9956	-79.9956	-79.9956	-79.9956	-79.9956	-79.9956	-79.9956	-79.9956	-79.9956	-79.9956	-79.9956	-79.9956	-79.9956	-79.9956	-79.9956	-79.9956	-79.9956	-79.9956	-79.9956	-79.9956	-79.9956	-79.9956	-79.9956	-79.9956	-79.9956	-79.9956	-79.9956	-79.9956	-79.9956	-79.9956	-79.9957	-79.996
0.055	-79.9984	-79.9965	-79.9957	-79.9954	-79.9954	-79.9953	-79.9953	-79.9953	-79.9953	-79.9953	-79.9953	-79.9953	-79.9953	-79.9953	-79.9953	-79.9953	-79.9953	-79.9953	-79.9953	-79.9953	-79.9953	-79.9953	-79.9953	-79.9953	-79.9953	-79.9953	-79.9953	-79.9953	-79.9953	-79.9953	-79.9953	-79.9953	-79.9954	-79.9954	-79.9955	-79.9958
0.06	-79.9984	-79.9964	-79.9956	-79.9953	-79.9952	-79.9951	-79.9951	-79.9951	-79.9951	-79.9951	-79.9951	-79.9951	-79.9951	-79.9951	-79.9951	-79.9951	-79.9951	-79.9951	-79.9951	-79.9951	-79.9951	-79.9951	-79.9951	-79.9951	-79.9951	-79.9951	-79.9951	-79.9951	-79.9951	-79.9951	-79.9951	-79.9951	-79.9951	-79.9952	-79.9953	-79.9956
0.065	-79.9984	-79.9963	-79.9954	-79.9951	-79.995	-79.9949	-79.9949	-79.9949	-79.9949	-79.9949	-79.9949	-79.9949	-79.9949	-79.9949	-79.9949	-79.9949	-79.9949	-79.9949	-79.9949	-79.9949	-79.9949	-79.9949	-79.9949	-79.9949	-79.9949	-79.9949	-79.9949	-79.9949	-79.9949	-79.9949	-79.9949	-79.9949	-79.9949	-79.995	-79.9951	-79.9954
0.07	-79.9984	-79.9962	-79.9953	-79.9949	-79.9948	-79.9947	-79.9947	-79.9947	-79.9947	-79.9947	-79.9947	-79.9947	-79.9947	-79.9947	-79.9947	-79.9947	-79.9947	-79.9947	-79.9947	-79.9947	-79.9947	-79.9947	-79.9947	-79.9947	-79.9947	-79.9947	-79.9947	-79.9947	-79.9947	-79.9947	-79.9947	-79.9947	-79.9948	-79.9948	-79.9949	-79.9952
0.075	-79.9984	-79.9961	-79.9952	-79.9948	-79.9946	-79.9946	-79.9945	-79.9945	-79.9945	-79.9945	-79.9945	-79.9945	-79.9945	-79.9945	-79.9945	-79.9945	-79.9945	-79.9945	-79.9945	-79.9945	-79.9945	-79.9945	-79.9945	-79.9945	-79.9945	-79.9945	-79.9945	-79.9945	-79.9945	-79.9945	-79.9945	-79.9945	-79.9946	-79.9946	-79.9948	-79.995
0.08	-79.9984	-79.9961	-79.995	-79.9946	-79.9945	-79.9944	-79.9944	-79.9944	-79.9944	-79.9944	-79.9944	-79.9944	-79.9944	-79.9944	-79.9944	-79.9944	-79.9944	-79.9944	-79.9944	-79.9944	-79.9944	-79.9944	-79.9944	-79.9944	-79.9944	-79.9944	-79.9944	-79.9944	-79.9944	-79.9944	-79.9944	-79.9944	-79.9944	-79.9945	-79.9946	-79.9948
0.085	-79.9984	-79.996	-79.9949	-79.9945	-79.9943	-79.9942	-79.9942	-79.9942	-79.9942	-79.9942	-79.9942	-79.9942	-79.9942	-79.9942	-79.9942	-79.9942	-79.9942	-79.9942	-79.9942	-79.9942	-79.9942	-79.9942	-79.9942	-79.9942	-79.9942	-79.9942	-79.9942	-79.9942	-79.9942	-79.9942	-79.9942	-79.9942	-79.9942	-79.9943	-79.9944	-79.9947
0.09	-79.9984	-79.9959	-79.9948	-79.9944	-79.9942	-79.9941	-79.9941	-79.994	-79.994	-79.994	-79.994	-79.994	-79.994	-79.994	-79.994	-79.994	-79.994	-79.994	-79.994	-79.994	-79.994	-79.994	-79.994	-79.994	-79.994	-79.994	-79.994	-79.994	-79.994	-79.994	-79.994	-79.9941	-79.9941	-79.9942	-79.9943	-79.9945
0.095	-79.9984	-79.9959	-79.9947	-79.9942	-79.994	-79.9939	-79.9939	-79.9939	-79.9939	-79.9939	-79.9939	-79.9939	-79.9939	-79.9939	-79.9939	-79.9939	-79.9939	-79.9939	-79.9939	-79.9939	-79.9939	-79.9939	-79.9939	-79.9939	-79.9939	-79.9939	-79.9939	-79.9939	-79.9939	-79.9939	-79.9939	-79.9939	-79.9939	-79.994	-79.9941	-79.9944
0.1	-79.9984	-79.9958	-79.9946	-79.9941	-79.9939	-79.9938	-79.9938	-79.9938	-79.9938	-79.9938	-79.9938	-79.9938	-79.9938	-79.9938	-79.9938	-79.9938	-79.9938	-79.9938	-79.9938	-79.9938	-79.9938	-79.9938	-79.9938	-79.9938	-79.9938	-79.9938	-79.9938	-79.9938	-79.9938	-79.9938	-79.9938	-79.9938	-79.9938	-79.9939	-79.994	-79.9943
0.105	-79.9984	-79.9958	-79.9946	-79.994	-79.9938	-79.9937	-79.9936	-79.9936	-79.9936	-79.9936	-79.9936	-79.9936	-79.9936	-79.9936	-79.9936	-79.9936	-79.9936	-79.9936	-79.9936	-79.9936	-79.9936	-79.9936	-79.9936	-79.9936	-79.9936	-79.9936	-79.9936	-79.9936	-79.9936	-79.9936	-79.9936	-79.9937	-79.9937	-79.9937	-79.9939	-79.9941
0.11	-79.9984	-79.9957	-79.9945	-79.9939	-79.9937	-79.9936	-79.9935	-79.9935	-79.9935	-79.9935	-79.9935	-79.9935	-79.9935	-79.9935	-79.9935	-79.9935	-79.9935	-79.9935	-79.9935	-79.9935	-79.9935	-79.9935	-79.9935	-79.9935	-79.9935	-79.9935	-79.9935	-79.9935	-79.9935	-79.9935	-79.9935	-79.9935	-79.9936	-79.9936	-79.9938	-79.994
0.115	-79.9984	-79.9957	-79.9944	-79.9938	-79.9936	-79.9934	-79.9934	-79.9934	-79.9934	-79.9934	-79.9934	-79.9934	-79.9934	-79.9934	-79.9934	-79.9934	-79.9934	-79.9934	-79.9934	-79.9934	-79.9934	-79.9934	-79.9934	-79.9934	-79.9934	-79.9934	-79.9934	-79.9934	-79.9934	-79.9934	-79.9934	-79.9934	-79.9934	-79.9935	-79.9936	-79.9939
0.12	-79.9984	-79.9956	-79.9943	-79.9937	-79.9935	-79.9933	-79.9933	-79.9933	-79.9933	-79.9933	-79.9933	-79.9933	-79.9933	-79.9933	-79.9933	-79.9933	-79.9933	-79.9933	-79.9933	-79.9933	-79.9933	-79.9933	-79.9933	-79.9933	-79.9933	-79.9933	-79.9933	-79.9933	-79.9933	-79.9933	-79.9933	-79.9933	-79.9933	-79.9934	-79.9935	-79.9938
0.125	-79.9984	-79.9956	-79.9943	-79.9936	-79.9934	-79.9932	-79.9932	-79.9932	-79.9932	-79.9931	-79.9931	-79.9931	-79.9931	-79.9931	-79.9931	-79.9931	-79.9931	-79.9931	-79.9931	-79.9931	-79.9931	-79.9931	-79.9931	-79.9931	-79.9931	-79.9931	-79.9931	-79.9931	-79.9931	-79.9932	-79.9932	-79.9932	-79.9932	-79.9933	-79.9934	-79.9937
0.13	-79.9984	-79.9956	-79.9942	-79.9936	-79.9933	-79.9931	-79.9931	-79.9931	-79.993	-79.993	-79.993	-79.993	-79.993	-79.993	-79.993	-79.993	-79.993	-79.993	-79.993	-79.993	-79.993	-79.993	-79.993	-79.993	-79.993	-79.993	-79.993	-79.993	-79.993	-79.993	-79.9931	-79.9931	-79.9931	-79.9932	-79.9933	-79.9936
0.135	-79.9984	-79.9955	-79.9941	-79.9935	-79.9932	-79.993	-79.993	-79.993	-79.9929	-79.9929	-79.9929	-79.9929	-79.9929	-79.9929	-79.9929	-79.9929	-79.9929	-79.9929	-79.9929	-79.9929	-79.9929	-79.9929	-79.9929	-79.9929	-79.9929	-79.9929	-79.9929	-79.9929	-79.9929	-79.9929	-79.993	-79.993	-79.993	-79.9931	-79.9932	-79.9935
0.14	-79.9984	-79.9955	-79.9941	-79.9934	-79.9931	-79.9929	-79.9929	-79.9929	-79.9929	-79.9928	-79.9928	-79.9928	-79.9928	-79.9928	-79.9928	-79.9928	-79.9928	-79.9928	-79.9928	-79.9928	-79.9928	-79.9928	-79.9928	-79.9928	-79.9928	-79.9928	-79.9928	-79.9928	-79.9928	-79.9928	-79.9929	-79.9929	-79.9929	-79.993	-79.9931	-79.9934
0.145	-79.9984	-79.9955	-79.994	-79.9933	-79.993	-79.9929	-79.9928	-79.9928	-79.9928	-79.9928	-79.9927	-79.9927	-79.9927	-79.9927	-79.9927	-79.9927	-79.9927	-79.9927	-79.9927	-79.9927	-79.9927	-79.9927	-79.9927	-79.9927	-79.9927	-79.9927	-79.9927	-79.9927	-79.9928	-79.9928	-79.9928	-79.9928	-79.9928	-79.9929	-79.993	-79.9933
0.15	-79.9984	-79.9954	-79.994	-79.9933	-79.9929	-79.9928	-79.9927	-79.9927	-79.9927	-79.9927	-79.9927	-79.9927	-79.9927	-79.9927	-79.9927	-79.9927	-79.9927	-79.9927	-79.9927	-79.9927	-79.9927	-79.9927	-79.9927	-79.9927	-79.9927	-79.9927	-79.9927	-79.9927	-79.9927	-79.9927	-79.9927	-79.9927	-79.9927	-79.9928	-79.9929	-79.9932
0.155	-79.9984	-79.9954	-79.9939	-79.9932	-79.9928	-79.9927	-79.9926	-79.9926	-79.9926	-79.9926	-79.9926	-79.9926	-79.9926	-79.9926	-79.9926	-79.9926	-79.9926	-79.9926	-79.9926	-79.9926	-79.9926	-79.9926	-79.9926	-79.9926	-79.9926	-79.9926	-79.9926	-79.9926	-79.9926	-79.9926	-79.9926	-79.9926	-79.9926	-79.9927	-79.9929	-79.9931
0.16	-79.9984	-79.9954	-79.9939	-79.9931	-79.9928	-79.9926	-79.9925	-79.9925	-79.9925	-79.9925	-79.9925	-79.9925	-79.9925	-79.9925	-79.9925	-79.9925	-79.9925	-79.9925	-79.9925	-79.9925	-79.9925	-79.9925	-79.9925	-79.9925	-79.9925	-79.9925	-79.9925	-79.9925	-79.9925	-79.9925	-79.9925	-79.9925	-79.9926	-79.9926	-79.9928	-79.993
0.165	-79.9984	-79.9954	-79.9938	-79.9931	-79.9927	-79.9925	-79.9925	-79.9924	-79.9924	-79.9924	-79.9924	-79.9924	-79.9924	-79.9924	-79.9924	-79.9924	-79.9924	-79.9924	-79.9924	-79.9924	-79.9924	-79.9924	-79.9924	-79.9924	-79.9924	-79.9924	-79.9924	-79.9924	-79.9924	-79.9924	-79.9924	-79.9924	-79.9925	-79.9925	-79.9927	-79.993
0.17	-79.9984	-79.9953	-79.9938	-79.993	-79.9926	-79.9925	-79.9924	-79.9923	-79.9923	-79.9923	-79.9923	-79.9923	-79.9923	-79.9923	-79.9923	-79.9923	-79.9923	-79.9923	-79.9923	-79.9923	-79.9923	-79.9923	-79.9923	-79.9923	-79.9923	-79.9923	-79.9923	-79.9923	-79.9923	-79.9923	-79.9923	-79.9924	-79.9924	-79.9925	-79.9926	-79.9929
0.175	-79.9984	-79.9953	-79.9937	-79.993	-79.9926	-79.9924	-79.9923	-79.9923	-79.9923	-79.9922	-79.9922	-79.9922	-79.9922	-79.9922	-79.9922	-79.9922	-79.9922	-79.9922	-79.9922	-79.9922	-79.9922	-79.9922	-79.9922	-79.9922	-79.9922	-79.9922	-79.9922	-79.9922	-79.9922	-79.9922	-79.9923	-79.9923	-79.9923	-79.9924	-79.9925	-79.9928
0.18	-79.9984	-79.9953	-79.9937	-79.9929	-79.9925	-79.9923	-79.9922	-79.9922	-79.9922	-79.9922	-79.9922	-79.9922	-79.9922	-79.9922	-79.9922	-79.9922	-79.9922	-79.9922	-79.9922	-79.9922	-79.9922	-79.9922	-79.9922	-79.9922	-79.9922	-79.9922	-79.9922	-79.9922	-79.9922	-79.9922	-79.9922	-79.9922	-79.9922	-79.9923	-79.9925	-79.9927
0.185	-79.9984	-79.9953	-79.9936	-79.9928	-79.9924	-79.9923	-79.9922	-79.9921	-79.9921	-79.9921	-79.9921	-79.9921	-79.9921	-79.9921	-79.9921	-79.9921	-79.9921	-79.9921	-79.9921	-79.9921	-79.9921	-79.9921	-79.9921	-79.9921	-79.9921	-79.9921	-79.9921	-79.9921	-79.9921	-79.9921	-79.9921	-79.9921	-79.9922	-79.9922	-79.9924	-79.9927
0.19	-79.9984	-79.9952	-79.9936	-79.9928	-79.9924	-79.9922	-79.9921	-79.9921	-79.992	-79.992	-79.992	-79.992	-79.992	-79.992	-79.992	-79.992	-79.992	-79.992	-79.992	-79.992	-79.992	-79.992	-79.992	-79.992	-79.992	-79.992	-79.992	-79.992	-79.992	-79.992	-79.992	-79.9921	-79.9921	-79.9922	-79.9923	-79.9926
0.195	-79.9984	-79.9952	-79.9936	-79.9927	-79.9923	-79.9921	-79.992	-79.992	-79.992	-79.992	-79.992	-79.992	-79.992	-79.992	-79.992	-79.992	-79.992	-79.992	-79.992	-79.992	-79.992	-79.992	-79.992	-79.992	-79.992	-79.992	-79.992	-79.992	-79.992	-79.992	-79.992	-79.992	-79.992	-79.9921	-79.9923	-79.9925
0.2	-79.9984	-79.9952	-79.9935	-79.9927	-79.9923	-79.9921	-79.992	-79.9919	-79.9919	-79.9919	-79.9919	-79.9919	-79.9919	-79.9919	-79.9919	-79.9919	-79.9919	-79.9919	-79.9919	-79.9919	-79.9919	-79.9919	-79.9919	-79.9919	-79.9919	-79.9919	-79.9919	-79.9919	-79.9919	-79.9919	-79.9919	-79.9919	-79.992	-79.9921	-79.9922	-79.9925
0.205	-79.9984	-79.9952	-79.9935	-79.9926	-79.9922	-79.992	-79.9919	-79.9919	-79.9918	-79.9918	-79.9918	-79.9918	-79.9918	-79.9918	-79.9918	-79.9918	-79.9918	-79.9918	-79.9918	-79.9918	-79.9918	-79.9918	-79.9918	-79.9918	-79.9918	-79.9918	-79.9918	-79.9918	-79.9918	-79.9918	-79.9919	-79.9919	-79.9919	-79.992	-79.9921	-79.9924
0.21	-79.9984	-79.9952	-79.9935	-79.9926	-79.9922	-79.992	-79.9919	-79.9918	-79.9918	-79.9918	-79.9918	-79.9918	-79.9918	-79.9918	-79.9918	-79.9918	-79.9918	-79.9918	-79.9918	-79.9918	-79.9918	-79.9918	-79.9918	-79.9918	-79.9918	-79.9918	-79.9918	-79.9918	-79.9918	-79.9918	-79.9918	-79.9918	-79.9919	-79.9919	-79.9921	-79.9924
0.215	-79.9984	-79.9951	-79.9934	-79.9926	-79.9921	-79.9919	-79.9918	-79.9917	-79.9917	-79.9917	-79.9917	-79.9917	-79.9917	-79.9917	-79.9917	-79.9917	-79.9917	-79.9917	-79.9917	-79.9917	-79.9917	-79.9917	-79.9917	-79.9917	-79.9917	-79.9917	-79.9917	-79.9917	-79.9917	-79.9917	-79.9917	-79.9917	-79.9918	-79.9919	-79.992	-79.9923
0.22	-79.9984	-79.9951	-79.9934	-79.9925	-79.9921	-79.9919	-79.9917	-79.9917	-79.9917	-79.9917	-79.9917	-79.9916	-79.9916	-79.9916	-79.9916	-79.9916	-79.9916	-79.9916	-79.9916	-79.9916	-79.9916	-79.9916	-79.9916	-79.9916	-79.9916	-79.9916	-79.9916	-79.9916	-79.9917	-79.9917	-79.9917	-79.9917	-79.9917	-79.9918	-79.992	-79.9923
0.225	-79.9984	-79.9951	-79.9934	-79.9925	-79.992	-79.9918	-79.9917	-79.9916	-79.9916	-79.9916	-79.9916	-79.9916	-79.9916	-79.9916	-79.9916	-79.9916	-79.9916	-79.9916	-79.9916	-79.9916	-79.9916	-79.9916	-79.9916	-79.9916	-79.9916	-79.9916	-79.9916	-79.9916	-79.9916	-79.9916	-79.9916	-79.9916	-79.9917	-79.9918	-79.9919	-79.9922
0.23	-79.9984	-79.9951	-79.9933	-79.9924	-79.992	-79.9917	-79.9916	-79.9916	-79.9916	-79.9915	-79.9915	-79.9915	-79.9915	-79.9915	-79.9915	-79.9915	-79.9915	-79.9915	-79.9915	-79.9915	-79.9915	-79.9915	-79.9915	-79.9915	-79.9915	-79.9915	-79.9915	-79.9915	-79.9915	-79.9915	-79.9916	-79.9916	-79.9916	-79.9917	-79.9919	-79.9921
0.235	-79.9984	-79.9951	-79.9933	-79.9924	-79.9919	-79.9917	-79.9916	-79.9915	-79.9915	-79.9915	-79.9915	-79.9915	-79.9915	-79.9915	-79.9915	-79.9915	-79.9915	-79.9915	-79.9915	-79.9915	-79.9915	-79.9915	-79.9915	-79.9915	-79.9915	-79.9915	-79.9915	-79.9915	-79.9915	-79.9915	-79.9915	-79.9915	-79.9916	-79.9917	-79.9918	-79.9921
0.24	-79.9984	-79.995	-79.9933	-79.9924	-79.9919	-79.9916	-79.9915	-79.9915	-79.9914	-79.9914	-79.9914	-79.9914	-79.9914	-79.9914	-79.9914	-79.9914	-79.9914	-79.9914	-79.9914	-79.9914	-79.9914	-79.9914	-79.9914	-79.9914	-79.9914	-79.9914	-79.9914	-79.9914	-79.9914	-79.9914	-79.9914	-79.9915	-79.9915	-79.9916	-79.9918	-79.9921
0.245	-79.9984	-79.995	-79.9932	-79.9923	-79.9918	-79.9916	-79.9915	-79.9914	-79.9914	-79.9914	-79.9914	-79.9914	-79.9914	-79.9914	-79.9914	-79.9914	-79.9914	-79.9914	-79.9914	-79.9914	-79.9914	-79.9914	-79.9914	-79.9914	-79.9914	-79.9914	-79.9914	-79.9914	-79.9914	-79.9914	-79.9914	-79.9914	-79.9915	-79.9915	-79.9917	-79.992
0.25	-79.9984	-79.995	-79.9932	-79.9923	-79.9918	-79.9916	-79.9914	-79.9914	-79.9913	-79.9913	-79.9913	-79.9913	-79.9913	-79.9913	-79.9913	-79.9913	-79.9913	-79.9913	-79.9913	-79.9913	-79.9913	-79.9913	-79.9913	-79.9913	-79.9913	-79.9913	-79.9913	-79.9913	-79.9913	-79.9913	-79.9913	-79.9914	-79.9914	-79.9915	-79.9917	-79.992
0.255	-79.9984	-79.995	-79.9932	-79.9922	-79.9918	-79.9915	-79.9914	-79.9913	-79.9913	-79.9913	-79.9913	-79.9913	-79.9913	-79.9913	-79.9913	-79.9913	-79.9913	-79.9913	-79.9913	-79.9913	-79.9913	-79.9913	-79.9913	-79.9913	-79.9913	-79.9913	-79.9913	-79.9913	-79.9913	-79.9913	-79.9913	-79.9913	-79.9914	-79.9915	-79.9916	-79.9919
0.26	-79.9984	-79.995	-79.9932	-79.9922	-79.9917	-79.9915	-79.9913	-79.9913	-79.9912	-79.9912	-79.9912	-79.9912	-79.9912	-79.9912	-79.9912	-79.9912	-79.9912	-79.9912	-79.9912	-79.9912	-79.9912	-79.9912	-79.9912	-79.9912	-79.9912	-79.9912	-79.9912	-79.9912	-79.9912	-79.9912	-79.9912	-79.9913	-79.9913	-79.9914	-79.9916	-79.9919
0.265	-79.9984	-79.995	-79.9931	-79.9922	-79.9917	-79.9914	-79.9913	-79.9912	-79.9912	-79.9912	-79.9912	-79.9912	-79.9912	-79.9912	-79.9912	-79.9912	-79.9912	-79.9912	-79.9912	-79.9912	-79.9912	-79.9912	-79.9912	-79.9912	-79.9912	-79.9912	-79.9912	-79.9912	-79.9912	-79.9912	-79.9912	-79.9912	-79.9913	-79.9914	-79.9915	-79.9918
0.27	-79.9984	-79.995	-79.9931	-79.9921	-79.9916	-79.9914	-79.9913	-79.9912	-79.9912	-79.9911	-79.9911	-79.9911	-79.9911	-79.9911	-79.9911	-79.9911	-79.9911	-79.9911	-79.9911	-79.9911	-79.9911	-79.9911	-79.9911	-79.9911	-79.9911	-79.9911	-79.9911	-79.9911	-79.9911	-79.9911	-79.9912	-79.9912	-79.9912	-79.9913	-79.9915	-79.9918
0.275	-79.9984	-79.9949	-79.9931	-79.9921	-79.9916	-79.9913	-79.9912	-79.9911	-79.9911	-79.9911	-79.9911	-79.9911	-79.9911	-79.9911	-79.9911	-79.9911	-79.9911	-79.9911	-79.9911	-79.9911	-79.9911	-79.9911	-79.9911	-79.9911	-79.9911	-79.9911	-79.9911	-79.9911	-79.9911	-79.9911	-79.9911	-79.9911	-79.9912	-79.9913	-79.9914	-79.9917
0.28	-79.9984	-79.9949	-79.9931	-79.9921	-79.9916	-79.9913	-79.9912	-79.9911	-79.9911	-79.9911	-79.9911	-79.991	-79.991	-79.991	-79.991	-79.991	-79.991	-79.991	-79.991	-79.991	-79.991	-79.991	-79.991	-79.991	-79.991	-79.991	-79.991	-79.991	-79.9911	-79.9911	-79.9911	-79.9911	-79.9911	-79.9912	-79.9914	-79.9917
0.285	-79.9984	-79.9949	-79.993	-79.9921	-79.9915	-79.9913	-79.9911	-79.9911	-79.991	-79.991	-79.991	-79.991	-79.991	-79.991	-79.991	-79.991	-79.991	-79.991	-79.991	-79.991	-79.991	-79.991	-79.991	-79.991	-79.991	-79.991	-79.991	-79.991	-79.991	-79.991	-79.991	-79.9911	-79.9911	-79.9912	-79.9913	-79.9916
0.29	-79.9984	-79.9949	-79.993	-79.992	-79.9915	-79.9912	-79.9911	-79.991	-79.991	-79.991	-79.991	-79.991	-79.991	-79.991	-79.991	-79.991	-79.991	-79.991	-79.991	-79.991	-79.991	-79.991	-79.991	-79.991	-79.991	-79.991	-79.991	-79.991	-79.991	-79.991	-79.991	-79.991	-79.9911	-79.9911	-79.9913	-79.9916
0.295	-79.9984	-79.9949	-79.993	-79.992	-79.9915	-79.9912	-79.9911	-79.991	-79.9909	-79.9909	-79.9909	-79.9909	-79.9909	-79.9909	-79.9909	-79.9909	-79.9909	-79.9909	-79.9909	-79.9909	-79.9909	-79.9909	-79.9909	-79.9909	-79.9909	-79.9909	-79.9909	-79.9909	-79.9909	-79.9909	-79.9909	-79.991	-79.991	-79.9911	-79.9913	-79.9916
0.3	-79.9984	-79.9949	-79.993	-79.992	-79.9914	-79.9912	-79.991	-79.9909	-79.9909	-79.9909	-79.9909	-79.9909	-79.9909	-79.9909	-79.9909	-79.9909	-79.9909	-79.9909	-79.9909	-79.9909	-79.9909	-79.9909	-79.9909	-79.9909	-79.9909	-79.9909	-79.9909	-79.9909	-79.9909	-79.9909	-79.9909	-79.9909	-79.991	-79.9911	-79.9912	-79.9915
0.305	-79.9984	-79.9949	-79.993	-79.9919	-79.9914	-79.9911	-79.991	-79.9909	-79.9909	-79.9909	-79.9908	-79.9908	-79.9908	-79.9908	-79.9908	-79.9908	-79.9908	-79.9908	-79.9908	-79.9908	-79.9908	-79.9908	-79.9908	-79.9908	-79.9908	-79.9908	-79.9908	-79.9908	-79.9908	-79.9908	-79.9909	-79.9909	-79.9909	-79.991	-79.9912	-79.9915
0.31	-79.9984	-79.9949	-79.9929	-79.9919	-79.9914	-79.9911	-79.9909	-79.9909	-79.9908	-79.9908	-79.9908	-79.9908	-79.9908	-79.9908	-79.9908	-79.9908	-79.9908	-79.9908	-79.9908	-79.9908	-79.9908	-79.9908	-79.9908	-79.9908	-79.9908	-79.9908	-79.9908	-79.9908	-79.9908	-79.9908	-79.9908	-79.9908	-79.9909	-79.991	-79.9912	-79.9915
0.315	-79.9984	-79.9949	-79.9929	-79.9919	-79.9913	-79.9911	-79.9909	-79.9908	-79.9908	-79.9908	-79.9908	-79.9908	-79.9908	-79.9908	-79.9908	-79.9908	-79.9908	-79.9908	-79.9908	-79.9908	-79.9908	-79.9908	-79.9908	-79.9908	-79.9908	-79.9908	-79.9908	-79.9908	-79.9908	-79.9908	-79.9908	-79.9908	-79.9909	-79.991	-79.9911	-79.9914
0.32	-79.9984	-79.9948	-79.9929	-79.9919	-79.9913	-79.991	-79.9909	-79.9908	-79.9908	-79.9907	-79.9907	-79.9907	-79.9907	-79.9907	-79.9907	-79.9907	-79.9907	-79.9907	-79.9907	-79.9907	-79.9907	-79.9907	-79.9907	-79.9907	-79.9907	-79.9907	-79.9907	-79.9907	-79.9907	-79.9907	-79.9907	-79.9908	-79.9908	-79.9909	-79.9911	-79.9914
0.325	-79.9984	-79.9948	-79.9929	-79.9918	-79.9913	-79.991	-79.9908	-79.9908	-79.9907	-79.9907	-79.9907	-79.9907	-79.9907	-79.9907	-79.9907	-79.9907	-79.9907	-79.9907	-79.9907	-79.9907	-79.9907	-79.9907	-79.9907	-79.9907	-79.9907	-79.9907	-79.9907	-79.9907	-79.9907	-79.9907	-79.9907	-79.9907	-79.9908	-79.9909	-79.991	-79.9914
0.33	-79.9984	-79.9948	-79.9929	-79.9918	-79.9912	-79.991	-79.9908	-79.9907	-79.9907	-79.9907	-79.9906	-79.9906	-79.9906	-79.9906	-79.9906	-79.9906	-79.9906	-79.9906	-79.9906	-79.9906	-79.9906	-79.9906	-79.9906	-79.9906	-79.9906	-79.9906	-79.9906	-79.9906	-79.9906	-79.9907	-79.9907	-79.9907	-79.9907	-79.9908	-79.991	-79.9913
0.335	-79.9984	-79.9948	-79.9928	-79.9918	-79.9912	-79.9909	-79.9908	-79.9907	-79.9906	-79.9906	-79.9906	-79.9906	-79.9906	-79.9906	-79.9906	-79.9906	-79.9906	-79.9906	-79.9906	-79.9906	-79.9906	-79.9906	-79.9906	-79.9906	-79.9906	-79.9906	-79.9906	-79.9906	-79.9906	-79.9906	-79.9906	-79.9907	-79.9907	-79.9908	-79.991	-79.9913
0.34	-79.9984	-79.9948	-79.9928	-79.9918	-79.9912	-79.9909	-79.9907	-79.9907	-79.9906	-79.9906	-79.9906	-79.9906	-79.9906	-79.9906	-79.9906	-79.9906	-79.9906	-79.9906	-79.9906	-79.9906	-79.9906	-79.9906	-79.9906	-79.9906	-79.9906	-79.9906	-79.9906	-79.9906	-79.9906	-79.9906	-79.9906	-79.9906	-79.9907	-79.9908	-79.9909	-79.9912
0.345	-79.9984	-79.9948	-79.9928	-79.9917	-79.9912	-79.9909	-79.9907	-79.9906	-79.9906	-79.9906	-79.9905	-79.9905	-79.9905	-79.9905	-79.9905	-79.9905	-79.9905	-79.9905	-79.9905	-79.9905	-79.9905	-79.9905	-79.9905	-79.9905	-79.9905	-79.9905	-79.9905	-79.9905	-79.9905	-79.9905	-79.9906	-79.9906	-79.9906	-79.9907	-79.9909	-79.9912
0.35	-79.9984	-79.9948	-79.9928	-79.9917	-79.9911	-79.9908	-79.9907	-79.9906	-79.9905	-79.9905	-79.9905	-79.9905	-79.9905	-79.9905	-79.9905	-79.9905	-79.9905	-79.9905	-79.9905	-79.9905	-79.9905	-79.9905	-79.9905	-79.9905	-79.9905	-79.9905	-79.9905	-79.9905	-79.9905	-79.9905	-79.9905	-79.9906	-79.9906	-79.9907	-79.9909	-79.9912
0.355	-79.9984	-79.9948	-79.9928	-79.9917	-79.9911	-79.9908	-79.9906	-79.9905	-79.9905	-79.9905	-79.9905	-79.9905	-79.9905	-79.9905	-79.9905	-79.9905	-79.9905	-79.9905	-79.9905	-79.9905	-79.9905	-79.9905	-79.9905	-79.9905	-79.9905	-79.9905	-79.9905	-79.9905	-79.9905	-79.9905	-79.9905	-79.9905	-79.9906	-79.9907	-79.9908	-79.9912
0.36	-79.9984	-79.9948	-79.9928	-79.9917	-79.9911	-79.9908	-79.9906	-79.9905	-79.9905	-79.9905	-79.9904	-79.9904	-79.9904	-79.9904	-79.9904	-79.9904	-79.9904	-79.9904	-79.9904	-79.9904	-79.9904	-79.9904	-79.9904	-79.9904	-79.9904	-79.9904	-79.9904	-79.9904	-79.9904	-79.9904	-79.9905	-79.9905	-79.9905	-79.9906	-79.9908	-79.9911
0.365	-79.9984	-79.9947	-79.9927	-79.9916	-79.9911	-79.9907	-79.9906	-79.9905	-79.9904	-79.9904	-79.9904	-79.9904	-79.9904	-79.9904	-79.9904	-79.9904	-79.9904	-79.9904	-79.9904	-79.9904	-79.9904	-79.9904	-79.9904	-79.9904	-79.9904	-79.9904	-79.9904	-79.9904	-79.9904	-79.9904	-79.9904	-79.9905	-79.9905	-79.9906	-79.9908	-79.9911
0.37	-79.9984	-79.9947	-79.9927	-79.9916	-79.991	-79.9907	-79.9905	-79.9905	-79.9904	-79.9904	-79.9904	-79.9904	-79.9904	-79.9904	-79.9904	-79.9904	-79.9904	-79.9904	-79.9904	-79.9904	-79.9904	-79.9904	-79.9904	-79.9904	-79.9904	-79.9904	-79.9904	-79.9904	-79.9904	-79.9904	-79.9904	-79.9904	-79.9905	-79.9906	-79.9908	-79.9911
0.375	-79.9984	-79.9947	-79.9927	-79.9916	-79.991	-79.9907	-79.9905	-79.9904	-79.9904	-79.9904	-79.9903	-79.9903	-79.9903	-79.9903	-79.9903	-79.9903	-79.9903	-79.9903	-79.9903	-79.9903	-79.9903	-79.9903	-79.9903	-79.9903	-79.9903	-79.9903	-79.9903	-79.9903	-79.9903	-79.9903	-79.9904	-79.9904	-79.9904	-79.9905	-79.9907	-79.991
0.38	-79.9984	-79.9947	-79.9927	-79.9916	-79.991	-79.9907	-79.9905	-79.9904	-79.9903	-79.9903	-79.9903	-79.9903	-79.9903	-79.9903	-79.9903	-79.9903	-79.9903	-79.9903	-79.9903	-79.9903	-79.9903	-79.9903	-79.9903	-79.9903	-79.9903	-79.9903	-79.9903	-79.9903	-79.9903	-79.9903	-79.9903	-79.9904	-79.9904	-79.9905	-79.9907	-79.991
0.385	-79.9984	-79.9947	-79.9927	-79.9915	-79.9909	-79.9906	-79.9905	-79.9904	-79.9903	-79.9903	-79.9903	-79.9903	-79.9903	-79.9903	-79.9903	-79.9903	-79.9903	-79.9903	-79.9903	-79.9903	-79.9903	-79.9903	-79.9903	-79.9903	-79.9903	-79.9903	-79.9903	-79.9903	-79.9903	-79.9903	-79.9903	-79.9903	-79.9904	-79.9905	-79.9907	-79.991
0.39	-79.9984	-79.9947	-79.9926	-79.9915	-79.9909	-79.9906	-79.9904	-79.9903	-79.9903	-79.9903	-79.9902	-79.9902	-79.9902	-79.9902	-79.9902	-79.9902	-79.9902	-79.9902	-79.9902	-79.9902	-79.9902	-79.9902	-79.9902	-79.9902	-79.9902	-79.9902	-79.9902	-79.9902	-79.9902	-79.9903	-79.9903	-79.9903	-79.9904	-79.9905	-79.9906	-79.991
0.395	-79.9984	-79.9947	-79.9926	-79.9915	-79.9909	-79.9906	-79.9904	-79.9903	-79.9903	-79.9902	-79.9902	-79.9902	-79.9902	-79.9902	-79.9902	-79.9902	-79.9902	-79.9902	-79.9902	-79.9902	-79.9902	-79.9902	-79.9902	-79.9902	-79.9902	-79.9902	-79.9902	-79.9902	-79.9902	-79.9902	-79.9902	-79.9903	-79.9903	-79.9904	-79.9906	-79.9909
0.4	-79.9984	-79.9947	-79.9926	-79.9915	-79.9909	-79.9905	-79.9904	-79.9903	-79.9902	-79.9902	-79.9902	-79.9902	-79.9902	-79.9902	-79.9902	-79.9902	-79.9902	-79.9902	-79.9902	-79.9902	-79.9902	-79.9902	-79.9902	-79.9902	-79.9902	-79.9902	-79.9902	-79.9902	-79.9902	-79.9902	-79.9902	-79.9902	-79.9903	-79.9904	-79.9906	-79.9909
0.405	-79.9984	-79.9947	-79.9926	-79.9915	-79.9909	-79.9905	-79.9903	-79.9902	-79.9902	-79.9902	-79.9902	-79.9902	-79.9902	-79.9902	-79.9902	-79.9902	-79.9902	-79.9902	-79.9902	-79.9902	-79.9902	-79.9902	-79.9902	-79.9902	-79.9902	-79.9902	-79.9902	-79.9902	-79.9902	-79.9902	-79.9902	-79.9902	-79.9903	-79.9904	-79.9905	-79.9909
0.41	-79.9984	-79.9947	-79.9926	-79.9914	-79.9908	-79.9905	-79.9903	-79.9902	-79.9902	-79.9901	-79.9901	-79.9901	-79.9901	-79.9901	-79.9901	-79.9901	-79.9901	-79.9901	-79.9901	-79.9901	-79.9901	-79.9901	-79.9901	-79.9901	-79.9901	-79.9901	-79.9901	-79.9901	-79.9901	-79.9901	-79.9902	-79.9902	-79.9902	-79.9903	-79.9905	-79.9908
0.415	-79.9984	-79.9947	-79.9926	-79.9914	-79.9908	-79.9905	-79.9903	-79.9902	-79.9901	-79.9901	-79.9901	-79.9901	-79.9901	-79.9901	-79.9901	-79.9901	-79.9901	-79.9901	-79.9901	-79.9901	-79.9901	-79.9901	-79.9901	-79.9901	-79.9901	-79.9901	-79.9901	-79.9901	-79.9901	-79.9901	-79.9901	-79.9902	-79.9902	-79.9903	-79.9905	-79.9908
0.42	-79.9984	-79.9946	-79.9926	-79.9914	-79.9908	-79.9904	-79.9903	-79.9902	-79.9901	-79.9901	-79.9901	-79.9901	-79.9901	-79.9901	-79.9901	-79.9901	-79.9901	-79.9901	-79.9901	-79.9901	-79.9901	-79.9901	-79.9901	-79.9901	-79.9901	-79.9901	-79.9901	-79.9901	-79.9901	-79.9901	-79.9901	-79.9901	-79.9902	-79.9903	-79.9905	-79.9908
0.425	-79.9984	-79.9946	-79.9925	-79.9914	-79.9908	-79.9904	-79.9902	-79.9901	-79.9901	-79.9901	-79.99	-79.99	-79.99	-79.99	-79.99	-79.99	-79.99	-79.99	-79.99	-79.99	-79.99	-79.99	-79.99	-79.99	-79.99	-79.99	-79.99	-79.99	-79.99	-79.9901	-79.9901	-79.9901	-79.9902	-79.9903	-79.9904	-79.9908
0.43	-79.9984	-79.9946	-79.9925	-79.9914	-79.9907	-79.9904	-79.9902	-79.9901	-79.9901	-79.99	-79.99	-79.99	-79.99	-79.99	-79.99	-79.99	-79.99	-79.99	-79.99	-79.99	-79.99	-79.99	-79.99	-79.99	-79.99	-79.99	-79.99	-79.99	-79.99	-79.99	-79.99	-79.9901	-79.9901	-79.9902	-79.9904	-79.9907
0.435	-79.9984	-79.9946	-79.9925	-79.9913	-79.9907	-79.9904	-79.9902	-79.9901	-79.99	-79.99	-79.99	-79.99	-79.99	-79.99	-79.99	-79.99	-79.99	-79.99	-79.99	-79.99	-79.99	-79.99	-79.99	-79.99	-79.99	-79.99	-79.99	-79.99	-79.99	-79.99	-79.99	-79.99	-79.9901	-79.9902	-79.9904	-79.9907
0.44	-79.9984	-79.9946	-79.9925	-79.9913	-79.9907	-79.9903	-79.9902	-79.9901	-79.99	-79.99	-79.99	-79.99	-79.99	-79.99	-79.99	-79.99	-79.99	-79.99	-79.99	-79.99	-79.99	-79.99	-79.99	-79.99	-79.99	-79.99	-79.99	-79.99	-79.99	-79.99	-79.99	-79.99	-79.9901	-79.9902	-79.9904	-79.9907
0.445	-79.9984	-79.9946	-79.9925	-79.9913	-79.9907	-79.9903	-79.9901	-79.99	-79.99	-79.99	-79.9899	-79.9899	-79.9899	-79.9899	-79.9899	-79.9899	-79.9899	-79.9899	-79.9899	-79.9899	-79.9899	-79.9899	-79.9899	-79.9899	-79.9899	-79.9899	-79.9899	-79.9899	-79.9899	-79.9899	-79.99	-79.99	-79.99	-79.9902	-79.9903	-79.9907
0.45	-79.9984	-79.9946	-79.9925	-79.9913	-79.9906	-79.9903	-79.9901	-79.99	-79.99	-79.9899	-79.9899	-79.9899	-79.9899	-79.9899	-79.9899	-79.9899	-79.9899	-79.9899	-79.9899	-79.9899	-79.9899	-79.9899	-79.9899	-79.9899	-79.9899	-79.9899	-79.9899	-79.9899	-79.9899	-79.9899	-79.9899	-79.99	-79.99	-79.9901	-79.9903	-79.9906
0.455	-79.9984	-79.9946	-79.9925	-79.9913	-79.9906	-79.9903	-79.9901	-79.99	-79.9899	-79.9899	-79.9899	-79.9899	-79.9899	-79.9899	-79.9899	-79.9899	-79.9899	-79.9899	-79.9899	-79.9899	-79.9899	-79.9899	-79.9899	-79.9899	-79.9899	-79.9899	-79.9899	-79.9899	-79.9899	-79.9899	-79.9899	-79.9899	-79.99	-79.9901	-79.9903	-79.9906
0.46	-79.9984	-79.9946	-79.9924	-79.9913	-79.9906	-79.9902	-79.9901	-79.99	-79.9899	-79.9899	-79.9899	-79.9899	-79.9898	-79.9898	-79.9898	-79.9898	-79.9898	-79.9898	-79.9898	-79.9898	-79.9898	-79.9898	-79.9898	-79.9898	-79.9898	-79.9898	-79.9898	-79.9898	-79.9899	-79.9899	-79.9899	-79.9899	-79.99	-79.9901	-79.9903	-79.9906
0.465	-79.9984	-79.9946	-79.9924	-79.9912	-79.9906	-79.9902	-79.99	-79.9899	-79.9899	-79.9898	-79.9898	-79.9898	-79.9898	-79.9898	-79.9898	-79.9898	-79.9898	-79.9898	-79.9898	-79.9898	-79.9898	-79.9898	-79.9898	-79.9898	-79.9898	-79.9898	-79.9898	-79.9898	-79.9898	-79.9898	-79.9899	-79.9899	-79.9899	-79.99	-79.9902	-79.9906
0.47	-79.9984	-79.9946	-79.9924	-79.9912	-79.9906	-79.9902	-79.99	-79.9899	-79.9899	-79.9898	-79.9898	-79.9898	-79.9898	-79.9898	-79.9898	-79.9898	-79.9898	-79.9898	-79.9898	-79.9898	-79.9898	-79.9898	-79.9898	-79.9898	-79.9898	-79.9898	-79.9898	-79.9898	-79.9898	-79.9898	-79.9898	-79.9899	-79.9899	-79.99	-79.9902	-79.9905
0.475	-79.9984	-79.9946	-79.9924	-79.9912	-79.9905	-79.9902	-79.99	-79.9899	-79.9898	-79.9898	-79.9898	-79.9898	-79.9898	-79.9898	-79.9898	-79.9898	-79.9898	-79.9898	-79.9898	-79.9898	-79.9898	-79.9898	-79.9898	-79.9898	-79.9898	-79.9898	-79.9898	-79.9898	-79.9898	-79.9898	-79.9898	-79.9898	-79.9899	-79.99	-79.9902	-79.9905
0.48	-79.9984	-79.9946	-79.9924	-79.9912	-79.9905	-79.9902	-79.99	-79.9899	-79.9898	-79.9898	-79.9898	-79.9897	-79.9897	-79.9897	-79.9897	-79.9897	-79.9897	-79.9897	-79.9897	-79.9897	-79.9897	-79.9897	-79.9897	-79.9897	-79.9897	-79.9897	-79.9897	-79.9897	-79.9897	-79.9898	-79.9898	-79.9898	-79.9899	-79.99	-79.9902	-79.9905
0.485	-79.9984	-79.9945	-79.9924	-79.9912	-79.9905	-79.9901	-79.9899	-79.9898	-79.9898	-79.9897	-79.9897	-79.9897	-79.9897	-79.9897	-79.9897	-79.9897	-79.9897	-79.9897	-79.9897	-79.9897	-79.9897	-79.9897	-79.9897	-79.9897	-79.9897	-79.9897	-79.9897	-79.9897	-79.9897	-79.9897	-79.9898	-79.9898	-79.9898	-79.99	-79.9901	-79.9905
0.49	-79.9984	-79.9945	-79.9924	-79.9911	-79.9905	-79.9901	-79.9899	-79.9898	-79.9898	-79.9897	-79.9897	-79.9897	-79.9897	-79.9897	-79.9897	-79.9897	-79.9897	-79.9897	-79.9897	-79.9897	-79.9897	-79.9897	-79.9897	-79.9897	-79.9897	-79.9897	-79.9897	-79.9897	-79.9897	-79.9897	-79.9897	-79.9898	-79.9898	-79.9899	-79.9901	-79.9904
0.495	-79.9984	-79.9945	-79.9923	-79.9911	-79.9905	-79.9901	-79.9899	-79.9898	-79.9897	-79.9897	-79.9897	-79.9897	-79.9897	-79.9897	-79.9897	-79.9897	-79.9897	-79.9897	-79.9897	-79.9897	-79.9897	-79.9897	-79.9897	-79.9897	-79.9897	-79.9897	-79.9897	-79.9897	-79.9897	-79.9897	-79.9897	-79.9897	-79.9898	-79.9899	-79.9901	-79.9904
0.5	-79.9984	-79.9945	-79.9923	-79.9911	-79.9904	-79.9901	-79.9899	-79.9898	-79.9897	-79.9897	-79.9897	-79.9896	-79.9896	-79.9896	-79.9896	-79.9896	-79.9896	-79.9896	-79.9896	-79.9896	-79.9896	-79.9896	-79.9896	-79.9896	-79.9896	-79.9896	-79.9896	-79.9896	-79.9897	-79.9897	-79.9897	-79.9897	-79.9898	-79.9899	-79.9901	-79.9904
0.505	-79.9984	-79.9945	-79.9923	-79.9911	-79.9904	-79.9901	-79.9899	-79.9897	-79.9897	-79.9896	-79.9896	-79.9896	-79.9896	-79.9896	-79.9896	-79.9896	-79.9896	-79.9896	-79.9896	-79.9896	-79.9896	-79.9896	-79.9896	-79.9896	-79.9896	-79.9896	-79.9896	-79.9896	-79.9896	-79.9896	-79.9897	-79.9897	-79.9897	-79.9899	-79.99	-79.9904
0.51	-79.9984	-79.9945	-79.9923	-79.9911	-79.9904	-79.99	-79.9898	-79.9897	-79.9897	-79.9896	-79.9896	-79.9896	-79.9896	-79.9896	-79.9896	-79.9896	-79.9896	-79.9896	-79.9896	-79.9896	-79.9896	-79.9896	-79.9896	-79.9896	-79.9896	-79.9896	-79.9896	-79.9896	-79.9896	-79.9896	-79.9896	-79.9897	-79.9897	-79.9898	-79.99	-79.9904
0.515	-79.9984	-79.9945	-79.9923	-79.9911	-79.9904	-79.99	-79.9898	-79.9897	-79.9896	-79.9896	-79.9896	-79.9896	-79.9896	-79.9896	-79.9896	-79.9896	-79.9896	-79.9896	-79.9896	-79.9896	-79.9896	-79.9896	-79.9896	-79.9896	-79.9896	-79.9896	-79.9896	-79.9896	-79.9896	-79.9896	-79.9896	-79.9896	-79.9897	-79.9898	-79.99	-79.9903
0.52	-79.9984	-79.9945	-79.9923	-79.9911	-79.9904	-79.99	-79.9898	-79.9897	-79.9896	-79.9896	-79.9896	-79.9896	-79.9895	-79.9895	-79.9895	-79.9895	-79.9895	-79.9895	-79.9895	-79.9895	-79.9895	-79.9895	-79.9895	-79.9895	-79.9895	-79.9895	-79.9895	-79.9895	-79.9896	-79.9896	-79.9896	-79.9896	-79.9897	-79.9898	-79.99	-79.9903
0.525	-79.9984	-79.9945	-79.9923	-79.991	-79.9903	-79.99	-79.9898	-79.9897	-79.9896	-79.9896	-79.9895	-79.9895	-79.9895	-79.9895	-79.9895	-79.9895	-79.9895	-79.9895	-79.9895	-79.9895	-79.9895	-79.9895	-79.9895	-79.9895	-79.9895	-79.9895	-79.9895	-79.9895	-79.9895	-79.9895	-79.9896	-79.9896	-79.9897	-79.9898	-79.99	-79.9903
0.53	-79.9984	-79.9945	-79.9923	-79.991	-79.9903	-79.99	-79.9897	-79.9896	-79.9896	-79.9895	-79.9895	-79.9895	-79.9895	-79.9895	-79.9895	-79.9895	-79.9895	-79.9895	-79.9895	-79.9895	-79.9895	-79.9895	-79.9895	-79.9895	-79.9895	-79.9895	-79.9895	-79.9895	-79.9895	-79.9895	-79.9895	-79.9896	-79.9896	-79.9897	-79.9899	-79.9903
0.535	-79.9984	-79.9945	-79.9923	-79.991	-79.9903	-79.9899	-79.9897	-79.9896	-79.9895	-79.9895	-79.9895	-79.9895	-79.9895	-79.9895	-79.9895	-79.9895	-79.9895	-79.9895	-79.9895	-79.9895	-79.9895	-79.9895	-79.9895	-79.9895	-79.9895	-79.9895	-79.9895	-79.9895	-79.9895	-79.9895	-79.9895	-79.9895	-79.9896	-79.9897	-79.9899	-79.9903
0.54	-79.9984	-79.9945	-79.9922	-79.991	-79.9903	-79.9899	-79.9897	-79.9896	-79.9895	-79.9895	-79.9895	-79.9895	-79.9895	-79.9895	-79.9895	-79.9895	-79.9895	-79.9895	-79.9895	-79.9895	-79.9895	-79.9895	-79.9895	-79.9895	-79.9895	-79.9895	-79.9895	-79.9895	-79.9895	-79.9895	-79.9895	-79.9895	-79.9896	-79.9897	-79.9899	-79.9902
0.545	-79.9984	-79.9945	-79.9922	-79.991	-79.9903	-79.9899	-79.9897	-79.9896	-79.9895	-79.9895	-79.9894	-79.9894	-79.9894	-79.9894	-79.9894	-79.9894	-79.9894	-79.9894	-79.9894	-79.9894	-79.9894	-79.9894	-79.9894	-79.9894	-79.9894	-79.9894	-79.9894	-79.9894	-79.9894	-79.9895	-79.9895	-79.9895	-79.9896	-79.9897	-79.9899	-79.9902
0.55	-79.9984	-79.9945	-79.9922	-79.991	-79.9903	-79.9899	-79.9897	-79.9895	-79.9895	-79.9894	-79.9894	-79.9894	-79.9894	-79.9894	-79.9894	-79.9894	-79.9894	-79.9894	-79.9894	-79.9894	-79.9894	-79.9894	-79.9894	-79.9894	-79.9894	-79.9894	-79.9894	-79.9894	-79.9894	-79.9894	-79.9894	-79.9895	-79.9895	-79.9897	-79.9899	-79.9902
0.555	-79.9984	-79.9944	-79.9922	-79.991	-79.9902	-79.9899	-79.9896	-79.9895	-79.9895	-79.9894	-79.9894	-79.9894	-79.9894	-79.9894	-79.9894	-79.9894	-79.9894	-79.9894	-79.9894	-79.9894	-79.9894	-79.9894	-79.9894	-79.9894	-79.9894	-79.9894	-79.9894	-79.9894	-79.9894	-79.9894	-79.9894	-79.9895	-79.9895	-79.9896	-79.9898	-79.9902
0.56	-79.9984	-79.9944	-79.9922	-79.9909	-79.9902	-79.9898	-79.9896	-79.9895	-79.9894	-79.9894	-79.9894	-79.9894	-79.9894	-79.9894	-79.9894	-79.9894	-79.9894	-79.9894	-79.9894	-79.9894	-79.9894	-79.9894	-79.9894	-79.9894	-79.9894	-79.9894	-79.9894	-79.9894	-79.9894	-79.9894	-79.9894	-79.9894	-79.9895	-79.9896	-79.9898	-79.9902
0.565	-79.9984	-79.9944	-79.9922	-79.9909	-79.9902	-79.9898	-79.9896	-79.9895	-79.9894	-79.9894	-79.9894	-79.9894	-79.9893	-79.9893	-79.9893	-79.9893	-79.9893	-79.9893	-79.9893	-79.9893	-79.9893	-79.9893	-79.9893	-79.9893	-79.9893	-79.9893	-79.9893	-79.9893	-79.9894	-79.9894	-79.9894	-79.9894	-79.9895	-79.9896	-79.9898	-79.9901
0.57	-79.9984	-79.9944	-79.9922	-79.9909	-79.9902	-79.9898	-79.9896	-79.9895	-79.9894	-79.9894	-79.9893	-79.9893	-79.9893	-79.9893	-79.9893	-79.9893	-79.9893	-79.9893	-79.9893	-79.9893	-79.9893	-79.9893	-79.9893	-79.9893	-79.9893	-79.9893	-79.9893	-79.9893	-79.9893	-79.9893	-79.9894	-79.9894	-79.9895	-79.9896	-79.9898	-79.9901
0.575	-79.9984	-79.9944	-79.9922	-79.9909	-79.9902	-79.9898	-79.9896	-79.9894	-79.9894	-79.9893	-79.9893	-79.9893	-79.9893	-79.9893	-79.9893	-79.9893	-79.9893	-79.9893	-79.9893	-79.9893	-79.9893	-79.9893	-79.9893	-79.9893	-79.9893	-79.9893	-79.9893	-79.9893	-79.9893	-79.9893	-79.9893	-79.9894	-79.9894	-79.9896	-79.9898	-79.9901
0.58	-79.9984	-79.9944	-79.9921	-79.9909	-79.9902	-79.9898	-79.9895	-79.9894	-79.9894	-79.9893	-79.9893	-79.9893	-79.9893	-79.9893	-79.9893	-79.9893	-79.9893	-79.9893	-79.9893	-79.9893	-79.9893	-79.9893	-79.9893	-79.9893	-79.9893	-79.9893	-79.9893	-79.9893	-79.9893	-79.9893	-79.9893	-79.9894	-79.9894	-79.9895	-79.9897	-79.9901
0.585	-79.9984	-79.9944	-79.9921	-79.9909	-79.9901	-79.9897	-79.9895	-79.9894	-79.9893	-79.9893	-79.9893	-79.9893	-79.9893	-79.9893	-79.9893	-79.9893	-79.9893	-79.9893	-79.9893	-79.9893	-79.9893	-79.9893	-79.9893	-79.9893	-79.9893	-79.9893	-79.9893	-79.9893	-79.9893	-79.9893	-79.9893	-79.9893	-79.9894	-79.9895	-79.9897	-79.9901
0.59	-79.9984	-79.9944	-79.9921	-79.9908	-79.9901	-79.9897	-79.9895	-79.9894	-79.9893	-79.9893	-79.9893	-79.9893	-79.9892	-79.9892	-79.9892	-79.9892	-79.9892	-79.9892	-79.9892	-79.9892	-79.9892	-79.9892	-79.9892	-79.9892	-79.9892	-79.9892	-79.9892	-79.9892	-79.9893	-79.9893	-79.9893	-79.9893	-79.9894	-79.9895	-79.9897	-79.99
0.595	-79.9984	-79.9944	-79.9921	-79.9908	-79.9901	-79.9897	-79.9895	-79.9894	-79.9893	-79.9893	-79.9892	-79.9892	-79.9892	-79.9892	-79.9892	-79.9892	-79.9892	-79.9892	-79.9892	-79.9892	-79.9892	-79.9892	-79.9892	-79.9892	-79.9892	-79.9892	-79.9892	-79.9892	-79.9892	-79.9892	-79.9893	-79.9893	-79.9894	-79.9895	-79.9897	-79.99
0.6	-79.9984	-79.9944	-79.9921	-79.9908	-79.9901	-79.9897	-79.9895	-79.9893	-79.9893	-79.9892	-79.9892	-79.9892	-79.9892	-79.9892	-79.9892	-79.9892	-79.9892	-79.9892	-79.9892	-79.9892	-79.9892	-79.9892	-79.9892	-79.9892	-79.9892	-79.9892	-79.9892	-79.9892	-79.9892	-79.9892	-79.9892	-79.9893	-79.9893	-79.9895	-79.9897	-79.99
0.605	-79.9984	-79.9944	-79.9921	-79.9908	-79.9901	-79.9897	-79.9894	-79.9893	-79.9893	-79.9892	-79.9892	-79.9892	-79.9892	-79.9892	-79.9892	-79.9892	-79.9892	-79.9892	-79.9892	-79.9892	-79.9892	-79.9892	-79.9892	-79.9892	-79.9892	-79.9892	-79.9892	-79.9892	-79.9892	-79.9892	-79.9892	-79.9893	-79.9893	-79.9894	-79.9896	-79.99
0.61	-79.9984	-79.9944	-79.9921	-79.9908	-79.9901	-79.9897	-79.9894	-79.9893	-79.9892	-79.9892	-79.9892	-79.9892	-79.9892	-79.9892	-79.9892	-79.9892	-79.9892	-79.9892	-79.9892	-79.9892	-79.9892	-79.9892	-79.9892	-79.9892	-79.9892	-79.9892	-79.9892	-79.9892	-79.9892	-79.9892	-79.9892	-79.9892	-79.9893	-79.9894	-79.9896	-79.99
0.615	-79.9984	-79.9944	-79.9921	-79.9908	-79.99	-79.9896	-79.9894	-79.9893	-79.9892	-79.9892	-79.9892	-79.9891	-79.9891	-79.9891	-79.9891	-79.9891	-79.9891	-79.9891	-79.9891	-79.9891	-79.9891	-79.9891	-79.9891	-79.9891	-79.9891	-79.9891	-79.9891	-79.9891	-79.9891	-79.9892	-79.9892	-79.9892	-79.9893	-79.9894	-79.9896	-79.99
0.62	-79.9984	-79.9944	-79.9921	-79.9908	-79.99	-79.9896	-79.9894	-79.9893	-79.9892	-79.9892	-79.9891	-79.9891	-79.9891	-79.9891	-79.9891	-79.9891	-79.9891	-79.9891	-79.9891	-79.9891	-79.9891	-79.9891	-79.9891	-79.9891	-79.9891	-79.9891	-79.9891	-79.9891	-79.9891	-79.9891	-79.9892	-79.9892	-79.9893	-79.9894	-79.9896	-79.9899
0.625	-79.9984	-79.9944	-79.9921	-79.9908	-79.99	-79.9896	-79.9894	-79.9892	-79.9892	-79.9891	-79.9891	-79.9891	-79.9891	-79.9891	-79.9891	-79.9891	-79.9891	-79.9891	-79.9891	-79.9891	-79.9891	-79.9891	-79.9891	-79.9891	-79.9891	-79.9891	-79.9891	-79.9891	-79.9891	-79.9891	-79.9891	-79.9892	-79.9892	-79.9894	-79.9896	-79.9899
0.63	-79.9984	-79.9944	-79.9921	-79.9907	-79.99	-79.9896	-79.9894	-79.9892	-79.9892	-79.9891	-79.9891	-79.9891	-79.9891	-79.9891	-79.9891	-79.9891	-79.9891	-79.9891	-79.9891	-79.9891	-79.9891	-79.9891	-79.9891	-79.9891	-79.9891	-79.9891	-79.9891	-79.9891	-79.9891	-79.9891	-79.9891	-79.9892	-79.9892	-79.9893	-79.9895	-79.9899
0.635	-79.9984	-79.9944	-79.992	-79.9907	-79.99	-79.9896	-79.9893	-79.9892	-79.9891	-79.9891	-79.9891	-79.9891	-79.9891	-79.9891	-79.9891	-79.9891	-79.9891	-79.9891	-79.9891	-79.9891	-79.9891	-79.9891	-79.9891	-79.9891	-79.9891	-79.9891	-79.9891	-79.9891	-79.9891	-79.9891	-79.9891	-79.9891	-79.9892	-79.9893	-79.9895	-79.9899
0.64	-79.9984	-79.9943	-79.992	-79.9907	-79.99	-79.9895	-79.9893	-79.9892	-79.9891	-79.9891	-79.9891	-79.989	-79.989	-79.989	-79.989	-79.989	-79.989	-79.989	-79.989	-79.989	-79.989	-79.989	-79.989	-79.989	-79.989	-79.989	-79.989	-79.989	-79.9891	-79.9891	-79.9891	-79.9891	-79.9892	-79.9893	-79.9895	-79.9899
0.645	-79.9984	-79.9943	-79.992	-79.9907	-79.99	-79.9895	-79.9893	-79.9892	-79.9891	-79.9891	-79.989	-79.989	-79.989	-79.989	-79.989	-79.989	-79.989	-79.989	-79.989	-79.989	-79.989	-79.989	-79.989	-79.989	-79.989	-79.989	-79.989	-79.989	-79.989	-79.989	-79.9891	-79.9891	-79.9892	-79.9893	-79.9895	-79.9898
0.65	-79.9984	-79.9943	-79.992	-79.9907	-79.9899	-79.9895	-79.9893	-79.9892	-79.9891	-79.989	-79.989	-79.989	-79.989	-79.989	-79.989	-79.989	-79.989	-79.989	-79.989	-79.989	-79.989	-79.989	-79.989	-79.989	-79.989	-79.989	-79.989	-79.989	-79.989	-79.989	-79.989	-79.9891	-79.9891	-79.9893	-79.9895	-79.9898
0.655	-79.9984	-79.9943	-79.992	-79.9907	-79.9899	-79.9895	-79.9893	-79.9891	-79.9891	-79.989	-79.989	-79.989	-79.989	-79.989	-79.989	-79.989	-79.989	-79.989	-79.989	-79.989	-79.989	-79.989	-79.989	-79.989	-79.989	-79.989	-79.989	-79.989	-79.989	-79.989	-79.989	-79.9891	-79.9891	-79.9892	-79.9894	-79.9898
0.66	-79.9984	-79.9943	-79.992	-79.9907	-79.9899	-79.9895	-79.9893	-79.9891	-79.989	-79.989	-79.989	-79.989	-79.989	-79.989	-79.989	-79.989	-79.989	-79.989	-79.989	-79.989	-79.989	-79.989	-79.989	-79.989	-79.989	-79.989	-79.989	-79.989	-79.989	-79.989	-79.989	-79.989	-79.9891	-79.9892	-79.9894	-79.9898
0.665	-79.9984	-79.9943	-79.992	-79.9906	-79.9899	-79.9895	-79.9892	-79.9891	-79.989	-79.989	-79.989	-79.989	-79.9889	-79.9889	-79.9889	-79.9889	-79.9889	-79.9889	-79.9889	-79.9889	-79.9889	-79.9889	-79.9889	-79.9889	-79.9889	-79.9889	-79.9889	-79.9889	-79.989	-79.989	-79.989	-79.989	-79.9891	-79.9892	-79.9894	-79.9898
0.67	-79.9984	-79.9943	-79.992	-79.9906	-79.9899	-79.9894	-79.9892	-79.9891	-79.989	-79.989	-79.9889	-79.9889	-79.9889	-79.9889	-79.9889	-79.9889	-79.9889	-79.9889	-79.9889	-79.9889	-79.9889	-79.9889	-79.9889	-79.9889	-79.9889	-79.9889	-79.9889	-79.9889	-79.9889	-79.9889	-79.989	-79.989	-79.9891	-79.9892	-79.9894	-79.9898
0.675	-79.9984	-79.9943	-79.992	-79.9906	-79.9899	-79.9894	-79.9892	-79.9891	-79.989	-79.989	-79.9889	-79.9889	-79.9889	-79.9889	-79.9889	-79.9889	-79.9889	-79.9889	-79.9889	-79.9889	-79.9889	-79.9889	-79.9889	-79.9889	-79.9889	-79.9889	-79.9889	-79.9889	-79.9889	-79.9889	-79.989	-79.989	-79.9891	-79.9892	-79.9894	-79.9897
0.68	-79.9984	-79.9943	-79.992	-79.9906	-79.9898	-79.9894	-79.9892	-79.989	-79.989	-79.9889	-79.9889	-79.9889	-79.9889	-79.9889	-79.9889	-79.9889	-79.9889	-79.9889	-79.9889	-79.9889	-79.9889	-79.9889	-79.9889	-79.9889	-79.9889	-79.9889	-79.9889	-79.9889	-79.9889	-79.9889	-79.9889	-79.989	-79.989	-79.9892	-79.9894	-79.9897
0.685	-79.9984	-79.9943	-79.9919	-79.9906	-79.9898	-79.9894	-79.9892	-79.989	-79.989	-79.9889	-79.9889	-79.9889	-79.9889	-79.9889	-79.9889	-79.9889	-79.9889	-79.9889	-79.9889	-79.9889	-79.9889	-79.9889	-79.9889	-79.9889	-79.9889	-79.9889	-79.9889	-79.9889	-79.9889	-79.9889	-79.9889	-79.989	-79.989	-79.9891	-79.9893	-79.9897
0.69	-79.9984	-79.9943	-79.9919	-79.9906	-79.9898	-79.9894	-79.9891	-79.989	-79.9889	-79.9889	-79.9889	-79.9889	-79.9889	-79.9889	-79.9888	-79.9888	-79.9888	-79.9888	-79.9888	-79.9888	-79.9888	-79.9888	-79.9888	-79.9888	-79.9888	-79.9888	-79.9889	-79.9889	-79.9889	-79.9889	-79.9889	-79.9889	-79.989	-79.9891	-79.9893	-79.9897
0.695	-79.9984	-79.9943	-79.9919	-79.9906	-79.9898	-79.9894	-79.9891	-79.989	-79.9889	-79.9889	-79.9889	-79.9888	-79.9888	-79.9888	-79.9888	-79.9888	-79.9888	-79.9888	-79.9888	-79.9888	-79.9888	-79.9888	-79.9888	-79.9888	-79.9888	-79.9888	-79.9888	-79.9888	-79.9888	-79.9889	-79.9889	-79.9889	-79.989	-79.9891	-79.9893	-79.9897
0.7	-79.9984	-79.9943	-79.9919	-79.9906	-79.9898	-79.9894	-79.9891	-79.989	-79.9889	-79.9889	-79.9888	-79.9888	-79.9888	-79.9888	-79.9888	-79.9888	-79.9888	-79.9888	-79.9888	-79.9888	-79.9888	-79.9888	-79.9888	-79.9888	-79.9888	-79.9888	-79.9888	-79.9888	-79.9888	-79.9888	-79.9889	-79.9889	-79.989	-79.9891	-79.9893	-79.9897
0.705	-79.9984	-79.9943	-79.9919	-79.9905	-79.9898	-79.9893	-79.9891	-79.989	-79.9889	-79.9888	-79.9888	-79.9888	-79.9888	-79.9888	-79.9888	-79.9888	-79.9888	-79.9888	-79.9888	-79.9888	-79.9888	-79.9888	-79.9888	-79.9888	-79.9888	-79.9888	-79.9888	-79.9888	-79.9888	-79.9888	-79.9888	-79.9889	-79.9889	-79.9891	-79.9893	-79.9896
0.71	-79.9984	-79.9943	-79.9919	-79.9905	-79.9898	-79.9893	-79.9891	-79.9889	-79.9889	-79.9888	-79.9888	-79.9888	-79.9888	-79.9888	-79.9888	-79.9888	-79.9888	-79.9888	-79.9888	-79.9888	-79.9888	-79.9888	-79.9888	-79.9888	-79.9888	-79.9888	-79.9888	-79.9888	-79.9888	-79.9888	-79.9888	-79.9889	-79.9889	-79.9891	-79.9893	-79.9896
0.715	-79.9984	-79.9943	-79.9919	-79.9905	-79.9897	-79.9893	-79.9891	-79.9889	-79.9888	-79.9888	-79.9888	-79.9888	-79.9888	-79.9888	-79.9888	-79.9888	-79.9888	-79.9888	-79.9888	-79.9888	-79.9888	-79.9888	-79.9888	-79.9888	-79.9888	-79.9888	-79.9888	-79.9888	-79.9888	-79.9888	-79.9888	-79.9888	-79.9889	-79.989	-79.9893	-79.9896
0.72	-79.9984	-79.9943	-79.9919	-79.9905	-79.9897	-79.9893	-79.989	-79.9889	-79.9888	-79.9888	-79.9888	-79.9888	-79.9887	-79.9887	-79.9887	-79.9887	-79.9887	-79.9887	-79.9887	-79.9887	-79.9887	-79.9887	-79.9887	-79.9887	-79.9887	-79.9887	-79.9887	-79.9887	-79.9888	-79.9888	-79.9888	-79.9888	-79.9889	-79.989	-79.9892	-79.9896
0.725	-79.9984	-79.9943	-79.9919	-79.9905	-79.9897	-79.9893	-79.989	-79.9889	-79.9888	-79.9888	-79.9887	-79.9887	-79.9887	-79.9887	-79.9887	-79.9887	-79.9887	-79.9887	-79.9887	-79.9887	-79.9887	-79.9887	-79.9887	-79.9887	-79.9887	-79.9887	-79.9887	-79.9887	-79.9887	-79.9887	-79.9888	-79.9888	-79.9889	-79.989	-79.9892	-79.9896
0.73	-79.9984	-79.9943	-79.9919	-79.9905	-79.9897	-79.9893	-79.989	-79.9889	-79.9888	-79.9888	-79.9887	-79.9887	-79.9887	-79.9887	-79.9887	-79.9887	-79.9887	-79.9887	-79.9887	-79.9887	-79.9887	-79.9887	-79.9887	-79.9887	-79.9887	-79.9887	-79.9887	-79.9887	-79.9887	-79.9887	-79.9888	-79.9888	-79.9889	-79.989	-79.9892	-79.9896
0.735	-79.9984	-79.9942	-79.9919	-79.9905	-79.9897	-79.9893	-79.989	-79.9889	-79.9888	-79.9887	-79.9887	-79.9887	-79.9887	-79.9887	-79.9887	-79.9887	-79.9887	-79.9887	-79.9887	-79.9887	-79.9887	-79.9887	-79.9887	-79.9887	-79.9887	-79.9887	-79.9887	-79.9887	-79.9887	-79.9887	-79.9887	-79.9888	-79.9888	-79.989	-79.9892	-79.9895
0.74	-79.9984	-79.9942	-79.9918	-79.9905	-79.9897	-79.9892	-79.989	-79.9888	-79.9888	-79.9887	-79.9887	-79.9887	-79.9887	-79.9887	-79.9887	-79.9887	-79.9887	-79.9887	-79.9887	-79.9887	-79.9887	-79.9887	-79.9887	-79.9887	-79.9887	-79.9887	-79.9887	-79.9887	-79.9887	-79.9887	-79.9887	-79.9888	-79.9888	-79.989	-79.9892	-79.9895
0.745	-79.9984	-79.9942	-79.9918	-79.9905	-79.9897	-79.9892	-79.989	-79.9888	-79.9887	-79.9887	-79.9887	-79.9887	-79.9887	-79.9887	-79.9887	-79.9887	-79.9887	-79.9887	-79.9887	-79.9887	-79.9887	-79.9887	-79.9887	-79.9887	-79.9887	-79.9887	-79.9887	-79.9887	-79.9887	-79.9887	-79.9887	-79.9887	-79.9888	-79.9889	-79.9892	-79.9895
0.75	-79.9984	-79.9942	-79.9918	-79.9904	-79.9897	-79.9892	-79.989	-79.9888	-79.9887	-79.9887	-79.9887	-79.9886	-79.9886	-79.9886	-79.9886	-79.9886	-79.9886	-79.9886	-79.9886	-79.9886	-79.9886	-79.9886	-79.9886	-79.9886	-79.9886	-79.9886	-79.9886	-79.9886	-79.9886	-79.9887	-79.9887	-79.9887	-79.9888	-79.9889	-79.9891	-79.9895
0.755	-79.9984	-79.9942	-79.9918	-79.9904	-79.9896	-79.9892	-79.9889	-79.9888	-79.9887	-79.9887	-79.9886	-79.9886	-79.9886	-79.9886	-79.9886	-79.9886	-79.9886	-79.9886	-79.9886	-79.9886	-79.9886	-79.9886	-79.9886	-79.9886	-79.9886	-79.9886	-79.9886	-79.9886	-79.9886	-79.9886	-79.9887	-79.9887	-79.9888	-79.9889	-79.9891	-79.9895
0.76	-79.9984	-79.9942	-79.9918	-79.9904	-79.9896	-79.9892	-79.9889	-79.9888	-79.9887	-79.9887	-79.9886	-79.9886	-79.9886	-79.9886	-79.9886	-79.9886	-79.9886	-79.9886	-79.9886	-79.9886	-79.9886	-79.9886	-79.9886	-79.9886	-79.9886	-79.9886	-79.9886	-79.9886	-79.9886	-79.9886	-79.9887	-79.9887	-79.9888	-79.9889	-79.9891	-79.9895
0.765	-79.9984	-79.9942	-79.9918	-79.9904	-79.9896	-79.9892	-79.9889	-79.9888	-79.9887	-79.9886	-79.9886	-79.9886	-79.9886	-79.9886	-79.9886	-79.9886	-79.9886	-79.9886	-79.9886	-79.9886	-79.9886	-79.9886	-79.9886	-79.9886	-79.9886	-79.9886	-79.9886	-79.9886	-79.9886	-79.9886	-79.9886	-79.9887	-79.9887	-79.9889	-79.9891	-79.9895
0.77	-79.9984	-79.9942	-79.9918	-79.9904	-79.9896	-79.9892	-79.9889	-79.9887	-79.9887	-79.9886	-79.9886	-79.9886	-79.9886	-79.9886	-79.9886	-79.9886	-79.9886	-79.9886	-79.9886	-79.9886	-79.9886	-79.9886	-79.9886	-79.9886	-79.9886	-79.9886	-79.9886	-79.9886	-79.9886	-79.9886	-79.9886	-79.9887	-79.9887	-79.9889	-79.9891	-79.9894
0.775	-79.9984	-79.9942	-79.9918	-79.9904	-79.9896	-79.9891	-79.9889	-79.9887	-79.9886	-79.9886	-79.9886	-79.9886	-79.9886	-79.9886	-79.9886	-79.9886	-79.9885	-79.9885	-79.9885	-79.9885	-79.9885	-79.9885	-79.9885	-79.9885	-79.9886	-79.9886	-79.9886	-79.9886	-79.9886	-79.9886	-79.9886	-79.9886	-79.9887	-79.9888	-79.9891	-79.9894
0.78	-79.9984	-79.9942	-79.9918	-79.9904	-79.9896	-79.9891	-79.9889	-79.9887	-79.9886	-79.9886	-79.9886	-79.9885	-79.9885	-79.9885	-79.9885	-79.9885	-79.9885	-79.9885	-79.9885	-79.9885	-79.9885	-79.9885	-79.9885	-79.9885	-79.9885	-79.9885	-79.9885	-79.9885	-79.9885	-79.9886	-79.9886	-79.9886	-79.9887	-79.9888	-79.989	-79.9894
0.785	-79.9984	-79.9942	-79.9918	-79.9904	-79.9896	-79.9891	-79.9888	-79.9887	-79.9886	-79.9886	-79.9885	-79.9885	-79.9885	-79.9885	-79.9885	-79.9885	-79.9885	-79.9885	-79.9885	-79.9885	-79.9885	-79.9885	-79.9885	-79.9885	-79.9885	-79.9885	-79.9885	-79.9885	-79.9885	-79.9885	-79.9886	-79.9886	-79.9887	-79.9888	-79.989	-79.9894
0.79	-79.9984	-79.9942	-79.9918	-79.9904	-79.9895	-79.9891	-79.9888	-79.9887	-79.9886	-79.9886	-79.9885	-79.9885	-79.9885	-79.9885	-79.9885	-79.9885	-79.9885	-79.9885	-79.9885	-79.9885	-79.9885	-79.9885	-79.9885	-79.9885	-79.9885	-79.9885	-79.9885	-79.9885	-79.9885	-79.9885	-79.9886	-79.9886	-79.9887	-79.9888	-79.989	-79.9894
0.795	-79.9984	-79.9942	-79.9918	-79.9903	-79.9895	-79.9891	-79.9888	-79.9887	-79.9886	-79.9885	-79.9885	-79.9885	-79.9885	-79.9885	-79.9885	-79.9885	-79.9885	-79.9885	-79.9885	-79.9885	-79.9885	-79.9885	-79.9885	-79.9885	-79.9885	-79.9885	-79.9885	-79.9885	-79.9885	-79.9885	-79.9885	-79.9886	-79.9887	-79.9888	-79.989	-79.9894
0.8	-79.9984	-79.9942	-79.9917	-79.9903	-79.9895	-79.9891	-79.9888	-79.9887	-79.9886	-79.9885	-79.9885	-79.9885	-79.9885	-79.9885	-79.9885	-79.9885	-79.9885	-79.9885	-79.9885	-79.9885	-79.9885	-79.9885	-79.9885	-79.9885	-79.9885	-79.9885	-79.9885	-79.9885	-79.9885	-79.9885	-79.9885	-79.9886	-79.9886	-79.9888	-79.989	-79.9894
0.805	-79.9984	-79.9942	-79.9917	-79.9903	-79.9895	-79.9891	-79.9888	-79.9886	-79.9886	-79.9885	-79.9885	-79.9885	-79.9885	-79.9885	-79.9885	-79.9885	-79.9885	-79.9885	-79.9885	-79.9885	-79.9885	-79.9885	-79.9885	-79.9885	-79.9885	-79.9885	-79.9885	-79.9885	-79.9885	-79.9885	-79.9885	-79.9885	-79.9886	-79.9887	-79.989	-79.9893
0.81	-79.9984	-79.9942	-79.9917	-79.9903	-79.9895	-79.989	-79.9888	-79.9886	-79.9885	-79.9885	-79.9885	-79.9885	-79.9884	-79.9884	-79.9884	-79.9884	-79.9884	-79.9884	-79.9884	-79.9884	-79.9884	-79.9884	-79.9884	-79.9884	-79.9884	-79.9884	-79.9884	-79.9884	-79.9885	-79.9885	-79.9885	-79.9885	-79.9886	-79.9887	-79.989	-79.9893
0.815	-79.9984	-79.9942	-79.9917	-79.9903	-79.9895	-79.989	-79.9888	-79.9886	-79.9885	-79.9885	-79.9885	-79.9884	-79.9884	-79.9884	-79.9884	-79.9884	-79.9884	-79.9884	-79.9884	-79.9884	-79.9884	-79.9884	-79.9884	-79.9884	-79.9884	-79.9884	-79.9884	-79.9884	-79.9884	-79.9884	-79.9885	-79.9885	-79.9886	-79.9887	-79.9889	-79.9893
0.82	-79.9984	-79.9942	-79.9917	-79.9903	-79.9895	-79.989	-79.9887	-79.9886	-79.9885	-79.9885	-79.9884	-79.9884	-79.9884	-79.9884	-79.9884	-79.9884	-79.9884	-79.9884	-79.9884	-79.9884	-79.9884	-79.9884	-79.9884	-79.9884	-79.9884	-79.9884	-79.9884	-79.9884	-79.9884	-79.9884	-79.9885	-79.9885	-79.9886	-79.9887	-79.9889	-79.9893
0.825	-79.9984	-79.9942	-79.9917	-79.9903	-79.9895	-79.989	-79.9887	-79.9886	-79.9885	-79.9884	-79.9884	-79.9884	-79.9884	-79.9884	-79.9884	-79.9884	-79.9884	-79.9884	-79.9884	-79.9884	-79.9884	-79.9884	-79.9884	-79.9884	-79.9884	-79.9884	-79.9884	-79.9884	-79.9884	-79.9884	-79.9884	-79.9885	-79.9886	-79.9887	-79.9889	-79.9893
0.83	-79.9984	-79.9942	-79.9917	-79.9903	-79.9894	-79.989	-79.9887	-79.9886	-79.9885	-79.9884	-79.9884	-79.9884	-79.9884	-79.9884	-79.9884	-79.9884	-79.9884	-79.9884	-79.9884	-79.9884	-79.9884	-79.9884	-79.9884	-79.9884	-79.9884	-79.9884	-79.9884	-79.9884	-79.9884	-79.9884	-79.9884	-79.9885	-79.9885	-79.9887	-79.9889	-79.9893
0.835	-79.9984	-79.9942	-79.9917	-79.9903	-79.9894	-79.989	-79.9887	-79.9885	-79.9885	-79.9884	-79.9884	-79.9884	-79.9884	-79.9884	-79.9884	-79.9884	-79.9884	-79.9884	-79.9884	-79.9884	-79.9884	-79.9884	-79.9884	-79.9884	-79.9884	-79.9884	-79.9884	-79.9884	-79.9884	-79.9884	-79.9884	-79.9885	-79.9885	-79.9887	-79.9889	-79.9893
0.84	-79.9984	-79.9942	-79.9917	-79.9902	-79.9894	-79.989	-79.9887	-79.9885	-79.9884	-79.9884	-79.9884	-79.9884	-79.9883	-79.9883	-79.9883	-79.9883	-79.9883	-79.9883	-79.9883	-79.9883	-79.9883	-79.9883	-79.9883	-79.9883	-79.9883	-79.9883	-79.9883	-79.9883	-79.9884	-79.9884	-79.9884	-79.9884	-79.9885	-79.9886	-79.9889	-79.9892
0.845	-79.9984	-79.9941	-79.9917	-79.9902	-79.9894	-79.9889	-79.9887	-79.9885	-79.9884	-79.9884	-79.9884	-79.9883	-79.9883	-79.9883	-79.9883	-79.9883	-79.9883	-79.9883	-79.9883	-79.9883	-79.9883	-79.9883	-79.9883	-79.9883	-79.9883	-79.9883	-79.9883	-79.9883	-79.9883	-79.9884	-79.9884	-79.9884	-79.9885	-79.9886	-79.9888	-79.9892
0.85	-79.9984	-79.9941	-79.9917	-79.9902	-79.9894	-79.9889	-79.9887	-79.9885	-79.9884	-79.9884	-79.9883	-79.9883	-79.9883	-79.9883	-79.9883	-79.9883	-79.9883	-79.9883	-79.9883	-79.9883	-79.9883	-79.9883	-79.9883	-79.9883	-79.9883	-79.9883	-79.9883	-79.9883	-79.9883	-79.9883	-79.9884	-79.9884	-79.9885	-79.9886	-79.9888	-79.9892
0.855	-79.9984	-79.9941	-79.9917	-79.9902	-79.9894	-79.9889	-79.9886	-79.9885	-79.9884	-79.9884	-79.9883	-79.9883	-79.9883	-79.9883	-79.9883	-79.9883	-79.9883	-79.9883	-79.9883	-79.9883	-79.9883	-79.9883	-79.9883	-79.9883	-79.9883	-79.9883	-79.9883	-79.9883	-79.9883	-79.9883	-79.9883	-79.9884	-79.9885	-79.9886	-79.9888	-79.9892
0.86	-79.9984	-79.9941	-79.9916	-79.9902	-79.9894	-79.9889	-79.9886	-79.9885	-79.9884	-79.9883	-79.9883	-79.9883	-79.9883	-79.9883	-79.9883	-79.9883	-79.9883	-79.9883	-79.9883	-79.9883	-79.9883	-79.9883	-79.9883	-79.9883	-79.9883	-79.9883	-79.9883	-79.9883	-79.9883	-79.9883	-79.9883	-79.9884	-79.9885	-79.9886	-79.9888	-79.9892
0.865	-79.9984	-79.9941	-79.9916	-79.9902	-79.9894	-79.9889	-79.9886	-79.9885	-79.9884	-79.9883	-79.9883	-79.9883	-79.9883	-79.9883	-79.9883	-79.9883	-79.9883	-79.9883	-79.9883	-79.9883	-79.9883	-79.9883	-79.9883	-79.9883	-79.9883	-79.9883	-79.9883	-79.9883	-79.9883	-79.9883	-79.9883	-79.9884	-79.9884	-79.9886	-79.9888	-79.9892
0.87	-79.9984	-79.9941	-79.9916	-79.9902	-79.9894	-79.9889	-79.9886	-79.9884	-79.9884	-79.9883	-79.9883	-79.9883	-79.9883	-79.9883	-79.9883	-79.9883	-79.9883	-79.9883	-79.9883	-79.9883	-79.9883	-79.9883	-79.9883	-79.9883	-79.9883	-79.9883	-79.9883	-79.9883	-79.9883	-79.9883	-79.9883	-79.9883	-79.9884	-79.9886	-79.9888	-79.9892
0.875	-79.9984	-79.9941	-79.9916	-79.9902	-79.9893	-79.9889	-79.9886	-79.9884	-79.9883	-79.9883	-79.9883	-79.9883	-79.9882	-79.9882	-79.9882	-79.9882	-79.9882	-79.9882	-79.9882	-79.9882	-79.9882	-79.9882	-79.9882	-79.9882	-79.9882	-79.9882	-79.9882	-79.9882	-79.9883	-79.9883	-79.9883	-79.9883	-79.9884	-79.9885	-79.9888	-79.9892
0.88	-79.9984	-79.9941	-79.9916	-79.9902	-79.9893	-79.9889	-79.9886	-79.9884	-79.9883	-79.9883	-79.9883	-79.9882	-79.9882	-79.9882	-79.9882	-79.9882	-79.9882	-79.9882	-79.9882	-79.9882	-79.9882	-79.9882	-79.9882	-79.9882	-79.9882	-79.9882	-79.9882	-79.9882	-79.9882	-79.9883	-79.9883	-79.9883	-79.9884	-79.9885	-79.9888	-79.9891
0.885	-79.9984	-79.9941	-79.9916	-79.9902	-79.9893	-79.9888	-79.9886	-79.9884	-79.9883	-79.9883	-79.9882	-79.9882	-79.9882	-79.9882	-79.9882	-79.9882	-79.9882	-79.9882	-79.9882	-79.9882	-79.9882	-79.9882	-79.9882	-79.9882	-79.9882	-79.9882	-79.9882	-79.9882	-79.9882	-79.9882	-79.9883	-79.9883	-79.9884	-79.9885	-79.9887	-79.9891
0.89	-79.9984	-79.9941	-79.9916	-79.9902	-79.9893	-79.9888	-79.9885	-79.9884	-79.9883	-79.9883	-79.9882	-79.9882	-79.9882	-79.9882	-79.9882	-79.9882	-79.9882	-79.9882	-79.9882	-79.9882	-79.9882	-79.9882	-79.9882	-79.9882	-79.9882	-79.9882	-79.9882	-79.9882	-79.9882	-79.9882	-79.9883	-79.9883	-79.9884	-79.9885	-79.9887	-79.9891
0.895	-79.9984	-79.9941	-79.9916	-79.9901	-79.9893	-79.9888	-79.9885	-79.9884	-79.9883	-79.9882	-79.9882	-79.9882	-79.9882	-79.9882	-79.9882	-79.9882	-79.9882	-79.9882	-79.9882	-79.9882	-79.9882	-79.9882	-79.9882	-79.9882	-79.9882	-79.9882	-79.9882	-79.9882	-79.9882	-79.9882	-79.9882	-79.9883	-79.9883	-79.9885	-79.9887	-79.9891
0.9	-79.9984	-79.9941	-79.9916	-79.9901	-79.9893	-79.9888	-79.9885	-79.9884	-79.9883	-79.9882	-79.9882	-79.9882	-79.9882	-79.9882	-79.9882	-79.9882	-79.9882	-79.9882	-79.9882	-79.9882	-79.9882	-79.9882	-79.9882	-79.9882	-79.9882	-79.9882	-79.9882	-79.9882	-79.9882	-79.9882	-79.9882	-79.9883	-79.9883	-79.9885	-79.9887	-79.9891
0.905	-79.9984	-79.9941	-79.9916	-79.9901	-79.9893	-79.9888	-79.9885	-79.9883	-79.9883	-79.9882	-79.9882	-79.9882	-79.9882	-79.9882	-79.9882	-79.9882	-79.9882	-79.9882	-79.9882	-79.9882	-79.9882	-79.9882	-79.9882	-79.9882	-79.9882	-79.9882	-79.9882	-79.9882	-79.9882	-79.9882	-79.9882	-79.9883	-79.9883	-79.9885	-79.9887	-79.9891
0.91	-79.9984	-79.9941	-79.9916	-79.9901	-79.9893	-79.9888	-79.9885	-79.9883	-79.9883	-79.9882	-79.9882	-79.9882	-79.9881	-79.9881	-79.9881	-79.9881	-79.9881	-79.9881	-79.9881	-79.9881	-79.9881	-79.9881	-79.9881	-79.9881	-79.9881	-79.9881	-79.9881	-79.9881	-79.9882	-79.9882	-79.9882	-79.9882	-79.9883	-79.9884	-79.9887	-79.9891
0.915	-79.9984	-79.9941	-79.9916	-79.9901	-79.9893	-79.9888	-79.9885	-79.9883	-79.9882	-79.9882	-79.9882	-79.9881	-79.9881	-79.9881	-79.9881	-79.9881	-79.9881	-79.9881	-79.9881	-79.9881	-79.9881	-79.9881	-79.9881	-79.9881	-79.9881	-79.9881	-79.9881	-79.9881	-79.9881	-79.9882	-79.9882	-79.9882	-79.9883	-79.9884	-79.9887	-79.989
0.92	-79.9984	-79.9941	-79.9916	-79.9901	-79.9892	-79.9888	-79.9885	-79.9883	-79.9882	-79.9882	-79.9881	-79.9881	-79.9881	-79.9881	-79.9881	-79.9881	-79.9881	-79.9881	-79.9881	-79.9881	-79.9881	-79.9881	-79.9881	-79.9881	-79.9881	-79.9881	-79.9881	-79.9881	-79.9881	-79.9881	-79.9882	-79.9882	-79.9883	-79.9884	-79.9886	-79.989
0.925	-79.9984	-79.9941	-79.9916	-79.9901	-79.9892	-79.9887	-79.9885	-79.9883	-79.9882	-79.9882	-79.9881	-79.9881	-79.9881	-79.9881	-79.9881	-79.9881	-79.9881	-79.9881	-79.9881	-79.9881	-79.9881	-79.9881	-79.9881	-79.9881	-79.9881	-79.9881	-79.9881	-79.9881	-79.9881	-79.9881	-79.9882	-79.9882	-79.9883	-79.9884	-79.9886	-79.989
0.93	-79.9984	-79.9941	-79.9915	-79.9901	-79.9892	-79.9887	-79.9884	-79.9883	-79.9882	-79.9881	-79.9881	-79.9881	-79.9881	-79.9881	-79.9881	-79.9881	-79.9881	-79.9881	-79.9881	-79.9881	-79.9881	-79.9881	-79.9881	-79.9881	-79.9881	-79.9881	-79.9881	-79.9881	-79.9881	-79.9881	-79.9881	-79.9882	-79.9883	-79.9884	-79.9886	-79.989
0.935	-79.9984	-79.9941	-79.9915	-79.9901	-79.9892	-79.9887	-79.9884	-79.9883	-79.9882	-79.9881	-79.9881	-79.9881	-79.9881	-79.9881	-79.9881	-79.9881	-79.9881	-79.9881	-79.9881	-79.9881	-79.9881	-79.9881	-79.9881	-79.9881	-79.9881	-79.9881	-79.9881	-79.9881	-79.9881	-79.9881	-79.9881	-79.9882	-79.9882	-79.9884	-79.9886	-79.989
0.94	-79.9984	-79.9941	-79.9915	-79.9901	-79.9892	-79.9887	-79.9884	-79.9883	-79.9882	-79.9881	-79.9881	-79.9881	-79.9881	-79.9881	-79.9881	-79.9881	-79.988	-79.988	-79.988	-79.988	-79.988	-79.988	-79.988	-79.988	-79.9881	-79.9881	-79.9881	-79.9881	-79.9881	-79.9881	-79.9881	-79.9882	-79.9882	-79.9884	-79.9886	-79.989
0.945	-79.9984	-79.9941	-79.9915	-79.99	-79.9892	-79.9887	-79.9884	-79.9882	-79.9882	-79.9881	-79.9881	-79.9881	-79.988	-79.988	-79.988	-79.988	-79.988	-79.988	-79.988	-79.988	-79.988	-79.988	-79.988	-79.988	-79.988	-79.988	-79.988	-79.988	-79.9881	-79.9881	-79.9881	-79.9881	-79.9882	-79.9883	-79.9886	-79.989
0.95	-79.9984	-79.9941	-79.9915	-79.99	-79.9892	-79.9887	-79.9884	-79.9882	-79.9881	-79.9881	-79.9881	-79.988	-79.988	-79.988	-79.988	-79.988	-79.988	-79.988	-79.988	-79.988	-79.988	-79.988	-79.988	-79.988	-79.988	-79.988	-79.988	-79.988	-79.988	-79.9881	-79.9881	-79.9881	-79.9882	-79.9883	-79.9886	-79.989
0.955	-79.9984	-79.9941	-79.9915	-79.99	-79.9892	-79.9887	-79.9884	-79.9882	-79.9881	-79.9881	-79.988	-79.988	-79.988	-79.988	-79.988	-79.988	-79.988	-79.988	-79.988	-79.988	-79.988	-79.988	-79.988	-79.988	-79.988	-79.988	-79.988	-79.988	-79.988	-79.988	-79.9881	-79.9881	-79.9882	-79.9883	-79.9885	-79.9889
0.96	-79.9984	-79.9941	-79.9915	-79.99	-79.9892	-79.9887	-79.9884	-79.9882	-79.9881	-79.9881	-79.988	-79.988	-79.988	-79.988	-79.988	-79.988	-79.988	-79.988	-79.988	-79.988	-79.988	-79.988	-79.988	-79.988	-79.988	-79.988	-79.988	-79.988	-79.988	-79.988	-79.9881	-79.9881	-79.9882	-79.9883	-79.9885	-79.9889
0.965	-79.9984	-79.994	-79.9915	-79.99	-79.9891	-79.9886	-79.9884	-79.9882	-79.9881	-79.988	-79.988	-79.988	-79.988	-79.988	-79.988	-79.988	-79.988	-79.988	-79.988	-79.988	-79.988	-79.988	-79.988	-79.988	-79.988	-79.988	-79.988	-79.988	-79.988	-79.988	-79.988	-79.9881	-79.9882	-79.9883	-79.9885	-79.9889
0.97	-79.9984	-79.994	-79.9915	-79.99	-79.9891	-79.9886	-79.9883	-79.9882	-79.9881	-79.988	-79.988	-79.988	-79.988	-79.988	-79.988	-79.988	-79.988	-79.988	-79.988	-79.988	-79.988	-79.988	-79.988	-79.988	-79.988	-79.988	-79.988	-79.988	-79.988	-79.988	-79.988	-79.9881	-79.9881	-79.9883	-79.9885	-79.9889
0.975	-79.9984	-79.994	-79.9915	-79.99	-79.9891	-79.9886	-79.9883	-79.9882	-79.9881	-79.988	-79.988	-79.988	-79.988	-79.988	-79.988	-79.988	-79.988	-79.988	-79.988	-79.988	-79.988	-79.988	-79.988	-79.988	-79.988	-79.988	-79.988	-79.988	-79.988	-79.988	-79.988	-79.9881	-79.9881	-79.9883	-79.9885	-79.9889
0.98	-79.9984	-79.994	-79.9915	-79.99	-79.9891	-79.9886	-79.9883	-79.9882	-79.9881	-79.988	-79.988	-79.988	-79.9879	-79.9879	-79.9879	-79.9879	-79.9879	-79.9879	-79.9879	-79.9879	-79.9879	-79.9879	-79.9879	-79.9879	-79.9879	-79.9879	-79.9879	-79.9879	-79.988	-79.988	-79.988	-79.988	-79.9881	-79.9883	-79.9885	-79.9889
0.985	-79.9984	-79.994	-79.9915	-79.99	-79.9891	-79.9886	-79.9883	-79.9881	-79.988	-79.988	-79.988	-79.9879	-79.9879	-79.9879	-79.9879	-79.9879	-79.9879	-79.9879	-79.9879	-79.9879	-79.9879	-79.9879	-79.9879	-79.9879	-79.9879	-79.9879	-79.9879	-79.9879	-79.9879	-79.988	-79.988	-79.988	-79.9881	-79.9882	-79.9885	-79.9889
0.99	-79.9984	-79.994	-79.9915	-79.99	-79.9891	-79.9886	-79.9883	-79.9881	-79.988	-79.988	-79.9879	-79.9879	-79.9879	-79.9879	-79.9879	-79.9879	-79.9879	-79.9879	-79.9879	-79.9879	-79.9879	-79.9879	-79.9879	-79.9879	-79.9879	-79.9879	-79.9879	-79.9879	-79.9879	-79.9879	-79.988	-79.988	-79.9881	-79.9882	-79.9885	-79.9889
0.995	-79.9984	-79.994	-79.9915	-79.99	-79.9891	-79.9886	-79.9883	-79.9881	-79.988	-79.988	-79.9879	-79.9879	-79.9879	-79.9879	-79.9879	-79.9879	-79.9879	-79.9879	-79.9879	-79.9879	-79.9879	-79.9879	-79.9879	-79.9879	-79.9879	-79.9879	-79.9879	-79.9879	-79.9879	-79.9879	-79.988	-79.988	-79.9881	-79.9882	-79.9884	-79.9888
1	-79.9984	-79.994	-79.9915	-79.9899	-79.9891	-79.9886	-79.9883	-79.9881	-79.988	-79.988	-79.9879	-79.9879	-79.9879	-79.9879	-79.9879	-79.9879	-79.9879	-79.9879	-79.9879	-79.9879	-79.9879	-79.9879	-79.9879	-79.9879	-79.9879	-79.9879	-79.9879	-79.9879	-79.9879	-79.9879	-79.9879	-79.988	-79.9881	-79.9882	-79.9884	-79.9888
1.005	-13.3331	-71.2625	-78.8478	-79.8401	-79.9694	-79.986	-79.9879	-79.988	-79.988	-79.9879	-79.9879	-79.9879	-79.9879	-79.9879	-79.9879	-79.9879	-79.9879	-79.9879	-79.9879	-79.9879	-79.9879	-79.9879	-79.9879	-79.9879	-79.9879	-79.9879	-79.9879	-79.9879	-79.9879	-79.9879	-79.9879	-79.988	-79.9881	-79.9882	-79.9884	-79.9888
1.01	-2.22221	-62.493	-76.7416	-79.4389	-79.9004	-79.9748	-79.9862	-79.9878	-79.9879	-79.9879	-79.9879	-79.9879	-79.9879	-79.9879	-79.9879	-79.9879	-79.9879	-79.9879	-79.9879	-79.9879	-79.9879	-79.9879	-79.9879	-79.9879	-79.9879	-79.9879	-79.9879	-79.9879	-79.9879	-79.9879	-79.9879	-79.988	-79.988	-79.9882	-79.9884	-79.9888
1.015	-0.370362	-56.284	-74.3478	-78.8133	-79.7639	-79.9479	-79.9812	-79.9869	-79.9878	-79.9879	-79.9879	-79.9879	-79.9879	-79.9878	-79.9878	-79.9878	-79.9878	-79.9878	-79.9878	-79.9878	-79.9878	-79.9878	-79.9878	-79.9878	-79.9878	-79.9878	-79.9878	-79.9879	-79.9879	-79.9879	-79.9879	-79.988	-79.988	-79.9882	-79.9884	-79.9888
1.02	-0.0616928	-52.1275	-72.1036	-78.0557	-79.5608	-79.9006	-79.9712	-79.9849	-79.9874	-79.9878	-79.9879	-79.9878	-79.9878	-79.9878	-79.9878	-79.9878	-79.9878	-79.9878	-79.9878	-79.9878	-79.9878	-79.9878	-79.9878	-79.9878	-79.9878	-79.9878	-79.9878	-79.9878	-79.9878	-79.9879	-79.9879	-79.9879	-79.988	-79.9882	-79.9884	-79.9888
1.025	13.035	-47.432	-69.9225	-77.2237	-79.3017	-79.831	-79.9544	-79.9811	-79.9866	-79.9876	-79.9878	-79.9878	-79.9878	-79.9878	-79.9878	-79.9878	-79.9878	-79.9878	-79.9878	-79.9878	-79.9878	-79.9878	-79.9878	-79.9878	-79.9878	-79.9878	-79.9878	-79.9878	-79.9878	-79.9879	-79.9879	-79.9879	-79.988	-79.9881	-79.9884	-79.9888
1.03	17.9487	-42.8034	-67.7524	-76.3425	-78.9974	-79.7395	-79.9298	-79.9751	-79.9852	-79.9873	-79.9877	-79.9878	-79.9878	-79.9878	-79.9878	-79.9878	-79.9878	-79.9878	-79.9878	-79.9878	-79.9878	-79.9878	-79.9878	-79.9878	-79.9878	-79.9878	-79.9878	-79.9878	-79.9878	-79.9878	-79.9879	-79.9879	-79.988	-79.9881	-79.9884	-79.9888
1.035	19.6933	-38.3228	-65.5838	-75.4241	-78.6566	-79.6279	-79.8969	-79.9662	-79.983	-79.9868	-79.9876	-79.9878	-79.9878	-79.9878	-79.9878	-79.9878	-79.9878	-79.9878	-79.9878	-79.9878	-79.9878	-79.9878	-79.9878	-79.9878	-79.9878	-79.9878	-79.9878	-79.9878	-79.9878	-79.9878	-79.9879	-79.9879	-79.988	-79.9881	-79.9883	-79.9888
1.04	20.2996	-33.4159	-63.3395	-74.4654	-78.2842	-79.4978	-79.8557	-79.9543	-79.9797	-79.986	-79.9874	-79.9877	-79.9878	-79.9878	-79.9878	-79.9878	-79.9878	-79.9878	-79.9878	-79.9878	-79.9878	-79.9878	-79.9878	-79.9878	-79.9878	-79.9878	-79.9878	-79.9878	-79.9878	-79.9878	-79.9878	-79.9879	-79.988	-79.9881	-79.9883	-79.9887
1.045	20.6777	-27.2773	-60.8466	-73.4399	-77.8798	-79.3502	-79.8063	-79.939	-79.9753	-79.9848	-79.9871	-79.9876	-79.9877	-79.9878	-79.9878	-79.9878	-79.9878	-79.9878	-79.9878	-79.9878	-79.9878	-79.9878	-79.9878	-79.9878	-79.9878	-79.9878	-79.9878	-79.9878	-79.9878	-79.9878	-79.9878	-79.9879	-79.988	-79.9881	-79.9883	-79.9887
1.05	21.293	-19.2123	-57.8725	-72.2958	-77.4353	-79.1846	-79.7485	-79.9202	-79.9696	-79.9831	-79.9866	-79.9875	-79.9877	-79.9877	-79.9878	-79.9878	-79.9878	-79.9878	-79.9877	-79.9877	-79.9877	-79.9877	-79.9878	-79.9878	-79.9878	-79.9878	-79.9878	-79.9878	-79.9878	-79.9878	-79.9878	-79.9879	-79.9879	-79.9881	-79.9883	-79.9887
1.055	22.3738	-9.27592	-54.2357	-70.9699	-76.9359	-78.9983	-79.6819	-79.8977	-79.9625	-79.981	-79.986	-79.9873	-79.9876	-79.9877	-79.9877	-79.9877	-79.9877	-79.9877	-79.9877	-79.9877	-79.9877	-79.9877	-79.9877	-79.9877	-79.9877	-79.9877	-79.9877	-79.9877	-79.9878	-79.9878	-79.9878	-79.9878	-79.9879	-79.9881	-79.9883	-79.9887
1.06	23.8286	0.760719	-50.0047	-69.4251	-76.3655	-78.7872	-79.6056	-79.8713	-79.9538	-79.9783	-79.9852	-79.9871	-79.9876	-79.9877	-79.9877	-79.9877	-79.9877	-79.9877	-79.9877	-79.9877	-79.9877	-79.9877	-79.9877	-79.9877	-79.9877	-79.9877	-79.9877	-79.9877	-79.9877	-79.9878	-79.9878	-79.9878	-79.9879	-79.9881	-79.9883	-79.9887
1.065	25.2361	8.23144	-45.5188	-67.6822	-75.7157	-78.547	-79.5182	-79.8405	-79.9434	-79.9749	-79.9842	-79.9868	-79.9875	-79.9877	-79.9877	-79.9877	-79.9877	-79.9877	-79.9877	-79.9877	-79.9877	-79.9877	-79.9877	-79.9877	-79.9877	-79.9877	-79.9877	-79.9877	-79.9877	-79.9877	-79.9878	-79.9878	-79.9879	-79.988	-79.9883	-79.9887
1.07	26.1991	12.3976	-40.9935	-65.7882	-74.9872	-78.2748	-79.4185	-79.8049	-79.9311	-79.9708	-79.9828	-79.9864	-79.9873	-79.9876	-79.9877	-79.9877	-79.9877	-79.9877	-79.9877	-79.9877	-79.9877	-79.9877	-79.9877	-79.9877	-79.9877	-79.9877	-79.9877	-79.9877	-79.9877	-79.9877	-79.9878	-79.9878	-79.9879	-79.988	-79.9883	-79.9887
1.075	26.6085	14.3567	-36.217	-63.7461	-74.1819	-77.969	-79.3052	-79.7639	-79.9167	-79.9659	-79.9813	-79.9859	-79.9872	-79.9876	-79.9877	-79.9877	-79.9877	-79.9877	-79.9877	-79.9877	-79.9877	-79.9877	-79.9877	-79.9877	-79.9877	-79.9877	-79.9877	-79.9877	-79.9877	-79.9877	-79.9877	-79.9878	-79.9879	-79.988	-79.9883	-79.9887
1.08	26.5699	15.2773	-30.625	-61.4717	-73.2894	-77.6269	-79.1771	-79.717	-79.9	-79.9602	-79.9793	-79.9852	-79.987	-79.9875	-79.9876	-79.9877	-79.9877	-79.9877	-79.9877	-79.9877	-79.9877	-79.9877	-79.9877	-79.9877	-79.9877	-79.9877	-79.9877	-79.9877	-79.9877	-79.9877	-79.9877	-79.9878	-79.9879	-79.988	-79.9882	-79.9886
1.085	26.2538	15.8839	-23.5472	-58.7981	-72.2781	-77.2424	-79.0325	-79.6637	-79.8808	-79.9534	-79.977	-79.9845	-79.9867	-79.9874	-79.9876	-79.9876	-79.9877	-79.9877	-79.9877	-79.9877	-79.9877	-79.9877	-79.9877	-79.9877	-79.9877	-79.9877	-79.9877	-79.9877	-79.9877	-79.9877	-79.9877	-79.9878	-79.9879	-79.988	-79.9882	-79.9886
1.09	25.8148	16.5724	-14.6419	-55.538	-71.0982	-76.8039	-78.8687	-79.603	-79.8587	-79.9456	-79.9743	-79.9835	-79.9864	-79.9873	-79.9875	-79.9876	-79.9876	-79.9876	-79.9876	-79.9876	-79.9876	-79.9876	-79.9876	-79.9876	-79.9876	-79.9877	-79.9877	-79.9877	-79.9877	-79.9877	-79.9877	-79.9878	-79.9878	-79.988	-79.9882	-79.9886
1.095	25.359	17.4739	-4.7415	-51.6342	-69.7042	-76.2968	-78.6814	-79.5338	-79.8334	-79.9365	-79.9711	-79.9824	-79.9861	-79.9872	-79.9875	-79.9876	-79.9876	-79.9876	-79.9876	-79.9876	-79.9876	-79.9876	-79.9876	-79.9876	-79.9876	-79.9876	-79.9876	-79.9876	-79.9877	-79.9877	-79.9877	-79.9877	-79.9878	-79.988	-79.9882	-79.9886
1.1	24.9205	18.4303	3.83079	-47.2993	-68.0916	-75.7095	-78.4662	-79.4547	-79.8044	-79.926	-79.9674	-79.9811	-79.9856	-79.987	-79.9874	-79.9876	-79.9876	-79.9876	-79.9876	-79.9876	-79.9876	-79.9876	-79.9876	-79.9876	-79.9876	-79.9876	-79.9876	-79.9876	-79.9876	-79.9877	-79.9877	-79.9877	-79.9878	-79.988	-79.9882	-79.9886
1.105	24.4662	19.1463	9.31878	-42.8226	-66.2978	-75.0391	-78.2194	-79.364	-79.7712	-79.914	-79.9631	-79.9796	-79.9851	-79.9868	-79.9874	-79.9875	-79.9876	-79.9876	-79.9876	-79.9876	-79.9876	-79.9876	-79.9876	-79.9876	-79.9876	-79.9876	-79.9876	-79.9876	-79.9876	-79.9876	-79.9877	-79.9877	-79.9878	-79.9879	-79.9882	-79.9886
1.11	23.9387	19.4531	12.0959	-38.1872	-64.3477	-74.2873	-77.9385	-79.2603	-79.7332	-79.9001	-79.9581	-79.9779	-79.9845	-79.9866	-79.9873	-79.9875	-79.9876	-79.9876	-79.9876	-79.9876	-79.9876	-79.9876	-79.9876	-79.9876	-79.9876	-79.9876	-79.9876	-79.9876	-79.9876	-79.9876	-79.9877	-79.9877	-79.9878	-79.9879	-79.9882	-79.9886
1.115	23.2994	19.3658	13.3571	-32.9807	-62.1965	-73.4497	-77.6215	-79.1423	-79.6897	-79.8842	-79.9523	-79.9758	-79.9837	-79.9864	-79.9872	-79.9875	-79.9875	-79.9876	-79.9876	-79.9876	-79.9876	-79.9876	-79.9876	-79.9876	-79.9876	-79.9876	-79.9876	-79.9876	-79.9876	-79.9876	-79.9877	-79.9877	-79.9878	-79.9879	-79.9882	-79.9886
1.12	22.5411	18.991	14.0121	-26.5732	-59.7133	-72.5042	-77.2636	-79.0083	-79.6401	-79.866	-79.9457	-79.9734	-79.9829	-79.9861	-79.9871	-79.9874	-79.9875	-79.9876	-79.9876	-79.9876	-79.9876	-79.9876	-79.9876	-79.9876	-79.9876	-79.9876	-79.9876	-79.9876	-79.9876	-79.9876	-79.9876	-79.9877	-79.9878	-79.9879	-79.9882	-79.9886
1.125	21.6804	18.4479	14.5899	-18.4477	-56.7152	-71.4086	-76.8558	-78.8561	-79.5835	-79.8452	-79.9381	-79.9707	-79.9819	-79.9857	-79.987	-79.9874	-79.9875	-79.9875	-79.9876	-79.9876	-79.9876	-79.9876	-79.9876	-79.9876	-79.9876	-79.9876	-79.9876	-79.9876	-79.9876	-79.9876	-79.9876	-79.9877	-79.9878	-79.9879	-79.9881	-79.9885
1.13	20.7445	17.8316	15.3368	-8.86969	-53.0775	-70.1134	-76.3843	-78.682	-79.5191	-79.8214	-79.9294	-79.9675	-79.9808	-79.9853	-79.9868	-79.9873	-79.9875	-79.9875	-79.9875	-79.9875	-79.9875	-79.9875	-79.9875	-79.9875	-79.9875	-79.9876	-79.9876	-79.9876	-79.9876	-79.9876	-79.9876	-79.9877	-79.9877	-79.9879	-79.9881	-79.9885
1.135	19.7598	17.1931	16.2118	0.376725	-48.9012	-68.5956	-75.8358	-78.4815	-79.4452	-79.7942	-79.9194	-79.9639	-79.9794	-79.9848	-79.9866	-79.9872	-79.9874	-79.9875	-79.9875	-79.9875	-79.9875	-79.9875	-79.9875	-79.9875	-79.9875	-79.9875	-79.9875	-79.9875	-79.9876	-79.9876	-79.9876	-79.9877	-79.9877	-79.9879	-79.9881	-79.9885
1.14	18.7424	16.5315	16.9502	7.05152	-44.4785	-66.8787	-75.2039	-78.2504	-79.3604	-79.763	-79.908	-79.9597	-79.9779	-79.9843	-79.9864	-79.9872	-79.9874	-79.9875	-79.9875	-79.9875	-79.9875	-79.9875	-79.9875	-79.9875	-79.9875	-79.9875	-79.9875	-79.9875	-79.9875	-79.9876	-79.9876	-79.9876	-79.9877	-79.9879	-79.9881	-79.9885
1.145	17.6955	15.8158	17.3204	10.7293	-39.9344	-64.9976	-74.4893	-77.9859	-79.2632	-79.7272	-79.8948	-79.9549	-79.9762	-79.9836	-79.9862	-79.9871	-79.9874	-79.9875	-79.9875	-79.9875	-79.9875	-79.9875	-79.9875	-79.9875	-79.9875	-79.9875	-79.9875	-79.9875	-79.9875	-79.9875	-79.9876	-79.9876	-79.9877	-79.9879	-79.9881	-79.9885
1.15	16.6144	15.0173	17.2751	12.4439	-35.0014	-62.9376	-73.6908	-77.6859	-79.152	-79.6863	-79.8798	-79.9494	-79.9742	-79.9829	-79.9859	-79.987	-79.9873	-79.9874	-79.9875	-79.9875	-79.9875	-79.9875	-79.9875	-79.9875	-79.9875	-79.9875	-79.9875	-79.9875	-79.9875	-79.9875	-79.9876	-79.9876	-79.9877	-79.9878	-79.9881	-79.9885
1.155	15.4929	14.126	16.8979	13.2453	-29.1144	-60.6002	-72.7936	-77.3469	-79.0256	-79.6395	-79.8626	-79.943	-79.9718	-79.982	-79.9856	-79.9869	-79.9873	-79.9874	-79.9875	-79.9875	-79.9875	-79.9875	-79.9875	-79.9875	-79.9875	-79.9875	-79.9875	-79.9875	-79.9875	-79.9875	-79.9876	-79.9876	-79.9877	-79.9878	-79.9881	-79.9885
1.16	14.3283	13.1503	16.3097	13.7938	-21.6736	-57.8168	-71.763	-76.9616	-78.8818	-79.5862	-79.8429	-79.9358	-79.9692	-79.9811	-79.9853	-79.9867	-79.9872	-79.9874	-79.9874	-79.9875	-79.9875	-79.9875	-79.9875	-79.9875	-79.9875	-79.9875	-79.9875	-79.9875	-79.9875	-79.9875	-79.9875	-79.9876	-79.9877	-79.9878	-79.9881	-79.9885
1.165	13.1223	12.1081	15.6177	14.4405	-12.5594	-54.4256	-70.55	-76.5176	-78.7175	-79.5253	-79.8204	-79.9275	-79.9661	-79.98	-79.9849	-79.9866	-79.9872	-79.9874	-79.9874	-79.9875	-79.9875	-79.9875	-79.9875	-79.9875	-79.9875	-79.9875	-79.9875	-79.9875	-79.9875	-79.9875	-79.9875	-79.9876	-79.9877	-79.9878	-79.9881	-79.9885
1.17	11.8805	11.0196	14.891	15.2565	-2.9649	-50.4297	-69.118	-76.001	-78.5285	-79.4556	-79.7946	-79.918	-79.9627	-79.9787	-79.9844	-79.9864	-79.9871	-79.9873	-79.9874	-79.9874	-79.9874	-79.9874	-79.9875	-79.9875	-79.9875	-79.9875	-79.9875	-79.9875	-79.9875	-79.9875	-79.9875	-79.9876	-79.9877	-79.9878	-79.988	-79.9885
1.175	10.6099	9.89983	14.1471	16.0412	4.78162	-46.0763	-67.4739	-75.4022	-78.3102	-79.3755	-79.7652	-79.9072	-79.9587	-79.9772	-79.9838	-79.9862	-79.987	-79.9873	-79.9874	-79.9874	-79.9874	-79.9874	-79.9874	-79.9874	-79.9874	-79.9874	-79.9874	-79.9875	-79.9875	-79.9875	-79.9875	-79.9876	-79.9876	-79.9878	-79.988	-79.9884
1.18	9.31648	8.75549	13.3622	16.5238	9.46347	-41.5907	-65.6547	-74.7199	-78.0593	-79.2835	-79.7313	-79.8947	-79.9541	-79.9755	-79.9832	-79.986	-79.9869	-79.9873	-79.9874	-79.9874	-79.9874	-79.9874	-79.9874	-79.9874	-79.9874	-79.9874	-79.9874	-79.9874	-79.9874	-79.9875	-79.9875	-79.9875	-79.9876	-79.9878	-79.988	-79.9884
1.185	8.00454	7.58657	12.5043	16.5884	11.7565	-36.8519	-63.669	-73.9547	-77.7737	-79.1781	-79.6926	-79.8804	-79.9488	-79.9736	-79.9825	-79.9857	-79.9868	-79.9872	-79.9874	-79.9874	-79.9874	-79.9874	-79.9874	-79.9874	-79.9874	-79.9874	-79.9874	-79.9874	-79.9874	-79.9875	-79.9875	-79.9875	-79.9876	-79.9878	-79.988	-79.9884
1.19	6.67626	6.39074	11.5569	16.2818	12.7947	-31.3837	-61.45	-73.098	-77.4505	-79.0579	-79.6482	-79.8641	-79.9428	-79.9714	-79.9817	-79.9854	-79.9867	-79.9872	-79.9873	-79.9874	-79.9874	-79.9874	-79.9874	-79.9874	-79.9874	-79.9874	-79.9874	-79.9874	-79.9874	-79.9874	-79.9875	-79.9875	-79.9876	-79.9878	-79.988	-79.9884
1.195	5.33283	5.16687	10.5232	15.719	13.3767	-24.564	-58.8505	-72.1223	-77.0841	-78.9212	-79.5975	-79.8454	-79.9359	-79.9688	-79.9808	-79.985	-79.9866	-79.9871	-79.9873	-79.9874	-79.9874	-79.9874	-79.9874	-79.9874	-79.9874	-79.9874	-79.9874	-79.9874	-79.9874	-79.9874	-79.9875	-79.9875	-79.9876	-79.9877	-79.988	-79.9884
1.2	3.97543	3.91653	9.41967	15.0154	13.9562	-16.0193	-55.6933	-70.9821	-76.6638	-78.7653	-79.5397	-79.824	-79.928	-79.9659	-79.9797	-79.9846	-79.9864	-79.987	-79.9873	-79.9873	-79.9874	-79.9874	-79.9874	-79.9874	-79.9874	-79.9874	-79.9874	-79.9874	-79.9874	-79.9874	-79.9874	-79.9875	-79.9876	-79.9877	-79.988	-79.9884
1.205	2.60586	2.64378	8.26713	14.2568	14.7097	-6.38465	-51.9026	-69.6325	-76.1758	-78.5862	-79.4736	-79.7996	-79.919	-79.9626	-79.9784	-79.9842	-79.9862	-79.987	-79.9872	-79.9873	-79.9874	-79.9874	-79.9874	-79.9874	-79.9874	-79.9874	-79.9874	-79.9874	-79.9874	-79.9874	-79.9874	-79.9875	-79.9876	-79.9877	-79.988	-79.9884
1.21	1.22665	1.35398	7.08352	13.4801	15.525	2.2529	-47.6473	-68.0632	-75.608	-78.3793	-79.3976	-79.7716	-79.9087	-79.9588	-79.977	-79.9837	-79.986	-79.9869	-79.9872	-79.9873	-79.9873	-79.9874	-79.9874	-79.9874	-79.9874	-79.9874	-79.9874	-79.9874	-79.9874	-79.9874	-79.9874	-79.9875	-79.9876	-79.9877	-79.988	-79.9884
1.215	-0.159125	0.0523143	5.8788	12.6738	16.1251	8.02368	-43.205	-66.305	-74.9565	-78.141	-79.3103	-79.7395	-79.8969	-79.9544	-79.9754	-79.9831	-79.9858	-79.9868	-79.9872	-79.9873	-79.9873	-79.9873	-79.9874	-79.9874	-79.9874	-79.9874	-79.9874	-79.9874	-79.9874	-79.9874	-79.9874	-79.9875	-79.9876	-79.9877	-79.9879	-79.9884
1.22	-1.54835	-1.25724	4.65509	11.8054	16.3268	11.0378	-38.5972	-64.3837	-74.2223	-77.8685	-79.2101	-79.7027	-79.8833	-79.9494	-79.9736	-79.9824	-79.9856	-79.9867	-79.9871	-79.9873	-79.9873	-79.9873	-79.9873	-79.9873	-79.9873	-79.9873	-79.9873	-79.9874	-79.9874	-79.9874	-79.9874	-79.9875	-79.9875	-79.9877	-79.9879	-79.9883
1.225	-2.93819	-2.57204	3.41052	10.8518	16.1276	12.4142	-33.46	-62.2622	-73.4013	-77.5597	-79.0956	-79.6605	-79.8678	-79.9437	-79.9715	-79.9816	-79.9853	-79.9866	-79.9871	-79.9872	-79.9873	-79.9873	-79.9873	-79.9873	-79.9873	-79.9873	-79.9873	-79.9873	-79.9874	-79.9874	-79.9874	-79.9874	-79.9875	-79.9877	-79.9879	-79.9883
1.23	-4.32623	-3.89037	2.14348	9.80972	15.6279	13.0917	-27.1936	-59.8203	-72.4733	-77.2102	-78.9653	-79.6122	-79.85	-79.9371	-79.9691	-79.9807	-79.9849	-79.9865	-79.987	-79.9872	-79.9873	-79.9873	-79.9873	-79.9873	-79.9873	-79.9873	-79.9873	-79.9873	-79.9873	-79.9874	-79.9874	-79.9874	-79.9875	-79.9877	-79.9879	-79.9883
1.235	-5.71046	-5.21077	0.854807	8.69208	14.9478	13.635	-19.2724	-56.8815	-71.3985	-76.8111	-78.8169	-79.5572	-79.8296	-79.9296	-79.9663	-79.9797	-79.9845	-79.9863	-79.9869	-79.9872	-79.9873	-79.9873	-79.9873	-79.9873	-79.9873	-79.9873	-79.9873	-79.9873	-79.9873	-79.9873	-79.9874	-79.9874	-79.9875	-79.9877	-79.9879	-79.9883
1.24	-7.08906	-6.53158	-0.451981	7.51927	14.1863	14.3201	-9.86696	-53.3141	-70.1282	-76.3494	-78.6468	-79.4943	-79.8064	-79.9211	-79.9631	-79.9785	-79.9841	-79.9861	-79.9869	-79.9871	-79.9872	-79.9873	-79.9873	-79.9873	-79.9873	-79.9873	-79.9873	-79.9873	-79.9873	-79.9873	-79.9874	-79.9874	-79.9875	-79.9876	-79.9879	-79.9883
1.245	-8.46029	-7.85075	-1.77162	6.31127	13.3992	15.1366	-0.600025	-49.1939	-68.6364	-75.8115	-78.4506	-79.4221	-79.7798	-79.9112	-79.9595	-79.9771	-79.9836	-79.986	-79.9868	-79.9871	-79.9872	-79.9873	-79.9873	-79.9873	-79.9873	-79.9873	-79.9873	-79.9873	-79.9873	-79.9873	-79.9874	-79.9874	-79.9875	-79.9876	-79.9879	-79.9883
1.25	-9.82237	-9.16596	-3.09861	5.08139	12.5906	15.8382	6.28097	-44.7984	-66.9421	-75.1903	-78.224	-79.3392	-79.7492	-79.9	-79.9553	-79.9756	-79.983	-79.9857	-79.9867	-79.9871	-79.9872	-79.9872	-79.9873	-79.9873	-79.9873	-79.9873	-79.9873	-79.9873	-79.9873	-79.9873	-79.9873	-79.9874	-79.9875	-79.9876	-79.9879	-79.9883
1.255	-11.1735	-10.4748	-4.42845	3.83444	11.7318	16.1853	10.1655	-40.2739	-65.0799	-74.4861	-77.9642	-79.2438	-79.7142	-79.8871	-79.9506	-79.9739	-79.9824	-79.9855	-79.9866	-79.987	-79.9872	-79.9872	-79.9873	-79.9873	-79.9873	-79.9873	-79.9873	-79.9873	-79.9873	-79.9873	-79.9873	-79.9874	-79.9875	-79.9876	-79.9879	-79.9883
1.26	-12.512	-11.7752	-5.75812	2.56963	10.7941	16.1154	11.999	-35.3875	-63.0401	-73.6977	-77.669	-79.1347	-79.674	-79.8723	-79.9451	-79.9718	-79.9816	-79.9852	-79.9865	-79.987	-79.9872	-79.9872	-79.9872	-79.9872	-79.9873	-79.9873	-79.9873	-79.9873	-79.9873	-79.9873	-79.9873	-79.9874	-79.9875	-79.9876	-79.9879	-79.9883
1.265	-13.8361	-13.0653	-7.08578	1.28502	9.76722	15.7035	12.8441	-29.5978	-60.7315	-72.8119	-77.3349	-79.0104	-79.6281	-79.8554	-79.9389	-79.9695	-79.9808	-79.9849	-79.9864	-79.9869	-79.9871	-79.9872	-79.9872	-79.9872	-79.9872	-79.9872	-79.9872	-79.9873	-79.9873	-79.9873	-79.9873	-79.9874	-79.9874	-79.9876	-79.9878	-79.9883
1.27	-15.1444	-14.3434	-8.41006	-0.0194596	8.65921	15.0689	13.3893	-22.3046	-57.9911	-71.7954	-76.9551	-78.8689	-79.5756	-79.836	-79.9317	-79.9669	-79.9798	-79.9845	-79.9862	-79.9869	-79.9871	-79.9872	-79.9872	-79.9872	-79.9872	-79.9872	-79.9872	-79.9872	-79.9873	-79.9873	-79.9873	-79.9874	-79.9874	-79.9876	-79.9878	-79.9883
1.275	-16.4357	-15.6085	-9.7296	-1.34109	7.48889	14.3213	14.0079	-13.3324	-54.6543	-70.6001	-76.5175	-78.7071	-79.5157	-79.8138	-79.9236	-79.9639	-79.9787	-79.9841	-79.9861	-79.9868	-79.9871	-79.9872	-79.9872	-79.9872	-79.9872	-79.9872	-79.9872	-79.9872	-79.9872	-79.9873	-79.9873	-79.9873	-79.9874	-79.9876	-79.9878	-79.9882
1.28	-17.7088	-16.8591	-11.0427	-2.67502	6.27732	13.534	14.7951	-3.74824	-50.7067	-69.188	-76.0082	-78.5208	-79.4471	-79.7885	-79.9142	-79.9604	-79.9774	-79.9836	-79.9859	-79.9867	-79.987	-79.9871	-79.9872	-79.9872	-79.9872	-79.9872	-79.9872	-79.9872	-79.9872	-79.9872	-79.9873	-79.9873	-79.9874	-79.9876	-79.9878	-79.9882
1.285	-18.9628	-18.0944	-12.3472	-4.01561	5.04079	12.729	15.5692	4.16727	-46.3786	-67.562	-75.4173	-78.3056	-79.3682	-79.7595	-79.9035	-79.9565	-79.9759	-79.9831	-79.9857	-79.9866	-79.987	-79.9871	-79.9872	-79.9872	-79.9872	-79.9872	-79.9872	-79.9872	-79.9872	-79.9872	-79.9873	-79.9873	-79.9874	-79.9875	-79.9878	-79.9882
1.29	-20.1967	-19.3131	-13.6411	-5.35791	3.7871	11.8856	16.0576	9.05649	-41.9068	-65.7578	-74.7427	-78.058	-79.2775	-79.7261	-79.8912	-79.9519	-79.9743	-79.9824	-79.9855	-79.9865	-79.987	-79.9871	-79.9872	-79.9872	-79.9872	-79.9872	-79.9872	-79.9872	-79.9872	-79.9872	-79.9873	-79.9873	-79.9874	-79.9875	-79.9878	-79.9882
1.295	-21.4099	-20.5142	-14.9225	-6.69837	2.51701	10.972	16.1306	11.4846	-37.2	-63.7876	-73.9852	-77.7758	-79.1735	-79.6879	-79.8771	-79.9467	-79.9723	-79.9817	-79.9852	-79.9864	-79.9869	-79.9871	-79.9871	-79.9872	-79.9872	-79.9872	-79.9872	-79.9872	-79.9872	-79.9872	-79.9872	-79.9873	-79.9874	-79.9875	-79.9878	-79.9882
1.3	-22.6016	-21.6969	-16.1896	-8.03483	1.22861	9.9705	15.8255	12.5837	-31.8054	-61.5908	-73.137	-77.4562	-79.0548	-79.6441	-79.861	-79.9408	-79.9701	-79.9809	-79.9849	-79.9863	-79.9869	-79.9871	-79.9871	-79.9871	-79.9872	-79.9872	-79.9872	-79.9872	-79.9872	-79.9872	-79.9872	-79.9873	-79.9874	-79.9875	-79.9878	-79.9882
1.305	-23.7713	-22.8603	-17.4411	-9.36589	-0.0790112	8.88351	15.2543	13.1787	-25.1063	-59.0258	-72.1723	-77.0939	-78.9198	-79.5941	-79.8425	-79.934	-79.9676	-79.98	-79.9845	-79.9862	-79.9868	-79.987	-79.9871	-79.9871	-79.9871	-79.9872	-79.9872	-79.9872	-79.9872	-79.9872	-79.9872	-79.9873	-79.9874	-79.9875	-79.9878	-79.9882
1.31	-24.9185	-24.0039	-18.6762	-10.6903	-1.40408	7.72701	14.5339	13.7448	-16.6952	-55.9155	-71.0466	-76.6786	-78.7657	-79.537	-79.8214	-79.9262	-79.9647	-79.9789	-79.9841	-79.986	-79.9867	-79.987	-79.9871	-79.9871	-79.9871	-79.9871	-79.9871	-79.9872	-79.9872	-79.9872	-79.9872	-79.9873	-79.9874	-79.9875	-79.9878	-79.9882
1.315	-26.0428	-25.1271	-19.8939	-12.0066	-2.74234	6.52218	13.7529	14.4791	-7.10685	-52.1715	-69.7143	-76.1965	-78.5887	-79.4716	-79.7973	-79.9173	-79.9614	-79.9777	-79.9837	-79.9859	-79.9867	-79.987	-79.9871	-79.9871	-79.9871	-79.9871	-79.9871	-79.9871	-79.9872	-79.9872	-79.9872	-79.9873	-79.9873	-79.9875	-79.9877	-79.9882
1.32	-27.1439	-26.2295	-21.0934	-13.313	-4.08825	5.28771	12.9524	15.2898	1.65931	-47.9443	-68.1615	-75.6354	-78.3843	-79.3966	-79.7696	-79.9071	-79.9577	-79.9763	-79.9831	-79.9857	-79.9866	-79.9869	-79.987	-79.9871	-79.9871	-79.9871	-79.9871	-79.9871	-79.9871	-79.9872	-79.9872	-79.9872	-79.9873	-79.9875	-79.9877	-79.9882
1.325	-28.2218	-27.3108	-22.2741	-14.6074	-5.43649	4.03457	12.124	15.9042	7.64223	-43.5135	-66.4171	-74.9906	-78.1487	-79.3103	-79.7379	-79.8954	-79.9534	-79.9747	-79.9826	-79.9854	-79.9865	-79.9869	-79.987	-79.9871	-79.9871	-79.9871	-79.9871	-79.9871	-79.9871	-79.9871	-79.9872	-79.9872	-79.9873	-79.9875	-79.9877	-79.9881
1.33	-29.2762	-28.3708	-23.4352	-15.888	-6.78298	2.76562	11.2359	16.1271	10.8156	-38.9268	-64.5088	-74.263	-77.8791	-79.2112	-79.7015	-79.882	-79.9484	-79.9729	-79.9819	-79.9852	-79.9864	-79.9868	-79.987	-79.9871	-79.9871	-79.9871	-79.9871	-79.9871	-79.9871	-79.9871	-79.9872	-79.9872	-79.9873	-79.9875	-79.9877	-79.9881
1.335	-30.3072	-29.4092	-24.5761	-17.1531	-8.12513	1.47941	10.264	15.945	12.273	-33.8455	-62.4053	-73.4491	-77.5733	-79.098	-79.6598	-79.8666	-79.9428	-79.9708	-79.9811	-79.9849	-79.9863	-79.9868	-79.987	-79.987	-79.9871	-79.9871	-79.9871	-79.9871	-79.9871	-79.9871	-79.9872	-79.9872	-79.9873	-79.9874	-79.9877	-79.9881
1.34	-31.3148	-30.426	-25.6964	-18.4015	-9.46138	0.1744	9.20373	15.4536	12.9776	-27.6806	-59.992	-72.5303	-77.2272	-78.969	-79.6121	-79.849	-79.9363	-79.9684	-79.9802	-79.9846	-79.9861	-79.9867	-79.987	-79.987	-79.9871	-79.9871	-79.9871	-79.9871	-79.9871	-79.9871	-79.9871	-79.9872	-79.9873	-79.9874	-79.9877	-79.9881
1.345	-32.299	-31.4211	-26.7956	-19.6323	-10.7905	-1.14864	8.06729	14.7735	13.5171	-19.8884	-57.0947	-71.4679	-76.8323	-78.8222	-79.5576	-79.8289	-79.9288	-79.9656	-79.9792	-79.9842	-79.986	-79.9867	-79.9869	-79.987	-79.987	-79.9871	-79.9871	-79.9871	-79.9871	-79.9871	-79.9871	-79.9872	-79.9873	-79.9874	-79.9877	-79.9881
1.35	-33.26	-32.3945	-27.8736	-20.8447	-12.1113	-2.48625	6.87496	14.0056	14.1866	-10.5636	-53.5739	-70.2133	-76.3757	-78.6539	-79.4954	-79.8059	-79.9204	-79.9625	-79.978	-79.9837	-79.9858	-79.9866	-79.9869	-79.987	-79.987	-79.987	-79.9871	-79.9871	-79.9871	-79.9871	-79.9871	-79.9872	-79.9873	-79.9874	-79.9877	-79.9881
1.355	-34.1979	-33.3463	-28.93	-22.0381	-13.4219	-3.83316	5.64711	13.2097	14.9967	-1.22003	-49.4869	-68.7377	-75.8438	-78.4598	-79.424	-79.7796	-79.9106	-79.9589	-79.9767	-79.9832	-79.9856	-79.9865	-79.9869	-79.987	-79.987	-79.987	-79.987	-79.9871	-79.9871	-79.9871	-79.9871	-79.9872	-79.9873	-79.9874	-79.9877	-79.9881
1.36	-35.1129	-34.2765	-29.965	-23.2119	-14.7206	-5.18382	4.39781	12.3934	15.7119	5.86641	-45.1046	-67.0571	-75.229	-78.2357	-79.3419	-79.7494	-79.8995	-79.9548	-79.9752	-79.9827	-79.9854	-79.9864	-79.9868	-79.987	-79.987	-79.987	-79.987	-79.987	-79.9871	-79.9871	-79.9871	-79.9872	-79.9873	-79.9874	-79.9877	-79.9881
1.365	-36.0054	-35.1854	-30.9784	-24.3655	-16.0054	-6.53362	3.13253	11.5293	16.0845	9.93643	-40.5934	-65.207	-74.5308	-77.9784	-79.2476	-79.7147	-79.8867	-79.9501	-79.9734	-79.982	-79.9852	-79.9863	-79.9868	-79.9869	-79.987	-79.987	-79.987	-79.987	-79.987	-79.9871	-79.9871	-79.9871	-79.9872	-79.9874	-79.9876	-79.9881
1.37	-36.8755	-36.073	-31.9703	-25.4985	-17.2747	-7.87951	1.85084	10.5878	16.0389	11.8753	-35.7478	-63.182	-73.7489	-77.6859	-79.1396	-79.675	-79.8721	-79.9447	-79.9714	-79.9813	-79.9849	-79.9862	-79.9867	-79.9869	-79.987	-79.987	-79.987	-79.987	-79.987	-79.9871	-79.9871	-79.9871	-79.9872	-79.9874	-79.9876	-79.9881
1.375	-37.7237	-36.9397	-32.9407	-26.6104	-18.5271	-9.21963	0.550832	9.55735	15.6436	12.7631	-30.0426	-60.8972	-72.871	-77.3549	-79.0164	-79.6295	-79.8553	-79.9385	-79.9692	-79.9804	-79.9846	-79.9861	-79.9867	-79.9869	-79.987	-79.987	-79.987	-79.987	-79.987	-79.987	-79.9871	-79.9871	-79.9872	-79.9874	-79.9876	-79.9881
1.38	-38.5501	-37.7856	-33.8896	-27.701	-19.7616	-10.5528	-0.767671	8.44501	15.0172	13.3138	-22.8711	-58.1934	-71.8654	-76.9787	-78.8763	-79.5776	-79.8362	-79.9314	-79.9665	-79.9795	-79.9842	-79.986	-79.9866	-79.9869	-79.9869	-79.987	-79.987	-79.987	-79.987	-79.987	-79.9871	-79.9871	-79.9872	-79.9874	-79.9876	-79.988
1.385	-39.3552	-38.611	-34.8173	-28.77	-20.9776	-11.8777	-2.10211	7.26916	14.2708	13.9201	-14.005	-54.9023	-70.6845	-76.5458	-78.7161	-79.5182	-79.8142	-79.9234	-79.9636	-79.9784	-79.9838	-79.9858	-79.9865	-79.9868	-79.9869	-79.987	-79.987	-79.987	-79.987	-79.987	-79.9871	-79.9871	-79.9872	-79.9874	-79.9876	-79.988
1.39	-40.1394	-39.4162	-35.7239	-29.8175	-22.1744	-13.1928	-3.44771	6.05101	13.481	14.6974	-4.40216	-50.9935	-69.2883	-76.0421	-78.5318	-79.4503	-79.7892	-79.9141	-79.9601	-79.9771	-79.9833	-79.9856	-79.9865	-79.9868	-79.9869	-79.9869	-79.987	-79.987	-79.987	-79.987	-79.987	-79.9871	-79.9872	-79.9873	-79.9876	-79.988
1.395	-40.9031	-40.2015	-36.6096	-30.8433	-23.3515	-14.4965	-4.79884	4.80741	12.6736	15.4802	3.6927	-46.6834	-67.6766	-75.4572	-78.3188	-79.3722	-79.7604	-79.9035	-79.9562	-79.9756	-79.9828	-79.9854	-79.9864	-79.9868	-79.9869	-79.9869	-79.987	-79.987	-79.987	-79.987	-79.987	-79.9871	-79.9872	-79.9873	-79.9876	-79.988
1.4	-41.6466	-40.9673	-37.4746	-31.8475	-24.5084	-15.7866	-6.15046	3.54682	11.83	15.9934	8.789	-42.2208	-65.8843	-74.7886	-78.0737	-79.2824	-79.7274	-79.8913	-79.9517	-79.974	-79.9822	-79.9852	-79.9863	-79.9867	-79.9869	-79.9869	-79.9869	-79.987	-79.987	-79.987	-79.987	-79.9871	-79.9872	-79.9873	-79.9876	-79.988
1.405	-42.3704	-41.7137	-38.3192	-32.8302	-25.6446	-17.0616	-7.49896	2.27042	10.9181	16.0943	11.3506	-37.5421	-63.927	-74.0372	-77.794	-79.1794	-79.6895	-79.8774	-79.9466	-79.9721	-79.9815	-79.9849	-79.9862	-79.9867	-79.9868	-79.9869	-79.9869	-79.9869	-79.987	-79.987	-79.987	-79.9871	-79.9872	-79.9873	-79.9876	-79.988
1.41	-43.075	-42.4413	-39.1437	-33.7916	-26.7598	-18.3199	-8.84213	0.97634	9.91894	15.8108	12.5112	-32.2155	-61.75	-73.1961	-77.4772	-79.0619	-79.6462	-79.8614	-79.9407	-79.9699	-79.9807	-79.9846	-79.9861	-79.9866	-79.9868	-79.9869	-79.9869	-79.9869	-79.987	-79.987	-79.987	-79.9871	-79.9871	-79.9873	-79.9876	-79.988
1.415	-43.7607	-43.1504	-39.9484	-34.7316	-27.8535	-19.5606	-10.1786	-0.336424	8.83368	15.2528	13.1226	-25.6268	-59.2167	-72.2409	-77.1183	-78.9281	-79.5966	-79.8431	-79.934	-79.9674	-79.9797	-79.9843	-79.9859	-79.9866	-79.9868	-79.9869	-79.9869	-79.9869	-79.9869	-79.987	-79.987	-79.987	-79.9871	-79.9873	-79.9875	-79.988
1.42	-44.4282	-43.8413	-40.7335	-35.6506	-28.9258	-20.7827	-11.5072	-1.66629	7.67762	14.538	13.6809	-17.336	-56.1497	-71.1282	-76.7072	-78.7755	-79.5401	-79.8222	-79.9262	-79.9646	-79.9787	-79.9839	-79.9858	-79.9865	-79.9868	-79.9869	-79.9869	-79.9869	-79.9869	-79.987	-79.987	-79.987	-79.9871	-79.9873	-79.9875	-79.988
1.425	-45.0777	-44.5145	-41.4995	-36.5487	-29.9764	-21.9858	-12.8266	-3.00915	6.47187	13.7577	14.4026	-7.78317	-52.4488	-69.8114	-76.2303	-78.6003	-79.4754	-79.7983	-79.9174	-79.9613	-79.9775	-79.9834	-79.9856	-79.9864	-79.9867	-79.9868	-79.9869	-79.9869	-79.9869	-79.9869	-79.987	-79.987	-79.9871	-79.9873	-79.9875	-79.988
1.43	-45.7098	-45.1703	-42.2465	-37.4261	-31.0054	-23.1694	-14.135	-4.35951	5.23553	12.9568	15.2154	1.1165	-48.2465	-68.2737	-75.675	-78.398	-79.4011	-79.771	-79.9073	-79.9576	-79.9761	-79.9829	-79.9854	-79.9864	-79.9867	-79.9868	-79.9869	-79.9869	-79.9869	-79.9869	-79.987	-79.987	-79.9871	-79.9873	-79.9875	-79.988
1.435	-46.3251	-45.8091	-42.975	-38.2831	-32.0129	-24.3328	-15.4305	-5.71197	3.9802	12.1296	15.8512	7.3159	-43.8246	-66.5416	-75.0361	-78.1646	-79.3157	-79.7395	-79.8957	-79.9533	-79.9745	-79.9823	-79.9852	-79.9863	-79.9867	-79.9868	-79.9869	-79.9869	-79.9869	-79.9869	-79.987	-79.987	-79.9871	-79.9873	-79.9875	-79.9879
1.44	-46.9239	-46.4314	-43.6853	-39.1199	-32.9989	-25.4756	-16.7113	-7.06237	2.70924	11.2451	16.1032	10.6527	-39.256	-64.6451	-74.3144	-77.8975	-79.2175	-79.7035	-79.8825	-79.9484	-79.9727	-79.9817	-79.9849	-79.9862	-79.9866	-79.9868	-79.9868	-79.9869	-79.9869	-79.9869	-79.9869	-79.987	-79.9871	-79.9872	-79.9875	-79.9879
1.445	-47.5067	-47.0375	-44.3778	-39.937	-33.9635	-26.5975	-17.976	-8.40806	1.42135	10.2777	15.9463	12.194	-34.2269	-62.5582	-73.507	-77.5944	-79.1054	-79.6622	-79.8673	-79.9428	-79.9706	-79.9809	-79.9847	-79.986	-79.9866	-79.9868	-79.9868	-79.9869	-79.9869	-79.9869	-79.9869	-79.987	-79.9871	-79.9872	-79.9875	-79.9879
1.45	-48.0741	-47.6279	-45.0529	-40.7344	-34.907	-27.6981	-19.2232	-9.74744	0.1149	9.22181	15.472	12.9283	-28.1585	-60.1718	-72.5967	-77.2514	-78.9776	-79.6149	-79.8498	-79.9364	-79.9683	-79.98	-79.9843	-79.9859	-79.9865	-79.9867	-79.9868	-79.9868	-79.9869	-79.9869	-79.9869	-79.987	-79.9871	-79.9872	-79.9875	-79.9879
1.455	-48.6266	-48.203	-45.7108	-41.5127	-35.8294	-28.7772	-20.4522	-11.0794	-1.20953	8.08852	14.8007	13.4667	-20.4899	-57.3143	-71.546	-76.8603	-78.8321	-79.561	-79.8299	-79.929	-79.9655	-79.979	-79.9839	-79.9858	-79.9865	-79.9867	-79.9868	-79.9868	-79.9869	-79.9869	-79.9869	-79.987	-79.9871	-79.9872	-79.9875	-79.9879
1.46	-49.1645	-48.7632	-46.3521	-42.2721	-36.731	-29.8348	-21.6623	-12.4025	-2.54863	6.89787	14.0358	14.1231	-11.2434	-53.8386	-70.3062	-76.4086	-78.6654	-79.4993	-79.8071	-79.9206	-79.9624	-79.9778	-79.9835	-79.9856	-79.9864	-79.9867	-79.9868	-79.9868	-79.9868	-79.9869	-79.9869	-79.987	-79.9871	-79.9872	-79.9875	-79.9879
1.465	-49.6884	-49.309	-46.977	-43.0128	-37.612	-30.8708	-22.853	-13.7153	-3.89723	5.67048	13.2404	14.9288	-1.82549	-49.7841	-68.8461	-75.8823	-78.4733	-79.4287	-79.781	-79.911	-79.9589	-79.9765	-79.983	-79.9854	-79.9863	-79.9866	-79.9868	-79.9868	-79.9868	-79.9869	-79.9869	-79.9869	-79.987	-79.9872	-79.9875	-79.9879
1.47	-50.1988	-49.8407	-47.586	-43.7354	-38.4726	-31.8852	-24.0238	-15.0159	-5.24975	4.42099	12.4255	15.6598	5.46807	-45.4139	-67.1788	-75.2733	-78.2514	-79.3474	-79.7511	-79.8999	-79.9548	-79.975	-79.9825	-79.9852	-79.9862	-79.9866	-79.9867	-79.9868	-79.9868	-79.9868	-79.9869	-79.9869	-79.987	-79.9872	-79.9874	-79.9879
1.475	-50.6961	-50.3587	-48.1794	-44.4401	-39.3132	-32.8783	-25.1741	-16.3025	-6.6015	3.15545	11.5651	16.0606	9.72956	-40.914	-65.34	-74.581	-77.9966	-79.2539	-79.7168	-79.8873	-79.9501	-79.9733	-79.9818	-79.985	-79.9861	-79.9866	-79.9867	-79.9868	-79.9868	-79.9868	-79.9869	-79.9869	-79.987	-79.9872	-79.9874	-79.9879
1.48	-51.1807	-50.8635	-48.7577	-45.1272	-40.134	-33.85	-26.3036	-17.5733	-7.94931	1.87369	10.629	16.0428	11.7787	-36.1064	-63.3291	-73.8053	-77.7067	-79.1469	-79.6774	-79.8728	-79.9448	-79.9713	-79.9811	-79.9847	-79.986	-79.9865	-79.9867	-79.9868	-79.9868	-79.9868	-79.9869	-79.9869	-79.987	-79.9872	-79.9874	-79.9879
1.485	-51.6531	-51.3555	-49.3212	-45.7972	-40.9353	-34.8005	-27.412	-18.8271	-9.2913	0.573785	9.60398	15.668	12.7124	-30.482	-61.0671	-72.9349	-77.3785	-79.0249	-79.6324	-79.8562	-79.9387	-79.9691	-79.9802	-79.9844	-79.9859	-79.9865	-79.9867	-79.9867	-79.9868	-79.9868	-79.9869	-79.9869	-79.987	-79.9872	-79.9874	-79.9879
1.49	-52.1138	-51.835	-49.8703	-46.4503	-41.7175	-35.7299	-28.499	-20.0629	-10.6262	-0.744616	8.49618	15.0536	13.2707	-23.4289	-58.3986	-71.9396	-77.0059	-78.886	-79.5809	-79.8372	-79.9317	-79.9665	-79.9793	-79.984	-79.9858	-79.9864	-79.9866	-79.9867	-79.9868	-79.9868	-79.9868	-79.9869	-79.987	-79.9872	-79.9874	-79.9878
1.495	-52.563	-52.3025	-50.4054	-47.087	-42.4808	-36.6386	-29.5644	-21.2801	-11.9528	-2.07914	7.32341	14.3123	13.866	-14.6695	-55.1522	-70.7726	-76.5774	-78.7274	-79.5222	-79.8155	-79.9237	-79.9635	-79.9782	-79.9836	-79.9856	-79.9863	-79.9866	-79.9867	-79.9868	-79.9868	-79.9868	-79.9869	-79.987	-79.9871	-79.9874	-79.9878
1.5	-53.0013	-52.7583	-50.9269	-47.7076	-43.2256	-37.5266	-30.6083	-22.478	-13.2697	-3.42514	6.10694	13.5237	14.6336	-5.05435	-51.2824	-69.3921	-76.0791	-78.5449	-79.4549	-79.7906	-79.9145	-79.9601	-79.9769	-79.9831	-79.9854	-79.9863	-79.9866	-79.9867	-79.9867	-79.9868	-79.9868	-79.9869	-79.987	-79.9871	-79.9874	-79.9878
1.505	-53.429	-53.2028	-51.4352	-48.3126	-43.9522	-38.3943	-31.6307	-23.6561	-14.5751	-4.77699	4.86412	12.7175	15.4252	3.21643	-46.9907	-67.7946	-75.5	-78.3341	-79.3776	-79.7622	-79.904	-79.9562	-79.9755	-79.9826	-79.9852	-79.9862	-79.9865	-79.9867	-79.9867	-79.9868	-79.9868	-79.9869	-79.987	-79.9871	-79.9874	-79.9878
1.51	-53.8465	-53.6364	-51.9305	-48.9022	-44.6609	-39.2419	-32.6317	-24.8141	-15.867	-6.12958	3.60402	11.8772	15.964	8.52465	-42.5363	-66.0139	-74.8372	-78.0913	-79.2887	-79.7295	-79.8919	-79.9518	-79.9739	-79.982	-79.985	-79.9861	-79.9865	-79.9867	-79.9867	-79.9868	-79.9868	-79.9869	-79.987	-79.9871	-79.9874	-79.9878
1.515	-54.2542	-54.0594	-52.4134	-49.4768	-45.3521	-40.0698	-33.6113	-25.9514	-17.1438	-7.47919	2.32819	10.9706	16.0942	11.2259	-37.8833	-64.069	-74.0917	-77.8141	-79.1866	-79.692	-79.8781	-79.9467	-79.972	-79.9813	-79.9847	-79.986	-79.9865	-79.9866	-79.9867	-79.9868	-79.9868	-79.9869	-79.9869	-79.9871	-79.9874	-79.9878
1.52	-54.6523	-54.4722	-52.8841	-50.0368	-46.0262	-40.8781	-34.5697	-27.0676	-18.404	-8.82352	1.03486	9.97744	15.8344	12.452	-32.6214	-61.911	-73.2575	-77.5001	-79.0701	-79.6491	-79.8623	-79.9409	-79.9698	-79.9805	-79.9844	-79.9859	-79.9864	-79.9866	-79.9867	-79.9867	-79.9868	-79.9868	-79.9869	-79.9871	-79.9874	-79.9878
1.525	-55.0412	-54.875	-53.3431	-50.5826	-46.6834	-41.6672	-35.5071	-28.1625	-19.6465	-10.1612	-0.277139	8.89752	15.2914	13.0822	-26.1405	-59.4085	-72.3115	-77.1444	-78.9376	-79.6	-79.8442	-79.9342	-79.9674	-79.9796	-79.9841	-79.9857	-79.9864	-79.9866	-79.9867	-79.9867	-79.9868	-79.9868	-79.9869	-79.9871	-79.9874	-79.9878
1.53	-55.4212	-55.2683	-53.7905	-51.1145	-47.3242	-42.4374	-36.4237	-29.236	-20.8705	-11.491	-1.60642	7.74545	14.5841	13.634	-17.9703	-56.3839	-71.2115	-76.7374	-78.7864	-79.5439	-79.8235	-79.9266	-79.9645	-79.9785	-79.9837	-79.9856	-79.9863	-79.9866	-79.9867	-79.9867	-79.9868	-79.9868	-79.9869	-79.9871	-79.9873	-79.9878
1.535	-55.7927	-55.6522	-54.2269	-51.633	-47.9488	-43.189	-37.3196	-30.2879	-22.0756	-12.8117	-2.94902	6.54219	13.8061	14.3432	-8.46017	-52.7264	-69.9102	-76.2655	-78.6129	-79.4799	-79.7998	-79.9178	-79.9613	-79.9773	-79.9832	-79.9854	-79.9862	-79.9865	-79.9866	-79.9867	-79.9868	-79.9868	-79.9869	-79.9871	-79.9873	-79.9878
1.54	-56.1558	-56.0272	-54.6525	-52.1382	-48.5578	-43.9223	-38.195	-31.3183	-23.261	-14.1215	-4.29948	5.30723	13.0062	15.1574	0.564893	-48.5501	-68.3874	-75.716	-78.4127	-79.4063	-79.7727	-79.9078	-79.9576	-79.976	-79.9827	-79.9852	-79.9861	-79.9865	-79.9866	-79.9867	-79.9867	-79.9868	-79.9869	-79.9871	-79.9873	-79.9878
1.545	-56.511	-56.3934	-55.0676	-52.6307	-49.1513	-44.6377	-39.0504	-32.3273	-24.4264	-15.4185	-5.65238	4.05276	12.1816	15.8142	6.9824	-44.1371	-66.6677	-75.083	-78.1816	-79.3217	-79.7416	-79.8963	-79.9534	-79.9744	-79.9821	-79.985	-79.9861	-79.9865	-79.9866	-79.9867	-79.9867	-79.9868	-79.9869	-79.9871	-79.9873	-79.9878
1.55	-56.8583	-56.7511	-55.4726	-53.1108	-49.7298	-45.3356	-39.8859	-33.315	-25.5714	-16.701	-7.00344	2.78263	11.302	16.0957	10.4891	-39.5848	-64.7827	-74.3671	-77.9169	-79.2245	-79.7059	-79.8832	-79.9485	-79.9726	-79.9815	-79.9847	-79.986	-79.9864	-79.9866	-79.9867	-79.9867	-79.9868	-79.9869	-79.987	-79.9873	-79.9877
1.555	-57.1981	-57.1007	-55.8677	-53.5787	-50.2937	-46.0162	-40.7018	-34.2814	-26.6954	-17.9674	-8.3499	1.49574	10.3407	15.9651	12.1195	-34.605	-62.7117	-73.5661	-77.6165	-79.1133	-79.665	-79.8681	-79.943	-79.9706	-79.9807	-79.9845	-79.9858	-79.9864	-79.9866	-79.9866	-79.9867	-79.9868	-79.9869	-79.987	-79.9873	-79.9877
1.56	-57.5305	-57.4423	-56.2532	-54.0349	-50.8432	-46.6799	-41.4984	-35.2268	-27.7982	-19.2164	-9.69014	0.190353	9.29062	15.509	12.8864	-28.6301	-60.3515	-72.6639	-77.2764	-78.9867	-79.6181	-79.8509	-79.9366	-79.9682	-79.9798	-79.9841	-79.9857	-79.9863	-79.9865	-79.9866	-79.9867	-79.9868	-79.9869	-79.987	-79.9873	-79.9877
1.565	-57.8558	-57.7762	-56.6295	-54.4796	-51.3788	-47.327	-42.276	-36.1512	-28.8795	-20.4472	-11.023	-1.13313	8.16201	14.8478	13.4251	-21.0844	-57.5329	-71.6246	-76.8891	-78.8426	-79.5647	-79.8311	-79.9293	-79.9655	-79.9789	-79.9838	-79.9856	-79.9863	-79.9865	-79.9866	-79.9867	-79.9868	-79.9869	-79.987	-79.9873	-79.9877
1.57	-58.1743	-58.1026	-56.9967	-54.9131	-51.9008	-47.9579	-43.035	-37.055	-29.9394	-21.6592	-12.3471	-2.47159	6.97452	14.0867	14.0687	-11.9223	-54.1023	-70.3996	-76.4421	-78.6775	-79.5036	-79.8086	-79.921	-79.9624	-79.9777	-79.9833	-79.9854	-79.9862	-79.9865	-79.9866	-79.9867	-79.9867	-79.9868	-79.987	-79.9873	-79.9877
1.575	-58.486	-58.4218	-57.3552	-55.3359	-52.4095	-48.573	-43.7756	-37.9383	-30.9778	-22.8518	-13.6611	-3.81994	5.74899	13.2924	14.8691	-2.44072	-50.0815	-68.9551	-75.9214	-78.4874	-79.4337	-79.7827	-79.9115	-79.9589	-79.9764	-79.9828	-79.9852	-79.9861	-79.9864	-79.9866	-79.9867	-79.9867	-79.9868	-79.987	-79.9873	-79.9877
1.58	-58.7912	-58.7338	-57.7052	-55.7481	-52.9053	-49.1725	-44.4982	-38.8013	-31.9947	-24.0246	-14.963	-5.17256	4.50062	12.4794	15.6148	5.05708	-45.7244	-67.3011	-75.3183	-78.2677	-79.3532	-79.7531	-79.9005	-79.9549	-79.9749	-79.9823	-79.985	-79.986	-79.9864	-79.9866	-79.9866	-79.9867	-79.9868	-79.987	-79.9873	-79.9877
1.585	-59.09	-59.039	-58.0469	-56.1501	-53.3885	-49.7569	-45.2031	-39.6444	-32.9903	-25.177	-16.2509	-6.5247	3.23604	11.6232	16.0438	9.51567	-41.2347	-65.4736	-74.6318	-78.0153	-79.2606	-79.7191	-79.888	-79.9503	-79.9732	-79.9817	-79.9848	-79.9859	-79.9864	-79.9865	-79.9866	-79.9867	-79.9868	-79.987	-79.9872	-79.9877
1.59	-59.3826	-59.3375	-58.3805	-56.5422	-53.8595	-50.3265	-45.8906	-40.4679	-33.9646	-26.3087	-17.5232	-7.87306	1.95535	10.693	16.0545	11.681	-36.4625	-63.4764	-73.8621	-77.7278	-79.1546	-79.6801	-79.8737	-79.945	-79.9712	-79.9809	-79.9845	-79.9858	-79.9863	-79.9865	-79.9866	-79.9867	-79.9868	-79.987	-79.9872	-79.9877
1.595	-59.6692	-59.6295	-58.7064	-56.9246	-54.3186	-50.8817	-46.5611	-41.272	-34.9178	-27.4192	-18.7786	-9.2157	0.656643	9.67416	15.701	12.6642	-30.9158	-61.2363	-72.9991	-77.4025	-79.0337	-79.6355	-79.8572	-79.9389	-79.969	-79.9801	-79.9842	-79.9857	-79.9863	-79.9865	-79.9866	-79.9867	-79.9868	-79.987	-79.9872	-79.9877
1.6	-59.9499	-59.9152	-59.0247	-57.2976	-54.766	-51.4227	-47.215	-42.057	-35.8501	-28.5084	-20.0161	-10.5513	-0.660625	8.5716	15.0994	13.2322	-23.9796	-58.6023	-72.014	-77.0333	-78.8961	-79.5845	-79.8384	-79.932	-79.9664	-79.9791	-79.9838	-79.9856	-79.9862	-79.9865	-79.9866	-79.9867	-79.9868	-79.987	-79.9872	-79.9877
1.605	-60.2248	-60.1946	-59.3355	-57.6615	-55.2022	-51.95	-47.8525	-42.8232	-36.7616	-29.5762	-21.2349	-11.8788	-1.99427	7.40261	14.3639	13.817	-15.3304	-55.4005	-70.8606	-76.6092	-78.739	-79.5263	-79.8169	-79.924	-79.9635	-79.9781	-79.9834	-79.9854	-79.9862	-79.9864	-79.9866	-79.9867	-79.9868	-79.9869	-79.9872	-79.9877
1.61	-60.4941	-60.4681	-59.6392	-58.0165	-55.6273	-52.4639	-48.474	-43.571	-37.6525	-30.6224	-22.4346	-13.1966	-3.33975	6.18849	13.577	14.5744	-5.71383	-51.5707	-69.4958	-76.1162	-78.5583	-79.4597	-79.7923	-79.9149	-79.9602	-79.9768	-79.983	-79.9852	-79.9861	-79.9864	-79.9866	-79.9867	-79.9868	-79.9869	-79.9872	-79.9876
1.615	-60.7578	-60.7356	-59.9359	-58.3628	-56.0418	-52.9646	-49.0798	-44.3007	-38.5231	-31.6472	-23.6146	-14.503	-4.69148	4.94705	12.7721	15.3734	2.72537	-47.2986	-67.9127	-75.543	-78.3496	-79.3831	-79.7641	-79.9045	-79.9563	-79.9754	-79.9824	-79.985	-79.986	-79.9864	-79.9865	-79.9866	-79.9868	-79.9869	-79.9872	-79.9876
1.62	-61.0162	-60.9975	-60.2257	-58.7007	-56.4458	-53.4527	-49.6704	-45.0125	-39.3737	-32.6505	-24.7744	-15.7962	-6.04426	3.68798	11.9352	15.9373	8.2489	-42.8521	-66.1437	-74.8861	-78.1091	-79.295	-79.7317	-79.8926	-79.9519	-79.9738	-79.9818	-79.9848	-79.9859	-79.9863	-79.9865	-79.9866	-79.9867	-79.9869	-79.9872	-79.9876
1.625	-61.2693	-61.2537	-60.5089	-59.0305	-56.8398	-53.9283	-50.246	-45.7068	-40.2046	-33.6326	-25.9136	-17.0743	-7.39427	2.41324	11.0341	16.0971	11.0962	-38.2228	-64.2109	-74.1464	-77.8344	-79.194	-79.6946	-79.8789	-79.9469	-79.9719	-79.9811	-79.9845	-79.9858	-79.9863	-79.9865	-79.9866	-79.9867	-79.9869	-79.9872	-79.9876
1.63	-61.5172	-61.5044	-60.7856	-59.3523	-57.2239	-54.3918	-50.807	-46.384	-41.016	-34.5936	-27.0318	-18.3359	-8.73913	1.12113	10.0472	15.8616	12.3923	-33.0226	-62.0713	-73.3189	-77.5231	-79.0786	-79.652	-79.8633	-79.9411	-79.9698	-79.9803	-79.9842	-79.9857	-79.9862	-79.9865	-79.9866	-79.9867	-79.9869	-79.9872	-79.9876
1.635	-61.76	-61.7499	-61.0561	-59.6663	-57.5984	-54.8436	-51.3538	-47.0444	-41.8082	-35.5335	-28.1287	-19.5799	-10.0774	-0.189627	8.973	15.3344	13.0438	-26.6469	-59.5986	-72.382	-77.1706	-78.9472	-79.6034	-79.8453	-79.9345	-79.9673	-79.9794	-79.9839	-79.9856	-79.9862	-79.9865	-79.9866	-79.9867	-79.9869	-79.9872	-79.9876
1.64	-61.9979	-61.99	-61.3203	-59.9728	-57.9635	-55.2839	-51.8867	-47.6884	-42.5815	-36.4526	-29.2042	-20.8055	-11.4079	-1.51785	7.82529	14.6351	13.5903	-18.5988	-56.6161	-71.2944	-76.7676	-78.7974	-79.5479	-79.8248	-79.9269	-79.9645	-79.9784	-79.9835	-79.9854	-79.9861	-79.9864	-79.9866	-79.9867	-79.9869	-79.9872	-79.9876
1.645	-62.231	-62.2251	-61.5786	-60.272	-58.3196	-55.713	-52.406	-48.3162	-43.3363	-37.3511	-30.2582	-22.0121	-12.7294	-2.85974	6.6249	13.8599	14.2867	-9.1405	-53.0025	-70.0084	-76.3008	-78.6257	-79.4844	-79.8014	-79.9183	-79.9613	-79.9772	-79.9831	-79.9852	-79.9861	-79.9864	-79.9866	-79.9867	-79.9869	-79.9871	-79.9876
1.65	-62.4592	-62.4552	-61.831	-60.564	-58.6669	-56.1312	-52.912	-48.9282	-44.0728	-38.2292	-31.2908	-23.1992	-14.0401	-4.20989	5.39162	13.061	15.1008	-0.000931521	-48.8537	-68.5008	-75.757	-78.4275	-79.4116	-79.7745	-79.9083	-79.9577	-79.9759	-79.9826	-79.9851	-79.986	-79.9864	-79.9865	-79.9867	-79.9869	-79.9871	-79.9876
1.655	-62.6828	-62.6804	-62.0778	-60.849	-59.0056	-56.5389	-53.4052	-49.5249	-44.7914	-39.0871	-32.3019	-24.3663	-15.3382	-5.56283	4.13827	12.239	15.7776	6.63442	-44.4501	-66.7937	-75.1299	-78.1987	-79.3278	-79.7437	-79.897	-79.9535	-79.9743	-79.982	-79.9848	-79.9859	-79.9863	-79.9865	-79.9867	-79.9868	-79.9871	-79.9876
1.66	-62.9018	-62.9008	-62.3189	-61.1273	-59.3359	-56.9362	-53.8857	-50.1064	-45.4924	-39.9253	-33.2917	-25.5129	-16.6219	-6.91417	2.86922	11.3643	16.0887	10.3173	-39.9126	-64.9201	-74.4197	-77.9364	-79.2315	-79.7083	-79.884	-79.9487	-79.9725	-79.9813	-79.9846	-79.9858	-79.9863	-79.9865	-79.9867	-79.9868	-79.9871	-79.9876
1.665	-63.1163	-63.1166	-62.5546	-61.3989	-59.658	-57.3236	-54.3541	-50.6732	-46.1761	-40.7438	-34.2603	-26.6387	-17.8895	-8.26107	1.58354	10.4092	15.985	12.0419	-34.9793	-62.8645	-73.625	-77.6385	-79.1214	-79.6678	-79.869	-79.9432	-79.9705	-79.9806	-79.9843	-79.9857	-79.9862	-79.9865	-79.9866	-79.9868	-79.9871	-79.9876
1.67	-63.3263	-63.3278	-62.785	-61.6641	-59.9723	-57.7012	-54.8105	-51.2256	-46.8429	-41.5431	-35.2078	-27.7433	-19.1399	-9.60184	0.279447	9.36515	15.5479	12.8446	-29.0951	-60.5297	-72.7309	-77.3015	-78.9959	-79.6214	-79.852	-79.9369	-79.9682	-79.9797	-79.984	-79.9856	-79.9862	-79.9865	-79.9866	-79.9868	-79.9871	-79.9875
1.675	-63.5321	-63.5345	-63.0102	-61.923	-60.2788	-58.0692	-55.2552	-51.7639	-47.4931	-42.3234	-36.1344	-28.8265	-20.3722	-10.9353	-1.04287	8.24144	14.8972	13.3854	-21.672	-57.7492	-71.7028	-76.9178	-78.8531	-79.5685	-79.8324	-79.9297	-79.9655	-79.9787	-79.9836	-79.9854	-79.9861	-79.9864	-79.9866	-79.9868	-79.9871	-79.9875
1.68	-63.7336	-63.7368	-63.2304	-62.1757	-60.5777	-58.428	-55.6886	-52.2885	-48.1271	-43.085	-37.0404	-29.8883	-21.5857	-12.2602	-2.38045	7.05736	14.1404	14.0164	-12.6005	-54.3639	-70.4923	-76.4755	-78.6897	-79.508	-79.81	-79.9214	-79.9625	-79.9776	-79.9832	-79.9853	-79.9861	-79.9864	-79.9866	-79.9868	-79.9871	-79.9875
1.685	-63.9309	-63.9348	-63.4456	-62.4225	-60.8694	-58.7779	-56.111	-52.7998	-48.7451	-43.8283	-37.9259	-30.9285	-22.7798	-13.5749	-3.72831	5.83389	13.3474	14.8103	-3.06739	-50.3782	-69.0634	-75.9604	-78.5014	-79.4387	-79.7844	-79.912	-79.959	-79.9763	-79.9827	-79.9851	-79.986	-79.9864	-79.9866	-79.9868	-79.9871	-79.9875
1.69	-64.1241	-64.1286	-63.656	-62.6635	-61.1539	-59.1189	-56.5227	-53.298	-49.3476	-44.5535	-38.7911	-31.9473	-23.9541	-14.8778	-5.08083	4.5868	12.5362	15.5694	4.62993	-46.0352	-67.423	-75.3632	-78.2839	-79.359	-79.7551	-79.9012	-79.955	-79.9748	-79.9822	-79.9849	-79.9859	-79.9863	-79.9866	-79.9868	-79.9871	-79.9875
1.695	-64.3133	-64.3183	-63.8617	-62.8988	-61.4315	-59.4514	-56.9239	-53.7835	-49.9349	-45.261	-39.6365	-32.9448	-25.1081	-16.1668	-6.43315	3.32328	11.6841	16.0262	9.29065	-41.555	-65.6069	-74.6825	-78.0339	-79.2673	-79.7215	-79.8888	-79.9504	-79.9731	-79.9815	-79.9846	-79.9858	-79.9863	-79.9865	-79.9868	-79.9871	-79.9875
1.7	-64.4985	-64.504	-64.0628	-63.1286	-61.7022	-59.7756	-57.315	-54.2565	-50.5073	-45.9511	-40.4621	-33.921	-26.2414	-17.4403	-7.78188	2.04377	10.7598	16.0658	11.5782	-36.8157	-63.623	-73.9187	-77.749	-79.1623	-79.6828	-79.8745	-79.9452	-79.9712	-79.9808	-79.9844	-79.9857	-79.9862	-79.9865	-79.9867	-79.987	-79.9875
1.705	-64.6799	-64.6858	-64.2595	-63.3529	-61.9664	-60.0918	-57.6961	-54.7176	-51.0652	-46.6242	-41.2684	-34.8761	-27.3536	-18.697	-9.12499	0.746362	9.74717	15.7343	12.6147	-31.3437	-61.4041	-73.063	-77.4265	-79.0425	-79.6386	-79.8583	-79.9392	-79.969	-79.98	-79.9841	-79.9856	-79.9862	-79.9865	-79.9867	-79.987	-79.9875
1.71	-64.8575	-64.8636	-64.4517	-63.572	-62.2242	-60.4	-58.0676	-55.1668	-51.6089	-47.2806	-42.0556	-35.8102	-28.4445	-19.9358	-10.4612	-0.569654	8.65	15.1462	13.1944	-24.5226	-58.8038	-72.0878	-77.0606	-78.9062	-79.5881	-79.8396	-79.9323	-79.9665	-79.979	-79.9837	-79.9855	-79.9861	-79.9865	-79.9867	-79.987	-79.9875
1.715	-65.0314	-65.0378	-64.6396	-63.786	-62.4757	-60.7005	-58.4296	-55.6046	-52.1387	-47.9205	-42.824	-36.7236	-29.514	-21.156	-11.7893	-1.90228	7.48497	14.4169	13.7697	-15.9873	-55.6462	-70.9479	-76.6409	-78.7505	-79.5304	-79.8183	-79.9244	-79.9635	-79.978	-79.9833	-79.9853	-79.9861	-79.9864	-79.9867	-79.987	-79.9875
1.72	-65.2016	-65.2082	-64.8234	-63.995	-62.7211	-60.9936	-58.7826	-56.0312	-52.655	-48.5445	-43.5739	-37.6165	-30.5619	-22.3572	-13.1078	-3.24712	6.27336	13.6319	14.5161	-6.38057	-51.8574	-69.5988	-76.1532	-78.5716	-79.4644	-79.7939	-79.9154	-79.9602	-79.9767	-79.9828	-79.9851	-79.986	-79.9864	-79.9867	-79.987	-79.9875
1.725	-65.3683	-65.375	-65.0031	-64.1991	-62.9605	-61.2794	-59.1266	-56.4469	-53.1582	-49.1527	-44.3057	-38.489	-31.5884	-23.5386	-14.4152	-4.5986	5.03341	12.8282	15.321	2.2181	-47.6065	-68.0302	-75.5858	-78.365	-79.3886	-79.766	-79.9051	-79.9564	-79.9753	-79.9823	-79.9849	-79.9859	-79.9864	-79.9867	-79.987	-79.9875
1.73	-65.5315	-65.5382	-65.1788	-64.3984	-63.1942	-61.5581	-59.4619	-56.852	-53.6485	-49.7456	-45.0197	-39.3415	-32.5935	-24.6999	-15.7093	-5.95146	3.77543	11.9946	15.9092	7.95941	-43.168	-66.2731	-74.9347	-78.1269	-79.3014	-79.7339	-79.8933	-79.9521	-79.9737	-79.9817	-79.9847	-79.9858	-79.9863	-79.9866	-79.987	-79.9874
1.735	-65.6912	-65.6981	-65.3506	-64.5932	-63.4222	-61.83	-59.7888	-57.2469	-54.1262	-50.3236	-45.7161	-40.1742	-33.5773	-25.8407	-16.9886	-7.30177	2.50182	11.099	16.0988	10.9591	-38.5603	-64.3523	-74.2009	-77.8547	-79.2013	-79.6972	-79.8798	-79.9471	-79.9719	-79.981	-79.9844	-79.9857	-79.9863	-79.9866	-79.987	-79.9874
1.74	-65.8476	-65.8545	-65.5185	-64.7833	-63.6447	-62.095	-60.1075	-57.6317	-54.5918	-50.8868	-46.3954	-40.9875	-34.54	-26.9605	-18.2514	-8.64705	1.21099	10.1184	15.8882	12.3299	-33.4189	-62.2304	-73.38	-77.5461	-79.087	-79.655	-79.8643	-79.9414	-79.9698	-79.9803	-79.9841	-79.9856	-79.9862	-79.9866	-79.9869	-79.9874
1.745	-66.0007	-66.0076	-65.6828	-64.9691	-63.8618	-62.3536	-60.4182	-58.0067	-55.0454	-51.4357	-47.0578	-41.7815	-35.4816	-28.059	-19.4966	-9.98583	-0.0984659	9.04995	15.3775	13.0053	-27.1461	-59.7867	-72.452	-77.1966	-78.9568	-79.6068	-79.8465	-79.9348	-79.9673	-79.9794	-79.9838	-79.9855	-79.9862	-79.9866	-79.9869	-79.9874
1.75	-66.1506	-66.1575	-65.8435	-65.1506	-64.0738	-62.6057	-60.7211	-58.3722	-55.4875	-51.9707	-47.7037	-42.5567	-36.4024	-29.1361	-20.7236	-11.317	-1.42557	7.90675	14.6868	13.5477	-19.221	-56.8456	-71.3766	-76.7976	-78.8084	-79.5518	-79.8262	-79.9273	-79.9646	-79.9783	-79.9834	-79.9854	-79.9861	-79.9866	-79.9869	-79.9874
1.755	-66.2973	-66.3042	-66.0006	-65.3279	-64.2806	-62.8516	-61.0164	-58.7284	-55.9183	-52.492	-48.3335	-43.3133	-37.3026	-30.1917	-21.9316	-12.6391	-2.76666	6.70936	13.9146	14.2311	-9.82347	-53.2765	-70.1058	-76.3358	-78.6383	-79.489	-79.8029	-79.9187	-79.9614	-79.9772	-79.983	-79.9852	-79.9861	-79.9865	-79.9869	-79.9874
1.76	-66.4409	-66.4478	-66.1543	-65.5011	-64.4825	-63.0915	-61.3042	-59.0756	-56.3381	-53	-48.9475	-44.0516	-38.1824	-31.2259	-23.1201	-13.9507	-4.11642	5.47787	13.1167	15.0439	-0.581131	-49.1568	-68.6136	-75.7977	-78.4421	-79.4168	-79.7763	-79.9089	-79.9578	-79.9758	-79.9825	-79.985	-79.986	-79.9865	-79.9869	-79.9874
1.765	-66.5816	-66.5884	-66.3046	-65.6704	-64.6795	-63.3255	-61.5849	-59.414	-56.7471	-53.4951	-49.546	-44.7719	-39.0421	-32.2386	-24.2887	-15.2497	-5.46932	4.2257	12.2972	15.7395	6.27071	-44.7633	-66.9192	-75.1765	-78.2156	-79.3339	-79.7458	-79.8977	-79.9536	-79.9743	-79.9819	-79.9848	-79.9859	-79.9865	-79.9869	-79.9874
1.77	-66.7193	-66.726	-66.4517	-65.8357	-64.8719	-63.5537	-61.8586	-59.7439	-57.1458	-53.9774	-50.1293	-45.4747	-39.8818	-33.23	-25.4368	-16.5345	-6.82089	2.95774	11.4272	16.08	10.1358	-40.2393	-65.0569	-74.4722	-77.9558	-79.2385	-79.7108	-79.8848	-79.9489	-79.9725	-79.9813	-79.9845	-79.9858	-79.9864	-79.9868	-79.9874
1.775	-66.854	-66.8608	-66.5955	-65.9973	-65.0597	-63.7764	-62.1254	-60.0654	-57.5343	-54.4475	-50.6979	-46.1601	-40.7021	-34.2002	-26.5641	-17.8033	-8.16816	1.6733	10.4783	16.0037	11.9601	-35.3498	-63.0164	-73.6837	-77.6605	-79.1294	-79.6706	-79.87	-79.9434	-79.9705	-79.9805	-79.9843	-79.9857	-79.9864	-79.9868	-79.9873
1.78	-66.986	-66.9927	-66.7362	-66.1552	-65.243	-63.9935	-62.3856	-60.3788	-57.9128	-54.9055	-51.252	-46.8286	-41.503	-35.1494	-27.6703	-19.0549	-9.5094	0.370523	9.44036	15.5862	12.8018	-29.5534	-60.7061	-72.7975	-77.3264	-79.0051	-79.6247	-79.8531	-79.9372	-79.9682	-79.9797	-79.9839	-79.9856	-79.9863	-79.9868	-79.9873
1.785	-67.1152	-67.1219	-66.8739	-66.3095	-65.422	-64.2054	-62.6393	-60.6843	-58.2818	-55.3518	-51.7921	-47.4804	-42.2849	-36.0776	-28.755	-20.2885	-10.8434	-0.950575	8.32169	14.9467	13.3463	-22.252	-57.9629	-71.7803	-76.9464	-78.8636	-79.5723	-79.8337	-79.93	-79.9656	-79.9787	-79.9836	-79.9854	-79.9863	-79.9868	-79.9873
1.79	-67.2418	-67.2483	-67.0085	-66.4603	-65.5967	-64.4121	-62.8866	-60.9821	-58.6414	-55.7868	-52.3183	-48.116	-43.0481	-36.9852	-29.8183	-21.5033	-12.1689	-2.28723	7.14114	14.1945	13.9652	-13.2771	-54.6231	-70.5841	-76.5086	-78.7017	-79.5123	-79.8115	-79.9219	-79.9625	-79.9776	-79.9831	-79.9853	-79.9862	-79.9867	-79.9873
1.795	-67.3657	-67.3722	-67.1403	-66.6077	-65.7673	-64.6138	-63.1279	-61.2724	-58.9919	-56.2106	-52.8312	-48.7357	-43.7929	-37.8722	-30.8602	-22.6988	-13.4845	-3.63455	5.91983	13.4028	14.7515	-3.70494	-50.6738	-69.171	-75.999	-78.5154	-79.4437	-79.7862	-79.9125	-79.9591	-79.9763	-79.9827	-79.9851	-79.9861	-79.9867	-79.9873
1.8	-67.487	-67.4935	-67.2693	-66.7518	-65.934	-64.8106	-63.3631	-61.5554	-59.3334	-56.6235	-53.3309	-49.3397	-44.5197	-38.739	-31.8805	-23.8746	-14.7882	-4.98692	4.67406	12.5933	15.5226	4.18608	-46.3461	-67.5443	-75.4077	-78.3001	-79.3648	-79.7571	-79.9018	-79.9551	-79.9748	-79.9821	-79.9849	-79.986	-79.9867	-79.9873
1.805	-67.6058	-67.6123	-67.3955	-66.8927	-66.0967	-65.0026	-63.5925	-61.8313	-59.6663	-57.026	-53.8179	-49.9285	-45.2288	-39.5859	-32.8795	-25.0301	-16.0782	-6.33937	3.41162	11.7452	16.0068	9.05346	-41.8749	-65.7397	-74.7328	-78.0524	-79.274	-79.7238	-79.8895	-79.9506	-79.9732	-79.9815	-79.9847	-79.986	-79.9866	-79.9872
1.81	-67.7221	-67.7286	-67.519	-67.0304	-66.2556	-65.19	-63.8163	-62.1003	-59.9908	-57.4182	-54.2924	-50.5024	-45.9204	-40.4131	-33.8573	-26.1648	-17.3529	-7.68843	2.1333	10.8267	16.0755	11.4692	-37.1661	-63.7688	-73.9751	-77.77	-79.17	-79.6855	-79.8754	-79.9454	-79.9712	-79.9808	-79.9844	-79.9858	-79.9866	-79.9872
1.815	-67.8361	-67.8425	-67.6399	-67.1651	-66.4108	-65.3729	-64.0345	-62.3625	-60.3071	-57.8003	-54.7548	-51.0618	-46.5949	-41.2209	-34.814	-27.2786	-18.6108	-9.03197	0.837204	9.82043	15.7667	12.5632	-31.7658	-61.5705	-73.1265	-77.4503	-79.0513	-79.6417	-79.8593	-79.9395	-79.969	-79.98	-79.9841	-79.9857	-79.9865	-79.9872
1.82	-67.9477	-67.9542	-67.7582	-67.2968	-66.5625	-65.5514	-64.2473	-62.6182	-60.6153	-58.1728	-55.2054	-51.6069	-47.2527	-42.0096	-35.7496	-28.371	-19.8509	-10.3687	-0.477533	8.72877	15.1927	13.1568	-25.058	-59.003	-72.161	-77.0878	-78.9161	-79.5917	-79.8408	-79.9327	-79.9665	-79.979	-79.9837	-79.9856	-79.9865	-79.9872
1.825	-68.057	-68.0635	-67.8741	-67.4256	-66.7106	-65.7256	-64.4549	-62.8675	-60.9158	-58.5358	-55.6444	-52.1381	-47.8941	-42.7795	-36.6645	-29.4419	-21.0725	-11.6974	-1.80911	7.56782	14.47	13.7234	-16.6394	-55.8893	-71.0344	-76.6723	-78.762	-79.5346	-79.8197	-79.9249	-79.9636	-79.978	-79.9833	-79.9854	-79.9864	-79.9871
1.83	-68.1641	-68.1706	-67.9875	-67.5515	-66.8553	-65.8956	-64.6574	-63.1105	-61.2087	-58.8895	-56.0722	-52.6558	-48.5195	-43.5308	-37.5589	-30.4914	-22.2749	-13.0167	-3.15327	6.35881	13.6871	14.4582	-7.05367	-52.1425	-69.7009	-76.1898	-78.5849	-79.4692	-79.7956	-79.916	-79.9604	-79.9768	-79.9829	-79.9853	-79.9864	-79.9871
1.835	-68.2691	-68.2756	-68.0986	-67.6747	-66.9967	-66.0616	-64.8549	-63.3475	-61.4942	-59.2343	-56.4891	-53.1602	-49.1291	-44.264	-38.4329	-31.5194	-23.4578	-14.3248	-4.50446	5.12041	12.8847	15.2676	1.69468	-47.9143	-68.1471	-75.6283	-78.3804	-79.3941	-79.7679	-79.9057	-79.9566	-79.9754	-79.9824	-79.9851	-79.9863	-79.9871
1.84	-68.3719	-68.3785	-68.2073	-67.7953	-67.1349	-66.2236	-65.0476	-63.5785	-61.7725	-59.5703	-56.8953	-53.6518	-49.7233	-44.9794	-39.2869	-32.5261	-24.6205	-15.62	-5.85736	3.86354	12.0542	15.8791	7.65548	-43.4838	-66.402	-74.9831	-78.1446	-79.3078	-79.7362	-79.8941	-79.9523	-79.9738	-79.9818	-79.9849	-79.9862	-79.987
1.845	-68.4726	-68.4793	-68.3139	-67.9132	-67.27	-66.3818	-65.2357	-63.8039	-62.0438	-59.8977	-57.2912	-54.1307	-50.3026	-45.6772	-40.1211	-33.5114	-25.7627	-16.9003	-7.20793	2.59107	11.1638	16.0986	10.8139	-38.896	-64.493	-74.2551	-77.8748	-79.2087	-79.6997	-79.8806	-79.9473	-79.9719	-79.9811	-79.9846	-79.9861	-79.987
1.85	-68.5714	-68.5781	-68.4182	-68.0286	-67.402	-66.5363	-65.4191	-64.0236	-62.3083	-60.2169	-57.677	-54.5975	-50.8671	-46.3578	-40.9358	-34.4756	-26.884	-18.1643	-8.55362	1.30152	10.1895	15.9135	12.2641	-33.8104	-62.3883	-73.4408	-77.5689	-79.0953	-79.658	-79.8653	-79.9417	-79.9699	-79.9803	-79.9843	-79.986	-79.9869
1.855	-68.6681	-68.6749	-68.5204	-68.1415	-67.531	-66.6872	-65.5981	-64.2379	-62.5661	-60.528	-58.0529	-55.0523	-51.4173	-47.0216	-41.7313	-35.4187	-27.984	-19.4108	-9.89289	-0.00661972	9.127	15.42	12.9663	-27.6377	-59.9728	-72.5214	-77.2225	-78.9663	-79.6103	-79.8477	-79.9352	-79.9675	-79.9794	-79.984	-79.9858	-79.9868
1.86	-68.763	-68.7699	-68.6205	-68.252	-67.6571	-66.8345	-65.7728	-64.4469	-62.8175	-60.8312	-58.4193	-55.4954	-51.9534	-47.6688	-42.5078	-36.341	-29.0627	-20.6391	-11.2246	-1.33257	7.98843	14.7383	13.506	-19.8365	-57.0724	-71.458	-76.8274	-78.8193	-79.5558	-79.8275	-79.9277	-79.9647	-79.9784	-79.9836	-79.9857	-79.9868
1.865	-68.8559	-68.8629	-68.7186	-68.3602	-67.7805	-66.9784	-65.9432	-64.6507	-63.0626	-61.1268	-58.7763	-55.9273	-52.4759	-48.2999	-43.2658	-37.2427	-30.1198	-21.8484	-12.5474	-2.67283	6.79415	13.9694	14.1763	-10.5081	-53.5482	-70.2023	-76.3705	-78.6509	-79.4935	-79.8045	-79.9193	-79.9616	-79.9773	-79.9832	-79.9855	-79.9867
1.87	-68.9471	-68.9542	-68.8148	-68.466	-67.9011	-67.119	-66.1096	-64.8495	-63.3015	-61.4149	-59.1243	-56.3481	-52.9851	-48.9151	-44.0054	-38.1239	-31.1555	-23.0383	-13.8598	-4.02217	5.56452	13.1727	14.9863	-1.17519	-49.4593	-68.7255	-75.8381	-78.4567	-79.4221	-79.7782	-79.9095	-79.958	-79.9759	-79.9827	-79.9853	-79.9866
1.875	-69.0365	-69.0437	-68.909	-68.5697	-68.019	-67.2563	-66.2719	-65.0434	-63.5345	-61.6957	-59.4634	-56.7581	-53.4813	-49.5149	-44.7271	-38.985	-32.1697	-24.2083	-15.1598	-5.375	4.31355	12.3554	15.6996	5.89084	-45.0767	-67.0441	-75.2228	-78.2324	-79.34	-79.748	-79.8984	-79.9539	-79.9744	-79.9821	-79.9851	-79.9865
1.88	-69.1241	-69.1314	-69.0014	-68.6713	-68.1344	-67.3905	-66.4305	-65.2326	-63.7616	-61.9694	-59.7939	-57.1577	-53.9647	-50.0994	-45.4312	-39.8263	-33.1627	-25.3579	-16.4456	-6.72676	3.04669	11.49	16.0692	9.94386	-40.5651	-65.1932	-74.5243	-77.975	-79.2455	-79.7133	-79.8856	-79.9492	-79.9727	-79.9814	-79.9849	-79.9864
1.885	-69.21	-69.2175	-69.0919	-68.7707	-68.2472	-67.5216	-66.5852	-65.4171	-63.9831	-62.2363	-60.1161	-57.5471	-54.4358	-50.6692	-46.1179	-40.6479	-34.1344	-26.4867	-17.7155	-8.0744	1.76348	10.5473	16.0209	11.8735	-35.7166	-63.1673	-73.742	-77.6823	-79.1374	-79.6735	-79.871	-79.9438	-79.9707	-79.9807	-79.9846	-79.9863
1.89	-69.2943	-69.302	-69.1807	-68.8681	-68.3577	-67.6497	-66.7363	-65.5971	-64.1991	-62.4964	-60.43	-57.9265	-54.8949	-51.2245	-46.7877	-41.4502	-35.085	-27.5943	-18.9684	-9.4161	0.462033	9.51551	15.6236	12.7576	-30.0049	-60.8807	-72.8635	-77.3511	-79.0142	-79.628	-79.8542	-79.9376	-79.9684	-79.9799	-79.9843	-79.9861
1.895	-69.377	-69.3848	-69.2677	-68.9635	-68.4657	-67.7749	-66.8838	-65.7728	-64.4097	-62.75	-60.736	-58.2963	-55.3422	-51.7656	-47.4408	-42.2335	-36.0147	-28.6806	-20.2032	-10.7506	-0.85783	8.40199	14.9959	13.3077	-22.8244	-58.1741	-71.857	-76.9747	-78.874	-79.576	-79.835	-79.9305	-79.9658	-79.9789	-79.9839	-79.986
1.9	-69.4581	-69.4661	-69.3531	-69.0569	-68.5714	-67.8974	-67.0279	-65.9442	-64.6152	-62.9972	-61.0343	-58.6567	-55.7781	-52.293	-48.0776	-42.998	-36.9237	-29.7454	-21.4194	-12.0768	-2.19353	7.22508	14.2487	13.9149	-13.9513	-54.8795	-70.6751	-76.5415	-78.7137	-79.5167	-79.8131	-79.9224	-79.9628	-79.9778	-79.9835	-79.9858
1.905	-69.5377	-69.5459	-69.4368	-69.1485	-68.6749	-68.0171	-67.1686	-66.1115	-64.8155	-63.2382	-61.325	-59.0079	-56.2028	-52.8069	-48.6984	-43.7442	-37.8122	-30.7887	-22.6163	-13.3931	-3.54028	6.00603	13.4584	14.6927	-4.35253	-50.9681	-69.2777	-76.0373	-78.5292	-79.4487	-79.788	-79.9131	-79.9594	-79.9765	-79.983	-79.9855
1.91	-69.6158	-69.6242	-69.5189	-69.2383	-68.7762	-68.1341	-67.306	-66.2747	-65.0109	-63.4732	-61.6084	-59.3502	-56.6167	-53.3077	-49.3037	-44.4723	-38.6805	-31.8106	-23.7934	-14.6977	-4.89245	4.76162	12.6505	15.4744	3.72542	-46.6572	-67.6651	-75.452	-78.3161	-79.3706	-79.7592	-79.9025	-79.9554	-79.975	-79.9824	-79.9853
1.915	-69.6925	-69.7011	-69.5995	-69.3263	-68.8754	-68.2485	-67.4403	-66.434	-65.2015	-63.7023	-61.8846	-59.6837	-57.02	-53.7956	-49.8936	-45.1826	-39.5287	-32.8111	-24.9503	-15.9888	-6.24503	3.50027	11.8062	15.9852	8.80353	-42.1944	-65.8719	-74.7829	-78.0708	-79.2807	-79.7262	-79.8904	-79.951	-79.9734	-79.9818	-79.985
1.92	-69.7678	-69.7765	-69.6785	-69.4125	-68.9725	-68.3605	-67.5714	-66.5896	-65.3874	-63.9257	-62.1539	-60.0088	-57.413	-54.2711	-50.4686	-45.8755	-40.3573	-33.7904	-26.0866	-17.2645	-7.5944	2.22313	10.8935	16.0835	11.3538	-37.5139	-63.9138	-74.0311	-77.7909	-79.1776	-79.6883	-79.8764	-79.9458	-79.9715	-79.9811	-79.9847
1.925	-69.8416	-69.8506	-69.7561	-69.4971	-69.0676	-68.4699	-67.6996	-66.7414	-65.5687	-64.1435	-62.4164	-60.3257	-57.796	-54.7345	-51.029	-46.5512	-41.1665	-34.7485	-27.2018	-18.5236	-8.93837	0.928342	9.89353	15.798	12.5092	-32.1822	-61.7354	-73.1895	-77.474	-79.06	-79.6449	-79.8605	-79.9399	-79.9693	-79.9802	-79.9843
1.93	-69.9141	-69.9234	-69.8323	-69.58	-69.1608	-68.5771	-67.8248	-66.8896	-65.7457	-64.3559	-62.6722	-60.6345	-58.1692	-55.1859	-51.5752	-47.2103	-41.9565	-35.6856	-28.2957	-19.765	-10.2756	-0.385103	8.80746	15.2386	13.1192	-25.5855	-59.1998	-72.2336	-77.1148	-78.9261	-79.5953	-79.8422	-79.9332	-79.9668	-79.9793	-79.9839
1.935	-69.9854	-69.9948	-69.907	-69.6613	-69.252	-68.6819	-67.9473	-67.0344	-65.9183	-64.5631	-62.9217	-60.9355	-58.5329	-55.6259	-52.1075	-47.8528	-42.7277	-36.602	-29.3682	-20.9879	-11.6049	-1.7156	7.65072	14.5231	13.6781	-17.2862	-56.1295	-71.12	-76.7034	-78.7734	-79.5387	-79.8212	-79.9254	-79.9639	-79.9782	-79.9834
1.94	-70.0553	-70.065	-69.9804	-69.7411	-69.3415	-68.7844	-68.0669	-67.1757	-66.0868	-64.7651	-63.1649	-61.2289	-58.8874	-56.0546	-52.6261	-48.4793	-43.4804	-37.4978	-30.4191	-22.1917	-12.9249	-3.05904	6.44442	13.7424	14.4007	-7.73216	-52.4256	-69.8021	-76.2261	-78.5981	-79.474	-79.7973	-79.9166	-79.9606	-79.9769	-79.9829
1.945	-70.124	-70.134	-70.0525	-69.8193	-69.4291	-68.8848	-68.1839	-67.3138	-66.2512	-64.9621	-63.4019	-61.5149	-59.2328	-56.4723	-53.1316	-49.0901	-44.2149	-38.3732	-31.4487	-23.3759	-14.2339	-4.40992	5.20763	12.9411	15.2131	1.15539	-48.2218	-68.2633	-75.6704	-78.3957	-79.3997	-79.7699	-79.9065	-79.9569	-79.9755	-79.9822
1.95	-70.1915	-70.2017	-70.1232	-69.8961	-69.515	-68.9831	-68.2983	-67.4486	-66.4116	-65.1543	-63.6331	-61.7937	-59.5695	-56.8794	-53.6241	-49.6855	-44.9315	-39.2286	-32.4568	-24.5401	-15.53	-5.76284	3.95189	12.1136	15.847	7.33666	-43.7997	-66.5304	-75.0312	-78.1621	-79.3142	-79.7385	-79.8949	-79.9526	-79.9739	-79.9815
1.955	-70.2578	-70.2683	-70.1927	-69.9715	-69.5991	-69.0793	-68.4102	-67.5803	-66.5682	-65.3417	-63.8584	-62.0654	-59.8976	-57.276	-54.104	-50.2658	-45.6306	-40.0642	-33.4436	-25.6838	-16.8114	-7.11367	2.68055	11.2285	16.0965	10.6601	-39.23	-64.6331	-74.309	-77.8949	-79.216	-79.7024	-79.8816	-79.9477	-79.972	-79.9807
1.96	-70.323	-70.3337	-70.261	-70.0454	-69.6817	-69.1735	-68.5196	-67.709	-66.7211	-65.5245	-64.0782	-62.3302	-60.2174	-57.6626	-54.5717	-50.8314	-46.3124	-40.8802	-34.4092	-26.8065	-18.0766	-8.45975	1.39227	10.2605	15.9375	12.1947	-34.1973	-62.5451	-73.5012	-77.5916	-79.1037	-79.661	-79.8664	-79.9421	-79.9699	-79.9797
1.965	-70.387	-70.398	-70.3281	-70.118	-69.7626	-69.2658	-68.6266	-67.8348	-66.8703	-65.7029	-64.2925	-62.5884	-60.5291	-58.0392	-55.0273	-51.3826	-46.9774	-41.6771	-35.3539	-27.908	-19.3243	-9.7995	0.0854538	9.20391	15.4617	12.9266	-28.122	-60.1568	-72.5902	-77.2483	-78.9759	-79.6138	-79.8489	-79.9356	-79.9674	-79.9787
1.97	-70.4499	-70.4612	-70.394	-70.1893	-69.8419	-69.3562	-68.7313	-67.9577	-67.016	-65.8769	-64.5014	-62.8401	-60.8328	-58.4063	-55.4714	-51.9198	-47.6258	-42.455	-36.2776	-28.9881	-20.5539	-11.1318	-1.23932	8.07009	14.7896	13.465	-20.4448	-57.2964	-71.5387	-76.857	-78.8302	-79.5598	-79.829	-79.9282	-79.9646	-79.9774
1.975	-70.5118	-70.5233	-70.4588	-70.2592	-69.9198	-69.4447	-68.8338	-68.0778	-67.1582	-66.0467	-64.7052	-63.0855	-61.1289	-58.7641	-55.904	-52.4433	-48.258	-43.2142	-37.1807	-30.0468	-21.7646	-12.4552	-2.57873	6.87902	14.0243	14.1222	-11.1936	-53.8176	-70.2979	-76.4049	-78.6635	-79.4981	-79.8062	-79.9198	-79.9614	-79.976
1.98	-70.5726	-70.5845	-70.5225	-70.328	-69.9962	-69.5315	-68.934	-68.1952	-67.2972	-66.2124	-64.9039	-63.3247	-61.4175	-59.1127	-56.3257	-52.9534	-48.8744	-43.9552	-38.0634	-31.084	-22.9559	-13.7684	-3.9276	5.65133	13.2287	14.9282	-1.78247	-49.761	-68.8367	-75.8782	-78.4712	-79.4274	-79.7801	-79.9101	-79.9578	-79.9744
1.985	-70.6324	-70.6446	-70.5851	-70.3955	-70.0711	-69.6165	-69.0322	-68.31	-67.4329	-66.3741	-65.0977	-63.5579	-61.6988	-59.4525	-56.7365	-53.4505	-49.4752	-44.6781	-38.9259	-32.0997	-24.1272	-15.0693	-5.28035	4.40159	12.4135	15.6578	5.49452	-45.3903	-67.1685	-75.2688	-78.2492	-79.346	-79.7501	-79.899	-79.9536	-79.9725
1.99	-70.6913	-70.7037	-70.6466	-70.4618	-70.1446	-69.6999	-69.1282	-68.4223	-67.5654	-66.5319	-65.2867	-63.7853	-61.973	-59.7836	-57.1368	-53.9349	-50.0608	-45.3834	-39.7685	-33.0941	-25.2783	-16.3561	-6.6323	3.13583	11.5527	16.0564	9.74106	-40.8899	-65.329	-74.5761	-77.9942	-79.2525	-79.7158	-79.8863	-79.9488	-79.9704
1.995	-70.7491	-70.7618	-70.7071	-70.5269	-70.2168	-69.7816	-69.2223	-68.5321	-67.6949	-66.6859	-65.4711	-64.007	-62.2403	-60.1064	-57.527	-54.4069	-50.6316	-46.0714	-40.5915	-34.0673	-26.4085	-17.6273	-7.98029	1.85385	10.616	16.0364	11.7817	-36.0798	-63.3172	-73.7999	-77.7041	-79.1454	-79.6763	-79.8718	-79.9432	-79.968
2	-70.806	-70.819	-70.7666	-70.591	-70.2876	-69.8617	-69.3144	-68.6394	-67.8214	-66.8363	-65.651	-64.2232	-62.5009	-60.4209	-57.9072	-54.8668	-51.1879	-46.7423	-41.3951	-35.0194	-27.5176	-18.8814	-9.32244	0.553722	9.59046	15.66	12.7119	-30.4499	-61.0536	-72.9291	-77.3757	-79.0233	-79.6312	-79.8551	-79.9369	-79.9652
2.005	-70.862	-70.8753	-70.8251	-70.6539	-70.3571	-69.9402	-69.4047	-68.7445	-67.9451	-66.9831	-65.8265	-64.434	-62.7548	-60.7275	-58.2776	-55.3149	-51.7301	-47.3966	-42.1798	-35.9506	-28.6054	-20.1175	-10.6575	-0.764889	8.48219	15.0446	13.2695	-23.3889	-58.3828	-71.9331	-77.0028	-78.8844	-79.5797	-79.836	-79.9297	-79.962
2.01	-70.9171	-70.9307	-70.8827	-70.7157	-70.4254	-70.0172	-69.493	-68.8473	-68.0659	-67.1264	-65.9977	-64.6396	-63.0024	-61.0263	-58.6387	-55.7516	-52.2584	-48.0345	-42.9456	-36.861	-29.6717	-21.335	-11.9843	-2.0996	7.30905	14.3028	13.8655	-14.6226	-55.1334	-70.7651	-76.5741	-78.7256	-79.5209	-79.8142	-79.9214	-79.9583
2.015	-70.9713	-70.9853	-70.9394	-70.7766	-70.4925	-70.0928	-69.5796	-68.9478	-68.184	-67.2664	-66.1648	-64.84	-63.2438	-61.3175	-58.9906	-56.1772	-52.7733	-48.6565	-43.6931	-37.7509	-30.7165	-22.5332	-13.3013	-3.44575	6.09233	13.5141	14.6338	-5.00927	-51.261	-69.3836	-76.0754	-78.543	-79.4535	-79.7892	-79.9119	-79.9542
2.02	-71.0247	-71.039	-70.9951	-70.8363	-70.5584	-70.167	-69.6645	-69.0462	-68.2994	-67.4031	-66.3278	-65.0356	-63.4792	-61.6014	-59.3335	-56.5918	-53.275	-49.2628	-44.4224	-38.6206	-31.7399	-23.7117	-14.6068	-4.79771	4.84934	12.7077	15.4246	3.24797	-46.9683	-67.7852	-75.4959	-78.332	-79.3761	-79.7606	-79.9011	-79.9494
2.025	-71.0773	-71.0918	-71.05	-70.8951	-70.6231	-70.2397	-69.7477	-69.1426	-68.4123	-67.5366	-66.4869	-65.2262	-63.7086	-61.8781	-59.6677	-56.9959	-53.7639	-49.8538	-45.134	-39.4703	-32.7419	-24.8701	-15.8989	-6.15039	3.58909	11.8671	15.9616	8.54038	-42.5136	-66.0037	-74.8327	-78.089	-79.2871	-79.7277	-79.8887	-79.9439
2.03	-71.129	-71.1438	-71.104	-70.953	-70.6867	-70.3111	-69.8292	-69.2369	-68.5227	-67.667	-66.6422	-65.4123	-63.9323	-62.1479	-59.9934	-57.3896	-54.2403	-50.4299	-45.8281	-40.3002	-33.7226	-26.0078	-17.1758	-7.50006	2.31311	10.96	16.0896	11.2313	-37.8591	-64.0581	-74.0868	-77.8117	-79.1849	-79.6901	-79.8744	-79.9376
2.035	-71.1799	-71.1951	-71.1571	-71.0098	-70.7492	-70.3812	-69.9091	-69.3293	-68.6307	-67.7945	-66.7938	-65.5937	-64.1504	-62.4108	-60.3108	-57.7733	-54.7044	-50.9913	-46.505	-41.1108	-34.6822	-27.1245	-18.4361	-8.84445	1.01963	9.96639	15.8279	12.4527	-32.593	-61.8988	-73.2521	-77.4974	-79.0683	-79.6469	-79.8581	-79.9304
2.04	-71.2301	-71.2456	-71.2095	-71.0658	-70.8106	-70.45	-69.9875	-69.4197	-68.7363	-67.919	-66.9418	-65.7707	-64.3631	-62.6671	-60.6202	-58.1472	-55.1568	-51.5385	-47.1652	-41.9021	-35.6209	-28.2199	-19.6787	-10.1822	-0.292509	8.88602	15.2839	13.0814	-26.1051	-59.3943	-72.3056	-77.1415	-78.9356	-79.5976	-79.8394	-79.9222
2.045	-71.2795	-71.2953	-71.261	-71.1209	-70.871	-70.5176	-70.0643	-69.5083	-68.8396	-68.0406	-67.0863	-65.9434	-64.5705	-62.917	-60.9218	-58.5116	-55.5975	-52.0717	-47.8089	-42.6746	-36.5387	-29.2938	-20.9029	-11.512	-1.62191	7.73359	14.5759	13.6336	-17.9273	-56.367	-71.2047	-76.7342	-78.7842	-79.5413	-79.818	-79.9128
2.05	-71.3281	-71.3443	-71.3118	-71.1751	-70.9304	-70.584	-70.1397	-69.5952	-68.9407	-68.1596	-67.2273	-66.1119	-64.7728	-63.1605	-61.2157	-58.8667	-56.027	-52.5914	-48.4366	-43.4286	-37.4359	-30.3463	-22.108	-12.8327	-2.9646	6.5301	13.7978	14.3436	-8.41508	-52.7067	-69.9024	-76.262	-78.6105	-79.4769	-79.7936	-79.902
2.055	-71.3761	-71.3925	-71.3617	-71.2284	-70.9887	-70.6491	-70.2137	-69.6802	-69.0397	-68.2758	-67.3651	-66.2763	-64.97	-63.398	-61.5022	-59.2128	-56.4455	-53.0977	-49.0484	-44.1644	-38.3128	-31.3773	-23.2937	-14.1426	-4.31513	5.29498	12.9977	15.1576	0.600579	-48.5289	-68.3786	-75.7121	-78.41	-79.403	-79.7656	-79.8896
2.06	-71.4233	-71.4401	-71.411	-71.2809	-71.0461	-70.7132	-70.2862	-69.7635	-69.1365	-68.3895	-67.4997	-66.4368	-65.1624	-63.6295	-61.7814	-59.5501	-56.8533	-53.5911	-49.6449	-44.8822	-39.1695	-32.387	-24.4593	-15.4396	-5.66806	4.04039	12.1729	15.8129	7.00252	-44.1156	-66.6582	-75.0786	-78.1787	-79.3179	-79.7335	-79.8755
2.065	-71.4699	-71.4869	-71.4595	-71.3326	-71.1026	-70.7761	-70.3574	-69.8452	-69.2313	-68.5006	-67.6311	-66.5934	-65.35	-63.8552	-62.0536	-59.8788	-57.2507	-54.0719	-50.2262	-45.5825	-40.0065	-33.3753	-25.6044	-16.7221	-7.01913	2.77017	11.2929	16.0923	10.4973	-39.5624	-64.7724	-74.3622	-77.9137	-79.2203	-79.6966	-79.8593
2.07	-71.5157	-71.5331	-71.5073	-71.3835	-71.1581	-70.8379	-70.4273	-69.9253	-69.3241	-68.6093	-67.7595	-66.7462	-65.5331	-64.0753	-62.319	-60.1992	-57.638	-54.5405	-50.7928	-46.2656	-40.8239	-34.3424	-26.7286	-17.9885	-8.36559	1.48316	10.3311	15.9599	12.1214	-34.5797	-62.7005	-73.5608	-77.6129	-79.1086	-79.6544	-79.8407
2.075	-71.561	-71.5787	-71.5544	-71.4337	-71.2128	-70.8987	-70.496	-70.0039	-69.415	-68.7156	-67.885	-66.8954	-65.7116	-64.2899	-62.5776	-60.5114	-58.0153	-54.997	-51.3451	-46.9317	-41.6221	-35.2885	-27.8316	-19.2375	-9.70582	0.177671	9.28064	15.5025	12.886	-28.599	-60.3386	-72.6581	-77.2725	-78.9813	-79.6061	-79.8194
2.08	-71.6055	-71.6236	-71.6008	-71.483	-71.2666	-70.9584	-70.5633	-70.0809	-69.5041	-68.8196	-68.0076	-67.0411	-65.8858	-64.4992	-62.8298	-60.8158	-58.3831	-55.4418	-51.8832	-47.5813	-42.4013	-36.2137	-28.9132	-20.4683	-11.0386	-1.14591	8.15167	14.8405	13.4246	-21.0457	-57.5175	-71.6179	-76.8847	-78.8364	-79.5509	-79.795
2.085	-71.6495	-71.6679	-71.6466	-71.5317	-71.3195	-71.0171	-70.6295	-70.1564	-69.5913	-68.9214	-68.1274	-67.1834	-66.0558	-64.7033	-63.0755	-61.1124	-58.7415	-55.8753	-52.4077	-48.2146	-43.1618	-37.1182	-29.9734	-21.6804	-12.3628	-2.48443	6.96393	14.0792	14.069	-11.8788	-54.0842	-70.3919	-76.4371	-78.6706	-79.4879	-79.7672
2.09	-71.6928	-71.7115	-71.6917	-71.5796	-71.3716	-71.0749	-70.6945	-70.2305	-69.6767	-69.0209	-68.2445	-67.3223	-66.2216	-64.9023	-63.3152	-61.4015	-59.0908	-56.2977	-52.9187	-48.832	-43.904	-38.0023	-31.012	-22.873	-13.6767	-3.83282	5.73825	13.2848	14.8697	-2.40208	-50.0613	-68.9463	-75.9158	-78.4795	-79.4156	-79.7353
2.095	-71.7355	-71.7546	-71.7362	-71.6268	-71.4229	-71.1317	-70.7583	-70.3032	-69.7605	-69.1184	-68.359	-67.4579	-66.3835	-65.0964	-63.5488	-61.6833	-59.4312	-56.7093	-53.4167	-49.4339	-44.6283	-38.8662	-32.0293	-24.0458	-14.9785	-5.18545	4.48978	12.4716	15.6144	5.08172	-45.7035	-67.2914	-75.312	-78.2587	-79.3325	-79.6987
2.1	-71.7777	-71.7971	-71.7801	-71.6734	-71.4735	-71.1875	-70.8211	-70.3745	-69.8425	-69.2138	-68.471	-67.5904	-66.5414	-65.2857	-63.7766	-61.958	-59.7629	-57.1103	-53.902	-50.0206	-45.3348	-39.7102	-33.0252	-25.1983	-16.2664	-6.53757	3.22511	11.6151	16.0415	9.52703	-41.2134	-65.4631	-74.6247	-78.0051	-79.237	-79.6568
2.105	-71.8193	-71.839	-71.8233	-71.7192	-71.5232	-71.2425	-70.8827	-70.4445	-69.923	-69.3072	-68.5805	-67.7199	-66.6956	-65.4703	-63.9986	-62.2258	-60.0862	-57.5012	-54.3748	-50.5925	-46.0239	-40.5346	-33.9998	-26.33	-17.5387	-7.88591	1.94434	10.6845	16.0503	11.6846	-36.439	-63.4649	-73.8541	-77.7162	-79.1275	-79.6087
2.11	-71.8603	-71.8803	-71.866	-71.7644	-71.5722	-71.2965	-70.9433	-70.5133	-70.0018	-69.3987	-68.6876	-67.8463	-66.8461	-65.6505	-64.2152	-62.4868	-60.4014	-57.8821	-54.8356	-51.1498	-46.696	-41.3396	-34.9534	-27.4406	-18.794	-9.2285	0.645548	9.66521	15.6953	12.6645	-30.8875	-61.2232	-72.9902	-77.3894	-79.0027	-79.5536
2.115	-71.9008	-71.9211	-71.9081	-71.809	-71.6205	-71.3498	-71.0028	-70.5807	-70.0792	-69.4882	-68.7923	-67.9699	-66.993	-65.8262	-64.4263	-62.7412	-60.7085	-58.2532	-55.2846	-51.6929	-47.3515	-42.1255	-35.886	-28.5298	-20.0314	-10.5641	-0.671798	8.56228	15.0929	13.2318	-23.9441	-58.5869	-72.0038	-77.0183	-78.8606	-79.4907
2.12	-71.9407	-71.9613	-71.9496	-71.8529	-71.668	-71.4021	-71.0614	-70.647	-70.155	-69.576	-68.8948	-68.0907	-67.1364	-65.9976	-64.6322	-62.9893	-61.0078	-58.6149	-55.7221	-52.2222	-47.9906	-42.8927	-36.7979	-29.5977	-21.2502	-11.8915	-2.0055	7.39303	14.357	13.8174	-15.2883	-55.3821	-70.8489	-76.592	-78.6984	-79.4188
2.125	-71.9801	-72.0011	-71.9906	-71.8963	-71.7148	-71.4537	-71.1189	-70.7121	-70.2294	-69.6619	-68.9951	-68.2087	-67.2765	-66.1649	-64.833	-63.2311	-61.2996	-58.9674	-56.1484	-52.738	-48.6136	-43.6414	-37.6893	-30.644	-22.4498	-13.2092	-3.35101	6.17875	13.57	14.5754	-5.67237	-51.5495	-69.4823	-76.0966	-78.5118	-79.3365
2.13	-72.019	-72.0403	-72.031	-71.939	-71.761	-71.5044	-71.1755	-70.776	-70.3024	-69.7461	-69.0932	-68.3241	-67.4132	-66.3282	-65.0288	-63.4668	-61.584	-59.311	-56.5638	-53.2406	-49.221	-44.372	-38.5604	-31.6689	-23.6297	-14.5156	-4.70274	4.93721	12.765	15.3739	2.75551	-47.2758	-67.8974	-75.5205	-78.2963	-79.242
2.135	-72.0574	-72.079	-72.0709	-71.9811	-71.8065	-71.5544	-71.2312	-70.8388	-70.3741	-69.8287	-69.1893	-68.4369	-67.5468	-66.4875	-65.2198	-63.6966	-61.8612	-59.6458	-56.9686	-53.7304	-49.8131	-45.0848	-39.4114	-32.6724	-24.7895	-15.8087	-6.05549	3.67807	11.9278	15.9361	8.26484	-42.8284	-66.1265	-74.8604	-78.0481	-79.1333
2.14	-72.0953	-72.1172	-72.1103	-72.0227	-71.8513	-71.6036	-71.286	-70.9005	-70.4444	-69.9096	-69.2833	-68.5472	-67.6774	-66.643	-65.4061	-63.9207	-62.1314	-59.9721	-57.363	-54.2076	-50.3902	-45.7801	-40.2428	-33.6546	-25.9287	-17.0867	-7.40546	2.40326	11.0264	16.094	11.1026	-38.1968	-64.1917	-74.1171	-77.7646	-79.0087
2.145	-72.1327	-72.155	-72.1492	-72.0638	-71.8956	-71.6521	-71.3399	-70.9612	-70.5134	-69.9889	-69.3754	-68.6551	-67.8048	-66.7947	-65.5879	-64.1392	-62.3948	-60.2901	-57.7474	-54.6727	-50.9527	-46.4582	-41.0546	-34.6157	-27.0468	-18.3482	-8.75026	1.11108	10.0391	15.8569	12.3944	-32.9915	-62.0492	-73.2854	-77.4431	-78.8662
2.15	-72.1697	-72.1922	-72.1876	-72.1042	-71.9391	-71.6998	-71.3929	-71.0208	-70.5811	-70.0667	-69.4655	-68.7607	-67.9294	-66.9429	-65.7651	-64.3523	-62.6516	-60.6	-58.122	-55.1258	-51.5008	-47.1196	-41.8473	-35.5557	-28.1437	-19.5921	-10.0885	-0.199745	8.96451	15.3288	13.0448	-26.6075	-59.5726	-72.3435	-77.0788	-78.7038
2.155	-72.2062	-72.229	-72.2254	-72.1442	-71.9821	-71.7469	-71.4451	-71.0794	-70.6476	-70.1429	-69.5539	-68.8639	-68.0512	-67.0876	-65.9381	-64.56	-62.9019	-60.9021	-58.4871	-55.5674	-52.035	-47.7645	-42.6211	-36.475	-29.2192	-20.8176	-11.4189	-1.52802	7.81653	14.6291	13.592	-18.5494	-56.5848	-71.25	-76.6624	-78.5186
2.16	-72.2422	-72.2654	-72.2629	-72.1836	-72.0245	-71.7932	-71.4965	-71.137	-70.7129	-70.2178	-69.6404	-68.9649	-68.1702	-67.2288	-66.1068	-64.7626	-63.1459	-61.1966	-58.8429	-55.9976	-52.5556	-48.3932	-43.3764	-37.3737	-30.2732	-22.0241	-12.7403	-2.86993	6.61598	13.8538	14.2897	-9.08649	-52.9653	-69.957	-76.1802	-78.3063
2.165	-72.2778	-72.3013	-72.2998	-72.2225	-72.0663	-71.8389	-71.5471	-71.1937	-70.7771	-70.2911	-69.7252	-69.0638	-68.2865	-67.3667	-66.2715	-64.9602	-63.3838	-61.4836	-59.1896	-56.4169	-53.0629	-49.0062	-44.1134	-38.2519	-31.3057	-23.2111	-14.051	-4.22008	5.38262	13.0549	15.1041	0.0449654	-48.8111	-68.4415	-75.6186	-78.0615
2.17	-72.3129	-72.3367	-72.3363	-72.2609	-72.1076	-71.8839	-71.5969	-71.2494	-70.8401	-70.3632	-69.8082	-69.1606	-68.4002	-67.5014	-66.4322	-65.1529	-63.6157	-61.7634	-59.5275	-56.8255	-53.5572	-49.6037	-44.8325	-39.1101	-32.3168	-24.3781	-15.349	-5.57298	4.12923	12.2328	15.7795	6.66392	-44.4023	-66.7253	-74.9711	-77.7793
2.175	-72.3477	-72.3718	-72.3723	-72.2988	-72.1483	-71.9283	-71.6459	-71.3042	-70.9021	-70.4338	-69.8897	-69.2553	-68.5113	-67.633	-66.589	-65.3409	-63.8418	-62.036	-59.8568	-57.2236	-54.0389	-50.1861	-45.534	-39.9484	-33.3066	-25.5246	-16.6325	-6.92427	2.86014	11.3577	16.0885	10.3338	-39.8571	-64.8412	-74.2374	-77.4556
2.18	-72.382	-72.4064	-72.4079	-72.3363	-72.1884	-71.9721	-71.6942	-71.3582	-70.9629	-70.5032	-69.9695	-69.348	-68.6201	-67.7616	-66.7421	-65.5242	-64.0623	-62.3018	-60.1777	-57.6115	-54.5082	-50.7537	-46.2183	-40.7672	-34.2752	-26.6503	-17.9001	-8.2711	1.57441	10.4023	15.9831	12.0523	-34.9103	-62.7725	-73.4155	-77.0872
2.185	-72.4159	-72.4406	-72.4431	-72.3732	-72.228	-72.0152	-71.7418	-71.4112	-71.0227	-70.5713	-70.0477	-69.4388	-68.7264	-67.8872	-66.8916	-65.703	-64.2773	-62.561	-60.4905	-57.9896	-54.9656	-51.3069	-46.8856	-41.5667	-35.2228	-27.7548	-19.1503	-9.6118	0.270263	9.35788	15.5448	12.8544	-29.0042	-60.4207	-72.4898	-76.6694
2.19	-72.4494	-72.4745	-72.4779	-72.4097	-72.2671	-72.0577	-71.7887	-71.4635	-71.0815	-70.6381	-70.1245	-69.5278	-68.8305	-68.0099	-67.0374	-65.8775	-64.4869	-62.8135	-60.7954	-58.358	-55.4112	-51.846	-47.5363	-42.3472	-36.1494	-28.838	-20.3825	-10.9452	-1.05209	8.23394	14.894	13.3982	-21.5519	-57.6183	-71.4246	-76.1932
2.195	-72.4825	-72.5079	-72.5122	-72.4458	-72.3057	-72.0997	-71.8349	-71.5149	-71.1394	-70.7038	-70.1998	-69.6149	-68.9322	-68.1299	-67.1799	-66.0478	-64.6913	-63.0598	-61.0925	-58.7171	-55.8455	-52.3714	-48.1707	-43.1091	-37.0554	-29.8996	-21.5958	-12.2699	-2.38967	7.0498	14.1377	14.0342	-12.4546	-54.2062	-70.1708	-75.6447
2.2	-72.5153	-72.5409	-72.5462	-72.4814	-72.3438	-72.1411	-71.8804	-71.5655	-71.1962	-70.7682	-70.2736	-69.7002	-69.0318	-68.2471	-67.319	-66.2139	-64.8907	-63.2998	-61.3822	-59.067	-56.2686	-52.8834	-48.7893	-43.8526	-37.9409	-30.9398	-22.7898	-13.5846	-3.73749	5.82642	13.3455	14.8317	-2.9216	-50.1903	-68.6915	-75.0074
2.205	-72.5476	-72.5736	-72.5797	-72.5166	-72.3814	-72.1819	-71.9252	-71.6153	-71.2521	-70.8316	-70.346	-69.7839	-69.1293	-68.3617	-67.4548	-66.376	-65.0851	-63.5339	-61.6645	-59.408	-56.681	-53.3823	-49.3923	-44.578	-38.8063	-31.9585	-23.964	-14.8873	-5.08993	4.57947	12.5348	15.5902	4.74452	-45.8134	-66.9923	-74.269
2.21	-72.5796	-72.6059	-72.6129	-72.5514	-72.4186	-72.2222	-71.9695	-71.6644	-71.3071	-70.8938	-70.4171	-69.8659	-69.2247	-68.4738	-67.5875	-66.5342	-65.2747	-63.762	-61.9397	-59.7403	-57.0828	-53.8685	-49.98	-45.2858	-39.6516	-32.9559	-25.1179	-16.1762	-6.44213	3.31608	11.6827	16.0434	9.37151	-41.2875	-65.1067	-73.4249
2.215	-72.6113	-72.6378	-72.6456	-72.5857	-72.4552	-72.2619	-72.013	-71.7128	-71.3612	-70.955	-70.4869	-69.9462	-69.3182	-68.5834	-67.7171	-66.6886	-65.4597	-63.9845	-62.2079	-60.0642	-57.4743	-54.3422	-50.5529	-45.9761	-40.4773	-33.9321	-26.2511	-17.4496	-7.79075	2.03663	10.7579	16.0793	11.6433	-36.476	-63.0377	-72.4722
2.22	-72.6425	-72.6694	-72.678	-72.6197	-72.4915	-72.3011	-72.056	-71.7604	-71.4145	-71.0151	-70.5554	-70.025	-69.4096	-68.6905	-67.8438	-66.8393	-65.6401	-64.2014	-62.4694	-60.3799	-57.8559	-54.8038	-51.1112	-46.6494	-41.2837	-34.8871	-27.3632	-18.7061	-9.13373	0.739229	9.74492	15.7463	12.6834	-30.89	-60.7116	-71.3979
2.225	-72.6734	-72.7006	-72.7101	-72.6532	-72.5272	-72.3398	-72.0984	-71.8073	-71.4669	-71.0742	-70.6226	-70.1023	-69.4992	-68.7954	-67.9675	-66.9864	-65.8161	-64.4129	-62.7243	-60.6876	-58.2277	-55.2536	-51.6553	-47.306	-42.0709	-35.8212	-28.4539	-19.9448	-10.4698	-0.576753	8.64772	15.1597	13.2827	-23.9067	-57.9739	-70.1689
2.23	-72.704	-72.7315	-72.7417	-72.6864	-72.5626	-72.378	-72.1402	-71.8535	-71.5184	-71.1322	-70.6887	-70.178	-69.587	-68.898	-68.0884	-67.1301	-65.9879	-64.6192	-62.9728	-60.9875	-58.5901	-55.6919	-52.1856	-47.9463	-42.8394	-36.7345	-29.5232	-21.1649	-11.7978	-1.90925	7.48329	14.4351	13.8887	-15.1939	-54.6438	-68.732
2.235	-72.7343	-72.762	-72.773	-72.7191	-72.5975	-72.4157	-72.1814	-71.899	-71.5692	-71.1894	-70.7535	-70.2523	-69.6729	-68.9983	-68.2066	-67.2704	-66.1554	-64.8203	-63.215	-61.2798	-58.9432	-56.1189	-52.7023	-48.5704	-43.5894	-37.6273	-30.5711	-22.3659	-13.1162	-3.2538	6.27294	13.6566	14.6639	-5.50593	-50.6508	-67.0334
2.24	-72.7642	-72.7922	-72.804	-72.7515	-72.6319	-72.4529	-72.2221	-71.9439	-71.6192	-71.2455	-70.8172	-70.3252	-69.7572	-69.0965	-68.3222	-67.4073	-66.319	-65.0165	-63.4512	-61.5647	-59.2874	-56.5351	-53.2058	-49.1789	-44.3213	-38.4998	-31.5974	-23.5471	-14.4233	-4.60483	5.03458	12.8585	15.4778	2.98427	-46.1647	-65.0522
2.245	-72.7938	-72.8221	-72.8347	-72.7836	-72.666	-72.4897	-72.2622	-71.9881	-71.6684	-71.3008	-70.8798	-70.3968	-69.8397	-69.1927	-68.4351	-67.5411	-66.4785	-65.2078	-63.6814	-61.8424	-59.6228	-56.9406	-53.6965	-49.7721	-45.0353	-39.3523	-32.6024	-24.7083	-15.7172	-5.95716	3.77802	12.0273	16.0537	8.53851	-41.4197	-62.8035
2.25	-72.8231	-72.8516	-72.865	-72.8152	-72.6997	-72.526	-72.3018	-72.0317	-71.7169	-71.3551	-70.9413	-70.467	-69.9206	-69.2868	-68.5456	-67.6718	-66.6343	-65.3944	-63.9059	-62.1131	-59.9497	-57.3358	-54.1746	-50.3502	-45.7318	-40.1849	-33.5861	-25.8488	-16.9961	-7.30694	2.50534	11.1312	16.2255	11.4307	-36.3444	-60.284
2.255	-72.852	-72.8809	-72.8949	-72.8465	-72.7329	-72.5619	-72.3409	-72.0747	-71.7646	-71.4086	-71.0017	-70.5359	-70	-69.379	-68.6536	-67.7995	-66.7863	-65.5765	-64.1248	-62.377	-60.2683	-57.7209	-54.6405	-50.9137	-46.4112	-40.9982	-34.5486	-26.9684	-18.2587	-8.65177	1.21505	10.1496	16.0069	12.8144	-30.4636	-57.4105
2.26	-72.8807	-72.9098	-72.9246	-72.8775	-72.7658	-72.5973	-72.3795	-72.1171	-71.8116	-71.4612	-71.0611	-70.6036	-70.0777	-69.4692	-68.7593	-67.9243	-66.9347	-65.7541	-64.3382	-62.6342	-60.5788	-58.0962	-55.0945	-51.4628	-47.0737	-41.7922	-35.4902	-28.0668	-19.5036	-9.99014	-0.0939081	9.08198	15.5068	13.6124	-23.1102	-53.997
2.265	-72.909	-72.9385	-72.9539	-72.9081	-72.7983	-72.6323	-72.4175	-72.1589	-71.858	-71.513	-71.1195	-70.67	-70.154	-69.5576	-68.8626	-68.0462	-67.0796	-65.9273	-64.5463	-62.8849	-60.8814	-58.4619	-55.5368	-51.998	-47.7197	-42.5673	-36.4109	-29.1437	-20.7303	-11.3208	-1.42001	7.94343	14.8473	14.3608	-13.9248	-49.8002
2.27	-72.9371	-72.9668	-72.983	-72.9384	-72.8305	-72.6668	-72.4551	-72.2002	-71.9036	-71.564	-71.1769	-70.7352	-70.2288	-69.6442	-68.9638	-68.1654	-67.221	-66.0963	-64.7493	-63.1294	-61.1764	-58.8183	-55.9679	-52.5195	-48.3495	-43.3239	-37.3109	-30.1991	-21.938	-12.6424	-2.75921	6.75497	14.1205	15.2551	-3.78591	-44.6582
2.275	-72.9649	-72.9948	-73.0117	-72.9684	-72.8622	-72.701	-72.4922	-72.2409	-71.9486	-71.6142	-71.2334	-70.7993	-70.3022	-69.729	-69.0627	-68.2818	-67.3592	-66.2613	-64.9472	-63.3677	-61.4639	-59.1656	-56.3879	-53.0277	-48.9636	-44.0621	-38.1906	-31.2331	-23.1261	-13.9531	-4.10612	5.53489	13.3643	16.1593	4.92632	-38.5914
2.28	-72.9924	-73.0226	-73.0401	-72.998	-72.8937	-72.7347	-72.5288	-72.281	-71.993	-71.6636	-71.2889	-70.8623	-70.3742	-69.8121	-69.1596	-68.3957	-67.4941	-66.4222	-65.1402	-63.6	-61.7442	-59.5041	-56.7972	-53.5229	-49.5622	-44.7825	-39.0501	-32.2456	-24.2943	-15.2511	-5.45561	4.29335	12.5667	16.7991	10.584	-31.5145
2.285	-73.0196	-73.0501	-73.0682	-73.0273	-72.9247	-72.768	-72.565	-72.3206	-72.0367	-71.7123	-71.3435	-70.9241	-70.4449	-69.8936	-69.2544	-68.507	-67.6259	-66.5793	-65.3285	-63.8265	-62.0173	-59.834	-57.196	-54.0054	-50.1456	-45.4852	-39.8898	-33.2367	-25.4419	-16.5346	-6.80378	3.03311	11.7003	17.0409	13.7722	-22.8441
2.29	-73.0465	-73.0773	-73.0961	-73.0563	-72.9554	-72.801	-72.6007	-72.3597	-72.0798	-71.7602	-71.3973	-70.9849	-70.5142	-69.9735	-69.3473	-68.6159	-67.7547	-66.7327	-65.5122	-64.0474	-62.2836	-60.1556	-57.5847	-54.4757	-50.7143	-46.1706	-40.7099	-34.2067	-26.5687	-17.8021	-8.14801	1.75393	10.7513	16.9367	15.802	-11.8722
2.295	-73.0732	-73.1042	-73.1236	-73.085	-72.9858	-72.8335	-72.636	-72.3982	-72.1223	-71.8074	-71.4501	-71.0446	-70.5823	-70.0518	-69.4382	-68.7224	-67.8805	-66.8824	-65.6913	-64.2627	-62.5432	-60.4689	-57.9634	-54.9338	-51.2685	-46.8391	-41.5107	-35.1555	-27.6742	-19.0524	-9.48643	0.456418	9.72602	16.6102	17.498	0.551265
2.3	-73.0996	-73.1309	-73.1509	-73.1134	-73.0159	-72.8657	-72.6708	-72.4363	-72.1642	-71.8539	-71.5022	-71.1034	-70.6492	-70.1286	-69.5272	-68.8266	-68.0034	-67.0285	-65.8661	-64.4727	-62.7962	-60.7744	-58.3325	-55.3803	-51.8086	-47.4909	-42.2925	-36.0835	-28.7584	-20.2846	-10.8174	-0.856744	8.63946	16.1475	18.9694	11.0276
2.305	-73.1257	-73.1573	-73.1779	-73.1416	-73.0456	-72.8976	-72.7053	-72.4739	-72.2056	-71.8998	-71.5534	-71.1611	-70.7148	-70.2039	-69.6145	-68.9285	-68.1235	-67.1712	-66.0366	-64.6775	-63.0429	-61.0721	-58.6922	-55.8153	-52.3349	-48.1265	-43.0555	-36.9907	-29.821	-21.498	-12.1393	-2.1818	7.50401	15.5684	19.9874	17.3678
2.31	-73.1516	-73.1834	-73.2047	-73.1694	-73.075	-72.929	-72.7393	-72.511	-72.2463	-71.9449	-71.6039	-71.2179	-70.7793	-70.2778	-69.6999	-69.0283	-68.2409	-67.3105	-66.203	-64.8772	-63.2834	-61.3622	-59.0427	-56.2393	-52.8478	-48.7461	-43.8002	-37.8774	-30.8621	-22.6918	-13.4503	-3.51519	6.32584	14.8636	20.4496	20.5236
2.315	-73.1772	-73.2093	-73.2311	-73.1969	-73.1041	-72.9601	-72.7729	-72.5476	-72.2866	-71.9894	-71.6535	-71.2737	-70.8426	-70.3503	-69.7836	-69.1259	-68.3557	-67.4465	-66.3654	-65.072	-63.5178	-61.645	-59.3844	-56.6523	-53.3476	-49.3501	-44.5268	-38.7439	-31.8817	-23.8657	-14.749	-4.85405	5.10765	14.029	20.4278	21.9366
2.32	-73.2026	-73.2349	-73.2573	-73.2242	-73.1328	-72.9909	-72.8061	-72.5838	-72.3262	-72.0333	-71.7024	-71.3286	-70.9049	-70.4214	-69.8657	-69.2214	-68.4679	-67.5794	-66.5238	-65.2619	-63.7464	-61.9207	-59.7173	-57.0549	-53.8346	-49.9389	-45.2357	-39.5904	-32.8799	-25.0191	-16.0341	-6.19607	3.85197	13.0744	20.046	22.4259
2.325	-73.2277	-73.2603	-73.2833	-73.2512	-73.1613	-73.0213	-72.8389	-72.6195	-72.3654	-72.0766	-71.7506	-71.3827	-70.966	-70.4912	-69.9461	-69.3149	-68.5777	-67.7093	-66.6785	-65.4472	-63.9693	-62.1894	-60.0418	-57.4471	-54.3092	-50.5127	-45.9272	-40.4172	-33.8567	-26.1518	-17.3044	-7.53915	2.56253	12.017	19.4095	22.3813
2.33	-73.2526	-73.2855	-73.309	-73.2779	-73.1895	-73.0514	-72.8714	-72.6548	-72.4041	-72.1192	-71.798	-71.4358	-71.0261	-70.5598	-70.025	-69.4065	-68.685	-67.8361	-66.8295	-65.628	-64.1866	-62.4514	-60.358	-57.8294	-54.7716	-51.072	-46.6015	-41.2245	-34.8124	-27.2636	-18.559	-8.88116	1.2442	10.8751	18.5909	21.9959
2.335	-73.2773	-73.3104	-73.3344	-73.3043	-73.2174	-73.0812	-72.9035	-72.6896	-72.4422	-72.1613	-71.8447	-71.4882	-71.0852	-70.6271	-70.1023	-69.4962	-68.79	-67.96	-66.9769	-65.8043	-64.3985	-62.7067	-60.6663	-58.2019	-55.2222	-51.6171	-47.2591	-42.0128	-35.7472	-28.3543	-19.797	-10.2199	-0.0976916	9.66491	17.6376	21.3754
2.34	-73.3017	-73.3351	-73.3597	-73.3305	-73.245	-73.1106	-72.9352	-72.724	-72.4799	-72.2028	-71.8908	-71.5396	-71.1433	-70.6931	-70.1782	-69.5841	-68.8927	-68.0812	-67.1208	-65.9763	-64.6051	-62.9556	-60.9667	-58.5649	-55.6612	-52.1482	-47.9003	-42.7822	-36.6612	-29.4239	-21.0175	-11.5532	-1.45782	8.39964	16.5801	20.5824
2.345	-73.3259	-73.3595	-73.3846	-73.3564	-73.2723	-73.1397	-72.9665	-72.758	-72.517	-72.2437	-71.9361	-71.5903	-71.2004	-70.758	-70.2526	-69.6702	-68.9932	-68.1995	-67.2613	-66.1442	-64.8066	-63.1983	-61.2595	-58.9186	-56.0891	-52.6658	-48.5255	-43.5331	-37.5548	-30.4723	-22.22	-12.8788	-2.83125	7.08973	15.4391	19.657
2.35	-73.3499	-73.3837	-73.4094	-73.3821	-73.2993	-73.1685	-72.9975	-72.7916	-72.5537	-72.2841	-71.9809	-71.6403	-71.2565	-70.8217	-70.3255	-69.7545	-69.0916	-68.3152	-67.3985	-66.308	-65.0031	-63.4349	-61.5449	-59.2634	-56.506	-53.1702	-49.1349	-44.2659	-38.4281	-31.4996	-23.4036	-14.1947	-4.21353	5.74353	14.229	18.6257
2.355	-73.3736	-73.4077	-73.4339	-73.4075	-73.3261	-73.1971	-73.0282	-72.8249	-72.59	-72.3239	-72.0249	-71.6894	-71.3118	-70.8844	-70.3971	-69.8372	-69.1879	-68.4284	-67.5325	-66.4678	-65.1947	-63.6655	-61.8231	-59.5994	-56.9122	-53.6617	-49.7289	-44.9809	-39.2815	-32.5059	-24.568	-15.4991	-5.60071	4.36784	12.9607	17.5067
2.36	-73.3971	-73.4315	-73.4582	-73.4327	-73.3526	-73.2253	-73.0585	-72.8577	-72.6258	-72.3632	-72.0684	-71.7378	-71.3661	-70.9459	-70.4674	-69.9182	-69.2821	-68.539	-67.6634	-66.6238	-65.3817	-63.8904	-62.0943	-59.9269	-57.3081	-54.1406	-50.3079	-45.6783	-40.1152	-33.4912	-25.7125	-16.7903	-6.9893	2.96836	11.6424	16.3134
2.365	-73.4204	-73.4551	-73.4822	-73.4576	-73.3788	-73.2532	-73.0884	-72.8901	-72.6611	-72.402	-72.1112	-71.7855	-71.4196	-71.0063	-70.5364	-69.9976	-69.3744	-68.6472	-67.7913	-66.7761	-65.564	-64.1097	-62.3586	-60.246	-57.6938	-54.6072	-50.8723	-46.3586	-40.9296	-34.4556	-26.8369	-18.0667	-8.3762	1.54996	10.281	15.056
2.37	-73.4436	-73.4784	-73.506	-73.4823	-73.4048	-73.2808	-73.1181	-72.9222	-72.696	-72.4403	-72.1535	-71.8324	-71.4722	-71.0658	-70.6041	-70.0755	-69.4648	-68.753	-67.9163	-66.9247	-65.7419	-64.3235	-62.6163	-60.5571	-58.0697	-55.0619	-51.4223	-47.0221	-41.7248	-35.3994	-27.9407	-19.3271	-9.75869	0.116983	8.8823	13.7425
2.375	-73.4665	-73.5015	-73.5297	-73.5068	-73.4305	-73.3082	-73.1474	-72.9539	-72.7305	-72.478	-72.1951	-71.8787	-71.5239	-71.1242	-70.6706	-70.1518	-69.5533	-68.8565	-68.0384	-67.0699	-65.9155	-64.532	-62.8675	-60.8603	-58.4361	-55.505	-51.9583	-47.6691	-42.5014	-36.3227	-29.0239	-20.5705	-11.1343	-1.3267	7.45155	12.3796
2.38	-73.4891	-73.5245	-73.5531	-73.5311	-73.456	-73.3352	-73.1764	-72.9852	-72.7646	-72.5153	-72.2362	-71.9243	-71.5749	-71.1816	-70.7359	-70.2267	-69.64	-68.9578	-68.1577	-67.2116	-66.0848	-64.7353	-63.1124	-61.1558	-58.7931	-55.9368	-52.4806	-48.3	-43.2594	-37.2256	-30.0862	-21.7958	-12.5009	-2.77755	5.99341	10.9732
2.385	-73.5116	-73.5472	-73.5762	-73.5551	-73.4812	-73.362	-73.2051	-73.0162	-72.7983	-72.5522	-72.2767	-71.9692	-71.6251	-71.2381	-70.8	-70.3002	-69.7249	-69.0569	-68.2744	-67.35	-66.25	-64.9335	-63.3511	-61.4438	-59.141	-56.3575	-52.9897	-48.9151	-43.9993	-38.1084	-31.1275	-23.0022	-13.8564	-4.2323	4.51227	9.52866
2.39	-73.5339	-73.5697	-73.5992	-73.5789	-73.5062	-73.3885	-73.2335	-73.0469	-72.8316	-72.5885	-72.3167	-72.0135	-71.6745	-71.2937	-70.863	-70.3723	-69.8082	-69.1539	-68.3884	-67.4851	-66.4113	-65.1269	-63.5838	-61.7245	-59.4801	-56.7675	-53.4857	-49.5148	-44.7214	-38.9714	-32.1479	-24.1892	-15.1992	-5.68792	3.01224	8.05074
2.395	-73.556	-73.5921	-73.622	-73.6025	-73.531	-73.4148	-73.2617	-73.0772	-72.8644	-72.6244	-72.3562	-72.0572	-71.7231	-71.3483	-70.9249	-70.443	-69.8898	-69.2489	-68.4999	-67.6171	-66.5686	-65.3155	-63.8108	-61.9982	-59.8106	-57.167	-53.9691	-50.0994	-45.426	-39.8148	-33.1474	-25.3562	-16.5277	-7.14161	1.49724	6.5441
2.4	-73.5779	-73.6142	-73.6446	-73.6258	-73.5555	-73.4408	-73.2895	-73.1071	-72.8969	-72.6599	-72.3951	-72.1002	-71.7711	-71.4021	-70.9858	-70.5125	-69.9697	-69.3419	-68.609	-67.7461	-66.7222	-65.4995	-64.032	-62.2649	-60.1326	-57.5563	-54.4402	-50.6692	-46.1133	-40.6388	-34.126	-26.5027	-17.8406	-8.59074	-0.0289819	5.01318
2.405	-73.5996	-73.6361	-73.6669	-73.649	-73.5798	-73.4665	-73.317	-73.1368	-72.9291	-72.6949	-72.4336	-72.1426	-71.8183	-71.455	-71.0456	-70.5806	-70.0482	-69.4329	-68.7156	-67.8721	-66.8721	-65.6789	-64.2477	-62.5249	-60.4466	-57.9358	-54.8992	-51.2247	-46.7839	-41.4437	-35.0839	-27.6285	-19.1366	-10.0329	-1.56283	3.46223
2.41	-73.6212	-73.6579	-73.6891	-73.6719	-73.6038	-73.492	-73.3442	-73.1661	-72.9608	-72.7295	-72.4715	-72.1845	-71.8648	-71.5071	-71.1043	-70.6475	-70.1251	-69.5221	-68.82	-67.9952	-67.0185	-65.854	-64.4581	-62.7784	-60.7525	-58.3055	-55.3465	-51.766	-47.4379	-42.2299	-36.0213	-28.7333	-20.4146	-11.4658	-3.10087	1.89539
2.415	-73.6425	-73.6795	-73.7111	-73.6947	-73.6276	-73.5173	-73.3712	-73.1951	-72.9922	-72.7637	-72.5089	-72.2258	-71.9106	-71.5583	-71.1621	-70.7133	-70.2005	-69.6094	-68.922	-68.1155	-67.1614	-66.0248	-64.6632	-63.0255	-61.0507	-58.6658	-55.7824	-52.2937	-48.0758	-42.9975	-36.9382	-29.817	-21.6738	-12.8873	-4.63981	0.31667
2.42	-73.6637	-73.7008	-73.7329	-73.7172	-73.6513	-73.5423	-73.3979	-73.2238	-73.0232	-72.7975	-72.5459	-72.2665	-71.9557	-71.6088	-71.2189	-70.7778	-70.2744	-69.695	-69.0219	-68.2331	-67.301	-66.1915	-64.8633	-63.2664	-61.3414	-59.017	-56.2072	-52.8079	-48.6978	-43.7469	-37.8349	-30.8795	-22.9134	-14.2956	-6.17652	-1.27003
2.425	-73.6847	-73.722	-73.7545	-73.7395	-73.6746	-73.567	-73.4243	-73.2522	-73.0539	-72.8308	-72.5824	-72.3067	-72.0003	-71.6584	-71.2748	-70.8412	-70.347	-69.7788	-69.1197	-68.3481	-67.4373	-66.3541	-65.0584	-63.5012	-61.6247	-59.3593	-56.6212	-53.3091	-49.3043	-44.4785	-38.7116	-31.9207	-24.1326	-15.689	-7.70803	-2.86096
2.43	-73.7055	-73.7431	-73.7759	-73.7617	-73.6978	-73.5915	-73.4505	-73.2803	-73.0843	-72.8638	-72.6184	-72.3463	-72.0441	-71.7074	-71.3298	-70.9035	-70.4182	-69.861	-69.2153	-68.4605	-67.5704	-66.5129	-65.2486	-63.7302	-61.9009	-59.6929	-57.0246	-53.7975	-49.8956	-45.1924	-39.5685	-32.9406	-25.3311	-17.0658	-9.23155	-4.4525
2.435	-73.7261	-73.7639	-73.7972	-73.7836	-73.7208	-73.6158	-73.4764	-73.3081	-73.1143	-72.8964	-72.654	-72.3854	-72.0874	-71.7555	-71.3839	-70.9647	-70.4881	-69.9416	-69.309	-68.5704	-67.7004	-66.6678	-65.4343	-63.9535	-62.1701	-60.018	-57.4178	-54.2736	-50.4721	-45.8891	-40.406	-33.9393	-26.5082	-18.4246	-10.7444	-6.04121
2.44	-73.7466	-73.7846	-73.8183	-73.8054	-73.7436	-73.6399	-73.502	-73.3356	-73.144	-72.9286	-72.6892	-72.424	-72.13	-71.803	-71.4371	-71.0249	-70.5567	-70.0205	-69.4007	-68.6779	-67.8274	-66.819	-65.6153	-64.1712	-62.4325	-60.3349	-57.8009	-54.7375	-51.0341	-46.5688	-41.2242	-34.917	-27.6638	-19.7642	-12.2443	-7.62381
2.445	-73.7669	-73.8051	-73.8391	-73.827	-73.7661	-73.6637	-73.5274	-73.3628	-73.1734	-72.9605	-72.7239	-72.4621	-72.1721	-71.8497	-71.4894	-71.084	-70.6241	-70.098	-69.4906	-68.783	-67.9516	-66.9666	-65.7919	-64.3834	-62.6883	-60.6437	-58.1744	-55.1896	-51.582	-47.232	-42.0235	-35.8737	-28.7974	-21.0835	-13.7289	-9.19723
2.45	-73.787	-73.8254	-73.8599	-73.8484	-73.7885	-73.6874	-73.5526	-73.3898	-73.2024	-72.992	-72.7582	-72.4997	-72.2135	-71.8958	-71.541	-71.1421	-70.6902	-70.1739	-69.5786	-68.8859	-68.0729	-67.1108	-65.9643	-64.5904	-62.9377	-60.9448	-58.5383	-55.6302	-52.1161	-47.8788	-42.804	-36.8096	-29.9089	-22.3816	-15.1963	-10.7586
2.455	-73.807	-73.8456	-73.8804	-73.8696	-73.8107	-73.7108	-73.5775	-73.4165	-73.2312	-73.0231	-72.7921	-72.5368	-72.2545	-71.9412	-71.5917	-71.1993	-70.7552	-70.2484	-69.6648	-68.9866	-68.1914	-67.2515	-66.1324	-64.7923	-63.1808	-61.2382	-58.893	-56.0597	-52.6366	-48.5097	-43.5662	-37.725	-30.9983	-23.6577	-16.6445	-12.3052
2.46	-73.8268	-73.8656	-73.9008	-73.8906	-73.8326	-73.734	-73.6021	-73.4429	-73.2596	-73.0539	-72.8256	-72.5734	-72.2948	-71.9859	-71.6417	-71.2555	-70.819	-70.3214	-69.7492	-69.0851	-68.3073	-67.389	-66.2965	-64.9891	-63.4179	-61.5243	-59.2388	-56.4782	-53.1441	-49.1249	-44.3103	-38.6199	-32.0654	-24.911	-18.072	-13.8348
2.465	-73.8464	-73.8855	-73.921	-73.9114	-73.8544	-73.7569	-73.6266	-73.469	-73.2877	-73.0843	-72.8587	-72.6096	-72.3346	-72.03	-71.6908	-71.3108	-70.8817	-70.3932	-69.832	-69.1815	-68.4207	-67.5232	-66.4566	-65.1811	-63.649	-61.8031	-59.5757	-56.8861	-53.6386	-49.7249	-45.0366	-39.4946	-33.1103	-26.1411	-19.4775	-15.3451
2.47	-73.8659	-73.9052	-73.941	-73.9321	-73.876	-73.7797	-73.6508	-73.4949	-73.3156	-73.1144	-72.8914	-72.6454	-72.3739	-72.0735	-71.7393	-71.3652	-70.9433	-70.4635	-69.9131	-69.2759	-68.5314	-67.6543	-66.6129	-65.3684	-63.8743	-62.0749	-59.9042	-57.2837	-54.1207	-50.3099	-45.7454	-40.3494	-34.133	-27.3476	-20.8596	-16.8342
2.475	-73.8852	-73.9247	-73.9609	-73.9526	-73.8974	-73.8023	-73.6748	-73.5205	-73.3431	-73.1442	-72.9237	-72.6807	-72.4127	-72.1163	-71.787	-71.4187	-71.0038	-70.5326	-69.9926	-69.3683	-68.6398	-67.7824	-66.7654	-65.5511	-64.094	-62.3399	-60.2244	-57.6712	-54.5905	-50.8803	-46.4371	-41.1845	-35.1336	-28.5302	-22.2175	-18.3005
2.48	-73.9044	-73.9441	-73.9806	-73.9729	-73.9186	-73.8247	-73.6985	-73.5459	-73.3704	-73.1736	-72.9557	-72.7155	-72.4509	-72.1586	-71.834	-71.4714	-71.0633	-70.6004	-70.0706	-69.4588	-68.7458	-67.9076	-66.9143	-65.7293	-64.3083	-62.5982	-60.5364	-58.0489	-55.0485	-51.4363	-47.1118	-42.0001	-36.1122	-29.6887	-23.5503	-19.7426
2.485	-73.9234	-73.9633	-74.0002	-73.9931	-73.9397	-73.8468	-73.7221	-73.5711	-73.3974	-73.2027	-72.9873	-72.75	-72.4887	-72.2002	-71.8803	-71.5232	-71.1218	-70.667	-70.1471	-69.5474	-68.8495	-68.0299	-67.0597	-65.9032	-64.5172	-62.85	-60.8406	-58.417	-55.4949	-51.9785	-47.7701	-42.7966	-37.0691	-30.823	-24.8575	-21.1593
2.49	-73.9423	-73.9824	-74.0196	-74.0131	-73.9605	-73.8688	-73.7454	-73.596	-73.4241	-73.2315	-73.0185	-72.784	-72.526	-72.2413	-71.9259	-71.5742	-71.1793	-70.7323	-70.2221	-69.6342	-68.9509	-68.1494	-67.2016	-66.0728	-64.7209	-63.0956	-61.1372	-58.7759	-55.9299	-52.5069	-48.4121	-43.5742	-38.0043	-31.933	-26.1385	-22.5496
2.495	-73.961	-74.0013	-74.0389	-74.033	-73.9812	-73.8906	-73.7685	-73.6206	-73.4506	-73.2601	-73.0494	-72.8176	-72.5628	-72.2819	-71.9709	-71.6244	-71.2358	-70.7965	-70.2956	-69.7193	-69.0502	-68.2663	-67.3402	-66.2384	-64.9196	-63.3349	-61.4263	-59.1256	-56.354	-53.0221	-49.0382	-44.3333	-38.9182	-33.0189	-27.3931	-23.913
2.5	-73.9796	-74.0201	-74.058	-74.0526	-74.0017	-73.9122	-73.7914	-73.645	-73.4767	-73.2883	-73.0799	-72.8509	-72.5991	-72.3219	-72.0152	-71.6739	-71.2915	-70.8596	-70.3678	-69.8027	-69.1473	-68.3805	-67.4756	-66.3999	-65.1134	-63.5683	-61.7081	-59.4665	-56.7673	-53.5242	-49.6488	-45.074	-39.811	-34.0808	-28.6212	-25.2488
2.505	-73.998	-74.0387	-74.0769	-74.0722	-74.0221	-73.9336	-73.8141	-73.6692	-73.5027	-73.3162	-73.1101	-72.8837	-72.635	-72.3614	-72.0589	-71.7226	-71.3462	-70.9216	-70.4386	-69.8844	-69.2424	-68.4922	-67.6079	-66.5576	-65.3025	-63.7959	-61.9828	-59.7989	-57.1702	-54.0137	-50.2441	-45.7968	-40.683	-35.1188	-29.8226	-26.5569
2.51	-74.0163	-74.0572	-74.0957	-74.0915	-74.0423	-73.9548	-73.8366	-73.6932	-73.5283	-73.3438	-73.14	-72.9161	-72.6705	-72.4003	-72.1019	-71.7705	-71.4	-70.9825	-70.5082	-69.9645	-69.3355	-68.6014	-67.737	-66.7115	-65.4869	-64.0178	-62.2506	-60.1228	-57.5629	-54.4908	-50.8245	-46.5019	-41.5344	-36.1331	-30.9976	-27.837
2.515	-74.0345	-74.0755	-74.1144	-74.1107	-74.0623	-73.9759	-73.8588	-73.7169	-73.5537	-73.3711	-73.1695	-72.9482	-72.7055	-72.4387	-72.1444	-71.8178	-71.4529	-71.0424	-70.5764	-70.043	-69.4267	-68.7082	-67.8633	-66.8617	-65.6668	-64.2342	-62.5117	-60.4386	-57.9457	-54.9558	-51.3904	-47.1897	-42.3655	-37.1241	-32.1462	-29.0891
2.52	-74.0525	-74.0938	-74.1329	-74.1298	-74.0821	-73.9967	-73.8809	-73.7405	-73.5789	-73.3982	-73.1988	-72.9799	-72.7401	-72.4767	-72.1863	-71.8643	-71.5051	-71.1012	-70.6434	-70.12	-69.516	-68.8127	-67.9866	-67.0084	-65.8423	-64.4452	-62.7663	-60.7465	-58.3188	-55.409	-51.942	-47.8605	-43.1766	-38.092	-33.2687	-30.3134
2.525	-74.0704	-74.1118	-74.1513	-74.1487	-74.1018	-74.0174	-73.9028	-73.7638	-73.6038	-73.425	-73.2277	-73.0113	-72.7743	-72.5141	-72.2276	-71.9102	-71.5564	-71.159	-70.7092	-70.1955	-69.6035	-68.915	-68.1071	-67.1516	-66.0135	-64.651	-63.0145	-61.0466	-58.6825	-55.8508	-52.4796	-48.5145	-43.9681	-39.0372	-34.3655	-31.5102
2.53	-74.0882	-74.1298	-74.1695	-74.1675	-74.1214	-74.0379	-73.9245	-73.7868	-73.6285	-73.4515	-73.2563	-73.0423	-72.808	-72.5511	-72.2683	-71.9554	-71.6069	-71.2159	-70.7738	-70.2696	-69.6892	-69.015	-68.2249	-67.2914	-66.1806	-64.8517	-63.2564	-61.3391	-59.037	-56.2814	-53.0037	-49.1523	-44.7403	-39.9599	-35.4368	-32.6797
2.535	-74.1058	-74.1476	-74.1876	-74.1861	-74.1407	-74.0583	-73.946	-73.8097	-73.653	-73.4777	-73.2846	-73.0729	-72.8414	-72.5876	-72.3085	-71.9999	-71.6566	-71.2719	-70.8373	-70.3423	-69.7731	-69.1129	-68.3401	-67.428	-66.3437	-65.0475	-63.4924	-61.6244	-59.3826	-56.7011	-53.5145	-49.774	-45.4936	-40.8606	-36.4831	-33.8224
2.54	-74.1233	-74.1652	-74.2056	-74.2046	-74.1599	-74.0784	-73.9674	-73.8324	-73.6772	-73.5037	-73.3126	-73.1032	-72.8743	-72.6237	-72.3482	-72.0438	-71.7056	-71.3269	-70.8997	-70.4136	-69.8554	-69.2088	-68.4527	-67.5614	-66.5028	-65.2384	-63.7225	-61.9024	-59.7194	-57.1102	-54.0124	-50.3801	-46.2282	-41.7396	-37.5048	-34.9386
2.545	-74.1406	-74.1828	-74.2234	-74.2229	-74.179	-74.0984	-73.9885	-73.8549	-73.7012	-73.5295	-73.3403	-73.1332	-72.9069	-72.6593	-72.3873	-72.0871	-71.7538	-71.381	-70.961	-70.4836	-69.9361	-69.3026	-68.5628	-67.6917	-66.6582	-65.4247	-63.9468	-62.1735	-60.0478	-57.509	-54.4976	-50.9708	-46.9446	-42.5973	-38.5023	-36.0288
2.55	-74.1579	-74.2002	-74.2411	-74.2411	-74.1979	-74.1183	-74.0095	-73.8772	-73.725	-73.5549	-73.3677	-73.1628	-72.9391	-72.6944	-72.4259	-72.1298	-71.8013	-71.4343	-71.0212	-70.5523	-70.0152	-69.3945	-68.6705	-67.819	-66.8098	-65.6064	-64.1656	-62.4378	-60.3679	-57.8976	-54.9704	-51.5466	-47.643	-43.4341	-39.4761	-37.0936
2.555	-74.175	-74.2175	-74.2586	-74.2591	-74.2167	-74.138	-74.0303	-73.8992	-73.7485	-73.5802	-73.3948	-73.1922	-72.971	-72.7292	-72.464	-72.1719	-71.8481	-71.4867	-71.0804	-70.6197	-70.0927	-69.4844	-68.7759	-67.9434	-66.9578	-65.7837	-64.3789	-62.6955	-60.68	-58.2764	-55.4313	-52.1077	-48.3239	-44.2504	-40.4266	-38.1333
2.56	-74.1919	-74.2346	-74.2761	-74.2771	-74.2353	-74.1575	-74.0509	-73.9211	-73.7719	-73.6051	-73.4217	-73.2212	-73.0024	-72.7635	-72.5016	-72.2134	-71.8942	-71.5383	-71.1386	-70.6859	-70.1688	-69.5725	-68.8789	-68.065	-67.1024	-65.9566	-64.587	-62.9467	-60.9842	-58.6457	-55.8804	-52.6545	-48.9877	-45.0464	-41.3542	-39.1485
2.565	-74.2088	-74.2517	-74.2934	-74.2948	-74.2538	-74.1769	-74.0713	-73.9428	-73.795	-73.6299	-73.4483	-73.2499	-73.0335	-72.7974	-72.5388	-72.2543	-71.9396	-71.5891	-71.1958	-70.751	-70.2434	-69.6589	-68.9798	-68.1838	-67.2435	-66.1254	-64.79	-63.1917	-61.2808	-59.0055	-56.3181	-53.1873	-49.6345	-45.8228	-42.2593	-40.1397
2.57	-74.2255	-74.2686	-74.3105	-74.3125	-74.2721	-74.1961	-74.0916	-73.9643	-73.8179	-73.6544	-73.4746	-73.2783	-73.0643	-72.8309	-72.5755	-72.2947	-71.9844	-71.6391	-71.2521	-70.8149	-70.3165	-69.7435	-69.0785	-68.3	-67.3814	-66.2901	-64.9879	-63.4306	-61.5699	-59.3563	-56.7446	-53.7065	-50.2649	-46.5797	-43.1424	-41.1072
2.575	-74.2422	-74.2854	-74.3276	-74.33	-74.2903	-74.2151	-74.1117	-73.9856	-73.8406	-73.6787	-73.5007	-73.3064	-73.0947	-72.864	-72.6117	-72.3345	-72.0285	-71.6883	-71.3075	-70.8776	-70.3883	-69.8264	-69.1751	-68.4136	-67.516	-66.4509	-65.181	-63.6635	-61.8517	-59.6983	-57.1603	-54.2124	-50.8793	-47.3175	-44.0039	-42.0515
2.58	-74.2587	-74.302	-74.3445	-74.3474	-74.3084	-74.234	-74.1316	-74.0067	-73.8631	-73.7027	-73.5265	-73.3342	-73.1248	-72.8967	-72.6474	-72.3739	-72.072	-71.7368	-71.3619	-70.9393	-70.4588	-69.9076	-69.2696	-68.5246	-67.6475	-66.6078	-65.3693	-63.8906	-62.1265	-60.0316	-57.5654	-54.7054	-51.4778	-48.0368	-44.8441	-42.973
2.585	-74.2751	-74.3186	-74.3613	-74.3646	-74.3263	-74.2528	-74.1514	-74.0277	-73.8854	-73.7265	-73.552	-73.3617	-73.1546	-72.929	-72.6827	-72.4127	-72.1149	-71.7846	-71.4155	-70.9999	-70.528	-69.9873	-69.3622	-68.6332	-67.776	-66.761	-65.553	-64.112	-62.3944	-60.3564	-57.9602	-55.1857	-52.061	-48.7377	-45.6634	-43.8722
2.59	-74.2913	-74.335	-74.378	-74.3818	-74.3441	-74.2714	-74.171	-74.0485	-73.9075	-73.7501	-73.5773	-73.3889	-73.184	-72.961	-72.7176	-72.451	-72.1572	-71.8316	-71.4682	-71.0595	-70.5958	-70.0654	-69.4529	-68.7395	-67.9016	-66.9105	-65.7323	-64.328	-62.6556	-60.6731	-58.3449	-55.6536	-52.6291	-49.4207	-46.4622	-44.7492
2.595	-74.3075	-74.3513	-74.3946	-74.3988	-74.3617	-74.2899	-74.1905	-74.0691	-73.9294	-73.7735	-73.6024	-73.4159	-73.2131	-72.9926	-72.7521	-72.4887	-72.1989	-71.878	-71.5201	-71.118	-70.6625	-70.142	-69.5417	-68.8434	-68.0243	-67.0565	-65.9072	-64.5386	-62.9102	-60.9818	-58.7198	-56.1095	-53.1826	-50.0862	-47.2408	-45.6046
2.6	-74.3235	-74.3676	-74.411	-74.4157	-74.3792	-74.3082	-74.2098	-74.0895	-73.9511	-73.7967	-73.6272	-73.4426	-73.2419	-73.0238	-72.7861	-72.5261	-72.24	-71.9236	-71.5712	-71.1756	-70.728	-70.2171	-69.6287	-68.9451	-68.1442	-67.1991	-66.0779	-64.7441	-63.1585	-61.2826	-59.0852	-56.5537	-53.7217	-50.7345	-47.9996	-46.4385
2.605	-74.3394	-74.3836	-74.4274	-74.4324	-74.3966	-74.3264	-74.2289	-74.1097	-73.9726	-73.8196	-73.6518	-73.469	-73.2704	-73.0547	-72.8198	-72.5629	-72.2806	-71.9686	-71.6214	-71.2322	-70.7923	-70.2908	-69.7139	-69.0446	-68.2614	-67.3383	-66.2444	-64.9444	-63.4005	-61.5759	-59.4412	-56.9864	-54.2468	-51.3659	-48.7389	-47.2513
2.61	-74.3553	-74.3996	-74.4436	-74.4491	-74.4139	-74.3444	-74.2479	-74.1298	-73.9939	-73.8424	-73.6761	-73.4951	-73.2986	-73.0853	-72.853	-72.5993	-72.3207	-72.013	-71.6709	-71.2879	-70.8554	-70.3631	-69.7975	-69.142	-68.376	-67.4743	-66.4069	-65.1398	-63.6365	-61.8618	-59.7882	-57.408	-54.7582	-51.9808	-49.459	-48.0433
2.615	-74.371	-74.4155	-74.4597	-74.4656	-74.431	-74.3624	-74.2668	-74.1498	-74.0151	-73.8649	-73.7002	-73.521	-73.3265	-73.1155	-72.8859	-72.6352	-72.3602	-72.0567	-71.7197	-71.3427	-70.9175	-70.434	-69.8793	-69.2373	-68.4881	-67.6071	-66.5656	-65.3305	-63.8666	-62.1405	-60.1264	-57.8187	-55.2562	-52.5795	-50.1603	-48.8148
2.62	-74.3866	-74.4313	-74.4757	-74.482	-74.448	-74.3801	-74.2854	-74.1695	-74.0361	-73.8873	-73.7241	-73.5466	-73.3541	-73.1453	-72.9183	-72.6707	-72.3991	-72.0998	-71.7677	-71.3966	-70.9785	-70.5037	-69.9596	-69.3307	-68.5976	-67.7369	-66.7204	-65.5164	-64.091	-62.4121	-60.4559	-58.2188	-55.7412	-53.1624	-50.843	-49.566
2.625	-74.4021	-74.4469	-74.4916	-74.4983	-74.4649	-74.3978	-74.304	-74.1891	-74.0569	-73.9094	-73.7478	-73.572	-73.3815	-73.1749	-72.9504	-72.7057	-72.4376	-72.1423	-71.815	-71.4496	-71.0384	-70.572	-70.0383	-69.4221	-68.7048	-67.8637	-66.8716	-65.6978	-64.3098	-62.6769	-60.7771	-58.6086	-56.2135	-53.7299	-51.5074	-50.2972
2.63	-74.4175	-74.4625	-74.5073	-74.5145	-74.4816	-74.4153	-74.3224	-74.2086	-74.0775	-73.9314	-73.7712	-73.5972	-73.4085	-73.2041	-72.9821	-72.7403	-72.4756	-72.1842	-71.8616	-71.5018	-71.0974	-70.6391	-70.1154	-69.5116	-68.8097	-67.9876	-67.0192	-65.8748	-64.5232	-62.935	-61.09	-58.9883	-56.6734	-54.2821	-52.154	-51.0086
2.635	-74.4328	-74.4779	-74.523	-74.5305	-74.4983	-74.4326	-74.3407	-74.2278	-74.0979	-73.9531	-73.7945	-73.622	-73.4353	-73.233	-73.0135	-72.7745	-72.5131	-72.2256	-71.9075	-71.5531	-71.1553	-70.705	-70.1911	-69.5993	-68.9123	-68.1087	-67.1633	-66.0475	-64.7312	-63.1867	-61.395	-59.3582	-57.1212	-54.8195	-52.7829	-51.7006
2.64	-74.448	-74.4933	-74.5386	-74.5465	-74.5148	-74.4499	-74.3588	-74.247	-74.1182	-73.9747	-73.8175	-73.6467	-73.4618	-73.2616	-73.0445	-72.8083	-72.5501	-72.2664	-71.9527	-71.6037	-71.2122	-70.7698	-70.2653	-69.6852	-69.0127	-68.227	-67.304	-66.216	-64.9342	-63.432	-61.6922	-59.7185	-57.5571	-55.3424	-53.3945	-52.3734
2.645	-74.4631	-74.5085	-74.554	-74.5623	-74.5312	-74.467	-74.3767	-74.2659	-74.1383	-73.9961	-73.8403	-73.6711	-73.488	-73.2899	-73.0752	-72.8417	-72.5866	-72.3066	-71.9973	-71.6535	-71.2683	-70.8333	-70.3381	-69.7694	-69.1109	-68.3428	-67.4415	-66.3805	-65.132	-63.6711	-61.9818	-60.0694	-57.9814	-55.8511	-53.9891	-53.0273
2.65	-74.478	-74.5236	-74.5694	-74.578	-74.5475	-74.484	-74.3946	-74.2848	-74.1582	-74.0173	-73.8629	-73.6953	-73.514	-73.3179	-73.1055	-72.8746	-72.6227	-72.3463	-72.0413	-71.7025	-71.3234	-70.8958	-70.4096	-69.8519	-69.2071	-68.4559	-67.5757	-66.541	-65.3251	-63.9042	-62.2639	-60.4112	-58.3945	-56.3459	-54.5671	-53.6626
2.655	-74.4929	-74.5387	-74.5846	-74.5937	-74.5636	-74.5009	-74.4123	-74.3034	-74.178	-74.0383	-73.8853	-73.7193	-73.5397	-73.3456	-73.1355	-72.9072	-72.6583	-72.3855	-72.0846	-71.7508	-71.3776	-70.9572	-70.4797	-69.9328	-69.3013	-68.5665	-67.7068	-66.6976	-65.5133	-64.1314	-62.5389	-60.7441	-58.7965	-56.8271	-55.1287	-54.2795
2.66	-74.5077	-74.5536	-74.5998	-74.6092	-74.5797	-74.5176	-74.4299	-74.322	-74.1976	-74.0591	-73.9075	-73.743	-73.5652	-73.3731	-73.1652	-72.9395	-72.6935	-72.4241	-72.1273	-71.7983	-71.4309	-71.0175	-70.5486	-70.0121	-69.3935	-68.6748	-67.835	-66.8505	-65.6969	-64.3529	-62.8069	-61.0683	-59.1878	-57.295	-55.6743	-54.8786
2.665	-74.5224	-74.5685	-74.6148	-74.6246	-74.5956	-74.5342	-74.4473	-74.3404	-74.2171	-74.0798	-73.9295	-73.7665	-73.5904	-73.4002	-73.1945	-72.9713	-72.7283	-72.4623	-72.1695	-71.8452	-71.4834	-71.0768	-70.6161	-70.0899	-69.4837	-68.7806	-67.9602	-66.9998	-65.8761	-64.5689	-63.0679	-61.3841	-59.5686	-57.7499	-56.2042	-55.4599
2.67	-74.537	-74.5832	-74.6298	-74.6399	-74.6115	-74.5507	-74.4646	-74.3586	-74.2364	-74.1003	-73.9513	-73.7898	-73.6154	-73.4271	-73.2235	-73.0028	-72.7626	-72.4999	-72.211	-71.8913	-71.5351	-71.1351	-70.6825	-70.1661	-69.5722	-68.8842	-68.0825	-67.1455	-66.0508	-64.7794	-63.3223	-61.6915	-59.9391	-58.1921	-56.7187	-56.0239
2.675	-74.5515	-74.5978	-74.6446	-74.6551	-74.6272	-74.5671	-74.4818	-74.3767	-74.2555	-74.1206	-73.9729	-73.8129	-73.6401	-73.4537	-73.2522	-73.034	-72.7965	-72.5371	-72.252	-71.9368	-71.5859	-71.1924	-70.7477	-70.2409	-69.6588	-68.9855	-68.2021	-67.2878	-66.2213	-64.9847	-63.5702	-61.9909	-60.2996	-58.6219	-57.2182	-56.5709
2.68	-74.5659	-74.6124	-74.6593	-74.6702	-74.6428	-74.5834	-74.4989	-74.3947	-74.2745	-74.1407	-73.9944	-73.8358	-73.6646	-73.48	-73.2806	-73.0647	-72.8301	-72.5738	-72.2924	-71.9816	-71.636	-71.2488	-70.8117	-70.3143	-69.7437	-69.0847	-68.319	-67.4268	-66.3876	-65.1849	-63.8117	-62.2825	-60.6504	-59.0395	-57.7029	-57.1012
2.685	-74.5803	-74.6268	-74.674	-74.6852	-74.6583	-74.5995	-74.5158	-74.4125	-74.2934	-74.1607	-74.0156	-73.8584	-73.6889	-73.5061	-73.3087	-73.0952	-72.8632	-72.61	-72.3323	-72.0258	-71.6853	-71.3043	-70.8746	-70.3863	-69.8269	-69.1817	-68.4333	-67.5625	-66.5499	-65.38	-64.0471	-62.5663	-60.9916	-59.4453	-58.1732	-57.6152
2.69	-74.5945	-74.6412	-74.6886	-74.7001	-74.6737	-74.6156	-74.5326	-74.4302	-74.3121	-74.1805	-74.0367	-73.8809	-73.7129	-73.5319	-73.3366	-73.1253	-72.8959	-72.6458	-72.3717	-72.0694	-71.7338	-71.3588	-70.9364	-70.4569	-69.9085	-69.2767	-68.5451	-67.695	-66.7083	-65.5703	-64.2764	-62.8427	-61.3234	-59.8396	-58.6295	-58.1133
2.695	-74.6086	-74.6555	-74.703	-74.7149	-74.689	-74.6315	-74.5493	-74.4478	-74.3306	-74.2001	-74.0576	-73.9032	-73.7367	-73.5574	-73.3641	-73.1551	-72.9283	-72.6812	-72.4105	-72.1123	-71.7817	-71.4125	-70.9971	-70.5263	-69.9884	-69.3698	-68.6543	-67.8245	-66.8629	-65.7558	-64.4998	-63.1118	-61.6462	-60.2225	-59.072	-58.5958
2.7	-74.6227	-74.6697	-74.7174	-74.7296	-74.7042	-74.6473	-74.5659	-74.4652	-74.349	-74.2196	-74.0783	-73.9252	-73.7603	-73.5827	-73.3913	-73.1845	-72.9603	-72.7161	-72.4488	-72.1546	-71.8288	-71.4653	-71.0568	-70.5943	-70.0668	-69.4609	-68.7612	-67.951	-67.0138	-65.9368	-64.7175	-63.3737	-61.9601	-60.5944	-59.5011	-59.0631
2.705	-74.6366	-74.6838	-74.7317	-74.7442	-74.7193	-74.663	-74.5823	-74.4825	-74.3673	-74.239	-74.0988	-73.9471	-73.7837	-73.6078	-73.4183	-73.2137	-72.9919	-72.7506	-72.4867	-72.1964	-71.8752	-71.5172	-71.1155	-70.6612	-70.1436	-69.5501	-68.8658	-68.0746	-67.161	-66.1132	-64.9296	-63.6287	-62.2654	-60.9556	-59.9171	-59.5155
2.71	-74.6505	-74.6978	-74.7459	-74.7587	-74.7343	-74.6786	-74.5986	-74.4996	-74.3854	-74.2582	-74.1192	-73.9688	-73.8068	-73.6326	-73.445	-73.2425	-73.0232	-72.7847	-72.524	-72.2376	-71.9209	-71.5684	-71.1732	-70.7268	-70.219	-69.6375	-68.9681	-68.1954	-67.3048	-66.2853	-65.1362	-63.8769	-62.5622	-61.3062	-60.3203	-59.9535
2.715	-74.6643	-74.7117	-74.7599	-74.7731	-74.7491	-74.6941	-74.6148	-74.5167	-74.4034	-74.2772	-74.1394	-73.9903	-73.8298	-73.6572	-73.4714	-73.271	-73.0541	-72.8183	-72.5609	-72.2782	-71.966	-71.6188	-71.2299	-70.7913	-70.293	-69.7231	-69.0682	-68.3135	-67.4451	-66.4531	-65.3376	-64.1185	-62.8507	-61.6466	-60.7111	-60.3773
2.72	-74.678	-74.7255	-74.774	-74.7875	-74.7639	-74.7095	-74.6309	-74.5336	-74.4212	-74.2961	-74.1594	-74.0116	-73.8525	-73.6815	-73.4976	-73.2992	-73.0846	-72.8516	-72.5973	-72.3183	-72.0104	-71.6683	-71.2857	-70.8546	-70.3655	-69.8071	-69.1662	-68.4289	-67.5821	-66.6168	-65.5338	-64.3537	-63.1313	-61.9771	-61.0897	-60.7875
2.725	-74.6916	-74.7393	-74.7879	-74.8017	-74.7786	-74.7248	-74.6469	-74.5504	-74.4389	-74.3148	-74.1792	-74.0327	-73.8751	-73.7056	-73.5235	-73.3271	-73.1149	-72.8845	-72.6332	-72.3578	-72.0542	-71.7172	-71.3406	-70.9169	-70.4367	-69.8893	-69.262	-68.5417	-67.7159	-66.7764	-65.7249	-64.5826	-63.4039	-62.2977	-61.4566	-61.1842
2.73	-74.7051	-74.7529	-74.8017	-74.8158	-74.7932	-74.74	-74.6628	-74.5671	-74.4565	-74.3334	-74.1989	-74.0537	-73.8974	-73.7295	-73.5491	-73.3548	-73.1448	-72.917	-72.6687	-72.3969	-72.0973	-71.7653	-71.3946	-70.978	-70.5066	-69.9699	-69.3559	-68.652	-67.8466	-66.9321	-65.9112	-64.8054	-63.669	-62.609	-61.8119	-61.568
2.735	-74.7186	-74.7665	-74.8155	-74.8299	-74.8077	-74.755	-74.6786	-74.5836	-74.4739	-74.3518	-74.2185	-74.0744	-73.9195	-73.7532	-73.5745	-73.3821	-73.1743	-72.9491	-72.7038	-72.4354	-72.1399	-71.8126	-71.4477	-71.0381	-70.5752	-70.0489	-69.4478	-68.7599	-67.9742	-67.0841	-66.0927	-65.0222	-63.9266	-62.9109	-62.1561	-61.9391
2.74	-74.7319	-74.78	-74.8291	-74.8438	-74.8221	-74.77	-74.6942	-74.6	-74.4912	-74.3701	-74.2378	-74.095	-73.9415	-73.7766	-73.5996	-73.4092	-73.2036	-72.9808	-72.7385	-72.4734	-72.1819	-71.8593	-71.5	-71.0972	-70.6426	-70.1264	-69.5379	-68.8654	-68.0989	-67.2323	-66.2696	-65.2332	-64.177	-63.2039	-62.4894	-62.2979
2.745	-74.7452	-74.7934	-74.8427	-74.8577	-74.8364	-74.7849	-74.7097	-74.6164	-74.5084	-74.3882	-74.2571	-74.1154	-73.9632	-73.7999	-73.6245	-73.4359	-73.2325	-73.0122	-72.7727	-72.5109	-72.2233	-71.9053	-71.5515	-71.1553	-70.7087	-70.2024	-69.626	-68.9686	-68.2207	-67.3769	-66.4419	-65.4386	-64.4203	-63.4881	-62.8121	-62.6449
2.75	-74.7584	-74.8067	-74.8562	-74.8715	-74.8506	-74.7996	-74.7252	-74.6326	-74.5255	-74.4062	-74.2761	-74.1357	-73.9848	-73.8229	-73.6492	-73.4625	-73.2611	-73.0433	-72.8065	-72.548	-72.2641	-71.9506	-71.6022	-71.2124	-70.7737	-70.277	-69.7124	-69.0696	-68.3397	-67.518	-66.6099	-65.6385	-64.6567	-63.7639	-63.1246	-62.9803
2.755	-74.7715	-74.82	-74.8696	-74.8852	-74.8648	-74.8143	-74.7405	-74.6486	-74.5424	-74.4241	-74.2951	-74.1557	-74.0061	-73.8457	-73.6736	-73.4887	-73.2894	-73.0739	-72.8399	-72.5845	-72.3044	-71.9953	-71.652	-71.2686	-70.8375	-70.3501	-69.797	-69.1684	-68.4559	-67.6558	-66.7736	-65.833	-64.8865	-64.0313	-63.4271	-63.3046
2.76	-74.7846	-74.8332	-74.8829	-74.8988	-74.8788	-74.8289	-74.7557	-74.6646	-74.5592	-74.4418	-74.3138	-74.1757	-74.0273	-73.8683	-73.6978	-73.5147	-73.3175	-73.1043	-72.8729	-72.6207	-72.3441	-72.0393	-71.7012	-71.3238	-70.9001	-70.4219	-69.8799	-69.2651	-68.5696	-67.7902	-66.9332	-66.0223	-65.1097	-64.2907	-63.7199	-63.6179
2.765	-74.7976	-74.8462	-74.8962	-74.9123	-74.8928	-74.8434	-74.7709	-74.6805	-74.5759	-74.4594	-74.3324	-74.1954	-74.0483	-73.8907	-73.7218	-73.5404	-73.3452	-73.1343	-72.9056	-72.6563	-72.3833	-72.0827	-71.7495	-71.3782	-70.9617	-70.4923	-69.9612	-69.3597	-68.6806	-67.9214	-67.0887	-66.2065	-65.3266	-64.5423	-64.0034	-63.9208
2.77	-74.8105	-74.8593	-74.9093	-74.9258	-74.9066	-74.8578	-74.7859	-74.6962	-74.5924	-74.4769	-74.3509	-74.215	-74.0691	-73.9129	-73.7455	-73.5659	-73.3727	-73.164	-72.9378	-72.6916	-72.422	-72.1255	-71.7972	-71.4316	-71.0222	-70.5614	-70.0408	-69.4523	-68.7892	-68.0494	-67.2403	-66.3859	-65.5374	-64.7863	-64.2778	-64.2136
2.775	-74.8233	-74.8722	-74.9224	-74.9391	-74.9204	-74.8721	-74.8008	-74.7118	-74.6089	-74.4942	-74.3692	-74.2344	-74.0898	-73.9349	-73.7691	-73.5911	-73.3998	-73.1934	-72.9697	-72.7263	-72.4602	-72.1677	-71.8441	-71.4843	-71.0817	-70.6293	-70.1189	-69.543	-68.8953	-68.1745	-67.3881	-66.5604	-65.7422	-65.023	-64.5433	-64.4965
2.78	-74.836	-74.885	-74.9354	-74.9524	-74.9341	-74.8863	-74.8156	-74.7274	-74.6252	-74.5115	-74.3874	-74.2537	-74.1103	-73.9567	-73.7924	-73.6161	-73.4267	-73.2224	-73.0012	-72.7607	-72.4979	-72.2093	-71.8904	-71.5361	-71.1402	-70.6959	-70.1955	-69.6318	-68.9991	-68.2965	-67.5322	-66.7303	-65.9412	-65.2525	-64.8004	-64.7699
2.785	-74.8487	-74.8978	-74.9483	-74.9656	-74.9477	-74.9004	-74.8303	-74.7428	-74.6414	-74.5285	-74.4055	-74.2728	-74.1306	-73.9784	-73.8155	-73.6409	-73.4533	-73.2511	-73.0324	-72.7947	-72.5352	-72.2503	-71.936	-71.587	-71.1977	-70.7613	-70.2706	-69.7187	-69.1006	-68.4158	-67.6726	-66.8957	-66.1346	-65.4751	-65.0492	-65.0341
2.79	-74.8613	-74.9105	-74.9612	-74.9787	-74.9612	-74.9144	-74.8449	-74.7581	-74.6575	-74.5455	-74.4234	-74.2918	-74.1507	-73.9998	-73.8384	-73.6654	-73.4797	-73.2796	-73.0632	-72.8283	-72.5719	-72.2908	-71.9809	-71.6372	-71.2543	-70.8255	-70.3443	-69.8039	-69.1999	-68.5322	-67.8096	-67.0567	-66.3225	-65.6909	-65.29	-65.2895
2.795	-74.8738	-74.9232	-74.974	-74.9918	-74.9746	-74.9283	-74.8595	-74.7733	-74.6735	-74.5623	-74.4412	-74.3106	-74.1707	-74.021	-73.861	-73.6897	-73.5057	-73.3077	-73.0937	-72.8614	-72.6082	-72.3308	-72.0251	-71.6867	-71.3099	-70.8887	-70.4165	-69.8874	-69.2971	-68.6459	-67.9432	-67.2135	-66.5051	-65.9003	-65.5232	-65.5363
2.8	-74.8862	-74.9357	-74.9867	-75.0047	-74.9879	-74.9422	-74.8739	-74.7884	-74.6893	-74.579	-74.4588	-74.3293	-74.1905	-74.0421	-73.8835	-73.7137	-73.5316	-73.3355	-73.1238	-72.8942	-72.644	-72.3702	-72.0688	-71.7353	-71.3646	-70.9507	-70.4874	-69.9691	-69.3921	-68.757	-68.0735	-67.3661	-66.6826	-66.1034	-65.7488	-65.7749
2.805	-74.8986	-74.9482	-74.9993	-75.0176	-75.0012	-74.9559	-74.8882	-74.8034	-74.7051	-74.5956	-74.4763	-74.3478	-74.2101	-74.063	-73.9058	-73.7375	-73.5571	-73.3631	-73.1536	-72.9266	-72.6794	-72.4091	-72.1118	-71.7833	-71.4184	-71.0116	-70.557	-70.0493	-69.4851	-68.8655	-68.2006	-67.5147	-66.8551	-66.3004	-65.9673	-66.0055
2.81	-74.9109	-74.9606	-75.0119	-75.0304	-75.0144	-74.9696	-74.9025	-74.8183	-74.7207	-74.6121	-74.4937	-74.3662	-74.2296	-74.0837	-73.9279	-73.7612	-73.5825	-73.3903	-73.1831	-72.9586	-72.7144	-72.4475	-72.1542	-71.8305	-71.4714	-71.0715	-70.6253	-70.1278	-69.5761	-68.9716	-68.3246	-67.6595	-67.0228	-66.4915	-66.1788	-66.2285
2.815	-74.9231	-74.973	-75.0243	-75.0432	-75.0275	-74.9832	-74.9166	-74.8331	-74.7363	-74.6284	-74.5109	-74.3844	-74.2489	-74.1042	-73.9497	-73.7845	-73.6075	-73.4173	-73.2122	-72.9903	-72.7489	-72.4853	-72.1961	-71.877	-71.5235	-71.1303	-70.6924	-70.2048	-69.6651	-69.0753	-68.4455	-67.8004	-67.1858	-66.6769	-66.3836	-66.444
2.82	-74.9353	-74.9852	-75.0368	-75.0558	-75.0405	-74.9966	-74.9307	-74.8478	-74.7517	-74.6447	-74.528	-74.4025	-74.2681	-74.1246	-73.9714	-73.8077	-73.6324	-73.444	-73.2411	-73.0215	-72.783	-72.5228	-72.2373	-71.9228	-71.5748	-71.1882	-70.7582	-70.2803	-69.7524	-69.1766	-68.5636	-67.9377	-67.3442	-66.8568	-66.5819	-66.6525
2.825	-74.9474	-74.9974	-75.0491	-75.0684	-75.0535	-75.0101	-74.9447	-74.8624	-74.767	-74.6608	-74.545	-74.4204	-74.2871	-74.1448	-73.9929	-73.8307	-73.657	-73.4705	-73.2696	-73.0525	-72.8167	-72.5597	-72.278	-71.968	-71.6253	-71.2451	-70.8228	-70.3543	-69.8378	-69.2756	-68.6788	-68.0715	-67.4983	-67.0313	-66.774	-66.854
2.83	-74.9594	-75.0096	-75.0613	-75.0809	-75.0663	-75.0234	-74.9585	-74.8769	-74.7822	-74.6768	-74.5619	-74.4383	-74.306	-74.1648	-74.0142	-73.8534	-73.6813	-73.4967	-73.2979	-73.0831	-72.8501	-72.5961	-72.3182	-72.0125	-71.675	-71.3011	-70.8863	-70.4269	-69.9214	-69.3725	-68.7912	-68.2018	-67.6481	-67.2007	-66.96	-67.049
2.835	-74.9714	-75.0216	-75.0735	-75.0933	-75.0791	-75.0366	-74.9723	-74.8914	-74.7974	-74.6927	-74.5786	-74.4559	-74.3247	-74.1847	-74.0354	-73.876	-73.7055	-73.5226	-73.3258	-73.1133	-72.883	-72.6321	-72.3578	-72.0564	-71.7239	-71.3561	-70.9487	-70.4982	-70.0033	-69.4672	-68.901	-68.3288	-67.7938	-67.3651	-67.1402	-67.2377
2.84	-74.9833	-75.0336	-75.0857	-75.1057	-75.0918	-75.0498	-74.986	-74.9057	-74.8124	-74.7084	-74.5953	-74.4735	-74.3433	-74.2044	-74.0563	-73.8983	-73.7294	-73.5482	-73.3535	-73.1433	-72.9155	-72.6677	-72.3969	-72.0996	-71.7721	-71.4102	-71.0099	-70.568	-70.0835	-69.5598	-69.0082	-68.4525	-67.9356	-67.5248	-67.3149	-67.4202
2.845	-74.9951	-75.0456	-75.0977	-75.118	-75.1045	-75.0629	-74.9996	-74.9199	-74.8273	-74.7241	-74.6118	-74.4909	-74.3617	-74.2239	-74.0771	-73.9205	-73.753	-73.5736	-73.3808	-73.1729	-72.9477	-72.7028	-72.4355	-72.1423	-71.8196	-71.4635	-71.0701	-70.6366	-70.1622	-69.6505	-69.1129	-68.5732	-68.0735	-67.6798	-67.4841	-67.5968
2.85	-75.0069	-75.0574	-75.1097	-75.1302	-75.117	-75.0759	-75.0132	-74.934	-74.8421	-74.7397	-74.6281	-74.5082	-74.38	-74.2433	-74.0977	-73.9424	-73.7765	-73.5988	-73.4079	-73.2021	-72.9795	-72.7375	-72.4735	-72.1843	-71.8664	-71.5159	-71.1293	-70.7039	-70.2392	-69.7391	-69.2151	-68.6908	-68.2077	-67.8303	-67.6482	-67.7678
2.855	-75.0186	-75.0692	-75.1216	-75.1424	-75.1295	-75.0888	-75.0266	-74.9481	-74.8568	-74.7551	-74.6444	-74.5253	-74.3981	-74.2625	-74.1181	-73.9642	-73.7998	-73.6237	-73.4347	-73.2311	-73.0109	-72.7718	-72.5111	-72.2258	-71.9125	-71.5675	-71.1875	-70.77	-70.3147	-69.8259	-69.3149	-68.8055	-68.3382	-67.9765	-67.8073	-67.9334
2.86	-75.0302	-75.081	-75.1335	-75.1544	-75.1419	-75.1016	-75.04	-74.962	-74.8714	-74.7705	-74.6606	-74.5424	-74.4161	-74.2816	-74.1384	-73.9857	-73.8228	-73.6484	-73.4613	-73.2598	-73.042	-72.8056	-72.5482	-72.2667	-71.9579	-71.6182	-71.2446	-70.8348	-70.3888	-69.9108	-69.4125	-68.9173	-68.4654	-68.1185	-67.9615	-68.0937
2.865	-75.0418	-75.0926	-75.1453	-75.1665	-75.1543	-75.1144	-75.0533	-74.9759	-74.8859	-74.7857	-74.6766	-74.5593	-74.434	-74.3005	-74.1584	-74.0071	-73.8456	-73.6729	-73.4875	-73.2881	-73.0727	-72.8391	-72.5849	-72.3071	-72.0026	-71.6682	-71.3008	-70.8985	-70.4613	-69.9939	-69.5079	-69.0264	-68.5891	-68.2565	-68.1112	-68.2491
2.87	-75.0533	-75.1042	-75.157	-75.1784	-75.1665	-75.1271	-75.0665	-74.9897	-74.9004	-74.8008	-74.6925	-74.5761	-74.4517	-74.3193	-74.1784	-74.0283	-73.8682	-73.6971	-73.5136	-73.3162	-73.1031	-72.8722	-72.621	-72.3469	-72.0468	-71.7174	-71.3561	-70.961	-70.5325	-70.0753	-69.6011	-69.1329	-68.7096	-68.3906	-68.2563	-68.3996
2.875	-75.0647	-75.1158	-75.1687	-75.1903	-75.1787	-75.1397	-75.0796	-75.0034	-74.9147	-74.8159	-74.7083	-74.5927	-74.4693	-74.3379	-74.1981	-74.0493	-73.8906	-73.7211	-73.5393	-73.3439	-73.1331	-72.9049	-72.6568	-72.3862	-72.0902	-71.7659	-71.4105	-71.0224	-70.6023	-70.155	-69.6922	-69.2367	-68.827	-68.5211	-68.3972	-68.5455
2.88	-75.0761	-75.1273	-75.1802	-75.2021	-75.1909	-75.1523	-75.0926	-75.017	-74.9289	-74.8308	-74.724	-74.6093	-74.4868	-74.3564	-74.2177	-74.0702	-73.9129	-73.7448	-73.5648	-73.3714	-73.1628	-72.9371	-72.6921	-72.425	-72.1331	-71.8136	-71.464	-71.0828	-70.6708	-70.2331	-69.7813	-69.3381	-68.9414	-68.6479	-68.534	-68.6869
2.885	-75.0874	-75.1387	-75.1918	-75.2138	-75.2029	-75.1647	-75.1056	-75.0305	-74.9431	-74.8456	-74.7396	-74.6257	-74.5041	-74.3747	-74.2372	-74.0908	-73.9349	-73.7684	-73.5901	-73.3986	-73.1922	-72.9691	-72.7269	-72.4632	-72.1754	-71.8606	-71.5166	-71.1421	-70.738	-70.3095	-69.8684	-69.4371	-69.0528	-68.7712	-68.6668	-68.8241
2.89	-75.0987	-75.15	-75.2032	-75.2255	-75.2149	-75.1771	-75.1185	-75.0439	-74.9571	-74.8604	-74.7551	-74.642	-74.5213	-74.3929	-74.2564	-74.1113	-73.9567	-73.7917	-73.6151	-73.4255	-73.2213	-73.0006	-72.7613	-72.501	-72.217	-71.9069	-71.5684	-71.2003	-70.804	-70.3845	-69.9536	-69.5337	-69.1614	-68.8912	-68.7958	-68.9571
2.895	-75.1099	-75.1613	-75.2146	-75.2371	-75.2268	-75.1895	-75.1313	-75.0573	-74.9711	-74.875	-74.7705	-74.6582	-74.5384	-74.4109	-74.2756	-74.1316	-73.9783	-73.8148	-73.6398	-73.4521	-73.2501	-73.0318	-72.7954	-72.5383	-72.2582	-71.9525	-71.6193	-71.2576	-70.8687	-70.4579	-70.037	-69.6281	-69.2672	-69.0079	-68.9211	-69.0863
2.9	-75.121	-75.1725	-75.226	-75.2486	-75.2387	-75.2017	-75.144	-75.0705	-74.9849	-74.8895	-74.7857	-74.6742	-74.5553	-74.4289	-74.2945	-74.1518	-73.9998	-73.8377	-73.6644	-73.4785	-73.2785	-73.0627	-72.829	-72.5751	-72.2987	-71.9975	-71.6695	-71.3139	-70.9322	-70.5298	-70.1186	-69.7203	-69.3705	-69.1216	-69.0429	-69.2116
2.905	-75.1321	-75.1837	-75.2373	-75.2601	-75.2505	-75.2139	-75.1566	-75.0837	-74.9987	-74.904	-74.8009	-74.6902	-74.5721	-74.4466	-74.3133	-74.1717	-74.021	-73.8604	-73.6887	-73.5046	-73.3067	-73.0932	-72.8622	-72.6114	-72.3387	-72.0418	-71.7188	-71.3693	-70.9946	-70.6004	-70.1985	-69.8104	-69.4712	-69.2323	-69.1613	-69.3333
2.91	-75.1431	-75.1948	-75.2485	-75.2715	-75.2622	-75.226	-75.1692	-75.0968	-75.0124	-74.9183	-74.8159	-74.706	-74.5888	-74.4643	-74.332	-74.1915	-74.0421	-73.8829	-73.7127	-73.5304	-73.3345	-73.1234	-72.895	-72.6473	-72.3782	-72.0854	-71.7674	-71.4237	-71.0559	-70.6696	-70.2766	-69.8984	-69.5694	-69.34	-69.2764	-69.4515
2.915	-75.1541	-75.2059	-75.2596	-75.2829	-75.2738	-75.238	-75.1817	-75.1098	-75.026	-74.9326	-74.8309	-74.7218	-74.6054	-74.4818	-74.3505	-74.2112	-74.063	-73.9052	-73.7366	-73.556	-73.3621	-73.1532	-72.9274	-72.6828	-72.4171	-72.1285	-71.8153	-71.4772	-71.1161	-70.7374	-70.3532	-69.9845	-69.6653	-69.445	-69.3884	-69.5664
2.92	-75.165	-75.2169	-75.2707	-75.2942	-75.2854	-75.25	-75.1941	-75.1228	-75.0396	-74.9467	-74.8458	-74.7374	-74.6219	-74.4992	-74.3689	-74.2307	-74.0837	-73.9273	-73.7602	-73.5814	-73.3894	-73.1827	-72.9595	-72.7178	-72.4556	-72.1709	-71.8624	-71.5299	-71.1752	-70.804	-70.4282	-70.0686	-69.7588	-69.5474	-69.4973	-69.678
2.925	-75.1758	-75.2278	-75.2818	-75.3054	-75.297	-75.2619	-75.2065	-75.1357	-75.053	-74.9608	-74.8605	-74.7529	-74.6382	-74.5164	-74.3872	-74.25	-74.1043	-73.9492	-73.7836	-73.6065	-73.4164	-73.2119	-72.9912	-72.7524	-72.4935	-72.2128	-71.9089	-71.5817	-71.2333	-70.8693	-70.5016	-70.1509	-69.8502	-69.6471	-69.6034	-69.7866
2.93	-75.1866	-75.2387	-75.2928	-75.3166	-75.3084	-75.2737	-75.2188	-75.1484	-75.0663	-74.9748	-74.8752	-74.7683	-74.6544	-74.5335	-74.4053	-74.2692	-74.1247	-73.9709	-73.8068	-73.6313	-73.4432	-73.2408	-73.0225	-72.7865	-72.5309	-72.254	-71.9546	-71.6327	-71.2903	-70.9334	-70.5736	-70.2314	-69.9394	-69.7443	-69.7066	-69.8921
2.935	-75.1974	-75.2495	-75.3037	-75.3277	-75.3198	-75.2855	-75.231	-75.1612	-75.0796	-74.9887	-74.8898	-74.7836	-74.6705	-74.5505	-74.4232	-74.2882	-74.1449	-73.9924	-73.8298	-73.656	-73.4696	-73.2694	-73.0535	-72.8203	-72.5679	-72.2947	-71.9997	-71.6828	-71.3464	-70.9963	-70.6441	-70.3102	-70.0265	-69.8391	-69.8072	-69.9948
2.94	-75.208	-75.2603	-75.3145	-75.3388	-75.3311	-75.2972	-75.2431	-75.1738	-75.0928	-75.0025	-74.9042	-74.7988	-74.6865	-74.5674	-74.441	-74.3071	-74.1649	-74.0137	-73.8525	-73.6803	-73.4958	-73.2976	-73.0841	-72.8536	-72.6044	-72.3349	-72.0441	-71.7322	-71.4016	-71.058	-70.7132	-70.3872	-70.1117	-69.9317	-69.9051	-70.0948
2.945	-75.2187	-75.271	-75.3254	-75.3498	-75.3424	-75.3088	-75.2552	-75.1863	-75.1059	-75.0162	-74.9186	-74.8139	-74.7024	-74.5841	-74.4587	-74.3258	-74.1848	-74.0348	-73.8751	-73.7045	-73.5218	-73.3256	-73.1144	-72.8866	-72.6404	-72.3745	-72.0879	-71.7808	-71.4558	-71.1186	-70.781	-70.4627	-70.1949	-70.0219	-70.0006	-70.1921
2.95	-75.2292	-75.2817	-75.3361	-75.3607	-75.3536	-75.3204	-75.2672	-75.1988	-75.1189	-75.0298	-74.9329	-74.8289	-74.7182	-74.6007	-74.4763	-74.3444	-74.2045	-74.0558	-73.8975	-73.7284	-73.5475	-73.3533	-73.1444	-72.9192	-72.676	-72.4136	-72.131	-71.8287	-71.5091	-71.1781	-70.8474	-70.5366	-70.2762	-70.1101	-70.0937	-70.2869
2.955	-75.2398	-75.2923	-75.3468	-75.3716	-75.3648	-75.3319	-75.2791	-75.2112	-75.1319	-75.0434	-74.9471	-74.8438	-74.7338	-74.6172	-74.4937	-74.3628	-74.224	-74.0766	-73.9196	-73.7521	-73.5729	-73.3807	-73.174	-72.9513	-72.7111	-72.4521	-72.1735	-71.8758	-71.5615	-71.2366	-70.9126	-70.6089	-70.3558	-70.1961	-70.1845	-70.3793
2.96	-75.2502	-75.3028	-75.3574	-75.3824	-75.3759	-75.3433	-75.2909	-75.2236	-75.1448	-75.0568	-74.9612	-74.8586	-74.7494	-74.6336	-74.511	-74.3811	-74.2434	-74.0972	-73.9416	-73.7756	-73.5981	-73.4078	-73.2033	-72.9832	-72.7459	-72.4902	-72.2155	-71.9222	-71.6131	-71.294	-70.9765	-70.6798	-70.4336	-70.2802	-70.273	-70.4693
2.965	-75.2606	-75.3133	-75.368	-75.3932	-75.3869	-75.3547	-75.3027	-75.2358	-75.1575	-75.0702	-74.9752	-74.8733	-74.7648	-74.6499	-74.5282	-74.3993	-74.2627	-74.1176	-73.9634	-73.7989	-73.623	-73.4346	-73.2323	-73.0146	-72.7801	-72.5277	-72.2568	-71.968	-71.6638	-71.3505	-71.0393	-70.7492	-70.5097	-70.3623	-70.3594	-70.557
2.97	-75.271	-75.3237	-75.3786	-75.4039	-75.3979	-75.366	-75.3145	-75.248	-75.1703	-75.0835	-74.9891	-74.8879	-74.7802	-74.666	-74.5452	-74.4173	-74.2818	-74.1379	-73.9849	-73.8219	-73.6477	-73.4612	-73.261	-73.0457	-72.814	-72.5648	-72.2976	-72.013	-71.7138	-71.406	-71.1008	-70.8173	-70.5842	-70.4426	-70.4437	-70.6426
2.975	-75.2813	-75.3341	-75.389	-75.4145	-75.4088	-75.3773	-75.3261	-75.2602	-75.1829	-75.0967	-75.0029	-74.9024	-74.7954	-74.6821	-74.5621	-74.4352	-74.3007	-74.158	-74.0063	-73.8448	-73.6722	-73.4875	-73.2894	-73.0765	-72.8475	-72.6014	-72.3378	-72.0574	-71.7629	-71.4605	-71.1613	-70.884	-70.6572	-70.521	-70.5261	-70.7261
2.98	-75.2916	-75.3445	-75.3995	-75.4251	-75.4196	-75.3885	-75.3377	-75.2722	-75.1955	-75.1098	-75.0166	-74.9168	-74.8105	-74.698	-74.5789	-74.4529	-74.3195	-74.1779	-74.0275	-73.8674	-73.6964	-73.5135	-73.3175	-73.1069	-72.8806	-72.6376	-72.3775	-72.1011	-71.8113	-71.5141	-71.2206	-70.9494	-70.7286	-70.5977	-70.6065	-70.8076
2.985	-75.3018	-75.3548	-75.4098	-75.4356	-75.4304	-75.3996	-75.3492	-75.2842	-75.2079	-75.1228	-75.0303	-74.9311	-74.8256	-74.7138	-74.5956	-74.4705	-74.3381	-74.1977	-74.0486	-73.8898	-73.7205	-73.5393	-73.3452	-73.1369	-72.9132	-72.6732	-72.4166	-72.1442	-71.8589	-71.5668	-71.2789	-71.0135	-70.7985	-70.6728	-70.6851	-70.8871
2.99	-75.3119	-75.365	-75.4202	-75.4461	-75.4412	-75.4107	-75.3607	-75.2961	-75.2204	-75.1358	-75.0438	-74.9453	-74.8405	-74.7295	-74.6121	-74.488	-74.3566	-74.2173	-74.0694	-73.9121	-73.7442	-73.5649	-73.3727	-73.1667	-72.9455	-72.7085	-72.4552	-72.1867	-71.9058	-71.6186	-71.3361	-71.0764	-70.867	-70.7462	-70.7619	-70.9648
2.995	-75.322	-75.3752	-75.4304	-75.4566	-75.4518	-75.4217	-75.3721	-75.308	-75.2327	-75.1487	-75.0573	-74.9594	-74.8553	-74.7451	-74.6285	-74.5053	-74.3749	-74.2368	-74.0901	-73.9341	-73.7678	-73.5901	-73.3999	-73.1961	-72.9775	-72.7433	-72.4933	-72.2286	-71.952	-71.6696	-71.3923	-71.1382	-70.9341	-70.818	-70.837	-71.0407
3	-75.3321	-75.3853	-75.4406	-75.4669	-75.4625	-75.4326	-75.3834	-75.3197	-75.245	-75.1615	-75.0707	-74.9734	-74.87	-74.7606	-74.6448	-74.5225	-74.3931	-74.2561	-74.1106	-73.9559	-73.7911	-73.6152	-73.4269	-73.2252	-73.009	-72.7777	-72.531	-72.2699	-71.9975	-71.7197	-71.4476	-71.1987	-70.9999	-70.8884	-70.9104	-71.1148
3.005	-75.3421	-75.3954	-75.4508	-75.4773	-75.473	-75.4435	-75.3947	-75.3314	-75.2572	-75.1742	-75.084	-74.9874	-74.8847	-74.7759	-74.661	-74.5396	-74.4112	-74.2752	-74.1309	-73.9776	-73.8143	-73.64	-73.4535	-73.254	-73.0402	-72.8116	-72.5681	-72.3106	-72.0423	-71.7691	-71.5019	-71.2582	-71.0644	-70.9573	-70.9823	-71.1873
3.01	-75.3521	-75.4054	-75.4609	-75.4875	-75.4836	-75.4544	-75.4059	-75.3431	-75.2693	-75.1869	-75.0972	-75.0012	-74.8992	-74.7912	-74.6771	-74.5565	-74.4291	-74.2942	-74.1511	-73.9991	-73.8372	-73.6645	-73.4799	-73.2824	-73.0711	-72.8452	-72.6047	-72.3508	-72.0864	-71.8177	-71.5553	-71.3166	-71.1277	-71.0247	-71.0526	-71.2581
3.015	-75.362	-75.4154	-75.471	-75.4977	-75.494	-75.4651	-75.4171	-75.3547	-75.2813	-75.1994	-75.1104	-75.015	-74.9136	-74.8064	-74.693	-74.5734	-74.4469	-74.313	-74.1711	-74.0203	-73.8599	-73.6888	-73.5061	-73.3106	-73.1016	-72.8783	-72.6409	-72.3904	-72.1299	-71.8655	-71.6077	-71.3739	-71.1897	-71.0908	-71.1214	-71.3275
3.02	-75.3718	-75.4253	-75.481	-75.5079	-75.5044	-75.4759	-75.4282	-75.3662	-75.2933	-75.212	-75.1235	-75.0287	-74.928	-74.8214	-74.7089	-74.5901	-74.4645	-74.3317	-74.1909	-74.0414	-73.8824	-73.7129	-73.5319	-73.3385	-73.1318	-72.9111	-72.6766	-72.4295	-72.1728	-71.9125	-71.6594	-71.4302	-71.2506	-71.1556	-71.1887	-71.3953
3.025	-75.3817	-75.4352	-75.491	-75.518	-75.5148	-75.4865	-75.4392	-75.3776	-75.3053	-75.2244	-75.1364	-75.0423	-74.9422	-74.8364	-74.7246	-74.6067	-74.482	-74.3502	-74.2106	-74.0623	-73.9047	-73.7368	-73.5575	-73.3661	-73.1616	-72.9435	-72.7119	-72.468	-72.215	-71.9589	-71.7101	-71.4855	-71.3103	-71.2191	-71.2547	-71.4616
3.03	-75.3914	-75.4451	-75.5009	-75.5281	-75.5251	-75.4971	-75.4502	-75.389	-75.3171	-75.2367	-75.1493	-75.0558	-74.9564	-74.8512	-74.7403	-74.6231	-74.4994	-74.3686	-74.2301	-74.0831	-73.9268	-73.7604	-73.5829	-73.3934	-73.1911	-72.9755	-72.7467	-72.5061	-72.2567	-72.0045	-71.76	-71.5399	-71.369	-71.2814	-71.3193	-71.5266
3.035	-75.4011	-75.4548	-75.5107	-75.5381	-75.5353	-75.5077	-75.4611	-75.4003	-75.3289	-75.249	-75.1622	-75.0692	-74.9704	-74.866	-74.7558	-74.6395	-74.5167	-74.3869	-74.2494	-74.1037	-73.9487	-73.7838	-73.608	-73.4204	-73.2203	-73.0071	-72.7811	-72.5436	-72.2978	-72.0495	-71.8092	-71.5933	-71.4265	-71.3424	-71.3827	-71.5902
3.04	-75.4108	-75.4646	-75.5205	-75.5481	-75.5455	-75.5182	-75.4719	-75.4116	-75.3406	-75.2612	-75.1749	-75.0825	-74.9844	-74.8807	-74.7712	-74.6557	-74.5338	-74.405	-74.2686	-74.124	-73.9705	-73.807	-73.6329	-73.4472	-73.2491	-73.0384	-72.8151	-72.5807	-72.3383	-72.0938	-71.8575	-71.6459	-71.483	-71.4024	-71.4447	-71.6526
3.045	-75.4204	-75.4743	-75.5303	-75.558	-75.5557	-75.5286	-75.4827	-75.4228	-75.3522	-75.2734	-75.1876	-75.0958	-74.9983	-74.8952	-74.7865	-74.6718	-74.5508	-74.4229	-74.2877	-74.1443	-73.992	-73.83	-73.6575	-73.4736	-73.2777	-73.0693	-72.8487	-72.6173	-72.3782	-72.1374	-71.9051	-71.6975	-71.5386	-71.4611	-71.5056	-71.7136
3.05	-75.43	-75.4839	-75.54	-75.5679	-75.5658	-75.539	-75.4935	-75.4339	-75.3638	-75.2854	-75.2002	-75.1089	-75.0121	-74.9097	-74.8017	-74.6878	-74.5677	-74.4408	-74.3065	-74.1643	-74.0133	-73.8528	-73.6819	-73.4999	-73.3059	-73.0999	-72.8819	-72.6534	-72.4176	-72.1804	-71.952	-71.7483	-71.5931	-71.5188	-71.5653	-71.7735
3.055	-75.4396	-75.4935	-75.5497	-75.5777	-75.5758	-75.5493	-75.5041	-75.445	-75.3753	-75.2974	-75.2127	-75.122	-75.0258	-74.9241	-74.8168	-74.7037	-74.5844	-74.4585	-74.3253	-74.1842	-74.0345	-73.8754	-73.7061	-73.5258	-73.3339	-73.1301	-72.9147	-72.6891	-72.4565	-72.2228	-71.9981	-71.7982	-71.6467	-71.5755	-71.6238	-71.8322
3.06	-75.4491	-75.5031	-75.5593	-75.5875	-75.5858	-75.5596	-75.5148	-75.456	-75.3868	-75.3094	-75.2252	-75.135	-75.0394	-74.9383	-74.8318	-74.7195	-74.6011	-74.476	-74.3439	-74.2039	-74.0555	-73.8978	-73.73	-73.5515	-73.3616	-73.16	-72.9471	-72.7243	-72.4948	-72.2645	-72.0435	-71.8474	-71.6994	-71.6311	-71.6813	-71.8897
3.065	-75.4585	-75.5126	-75.5689	-75.5972	-75.5957	-75.5698	-75.5253	-75.467	-75.3982	-75.3212	-75.2375	-75.148	-75.0529	-74.9525	-74.8467	-74.7352	-74.6176	-74.4935	-74.3623	-74.2235	-74.0763	-73.92	-73.7537	-73.5769	-73.3889	-73.1895	-72.9791	-72.7591	-72.5326	-72.3057	-72.0882	-71.8957	-71.7512	-71.6857	-71.7377	-71.9462
3.07	-75.4679	-75.5221	-75.5785	-75.6069	-75.6056	-75.58	-75.5358	-75.4779	-75.4095	-75.333	-75.2498	-75.1608	-75.0664	-74.9666	-74.8615	-74.7507	-74.634	-74.5108	-74.3806	-74.2429	-74.0969	-73.9419	-73.7772	-73.6021	-73.416	-73.2188	-73.0107	-72.7934	-72.57	-72.3463	-72.1323	-71.9433	-71.8021	-71.7394	-71.793	-72.0015
3.075	-75.4773	-75.5315	-75.588	-75.6165	-75.6155	-75.5901	-75.5463	-75.4887	-75.4208	-75.3447	-75.2621	-75.1736	-75.0797	-74.9806	-74.8762	-74.7662	-74.6502	-74.5279	-74.3988	-74.2621	-74.1174	-73.9637	-73.8005	-73.6271	-73.4429	-73.2477	-73.042	-72.8273	-72.6068	-72.3864	-72.1757	-71.9902	-71.8521	-71.7922	-71.8474	-72.0559
3.08	-75.4866	-75.5409	-75.5974	-75.6261	-75.6253	-75.6002	-75.5567	-75.4995	-75.432	-75.3564	-75.2742	-75.1863	-75.093	-74.9945	-74.8908	-74.7815	-74.6664	-74.545	-74.4168	-74.2812	-74.1376	-73.9853	-73.8236	-73.6518	-73.4694	-73.2763	-73.073	-72.8608	-72.6432	-72.4259	-72.2185	-72.0363	-71.9014	-71.844	-71.9007	-72.1092
3.085	-75.4959	-75.5502	-75.6068	-75.6356	-75.635	-75.6102	-75.5671	-75.5102	-75.4431	-75.368	-75.2863	-75.1989	-75.1062	-75.0084	-74.9053	-74.7967	-74.6824	-74.5619	-74.4347	-74.3002	-74.1577	-74.0067	-73.8464	-73.6762	-73.4957	-73.3046	-73.1035	-72.894	-72.6791	-72.4648	-72.2607	-72.0817	-71.9499	-71.895	-71.9532	-72.1616
3.09	-75.5051	-75.5595	-75.6162	-75.6451	-75.6447	-75.6202	-75.5774	-75.5209	-75.4542	-75.3795	-75.2983	-75.2115	-75.1193	-75.0221	-74.9197	-74.8119	-74.6984	-74.5787	-74.4524	-74.319	-74.1777	-74.028	-73.8691	-73.7005	-73.5217	-73.3326	-73.1338	-72.9267	-72.7146	-72.5033	-72.3022	-72.1264	-71.9976	-71.9451	-72.0047	-72.2131
3.095	-75.5143	-75.5688	-75.6255	-75.6545	-75.6544	-75.6301	-75.5876	-75.5315	-75.4652	-75.391	-75.3103	-75.2239	-75.1324	-75.0358	-74.934	-74.8269	-74.7142	-74.5954	-74.47	-74.3376	-74.1975	-74.049	-73.8915	-73.7245	-73.5474	-73.3603	-73.1637	-72.959	-72.7496	-72.5412	-72.3432	-72.1705	-72.0445	-71.9943	-72.0554	-72.2636
3.1	-75.5234	-75.578	-75.6347	-75.6639	-75.664	-75.64	-75.5978	-75.5421	-75.4762	-75.4024	-75.3222	-75.2363	-75.1453	-75.0493	-74.9482	-74.8418	-74.7299	-74.6119	-74.4875	-74.3561	-74.2171	-74.0699	-73.9138	-73.7483	-73.573	-73.3878	-73.1932	-72.991	-72.7842	-72.5786	-72.3836	-72.2139	-72.0907	-72.0428	-72.1051	-72.3133
3.105	-75.5326	-75.5872	-75.644	-75.6733	-75.6735	-75.6498	-75.6079	-75.5526	-75.4871	-75.4137	-75.334	-75.2487	-75.1582	-75.0628	-74.9623	-74.8567	-74.7455	-74.6284	-74.5049	-74.3745	-74.2365	-74.0905	-73.9358	-73.7718	-73.5982	-73.4149	-73.2225	-73.0226	-72.8183	-72.6155	-72.4235	-72.2567	-72.1362	-72.0905	-72.1541	-72.3621
3.11	-75.5416	-75.5963	-75.6532	-75.6826	-75.683	-75.6596	-75.618	-75.563	-75.4979	-75.425	-75.3457	-75.2609	-75.171	-75.0762	-74.9764	-74.8714	-74.761	-74.6447	-74.5221	-74.3927	-74.2559	-74.1111	-73.9577	-73.7952	-73.6232	-73.4418	-73.2514	-73.0538	-72.8521	-72.652	-72.4628	-72.2988	-72.181	-72.1374	-72.2022	-72.41
3.115	-75.5506	-75.6054	-75.6623	-75.6919	-75.6925	-75.6693	-75.628	-75.5734	-75.5087	-75.4362	-75.3574	-75.2731	-75.1837	-75.0895	-74.9903	-74.886	-74.7763	-74.6609	-74.5392	-74.4107	-74.275	-74.1314	-73.9793	-73.8183	-73.648	-73.4683	-73.28	-73.0847	-72.8854	-72.688	-72.5016	-72.3404	-72.2251	-72.1836	-72.2496	-72.4572
3.12	-75.5596	-75.6144	-75.6714	-75.7011	-75.7019	-75.679	-75.638	-75.5837	-75.5194	-75.4474	-75.369	-75.2852	-75.1964	-75.1027	-75.0042	-74.9006	-74.7916	-74.677	-74.5561	-74.4287	-74.294	-74.1516	-74.0008	-73.8412	-73.6725	-73.4947	-73.3083	-73.1152	-72.9184	-72.7235	-72.5398	-72.3813	-72.2686	-72.2291	-72.2962	-72.5036
3.125	-75.5686	-75.6234	-75.6805	-75.7103	-75.7113	-75.6886	-75.648	-75.594	-75.5301	-75.4585	-75.3805	-75.2972	-75.209	-75.1159	-75.0179	-74.915	-74.8068	-74.6929	-74.573	-74.4465	-74.3128	-74.1716	-74.0221	-73.8639	-73.6968	-73.5207	-73.3364	-73.1454	-72.9509	-72.7586	-72.5775	-72.4217	-72.3114	-72.2739	-72.342	-72.5492
3.13	-75.5775	-75.6324	-75.6895	-75.7194	-75.7206	-75.6982	-75.6579	-75.6042	-75.5407	-75.4695	-75.392	-75.3092	-75.2215	-75.1289	-75.0316	-74.9294	-74.8219	-74.7088	-74.5897	-74.4641	-74.3315	-74.1914	-74.0432	-73.8864	-73.7209	-73.5465	-73.3641	-73.1752	-72.9831	-72.7933	-72.6148	-72.4616	-72.3536	-72.318	-72.3872	-72.5941
3.135	-75.5863	-75.6413	-75.6984	-75.7285	-75.7299	-75.7077	-75.6677	-75.6144	-75.5512	-75.4804	-75.4035	-75.3211	-75.2339	-75.1419	-75.0452	-74.9436	-74.8368	-74.7245	-74.6063	-74.4816	-74.3501	-74.2111	-74.0641	-73.9087	-73.7447	-73.5721	-73.3915	-73.2047	-73.0148	-72.8275	-72.6516	-72.5008	-72.3952	-72.3614	-72.4316	-72.6383
3.14	-75.5952	-75.6502	-75.7074	-75.7376	-75.7391	-75.7172	-75.6775	-75.6245	-75.5618	-75.4914	-75.4148	-75.3329	-75.2462	-75.1548	-75.0587	-74.9578	-74.8517	-74.7402	-74.6228	-74.499	-74.3685	-74.2306	-74.0848	-73.9308	-73.7683	-73.5974	-73.4187	-73.2339	-73.0463	-72.8613	-72.6878	-72.5396	-72.4362	-72.4042	-72.4753	-72.6818
3.145	-75.604	-75.659	-75.7163	-75.7466	-75.7483	-75.7267	-75.6872	-75.6346	-75.5722	-75.5022	-75.4261	-75.3447	-75.2585	-75.1676	-75.0721	-74.9718	-74.8665	-74.7557	-74.6391	-74.5163	-74.3867	-74.2499	-74.1054	-73.9527	-73.7917	-73.6224	-73.4455	-73.2628	-73.0773	-72.8947	-72.7237	-72.5778	-72.4766	-72.4464	-72.5184	-72.7246
3.15	-75.6127	-75.6678	-75.7251	-75.7556	-75.7575	-75.7361	-75.6969	-75.6446	-75.5826	-75.513	-75.4373	-75.3564	-75.2707	-75.1804	-75.0855	-74.9858	-74.8811	-74.7711	-74.6554	-74.5334	-74.4049	-74.2691	-74.1258	-73.9745	-73.8149	-73.6472	-73.4721	-73.2913	-73.108	-72.9277	-72.759	-72.6155	-72.5165	-72.4879	-72.5608	-72.7667
3.155	-75.6214	-75.6766	-75.7339	-75.7645	-75.7666	-75.7454	-75.7065	-75.6546	-75.5929	-75.5237	-75.4485	-75.368	-75.2828	-75.1931	-75.0987	-74.9997	-74.8957	-74.7864	-74.6715	-74.5504	-74.4228	-74.2882	-74.146	-73.996	-73.8378	-73.6718	-73.4984	-73.3196	-73.1384	-72.9603	-72.794	-72.6527	-72.5558	-72.5288	-72.6026	-72.8082
3.16	-75.6301	-75.6853	-75.7427	-75.7734	-75.7757	-75.7547	-75.7161	-75.6645	-75.6032	-75.5344	-75.4596	-75.3796	-75.2949	-75.2057	-75.1119	-75.0135	-74.9102	-74.8016	-74.6875	-74.5673	-74.4407	-74.3071	-74.1661	-74.0173	-73.8606	-73.6961	-73.5245	-73.3476	-73.1684	-72.9925	-72.8284	-72.6895	-72.5946	-72.5692	-72.6438	-72.8491
3.165	-75.6387	-75.694	-75.7515	-75.7822	-75.7847	-75.764	-75.7257	-75.6744	-75.6134	-75.545	-75.4706	-75.3911	-75.3069	-75.2182	-75.125	-75.0272	-74.9246	-74.8167	-74.7034	-74.5841	-74.4584	-74.3258	-74.186	-74.0385	-73.8831	-73.7202	-73.5503	-73.3752	-73.1981	-73.0243	-72.8625	-72.7257	-72.6328	-72.609	-72.6844	-72.8893
3.17	-75.6473	-75.7026	-75.7602	-75.791	-75.7937	-75.7732	-75.7352	-75.6842	-75.6236	-75.5556	-75.4816	-75.4025	-75.3188	-75.2306	-75.138	-75.0408	-74.9388	-74.8317	-74.7192	-74.6007	-74.476	-74.3444	-74.2057	-74.0594	-73.9055	-73.744	-73.5758	-73.4026	-73.2275	-73.0558	-72.8962	-72.7615	-72.6706	-72.6483	-72.7244	-72.929
3.175	-75.6559	-75.7112	-75.7688	-75.7998	-75.8026	-75.7824	-75.7446	-75.694	-75.6337	-75.5661	-75.4925	-75.4139	-75.3307	-75.243	-75.151	-75.0544	-74.953	-74.8466	-74.7348	-74.6172	-74.4934	-74.3629	-74.2253	-74.0802	-73.9277	-73.7677	-73.6011	-73.4297	-73.2565	-73.0869	-72.9294	-72.7969	-72.7078	-72.687	-72.7639	-72.9681
3.18	-75.6644	-75.7198	-75.7774	-75.8085	-75.8115	-75.7915	-75.7541	-75.7037	-75.6438	-75.5766	-75.5034	-75.4252	-75.3425	-75.2553	-75.1638	-75.0678	-74.9671	-74.8614	-74.7504	-74.6336	-74.5107	-74.3812	-74.2447	-74.1009	-73.9496	-73.7911	-73.6262	-73.4565	-73.2852	-73.1177	-72.9623	-72.8318	-72.7446	-72.7252	-72.8027	-73.0066
3.185	-75.6729	-75.7283	-75.786	-75.8172	-75.8204	-75.8006	-75.7634	-75.7134	-75.6538	-75.587	-75.5142	-75.4365	-75.3542	-75.2675	-75.1766	-75.0812	-74.9811	-74.8761	-74.7659	-74.6499	-74.5279	-74.3994	-74.2639	-74.1213	-73.9714	-73.8143	-73.651	-73.4831	-73.3137	-73.1481	-72.9947	-72.8663	-72.7809	-72.7628	-72.8411	-73.0446
3.19	-75.6813	-75.7368	-75.7946	-75.8259	-75.8292	-75.8096	-75.7727	-75.723	-75.6638	-75.5973	-75.525	-75.4477	-75.3658	-75.2797	-75.1893	-75.0945	-74.9951	-74.8908	-74.7812	-74.6661	-74.5449	-74.4174	-74.283	-74.1416	-73.9929	-73.8373	-73.6756	-73.5093	-73.3418	-73.1782	-73.0268	-72.9003	-72.8167	-72.8	-72.8789	-73.0821
3.195	-75.6898	-75.7453	-75.8031	-75.8345	-75.838	-75.8186	-75.782	-75.7326	-75.6737	-75.6076	-75.5357	-75.4588	-75.3774	-75.2918	-75.2019	-75.1077	-75.0089	-74.9053	-74.7965	-74.6821	-74.5619	-74.4353	-74.302	-74.1617	-74.0143	-73.8601	-73.6999	-73.5353	-73.3696	-73.2079	-73.0585	-72.9339	-72.852	-72.8367	-72.9162	-73.119
3.2	-75.6981	-75.7537	-75.8115	-75.843	-75.8467	-75.8276	-75.7912	-75.7421	-75.6836	-75.6179	-75.5463	-75.4698	-75.3889	-75.3038	-75.2145	-75.1208	-75.0226	-74.9197	-74.8116	-74.6981	-74.5787	-74.453	-74.3208	-74.1816	-74.0355	-73.8827	-73.724	-73.5611	-73.3971	-73.2373	-73.0899	-72.9672	-72.8869	-72.8728	-72.953	-73.1554
3.205	-75.7065	-75.7621	-75.82	-75.8516	-75.8554	-75.8365	-75.8004	-75.7516	-75.6934	-75.628	-75.5569	-75.4808	-75.4004	-75.3158	-75.2269	-75.1338	-75.0363	-74.934	-74.8267	-74.7139	-74.5954	-74.4706	-74.3394	-74.2014	-74.0565	-73.9051	-73.7478	-73.5866	-73.4244	-73.2664	-73.1208	-73	-72.9214	-72.9086	-72.9893	-73.1914
3.21	-75.7148	-75.7704	-75.8284	-75.8601	-75.8641	-75.8454	-75.8096	-75.7611	-75.7032	-75.6382	-75.5674	-75.4918	-75.4118	-75.3276	-75.2393	-75.1468	-75.0499	-74.9482	-74.8416	-74.7296	-74.6119	-74.4881	-74.3579	-74.221	-74.0774	-73.9272	-73.7715	-73.6118	-73.4514	-73.2952	-73.1515	-73.0324	-72.9555	-72.9438	-73.0251	-73.2268
3.215	-75.7231	-75.7788	-75.8367	-75.8685	-75.8727	-75.8543	-75.8187	-75.7705	-75.7129	-75.6483	-75.5779	-75.5027	-75.4231	-75.3394	-75.2517	-75.1597	-75.0633	-74.9623	-74.8564	-74.7452	-74.6284	-74.5055	-74.3763	-74.2405	-74.098	-73.9492	-73.7949	-73.6368	-73.4781	-73.3237	-73.1818	-73.0645	-72.9891	-72.9787	-73.0605	-73.2618
3.22	-75.7313	-75.787	-75.845	-75.877	-75.8813	-75.8631	-75.8277	-75.7798	-75.7226	-75.6583	-75.5883	-75.5135	-75.4344	-75.3512	-75.2639	-75.1725	-75.0767	-74.9764	-74.8712	-74.7607	-74.6447	-74.5227	-74.3945	-74.2598	-74.1185	-73.971	-73.8181	-73.6616	-73.5045	-73.3518	-73.2117	-73.0962	-73.0223	-73.0131	-73.0954	-73.2963
3.225	-75.7395	-75.7953	-75.8533	-75.8854	-75.8899	-75.8718	-75.8368	-75.7891	-75.7322	-75.6683	-75.5987	-75.5243	-75.4456	-75.3629	-75.2761	-75.1852	-75.09	-74.9903	-74.8858	-74.7761	-74.6609	-74.5398	-74.4125	-74.2789	-74.1388	-73.9926	-73.8411	-73.6861	-73.5306	-73.3797	-73.2413	-73.1275	-73.0552	-73.047	-73.1299	-73.3303
3.23	-75.7477	-75.8035	-75.8616	-75.8937	-75.8984	-75.8805	-75.8457	-75.7984	-75.7418	-75.6782	-75.609	-75.535	-75.4567	-75.3745	-75.2882	-75.1979	-75.1033	-75.0042	-74.9003	-74.7914	-74.677	-74.5568	-74.4305	-74.2979	-74.159	-74.014	-73.8639	-73.7104	-73.5565	-73.4073	-73.2706	-73.1584	-73.0876	-73.0806	-73.1639	-73.3639
3.235	-75.7558	-75.8117	-75.8698	-75.902	-75.9068	-75.8892	-75.8547	-75.8076	-75.7514	-75.6881	-75.6192	-75.5456	-75.4678	-75.386	-75.3002	-75.2104	-75.1164	-75.018	-74.9148	-74.8066	-74.693	-74.5736	-74.4483	-74.3167	-74.1789	-74.0352	-73.8865	-73.7345	-73.5822	-73.4346	-73.2996	-73.1891	-73.1197	-73.1137	-73.1975	-73.3971
3.24	-75.7639	-75.8198	-75.878	-75.9103	-75.9153	-75.8979	-75.8635	-75.8168	-75.7608	-75.6979	-75.6294	-75.5562	-75.4789	-75.3975	-75.3122	-75.2229	-75.1295	-75.0317	-74.9291	-74.8216	-74.7088	-74.5903	-74.4659	-74.3354	-74.1987	-74.0563	-73.9089	-73.7583	-73.6075	-73.4616	-73.3283	-73.2193	-73.1513	-73.1464	-73.2307	-73.4299
3.245	-75.772	-75.8279	-75.8861	-75.9185	-75.9237	-75.9065	-75.8724	-75.8259	-75.7703	-75.7077	-75.6396	-75.5668	-75.4898	-75.4089	-75.3241	-75.2354	-75.1425	-75.0453	-74.9434	-74.8366	-74.7246	-74.6069	-74.4835	-74.3539	-74.2184	-74.0771	-73.9311	-73.7819	-73.6327	-73.4883	-73.3566	-73.2492	-73.1827	-73.1787	-73.2634	-73.4622
3.25	-75.78	-75.836	-75.8942	-75.9267	-75.932	-75.915	-75.8812	-75.835	-75.7797	-75.7174	-75.6497	-75.5773	-75.5007	-75.4203	-75.336	-75.2477	-75.1554	-75.0588	-74.9576	-74.8515	-74.7402	-74.6234	-74.5009	-74.3723	-74.2379	-74.0978	-73.9531	-73.8053	-73.6576	-73.5148	-73.3847	-73.2788	-73.2136	-73.2107	-73.2958	-73.4942
3.255	-75.788	-75.8441	-75.9023	-75.9349	-75.9403	-75.9235	-75.89	-75.8441	-75.789	-75.7271	-75.6597	-75.5877	-75.5116	-75.4316	-75.3477	-75.26	-75.1682	-75.0722	-74.9716	-74.8663	-74.7557	-74.6398	-74.5181	-74.3906	-74.2572	-74.1183	-73.9748	-73.8285	-73.6822	-73.541	-73.4125	-73.3081	-73.2442	-73.2423	-73.3278	-73.5257
3.26	-75.796	-75.8521	-75.9104	-75.943	-75.9486	-75.932	-75.8987	-75.8531	-75.7983	-75.7368	-75.6697	-75.5981	-75.5224	-75.4428	-75.3594	-75.2722	-75.181	-75.0855	-74.9856	-74.8809	-74.7712	-74.656	-74.5353	-74.4087	-74.2764	-74.1387	-73.9964	-73.8514	-73.7066	-73.5669	-73.4399	-73.3371	-73.2745	-73.2735	-73.3594	-73.5569
3.265	-75.8039	-75.86	-75.9184	-75.9511	-75.9569	-75.9405	-75.9074	-75.862	-75.8076	-75.7463	-75.6796	-75.6084	-75.5331	-75.4539	-75.3711	-75.2843	-75.1937	-75.0988	-74.9995	-74.8955	-74.7865	-74.6722	-74.5523	-74.4267	-74.2954	-74.1588	-74.0179	-73.8742	-73.7308	-73.5926	-73.4671	-73.3657	-73.3044	-73.3043	-73.3906	-73.5877
3.27	-75.8118	-75.868	-75.9264	-75.9592	-75.9651	-75.9489	-75.916	-75.8709	-75.8168	-75.7559	-75.6895	-75.6187	-75.5438	-75.4651	-75.3826	-75.2964	-75.2063	-75.112	-75.0133	-74.91	-74.8017	-74.6882	-74.5692	-74.4445	-74.3143	-74.1788	-74.0391	-73.8967	-73.7548	-73.618	-73.494	-73.3941	-73.334	-73.3348	-73.4214	-73.6181
3.275	-75.8197	-75.8759	-75.9343	-75.9672	-75.9733	-75.9573	-75.9246	-75.8798	-75.826	-75.7654	-75.6994	-75.6289	-75.5544	-75.4761	-75.3941	-75.3084	-75.2188	-75.1251	-75.027	-74.9244	-74.8168	-74.7041	-74.5859	-74.4622	-74.333	-74.1987	-74.0601	-73.9191	-73.7785	-73.6432	-73.5207	-73.4221	-73.3632	-73.365	-73.4519	-73.6481
3.28	-75.8275	-75.8838	-75.9422	-75.9753	-75.9814	-75.9656	-75.9332	-75.8887	-75.8351	-75.7748	-75.7092	-75.639	-75.5649	-75.4871	-75.4056	-75.3203	-75.2313	-75.1381	-75.0407	-74.9387	-74.8318	-74.7199	-74.6026	-74.4798	-74.3516	-74.2183	-74.081	-73.9412	-73.802	-73.6681	-73.547	-73.4498	-73.3922	-73.3948	-73.482	-73.6778
3.285	-75.8354	-75.8916	-75.9501	-75.9832	-75.9895	-75.9739	-75.9417	-75.8975	-75.8442	-75.7842	-75.7189	-75.6492	-75.5754	-75.498	-75.4169	-75.3322	-75.2436	-75.1511	-75.0542	-74.9529	-74.8467	-74.7355	-74.6191	-74.4972	-74.37	-74.2379	-74.1017	-73.9632	-73.8253	-73.6928	-73.5731	-73.4773	-73.4208	-73.4243	-73.5118	-73.7072
3.29	-75.8431	-75.8994	-75.9579	-75.9911	-75.9976	-75.9822	-75.9502	-75.9062	-75.8533	-75.7936	-75.7286	-75.6592	-75.5859	-75.5089	-75.4283	-75.344	-75.2559	-75.1639	-75.0677	-74.967	-74.8615	-74.7511	-74.6355	-74.5145	-74.3883	-74.2572	-74.1222	-73.9849	-73.8484	-73.7173	-73.599	-73.5044	-73.4491	-73.4534	-73.5413	-73.7362
3.295	-75.8509	-75.9072	-75.9658	-75.999	-76.0056	-75.9904	-75.9587	-75.9149	-75.8623	-75.8029	-75.7383	-75.6692	-75.5963	-75.5197	-75.4395	-75.3557	-75.2682	-75.1767	-75.0811	-74.981	-74.8763	-74.7666	-74.6517	-74.5317	-74.4064	-74.2764	-74.1425	-74.0065	-73.8712	-73.7415	-73.6246	-73.5313	-73.4771	-73.4822	-73.5704	-73.7649
3.3	-75.8586	-75.915	-75.9735	-76.0069	-76.0136	-75.9986	-75.9671	-75.9236	-75.8712	-75.8122	-75.7479	-75.6792	-75.6066	-75.5304	-75.4507	-75.3674	-75.2803	-75.1894	-75.0943	-74.9949	-74.8909	-74.7819	-74.6679	-74.5487	-74.4244	-74.2954	-74.1627	-74.0279	-73.8939	-73.7655	-73.6499	-73.558	-73.5049	-73.5108	-73.5992	-73.7932
3.305	-75.8663	-75.9227	-75.9813	-76.0147	-76.0216	-76.0068	-75.9755	-75.9322	-75.8801	-75.8214	-75.7574	-75.6891	-75.6169	-75.5411	-75.4618	-75.379	-75.2924	-75.202	-75.1076	-75.0088	-74.9054	-74.7972	-74.684	-74.5656	-74.4423	-74.3143	-74.1827	-74.0491	-73.9164	-73.7893	-73.675	-73.5843	-73.5323	-73.539	-73.6277	-73.8213
3.31	-75.8739	-75.9304	-75.989	-76.0226	-76.0296	-76.0149	-75.9838	-75.9408	-75.889	-75.8306	-75.7669	-75.699	-75.6271	-75.5518	-75.4729	-75.3905	-75.3045	-75.2146	-75.1207	-75.0225	-74.9198	-74.8123	-74.6999	-74.5824	-74.46	-74.3331	-74.2025	-74.0701	-73.9386	-73.8128	-73.6998	-73.6104	-73.5595	-73.5669	-73.6558	-73.849
3.315	-75.8816	-75.938	-75.9967	-76.0303	-76.0375	-76.023	-75.9922	-75.9494	-75.8979	-75.8397	-75.7764	-75.7088	-75.6373	-75.5623	-75.4839	-75.402	-75.3164	-75.2271	-75.1337	-75.0362	-74.9341	-74.8274	-74.7157	-74.5991	-74.4776	-74.3517	-74.2222	-74.0909	-73.9607	-73.8361	-73.7244	-73.6362	-73.5863	-73.5945	-73.6837	-73.8764
3.32	-75.8892	-75.9457	-76.0044	-76.0381	-76.0453	-76.031	-76.0004	-75.9579	-75.9067	-75.8488	-75.7858	-75.7185	-75.6475	-75.5729	-75.4948	-75.4134	-75.3283	-75.2395	-75.1467	-75.0497	-74.9483	-74.8423	-74.7314	-74.6157	-74.4951	-74.3701	-74.2417	-74.1115	-73.9825	-73.8592	-73.7488	-73.6618	-73.6129	-73.6218	-73.7112	-73.9035
3.325	-75.8967	-75.9533	-76.012	-76.0458	-76.0532	-76.039	-76.0087	-75.9664	-75.9154	-75.8579	-75.7952	-75.7282	-75.6575	-75.5833	-75.5057	-75.4247	-75.3401	-75.2518	-75.1596	-75.0632	-74.9625	-74.8572	-74.747	-74.6321	-74.5124	-74.3884	-74.2611	-74.132	-74.0042	-73.8821	-73.7729	-73.6871	-73.6392	-73.6488	-73.7385	-73.9303
3.33	-75.9043	-75.9608	-76.0196	-76.0534	-76.061	-76.047	-76.0169	-75.9748	-75.9241	-75.8669	-75.8045	-75.7379	-75.6676	-75.5938	-75.5166	-75.436	-75.3518	-75.2641	-75.1724	-75.0766	-74.9765	-74.8719	-74.7625	-74.6484	-74.5296	-74.4066	-74.2803	-74.1523	-74.0257	-73.9048	-73.7969	-73.7121	-73.6653	-73.6756	-73.7655	-73.9568
3.335	-75.9118	-75.9684	-76.0272	-76.0611	-76.0688	-76.055	-76.025	-75.9833	-75.9328	-75.8759	-75.8138	-75.7475	-75.6775	-75.6041	-75.5273	-75.4472	-75.3635	-75.2762	-75.1851	-75.09	-74.9905	-74.8865	-74.7779	-74.6646	-74.5467	-74.4246	-74.2993	-74.1725	-74.047	-73.9273	-73.8205	-73.737	-73.6911	-73.702	-73.7921	-73.983
3.34	-75.9193	-75.9759	-76.0347	-76.0687	-76.0765	-76.0629	-76.0331	-75.9916	-75.9414	-75.8848	-75.823	-75.7571	-75.6875	-75.6144	-75.538	-75.4583	-75.3751	-75.2884	-75.1978	-75.1032	-75.0044	-74.9011	-74.7932	-74.6807	-74.5636	-74.4425	-74.3182	-74.1925	-74.0681	-73.9496	-73.844	-73.7615	-73.7166	-73.7282	-73.8185	-74.009
3.345	-75.9267	-75.9834	-76.0422	-76.0763	-76.0842	-76.0708	-76.0412	-76	-75.95	-75.8937	-75.8322	-75.7666	-75.6973	-75.6247	-75.5487	-75.4694	-75.3867	-75.3004	-75.2104	-75.1163	-75.0181	-74.9155	-74.8084	-74.6967	-74.5805	-74.4602	-74.337	-74.2123	-74.089	-73.9717	-73.8673	-73.7859	-73.7419	-73.7542	-73.8447	-74.0347
3.35	-75.9341	-75.9908	-76.0497	-76.0838	-76.0919	-76.0786	-76.0493	-76.0082	-75.9586	-75.9025	-75.8414	-75.7761	-75.7072	-75.6349	-75.5593	-75.4804	-75.3982	-75.3124	-75.2229	-75.1294	-75.0318	-74.9299	-74.8235	-74.7125	-74.5972	-74.4779	-74.3555	-74.2319	-74.1098	-73.9936	-73.8903	-73.81	-73.7669	-73.7798	-73.8705	-74.0601
3.355	-75.9415	-75.9982	-76.0571	-76.0913	-76.0995	-76.0864	-76.0573	-76.0165	-75.9671	-75.9113	-75.8505	-75.7855	-75.7169	-75.645	-75.5698	-75.4914	-75.4096	-75.3243	-75.2353	-75.1424	-75.0454	-74.9442	-74.8384	-74.7282	-74.6137	-74.4953	-74.374	-74.2514	-74.1303	-74.0153	-73.9131	-73.8339	-73.7917	-73.8053	-73.8961	-74.0852
3.36	-75.9489	-76.0056	-76.0645	-76.0988	-76.1071	-76.0942	-76.0653	-76.0247	-75.9756	-75.9201	-75.8595	-75.7949	-75.7267	-75.6551	-75.5803	-75.5023	-75.421	-75.3361	-75.2477	-75.1553	-75.059	-74.9583	-74.8533	-74.7439	-74.6302	-74.5127	-74.3923	-74.2707	-74.1507	-74.0368	-73.9358	-73.8576	-73.8163	-73.8304	-73.9214	-74.1101
3.365	-75.9562	-76.013	-76.0719	-76.1063	-76.1147	-76.102	-76.0733	-76.0329	-75.984	-75.9288	-75.8686	-75.8042	-75.7364	-75.6652	-75.5908	-75.5132	-75.4323	-75.3479	-75.2599	-75.1682	-75.0724	-74.9724	-74.8681	-74.7594	-74.6465	-74.5299	-74.4105	-74.2899	-74.171	-74.0582	-73.9582	-73.881	-73.8406	-73.8553	-73.9465	-74.1347
3.37	-75.9635	-76.0203	-76.0793	-76.1137	-76.1223	-76.1097	-76.0812	-76.0411	-75.9925	-75.9375	-75.8775	-75.8135	-75.746	-75.6752	-75.6011	-75.5239	-75.4435	-75.3596	-75.2722	-75.1809	-75.0857	-74.9864	-74.8828	-74.7748	-74.6628	-74.547	-74.4285	-74.3089	-74.191	-74.0793	-73.9804	-73.9042	-73.8647	-73.88	-73.9713	-74.1591
3.375	-75.9708	-76.0276	-76.0866	-76.1211	-76.1298	-76.1174	-76.0891	-76.0492	-76.0008	-75.9461	-75.8865	-75.8228	-75.7556	-75.6851	-75.6115	-75.5347	-75.4547	-75.3712	-75.2843	-75.1936	-75.099	-75.0003	-74.8973	-74.7901	-74.6789	-74.564	-74.4464	-74.3278	-74.211	-74.1003	-74.0024	-73.9272	-73.8886	-73.9044	-73.9959	-74.1832
3.38	-75.9781	-76.0349	-76.0939	-76.1285	-76.1373	-76.125	-76.0969	-76.0573	-76.0091	-75.9547	-75.8954	-75.832	-75.7651	-75.695	-75.6217	-75.5454	-75.4658	-75.3828	-75.2964	-75.2062	-75.1122	-75.0141	-74.9118	-74.8054	-74.6949	-74.5808	-74.4641	-74.3465	-74.2307	-74.121	-74.0242	-73.95	-73.9122	-73.9286	-74.0202	-74.2071
3.385	-75.9853	-76.0422	-76.1012	-76.1358	-76.1448	-76.1327	-76.1048	-76.0653	-76.0174	-75.9633	-75.9042	-75.8412	-75.7746	-75.7048	-75.632	-75.556	-75.4768	-75.3943	-75.3084	-75.2188	-75.1253	-75.0278	-74.9262	-74.8205	-74.7107	-74.5975	-74.4818	-74.3651	-74.2503	-74.1417	-74.0459	-73.9726	-73.9356	-73.9526	-74.0443	-74.2307
3.39	-75.9925	-76.0494	-76.1084	-76.1432	-76.1522	-76.1403	-76.1125	-76.0733	-76.0257	-75.9718	-75.913	-75.8503	-75.784	-75.7146	-75.6421	-75.5665	-75.4878	-75.4058	-75.3203	-75.2312	-75.1383	-75.0414	-74.9405	-74.8355	-74.7265	-74.6141	-74.4992	-74.3835	-74.2697	-74.1621	-74.0673	-73.995	-73.9588	-73.9763	-74.0682	-74.2541
3.395	-75.9997	-76.0566	-76.1157	-76.1504	-76.1596	-76.1478	-76.1203	-76.0813	-76.0339	-75.9803	-75.9218	-75.8594	-75.7934	-75.7244	-75.6522	-75.577	-75.4987	-75.4172	-75.3322	-75.2436	-75.1513	-75.055	-74.9547	-74.8504	-74.7422	-74.6306	-74.5166	-74.4018	-74.2889	-74.1824	-74.0886	-74.0172	-73.9818	-73.9998	-74.0918	-74.2773
3.4	-76.0068	-76.0638	-76.1228	-76.1577	-76.167	-76.1553	-76.128	-76.0892	-76.0421	-75.9887	-75.9305	-75.8684	-75.8028	-75.7341	-75.6623	-75.5875	-75.5096	-75.4285	-75.344	-75.2559	-75.1641	-75.0685	-74.9688	-74.8652	-74.7577	-74.647	-74.5338	-74.4199	-74.3081	-74.2025	-74.1096	-74.0392	-74.0045	-74.0231	-74.1152	-74.3003
3.405	-76.0139	-76.0709	-76.13	-76.1649	-76.1743	-76.1628	-76.1357	-76.0972	-76.0503	-75.9972	-75.9392	-75.8774	-75.8121	-75.7437	-75.6723	-75.5979	-75.5204	-75.4397	-75.3557	-75.2681	-75.1769	-75.0818	-74.9828	-74.8799	-74.7732	-74.6632	-74.5509	-74.4379	-74.327	-74.2224	-74.1305	-74.061	-74.0271	-74.0462	-74.1383	-74.323
3.41	-76.021	-76.078	-76.1371	-76.1721	-76.1816	-76.1703	-76.1434	-76.105	-76.0584	-76.0055	-75.9479	-75.8863	-75.8214	-75.7533	-75.6823	-75.6082	-75.5312	-75.4509	-75.3674	-75.2803	-75.1896	-75.0951	-74.9967	-74.8945	-74.7885	-74.6793	-74.5679	-74.4558	-74.3458	-74.2421	-74.1513	-74.0826	-74.0495	-74.069	-74.1613	-74.3455
3.415	-76.0281	-76.0851	-76.1443	-76.1793	-76.1889	-76.1778	-76.151	-76.1129	-76.0665	-76.0139	-75.9565	-75.8952	-75.8306	-75.7629	-75.6922	-75.6185	-75.5419	-75.4621	-75.379	-75.2924	-75.2022	-75.1083	-75.0106	-74.909	-74.8037	-74.6953	-74.5847	-74.4735	-74.3645	-74.2617	-74.1718	-74.104	-74.0716	-74.0917	-74.184	-74.3678
3.42	-76.0351	-76.0922	-76.1513	-76.1864	-76.1962	-76.1852	-76.1586	-76.1207	-76.0745	-76.0222	-75.9651	-75.9041	-75.8398	-75.7724	-75.702	-75.6288	-75.5525	-75.4731	-75.3905	-75.3044	-75.2148	-75.1215	-75.0243	-74.9234	-74.8189	-74.7112	-74.6014	-74.4911	-74.383	-74.2812	-74.1922	-74.1253	-74.0936	-74.1141	-74.2066	-74.3899
3.425	-76.0422	-76.0992	-76.1584	-76.1936	-76.2034	-76.1926	-76.1662	-76.1285	-76.0825	-76.0304	-75.9736	-75.9129	-75.8489	-75.7818	-75.7119	-75.639	-75.5631	-75.4841	-75.4019	-75.3164	-75.2273	-75.1345	-75.038	-74.9377	-74.8339	-74.727	-74.618	-74.5086	-74.4013	-74.3005	-74.2124	-74.1463	-74.1153	-74.1363	-74.2289	-74.4117
3.43	-76.0491	-76.1062	-76.1654	-76.2006	-76.2106	-76.1999	-76.1737	-76.1362	-76.0905	-76.0387	-75.9821	-75.9217	-75.858	-75.7913	-75.7216	-75.6491	-75.5736	-75.4951	-75.4134	-75.3283	-75.2397	-75.1475	-75.0516	-74.9519	-74.8488	-74.7427	-74.6345	-74.5259	-74.4196	-74.3196	-74.2324	-74.1672	-74.1369	-74.1583	-74.251	-74.4334
3.435	-76.0561	-76.1132	-76.1724	-76.2077	-76.2178	-76.2072	-76.1812	-76.1439	-76.0984	-76.0469	-75.9906	-75.9305	-75.8671	-75.8006	-75.7313	-75.6592	-75.5841	-75.506	-75.4247	-75.3401	-75.252	-75.1604	-75.065	-74.9661	-74.8636	-74.7583	-74.6509	-74.5431	-74.4376	-74.3386	-74.2523	-74.1879	-74.1583	-74.1802	-74.2729	-74.4549
3.44	-76.0631	-76.1202	-76.1794	-76.2147	-76.2249	-76.2145	-76.1887	-76.1516	-76.1063	-76.055	-75.999	-75.9392	-75.8761	-75.81	-75.741	-75.6692	-75.5945	-75.5168	-75.436	-75.3519	-75.2643	-75.1732	-75.0784	-74.9801	-74.8784	-74.7737	-74.6671	-74.5602	-74.4556	-74.3574	-74.272	-74.2084	-74.1795	-74.2018	-74.2946	-74.4761
3.445	-76.07	-76.1271	-76.1863	-76.2218	-76.232	-76.2218	-76.1961	-76.1593	-76.1142	-76.0631	-76.0074	-75.9478	-75.885	-75.8192	-75.7506	-75.6792	-75.6049	-75.5276	-75.4472	-75.3635	-75.2765	-75.1859	-75.0918	-74.994	-74.893	-74.7891	-74.6833	-74.5771	-74.4734	-74.3761	-74.2915	-74.2288	-74.2005	-74.2232	-74.3161	-74.4972
3.45	-76.0769	-76.134	-76.1933	-76.2287	-76.2391	-76.229	-76.2035	-76.1669	-76.1221	-76.0712	-76.0157	-75.9564	-75.8939	-75.8285	-75.7602	-75.6891	-75.6152	-75.5383	-75.4583	-75.3752	-75.2886	-75.1986	-75.105	-75.0079	-74.9075	-74.8043	-74.6993	-74.594	-74.4911	-74.3946	-74.3109	-74.2489	-74.2213	-74.2445	-74.3374	-74.518
3.455	-76.0837	-76.1409	-76.2002	-76.2357	-76.2462	-76.2362	-76.2109	-76.1745	-76.1299	-76.0793	-76.024	-75.965	-75.9028	-75.8377	-75.7697	-75.699	-75.6254	-75.549	-75.4694	-75.3867	-75.3007	-75.2112	-75.1182	-75.0217	-74.922	-74.8195	-74.7152	-74.6107	-74.5086	-74.413	-74.3302	-74.269	-74.242	-74.2655	-74.3585	-74.5387
3.46	-76.0906	-76.1477	-76.207	-76.2426	-76.2532	-76.2434	-76.2183	-76.182	-76.1376	-76.0873	-76.0323	-75.9736	-75.9117	-75.8468	-75.7792	-75.7088	-75.6356	-75.5596	-75.4805	-75.3982	-75.3126	-75.2237	-75.1312	-75.0354	-74.9363	-74.8345	-74.7309	-74.6272	-74.526	-74.4313	-74.3492	-74.2888	-74.2625	-74.2864	-74.3794	-74.5592
3.465	-76.0974	-76.1546	-76.2139	-76.2495	-76.2602	-76.2505	-76.2256	-76.1895	-76.1454	-76.0953	-76.0405	-75.9821	-75.9204	-75.8559	-75.7886	-75.7186	-75.6458	-75.5701	-75.4914	-75.4096	-75.3246	-75.2361	-75.1442	-75.049	-74.9505	-74.8494	-74.7466	-74.6437	-74.5433	-74.4494	-74.3682	-74.3085	-74.2828	-74.3071	-74.4001	-74.5795
3.47	-76.1042	-76.1614	-76.2207	-76.2564	-76.2672	-76.2577	-76.2329	-76.197	-76.1531	-76.1032	-76.0487	-75.9906	-75.9292	-75.865	-75.798	-75.7283	-75.6559	-75.5806	-75.5023	-75.421	-75.3364	-75.2485	-75.1571	-75.0625	-74.9647	-74.8643	-74.7622	-74.66	-74.5604	-74.4674	-74.3869	-74.328	-74.3029	-74.3276	-74.4207	-74.5996
3.475	-76.1109	-76.1682	-76.2275	-76.2633	-76.2741	-76.2648	-76.2402	-76.2045	-76.1608	-76.1111	-76.0569	-75.999	-75.9379	-75.874	-75.8074	-75.738	-75.6659	-75.591	-75.5132	-75.4323	-75.3482	-75.2608	-75.17	-75.0759	-74.9788	-74.879	-74.7777	-74.6763	-74.5774	-74.4852	-74.4055	-74.3473	-74.3228	-74.348	-74.4411	-74.6196
3.48	-76.1177	-76.1749	-76.2343	-76.2701	-76.2811	-76.2718	-76.2474	-76.2119	-76.1684	-76.119	-76.065	-76.0074	-75.9466	-75.883	-75.8167	-75.7477	-75.6759	-75.6014	-75.524	-75.4435	-75.3599	-75.273	-75.1827	-75.0892	-74.9927	-74.8937	-74.793	-74.6924	-74.5943	-74.5029	-74.424	-74.3665	-74.3426	-74.3681	-74.4613	-74.6394
3.485	-76.1244	-76.1816	-76.241	-76.2769	-76.288	-76.2789	-76.2546	-76.2193	-76.176	-76.1268	-76.0731	-76.0157	-75.9552	-75.8919	-75.8259	-75.7572	-75.6859	-75.6117	-75.5347	-75.4547	-75.3715	-75.2851	-75.1954	-75.1025	-75.0066	-74.9082	-74.8083	-74.7084	-74.6111	-74.5204	-74.4424	-74.3856	-74.3623	-74.3881	-74.4813	-74.659
3.49	-76.1311	-76.1884	-76.2477	-76.2837	-76.2949	-76.2859	-76.2618	-76.2267	-76.1836	-76.1347	-76.0812	-76.0241	-75.9638	-75.9008	-75.8351	-75.7668	-75.6958	-75.622	-75.5454	-75.4658	-75.3831	-75.2972	-75.208	-75.1157	-75.0204	-74.9227	-74.8234	-74.7243	-74.6278	-74.5379	-74.4606	-74.4045	-74.3817	-74.408	-74.5012	-74.6784
3.495	-76.1378	-76.195	-76.2544	-76.2904	-76.3017	-76.2929	-76.2689	-76.234	-76.1912	-76.1424	-76.0892	-76.0323	-75.9724	-75.9097	-75.8443	-75.7763	-75.7056	-75.6322	-75.556	-75.4769	-75.3946	-75.3092	-75.2206	-75.1288	-75.0341	-74.937	-74.8385	-74.74	-74.6443	-74.5552	-74.4786	-74.4232	-74.4011	-74.4276	-74.5208	-74.6976
3.5	-76.1444	-76.2017	-76.2611	-76.2971	-76.3085	-76.2998	-76.2761	-76.2413	-76.1987	-76.1502	-76.0972	-76.0406	-75.9809	-75.9185	-75.8534	-75.7857	-75.7154	-75.6424	-75.5666	-75.4879	-75.4061	-75.3211	-75.233	-75.1418	-75.0477	-74.9513	-74.8534	-74.7557	-74.6607	-74.5723	-74.4965	-74.4418	-74.4202	-74.4471	-74.5404	-74.7167
3.505	-76.151	-76.2084	-76.2678	-76.3038	-76.3153	-76.3068	-76.2832	-76.2486	-76.2062	-76.1579	-76.1051	-76.0488	-75.9894	-75.9272	-75.8625	-75.7951	-75.7252	-75.6525	-75.5771	-75.4988	-75.4174	-75.333	-75.2454	-75.1547	-75.0612	-74.9654	-74.8682	-74.7712	-74.677	-74.5894	-74.5143	-74.4603	-74.4392	-74.4665	-74.5597	-74.7356
3.51	-76.1576	-76.215	-76.2744	-76.3105	-76.3221	-76.3137	-76.2902	-76.2559	-76.2137	-76.1656	-76.1131	-76.057	-75.9978	-75.936	-75.8715	-75.8045	-75.7349	-75.6626	-75.5876	-75.5097	-75.4288	-75.3448	-75.2577	-75.1676	-75.0747	-74.9795	-74.883	-74.7867	-74.6932	-74.6063	-74.5319	-74.4786	-74.4581	-74.4856	-74.5789	-74.7544
3.515	-76.1642	-76.2215	-76.281	-76.3172	-76.3288	-76.3205	-76.2973	-76.2631	-76.2211	-76.1732	-76.121	-76.0651	-76.0062	-75.9447	-75.8805	-75.8138	-75.7445	-75.6726	-75.598	-75.5205	-75.44	-75.3565	-75.27	-75.1804	-75.0881	-74.9935	-74.8976	-74.802	-74.7092	-74.6231	-74.5494	-74.4967	-74.4768	-74.5047	-74.5979	-74.773
3.52	-76.1708	-76.2281	-76.2876	-76.3238	-76.3356	-76.3274	-76.3043	-76.2703	-76.2285	-76.1809	-76.1288	-76.0732	-76.0146	-75.9533	-75.8894	-75.8231	-75.7541	-75.6826	-75.6083	-75.5312	-75.4512	-75.3682	-75.2821	-75.1931	-75.1013	-75.0074	-74.9122	-74.8173	-74.7252	-74.6397	-74.5668	-74.5148	-74.4953	-74.5235	-74.6168	-74.7915
3.525	-76.1773	-76.2347	-76.2941	-76.3304	-76.3423	-76.3342	-76.3113	-76.2775	-76.2358	-76.1884	-76.1366	-76.0813	-76.0229	-75.9619	-75.8984	-75.8323	-75.7637	-75.6925	-75.6186	-75.5419	-75.4623	-75.3798	-75.2942	-75.2057	-75.1145	-75.0212	-74.9266	-74.8324	-74.741	-74.6563	-74.5841	-74.5326	-74.5137	-74.5422	-74.6355	-74.8097
3.53	-76.1838	-76.2412	-76.3006	-76.337	-76.3489	-76.341	-76.3182	-76.2846	-76.2432	-76.196	-76.1444	-76.0893	-76.0312	-75.9705	-75.9072	-75.8415	-75.7732	-75.7024	-75.6289	-75.5526	-75.4734	-75.3913	-75.3062	-75.2183	-75.1277	-75.0349	-74.941	-74.8474	-74.7567	-74.6727	-74.6012	-74.5504	-74.532	-74.5608	-74.654	-74.8279
3.535	-76.1903	-76.2477	-76.3072	-76.3435	-76.3556	-76.3478	-76.3252	-76.2917	-76.2505	-76.2035	-76.1522	-76.0973	-76.0395	-75.979	-75.916	-75.8506	-75.7827	-75.7122	-75.639	-75.5632	-75.4844	-75.4028	-75.3182	-75.2307	-75.1407	-75.0485	-74.9552	-74.8623	-74.7723	-74.689	-74.6182	-74.568	-74.5501	-74.5792	-74.6724	-74.8459
3.54	-76.1968	-76.2542	-76.3136	-76.3501	-76.3622	-76.3545	-76.3321	-76.2988	-76.2578	-76.211	-76.1599	-76.1053	-76.0477	-75.9875	-75.9248	-75.8597	-75.7921	-75.7219	-75.6492	-75.5737	-75.4954	-75.4142	-75.3301	-75.2431	-75.1536	-75.0621	-74.9694	-74.8772	-74.7878	-74.7052	-74.635	-74.5855	-74.568	-74.5975	-74.6907	-74.8637
3.545	-76.2032	-76.2606	-76.3201	-76.3566	-76.3688	-76.3613	-76.339	-76.3059	-76.265	-76.2185	-76.1676	-76.1132	-76.0559	-75.996	-75.9336	-75.8687	-75.8015	-75.7317	-75.6593	-75.5842	-75.5063	-75.4255	-75.3419	-75.2555	-75.1665	-75.0755	-74.9835	-74.8919	-74.8032	-74.7213	-74.6518	-74.6028	-74.5859	-74.6156	-74.7088	-74.8814
3.55	-76.2096	-76.2671	-76.3265	-76.3631	-76.3754	-76.368	-76.3458	-76.3129	-76.2723	-76.2259	-76.1752	-76.1211	-76.0641	-76.0044	-75.9423	-75.8777	-75.8108	-75.7413	-75.6693	-75.5946	-75.5171	-75.4368	-75.3537	-75.2677	-75.1793	-75.0889	-74.9975	-74.9065	-74.8185	-74.7373	-74.6684	-74.62	-74.6036	-74.6335	-74.7268	-74.8989
3.555	-76.216	-76.2735	-76.3329	-76.3695	-76.3819	-76.3746	-76.3526	-76.3199	-76.2795	-76.2333	-76.1829	-76.129	-76.0722	-76.0128	-75.951	-75.8867	-75.8201	-75.751	-75.6793	-75.605	-75.5279	-75.448	-75.3653	-75.2799	-75.192	-75.1022	-75.0114	-74.9211	-74.8337	-74.7531	-74.6849	-74.6371	-74.6211	-74.6514	-74.7446	-74.9163
3.56	-76.2224	-76.2798	-76.3393	-76.3759	-76.3885	-76.3813	-76.3594	-76.3269	-76.2866	-76.2407	-76.1905	-76.1368	-76.0803	-76.0211	-75.9596	-75.8956	-75.8293	-75.7605	-75.6892	-75.6153	-75.5386	-75.4592	-75.377	-75.292	-75.2047	-75.1154	-75.0252	-74.9355	-74.8488	-74.7689	-74.7013	-74.6541	-74.6385	-74.6691	-74.7623	-74.9336
3.565	-76.2288	-76.2862	-76.3457	-76.3824	-76.395	-76.3879	-76.3662	-76.3338	-76.2938	-76.248	-76.198	-76.1446	-76.0883	-76.0294	-75.9682	-75.9045	-75.8385	-75.7701	-75.6991	-75.6255	-75.5493	-75.4703	-75.3885	-75.3041	-75.2173	-75.1286	-75.0389	-74.9498	-74.8638	-74.7845	-74.7175	-74.6709	-74.6558	-74.6866	-74.7798	-74.9507
3.57	-76.2351	-76.2926	-76.3521	-76.3888	-76.4014	-76.3945	-76.373	-76.3408	-76.3009	-76.2554	-76.2056	-76.1524	-76.0963	-76.0377	-75.9767	-75.9134	-75.8476	-75.7795	-75.7089	-75.6357	-75.5599	-75.4813	-75.4	-75.3161	-75.2298	-75.1416	-75.0525	-74.9641	-74.8787	-74.8	-74.7337	-74.6876	-74.673	-74.704	-74.7972	-74.9677
3.575	-76.2414	-76.2989	-76.3584	-76.3951	-76.4079	-76.4011	-76.3797	-76.3476	-76.308	-76.2626	-76.2131	-76.1601	-76.1043	-76.046	-75.9852	-75.9222	-75.8568	-75.789	-75.7187	-75.6459	-75.5704	-75.4923	-75.4114	-75.328	-75.2422	-75.1546	-75.0661	-74.9782	-74.8934	-74.8154	-74.7497	-74.7042	-74.69	-74.7213	-74.8144	-74.9846
3.58	-76.2477	-76.3052	-76.3647	-76.4015	-76.4143	-76.4077	-76.3864	-76.3545	-76.315	-76.2699	-76.2205	-76.1678	-76.1122	-76.0541	-75.9937	-75.9309	-75.8658	-75.7984	-75.7284	-75.656	-75.5809	-75.5032	-75.4228	-75.3398	-75.2545	-75.1675	-75.0795	-74.9923	-74.9081	-74.8307	-74.7656	-74.7207	-74.7069	-74.7385	-74.8316	-75.0013
3.585	-76.254	-76.3115	-76.371	-76.4078	-76.4207	-76.4142	-76.3931	-76.3614	-76.322	-76.2771	-76.228	-76.1755	-76.1201	-76.0623	-76.0021	-75.9396	-75.8748	-75.8077	-75.7381	-75.666	-75.5914	-75.514	-75.4341	-75.3516	-75.2668	-75.1803	-75.0929	-75.0063	-74.9227	-74.8459	-74.7814	-74.737	-74.7237	-74.7555	-74.8485	-75.0179
3.59	-76.2602	-76.3177	-76.3772	-76.4141	-76.4271	-76.4207	-76.3997	-76.3682	-76.329	-76.2843	-76.2354	-76.1831	-76.128	-76.0704	-76.0105	-75.9483	-75.8838	-75.817	-75.7478	-75.676	-75.6018	-75.5248	-75.4453	-75.3633	-75.279	-75.193	-75.1062	-75.0201	-74.9372	-74.861	-74.7971	-74.7532	-74.7403	-74.7724	-74.8654	-75.0343
3.595	-76.2665	-76.324	-76.3835	-76.4204	-76.4335	-76.4272	-76.4063	-76.375	-76.336	-76.2915	-76.2428	-76.1907	-76.1359	-76.0785	-76.0189	-75.957	-75.8928	-75.8263	-75.7574	-75.686	-75.6121	-75.5356	-75.4565	-75.3749	-75.2911	-75.2057	-75.1194	-75.0339	-74.9516	-74.876	-74.8127	-74.7694	-74.7569	-74.7892	-74.8821	-75.0506
3.6	-76.2727	-76.3302	-76.3897	-76.4266	-76.4398	-76.4336	-76.4129	-76.3817	-76.343	-76.2986	-76.2501	-76.1983	-76.1437	-76.0866	-76.0272	-75.9656	-75.9017	-75.8355	-75.7669	-75.6959	-75.6224	-75.5463	-75.4676	-75.3865	-75.3032	-75.2182	-75.1326	-75.0476	-74.9659	-74.8909	-74.8282	-74.7854	-74.7733	-74.8058	-74.8987	-75.0668
3.605	-76.2789	-76.3364	-76.3959	-76.4329	-76.4461	-76.4401	-76.4195	-76.3885	-76.3499	-76.3058	-76.2574	-76.2058	-76.1515	-76.0946	-76.0355	-75.9741	-75.9105	-75.8446	-75.7764	-75.7057	-75.6326	-75.5569	-75.4787	-75.398	-75.3152	-75.2307	-75.1456	-75.0613	-74.9801	-74.9057	-74.8435	-74.8012	-74.7896	-74.8223	-74.9152	-75.0829
3.61	-76.285	-76.3425	-76.4021	-76.4391	-76.4524	-76.4465	-76.4261	-76.3952	-76.3568	-76.3128	-76.2647	-76.2133	-76.1592	-76.1026	-76.0437	-75.9826	-75.9193	-75.8538	-75.7859	-75.7156	-75.6428	-75.5675	-75.4896	-75.4094	-75.3271	-75.2432	-75.1586	-75.0748	-74.9942	-74.9204	-74.8588	-74.817	-74.8057	-74.8387	-74.9316	-75.0989
3.615	-76.2912	-76.3487	-76.4082	-76.4453	-76.4587	-76.4529	-76.4326	-76.4019	-76.3636	-76.3199	-76.272	-76.2208	-76.1669	-76.1106	-76.0519	-75.9911	-75.9281	-75.8628	-75.7953	-75.7253	-75.6529	-75.578	-75.5006	-75.4208	-75.339	-75.2555	-75.1715	-75.0882	-75.0082	-74.935	-74.8739	-74.8327	-74.8218	-74.855	-74.9478	-75.1147
3.62	-76.2973	-76.3548	-76.4144	-76.4515	-76.465	-76.4592	-76.4391	-76.4085	-76.3705	-76.3269	-76.2792	-76.2283	-76.1746	-76.1185	-76.0601	-75.9996	-75.9368	-75.8719	-75.8046	-75.735	-75.663	-75.5884	-75.5115	-75.4321	-75.3507	-75.2678	-75.1843	-75.1016	-75.0222	-74.9495	-74.889	-74.8482	-74.8377	-74.8711	-74.9639	-75.1304
3.625	-76.3034	-76.3609	-76.4205	-76.4576	-76.4712	-76.4656	-76.4456	-76.4152	-76.3773	-76.3339	-76.2864	-76.2357	-76.1822	-76.1264	-76.0683	-76.008	-75.9455	-75.8809	-75.8139	-75.7447	-75.673	-75.5988	-75.5223	-75.4434	-75.3625	-75.28	-75.197	-75.1149	-75.036	-74.9639	-74.9039	-74.8636	-74.8536	-74.8872	-74.9799	-75.146
3.63	-76.3095	-76.367	-76.4266	-76.4637	-76.4774	-76.4719	-76.452	-76.4218	-76.3841	-76.3409	-76.2936	-76.2431	-76.1898	-76.1342	-76.0764	-76.0163	-75.9542	-75.8898	-75.8232	-75.7543	-75.6829	-75.6092	-75.533	-75.4546	-75.3741	-75.2922	-75.2097	-75.1281	-75.0498	-74.9782	-74.9188	-74.879	-74.8693	-74.9031	-74.9957	-75.1615
3.635	-76.3156	-76.3731	-76.4326	-76.4699	-76.4836	-76.4782	-76.4585	-76.4284	-76.3908	-76.3479	-76.3008	-76.2505	-76.1974	-76.142	-76.0844	-76.0247	-75.9628	-75.8987	-75.8324	-75.7638	-75.6929	-75.6195	-75.5437	-75.4657	-75.3857	-75.3043	-75.2223	-75.1412	-75.0634	-74.9925	-74.9335	-74.8942	-74.8849	-74.9189	-75.0115	-75.1768
3.64	-76.3216	-76.3791	-76.4387	-76.4759	-76.4898	-76.4845	-76.4649	-76.435	-76.3976	-76.3548	-76.3079	-76.2578	-76.205	-76.1498	-76.0925	-76.033	-75.9714	-75.9076	-75.8416	-75.7733	-75.7027	-75.6297	-75.5544	-75.4768	-75.3972	-75.3163	-75.2348	-75.1542	-75.077	-75.0066	-74.9482	-74.9093	-74.9004	-74.9346	-75.0271	-75.192
3.645	-76.3277	-76.3852	-76.4447	-76.482	-76.4959	-76.4907	-76.4713	-76.4415	-76.4043	-76.3617	-76.315	-76.2651	-76.2125	-76.1576	-76.1005	-76.0412	-75.9799	-75.9164	-75.8508	-75.7828	-75.7125	-75.6399	-75.565	-75.4878	-75.4087	-75.3282	-75.2472	-75.1672	-75.0905	-75.0206	-74.9627	-74.9243	-74.9157	-74.9501	-75.0426	-75.2072
3.65	-76.3337	-76.3912	-76.4507	-76.4881	-76.502	-76.4969	-76.4776	-76.448	-76.411	-76.3685	-76.322	-76.2724	-76.22	-76.1653	-76.1084	-76.0495	-75.9884	-75.9252	-75.8598	-75.7922	-75.7223	-75.6501	-75.5755	-75.4987	-75.4201	-75.34	-75.2596	-75.1801	-75.1039	-75.0346	-74.9772	-74.9393	-74.931	-74.9656	-75.058	-75.2222
3.655	-76.3397	-76.3972	-76.4567	-76.4941	-76.5081	-76.5032	-76.484	-76.4545	-76.4176	-76.3754	-76.3291	-76.2796	-76.2275	-76.173	-76.1164	-76.0577	-75.9969	-75.934	-75.8689	-75.8016	-75.732	-75.6601	-75.586	-75.5096	-75.4314	-75.3518	-75.2718	-75.1929	-75.1172	-75.0484	-74.9916	-74.9541	-74.9462	-74.9809	-75.0733	-75.2371
3.66	-76.3456	-76.4031	-76.4627	-76.5001	-76.5142	-76.5093	-76.4903	-76.461	-76.4243	-76.3822	-76.3361	-76.2868	-76.2349	-76.1806	-76.1243	-76.0658	-76.0053	-75.9427	-75.8779	-75.8109	-75.7417	-75.6702	-75.5964	-75.5205	-75.4427	-75.3636	-75.2841	-75.2056	-75.1305	-75.0622	-75.0058	-74.9688	-74.9612	-74.9962	-75.0885	-75.2519
3.665	-76.3516	-76.4091	-76.4686	-76.5061	-76.5203	-76.5155	-76.4966	-76.4674	-76.4309	-76.389	-76.3431	-76.294	-76.2423	-76.1883	-76.1321	-76.0739	-76.0137	-75.9513	-75.8869	-75.8202	-75.7513	-75.6802	-75.6068	-75.5312	-75.4539	-75.3752	-75.2962	-75.2183	-75.1437	-75.0759	-75.02	-74.9834	-74.9762	-75.0113	-75.1036	-75.2666
3.67	-76.3575	-76.415	-76.4746	-76.512	-76.5263	-76.5217	-76.5029	-76.4738	-76.4375	-76.3958	-76.35	-76.3011	-76.2497	-76.1959	-76.14	-76.082	-76.022	-75.96	-75.8958	-75.8295	-75.7609	-75.6901	-75.6171	-75.5419	-75.465	-75.3868	-75.3083	-75.2308	-75.1567	-75.0895	-75.0341	-74.9979	-74.991	-75.0264	-75.1185	-75.2812
3.675	-76.3634	-76.421	-76.4805	-76.518	-76.5323	-76.5278	-76.5091	-76.4802	-76.444	-76.4025	-76.357	-76.3083	-76.257	-76.2034	-76.1478	-76.0901	-76.0303	-75.9686	-75.9047	-75.8387	-75.7704	-75.7	-75.6273	-75.5526	-75.4761	-75.3984	-75.3203	-75.2433	-75.1697	-75.103	-75.0481	-75.0123	-75.0058	-75.0413	-75.1334	-75.2956
3.68	-76.3693	-76.4268	-76.4864	-76.5239	-76.5383	-76.5339	-76.5153	-76.4866	-76.4506	-76.4092	-76.3639	-76.3154	-76.2643	-76.211	-76.1555	-76.0981	-76.0386	-75.9771	-75.9135	-75.8478	-75.7799	-75.7098	-75.6375	-75.5632	-75.4871	-75.4098	-75.3322	-75.2557	-75.1827	-75.1164	-75.062	-75.0267	-75.0204	-75.0561	-75.1481	-75.31
3.685	-76.3752	-76.4327	-76.4922	-76.5298	-76.5443	-76.54	-76.5216	-76.493	-76.4571	-76.4159	-76.3707	-76.3225	-76.2716	-76.2185	-76.1633	-76.106	-76.0468	-75.9856	-75.9223	-75.8569	-75.7894	-75.7196	-75.6477	-75.5738	-75.4981	-75.4212	-75.3441	-75.2681	-75.1955	-75.1297	-75.0758	-75.0409	-75.035	-75.0708	-75.1628	-75.3243
3.69	-76.3811	-76.4386	-76.4981	-76.5357	-76.5502	-76.546	-76.5277	-76.4993	-76.4636	-76.4226	-76.3776	-76.3295	-76.2788	-76.2259	-76.171	-76.114	-76.055	-75.9941	-75.9311	-75.866	-75.7988	-75.7293	-75.6578	-75.5843	-75.509	-75.4326	-75.3559	-75.2804	-75.2083	-75.143	-75.0895	-75.055	-75.0495	-75.0854	-75.1773	-75.3384
3.695	-76.3869	-76.4444	-76.5039	-76.5416	-76.5562	-76.552	-76.5339	-76.5056	-76.4701	-76.4292	-76.3844	-76.3365	-76.2861	-76.2334	-76.1786	-76.1219	-76.0632	-76.0025	-75.9398	-75.875	-75.8081	-75.739	-75.6678	-75.5947	-75.5198	-75.4439	-75.3676	-75.2926	-75.2209	-75.1561	-75.1031	-75.0691	-75.0638	-75.0999	-75.1918	-75.3525
3.7	-76.3927	-76.4502	-76.5098	-76.5474	-76.5621	-76.5581	-76.54	-76.5119	-76.4765	-76.4358	-76.3912	-76.3435	-76.2933	-76.2408	-76.1863	-76.1298	-76.0713	-76.0109	-75.9485	-75.884	-75.8174	-75.7487	-75.6778	-75.6051	-75.5306	-75.4551	-75.3793	-75.3047	-75.2336	-75.1692	-75.1167	-75.083	-75.0781	-75.1144	-75.2061	-75.3665
3.705	-76.3985	-76.456	-76.5155	-76.5532	-76.568	-76.5641	-76.5462	-76.5182	-76.4829	-76.4424	-76.398	-76.3505	-76.3004	-76.2482	-76.1939	-76.1376	-76.0794	-76.0193	-75.9571	-75.8929	-75.8267	-75.7583	-75.6878	-75.6154	-75.5414	-75.4662	-75.3909	-75.3168	-75.2461	-75.1822	-75.1301	-75.0969	-75.0922	-75.1287	-75.2204	-75.3804
3.71	-76.4043	-76.4618	-76.5213	-76.5591	-76.5739	-76.57	-76.5523	-76.5244	-76.4893	-76.449	-76.4047	-76.3574	-76.3076	-76.2555	-76.2014	-76.1454	-76.0875	-76.0276	-75.9658	-75.9018	-75.8359	-75.7678	-75.6977	-75.6257	-75.552	-75.4773	-75.4024	-75.3288	-75.2586	-75.1952	-75.1435	-75.1107	-75.1063	-75.1429	-75.2345	-75.3941
3.715	-76.4101	-76.4676	-76.5271	-76.5648	-76.5797	-76.576	-76.5583	-76.5306	-76.4957	-76.4555	-76.4114	-76.3643	-76.3147	-76.2628	-76.209	-76.1532	-76.0955	-76.0359	-75.9743	-75.9107	-75.845	-75.7773	-75.7075	-75.6359	-75.5627	-75.4883	-75.4139	-75.3407	-75.2709	-75.208	-75.1568	-75.1244	-75.1203	-75.157	-75.2486	-75.4078
3.72	-76.4158	-76.4733	-76.5328	-76.5706	-76.5856	-76.5819	-76.5644	-76.5368	-76.502	-76.462	-76.4181	-76.3712	-76.3218	-76.2701	-76.2165	-76.161	-76.1035	-76.0442	-75.9828	-75.9195	-75.8542	-75.7868	-75.7173	-75.6461	-75.5732	-75.4993	-75.4253	-75.3525	-75.2833	-75.2208	-75.17	-75.1379	-75.1342	-75.1711	-75.2625	-75.4214
3.725	-76.4215	-76.479	-76.5386	-76.5764	-76.5914	-76.5878	-76.5704	-76.543	-76.5084	-76.4685	-76.4248	-76.3781	-76.3288	-76.2774	-76.224	-76.1687	-76.1115	-76.0524	-75.9913	-75.9283	-75.8632	-75.7962	-75.7271	-75.6562	-75.5837	-75.5102	-75.4366	-75.3643	-75.2955	-75.2335	-75.1832	-75.1515	-75.148	-75.185	-75.2764	-75.4349
3.73	-76.4273	-76.4848	-76.5443	-76.5821	-76.5972	-76.5937	-76.5764	-76.5491	-76.5147	-76.475	-76.4315	-76.3849	-76.3358	-76.2846	-76.2314	-76.1764	-76.1194	-76.0605	-75.9998	-75.937	-75.8723	-75.8055	-75.7368	-75.6662	-75.5942	-75.5211	-75.4479	-75.376	-75.3077	-75.2461	-75.1962	-75.1649	-75.1617	-75.1988	-75.2901	-75.4483
3.735	-76.4329	-76.4905	-76.5499	-76.5878	-76.603	-76.5996	-76.5824	-76.5553	-76.521	-76.4815	-76.4381	-76.3917	-76.3428	-76.2918	-76.2389	-76.184	-76.1273	-76.0687	-76.0082	-75.9457	-75.8813	-75.8148	-75.7465	-75.6763	-75.6046	-75.5319	-75.4591	-75.3877	-75.3198	-75.2587	-75.2092	-75.1782	-75.1753	-75.2126	-75.3038	-75.4616
3.74	-76.4386	-76.4961	-76.5556	-76.5935	-76.6087	-76.6055	-76.5884	-76.5614	-76.5272	-76.4879	-76.4447	-76.3985	-76.3498	-76.299	-76.2462	-76.1916	-76.1351	-76.0768	-76.0166	-75.9544	-75.8902	-75.8241	-75.7561	-75.6862	-75.6149	-75.5426	-75.4703	-75.3993	-75.3318	-75.2711	-75.222	-75.1915	-75.1888	-75.2262	-75.3174	-75.4748
3.745	-76.4443	-76.5018	-76.5613	-76.5992	-76.6145	-76.6113	-76.5944	-76.5675	-76.5335	-76.4943	-76.4512	-76.4052	-76.3568	-76.3062	-76.2536	-76.1992	-76.143	-76.0849	-76.0249	-75.963	-75.8991	-75.8333	-75.7656	-75.6961	-75.6252	-75.5533	-75.4814	-75.4108	-75.3438	-75.2835	-75.2349	-75.2046	-75.2023	-75.2398	-75.3309	-75.4879
3.75	-76.4499	-76.5074	-76.5669	-76.6049	-76.6202	-76.6171	-76.6003	-76.5735	-76.5397	-76.5007	-76.4578	-76.412	-76.3637	-76.3133	-76.2609	-76.2068	-76.1507	-76.0929	-76.0332	-75.9716	-75.908	-75.8425	-75.7751	-75.706	-75.6354	-75.5639	-75.4924	-75.4222	-75.3556	-75.2958	-75.2476	-75.2177	-75.2156	-75.2533	-75.3443	-75.501
3.755	-76.4556	-76.513	-76.5725	-76.6105	-76.6259	-76.6229	-76.6062	-76.5796	-76.5459	-76.507	-76.4643	-76.4187	-76.3706	-76.3204	-76.2682	-76.2143	-76.1585	-76.1009	-76.0415	-75.9801	-75.9169	-75.8517	-75.7846	-75.7158	-75.6456	-75.5745	-75.5034	-75.4336	-75.3675	-75.3081	-75.2602	-75.2307	-75.2289	-75.2667	-75.3576	-75.5139
3.76	-76.4612	-76.5186	-76.5781	-76.6161	-76.6316	-76.6287	-76.6121	-76.5856	-76.552	-76.5133	-76.4708	-76.4253	-76.3774	-76.3274	-76.2755	-76.2218	-76.1662	-76.1089	-76.0497	-75.9886	-75.9256	-75.8608	-75.794	-75.7256	-75.6557	-75.585	-75.5143	-75.445	-75.3792	-75.3203	-75.2728	-75.2437	-75.2421	-75.28	-75.3708	-75.5268
3.765	-76.4668	-76.5242	-76.5837	-76.6217	-76.6372	-76.6345	-76.618	-76.5916	-76.5582	-76.5196	-76.4773	-76.432	-76.3843	-76.3345	-76.2828	-76.2292	-76.1739	-76.1168	-76.0579	-75.9971	-75.9344	-75.8698	-75.8034	-75.7353	-75.6658	-75.5955	-75.5251	-75.4562	-75.3909	-75.3324	-75.2853	-75.2565	-75.2552	-75.2932	-75.3839	-75.5395
3.77	-76.4723	-76.5298	-76.5892	-76.6273	-76.6429	-76.6402	-76.6238	-76.5976	-76.5643	-76.5259	-76.4837	-76.4386	-76.3911	-76.3415	-76.29	-76.2367	-76.1816	-76.1247	-76.066	-76.0055	-75.9431	-75.8788	-75.8127	-75.745	-75.6758	-75.6059	-75.5359	-75.4674	-75.4025	-75.3444	-75.2977	-75.2693	-75.2682	-75.3064	-75.397	-75.5522
3.775	-76.4779	-76.5353	-76.5948	-76.6329	-76.6485	-76.6459	-76.6297	-76.6036	-76.5704	-76.5322	-76.4902	-76.4452	-76.3979	-76.3485	-76.2972	-76.2441	-76.1892	-76.1326	-76.0742	-76.0139	-75.9518	-75.8878	-75.822	-75.7546	-75.6858	-75.6162	-75.5467	-75.4786	-75.4141	-75.3564	-75.3101	-75.282	-75.2812	-75.3194	-75.4099	-75.5648
3.78	-76.4834	-76.5409	-76.6003	-76.6384	-76.6541	-76.6516	-76.6355	-76.6095	-76.5765	-76.5384	-76.4966	-76.4518	-76.4046	-76.3554	-76.3043	-76.2514	-76.1968	-76.1404	-76.0822	-76.0222	-75.9604	-75.8967	-75.8313	-75.7642	-75.6957	-75.6265	-75.5574	-75.4897	-75.4256	-75.3683	-75.3224	-75.2946	-75.294	-75.3324	-75.4228	-75.5774
3.785	-76.489	-76.5464	-76.6058	-76.644	-76.6597	-76.6573	-76.6413	-76.6154	-76.5826	-76.5447	-76.503	-76.4584	-76.4114	-76.3623	-76.3114	-76.2588	-76.2044	-76.1482	-76.0903	-76.0306	-75.969	-75.9056	-75.8405	-75.7737	-75.7056	-75.6367	-75.568	-75.5007	-75.437	-75.3801	-75.3346	-75.3071	-75.3068	-75.3453	-75.4356	-75.5898
3.79	-76.4945	-76.5519	-76.6113	-76.6495	-76.6653	-76.663	-76.647	-76.6213	-76.5886	-76.5508	-76.5093	-76.4649	-76.4181	-76.3692	-76.3186	-76.2661	-76.2119	-76.156	-76.0983	-76.0388	-75.9775	-75.9145	-75.8496	-75.7832	-75.7154	-75.6469	-75.5786	-75.5117	-75.4484	-75.3918	-75.3467	-75.3196	-75.3195	-75.3581	-75.4483	-75.6022
3.795	-76.4999	-76.5574	-76.6168	-76.655	-76.6709	-76.6686	-76.6528	-76.6272	-76.5947	-76.557	-76.5157	-76.4714	-76.4248	-76.3761	-76.3256	-76.2734	-76.2194	-76.1637	-76.1063	-76.0471	-75.9861	-75.9233	-75.8587	-75.7926	-75.7252	-75.6571	-75.5891	-75.5226	-75.4597	-75.4035	-75.3588	-75.332	-75.3321	-75.3708	-75.461	-75.6145
3.8	-76.5054	-76.5629	-76.6222	-76.6604	-76.6764	-76.6742	-76.6585	-76.6331	-76.6006	-76.5632	-76.522	-76.4779	-76.4314	-76.383	-76.3327	-76.2806	-76.2269	-76.1714	-76.1142	-76.0553	-75.9945	-75.932	-75.8678	-75.802	-75.7349	-75.6672	-75.5995	-75.5334	-75.4709	-75.4152	-75.3708	-75.3443	-75.3447	-75.3835	-75.4735	-75.6267
3.805	-76.5109	-76.5683	-76.6277	-76.6659	-76.6819	-76.6798	-76.6643	-76.6389	-76.6066	-76.5693	-76.5283	-76.4843	-76.4381	-76.3898	-76.3397	-76.2879	-76.2343	-76.1791	-76.1221	-76.0634	-76.003	-75.9407	-75.8768	-75.8113	-75.7446	-75.6772	-75.6099	-75.5442	-75.4821	-75.4267	-75.3827	-75.3565	-75.3572	-75.396	-75.486	-75.6388
3.81	-76.5163	-76.5737	-76.6331	-76.6714	-76.6874	-76.6854	-76.67	-76.6448	-76.6126	-76.5754	-76.5345	-76.4908	-76.4447	-76.3966	-76.3467	-76.2951	-76.2417	-76.1867	-76.13	-76.0716	-76.0114	-75.9494	-75.8858	-75.8206	-75.7542	-75.6872	-75.6203	-75.5549	-75.4932	-75.4382	-75.3945	-75.3687	-75.3696	-75.4085	-75.4984	-75.6508
3.815	-76.5218	-76.5791	-76.6385	-76.6768	-76.6929	-76.691	-76.6756	-76.6506	-76.6185	-76.5815	-76.5408	-76.4972	-76.4513	-76.4034	-76.3536	-76.3022	-76.2491	-76.1944	-76.1379	-76.0797	-76.0197	-75.9581	-75.8947	-75.8299	-75.7638	-75.6971	-75.6306	-75.5656	-75.5042	-75.4496	-75.4063	-75.3808	-75.3819	-75.4209	-75.5107	-75.6628
3.82	-76.5272	-76.5845	-76.6439	-76.6822	-76.6984	-76.6966	-76.6813	-76.6563	-76.6245	-76.5876	-76.547	-76.5036	-76.4578	-76.4101	-76.3606	-76.3094	-76.2565	-76.2019	-76.1457	-76.0877	-76.0281	-75.9667	-75.9036	-75.8391	-75.7734	-75.707	-75.6408	-75.5762	-75.5152	-75.461	-75.418	-75.3928	-75.3941	-75.4333	-75.5229	-75.6747
3.825	-76.5326	-76.5899	-76.6493	-76.6876	-76.7038	-76.7021	-76.6869	-76.6621	-76.6304	-76.5936	-76.5532	-76.5099	-76.4644	-76.4168	-76.3675	-76.3165	-76.2638	-76.2095	-76.1535	-76.0958	-76.0364	-75.9752	-75.9125	-75.8483	-75.7829	-75.7168	-75.651	-75.5868	-75.5262	-75.4723	-75.4297	-75.4048	-75.4063	-75.4455	-75.5351	-75.6865
3.83	-76.5379	-76.5953	-76.6546	-76.693	-76.7093	-76.7076	-76.6926	-76.6678	-76.6362	-76.5996	-76.5594	-76.5163	-76.4709	-76.4235	-76.3744	-76.3236	-76.2711	-76.217	-76.1612	-76.1038	-76.0446	-75.9838	-75.9213	-75.8574	-75.7923	-75.7266	-75.6611	-75.5973	-75.537	-75.4836	-75.4413	-75.4166	-75.4184	-75.4577	-75.5472	-75.6983
3.835	-76.5433	-76.6007	-76.66	-76.6983	-76.7147	-76.7131	-76.6982	-76.6736	-76.6421	-76.6056	-76.5655	-76.5226	-76.4774	-76.4302	-76.3812	-76.3306	-76.2784	-76.2245	-76.1689	-76.1117	-76.0528	-75.9922	-75.9301	-75.8665	-75.8017	-75.7363	-75.6712	-75.6077	-75.5479	-75.4947	-75.4528	-75.4285	-75.4304	-75.4698	-75.5592	-75.7099
3.84	-76.5486	-76.606	-76.6653	-76.7037	-76.7201	-76.7186	-76.7038	-76.6793	-76.6479	-76.6116	-76.5717	-76.5289	-76.4838	-76.4368	-76.3881	-76.3376	-76.2856	-76.2319	-76.1766	-76.1196	-76.061	-76.0007	-75.9388	-75.8755	-75.8111	-75.746	-75.6813	-75.6181	-75.5586	-75.5058	-75.4642	-75.4402	-75.4424	-75.4819	-75.5711	-75.7215
3.845	-76.554	-76.6113	-76.6706	-76.709	-76.7255	-76.7241	-76.7093	-76.685	-76.6537	-76.6176	-76.5778	-76.5352	-76.4903	-76.4434	-76.3949	-76.3446	-76.2928	-76.2393	-76.1843	-76.1275	-76.0691	-76.0091	-75.9475	-75.8845	-75.8204	-75.7557	-75.6912	-75.6284	-75.5693	-75.5169	-75.4756	-75.4519	-75.4543	-75.4938	-75.583	-75.7331
3.85	-76.5593	-76.6166	-76.6759	-76.7143	-76.7308	-76.7295	-76.7149	-76.6906	-76.6596	-76.6235	-76.5839	-76.5414	-76.4967	-76.45	-76.4016	-76.3516	-76.3	-76.2467	-76.1919	-76.1354	-76.0773	-76.0175	-75.9562	-75.8934	-75.8296	-75.7653	-75.7012	-75.6387	-75.58	-75.5279	-75.487	-75.4635	-75.4661	-75.5057	-75.5948	-75.7445
3.855	-76.5646	-76.6219	-76.6812	-76.7196	-76.7362	-76.7349	-76.7204	-76.6963	-76.6653	-76.6295	-76.5899	-76.5476	-76.5031	-76.4566	-76.4084	-76.3586	-76.3071	-76.2541	-76.1995	-76.1432	-76.0853	-76.0258	-75.9648	-75.9024	-75.8389	-75.7748	-75.7111	-75.649	-75.5905	-75.5388	-75.4982	-75.475	-75.4778	-75.5175	-75.6065	-75.7559
3.86	-76.5699	-76.6272	-76.6864	-76.7249	-76.7415	-76.7403	-76.7259	-76.7019	-76.6711	-76.6354	-76.596	-76.5538	-76.5095	-76.4632	-76.4151	-76.3655	-76.3142	-76.2614	-76.207	-76.151	-76.0934	-76.0341	-75.9734	-75.9112	-75.848	-75.7843	-75.7209	-75.6591	-75.6011	-75.5497	-75.5094	-75.4865	-75.4895	-75.5293	-75.6182	-75.7672
3.865	-76.5751	-76.6324	-76.6917	-76.7302	-76.7468	-76.7457	-76.7314	-76.7075	-76.6768	-76.6412	-76.602	-76.56	-76.5158	-76.4697	-76.4218	-76.3724	-76.3213	-76.2687	-76.2146	-76.1588	-76.1014	-76.0424	-75.9819	-75.9201	-75.8572	-75.7938	-75.7307	-75.6693	-75.6115	-75.5605	-75.5206	-75.4979	-75.5011	-75.541	-75.6297	-75.7785
3.87	-76.5804	-76.6377	-76.6969	-76.7354	-76.7521	-76.7511	-76.7369	-76.7131	-76.6826	-76.6471	-76.608	-76.5662	-76.5221	-76.4762	-76.4285	-76.3792	-76.3284	-76.276	-76.222	-76.1665	-76.1093	-76.0506	-75.9904	-75.9288	-75.8663	-75.8032	-75.7404	-75.6793	-75.622	-75.5713	-75.5316	-75.5093	-75.5127	-75.5526	-75.6413	-75.7896
3.875	-76.5856	-76.6429	-76.7021	-76.7406	-76.7574	-76.7565	-76.7423	-76.7187	-76.6883	-76.6529	-76.614	-76.5723	-76.5284	-76.4827	-76.4352	-76.3861	-76.3354	-76.2833	-76.2295	-76.1742	-76.1173	-76.0588	-75.9989	-75.9376	-75.8753	-75.8125	-75.7501	-75.6894	-75.6323	-75.582	-75.5427	-75.5206	-75.5241	-75.5641	-75.6527	-75.8008
3.88	-76.5909	-76.6481	-76.7073	-76.7458	-76.7627	-76.7618	-76.7478	-76.7243	-76.6939	-76.6588	-76.62	-76.5785	-76.5347	-76.4891	-76.4418	-76.3929	-76.3425	-76.2905	-76.2369	-76.1819	-76.1252	-76.067	-76.0073	-75.9463	-75.8843	-75.8218	-75.7597	-75.6993	-75.6426	-75.5926	-75.5536	-75.5318	-75.5355	-75.5756	-75.6641	-75.8118
3.885	-76.5961	-76.6533	-76.7125	-76.7511	-76.7679	-76.7672	-76.7532	-76.7298	-76.6996	-76.6646	-76.6259	-76.5846	-76.541	-76.4955	-76.4484	-76.3997	-76.3494	-76.2977	-76.2443	-76.1895	-76.1331	-76.0751	-76.0157	-75.955	-75.8933	-75.8311	-75.7693	-75.7093	-75.6529	-75.6032	-75.5645	-75.5429	-75.5469	-75.587	-75.6754	-75.8228
3.89	-76.6012	-76.6585	-76.7177	-76.7562	-76.7732	-76.7725	-76.7586	-76.7353	-76.7053	-76.6703	-76.6319	-76.5906	-76.5472	-76.5019	-76.455	-76.4064	-76.3564	-76.3048	-76.2517	-76.1971	-76.1409	-76.0832	-76.024	-75.9636	-75.9022	-75.8403	-75.7789	-75.7191	-75.6631	-75.6137	-75.5753	-75.554	-75.5582	-75.5984	-75.6866	-75.8337
3.895	-76.6064	-76.6636	-76.7228	-76.7614	-76.7784	-76.7778	-76.764	-76.7408	-76.7109	-76.6761	-76.6378	-76.5967	-76.5534	-76.5083	-76.4615	-76.4132	-76.3633	-76.312	-76.2591	-76.2047	-76.1487	-76.0912	-76.0323	-75.9722	-75.9111	-75.8495	-75.7884	-75.729	-75.6733	-75.6242	-75.5861	-75.5651	-75.5694	-75.6097	-75.6978	-75.8445
3.9	-76.6116	-76.6688	-76.7279	-76.7666	-76.7836	-76.783	-76.7694	-76.7463	-76.7165	-76.6818	-76.6436	-76.6027	-76.5596	-76.5147	-76.4681	-76.4199	-76.3702	-76.3191	-76.2664	-76.2122	-76.1565	-76.0993	-76.0406	-75.9807	-75.9199	-75.8587	-75.7978	-75.7387	-75.6834	-75.6346	-75.5968	-75.576	-75.5805	-75.6209	-75.7089	-75.8553
3.905	-76.6167	-76.6739	-76.7331	-76.7717	-76.7888	-76.7883	-76.7748	-76.7518	-76.7221	-76.6876	-76.6495	-76.6087	-76.5658	-76.521	-76.4746	-76.4266	-76.3771	-76.3261	-76.2737	-76.2197	-76.1642	-76.1072	-76.0489	-75.9892	-75.9287	-75.8677	-75.8072	-75.7485	-75.6934	-75.645	-75.6075	-75.587	-75.5916	-75.632	-75.7199	-75.866
3.91	-76.6219	-76.679	-76.7382	-76.7768	-76.7939	-76.7935	-76.7801	-76.7572	-76.7277	-76.6933	-76.6554	-76.6147	-76.5719	-76.5273	-76.481	-76.4332	-76.384	-76.3332	-76.2809	-76.2272	-76.1719	-76.1152	-76.0571	-75.9977	-75.9375	-75.8768	-75.8166	-75.7581	-75.7034	-75.6553	-75.6181	-75.5978	-75.6027	-75.6431	-75.7309	-75.8767
3.915	-76.627	-76.6842	-76.7433	-76.7819	-76.7991	-76.7988	-76.7854	-76.7627	-76.7332	-76.699	-76.6612	-76.6207	-76.5781	-76.5336	-76.4875	-76.4399	-76.3908	-76.3402	-76.2881	-76.2346	-76.1796	-76.1231	-76.0652	-76.0061	-75.9462	-75.8858	-75.8259	-75.7678	-75.7133	-75.6656	-75.6286	-75.6086	-75.6136	-75.6541	-75.7418	-75.8873
3.92	-76.6321	-76.6892	-76.7483	-76.787	-76.8042	-76.804	-76.7907	-76.7681	-76.7388	-76.7046	-76.667	-76.6267	-76.5842	-76.5399	-76.4939	-76.4465	-76.3976	-76.3472	-76.2953	-76.242	-76.1872	-76.131	-76.0734	-76.0145	-75.9548	-75.8948	-75.8352	-75.7773	-75.7232	-75.6758	-75.6391	-75.6193	-75.6245	-75.6651	-75.7527	-75.8978
3.925	-76.6372	-76.6943	-76.7534	-76.7921	-76.8094	-76.8092	-76.796	-76.7735	-76.7443	-76.7103	-76.6728	-76.6326	-76.5903	-76.5461	-76.5004	-76.4531	-76.4044	-76.3542	-76.3025	-76.2494	-76.1948	-76.1388	-76.0815	-76.0229	-75.9635	-75.9037	-75.8444	-75.7869	-75.7331	-75.6859	-75.6496	-75.63	-75.6354	-75.676	-75.7635	-75.9083
3.93	-76.6423	-76.6994	-76.7584	-76.7971	-76.8145	-76.8144	-76.8013	-76.7789	-76.7498	-76.7159	-76.6785	-76.6385	-76.5963	-76.5523	-76.5067	-76.4596	-76.4111	-76.3611	-76.3097	-76.2568	-76.2024	-76.1466	-76.0895	-76.0312	-75.9721	-75.9126	-75.8536	-75.7964	-75.7429	-75.696	-75.66	-75.6406	-75.6462	-75.6868	-75.7742	-75.9187
3.935	-76.6473	-76.7044	-76.7635	-76.8022	-76.8196	-76.8195	-76.8065	-76.7842	-76.7553	-76.7215	-76.6843	-76.6444	-76.6024	-76.5585	-76.5131	-76.4662	-76.4178	-76.368	-76.3168	-76.2641	-76.21	-76.1544	-76.0975	-76.0395	-75.9806	-75.9214	-75.8627	-75.8058	-75.7526	-75.7061	-75.6703	-75.6512	-75.6569	-75.6976	-75.7849	-75.929
3.94	-76.6524	-76.7095	-76.7685	-76.8072	-76.8246	-76.8247	-76.8118	-76.7896	-76.7607	-76.7271	-76.69	-76.6503	-76.6084	-76.5647	-76.5195	-76.4727	-76.4245	-76.3749	-76.3239	-76.2714	-76.2175	-76.1622	-76.1055	-76.0478	-75.9892	-75.9302	-75.8718	-75.8152	-75.7623	-75.7161	-75.6806	-75.6617	-75.6676	-75.7083	-75.7955	-75.9393
3.945	-76.6574	-76.7145	-76.7735	-76.8122	-76.8297	-76.8298	-76.817	-76.7949	-76.7662	-76.7327	-76.6957	-76.6561	-76.6144	-76.5709	-76.5258	-76.4792	-76.4312	-76.3818	-76.3309	-76.2786	-76.225	-76.1699	-76.1135	-76.056	-75.9976	-75.939	-75.8809	-75.8246	-75.772	-75.726	-75.6908	-75.6722	-75.6782	-75.719	-75.806	-75.9496
3.95	-76.6624	-76.7195	-76.7785	-76.8172	-76.8347	-76.8349	-76.8222	-76.8002	-76.7716	-76.7383	-76.7014	-76.6619	-76.6204	-76.577	-76.5321	-76.4857	-76.4378	-76.3886	-76.3379	-76.2859	-76.2324	-76.1776	-76.1214	-76.0642	-76.0061	-75.9477	-75.8899	-75.8339	-75.7816	-75.7359	-75.7009	-75.6825	-75.6887	-75.7296	-75.8165	-75.9597
3.955	-76.6674	-76.7245	-76.7834	-76.8222	-76.8398	-76.84	-76.8274	-76.8055	-76.777	-76.7438	-76.7071	-76.6678	-76.6263	-76.5831	-76.5383	-76.4921	-76.4445	-76.3954	-76.3449	-76.2931	-76.2398	-76.1852	-76.1293	-76.0723	-76.0145	-75.9564	-75.8988	-75.8431	-75.7911	-75.7458	-75.7111	-75.6929	-75.6992	-75.7401	-75.8269	-75.9698
3.96	-76.6724	-76.7294	-76.7884	-76.8272	-76.8448	-76.8451	-76.8326	-76.8108	-76.7824	-76.7493	-76.7127	-76.6735	-76.6323	-76.5892	-76.5446	-76.4985	-76.451	-76.4022	-76.3519	-76.3003	-76.2472	-76.1928	-76.1372	-76.0804	-76.0229	-75.965	-75.9078	-75.8523	-75.8007	-75.7555	-75.7211	-75.7032	-75.7096	-75.7506	-75.8373	-75.9799
3.965	-76.6774	-76.7344	-76.7934	-76.8322	-76.8498	-76.8502	-76.8378	-76.8161	-76.7878	-76.7548	-76.7184	-76.6793	-76.6382	-76.5953	-76.5508	-76.5049	-76.4576	-76.4089	-76.3589	-76.3074	-76.2546	-76.2004	-76.145	-76.0885	-76.0312	-75.9736	-75.9167	-75.8615	-75.8101	-75.7653	-75.7311	-75.7134	-75.72	-75.761	-75.8476	-75.9899
3.97	-76.6824	-76.7394	-76.7983	-76.8371	-76.8548	-76.8552	-76.8429	-76.8213	-76.7932	-76.7603	-76.724	-76.6851	-76.6441	-76.6013	-76.557	-76.5113	-76.4642	-76.4157	-76.3658	-76.3145	-76.2619	-76.208	-76.1528	-76.0965	-76.0395	-75.9822	-75.9255	-75.8706	-75.8195	-75.775	-75.7411	-75.7236	-75.7304	-75.7714	-75.8578	-75.9998
3.975	-76.6873	-76.7443	-76.8032	-76.842	-76.8597	-76.8603	-76.848	-76.8265	-76.7985	-76.7658	-76.7296	-76.6908	-76.6499	-76.6074	-76.5632	-76.5176	-76.4707	-76.4224	-76.3727	-76.3216	-76.2692	-76.2155	-76.1605	-76.1045	-76.0477	-75.9907	-75.9343	-75.8797	-75.8289	-75.7846	-75.751	-75.7337	-75.7406	-75.7817	-75.868	-76.0097
3.98	-76.6923	-76.7492	-76.8081	-76.8469	-76.8647	-76.8653	-76.8531	-76.8318	-76.8038	-76.7712	-76.7352	-76.6965	-76.6558	-76.6134	-76.5694	-76.524	-76.4772	-76.4291	-76.3796	-76.3287	-76.2765	-76.223	-76.1683	-76.1125	-76.056	-75.9992	-75.9431	-75.8888	-75.8382	-75.7942	-75.7608	-75.7438	-75.7508	-75.7919	-75.8782	-76.0196
3.985	-76.6972	-76.7541	-76.813	-76.8518	-76.8696	-76.8703	-76.8582	-76.837	-76.8091	-76.7766	-76.7407	-76.7022	-76.6616	-76.6193	-76.5755	-76.5303	-76.4837	-76.4357	-76.3864	-76.3357	-76.2838	-76.2305	-76.176	-76.1204	-76.0641	-76.0077	-75.9518	-75.8978	-75.8475	-75.8038	-75.7707	-75.7538	-75.761	-75.8021	-75.8883	-76.0294
3.99	-76.7021	-76.759	-76.8179	-76.8567	-76.8746	-76.8753	-76.8633	-76.8421	-76.8144	-76.7821	-76.7463	-76.7079	-76.6675	-76.6253	-76.5816	-76.5366	-76.4901	-76.4423	-76.3932	-76.3428	-76.291	-76.2379	-76.1836	-76.1283	-76.0723	-76.0161	-75.9605	-75.9067	-75.8568	-75.8133	-75.7804	-75.7638	-75.7711	-75.8123	-75.8983	-76.0391
3.995	-76.707	-76.7639	-76.8227	-76.8616	-76.8795	-76.8803	-76.8684	-76.8473	-76.8197	-76.7875	-76.7518	-76.7135	-76.6733	-76.6313	-76.5877	-76.5428	-76.4965	-76.4489	-76.4	-76.3497	-76.2982	-76.2453	-76.1913	-76.1362	-76.0804	-76.0245	-75.9691	-75.9156	-75.8659	-75.8228	-75.7901	-75.7737	-75.7812	-75.8224	-75.9083	-76.0488
4	-76.7119	-76.7687	-76.8276	-76.8665	-76.8844	-76.8853	-76.8734	-76.8525	-76.825	-76.7928	-76.7573	-76.7192	-76.679	-76.6372	-76.5938	-76.5491	-76.503	-76.4555	-76.4068	-76.3567	-76.3053	-76.2527	-76.1989	-76.144	-76.0885	-76.0328	-75.9777	-75.9245	-75.8751	-75.8322	-75.7998	-75.7835	-75.7912	-75.8324	-75.9182	-76.0584
4.005	-76.7167	-76.7736	-76.8324	-76.8713	-76.8893	-76.8902	-76.8785	-76.8576	-76.8302	-76.7982	-76.7628	-76.7248	-76.6848	-76.6431	-76.5999	-76.5553	-76.5093	-76.4621	-76.4135	-76.3636	-76.3125	-76.26	-76.2064	-76.1518	-76.0965	-76.0411	-75.9863	-75.9334	-75.8842	-75.8415	-75.8094	-75.7934	-75.8011	-75.8424	-75.9281	-76.0679
4.01	-76.7216	-76.7784	-76.8372	-76.8761	-76.8941	-76.8952	-76.8835	-76.8627	-76.8354	-76.8035	-76.7682	-76.7304	-76.6905	-76.649	-76.6059	-76.5615	-76.5157	-76.4686	-76.4202	-76.3705	-76.3196	-76.2673	-76.214	-76.1596	-76.1046	-76.0493	-75.9948	-75.9421	-75.8933	-75.8509	-75.819	-75.8031	-75.811	-75.8523	-75.9379	-76.0774
4.015	-76.7264	-76.7833	-76.842	-76.8809	-76.899	-76.9001	-76.8885	-76.8678	-76.8407	-76.8089	-76.7737	-76.736	-76.6963	-76.6548	-76.6119	-76.5676	-76.522	-76.4751	-76.4269	-76.3774	-76.3266	-76.2746	-76.2215	-76.1673	-76.1125	-76.0576	-76.0033	-75.9509	-75.9023	-75.8602	-75.8285	-75.8128	-75.8209	-75.8622	-75.9476	-76.0869
4.02	-76.7313	-76.7881	-76.8468	-76.8857	-76.9038	-76.905	-76.8935	-76.8729	-76.8458	-76.8142	-76.7791	-76.7416	-76.702	-76.6607	-76.6179	-76.5738	-76.5283	-76.4816	-76.4336	-76.3843	-76.3337	-76.2819	-76.2289	-76.175	-76.1205	-76.0658	-76.0117	-75.9596	-75.9113	-75.8694	-75.8379	-75.8225	-75.8307	-75.872	-75.9574	-76.0963
4.025	-76.7361	-76.7929	-76.8516	-76.8905	-76.9087	-76.9099	-76.8985	-76.878	-76.851	-76.8195	-76.7846	-76.7471	-76.7076	-76.6665	-76.6239	-76.5799	-76.5346	-76.4881	-76.4402	-76.3911	-76.3407	-76.2891	-76.2364	-76.1827	-76.1284	-76.0739	-76.0201	-75.9683	-75.9202	-75.8786	-75.8474	-75.8321	-75.8404	-75.8818	-75.967	-76.1057
4.03	-76.7409	-76.7977	-76.8564	-76.8953	-76.9135	-76.9148	-76.9034	-76.883	-76.8562	-76.8248	-76.79	-76.7526	-76.7133	-76.6723	-76.6298	-76.586	-76.5409	-76.4945	-76.4468	-76.3979	-76.3477	-76.2963	-76.2438	-76.1903	-76.1363	-76.082	-76.0285	-75.9769	-75.9291	-75.8877	-75.8567	-75.8417	-75.8501	-75.8915	-75.9766	-76.115
4.035	-76.7457	-76.8024	-76.8611	-76.9001	-76.9183	-76.9196	-76.9084	-76.8881	-76.8613	-76.83	-76.7953	-76.7581	-76.7189	-76.6781	-76.6358	-76.5921	-76.5471	-76.5009	-76.4534	-76.4047	-76.3547	-76.3035	-76.2512	-76.1979	-76.1441	-76.0901	-76.0368	-75.9855	-75.9379	-75.8968	-75.8661	-75.8512	-75.8598	-75.9012	-75.9862	-76.1243
4.04	-76.7505	-76.8072	-76.8658	-76.9048	-76.9231	-76.9245	-76.9133	-76.8931	-76.8665	-76.8353	-76.8007	-76.7636	-76.7246	-76.6839	-76.6417	-76.5982	-76.5534	-76.5073	-76.46	-76.4114	-76.3616	-76.3106	-76.2585	-76.2055	-76.1519	-76.0982	-76.0452	-75.9941	-75.9467	-75.9059	-75.8754	-75.8607	-75.8694	-75.9108	-75.9957	-76.1335
4.045	-76.7552	-76.8119	-76.8706	-76.9095	-76.9278	-76.9293	-76.9182	-76.8981	-76.8716	-76.8405	-76.8061	-76.7691	-76.7302	-76.6896	-76.6476	-76.6042	-76.5596	-76.5137	-76.4665	-76.4181	-76.3685	-76.3177	-76.2659	-76.2131	-76.1597	-76.1062	-76.0534	-76.0026	-75.9555	-75.9149	-75.8846	-75.8701	-75.8789	-75.9204	-76.0051	-76.1426
4.05	-76.76	-76.8167	-76.8753	-76.9143	-76.9326	-76.9341	-76.9231	-76.9031	-76.8767	-76.8457	-76.8114	-76.7746	-76.7358	-76.6953	-76.6535	-76.6102	-76.5658	-76.52	-76.473	-76.4248	-76.3754	-76.3248	-76.2732	-76.2206	-76.1674	-76.1142	-76.0616	-76.0111	-75.9642	-75.9239	-75.8938	-75.8795	-75.8884	-75.9299	-76.0145	-76.1517
4.055	-76.7647	-76.8214	-76.88	-76.919	-76.9373	-76.9389	-76.928	-76.9081	-76.8818	-76.8509	-76.8167	-76.78	-76.7413	-76.701	-76.6593	-76.6162	-76.5719	-76.5263	-76.4795	-76.4315	-76.3823	-76.3319	-76.2804	-76.2281	-76.1751	-76.1221	-76.0698	-76.0195	-75.9729	-75.9328	-75.903	-75.8888	-75.8979	-75.9394	-76.0239	-76.1608
4.06	-76.7694	-76.8261	-76.8847	-76.9237	-76.9421	-76.9437	-76.9329	-76.913	-76.8868	-76.8561	-76.822	-76.7854	-76.7469	-76.7067	-76.6651	-76.6222	-76.578	-76.5326	-76.486	-76.4382	-76.3891	-76.3389	-76.2877	-76.2355	-76.1828	-76.13	-76.078	-76.0279	-75.9816	-75.9417	-75.9121	-75.8981	-75.9073	-75.9488	-76.0332	-76.1698
4.065	-76.7742	-76.8308	-76.8893	-76.9284	-76.9468	-76.9485	-76.9377	-76.918	-76.8919	-76.8612	-76.8273	-76.7908	-76.7524	-76.7124	-76.6709	-76.6282	-76.5842	-76.5389	-76.4925	-76.4448	-76.3959	-76.3459	-76.2949	-76.2429	-76.1905	-76.1379	-76.0861	-76.0363	-75.9902	-75.9505	-75.9211	-75.9074	-75.9166	-75.9582	-76.0425	-76.1788
4.07	-76.7789	-76.8355	-76.894	-76.933	-76.9515	-76.9533	-76.9426	-76.9229	-76.8969	-76.8664	-76.8326	-76.7962	-76.7579	-76.718	-76.6767	-76.6341	-76.5902	-76.5452	-76.4989	-76.4514	-76.4027	-76.3529	-76.302	-76.2503	-76.1981	-76.1458	-76.0942	-76.0446	-75.9988	-75.9593	-75.9302	-75.9166	-75.9259	-75.9675	-76.0517	-76.1877
4.075	-76.7836	-76.8401	-76.8986	-76.9377	-76.9562	-76.958	-76.9474	-76.9279	-76.902	-76.8715	-76.8378	-76.8016	-76.7634	-76.7237	-76.6825	-76.64	-76.5963	-76.5514	-76.5053	-76.458	-76.4095	-76.3598	-76.3092	-76.2577	-76.2057	-76.1536	-76.1022	-76.0529	-76.0073	-75.9681	-75.9391	-75.9257	-75.9352	-75.9768	-76.0609	-76.1966
4.08	-76.7882	-76.8448	-76.9033	-76.9423	-76.9609	-76.9628	-76.9522	-76.9328	-76.907	-76.8766	-76.843	-76.8069	-76.7689	-76.7293	-76.6883	-76.6459	-76.6024	-76.5576	-76.5117	-76.4645	-76.4162	-76.3668	-76.3163	-76.265	-76.2132	-76.1613	-76.1103	-76.0611	-76.0158	-75.9768	-75.9481	-75.9348	-75.9444	-75.9861	-76.07	-76.2054
4.085	-76.7929	-76.8494	-76.9079	-76.9469	-76.9655	-76.9675	-76.957	-76.9377	-76.912	-76.8817	-76.8482	-76.8123	-76.7744	-76.7349	-76.694	-76.6518	-76.6084	-76.5638	-76.518	-76.471	-76.4229	-76.3737	-76.3234	-76.2723	-76.2207	-76.1691	-76.1182	-76.0694	-76.0242	-75.9855	-75.957	-75.9439	-75.9536	-75.9952	-76.0791	-76.2142
4.09	-76.7975	-76.854	-76.9125	-76.9516	-76.9702	-76.9722	-76.9618	-76.9425	-76.9169	-76.8868	-76.8534	-76.8176	-76.7798	-76.7405	-76.6997	-76.6577	-76.6144	-76.57	-76.5243	-76.4775	-76.4296	-76.3805	-76.3305	-76.2796	-76.2282	-76.1768	-76.1262	-76.0775	-76.0327	-75.9942	-75.9658	-75.9529	-75.9627	-76.0044	-76.0881	-76.223
4.095	-76.8022	-76.8587	-76.9171	-76.9562	-76.9748	-76.9769	-76.9666	-76.9474	-76.9219	-76.8919	-76.8586	-76.8229	-76.7853	-76.746	-76.7054	-76.6635	-76.6204	-76.5761	-76.5306	-76.484	-76.4362	-76.3874	-76.3375	-76.2868	-76.2357	-76.1845	-76.1341	-76.0857	-76.041	-76.0028	-75.9746	-75.9619	-75.9718	-76.0135	-76.0971	-76.2317
4.1	-76.8068	-76.8633	-76.9217	-76.9608	-76.9794	-76.9816	-76.9714	-76.9522	-76.9268	-76.8969	-76.8638	-76.8282	-76.7907	-76.7516	-76.7111	-76.6693	-76.6264	-76.5822	-76.5369	-76.4905	-76.4429	-76.3942	-76.3445	-76.2941	-76.2431	-76.1921	-76.142	-76.0938	-76.0494	-76.0113	-75.9834	-75.9708	-75.9809	-76.0225	-76.106	-76.2403
4.105	-76.8114	-76.8679	-76.9263	-76.9653	-76.9841	-76.9862	-76.9761	-76.9571	-76.9318	-76.902	-76.8689	-76.8335	-76.7961	-76.7571	-76.7167	-76.6751	-76.6323	-76.5883	-76.5432	-76.4969	-76.4495	-76.401	-76.3515	-76.3012	-76.2505	-76.1998	-76.1498	-76.1019	-76.0577	-76.0199	-75.9921	-75.9797	-75.9899	-76.0316	-76.1149	-76.2489
4.11	-76.816	-76.8725	-76.9308	-76.9699	-76.9887	-76.9909	-76.9808	-76.9619	-76.9367	-76.907	-76.8741	-76.8387	-76.8014	-76.7626	-76.7224	-76.6809	-76.6382	-76.5944	-76.5494	-76.5033	-76.4561	-76.4078	-76.3585	-76.3084	-76.2579	-76.2073	-76.1576	-76.1099	-76.0659	-76.0283	-76.0008	-75.9886	-75.9988	-76.0405	-76.1237	-76.2575
4.115	-76.8206	-76.877	-76.9354	-76.9744	-76.9932	-76.9955	-76.9855	-76.9667	-76.9416	-76.912	-76.8792	-76.8439	-76.8068	-76.7681	-76.728	-76.6867	-76.6441	-76.6005	-76.5556	-76.5097	-76.4626	-76.4145	-76.3654	-76.3155	-76.2652	-76.2149	-76.1654	-76.1179	-76.0742	-76.0368	-76.0095	-75.9974	-76.0077	-76.0494	-76.1325	-76.266
4.12	-76.8252	-76.8816	-76.9399	-76.979	-76.9978	-77.0002	-76.9902	-76.9715	-76.9465	-76.917	-76.8843	-76.8492	-76.8121	-76.7736	-76.7336	-76.6924	-76.65	-76.6065	-76.5618	-76.516	-76.4691	-76.4212	-76.3723	-76.3226	-76.2725	-76.2224	-76.1731	-76.1259	-76.0824	-76.0452	-76.0181	-76.0062	-76.0166	-76.0583	-76.1413	-76.2745
4.125	-76.8298	-76.8861	-76.9444	-76.9835	-77.0024	-77.0048	-76.9949	-76.9763	-76.9514	-76.922	-76.8894	-76.8544	-76.8175	-76.779	-76.7392	-76.6981	-76.6559	-76.6125	-76.568	-76.5224	-76.4757	-76.4279	-76.3792	-76.3297	-76.2798	-76.2299	-76.1809	-76.1338	-76.0905	-76.0536	-76.0266	-76.0149	-76.0254	-76.0672	-76.15	-76.2829
4.13	-76.8343	-76.8907	-76.9489	-76.988	-77.0069	-77.0094	-76.9996	-76.981	-76.9562	-76.9269	-76.8945	-76.8596	-76.8228	-76.7844	-76.7448	-76.7038	-76.6617	-76.6185	-76.5742	-76.5287	-76.4821	-76.4346	-76.386	-76.3368	-76.287	-76.2374	-76.1885	-76.1417	-76.0987	-76.0619	-76.0352	-76.0236	-76.0342	-76.0759	-76.1587	-76.2913
4.135	-76.8389	-76.8952	-76.9534	-76.9925	-77.0115	-77.014	-77.0043	-76.9858	-76.9611	-76.9319	-76.8995	-76.8647	-76.8281	-76.7899	-76.7503	-76.7095	-76.6676	-76.6245	-76.5803	-76.535	-76.4886	-76.4412	-76.3929	-76.3438	-76.2943	-76.2448	-76.1962	-76.1496	-76.1068	-76.0702	-76.0437	-76.0322	-76.043	-76.0847	-76.1673	-76.2997
4.14	-76.8434	-76.8997	-76.9579	-76.997	-77.016	-77.0186	-77.0089	-76.9905	-76.9659	-76.9368	-76.9046	-76.8699	-76.8333	-76.7952	-76.7558	-76.7152	-76.6734	-76.6304	-76.5864	-76.5413	-76.495	-76.4478	-76.3997	-76.3508	-76.3015	-76.2522	-76.2038	-76.1574	-76.1148	-76.0785	-76.0521	-76.0408	-76.0517	-76.0934	-76.1759	-76.308
4.145	-76.8479	-76.9042	-76.9624	-77.0015	-77.0205	-77.0231	-77.0136	-76.9953	-76.9707	-76.9417	-76.9096	-76.875	-76.8386	-76.8006	-76.7613	-76.7208	-76.6792	-76.6364	-76.5925	-76.5475	-76.5015	-76.4544	-76.4064	-76.3577	-76.3086	-76.2596	-76.2114	-76.1652	-76.1228	-76.0867	-76.0605	-76.0494	-76.0603	-76.1021	-76.1845	-76.3163
4.15	-76.8524	-76.9087	-76.9669	-77.006	-77.025	-77.0277	-77.0182	-77	-76.9755	-76.9467	-76.9146	-76.8801	-76.8438	-76.806	-76.7668	-76.7264	-76.6849	-76.6423	-76.5985	-76.5537	-76.5079	-76.461	-76.4132	-76.3647	-76.3158	-76.2669	-76.2189	-76.173	-76.1308	-76.0949	-76.0689	-76.0579	-76.0689	-76.1107	-76.193	-76.3245
4.155	-76.8569	-76.9131	-76.9713	-77.0104	-77.0295	-77.0322	-77.0228	-77.0047	-76.9803	-76.9515	-76.9196	-76.8853	-76.8491	-76.8113	-76.7723	-76.7321	-76.6907	-76.6482	-76.6046	-76.5599	-76.5142	-76.4675	-76.4199	-76.3716	-76.3229	-76.2742	-76.2265	-76.1807	-76.1388	-76.1031	-76.0772	-76.0664	-76.0775	-76.1193	-76.2014	-76.3327
4.16	-76.8614	-76.9176	-76.9757	-77.0149	-77.034	-77.0368	-77.0274	-77.0093	-76.9851	-76.9564	-76.9246	-76.8904	-76.8543	-76.8167	-76.7778	-76.7376	-76.6964	-76.654	-76.6106	-76.5661	-76.5206	-76.474	-76.4266	-76.3785	-76.3299	-76.2815	-76.234	-76.1884	-76.1467	-76.1112	-76.0855	-76.0749	-76.0861	-76.1278	-76.2098	-76.3408
4.165	-76.8659	-76.9221	-76.9802	-77.0193	-77.0384	-77.0413	-77.032	-77.014	-76.9898	-76.9613	-76.9295	-76.8954	-76.8595	-76.822	-76.7832	-76.7432	-76.7021	-76.6599	-76.6166	-76.5723	-76.5269	-76.4805	-76.4333	-76.3853	-76.337	-76.2888	-76.2414	-76.1961	-76.1545	-76.1193	-76.0938	-76.0833	-76.0946	-76.1363	-76.2182	-76.3489
4.17	-76.8704	-76.9265	-76.9846	-77.0237	-77.0429	-77.0458	-77.0366	-77.0187	-76.9946	-76.9661	-76.9345	-76.9005	-76.8646	-76.8273	-76.7886	-76.7488	-76.7078	-76.6657	-76.6226	-76.5784	-76.5332	-76.487	-76.4399	-76.3922	-76.344	-76.296	-76.2489	-76.2038	-76.1624	-76.1273	-76.102	-76.0917	-76.103	-76.1448	-76.2266	-76.357
4.175	-76.8748	-76.9309	-76.989	-77.0281	-77.0473	-77.0503	-77.0411	-77.0233	-76.9993	-76.971	-76.9394	-76.9055	-76.8698	-76.8326	-76.794	-76.7543	-76.7135	-76.6715	-76.6286	-76.5845	-76.5395	-76.4934	-76.4465	-76.399	-76.351	-76.3032	-76.2563	-76.2114	-76.1702	-76.1353	-76.1102	-76.1	-76.1115	-76.1532	-76.2349	-76.3651
4.18	-76.8793	-76.9353	-76.9934	-77.0325	-77.0517	-77.0547	-77.0457	-77.0279	-77.004	-76.9758	-76.9443	-76.9106	-76.8749	-76.8378	-76.7994	-76.7598	-76.7191	-76.6773	-76.6345	-76.5906	-76.5457	-76.4999	-76.4531	-76.4058	-76.358	-76.3104	-76.2636	-76.2189	-76.178	-76.1433	-76.1184	-76.1083	-76.1198	-76.1616	-76.2431	-76.373
4.185	-76.8837	-76.9397	-76.9978	-77.0369	-77.0561	-77.0592	-77.0502	-77.0325	-77.0087	-76.9806	-76.9492	-76.9156	-76.8801	-76.8431	-76.8048	-76.7653	-76.7248	-76.6831	-76.6404	-76.5967	-76.5519	-76.5063	-76.4597	-76.4125	-76.3649	-76.3175	-76.271	-76.2265	-76.1857	-76.1512	-76.1265	-76.1166	-76.1282	-76.1699	-76.2514	-76.381
4.19	-76.8881	-76.9441	-77.0021	-77.0413	-77.0605	-77.0637	-77.0547	-77.0371	-77.0134	-76.9854	-76.9541	-76.9206	-76.8852	-76.8483	-76.8101	-76.7708	-76.7304	-76.6889	-76.6463	-76.6027	-76.5582	-76.5126	-76.4663	-76.4192	-76.3719	-76.3246	-76.2783	-76.234	-76.1935	-76.1591	-76.1346	-76.1248	-76.1365	-76.1782	-76.2595	-76.3889
4.195	-76.8925	-76.9485	-77.0065	-77.0456	-77.0649	-77.0681	-77.0592	-77.0417	-77.0181	-76.9901	-76.959	-76.9256	-76.8903	-76.8535	-76.8155	-76.7763	-76.736	-76.6946	-76.6522	-76.6088	-76.5643	-76.519	-76.4728	-76.4259	-76.3788	-76.3317	-76.2856	-76.2415	-76.2011	-76.167	-76.1426	-76.133	-76.1448	-76.1865	-76.2677	-76.3968
4.2	-76.8969	-76.9529	-77.0108	-77.05	-77.0693	-77.0725	-77.0637	-77.0463	-77.0228	-76.9949	-76.9639	-76.9305	-76.8954	-76.8587	-76.8208	-76.7817	-76.7415	-76.7003	-76.6581	-76.6148	-76.5705	-76.5253	-76.4793	-76.4326	-76.3856	-76.3388	-76.2928	-76.2489	-76.2088	-76.1749	-76.1507	-76.1411	-76.153	-76.1947	-76.2758	-76.4046
4.205	-76.9013	-76.9572	-77.0152	-77.0543	-77.0737	-77.0769	-77.0682	-77.0509	-77.0274	-76.9996	-76.9687	-76.9355	-76.9004	-76.8639	-76.8261	-76.7871	-76.7471	-76.706	-76.6639	-76.6208	-76.5767	-76.5316	-76.4858	-76.4393	-76.3925	-76.3458	-76.3	-76.2564	-76.2164	-76.1827	-76.1586	-76.1492	-76.1612	-76.2029	-76.2839	-76.4125
4.21	-76.9057	-76.9616	-77.0195	-77.0586	-77.078	-77.0813	-77.0727	-77.0554	-77.0321	-77.0044	-76.9736	-76.9404	-76.9055	-76.8691	-76.8314	-76.7926	-76.7526	-76.7117	-76.6697	-76.6267	-76.5828	-76.5379	-76.4922	-76.4459	-76.3993	-76.3528	-76.3072	-76.2637	-76.224	-76.1904	-76.1666	-76.1573	-76.1693	-76.2111	-76.2919	-76.4202
4.215	-76.91	-76.9659	-77.0238	-77.0629	-77.0824	-77.0857	-77.0771	-77.06	-77.0367	-77.0091	-76.9784	-76.9454	-76.9105	-76.8742	-76.8367	-76.798	-76.7582	-76.7174	-76.6755	-76.6327	-76.5889	-76.5442	-76.4987	-76.4525	-76.4061	-76.3598	-76.3144	-76.2711	-76.2316	-76.1982	-76.1745	-76.1654	-76.1775	-76.2192	-76.2999	-76.428
4.22	-76.9144	-76.9702	-77.0281	-77.0672	-77.0867	-77.0901	-77.0816	-77.0645	-77.0413	-77.0138	-76.9832	-76.9503	-76.9155	-76.8793	-76.8419	-76.8033	-76.7637	-76.723	-76.6813	-76.6386	-76.595	-76.5504	-76.5051	-76.4591	-76.4128	-76.3667	-76.3215	-76.2785	-76.2391	-76.2059	-76.1824	-76.1734	-76.1855	-76.2273	-76.3079	-76.4357
4.225	-76.9187	-76.9746	-77.0324	-77.0715	-77.091	-77.0945	-77.086	-77.069	-77.0459	-77.0185	-76.988	-76.9552	-76.9205	-76.8845	-76.8471	-76.8087	-76.7692	-76.7286	-76.6871	-76.6445	-76.601	-76.5566	-76.5114	-76.4656	-76.4195	-76.3736	-76.3287	-76.2858	-76.2466	-76.2136	-76.1902	-76.1813	-76.1936	-76.2353	-76.3158	-76.4433
4.23	-76.9231	-76.9789	-77.0367	-77.0758	-77.0953	-77.0988	-77.0905	-77.0735	-77.0505	-77.0232	-76.9928	-76.96	-76.9255	-76.8896	-76.8524	-76.814	-76.7746	-76.7342	-76.6928	-76.6504	-76.6071	-76.5628	-76.5178	-76.4722	-76.4263	-76.3805	-76.3357	-76.293	-76.2541	-76.2212	-76.198	-76.1893	-76.2016	-76.2433	-76.3237	-76.4509
4.235	-76.9274	-76.9832	-77.0409	-77.0801	-77.0996	-77.1032	-77.0949	-77.078	-77.0551	-77.0278	-76.9975	-76.9649	-76.9305	-76.8947	-76.8576	-76.8194	-76.7801	-76.7398	-76.6985	-76.6563	-76.6131	-76.569	-76.5241	-76.4787	-76.4329	-76.3874	-76.3428	-76.3003	-76.2615	-76.2288	-76.2058	-76.1972	-76.2096	-76.2513	-76.3315	-76.4585
4.24	-76.9317	-76.9874	-77.0452	-77.0843	-77.1039	-77.1075	-77.0993	-77.0825	-77.0596	-77.0325	-77.0023	-76.9698	-76.9355	-76.8997	-76.8628	-76.8247	-76.7855	-76.7454	-76.7042	-76.6621	-76.6191	-76.5751	-76.5305	-76.4852	-76.4396	-76.3942	-76.3498	-76.3075	-76.2689	-76.2364	-76.2135	-76.205	-76.2175	-76.2592	-76.3393	-76.4661
4.245	-76.936	-76.9917	-77.0494	-77.0886	-77.1082	-77.1118	-77.1036	-77.0869	-77.0642	-77.0371	-77.007	-76.9746	-76.9404	-76.9048	-76.8679	-76.83	-76.7909	-76.7509	-76.7099	-76.6679	-76.6251	-76.5813	-76.5368	-76.4916	-76.4462	-76.4011	-76.3568	-76.3147	-76.2763	-76.244	-76.2212	-76.2129	-76.2254	-76.2671	-76.3471	-76.4736
4.25	-76.9403	-76.996	-77.0537	-77.0928	-77.1124	-77.1161	-77.108	-77.0914	-77.0687	-77.0418	-77.0117	-76.9794	-76.9453	-76.9098	-76.8731	-76.8352	-76.7963	-76.7564	-76.7156	-76.6738	-76.631	-76.5874	-76.543	-76.4981	-76.4529	-76.4078	-76.3638	-76.3218	-76.2836	-76.2515	-76.2289	-76.2207	-76.2333	-76.275	-76.3548	-76.4811
4.255	-76.9446	-77.0002	-77.0579	-77.097	-77.1167	-77.1205	-77.1124	-77.0958	-77.0732	-77.0464	-77.0164	-76.9842	-76.9503	-76.9148	-76.8782	-76.8405	-76.8017	-76.762	-76.7212	-76.6795	-76.6369	-76.5935	-76.5493	-76.5045	-76.4594	-76.4146	-76.3707	-76.329	-76.2909	-76.259	-76.2365	-76.2284	-76.2411	-76.2828	-76.3626	-76.4885
4.26	-76.9488	-77.0045	-77.0621	-77.1012	-77.1209	-77.1247	-77.1167	-77.1002	-77.0777	-77.051	-77.0211	-76.989	-76.9552	-76.9199	-76.8833	-76.8457	-76.8071	-76.7675	-76.7269	-76.6853	-76.6429	-76.5995	-76.5555	-76.5109	-76.466	-76.4213	-76.3777	-76.3361	-76.2982	-76.2664	-76.2442	-76.2362	-76.2489	-76.2906	-76.3702	-76.496
4.265	-76.9531	-77.0087	-77.0663	-77.1055	-77.1252	-77.129	-77.1211	-77.1047	-77.0822	-77.0555	-77.0258	-76.9938	-76.96	-76.9249	-76.8885	-76.851	-76.8124	-76.7729	-76.7325	-76.6911	-76.6488	-76.6056	-76.5617	-76.5172	-76.4725	-76.4281	-76.3846	-76.3431	-76.3055	-76.2739	-76.2517	-76.2439	-76.2567	-76.2983	-76.3779	-76.5033
4.27	-76.9573	-77.0129	-77.0705	-77.1096	-77.1294	-77.1333	-77.1254	-77.109	-77.0867	-77.0601	-77.0305	-76.9986	-76.9649	-76.9298	-76.8935	-76.8562	-76.8178	-76.7784	-76.7381	-76.6968	-76.6546	-76.6116	-76.5679	-76.5236	-76.479	-76.4347	-76.3914	-76.3502	-76.3127	-76.2813	-76.2593	-76.2515	-76.2644	-76.3061	-76.3855	-76.5107
4.275	-76.9616	-77.0171	-77.0747	-77.1138	-77.1336	-77.1375	-77.1297	-77.1134	-77.0912	-77.0647	-77.0351	-77.0033	-76.9698	-76.9348	-76.8986	-76.8614	-76.8231	-76.7838	-76.7436	-76.7025	-76.6605	-76.6176	-76.574	-76.5299	-76.4855	-76.4414	-76.3983	-76.3572	-76.3199	-76.2886	-76.2668	-76.2592	-76.2721	-76.3137	-76.393	-76.518
4.28	-76.9658	-77.0213	-77.0788	-77.118	-77.1378	-77.1418	-77.134	-77.1178	-77.0956	-77.0692	-77.0398	-77.0081	-76.9746	-76.9398	-76.9037	-76.8665	-76.8284	-76.7893	-76.7492	-76.7082	-76.6663	-76.6236	-76.5802	-76.5362	-76.492	-76.448	-76.4051	-76.3642	-76.327	-76.296	-76.2743	-76.2668	-76.2798	-76.3214	-76.4006	-76.5253
4.285	-76.97	-77.0255	-77.083	-77.1221	-77.142	-77.146	-77.1383	-77.1222	-77.1001	-77.0738	-77.0444	-77.0128	-76.9794	-76.9447	-76.9087	-76.8717	-76.8337	-76.7947	-76.7547	-76.7139	-76.6721	-76.6296	-76.5863	-76.5425	-76.4984	-76.4547	-76.4119	-76.3712	-76.3342	-76.3033	-76.2817	-76.2744	-76.2874	-76.329	-76.4081	-76.5325
4.29	-76.9742	-77.0297	-77.0872	-77.1263	-77.1461	-77.1502	-77.1426	-77.1265	-77.1045	-77.0783	-77.049	-77.0175	-76.9843	-76.9496	-76.9138	-76.8768	-76.8389	-76.8	-76.7602	-76.7195	-76.6779	-76.6355	-76.5924	-76.5487	-76.5049	-76.4612	-76.4186	-76.3781	-76.3413	-76.3105	-76.2892	-76.2819	-76.295	-76.3366	-76.4156	-76.5398
4.295	-76.9784	-77.0338	-77.0913	-77.1304	-77.1503	-77.1544	-77.1469	-77.1309	-77.1089	-77.0828	-77.0536	-77.0222	-76.9891	-76.9545	-76.9188	-76.882	-76.8442	-76.8054	-76.7657	-76.7252	-76.6837	-76.6414	-76.5984	-76.555	-76.5112	-76.4678	-76.4254	-76.385	-76.3484	-76.3178	-76.2966	-76.2894	-76.3026	-76.3442	-76.423	-76.547
4.3	-76.9826	-77.038	-77.0954	-77.1346	-77.1544	-77.1586	-77.1511	-77.1352	-77.1133	-77.0873	-77.0582	-77.0269	-76.9938	-76.9594	-76.9238	-76.8871	-76.8494	-76.8108	-76.7712	-76.7308	-76.6894	-76.6473	-76.6045	-76.5612	-76.5176	-76.4743	-76.4321	-76.3919	-76.3554	-76.325	-76.3039	-76.2969	-76.3101	-76.3517	-76.4304	-76.5541
4.305	-76.9868	-77.0421	-77.0995	-77.1387	-77.1586	-77.1628	-77.1553	-77.1395	-77.1177	-77.0918	-77.0628	-77.0316	-76.9986	-76.9643	-76.9288	-76.8922	-76.8546	-76.8161	-76.7767	-76.7364	-76.6952	-76.6532	-76.6105	-76.5674	-76.524	-76.4809	-76.4388	-76.3988	-76.3625	-76.3322	-76.3113	-76.3043	-76.3176	-76.3592	-76.4378	-76.5612
4.31	-76.9909	-77.0463	-77.1036	-77.1428	-77.1627	-77.167	-77.1596	-77.1438	-77.1221	-77.0962	-77.0673	-77.0362	-77.0034	-76.9691	-76.9337	-76.8973	-76.8598	-76.8214	-76.7821	-76.7419	-76.7009	-76.6591	-76.6165	-76.5735	-76.5303	-76.4874	-76.4454	-76.4056	-76.3695	-76.3394	-76.3186	-76.3117	-76.3251	-76.3666	-76.4451	-76.5683
4.315	-76.9951	-77.0504	-77.1077	-77.1469	-77.1668	-77.1711	-77.1638	-77.1481	-77.1265	-77.1007	-77.0719	-77.0409	-77.0081	-76.974	-76.9387	-76.9023	-76.865	-76.8267	-76.7876	-76.7475	-76.7066	-76.6649	-76.6225	-76.5797	-76.5366	-76.4938	-76.4521	-76.4124	-76.3764	-76.3465	-76.3258	-76.3191	-76.3326	-76.3741	-76.4524	-76.5754
4.32	-76.9992	-77.0545	-77.1118	-77.151	-77.1709	-77.1753	-77.168	-77.1524	-77.1309	-77.1051	-77.0764	-77.0455	-77.0128	-76.9788	-76.9436	-76.9074	-76.8702	-76.832	-76.793	-76.7531	-76.7123	-76.6707	-76.6285	-76.5858	-76.5429	-76.5003	-76.4587	-76.4192	-76.3834	-76.3536	-76.3331	-76.3265	-76.34	-76.3815	-76.4597	-76.5824
4.325	-77.0034	-77.0586	-77.1159	-77.155	-77.175	-77.1794	-77.1722	-77.1567	-77.1352	-77.1096	-77.0809	-77.0501	-77.0176	-76.9836	-76.9485	-76.9124	-76.8753	-76.8373	-76.7984	-76.7586	-76.7179	-76.6765	-76.6344	-76.5919	-76.5491	-76.5067	-76.4652	-76.4259	-76.3903	-76.3607	-76.3403	-76.3338	-76.3474	-76.3888	-76.4669	-76.5894
4.33	-77.0075	-77.0627	-77.12	-77.1591	-77.1791	-77.1836	-77.1764	-77.1609	-77.1395	-77.114	-77.0855	-77.0547	-77.0223	-76.9884	-76.9535	-76.9174	-76.8805	-76.8426	-76.8037	-76.7641	-76.7236	-76.6823	-76.6404	-76.598	-76.5554	-76.5131	-76.4718	-76.4327	-76.3972	-76.3677	-76.3475	-76.3411	-76.3547	-76.3961	-76.4741	-76.5964
4.335	-77.0116	-77.0668	-77.124	-77.1631	-77.1832	-77.1877	-77.1806	-77.1652	-77.1439	-77.1184	-77.09	-77.0593	-77.0269	-76.9932	-76.9584	-76.9224	-76.8856	-76.8478	-76.8091	-76.7696	-76.7292	-76.6881	-76.6463	-76.604	-76.5616	-76.5195	-76.4783	-76.4394	-76.4041	-76.3747	-76.3546	-76.3483	-76.362	-76.4035	-76.4813	-76.6033
4.34	-77.0157	-77.0709	-77.1281	-77.1672	-77.1873	-77.1918	-77.1848	-77.1694	-77.1482	-77.1228	-77.0944	-77.0639	-77.0316	-76.998	-76.9632	-76.9274	-76.8907	-76.853	-76.8145	-76.775	-76.7348	-76.6938	-76.6522	-76.61	-76.5678	-76.5258	-76.4849	-76.446	-76.4109	-76.3817	-76.3618	-76.3556	-76.3693	-76.4107	-76.4885	-76.6102
4.345	-77.0198	-77.0749	-77.1321	-77.1712	-77.1913	-77.1959	-77.1889	-77.1736	-77.1525	-77.1272	-77.0989	-77.0684	-77.0363	-77.0028	-76.9681	-76.9324	-76.8958	-76.8582	-76.8198	-76.7805	-76.7404	-76.6995	-76.658	-76.6161	-76.5739	-76.5321	-76.4914	-76.4527	-76.4177	-76.3887	-76.3689	-76.3628	-76.3766	-76.418	-76.4956	-76.6171
4.35	-77.0239	-77.079	-77.1361	-77.1752	-77.1954	-77.2	-77.1931	-77.1778	-77.1568	-77.1316	-77.1034	-77.073	-77.0409	-77.0075	-76.973	-76.9374	-76.9008	-76.8634	-76.8251	-76.7859	-76.746	-76.7052	-76.6639	-76.6221	-76.5801	-76.5384	-76.4978	-76.4593	-76.4245	-76.3956	-76.3759	-76.3699	-76.3838	-76.4252	-76.5027	-76.624
4.355	-77.028	-77.083	-77.1401	-77.1793	-77.1994	-77.2041	-77.1972	-77.1821	-77.1611	-77.1359	-77.1078	-77.0775	-77.0456	-77.0122	-76.9778	-76.9423	-76.9059	-76.8686	-76.8304	-76.7914	-76.7515	-76.7109	-76.6697	-76.628	-76.5862	-76.5447	-76.5043	-76.4659	-76.4313	-76.4025	-76.383	-76.3771	-76.391	-76.4324	-76.5098	-76.6308
4.36	-77.0321	-77.0871	-77.1441	-77.1833	-77.2034	-77.2081	-77.2013	-77.1862	-77.1653	-77.1403	-77.1123	-77.0821	-77.0502	-77.017	-76.9826	-76.9472	-76.9109	-76.8737	-76.8357	-76.7968	-76.757	-76.7166	-76.6755	-76.634	-76.5923	-76.551	-76.5107	-76.4725	-76.438	-76.4094	-76.39	-76.3842	-76.3982	-76.4395	-76.5168	-76.6376
4.365	-77.0361	-77.0911	-77.1481	-77.1873	-77.2074	-77.2122	-77.2054	-77.1904	-77.1696	-77.1446	-77.1167	-77.0866	-77.0548	-77.0217	-76.9874	-76.9522	-76.916	-76.8789	-76.8409	-76.8021	-76.7626	-76.7222	-76.6813	-76.6399	-76.5984	-76.5572	-76.5171	-76.4791	-76.4447	-76.4163	-76.397	-76.3913	-76.4053	-76.4466	-76.5238	-76.6443
4.37	-77.0402	-77.0951	-77.1521	-77.1912	-77.2114	-77.2162	-77.2095	-77.1946	-77.1738	-77.1489	-77.1211	-77.0911	-77.0594	-77.0264	-76.9922	-76.9571	-76.921	-76.884	-76.8462	-76.8075	-76.7681	-76.7279	-76.6871	-76.6458	-76.6045	-76.5634	-76.5234	-76.4856	-76.4514	-76.4231	-76.404	-76.3984	-76.4124	-76.4537	-76.5308	-76.6511
4.375	-77.0442	-77.0991	-77.1561	-77.1952	-77.2154	-77.2203	-77.2136	-77.1987	-77.1781	-77.1533	-77.1255	-77.0956	-77.064	-77.031	-76.997	-76.9619	-76.926	-76.8891	-76.8514	-76.8129	-76.7735	-76.7335	-76.6928	-76.6517	-76.6105	-76.5696	-76.5298	-76.4921	-76.4581	-76.4299	-76.4109	-76.4054	-76.4195	-76.4608	-76.5377	-76.6578
4.38	-77.0482	-77.1031	-77.1601	-77.1992	-77.2194	-77.2243	-77.2177	-77.2029	-77.1823	-77.1576	-77.1299	-77.1	-77.0685	-77.0357	-77.0018	-76.9668	-76.9309	-76.8942	-76.8566	-76.8182	-76.779	-76.7391	-76.6985	-76.6576	-76.6165	-76.5758	-76.5361	-76.4986	-76.4647	-76.4367	-76.4178	-76.4124	-76.4265	-76.4678	-76.5446	-76.6645
4.385	-77.0522	-77.1071	-77.164	-77.2031	-77.2234	-77.2283	-77.2218	-77.207	-77.1865	-77.1618	-77.1343	-77.1045	-77.0731	-77.0404	-77.0065	-76.9717	-76.9359	-76.8993	-76.8618	-76.8235	-76.7844	-76.7446	-76.7043	-76.6634	-76.6225	-76.5819	-76.5424	-76.505	-76.4713	-76.4435	-76.4247	-76.4194	-76.4336	-76.4748	-76.5515	-76.6711
4.39	-77.0563	-77.1111	-77.168	-77.2071	-77.2273	-77.2323	-77.2258	-77.2112	-77.1907	-77.1661	-77.1386	-77.1089	-77.0776	-77.045	-77.0113	-76.9765	-76.9409	-76.9043	-76.867	-76.8288	-76.7899	-76.7502	-76.7099	-76.6693	-76.6285	-76.5881	-76.5487	-76.5115	-76.4779	-76.4502	-76.4315	-76.4263	-76.4406	-76.4818	-76.5583	-76.6777
4.395	-77.0602	-77.115	-77.1719	-77.211	-77.2313	-77.2363	-77.2299	-77.2153	-77.1949	-77.1704	-77.143	-77.1134	-77.0822	-77.0496	-77.016	-76.9813	-76.9458	-76.9094	-76.8721	-76.8341	-76.7953	-76.7557	-76.7156	-76.6751	-76.6345	-76.5942	-76.555	-76.5179	-76.4845	-76.4569	-76.4383	-76.4332	-76.4475	-76.4887	-76.5652	-76.6843
4.4	-77.0642	-77.119	-77.1758	-77.2149	-77.2352	-77.2403	-77.2339	-77.2194	-77.1991	-77.1746	-77.1473	-77.1178	-77.0867	-77.0542	-77.0207	-76.9862	-76.9507	-76.9144	-76.8773	-76.8393	-76.8007	-76.7613	-76.7213	-76.6809	-76.6404	-76.6003	-76.5612	-76.5243	-76.491	-76.4636	-76.4452	-76.4401	-76.4545	-76.4956	-76.572	-76.6909
4.405	-77.0682	-77.1229	-77.1798	-77.2188	-77.2392	-77.2442	-77.2379	-77.2235	-77.2032	-77.1789	-77.1516	-77.1222	-77.0912	-77.0588	-77.0254	-76.991	-76.9556	-76.9194	-76.8824	-76.8446	-76.806	-76.7668	-76.7269	-76.6867	-76.6463	-76.6063	-76.5674	-76.5306	-76.4975	-76.4702	-76.4519	-76.447	-76.4614	-76.5025	-76.5788	-76.6974
4.41	-77.0722	-77.1269	-77.1837	-77.2227	-77.2431	-77.2482	-77.242	-77.2275	-77.2074	-77.1831	-77.1559	-77.1266	-77.0957	-77.0634	-77.0301	-76.9957	-76.9605	-76.9244	-76.8875	-76.8498	-76.8114	-76.7722	-76.7325	-76.6924	-76.6522	-76.6124	-76.5736	-76.537	-76.504	-76.4768	-76.4587	-76.4538	-76.4683	-76.5094	-76.5855	-76.7039
4.415	-77.0762	-77.1308	-77.1876	-77.2266	-77.247	-77.2522	-77.246	-77.2316	-77.2115	-77.1873	-77.1602	-77.131	-77.1002	-77.068	-77.0347	-77.0005	-76.9654	-76.9294	-76.8926	-76.855	-76.8167	-76.7777	-76.7381	-76.6981	-76.6581	-76.6184	-76.5798	-76.5433	-76.5105	-76.4834	-76.4654	-76.4607	-76.4751	-76.5162	-76.5922	-76.7104
4.42	-77.0801	-77.1347	-77.1915	-77.2305	-77.2509	-77.2561	-77.25	-77.2357	-77.2156	-77.1915	-77.1645	-77.1354	-77.1046	-77.0726	-77.0394	-77.0053	-76.9703	-76.9344	-76.8977	-76.8602	-76.822	-76.7831	-76.7437	-76.7039	-76.6639	-76.6244	-76.5859	-76.5496	-76.5169	-76.49	-76.4721	-76.4674	-76.4819	-76.523	-76.5989	-76.7169
4.425	-77.0841	-77.1386	-77.1953	-77.2344	-77.2548	-77.26	-77.254	-77.2397	-77.2198	-77.1957	-77.1688	-77.1398	-77.1091	-77.0771	-77.044	-77.01	-76.9751	-76.9393	-76.9028	-76.8654	-76.8273	-76.7886	-76.7493	-76.7096	-76.6698	-76.6304	-76.592	-76.5559	-76.5233	-76.4966	-76.4788	-76.4742	-76.4887	-76.5298	-76.6056	-76.7233
4.43	-77.088	-77.1425	-77.1992	-77.2383	-77.2587	-77.264	-77.2579	-77.2438	-77.2239	-77.1999	-77.1731	-77.1441	-77.1135	-77.0816	-77.0487	-77.0147	-76.9799	-76.9443	-76.9078	-76.8706	-76.8326	-76.794	-76.7548	-76.7152	-76.6756	-76.6363	-76.5982	-76.5621	-76.5297	-76.5031	-76.4854	-76.4809	-76.4955	-76.5366	-76.6122	-76.7297
4.435	-77.0919	-77.1464	-77.2031	-77.2421	-77.2626	-77.2679	-77.2619	-77.2478	-77.228	-77.2041	-77.1773	-77.1485	-77.118	-77.0862	-77.0533	-77.0195	-76.9848	-76.9492	-76.9129	-76.8757	-76.8379	-76.7994	-76.7603	-76.7209	-76.6814	-76.6423	-76.6042	-76.5683	-76.5361	-76.5096	-76.492	-76.4876	-76.5023	-76.5433	-76.6188	-76.7361
4.44	-77.0958	-77.1503	-77.2069	-77.246	-77.2664	-77.2718	-77.2658	-77.2518	-77.2321	-77.2083	-77.1816	-77.1528	-77.1224	-77.0907	-77.0579	-77.0242	-76.9896	-76.9541	-76.9179	-76.8809	-76.8432	-76.8048	-76.7658	-76.7265	-76.6872	-76.6482	-76.6103	-76.5745	-76.5424	-76.5161	-76.4986	-76.4943	-76.509	-76.55	-76.6254	-76.7425
4.445	-77.0997	-77.1542	-77.2108	-77.2498	-77.2703	-77.2757	-77.2698	-77.2558	-77.2361	-77.2124	-77.1858	-77.1571	-77.1268	-77.0952	-77.0625	-77.0289	-76.9943	-76.959	-76.9229	-76.886	-76.8484	-76.8101	-76.7713	-76.7321	-76.6929	-76.6541	-76.6163	-76.5807	-76.5487	-76.5225	-76.5052	-76.501	-76.5157	-76.5566	-76.6319	-76.7488
4.45	-77.1036	-77.1581	-77.2146	-77.2536	-77.2741	-77.2796	-77.2737	-77.2598	-77.2402	-77.2166	-77.19	-77.1614	-77.1312	-77.0997	-77.0671	-77.0335	-76.9991	-76.9639	-76.9279	-76.8911	-76.8536	-76.8155	-76.7768	-76.7378	-76.6987	-76.66	-76.6224	-76.5869	-76.555	-76.529	-76.5117	-76.5076	-76.5224	-76.5633	-76.6385	-76.7551
4.455	-77.1075	-77.1619	-77.2184	-77.2574	-77.278	-77.2834	-77.2777	-77.2638	-77.2443	-77.2207	-77.1943	-77.1657	-77.1356	-77.1041	-77.0716	-77.0382	-77.0039	-76.9688	-76.9329	-76.8962	-76.8588	-76.8208	-76.7822	-76.7433	-76.7044	-76.6658	-76.6284	-76.593	-76.5613	-76.5354	-76.5183	-76.5142	-76.529	-76.5699	-76.645	-76.7614
4.46	-77.1114	-77.1658	-77.2222	-77.2613	-77.2818	-77.2873	-77.2816	-77.2678	-77.2483	-77.2248	-77.1985	-77.17	-77.1399	-77.1086	-77.0762	-77.0428	-77.0086	-76.9736	-76.9378	-76.9013	-76.864	-76.8261	-76.7877	-76.7489	-76.7101	-76.6717	-76.6343	-76.5991	-76.5676	-76.5418	-76.5248	-76.5208	-76.5356	-76.5765	-76.6515	-76.7676
4.465	-77.1153	-77.1696	-77.2261	-77.2651	-77.2856	-77.2912	-77.2855	-77.2718	-77.2523	-77.2289	-77.2026	-77.1743	-77.1443	-77.113	-77.0807	-77.0475	-77.0134	-76.9785	-76.9428	-76.9063	-76.8692	-76.8314	-76.7931	-76.7544	-76.7158	-76.6775	-76.6403	-76.6052	-76.5738	-76.5481	-76.5312	-76.5274	-76.5422	-76.5831	-76.6579	-76.7738
4.47	-77.1191	-77.1734	-77.2299	-77.2689	-77.2894	-77.295	-77.2894	-77.2757	-77.2564	-77.233	-77.2068	-77.1785	-77.1486	-77.1175	-77.0853	-77.0521	-77.0181	-76.9833	-76.9477	-76.9114	-76.8743	-76.8367	-76.7985	-76.76	-76.7214	-76.6833	-76.6462	-76.6113	-76.58	-76.5545	-76.5377	-76.5339	-76.5488	-76.5896	-76.6643	-76.78
4.475	-77.123	-77.1772	-77.2336	-77.2726	-77.2932	-77.2988	-77.2933	-77.2797	-77.2604	-77.2371	-77.211	-77.1828	-77.153	-77.1219	-77.0898	-77.0567	-77.0228	-76.9881	-76.9526	-76.9164	-76.8795	-76.8419	-76.8039	-76.7655	-76.7271	-76.689	-76.6521	-76.6174	-76.5862	-76.5608	-76.5441	-76.5404	-76.5553	-76.5961	-76.6707	-76.7862
4.48	-77.1269	-77.1811	-77.2374	-77.2764	-77.297	-77.3027	-77.2971	-77.2836	-77.2644	-77.2412	-77.2151	-77.187	-77.1573	-77.1263	-77.0943	-77.0613	-77.0275	-76.9929	-76.9575	-76.9214	-76.8846	-76.8472	-76.8092	-76.771	-76.7327	-76.6948	-76.658	-76.6234	-76.5924	-76.5671	-76.5505	-76.5469	-76.5619	-76.6026	-76.6771	-76.7924
4.485	-77.1307	-77.1849	-77.2412	-77.2802	-77.3008	-77.3065	-77.301	-77.2875	-77.2684	-77.2453	-77.2193	-77.1912	-77.1616	-77.1307	-77.0988	-77.0659	-77.0322	-76.9977	-76.9624	-76.9264	-76.8897	-76.8524	-76.8146	-76.7765	-76.7383	-76.7005	-76.6639	-76.6294	-76.5985	-76.5733	-76.5569	-76.5533	-76.5683	-76.6091	-76.6835	-76.7985
4.49	-77.1345	-77.1887	-77.2449	-77.2839	-77.3046	-77.3103	-77.3049	-77.2914	-77.2724	-77.2493	-77.2234	-77.1954	-77.1659	-77.1351	-77.1032	-77.0705	-77.0368	-77.0024	-76.9673	-76.9314	-76.8948	-76.8576	-76.8199	-76.7819	-76.7439	-76.7063	-76.6698	-76.6354	-76.6046	-76.5796	-76.5632	-76.5598	-76.5748	-76.6155	-76.6898	-76.8046
4.495	-77.1383	-77.1924	-77.2487	-77.2877	-77.3083	-77.3141	-77.3087	-77.2953	-77.2763	-77.2534	-77.2275	-77.1996	-77.1702	-77.1395	-77.1077	-77.075	-77.0415	-77.0072	-76.9721	-76.9364	-76.8999	-76.8628	-76.8252	-76.7874	-76.7495	-76.712	-76.6756	-76.6414	-76.6107	-76.5858	-76.5696	-76.5662	-76.5813	-76.6219	-76.6961	-76.8107
4.5	-77.1422	-77.1962	-77.2524	-77.2914	-77.3121	-77.3179	-77.3125	-77.2992	-77.2803	-77.2574	-77.2317	-77.2038	-77.1744	-77.1438	-77.1121	-77.0796	-77.0461	-77.0119	-76.977	-76.9413	-76.905	-76.868	-76.8305	-76.7928	-76.755	-76.7177	-76.6814	-76.6473	-76.6168	-76.592	-76.5759	-76.5726	-76.5877	-76.6283	-76.7024	-76.8167
4.505	-77.146	-77.2	-77.2562	-77.2951	-77.3158	-77.3217	-77.3164	-77.3031	-77.2843	-77.2614	-77.2358	-77.208	-77.1787	-77.1482	-77.1166	-77.0841	-77.0508	-77.0167	-76.9818	-76.9462	-76.91	-76.8732	-76.8358	-76.7982	-76.7605	-76.7233	-76.6872	-76.6533	-76.6229	-76.5982	-76.5822	-76.5789	-76.5941	-76.6347	-76.7086	-76.8228
4.51	-77.1497	-77.2037	-77.2599	-77.2989	-77.3196	-77.3254	-77.3202	-77.307	-77.2882	-77.2654	-77.2398	-77.2122	-77.183	-77.1525	-77.121	-77.0886	-77.0554	-77.0214	-76.9866	-76.9512	-76.915	-76.8783	-76.8411	-76.8036	-76.766	-76.729	-76.693	-76.6592	-76.6289	-76.6044	-76.5884	-76.5853	-76.6004	-76.641	-76.7148	-76.8288
4.515	-77.1535	-77.2075	-77.2636	-77.3026	-77.3233	-77.3292	-77.324	-77.3109	-77.2921	-77.2694	-77.2439	-77.2163	-77.1872	-77.1568	-77.1254	-77.0931	-77.06	-77.0261	-76.9914	-76.9561	-76.9201	-76.8834	-76.8463	-76.8089	-76.7715	-76.7346	-76.6988	-76.6651	-76.6349	-76.6105	-76.5947	-76.5916	-76.6068	-76.6474	-76.721	-76.8348
4.52	-77.1573	-77.2112	-77.2673	-77.3063	-77.327	-77.3329	-77.3278	-77.3147	-77.2961	-77.2734	-77.248	-77.2205	-77.1914	-77.1611	-77.1298	-77.0976	-77.0646	-77.0308	-76.9962	-76.961	-76.9251	-76.8885	-76.8516	-76.8143	-76.777	-76.7402	-76.7045	-76.6709	-76.6409	-76.6166	-76.6009	-76.5979	-76.6131	-76.6536	-76.7272	-76.8407
4.525	-77.1611	-77.215	-77.271	-77.31	-77.3307	-77.3367	-77.3316	-77.3186	-77.3	-77.2774	-77.2521	-77.2246	-77.1956	-77.1654	-77.1342	-77.1021	-77.0691	-77.0354	-77.001	-76.9658	-76.93	-76.8937	-76.8568	-76.8196	-76.7825	-76.7458	-76.7102	-76.6768	-76.6469	-76.6227	-76.6071	-76.6041	-76.6194	-76.6599	-76.7334	-76.8467
4.53	-77.1648	-77.2187	-77.2747	-77.3136	-77.3344	-77.3404	-77.3354	-77.3224	-77.3039	-77.2814	-77.2561	-77.2288	-77.1999	-77.1697	-77.1386	-77.1066	-77.0737	-77.0401	-77.0057	-76.9707	-76.935	-76.8987	-76.862	-76.825	-76.7879	-76.7514	-76.7159	-76.6826	-76.6529	-76.6288	-76.6132	-76.6104	-76.6257	-76.6662	-76.7395	-76.8526
4.535	-77.1686	-77.2224	-77.2784	-77.3173	-77.3381	-77.3441	-77.3391	-77.3262	-77.3078	-77.2854	-77.2601	-77.2329	-77.204	-77.174	-77.143	-77.111	-77.0782	-77.0447	-77.0105	-76.9756	-76.94	-76.9038	-76.8672	-76.8303	-76.7934	-76.7569	-76.7216	-76.6884	-76.6588	-76.6348	-76.6194	-76.6166	-76.632	-76.6724	-76.7456	-76.8585
4.54	-77.1723	-77.2261	-77.2821	-77.321	-77.3418	-77.3479	-77.3429	-77.3301	-77.3117	-77.2893	-77.2642	-77.237	-77.2082	-77.1783	-77.1473	-77.1154	-77.0828	-77.0494	-77.0152	-76.9804	-76.9449	-76.9089	-76.8723	-76.8355	-76.7988	-76.7624	-76.7273	-76.6942	-76.6647	-76.6408	-76.6255	-76.6228	-76.6382	-76.6786	-76.7517	-76.8644
4.545	-77.1761	-77.2298	-77.2858	-77.3246	-77.3455	-77.3516	-77.3467	-77.3339	-77.3155	-77.2933	-77.2682	-77.2411	-77.2124	-77.1825	-77.1516	-77.1199	-77.0873	-77.054	-77.0199	-76.9852	-76.9498	-76.9139	-76.8775	-76.8408	-76.8042	-76.768	-76.7329	-76.7	-76.6706	-76.6469	-76.6316	-76.629	-76.6444	-76.6848	-76.7578	-76.8702
4.55	-77.1798	-77.2335	-77.2894	-77.3283	-77.3491	-77.3553	-77.3504	-77.3377	-77.3194	-77.2972	-77.2722	-77.2451	-77.2166	-77.1868	-77.156	-77.1243	-77.0918	-77.0586	-77.0246	-76.99	-76.9548	-76.9189	-76.8826	-76.8461	-76.8095	-76.7735	-76.7385	-76.7057	-76.6765	-76.6528	-76.6377	-76.6351	-76.6506	-76.6909	-76.7638	-76.876
4.555	-77.1835	-77.2372	-77.2931	-77.3319	-77.3528	-77.3589	-77.3541	-77.3415	-77.3232	-77.3011	-77.2762	-77.2492	-77.2207	-77.191	-77.1603	-77.1287	-77.0963	-77.0632	-77.0293	-76.9948	-76.9596	-76.9239	-76.8877	-76.8513	-76.8149	-76.7789	-76.7441	-76.7114	-76.6823	-76.6588	-76.6438	-76.6413	-76.6567	-76.697	-76.7698	-76.8818
4.56	-77.1872	-77.2409	-77.2967	-77.3356	-77.3564	-77.3626	-77.3579	-77.3453	-77.3271	-77.305	-77.2802	-77.2533	-77.2249	-77.1952	-77.1646	-77.1331	-77.1008	-77.0678	-77.034	-76.9996	-76.9645	-76.9289	-76.8929	-76.8565	-76.8202	-76.7844	-76.7497	-76.7172	-76.6882	-76.6647	-76.6498	-76.6474	-76.6629	-76.7032	-76.7758	-76.8876
4.565	-77.1909	-77.2445	-77.3003	-77.3392	-77.3601	-77.3663	-77.3616	-77.349	-77.3309	-77.3089	-77.2841	-77.2573	-77.229	-77.1994	-77.1689	-77.1375	-77.1053	-77.0723	-77.0387	-77.0043	-76.9694	-76.9339	-76.8979	-76.8617	-76.8255	-76.7898	-76.7553	-76.7229	-76.694	-76.6707	-76.6558	-76.6535	-76.669	-76.7092	-76.7818	-76.8934
4.57	-77.1946	-77.2482	-77.304	-77.3428	-77.3637	-77.37	-77.3653	-77.3528	-77.3348	-77.3128	-77.2881	-77.2614	-77.2331	-77.2036	-77.1732	-77.1418	-77.1097	-77.0769	-77.0433	-77.0091	-76.9743	-76.9389	-76.903	-76.8669	-76.8309	-76.7953	-76.7608	-76.7285	-76.6998	-76.6766	-76.6618	-76.6595	-76.6751	-76.7153	-76.7878	-76.8991
4.575	-77.1983	-77.2518	-77.3076	-77.3464	-77.3673	-77.3736	-77.369	-77.3565	-77.3386	-77.3167	-77.2921	-77.2654	-77.2372	-77.2078	-77.1774	-77.1462	-77.1142	-77.0814	-77.048	-77.0138	-76.9791	-76.9438	-76.9081	-76.8721	-76.8361	-76.8007	-76.7664	-76.7342	-76.7055	-76.6825	-76.6678	-76.6656	-76.6812	-76.7213	-76.7937	-76.9048
4.58	-77.202	-77.2555	-77.3112	-77.35	-77.3709	-77.3773	-77.3727	-77.3603	-77.3424	-77.3206	-77.296	-77.2694	-77.2413	-77.212	-77.1817	-77.1506	-77.1186	-77.0859	-77.0526	-77.0186	-76.9839	-76.9487	-76.9131	-76.8772	-76.8414	-76.8061	-76.7719	-76.7398	-76.7113	-76.6883	-76.6738	-76.6716	-76.6872	-76.7274	-76.7996	-76.9105
4.585	-77.2057	-77.2591	-77.3148	-77.3536	-77.3745	-77.3809	-77.3764	-77.364	-77.3462	-77.3244	-77.2999	-77.2734	-77.2454	-77.2162	-77.186	-77.1549	-77.123	-77.0905	-77.0572	-77.0233	-76.9887	-76.9536	-76.9181	-76.8824	-76.8467	-76.8114	-76.7774	-76.7454	-76.717	-76.6942	-76.6797	-76.6776	-76.6932	-76.7334	-76.8055	-76.9162
4.59	-77.2093	-77.2627	-77.3184	-77.3572	-77.3781	-77.3845	-77.38	-77.3678	-77.35	-77.3283	-77.3039	-77.2774	-77.2495	-77.2203	-77.1902	-77.1592	-77.1274	-77.095	-77.0618	-77.028	-76.9935	-76.9585	-76.9231	-76.8875	-76.8519	-76.8168	-76.7829	-76.751	-76.7227	-76.7	-76.6856	-76.6836	-76.6992	-76.7393	-76.8113	-76.9219
4.595	-77.213	-77.2663	-77.322	-77.3608	-77.3817	-77.3881	-77.3837	-77.3715	-77.3537	-77.3321	-77.3078	-77.2814	-77.2535	-77.2245	-77.1944	-77.1635	-77.1318	-77.0994	-77.0664	-77.0326	-76.9983	-76.9634	-76.9281	-76.8926	-76.8571	-76.8222	-76.7883	-76.7566	-76.7284	-76.7058	-76.6915	-76.6895	-76.7052	-76.7453	-76.8172	-76.9275
4.6	-77.2166	-77.27	-77.3255	-77.3643	-77.3853	-77.3917	-77.3874	-77.3752	-77.3575	-77.336	-77.3117	-77.2854	-77.2576	-77.2286	-77.1986	-77.1678	-77.1362	-77.1039	-77.0709	-77.0373	-77.0031	-76.9683	-76.9331	-76.8977	-76.8623	-76.8275	-76.7938	-76.7622	-76.7341	-76.7116	-76.6974	-76.6955	-76.7112	-76.7512	-76.823	-76.9331
4.605	-77.2203	-77.2735	-77.3291	-77.3679	-77.3889	-77.3953	-77.391	-77.3789	-77.3613	-77.3398	-77.3156	-77.2893	-77.2616	-77.2327	-77.2028	-77.1721	-77.1406	-77.1084	-77.0755	-77.042	-77.0078	-76.9732	-76.9381	-76.9028	-76.8675	-76.8328	-76.7992	-76.7677	-76.7398	-76.7173	-76.7032	-76.7014	-76.7171	-76.7571	-76.8288	-76.9387
4.61	-77.2239	-77.2771	-77.3327	-77.3714	-77.3924	-77.3989	-77.3946	-77.3826	-77.365	-77.3436	-77.3195	-77.2933	-77.2657	-77.2368	-77.207	-77.1764	-77.145	-77.1128	-77.08	-77.0466	-77.0126	-76.978	-76.943	-76.9078	-76.8727	-76.8381	-76.8046	-76.7732	-76.7454	-76.7231	-76.7091	-76.7073	-76.7231	-76.763	-76.8346	-76.9443
4.615	-77.2275	-77.2807	-77.3362	-77.375	-77.396	-77.4025	-77.3983	-77.3862	-77.3688	-77.3474	-77.3233	-77.2972	-77.2697	-77.2409	-77.2112	-77.1806	-77.1493	-77.1173	-77.0846	-77.0512	-77.0173	-76.9828	-76.948	-76.9129	-76.8779	-76.8433	-76.81	-76.7787	-76.751	-76.7288	-76.7149	-76.7132	-76.729	-76.7689	-76.8403	-76.9498
4.62	-77.2311	-77.2843	-77.3398	-77.3785	-77.3995	-77.4061	-77.4019	-77.3899	-77.3725	-77.3512	-77.3272	-77.3012	-77.2737	-77.245	-77.2154	-77.1849	-77.1536	-77.1217	-77.0891	-77.0558	-77.022	-76.9877	-76.9529	-76.9179	-76.883	-76.8486	-76.8154	-76.7842	-76.7566	-76.7345	-76.7207	-76.719	-76.7348	-76.7747	-76.8461	-76.9553
4.625	-77.2347	-77.2879	-77.3433	-77.382	-77.4031	-77.4097	-77.4055	-77.3936	-77.3762	-77.355	-77.331	-77.3051	-77.2777	-77.2491	-77.2195	-77.1891	-77.158	-77.1261	-77.0936	-77.0604	-77.0267	-76.9925	-76.9578	-76.9229	-76.8881	-76.8538	-76.8207	-76.7897	-76.7622	-76.7402	-76.7265	-76.7249	-76.7407	-76.7805	-76.8518	-76.9609
4.63	-77.2383	-77.2914	-77.3468	-77.3855	-77.4066	-77.4132	-77.4091	-77.3972	-77.3799	-77.3588	-77.3349	-77.309	-77.2817	-77.2532	-77.2237	-77.1934	-77.1623	-77.1305	-77.0981	-77.065	-77.0314	-76.9972	-76.9627	-76.9279	-76.8932	-76.8591	-76.8261	-76.7952	-76.7678	-76.7459	-76.7322	-76.7307	-76.7465	-76.7864	-76.8575	-76.9663
4.635	-77.2419	-77.295	-77.3503	-77.3891	-77.4101	-77.4168	-77.4127	-77.4009	-77.3836	-77.3625	-77.3387	-77.3129	-77.2857	-77.2572	-77.2278	-77.1976	-77.1666	-77.1349	-77.1026	-77.0696	-77.0361	-77.002	-76.9676	-76.9329	-76.8983	-76.8643	-76.8314	-76.8006	-76.7733	-76.7515	-76.7379	-76.7365	-76.7524	-76.7921	-76.8631	-76.9718
4.64	-77.2455	-77.2985	-77.3539	-77.3926	-77.4136	-77.4203	-77.4163	-77.4045	-77.3873	-77.3663	-77.3426	-77.3168	-77.2896	-77.2613	-77.2319	-77.2018	-77.1709	-77.1393	-77.107	-77.0742	-77.0407	-77.0068	-76.9724	-76.9379	-76.9034	-76.8695	-76.8367	-76.806	-76.7789	-76.7571	-76.7437	-76.7423	-76.7582	-76.7979	-76.8688	-76.9773
4.645	-77.2491	-77.3021	-77.3574	-77.396	-77.4171	-77.4239	-77.4198	-77.4081	-77.391	-77.37	-77.3464	-77.3207	-77.2936	-77.2653	-77.236	-77.206	-77.1752	-77.1437	-77.1115	-77.0787	-77.0454	-77.0115	-76.9773	-76.9428	-76.9085	-76.8746	-76.842	-76.8114	-76.7844	-76.7628	-76.7494	-76.748	-76.7639	-76.8036	-76.8744	-76.9827
4.65	-77.2527	-77.3056	-77.3608	-77.3995	-77.4206	-77.4274	-77.4234	-77.4118	-77.3947	-77.3738	-77.3502	-77.3246	-77.2975	-77.2693	-77.2402	-77.2102	-77.1794	-77.148	-77.1159	-77.0833	-77.05	-77.0163	-76.9821	-76.9478	-76.9135	-76.8798	-76.8472	-76.8168	-76.7899	-76.7683	-76.755	-76.7538	-76.7697	-76.8094	-76.88	-76.9881
4.655	-77.2562	-77.3091	-77.3643	-77.403	-77.4241	-77.4309	-77.427	-77.4154	-77.3984	-77.3775	-77.354	-77.3285	-77.3015	-77.2733	-77.2442	-77.2143	-77.1837	-77.1524	-77.1204	-77.0878	-77.0546	-77.021	-76.9869	-76.9527	-76.9186	-76.8849	-76.8525	-76.8222	-76.7953	-76.7739	-76.7607	-76.7595	-76.7754	-76.8151	-76.8856	-76.9935
4.66	-77.2598	-77.3126	-77.3678	-77.4065	-77.4276	-77.4344	-77.4305	-77.419	-77.402	-77.3812	-77.3578	-77.3323	-77.3054	-77.2773	-77.2483	-77.2185	-77.1879	-77.1567	-77.1248	-77.0923	-77.0592	-77.0257	-76.9917	-76.9576	-76.9236	-76.8901	-76.8577	-76.8275	-76.8008	-76.7795	-76.7663	-76.7652	-76.7811	-76.8207	-76.8912	-76.9989
4.665	-77.2633	-77.3161	-77.3713	-77.4099	-77.4311	-77.4379	-77.4341	-77.4226	-77.4057	-77.3849	-77.3615	-77.3362	-77.3093	-77.2813	-77.2524	-77.2226	-77.1922	-77.161	-77.1292	-77.0968	-77.0638	-77.0304	-76.9965	-76.9625	-76.9286	-76.8952	-76.863	-76.8329	-76.8062	-76.785	-76.7719	-76.7708	-76.7868	-76.8264	-76.8968	-77.0042
4.67	-77.2668	-77.3196	-77.3747	-77.4134	-77.4345	-77.4414	-77.4376	-77.4261	-77.4093	-77.3886	-77.3653	-77.34	-77.3132	-77.2853	-77.2565	-77.2268	-77.1964	-77.1653	-77.1336	-77.1013	-77.0684	-77.035	-77.0013	-76.9674	-76.9336	-76.9003	-76.8682	-76.8382	-76.8116	-76.7905	-76.7775	-76.7765	-76.7925	-76.832	-76.9023	-77.0096
4.675	-77.2704	-77.3231	-77.3782	-77.4168	-77.438	-77.4449	-77.4411	-77.4297	-77.4129	-77.3923	-77.3691	-77.3438	-77.3171	-77.2893	-77.2605	-77.2309	-77.2006	-77.1696	-77.138	-77.1057	-77.073	-77.0397	-77.0061	-76.9723	-76.9386	-76.9054	-76.8734	-76.8435	-76.8171	-76.796	-76.7831	-76.7821	-76.7982	-76.8377	-76.9078	-77.0149
4.68	-77.2739	-77.3266	-77.3817	-77.4203	-77.4414	-77.4484	-77.4446	-77.4333	-77.4166	-77.396	-77.3728	-77.3476	-77.321	-77.2933	-77.2645	-77.235	-77.2048	-77.1739	-77.1423	-77.1102	-77.0775	-77.0444	-77.0108	-76.9771	-76.9435	-76.9104	-76.8785	-76.8487	-76.8224	-76.8015	-76.7887	-76.7878	-76.8038	-76.8433	-76.9133	-77.0202
4.685	-77.2774	-77.3301	-77.3851	-77.4237	-77.4449	-77.4518	-77.4482	-77.4369	-77.4202	-77.3997	-77.3766	-77.3515	-77.3249	-77.2972	-77.2686	-77.2391	-77.209	-77.1782	-77.1467	-77.1147	-77.0821	-77.049	-77.0156	-76.982	-76.9484	-76.9155	-76.8837	-76.854	-76.8278	-76.807	-76.7942	-76.7934	-76.8094	-76.8489	-76.9188	-77.0254
4.69	-77.2809	-77.3335	-77.3885	-77.4271	-77.4483	-77.4553	-77.4517	-77.4404	-77.4238	-77.4034	-77.3803	-77.3553	-77.3288	-77.3011	-77.2726	-77.2432	-77.2132	-77.1824	-77.151	-77.1191	-77.0866	-77.0536	-77.0203	-76.9868	-76.9534	-76.9205	-76.8888	-76.8593	-76.8332	-76.8124	-76.7998	-76.7989	-76.815	-76.8544	-76.9242	-77.0307
4.695	-77.2844	-77.337	-77.392	-77.4305	-77.4517	-77.4587	-77.4551	-77.4439	-77.4274	-77.407	-77.384	-77.359	-77.3326	-77.3051	-77.2766	-77.2473	-77.2173	-77.1867	-77.1554	-77.1235	-77.0911	-77.0582	-77.025	-76.9916	-76.9583	-76.9255	-76.894	-76.8645	-76.8385	-76.8179	-76.8053	-76.8045	-76.8206	-76.86	-76.9297	-77.0359
4.7	-77.2879	-77.3405	-77.3954	-77.4339	-77.4551	-77.4622	-77.4586	-77.4475	-77.431	-77.4107	-77.3877	-77.3628	-77.3365	-77.309	-77.2806	-77.2514	-77.2215	-77.1909	-77.1597	-77.1279	-77.0956	-77.0628	-77.0297	-76.9964	-76.9632	-76.9305	-76.8991	-76.8697	-76.8438	-76.8233	-76.8108	-76.8101	-76.8262	-76.8655	-76.9351	-77.0412
4.705	-77.2914	-77.3439	-77.3988	-77.4373	-77.4586	-77.4656	-77.4621	-77.451	-77.4345	-77.4143	-77.3914	-77.3666	-77.3403	-77.3129	-77.2846	-77.2555	-77.2256	-77.1951	-77.164	-77.1323	-77.1001	-77.0674	-77.0344	-77.0012	-76.9681	-76.9355	-76.9042	-76.8749	-76.8491	-76.8287	-76.8162	-76.8156	-76.8317	-76.871	-76.9405	-77.0464
4.71	-77.2949	-77.3473	-77.4022	-77.4407	-77.462	-77.469	-77.4656	-77.4545	-77.4381	-77.418	-77.3951	-77.3704	-77.3441	-77.3168	-77.2886	-77.2595	-77.2298	-77.1993	-77.1683	-77.1367	-77.1046	-77.072	-77.039	-77.0059	-76.9729	-76.9405	-76.9092	-76.8801	-76.8544	-76.834	-76.8217	-76.8211	-76.8372	-76.8765	-76.9459	-77.0515
4.715	-77.2983	-77.3508	-77.4056	-77.4441	-77.4654	-77.4725	-77.469	-77.458	-77.4417	-77.4216	-77.3988	-77.3741	-77.348	-77.3207	-77.2925	-77.2636	-77.2339	-77.2035	-77.1726	-77.1411	-77.109	-77.0765	-77.0437	-77.0107	-76.9778	-76.9455	-76.9143	-76.8853	-76.8597	-76.8394	-76.8271	-76.8266	-76.8428	-76.882	-76.9512	-77.0567
4.72	-77.3018	-77.3542	-77.409	-77.4475	-77.4687	-77.4759	-77.4725	-77.4615	-77.4452	-77.4252	-77.4025	-77.3779	-77.3518	-77.3246	-77.2965	-77.2676	-77.238	-77.2077	-77.1769	-77.1454	-77.1135	-77.0811	-77.0483	-77.0154	-76.9826	-76.9504	-76.9193	-76.8904	-76.8649	-76.8447	-76.8326	-76.832	-76.8482	-76.8874	-76.9566	-77.0619
4.725	-77.3053	-77.3576	-77.4124	-77.4509	-77.4721	-77.4793	-77.4759	-77.465	-77.4488	-77.4288	-77.4062	-77.3816	-77.3556	-77.3285	-77.3004	-77.2716	-77.2421	-77.2119	-77.1811	-77.1498	-77.1179	-77.0856	-77.053	-77.0201	-76.9875	-76.9553	-76.9244	-76.8955	-76.8701	-76.8501	-76.838	-76.8375	-76.8537	-76.8928	-76.9619	-77.067
4.73	-77.3087	-77.361	-77.4157	-77.4542	-77.4755	-77.4827	-77.4794	-77.4685	-77.4523	-77.4324	-77.4098	-77.3853	-77.3594	-77.3323	-77.3044	-77.2756	-77.2462	-77.2161	-77.1854	-77.1541	-77.1224	-77.0901	-77.0576	-77.0249	-76.9923	-76.9602	-76.9294	-76.9007	-76.8754	-76.8554	-76.8433	-76.8429	-76.8592	-76.8982	-76.9672	-77.0721
4.735	-77.3122	-77.3644	-77.4191	-77.4576	-77.4789	-77.4861	-77.4828	-77.472	-77.4558	-77.436	-77.4135	-77.389	-77.3632	-77.3362	-77.3083	-77.2796	-77.2503	-77.2202	-77.1896	-77.1585	-77.1268	-77.0946	-77.0622	-77.0296	-76.9971	-76.9651	-76.9344	-76.9058	-76.8806	-76.8607	-76.8487	-76.8484	-76.8646	-76.9036	-76.9725	-77.0772
4.74	-77.3156	-77.3678	-77.4225	-77.4609	-77.4822	-77.4894	-77.4862	-77.4754	-77.4594	-77.4396	-77.4171	-77.3927	-77.3669	-77.34	-77.3122	-77.2836	-77.2543	-77.2244	-77.1939	-77.1628	-77.1312	-77.0991	-77.0668	-77.0342	-77.0019	-76.97	-76.9394	-76.9109	-76.8857	-76.8659	-76.854	-76.8538	-76.87	-76.909	-76.9778	-77.0823
4.745	-77.319	-77.3712	-77.4258	-77.4643	-77.4855	-77.4928	-77.4896	-77.4789	-77.4629	-77.4431	-77.4207	-77.3964	-77.3707	-77.3439	-77.3161	-77.2876	-77.2584	-77.2285	-77.1981	-77.1671	-77.1356	-77.1036	-77.0713	-77.0389	-77.0066	-76.9749	-76.9444	-76.9159	-76.8909	-76.8712	-76.8594	-76.8591	-76.8754	-76.9144	-76.983	-77.0873
4.75	-77.3224	-77.3746	-77.4292	-77.4676	-77.4889	-77.4962	-77.493	-77.4824	-77.4664	-77.4467	-77.4244	-77.4001	-77.3745	-77.3477	-77.32	-77.2916	-77.2624	-77.2327	-77.2023	-77.1714	-77.1399	-77.1081	-77.0759	-77.0436	-77.0114	-76.9798	-76.9493	-76.921	-76.8961	-76.8764	-76.8647	-76.8645	-76.8808	-76.9197	-76.9882	-77.0924
4.755	-77.3259	-77.378	-77.4325	-77.4709	-77.4922	-77.4995	-77.4964	-77.4858	-77.4699	-77.4502	-77.428	-77.4038	-77.3782	-77.3515	-77.3239	-77.2955	-77.2665	-77.2368	-77.2065	-77.1757	-77.1443	-77.1125	-77.0804	-77.0482	-77.0161	-76.9846	-76.9543	-76.926	-76.9012	-76.8817	-76.87	-76.8698	-76.8861	-76.925	-76.9935	-77.0974
4.76	-77.3293	-77.3813	-77.4358	-77.4742	-77.4956	-77.5029	-77.4998	-77.4892	-77.4734	-77.4538	-77.4316	-77.4075	-77.3819	-77.3553	-77.3278	-77.2995	-77.2705	-77.2409	-77.2107	-77.1799	-77.1487	-77.117	-77.085	-77.0528	-77.0209	-76.9894	-76.9592	-76.9311	-76.9063	-76.8869	-76.8753	-76.8752	-76.8915	-76.9304	-76.9986	-77.1024
4.765	-77.3327	-77.3847	-77.4391	-77.4775	-77.4989	-77.5062	-77.5032	-77.4927	-77.4769	-77.4573	-77.4352	-77.4111	-77.3857	-77.3591	-77.3316	-77.3034	-77.2745	-77.245	-77.2148	-77.1842	-77.153	-77.1214	-77.0895	-77.0575	-77.0256	-76.9942	-76.9641	-76.9361	-76.9114	-76.8921	-76.8805	-76.8805	-76.8968	-76.9356	-77.0038	-77.1074
4.77	-77.3361	-77.388	-77.4425	-77.4809	-77.5022	-77.5096	-77.5066	-77.4961	-77.4803	-77.4609	-77.4388	-77.4148	-77.3894	-77.3629	-77.3355	-77.3073	-77.2785	-77.2491	-77.219	-77.1884	-77.1573	-77.1258	-77.094	-77.0621	-77.0303	-76.999	-76.969	-76.9411	-76.9165	-76.8972	-76.8858	-76.8858	-76.9021	-76.9409	-77.009	-77.1124
4.775	-77.3394	-77.3914	-77.4458	-77.4841	-77.5055	-77.5129	-77.5099	-77.4995	-77.4838	-77.4644	-77.4423	-77.4184	-77.3931	-77.3667	-77.3393	-77.3113	-77.2825	-77.2531	-77.2232	-77.1927	-77.1617	-77.1302	-77.0985	-77.0667	-77.035	-77.0038	-76.9739	-76.946	-76.9216	-76.9024	-76.891	-76.8911	-76.9074	-76.9462	-77.0141	-77.1173
4.78	-77.3428	-77.3947	-77.4491	-77.4874	-77.5088	-77.5162	-77.5133	-77.5029	-77.4872	-77.4679	-77.4459	-77.4221	-77.3968	-77.3704	-77.3432	-77.3152	-77.2865	-77.2572	-77.2273	-77.1969	-77.166	-77.1346	-77.103	-77.0712	-77.0396	-77.0086	-76.9787	-76.951	-76.9267	-76.9075	-76.8962	-76.8963	-76.9127	-76.9514	-77.0193	-77.1223
4.785	-77.3462	-77.398	-77.4524	-77.4907	-77.5121	-77.5195	-77.5166	-77.5063	-77.4907	-77.4714	-77.4495	-77.4257	-77.4005	-77.3742	-77.347	-77.3191	-77.2905	-77.2612	-77.2314	-77.2011	-77.1703	-77.139	-77.1075	-77.0758	-77.0443	-77.0133	-76.9836	-76.9559	-76.9317	-76.9127	-76.9014	-76.9016	-76.9179	-76.9566	-77.0244	-77.1272
4.79	-77.3495	-77.4014	-77.4556	-77.494	-77.5154	-77.5229	-77.52	-77.5097	-77.4941	-77.4749	-77.453	-77.4293	-77.4042	-77.3779	-77.3508	-77.323	-77.2944	-77.2653	-77.2355	-77.2053	-77.1745	-77.1434	-77.1119	-77.0804	-77.0489	-77.0181	-76.9884	-76.9609	-76.9367	-76.9178	-76.9066	-76.9068	-76.9232	-76.9618	-77.0295	-77.1321
4.795	-77.3529	-77.4047	-77.4589	-77.4973	-77.5186	-77.5261	-77.5233	-77.5131	-77.4976	-77.4784	-77.4566	-77.4329	-77.4078	-77.3817	-77.3546	-77.3268	-77.2984	-77.2693	-77.2397	-77.2095	-77.1788	-77.1477	-77.1164	-77.0849	-77.0536	-77.0228	-76.9933	-76.9658	-76.9417	-76.9229	-76.9118	-76.912	-76.9284	-76.967	-77.0346	-77.137
4.8	-77.3563	-77.408	-77.4622	-77.5005	-77.5219	-77.5294	-77.5266	-77.5164	-77.501	-77.4819	-77.4601	-77.4365	-77.4115	-77.3854	-77.3584	-77.3307	-77.3023	-77.2733	-77.2438	-77.2137	-77.1831	-77.1521	-77.1208	-77.0894	-77.0582	-77.0275	-76.9981	-76.9707	-76.9467	-76.9279	-76.9169	-76.9172	-76.9336	-76.9722	-77.0396	-77.1419
4.805	-77.3596	-77.4113	-77.4655	-77.5038	-77.5252	-77.5327	-77.53	-77.5198	-77.5044	-77.4853	-77.4637	-77.4401	-77.4151	-77.3891	-77.3622	-77.3346	-77.3063	-77.2773	-77.2478	-77.2178	-77.1873	-77.1564	-77.1252	-77.0939	-77.0628	-77.0322	-77.0029	-76.9756	-76.9517	-76.933	-76.922	-76.9224	-76.9388	-76.9773	-77.0447	-77.1467
4.81	-77.3629	-77.4146	-77.4687	-77.507	-77.5284	-77.536	-77.5333	-77.5232	-77.5078	-77.4888	-77.4672	-77.4437	-77.4188	-77.3928	-77.366	-77.3384	-77.3102	-77.2813	-77.2519	-77.222	-77.1916	-77.1608	-77.1296	-77.0984	-77.0674	-77.0369	-77.0076	-76.9805	-76.9567	-76.938	-76.9272	-76.9275	-76.944	-76.9824	-77.0497	-77.1516
4.815	-77.3663	-77.4179	-77.472	-77.5102	-77.5317	-77.5393	-77.5366	-77.5265	-77.5112	-77.4922	-77.4707	-77.4473	-77.4224	-77.3965	-77.3698	-77.3423	-77.3141	-77.2853	-77.256	-77.2261	-77.1958	-77.1651	-77.134	-77.1029	-77.072	-77.0416	-77.0124	-76.9853	-76.9616	-76.9431	-76.9323	-76.9327	-76.9491	-76.9876	-77.0547	-77.1564
4.82	-77.3696	-77.4212	-77.4752	-77.5135	-77.5349	-77.5425	-77.5399	-77.5299	-77.5146	-77.4957	-77.4742	-77.4508	-77.4261	-77.4002	-77.3735	-77.3461	-77.318	-77.2893	-77.26	-77.2303	-77.2	-77.1694	-77.1384	-77.1074	-77.0765	-77.0462	-77.0172	-76.9902	-76.9666	-76.9481	-76.9373	-76.9378	-76.9542	-76.9927	-77.0597	-77.1612
4.825	-77.3729	-77.4244	-77.4785	-77.5167	-77.5381	-77.5458	-77.5432	-77.5332	-77.518	-77.4991	-77.4777	-77.4544	-77.4297	-77.4039	-77.3773	-77.3499	-77.3219	-77.2933	-77.2641	-77.2344	-77.2042	-77.1736	-77.1428	-77.1119	-77.0811	-77.0509	-77.0219	-76.995	-76.9715	-76.9531	-76.9424	-76.9429	-76.9594	-76.9977	-77.0647	-77.166
4.83	-77.3762	-77.4277	-77.4817	-77.5199	-77.5413	-77.549	-77.5465	-77.5365	-77.5214	-77.5026	-77.4812	-77.4579	-77.4333	-77.4076	-77.381	-77.3537	-77.3258	-77.2972	-77.2681	-77.2385	-77.2084	-77.1779	-77.1472	-77.1163	-77.0856	-77.0555	-77.0266	-76.9998	-76.9764	-76.9581	-76.9475	-76.948	-76.9645	-77.0028	-77.0696	-77.1708
4.835	-77.3795	-77.431	-77.4849	-77.5231	-77.5446	-77.5523	-77.5497	-77.5398	-77.5247	-77.506	-77.4847	-77.4615	-77.4369	-77.4113	-77.3848	-77.3575	-77.3296	-77.3012	-77.2721	-77.2426	-77.2126	-77.1822	-77.1515	-77.1208	-77.0902	-77.0602	-77.0313	-77.0046	-76.9813	-76.9631	-76.9525	-76.9531	-76.9696	-77.0079	-77.0746	-77.1756
4.84	-77.3828	-77.4342	-77.4881	-77.5263	-77.5478	-77.5555	-77.553	-77.5431	-77.5281	-77.5094	-77.4881	-77.465	-77.4405	-77.4149	-77.3885	-77.3613	-77.3335	-77.3051	-77.2761	-77.2467	-77.2168	-77.1864	-77.1559	-77.1252	-77.0947	-77.0648	-77.036	-77.0094	-76.9862	-76.968	-76.9575	-76.9582	-76.9746	-77.0129	-77.0795	-77.1803
4.845	-77.3861	-77.4375	-77.4913	-77.5295	-77.551	-77.5587	-77.5563	-77.5464	-77.5314	-77.5128	-77.4916	-77.4685	-77.4441	-77.4186	-77.3922	-77.3651	-77.3374	-77.309	-77.2801	-77.2508	-77.2209	-77.1907	-77.1602	-77.1296	-77.0992	-77.0694	-77.0407	-77.0142	-76.991	-76.973	-76.9625	-76.9632	-76.9797	-77.0179	-77.0844	-77.185
4.85	-77.3894	-77.4407	-77.4946	-77.5327	-77.5542	-77.562	-77.5595	-77.5497	-77.5348	-77.5162	-77.495	-77.472	-77.4476	-77.4222	-77.3959	-77.3689	-77.3412	-77.3129	-77.2841	-77.2548	-77.2251	-77.1949	-77.1645	-77.134	-77.1037	-77.0739	-77.0454	-77.019	-76.9959	-76.9779	-76.9675	-76.9682	-76.9847	-77.0229	-77.0893	-77.1898
4.855	-77.3927	-77.4439	-77.4977	-77.5359	-77.5574	-77.5652	-77.5628	-77.553	-77.5381	-77.5196	-77.4985	-77.4755	-77.4512	-77.4258	-77.3996	-77.3726	-77.345	-77.3168	-77.2881	-77.2589	-77.2292	-77.1991	-77.1688	-77.1384	-77.1081	-77.0785	-77.0501	-77.0237	-77.0007	-76.9828	-76.9725	-76.9733	-76.9898	-77.0279	-77.0942	-77.1945
4.86	-77.3959	-77.4472	-77.5009	-77.5391	-77.5605	-77.5684	-77.566	-77.5563	-77.5415	-77.523	-77.5019	-77.479	-77.4548	-77.4295	-77.4033	-77.3764	-77.3489	-77.3207	-77.2921	-77.2629	-77.2333	-77.2033	-77.1731	-77.1428	-77.1126	-77.0831	-77.0547	-77.0284	-77.0055	-76.9877	-76.9774	-76.9782	-76.9948	-77.0329	-77.0991	-77.1991
4.865	-77.3992	-77.4504	-77.5041	-77.5423	-77.5637	-77.5716	-77.5692	-77.5596	-77.5448	-77.5264	-77.5054	-77.4825	-77.4583	-77.4331	-77.407	-77.3801	-77.3527	-77.3246	-77.2961	-77.267	-77.2374	-77.2075	-77.1774	-77.1471	-77.1171	-77.0876	-77.0593	-77.0332	-77.0103	-76.9926	-76.9824	-76.9832	-76.9998	-77.0378	-77.1039	-77.2038
4.87	-77.4025	-77.4536	-77.5073	-77.5454	-77.5669	-77.5748	-77.5725	-77.5629	-77.5481	-77.5297	-77.5088	-77.486	-77.4619	-77.4367	-77.4106	-77.3839	-77.3565	-77.3285	-77.3	-77.271	-77.2415	-77.2117	-77.1816	-77.1515	-77.1215	-77.0921	-77.064	-77.0379	-77.0151	-76.9974	-76.9873	-76.9882	-77.0047	-77.0427	-77.1087	-77.2085
4.875	-77.4057	-77.4568	-77.5105	-77.5486	-77.5701	-77.5779	-77.5757	-77.5661	-77.5514	-77.5331	-77.5122	-77.4895	-77.4654	-77.4403	-77.4143	-77.3876	-77.3603	-77.3324	-77.3039	-77.275	-77.2456	-77.2159	-77.1859	-77.1558	-77.1259	-77.0966	-77.0686	-77.0426	-77.0199	-77.0023	-76.9922	-76.9932	-77.0097	-77.0477	-77.1136	-77.2131
4.88	-77.4089	-77.46	-77.5136	-77.5517	-77.5732	-77.5811	-77.5789	-77.5694	-77.5547	-77.5364	-77.5156	-77.4929	-77.4689	-77.4439	-77.4179	-77.3913	-77.3641	-77.3362	-77.3079	-77.279	-77.2497	-77.2201	-77.1901	-77.1601	-77.1303	-77.1011	-77.0732	-77.0472	-77.0246	-77.0071	-76.9971	-76.9981	-77.0146	-77.0526	-77.1184	-77.2177
4.885	-77.4122	-77.4632	-77.5168	-77.5549	-77.5764	-77.5843	-77.5821	-77.5726	-77.558	-77.5398	-77.519	-77.4964	-77.4724	-77.4474	-77.4216	-77.395	-77.3678	-77.3401	-77.3118	-77.283	-77.2538	-77.2242	-77.1944	-77.1645	-77.1347	-77.1056	-77.0777	-77.0519	-77.0294	-77.0119	-77.002	-77.003	-77.0196	-77.0575	-77.1232	-77.2224
4.89	-77.4154	-77.4664	-77.5199	-77.558	-77.5795	-77.5875	-77.5853	-77.5759	-77.5613	-77.5431	-77.5224	-77.4999	-77.476	-77.451	-77.4252	-77.3987	-77.3716	-77.3439	-77.3157	-77.287	-77.2579	-77.2283	-77.1986	-77.1688	-77.1391	-77.1101	-77.0823	-77.0566	-77.0341	-77.0168	-77.0069	-77.0079	-77.0245	-77.0623	-77.1279	-77.2269
4.895	-77.4186	-77.4696	-77.5231	-77.5611	-77.5826	-77.5906	-77.5885	-77.5791	-77.5646	-77.5464	-77.5258	-77.5033	-77.4795	-77.4546	-77.4288	-77.4024	-77.3754	-77.3477	-77.3196	-77.291	-77.2619	-77.2325	-77.2028	-77.1731	-77.1435	-77.1146	-77.0868	-77.0612	-77.0388	-77.0215	-77.0117	-77.0128	-77.0294	-77.0672	-77.1327	-77.2315
4.9	-77.4219	-77.4727	-77.5262	-77.5642	-77.5858	-77.5938	-77.5917	-77.5823	-77.5678	-77.5498	-77.5292	-77.5067	-77.4829	-77.4581	-77.4325	-77.4061	-77.3791	-77.3516	-77.3235	-77.2949	-77.2659	-77.2366	-77.207	-77.1773	-77.1479	-77.119	-77.0914	-77.0658	-77.0435	-77.0263	-77.0166	-77.0177	-77.0343	-77.072	-77.1374	-77.2361
4.905	-77.4251	-77.4759	-77.5294	-77.5674	-77.5889	-77.5969	-77.5948	-77.5855	-77.5711	-77.5531	-77.5325	-77.5101	-77.4864	-77.4617	-77.4361	-77.4098	-77.3829	-77.3554	-77.3274	-77.2989	-77.27	-77.2407	-77.2112	-77.1816	-77.1522	-77.1235	-77.0959	-77.0704	-77.0482	-77.0311	-77.0214	-77.0226	-77.0391	-77.0769	-77.1422	-77.2406
4.91	-77.4283	-77.4791	-77.5325	-77.5705	-77.592	-77.6	-77.598	-77.5887	-77.5744	-77.5564	-77.5359	-77.5136	-77.4899	-77.4652	-77.4397	-77.4134	-77.3866	-77.3592	-77.3312	-77.3028	-77.274	-77.2448	-77.2154	-77.1859	-77.1566	-77.1279	-77.1004	-77.075	-77.0529	-77.0358	-77.0262	-77.0274	-77.044	-77.0817	-77.1469	-77.2452
4.915	-77.4315	-77.4822	-77.5356	-77.5736	-77.5951	-77.6032	-77.6012	-77.5919	-77.5776	-77.5597	-77.5392	-77.517	-77.4934	-77.4687	-77.4433	-77.4171	-77.3903	-77.363	-77.3351	-77.3068	-77.278	-77.2489	-77.2195	-77.1901	-77.1609	-77.1323	-77.1049	-77.0796	-77.0576	-77.0406	-77.031	-77.0322	-77.0488	-77.0865	-77.1516	-77.2497
4.92	-77.4347	-77.4854	-77.5387	-77.5767	-77.5982	-77.6063	-77.6043	-77.5951	-77.5808	-77.563	-77.5426	-77.5204	-77.4968	-77.4723	-77.4468	-77.4207	-77.394	-77.3667	-77.339	-77.3107	-77.282	-77.253	-77.2237	-77.1944	-77.1652	-77.1367	-77.1094	-77.0842	-77.0622	-77.0453	-77.0358	-77.0371	-77.0537	-77.0913	-77.1563	-77.2542
4.925	-77.4378	-77.4885	-77.5418	-77.5798	-77.6013	-77.6094	-77.6075	-77.5983	-77.5841	-77.5663	-77.5459	-77.5238	-77.5003	-77.4758	-77.4504	-77.4244	-77.3977	-77.3705	-77.3428	-77.3146	-77.286	-77.257	-77.2278	-77.1986	-77.1695	-77.1411	-77.1139	-77.0887	-77.0669	-77.05	-77.0406	-77.0419	-77.0585	-77.096	-77.1609	-77.2587
4.93	-77.441	-77.4917	-77.5449	-77.5828	-77.6044	-77.6125	-77.6106	-77.6015	-77.5873	-77.5695	-77.5493	-77.5272	-77.5037	-77.4793	-77.454	-77.428	-77.4014	-77.3743	-77.3466	-77.3185	-77.29	-77.2611	-77.232	-77.2028	-77.1738	-77.1455	-77.1184	-77.0933	-77.0715	-77.0547	-77.0453	-77.0467	-77.0633	-77.1008	-77.1656	-77.2632
4.935	-77.4442	-77.4948	-77.548	-77.5859	-77.6075	-77.6156	-77.6137	-77.6047	-77.5905	-77.5728	-77.5526	-77.5305	-77.5072	-77.4828	-77.4575	-77.4316	-77.4051	-77.378	-77.3504	-77.3224	-77.2939	-77.2651	-77.2361	-77.207	-77.1781	-77.1499	-77.1228	-77.0978	-77.0761	-77.0594	-77.0501	-77.0514	-77.068	-77.1055	-77.1702	-77.2677
4.94	-77.4474	-77.4979	-77.5511	-77.589	-77.6105	-77.6187	-77.6169	-77.6078	-77.5937	-77.5761	-77.5559	-77.5339	-77.5106	-77.4862	-77.4611	-77.4352	-77.4088	-77.3818	-77.3543	-77.3263	-77.2979	-77.2692	-77.2402	-77.2112	-77.1824	-77.1542	-77.1273	-77.1023	-77.0807	-77.0641	-77.0548	-77.0562	-77.0728	-77.1103	-77.1749	-77.2721
4.945	-77.4505	-77.501	-77.5542	-77.5921	-77.6136	-77.6218	-77.62	-77.611	-77.5969	-77.5793	-77.5592	-77.5373	-77.514	-77.4897	-77.4646	-77.4388	-77.4124	-77.3855	-77.3581	-77.3302	-77.3018	-77.2732	-77.2443	-77.2154	-77.1867	-77.1586	-77.1317	-77.1068	-77.0853	-77.0687	-77.0595	-77.061	-77.0776	-77.115	-77.1795	-77.2766
4.95	-77.4537	-77.5041	-77.5573	-77.5951	-77.6167	-77.6249	-77.6231	-77.6142	-77.6001	-77.5826	-77.5625	-77.5406	-77.5174	-77.4932	-77.4682	-77.4424	-77.4161	-77.3892	-77.3619	-77.334	-77.3058	-77.2772	-77.2484	-77.2195	-77.1909	-77.1629	-77.1361	-77.1113	-77.0899	-77.0734	-77.0642	-77.0657	-77.0823	-77.1197	-77.1841	-77.281
4.955	-77.4568	-77.5072	-77.5603	-77.5982	-77.6197	-77.628	-77.6262	-77.6173	-77.6033	-77.5858	-77.5658	-77.544	-77.5208	-77.4967	-77.4717	-77.446	-77.4198	-77.3929	-77.3656	-77.3379	-77.3097	-77.2812	-77.2525	-77.2237	-77.1951	-77.1672	-77.1405	-77.1158	-77.0944	-77.078	-77.0689	-77.0704	-77.087	-77.1244	-77.1886	-77.2854
4.96	-77.46	-77.5103	-77.5634	-77.6012	-77.6228	-77.631	-77.6293	-77.6204	-77.6065	-77.589	-77.5691	-77.5473	-77.5242	-77.5001	-77.4752	-77.4496	-77.4234	-77.3967	-77.3694	-77.3417	-77.3136	-77.2852	-77.2565	-77.2278	-77.1994	-77.1715	-77.1449	-77.1203	-77.099	-77.0826	-77.0735	-77.0751	-77.0917	-77.129	-77.1932	-77.2898
4.965	-77.4631	-77.5134	-77.5664	-77.6043	-77.6258	-77.6341	-77.6324	-77.6236	-77.6097	-77.5923	-77.5723	-77.5506	-77.5276	-77.5036	-77.4787	-77.4532	-77.427	-77.4003	-77.3732	-77.3456	-77.3175	-77.2892	-77.2606	-77.232	-77.2036	-77.1758	-77.1493	-77.1248	-77.1035	-77.0872	-77.0782	-77.0798	-77.0964	-77.1337	-77.1978	-77.2942
4.97	-77.4662	-77.5165	-77.5695	-77.6073	-77.6289	-77.6371	-77.6355	-77.6267	-77.6129	-77.5955	-77.5756	-77.554	-77.531	-77.507	-77.4822	-77.4567	-77.4306	-77.404	-77.3769	-77.3494	-77.3214	-77.2931	-77.2646	-77.2361	-77.2078	-77.1801	-77.1536	-77.1292	-77.108	-77.0918	-77.0828	-77.0845	-77.1011	-77.1383	-77.2023	-77.2985
4.975	-77.4694	-77.5196	-77.5725	-77.6103	-77.6319	-77.6402	-77.6386	-77.6298	-77.616	-77.5987	-77.5789	-77.5573	-77.5344	-77.5104	-77.4857	-77.4603	-77.4343	-77.4077	-77.3807	-77.3532	-77.3253	-77.2971	-77.2687	-77.2402	-77.212	-77.1844	-77.158	-77.1336	-77.1125	-77.0964	-77.0875	-77.0891	-77.1058	-77.1429	-77.2068	-77.3029
4.98	-77.4725	-77.5227	-77.5756	-77.6133	-77.6349	-77.6432	-77.6416	-77.6329	-77.6192	-77.6019	-77.5821	-77.5606	-77.5377	-77.5138	-77.4892	-77.4638	-77.4379	-77.4114	-77.3844	-77.357	-77.3292	-77.301	-77.2727	-77.2443	-77.2162	-77.1886	-77.1623	-77.1381	-77.117	-77.1009	-77.0921	-77.0938	-77.1104	-77.1476	-77.2113	-77.3072
4.985	-77.4756	-77.5257	-77.5786	-77.6163	-77.6379	-77.6463	-77.6447	-77.636	-77.6223	-77.6051	-77.5854	-77.5639	-77.5411	-77.5173	-77.4926	-77.4673	-77.4415	-77.415	-77.3881	-77.3608	-77.3331	-77.305	-77.2767	-77.2484	-77.2203	-77.1929	-77.1666	-77.1425	-77.1215	-77.1055	-77.0967	-77.0984	-77.1151	-77.1521	-77.2158	-77.3116
4.99	-77.4787	-77.5288	-77.5816	-77.6194	-77.6409	-77.6493	-77.6478	-77.6391	-77.6255	-77.6083	-77.5886	-77.5672	-77.5444	-77.5207	-77.4961	-77.4709	-77.4451	-77.4187	-77.3919	-77.3646	-77.3369	-77.3089	-77.2807	-77.2525	-77.2245	-77.1971	-77.171	-77.1469	-77.126	-77.11	-77.1013	-77.1031	-77.1197	-77.1567	-77.2203	-77.3159
4.995	-77.4818	-77.5319	-77.5846	-77.6224	-77.644	-77.6523	-77.6508	-77.6422	-77.6286	-77.6115	-77.5919	-77.5705	-77.5478	-77.5241	-77.4996	-77.4744	-77.4486	-77.4223	-77.3956	-77.3684	-77.3408	-77.3128	-77.2847	-77.2566	-77.2286	-77.2013	-77.1753	-77.1512	-77.1304	-77.1145	-77.1059	-77.1077	-77.1243	-77.1613	-77.2248	-77.3202
5	-77.4849	-77.5349	-77.5876	-77.6254	-77.6469	-77.6553	-77.6539	-77.6453	-77.6317	-77.6146	-77.5951	-77.5737	-77.5511	-77.5275	-77.503	-77.4779	-77.4522	-77.426	-77.3993	-77.3721	-77.3446	-77.3167	-77.2887	-77.2606	-77.2328	-77.2056	-77.1796	-77.1556	-77.1349	-77.119	-77.1104	-77.1123	-77.1289	-77.1659	-77.2293	-77.3245
5.005	-77.488	-77.5379	-77.5907	-77.6283	-77.6499	-77.6584	-77.6569	-77.6484	-77.6349	-77.6178	-77.5983	-77.577	-77.5544	-77.5308	-77.5064	-77.4814	-77.4558	-77.4296	-77.403	-77.3759	-77.3484	-77.3206	-77.2927	-77.2647	-77.2369	-77.2098	-77.1838	-77.16	-77.1393	-77.1235	-77.115	-77.1168	-77.1335	-77.1704	-77.2337	-77.3288
5.01	-77.4911	-77.541	-77.5937	-77.6313	-77.6529	-77.6614	-77.66	-77.6515	-77.638	-77.621	-77.6015	-77.5803	-77.5577	-77.5342	-77.5099	-77.4849	-77.4593	-77.4332	-77.4066	-77.3796	-77.3522	-77.3245	-77.2966	-77.2687	-77.241	-77.214	-77.1881	-77.1643	-77.1437	-77.128	-77.1195	-77.1214	-77.1381	-77.1749	-77.2381	-77.333
5.015	-77.4941	-77.544	-77.5966	-77.6343	-77.6559	-77.6644	-77.663	-77.6545	-77.6411	-77.6241	-77.6047	-77.5835	-77.5611	-77.5376	-77.5133	-77.4884	-77.4629	-77.4368	-77.4103	-77.3834	-77.356	-77.3284	-77.3006	-77.2727	-77.2451	-77.2181	-77.1924	-77.1686	-77.1481	-77.1325	-77.124	-77.126	-77.1426	-77.1794	-77.2426	-77.3373
5.02	-77.4972	-77.547	-77.5996	-77.6373	-77.6589	-77.6674	-77.666	-77.6576	-77.6442	-77.6273	-77.6079	-77.5868	-77.5644	-77.5409	-77.5167	-77.4918	-77.4664	-77.4404	-77.414	-77.3871	-77.3598	-77.3323	-77.3045	-77.2767	-77.2492	-77.2223	-77.1966	-77.173	-77.1525	-77.137	-77.1285	-77.1305	-77.1472	-77.1839	-77.247	-77.3415
5.025	-77.5003	-77.5501	-77.6026	-77.6402	-77.6618	-77.6703	-77.669	-77.6606	-77.6473	-77.6304	-77.6111	-77.59	-77.5676	-77.5443	-77.5201	-77.4953	-77.4699	-77.444	-77.4176	-77.3908	-77.3636	-77.3362	-77.3085	-77.2808	-77.2533	-77.2265	-77.2009	-77.1773	-77.1569	-77.1414	-77.133	-77.135	-77.1517	-77.1884	-77.2514	-77.3457
5.03	-77.5033	-77.5531	-77.6056	-77.6432	-77.6648	-77.6733	-77.672	-77.6637	-77.6504	-77.6336	-77.6143	-77.5933	-77.5709	-77.5476	-77.5235	-77.4988	-77.4734	-77.4476	-77.4213	-77.3945	-77.3674	-77.34	-77.3124	-77.2848	-77.2574	-77.2306	-77.2051	-77.1816	-77.1613	-77.1458	-77.1375	-77.1395	-77.1562	-77.1929	-77.2557	-77.35
5.035	-77.5064	-77.5561	-77.6086	-77.6461	-77.6678	-77.6763	-77.675	-77.6667	-77.6534	-77.6367	-77.6175	-77.5965	-77.5742	-77.551	-77.5269	-77.5022	-77.477	-77.4512	-77.4249	-77.3982	-77.3712	-77.3438	-77.3163	-77.2887	-77.2614	-77.2348	-77.2093	-77.1859	-77.1656	-77.1503	-77.142	-77.1441	-77.1607	-77.1974	-77.2601	-77.3542
5.04	-77.5094	-77.5591	-77.6115	-77.6491	-77.6707	-77.6793	-77.678	-77.6698	-77.6565	-77.6398	-77.6206	-77.5997	-77.5775	-77.5543	-77.5303	-77.5057	-77.4805	-77.4547	-77.4286	-77.4019	-77.375	-77.3477	-77.3202	-77.2927	-77.2655	-77.2389	-77.2135	-77.1901	-77.17	-77.1547	-77.1465	-77.1485	-77.1652	-77.2018	-77.2645	-77.3584
5.045	-77.5125	-77.5621	-77.6145	-77.652	-77.6737	-77.6822	-77.681	-77.6728	-77.6596	-77.6429	-77.6238	-77.6029	-77.5808	-77.5576	-77.5337	-77.5091	-77.484	-77.4583	-77.4322	-77.4056	-77.3787	-77.3515	-77.3241	-77.2967	-77.2695	-77.243	-77.2177	-77.1944	-77.1743	-77.1591	-77.1509	-77.153	-77.1697	-77.2063	-77.2688	-77.3625
5.05	-77.5155	-77.5651	-77.6174	-77.655	-77.6766	-77.6852	-77.684	-77.6758	-77.6627	-77.646	-77.627	-77.6061	-77.584	-77.5609	-77.5371	-77.5125	-77.4874	-77.4618	-77.4358	-77.4093	-77.3825	-77.3553	-77.328	-77.3006	-77.2736	-77.2471	-77.2219	-77.1987	-77.1786	-77.1634	-77.1553	-77.1575	-77.1741	-77.2107	-77.2731	-77.3667
5.055	-77.5185	-77.5681	-77.6204	-77.6579	-77.6795	-77.6881	-77.687	-77.6788	-77.6657	-77.6491	-77.6301	-77.6093	-77.5873	-77.5642	-77.5404	-77.516	-77.4909	-77.4654	-77.4394	-77.413	-77.3862	-77.3591	-77.3319	-77.3046	-77.2776	-77.2512	-77.226	-77.2029	-77.183	-77.1678	-77.1598	-77.1619	-77.1786	-77.2151	-77.2774	-77.3708
5.06	-77.5215	-77.571	-77.6233	-77.6608	-77.6824	-77.6911	-77.6899	-77.6818	-77.6688	-77.6522	-77.6332	-77.6125	-77.5905	-77.5675	-77.5438	-77.5194	-77.4944	-77.4689	-77.443	-77.4166	-77.3899	-77.3629	-77.3357	-77.3085	-77.2816	-77.2553	-77.2302	-77.2071	-77.1873	-77.1722	-77.1642	-77.1664	-77.183	-77.2195	-77.2817	-77.375
5.065	-77.5246	-77.574	-77.6263	-77.6637	-77.6854	-77.694	-77.6929	-77.6848	-77.6718	-77.6553	-77.6364	-77.6157	-77.5938	-77.5708	-77.5471	-77.5228	-77.4979	-77.4724	-77.4466	-77.4203	-77.3936	-77.3667	-77.3396	-77.3124	-77.2856	-77.2594	-77.2343	-77.2113	-77.1915	-77.1765	-77.1686	-77.1708	-77.1875	-77.2239	-77.286	-77.3791
5.07	-77.5276	-77.577	-77.6292	-77.6666	-77.6883	-77.6969	-77.6959	-77.6878	-77.6748	-77.6584	-77.6395	-77.6189	-77.597	-77.5741	-77.5505	-77.5262	-77.5013	-77.476	-77.4501	-77.4239	-77.3973	-77.3705	-77.3434	-77.3164	-77.2896	-77.2634	-77.2385	-77.2156	-77.1958	-77.1809	-77.173	-77.1752	-77.1919	-77.2282	-77.2903	-77.3832
5.075	-77.5306	-77.5799	-77.6321	-77.6696	-77.6912	-77.6999	-77.6988	-77.6908	-77.6779	-77.6615	-77.6426	-77.6221	-77.6002	-77.5774	-77.5538	-77.5295	-77.5048	-77.4795	-77.4537	-77.4276	-77.401	-77.3742	-77.3473	-77.3203	-77.2935	-77.2675	-77.2426	-77.2197	-77.2001	-77.1852	-77.1773	-77.1796	-77.1963	-77.2326	-77.2946	-77.3873
5.08	-77.5336	-77.5829	-77.635	-77.6725	-77.6941	-77.7028	-77.7018	-77.6938	-77.6809	-77.6645	-77.6457	-77.6252	-77.6034	-77.5807	-77.5571	-77.5329	-77.5082	-77.483	-77.4573	-77.4312	-77.4047	-77.378	-77.3511	-77.3242	-77.2975	-77.2715	-77.2467	-77.2239	-77.2043	-77.1895	-77.1817	-77.184	-77.2007	-77.237	-77.2988	-77.3914
5.085	-77.5366	-77.5858	-77.6379	-77.6754	-77.697	-77.7057	-77.7047	-77.6968	-77.6839	-77.6676	-77.6488	-77.6284	-77.6066	-77.5839	-77.5604	-77.5363	-77.5116	-77.4865	-77.4608	-77.4348	-77.4084	-77.3817	-77.3549	-77.328	-77.3015	-77.2755	-77.2508	-77.2281	-77.2086	-77.1938	-77.186	-77.1884	-77.205	-77.2413	-77.303	-77.3955
5.09	-77.5396	-77.5888	-77.6408	-77.6782	-77.6999	-77.7086	-77.7076	-77.6997	-77.6869	-77.6706	-77.6519	-77.6315	-77.6098	-77.5872	-77.5637	-77.5397	-77.515	-77.4899	-77.4644	-77.4384	-77.4121	-77.3855	-77.3587	-77.3319	-77.3054	-77.2796	-77.2549	-77.2323	-77.2128	-77.1981	-77.1904	-77.1927	-77.2094	-77.2456	-77.3073	-77.3996
5.095	-77.5425	-77.5917	-77.6437	-77.6811	-77.7028	-77.7115	-77.7106	-77.7027	-77.6899	-77.6737	-77.655	-77.6347	-77.613	-77.5904	-77.567	-77.543	-77.5185	-77.4934	-77.4679	-77.442	-77.4157	-77.3892	-77.3625	-77.3358	-77.3093	-77.2836	-77.259	-77.2364	-77.217	-77.2024	-77.1947	-77.1971	-77.2137	-77.2499	-77.3115	-77.4036
5.1	-77.5455	-77.5947	-77.6466	-77.684	-77.7056	-77.7144	-77.7135	-77.7057	-77.6929	-77.6767	-77.6581	-77.6378	-77.6162	-77.5936	-77.5703	-77.5464	-77.5219	-77.4969	-77.4714	-77.4456	-77.4194	-77.3929	-77.3663	-77.3396	-77.3133	-77.2876	-77.2631	-77.2406	-77.2212	-77.2066	-77.199	-77.2014	-77.2181	-77.2542	-77.3157	-77.4077
5.105	-77.5485	-77.5976	-77.6495	-77.6869	-77.7085	-77.7173	-77.7164	-77.7086	-77.6959	-77.6798	-77.6612	-77.6409	-77.6194	-77.5969	-77.5736	-77.5497	-77.5253	-77.5003	-77.4749	-77.4492	-77.423	-77.3966	-77.3701	-77.3435	-77.3172	-77.2915	-77.2671	-77.2447	-77.2254	-77.2109	-77.2033	-77.2058	-77.2224	-77.2585	-77.3199	-77.4117
5.11	-77.5515	-77.6005	-77.6524	-77.6897	-77.7114	-77.7202	-77.7193	-77.7115	-77.6989	-77.6828	-77.6643	-77.6441	-77.6226	-77.6001	-77.5769	-77.553	-77.5287	-77.5038	-77.4785	-77.4527	-77.4267	-77.4003	-77.3738	-77.3473	-77.3211	-77.2955	-77.2712	-77.2488	-77.2296	-77.2151	-77.2076	-77.2101	-77.2267	-77.2628	-77.3241	-77.4157
5.115	-77.5544	-77.6034	-77.6553	-77.6926	-77.7142	-77.723	-77.7222	-77.7145	-77.7019	-77.6858	-77.6674	-77.6472	-77.6257	-77.6033	-77.5802	-77.5564	-77.532	-77.5072	-77.482	-77.4563	-77.4303	-77.404	-77.3776	-77.3512	-77.325	-77.2995	-77.2752	-77.2529	-77.2338	-77.2194	-77.2119	-77.2144	-77.231	-77.267	-77.3282	-77.4197
5.12	-77.5574	-77.6063	-77.6582	-77.6954	-77.7171	-77.7259	-77.7251	-77.7174	-77.7048	-77.6888	-77.6704	-77.6503	-77.6289	-77.6065	-77.5834	-77.5597	-77.5354	-77.5107	-77.4855	-77.4599	-77.4339	-77.4077	-77.3813	-77.355	-77.3289	-77.3035	-77.2792	-77.257	-77.2379	-77.2236	-77.2161	-77.2187	-77.2353	-77.2713	-77.3324	-77.4237
5.125	-77.5603	-77.6092	-77.661	-77.6983	-77.7199	-77.7288	-77.728	-77.7203	-77.7078	-77.6918	-77.6735	-77.6534	-77.632	-77.6097	-77.5867	-77.563	-77.5388	-77.5141	-77.4889	-77.4634	-77.4375	-77.4114	-77.3851	-77.3588	-77.3328	-77.3074	-77.2832	-77.2611	-77.2421	-77.2278	-77.2204	-77.2229	-77.2396	-77.2755	-77.3365	-77.4277
5.13	-77.5633	-77.6121	-77.6639	-77.7011	-77.7228	-77.7316	-77.7309	-77.7233	-77.7108	-77.6948	-77.6765	-77.6565	-77.6352	-77.6129	-77.5899	-77.5663	-77.5421	-77.5175	-77.4924	-77.4669	-77.4411	-77.415	-77.3888	-77.3626	-77.3366	-77.3113	-77.2872	-77.2652	-77.2462	-77.232	-77.2246	-77.2272	-77.2439	-77.2797	-77.3406	-77.4317
5.135	-77.5662	-77.615	-77.6667	-77.704	-77.7256	-77.7345	-77.7338	-77.7262	-77.7137	-77.6978	-77.6796	-77.6596	-77.6383	-77.6161	-77.5932	-77.5696	-77.5455	-77.5209	-77.4959	-77.4705	-77.4447	-77.4187	-77.3925	-77.3664	-77.3405	-77.3153	-77.2912	-77.2692	-77.2504	-77.2362	-77.2289	-77.2315	-77.2481	-77.2839	-77.3448	-77.4356
5.14	-77.5691	-77.6179	-77.6696	-77.7068	-77.7285	-77.7373	-77.7366	-77.7291	-77.7167	-77.7008	-77.6826	-77.6626	-77.6414	-77.6193	-77.5964	-77.5729	-77.5488	-77.5243	-77.4993	-77.474	-77.4483	-77.4223	-77.3962	-77.3701	-77.3443	-77.3192	-77.2952	-77.2733	-77.2545	-77.2403	-77.2331	-77.2357	-77.2523	-77.2881	-77.3489	-77.4396
5.145	-77.5721	-77.6208	-77.6724	-77.7096	-77.7313	-77.7402	-77.7395	-77.732	-77.7196	-77.7038	-77.6856	-77.6657	-77.6446	-77.6225	-77.5996	-77.5762	-77.5522	-77.5277	-77.5028	-77.4775	-77.4519	-77.426	-77.3999	-77.3739	-77.3482	-77.3231	-77.2992	-77.2773	-77.2586	-77.2445	-77.2373	-77.2399	-77.2566	-77.2923	-77.353	-77.4435
5.15	-77.575	-77.6237	-77.6753	-77.7124	-77.7341	-77.743	-77.7424	-77.7349	-77.7225	-77.7068	-77.6886	-77.6688	-77.6477	-77.6256	-77.6029	-77.5794	-77.5555	-77.5311	-77.5062	-77.481	-77.4554	-77.4296	-77.4036	-77.3777	-77.352	-77.327	-77.3032	-77.2814	-77.2627	-77.2486	-77.2415	-77.2442	-77.2608	-77.2965	-77.357	-77.4474
5.155	-77.5779	-77.6265	-77.6781	-77.7153	-77.7369	-77.7458	-77.7452	-77.7378	-77.7255	-77.7097	-77.6917	-77.6718	-77.6508	-77.6288	-77.6061	-77.5827	-77.5588	-77.5345	-77.5097	-77.4845	-77.459	-77.4332	-77.4073	-77.3814	-77.3558	-77.3309	-77.3071	-77.2854	-77.2668	-77.2528	-77.2457	-77.2484	-77.265	-77.3007	-77.3611	-77.4514
5.16	-77.5808	-77.6294	-77.6809	-77.7181	-77.7397	-77.7487	-77.7481	-77.7406	-77.7284	-77.7127	-77.6947	-77.6749	-77.6539	-77.632	-77.6093	-77.586	-77.5621	-77.5378	-77.5131	-77.488	-77.4625	-77.4368	-77.411	-77.3852	-77.3596	-77.3347	-77.3111	-77.2894	-77.2708	-77.2569	-77.2498	-77.2526	-77.2692	-77.3048	-77.3652	-77.4553
5.165	-77.5837	-77.6323	-77.6838	-77.7209	-77.7425	-77.7515	-77.7509	-77.7435	-77.7313	-77.7157	-77.6977	-77.6779	-77.657	-77.6351	-77.6125	-77.5892	-77.5654	-77.5412	-77.5165	-77.4915	-77.4661	-77.4404	-77.4147	-77.3889	-77.3634	-77.3386	-77.315	-77.2934	-77.2749	-77.261	-77.254	-77.2568	-77.2734	-77.309	-77.3692	-77.4592
5.17	-77.5866	-77.6351	-77.6866	-77.7237	-77.7453	-77.7543	-77.7538	-77.7464	-77.7342	-77.7186	-77.7007	-77.681	-77.6601	-77.6382	-77.6157	-77.5925	-77.5687	-77.5445	-77.5199	-77.4949	-77.4696	-77.444	-77.4183	-77.3926	-77.3672	-77.3425	-77.3189	-77.2974	-77.2789	-77.2651	-77.2581	-77.2609	-77.2775	-77.3131	-77.3733	-77.463
5.175	-77.5895	-77.638	-77.6894	-77.7265	-77.7481	-77.7571	-77.7566	-77.7493	-77.7371	-77.7216	-77.7036	-77.684	-77.6632	-77.6414	-77.6188	-77.5957	-77.572	-77.5479	-77.5233	-77.4984	-77.4731	-77.4476	-77.422	-77.3963	-77.371	-77.3463	-77.3228	-77.3014	-77.283	-77.2692	-77.2623	-77.2651	-77.2817	-77.3172	-77.3773	-77.4669
5.18	-77.5924	-77.6408	-77.6922	-77.7293	-77.7509	-77.7599	-77.7594	-77.7521	-77.74	-77.7245	-77.7066	-77.6871	-77.6662	-77.6445	-77.622	-77.5989	-77.5753	-77.5512	-77.5267	-77.5018	-77.4766	-77.4512	-77.4256	-77.4	-77.3748	-77.3502	-77.3268	-77.3053	-77.287	-77.2733	-77.2664	-77.2692	-77.2859	-77.3213	-77.3813	-77.4708
5.185	-77.5953	-77.6437	-77.695	-77.732	-77.7537	-77.7627	-77.7623	-77.755	-77.7429	-77.7274	-77.7096	-77.6901	-77.6693	-77.6476	-77.6252	-77.6021	-77.5786	-77.5546	-77.5301	-77.5053	-77.4802	-77.4548	-77.4292	-77.4037	-77.3785	-77.354	-77.3306	-77.3093	-77.291	-77.2774	-77.2705	-77.2734	-77.29	-77.3254	-77.3853	-77.4746
5.19	-77.5982	-77.6465	-77.6978	-77.7348	-77.7565	-77.7655	-77.7651	-77.7578	-77.7458	-77.7304	-77.7126	-77.6931	-77.6724	-77.6507	-77.6283	-77.6054	-77.5819	-77.5579	-77.5335	-77.5087	-77.4837	-77.4583	-77.4329	-77.4074	-77.3823	-77.3578	-77.3345	-77.3132	-77.295	-77.2815	-77.2746	-77.2775	-77.2941	-77.3295	-77.3893	-77.4785
5.195	-77.6011	-77.6493	-77.7006	-77.7376	-77.7592	-77.7683	-77.7679	-77.7607	-77.7487	-77.7333	-77.7155	-77.6961	-77.6754	-77.6538	-77.6315	-77.6086	-77.5851	-77.5612	-77.5369	-77.5122	-77.4871	-77.4619	-77.4365	-77.4111	-77.386	-77.3616	-77.3384	-77.3172	-77.299	-77.2855	-77.2787	-77.2816	-77.2982	-77.3336	-77.3933	-77.4823
5.2	-77.6039	-77.6521	-77.7034	-77.7403	-77.762	-77.7711	-77.7707	-77.7635	-77.7515	-77.7362	-77.7185	-77.6991	-77.6785	-77.6569	-77.6347	-77.6118	-77.5884	-77.5645	-77.5402	-77.5156	-77.4906	-77.4654	-77.4401	-77.4148	-77.3898	-77.3654	-77.3423	-77.3211	-77.303	-77.2895	-77.2828	-77.2857	-77.3023	-77.3376	-77.3972	-77.4861
5.205	-77.6068	-77.655	-77.7061	-77.7431	-77.7648	-77.7738	-77.7735	-77.7663	-77.7544	-77.7391	-77.7214	-77.7021	-77.6815	-77.66	-77.6378	-77.615	-77.5916	-77.5678	-77.5436	-77.519	-77.4941	-77.469	-77.4437	-77.4184	-77.3935	-77.3692	-77.3461	-77.325	-77.307	-77.2936	-77.2869	-77.2898	-77.3064	-77.3417	-77.4012	-77.4899
5.21	-77.6096	-77.6578	-77.7089	-77.7459	-77.7675	-77.7766	-77.7763	-77.7692	-77.7573	-77.742	-77.7244	-77.7051	-77.6846	-77.6631	-77.6409	-77.6182	-77.5949	-77.5711	-77.5469	-77.5224	-77.4976	-77.4725	-77.4473	-77.4221	-77.3972	-77.373	-77.35	-77.3289	-77.311	-77.2976	-77.2909	-77.2939	-77.3105	-77.3457	-77.4051	-77.4937
5.215	-77.6125	-77.6606	-77.7117	-77.7486	-77.7703	-77.7794	-77.7791	-77.772	-77.7601	-77.7449	-77.7273	-77.7081	-77.6876	-77.6662	-77.6441	-77.6213	-77.5981	-77.5744	-77.5503	-77.5258	-77.501	-77.476	-77.4508	-77.4257	-77.4009	-77.3768	-77.3538	-77.3328	-77.3149	-77.3016	-77.295	-77.298	-77.3146	-77.3497	-77.4091	-77.4975
5.22	-77.6153	-77.6634	-77.7144	-77.7514	-77.773	-77.7821	-77.7818	-77.7748	-77.763	-77.7478	-77.7303	-77.7111	-77.6906	-77.6693	-77.6472	-77.6245	-77.6013	-77.5777	-77.5536	-77.5292	-77.5045	-77.4795	-77.4544	-77.4294	-77.4046	-77.3805	-77.3576	-77.3367	-77.3189	-77.3056	-77.299	-77.302	-77.3186	-77.3537	-77.413	-77.5013
5.225	-77.6182	-77.6662	-77.7172	-77.7541	-77.7758	-77.7849	-77.7846	-77.7776	-77.7658	-77.7507	-77.7332	-77.714	-77.6936	-77.6723	-77.6503	-77.6277	-77.6045	-77.5809	-77.5569	-77.5326	-77.5079	-77.483	-77.458	-77.433	-77.4083	-77.3843	-77.3615	-77.3406	-77.3228	-77.3096	-77.303	-77.3061	-77.3227	-77.3577	-77.4169	-77.505
5.23	-77.621	-77.669	-77.72	-77.7568	-77.7785	-77.7876	-77.7874	-77.7804	-77.7686	-77.7536	-77.7361	-77.717	-77.6966	-77.6754	-77.6534	-77.6308	-77.6077	-77.5842	-77.5603	-77.536	-77.5113	-77.4865	-77.4615	-77.4366	-77.412	-77.388	-77.3653	-77.3445	-77.3267	-77.3136	-77.3071	-77.3101	-77.3267	-77.3617	-77.4208	-77.5088
5.235	-77.6239	-77.6718	-77.7227	-77.7596	-77.7812	-77.7904	-77.7902	-77.7832	-77.7715	-77.7564	-77.739	-77.7199	-77.6997	-77.6784	-77.6565	-77.634	-77.6109	-77.5875	-77.5636	-77.5393	-77.5148	-77.49	-77.4651	-77.4402	-77.4156	-77.3917	-77.369	-77.3483	-77.3307	-77.3175	-77.3111	-77.3142	-77.3307	-77.3657	-77.4247	-77.5125
5.24	-77.6267	-77.6745	-77.7254	-77.7623	-77.7839	-77.7931	-77.7929	-77.786	-77.7743	-77.7593	-77.7419	-77.7229	-77.7027	-77.6815	-77.6596	-77.6371	-77.6141	-77.5907	-77.5669	-77.5427	-77.5182	-77.4935	-77.4686	-77.4438	-77.4193	-77.3955	-77.3728	-77.3522	-77.3346	-77.3215	-77.3151	-77.3182	-77.3347	-77.3697	-77.4286	-77.5163
5.245	-77.6295	-77.6773	-77.7282	-77.765	-77.7867	-77.7958	-77.7957	-77.7888	-77.7771	-77.7622	-77.7448	-77.7258	-77.7056	-77.6845	-77.6627	-77.6403	-77.6173	-77.5939	-77.5702	-77.546	-77.5216	-77.4969	-77.4721	-77.4474	-77.423	-77.3992	-77.3766	-77.356	-77.3385	-77.3254	-77.3191	-77.3222	-77.3387	-77.3737	-77.4325	-77.52
5.25	-77.6323	-77.6801	-77.7309	-77.7677	-77.7894	-77.7986	-77.7984	-77.7916	-77.7799	-77.765	-77.7477	-77.7288	-77.7086	-77.6876	-77.6658	-77.6434	-77.6205	-77.5972	-77.5735	-77.5494	-77.525	-77.5004	-77.4757	-77.451	-77.4266	-77.4029	-77.3804	-77.3598	-77.3424	-77.3294	-77.323	-77.3262	-77.3427	-77.3776	-77.4363	-77.5237
5.255	-77.6351	-77.6829	-77.7336	-77.7704	-77.7921	-77.8013	-77.8012	-77.7943	-77.7828	-77.7679	-77.7506	-77.7317	-77.7116	-77.6906	-77.6688	-77.6465	-77.6237	-77.6004	-77.5767	-77.5527	-77.5284	-77.5038	-77.4792	-77.4546	-77.4302	-77.4066	-77.3841	-77.3637	-77.3462	-77.3333	-77.327	-77.3302	-77.3467	-77.3816	-77.4402	-77.5274
5.26	-77.6379	-77.6856	-77.7364	-77.7731	-77.7948	-77.804	-77.8039	-77.7971	-77.7856	-77.7707	-77.7535	-77.7346	-77.7146	-77.6936	-77.6719	-77.6496	-77.6269	-77.6036	-77.58	-77.556	-77.5318	-77.5073	-77.4827	-77.4581	-77.4339	-77.4103	-77.3879	-77.3675	-77.3501	-77.3372	-77.331	-77.3341	-77.3507	-77.3855	-77.444	-77.5311
5.265	-77.6408	-77.6884	-77.7391	-77.7758	-77.7975	-77.8067	-77.8066	-77.7999	-77.7884	-77.7735	-77.7564	-77.7376	-77.7175	-77.6966	-77.675	-77.6527	-77.63	-77.6068	-77.5833	-77.5594	-77.5352	-77.5107	-77.4862	-77.4617	-77.4375	-77.414	-77.3916	-77.3713	-77.354	-77.3411	-77.3349	-77.3381	-77.3546	-77.3894	-77.4478	-77.5348
5.27	-77.6435	-77.6911	-77.7418	-77.7785	-77.8002	-77.8094	-77.8094	-77.8026	-77.7911	-77.7764	-77.7593	-77.7405	-77.7205	-77.6996	-77.678	-77.6558	-77.6332	-77.6101	-77.5865	-77.5627	-77.5385	-77.5142	-77.4897	-77.4652	-77.4411	-77.4176	-77.3954	-77.3751	-77.3578	-77.345	-77.3388	-77.3421	-77.3586	-77.3933	-77.4517	-77.5384
5.275	-77.6463	-77.6939	-77.7445	-77.7812	-77.8028	-77.8121	-77.8121	-77.8054	-77.7939	-77.7792	-77.7621	-77.7434	-77.7235	-77.7026	-77.6811	-77.6589	-77.6363	-77.6133	-77.5898	-77.566	-77.5419	-77.5176	-77.4931	-77.4688	-77.4447	-77.4213	-77.3991	-77.3789	-77.3616	-77.3489	-77.3428	-77.346	-77.3625	-77.3972	-77.4555	-77.5421
5.28	-77.6491	-77.6966	-77.7472	-77.7839	-77.8055	-77.8148	-77.8148	-77.8081	-77.7967	-77.782	-77.765	-77.7463	-77.7264	-77.7056	-77.6841	-77.662	-77.6395	-77.6164	-77.593	-77.5693	-77.5452	-77.521	-77.4966	-77.4723	-77.4483	-77.4249	-77.4028	-77.3826	-77.3655	-77.3528	-77.3467	-77.3499	-77.3665	-77.4011	-77.4593	-77.5458
5.285	-77.6519	-77.6993	-77.7499	-77.7866	-77.8082	-77.8175	-77.8175	-77.8109	-77.7995	-77.7848	-77.7678	-77.7492	-77.7293	-77.7086	-77.6871	-77.6651	-77.6426	-77.6196	-77.5963	-77.5726	-77.5486	-77.5244	-77.5001	-77.4758	-77.4519	-77.4286	-77.4065	-77.3864	-77.3693	-77.3567	-77.3506	-77.3539	-77.3704	-77.405	-77.4631	-77.5494
5.29	-77.6547	-77.7021	-77.7526	-77.7892	-77.8109	-77.8202	-77.8202	-77.8136	-77.8023	-77.7876	-77.7707	-77.7521	-77.7323	-77.7116	-77.6902	-77.6682	-77.6457	-77.6228	-77.5995	-77.5759	-77.5519	-77.5278	-77.5035	-77.4793	-77.4554	-77.4322	-77.4102	-77.3901	-77.3731	-77.3605	-77.3545	-77.3578	-77.3743	-77.4088	-77.4668	-77.553
5.295	-77.6575	-77.7048	-77.7553	-77.7919	-77.8135	-77.8229	-77.8229	-77.8163	-77.805	-77.7904	-77.7735	-77.755	-77.7352	-77.7146	-77.6932	-77.6713	-77.6488	-77.626	-77.6027	-77.5791	-77.5553	-77.5312	-77.507	-77.4828	-77.459	-77.4358	-77.4139	-77.3939	-77.3769	-77.3644	-77.3584	-77.3617	-77.3782	-77.4127	-77.4706	-77.5567
5.3	-77.6602	-77.7075	-77.7579	-77.7946	-77.8162	-77.8255	-77.8256	-77.819	-77.8078	-77.7932	-77.7764	-77.7579	-77.7381	-77.7175	-77.6962	-77.6743	-77.6519	-77.6291	-77.6059	-77.5824	-77.5586	-77.5345	-77.5104	-77.4863	-77.4626	-77.4395	-77.4176	-77.3976	-77.3807	-77.3682	-77.3622	-77.3656	-77.3821	-77.4165	-77.4744	-77.5603
5.305	-77.663	-77.7102	-77.7606	-77.7972	-77.8189	-77.8282	-77.8283	-77.8218	-77.8105	-77.796	-77.7792	-77.7607	-77.7411	-77.7205	-77.6992	-77.6774	-77.6551	-77.6323	-77.6092	-77.5857	-77.5619	-77.5379	-77.5138	-77.4898	-77.4661	-77.4431	-77.4212	-77.4014	-77.3845	-77.372	-77.3661	-77.3695	-77.386	-77.4204	-77.4781	-77.5639
5.31	-77.6657	-77.7129	-77.7633	-77.7999	-77.8215	-77.8309	-77.831	-77.8245	-77.8133	-77.7988	-77.782	-77.7636	-77.744	-77.7234	-77.7022	-77.6804	-77.6581	-77.6354	-77.6124	-77.5889	-77.5652	-77.5413	-77.5173	-77.4933	-77.4697	-77.4467	-77.4249	-77.4051	-77.3882	-77.3758	-77.3699	-77.3733	-77.3898	-77.4242	-77.4818	-77.5675
5.315	-77.6685	-77.7156	-77.766	-77.8025	-77.8242	-77.8335	-77.8337	-77.8272	-77.816	-77.8016	-77.7848	-77.7664	-77.7469	-77.7264	-77.7052	-77.6835	-77.6612	-77.6386	-77.6155	-77.5922	-77.5685	-77.5446	-77.5207	-77.4968	-77.4732	-77.4503	-77.4285	-77.4088	-77.392	-77.3797	-77.3738	-77.3772	-77.3937	-77.428	-77.4856	-77.5711
5.32	-77.6712	-77.7183	-77.7686	-77.8052	-77.8268	-77.8362	-77.8363	-77.8299	-77.8188	-77.8044	-77.7877	-77.7693	-77.7498	-77.7293	-77.7082	-77.6865	-77.6643	-77.6417	-77.6187	-77.5954	-77.5718	-77.548	-77.5241	-77.5002	-77.4767	-77.4538	-77.4322	-77.4125	-77.3957	-77.3835	-77.3776	-77.3811	-77.3975	-77.4318	-77.4893	-77.5746
5.325	-77.674	-77.721	-77.7713	-77.8078	-77.8294	-77.8388	-77.839	-77.8326	-77.8215	-77.8071	-77.7905	-77.7722	-77.7527	-77.7323	-77.7112	-77.6895	-77.6674	-77.6449	-77.6219	-77.5986	-77.5751	-77.5513	-77.5275	-77.5037	-77.4802	-77.4574	-77.4358	-77.4162	-77.3995	-77.3872	-77.3814	-77.3849	-77.4014	-77.4356	-77.493	-77.5782
5.33	-77.6767	-77.7237	-77.7739	-77.8104	-77.832	-77.8415	-77.8417	-77.8353	-77.8242	-77.8099	-77.7933	-77.775	-77.7555	-77.7352	-77.7142	-77.6926	-77.6705	-77.648	-77.6251	-77.6019	-77.5784	-77.5547	-77.5309	-77.5071	-77.4837	-77.461	-77.4394	-77.4198	-77.4032	-77.391	-77.3853	-77.3887	-77.4052	-77.4394	-77.4967	-77.5817
5.335	-77.6795	-77.7264	-77.7766	-77.813	-77.8347	-77.8441	-77.8443	-77.838	-77.8269	-77.8126	-77.7961	-77.7778	-77.7584	-77.7381	-77.7171	-77.6956	-77.6735	-77.6511	-77.6283	-77.6051	-77.5816	-77.558	-77.5343	-77.5106	-77.4872	-77.4645	-77.4431	-77.4235	-77.4069	-77.3948	-77.3891	-77.3926	-77.409	-77.4432	-77.5004	-77.5853
5.34	-77.6822	-77.7291	-77.7792	-77.8157	-77.8373	-77.8467	-77.847	-77.8407	-77.8297	-77.8154	-77.7989	-77.7807	-77.7613	-77.7411	-77.7201	-77.6986	-77.6766	-77.6542	-77.6314	-77.6083	-77.5849	-77.5613	-77.5376	-77.514	-77.4907	-77.4681	-77.4467	-77.4272	-77.4107	-77.3986	-77.3929	-77.3964	-77.4128	-77.4469	-77.5041	-77.5888
5.345	-77.6849	-77.7318	-77.7819	-77.8183	-77.8399	-77.8493	-77.8496	-77.8433	-77.8324	-77.8181	-77.8016	-77.7835	-77.7642	-77.744	-77.7231	-77.7016	-77.6797	-77.6573	-77.6346	-77.6115	-77.5882	-77.5646	-77.541	-77.5174	-77.4942	-77.4716	-77.4503	-77.4308	-77.4144	-77.4023	-77.3967	-77.4002	-77.4166	-77.4507	-77.5077	-77.5924
5.35	-77.6876	-77.7345	-77.7845	-77.8209	-77.8425	-77.852	-77.8523	-77.846	-77.8351	-77.8209	-77.8044	-77.7863	-77.767	-77.7469	-77.726	-77.7046	-77.6827	-77.6604	-77.6377	-77.6147	-77.5914	-77.5679	-77.5444	-77.5209	-77.4977	-77.4752	-77.4538	-77.4345	-77.4181	-77.406	-77.4004	-77.404	-77.4204	-77.4544	-77.5114	-77.5959
5.355	-77.6903	-77.7371	-77.7871	-77.8235	-77.8451	-77.8546	-77.8549	-77.8487	-77.8378	-77.8236	-77.8072	-77.7891	-77.7699	-77.7498	-77.729	-77.7076	-77.6857	-77.6635	-77.6408	-77.6179	-77.5947	-77.5712	-77.5477	-77.5243	-77.5011	-77.4787	-77.4574	-77.4381	-77.4217	-77.4098	-77.4042	-77.4077	-77.4242	-77.4582	-77.515	-77.5994
5.36	-77.693	-77.7398	-77.7897	-77.8261	-77.8477	-77.8572	-77.8575	-77.8513	-77.8405	-77.8264	-77.81	-77.7919	-77.7727	-77.7527	-77.7319	-77.7106	-77.6888	-77.6666	-77.644	-77.6211	-77.5979	-77.5745	-77.551	-77.5277	-77.5046	-77.4822	-77.461	-77.4417	-77.4254	-77.4135	-77.408	-77.4115	-77.4279	-77.4619	-77.5187	-77.6029
5.365	-77.6957	-77.7424	-77.7924	-77.8287	-77.8503	-77.8598	-77.8602	-77.854	-77.8431	-77.8291	-77.8127	-77.7947	-77.7756	-77.7556	-77.7348	-77.7136	-77.6918	-77.6696	-77.6471	-77.6242	-77.6011	-77.5778	-77.5544	-77.5311	-77.508	-77.4857	-77.4646	-77.4454	-77.4291	-77.4172	-77.4117	-77.4153	-77.4317	-77.4656	-77.5223	-77.6064
5.37	-77.6984	-77.7451	-77.795	-77.8313	-77.8529	-77.8624	-77.8628	-77.8566	-77.8458	-77.8318	-77.8155	-77.7975	-77.7784	-77.7584	-77.7378	-77.7165	-77.6948	-77.6727	-77.6502	-77.6274	-77.6043	-77.5811	-77.5577	-77.5344	-77.5115	-77.4892	-77.4681	-77.449	-77.4328	-77.4209	-77.4154	-77.419	-77.4354	-77.4693	-77.5259	-77.6098
5.375	-77.7011	-77.7477	-77.7976	-77.8339	-77.8555	-77.865	-77.8654	-77.8593	-77.8485	-77.8345	-77.8182	-77.8003	-77.7813	-77.7613	-77.7407	-77.7195	-77.6978	-77.6758	-77.6533	-77.6306	-77.6076	-77.5843	-77.561	-77.5378	-77.5149	-77.4927	-77.4717	-77.4526	-77.4364	-77.4246	-77.4192	-77.4228	-77.4392	-77.473	-77.5295	-77.6133
5.38	-77.7038	-77.7504	-77.8002	-77.8365	-77.8581	-77.8676	-77.868	-77.8619	-77.8512	-77.8372	-77.821	-77.8031	-77.7841	-77.7642	-77.7436	-77.7225	-77.7008	-77.6788	-77.6564	-77.6337	-77.6108	-77.5876	-77.5643	-77.5412	-77.5183	-77.4962	-77.4752	-77.4562	-77.44	-77.4283	-77.4229	-77.4265	-77.4429	-77.4767	-77.5331	-77.6168
5.385	-77.7065	-77.753	-77.8028	-77.839	-77.8606	-77.8702	-77.8706	-77.8645	-77.8539	-77.8399	-77.8237	-77.8059	-77.7869	-77.7671	-77.7465	-77.7254	-77.7038	-77.6819	-77.6595	-77.6369	-77.614	-77.5908	-77.5677	-77.5445	-77.5218	-77.4996	-77.4787	-77.4597	-77.4437	-77.432	-77.4266	-77.4303	-77.4466	-77.4804	-77.5367	-77.6202
5.39	-77.7092	-77.7556	-77.8054	-77.8416	-77.8632	-77.8728	-77.8732	-77.8672	-77.8565	-77.8426	-77.8264	-77.8087	-77.7897	-77.7699	-77.7494	-77.7284	-77.7068	-77.6849	-77.6626	-77.64	-77.6171	-77.5941	-77.571	-77.5479	-77.5252	-77.5031	-77.4822	-77.4633	-77.4473	-77.4356	-77.4303	-77.434	-77.4503	-77.484	-77.5403	-77.6237
5.395	-77.7119	-77.7583	-77.808	-77.8442	-77.8658	-77.8753	-77.8758	-77.8698	-77.8592	-77.8453	-77.8292	-77.8114	-77.7925	-77.7728	-77.7523	-77.7313	-77.7098	-77.6879	-77.6657	-77.6432	-77.6203	-77.5973	-77.5742	-77.5512	-77.5286	-77.5066	-77.4858	-77.4669	-77.4509	-77.4393	-77.434	-77.4377	-77.454	-77.4877	-77.5439	-77.6271
5.4	-77.7145	-77.7609	-77.8105	-77.8467	-77.8683	-77.8779	-77.8784	-77.8724	-77.8618	-77.848	-77.8319	-77.8142	-77.7953	-77.7756	-77.7552	-77.7342	-77.7128	-77.691	-77.6688	-77.6463	-77.6235	-77.6006	-77.5775	-77.5546	-77.532	-77.51	-77.4893	-77.4704	-77.4545	-77.443	-77.4377	-77.4414	-77.4577	-77.4914	-77.5474	-77.6305
5.405	-77.7172	-77.7635	-77.8131	-77.8493	-77.8709	-77.8805	-77.881	-77.875	-77.8645	-77.8507	-77.8346	-77.817	-77.7981	-77.7785	-77.7581	-77.7372	-77.7158	-77.694	-77.6719	-77.6494	-77.6267	-77.6038	-77.5808	-77.5579	-77.5353	-77.5135	-77.4928	-77.474	-77.4581	-77.4466	-77.4413	-77.4451	-77.4614	-77.495	-77.551	-77.634
5.41	-77.7199	-77.7661	-77.8157	-77.8519	-77.8735	-77.883	-77.8836	-77.8776	-77.8671	-77.8533	-77.8373	-77.8197	-77.8009	-77.7813	-77.761	-77.7401	-77.7188	-77.697	-77.6749	-77.6525	-77.6298	-77.607	-77.5841	-77.5612	-77.5387	-77.5169	-77.4962	-77.4775	-77.4617	-77.4502	-77.445	-77.4487	-77.4651	-77.4986	-77.5545	-77.6374
5.415	-77.7225	-77.7687	-77.8183	-77.8544	-77.876	-77.8856	-77.8862	-77.8802	-77.8697	-77.856	-77.84	-77.8225	-77.8037	-77.7841	-77.7638	-77.743	-77.7217	-77.7	-77.678	-77.6556	-77.633	-77.6102	-77.5873	-77.5645	-77.5421	-77.5203	-77.4997	-77.481	-77.4653	-77.4538	-77.4487	-77.4524	-77.4687	-77.5023	-77.5581	-77.6408
5.42	-77.7252	-77.7713	-77.8208	-77.857	-77.8785	-77.8881	-77.8887	-77.8829	-77.8724	-77.8587	-77.8427	-77.8252	-77.8065	-77.7869	-77.7667	-77.7459	-77.7247	-77.703	-77.681	-77.6587	-77.6362	-77.6134	-77.5906	-77.5679	-77.5454	-77.5237	-77.5032	-77.4846	-77.4689	-77.4575	-77.4523	-77.4561	-77.4724	-77.5059	-77.5616	-77.6442
5.425	-77.7278	-77.7739	-77.8234	-77.8595	-77.8811	-77.8907	-77.8913	-77.8854	-77.875	-77.8614	-77.8454	-77.8279	-77.8093	-77.7898	-77.7696	-77.7488	-77.7276	-77.706	-77.6841	-77.6618	-77.6393	-77.6166	-77.5938	-77.5712	-77.5488	-77.5271	-77.5067	-77.4881	-77.4724	-77.4611	-77.4559	-77.4597	-77.476	-77.5095	-77.5651	-77.6475
5.43	-77.7305	-77.7765	-77.826	-77.862	-77.8836	-77.8932	-77.8939	-77.888	-77.8776	-77.864	-77.8481	-77.8307	-77.812	-77.7926	-77.7724	-77.7517	-77.7306	-77.709	-77.6871	-77.6649	-77.6424	-77.6198	-77.5971	-77.5744	-77.5521	-77.5305	-77.5101	-77.4916	-77.476	-77.4647	-77.4596	-77.4634	-77.4797	-77.5131	-77.5686	-77.6509
5.435	-77.7331	-77.7791	-77.8285	-77.8646	-77.8861	-77.8958	-77.8964	-77.8906	-77.8802	-77.8667	-77.8508	-77.8334	-77.8148	-77.7954	-77.7753	-77.7546	-77.7335	-77.712	-77.6901	-77.668	-77.6456	-77.623	-77.6003	-77.5777	-77.5555	-77.5339	-77.5136	-77.4951	-77.4795	-77.4683	-77.4632	-77.467	-77.4833	-77.5166	-77.5721	-77.6543
5.44	-77.7357	-77.7817	-77.831	-77.8671	-77.8887	-77.8983	-77.899	-77.8932	-77.8828	-77.8693	-77.8535	-77.8361	-77.8176	-77.7982	-77.7781	-77.7575	-77.7364	-77.715	-77.6932	-77.671	-77.6487	-77.6261	-77.6035	-77.581	-77.5588	-77.5373	-77.517	-77.4986	-77.4831	-77.4718	-77.4668	-77.4706	-77.4869	-77.5202	-77.5756	-77.6576
5.445	-77.7384	-77.7843	-77.8336	-77.8696	-77.8912	-77.9008	-77.9015	-77.8958	-77.8855	-77.8719	-77.8562	-77.8388	-77.8203	-77.801	-77.7809	-77.7604	-77.7394	-77.7179	-77.6962	-77.6741	-77.6518	-77.6293	-77.6067	-77.5843	-77.5621	-77.5407	-77.5204	-77.5021	-77.4866	-77.4754	-77.4704	-77.4743	-77.4905	-77.5238	-77.5791	-77.661
5.45	-77.741	-77.7869	-77.8361	-77.8721	-77.8937	-77.9034	-77.9041	-77.8983	-77.8881	-77.8746	-77.8588	-77.8415	-77.8231	-77.8038	-77.7838	-77.7633	-77.7423	-77.7209	-77.6992	-77.6772	-77.6549	-77.6325	-77.61	-77.5875	-77.5655	-77.5441	-77.5238	-77.5055	-77.4901	-77.479	-77.474	-77.4779	-77.4941	-77.5273	-77.5826	-77.6643
5.455	-77.7436	-77.7895	-77.8387	-77.8746	-77.8962	-77.9059	-77.9066	-77.9009	-77.8906	-77.8772	-77.8615	-77.8442	-77.8258	-77.8065	-77.7866	-77.7661	-77.7452	-77.7239	-77.7022	-77.6802	-77.658	-77.6356	-77.6132	-77.5908	-77.5688	-77.5474	-77.5273	-77.509	-77.4936	-77.4825	-77.4776	-77.4815	-77.4977	-77.5309	-77.586	-77.6676
5.46	-77.7462	-77.792	-77.8412	-77.8772	-77.8987	-77.9084	-77.9091	-77.9035	-77.8932	-77.8798	-77.8642	-77.8469	-77.8286	-77.8093	-77.7894	-77.769	-77.7481	-77.7268	-77.7052	-77.6833	-77.6611	-77.6388	-77.6164	-77.594	-77.5721	-77.5508	-77.5307	-77.5125	-77.4971	-77.4861	-77.4812	-77.485	-77.5013	-77.5344	-77.5895	-77.671
5.465	-77.7488	-77.7946	-77.8437	-77.8797	-77.9012	-77.9109	-77.9117	-77.906	-77.8958	-77.8824	-77.8668	-77.8496	-77.8313	-77.8121	-77.7922	-77.7718	-77.751	-77.7298	-77.7082	-77.6863	-77.6642	-77.6419	-77.6195	-77.5973	-77.5754	-77.5541	-77.5341	-77.5159	-77.5006	-77.4896	-77.4847	-77.4886	-77.5049	-77.538	-77.5929	-77.6743
5.47	-77.7515	-77.7971	-77.8462	-77.8821	-77.9037	-77.9134	-77.9142	-77.9086	-77.8984	-77.8851	-77.8695	-77.8523	-77.834	-77.8149	-77.795	-77.7747	-77.7539	-77.7327	-77.7112	-77.6893	-77.6673	-77.645	-77.6227	-77.6005	-77.5786	-77.5575	-77.5375	-77.5193	-77.5041	-77.4931	-77.4883	-77.4922	-77.5084	-77.5415	-77.5964	-77.6776
5.475	-77.7541	-77.7997	-77.8488	-77.8846	-77.9062	-77.9159	-77.9167	-77.9111	-77.901	-77.8877	-77.8721	-77.855	-77.8367	-77.8176	-77.7978	-77.7775	-77.7568	-77.7356	-77.7141	-77.6924	-77.6703	-77.6482	-77.6259	-77.6037	-77.5819	-77.5608	-77.5408	-77.5228	-77.5076	-77.4967	-77.4918	-77.4958	-77.512	-77.545	-77.5998	-77.6809
5.48	-77.7567	-77.8023	-77.8513	-77.8871	-77.9087	-77.9184	-77.9192	-77.9137	-77.9035	-77.8903	-77.8748	-77.8577	-77.8395	-77.8204	-77.8006	-77.7804	-77.7597	-77.7386	-77.7171	-77.6954	-77.6734	-77.6513	-77.6291	-77.607	-77.5852	-77.5641	-77.5442	-77.5262	-77.5111	-77.5002	-77.4954	-77.4993	-77.5155	-77.5485	-77.6032	-77.6842
5.485	-77.7592	-77.8048	-77.8538	-77.8896	-77.9112	-77.9209	-77.9217	-77.9162	-77.9061	-77.8929	-77.8774	-77.8604	-77.8422	-77.8231	-77.8034	-77.7832	-77.7625	-77.7415	-77.7201	-77.6984	-77.6765	-77.6544	-77.6322	-77.6102	-77.5885	-77.5674	-77.5476	-77.5296	-77.5145	-77.5037	-77.4989	-77.5029	-77.5191	-77.552	-77.6067	-77.6875
5.49	-77.7618	-77.8073	-77.8563	-77.8921	-77.9136	-77.9234	-77.9242	-77.9187	-77.9087	-77.8955	-77.88	-77.863	-77.8449	-77.8259	-77.8062	-77.786	-77.7654	-77.7444	-77.7231	-77.7014	-77.6795	-77.6575	-77.6354	-77.6134	-77.5917	-77.5707	-77.5509	-77.533	-77.518	-77.5072	-77.5024	-77.5064	-77.5226	-77.5555	-77.6101	-77.6907
5.495	-77.7644	-77.8099	-77.8588	-77.8946	-77.9161	-77.9259	-77.9268	-77.9212	-77.9112	-77.898	-77.8827	-77.8657	-77.8476	-77.8286	-77.809	-77.7889	-77.7683	-77.7473	-77.726	-77.7044	-77.6826	-77.6606	-77.6385	-77.6166	-77.595	-77.574	-77.5543	-77.5364	-77.5214	-77.5106	-77.5059	-77.5099	-77.5261	-77.559	-77.6134	-77.694
5.5	-77.767	-77.8124	-77.8613	-77.897	-77.9186	-77.9283	-77.9292	-77.9238	-77.9138	-77.9006	-77.8853	-77.8683	-77.8503	-77.8313	-77.8118	-77.7917	-77.7711	-77.7502	-77.729	-77.7074	-77.6856	-77.6637	-77.6417	-77.6198	-77.5982	-77.5773	-77.5576	-77.5398	-77.5249	-77.5141	-77.5094	-77.5134	-77.5296	-77.5624	-77.6168	-77.6972
5.505	-77.7696	-77.8149	-77.8637	-77.8995	-77.921	-77.9308	-77.9317	-77.9263	-77.9163	-77.9032	-77.8879	-77.871	-77.853	-77.8341	-77.8145	-77.7945	-77.774	-77.7531	-77.7319	-77.7104	-77.6887	-77.6668	-77.6448	-77.623	-77.6014	-77.5806	-77.561	-77.5432	-77.5283	-77.5176	-77.5129	-77.517	-77.5331	-77.5659	-77.6202	-77.7005
5.51	-77.7721	-77.8175	-77.8662	-77.902	-77.9235	-77.9333	-77.9342	-77.9288	-77.9189	-77.9058	-77.8905	-77.8736	-77.8556	-77.8368	-77.8173	-77.7973	-77.7768	-77.756	-77.7348	-77.7134	-77.6917	-77.6698	-77.6479	-77.6261	-77.6047	-77.5839	-77.5643	-77.5466	-77.5317	-77.521	-77.5164	-77.5205	-77.5366	-77.5693	-77.6236	-77.7037
5.515	-77.7747	-77.82	-77.8687	-77.9044	-77.926	-77.9357	-77.9367	-77.9313	-77.9214	-77.9084	-77.8931	-77.8763	-77.8583	-77.8395	-77.8201	-77.8001	-77.7797	-77.7589	-77.7378	-77.7163	-77.6947	-77.6729	-77.651	-77.6293	-77.6079	-77.5872	-77.5676	-77.5499	-77.5351	-77.5245	-77.5199	-77.524	-77.5401	-77.5728	-77.6269	-77.707
5.52	-77.7773	-77.8225	-77.8712	-77.9069	-77.9284	-77.9382	-77.9392	-77.9338	-77.9239	-77.9109	-77.8957	-77.8789	-77.861	-77.8422	-77.8228	-77.8029	-77.7825	-77.7618	-77.7407	-77.7193	-77.6977	-77.676	-77.6542	-77.6325	-77.6111	-77.5904	-77.5709	-77.5533	-77.5385	-77.5279	-77.5234	-77.5274	-77.5436	-77.5762	-77.6303	-77.7102
5.525	-77.7798	-77.825	-77.8737	-77.9093	-77.9308	-77.9407	-77.9417	-77.9363	-77.9265	-77.9135	-77.8983	-77.8815	-77.8636	-77.8449	-77.8256	-77.8057	-77.7853	-77.7646	-77.7436	-77.7223	-77.7007	-77.679	-77.6573	-77.6356	-77.6143	-77.5937	-77.5742	-77.5567	-77.5419	-77.5314	-77.5268	-77.5309	-77.5471	-77.5796	-77.6336	-77.7134
5.53	-77.7824	-77.8275	-77.8761	-77.9118	-77.9333	-77.9431	-77.9441	-77.9388	-77.929	-77.916	-77.9009	-77.8842	-77.8663	-77.8476	-77.8283	-77.8084	-77.7882	-77.7675	-77.7465	-77.7252	-77.7037	-77.6821	-77.6604	-77.6388	-77.6175	-77.5969	-77.5775	-77.56	-77.5453	-77.5348	-77.5303	-77.5344	-77.5505	-77.5831	-77.637	-77.7166
5.535	-77.7849	-77.83	-77.8786	-77.9142	-77.9357	-77.9455	-77.9466	-77.9413	-77.9315	-77.9186	-77.9035	-77.8868	-77.869	-77.8503	-77.831	-77.8112	-77.791	-77.7704	-77.7494	-77.7282	-77.7067	-77.6851	-77.6635	-77.6419	-77.6207	-77.6002	-77.5808	-77.5634	-77.5487	-77.5382	-77.5338	-77.5378	-77.554	-77.5865	-77.6403	-77.7198
5.54	-77.7875	-77.8325	-77.8811	-77.9167	-77.9382	-77.948	-77.949	-77.9438	-77.934	-77.9211	-77.906	-77.8894	-77.8716	-77.853	-77.8338	-77.814	-77.7938	-77.7732	-77.7523	-77.7311	-77.7097	-77.6882	-77.6665	-77.645	-77.6239	-77.6034	-77.5841	-77.5667	-77.5521	-77.5416	-77.5372	-77.5413	-77.5574	-77.5899	-77.6436	-77.723
5.545	-77.79	-77.835	-77.8835	-77.9191	-77.9406	-77.9504	-77.9515	-77.9462	-77.9365	-77.9237	-77.9086	-77.892	-77.8743	-77.8557	-77.8365	-77.8168	-77.7966	-77.7761	-77.7552	-77.7341	-77.7127	-77.6912	-77.6696	-77.6482	-77.6271	-77.6066	-77.5874	-77.57	-77.5555	-77.545	-77.5406	-77.5447	-77.5608	-77.5933	-77.6469	-77.7262
5.55	-77.7926	-77.8375	-77.8859	-77.9215	-77.943	-77.9529	-77.9539	-77.9487	-77.939	-77.9262	-77.9112	-77.8946	-77.8769	-77.8584	-77.8392	-77.8195	-77.7994	-77.7789	-77.7581	-77.737	-77.7157	-77.6942	-77.6727	-77.6513	-77.6302	-77.6098	-77.5907	-77.5733	-77.5588	-77.5484	-77.5441	-77.5482	-77.5643	-77.5966	-77.6502	-77.7293
5.555	-77.7951	-77.84	-77.8884	-77.924	-77.9454	-77.9553	-77.9564	-77.9512	-77.9415	-77.9287	-77.9137	-77.8972	-77.8795	-77.8611	-77.8419	-77.8223	-77.8022	-77.7817	-77.761	-77.7399	-77.7187	-77.6972	-77.6758	-77.6544	-77.6334	-77.6131	-77.5939	-77.5766	-77.5622	-77.5518	-77.5475	-77.5516	-77.5677	-77.6	-77.6535	-77.7325
5.56	-77.7976	-77.8425	-77.8908	-77.9264	-77.9478	-77.9577	-77.9588	-77.9537	-77.944	-77.9313	-77.9163	-77.8998	-77.8822	-77.8637	-77.8446	-77.825	-77.805	-77.7846	-77.7639	-77.7428	-77.7216	-77.7002	-77.6788	-77.6575	-77.6365	-77.6163	-77.5972	-77.5799	-77.5655	-77.5552	-77.5509	-77.555	-77.5711	-77.6034	-77.6568	-77.7357
5.565	-77.8002	-77.8449	-77.8933	-77.9288	-77.9503	-77.9601	-77.9613	-77.9561	-77.9465	-77.9338	-77.9189	-77.9024	-77.8848	-77.8664	-77.8473	-77.8278	-77.8078	-77.7874	-77.7667	-77.7458	-77.7246	-77.7032	-77.6819	-77.6606	-77.6397	-77.6195	-77.6004	-77.5832	-77.5688	-77.5586	-77.5543	-77.5584	-77.5745	-77.6068	-77.6601	-77.7388
5.57	-77.8027	-77.8474	-77.8957	-77.9312	-77.9527	-77.9625	-77.9637	-77.9586	-77.949	-77.9363	-77.9214	-77.905	-77.8874	-77.869	-77.85	-77.8305	-77.8105	-77.7902	-77.7696	-77.7487	-77.7275	-77.7062	-77.6849	-77.6637	-77.6428	-77.6227	-77.6037	-77.5865	-77.5722	-77.5619	-77.5577	-77.5618	-77.5779	-77.6101	-77.6634	-77.742
5.575	-77.8052	-77.8499	-77.8981	-77.9336	-77.9551	-77.965	-77.9661	-77.961	-77.9515	-77.9388	-77.924	-77.9075	-77.89	-77.8717	-77.8527	-77.8332	-77.8133	-77.793	-77.7724	-77.7516	-77.7305	-77.7092	-77.688	-77.6668	-77.646	-77.6258	-77.6069	-77.5898	-77.5755	-77.5653	-77.5611	-77.5652	-77.5813	-77.6135	-77.6666	-77.7451
5.58	-77.8077	-77.8523	-77.9006	-77.936	-77.9575	-77.9674	-77.9686	-77.9635	-77.9539	-77.9413	-77.9265	-77.9101	-77.8926	-77.8743	-77.8554	-77.836	-77.8161	-77.7959	-77.7753	-77.7545	-77.7334	-77.7122	-77.691	-77.6699	-77.6491	-77.629	-77.6101	-77.5931	-77.5788	-77.5686	-77.5644	-77.5686	-77.5846	-77.6168	-77.6699	-77.7482
5.585	-77.8102	-77.8548	-77.903	-77.9384	-77.9599	-77.9698	-77.971	-77.9659	-77.9564	-77.9438	-77.929	-77.9127	-77.8953	-77.877	-77.8581	-77.8387	-77.8188	-77.7987	-77.7781	-77.7574	-77.7364	-77.7152	-77.694	-77.6729	-77.6522	-77.6322	-77.6133	-77.5963	-77.5821	-77.572	-77.5678	-77.572	-77.588	-77.6201	-77.6731	-77.7514
5.59	-77.8127	-77.8573	-77.9054	-77.9408	-77.9622	-77.9722	-77.9734	-77.9683	-77.9589	-77.9463	-77.9315	-77.9153	-77.8979	-77.8796	-77.8608	-77.8414	-77.8216	-77.8015	-77.781	-77.7602	-77.7393	-77.7182	-77.697	-77.676	-77.6553	-77.6354	-77.6165	-77.5996	-77.5854	-77.5753	-77.5712	-77.5754	-77.5914	-77.6234	-77.6764	-77.7545
5.595	-77.8152	-77.8597	-77.9078	-77.9432	-77.9646	-77.9745	-77.9758	-77.9708	-77.9613	-77.9488	-77.9341	-77.9178	-77.9005	-77.8823	-77.8634	-77.8441	-77.8244	-77.8042	-77.7838	-77.7631	-77.7422	-77.7211	-77.7	-77.6791	-77.6584	-77.6385	-77.6197	-77.6028	-77.5887	-77.5787	-77.5745	-77.5787	-77.5947	-77.6267	-77.6796	-77.7576
5.6	-77.8177	-77.8622	-77.9102	-77.9456	-77.967	-77.9769	-77.9782	-77.9732	-77.9638	-77.9513	-77.9366	-77.9204	-77.903	-77.8849	-77.8661	-77.8468	-77.8271	-77.807	-77.7866	-77.766	-77.7451	-77.7241	-77.7031	-77.6821	-77.6615	-77.6417	-77.6229	-77.6061	-77.592	-77.582	-77.5778	-77.5821	-77.5981	-77.6301	-77.6828	-77.7607
5.605	-77.8202	-77.8646	-77.9126	-77.948	-77.9694	-77.9793	-77.9806	-77.9756	-77.9662	-77.9538	-77.9391	-77.9229	-77.9056	-77.8875	-77.8688	-77.8495	-77.8298	-77.8098	-77.7895	-77.7689	-77.748	-77.7271	-77.7061	-77.6852	-77.6646	-77.6448	-77.6261	-77.6093	-77.5952	-77.5853	-77.5812	-77.5854	-77.6014	-77.6333	-77.6861	-77.7638
5.61	-77.8227	-77.867	-77.915	-77.9503	-77.9718	-77.9817	-77.983	-77.9781	-77.9687	-77.9562	-77.9416	-77.9255	-77.9082	-77.8901	-77.8714	-77.8522	-77.8326	-77.8126	-77.7923	-77.7717	-77.7509	-77.73	-77.709	-77.6882	-77.6677	-77.6479	-77.6293	-77.6125	-77.5985	-77.5886	-77.5845	-77.5888	-77.6047	-77.6366	-77.6893	-77.7668
5.615	-77.8252	-77.8695	-77.9174	-77.9527	-77.9741	-77.9841	-77.9854	-77.9805	-77.9711	-77.9587	-77.9441	-77.928	-77.9108	-77.8927	-77.8741	-77.8549	-77.8353	-77.8153	-77.7951	-77.7746	-77.7538	-77.7329	-77.712	-77.6912	-77.6708	-77.6511	-77.6325	-77.6157	-77.6018	-77.5919	-77.5878	-77.5921	-77.608	-77.6399	-77.6925	-77.7699
5.62	-77.8276	-77.8719	-77.9198	-77.9551	-77.9765	-77.9865	-77.9878	-77.9829	-77.9736	-77.9612	-77.9466	-77.9305	-77.9134	-77.8953	-77.8767	-77.8576	-77.838	-77.8181	-77.7979	-77.7774	-77.7567	-77.7359	-77.715	-77.6943	-77.6739	-77.6542	-77.6356	-77.6189	-77.605	-77.5952	-77.5911	-77.5954	-77.6114	-77.6432	-77.6957	-77.773
5.625	-77.8301	-77.8743	-77.9222	-77.9574	-77.9788	-77.9888	-77.9902	-77.9853	-77.976	-77.9636	-77.9491	-77.9331	-77.9159	-77.8979	-77.8793	-77.8603	-77.8407	-77.8209	-77.8007	-77.7803	-77.7596	-77.7388	-77.718	-77.6973	-77.6769	-77.6573	-77.6388	-77.6222	-77.6083	-77.5984	-77.5944	-77.5987	-77.6147	-77.6465	-77.6989	-77.776
5.63	-77.8326	-77.8768	-77.9246	-77.9598	-77.9812	-77.9912	-77.9925	-77.9877	-77.9784	-77.9661	-77.9516	-77.9356	-77.9185	-77.9005	-77.882	-77.8629	-77.8435	-77.8236	-77.8035	-77.7831	-77.7625	-77.7417	-77.721	-77.7003	-77.68	-77.6604	-77.642	-77.6254	-77.6115	-77.6017	-77.5977	-77.6021	-77.618	-77.6497	-77.702	-77.7791
5.635	-77.8351	-77.8792	-77.9269	-77.9622	-77.9836	-77.9935	-77.9949	-77.9901	-77.9809	-77.9686	-77.9541	-77.9381	-77.921	-77.9031	-77.8846	-77.8656	-77.8462	-77.8264	-77.8063	-77.7859	-77.7654	-77.7447	-77.7239	-77.7033	-77.6831	-77.6635	-77.6451	-77.6285	-77.6147	-77.605	-77.601	-77.6054	-77.6213	-77.653	-77.7052	-77.7822
5.64	-77.8375	-77.8816	-77.9293	-77.9645	-77.9859	-77.9959	-77.9973	-77.9925	-77.9833	-77.971	-77.9566	-77.9406	-77.9236	-77.9057	-77.8872	-77.8683	-77.8489	-77.8291	-77.8091	-77.7887	-77.7682	-77.7476	-77.7269	-77.7063	-77.6861	-77.6666	-77.6482	-77.6317	-77.618	-77.6082	-77.6043	-77.6086	-77.6245	-77.6562	-77.7084	-77.7852
5.645	-77.84	-77.884	-77.9317	-77.9669	-77.9882	-77.9982	-77.9996	-77.9949	-77.9857	-77.9734	-77.9591	-77.9431	-77.9261	-77.9083	-77.8899	-77.8709	-77.8516	-77.8318	-77.8118	-77.7916	-77.7711	-77.7505	-77.7298	-77.7093	-77.6892	-77.6697	-77.6514	-77.6349	-77.6212	-77.6115	-77.6076	-77.6119	-77.6278	-77.6594	-77.7115	-77.7882
5.65	-77.8424	-77.8864	-77.9341	-77.9692	-77.9906	-78.0006	-78.002	-77.9972	-77.9881	-77.9759	-77.9615	-77.9456	-77.9287	-77.9109	-77.8925	-77.8736	-77.8542	-77.8346	-77.8146	-77.7944	-77.7739	-77.7534	-77.7328	-77.7123	-77.6922	-77.6728	-77.6545	-77.6381	-77.6244	-77.6147	-77.6109	-77.6152	-77.6311	-77.6627	-77.7147	-77.7912
5.655	-77.8449	-77.8888	-77.9364	-77.9715	-77.9929	-78.0029	-78.0044	-77.9996	-77.9905	-77.9783	-77.964	-77.9482	-77.9312	-77.9135	-77.8951	-77.8762	-77.8569	-77.8373	-77.8174	-77.7972	-77.7768	-77.7563	-77.7357	-77.7153	-77.6952	-77.6758	-77.6576	-77.6412	-77.6276	-77.618	-77.6141	-77.6185	-77.6343	-77.6659	-77.7178	-77.7943
5.66	-77.8473	-77.8912	-77.9388	-77.9739	-77.9952	-78.0053	-78.0067	-78.002	-77.9929	-77.9808	-77.9665	-77.9506	-77.9337	-77.916	-77.8977	-77.8789	-77.8596	-77.84	-77.8201	-77.8	-77.7796	-77.7591	-77.7386	-77.7183	-77.6982	-77.6789	-77.6607	-77.6444	-77.6308	-77.6212	-77.6174	-77.6217	-77.6376	-77.6691	-77.7209	-77.7973
5.665	-77.8498	-77.8936	-77.9411	-77.9762	-77.9976	-78.0076	-78.0091	-78.0044	-77.9953	-77.9832	-77.9689	-77.9531	-77.9363	-77.9186	-77.9003	-77.8815	-77.8623	-77.8427	-77.8229	-77.8028	-77.7825	-77.762	-77.7416	-77.7212	-77.7012	-77.682	-77.6638	-77.6475	-77.634	-77.6244	-77.6206	-77.625	-77.6408	-77.6723	-77.7241	-77.8003
5.67	-77.8522	-77.896	-77.9435	-77.9785	-77.9999	-78.0099	-78.0114	-78.0067	-77.9977	-77.9856	-77.9714	-77.9556	-77.9388	-77.9211	-77.9029	-77.8841	-77.865	-77.8454	-77.8256	-77.8056	-77.7853	-77.7649	-77.7445	-77.7242	-77.7043	-77.685	-77.6669	-77.6507	-77.6372	-77.6276	-77.6239	-77.6282	-77.6441	-77.6755	-77.7272	-77.8033
5.675	-77.8546	-77.8984	-77.9458	-77.9809	-78.0022	-78.0123	-78.0138	-78.0091	-78.0001	-77.988	-77.9738	-77.9581	-77.9413	-77.9237	-77.9055	-77.8867	-77.8676	-77.8481	-77.8284	-77.8083	-77.7881	-77.7678	-77.7474	-77.7271	-77.7073	-77.6881	-77.67	-77.6538	-77.6403	-77.6308	-77.6271	-77.6315	-77.6473	-77.6787	-77.7303	-77.8063
5.68	-77.8571	-77.9008	-77.9482	-77.9832	-78.0045	-78.0146	-78.0161	-78.0115	-78.0025	-77.9904	-77.9763	-77.9606	-77.9438	-77.9262	-77.908	-77.8894	-77.8703	-77.8508	-77.8311	-77.8111	-77.7909	-77.7706	-77.7503	-77.7301	-77.7103	-77.6911	-77.6731	-77.6569	-77.6435	-77.634	-77.6303	-77.6347	-77.6505	-77.6819	-77.7334	-77.8092
5.685	-77.8595	-77.9031	-77.9505	-77.9855	-78.0068	-78.0169	-78.0184	-78.0138	-78.0049	-77.9929	-77.9787	-77.9631	-77.9463	-77.9288	-77.9106	-77.892	-77.8729	-77.8535	-77.8338	-77.8139	-77.7938	-77.7735	-77.7532	-77.733	-77.7132	-77.6941	-77.6762	-77.6601	-77.6467	-77.6372	-77.6335	-77.6379	-77.6537	-77.685	-77.7365	-77.8122
5.69	-77.8619	-77.9055	-77.9528	-77.9878	-78.0091	-78.0192	-78.0208	-78.0162	-78.0072	-77.9953	-77.9811	-77.9655	-77.9488	-77.9313	-77.9132	-77.8946	-77.8756	-77.8562	-77.8366	-77.8167	-77.7966	-77.7763	-77.7561	-77.736	-77.7162	-77.6972	-77.6793	-77.6632	-77.6498	-77.6404	-77.6367	-77.6412	-77.6569	-77.6882	-77.7396	-77.8152
5.695	-77.8643	-77.9079	-77.9552	-77.9901	-78.0114	-78.0215	-78.0231	-78.0185	-78.0096	-77.9977	-77.9836	-77.968	-77.9513	-77.9338	-77.9158	-77.8972	-77.8782	-77.8589	-77.8393	-77.8194	-77.7994	-77.7792	-77.759	-77.7389	-77.7192	-77.7002	-77.6823	-77.6663	-77.6529	-77.6436	-77.6399	-77.6444	-77.6601	-77.6914	-77.7427	-77.8181
5.7	-77.8668	-77.9102	-77.9575	-77.9924	-78.0137	-78.0238	-78.0254	-78.0209	-78.012	-78.0001	-77.986	-77.9705	-77.9538	-77.9364	-77.9183	-77.8998	-77.8809	-77.8616	-77.842	-77.8222	-77.8022	-77.782	-77.7619	-77.7418	-77.7222	-77.7032	-77.6854	-77.6694	-77.6561	-77.6468	-77.6431	-77.6476	-77.6633	-77.6945	-77.7457	-77.8211
5.705	-77.8692	-77.9126	-77.9598	-77.9947	-78.016	-78.0261	-78.0277	-78.0232	-78.0143	-78.0024	-77.9884	-77.9729	-77.9563	-77.9389	-77.9209	-77.9024	-77.8835	-77.8643	-77.8447	-77.8249	-77.805	-77.7849	-77.7647	-77.7448	-77.7251	-77.7062	-77.6884	-77.6725	-77.6592	-77.6499	-77.6463	-77.6508	-77.6665	-77.6976	-77.7488	-77.824
5.71	-77.8716	-77.915	-77.9621	-77.997	-78.0183	-78.0284	-78.03	-78.0255	-78.0167	-78.0048	-77.9908	-77.9754	-77.9588	-77.9414	-77.9234	-77.905	-77.8861	-77.8669	-77.8474	-77.8277	-77.8077	-77.7877	-77.7676	-77.7477	-77.7281	-77.7092	-77.6915	-77.6756	-77.6623	-77.6531	-77.6495	-77.6539	-77.6697	-77.7008	-77.7519	-77.827
5.715	-77.874	-77.9173	-77.9644	-77.9993	-78.0206	-78.0307	-78.0323	-78.0279	-78.0191	-78.0072	-77.9933	-77.9778	-77.9613	-77.9439	-77.926	-77.9076	-77.8887	-77.8696	-77.8501	-77.8304	-77.8105	-77.7905	-77.7705	-77.7506	-77.731	-77.7122	-77.6945	-77.6786	-77.6655	-77.6562	-77.6527	-77.6571	-77.6729	-77.7039	-77.7549	-77.8299
5.72	-77.8764	-77.9197	-77.9668	-78.0016	-78.0229	-78.033	-78.0346	-78.0302	-78.0214	-78.0096	-77.9957	-77.9802	-77.9637	-77.9464	-77.9285	-77.9101	-77.8914	-77.8722	-77.8528	-77.8332	-77.8133	-77.7933	-77.7733	-77.7535	-77.734	-77.7152	-77.6975	-77.6817	-77.6686	-77.6594	-77.6558	-77.6603	-77.676	-77.707	-77.758	-77.8328
5.725	-77.8788	-77.922	-77.9691	-78.0039	-78.0252	-78.0353	-78.0369	-78.0325	-78.0238	-78.012	-77.9981	-77.9827	-77.9662	-77.9489	-77.9311	-77.9127	-77.894	-77.8749	-77.8555	-77.8359	-77.8161	-77.7961	-77.7762	-77.7564	-77.7369	-77.7182	-77.7006	-77.6848	-77.6717	-77.6625	-77.659	-77.6635	-77.6792	-77.7101	-77.761	-77.8358
5.73	-77.8812	-77.9244	-77.9714	-78.0062	-78.0275	-78.0376	-78.0392	-78.0348	-78.0261	-78.0143	-78.0005	-77.9851	-77.9687	-77.9514	-77.9336	-77.9153	-77.8966	-77.8775	-77.8582	-77.8386	-77.8188	-77.7989	-77.779	-77.7593	-77.7399	-77.7212	-77.7036	-77.6878	-77.6748	-77.6656	-77.6621	-77.6666	-77.6823	-77.7132	-77.764	-77.8387
5.735	-77.8835	-77.9267	-77.9737	-78.0084	-78.0297	-78.0398	-78.0415	-78.0371	-78.0284	-78.0167	-78.0029	-77.9875	-77.9711	-77.9539	-77.9361	-77.9179	-77.8992	-77.8802	-77.8609	-77.8413	-77.8216	-77.8017	-77.7819	-77.7622	-77.7428	-77.7241	-77.7066	-77.6909	-77.6779	-77.6688	-77.6653	-77.6698	-77.6855	-77.7164	-77.7671	-77.8416
5.74	-77.8859	-77.929	-77.976	-78.0107	-78.032	-78.0421	-78.0438	-78.0394	-78.0308	-78.0191	-78.0053	-77.99	-77.9736	-77.9564	-77.9387	-77.9204	-77.9018	-77.8828	-77.8635	-77.844	-77.8243	-77.8045	-77.7847	-77.765	-77.7457	-77.7271	-77.7096	-77.6939	-77.6809	-77.6719	-77.6684	-77.6729	-77.6886	-77.7194	-77.7701	-77.8445
5.745	-77.8883	-77.9314	-77.9783	-78.013	-78.0342	-78.0444	-78.0461	-78.0417	-78.0331	-78.0214	-78.0076	-77.9924	-77.976	-77.9589	-77.9412	-77.923	-77.9044	-77.8854	-77.8662	-77.8467	-77.8271	-77.8073	-77.7875	-77.7679	-77.7486	-77.73	-77.7126	-77.697	-77.684	-77.675	-77.6715	-77.6761	-77.6917	-77.7225	-77.7731	-77.8474
5.75	-77.8907	-77.9337	-77.9805	-78.0152	-78.0365	-78.0466	-78.0484	-78.044	-78.0354	-78.0238	-78.01	-77.9948	-77.9785	-77.9614	-77.9437	-77.9255	-77.907	-77.8881	-77.8689	-77.8494	-77.8298	-77.8101	-77.7904	-77.7708	-77.7515	-77.733	-77.7156	-77.7	-77.6871	-77.6781	-77.6747	-77.6792	-77.6948	-77.7256	-77.7761	-77.8503
5.755	-77.8931	-77.936	-77.9828	-78.0175	-78.0388	-78.0489	-78.0507	-78.0463	-78.0377	-78.0261	-78.0124	-77.9972	-77.9809	-77.9639	-77.9462	-77.9281	-77.9095	-77.8907	-77.8715	-77.8521	-77.8326	-77.8129	-77.7932	-77.7736	-77.7544	-77.7359	-77.7186	-77.703	-77.6901	-77.6812	-77.6778	-77.6823	-77.6979	-77.7287	-77.7791	-77.8531
5.76	-77.8954	-77.9383	-77.9851	-78.0198	-78.041	-78.0512	-78.0529	-78.0486	-78.0401	-78.0285	-78.0148	-77.9996	-77.9834	-77.9663	-77.9487	-77.9306	-77.9121	-77.8933	-77.8742	-77.8548	-77.8353	-77.8157	-77.796	-77.7765	-77.7573	-77.7389	-77.7216	-77.706	-77.6932	-77.6843	-77.6809	-77.6854	-77.701	-77.7318	-77.7821	-77.856
5.765	-77.8978	-77.9407	-77.9874	-78.022	-78.0433	-78.0534	-78.0552	-78.0509	-78.0424	-78.0308	-78.0172	-78.002	-77.9858	-77.9688	-77.9512	-77.9331	-77.9147	-77.8959	-77.8768	-77.8575	-77.838	-77.8184	-77.7988	-77.7793	-77.7602	-77.7418	-77.7245	-77.7091	-77.6963	-77.6873	-77.684	-77.6885	-77.7041	-77.7348	-77.785	-77.8589
5.77	-77.9001	-77.943	-77.9897	-78.0243	-78.0455	-78.0557	-78.0574	-78.0532	-78.0447	-78.0331	-78.0195	-78.0044	-77.9882	-77.9713	-77.9537	-77.9357	-77.9173	-77.8985	-77.8795	-77.8602	-77.8407	-77.8212	-77.8016	-77.7822	-77.7631	-77.7447	-77.7275	-77.7121	-77.6993	-77.6904	-77.6871	-77.6916	-77.7072	-77.7379	-77.788	-77.8617
5.775	-77.9025	-77.9453	-77.9919	-78.0265	-78.0477	-78.0579	-78.0597	-78.0555	-78.047	-78.0355	-78.0219	-78.0068	-77.9907	-77.9737	-77.9562	-77.9382	-77.9198	-77.9011	-77.8821	-77.8629	-77.8435	-77.8239	-77.8044	-77.785	-77.766	-77.7477	-77.7305	-77.7151	-77.7023	-77.6935	-77.6902	-77.6947	-77.7103	-77.7409	-77.791	-77.8646
5.78	-77.9049	-77.9476	-77.9942	-78.0287	-78.05	-78.0601	-78.062	-78.0578	-78.0493	-78.0378	-78.0242	-78.0092	-77.9931	-77.9762	-77.9587	-77.9407	-77.9224	-77.9037	-77.8847	-77.8655	-77.8462	-77.8267	-77.8072	-77.7878	-77.7689	-77.7506	-77.7334	-77.7181	-77.7054	-77.6965	-77.6933	-77.6978	-77.7134	-77.7439	-77.794	-77.8674
5.785	-77.9072	-77.9499	-77.9964	-78.031	-78.0522	-78.0624	-78.0642	-78.06	-78.0516	-78.0401	-78.0266	-78.0116	-77.9955	-77.9786	-77.9612	-77.9432	-77.9249	-77.9063	-77.8874	-77.8682	-77.8489	-77.8294	-77.81	-77.7907	-77.7717	-77.7535	-77.7364	-77.721	-77.7084	-77.6996	-77.6963	-77.7009	-77.7165	-77.747	-77.7969	-77.8703
5.79	-77.9096	-77.9522	-77.9987	-78.0332	-78.0544	-78.0646	-78.0665	-78.0623	-78.0539	-78.0424	-78.0289	-78.0139	-77.9979	-77.9811	-77.9636	-77.9457	-77.9275	-77.9089	-77.89	-77.8709	-77.8516	-77.8322	-77.8128	-77.7935	-77.7746	-77.7564	-77.7393	-77.724	-77.7114	-77.7026	-77.6994	-77.704	-77.7195	-77.75	-77.7999	-77.8731
5.795	-77.9119	-77.9545	-78.001	-78.0354	-78.0567	-78.0668	-78.0687	-78.0646	-78.0562	-78.0448	-78.0313	-78.0163	-78.0003	-77.9835	-77.9661	-77.9483	-77.93	-77.9114	-77.8926	-77.8735	-77.8543	-77.8349	-77.8155	-77.7963	-77.7774	-77.7593	-77.7422	-77.727	-77.7144	-77.7057	-77.7025	-77.7071	-77.7226	-77.753	-77.8028	-77.8759
5.8	-77.9142	-77.9568	-78.0032	-78.0377	-78.0589	-78.0691	-78.0709	-78.0668	-78.0584	-78.0471	-78.0336	-78.0187	-78.0027	-77.9859	-77.9686	-77.9508	-77.9325	-77.914	-77.8952	-77.8762	-77.8569	-77.8376	-77.8183	-77.7991	-77.7803	-77.7622	-77.7452	-77.73	-77.7174	-77.7087	-77.7055	-77.7101	-77.7256	-77.756	-77.8057	-77.8787
5.805	-77.9166	-77.959	-78.0055	-78.0399	-78.0611	-78.0713	-78.0732	-78.0691	-78.0607	-78.0494	-78.036	-78.0211	-78.0051	-77.9884	-77.971	-77.9533	-77.9351	-77.9166	-77.8978	-77.8788	-77.8596	-77.8403	-77.821	-77.8019	-77.7831	-77.765	-77.7481	-77.7329	-77.7204	-77.7117	-77.7086	-77.7132	-77.7287	-77.759	-77.8087	-77.8815
5.81	-77.9189	-77.9613	-78.0077	-78.0421	-78.0633	-78.0735	-78.0754	-78.0713	-78.063	-78.0517	-78.0383	-78.0234	-78.0075	-77.9908	-77.9735	-77.9557	-77.9376	-77.9192	-77.9004	-77.8814	-77.8623	-77.8431	-77.8238	-77.8047	-77.786	-77.7679	-77.751	-77.7359	-77.7234	-77.7148	-77.7116	-77.7162	-77.7317	-77.762	-77.8116	-77.8844
5.815	-77.9212	-77.9636	-78.0099	-78.0443	-78.0655	-78.0757	-78.0776	-78.0736	-78.0653	-78.054	-78.0406	-78.0258	-78.0099	-77.9932	-77.976	-77.9582	-77.9401	-77.9217	-77.903	-77.8841	-77.865	-77.8458	-77.8266	-77.8075	-77.7888	-77.7708	-77.7539	-77.7388	-77.7264	-77.7178	-77.7146	-77.7193	-77.7347	-77.765	-77.8145	-77.8872
5.82	-77.9235	-77.9659	-78.0122	-78.0465	-78.0677	-78.0779	-78.0799	-78.0758	-78.0675	-78.0563	-78.0429	-78.0281	-78.0123	-77.9956	-77.9784	-77.9607	-77.9426	-77.9243	-77.9056	-77.8867	-77.8676	-77.8485	-77.8293	-77.8103	-77.7916	-77.7737	-77.7568	-77.7418	-77.7294	-77.7208	-77.7177	-77.7223	-77.7378	-77.768	-77.8174	-77.89
5.825	-77.9259	-77.9682	-78.0144	-78.0488	-78.0699	-78.0801	-78.0821	-78.0781	-78.0698	-78.0586	-78.0453	-78.0305	-78.0146	-77.998	-77.9809	-77.9632	-77.9452	-77.9268	-77.9082	-77.8893	-77.8703	-77.8512	-77.832	-77.8131	-77.7944	-77.7765	-77.7597	-77.7447	-77.7323	-77.7238	-77.7207	-77.7253	-77.7408	-77.771	-77.8203	-77.8927
5.83	-77.9282	-77.9704	-78.0166	-78.051	-78.0721	-78.0823	-78.0843	-78.0803	-78.0721	-78.0609	-78.0476	-78.0328	-78.017	-78.0005	-77.9833	-77.9657	-77.9477	-77.9294	-77.9108	-77.8919	-77.873	-77.8539	-77.8348	-77.8158	-77.7973	-77.7794	-77.7626	-77.7477	-77.7353	-77.7268	-77.7237	-77.7283	-77.7438	-77.7739	-77.8232	-77.8955
5.835	-77.9305	-77.9727	-78.0189	-78.0532	-78.0743	-78.0845	-78.0865	-78.0825	-78.0743	-78.0631	-78.0499	-78.0352	-78.0194	-78.0029	-77.9857	-77.9681	-77.9502	-77.9319	-77.9133	-77.8946	-77.8756	-77.8566	-77.8375	-77.8186	-77.8001	-77.7822	-77.7655	-77.7506	-77.7383	-77.7298	-77.7267	-77.7314	-77.7468	-77.7769	-77.8261	-77.8983
5.84	-77.9328	-77.9749	-78.0211	-78.0554	-78.0765	-78.0867	-78.0887	-78.0848	-78.0766	-78.0654	-78.0522	-78.0375	-78.0218	-78.0053	-77.9882	-77.9706	-77.9527	-77.9344	-77.9159	-77.8972	-77.8783	-77.8592	-77.8402	-77.8214	-77.8029	-77.7851	-77.7684	-77.7535	-77.7412	-77.7327	-77.7297	-77.7344	-77.7498	-77.7798	-77.829	-77.9011
5.845	-77.9351	-77.9772	-78.0233	-78.0575	-78.0787	-78.0889	-78.0909	-78.087	-78.0788	-78.0677	-78.0545	-78.0398	-78.0241	-78.0076	-77.9906	-77.9731	-77.9552	-77.937	-77.9185	-77.8998	-77.8809	-77.8619	-77.8429	-77.8241	-77.8057	-77.7879	-77.7713	-77.7564	-77.7442	-77.7357	-77.7327	-77.7374	-77.7528	-77.7828	-77.8319	-77.9038
5.85	-77.9374	-77.9795	-78.0255	-78.0597	-78.0809	-78.0911	-78.0931	-78.0892	-78.0811	-78.07	-78.0568	-78.0422	-78.0265	-78.01	-77.993	-77.9755	-77.9577	-77.9395	-77.921	-77.9024	-77.8835	-77.8646	-77.8456	-77.8269	-77.8085	-77.7907	-77.7741	-77.7593	-77.7471	-77.7387	-77.7357	-77.7404	-77.7557	-77.7857	-77.8347	-77.9066
5.855	-77.9397	-77.9817	-78.0277	-78.0619	-78.0831	-78.0933	-78.0953	-78.0914	-78.0833	-78.0722	-78.0591	-78.0445	-78.0288	-78.0124	-77.9954	-77.978	-77.9601	-77.942	-77.9236	-77.905	-77.8862	-77.8672	-77.8484	-77.8296	-77.8112	-77.7936	-77.777	-77.7622	-77.75	-77.7416	-77.7387	-77.7433	-77.7587	-77.7887	-77.8376	-77.9093
5.86	-77.942	-77.9839	-78.0299	-78.0641	-78.0852	-78.0955	-78.0975	-78.0936	-78.0855	-78.0745	-78.0614	-78.0468	-78.0312	-78.0148	-77.9978	-77.9804	-77.9626	-77.9445	-77.9261	-77.9075	-77.8888	-77.8699	-77.8511	-77.8324	-77.814	-77.7964	-77.7799	-77.7651	-77.753	-77.7446	-77.7416	-77.7463	-77.7617	-77.7916	-77.8405	-77.9121
5.865	-77.9443	-77.9862	-78.0321	-78.0663	-78.0874	-78.0977	-78.0997	-78.0958	-78.0878	-78.0767	-78.0637	-78.0491	-78.0335	-78.0172	-78.0003	-77.9829	-77.9651	-77.947	-77.9287	-77.9101	-77.8914	-77.8726	-77.8538	-77.8351	-77.8168	-77.7992	-77.7827	-77.768	-77.7559	-77.7476	-77.7446	-77.7493	-77.7647	-77.7945	-77.8433	-77.9148
5.87	-77.9466	-77.9884	-78.0343	-78.0685	-78.0896	-78.0998	-78.1019	-78.098	-78.09	-78.079	-78.0659	-78.0514	-78.0359	-78.0196	-78.0027	-77.9853	-77.9676	-77.9495	-77.9312	-77.9127	-77.894	-77.8752	-77.8564	-77.8378	-77.8196	-77.802	-77.7856	-77.7709	-77.7588	-77.7505	-77.7476	-77.7523	-77.7676	-77.7974	-77.8461	-77.9175
5.875	-77.9489	-77.9907	-78.0365	-78.0706	-78.0917	-78.102	-78.1041	-78.1002	-78.0922	-78.0812	-78.0682	-78.0537	-78.0382	-78.0219	-78.0051	-77.9877	-77.97	-77.952	-77.9338	-77.9153	-77.8966	-77.8779	-77.8591	-77.8405	-77.8223	-77.8048	-77.7884	-77.7738	-77.7617	-77.7534	-77.7505	-77.7552	-77.7706	-77.8004	-77.849	-77.9203
5.88	-77.9511	-77.9929	-78.0387	-78.0728	-78.0939	-78.1042	-78.1063	-78.1024	-78.0944	-78.0835	-78.0705	-78.056	-78.0405	-78.0243	-78.0074	-77.9902	-77.9725	-77.9545	-77.9363	-77.9178	-77.8992	-77.8805	-77.8618	-77.8433	-77.8251	-77.8076	-77.7912	-77.7766	-77.7646	-77.7564	-77.7535	-77.7582	-77.7735	-77.8033	-77.8518	-77.923
5.885	-77.9534	-77.9951	-78.0409	-78.075	-78.096	-78.1063	-78.1084	-78.1046	-78.0966	-78.0857	-78.0728	-78.0583	-78.0429	-78.0266	-78.0098	-77.9926	-77.975	-77.957	-77.9388	-77.9204	-77.9018	-77.8831	-77.8645	-77.846	-77.8278	-77.8104	-77.7941	-77.7795	-77.7675	-77.7593	-77.7564	-77.7611	-77.7764	-77.8062	-77.8546	-77.9257
5.89	-77.9557	-77.9974	-78.0431	-78.0771	-78.0982	-78.1085	-78.1106	-78.1068	-78.0989	-78.088	-78.075	-78.0606	-78.0452	-78.029	-78.0122	-77.995	-77.9774	-77.9595	-77.9413	-77.923	-77.9044	-77.8858	-77.8671	-77.8487	-77.8306	-77.8132	-77.7969	-77.7823	-77.7704	-77.7622	-77.7594	-77.7641	-77.7794	-77.8091	-77.8575	-77.9284
5.895	-77.958	-77.9996	-78.0452	-78.0793	-78.1004	-78.1106	-78.1128	-78.109	-78.1011	-78.0902	-78.0773	-78.0629	-78.0475	-78.0313	-78.0146	-77.9974	-77.9799	-77.962	-77.9439	-77.9255	-77.907	-77.8884	-77.8698	-77.8514	-77.8333	-77.8159	-77.7997	-77.7852	-77.7733	-77.7651	-77.7623	-77.767	-77.7823	-77.8119	-77.8603	-77.9311
5.9	-77.9602	-78.0018	-78.0474	-78.0814	-78.1025	-78.1128	-78.1149	-78.1112	-78.1033	-78.0924	-78.0795	-78.0652	-78.0498	-78.0337	-78.017	-77.9998	-77.9823	-77.9645	-77.9464	-77.9281	-77.9096	-77.891	-77.8725	-77.8541	-77.8361	-77.8187	-77.8025	-77.788	-77.7762	-77.768	-77.7652	-77.7699	-77.7852	-77.8148	-77.8631	-77.9338
5.905	-77.9625	-78.004	-78.0496	-78.0836	-78.1046	-78.1149	-78.1171	-78.1134	-78.1055	-78.0947	-78.0818	-78.0675	-78.0521	-78.036	-78.0194	-78.0022	-77.9847	-77.9669	-77.9489	-77.9306	-77.9122	-77.8936	-77.8751	-77.8568	-77.8388	-77.8215	-77.8053	-77.7909	-77.779	-77.7709	-77.7681	-77.7729	-77.7881	-77.8177	-77.8659	-77.9365
5.91	-77.9647	-78.0062	-78.0518	-78.0857	-78.1068	-78.1171	-78.1193	-78.1155	-78.1077	-78.0969	-78.084	-78.0698	-78.0544	-78.0384	-78.0217	-78.0046	-77.9872	-77.9694	-77.9514	-77.9331	-77.9147	-77.8962	-77.8778	-77.8595	-77.8415	-77.8242	-77.8081	-77.7937	-77.7819	-77.7738	-77.771	-77.7758	-77.791	-77.8205	-77.8687	-77.9392
5.915	-77.967	-78.0084	-78.0539	-78.0879	-78.1089	-78.1192	-78.1214	-78.1177	-78.1099	-78.0991	-78.0863	-78.072	-78.0567	-78.0407	-78.0241	-78.007	-77.9896	-77.9719	-77.9539	-77.9357	-77.9173	-77.8989	-77.8804	-77.8621	-77.8442	-77.827	-77.8109	-77.7965	-77.7848	-77.7767	-77.774	-77.7787	-77.7939	-77.8234	-77.8715	-77.9419
5.92	-77.9693	-78.0106	-78.0561	-78.09	-78.1111	-78.1214	-78.1236	-78.1199	-78.1121	-78.1013	-78.0885	-78.0743	-78.0591	-78.043	-78.0265	-78.0094	-77.992	-77.9743	-77.9564	-77.9382	-77.9199	-77.9015	-77.883	-77.8648	-77.8469	-77.8298	-77.8137	-77.7994	-77.7876	-77.7796	-77.7769	-77.7816	-77.7968	-77.8263	-77.8742	-77.9445
5.925	-77.9715	-78.0128	-78.0583	-78.0922	-78.1132	-78.1235	-78.1257	-78.122	-78.1142	-78.1035	-78.0908	-78.0766	-78.0613	-78.0454	-78.0288	-78.0118	-77.9945	-77.9768	-77.9589	-77.9407	-77.9224	-77.9041	-77.8857	-77.8675	-77.8496	-77.8325	-77.8165	-77.8022	-77.7905	-77.7825	-77.7797	-77.7845	-77.7997	-77.8291	-77.877	-77.9472
5.93	-77.9737	-78.015	-78.0604	-78.0943	-78.1153	-78.1256	-78.1278	-78.1242	-78.1164	-78.1057	-78.093	-78.0788	-78.0636	-78.0477	-78.0312	-78.0142	-77.9969	-77.9792	-77.9613	-77.9432	-77.925	-77.9066	-77.8883	-77.8701	-77.8523	-77.8352	-77.8193	-77.805	-77.7933	-77.7853	-77.7826	-77.7874	-77.8026	-77.832	-77.8798	-77.9499
5.935	-77.976	-78.0172	-78.0626	-78.0964	-78.1174	-78.1277	-78.13	-78.1264	-78.1186	-78.1079	-78.0952	-78.0811	-78.0659	-78.05	-78.0335	-78.0166	-77.9993	-77.9817	-77.9638	-77.9458	-77.9275	-77.9092	-77.8909	-77.8728	-77.855	-77.838	-77.822	-77.8078	-77.7962	-77.7882	-77.7855	-77.7903	-77.8055	-77.8348	-77.8826	-77.9525
5.94	-77.9782	-78.0194	-78.0647	-78.0985	-78.1195	-78.1299	-78.1321	-78.1285	-78.1208	-78.1101	-78.0975	-78.0833	-78.0682	-78.0523	-78.0359	-78.019	-78.0017	-77.9841	-77.9663	-77.9483	-77.9301	-77.9118	-77.8935	-77.8755	-77.8577	-77.8407	-77.8248	-77.8106	-77.799	-77.7911	-77.7884	-77.7932	-77.8083	-77.8376	-77.8853	-77.9552
5.945	-77.9805	-78.0216	-78.0669	-78.1007	-78.1217	-78.132	-78.1342	-78.1307	-78.1229	-78.1123	-78.0997	-78.0856	-78.0705	-78.0546	-78.0382	-78.0213	-78.0041	-77.9866	-77.9688	-77.9508	-77.9326	-77.9144	-77.8962	-77.8781	-77.8604	-77.8434	-77.8275	-77.8134	-77.8018	-77.7939	-77.7913	-77.796	-77.8112	-77.8404	-77.8881	-77.9578
5.95	-77.9827	-78.0238	-78.069	-78.1028	-78.1238	-78.1341	-78.1364	-78.1328	-78.1251	-78.1145	-78.1019	-78.0878	-78.0728	-78.0569	-78.0405	-78.0237	-78.0065	-77.989	-77.9712	-77.9533	-77.9352	-77.917	-77.8988	-77.8807	-77.8631	-77.8461	-77.8303	-77.8162	-77.8046	-77.7968	-77.7941	-77.7989	-77.814	-77.8433	-77.8908	-77.9604
5.955	-77.9849	-78.0259	-78.0712	-78.1049	-78.1259	-78.1362	-78.1385	-78.135	-78.1273	-78.1167	-78.1041	-78.0901	-78.075	-78.0592	-78.0429	-78.0261	-78.0089	-77.9914	-77.9737	-77.9558	-77.9377	-77.9195	-77.9014	-77.8834	-77.8658	-77.8489	-77.833	-77.819	-77.8074	-77.7996	-77.797	-77.8018	-77.8169	-77.8461	-77.8935	-77.9631
5.96	-77.9871	-78.0281	-78.0733	-78.107	-78.128	-78.1383	-78.1406	-78.1371	-78.1294	-78.1189	-78.1063	-78.0923	-78.0773	-78.0615	-78.0452	-78.0284	-78.0113	-77.9938	-77.9762	-77.9583	-77.9402	-77.9221	-77.904	-77.886	-77.8684	-77.8516	-77.8358	-77.8217	-77.8102	-77.8024	-77.7998	-77.8046	-77.8197	-77.8489	-77.8963	-77.9657
5.965	-77.9894	-78.0303	-78.0754	-78.1091	-78.1301	-78.1404	-78.1427	-78.1392	-78.1316	-78.1211	-78.1085	-78.0946	-78.0796	-78.0638	-78.0475	-78.0308	-78.0137	-77.9963	-77.9786	-77.9607	-77.9427	-77.9246	-77.9066	-77.8886	-77.8711	-77.8543	-77.8385	-77.8245	-77.813	-77.8053	-77.8027	-77.8075	-77.8226	-77.8517	-77.899	-77.9683
5.97	-77.9916	-78.0325	-78.0775	-78.1112	-78.1322	-78.1425	-78.1448	-78.1414	-78.1337	-78.1232	-78.1107	-78.0968	-78.0818	-78.0661	-78.0498	-78.0331	-78.016	-77.9987	-77.981	-77.9632	-77.9452	-77.9272	-77.9091	-77.8913	-77.8738	-77.857	-77.8413	-77.8273	-77.8158	-77.8081	-77.8055	-77.8103	-77.8254	-77.8545	-77.9017	-77.9709
5.975	-77.9938	-78.0346	-78.0797	-78.1133	-78.1343	-78.1446	-78.147	-78.1435	-78.1359	-78.1254	-78.1129	-78.099	-78.0841	-78.0684	-78.0521	-78.0355	-78.0184	-78.0011	-77.9835	-77.9657	-77.9478	-77.9297	-77.9117	-77.8939	-77.8764	-77.8596	-77.844	-77.83	-77.8186	-77.8109	-77.8083	-77.8132	-77.8282	-77.8572	-77.9044	-77.9735
5.98	-77.996	-78.0368	-78.0818	-78.1154	-78.1364	-78.1467	-78.1491	-78.1456	-78.138	-78.1276	-78.1151	-78.1012	-78.0863	-78.0707	-78.0545	-78.0378	-78.0208	-78.0035	-77.9859	-77.9682	-77.9503	-77.9323	-77.9143	-77.8965	-77.8791	-77.8623	-77.8467	-77.8328	-77.8214	-77.8137	-77.8112	-77.816	-77.831	-77.86	-77.9072	-77.9761
5.985	-77.9982	-78.0389	-78.0839	-78.1175	-78.1385	-78.1488	-78.1512	-78.1477	-78.1402	-78.1298	-78.1173	-78.1034	-78.0886	-78.0729	-78.0568	-78.0401	-78.0232	-78.0059	-77.9884	-77.9706	-77.9528	-77.9348	-77.9169	-77.8991	-77.8817	-77.865	-77.8494	-77.8355	-77.8242	-77.8165	-77.814	-77.8188	-77.8338	-77.8628	-77.9099	-77.9787
5.99	-78.0004	-78.0411	-78.086	-78.1196	-78.1405	-78.1509	-78.1533	-78.1498	-78.1423	-78.1319	-78.1195	-78.1057	-78.0908	-78.0752	-78.0591	-78.0425	-78.0255	-78.0083	-77.9908	-77.9731	-77.9553	-77.9373	-77.9194	-77.9017	-77.8844	-77.8677	-77.8521	-77.8383	-77.827	-77.8193	-77.8168	-77.8216	-77.8367	-77.8656	-77.9126	-77.9813
5.995	-78.0026	-78.0433	-78.0881	-78.1217	-78.1426	-78.153	-78.1554	-78.152	-78.1445	-78.1341	-78.1217	-78.1079	-78.093	-78.0775	-78.0614	-78.0448	-78.0279	-78.0107	-77.9932	-77.9756	-77.9577	-77.9399	-77.922	-77.9043	-77.887	-77.8704	-77.8548	-77.841	-77.8297	-77.8221	-77.8196	-77.8244	-77.8395	-77.8683	-77.9153	-77.9839
6	-78.0048	-78.0454	-78.0902	-78.1238	-78.1447	-78.1551	-78.1574	-78.1541	-78.1466	-78.1362	-78.1239	-78.1101	-78.0953	-78.0798	-78.0637	-78.0471	-78.0302	-78.0131	-77.9956	-77.978	-77.9602	-77.9424	-77.9246	-77.9069	-77.8896	-77.873	-77.8575	-77.8438	-77.8325	-77.8249	-77.8224	-77.8273	-77.8422	-77.8711	-77.9179	-77.9865
0 unlabeled lines
