Graph addvar/addexpr lines
36 1201
x node[0].v( 0.5 ) node[1].v( 0.5 ) node[2].v( 0.5 ) node[3].v( 0.5 ) node[4].v( 0.5 ) node[5].v( 0.5 ) node[6].v( 0.5 ) node[7].v( 0.5 ) node[8].v( 0.5 ) node[9].v( 0.5 ) node[10].v( 0.5 ) node[11].v( 0.5 ) node[12].v( 0.5 ) node[13].v( 0.5 ) node[14].v( 0.5 ) node[15].v( 0.5 ) node[16].v( 0.5 ) node[17].v( 0.5 ) node[18].v( 0.5 ) node[19].v( 0.5 ) node[20].v( 0.5 ) node[21].v( 0.5 ) node[22].v( 0.5 ) node[23].v( 0.5 ) node[24].v( 0.5 ) node[25].v( 0.5 ) node[26].v( 0.5 ) node[27].v( 0.5 ) node[28].v( 0.5 ) node[29].v( 0.5 ) node[30].v( 0.5 ) node[31].v( 0.5 ) node[32].v( 0.5 ) node[33].v( 0.5 ) node[34].v( 0.5 ) node[35].v( 0.5 )
0	-80	-80	-80	-80	-80	-80	-80	-80	-80	-80	-80	-80	-80	-80	-80	-80	-80	-80	-80	-80	-80	-80	-80	-80	-80	-80	-80	-80	-80	-80	-80	-80	-80	-80	-80	-80
0.005	-79.9985	-79.9982	-79.9982	-79.9981	-79.9981	-79.9981	-79.9981	-79.9981	-79.9981	-79.9981	-79.9981	-79.9981	-79.9981	-79.9981	-79.9981	-79.9981	-79.9981	-79.9981	-79.9981	-79.9981	-79.9981	-79.9981	-79.9981	-79.9981	-79.9981	-79.9981	-79.9981	-79.9981	-79.9981	-79.9981	-79.9981	-79.9981	-79.9981	-79.9981	-79.9982	-79.9982
0.01	-79.9984	-79.9974	-79.997	-79.9969	-79.9969	-79.9969	-79.9969	-79.9969	-79.9969	-79.9969	-79.9969	-79.9969	-79.9969	-79.9969	-79.9969	-79.9969	-79.9969	-79.9969	-79.9969	-79.9969	-79.9969	-79.9969	-79.9969	-79.9969	-79.9969	-79.9969	-79.9969	-79.9969	-79.9969	-79.9969	-79.9969	-79.9969	-79.9969	-79.9969	-79.9969	-79.997
0.015	-79.9984	-79.9969	-79.9963	-79.9961	-79.9961	-79.996	-79.996	-79.996	-79.996	-79.996	-79.996	-79.996	-79.996	-79.996	-79.996	-79.996	-79.996	-79.996	-79.996	-79.996	-79.996	-79.996	-79.996	-79.996	-79.996	-79.996	-79.996	-79.996	-79.996	-79.996	-79.996	-79.996	-79.996	-79.996	-79.9961	-79.9961
0.02	-79.9984	-79.9966	-79.9958	-79.9955	-79.9954	-79.9954	-79.9954	-79.9954	-79.9954	-79.9954	-79.9954	-79.9954	-79.9954	-79.9954	-79.9954	-79.9954	-79.9954	-79.9954	-79.9954	-79.9954	-79.9954	-79.9954	-79.9954	-79.9954	-79.9954	-79.9954	-79.9954	-79.9954	-79.9954	-79.9954	-79.9954	-79.9954	-79.9954	-79.9954	-79.9954	-79.9954
0.025	-79.9984	-79.9963	-79.9954	-79.9951	-79.9949	-79.9949	-79.9948	-79.9948	-79.9948	-79.9948	-79.9948	-79.9948	-79.9948	-79.9948	-79.9948	-79.9948	-79.9948	-79.9948	-79.9948	-79.9948	-79.9948	-79.9948	-79.9948	-79.9948	-79.9948	-79.9948	-79.9948	-79.9948	-79.9948	-79.9948	-79.9948	-79.9948	-79.9948	-79.9948	-79.9949	-79.9949
0.03	-79.9984	-79.9961	-79.9951	-79.9947	-79.9945	-79.9944	-79.9944	-79.9944	-79.9944	-79.9944	-79.9944	-79.9944	-79.9944	-79.9944	-79.9944	-79.9944	-79.9944	-79.9944	-79.9944	-79.9944	-79.9944	-79.9944	-79.9944	-79.9944	-79.9944	-79.9944	-79.9944	-79.9944	-79.9944	-79.9944	-79.9944	-79.9944	-79.9944	-79.9944	-79.9944	-79.9944
0.035	-79.9984	-79.996	-79.9948	-79.9943	-79.9941	-79.994	-79.994	-79.994	-79.994	-79.994	-79.994	-79.994	-79.994	-79.994	-79.994	-79.994	-79.994	-79.994	-79.994	-79.994	-79.994	-79.994	-79.994	-79.994	-79.994	-79.994	-79.994	-79.994	-79.994	-79.994	-79.994	-79.994	-79.994	-79.994	-79.994	-79.994
0.04	-79.9984	-79.9958	-79.9946	-79.994	-79.9938	-79.9937	-79.9936	-79.9936	-79.9936	-79.9936	-79.9936	-79.9936	-79.9936	-79.9936	-79.9936	-79.9936	-79.9936	-79.9936	-79.9936	-79.9936	-79.9936	-79.9936	-79.9936	-79.9936	-79.9936	-79.9936	-79.9936	-79.9936	-79.9936	-79.9936	-79.9936	-79.9936	-79.9936	-79.9936	-79.9936	-79.9937
0.045	-79.9984	-79.9957	-79.9944	-79.9938	-79.9935	-79.9934	-79.9933	-79.9933	-79.9933	-79.9933	-79.9933	-79.9933	-79.9933	-79.9933	-79.9933	-79.9933	-79.9933	-79.9933	-79.9933	-79.9933	-79.9933	-79.9933	-79.9933	-79.9933	-79.9933	-79.9933	-79.9933	-79.9933	-79.9933	-79.9933	-79.9933	-79.9933	-79.9933	-79.9933	-79.9933	-79.9933
0.05	-79.9984	-79.9956	-79.9942	-79.9935	-79.9932	-79.9931	-79.993	-79.993	-79.993	-79.993	-79.993	-79.993	-79.993	-79.993	-79.993	-79.993	-79.993	-79.993	-79.993	-79.993	-79.993	-79.993	-79.993	-79.993	-79.993	-79.993	-79.993	-79.993	-79.993	-79.993	-79.993	-79.993	-79.993	-79.993	-79.993	-79.993
0.055	-79.9984	-79.9955	-79.994	-79.9933	-79.993	-79.9928	-79.9927	-79.9927	-79.9927	-79.9927	-79.9927	-79.9927	-79.9927	-79.9927	-79.9927	-79.9927	-79.9927	-79.9927	-79.9927	-79.9927	-79.9927	-79.9927	-79.9927	-79.9927	-79.9927	-79.9927	-79.9927	-79.9927	-79.9927	-79.9927	-79.9927	-79.9927	-79.9927	-79.9927	-79.9927	-79.9928
0.06	-79.9984	-79.9954	-79.9939	-79.9931	-79.9927	-79.9926	-79.9925	-79.9924	-79.9924	-79.9924	-79.9924	-79.9924	-79.9924	-79.9924	-79.9924	-79.9924	-79.9924	-79.9924	-79.9924	-79.9924	-79.9924	-79.9924	-79.9924	-79.9924	-79.9924	-79.9924	-79.9924	-79.9924	-79.9924	-79.9924	-79.9924	-79.9924	-79.9924	-79.9924	-79.9925	-79.9925
0.065	-79.9984	-79.9953	-79.9937	-79.9929	-79.9925	-79.9923	-79.9922	-79.9922	-79.9922	-79.9922	-79.9922	-79.9922	-79.9922	-79.9922	-79.9922	-79.9922	-79.9922	-79.9922	-79.9922	-79.9922	-79.9922	-79.9922	-79.9922	-79.9922	-79.9922	-79.9922	-79.9922	-79.9922	-79.9922	-79.9922	-79.9922	-79.9922	-79.9922	-79.9922	-79.9922	-79.9922
0.07	-79.9984	-79.9952	-79.9936	-79.9927	-79.9923	-79.9921	-79.992	-79.992	-79.9919	-79.9919	-79.9919	-79.9919	-79.9919	-79.9919	-79.9919	-79.9919	-79.9919	-79.9919	-79.9919	-79.9919	-79.9919	-79.9919	-79.9919	-79.9919	-79.9919	-79.9919	-79.9919	-79.9919	-79.9919	-79.9919	-79.9919	-79.9919	-79.9919	-79.9919	-79.992	-79.992
0.075	-79.9984	-79.9951	-79.9934	-79.9925	-79.9921	-79.9919	-79.9918	-79.9917	-79.9917	-79.9917	-79.9917	-79.9917	-79.9917	-79.9917	-79.9917	-79.9917	-79.9917	-79.9917	-79.9917	-79.9917	-79.9917	-79.9917	-79.9917	-79.9917	-79.9917	-79.9917	-79.9917	-79.9917	-79.9917	-79.9917	-79.9917	-79.9917	-79.9917	-79.9917	-79.9917	-79.9917
0.08	-79.9984	-79.995	-79.9933	-79.9924	-79.9919	-79.9917	-79.9916	-79.9915	-79.9915	-79.9915	-79.9915	-79.9915	-79.9915	-79.9915	-79.9915	-79.9915	-79.9915	-79.9915	-79.9915	-79.9915	-79.9915	-79.9915	-79.9915	-79.9915	-79.9915	-79.9915	-79.9915	-79.9915	-79.9915	-79.9915	-79.9915	-79.9915	-79.9915	-79.9915	-79.9915	-79.9915
0.085	-79.9984	-79.995	-79.9932	-79.9922	-79.9917	-79.9915	-79.9914	-79.9913	-79.9913	-79.9913	-79.9913	-79.9912	-79.9912	-79.9912	-79.9912	-79.9912	-79.9912	-79.9912	-79.9912	-79.9912	-79.9912	-79.9912	-79.9912	-79.9912	-79.9912	-79.9912	-79.9912	-79.9912	-79.9912	-79.9912	-79.9912	-79.9913	-79.9913	-79.9913	-79.9913	-79.9913
0.09	-79.9984	-79.9949	-79.993	-79.9921	-79.9916	-79.9913	-79.9912	-79.9911	-79.9911	-79.9911	-79.9911	-79.9911	-79.9911	-79.9911	-79.9911	-79.9911	-79.9911	-79.9911	-79.9911	-79.9911	-79.9911	-79.9911	-79.9911	-79.9911	-79.9911	-79.9911	-79.9911	-79.9911	-79.9911	-79.9911	-79.9911	-79.9911	-79.9911	-79.9911	-79.9911	-79.9911
0.095	-79.9984	-79.9949	-79.9929	-79.9919	-79.9914	-79.9911	-79.991	-79.9909	-79.9909	-79.9909	-79.9909	-79.9909	-79.9909	-79.9909	-79.9909	-79.9909	-79.9909	-79.9909	-79.9909	-79.9909	-79.9909	-79.9909	-79.9909	-79.9909	-79.9909	-79.9909	-79.9909	-79.9909	-79.9909	-79.9909	-79.9909	-79.9909	-79.9909	-79.9909	-79.9909	-79.9909
0.1	-79.9984	-79.9948	-79.9928	-79.9918	-79.9912	-79.991	-79.9908	-79.9907	-79.9907	-79.9907	-79.9907	-79.9907	-79.9907	-79.9907	-79.9907	-79.9907	-79.9907	-79.9907	-79.9907	-79.9907	-79.9907	-79.9907	-79.9907	-79.9907	-79.9907	-79.9907	-79.9907	-79.9907	-79.9907	-79.9907	-79.9907	-79.9907	-79.9907	-79.9907	-79.9907	-79.9907
0.105	-79.9984	-79.9947	-79.9927	-79.9917	-79.9911	-79.9908	-79.9906	-79.9906	-79.9905	-79.9905	-79.9905	-79.9905	-79.9905	-79.9905	-79.9905	-79.9905	-79.9905	-79.9905	-79.9905	-79.9905	-79.9905	-79.9905	-79.9905	-79.9905	-79.9905	-79.9905	-79.9905	-79.9905	-79.9905	-79.9905	-79.9905	-79.9905	-79.9905	-79.9905	-79.9905	-79.9906
0.11	-79.9984	-79.9947	-79.9926	-79.9915	-79.9909	-79.9906	-79.9905	-79.9904	-79.9904	-79.9903	-79.9903	-79.9903	-79.9903	-79.9903	-79.9903	-79.9903	-79.9903	-79.9903	-79.9903	-79.9903	-79.9903	-79.9903	-79.9903	-79.9903	-79.9903	-79.9903	-79.9903	-79.9903	-79.9903	-79.9903	-79.9903	-79.9903	-79.9903	-79.9903	-79.9904	-79.9904
0.115	-79.9984	-79.9946	-79.9925	-79.9914	-79.9908	-79.9905	-79.9903	-79.9902	-79.9902	-79.9902	-79.9902	-79.9902	-79.9902	-79.9902	-79.9902	-79.9902	-79.9902	-79.9902	-79.9902	-79.9902	-79.9902	-79.9902	-79.9902	-79.9902	-79.9902	-79.9902	-79.9902	-79.9902	-79.9902	-79.9902	-79.9902	-79.9902	-79.9902	-79.9902	-79.9902	-79.9902
0.12	-79.9984	-79.9946	-79.9925	-79.9913	-79.9907	-79.9903	-79.9902	-79.9901	-79.99	-79.99	-79.99	-79.99	-79.99	-79.99	-79.99	-79.99	-79.99	-79.99	-79.99	-79.99	-79.99	-79.99	-79.99	-79.99	-79.99	-79.99	-79.99	-79.99	-79.99	-79.99	-79.99	-79.99	-79.99	-79.99	-79.99	-79.9901
0.125	-79.9984	-79.9945	-79.9924	-79.9912	-79.9906	-79.9902	-79.99	-79.9899	-79.9899	-79.9899	-79.9899	-79.9898	-79.9898	-79.9898	-79.9898	-79.9898	-79.9898	-79.9898	-79.9898	-79.9898	-79.9898	-79.9898	-79.9898	-79.9898	-79.9898	-79.9898	-79.9898	-79.9898	-79.9898	-79.9898	-79.9898	-79.9898	-79.9899	-79.9899	-79.9899	-79.9899
0.13	-79.9984	-79.9945	-79.9923	-79.9911	-79.9904	-79.9901	-79.9899	-79.9898	-79.9897	-79.9897	-79.9897	-79.9897	-79.9897	-79.9897	-79.9897	-79.9897	-79.9897	-79.9897	-79.9897	-79.9897	-79.9897	-79.9897	-79.9897	-79.9897	-79.9897	-79.9897	-79.9897	-79.9897	-79.9897	-79.9897	-79.9897	-79.9897	-79.9897	-79.9897	-79.9897	-79.9898
0.135	-79.9984	-79.9945	-79.9922	-79.991	-79.9903	-79.99	-79.9898	-79.9897	-79.9896	-79.9896	-79.9896	-79.9896	-79.9895	-79.9895	-79.9895	-79.9895	-79.9895	-79.9895	-79.9895	-79.9895	-79.9895	-79.9895	-79.9895	-79.9895	-79.9895	-79.9895	-79.9895	-79.9895	-79.9895	-79.9895	-79.9895	-79.9896	-79.9896	-79.9896	-79.9896	-79.9896
0.14	-79.9984	-79.9944	-79.9922	-79.9909	-79.9902	-79.9898	-79.9896	-79.9895	-79.9895	-79.9894	-79.9894	-79.9894	-79.9894	-79.9894	-79.9894	-79.9894	-79.9894	-79.9894	-79.9894	-79.9894	-79.9894	-79.9894	-79.9894	-79.9894	-79.9894	-79.9894	-79.9894	-79.9894	-79.9894	-79.9894	-79.9894	-79.9894	-79.9894	-79.9894	-79.9894	-79.9895
0.145	-79.9984	-79.9944	-79.9921	-79.9908	-79.9901	-79.9897	-79.9895	-79.9894	-79.9893	-79.9893	-79.9893	-79.9893	-79.9893	-79.9893	-79.9893	-79.9893	-79.9893	-79.9893	-79.9893	-79.9893	-79.9893	-79.9893	-79.9893	-79.9893	-79.9893	-79.9893	-79.9893	-79.9893	-79.9893	-79.9893	-79.9893	-79.9893	-79.9893	-79.9893	-79.9893	-79.9893
0.15	-79.9984	-79.9943	-79.992	-79.9907	-79.99	-79.9896	-79.9894	-79.9893	-79.9892	-79.9892	-79.9892	-79.9892	-79.9891	-79.9891	-79.9891	-79.9891	-79.9891	-79.9891	-79.9891	-79.9891	-79.9891	-79.9891	-79.9891	-79.9891	-79.9891	-79.9891	-79.9891	-79.9891	-79.9891	-79.9891	-79.9891	-79.9892	-79.9892	-79.9892	-79.9892	-79.9892
0.155	-79.9984	-79.9943	-79.992	-79.9906	-79.9899	-79.9895	-79.9893	-79.9891	-79.9891	-79.9891	-79.989	-79.989	-79.989	-79.989	-79.989	-79.989	-79.989	-79.989	-79.989	-79.989	-79.989	-79.989	-79.989	-79.989	-79.989	-79.989	-79.989	-79.989	-79.989	-79.989	-79.989	-79.989	-79.989	-79.989	-79.9891	-79.9891
0.16	-79.9984	-79.9943	-79.9919	-79.9905	-79.9898	-79.9894	-79.9892	-79.989	-79.989	-79.9889	-79.9889	-79.9889	-79.9889	-79.9889	-79.9889	-79.9889	-79.9889	-79.9889	-79.9889	-79.9889	-79.9889	-79.9889	-79.9889	-79.9889	-79.9889	-79.9889	-79.9889	-79.9889	-79.9889	-79.9889	-79.9889	-79.9889	-79.9889	-79.9889	-79.9889	-79.989
0.165	-79.9984	-79.9942	-79.9918	-79.9905	-79.9897	-79.9893	-79.989	-79.9889	-79.9888	-79.9888	-79.9888	-79.9888	-79.9888	-79.9888	-79.9888	-79.9888	-79.9888	-79.9888	-79.9888	-79.9888	-79.9888	-79.9888	-79.9888	-79.9888	-79.9888	-79.9888	-79.9888	-79.9888	-79.9888	-79.9888	-79.9888	-79.9888	-79.9888	-79.9888	-79.9888	-79.9888
0.17	-79.9984	-79.9942	-79.9918	-79.9904	-79.9896	-79.9892	-79.9889	-79.9888	-79.9887	-79.9887	-79.9887	-79.9887	-79.9887	-79.9887	-79.9887	-79.9887	-79.9887	-79.9887	-79.9887	-79.9887	-79.9887	-79.9887	-79.9887	-79.9887	-79.9887	-79.9887	-79.9887	-79.9887	-79.9887	-79.9887	-79.9887	-79.9887	-79.9887	-79.9887	-79.9887	-79.9887
0.175	-79.9984	-79.9942	-79.9917	-79.9903	-79.9895	-79.9891	-79.9888	-79.9887	-79.9886	-79.9886	-79.9886	-79.9886	-79.9885	-79.9885	-79.9885	-79.9885	-79.9885	-79.9885	-79.9885	-79.9885	-79.9885	-79.9885	-79.9885	-79.9885	-79.9885	-79.9885	-79.9885	-79.9885	-79.9885	-79.9885	-79.9885	-79.9885	-79.9886	-79.9886	-79.9886	-79.9886
0.18	-79.9984	-79.9941	-79.9917	-79.9902	-79.9894	-79.989	-79.9887	-79.9886	-79.9885	-79.9885	-79.9885	-79.9884	-79.9884	-79.9884	-79.9884	-79.9884	-79.9884	-79.9884	-79.9884	-79.9884	-79.9884	-79.9884	-79.9884	-79.9884	-79.9884	-79.9884	-79.9884	-79.9884	-79.9884	-79.9884	-79.9884	-79.9884	-79.9884	-79.9885	-79.9885	-79.9885
0.185	-79.9984	-79.9941	-79.9916	-79.9902	-79.9893	-79.9889	-79.9886	-79.9885	-79.9884	-79.9884	-79.9883	-79.9883	-79.9883	-79.9883	-79.9883	-79.9883	-79.9883	-79.9883	-79.9883	-79.9883	-79.9883	-79.9883	-79.9883	-79.9883	-79.9883	-79.9883	-79.9883	-79.9883	-79.9883	-79.9883	-79.9883	-79.9883	-79.9883	-79.9883	-79.9884	-79.9884
0.19	-79.9984	-79.9941	-79.9916	-79.9901	-79.9893	-79.9888	-79.9885	-79.9884	-79.9883	-79.9883	-79.9882	-79.9882	-79.9882	-79.9882	-79.9882	-79.9882	-79.9882	-79.9882	-79.9882	-79.9882	-79.9882	-79.9882	-79.9882	-79.9882	-79.9882	-79.9882	-79.9882	-79.9882	-79.9882	-79.9882	-79.9882	-79.9882	-79.9882	-79.9882	-79.9883	-79.9883
0.195	-79.9984	-79.994	-79.9915	-79.99	-79.9892	-79.9887	-79.9884	-79.9883	-79.9882	-79.9882	-79.9881	-79.9881	-79.9881	-79.9881	-79.9881	-79.9881	-79.9881	-79.9881	-79.9881	-79.9881	-79.9881	-79.9881	-79.9881	-79.9881	-79.9881	-79.9881	-79.9881	-79.9881	-79.9881	-79.9881	-79.9881	-79.9881	-79.9881	-79.9881	-79.9882	-79.9882
0.2	-79.9984	-79.994	-79.9914	-79.99	-79.9891	-79.9886	-79.9883	-79.9882	-79.9881	-79.9881	-79.988	-79.988	-79.988	-79.988	-79.988	-79.988	-79.988	-79.988	-79.988	-79.988	-79.988	-79.988	-79.988	-79.988	-79.988	-79.988	-79.988	-79.988	-79.988	-79.988	-79.988	-79.988	-79.988	-79.988	-79.9881	-79.9881
0.205	-79.9984	-79.994	-79.9914	-79.9899	-79.989	-79.9885	-79.9883	-79.9881	-79.988	-79.988	-79.9879	-79.9879	-79.9879	-79.9879	-79.9879	-79.9879	-79.9879	-79.9879	-79.9879	-79.9879	-79.9879	-79.9879	-79.9879	-79.9879	-79.9879	-79.9879	-79.9879	-79.9879	-79.9879	-79.9879	-79.9879	-79.9879	-79.9879	-79.9879	-79.988	-79.988
0.21	-79.9984	-79.994	-79.9914	-79.9898	-79.989	-79.9885	-79.9882	-79.988	-79.9879	-79.9879	-79.9878	-79.9878	-79.9878	-79.9878	-79.9878	-79.9878	-79.9878	-79.9878	-79.9878	-79.9878	-79.9878	-79.9878	-79.9878	-79.9878	-79.9878	-79.9878	-79.9878	-79.9878	-79.9878	-79.9878	-79.9878	-79.9878	-79.9878	-79.9878	-79.9879	-79.9879
0.215	-79.9984	-79.9939	-79.9913	-79.9898	-79.9889	-79.9884	-79.9881	-79.9879	-79.9878	-79.9878	-79.9878	-79.9877	-79.9877	-79.9877	-79.9877	-79.9877	-79.9877	-79.9877	-79.9877	-79.9877	-79.9877	-79.9877	-79.9877	-79.9877	-79.9877	-79.9877	-79.9877	-79.9877	-79.9877	-79.9877	-79.9877	-79.9877	-79.9877	-79.9878	-79.9878	-79.9878
0.22	-79.9984	-79.9939	-79.9913	-79.9897	-79.9888	-79.9883	-79.988	-79.9878	-79.9877	-79.9877	-79.9877	-79.9876	-79.9876	-79.9876	-79.9876	-79.9876	-79.9876	-79.9876	-79.9876	-79.9876	-79.9876	-79.9876	-79.9876	-79.9876	-79.9876	-79.9876	-79.9876	-79.9876	-79.9876	-79.9876	-79.9876	-79.9876	-79.9876	-79.9877	-79.9877	-79.9877
0.225	-79.9984	-79.9939	-79.9912	-79.9897	-79.9887	-79.9882	-79.9879	-79.9877	-79.9877	-79.9876	-79.9876	-79.9876	-79.9875	-79.9875	-79.9875	-79.9875	-79.9875	-79.9875	-79.9875	-79.9875	-79.9875	-79.9875	-79.9875	-79.9875	-79.9875	-79.9875	-79.9875	-79.9875	-79.9875	-79.9875	-79.9875	-79.9875	-79.9876	-79.9876	-79.9876	-79.9876
0.23	-79.9984	-79.9939	-79.9912	-79.9896	-79.9887	-79.9881	-79.9878	-79.9877	-79.9876	-79.9875	-79.9875	-79.9875	-79.9875	-79.9875	-79.9875	-79.9875	-79.9875	-79.9874	-79.9874	-79.9874	-79.9874	-79.9874	-79.9874	-79.9874	-79.9874	-79.9874	-79.9875	-79.9875	-79.9875	-79.9875	-79.9875	-79.9875	-79.9875	-79.9875	-79.9875	-79.9875
0.235	-79.9984	-79.9939	-79.9911	-79.9895	-79.9886	-79.9881	-79.9878	-79.9876	-79.9875	-79.9874	-79.9874	-79.9874	-79.9874	-79.9874	-79.9874	-79.9874	-79.9874	-79.9874	-79.9874	-79.9874	-79.9874	-79.9874	-79.9874	-79.9874	-79.9874	-79.9874	-79.9874	-79.9874	-79.9874	-79.9874	-79.9874	-79.9874	-79.9874	-79.9874	-79.9874	-79.9874
0.24	-79.9984	-79.9938	-79.9911	-79.9895	-79.9885	-79.988	-79.9877	-79.9875	-79.9874	-79.9874	-79.9873	-79.9873	-79.9873	-79.9873	-79.9873	-79.9873	-79.9873	-79.9873	-79.9873	-79.9873	-79.9873	-79.9873	-79.9873	-79.9873	-79.9873	-79.9873	-79.9873	-79.9873	-79.9873	-79.9873	-79.9873	-79.9873	-79.9873	-79.9873	-79.9873	-79.9874
0.245	-79.9984	-79.9938	-79.9911	-79.9894	-79.9885	-79.9879	-79.9876	-79.9874	-79.9873	-79.9873	-79.9872	-79.9872	-79.9872	-79.9872	-79.9872	-79.9872	-79.9872	-79.9872	-79.9872	-79.9872	-79.9872	-79.9872	-79.9872	-79.9872	-79.9872	-79.9872	-79.9872	-79.9872	-79.9872	-79.9872	-79.9872	-79.9872	-79.9872	-79.9872	-79.9873	-79.9873
0.25	-79.9984	-79.9938	-79.991	-79.9894	-79.9884	-79.9879	-79.9875	-79.9874	-79.9872	-79.9872	-79.9872	-79.9871	-79.9871	-79.9871	-79.9871	-79.9871	-79.9871	-79.9871	-79.9871	-79.9871	-79.9871	-79.9871	-79.9871	-79.9871	-79.9871	-79.9871	-79.9871	-79.9871	-79.9871	-79.9871	-79.9871	-79.9871	-79.9871	-79.9871	-79.9872	-79.9872
0.255	-79.9984	-79.9938	-79.991	-79.9893	-79.9884	-79.9878	-79.9875	-79.9873	-79.9872	-79.9871	-79.9871	-79.9871	-79.987	-79.987	-79.987	-79.987	-79.987	-79.987	-79.987	-79.987	-79.987	-79.987	-79.987	-79.987	-79.987	-79.987	-79.987	-79.987	-79.987	-79.987	-79.987	-79.987	-79.9871	-79.9871	-79.9871	-79.9871
0.26	-79.9984	-79.9937	-79.9909	-79.9893	-79.9883	-79.9877	-79.9874	-79.9872	-79.9871	-79.987	-79.987	-79.987	-79.987	-79.987	-79.987	-79.987	-79.987	-79.987	-79.987	-79.987	-79.987	-79.987	-79.987	-79.987	-79.987	-79.987	-79.987	-79.987	-79.987	-79.987	-79.987	-79.987	-79.987	-79.987	-79.987	-79.987
0.265	-79.9984	-79.9937	-79.9909	-79.9892	-79.9882	-79.9877	-79.9873	-79.9871	-79.987	-79.987	-79.9869	-79.9869	-79.9869	-79.9869	-79.9869	-79.9869	-79.9869	-79.9869	-79.9869	-79.9869	-79.9869	-79.9869	-79.9869	-79.9869	-79.9869	-79.9869	-79.9869	-79.9869	-79.9869	-79.9869	-79.9869	-79.9869	-79.9869	-79.9869	-79.9869	-79.987
0.27	-79.9984	-79.9937	-79.9909	-79.9892	-79.9882	-79.9876	-79.9873	-79.9871	-79.9869	-79.9869	-79.9868	-79.9868	-79.9868	-79.9868	-79.9868	-79.9868	-79.9868	-79.9868	-79.9868	-79.9868	-79.9868	-79.9868	-79.9868	-79.9868	-79.9868	-79.9868	-79.9868	-79.9868	-79.9868	-79.9868	-79.9868	-79.9868	-79.9868	-79.9868	-79.9868	-79.9869
0.275	-79.9984	-79.9937	-79.9908	-79.9891	-79.9881	-79.9875	-79.9872	-79.987	-79.9869	-79.9868	-79.9868	-79.9867	-79.9867	-79.9867	-79.9867	-79.9867	-79.9867	-79.9867	-79.9867	-79.9867	-79.9867	-79.9867	-79.9867	-79.9867	-79.9867	-79.9867	-79.9867	-79.9867	-79.9867	-79.9867	-79.9867	-79.9867	-79.9867	-79.9868	-79.9868	-79.9868
0.28	-79.9984	-79.9937	-79.9908	-79.9891	-79.9881	-79.9875	-79.9871	-79.9869	-79.9868	-79.9867	-79.9867	-79.9867	-79.9867	-79.9866	-79.9866	-79.9866	-79.9866	-79.9866	-79.9866	-79.9866	-79.9866	-79.9866	-79.9866	-79.9866	-79.9866	-79.9866	-79.9866	-79.9866	-79.9866	-79.9866	-79.9866	-79.9867	-79.9867	-79.9867	-79.9867	-79.9867
0.285	-79.9984	-79.9936	-79.9908	-79.989	-79.988	-79.9874	-79.987	-79.9868	-79.9867	-79.9867	-79.9866	-79.9866	-79.9866	-79.9866	-79.9866	-79.9866	-79.9866	-79.9866	-79.9866	-79.9866	-79.9866	-79.9866	-79.9866	-79.9866	-79.9866	-79.9866	-79.9866	-79.9866	-79.9866	-79.9866	-79.9866	-79.9866	-79.9866	-79.9866	-79.9866	-79.9867
0.29	-79.9984	-79.9936	-79.9907	-79.989	-79.988	-79.9873	-79.987	-79.9868	-79.9867	-79.9866	-79.9865	-79.9865	-79.9865	-79.9865	-79.9865	-79.9865	-79.9865	-79.9865	-79.9865	-79.9865	-79.9865	-79.9865	-79.9865	-79.9865	-79.9865	-79.9865	-79.9865	-79.9865	-79.9865	-79.9865	-79.9865	-79.9865	-79.9865	-79.9865	-79.9865	-79.9866
0.295	-79.9984	-79.9936	-79.9907	-79.9889	-79.9879	-79.9873	-79.9869	-79.9867	-79.9866	-79.9865	-79.9865	-79.9865	-79.9864	-79.9864	-79.9864	-79.9864	-79.9864	-79.9864	-79.9864	-79.9864	-79.9864	-79.9864	-79.9864	-79.9864	-79.9864	-79.9864	-79.9864	-79.9864	-79.9864	-79.9864	-79.9864	-79.9864	-79.9864	-79.9865	-79.9865	-79.9865
0.3	-79.9984	-79.9936	-79.9907	-79.9889	-79.9878	-79.9872	-79.9869	-79.9866	-79.9865	-79.9865	-79.9864	-79.9864	-79.9864	-79.9864	-79.9864	-79.9864	-79.9864	-79.9864	-79.9864	-79.9864	-79.9864	-79.9864	-79.9864	-79.9864	-79.9864	-79.9864	-79.9864	-79.9864	-79.9864	-79.9864	-79.9864	-79.9864	-79.9864	-79.9864	-79.9864	-79.9865
0.305	-79.9984	-79.9936	-79.9906	-79.9889	-79.9878	-79.9872	-79.9868	-79.9866	-79.9865	-79.9864	-79.9863	-79.9863	-79.9863	-79.9863	-79.9863	-79.9863	-79.9863	-79.9863	-79.9863	-79.9863	-79.9863	-79.9863	-79.9863	-79.9863	-79.9863	-79.9863	-79.9863	-79.9863	-79.9863	-79.9863	-79.9863	-79.9863	-79.9863	-79.9863	-79.9863	-79.9864
0.31	-79.9984	-79.9936	-79.9906	-79.9888	-79.9877	-79.9871	-79.9867	-79.9865	-79.9864	-79.9863	-79.9863	-79.9862	-79.9862	-79.9862	-79.9862	-79.9862	-79.9862	-79.9862	-79.9862	-79.9862	-79.9862	-79.9862	-79.9862	-79.9862	-79.9862	-79.9862	-79.9862	-79.9862	-79.9862	-79.9862	-79.9862	-79.9862	-79.9862	-79.9863	-79.9863	-79.9863
0.315	-79.9984	-79.9935	-79.9906	-79.9888	-79.9877	-79.987	-79.9867	-79.9865	-79.9863	-79.9862	-79.9862	-79.9862	-79.9862	-79.9862	-79.9862	-79.9862	-79.9861	-79.9861	-79.9861	-79.9861	-79.9861	-79.9861	-79.9861	-79.9861	-79.9861	-79.9861	-79.9861	-79.9861	-79.9862	-79.9862	-79.9862	-79.9862	-79.9862	-79.9862	-79.9862	-79.9862
0.32	-79.9984	-79.9935	-79.9905	-79.9887	-79.9876	-79.987	-79.9866	-79.9864	-79.9863	-79.9862	-79.9861	-79.9861	-79.9861	-79.9861	-79.9861	-79.9861	-79.9861	-79.9861	-79.9861	-79.9861	-79.9861	-79.9861	-79.9861	-79.9861	-79.9861	-79.9861	-79.9861	-79.9861	-79.9861	-79.9861	-79.9861	-79.9861	-79.9861	-79.9861	-79.9861	-79.9862
0.325	-79.9984	-79.9935	-79.9905	-79.9887	-79.9876	-79.9869	-79.9865	-79.9863	-79.9862	-79.9861	-79.9861	-79.986	-79.986	-79.986	-79.986	-79.986	-79.986	-79.986	-79.986	-79.986	-79.986	-79.986	-79.986	-79.986	-79.986	-79.986	-79.986	-79.986	-79.986	-79.986	-79.986	-79.986	-79.986	-79.986	-79.9861	-79.9861
0.33	-79.9984	-79.9935	-79.9905	-79.9886	-79.9875	-79.9869	-79.9865	-79.9863	-79.9861	-79.9861	-79.986	-79.986	-79.986	-79.986	-79.986	-79.9859	-79.9859	-79.9859	-79.9859	-79.9859	-79.9859	-79.9859	-79.9859	-79.9859	-79.9859	-79.9859	-79.9859	-79.9859	-79.9859	-79.986	-79.986	-79.986	-79.986	-79.986	-79.986	-79.986
0.335	-79.9984	-79.9935	-79.9904	-79.9886	-79.9875	-79.9868	-79.9864	-79.9862	-79.9861	-79.986	-79.9859	-79.9859	-79.9859	-79.9859	-79.9859	-79.9859	-79.9859	-79.9859	-79.9859	-79.9859	-79.9859	-79.9859	-79.9859	-79.9859	-79.9859	-79.9859	-79.9859	-79.9859	-79.9859	-79.9859	-79.9859	-79.9859	-79.9859	-79.9859	-79.9859	-79.986
0.34	-79.9984	-79.9935	-79.9904	-79.9886	-79.9874	-79.9868	-79.9864	-79.9861	-79.986	-79.9859	-79.9859	-79.9859	-79.9858	-79.9858	-79.9858	-79.9858	-79.9858	-79.9858	-79.9858	-79.9858	-79.9858	-79.9858	-79.9858	-79.9858	-79.9858	-79.9858	-79.9858	-79.9858	-79.9858	-79.9858	-79.9858	-79.9858	-79.9858	-79.9859	-79.9859	-79.9859
0.345	-79.9984	-79.9934	-79.9904	-79.9885	-79.9874	-79.9867	-79.9863	-79.9861	-79.9859	-79.9859	-79.9858	-79.9858	-79.9858	-79.9858	-79.9858	-79.9858	-79.9858	-79.9858	-79.9858	-79.9858	-79.9858	-79.9858	-79.9858	-79.9858	-79.9858	-79.9858	-79.9858	-79.9858	-79.9858	-79.9858	-79.9858	-79.9858	-79.9858	-79.9858	-79.9858	-79.9858
0.35	-79.9984	-79.9934	-79.9904	-79.9885	-79.9874	-79.9867	-79.9863	-79.986	-79.9859	-79.9858	-79.9858	-79.9857	-79.9857	-79.9857	-79.9857	-79.9857	-79.9857	-79.9857	-79.9857	-79.9857	-79.9857	-79.9857	-79.9857	-79.9857	-79.9857	-79.9857	-79.9857	-79.9857	-79.9857	-79.9857	-79.9857	-79.9857	-79.9857	-79.9857	-79.9857	-79.9858
0.355	-79.9984	-79.9934	-79.9903	-79.9884	-79.9873	-79.9866	-79.9862	-79.986	-79.9858	-79.9857	-79.9857	-79.9857	-79.9856	-79.9856	-79.9856	-79.9856	-79.9856	-79.9856	-79.9856	-79.9856	-79.9856	-79.9856	-79.9856	-79.9856	-79.9856	-79.9856	-79.9856	-79.9856	-79.9856	-79.9856	-79.9856	-79.9856	-79.9856	-79.9857	-79.9857	-79.9857
0.36	-79.9984	-79.9934	-79.9903	-79.9884	-79.9873	-79.9866	-79.9862	-79.9859	-79.9858	-79.9857	-79.9856	-79.9856	-79.9856	-79.9856	-79.9856	-79.9856	-79.9856	-79.9856	-79.9856	-79.9856	-79.9856	-79.9856	-79.9856	-79.9856	-79.9856	-79.9856	-79.9856	-79.9856	-79.9856	-79.9856	-79.9856	-79.9856	-79.9856	-79.9856	-79.9856	-79.9857
0.365	-79.9984	-79.9934	-79.9903	-79.9884	-79.9872	-79.9865	-79.9861	-79.9859	-79.9857	-79.9856	-79.9856	-79.9855	-79.9855	-79.9855	-79.9855	-79.9855	-79.9855	-79.9855	-79.9855	-79.9855	-79.9855	-79.9855	-79.9855	-79.9855	-79.9855	-79.9855	-79.9855	-79.9855	-79.9855	-79.9855	-79.9855	-79.9855	-79.9855	-79.9855	-79.9856	-79.9856
0.37	-79.9984	-79.9934	-79.9902	-79.9883	-79.9872	-79.9865	-79.9861	-79.9858	-79.9856	-79.9856	-79.9855	-79.9855	-79.9855	-79.9855	-79.9855	-79.9855	-79.9855	-79.9855	-79.9854	-79.9854	-79.9854	-79.9854	-79.9854	-79.9854	-79.9854	-79.9854	-79.9855	-79.9855	-79.9855	-79.9855	-79.9855	-79.9855	-79.9855	-79.9855	-79.9855	-79.9855
0.375	-79.9984	-79.9933	-79.9902	-79.9883	-79.9871	-79.9864	-79.986	-79.9857	-79.9856	-79.9855	-79.9855	-79.9854	-79.9854	-79.9854	-79.9854	-79.9854	-79.9854	-79.9854	-79.9854	-79.9854	-79.9854	-79.9854	-79.9854	-79.9854	-79.9854	-79.9854	-79.9854	-79.9854	-79.9854	-79.9854	-79.9854	-79.9854	-79.9854	-79.9854	-79.9855	-79.9855
0.38	-79.9984	-79.9933	-79.9902	-79.9883	-79.9871	-79.9864	-79.9859	-79.9857	-79.9855	-79.9855	-79.9854	-79.9854	-79.9854	-79.9853	-79.9853	-79.9853	-79.9853	-79.9853	-79.9853	-79.9853	-79.9853	-79.9853	-79.9853	-79.9853	-79.9853	-79.9853	-79.9853	-79.9853	-79.9853	-79.9853	-79.9853	-79.9853	-79.9854	-79.9854	-79.9854	-79.9854
0.385	-79.9984	-79.9933	-79.9902	-79.9882	-79.987	-79.9863	-79.9859	-79.9856	-79.9855	-79.9854	-79.9853	-79.9853	-79.9853	-79.9853	-79.9853	-79.9853	-79.9853	-79.9853	-79.9853	-79.9853	-79.9853	-79.9853	-79.9853	-79.9853	-79.9853	-79.9853	-79.9853	-79.9853	-79.9853	-79.9853	-79.9853	-79.9853	-79.9853	-79.9853	-79.9853	-79.9854
0.39	-79.9984	-79.9933	-79.9901	-79.9882	-79.987	-79.9863	-79.9858	-79.9856	-79.9854	-79.9853	-79.9853	-79.9853	-79.9852	-79.9852	-79.9852	-79.9852	-79.9852	-79.9852	-79.9852	-79.9852	-79.9852	-79.9852	-79.9852	-79.9852	-79.9852	-79.9852	-79.9852	-79.9852	-79.9852	-79.9852	-79.9852	-79.9852	-79.9852	-79.9853	-79.9853	-79.9853
0.395	-79.9984	-79.9933	-79.9901	-79.9882	-79.987	-79.9862	-79.9858	-79.9855	-79.9854	-79.9853	-79.9852	-79.9852	-79.9852	-79.9852	-79.9852	-79.9852	-79.9852	-79.9852	-79.9852	-79.9852	-79.9852	-79.9852	-79.9852	-79.9852	-79.9852	-79.9852	-79.9852	-79.9852	-79.9852	-79.9852	-79.9852	-79.9852	-79.9852	-79.9852	-79.9852	-79.9853
0.4	-79.9984	-79.9933	-79.9901	-79.9881	-79.9869	-79.9862	-79.9857	-79.9855	-79.9853	-79.9852	-79.9852	-79.9851	-79.9851	-79.9851	-79.9851	-79.9851	-79.9851	-79.9851	-79.9851	-79.9851	-79.9851	-79.9851	-79.9851	-79.9851	-79.9851	-79.9851	-79.9851	-79.9851	-79.9851	-79.9851	-79.9851	-79.9851	-79.9851	-79.9851	-79.9852	-79.9852
0.405	-79.9984	-79.9933	-79.9901	-79.9881	-79.9869	-79.9861	-79.9857	-79.9854	-79.9853	-79.9852	-79.9851	-79.9851	-79.9851	-79.9851	-79.985	-79.985	-79.985	-79.985	-79.985	-79.985	-79.985	-79.985	-79.985	-79.985	-79.985	-79.985	-79.985	-79.985	-79.985	-79.985	-79.985	-79.9851	-79.9851	-79.9851	-79.9851	-79.9851
0.41	-79.9984	-79.9932	-79.99	-79.9881	-79.9868	-79.9861	-79.9856	-79.9854	-79.9852	-79.9851	-79.9851	-79.985	-79.985	-79.985	-79.985	-79.985	-79.985	-79.985	-79.985	-79.985	-79.985	-79.985	-79.985	-79.985	-79.985	-79.985	-79.985	-79.985	-79.985	-79.985	-79.985	-79.985	-79.985	-79.985	-79.985	-79.9851
0.415	-79.9984	-79.9932	-79.99	-79.988	-79.9868	-79.986	-79.9856	-79.9853	-79.9852	-79.9851	-79.985	-79.985	-79.985	-79.9849	-79.9849	-79.9849	-79.9849	-79.9849	-79.9849	-79.9849	-79.9849	-79.9849	-79.9849	-79.9849	-79.9849	-79.9849	-79.9849	-79.9849	-79.9849	-79.9849	-79.9849	-79.9849	-79.985	-79.985	-79.985	-79.985
0.42	-79.9984	-79.9932	-79.99	-79.988	-79.9868	-79.986	-79.9855	-79.9853	-79.9851	-79.985	-79.985	-79.9849	-79.9849	-79.9849	-79.9849	-79.9849	-79.9849	-79.9849	-79.9849	-79.9849	-79.9849	-79.9849	-79.9849	-79.9849	-79.9849	-79.9849	-79.9849	-79.9849	-79.9849	-79.9849	-79.9849	-79.9849	-79.9849	-79.9849	-79.9849	-79.985
0.425	-79.9984	-79.9932	-79.99	-79.988	-79.9867	-79.986	-79.9855	-79.9852	-79.9851	-79.985	-79.9849	-79.9849	-79.9848	-79.9848	-79.9848	-79.9848	-79.9848	-79.9848	-79.9848	-79.9848	-79.9848	-79.9848	-79.9848	-79.9848	-79.9848	-79.9848	-79.9848	-79.9848	-79.9848	-79.9848	-79.9848	-79.9848	-79.9848	-79.9849	-79.9849	-79.9849
0.43	-79.9984	-79.9932	-79.9899	-79.9879	-79.9867	-79.9859	-79.9855	-79.9852	-79.985	-79.9849	-79.9848	-79.9848	-79.9848	-79.9848	-79.9848	-79.9848	-79.9848	-79.9848	-79.9848	-79.9848	-79.9848	-79.9848	-79.9848	-79.9848	-79.9848	-79.9848	-79.9848	-79.9848	-79.9848	-79.9848	-79.9848	-79.9848	-79.9848	-79.9848	-79.9848	-79.9849
0.435	-79.9984	-79.9932	-79.9899	-79.9879	-79.9866	-79.9859	-79.9854	-79.9851	-79.985	-79.9849	-79.9848	-79.9848	-79.9847	-79.9847	-79.9847	-79.9847	-79.9847	-79.9847	-79.9847	-79.9847	-79.9847	-79.9847	-79.9847	-79.9847	-79.9847	-79.9847	-79.9847	-79.9847	-79.9847	-79.9847	-79.9847	-79.9847	-79.9847	-79.9847	-79.9848	-79.9848
0.44	-79.9984	-79.9932	-79.9899	-79.9879	-79.9866	-79.9858	-79.9854	-79.9851	-79.9849	-79.9848	-79.9847	-79.9847	-79.9847	-79.9847	-79.9847	-79.9847	-79.9847	-79.9847	-79.9847	-79.9847	-79.9847	-79.9847	-79.9847	-79.9847	-79.9847	-79.9847	-79.9847	-79.9847	-79.9847	-79.9847	-79.9847	-79.9847	-79.9847	-79.9847	-79.9847	-79.9848
0.445	-79.9984	-79.9931	-79.9899	-79.9878	-79.9866	-79.9858	-79.9853	-79.985	-79.9849	-79.9848	-79.9847	-79.9847	-79.9846	-79.9846	-79.9846	-79.9846	-79.9846	-79.9846	-79.9846	-79.9846	-79.9846	-79.9846	-79.9846	-79.9846	-79.9846	-79.9846	-79.9846	-79.9846	-79.9846	-79.9846	-79.9846	-79.9846	-79.9846	-79.9846	-79.9847	-79.9847
0.45	-79.9984	-79.9931	-79.9898	-79.9878	-79.9865	-79.9857	-79.9853	-79.985	-79.9848	-79.9847	-79.9846	-79.9846	-79.9846	-79.9846	-79.9846	-79.9846	-79.9846	-79.9846	-79.9846	-79.9846	-79.9846	-79.9846	-79.9846	-79.9846	-79.9846	-79.9846	-79.9846	-79.9846	-79.9846	-79.9846	-79.9846	-79.9846	-79.9846	-79.9846	-79.9846	-79.9847
0.455	-79.9984	-79.9931	-79.9898	-79.9878	-79.9865	-79.9857	-79.9852	-79.9849	-79.9848	-79.9846	-79.9846	-79.9846	-79.9845	-79.9845	-79.9845	-79.9845	-79.9845	-79.9845	-79.9845	-79.9845	-79.9845	-79.9845	-79.9845	-79.9845	-79.9845	-79.9845	-79.9845	-79.9845	-79.9845	-79.9845	-79.9845	-79.9845	-79.9845	-79.9845	-79.9846	-79.9846
0.46	-79.9984	-79.9931	-79.9898	-79.9877	-79.9865	-79.9857	-79.9852	-79.9849	-79.9847	-79.9846	-79.9845	-79.9845	-79.9845	-79.9845	-79.9845	-79.9845	-79.9845	-79.9845	-79.9845	-79.9845	-79.9845	-79.9845	-79.9845	-79.9845	-79.9845	-79.9845	-79.9845	-79.9845	-79.9845	-79.9845	-79.9845	-79.9845	-79.9845	-79.9845	-79.9845	-79.9846
0.465	-79.9984	-79.9931	-79.9898	-79.9877	-79.9864	-79.9856	-79.9851	-79.9848	-79.9847	-79.9846	-79.9845	-79.9845	-79.9844	-79.9844	-79.9844	-79.9844	-79.9844	-79.9844	-79.9844	-79.9844	-79.9844	-79.9844	-79.9844	-79.9844	-79.9844	-79.9844	-79.9844	-79.9844	-79.9844	-79.9844	-79.9844	-79.9844	-79.9844	-79.9844	-79.9845	-79.9845
0.47	-79.9984	-79.9931	-79.9898	-79.9877	-79.9864	-79.9856	-79.9851	-79.9848	-79.9846	-79.9845	-79.9844	-79.9844	-79.9844	-79.9844	-79.9844	-79.9844	-79.9844	-79.9844	-79.9844	-79.9844	-79.9844	-79.9844	-79.9844	-79.9844	-79.9844	-79.9844	-79.9844	-79.9844	-79.9844	-79.9844	-79.9844	-79.9844	-79.9844	-79.9844	-79.9844	-79.9845
0.475	-79.9984	-79.9931	-79.9897	-79.9876	-79.9863	-79.9855	-79.985	-79.9847	-79.9846	-79.9845	-79.9844	-79.9844	-79.9843	-79.9843	-79.9843	-79.9843	-79.9843	-79.9843	-79.9843	-79.9843	-79.9843	-79.9843	-79.9843	-79.9843	-79.9843	-79.9843	-79.9843	-79.9843	-79.9843	-79.9843	-79.9843	-79.9843	-79.9843	-79.9843	-79.9844	-79.9844
0.48	-79.9984	-79.9931	-79.9897	-79.9876	-79.9863	-79.9855	-79.985	-79.9847	-79.9845	-79.9844	-79.9843	-79.9843	-79.9843	-79.9843	-79.9843	-79.9843	-79.9843	-79.9843	-79.9842	-79.9842	-79.9842	-79.9842	-79.9842	-79.9842	-79.9842	-79.9842	-79.9842	-79.9843	-79.9843	-79.9843	-79.9843	-79.9843	-79.9843	-79.9843	-79.9843	-79.9844
0.485	-79.9984	-79.993	-79.9897	-79.9876	-79.9863	-79.9855	-79.985	-79.9847	-79.9845	-79.9844	-79.9843	-79.9843	-79.9842	-79.9842	-79.9842	-79.9842	-79.9842	-79.9842	-79.9842	-79.9842	-79.9842	-79.9842	-79.9842	-79.9842	-79.9842	-79.9842	-79.9842	-79.9842	-79.9842	-79.9842	-79.9842	-79.9842	-79.9842	-79.9842	-79.9843	-79.9843
0.49	-79.9984	-79.993	-79.9897	-79.9875	-79.9862	-79.9854	-79.9849	-79.9846	-79.9844	-79.9843	-79.9842	-79.9842	-79.9842	-79.9842	-79.9842	-79.9842	-79.9842	-79.9842	-79.9841	-79.9841	-79.9841	-79.9841	-79.9841	-79.9841	-79.9841	-79.9841	-79.9842	-79.9842	-79.9842	-79.9842	-79.9842	-79.9842	-79.9842	-79.9842	-79.9842	-79.9843
0.495	-79.9984	-79.993	-79.9896	-79.9875	-79.9862	-79.9854	-79.9849	-79.9846	-79.9844	-79.9843	-79.9842	-79.9842	-79.9841	-79.9841	-79.9841	-79.9841	-79.9841	-79.9841	-79.9841	-79.9841	-79.9841	-79.9841	-79.9841	-79.9841	-79.9841	-79.9841	-79.9841	-79.9841	-79.9841	-79.9841	-79.9841	-79.9841	-79.9841	-79.9841	-79.9842	-79.9842
0.5	-79.9984	-79.993	-79.9896	-79.9875	-79.9862	-79.9853	-79.9848	-79.9845	-79.9843	-79.9842	-79.9842	-79.9841	-79.9841	-79.9841	-79.9841	-79.9841	-79.9841	-79.9841	-79.9841	-79.9841	-79.9841	-79.9841	-79.9841	-79.9841	-79.9841	-79.9841	-79.9841	-79.9841	-79.9841	-79.9841	-79.9841	-79.9841	-79.9841	-79.9841	-79.9841	-79.9842
0.505	-79.9984	-79.993	-79.9896	-79.9875	-79.9861	-79.9853	-79.9848	-79.9845	-79.9843	-79.9842	-79.9841	-79.9841	-79.984	-79.984	-79.984	-79.984	-79.984	-79.984	-79.984	-79.984	-79.984	-79.984	-79.984	-79.984	-79.984	-79.984	-79.984	-79.984	-79.984	-79.984	-79.984	-79.984	-79.984	-79.984	-79.9841	-79.9841
0.51	-79.9984	-79.993	-79.9896	-79.9874	-79.9861	-79.9853	-79.9847	-79.9844	-79.9842	-79.9841	-79.9841	-79.984	-79.984	-79.984	-79.984	-79.984	-79.984	-79.984	-79.984	-79.984	-79.984	-79.984	-79.984	-79.984	-79.984	-79.984	-79.984	-79.984	-79.984	-79.984	-79.984	-79.984	-79.984	-79.984	-79.984	-79.9841
0.515	-79.9984	-79.993	-79.9896	-79.9874	-79.9861	-79.9852	-79.9847	-79.9844	-79.9842	-79.9841	-79.984	-79.984	-79.9839	-79.9839	-79.9839	-79.9839	-79.9839	-79.9839	-79.9839	-79.9839	-79.9839	-79.9839	-79.9839	-79.9839	-79.9839	-79.9839	-79.9839	-79.9839	-79.9839	-79.9839	-79.9839	-79.9839	-79.9839	-79.9839	-79.984	-79.984
0.52	-79.9984	-79.993	-79.9895	-79.9874	-79.986	-79.9852	-79.9847	-79.9843	-79.9842	-79.984	-79.984	-79.9839	-79.9839	-79.9839	-79.9839	-79.9839	-79.9839	-79.9839	-79.9839	-79.9839	-79.9839	-79.9839	-79.9839	-79.9839	-79.9839	-79.9839	-79.9839	-79.9839	-79.9839	-79.9839	-79.9839	-79.9839	-79.9839	-79.9839	-79.9839	-79.984
0.525	-79.9984	-79.993	-79.9895	-79.9873	-79.986	-79.9851	-79.9846	-79.9843	-79.9841	-79.984	-79.9839	-79.9839	-79.9838	-79.9838	-79.9838	-79.9838	-79.9838	-79.9838	-79.9838	-79.9838	-79.9838	-79.9838	-79.9838	-79.9838	-79.9838	-79.9838	-79.9838	-79.9838	-79.9838	-79.9838	-79.9838	-79.9838	-79.9838	-79.9839	-79.9839	-79.9839
0.53	-79.9984	-79.993	-79.9895	-79.9873	-79.986	-79.9851	-79.9846	-79.9843	-79.9841	-79.9839	-79.9839	-79.9838	-79.9838	-79.9838	-79.9838	-79.9838	-79.9838	-79.9838	-79.9838	-79.9838	-79.9838	-79.9838	-79.9838	-79.9838	-79.9838	-79.9838	-79.9838	-79.9838	-79.9838	-79.9838	-79.9838	-79.9838	-79.9838	-79.9838	-79.9838	-79.9839
0.535	-79.9984	-79.9929	-79.9895	-79.9873	-79.9859	-79.9851	-79.9845	-79.9842	-79.984	-79.9839	-79.9838	-79.9838	-79.9838	-79.9837	-79.9837	-79.9837	-79.9837	-79.9837	-79.9837	-79.9837	-79.9837	-79.9837	-79.9837	-79.9837	-79.9837	-79.9837	-79.9837	-79.9837	-79.9837	-79.9837	-79.9837	-79.9837	-79.9837	-79.9838	-79.9838	-79.9838
0.54	-79.9984	-79.9929	-79.9895	-79.9873	-79.9859	-79.985	-79.9845	-79.9842	-79.984	-79.9839	-79.9838	-79.9837	-79.9837	-79.9837	-79.9837	-79.9837	-79.9837	-79.9837	-79.9837	-79.9837	-79.9837	-79.9837	-79.9837	-79.9837	-79.9837	-79.9837	-79.9837	-79.9837	-79.9837	-79.9837	-79.9837	-79.9837	-79.9837	-79.9837	-79.9837	-79.9838
0.545	-79.9984	-79.9929	-79.9894	-79.9872	-79.9859	-79.985	-79.9845	-79.9841	-79.9839	-79.9838	-79.9837	-79.9837	-79.9837	-79.9837	-79.9836	-79.9836	-79.9836	-79.9836	-79.9836	-79.9836	-79.9836	-79.9836	-79.9836	-79.9836	-79.9836	-79.9836	-79.9836	-79.9836	-79.9836	-79.9836	-79.9836	-79.9836	-79.9837	-79.9837	-79.9837	-79.9837
0.55	-79.9984	-79.9929	-79.9894	-79.9872	-79.9858	-79.985	-79.9844	-79.9841	-79.9839	-79.9838	-79.9837	-79.9837	-79.9836	-79.9836	-79.9836	-79.9836	-79.9836	-79.9836	-79.9836	-79.9836	-79.9836	-79.9836	-79.9836	-79.9836	-79.9836	-79.9836	-79.9836	-79.9836	-79.9836	-79.9836	-79.9836	-79.9836	-79.9836	-79.9836	-79.9837	-79.9837
0.555	-79.9984	-79.9929	-79.9894	-79.9872	-79.9858	-79.9849	-79.9844	-79.9841	-79.9838	-79.9837	-79.9837	-79.9836	-79.9836	-79.9836	-79.9836	-79.9835	-79.9835	-79.9835	-79.9835	-79.9835	-79.9835	-79.9835	-79.9835	-79.9835	-79.9835	-79.9835	-79.9835	-79.9835	-79.9835	-79.9835	-79.9835	-79.9836	-79.9836	-79.9836	-79.9836	-79.9837
0.56	-79.9984	-79.9929	-79.9894	-79.9872	-79.9858	-79.9849	-79.9843	-79.984	-79.9838	-79.9837	-79.9836	-79.9836	-79.9835	-79.9835	-79.9835	-79.9835	-79.9835	-79.9835	-79.9835	-79.9835	-79.9835	-79.9835	-79.9835	-79.9835	-79.9835	-79.9835	-79.9835	-79.9835	-79.9835	-79.9835	-79.9835	-79.9835	-79.9835	-79.9835	-79.9836	-79.9836
0.565	-79.9984	-79.9929	-79.9894	-79.9871	-79.9857	-79.9848	-79.9843	-79.984	-79.9838	-79.9836	-79.9836	-79.9835	-79.9835	-79.9835	-79.9835	-79.9835	-79.9835	-79.9835	-79.9834	-79.9834	-79.9834	-79.9834	-79.9834	-79.9834	-79.9834	-79.9834	-79.9834	-79.9835	-79.9835	-79.9835	-79.9835	-79.9835	-79.9835	-79.9835	-79.9835	-79.9836
0.57	-79.9984	-79.9929	-79.9893	-79.9871	-79.9857	-79.9848	-79.9843	-79.9839	-79.9837	-79.9836	-79.9835	-79.9835	-79.9834	-79.9834	-79.9834	-79.9834	-79.9834	-79.9834	-79.9834	-79.9834	-79.9834	-79.9834	-79.9834	-79.9834	-79.9834	-79.9834	-79.9834	-79.9834	-79.9834	-79.9834	-79.9834	-79.9834	-79.9834	-79.9835	-79.9835	-79.9835
0.575	-79.9984	-79.9929	-79.9893	-79.9871	-79.9857	-79.9848	-79.9842	-79.9839	-79.9837	-79.9836	-79.9835	-79.9834	-79.9834	-79.9834	-79.9834	-79.9834	-79.9834	-79.9834	-79.9834	-79.9834	-79.9834	-79.9834	-79.9834	-79.9834	-79.9834	-79.9834	-79.9834	-79.9834	-79.9834	-79.9834	-79.9834	-79.9834	-79.9834	-79.9834	-79.9834	-79.9835
0.58	-79.9984	-79.9928	-79.9893	-79.987	-79.9856	-79.9847	-79.9842	-79.9838	-79.9836	-79.9835	-79.9834	-79.9834	-79.9834	-79.9833	-79.9833	-79.9833	-79.9833	-79.9833	-79.9833	-79.9833	-79.9833	-79.9833	-79.9833	-79.9833	-79.9833	-79.9833	-79.9833	-79.9833	-79.9833	-79.9833	-79.9833	-79.9833	-79.9833	-79.9834	-79.9834	-79.9834
0.585	-79.9984	-79.9928	-79.9893	-79.987	-79.9856	-79.9847	-79.9842	-79.9838	-79.9836	-79.9835	-79.9834	-79.9833	-79.9833	-79.9833	-79.9833	-79.9833	-79.9833	-79.9833	-79.9833	-79.9833	-79.9833	-79.9833	-79.9833	-79.9833	-79.9833	-79.9833	-79.9833	-79.9833	-79.9833	-79.9833	-79.9833	-79.9833	-79.9833	-79.9833	-79.9833	-79.9834
0.59	-79.9984	-79.9928	-79.9893	-79.987	-79.9856	-79.9847	-79.9841	-79.9838	-79.9836	-79.9834	-79.9833	-79.9833	-79.9833	-79.9833	-79.9832	-79.9832	-79.9832	-79.9832	-79.9832	-79.9832	-79.9832	-79.9832	-79.9832	-79.9832	-79.9832	-79.9832	-79.9832	-79.9832	-79.9832	-79.9832	-79.9832	-79.9832	-79.9833	-79.9833	-79.9833	-79.9833
0.595	-79.9984	-79.9928	-79.9892	-79.987	-79.9855	-79.9846	-79.9841	-79.9837	-79.9835	-79.9834	-79.9833	-79.9833	-79.9832	-79.9832	-79.9832	-79.9832	-79.9832	-79.9832	-79.9832	-79.9832	-79.9832	-79.9832	-79.9832	-79.9832	-79.9832	-79.9832	-79.9832	-79.9832	-79.9832	-79.9832	-79.9832	-79.9832	-79.9832	-79.9832	-79.9833	-79.9833
0.6	-79.9984	-79.9928	-79.9892	-79.9869	-79.9855	-79.9846	-79.984	-79.9837	-79.9835	-79.9833	-79.9833	-79.9832	-79.9832	-79.9832	-79.9832	-79.9831	-79.9831	-79.9831	-79.9831	-79.9831	-79.9831	-79.9831	-79.9831	-79.9831	-79.9831	-79.9831	-79.9831	-79.9831	-79.9831	-79.9831	-79.9832	-79.9832	-79.9832	-79.9832	-79.9832	-79.9833
0.605	-79.9984	-79.9928	-79.9892	-79.9869	-79.9855	-79.9846	-79.984	-79.9837	-79.9834	-79.9833	-79.9832	-79.9832	-79.9831	-79.9831	-79.9831	-79.9831	-79.9831	-79.9831	-79.9831	-79.9831	-79.9831	-79.9831	-79.9831	-79.9831	-79.9831	-79.9831	-79.9831	-79.9831	-79.9831	-79.9831	-79.9831	-79.9831	-79.9831	-79.9831	-79.9832	-79.9832
0.61	-79.9984	-79.9928	-79.9892	-79.9869	-79.9855	-79.9845	-79.984	-79.9836	-79.9834	-79.9833	-79.9832	-79.9831	-79.9831	-79.9831	-79.9831	-79.9831	-79.9831	-79.9831	-79.9831	-79.9831	-79.9831	-79.9831	-79.9831	-79.9831	-79.9831	-79.9831	-79.9831	-79.9831	-79.9831	-79.9831	-79.9831	-79.9831	-79.9831	-79.9831	-79.9831	-79.9832
0.615	-79.9984	-79.9928	-79.9892	-79.9869	-79.9854	-79.9845	-79.9839	-79.9836	-79.9834	-79.9832	-79.9831	-79.9831	-79.9831	-79.983	-79.983	-79.983	-79.983	-79.983	-79.983	-79.983	-79.983	-79.983	-79.983	-79.983	-79.983	-79.983	-79.983	-79.983	-79.983	-79.983	-79.983	-79.983	-79.983	-79.9831	-79.9831	-79.9831
0.62	-79.9984	-79.9928	-79.9892	-79.9868	-79.9854	-79.9845	-79.9839	-79.9835	-79.9833	-79.9832	-79.9831	-79.983	-79.983	-79.983	-79.983	-79.983	-79.983	-79.983	-79.983	-79.983	-79.983	-79.983	-79.983	-79.983	-79.983	-79.983	-79.983	-79.983	-79.983	-79.983	-79.983	-79.983	-79.983	-79.983	-79.983	-79.9831
0.625	-79.9984	-79.9928	-79.9891	-79.9868	-79.9854	-79.9844	-79.9839	-79.9835	-79.9833	-79.9831	-79.9831	-79.983	-79.983	-79.983	-79.9829	-79.9829	-79.9829	-79.9829	-79.9829	-79.9829	-79.9829	-79.9829	-79.9829	-79.9829	-79.9829	-79.9829	-79.9829	-79.9829	-79.9829	-79.9829	-79.9829	-79.9829	-79.983	-79.983	-79.983	-79.983
0.63	-79.9984	-79.9927	-79.9891	-79.9868	-79.9853	-79.9844	-79.9838	-79.9835	-79.9832	-79.9831	-79.983	-79.983	-79.9829	-79.9829	-79.9829	-79.9829	-79.9829	-79.9829	-79.9829	-79.9829	-79.9829	-79.9829	-79.9829	-79.9829	-79.9829	-79.9829	-79.9829	-79.9829	-79.9829	-79.9829	-79.9829	-79.9829	-79.9829	-79.9829	-79.983	-79.983
0.635	-79.9984	-79.9927	-79.9891	-79.9868	-79.9853	-79.9844	-79.9838	-79.9834	-79.9832	-79.9831	-79.983	-79.9829	-79.9829	-79.9829	-79.9829	-79.9829	-79.9828	-79.9828	-79.9828	-79.9828	-79.9828	-79.9828	-79.9828	-79.9828	-79.9828	-79.9828	-79.9828	-79.9828	-79.9828	-79.9828	-79.9829	-79.9829	-79.9829	-79.9829	-79.9829	-79.983
0.64	-79.9984	-79.9927	-79.9891	-79.9867	-79.9853	-79.9843	-79.9837	-79.9834	-79.9832	-79.983	-79.9829	-79.9829	-79.9828	-79.9828	-79.9828	-79.9828	-79.9828	-79.9828	-79.9828	-79.9828	-79.9828	-79.9828	-79.9828	-79.9828	-79.9828	-79.9828	-79.9828	-79.9828	-79.9828	-79.9828	-79.9828	-79.9828	-79.9828	-79.9828	-79.9829	-79.9829
0.645	-79.9984	-79.9927	-79.9891	-79.9867	-79.9852	-79.9843	-79.9837	-79.9834	-79.9831	-79.983	-79.9829	-79.9828	-79.9828	-79.9828	-79.9828	-79.9828	-79.9828	-79.9828	-79.9828	-79.9828	-79.9828	-79.9828	-79.9828	-79.9828	-79.9828	-79.9828	-79.9828	-79.9828	-79.9828	-79.9828	-79.9828	-79.9828	-79.9828	-79.9828	-79.9828	-79.9829
0.65	-79.9984	-79.9927	-79.989	-79.9867	-79.9852	-79.9843	-79.9837	-79.9833	-79.9831	-79.9829	-79.9829	-79.9828	-79.9828	-79.9827	-79.9827	-79.9827	-79.9827	-79.9827	-79.9827	-79.9827	-79.9827	-79.9827	-79.9827	-79.9827	-79.9827	-79.9827	-79.9827	-79.9827	-79.9827	-79.9827	-79.9827	-79.9827	-79.9827	-79.9828	-79.9828	-79.9828
0.655	-79.9984	-79.9927	-79.989	-79.9867	-79.9852	-79.9842	-79.9837	-79.9833	-79.983	-79.9829	-79.9828	-79.9828	-79.9827	-79.9827	-79.9827	-79.9827	-79.9827	-79.9827	-79.9827	-79.9827	-79.9827	-79.9827	-79.9827	-79.9827	-79.9827	-79.9827	-79.9827	-79.9827	-79.9827	-79.9827	-79.9827	-79.9827	-79.9827	-79.9827	-79.9828	-79.9828
0.66	-79.9984	-79.9927	-79.989	-79.9866	-79.9852	-79.9842	-79.9836	-79.9832	-79.983	-79.9829	-79.9828	-79.9827	-79.9827	-79.9827	-79.9827	-79.9827	-79.9826	-79.9826	-79.9826	-79.9826	-79.9826	-79.9826	-79.9826	-79.9826	-79.9826	-79.9826	-79.9826	-79.9826	-79.9826	-79.9826	-79.9827	-79.9827	-79.9827	-79.9827	-79.9827	-79.9828
0.665	-79.9984	-79.9927	-79.989	-79.9866	-79.9851	-79.9842	-79.9836	-79.9832	-79.983	-79.9828	-79.9827	-79.9827	-79.9827	-79.9826	-79.9826	-79.9826	-79.9826	-79.9826	-79.9826	-79.9826	-79.9826	-79.9826	-79.9826	-79.9826	-79.9826	-79.9826	-79.9826	-79.9826	-79.9826	-79.9826	-79.9826	-79.9826	-79.9826	-79.9827	-79.9827	-79.9827
0.67	-79.9984	-79.9927	-79.989	-79.9866	-79.9851	-79.9841	-79.9835	-79.9832	-79.9829	-79.9828	-79.9827	-79.9826	-79.9826	-79.9826	-79.9826	-79.9826	-79.9826	-79.9826	-79.9826	-79.9826	-79.9826	-79.9826	-79.9826	-79.9826	-79.9826	-79.9826	-79.9826	-79.9826	-79.9826	-79.9826	-79.9826	-79.9826	-79.9826	-79.9826	-79.9826	-79.9827
0.675	-79.9984	-79.9927	-79.989	-79.9866	-79.9851	-79.9841	-79.9835	-79.9831	-79.9829	-79.9827	-79.9827	-79.9826	-79.9826	-79.9826	-79.9825	-79.9825	-79.9825	-79.9825	-79.9825	-79.9825	-79.9825	-79.9825	-79.9825	-79.9825	-79.9825	-79.9825	-79.9825	-79.9825	-79.9825	-79.9825	-79.9825	-79.9825	-79.9826	-79.9826	-79.9826	-79.9826
0.68	-79.9984	-79.9926	-79.9889	-79.9866	-79.985	-79.9841	-79.9835	-79.9831	-79.9829	-79.9827	-79.9826	-79.9826	-79.9825	-79.9825	-79.9825	-79.9825	-79.9825	-79.9825	-79.9825	-79.9825	-79.9825	-79.9825	-79.9825	-79.9825	-79.9825	-79.9825	-79.9825	-79.9825	-79.9825	-79.9825	-79.9825	-79.9825	-79.9825	-79.9825	-79.9826	-79.9826
0.685	-79.9984	-79.9926	-79.9889	-79.9865	-79.985	-79.984	-79.9834	-79.9831	-79.9828	-79.9827	-79.9826	-79.9825	-79.9825	-79.9825	-79.9825	-79.9825	-79.9824	-79.9824	-79.9824	-79.9824	-79.9824	-79.9824	-79.9824	-79.9824	-79.9824	-79.9824	-79.9824	-79.9824	-79.9824	-79.9824	-79.9825	-79.9825	-79.9825	-79.9825	-79.9825	-79.9826
0.69	-79.9984	-79.9926	-79.9889	-79.9865	-79.985	-79.984	-79.9834	-79.983	-79.9828	-79.9826	-79.9825	-79.9825	-79.9825	-79.9824	-79.9824	-79.9824	-79.9824	-79.9824	-79.9824	-79.9824	-79.9824	-79.9824	-79.9824	-79.9824	-79.9824	-79.9824	-79.9824	-79.9824	-79.9824	-79.9824	-79.9824	-79.9824	-79.9824	-79.9825	-79.9825	-79.9825
0.695	-79.9984	-79.9926	-79.9889	-79.9865	-79.985	-79.984	-79.9834	-79.983	-79.9827	-79.9826	-79.9825	-79.9825	-79.9824	-79.9824	-79.9824	-79.9824	-79.9824	-79.9824	-79.9824	-79.9824	-79.9824	-79.9824	-79.9824	-79.9824	-79.9824	-79.9824	-79.9824	-79.9824	-79.9824	-79.9824	-79.9824	-79.9824	-79.9824	-79.9824	-79.9824	-79.9825
0.7	-79.9984	-79.9926	-79.9889	-79.9865	-79.9849	-79.984	-79.9833	-79.983	-79.9827	-79.9826	-79.9825	-79.9824	-79.9824	-79.9824	-79.9823	-79.9823	-79.9823	-79.9823	-79.9823	-79.9823	-79.9823	-79.9823	-79.9823	-79.9823	-79.9823	-79.9823	-79.9823	-79.9823	-79.9823	-79.9823	-79.9823	-79.9823	-79.9824	-79.9824	-79.9824	-79.9825
0.705	-79.9984	-79.9926	-79.9889	-79.9864	-79.9849	-79.9839	-79.9833	-79.9829	-79.9827	-79.9825	-79.9824	-79.9824	-79.9823	-79.9823	-79.9823	-79.9823	-79.9823	-79.9823	-79.9823	-79.9823	-79.9823	-79.9823	-79.9823	-79.9823	-79.9823	-79.9823	-79.9823	-79.9823	-79.9823	-79.9823	-79.9823	-79.9823	-79.9823	-79.9823	-79.9824	-79.9824
0.71	-79.9984	-79.9926	-79.9888	-79.9864	-79.9849	-79.9839	-79.9833	-79.9829	-79.9826	-79.9825	-79.9824	-79.9823	-79.9823	-79.9823	-79.9823	-79.9823	-79.9823	-79.9822	-79.9822	-79.9822	-79.9822	-79.9822	-79.9822	-79.9822	-79.9822	-79.9822	-79.9822	-79.9822	-79.9822	-79.9823	-79.9823	-79.9823	-79.9823	-79.9823	-79.9823	-79.9824
0.715	-79.9984	-79.9926	-79.9888	-79.9864	-79.9848	-79.9839	-79.9832	-79.9828	-79.9826	-79.9825	-79.9824	-79.9823	-79.9823	-79.9822	-79.9822	-79.9822	-79.9822	-79.9822	-79.9822	-79.9822	-79.9822	-79.9822	-79.9822	-79.9822	-79.9822	-79.9822	-79.9822	-79.9822	-79.9822	-79.9822	-79.9822	-79.9822	-79.9822	-79.9823	-79.9823	-79.9823
0.72	-79.9984	-79.9926	-79.9888	-79.9864	-79.9848	-79.9838	-79.9832	-79.9828	-79.9826	-79.9824	-79.9823	-79.9823	-79.9822	-79.9822	-79.9822	-79.9822	-79.9822	-79.9822	-79.9822	-79.9822	-79.9822	-79.9822	-79.9822	-79.9822	-79.9822	-79.9822	-79.9822	-79.9822	-79.9822	-79.9822	-79.9822	-79.9822	-79.9822	-79.9822	-79.9823	-79.9823
0.725	-79.9984	-79.9926	-79.9888	-79.9864	-79.9848	-79.9838	-79.9832	-79.9828	-79.9825	-79.9824	-79.9823	-79.9822	-79.9822	-79.9822	-79.9821	-79.9821	-79.9821	-79.9821	-79.9821	-79.9821	-79.9821	-79.9821	-79.9821	-79.9821	-79.9821	-79.9821	-79.9821	-79.9821	-79.9821	-79.9821	-79.9821	-79.9821	-79.9822	-79.9822	-79.9822	-79.9823
0.73	-79.9984	-79.9926	-79.9888	-79.9863	-79.9848	-79.9838	-79.9831	-79.9827	-79.9825	-79.9823	-79.9822	-79.9822	-79.9821	-79.9821	-79.9821	-79.9821	-79.9821	-79.9821	-79.9821	-79.9821	-79.9821	-79.9821	-79.9821	-79.9821	-79.9821	-79.9821	-79.9821	-79.9821	-79.9821	-79.9821	-79.9821	-79.9821	-79.9821	-79.9821	-79.9822	-79.9822
0.735	-79.9984	-79.9926	-79.9888	-79.9863	-79.9847	-79.9837	-79.9831	-79.9827	-79.9825	-79.9823	-79.9822	-79.9821	-79.9821	-79.9821	-79.9821	-79.9821	-79.9821	-79.9821	-79.9821	-79.9821	-79.9821	-79.9821	-79.9821	-79.9821	-79.9821	-79.9821	-79.9821	-79.9821	-79.9821	-79.9821	-79.9821	-79.9821	-79.9821	-79.9821	-79.9821	-79.9822
0.74	-79.9984	-79.9925	-79.9887	-79.9863	-79.9847	-79.9837	-79.9831	-79.9827	-79.9824	-79.9823	-79.9822	-79.9821	-79.9821	-79.982	-79.982	-79.982	-79.982	-79.982	-79.982	-79.982	-79.982	-79.982	-79.982	-79.982	-79.982	-79.982	-79.982	-79.982	-79.982	-79.982	-79.982	-79.982	-79.982	-79.9821	-79.9821	-79.9821
0.745	-79.9984	-79.9925	-79.9887	-79.9863	-79.9847	-79.9837	-79.983	-79.9826	-79.9824	-79.9822	-79.9821	-79.9821	-79.982	-79.982	-79.982	-79.982	-79.982	-79.982	-79.982	-79.982	-79.982	-79.982	-79.982	-79.982	-79.982	-79.982	-79.982	-79.982	-79.982	-79.982	-79.982	-79.982	-79.982	-79.982	-79.9821	-79.9821
0.75	-79.9984	-79.9925	-79.9887	-79.9862	-79.9847	-79.9837	-79.983	-79.9826	-79.9824	-79.9822	-79.9821	-79.982	-79.982	-79.982	-79.982	-79.982	-79.9819	-79.9819	-79.9819	-79.9819	-79.9819	-79.9819	-79.9819	-79.9819	-79.9819	-79.9819	-79.9819	-79.9819	-79.9819	-79.9819	-79.982	-79.982	-79.982	-79.982	-79.982	-79.9821
0.755	-79.9984	-79.9925	-79.9887	-79.9862	-79.9846	-79.9836	-79.983	-79.9826	-79.9823	-79.9822	-79.9821	-79.982	-79.982	-79.9819	-79.9819	-79.9819	-79.9819	-79.9819	-79.9819	-79.9819	-79.9819	-79.9819	-79.9819	-79.9819	-79.9819	-79.9819	-79.9819	-79.9819	-79.9819	-79.9819	-79.9819	-79.9819	-79.9819	-79.982	-79.982	-79.982
0.76	-79.9984	-79.9925	-79.9887	-79.9862	-79.9846	-79.9836	-79.983	-79.9825	-79.9823	-79.9821	-79.982	-79.982	-79.9819	-79.9819	-79.9819	-79.9819	-79.9819	-79.9819	-79.9819	-79.9819	-79.9819	-79.9819	-79.9819	-79.9819	-79.9819	-79.9819	-79.9819	-79.9819	-79.9819	-79.9819	-79.9819	-79.9819	-79.9819	-79.9819	-79.9819	-79.982
0.765	-79.9984	-79.9925	-79.9887	-79.9862	-79.9846	-79.9836	-79.9829	-79.9825	-79.9823	-79.9821	-79.982	-79.9819	-79.9819	-79.9819	-79.9818	-79.9818	-79.9818	-79.9818	-79.9818	-79.9818	-79.9818	-79.9818	-79.9818	-79.9818	-79.9818	-79.9818	-79.9818	-79.9818	-79.9818	-79.9818	-79.9818	-79.9818	-79.9819	-79.9819	-79.9819	-79.982
0.77	-79.9984	-79.9925	-79.9886	-79.9862	-79.9846	-79.9835	-79.9829	-79.9825	-79.9822	-79.9821	-79.982	-79.9819	-79.9819	-79.9818	-79.9818	-79.9818	-79.9818	-79.9818	-79.9818	-79.9818	-79.9818	-79.9818	-79.9818	-79.9818	-79.9818	-79.9818	-79.9818	-79.9818	-79.9818	-79.9818	-79.9818	-79.9818	-79.9818	-79.9818	-79.9819	-79.9819
0.775	-79.9984	-79.9925	-79.9886	-79.9861	-79.9845	-79.9835	-79.9829	-79.9824	-79.9822	-79.982	-79.9819	-79.9819	-79.9818	-79.9818	-79.9818	-79.9818	-79.9818	-79.9818	-79.9818	-79.9818	-79.9818	-79.9818	-79.9818	-79.9818	-79.9818	-79.9818	-79.9818	-79.9818	-79.9818	-79.9818	-79.9818	-79.9818	-79.9818	-79.9818	-79.9818	-79.9819
0.78	-79.9984	-79.9925	-79.9886	-79.9861	-79.9845	-79.9835	-79.9828	-79.9824	-79.9822	-79.982	-79.9819	-79.9818	-79.9818	-79.9818	-79.9817	-79.9817	-79.9817	-79.9817	-79.9817	-79.9817	-79.9817	-79.9817	-79.9817	-79.9817	-79.9817	-79.9817	-79.9817	-79.9817	-79.9817	-79.9817	-79.9817	-79.9817	-79.9818	-79.9818	-79.9818	-79.9819
0.785	-79.9984	-79.9925	-79.9886	-79.9861	-79.9845	-79.9835	-79.9828	-79.9824	-79.9821	-79.982	-79.9818	-79.9818	-79.9817	-79.9817	-79.9817	-79.9817	-79.9817	-79.9817	-79.9817	-79.9817	-79.9817	-79.9817	-79.9817	-79.9817	-79.9817	-79.9817	-79.9817	-79.9817	-79.9817	-79.9817	-79.9817	-79.9817	-79.9817	-79.9817	-79.9818	-79.9818
0.79	-79.9984	-79.9925	-79.9886	-79.9861	-79.9845	-79.9834	-79.9828	-79.9823	-79.9821	-79.9819	-79.9818	-79.9818	-79.9817	-79.9817	-79.9817	-79.9817	-79.9817	-79.9817	-79.9817	-79.9817	-79.9817	-79.9816	-79.9816	-79.9816	-79.9817	-79.9817	-79.9817	-79.9817	-79.9817	-79.9817	-79.9817	-79.9817	-79.9817	-79.9817	-79.9817	-79.9818
0.795	-79.9984	-79.9925	-79.9886	-79.9861	-79.9844	-79.9834	-79.9827	-79.9823	-79.982	-79.9819	-79.9818	-79.9817	-79.9817	-79.9817	-79.9816	-79.9816	-79.9816	-79.9816	-79.9816	-79.9816	-79.9816	-79.9816	-79.9816	-79.9816	-79.9816	-79.9816	-79.9816	-79.9816	-79.9816	-79.9816	-79.9816	-79.9816	-79.9816	-79.9817	-79.9817	-79.9818
0.8	-79.9984	-79.9924	-79.9886	-79.986	-79.9844	-79.9834	-79.9827	-79.9823	-79.982	-79.9818	-79.9817	-79.9817	-79.9816	-79.9816	-79.9816	-79.9816	-79.9816	-79.9816	-79.9816	-79.9816	-79.9816	-79.9816	-79.9816	-79.9816	-79.9816	-79.9816	-79.9816	-79.9816	-79.9816	-79.9816	-79.9816	-79.9816	-79.9816	-79.9816	-79.9817	-79.9817
0.805	-79.9984	-79.9924	-79.9885	-79.986	-79.9844	-79.9833	-79.9827	-79.9823	-79.982	-79.9818	-79.9817	-79.9816	-79.9816	-79.9816	-79.9816	-79.9816	-79.9815	-79.9815	-79.9815	-79.9815	-79.9815	-79.9815	-79.9815	-79.9815	-79.9815	-79.9815	-79.9815	-79.9815	-79.9815	-79.9815	-79.9816	-79.9816	-79.9816	-79.9816	-79.9816	-79.9817
0.81	-79.9984	-79.9924	-79.9885	-79.986	-79.9844	-79.9833	-79.9826	-79.9822	-79.9819	-79.9818	-79.9817	-79.9816	-79.9816	-79.9815	-79.9815	-79.9815	-79.9815	-79.9815	-79.9815	-79.9815	-79.9815	-79.9815	-79.9815	-79.9815	-79.9815	-79.9815	-79.9815	-79.9815	-79.9815	-79.9815	-79.9815	-79.9815	-79.9815	-79.9816	-79.9816	-79.9816
0.815	-79.9984	-79.9924	-79.9885	-79.986	-79.9843	-79.9833	-79.9826	-79.9822	-79.9819	-79.9818	-79.9816	-79.9816	-79.9815	-79.9815	-79.9815	-79.9815	-79.9815	-79.9815	-79.9815	-79.9815	-79.9815	-79.9815	-79.9815	-79.9815	-79.9815	-79.9815	-79.9815	-79.9815	-79.9815	-79.9815	-79.9815	-79.9815	-79.9815	-79.9815	-79.9816	-79.9816
0.82	-79.9984	-79.9924	-79.9885	-79.986	-79.9843	-79.9833	-79.9826	-79.9822	-79.9819	-79.9817	-79.9816	-79.9815	-79.9815	-79.9815	-79.9815	-79.9814	-79.9814	-79.9814	-79.9814	-79.9814	-79.9814	-79.9814	-79.9814	-79.9814	-79.9814	-79.9814	-79.9814	-79.9814	-79.9814	-79.9814	-79.9814	-79.9815	-79.9815	-79.9815	-79.9815	-79.9816
0.825	-79.9984	-79.9924	-79.9885	-79.9859	-79.9843	-79.9832	-79.9826	-79.9821	-79.9818	-79.9817	-79.9816	-79.9815	-79.9815	-79.9814	-79.9814	-79.9814	-79.9814	-79.9814	-79.9814	-79.9814	-79.9814	-79.9814	-79.9814	-79.9814	-79.9814	-79.9814	-79.9814	-79.9814	-79.9814	-79.9814	-79.9814	-79.9814	-79.9814	-79.9815	-79.9815	-79.9815
0.83	-79.9984	-79.9924	-79.9885	-79.9859	-79.9843	-79.9832	-79.9825	-79.9821	-79.9818	-79.9817	-79.9815	-79.9815	-79.9814	-79.9814	-79.9814	-79.9814	-79.9814	-79.9814	-79.9814	-79.9814	-79.9814	-79.9814	-79.9814	-79.9814	-79.9814	-79.9814	-79.9814	-79.9814	-79.9814	-79.9814	-79.9814	-79.9814	-79.9814	-79.9814	-79.9815	-79.9815
0.835	-79.9984	-79.9924	-79.9885	-79.9859	-79.9842	-79.9832	-79.9825	-79.9821	-79.9818	-79.9816	-79.9815	-79.9814	-79.9814	-79.9814	-79.9814	-79.9813	-79.9813	-79.9813	-79.9813	-79.9813	-79.9813	-79.9813	-79.9813	-79.9813	-79.9813	-79.9813	-79.9813	-79.9813	-79.9813	-79.9813	-79.9813	-79.9814	-79.9814	-79.9814	-79.9814	-79.9815
0.84	-79.9984	-79.9924	-79.9884	-79.9859	-79.9842	-79.9832	-79.9825	-79.982	-79.9818	-79.9816	-79.9815	-79.9814	-79.9814	-79.9813	-79.9813	-79.9813	-79.9813	-79.9813	-79.9813	-79.9813	-79.9813	-79.9813	-79.9813	-79.9813	-79.9813	-79.9813	-79.9813	-79.9813	-79.9813	-79.9813	-79.9813	-79.9813	-79.9813	-79.9814	-79.9814	-79.9814
0.845	-79.9984	-79.9924	-79.9884	-79.9859	-79.9842	-79.9831	-79.9824	-79.982	-79.9817	-79.9816	-79.9814	-79.9814	-79.9813	-79.9813	-79.9813	-79.9813	-79.9813	-79.9813	-79.9813	-79.9813	-79.9813	-79.9813	-79.9813	-79.9813	-79.9813	-79.9813	-79.9813	-79.9813	-79.9813	-79.9813	-79.9813	-79.9813	-79.9813	-79.9813	-79.9813	-79.9814
0.85	-79.9984	-79.9924	-79.9884	-79.9858	-79.9842	-79.9831	-79.9824	-79.982	-79.9817	-79.9815	-79.9814	-79.9813	-79.9813	-79.9813	-79.9812	-79.9812	-79.9812	-79.9812	-79.9812	-79.9812	-79.9812	-79.9812	-79.9812	-79.9812	-79.9812	-79.9812	-79.9812	-79.9812	-79.9812	-79.9812	-79.9812	-79.9812	-79.9813	-79.9813	-79.9813	-79.9814
0.855	-79.9984	-79.9924	-79.9884	-79.9858	-79.9841	-79.9831	-79.9824	-79.9819	-79.9817	-79.9815	-79.9814	-79.9813	-79.9813	-79.9812	-79.9812	-79.9812	-79.9812	-79.9812	-79.9812	-79.9812	-79.9812	-79.9812	-79.9812	-79.9812	-79.9812	-79.9812	-79.9812	-79.9812	-79.9812	-79.9812	-79.9812	-79.9812	-79.9812	-79.9812	-79.9813	-79.9813
0.86	-79.9984	-79.9923	-79.9884	-79.9858	-79.9841	-79.983	-79.9824	-79.9819	-79.9816	-79.9815	-79.9813	-79.9813	-79.9812	-79.9812	-79.9812	-79.9812	-79.9812	-79.9812	-79.9812	-79.9812	-79.9812	-79.9812	-79.9812	-79.9812	-79.9812	-79.9812	-79.9812	-79.9812	-79.9812	-79.9812	-79.9812	-79.9812	-79.9812	-79.9812	-79.9812	-79.9813
0.865	-79.9984	-79.9923	-79.9884	-79.9858	-79.9841	-79.983	-79.9823	-79.9819	-79.9816	-79.9814	-79.9813	-79.9812	-79.9812	-79.9812	-79.9811	-79.9811	-79.9811	-79.9811	-79.9811	-79.9811	-79.9811	-79.9811	-79.9811	-79.9811	-79.9811	-79.9811	-79.9811	-79.9811	-79.9811	-79.9811	-79.9811	-79.9811	-79.9812	-79.9812	-79.9812	-79.9813
0.87	-79.9984	-79.9923	-79.9884	-79.9858	-79.9841	-79.983	-79.9823	-79.9818	-79.9816	-79.9814	-79.9813	-79.9812	-79.9812	-79.9811	-79.9811	-79.9811	-79.9811	-79.9811	-79.9811	-79.9811	-79.9811	-79.9811	-79.9811	-79.9811	-79.9811	-79.9811	-79.9811	-79.9811	-79.9811	-79.9811	-79.9811	-79.9811	-79.9811	-79.9811	-79.9812	-79.9812
0.875	-79.9984	-79.9923	-79.9883	-79.9857	-79.9841	-79.983	-79.9823	-79.9818	-79.9815	-79.9814	-79.9812	-79.9812	-79.9811	-79.9811	-79.9811	-79.9811	-79.9811	-79.9811	-79.9811	-79.9811	-79.9811	-79.9811	-79.9811	-79.9811	-79.9811	-79.9811	-79.9811	-79.9811	-79.9811	-79.9811	-79.9811	-79.9811	-79.9811	-79.9811	-79.9811	-79.9812
0.88	-79.9984	-79.9923	-79.9883	-79.9857	-79.984	-79.9829	-79.9822	-79.9818	-79.9815	-79.9813	-79.9812	-79.9811	-79.9811	-79.9811	-79.981	-79.981	-79.981	-79.981	-79.981	-79.981	-79.981	-79.981	-79.981	-79.981	-79.981	-79.981	-79.981	-79.981	-79.981	-79.981	-79.981	-79.981	-79.9811	-79.9811	-79.9811	-79.9812
0.885	-79.9984	-79.9923	-79.9883	-79.9857	-79.984	-79.9829	-79.9822	-79.9818	-79.9815	-79.9813	-79.9812	-79.9811	-79.9811	-79.981	-79.981	-79.981	-79.981	-79.981	-79.981	-79.981	-79.981	-79.981	-79.981	-79.981	-79.981	-79.981	-79.981	-79.981	-79.981	-79.981	-79.981	-79.981	-79.981	-79.981	-79.9811	-79.9811
0.89	-79.9984	-79.9923	-79.9883	-79.9857	-79.984	-79.9829	-79.9822	-79.9817	-79.9814	-79.9813	-79.9811	-79.9811	-79.981	-79.981	-79.981	-79.981	-79.981	-79.981	-79.981	-79.981	-79.9809	-79.9809	-79.9809	-79.9809	-79.9809	-79.981	-79.981	-79.981	-79.981	-79.981	-79.981	-79.981	-79.981	-79.981	-79.981	-79.9811
0.895	-79.9984	-79.9923	-79.9883	-79.9857	-79.984	-79.9829	-79.9822	-79.9817	-79.9814	-79.9812	-79.9811	-79.981	-79.981	-79.981	-79.9809	-79.9809	-79.9809	-79.9809	-79.9809	-79.9809	-79.9809	-79.9809	-79.9809	-79.9809	-79.9809	-79.9809	-79.9809	-79.9809	-79.9809	-79.9809	-79.9809	-79.9809	-79.981	-79.981	-79.981	-79.9811
0.9	-79.9984	-79.9923	-79.9883	-79.9856	-79.9839	-79.9828	-79.9821	-79.9817	-79.9814	-79.9812	-79.9811	-79.981	-79.981	-79.9809	-79.9809	-79.9809	-79.9809	-79.9809	-79.9809	-79.9809	-79.9809	-79.9809	-79.9809	-79.9809	-79.9809	-79.9809	-79.9809	-79.9809	-79.9809	-79.9809	-79.9809	-79.9809	-79.9809	-79.9809	-79.981	-79.981
0.905	-79.9984	-79.9923	-79.9883	-79.9856	-79.9839	-79.9828	-79.9821	-79.9816	-79.9813	-79.9812	-79.981	-79.981	-79.9809	-79.9809	-79.9809	-79.9809	-79.9809	-79.9809	-79.9809	-79.9809	-79.9809	-79.9809	-79.9809	-79.9809	-79.9809	-79.9809	-79.9809	-79.9809	-79.9809	-79.9809	-79.9809	-79.9809	-79.9809	-79.9809	-79.9809	-79.981
0.91	-79.9984	-79.9923	-79.9882	-79.9856	-79.9839	-79.9828	-79.9821	-79.9816	-79.9813	-79.9811	-79.981	-79.9809	-79.9809	-79.9809	-79.9809	-79.9808	-79.9808	-79.9808	-79.9808	-79.9808	-79.9808	-79.9808	-79.9808	-79.9808	-79.9808	-79.9808	-79.9808	-79.9808	-79.9808	-79.9808	-79.9808	-79.9808	-79.9809	-79.9809	-79.9809	-79.981
0.915	-79.9984	-79.9923	-79.9882	-79.9856	-79.9839	-79.9828	-79.982	-79.9816	-79.9813	-79.9811	-79.981	-79.9809	-79.9809	-79.9808	-79.9808	-79.9808	-79.9808	-79.9808	-79.9808	-79.9808	-79.9808	-79.9808	-79.9808	-79.9808	-79.9808	-79.9808	-79.9808	-79.9808	-79.9808	-79.9808	-79.9808	-79.9808	-79.9808	-79.9809	-79.9809	-79.9809
0.92	-79.9984	-79.9923	-79.9882	-79.9856	-79.9838	-79.9827	-79.982	-79.9816	-79.9813	-79.9811	-79.9809	-79.9809	-79.9808	-79.9808	-79.9808	-79.9808	-79.9808	-79.9808	-79.9808	-79.9808	-79.9808	-79.9808	-79.9808	-79.9808	-79.9808	-79.9808	-79.9808	-79.9808	-79.9808	-79.9808	-79.9808	-79.9808	-79.9808	-79.9808	-79.9809	-79.9809
0.925	-79.9984	-79.9923	-79.9882	-79.9855	-79.9838	-79.9827	-79.982	-79.9815	-79.9812	-79.981	-79.9809	-79.9808	-79.9808	-79.9808	-79.9808	-79.9807	-79.9807	-79.9807	-79.9807	-79.9807	-79.9807	-79.9807	-79.9807	-79.9807	-79.9807	-79.9807	-79.9807	-79.9807	-79.9807	-79.9807	-79.9807	-79.9807	-79.9808	-79.9808	-79.9808	-79.9809
0.93	-79.9984	-79.9922	-79.9882	-79.9855	-79.9838	-79.9827	-79.982	-79.9815	-79.9812	-79.981	-79.9809	-79.9808	-79.9808	-79.9807	-79.9807	-79.9807	-79.9807	-79.9807	-79.9807	-79.9807	-79.9807	-79.9807	-79.9807	-79.9807	-79.9807	-79.9807	-79.9807	-79.9807	-79.9807	-79.9807	-79.9807	-79.9807	-79.9807	-79.9808	-79.9808	-79.9808
0.935	-79.9984	-79.9922	-79.9882	-79.9855	-79.9838	-79.9827	-79.9819	-79.9815	-79.9812	-79.981	-79.9809	-79.9808	-79.9807	-79.9807	-79.9807	-79.9807	-79.9807	-79.9807	-79.9807	-79.9807	-79.9807	-79.9807	-79.9807	-79.9807	-79.9807	-79.9807	-79.9807	-79.9807	-79.9807	-79.9807	-79.9807	-79.9807	-79.9807	-79.9807	-79.9808	-79.9808
0.94	-79.9984	-79.9922	-79.9882	-79.9855	-79.9838	-79.9826	-79.9819	-79.9814	-79.9811	-79.9809	-79.9808	-79.9808	-79.9807	-79.9807	-79.9807	-79.9806	-79.9806	-79.9806	-79.9806	-79.9806	-79.9806	-79.9806	-79.9806	-79.9806	-79.9806	-79.9806	-79.9806	-79.9806	-79.9806	-79.9806	-79.9806	-79.9806	-79.9807	-79.9807	-79.9807	-79.9808
0.945	-79.9984	-79.9922	-79.9882	-79.9855	-79.9837	-79.9826	-79.9819	-79.9814	-79.9811	-79.9809	-79.9808	-79.9807	-79.9807	-79.9806	-79.9806	-79.9806	-79.9806	-79.9806	-79.9806	-79.9806	-79.9806	-79.9806	-79.9806	-79.9806	-79.9806	-79.9806	-79.9806	-79.9806	-79.9806	-79.9806	-79.9806	-79.9806	-79.9806	-79.9807	-79.9807	-79.9807
0.95	-79.9984	-79.9922	-79.9881	-79.9855	-79.9837	-79.9826	-79.9818	-79.9814	-79.9811	-79.9809	-79.9808	-79.9807	-79.9806	-79.9806	-79.9806	-79.9806	-79.9806	-79.9806	-79.9806	-79.9806	-79.9806	-79.9806	-79.9806	-79.9806	-79.9806	-79.9806	-79.9806	-79.9806	-79.9806	-79.9806	-79.9806	-79.9806	-79.9806	-79.9806	-79.9807	-79.9807
0.955	-79.9984	-79.9922	-79.9881	-79.9854	-79.9837	-79.9826	-79.9818	-79.9813	-79.981	-79.9809	-79.9807	-79.9807	-79.9806	-79.9806	-79.9806	-79.9805	-79.9805	-79.9805	-79.9805	-79.9805	-79.9805	-79.9805	-79.9805	-79.9805	-79.9805	-79.9805	-79.9805	-79.9805	-79.9805	-79.9805	-79.9805	-79.9806	-79.9806	-79.9806	-79.9806	-79.9807
0.96	-79.9984	-79.9922	-79.9881	-79.9854	-79.9837	-79.9825	-79.9818	-79.9813	-79.981	-79.9808	-79.9807	-79.9806	-79.9806	-79.9805	-79.9805	-79.9805	-79.9805	-79.9805	-79.9805	-79.9805	-79.9805	-79.9805	-79.9805	-79.9805	-79.9805	-79.9805	-79.9805	-79.9805	-79.9805	-79.9805	-79.9805	-79.9805	-79.9805	-79.9806	-79.9806	-79.9806
0.965	-79.9984	-79.9922	-79.9881	-79.9854	-79.9837	-79.9825	-79.9818	-79.9813	-79.981	-79.9808	-79.9807	-79.9806	-79.9805	-79.9805	-79.9805	-79.9805	-79.9805	-79.9805	-79.9805	-79.9805	-79.9805	-79.9805	-79.9805	-79.9805	-79.9805	-79.9805	-79.9805	-79.9805	-79.9805	-79.9805	-79.9805	-79.9805	-79.9805	-79.9805	-79.9806	-79.9806
0.97	-79.9984	-79.9922	-79.9881	-79.9854	-79.9836	-79.9825	-79.9817	-79.9813	-79.981	-79.9808	-79.9806	-79.9806	-79.9805	-79.9805	-79.9805	-79.9804	-79.9804	-79.9804	-79.9804	-79.9804	-79.9804	-79.9804	-79.9804	-79.9804	-79.9804	-79.9804	-79.9804	-79.9804	-79.9804	-79.9804	-79.9804	-79.9805	-79.9805	-79.9805	-79.9805	-79.9806
0.975	-79.9984	-79.9922	-79.9881	-79.9854	-79.9836	-79.9825	-79.9817	-79.9812	-79.9809	-79.9807	-79.9806	-79.9805	-79.9805	-79.9805	-79.9804	-79.9804	-79.9804	-79.9804	-79.9804	-79.9804	-79.9804	-79.9804	-79.9804	-79.9804	-79.9804	-79.9804	-79.9804	-79.9804	-79.9804	-79.9804	-79.9804	-79.9804	-79.9804	-79.9805	-79.9805	-79.9805
0.98	-79.9984	-79.9922	-79.9881	-79.9854	-79.9836	-79.9824	-79.9817	-79.9812	-79.9809	-79.9807	-79.9806	-79.9805	-79.9805	-79.9804	-79.9804	-79.9804	-79.9804	-79.9804	-79.9804	-79.9804	-79.9804	-79.9804	-79.9804	-79.9804	-79.9804	-79.9804	-79.9804	-79.9804	-79.9804	-79.9804	-79.9804	-79.9804	-79.9804	-79.9804	-79.9805	-79.9805
0.985	-79.9984	-79.9922	-79.988	-79.9853	-79.9836	-79.9824	-79.9817	-79.9812	-79.9809	-79.9807	-79.9805	-79.9805	-79.9804	-79.9804	-79.9804	-79.9804	-79.9803	-79.9803	-79.9803	-79.9803	-79.9803	-79.9803	-79.9803	-79.9803	-79.9803	-79.9803	-79.9803	-79.9803	-79.9803	-79.9803	-79.9804	-79.9804	-79.9804	-79.9804	-79.9804	-79.9805
0.99	-79.9984	-79.9922	-79.988	-79.9853	-79.9835	-79.9824	-79.9816	-79.9812	-79.9808	-79.9806	-79.9805	-79.9804	-79.9804	-79.9804	-79.9803	-79.9803	-79.9803	-79.9803	-79.9803	-79.9803	-79.9803	-79.9803	-79.9803	-79.9803	-79.9803	-79.9803	-79.9803	-79.9803	-79.9803	-79.9803	-79.9803	-79.9803	-79.9803	-79.9804	-79.9804	-79.9805
0.995	-79.9984	-79.9922	-79.988	-79.9853	-79.9835	-79.9824	-79.9816	-79.9811	-79.9808	-79.9806	-79.9805	-79.9804	-79.9804	-79.9803	-79.9803	-79.9803	-79.9803	-79.9803	-79.9803	-79.9803	-79.9803	-79.9803	-79.9803	-79.9803	-79.9803	-79.9803	-79.9803	-79.9803	-79.9803	-79.9803	-79.9803	-79.9803	-79.9803	-79.9803	-79.9804	-79.9804
1	-79.9984	-79.9921	-79.988	-79.9853	-79.9835	-79.9823	-79.9816	-79.9811	-79.9808	-79.9806	-79.9805	-79.9804	-79.9803	-79.9803	-79.9803	-79.9803	-79.9803	-79.9802	-79.9802	-79.9802	-79.9802	-79.9802	-79.9802	-79.9802	-79.9802	-79.9802	-79.9802	-79.9802	-79.9802	-79.9803	-79.9803	-79.9803	-79.9803	-79.9803	-79.9803	-79.9804
1.005	-13.333	-61.3479	-74.7738	-78.527	-79.5757	-79.8683	-79.9497	-79.9722	-79.9783	-79.9799	-79.9802	-79.9803	-79.9803	-79.9803	-79.9802	-79.9802	-79.9802	-79.9802	-79.9802	-79.9802	-79.9802	-79.9802	-79.9802	-79.9802	-79.9802	-79.9802	-79.9802	-79.9802	-79.9802	-79.9802	-79.9802	-79.9802	-79.9803	-79.9803	-79.9803	-79.9804
1.01	-2.22219	-50.9626	-69.8415	-76.5807	-78.8728	-79.6273	-79.8699	-79.9464	-79.9701	-79.9773	-79.9794	-79.98	-79.9802	-79.9802	-79.9802	-79.9802	-79.9802	-79.9802	-79.9802	-79.9802	-79.9802	-79.9802	-79.9802	-79.9802	-79.9802	-79.9802	-79.9802	-79.9802	-79.9802	-79.9802	-79.9802	-79.9802	-79.9802	-79.9802	-79.9803	-79.9803
1.015	-0.370348	-45.8197	-66.3748	-74.8255	-78.1007	-79.3155	-79.751	-79.9029	-79.9547	-79.9719	-79.9776	-79.9794	-79.9799	-79.9801	-79.9802	-79.9802	-79.9802	-79.9802	-79.9802	-79.9801	-79.9801	-79.9801	-79.9801	-79.9801	-79.9801	-79.9801	-79.9801	-79.9802	-79.9802	-79.9802	-79.9802	-79.9802	-79.9802	-79.9802	-79.9802	-79.9803
1.02	-0.0616819	-42.4788	-63.8694	-73.3738	-77.3726	-78.9837	-79.6098	-79.8458	-79.9325	-79.9636	-79.9745	-79.9783	-79.9795	-79.9799	-79.9801	-79.9801	-79.9801	-79.9801	-79.9801	-79.9801	-79.9801	-79.9801	-79.9801	-79.9801	-79.9801	-79.9801	-79.9801	-79.9801	-79.9801	-79.9801	-79.9801	-79.9801	-79.9802	-79.9802	-79.9802	-79.9803
1.025	18.0949	-34.2186	-60.2944	-71.7109	-76.5891	-78.6231	-79.4497	-79.7774	-79.9042	-79.9523	-79.9701	-79.9766	-79.9789	-79.9797	-79.98	-79.9801	-79.9801	-79.9801	-79.9801	-79.9801	-79.9801	-79.9801	-79.9801	-79.9801	-79.9801	-79.9801	-79.9801	-79.9801	-79.9801	-79.9801	-79.9801	-79.9801	-79.9801	-79.9801	-79.9802	-79.9802
1.03	23.9751	-25.5517	-56.1254	-69.7803	-75.6987	-78.2161	-79.267	-79.6972	-79.8699	-79.938	-79.9642	-79.9742	-79.978	-79.9793	-79.9798	-79.98	-79.98	-79.98	-79.9801	-79.9801	-79.9801	-79.9801	-79.9801	-79.9801	-79.9801	-79.9801	-79.9801	-79.9801	-79.9801	-79.9801	-79.9801	-79.9801	-79.9801	-79.9801	-79.9802	-79.9802
1.035	26.7366	-14.4821	-50.9151	-67.4312	-74.6397	-77.7392	-79.0535	-79.6028	-79.8288	-79.9204	-79.9569	-79.9712	-79.9767	-79.9788	-79.9796	-79.9799	-79.98	-79.98	-79.98	-79.98	-79.98	-79.98	-79.98	-79.98	-79.98	-79.98	-79.98	-79.98	-79.98	-79.98	-79.98	-79.9801	-79.9801	-79.9801	-79.9801	-79.9802
1.04	29.3407	-0.364166	-44.1571	-64.4537	-73.3282	-77.1592	-78.7969	-79.4897	-79.7794	-79.899	-79.9477	-79.9673	-79.9751	-79.9781	-79.9793	-79.9797	-79.9799	-79.98	-79.98	-79.98	-79.98	-79.98	-79.98	-79.98	-79.98	-79.98	-79.98	-79.98	-79.98	-79.98	-79.98	-79.98	-79.98	-79.9801	-79.9801	-79.9801
1.045	31.8167	12.3095	-36.4881	-60.926	-71.7502	-76.4588	-78.4871	-79.3532	-79.7196	-79.873	-79.9365	-79.9625	-79.9731	-79.9773	-79.9789	-79.9796	-79.9798	-79.9799	-79.9799	-79.98	-79.98	-79.98	-79.98	-79.98	-79.98	-79.98	-79.98	-79.98	-79.98	-79.98	-79.98	-79.98	-79.98	-79.98	-79.9801	-79.9801
1.05	33.335	19.3151	-28.3922	-56.9789	-69.9317	-75.6367	-78.1194	-79.19	-79.6476	-79.8414	-79.9228	-79.9566	-79.9705	-79.9762	-79.9785	-79.9794	-79.9797	-79.9799	-79.9799	-79.9799	-79.9799	-79.9799	-79.9799	-79.9799	-79.9799	-79.9799	-79.9799	-79.9799	-79.9799	-79.9799	-79.9799	-79.98	-79.98	-79.98	-79.98	-79.9801
1.055	33.9721	22.5857	-18.3952	-52.196	-67.7601	-74.6592	-77.6818	-78.995	-79.5612	-79.8034	-79.9062	-79.9494	-79.9674	-79.9748	-79.9779	-79.9791	-79.9796	-79.9798	-79.9799	-79.9799	-79.9799	-79.9799	-79.9799	-79.9799	-79.9799	-79.9799	-79.9799	-79.9799	-79.9799	-79.9799	-79.9799	-79.9799	-79.9799	-79.98	-79.98	-79.9801
1.06	34.2424	24.9021	-5.24401	-45.9513	-65.0095	-73.4484	-77.147	-78.7586	-79.4568	-79.7574	-79.8859	-79.9405	-79.9635	-79.9732	-79.9771	-79.9788	-79.9794	-79.9797	-79.9798	-79.9799	-79.9799	-79.9799	-79.9799	-79.9799	-79.9799	-79.9799	-79.9799	-79.9799	-79.9799	-79.9799	-79.9799	-79.9799	-79.9799	-79.9799	-79.98	-79.98
1.065	34.4125	27.0418	8.21917	-38.4718	-61.6408	-71.9602	-76.4914	-78.4698	-79.3295	-79.7014	-79.8614	-79.9298	-79.9588	-79.9711	-79.9762	-79.9784	-79.9792	-79.9796	-79.9798	-79.9798	-79.9798	-79.9798	-79.9798	-79.9798	-79.9798	-79.9798	-79.9799	-79.9799	-79.9799	-79.9799	-79.9799	-79.9799	-79.9799	-79.9799	-79.9799	-79.98
1.07	34.4205	28.4711	16.8492	-30.4881	-57.8121	-70.217	-75.7106	-78.1226	-79.1759	-79.6336	-79.8315	-79.9167	-79.9531	-79.9686	-79.9751	-79.9779	-79.979	-79.9795	-79.9797	-79.9798	-79.9798	-79.9798	-79.9798	-79.9798	-79.9798	-79.9798	-79.9798	-79.9798	-79.9798	-79.9798	-79.9798	-79.9798	-79.9799	-79.9799	-79.9799	-79.98
1.075	34.2036	29.0654	20.9094	-21.0679	-53.273	-68.1515	-74.7821	-77.7078	-78.9914	-79.5518	-79.7954	-79.9008	-79.9461	-79.9655	-79.9738	-79.9773	-79.9787	-79.9794	-79.9796	-79.9797	-79.9798	-79.9798	-79.9798	-79.9798	-79.9798	-79.9798	-79.9798	-79.9798	-79.9798	-79.9798	-79.9798	-79.9798	-79.9798	-79.9799	-79.9799	-79.9799
1.08	33.8205	29.2237	23.3498	-8.64436	-47.392	-65.5536	-73.6365	-77.2016	-78.7675	-79.4528	-79.7517	-79.8815	-79.9376	-79.9618	-79.9721	-79.9765	-79.9784	-79.9792	-79.9795	-79.9797	-79.9797	-79.9797	-79.9798	-79.9798	-79.9798	-79.9798	-79.9798	-79.9798	-79.9798	-79.9798	-79.9798	-79.9798	-79.9798	-79.9798	-79.9799	-79.9799
1.085	33.3486	29.2384	25.5165	5.16411	-40.1167	-62.3144	-72.2141	-76.5772	-78.4929	-79.3319	-79.6984	-79.858	-79.9273	-79.9572	-79.9701	-79.9757	-79.978	-79.979	-79.9794	-79.9796	-79.9797	-79.9797	-79.9797	-79.9797	-79.9797	-79.9797	-79.9797	-79.9797	-79.9797	-79.9797	-79.9797	-79.9798	-79.9798	-79.9798	-79.9798	-79.9799
1.09	32.8069	29.1122	27.0856	15.0917	-32.2219	-58.5808	-70.5284	-75.8265	-78.1604	-79.185	-79.6336	-79.8295	-79.9147	-79.9517	-79.9677	-79.9746	-79.9775	-79.9788	-79.9793	-79.9795	-79.9796	-79.9797	-79.9797	-79.9797	-79.9797	-79.9797	-79.9797	-79.9797	-79.9797	-79.9797	-79.9797	-79.9797	-79.9797	-79.9798	-79.9798	-79.9799
1.095	32.1822	28.785	27.777	19.9486	-23.2229	-54.2274	-68.5434	-74.9346	-77.7626	-79.0083	-79.5553	-79.7949	-79.8994	-79.945	-79.9647	-79.9733	-79.9769	-79.9785	-79.9792	-79.9795	-79.9796	-79.9796	-79.9797	-79.9797	-79.9797	-79.9797	-79.9797	-79.9797	-79.9797	-79.9797	-79.9797	-79.9797	-79.9797	-79.9797	-79.9798	-79.9798
1.1	31.4766	28.2938	27.933	22.5792	-11.4521	-48.656	-66.0711	-73.8411	-77.2786	-78.7941	-79.4606	-79.753	-79.8809	-79.9368	-79.9611	-79.9716	-79.9762	-79.9782	-79.979	-79.9794	-79.9795	-79.9796	-79.9796	-79.9796	-79.9796	-79.9796	-79.9796	-79.9796	-79.9796	-79.9796	-79.9797	-79.9797	-79.9797	-79.9797	-79.9797	-79.9798
1.105	30.7063	27.7063	27.9006	24.7898	2.42961	-41.6074	-62.9548	-72.4766	-76.6803	-78.5311	-79.3447	-79.7019	-79.8584	-79.9268	-79.9567	-79.9697	-79.9753	-79.9778	-79.9788	-79.9793	-79.9795	-79.9795	-79.9796	-79.9796	-79.9796	-79.9796	-79.9796	-79.9796	-79.9796	-79.9796	-79.9796	-79.9796	-79.9797	-79.9797	-79.9797	-79.9798
1.11	29.8822	27.0488	27.7358	26.5096	13.4532	-33.7959	-59.3092	-70.8421	-75.9557	-78.2112	-79.2036	-79.6397	-79.831	-79.9147	-79.9514	-79.9673	-79.9743	-79.9773	-79.9786	-79.9792	-79.9794	-79.9795	-79.9795	-79.9796	-79.9796	-79.9796	-79.9796	-79.9796	-79.9796	-79.9796	-79.9796	-79.9796	-79.9796	-79.9796	-79.9797	-79.9797
1.115	29.0051	26.3139	27.372	27.3416	19.1462	-25.1256	-55.109	-68.9253	-75.095	-77.8276	-79.0335	-79.5644	-79.7977	-79.9001	-79.9449	-79.9645	-79.973	-79.9767	-79.9783	-79.979	-79.9793	-79.9795	-79.9795	-79.9795	-79.9795	-79.9795	-79.9796	-79.9796	-79.9796	-79.9796	-79.9796	-79.9796	-79.9796	-79.9796	-79.9797	-79.9797
1.12	28.0748	25.5023	26.8295	27.5471	22.0225	-13.9684	-49.8159	-66.564	-74.047	-77.363	-78.8276	-79.4733	-79.7574	-79.8822	-79.937	-79.961	-79.9715	-79.976	-79.978	-79.9789	-79.9792	-79.9794	-79.9795	-79.9795	-79.9795	-79.9795	-79.9795	-79.9795	-79.9795	-79.9795	-79.9795	-79.9795	-79.9796	-79.9796	-79.9796	-79.9797
1.125	27.0947	24.6278	26.1779	27.512	24.2767	-0.216126	-43.0165	-63.5698	-72.7371	-76.7885	-78.575	-79.362	-79.7083	-79.8606	-79.9274	-79.9567	-79.9696	-79.9752	-79.9776	-79.9787	-79.9791	-79.9793	-79.9794	-79.9795	-79.9795	-79.9795	-79.9795	-79.9795	-79.9795	-79.9795	-79.9795	-79.9795	-79.9795	-79.9796	-79.9796	-79.9797
1.13	26.0691	23.7013	25.4537	27.3492	26.1335	11.7405	-35.2937	-60.0114	-71.1519	-76.0884	-78.2665	-79.2261	-79.6484	-79.8342	-79.9158	-79.9516	-79.9673	-79.9742	-79.9771	-79.9785	-79.979	-79.9793	-79.9794	-79.9794	-79.9794	-79.9795	-79.9795	-79.9795	-79.9795	-79.9795	-79.9795	-79.9795	-79.9795	-79.9795	-79.9796	-79.9796
1.135	25.0003	22.7258	24.6526	26.9934	27.1241	18.3335	-26.8807	-55.9414	-69.2955	-75.2558	-77.8961	-79.0619	-79.5759	-79.8021	-79.9016	-79.9453	-79.9645	-79.9729	-79.9766	-79.9782	-79.9789	-79.9792	-79.9793	-79.9794	-79.9794	-79.9794	-79.9794	-79.9794	-79.9794	-79.9794	-79.9795	-79.9795	-79.9795	-79.9795	-79.9795	-79.9796
1.14	23.8895	21.7019	23.773	26.4464	27.4065	21.5241	-16.2993	-50.9015	-67.0345	-74.249	-77.4489	-78.8636	-79.488	-79.7633	-79.8844	-79.9377	-79.9611	-79.9714	-79.9759	-79.9779	-79.9787	-79.9791	-79.9793	-79.9794	-79.9794	-79.9794	-79.9794	-79.9794	-79.9794	-79.9794	-79.9794	-79.9794	-79.9794	-79.9795	-79.9795	-79.9796
1.145	22.7385	20.6331	22.8276	25.776	27.3892	23.8271	-2.83734	-44.3699	-64.1626	-72.9917	-76.897	-78.6207	-79.3809	-79.716	-79.8636	-79.9285	-79.9571	-79.9696	-79.9751	-79.9775	-79.9786	-79.979	-79.9792	-79.9793	-79.9793	-79.9794	-79.9794	-79.9794	-79.9794	-79.9794	-79.9794	-79.9794	-79.9794	-79.9794	-79.9795	-79.9795
1.15	21.5496	19.5239	21.8293	25.0286	27.2431	25.8003	9.88347	-36.7516	-60.6944	-71.4556	-76.2206	-78.3232	-79.25	-79.6583	-79.8381	-79.9173	-79.9521	-79.9674	-79.9741	-79.9771	-79.9783	-79.9789	-79.9792	-79.9793	-79.9793	-79.9793	-79.9793	-79.9793	-79.9794	-79.9794	-79.9794	-79.9794	-79.9794	-79.9794	-79.9795	-79.9795
1.155	20.3251	18.3774	20.7825	24.2048	26.9141	26.958	17.4424	-28.5369	-56.7369	-69.6541	-75.4142	-77.965	-79.0915	-79.5883	-79.8072	-79.9036	-79.9461	-79.9647	-79.9729	-79.9765	-79.9781	-79.9788	-79.9791	-79.9792	-79.9793	-79.9793	-79.9793	-79.9793	-79.9793	-79.9793	-79.9793	-79.9793	-79.9794	-79.9794	-79.9794	-79.9795
1.16	19.067	17.1956	19.6882	23.3005	26.3847	27.3365	21.0306	-18.4852	-51.926	-67.4843	-74.445	-77.5338	-78.9002	-79.5036	-79.7697	-79.887	-79.9387	-79.9615	-79.9715	-79.9759	-79.9778	-79.9786	-79.979	-79.9792	-79.9792	-79.9793	-79.9793	-79.9793	-79.9793	-79.9793	-79.9793	-79.9793	-79.9793	-79.9794	-79.9794	-79.9795
1.165	17.7771	15.9806	18.5499	22.3266	25.7178	27.3487	23.3983	-5.43754	-45.6745	-64.7338	-73.2387	-77.0034	-78.6664	-79.4004	-79.7242	-79.8669	-79.9298	-79.9575	-79.9697	-79.9751	-79.9774	-79.9785	-79.9789	-79.9791	-79.9792	-79.9792	-79.9793	-79.9793	-79.9793	-79.9793	-79.9793	-79.9793	-79.9793	-79.9793	-79.9794	-79.9794
1.17	16.4579	14.7352	17.3725	21.2974	24.9683	27.2233	25.4653	7.8597	-38.1857	-61.3611	-71.7522	-76.3505	-78.3795	-79.2742	-79.6686	-79.8424	-79.919	-79.9527	-79.9676	-79.9741	-79.977	-79.9782	-79.9788	-79.979	-79.9791	-79.9792	-79.9792	-79.9792	-79.9792	-79.9792	-79.9793	-79.9793	-79.9793	-79.9793	-79.9793	-79.9794
1.175	15.1116	13.462	16.1598	20.219	24.1432	26.9279	26.7926	16.4337	-30.1213	-57.503	-70.002	-75.569	-78.033	-79.121	-79.601	-79.8126	-79.9058	-79.9469	-79.965	-79.973	-79.9765	-79.978	-79.9787	-79.979	-79.9791	-79.9792	-79.9792	-79.9792	-79.9792	-79.9792	-79.9792	-79.9792	-79.9792	-79.9793	-79.9793	-79.9794
1.18	13.7406	12.1634	14.9144	19.0927	23.2363	26.4264	27.2837	20.515	-20.5446	-52.8969	-67.9147	-74.6345	-77.6169	-78.9364	-79.5192	-79.7764	-79.8898	-79.9398	-79.9619	-79.9716	-79.9758	-79.9777	-79.9785	-79.9789	-79.9791	-79.9791	-79.9792	-79.9792	-79.9792	-79.9792	-79.9792	-79.9792	-79.9792	-79.9792	-79.9793	-79.9793
1.185	12.3473	10.8418	13.6386	17.9216	22.2564	25.7734	27.3353	22.9763	-7.999	-46.9301	-65.2831	-73.4772	-77.1069	-78.7113	-79.4198	-79.7325	-79.8704	-79.9312	-79.9581	-79.9699	-79.9751	-79.9774	-79.9784	-79.9788	-79.979	-79.9791	-79.9791	-79.9791	-79.9791	-79.9792	-79.9792	-79.9792	-79.9792	-79.9792	-79.9793	-79.9793
1.19	10.9341	9.49966	12.3355	16.7109	21.2185	25.031	27.2312	25.1157	5.6718	-39.6018	-62.0126	-72.0412	-76.4772	-78.4347	-79.2981	-79.6789	-79.8468	-79.9208	-79.9534	-79.9678	-79.9741	-79.9769	-79.9782	-79.9787	-79.9789	-79.979	-79.9791	-79.9791	-79.9791	-79.9791	-79.9791	-79.9791	-79.9792	-79.9792	-79.9792	-79.9793
1.195	9.50374	8.13948	11.0083	15.4649	20.1304	24.2135	26.9706	26.6095	15.2788	-31.6529	-58.2448	-70.3398	-75.7198	-78.0996	-79.1502	-79.6136	-79.818	-79.9081	-79.9478	-79.9653	-79.973	-79.9764	-79.9779	-79.9786	-79.9789	-79.979	-79.979	-79.9791	-79.9791	-79.9791	-79.9791	-79.9791	-79.9791	-79.9792	-79.9792	-79.9793
1.2	8.05869	6.76381	9.65956	14.1866	18.9938	23.3141	26.5024	27.2285	19.9575	-22.4894	-53.8195	-68.3272	-74.8173	-77.6976	-78.9718	-79.5346	-79.7831	-79.8927	-79.941	-79.9623	-79.9717	-79.9758	-79.9776	-79.9784	-79.9788	-79.9789	-79.979	-79.979	-79.9791	-79.9791	-79.9791	-79.9791	-79.9791	-79.9791	-79.9792	-79.9792
1.205	6.60161	5.37515	8.29201	12.8785	17.8114	22.3388	25.8691	27.3302	22.5546	-10.4989	-48.1347	-65.8101	-73.7067	-77.207	-78.755	-79.4388	-79.7407	-79.8739	-79.9327	-79.9586	-79.97	-79.9751	-79.9773	-79.9783	-79.9787	-79.9789	-79.979	-79.979	-79.979	-79.979	-79.9791	-79.9791	-79.9791	-79.9791	-79.9791	-79.9792
1.21	5.13514	3.97601	6.90833	11.5439	16.5884	21.3026	25.1378	27.2472	24.7492	3.33885	-41.0001	-62.6484	-72.322	-76.6002	-78.4885	-79.3215	-79.689	-79.8511	-79.9226	-79.9541	-79.9681	-79.9742	-79.9769	-79.9781	-79.9786	-79.9788	-79.9789	-79.979	-79.979	-79.979	-79.979	-79.979	-79.9791	-79.9791	-79.9791	-79.9792
1.215	3.66195	2.56892	5.51132	10.1862	15.3295	20.2152	24.3317	27.0207	26.4009	13.9553	-33.1456	-58.966	-70.6681	-75.8665	-78.1644	-79.1786	-79.626	-79.8233	-79.9104	-79.9487	-79.9656	-79.9731	-79.9764	-79.9778	-79.9785	-79.9788	-79.9789	-79.9789	-79.979	-79.979	-79.979	-79.979	-79.979	-79.9791	-79.9791	-79.9791
1.22	2.18467	1.15641	4.10368	8.80827	14.0379	19.0789	23.4442	26.5887	27.1617	19.3393	-24.3307	-54.6989	-68.7231	-74.9938	-77.7758	-79.0063	-79.5497	-79.7896	-79.8955	-79.9421	-79.9627	-79.9718	-79.9758	-79.9776	-79.9783	-79.9787	-79.9788	-79.9789	-79.9789	-79.979	-79.979	-79.979	-79.979	-79.979	-79.9791	-79.9791
1.225	0.705933	-0.259052	2.68807	7.41303	12.7163	17.8958	22.4783	25.9788	27.3255	22.1283	-12.9166	-49.2862	-66.3148	-73.9272	-77.3036	-78.7973	-79.4573	-79.7487	-79.8774	-79.9341	-79.9592	-79.9702	-79.9751	-79.9772	-79.9782	-79.9786	-79.9788	-79.9789	-79.9789	-79.9789	-79.9789	-79.979	-79.979	-79.979	-79.979	-79.9791
1.23	-0.771693	-1.67502	1.26709	6.00334	11.3681	16.6709	21.4486	25.2609	27.2647	24.3677	0.891355	-42.3768	-63.2675	-72.5942	-76.7194	-78.5406	-79.3443	-79.6989	-79.8554	-79.9244	-79.9549	-79.9683	-79.9742	-79.9768	-79.978	-79.9785	-79.9787	-79.9788	-79.9789	-79.9789	-79.9789	-79.9789	-79.9789	-79.979	-79.979	-79.9791
1.235	-2.24569	-3.0891	-0.156662	4.58214	9.99671	15.4094	20.3666	24.4675	27.0699	26.1632	12.4462	-34.6106	-59.6696	-70.9876	-76.009	-78.2274	-79.2063	-79.6381	-79.8286	-79.9126	-79.9496	-79.966	-79.9732	-79.9764	-79.9778	-79.9784	-79.9787	-79.9788	-79.9788	-79.9789	-79.9789	-79.9789	-79.9789	-79.9789	-79.979	-79.979
1.24	-3.71361	-4.49896	-1.58064	3.15231	8.60529	14.1147	19.2353	23.5937	26.6757	27.0777	18.6408	-26.08	-55.5399	-69.104	-75.1641	-77.8515	-79.0397	-79.5644	-79.796	-79.8982	-79.9433	-79.9632	-79.9719	-79.9758	-79.9775	-79.9783	-79.9786	-79.9787	-79.9788	-79.9788	-79.9789	-79.9789	-79.9789	-79.9789	-79.979	-79.979
1.245	-5.1731	-5.90236	-3.0024	1.71662	7.19683	12.7896	18.0565	22.6397	26.0925	27.3169	21.6914	-15.2365	-50.3838	-66.7974	-74.1389	-77.3966	-78.8382	-79.4752	-79.7566	-79.8808	-79.9356	-79.9597	-79.9704	-79.9751	-79.9772	-79.9781	-79.9785	-79.9787	-79.9788	-79.9788	-79.9788	-79.9788	-79.9789	-79.9789	-79.9789	-79.979
1.25	-6.62191	-7.29712	-4.41956	0.27778	5.77428	11.4373	16.8349	21.619	25.3897	27.2811	23.9745	-1.63313	-43.726	-63.8685	-72.8575	-76.8346	-78.591	-79.3663	-79.7085	-79.8595	-79.9262	-79.9556	-79.9686	-79.9743	-79.9768	-79.9779	-79.9784	-79.9786	-79.9787	-79.9788	-79.9788	-79.9788	-79.9788	-79.9789	-79.9789	-79.979
1.255	-8.05788	-8.6812	-5.82983	-1.16155	4.3407	10.0613	15.5756	20.5445	24.6094	27.1152	25.8953	10.742	-36.0558	-60.3573	-71.2985	-76.1473	-78.2885	-79.2332	-79.6499	-79.8337	-79.9148	-79.9505	-79.9663	-79.9733	-79.9763	-79.9777	-79.9783	-79.9786	-79.9787	-79.9787	-79.9788	-79.9788	-79.9788	-79.9788	-79.9789	-79.9789
1.26	-9.47902	-10.0526	-7.23103	-2.59877	2.89905	8.66512	14.2827	19.4203	23.7501	26.7596	26.9725	17.8415	-27.7496	-56.3471	-69.4713	-75.3288	-77.9247	-79.0721	-79.5787	-79.8022	-79.9009	-79.9444	-79.9636	-79.9721	-79.9758	-79.9774	-79.9782	-79.9785	-79.9786	-79.9787	-79.9787	-79.9788	-79.9788	-79.9788	-79.9788	-79.9789
1.265	-10.8834	-11.4096	-8.62109	-4.0314	1.45221	7.25162	12.9588	18.2482	22.8092	26.2058	27.3015	21.2361	-17.449	-51.4282	-67.2586	-74.342	-77.4861	-78.8776	-79.4926	-79.7642	-79.884	-79.9369	-79.9603	-79.9706	-79.9751	-79.9771	-79.978	-79.9784	-79.9786	-79.9787	-79.9787	-79.9787	-79.9788	-79.9788	-79.9788	-79.9789
1.27	-12.2694	-12.7504	-9.99807	-5.45708	0.00294618	5.82387	11.6071	17.0321	21.7988	25.5198	27.2953	23.5729	-4.19427	-45.0409	-64.4498	-73.1115	-76.9456	-78.6396	-79.3876	-79.7178	-79.8636	-79.9279	-79.9563	-79.9688	-79.9743	-79.9768	-79.9778	-79.9783	-79.9785	-79.9786	-79.9787	-79.9787	-79.9787	-79.9788	-79.9788	-79.9789
1.275	-13.6353	-14.0735	-11.3601	-6.87354	-1.44603	4.38494	10.2313	15.7775	20.7328	24.7526	27.1555	25.5975	8.84204	-37.4864	-61.0303	-71.6011	-76.2815	-78.3477	-79.2592	-79.6612	-79.8386	-79.9169	-79.9514	-79.9666	-79.9734	-79.9763	-79.9776	-79.9782	-79.9785	-79.9786	-79.9786	-79.9787	-79.9787	-79.9787	-79.9788	-79.9788
1.28	-14.9798	-15.3774	-12.7056	-8.27866	-2.89207	2.93789	8.83461	14.4886	19.6169	23.9081	26.8382	26.8425	16.92	-29.3526	-57.1249	-69.8263	-75.4882	-77.9956	-79.1035	-79.5925	-79.8083	-79.9035	-79.9455	-79.964	-79.9722	-79.9758	-79.9774	-79.9781	-79.9784	-79.9785	-79.9786	-79.9786	-79.9787	-79.9787	-79.9787	-79.9788
1.285	-16.3015	-16.6609	-14.033	-9.67041	-4.33267	1.48563	7.42028	13.1682	18.4524	22.9813	26.3165	27.2765	20.7524	-19.5503	-52.4211	-67.6996	-74.5371	-77.5723	-78.9157	-79.5093	-79.7715	-79.8872	-79.9383	-79.9608	-79.9708	-79.9751	-79.9771	-79.9779	-79.9783	-79.9785	-79.9786	-79.9786	-79.9786	-79.9787	-79.9787	-79.9788
1.29	-17.5993	-17.9228	-15.3409	-11.047	-5.76544	0.0309781	5.99128	11.8195	17.2431	21.9819	25.6492	27.3066	23.1655	-6.7529	-46.3149	-65.0102	-73.3561	-77.0526	-78.6865	-79.4081	-79.7268	-79.8675	-79.9295	-79.9569	-79.969	-79.9744	-79.9767	-79.9778	-79.9782	-79.9784	-79.9785	-79.9786	-79.9786	-79.9786	-79.9787	-79.9787
1.295	-18.8722	-19.1622	-16.628	-12.4066	-7.18812	-1.42332	4.55073	10.4459	15.9943	20.925	24.8953	27.1904	25.2721	6.75583	-38.9043	-61.6889	-71.8953	-76.4115	-78.4049	-79.2843	-79.6722	-79.8434	-79.9189	-79.9522	-79.9669	-79.9734	-79.9763	-79.9776	-79.9781	-79.9784	-79.9785	-79.9785	-79.9786	-79.9786	-79.9787	-79.9787
1.3	-20.1195	-20.378	-17.8933	-13.7478	-8.59857	-2.87458	3.10169	9.05101	14.7105	19.8177	24.0655	26.9106	26.6849	15.8547	-30.9017	-57.8774	-70.1702	-75.6425	-78.0643	-79.1338	-79.6058	-79.8141	-79.906	-79.9465	-79.9644	-79.9723	-79.9758	-79.9773	-79.978	-79.9783	-79.9784	-79.9785	-79.9786	-79.9786	-79.9786	-79.9787
1.305	-21.3404	-21.5698	-19.1358	-15.0691	-9.99481	-4.32027	1.64714	7.6379	13.3948	18.6615	23.1531	26.4232	27.2391	20.2278	-21.5419	-53.3656	-68.1216	-74.7245	-77.6554	-78.9524	-79.5255	-79.7786	-79.8903	-79.9396	-79.9613	-79.9709	-79.9752	-79.977	-79.9779	-79.9782	-79.9784	-79.9785	-79.9785	-79.9786	-79.9786	-79.9787
1.31	-22.5343	-22.7367	-20.3546	-16.3692	-11.375	-5.75798	0.189915	6.20964	12.0501	17.4596	22.1656	25.7768	27.3144	22.753	-9.27407	-47.5424	-65.5487	-73.5912	-77.1555	-78.7316	-79.428	-79.7355	-79.8712	-79.9311	-79.9576	-79.9693	-79.9744	-79.9767	-79.9777	-79.9781	-79.9783	-79.9784	-79.9785	-79.9785	-79.9786	-79.9786
1.315	-23.7009	-23.8783	-21.5491	-17.6472	-12.7375	-7.18542	-1.26721	4.76932	10.6799	16.2172	21.1182	25.0365	27.2203	24.9224	4.50362	-40.3084	-62.3325	-72.1811	-76.5374	-78.4602	-79.3085	-79.6829	-79.848	-79.9209	-79.953	-79.9672	-79.9735	-79.9763	-79.9775	-79.978	-79.9783	-79.9784	-79.9785	-79.9785	-79.9785	-79.9786
1.32	-24.8399	-24.9944	-22.7188	-18.902	-14.0808	-8.60045	-2.72153	3.32005	9.28782	14.9391	20.0197	24.2211	26.9763	26.4975	14.6254	-32.4089	-58.6083	-70.5038	-75.7921	-78.1307	-79.1632	-79.6188	-79.8197	-79.9084	-79.9475	-79.9648	-79.9724	-79.9758	-79.9773	-79.9779	-79.9782	-79.9783	-79.9784	-79.9785	-79.9785	-79.9786
1.325	-25.951	-26.0845	-23.8632	-20.1328	-15.4035	-10.0011	-4.17048	1.86483	7.87697	13.6286	18.8721	23.3236	26.5251	27.1865	19.6475	-23.4291	-54.2654	-68.5262	-74.9049	-77.7356	-78.9879	-79.5412	-79.7854	-79.8932	-79.9408	-79.9618	-79.9711	-79.9752	-79.977	-79.9778	-79.9781	-79.9783	-79.9784	-79.9784	-79.9785	-79.9786
1.33	-27.0341	-27.1486	-24.9819	-21.3389	-16.7044	-11.3855	-5.61162	0.406515	6.45043	12.2886	17.6779	22.3485	25.902	27.3179	22.3343	-11.7291	-48.7193	-66.0648	-73.8168	-77.2544	-78.7751	-79.4471	-79.7438	-79.8749	-79.9327	-79.9582	-79.9695	-79.9744	-79.9766	-79.9776	-79.9781	-79.9782	-79.9783	-79.9784	-79.9785	-79.9785
1.335	-28.0893	-28.1866	-26.0748	-22.5199	-17.9824	-12.752	-7.04265	-1.05209	5.0113	10.9223	16.4423	21.311	25.1758	27.2457	24.5525	2.11519	-41.6949	-62.9602	-72.4582	-76.6591	-78.5136	-79.332	-79.6931	-79.8525	-79.9228	-79.9538	-79.9675	-79.9736	-79.9762	-79.9774	-79.978	-79.9782	-79.9783	-79.9784	-79.9784	-79.9785
1.34	-29.1166	-29.1984	-27.1416	-23.6752	-19.2368	-14.099	-8.4614	-2.50828	3.56269	9.53356	15.1703	20.2215	24.3745	27.0351	26.2788	13.2149	-33.8849	-59.3203	-70.8281	-75.9372	-78.1951	-79.1916	-79.6312	-79.8252	-79.9108	-79.9485	-79.9652	-79.9725	-79.9758	-79.9772	-79.9778	-79.9781	-79.9783	-79.9783	-79.9784	-79.9785
1.345	-30.1161	-30.1841	-28.1825	-24.8047	-20.4667	-15.4253	-9.86587	-3.95944	2.10763	8.1255	13.8653	19.0826	23.492	26.6215	27.1157	18.9946	-25.2208	-55.1248	-68.9148	-75.0787	-77.8129	-79.0222	-79.5563	-79.7921	-79.8961	-79.942	-79.9623	-79.9712	-79.9752	-79.9769	-79.9777	-79.9781	-79.9782	-79.9783	-79.9784	-79.9784
1.35	-31.088	-31.144	-29.1973	-25.908	-21.6715	-16.7296	-11.2542	-5.40312	0.649005	6.70121	12.5302	17.8965	22.5301	26.0242	27.3157	21.9062	-14.0964	-49.8434	-66.5586	-74.0333	-77.3496	-78.817	-79.4655	-79.7519	-79.8784	-79.9342	-79.9588	-79.9697	-79.9745	-79.9766	-79.9775	-79.978	-79.9782	-79.9783	-79.9783	-79.9784
1.355	-32.0327	-32.0781	-30.1863	-26.9851	-22.8508	-18.0109	-12.6247	-6.83699	-0.810372	5.26377	11.1683	16.6679	21.5028	25.313	27.267	24.1672	-0.372504	-43.0579	-63.5706	-72.7263	-76.7766	-78.5651	-79.3546	-79.703	-79.8568	-79.9246	-79.9546	-79.9678	-79.9736	-79.9762	-79.9774	-79.9779	-79.9781	-79.9782	-79.9783	-79.9784
1.36	-32.9503	-32.9867	-31.1494	-28.036	-24.0041	-19.2684	-13.9758	-8.25886	-2.26777	3.8163	9.78314	15.4021	20.4223	24.5254	27.0869	26.0283	11.6112	-35.3384	-60.0159	-71.1436	-76.0779	-78.2574	-79.219	-79.6433	-79.8304	-79.913	-79.9494	-79.9655	-79.9726	-79.9758	-79.9771	-79.9778	-79.9781	-79.9782	-79.9783	-79.9784
1.365	-33.8413	-33.87	-32.0871	-29.0606	-25.1312	-20.5012	-15.3062	-9.6667	-3.72057	2.36185	8.37816	14.1028	19.2923	23.6581	26.7118	27.0237	18.2499	-26.9277	-55.9482	-69.289	-75.2465	-77.8876	-79.0553	-79.5709	-79.7985	-79.8989	-79.9432	-79.9627	-79.9714	-79.9752	-79.9769	-79.9776	-79.978	-79.9781	-79.9782	-79.9783
1.37	-34.7061	-34.7285	-32.9994	-30.0592	-26.232	-21.7088	-16.6147	-11.0586	-5.16627	0.903342	6.95641	12.7729	18.1145	22.7097	26.1428	27.3062	21.4626	-16.3619	-50.914	-67.0305	-74.2409	-77.441	-78.8573	-79.4832	-79.7597	-79.8817	-79.9356	-79.9594	-79.9699	-79.9745	-79.9766	-79.9775	-79.9779	-79.9781	-79.9782	-79.9783
1.375	-35.5451	-35.5625	-33.8868	-31.0319	-27.3063	-22.8907	-17.9002	-12.4329	-6.60253	-0.556407	5.52095	11.4155	16.8931	21.6932	25.4479	27.2845	23.7709	-2.91869	-44.3904	-64.162	-72.9852	-76.8899	-78.6148	-79.3763	-79.7125	-79.8609	-79.9264	-79.9553	-79.9681	-79.9737	-79.9762	-79.9773	-79.9778	-79.978	-79.9782	-79.9783
1.38	-36.3587	-36.3723	-34.7495	-31.9788	-28.3543	-24.0465	-19.1618	-13.788	-8.02713	-2.01465	4.07491	10.0342	15.6337	20.6219	24.6739	27.1321	25.7465	9.8097	-36.7755	-60.6962	-71.4505	-76.2143	-78.3176	-79.2456	-79.6549	-79.8355	-79.9152	-79.9503	-79.9659	-79.9727	-79.9757	-79.9771	-79.9777	-79.978	-79.9781	-79.9782
1.385	-37.1474	-37.1584	-35.5879	-32.9004	-29.376	-25.1761	-20.3988	-15.1226	-9.43801	-3.46874	2.62134	8.63251	14.3403	19.5008	23.8217	26.7956	26.9077	17.393	-28.5619	-56.7402	-69.6501	-75.4086	-77.9598	-79.0872	-79.585	-79.8046	-79.9016	-79.9443	-79.9632	-79.9715	-79.9752	-79.9768	-79.9776	-79.9779	-79.9781	-79.9782
1.39	-37.9118	-37.9212	-36.4024	-33.7969	-30.3715	-26.2792	-21.6106	-16.4353	-10.8333	-4.91615	1.1632	7.2135	13.0156	18.3314	22.8873	26.2575	27.2876	20.9953	-18.5181	-51.9322	-67.4816	-74.4401	-77.529	-78.8962	-79.5004	-79.7672	-79.885	-79.937	-79.9599	-79.9701	-79.9745	-79.9765	-79.9774	-79.9778	-79.978	-79.9781
1.395	-38.6523	-38.6612	-37.1935	-34.6686	-31.341	-27.3558	-22.7967	-17.7252	-12.2112	-6.35452	-0.296677	5.78021	11.6629	17.1175	21.882	25.5805	27.2986	23.3669	-5.48243	-45.6855	-64.7331	-73.2347	-76.999	-78.6626	-79.3973	-79.7217	-79.8649	-79.9281	-79.956	-79.9683	-79.9738	-79.9762	-79.9772	-79.9777	-79.978	-79.9781
1.4	-39.3695	-39.3788	-37.9614	-35.5159	-32.2849	-28.4059	-23.9567	-18.9913	-13.5701	-7.78161	-1.75554	4.33577	10.2856	15.8647	20.82	24.8199	27.1709	25.4353	7.81517	-38.1996	-61.3621	-71.749	-76.3465	-78.3759	-79.2712	-79.6662	-79.8404	-79.9173	-79.9512	-79.9662	-79.9728	-79.9757	-79.977	-79.9776	-79.9779	-79.9781
1.405	-40.064	-40.0745	-38.7068	-36.3392	-33.2033	-29.4297	-25.0904	-20.2329	-14.9087	-9.19533	-3.2107	2.88327	8.88739	14.5771	19.7079	23.9825	26.8726	26.7649	16.4025	-30.1362	-57.505	-69.9995	-75.5655	-78.0296	-79.1182	-79.5986	-79.8106	-79.9041	-79.9454	-79.9636	-79.9717	-79.9752	-79.9768	-79.9775	-79.9778	-79.978
1.41	-40.7364	-40.7489	-39.43	-37.139	-34.0967	-30.4273	-26.1976	-21.4493	-16.2257	-10.5937	-4.65964	1.42568	7.47126	13.2579	18.547	23.0627	26.3677	27.2574	20.4932	-20.5637	-52.9005	-67.913	-74.6313	-77.6137	-78.9336	-79.5169	-79.7745	-79.8882	-79.9383	-79.9605	-79.9703	-79.9746	-79.9765	-79.9774	-79.9778	-79.978
1.415	-41.3873	-41.4025	-40.1316	-37.9157	-34.9653	-31.3988	-27.2783	-22.64	-17.5199	-11.9751	-6.09994	-0.0341681	6.0403	11.91	17.3408	22.069	25.7106	27.309	22.9573	-8.02593	-46.9369	-65.2826	-73.4746	-77.104	-78.7087	-79.4175	-79.7306	-79.8688	-79.9298	-79.9567	-79.9686	-79.9738	-79.9762	-79.9772	-79.9777	-79.9779
1.42	-42.0172	-42.0358	-40.8121	-38.6697	-35.8097	-32.3447	-28.3325	-23.8047	-18.7905	-13.3377	-7.52935	-1.49348	4.59761	10.5369	16.0947	21.0166	24.9634	27.204	25.0976	5.64285	-39.611	-62.0133	-72.0392	-76.4745	-78.4322	-79.2959	-79.677	-79.8451	-79.9193	-79.9521	-79.9665	-79.9729	-79.9757	-79.977	-79.9776	-79.9778
1.425	-42.6268	-42.6494	-41.4719	-39.4015	-36.6302	-33.2651	-29.3602	-24.9431	-20.0367	-14.6802	-8.94575	-2.94958	3.14631	9.14224	14.8132	19.9135	24.1407	26.9424	26.593	15.2576	-31.6628	-58.2463	-70.3382	-75.7175	-78.0972	-79.1481	-79.6118	-79.8163	-79.9066	-79.9464	-79.964	-79.9718	-79.9752	-79.9767	-79.9774	-79.9777
1.43	-43.2167	-43.2437	-42.1116	-40.1117	-37.4272	-34.1604	-30.3618	-26.055	-21.2578	-16.0013	-10.3472	-4.3999	1.68939	7.72912	13.4995	18.7613	23.2357	26.4729	27.2131	19.9429	-22.502	-53.8222	-68.3262	-74.8152	-77.6954	-78.9698	-79.5328	-79.7815	-79.8912	-79.9396	-79.961	-79.9704	-79.9746	-79.9765	-79.9773	-79.9776
1.435	-43.7875	-43.8195	-42.7317	-40.8006	-38.2012	-35.031	-31.3373	-27.1404	-22.4533	-17.2999	-11.7318	-5.842	0.229709	6.3006	12.1566	17.563	22.2542	25.8379	27.3152	22.5423	-10.517	-48.1394	-65.81	-73.705	-77.205	-78.753	-79.437	-79.7391	-79.8725	-79.9313	-79.9573	-79.9688	-79.9739	-79.9761	-79.9771	-79.9775
1.44	-44.3399	-44.3772	-43.3328	-41.4689	-38.9527	-35.8773	-32.287	-28.1993	-23.6228	-18.575	-13.098	-7.27361	-1.22994	4.85979	10.7878	16.3237	21.2116	25.1045	27.232	24.7375	3.31813	-41.0069	-62.6492	-72.3207	-76.5984	-78.4866	-79.3198	-79.6874	-79.8497	-79.9213	-79.9529	-79.9668	-79.973	-79.9757	-79.9769	-79.9774
1.445	-44.8744	-44.9173	-43.9153	-42.117	-39.6821	-36.6996	-33.2113	-29.2317	-24.7661	-19.8257	-14.4444	-8.69258	-2.68685	3.40982	9.39679	15.0484	20.1175	24.2961	27.0051	26.3902	13.9393	-33.1533	-58.9675	-70.6672	-75.8649	-78.1627	-79.177	-79.6245	-79.8219	-79.909	-79.9474	-79.9644	-79.9719	-79.9752	-79.9767	-79.9772
1.45	-45.3918	-45.4406	-44.4799	-42.7454	-40.39	-37.4986	-34.1104	-30.2379	-25.8829	-21.0515	-15.7696	-10.0969	-4.13844	1.95368	7.98677	13.7403	18.9741	23.4061	26.5726	27.152	19.3285	-24.3402	-54.7012	-68.7226	-74.9923	-77.7741	-79.0046	-79.5482	-79.7882	-79.8941	-79.9409	-79.9615	-79.9706	-79.9746	-79.9764	-79.9771
1.455	-45.8926	-45.9474	-45.0271	-43.3548	-41.0768	-38.2745	-34.9848	-31.218	-26.9732	-22.2518	-17.0724	-11.4848	-5.58224	0.494271	6.56082	12.4025	17.7838	22.4375	25.9621	27.3162	22.1196	-12.9302	-49.2901	-66.3149	-73.926	-77.302	-78.7957	-79.4558	-79.7473	-79.8761	-79.9329	-79.9579	-79.969	-79.9739	-79.976	-79.9768
1.46	-46.3775	-46.4385	-45.5573	-43.9455	-41.7431	-39.0279	-35.8348	-32.1723	-28.0369	-23.4262	-18.3519	-12.8545	-7.01595	-0.965607	5.122	11.0381	16.5516	21.405	25.2432	27.2555	24.3594	0.874876	-42.3825	-63.2685	-72.5934	-76.718	-78.5391	-79.3428	-79.6975	-79.8541	-79.9231	-79.9536	-79.9671	-79.973	-79.9756	-79.9766
1.465	-46.847	-46.9143	-46.0712	-44.5182	-42.3893	-39.7593	-36.6609	-33.1011	-29.0742	-24.5743	-19.6072	-14.2046	-8.43739	-2.42323	3.67345	9.65087	15.2825	20.32	24.4488	27.0606	26.1557	12.4329	-34.6172	-59.6711	-70.9871	-76.0078	-78.226	-79.2049	-79.6367	-79.8273	-79.9113	-79.9484	-79.9648	-79.972	-79.9751	-79.9763
1.47	-47.3017	-47.3754	-46.5693	-45.0734	-43.0161	-40.4691	-37.4635	-34.0047	-30.0852	-25.696	-20.8376	-15.5338	-9.84456	-3.87599	2.21821	8.24407	13.9802	19.1854	23.5739	26.6662	27.0711	18.6321	-26.0879	-55.5421	-69.1039	-75.1631	-77.8501	-79.0383	-79.5631	-79.7947	-79.8969	-79.942	-79.9619	-79.9707	-79.9745	-79.9759
1.475	-47.7423	-47.8223	-47.0521	-45.6116	-43.6239	-41.1579	-38.2431	-34.8835	-31.0701	-26.7912	-22.0426	-16.8408	-11.2356	-5.32139	0.759176	6.82078	12.6476	18.0034	22.6187	26.0828	27.3107	21.6846	-15.2479	-50.3874	-66.7978	-74.138	-77.3953	-78.8368	-79.4739	-79.7553	-79.8795	-79.9343	-79.9585	-79.9691	-79.9737	-79.9755
1.48	-48.1693	-48.2556	-47.5202	-46.1334	-44.2132	-41.8262	-39.0001	-35.7378	-32.0291	-27.8598	-23.2218	-18.1246	-12.6088	-6.75712	-0.700831	5.38407	11.2877	16.7783	21.5967	25.3796	27.275	23.9681	-1.64751	-43.7313	-63.8696	-72.857	-76.8335	-78.5897	-79.365	-79.7072	-79.8583	-79.9249	-79.9543	-79.9673	-79.9728	-79.975
1.485	-48.5832	-48.6758	-47.9741	-46.6392	-44.7847	-42.4744	-39.735	-36.5682	-32.9626	-28.902	-24.3747	-19.3844	-13.9626	-8.18096	-2.15907	3.93705	9.9044	15.5157	20.5208	24.5988	27.1092	25.8894	10.7298	-36.062	-60.359	-71.2983	-76.1463	-78.2873	-79.2319	-79.6486	-79.8324	-79.9135	-79.9493	-79.965	-79.9717	-79.9743
1.49	-48.9846	-49.0833	-48.4142	-47.1297	-45.3387	-43.1032	-40.4483	-37.3751	-33.8709	-29.9179	-25.5013	-20.6195	-15.2956	-9.59088	-3.61291	2.4828	8.50092	14.2192	19.3952	23.7391	26.7535	26.9674	17.8336	-27.7569	-56.3493	-69.4714	-75.328	-77.9236	-79.0709	-79.5774	-79.801	-79.8996	-79.9431	-79.9622	-79.9704	-79.9735
1.495	-49.3741	-49.4788	-48.8412	-47.6053	-45.876	-43.713	-41.1406	-38.1588	-34.7543	-30.9076	-26.6014	-21.8292	-16.6068	-10.985	-5.05984	1.02424	7.0804	12.8918	18.2215	22.7977	26.1997	27.297	21.2303	-17.4592	-51.4316	-67.2592	-74.3414	-77.4851	-78.8764	-79.4913	-79.7629	-79.8828	-79.9357	-79.9589	-79.9688	-79.9726
1.5	-49.752	-49.8626	-49.2554	-48.0665	-46.3969	-44.3044	-41.8123	-38.92	-35.6132	-31.8714	-27.6749	-23.0131	-17.8949	-12.3615	-6.4975	-0.435797	5.64589	11.5366	17.0038	21.7866	25.5136	27.2909	23.5676	-4.20768	-45.046	-64.451	-73.1112	-76.9447	-78.6385	-79.3864	-79.7166	-79.8623	-79.9266	-79.9548	-79.9669	-79.9715
1.505	-50.119	-50.2353	-49.6574	-48.5139	-46.9021	-44.8779	-42.4639	-39.659	-36.4481	-32.8096	-28.722	-24.1709	-19.1592	-13.719	-7.92366	-1.89456	4.20052	10.1573	15.7477	20.72	24.7462	27.1512	25.5926	8.8299	-37.4925	-61.0321	-71.601	-76.2807	-78.3466	-79.258	-79.66	-79.8374	-79.9155	-79.9499	-79.9646	-79.9701
1.51	-50.4755	-50.5973	-50.0476	-48.948	-47.3919	-45.4341	-43.096	-40.3763	-37.2593	-33.7226	-29.7427	-25.3023	-20.3988	-15.0559	-9.33626	-3.34939	2.74736	8.75726	14.4571	19.6034	23.9015	26.834	26.8383	16.9122	-29.3596	-57.1272	-69.8265	-75.4875	-77.9946	-79.1023	-79.5913	-79.807	-79.9021	-79.9438	-79.9617	-79.9685
1.515	-50.8218	-50.949	-50.4266	-49.3692	-47.8671	-45.9734	-43.7091	-41.0725	-38.0474	-34.6106	-30.7373	-26.4073	-21.6132	-16.3711	-10.7334	-4.79776	1.28937	7.33962	13.1351	18.4382	22.9744	26.3123	27.2729	20.747	-19.5599	-52.4245	-67.7003	-74.5366	-77.5714	-78.9146	-79.5081	-79.7702	-79.8858	-79.9365	-79.9583	-79.9665
1.52	-51.1586	-51.2909	-50.7946	-49.7779	-48.3279	-46.4964	-44.3038	-41.7481	-38.8128	-35.4741	-31.7059	-27.4857	-22.8018	-17.6635	-12.1132	-6.23728	-0.170611	5.90742	11.7848	17.2281	21.9748	25.645	27.3032	23.1606	-6.76589	-46.3199	-65.0115	-73.3559	-77.0517	-78.6854	-79.407	-79.7255	-79.866	-79.9277	-79.9541	-79.964
1.525	-51.4861	-51.6233	-51.1522	-50.1748	-48.7751	-47.0036	-44.8805	-42.4035	-39.556	-36.3135	-32.6488	-28.5376	-23.9644	-18.9322	-13.4743	-7.6657	-1.62981	4.46378	10.4096	15.9786	20.9176	24.8911	27.1871	25.2676	6.74329	-38.9105	-61.6908	-71.8954	-76.4108	-78.4039	-79.2831	-79.6709	-79.8419	-79.9169	-79.949	-79.9611
1.53	-51.8048	-51.9466	-51.4998	-50.5601	-49.2089	-47.4955	-45.4397	-43.0393	-40.2775	-37.1291	-33.5664	-29.5632	-25.1007	-20.1764	-14.8151	-9.08091	-3.08555	3.01182	9.01306	14.6941	19.8099	24.0611	26.9075	26.6811	15.8465	-30.9087	-57.8799	-70.1705	-75.6419	-78.0633	-79.1327	-79.6045	-79.8125	-79.9037	-79.9428	-79.9575
1.535	-52.1151	-52.2613	-51.8377	-50.9345	-49.63	-47.9727	-45.9821	-43.6561	-40.9777	-37.9216	-34.4591	-30.5625	-26.2105	-21.3954	-16.1343	-10.481	-4.53528	1.55449	7.59838	13.3776	18.6534	23.1487	26.4201	27.236	20.2225	-21.5511	-53.369	-68.1224	-74.7241	-77.6545	-78.9513	-79.5242	-79.7769	-79.8878	-79.9353	-79.9531
1.54	-52.4173	-52.5677	-52.1664	-51.2981	-50.0388	-48.4356	-46.5082	-44.2543	-41.6572	-38.6912	-35.3271	-31.5359	-27.2938	-22.5888	-17.431	-11.8641	-5.97657	0.0946641	6.1686	12.0321	17.4511	22.1611	25.7738	27.3116	22.7484	-9.28686	-47.5474	-65.55	-73.591	-77.1547	-78.7305	-79.4266	-79.7336	-79.8684	-79.9262	-79.9478
1.545	-52.7117	-52.8661	-52.4862	-51.6516	-50.4357	-48.8848	-47.0184	-44.8346	-42.3165	-39.4386	-36.1709	-32.4836	-28.3505	-23.7562	-18.704	-13.2287	-7.40717	-1.36488	4.72681	10.6612	16.2084	21.1135	25.0335	27.2176	24.9181	4.49041	-40.3148	-62.3345	-72.1812	-76.5367	-78.4591	-79.3071	-79.6809	-79.8449	-79.9151	-79.9414
1.55	-52.9988	-53.1568	-52.7975	-51.9953	-50.8211	-49.3206	-47.5133	-45.3973	-42.9562	-40.1642	-36.991	-33.4058	-29.3809	-24.8973	-19.9527	-14.5733	-8.82494	-2.82144	3.27613	9.26827	14.93	20.0149	24.218	26.9738	26.4939	14.6165	-32.416	-58.6108	-70.5042	-75.7915	-78.1296	-79.1617	-79.6166	-79.8161	-79.9016	-79.9335
1.555	-53.2787	-53.4402	-53.1006	-52.3295	-51.1956	-49.7437	-47.9933	-45.9431	-43.5767	-40.8684	-37.7878	-34.303	-30.3851	-26.0119	-21.1763	-15.8965	-10.2279	-4.27245	1.81957	7.85667	13.6191	18.8671	23.3205	26.5226	27.1836	19.642	-23.4382	-54.2688	-68.527	-74.9044	-77.7345	-78.9863	-79.5388	-79.7813	-79.8852	-79.924
1.56	-53.5518	-53.7165	-53.3958	-52.6547	-51.5595	-50.1545	-48.4591	-46.4724	-44.1785	-41.5519	-38.5617	-35.1756	-31.3632	-27.1	-22.3744	-17.1973	-11.6142	-5.71545	0.359987	6.42941	12.2786	17.6728	22.3454	25.8996	27.3154	22.3299	-11.7417	-48.7243	-66.0661	-73.8166	-77.2534	-78.7734	-79.4444	-79.7391	-79.8653	-79.9125
1.565	-53.8185	-53.9861	-53.6834	-52.9711	-51.9132	-50.5533	-48.911	-46.9858	-44.7623	-42.215	-39.3132	-36.0239	-32.3155	-28.1616	-23.5466	-18.4747	-12.9823	-7.14816	-1.09981	4.98957	10.912	16.437	21.3078	25.1734	27.2433	24.5483	2.10123	-41.7013	-62.9622	-72.4583	-76.6581	-78.5118	-79.329	-79.6875	-79.8411	-79.8984
1.57	-54.0788	-54.2492	-53.9639	-53.2792	-52.2572	-50.9407	-49.3496	-47.4838	-45.3285	-42.8585	-40.0428	-36.8483	-33.2424	-29.1968	-24.6924	-19.7279	-14.3306	-8.56841	-2.55711	3.54028	9.52289	15.1648	20.2182	24.3721	27.0328	26.2752	13.205	-33.8921	-59.3229	-70.8284	-75.9363	-78.1932	-79.1882	-79.6247	-79.8116	-79.8813
1.575	-54.3331	-54.506	-54.2373	-53.5792	-52.5917	-51.3171	-49.7753	-47.967	-45.8776	-43.4826	-40.7511	-37.6494	-34.1442	-30.2057	-25.8119	-20.9562	-15.6578	-9.9742	-4.00931	2.08457	8.11447	13.8596	19.0793	23.4897	26.6194	27.1129	18.9887	-25.2297	-55.1281	-68.9154	-75.0779	-77.8108	-79.0182	-79.5485	-79.7758	-79.8605
1.58	-54.5817	-54.7569	-54.5041	-53.8714	-52.9172	-51.6829	-50.1887	-48.4357	-46.4103	-44.0881	-41.4384	-38.4275	-35.0213	-31.1886	-26.9049	-22.1589	-16.9628	-11.3637	-5.45394	0.625329	6.68982	12.5243	17.8931	22.5277	26.0222	27.3134	21.9017	-14.1088	-49.8482	-66.5597	-74.0325	-77.3473	-78.8125	-79.4563	-79.7323	-79.8353
1.585	-54.8247	-55.002	-54.7644	-54.1562	-53.2339	-52.0384	-50.5901	-48.8906	-46.9269	-44.6754	-42.1054	-39.1831	-35.874	-32.1456	-27.9713	-23.3358	-18.2445	-12.7352	-6.88868	-0.834634	5.25204	11.1622	16.6644	21.5004	25.311	27.2648	24.163	-0.387059	-43.0643	-63.5723	-72.7257	-76.7741	-78.5599	-79.3436	-79.6794	-79.8046
1.59	-55.0624	-55.2416	-55.0185	-54.4339	-53.5423	-52.3842	-50.98	-49.332	-47.4281	-45.245	-42.7525	-39.9168	-36.7028	-33.0771	-29.0113	-24.4865	-19.5022	-14.0872	-8.31135	-2.29258	3.80424	9.77689	15.3985	20.4199	24.5235	27.0849	26.0247	11.6001	-35.3456	-60.0181	-71.1431	-76.0751	-78.2512	-79.206	-79.6148	-79.7672
1.595	-55.295	-55.4758	-55.2666	-54.7047	-53.8427	-52.7205	-51.3588	-49.7606	-47.9143	-45.7974	-43.3803	-40.629	-37.5081	-33.9835	-30.025	-25.6108	-20.735	-15.4183	-9.71991	-3.7459	2.34948	8.37174	14.0991	19.2899	23.6562	26.7099	27.021	18.2435	-26.9362	-55.9511	-69.2886	-75.2433	-77.8804	-79.0396	-79.5365	-79.7218
1.6	-55.5226	-55.7049	-55.5091	-54.9688	-54.1353	-53.0477	-51.7269	-50.1766	-48.386	-46.3333	-43.9893	-41.3202	-38.2904	-34.8651	-31.0126	-26.7086	-21.9424	-16.7274	-11.1125	-5.19208	0.890666	6.94982	12.7691	18.112	22.7079	26.1411	27.304	21.4581	-16.3736	-50.9181	-67.0304	-74.2374	-77.4325	-78.8385	-79.4417	-79.6667
1.605	-55.7455	-55.9291	-55.7459	-55.2266	-54.4204	-53.3661	-52.0848	-50.5806	-48.8437	-46.8531	-44.58	-41.991	-39.0502	-35.7222	-31.9743	-27.7798	-23.124	-18.0135	-12.4874	-6.62879	-0.56937	5.51419	11.4116	16.8906	21.6913	25.4463	27.2825	23.7667	-2.93318	-44.3961	-64.1622	-72.9812	-76.8798	-78.5921	-79.326	-79.5996
1.61	-55.9638	-56.1485	-55.9775	-55.4783	-54.6984	-53.6761	-52.4327	-50.9731	-49.288	-47.3573	-45.153	-42.6418	-39.7879	-36.5553	-32.9105	-28.8246	-24.2795	-19.2755	-13.843	-8.05381	-2.02788	4.06798	10.0302	15.6312	20.62	24.6722	27.1301	25.7429	9.79785	-36.7818	-60.6966	-71.4458	-76.2022	-78.2903	-79.1846	-79.5178
1.615	-56.1777	-56.3633	-56.204	-55.724	-54.9695	-53.9781	-52.7712	-51.3544	-49.7192	-47.8465	-45.7088	-43.2732	-40.504	-37.3649	-33.8214	-29.8431	-25.4086	-20.5129	-15.1781	-9.46508	-3.48223	2.61426	8.62846	14.3377	19.4989	23.8201	26.7939	26.9049	17.3862	-28.5688	-56.7405	-69.6446	-75.394	-77.9268	-79.0132	-79.4184
1.62	-56.3873	-56.5737	-56.4255	-55.964	-55.2339	-54.2722	-53.1005	-51.7249	-50.1379	-48.3211	-46.2478	-43.8857	-41.1991	-38.1514	-34.7074	-30.8354	-26.5112	-21.725	-16.4912	-10.8607	-4.92989	1.15598	7.20937	13.013	18.3295	22.8858	26.256	27.2855	20.991	-18.5273	-51.9329	-67.4751	-74.4225	-77.4891	-78.8064	-79.298
1.625	-56.5928	-56.7798	-56.6422	-56.1986	-55.492	-54.5589	-53.4211	-52.0851	-50.5445	-48.7816	-46.7707	-44.4798	-41.8736	-38.9153	-35.569	-31.8018	-27.5873	-22.9113	-17.7815	-12.2389	-6.36848	-0.30404	5.776	11.6602	17.1156	21.8804	25.579	27.2967	23.3632	-5.49402	-45.6867	-64.7253	-73.2136	-76.9506	-78.5536	-79.1515
1.63	-56.7943	-56.9818	-56.8543	-56.4278	-55.7439	-54.8383	-53.7331	-52.4354	-50.9394	-49.2286	-47.2779	-45.0561	-42.528	-39.657	-36.4065	-32.7426	-28.6369	-24.0716	-19.048	-13.5982	-7.79578	-1.76303	4.33149	10.2829	15.8627	20.8185	24.8184	27.1692	25.4321	7.80518	-38.2003	-61.3525	-71.7234	-76.2878	-78.2435	-78.9723
1.635	-56.992	-57.1798	-57.062	-56.652	-55.9898	-55.1108	-54.037	-52.7761	-51.3232	-49.6625	-47.7699	-45.615	-43.163	-40.3771	-37.2204	-33.6581	-29.6601	-25.2055	-20.2899	-14.937	-9.2097	-3.21832	2.87891	8.88463	14.5752	19.7063	23.9812	26.871	26.7625	16.3972	-30.1352	-57.4927	-69.9682	-75.4941	-77.8686	-78.7547
1.64	-57.1859	-57.3739	-57.2654	-56.8712	-56.23	-55.3766	-54.333	-53.1076	-51.6961	-50.0837	-48.2474	-46.1572	-43.779	-41.076	-38.0111	-34.5487	-30.6572	-26.3129	-21.5067	-16.2543	-10.6083	-4.66738	1.42125	7.46846	13.2559	18.5455	23.0614	26.3664	27.2558	20.4909	-20.561	-52.8847	-67.8746	-74.5444	-77.418	-78.4918
1.645	-57.3762	-57.5643	-57.4646	-57.0857	-56.4647	-55.6359	-54.6215	-53.4302	-52.0586	-50.4928	-48.7106	-46.6831	-44.3765	-41.7542	-38.779	-35.4147	-31.6283	-27.3938	-22.6977	-17.5488	-11.9898	-6.10779	-0.038665	6.03746	11.908	17.3393	22.0677	25.7094	27.3078	22.9565	-8.02123	-46.9161	-65.2352	-73.3686	-76.866	-78.1717
1.65	-57.563	-57.7511	-57.6598	-57.2955	-56.694	-55.889	-54.9027	-53.7443	-52.411	-50.8901	-49.1602	-47.1932	-44.956	-42.4123	-39.5247	-36.2565	-32.5738	-28.4482	-23.8627	-18.8197	-13.3526	-7.5373	-1.49804	4.59474	10.5349	16.0931	21.0154	24.9622	27.203	25.0976	5.64895	-39.5833	-61.9544	-71.9096	-76.1846	-77.7786
1.655	-57.7465	-57.9343	-57.8512	-57.5009	-56.9182	-56.1362	-55.1769	-54.0502	-52.7539	-51.2762	-49.5967	-47.6882	-45.5182	-43.0508	-40.2487	-37.0747	-33.4938	-29.4763	-25.0014	-20.0661	-14.6953	-8.9538	-2.9542	3.1434	9.14021	14.8117	19.9122	24.1396	26.9416	26.5933	15.2644	-31.6239	-58.1718	-70.1794	-75.3641	-77.3014
1.66	-57.9266	-58.1142	-58.0387	-57.702	-57.1375	-56.3775	-55.4444	-54.3481	-53.0874	-51.6513	-50.0204	-48.1683	-46.0634	-43.6703	-40.9515	-37.8695	-34.3889	-30.4781	-26.1137	-21.2874	-16.0165	-10.3553	-4.40457	1.68645	7.72707	13.498	18.7601	23.2346	26.4723	27.214	19.952	-22.4432	-53.7255	-68.1303	-74.3842	-76.7275
1.665	-58.1035	-58.2907	-58.2227	-57.899	-57.3519	-56.6133	-55.7053	-54.6385	-53.4121	-52.016	-50.4319	-48.6343	-46.5924	-44.2711	-41.6334	-38.6416	-35.2593	-31.4539	-27.1994	-22.4832	-17.3153	-11.74	-5.84672	0.226739	6.29854	12.155	17.5617	22.2533	25.8375	27.317	22.556	-10.4312	-48.0116	-65.5668	-73.1786	-76.0274
1.67	-58.2774	-58.4641	-58.403	-58.0919	-57.5617	-56.8437	-55.96	-54.9215	-53.7281	-52.3706	-50.8315	-49.0865	-47.1054	-44.854	-42.2952	-39.3914	-36.1056	-32.404	-28.2586	-23.653	-18.5905	-13.1064	-7.27838	-1.23294	4.85772	10.7863	16.3225	21.2108	25.1044	27.2348	24.7543	3.41464	-40.8393	-62.3461	-71.6762	-75.1621
1.675	-58.4482	-58.6343	-58.58	-58.281	-57.767	-57.0689	-56.2086	-55.1974	-54.0358	-52.7155	-51.2198	-49.5254	-47.6031	-45.4193	-42.9373	-40.1193	-36.928	-33.3286	-29.2914	-24.7965	-19.8414	-14.4528	-8.69739	-2.68987	3.40773	9.39522	15.0472	20.1167	24.2961	27.0079	26.4055	14.0175	-32.9294	-58.5861	-69.8759	-74.112
1.68	-58.6161	-58.8016	-58.7536	-58.4663	-57.9679	-57.289	-56.4514	-55.4665	-54.3356	-53.051	-51.5971	-49.9516	-48.0861	-45.9677	-43.5602	-40.8259	-37.7271	-34.2282	-30.298	-25.9135	-21.0674	-15.778	-10.1018	-4.14148	1.95158	7.98521	13.7392	18.9733	23.4061	26.5753	27.166	19.3976	-24.0134	-54.2086	-67.7468	-72.855
1.685	-58.7811	-58.9658	-58.924	-58.6479	-58.1647	-57.5043	-56.6886	-55.7291	-54.6278	-53.3776	-51.9639	-50.3654	-48.5546	-46.4996	-44.1644	-41.5116	-38.5033	-35.1031	-31.2785	-27.0041	-22.2678	-17.0809	-11.4897	-5.5853	0.492165	6.55925	12.4013	17.7831	22.4377	25.9655	27.3332	22.2048	-12.4496	-48.6373	-65.1028	-71.3148
1.69	-58.9433	-59.1273	-59.0913	-58.8259	-58.3574	-57.715	-56.9203	-55.9854	-54.9125	-53.6954	-52.3205	-50.7673	-49.0094	-47.0155	-44.7505	-42.177	-39.257	-35.9537	-32.2333	-28.0681	-23.4423	-18.3605	-12.8595	-7.01902	-0.967718	5.12044	11.037	16.5509	21.4055	25.2478	27.2769	24.463	1.44358	-41.5237	-61.7536	-69.3873
1.695	-59.1028	-59.2859	-59.2555	-59.0005	-58.5462	-57.9211	-57.1468	-56.2355	-55.1901	-54.005	-52.6674	-51.1578	-49.4508	-47.5161	-45.319	-42.8227	-39.9889	-36.7804	-33.1625	-29.1057	-24.5906	-19.6159	-14.2096	-8.44048	-2.42534	3.6719	9.64974	15.282	20.3207	24.4539	27.0823	26.2511	12.903	-33.4837	-57.7641	-67.0403
1.7	-59.2597	-59.4419	-59.4168	-59.1718	-58.7311	-58.1227	-57.3682	-56.4798	-55.4608	-54.3065	-53.0048	-51.5372	-49.8793	-48.0017	-45.8705	-43.449	-40.6993	-37.5837	-34.0666	-30.117	-25.7125	-20.8464	-15.5388	-9.84766	-3.8781	2.21667	8.24297	13.9797	19.1863	23.579	26.6864	27.1538	19.015	-24.4586	-53.0819	-64.2299
1.705	-59.414	-59.5952	-59.5752	-59.3398	-58.9123	-58.3202	-57.5847	-56.7184	-55.725	-54.6003	-53.3332	-51.906	-50.2955	-48.4729	-46.4053	-44.0566	-41.3888	-38.364	-34.946	-31.1023	-26.8078	-22.0515	-16.8458	-11.2387	-5.32351	0.757644	6.81971	12.6471	18.0044	22.6242	26.105	27.4031	22.1261	-12.8309	-47.1145	-60.7157
1.71	-59.5658	-59.7459	-59.7308	-59.5047	-59.09	-58.5135	-57.7965	-56.9515	-55.9828	-54.8867	-53.6528	-52.2646	-50.6996	-48.9302	-46.9242	-44.646	-42.0579	-39.1219	-35.801	-32.0617	-27.8767	-23.2308	-18.1297	-12.6119	-6.75923	-0.702346	5.38304	11.2874	16.7798	21.6037	25.4071	27.3898	24.5099	1.32604	-39.3662	-56.183
1.715	-59.7151	-59.8941	-59.8836	-59.6665	-59.2641	-58.7028	-58.0037	-57.1793	-56.2344	-55.1658	-53.9641	-52.6133	-51.0922	-49.374	-47.4275	-45.2177	-42.7071	-39.8577	-36.632	-32.9955	-28.9191	-24.3838	-19.3895	-13.9657	-8.18306	-2.16056	3.93608	9.90424	15.5175	20.5289	24.6292	27.2279	26.4035	13.2832	-30.2189	-50.5331
1.72	-59.8621	-60.0399	-60.0338	-59.8254	-59.4349	-58.8883	-58.2064	-57.402	-56.4801	-55.4381	-54.2673	-52.9526	-51.4737	-49.8049	-47.9159	-45.7722	-43.3369	-40.572	-37.4395	-33.9042	-29.9352	-25.5105	-20.6246	-15.2988	-9.59297	-3.61437	2.48189	8.5009	14.2214	19.4039	23.7695	26.8644	27.4139	19.8998	-19.2677	-43.382
1.725	-60.0067	-60.1833	-60.1814	-59.9813	-59.6024	-59.07	-58.4048	-57.6198	-56.7201	-55.7037	-54.5626	-53.2827	-51.8445	-50.2233	-48.3897	-46.3101	-43.9479	-41.2652	-38.224	-34.788	-30.9251	-26.6107	-21.8344	-16.6099	-10.9871	-5.06127	1.0234	7.08053	12.8943	18.2311	22.8306	26.3194	27.7852	23.5493	-4.91021	-33.5073
1.73	-60.149	-60.3244	-60.3265	-60.1345	-59.7667	-59.2481	-58.5991	-57.8327	-56.9545	-55.9629	-54.8506	-53.6041	-52.205	-50.6297	-48.8495	-46.8318	-44.5406	-41.938	-38.9859	-35.6474	-31.8892	-27.6844	-23.0184	-17.8981	-12.3636	-6.49889	-0.436558	5.64624	11.5398	17.0153	21.8258	25.6568	27.8749	26.2998	10.6717	-19.7128
1.735	-60.289	-60.4632	-60.4692	-60.2848	-59.9278	-59.4226	-58.7893	-58.0411	-57.1836	-56.216	-55.1312	-53.917	-52.5556	-51.0244	-49.2958	-47.338	-45.1155	-42.5908	-39.7257	-36.4828	-32.8277	-28.7316	-24.1762	-19.1623	-13.721	-7.92502	-1.89522	4.20113	10.1612	15.7611	20.7644	24.9017	27.748	28.1697	21.6278	-1.26731
1.74	-60.4269	-60.5998	-60.6094	-60.4325	-60.086	-59.5937	-58.9756	-58.2449	-57.4075	-56.463	-55.405	-54.2218	-52.8967	-51.408	-49.7291	-47.829	-45.6731	-43.2241	-40.4438	-37.2945	-33.7409	-29.7524	-25.3077	-20.402	-15.058	-9.33756	-3.34993	2.74825	8.76175	14.4719	19.6503	24.0573	27.3966	29.113	27.5068	17.6865
1.745	-60.5626	-60.7342	-60.7473	-60.5777	-60.2412	-59.7615	-59.1582	-58.4444	-57.6265	-56.7043	-55.672	-54.5187	-53.2286	-51.7808	-50.1498	-48.3055	-46.214	-43.8385	-41.1409	-38.0832	-34.6292	-30.7471	-26.4127	-21.6163	-16.3731	-10.7346	-4.79818	1.29052	7.34464	13.1509	18.4863	23.1278	26.8443	29.3442	30.0733	27.8172
1.75	-60.6963	-60.8665	-60.8829	-60.7202	-60.3936	-59.926	-59.337	-58.6397	-57.8406	-56.94	-55.9325	-54.8081	-53.5516	-52.1432	-50.5583	-48.7678	-46.7386	-44.4345	-41.8173	-38.8491	-35.493	-31.7159	-27.4912	-22.805	-17.6655	-12.1144	-6.23758	-0.169242	5.91285	11.8012	17.2761	22.1218	26.1323	29.1058	30.8142	30.9812
1.755	-60.8278	-60.9968	-61.0163	-60.8603	-60.5432	-60.0874	-59.5123	-58.831	-58.0501	-57.1703	-56.1869	-55.0902	-53.8661	-52.4956	-50.9552	-49.2166	-47.2476	-45.0125	-42.4737	-39.5929	-36.3327	-32.659	-28.5432	-23.9676	-18.9342	-13.4754	-7.6659	-1.62828	4.46942	10.4259	16.0243	21.0501	25.3031	28.5994	30.7638	31.6324
1.76	-60.9574	-61.125	-61.1476	-60.998	-60.6901	-60.2457	-59.6841	-59.0182	-58.255	-57.3954	-56.4352	-55.3654	-54.1725	-52.8385	-51.3408	-49.6522	-47.7413	-45.5732	-43.1105	-40.3149	-37.1488	-33.5768	-29.5688	-25.1039	-20.1783	-14.8162	-9.08105	-3.08393	3.01742	9.02853	14.7353	19.9226	24.3873	27.94	30.3887	31.5268
1.765	-61.085	-61.2512	-61.2767	-61.1334	-60.8344	-60.4011	-59.8525	-59.2017	-58.4556	-57.6155	-56.6777	-55.6337	-54.4709	-53.1721	-51.7155	-50.0752	-48.2204	-46.1171	-43.7283	-41.0158	-37.9415	-34.4696	-30.5682	-26.2137	-21.3973	-16.1354	-10.4811	-4.53366	1.55985	7.61259	13.4137	18.7468	23.4031	27.1807	29.8567	31.1602
1.77	-61.2107	-61.3755	-61.4037	-61.2664	-60.976	-60.5535	-60.0176	-59.3814	-58.6519	-57.8307	-56.9146	-55.8956	-54.7618	-53.4967	-52.0799	-50.4859	-48.6853	-46.6447	-44.3276	-41.696	-38.7116	-35.3378	-31.5417	-27.297	-22.5907	-17.432	-11.8642	-5.97502	0.0996587	6.18139	12.0633	17.528	22.3606	26.3444	29.2234	30.6631
1.775	-61.3345	-61.4978	-61.5287	-61.3973	-61.1152	-60.7032	-60.1796	-59.5575	-58.8441	-58.0413	-57.146	-56.1512	-55.0453	-53.8129	-52.4341	-50.8849	-49.1365	-47.1565	-44.9089	-42.356	-39.4593	-36.1819	-32.4894	-28.3538	-23.7581	-18.705	-13.2288	-7.40572	-1.36032	4.73813	10.6877	16.2707	21.2658	25.4414	28.5084	30.0719
1.78	-61.4564	-61.6184	-61.6517	-61.5259	-61.252	-60.8501	-60.3384	-59.7301	-59.0323	-58.2472	-57.3723	-56.4007	-55.3217	-54.1207	-52.7787	-51.2725	-49.5745	-47.653	-45.4727	-42.9963	-40.1853	-37.0022	-33.4118	-29.3843	-24.8992	-19.9537	-14.5734	-8.82362	-2.81737	3.28594	9.29023	14.9783	20.123	24.4775	27.7203	29.3992
1.785	-61.5766	-61.737	-61.7728	-61.6524	-61.3863	-60.9943	-60.4943	-59.8993	-59.2167	-58.4488	-57.5935	-56.6444	-55.5914	-54.4206	-53.114	-51.6492	-49.9998	-48.1347	-46.0197	-43.6175	-40.89	-37.7991	-34.3091	-30.3884	-26.0138	-21.1773	-15.8967	-10.2268	-4.26891	1.82779	7.87408	13.6542	18.9356	23.4567	26.8641	28.6513
1.79	-61.6949	-61.854	-61.8919	-61.7768	-61.5184	-61.1359	-60.6472	-60.0652	-59.3973	-58.6461	-57.8097	-56.8824	-55.8545	-54.7129	-53.4403	-52.0155	-50.4127	-48.6022	-46.5502	-44.2201	-41.5739	-38.5733	-35.1818	-31.3666	-27.102	-22.3754	-17.1975	-11.6133	-5.71249	0.366596	6.44238	12.3015	17.7068	22.3823	25.9437	27.8325
1.795	-61.8115	-61.9691	-62.0092	-61.8992	-61.6482	-61.275	-60.7973	-60.2278	-59.5743	-58.8393	-58.0213	-57.115	-56.1113	-54.9978	-53.758	-52.3716	-50.8138	-49.0558	-47.0648	-44.8046	-42.2375	-39.3251	-36.0302	-32.319	-28.1636	-23.5476	-18.475	-12.9816	-7.14581	-1.09485	4.9982	10.9233	16.4398	21.2574	24.9624	26.9465
1.8	-61.9264	-62.0826	-62.1248	-62.0196	-61.7757	-61.4116	-60.9446	-60.3874	-59.7477	-59.0284	-58.2283	-57.3423	-56.362	-55.2756	-54.0674	-52.7179	-51.2035	-49.4962	-47.564	-45.3716	-42.8814	-40.0549	-36.8548	-33.246	-29.1988	-24.6935	-19.7283	-14.3301	-8.56672	-2.55385	3.54454	9.52282	15.1374	20.0852	23.9233	25.9966
1.805	-62.0396	-62.1943	-62.2385	-62.1381	-61.9011	-61.5458	-61.0891	-60.5439	-59.9177	-59.2136	-58.4308	-57.5645	-56.6069	-55.5466	-54.3688	-53.0549	-51.5822	-49.9237	-48.0484	-45.9216	-43.506	-40.7635	-37.656	-34.1478	-30.2077	-25.813	-20.9566	-15.6576	-9.97321	-4.00782	2.08436	8.10302	13.8028	18.8684	22.8295	24.9857
1.81	-62.1511	-62.3045	-62.3505	-62.2546	-62.0244	-61.6776	-61.2311	-60.6974	-60.0843	-59.3951	-58.629	-57.7818	-56.846	-55.8109	-54.6624	-53.3828	-51.9503	-50.3389	-48.5184	-46.455	-44.112	-41.4511	-38.4342	-35.0249	-31.1906	-26.906	-22.1595	-16.9629	-11.3635	-5.45433	0.620512	6.66699	12.439	17.6101	21.6837	23.917
1.815	-62.2611	-62.413	-62.4608	-62.3693	-62.1457	-61.8072	-61.3704	-60.848	-60.2477	-59.5729	-58.8231	-57.9943	-57.0797	-56.0689	-54.9487	-53.7021	-52.3082	-50.7421	-48.9746	-46.9725	-44.6997	-42.1184	-39.19	-35.8777	-32.1477	-27.9725	-23.3365	-18.245	-12.7358	-6.89104	-0.844189	5.21775	11.049	16.3132	20.489	22.7931
1.82	-62.3694	-62.5199	-62.5694	-62.4822	-62.2649	-61.9345	-61.5073	-60.9959	-60.408	-59.7471	-59.0131	-58.2022	-57.308	-56.3208	-55.2278	-54.013	-52.6563	-51.1339	-49.4173	-47.4745	-45.2699	-42.7658	-39.9239	-36.7066	-33.0793	-29.0126	-24.4873	-19.5029	-14.0886	-8.31578	-2.30705	3.7583	9.63593	14.9806	19.248	21.6169
1.825	-62.4762	-62.6253	-62.6764	-62.5933	-62.3822	-62.0596	-61.6417	-61.141	-60.5652	-59.9179	-59.1992	-58.4057	-57.5312	-56.5667	-55.5	-54.3158	-52.995	-51.5145	-49.8471	-47.9615	-45.8229	-43.3939	-40.6362	-37.512	-33.9857	-30.0264	-25.6118	-20.7362	-15.4207	-9.72653	-3.76547	2.2916	8.20278	13.6154	17.9638	20.3913
1.83	-62.5814	-62.7291	-62.7817	-62.7027	-62.4976	-62.1826	-61.7738	-61.2834	-60.7193	-60.0853	-59.3814	-58.6048	-57.7495	-56.8069	-55.7656	-54.6109	-53.3246	-51.8845	-50.2645	-48.4341	-46.3593	-44.0032	-41.3276	-38.2944	-34.8674	-31.014	-26.7098	-21.944	-16.7308	-11.1214	-5.21699	0.820531	6.75266	12.2207	16.6393	19.119
1.835	-62.6852	-62.8315	-62.8856	-62.8104	-62.6111	-62.3035	-61.9035	-61.4233	-60.8706	-60.2494	-59.56	-58.7997	-57.9629	-57.0416	-56.0248	-54.8985	-53.6454	-52.2443	-50.6699	-48.8928	-46.8796	-44.5943	-41.9986	-39.0543	-35.7246	-31.9759	-27.7812	-23.1261	-18.0179	-12.4988	-6.65925	-0.652081	5.28862	10.7994	15.2775	17.8031
1.84	-62.7874	-62.9324	-62.9879	-62.9164	-62.7227	-62.4224	-62.031	-61.5606	-61.0191	-60.4104	-59.735	-58.9906	-58.1718	-57.271	-56.2778	-55.1789	-53.9578	-52.5942	-51.0637	-49.3379	-47.3844	-45.1676	-42.6496	-39.7921	-36.5578	-32.9121	-28.8263	-24.2821	-19.2812	-13.857	-8.09005	-2.12351	3.8137	9.35485	13.8815	16.4465
1.845	-62.8883	-63.0318	-63.0886	-63.0208	-62.8326	-62.5393	-62.1562	-61.6954	-61.1648	-60.5683	-59.9066	-59.1775	-58.3761	-57.4952	-56.5248	-55.4524	-54.2621	-52.9345	-51.4464	-49.7701	-47.8742	-45.7236	-43.2812	-40.5084	-37.3675	-33.8232	-29.845	-25.4118	-20.5198	-15.1948	-9.50734	-3.59111	2.33091	7.89007	12.4545	15.0524
1.85	-62.9876	-63.1299	-63.1879	-63.1236	-62.9407	-62.6542	-62.2793	-61.8279	-61.3078	-60.7231	-60.0747	-59.3605	-58.5761	-57.7144	-56.7661	-55.7192	-54.5586	-53.2658	-51.8183	-50.1897	-48.3493	-46.263	-43.8939	-41.2036	-38.1541	-34.7094	-30.8376	-26.515	-21.7332	-16.5108	-10.9092	-5.05237	0.843209	6.40827	10.9996	13.6238
1.855	-63.0856	-63.2265	-63.2858	-63.2249	-63.0471	-62.7673	-62.4003	-61.958	-61.4482	-60.875	-60.2395	-59.5399	-58.7718	-57.9288	-57.0019	-55.9796	-54.8476	-53.5882	-52.1799	-50.5972	-48.8105	-46.7863	-44.4882	-41.8782	-38.9181	-35.5711	-31.8043	-27.5917	-22.9209	-17.8041	-12.2939	-6.5049	-0.646503	4.91265	9.52022	12.1642
1.86	-63.1823	-63.3218	-63.3822	-63.3246	-63.1519	-62.8785	-62.5193	-62.0858	-61.586	-61.0241	-60.4012	-59.7156	-58.9635	-58.1385	-57.2322	-56.2337	-55.1293	-53.9021	-52.5315	-50.9931	-49.2581	-47.2938	-45.0647	-42.5328	-39.6599	-36.4088	-32.7454	-28.642	-24.0826	-19.0738	-13.6599	-7.94642	-2.13541	3.4064	8.01966	10.6769
1.865	-63.2775	-63.4158	-63.4773	-63.4228	-63.255	-62.9879	-62.6362	-62.2114	-61.7214	-61.1704	-60.5597	-59.8879	-59.1512	-58.3437	-57.4574	-56.4819	-55.4041	-54.2079	-52.8736	-51.3777	-49.6925	-47.7863	-45.6239	-43.1679	-40.3801	-37.2228	-33.6613	-29.666	-25.2181	-20.3189	-15.0057	-9.37482	-3.62077	1.89268	6.50133	9.16541
1.87	-63.3715	-63.5085	-63.571	-63.5196	-63.3565	-63.0956	-62.7511	-62.3348	-61.8543	-61.314	-60.7152	-60.0567	-59.335	-58.5445	-57.6775	-56.7242	-55.6721	-54.5058	-53.2065	-51.7516	-50.1144	-48.2641	-46.1663	-43.784	-41.0791	-38.0137	-34.5522	-30.6638	-26.3272	-21.5391	-16.33	-10.7881	-5.09997	0.374617	4.96868	7.63326
1.875	-63.4641	-63.5998	-63.6633	-63.6149	-63.4564	-63.2015	-62.8642	-62.4561	-61.9848	-61.4549	-60.8678	-60.2222	-59.5151	-58.7411	-57.8928	-56.9609	-55.9336	-54.7961	-53.5305	-52.1151	-50.5241	-48.7277	-46.6924	-44.3817	-41.7575	-38.7819	-35.4186	-31.6358	-27.4098	-22.7337	-17.6318	-12.1845	-6.57049	-1.14472	3.42515	6.08408
1.88	-63.5555	-63.6899	-63.7544	-63.7088	-63.5548	-63.3057	-62.9754	-62.5753	-62.1131	-61.5933	-61.0174	-60.3846	-59.6916	-58.9335	-58.1034	-57.1923	-56.1889	-55.0791	-53.8459	-52.4685	-50.9221	-49.1778	-47.2028	-44.9614	-42.4158	-39.5279	-36.2609	-32.5821	-28.466	-23.9023	-18.9101	-13.5624	-8.02997	-2.66233	1.87416	4.52149
1.885	-63.6456	-63.7788	-63.8441	-63.8014	-63.6517	-63.4082	-63.0847	-62.6924	-62.2391	-61.7292	-61.1643	-60.5437	-59.8645	-59.122	-58.3094	-57.4184	-56.4381	-55.3551	-54.1532	-52.8123	-51.3087	-49.6146	-47.698	-45.5238	-43.0545	-40.2521	-37.0795	-33.5031	-29.4959	-25.0448	-20.1641	-14.9201	-9.47617	-4.17532	0.319121	2.94915
1.89	-63.7344	-63.8664	-63.9326	-63.8926	-63.7472	-63.5092	-63.1923	-62.8076	-62.3629	-61.8626	-61.3085	-60.6999	-60.034	-59.3065	-58.5111	-57.6395	-56.6815	-55.6244	-54.4525	-53.1468	-51.6845	-50.0387	-48.1785	-46.0692	-43.6741	-40.9551	-37.8749	-34.3991	-30.4996	-26.1609	-21.3931	-16.2565	-10.907	-5.68088	-1.23663	1.37068
1.895	-63.8221	-63.9529	-64.0199	-63.9824	-63.8412	-63.6086	-63.2981	-62.9209	-62.4846	-61.9937	-61.45	-60.853	-60.2002	-59.4874	-58.7084	-57.8557	-56.9193	-55.8871	-54.7442	-53.4724	-52.0499	-50.4506	-48.6447	-46.5983	-44.2752	-41.6374	-38.6475	-35.2706	-31.4774	-27.2506	-22.5966	-17.5703	-12.3206	-7.17638	-2.78984	-0.210337
1.9	-63.9085	-64.0382	-64.106	-64.071	-63.9338	-63.7064	-63.4023	-63.0323	-62.6042	-62.1224	-61.5889	-61.0033	-60.3632	-59.6645	-58.9017	-58.0671	-57.1516	-56.1435	-55.0285	-53.7894	-52.4051	-50.8507	-49.0971	-47.1116	-44.8582	-42.2995	-39.3978	-36.1179	-32.4296	-28.3138	-23.7742	-18.8605	-13.7151	-8.65928	-4.33736	-1.79039
1.905	-63.9938	-64.1223	-64.1908	-64.1583	-64.025	-63.8027	-63.5047	-63.1418	-62.7217	-62.2489	-61.7253	-61.1507	-60.523	-59.8382	-59.0909	-58.274	-57.3787	-56.3938	-55.3058	-54.0981	-52.7506	-51.2394	-49.5364	-47.6096	-45.4238	-42.9418	-40.1263	-36.9414	-33.3564	-29.3508	-24.9255	-20.1263	-15.0889	-10.1272	-5.87616	-3.36607
1.91	-64.078	-64.2053	-64.2745	-64.2444	-64.1148	-63.8975	-63.6055	-63.2496	-62.8372	-62.3731	-61.8593	-61.2955	-60.6797	-60.0083	-59.2762	-58.4765	-57.6007	-56.6383	-55.5763	-54.3988	-53.0868	-51.6172	-49.9628	-48.0927	-45.9724	-43.5651	-40.8334	-37.7416	-34.2582	-30.3615	-26.0505	-21.3668	-16.4408	-11.578	-7.40338	-4.93412
1.915	-64.161	-64.2871	-64.3571	-64.3292	-64.2034	-63.9909	-63.7048	-63.3555	-62.9508	-62.4952	-61.9908	-61.4375	-60.8335	-60.1752	-59.4577	-58.6746	-57.8178	-56.877	-55.8401	-54.6919	-53.414	-51.9844	-50.3769	-48.5615	-46.5045	-44.1697	-41.5198	-38.519	-35.1353	-31.3462	-27.1488	-22.5816	-17.7693	-13.0097	-8.91633	-6.4914
1.92	-64.2428	-64.3679	-64.4385	-64.4129	-64.2906	-64.0829	-63.8024	-63.4598	-63.0625	-62.6152	-62.12	-61.577	-60.9843	-60.3388	-59.6356	-58.8686	-58.0301	-57.1104	-56.0977	-54.9776	-53.7326	-52.3414	-50.7791	-49.0165	-47.0207	-44.7561	-42.1859	-39.274	-35.9882	-32.3052	-28.2207	-23.7702	-19.0735	-14.4204	-10.4125	-8.03499
1.925	-64.3236	-64.4476	-64.5188	-64.4954	-64.3766	-64.1735	-63.8986	-63.5623	-63.1723	-62.7331	-62.2469	-61.7139	-61.1323	-60.4992	-59.8099	-59.0586	-58.2378	-57.3384	-56.3491	-55.2561	-54.0428	-52.6887	-51.1699	-49.4582	-47.5215	-45.325	-42.8322	-40.007	-36.8172	-33.2387	-29.266	-24.9321	-20.3523	-15.8086	-11.8896	-9.56216
1.93	-64.4033	-64.5263	-64.598	-64.5767	-64.4613	-64.2627	-63.9932	-63.6633	-63.2803	-62.849	-62.3716	-61.8483	-61.2776	-60.6565	-59.9807	-59.2446	-58.4411	-57.5613	-56.5946	-55.5278	-54.3449	-53.0266	-51.5497	-49.8869	-48.0074	-45.8769	-43.4592	-40.7187	-37.6228	-34.1471	-30.2849	-26.0673	-21.6051	-17.1727	-13.3455	-11.0704
1.935	-64.482	-64.6039	-64.6762	-64.6569	-64.5448	-64.3506	-64.0864	-63.7626	-63.3866	-62.963	-62.4942	-61.9803	-61.4202	-60.8108	-60.1482	-59.4268	-58.64	-57.7793	-56.8344	-55.7929	-54.6394	-53.3554	-51.9188	-50.3033	-48.4789	-46.4122	-44.0676	-41.4095	-38.4055	-35.0307	-31.2777	-27.1755	-22.8312	-18.5117	-14.7784	-12.5574
1.94	-64.5596	-64.6805	-64.7533	-64.736	-64.6272	-64.4372	-64.1782	-63.8603	-63.4911	-63.075	-62.6146	-62.11	-61.5601	-60.9622	-60.3124	-59.6054	-58.8348	-57.9925	-57.0687	-56.0516	-54.9264	-53.6755	-52.2777	-50.7077	-48.9365	-46.9314	-44.6577	-42.08	-39.1657	-35.8899	-32.2444	-28.2567	-24.0302	-19.8243	-16.1866	-14.0212
1.945	-64.6362	-64.7561	-64.8294	-64.8141	-64.7083	-64.5225	-64.2685	-63.9565	-63.5939	-63.1852	-62.7329	-62.2374	-61.6976	-61.1108	-60.4734	-59.7804	-59.0255	-58.201	-57.2977	-56.3041	-55.2062	-53.9872	-52.6268	-51.1006	-49.3807	-47.4352	-45.2301	-42.7305	-39.9039	-36.7252	-33.1855	-29.311	-25.2017	-21.1098	-17.5687	-15.46
1.95	-64.7118	-64.8307	-64.9045	-64.891	-64.7883	-64.6066	-64.3575	-64.0512	-63.695	-63.2935	-62.8492	-62.3626	-61.8325	-61.2566	-60.6313	-59.9518	-59.2122	-58.4051	-57.5216	-56.5507	-55.4792	-54.2909	-52.9664	-51.4824	-49.8119	-47.924	-45.7854	-43.3617	-40.6206	-37.5369	-34.1012	-30.3385	-26.3455	-22.3675	-18.9236	-16.8722
1.955	-64.7864	-64.9044	-64.9786	-64.9669	-64.8672	-64.6894	-64.4452	-64.1445	-63.7945	-63.4001	-62.9636	-62.4855	-61.965	-61.3997	-60.7862	-60.1199	-59.3952	-58.6048	-57.7404	-56.7915	-55.7454	-54.5867	-53.2969	-51.8535	-50.2306	-48.3983	-46.3241	-43.9741	-41.3163	-38.3255	-34.9919	-31.3393	-27.4615	-23.5969	-20.2503	-18.2565
1.96	-64.8601	-64.977	-65.0518	-65.0418	-64.945	-64.7711	-64.5315	-64.2363	-63.8925	-63.5049	-63.076	-62.6063	-62.0951	-61.5402	-60.9382	-60.2847	-59.5744	-58.8004	-57.9545	-57.0268	-56.0053	-54.8751	-53.6186	-52.2143	-50.6373	-48.8586	-46.8466	-44.5681	-41.9915	-39.0914	-35.858	-32.3136	-28.5497	-24.7976	-21.548	-19.612
1.965	-64.9327	-65.0488	-65.1239	-65.1157	-65.0217	-64.8516	-64.6166	-64.3266	-63.9889	-63.608	-63.1865	-62.7251	-62.223	-61.6781	-61.0873	-60.4463	-59.75	-58.9918	-58.1639	-57.2568	-56.2589	-55.1562	-53.9318	-52.5652	-51.0324	-49.3054	-47.3536	-45.1444	-42.6466	-39.8352	-36.6998	-33.2619	-29.6101	-25.9694	-22.8161	-20.9378
1.97	-65.0045	-65.1197	-65.1952	-65.1886	-65.0974	-64.9309	-64.7004	-64.4156	-64.0837	-63.7094	-63.2952	-62.8418	-62.3486	-61.8135	-61.2336	-60.6048	-59.9221	-59.1793	-58.3688	-57.4816	-56.5066	-55.4304	-54.2369	-52.9066	-51.4163	-49.7392	-47.8454	-45.7034	-43.2823	-40.5573	-37.5178	-34.1843	-30.6429	-27.1121	-24.0543	-22.2333
1.975	-65.0753	-65.1896	-65.2655	-65.2606	-65.172	-65.0091	-64.783	-64.5033	-64.1771	-63.8092	-63.4021	-62.9565	-62.472	-61.9465	-61.3772	-60.7603	-60.0908	-59.3629	-58.5693	-57.7013	-56.7485	-55.6979	-54.5342	-53.2388	-51.7894	-50.1604	-48.3227	-46.2457	-43.8991	-41.2582	-38.3124	-35.0814	-31.6484	-28.2259	-25.2623	-23.498
1.98	-65.1452	-65.2587	-65.3349	-65.3316	-65.2456	-65.0862	-64.8644	-64.5897	-64.2691	-63.9074	-63.5072	-63.0693	-62.5932	-62.0771	-61.5182	-60.9128	-60.2563	-59.5428	-58.7656	-57.9163	-56.9848	-55.9589	-54.824	-53.5621	-52.1522	-50.5694	-48.7859	-46.7717	-44.4974	-41.9384	-39.0841	-35.9533	-32.6269	-29.3108	-26.4401	-24.7317
1.985	-65.2142	-65.3268	-65.4035	-65.4016	-65.3182	-65.1623	-64.9446	-64.6747	-64.3596	-64.0041	-63.6106	-63.1802	-62.7124	-62.2054	-61.6566	-61.0625	-60.4185	-59.7191	-58.9578	-58.1265	-57.2157	-56.2137	-55.1065	-53.877	-52.505	-50.9668	-49.2355	-47.2821	-45.0777	-42.5985	-39.8335	-36.8007	-33.5785	-30.367	-27.5876	-25.9344
1.99	-65.2824	-65.3942	-65.4711	-65.4708	-65.3899	-65.2372	-65.0237	-64.7585	-64.4488	-64.0992	-63.7124	-63.2893	-62.8295	-62.3314	-61.7925	-61.2093	-60.5775	-59.8919	-59.146	-58.3322	-57.4414	-56.4625	-55.3819	-54.1836	-52.8482	-51.353	-49.672	-47.7772	-45.6407	-43.2389	-40.5609	-37.6239	-34.5039	-31.3948	-28.705	-27.1061
1.995	-65.3497	-65.4607	-65.538	-65.539	-65.4606	-65.3112	-65.1016	-64.841	-64.5366	-64.1928	-63.8125	-63.3965	-62.9446	-62.4552	-61.9259	-61.3534	-60.7335	-60.0612	-59.3303	-58.5336	-57.6621	-56.7054	-55.6507	-54.4824	-53.1822	-51.7283	-50.0958	-48.2577	-46.1869	-43.8602	-41.2669	-38.4233	-35.4032	-32.3946	-29.7926	-28.2469
2	-65.4161	-65.5263	-65.6039	-65.6064	-65.5303	-65.3841	-65.1784	-64.9224	-64.623	-64.285	-63.911	-63.502	-63.0578	-62.5769	-62.057	-61.4949	-60.8866	-60.2272	-59.5109	-58.7306	-57.8779	-56.9428	-55.9129	-54.7736	-53.5073	-52.0931	-50.5074	-48.724	-46.7166	-44.4629	-41.9519	-39.1996	-36.2771	-33.3667	-30.8507	-29.3571
2.005	-65.4818	-65.5912	-65.6691	-65.6729	-65.5991	-65.456	-65.2541	-65.0025	-64.7082	-64.3757	-64.0079	-63.6058	-63.169	-62.6964	-62.1857	-61.6338	-61.0368	-60.39	-59.6878	-58.9235	-58.089	-57.1747	-56.1688	-55.0575	-53.8238	-52.448	-50.9072	-49.1766	-47.2306	-45.0475	-42.6166	-39.9531	-37.1259	-34.3115	-31.8797	-30.4371
2.01	-65.5466	-65.6552	-65.7334	-65.7386	-65.667	-65.527	-65.3288	-65.0815	-64.7921	-64.4651	-64.1033	-63.7078	-63.2784	-62.8139	-62.3122	-61.7701	-61.1841	-60.5497	-59.8613	-59.1125	-58.2956	-57.4014	-56.4187	-55.3343	-54.132	-52.7931	-51.2957	-49.6159	-47.7292	-45.6145	-43.2614	-40.6844	-37.9502	-35.2295	-32.8799	-31.4873
2.015	-65.6106	-65.7185	-65.797	-65.8034	-65.7341	-65.597	-65.4024	-65.1594	-64.8747	-64.5531	-64.1972	-63.8082	-63.386	-62.9294	-62.4364	-61.904	-61.3288	-60.7062	-60.0312	-59.2975	-58.4977	-57.623	-56.6628	-55.6043	-54.4324	-53.129	-51.6733	-50.0425	-48.213	-46.1645	-43.8869	-41.394	-38.7504	-36.1212	-33.8519	-32.508
2.02	-65.6738	-65.781	-65.8597	-65.8674	-65.8002	-65.666	-65.475	-65.2361	-64.9562	-64.6397	-64.2896	-63.907	-63.4919	-63.043	-62.5585	-62.0355	-61.4707	-60.8598	-60.1978	-59.4788	-58.6956	-57.8397	-56.9012	-55.8678	-54.725	-53.4558	-52.0404	-50.4568	-48.6825	-46.698	-44.4936	-42.0825	-39.5271	-36.9872	-34.7962	-33.4999
2.025	-65.7362	-65.8428	-65.9217	-65.9307	-65.8655	-65.7342	-65.5467	-65.3118	-65.0364	-64.7251	-64.3806	-64.0043	-63.5959	-63.1546	-62.6784	-62.1647	-61.6101	-61.0105	-60.3612	-59.6564	-58.8893	-58.0517	-57.1341	-56.1249	-55.0103	-53.7741	-52.3973	-50.8592	-49.1382	-47.2156	-45.082	-42.7503	-40.2808	-37.8278	-35.7133	-34.4634
2.03	-65.7979	-65.9037	-65.983	-65.9931	-65.93	-65.8014	-65.6173	-65.3864	-65.1155	-64.8092	-64.4702	-64.1	-63.6983	-63.2644	-62.7963	-62.2916	-61.7469	-61.1584	-60.5215	-59.8305	-59.0789	-58.2591	-57.3618	-56.376	-55.2886	-54.084	-52.7445	-51.2502	-49.5805	-47.7177	-45.6526	-43.398	-41.0121	-38.6437	-36.6037	-35.3991
2.035	-65.8588	-65.964	-66.0435	-66.0548	-65.9937	-65.8678	-65.687	-65.4599	-65.1934	-64.892	-64.5585	-64.1941	-63.7991	-63.3723	-62.9122	-62.4162	-61.8813	-61.3036	-60.6786	-60.0011	-59.2647	-58.4621	-57.5844	-56.6212	-55.5599	-54.386	-53.0824	-51.6302	-50.01	-48.2048	-46.2061	-44.0262	-41.7214	-39.4354	-37.468	-36.3075
2.04	-65.9189	-66.0235	-66.1032	-66.1157	-66.0565	-65.9333	-65.7557	-65.5325	-65.2702	-64.9736	-64.6453	-64.2868	-63.8982	-63.4785	-63.0261	-62.5387	-62.0132	-61.446	-60.8327	-60.1683	-59.4466	-58.6607	-57.802	-56.8607	-55.8247	-54.6802	-53.4112	-51.9996	-50.4271	-48.6775	-46.7429	-44.6353	-42.4093	-40.2035	-38.3067	-37.1893
2.045	-65.9784	-66.0824	-66.1623	-66.1758	-66.1186	-65.9979	-65.8235	-65.604	-65.3459	-65.054	-64.7309	-64.3781	-63.9957	-63.5829	-63.1381	-62.659	-62.1428	-61.5858	-60.984	-60.3323	-59.6249	-58.8552	-58.0149	-57.0947	-56.0831	-54.9671	-53.7313	-52.3588	-50.8321	-49.1362	-47.2635	-45.226	-43.0764	-40.9485	-39.1204	-38.0449
2.05	-66.0371	-66.1405	-66.2206	-66.2352	-66.1798	-66.0617	-65.8904	-65.6745	-65.4206	-65.1332	-64.8152	-64.468	-64.0917	-63.6856	-63.2482	-62.7773	-62.2701	-61.7231	-61.1324	-60.4931	-59.7997	-59.0456	-58.2232	-57.3234	-56.3354	-55.2468	-54.043	-52.7081	-51.2257	-49.5814	-47.7686	-45.7988	-43.7233	-41.671	-39.9098	-38.875
2.055	-66.0952	-66.198	-66.2783	-66.2939	-66.2404	-66.1247	-65.9565	-65.7441	-65.4942	-65.2113	-64.8982	-64.5564	-64.1861	-63.7867	-63.3565	-62.8936	-62.3952	-61.858	-61.278	-60.6508	-59.9709	-59.2321	-58.427	-57.5469	-56.5818	-55.5196	-54.3467	-53.048	-51.6082	-50.0137	-48.2585	-46.3542	-44.3504	-42.3716	-40.6752	-39.6801
2.06	-66.1525	-66.2547	-66.3353	-66.3519	-66.3001	-66.1869	-66.0216	-65.8127	-65.5667	-65.2882	-64.98	-64.6436	-64.2791	-63.8861	-63.463	-63.0079	-62.5181	-61.9903	-61.421	-60.8055	-60.1388	-59.4148	-58.6265	-57.7656	-56.8224	-55.7857	-54.6426	-53.3788	-51.9799	-50.4334	-48.7338	-46.8928	-44.9585	-43.0507	-41.4175	-40.4609
2.065	-66.2092	-66.3109	-66.3916	-66.4092	-66.3592	-66.2483	-66.0859	-65.8804	-65.6383	-65.3641	-65.0606	-64.7294	-64.3707	-63.9839	-63.5678	-63.1202	-62.6388	-62.1204	-61.5613	-60.9573	-60.3034	-59.5938	-58.8217	-57.9794	-57.0575	-56.0455	-54.931	-53.7009	-52.3414	-50.841	-49.195	-47.4151	-45.5479	-43.7091	-42.137	-41.2179
2.07	-66.2652	-66.3663	-66.4472	-66.4659	-66.4175	-66.3089	-66.1494	-65.9472	-65.7088	-65.4388	-65.14	-64.8139	-64.4608	-64.0802	-63.6708	-63.2307	-62.7575	-62.2481	-61.6991	-61.1062	-60.4647	-59.7691	-59.0129	-58.1886	-57.2873	-56.299	-55.2123	-54.0145	-52.6929	-51.237	-49.6427	-47.9217	-46.1193	-44.3472	-42.8344	-41.9516
2.075	-66.3205	-66.4211	-66.5022	-66.5218	-66.4751	-66.3688	-66.212	-66.0131	-65.7784	-65.5125	-65.2183	-64.8971	-64.5495	-64.1749	-63.7722	-63.3393	-62.8741	-62.3736	-61.8343	-61.2523	-60.623	-59.941	-59.2002	-58.3933	-57.5119	-56.5466	-55.4866	-54.3199	-53.0349	-51.6218	-50.0772	-48.413	-46.6733	-44.9657	-43.5103	-42.6627
2.08	-66.3752	-66.4753	-66.5566	-66.5771	-66.532	-66.4279	-66.2739	-66.0782	-65.8471	-65.5852	-65.2954	-64.9791	-64.6369	-64.2682	-63.8719	-63.4462	-62.9888	-62.4969	-61.9672	-61.3958	-60.7783	-60.1096	-59.3836	-58.5936	-57.7316	-56.7885	-55.7542	-54.6176	-53.3678	-51.9958	-50.4991	-48.8896	-47.2103	-45.5651	-44.1653	-43.3518
2.085	-66.4293	-66.5289	-66.6103	-66.6318	-66.5882	-66.4863	-66.335	-66.1423	-65.9148	-65.6569	-65.3714	-65.06	-64.723	-64.36	-63.97	-63.5512	-63.1015	-62.618	-62.0976	-61.5366	-60.9306	-60.2748	-59.5633	-58.7897	-57.9464	-57.0248	-56.0153	-54.9077	-53.6917	-52.3594	-50.9087	-49.3519	-47.7309	-46.1459	-44.7999	-44.0194
2.09	-66.4827	-66.5819	-66.6635	-66.6858	-66.6438	-66.544	-66.3953	-66.2057	-65.9816	-65.7275	-65.4463	-65.1396	-64.8077	-64.4504	-64.0666	-63.6546	-63.2123	-62.7371	-62.2258	-61.6748	-61.0801	-60.4368	-59.7394	-58.9817	-58.1565	-57.2557	-56.2703	-55.1905	-54.0072	-52.713	-51.3066	-49.8006	-48.2357	-46.7088	-45.4147	-44.6662
2.095	-66.5355	-66.6342	-66.716	-66.7392	-66.6987	-66.601	-66.4548	-66.2682	-66.0475	-65.7972	-65.5202	-65.218	-64.8912	-64.5394	-64.1616	-63.7563	-63.3213	-62.8541	-62.3517	-61.8106	-61.2268	-60.5956	-59.912	-59.1697	-58.3621	-57.4814	-56.5192	-55.4664	-54.3145	-53.0569	-51.6932	-50.236	-48.7252	-47.2544	-46.0103	-45.2927
2.1	-66.5878	-66.686	-66.7679	-66.792	-66.753	-66.6573	-66.5136	-66.3299	-66.1126	-65.866	-65.593	-65.2953	-64.9734	-64.627	-64.2552	-63.8563	-63.4284	-62.9691	-62.4754	-61.9439	-61.3707	-60.7515	-60.0811	-59.3539	-58.5634	-57.7021	-56.7623	-55.7355	-54.6138	-53.3916	-52.069	-50.6587	-49.2	-47.783	-46.5873	-45.8994
2.105	-66.6394	-66.7372	-66.8193	-66.8442	-66.8066	-66.7129	-66.5717	-66.3909	-66.1768	-65.9338	-65.6649	-65.3716	-65.0545	-64.7133	-64.3472	-63.9547	-63.5338	-63.0822	-62.5969	-62.0748	-61.512	-60.9044	-60.247	-59.5344	-58.7603	-57.918	-56.9998	-55.9981	-54.9056	-53.7174	-52.4342	-51.0691	-49.6604	-48.2954	-47.1463	-46.4871
2.11	-66.6904	-66.7878	-66.8701	-66.8957	-66.8596	-66.7678	-66.629	-66.451	-66.2401	-66.0007	-65.7357	-65.4467	-65.1343	-64.7983	-64.4379	-64.0516	-63.6375	-63.1934	-62.7164	-62.2034	-61.6507	-61.0544	-60.4096	-59.7112	-58.9532	-58.1291	-57.2319	-56.2544	-55.1901	-54.0346	-52.7893	-51.4676	-50.1071	-48.7921	-47.6878	-47.0563
2.115	-66.7409	-66.8379	-66.9203	-66.9468	-66.912	-66.8221	-66.6857	-66.5104	-66.3026	-66.0667	-65.8055	-65.5207	-65.213	-64.8821	-64.5272	-64.1469	-63.7395	-63.3027	-62.8338	-62.3297	-61.787	-61.2016	-60.5691	-59.8845	-59.1421	-58.3357	-57.4588	-56.5047	-55.4674	-54.3435	-53.1347	-51.8548	-50.5406	-49.2736	-48.2124	-47.6076
2.12	-66.7908	-66.8874	-66.97	-66.9972	-66.9638	-66.8758	-66.7416	-66.5691	-66.3644	-66.1318	-65.8744	-65.5937	-65.2905	-64.9645	-64.6151	-64.2407	-63.8398	-63.4102	-62.9491	-62.4538	-61.9207	-61.3461	-60.7256	-60.0543	-59.3271	-58.5379	-57.6806	-56.7491	-55.738	-54.6444	-53.4708	-52.2309	-50.9612	-49.7404	-48.7207	-48.1415
2.125	-66.8402	-66.9364	-67.0191	-67.0471	-67.015	-66.9288	-66.7969	-66.627	-66.4253	-66.1961	-65.9423	-65.6657	-65.3669	-65.0458	-64.7016	-64.3331	-63.9386	-63.5159	-63.0626	-62.5757	-62.0521	-61.4879	-60.879	-60.2209	-59.5083	-58.7358	-57.8975	-56.9879	-56.0021	-54.9377	-53.7978	-52.5965	-51.3696	-50.1931	-49.2132	-48.6586
2.13	-66.889	-66.9848	-67.0676	-67.0964	-67.0656	-66.9812	-66.8515	-66.6842	-66.4854	-66.2595	-66.0094	-65.7367	-65.4422	-65.1258	-64.7868	-64.424	-64.0357	-63.6199	-63.1741	-62.6956	-62.1811	-61.6271	-61.0296	-60.3842	-59.6859	-58.9295	-58.1097	-57.2212	-56.2598	-55.2236	-54.1162	-52.952	-51.766	-50.6322	-49.6905	-49.1596
2.135	-66.9372	-67.0327	-67.1157	-67.1452	-67.1156	-67.033	-66.9055	-66.7408	-66.5448	-66.3221	-66.0755	-65.8067	-65.5165	-65.2047	-64.8708	-64.5135	-64.1313	-63.7222	-63.2838	-62.8133	-62.3078	-61.7638	-61.1774	-60.5443	-59.8599	-59.1193	-58.3173	-57.4493	-56.5113	-55.5023	-54.4262	-53.2977	-52.1511	-51.0582	-50.1532	-49.6449
2.14	-66.985	-67.0801	-67.1632	-67.1934	-67.1651	-67.0842	-66.9588	-66.7966	-66.6035	-66.3839	-66.1407	-65.8758	-65.5897	-65.2825	-64.9535	-64.6017	-64.2254	-63.8228	-63.3916	-62.9291	-62.4324	-61.898	-61.3224	-60.7014	-60.0305	-59.3051	-58.5205	-57.6722	-56.757	-55.7742	-54.7282	-53.6339	-52.5252	-51.4715	-50.6017	-50.1151
2.145	-67.0322	-67.127	-67.2103	-67.2411	-67.2141	-67.1348	-67.0115	-66.8517	-66.6614	-66.4449	-66.2051	-65.9439	-65.6618	-65.3591	-65.035	-64.6885	-64.3181	-63.9219	-63.4977	-63.0429	-62.5547	-62.0299	-61.4647	-60.8554	-60.1977	-59.4872	-58.7194	-57.8903	-56.997	-56.0395	-55.0225	-53.9611	-52.8887	-51.8726	-51.0365	-50.5708
2.15	-67.0789	-67.1734	-67.2568	-67.2883	-67.2625	-67.1849	-67.0636	-66.9062	-66.7186	-66.5051	-66.2687	-66.011	-65.733	-65.4346	-65.1153	-64.774	-64.4093	-64.0193	-63.602	-63.1548	-62.675	-62.1593	-61.6045	-61.0066	-60.3617	-59.6655	-58.914	-58.1035	-57.2315	-56.2983	-55.3093	-54.2796	-53.2421	-52.262	-51.4582	-51.0125
2.155	-67.1251	-67.2193	-67.3028	-67.335	-67.3103	-67.2344	-67.1151	-66.96	-66.7751	-66.5645	-66.3314	-66.0773	-65.8032	-65.509	-65.1944	-64.8582	-64.499	-64.1152	-63.7046	-63.2648	-62.7931	-62.2865	-61.7417	-61.1549	-60.5225	-59.8404	-59.1047	-58.3121	-57.4607	-56.5511	-55.5889	-54.5896	-53.5856	-52.6401	-51.8674	-51.4407
2.16	-67.1708	-67.2647	-67.3484	-67.3812	-67.3577	-67.2833	-67.166	-67.0132	-66.8308	-66.6232	-66.3932	-66.1427	-65.8724	-65.5824	-65.2723	-64.9411	-64.5874	-64.2096	-63.8056	-63.373	-62.9093	-62.4115	-61.8764	-61.3005	-60.6802	-60.0117	-59.2914	-58.5163	-57.6847	-56.7978	-55.8617	-54.8916	-53.9197	-53.0074	-52.2643	-51.8559
2.165	-67.216	-67.3096	-67.3934	-67.4269	-67.4045	-67.3317	-67.2163	-67.0658	-66.886	-66.6812	-66.4543	-66.2072	-65.9407	-65.6548	-65.3492	-65.0228	-64.6745	-64.3025	-63.9049	-63.4794	-63.0235	-62.5343	-62.0087	-61.4434	-60.8349	-60.1796	-59.4743	-58.7161	-57.9038	-57.0389	-56.1277	-55.1858	-54.2448	-53.3643	-52.6496	-52.2587
2.17	-67.2608	-67.3541	-67.438	-67.4721	-67.4508	-67.3795	-67.266	-67.1177	-66.9404	-66.7384	-66.5146	-66.2709	-66.008	-65.7262	-65.4249	-65.1033	-64.7602	-64.394	-64.0026	-63.5841	-63.1357	-62.6549	-62.1386	-61.5837	-60.9867	-60.3443	-59.6535	-58.9117	-58.1181	-57.2743	-56.3873	-55.4725	-54.5612	-53.7111	-53.0236	-52.6495
2.175	-67.305	-67.3981	-67.4821	-67.5169	-67.4967	-67.4268	-67.3152	-67.1691	-66.9942	-66.7949	-66.5742	-66.3337	-66.0744	-65.7965	-65.4995	-65.1827	-64.8447	-64.484	-64.0988	-63.687	-63.2461	-62.7735	-62.2663	-61.7214	-61.1356	-60.5058	-59.8291	-59.1032	-58.3277	-57.5044	-56.6407	-55.752	-54.8691	-54.0483	-53.3868	-53.0287
2.18	-67.3488	-67.4417	-67.5258	-67.5611	-67.542	-67.4736	-67.3638	-67.2198	-67.0474	-66.8508	-66.633	-66.3957	-66.14	-65.8659	-65.5731	-65.2608	-64.9279	-64.5727	-64.1935	-63.7883	-63.3546	-62.89	-62.3917	-61.8566	-61.2818	-60.6642	-60.0012	-59.2908	-58.5327	-57.7294	-56.888	-56.0245	-55.169	-54.3763	-53.7397	-53.3968
2.185	-67.3922	-67.4848	-67.569	-67.605	-67.5868	-67.5199	-67.4119	-67.27	-67.0999	-66.9059	-66.691	-66.457	-66.2047	-65.9343	-65.6457	-65.3379	-65.0098	-64.66	-64.2867	-63.8879	-63.4614	-63.0046	-62.5149	-61.9894	-61.4253	-60.8196	-60.1699	-59.4745	-58.7334	-57.9493	-57.1296	-56.2903	-55.4612	-54.6953	-54.0825	-53.7542
2.19	-67.4351	-67.5274	-67.6118	-67.6483	-67.6312	-67.5657	-67.4595	-67.3196	-67.1518	-66.9604	-66.7484	-66.5174	-66.2685	-66.0019	-65.7172	-65.4138	-65.0905	-64.746	-64.3784	-63.986	-63.5664	-63.1172	-62.636	-62.1199	-61.5661	-60.972	-60.3353	-59.6546	-58.9299	-58.1643	-57.3656	-56.5497	-55.7458	-55.0057	-54.4157	-54.1014
2.195	-67.4775	-67.5697	-67.6542	-67.6912	-67.6752	-67.611	-67.5065	-67.3686	-67.2031	-67.0143	-66.805	-66.5771	-66.3315	-66.0685	-65.7878	-65.4887	-65.1701	-64.8307	-64.4687	-64.0824	-63.6696	-63.228	-62.755	-62.248	-61.7044	-61.1216	-60.4975	-59.8309	-59.1223	-58.3747	-57.5962	-56.8027	-56.0232	-55.3078	-54.7397	-54.4387
2.2	-67.5196	-67.6115	-67.6961	-67.7337	-67.7186	-67.6559	-67.553	-67.4171	-67.2538	-67.0675	-66.8609	-66.636	-66.3936	-66.1342	-65.8573	-65.5624	-65.2485	-64.9141	-64.5577	-64.1774	-63.7712	-63.3369	-62.8719	-62.3739	-61.8401	-61.2683	-60.6566	-60.0038	-59.3106	-58.5805	-57.8216	-57.0498	-56.2936	-55.602	-55.0548	-54.7666
2.205	-67.5612	-67.6529	-67.7376	-67.7758	-67.7616	-67.7002	-67.599	-67.465	-67.3039	-67.12	-66.9161	-66.6941	-66.455	-66.199	-65.9259	-65.6352	-65.3257	-64.9962	-64.6452	-64.2709	-63.8712	-63.444	-62.9869	-62.4975	-61.9734	-61.4124	-60.8126	-60.1732	-59.4951	-58.7819	-58.0419	-57.291	-56.5574	-55.8885	-55.3614	-55.0853
2.21	-67.6023	-67.6938	-67.7787	-67.8174	-67.8042	-67.7441	-67.6445	-67.5124	-67.3535	-67.172	-66.9707	-66.7516	-66.5155	-66.263	-65.9936	-65.7069	-65.4018	-65.0772	-64.7314	-64.3629	-63.9695	-63.5493	-63.0999	-62.6191	-62.1044	-61.5538	-60.9657	-60.3394	-59.6759	-58.979	-58.2573	-57.5266	-56.8146	-56.1676	-55.6597	-55.3953
2.215	-67.6431	-67.7344	-67.8194	-67.8586	-67.8463	-67.7875	-67.6895	-67.5593	-67.4025	-67.2233	-67.0246	-66.8083	-66.5753	-66.3261	-66.0604	-65.7776	-65.4769	-65.157	-64.8164	-64.4535	-64.0663	-63.6529	-63.211	-62.7385	-62.233	-61.6926	-61.1159	-60.5022	-59.8529	-59.172	-58.468	-57.7568	-57.0657	-56.4397	-55.9501	-55.6968
2.22	-67.6834	-67.7746	-67.8596	-67.8994	-67.8881	-67.8305	-67.734	-67.6057	-67.4509	-67.274	-67.0779	-66.8643	-66.6344	-66.3884	-66.1263	-65.8474	-65.5509	-65.2356	-64.9	-64.5426	-64.1616	-63.7548	-63.3203	-62.8559	-62.3594	-61.8289	-61.2633	-60.662	-60.0265	-59.3609	-58.6741	-57.9817	-57.3107	-56.7048	-56.2329	-55.9902
2.225	-67.7234	-67.8143	-67.8995	-67.9398	-67.9293	-67.873	-67.7781	-67.6515	-67.4988	-67.3242	-67.1305	-66.9197	-66.6927	-66.4499	-66.1913	-65.9162	-65.6238	-65.313	-64.9824	-64.6305	-64.2553	-63.8551	-63.4278	-62.9712	-62.4835	-61.9628	-61.4079	-60.8186	-60.1966	-59.546	-58.8757	-58.2015	-57.5499	-56.9634	-56.5084	-56.2758
2.23	-67.7629	-67.8537	-67.939	-67.9798	-67.9702	-67.9151	-67.8217	-67.6969	-67.5462	-67.3738	-67.1825	-66.9743	-66.7502	-66.5106	-66.2554	-65.984	-65.6957	-65.3894	-65.0636	-64.7169	-64.3476	-63.9538	-63.5335	-63.0847	-62.6055	-62.0942	-61.5499	-60.9723	-60.3633	-59.7272	-59.073	-58.4164	-57.7834	-57.2156	-56.7767	-56.5539
2.235	-67.8021	-67.8927	-67.9781	-68.0194	-68.0107	-67.9568	-67.8648	-67.7417	-67.593	-67.4228	-67.2339	-67.0283	-66.8071	-66.5706	-66.3187	-66.051	-65.7667	-65.4646	-65.1436	-64.8021	-64.4385	-64.0509	-63.6374	-63.1962	-62.7253	-62.2234	-61.6892	-61.1231	-60.5268	-59.9048	-59.2662	-58.6266	-58.0116	-57.4617	-57.0383	-56.8248
2.24	-67.8408	-67.9313	-68.0169	-68.0586	-68.0508	-67.998	-67.9075	-67.7861	-67.6393	-67.4712	-67.2847	-67.0817	-66.8632	-66.6297	-66.3811	-66.117	-65.8366	-65.5388	-65.2224	-64.886	-64.5279	-64.1464	-63.7397	-63.3058	-62.8432	-62.3502	-61.8261	-61.2711	-60.687	-60.0788	-59.4553	-58.8321	-58.2344	-57.7018	-57.2933	-57.0886
2.245	-67.8792	-67.9696	-68.0552	-68.0975	-68.0904	-68.0388	-67.9498	-67.8301	-67.6851	-67.5191	-67.3349	-67.1344	-66.9187	-66.6882	-66.4428	-66.1822	-65.9056	-65.612	-65.3001	-64.9687	-64.616	-64.2405	-63.8403	-63.4137	-62.959	-62.4748	-61.9605	-61.4163	-60.8442	-60.2493	-59.6404	-59.0331	-58.4522	-57.9361	-57.5419	-57.3458
2.25	-67.9172	-68.0075	-68.0932	-68.1359	-68.1297	-68.0792	-67.9916	-67.8735	-67.7305	-67.5665	-67.3846	-67.1865	-66.9735	-66.7458	-66.5037	-66.2465	-65.9736	-65.6841	-65.3767	-65.0501	-64.7028	-64.3331	-63.9393	-63.5197	-63.0728	-62.5972	-62.0924	-61.5588	-60.9984	-60.4164	-59.8217	-59.2298	-58.6651	-58.1649	-57.7844	-57.5964
2.255	-67.9549	-68.045	-68.1309	-68.174	-68.1686	-68.1193	-68.033	-67.9165	-67.7753	-67.6134	-67.4336	-67.238	-67.0276	-66.8028	-66.5637	-66.3099	-66.0407	-65.7552	-65.4521	-65.1303	-64.7882	-64.4242	-64.0367	-63.624	-63.1847	-62.7176	-62.222	-61.6987	-61.1497	-60.5802	-59.9994	-59.4223	-58.8732	-58.3884	-58.021	-57.8408
2.26	-67.9922	-68.0822	-68.1682	-68.2118	-68.2071	-68.1589	-68.074	-67.9591	-67.8196	-67.6597	-67.4822	-67.2889	-67.0811	-66.8591	-66.623	-66.3725	-66.1069	-65.8253	-65.5265	-65.2094	-64.8723	-64.5139	-64.1326	-63.7267	-63.2948	-62.8358	-62.3493	-61.836	-61.2981	-60.7409	-60.1734	-59.6107	-59.0767	-58.6067	-58.2519	-58.0792
2.265	-68.0291	-68.119	-68.2051	-68.2491	-68.2453	-68.1981	-68.1145	-68.0012	-67.8635	-67.7055	-67.5301	-67.3392	-67.1339	-66.9147	-66.6816	-66.4343	-66.1722	-65.8944	-65.5999	-65.2873	-64.9552	-64.6023	-64.2269	-63.8276	-63.403	-62.952	-62.4744	-61.9708	-61.4438	-60.8984	-60.3438	-59.7952	-59.2757	-58.8199	-58.4773	-58.3117
2.27	-68.0657	-68.1555	-68.2417	-68.2862	-68.2831	-68.237	-68.1547	-68.0429	-67.9069	-67.7509	-67.5776	-67.3889	-67.1861	-66.9696	-66.7394	-66.4954	-66.2367	-65.9627	-65.6722	-65.364	-65.0369	-64.6893	-64.3198	-63.9269	-63.5094	-63.0663	-62.5973	-62.1032	-61.5867	-61.0529	-60.5109	-59.9758	-59.4704	-59.0283	-58.6973	-58.5386
2.275	-68.1019	-68.1916	-68.2779	-68.3228	-68.3205	-68.2754	-68.1944	-68.0841	-67.9499	-67.7957	-67.6245	-67.4381	-67.2377	-67.0238	-66.7965	-66.5556	-66.3003	-66.0299	-65.7435	-65.4397	-65.1173	-64.775	-64.4112	-64.0247	-63.6141	-63.1786	-62.718	-62.2333	-61.727	-61.2044	-60.6747	-60.1527	-59.6608	-59.232	-58.9122	-58.76
2.28	-68.1378	-68.2274	-68.3138	-68.3592	-68.3576	-68.3135	-68.2338	-68.125	-67.9924	-67.84	-67.6708	-67.4867	-67.2887	-67.0774	-66.853	-66.615	-66.3631	-66.0963	-65.8138	-65.5143	-65.1966	-64.8594	-64.5013	-64.1209	-63.717	-63.289	-62.8367	-62.361	-61.8647	-61.353	-60.8352	-60.3259	-59.8472	-59.4311	-59.1221	-58.9762
2.285	-68.1734	-68.2629	-68.3494	-68.3952	-68.3943	-68.3512	-68.2728	-68.1654	-68.0345	-67.8839	-67.7167	-67.5347	-67.3391	-67.1304	-66.9087	-66.6737	-66.425	-66.1618	-65.8831	-65.5878	-65.2747	-64.9425	-64.5899	-64.2155	-63.8183	-63.3976	-62.9533	-62.4865	-61.9999	-61.4989	-60.9926	-60.4956	-60.0296	-59.6259	-59.3272	-59.1873
2.29	-68.2086	-68.298	-68.3847	-68.4309	-68.4307	-68.3886	-68.3114	-68.2054	-68.0761	-67.9274	-67.7621	-67.5822	-67.3889	-67.1827	-66.9637	-66.7317	-66.4862	-66.2264	-65.9515	-65.6603	-65.3517	-65.0245	-64.6772	-64.3087	-63.918	-63.5044	-63.068	-62.6098	-62.1326	-61.642	-61.1469	-60.6619	-60.2082	-59.8163	-59.5276	-59.3935
2.295	-68.2436	-68.3329	-68.4196	-68.4662	-68.4668	-68.4257	-68.3496	-68.2451	-68.1173	-67.9703	-67.807	-67.6292	-67.4381	-67.2344	-67.018	-66.7889	-66.5466	-66.2902	-66.019	-65.7318	-65.4276	-65.1051	-64.7631	-64.4004	-64.0161	-63.6095	-63.1807	-62.7309	-62.263	-61.7824	-61.2983	-60.8248	-60.383	-60.0026	-59.7234	-59.5949
2.3	-68.2782	-68.3674	-68.4543	-68.5012	-68.5025	-68.4623	-68.3875	-68.2843	-68.1581	-68.0128	-67.8514	-67.6757	-67.4868	-67.2855	-67.0717	-66.8455	-66.6062	-66.3531	-66.0855	-65.8023	-65.5024	-65.1847	-64.8478	-64.4908	-64.1126	-63.7128	-63.2915	-62.8499	-62.391	-61.9203	-61.4467	-60.9845	-60.5542	-60.1848	-59.9149	-59.7916
2.305	-68.3124	-68.4016	-68.4886	-68.536	-68.5379	-68.4986	-68.4249	-68.3231	-68.1985	-68.0549	-67.8953	-67.7216	-67.535	-67.336	-67.1248	-66.9013	-66.665	-66.4152	-66.1512	-65.8719	-65.5762	-65.263	-64.9312	-64.5797	-64.2076	-63.8144	-63.4004	-62.9669	-62.5168	-62.0556	-61.5924	-61.141	-60.7219	-60.3632	-60.1021	-59.984
2.31	-68.3464	-68.4355	-68.5226	-68.5704	-68.573	-68.5346	-68.4621	-68.3616	-68.2384	-68.0966	-67.9388	-67.7671	-67.5826	-67.3859	-67.1772	-66.9565	-66.7231	-66.4765	-66.216	-65.9404	-65.6489	-65.3402	-65.0134	-64.6672	-64.3011	-63.9144	-63.5076	-63.0818	-62.6403	-62.1884	-61.7352	-61.2945	-60.8862	-60.5377	-60.2851	-60.1719
2.315	-68.3801	-68.4691	-68.5563	-68.6045	-68.6077	-68.5703	-68.4989	-68.3997	-68.278	-68.1378	-67.9818	-67.812	-67.6296	-67.4352	-67.2291	-67.0109	-66.7805	-66.5371	-66.2799	-66.0081	-65.7206	-65.4163	-65.0943	-64.7535	-64.3931	-64.0128	-63.6129	-63.1949	-62.7617	-62.3189	-61.8754	-61.445	-61.0471	-60.7086	-60.4642	-60.3557
2.32	-68.4134	-68.5024	-68.5897	-68.6382	-68.6421	-68.6056	-68.5353	-68.4374	-68.3172	-68.1786	-68.0244	-67.8565	-67.6762	-67.484	-67.2803	-67.0648	-66.8372	-66.5968	-66.343	-66.0748	-65.7913	-65.4914	-65.174	-64.8384	-64.4837	-64.1096	-63.7165	-63.306	-62.8809	-62.447	-62.013	-61.5925	-61.2048	-60.8759	-60.6394	-60.5354
2.325	-68.4465	-68.5354	-68.6229	-68.6717	-68.6763	-68.6406	-68.5714	-68.4748	-68.356	-68.219	-68.0665	-67.9005	-67.7222	-67.5323	-67.3309	-67.118	-66.8931	-66.6558	-66.4053	-66.1406	-65.861	-65.5653	-65.2526	-64.922	-64.5729	-64.2049	-63.8185	-63.4152	-62.9981	-62.5728	-62.148	-61.7372	-61.3593	-61.0396	-60.8108	-60.7111
2.33	-68.4792	-68.5682	-68.6557	-68.7049	-68.7101	-68.6753	-68.6072	-68.5118	-68.3944	-68.2589	-68.1082	-67.944	-67.7677	-67.5799	-67.3809	-67.1705	-66.9484	-66.714	-66.4667	-66.2056	-65.9297	-65.6382	-65.3301	-65.0044	-64.6607	-64.2987	-63.9188	-63.5226	-63.1133	-62.6963	-62.2805	-61.8791	-61.5107	-61.2	-60.9786	-60.8831
2.335	-68.5117	-68.6006	-68.6882	-68.7378	-68.7436	-68.7097	-68.6426	-68.5485	-68.4325	-68.2985	-68.1494	-67.9871	-67.8128	-67.6271	-67.4304	-67.2224	-67.003	-66.7716	-66.5274	-66.2697	-65.9976	-65.7101	-65.4064	-65.0856	-64.7472	-64.391	-64.0175	-63.6282	-63.2264	-62.8177	-62.4107	-62.0184	-61.6591	-61.3572	-61.1428	-61.0513
2.34	-68.5439	-68.6328	-68.7205	-68.7705	-68.7769	-68.7438	-68.6777	-68.5848	-68.4702	-68.3377	-68.1902	-68.0297	-67.8573	-67.6737	-67.4792	-67.2738	-67.057	-66.8284	-66.5873	-66.3329	-66.0645	-65.781	-65.4816	-65.1656	-64.8324	-64.4818	-64.1145	-63.7321	-63.3377	-62.9369	-62.5384	-62.155	-61.8047	-61.5111	-61.3035	-61.2158
2.345	-68.5758	-68.6647	-68.7525	-68.8028	-68.8098	-68.7776	-68.7125	-68.6208	-68.5075	-68.3765	-68.2307	-68.0719	-67.9014	-67.7199	-67.5276	-67.3245	-67.1103	-66.8845	-66.6464	-66.3954	-66.1305	-65.8509	-65.5558	-65.2444	-64.9163	-64.5713	-64.2101	-63.8343	-63.4471	-63.0541	-62.6638	-62.289	-61.9474	-61.6619	-61.4609	-61.3769
2.35	-68.6075	-68.6963	-68.7842	-68.8349	-68.8425	-68.811	-68.747	-68.6564	-68.5444	-68.4149	-68.2707	-68.1136	-67.945	-67.7655	-67.5754	-67.3746	-67.1629	-66.9399	-66.7048	-66.457	-66.1956	-65.9199	-65.6289	-65.3221	-64.999	-64.6594	-64.3041	-63.9348	-63.5546	-63.1692	-62.787	-62.4206	-62.0873	-61.8097	-61.615	-61.5346
2.355	-68.6388	-68.7276	-68.8157	-68.8667	-68.8748	-68.8442	-68.7811	-68.6917	-68.5811	-68.453	-68.3103	-68.1549	-67.9881	-67.8106	-67.6226	-67.4242	-67.215	-66.9946	-66.7625	-66.5178	-66.2599	-65.9879	-65.701	-65.3987	-65.0804	-64.7462	-64.3967	-64.0337	-63.6604	-63.2823	-62.908	-62.5497	-62.2246	-61.9545	-61.766	-61.689
2.36	-68.67	-68.7587	-68.8469	-68.8982	-68.9069	-68.8771	-68.815	-68.7267	-68.6173	-68.4907	-68.3495	-68.1958	-68.0308	-67.8552	-67.6693	-67.4732	-67.2664	-67.0487	-66.8194	-66.5778	-66.3233	-66.055	-65.7721	-65.4741	-65.1606	-64.8316	-64.4878	-64.131	-63.7644	-63.3935	-63.0268	-62.6764	-62.3592	-62.0964	-61.9138	-61.8401
2.365	-68.7008	-68.7895	-68.8778	-68.9295	-68.9388	-68.9097	-68.8485	-68.7614	-68.6533	-68.528	-68.3883	-68.2363	-68.0731	-67.8994	-67.7156	-67.5216	-67.3173	-67.1021	-66.8756	-66.6371	-66.3859	-66.1211	-65.8422	-65.5485	-65.2396	-64.9157	-64.5775	-64.2267	-63.8666	-63.5028	-63.1435	-62.8009	-62.4913	-62.2356	-62.0587	-61.9882
2.37	-68.7314	-68.8201	-68.9085	-68.9605	-68.9703	-68.942	-68.8818	-68.7957	-68.6889	-68.5649	-68.4268	-68.2764	-68.1149	-67.9431	-67.7613	-67.5695	-67.3675	-67.1549	-66.9312	-66.6956	-66.4476	-66.1864	-65.9114	-65.6218	-65.3175	-64.9986	-64.6658	-64.3209	-63.9672	-63.6102	-63.2582	-62.923	-62.6209	-62.3721	-62.2006	-62.1332
2.375	-68.7617	-68.8504	-68.9389	-68.9912	-69.0016	-68.974	-68.9148	-68.8298	-68.7241	-68.6015	-68.4649	-68.316	-68.1563	-67.9863	-67.8065	-67.6168	-67.4172	-67.2071	-66.986	-66.7534	-66.5086	-66.2509	-65.9796	-65.6941	-65.3943	-65.0802	-64.7527	-64.4136	-64.0662	-63.7159	-63.3709	-63.043	-62.748	-62.5059	-62.3398	-62.2752
2.38	-68.7917	-68.8805	-68.9691	-69.0217	-69.0326	-69.0058	-68.9474	-68.8635	-68.7591	-68.6378	-68.5026	-68.3553	-68.1972	-68.0291	-67.8512	-67.6637	-67.4663	-67.2586	-67.0402	-66.8105	-66.5688	-66.3145	-66.0468	-65.7654	-65.47	-65.1607	-64.8384	-64.5049	-64.1635	-63.8197	-63.4816	-63.1608	-62.8728	-62.6371	-62.4761	-62.4144
2.385	-68.8216	-68.9103	-68.999	-69.0519	-69.0634	-69.0373	-68.9798	-68.897	-68.7937	-68.6737	-68.5399	-68.3942	-68.2378	-68.0714	-67.8955	-67.71	-67.5148	-67.3096	-67.0938	-66.8669	-66.6283	-66.3772	-66.1132	-65.8357	-65.5446	-65.2399	-64.9227	-64.5947	-64.2593	-63.9219	-63.5904	-63.2765	-62.9953	-62.7658	-62.6098	-62.5508
2.39	-68.8511	-68.9399	-69.0287	-69.0819	-69.0939	-69.0685	-69.0119	-68.9301	-68.828	-68.7093	-68.5769	-68.4327	-68.2779	-68.1133	-67.9392	-67.7558	-67.5628	-67.3599	-67.1467	-66.9226	-66.6869	-66.4391	-66.1787	-65.905	-65.6181	-65.318	-65.0058	-64.6832	-64.3536	-64.0223	-63.6974	-63.3901	-63.1156	-62.8921	-62.7408	-62.6844
2.395	-68.8804	-68.9692	-69.0581	-69.1116	-69.1242	-69.0995	-69.0438	-68.963	-68.862	-68.7446	-68.6136	-68.4708	-68.3176	-68.1547	-67.9825	-67.8011	-67.6103	-67.4097	-67.199	-66.9776	-66.7449	-66.5003	-66.2433	-65.9734	-65.6906	-65.395	-65.0876	-64.7703	-64.4463	-64.1211	-63.8026	-63.5018	-63.2336	-63.016	-62.8693	-62.8154
2.4	-68.9095	-68.9983	-69.0873	-69.1411	-69.1542	-69.1302	-69.0754	-68.9956	-68.8957	-68.7795	-68.6499	-68.5086	-68.357	-68.1958	-68.0254	-67.8459	-67.6572	-67.4589	-67.2507	-67.0319	-66.8021	-66.5606	-66.307	-66.0409	-65.762	-65.4708	-65.1682	-64.856	-64.5376	-64.2183	-63.9059	-63.6115	-63.3495	-63.1375	-62.9954	-62.9439
2.405	-68.9384	-69.0272	-69.1163	-69.1704	-69.1839	-69.1606	-69.1067	-69.0278	-68.9291	-68.8142	-68.6858	-68.546	-68.3959	-68.2364	-68.0678	-67.8903	-67.7036	-67.5076	-67.3017	-67.0856	-66.8586	-66.6202	-66.3699	-66.1074	-65.8325	-65.5456	-65.2476	-64.9405	-64.6275	-64.3139	-64.0076	-63.7193	-63.4633	-63.2568	-63.119	-63.0698
2.41	-68.967	-69.0558	-69.145	-69.1994	-69.2134	-69.1908	-69.1377	-69.0599	-68.9622	-68.8485	-68.7214	-68.583	-68.4345	-68.2766	-68.1098	-67.9341	-67.7495	-67.5557	-67.3522	-67.1386	-66.9144	-66.679	-66.432	-66.1731	-65.902	-65.6193	-65.3259	-65.0236	-64.7159	-64.408	-64.1075	-63.8252	-63.5751	-63.3739	-63.2402	-63.1933
2.415	-68.9954	-69.0842	-69.1735	-69.2282	-69.2427	-69.2208	-69.1685	-69.0916	-68.995	-68.8825	-68.7567	-68.6197	-68.4726	-68.3164	-68.1513	-67.9775	-67.7949	-67.6032	-67.4021	-67.191	-66.9695	-66.7371	-66.4933	-66.2378	-65.9706	-65.692	-65.403	-65.1055	-64.803	-64.5005	-64.2058	-63.9293	-63.6849	-63.4889	-63.3592	-63.3145
2.42	-69.0235	-69.1124	-69.2018	-69.2568	-69.2718	-69.2505	-69.199	-69.1231	-69.0275	-68.9162	-68.7917	-68.656	-68.5105	-68.3558	-68.1924	-68.0204	-67.8398	-67.6502	-67.4514	-67.2428	-67.024	-66.7945	-66.5538	-66.3017	-66.0382	-65.7636	-65.479	-65.1862	-64.8887	-64.5916	-64.3025	-64.0317	-63.7928	-63.6017	-63.4759	-63.4333
2.425	-69.0515	-69.1404	-69.2299	-69.2852	-69.3006	-69.28	-69.2293	-69.1543	-69.0598	-68.9496	-68.8263	-68.692	-68.5479	-68.3948	-68.2331	-68.0629	-67.8842	-67.6968	-67.5002	-67.294	-67.0778	-66.8511	-66.6135	-66.3648	-66.1049	-65.8342	-65.5539	-65.2657	-64.9732	-64.6813	-64.3976	-64.1323	-63.8987	-63.7125	-63.5905	-63.5499
2.43	-69.0792	-69.1681	-69.2577	-69.3133	-69.3292	-69.3092	-69.2593	-69.1852	-69.0918	-68.9827	-68.8607	-68.7277	-68.585	-68.4334	-68.2734	-68.105	-67.9282	-67.7428	-67.5484	-67.3446	-67.131	-66.9071	-66.6725	-66.4271	-66.1707	-65.9039	-65.6277	-65.3441	-65.0563	-64.7695	-64.4911	-64.2312	-64.0029	-63.8213	-63.703	-63.6643
2.435	-69.1067	-69.1956	-69.2853	-69.3412	-69.3576	-69.3382	-69.289	-69.2159	-69.1234	-69.0155	-68.8947	-68.763	-68.6218	-68.4717	-68.3132	-68.1466	-67.9717	-67.7882	-67.596	-67.3946	-67.1835	-66.9623	-66.7307	-66.4885	-66.2356	-65.9726	-65.7005	-65.4212	-65.1382	-64.8564	-64.5831	-64.3285	-64.1052	-63.9282	-63.8134	-63.7766
2.44	-69.134	-69.2229	-69.3128	-69.3689	-69.3857	-69.367	-69.3186	-69.2463	-69.1549	-69.048	-68.9284	-68.798	-68.6581	-68.5096	-68.3527	-68.1878	-68.0147	-67.8333	-67.6432	-67.444	-67.2354	-67.0169	-66.7882	-66.5491	-66.2997	-66.0404	-65.7722	-65.4973	-65.2188	-64.9419	-64.6737	-64.4241	-64.2058	-64.0332	-63.9217	-63.8867
2.445	-69.1611	-69.2501	-69.34	-69.3963	-69.4136	-69.3955	-69.3479	-69.2765	-69.186	-69.0802	-68.9618	-68.8327	-68.6942	-68.5471	-68.3918	-68.2285	-68.0573	-67.8778	-67.6898	-67.4929	-67.2867	-67.0709	-66.845	-66.609	-66.3629	-66.1072	-65.843	-65.5723	-65.2983	-65.0261	-64.7628	-64.5182	-64.3046	-64.1363	-64.0282	-63.9949
2.45	-69.1879	-69.277	-69.367	-69.4236	-69.4413	-69.4238	-69.3769	-69.3064	-69.2169	-69.1122	-68.995	-68.8671	-68.7299	-68.5842	-68.4305	-68.2689	-68.0994	-67.9218	-67.7359	-67.5412	-67.3374	-67.1241	-66.9011	-66.6681	-66.4253	-66.1731	-65.9128	-65.6461	-65.3766	-65.109	-64.8505	-64.6107	-64.4018	-64.2376	-64.1327	-64.1011
2.455	-69.2146	-69.3036	-69.3938	-69.4507	-69.4688	-69.4519	-69.4057	-69.3361	-69.2476	-69.1439	-69.0278	-68.9012	-68.7653	-68.621	-68.4688	-68.3089	-68.1411	-67.9654	-67.7814	-67.589	-67.3875	-67.1768	-66.9565	-66.7265	-66.4869	-66.2382	-65.9816	-65.719	-65.4537	-65.1906	-64.9368	-64.7017	-64.4973	-64.3372	-64.2353	-64.2054
2.46	-69.241	-69.3301	-69.4203	-69.4775	-69.4961	-69.4798	-69.4343	-69.3655	-69.2779	-69.1753	-69.0603	-68.9349	-68.8004	-68.6575	-68.5068	-68.3484	-68.1824	-68.0085	-67.8265	-67.6362	-67.4371	-67.2288	-67.0112	-66.7841	-66.5477	-66.3024	-66.0494	-65.7908	-65.5297	-65.271	-65.0218	-64.7913	-64.5913	-64.435	-64.3361	-64.3078
2.465	-69.2673	-69.3564	-69.4467	-69.5042	-69.5232	-69.5074	-69.4627	-69.3947	-69.3081	-69.2065	-69.0926	-68.9684	-68.8351	-68.6936	-68.5444	-68.3876	-68.2232	-68.0512	-67.8712	-67.6829	-67.486	-67.2802	-67.0653	-66.841	-66.6077	-66.3657	-66.1163	-65.8615	-65.6046	-65.3502	-65.1054	-64.8794	-64.6837	-64.5312	-64.4352	-64.4083
2.47	-69.2933	-69.3825	-69.4729	-69.5306	-69.5501	-69.5349	-69.4909	-69.4237	-69.3379	-69.2373	-69.1246	-69.0015	-68.8695	-68.7294	-68.5816	-68.4263	-68.2636	-68.0934	-67.9153	-67.7291	-67.5345	-67.3311	-67.1187	-66.8972	-66.6669	-66.4282	-66.1824	-65.9314	-65.6784	-65.4283	-65.1878	-64.9661	-64.7745	-64.6257	-64.5325	-64.5071
2.475	-69.3192	-69.4084	-69.4989	-69.5569	-69.5767	-69.5621	-69.5188	-69.4524	-69.3676	-69.268	-69.1563	-69.0344	-68.9036	-68.7648	-68.6184	-68.4647	-68.3037	-68.1351	-67.959	-67.7748	-67.5823	-67.3813	-67.1715	-66.9528	-66.7254	-66.4899	-66.2475	-66.0002	-65.7511	-65.5051	-65.2689	-65.0514	-64.8639	-64.7187	-64.6282	-64.6042
2.48	-69.3449	-69.4342	-69.5248	-69.5829	-69.6032	-69.5891	-69.5465	-69.4809	-69.397	-69.2983	-69.1877	-69.067	-68.9374	-68.7999	-68.655	-68.5027	-68.3433	-68.1765	-68.0022	-67.82	-67.6297	-67.4309	-67.2236	-67.0076	-66.7831	-66.5508	-66.3118	-66.0681	-65.8228	-65.5808	-65.3488	-65.1354	-64.9518	-64.8101	-64.7222	-64.6996
2.485	-69.3703	-69.4597	-69.5504	-69.6088	-69.6295	-69.6159	-69.574	-69.5092	-69.4261	-69.3285	-69.2189	-69.0993	-68.9709	-68.8347	-68.6911	-68.5404	-68.3825	-68.2174	-68.0449	-67.8647	-67.6765	-67.48	-67.2751	-67.0618	-66.8402	-66.6109	-66.3752	-66.135	-65.8935	-65.6555	-65.4274	-65.2181	-65.0383	-64.8999	-64.8146	-64.7933
2.49	-69.3956	-69.485	-69.5758	-69.6345	-69.6555	-69.6426	-69.6013	-69.5372	-69.455	-69.3583	-69.2498	-69.1313	-69.0041	-68.8692	-68.727	-68.5777	-68.4214	-68.2579	-68.0872	-67.9089	-67.7228	-67.5285	-67.3261	-67.1153	-66.8965	-66.6702	-66.4378	-66.201	-65.9632	-65.729	-65.5049	-65.2995	-65.1234	-64.9883	-64.9055	-64.8854
2.495	-69.4207	-69.5102	-69.6011	-69.66	-69.6814	-69.669	-69.6283	-69.5651	-69.4837	-69.388	-69.2804	-69.163	-69.0371	-68.9034	-68.7625	-68.6146	-68.4598	-68.298	-68.1291	-67.9527	-67.7686	-67.5765	-67.3764	-67.1682	-66.9521	-66.7288	-66.4995	-66.2662	-66.032	-65.8015	-65.5812	-65.3796	-65.2072	-65.0753	-64.9948	-64.976
2.5	-69.4457	-69.5352	-69.6262	-69.6853	-69.7071	-69.6952	-69.6552	-69.5927	-69.5122	-69.4174	-69.3108	-69.1945	-69.0697	-68.9372	-68.7977	-68.6512	-68.4979	-68.3377	-68.1705	-67.9959	-67.8138	-67.624	-67.4262	-67.2204	-67.0071	-66.7867	-66.5605	-66.3305	-66.0997	-65.8729	-65.6564	-65.4586	-65.2896	-65.1608	-65.0826	-65.065
2.505	-69.4704	-69.56	-69.651	-69.7104	-69.7326	-69.7212	-69.6819	-69.6201	-69.5405	-69.4465	-69.341	-69.2257	-69.102	-68.9708	-68.8325	-68.6874	-68.5356	-68.3771	-68.2115	-68.0388	-67.8586	-67.6709	-67.4753	-67.2721	-67.0614	-66.8438	-66.6206	-66.3939	-66.1666	-65.9434	-65.7305	-65.5363	-65.3708	-65.2449	-65.169	-65.1525
2.51	-69.495	-69.5846	-69.6758	-69.7353	-69.7579	-69.747	-69.7083	-69.6473	-69.5685	-69.4754	-69.3709	-69.2566	-69.1341	-69.004	-68.867	-68.7233	-68.573	-68.416	-68.2521	-68.0812	-67.903	-67.7173	-67.524	-67.3231	-67.115	-66.9002	-66.68	-66.4564	-66.2325	-66.0128	-65.8035	-65.6128	-65.4507	-65.3277	-65.254	-65.2386
2.515	-69.5193	-69.609	-69.7003	-69.7601	-69.7831	-69.7727	-69.7346	-69.6743	-69.5963	-69.5041	-69.4005	-69.2873	-69.1659	-69.037	-68.9013	-68.7589	-68.61	-68.4545	-68.2923	-68.1231	-67.9468	-67.7631	-67.5721	-67.3736	-67.168	-66.9559	-66.7387	-66.5182	-66.2976	-66.0812	-65.8754	-65.6882	-65.5293	-65.4092	-65.3376	-65.3233
2.52	-69.5435	-69.6333	-69.7247	-69.7847	-69.808	-69.7981	-69.7607	-69.7011	-69.6238	-69.5326	-69.4299	-69.3177	-69.1974	-69.0697	-68.9352	-68.7941	-68.6467	-68.4927	-68.3321	-68.1646	-67.9902	-67.8085	-67.6196	-67.4234	-67.2203	-67.0109	-66.7966	-66.5791	-66.3617	-66.1487	-65.9464	-65.7625	-65.6068	-65.4894	-65.4198	-65.4065
2.525	-69.5676	-69.6574	-69.7489	-69.8091	-69.8328	-69.8234	-69.7866	-69.7276	-69.6512	-69.5608	-69.4591	-69.3479	-69.2286	-69.1021	-68.9688	-68.829	-68.683	-68.5305	-68.3714	-68.2057	-68.0331	-67.8534	-67.6666	-67.4727	-67.272	-67.0653	-66.8537	-66.6393	-66.425	-66.2153	-66.0162	-65.8357	-65.683	-65.5683	-65.5007	-65.4884
2.53	-69.5915	-69.6813	-69.7729	-69.8334	-69.8574	-69.8485	-69.8123	-69.754	-69.6784	-69.5888	-69.488	-69.3778	-69.2596	-69.1342	-69.0021	-68.8636	-68.7189	-68.5679	-68.4104	-68.2464	-68.0756	-67.8978	-67.7131	-67.5214	-67.3232	-67.119	-66.9102	-66.6987	-66.4875	-66.281	-66.0852	-65.9078	-65.7581	-65.646	-65.5804	-65.5691
2.535	-69.6152	-69.7051	-69.7967	-69.8574	-69.8818	-69.8734	-69.8378	-69.7802	-69.7053	-69.6166	-69.5167	-69.4075	-69.2903	-69.166	-69.0351	-68.8979	-68.7545	-68.605	-68.449	-68.2867	-68.1176	-67.9418	-67.7591	-67.5696	-67.3737	-67.1721	-66.9659	-66.7573	-66.5491	-66.3457	-66.1531	-65.9788	-65.8321	-65.7225	-65.6588	-65.6484
2.54	-69.6387	-69.7287	-69.8204	-69.8813	-69.9061	-69.8982	-69.8631	-69.8062	-69.7321	-69.6442	-69.5452	-69.437	-69.3208	-69.1976	-69.0678	-68.9319	-68.7898	-68.6417	-68.4873	-68.3265	-68.1592	-67.9852	-67.8045	-67.6172	-67.4236	-67.2245	-67.021	-66.8151	-66.6099	-66.4096	-66.2201	-66.0489	-65.905	-65.7979	-65.7359	-65.7264
2.545	-69.6621	-69.7521	-69.844	-69.9051	-69.9302	-69.9227	-69.8882	-69.832	-69.7586	-69.6716	-69.5734	-69.4661	-69.351	-69.2289	-69.1003	-68.9656	-68.8248	-68.678	-68.5251	-68.366	-68.2004	-68.0282	-67.8495	-67.6643	-67.473	-67.2763	-67.0754	-66.8723	-66.67	-66.4726	-66.2861	-66.1179	-65.9768	-65.8721	-65.8119	-65.8033
2.55	-69.6853	-69.7754	-69.8673	-69.9287	-69.9541	-69.9471	-69.9132	-69.8576	-69.785	-69.6987	-69.6015	-69.4951	-69.381	-69.2599	-69.1324	-68.9989	-68.8595	-68.7141	-68.5626	-68.405	-68.2411	-68.0708	-67.894	-67.7109	-67.5218	-67.3275	-67.1291	-66.9287	-66.7292	-66.5348	-66.3513	-66.186	-66.0476	-65.9451	-65.8867	-65.8789
2.555	-69.7084	-69.7985	-69.8905	-69.9521	-69.9779	-69.9713	-69.9379	-69.8831	-69.8111	-69.7257	-69.6293	-69.5238	-69.4107	-69.2906	-69.1643	-69.032	-68.8938	-68.7498	-68.5998	-68.4437	-68.2815	-68.1129	-67.938	-67.7569	-67.57	-67.378	-67.1822	-66.9844	-66.7877	-66.5962	-66.4155	-66.253	-66.1173	-66.0171	-65.9603	-65.9534
2.56	-69.7312	-69.8215	-69.9136	-69.9753	-70.0015	-69.9954	-69.9625	-69.9083	-69.8371	-69.7524	-69.6569	-69.5523	-69.4401	-69.3212	-69.1959	-69.0648	-68.9278	-68.7851	-68.6366	-68.482	-68.3214	-68.1546	-67.9816	-67.8025	-67.6177	-67.428	-67.2346	-67.0395	-66.8454	-66.6567	-66.4789	-66.3192	-66.186	-66.0881	-66.0328	-66.0267
2.565	-69.754	-69.8443	-69.9365	-69.9984	-70.0249	-70.0192	-69.987	-69.9333	-69.8629	-69.779	-69.6843	-69.5806	-69.4694	-69.3514	-69.2273	-69.0973	-68.9616	-68.8202	-68.673	-68.52	-68.3609	-68.1958	-68.0247	-67.8476	-67.6649	-67.4775	-67.2865	-67.0938	-66.9025	-66.7165	-66.5414	-66.3844	-66.2537	-66.1579	-66.1043	-66.0989
2.57	-69.7766	-69.867	-69.9593	-70.0214	-70.0482	-70.0429	-70.0112	-69.9582	-69.8884	-69.8053	-69.7114	-69.6087	-69.4984	-69.3814	-69.2583	-69.1295	-68.995	-68.8549	-68.7091	-68.5575	-68.4001	-68.2367	-68.0673	-67.8921	-67.7116	-67.5263	-67.3377	-67.1475	-66.9587	-66.7754	-66.6031	-66.4487	-66.3205	-66.2268	-66.1747	-66.17
2.575	-69.799	-69.8895	-69.9818	-70.0442	-70.0713	-70.0665	-70.0353	-69.9829	-69.9138	-69.8315	-69.7384	-69.6365	-69.5271	-69.4112	-69.2892	-69.1614	-69.0281	-68.8893	-68.7449	-68.5947	-68.4388	-68.2771	-68.1095	-67.9362	-67.7577	-67.5746	-67.3883	-67.2006	-67.0143	-66.8337	-66.664	-66.5122	-66.3863	-66.2946	-66.244	-66.2401
2.58	-69.8213	-69.9118	-70.0043	-70.0668	-70.0942	-70.0899	-70.0592	-70.0075	-69.939	-69.8574	-69.7651	-69.6641	-69.5557	-69.4407	-69.3197	-69.1931	-69.061	-68.9234	-68.7803	-68.6316	-68.4772	-68.3171	-68.1512	-67.9798	-67.8033	-67.6224	-67.4383	-67.253	-67.0693	-66.8911	-66.724	-66.5747	-66.4512	-66.3615	-66.3123	-66.3091
2.585	-69.8434	-69.9341	-70.0266	-70.0893	-70.117	-70.1131	-70.083	-70.0318	-69.9641	-69.8832	-69.7917	-69.6915	-69.584	-69.47	-69.35	-69.2245	-69.0935	-68.9572	-68.8154	-68.6681	-68.5152	-68.3567	-68.1926	-68.023	-67.8484	-67.6696	-67.4877	-67.3047	-67.1235	-66.9479	-66.7833	-66.6365	-66.5152	-66.4274	-66.3796	-66.3771
2.59	-69.8654	-69.9561	-70.0487	-70.1116	-70.1397	-70.1362	-70.1065	-70.056	-69.9889	-69.9087	-69.8181	-69.7187	-69.6121	-69.499	-69.3801	-69.2556	-69.1258	-68.9906	-68.8502	-68.7042	-68.5528	-68.3959	-68.2335	-68.0657	-67.8931	-67.7163	-67.5366	-67.3559	-67.177	-67.0039	-66.8418	-66.6974	-66.5783	-66.4924	-66.446	-66.4441
2.595	-69.8873	-69.978	-70.0708	-70.1339	-70.1622	-70.1591	-70.13	-70.08	-70.0136	-69.9341	-69.8442	-69.7457	-69.64	-69.5278	-69.4099	-69.2865	-69.1578	-69.0238	-68.8846	-68.7401	-68.5901	-68.4347	-68.2739	-68.108	-67.9372	-67.7625	-67.5849	-67.4065	-67.23	-67.0592	-66.8995	-66.7575	-66.6406	-66.5565	-66.5114	-66.5101
2.6	-69.909	-69.9998	-70.0926	-70.1559	-70.1845	-70.1819	-70.1532	-70.1039	-70.0381	-69.9593	-69.8702	-69.7725	-69.6676	-69.5564	-69.4394	-69.3171	-69.1895	-69.0567	-68.9188	-68.7756	-68.627	-68.4732	-68.314	-68.1498	-67.9809	-67.8081	-67.6327	-67.4565	-67.2822	-67.1139	-66.9565	-66.8167	-66.702	-66.6197	-66.5758	-66.5752
2.605	-69.9306	-70.0215	-70.1143	-70.1778	-70.2067	-70.2045	-70.1763	-70.1275	-70.0624	-69.9844	-69.896	-69.7991	-69.695	-69.5847	-69.4688	-69.3474	-69.2209	-69.0893	-68.9526	-68.8107	-68.6636	-68.5113	-68.3537	-68.1912	-68.0241	-67.8533	-67.6799	-67.5058	-67.3339	-67.1678	-67.0128	-66.8753	-66.7626	-66.682	-66.6394	-66.6393
2.61	-69.952	-70.043	-70.1359	-70.1996	-70.2288	-70.2269	-70.1993	-70.1511	-70.0866	-70.0092	-69.9215	-69.8255	-69.7223	-69.6129	-69.4978	-69.3775	-69.2521	-69.1216	-68.9861	-68.8456	-68.6998	-68.549	-68.393	-68.2322	-68.0669	-67.898	-67.7266	-67.5547	-67.3849	-67.2211	-67.0684	-66.933	-66.8223	-66.7434	-66.7021	-66.7026
2.615	-69.9733	-70.0643	-70.1574	-70.2212	-70.2507	-70.2493	-70.2221	-70.1744	-70.1105	-70.0339	-69.9469	-69.8517	-69.7493	-69.6408	-69.5267	-69.4074	-69.283	-69.1537	-69.0194	-68.8801	-68.7357	-68.5863	-68.4319	-68.2727	-68.1092	-67.9421	-67.7728	-67.6029	-67.4353	-67.2738	-67.1233	-66.99	-66.8813	-66.8041	-66.7639	-66.7649
2.62	-69.9944	-70.0856	-70.1787	-70.2427	-70.2725	-70.2714	-70.2447	-70.1976	-70.1344	-70.0583	-69.9722	-69.8776	-69.7761	-69.6685	-69.5553	-69.437	-69.3137	-69.1854	-69.0523	-68.9143	-68.7713	-68.6233	-68.4704	-68.3128	-68.1511	-67.9859	-67.8184	-67.6507	-67.4852	-67.3258	-67.1774	-67.0463	-66.9395	-66.8639	-66.8248	-66.8264
2.625	-70.0155	-70.1067	-70.1999	-70.264	-70.2942	-70.2934	-70.2672	-70.2207	-70.158	-70.0827	-69.9972	-69.9034	-69.8027	-69.6959	-69.5837	-69.4663	-69.3441	-69.2169	-69.085	-68.9482	-68.8065	-68.6599	-68.5085	-68.3526	-68.1925	-68.0291	-67.8636	-67.6978	-67.5345	-67.3772	-67.231	-67.1019	-66.9969	-66.9229	-66.8849	-66.8871
2.63	-70.0363	-70.1276	-70.2209	-70.2853	-70.3157	-70.3153	-70.2896	-70.2435	-70.1815	-70.1068	-70.022	-69.929	-69.8291	-69.7232	-69.6119	-69.4955	-69.3742	-69.2482	-69.1174	-68.9818	-68.8414	-68.6962	-68.5463	-68.3919	-68.2335	-68.0719	-67.9083	-67.7445	-67.5831	-67.428	-67.2838	-67.1567	-67.0536	-66.9811	-66.9442	-66.9469
2.635	-70.0571	-70.1484	-70.2418	-70.3064	-70.337	-70.3371	-70.3118	-70.2663	-70.2048	-70.1308	-70.0467	-69.9545	-69.8554	-69.7503	-69.6398	-69.5244	-69.4041	-69.2791	-69.1495	-69.0151	-68.876	-68.7321	-68.5837	-68.4309	-68.2741	-68.1143	-67.9525	-67.7906	-67.6313	-67.4781	-67.336	-67.2109	-67.1096	-67.0385	-67.0027	-67.0059
2.64	-70.0777	-70.1692	-70.2626	-70.3273	-70.3582	-70.3587	-70.3338	-70.2889	-70.228	-70.1546	-70.0712	-69.9797	-69.8814	-69.7771	-69.6675	-69.553	-69.4338	-69.3098	-69.1813	-69.0481	-68.9102	-68.7678	-68.6207	-68.4694	-68.3143	-68.1562	-67.9962	-67.8362	-67.6789	-67.5277	-67.3876	-67.2644	-67.1648	-67.0952	-67.0605	-67.0641
2.645	-70.0982	-70.1897	-70.2833	-70.3481	-70.3793	-70.3801	-70.3558	-70.3113	-70.251	-70.1782	-70.0956	-70.0048	-69.9072	-69.8038	-69.6951	-69.5815	-69.4632	-69.3403	-69.2128	-69.0808	-68.9442	-68.803	-68.6574	-68.5076	-68.3541	-68.1976	-68.0394	-67.8813	-67.7259	-67.5767	-67.4386	-67.3172	-67.2193	-67.1512	-67.1174	-67.1215
2.65	-70.1186	-70.2102	-70.3038	-70.3688	-70.4003	-70.4015	-70.3775	-70.3336	-70.2739	-70.2017	-70.1197	-70.0296	-69.9328	-69.8302	-69.7224	-69.6097	-69.4923	-69.3705	-69.2441	-69.1132	-68.9778	-68.838	-68.6938	-68.5454	-68.3935	-68.2387	-68.0822	-67.926	-67.7724	-67.6252	-67.4889	-67.3694	-67.2732	-67.2064	-67.1737	-67.1782
2.655	-70.1388	-70.2305	-70.3242	-70.3894	-70.4211	-70.4227	-70.3992	-70.3557	-70.2966	-70.2251	-70.1437	-70.0543	-69.9583	-69.8565	-69.7495	-69.6377	-69.5213	-69.4004	-69.2751	-69.1454	-69.0112	-68.8726	-68.7298	-68.5829	-68.4325	-68.2793	-68.1246	-67.9701	-67.8184	-67.6731	-67.5387	-67.421	-67.3264	-67.2609	-67.2291	-67.2341
2.66	-70.159	-70.2507	-70.3445	-70.4098	-70.4418	-70.4437	-70.4207	-70.3777	-70.3191	-70.2482	-70.1675	-70.0789	-69.9836	-69.8825	-69.7764	-69.6654	-69.55	-69.4301	-69.3059	-69.1772	-69.0443	-68.9069	-68.7654	-68.62	-68.4711	-68.3195	-68.1665	-68.0138	-67.8639	-67.7204	-67.5879	-67.4719	-67.3789	-67.3148	-67.2839	-67.2893
2.665	-70.179	-70.2708	-70.3646	-70.4301	-70.4624	-70.4646	-70.442	-70.3996	-70.3415	-70.2712	-70.1912	-70.1032	-70.0086	-69.9084	-69.803	-69.693	-69.5785	-69.4596	-69.3364	-69.2088	-69.077	-68.941	-68.8008	-68.6567	-68.5093	-68.3593	-68.208	-68.057	-67.9089	-67.7672	-67.6365	-67.5222	-67.4308	-67.368	-67.338	-67.3438
2.67	-70.1989	-70.2907	-70.3847	-70.4503	-70.4829	-70.4854	-70.4632	-70.4213	-70.3638	-70.2941	-70.2147	-70.1274	-70.0335	-69.9341	-69.8295	-69.7203	-69.6067	-69.4888	-69.3666	-69.2402	-69.1095	-68.9747	-68.8358	-68.6931	-68.5472	-68.3987	-68.249	-68.0997	-67.9534	-67.8135	-67.6845	-67.572	-67.482	-67.4204	-67.3914	-67.3976
2.675	-70.2186	-70.3106	-70.4046	-70.4704	-70.5032	-70.5061	-70.4843	-70.4429	-70.3859	-70.3168	-70.238	-70.1514	-70.0583	-69.9595	-69.8558	-69.7475	-69.6348	-69.5178	-69.3966	-69.2712	-69.1417	-69.0081	-68.8705	-68.7292	-68.5847	-68.4378	-68.2896	-68.142	-67.9974	-67.8593	-67.732	-67.6211	-67.5326	-67.4723	-67.4441	-67.4507
2.68	-70.2383	-70.3303	-70.4244	-70.4904	-70.5234	-70.5266	-70.5053	-70.4643	-70.4079	-70.3393	-70.2612	-70.1752	-70.0828	-69.9848	-69.8819	-69.7744	-69.6626	-69.5465	-69.4263	-69.302	-69.1736	-69.0412	-68.9048	-68.7649	-68.6218	-68.4764	-68.3298	-68.1838	-68.0409	-67.9045	-67.7789	-67.6697	-67.5827	-67.5235	-67.4961	-67.5031
2.685	-70.2578	-70.3499	-70.4441	-70.5102	-70.5435	-70.5471	-70.5261	-70.4856	-70.4297	-70.3617	-70.2842	-70.1989	-70.1072	-70.0099	-69.9078	-69.8011	-69.6902	-69.5751	-69.4559	-69.3326	-69.2053	-69.074	-68.9389	-68.8003	-68.6586	-68.5146	-68.3696	-68.2253	-68.084	-67.9493	-67.8253	-67.7176	-67.6321	-67.5741	-67.5475	-67.5549
2.69	-70.2772	-70.3694	-70.4636	-70.5299	-70.5634	-70.5673	-70.5468	-70.5068	-70.4514	-70.384	-70.3071	-70.2224	-70.1314	-70.0349	-69.9335	-69.8276	-69.7176	-69.6034	-69.4851	-69.3629	-69.2367	-69.1065	-68.9727	-68.8353	-68.695	-68.5525	-68.409	-68.2662	-68.1266	-67.9935	-67.8712	-67.7651	-67.6809	-67.6241	-67.5983	-67.606
2.695	-70.2965	-70.3888	-70.4831	-70.5495	-70.5833	-70.5875	-70.5674	-70.5278	-70.4729	-70.4061	-70.3298	-70.2458	-70.1554	-70.0596	-69.959	-69.854	-69.7447	-69.6314	-69.5142	-69.3929	-69.2678	-69.1388	-69.0061	-68.8701	-68.7311	-68.59	-68.448	-68.3068	-68.1688	-68.0373	-67.9166	-67.812	-67.7292	-67.6734	-67.6484	-67.6565
2.7	-70.3157	-70.408	-70.5024	-70.569	-70.603	-70.6076	-70.5878	-70.5487	-70.4943	-70.4281	-70.3523	-70.269	-70.1793	-70.0842	-69.9844	-69.8801	-69.7717	-69.6593	-69.5429	-69.4227	-69.2986	-69.1708	-69.0393	-68.9045	-68.7668	-68.6272	-68.4866	-68.3469	-68.2105	-68.0806	-67.9615	-67.8583	-67.7768	-67.7222	-67.698	-67.7064
2.705	-70.3348	-70.4272	-70.5216	-70.5884	-70.6226	-70.6275	-70.6081	-70.5695	-70.5156	-70.4499	-70.3747	-70.292	-70.203	-70.1086	-70.0095	-69.906	-69.7985	-69.6869	-69.5715	-69.4523	-69.3292	-69.2024	-69.0721	-68.9386	-68.8023	-68.664	-68.5249	-68.3867	-68.2518	-68.1235	-68.0059	-67.9042	-67.824	-67.7704	-67.7469	-67.7557
2.71	-70.3537	-70.4462	-70.5407	-70.6076	-70.6421	-70.6473	-70.6283	-70.5901	-70.5368	-70.4716	-70.397	-70.3149	-70.2266	-70.1329	-70.0345	-69.9318	-69.825	-69.7144	-69.5999	-69.4816	-69.3595	-69.2339	-69.1047	-68.9724	-68.8373	-68.7004	-68.5628	-68.426	-68.2927	-68.1658	-68.0498	-67.9495	-67.8706	-67.8181	-67.7953	-67.8043
2.715	-70.3726	-70.4651	-70.5597	-70.6268	-70.6615	-70.667	-70.6484	-70.6106	-70.5578	-70.4931	-70.4191	-70.3376	-70.2499	-70.1569	-70.0593	-69.9573	-69.8514	-69.7416	-69.628	-69.5106	-69.3896	-69.265	-69.137	-69.0059	-68.8721	-68.7365	-68.6003	-68.465	-68.3331	-68.2078	-68.0932	-67.9943	-67.9167	-67.8652	-67.8431	-67.8524
2.72	-70.3913	-70.484	-70.5786	-70.6458	-70.6807	-70.6866	-70.6684	-70.631	-70.5786	-70.5145	-70.4411	-70.3602	-70.2732	-70.1808	-70.0839	-69.9827	-69.8775	-69.7686	-69.6559	-69.5395	-69.4195	-69.2959	-69.169	-69.0391	-68.9066	-68.7723	-68.6374	-68.5036	-68.3731	-68.2493	-68.1361	-68.0386	-67.9622	-67.9117	-67.8903	-67.9
2.725	-70.41	-70.5027	-70.5974	-70.6647	-70.6999	-70.706	-70.6882	-70.6513	-70.5994	-70.5358	-70.4629	-70.3826	-70.2962	-70.2046	-70.1083	-70.0079	-69.9035	-69.7954	-69.6836	-69.5681	-69.4491	-69.3266	-69.2008	-69.072	-68.9407	-68.8077	-68.6742	-68.5417	-68.4128	-68.2904	-68.1786	-68.0825	-68.0072	-67.9577	-67.937	-67.947
2.73	-70.4285	-70.5213	-70.6161	-70.6835	-70.7189	-70.7254	-70.7079	-70.6714	-70.62	-70.5569	-70.4846	-70.4049	-70.3191	-70.2281	-70.1326	-70.0329	-69.9293	-69.822	-69.711	-69.5965	-69.4784	-69.3569	-69.2322	-69.1046	-68.9745	-68.8428	-68.7106	-68.5796	-68.452	-68.331	-68.2207	-68.1258	-68.0518	-68.0032	-67.9831	-67.9934
2.735	-70.4469	-70.5398	-70.6347	-70.7022	-70.7378	-70.7446	-70.7275	-70.6914	-70.6405	-70.5779	-70.5062	-70.4271	-70.3419	-70.2515	-70.1567	-70.0577	-69.9549	-69.8484	-69.7383	-69.6246	-69.5075	-69.3871	-69.2634	-69.1369	-69.008	-68.8776	-68.7467	-68.617	-68.4908	-68.3712	-68.2623	-68.1687	-68.0958	-68.0482	-68.0288	-68.0393
2.74	-70.4653	-70.5582	-70.6531	-70.7208	-70.7567	-70.7637	-70.747	-70.7113	-70.6609	-70.5988	-70.5276	-70.4491	-70.3645	-70.2748	-70.1806	-70.0824	-69.9803	-69.8746	-69.7653	-69.6526	-69.5364	-69.4169	-69.2944	-69.169	-69.0413	-68.912	-68.7824	-68.6541	-68.5293	-68.4111	-68.3034	-68.2111	-68.1394	-68.0926	-68.0738	-68.0846
2.745	-70.4835	-70.5765	-70.6715	-70.7393	-70.7754	-70.7827	-70.7663	-70.7311	-70.6811	-70.6195	-70.5489	-70.4709	-70.3869	-70.2979	-70.2044	-70.1068	-70.0055	-69.9006	-69.7922	-69.6803	-69.5651	-69.4466	-69.325	-69.2007	-69.0742	-68.9462	-68.8178	-68.6908	-68.5673	-68.4505	-68.3442	-68.2531	-68.1824	-68.1366	-68.1184	-68.1295
2.75	-70.5016	-70.5947	-70.6898	-70.7577	-70.794	-70.8016	-70.7856	-70.7508	-70.7012	-70.6402	-70.57	-70.4926	-70.4092	-70.3208	-70.228	-70.1311	-70.0306	-69.9264	-69.8188	-69.7078	-69.5935	-69.476	-69.3555	-69.2322	-69.1068	-68.98	-68.8529	-68.7272	-68.605	-68.4895	-68.3845	-68.2946	-68.225	-68.1801	-68.1625	-68.1738
2.755	-70.5196	-70.6128	-70.7079	-70.776	-70.8125	-70.8204	-70.8047	-70.7703	-70.7212	-70.6606	-70.591	-70.5142	-70.4314	-70.3436	-70.2514	-70.1553	-70.0554	-69.952	-69.8452	-69.7351	-69.6217	-69.5051	-69.3856	-69.2635	-69.1392	-69.0136	-68.8877	-68.7632	-68.6423	-68.5281	-68.4244	-68.3357	-68.2672	-68.2231	-68.2061	-68.2176
2.76	-70.5376	-70.6308	-70.726	-70.7942	-70.8309	-70.8391	-70.8238	-70.7898	-70.7411	-70.681	-70.6119	-70.5356	-70.4534	-70.3662	-70.2747	-70.1792	-70.0801	-69.9775	-69.8715	-69.7622	-69.6497	-69.5341	-69.4155	-69.2944	-69.1713	-69.0468	-68.9221	-68.7989	-68.6793	-68.5664	-68.4639	-68.3764	-68.3089	-68.2657	-68.2492	-68.261
2.765	-70.5554	-70.6487	-70.7439	-70.8123	-70.8492	-70.8577	-70.8427	-70.8091	-70.7609	-70.7012	-70.6327	-70.5569	-70.4753	-70.3887	-70.2978	-70.203	-70.1046	-70.0027	-69.8975	-69.7891	-69.6774	-69.5628	-69.4452	-69.3251	-69.2031	-69.0797	-68.9563	-68.8343	-68.7159	-68.6042	-68.503	-68.4166	-68.3502	-68.3077	-68.2918	-68.3038
2.77	-70.5731	-70.6665	-70.7618	-70.8303	-70.8674	-70.8761	-70.8615	-70.8283	-70.7805	-70.7214	-70.6533	-70.5781	-70.497	-70.411	-70.3208	-70.2267	-70.1289	-70.0278	-69.9234	-69.8158	-69.705	-69.5912	-69.4746	-69.3556	-69.2346	-69.1124	-68.9901	-68.8693	-68.7522	-68.6417	-68.5417	-68.4565	-68.391	-68.3494	-68.334	-68.3463
2.775	-70.5907	-70.6842	-70.7796	-70.8482	-70.8855	-70.8945	-70.8802	-70.8474	-70.8	-70.7414	-70.6738	-70.5991	-70.5186	-70.4332	-70.3436	-70.2501	-70.1531	-70.0527	-69.9491	-69.8422	-69.7323	-69.6195	-69.5038	-69.3858	-69.2659	-69.1447	-69.0236	-68.904	-68.7881	-68.6789	-68.58	-68.4959	-68.4314	-68.3906	-68.3757	-68.3882
2.78	-70.6083	-70.7018	-70.7972	-70.866	-70.9035	-70.9128	-70.8988	-70.8664	-70.8194	-70.7612	-70.6942	-70.62	-70.5401	-70.4553	-70.3663	-70.2734	-70.1771	-70.0774	-69.9745	-69.8685	-69.7594	-69.6475	-69.5328	-69.4158	-69.2968	-69.1768	-69.0568	-68.9384	-68.8237	-68.7156	-68.6179	-68.5349	-68.4714	-68.4313	-68.417	-68.4297
2.785	-70.6257	-70.7193	-70.8148	-70.8837	-70.9214	-70.931	-70.9173	-70.8852	-70.8387	-70.781	-70.7144	-70.6408	-70.5614	-70.4772	-70.3888	-70.2966	-70.2009	-70.102	-69.9998	-69.8946	-69.7864	-69.6753	-69.5615	-69.4455	-69.3276	-69.2086	-69.0897	-68.9725	-68.8589	-68.7521	-68.6555	-68.5736	-68.5109	-68.4716	-68.4578	-68.4707
2.79	-70.6431	-70.7367	-70.8323	-70.9013	-70.9392	-70.949	-70.9357	-70.904	-70.8579	-70.8006	-70.7345	-70.6614	-70.5826	-70.4989	-70.4111	-70.3196	-70.2246	-70.1263	-70.0249	-69.9205	-69.8131	-69.7029	-69.59	-69.4749	-69.358	-69.2402	-69.1224	-69.0062	-68.8939	-68.7881	-68.6927	-68.6118	-68.5501	-68.5115	-68.4982	-68.5113
2.795	-70.6603	-70.7541	-70.8497	-70.9188	-70.9569	-70.967	-70.954	-70.9227	-70.877	-70.8202	-70.7545	-70.6819	-70.6036	-70.5205	-70.4333	-70.3424	-70.2481	-70.1505	-70.0499	-69.9462	-69.8396	-69.7302	-69.6183	-69.5041	-69.3883	-69.2714	-69.1547	-69.0397	-68.9285	-68.8239	-68.7295	-68.6497	-68.5889	-68.551	-68.5382	-68.5515
2.8	-70.6775	-70.7713	-70.867	-70.9362	-70.9745	-70.9849	-70.9722	-70.9412	-70.896	-70.8396	-70.7744	-70.7023	-70.6245	-70.542	-70.4554	-70.3651	-70.2714	-70.1746	-70.0746	-69.9717	-69.8659	-69.7574	-69.6463	-69.5331	-69.4182	-69.3024	-69.1868	-69.0728	-68.9627	-68.8593	-68.766	-68.6871	-68.6273	-68.5901	-68.5778	-68.5912
2.805	-70.6946	-70.7885	-70.8842	-70.9536	-70.992	-71.0026	-70.9903	-70.9597	-70.9148	-70.8588	-70.7942	-70.7226	-70.6453	-70.5634	-70.4773	-70.3876	-70.2946	-70.1984	-70.0992	-69.997	-69.892	-69.7843	-69.6742	-69.5619	-69.448	-69.3332	-69.2186	-69.1057	-68.9967	-68.8943	-68.8021	-68.7243	-68.6653	-68.6288	-68.6169	-68.6306
2.81	-70.7116	-70.8055	-70.9013	-70.9708	-71.0094	-71.0203	-71.0083	-70.978	-70.9336	-70.878	-70.8138	-70.7427	-70.666	-70.5846	-70.4991	-70.41	-70.3176	-70.2221	-70.1236	-70.0222	-69.9179	-69.8111	-69.7018	-69.5904	-69.4774	-69.3636	-69.2501	-69.1383	-69.0304	-68.9291	-68.8379	-68.761	-68.7029	-68.6671	-68.6557	-68.6695
2.815	-70.7285	-70.8225	-70.9184	-70.988	-71.0268	-71.0379	-71.0262	-70.9963	-70.9522	-70.8971	-70.8334	-70.7627	-70.6865	-70.6057	-70.5208	-70.4323	-70.3405	-70.2456	-70.1478	-70.0471	-69.9437	-69.8376	-69.7292	-69.6187	-69.5067	-69.3939	-69.2813	-69.1706	-69.0637	-68.9635	-68.8733	-68.7974	-68.7401	-68.705	-68.694	-68.708
2.82	-70.7453	-70.8394	-70.9353	-71.005	-71.044	-71.0554	-71.044	-71.0144	-70.9707	-70.9161	-70.8528	-70.7826	-70.7069	-70.6266	-70.5423	-70.4544	-70.3632	-70.269	-70.1719	-70.0719	-69.9692	-69.864	-69.7564	-69.6468	-69.5357	-69.4238	-69.3123	-69.2026	-69.0968	-68.9976	-68.9085	-68.8335	-68.777	-68.7426	-68.732	-68.7462
2.825	-70.762	-70.8562	-70.9522	-71.022	-71.0612	-71.0728	-71.0617	-71.0325	-70.9892	-70.9349	-70.8721	-70.8024	-70.7272	-70.6474	-70.5636	-70.4763	-70.3858	-70.2922	-70.1958	-70.0965	-69.9946	-69.8901	-69.7834	-69.6746	-69.5645	-69.4536	-69.343	-69.2343	-69.1296	-69.0314	-68.9432	-68.8692	-68.8135	-68.7797	-68.7696	-68.7839
2.83	-70.7787	-70.8729	-70.9689	-71.0388	-71.0782	-71.0901	-71.0793	-71.0504	-71.0075	-70.9537	-70.8913	-70.8221	-70.7474	-70.6681	-70.5849	-70.4981	-70.4082	-70.3153	-70.2195	-70.1209	-70.0198	-69.9161	-69.8101	-69.7023	-69.593	-69.483	-69.3735	-69.2658	-69.162	-69.0649	-68.9777	-68.9046	-68.8497	-68.8165	-68.8068	-68.8213
2.835	-70.7953	-70.8895	-70.9856	-71.0556	-71.0952	-71.1073	-71.0968	-71.0683	-71.0257	-70.9723	-70.9103	-70.8416	-70.7674	-70.6886	-70.606	-70.5198	-70.4305	-70.3382	-70.243	-70.1452	-70.0447	-69.9418	-69.8367	-69.7297	-69.6213	-69.5123	-69.4037	-69.297	-69.1942	-69.0981	-69.0119	-68.9396	-68.8855	-68.8529	-68.8436	-68.8583
2.84	-70.8117	-70.9061	-71.0022	-71.0723	-71.1121	-71.1244	-71.1142	-71.086	-71.0439	-70.9908	-70.9293	-70.861	-70.7873	-70.7091	-70.6269	-70.5413	-70.4526	-70.3609	-70.2665	-70.1693	-70.0696	-69.9674	-69.8631	-69.7569	-69.6494	-69.5413	-69.4336	-69.3279	-69.2261	-69.131	-69.0457	-68.9743	-68.921	-68.889	-68.8801	-68.8949
2.845	-70.8281	-70.9226	-71.0187	-71.089	-71.1289	-71.1414	-71.1315	-71.1037	-71.0619	-71.0093	-70.9482	-70.8804	-70.8071	-70.7294	-70.6478	-70.5627	-70.4746	-70.3835	-70.2897	-70.1932	-70.0942	-69.9928	-69.8893	-69.7839	-69.6773	-69.5701	-69.4633	-69.3586	-69.2578	-69.1635	-69.0792	-69.0087	-68.9561	-68.9248	-68.9162	-68.9312
2.85	-70.8445	-70.9389	-71.0352	-71.1055	-71.1456	-71.1584	-71.1487	-71.1212	-71.0798	-71.0276	-70.9669	-70.8996	-70.8268	-70.7496	-70.6685	-70.584	-70.4964	-70.406	-70.3128	-70.217	-70.1187	-70.018	-69.9153	-69.8107	-69.7049	-69.5986	-69.4928	-69.389	-69.2891	-69.1959	-69.1124	-69.0428	-68.9909	-68.9602	-68.952	-68.9671
2.855	-70.8607	-70.9552	-71.0515	-71.122	-71.1622	-71.1752	-71.1659	-71.1387	-71.0976	-71.0458	-70.9856	-70.9187	-70.8464	-70.7696	-70.6891	-70.6051	-70.5181	-70.4283	-70.3357	-70.2406	-70.143	-70.043	-69.941	-69.8373	-69.7324	-69.6269	-69.522	-69.4192	-69.3202	-69.2279	-69.1454	-69.0766	-69.0254	-68.9952	-68.9874	-69.0027
2.86	-70.8768	-70.9715	-71.0678	-71.1383	-71.1787	-71.192	-71.1829	-71.1561	-71.1154	-71.0639	-71.0041	-70.9376	-70.8658	-70.7896	-70.7095	-70.6261	-70.5397	-70.4504	-70.3585	-70.264	-70.1671	-70.0679	-69.9666	-69.8637	-69.7596	-69.655	-69.551	-69.4491	-69.3511	-69.2596	-69.178	-69.11	-69.0596	-69.0299	-69.0225	-69.0379
2.865	-70.8929	-70.9876	-71.084	-71.1546	-71.1952	-71.2087	-71.1999	-71.1733	-71.133	-71.082	-71.0226	-70.9565	-70.8852	-70.8094	-70.7298	-70.647	-70.5611	-70.4724	-70.3811	-70.2873	-70.191	-70.0925	-69.9921	-69.8899	-69.7866	-69.6829	-69.5798	-69.4787	-69.3816	-69.2911	-69.2104	-69.1432	-69.0934	-69.0643	-69.0573	-69.0728
2.87	-70.9089	-71.0036	-71.1001	-71.1708	-71.2116	-71.2253	-71.2167	-71.1905	-71.1506	-71.0999	-71.0409	-70.9753	-70.9044	-70.8291	-70.75	-70.6677	-70.5824	-70.4943	-70.4036	-70.3104	-70.2148	-70.117	-70.0173	-69.9159	-69.8134	-69.7106	-69.6083	-69.5081	-69.412	-69.3223	-69.2424	-69.176	-69.127	-69.0984	-69.0917	-69.1074
2.875	-70.9248	-71.0196	-71.1161	-71.187	-71.2279	-71.2418	-71.2335	-71.2076	-71.168	-71.1177	-71.0591	-70.9939	-70.9235	-70.8487	-70.7701	-70.6883	-70.6036	-70.516	-70.4259	-70.3333	-70.2384	-70.1414	-70.0423	-69.9417	-69.84	-69.738	-69.6366	-69.5373	-69.442	-69.3533	-69.2742	-69.2086	-69.1602	-69.1322	-69.1258	-69.1416
2.88	-70.9407	-71.0355	-71.1321	-71.203	-71.2441	-71.2582	-71.2502	-71.2246	-71.1854	-71.1355	-71.0772	-71.0125	-70.9425	-70.8681	-70.7901	-70.7088	-70.6246	-70.5376	-70.4481	-70.3561	-70.2619	-70.1655	-70.0672	-69.9674	-69.8665	-69.7652	-69.6647	-69.5663	-69.4718	-69.3839	-69.3057	-69.2409	-69.1932	-69.1656	-69.1596	-69.1755
2.885	-70.9564	-71.0514	-71.1479	-71.219	-71.2602	-71.2746	-71.2668	-71.2416	-71.2026	-71.1531	-71.0953	-71.031	-70.9614	-70.8875	-70.8099	-70.7292	-70.6455	-70.5591	-70.4701	-70.3788	-70.2852	-70.1895	-70.0919	-69.9928	-69.8927	-69.7923	-69.6925	-69.595	-69.5014	-69.4144	-69.337	-69.2728	-69.2258	-69.1988	-69.1931	-69.2091
2.89	-70.9721	-71.0671	-71.1637	-71.2349	-71.2762	-71.2908	-71.2834	-71.2584	-71.2198	-71.1706	-71.1132	-71.0493	-70.9802	-70.9067	-70.8297	-70.7494	-70.6662	-70.5804	-70.492	-70.4013	-70.3083	-70.2133	-70.1164	-70.0181	-69.9187	-69.8191	-69.7202	-69.6234	-69.5307	-69.4445	-69.3679	-69.3046	-69.2581	-69.2316	-69.2263	-69.2424
2.895	-70.9877	-71.0828	-71.1795	-71.2507	-71.2922	-71.307	-71.2998	-71.2752	-71.2369	-71.1881	-71.1311	-71.0676	-70.9989	-70.9259	-70.8493	-70.7695	-70.6869	-70.6016	-70.5138	-70.4237	-70.3313	-70.2369	-70.1408	-70.0431	-69.9445	-69.8457	-69.7476	-69.6517	-69.5598	-69.4744	-69.3986	-69.336	-69.2902	-69.2642	-69.2591	-69.2754
2.9	-71.0033	-71.0984	-71.1951	-71.2664	-71.3081	-71.3231	-71.3162	-71.2918	-71.2539	-71.2054	-71.1488	-71.0857	-71.0174	-70.9449	-70.8688	-70.7895	-70.7074	-70.6226	-70.5354	-70.4459	-70.3542	-70.2604	-70.1649	-70.068	-69.9702	-69.8721	-69.7748	-69.6797	-69.5887	-69.5041	-69.4291	-69.3671	-69.322	-69.2964	-69.2917	-69.3081
2.905	-71.0188	-71.1139	-71.2107	-71.2821	-71.3239	-71.3391	-71.3325	-71.3084	-71.2708	-71.2227	-71.1664	-71.1037	-71.0359	-70.9638	-70.8881	-70.8093	-70.7277	-70.6435	-70.5569	-70.4679	-70.3768	-70.2838	-70.1889	-70.0927	-69.9956	-69.8983	-69.8018	-69.7075	-69.6173	-69.5335	-69.4593	-69.398	-69.3535	-69.3284	-69.324	-69.3404
2.91	-71.0341	-71.1294	-71.2262	-71.2977	-71.3397	-71.3551	-71.3487	-71.3249	-71.2876	-71.2399	-71.184	-71.1217	-71.0543	-70.9826	-70.9074	-70.8291	-70.748	-70.6643	-70.5782	-70.4899	-70.3994	-70.3069	-70.2128	-70.1173	-70.0209	-69.9243	-69.8286	-69.7351	-69.6457	-69.5627	-69.4892	-69.4287	-69.3847	-69.3601	-69.356	-69.3725
2.915	-71.0495	-71.1448	-71.2416	-71.3132	-71.3553	-71.371	-71.3648	-71.3413	-71.3043	-71.2569	-71.2014	-71.1395	-71.0725	-71.0013	-70.9266	-70.8487	-70.7681	-70.685	-70.5994	-70.5116	-70.4217	-70.3299	-70.2365	-70.1416	-70.046	-69.9501	-69.8552	-69.7625	-69.6738	-69.5916	-69.5189	-69.459	-69.4157	-69.3915	-69.3877	-69.4043
2.92	-71.0647	-71.1601	-71.257	-71.3286	-71.3709	-71.3868	-71.3808	-71.3576	-71.321	-71.2739	-71.2188	-71.1573	-71.0907	-71.0199	-70.9456	-70.8682	-70.7881	-70.7055	-70.6205	-70.5333	-70.444	-70.3528	-70.26	-70.1658	-70.0709	-69.9758	-69.8816	-69.7897	-69.7018	-69.6203	-69.5483	-69.4892	-69.4464	-69.4227	-69.4191	-69.4359
2.925	-71.0799	-71.1753	-71.2722	-71.344	-71.3864	-71.4025	-71.3968	-71.3739	-71.3375	-71.2908	-71.2361	-71.1749	-71.1087	-71.0384	-70.9645	-70.8876	-70.808	-70.7259	-70.6414	-70.5548	-70.4661	-70.3755	-70.2833	-70.1898	-70.0956	-70.0012	-69.9078	-69.8166	-69.7295	-69.6488	-69.5775	-69.519	-69.4768	-69.4535	-69.4502	-69.4671
2.93	-71.095	-71.1905	-71.2874	-71.3593	-71.4019	-71.4181	-71.4127	-71.39	-71.354	-71.3077	-71.2532	-71.1925	-71.1267	-71.0568	-70.9834	-70.9069	-70.8278	-70.7462	-70.6622	-70.5761	-70.488	-70.3981	-70.3065	-70.2137	-70.1201	-70.0265	-69.9338	-69.8434	-69.757	-69.6771	-69.6065	-69.5486	-69.507	-69.4841	-69.4811	-69.4981
2.935	-71.1101	-71.2056	-71.3026	-71.3745	-71.4172	-71.4337	-71.4285	-71.4061	-71.3704	-71.3244	-71.2703	-71.21	-71.1446	-71.0751	-71.0021	-70.9261	-70.8475	-70.7663	-70.6829	-70.5974	-70.5098	-70.4205	-70.3295	-70.2374	-70.1445	-70.0516	-69.9596	-69.8699	-69.7843	-69.7051	-69.6352	-69.578	-69.5369	-69.5145	-69.5117	-69.5288
2.94	-71.125	-71.2206	-71.3176	-71.3897	-71.4325	-71.4492	-71.4442	-71.4221	-71.3867	-71.341	-71.2873	-71.2273	-71.1623	-71.0932	-71.0207	-70.9452	-70.867	-70.7864	-70.7035	-70.6185	-70.5315	-70.4427	-70.3524	-70.2609	-70.1687	-70.0765	-69.9852	-69.8963	-69.8114	-69.7329	-69.6637	-69.6071	-69.5666	-69.5446	-69.5421	-69.5592
2.945	-71.14	-71.2356	-71.3326	-71.4048	-71.4477	-71.4646	-71.4598	-71.438	-71.403	-71.3576	-71.3042	-71.2446	-71.18	-71.1113	-71.0392	-70.9641	-70.8864	-70.8063	-70.7239	-70.6394	-70.553	-70.4648	-70.3751	-70.2843	-70.1927	-70.1012	-70.0107	-69.9224	-69.8383	-69.7605	-69.692	-69.636	-69.596	-69.5744	-69.5722	-69.5894
2.95	-71.1548	-71.2505	-71.3476	-71.4198	-71.4629	-71.4799	-71.4754	-71.4539	-71.4191	-71.3741	-71.3211	-71.2618	-71.1976	-71.1293	-71.0576	-70.983	-70.9057	-70.8261	-70.7442	-70.6603	-70.5744	-70.4868	-70.3977	-70.3075	-70.2166	-70.1257	-70.0359	-69.9484	-69.8649	-69.7879	-69.72	-69.6647	-69.6252	-69.604	-69.602	-69.6193
2.955	-71.1696	-71.2653	-71.3624	-71.4347	-71.478	-71.4952	-71.4909	-71.4697	-71.4352	-71.3904	-71.3378	-71.2789	-71.2151	-71.1472	-71.0759	-71.0017	-70.9249	-70.8457	-70.7644	-70.681	-70.5956	-70.5086	-70.4201	-70.3305	-70.2403	-70.1501	-70.061	-69.9741	-69.8914	-69.815	-69.7478	-69.6931	-69.6541	-69.6333	-69.6316	-69.649
2.96	-71.1843	-71.28	-71.3772	-71.4496	-71.493	-71.5104	-71.5063	-71.4854	-71.4512	-71.4068	-71.3544	-71.2959	-71.2325	-71.165	-71.0941	-71.0204	-70.944	-70.8653	-70.7844	-70.7015	-70.6168	-70.5303	-70.4424	-70.3534	-70.2638	-70.1743	-70.0858	-69.9997	-69.9177	-69.842	-69.7754	-69.7213	-69.6828	-69.6624	-69.6609	-69.6784
2.965	-71.1989	-71.2947	-71.392	-71.4644	-71.5079	-71.5255	-71.5217	-71.501	-71.4671	-71.423	-71.371	-71.3128	-71.2498	-71.1827	-71.1122	-71.0389	-70.963	-70.8848	-70.8044	-70.722	-70.6377	-70.5519	-70.4645	-70.3762	-70.2872	-70.1983	-70.1105	-70.0251	-69.9437	-69.8687	-69.8028	-69.7493	-69.7113	-69.6913	-69.69	-69.7075
2.97	-71.2135	-71.3094	-71.4066	-71.4791	-71.5228	-71.5406	-71.537	-71.5165	-71.4829	-71.4391	-71.3875	-71.3297	-71.267	-71.2003	-71.1302	-71.0573	-70.9819	-70.9041	-70.8242	-70.7423	-70.6586	-70.5733	-70.4865	-70.3988	-70.3104	-70.2222	-70.1351	-70.0503	-69.9696	-69.8953	-69.83	-69.777	-69.7395	-69.7199	-69.7188	-69.7365
2.975	-71.228	-71.3239	-71.4212	-71.4938	-71.5376	-71.5555	-71.5522	-71.532	-71.4987	-71.4552	-71.4039	-71.3464	-71.2841	-71.2178	-71.1481	-71.0756	-71.0006	-70.9233	-70.8439	-70.7625	-70.6793	-70.5945	-70.5084	-70.4212	-70.3335	-70.2459	-70.1594	-70.0753	-69.9953	-69.9216	-69.857	-69.8046	-69.7675	-69.7482	-69.7475	-69.7651
2.98	-71.2425	-71.3384	-71.4358	-71.5084	-71.5523	-71.5705	-71.5673	-71.5474	-71.5143	-71.4712	-71.4202	-71.3631	-71.3011	-71.2352	-71.1659	-71.0939	-71.0193	-70.9424	-70.8635	-70.7826	-70.6999	-70.6157	-70.5301	-70.4435	-70.3564	-70.2694	-70.1836	-70.1002	-70.0208	-69.9478	-69.8837	-69.8319	-69.7953	-69.7764	-69.7758	-69.7936
2.985	-71.2569	-71.3529	-71.4502	-71.523	-71.567	-71.5853	-71.5824	-71.5627	-71.5299	-71.4871	-71.4364	-71.3797	-71.318	-71.2525	-71.1836	-71.112	-71.0378	-70.9614	-70.8829	-70.8026	-70.7204	-70.6367	-70.5516	-70.4656	-70.3791	-70.2928	-70.2076	-70.1248	-70.0461	-69.9737	-69.9103	-69.859	-69.8229	-69.8043	-69.804	-69.8218
2.99	-71.2712	-71.3672	-71.4646	-71.5374	-71.5816	-71.6001	-71.5974	-71.5779	-71.5455	-71.5029	-71.4526	-71.3961	-71.3349	-71.2697	-71.2013	-71.13	-71.0563	-70.9803	-70.9023	-70.8224	-70.7407	-70.6576	-70.5731	-70.4876	-70.4017	-70.316	-70.2315	-70.1493	-70.0713	-69.9995	-69.9366	-69.8859	-69.8502	-69.832	-69.8319	-69.8498
2.995	-71.2854	-71.3816	-71.479	-71.5519	-71.5962	-71.6148	-71.6123	-71.5931	-71.5609	-71.5187	-71.4687	-71.4126	-71.3517	-71.2868	-71.2188	-71.1479	-71.0746	-70.9991	-70.9215	-70.8421	-70.761	-70.6783	-70.5944	-70.5095	-70.4242	-70.3391	-70.2551	-70.1736	-70.0962	-70.025	-69.9628	-69.9125	-69.8774	-69.8595	-69.8596	-69.8775
3	-71.2997	-71.3958	-71.4933	-71.5662	-71.6106	-71.6295	-71.6272	-71.6082	-71.5763	-71.5343	-71.4846	-71.4289	-71.3683	-71.3039	-71.2362	-71.1657	-71.0929	-71.0178	-70.9407	-70.8617	-70.7811	-70.6989	-70.6155	-70.5312	-70.4465	-70.362	-70.2787	-70.1978	-70.121	-70.0504	-69.9887	-69.939	-69.9043	-69.8868	-69.8871	-69.9051
3.005	-71.3138	-71.41	-71.5075	-71.5805	-71.6251	-71.644	-71.642	-71.6233	-71.5916	-71.5499	-71.5006	-71.4451	-71.3849	-71.3208	-71.2535	-71.1835	-71.111	-71.0363	-70.9597	-70.8812	-70.8011	-70.7194	-70.6366	-70.5528	-70.4686	-70.3847	-70.302	-70.2217	-70.1456	-70.0756	-70.0145	-69.9653	-69.931	-69.9138	-69.9143	-69.9324
3.01	-71.3279	-71.4241	-71.5216	-71.5947	-71.6394	-71.6586	-71.6567	-71.6382	-71.6068	-71.5655	-71.5164	-71.4613	-71.4014	-71.3377	-71.2708	-71.2011	-71.129	-71.0548	-70.9786	-70.9006	-70.8209	-70.7398	-70.6574	-70.5742	-70.4906	-70.4073	-70.3252	-70.2455	-70.17	-70.1006	-70.0401	-69.9914	-69.9575	-69.9407	-69.9414	-69.9595
3.015	-71.3419	-71.4382	-71.5357	-71.6089	-71.6537	-71.673	-71.6714	-71.6531	-71.622	-71.5809	-71.5322	-71.4774	-71.4178	-71.3545	-71.2879	-71.2186	-71.147	-71.0732	-70.9974	-70.9198	-70.8407	-70.76	-70.6782	-70.5955	-70.5125	-70.4298	-70.3483	-70.2692	-70.1942	-70.1254	-70.0655	-70.0173	-69.9838	-69.9673	-69.9682	-69.9864
3.02	-71.3559	-71.4522	-71.5498	-71.623	-71.6679	-71.6874	-71.686	-71.668	-71.6371	-71.5963	-71.5478	-71.4934	-71.4342	-71.3712	-71.305	-71.2361	-71.1648	-71.0914	-71.0161	-70.939	-70.8603	-70.7801	-70.6988	-70.6167	-70.5342	-70.4521	-70.3711	-70.2927	-70.2183	-70.1501	-70.0907	-70.043	-70.01	-69.9937	-69.9948	-70.013
3.025	-71.3698	-71.4662	-71.5638	-71.637	-71.6821	-71.7017	-71.7005	-71.6827	-71.6521	-71.6116	-71.5634	-71.5093	-71.4504	-71.3878	-71.322	-71.2534	-71.1826	-71.1096	-71.0347	-70.958	-70.8798	-70.8001	-70.7194	-70.6377	-70.5558	-70.4742	-70.3939	-70.316	-70.2422	-70.1745	-70.1157	-70.0685	-70.0359	-70.02	-70.0212	-70.0395
3.03	-71.3836	-71.48	-71.5777	-71.651	-71.6962	-71.716	-71.7149	-71.6974	-71.6671	-71.6268	-71.579	-71.5252	-71.4666	-71.4043	-71.3388	-71.2707	-71.2002	-71.1276	-71.0532	-70.977	-70.8992	-70.82	-70.7397	-70.6587	-70.5773	-70.4962	-70.4165	-70.3391	-70.2659	-70.1988	-70.1405	-70.0938	-70.0616	-70.046	-70.0474	-70.0658
3.035	-71.3974	-71.4939	-71.5915	-71.6649	-71.7102	-71.7302	-71.7293	-71.7121	-71.682	-71.642	-71.5944	-71.5409	-71.4827	-71.4207	-71.3556	-71.2879	-71.2178	-71.1456	-71.0716	-70.9958	-70.9185	-70.8398	-70.76	-70.6794	-70.5986	-70.5181	-70.4389	-70.3621	-70.2895	-70.223	-70.1652	-70.1189	-70.0871	-70.0718	-70.0734	-70.0918
3.04	-71.4112	-71.5077	-71.6053	-71.6788	-71.7242	-71.7443	-71.7437	-71.7266	-71.6968	-71.6571	-71.6098	-71.5566	-71.4987	-71.4371	-71.3723	-71.3049	-71.2352	-71.1635	-71.0898	-71.0145	-70.9376	-70.8594	-70.7801	-70.7001	-70.6198	-70.5398	-70.4612	-70.385	-70.3129	-70.2469	-70.1896	-70.1439	-70.1125	-70.0974	-70.0992	-70.1177
3.045	-71.4248	-71.5214	-71.6191	-71.6926	-71.7381	-71.7584	-71.7579	-71.7411	-71.7115	-71.6721	-71.6251	-71.5722	-71.5147	-71.4534	-71.389	-71.3219	-71.2526	-71.1812	-71.108	-71.0331	-70.9567	-70.879	-70.8001	-70.7206	-70.6408	-70.5614	-70.4833	-70.4077	-70.3361	-70.2707	-70.2139	-70.1686	-70.1376	-70.1229	-70.1249	-70.1434
3.05	-71.4385	-71.535	-71.6328	-71.7064	-71.752	-71.7724	-71.7722	-71.7555	-71.7262	-71.6871	-71.6404	-71.5878	-71.5305	-71.4696	-71.4055	-71.3388	-71.2699	-71.1989	-71.1261	-71.0516	-70.9757	-70.8984	-70.82	-70.741	-70.6617	-70.5829	-70.5053	-70.4302	-70.3592	-70.2943	-70.2381	-70.1932	-70.1626	-70.1481	-70.1503	-70.1688
3.055	-71.452	-71.5487	-71.6464	-71.7201	-71.7658	-71.7864	-71.7863	-71.7699	-71.7408	-71.702	-71.6555	-71.6032	-71.5463	-71.4857	-71.422	-71.3556	-71.2871	-71.2165	-71.1441	-71.07	-70.9945	-70.9177	-70.8398	-70.7613	-70.6825	-70.6042	-70.5271	-70.4526	-70.3822	-70.3178	-70.262	-70.2176	-70.1874	-70.1732	-70.1755	-70.1941
3.06	-71.4655	-71.5622	-71.66	-71.7337	-71.7795	-71.8002	-71.8004	-71.7842	-71.7554	-71.7168	-71.6706	-71.6186	-71.562	-71.5017	-71.4383	-71.3724	-71.3042	-71.234	-71.162	-71.0883	-71.0132	-70.9369	-70.8595	-70.7814	-70.7032	-70.6253	-70.5488	-70.4749	-70.4049	-70.3411	-70.2858	-70.2419	-70.212	-70.1981	-70.2006	-70.2192
3.065	-71.479	-71.5757	-71.6735	-71.7473	-71.7932	-71.8141	-71.8144	-71.7985	-71.7699	-71.7315	-71.6857	-71.634	-71.5777	-71.5177	-71.4546	-71.389	-71.3212	-71.2514	-71.1797	-71.1065	-71.0319	-70.9559	-70.879	-70.8014	-70.7237	-70.6464	-70.5704	-70.497	-70.4276	-70.3642	-70.3094	-70.2659	-70.2364	-70.2228	-70.2254	-70.2441
3.07	-71.4924	-71.5891	-71.687	-71.7608	-71.8068	-71.8279	-71.8284	-71.8126	-71.7843	-71.7462	-71.7006	-71.6492	-71.5932	-71.5335	-71.4708	-71.4056	-71.3381	-71.2687	-71.1974	-71.1246	-71.0504	-70.9749	-70.8984	-70.8214	-70.7441	-70.6673	-70.5918	-70.5189	-70.45	-70.3872	-70.3329	-70.2898	-70.2607	-70.2473	-70.2501	-70.2688
3.075	-71.5058	-71.6025	-71.7004	-71.7743	-71.8204	-71.8416	-71.8423	-71.8268	-71.7986	-71.7608	-71.7155	-71.6644	-71.6087	-71.5493	-71.487	-71.4221	-71.3549	-71.2859	-71.215	-71.1426	-71.0688	-70.9938	-70.9178	-70.8411	-70.7644	-70.6881	-70.6131	-70.5407	-70.4724	-70.4101	-70.3562	-70.3135	-70.2847	-70.2716	-70.2746	-70.2933
3.08	-71.5191	-71.6159	-71.7137	-71.7877	-71.8339	-71.8552	-71.8561	-71.8408	-71.8129	-71.7754	-71.7303	-71.6795	-71.6241	-71.5651	-71.503	-71.4384	-71.3717	-71.303	-71.2325	-71.1605	-71.0871	-71.0125	-70.937	-70.8608	-70.7845	-70.7087	-70.6343	-70.5624	-70.4945	-70.4327	-70.3793	-70.3371	-70.3086	-70.2958	-70.2989	-70.3177
3.085	-71.5323	-71.6291	-71.727	-71.801	-71.8474	-71.8688	-71.8699	-71.8548	-71.8272	-71.7898	-71.7451	-71.6945	-71.6394	-71.5807	-71.519	-71.4547	-71.3883	-71.32	-71.2499	-71.1783	-71.1053	-71.0312	-70.9561	-70.8804	-70.8046	-70.7292	-70.6553	-70.5839	-70.5166	-70.4553	-70.4023	-70.3605	-70.3324	-70.3198	-70.323	-70.3419
3.09	-71.5455	-71.6424	-71.7403	-71.8143	-71.8608	-71.8824	-71.8836	-71.8687	-71.8413	-71.8043	-71.7598	-71.7095	-71.6547	-71.5963	-71.5349	-71.471	-71.4049	-71.3369	-71.2673	-71.196	-71.1235	-71.0497	-70.975	-70.8998	-70.8245	-70.7496	-70.6762	-70.6053	-70.5385	-70.4776	-70.4251	-70.3837	-70.3559	-70.3436	-70.347	-70.3659
3.095	-71.5586	-71.6556	-71.7535	-71.8276	-71.8741	-71.8959	-71.8973	-71.8826	-71.8554	-71.8186	-71.7744	-71.7244	-71.6699	-71.6118	-71.5507	-71.4871	-71.4214	-71.3538	-71.2845	-71.2136	-71.1415	-71.0681	-70.9939	-70.9191	-70.8443	-70.7699	-70.697	-70.6266	-70.5602	-70.4998	-70.4478	-70.4068	-70.3794	-70.3673	-70.3708	-70.3897
3.1	-71.5717	-71.6687	-71.7666	-71.8408	-71.8874	-71.9093	-71.9109	-71.8964	-71.8695	-71.8329	-71.7889	-71.7392	-71.685	-71.6272	-71.5664	-71.5032	-71.4378	-71.3705	-71.3016	-71.2312	-71.1594	-71.0865	-71.0127	-70.9383	-70.8639	-70.7901	-70.7176	-70.6477	-70.5818	-70.5219	-70.4703	-70.4297	-70.4026	-70.3908	-70.3944	-70.4134
3.105	-71.5848	-71.6818	-71.7797	-71.8539	-71.9006	-71.9227	-71.9245	-71.9102	-71.8835	-71.8471	-71.8034	-71.754	-71.7001	-71.6425	-71.5821	-71.5192	-71.4541	-71.3872	-71.3186	-71.2486	-71.1772	-71.1047	-71.0313	-70.9574	-70.8835	-70.8101	-70.7381	-70.6687	-70.6033	-70.5439	-70.4927	-70.4525	-70.4257	-70.4141	-70.4179	-70.4369
3.11	-71.5978	-71.6948	-71.7927	-71.867	-71.9138	-71.936	-71.938	-71.9239	-71.8974	-71.8613	-71.8179	-71.7687	-71.715	-71.6578	-71.5977	-71.5351	-71.4704	-71.4038	-71.3356	-71.2659	-71.1949	-71.1228	-71.0499	-70.9764	-70.9029	-70.83	-70.7585	-70.6895	-70.6246	-70.5657	-70.5149	-70.4751	-70.4486	-70.4372	-70.4412	-70.4602
3.115	-71.6107	-71.7077	-71.8057	-71.88	-71.927	-71.9493	-71.9514	-71.9375	-71.9112	-71.8754	-71.8322	-71.7833	-71.73	-71.673	-71.6132	-71.5509	-71.4865	-71.4203	-71.3525	-71.2831	-71.2125	-71.1409	-71.0683	-70.9953	-70.9223	-70.8498	-70.7788	-70.7103	-70.6458	-70.5873	-70.537	-70.4975	-70.4714	-70.4603	-70.4643	-70.4834
3.12	-71.6236	-71.7207	-71.8187	-71.893	-71.94	-71.9625	-71.9648	-71.9511	-71.925	-71.8895	-71.8465	-71.7979	-71.7448	-71.6882	-71.6286	-71.5667	-71.5026	-71.4367	-71.3692	-71.3003	-71.2301	-71.1588	-71.0867	-71.0141	-70.9415	-70.8695	-70.7989	-70.7309	-70.6669	-70.6088	-70.5589	-70.5198	-70.494	-70.4831	-70.4873	-70.5063
3.125	-71.6365	-71.7335	-71.8315	-71.906	-71.9531	-71.9757	-71.9781	-71.9646	-71.9388	-71.9034	-71.8607	-71.8124	-71.7596	-71.7032	-71.644	-71.5823	-71.5186	-71.4531	-71.3859	-71.3174	-71.2475	-71.1766	-71.1049	-71.0328	-70.9606	-70.889	-70.8189	-70.7513	-70.6878	-70.6302	-70.5807	-70.542	-70.5165	-70.5058	-70.5101	-70.5292
3.13	-71.6493	-71.7464	-71.8444	-71.9188	-71.966	-71.9888	-71.9914	-71.9781	-71.9525	-71.9174	-71.8749	-71.8268	-71.7743	-71.7182	-71.6593	-71.5979	-71.5345	-71.4693	-71.4025	-71.3343	-71.2649	-71.1944	-71.1231	-71.0513	-70.9796	-70.9085	-70.8388	-70.7717	-70.7086	-70.6514	-70.6024	-70.564	-70.5388	-70.5283	-70.5328	-70.5519
3.135	-71.662	-71.7591	-71.8572	-71.9317	-71.979	-72.0018	-72.0046	-71.9915	-71.9661	-71.9312	-71.889	-71.8412	-71.7889	-71.7331	-71.6745	-71.6135	-71.5504	-71.4855	-71.4191	-71.3512	-71.2821	-71.212	-71.1411	-71.0698	-70.9985	-70.9278	-70.8586	-70.7919	-70.7293	-70.6725	-70.6239	-70.5859	-70.5609	-70.5507	-70.5553	-70.5744
3.14	-71.6747	-71.7719	-71.8699	-71.9445	-71.9918	-72.0148	-72.0178	-72.0049	-71.9797	-71.945	-71.9031	-71.8555	-71.8035	-71.748	-71.6897	-71.6289	-71.5662	-71.5016	-71.4355	-71.368	-71.2993	-71.2296	-71.1591	-71.0881	-71.0173	-70.947	-70.8782	-70.812	-70.7498	-70.6935	-70.6452	-70.6076	-70.583	-70.5729	-70.5776	-70.5968
3.145	-71.6874	-71.7846	-71.8826	-71.9572	-72.0047	-72.0278	-72.0309	-72.0182	-71.9932	-71.9588	-71.9171	-71.8697	-71.818	-71.7628	-71.7047	-71.6443	-71.5818	-71.5176	-71.4519	-71.3847	-71.3164	-71.247	-71.1769	-71.1064	-71.0359	-70.9661	-70.8978	-70.832	-70.7702	-70.7143	-70.6665	-70.6292	-70.6048	-70.595	-70.5998	-70.619
3.15	-71.7	-71.7972	-71.8952	-71.9699	-72.0174	-72.0407	-72.044	-72.0314	-72.0067	-71.9724	-71.931	-71.8839	-71.8325	-71.7775	-71.7197	-71.6596	-71.5975	-71.5336	-71.4681	-71.4013	-71.3333	-71.2644	-71.1947	-71.1245	-71.0545	-70.9851	-70.9172	-70.8519	-70.7905	-70.735	-70.6876	-70.6506	-70.6266	-70.6169	-70.6219	-70.6411
3.155	-71.7125	-71.8098	-71.9078	-71.9825	-72.0302	-72.0535	-72.057	-72.0446	-72.0201	-71.9861	-71.9448	-71.898	-71.8468	-71.7922	-71.7347	-71.6748	-71.613	-71.5494	-71.4843	-71.4179	-71.3502	-71.2816	-71.2123	-71.1426	-71.073	-71.004	-70.9365	-70.8716	-70.8107	-70.7556	-70.7085	-70.6719	-70.6481	-70.6387	-70.6438	-70.663
3.16	-71.725	-71.8223	-71.9204	-71.9951	-72.0428	-72.0663	-72.0699	-72.0578	-72.0334	-71.9996	-71.9586	-71.9121	-71.8611	-71.8068	-71.7495	-71.69	-71.6285	-71.5652	-71.5005	-71.4343	-71.3671	-71.2988	-71.2299	-71.1606	-71.0913	-71.0228	-70.9557	-70.8912	-70.8307	-70.7761	-70.7294	-70.6931	-70.6696	-70.6604	-70.6655	-70.6848
3.165	-71.7375	-71.8348	-71.9329	-72.0077	-72.0555	-72.0791	-72.0828	-72.0709	-72.0467	-72.0132	-71.9724	-71.9261	-71.8754	-71.8213	-71.7644	-71.7051	-71.6439	-71.5809	-71.5165	-71.4507	-71.3838	-71.3159	-71.2473	-71.1784	-71.1096	-71.0414	-70.9748	-70.9107	-70.8507	-70.7964	-70.7501	-70.7141	-70.6909	-70.6819	-70.6871	-70.7064
3.17	-71.7499	-71.8472	-71.9453	-72.0202	-72.068	-72.0918	-72.0957	-72.0839	-72.0599	-72.0266	-71.9861	-71.94	-71.8896	-71.8357	-71.7791	-71.7201	-71.6592	-71.5966	-71.5324	-71.467	-71.4004	-71.3329	-71.2647	-71.1962	-71.1277	-71.06	-70.9938	-70.9301	-70.8705	-70.8166	-70.7706	-70.735	-70.7121	-70.7032	-70.7086	-70.7279
3.175	-71.7623	-71.8596	-71.9577	-72.0326	-72.0806	-72.1044	-72.1085	-72.0969	-72.0731	-72.04	-71.9997	-71.9539	-71.9037	-71.8501	-71.7937	-71.7351	-71.6744	-71.6121	-71.5483	-71.4832	-71.417	-71.3498	-71.282	-71.2138	-71.1458	-71.0785	-71.0126	-70.9494	-70.8902	-70.8367	-70.7911	-70.7558	-70.7331	-70.7245	-70.7299	-70.7492
3.18	-71.7747	-71.872	-71.9701	-72.045	-72.0931	-72.1171	-72.1213	-72.1098	-72.0863	-72.0534	-72.0133	-71.9677	-71.9178	-71.8645	-71.8083	-71.75	-71.6896	-71.6276	-71.5641	-71.4993	-71.4334	-71.3666	-71.2992	-71.2314	-71.1637	-71.0968	-71.0314	-70.9686	-70.9097	-70.8566	-70.8114	-70.7764	-70.754	-70.7455	-70.7511	-70.7704
3.185	-71.7869	-71.8843	-71.9824	-72.0574	-72.1055	-72.1296	-72.134	-72.1227	-72.0993	-72.0667	-72.0268	-71.9815	-71.9318	-71.8787	-71.8229	-71.7648	-71.7047	-71.643	-71.5798	-71.5154	-71.4498	-71.3834	-71.3163	-71.2489	-71.1816	-71.1151	-71.05	-70.9876	-70.9292	-70.8765	-70.8316	-70.7969	-70.7748	-70.7665	-70.7722	-70.7915
3.19	-71.7992	-71.8966	-71.9947	-72.0697	-72.1179	-72.1421	-72.1466	-72.1355	-72.1124	-72.0799	-72.0403	-71.9952	-71.9457	-71.8929	-71.8374	-71.7795	-71.7198	-71.6583	-71.5955	-71.5313	-71.4661	-71.4	-71.3333	-71.2663	-71.1994	-71.1332	-71.0686	-71.0066	-70.9485	-70.8962	-70.8517	-70.8173	-70.7954	-70.7873	-70.7931	-70.8124
3.195	-71.8114	-71.9088	-72.0069	-72.0819	-72.1302	-72.1546	-72.1592	-72.1483	-72.1253	-72.0931	-72.0537	-72.0088	-71.9596	-71.9071	-71.8518	-71.7942	-71.7347	-71.6736	-71.6111	-71.5472	-71.4824	-71.4166	-71.3502	-71.2835	-71.217	-71.1513	-71.087	-71.0254	-70.9677	-70.9158	-70.8716	-70.8376	-70.8159	-70.808	-70.8139	-70.8332
3.2	-71.8236	-71.921	-72.0191	-72.0941	-72.1425	-72.167	-72.1718	-72.161	-72.1383	-72.1062	-72.067	-72.0224	-71.9734	-71.9211	-71.8661	-71.8088	-71.7496	-71.6888	-71.6266	-71.5631	-71.4985	-71.4331	-71.367	-71.3007	-71.2346	-71.1692	-71.1054	-71.0441	-70.9869	-70.9353	-70.8914	-70.8577	-70.8363	-70.8286	-70.8345	-70.8539
3.205	-71.8357	-71.9331	-72.0312	-72.1063	-72.1548	-72.1793	-72.1843	-72.1737	-72.1511	-72.1193	-72.0803	-72.0359	-71.9872	-71.9352	-71.8804	-71.8234	-71.7645	-71.7039	-71.642	-71.5788	-71.5146	-71.4495	-71.3838	-71.3178	-71.2521	-71.1871	-71.1236	-71.0628	-71.0059	-70.9546	-70.9111	-70.8777	-70.8565	-70.849	-70.8551	-70.8744
3.21	-71.8477	-71.9452	-72.0433	-72.1185	-72.167	-72.1917	-72.1968	-72.1864	-72.1639	-72.1323	-72.0936	-72.0494	-72.0009	-71.9491	-71.8946	-71.8379	-71.7792	-71.719	-71.6573	-71.5945	-71.5305	-71.4658	-71.4005	-71.3349	-71.2695	-71.2048	-71.1418	-71.0813	-71.0247	-70.9739	-70.9307	-70.8976	-70.8767	-70.8693	-70.8755	-70.8948
3.215	-71.8598	-71.9572	-72.0554	-72.1305	-72.1791	-72.2039	-72.2092	-72.1989	-72.1767	-72.1453	-72.1068	-72.0628	-72.0146	-71.963	-71.9088	-71.8523	-71.7939	-71.734	-71.6726	-71.61	-71.5464	-71.482	-71.417	-71.3518	-71.2868	-71.2225	-71.1598	-71.0997	-71.0435	-70.993	-70.9502	-70.9174	-70.8967	-70.8895	-70.8957	-70.9151
3.22	-71.8718	-71.9692	-72.0674	-72.1426	-72.1913	-72.2162	-72.2215	-72.2115	-72.1894	-72.1582	-72.1199	-72.0761	-72.0282	-71.9769	-71.9229	-71.8666	-71.8085	-71.7489	-71.6878	-71.6255	-71.5623	-71.4982	-71.4335	-71.3686	-71.304	-71.2401	-71.1777	-71.118	-71.0622	-71.0121	-70.9696	-70.937	-70.9165	-70.9095	-70.9158	-70.9352
3.225	-71.8837	-71.9812	-72.0794	-72.1546	-72.2033	-72.2283	-72.2339	-72.224	-72.2021	-72.1711	-72.133	-72.0895	-72.0417	-71.9906	-71.9369	-71.8809	-71.8231	-71.7637	-71.7029	-71.641	-71.578	-71.5143	-71.4499	-71.3854	-71.3211	-71.2575	-71.1956	-71.1362	-71.0808	-71.031	-70.9888	-70.9565	-70.9363	-70.9294	-70.9359	-70.9553
3.23	-71.8956	-71.9931	-72.0913	-72.1665	-72.2154	-72.2405	-72.2461	-72.2364	-72.2147	-72.1839	-72.146	-72.1027	-72.0552	-72.0044	-71.9509	-71.8951	-71.8376	-71.7785	-71.718	-71.6563	-71.5937	-71.5302	-71.4663	-71.4021	-71.3381	-71.2749	-71.2133	-71.1543	-71.0993	-71.0498	-71.0079	-70.976	-70.9559	-70.9492	-70.9557	-70.9752
3.235	-71.9075	-72.005	-72.1032	-72.1784	-72.2273	-72.2526	-72.2584	-72.2488	-72.2273	-72.1967	-72.159	-72.1159	-72.0686	-72.018	-71.9648	-71.9093	-71.852	-71.7932	-71.733	-71.6716	-71.6093	-71.5462	-71.4825	-71.4186	-71.355	-71.2922	-71.231	-71.1723	-71.1176	-71.0685	-71.027	-70.9952	-70.9755	-70.9689	-70.9755	-70.9949
3.24	-71.9193	-72.0169	-72.115	-72.1903	-72.2393	-72.2646	-72.2706	-72.2611	-72.2398	-72.2094	-72.1719	-72.129	-72.082	-72.0316	-71.9786	-71.9234	-71.8664	-71.8078	-71.7479	-71.6869	-71.6248	-71.562	-71.4987	-71.4351	-71.3719	-71.3094	-71.2485	-71.1902	-71.1359	-71.0871	-71.0459	-71.0144	-70.9949	-70.9885	-70.9952	-71.0146
3.245	-71.9311	-72.0287	-72.1268	-72.2021	-72.2512	-72.2766	-72.2827	-72.2734	-72.2523	-72.222	-72.1848	-72.1421	-72.0953	-72.0452	-71.9924	-71.9375	-71.8807	-71.8224	-71.7628	-71.702	-71.6403	-71.5778	-71.5148	-71.4516	-71.3886	-71.3265	-71.266	-71.2081	-71.154	-71.1056	-71.0647	-71.0335	-71.0142	-71.0079	-71.0147	-71.0341
3.25	-71.9429	-72.0404	-72.1385	-72.2139	-72.263	-72.2886	-72.2948	-72.2857	-72.2647	-72.2347	-72.1976	-72.1552	-72.1086	-72.0587	-72.0061	-71.9515	-71.895	-71.8369	-71.7776	-71.7171	-71.6556	-71.5934	-71.5308	-71.4679	-71.4053	-71.3435	-71.2833	-71.2258	-71.1721	-71.124	-71.0834	-71.0525	-71.0333	-71.0272	-71.0341	-71.0535
3.255	-71.9546	-72.0521	-72.1503	-72.2257	-72.2748	-72.3005	-72.3068	-72.2979	-72.2771	-72.2472	-72.2104	-72.1682	-72.1218	-72.0721	-72.0198	-71.9654	-71.9091	-71.8514	-71.7923	-71.7321	-71.6709	-71.6091	-71.5467	-71.4841	-71.4219	-71.3605	-71.3006	-71.2434	-71.1901	-71.1423	-71.1019	-71.0713	-71.0524	-71.0464	-71.0534	-71.0728
3.26	-71.9662	-72.0638	-72.1619	-72.2374	-72.2866	-72.3124	-72.3188	-72.3101	-72.2894	-72.2598	-72.2231	-72.1811	-72.1349	-72.0855	-72.0334	-71.9792	-71.9233	-71.8658	-71.807	-71.747	-71.6862	-71.6246	-71.5625	-71.5003	-71.4384	-71.3773	-71.3178	-71.2609	-71.2079	-71.1604	-71.1204	-71.0901	-71.0714	-71.0655	-71.0725	-71.092
3.265	-71.9779	-72.0754	-72.1736	-72.249	-72.2983	-72.3242	-72.3308	-72.3222	-72.3017	-72.2722	-72.2358	-72.194	-72.148	-72.0988	-72.047	-71.993	-71.9373	-71.8801	-71.8215	-71.7619	-71.7013	-71.6401	-71.5783	-71.5164	-71.4548	-71.394	-71.3349	-71.2783	-71.2257	-71.1785	-71.1388	-71.1087	-71.0902	-71.0845	-71.0916	-71.1111
3.27	-71.9895	-72.087	-72.1852	-72.2607	-72.31	-72.336	-72.3427	-72.3342	-72.314	-72.2847	-72.2484	-72.2068	-72.1611	-72.1121	-72.0605	-72.0068	-71.9513	-71.8943	-71.8361	-71.7767	-71.7164	-71.6554	-71.594	-71.5324	-71.4711	-71.4107	-71.3519	-71.2957	-71.2433	-71.1965	-71.1571	-71.1272	-71.1089	-71.1034	-71.1105	-71.13
3.275	-72.001	-72.0986	-72.1967	-72.2722	-72.3217	-72.3477	-72.3546	-72.3463	-72.3262	-72.297	-72.261	-72.2196	-72.1741	-72.1253	-72.0739	-72.0205	-71.9652	-71.9085	-71.8505	-71.7914	-71.7314	-71.6708	-71.6096	-71.5484	-71.4874	-71.4273	-71.3688	-71.3129	-71.2609	-71.2144	-71.1752	-71.1456	-71.1275	-71.1222	-71.1294	-71.1488
3.28	-72.0125	-72.1101	-72.2082	-72.2838	-72.3333	-72.3594	-72.3664	-72.3582	-72.3383	-72.3094	-72.2735	-72.2323	-72.187	-72.1385	-72.0873	-72.0341	-71.9791	-71.9227	-71.8649	-71.8061	-71.7464	-71.686	-71.6252	-71.5642	-71.5036	-71.4438	-71.3856	-71.3301	-71.2784	-71.2322	-71.1933	-71.164	-71.1461	-71.1408	-71.1481	-71.1676
3.285	-72.024	-72.1216	-72.2197	-72.2953	-72.3448	-72.3711	-72.3782	-72.3702	-72.3504	-72.3216	-72.286	-72.245	-72.1999	-72.1516	-72.1007	-72.0477	-71.9929	-71.9367	-71.8793	-71.8207	-71.7613	-71.7012	-71.6406	-71.58	-71.5197	-71.4602	-71.4024	-71.3471	-71.2958	-71.2498	-71.2113	-71.1822	-71.1645	-71.1594	-71.1667	-71.1862
3.29	-72.0354	-72.1331	-72.2312	-72.3067	-72.3564	-72.3827	-72.39	-72.3821	-72.3625	-72.3339	-72.2984	-72.2576	-72.2127	-72.1646	-72.114	-72.0612	-72.0067	-71.9507	-71.8935	-71.8353	-71.7761	-71.7163	-71.656	-71.5957	-71.5357	-71.4765	-71.419	-71.3641	-71.3131	-71.2674	-71.2291	-71.2003	-71.1828	-71.1778	-71.1852	-71.2047
3.295	-72.0469	-72.1445	-72.2426	-72.3182	-72.3679	-72.3943	-72.4017	-72.3939	-72.3745	-72.3461	-72.3108	-72.2702	-72.2255	-72.1776	-72.1272	-72.0747	-72.0204	-71.9647	-71.9077	-71.8497	-71.7908	-71.7313	-71.6714	-71.6113	-71.5516	-71.4928	-71.4356	-71.381	-71.3303	-71.2849	-71.2469	-71.2183	-71.201	-71.1961	-71.2036	-71.2231
3.3	-72.0582	-72.1558	-72.2539	-72.3296	-72.3793	-72.4058	-72.4133	-72.4057	-72.3865	-72.3582	-72.3231	-72.2827	-72.2383	-72.1906	-72.1404	-72.0881	-72.034	-71.9786	-71.9219	-71.8641	-71.8055	-71.7463	-71.6866	-71.6269	-71.5675	-71.509	-71.4521	-71.3978	-71.3474	-71.3023	-71.2646	-71.2362	-71.2191	-71.2144	-71.2219	-71.2414
3.305	-72.0695	-72.1672	-72.2653	-72.3409	-72.3907	-72.4173	-72.4249	-72.4175	-72.3984	-72.3703	-72.3354	-72.2952	-72.251	-72.2035	-72.1535	-72.1014	-72.0476	-71.9924	-71.936	-71.8785	-71.8201	-71.7612	-71.7018	-71.6423	-71.5832	-71.525	-71.4685	-71.4145	-71.3644	-71.3196	-71.2822	-71.254	-71.2371	-71.2325	-71.2401	-71.2596
3.31	-72.0808	-72.1785	-72.2765	-72.3522	-72.4021	-72.4288	-72.4365	-72.4292	-72.4103	-72.3824	-72.3476	-72.3077	-72.2636	-72.2163	-72.1666	-72.1147	-72.0612	-72.0062	-71.95	-71.8927	-71.8347	-71.776	-71.7169	-71.6577	-71.5989	-71.5411	-71.4848	-71.4311	-71.3813	-71.3369	-71.2997	-71.2717	-71.255	-71.2505	-71.2582	-71.2776
3.315	-72.0921	-72.1897	-72.2878	-72.3635	-72.4134	-72.4402	-72.4481	-72.4409	-72.4221	-72.3944	-72.3598	-72.32	-72.2762	-72.2291	-72.1796	-72.1279	-72.0746	-72.0199	-71.9639	-71.907	-71.8492	-71.7907	-71.7319	-71.6731	-71.6146	-71.557	-71.501	-71.4477	-71.3981	-71.354	-71.317	-71.2893	-71.2728	-71.2684	-71.2762	-71.2956
3.32	-72.1033	-72.2009	-72.299	-72.3747	-72.4247	-72.4516	-72.4596	-72.4526	-72.4339	-72.4064	-72.372	-72.3324	-72.2887	-72.2419	-72.1925	-72.1411	-72.0881	-72.0335	-71.9778	-71.9211	-71.8636	-71.8054	-71.7469	-71.6883	-71.6301	-71.5728	-71.5172	-71.4641	-71.4149	-71.371	-71.3343	-71.3069	-71.2905	-71.2862	-71.294	-71.3135
3.325	-72.1145	-72.2121	-72.3102	-72.3859	-72.4359	-72.463	-72.471	-72.4641	-72.4457	-72.4183	-72.3841	-72.3447	-72.3012	-72.2546	-72.2054	-72.1543	-72.1014	-72.0471	-71.9917	-71.9352	-71.8779	-71.82	-71.7618	-71.7035	-71.6456	-71.5886	-71.5333	-71.4805	-71.4316	-71.388	-71.3515	-71.3243	-71.3081	-71.304	-71.3118	-71.3313
3.33	-72.1257	-72.2233	-72.3213	-72.3971	-72.4472	-72.4743	-72.4825	-72.4757	-72.4574	-72.4302	-72.3962	-72.3569	-72.3137	-72.2672	-72.2183	-72.1674	-72.1147	-72.0607	-72.0055	-71.9492	-71.8922	-71.8346	-71.7766	-71.7186	-71.661	-71.6043	-71.5493	-71.4968	-71.4482	-71.4048	-71.3686	-71.3416	-71.3256	-71.3216	-71.3295	-71.349
3.335	-72.1368	-72.2344	-72.3324	-72.4082	-72.4583	-72.4855	-72.4938	-72.4872	-72.4691	-72.442	-72.4082	-72.3691	-72.3261	-72.2798	-72.2311	-72.1804	-72.128	-72.0742	-72.0192	-71.9632	-71.9065	-71.8491	-71.7914	-71.7337	-71.6763	-71.6199	-71.5652	-71.513	-71.4646	-71.4216	-71.3857	-71.3588	-71.343	-71.3391	-71.3471	-71.3665
3.34	-72.1479	-72.2455	-72.3435	-72.4193	-72.4695	-72.4967	-72.5052	-72.4987	-72.4807	-72.4538	-72.4202	-72.3813	-72.3384	-72.2924	-72.2439	-72.1934	-72.1412	-72.0876	-72.0328	-71.9771	-71.9206	-71.8635	-71.8061	-71.7486	-71.6916	-71.6355	-71.581	-71.5291	-71.4811	-71.4383	-71.4026	-71.376	-71.3603	-71.3565	-71.3646	-71.384
3.345	-72.1589	-72.2565	-72.3545	-72.4303	-72.4806	-72.5079	-72.5165	-72.5101	-72.4923	-72.4656	-72.4321	-72.3934	-72.3507	-72.3049	-72.2566	-72.2063	-72.1543	-72.101	-72.0465	-71.991	-71.9347	-71.8779	-71.8207	-71.7636	-71.7068	-71.651	-71.5968	-71.5452	-71.4974	-71.4549	-71.4194	-71.3931	-71.3775	-71.3739	-71.382	-71.4014
3.35	-72.1699	-72.2675	-72.3655	-72.4413	-72.4916	-72.5191	-72.5277	-72.5215	-72.5038	-72.4773	-72.444	-72.4055	-72.363	-72.3174	-72.2692	-72.2191	-72.1674	-72.1143	-72.06	-72.0048	-71.9488	-71.8922	-71.8353	-71.7784	-71.7219	-71.6664	-71.6125	-71.5612	-71.5136	-71.4714	-71.4362	-71.41	-71.3946	-71.3911	-71.3992	-71.4187
3.355	-72.1809	-72.2785	-72.3765	-72.4523	-72.5027	-72.5302	-72.539	-72.5329	-72.5153	-72.489	-72.4558	-72.4175	-72.3752	-72.3298	-72.2819	-72.232	-72.1804	-72.1275	-72.0735	-72.0185	-71.9627	-71.9064	-71.8498	-71.7932	-71.7369	-71.6817	-71.6281	-71.5771	-71.5298	-71.4878	-71.4529	-71.4269	-71.4117	-71.4083	-71.4164	-71.4359
3.36	-72.1919	-72.2895	-72.3874	-72.4633	-72.5137	-72.5413	-72.5502	-72.5442	-72.5268	-72.5006	-72.4676	-72.4295	-72.3874	-72.3421	-72.2944	-72.2447	-72.1934	-72.1408	-72.0869	-72.0322	-71.9767	-71.9206	-71.8642	-71.8079	-71.7519	-71.6969	-71.6436	-71.5929	-71.5459	-71.5042	-71.4694	-71.4437	-71.4286	-71.4253	-71.4335	-71.453
3.365	-72.2028	-72.3004	-72.3983	-72.4742	-72.5246	-72.5523	-72.5613	-72.5555	-72.5382	-72.5122	-72.4794	-72.4414	-72.3995	-72.3544	-72.3069	-72.2575	-72.2064	-72.1539	-72.1003	-72.0458	-71.9905	-71.9347	-71.8786	-71.8225	-71.7668	-71.7121	-71.6591	-71.6086	-71.5619	-71.5204	-71.4859	-71.4604	-71.4455	-71.4423	-71.4506	-71.47
3.37	-72.2136	-72.3112	-72.4092	-72.485	-72.5356	-72.5633	-72.5724	-72.5667	-72.5496	-72.5237	-72.4911	-72.4533	-72.4116	-72.3667	-72.3194	-72.2701	-72.2192	-72.167	-72.1137	-72.0594	-72.0043	-71.9488	-71.8929	-71.8371	-71.7817	-71.7272	-71.6745	-71.6243	-71.5778	-71.5366	-71.5024	-71.477	-71.4623	-71.4592	-71.4675	-71.4869
3.375	-72.2245	-72.3221	-72.42	-72.4959	-72.5464	-72.5743	-72.5835	-72.5779	-72.561	-72.5352	-72.5028	-72.4652	-72.4236	-72.3789	-72.3318	-72.2828	-72.2321	-72.1801	-72.1269	-72.0729	-72.0181	-71.9628	-71.9072	-71.8516	-71.7964	-71.7423	-71.6898	-71.6398	-71.5937	-71.5527	-71.5187	-71.4935	-71.4789	-71.4759	-71.4843	-71.5037
3.38	-72.2353	-72.3329	-72.4308	-72.5067	-72.5573	-72.5852	-72.5945	-72.5891	-72.5723	-72.5467	-72.5144	-72.477	-72.4356	-72.3911	-72.3442	-72.2953	-72.2449	-72.1931	-72.1401	-72.0863	-72.0318	-71.9767	-71.9213	-71.866	-71.8111	-71.7572	-71.705	-71.6554	-71.6094	-71.5687	-71.5349	-71.51	-71.4955	-71.4926	-71.5011	-71.5205
3.385	-72.2461	-72.3437	-72.4415	-72.5175	-72.5681	-72.5961	-72.6055	-72.6002	-72.5836	-72.5581	-72.526	-72.4887	-72.4475	-72.4032	-72.3565	-72.3079	-72.2576	-72.206	-72.1533	-72.0997	-72.0454	-71.9906	-71.9355	-71.8804	-71.8258	-71.7721	-71.7202	-71.6708	-71.6251	-71.5847	-71.5511	-71.5263	-71.512	-71.5092	-71.5177	-71.5371
3.39	-72.2568	-72.3544	-72.4523	-72.5282	-72.5789	-72.607	-72.6165	-72.6113	-72.5948	-72.5695	-72.5375	-72.5005	-72.4594	-72.4153	-72.3688	-72.3203	-72.2703	-72.2189	-72.1664	-72.1131	-72.059	-72.0044	-71.9495	-71.8947	-71.8404	-71.787	-71.7353	-71.6862	-71.6408	-71.6005	-71.5672	-71.5426	-71.5285	-71.5258	-71.5343	-71.5536
3.395	-72.2676	-72.3651	-72.463	-72.5389	-72.5896	-72.6178	-72.6274	-72.6224	-72.606	-72.5808	-72.549	-72.5121	-72.4713	-72.4274	-72.381	-72.3328	-72.2829	-72.2317	-72.1795	-72.1263	-72.0725	-72.0181	-71.9635	-71.909	-71.8549	-71.8018	-71.7503	-71.7014	-71.6563	-71.6163	-71.5832	-71.5588	-71.5448	-71.5422	-71.5508	-71.5701
3.4	-72.2782	-72.3758	-72.4736	-72.5496	-72.6003	-72.6286	-72.6383	-72.6334	-72.6171	-72.5922	-72.5605	-72.5238	-72.4831	-72.4394	-72.3932	-72.3451	-72.2955	-72.2445	-72.1925	-72.1396	-72.0859	-72.0318	-71.9774	-71.9231	-71.8693	-71.8164	-71.7653	-71.7167	-71.6718	-71.632	-71.5991	-71.5749	-71.5611	-71.5585	-71.5671	-71.5865
3.405	-72.2889	-72.3864	-72.4842	-72.5602	-72.611	-72.6394	-72.6492	-72.6444	-72.6283	-72.6034	-72.5719	-72.5354	-72.4949	-72.4513	-72.4054	-72.3575	-72.308	-72.2573	-72.2054	-72.1527	-72.0993	-72.0455	-71.9913	-71.9373	-71.8837	-71.8311	-71.7802	-71.7318	-71.6872	-71.6476	-71.6149	-71.5909	-71.5772	-71.5748	-71.5834	-71.6028
3.41	-72.2995	-72.397	-72.4948	-72.5708	-72.6217	-72.6501	-72.66	-72.6553	-72.6393	-72.6147	-72.5833	-72.5469	-72.5066	-72.4632	-72.4175	-72.3698	-72.3205	-72.27	-72.2184	-72.1659	-72.1127	-72.059	-72.0051	-71.9513	-71.898	-71.8456	-71.795	-71.7469	-71.7025	-71.6632	-71.6307	-71.6069	-71.5933	-71.591	-71.5997	-71.619
3.415	-72.3101	-72.4076	-72.5054	-72.5814	-72.6323	-72.6608	-72.6708	-72.6662	-72.6504	-72.6258	-72.5947	-72.5584	-72.5183	-72.4751	-72.4295	-72.382	-72.3329	-72.2826	-72.2312	-72.1789	-72.126	-72.0726	-72.0189	-71.9653	-71.9122	-71.8601	-71.8097	-71.7619	-71.7177	-71.6787	-71.6464	-71.6227	-71.6093	-71.6071	-71.6158	-71.6351
3.42	-72.3207	-72.4182	-72.5159	-72.5919	-72.6429	-72.6714	-72.6815	-72.6771	-72.6614	-72.637	-72.606	-72.5699	-72.5299	-72.4869	-72.4415	-72.3942	-72.3453	-72.2952	-72.244	-72.1919	-72.1392	-72.086	-72.0326	-71.9793	-71.9264	-71.8746	-71.8244	-71.7768	-71.7329	-71.6941	-71.662	-71.6385	-71.6253	-71.6231	-71.6319	-71.6512
3.425	-72.3312	-72.4287	-72.5264	-72.6024	-72.6534	-72.682	-72.6923	-72.688	-72.6724	-72.6481	-72.6173	-72.5813	-72.5415	-72.4987	-72.4535	-72.4064	-72.3577	-72.3077	-72.2568	-72.2049	-72.1524	-72.0994	-72.0462	-71.9932	-71.9406	-71.889	-71.839	-71.7917	-71.748	-71.7094	-71.6776	-71.6542	-71.6411	-71.639	-71.6478	-71.6671
3.43	-72.3417	-72.4392	-72.5369	-72.6129	-72.6639	-72.6926	-72.703	-72.6988	-72.6833	-72.6592	-72.6285	-72.5927	-72.5531	-72.5104	-72.4654	-72.4185	-72.37	-72.3202	-72.2695	-72.2178	-72.1655	-72.1128	-72.0598	-72.007	-71.9546	-71.9033	-71.8536	-71.8065	-71.763	-71.7247	-71.693	-71.6699	-71.6569	-71.6549	-71.6637	-71.683
3.435	-72.3522	-72.4496	-72.5473	-72.6233	-72.6744	-72.7032	-72.7136	-72.7095	-72.6942	-72.6702	-72.6397	-72.6041	-72.5646	-72.5221	-72.4773	-72.4305	-72.3822	-72.3327	-72.2821	-72.2307	-72.1786	-72.1261	-72.0734	-72.0207	-71.9686	-71.9175	-71.8681	-71.8212	-71.778	-71.7399	-71.7084	-71.6854	-71.6726	-71.6707	-71.6795	-71.6988
3.44	-72.3626	-72.46	-72.5577	-72.6337	-72.6849	-72.7137	-72.7242	-72.7203	-72.7051	-72.6812	-72.6508	-72.6154	-72.5761	-72.5338	-72.4891	-72.4425	-72.3944	-72.3451	-72.2947	-72.2435	-72.1916	-72.1393	-72.0868	-72.0344	-71.9826	-71.9317	-71.8825	-71.8359	-71.7929	-71.755	-71.7237	-71.7009	-71.6882	-71.6864	-71.6953	-71.7145
3.445	-72.373	-72.4704	-72.5681	-72.6441	-72.6953	-72.7242	-72.7348	-72.7309	-72.7159	-72.6922	-72.662	-72.6267	-72.5875	-72.5454	-72.5009	-72.4545	-72.4066	-72.3575	-72.3073	-72.2563	-72.2046	-72.1525	-72.1003	-72.0481	-71.9964	-71.9458	-71.8969	-71.8505	-71.8077	-71.77	-71.739	-71.7163	-71.7037	-71.702	-71.7109	-71.7302
3.45	-72.3834	-72.4808	-72.5784	-72.6544	-72.7057	-72.7346	-72.7454	-72.7416	-72.7267	-72.7031	-72.673	-72.6379	-72.5989	-72.557	-72.5126	-72.4664	-72.4187	-72.3698	-72.3198	-72.269	-72.2175	-72.1657	-72.1136	-72.0617	-72.0103	-71.9599	-71.9112	-71.865	-71.8225	-71.785	-71.7541	-71.7317	-71.7192	-71.7175	-71.7265	-71.7458
3.455	-72.3937	-72.4911	-72.5887	-72.6648	-72.716	-72.7451	-72.7559	-72.7522	-72.7374	-72.714	-72.6841	-72.6491	-72.6103	-72.5685	-72.5243	-72.4783	-72.4308	-72.382	-72.3322	-72.2816	-72.2304	-72.1788	-72.1269	-72.0752	-72.024	-71.9739	-71.9254	-71.8795	-71.8372	-71.7999	-71.7692	-71.7469	-71.7346	-71.733	-71.742	-71.7612
3.46	-72.4041	-72.5014	-72.599	-72.675	-72.7263	-72.7554	-72.7663	-72.7628	-72.7482	-72.7249	-72.6951	-72.6603	-72.6216	-72.58	-72.536	-72.4902	-72.4428	-72.3942	-72.3447	-72.2943	-72.2432	-72.1918	-72.1402	-72.0887	-72.0377	-71.9878	-71.9396	-71.8939	-71.8518	-71.8147	-71.7842	-71.7621	-71.7499	-71.7484	-71.7574	-71.7766
3.465	-72.4144	-72.5117	-72.6093	-72.6853	-72.7366	-72.7658	-72.7768	-72.7734	-72.7588	-72.7357	-72.7061	-72.6714	-72.6329	-72.5914	-72.5476	-72.502	-72.4548	-72.4064	-72.357	-72.3068	-72.256	-72.2048	-72.1534	-72.1021	-72.0514	-72.0017	-71.9537	-71.9082	-71.8664	-71.8295	-71.7992	-71.7772	-71.7651	-71.7637	-71.7728	-71.792
3.47	-72.4246	-72.5219	-72.6195	-72.6955	-72.7469	-72.7761	-72.7872	-72.7839	-72.7695	-72.7465	-72.717	-72.6825	-72.6442	-72.6029	-72.5592	-72.5137	-72.4667	-72.4185	-72.3693	-72.3193	-72.2687	-72.2177	-72.1665	-72.1155	-72.065	-72.0155	-71.9677	-71.9225	-71.8809	-71.8442	-71.8141	-71.7923	-71.7803	-71.779	-71.788	-71.8072
3.475	-72.4349	-72.5322	-72.6297	-72.7057	-72.7571	-72.7864	-72.7976	-72.7944	-72.7801	-72.7573	-72.7279	-72.6936	-72.6554	-72.6142	-72.5708	-72.5254	-72.4786	-72.4306	-72.3816	-72.3318	-72.2814	-72.2306	-72.1796	-72.1288	-72.0785	-72.0293	-71.9817	-71.9367	-71.8953	-71.8588	-71.8289	-71.8072	-71.7954	-71.7941	-71.8032	-71.8224
3.48	-72.4451	-72.5424	-72.6398	-72.7159	-72.7673	-72.7967	-72.808	-72.8049	-72.7907	-72.768	-72.7388	-72.7046	-72.6665	-72.6256	-72.5823	-72.5371	-72.4905	-72.4426	-72.3938	-72.3442	-72.294	-72.2434	-72.1927	-72.1421	-72.092	-72.043	-71.9956	-71.9508	-71.9096	-71.8734	-71.8437	-71.8221	-71.8104	-71.8092	-71.8184	-71.8375
3.485	-72.4552	-72.5525	-72.65	-72.726	-72.7775	-72.8069	-72.8183	-72.8153	-72.8012	-72.7787	-72.7496	-72.7155	-72.6777	-72.6368	-72.5937	-72.5487	-72.5023	-72.4546	-72.406	-72.3566	-72.3066	-72.2562	-72.2056	-72.1553	-72.1054	-72.0566	-72.0095	-71.9649	-71.9239	-71.8879	-71.8583	-71.837	-71.8253	-71.8242	-71.8334	-71.8526
3.49	-72.4654	-72.5626	-72.6601	-72.7361	-72.7876	-72.8171	-72.8286	-72.8257	-72.8118	-72.7893	-72.7604	-72.7265	-72.6888	-72.6481	-72.6051	-72.5603	-72.5141	-72.4666	-72.4181	-72.3689	-72.3191	-72.2689	-72.2186	-72.1684	-72.1188	-72.0702	-72.0233	-71.9789	-71.9382	-71.9023	-71.8729	-71.8517	-71.8402	-71.8392	-71.8484	-71.8675
3.495	-72.4755	-72.5727	-72.6701	-72.7462	-72.7977	-72.8273	-72.8388	-72.8361	-72.8223	-72.7999	-72.7711	-72.7374	-72.6998	-72.6593	-72.6165	-72.5719	-72.5258	-72.4785	-72.4302	-72.3812	-72.3316	-72.2816	-72.2315	-72.1815	-72.1321	-72.0837	-72.0371	-71.9929	-71.9523	-71.9167	-71.8875	-71.8664	-71.855	-71.8541	-71.8633	-71.8824
3.5	-72.4856	-72.5828	-72.6802	-72.7562	-72.8078	-72.8374	-72.8491	-72.8464	-72.8327	-72.8105	-72.7819	-72.7483	-72.7108	-72.6705	-72.6279	-72.5834	-72.5375	-72.4903	-72.4423	-72.3934	-72.344	-72.2942	-72.2443	-72.1945	-72.1453	-72.0972	-72.0507	-72.0068	-71.9665	-71.931	-71.902	-71.8811	-71.8698	-71.8689	-71.8781	-71.8972
3.505	-72.4957	-72.5928	-72.6902	-72.7662	-72.8178	-72.8475	-72.8592	-72.8567	-72.8431	-72.8211	-72.7925	-72.7591	-72.7218	-72.6816	-72.6392	-72.5949	-72.5491	-72.5022	-72.4543	-72.4056	-72.3564	-72.3068	-72.2571	-72.2075	-72.1586	-72.1106	-72.0644	-72.0207	-71.9805	-71.9452	-71.9164	-71.8956	-71.8844	-71.8836	-71.8929	-71.912
3.51	-72.5057	-72.6029	-72.7002	-72.7762	-72.8279	-72.8576	-72.8694	-72.867	-72.8535	-72.8316	-72.8032	-72.7699	-72.7328	-72.6927	-72.6504	-72.6063	-72.5607	-72.5139	-72.4662	-72.4178	-72.3687	-72.3193	-72.2698	-72.2205	-72.1717	-72.124	-72.0779	-72.0344	-71.9945	-71.9594	-71.9307	-71.9101	-71.899	-71.8983	-71.9076	-71.9267
3.515	-72.5157	-72.6129	-72.7101	-72.7862	-72.8378	-72.8677	-72.8795	-72.8772	-72.8639	-72.8421	-72.8138	-72.7806	-72.7437	-72.7038	-72.6616	-72.6177	-72.5723	-72.5257	-72.4781	-72.4299	-72.381	-72.3318	-72.2825	-72.2334	-72.1848	-72.1373	-72.0915	-72.0482	-72.0084	-71.9735	-71.945	-71.9245	-71.9136	-71.9129	-71.9222	-71.9413
3.52	-72.5257	-72.6228	-72.7201	-72.7961	-72.8478	-72.8777	-72.8896	-72.8874	-72.8742	-72.8525	-72.8244	-72.7914	-72.7546	-72.7148	-72.6728	-72.629	-72.5838	-72.5374	-72.49	-72.4419	-72.3933	-72.3443	-72.2951	-72.2462	-72.1978	-72.1505	-72.1049	-72.0618	-72.0223	-71.9876	-71.9592	-71.9389	-71.928	-71.9274	-71.9368	-71.9558
3.525	-72.5357	-72.6327	-72.73	-72.806	-72.8577	-72.8877	-72.8997	-72.8976	-72.8845	-72.8629	-72.835	-72.8021	-72.7654	-72.7258	-72.684	-72.6403	-72.5953	-72.549	-72.5018	-72.4539	-72.4054	-72.3566	-72.3077	-72.259	-72.2108	-72.1637	-72.1183	-72.0754	-72.0361	-72.0016	-71.9734	-71.9532	-71.9425	-71.9419	-71.9513	-71.9703
3.53	-72.5456	-72.6427	-72.7398	-72.8159	-72.8676	-72.8976	-72.9098	-72.9077	-72.8947	-72.8733	-72.8455	-72.8127	-72.7762	-72.7368	-72.6951	-72.6516	-72.6067	-72.5606	-72.5136	-72.4659	-72.4176	-72.369	-72.3203	-72.2717	-72.2238	-72.1769	-72.1317	-72.089	-72.0498	-72.0155	-71.9875	-71.9674	-71.9568	-71.9563	-71.9657	-71.9847
3.535	-72.5555	-72.6525	-72.7497	-72.8257	-72.8775	-72.9076	-72.9198	-72.9178	-72.905	-72.8837	-72.856	-72.8233	-72.787	-72.7477	-72.7062	-72.6628	-72.6181	-72.5722	-72.5254	-72.4778	-72.4297	-72.3813	-72.3327	-72.2844	-72.2367	-72.19	-72.145	-72.1025	-72.0635	-72.0294	-72.0015	-71.9816	-71.9711	-71.9706	-71.98	-71.999
3.54	-72.5654	-72.6624	-72.7595	-72.8355	-72.8874	-72.9175	-72.9298	-72.9279	-72.9152	-72.894	-72.8664	-72.8339	-72.7977	-72.7586	-72.7172	-72.674	-72.6295	-72.5837	-72.5371	-72.4897	-72.4418	-72.3935	-72.3452	-72.2971	-72.2495	-72.203	-72.1582	-72.1159	-72.0772	-72.0432	-72.0155	-71.9957	-71.9853	-71.9849	-71.9943	-72.0133
3.545	-72.5752	-72.6722	-72.7693	-72.8453	-72.8972	-72.9274	-72.9397	-72.938	-72.9253	-72.9043	-72.8768	-72.8445	-72.8084	-72.7694	-72.7282	-72.6852	-72.6408	-72.5952	-72.5487	-72.5015	-72.4538	-72.4057	-72.3576	-72.3096	-72.2623	-72.216	-72.1714	-72.1293	-72.0907	-72.0569	-72.0294	-72.0098	-71.9994	-71.9991	-72.0086	-72.0275
3.55	-72.5851	-72.682	-72.7791	-72.8551	-72.907	-72.9372	-72.9496	-72.948	-72.9355	-72.9145	-72.8872	-72.855	-72.8191	-72.7802	-72.7392	-72.6963	-72.6521	-72.6067	-72.5603	-72.5133	-72.4658	-72.4179	-72.3699	-72.3222	-72.275	-72.2289	-72.1845	-72.1426	-72.1043	-72.0706	-72.0433	-72.0238	-72.0135	-72.0133	-72.0227	-72.0417
3.555	-72.5949	-72.6918	-72.7888	-72.8648	-72.9167	-72.947	-72.9595	-72.958	-72.9456	-72.9248	-72.8976	-72.8655	-72.8297	-72.791	-72.7501	-72.7074	-72.6633	-72.6181	-72.5719	-72.5251	-72.4777	-72.43	-72.3822	-72.3347	-72.2877	-72.2418	-72.1976	-72.1559	-72.1177	-72.0843	-72.0571	-72.0377	-72.0275	-72.0273	-72.0368	-72.0558
3.56	-72.6046	-72.7015	-72.7985	-72.8745	-72.9265	-72.9568	-72.9694	-72.968	-72.9556	-72.9349	-72.9079	-72.876	-72.8403	-72.8018	-72.761	-72.7184	-72.6745	-72.6294	-72.5835	-72.5368	-72.4896	-72.4421	-72.3945	-72.3471	-72.3003	-72.2547	-72.2106	-72.1691	-72.1311	-72.0979	-72.0708	-72.0515	-72.0415	-72.0414	-72.0508	-72.0698
3.565	-72.6144	-72.7112	-72.8082	-72.8842	-72.9362	-72.9666	-72.9792	-72.9779	-72.9657	-72.9451	-72.9182	-72.8864	-72.8509	-72.8125	-72.7718	-72.7294	-72.6857	-72.6408	-72.5949	-72.5484	-72.5014	-72.4541	-72.4067	-72.3595	-72.3129	-72.2674	-72.2236	-72.1823	-72.1445	-72.1114	-72.0845	-72.0653	-72.0554	-72.0553	-72.0648	-72.0837
3.57	-72.6241	-72.7209	-72.8179	-72.8939	-72.9458	-72.9763	-72.9891	-72.9878	-72.9757	-72.9552	-72.9284	-72.8968	-72.8614	-72.8231	-72.7827	-72.7404	-72.6968	-72.652	-72.6064	-72.5601	-72.5132	-72.4661	-72.4188	-72.3719	-72.3255	-72.2802	-72.2365	-72.1954	-72.1578	-72.1248	-72.0981	-72.0791	-72.0692	-72.0692	-72.0787	-72.0976
3.575	-72.6338	-72.7306	-72.8275	-72.9035	-72.9555	-72.986	-72.9988	-72.9977	-72.9857	-72.9653	-72.9387	-72.9071	-72.8719	-72.8338	-72.7934	-72.7514	-72.7079	-72.6633	-72.6178	-72.5716	-72.525	-72.478	-72.431	-72.3842	-72.338	-72.2928	-72.2494	-72.2085	-72.171	-72.1382	-72.1116	-72.0928	-72.083	-72.083	-72.0926	-72.1114
3.58	-72.6435	-72.7402	-72.8371	-72.9131	-72.9651	-72.9957	-73.0086	-73.0075	-72.9956	-72.9754	-72.9489	-72.9174	-72.8823	-72.8444	-72.8042	-72.7623	-72.7189	-72.6745	-72.6292	-72.5832	-72.5367	-72.4899	-72.443	-72.3964	-72.3504	-72.3055	-72.2622	-72.2215	-72.1842	-72.1516	-72.1251	-72.1064	-72.0967	-72.0968	-72.1064	-72.1252
3.585	-72.6531	-72.7499	-72.8467	-72.9227	-72.9747	-73.0053	-73.0183	-73.0173	-73.0055	-72.9855	-72.959	-72.9277	-72.8928	-72.8549	-72.8149	-72.7731	-72.7299	-72.6857	-72.6405	-72.5947	-72.5484	-72.5017	-72.4551	-72.4086	-72.3628	-72.3181	-72.275	-72.2344	-72.1973	-72.1649	-72.1386	-72.12	-72.1104	-72.1105	-72.1201	-72.1389
3.59	-72.6628	-72.7595	-72.8562	-72.9322	-72.9843	-73.0149	-73.028	-73.0271	-73.0154	-72.9955	-72.9691	-72.938	-72.9032	-72.8655	-72.8256	-72.7839	-72.7409	-72.6968	-72.6518	-72.6061	-72.56	-72.5135	-72.467	-72.4208	-72.3752	-72.3306	-72.2877	-72.2473	-72.2104	-72.1781	-72.152	-72.1335	-72.124	-72.1242	-72.1338	-72.1526
3.595	-72.6724	-72.769	-72.8658	-72.9417	-72.9938	-73.0245	-73.0377	-73.0369	-73.0253	-73.0054	-72.9792	-72.9482	-72.9135	-72.876	-72.8362	-72.7947	-72.7519	-72.7079	-72.6631	-72.6176	-72.5716	-72.5253	-72.479	-72.4329	-72.3875	-72.3431	-72.3004	-72.2602	-72.2234	-72.1913	-72.1653	-72.1469	-72.1375	-72.1377	-72.1474	-72.1661
3.6	-72.6819	-72.7786	-72.8753	-72.9512	-73.0033	-73.0341	-73.0473	-73.0466	-73.0351	-73.0154	-72.9893	-72.9584	-72.9239	-72.8864	-72.8468	-72.8055	-72.7628	-72.719	-72.6743	-72.629	-72.5831	-72.537	-72.4909	-72.445	-72.3997	-72.3555	-72.313	-72.273	-72.2364	-72.2045	-72.1786	-72.1603	-72.151	-72.1513	-72.1609	-72.1797
3.605	-72.6915	-72.7881	-72.8848	-72.9607	-73.0128	-73.0437	-73.0569	-73.0563	-73.0449	-73.0253	-72.9994	-72.9686	-72.9342	-72.8969	-72.8574	-72.8162	-72.7737	-72.73	-72.6855	-72.6403	-72.5946	-72.5487	-72.5027	-72.457	-72.4119	-72.3679	-72.3256	-72.2857	-72.2493	-72.2175	-72.1918	-72.1737	-72.1644	-72.1648	-72.1744	-72.1931
3.61	-72.701	-72.7976	-72.8942	-72.9701	-73.0223	-73.0532	-73.0665	-73.066	-73.0547	-73.0352	-73.0094	-72.9787	-72.9444	-72.9073	-72.868	-72.8269	-72.7845	-72.741	-72.6966	-72.6516	-72.6061	-72.5603	-72.5145	-72.469	-72.4241	-72.3803	-72.3381	-72.2984	-72.2622	-72.2306	-72.205	-72.1869	-72.1778	-72.1782	-72.1878	-72.2066
3.615	-72.7105	-72.807	-72.9036	-72.9796	-73.0317	-73.0627	-73.0761	-73.0756	-73.0645	-73.0451	-73.0193	-72.9888	-72.9547	-72.9177	-72.8785	-72.8376	-72.7953	-72.7519	-72.7077	-72.6629	-72.6175	-72.5719	-72.5263	-72.4809	-72.4362	-72.3926	-72.3506	-72.3111	-72.275	-72.2435	-72.2181	-72.2002	-72.1911	-72.1915	-72.2012	-72.2199
3.62	-72.72	-72.8165	-72.913	-72.989	-73.0412	-73.0721	-73.0856	-73.0853	-73.0742	-73.0549	-73.0293	-72.9989	-72.9649	-72.928	-72.8889	-72.8482	-72.806	-72.7628	-72.7188	-72.6741	-72.6289	-72.5835	-72.538	-72.4928	-72.4483	-72.4048	-72.363	-72.3237	-72.2878	-72.2565	-72.2311	-72.2133	-72.2043	-72.2048	-72.2145	-72.2332
3.625	-72.7294	-72.8259	-72.9224	-72.9983	-73.0505	-73.0816	-73.0951	-73.0949	-73.0839	-73.0647	-73.0392	-73.009	-72.975	-72.9383	-72.8994	-72.8588	-72.8168	-72.7737	-72.7298	-72.6853	-72.6403	-72.595	-72.5497	-72.5047	-72.4603	-72.417	-72.3754	-72.3362	-72.3005	-72.2693	-72.2441	-72.2264	-72.2175	-72.2181	-72.2278	-72.2464
3.63	-72.7389	-72.8353	-72.9318	-73.0077	-73.0599	-73.091	-73.1046	-73.1044	-73.0936	-73.0745	-73.0491	-73.019	-72.9852	-72.9486	-72.9098	-72.8693	-72.8275	-72.7846	-72.7408	-72.6964	-72.6516	-72.6065	-72.5614	-72.5165	-72.4723	-72.4292	-72.3877	-72.3487	-72.3131	-72.2821	-72.2571	-72.2395	-72.2307	-72.2313	-72.241	-72.2596
3.635	-72.7483	-72.8447	-72.9411	-73.017	-73.0693	-73.1004	-73.1141	-73.114	-73.1032	-73.0842	-73.059	-73.029	-72.9953	-72.9588	-72.9202	-72.8798	-72.8381	-72.7954	-72.7518	-72.7075	-72.6628	-72.6179	-72.573	-72.5283	-72.4842	-72.4413	-72.4	-72.3612	-72.3258	-72.2949	-72.27	-72.2525	-72.2438	-72.2444	-72.2541	-72.2727
3.64	-72.7577	-72.854	-72.9504	-73.0263	-73.0786	-73.1097	-73.1235	-73.1235	-73.1128	-73.0939	-73.0688	-73.0389	-73.0054	-72.969	-72.9305	-72.8903	-72.8488	-72.8061	-72.7627	-72.7186	-72.6741	-72.6293	-72.5845	-72.54	-72.4961	-72.4534	-72.4123	-72.3736	-72.3383	-72.3076	-72.2829	-72.2655	-72.2568	-72.2575	-72.2672	-72.2858
3.645	-72.767	-72.8633	-72.9597	-73.0356	-73.0879	-73.119	-73.1329	-73.133	-73.1224	-73.1036	-73.0786	-73.0488	-73.0154	-72.9792	-72.9408	-72.9008	-72.8593	-72.8169	-72.7736	-72.7297	-72.6853	-72.6407	-72.596	-72.5517	-72.508	-72.4654	-72.4245	-72.386	-72.3509	-72.3203	-72.2956	-72.2784	-72.2698	-72.2705	-72.2802	-72.2988
3.65	-72.7764	-72.8726	-72.969	-73.0448	-73.0971	-73.1284	-73.1423	-73.1424	-73.132	-73.1133	-73.0884	-73.0587	-73.0254	-72.9894	-72.9511	-72.9112	-72.8699	-72.8276	-72.7844	-72.7407	-72.6964	-72.652	-72.6075	-72.5633	-72.5198	-72.4774	-72.4366	-72.3983	-72.3633	-72.3329	-72.3084	-72.2912	-72.2827	-72.2835	-72.2932	-72.3118
3.655	-72.7857	-72.8819	-72.9782	-73.054	-73.1064	-73.1376	-73.1516	-73.1519	-73.1415	-73.1229	-73.0981	-73.0686	-73.0354	-72.9995	-72.9614	-72.9216	-72.8804	-72.8382	-72.7952	-72.7516	-72.7076	-72.6633	-72.619	-72.5749	-72.5316	-72.4893	-72.4487	-72.4105	-72.3757	-72.3455	-72.3211	-72.304	-72.2956	-72.2964	-72.3061	-72.3247
3.66	-72.795	-72.8912	-72.9874	-73.0632	-73.1156	-73.1469	-73.1609	-73.1613	-73.151	-73.1325	-73.1079	-73.0784	-73.0454	-73.0096	-72.9716	-72.9319	-72.8909	-72.8489	-72.806	-72.7625	-72.7186	-72.6745	-72.6304	-72.5865	-72.5433	-72.5012	-72.4608	-72.4228	-72.3881	-72.358	-72.3337	-72.3168	-72.3084	-72.3093	-72.319	-72.3375
3.665	-72.8042	-72.9004	-72.9966	-73.0724	-73.1248	-73.1561	-73.1702	-73.1707	-73.1605	-73.1421	-73.1176	-73.0882	-73.0553	-73.0196	-72.9818	-72.9422	-72.9014	-72.8595	-72.8168	-72.7734	-72.7297	-72.6857	-72.6417	-72.598	-72.555	-72.513	-72.4728	-72.4349	-72.4005	-72.3705	-72.3463	-72.3295	-72.3212	-72.3221	-72.3318	-72.3503
3.67	-72.8135	-72.9096	-73.0058	-73.0815	-73.1339	-73.1653	-73.1795	-73.18	-73.1699	-73.1517	-73.1272	-73.098	-73.0652	-73.0296	-72.9919	-72.9525	-72.9118	-72.87	-72.8275	-72.7843	-72.7407	-72.6969	-72.653	-72.6095	-72.5666	-72.5248	-72.4847	-72.4471	-72.4127	-72.3829	-72.3589	-72.3421	-72.3339	-72.3348	-72.3446	-72.3631
3.675	-72.8227	-72.9188	-73.0149	-73.0907	-73.1431	-73.1745	-73.1888	-73.1893	-73.1793	-73.1612	-73.1368	-73.1078	-73.0751	-73.0396	-73.002	-72.9628	-72.9222	-72.8806	-72.8382	-72.7951	-72.7517	-72.708	-72.6643	-72.6209	-72.5782	-72.5366	-72.4967	-72.4591	-72.425	-72.3953	-72.3714	-72.3547	-72.3466	-72.3476	-72.3573	-72.3758
3.68	-72.8319	-72.9279	-73.024	-73.0998	-73.1522	-73.1837	-73.198	-73.1986	-73.1887	-73.1707	-73.1465	-73.1175	-73.0849	-73.0496	-73.0121	-72.973	-72.9326	-72.8911	-72.8488	-72.8059	-72.7626	-72.7191	-72.6756	-72.6323	-72.5898	-72.5483	-72.5086	-72.4712	-72.4371	-72.4076	-72.3838	-72.3673	-72.3592	-72.3602	-72.37	-72.3884
3.685	-72.8411	-72.9371	-73.0331	-73.1089	-73.1613	-73.1928	-73.2072	-73.2079	-73.1981	-73.1802	-73.156	-73.1272	-73.0948	-73.0595	-73.0222	-72.9832	-72.9429	-72.9015	-72.8594	-72.8167	-72.7735	-72.7301	-72.6868	-72.6437	-72.6013	-72.56	-72.5204	-72.4832	-72.4493	-72.4199	-72.3962	-72.3798	-72.3718	-72.3728	-72.3826	-72.401
3.69	-72.8503	-72.9462	-73.0422	-73.1179	-73.1703	-73.2019	-73.2164	-73.2172	-73.2074	-73.1896	-73.1656	-73.1369	-73.1045	-73.0695	-73.0322	-72.9934	-72.9532	-72.912	-72.87	-72.8274	-72.7843	-72.7411	-72.6979	-72.655	-72.6128	-72.5716	-72.5322	-72.4951	-72.4614	-72.4321	-72.4086	-72.3922	-72.3843	-72.3854	-72.3952	-72.4136
3.695	-72.8594	-72.9553	-73.0512	-73.1269	-73.1794	-73.211	-73.2255	-73.2264	-73.2168	-73.199	-73.1751	-73.1465	-73.1143	-73.0793	-73.0422	-73.0035	-72.9634	-72.9224	-72.8805	-72.838	-72.7952	-72.7521	-72.7091	-72.6663	-72.6242	-72.5832	-72.5439	-72.507	-72.4734	-72.4443	-72.4209	-72.4046	-72.3968	-72.3979	-72.4077	-72.4261
3.7	-72.8685	-72.9644	-73.0603	-73.136	-73.1884	-73.2201	-73.2346	-73.2356	-73.2261	-73.2084	-73.1846	-73.1561	-73.124	-73.0892	-73.0522	-73.0136	-72.9737	-72.9327	-72.891	-72.8487	-72.806	-72.763	-72.7201	-72.6776	-72.6356	-72.5948	-72.5556	-72.5189	-72.4855	-72.4564	-72.4332	-72.417	-72.4092	-72.4104	-72.4202	-72.4385
3.705	-72.8776	-72.9734	-73.0693	-73.1449	-73.1974	-73.2291	-73.2437	-73.2448	-73.2353	-73.2178	-73.1941	-73.1657	-73.1337	-73.099	-73.0622	-73.0237	-72.9839	-72.9431	-72.9015	-72.8593	-72.8167	-72.7739	-72.7312	-72.6888	-72.647	-72.6063	-72.5673	-72.5307	-72.4974	-72.4685	-72.4454	-72.4293	-72.4216	-72.4228	-72.4326	-72.4509
3.71	-72.8867	-72.9824	-73.0783	-73.1539	-73.2064	-73.2381	-73.2528	-73.2539	-73.2446	-73.2271	-73.2035	-73.1753	-73.1434	-73.1088	-73.0721	-73.0337	-72.994	-72.9534	-72.9119	-72.8699	-72.8274	-72.7848	-72.7422	-72.6999	-72.6583	-72.6178	-72.5789	-72.5425	-72.5093	-72.4806	-72.4575	-72.4416	-72.4339	-72.4351	-72.4449	-72.4632
3.715	-72.8957	-72.9914	-73.0872	-73.1628	-73.2154	-73.2471	-73.2619	-73.2631	-73.2538	-73.2365	-73.213	-73.1848	-73.153	-73.1186	-73.082	-73.0437	-73.0042	-72.9636	-72.9223	-72.8804	-72.8381	-72.7956	-72.7532	-72.7111	-72.6696	-72.6292	-72.5905	-72.5542	-72.5212	-72.4926	-72.4697	-72.4538	-72.4462	-72.4474	-72.4572	-72.4755
3.72	-72.9048	-73.0004	-73.0962	-73.1718	-73.2243	-73.2561	-73.2709	-73.2722	-73.263	-73.2457	-73.2224	-73.1943	-73.1627	-73.1283	-73.0918	-73.0537	-73.0143	-72.9739	-72.9327	-72.8909	-72.8488	-72.8064	-72.7641	-72.7222	-72.6808	-72.6406	-72.6021	-72.5659	-72.533	-72.5045	-72.4817	-72.466	-72.4584	-72.4597	-72.4695	-72.4878
3.725	-72.9138	-73.0094	-73.1051	-73.1807	-73.2332	-73.2651	-73.2799	-73.2813	-73.2721	-73.255	-73.2317	-73.2038	-73.1722	-73.138	-73.1016	-73.0636	-73.0244	-72.9841	-72.943	-72.9014	-72.8594	-72.8172	-72.775	-72.7332	-72.692	-72.652	-72.6136	-72.5776	-72.5448	-72.5165	-72.4938	-72.4781	-72.4706	-72.4719	-72.4817	-72.5
3.73	-72.9228	-73.0183	-73.114	-73.1895	-73.2421	-73.274	-73.2889	-73.2903	-73.2813	-73.2642	-73.2411	-73.2132	-73.1818	-73.1477	-73.1114	-73.0736	-73.0344	-72.9943	-72.9534	-72.9119	-72.87	-72.8279	-72.7859	-72.7442	-72.7032	-72.6633	-72.625	-72.5892	-72.5566	-72.5283	-72.5057	-72.4901	-72.4827	-72.4841	-72.4939	-72.5121
3.735	-72.9317	-73.0273	-73.1228	-73.1984	-73.2509	-73.2829	-73.2978	-73.2993	-73.2904	-73.2735	-73.2504	-73.2226	-73.1913	-73.1573	-73.1212	-73.0835	-73.0444	-73.0044	-72.9636	-72.9223	-72.8805	-72.8386	-72.7968	-72.7552	-72.7143	-72.6746	-72.6365	-72.6007	-72.5683	-72.5402	-72.5177	-72.5022	-72.4948	-72.4962	-72.506	-72.5242
3.74	-72.9407	-73.0362	-73.1317	-73.2072	-73.2598	-73.2918	-73.3068	-73.3084	-73.2995	-73.2826	-73.2597	-73.232	-73.2009	-73.167	-73.131	-73.0933	-73.0544	-73.0145	-72.9739	-72.9327	-72.8911	-72.8493	-72.8075	-72.7662	-72.7254	-72.6858	-72.6479	-72.6123	-72.5799	-72.552	-72.5296	-72.5142	-72.5069	-72.5083	-72.5181	-72.5363
3.745	-72.9496	-73.045	-73.1405	-73.216	-73.2686	-73.3006	-73.3157	-73.3173	-73.3086	-73.2918	-73.2689	-73.2414	-73.2103	-73.1765	-73.1407	-73.1032	-73.0644	-73.0246	-72.9841	-72.943	-72.9015	-72.8599	-72.8183	-72.7771	-72.7365	-72.697	-72.6592	-72.6238	-72.5916	-72.5637	-72.5414	-72.5261	-72.5189	-72.5203	-72.5301	-72.5483
3.75	-72.9585	-73.0539	-73.1493	-73.2248	-73.2774	-73.3094	-73.3246	-73.3263	-73.3176	-73.3009	-73.2782	-73.2508	-73.2198	-73.1861	-73.1503	-73.113	-73.0743	-73.0347	-72.9943	-72.9533	-72.912	-72.8705	-72.829	-72.7879	-72.7475	-72.7082	-72.6705	-72.6352	-72.6031	-72.5754	-72.5532	-72.538	-72.5308	-72.5323	-72.5421	-72.5603
3.755	-72.9674	-73.0627	-73.1581	-73.2336	-73.2862	-73.3183	-73.3334	-73.3352	-73.3266	-73.3101	-73.2874	-73.2601	-73.2292	-73.1957	-73.16	-73.1227	-73.0842	-73.0447	-73.0044	-72.9636	-72.9224	-72.881	-72.8397	-72.7988	-72.7585	-72.7193	-72.6818	-72.6466	-72.6147	-72.5871	-72.565	-72.5498	-72.5427	-72.5442	-72.5541	-72.5722
3.76	-72.9762	-73.0715	-73.1669	-73.2423	-73.2949	-73.327	-73.3423	-73.3442	-73.3356	-73.3192	-73.2966	-73.2694	-73.2386	-73.2052	-73.1696	-73.1325	-73.0941	-73.0547	-73.0145	-72.9739	-72.9328	-72.8916	-72.8504	-72.8096	-72.7694	-72.7304	-72.693	-72.658	-72.6262	-72.5987	-72.5767	-72.5616	-72.5546	-72.5561	-72.566	-72.584
3.765	-72.9851	-73.0803	-73.1756	-73.2511	-73.3037	-73.3358	-73.3511	-73.353	-73.3446	-73.3282	-73.3057	-73.2786	-73.248	-73.2147	-73.1792	-73.1422	-73.1039	-73.0647	-73.0246	-72.9841	-72.9431	-72.9021	-72.861	-72.8203	-72.7803	-72.7414	-72.7042	-72.6693	-72.6376	-72.6103	-72.5884	-72.5734	-72.5664	-72.568	-72.5778	-72.5959
3.77	-72.9939	-73.0891	-73.1844	-73.2598	-73.3124	-73.3446	-73.3599	-73.3619	-73.3536	-73.3373	-73.3149	-73.2879	-73.2573	-73.2241	-73.1888	-73.1519	-73.1137	-73.0746	-73.0347	-72.9943	-72.9535	-72.9125	-72.8716	-72.8311	-72.7912	-72.7524	-72.7153	-72.6806	-72.649	-72.6218	-72.6	-72.5851	-72.5782	-72.5798	-72.5896	-72.6077
3.775	-73.0027	-73.0979	-73.1931	-73.2684	-73.3211	-73.3533	-73.3687	-73.3708	-73.3625	-73.3463	-73.324	-73.2971	-73.2667	-73.2336	-73.1984	-73.1616	-73.1235	-73.0845	-73.0447	-73.0044	-72.9638	-72.9229	-72.8822	-72.8418	-72.802	-72.7634	-72.7265	-72.6918	-72.6604	-72.6333	-72.6116	-72.5968	-72.5899	-72.5916	-72.6014	-72.6194
3.78	-73.0115	-73.1066	-73.2018	-73.2771	-73.3297	-73.362	-73.3774	-73.3796	-73.3714	-73.3553	-73.3331	-73.3063	-73.276	-73.243	-73.2079	-73.1712	-73.1333	-73.0944	-73.0547	-73.0145	-72.974	-72.9333	-72.8927	-72.8524	-72.8128	-72.7744	-72.7375	-72.703	-72.6718	-72.6447	-72.6232	-72.6084	-72.6016	-72.6033	-72.6131	-72.6311
3.785	-73.0203	-73.1153	-73.2104	-73.2858	-73.3384	-73.3707	-73.3862	-73.3884	-73.3803	-73.3642	-73.3422	-73.3155	-73.2852	-73.2523	-73.2174	-73.1808	-73.143	-73.1042	-73.0647	-73.0246	-72.9842	-72.9437	-72.9032	-72.8631	-72.8236	-72.7853	-72.7486	-72.7142	-72.6831	-72.6561	-72.6347	-72.62	-72.6133	-72.6149	-72.6248	-72.6427
3.79	-73.029	-73.124	-73.2191	-73.2944	-73.347	-73.3793	-73.3949	-73.3972	-73.3891	-73.3732	-73.3512	-73.3246	-73.2945	-73.2617	-73.2268	-73.1904	-73.1527	-73.114	-73.0746	-73.0347	-72.9944	-72.954	-72.9137	-72.8736	-72.8343	-72.7961	-72.7596	-72.7253	-72.6943	-72.6675	-72.6462	-72.6316	-72.6249	-72.6266	-72.6364	-72.6543
3.795	-73.0377	-73.1327	-73.2277	-73.303	-73.3556	-73.3879	-73.4036	-73.4059	-73.398	-73.3821	-73.3602	-73.3337	-73.3037	-73.271	-73.2363	-73.1999	-73.1624	-73.1238	-73.0845	-73.0447	-73.0046	-72.9643	-72.9241	-72.8842	-72.845	-72.807	-72.7705	-72.7364	-72.7055	-72.6788	-72.6576	-72.6431	-72.6364	-72.6382	-72.648	-72.6659
3.8	-73.0464	-73.1413	-73.2363	-73.3115	-73.3642	-73.3966	-73.4122	-73.4146	-73.4068	-73.391	-73.3692	-73.3428	-73.3129	-73.2803	-73.2457	-73.2095	-73.172	-73.1336	-73.0944	-73.0547	-73.0147	-72.9746	-72.9345	-72.8947	-72.8557	-72.8178	-72.7815	-72.7475	-72.7167	-72.6901	-72.669	-72.6546	-72.648	-72.6497	-72.6595	-72.6774
3.805	-73.0551	-73.1499	-73.2449	-73.3201	-73.3727	-73.4052	-73.4209	-73.4234	-73.4156	-73.3999	-73.3782	-73.3519	-73.3221	-73.2896	-73.2551	-73.219	-73.1816	-73.1433	-73.1043	-73.0647	-73.0248	-72.9848	-72.9448	-72.9052	-72.8663	-72.8285	-72.7924	-72.7585	-72.7279	-72.7014	-72.6804	-72.666	-72.6594	-72.6612	-72.671	-72.6889
3.81	-73.0638	-73.1586	-73.2534	-73.3286	-73.3813	-73.4137	-73.4295	-73.4321	-73.4243	-73.4087	-73.3871	-73.3609	-73.3312	-73.2989	-73.2644	-73.2284	-73.1912	-73.153	-73.1141	-73.0747	-73.0349	-72.995	-72.9552	-72.9157	-72.8769	-72.8392	-72.8032	-72.7695	-72.739	-72.7126	-72.6917	-72.6774	-72.6709	-72.6727	-72.6825	-72.7003
3.815	-73.0724	-73.1672	-73.262	-73.3372	-73.3898	-73.4223	-73.4381	-73.4407	-73.4331	-73.4176	-73.396	-73.3699	-73.3403	-73.3081	-73.2738	-73.2379	-73.2008	-73.1627	-73.1239	-73.0846	-73.0449	-73.0051	-72.9655	-72.9261	-72.8875	-72.8499	-72.814	-72.7805	-72.75	-72.7238	-72.7029	-72.6887	-72.6823	-72.6841	-72.6939	-72.7117
3.82	-73.081	-73.1757	-73.2705	-73.3456	-73.3983	-73.4308	-73.4467	-73.4494	-73.4418	-73.4264	-73.4049	-73.3789	-73.3494	-73.3173	-73.2831	-73.2473	-73.2103	-73.1723	-73.1337	-73.0945	-73.0549	-73.0153	-72.9757	-72.9365	-72.898	-72.8606	-72.8248	-72.7914	-72.7611	-72.7349	-72.7142	-72.7	-72.6936	-72.6955	-72.7053	-72.7231
3.825	-73.0897	-73.1843	-73.279	-73.3541	-73.4068	-73.4393	-73.4552	-73.458	-73.4505	-73.4352	-73.4138	-73.3879	-73.3585	-73.3265	-73.2924	-73.2567	-73.2198	-73.182	-73.1434	-73.1043	-73.0649	-73.0254	-72.986	-72.9469	-72.9085	-72.8712	-72.8356	-72.8022	-72.7721	-72.746	-72.7254	-72.7113	-72.705	-72.7068	-72.7166	-72.7344
3.83	-73.0982	-73.1928	-73.2875	-73.3626	-73.4153	-73.4478	-73.4638	-73.4666	-73.4592	-73.4439	-73.4227	-73.3969	-73.3676	-73.3356	-73.3016	-73.2661	-73.2293	-73.1915	-73.1531	-73.1142	-73.0749	-73.0355	-72.9962	-72.9572	-72.9189	-72.8818	-72.8463	-72.8131	-72.783	-72.7571	-72.7365	-72.7225	-72.7162	-72.7181	-72.7279	-72.7457
3.835	-73.1068	-73.2013	-73.2959	-73.371	-73.4237	-73.4563	-73.4723	-73.4752	-73.4678	-73.4527	-73.4315	-73.4058	-73.3766	-73.3447	-73.3109	-73.2754	-73.2387	-73.2011	-73.1628	-73.124	-73.0848	-73.0455	-73.0063	-72.9675	-72.9294	-72.8923	-72.857	-72.8239	-72.7939	-72.7681	-72.7476	-72.7337	-72.7275	-72.7294	-72.7392	-72.7569
3.84	-73.1154	-73.2098	-73.3044	-73.3794	-73.4321	-73.4647	-73.4808	-73.4837	-73.4765	-73.4614	-73.4403	-73.4147	-73.3856	-73.3538	-73.3201	-73.2847	-73.2481	-73.2106	-73.1724	-73.1337	-73.0947	-73.0555	-73.0165	-72.9778	-72.9398	-72.9029	-72.8676	-72.8346	-72.8048	-72.7791	-72.7587	-72.7449	-72.7387	-72.7406	-72.7504	-72.7681
3.845	-73.1239	-73.2183	-73.3128	-73.3878	-73.4405	-73.4731	-73.4893	-73.4923	-73.4851	-73.4701	-73.4491	-73.4236	-73.3946	-73.3629	-73.3292	-73.294	-73.2575	-73.2202	-73.1821	-73.1435	-73.1046	-73.0655	-73.0266	-72.988	-72.9501	-72.9134	-72.8782	-72.8454	-72.8157	-72.7901	-72.7698	-72.756	-72.7498	-72.7518	-72.7616	-72.7793
3.85	-73.1324	-73.2268	-73.3212	-73.3962	-73.4489	-73.4816	-73.4977	-73.5008	-73.4937	-73.4788	-73.4579	-73.4324	-73.4035	-73.372	-73.3384	-73.3033	-73.2669	-73.2296	-73.1917	-73.1532	-73.1144	-73.0755	-73.0367	-72.9982	-72.9604	-72.9238	-72.8888	-72.8561	-72.8265	-72.801	-72.7808	-72.7671	-72.761	-72.7629	-72.7727	-72.7904
3.855	-73.1409	-73.2352	-73.3296	-73.4046	-73.4573	-73.4899	-73.5061	-73.5093	-73.5022	-73.4874	-73.4666	-73.4413	-73.4124	-73.381	-73.3475	-73.3125	-73.2763	-73.2391	-73.2012	-73.1629	-73.1242	-73.0854	-73.0467	-73.0084	-72.9707	-72.9342	-72.8993	-72.8667	-72.8372	-72.8119	-72.7917	-72.7781	-72.772	-72.774	-72.7838	-72.8015
3.86	-73.1494	-73.2436	-73.338	-73.4129	-73.4656	-73.4983	-73.5146	-73.5178	-73.5108	-73.496	-73.4753	-73.4501	-73.4214	-73.39	-73.3566	-73.3217	-73.2856	-73.2485	-73.2108	-73.1725	-73.134	-73.0953	-73.0567	-73.0185	-72.981	-72.9446	-72.9099	-72.8774	-72.848	-72.8227	-72.8027	-72.7891	-72.7831	-72.7851	-72.7949	-72.8125
3.865	-73.1578	-73.252	-73.3463	-73.4212	-73.4739	-73.5067	-73.5229	-73.5262	-73.5193	-73.5046	-73.484	-73.4588	-73.4302	-73.399	-73.3657	-73.3309	-73.2949	-73.2579	-73.2203	-73.1822	-73.1437	-73.1052	-73.0667	-73.0286	-72.9912	-72.955	-72.9203	-72.888	-72.8587	-72.8335	-72.8136	-72.8001	-72.7941	-72.7961	-72.8059	-72.8235
3.87	-73.1663	-73.2604	-73.3546	-73.4295	-73.4822	-73.515	-73.5313	-73.5346	-73.5278	-73.5132	-73.4927	-73.4676	-73.4391	-73.4079	-73.3748	-73.3401	-73.3042	-73.2673	-73.2298	-73.1918	-73.1534	-73.115	-73.0767	-73.0387	-73.0014	-72.9653	-72.9308	-72.8985	-72.8694	-72.8443	-72.8244	-72.811	-72.8051	-72.8071	-72.8169	-72.8344
3.875	-73.1747	-73.2688	-73.3629	-73.4378	-73.4905	-73.5233	-73.5397	-73.5431	-73.5363	-73.5218	-73.5013	-73.4764	-73.4479	-73.4169	-73.3838	-73.3492	-73.3134	-73.2767	-73.2393	-73.2013	-73.1631	-73.1248	-73.0866	-73.0488	-73.0116	-72.9756	-72.9412	-72.909	-72.88	-72.855	-72.8352	-72.8219	-72.816	-72.8181	-72.8278	-72.8454
3.88	-73.1831	-73.2771	-73.3712	-73.4461	-73.4988	-73.5316	-73.548	-73.5514	-73.5448	-73.5303	-73.51	-73.4851	-73.4567	-73.4258	-73.3928	-73.3583	-73.3226	-73.286	-73.2487	-73.2109	-73.1728	-73.1346	-73.0965	-73.0588	-73.0218	-72.9858	-72.9516	-72.9195	-72.8906	-72.8657	-72.846	-72.8327	-72.8269	-72.829	-72.8387	-72.8562
3.885	-73.1915	-73.2854	-73.3795	-73.4543	-73.507	-73.5398	-73.5563	-73.5598	-73.5532	-73.5389	-73.5186	-73.4938	-73.4655	-73.4347	-73.4018	-73.3674	-73.3318	-73.2953	-73.2581	-73.2204	-73.1824	-73.1443	-73.1064	-73.0688	-73.0319	-72.9961	-72.9619	-72.93	-72.9012	-72.8764	-72.8568	-72.8435	-72.8377	-72.8399	-72.8496	-72.8671
3.89	-73.1999	-73.2938	-73.3878	-73.4625	-73.5152	-73.5481	-73.5646	-73.5682	-73.5616	-73.5474	-73.5272	-73.5024	-73.4743	-73.4435	-73.4108	-73.3765	-73.341	-73.3046	-73.2675	-73.2299	-73.192	-73.1541	-73.1162	-73.0787	-73.0419	-73.0063	-72.9722	-72.9404	-72.9117	-72.887	-72.8675	-72.8543	-72.8486	-72.8507	-72.8604	-72.8779
3.895	-73.2082	-73.302	-73.396	-73.4707	-73.5234	-73.5563	-73.5729	-73.5765	-73.57	-73.5558	-73.5357	-73.5111	-73.483	-73.4524	-73.4197	-73.3855	-73.3501	-73.3138	-73.2768	-73.2394	-73.2016	-73.1637	-73.126	-73.0886	-73.052	-73.0164	-72.9825	-72.9508	-72.9222	-72.8976	-72.8782	-72.8651	-72.8593	-72.8615	-72.8712	-72.8887
3.9	-73.2165	-73.3103	-73.4042	-73.4789	-73.5316	-73.5645	-73.5811	-73.5848	-73.5784	-73.5643	-73.5443	-73.5197	-73.4918	-73.4612	-73.4286	-73.3945	-73.3592	-73.323	-73.2862	-73.2488	-73.2112	-73.1734	-73.1358	-73.0985	-73.062	-73.0266	-72.9928	-72.9612	-72.9327	-72.9082	-72.8888	-72.8758	-72.8701	-72.8723	-72.882	-72.8994
3.905	-73.2249	-73.3186	-73.4124	-73.4871	-73.5398	-73.5727	-73.5894	-73.5931	-73.5868	-73.5727	-73.5528	-73.5283	-73.5005	-73.47	-73.4375	-73.4035	-73.3683	-73.3322	-73.2955	-73.2582	-73.2207	-73.1831	-73.1455	-73.1084	-73.072	-73.0367	-73.003	-72.9715	-72.9431	-72.9187	-72.8994	-72.8864	-72.8808	-72.883	-72.8927	-72.9101
3.91	-73.2332	-73.3268	-73.4206	-73.4952	-73.5479	-73.5809	-73.5976	-73.6014	-73.5951	-73.5811	-73.5613	-73.5369	-73.5091	-73.4788	-73.4464	-73.4125	-73.3774	-73.3414	-73.3048	-73.2676	-73.2302	-73.1927	-73.1553	-73.1183	-73.0819	-73.0467	-73.0132	-72.9818	-72.9535	-72.9292	-72.91	-72.8971	-72.8915	-72.8937	-72.9034	-72.9208
3.915	-73.2414	-73.335	-73.4288	-73.5034	-73.5561	-73.589	-73.6058	-73.6096	-73.6034	-73.5895	-73.5698	-73.5455	-73.5178	-73.4875	-73.4552	-73.4214	-73.3864	-73.3506	-73.314	-73.277	-73.2397	-73.2022	-73.165	-73.1281	-73.0919	-73.0568	-73.0233	-72.9921	-72.9639	-72.9396	-72.9205	-72.9077	-72.9021	-72.9043	-72.914	-72.9314
3.92	-73.2497	-73.3432	-73.4369	-73.5115	-73.5642	-73.5972	-73.614	-73.6179	-73.6117	-73.5979	-73.5782	-73.554	-73.5264	-73.4962	-73.4641	-73.4304	-73.3955	-73.3597	-73.3232	-73.2863	-73.2491	-73.2118	-73.1746	-73.1378	-73.1018	-73.0668	-73.0334	-73.0023	-72.9742	-72.9501	-72.931	-72.9182	-72.9127	-72.915	-72.9247	-72.942
3.925	-73.2579	-73.3514	-73.445	-73.5196	-73.5723	-73.6053	-73.6221	-73.6261	-73.62	-73.6063	-73.5867	-73.5626	-73.535	-73.505	-73.4729	-73.4392	-73.4045	-73.3688	-73.3324	-73.2956	-73.2585	-73.2213	-73.1843	-73.1476	-73.1116	-73.0768	-73.0435	-73.0125	-72.9845	-72.9605	-72.9415	-72.9288	-72.9233	-72.9255	-72.9352	-72.9525
3.93	-73.2662	-73.3596	-73.4531	-73.5277	-73.5803	-73.6134	-73.6302	-73.6343	-73.6283	-73.6146	-73.5951	-73.5711	-73.5436	-73.5136	-73.4816	-73.4481	-73.4134	-73.3779	-73.3416	-73.3049	-73.2679	-73.2308	-73.1939	-73.1573	-73.1215	-73.0867	-73.0536	-73.0227	-72.9948	-72.9708	-72.9519	-72.9393	-72.9338	-72.9361	-72.9458	-72.9631
3.935	-73.2744	-73.3677	-73.4612	-73.5357	-73.5884	-73.6215	-73.6384	-73.6424	-73.6365	-73.6229	-73.6035	-73.5795	-73.5522	-73.5223	-73.4904	-73.457	-73.4224	-73.3869	-73.3508	-73.3142	-73.2773	-73.2403	-73.2035	-73.167	-73.1313	-73.0966	-73.0636	-73.0328	-73.005	-72.9811	-72.9623	-72.9497	-72.9443	-72.9466	-72.9563	-72.9735
3.94	-73.2826	-73.3759	-73.4693	-73.5438	-73.5964	-73.6295	-73.6465	-73.6506	-73.6447	-73.6312	-73.6118	-73.588	-73.5608	-73.5309	-73.4991	-73.4658	-73.4313	-73.3959	-73.3599	-73.3234	-73.2866	-73.2498	-73.213	-73.1767	-73.1411	-73.1065	-73.0736	-73.0429	-73.0152	-72.9914	-72.9727	-72.9602	-72.9548	-72.9571	-72.9668	-72.984
3.945	-73.2908	-73.384	-73.4774	-73.5518	-73.6045	-73.6376	-73.6545	-73.6587	-73.6529	-73.6395	-73.6202	-73.5964	-73.5693	-73.5396	-73.5078	-73.4746	-73.4402	-73.4049	-73.369	-73.3326	-73.2959	-73.2592	-73.2226	-73.1863	-73.1508	-73.1164	-73.0836	-73.053	-73.0254	-73.0017	-72.9831	-72.9706	-72.9652	-72.9675	-72.9772	-72.9944
3.95	-73.2989	-73.3921	-73.4854	-73.5598	-73.6125	-73.6456	-73.6626	-73.6668	-73.6611	-73.6477	-73.6285	-73.6049	-73.5778	-73.5481	-73.5165	-73.4834	-73.4491	-73.4139	-73.3781	-73.3418	-73.3052	-73.2686	-73.2321	-73.196	-73.1605	-73.1262	-73.0935	-73.063	-73.0355	-73.0119	-72.9934	-72.9809	-72.9756	-72.978	-72.9876	-73.0048
3.955	-73.3071	-73.4002	-73.4934	-73.5678	-73.6204	-73.6536	-73.6707	-73.6749	-73.6693	-73.656	-73.6368	-73.6133	-73.5863	-73.5567	-73.5252	-73.4921	-73.458	-73.4229	-73.3871	-73.351	-73.3145	-73.2779	-73.2415	-73.2055	-73.1702	-73.136	-73.1034	-73.0731	-73.0456	-73.0221	-73.0036	-72.9913	-72.986	-72.9883	-72.998	-73.0151
3.96	-73.3152	-73.4082	-73.5014	-73.5758	-73.6284	-73.6616	-73.6787	-73.683	-73.6774	-73.6642	-73.6451	-73.6216	-73.5947	-73.5653	-73.5338	-73.5009	-73.4668	-73.4318	-73.3962	-73.3601	-73.3237	-73.2873	-73.251	-73.2151	-73.1799	-73.1458	-73.1133	-73.083	-73.0557	-73.0323	-73.0139	-73.0016	-72.9963	-72.9987	-73.0083	-73.0254
3.965	-73.3233	-73.4163	-73.5094	-73.5837	-73.6364	-73.6695	-73.6867	-73.6911	-73.6855	-73.6724	-73.6534	-73.63	-73.6032	-73.5738	-73.5425	-73.5096	-73.4756	-73.4407	-73.4052	-73.3692	-73.3329	-73.2966	-73.2604	-73.2246	-73.1896	-73.1556	-73.1232	-73.093	-73.0658	-73.0424	-73.0241	-73.0118	-73.0067	-73.009	-73.0186	-73.0357
3.97	-73.3314	-73.4243	-73.5174	-73.5917	-73.6443	-73.6775	-73.6947	-73.6991	-73.6937	-73.6806	-73.6617	-73.6383	-73.6116	-73.5823	-73.5511	-73.5183	-73.4844	-73.4496	-73.4142	-73.3783	-73.3421	-73.3059	-73.2698	-73.2341	-73.1992	-73.1653	-73.133	-73.1029	-73.0758	-73.0526	-73.0343	-73.0221	-73.0169	-73.0193	-73.0289	-73.046
3.975	-73.3395	-73.4323	-73.5253	-73.5996	-73.6522	-73.6854	-73.7026	-73.7071	-73.7017	-73.6887	-73.6699	-73.6466	-73.62	-73.5908	-73.5596	-73.527	-73.4931	-73.4585	-73.4231	-73.3873	-73.3513	-73.3152	-73.2792	-73.2436	-73.2087	-73.175	-73.1428	-73.1128	-73.0858	-73.0626	-73.0444	-73.0323	-73.0272	-73.0295	-73.0391	-73.0562
3.98	-73.3475	-73.4403	-73.5333	-73.6075	-73.6601	-73.6933	-73.7106	-73.7151	-73.7098	-73.6969	-73.6781	-73.6549	-73.6284	-73.5993	-73.5682	-73.5356	-73.5019	-73.4673	-73.4321	-73.3964	-73.3604	-73.3244	-73.2885	-73.2531	-73.2183	-73.1846	-73.1526	-73.1227	-73.0957	-73.0727	-73.0545	-73.0424	-73.0374	-73.0397	-73.0493	-73.0664
3.985	-73.3556	-73.4483	-73.5412	-73.6154	-73.668	-73.7012	-73.7185	-73.7231	-73.7179	-73.705	-73.6863	-73.6632	-73.6367	-73.6077	-73.5767	-73.5442	-73.5106	-73.4761	-73.441	-73.4054	-73.3695	-73.3336	-73.2979	-73.2625	-73.2278	-73.1943	-73.1623	-73.1325	-73.1057	-73.0827	-73.0646	-73.0526	-73.0475	-73.0499	-73.0595	-73.0765
3.99	-73.3636	-73.4563	-73.5491	-73.6232	-73.6758	-73.7091	-73.7264	-73.7311	-73.7259	-73.7131	-73.6945	-73.6715	-73.6451	-73.6161	-73.5852	-73.5528	-73.5193	-73.4849	-73.4499	-73.4144	-73.3786	-73.3428	-73.3072	-73.2719	-73.2373	-73.2039	-73.172	-73.1423	-73.1156	-73.0927	-73.0747	-73.0627	-73.0577	-73.0601	-73.0697	-73.0866
3.995	-73.3716	-73.4642	-73.557	-73.6311	-73.6837	-73.717	-73.7343	-73.739	-73.7339	-73.7212	-73.7026	-73.6797	-73.6534	-73.6245	-73.5937	-73.5614	-73.528	-73.4937	-73.4587	-73.4233	-73.3877	-73.352	-73.3164	-73.2813	-73.2468	-73.2135	-73.1817	-73.1521	-73.1255	-73.1026	-73.0847	-73.0728	-73.0678	-73.0702	-73.0798	-73.0967
4	-73.3796	-73.4721	-73.5648	-73.6389	-73.6915	-73.7248	-73.7422	-73.747	-73.7419	-73.7292	-73.7108	-73.6879	-73.6617	-73.6329	-73.6022	-73.57	-73.5366	-73.5024	-73.4676	-73.4323	-73.3967	-73.3611	-73.3257	-73.2906	-73.2563	-73.223	-73.1914	-73.1619	-73.1353	-73.1125	-73.0947	-73.0828	-73.0779	-73.0803	-73.0898	-73.1068
4.005	-73.3876	-73.48	-73.5727	-73.6467	-73.6993	-73.7327	-73.7501	-73.7549	-73.7499	-73.7373	-73.7189	-73.6961	-73.67	-73.6413	-73.6106	-73.5785	-73.5453	-73.5112	-73.4764	-73.4412	-73.4058	-73.3702	-73.3349	-73.2999	-73.2657	-73.2326	-73.201	-73.1716	-73.1451	-73.1224	-73.1046	-73.0928	-73.0879	-73.0903	-73.0999	-73.1168
4.01	-73.3956	-73.4879	-73.5805	-73.6545	-73.7071	-73.7405	-73.7579	-73.7628	-73.7578	-73.7453	-73.727	-73.7043	-73.6782	-73.6496	-73.6191	-73.5871	-73.5539	-73.5199	-73.4852	-73.4501	-73.4147	-73.3793	-73.3441	-73.3092	-73.2751	-73.2421	-73.2106	-73.1813	-73.1549	-73.1323	-73.1146	-73.1028	-73.0979	-73.1004	-73.1099	-73.1268
4.015	-73.4035	-73.4958	-73.5884	-73.6623	-73.7149	-73.7483	-73.7658	-73.7707	-73.7658	-73.7533	-73.7351	-73.7124	-73.6865	-73.6579	-73.6275	-73.5955	-73.5625	-73.5285	-73.494	-73.459	-73.4237	-73.3884	-73.3532	-73.3185	-73.2845	-73.2515	-73.2201	-73.1909	-73.1646	-73.1421	-73.1245	-73.1128	-73.1079	-73.1104	-73.1199	-73.1367
4.02	-73.4114	-73.5037	-73.5962	-73.6701	-73.7226	-73.756	-73.7736	-73.7785	-73.7737	-73.7613	-73.7431	-73.7206	-73.6947	-73.6663	-73.6359	-73.604	-73.571	-73.5372	-73.5027	-73.4678	-73.4327	-73.3974	-73.3624	-73.3277	-73.2938	-73.261	-73.2297	-73.2006	-73.1744	-73.1519	-73.1343	-73.1227	-73.1179	-73.1203	-73.1298	-73.1467
4.025	-73.4194	-73.5115	-73.6039	-73.6778	-73.7304	-73.7638	-73.7814	-73.7864	-73.7816	-73.7692	-73.7512	-73.7287	-73.7029	-73.6745	-73.6442	-73.6125	-73.5796	-73.5458	-73.5115	-73.4766	-73.4416	-73.4065	-73.3715	-73.337	-73.3031	-73.2704	-73.2392	-73.2102	-73.1841	-73.1617	-73.1442	-73.1326	-73.1278	-73.1302	-73.1398	-73.1566
4.03	-73.4273	-73.5194	-73.6117	-73.6856	-73.7381	-73.7715	-73.7891	-73.7942	-73.7895	-73.7772	-73.7592	-73.7368	-73.7111	-73.6828	-73.6526	-73.6209	-73.5881	-73.5544	-73.5202	-73.4854	-73.4505	-73.4155	-73.3806	-73.3462	-73.3124	-73.2798	-73.2487	-73.2198	-73.1937	-73.1715	-73.154	-73.1424	-73.1377	-73.1402	-73.1497	-73.1664
4.035	-73.4351	-73.5272	-73.6195	-73.6933	-73.7458	-73.7793	-73.7969	-73.802	-73.7973	-73.7851	-73.7672	-73.7449	-73.7192	-73.691	-73.6609	-73.6293	-73.5966	-73.563	-73.5288	-73.4942	-73.4594	-73.4244	-73.3897	-73.3553	-73.3217	-73.2891	-73.2582	-73.2293	-73.2034	-73.1812	-73.1638	-73.1523	-73.1475	-73.15	-73.1595	-73.1763
4.04	-73.443	-73.535	-73.6272	-73.701	-73.7535	-73.787	-73.8046	-73.8098	-73.8052	-73.793	-73.7752	-73.7529	-73.7274	-73.6993	-73.6692	-73.6377	-73.6051	-73.5716	-73.5375	-73.503	-73.4682	-73.4334	-73.3987	-73.3645	-73.3309	-73.2985	-73.2676	-73.2389	-73.213	-73.1909	-73.1735	-73.1621	-73.1574	-73.1599	-73.1693	-73.1861
4.045	-73.4509	-73.5428	-73.6349	-73.7087	-73.7612	-73.7947	-73.8124	-73.8176	-73.813	-73.8009	-73.7831	-73.761	-73.7355	-73.7075	-73.6775	-73.6461	-73.6135	-73.5802	-73.5461	-73.5117	-73.477	-73.4423	-73.4077	-73.3736	-73.3401	-73.3078	-73.277	-73.2484	-73.2226	-73.2005	-73.1833	-73.1718	-73.1672	-73.1697	-73.1791	-73.1958
4.05	-73.4587	-73.5505	-73.6426	-73.7163	-73.7689	-73.8023	-73.8201	-73.8253	-73.8208	-73.8088	-73.7911	-73.769	-73.7436	-73.7156	-73.6858	-73.6544	-73.622	-73.5887	-73.5548	-73.5204	-73.4858	-73.4512	-73.4167	-73.3827	-73.3493	-73.3171	-73.2864	-73.2578	-73.2321	-73.2102	-73.193	-73.1816	-73.1769	-73.1795	-73.1889	-73.2056
4.055	-73.4665	-73.5583	-73.6503	-73.724	-73.7765	-73.81	-73.8278	-73.833	-73.8286	-73.8167	-73.799	-73.777	-73.7517	-73.7238	-73.694	-73.6628	-73.6304	-73.5972	-73.5634	-73.5291	-73.4946	-73.4601	-73.4257	-73.3917	-73.3585	-73.3263	-73.2957	-73.2673	-73.2417	-73.2198	-73.2026	-73.1913	-73.1867	-73.1892	-73.1987	-73.2153
4.06	-73.4743	-73.566	-73.658	-73.7316	-73.7841	-73.8176	-73.8354	-73.8408	-73.8364	-73.8245	-73.8069	-73.785	-73.7597	-73.7319	-73.7022	-73.6711	-73.6388	-73.6057	-73.5719	-73.5378	-73.5034	-73.4689	-73.4347	-73.4008	-73.3676	-73.3356	-73.3051	-73.2767	-73.2512	-73.2294	-73.2123	-73.201	-73.1964	-73.1989	-73.2084	-73.225
4.065	-73.4821	-73.5738	-73.6657	-73.7393	-73.7917	-73.8252	-73.8431	-73.8485	-73.8441	-73.8323	-73.8148	-73.7929	-73.7678	-73.7401	-73.7105	-73.6794	-73.6472	-73.6141	-73.5805	-73.5464	-73.5121	-73.4778	-73.4436	-73.4098	-73.3768	-73.3448	-73.3144	-73.2861	-73.2606	-73.2389	-73.2219	-73.2106	-73.2061	-73.2086	-73.218	-73.2346
4.07	-73.4899	-73.5815	-73.6733	-73.7469	-73.7993	-73.8329	-73.8507	-73.8561	-73.8519	-73.8401	-73.8227	-73.8009	-73.7758	-73.7482	-73.7186	-73.6876	-73.6555	-73.6226	-73.589	-73.555	-73.5208	-73.4866	-73.4525	-73.4188	-73.3859	-73.354	-73.3237	-73.2955	-73.2701	-73.2484	-73.2315	-73.2203	-73.2157	-73.2183	-73.2277	-73.2443
4.075	-73.4977	-73.5891	-73.6809	-73.7544	-73.8069	-73.8404	-73.8583	-73.8638	-73.8596	-73.8479	-73.8306	-73.8088	-73.7838	-73.7563	-73.7268	-73.6959	-73.6639	-73.631	-73.5975	-73.5636	-73.5295	-73.4954	-73.4614	-73.4278	-73.3949	-73.3631	-73.3329	-73.3048	-73.2795	-73.2579	-73.241	-73.2299	-73.2254	-73.2279	-73.2373	-73.2539
4.08	-73.5054	-73.5968	-73.6885	-73.762	-73.8145	-73.848	-73.866	-73.8715	-73.8673	-73.8557	-73.8384	-73.8167	-73.7918	-73.7643	-73.735	-73.7041	-73.6722	-73.6394	-73.606	-73.5722	-73.5382	-73.5041	-73.4702	-73.4367	-73.404	-73.3723	-73.3421	-73.3141	-73.2889	-73.2674	-73.2506	-73.2395	-73.235	-73.2375	-73.2469	-73.2634
4.085	-73.5131	-73.6045	-73.6961	-73.7696	-73.822	-73.8556	-73.8735	-73.8791	-73.875	-73.8634	-73.8462	-73.8246	-73.7998	-73.7724	-73.7431	-73.7123	-73.6805	-73.6478	-73.6145	-73.5808	-73.5468	-73.5129	-73.479	-73.4457	-73.413	-73.3814	-73.3513	-73.3234	-73.2983	-73.2768	-73.2601	-73.249	-73.2445	-73.2471	-73.2565	-73.273
4.09	-73.5209	-73.6121	-73.7037	-73.7771	-73.8296	-73.8631	-73.8811	-73.8867	-73.8827	-73.8712	-73.854	-73.8325	-73.8077	-73.7804	-73.7512	-73.7205	-73.6888	-73.6561	-73.6229	-73.5893	-73.5555	-73.5216	-73.4879	-73.4546	-73.422	-73.3905	-73.3605	-73.3327	-73.3076	-73.2863	-73.2695	-73.2585	-73.2541	-73.2567	-73.266	-73.2825
4.095	-73.5286	-73.6198	-73.7113	-73.7846	-73.8371	-73.8707	-73.8887	-73.8943	-73.8903	-73.8789	-73.8618	-73.8404	-73.8156	-73.7884	-73.7593	-73.7287	-73.697	-73.6645	-73.6314	-73.5978	-73.5641	-73.5303	-73.4967	-73.4634	-73.431	-73.3995	-73.3697	-73.3419	-73.3169	-73.2956	-73.279	-73.268	-73.2636	-73.2662	-73.2755	-73.292
4.1	-73.5362	-73.6274	-73.7188	-73.7922	-73.8446	-73.8782	-73.8962	-73.9019	-73.898	-73.8866	-73.8696	-73.8482	-73.8236	-73.7964	-73.7674	-73.7368	-73.7052	-73.6728	-73.6398	-73.6063	-73.5726	-73.5389	-73.5054	-73.4723	-73.4399	-73.4086	-73.3788	-73.3511	-73.3262	-73.305	-73.2884	-73.2775	-73.2731	-73.2757	-73.285	-73.3014
4.105	-73.5439	-73.635	-73.7264	-73.7997	-73.8521	-73.8857	-73.9037	-73.9095	-73.9056	-73.8943	-73.8773	-73.856	-73.8315	-73.8044	-73.7754	-73.745	-73.7135	-73.6811	-73.6482	-73.6148	-73.5812	-73.5476	-73.5142	-73.4811	-73.4488	-73.4176	-73.3879	-73.3603	-73.3355	-73.3143	-73.2978	-73.2869	-73.2826	-73.2851	-73.2945	-73.3109
4.11	-73.5516	-73.6426	-73.7339	-73.8071	-73.8595	-73.8931	-73.9112	-73.917	-73.9132	-73.902	-73.885	-73.8638	-73.8393	-73.8123	-73.7834	-73.7531	-73.7216	-73.6894	-73.6565	-73.6232	-73.5898	-73.5562	-73.5229	-73.4899	-73.4577	-73.4266	-73.397	-73.3695	-73.3447	-73.3237	-73.3072	-73.2963	-73.292	-73.2946	-73.3039	-73.3203
4.115	-73.5592	-73.6501	-73.7414	-73.8146	-73.867	-73.9006	-73.9187	-73.9246	-73.9208	-73.9096	-73.8928	-73.8716	-73.8472	-73.8203	-73.7915	-73.7612	-73.7298	-73.6976	-73.6649	-73.6317	-73.5983	-73.5648	-73.5316	-73.4987	-73.4666	-73.4356	-73.406	-73.3786	-73.354	-73.3329	-73.3165	-73.3057	-73.3014	-73.304	-73.3133	-73.3296
4.12	-73.5668	-73.6577	-73.7489	-73.8221	-73.8744	-73.9081	-73.9262	-73.9321	-73.9284	-73.9172	-73.9005	-73.8794	-73.855	-73.8282	-73.7994	-73.7693	-73.738	-73.7059	-73.6732	-73.6401	-73.6068	-73.5734	-73.5402	-73.5075	-73.4755	-73.4445	-73.4151	-73.3877	-73.3631	-73.3422	-73.3258	-73.3151	-73.3108	-73.3134	-73.3227	-73.339
4.125	-73.5745	-73.6652	-73.7564	-73.8295	-73.8818	-73.9155	-73.9337	-73.9396	-73.9359	-73.9249	-73.9081	-73.8871	-73.8629	-73.8361	-73.8074	-73.7773	-73.7461	-73.7141	-73.6815	-73.6485	-73.6152	-73.582	-73.5489	-73.5162	-73.4843	-73.4534	-73.4241	-73.3968	-73.3723	-73.3514	-73.3351	-73.3244	-73.3201	-73.3227	-73.332	-73.3483
4.13	-73.5821	-73.6728	-73.7638	-73.8369	-73.8892	-73.9229	-73.9411	-73.9471	-73.9435	-73.9324	-73.9158	-73.8949	-73.8707	-73.844	-73.8154	-73.7854	-73.7542	-73.7223	-73.6898	-73.6568	-73.6237	-73.5905	-73.5575	-73.525	-73.4931	-73.4623	-73.4331	-73.4059	-73.3814	-73.3606	-73.3444	-73.3337	-73.3295	-73.3321	-73.3413	-73.3576
4.135	-73.5896	-73.6803	-73.7713	-73.8443	-73.8966	-73.9303	-73.9486	-73.9545	-73.951	-73.94	-73.9235	-73.9026	-73.8785	-73.8518	-73.8233	-73.7934	-73.7623	-73.7305	-73.698	-73.6652	-73.6321	-73.599	-73.5661	-73.5337	-73.5019	-73.4712	-73.442	-73.4149	-73.3906	-73.3698	-73.3536	-73.343	-73.3388	-73.3414	-73.3506	-73.3669
4.14	-73.5972	-73.6878	-73.7787	-73.8517	-73.904	-73.9377	-73.956	-73.962	-73.9585	-73.9476	-73.9311	-73.9103	-73.8862	-73.8597	-73.8312	-73.8014	-73.7704	-73.7386	-73.7063	-73.6735	-73.6405	-73.6075	-73.5747	-73.5423	-73.5106	-73.48	-73.4509	-73.4239	-73.3997	-73.379	-73.3628	-73.3522	-73.348	-73.3506	-73.3599	-73.3761
4.145	-73.6048	-73.6953	-73.7861	-73.8591	-73.9114	-73.9451	-73.9634	-73.9694	-73.966	-73.9551	-73.9387	-73.918	-73.894	-73.8675	-73.8391	-73.8094	-73.7785	-73.7468	-73.7145	-73.6818	-73.6489	-73.616	-73.5833	-73.551	-73.5194	-73.4889	-73.4598	-73.4329	-73.4087	-73.3881	-73.372	-73.3615	-73.3573	-73.3599	-73.3691	-73.3853
4.15	-73.6123	-73.7027	-73.7935	-73.8664	-73.9187	-73.9524	-73.9707	-73.9769	-73.9734	-73.9627	-73.9463	-73.9256	-73.9017	-73.8753	-73.847	-73.8173	-73.7865	-73.7549	-73.7227	-73.6901	-73.6573	-73.6245	-73.5918	-73.5596	-73.5281	-73.4977	-73.4687	-73.4419	-73.4178	-73.3972	-73.3812	-73.3707	-73.3665	-73.3691	-73.3783	-73.3945
4.155	-73.6198	-73.7102	-73.8009	-73.8738	-73.926	-73.9597	-73.9781	-73.9843	-73.9809	-73.9702	-73.9539	-73.9333	-73.9094	-73.8831	-73.8549	-73.8253	-73.7945	-73.763	-73.7309	-73.6984	-73.6657	-73.6329	-73.6003	-73.5682	-73.5368	-73.5064	-73.4776	-73.4508	-73.4268	-73.4063	-73.3903	-73.3798	-73.3757	-73.3783	-73.3875	-73.4037
4.16	-73.6274	-73.7176	-73.8083	-73.8811	-73.9334	-73.9671	-73.9855	-73.9917	-73.9883	-73.9777	-73.9614	-73.9409	-73.9171	-73.8909	-73.8627	-73.8332	-73.8025	-73.7711	-73.7391	-73.7066	-73.674	-73.6413	-73.6089	-73.5768	-73.5455	-73.5152	-73.4864	-73.4597	-73.4358	-73.4153	-73.3994	-73.389	-73.3849	-73.3875	-73.3967	-73.4128
4.165	-73.6349	-73.725	-73.8156	-73.8884	-73.9407	-73.9744	-73.9928	-73.999	-73.9958	-73.9852	-73.969	-73.9485	-73.9248	-73.8986	-73.8706	-73.8411	-73.8105	-73.7792	-73.7472	-73.7149	-73.6823	-73.6497	-73.6173	-73.5854	-73.5541	-73.5239	-73.4953	-73.4686	-73.4447	-73.4244	-73.4085	-73.3981	-73.394	-73.3966	-73.4058	-73.4219
4.17	-73.6423	-73.7324	-73.823	-73.8957	-73.9479	-73.9817	-74.0001	-74.0064	-74.0032	-73.9927	-73.9765	-73.9561	-73.9325	-73.9064	-73.8784	-73.849	-73.8185	-73.7872	-73.7553	-73.7231	-73.6906	-73.6581	-73.6258	-73.5939	-73.5627	-73.5326	-73.5041	-73.4775	-73.4537	-73.4334	-73.4176	-73.4072	-73.4031	-73.4058	-73.4149	-73.431
4.175	-73.6498	-73.7398	-73.8303	-73.903	-73.9552	-73.989	-74.0074	-74.0137	-74.0106	-74.0001	-73.984	-73.9637	-73.9401	-73.9141	-73.8862	-73.8569	-73.8264	-73.7952	-73.7634	-73.7312	-73.6989	-73.6665	-73.6342	-73.6024	-73.5714	-73.5413	-73.5128	-73.4864	-73.4626	-73.4424	-73.4266	-73.4163	-73.4122	-73.4149	-73.424	-73.44
4.18	-73.6573	-73.7472	-73.8376	-73.9103	-73.9625	-73.9962	-74.0147	-74.0211	-74.018	-74.0075	-73.9915	-73.9713	-73.9478	-73.9218	-73.894	-73.8647	-73.8344	-73.8032	-73.7715	-73.7394	-73.7071	-73.6748	-73.6426	-73.6109	-73.5799	-73.55	-73.5216	-73.4952	-73.4715	-73.4513	-73.4356	-73.4253	-73.4213	-73.4239	-73.4331	-73.4491
4.185	-73.6647	-73.7546	-73.8449	-73.9175	-73.9697	-74.0035	-74.022	-74.0284	-74.0253	-74.015	-73.999	-73.9788	-73.9554	-73.9295	-73.9017	-73.8725	-73.8423	-73.8112	-73.7796	-73.7476	-73.7153	-73.6831	-73.651	-73.6194	-73.5885	-73.5586	-73.5303	-73.504	-73.4804	-73.4603	-73.4446	-73.4343	-73.4303	-73.433	-73.4421	-73.4581
4.19	-73.6721	-73.7619	-73.8522	-73.9248	-73.977	-74.0107	-74.0293	-74.0357	-74.0327	-74.0224	-74.0065	-73.9864	-73.963	-73.9372	-73.9095	-73.8804	-73.8502	-73.8192	-73.7876	-73.7557	-73.7235	-73.6914	-73.6594	-73.6279	-73.597	-73.5673	-73.539	-73.5128	-73.4892	-73.4692	-73.4536	-73.4433	-73.4394	-73.442	-73.4511	-73.4671
4.195	-73.6796	-73.7693	-73.8595	-73.932	-73.9842	-74.0179	-74.0365	-74.043	-74.04	-74.0297	-74.0139	-73.9939	-73.9706	-73.9448	-73.9172	-73.8882	-73.8581	-73.8271	-73.7957	-73.7638	-73.7317	-73.6997	-73.6678	-73.6363	-73.6056	-73.5759	-73.5477	-73.5215	-73.498	-73.4781	-73.4625	-73.4523	-73.4484	-73.451	-73.4601	-73.476
4.2	-73.687	-73.7766	-73.8667	-73.9392	-73.9914	-74.0251	-74.0437	-74.0502	-74.0473	-74.0371	-74.0214	-74.0014	-73.9781	-73.9524	-73.9249	-73.8959	-73.8659	-73.8351	-73.8037	-73.7719	-73.7399	-73.7079	-73.6761	-73.6447	-73.6141	-73.5845	-73.5563	-73.5303	-73.5068	-73.4869	-73.4714	-73.4613	-73.4573	-73.46	-73.4691	-73.485
4.205	-73.6944	-73.7839	-73.874	-73.9464	-73.9986	-74.0323	-74.0509	-74.0575	-74.0546	-74.0445	-74.0288	-74.0088	-73.9857	-73.9601	-73.9326	-73.9037	-73.8737	-73.843	-73.8117	-73.78	-73.7481	-73.7161	-73.6844	-73.6531	-73.6225	-73.593	-73.565	-73.539	-73.5156	-73.4958	-73.4803	-73.4702	-73.4663	-73.4689	-73.478	-73.4939
4.21	-73.7017	-73.7912	-73.8812	-73.9536	-74.0057	-74.0395	-74.0582	-74.0647	-74.0619	-74.0518	-74.0362	-74.0163	-73.9932	-73.9677	-73.9403	-73.9115	-73.8816	-73.8509	-73.8196	-73.788	-73.7562	-73.7244	-73.6927	-73.6615	-73.631	-73.6015	-73.5736	-73.5476	-73.5244	-73.5046	-73.4892	-73.4791	-73.4752	-73.4778	-73.4869	-73.5028
4.215	-73.7091	-73.7985	-73.8884	-73.9608	-74.0129	-74.0467	-74.0653	-74.072	-74.0692	-74.0591	-74.0436	-74.0238	-74.0007	-73.9753	-73.9479	-73.9192	-73.8894	-73.8588	-73.8276	-73.7961	-73.7643	-73.7326	-73.701	-73.6699	-73.6394	-73.6101	-73.5822	-73.5563	-73.5331	-73.5134	-73.498	-73.488	-73.4841	-73.4867	-73.4958	-73.5116
4.22	-73.7164	-73.8058	-73.8956	-73.968	-74.02	-74.0538	-74.0725	-74.0792	-74.0764	-74.0665	-74.0509	-74.0312	-74.0082	-73.9828	-73.9556	-73.9269	-73.8972	-73.8666	-73.8355	-73.8041	-73.7724	-73.7407	-73.7092	-73.6782	-73.6478	-73.6186	-73.5908	-73.565	-73.5418	-73.5221	-73.5068	-73.4968	-73.493	-73.4956	-73.5046	-73.5205
4.225	-73.7238	-73.813	-73.9028	-73.9751	-74.0271	-74.061	-74.0797	-74.0864	-74.0837	-74.0738	-74.0583	-74.0386	-74.0157	-73.9904	-73.9632	-73.9346	-73.9049	-73.8745	-73.8435	-73.8121	-73.7805	-73.7489	-73.7175	-73.6865	-73.6562	-73.627	-73.5993	-73.5736	-73.5505	-73.5309	-73.5156	-73.5057	-73.5018	-73.5045	-73.5135	-73.5293
4.23	-73.7311	-73.8203	-73.91	-73.9822	-74.0343	-74.0681	-74.0868	-74.0935	-74.0909	-74.081	-74.0656	-74.046	-74.0232	-73.9979	-73.9708	-73.9423	-73.9127	-73.8823	-73.8514	-73.82	-73.7885	-73.757	-73.7257	-73.6948	-73.6646	-73.6355	-73.6078	-73.5822	-73.5592	-73.5396	-73.5244	-73.5145	-73.5106	-73.5133	-73.5223	-73.538
4.235	-73.7384	-73.8275	-73.9172	-73.9894	-74.0414	-74.0752	-74.0939	-74.1007	-74.0981	-74.0883	-74.073	-74.0534	-74.0306	-74.0054	-73.9784	-73.9499	-73.9204	-73.8901	-73.8592	-73.828	-73.7966	-73.7651	-73.7339	-73.7031	-73.673	-73.6439	-73.6163	-73.5908	-73.5678	-73.5483	-73.5331	-73.5233	-73.5194	-73.5221	-73.5311	-73.5468
4.24	-73.7457	-73.8347	-73.9243	-73.9965	-74.0484	-74.0823	-74.1011	-74.1078	-74.1053	-74.0955	-74.0803	-74.0608	-74.0381	-74.0129	-73.9859	-73.9576	-73.9281	-73.8979	-73.8671	-73.8359	-73.8046	-73.7732	-73.7421	-73.7113	-73.6813	-73.6523	-73.6248	-73.5993	-73.5765	-73.557	-73.5419	-73.532	-73.5282	-73.5309	-73.5398	-73.5556
4.245	-73.753	-73.8419	-73.9314	-74.0035	-74.0555	-74.0893	-74.1081	-74.115	-74.1125	-74.1028	-74.0875	-74.0681	-74.0455	-74.0204	-73.9935	-73.9652	-73.9358	-73.9057	-73.8749	-73.8439	-73.8126	-73.7813	-73.7502	-73.7196	-73.6896	-73.6607	-73.6333	-73.6078	-73.5851	-73.5657	-73.5506	-73.5408	-73.537	-73.5396	-73.5486	-73.5643
4.25	-73.7602	-73.8491	-73.9386	-74.0106	-74.0626	-74.0964	-74.1152	-74.1221	-74.1197	-74.11	-74.0948	-74.0755	-74.0529	-74.0279	-74.001	-73.9728	-73.9435	-73.9134	-73.8828	-73.8518	-73.8206	-73.7894	-73.7583	-73.7278	-73.6979	-73.6691	-73.6417	-73.6164	-73.5936	-73.5743	-73.5593	-73.5495	-73.5457	-73.5484	-73.5573	-73.573
4.255	-73.7675	-73.8563	-73.9457	-74.0177	-74.0696	-74.1035	-74.1223	-74.1292	-74.1268	-74.1172	-74.1021	-74.0828	-74.0603	-74.0353	-74.0086	-73.9804	-73.9512	-73.9212	-73.8906	-73.8596	-73.8285	-73.7974	-73.7665	-73.736	-73.7062	-73.6774	-73.6501	-73.6249	-73.6022	-73.5829	-73.5679	-73.5582	-73.5544	-73.5571	-73.566	-73.5816
4.26	-73.7747	-73.8635	-73.9528	-74.0247	-74.0767	-74.1105	-74.1294	-74.1363	-74.1339	-74.1244	-74.1093	-74.0901	-74.0676	-74.0428	-74.0161	-73.988	-73.9588	-73.9289	-73.8984	-73.8675	-73.8365	-73.8054	-73.7746	-73.7441	-73.7144	-73.6858	-73.6585	-73.6333	-73.6107	-73.5915	-73.5766	-73.5668	-73.5631	-73.5658	-73.5747	-73.5903
4.265	-73.782	-73.8706	-73.9598	-74.0318	-74.0837	-74.1175	-74.1364	-74.1434	-74.1411	-74.1316	-74.1166	-74.0974	-74.075	-74.0502	-74.0236	-73.9955	-73.9664	-73.9366	-73.9062	-73.8754	-73.8444	-73.8134	-73.7826	-73.7523	-73.7227	-73.6941	-73.6669	-73.6418	-73.6192	-73.6001	-73.5852	-73.5755	-73.5718	-73.5744	-73.5833	-73.5989
4.27	-73.7892	-73.8778	-73.9669	-74.0388	-74.0907	-74.1245	-74.1434	-74.1504	-74.1482	-74.1387	-74.1238	-74.1047	-74.0823	-74.0576	-74.031	-74.0031	-73.9741	-73.9443	-73.9139	-73.8832	-73.8523	-73.8214	-73.7907	-73.7604	-73.7309	-73.7023	-73.6753	-73.6502	-73.6277	-73.6086	-73.5938	-73.5841	-73.5804	-73.5831	-73.5919	-73.6075
4.275	-73.7964	-73.8849	-73.974	-74.0458	-74.0977	-74.1315	-74.1504	-74.1575	-74.1553	-74.1459	-74.131	-74.1119	-74.0897	-74.065	-74.0385	-74.0106	-73.9817	-73.9519	-73.9217	-73.891	-73.8602	-73.8294	-73.7987	-73.7685	-73.7391	-73.7106	-73.6836	-73.6586	-73.6362	-73.6171	-73.6023	-73.5927	-73.589	-73.5917	-73.6005	-73.6161
4.28	-73.8036	-73.892	-73.981	-74.0528	-74.1046	-74.1385	-74.1574	-74.1645	-74.1623	-74.153	-74.1382	-74.1192	-74.097	-74.0724	-74.0459	-74.0181	-73.9892	-73.9596	-73.9294	-73.8988	-73.8681	-73.8373	-73.8068	-73.7766	-73.7472	-73.7189	-73.6919	-73.667	-73.6446	-73.6257	-73.6109	-73.6013	-73.5976	-73.6003	-73.6091	-73.6246
4.285	-73.8108	-73.8991	-73.988	-74.0598	-74.1116	-74.1455	-74.1644	-74.1715	-74.1694	-74.1601	-74.1453	-74.1264	-74.1043	-74.0797	-74.0534	-74.0256	-73.9968	-73.9672	-73.9371	-73.9066	-73.8759	-73.8452	-73.8148	-73.7847	-73.7554	-73.7271	-73.7002	-73.6754	-73.6531	-73.6341	-73.6194	-73.6098	-73.6062	-73.6089	-73.6177	-73.6332
4.29	-73.8179	-73.9062	-73.995	-74.0667	-74.1186	-74.1524	-74.1714	-74.1786	-74.1765	-74.1672	-74.1525	-74.1336	-74.1115	-74.0871	-74.0608	-74.0331	-74.0043	-73.9748	-73.9448	-73.9143	-73.8837	-73.8531	-73.8227	-73.7928	-73.7635	-73.7353	-73.7085	-73.6837	-73.6615	-73.6426	-73.6279	-73.6184	-73.6148	-73.6174	-73.6262	-73.6417
4.295	-73.8251	-73.9132	-74.0021	-74.0737	-74.1255	-74.1593	-74.1784	-74.1855	-74.1835	-74.1743	-74.1596	-74.1408	-74.1188	-74.0944	-74.0682	-74.0405	-74.0119	-73.9824	-73.9524	-73.9221	-73.8916	-73.861	-73.8307	-73.8008	-73.7716	-73.7435	-73.7168	-73.692	-73.6699	-73.651	-73.6364	-73.6269	-73.6233	-73.6259	-73.6347	-73.6502
4.3	-73.8322	-73.9203	-74.009	-74.0807	-74.1324	-74.1663	-74.1853	-74.1925	-74.1905	-74.1814	-74.1668	-74.148	-74.1261	-74.1017	-74.0755	-74.048	-74.0194	-73.99	-73.9601	-73.9298	-73.8994	-73.8689	-73.8387	-73.8088	-73.7797	-73.7516	-73.725	-73.7003	-73.6782	-73.6595	-73.6449	-73.6354	-73.6318	-73.6344	-73.6432	-73.6586
4.305	-73.8393	-73.9274	-74.016	-74.0876	-74.1393	-74.1732	-74.1922	-74.1995	-74.1975	-74.1884	-74.1739	-74.1552	-74.1333	-74.109	-74.0829	-74.0554	-74.0269	-73.9976	-73.9677	-73.9375	-73.9071	-73.8768	-73.8466	-73.8168	-73.7878	-73.7598	-73.7332	-73.7086	-73.6866	-73.6679	-73.6533	-73.6439	-73.6403	-73.6429	-73.6517	-73.6671
4.31	-73.8464	-73.9344	-74.023	-74.0945	-74.1462	-74.1801	-74.1992	-74.2064	-74.2045	-74.1955	-74.181	-74.1623	-74.1405	-74.1163	-74.0902	-74.0628	-74.0344	-74.0051	-73.9753	-73.9452	-73.9149	-73.8846	-73.8545	-73.8248	-73.7959	-73.7679	-73.7414	-73.7169	-73.6949	-73.6762	-73.6617	-73.6523	-73.6487	-73.6514	-73.6601	-73.6755
4.315	-73.8535	-73.9414	-74.0299	-74.1014	-74.1531	-74.187	-74.2061	-74.2134	-74.2115	-74.2025	-74.188	-74.1695	-74.1477	-74.1236	-74.0976	-74.0702	-74.0418	-74.0127	-73.9829	-73.9529	-73.9226	-73.8924	-73.8624	-73.8328	-73.8039	-73.776	-73.7496	-73.7251	-73.7032	-73.6846	-73.6701	-73.6607	-73.6572	-73.6598	-73.6686	-73.6839
4.32	-73.8606	-73.9484	-74.0369	-74.1083	-74.16	-74.1938	-74.213	-74.2203	-74.2185	-74.2095	-74.1951	-74.1766	-74.1549	-74.1308	-74.1049	-74.0776	-74.0493	-74.0202	-73.9905	-73.9605	-73.9304	-73.9002	-73.8703	-73.8407	-73.8119	-73.7841	-73.7578	-73.7334	-73.7115	-73.6929	-73.6785	-73.6692	-73.6656	-73.6683	-73.677	-73.6923
4.325	-73.8677	-73.9554	-74.0438	-74.1152	-74.1668	-74.2007	-74.2198	-74.2272	-74.2254	-74.2165	-74.2022	-74.1837	-74.1621	-74.138	-74.1122	-74.085	-74.0567	-74.0277	-73.9981	-73.9682	-73.9381	-73.908	-73.8781	-73.8487	-73.8199	-73.7922	-73.7659	-73.7416	-73.7198	-73.7012	-73.6869	-73.6775	-73.674	-73.6767	-73.6854	-73.7007
4.33	-73.8748	-73.9624	-74.0507	-74.122	-74.1737	-74.2075	-74.2267	-74.2341	-74.2323	-74.2235	-74.2092	-74.1908	-74.1692	-74.1452	-74.1195	-74.0923	-74.0641	-74.0352	-74.0057	-73.9758	-73.9458	-73.9158	-73.8859	-73.8566	-73.8279	-73.8002	-73.774	-73.7497	-73.728	-73.7095	-73.6952	-73.6859	-73.6824	-73.685	-73.6937	-73.709
4.335	-73.8818	-73.9694	-74.0576	-74.1289	-74.1805	-74.2144	-74.2335	-74.241	-74.2393	-74.2305	-74.2162	-74.1979	-74.1764	-74.1525	-74.1267	-74.0996	-74.0715	-74.0426	-74.0132	-73.9834	-73.9535	-73.9235	-73.8938	-73.8645	-73.8359	-73.8083	-73.7821	-73.7579	-73.7362	-73.7178	-73.7035	-73.6942	-73.6908	-73.6934	-73.7021	-73.7173
4.34	-73.8889	-73.9763	-74.0645	-74.1357	-74.1873	-74.2212	-74.2404	-74.2479	-74.2462	-74.2374	-74.2232	-74.2049	-74.1835	-74.1596	-74.134	-74.107	-74.0789	-74.0501	-74.0207	-73.991	-73.9611	-73.9312	-73.9016	-73.8723	-73.8438	-73.8163	-73.7902	-73.7661	-73.7444	-73.7261	-73.7118	-73.7026	-73.6991	-73.7017	-73.7104	-73.7256
4.345	-73.8959	-73.9833	-74.0714	-74.1425	-74.1941	-74.228	-74.2472	-74.2547	-74.2531	-74.2444	-74.2302	-74.212	-74.1906	-74.1668	-74.1412	-74.1143	-74.0863	-74.0575	-74.0282	-73.9986	-73.9688	-73.9389	-73.9094	-73.8802	-73.8517	-73.8243	-73.7983	-73.7742	-73.7526	-73.7343	-73.7201	-73.7109	-73.7074	-73.71	-73.7187	-73.7339
4.35	-73.9029	-73.9902	-74.0782	-74.1494	-74.2009	-74.2348	-74.254	-74.2616	-74.2599	-74.2513	-74.2372	-74.219	-74.1977	-74.174	-74.1484	-74.1215	-74.0936	-74.0649	-74.0357	-74.0061	-73.9764	-73.9466	-73.9171	-73.888	-73.8596	-73.8323	-73.8063	-73.7823	-73.7608	-73.7425	-73.7283	-73.7192	-73.7157	-73.7183	-73.727	-73.7421
4.355	-73.9099	-73.9971	-74.0851	-74.1562	-74.2077	-74.2416	-74.2608	-74.2684	-74.2668	-74.2582	-74.2442	-74.2261	-74.2048	-74.1811	-74.1556	-74.1288	-74.101	-74.0723	-74.0432	-74.0137	-73.984	-73.9543	-73.9249	-73.8958	-73.8675	-73.8402	-73.8143	-73.7904	-73.7689	-73.7507	-73.7366	-73.7274	-73.724	-73.7266	-73.7352	-73.7504
4.36	-73.9169	-74.004	-74.0919	-74.1629	-74.2145	-74.2483	-74.2676	-74.2752	-74.2737	-74.2651	-74.2511	-74.2331	-74.2118	-74.1882	-74.1628	-74.1361	-74.1083	-74.0797	-74.0506	-74.0212	-73.9916	-73.962	-73.9326	-73.9036	-73.8754	-73.8482	-73.8223	-73.7984	-73.777	-73.7589	-73.7448	-73.7357	-73.7322	-73.7348	-73.7435	-73.7586
4.365	-73.9239	-74.0109	-74.0987	-74.1697	-74.2212	-74.2551	-74.2744	-74.282	-74.2805	-74.272	-74.2581	-74.2401	-74.2189	-74.1954	-74.17	-74.1433	-74.1156	-74.0871	-74.0581	-74.0287	-73.9992	-73.9696	-73.9403	-73.9114	-73.8832	-73.8561	-73.8303	-73.8065	-73.7851	-73.767	-73.753	-73.7439	-73.7405	-73.7431	-73.7517	-73.7668
4.37	-73.9308	-74.0178	-74.1055	-74.1765	-74.228	-74.2618	-74.2811	-74.2888	-74.2873	-74.2789	-74.265	-74.247	-74.2259	-74.2025	-74.1772	-74.1505	-74.1229	-74.0944	-74.0655	-74.0362	-74.0067	-73.9773	-73.948	-73.9192	-73.8911	-73.864	-73.8383	-73.8145	-73.7932	-73.7752	-73.7612	-73.7521	-73.7487	-73.7513	-73.7599	-73.7749
4.375	-73.9378	-74.0247	-74.1123	-74.1832	-74.2347	-74.2686	-74.2879	-74.2956	-74.2942	-74.2857	-74.2719	-74.254	-74.233	-74.2095	-74.1843	-74.1577	-74.1301	-74.1018	-74.0729	-74.0437	-74.0143	-73.9849	-73.9557	-73.9269	-73.8989	-73.8719	-73.8462	-73.8225	-73.8013	-73.7833	-73.7693	-73.7603	-73.7569	-73.7595	-73.768	-73.7831
4.38	-73.9447	-74.0315	-74.1191	-74.19	-74.2414	-74.2753	-74.2946	-74.3023	-74.301	-74.2926	-74.2788	-74.261	-74.24	-74.2166	-74.1915	-74.1649	-74.1374	-74.1091	-74.0803	-74.0511	-74.0218	-73.9925	-73.9633	-73.9347	-73.9067	-73.8797	-73.8542	-73.8305	-73.8093	-73.7914	-73.7775	-73.7684	-73.765	-73.7677	-73.7762	-73.7912
4.385	-73.9517	-74.0384	-74.1259	-74.1967	-74.2481	-74.282	-74.3013	-74.3091	-74.3077	-74.2994	-74.2857	-74.2679	-74.247	-74.2237	-74.1986	-74.1721	-74.1446	-74.1164	-74.0877	-74.0586	-74.0293	-74	-73.971	-73.9424	-73.9145	-73.8876	-73.8621	-73.8385	-73.8174	-73.7995	-73.7856	-73.7766	-73.7732	-73.7758	-73.7843	-73.7993
4.39	-73.9586	-74.0452	-74.1327	-74.2034	-74.2548	-74.2887	-74.308	-74.3158	-74.3145	-74.3062	-74.2926	-74.2748	-74.254	-74.2307	-74.2057	-74.1793	-74.1519	-74.1237	-74.095	-74.066	-74.0368	-74.0076	-73.9786	-73.9501	-73.9222	-73.8954	-73.87	-73.8464	-73.8254	-73.8075	-73.7937	-73.7847	-73.7813	-73.7839	-73.7924	-73.8074
4.395	-73.9655	-74.052	-74.1394	-74.2101	-74.2615	-74.2953	-74.3147	-74.3225	-74.3213	-74.313	-74.2994	-74.2817	-74.2609	-74.2377	-74.2128	-74.1864	-74.1591	-74.131	-74.1024	-74.0734	-74.0443	-74.0151	-73.9862	-73.9578	-73.93	-73.9032	-73.8779	-73.8544	-73.8334	-73.8156	-73.8017	-73.7928	-73.7894	-73.792	-73.8005	-73.8155
4.4	-73.9724	-74.0588	-74.1461	-74.2168	-74.2681	-74.302	-74.3214	-74.3292	-74.328	-74.3198	-74.3063	-74.2886	-74.2679	-74.2448	-74.2198	-74.1936	-74.1663	-74.1382	-74.1097	-74.0808	-74.0517	-74.0227	-73.9938	-73.9654	-73.9377	-73.911	-73.8857	-73.8623	-73.8413	-73.8236	-73.8098	-73.8009	-73.7975	-73.8001	-73.8086	-73.8235
4.405	-73.9792	-74.0656	-74.1529	-74.2235	-74.2748	-74.3087	-74.3281	-74.3359	-74.3348	-74.3266	-74.3131	-74.2955	-74.2748	-74.2518	-74.2269	-74.2007	-74.1735	-74.1455	-74.117	-74.0882	-74.0592	-74.0302	-74.0014	-73.9731	-73.9454	-73.9188	-73.8936	-73.8702	-73.8493	-73.8316	-73.8178	-73.8089	-73.8056	-73.8082	-73.8167	-73.8316
4.41	-73.9861	-74.0724	-74.1596	-74.2301	-74.2814	-74.3153	-74.3347	-74.3426	-74.3415	-74.3334	-74.3199	-74.3024	-74.2817	-74.2587	-74.2339	-74.2078	-74.1806	-74.1527	-74.1243	-74.0955	-74.0666	-74.0377	-74.009	-73.9807	-73.9531	-73.9265	-73.9014	-73.8781	-73.8572	-73.8396	-73.8259	-73.817	-73.8137	-73.8163	-73.8247	-73.8396
4.415	-73.993	-74.0792	-74.1663	-74.2368	-74.2881	-74.3219	-74.3414	-74.3493	-74.3482	-74.3401	-74.3267	-74.3092	-74.2887	-74.2657	-74.241	-74.2149	-74.1878	-74.1599	-74.1316	-74.1029	-74.074	-74.0451	-74.0165	-73.9883	-73.9608	-73.9343	-73.9092	-73.8859	-73.8652	-73.8475	-73.8339	-73.825	-73.8217	-73.8243	-73.8327	-73.8476
4.42	-73.9998	-74.086	-74.173	-74.2434	-74.2947	-74.3286	-74.348	-74.356	-74.3549	-74.3469	-74.3335	-74.3161	-74.2956	-74.2727	-74.248	-74.222	-74.1949	-74.1671	-74.1388	-74.1102	-74.0814	-74.0526	-74.024	-73.9959	-73.9685	-73.942	-73.917	-73.8938	-73.873	-73.8555	-73.8418	-73.833	-73.8297	-73.8323	-73.8407	-73.8555
4.425	-74.0067	-74.0927	-74.1796	-74.2501	-74.3013	-74.3352	-74.3546	-74.3626	-74.3616	-74.3536	-74.3403	-74.3229	-74.3024	-74.2796	-74.255	-74.229	-74.202	-74.1743	-74.1461	-74.1175	-74.0888	-74.0601	-74.0315	-74.0035	-73.9761	-73.9497	-73.9247	-73.9016	-73.8809	-73.8634	-73.8498	-73.841	-73.8377	-73.8403	-73.8487	-73.8635
4.43	-74.0135	-74.0995	-74.1863	-74.2567	-74.3079	-74.3418	-74.3612	-74.3692	-74.3682	-74.3603	-74.3471	-74.3297	-74.3093	-74.2865	-74.262	-74.2361	-74.2092	-74.1815	-74.1533	-74.1248	-74.0961	-74.0675	-74.039	-74.011	-73.9837	-73.9574	-73.9325	-73.9094	-73.8888	-73.8713	-73.8577	-73.849	-73.8457	-73.8483	-73.8566	-73.8714
4.435	-74.0203	-74.1062	-74.193	-74.2633	-74.3145	-74.3483	-74.3678	-74.3759	-74.3749	-74.367	-74.3538	-74.3365	-74.3162	-74.2934	-74.269	-74.2431	-74.2162	-74.1887	-74.1605	-74.1321	-74.1035	-74.0749	-74.0465	-74.0186	-73.9913	-73.9651	-73.9402	-73.9172	-73.8966	-73.8792	-73.8657	-73.8569	-73.8536	-73.8562	-73.8646	-73.8793
4.44	-74.0271	-74.1129	-74.1996	-74.2699	-74.321	-74.3549	-74.3744	-74.3825	-74.3816	-74.3737	-74.3605	-74.3433	-74.323	-74.3003	-74.2759	-74.2501	-74.2233	-74.1958	-74.1677	-74.1394	-74.1108	-74.0823	-74.054	-74.0261	-73.9989	-73.9727	-73.9479	-73.925	-73.9045	-73.8871	-73.8736	-73.8648	-73.8616	-73.8642	-73.8725	-73.8872
4.445	-74.0339	-74.1196	-74.2062	-74.2765	-74.3276	-74.3615	-74.381	-74.3891	-74.3882	-74.3804	-74.3673	-74.3501	-74.3298	-74.3072	-74.2829	-74.2571	-74.2304	-74.2029	-74.1749	-74.1466	-74.1181	-74.0897	-74.0614	-74.0336	-74.0065	-73.9804	-73.9556	-73.9327	-73.9123	-73.8949	-73.8815	-73.8727	-73.8695	-73.8721	-73.8804	-73.8951
4.45	-74.0406	-74.1263	-74.2129	-74.283	-74.3341	-74.368	-74.3875	-74.3956	-74.3948	-74.387	-74.374	-74.3569	-74.3367	-74.3141	-74.2898	-74.2641	-74.2374	-74.21	-74.1821	-74.1538	-74.1254	-74.097	-74.0689	-74.0411	-74.014	-73.988	-73.9633	-73.9405	-73.9201	-73.9027	-73.8893	-73.8806	-73.8774	-73.88	-73.8883	-73.903
4.455	-74.0474	-74.133	-74.2195	-74.2896	-74.3407	-74.3745	-74.3941	-74.4022	-74.4014	-74.3937	-74.3807	-74.3636	-74.3435	-74.321	-74.2967	-74.2711	-74.2445	-74.2171	-74.1893	-74.1611	-74.1327	-74.1044	-74.0763	-74.0486	-74.0216	-73.9956	-73.971	-73.9482	-73.9278	-73.9106	-73.8972	-73.8885	-73.8853	-73.8878	-73.8961	-73.9108
4.46	-74.0542	-74.1396	-74.2261	-74.2961	-74.3472	-74.381	-74.4006	-74.4088	-74.408	-74.4003	-74.3874	-74.3703	-74.3503	-74.3278	-74.3036	-74.2781	-74.2515	-74.2242	-74.1964	-74.1683	-74.14	-74.1117	-74.0837	-74.056	-74.0291	-74.0032	-73.9786	-73.9559	-73.9356	-73.9184	-73.905	-73.8964	-73.8932	-73.8957	-73.904	-73.9186
4.465	-74.0609	-74.1463	-74.2326	-74.3027	-74.3537	-74.3875	-74.4071	-74.4153	-74.4146	-74.407	-74.394	-74.3771	-74.357	-74.3346	-74.3105	-74.285	-74.2585	-74.2313	-74.2035	-74.1755	-74.1472	-74.119	-74.091	-74.0635	-74.0366	-74.0107	-73.9862	-73.9636	-73.9433	-73.9261	-73.9128	-73.9042	-73.901	-73.9035	-73.9118	-73.9264
4.47	-74.0676	-74.1529	-74.2392	-74.3092	-74.3602	-74.394	-74.4136	-74.4219	-74.4212	-74.4136	-74.4007	-74.3838	-74.3638	-74.3415	-74.3174	-74.2919	-74.2655	-74.2383	-74.2106	-74.1826	-74.1545	-74.1263	-74.0984	-74.0709	-74.0441	-74.0183	-73.9939	-73.9712	-73.951	-73.9339	-73.9206	-73.912	-73.9088	-73.9114	-73.9196	-73.9342
4.475	-74.0744	-74.1596	-74.2458	-74.3157	-74.3667	-74.4005	-74.4201	-74.4284	-74.4277	-74.4202	-74.4073	-74.3905	-74.3705	-74.3483	-74.3242	-74.2989	-74.2725	-74.2454	-74.2178	-74.1898	-74.1617	-74.1336	-74.1058	-74.0783	-74.0516	-74.0258	-74.0014	-73.9789	-73.9587	-73.9416	-73.9284	-73.9198	-73.9166	-73.9192	-73.9274	-73.942
4.48	-74.0811	-74.1662	-74.2523	-74.3222	-74.3732	-74.407	-74.4266	-74.4349	-74.4343	-74.4268	-74.414	-74.3972	-74.3773	-74.3551	-74.3311	-74.3058	-74.2794	-74.2524	-74.2248	-74.1969	-74.1689	-74.1409	-74.1131	-74.0857	-74.059	-74.0334	-74.009	-73.9865	-73.9664	-73.9494	-73.9361	-73.9276	-73.9244	-73.927	-73.9352	-73.9497
4.485	-74.0878	-74.1728	-74.2589	-74.3287	-74.3796	-74.4135	-74.4331	-74.4414	-74.4408	-74.4333	-74.4206	-74.4038	-74.384	-74.3618	-74.3379	-74.3127	-74.2864	-74.2594	-74.2319	-74.2041	-74.1761	-74.1481	-74.1204	-74.0931	-74.0665	-74.0409	-74.0166	-73.9941	-73.9741	-73.9571	-73.9439	-73.9354	-73.9322	-73.9347	-73.9429	-73.9575
4.49	-74.0945	-74.1794	-74.2654	-74.3352	-74.3861	-74.4199	-74.4396	-74.4479	-74.4473	-74.4399	-74.4272	-74.4105	-74.3907	-74.3686	-74.3447	-74.3195	-74.2933	-74.2664	-74.239	-74.2112	-74.1833	-74.1554	-74.1277	-74.1005	-74.0739	-74.0483	-74.0241	-74.0017	-73.9817	-73.9648	-73.9516	-73.9431	-73.94	-73.9425	-73.9507	-73.9652
4.495	-74.1011	-74.186	-74.2719	-74.3416	-74.3925	-74.4263	-74.446	-74.4543	-74.4538	-74.4464	-74.4338	-74.4171	-74.3974	-74.3754	-74.3515	-74.3264	-74.3003	-74.2734	-74.246	-74.2183	-74.1904	-74.1626	-74.135	-74.1078	-74.0813	-74.0558	-74.0317	-74.0093	-73.9894	-73.9724	-73.9593	-73.9508	-73.9477	-73.9502	-73.9584	-73.9729
4.5	-74.1078	-74.1926	-74.2784	-74.3481	-74.3989	-74.4328	-74.4524	-74.4608	-74.4603	-74.453	-74.4404	-74.4238	-74.4041	-74.3821	-74.3583	-74.3332	-74.3072	-74.2803	-74.253	-74.2254	-74.1976	-74.1698	-74.1423	-74.1152	-74.0887	-74.0633	-74.0392	-74.0169	-73.997	-73.9801	-73.967	-73.9585	-73.9554	-73.9579	-73.9661	-73.9805
4.505	-74.1144	-74.1992	-74.2849	-74.3545	-74.4054	-74.4392	-74.4589	-74.4672	-74.4668	-74.4595	-74.4469	-74.4304	-74.4108	-74.3888	-74.3651	-74.3401	-74.3141	-74.2873	-74.26	-74.2325	-74.2047	-74.177	-74.1495	-74.1225	-74.0961	-74.0707	-74.0467	-74.0244	-74.0046	-73.9877	-73.9747	-73.9662	-73.9631	-73.9656	-73.9738	-73.9882
4.51	-74.1211	-74.2057	-74.2914	-74.361	-74.4118	-74.4456	-74.4653	-74.4737	-74.4733	-74.466	-74.4535	-74.437	-74.4174	-74.3955	-74.3719	-74.3469	-74.3209	-74.2942	-74.267	-74.2395	-74.2118	-74.1842	-74.1568	-74.1298	-74.1035	-74.0781	-74.0541	-74.032	-74.0121	-73.9953	-73.9823	-73.9739	-73.9708	-73.9733	-73.9814	-73.9958
4.515	-74.1277	-74.2123	-74.2978	-74.3674	-74.4182	-74.452	-74.4717	-74.4801	-74.4797	-74.4725	-74.4601	-74.4436	-74.4241	-74.4022	-74.3786	-74.3537	-74.3278	-74.3012	-74.274	-74.2466	-74.2189	-74.1914	-74.164	-74.1371	-74.1108	-74.0855	-74.0616	-74.0395	-74.0197	-74.003	-73.99	-73.9816	-73.9785	-73.981	-73.9891	-74.0034
4.52	-74.1343	-74.2188	-74.3043	-74.3738	-74.4245	-74.4583	-74.4781	-74.4865	-74.4862	-74.479	-74.4666	-74.4502	-74.4307	-74.4089	-74.3854	-74.3605	-74.3347	-74.3081	-74.281	-74.2536	-74.226	-74.1985	-74.1712	-74.1443	-74.1181	-74.0929	-74.0691	-74.047	-74.0273	-74.0105	-73.9976	-73.9892	-73.9861	-73.9886	-73.9967	-74.011
4.525	-74.1409	-74.2253	-74.3108	-74.3802	-74.4309	-74.4647	-74.4844	-74.4929	-74.4926	-74.4855	-74.4731	-74.4567	-74.4373	-74.4156	-74.3921	-74.3673	-74.3415	-74.315	-74.2879	-74.2606	-74.2331	-74.2057	-74.1784	-74.1516	-74.1255	-74.1003	-74.0765	-74.0545	-74.0348	-74.0181	-74.0052	-73.9968	-73.9937	-73.9962	-74.0043	-74.0186
4.53	-74.1475	-74.2318	-74.3172	-74.3866	-74.4373	-74.4711	-74.4908	-74.4993	-74.499	-74.4919	-74.4796	-74.4633	-74.4439	-74.4222	-74.3988	-74.3741	-74.3483	-74.3219	-74.2949	-74.2676	-74.2402	-74.2128	-74.1856	-74.1588	-74.1328	-74.1077	-74.0839	-74.0619	-74.0423	-74.0257	-74.0128	-74.0044	-74.0014	-74.0038	-74.0119	-74.0262
4.535	-74.1541	-74.2383	-74.3236	-74.3929	-74.4436	-74.4774	-74.4972	-74.5057	-74.5054	-74.4984	-74.4861	-74.4698	-74.4505	-74.4289	-74.4055	-74.3808	-74.3551	-74.3287	-74.3018	-74.2746	-74.2472	-74.2199	-74.1927	-74.1661	-74.14	-74.115	-74.0913	-74.0694	-74.0498	-74.0332	-74.0203	-74.012	-74.0089	-74.0114	-74.0195	-74.0338
4.54	-74.1607	-74.2448	-74.33	-74.3993	-74.45	-74.4837	-74.5035	-74.5121	-74.5118	-74.5048	-74.4926	-74.4764	-74.4571	-74.4355	-74.4122	-74.3876	-74.3619	-74.3356	-74.3087	-74.2816	-74.2542	-74.227	-74.1999	-74.1733	-74.1473	-74.1223	-74.0987	-74.0768	-74.0573	-74.0407	-74.0279	-74.0196	-74.0165	-74.019	-74.027	-74.0413
4.545	-74.1673	-74.2513	-74.3364	-74.4057	-74.4563	-74.4901	-74.5098	-74.5184	-74.5182	-74.5113	-74.4991	-74.4829	-74.4637	-74.4421	-74.4189	-74.3943	-74.3687	-74.3424	-74.3156	-74.2885	-74.2613	-74.234	-74.207	-74.1805	-74.1546	-74.1296	-74.106	-74.0842	-74.0647	-74.0482	-74.0354	-74.0272	-74.0241	-74.0266	-74.0346	-74.0488
4.55	-74.1738	-74.2578	-74.3428	-74.412	-74.4626	-74.4964	-74.5162	-74.5248	-74.5246	-74.5177	-74.5055	-74.4894	-74.4702	-74.4487	-74.4255	-74.401	-74.3755	-74.3493	-74.3225	-74.2955	-74.2683	-74.2411	-74.2142	-74.1876	-74.1618	-74.1369	-74.1134	-74.0916	-74.0722	-74.0557	-74.043	-74.0347	-74.0316	-74.0341	-74.0421	-74.0563
4.555	-74.1804	-74.2642	-74.3492	-74.4183	-74.4689	-74.5027	-74.5225	-74.5311	-74.531	-74.5241	-74.512	-74.4959	-74.4768	-74.4553	-74.4322	-74.4077	-74.3822	-74.3561	-74.3294	-74.3024	-74.2753	-74.2482	-74.2213	-74.1948	-74.169	-74.1442	-74.1207	-74.099	-74.0796	-74.0632	-74.0505	-74.0422	-74.0392	-74.0416	-74.0496	-74.0638
4.56	-74.1869	-74.2707	-74.3556	-74.4247	-74.4752	-74.5089	-74.5288	-74.5374	-74.5373	-74.5305	-74.5184	-74.5024	-74.4833	-74.4619	-74.4388	-74.4144	-74.389	-74.3629	-74.3362	-74.3093	-74.2822	-74.2552	-74.2284	-74.202	-74.1762	-74.1515	-74.128	-74.1064	-74.087	-74.0706	-74.0579	-74.0497	-74.0467	-74.0491	-74.0571	-74.0713
4.565	-74.1934	-74.2771	-74.3619	-74.431	-74.4815	-74.5152	-74.535	-74.5437	-74.5437	-74.5368	-74.5248	-74.5088	-74.4898	-74.4685	-74.4454	-74.4211	-74.3957	-74.3697	-74.3431	-74.3162	-74.2892	-74.2622	-74.2354	-74.2091	-74.1834	-74.1587	-74.1353	-74.1137	-74.0944	-74.0781	-74.0654	-74.0572	-74.0542	-74.0566	-74.0646	-74.0787
4.57	-74.1999	-74.2835	-74.3683	-74.4373	-74.4877	-74.5215	-74.5413	-74.55	-74.55	-74.5432	-74.5312	-74.5153	-74.4963	-74.4751	-74.452	-74.4277	-74.4024	-74.3764	-74.3499	-74.3231	-74.2961	-74.2692	-74.2425	-74.2162	-74.1906	-74.166	-74.1426	-74.1211	-74.1018	-74.0855	-74.0729	-74.0647	-74.0617	-74.0641	-74.072	-74.0861
4.575	-74.2064	-74.2899	-74.3746	-74.4435	-74.494	-74.5277	-74.5476	-74.5563	-74.5563	-74.5496	-74.5376	-74.5217	-74.5028	-74.4816	-74.4586	-74.4344	-74.4091	-74.3832	-74.3567	-74.33	-74.3031	-74.2762	-74.2495	-74.2233	-74.1978	-74.1732	-74.1499	-74.1284	-74.1092	-74.0929	-74.0803	-74.0721	-74.0691	-74.0715	-74.0795	-74.0936
4.58	-74.2129	-74.2963	-74.381	-74.4498	-74.5003	-74.534	-74.5538	-74.5626	-74.5626	-74.5559	-74.544	-74.5282	-74.5093	-74.4881	-74.4652	-74.441	-74.4158	-74.3899	-74.3635	-74.3368	-74.31	-74.2832	-74.2566	-74.2304	-74.2049	-74.1804	-74.1572	-74.1357	-74.1165	-74.1003	-74.0877	-74.0796	-74.0766	-74.079	-74.0869	-74.101
4.585	-74.2194	-74.3027	-74.3873	-74.4561	-74.5065	-74.5402	-74.5601	-74.5688	-74.5689	-74.5622	-74.5504	-74.5346	-74.5158	-74.4947	-74.4718	-74.4476	-74.4225	-74.3967	-74.3703	-74.3437	-74.3169	-74.2901	-74.2636	-74.2375	-74.212	-74.1876	-74.1644	-74.143	-74.1239	-74.1077	-74.0951	-74.087	-74.084	-74.0864	-74.0943	-74.1083
4.59	-74.2259	-74.3091	-74.3936	-74.4623	-74.5127	-74.5464	-74.5663	-74.5751	-74.5752	-74.5686	-74.5568	-74.541	-74.5222	-74.5012	-74.4784	-74.4543	-74.4292	-74.4034	-74.3771	-74.3505	-74.3238	-74.2971	-74.2706	-74.2445	-74.2192	-74.1947	-74.1716	-74.1503	-74.1312	-74.115	-74.1025	-74.0944	-74.0914	-74.0938	-74.1017	-74.1157
4.595	-74.2323	-74.3155	-74.3999	-74.4686	-74.5189	-74.5527	-74.5725	-74.5813	-74.5815	-74.5749	-74.5631	-74.5474	-74.5287	-74.5077	-74.4849	-74.4609	-74.4358	-74.4101	-74.3839	-74.3573	-74.3307	-74.304	-74.2776	-74.2516	-74.2263	-74.2019	-74.1788	-74.1575	-74.1385	-74.1224	-74.1099	-74.1018	-74.0988	-74.1012	-74.109	-74.123
4.6	-74.2388	-74.3218	-74.4062	-74.4748	-74.5251	-74.5589	-74.5787	-74.5876	-74.5877	-74.5812	-74.5694	-74.5538	-74.5351	-74.5141	-74.4914	-74.4675	-74.4425	-74.4168	-74.3906	-74.3641	-74.3375	-74.3109	-74.2846	-74.2586	-74.2333	-74.209	-74.186	-74.1648	-74.1458	-74.1297	-74.1172	-74.1092	-74.1062	-74.1086	-74.1164	-74.1304
4.605	-74.2452	-74.3282	-74.4124	-74.481	-74.5313	-74.565	-74.5849	-74.5938	-74.594	-74.5875	-74.5758	-74.5602	-74.5415	-74.5206	-74.498	-74.474	-74.4491	-74.4235	-74.3974	-74.3709	-74.3444	-74.3178	-74.2915	-74.2656	-74.2404	-74.2162	-74.1932	-74.172	-74.153	-74.137	-74.1246	-74.1165	-74.1135	-74.1159	-74.1237	-74.1377
4.61	-74.2516	-74.3345	-74.4187	-74.4873	-74.5375	-74.5712	-74.5911	-74.6	-74.6002	-74.5937	-74.5821	-74.5665	-74.5479	-74.5271	-74.5045	-74.4806	-74.4557	-74.4302	-74.4041	-74.3777	-74.3512	-74.3247	-74.2985	-74.2726	-74.2475	-74.2233	-74.2004	-74.1792	-74.1603	-74.1443	-74.1319	-74.1239	-74.1209	-74.1233	-74.1311	-74.145
4.615	-74.258	-74.3409	-74.4249	-74.4935	-74.5437	-74.5774	-74.5973	-74.6062	-74.6064	-74.6	-74.5884	-74.5729	-74.5543	-74.5335	-74.511	-74.4871	-74.4623	-74.4368	-74.4108	-74.3845	-74.358	-74.3316	-74.3054	-74.2796	-74.2545	-74.2304	-74.2075	-74.1864	-74.1675	-74.1516	-74.1392	-74.1312	-74.1282	-74.1306	-74.1384	-74.1523
4.62	-74.2644	-74.3472	-74.4312	-74.4996	-74.5499	-74.5835	-74.6035	-74.6124	-74.6127	-74.6062	-74.5947	-74.5792	-74.5607	-74.5399	-74.5175	-74.4937	-74.4689	-74.4435	-74.4175	-74.3912	-74.3648	-74.3385	-74.3123	-74.2866	-74.2616	-74.2375	-74.2147	-74.1936	-74.1748	-74.1588	-74.1465	-74.1385	-74.1355	-74.1379	-74.1457	-74.1596
4.625	-74.2708	-74.3535	-74.4374	-74.5058	-74.556	-74.5897	-74.6096	-74.6186	-74.6189	-74.6125	-74.601	-74.5855	-74.5671	-74.5464	-74.5239	-74.5002	-74.4755	-74.4501	-74.4242	-74.398	-74.3716	-74.3453	-74.3192	-74.2936	-74.2686	-74.2445	-74.2218	-74.2008	-74.182	-74.1661	-74.1538	-74.1458	-74.1428	-74.1452	-74.1529	-74.1668
4.63	-74.2772	-74.3598	-74.4436	-74.512	-74.5621	-74.5958	-74.6158	-74.6247	-74.6251	-74.6187	-74.6072	-74.5918	-74.5734	-74.5528	-74.5304	-74.5067	-74.4821	-74.4567	-74.4308	-74.4047	-74.3784	-74.3522	-74.3261	-74.3005	-74.2756	-74.2516	-74.2289	-74.2079	-74.1892	-74.1733	-74.161	-74.1531	-74.1501	-74.1525	-74.1602	-74.174
4.635	-74.2836	-74.3661	-74.4499	-74.5182	-74.5683	-74.6019	-74.6219	-74.6309	-74.6312	-74.6249	-74.6135	-74.5981	-74.5798	-74.5592	-74.5368	-74.5132	-74.4886	-74.4633	-74.4375	-74.4114	-74.3852	-74.359	-74.333	-74.3074	-74.2826	-74.2586	-74.236	-74.215	-74.1964	-74.1805	-74.1683	-74.1603	-74.1574	-74.1597	-74.1674	-74.1813
4.64	-74.29	-74.3724	-74.4561	-74.5243	-74.5744	-74.6081	-74.628	-74.637	-74.6374	-74.6311	-74.6197	-74.6044	-74.5861	-74.5656	-74.5433	-74.5197	-74.4951	-74.4699	-74.4442	-74.4181	-74.3919	-74.3658	-74.3399	-74.3144	-74.2895	-74.2656	-74.243	-74.2222	-74.2035	-74.1877	-74.1755	-74.1676	-74.1646	-74.167	-74.1747	-74.1885
4.645	-74.2963	-74.3786	-74.4622	-74.5304	-74.5805	-74.6142	-74.6341	-74.6431	-74.6436	-74.6373	-74.626	-74.6107	-74.5925	-74.5719	-74.5497	-74.5262	-74.5017	-74.4765	-74.4508	-74.4248	-74.3987	-74.3726	-74.3467	-74.3213	-74.2965	-74.2727	-74.2501	-74.2293	-74.2107	-74.1949	-74.1827	-74.1748	-74.1719	-74.1742	-74.1819	-74.1957
4.65	-74.3027	-74.3849	-74.4684	-74.5366	-74.5866	-74.6202	-74.6402	-74.6493	-74.6497	-74.6435	-74.6322	-74.617	-74.5988	-74.5783	-74.5561	-74.5326	-74.5082	-74.483	-74.4574	-74.4315	-74.4054	-74.3794	-74.3536	-74.3282	-74.3034	-74.2796	-74.2572	-74.2364	-74.2178	-74.2021	-74.1899	-74.182	-74.1791	-74.1814	-74.1891	-74.2028
4.655	-74.309	-74.3911	-74.4746	-74.5427	-74.5927	-74.6263	-74.6463	-74.6554	-74.6559	-74.6497	-74.6384	-74.6232	-74.6051	-74.5847	-74.5625	-74.5391	-74.5147	-74.4896	-74.464	-74.4381	-74.4121	-74.3861	-74.3604	-74.335	-74.3104	-74.2866	-74.2642	-74.2434	-74.2249	-74.2092	-74.1971	-74.1892	-74.1863	-74.1886	-74.1963	-74.21
4.66	-74.3153	-74.3974	-74.4808	-74.5488	-74.5988	-74.6324	-74.6524	-74.6615	-74.662	-74.6559	-74.6446	-74.6295	-74.6114	-74.591	-74.5689	-74.5455	-74.5212	-74.4961	-74.4706	-74.4448	-74.4188	-74.3929	-74.3672	-74.3419	-74.3173	-74.2936	-74.2712	-74.2505	-74.232	-74.2164	-74.2042	-74.1964	-74.1935	-74.1958	-74.2034	-74.2171
4.665	-74.3216	-74.4036	-74.4869	-74.5549	-74.6049	-74.6385	-74.6585	-74.6675	-74.6681	-74.662	-74.6508	-74.6357	-74.6176	-74.5973	-74.5753	-74.5519	-74.5277	-74.5027	-74.4772	-74.4514	-74.4255	-74.3996	-74.374	-74.3488	-74.3242	-74.3006	-74.2782	-74.2576	-74.2391	-74.2235	-74.2114	-74.2036	-74.2006	-74.203	-74.2106	-74.2243
4.67	-74.3279	-74.4098	-74.493	-74.561	-74.6109	-74.6445	-74.6645	-74.6736	-74.6742	-74.6681	-74.657	-74.6419	-74.6239	-74.6036	-74.5816	-74.5584	-74.5341	-74.5092	-74.4838	-74.458	-74.4322	-74.4064	-74.3808	-74.3556	-74.3311	-74.3075	-74.2852	-74.2646	-74.2462	-74.2306	-74.2185	-74.2107	-74.2078	-74.2101	-74.2177	-74.2314
4.675	-74.3342	-74.416	-74.4992	-74.5671	-74.617	-74.6506	-74.6706	-74.6797	-74.6803	-74.6743	-74.6632	-74.6481	-74.6302	-74.6099	-74.588	-74.5648	-74.5406	-74.5157	-74.4903	-74.4646	-74.4388	-74.4131	-74.3875	-74.3624	-74.3379	-74.3144	-74.2922	-74.2716	-74.2533	-74.2377	-74.2257	-74.2179	-74.2149	-74.2173	-74.2248	-74.2385
4.68	-74.3405	-74.4222	-74.5053	-74.5731	-74.623	-74.6566	-74.6766	-74.6858	-74.6864	-74.6804	-74.6693	-74.6544	-74.6364	-74.6162	-74.5943	-74.5712	-74.547	-74.5222	-74.4969	-74.4712	-74.4455	-74.4198	-74.3943	-74.3692	-74.3448	-74.3213	-74.2991	-74.2786	-74.2603	-74.2448	-74.2328	-74.225	-74.2221	-74.2244	-74.2319	-74.2456
4.685	-74.3468	-74.4284	-74.5114	-74.5792	-74.629	-74.6626	-74.6826	-74.6918	-74.6925	-74.6865	-74.6755	-74.6605	-74.6427	-74.6225	-74.6007	-74.5775	-74.5534	-74.5287	-74.5034	-74.4778	-74.4521	-74.4265	-74.401	-74.376	-74.3517	-74.3282	-74.3061	-74.2856	-74.2673	-74.2518	-74.2399	-74.2321	-74.2292	-74.2315	-74.239	-74.2526
4.69	-74.3531	-74.4346	-74.5175	-74.5852	-74.635	-74.6686	-74.6886	-74.6978	-74.6985	-74.6926	-74.6816	-74.6667	-74.6489	-74.6288	-74.607	-74.5839	-74.5599	-74.5351	-74.5099	-74.4844	-74.4587	-74.4331	-74.4078	-74.3828	-74.3585	-74.3351	-74.313	-74.2926	-74.2744	-74.2589	-74.2469	-74.2392	-74.2363	-74.2386	-74.2461	-74.2597
4.695	-74.3593	-74.4407	-74.5236	-74.5913	-74.641	-74.6746	-74.6946	-74.7039	-74.7046	-74.6987	-74.6877	-74.6729	-74.6551	-74.635	-74.6133	-74.5903	-74.5663	-74.5416	-74.5164	-74.491	-74.4654	-74.4398	-74.4145	-74.3896	-74.3653	-74.342	-74.3199	-74.2995	-74.2814	-74.2659	-74.254	-74.2463	-74.2434	-74.2457	-74.2532	-74.2667
4.7	-74.3655	-74.4469	-74.5297	-74.5973	-74.647	-74.6806	-74.7006	-74.7099	-74.7106	-74.7048	-74.6938	-74.679	-74.6613	-74.6413	-74.6196	-74.5966	-74.5727	-74.548	-74.5229	-74.4975	-74.472	-74.4465	-74.4212	-74.3963	-74.3721	-74.3488	-74.3268	-74.3065	-74.2883	-74.273	-74.261	-74.2533	-74.2504	-74.2527	-74.2602	-74.2737
4.705	-74.3718	-74.453	-74.5357	-74.6033	-74.653	-74.6866	-74.7066	-74.7159	-74.7166	-74.7108	-74.6999	-74.6852	-74.6675	-74.6475	-74.6259	-74.6029	-74.579	-74.5545	-74.5294	-74.504	-74.4785	-74.4531	-74.4279	-74.4031	-74.3789	-74.3557	-74.3337	-74.3134	-74.2953	-74.28	-74.2681	-74.2604	-74.2575	-74.2598	-74.2672	-74.2807
4.71	-74.378	-74.4592	-74.5418	-74.6093	-74.659	-74.6925	-74.7126	-74.7219	-74.7227	-74.7169	-74.706	-74.6913	-74.6737	-74.6537	-74.6321	-74.6092	-74.5854	-74.5609	-74.5359	-74.5106	-74.4851	-74.4597	-74.4345	-74.4098	-74.3857	-74.3625	-74.3406	-74.3204	-74.3023	-74.287	-74.2751	-74.2674	-74.2645	-74.2668	-74.2743	-74.2877
4.715	-74.3842	-74.4653	-74.5479	-74.6153	-74.665	-74.6985	-74.7186	-74.7278	-74.7287	-74.7229	-74.7121	-74.6974	-74.6798	-74.66	-74.6384	-74.6156	-74.5918	-74.5673	-74.5423	-74.5171	-74.4917	-74.4663	-74.4412	-74.4165	-74.3924	-74.3693	-74.3475	-74.3273	-74.3092	-74.2939	-74.2821	-74.2744	-74.2715	-74.2738	-74.2813	-74.2947
4.72	-74.3904	-74.4714	-74.5539	-74.6213	-74.6709	-74.7044	-74.7245	-74.7338	-74.7347	-74.7289	-74.7182	-74.7036	-74.686	-74.6662	-74.6446	-74.6218	-74.5981	-74.5737	-74.5488	-74.5236	-74.4982	-74.4729	-74.4479	-74.4232	-74.3992	-74.3761	-74.3543	-74.3342	-74.3162	-74.3009	-74.2891	-74.2814	-74.2786	-74.2808	-74.2882	-74.3017
4.725	-74.3966	-74.4775	-74.5599	-74.6273	-74.6769	-74.7104	-74.7305	-74.7398	-74.7406	-74.735	-74.7242	-74.7096	-74.6921	-74.6723	-74.6509	-74.6281	-74.6044	-74.5801	-74.5552	-74.53	-74.5048	-74.4795	-74.4545	-74.4299	-74.4059	-74.3829	-74.3611	-74.341	-74.3231	-74.3079	-74.2961	-74.2884	-74.2856	-74.2878	-74.2952	-74.3086
4.73	-74.4028	-74.4836	-74.5659	-74.6332	-74.6828	-74.7163	-74.7364	-74.7457	-74.7466	-74.741	-74.7303	-74.7157	-74.6982	-74.6785	-74.6571	-74.6344	-74.6108	-74.5864	-74.5616	-74.5365	-74.5113	-74.4861	-74.4611	-74.4366	-74.4127	-74.3897	-74.368	-74.3479	-74.33	-74.3148	-74.303	-74.2954	-74.2925	-74.2948	-74.3022	-74.3156
4.735	-74.409	-74.4897	-74.572	-74.6392	-74.6887	-74.7222	-74.7423	-74.7517	-74.7526	-74.747	-74.7363	-74.7218	-74.7044	-74.6847	-74.6633	-74.6407	-74.6171	-74.5928	-74.568	-74.543	-74.5178	-74.4927	-74.4677	-74.4432	-74.4194	-74.3964	-74.3748	-74.3547	-74.3369	-74.3217	-74.31	-74.3024	-74.2995	-74.3017	-74.3091	-74.3225
4.74	-74.4151	-74.4958	-74.578	-74.6451	-74.6947	-74.7281	-74.7482	-74.7576	-74.7586	-74.753	-74.7424	-74.7279	-74.7105	-74.6908	-74.6695	-74.6469	-74.6234	-74.5991	-74.5744	-74.5494	-74.5243	-74.4992	-74.4743	-74.4499	-74.4261	-74.4032	-74.3816	-74.3616	-74.3437	-74.3286	-74.3169	-74.3093	-74.3064	-74.3087	-74.316	-74.3294
4.745	-74.4213	-74.5019	-74.5839	-74.6511	-74.7006	-74.734	-74.7541	-74.7635	-74.7645	-74.7589	-74.7484	-74.7339	-74.7166	-74.697	-74.6757	-74.6532	-74.6297	-74.6055	-74.5808	-74.5559	-74.5308	-74.5057	-74.4809	-74.4565	-74.4328	-74.4099	-74.3883	-74.3684	-74.3506	-74.3355	-74.3238	-74.3162	-74.3134	-74.3156	-74.3229	-74.3363
4.75	-74.4274	-74.5079	-74.5899	-74.657	-74.7065	-74.7399	-74.76	-74.7694	-74.7704	-74.7649	-74.7544	-74.74	-74.7227	-74.7031	-74.6819	-74.6594	-74.6359	-74.6118	-74.5872	-74.5623	-74.5372	-74.5123	-74.4875	-74.4631	-74.4394	-74.4166	-74.3951	-74.3752	-74.3574	-74.3424	-74.3307	-74.3232	-74.3203	-74.3225	-74.3298	-74.3431
4.755	-74.4336	-74.514	-74.5959	-74.6629	-74.7124	-74.7458	-74.7659	-74.7753	-74.7764	-74.7709	-74.7604	-74.746	-74.7287	-74.7092	-74.6881	-74.6656	-74.6422	-74.6181	-74.5935	-74.5687	-74.5437	-74.5188	-74.494	-74.4697	-74.4461	-74.4234	-74.4019	-74.382	-74.3643	-74.3493	-74.3376	-74.3301	-74.3272	-74.3294	-74.3367	-74.35
4.76	-74.4397	-74.52	-74.6019	-74.6688	-74.7182	-74.7517	-74.7718	-74.7812	-74.7823	-74.7768	-74.7664	-74.752	-74.7348	-74.7154	-74.6942	-74.6718	-74.6484	-74.6244	-74.5999	-74.5751	-74.5502	-74.5253	-74.5006	-74.4763	-74.4527	-74.4301	-74.4086	-74.3888	-74.3711	-74.3561	-74.3445	-74.3369	-74.3341	-74.3363	-74.3436	-74.3568
4.765	-74.4458	-74.526	-74.6078	-74.6747	-74.7241	-74.7575	-74.7776	-74.7871	-74.7882	-74.7828	-74.7723	-74.7581	-74.7409	-74.7215	-74.7004	-74.678	-74.6547	-74.6307	-74.6062	-74.5815	-74.5566	-74.5318	-74.5071	-74.4829	-74.4594	-74.4367	-74.4153	-74.3956	-74.3779	-74.3629	-74.3513	-74.3438	-74.341	-74.3432	-74.3505	-74.3637
4.77	-74.4519	-74.5321	-74.6138	-74.6806	-74.73	-74.7634	-74.7835	-74.793	-74.7941	-74.7887	-74.7783	-74.7641	-74.7469	-74.7275	-74.7065	-74.6842	-74.6609	-74.637	-74.6126	-74.5878	-74.563	-74.5382	-74.5137	-74.4895	-74.466	-74.4434	-74.422	-74.4023	-74.3847	-74.3698	-74.3582	-74.3507	-74.3478	-74.35	-74.3573	-74.3705
4.775	-74.458	-74.5381	-74.6197	-74.6865	-74.7358	-74.7692	-74.7893	-74.7988	-74.8	-74.7946	-74.7842	-74.7701	-74.753	-74.7336	-74.7126	-74.6903	-74.6671	-74.6432	-74.6189	-74.5942	-74.5694	-74.5447	-74.5202	-74.4961	-74.4726	-74.4501	-74.4287	-74.409	-74.3915	-74.3766	-74.365	-74.3575	-74.3547	-74.3569	-74.3641	-74.3773
4.78	-74.4641	-74.5441	-74.6256	-74.6924	-74.7417	-74.775	-74.7952	-74.8047	-74.8058	-74.8005	-74.7902	-74.776	-74.759	-74.7397	-74.7187	-74.6965	-74.6733	-74.6495	-74.6252	-74.6006	-74.5758	-74.5511	-74.5267	-74.5026	-74.4792	-74.4567	-74.4354	-74.4158	-74.3982	-74.3834	-74.3718	-74.3644	-74.3615	-74.3637	-74.3709	-74.3841
4.785	-74.4702	-74.5501	-74.6315	-74.6982	-74.7475	-74.7809	-74.801	-74.8105	-74.8117	-74.8064	-74.7961	-74.782	-74.765	-74.7458	-74.7248	-74.7027	-74.6795	-74.6557	-74.6315	-74.6069	-74.5822	-74.5576	-74.5332	-74.5092	-74.4858	-74.4633	-74.4421	-74.4225	-74.405	-74.3902	-74.3787	-74.3712	-74.3684	-74.3705	-74.3777	-74.3909
4.79	-74.4763	-74.556	-74.6374	-74.7041	-74.7533	-74.7867	-74.8068	-74.8164	-74.8176	-74.8123	-74.802	-74.788	-74.771	-74.7518	-74.7309	-74.7088	-74.6857	-74.662	-74.6377	-74.6132	-74.5886	-74.564	-74.5396	-74.5157	-74.4924	-74.4699	-74.4488	-74.4292	-74.4117	-74.3969	-74.3854	-74.378	-74.3752	-74.3773	-74.3845	-74.3976
4.795	-74.4823	-74.562	-74.6433	-74.7099	-74.7591	-74.7925	-74.8126	-74.8222	-74.8234	-74.8182	-74.808	-74.7939	-74.777	-74.7578	-74.737	-74.7149	-74.6919	-74.6682	-74.644	-74.6195	-74.595	-74.5704	-74.5461	-74.5222	-74.4989	-74.4765	-74.4554	-74.4359	-74.4185	-74.4037	-74.3922	-74.3848	-74.382	-74.3841	-74.3913	-74.4044
4.8	-74.4884	-74.568	-74.6492	-74.7158	-74.7649	-74.7983	-74.8184	-74.828	-74.8292	-74.824	-74.8139	-74.7999	-74.783	-74.7639	-74.7431	-74.721	-74.6981	-74.6744	-74.6503	-74.6258	-74.6013	-74.5768	-74.5525	-74.5287	-74.5055	-74.4831	-74.462	-74.4426	-74.4252	-74.4104	-74.399	-74.3916	-74.3887	-74.3909	-74.398	-74.4111
4.805	-74.4944	-74.5739	-74.6551	-74.7216	-74.7707	-74.804	-74.8242	-74.8338	-74.8351	-74.8299	-74.8197	-74.8058	-74.7889	-74.7699	-74.7491	-74.7271	-74.7042	-74.6806	-74.6565	-74.6321	-74.6077	-74.5832	-74.559	-74.5352	-74.512	-74.4897	-74.4687	-74.4492	-74.4319	-74.4172	-74.4057	-74.3983	-74.3955	-74.3976	-74.4048	-74.4179
4.81	-74.5005	-74.5799	-74.661	-74.7274	-74.7765	-74.8098	-74.83	-74.8396	-74.8409	-74.8357	-74.8256	-74.8117	-74.7949	-74.7759	-74.7552	-74.7332	-74.7103	-74.6868	-74.6627	-74.6384	-74.614	-74.5896	-74.5654	-74.5416	-74.5185	-74.4963	-74.4753	-74.4559	-74.4386	-74.4239	-74.4125	-74.4051	-74.4023	-74.4044	-74.4115	-74.4246
4.815	-74.5065	-74.5858	-74.6668	-74.7332	-74.7823	-74.8156	-74.8357	-74.8454	-74.8467	-74.8416	-74.8315	-74.8176	-74.8008	-74.7819	-74.7612	-74.7393	-74.7165	-74.6929	-74.669	-74.6447	-74.6203	-74.5959	-74.5718	-74.5481	-74.525	-74.5028	-74.4819	-74.4625	-74.4452	-74.4306	-74.4192	-74.4118	-74.409	-74.4111	-74.4182	-74.4313
4.82	-74.5125	-74.5917	-74.6727	-74.739	-74.788	-74.8213	-74.8415	-74.8511	-74.8525	-74.8474	-74.8374	-74.8235	-74.8068	-74.7878	-74.7672	-74.7454	-74.7226	-74.6991	-74.6752	-74.6509	-74.6266	-74.6023	-74.5782	-74.5546	-74.5315	-74.5094	-74.4885	-74.4691	-74.4519	-74.4373	-74.4259	-74.4185	-74.4157	-74.4178	-74.4249	-74.4379
4.825	-74.5185	-74.5976	-74.6785	-74.7448	-74.7938	-74.8271	-74.8472	-74.8569	-74.8583	-74.8532	-74.8432	-74.8294	-74.8127	-74.7938	-74.7733	-74.7514	-74.7287	-74.7053	-74.6814	-74.6572	-74.6329	-74.6086	-74.5846	-74.561	-74.538	-74.5159	-74.495	-74.4757	-74.4585	-74.4439	-74.4326	-74.4253	-74.4225	-74.4245	-74.4316	-74.4446
4.83	-74.5245	-74.6036	-74.6843	-74.7506	-74.7995	-74.8328	-74.853	-74.8626	-74.864	-74.859	-74.8491	-74.8353	-74.8186	-74.7998	-74.7793	-74.7575	-74.7348	-74.7114	-74.6876	-74.6634	-74.6392	-74.615	-74.591	-74.5674	-74.5445	-74.5224	-74.5016	-74.4823	-74.4652	-74.4506	-74.4393	-74.432	-74.4292	-74.4312	-74.4383	-74.4513
4.835	-74.5305	-74.6095	-74.6902	-74.7563	-74.8053	-74.8385	-74.8587	-74.8684	-74.8698	-74.8648	-74.8549	-74.8412	-74.8245	-74.8057	-74.7853	-74.7635	-74.7409	-74.7175	-74.6937	-74.6696	-74.6454	-74.6213	-74.5974	-74.5738	-74.5509	-74.5289	-74.5081	-74.4889	-74.4718	-74.4573	-74.446	-74.4386	-74.4358	-74.4379	-74.445	-74.4579
4.84	-74.5365	-74.6153	-74.696	-74.7621	-74.811	-74.8442	-74.8644	-74.8741	-74.8756	-74.8706	-74.8607	-74.847	-74.8304	-74.8117	-74.7912	-74.7696	-74.7469	-74.7237	-74.6999	-74.6759	-74.6517	-74.6276	-74.6037	-74.5802	-74.5574	-74.5354	-74.5147	-74.4955	-74.4784	-74.4639	-74.4526	-74.4453	-74.4425	-74.4446	-74.4516	-74.4645
4.845	-74.5424	-74.6212	-74.7018	-74.7678	-74.8167	-74.8499	-74.8701	-74.8798	-74.8813	-74.8764	-74.8665	-74.8529	-74.8363	-74.8176	-74.7972	-74.7756	-74.753	-74.7298	-74.7061	-74.6821	-74.658	-74.6339	-74.61	-74.5866	-74.5638	-74.5419	-74.5212	-74.5021	-74.485	-74.4705	-74.4593	-74.452	-74.4492	-74.4512	-74.4583	-74.4711
4.85	-74.5484	-74.6271	-74.7076	-74.7736	-74.8224	-74.8556	-74.8758	-74.8856	-74.8871	-74.8821	-74.8723	-74.8587	-74.8422	-74.8235	-74.8032	-74.7816	-74.7591	-74.7359	-74.7122	-74.6883	-74.6642	-74.6402	-74.6164	-74.593	-74.5702	-74.5484	-74.5277	-74.5086	-74.4916	-74.4771	-74.4659	-74.4586	-74.4558	-74.4579	-74.4649	-74.4777
4.855	-74.5544	-74.633	-74.7133	-74.7793	-74.8281	-74.8613	-74.8815	-74.8913	-74.8928	-74.8879	-74.8781	-74.8645	-74.8481	-74.8294	-74.8091	-74.7876	-74.7651	-74.7419	-74.7183	-74.6944	-74.6704	-74.6464	-74.6227	-74.5993	-74.5766	-74.5548	-74.5342	-74.5151	-74.4981	-74.4837	-74.4725	-74.4652	-74.4625	-74.4645	-74.4715	-74.4843
4.86	-74.5603	-74.6388	-74.7191	-74.785	-74.8338	-74.867	-74.8872	-74.897	-74.8985	-74.8937	-74.8839	-74.8704	-74.8539	-74.8353	-74.8151	-74.7936	-74.7711	-74.748	-74.7244	-74.7006	-74.6766	-74.6527	-74.629	-74.6057	-74.583	-74.5613	-74.5407	-74.5217	-74.5047	-74.4903	-74.4791	-74.4719	-74.4691	-74.4711	-74.4781	-74.4909
4.865	-74.5662	-74.6447	-74.7249	-74.7907	-74.8395	-74.8727	-74.8929	-74.9026	-74.9042	-74.8994	-74.8897	-74.8762	-74.8598	-74.8412	-74.821	-74.7995	-74.7771	-74.7541	-74.7306	-74.7067	-74.6828	-74.659	-74.6353	-74.612	-74.5894	-74.5677	-74.5471	-74.5282	-74.5112	-74.4969	-74.4857	-74.4785	-74.4757	-74.4777	-74.4847	-74.4975
4.87	-74.5722	-74.6505	-74.7307	-74.7964	-74.8452	-74.8783	-74.8985	-74.9083	-74.9099	-74.9051	-74.8954	-74.882	-74.8656	-74.8471	-74.8269	-74.8055	-74.7832	-74.7601	-74.7367	-74.7129	-74.689	-74.6652	-74.6416	-74.6184	-74.5958	-74.5741	-74.5536	-74.5347	-74.5178	-74.5034	-74.4923	-74.4851	-74.4823	-74.4843	-74.4912	-74.504
4.875	-74.5781	-74.6563	-74.7364	-74.8021	-74.8508	-74.884	-74.9042	-74.914	-74.9156	-74.9108	-74.9012	-74.8877	-74.8715	-74.853	-74.8328	-74.8115	-74.7892	-74.7662	-74.7427	-74.719	-74.6952	-74.6714	-74.6479	-74.6247	-74.6022	-74.5805	-74.56	-74.5412	-74.5243	-74.51	-74.4989	-74.4916	-74.4889	-74.4909	-74.4978	-74.5106
4.88	-74.584	-74.6621	-74.7421	-74.8078	-74.8565	-74.8896	-74.9098	-74.9196	-74.9213	-74.9165	-74.9069	-74.8935	-74.8773	-74.8588	-74.8387	-74.8174	-74.7951	-74.7722	-74.7488	-74.7252	-74.7014	-74.6776	-74.6541	-74.631	-74.6085	-74.5869	-74.5665	-74.5476	-74.5308	-74.5165	-74.5054	-74.4982	-74.4954	-74.4974	-74.5043	-74.5171
4.885	-74.5899	-74.6679	-74.7479	-74.8135	-74.8621	-74.8953	-74.9155	-74.9253	-74.9269	-74.9222	-74.9127	-74.8993	-74.8831	-74.8647	-74.8446	-74.8233	-74.8011	-74.7782	-74.7549	-74.7313	-74.7075	-74.6838	-74.6604	-74.6373	-74.6148	-74.5933	-74.5729	-74.5541	-74.5373	-74.523	-74.512	-74.5048	-74.502	-74.504	-74.5109	-74.5236
4.89	-74.5958	-74.6737	-74.7536	-74.8192	-74.8677	-74.9009	-74.9211	-74.9309	-74.9326	-74.9279	-74.9184	-74.9051	-74.8889	-74.8705	-74.8505	-74.8293	-74.8071	-74.7842	-74.7609	-74.7374	-74.7137	-74.69	-74.6666	-74.6436	-74.6212	-74.5996	-74.5793	-74.5605	-74.5438	-74.5295	-74.5185	-74.5113	-74.5085	-74.5105	-74.5174	-74.5301
4.895	-74.6016	-74.6795	-74.7593	-74.8248	-74.8734	-74.9065	-74.9267	-74.9366	-74.9383	-74.9336	-74.9241	-74.9108	-74.8947	-74.8763	-74.8564	-74.8352	-74.813	-74.7902	-74.767	-74.7435	-74.7198	-74.6962	-74.6728	-74.6498	-74.6275	-74.606	-74.5857	-74.567	-74.5502	-74.536	-74.525	-74.5178	-74.5151	-74.517	-74.5239	-74.5366
4.9	-74.6075	-74.6853	-74.765	-74.8305	-74.879	-74.9121	-74.9323	-74.9422	-74.9439	-74.9393	-74.9298	-74.9165	-74.9004	-74.8822	-74.8622	-74.8411	-74.819	-74.7962	-74.773	-74.7495	-74.7259	-74.7024	-74.679	-74.6561	-74.6338	-74.6124	-74.5921	-74.5734	-74.5567	-74.5425	-74.5315	-74.5243	-74.5216	-74.5236	-74.5304	-74.5431
4.905	-74.6134	-74.6911	-74.7707	-74.8361	-74.8846	-74.9177	-74.9379	-74.9478	-74.9495	-74.9449	-74.9355	-74.9223	-74.9062	-74.888	-74.8681	-74.847	-74.8249	-74.8022	-74.779	-74.7556	-74.732	-74.7085	-74.6852	-74.6623	-74.6401	-74.6187	-74.5985	-74.5798	-74.5631	-74.549	-74.538	-74.5308	-74.5281	-74.5301	-74.5369	-74.5495
4.91	-74.6192	-74.6968	-74.7764	-74.8417	-74.8902	-74.9233	-74.9435	-74.9534	-74.9552	-74.9506	-74.9412	-74.928	-74.912	-74.8938	-74.8739	-74.8528	-74.8308	-74.8082	-74.7851	-74.7617	-74.7381	-74.7147	-74.6914	-74.6686	-74.6464	-74.625	-74.6048	-74.5862	-74.5696	-74.5555	-74.5445	-74.5373	-74.5346	-74.5365	-74.5434	-74.556
4.915	-74.6251	-74.7026	-74.7821	-74.8474	-74.8958	-74.9288	-74.9491	-74.959	-74.9608	-74.9562	-74.9468	-74.9337	-74.9177	-74.8996	-74.8798	-74.8587	-74.8368	-74.8141	-74.7911	-74.7677	-74.7442	-74.7208	-74.6976	-74.6748	-74.6526	-74.6313	-74.6112	-74.5926	-74.576	-74.5619	-74.551	-74.5438	-74.5411	-74.543	-74.5498	-74.5624
4.92	-74.6309	-74.7083	-74.7877	-74.853	-74.9014	-74.9344	-74.9546	-74.9646	-74.9664	-74.9619	-74.9525	-74.9394	-74.9235	-74.9053	-74.8856	-74.8646	-74.8427	-74.8201	-74.7971	-74.7737	-74.7503	-74.7269	-74.7038	-74.681	-74.6589	-74.6376	-74.6175	-74.599	-74.5824	-74.5683	-74.5574	-74.5503	-74.5475	-74.5495	-74.5563	-74.5688
4.925	-74.6367	-74.7141	-74.7934	-74.8586	-74.9069	-74.94	-74.9602	-74.9701	-74.972	-74.9675	-74.9582	-74.9451	-74.9292	-74.9111	-74.8914	-74.8704	-74.8486	-74.826	-74.803	-74.7798	-74.7564	-74.733	-74.7099	-74.6872	-74.6651	-74.6439	-74.6238	-74.6053	-74.5888	-74.5748	-74.5639	-74.5567	-74.554	-74.5559	-74.5627	-74.5752
4.93	-74.6425	-74.7198	-74.799	-74.8642	-74.9125	-74.9455	-74.9658	-74.9757	-74.9776	-74.9731	-74.9638	-74.9508	-74.9349	-74.9169	-74.8972	-74.8763	-74.8544	-74.8319	-74.809	-74.7858	-74.7624	-74.7392	-74.7161	-74.6934	-74.6714	-74.6502	-74.6302	-74.6117	-74.5952	-74.5812	-74.5703	-74.5632	-74.5604	-74.5623	-74.5691	-74.5816
4.935	-74.6483	-74.7255	-74.8047	-74.8698	-74.9181	-74.9511	-74.9713	-74.9813	-74.9831	-74.9787	-74.9694	-74.9565	-74.9406	-74.9226	-74.903	-74.8821	-74.8603	-74.8379	-74.815	-74.7918	-74.7685	-74.7452	-74.7222	-74.6996	-74.6776	-74.6564	-74.6365	-74.618	-74.6015	-74.5876	-74.5767	-74.5696	-74.5668	-74.5688	-74.5755	-74.588
4.94	-74.6541	-74.7312	-74.8103	-74.8753	-74.9236	-74.9566	-74.9768	-74.9868	-74.9887	-74.9843	-74.9751	-74.9621	-74.9463	-74.9283	-74.9087	-74.8879	-74.8662	-74.8438	-74.8209	-74.7978	-74.7745	-74.7513	-74.7283	-74.7058	-74.6838	-74.6627	-74.6428	-74.6243	-74.6079	-74.594	-74.5831	-74.576	-74.5733	-74.5752	-74.5819	-74.5944
4.945	-74.6599	-74.7369	-74.8159	-74.8809	-74.9291	-74.9621	-74.9824	-74.9923	-74.9943	-74.9899	-74.9807	-74.9678	-74.952	-74.9341	-74.9145	-74.8937	-74.872	-74.8497	-74.8268	-74.8038	-74.7805	-74.7574	-74.7345	-74.7119	-74.69	-74.6689	-74.649	-74.6307	-74.6143	-74.6003	-74.5895	-74.5824	-74.5797	-74.5816	-74.5883	-74.6007
4.95	-74.6657	-74.7426	-74.8216	-74.8865	-74.9347	-74.9676	-74.9879	-74.9979	-74.9998	-74.9955	-74.9863	-74.9734	-74.9577	-74.9398	-74.9203	-74.8995	-74.8779	-74.8555	-74.8328	-74.8097	-74.7866	-74.7635	-74.7406	-74.7181	-74.6962	-74.6752	-74.6553	-74.637	-74.6206	-74.6067	-74.5959	-74.5888	-74.5861	-74.588	-74.5947	-74.6071
4.955	-74.6715	-74.7483	-74.8272	-74.892	-74.9402	-74.9732	-74.9934	-75.0034	-75.0054	-75.001	-74.9919	-74.979	-74.9634	-74.9455	-74.926	-74.9053	-74.8837	-74.8614	-74.8387	-74.8157	-74.7926	-74.7695	-74.7467	-74.7242	-74.7024	-74.6814	-74.6616	-74.6433	-74.6269	-74.613	-74.6022	-74.5952	-74.5924	-74.5943	-74.601	-74.6134
4.96	-74.6773	-74.754	-74.8328	-74.8976	-74.9457	-74.9786	-74.9989	-75.0089	-75.0109	-75.0066	-74.9975	-74.9847	-74.969	-74.9512	-74.9318	-74.9111	-74.8895	-74.8673	-74.8446	-74.8216	-74.7986	-74.7755	-74.7527	-74.7303	-74.7085	-74.6876	-74.6678	-74.6495	-74.6332	-74.6194	-74.6086	-74.6016	-74.5988	-74.6007	-74.6073	-74.6197
4.965	-74.683	-74.7597	-74.8384	-74.9031	-74.9512	-74.9841	-75.0044	-75.0144	-75.0164	-75.0122	-75.0031	-74.9903	-74.9747	-74.9569	-74.9375	-74.9169	-74.8953	-74.8731	-74.8505	-74.8276	-74.8045	-74.7816	-74.7588	-74.7364	-74.7147	-74.6938	-74.674	-74.6558	-74.6395	-74.6257	-74.615	-74.6079	-74.6052	-74.607	-74.6137	-74.6261
4.97	-74.6888	-74.7653	-74.8439	-74.9086	-74.9567	-74.9896	-75.0099	-75.0199	-75.0219	-75.0177	-75.0086	-74.9959	-74.9803	-74.9626	-74.9432	-74.9226	-74.9011	-74.879	-74.8564	-74.8335	-74.8105	-74.7876	-74.7649	-74.7425	-74.7208	-74.7	-74.6803	-74.6621	-74.6458	-74.632	-74.6213	-74.6143	-74.6115	-74.6134	-74.62	-74.6324
4.975	-74.6945	-74.771	-74.8495	-74.9141	-74.9622	-74.9951	-75.0153	-75.0254	-75.0274	-75.0232	-75.0142	-75.0015	-74.9859	-74.9682	-74.9489	-74.9284	-74.9069	-74.8848	-74.8623	-74.8394	-74.8165	-74.7936	-74.7709	-74.7486	-74.727	-74.7061	-74.6865	-74.6683	-74.6521	-74.6383	-74.6276	-74.6206	-74.6179	-74.6197	-74.6263	-74.6386
4.98	-74.7002	-74.7766	-74.8551	-74.9197	-74.9677	-75.0005	-75.0208	-75.0309	-75.0329	-75.0287	-75.0198	-75.0071	-74.9916	-74.9739	-74.9546	-74.9341	-74.9127	-74.8906	-74.8681	-74.8453	-74.8224	-74.7996	-74.7769	-74.7547	-74.7331	-74.7123	-74.6927	-74.6745	-74.6583	-74.6446	-74.6339	-74.6269	-74.6242	-74.626	-74.6326	-74.6449
4.985	-74.706	-74.7823	-74.8606	-74.9252	-74.9731	-75.006	-75.0262	-75.0363	-75.0384	-75.0343	-75.0253	-75.0126	-74.9972	-74.9796	-74.9603	-74.9399	-74.9185	-74.8965	-74.874	-74.8512	-74.8284	-74.8056	-74.783	-74.7608	-74.7392	-74.7184	-74.6989	-74.6808	-74.6646	-74.6509	-74.6402	-74.6332	-74.6305	-74.6323	-74.6389	-74.6512
4.99	-74.7117	-74.7879	-74.8662	-74.9306	-74.9786	-75.0115	-75.0317	-75.0418	-75.0439	-75.0398	-75.0308	-75.0182	-75.0028	-74.9852	-74.966	-74.9456	-74.9242	-74.9023	-74.8798	-74.8571	-74.8343	-74.8115	-74.789	-74.7668	-74.7453	-74.7246	-74.705	-74.687	-74.6708	-74.6572	-74.6465	-74.6395	-74.6368	-74.6386	-74.6452	-74.6574
4.995	-74.7174	-74.7935	-74.8717	-74.9361	-74.984	-75.0169	-75.0371	-75.0472	-75.0494	-75.0453	-75.0364	-75.0238	-75.0084	-74.9908	-74.9717	-74.9513	-74.93	-74.9081	-74.8857	-74.863	-74.8402	-74.8175	-74.795	-74.7729	-74.7514	-74.7307	-74.7112	-74.6932	-74.6771	-74.6634	-74.6528	-74.6458	-74.6431	-74.6449	-74.6514	-74.6637
5	-74.7231	-74.7991	-74.8773	-74.9416	-74.9895	-75.0223	-75.0426	-75.0527	-75.0548	-75.0507	-75.0419	-75.0293	-75.014	-74.9965	-74.9773	-74.957	-74.9357	-74.9138	-74.8915	-74.8689	-74.8461	-74.8234	-74.801	-74.7789	-74.7574	-74.7368	-74.7173	-74.6994	-74.6833	-74.6697	-74.659	-74.6521	-74.6493	-74.6511	-74.6577	-74.6699
5.005	-74.7288	-74.8047	-74.8828	-74.9471	-74.9949	-75.0277	-75.048	-75.0581	-75.0603	-75.0562	-75.0474	-75.0349	-75.0195	-75.0021	-74.983	-74.9627	-74.9415	-74.9196	-74.8973	-74.8747	-74.852	-74.8294	-74.807	-74.7849	-74.7635	-74.7429	-74.7235	-74.7055	-74.6895	-74.6759	-74.6653	-74.6583	-74.6556	-74.6574	-74.6639	-74.6761
5.01	-74.7345	-74.8103	-74.8883	-74.9525	-75.0004	-75.0331	-75.0534	-75.0635	-75.0657	-75.0617	-75.0529	-75.0404	-75.0251	-75.0077	-74.9886	-74.9684	-74.9472	-74.9254	-74.9031	-74.8806	-74.8579	-74.8353	-74.8129	-74.7909	-74.7696	-74.749	-74.7296	-74.7117	-74.6957	-74.6821	-74.6715	-74.6646	-74.6618	-74.6636	-74.6701	-74.6823
5.015	-74.7401	-74.8159	-74.8938	-74.958	-75.0058	-75.0386	-75.0588	-75.0689	-75.0711	-75.0672	-75.0584	-75.0459	-75.0307	-75.0133	-74.9943	-74.974	-74.9529	-74.9311	-74.9089	-74.8864	-74.8638	-74.8412	-74.8189	-74.797	-74.7756	-74.7551	-74.7357	-74.7179	-74.7019	-74.6883	-74.6777	-74.6708	-74.6681	-74.6699	-74.6763	-74.6885
5.02	-74.7458	-74.8215	-74.8993	-74.9634	-75.0112	-75.0439	-75.0642	-75.0744	-75.0766	-75.0726	-75.0639	-75.0514	-75.0362	-75.0189	-74.9999	-74.9797	-74.9586	-74.9369	-74.9147	-74.8922	-74.8697	-74.8472	-74.8249	-74.8029	-74.7816	-74.7612	-74.7419	-74.724	-74.7081	-74.6945	-74.684	-74.677	-74.6743	-74.6761	-74.6825	-74.6947
5.025	-74.7514	-74.827	-74.9048	-74.9689	-75.0166	-75.0493	-75.0696	-75.0798	-75.082	-75.078	-75.0693	-75.0569	-75.0418	-75.0244	-75.0055	-74.9854	-74.9643	-74.9426	-74.9205	-74.898	-74.8755	-74.8531	-74.8308	-74.8089	-74.7877	-74.7672	-74.7479	-74.7301	-74.7142	-74.7007	-74.6902	-74.6833	-74.6805	-74.6823	-74.6887	-74.7009
5.03	-74.7571	-74.8326	-74.9103	-74.9743	-75.022	-75.0547	-75.075	-75.0851	-75.0874	-75.0835	-75.0748	-75.0624	-75.0473	-75.03	-75.0111	-74.991	-74.97	-74.9483	-74.9262	-74.9039	-74.8814	-74.8589	-74.8367	-74.8149	-74.7937	-74.7733	-74.754	-74.7363	-74.7204	-74.7069	-74.6964	-74.6895	-74.6867	-74.6885	-74.6949	-74.707
5.035	-74.7627	-74.8381	-74.9157	-74.9797	-75.0274	-75.0601	-75.0803	-75.0905	-75.0928	-75.0889	-75.0802	-75.0679	-75.0528	-75.0356	-75.0167	-74.9966	-74.9757	-74.954	-74.932	-74.9097	-74.8872	-74.8648	-74.8426	-74.8209	-74.7997	-74.7793	-74.7601	-74.7424	-74.7265	-74.713	-74.7025	-74.6957	-74.6929	-74.6947	-74.7011	-74.7132
5.04	-74.7684	-74.8437	-74.9212	-74.9851	-75.0327	-75.0654	-75.0857	-75.0959	-75.0982	-75.0943	-75.0857	-75.0734	-75.0583	-75.0411	-75.0223	-75.0023	-74.9813	-74.9598	-74.9377	-74.9154	-74.893	-74.8707	-74.8486	-74.8268	-74.8057	-74.7854	-74.7662	-74.7485	-74.7326	-74.7192	-74.7087	-74.7018	-74.6991	-74.7008	-74.7072	-74.7193
5.045	-74.774	-74.8492	-74.9267	-74.9905	-75.0381	-75.0708	-75.091	-75.1013	-75.1036	-75.0997	-75.0911	-75.0789	-75.0638	-75.0467	-75.0279	-75.0079	-74.987	-74.9655	-74.9435	-74.9212	-74.8989	-74.8765	-74.8545	-74.8328	-74.8116	-74.7914	-74.7722	-74.7545	-74.7387	-74.7253	-74.7149	-74.708	-74.7053	-74.707	-74.7134	-74.7254
5.05	-74.7796	-74.8547	-74.9321	-74.9959	-75.0435	-75.0761	-75.0964	-75.1066	-75.1089	-75.1051	-75.0966	-75.0843	-75.0693	-75.0522	-75.0334	-75.0135	-74.9926	-74.9711	-74.9492	-74.927	-74.9047	-74.8824	-74.8603	-74.8387	-74.8176	-74.7974	-74.7783	-74.7606	-74.7449	-74.7315	-74.721	-74.7142	-74.7114	-74.7132	-74.7195	-74.7316
5.055	-74.7852	-74.8603	-74.9375	-75.0013	-75.0488	-75.0815	-75.1017	-75.112	-75.1143	-75.1105	-75.102	-75.0898	-75.0748	-75.0577	-75.039	-75.0191	-74.9983	-74.9768	-74.9549	-74.9327	-74.9105	-74.8882	-74.8662	-74.8446	-74.8236	-74.8034	-74.7843	-74.7667	-74.7509	-74.7376	-74.7272	-74.7203	-74.7176	-74.7193	-74.7256	-74.7377
5.06	-74.7908	-74.8658	-74.943	-75.0067	-75.0542	-75.0868	-75.107	-75.1173	-75.1197	-75.1159	-75.1074	-75.0952	-75.0803	-75.0632	-75.0445	-75.0247	-75.0039	-74.9825	-74.9606	-74.9385	-74.9163	-74.8941	-74.8721	-74.8505	-74.8295	-74.8094	-74.7903	-74.7727	-74.757	-74.7437	-74.7333	-74.7264	-74.7237	-74.7254	-74.7318	-74.7437
5.065	-74.7964	-74.8713	-74.9484	-75.012	-75.0595	-75.0921	-75.1124	-75.1226	-75.125	-75.1213	-75.1128	-75.1007	-75.0858	-75.0687	-75.0501	-75.0303	-75.0095	-74.9881	-74.9663	-74.9442	-74.922	-74.8999	-74.878	-74.8564	-74.8355	-74.8153	-74.7963	-74.7788	-74.7631	-74.7498	-74.7394	-74.7326	-74.7298	-74.7315	-74.7379	-74.7498
5.07	-74.802	-74.8768	-74.9538	-75.0174	-75.0648	-75.0974	-75.1177	-75.1279	-75.1304	-75.1266	-75.1182	-75.1061	-75.0912	-75.0742	-75.0556	-75.0358	-75.0151	-74.9938	-74.972	-74.95	-74.9278	-74.9057	-74.8838	-74.8623	-74.8414	-74.8213	-74.8023	-74.7848	-74.7692	-74.7559	-74.7455	-74.7387	-74.7359	-74.7376	-74.7439	-74.7559
5.075	-74.8075	-74.8822	-74.9592	-75.0228	-75.0701	-75.1027	-75.123	-75.1333	-75.1357	-75.132	-75.1236	-75.1115	-75.0967	-75.0797	-75.0611	-75.0414	-75.0207	-74.9994	-74.9777	-74.9557	-74.9336	-74.9115	-74.8896	-74.8682	-74.8473	-74.8273	-74.8083	-74.7908	-74.7752	-74.7619	-74.7516	-74.7448	-74.742	-74.7437	-74.75	-74.7619
5.08	-74.8131	-74.8877	-74.9646	-75.0281	-75.0754	-75.108	-75.1283	-75.1386	-75.141	-75.1373	-75.1289	-75.1169	-75.1021	-75.0852	-75.0667	-75.0469	-75.0263	-75.0051	-74.9834	-74.9614	-74.9393	-74.9173	-74.8955	-74.874	-74.8532	-74.8332	-74.8143	-74.7969	-74.7813	-74.768	-74.7577	-74.7509	-74.7481	-74.7498	-74.7561	-74.768
5.085	-74.8187	-74.8932	-74.97	-75.0334	-75.0807	-75.1133	-75.1336	-75.1439	-75.1463	-75.1427	-75.1343	-75.1223	-75.1075	-75.0907	-75.0722	-75.0525	-75.0319	-75.0107	-74.989	-74.9671	-74.945	-74.9231	-74.9013	-74.8799	-74.8591	-74.8391	-74.8203	-74.8029	-74.7873	-74.7741	-74.7637	-74.7569	-74.7542	-74.7559	-74.7621	-74.774
5.09	-74.8242	-74.8986	-74.9754	-75.0388	-75.086	-75.1186	-75.1388	-75.1491	-75.1516	-75.148	-75.1397	-75.1277	-75.113	-75.0961	-75.0777	-75.058	-75.0375	-75.0163	-74.9947	-74.9728	-74.9508	-74.9288	-74.9071	-74.8857	-74.865	-74.8451	-74.8262	-74.8088	-74.7933	-74.7801	-74.7698	-74.763	-74.7603	-74.7619	-74.7682	-74.7801
5.095	-74.8298	-74.9041	-74.9808	-75.0441	-75.0913	-75.1239	-75.1441	-75.1544	-75.1569	-75.1533	-75.145	-75.1331	-75.1184	-75.1016	-75.0831	-75.0635	-75.043	-75.0219	-75.0003	-74.9784	-74.9565	-74.9346	-74.9129	-74.8916	-74.8709	-74.851	-74.8322	-74.8148	-74.7993	-74.7861	-74.7758	-74.7691	-74.7663	-74.768	-74.7742	-74.7861
5.1	-74.8353	-74.9095	-74.9861	-75.0494	-75.0966	-75.1291	-75.1494	-75.1597	-75.1622	-75.1586	-75.1504	-75.1385	-75.1238	-75.107	-75.0886	-75.069	-75.0486	-75.0275	-75.0059	-74.9841	-74.9622	-74.9403	-74.9187	-74.8974	-74.8767	-74.8569	-74.8381	-74.8208	-74.8053	-74.7922	-74.7819	-74.7751	-74.7724	-74.774	-74.7802	-74.7921
5.105	-74.8408	-74.915	-74.9915	-75.0547	-75.1019	-75.1344	-75.1546	-75.165	-75.1675	-75.1639	-75.1557	-75.1438	-75.1292	-75.1124	-75.0941	-75.0746	-75.0541	-75.0331	-75.0116	-74.9898	-74.9679	-74.9461	-74.9245	-74.9032	-74.8826	-74.8628	-74.844	-74.8268	-74.8113	-74.7982	-74.7879	-74.7811	-74.7784	-74.78	-74.7862	-74.7981
5.11	-74.8463	-74.9204	-74.9969	-75.06	-75.1071	-75.1396	-75.1599	-75.1702	-75.1728	-75.1692	-75.161	-75.1492	-75.1346	-75.1179	-75.0995	-75.08	-75.0597	-75.0386	-75.0172	-74.9954	-74.9736	-74.9518	-74.9302	-74.909	-74.8884	-74.8687	-74.85	-74.8327	-74.8173	-74.8042	-74.7939	-74.7872	-74.7844	-74.7861	-74.7922	-74.804
5.115	-74.8519	-74.9258	-75.0022	-75.0653	-75.1124	-75.1449	-75.1651	-75.1755	-75.178	-75.1745	-75.1663	-75.1545	-75.1399	-75.1233	-75.105	-75.0855	-75.0652	-75.0442	-75.0228	-75.0011	-74.9793	-74.9575	-74.936	-74.9148	-74.8943	-74.8745	-74.8559	-74.8386	-74.8232	-74.8101	-74.7999	-74.7932	-74.7905	-74.7921	-74.7982	-74.81
5.12	-74.8574	-74.9312	-75.0075	-75.0706	-75.1176	-75.1501	-75.1703	-75.1807	-75.1833	-75.1798	-75.1716	-75.1599	-75.1453	-75.1287	-75.1104	-75.091	-75.0707	-75.0498	-75.0284	-75.0067	-74.9849	-74.9632	-74.9417	-74.9206	-74.9001	-74.8804	-74.8618	-74.8446	-74.8292	-74.8161	-74.8059	-74.7992	-74.7964	-74.7981	-74.8042	-74.816
5.125	-74.8628	-74.9366	-75.0129	-75.0758	-75.1229	-75.1553	-75.1756	-75.1859	-75.1885	-75.1851	-75.1769	-75.1652	-75.1507	-75.1341	-75.1159	-75.0965	-75.0762	-75.0553	-75.0339	-75.0123	-74.9906	-74.9689	-74.9475	-74.9264	-74.9059	-74.8862	-74.8676	-74.8505	-74.8351	-74.8221	-74.8119	-74.8052	-74.8024	-74.804	-74.8102	-74.8219
5.13	-74.8683	-74.942	-75.0182	-75.0811	-75.1281	-75.1605	-75.1808	-75.1912	-75.1938	-75.1903	-75.1822	-75.1705	-75.156	-75.1395	-75.1213	-75.1019	-75.0817	-75.0608	-75.0395	-75.0179	-74.9963	-74.9746	-74.9532	-74.9322	-74.9117	-74.8921	-74.8735	-74.8564	-74.8411	-74.828	-74.8179	-74.8111	-74.8084	-74.81	-74.8161	-74.8278
5.135	-74.8738	-74.9474	-75.0235	-75.0864	-75.1333	-75.1658	-75.186	-75.1964	-75.199	-75.1956	-75.1875	-75.1758	-75.1614	-75.1448	-75.1267	-75.1074	-75.0872	-75.0664	-75.0451	-75.0235	-75.0019	-74.9803	-74.9589	-74.9379	-74.9175	-74.8979	-74.8794	-74.8623	-74.847	-74.834	-74.8238	-74.8171	-74.8144	-74.816	-74.8221	-74.8338
5.14	-74.8793	-74.9528	-75.0288	-75.0916	-75.1385	-75.171	-75.1912	-75.2016	-75.2042	-75.2008	-75.1928	-75.1811	-75.1667	-75.1502	-75.1321	-75.1128	-75.0927	-75.0719	-75.0506	-75.0291	-75.0075	-74.986	-74.9646	-74.9437	-74.9233	-74.9037	-74.8852	-74.8682	-74.8529	-74.8399	-74.8298	-74.8231	-74.8204	-74.8219	-74.828	-74.8397
5.145	-74.8848	-74.9582	-75.0341	-75.0969	-75.1438	-75.1761	-75.1964	-75.2068	-75.2094	-75.2061	-75.198	-75.1864	-75.172	-75.1556	-75.1375	-75.1183	-75.0981	-75.0774	-75.0562	-75.0347	-75.0132	-74.9916	-74.9703	-74.9494	-74.9291	-74.9095	-74.8911	-74.874	-74.8588	-74.8458	-74.8357	-74.829	-74.8263	-74.8279	-74.8339	-74.8456
5.15	-74.8902	-74.9636	-75.0394	-75.1021	-75.149	-75.1813	-75.2015	-75.212	-75.2147	-75.2113	-75.2033	-75.1917	-75.1774	-75.1609	-75.1429	-75.1237	-75.1036	-75.0829	-75.0617	-75.0403	-75.0188	-74.9973	-74.976	-74.9551	-74.9348	-74.9153	-74.8969	-74.8799	-74.8647	-74.8518	-74.8417	-74.835	-74.8322	-74.8338	-74.8399	-74.8515
5.155	-74.8957	-74.9689	-75.0447	-75.1073	-75.1541	-75.1865	-75.2067	-75.2171	-75.2198	-75.2165	-75.2085	-75.197	-75.1827	-75.1663	-75.1483	-75.1291	-75.1091	-75.0884	-75.0672	-75.0459	-75.0244	-75.0029	-74.9817	-74.9609	-74.9406	-74.9211	-74.9027	-74.8858	-74.8706	-74.8577	-74.8476	-74.8409	-74.8382	-74.8397	-74.8457	-74.8574
5.16	-74.9011	-74.9743	-75.0499	-75.1125	-75.1593	-75.1917	-75.2119	-75.2223	-75.225	-75.2217	-75.2138	-75.2022	-75.188	-75.1716	-75.1537	-75.1345	-75.1145	-75.0939	-75.0728	-75.0514	-75.03	-75.0086	-74.9874	-74.9666	-74.9463	-74.9269	-74.9086	-74.8916	-74.8764	-74.8636	-74.8535	-74.8468	-74.8441	-74.8456	-74.8516	-74.8632
5.165	-74.9065	-74.9796	-75.0552	-75.1177	-75.1645	-75.1968	-75.217	-75.2275	-75.2302	-75.227	-75.219	-75.2075	-75.1933	-75.1769	-75.159	-75.1399	-75.1199	-75.0993	-75.0783	-75.057	-75.0356	-75.0142	-74.993	-74.9723	-74.9521	-74.9327	-74.9144	-74.8974	-74.8823	-74.8694	-74.8594	-74.8527	-74.85	-74.8515	-74.8575	-74.8691
5.17	-74.9119	-74.9849	-75.0605	-75.1229	-75.1697	-75.202	-75.2222	-75.2326	-75.2354	-75.2321	-75.2242	-75.2128	-75.1986	-75.1823	-75.1644	-75.1453	-75.1254	-75.1048	-75.0838	-75.0625	-75.0411	-75.0198	-74.9987	-74.978	-74.9578	-74.9384	-74.9202	-74.9033	-74.8882	-74.8753	-74.8653	-74.8586	-74.8559	-74.8574	-74.8634	-74.875
5.175	-74.9174	-74.9903	-75.0657	-75.1281	-75.1748	-75.2071	-75.2273	-75.2378	-75.2406	-75.2373	-75.2295	-75.218	-75.2038	-75.1876	-75.1697	-75.1507	-75.1308	-75.1102	-75.0893	-75.068	-75.0467	-75.0254	-75.0043	-74.9836	-74.9635	-74.9442	-74.9259	-74.9091	-74.894	-74.8812	-74.8711	-74.8645	-74.8618	-74.8633	-74.8693	-74.8808
5.18	-74.9228	-74.9956	-75.071	-75.1333	-75.18	-75.2123	-75.2325	-75.2429	-75.2457	-75.2425	-75.2347	-75.2232	-75.2091	-75.1929	-75.1751	-75.1561	-75.1362	-75.1157	-75.0947	-75.0736	-75.0523	-75.031	-75.01	-74.9893	-74.9692	-74.9499	-74.9317	-74.9149	-74.8998	-74.887	-74.877	-74.8704	-74.8676	-74.8691	-74.8751	-74.8866
5.185	-74.9282	-75.0009	-75.0762	-75.1385	-75.1851	-75.2174	-75.2376	-75.2481	-75.2509	-75.2477	-75.2399	-75.2285	-75.2144	-75.1982	-75.1804	-75.1614	-75.1416	-75.1211	-75.1002	-75.0791	-75.0578	-75.0366	-75.0156	-74.995	-74.9749	-74.9557	-74.9375	-74.9207	-74.9056	-74.8929	-74.8829	-74.8762	-74.8735	-74.875	-74.881	-74.8924
5.19	-74.9336	-75.0062	-75.0814	-75.1437	-75.1903	-75.2225	-75.2427	-75.2532	-75.256	-75.2529	-75.2451	-75.2337	-75.2196	-75.2034	-75.1857	-75.1668	-75.147	-75.1266	-75.1057	-75.0846	-75.0633	-75.0422	-75.0212	-75.0006	-74.9806	-74.9614	-74.9432	-74.9265	-74.9115	-74.8987	-74.8887	-74.8821	-74.8793	-74.8808	-74.8868	-74.8983
5.195	-74.9389	-75.0115	-75.0866	-75.1488	-75.1954	-75.2276	-75.2478	-75.2583	-75.2612	-75.258	-75.2502	-75.2389	-75.2249	-75.2087	-75.191	-75.1721	-75.1524	-75.132	-75.1111	-75.0901	-75.0689	-75.0477	-75.0268	-75.0063	-74.9863	-74.9671	-74.949	-74.9322	-74.9173	-74.9045	-74.8945	-74.8879	-74.8852	-74.8867	-74.8926	-74.9041
5.2	-74.9443	-75.0168	-75.0919	-75.154	-75.2005	-75.2327	-75.2529	-75.2634	-75.2663	-75.2632	-75.2554	-75.2441	-75.2301	-75.214	-75.1963	-75.1775	-75.1577	-75.1374	-75.1166	-75.0955	-75.0744	-75.0533	-75.0324	-75.0119	-74.9919	-74.9728	-74.9547	-74.938	-74.923	-74.9103	-74.9004	-74.8938	-74.891	-74.8925	-74.8984	-74.9098
5.205	-74.9497	-75.0221	-75.0971	-75.1591	-75.2056	-75.2378	-75.258	-75.2685	-75.2714	-75.2683	-75.2606	-75.2493	-75.2353	-75.2193	-75.2016	-75.1828	-75.1631	-75.1428	-75.122	-75.101	-75.0799	-75.0588	-75.038	-75.0175	-74.9976	-74.9785	-74.9604	-74.9437	-74.9288	-74.9161	-74.9062	-74.8996	-74.8969	-74.8983	-74.9042	-74.9156
5.21	-74.9551	-75.0274	-75.1023	-75.1643	-75.2107	-75.2429	-75.2631	-75.2736	-75.2765	-75.2734	-75.2657	-75.2545	-75.2405	-75.2245	-75.2069	-75.1881	-75.1685	-75.1482	-75.1275	-75.1065	-75.0854	-75.0644	-75.0436	-75.0231	-75.0032	-74.9842	-74.9661	-74.9495	-74.9346	-74.9219	-74.912	-74.9054	-74.9027	-74.9041	-74.91	-74.9214
5.215	-74.9604	-75.0326	-75.1074	-75.1694	-75.2158	-75.248	-75.2682	-75.2787	-75.2816	-75.2786	-75.2709	-75.2597	-75.2458	-75.2297	-75.2122	-75.1934	-75.1738	-75.1536	-75.1329	-75.1119	-75.0909	-75.0699	-75.0491	-75.0287	-75.0089	-74.9898	-74.9718	-74.9552	-74.9404	-74.9277	-74.9178	-74.9112	-74.9085	-74.9099	-74.9158	-74.9272
5.22	-74.9658	-75.0379	-75.1126	-75.1746	-75.2209	-75.2531	-75.2733	-75.2838	-75.2867	-75.2837	-75.276	-75.2648	-75.2509	-75.235	-75.2174	-75.1987	-75.1792	-75.1589	-75.1383	-75.1174	-75.0964	-75.0754	-75.0547	-75.0343	-75.0145	-74.9955	-74.9775	-74.9609	-74.9461	-74.9335	-74.9236	-74.917	-74.9143	-74.9157	-74.9215	-74.9329
5.225	-74.9711	-75.0431	-75.1178	-75.1797	-75.226	-75.2581	-75.2783	-75.2889	-75.2918	-75.2888	-75.2812	-75.27	-75.2561	-75.2402	-75.2227	-75.204	-75.1845	-75.1643	-75.1437	-75.1228	-75.1019	-75.0809	-75.0602	-75.0399	-75.0201	-75.0012	-74.9832	-74.9667	-74.9518	-74.9392	-74.9293	-74.9228	-74.92	-74.9215	-74.9273	-74.9386
5.23	-74.9764	-75.0484	-75.123	-75.1848	-75.2311	-75.2632	-75.2834	-75.2939	-75.2969	-75.2939	-75.2863	-75.2752	-75.2613	-75.2454	-75.228	-75.2093	-75.1898	-75.1697	-75.1491	-75.1283	-75.1073	-75.0864	-75.0658	-75.0455	-75.0257	-75.0068	-74.9889	-74.9724	-74.9576	-74.945	-74.9351	-74.9286	-74.9258	-74.9272	-74.933	-74.9444
5.235	-74.9818	-75.0536	-75.1281	-75.1899	-75.2362	-75.2683	-75.2884	-75.299	-75.302	-75.299	-75.2914	-75.2803	-75.2665	-75.2506	-75.2332	-75.2146	-75.1951	-75.175	-75.1545	-75.1337	-75.1128	-75.0919	-75.0713	-75.051	-75.0313	-75.0124	-74.9946	-74.9781	-74.9633	-74.9507	-74.9409	-74.9343	-74.9316	-74.933	-74.9388	-74.9501
5.24	-74.9871	-75.0588	-75.1333	-75.195	-75.2412	-75.2733	-75.2935	-75.304	-75.307	-75.3041	-75.2965	-75.2855	-75.2717	-75.2558	-75.2384	-75.2199	-75.2004	-75.1804	-75.1599	-75.1391	-75.1182	-75.0974	-75.0768	-75.0566	-75.0369	-75.0181	-75.0002	-74.9837	-74.969	-74.9565	-74.9466	-74.9401	-74.9373	-74.9387	-74.9445	-74.9558
5.245	-74.9924	-75.0641	-75.1384	-75.2001	-75.2463	-75.2783	-75.2985	-75.3091	-75.3121	-75.3091	-75.3016	-75.2906	-75.2768	-75.261	-75.2437	-75.2251	-75.2057	-75.1857	-75.1652	-75.1445	-75.1237	-75.1029	-75.0823	-75.0621	-75.0425	-75.0237	-75.0059	-74.9894	-74.9747	-74.9622	-74.9523	-74.9458	-74.9431	-74.9445	-74.9502	-74.9615
5.25	-74.9977	-75.0693	-75.1436	-75.2052	-75.2513	-75.2834	-75.3035	-75.3141	-75.3171	-75.3142	-75.3067	-75.2957	-75.282	-75.2662	-75.2489	-75.2304	-75.211	-75.191	-75.1706	-75.1499	-75.1291	-75.1084	-75.0878	-75.0677	-75.0481	-75.0293	-75.0115	-74.9951	-74.9804	-74.9679	-74.9581	-74.9515	-74.9488	-74.9502	-74.9559	-74.9672
5.255	-75.003	-75.0745	-75.1487	-75.2102	-75.2564	-75.2884	-75.3086	-75.3191	-75.3222	-75.3193	-75.3118	-75.3008	-75.2871	-75.2714	-75.2541	-75.2356	-75.2163	-75.1963	-75.1759	-75.1553	-75.1345	-75.1138	-75.0933	-75.0732	-75.0536	-75.0349	-75.0171	-75.0007	-74.9861	-74.9736	-74.9638	-74.9573	-74.9545	-74.9559	-74.9616	-74.9729
5.26	-75.0083	-75.0797	-75.1538	-75.2153	-75.2614	-75.2934	-75.3136	-75.3242	-75.3272	-75.3243	-75.3169	-75.3059	-75.2923	-75.2766	-75.2593	-75.2409	-75.2216	-75.2016	-75.1813	-75.1607	-75.1399	-75.1193	-75.0988	-75.0787	-75.0592	-75.0405	-75.0228	-75.0064	-74.9917	-74.9793	-74.9695	-74.963	-74.9602	-74.9616	-74.9673	-74.9785
5.265	-75.0136	-75.0849	-75.1589	-75.2204	-75.2664	-75.2984	-75.3186	-75.3292	-75.3322	-75.3294	-75.322	-75.311	-75.2974	-75.2817	-75.2645	-75.2461	-75.2268	-75.2069	-75.1866	-75.166	-75.1453	-75.1247	-75.1043	-75.0842	-75.0648	-75.046	-75.0284	-75.012	-74.9974	-74.985	-74.9752	-74.9687	-74.9659	-74.9673	-74.973	-74.9842
5.27	-75.0188	-75.0901	-75.164	-75.2254	-75.2714	-75.3034	-75.3236	-75.3342	-75.3372	-75.3344	-75.327	-75.3161	-75.3025	-75.2869	-75.2697	-75.2513	-75.2321	-75.2122	-75.1919	-75.1714	-75.1507	-75.1301	-75.1098	-75.0897	-75.0703	-75.0516	-75.034	-75.0177	-75.0031	-74.9906	-74.9809	-74.9744	-74.9716	-74.973	-74.9787	-74.9898
5.275	-75.0241	-75.0952	-75.1691	-75.2305	-75.2765	-75.3084	-75.3286	-75.3392	-75.3423	-75.3394	-75.3321	-75.3212	-75.3076	-75.292	-75.2749	-75.2565	-75.2373	-75.2175	-75.1972	-75.1767	-75.1561	-75.1356	-75.1152	-75.0952	-75.0758	-75.0572	-75.0396	-75.0233	-75.0087	-74.9963	-74.9865	-74.98	-74.9773	-74.9786	-74.9843	-74.9955
5.28	-75.0294	-75.1004	-75.1742	-75.2355	-75.2815	-75.3134	-75.3335	-75.3442	-75.3473	-75.3445	-75.3371	-75.3263	-75.3128	-75.2972	-75.28	-75.2617	-75.2426	-75.2228	-75.2025	-75.1821	-75.1615	-75.141	-75.1207	-75.1007	-75.0813	-75.0627	-75.0451	-75.0289	-75.0143	-75.0019	-74.9922	-74.9857	-74.983	-74.9843	-74.99	-75.0011
5.285	-75.0346	-75.1056	-75.1793	-75.2405	-75.2865	-75.3184	-75.3385	-75.3491	-75.3523	-75.3495	-75.3422	-75.3314	-75.3178	-75.3023	-75.2852	-75.2669	-75.2478	-75.228	-75.2078	-75.1874	-75.1669	-75.1464	-75.1261	-75.1062	-75.0868	-75.0683	-75.0507	-75.0345	-75.02	-75.0076	-74.9979	-74.9914	-74.9886	-74.99	-74.9956	-75.0067
5.29	-75.0398	-75.1107	-75.1844	-75.2455	-75.2915	-75.3233	-75.3435	-75.3541	-75.3572	-75.3545	-75.3472	-75.3364	-75.3229	-75.3074	-75.2903	-75.2721	-75.253	-75.2333	-75.2131	-75.1927	-75.1722	-75.1518	-75.1315	-75.1117	-75.0923	-75.0738	-75.0563	-75.0401	-75.0256	-75.0132	-75.0035	-74.997	-74.9943	-74.9956	-75.0012	-75.0123
5.295	-75.0451	-75.1159	-75.1895	-75.2506	-75.2964	-75.3283	-75.3484	-75.3591	-75.3622	-75.3595	-75.3522	-75.3415	-75.328	-75.3125	-75.2955	-75.2773	-75.2582	-75.2385	-75.2184	-75.1981	-75.1776	-75.1572	-75.137	-75.1171	-75.0978	-75.0793	-75.0618	-75.0456	-75.0312	-75.0188	-75.0092	-75.0027	-74.9999	-75.0012	-75.0069	-75.0179
5.3	-75.0503	-75.121	-75.1945	-75.2556	-75.3014	-75.3333	-75.3534	-75.364	-75.3672	-75.3645	-75.3573	-75.3465	-75.3331	-75.3176	-75.3006	-75.2825	-75.2634	-75.2438	-75.2237	-75.2034	-75.1829	-75.1626	-75.1424	-75.1226	-75.1033	-75.0848	-75.0674	-75.0512	-75.0368	-75.0245	-75.0148	-75.0083	-75.0056	-75.0069	-75.0125	-75.0235
5.305	-75.0555	-75.1261	-75.1996	-75.2606	-75.3064	-75.3382	-75.3583	-75.369	-75.3722	-75.3695	-75.3623	-75.3515	-75.3382	-75.3227	-75.3058	-75.2876	-75.2686	-75.249	-75.229	-75.2087	-75.1883	-75.1679	-75.1478	-75.128	-75.1088	-75.0903	-75.0729	-75.0568	-75.0424	-75.0301	-75.0204	-75.0139	-75.0112	-75.0125	-75.0181	-75.0291
5.31	-75.0608	-75.1313	-75.2046	-75.2656	-75.3113	-75.3432	-75.3633	-75.3739	-75.3771	-75.3745	-75.3673	-75.3566	-75.3432	-75.3278	-75.3109	-75.2928	-75.2738	-75.2542	-75.2342	-75.214	-75.1936	-75.1733	-75.1532	-75.1334	-75.1142	-75.0958	-75.0784	-75.0623	-75.0479	-75.0357	-75.026	-75.0196	-75.0168	-75.0181	-75.0237	-75.0347
5.315	-75.066	-75.1364	-75.2097	-75.2706	-75.3163	-75.3481	-75.3682	-75.3789	-75.3821	-75.3794	-75.3723	-75.3616	-75.3483	-75.3329	-75.316	-75.2979	-75.279	-75.2594	-75.2395	-75.2192	-75.1989	-75.1786	-75.1586	-75.1389	-75.1197	-75.1013	-75.0839	-75.0679	-75.0535	-75.0412	-75.0316	-75.0252	-75.0224	-75.0237	-75.0292	-75.0403
5.32	-75.0712	-75.1415	-75.2147	-75.2755	-75.3212	-75.353	-75.3731	-75.3838	-75.387	-75.3844	-75.3773	-75.3666	-75.3533	-75.338	-75.3211	-75.3031	-75.2842	-75.2646	-75.2447	-75.2245	-75.2042	-75.184	-75.1639	-75.1443	-75.1251	-75.1068	-75.0894	-75.0734	-75.0591	-75.0468	-75.0372	-75.0308	-75.028	-75.0293	-75.0348	-75.0458
5.325	-75.0763	-75.1466	-75.2197	-75.2805	-75.3262	-75.3579	-75.3781	-75.3887	-75.392	-75.3894	-75.3822	-75.3716	-75.3584	-75.343	-75.3262	-75.3082	-75.2893	-75.2698	-75.2499	-75.2298	-75.2095	-75.1893	-75.1693	-75.1497	-75.1306	-75.1123	-75.0949	-75.0789	-75.0646	-75.0524	-75.0428	-75.0363	-75.0336	-75.0348	-75.0404	-75.0514
5.33	-75.0815	-75.1517	-75.2248	-75.2855	-75.3311	-75.3629	-75.383	-75.3936	-75.3969	-75.3943	-75.3872	-75.3766	-75.3634	-75.3481	-75.3313	-75.3133	-75.2945	-75.275	-75.2552	-75.235	-75.2148	-75.1946	-75.1747	-75.1551	-75.136	-75.1177	-75.1004	-75.0844	-75.0701	-75.0579	-75.0484	-75.0419	-75.0392	-75.0404	-75.0459	-75.0569
5.335	-75.0867	-75.1568	-75.2298	-75.2904	-75.336	-75.3678	-75.3879	-75.3986	-75.4018	-75.3992	-75.3922	-75.3816	-75.3684	-75.3532	-75.3364	-75.3184	-75.2996	-75.2802	-75.2604	-75.2403	-75.2201	-75.2	-75.18	-75.1604	-75.1414	-75.1232	-75.1059	-75.09	-75.0757	-75.0635	-75.0539	-75.0475	-75.0447	-75.046	-75.0515	-75.0624
5.34	-75.0919	-75.1619	-75.2348	-75.2954	-75.3409	-75.3727	-75.3928	-75.4035	-75.4067	-75.4042	-75.3971	-75.3866	-75.3734	-75.3582	-75.3414	-75.3235	-75.3048	-75.2854	-75.2656	-75.2455	-75.2254	-75.2053	-75.1854	-75.1658	-75.1468	-75.1286	-75.1114	-75.0955	-75.0812	-75.069	-75.0595	-75.0531	-75.0503	-75.0515	-75.057	-75.0679
5.345	-75.0971	-75.167	-75.2398	-75.3003	-75.3458	-75.3776	-75.3976	-75.4083	-75.4116	-75.4091	-75.4021	-75.3916	-75.3784	-75.3632	-75.3465	-75.3286	-75.3099	-75.2906	-75.2708	-75.2508	-75.2306	-75.2106	-75.1907	-75.1712	-75.1522	-75.134	-75.1168	-75.1009	-75.0867	-75.0746	-75.065	-75.0586	-75.0558	-75.0571	-75.0625	-75.0734
5.35	-75.1022	-75.172	-75.2448	-75.3053	-75.3508	-75.3824	-75.4025	-75.4132	-75.4165	-75.414	-75.407	-75.3965	-75.3834	-75.3683	-75.3516	-75.3337	-75.315	-75.2957	-75.276	-75.256	-75.2359	-75.2159	-75.196	-75.1766	-75.1576	-75.1395	-75.1223	-75.1064	-75.0922	-75.0801	-75.0705	-75.0641	-75.0614	-75.0626	-75.068	-75.0789
5.355	-75.1074	-75.1771	-75.2498	-75.3102	-75.3557	-75.3873	-75.4074	-75.4181	-75.4214	-75.4189	-75.4119	-75.4015	-75.3884	-75.3733	-75.3566	-75.3388	-75.3201	-75.3009	-75.2812	-75.2612	-75.2411	-75.2211	-75.2013	-75.1819	-75.163	-75.1449	-75.1277	-75.1119	-75.0977	-75.0856	-75.0761	-75.0697	-75.0669	-75.0681	-75.0736	-75.0844
5.36	-75.1125	-75.1822	-75.2548	-75.3151	-75.3605	-75.3922	-75.4123	-75.423	-75.4263	-75.4238	-75.4169	-75.4065	-75.3934	-75.3783	-75.3617	-75.3439	-75.3252	-75.306	-75.2863	-75.2664	-75.2464	-75.2264	-75.2066	-75.1872	-75.1684	-75.1503	-75.1332	-75.1173	-75.1032	-75.0911	-75.0816	-75.0752	-75.0724	-75.0736	-75.079	-75.0899
5.365	-75.1176	-75.1872	-75.2597	-75.32	-75.3654	-75.397	-75.4171	-75.4279	-75.4312	-75.4287	-75.4218	-75.4114	-75.3984	-75.3833	-75.3667	-75.349	-75.3304	-75.3111	-75.2915	-75.2716	-75.2516	-75.2317	-75.212	-75.1926	-75.1737	-75.1557	-75.1386	-75.1228	-75.1087	-75.0966	-75.0871	-75.0807	-75.0779	-75.0791	-75.0845	-75.0954
5.37	-75.1228	-75.1922	-75.2647	-75.325	-75.3703	-75.4019	-75.422	-75.4327	-75.4361	-75.4336	-75.4267	-75.4163	-75.4033	-75.3883	-75.3717	-75.354	-75.3354	-75.3163	-75.2967	-75.2768	-75.2569	-75.2369	-75.2172	-75.1979	-75.1791	-75.1611	-75.144	-75.1282	-75.1141	-75.1021	-75.0926	-75.0862	-75.0834	-75.0846	-75.09	-75.1008
5.375	-75.1279	-75.1973	-75.2697	-75.3299	-75.3752	-75.4068	-75.4268	-75.4376	-75.4409	-75.4385	-75.4316	-75.4213	-75.4083	-75.3933	-75.3767	-75.3591	-75.3405	-75.3214	-75.3018	-75.282	-75.2621	-75.2422	-75.2225	-75.2032	-75.1844	-75.1664	-75.1494	-75.1337	-75.1196	-75.1075	-75.0981	-75.0917	-75.0889	-75.0901	-75.0955	-75.1063
5.38	-75.133	-75.2023	-75.2746	-75.3348	-75.38	-75.4116	-75.4317	-75.4424	-75.4458	-75.4434	-75.4365	-75.4262	-75.4132	-75.3983	-75.3818	-75.3641	-75.3456	-75.3265	-75.3069	-75.2872	-75.2673	-75.2474	-75.2278	-75.2085	-75.1898	-75.1718	-75.1548	-75.1391	-75.125	-75.113	-75.1035	-75.0972	-75.0944	-75.0956	-75.1009	-75.1117
5.385	-75.1381	-75.2073	-75.2795	-75.3396	-75.3849	-75.4164	-75.4365	-75.4472	-75.4506	-75.4482	-75.4414	-75.4311	-75.4182	-75.4032	-75.3868	-75.3691	-75.3507	-75.3316	-75.3121	-75.2923	-75.2725	-75.2527	-75.2331	-75.2138	-75.1951	-75.1772	-75.1602	-75.1445	-75.1305	-75.1185	-75.109	-75.1027	-75.0999	-75.101	-75.1064	-75.1171
5.39	-75.1432	-75.2123	-75.2845	-75.3445	-75.3897	-75.4213	-75.4413	-75.4521	-75.4555	-75.4531	-75.4463	-75.436	-75.4231	-75.4082	-75.3918	-75.3742	-75.3557	-75.3367	-75.3172	-75.2975	-75.2777	-75.2579	-75.2383	-75.2191	-75.2004	-75.1825	-75.1656	-75.1499	-75.1359	-75.1239	-75.1145	-75.1081	-75.1054	-75.1065	-75.1118	-75.1226
5.395	-75.1483	-75.2173	-75.2894	-75.3494	-75.3946	-75.4261	-75.4461	-75.4569	-75.4603	-75.458	-75.4512	-75.4409	-75.4281	-75.4132	-75.3968	-75.3792	-75.3608	-75.3418	-75.3223	-75.3026	-75.2829	-75.2631	-75.2436	-75.2244	-75.2058	-75.1879	-75.171	-75.1553	-75.1413	-75.1294	-75.1199	-75.1136	-75.1108	-75.1119	-75.1173	-75.128
5.4	-75.1534	-75.2223	-75.2943	-75.3543	-75.3994	-75.4309	-75.4509	-75.4617	-75.4651	-75.4628	-75.456	-75.4458	-75.433	-75.4181	-75.4017	-75.3842	-75.3658	-75.3468	-75.3274	-75.3078	-75.288	-75.2683	-75.2488	-75.2297	-75.2111	-75.1932	-75.1763	-75.1607	-75.1467	-75.1348	-75.1254	-75.119	-75.1163	-75.1174	-75.1227	-75.1334
5.405	-75.1585	-75.2273	-75.2993	-75.3591	-75.4042	-75.4357	-75.4557	-75.4665	-75.47	-75.4677	-75.4609	-75.4507	-75.4379	-75.4231	-75.4067	-75.3892	-75.3709	-75.3519	-75.3325	-75.3129	-75.2932	-75.2735	-75.2541	-75.2349	-75.2164	-75.1985	-75.1817	-75.1661	-75.1521	-75.1402	-75.1308	-75.1245	-75.1217	-75.1228	-75.1281	-75.1388
5.41	-75.1636	-75.2323	-75.3042	-75.364	-75.409	-75.4405	-75.4605	-75.4713	-75.4748	-75.4725	-75.4658	-75.4556	-75.4428	-75.428	-75.4117	-75.3942	-75.3759	-75.357	-75.3376	-75.318	-75.2984	-75.2787	-75.2593	-75.2402	-75.2216	-75.2038	-75.187	-75.1715	-75.1575	-75.1456	-75.1362	-75.1299	-75.1271	-75.1282	-75.1335	-75.1442
5.415	-75.1686	-75.2373	-75.3091	-75.3688	-75.4139	-75.4453	-75.4653	-75.4761	-75.4796	-75.4773	-75.4706	-75.4605	-75.4477	-75.4329	-75.4166	-75.3992	-75.3809	-75.362	-75.3427	-75.3232	-75.3035	-75.2839	-75.2645	-75.2454	-75.2269	-75.2092	-75.1924	-75.1768	-75.1629	-75.151	-75.1416	-75.1353	-75.1325	-75.1336	-75.1389	-75.1496
5.42	-75.1737	-75.2423	-75.314	-75.3737	-75.4187	-75.4501	-75.4701	-75.4809	-75.4844	-75.4821	-75.4754	-75.4653	-75.4526	-75.4379	-75.4216	-75.4042	-75.3859	-75.3671	-75.3478	-75.3283	-75.3086	-75.2891	-75.2697	-75.2507	-75.2322	-75.2145	-75.1977	-75.1822	-75.1683	-75.1564	-75.147	-75.1407	-75.1379	-75.139	-75.1443	-75.1549
5.425	-75.1787	-75.2472	-75.3189	-75.3785	-75.4235	-75.4549	-75.4749	-75.4857	-75.4892	-75.4869	-75.4803	-75.4702	-75.4575	-75.4428	-75.4265	-75.4092	-75.3909	-75.3721	-75.3529	-75.3334	-75.3138	-75.2942	-75.2749	-75.2559	-75.2375	-75.2197	-75.203	-75.1875	-75.1737	-75.1618	-75.1525	-75.1461	-75.1433	-75.1444	-75.1497	-75.1603
5.43	-75.1838	-75.2522	-75.3237	-75.3833	-75.4283	-75.4596	-75.4797	-75.4905	-75.4939	-75.4917	-75.4851	-75.475	-75.4624	-75.4477	-75.4315	-75.4141	-75.3959	-75.3771	-75.3579	-75.3385	-75.3189	-75.2994	-75.2801	-75.2611	-75.2427	-75.225	-75.2083	-75.1929	-75.179	-75.1672	-75.1578	-75.1515	-75.1487	-75.1498	-75.155	-75.1656
5.435	-75.1888	-75.2571	-75.3286	-75.3882	-75.433	-75.4644	-75.4844	-75.4952	-75.4987	-75.4965	-75.4899	-75.4799	-75.4672	-75.4526	-75.4364	-75.4191	-75.4009	-75.3822	-75.363	-75.3436	-75.324	-75.3046	-75.2853	-75.2664	-75.248	-75.2303	-75.2136	-75.1982	-75.1844	-75.1725	-75.1632	-75.1569	-75.1541	-75.1552	-75.1604	-75.171
5.44	-75.1938	-75.2621	-75.3335	-75.393	-75.4378	-75.4692	-75.4892	-75.5	-75.5035	-75.5013	-75.4947	-75.4847	-75.4721	-75.4575	-75.4413	-75.424	-75.4059	-75.3872	-75.368	-75.3486	-75.3291	-75.3097	-75.2905	-75.2716	-75.2532	-75.2356	-75.2189	-75.2035	-75.1897	-75.1779	-75.1686	-75.1623	-75.1595	-75.1606	-75.1658	-75.1763
5.445	-75.1989	-75.267	-75.3384	-75.3978	-75.4426	-75.4739	-75.4939	-75.5047	-75.5083	-75.5061	-75.4995	-75.4895	-75.4769	-75.4623	-75.4462	-75.429	-75.4109	-75.3922	-75.3731	-75.3537	-75.3342	-75.3148	-75.2956	-75.2768	-75.2584	-75.2408	-75.2242	-75.2088	-75.195	-75.1833	-75.174	-75.1677	-75.1649	-75.1659	-75.1711	-75.1816
5.45	-75.2039	-75.272	-75.3432	-75.4026	-75.4474	-75.4787	-75.4987	-75.5095	-75.513	-75.5109	-75.5043	-75.4944	-75.4818	-75.4672	-75.4511	-75.4339	-75.4159	-75.3972	-75.3781	-75.3588	-75.3393	-75.32	-75.3008	-75.282	-75.2636	-75.2461	-75.2295	-75.2141	-75.2004	-75.1886	-75.1793	-75.173	-75.1702	-75.1713	-75.1764	-75.187
5.455	-75.2089	-75.2769	-75.3481	-75.4074	-75.4521	-75.4834	-75.5034	-75.5142	-75.5178	-75.5157	-75.5091	-75.4992	-75.4866	-75.4721	-75.456	-75.4389	-75.4208	-75.4022	-75.3831	-75.3638	-75.3444	-75.3251	-75.3059	-75.2871	-75.2689	-75.2513	-75.2347	-75.2194	-75.2057	-75.1939	-75.1846	-75.1784	-75.1756	-75.1766	-75.1818	-75.1923
5.46	-75.2139	-75.2818	-75.3529	-75.4122	-75.4569	-75.4882	-75.5081	-75.519	-75.5225	-75.5204	-75.5139	-75.504	-75.4915	-75.477	-75.4609	-75.4438	-75.4258	-75.4072	-75.3881	-75.3689	-75.3495	-75.3302	-75.3111	-75.2923	-75.2741	-75.2566	-75.24	-75.2247	-75.211	-75.1992	-75.19	-75.1837	-75.1809	-75.1819	-75.1871	-75.1976
5.465	-75.2189	-75.2867	-75.3577	-75.4169	-75.4616	-75.4929	-75.5128	-75.5237	-75.5273	-75.5252	-75.5187	-75.5088	-75.4963	-75.4818	-75.4658	-75.4487	-75.4307	-75.4121	-75.3932	-75.3739	-75.3546	-75.3353	-75.3162	-75.2975	-75.2793	-75.2618	-75.2453	-75.23	-75.2163	-75.2046	-75.1953	-75.189	-75.1862	-75.1873	-75.1924	-75.2029
5.47	-75.2239	-75.2916	-75.3626	-75.4217	-75.4664	-75.4976	-75.5176	-75.5284	-75.532	-75.5299	-75.5235	-75.5136	-75.5011	-75.4867	-75.4707	-75.4536	-75.4357	-75.4171	-75.3981	-75.3789	-75.3596	-75.3404	-75.3213	-75.3026	-75.2845	-75.267	-75.2505	-75.2353	-75.2216	-75.2099	-75.2006	-75.1944	-75.1916	-75.1926	-75.1977	-75.2081
5.475	-75.2289	-75.2965	-75.3674	-75.4265	-75.4711	-75.5023	-75.5223	-75.5331	-75.5367	-75.5347	-75.5282	-75.5184	-75.5059	-75.4915	-75.4756	-75.4585	-75.4406	-75.4221	-75.4031	-75.384	-75.3647	-75.3455	-75.3265	-75.3078	-75.2896	-75.2722	-75.2557	-75.2405	-75.2269	-75.2152	-75.2059	-75.1997	-75.1969	-75.1979	-75.203	-75.2134
5.48	-75.2339	-75.3014	-75.3722	-75.4313	-75.4758	-75.507	-75.527	-75.5378	-75.5414	-75.5394	-75.533	-75.5232	-75.5107	-75.4963	-75.4804	-75.4634	-75.4455	-75.427	-75.4081	-75.389	-75.3698	-75.3506	-75.3316	-75.3129	-75.2948	-75.2774	-75.261	-75.2458	-75.2321	-75.2205	-75.2112	-75.205	-75.2022	-75.2032	-75.2083	-75.2187
5.485	-75.2388	-75.3063	-75.377	-75.436	-75.4805	-75.5117	-75.5317	-75.5425	-75.5461	-75.5441	-75.5377	-75.5279	-75.5155	-75.5012	-75.4853	-75.4683	-75.4504	-75.432	-75.4131	-75.394	-75.3748	-75.3556	-75.3367	-75.3181	-75.3	-75.2826	-75.2662	-75.251	-75.2374	-75.2257	-75.2165	-75.2103	-75.2075	-75.2085	-75.2135	-75.2239
5.49	-75.2438	-75.3112	-75.3818	-75.4408	-75.4852	-75.5164	-75.5364	-75.5472	-75.5508	-75.5488	-75.5425	-75.5327	-75.5203	-75.506	-75.4901	-75.4732	-75.4553	-75.4369	-75.4181	-75.399	-75.3798	-75.3607	-75.3418	-75.3232	-75.3051	-75.2878	-75.2714	-75.2562	-75.2426	-75.231	-75.2218	-75.2156	-75.2128	-75.2137	-75.2188	-75.2292
5.495	-75.2488	-75.3161	-75.3866	-75.4455	-75.49	-75.5211	-75.541	-75.5519	-75.5555	-75.5536	-75.5472	-75.5375	-75.5251	-75.5108	-75.495	-75.478	-75.4602	-75.4418	-75.423	-75.404	-75.3848	-75.3658	-75.3469	-75.3283	-75.3103	-75.293	-75.2766	-75.2615	-75.2479	-75.2363	-75.2271	-75.2209	-75.218	-75.219	-75.2241	-75.2344
5.5	-75.2537	-75.3209	-75.3914	-75.4502	-75.4947	-75.5258	-75.5457	-75.5566	-75.5602	-75.5583	-75.5519	-75.5422	-75.5299	-75.5156	-75.4998	-75.4829	-75.4651	-75.4468	-75.428	-75.409	-75.3899	-75.3708	-75.3519	-75.3334	-75.3154	-75.2981	-75.2818	-75.2667	-75.2531	-75.2415	-75.2324	-75.2261	-75.2233	-75.2243	-75.2293	-75.2396
5.505	-75.2587	-75.3258	-75.3962	-75.455	-75.4993	-75.5305	-75.5504	-75.5612	-75.5649	-75.563	-75.5566	-75.5469	-75.5347	-75.5204	-75.5046	-75.4877	-75.47	-75.4517	-75.4329	-75.414	-75.3949	-75.3758	-75.357	-75.3385	-75.3205	-75.3033	-75.287	-75.2719	-75.2584	-75.2468	-75.2376	-75.2314	-75.2286	-75.2295	-75.2345	-75.2449
5.51	-75.2636	-75.3306	-75.401	-75.4597	-75.504	-75.5351	-75.555	-75.5659	-75.5696	-75.5677	-75.5614	-75.5517	-75.5394	-75.5252	-75.5095	-75.4926	-75.4749	-75.4566	-75.4379	-75.4189	-75.3999	-75.3809	-75.3621	-75.3436	-75.3257	-75.3084	-75.2922	-75.2771	-75.2636	-75.252	-75.2429	-75.2366	-75.2338	-75.2348	-75.2398	-75.2501
5.515	-75.2685	-75.3355	-75.4057	-75.4644	-75.5087	-75.5398	-75.5597	-75.5706	-75.5743	-75.5723	-75.5661	-75.5564	-75.5442	-75.53	-75.5143	-75.4974	-75.4798	-75.4615	-75.4428	-75.4239	-75.4049	-75.3859	-75.3671	-75.3487	-75.3308	-75.3136	-75.2973	-75.2823	-75.2688	-75.2572	-75.2481	-75.2419	-75.2391	-75.24	-75.245	-75.2553
5.52	-75.2735	-75.3403	-75.4105	-75.4691	-75.5134	-75.5444	-75.5643	-75.5752	-75.5789	-75.577	-75.5708	-75.5611	-75.5489	-75.5348	-75.5191	-75.5023	-75.4846	-75.4664	-75.4477	-75.4288	-75.4099	-75.3909	-75.3722	-75.3538	-75.3359	-75.3187	-75.3025	-75.2875	-75.274	-75.2625	-75.2533	-75.2471	-75.2443	-75.2452	-75.2502	-75.2605
5.525	-75.2784	-75.3451	-75.4153	-75.4738	-75.5181	-75.5491	-75.569	-75.5799	-75.5836	-75.5817	-75.5755	-75.5659	-75.5537	-75.5395	-75.5239	-75.5071	-75.4895	-75.4713	-75.4527	-75.4338	-75.4148	-75.3959	-75.3772	-75.3588	-75.341	-75.3238	-75.3076	-75.2927	-75.2792	-75.2677	-75.2586	-75.2524	-75.2495	-75.2505	-75.2554	-75.2657
5.53	-75.2833	-75.35	-75.42	-75.4785	-75.5227	-75.5537	-75.5736	-75.5845	-75.5882	-75.5864	-75.5801	-75.5706	-75.5584	-75.5443	-75.5287	-75.5119	-75.4943	-75.4762	-75.4576	-75.4387	-75.4198	-75.4009	-75.3822	-75.3639	-75.3461	-75.329	-75.3128	-75.2978	-75.2844	-75.2729	-75.2638	-75.2576	-75.2548	-75.2557	-75.2606	-75.2709
5.535	-75.2882	-75.3548	-75.4248	-75.4832	-75.5274	-75.5584	-75.5782	-75.5891	-75.5929	-75.591	-75.5848	-75.5753	-75.5631	-75.549	-75.5334	-75.5167	-75.4992	-75.481	-75.4625	-75.4437	-75.4248	-75.4059	-75.3873	-75.369	-75.3512	-75.3341	-75.3179	-75.303	-75.2896	-75.2781	-75.269	-75.2628	-75.26	-75.2609	-75.2658	-75.276
5.54	-75.2931	-75.3596	-75.4295	-75.4879	-75.532	-75.563	-75.5829	-75.5938	-75.5975	-75.5957	-75.5895	-75.58	-75.5679	-75.5538	-75.5382	-75.5215	-75.504	-75.4859	-75.4674	-75.4486	-75.4297	-75.4109	-75.3923	-75.374	-75.3562	-75.3392	-75.3231	-75.3081	-75.2947	-75.2833	-75.2742	-75.268	-75.2652	-75.2661	-75.271	-75.2812
5.545	-75.298	-75.3644	-75.4342	-75.4926	-75.5367	-75.5676	-75.5875	-75.5984	-75.6021	-75.6003	-75.5942	-75.5847	-75.5726	-75.5585	-75.543	-75.5263	-75.5088	-75.4908	-75.4723	-75.4535	-75.4347	-75.4159	-75.3973	-75.379	-75.3613	-75.3443	-75.3282	-75.3133	-75.2999	-75.2885	-75.2794	-75.2732	-75.2704	-75.2712	-75.2762	-75.2863
5.55	-75.3029	-75.3692	-75.4389	-75.4972	-75.5413	-75.5722	-75.5921	-75.603	-75.6068	-75.605	-75.5988	-75.5893	-75.5773	-75.5633	-75.5478	-75.5311	-75.5137	-75.4956	-75.4771	-75.4584	-75.4396	-75.4209	-75.4023	-75.3841	-75.3664	-75.3494	-75.3333	-75.3184	-75.3051	-75.2936	-75.2846	-75.2784	-75.2756	-75.2764	-75.2813	-75.2915
5.555	-75.3078	-75.374	-75.4437	-75.5019	-75.5459	-75.5768	-75.5967	-75.6076	-75.6114	-75.6096	-75.6035	-75.594	-75.582	-75.568	-75.5525	-75.5359	-75.5185	-75.5004	-75.482	-75.4633	-75.4446	-75.4258	-75.4073	-75.3891	-75.3714	-75.3544	-75.3384	-75.3235	-75.3102	-75.2988	-75.2897	-75.2836	-75.2807	-75.2816	-75.2865	-75.2966
5.56	-75.3126	-75.3788	-75.4484	-75.5065	-75.5505	-75.5814	-75.6013	-75.6122	-75.616	-75.6142	-75.6081	-75.5987	-75.5867	-75.5727	-75.5573	-75.5407	-75.5233	-75.5053	-75.4869	-75.4682	-75.4495	-75.4308	-75.4123	-75.3941	-75.3765	-75.3595	-75.3435	-75.3287	-75.3154	-75.304	-75.2949	-75.2887	-75.2859	-75.2868	-75.2916	-75.3018
5.565	-75.3175	-75.3836	-75.4531	-75.5112	-75.5552	-75.586	-75.6059	-75.6168	-75.6206	-75.6188	-75.6128	-75.6033	-75.5914	-75.5774	-75.562	-75.5455	-75.5281	-75.5101	-75.4917	-75.4731	-75.4544	-75.4357	-75.4173	-75.3991	-75.3815	-75.3646	-75.3486	-75.3338	-75.3205	-75.3091	-75.3001	-75.2939	-75.2911	-75.2919	-75.2968	-75.3069
5.57	-75.3224	-75.3884	-75.4578	-75.5158	-75.5598	-75.5906	-75.6105	-75.6214	-75.6252	-75.6235	-75.6174	-75.608	-75.596	-75.5821	-75.5667	-75.5502	-75.5329	-75.5149	-75.4966	-75.478	-75.4593	-75.4407	-75.4222	-75.4041	-75.3865	-75.3696	-75.3537	-75.3389	-75.3256	-75.3142	-75.3052	-75.2991	-75.2962	-75.2971	-75.3019	-75.312
5.575	-75.3272	-75.3931	-75.4625	-75.5205	-75.5644	-75.5952	-75.615	-75.626	-75.6298	-75.6281	-75.622	-75.6127	-75.6007	-75.5868	-75.5715	-75.555	-75.5377	-75.5197	-75.5014	-75.4829	-75.4642	-75.4456	-75.4272	-75.4091	-75.3915	-75.3747	-75.3587	-75.344	-75.3307	-75.3194	-75.3104	-75.3042	-75.3014	-75.3022	-75.307	-75.3171
5.58	-75.3321	-75.3979	-75.4672	-75.5251	-75.569	-75.5998	-75.6196	-75.6305	-75.6344	-75.6327	-75.6266	-75.6173	-75.6054	-75.5915	-75.5762	-75.5597	-75.5424	-75.5246	-75.5063	-75.4877	-75.4691	-75.4505	-75.4322	-75.4141	-75.3966	-75.3797	-75.3638	-75.3491	-75.3358	-75.3245	-75.3155	-75.3093	-75.3065	-75.3073	-75.3121	-75.3222
5.585	-75.3369	-75.4026	-75.4718	-75.5297	-75.5736	-75.6044	-75.6242	-75.6351	-75.6389	-75.6373	-75.6313	-75.6219	-75.6101	-75.5962	-75.5809	-75.5645	-75.5472	-75.5294	-75.5111	-75.4926	-75.474	-75.4555	-75.4371	-75.4191	-75.4016	-75.3848	-75.3689	-75.3541	-75.3409	-75.3296	-75.3206	-75.3145	-75.3116	-75.3124	-75.3172	-75.3273
5.59	-75.3417	-75.4074	-75.4765	-75.5344	-75.5781	-75.6089	-75.6287	-75.6397	-75.6435	-75.6418	-75.6359	-75.6266	-75.6147	-75.6009	-75.5856	-75.5692	-75.552	-75.5341	-75.5159	-75.4975	-75.4789	-75.4604	-75.442	-75.424	-75.4066	-75.3898	-75.3739	-75.3592	-75.346	-75.3347	-75.3257	-75.3196	-75.3167	-75.3176	-75.3223	-75.3324
5.595	-75.3466	-75.4121	-75.4812	-75.539	-75.5827	-75.6135	-75.6333	-75.6442	-75.6481	-75.6464	-75.6405	-75.6312	-75.6194	-75.6056	-75.5903	-75.5739	-75.5567	-75.5389	-75.5207	-75.5023	-75.4838	-75.4653	-75.447	-75.429	-75.4116	-75.3948	-75.379	-75.3643	-75.3511	-75.3398	-75.3308	-75.3247	-75.3219	-75.3227	-75.3274	-75.3374
5.6	-75.3514	-75.4169	-75.4859	-75.5436	-75.5873	-75.618	-75.6378	-75.6488	-75.6526	-75.651	-75.6451	-75.6358	-75.624	-75.6102	-75.595	-75.5787	-75.5615	-75.5437	-75.5255	-75.5071	-75.4886	-75.4702	-75.4519	-75.434	-75.4165	-75.3998	-75.384	-75.3693	-75.3562	-75.3449	-75.336	-75.3298	-75.327	-75.3278	-75.3325	-75.3425
5.605	-75.3562	-75.4216	-75.4905	-75.5482	-75.5919	-75.6226	-75.6424	-75.6533	-75.6572	-75.6556	-75.6496	-75.6404	-75.6286	-75.6149	-75.5997	-75.5834	-75.5662	-75.5485	-75.5303	-75.512	-75.4935	-75.4751	-75.4568	-75.4389	-75.4215	-75.4048	-75.389	-75.3744	-75.3613	-75.35	-75.341	-75.3349	-75.3321	-75.3328	-75.3376	-75.3476
5.61	-75.361	-75.4263	-75.4952	-75.5528	-75.5964	-75.6271	-75.6469	-75.6578	-75.6617	-75.6601	-75.6542	-75.645	-75.6333	-75.6196	-75.6044	-75.5881	-75.571	-75.5532	-75.5351	-75.5168	-75.4983	-75.4799	-75.4617	-75.4439	-75.4265	-75.4098	-75.394	-75.3794	-75.3663	-75.3551	-75.3461	-75.34	-75.3372	-75.3379	-75.3426	-75.3526
5.615	-75.3658	-75.431	-75.4998	-75.5574	-75.601	-75.6316	-75.6514	-75.6624	-75.6663	-75.6647	-75.6588	-75.6496	-75.6379	-75.6242	-75.609	-75.5928	-75.5757	-75.558	-75.5399	-75.5216	-75.5032	-75.4848	-75.4666	-75.4488	-75.4314	-75.4148	-75.399	-75.3845	-75.3714	-75.3601	-75.3512	-75.3451	-75.3422	-75.343	-75.3477	-75.3577
5.62	-75.3706	-75.4358	-75.5044	-75.5619	-75.6055	-75.6362	-75.6559	-75.6669	-75.6708	-75.6692	-75.6634	-75.6542	-75.6425	-75.6288	-75.6137	-75.5975	-75.5804	-75.5628	-75.5447	-75.5264	-75.508	-75.4897	-75.4715	-75.4537	-75.4364	-75.4198	-75.404	-75.3895	-75.3764	-75.3652	-75.3563	-75.3502	-75.3473	-75.3481	-75.3528	-75.3627
5.625	-75.3754	-75.4405	-75.5091	-75.5665	-75.61	-75.6407	-75.6605	-75.6714	-75.6753	-75.6738	-75.6679	-75.6588	-75.6471	-75.6335	-75.6184	-75.6022	-75.5851	-75.5675	-75.5495	-75.5312	-75.5129	-75.4945	-75.4764	-75.4586	-75.4413	-75.4247	-75.409	-75.3945	-75.3815	-75.3702	-75.3613	-75.3552	-75.3524	-75.3531	-75.3578	-75.3677
5.63	-75.3802	-75.4452	-75.5137	-75.5711	-75.6146	-75.6452	-75.665	-75.6759	-75.6799	-75.6783	-75.6725	-75.6634	-75.6517	-75.6381	-75.623	-75.6068	-75.5898	-75.5722	-75.5542	-75.536	-75.5177	-75.4994	-75.4813	-75.4635	-75.4463	-75.4297	-75.414	-75.3995	-75.3865	-75.3753	-75.3664	-75.3603	-75.3574	-75.3582	-75.3628	-75.3727
5.635	-75.385	-75.4498	-75.5183	-75.5757	-75.6191	-75.6497	-75.6695	-75.6804	-75.6844	-75.6828	-75.677	-75.6679	-75.6563	-75.6427	-75.6277	-75.6115	-75.5945	-75.577	-75.559	-75.5408	-75.5225	-75.5042	-75.4862	-75.4684	-75.4512	-75.4347	-75.419	-75.4045	-75.3915	-75.3803	-75.3714	-75.3653	-75.3625	-75.3632	-75.3679	-75.3777
5.64	-75.3897	-75.4545	-75.5229	-75.5802	-75.6236	-75.6542	-75.674	-75.6849	-75.6889	-75.6874	-75.6816	-75.6725	-75.6609	-75.6473	-75.6323	-75.6162	-75.5992	-75.5817	-75.5638	-75.5456	-75.5273	-75.5091	-75.491	-75.4733	-75.4561	-75.4396	-75.424	-75.4095	-75.3965	-75.3854	-75.3765	-75.3704	-75.3675	-75.3682	-75.3729	-75.3827
5.645	-75.3945	-75.4592	-75.5275	-75.5848	-75.6282	-75.6587	-75.6785	-75.6894	-75.6934	-75.6919	-75.6861	-75.677	-75.6655	-75.6519	-75.6369	-75.6208	-75.6039	-75.5864	-75.5685	-75.5504	-75.5321	-75.5139	-75.4959	-75.4782	-75.461	-75.4445	-75.4289	-75.4145	-75.4015	-75.3904	-75.3815	-75.3754	-75.3725	-75.3733	-75.3779	-75.3877
5.65	-75.3993	-75.4639	-75.5321	-75.5893	-75.6327	-75.6632	-75.6829	-75.6939	-75.6979	-75.6964	-75.6906	-75.6816	-75.67	-75.6565	-75.6416	-75.6255	-75.6086	-75.5911	-75.5732	-75.5551	-75.5369	-75.5187	-75.5008	-75.4831	-75.466	-75.4495	-75.4339	-75.4195	-75.4065	-75.3954	-75.3865	-75.3804	-75.3776	-75.3783	-75.3829	-75.3927
5.655	-75.404	-75.4686	-75.5367	-75.5938	-75.6372	-75.6677	-75.6874	-75.6984	-75.7024	-75.7009	-75.6952	-75.6861	-75.6746	-75.6611	-75.6462	-75.6301	-75.6133	-75.5958	-75.578	-75.5599	-75.5417	-75.5236	-75.5056	-75.488	-75.4708	-75.4544	-75.4389	-75.4245	-75.4115	-75.4004	-75.3915	-75.3855	-75.3826	-75.3833	-75.3879	-75.3977
5.66	-75.4088	-75.4732	-75.5413	-75.5984	-75.6417	-75.6722	-75.6919	-75.7028	-75.7068	-75.7054	-75.6997	-75.6907	-75.6792	-75.6657	-75.6508	-75.6348	-75.6179	-75.6005	-75.5827	-75.5646	-75.5465	-75.5284	-75.5104	-75.4928	-75.4757	-75.4593	-75.4438	-75.4294	-75.4165	-75.4054	-75.3966	-75.3905	-75.3876	-75.3883	-75.3929	-75.4027
5.665	-75.4135	-75.4779	-75.5459	-75.6029	-75.6462	-75.6766	-75.6964	-75.7073	-75.7113	-75.7099	-75.7042	-75.6952	-75.6837	-75.6703	-75.6554	-75.6394	-75.6226	-75.6052	-75.5874	-75.5694	-75.5512	-75.5332	-75.5153	-75.4977	-75.4806	-75.4642	-75.4487	-75.4344	-75.4215	-75.4104	-75.4016	-75.3955	-75.3926	-75.3933	-75.3979	-75.4076
5.67	-75.4182	-75.4825	-75.5505	-75.6074	-75.6506	-75.6811	-75.7008	-75.7118	-75.7158	-75.7144	-75.7087	-75.6997	-75.6883	-75.6749	-75.66	-75.644	-75.6273	-75.6099	-75.5921	-75.5741	-75.556	-75.538	-75.5201	-75.5025	-75.4855	-75.4691	-75.4537	-75.4393	-75.4264	-75.4154	-75.4065	-75.4005	-75.3976	-75.3983	-75.4028	-75.4126
5.675	-75.423	-75.4872	-75.555	-75.6119	-75.6551	-75.6856	-75.7053	-75.7162	-75.7203	-75.7188	-75.7132	-75.7043	-75.6928	-75.6794	-75.6646	-75.6487	-75.6319	-75.6146	-75.5968	-75.5788	-75.5608	-75.5427	-75.5249	-75.5074	-75.4904	-75.474	-75.4586	-75.4443	-75.4314	-75.4203	-75.4115	-75.4055	-75.4026	-75.4032	-75.4078	-75.4175
5.68	-75.4277	-75.4918	-75.5596	-75.6165	-75.6596	-75.69	-75.7097	-75.7207	-75.7247	-75.7233	-75.7177	-75.7088	-75.6973	-75.684	-75.6692	-75.6533	-75.6365	-75.6192	-75.6015	-75.5836	-75.5655	-75.5475	-75.5297	-75.5122	-75.4952	-75.4789	-75.4635	-75.4492	-75.4363	-75.4253	-75.4165	-75.4104	-75.4076	-75.4082	-75.4127	-75.4225
5.685	-75.4324	-75.4964	-75.5642	-75.621	-75.6641	-75.6945	-75.7141	-75.7251	-75.7292	-75.7278	-75.7222	-75.7133	-75.7019	-75.6885	-75.6738	-75.6579	-75.6412	-75.6239	-75.6062	-75.5883	-75.5703	-75.5523	-75.5345	-75.5171	-75.5001	-75.4838	-75.4684	-75.4541	-75.4413	-75.4303	-75.4215	-75.4154	-75.4125	-75.4132	-75.4177	-75.4274
5.69	-75.4371	-75.5011	-75.5687	-75.6255	-75.6685	-75.6989	-75.7186	-75.7295	-75.7336	-75.7322	-75.7266	-75.7178	-75.7064	-75.6931	-75.6783	-75.6625	-75.6458	-75.6285	-75.6109	-75.593	-75.575	-75.5571	-75.5393	-75.5219	-75.5049	-75.4887	-75.4733	-75.459	-75.4462	-75.4352	-75.4264	-75.4204	-75.4175	-75.4181	-75.4226	-75.4323
5.695	-75.4418	-75.5057	-75.5733	-75.63	-75.673	-75.7033	-75.723	-75.734	-75.738	-75.7367	-75.7311	-75.7223	-75.7109	-75.6976	-75.6829	-75.6671	-75.6504	-75.6332	-75.6156	-75.5977	-75.5797	-75.5618	-75.5441	-75.5267	-75.5098	-75.4935	-75.4782	-75.464	-75.4512	-75.4402	-75.4314	-75.4253	-75.4224	-75.4231	-75.4276	-75.4372
5.7	-75.4465	-75.5103	-75.5778	-75.6344	-75.6774	-75.7078	-75.7274	-75.7384	-75.7425	-75.7411	-75.7356	-75.7268	-75.7154	-75.7022	-75.6875	-75.6717	-75.655	-75.6378	-75.6202	-75.6024	-75.5845	-75.5666	-75.5489	-75.5315	-75.5146	-75.4984	-75.4831	-75.4689	-75.4561	-75.4451	-75.4363	-75.4303	-75.4274	-75.428	-75.4325	-75.4422
5.705	-75.4512	-75.5149	-75.5823	-75.6389	-75.6819	-75.7122	-75.7318	-75.7428	-75.7469	-75.7456	-75.74	-75.7312	-75.7199	-75.7067	-75.692	-75.6762	-75.6596	-75.6425	-75.6249	-75.6071	-75.5892	-75.5713	-75.5536	-75.5363	-75.5194	-75.5033	-75.4879	-75.4737	-75.461	-75.45	-75.4413	-75.4352	-75.4323	-75.4329	-75.4374	-75.4471
5.71	-75.4559	-75.5195	-75.5869	-75.6434	-75.6863	-75.7166	-75.7363	-75.7472	-75.7513	-75.75	-75.7445	-75.7357	-75.7244	-75.7112	-75.6966	-75.6808	-75.6642	-75.6471	-75.6296	-75.6118	-75.5939	-75.5761	-75.5584	-75.5411	-75.5243	-75.5081	-75.4928	-75.4786	-75.4659	-75.4549	-75.4462	-75.4402	-75.4373	-75.4379	-75.4423	-75.452
5.715	-75.4606	-75.5241	-75.5914	-75.6479	-75.6907	-75.721	-75.7407	-75.7516	-75.7557	-75.7544	-75.7489	-75.7402	-75.7289	-75.7157	-75.7011	-75.6854	-75.6688	-75.6517	-75.6342	-75.6164	-75.5986	-75.5808	-75.5632	-75.5459	-75.5291	-75.5129	-75.4977	-75.4835	-75.4708	-75.4599	-75.4511	-75.4451	-75.4422	-75.4428	-75.4472	-75.4568
5.72	-75.4653	-75.5287	-75.5959	-75.6523	-75.6952	-75.7254	-75.7451	-75.756	-75.7601	-75.7589	-75.7534	-75.7446	-75.7334	-75.7202	-75.7056	-75.6899	-75.6734	-75.6563	-75.6388	-75.6211	-75.6033	-75.5855	-75.5679	-75.5507	-75.5339	-75.5178	-75.5025	-75.4884	-75.4757	-75.4648	-75.456	-75.45	-75.4471	-75.4477	-75.4521	-75.4617
5.725	-75.4699	-75.5333	-75.6004	-75.6568	-75.6996	-75.7298	-75.7495	-75.7604	-75.7645	-75.7633	-75.7578	-75.7491	-75.7379	-75.7247	-75.7102	-75.6945	-75.678	-75.6609	-75.6435	-75.6258	-75.608	-75.5902	-75.5727	-75.5554	-75.5387	-75.5226	-75.5074	-75.4933	-75.4806	-75.4697	-75.461	-75.4549	-75.452	-75.4526	-75.457	-75.4666
5.73	-75.4746	-75.5379	-75.6049	-75.6612	-75.704	-75.7342	-75.7538	-75.7648	-75.7689	-75.7677	-75.7622	-75.7535	-75.7423	-75.7292	-75.7147	-75.699	-75.6826	-75.6655	-75.6481	-75.6304	-75.6127	-75.595	-75.5774	-75.5602	-75.5435	-75.5274	-75.5122	-75.4981	-75.4855	-75.4746	-75.4659	-75.4598	-75.4569	-75.4575	-75.4619	-75.4715
5.735	-75.4792	-75.5424	-75.6094	-75.6657	-75.7084	-75.7386	-75.7582	-75.7692	-75.7733	-75.7721	-75.7667	-75.758	-75.7468	-75.7337	-75.7192	-75.7036	-75.6871	-75.6701	-75.6527	-75.6351	-75.6173	-75.5997	-75.5821	-75.565	-75.5482	-75.5322	-75.517	-75.503	-75.4903	-75.4794	-75.4707	-75.4647	-75.4618	-75.4624	-75.4668	-75.4763
5.74	-75.4839	-75.547	-75.6139	-75.6701	-75.7128	-75.743	-75.7626	-75.7736	-75.7777	-75.7765	-75.7711	-75.7624	-75.7513	-75.7382	-75.7237	-75.7081	-75.6917	-75.6747	-75.6573	-75.6397	-75.622	-75.6044	-75.5869	-75.5697	-75.553	-75.537	-75.5219	-75.5078	-75.4952	-75.4843	-75.4756	-75.4696	-75.4667	-75.4672	-75.4716	-75.4812
5.745	-75.4885	-75.5516	-75.6184	-75.6745	-75.7172	-75.7474	-75.767	-75.7779	-75.7821	-75.7809	-75.7755	-75.7668	-75.7557	-75.7427	-75.7282	-75.7126	-75.6963	-75.6793	-75.6619	-75.6444	-75.6267	-75.609	-75.5916	-75.5745	-75.5578	-75.5418	-75.5267	-75.5127	-75.5	-75.4892	-75.4805	-75.4745	-75.4716	-75.4721	-75.4765	-75.486
5.75	-75.4932	-75.5561	-75.6229	-75.679	-75.7216	-75.7517	-75.7713	-75.7823	-75.7865	-75.7853	-75.7799	-75.7713	-75.7602	-75.7472	-75.7327	-75.7172	-75.7008	-75.6839	-75.6666	-75.649	-75.6313	-75.6137	-75.5963	-75.5792	-75.5626	-75.5466	-75.5315	-75.5175	-75.5049	-75.494	-75.4854	-75.4794	-75.4764	-75.477	-75.4813	-75.4908
5.755	-75.4978	-75.5607	-75.6274	-75.6834	-75.726	-75.7561	-75.7757	-75.7867	-75.7908	-75.7896	-75.7843	-75.7757	-75.7646	-75.7516	-75.7372	-75.7217	-75.7054	-75.6884	-75.6712	-75.6536	-75.636	-75.6184	-75.601	-75.5839	-75.5673	-75.5514	-75.5363	-75.5223	-75.5097	-75.4989	-75.4902	-75.4842	-75.4813	-75.4818	-75.4862	-75.4957
5.76	-75.5024	-75.5652	-75.6318	-75.6878	-75.7304	-75.7605	-75.78	-75.791	-75.7952	-75.794	-75.7887	-75.7801	-75.769	-75.7561	-75.7417	-75.7262	-75.7099	-75.693	-75.6757	-75.6582	-75.6406	-75.6231	-75.6057	-75.5886	-75.5721	-75.5561	-75.5411	-75.5271	-75.5146	-75.5037	-75.4951	-75.4891	-75.4862	-75.4867	-75.491	-75.5005
5.765	-75.5071	-75.5697	-75.6363	-75.6922	-75.7347	-75.7648	-75.7844	-75.7954	-75.7996	-75.7984	-75.7931	-75.7845	-75.7735	-75.7605	-75.7462	-75.7307	-75.7144	-75.6976	-75.6803	-75.6628	-75.6453	-75.6277	-75.6104	-75.5934	-75.5768	-75.5609	-75.5459	-75.5319	-75.5194	-75.5086	-75.5	-75.4939	-75.491	-75.4915	-75.4958	-75.5053
5.77	-75.5117	-75.5743	-75.6407	-75.6966	-75.7391	-75.7692	-75.7887	-75.7997	-75.8039	-75.8028	-75.7974	-75.7889	-75.7779	-75.765	-75.7506	-75.7352	-75.7189	-75.7021	-75.6849	-75.6674	-75.6499	-75.6324	-75.6151	-75.5981	-75.5815	-75.5657	-75.5507	-75.5367	-75.5242	-75.5134	-75.5048	-75.4988	-75.4959	-75.4964	-75.5007	-75.5101
5.775	-75.5163	-75.5788	-75.6452	-75.701	-75.7435	-75.7735	-75.793	-75.804	-75.8082	-75.8071	-75.8018	-75.7933	-75.7823	-75.7694	-75.7551	-75.7397	-75.7235	-75.7067	-75.6895	-75.672	-75.6545	-75.637	-75.6197	-75.6028	-75.5863	-75.5704	-75.5554	-75.5415	-75.529	-75.5182	-75.5096	-75.5036	-75.5007	-75.5012	-75.5055	-75.5149
5.78	-75.5209	-75.5833	-75.6496	-75.7054	-75.7478	-75.7778	-75.7974	-75.8084	-75.8126	-75.8115	-75.8062	-75.7977	-75.7867	-75.7739	-75.7596	-75.7442	-75.728	-75.7112	-75.694	-75.6766	-75.6591	-75.6417	-75.6244	-75.6075	-75.591	-75.5752	-75.5602	-75.5463	-75.5338	-75.5231	-75.5145	-75.5085	-75.5055	-75.506	-75.5103	-75.5197
5.785	-75.5255	-75.5878	-75.6541	-75.7098	-75.7522	-75.7822	-75.8017	-75.8127	-75.8169	-75.8158	-75.8105	-75.8021	-75.7911	-75.7783	-75.764	-75.7486	-75.7325	-75.7157	-75.6986	-75.6812	-75.6637	-75.6463	-75.6291	-75.6122	-75.5957	-75.5799	-75.5649	-75.5511	-75.5386	-75.5279	-75.5193	-75.5133	-75.5103	-75.5108	-75.5151	-75.5245
5.79	-75.5301	-75.5923	-75.6585	-75.7142	-75.7565	-75.7865	-75.806	-75.817	-75.8212	-75.8201	-75.8149	-75.8064	-75.7955	-75.7827	-75.7684	-75.7531	-75.737	-75.7202	-75.7031	-75.6858	-75.6684	-75.651	-75.6337	-75.6168	-75.6004	-75.5846	-75.5697	-75.5559	-75.5434	-75.5327	-75.5241	-75.5181	-75.5152	-75.5156	-75.5199	-75.5293
5.795	-75.5347	-75.5968	-75.6629	-75.7185	-75.7609	-75.7908	-75.8103	-75.8213	-75.8256	-75.8245	-75.8193	-75.8108	-75.7999	-75.7871	-75.7729	-75.7576	-75.7415	-75.7248	-75.7077	-75.6904	-75.6729	-75.6556	-75.6384	-75.6215	-75.6051	-75.5894	-75.5744	-75.5606	-75.5482	-75.5375	-75.5289	-75.5229	-75.52	-75.5204	-75.5247	-75.534
5.8	-75.5392	-75.6013	-75.6674	-75.7229	-75.7652	-75.7951	-75.8146	-75.8256	-75.8299	-75.8288	-75.8236	-75.8152	-75.8043	-75.7915	-75.7773	-75.762	-75.7459	-75.7293	-75.7122	-75.6949	-75.6775	-75.6602	-75.643	-75.6262	-75.6098	-75.5941	-75.5792	-75.5654	-75.553	-75.5423	-75.5337	-75.5277	-75.5248	-75.5252	-75.5294	-75.5388
5.805	-75.5438	-75.6058	-75.6718	-75.7273	-75.7695	-75.7994	-75.8189	-75.8299	-75.8342	-75.8331	-75.8279	-75.8195	-75.8087	-75.7959	-75.7817	-75.7665	-75.7504	-75.7338	-75.7167	-75.6995	-75.6821	-75.6648	-75.6477	-75.6308	-75.6145	-75.5988	-75.5839	-75.5701	-75.5577	-75.5471	-75.5385	-75.5325	-75.5296	-75.53	-75.5342	-75.5435
5.81	-75.5484	-75.6103	-75.6762	-75.7316	-75.7738	-75.8037	-75.8232	-75.8342	-75.8385	-75.8374	-75.8323	-75.8239	-75.813	-75.8003	-75.7862	-75.7709	-75.7549	-75.7383	-75.7213	-75.704	-75.6867	-75.6694	-75.6523	-75.6355	-75.6192	-75.6035	-75.5886	-75.5749	-75.5625	-75.5518	-75.5433	-75.5373	-75.5343	-75.5348	-75.539	-75.5483
5.815	-75.5529	-75.6148	-75.6806	-75.736	-75.7782	-75.808	-75.8275	-75.8385	-75.8428	-75.8418	-75.8366	-75.8282	-75.8174	-75.8047	-75.7906	-75.7754	-75.7594	-75.7428	-75.7258	-75.7086	-75.6913	-75.674	-75.6569	-75.6401	-75.6238	-75.6082	-75.5934	-75.5796	-75.5673	-75.5566	-75.548	-75.5421	-75.5391	-75.5395	-75.5437	-75.553
5.82	-75.5575	-75.6193	-75.685	-75.7403	-75.7825	-75.8123	-75.8318	-75.8428	-75.8471	-75.8461	-75.8409	-75.8326	-75.8218	-75.8091	-75.795	-75.7798	-75.7638	-75.7472	-75.7303	-75.7131	-75.6958	-75.6786	-75.6615	-75.6448	-75.6285	-75.6129	-75.5981	-75.5844	-75.572	-75.5613	-75.5528	-75.5468	-75.5439	-75.5443	-75.5485	-75.5578
5.825	-75.562	-75.6237	-75.6894	-75.7447	-75.7868	-75.8166	-75.8361	-75.8471	-75.8513	-75.8503	-75.8452	-75.8369	-75.8261	-75.8135	-75.7994	-75.7842	-75.7683	-75.7517	-75.7348	-75.7176	-75.7004	-75.6832	-75.6661	-75.6494	-75.6332	-75.6176	-75.6028	-75.5891	-75.5767	-75.5661	-75.5576	-75.5516	-75.5487	-75.5491	-75.5532	-75.5625
5.83	-75.5666	-75.6282	-75.6938	-75.749	-75.7911	-75.8209	-75.8403	-75.8513	-75.8556	-75.8546	-75.8495	-75.8412	-75.8305	-75.8178	-75.8038	-75.7887	-75.7727	-75.7562	-75.7393	-75.7222	-75.7049	-75.6878	-75.6707	-75.654	-75.6378	-75.6222	-75.6075	-75.5938	-75.5815	-75.5708	-75.5623	-75.5564	-75.5534	-75.5538	-75.558	-75.5672
5.835	-75.5711	-75.6326	-75.6982	-75.7533	-75.7954	-75.8252	-75.8446	-75.8556	-75.8599	-75.8589	-75.8538	-75.8456	-75.8348	-75.8222	-75.8082	-75.7931	-75.7771	-75.7607	-75.7438	-75.7267	-75.7095	-75.6923	-75.6753	-75.6587	-75.6425	-75.6269	-75.6122	-75.5985	-75.5862	-75.5756	-75.5671	-75.5611	-75.5582	-75.5585	-75.5627	-75.5719
5.84	-75.5757	-75.6371	-75.7026	-75.7577	-75.7996	-75.8294	-75.8489	-75.8599	-75.8642	-75.8632	-75.8581	-75.8499	-75.8392	-75.8266	-75.8126	-75.7975	-75.7816	-75.7651	-75.7483	-75.7312	-75.714	-75.6969	-75.6799	-75.6633	-75.6471	-75.6316	-75.6169	-75.6032	-75.5909	-75.5803	-75.5718	-75.5659	-75.5629	-75.5633	-75.5674	-75.5766
5.845	-75.5802	-75.6415	-75.7069	-75.762	-75.8039	-75.8337	-75.8531	-75.8641	-75.8684	-75.8675	-75.8624	-75.8542	-75.8435	-75.8309	-75.8169	-75.8019	-75.786	-75.7696	-75.7528	-75.7357	-75.7185	-75.7014	-75.6845	-75.6679	-75.6517	-75.6362	-75.6215	-75.6079	-75.5956	-75.585	-75.5766	-75.5706	-75.5676	-75.568	-75.5721	-75.5813
5.85	-75.5847	-75.646	-75.7113	-75.7663	-75.8082	-75.8379	-75.8574	-75.8684	-75.8727	-75.8717	-75.8667	-75.8585	-75.8478	-75.8353	-75.8213	-75.8063	-75.7904	-75.774	-75.7572	-75.7402	-75.7231	-75.706	-75.6891	-75.6725	-75.6564	-75.6409	-75.6262	-75.6126	-75.6003	-75.5898	-75.5813	-75.5753	-75.5724	-75.5727	-75.5768	-75.586
5.855	-75.5892	-75.6504	-75.7157	-75.7706	-75.8125	-75.8422	-75.8616	-75.8726	-75.8769	-75.876	-75.871	-75.8628	-75.8521	-75.8396	-75.8257	-75.8107	-75.7948	-75.7785	-75.7617	-75.7447	-75.7276	-75.7105	-75.6936	-75.6771	-75.661	-75.6455	-75.6309	-75.6173	-75.605	-75.5945	-75.586	-75.5801	-75.5771	-75.5774	-75.5815	-75.5907
5.86	-75.5937	-75.6548	-75.72	-75.7749	-75.8167	-75.8464	-75.8658	-75.8768	-75.8812	-75.8803	-75.8753	-75.8671	-75.8565	-75.844	-75.83	-75.815	-75.7993	-75.7829	-75.7662	-75.7492	-75.7321	-75.7151	-75.6982	-75.6817	-75.6656	-75.6501	-75.6355	-75.622	-75.6097	-75.5992	-75.5907	-75.5848	-75.5818	-75.5821	-75.5862	-75.5954
5.865	-75.5983	-75.6593	-75.7244	-75.7792	-75.821	-75.8507	-75.8701	-75.8811	-75.8854	-75.8845	-75.8795	-75.8714	-75.8608	-75.8483	-75.8344	-75.8194	-75.8037	-75.7873	-75.7706	-75.7536	-75.7366	-75.7196	-75.7028	-75.6862	-75.6702	-75.6548	-75.6402	-75.6266	-75.6144	-75.6039	-75.5954	-75.5895	-75.5865	-75.5868	-75.5909	-75.6
5.87	-75.6028	-75.6637	-75.7287	-75.7835	-75.8253	-75.8549	-75.8743	-75.8853	-75.8897	-75.8888	-75.8838	-75.8756	-75.8651	-75.8526	-75.8387	-75.8238	-75.8081	-75.7917	-75.775	-75.7581	-75.7411	-75.7241	-75.7073	-75.6908	-75.6748	-75.6594	-75.6448	-75.6313	-75.6191	-75.6086	-75.6001	-75.5942	-75.5912	-75.5915	-75.5956	-75.6047
5.875	-75.6072	-75.6681	-75.733	-75.7878	-75.8295	-75.8591	-75.8785	-75.8895	-75.8939	-75.893	-75.888	-75.8799	-75.8694	-75.8569	-75.8431	-75.8282	-75.8124	-75.7962	-75.7795	-75.7626	-75.7456	-75.7286	-75.7119	-75.6954	-75.6794	-75.664	-75.6494	-75.6359	-75.6238	-75.6133	-75.6048	-75.5989	-75.5959	-75.5962	-75.6003	-75.6094
5.88	-75.6117	-75.6725	-75.7374	-75.792	-75.8337	-75.8634	-75.8827	-75.8937	-75.8981	-75.8972	-75.8923	-75.8842	-75.8736	-75.8612	-75.8474	-75.8325	-75.8168	-75.8006	-75.7839	-75.7671	-75.7501	-75.7332	-75.7164	-75.7	-75.684	-75.6686	-75.6541	-75.6406	-75.6284	-75.6179	-75.6095	-75.6036	-75.6006	-75.6009	-75.6049	-75.614
5.885	-75.6162	-75.6769	-75.7417	-75.7963	-75.838	-75.8676	-75.8869	-75.8979	-75.9023	-75.9015	-75.8965	-75.8885	-75.8779	-75.8655	-75.8517	-75.8369	-75.8212	-75.805	-75.7884	-75.7715	-75.7546	-75.7377	-75.7209	-75.7045	-75.6885	-75.6732	-75.6587	-75.6452	-75.6331	-75.6226	-75.6142	-75.6082	-75.6053	-75.6056	-75.6096	-75.6187
5.89	-75.6207	-75.6813	-75.746	-75.8006	-75.8422	-75.8718	-75.8911	-75.9021	-75.9065	-75.9057	-75.9008	-75.8927	-75.8822	-75.8699	-75.8561	-75.8412	-75.8256	-75.8094	-75.7928	-75.776	-75.759	-75.7422	-75.7254	-75.7091	-75.6931	-75.6778	-75.6633	-75.6499	-75.6377	-75.6273	-75.6188	-75.6129	-75.6099	-75.6102	-75.6142	-75.6233
5.895	-75.6252	-75.6857	-75.7503	-75.8049	-75.8465	-75.876	-75.8953	-75.9063	-75.9107	-75.9099	-75.905	-75.897	-75.8865	-75.8741	-75.8604	-75.8456	-75.8299	-75.8138	-75.7972	-75.7804	-75.7635	-75.7467	-75.73	-75.7136	-75.6977	-75.6824	-75.6679	-75.6545	-75.6424	-75.6319	-75.6235	-75.6176	-75.6146	-75.6149	-75.6189	-75.6279
5.9	-75.6296	-75.6901	-75.7546	-75.8091	-75.8507	-75.8802	-75.8995	-75.9105	-75.9149	-75.9141	-75.9092	-75.9012	-75.8908	-75.8784	-75.8647	-75.8499	-75.8343	-75.8182	-75.8016	-75.7848	-75.768	-75.7511	-75.7345	-75.7181	-75.7022	-75.687	-75.6725	-75.6591	-75.647	-75.6366	-75.6282	-75.6222	-75.6192	-75.6195	-75.6235	-75.6325
5.905	-75.6341	-75.6944	-75.759	-75.8134	-75.8549	-75.8844	-75.9037	-75.9147	-75.9191	-75.9183	-75.9135	-75.9054	-75.895	-75.8827	-75.869	-75.8542	-75.8387	-75.8225	-75.806	-75.7893	-75.7724	-75.7556	-75.739	-75.7227	-75.7068	-75.6915	-75.6771	-75.6637	-75.6516	-75.6412	-75.6328	-75.6269	-75.6239	-75.6242	-75.6281	-75.6372
5.91	-75.6385	-75.6988	-75.7633	-75.8176	-75.8591	-75.8886	-75.9079	-75.9189	-75.9233	-75.9225	-75.9177	-75.9097	-75.8993	-75.887	-75.8733	-75.8586	-75.843	-75.8269	-75.8104	-75.7937	-75.7769	-75.7601	-75.7435	-75.7272	-75.7113	-75.6961	-75.6817	-75.6683	-75.6563	-75.6459	-75.6375	-75.6315	-75.6285	-75.6288	-75.6328	-75.6418
5.915	-75.643	-75.7032	-75.7675	-75.8219	-75.8633	-75.8928	-75.9121	-75.9231	-75.9275	-75.9267	-75.9219	-75.9139	-75.9035	-75.8913	-75.8776	-75.8629	-75.8474	-75.8313	-75.8148	-75.7981	-75.7813	-75.7646	-75.748	-75.7317	-75.7159	-75.7007	-75.6863	-75.6729	-75.6609	-75.6505	-75.6421	-75.6362	-75.6332	-75.6334	-75.6374	-75.6464
5.92	-75.6474	-75.7075	-75.7718	-75.8261	-75.8675	-75.8969	-75.9162	-75.9273	-75.9317	-75.9309	-75.9261	-75.9181	-75.9078	-75.8955	-75.8819	-75.8672	-75.8517	-75.8356	-75.8192	-75.8025	-75.7857	-75.769	-75.7525	-75.7362	-75.7204	-75.7052	-75.6909	-75.6775	-75.6655	-75.6551	-75.6467	-75.6408	-75.6378	-75.6381	-75.642	-75.651
5.925	-75.6519	-75.7119	-75.7761	-75.8303	-75.8717	-75.9011	-75.9204	-75.9314	-75.9358	-75.9351	-75.9303	-75.9224	-75.912	-75.8998	-75.8862	-75.8715	-75.856	-75.84	-75.8236	-75.8069	-75.7902	-75.7735	-75.7569	-75.7407	-75.7249	-75.7098	-75.6954	-75.6821	-75.6701	-75.6597	-75.6514	-75.6454	-75.6424	-75.6427	-75.6466	-75.6555
5.93	-75.6563	-75.7162	-75.7804	-75.8345	-75.8759	-75.9053	-75.9246	-75.9356	-75.94	-75.9393	-75.9345	-75.9266	-75.9162	-75.904	-75.8904	-75.8758	-75.8603	-75.8443	-75.8279	-75.8113	-75.7946	-75.7779	-75.7614	-75.7452	-75.7295	-75.7143	-75.7	-75.6867	-75.6747	-75.6643	-75.656	-75.6501	-75.6471	-75.6473	-75.6512	-75.6601
5.935	-75.6607	-75.7206	-75.7847	-75.8388	-75.8801	-75.9095	-75.9287	-75.9397	-75.9442	-75.9434	-75.9387	-75.9308	-75.9205	-75.9083	-75.8947	-75.8801	-75.8647	-75.8487	-75.8323	-75.8157	-75.799	-75.7824	-75.7659	-75.7497	-75.734	-75.7189	-75.7046	-75.6913	-75.6793	-75.6689	-75.6606	-75.6547	-75.6517	-75.6519	-75.6558	-75.6647
5.94	-75.6652	-75.7249	-75.7889	-75.843	-75.8842	-75.9136	-75.9329	-75.9439	-75.9483	-75.9476	-75.9429	-75.935	-75.9247	-75.9125	-75.899	-75.8844	-75.869	-75.853	-75.8367	-75.8201	-75.8034	-75.7868	-75.7703	-75.7542	-75.7385	-75.7234	-75.7091	-75.6958	-75.6839	-75.6735	-75.6652	-75.6593	-75.6563	-75.6565	-75.6604	-75.6693
5.945	-75.6696	-75.7293	-75.7932	-75.8472	-75.8884	-75.9178	-75.937	-75.948	-75.9525	-75.9518	-75.947	-75.9392	-75.9289	-75.9168	-75.9032	-75.8887	-75.8733	-75.8573	-75.841	-75.8245	-75.8078	-75.7912	-75.7748	-75.7587	-75.743	-75.7279	-75.7136	-75.7004	-75.6884	-75.6781	-75.6698	-75.6639	-75.6609	-75.6611	-75.6649	-75.6738
5.95	-75.674	-75.7336	-75.7975	-75.8514	-75.8926	-75.9219	-75.9411	-75.9522	-75.9566	-75.9559	-75.9512	-75.9434	-75.9331	-75.921	-75.9075	-75.8929	-75.8776	-75.8617	-75.8454	-75.8288	-75.8122	-75.7956	-75.7792	-75.7631	-75.7475	-75.7324	-75.7182	-75.705	-75.693	-75.6827	-75.6744	-75.6685	-75.6655	-75.6657	-75.6695	-75.6784
5.955	-75.6784	-75.7379	-75.8017	-75.8556	-75.8968	-75.926	-75.9453	-75.9563	-75.9608	-75.9601	-75.9554	-75.9475	-75.9373	-75.9252	-75.9117	-75.8972	-75.8819	-75.866	-75.8497	-75.8332	-75.8166	-75.8001	-75.7837	-75.7676	-75.752	-75.7369	-75.7227	-75.7095	-75.6976	-75.6873	-75.6789	-75.6731	-75.67	-75.6702	-75.6741	-75.6829
5.96	-75.6828	-75.7422	-75.806	-75.8598	-75.9009	-75.9302	-75.9494	-75.9604	-75.9649	-75.9642	-75.9595	-75.9517	-75.9415	-75.9295	-75.916	-75.9015	-75.8862	-75.8703	-75.854	-75.8376	-75.821	-75.8045	-75.7881	-75.7721	-75.7564	-75.7414	-75.7272	-75.714	-75.7021	-75.6918	-75.6835	-75.6776	-75.6746	-75.6748	-75.6786	-75.6875
5.965	-75.6872	-75.7465	-75.8102	-75.864	-75.9051	-75.9343	-75.9535	-75.9645	-75.969	-75.9684	-75.9637	-75.9559	-75.9457	-75.9337	-75.9202	-75.9057	-75.8904	-75.8746	-75.8584	-75.8419	-75.8254	-75.8089	-75.7925	-75.7765	-75.7609	-75.7459	-75.7318	-75.7186	-75.7067	-75.6964	-75.6881	-75.6822	-75.6792	-75.6794	-75.6832	-75.692
5.97	-75.6916	-75.7508	-75.8144	-75.8681	-75.9092	-75.9384	-75.9576	-75.9687	-75.9731	-75.9725	-75.9678	-75.9601	-75.9499	-75.9379	-75.9245	-75.91	-75.8947	-75.8789	-75.8627	-75.8463	-75.8298	-75.8133	-75.797	-75.781	-75.7654	-75.7504	-75.7363	-75.7231	-75.7112	-75.701	-75.6927	-75.6868	-75.6837	-75.6839	-75.6877	-75.6965
5.975	-75.696	-75.7551	-75.8187	-75.8723	-75.9134	-75.9426	-75.9617	-75.9728	-75.9773	-75.9766	-75.972	-75.9642	-75.9541	-75.9421	-75.9287	-75.9142	-75.899	-75.8832	-75.867	-75.8506	-75.8341	-75.8177	-75.8014	-75.7854	-75.7698	-75.7549	-75.7408	-75.7276	-75.7158	-75.7055	-75.6972	-75.6913	-75.6883	-75.6885	-75.6923	-75.7011
5.98	-75.7003	-75.7594	-75.8229	-75.8765	-75.9175	-75.9467	-75.9659	-75.9769	-75.9814	-75.9807	-75.9761	-75.9684	-75.9582	-75.9463	-75.9329	-75.9185	-75.9033	-75.8875	-75.8713	-75.855	-75.8385	-75.8221	-75.8058	-75.7898	-75.7743	-75.7594	-75.7453	-75.7321	-75.7203	-75.71	-75.7018	-75.6959	-75.6929	-75.693	-75.6968	-75.7056
5.985	-75.7047	-75.7637	-75.8271	-75.8807	-75.9216	-75.9508	-75.97	-75.981	-75.9855	-75.9849	-75.9802	-75.9725	-75.9624	-75.9505	-75.9371	-75.9227	-75.9075	-75.8918	-75.8756	-75.8593	-75.8428	-75.8264	-75.8102	-75.7943	-75.7788	-75.7639	-75.7497	-75.7367	-75.7248	-75.7146	-75.7063	-75.7004	-75.6974	-75.6975	-75.7013	-75.7101
5.99	-75.7091	-75.768	-75.8313	-75.8848	-75.9257	-75.9549	-75.9741	-75.9851	-75.9896	-75.989	-75.9844	-75.9767	-75.9666	-75.9546	-75.9413	-75.9269	-75.9118	-75.8961	-75.88	-75.8636	-75.8472	-75.8308	-75.8146	-75.7987	-75.7832	-75.7683	-75.7542	-75.7412	-75.7293	-75.7191	-75.7108	-75.705	-75.7019	-75.7021	-75.7058	-75.7146
5.995	-75.7134	-75.7723	-75.8355	-75.889	-75.9299	-75.959	-75.9781	-75.9892	-75.9937	-75.9931	-75.9885	-75.9808	-75.9707	-75.9588	-75.9455	-75.9312	-75.916	-75.9003	-75.8842	-75.8679	-75.8515	-75.8352	-75.819	-75.8031	-75.7876	-75.7728	-75.7587	-75.7457	-75.7339	-75.7236	-75.7154	-75.7095	-75.7065	-75.7066	-75.7103	-75.7191
6	-75.7178	-75.7766	-75.8397	-75.8931	-75.934	-75.9631	-75.9822	-75.9932	-75.9978	-75.9972	-75.9926	-75.9849	-75.9749	-75.963	-75.9497	-75.9354	-75.9203	-75.9046	-75.8885	-75.8723	-75.8559	-75.8395	-75.8234	-75.8075	-75.7921	-75.7772	-75.7632	-75.7501	-75.7384	-75.7282	-75.7199	-75.714	-75.711	-75.7111	-75.7148	-75.7236
0 unlabeled lines
