Graph addvar/addexpr lines
36 1201
x node[0].v( 0.5 ) node[1].v( 0.5 ) node[2].v( 0.5 ) node[3].v( 0.5 ) node[4].v( 0.5 ) node[5].v( 0.5 ) node[6].v( 0.5 ) node[7].v( 0.5 ) node[8].v( 0.5 ) node[9].v( 0.5 ) node[10].v( 0.5 ) node[11].v( 0.5 ) node[12].v( 0.5 ) node[13].v( 0.5 ) node[14].v( 0.5 ) node[15].v( 0.5 ) node[16].v( 0.5 ) node[17].v( 0.5 ) node[18].v( 0.5 ) node[19].v( 0.5 ) node[20].v( 0.5 ) node[21].v( 0.5 ) node[22].v( 0.5 ) node[23].v( 0.5 ) node[24].v( 0.5 ) node[25].v( 0.5 ) node[26].v( 0.5 ) node[27].v( 0.5 ) node[28].v( 0.5 ) node[29].v( 0.5 ) node[30].v( 0.5 ) node[31].v( 0.5 ) node[32].v( 0.5 ) node[33].v( 0.5 ) node[34].v( 0.5 ) node[35].v( 0.5 )
0	-80	-80	-80	-80	-80	-80	-80	-80	-80	-80	-80	-80	-80	-80	-80	-80	-80	-80	-80	-80	-80	-80	-80	-80	-80	-80	-80	-80	-80	-80	-80	-80	-80	-80	-80	-80
0.005	-79.9985	-79.9985	-79.9985	-79.9985	-79.9985	-79.9985	-79.9985	-79.9985	-79.9985	-79.9985	-79.9985	-79.9985	-79.9985	-79.9985	-79.9985	-79.9985	-79.9985	-79.9985	-79.9985	-79.9985	-79.9985	-79.9985	-79.9985	-79.9985	-79.9985	-79.9985	-79.9985	-79.9985	-79.9985	-79.9985	-79.9985	-79.9985	-79.9985	-79.9985	-79.9985	-79.9985
0.01	-79.9984	-79.9975	-79.9974	-79.9974	-79.9974	-79.9974	-79.9974	-79.9974	-79.9974	-79.9974	-79.9974	-79.9974	-79.9974	-79.9974	-79.9974	-79.9974	-79.9974	-79.9974	-79.9974	-79.9974	-79.9974	-79.9974	-79.9974	-79.9974	-79.9974	-79.9974	-79.9974	-79.9974	-79.9974	-79.9974	-79.9974	-79.9974	-79.9974	-79.9974	-79.9974	-79.9975
0.015	-79.9984	-79.9968	-79.9966	-79.9966	-79.9966	-79.9966	-79.9966	-79.9966	-79.9966	-79.9966	-79.9966	-79.9966	-79.9966	-79.9966	-79.9966	-79.9966	-79.9966	-79.9966	-79.9966	-79.9966	-79.9966	-79.9966	-79.9966	-79.9966	-79.9966	-79.9966	-79.9966	-79.9966	-79.9966	-79.9966	-79.9966	-79.9966	-79.9966	-79.9966	-79.9966	-79.9968
0.02	-79.9984	-79.9963	-79.996	-79.996	-79.996	-79.996	-79.996	-79.996	-79.996	-79.996	-79.996	-79.996	-79.996	-79.996	-79.996	-79.996	-79.996	-79.996	-79.996	-79.996	-79.996	-79.996	-79.996	-79.996	-79.996	-79.996	-79.996	-79.996	-79.996	-79.996	-79.996	-79.996	-79.996	-79.996	-79.996	-79.9962
0.025	-79.9984	-79.9959	-79.9955	-79.9955	-79.9955	-79.9955	-79.9955	-79.9955	-79.9955	-79.9955	-79.9955	-79.9955	-79.9955	-79.9955	-79.9955	-79.9955	-79.9955	-79.9955	-79.9955	-79.9955	-79.9955	-79.9955	-79.9955	-79.9955	-79.9955	-79.9955	-79.9955	-79.9955	-79.9955	-79.9955	-79.9955	-79.9955	-79.9955	-79.9955	-79.9955	-79.9957
0.03	-79.9984	-79.9956	-79.9951	-79.995	-79.995	-79.995	-79.995	-79.995	-79.995	-79.995	-79.995	-79.995	-79.995	-79.995	-79.995	-79.995	-79.995	-79.995	-79.995	-79.995	-79.995	-79.995	-79.995	-79.995	-79.995	-79.995	-79.995	-79.995	-79.995	-79.995	-79.995	-79.995	-79.995	-79.995	-79.9951	-79.9953
0.035	-79.9984	-79.9953	-79.9947	-79.9946	-79.9946	-79.9946	-79.9946	-79.9946	-79.9946	-79.9946	-79.9946	-79.9946	-79.9946	-79.9946	-79.9946	-79.9946	-79.9946	-79.9946	-79.9946	-79.9946	-79.9946	-79.9946	-79.9946	-79.9946	-79.9946	-79.9946	-79.9946	-79.9946	-79.9946	-79.9946	-79.9946	-79.9946	-79.9946	-79.9946	-79.9947	-79.9949
0.04	-79.9984	-79.9951	-79.9944	-79.9943	-79.9943	-79.9943	-79.9943	-79.9943	-79.9943	-79.9943	-79.9943	-79.9943	-79.9943	-79.9943	-79.9943	-79.9943	-79.9943	-79.9943	-79.9943	-79.9943	-79.9943	-79.9943	-79.9943	-79.9943	-79.9943	-79.9943	-79.9943	-79.9943	-79.9943	-79.9943	-79.9943	-79.9943	-79.9943	-79.9943	-79.9943	-79.9945
0.045	-79.9984	-79.9949	-79.9941	-79.994	-79.9939	-79.9939	-79.9939	-79.9939	-79.9939	-79.9939	-79.9939	-79.9939	-79.9939	-79.9939	-79.9939	-79.9939	-79.9939	-79.9939	-79.9939	-79.9939	-79.9939	-79.9939	-79.9939	-79.9939	-79.9939	-79.9939	-79.9939	-79.9939	-79.9939	-79.9939	-79.9939	-79.9939	-79.9939	-79.9939	-79.994	-79.9942
0.05	-79.9984	-79.9947	-79.9938	-79.9937	-79.9936	-79.9936	-79.9936	-79.9936	-79.9936	-79.9936	-79.9936	-79.9936	-79.9936	-79.9936	-79.9936	-79.9936	-79.9936	-79.9936	-79.9936	-79.9936	-79.9936	-79.9936	-79.9936	-79.9936	-79.9936	-79.9936	-79.9936	-79.9936	-79.9936	-79.9936	-79.9936	-79.9936	-79.9936	-79.9937	-79.9937	-79.9939
0.055	-79.9984	-79.9945	-79.9936	-79.9934	-79.9934	-79.9934	-79.9934	-79.9934	-79.9934	-79.9934	-79.9934	-79.9934	-79.9934	-79.9934	-79.9934	-79.9934	-79.9934	-79.9934	-79.9934	-79.9934	-79.9934	-79.9934	-79.9934	-79.9934	-79.9934	-79.9934	-79.9934	-79.9934	-79.9934	-79.9934	-79.9934	-79.9934	-79.9934	-79.9934	-79.9934	-79.9937
0.06	-79.9984	-79.9943	-79.9934	-79.9931	-79.9931	-79.9931	-79.9931	-79.9931	-79.9931	-79.9931	-79.9931	-79.9931	-79.9931	-79.9931	-79.9931	-79.9931	-79.9931	-79.9931	-79.9931	-79.9931	-79.9931	-79.9931	-79.9931	-79.9931	-79.9931	-79.9931	-79.9931	-79.9931	-79.9931	-79.9931	-79.9931	-79.9931	-79.9931	-79.9931	-79.9932	-79.9934
0.065	-79.9984	-79.9942	-79.9931	-79.9929	-79.9929	-79.9929	-79.9929	-79.9929	-79.9929	-79.9929	-79.9929	-79.9929	-79.9929	-79.9929	-79.9929	-79.9929	-79.9929	-79.9929	-79.9929	-79.9929	-79.9929	-79.9929	-79.9929	-79.9929	-79.9929	-79.9929	-79.9929	-79.9929	-79.9929	-79.9929	-79.9929	-79.9929	-79.9929	-79.9929	-79.9929	-79.9931
0.07	-79.9984	-79.994	-79.9929	-79.9927	-79.9926	-79.9926	-79.9926	-79.9926	-79.9926	-79.9926	-79.9926	-79.9926	-79.9926	-79.9926	-79.9926	-79.9926	-79.9926	-79.9926	-79.9926	-79.9926	-79.9926	-79.9926	-79.9926	-79.9926	-79.9926	-79.9926	-79.9926	-79.9926	-79.9926	-79.9926	-79.9926	-79.9926	-79.9926	-79.9926	-79.9927	-79.9929
0.075	-79.9984	-79.9939	-79.9927	-79.9925	-79.9924	-79.9924	-79.9924	-79.9924	-79.9924	-79.9924	-79.9924	-79.9924	-79.9924	-79.9924	-79.9924	-79.9924	-79.9924	-79.9924	-79.9924	-79.9924	-79.9924	-79.9924	-79.9924	-79.9924	-79.9924	-79.9924	-79.9924	-79.9924	-79.9924	-79.9924	-79.9924	-79.9924	-79.9924	-79.9924	-79.9925	-79.9927
0.08	-79.9984	-79.9938	-79.9926	-79.9923	-79.9922	-79.9922	-79.9922	-79.9922	-79.9922	-79.9922	-79.9922	-79.9922	-79.9922	-79.9922	-79.9922	-79.9922	-79.9922	-79.9922	-79.9922	-79.9922	-79.9922	-79.9922	-79.9922	-79.9922	-79.9922	-79.9922	-79.9922	-79.9922	-79.9922	-79.9922	-79.9922	-79.9922	-79.9922	-79.9922	-79.9923	-79.9925
0.085	-79.9984	-79.9936	-79.9924	-79.9921	-79.992	-79.992	-79.992	-79.992	-79.992	-79.992	-79.992	-79.992	-79.992	-79.992	-79.992	-79.992	-79.992	-79.992	-79.992	-79.992	-79.992	-79.992	-79.992	-79.992	-79.992	-79.992	-79.992	-79.992	-79.992	-79.992	-79.992	-79.992	-79.992	-79.992	-79.9921	-79.9923
0.09	-79.9984	-79.9935	-79.9922	-79.9919	-79.9918	-79.9918	-79.9918	-79.9918	-79.9918	-79.9918	-79.9918	-79.9918	-79.9918	-79.9918	-79.9918	-79.9918	-79.9918	-79.9918	-79.9918	-79.9918	-79.9918	-79.9918	-79.9918	-79.9918	-79.9918	-79.9918	-79.9918	-79.9918	-79.9918	-79.9918	-79.9918	-79.9918	-79.9918	-79.9918	-79.9919	-79.9921
0.095	-79.9984	-79.9934	-79.9921	-79.9917	-79.9916	-79.9916	-79.9916	-79.9916	-79.9916	-79.9916	-79.9916	-79.9916	-79.9916	-79.9916	-79.9916	-79.9916	-79.9916	-79.9916	-79.9916	-79.9916	-79.9916	-79.9916	-79.9916	-79.9916	-79.9916	-79.9916	-79.9916	-79.9916	-79.9916	-79.9916	-79.9916	-79.9916	-79.9916	-79.9916	-79.9917	-79.9919
0.1	-79.9984	-79.9933	-79.9919	-79.9916	-79.9915	-79.9914	-79.9914	-79.9914	-79.9914	-79.9914	-79.9914	-79.9914	-79.9914	-79.9914	-79.9914	-79.9914	-79.9914	-79.9914	-79.9914	-79.9914	-79.9914	-79.9914	-79.9914	-79.9914	-79.9914	-79.9914	-79.9914	-79.9914	-79.9914	-79.9914	-79.9914	-79.9914	-79.9914	-79.9915	-79.9915	-79.9918
0.105	-79.9984	-79.9932	-79.9918	-79.9914	-79.9913	-79.9913	-79.9913	-79.9913	-79.9913	-79.9913	-79.9913	-79.9913	-79.9913	-79.9913	-79.9913	-79.9913	-79.9913	-79.9913	-79.9913	-79.9913	-79.9913	-79.9913	-79.9913	-79.9913	-79.9913	-79.9913	-79.9913	-79.9913	-79.9913	-79.9913	-79.9913	-79.9913	-79.9913	-79.9913	-79.9914	-79.9916
0.11	-79.9984	-79.9931	-79.9916	-79.9912	-79.9911	-79.9911	-79.9911	-79.9911	-79.9911	-79.9911	-79.9911	-79.9911	-79.9911	-79.9911	-79.9911	-79.9911	-79.9911	-79.9911	-79.9911	-79.9911	-79.9911	-79.9911	-79.9911	-79.9911	-79.9911	-79.9911	-79.9911	-79.9911	-79.9911	-79.9911	-79.9911	-79.9911	-79.9911	-79.9911	-79.9912	-79.9914
0.115	-79.9984	-79.9931	-79.9915	-79.9911	-79.991	-79.991	-79.991	-79.991	-79.991	-79.991	-79.991	-79.991	-79.991	-79.991	-79.991	-79.991	-79.991	-79.991	-79.991	-79.991	-79.991	-79.991	-79.991	-79.991	-79.991	-79.991	-79.991	-79.991	-79.991	-79.991	-79.991	-79.991	-79.991	-79.991	-79.9911	-79.9913
0.12	-79.9984	-79.993	-79.9914	-79.991	-79.9908	-79.9908	-79.9908	-79.9908	-79.9908	-79.9908	-79.9908	-79.9908	-79.9908	-79.9908	-79.9908	-79.9908	-79.9908	-79.9908	-79.9908	-79.9908	-79.9908	-79.9908	-79.9908	-79.9908	-79.9908	-79.9908	-79.9908	-79.9908	-79.9908	-79.9908	-79.9908	-79.9908	-79.9908	-79.9908	-79.9909	-79.9911
0.125	-79.9984	-79.9929	-79.9913	-79.9908	-79.9907	-79.9907	-79.9907	-79.9907	-79.9907	-79.9907	-79.9907	-79.9907	-79.9907	-79.9907	-79.9907	-79.9907	-79.9907	-79.9907	-79.9907	-79.9907	-79.9907	-79.9907	-79.9907	-79.9907	-79.9907	-79.9907	-79.9907	-79.9907	-79.9907	-79.9907	-79.9907	-79.9907	-79.9907	-79.9907	-79.9908	-79.991
0.13	-79.9984	-79.9928	-79.9912	-79.9907	-79.9906	-79.9905	-79.9905	-79.9905	-79.9905	-79.9905	-79.9905	-79.9905	-79.9905	-79.9905	-79.9905	-79.9905	-79.9905	-79.9905	-79.9905	-79.9905	-79.9905	-79.9905	-79.9905	-79.9905	-79.9905	-79.9905	-79.9905	-79.9905	-79.9905	-79.9905	-79.9905	-79.9905	-79.9905	-79.9905	-79.9906	-79.9909
0.135	-79.9984	-79.9927	-79.991	-79.9906	-79.9904	-79.9904	-79.9904	-79.9904	-79.9904	-79.9904	-79.9904	-79.9904	-79.9904	-79.9904	-79.9904	-79.9904	-79.9904	-79.9904	-79.9904	-79.9904	-79.9904	-79.9904	-79.9904	-79.9904	-79.9904	-79.9904	-79.9904	-79.9904	-79.9904	-79.9904	-79.9904	-79.9904	-79.9904	-79.9904	-79.9905	-79.9907
0.14	-79.9984	-79.9927	-79.9909	-79.9904	-79.9903	-79.9903	-79.9903	-79.9903	-79.9903	-79.9903	-79.9903	-79.9903	-79.9903	-79.9903	-79.9903	-79.9903	-79.9903	-79.9903	-79.9903	-79.9903	-79.9903	-79.9903	-79.9903	-79.9903	-79.9903	-79.9903	-79.9903	-79.9903	-79.9903	-79.9903	-79.9903	-79.9903	-79.9903	-79.9903	-79.9904	-79.9906
0.145	-79.9984	-79.9926	-79.9908	-79.9903	-79.9902	-79.9901	-79.9901	-79.9901	-79.9901	-79.9901	-79.9901	-79.9901	-79.9901	-79.9901	-79.9901	-79.9901	-79.9901	-79.9901	-79.9901	-79.9901	-79.9901	-79.9901	-79.9901	-79.9901	-79.9901	-79.9901	-79.9901	-79.9901	-79.9901	-79.9901	-79.9901	-79.9901	-79.9901	-79.9902	-79.9902	-79.9905
0.15	-79.9984	-79.9925	-79.9907	-79.9902	-79.9901	-79.99	-79.99	-79.99	-79.99	-79.99	-79.99	-79.99	-79.99	-79.99	-79.99	-79.99	-79.99	-79.99	-79.99	-79.99	-79.99	-79.99	-79.99	-79.99	-79.99	-79.99	-79.99	-79.99	-79.99	-79.99	-79.99	-79.99	-79.99	-79.99	-79.9901	-79.9904
0.155	-79.9984	-79.9925	-79.9906	-79.9901	-79.9899	-79.9899	-79.9899	-79.9899	-79.9899	-79.9899	-79.9899	-79.9899	-79.9899	-79.9899	-79.9899	-79.9899	-79.9899	-79.9899	-79.9899	-79.9899	-79.9899	-79.9899	-79.9899	-79.9899	-79.9899	-79.9899	-79.9899	-79.9899	-79.9899	-79.9899	-79.9899	-79.9899	-79.9899	-79.9899	-79.99	-79.9902
0.16	-79.9984	-79.9924	-79.9906	-79.99	-79.9898	-79.9898	-79.9898	-79.9898	-79.9898	-79.9898	-79.9898	-79.9898	-79.9898	-79.9898	-79.9898	-79.9898	-79.9898	-79.9898	-79.9898	-79.9898	-79.9898	-79.9898	-79.9898	-79.9898	-79.9898	-79.9898	-79.9898	-79.9898	-79.9898	-79.9898	-79.9898	-79.9898	-79.9898	-79.9898	-79.9899	-79.9901
0.165	-79.9984	-79.9924	-79.9905	-79.9899	-79.9897	-79.9897	-79.9897	-79.9897	-79.9897	-79.9897	-79.9897	-79.9897	-79.9897	-79.9897	-79.9897	-79.9897	-79.9897	-79.9897	-79.9897	-79.9897	-79.9897	-79.9897	-79.9897	-79.9897	-79.9897	-79.9897	-79.9897	-79.9897	-79.9897	-79.9897	-79.9897	-79.9897	-79.9897	-79.9897	-79.9898	-79.99
0.17	-79.9984	-79.9923	-79.9904	-79.9898	-79.9896	-79.9896	-79.9896	-79.9896	-79.9896	-79.9896	-79.9896	-79.9896	-79.9896	-79.9896	-79.9896	-79.9896	-79.9896	-79.9896	-79.9896	-79.9896	-79.9896	-79.9896	-79.9896	-79.9896	-79.9896	-79.9896	-79.9896	-79.9896	-79.9896	-79.9896	-79.9896	-79.9896	-79.9896	-79.9896	-79.9897	-79.9899
0.175	-79.9984	-79.9923	-79.9903	-79.9897	-79.9895	-79.9895	-79.9895	-79.9895	-79.9895	-79.9895	-79.9895	-79.9895	-79.9895	-79.9895	-79.9895	-79.9895	-79.9895	-79.9895	-79.9895	-79.9895	-79.9895	-79.9895	-79.9895	-79.9895	-79.9895	-79.9895	-79.9895	-79.9895	-79.9895	-79.9895	-79.9895	-79.9895	-79.9895	-79.9895	-79.9896	-79.9898
0.18	-79.9984	-79.9922	-79.9902	-79.9896	-79.9894	-79.9894	-79.9894	-79.9894	-79.9893	-79.9893	-79.9893	-79.9893	-79.9893	-79.9893	-79.9893	-79.9893	-79.9893	-79.9893	-79.9893	-79.9893	-79.9893	-79.9893	-79.9893	-79.9893	-79.9893	-79.9893	-79.9893	-79.9893	-79.9893	-79.9893	-79.9894	-79.9894	-79.9894	-79.9894	-79.9895	-79.9897
0.185	-79.9984	-79.9922	-79.9901	-79.9895	-79.9893	-79.9893	-79.9893	-79.9893	-79.9893	-79.9893	-79.9893	-79.9893	-79.9893	-79.9893	-79.9893	-79.9893	-79.9893	-79.9893	-79.9893	-79.9893	-79.9893	-79.9893	-79.9893	-79.9893	-79.9893	-79.9893	-79.9893	-79.9893	-79.9893	-79.9893	-79.9893	-79.9893	-79.9893	-79.9893	-79.9894	-79.9896
0.19	-79.9984	-79.9921	-79.9901	-79.9894	-79.9892	-79.9892	-79.9892	-79.9892	-79.9892	-79.9892	-79.9892	-79.9892	-79.9892	-79.9892	-79.9892	-79.9892	-79.9892	-79.9892	-79.9892	-79.9892	-79.9892	-79.9892	-79.9892	-79.9892	-79.9892	-79.9892	-79.9892	-79.9892	-79.9892	-79.9892	-79.9892	-79.9892	-79.9892	-79.9892	-79.9893	-79.9895
0.195	-79.9984	-79.9921	-79.99	-79.9893	-79.9891	-79.9891	-79.9891	-79.9891	-79.9891	-79.9891	-79.9891	-79.9891	-79.9891	-79.9891	-79.9891	-79.9891	-79.9891	-79.9891	-79.9891	-79.9891	-79.9891	-79.9891	-79.9891	-79.9891	-79.9891	-79.9891	-79.9891	-79.9891	-79.9891	-79.9891	-79.9891	-79.9891	-79.9891	-79.9891	-79.9892	-79.9894
0.2	-79.9984	-79.992	-79.9899	-79.9893	-79.9891	-79.989	-79.989	-79.989	-79.989	-79.989	-79.989	-79.989	-79.989	-79.989	-79.989	-79.989	-79.989	-79.989	-79.989	-79.989	-79.989	-79.989	-79.989	-79.989	-79.989	-79.989	-79.989	-79.989	-79.989	-79.989	-79.989	-79.989	-79.989	-79.989	-79.9891	-79.9894
0.205	-79.9984	-79.992	-79.9898	-79.9892	-79.989	-79.9889	-79.9889	-79.9889	-79.9889	-79.9889	-79.9889	-79.9889	-79.9889	-79.9889	-79.9889	-79.9889	-79.9889	-79.9889	-79.9889	-79.9889	-79.9889	-79.9889	-79.9889	-79.9889	-79.9889	-79.9889	-79.9889	-79.9889	-79.9889	-79.9889	-79.9889	-79.9889	-79.9889	-79.9889	-79.989	-79.9893
0.21	-79.9984	-79.9919	-79.9898	-79.9891	-79.9889	-79.9888	-79.9888	-79.9888	-79.9888	-79.9888	-79.9888	-79.9888	-79.9888	-79.9888	-79.9888	-79.9888	-79.9888	-79.9888	-79.9888	-79.9888	-79.9888	-79.9888	-79.9888	-79.9888	-79.9888	-79.9888	-79.9888	-79.9888	-79.9888	-79.9888	-79.9888	-79.9888	-79.9888	-79.9888	-79.9889	-79.9892
0.215	-79.9984	-79.9919	-79.9897	-79.989	-79.9888	-79.9887	-79.9887	-79.9887	-79.9887	-79.9887	-79.9887	-79.9887	-79.9887	-79.9887	-79.9887	-79.9887	-79.9887	-79.9887	-79.9887	-79.9887	-79.9887	-79.9887	-79.9887	-79.9887	-79.9887	-79.9887	-79.9887	-79.9887	-79.9887	-79.9887	-79.9887	-79.9887	-79.9887	-79.9888	-79.9888	-79.9891
0.22	-79.9984	-79.9918	-79.9896	-79.9889	-79.9887	-79.9886	-79.9886	-79.9886	-79.9886	-79.9886	-79.9886	-79.9886	-79.9886	-79.9886	-79.9886	-79.9886	-79.9886	-79.9886	-79.9886	-79.9886	-79.9886	-79.9886	-79.9886	-79.9886	-79.9886	-79.9886	-79.9886	-79.9886	-79.9886	-79.9886	-79.9886	-79.9886	-79.9886	-79.9887	-79.9888	-79.989
0.225	-79.9984	-79.9918	-79.9896	-79.9889	-79.9886	-79.9886	-79.9885	-79.9885	-79.9885	-79.9885	-79.9885	-79.9885	-79.9885	-79.9885	-79.9885	-79.9885	-79.9885	-79.9885	-79.9885	-79.9885	-79.9885	-79.9885	-79.9885	-79.9885	-79.9885	-79.9885	-79.9885	-79.9885	-79.9885	-79.9885	-79.9885	-79.9885	-79.9886	-79.9886	-79.9887	-79.9889
0.23	-79.9984	-79.9918	-79.9895	-79.9888	-79.9886	-79.9885	-79.9885	-79.9885	-79.9885	-79.9885	-79.9885	-79.9885	-79.9885	-79.9885	-79.9885	-79.9885	-79.9885	-79.9885	-79.9885	-79.9885	-79.9885	-79.9885	-79.9885	-79.9885	-79.9885	-79.9885	-79.9885	-79.9885	-79.9885	-79.9885	-79.9885	-79.9885	-79.9885	-79.9885	-79.9886	-79.9889
0.235	-79.9984	-79.9917	-79.9895	-79.9887	-79.9885	-79.9884	-79.9884	-79.9884	-79.9884	-79.9884	-79.9884	-79.9884	-79.9884	-79.9884	-79.9884	-79.9884	-79.9884	-79.9884	-79.9884	-79.9884	-79.9884	-79.9884	-79.9884	-79.9884	-79.9884	-79.9884	-79.9884	-79.9884	-79.9884	-79.9884	-79.9884	-79.9884	-79.9884	-79.9884	-79.9885	-79.9888
0.24	-79.9984	-79.9917	-79.9894	-79.9886	-79.9884	-79.9883	-79.9883	-79.9883	-79.9883	-79.9883	-79.9883	-79.9883	-79.9883	-79.9883	-79.9883	-79.9883	-79.9883	-79.9883	-79.9883	-79.9883	-79.9883	-79.9883	-79.9883	-79.9883	-79.9883	-79.9883	-79.9883	-79.9883	-79.9883	-79.9883	-79.9883	-79.9883	-79.9883	-79.9883	-79.9884	-79.9887
0.245	-79.9984	-79.9916	-79.9893	-79.9886	-79.9883	-79.9883	-79.9882	-79.9882	-79.9882	-79.9882	-79.9882	-79.9882	-79.9882	-79.9882	-79.9882	-79.9882	-79.9882	-79.9882	-79.9882	-79.9882	-79.9882	-79.9882	-79.9882	-79.9882	-79.9882	-79.9882	-79.9882	-79.9882	-79.9882	-79.9882	-79.9882	-79.9882	-79.9882	-79.9883	-79.9884	-79.9886
0.25	-79.9984	-79.9916	-79.9893	-79.9885	-79.9883	-79.9882	-79.9882	-79.9882	-79.9882	-79.9882	-79.9882	-79.9882	-79.9882	-79.9882	-79.9882	-79.9882	-79.9882	-79.9882	-79.9882	-79.9882	-79.9882	-79.9882	-79.9882	-79.9882	-79.9882	-79.9882	-79.9882	-79.9882	-79.9882	-79.9882	-79.9882	-79.9882	-79.9882	-79.9882	-79.9883	-79.9886
0.255	-79.9984	-79.9916	-79.9892	-79.9884	-79.9882	-79.9881	-79.9881	-79.9881	-79.9881	-79.9881	-79.9881	-79.9881	-79.9881	-79.9881	-79.9881	-79.9881	-79.9881	-79.9881	-79.9881	-79.9881	-79.9881	-79.9881	-79.9881	-79.9881	-79.9881	-79.9881	-79.9881	-79.9881	-79.9881	-79.9881	-79.9881	-79.9881	-79.9881	-79.9881	-79.9882	-79.9885
0.26	-79.9984	-79.9915	-79.9892	-79.9884	-79.9881	-79.988	-79.988	-79.988	-79.988	-79.988	-79.988	-79.988	-79.988	-79.988	-79.988	-79.988	-79.988	-79.988	-79.988	-79.988	-79.988	-79.988	-79.988	-79.988	-79.988	-79.988	-79.988	-79.988	-79.988	-79.988	-79.988	-79.988	-79.988	-79.9881	-79.9882	-79.9884
0.265	-79.9984	-79.9915	-79.9891	-79.9883	-79.9881	-79.988	-79.988	-79.9879	-79.9879	-79.9879	-79.9879	-79.9879	-79.9879	-79.9879	-79.9879	-79.9879	-79.9879	-79.9879	-79.9879	-79.9879	-79.9879	-79.9879	-79.9879	-79.9879	-79.9879	-79.9879	-79.9879	-79.9879	-79.9879	-79.9879	-79.9879	-79.9879	-79.988	-79.988	-79.9881	-79.9884
0.27	-79.9984	-79.9915	-79.9891	-79.9883	-79.988	-79.9879	-79.9879	-79.9879	-79.9879	-79.9879	-79.9879	-79.9879	-79.9879	-79.9879	-79.9879	-79.9879	-79.9879	-79.9879	-79.9879	-79.9879	-79.9879	-79.9879	-79.9879	-79.9879	-79.9879	-79.9879	-79.9879	-79.9879	-79.9879	-79.9879	-79.9879	-79.9879	-79.9879	-79.9879	-79.988	-79.9883
0.275	-79.9984	-79.9914	-79.989	-79.9882	-79.9879	-79.9878	-79.9878	-79.9878	-79.9878	-79.9878	-79.9878	-79.9878	-79.9878	-79.9878	-79.9878	-79.9878	-79.9878	-79.9878	-79.9878	-79.9878	-79.9878	-79.9878	-79.9878	-79.9878	-79.9878	-79.9878	-79.9878	-79.9878	-79.9878	-79.9878	-79.9878	-79.9878	-79.9878	-79.9879	-79.988	-79.9882
0.28	-79.9984	-79.9914	-79.989	-79.9881	-79.9879	-79.9878	-79.9877	-79.9877	-79.9877	-79.9877	-79.9877	-79.9877	-79.9877	-79.9877	-79.9877	-79.9877	-79.9877	-79.9877	-79.9877	-79.9877	-79.9877	-79.9877	-79.9877	-79.9877	-79.9877	-79.9877	-79.9877	-79.9877	-79.9877	-79.9877	-79.9877	-79.9877	-79.9878	-79.9878	-79.9879	-79.9882
0.285	-79.9984	-79.9914	-79.9889	-79.9881	-79.9878	-79.9877	-79.9877	-79.9877	-79.9877	-79.9877	-79.9877	-79.9877	-79.9877	-79.9877	-79.9877	-79.9877	-79.9877	-79.9877	-79.9877	-79.9877	-79.9877	-79.9877	-79.9877	-79.9877	-79.9877	-79.9877	-79.9877	-79.9877	-79.9877	-79.9877	-79.9877	-79.9877	-79.9877	-79.9877	-79.9878	-79.9881
0.29	-79.9984	-79.9913	-79.9889	-79.988	-79.9877	-79.9876	-79.9876	-79.9876	-79.9876	-79.9876	-79.9876	-79.9876	-79.9876	-79.9876	-79.9876	-79.9876	-79.9876	-79.9876	-79.9876	-79.9876	-79.9876	-79.9876	-79.9876	-79.9876	-79.9876	-79.9876	-79.9876	-79.9876	-79.9876	-79.9876	-79.9876	-79.9876	-79.9876	-79.9877	-79.9878	-79.9881
0.295	-79.9984	-79.9913	-79.9888	-79.988	-79.9877	-79.9876	-79.9876	-79.9875	-79.9875	-79.9875	-79.9875	-79.9875	-79.9875	-79.9875	-79.9875	-79.9875	-79.9875	-79.9875	-79.9875	-79.9875	-79.9875	-79.9875	-79.9875	-79.9875	-79.9875	-79.9875	-79.9875	-79.9875	-79.9875	-79.9875	-79.9875	-79.9875	-79.9876	-79.9876	-79.9877	-79.988
0.3	-79.9984	-79.9913	-79.9888	-79.9879	-79.9876	-79.9875	-79.9875	-79.9875	-79.9875	-79.9875	-79.9875	-79.9875	-79.9875	-79.9875	-79.9875	-79.9875	-79.9875	-79.9875	-79.9875	-79.9875	-79.9875	-79.9875	-79.9875	-79.9875	-79.9875	-79.9875	-79.9875	-79.9875	-79.9875	-79.9875	-79.9875	-79.9875	-79.9875	-79.9875	-79.9876	-79.9879
0.305	-79.9984	-79.9912	-79.9887	-79.9878	-79.9876	-79.9875	-79.9874	-79.9874	-79.9874	-79.9874	-79.9874	-79.9874	-79.9874	-79.9874	-79.9874	-79.9874	-79.9874	-79.9874	-79.9874	-79.9874	-79.9874	-79.9874	-79.9874	-79.9874	-79.9874	-79.9874	-79.9874	-79.9874	-79.9874	-79.9874	-79.9874	-79.9874	-79.9874	-79.9875	-79.9876	-79.9879
0.31	-79.9984	-79.9912	-79.9887	-79.9878	-79.9875	-79.9874	-79.9874	-79.9874	-79.9874	-79.9874	-79.9874	-79.9874	-79.9874	-79.9874	-79.9874	-79.9874	-79.9874	-79.9874	-79.9874	-79.9874	-79.9874	-79.9874	-79.9874	-79.9874	-79.9874	-79.9874	-79.9874	-79.9874	-79.9874	-79.9874	-79.9874	-79.9874	-79.9874	-79.9874	-79.9875	-79.9878
0.315	-79.9984	-79.9912	-79.9886	-79.9877	-79.9874	-79.9873	-79.9873	-79.9873	-79.9873	-79.9873	-79.9873	-79.9873	-79.9873	-79.9873	-79.9873	-79.9873	-79.9873	-79.9873	-79.9873	-79.9873	-79.9873	-79.9873	-79.9873	-79.9873	-79.9873	-79.9873	-79.9873	-79.9873	-79.9873	-79.9873	-79.9873	-79.9873	-79.9873	-79.9874	-79.9875	-79.9878
0.32	-79.9984	-79.9912	-79.9886	-79.9877	-79.9874	-79.9873	-79.9873	-79.9872	-79.9872	-79.9872	-79.9872	-79.9872	-79.9872	-79.9872	-79.9872	-79.9872	-79.9872	-79.9872	-79.9872	-79.9872	-79.9872	-79.9872	-79.9872	-79.9872	-79.9872	-79.9872	-79.9872	-79.9872	-79.9872	-79.9872	-79.9872	-79.9872	-79.9873	-79.9873	-79.9874	-79.9877
0.325	-79.9984	-79.9911	-79.9885	-79.9876	-79.9873	-79.9872	-79.9872	-79.9872	-79.9872	-79.9872	-79.9872	-79.9872	-79.9872	-79.9872	-79.9872	-79.9872	-79.9872	-79.9872	-79.9872	-79.9872	-79.9872	-79.9872	-79.9872	-79.9872	-79.9872	-79.9872	-79.9872	-79.9872	-79.9872	-79.9872	-79.9872	-79.9872	-79.9872	-79.9872	-79.9873	-79.9876
0.33	-79.9984	-79.9911	-79.9885	-79.9876	-79.9873	-79.9872	-79.9871	-79.9871	-79.9871	-79.9871	-79.9871	-79.9871	-79.9871	-79.9871	-79.9871	-79.9871	-79.9871	-79.9871	-79.9871	-79.9871	-79.9871	-79.9871	-79.9871	-79.9871	-79.9871	-79.9871	-79.9871	-79.9871	-79.9871	-79.9871	-79.9871	-79.9871	-79.9871	-79.9872	-79.9873	-79.9876
0.335	-79.9984	-79.9911	-79.9884	-79.9875	-79.9872	-79.9871	-79.9871	-79.9871	-79.9871	-79.9871	-79.9871	-79.9871	-79.9871	-79.9871	-79.9871	-79.9871	-79.9871	-79.9871	-79.9871	-79.9871	-79.9871	-79.9871	-79.9871	-79.9871	-79.9871	-79.9871	-79.9871	-79.9871	-79.9871	-79.9871	-79.9871	-79.9871	-79.9871	-79.9871	-79.9872	-79.9875
0.34	-79.9984	-79.9911	-79.9884	-79.9875	-79.9872	-79.9871	-79.987	-79.987	-79.987	-79.987	-79.987	-79.987	-79.987	-79.987	-79.987	-79.987	-79.987	-79.987	-79.987	-79.987	-79.987	-79.987	-79.987	-79.987	-79.987	-79.987	-79.987	-79.987	-79.987	-79.987	-79.987	-79.987	-79.987	-79.9871	-79.9872	-79.9875
0.345	-79.9984	-79.991	-79.9884	-79.9874	-79.9871	-79.987	-79.987	-79.987	-79.987	-79.987	-79.987	-79.987	-79.987	-79.987	-79.987	-79.987	-79.987	-79.987	-79.987	-79.987	-79.987	-79.987	-79.987	-79.987	-79.987	-79.987	-79.987	-79.987	-79.987	-79.987	-79.987	-79.987	-79.987	-79.987	-79.9871	-79.9874
0.35	-79.9984	-79.991	-79.9883	-79.9874	-79.9871	-79.9869	-79.9869	-79.9869	-79.9869	-79.9869	-79.9869	-79.9869	-79.9869	-79.9869	-79.9869	-79.9869	-79.9869	-79.9869	-79.9869	-79.9869	-79.9869	-79.9869	-79.9869	-79.9869	-79.9869	-79.9869	-79.9869	-79.9869	-79.9869	-79.9869	-79.9869	-79.9869	-79.9869	-79.987	-79.9871	-79.9874
0.355	-79.9984	-79.991	-79.9883	-79.9873	-79.987	-79.9869	-79.9869	-79.9868	-79.9868	-79.9868	-79.9868	-79.9868	-79.9868	-79.9868	-79.9868	-79.9868	-79.9868	-79.9868	-79.9868	-79.9868	-79.9868	-79.9868	-79.9868	-79.9868	-79.9868	-79.9868	-79.9868	-79.9868	-79.9868	-79.9868	-79.9868	-79.9868	-79.9869	-79.9869	-79.987	-79.9873
0.36	-79.9984	-79.991	-79.9882	-79.9873	-79.987	-79.9868	-79.9868	-79.9868	-79.9868	-79.9868	-79.9868	-79.9868	-79.9868	-79.9868	-79.9868	-79.9868	-79.9868	-79.9868	-79.9868	-79.9868	-79.9868	-79.9868	-79.9868	-79.9868	-79.9868	-79.9868	-79.9868	-79.9868	-79.9868	-79.9868	-79.9868	-79.9868	-79.9868	-79.9868	-79.987	-79.9873
0.365	-79.9984	-79.9909	-79.9882	-79.9872	-79.9869	-79.9868	-79.9868	-79.9867	-79.9867	-79.9867	-79.9867	-79.9867	-79.9867	-79.9867	-79.9867	-79.9867	-79.9867	-79.9867	-79.9867	-79.9867	-79.9867	-79.9867	-79.9867	-79.9867	-79.9867	-79.9867	-79.9867	-79.9867	-79.9867	-79.9867	-79.9867	-79.9867	-79.9868	-79.9868	-79.9869	-79.9872
0.37	-79.9984	-79.9909	-79.9882	-79.9872	-79.9869	-79.9867	-79.9867	-79.9867	-79.9867	-79.9867	-79.9867	-79.9867	-79.9867	-79.9867	-79.9867	-79.9867	-79.9867	-79.9867	-79.9867	-79.9867	-79.9867	-79.9867	-79.9867	-79.9867	-79.9867	-79.9867	-79.9867	-79.9867	-79.9867	-79.9867	-79.9867	-79.9867	-79.9867	-79.9867	-79.9869	-79.9872
0.375	-79.9984	-79.9909	-79.9881	-79.9871	-79.9868	-79.9867	-79.9866	-79.9866	-79.9866	-79.9866	-79.9866	-79.9866	-79.9866	-79.9866	-79.9866	-79.9866	-79.9866	-79.9866	-79.9866	-79.9866	-79.9866	-79.9866	-79.9866	-79.9866	-79.9866	-79.9866	-79.9866	-79.9866	-79.9866	-79.9866	-79.9866	-79.9866	-79.9867	-79.9867	-79.9868	-79.9871
0.38	-79.9984	-79.9909	-79.9881	-79.9871	-79.9868	-79.9866	-79.9866	-79.9866	-79.9866	-79.9866	-79.9866	-79.9866	-79.9866	-79.9866	-79.9866	-79.9866	-79.9866	-79.9866	-79.9866	-79.9866	-79.9866	-79.9866	-79.9866	-79.9866	-79.9866	-79.9866	-79.9866	-79.9866	-79.9866	-79.9866	-79.9866	-79.9866	-79.9866	-79.9866	-79.9868	-79.9871
0.385	-79.9984	-79.9908	-79.988	-79.9871	-79.9867	-79.9866	-79.9865	-79.9865	-79.9865	-79.9865	-79.9865	-79.9865	-79.9865	-79.9865	-79.9865	-79.9865	-79.9865	-79.9865	-79.9865	-79.9865	-79.9865	-79.9865	-79.9865	-79.9865	-79.9865	-79.9865	-79.9865	-79.9865	-79.9865	-79.9865	-79.9865	-79.9865	-79.9865	-79.9866	-79.9867	-79.987
0.39	-79.9984	-79.9908	-79.988	-79.987	-79.9867	-79.9865	-79.9865	-79.9865	-79.9865	-79.9865	-79.9865	-79.9865	-79.9865	-79.9865	-79.9865	-79.9865	-79.9865	-79.9865	-79.9865	-79.9865	-79.9865	-79.9865	-79.9865	-79.9865	-79.9865	-79.9865	-79.9865	-79.9865	-79.9865	-79.9865	-79.9865	-79.9865	-79.9865	-79.9865	-79.9867	-79.987
0.395	-79.9984	-79.9908	-79.988	-79.987	-79.9866	-79.9865	-79.9865	-79.9864	-79.9864	-79.9864	-79.9864	-79.9864	-79.9864	-79.9864	-79.9864	-79.9864	-79.9864	-79.9864	-79.9864	-79.9864	-79.9864	-79.9864	-79.9864	-79.9864	-79.9864	-79.9864	-79.9864	-79.9864	-79.9864	-79.9864	-79.9864	-79.9864	-79.9865	-79.9865	-79.9866	-79.9869
0.4	-79.9984	-79.9908	-79.9879	-79.9869	-79.9866	-79.9864	-79.9864	-79.9864	-79.9864	-79.9864	-79.9864	-79.9864	-79.9864	-79.9864	-79.9864	-79.9864	-79.9864	-79.9864	-79.9864	-79.9864	-79.9864	-79.9864	-79.9864	-79.9864	-79.9864	-79.9864	-79.9864	-79.9864	-79.9864	-79.9864	-79.9864	-79.9864	-79.9864	-79.9864	-79.9866	-79.9869
0.405	-79.9984	-79.9907	-79.9879	-79.9869	-79.9865	-79.9864	-79.9864	-79.9863	-79.9863	-79.9863	-79.9863	-79.9863	-79.9863	-79.9863	-79.9863	-79.9863	-79.9863	-79.9863	-79.9863	-79.9863	-79.9863	-79.9863	-79.9863	-79.9863	-79.9863	-79.9863	-79.9863	-79.9863	-79.9863	-79.9863	-79.9863	-79.9863	-79.9864	-79.9864	-79.9865	-79.9868
0.41	-79.9984	-79.9907	-79.9879	-79.9868	-79.9865	-79.9863	-79.9863	-79.9863	-79.9863	-79.9863	-79.9863	-79.9863	-79.9863	-79.9863	-79.9863	-79.9863	-79.9863	-79.9863	-79.9863	-79.9863	-79.9863	-79.9863	-79.9863	-79.9863	-79.9863	-79.9863	-79.9863	-79.9863	-79.9863	-79.9863	-79.9863	-79.9863	-79.9863	-79.9864	-79.9865	-79.9868
0.415	-79.9984	-79.9907	-79.9878	-79.9868	-79.9864	-79.9863	-79.9863	-79.9862	-79.9862	-79.9862	-79.9862	-79.9862	-79.9862	-79.9862	-79.9862	-79.9862	-79.9862	-79.9862	-79.9862	-79.9862	-79.9862	-79.9862	-79.9862	-79.9862	-79.9862	-79.9862	-79.9862	-79.9862	-79.9862	-79.9862	-79.9862	-79.9862	-79.9863	-79.9863	-79.9864	-79.9867
0.42	-79.9984	-79.9907	-79.9878	-79.9867	-79.9864	-79.9863	-79.9862	-79.9862	-79.9862	-79.9862	-79.9862	-79.9862	-79.9862	-79.9862	-79.9862	-79.9862	-79.9862	-79.9862	-79.9862	-79.9862	-79.9862	-79.9862	-79.9862	-79.9862	-79.9862	-79.9862	-79.9862	-79.9862	-79.9862	-79.9862	-79.9862	-79.9862	-79.9862	-79.9863	-79.9864	-79.9867
0.425	-79.9984	-79.9906	-79.9878	-79.9867	-79.9863	-79.9862	-79.9862	-79.9861	-79.9861	-79.9861	-79.9861	-79.9861	-79.9861	-79.9861	-79.9861	-79.9861	-79.9861	-79.9861	-79.9861	-79.9861	-79.9861	-79.9861	-79.9861	-79.9861	-79.9861	-79.9861	-79.9861	-79.9861	-79.9861	-79.9861	-79.9861	-79.9861	-79.9862	-79.9862	-79.9863	-79.9866
0.43	-79.9984	-79.9906	-79.9877	-79.9867	-79.9863	-79.9862	-79.9861	-79.9861	-79.9861	-79.9861	-79.9861	-79.9861	-79.9861	-79.9861	-79.9861	-79.9861	-79.9861	-79.9861	-79.9861	-79.9861	-79.9861	-79.9861	-79.9861	-79.9861	-79.9861	-79.9861	-79.9861	-79.9861	-79.9861	-79.9861	-79.9861	-79.9861	-79.9861	-79.9862	-79.9863	-79.9866
0.435	-79.9984	-79.9906	-79.9877	-79.9866	-79.9862	-79.9861	-79.9861	-79.9861	-79.986	-79.986	-79.986	-79.986	-79.986	-79.986	-79.986	-79.986	-79.986	-79.986	-79.986	-79.986	-79.986	-79.986	-79.986	-79.986	-79.986	-79.986	-79.986	-79.986	-79.986	-79.986	-79.986	-79.9861	-79.9861	-79.9861	-79.9862	-79.9866
0.44	-79.9984	-79.9906	-79.9877	-79.9866	-79.9862	-79.9861	-79.986	-79.986	-79.986	-79.986	-79.986	-79.986	-79.986	-79.986	-79.986	-79.986	-79.986	-79.986	-79.986	-79.986	-79.986	-79.986	-79.986	-79.986	-79.986	-79.986	-79.986	-79.986	-79.986	-79.986	-79.986	-79.986	-79.986	-79.9861	-79.9862	-79.9865
0.445	-79.9984	-79.9906	-79.9876	-79.9865	-79.9862	-79.986	-79.986	-79.986	-79.986	-79.986	-79.986	-79.986	-79.986	-79.986	-79.986	-79.986	-79.986	-79.986	-79.986	-79.986	-79.986	-79.986	-79.986	-79.986	-79.986	-79.986	-79.986	-79.986	-79.986	-79.986	-79.986	-79.986	-79.986	-79.986	-79.9861	-79.9865
0.45	-79.9984	-79.9905	-79.9876	-79.9865	-79.9861	-79.986	-79.9859	-79.9859	-79.9859	-79.9859	-79.9859	-79.9859	-79.9859	-79.9859	-79.9859	-79.9859	-79.9859	-79.9859	-79.9859	-79.9859	-79.9859	-79.9859	-79.9859	-79.9859	-79.9859	-79.9859	-79.9859	-79.9859	-79.9859	-79.9859	-79.9859	-79.9859	-79.9859	-79.986	-79.9861	-79.9864
0.455	-79.9984	-79.9905	-79.9875	-79.9865	-79.9861	-79.9859	-79.9859	-79.9859	-79.9859	-79.9859	-79.9859	-79.9859	-79.9859	-79.9859	-79.9859	-79.9859	-79.9859	-79.9859	-79.9859	-79.9859	-79.9859	-79.9859	-79.9859	-79.9859	-79.9859	-79.9859	-79.9859	-79.9859	-79.9859	-79.9859	-79.9859	-79.9859	-79.9859	-79.9859	-79.9861	-79.9864
0.46	-79.9984	-79.9905	-79.9875	-79.9864	-79.986	-79.9859	-79.9858	-79.9858	-79.9858	-79.9858	-79.9858	-79.9858	-79.9858	-79.9858	-79.9858	-79.9858	-79.9858	-79.9858	-79.9858	-79.9858	-79.9858	-79.9858	-79.9858	-79.9858	-79.9858	-79.9858	-79.9858	-79.9858	-79.9858	-79.9858	-79.9858	-79.9858	-79.9858	-79.9859	-79.986	-79.9863
0.465	-79.9984	-79.9905	-79.9875	-79.9864	-79.986	-79.9858	-79.9858	-79.9858	-79.9858	-79.9858	-79.9858	-79.9858	-79.9858	-79.9858	-79.9858	-79.9858	-79.9858	-79.9858	-79.9858	-79.9858	-79.9858	-79.9858	-79.9858	-79.9858	-79.9858	-79.9858	-79.9858	-79.9858	-79.9858	-79.9858	-79.9858	-79.9858	-79.9858	-79.9858	-79.986	-79.9863
0.47	-79.9984	-79.9905	-79.9875	-79.9863	-79.9859	-79.9858	-79.9858	-79.9857	-79.9857	-79.9857	-79.9857	-79.9857	-79.9857	-79.9857	-79.9857	-79.9857	-79.9857	-79.9857	-79.9857	-79.9857	-79.9857	-79.9857	-79.9857	-79.9857	-79.9857	-79.9857	-79.9857	-79.9857	-79.9857	-79.9857	-79.9857	-79.9857	-79.9858	-79.9858	-79.9859	-79.9863
0.475	-79.9984	-79.9904	-79.9874	-79.9863	-79.9859	-79.9858	-79.9857	-79.9857	-79.9857	-79.9857	-79.9857	-79.9857	-79.9857	-79.9857	-79.9857	-79.9857	-79.9857	-79.9857	-79.9857	-79.9857	-79.9857	-79.9857	-79.9857	-79.9857	-79.9857	-79.9857	-79.9857	-79.9857	-79.9857	-79.9857	-79.9857	-79.9857	-79.9857	-79.9858	-79.9859	-79.9862
0.48	-79.9984	-79.9904	-79.9874	-79.9863	-79.9859	-79.9857	-79.9857	-79.9857	-79.9856	-79.9856	-79.9856	-79.9856	-79.9856	-79.9856	-79.9856	-79.9856	-79.9856	-79.9856	-79.9856	-79.9856	-79.9856	-79.9856	-79.9856	-79.9856	-79.9856	-79.9856	-79.9856	-79.9856	-79.9856	-79.9856	-79.9856	-79.9857	-79.9857	-79.9857	-79.9858	-79.9862
0.485	-79.9984	-79.9904	-79.9874	-79.9862	-79.9858	-79.9857	-79.9856	-79.9856	-79.9856	-79.9856	-79.9856	-79.9856	-79.9856	-79.9856	-79.9856	-79.9856	-79.9856	-79.9856	-79.9856	-79.9856	-79.9856	-79.9856	-79.9856	-79.9856	-79.9856	-79.9856	-79.9856	-79.9856	-79.9856	-79.9856	-79.9856	-79.9856	-79.9856	-79.9857	-79.9858	-79.9861
0.49	-79.9984	-79.9904	-79.9873	-79.9862	-79.9858	-79.9856	-79.9856	-79.9856	-79.9856	-79.9856	-79.9856	-79.9856	-79.9856	-79.9856	-79.9856	-79.9856	-79.9856	-79.9856	-79.9856	-79.9856	-79.9856	-79.9856	-79.9856	-79.9856	-79.9856	-79.9856	-79.9856	-79.9856	-79.9856	-79.9856	-79.9856	-79.9856	-79.9856	-79.9856	-79.9858	-79.9861
0.495	-79.9984	-79.9904	-79.9873	-79.9862	-79.9857	-79.9856	-79.9855	-79.9855	-79.9855	-79.9855	-79.9855	-79.9855	-79.9855	-79.9855	-79.9855	-79.9855	-79.9855	-79.9855	-79.9855	-79.9855	-79.9855	-79.9855	-79.9855	-79.9855	-79.9855	-79.9855	-79.9855	-79.9855	-79.9855	-79.9855	-79.9855	-79.9855	-79.9855	-79.9856	-79.9857	-79.9861
0.5	-79.9984	-79.9903	-79.9873	-79.9861	-79.9857	-79.9856	-79.9855	-79.9855	-79.9855	-79.9855	-79.9855	-79.9855	-79.9855	-79.9855	-79.9855	-79.9855	-79.9855	-79.9855	-79.9855	-79.9855	-79.9855	-79.9855	-79.9855	-79.9855	-79.9855	-79.9855	-79.9855	-79.9855	-79.9855	-79.9855	-79.9855	-79.9855	-79.9855	-79.9856	-79.9857	-79.986
0.505	-79.9984	-79.9903	-79.9872	-79.9861	-79.9857	-79.9855	-79.9855	-79.9854	-79.9854	-79.9854	-79.9854	-79.9854	-79.9854	-79.9854	-79.9854	-79.9854	-79.9854	-79.9854	-79.9854	-79.9854	-79.9854	-79.9854	-79.9854	-79.9854	-79.9854	-79.9854	-79.9854	-79.9854	-79.9854	-79.9854	-79.9854	-79.9855	-79.9855	-79.9855	-79.9856	-79.986
0.51	-79.9984	-79.9903	-79.9872	-79.9861	-79.9856	-79.9855	-79.9854	-79.9854	-79.9854	-79.9854	-79.9854	-79.9854	-79.9854	-79.9854	-79.9854	-79.9854	-79.9854	-79.9854	-79.9854	-79.9854	-79.9854	-79.9854	-79.9854	-79.9854	-79.9854	-79.9854	-79.9854	-79.9854	-79.9854	-79.9854	-79.9854	-79.9854	-79.9854	-79.9855	-79.9856	-79.9859
0.515	-79.9984	-79.9903	-79.9872	-79.986	-79.9856	-79.9854	-79.9854	-79.9854	-79.9854	-79.9854	-79.9854	-79.9854	-79.9854	-79.9854	-79.9854	-79.9854	-79.9854	-79.9854	-79.9854	-79.9854	-79.9854	-79.9854	-79.9854	-79.9854	-79.9854	-79.9854	-79.9854	-79.9854	-79.9854	-79.9854	-79.9854	-79.9854	-79.9854	-79.9854	-79.9856	-79.9859
0.52	-79.9984	-79.9903	-79.9871	-79.986	-79.9855	-79.9854	-79.9853	-79.9853	-79.9853	-79.9853	-79.9853	-79.9853	-79.9853	-79.9853	-79.9853	-79.9853	-79.9853	-79.9853	-79.9853	-79.9853	-79.9853	-79.9853	-79.9853	-79.9853	-79.9853	-79.9853	-79.9853	-79.9853	-79.9853	-79.9853	-79.9853	-79.9853	-79.9853	-79.9854	-79.9855	-79.9859
0.525	-79.9984	-79.9902	-79.9871	-79.9859	-79.9855	-79.9854	-79.9853	-79.9853	-79.9853	-79.9853	-79.9853	-79.9853	-79.9853	-79.9853	-79.9853	-79.9853	-79.9853	-79.9853	-79.9853	-79.9853	-79.9853	-79.9853	-79.9853	-79.9853	-79.9853	-79.9853	-79.9853	-79.9853	-79.9853	-79.9853	-79.9853	-79.9853	-79.9853	-79.9854	-79.9855	-79.9858
0.53	-79.9984	-79.9902	-79.9871	-79.9859	-79.9855	-79.9853	-79.9853	-79.9852	-79.9852	-79.9852	-79.9852	-79.9852	-79.9852	-79.9852	-79.9852	-79.9852	-79.9852	-79.9852	-79.9852	-79.9852	-79.9852	-79.9852	-79.9852	-79.9852	-79.9852	-79.9852	-79.9852	-79.9852	-79.9852	-79.9852	-79.9852	-79.9852	-79.9853	-79.9853	-79.9854	-79.9858
0.535	-79.9984	-79.9902	-79.9871	-79.9859	-79.9854	-79.9853	-79.9852	-79.9852	-79.9852	-79.9852	-79.9852	-79.9852	-79.9852	-79.9852	-79.9852	-79.9852	-79.9852	-79.9852	-79.9852	-79.9852	-79.9852	-79.9852	-79.9852	-79.9852	-79.9852	-79.9852	-79.9852	-79.9852	-79.9852	-79.9852	-79.9852	-79.9852	-79.9852	-79.9853	-79.9854	-79.9858
0.54	-79.9984	-79.9902	-79.987	-79.9858	-79.9854	-79.9852	-79.9852	-79.9852	-79.9852	-79.9852	-79.9852	-79.9852	-79.9852	-79.9852	-79.9852	-79.9852	-79.9852	-79.9852	-79.9852	-79.9852	-79.9852	-79.9852	-79.9852	-79.9852	-79.9852	-79.9852	-79.9852	-79.9852	-79.9852	-79.9852	-79.9852	-79.9852	-79.9852	-79.9852	-79.9854	-79.9857
0.545	-79.9984	-79.9902	-79.987	-79.9858	-79.9854	-79.9852	-79.9851	-79.9851	-79.9851	-79.9851	-79.9851	-79.9851	-79.9851	-79.9851	-79.9851	-79.9851	-79.9851	-79.9851	-79.9851	-79.9851	-79.9851	-79.9851	-79.9851	-79.9851	-79.9851	-79.9851	-79.9851	-79.9851	-79.9851	-79.9851	-79.9851	-79.9851	-79.9851	-79.9852	-79.9853	-79.9857
0.55	-79.9984	-79.9902	-79.987	-79.9858	-79.9853	-79.9852	-79.9851	-79.9851	-79.9851	-79.9851	-79.9851	-79.9851	-79.9851	-79.9851	-79.9851	-79.9851	-79.9851	-79.9851	-79.9851	-79.9851	-79.9851	-79.9851	-79.9851	-79.9851	-79.9851	-79.9851	-79.9851	-79.9851	-79.9851	-79.9851	-79.9851	-79.9851	-79.9851	-79.9852	-79.9853	-79.9856
0.555	-79.9984	-79.9901	-79.9869	-79.9857	-79.9853	-79.9851	-79.9851	-79.9851	-79.985	-79.985	-79.985	-79.985	-79.985	-79.985	-79.985	-79.985	-79.985	-79.985	-79.985	-79.985	-79.985	-79.985	-79.985	-79.985	-79.985	-79.985	-79.985	-79.985	-79.985	-79.985	-79.985	-79.9851	-79.9851	-79.9851	-79.9853	-79.9856
0.56	-79.9984	-79.9901	-79.9869	-79.9857	-79.9853	-79.9851	-79.985	-79.985	-79.985	-79.985	-79.985	-79.985	-79.985	-79.985	-79.985	-79.985	-79.985	-79.985	-79.985	-79.985	-79.985	-79.985	-79.985	-79.985	-79.985	-79.985	-79.985	-79.985	-79.985	-79.985	-79.985	-79.985	-79.985	-79.9851	-79.9852	-79.9856
0.565	-79.9984	-79.9901	-79.9869	-79.9857	-79.9852	-79.9851	-79.985	-79.985	-79.985	-79.985	-79.985	-79.985	-79.985	-79.985	-79.985	-79.985	-79.985	-79.985	-79.985	-79.985	-79.985	-79.985	-79.985	-79.985	-79.985	-79.985	-79.985	-79.985	-79.985	-79.985	-79.985	-79.985	-79.985	-79.985	-79.9852	-79.9855
0.57	-79.9984	-79.9901	-79.9869	-79.9856	-79.9852	-79.985	-79.985	-79.9849	-79.9849	-79.9849	-79.9849	-79.9849	-79.9849	-79.9849	-79.9849	-79.9849	-79.9849	-79.9849	-79.9849	-79.9849	-79.9849	-79.9849	-79.9849	-79.9849	-79.9849	-79.9849	-79.9849	-79.9849	-79.9849	-79.9849	-79.9849	-79.9849	-79.985	-79.985	-79.9851	-79.9855
0.575	-79.9984	-79.9901	-79.9868	-79.9856	-79.9851	-79.985	-79.9849	-79.9849	-79.9849	-79.9849	-79.9849	-79.9849	-79.9849	-79.9849	-79.9849	-79.9849	-79.9849	-79.9849	-79.9849	-79.9849	-79.9849	-79.9849	-79.9849	-79.9849	-79.9849	-79.9849	-79.9849	-79.9849	-79.9849	-79.9849	-79.9849	-79.9849	-79.9849	-79.985	-79.9851	-79.9855
0.58	-79.9984	-79.9901	-79.9868	-79.9856	-79.9851	-79.9849	-79.9849	-79.9849	-79.9849	-79.9849	-79.9848	-79.9848	-79.9848	-79.9848	-79.9848	-79.9848	-79.9848	-79.9848	-79.9848	-79.9848	-79.9848	-79.9848	-79.9848	-79.9848	-79.9848	-79.9848	-79.9848	-79.9848	-79.9849	-79.9849	-79.9849	-79.9849	-79.9849	-79.9849	-79.9851	-79.9854
0.585	-79.9984	-79.99	-79.9868	-79.9855	-79.9851	-79.9849	-79.9848	-79.9848	-79.9848	-79.9848	-79.9848	-79.9848	-79.9848	-79.9848	-79.9848	-79.9848	-79.9848	-79.9848	-79.9848	-79.9848	-79.9848	-79.9848	-79.9848	-79.9848	-79.9848	-79.9848	-79.9848	-79.9848	-79.9848	-79.9848	-79.9848	-79.9848	-79.9848	-79.9849	-79.985	-79.9854
0.59	-79.9984	-79.99	-79.9868	-79.9855	-79.985	-79.9849	-79.9848	-79.9848	-79.9848	-79.9848	-79.9848	-79.9848	-79.9848	-79.9848	-79.9848	-79.9848	-79.9848	-79.9848	-79.9848	-79.9848	-79.9848	-79.9848	-79.9848	-79.9848	-79.9848	-79.9848	-79.9848	-79.9848	-79.9848	-79.9848	-79.9848	-79.9848	-79.9848	-79.9849	-79.985	-79.9854
0.595	-79.9984	-79.99	-79.9867	-79.9855	-79.985	-79.9848	-79.9848	-79.9847	-79.9847	-79.9847	-79.9847	-79.9847	-79.9847	-79.9847	-79.9847	-79.9847	-79.9847	-79.9847	-79.9847	-79.9847	-79.9847	-79.9847	-79.9847	-79.9847	-79.9847	-79.9847	-79.9847	-79.9847	-79.9847	-79.9847	-79.9847	-79.9847	-79.9848	-79.9848	-79.985	-79.9853
0.6	-79.9984	-79.99	-79.9867	-79.9854	-79.985	-79.9848	-79.9847	-79.9847	-79.9847	-79.9847	-79.9847	-79.9847	-79.9847	-79.9847	-79.9847	-79.9847	-79.9847	-79.9847	-79.9847	-79.9847	-79.9847	-79.9847	-79.9847	-79.9847	-79.9847	-79.9847	-79.9847	-79.9847	-79.9847	-79.9847	-79.9847	-79.9847	-79.9847	-79.9848	-79.9849	-79.9853
0.605	-79.9984	-79.99	-79.9867	-79.9854	-79.9849	-79.9848	-79.9847	-79.9847	-79.9847	-79.9847	-79.9847	-79.9847	-79.9847	-79.9847	-79.9847	-79.9847	-79.9847	-79.9847	-79.9847	-79.9847	-79.9847	-79.9847	-79.9847	-79.9847	-79.9847	-79.9847	-79.9847	-79.9847	-79.9847	-79.9847	-79.9847	-79.9847	-79.9847	-79.9848	-79.9849	-79.9853
0.61	-79.9984	-79.99	-79.9866	-79.9854	-79.9849	-79.9847	-79.9847	-79.9846	-79.9846	-79.9846	-79.9846	-79.9846	-79.9846	-79.9846	-79.9846	-79.9846	-79.9846	-79.9846	-79.9846	-79.9846	-79.9846	-79.9846	-79.9846	-79.9846	-79.9846	-79.9846	-79.9846	-79.9846	-79.9846	-79.9846	-79.9846	-79.9846	-79.9847	-79.9847	-79.9849	-79.9852
0.615	-79.9984	-79.9899	-79.9866	-79.9854	-79.9849	-79.9847	-79.9846	-79.9846	-79.9846	-79.9846	-79.9846	-79.9846	-79.9846	-79.9846	-79.9846	-79.9846	-79.9846	-79.9846	-79.9846	-79.9846	-79.9846	-79.9846	-79.9846	-79.9846	-79.9846	-79.9846	-79.9846	-79.9846	-79.9846	-79.9846	-79.9846	-79.9846	-79.9846	-79.9847	-79.9848	-79.9852
0.62	-79.9984	-79.9899	-79.9866	-79.9853	-79.9848	-79.9847	-79.9846	-79.9846	-79.9846	-79.9846	-79.9846	-79.9846	-79.9846	-79.9846	-79.9846	-79.9846	-79.9846	-79.9846	-79.9846	-79.9846	-79.9846	-79.9846	-79.9846	-79.9846	-79.9846	-79.9846	-79.9846	-79.9846	-79.9846	-79.9846	-79.9846	-79.9846	-79.9846	-79.9846	-79.9848	-79.9852
0.625	-79.9984	-79.9899	-79.9866	-79.9853	-79.9848	-79.9846	-79.9846	-79.9845	-79.9845	-79.9845	-79.9845	-79.9845	-79.9845	-79.9845	-79.9845	-79.9845	-79.9845	-79.9845	-79.9845	-79.9845	-79.9845	-79.9845	-79.9845	-79.9845	-79.9845	-79.9845	-79.9845	-79.9845	-79.9845	-79.9845	-79.9845	-79.9845	-79.9846	-79.9846	-79.9848	-79.9851
0.63	-79.9984	-79.9899	-79.9865	-79.9853	-79.9848	-79.9846	-79.9845	-79.9845	-79.9845	-79.9845	-79.9845	-79.9845	-79.9845	-79.9845	-79.9845	-79.9845	-79.9845	-79.9845	-79.9845	-79.9845	-79.9845	-79.9845	-79.9845	-79.9845	-79.9845	-79.9845	-79.9845	-79.9845	-79.9845	-79.9845	-79.9845	-79.9845	-79.9845	-79.9846	-79.9847	-79.9851
0.635	-79.9984	-79.9899	-79.9865	-79.9852	-79.9847	-79.9846	-79.9845	-79.9845	-79.9845	-79.9845	-79.9845	-79.9845	-79.9845	-79.9845	-79.9845	-79.9845	-79.9845	-79.9845	-79.9845	-79.9845	-79.9845	-79.9845	-79.9845	-79.9845	-79.9845	-79.9845	-79.9845	-79.9845	-79.9845	-79.9845	-79.9845	-79.9845	-79.9845	-79.9845	-79.9847	-79.9851
0.64	-79.9984	-79.9899	-79.9865	-79.9852	-79.9847	-79.9845	-79.9845	-79.9844	-79.9844	-79.9844	-79.9844	-79.9844	-79.9844	-79.9844	-79.9844	-79.9844	-79.9844	-79.9844	-79.9844	-79.9844	-79.9844	-79.9844	-79.9844	-79.9844	-79.9844	-79.9844	-79.9844	-79.9844	-79.9844	-79.9844	-79.9844	-79.9844	-79.9845	-79.9845	-79.9846	-79.985
0.645	-79.9984	-79.9898	-79.9865	-79.9852	-79.9847	-79.9845	-79.9844	-79.9844	-79.9844	-79.9844	-79.9844	-79.9844	-79.9844	-79.9844	-79.9844	-79.9844	-79.9844	-79.9844	-79.9844	-79.9844	-79.9844	-79.9844	-79.9844	-79.9844	-79.9844	-79.9844	-79.9844	-79.9844	-79.9844	-79.9844	-79.9844	-79.9844	-79.9844	-79.9845	-79.9846	-79.985
0.65	-79.9984	-79.9898	-79.9864	-79.9851	-79.9846	-79.9845	-79.9844	-79.9844	-79.9844	-79.9844	-79.9844	-79.9844	-79.9844	-79.9844	-79.9844	-79.9844	-79.9844	-79.9844	-79.9844	-79.9844	-79.9844	-79.9844	-79.9844	-79.9844	-79.9844	-79.9844	-79.9844	-79.9844	-79.9844	-79.9844	-79.9844	-79.9844	-79.9844	-79.9844	-79.9846	-79.985
0.655	-79.9984	-79.9898	-79.9864	-79.9851	-79.9846	-79.9844	-79.9844	-79.9843	-79.9843	-79.9843	-79.9843	-79.9843	-79.9843	-79.9843	-79.9843	-79.9843	-79.9843	-79.9843	-79.9843	-79.9843	-79.9843	-79.9843	-79.9843	-79.9843	-79.9843	-79.9843	-79.9843	-79.9843	-79.9843	-79.9843	-79.9843	-79.9843	-79.9844	-79.9844	-79.9846	-79.9849
0.66	-79.9984	-79.9898	-79.9864	-79.9851	-79.9846	-79.9844	-79.9843	-79.9843	-79.9843	-79.9843	-79.9843	-79.9843	-79.9843	-79.9843	-79.9843	-79.9843	-79.9843	-79.9843	-79.9843	-79.9843	-79.9843	-79.9843	-79.9843	-79.9843	-79.9843	-79.9843	-79.9843	-79.9843	-79.9843	-79.9843	-79.9843	-79.9843	-79.9843	-79.9844	-79.9845	-79.9849
0.665	-79.9984	-79.9898	-79.9864	-79.985	-79.9845	-79.9844	-79.9843	-79.9843	-79.9843	-79.9843	-79.9843	-79.9842	-79.9842	-79.9842	-79.9842	-79.9842	-79.9842	-79.9842	-79.9842	-79.9842	-79.9842	-79.9842	-79.9842	-79.9842	-79.9842	-79.9842	-79.9842	-79.9842	-79.9843	-79.9843	-79.9843	-79.9843	-79.9843	-79.9843	-79.9845	-79.9849
0.67	-79.9984	-79.9898	-79.9864	-79.985	-79.9845	-79.9843	-79.9843	-79.9842	-79.9842	-79.9842	-79.9842	-79.9842	-79.9842	-79.9842	-79.9842	-79.9842	-79.9842	-79.9842	-79.9842	-79.9842	-79.9842	-79.9842	-79.9842	-79.9842	-79.9842	-79.9842	-79.9842	-79.9842	-79.9842	-79.9842	-79.9842	-79.9842	-79.9843	-79.9843	-79.9845	-79.9848
0.675	-79.9984	-79.9898	-79.9863	-79.985	-79.9845	-79.9843	-79.9842	-79.9842	-79.9842	-79.9842	-79.9842	-79.9842	-79.9842	-79.9842	-79.9842	-79.9842	-79.9842	-79.9842	-79.9842	-79.9842	-79.9842	-79.9842	-79.9842	-79.9842	-79.9842	-79.9842	-79.9842	-79.9842	-79.9842	-79.9842	-79.9842	-79.9842	-79.9842	-79.9843	-79.9844	-79.9848
0.68	-79.9984	-79.9897	-79.9863	-79.985	-79.9845	-79.9843	-79.9842	-79.9842	-79.9842	-79.9841	-79.9841	-79.9841	-79.9841	-79.9841	-79.9841	-79.9841	-79.9841	-79.9841	-79.9841	-79.9841	-79.9841	-79.9841	-79.9841	-79.9841	-79.9841	-79.9841	-79.9841	-79.9841	-79.9841	-79.9841	-79.9842	-79.9842	-79.9842	-79.9842	-79.9844	-79.9848
0.685	-79.9984	-79.9897	-79.9863	-79.9849	-79.9844	-79.9842	-79.9842	-79.9841	-79.9841	-79.9841	-79.9841	-79.9841	-79.9841	-79.9841	-79.9841	-79.9841	-79.9841	-79.9841	-79.9841	-79.9841	-79.9841	-79.9841	-79.9841	-79.9841	-79.9841	-79.9841	-79.9841	-79.9841	-79.9841	-79.9841	-79.9841	-79.9841	-79.9842	-79.9842	-79.9844	-79.9847
0.69	-79.9984	-79.9897	-79.9863	-79.9849	-79.9844	-79.9842	-79.9841	-79.9841	-79.9841	-79.9841	-79.9841	-79.9841	-79.9841	-79.9841	-79.9841	-79.9841	-79.9841	-79.9841	-79.9841	-79.9841	-79.9841	-79.9841	-79.9841	-79.9841	-79.9841	-79.9841	-79.9841	-79.9841	-79.9841	-79.9841	-79.9841	-79.9841	-79.9841	-79.9842	-79.9843	-79.9847
0.695	-79.9984	-79.9897	-79.9862	-79.9849	-79.9844	-79.9842	-79.9841	-79.9841	-79.9841	-79.9841	-79.984	-79.984	-79.984	-79.984	-79.984	-79.984	-79.984	-79.984	-79.984	-79.984	-79.984	-79.984	-79.984	-79.984	-79.984	-79.984	-79.984	-79.984	-79.984	-79.9841	-79.9841	-79.9841	-79.9841	-79.9841	-79.9843	-79.9847
0.7	-79.9984	-79.9897	-79.9862	-79.9848	-79.9843	-79.9841	-79.9841	-79.984	-79.984	-79.984	-79.984	-79.984	-79.984	-79.984	-79.984	-79.984	-79.984	-79.984	-79.984	-79.984	-79.984	-79.984	-79.984	-79.984	-79.984	-79.984	-79.984	-79.984	-79.984	-79.984	-79.984	-79.984	-79.9841	-79.9841	-79.9843	-79.9846
0.705	-79.9984	-79.9897	-79.9862	-79.9848	-79.9843	-79.9841	-79.984	-79.984	-79.984	-79.984	-79.984	-79.984	-79.984	-79.984	-79.984	-79.984	-79.984	-79.984	-79.984	-79.984	-79.984	-79.984	-79.984	-79.984	-79.984	-79.984	-79.984	-79.984	-79.984	-79.984	-79.984	-79.984	-79.984	-79.9841	-79.9842	-79.9846
0.71	-79.9984	-79.9897	-79.9862	-79.9848	-79.9843	-79.9841	-79.984	-79.984	-79.984	-79.984	-79.984	-79.984	-79.9839	-79.9839	-79.9839	-79.9839	-79.9839	-79.9839	-79.9839	-79.9839	-79.9839	-79.9839	-79.9839	-79.9839	-79.9839	-79.9839	-79.9839	-79.984	-79.984	-79.984	-79.984	-79.984	-79.984	-79.984	-79.9842	-79.9846
0.715	-79.9984	-79.9896	-79.9861	-79.9848	-79.9842	-79.984	-79.984	-79.9839	-79.9839	-79.9839	-79.9839	-79.9839	-79.9839	-79.9839	-79.9839	-79.9839	-79.9839	-79.9839	-79.9839	-79.9839	-79.9839	-79.9839	-79.9839	-79.9839	-79.9839	-79.9839	-79.9839	-79.9839	-79.9839	-79.9839	-79.9839	-79.9839	-79.984	-79.984	-79.9842	-79.9846
0.72	-79.9984	-79.9896	-79.9861	-79.9847	-79.9842	-79.984	-79.9839	-79.9839	-79.9839	-79.9839	-79.9839	-79.9839	-79.9839	-79.9839	-79.9839	-79.9839	-79.9839	-79.9839	-79.9839	-79.9839	-79.9839	-79.9839	-79.9839	-79.9839	-79.9839	-79.9839	-79.9839	-79.9839	-79.9839	-79.9839	-79.9839	-79.9839	-79.9839	-79.984	-79.9841	-79.9845
0.725	-79.9984	-79.9896	-79.9861	-79.9847	-79.9842	-79.984	-79.9839	-79.9839	-79.9839	-79.9839	-79.9839	-79.9839	-79.9839	-79.9839	-79.9839	-79.9839	-79.9839	-79.9839	-79.9839	-79.9839	-79.9839	-79.9839	-79.9839	-79.9839	-79.9839	-79.9839	-79.9839	-79.9839	-79.9839	-79.9839	-79.9839	-79.9839	-79.9839	-79.9839	-79.9841	-79.9845
0.73	-79.9984	-79.9896	-79.9861	-79.9847	-79.9841	-79.9839	-79.9839	-79.9838	-79.9838	-79.9838	-79.9838	-79.9838	-79.9838	-79.9838	-79.9838	-79.9838	-79.9838	-79.9838	-79.9838	-79.9838	-79.9838	-79.9838	-79.9838	-79.9838	-79.9838	-79.9838	-79.9838	-79.9838	-79.9838	-79.9838	-79.9838	-79.9838	-79.9839	-79.9839	-79.9841	-79.9845
0.735	-79.9984	-79.9896	-79.986	-79.9846	-79.9841	-79.9839	-79.9838	-79.9838	-79.9838	-79.9838	-79.9838	-79.9838	-79.9838	-79.9838	-79.9838	-79.9838	-79.9838	-79.9838	-79.9838	-79.9838	-79.9838	-79.9838	-79.9838	-79.9838	-79.9838	-79.9838	-79.9838	-79.9838	-79.9838	-79.9838	-79.9838	-79.9838	-79.9838	-79.9839	-79.984	-79.9844
0.74	-79.9984	-79.9896	-79.986	-79.9846	-79.9841	-79.9839	-79.9838	-79.9838	-79.9838	-79.9838	-79.9838	-79.9838	-79.9838	-79.9838	-79.9838	-79.9838	-79.9838	-79.9838	-79.9838	-79.9838	-79.9838	-79.9838	-79.9838	-79.9838	-79.9838	-79.9838	-79.9838	-79.9838	-79.9838	-79.9838	-79.9838	-79.9838	-79.9838	-79.9839	-79.984	-79.9844
0.745	-79.9984	-79.9896	-79.986	-79.9846	-79.9841	-79.9838	-79.9838	-79.9837	-79.9837	-79.9837	-79.9837	-79.9837	-79.9837	-79.9837	-79.9837	-79.9837	-79.9837	-79.9837	-79.9837	-79.9837	-79.9837	-79.9837	-79.9837	-79.9837	-79.9837	-79.9837	-79.9837	-79.9837	-79.9837	-79.9837	-79.9837	-79.9837	-79.9838	-79.9838	-79.984	-79.9844
0.75	-79.9984	-79.9895	-79.986	-79.9846	-79.984	-79.9838	-79.9837	-79.9837	-79.9837	-79.9837	-79.9837	-79.9837	-79.9837	-79.9837	-79.9837	-79.9837	-79.9837	-79.9837	-79.9837	-79.9837	-79.9837	-79.9837	-79.9837	-79.9837	-79.9837	-79.9837	-79.9837	-79.9837	-79.9837	-79.9837	-79.9837	-79.9837	-79.9837	-79.9838	-79.984	-79.9843
0.755	-79.9984	-79.9895	-79.986	-79.9845	-79.984	-79.9838	-79.9837	-79.9837	-79.9837	-79.9837	-79.9837	-79.9837	-79.9837	-79.9837	-79.9837	-79.9837	-79.9837	-79.9837	-79.9837	-79.9837	-79.9837	-79.9837	-79.9837	-79.9837	-79.9837	-79.9837	-79.9837	-79.9837	-79.9837	-79.9837	-79.9837	-79.9837	-79.9837	-79.9838	-79.9839	-79.9843
0.76	-79.9984	-79.9895	-79.9859	-79.9845	-79.984	-79.9838	-79.9837	-79.9837	-79.9836	-79.9836	-79.9836	-79.9836	-79.9836	-79.9836	-79.9836	-79.9836	-79.9836	-79.9836	-79.9836	-79.9836	-79.9836	-79.9836	-79.9836	-79.9836	-79.9836	-79.9836	-79.9836	-79.9836	-79.9836	-79.9836	-79.9836	-79.9837	-79.9837	-79.9837	-79.9839	-79.9843
0.765	-79.9984	-79.9895	-79.9859	-79.9845	-79.9839	-79.9837	-79.9837	-79.9836	-79.9836	-79.9836	-79.9836	-79.9836	-79.9836	-79.9836	-79.9836	-79.9836	-79.9836	-79.9836	-79.9836	-79.9836	-79.9836	-79.9836	-79.9836	-79.9836	-79.9836	-79.9836	-79.9836	-79.9836	-79.9836	-79.9836	-79.9836	-79.9836	-79.9836	-79.9837	-79.9839	-79.9843
0.77	-79.9984	-79.9895	-79.9859	-79.9845	-79.9839	-79.9837	-79.9836	-79.9836	-79.9836	-79.9836	-79.9836	-79.9836	-79.9836	-79.9836	-79.9836	-79.9836	-79.9836	-79.9836	-79.9836	-79.9836	-79.9836	-79.9836	-79.9836	-79.9836	-79.9836	-79.9836	-79.9836	-79.9836	-79.9836	-79.9836	-79.9836	-79.9836	-79.9836	-79.9837	-79.9838	-79.9842
0.775	-79.9984	-79.9895	-79.9859	-79.9844	-79.9839	-79.9837	-79.9836	-79.9836	-79.9836	-79.9835	-79.9835	-79.9835	-79.9835	-79.9835	-79.9835	-79.9835	-79.9835	-79.9835	-79.9835	-79.9835	-79.9835	-79.9835	-79.9835	-79.9835	-79.9835	-79.9835	-79.9835	-79.9835	-79.9835	-79.9835	-79.9836	-79.9836	-79.9836	-79.9836	-79.9838	-79.9842
0.78	-79.9984	-79.9895	-79.9858	-79.9844	-79.9839	-79.9836	-79.9836	-79.9835	-79.9835	-79.9835	-79.9835	-79.9835	-79.9835	-79.9835	-79.9835	-79.9835	-79.9835	-79.9835	-79.9835	-79.9835	-79.9835	-79.9835	-79.9835	-79.9835	-79.9835	-79.9835	-79.9835	-79.9835	-79.9835	-79.9835	-79.9835	-79.9835	-79.9836	-79.9836	-79.9838	-79.9842
0.785	-79.9984	-79.9894	-79.9858	-79.9844	-79.9838	-79.9836	-79.9835	-79.9835	-79.9835	-79.9835	-79.9835	-79.9835	-79.9835	-79.9835	-79.9835	-79.9835	-79.9835	-79.9835	-79.9835	-79.9835	-79.9835	-79.9835	-79.9835	-79.9835	-79.9835	-79.9835	-79.9835	-79.9835	-79.9835	-79.9835	-79.9835	-79.9835	-79.9835	-79.9836	-79.9837	-79.9841
0.79	-79.9984	-79.9894	-79.9858	-79.9844	-79.9838	-79.9836	-79.9835	-79.9835	-79.9835	-79.9835	-79.9835	-79.9835	-79.9835	-79.9835	-79.9835	-79.9835	-79.9835	-79.9835	-79.9835	-79.9835	-79.9835	-79.9835	-79.9835	-79.9835	-79.9835	-79.9835	-79.9835	-79.9835	-79.9835	-79.9835	-79.9835	-79.9835	-79.9835	-79.9836	-79.9837	-79.9841
0.795	-79.9984	-79.9894	-79.9858	-79.9843	-79.9838	-79.9836	-79.9835	-79.9834	-79.9834	-79.9834	-79.9834	-79.9834	-79.9834	-79.9834	-79.9834	-79.9834	-79.9834	-79.9834	-79.9834	-79.9834	-79.9834	-79.9834	-79.9834	-79.9834	-79.9834	-79.9834	-79.9834	-79.9834	-79.9834	-79.9834	-79.9834	-79.9834	-79.9835	-79.9835	-79.9837	-79.9841
0.8	-79.9984	-79.9894	-79.9858	-79.9843	-79.9837	-79.9835	-79.9834	-79.9834	-79.9834	-79.9834	-79.9834	-79.9834	-79.9834	-79.9834	-79.9834	-79.9834	-79.9834	-79.9834	-79.9834	-79.9834	-79.9834	-79.9834	-79.9834	-79.9834	-79.9834	-79.9834	-79.9834	-79.9834	-79.9834	-79.9834	-79.9834	-79.9834	-79.9834	-79.9835	-79.9837	-79.9841
0.805	-79.9984	-79.9894	-79.9857	-79.9843	-79.9837	-79.9835	-79.9834	-79.9834	-79.9834	-79.9834	-79.9834	-79.9834	-79.9834	-79.9834	-79.9834	-79.9834	-79.9834	-79.9834	-79.9834	-79.9834	-79.9834	-79.9834	-79.9834	-79.9834	-79.9834	-79.9834	-79.9834	-79.9834	-79.9834	-79.9834	-79.9834	-79.9834	-79.9834	-79.9835	-79.9836	-79.984
0.81	-79.9984	-79.9894	-79.9857	-79.9843	-79.9837	-79.9835	-79.9834	-79.9834	-79.9833	-79.9833	-79.9833	-79.9833	-79.9833	-79.9833	-79.9833	-79.9833	-79.9833	-79.9833	-79.9833	-79.9833	-79.9833	-79.9833	-79.9833	-79.9833	-79.9833	-79.9833	-79.9833	-79.9833	-79.9833	-79.9833	-79.9833	-79.9834	-79.9834	-79.9834	-79.9836	-79.984
0.815	-79.9984	-79.9894	-79.9857	-79.9842	-79.9837	-79.9834	-79.9834	-79.9833	-79.9833	-79.9833	-79.9833	-79.9833	-79.9833	-79.9833	-79.9833	-79.9833	-79.9833	-79.9833	-79.9833	-79.9833	-79.9833	-79.9833	-79.9833	-79.9833	-79.9833	-79.9833	-79.9833	-79.9833	-79.9833	-79.9833	-79.9833	-79.9833	-79.9833	-79.9834	-79.9836	-79.984
0.82	-79.9984	-79.9894	-79.9857	-79.9842	-79.9836	-79.9834	-79.9833	-79.9833	-79.9833	-79.9833	-79.9833	-79.9833	-79.9833	-79.9833	-79.9833	-79.9833	-79.9833	-79.9833	-79.9833	-79.9833	-79.9833	-79.9833	-79.9833	-79.9833	-79.9833	-79.9833	-79.9833	-79.9833	-79.9833	-79.9833	-79.9833	-79.9833	-79.9833	-79.9834	-79.9835	-79.9839
0.825	-79.9984	-79.9893	-79.9857	-79.9842	-79.9836	-79.9834	-79.9833	-79.9833	-79.9833	-79.9832	-79.9832	-79.9832	-79.9832	-79.9832	-79.9832	-79.9832	-79.9832	-79.9832	-79.9832	-79.9832	-79.9832	-79.9832	-79.9832	-79.9832	-79.9832	-79.9832	-79.9832	-79.9832	-79.9832	-79.9832	-79.9833	-79.9833	-79.9833	-79.9834	-79.9835	-79.9839
0.83	-79.9984	-79.9893	-79.9856	-79.9842	-79.9836	-79.9834	-79.9833	-79.9832	-79.9832	-79.9832	-79.9832	-79.9832	-79.9832	-79.9832	-79.9832	-79.9832	-79.9832	-79.9832	-79.9832	-79.9832	-79.9832	-79.9832	-79.9832	-79.9832	-79.9832	-79.9832	-79.9832	-79.9832	-79.9832	-79.9832	-79.9832	-79.9832	-79.9833	-79.9833	-79.9835	-79.9839
0.835	-79.9984	-79.9893	-79.9856	-79.9841	-79.9836	-79.9833	-79.9832	-79.9832	-79.9832	-79.9832	-79.9832	-79.9832	-79.9832	-79.9832	-79.9832	-79.9832	-79.9832	-79.9832	-79.9832	-79.9832	-79.9832	-79.9832	-79.9832	-79.9832	-79.9832	-79.9832	-79.9832	-79.9832	-79.9832	-79.9832	-79.9832	-79.9832	-79.9832	-79.9833	-79.9835	-79.9839
0.84	-79.9984	-79.9893	-79.9856	-79.9841	-79.9835	-79.9833	-79.9832	-79.9832	-79.9832	-79.9832	-79.9832	-79.9832	-79.9832	-79.9832	-79.9832	-79.9832	-79.9832	-79.9832	-79.9832	-79.9832	-79.9832	-79.9832	-79.9832	-79.9832	-79.9832	-79.9832	-79.9832	-79.9832	-79.9832	-79.9832	-79.9832	-79.9832	-79.9832	-79.9833	-79.9834	-79.9838
0.845	-79.9984	-79.9893	-79.9856	-79.9841	-79.9835	-79.9833	-79.9832	-79.9831	-79.9831	-79.9831	-79.9831	-79.9831	-79.9831	-79.9831	-79.9831	-79.9831	-79.9831	-79.9831	-79.9831	-79.9831	-79.9831	-79.9831	-79.9831	-79.9831	-79.9831	-79.9831	-79.9831	-79.9831	-79.9831	-79.9831	-79.9831	-79.9831	-79.9832	-79.9832	-79.9834	-79.9838
0.85	-79.9984	-79.9893	-79.9855	-79.9841	-79.9835	-79.9832	-79.9832	-79.9831	-79.9831	-79.9831	-79.9831	-79.9831	-79.9831	-79.9831	-79.9831	-79.9831	-79.9831	-79.9831	-79.9831	-79.9831	-79.9831	-79.9831	-79.9831	-79.9831	-79.9831	-79.9831	-79.9831	-79.9831	-79.9831	-79.9831	-79.9831	-79.9831	-79.9831	-79.9832	-79.9834	-79.9838
0.855	-79.9984	-79.9893	-79.9855	-79.984	-79.9834	-79.9832	-79.9831	-79.9831	-79.9831	-79.9831	-79.9831	-79.9831	-79.9831	-79.9831	-79.9831	-79.9831	-79.9831	-79.9831	-79.9831	-79.9831	-79.9831	-79.9831	-79.9831	-79.9831	-79.9831	-79.9831	-79.9831	-79.9831	-79.9831	-79.9831	-79.9831	-79.9831	-79.9831	-79.9832	-79.9833	-79.9838
0.86	-79.9984	-79.9893	-79.9855	-79.984	-79.9834	-79.9832	-79.9831	-79.9831	-79.9831	-79.983	-79.983	-79.983	-79.983	-79.983	-79.983	-79.983	-79.983	-79.983	-79.983	-79.983	-79.983	-79.983	-79.983	-79.983	-79.983	-79.983	-79.983	-79.983	-79.983	-79.983	-79.983	-79.9831	-79.9831	-79.9832	-79.9833	-79.9837
0.865	-79.9984	-79.9892	-79.9855	-79.984	-79.9834	-79.9832	-79.9831	-79.983	-79.983	-79.983	-79.983	-79.983	-79.983	-79.983	-79.983	-79.983	-79.983	-79.983	-79.983	-79.983	-79.983	-79.983	-79.983	-79.983	-79.983	-79.983	-79.983	-79.983	-79.983	-79.983	-79.983	-79.983	-79.9831	-79.9831	-79.9833	-79.9837
0.87	-79.9984	-79.9892	-79.9855	-79.984	-79.9834	-79.9831	-79.983	-79.983	-79.983	-79.983	-79.983	-79.983	-79.983	-79.983	-79.983	-79.983	-79.983	-79.983	-79.983	-79.983	-79.983	-79.983	-79.983	-79.983	-79.983	-79.983	-79.983	-79.983	-79.983	-79.983	-79.983	-79.983	-79.983	-79.9831	-79.9833	-79.9837
0.875	-79.9984	-79.9892	-79.9855	-79.9839	-79.9833	-79.9831	-79.983	-79.983	-79.983	-79.983	-79.983	-79.983	-79.983	-79.983	-79.983	-79.983	-79.983	-79.983	-79.983	-79.983	-79.983	-79.983	-79.983	-79.983	-79.983	-79.983	-79.983	-79.983	-79.983	-79.983	-79.983	-79.983	-79.983	-79.9831	-79.9832	-79.9837
0.88	-79.9984	-79.9892	-79.9854	-79.9839	-79.9833	-79.9831	-79.983	-79.983	-79.9829	-79.9829	-79.9829	-79.9829	-79.9829	-79.9829	-79.9829	-79.9829	-79.9829	-79.9829	-79.9829	-79.9829	-79.9829	-79.9829	-79.9829	-79.9829	-79.9829	-79.9829	-79.9829	-79.9829	-79.9829	-79.9829	-79.9829	-79.9829	-79.983	-79.983	-79.9832	-79.9836
0.885	-79.9984	-79.9892	-79.9854	-79.9839	-79.9833	-79.983	-79.983	-79.9829	-79.9829	-79.9829	-79.9829	-79.9829	-79.9829	-79.9829	-79.9829	-79.9829	-79.9829	-79.9829	-79.9829	-79.9829	-79.9829	-79.9829	-79.9829	-79.9829	-79.9829	-79.9829	-79.9829	-79.9829	-79.9829	-79.9829	-79.9829	-79.9829	-79.9829	-79.983	-79.9832	-79.9836
0.89	-79.9984	-79.9892	-79.9854	-79.9839	-79.9833	-79.983	-79.9829	-79.9829	-79.9829	-79.9829	-79.9829	-79.9829	-79.9829	-79.9829	-79.9829	-79.9829	-79.9829	-79.9829	-79.9829	-79.9829	-79.9829	-79.9829	-79.9829	-79.9829	-79.9829	-79.9829	-79.9829	-79.9829	-79.9829	-79.9829	-79.9829	-79.9829	-79.9829	-79.983	-79.9832	-79.9836
0.895	-79.9984	-79.9892	-79.9854	-79.9838	-79.9832	-79.983	-79.9829	-79.9829	-79.9829	-79.9828	-79.9828	-79.9828	-79.9828	-79.9828	-79.9828	-79.9828	-79.9828	-79.9828	-79.9828	-79.9828	-79.9828	-79.9828	-79.9828	-79.9828	-79.9828	-79.9828	-79.9828	-79.9828	-79.9828	-79.9828	-79.9829	-79.9829	-79.9829	-79.983	-79.9831	-79.9835
0.9	-79.9984	-79.9892	-79.9854	-79.9838	-79.9832	-79.983	-79.9829	-79.9828	-79.9828	-79.9828	-79.9828	-79.9828	-79.9828	-79.9828	-79.9828	-79.9828	-79.9828	-79.9828	-79.9828	-79.9828	-79.9828	-79.9828	-79.9828	-79.9828	-79.9828	-79.9828	-79.9828	-79.9828	-79.9828	-79.9828	-79.9828	-79.9828	-79.9829	-79.9829	-79.9831	-79.9835
0.905	-79.9984	-79.9892	-79.9853	-79.9838	-79.9832	-79.9829	-79.9828	-79.9828	-79.9828	-79.9828	-79.9828	-79.9828	-79.9828	-79.9828	-79.9828	-79.9828	-79.9828	-79.9828	-79.9828	-79.9828	-79.9828	-79.9828	-79.9828	-79.9828	-79.9828	-79.9828	-79.9828	-79.9828	-79.9828	-79.9828	-79.9828	-79.9828	-79.9828	-79.9829	-79.9831	-79.9835
0.91	-79.9984	-79.9891	-79.9853	-79.9838	-79.9832	-79.9829	-79.9828	-79.9828	-79.9828	-79.9828	-79.9828	-79.9828	-79.9828	-79.9828	-79.9828	-79.9828	-79.9828	-79.9828	-79.9828	-79.9828	-79.9828	-79.9828	-79.9828	-79.9828	-79.9828	-79.9828	-79.9828	-79.9828	-79.9828	-79.9828	-79.9828	-79.9828	-79.9828	-79.9829	-79.983	-79.9835
0.915	-79.9984	-79.9891	-79.9853	-79.9837	-79.9831	-79.9829	-79.9828	-79.9828	-79.9827	-79.9827	-79.9827	-79.9827	-79.9827	-79.9827	-79.9827	-79.9827	-79.9827	-79.9827	-79.9827	-79.9827	-79.9827	-79.9827	-79.9827	-79.9827	-79.9827	-79.9827	-79.9827	-79.9827	-79.9827	-79.9827	-79.9827	-79.9828	-79.9828	-79.9828	-79.983	-79.9834
0.92	-79.9984	-79.9891	-79.9853	-79.9837	-79.9831	-79.9829	-79.9828	-79.9827	-79.9827	-79.9827	-79.9827	-79.9827	-79.9827	-79.9827	-79.9827	-79.9827	-79.9827	-79.9827	-79.9827	-79.9827	-79.9827	-79.9827	-79.9827	-79.9827	-79.9827	-79.9827	-79.9827	-79.9827	-79.9827	-79.9827	-79.9827	-79.9827	-79.9828	-79.9828	-79.983	-79.9834
0.925	-79.9984	-79.9891	-79.9853	-79.9837	-79.9831	-79.9828	-79.9827	-79.9827	-79.9827	-79.9827	-79.9827	-79.9827	-79.9827	-79.9827	-79.9827	-79.9827	-79.9827	-79.9827	-79.9827	-79.9827	-79.9827	-79.9827	-79.9827	-79.9827	-79.9827	-79.9827	-79.9827	-79.9827	-79.9827	-79.9827	-79.9827	-79.9827	-79.9827	-79.9828	-79.983	-79.9834
0.93	-79.9984	-79.9891	-79.9852	-79.9837	-79.9831	-79.9828	-79.9827	-79.9827	-79.9827	-79.9827	-79.9827	-79.9827	-79.9827	-79.9827	-79.9827	-79.9827	-79.9827	-79.9827	-79.9827	-79.9827	-79.9827	-79.9827	-79.9827	-79.9827	-79.9827	-79.9827	-79.9827	-79.9827	-79.9827	-79.9827	-79.9827	-79.9827	-79.9827	-79.9828	-79.9829	-79.9834
0.935	-79.9984	-79.9891	-79.9852	-79.9837	-79.983	-79.9828	-79.9827	-79.9827	-79.9826	-79.9826	-79.9826	-79.9826	-79.9826	-79.9826	-79.9826	-79.9826	-79.9826	-79.9826	-79.9826	-79.9826	-79.9826	-79.9826	-79.9826	-79.9826	-79.9826	-79.9826	-79.9826	-79.9826	-79.9826	-79.9826	-79.9826	-79.9827	-79.9827	-79.9827	-79.9829	-79.9833
0.94	-79.9984	-79.9891	-79.9852	-79.9836	-79.983	-79.9828	-79.9827	-79.9826	-79.9826	-79.9826	-79.9826	-79.9826	-79.9826	-79.9826	-79.9826	-79.9826	-79.9826	-79.9826	-79.9826	-79.9826	-79.9826	-79.9826	-79.9826	-79.9826	-79.9826	-79.9826	-79.9826	-79.9826	-79.9826	-79.9826	-79.9826	-79.9826	-79.9827	-79.9827	-79.9829	-79.9833
0.945	-79.9984	-79.9891	-79.9852	-79.9836	-79.983	-79.9827	-79.9826	-79.9826	-79.9826	-79.9826	-79.9826	-79.9826	-79.9826	-79.9826	-79.9826	-79.9826	-79.9826	-79.9826	-79.9826	-79.9826	-79.9826	-79.9826	-79.9826	-79.9826	-79.9826	-79.9826	-79.9826	-79.9826	-79.9826	-79.9826	-79.9826	-79.9826	-79.9826	-79.9827	-79.9829	-79.9833
0.95	-79.9984	-79.989	-79.9852	-79.9836	-79.983	-79.9827	-79.9826	-79.9826	-79.9826	-79.9826	-79.9826	-79.9826	-79.9826	-79.9826	-79.9826	-79.9826	-79.9826	-79.9826	-79.9826	-79.9826	-79.9826	-79.9826	-79.9826	-79.9826	-79.9826	-79.9826	-79.9826	-79.9826	-79.9826	-79.9826	-79.9826	-79.9826	-79.9826	-79.9827	-79.9828	-79.9833
0.955	-79.9984	-79.989	-79.9851	-79.9836	-79.9829	-79.9827	-79.9826	-79.9826	-79.9825	-79.9825	-79.9825	-79.9825	-79.9825	-79.9825	-79.9825	-79.9825	-79.9825	-79.9825	-79.9825	-79.9825	-79.9825	-79.9825	-79.9825	-79.9825	-79.9825	-79.9825	-79.9825	-79.9825	-79.9825	-79.9825	-79.9825	-79.9825	-79.9826	-79.9826	-79.9828	-79.9832
0.96	-79.9984	-79.989	-79.9851	-79.9835	-79.9829	-79.9827	-79.9826	-79.9825	-79.9825	-79.9825	-79.9825	-79.9825	-79.9825	-79.9825	-79.9825	-79.9825	-79.9825	-79.9825	-79.9825	-79.9825	-79.9825	-79.9825	-79.9825	-79.9825	-79.9825	-79.9825	-79.9825	-79.9825	-79.9825	-79.9825	-79.9825	-79.9825	-79.9825	-79.9826	-79.9828	-79.9832
0.965	-79.9984	-79.989	-79.9851	-79.9835	-79.9829	-79.9826	-79.9825	-79.9825	-79.9825	-79.9825	-79.9825	-79.9825	-79.9825	-79.9825	-79.9825	-79.9825	-79.9825	-79.9825	-79.9825	-79.9825	-79.9825	-79.9825	-79.9825	-79.9825	-79.9825	-79.9825	-79.9825	-79.9825	-79.9825	-79.9825	-79.9825	-79.9825	-79.9825	-79.9826	-79.9828	-79.9832
0.97	-79.9984	-79.989	-79.9851	-79.9835	-79.9829	-79.9826	-79.9825	-79.9825	-79.9825	-79.9825	-79.9824	-79.9824	-79.9824	-79.9824	-79.9824	-79.9824	-79.9824	-79.9824	-79.9824	-79.9824	-79.9824	-79.9824	-79.9824	-79.9824	-79.9824	-79.9824	-79.9824	-79.9824	-79.9824	-79.9825	-79.9825	-79.9825	-79.9825	-79.9826	-79.9827	-79.9832
0.975	-79.9984	-79.989	-79.9851	-79.9835	-79.9828	-79.9826	-79.9825	-79.9824	-79.9824	-79.9824	-79.9824	-79.9824	-79.9824	-79.9824	-79.9824	-79.9824	-79.9824	-79.9824	-79.9824	-79.9824	-79.9824	-79.9824	-79.9824	-79.9824	-79.9824	-79.9824	-79.9824	-79.9824	-79.9824	-79.9824	-79.9824	-79.9824	-79.9825	-79.9825	-79.9827	-79.9831
0.98	-79.9984	-79.989	-79.9851	-79.9835	-79.9828	-79.9826	-79.9825	-79.9824	-79.9824	-79.9824	-79.9824	-79.9824	-79.9824	-79.9824	-79.9824	-79.9824	-79.9824	-79.9824	-79.9824	-79.9824	-79.9824	-79.9824	-79.9824	-79.9824	-79.9824	-79.9824	-79.9824	-79.9824	-79.9824	-79.9824	-79.9824	-79.9824	-79.9824	-79.9825	-79.9827	-79.9831
0.985	-79.9984	-79.989	-79.985	-79.9834	-79.9828	-79.9825	-79.9824	-79.9824	-79.9824	-79.9824	-79.9824	-79.9824	-79.9824	-79.9824	-79.9824	-79.9824	-79.9824	-79.9824	-79.9824	-79.9824	-79.9824	-79.9824	-79.9824	-79.9824	-79.9824	-79.9824	-79.9824	-79.9824	-79.9824	-79.9824	-79.9824	-79.9824	-79.9824	-79.9825	-79.9827	-79.9831
0.99	-79.9984	-79.989	-79.985	-79.9834	-79.9828	-79.9825	-79.9824	-79.9824	-79.9824	-79.9823	-79.9823	-79.9823	-79.9823	-79.9823	-79.9823	-79.9823	-79.9823	-79.9823	-79.9823	-79.9823	-79.9823	-79.9823	-79.9823	-79.9823	-79.9823	-79.9823	-79.9823	-79.9823	-79.9823	-79.9823	-79.9824	-79.9824	-79.9824	-79.9825	-79.9826	-79.9831
0.995	-79.9984	-79.9889	-79.985	-79.9834	-79.9827	-79.9825	-79.9824	-79.9823	-79.9823	-79.9823	-79.9823	-79.9823	-79.9823	-79.9823	-79.9823	-79.9823	-79.9823	-79.9823	-79.9823	-79.9823	-79.9823	-79.9823	-79.9823	-79.9823	-79.9823	-79.9823	-79.9823	-79.9823	-79.9823	-79.9823	-79.9823	-79.9823	-79.9824	-79.9824	-79.9826	-79.983
1	-79.9984	-79.9889	-79.985	-79.9834	-79.9827	-79.9825	-79.9824	-79.9823	-79.9823	-79.9823	-79.9823	-79.9823	-79.9823	-79.9823	-79.9823	-79.9823	-79.9823	-79.9823	-79.9823	-79.9823	-79.9823	-79.9823	-79.9823	-79.9823	-79.9823	-79.9823	-79.9823	-79.9823	-79.9823	-79.9823	-79.9823	-79.9823	-79.9823	-79.9824	-79.9826	-79.983
1.005	-13.333	-75.5921	-79.695	-79.9642	-79.9814	-79.9823	-79.9823	-79.9823	-79.9823	-79.9823	-79.9823	-79.9823	-79.9823	-79.9823	-79.9823	-79.9823	-79.9823	-79.9823	-79.9823	-79.9823	-79.9823	-79.9823	-79.9823	-79.9823	-79.9823	-79.9823	-79.9823	-79.9823	-79.9823	-79.9823	-79.9823	-79.9823	-79.9823	-79.9824	-79.9826	-79.983
1.01	-2.22217	-70.851	-79.118	-79.9087	-79.9766	-79.9819	-79.9823	-79.9823	-79.9822	-79.9822	-79.9822	-79.9822	-79.9822	-79.9822	-79.9822	-79.9822	-79.9822	-79.9822	-79.9822	-79.9822	-79.9822	-79.9822	-79.9822	-79.9822	-79.9822	-79.9822	-79.9822	-79.9822	-79.9822	-79.9822	-79.9822	-79.9823	-79.9823	-79.9824	-79.9825	-79.983
1.015	-0.37033	-67.291	-78.4161	-79.8157	-79.9663	-79.9809	-79.9821	-79.9822	-79.9822	-79.9822	-79.9822	-79.9822	-79.9822	-79.9822	-79.9822	-79.9822	-79.9822	-79.9822	-79.9822	-79.9822	-79.9822	-79.9822	-79.9822	-79.9822	-79.9822	-79.9822	-79.9822	-79.9822	-79.9822	-79.9822	-79.9822	-79.9822	-79.9823	-79.9823	-79.9825	-79.9829
1.02	-0.0616648	-64.8097	-77.7196	-79.6956	-79.95	-79.9789	-79.9819	-79.9822	-79.9822	-79.9822	-79.9822	-79.9822	-79.9822	-79.9822	-79.9822	-79.9822	-79.9822	-79.9822	-79.9822	-79.9822	-79.9822	-79.9822	-79.9822	-79.9822	-79.9822	-79.9822	-79.9822	-79.9822	-79.9822	-79.9822	-79.9822	-79.9822	-79.9822	-79.9823	-79.9825	-79.9829
1.025	24.2195	-61.4182	-76.9802	-79.5541	-79.9276	-79.9759	-79.9815	-79.9821	-79.9822	-79.9822	-79.9822	-79.9822	-79.9822	-79.9822	-79.9822	-79.9822	-79.9822	-79.9822	-79.9822	-79.9822	-79.9822	-79.9822	-79.9822	-79.9822	-79.9822	-79.9822	-79.9822	-79.9822	-79.9822	-79.9822	-79.9822	-79.9822	-79.9822	-79.9823	-79.9825	-79.9829
1.03	30.977	-58.0831	-76.1945	-79.3938	-79.8996	-79.9716	-79.9809	-79.982	-79.9821	-79.9821	-79.9821	-79.9821	-79.9821	-79.9821	-79.9821	-79.9821	-79.9821	-79.9821	-79.9821	-79.9821	-79.9821	-79.9821	-79.9821	-79.9821	-79.9821	-79.9821	-79.9821	-79.9821	-79.9821	-79.9821	-79.9821	-79.9822	-79.9822	-79.9823	-79.9824	-79.9829
1.035	32.5559	-55.2476	-75.402	-79.2184	-79.8663	-79.966	-79.9801	-79.9819	-79.9821	-79.9821	-79.9821	-79.9821	-79.9821	-79.9821	-79.9821	-79.9821	-79.9821	-79.9821	-79.9821	-79.9821	-79.9821	-79.9821	-79.9821	-79.9821	-79.9821	-79.9821	-79.9821	-79.9821	-79.9821	-79.9821	-79.9821	-79.9821	-79.9822	-79.9822	-79.9824	-79.9829
1.04	32.6807	-52.7709	-74.6289	-79.0327	-79.8283	-79.9592	-79.9789	-79.9817	-79.982	-79.9821	-79.9821	-79.9821	-79.9821	-79.9821	-79.9821	-79.9821	-79.9821	-79.9821	-79.9821	-79.9821	-79.9821	-79.9821	-79.9821	-79.9821	-79.9821	-79.9821	-79.9821	-79.9821	-79.9821	-79.9821	-79.9821	-79.9821	-79.9821	-79.9822	-79.9824	-79.9828
1.045	32.3725	-50.3376	-73.8705	-78.8399	-79.7863	-79.9511	-79.9775	-79.9814	-79.982	-79.9821	-79.9821	-79.9821	-79.9821	-79.9821	-79.9821	-79.9821	-79.9821	-79.9821	-79.9821	-79.9821	-79.9821	-79.9821	-79.9821	-79.9821	-79.9821	-79.9821	-79.9821	-79.9821	-79.9821	-79.9821	-79.9821	-79.9821	-79.9821	-79.9822	-79.9824	-79.9828
1.05	31.921	-47.6081	-73.0956	-78.6399	-79.7407	-79.9418	-79.9758	-79.9811	-79.9819	-79.982	-79.982	-79.982	-79.982	-79.982	-79.982	-79.982	-79.982	-79.982	-79.982	-79.982	-79.982	-79.982	-79.982	-79.982	-79.982	-79.982	-79.982	-79.982	-79.982	-79.982	-79.982	-79.9821	-79.9821	-79.9822	-79.9823	-79.9828
1.055	31.4297	-44.206	-72.2533	-78.429	-79.6915	-79.9314	-79.9738	-79.9808	-79.9818	-79.982	-79.982	-79.982	-79.982	-79.982	-79.982	-79.982	-79.982	-79.982	-79.982	-79.982	-79.982	-79.982	-79.982	-79.982	-79.982	-79.982	-79.982	-79.982	-79.982	-79.982	-79.982	-79.982	-79.9821	-79.9821	-79.9823	-79.9828
1.06	30.963	-39.6281	-71.2699	-78.199	-79.6382	-79.9197	-79.9714	-79.9803	-79.9817	-79.982	-79.982	-79.982	-79.982	-79.982	-79.982	-79.982	-79.982	-79.982	-79.982	-79.982	-79.982	-79.982	-79.982	-79.982	-79.982	-79.982	-79.982	-79.982	-79.982	-79.982	-79.982	-79.982	-79.982	-79.9821	-79.9823	-79.9827
1.065	30.5947	-33.0935	-70.0357	-77.9358	-79.5792	-79.9068	-79.9687	-79.9798	-79.9816	-79.9819	-79.982	-79.982	-79.982	-79.982	-79.982	-79.982	-79.982	-79.982	-79.982	-79.982	-79.982	-79.982	-79.982	-79.982	-79.982	-79.982	-79.982	-79.982	-79.982	-79.982	-79.982	-79.982	-79.982	-79.9821	-79.9823	-79.9827
1.07	30.4348	-23.3972	-68.3824	-77.6173	-79.5119	-79.8923	-79.9657	-79.9791	-79.9815	-79.9819	-79.9819	-79.9819	-79.9819	-79.9819	-79.9819	-79.9819	-79.9819	-79.9819	-79.9819	-79.9819	-79.9819	-79.9819	-79.9819	-79.9819	-79.9819	-79.9819	-79.9819	-79.9819	-79.9819	-79.9819	-79.9819	-79.982	-79.982	-79.9821	-79.9823	-79.9827
1.075	30.624	-9.40227	-66.0965	-77.2117	-79.432	-79.8757	-79.9622	-79.9784	-79.9813	-79.9818	-79.9819	-79.9819	-79.9819	-79.9819	-79.9819	-79.9819	-79.9819	-79.9819	-79.9819	-79.9819	-79.9819	-79.9819	-79.9819	-79.9819	-79.9819	-79.9819	-79.9819	-79.9819	-79.9819	-79.9819	-79.9819	-79.9819	-79.982	-79.982	-79.9822	-79.9827
1.08	31.1782	6.85374	-63.1373	-76.6911	-79.3343	-79.8562	-79.9582	-79.9776	-79.9812	-79.9818	-79.9819	-79.9819	-79.9819	-79.9819	-79.9819	-79.9819	-79.9819	-79.9819	-79.9819	-79.9819	-79.9819	-79.9819	-79.9819	-79.9819	-79.9819	-79.9819	-79.9819	-79.9819	-79.9819	-79.9819	-79.9819	-79.9819	-79.9819	-79.982	-79.9822	-79.9827
1.085	31.7703	18.5064	-59.9345	-76.0639	-79.2153	-79.8329	-79.9535	-79.9766	-79.9809	-79.9817	-79.9818	-79.9819	-79.9819	-79.9819	-79.9819	-79.9819	-79.9819	-79.9819	-79.9819	-79.9819	-79.9819	-79.9819	-79.9819	-79.9819	-79.9819	-79.9819	-79.9819	-79.9819	-79.9819	-79.9819	-79.9819	-79.9819	-79.9819	-79.982	-79.9822	-79.9826
1.09	32.0421	23.5118	-56.9791	-75.3738	-79.0756	-79.8054	-79.948	-79.9755	-79.9807	-79.9817	-79.9818	-79.9818	-79.9818	-79.9818	-79.9818	-79.9818	-79.9818	-79.9818	-79.9818	-79.9818	-79.9818	-79.9818	-79.9818	-79.9818	-79.9818	-79.9818	-79.9818	-79.9818	-79.9818	-79.9818	-79.9818	-79.9819	-79.9819	-79.982	-79.9822	-79.9826
1.095	31.9135	24.9889	-54.3797	-74.6644	-78.919	-79.7733	-79.9416	-79.9742	-79.9804	-79.9816	-79.9818	-79.9818	-79.9818	-79.9818	-79.9818	-79.9818	-79.9818	-79.9818	-79.9818	-79.9818	-79.9818	-79.9818	-79.9818	-79.9818	-79.9818	-79.9818	-79.9818	-79.9818	-79.9818	-79.9818	-79.9818	-79.9818	-79.9819	-79.9819	-79.9821	-79.9826
1.1	31.4727	25.1313	-51.9543	-73.9538	-78.7498	-79.7369	-79.9341	-79.9727	-79.9801	-79.9815	-79.9817	-79.9818	-79.9818	-79.9818	-79.9818	-79.9818	-79.9818	-79.9818	-79.9818	-79.9818	-79.9818	-79.9818	-79.9818	-79.9818	-79.9818	-79.9818	-79.9818	-79.9818	-79.9818	-79.9818	-79.9818	-79.9818	-79.9818	-79.9819	-79.9821	-79.9826
1.105	30.8279	24.7937	-49.4162	-73.2313	-78.5704	-79.6966	-79.9256	-79.9709	-79.9797	-79.9814	-79.9817	-79.9818	-79.9818	-79.9818	-79.9818	-79.9818	-79.9818	-79.9818	-79.9818	-79.9818	-79.9818	-79.9818	-79.9818	-79.9818	-79.9818	-79.9818	-79.9818	-79.9818	-79.9818	-79.9818	-79.9818	-79.9818	-79.9818	-79.9819	-79.9821	-79.9825
1.11	30.0549	24.2734	-46.4394	-72.4629	-78.3798	-79.6526	-79.916	-79.9689	-79.9793	-79.9813	-79.9817	-79.9817	-79.9818	-79.9818	-79.9818	-79.9818	-79.9818	-79.9818	-79.9818	-79.9818	-79.9818	-79.9818	-79.9818	-79.9818	-79.9818	-79.9818	-79.9818	-79.9818	-79.9818	-79.9818	-79.9818	-79.9818	-79.9818	-79.9819	-79.9821	-79.9825
1.115	29.1985	23.6893	-42.6248	-71.5939	-78.1731	-79.6045	-79.9053	-79.9666	-79.9788	-79.9812	-79.9816	-79.9817	-79.9817	-79.9817	-79.9817	-79.9817	-79.9817	-79.9817	-79.9817	-79.9817	-79.9817	-79.9817	-79.9817	-79.9817	-79.9817	-79.9817	-79.9817	-79.9817	-79.9817	-79.9817	-79.9817	-79.9817	-79.9818	-79.9819	-79.982	-79.9825
1.12	28.2851	23.1149	-37.3974	-70.5428	-77.9407	-79.5515	-79.8935	-79.9641	-79.9783	-79.981	-79.9816	-79.9817	-79.9817	-79.9817	-79.9817	-79.9817	-79.9817	-79.9817	-79.9817	-79.9817	-79.9817	-79.9817	-79.9817	-79.9817	-79.9817	-79.9817	-79.9817	-79.9817	-79.9817	-79.9817	-79.9817	-79.9817	-79.9818	-79.9818	-79.982	-79.9825
1.125	27.3335	22.6285	-29.8526	-69.1842	-77.6665	-79.4918	-79.8802	-79.9612	-79.9776	-79.9809	-79.9815	-79.9817	-79.9817	-79.9817	-79.9817	-79.9817	-79.9817	-79.9817	-79.9817	-79.9817	-79.9817	-79.9817	-79.9817	-79.9817	-79.9817	-79.9817	-79.9817	-79.9817	-79.9817	-79.9817	-79.9817	-79.9817	-79.9817	-79.9818	-79.982	-79.9825
1.13	26.3623	22.3356	-18.7318	-67.3324	-77.3254	-79.4221	-79.8652	-79.9579	-79.9769	-79.9807	-79.9815	-79.9816	-79.9817	-79.9817	-79.9817	-79.9817	-79.9817	-79.9817	-79.9817	-79.9817	-79.9817	-79.9817	-79.9817	-79.9817	-79.9817	-79.9817	-79.9817	-79.9817	-79.9817	-79.9817	-79.9817	-79.9817	-79.9817	-79.9818	-79.982	-79.9824
1.135	25.3914	22.3334	-3.62366	-64.8068	-76.8854	-79.3378	-79.8478	-79.9542	-79.9761	-79.9805	-79.9814	-79.9816	-79.9816	-79.9816	-79.9816	-79.9816	-79.9816	-79.9816	-79.9816	-79.9816	-79.9816	-79.9816	-79.9816	-79.9816	-79.9816	-79.9816	-79.9816	-79.9816	-79.9816	-79.9816	-79.9816	-79.9817	-79.9817	-79.9818	-79.9819	-79.9824
1.14	24.4302	22.5295	11.3635	-61.7312	-76.3297	-79.2341	-79.8272	-79.9499	-79.9752	-79.9803	-79.9814	-79.9816	-79.9816	-79.9816	-79.9816	-79.9816	-79.9816	-79.9816	-79.9816	-79.9816	-79.9816	-79.9816	-79.9816	-79.9816	-79.9816	-79.9816	-79.9816	-79.9816	-79.9816	-79.9816	-79.9816	-79.9816	-79.9817	-79.9817	-79.9819	-79.9824
1.145	23.4637	22.6009	20.1837	-58.6182	-75.682	-79.1089	-79.8027	-79.9449	-79.9741	-79.9801	-79.9813	-79.9815	-79.9816	-79.9816	-79.9816	-79.9816	-79.9816	-79.9816	-79.9816	-79.9816	-79.9816	-79.9816	-79.9816	-79.9816	-79.9816	-79.9816	-79.9816	-79.9816	-79.9816	-79.9816	-79.9816	-79.9816	-79.9816	-79.9817	-79.9819	-79.9824
1.15	22.4641	22.3423	23.485	-55.8202	-74.9886	-78.9643	-79.7737	-79.939	-79.9729	-79.9798	-79.9812	-79.9815	-79.9816	-79.9816	-79.9816	-79.9816	-79.9816	-79.9816	-79.9816	-79.9816	-79.9816	-79.9816	-79.9816	-79.9816	-79.9816	-79.9816	-79.9816	-79.9816	-79.9816	-79.9816	-79.9816	-79.9816	-79.9816	-79.9817	-79.9819	-79.9823
1.155	21.4114	21.764	24.2772	-53.3128	-74.284	-78.8043	-79.7403	-79.9322	-79.9715	-79.9795	-79.9811	-79.9815	-79.9815	-79.9815	-79.9815	-79.9815	-79.9815	-79.9815	-79.9815	-79.9815	-79.9815	-79.9815	-79.9815	-79.9815	-79.9815	-79.9815	-79.9815	-79.9815	-79.9815	-79.9815	-79.9815	-79.9816	-79.9816	-79.9817	-79.9819	-79.9823
1.16	20.2992	20.9573	24.1436	-50.8616	-73.5742	-78.6328	-79.7028	-79.9243	-79.9698	-79.9792	-79.981	-79.9814	-79.9815	-79.9815	-79.9815	-79.9815	-79.9815	-79.9815	-79.9815	-79.9815	-79.9815	-79.9815	-79.9815	-79.9815	-79.9815	-79.9815	-79.9815	-79.9815	-79.9815	-79.9815	-79.9815	-79.9815	-79.9816	-79.9817	-79.9818	-79.9823
1.165	19.1305	20.0036	23.6684	-48.1633	-72.8386	-78.4505	-79.6614	-79.9154	-79.968	-79.9787	-79.9809	-79.9814	-79.9815	-79.9815	-79.9815	-79.9815	-79.9815	-79.9815	-79.9815	-79.9815	-79.9815	-79.9815	-79.9815	-79.9815	-79.9815	-79.9815	-79.9815	-79.9815	-79.9815	-79.9815	-79.9815	-79.9815	-79.9815	-79.9816	-79.9818	-79.9823
1.17	17.9124	18.9556	23.0623	-44.8677	-72.0351	-78.2551	-79.6161	-79.9054	-79.9658	-79.9783	-79.9808	-79.9813	-79.9814	-79.9815	-79.9815	-79.9815	-79.9815	-79.9815	-79.9815	-79.9815	-79.9815	-79.9815	-79.9815	-79.9815	-79.9815	-79.9815	-79.9815	-79.9815	-79.9815	-79.9815	-79.9815	-79.9815	-79.9815	-79.9816	-79.9818	-79.9823
1.175	16.6522	17.8443	22.421	-40.5144	-71.099	-78.0397	-79.5665	-79.8944	-79.9634	-79.9778	-79.9807	-79.9813	-79.9814	-79.9814	-79.9814	-79.9814	-79.9814	-79.9814	-79.9814	-79.9814	-79.9814	-79.9814	-79.9814	-79.9814	-79.9814	-79.9814	-79.9814	-79.9814	-79.9814	-79.9815	-79.9815	-79.9815	-79.9815	-79.9816	-79.9818	-79.9822
1.18	15.3566	16.6897	21.8183	-34.4053	-69.9322	-77.7924	-79.5111	-79.882	-79.9607	-79.9772	-79.9806	-79.9812	-79.9814	-79.9814	-79.9814	-79.9814	-79.9814	-79.9814	-79.9814	-79.9814	-79.9814	-79.9814	-79.9814	-79.9814	-79.9814	-79.9814	-79.9814	-79.9814	-79.9814	-79.9814	-79.9814	-79.9814	-79.9815	-79.9816	-79.9818	-79.9822
1.185	14.0318	15.5081	21.3441	-25.462	-68.3843	-77.4933	-79.4478	-79.8681	-79.9576	-79.9765	-79.9804	-79.9812	-79.9814	-79.9814	-79.9814	-79.9814	-79.9814	-79.9814	-79.9814	-79.9814	-79.9814	-79.9814	-79.9814	-79.9814	-79.9814	-79.9814	-79.9814	-79.9814	-79.9814	-79.9814	-79.9814	-79.9814	-79.9815	-79.9815	-79.9817	-79.9822
1.19	12.6833	14.3162	21.1113	-12.5123	-66.2538	-77.1135	-79.3727	-79.8522	-79.9542	-79.9757	-79.9802	-79.9811	-79.9813	-79.9814	-79.9814	-79.9814	-79.9814	-79.9814	-79.9814	-79.9814	-79.9814	-79.9814	-79.9814	-79.9814	-79.9814	-79.9814	-79.9814	-79.9814	-79.9814	-79.9814	-79.9814	-79.9814	-79.9814	-79.9815	-79.9817	-79.9822
1.195	11.317	13.129	21.162	3.32795	-63.4478	-76.6237	-79.2806	-79.8336	-79.9503	-79.9749	-79.98	-79.9811	-79.9813	-79.9813	-79.9814	-79.9814	-79.9814	-79.9814	-79.9814	-79.9814	-79.9814	-79.9814	-79.9814	-79.9814	-79.9814	-79.9814	-79.9814	-79.9814	-79.9814	-79.9814	-79.9814	-79.9814	-79.9814	-79.9815	-79.9817	-79.9821
1.2	9.93758	11.9463	21.2764	15.9617	-60.2978	-76.0241	-79.1679	-79.8114	-79.9457	-79.9739	-79.9798	-79.981	-79.9813	-79.9813	-79.9813	-79.9813	-79.9813	-79.9813	-79.9813	-79.9813	-79.9813	-79.9813	-79.9813	-79.9813	-79.9813	-79.9813	-79.9813	-79.9813	-79.9813	-79.9813	-79.9813	-79.9814	-79.9814	-79.9815	-79.9817	-79.9821
1.205	8.54739	10.7511	21.1437	21.9482	-57.3095	-75.3523	-79.0341	-79.785	-79.9403	-79.9727	-79.9795	-79.9809	-79.9812	-79.9813	-79.9813	-79.9813	-79.9813	-79.9813	-79.9813	-79.9813	-79.9813	-79.9813	-79.9813	-79.9813	-79.9813	-79.9813	-79.9813	-79.9813	-79.9813	-79.9813	-79.9813	-79.9813	-79.9814	-79.9814	-79.9816	-79.9821
1.21	7.14689	9.52561	20.6645	23.8512	-54.6606	-74.6526	-78.8826	-79.7542	-79.9341	-79.9714	-79.9792	-79.9809	-79.9812	-79.9813	-79.9813	-79.9813	-79.9813	-79.9813	-79.9813	-79.9813	-79.9813	-79.9813	-79.9813	-79.9813	-79.9813	-79.9813	-79.9813	-79.9813	-79.9813	-79.9813	-79.9813	-79.9813	-79.9813	-79.9814	-79.9816	-79.9821
1.215	5.73594	8.26186	19.9014	24.116	-52.2101	-73.9474	-78.7176	-79.719	-79.9268	-79.9699	-79.9789	-79.9808	-79.9812	-79.9812	-79.9813	-79.9813	-79.9813	-79.9813	-79.9813	-79.9813	-79.9813	-79.9813	-79.9813	-79.9813	-79.9813	-79.9813	-79.9813	-79.9813	-79.9813	-79.9813	-79.9813	-79.9813	-79.9813	-79.9814	-79.9816	-79.9821
1.22	4.3149	6.96138	18.9478	23.7839	-49.6839	-73.2303	-78.5416	-79.6798	-79.9185	-79.9682	-79.9785	-79.9807	-79.9811	-79.9812	-79.9812	-79.9812	-79.9812	-79.9812	-79.9812	-79.9812	-79.9812	-79.9812	-79.9812	-79.9812	-79.9812	-79.9812	-79.9812	-79.9812	-79.9812	-79.9812	-79.9813	-79.9813	-79.9813	-79.9814	-79.9816	-79.982
1.225	2.88504	5.63034	17.8734	23.2256	-46.761	-72.4706	-78.3543	-79.6368	-79.9091	-79.9662	-79.9781	-79.9806	-79.9811	-79.9812	-79.9812	-79.9812	-79.9812	-79.9812	-79.9812	-79.9812	-79.9812	-79.9812	-79.9812	-79.9812	-79.9812	-79.9812	-79.9812	-79.9812	-79.9812	-79.9812	-79.9812	-79.9812	-79.9813	-79.9814	-79.9816	-79.982
1.23	1.44847	4.27586	16.7206	22.5843	-43.0529	-71.6168	-78.1512	-79.5898	-79.8987	-79.9639	-79.9776	-79.9805	-79.981	-79.9812	-79.9812	-79.9812	-79.9812	-79.9812	-79.9812	-79.9812	-79.9812	-79.9812	-79.9812	-79.9812	-79.9812	-79.9812	-79.9812	-79.9812	-79.9812	-79.9812	-79.9812	-79.9812	-79.9813	-79.9813	-79.9815	-79.982
1.235	0.00775736	2.90449	15.5151	21.9399	-38.0111	-70.5911	-77.9235	-79.5379	-79.887	-79.9614	-79.977	-79.9803	-79.981	-79.9811	-79.9812	-79.9812	-79.9812	-79.9812	-79.9812	-79.9812	-79.9812	-79.9812	-79.9812	-79.9812	-79.9812	-79.9812	-79.9812	-79.9812	-79.9812	-79.9812	-79.9812	-79.9812	-79.9812	-79.9813	-79.9815	-79.982
1.24	-1.4343	1.52192	14.2751	21.3706	-30.7784	-69.2745	-77.6559	-79.4794	-79.8741	-79.9585	-79.9764	-79.9802	-79.9809	-79.9811	-79.9811	-79.9812	-79.9812	-79.9812	-79.9812	-79.9812	-79.9812	-79.9812	-79.9812	-79.9812	-79.9812	-79.9812	-79.9812	-79.9812	-79.9812	-79.9812	-79.9812	-79.9812	-79.9812	-79.9813	-79.9815	-79.982
1.245	-2.87483	0.1333	13.0173	20.9793	-20.1308	-67.4887	-77.3245	-79.4114	-79.8594	-79.9553	-79.9757	-79.98	-79.9809	-79.9811	-79.9811	-79.9811	-79.9811	-79.9811	-79.9811	-79.9811	-79.9811	-79.9811	-79.9811	-79.9811	-79.9811	-79.9811	-79.9811	-79.9811	-79.9811	-79.9811	-79.9811	-79.9812	-79.9812	-79.9813	-79.9815	-79.9819
1.25	-4.31095	-1.25642	11.759	20.8692	-5.44323	-65.0453	-76.8978	-79.3293	-79.8424	-79.9517	-79.9749	-79.9798	-79.9808	-79.9811	-79.9811	-79.9811	-79.9811	-79.9811	-79.9811	-79.9811	-79.9811	-79.9811	-79.9811	-79.9811	-79.9811	-79.9811	-79.9811	-79.9811	-79.9811	-79.9811	-79.9811	-79.9811	-79.9812	-79.9812	-79.9814	-79.9819
1.255	-5.73982	-2.64272	10.5105	20.9781	9.81628	-62.0186	-76.356	-79.2282	-79.8223	-79.9474	-79.974	-79.9796	-79.9808	-79.981	-79.9811	-79.9811	-79.9811	-79.9811	-79.9811	-79.9811	-79.9811	-79.9811	-79.9811	-79.9811	-79.9811	-79.9811	-79.9811	-79.9811	-79.9811	-79.9811	-79.9811	-79.9811	-79.9811	-79.9812	-79.9814	-79.9819
1.26	-7.15878	-4.02251	9.26285	20.9951	19.3532	-58.8954	-75.7181	-79.1058	-79.7983	-79.9425	-79.9729	-79.9794	-79.9807	-79.981	-79.981	-79.9811	-79.9811	-79.9811	-79.9811	-79.9811	-79.9811	-79.9811	-79.9811	-79.9811	-79.9811	-79.9811	-79.9811	-79.9811	-79.9811	-79.9811	-79.9811	-79.9811	-79.9811	-79.9812	-79.9814	-79.9819
1.265	-8.56551	-5.39449	7.99691	20.6903	23.0865	-56.0633	-75.0296	-78.9636	-79.7699	-79.9368	-79.9717	-79.9791	-79.9806	-79.981	-79.981	-79.981	-79.981	-79.981	-79.981	-79.981	-79.981	-79.981	-79.981	-79.981	-79.981	-79.981	-79.981	-79.981	-79.981	-79.981	-79.9811	-79.9811	-79.9811	-79.9812	-79.9814	-79.9819
1.27	-9.95805	-6.75835	6.69905	20.0561	24.0455	-53.5332	-74.3267	-78.8056	-79.7371	-79.9301	-79.9703	-79.9788	-79.9806	-79.9809	-79.981	-79.981	-79.981	-79.981	-79.981	-79.981	-79.981	-79.981	-79.981	-79.981	-79.981	-79.981	-79.981	-79.981	-79.981	-79.981	-79.981	-79.981	-79.9811	-79.9812	-79.9814	-79.9818
1.275	-11.3348	-8.11377	5.36649	19.1811	23.9656	-51.0849	-73.6186	-78.6356	-79.7001	-79.9223	-79.9687	-79.9784	-79.9805	-79.9809	-79.981	-79.981	-79.981	-79.981	-79.981	-79.981	-79.981	-79.981	-79.981	-79.981	-79.981	-79.981	-79.981	-79.981	-79.981	-79.981	-79.981	-79.981	-79.9811	-79.9811	-79.9813	-79.9818
1.28	-12.6943	-9.45988	4.00375	18.1505	23.5031	-48.4197	-72.8872	-78.4548	-79.6592	-79.9136	-79.9669	-79.978	-79.9804	-79.9809	-79.9809	-79.981	-79.981	-79.981	-79.981	-79.981	-79.981	-79.981	-79.981	-79.981	-79.981	-79.981	-79.981	-79.981	-79.981	-79.981	-79.981	-79.981	-79.981	-79.9811	-79.9813	-79.9818
1.285	-14.0353	-10.7953	2.61809	17.0209	22.8933	-45.1935	-72.0925	-78.2612	-79.6144	-79.9037	-79.9648	-79.9776	-79.9802	-79.9808	-79.9809	-79.9809	-79.981	-79.981	-79.981	-79.981	-79.981	-79.981	-79.981	-79.981	-79.981	-79.981	-79.981	-79.981	-79.981	-79.981	-79.981	-79.981	-79.981	-79.9811	-79.9813	-79.9818
1.29	-15.3565	-12.1183	1.21673	15.8259	22.2395	-40.9602	-71.172	-78.0483	-79.5653	-79.8928	-79.9624	-79.977	-79.9801	-79.9808	-79.9809	-79.9809	-79.9809	-79.9809	-79.9809	-79.9809	-79.9809	-79.9809	-79.9809	-79.9809	-79.9809	-79.9809	-79.9809	-79.9809	-79.9809	-79.9809	-79.9809	-79.981	-79.981	-79.9811	-79.9813	-79.9818
1.295	-16.6568	-13.4271	-0.193954	14.5872	21.6162	-35.051	-70.0318	-77.8048	-79.5107	-79.8806	-79.9597	-79.9764	-79.98	-79.9807	-79.9809	-79.9809	-79.9809	-79.9809	-79.9809	-79.9809	-79.9809	-79.9809	-79.9809	-79.9809	-79.9809	-79.9809	-79.9809	-79.9809	-79.9809	-79.9809	-79.9809	-79.9809	-79.981	-79.9811	-79.9813	-79.9817
1.3	-17.935	-14.7199	-1.60843	13.3216	21.111	-26.4263	-68.5271	-77.5118	-79.4484	-79.8669	-79.9567	-79.9758	-79.9798	-79.9807	-79.9808	-79.9809	-79.9809	-79.9809	-79.9809	-79.9809	-79.9809	-79.9809	-79.9809	-79.9809	-79.9809	-79.9809	-79.9809	-79.9809	-79.9809	-79.9809	-79.9809	-79.9809	-79.9809	-79.981	-79.9812	-79.9817
1.305	-19.1902	-15.9951	-3.02157	12.0467	20.8366	-13.878	-66.459	-77.141	-79.3746	-79.8512	-79.9533	-79.975	-79.9796	-79.9806	-79.9808	-79.9809	-79.9809	-79.9809	-79.9809	-79.9809	-79.9809	-79.9809	-79.9809	-79.9809	-79.9809	-79.9809	-79.9809	-79.9809	-79.9809	-79.9809	-79.9809	-79.9809	-79.9809	-79.981	-79.9812	-79.9817
1.31	-20.4215	-17.2512	-4.4285	10.7783	20.8499	1.86391	-63.7112	-76.6624	-79.2844	-79.8329	-79.9494	-79.9742	-79.9794	-79.9806	-79.9808	-79.9808	-79.9809	-79.9809	-79.9809	-79.9809	-79.9809	-79.9809	-79.9809	-79.9809	-79.9809	-79.9809	-79.9809	-79.9809	-79.9809	-79.9809	-79.9809	-79.9809	-79.9809	-79.981	-79.9812	-79.9817
1.315	-21.628	-18.4868	-5.82527	9.5186	20.9567	15.0389	-60.5724	-76.0722	-79.1737	-79.8111	-79.9449	-79.9732	-79.9792	-79.9805	-79.9808	-79.9808	-79.9808	-79.9808	-79.9808	-79.9808	-79.9808	-79.9808	-79.9808	-79.9808	-79.9808	-79.9808	-79.9808	-79.9808	-79.9808	-79.9808	-79.9808	-79.9809	-79.9809	-79.981	-79.9812	-79.9817
1.32	-22.8091	-19.7007	-7.20976	8.25192	20.8378	21.5638	-57.5578	-75.4056	-79.0419	-79.7852	-79.9396	-79.9721	-79.979	-79.9804	-79.9807	-79.9808	-79.9808	-79.9808	-79.9808	-79.9808	-79.9808	-79.9808	-79.9808	-79.9808	-79.9808	-79.9808	-79.9808	-79.9808	-79.9808	-79.9808	-79.9808	-79.9808	-79.9809	-79.9809	-79.9812	-79.9816
1.325	-23.9641	-20.8921	-8.58137	6.96017	20.3718	23.7147	-54.8809	-74.7076	-78.892	-79.7548	-79.9334	-79.9708	-79.9787	-79.9803	-79.9807	-79.9808	-79.9808	-79.9808	-79.9808	-79.9808	-79.9808	-79.9808	-79.9808	-79.9808	-79.9808	-79.9808	-79.9808	-79.9808	-79.9808	-79.9808	-79.9808	-79.9808	-79.9808	-79.9809	-79.9811	-79.9816
1.33	-25.0927	-22.0606	-9.94007	5.63481	19.6128	24.0703	-52.422	-74.003	-78.7282	-79.72	-79.9263	-79.9693	-79.9783	-79.9803	-79.9807	-79.9807	-79.9808	-79.9808	-79.9808	-79.9808	-79.9808	-79.9808	-79.9808	-79.9808	-79.9808	-79.9808	-79.9808	-79.9808	-79.9808	-79.9808	-79.9808	-79.9808	-79.9808	-79.9809	-79.9811	-79.9816
1.335	-26.1945	-23.2057	-11.2855	4.27707	18.6549	23.7702	-49.9139	-73.288	-78.5533	-79.6812	-79.9181	-79.9676	-79.978	-79.9802	-79.9806	-79.9807	-79.9807	-79.9807	-79.9807	-79.9807	-79.9807	-79.9807	-79.9807	-79.9807	-79.9807	-79.9807	-79.9807	-79.9807	-79.9807	-79.9808	-79.9808	-79.9808	-79.9808	-79.9809	-79.9811	-79.9816
1.34	-27.2694	-24.3271	-12.6168	2.89325	17.5705	23.2226	-47.0393	-72.5339	-78.3672	-79.6386	-79.9088	-79.9656	-79.9775	-79.9801	-79.9806	-79.9807	-79.9807	-79.9807	-79.9807	-79.9807	-79.9807	-79.9807	-79.9807	-79.9807	-79.9807	-79.9807	-79.9807	-79.9807	-79.9807	-79.9807	-79.9807	-79.9808	-79.9808	-79.9809	-79.9811	-79.9816
1.345	-28.3172	-25.4248	-13.9327	1.49082	16.4047	22.5826	-43.4186	-71.6911	-78.1659	-79.5919	-79.8985	-79.9634	-79.9771	-79.9799	-79.9805	-79.9807	-79.9807	-79.9807	-79.9807	-79.9807	-79.9807	-79.9807	-79.9807	-79.9807	-79.9807	-79.9807	-79.9807	-79.9807	-79.9807	-79.9807	-79.9807	-79.9807	-79.9808	-79.9809	-79.9811	-79.9815
1.35	-29.3381	-26.4985	-15.2316	0.0767073	15.1842	21.9328	-38.5228	-70.6845	-77.9409	-79.5406	-79.887	-79.9609	-79.9765	-79.9798	-79.9805	-79.9806	-79.9807	-79.9807	-79.9807	-79.9807	-79.9807	-79.9807	-79.9807	-79.9807	-79.9807	-79.9807	-79.9807	-79.9807	-79.9807	-79.9807	-79.9807	-79.9807	-79.9807	-79.9808	-79.981	-79.9815
1.355	-30.3321	-27.5481	-16.5121	-1.34313	13.928	21.3503	-31.5284	-69.3997	-77.6777	-79.4828	-79.8741	-79.9581	-79.9759	-79.9797	-79.9804	-79.9806	-79.9807	-79.9807	-79.9807	-79.9807	-79.9807	-79.9807	-79.9807	-79.9807	-79.9807	-79.9807	-79.9807	-79.9807	-79.9807	-79.9807	-79.9807	-79.9807	-79.9807	-79.9808	-79.981	-79.9815
1.36	-31.2992	-28.5736	-17.7727	-2.76336	12.6528	20.9355	-21.2342	-67.6639	-77.3532	-79.4158	-79.8596	-79.9549	-79.9752	-79.9795	-79.9804	-79.9806	-79.9806	-79.9806	-79.9806	-79.9806	-79.9806	-79.9806	-79.9806	-79.9806	-79.9806	-79.9806	-79.9806	-79.9806	-79.9806	-79.9806	-79.9807	-79.9807	-79.9807	-79.9808	-79.981	-79.9815
1.365	-32.2398	-29.5749	-19.0122	-4.17898	11.3764	20.7958	-6.85878	-65.2827	-76.9362	-79.3352	-79.8428	-79.9513	-79.9744	-79.9793	-79.9803	-79.9806	-79.9806	-79.9806	-79.9806	-79.9806	-79.9806	-79.9806	-79.9806	-79.9806	-79.9806	-79.9806	-79.9806	-79.9806	-79.9806	-79.9806	-79.9806	-79.9806	-79.9807	-79.9808	-79.981	-79.9815
1.37	-33.1539	-30.5519	-20.2294	-5.5854	10.1101	20.8925	8.6247	-62.2924	-76.4045	-79.236	-79.8231	-79.9471	-79.9735	-79.9791	-79.9803	-79.9805	-79.9806	-79.9806	-79.9806	-79.9806	-79.9806	-79.9806	-79.9806	-79.9806	-79.9806	-79.9806	-79.9806	-79.9806	-79.9806	-79.9806	-79.9806	-79.9806	-79.9807	-79.9807	-79.981	-79.9814
1.375	-34.042	-31.5049	-21.4233	-6.97947	8.84695	20.927	18.7739	-59.1577	-75.7736	-79.1155	-79.7994	-79.9423	-79.9725	-79.9789	-79.9802	-79.9805	-79.9806	-79.9806	-79.9806	-79.9806	-79.9806	-79.9806	-79.9806	-79.9806	-79.9806	-79.9806	-79.9806	-79.9806	-79.9806	-79.9806	-79.9806	-79.9806	-79.9806	-79.9807	-79.9809	-79.9814
1.38	-34.9043	-32.4338	-22.5933	-8.3599	7.56802	20.65	22.8895	-56.2951	-75.0878	-78.9749	-79.7714	-79.9366	-79.9713	-79.9786	-79.9801	-79.9805	-79.9805	-79.9806	-79.9806	-79.9806	-79.9806	-79.9806	-79.9806	-79.9806	-79.9806	-79.9806	-79.9806	-79.9806	-79.9806	-79.9806	-79.9806	-79.9806	-79.9806	-79.9807	-79.9809	-79.9814
1.385	-35.7412	-33.3388	-23.739	-9.72654	6.25887	20.0381	24.0009	-53.7453	-74.3856	-78.8182	-79.739	-79.93	-79.9699	-79.9783	-79.9801	-79.9804	-79.9805	-79.9805	-79.9805	-79.9805	-79.9805	-79.9805	-79.9805	-79.9805	-79.9805	-79.9805	-79.9805	-79.9805	-79.9805	-79.9805	-79.9805	-79.9806	-79.9806	-79.9807	-79.9809	-79.9814
1.39	-36.553	-34.2202	-24.8602	-11.0793	4.91589	19.1768	23.9762	-51.3009	-73.6783	-78.6491	-79.7024	-79.9223	-79.9683	-79.9779	-79.98	-79.9804	-79.9805	-79.9805	-79.9805	-79.9805	-79.9805	-79.9805	-79.9805	-79.9805	-79.9805	-79.9805	-79.9805	-79.9805	-79.9805	-79.9805	-79.9805	-79.9805	-79.9806	-79.9807	-79.9809	-79.9814
1.395	-37.3402	-35.0782	-25.957	-12.4177	3.54322	18.1534	23.5343	-48.6672	-72.9503	-78.4694	-79.6618	-79.9137	-79.9665	-79.9775	-79.9799	-79.9804	-79.9805	-79.9805	-79.9805	-79.9805	-79.9805	-79.9805	-79.9805	-79.9805	-79.9805	-79.9805	-79.9805	-79.9805	-79.9805	-79.9805	-79.9805	-79.9805	-79.9806	-79.9806	-79.9809	-79.9813
1.4	-38.1033	-35.9131	-27.0292	-13.7407	2.14806	17.0269	22.9318	-45.5053	-72.1632	-78.2771	-79.6174	-79.9039	-79.9644	-79.9771	-79.9798	-79.9803	-79.9804	-79.9805	-79.9805	-79.9805	-79.9805	-79.9805	-79.9805	-79.9805	-79.9805	-79.9805	-79.9805	-79.9805	-79.9805	-79.9805	-79.9805	-79.9805	-79.9805	-79.9806	-79.9808	-79.9813
1.405	-38.8427	-36.7253	-28.0771	-15.0469	0.737751	15.8327	22.2783	-41.3819	-71.2569	-78.0663	-79.5688	-79.8931	-79.962	-79.9766	-79.9796	-79.9803	-79.9804	-79.9804	-79.9805	-79.9805	-79.9805	-79.9805	-79.9805	-79.9805	-79.9805	-79.9805	-79.9805	-79.9805	-79.9805	-79.9805	-79.9805	-79.9805	-79.9805	-79.9806	-79.9808	-79.9813
1.41	-39.559	-37.5151	-29.1006	-16.3348	-0.681227	14.5932	21.6485	-35.6538	-70.1407	-77.8261	-79.5147	-79.881	-79.9594	-79.976	-79.9795	-79.9802	-79.9804	-79.9804	-79.9804	-79.9804	-79.9804	-79.9804	-79.9804	-79.9804	-79.9804	-79.9804	-79.9804	-79.9804	-79.9804	-79.9804	-79.9804	-79.9805	-79.9805	-79.9806	-79.9808	-79.9813
1.415	-40.2528	-38.283	-30.0999	-17.6031	-2.10326	13.3254	21.1282	-27.3173	-68.6751	-77.5384	-79.4532	-79.8674	-79.9564	-79.9753	-79.9793	-79.9802	-79.9804	-79.9804	-79.9804	-79.9804	-79.9804	-79.9804	-79.9804	-79.9804	-79.9804	-79.9804	-79.9804	-79.9804	-79.9804	-79.9804	-79.9804	-79.9804	-79.9805	-79.9806	-79.9808	-79.9813
1.42	-40.9246	-39.0293	-31.0751	-18.8505	-3.52318	12.0469	20.8287	-15.1395	-66.6641	-77.1757	-79.3806	-79.852	-79.953	-79.9746	-79.9792	-79.9801	-79.9803	-79.9804	-79.9804	-79.9804	-79.9804	-79.9804	-79.9804	-79.9804	-79.9804	-79.9804	-79.9804	-79.9804	-79.9804	-79.9804	-79.9804	-79.9804	-79.9805	-79.9805	-79.9808	-79.9812
1.425	-41.5749	-39.7545	-32.0263	-20.0758	-4.93612	10.7739	20.8194	0.481477	-63.9717	-76.7073	-79.2921	-79.8339	-79.9492	-79.9737	-79.979	-79.9801	-79.9803	-79.9804	-79.9804	-79.9804	-79.9804	-79.9804	-79.9804	-79.9804	-79.9804	-79.9804	-79.9804	-79.9804	-79.9804	-79.9804	-79.9804	-79.9804	-79.9804	-79.9805	-79.9807	-79.9812
1.43	-42.2045	-40.4589	-32.9537	-21.278	-6.338	9.51046	20.9313	14.1496	-60.8455	-76.1259	-79.1833	-79.8125	-79.9447	-79.9728	-79.9788	-79.98	-79.9803	-79.9803	-79.9804	-79.9804	-79.9804	-79.9804	-79.9804	-79.9804	-79.9804	-79.9804	-79.9804	-79.9804	-79.9804	-79.9804	-79.9804	-79.9804	-79.9804	-79.9805	-79.9807	-79.9812
1.435	-42.8139	-41.1431	-33.8575	-22.4563	-7.72657	8.24192	20.8397	21.2118	-57.8059	-75.464	-79.0532	-79.7869	-79.9395	-79.9717	-79.9785	-79.9799	-79.9803	-79.9803	-79.9803	-79.9803	-79.9803	-79.9803	-79.9803	-79.9803	-79.9803	-79.9803	-79.9803	-79.9803	-79.9803	-79.9803	-79.9803	-79.9804	-79.9804	-79.9805	-79.9807	-79.9812
1.44	-43.4037	-41.8074	-34.738	-23.6103	-9.1012	6.94978	20.4025	23.6181	-55.1009	-74.7674	-78.9047	-79.7569	-79.9334	-79.9704	-79.9782	-79.9799	-79.9802	-79.9803	-79.9803	-79.9803	-79.9803	-79.9803	-79.9803	-79.9803	-79.9803	-79.9803	-79.9803	-79.9803	-79.9803	-79.9803	-79.9803	-79.9803	-79.9804	-79.9805	-79.9807	-79.9812
1.445	-43.9746	-42.4524	-35.5954	-24.7397	-10.4619	5.62451	19.6644	24.0686	-52.6326	-74.0632	-78.742	-79.7225	-79.9264	-79.9689	-79.9779	-79.9798	-79.9802	-79.9803	-79.9803	-79.9803	-79.9803	-79.9803	-79.9803	-79.9803	-79.9803	-79.9803	-79.9803	-79.9803	-79.9803	-79.9803	-79.9803	-79.9803	-79.9804	-79.9804	-79.9807	-79.9812
1.45	-44.5272	-43.0785	-36.4301	-25.8444	-11.8084	4.26669	18.7197	23.8033	-50.1408	-73.35	-78.5681	-79.6841	-79.9183	-79.9672	-79.9775	-79.9797	-79.9801	-79.9802	-79.9803	-79.9803	-79.9803	-79.9803	-79.9803	-79.9803	-79.9803	-79.9803	-79.9803	-79.9803	-79.9803	-79.9803	-79.9803	-79.9803	-79.9803	-79.9804	-79.9806	-79.9811
1.455	-45.0622	-43.6862	-37.2424	-26.9247	-13.14	2.88235	17.6434	23.2692	-47.3116	-72.6009	-78.3831	-79.6418	-79.9091	-79.9653	-79.9771	-79.9796	-79.9801	-79.9802	-79.9802	-79.9803	-79.9803	-79.9803	-79.9803	-79.9803	-79.9803	-79.9803	-79.9803	-79.9803	-79.9803	-79.9803	-79.9803	-79.9803	-79.9803	-79.9804	-79.9806	-79.9811
1.46	-45.5801	-44.276	-38.0328	-27.9805	-14.4555	1.47898	16.4825	22.6333	-43.7737	-71.7684	-78.1833	-79.5955	-79.8989	-79.9631	-79.9766	-79.9795	-79.9801	-79.9802	-79.9802	-79.9802	-79.9802	-79.9802	-79.9802	-79.9802	-79.9802	-79.9802	-79.9802	-79.9802	-79.9802	-79.9802	-79.9802	-79.9803	-79.9803	-79.9804	-79.9806	-79.9811
1.465	-46.0817	-44.8484	-38.8016	-29.0119	-15.7534	0.0635733	15.2651	21.9814	-39.0158	-70.7799	-77.9608	-79.5446	-79.8875	-79.9606	-79.9761	-79.9793	-79.98	-79.9802	-79.9802	-79.9802	-79.9802	-79.9802	-79.9802	-79.9802	-79.9802	-79.9802	-79.9802	-79.9802	-79.9802	-79.9802	-79.9802	-79.9802	-79.9803	-79.9804	-79.9806	-79.9811
1.47	-46.5675	-45.4039	-39.5494	-30.0192	-17.0324	-1.35782	14.0104	21.3893	-32.2467	-69.5252	-77.7017	-79.4875	-79.8748	-79.9578	-79.9755	-79.9792	-79.98	-79.9801	-79.9802	-79.9802	-79.9802	-79.9802	-79.9802	-79.9802	-79.9802	-79.9802	-79.9802	-79.9802	-79.9802	-79.9802	-79.9802	-79.9802	-79.9803	-79.9804	-79.9806	-79.9811
1.475	-47.0382	-45.9431	-40.2764	-31.0023	-18.291	-2.77984	12.7354	20.9552	-22.2905	-67.8368	-77.3837	-79.4214	-79.8604	-79.9547	-79.9748	-79.979	-79.9799	-79.9801	-79.9802	-79.9802	-79.9802	-79.9802	-79.9802	-79.9802	-79.9802	-79.9802	-79.9802	-79.9802	-79.9802	-79.9802	-79.9802	-79.9802	-79.9802	-79.9803	-79.9805	-79.981
1.48	-47.4943	-46.4663	-40.9832	-31.9616	-19.5281	-4.19745	11.4575	20.7891	-8.23803	-65.5164	-76.976	-79.3422	-79.8439	-79.9511	-79.974	-79.9789	-79.9799	-79.9801	-79.9801	-79.9802	-79.9802	-79.9802	-79.9802	-79.9802	-79.9802	-79.9802	-79.9802	-79.9802	-79.9802	-79.9802	-79.9802	-79.9802	-79.9802	-79.9803	-79.9805	-79.981
1.485	-47.9365	-46.9742	-41.6702	-32.897	-20.7426	-5.60601	10.1895	20.8744	7.41444	-62.5653	-76.4543	-79.2448	-79.8244	-79.947	-79.9731	-79.9786	-79.9798	-79.9801	-79.9801	-79.9801	-79.9801	-79.9801	-79.9801	-79.9801	-79.9801	-79.9801	-79.9801	-79.9801	-79.9801	-79.9801	-79.9801	-79.9802	-79.9802	-79.9803	-79.9805	-79.981
1.49	-48.3654	-47.4672	-42.3379	-33.809	-21.9337	-7.00221	8.9261	20.9272	18.1691	-59.4219	-75.8305	-79.1262	-79.8011	-79.9422	-79.9721	-79.9784	-79.9798	-79.98	-79.9801	-79.9801	-79.9801	-79.9801	-79.9801	-79.9801	-79.9801	-79.9801	-79.9801	-79.9801	-79.9801	-79.9801	-79.9801	-79.9801	-79.9802	-79.9803	-79.9805	-79.981
1.495	-48.7815	-47.9459	-42.9867	-34.6977	-23.1005	-8.38463	7.64855	20.6808	22.6877	-56.529	-75.1477	-78.9872	-79.7735	-79.9366	-79.9709	-79.9781	-79.9797	-79.98	-79.9801	-79.9801	-79.9801	-79.9801	-79.9801	-79.9801	-79.9801	-79.9801	-79.9801	-79.9801	-79.9801	-79.9801	-79.9801	-79.9801	-79.9802	-79.9803	-79.9805	-79.981
1.5	-49.1853	-48.4106	-43.617	-35.5633	-24.2429	-9.75307	6.34164	20.095	23.9632	-53.9581	-74.446	-78.8317	-79.7415	-79.9301	-79.9695	-79.9779	-79.9796	-79.98	-79.9801	-79.9801	-79.9801	-79.9801	-79.9801	-79.9801	-79.9801	-79.9801	-79.9801	-79.9801	-79.9801	-79.9801	-79.9801	-79.9801	-79.9801	-79.9802	-79.9805	-79.981
1.505	-49.5775	-48.862	-44.2294	-36.4063	-25.3607	-11.1075	5.00086	19.2513	23.998	-51.5156	-73.7395	-78.6636	-79.7052	-79.9226	-79.968	-79.9775	-79.9795	-79.9799	-79.98	-79.98	-79.9801	-79.9801	-79.9801	-79.9801	-79.9801	-79.9801	-79.9801	-79.9801	-79.9801	-79.9801	-79.9801	-79.9801	-79.9801	-79.9802	-79.9804	-79.9809
1.51	-49.9585	-49.3005	-44.8243	-37.227	-26.4539	-12.4475	3.6299	18.239	23.5785	-48.911	-73.0145	-78.4848	-79.665	-79.914	-79.9662	-79.9771	-79.9794	-79.9799	-79.98	-79.98	-79.98	-79.98	-79.98	-79.98	-79.98	-79.98	-79.98	-79.98	-79.98	-79.98	-79.98	-79.9801	-79.9801	-79.9802	-79.9804	-79.9809
1.515	-50.3288	-49.7264	-45.4022	-38.0257	-27.5226	-13.772	2.23583	17.1196	22.9846	-45.8101	-72.2346	-78.2938	-79.6209	-79.9043	-79.9641	-79.9767	-79.9793	-79.9799	-79.98	-79.98	-79.98	-79.98	-79.98	-79.98	-79.98	-79.98	-79.98	-79.98	-79.98	-79.98	-79.98	-79.98	-79.9801	-79.9802	-79.9804	-79.9809
1.52	-50.6888	-50.1404	-45.9636	-38.8029	-28.567	-15.0798	0.82605	15.9301	22.3324	-41.7916	-71.3416	-78.085	-79.5727	-79.8936	-79.9618	-79.9762	-79.9792	-79.9798	-79.98	-79.98	-79.98	-79.98	-79.98	-79.98	-79.98	-79.98	-79.98	-79.98	-79.98	-79.98	-79.98	-79.98	-79.9801	-79.9802	-79.9804	-79.9809
1.525	-51.0391	-50.5428	-46.5089	-39.5591	-29.5871	-16.3693	-0.592889	14.6935	21.6975	-36.2365	-70.2483	-77.8479	-79.5192	-79.8816	-79.9591	-79.9756	-79.979	-79.9798	-79.9799	-79.98	-79.98	-79.98	-79.98	-79.98	-79.98	-79.98	-79.98	-79.98	-79.98	-79.98	-79.98	-79.98	-79.98	-79.9801	-79.9804	-79.9809
1.53	-51.3801	-50.9341	-47.0387	-40.2945	-30.5831	-17.6392	-2.0153	13.4273	21.1635	-28.1765	-68.8202	-77.5653	-79.4584	-79.8682	-79.9562	-79.9749	-79.9789	-79.9797	-79.9799	-79.9799	-79.98	-79.98	-79.98	-79.98	-79.98	-79.98	-79.98	-79.98	-79.98	-79.98	-79.98	-79.98	-79.98	-79.9801	-79.9803	-79.9809
1.535	-51.7121	-51.3146	-47.5533	-41.0098	-31.5552	-18.8883	-3.43601	12.1488	20.8403	-16.3663	-66.8647	-77.2104	-79.387	-79.8529	-79.9529	-79.9742	-79.9787	-79.9797	-79.9799	-79.9799	-79.9799	-79.9799	-79.9799	-79.9799	-79.9799	-79.9799	-79.9799	-79.9799	-79.9799	-79.9799	-79.9799	-79.98	-79.98	-79.9801	-79.9803	-79.9808
1.54	-52.0357	-51.6849	-48.0533	-41.7053	-32.5035	-20.1153	-4.8501	10.8747	20.8079	-0.908139	-64.2291	-76.752	-79.3	-79.8352	-79.9491	-79.9734	-79.9785	-79.9796	-79.9799	-79.9799	-79.9799	-79.9799	-79.9799	-79.9799	-79.9799	-79.9799	-79.9799	-79.9799	-79.9799	-79.9799	-79.9799	-79.9799	-79.98	-79.9801	-79.9803	-79.9808
1.545	-52.3511	-52.0452	-48.5392	-42.3814	-33.4282	-21.3193	-6.25339	9.61058	20.9227	13.2122	-61.1196	-76.1796	-79.1931	-79.814	-79.9447	-79.9724	-79.9783	-79.9796	-79.9798	-79.9799	-79.9799	-79.9799	-79.9799	-79.9799	-79.9799	-79.9799	-79.9799	-79.9799	-79.9799	-79.9799	-79.9799	-79.9799	-79.98	-79.9801	-79.9803	-79.9808
1.55	-52.6588	-52.396	-49.0114	-43.0387	-34.3295	-22.4995	-7.64345	8.3431	20.8579	20.831	-58.0567	-75.5229	-79.0648	-79.7888	-79.9396	-79.9713	-79.9781	-79.9795	-79.9798	-79.9799	-79.9799	-79.9799	-79.9799	-79.9799	-79.9799	-79.9799	-79.9799	-79.9799	-79.9799	-79.9799	-79.9799	-79.9799	-79.9799	-79.98	-79.9803	-79.9808
1.555	-52.959	-52.7376	-49.4703	-43.6775	-35.2077	-23.6553	-9.01955	7.05337	20.4506	23.5127	-55.323	-74.8279	-78.9177	-79.7592	-79.9336	-79.9701	-79.9778	-79.9794	-79.9798	-79.9798	-79.9799	-79.9799	-79.9799	-79.9799	-79.9799	-79.9799	-79.9799	-79.9799	-79.9799	-79.9799	-79.9799	-79.9799	-79.9799	-79.98	-79.9802	-79.9808
1.56	-53.2521	-53.0704	-49.9164	-44.2983	-36.0632	-24.7865	-10.3817	5.73091	19.7348	24.0666	-52.8432	-74.124	-78.7561	-79.7252	-79.9266	-79.9686	-79.9775	-79.9793	-79.9797	-79.9798	-79.9798	-79.9798	-79.9799	-79.9799	-79.9799	-79.9799	-79.9799	-79.9799	-79.9799	-79.9799	-79.9799	-79.9799	-79.9799	-79.98	-79.9802	-79.9807
1.565	-53.5384	-53.3947	-50.3501	-44.9017	-36.8962	-25.8932	-11.7297	4.37555	18.8045	23.8391	-50.3653	-73.4122	-78.5831	-79.6871	-79.9185	-79.967	-79.9771	-79.9793	-79.9797	-79.9798	-79.9798	-79.9798	-79.9798	-79.9798	-79.9798	-79.9798	-79.9798	-79.9798	-79.9798	-79.9798	-79.9798	-79.9799	-79.9799	-79.98	-79.9802	-79.9807
1.57	-53.8181	-53.7108	-50.7718	-45.4879	-37.7071	-26.9754	-13.0628	2.99307	17.7374	23.3196	-47.5789	-72.6679	-78.3991	-79.6451	-79.9095	-79.965	-79.9767	-79.9791	-79.9797	-79.9798	-79.9798	-79.9798	-79.9798	-79.9798	-79.9798	-79.9798	-79.9798	-79.9798	-79.9798	-79.9798	-79.9798	-79.9798	-79.9799	-79.98	-79.9802	-79.9807
1.575	-54.0917	-54.0191	-51.1821	-46.0576	-38.4963	-28.0332	-14.3799	1.59091	16.5824	22.6886	-44.1199	-71.845	-78.2009	-79.5992	-79.8993	-79.9629	-79.9762	-79.979	-79.9796	-79.9798	-79.9798	-79.9798	-79.9798	-79.9798	-79.9798	-79.9798	-79.9798	-79.9798	-79.9798	-79.9798	-79.9798	-79.9798	-79.9799	-79.98	-79.9802	-79.9807
1.58	-54.3593	-54.3198	-51.5811	-46.6112	-39.2643	-29.0667	-15.6796	0.176163	15.3691	22.0352	-39.4941	-70.8738	-77.9809	-79.5488	-79.888	-79.9604	-79.9757	-79.9789	-79.9796	-79.9797	-79.9798	-79.9798	-79.9798	-79.9798	-79.9798	-79.9798	-79.9798	-79.9798	-79.9798	-79.9798	-79.9798	-79.9798	-79.9798	-79.9799	-79.9802	-79.9807
1.585	-54.6211	-54.6133	-51.9695	-47.1492	-40.0115	-30.076	-16.9604	-1.24506	14.1169	21.4345	-32.9409	-69.6479	-77.7257	-79.4923	-79.8755	-79.9576	-79.9751	-79.9788	-79.9795	-79.9797	-79.9797	-79.9798	-79.9798	-79.9798	-79.9798	-79.9798	-79.9798	-79.9798	-79.9798	-79.9798	-79.9798	-79.9798	-79.9798	-79.9799	-79.9801	-79.9807
1.59	-54.8774	-54.8997	-52.3474	-47.672	-40.7383	-31.0613	-18.221	-2.66735	12.8428	20.982	-23.3136	-68.0053	-77.4139	-79.4272	-79.8613	-79.9545	-79.9744	-79.9786	-79.9795	-79.9797	-79.9797	-79.9797	-79.9797	-79.9797	-79.9797	-79.9797	-79.9797	-79.9797	-79.9797	-79.9797	-79.9797	-79.9798	-79.9798	-79.9799	-79.9801	-79.9806
1.595	-55.1285	-55.1795	-52.7153	-48.1801	-41.4451	-32.0227	-19.4602	-4.08565	11.5645	20.7898	-9.59933	-65.7454	-77.0153	-79.3493	-79.845	-79.951	-79.9736	-79.9784	-79.9794	-79.9797	-79.9797	-79.9797	-79.9797	-79.9797	-79.9797	-79.9797	-79.9797	-79.9797	-79.9797	-79.9797	-79.9797	-79.9797	-79.9798	-79.9799	-79.9801	-79.9806
1.6	-55.3744	-55.4527	-53.0736	-48.6739	-42.1324	-32.9605	-20.6769	-5.49525	10.2955	20.8613	6.16412	-62.837	-76.5036	-79.2536	-79.8258	-79.9469	-79.9727	-79.9782	-79.9794	-79.9796	-79.9797	-79.9797	-79.9797	-79.9797	-79.9797	-79.9797	-79.9797	-79.9797	-79.9797	-79.9797	-79.9797	-79.9797	-79.9798	-79.9799	-79.9801	-79.9806
1.605	-55.6155	-55.7197	-53.4226	-49.1539	-42.8007	-33.8748	-21.8702	-6.89271	9.03228	20.9305	17.5168	-59.6884	-75.8872	-79.1368	-79.8028	-79.9422	-79.9717	-79.978	-79.9793	-79.9796	-79.9797	-79.9797	-79.9797	-79.9797	-79.9797	-79.9797	-79.9797	-79.9797	-79.9797	-79.9797	-79.9797	-79.9797	-79.9798	-79.9798	-79.9801	-79.9806
1.61	-55.8519	-55.9806	-53.7627	-49.6205	-43.4503	-34.7659	-23.0393	-8.27644	7.75664	20.7146	22.4644	-56.7656	-75.2077	-78.9995	-79.7756	-79.9367	-79.9706	-79.9777	-79.9793	-79.9796	-79.9796	-79.9797	-79.9797	-79.9797	-79.9797	-79.9797	-79.9797	-79.9797	-79.9797	-79.9797	-79.9797	-79.9797	-79.9797	-79.9798	-79.98	-79.9806
1.615	-56.0838	-56.2358	-54.094	-50.0742	-44.0817	-35.634	-24.184	-9.64618	6.45256	20.1558	23.9184	-54.1721	-74.5066	-78.8453	-79.744	-79.9303	-79.9692	-79.9774	-79.9792	-79.9795	-79.9796	-79.9796	-79.9796	-79.9796	-79.9796	-79.9796	-79.9796	-79.9796	-79.9796	-79.9796	-79.9797	-79.9797	-79.9797	-79.9798	-79.98	-79.9806
1.62	-56.3113	-56.4853	-54.417	-50.5155	-44.6955	-36.4795	-25.3042	-11.0019	5.11461	19.3306	24.0182	-51.7293	-73.8007	-78.6782	-79.7081	-79.9228	-79.9677	-79.9771	-79.9791	-79.9795	-79.9796	-79.9796	-79.9796	-79.9796	-79.9796	-79.9796	-79.9796	-79.9796	-79.9796	-79.9796	-79.9796	-79.9797	-79.9797	-79.9798	-79.98	-79.9805
1.625	-56.5346	-56.7295	-54.732	-50.9446	-45.2919	-37.3028	-26.3998	-12.3433	3.74597	18.33	23.6231	-49.1513	-73.0785	-78.5003	-79.6682	-79.9143	-79.9659	-79.9767	-79.979	-79.9795	-79.9796	-79.9796	-79.9796	-79.9796	-79.9796	-79.9796	-79.9796	-79.9796	-79.9796	-79.9796	-79.9796	-79.9796	-79.9797	-79.9798	-79.98	-79.9805
1.63	-56.7538	-56.9684	-55.0392	-51.362	-45.8716	-38.1042	-27.4709	-13.6693	2.35356	17.2181	23.0385	-46.1083	-72.3053	-78.3105	-79.6245	-79.9048	-79.9639	-79.9763	-79.9789	-79.9794	-79.9796	-79.9796	-79.9796	-79.9796	-79.9796	-79.9796	-79.9796	-79.9796	-79.9796	-79.9796	-79.9796	-79.9796	-79.9797	-79.9798	-79.98	-79.9805
1.635	-56.969	-57.2022	-55.3389	-51.7682	-46.435	-38.8841	-28.5177	-14.9786	0.944829	16.0336	22.3882	-42.1901	-71.4251	-78.1036	-79.5766	-79.8941	-79.9615	-79.9758	-79.9788	-79.9794	-79.9795	-79.9796	-79.9796	-79.9796	-79.9796	-79.9796	-79.9796	-79.9796	-79.9796	-79.9796	-79.9796	-79.9796	-79.9796	-79.9797	-79.98	-79.9805
1.64	-57.1805	-57.4312	-55.6313	-52.1635	-46.9825	-39.643	-29.5402	-16.2699	-0.473589	14.8004	21.7488	-36.8008	-70.3537	-77.8695	-79.5236	-79.8823	-79.9589	-79.9752	-79.9786	-79.9794	-79.9795	-79.9795	-79.9795	-79.9795	-79.9796	-79.9796	-79.9796	-79.9796	-79.9796	-79.9796	-79.9796	-79.9796	-79.9796	-79.9797	-79.9799	-79.9805
1.645	-57.3883	-57.6555	-55.9168	-52.5482	-47.5146	-40.3813	-30.5387	-17.5417	-1.89595	13.5361	21.2021	-29.0071	-68.9615	-77.5918	-79.4636	-79.869	-79.956	-79.9746	-79.9785	-79.9793	-79.9795	-79.9795	-79.9795	-79.9795	-79.9795	-79.9795	-79.9795	-79.9795	-79.9795	-79.9795	-79.9795	-79.9796	-79.9796	-79.9797	-79.9799	-79.9804
1.65	-57.5925	-57.8751	-56.1955	-52.9228	-48.0318	-41.0994	-31.5132	-18.7927	-3.31704	12.2579	20.856	-17.5619	-67.0601	-77.2445	-79.3933	-79.8539	-79.9527	-79.9738	-79.9783	-79.9793	-79.9795	-79.9795	-79.9795	-79.9795	-79.9795	-79.9795	-79.9795	-79.9795	-79.9795	-79.9795	-79.9795	-79.9795	-79.9796	-79.9797	-79.9799	-79.9804
1.655	-57.7933	-58.0904	-56.4677	-53.2876	-48.5345	-41.7978	-32.464	-20.0217	-4.73191	10.9829	20.7993	-2.3065	-64.4829	-76.796	-79.3079	-79.8364	-79.949	-79.973	-79.9781	-79.9792	-79.9794	-79.9795	-79.9795	-79.9795	-79.9795	-79.9795	-79.9795	-79.9795	-79.9795	-79.9795	-79.9795	-79.9795	-79.9796	-79.9797	-79.9799	-79.9804
1.66	-57.9907	-58.3014	-56.7335	-53.6429	-49.0232	-42.4769	-33.3911	-21.2279	-6.13629	9.71819	20.9143	12.2198	-61.3944	-76.2329	-79.2028	-79.8156	-79.9447	-79.9721	-79.9779	-79.9791	-79.9794	-79.9795	-79.9795	-79.9795	-79.9795	-79.9795	-79.9795	-79.9795	-79.9795	-79.9795	-79.9795	-79.9795	-79.9795	-79.9796	-79.9799	-79.9804
1.665	-58.1848	-58.5083	-56.9933	-53.989	-49.4983	-43.1371	-34.295	-22.4102	-7.52757	8.45177	20.8753	20.4137	-58.3105	-75.5816	-79.0763	-79.7908	-79.9396	-79.971	-79.9777	-79.9791	-79.9794	-79.9794	-79.9795	-79.9795	-79.9795	-79.9795	-79.9795	-79.9795	-79.9795	-79.9795	-79.9795	-79.9795	-79.9795	-79.9796	-79.9799	-79.9804
1.67	-58.3757	-58.7111	-57.2472	-54.3264	-49.9603	-43.7789	-35.1757	-23.5683	-8.90491	7.16454	20.4982	23.393	-55.5471	-74.8884	-78.9307	-79.7615	-79.9337	-79.9698	-79.9774	-79.979	-79.9793	-79.9794	-79.9794	-79.9794	-79.9794	-79.9794	-79.9794	-79.9794	-79.9794	-79.9794	-79.9795	-79.9795	-79.9795	-79.9796	-79.9798	-79.9804
1.675	-58.5636	-58.91	-57.4954	-54.6552	-50.4095	-44.4028	-36.0337	-24.7018	-10.2683	5.84503	19.8055	24.0597	-53.054	-74.1848	-78.7702	-79.7279	-79.9268	-79.9683	-79.9771	-79.9789	-79.9793	-79.9794	-79.9794	-79.9794	-79.9794	-79.9794	-79.9794	-79.9794	-79.9794	-79.9794	-79.9794	-79.9795	-79.9795	-79.9796	-79.9798	-79.9803
1.68	-58.7484	-59.1052	-57.7381	-54.9757	-50.8465	-45.0092	-36.8692	-25.8108	-11.6176	4.49234	18.8904	23.8734	-50.5876	-73.4744	-78.5981	-79.6901	-79.9189	-79.9667	-79.9767	-79.9788	-79.9793	-79.9794	-79.9794	-79.9794	-79.9794	-79.9794	-79.9794	-79.9794	-79.9794	-79.9794	-79.9794	-79.9794	-79.9795	-79.9796	-79.9798	-79.9803
1.685	-58.9303	-59.2966	-57.9755	-55.2884	-51.2715	-45.5986	-37.6826	-26.8952	-12.9521	3.11191	17.8328	23.3698	-47.8414	-72.7344	-78.4152	-79.6485	-79.9099	-79.9648	-79.9763	-79.9787	-79.9792	-79.9794	-79.9794	-79.9794	-79.9794	-79.9794	-79.9794	-79.9794	-79.9794	-79.9794	-79.9794	-79.9794	-79.9795	-79.9796	-79.9798	-79.9803
1.69	-59.1094	-59.4845	-58.2076	-55.5933	-51.685	-46.1714	-38.4743	-27.9552	-14.2706	1.71116	16.684	22.7444	-44.4577	-71.9208	-78.2184	-79.603	-79.8998	-79.9626	-79.9758	-79.9786	-79.9792	-79.9793	-79.9794	-79.9794	-79.9794	-79.9794	-79.9794	-79.9794	-79.9794	-79.9794	-79.9794	-79.9794	-79.9794	-79.9795	-79.9798	-79.9803
1.695	-59.2856	-59.669	-58.4348	-55.8909	-52.0875	-46.7281	-39.2448	-28.991	-15.5719	0.297236	15.4749	22.09	-39.9584	-70.9659	-78.0007	-79.5529	-79.8886	-79.9602	-79.9753	-79.9785	-79.9792	-79.9793	-79.9793	-79.9793	-79.9793	-79.9793	-79.9793	-79.9794	-79.9794	-79.9794	-79.9794	-79.9794	-79.9794	-79.9795	-79.9798	-79.9803
1.7	-59.4592	-59.85	-58.6571	-56.1812	-52.4792	-47.2691	-39.9945	-30.0026	-16.8544	-1.12365	14.2254	21.4814	-33.6124	-69.7677	-77.7493	-79.497	-79.8762	-79.9575	-79.9747	-79.9784	-79.9791	-79.9793	-79.9793	-79.9793	-79.9793	-79.9793	-79.9793	-79.9793	-79.9793	-79.9793	-79.9793	-79.9794	-79.9794	-79.9795	-79.9797	-79.9803
1.705	-59.63	-60.0278	-58.8747	-56.4647	-52.8606	-47.795	-40.7237	-30.9901	-18.1169	-2.54606	12.9525	21.0115	-24.3045	-68.1693	-77.4435	-79.4328	-79.8622	-79.9544	-79.974	-79.9782	-79.9791	-79.9793	-79.9793	-79.9793	-79.9793	-79.9793	-79.9793	-79.9793	-79.9793	-79.9793	-79.9793	-79.9793	-79.9794	-79.9795	-79.9797	-79.9802
1.71	-59.7983	-60.2023	-59.0877	-56.7414	-53.2319	-48.3062	-41.433	-31.9538	-19.358	-3.9649	11.6739	20.7933	-10.9409	-65.9693	-77.0537	-79.3562	-79.8461	-79.9509	-79.9733	-79.978	-79.979	-79.9792	-79.9793	-79.9793	-79.9793	-79.9793	-79.9793	-79.9793	-79.9793	-79.9793	-79.9793	-79.9793	-79.9794	-79.9795	-79.9797	-79.9802
1.715	-59.964	-60.3737	-59.2963	-57.0116	-53.5936	-48.8031	-42.1227	-32.8939	-20.5767	-5.37543	10.4039	20.8489	4.87587	-63.107	-76.5522	-79.2623	-79.8271	-79.9469	-79.9724	-79.9778	-79.979	-79.9792	-79.9793	-79.9793	-79.9793	-79.9793	-79.9793	-79.9793	-79.9793	-79.9793	-79.9793	-79.9793	-79.9794	-79.9795	-79.9797	-79.9802
1.72	-60.1272	-60.5422	-59.5006	-57.2756	-53.9459	-49.2862	-42.7934	-33.8104	-21.7721	-6.77404	9.14076	20.9322	16.813	-59.9571	-75.9435	-79.1474	-79.8046	-79.9423	-79.9714	-79.9776	-79.9789	-79.9792	-79.9792	-79.9793	-79.9793	-79.9793	-79.9793	-79.9793	-79.9793	-79.9793	-79.9793	-79.9793	-79.9793	-79.9794	-79.9797	-79.9802
1.725	-60.2879	-60.7076	-59.7007	-57.5335	-54.2892	-49.7559	-43.4454	-34.7037	-22.9434	-8.15898	7.86696	20.7465	22.216	-57.005	-75.2676	-79.0117	-79.7778	-79.9368	-79.9703	-79.9773	-79.9788	-79.9792	-79.9792	-79.9792	-79.9792	-79.9792	-79.9792	-79.9792	-79.9792	-79.9792	-79.9793	-79.9793	-79.9793	-79.9794	-79.9797	-79.9802
1.73	-60.4463	-60.8702	-59.8967	-57.7855	-54.6239	-50.2127	-44.0793	-35.5741	-24.0903	-9.52993	6.56572	20.2152	23.8644	-54.3874	-74.5673	-78.8588	-79.7465	-79.9305	-79.9689	-79.9771	-79.9788	-79.9791	-79.9792	-79.9792	-79.9792	-79.9792	-79.9792	-79.9792	-79.9792	-79.9792	-79.9792	-79.9793	-79.9793	-79.9794	-79.9796	-79.9802
1.735	-60.6022	-61.0299	-60.0888	-58.0319	-54.9501	-50.6569	-44.6954	-36.4218	-25.2126	-10.8869	5.23067	19.4093	24.0352	-51.9421	-73.8619	-78.6927	-79.7109	-79.9231	-79.9674	-79.9767	-79.9787	-79.9791	-79.9792	-79.9792	-79.9792	-79.9792	-79.9792	-79.9792	-79.9792	-79.9792	-79.9792	-79.9792	-79.9793	-79.9794	-79.9796	-79.9801
1.74	-60.7559	-61.1869	-60.277	-58.2727	-55.2682	-51.089	-45.2942	-37.2473	-26.3103	-12.2296	3.86444	18.421	23.6665	-49.3883	-73.1422	-78.5158	-79.6714	-79.9147	-79.9656	-79.9763	-79.9786	-79.9791	-79.9792	-79.9792	-79.9792	-79.9792	-79.9792	-79.9792	-79.9792	-79.9792	-79.9792	-79.9792	-79.9793	-79.9794	-79.9796	-79.9801
1.745	-60.9073	-61.3412	-60.4615	-58.5081	-55.5784	-51.5095	-45.8762	-38.0508	-27.3836	-13.5569	2.4738	17.3169	23.0923	-46.4002	-72.3753	-78.3272	-79.628	-79.9052	-79.9636	-79.9759	-79.9785	-79.979	-79.9791	-79.9792	-79.9792	-79.9792	-79.9792	-79.9792	-79.9792	-79.9792	-79.9792	-79.9792	-79.9792	-79.9793	-79.9796	-79.9801
1.75	-61.0565	-61.4929	-60.6424	-58.7384	-55.8811	-51.9186	-46.4418	-38.8329	-28.4326	-14.8678	1.0662	16.1376	22.4444	-42.578	-71.5073	-78.122	-79.5805	-79.8947	-79.9613	-79.9754	-79.9784	-79.979	-79.9791	-79.9791	-79.9792	-79.9792	-79.9792	-79.9792	-79.9792	-79.9792	-79.9792	-79.9792	-79.9792	-79.9793	-79.9796	-79.9801
1.755	-61.2035	-61.642	-60.8198	-58.9636	-56.1764	-52.3167	-46.9916	-39.5939	-29.4573	-16.1606	-0.351615	14.9078	21.8011	-37.3476	-70.4568	-77.8909	-79.5281	-79.8829	-79.9588	-79.9748	-79.9782	-79.979	-79.9791	-79.9791	-79.9791	-79.9791	-79.9791	-79.9791	-79.9791	-79.9791	-79.9791	-79.9792	-79.9792	-79.9793	-79.9795	-79.9801
1.76	-61.3484	-61.7887	-60.9937	-59.184	-56.4646	-52.7043	-47.526	-40.3342	-30.4579	-17.4342	-1.77384	13.6456	21.2424	-29.8103	-69.0991	-77.6178	-79.4688	-79.8698	-79.9559	-79.9742	-79.9781	-79.9789	-79.9791	-79.9791	-79.9791	-79.9791	-79.9791	-79.9791	-79.9791	-79.9791	-79.9791	-79.9791	-79.9792	-79.9793	-79.9795	-79.9801
1.765	-61.4911	-61.9329	-61.1642	-59.3996	-56.7459	-53.0817	-48.0454	-41.0544	-31.4346	-18.687	-3.19523	12.3678	20.8742	-18.7258	-67.2503	-77.2778	-79.3995	-79.8549	-79.9526	-79.9735	-79.9779	-79.9789	-79.979	-79.9791	-79.9791	-79.9791	-79.9791	-79.9791	-79.9791	-79.9791	-79.9791	-79.9791	-79.9792	-79.9793	-79.9795	-79.98
1.77	-61.6318	-62.0747	-61.3315	-59.6106	-57.0207	-53.4492	-48.5503	-41.7548	-32.3874	-19.918	-4.61083	11.092	20.7926	-3.70873	-64.7327	-76.8392	-79.3156	-79.8376	-79.9489	-79.9727	-79.9777	-79.9788	-79.979	-79.9791	-79.9791	-79.9791	-79.9791	-79.9791	-79.9791	-79.9791	-79.9791	-79.9791	-79.9792	-79.9793	-79.9795	-79.98
1.775	-61.7704	-62.2141	-61.4956	-59.8172	-57.289	-53.8073	-49.0411	-42.4359	-33.3167	-21.1262	-6.01625	9.82664	20.905	11.1729	-61.6696	-76.2855	-79.2123	-79.8171	-79.9447	-79.9718	-79.9775	-79.9787	-79.979	-79.9791	-79.9791	-79.9791	-79.9791	-79.9791	-79.9791	-79.9791	-79.9791	-79.9791	-79.9791	-79.9792	-79.9795	-79.98
1.78	-61.907	-62.3513	-61.6566	-60.0194	-57.551	-54.1561	-49.5183	-43.0981	-34.2227	-22.3106	-7.40871	8.56116	20.8903	19.9567	-58.567	-75.6401	-79.0877	-79.7927	-79.9397	-79.9707	-79.9773	-79.9787	-79.979	-79.979	-79.979	-79.979	-79.979	-79.979	-79.9791	-79.9791	-79.9791	-79.9791	-79.9791	-79.9792	-79.9795	-79.98
1.785	-62.0417	-62.4862	-61.8146	-60.2174	-57.8071	-54.496	-49.9823	-43.7418	-35.1055	-23.4708	-8.78726	7.27635	20.5436	23.257	-55.7735	-74.9489	-78.9436	-79.7638	-79.9338	-79.9695	-79.977	-79.9786	-79.9789	-79.979	-79.979	-79.979	-79.979	-79.979	-79.979	-79.979	-79.979	-79.9791	-79.9791	-79.9792	-79.9794	-79.98
1.79	-62.1744	-62.619	-61.9696	-60.4113	-58.0573	-54.8274	-50.4336	-44.3676	-35.9655	-24.6065	-10.1518	5.95981	19.8749	24.0471	-53.2651	-74.2456	-78.7842	-79.7306	-79.927	-79.9681	-79.9767	-79.9785	-79.9789	-79.979	-79.979	-79.979	-79.979	-79.979	-79.979	-79.979	-79.979	-79.979	-79.9791	-79.9792	-79.9794	-79.98
1.795	-62.3051	-62.7496	-62.1217	-60.6011	-58.3018	-55.1505	-50.8726	-44.9759	-36.803	-25.7176	-11.5023	4.60984	18.9755	23.9056	-50.808	-73.5364	-78.6131	-79.6931	-79.9192	-79.9664	-79.9763	-79.9784	-79.9789	-79.979	-79.979	-79.979	-79.979	-79.979	-79.979	-79.979	-79.979	-79.979	-79.9791	-79.9792	-79.9794	-79.9799
1.8	-62.434	-62.8781	-62.2711	-60.7872	-58.5409	-55.4655	-51.2996	-45.5671	-37.6185	-26.8041	-12.8382	3.23153	17.9278	23.4192	-48.0993	-72.8005	-78.4311	-79.6519	-79.9103	-79.9646	-79.9759	-79.9783	-79.9788	-79.979	-79.979	-79.979	-79.979	-79.979	-79.979	-79.979	-79.979	-79.979	-79.9791	-79.9792	-79.9794	-79.9799
1.805	-62.5611	-63.0045	-62.4177	-60.9694	-58.7747	-55.7728	-51.7151	-46.1417	-38.4122	-27.8663	-14.1581	1.83225	16.7855	22.8001	-44.7874	-71.9955	-78.2358	-79.6067	-79.9003	-79.9624	-79.9755	-79.9782	-79.9788	-79.9789	-79.979	-79.979	-79.979	-79.979	-79.979	-79.979	-79.979	-79.979	-79.979	-79.9791	-79.9794	-79.9799
1.81	-62.6863	-63.129	-62.5616	-61.1479	-59.0032	-56.0727	-52.1194	-46.7001	-39.1846	-28.9042	-15.461	0.419215	15.5807	22.1453	-40.4092	-71.0563	-78.0203	-79.5571	-79.8893	-79.96	-79.975	-79.9781	-79.9788	-79.9789	-79.9789	-79.979	-79.979	-79.979	-79.979	-79.979	-79.979	-79.979	-79.979	-79.9791	-79.9794	-79.9799
1.815	-62.8097	-63.2514	-62.703	-61.3229	-59.2268	-56.3653	-52.513	-47.2429	-39.9361	-29.9179	-16.7452	-1.00129	14.334	21.5294	-34.2621	-69.8845	-77.7725	-79.5018	-79.8769	-79.9573	-79.9744	-79.978	-79.9787	-79.9789	-79.9789	-79.9789	-79.9789	-79.9789	-79.9789	-79.9789	-79.9789	-79.979	-79.979	-79.9791	-79.9793	-79.9799
1.82	-62.9313	-63.3719	-62.8418	-61.4944	-59.4455	-56.6509	-52.8962	-47.7705	-40.6673	-30.9075	-18.0094	-2.42376	13.0625	21.043	-25.2638	-68.3287	-77.4725	-79.4384	-79.8631	-79.9543	-79.9737	-79.9778	-79.9787	-79.9789	-79.9789	-79.9789	-79.9789	-79.9789	-79.9789	-79.9789	-79.9789	-79.9789	-79.979	-79.9791	-79.9793	-79.9799
1.825	-63.0512	-63.4906	-62.9781	-61.6625	-59.6595	-56.9297	-53.2693	-48.2833	-41.3784	-31.8733	-19.2524	-3.8431	11.7837	20.7993	-12.2598	-66.1879	-77.0913	-79.3631	-79.8472	-79.9508	-79.9729	-79.9776	-79.9786	-79.9788	-79.9789	-79.9789	-79.9789	-79.9789	-79.9789	-79.9789	-79.9789	-79.9789	-79.979	-79.9791	-79.9793	-79.9799
1.83	-63.1693	-63.6073	-63.1119	-61.8273	-59.869	-57.2019	-53.6328	-48.7818	-42.0699	-32.8154	-20.4731	-5.25451	10.5127	20.8369	3.55443	-63.3749	-76.6	-79.2709	-79.8285	-79.9469	-79.9721	-79.9774	-79.9786	-79.9788	-79.9789	-79.9789	-79.9789	-79.9789	-79.9789	-79.9789	-79.9789	-79.9789	-79.979	-79.9791	-79.9793	-79.9798
1.835	-63.2858	-63.7223	-63.2434	-61.9888	-60.0739	-57.4679	-53.9868	-49.2665	-42.7424	-33.734	-21.6705	-6.65424	9.24954	20.9318	16.0558	-60.2276	-75.9993	-79.1578	-79.8063	-79.9423	-79.9711	-79.9772	-79.9785	-79.9788	-79.9789	-79.9789	-79.9789	-79.9789	-79.9789	-79.9789	-79.9789	-79.9789	-79.9789	-79.979	-79.9793	-79.9798
1.84	-63.4006	-63.8354	-63.3726	-62.1472	-60.2745	-57.7276	-54.3318	-49.7378	-43.3961	-34.6294	-22.8439	-8.04038	7.97744	20.7758	21.9403	-57.2472	-75.3274	-79.0239	-79.7799	-79.9369	-79.97	-79.977	-79.9784	-79.9788	-79.9788	-79.9788	-79.9788	-79.9788	-79.9789	-79.9789	-79.9789	-79.9789	-79.9789	-79.979	-79.9793	-79.9798
1.845	-63.5137	-63.9469	-63.4995	-62.3026	-60.471	-57.9814	-54.6681	-50.1961	-44.0317	-35.5017	-23.9929	-9.41254	6.679	20.2727	23.8003	-54.6042	-74.628	-78.8723	-79.749	-79.9306	-79.9687	-79.9767	-79.9784	-79.9787	-79.9788	-79.9788	-79.9788	-79.9788	-79.9788	-79.9788	-79.9788	-79.9789	-79.9789	-79.979	-79.9792	-79.9798
1.85	-63.6252	-64.0565	-63.6243	-62.455	-60.6633	-58.2295	-54.9959	-50.6418	-44.6494	-36.3514	-25.1173	-10.7707	5.34688	19.4868	24.0485	-52.1542	-73.9231	-78.7072	-79.7138	-79.9234	-79.9672	-79.9763	-79.9783	-79.9787	-79.9788	-79.9788	-79.9788	-79.9788	-79.9788	-79.9788	-79.9788	-79.9788	-79.9789	-79.979	-79.9792	-79.9798
1.855	-63.7351	-64.1646	-63.7468	-62.6044	-60.8516	-58.4719	-55.3155	-51.0753	-45.2499	-37.1788	-26.2172	-12.1146	3.98312	18.5112	23.7087	-49.6221	-73.2056	-78.5312	-79.6746	-79.9151	-79.9654	-79.976	-79.9782	-79.9787	-79.9788	-79.9788	-79.9788	-79.9788	-79.9788	-79.9788	-79.9788	-79.9788	-79.9789	-79.979	-79.9792	-79.9798
1.86	-63.8435	-64.2709	-63.8673	-62.751	-61.0361	-58.709	-55.6273	-51.4972	-45.8335	-37.9843	-27.2926	-13.4434	2.59429	17.4153	23.1456	-46.686	-72.4446	-78.3437	-79.6315	-79.9057	-79.9634	-79.9755	-79.9781	-79.9786	-79.9787	-79.9788	-79.9788	-79.9788	-79.9788	-79.9788	-79.9788	-79.9788	-79.9789	-79.979	-79.9792	-79.9798
1.865	-63.9503	-64.3756	-63.9856	-62.8949	-61.2167	-58.9407	-55.9314	-51.9076	-46.4007	-38.7682	-28.3437	-14.7557	1.18789	16.2413	22.5007	-42.9556	-71.5881	-78.1403	-79.5844	-79.8952	-79.9612	-79.9751	-79.978	-79.9786	-79.9787	-79.9788	-79.9788	-79.9788	-79.9788	-79.9788	-79.9788	-79.9788	-79.9788	-79.9789	-79.9792	-79.9797
1.87	-64.0555	-64.4788	-64.102	-63.036	-61.3937	-59.1674	-56.2282	-52.3071	-46.9519	-39.5311	-29.3705	-16.0502	-0.229272	15.0152	21.8541	-37.8774	-70.5577	-77.9119	-79.5325	-79.8836	-79.9586	-79.9745	-79.9779	-79.9786	-79.9787	-79.9787	-79.9787	-79.9787	-79.9787	-79.9788	-79.9788	-79.9788	-79.9788	-79.9789	-79.9792	-79.9797
1.875	-64.1593	-64.5804	-64.2164	-63.1745	-61.5672	-59.3891	-56.5178	-52.696	-47.4878	-40.2732	-30.3732	-17.3254	-1.65132	13.7551	21.2843	-30.5868	-69.2331	-77.6434	-79.4739	-79.8706	-79.9558	-79.9739	-79.9777	-79.9785	-79.9787	-79.9787	-79.9787	-79.9787	-79.9787	-79.9787	-79.9787	-79.9788	-79.9788	-79.9789	-79.9792	-79.9797
1.88	-64.2616	-64.6804	-64.3288	-63.3105	-61.7371	-59.6059	-56.8005	-53.0747	-48.0086	-40.9952	-31.3519	-18.5801	-3.07298	12.478	20.8948	-19.8573	-67.4354	-77.3104	-79.4056	-79.8559	-79.9525	-79.9732	-79.9775	-79.9785	-79.9787	-79.9787	-79.9787	-79.9787	-79.9787	-79.9787	-79.9787	-79.9787	-79.9788	-79.9789	-79.9791	-79.9797
1.885	-64.3624	-64.779	-64.4394	-63.4439	-61.9037	-59.8181	-57.0765	-53.4435	-48.5149	-41.6973	-32.3068	-19.813	-4.48926	11.2014	20.7875	-5.10956	-64.9781	-76.8815	-79.3232	-79.8388	-79.9489	-79.9724	-79.9774	-79.9784	-79.9786	-79.9787	-79.9787	-79.9787	-79.9787	-79.9787	-79.9787	-79.9787	-79.9788	-79.9789	-79.9791	-79.9797
1.89	-64.4618	-64.8761	-64.5481	-63.5748	-62.0669	-60.0258	-57.3461	-53.8027	-49.0071	-42.3801	-33.2382	-21.0232	-5.89569	9.9353	20.8946	10.0729	-61.9448	-76.3374	-79.2218	-79.8187	-79.9447	-79.9715	-79.9771	-79.9784	-79.9786	-79.9787	-79.9787	-79.9787	-79.9787	-79.9787	-79.9787	-79.9787	-79.9788	-79.9789	-79.9791	-79.9797
1.895	-64.5598	-64.9717	-64.655	-63.7034	-62.2269	-60.229	-57.6094	-54.1527	-49.4856	-43.0439	-34.1461	-22.2097	-7.28933	8.67059	20.9026	19.4576	-58.8262	-75.6982	-79.0989	-79.7946	-79.9398	-79.9704	-79.9769	-79.9783	-79.9786	-79.9786	-79.9787	-79.9787	-79.9787	-79.9787	-79.9787	-79.9787	-79.9787	-79.9789	-79.9791	-79.9796
1.9	-64.6563	-65.0659	-64.7602	-63.8297	-62.3838	-60.428	-57.8666	-54.4938	-49.9509	-43.6893	-35.0309	-23.372	-8.66908	7.3881	20.5867	23.1032	-56.0023	-75.0093	-78.9564	-79.7661	-79.934	-79.9692	-79.9766	-79.9782	-79.9786	-79.9786	-79.9786	-79.9786	-79.9786	-79.9787	-79.9787	-79.9787	-79.9787	-79.9788	-79.9791	-79.9796
1.905	-64.7515	-65.1587	-64.8636	-63.9536	-62.5376	-60.6227	-58.118	-54.8263	-50.4035	-44.3167	-35.8929	-24.5098	-10.0349	6.07453	19.9426	24.028	-53.4767	-74.3065	-78.7982	-79.7332	-79.9273	-79.9678	-79.9763	-79.9781	-79.9785	-79.9786	-79.9786	-79.9786	-79.9786	-79.9786	-79.9786	-79.9787	-79.9787	-79.9788	-79.9791	-79.9796
1.91	-64.8454	-65.2502	-64.9653	-64.0754	-62.6884	-60.8134	-58.3637	-55.1504	-50.8436	-44.9265	-36.7324	-25.623	-11.3866	4.72733	19.0595	23.9355	-51.0266	-73.5982	-78.628	-79.6962	-79.9195	-79.9662	-79.976	-79.9781	-79.9785	-79.9786	-79.9786	-79.9786	-79.9786	-79.9786	-79.9786	-79.9786	-79.9787	-79.9788	-79.979	-79.9796
1.915	-64.9379	-65.3403	-65.0654	-64.1949	-62.8363	-61.0002	-58.6038	-55.4665	-51.2718	-45.5192	-37.5497	-26.7117	-12.7237	3.35119	18.0223	23.4678	-48.3527	-72.866	-78.447	-79.6552	-79.9107	-79.9643	-79.9756	-79.978	-79.9785	-79.9786	-79.9786	-79.9786	-79.9786	-79.9786	-79.9786	-79.9786	-79.9787	-79.9788	-79.979	-79.9796
1.92	-65.0291	-65.4291	-65.1639	-64.3123	-62.9814	-61.1831	-58.8386	-55.7749	-51.6885	-46.0953	-38.3453	-27.7759	-14.0451	1.95344	16.8867	22.8556	-45.1093	-72.0692	-78.2531	-79.6104	-79.9009	-79.9622	-79.9751	-79.9779	-79.9784	-79.9785	-79.9786	-79.9786	-79.9786	-79.9786	-79.9786	-79.9786	-79.9787	-79.9788	-79.979	-79.9796
1.925	-65.119	-65.5166	-65.2608	-64.4277	-63.1237	-61.3622	-59.0682	-56.0757	-52.0939	-46.6552	-39.1195	-28.8159	-15.3494	0.541345	15.6864	22.201	-40.8471	-71.1451	-78.0397	-79.5612	-79.8899	-79.9598	-79.9746	-79.9777	-79.9784	-79.9785	-79.9786	-79.9786	-79.9786	-79.9786	-79.9786	-79.9786	-79.9786	-79.9788	-79.979	-79.9795
1.93	-65.2076	-65.6029	-65.3561	-64.541	-63.2633	-61.5377	-59.2927	-56.3693	-52.4886	-47.1994	-39.8729	-29.8316	-16.6353	-0.878729	14.4426	21.5785	-34.8906	-69.9986	-77.7953	-79.5065	-79.8777	-79.9572	-79.974	-79.9776	-79.9783	-79.9785	-79.9785	-79.9785	-79.9785	-79.9786	-79.9786	-79.9786	-79.9786	-79.9787	-79.979	-79.9795
1.935	-65.295	-65.6879	-65.4499	-64.6524	-63.4003	-61.7097	-59.5124	-56.6558	-52.8728	-47.7283	-40.6058	-30.8234	-17.9013	-2.30123	13.1726	21.0765	-26.1921	-68.4837	-77.501	-79.4439	-79.8639	-79.9541	-79.9734	-79.9774	-79.9783	-79.9785	-79.9785	-79.9785	-79.9785	-79.9785	-79.9785	-79.9786	-79.9786	-79.9787	-79.979	-79.9795
1.94	-65.3811	-65.7717	-65.5423	-64.7618	-63.5346	-61.8782	-59.7273	-56.9356	-53.247	-48.2424	-41.3186	-31.7912	-19.1462	-3.72103	11.8937	20.8076	-13.5533	-66.4012	-77.1281	-79.3699	-79.8483	-79.9507	-79.9726	-79.9773	-79.9782	-79.9785	-79.9785	-79.9785	-79.9785	-79.9785	-79.9785	-79.9785	-79.9786	-79.9787	-79.979	-79.9795
1.945	-65.4661	-65.8542	-65.6332	-64.8693	-63.6665	-62.0433	-59.9375	-57.2087	-53.6114	-48.7422	-42.0119	-32.7353	-20.3688	-5.1333	10.6217	20.8254	2.20512	-63.6403	-76.647	-79.2793	-79.8299	-79.9468	-79.9718	-79.9771	-79.9782	-79.9784	-79.9785	-79.9785	-79.9785	-79.9785	-79.9785	-79.9785	-79.9786	-79.9787	-79.9789	-79.9795
1.95	-65.5498	-65.9357	-65.7226	-64.975	-63.796	-62.2051	-60.1433	-57.4755	-53.9664	-49.2282	-42.6859	-33.656	-21.5683	-6.53413	9.35837	20.9295	15.2437	-60.4997	-76.0547	-79.1681	-79.808	-79.9423	-79.9708	-79.9769	-79.9781	-79.9784	-79.9785	-79.9785	-79.9785	-79.9785	-79.9785	-79.9785	-79.9786	-79.9787	-79.9789	-79.9795
1.955	-65.6324	-66.0159	-65.8107	-65.0789	-63.923	-62.3637	-60.3447	-57.7361	-54.3123	-49.7006	-43.3413	-34.5533	-22.7438	-7.92147	8.08784	20.8024	21.635	-57.4923	-75.387	-79.0359	-79.782	-79.937	-79.9697	-79.9766	-79.9781	-79.9784	-79.9784	-79.9785	-79.9785	-79.9785	-79.9785	-79.9785	-79.9785	-79.9787	-79.9789	-79.9795
1.96	-65.7138	-66.095	-65.8975	-65.181	-64.0477	-62.5192	-60.5418	-57.9907	-54.6495	-50.1601	-43.9784	-35.4276	-23.8949	-9.29483	6.79214	20.3282	23.7248	-54.8226	-74.6888	-78.8857	-79.7515	-79.9309	-79.9684	-79.9763	-79.978	-79.9784	-79.9784	-79.9784	-79.9784	-79.9785	-79.9785	-79.9785	-79.9785	-79.9786	-79.9789	-79.9794
1.965	-65.7941	-66.173	-65.9828	-65.2814	-64.1702	-62.6717	-60.7348	-58.2396	-54.9782	-50.6069	-44.5977	-36.2793	-25.0214	-10.6542	5.46297	19.5629	24.0578	-52.3658	-73.9842	-78.7216	-79.7166	-79.9237	-79.9669	-79.976	-79.9779	-79.9783	-79.9784	-79.9784	-79.9784	-79.9784	-79.9784	-79.9785	-79.9785	-79.9786	-79.9789	-79.9794
1.97	-65.8733	-66.2499	-66.0669	-65.3801	-64.2904	-62.8212	-60.9238	-58.4828	-55.2987	-51.0416	-45.1997	-37.1086	-26.1234	-11.9994	4.10174	18.6006	23.7493	-49.853	-73.2687	-78.5465	-79.6777	-79.9154	-79.9652	-79.9756	-79.9778	-79.9783	-79.9784	-79.9784	-79.9784	-79.9784	-79.9784	-79.9785	-79.9785	-79.9786	-79.9789	-79.9794
1.975	-65.9513	-66.3258	-66.1497	-65.4772	-64.4084	-62.9678	-61.1089	-58.7205	-55.6113	-51.4645	-45.7847	-37.9159	-27.2009	-13.3295	2.71479	17.5132	23.1983	-46.9661	-72.5133	-78.3602	-79.635	-79.9062	-79.9632	-79.9752	-79.9777	-79.9783	-79.9784	-79.9784	-79.9784	-79.9784	-79.9784	-79.9784	-79.9785	-79.9786	-79.9788	-79.9794
1.98	-66.0283	-66.4006	-66.2313	-65.5727	-64.5243	-63.1116	-61.2902	-58.953	-55.9162	-51.876	-46.3533	-38.7017	-28.2541	-14.6432	1.30964	16.3448	22.5571	-43.3234	-71.6677	-78.1584	-79.5883	-79.8958	-79.961	-79.9747	-79.9776	-79.9782	-79.9783	-79.9784	-79.9784	-79.9784	-79.9784	-79.9784	-79.9785	-79.9786	-79.9788	-79.9794
1.985	-66.1042	-66.4743	-66.3116	-65.6666	-64.6382	-63.2527	-61.4678	-59.1803	-56.2137	-52.2765	-46.906	-39.4664	-29.283	-15.9393	-0.106828	15.1224	21.9077	-38.391	-70.6564	-77.9327	-79.5368	-79.8843	-79.9585	-79.9742	-79.9775	-79.9782	-79.9783	-79.9784	-79.9784	-79.9784	-79.9784	-79.9784	-79.9784	-79.9786	-79.9788	-79.9794
1.99	-66.1791	-66.5471	-66.3908	-65.7589	-64.75	-63.391	-61.6417	-59.4027	-56.5041	-52.6663	-47.4432	-40.2103	-30.2877	-17.2163	-1.52866	13.8646	21.3275	-31.3375	-69.3637	-77.6685	-79.4789	-79.8714	-79.9556	-79.9735	-79.9773	-79.9781	-79.9783	-79.9783	-79.9784	-79.9784	-79.9784	-79.9784	-79.9784	-79.9785	-79.9788	-79.9794
1.995	-66.2529	-66.6188	-66.4687	-65.8498	-64.8599	-63.5267	-61.8122	-59.6202	-56.7875	-53.0459	-47.9653	-40.934	-31.2685	-18.4728	-2.95055	12.5883	20.9177	-20.9561	-67.6154	-77.3423	-79.4117	-79.8569	-79.9525	-79.9728	-79.9772	-79.9781	-79.9783	-79.9783	-79.9783	-79.9783	-79.9783	-79.9784	-79.9784	-79.9785	-79.9788	-79.9793
2	-66.3257	-66.6896	-66.5456	-65.9392	-64.9678	-63.6599	-61.9792	-59.8331	-57.0643	-53.4156	-48.4728	-41.6378	-32.2255	-19.7076	-4.36748	11.311	20.7844	-6.50397	-65.2188	-76.9229	-79.3307	-79.8401	-79.9488	-79.9721	-79.977	-79.978	-79.9783	-79.9783	-79.9783	-79.9783	-79.9783	-79.9784	-79.9784	-79.9785	-79.9788	-79.9793
2.005	-66.3976	-66.7594	-66.6212	-66.0271	-65.0738	-63.7906	-62.1428	-60.0413	-57.3345	-53.7757	-48.9662	-42.3223	-33.1589	-20.9198	-5.7749	10.0441	20.8834	8.92236	-62.2196	-76.3887	-79.231	-79.8202	-79.9447	-79.9712	-79.9768	-79.978	-79.9782	-79.9783	-79.9783	-79.9783	-79.9783	-79.9783	-79.9784	-79.9785	-79.9787	-79.9793
2.01	-66.4684	-66.8282	-66.6958	-66.1137	-65.178	-63.9189	-62.3033	-60.2451	-57.5985	-54.1266	-49.446	-42.9877	-34.0688	-22.1083	-7.16971	8.77998	20.9125	18.9138	-59.088	-75.7561	-79.1101	-79.7965	-79.9398	-79.9701	-79.9766	-79.9779	-79.9782	-79.9783	-79.9783	-79.9783	-79.9783	-79.9783	-79.9784	-79.9785	-79.9787	-79.9793
2.015	-66.5383	-66.8962	-66.7693	-66.1988	-65.2805	-64.0447	-62.4605	-60.4446	-57.8564	-54.4685	-49.9124	-43.6347	-34.9556	-23.2727	-8.55066	7.49972	20.6274	22.9301	-56.2336	-75.0697	-78.9691	-79.7684	-79.9342	-79.9689	-79.9763	-79.9779	-79.9782	-79.9783	-79.9783	-79.9783	-79.9783	-79.9783	-79.9784	-79.9785	-79.9787	-79.9793
2.02	-66.6072	-66.9632	-66.8418	-66.2827	-65.3811	-64.1683	-62.6147	-60.6399	-58.1084	-54.8017	-50.3661	-44.2636	-35.8196	-24.4126	-9.91764	6.18909	20.0086	24.002	-53.689	-74.3673	-78.8121	-79.7359	-79.9275	-79.9676	-79.976	-79.9778	-79.9782	-79.9782	-79.9783	-79.9783	-79.9783	-79.9783	-79.9783	-79.9784	-79.9787	-79.9793
2.025	-66.6752	-67.0293	-66.9132	-66.3652	-65.4801	-64.2896	-62.7658	-60.8312	-58.3547	-55.1267	-50.8073	-44.8749	-36.6609	-25.528	-11.2706	4.8447	19.1426	23.9629	-51.2437	-73.66	-78.6428	-79.6992	-79.9199	-79.966	-79.9757	-79.9777	-79.9781	-79.9782	-79.9782	-79.9782	-79.9783	-79.9783	-79.9783	-79.9784	-79.9787	-79.9792
2.03	-66.7423	-67.0946	-66.9836	-66.4464	-65.5774	-64.4087	-62.914	-61.0184	-58.5954	-55.4435	-51.2366	-45.4691	-37.4802	-26.6188	-12.609	3.4708	18.1161	23.5154	-48.6021	-72.9311	-78.4628	-79.6585	-79.9112	-79.9641	-79.9753	-79.9776	-79.9781	-79.9782	-79.9782	-79.9782	-79.9782	-79.9783	-79.9783	-79.9784	-79.9787	-79.9792
2.035	-66.8085	-67.159	-67.053	-66.5264	-65.673	-64.5256	-63.0594	-61.2018	-58.8308	-55.7526	-51.6542	-46.0466	-38.2776	-27.6851	-13.9318	2.07464	16.9875	22.9108	-45.4238	-72.1421	-78.2702	-79.6141	-79.9014	-79.9621	-79.9748	-79.9775	-79.9781	-79.9782	-79.9782	-79.9782	-79.9782	-79.9782	-79.9783	-79.9784	-79.9787	-79.9792
2.04	-66.8738	-67.2226	-67.1215	-66.6052	-65.767	-64.6405	-63.2019	-61.3814	-59.0609	-56.0541	-52.0606	-46.6079	-39.0537	-28.7272	-15.2377	0.663522	15.7918	22.2569	-41.2726	-71.2322	-78.0589	-79.5653	-79.8905	-79.9597	-79.9743	-79.9774	-79.978	-79.9782	-79.9782	-79.9782	-79.9782	-79.9782	-79.9783	-79.9784	-79.9786	-79.9792
2.045	-66.9382	-67.2853	-67.1889	-66.6827	-65.8595	-64.7533	-63.3418	-61.5574	-59.286	-56.3484	-52.4562	-47.1534	-39.8088	-29.745	-16.5252	-0.756082	14.5511	21.6285	-35.4989	-70.1099	-77.8179	-79.5111	-79.8784	-79.957	-79.9737	-79.9772	-79.978	-79.9781	-79.9782	-79.9782	-79.9782	-79.9782	-79.9783	-79.9784	-79.9786	-79.9792
2.05	-67.0018	-67.3472	-67.2555	-66.7591	-65.9505	-64.864	-63.4789	-61.7298	-59.5062	-56.6356	-52.8414	-47.6836	-40.5435	-30.7388	-17.7929	-2.17857	13.2827	21.1118	-27.0901	-68.6345	-77.5288	-79.4494	-79.8648	-79.9541	-79.9731	-79.9771	-79.9779	-79.9781	-79.9782	-79.9782	-79.9782	-79.9782	-79.9782	-79.9784	-79.9786	-79.9792
2.055	-67.0646	-67.4083	-67.3211	-66.8344	-66.04	-64.9728	-63.6135	-61.8987	-59.7216	-56.9159	-53.2164	-48.199	-41.258	-31.7087	-19.0397	-3.5988	12.0038	20.8184	-14.8192	-66.6091	-77.1641	-79.3765	-79.8493	-79.9507	-79.9723	-79.9769	-79.9779	-79.9781	-79.9781	-79.9781	-79.9782	-79.9782	-79.9782	-79.9783	-79.9786	-79.9792
2.06	-67.1265	-67.4687	-67.3859	-66.9085	-66.128	-65.0798	-63.7455	-62.0642	-59.9323	-57.1897	-53.5817	-48.7001	-41.9529	-32.6549	-20.2643	-5.01189	10.7309	20.8147	0.833572	-63.9027	-76.6931	-79.2876	-79.8312	-79.9468	-79.9715	-79.9767	-79.9778	-79.9781	-79.9781	-79.9781	-79.9781	-79.9782	-79.9782	-79.9783	-79.9786	-79.9791
2.065	-67.1876	-67.5282	-67.4497	-66.9815	-66.2146	-65.1848	-63.8751	-62.2264	-60.1385	-57.4571	-53.9375	-49.1872	-42.6286	-33.5775	-21.4658	-6.41381	9.46724	20.9252	14.376	-60.7732	-76.1095	-79.1783	-79.8097	-79.9424	-79.9705	-79.9765	-79.9778	-79.978	-79.9781	-79.9781	-79.9781	-79.9781	-79.9782	-79.9783	-79.9786	-79.9791
2.07	-67.2479	-67.587	-67.5127	-67.0534	-66.2998	-65.288	-64.0023	-62.3854	-60.3404	-57.7183	-54.2842	-49.6608	-43.2856	-34.4768	-22.6433	-7.80235	8.19814	20.8264	21.2979	-57.7402	-75.4464	-79.0478	-79.784	-79.9372	-79.9694	-79.9763	-79.9777	-79.978	-79.9781	-79.9781	-79.9781	-79.9781	-79.9782	-79.9783	-79.9786	-79.9791
2.075	-67.3074	-67.6451	-67.5748	-67.1243	-66.3836	-65.3894	-64.1271	-62.5413	-60.538	-57.9735	-54.6222	-50.1214	-43.9243	-35.3532	-23.7966	-9.17691	6.90512	20.3815	23.6372	-55.0427	-74.7495	-78.8989	-79.7539	-79.9311	-79.9682	-79.976	-79.9776	-79.978	-79.9781	-79.9781	-79.9781	-79.9781	-79.9782	-79.9783	-79.9785	-79.9791
2.08	-67.3662	-67.7024	-67.6362	-67.1942	-66.4661	-65.4891	-64.2496	-62.6941	-60.7315	-58.2229	-54.9516	-50.5693	-44.5451	-36.2067	-24.9252	-10.5375	5.57892	19.6377	24.0627	-52.577	-74.0453	-78.736	-79.7194	-79.924	-79.9667	-79.9757	-79.9776	-79.978	-79.9781	-79.9781	-79.9781	-79.9781	-79.9782	-79.9783	-79.9785	-79.9791
2.085	-67.4242	-67.759	-67.6967	-67.263	-66.5473	-65.5871	-64.3699	-62.8439	-60.9209	-58.4666	-55.2728	-51.005	-45.1485	-37.038	-26.0293	-11.8839	4.22026	18.6892	23.7882	-50.0812	-73.3316	-78.5618	-79.6809	-79.9158	-79.965	-79.9753	-79.9775	-79.9779	-79.978	-79.9781	-79.9781	-79.9781	-79.9781	-79.9782	-79.9785	-79.9791
2.09	-67.4814	-67.8149	-67.7564	-67.3308	-66.6273	-65.6835	-64.488	-62.9908	-61.1064	-58.7049	-55.5861	-51.4289	-45.735	-37.8472	-27.109	-13.2153	2.83525	17.6105	23.2505	-47.2406	-72.5813	-78.3765	-79.6385	-79.9067	-79.963	-79.9749	-79.9774	-79.9779	-79.978	-79.978	-79.9781	-79.9781	-79.9781	-79.9782	-79.9785	-79.9791
2.095	-67.5379	-67.8701	-67.8153	-67.3977	-66.706	-65.7782	-64.6039	-63.1349	-61.2881	-58.9378	-55.8917	-51.8414	-46.305	-38.6348	-28.1642	-14.5306	1.4314	16.448	22.6134	-43.6817	-71.7462	-78.1764	-79.5922	-79.8964	-79.9608	-79.9744	-79.9773	-79.9779	-79.978	-79.978	-79.978	-79.9781	-79.9781	-79.9782	-79.9785	-79.979
2.1	-67.5937	-67.9247	-67.8735	-67.4637	-66.7835	-65.8713	-64.7178	-63.2762	-61.466	-59.1657	-56.1899	-52.2428	-46.8591	-39.4013	-29.1952	-15.8282	0.0156696	15.2295	21.9619	-38.889	-70.7531	-77.9533	-79.5412	-79.885	-79.9583	-79.9739	-79.9771	-79.9778	-79.978	-79.978	-79.978	-79.978	-79.9781	-79.9782	-79.9785	-79.979
2.105	-67.6488	-67.9785	-67.9309	-67.5287	-66.8598	-65.9629	-64.8296	-63.4148	-61.6403	-59.3885	-56.4809	-52.6336	-47.3975	-40.147	-30.202	-17.1069	-1.40591	13.974	21.3721	-32.0632	-69.4908	-77.6931	-79.4839	-79.8722	-79.9555	-79.9732	-79.977	-79.9778	-79.978	-79.978	-79.978	-79.978	-79.9781	-79.9782	-79.9784	-79.979
2.11	-67.7032	-68.0318	-67.9875	-67.5928	-66.9349	-66.053	-64.9395	-63.5508	-61.8111	-59.6065	-56.7649	-53.0141	-47.921	-40.8724	-31.1849	-18.3652	-2.82798	12.6986	20.9428	-22.0221	-67.7905	-77.3735	-79.4176	-79.8579	-79.9524	-79.9725	-79.9768	-79.9777	-79.9779	-79.978	-79.978	-79.978	-79.9781	-79.9782	-79.9784	-79.979
2.115	-67.7569	-68.0843	-68.0435	-67.656	-67.0089	-66.1416	-65.0474	-63.6843	-61.9785	-59.8198	-57.0423	-53.3846	-48.4297	-41.5779	-32.1439	-19.6019	-4.24553	11.4208	20.7833	-7.8873	-65.4547	-76.9634	-79.338	-79.8413	-79.9488	-79.9718	-79.9766	-79.9777	-79.9779	-79.978	-79.978	-79.978	-79.978	-79.9782	-79.9784	-79.979
2.12	-67.81	-68.1363	-68.0987	-67.7184	-67.0818	-66.2287	-65.1534	-63.8152	-62.1425	-60.0284	-57.3131	-53.7455	-48.9244	-42.264	-33.0793	-20.8161	-5.65392	10.153	20.8716	7.72437	-62.4935	-76.4392	-79.2402	-79.8217	-79.9447	-79.9709	-79.9764	-79.9776	-79.9779	-79.9779	-79.978	-79.978	-79.978	-79.9781	-79.9784	-79.979
2.125	-67.8624	-68.1876	-68.1533	-67.7799	-67.1536	-66.3145	-65.2576	-63.9437	-62.3033	-60.2327	-57.5776	-54.0972	-49.4052	-42.9311	-33.9912	-22.0067	-7.04988	8.88933	20.9198	18.3229	-59.3523	-75.8135	-79.1211	-79.7983	-79.9399	-79.9699	-79.9762	-79.9776	-79.9779	-79.9779	-79.9779	-79.978	-79.978	-79.9781	-79.9784	-79.979
2.13	-67.9141	-68.2383	-68.2072	-67.8406	-67.2244	-66.3988	-65.3599	-64.0697	-62.4609	-60.4326	-57.8361	-54.4398	-49.8728	-43.5796	-34.88	-23.1732	-8.43205	7.61119	20.6655	22.7359	-56.4674	-75.1301	-78.9817	-79.7707	-79.9343	-79.9687	-79.976	-79.9775	-79.9778	-79.9779	-79.9779	-79.978	-79.978	-79.9781	-79.9784	-79.9789
2.135	-67.9652	-68.2884	-68.2604	-67.9004	-67.2941	-66.4818	-65.4605	-64.1935	-62.6153	-60.6283	-58.0886	-54.7739	-50.3276	-44.2101	-35.7459	-24.3152	-9.80022	6.30348	20.0728	23.9682	-53.9021	-74.4282	-78.8259	-79.7385	-79.9278	-79.9673	-79.9757	-79.9774	-79.9778	-79.9779	-79.9779	-79.9779	-79.978	-79.9781	-79.9784	-79.9789
2.14	-68.0157	-68.3379	-68.3129	-67.9595	-67.3628	-66.5635	-65.5594	-64.315	-62.7668	-60.8199	-58.3354	-55.0995	-50.7699	-44.8229	-36.5892	-25.4327	-11.1544	4.96193	19.2245	23.9874	-51.4593	-73.7216	-78.6576	-79.7022	-79.9202	-79.9658	-79.9753	-79.9773	-79.9778	-79.9779	-79.9779	-79.9779	-79.978	-79.9781	-79.9783	-79.9789
2.145	-68.0656	-68.3868	-68.3648	-68.0178	-67.4305	-66.6439	-65.6566	-64.4343	-62.9153	-61.0075	-58.5766	-55.4171	-51.2001	-45.4185	-37.4103	-26.5256	-12.4941	3.59033	18.2092	23.562	-48.8475	-72.9959	-78.4786	-79.6619	-79.9116	-79.964	-79.9749	-79.9772	-79.9777	-79.9778	-79.9779	-79.9779	-79.978	-79.9781	-79.9783	-79.9789
2.15	-68.1148	-68.4352	-68.4161	-68.0753	-67.4972	-66.7231	-65.7521	-64.5514	-63.0609	-61.1913	-58.8124	-55.7268	-51.6188	-45.9974	-38.2097	-27.594	-13.8183	2.1958	17.0878	22.9658	-45.7312	-72.2141	-78.2872	-79.6177	-79.9019	-79.9619	-79.9745	-79.9771	-79.9777	-79.9778	-79.9779	-79.9779	-79.9779	-79.9781	-79.9783	-79.9789
2.155	-68.1635	-68.483	-68.4667	-68.132	-67.5629	-66.801	-65.846	-64.6664	-63.2037	-61.3713	-59.043	-56.029	-52.0262	-46.5601	-38.9876	-28.6382	-15.1257	0.785723	15.897	22.3131	-41.6863	-71.3178	-78.0779	-79.5694	-79.8912	-79.9595	-79.974	-79.977	-79.9777	-79.9778	-79.9778	-79.9779	-79.9779	-79.978	-79.9783	-79.9789
2.16	-68.2116	-68.5303	-68.5168	-68.188	-67.6278	-66.8777	-65.9384	-64.7793	-63.3438	-61.5475	-59.2686	-56.3238	-52.4227	-47.107	-39.7445	-29.6581	-16.4148	-0.63337	14.6595	21.6794	-36.0877	-70.2187	-77.84	-79.5157	-79.8792	-79.9569	-79.9734	-79.9769	-79.9776	-79.9778	-79.9778	-79.9779	-79.9779	-79.978	-79.9783	-79.9789
2.165	-68.2591	-68.577	-68.5662	-68.2433	-67.6917	-66.9533	-66.0293	-64.8902	-63.4813	-61.7203	-59.4892	-56.6116	-52.8087	-47.6385	-40.4809	-30.654	-17.6843	-2.05581	13.3928	21.1488	-27.9583	-68.7812	-77.5561	-79.4548	-79.8657	-79.954	-79.9728	-79.9767	-79.9776	-79.9778	-79.9778	-79.9778	-79.9779	-79.978	-79.9783	-79.9788
2.17	-68.3061	-68.6232	-68.6151	-68.2979	-67.7547	-67.0277	-66.1186	-64.9992	-63.6161	-61.8895	-59.705	-56.8926	-53.1846	-48.1552	-41.1971	-31.6259	-18.9329	-3.47643	12.1141	20.8315	-16.0557	-66.8117	-77.1993	-79.3831	-79.8504	-79.9506	-79.972	-79.9766	-79.9775	-79.9777	-79.9778	-79.9778	-79.9779	-79.978	-79.9783	-79.9788
2.175	-68.3525	-68.6688	-68.6634	-68.3518	-67.8169	-67.101	-66.2065	-65.1062	-63.7484	-62.0553	-59.9162	-57.1669	-53.5507	-48.6574	-41.8937	-32.5741	-20.1595	-4.8903	10.8402	20.805	-0.554433	-64.1617	-76.7384	-79.2957	-79.8326	-79.9468	-79.9712	-79.9764	-79.9775	-79.9777	-79.9778	-79.9778	-79.9779	-79.978	-79.9782	-79.9788
2.18	-68.3983	-68.714	-68.7111	-68.405	-67.8782	-67.1731	-66.2929	-65.2114	-63.8782	-62.2179	-60.1228	-57.4349	-53.9073	-49.1457	-42.5711	-33.4988	-21.363	-6.29331	9.57616	20.9192	13.4522	-61.0478	-76.1637	-79.1883	-79.8114	-79.9424	-79.9703	-79.9762	-79.9774	-79.9777	-79.9778	-79.9778	-79.9779	-79.978	-79.9782	-79.9788
2.185	-68.4437	-68.7587	-68.7583	-68.4576	-67.9387	-67.2442	-66.378	-65.3147	-64.0056	-62.3772	-60.3251	-57.6966	-54.2548	-49.6205	-43.2296	-34.4001	-22.5426	-7.68304	8.30833	20.8476	20.9265	-57.9909	-75.5057	-79.0596	-79.7861	-79.9373	-79.9692	-79.9759	-79.9774	-79.9777	-79.9777	-79.9778	-79.9778	-79.978	-79.9782	-79.9788
2.19	-68.4885	-68.8028	-68.8049	-68.5095	-67.9983	-67.3143	-66.4616	-65.4163	-64.1306	-62.5333	-60.523	-57.9523	-54.5935	-50.0822	-43.8699	-35.2784	-23.698	-9.0588	7.01793	20.4326	23.5361	-55.2647	-74.8102	-78.9122	-79.7564	-79.9313	-79.9679	-79.9757	-79.9773	-79.9776	-79.9777	-79.9778	-79.9778	-79.9779	-79.9782	-79.9788
2.195	-68.5327	-68.8465	-68.851	-68.5607	-68.0572	-67.3833	-66.544	-65.5161	-64.2533	-62.6864	-60.7169	-58.2022	-54.9237	-50.5312	-44.4922	-36.1339	-24.8288	-10.4206	5.69469	19.711	24.0628	-52.7881	-74.1063	-78.7502	-79.7223	-79.9243	-79.9665	-79.9753	-79.9772	-79.9776	-79.9777	-79.9778	-79.9778	-79.9779	-79.9782	-79.9788
2.2	-68.5765	-68.8897	-68.8966	-68.6113	-68.1152	-67.4513	-66.625	-65.6141	-64.3738	-62.8365	-60.9066	-58.4464	-55.2456	-50.9679	-45.0971	-36.9671	-25.935	-11.7682	4.33866	18.7769	23.8254	-50.3068	-73.3942	-78.577	-79.6841	-79.9162	-79.9648	-79.975	-79.9771	-79.9776	-79.9777	-79.9777	-79.9778	-79.9779	-79.9782	-79.9788
2.205	-68.6198	-68.9324	-68.9416	-68.6613	-68.1725	-67.5183	-66.7048	-65.7106	-64.4921	-62.9837	-61.0925	-58.6852	-55.5596	-51.3928	-45.685	-37.7782	-27.0167	-13.101	2.95565	17.7074	23.302	-47.5098	-72.6488	-78.3928	-79.642	-79.9071	-79.9629	-79.9746	-79.977	-79.9776	-79.9777	-79.9777	-79.9778	-79.9779	-79.9782	-79.9787
2.21	-68.6626	-68.9746	-68.9862	-68.7107	-68.229	-67.5844	-66.7833	-65.8054	-64.6082	-63.128	-61.2745	-58.9186	-55.8658	-51.8063	-46.2565	-38.5676	-28.074	-14.4177	1.55315	16.5508	22.6698	-44.031	-71.8234	-78.1942	-79.596	-79.897	-79.9607	-79.9741	-79.9769	-79.9775	-79.9777	-79.9777	-79.9778	-79.9779	-79.9781	-79.9787
2.215	-68.7049	-69.0164	-69.0302	-68.7596	-68.2849	-67.6495	-66.8607	-65.8986	-64.7223	-63.2696	-61.4528	-59.1469	-56.1646	-52.2086	-46.8119	-39.3359	-29.1071	-15.7169	0.138205	15.3363	22.0166	-39.3721	-70.8478	-77.9735	-79.5455	-79.8857	-79.9582	-79.9736	-79.9768	-79.9775	-79.9776	-79.9777	-79.9777	-79.9779	-79.9781	-79.9787
2.22	-68.7467	-69.0578	-69.0738	-68.8078	-68.3399	-67.7137	-66.9368	-65.9902	-64.8343	-63.4085	-61.6274	-59.3701	-56.4562	-52.6003	-47.3517	-40.0834	-30.116	-16.9972	-1.28308	14.0834	21.418	-32.7648	-69.6148	-77.7174	-79.4888	-79.8731	-79.9554	-79.973	-79.9767	-79.9774	-79.9776	-79.9777	-79.9777	-79.9779	-79.9781	-79.9787
2.225	-68.7881	-69.0987	-69.1169	-68.8554	-68.3943	-67.7771	-67.0117	-66.0804	-64.9443	-63.5447	-61.7986	-59.5885	-56.7409	-52.9817	-47.8763	-40.8105	-31.1009	-18.2574	-2.70531	12.809	20.97	-23.0553	-67.9607	-77.4041	-79.4235	-79.8588	-79.9523	-79.9723	-79.9765	-79.9774	-79.9776	-79.9777	-79.9777	-79.9778	-79.9781	-79.9787
2.23	-68.829	-69.1392	-69.1595	-68.9025	-68.448	-67.8395	-67.0856	-66.169	-65.0524	-63.6784	-61.9662	-59.8022	-57.0188	-53.353	-48.3864	-41.5178	-32.062	-19.496	-4.12343	11.5308	20.7844	-9.25531	-65.6856	-77.0031	-79.3453	-79.8425	-79.9488	-79.9715	-79.9763	-79.9773	-79.9776	-79.9776	-79.9777	-79.9778	-79.9781	-79.9787
2.235	-68.8694	-69.1792	-69.2016	-68.9491	-68.5009	-67.901	-67.1583	-66.2562	-65.1586	-63.8095	-62.1306	-60.0113	-57.2902	-53.7148	-48.8822	-42.2055	-32.9994	-20.7122	-5.53276	10.262	20.8596	6.48275	-62.7662	-76.4889	-79.2492	-79.8232	-79.9447	-79.9706	-79.9761	-79.9773	-79.9775	-79.9776	-79.9777	-79.9778	-79.9781	-79.9787
2.24	-68.9095	-69.2189	-69.2433	-68.9951	-68.5533	-67.9617	-67.2299	-66.342	-65.2629	-63.9382	-62.2916	-60.2159	-57.5552	-54.0672	-49.3643	-42.8742	-33.9134	-21.9049	-6.92988	8.99864	20.9247	17.6828	-59.6189	-75.8706	-79.1319	-79.8002	-79.94	-79.9696	-79.9759	-79.9772	-79.9775	-79.9776	-79.9777	-79.9778	-79.9781	-79.9786
2.245	-68.949	-69.2581	-69.2846	-69.0406	-68.6049	-68.0216	-67.3004	-66.4264	-65.3654	-64.0645	-62.4495	-60.4162	-57.8142	-54.4106	-49.833	-43.5244	-34.8042	-23.0734	-8.31325	7.7225	20.701	22.5188	-56.7038	-75.1903	-78.9942	-79.7729	-79.9345	-79.9685	-79.9756	-79.9772	-79.9775	-79.9776	-79.9777	-79.9778	-79.978	-79.9786
2.25	-68.9882	-69.2969	-69.3254	-69.0855	-68.6559	-68.0807	-67.3699	-66.5095	-65.4661	-64.1885	-62.6042	-60.6123	-58.0672	-54.7454	-50.2888	-44.1563	-35.672	-24.2176	-9.68263	6.41769	20.1352	23.9261	-54.1163	-74.4891	-78.8396	-79.7411	-79.928	-79.9671	-79.9753	-79.9771	-79.9775	-79.9776	-79.9776	-79.9778	-79.978	-79.9786
2.255	-69.0269	-69.3353	-69.3657	-69.13	-68.7063	-68.139	-67.4384	-66.5912	-65.5651	-64.3102	-62.7559	-60.8042	-58.3145	-55.0718	-50.7322	-44.7707	-36.5173	-25.3371	-11.038	5.07901	19.3052	24.0089	-51.6737	-73.7831	-78.6723	-79.7051	-79.9206	-79.9656	-79.975	-79.977	-79.9774	-79.9776	-79.9776	-79.9777	-79.978	-79.9786
2.26	-69.0652	-69.3734	-69.4057	-69.174	-68.7561	-68.1965	-67.5059	-66.6717	-65.6625	-64.4297	-62.9047	-60.9922	-58.5562	-55.39	-51.1634	-45.3678	-37.3403	-26.4322	-12.379	3.70976	18.3016	23.6074	-49.0892	-73.0602	-78.4942	-79.6652	-79.912	-79.9638	-79.9746	-79.9769	-79.9774	-79.9775	-79.9776	-79.9777	-79.978	-79.9786
2.265	-69.1032	-69.411	-69.4452	-69.2174	-68.8053	-68.2532	-67.5725	-66.7509	-65.7581	-64.547	-63.0506	-61.1763	-58.7925	-55.7004	-51.5831	-45.9481	-38.1415	-27.5027	-13.7046	2.31693	17.1877	23.0204	-46.0317	-72.2853	-78.3041	-79.6214	-79.9025	-79.9617	-79.9742	-79.9768	-79.9774	-79.9775	-79.9776	-79.9777	-79.978	-79.9786
2.27	-69.1407	-69.4483	-69.4844	-69.2604	-68.8539	-68.3092	-67.638	-66.8288	-65.8522	-64.6622	-63.1936	-61.3566	-59.0236	-56.0032	-51.9914	-46.5121	-38.9212	-28.549	-15.0134	0.907933	16.0018	22.3695	-42.0885	-71.4019	-78.0967	-79.5734	-79.8918	-79.9594	-79.9737	-79.9767	-79.9773	-79.9775	-79.9776	-79.9777	-79.978	-79.9786
2.275	-69.1778	-69.4852	-69.5231	-69.3029	-68.9019	-68.3645	-67.7027	-66.9056	-65.9447	-64.7753	-63.334	-61.5332	-59.2495	-56.2987	-52.3889	-47.0603	-39.6799	-29.571	-16.3042	-0.510607	14.7677	21.7311	-36.6578	-70.325	-77.8619	-79.5203	-79.8799	-79.9568	-79.9731	-79.9766	-79.9773	-79.9775	-79.9776	-79.9777	-79.978	-79.9785
2.28	-69.2145	-69.5217	-69.5614	-69.3449	-68.9493	-68.419	-67.7664	-66.9811	-66.0357	-64.8864	-63.4716	-61.7062	-59.4706	-56.5871	-52.7758	-47.5932	-40.4181	-30.5689	-17.5755	-1.93296	13.5029	21.1875	-28.7977	-68.9239	-77.5829	-79.4601	-79.8666	-79.9539	-79.9725	-79.9764	-79.9773	-79.9775	-79.9775	-79.9777	-79.9779	-79.9785
2.285	-69.2509	-69.5578	-69.5993	-69.3865	-68.9962	-68.4729	-67.8292	-67.0555	-66.1251	-64.9955	-63.6067	-61.8758	-59.6868	-56.8687	-53.1525	-48.1111	-41.136	-31.5429	-18.8259	-3.35393	12.2245	20.8471	-17.2613	-67.009	-77.2337	-79.3895	-79.8515	-79.9506	-79.9718	-79.9762	-79.9772	-79.9774	-79.9775	-79.9777	-79.9779	-79.9785
2.29	-69.2869	-69.5937	-69.6369	-69.4277	-69.0425	-68.526	-67.8912	-67.1288	-66.2131	-65.1027	-63.7392	-62.0419	-59.8983	-57.1436	-53.5195	-48.6146	-41.8343	-32.4931	-20.0544	-4.76856	10.9497	20.7966	-1.95311	-64.417	-76.7828	-79.3037	-79.8339	-79.9469	-79.9709	-79.9761	-79.9772	-79.9774	-79.9775	-79.9776	-79.9779	-79.9785
2.295	-69.3225	-69.6291	-69.6741	-69.4684	-69.0883	-68.5785	-67.9523	-67.201	-66.2997	-65.208	-63.8692	-62.2047	-60.1054	-57.412	-53.8769	-49.1041	-42.5133	-33.4198	-21.2599	-6.17263	9.68511	20.9117	12.4726	-61.3231	-76.2173	-79.1981	-79.813	-79.9425	-79.97	-79.9759	-79.9771	-79.9774	-79.9775	-79.9776	-79.9779	-79.9785
2.3	-69.3577	-69.6642	-69.7109	-69.5086	-69.1336	-68.6303	-68.0126	-67.2721	-66.3848	-65.3115	-63.9968	-62.3643	-60.308	-57.6743	-54.2252	-49.58	-43.1735	-34.3232	-22.4417	-7.56355	8.41842	20.8662	20.5185	-58.2445	-75.5647	-79.0712	-79.7881	-79.9374	-79.9689	-79.9756	-79.977	-79.9774	-79.9775	-79.9776	-79.9779	-79.9785
2.305	-69.3926	-69.699	-69.7473	-69.5485	-69.1783	-68.6815	-68.072	-67.3422	-66.4686	-65.4132	-64.1221	-62.5207	-60.5064	-57.9305	-54.5646	-50.0428	-43.8153	-35.2034	-23.5991	-8.94052	7.13055	20.4814	23.4203	-55.4888	-74.871	-78.9253	-79.7588	-79.9315	-79.9677	-79.9753	-79.977	-79.9773	-79.9775	-79.9776	-79.9779	-79.9785
2.31	-69.4272	-69.7334	-69.7834	-69.5879	-69.2225	-68.7321	-68.1307	-67.4112	-66.5511	-65.5132	-64.245	-62.6741	-60.7005	-58.1809	-54.8955	-50.4928	-44.4391	-36.0609	-24.732	-10.3035	5.81029	19.7828	24.0577	-52.9993	-74.1674	-78.7645	-79.7251	-79.9246	-79.9663	-79.975	-79.9769	-79.9773	-79.9774	-79.9776	-79.9779	-79.9784
2.315	-69.4614	-69.7675	-69.8191	-69.6269	-69.2663	-68.782	-68.1885	-67.4792	-66.6322	-65.6114	-64.3657	-62.8244	-60.8907	-58.4256	-55.2181	-50.9306	-45.0455	-36.896	-25.8404	-11.6524	4.45692	18.8637	23.8606	-50.5302	-73.4566	-78.5922	-79.6872	-79.9166	-79.9646	-79.9747	-79.9768	-79.9773	-79.9774	-79.9776	-79.9778	-79.9784
2.32	-69.4952	-69.8013	-69.8545	-69.6655	-69.3095	-68.8313	-68.2456	-67.5463	-66.7121	-65.708	-64.4841	-62.9719	-61.0768	-58.6648	-55.5327	-51.3565	-45.6349	-37.709	-26.9242	-12.9865	3.07597	17.8036	23.3528	-47.774	-72.7156	-78.409	-79.6455	-79.9076	-79.9627	-79.9743	-79.9767	-79.9772	-79.9774	-79.9776	-79.9778	-79.9784
2.325	-69.5288	-69.8348	-69.8895	-69.7037	-69.3523	-68.88	-68.3019	-67.6124	-66.7907	-65.8029	-64.6005	-63.1165	-61.2592	-58.8987	-55.8396	-51.771	-46.2077	-38.5003	-27.9837	-14.3046	1.67488	16.6532	22.726	-44.3716	-71.8996	-78.2119	-79.5999	-79.8976	-79.9605	-79.9738	-79.9766	-79.9772	-79.9774	-79.9775	-79.9778	-79.9784
2.33	-69.562	-69.868	-69.9243	-69.7415	-69.3946	-68.9282	-68.3575	-67.6775	-66.8681	-65.8963	-64.7147	-63.2583	-61.4378	-59.1274	-56.1391	-52.1743	-46.7645	-39.2704	-29.0188	-15.6054	0.260765	15.4429	22.0717	-39.8407	-70.9407	-77.9936	-79.5497	-79.8864	-79.9581	-79.9733	-79.9765	-79.9772	-79.9774	-79.9775	-79.9778	-79.9784
2.335	-69.5948	-69.9008	-69.9586	-69.779	-69.4364	-68.9757	-68.4124	-67.7417	-66.9443	-65.9881	-64.8269	-63.3974	-61.6128	-59.3511	-56.4313	-52.5669	-47.3056	-40.0196	-30.0298	-16.8874	-1.16018	14.1927	21.465	-33.4433	-69.7356	-77.7412	-79.4937	-79.8739	-79.9554	-79.9727	-79.9763	-79.9771	-79.9774	-79.9775	-79.9778	-79.9784
2.34	-69.6274	-69.9333	-69.9927	-69.816	-69.4778	-69.0228	-68.4666	-67.805	-67.0193	-66.0783	-64.9371	-63.5339	-61.7842	-59.5699	-56.7166	-52.9491	-47.8316	-40.7485	-31.0168	-18.1493	-2.58253	12.9195	20.9994	-24.056	-68.1262	-77.434	-79.4293	-79.8598	-79.9523	-79.972	-79.9762	-79.9771	-79.9773	-79.9775	-79.9778	-79.9784
2.345	-69.6596	-69.9656	-70.0264	-69.8527	-69.5187	-69.0692	-68.5201	-67.8674	-67.0932	-66.1671	-65.0453	-63.6677	-61.9521	-59.784	-56.995	-53.3213	-48.3429	-41.4574	-31.9799	-19.3899	-4.0012	11.6408	20.7877	-10.6043	-65.9112	-77.0419	-79.3524	-79.8437	-79.9488	-79.9712	-79.976	-79.9771	-79.9773	-79.9775	-79.9778	-79.9784
2.35	-69.6916	-69.9975	-70.0598	-69.889	-69.5592	-69.1151	-68.5728	-67.9289	-67.166	-66.2544	-65.1517	-63.7991	-62.1167	-59.9935	-57.267	-53.6839	-48.8399	-42.1468	-32.9194	-20.608	-5.41145	10.3711	20.8475	5.20191	-63.0372	-76.5379	-79.258	-79.8247	-79.9448	-79.9704	-79.9758	-79.977	-79.9773	-79.9775	-79.9777	-79.9783
2.355	-69.7232	-70.0292	-70.0929	-69.925	-69.5993	-69.1605	-68.625	-67.9896	-67.2377	-66.3404	-65.2562	-63.928	-62.2781	-60.1985	-57.5326	-54.0371	-49.3231	-42.8172	-33.8354	-21.8027	-6.8097	9.10792	20.9273	16.9914	-59.8875	-75.9272	-79.1426	-79.802	-79.9401	-79.9694	-79.9756	-79.9769	-79.9773	-79.9774	-79.9777	-79.9783
2.36	-69.7545	-70.0606	-70.1257	-69.9606	-69.6389	-69.2053	-68.6764	-68.0495	-67.3083	-66.4249	-65.3588	-64.0545	-62.4362	-60.3991	-57.7921	-54.3813	-49.793	-43.4689	-34.7281	-22.9734	-8.19428	7.83365	20.7339	22.2768	-56.943	-75.2504	-79.0066	-79.7751	-79.9347	-79.9682	-79.9753	-79.9769	-79.9772	-79.9774	-79.9777	-79.9783
2.365	-69.7856	-70.0917	-70.1582	-69.9959	-69.6781	-69.2497	-68.7273	-68.1086	-67.3779	-66.5081	-65.4597	-64.1787	-62.5912	-60.5956	-58.0456	-54.7168	-50.2499	-44.1024	-35.5979	-24.1197	-9.56486	6.5317	20.1956	23.8747	-54.3317	-74.55	-78.8533	-79.7437	-79.9283	-79.9669	-79.9751	-79.9768	-79.9772	-79.9774	-79.9777	-79.9783
2.37	-69.8163	-70.1225	-70.1904	-70.0308	-69.7169	-69.2935	-68.7775	-68.1669	-67.4465	-66.5899	-65.5589	-64.3006	-62.7432	-60.7879	-58.2934	-55.0439	-50.6943	-44.7183	-36.4451	-25.2414	-10.9215	5.19592	19.3847	24.027	-51.8872	-73.8445	-78.687	-79.7081	-79.9209	-79.9654	-79.9747	-79.9767	-79.9772	-79.9774	-79.9777	-79.9783
2.375	-69.8468	-70.153	-70.2223	-70.0654	-69.7553	-69.3369	-68.8271	-68.2243	-67.514	-66.6705	-65.6564	-64.4203	-62.8922	-60.9762	-58.5355	-55.3628	-51.1266	-45.3168	-37.27	-26.3385	-12.2637	3.82908	18.3932	23.6515	-49.3274	-73.1242	-78.5098	-79.6685	-79.9125	-79.9636	-79.9743	-79.9766	-79.9772	-79.9774	-79.9777	-79.9783
2.38	-69.877	-70.1833	-70.2539	-70.0997	-69.7934	-69.3797	-68.8761	-68.2811	-67.5806	-66.7498	-65.7522	-64.5378	-63.0383	-61.1606	-58.7723	-55.6739	-51.5472	-45.8986	-38.0731	-27.4112	-13.5907	2.438	17.2871	23.0746	-46.3258	-72.3557	-78.3209	-79.625	-79.903	-79.9616	-79.9739	-79.9765	-79.9771	-79.9774	-79.9777	-79.9783
2.385	-69.9069	-70.2133	-70.2853	-70.1336	-69.831	-69.4221	-68.9245	-68.3371	-67.6462	-66.8278	-65.8464	-64.6531	-63.1817	-61.3412	-59.0038	-55.9773	-51.9565	-46.464	-38.8546	-28.4595	-14.901	1.03014	16.1064	22.426	-42.4797	-71.4846	-78.1153	-79.5774	-79.8924	-79.9593	-79.9734	-79.9764	-79.9771	-79.9773	-79.9776	-79.9782
2.39	-69.9365	-70.243	-70.3163	-70.1672	-69.8682	-69.4641	-68.9723	-68.3923	-67.7109	-66.9047	-65.939	-64.7664	-63.3222	-61.5182	-59.2302	-56.2734	-52.3549	-47.0136	-39.6152	-29.4836	-16.1934	-0.387804	14.8757	21.7836	-37.2099	-70.429	-77.8834	-79.5248	-79.8807	-79.9567	-79.9729	-79.9763	-79.9771	-79.9773	-79.9776	-79.9782
2.395	-69.9659	-70.2725	-70.3471	-70.2005	-69.9051	-69.5055	-69.0195	-68.4468	-67.7747	-66.9803	-66.0301	-64.8777	-63.4601	-61.6915	-59.4516	-56.5624	-52.7427	-47.5477	-40.3551	-30.4836	-17.4664	-1.81003	13.6129	21.2278	-29.6091	-69.0628	-77.6092	-79.4654	-79.8675	-79.9538	-79.9722	-79.9761	-79.977	-79.9773	-79.9776	-79.9782
2.4	-69.995	-70.3018	-70.3776	-70.2335	-69.9416	-69.5465	-69.0662	-68.5007	-67.8376	-67.0548	-66.1197	-64.987	-63.5954	-61.8613	-59.6683	-56.8446	-53.1203	-48.0669	-41.0748	-31.4597	-18.7187	-3.23131	12.335	20.865	-18.435	-67.2009	-77.2674	-79.3958	-79.8526	-79.9506	-79.9715	-79.976	-79.977	-79.9773	-79.9776	-79.9782
2.405	-70.0239	-70.3307	-70.4079	-70.2662	-69.9777	-69.5871	-69.1124	-68.5538	-67.8996	-67.1282	-66.2078	-65.0944	-63.7281	-62.0278	-59.8802	-57.12	-53.4881	-48.5716	-41.7747	-32.412	-19.9491	-4.64668	11.0593	20.7897	-3.35678	-64.6683	-76.8263	-79.3116	-79.8352	-79.9469	-79.9707	-79.9758	-79.9769	-79.9773	-79.9776	-79.9782
2.41	-70.0525	-70.3595	-70.4378	-70.2986	-70.0135	-69.6273	-69.158	-68.6063	-67.9608	-67.2005	-66.2945	-65.1999	-63.8584	-62.1908	-60.0877	-57.3891	-53.8464	-49.0623	-42.4554	-33.3407	-21.1567	-6.05178	9.79412	20.9029	11.438	-61.5987	-76.2702	-79.2078	-79.8147	-79.9426	-79.9698	-79.9756	-79.9769	-79.9772	-79.9776	-79.9782
2.415	-70.0808	-70.388	-70.4676	-70.3307	-70.049	-69.667	-69.2031	-68.6581	-68.0211	-67.2717	-66.3798	-65.3035	-63.9862	-62.3507	-60.2907	-57.6518	-54.1954	-49.5394	-43.1171	-34.246	-22.3405	-7.44389	8.5284	20.8822	20.0713	-58.5007	-75.6234	-79.0827	-79.7901	-79.9376	-79.9687	-79.9753	-79.9768	-79.9772	-79.9776	-79.9782
2.42	-70.1089	-70.4162	-70.497	-70.3625	-70.084	-69.7063	-69.2477	-68.7093	-68.0806	-67.3419	-66.4637	-65.4054	-64.1116	-62.5074	-60.4894	-57.9086	-54.5356	-50.0033	-43.7605	-35.1283	-23.5001	-8.82207	7.24298	20.5278	23.2886	-55.715	-74.9316	-78.9383	-79.7612	-79.9317	-79.9675	-79.9751	-79.9767	-79.9772	-79.9775	-79.9782
2.425	-70.1368	-70.4442	-70.5262	-70.394	-70.1188	-69.7452	-69.2917	-68.7598	-68.1393	-67.411	-66.5462	-65.5055	-64.2347	-62.661	-60.6839	-58.1594	-54.8672	-50.4544	-44.3859	-35.9877	-24.6351	-10.1863	5.92569	19.8529	24.0467	-53.2107	-74.2284	-78.7786	-79.7278	-79.9249	-79.9661	-79.9748	-79.9767	-79.9772	-79.9775	-79.9781
2.43	-70.1644	-70.472	-70.5552	-70.4252	-70.1532	-69.7837	-69.3353	-68.8097	-68.1972	-67.4791	-66.6275	-65.6039	-64.3556	-62.8116	-60.8744	-58.4046	-55.1905	-50.8932	-44.9938	-36.8247	-25.7456	-11.5364	4.57505	18.9494	23.8937	-50.7515	-73.5189	-78.6072	-79.6903	-79.917	-79.9644	-79.9744	-79.9766	-79.9771	-79.9775	-79.9781
2.435	-70.1917	-70.4996	-70.5839	-70.4562	-70.1873	-69.8218	-69.3784	-68.859	-68.2543	-67.5462	-66.7075	-65.7006	-64.4743	-62.9593	-61.0609	-58.6443	-55.5058	-51.3202	-45.5846	-37.6395	-26.8315	-12.8718	3.19621	17.8992	23.4028	-48.0335	-72.7819	-78.4251	-79.6489	-79.9081	-79.9626	-79.974	-79.9765	-79.9771	-79.9775	-79.9781
2.44	-70.2189	-70.5269	-70.6124	-70.4869	-70.2211	-69.8595	-69.421	-68.9077	-68.3107	-67.6123	-66.7862	-65.7956	-64.5908	-63.1042	-61.2436	-58.8787	-55.8134	-51.7356	-46.1588	-38.4327	-27.893	-14.1913	1.79657	16.7553	22.782	-44.7038	-71.9748	-78.2294	-79.6037	-79.8982	-79.9604	-79.9736	-79.9764	-79.9771	-79.9775	-79.9781
2.445	-70.2458	-70.554	-70.6407	-70.5173	-70.2545	-69.8968	-69.4631	-68.9558	-68.3664	-67.6775	-66.8637	-65.8891	-64.7052	-63.2462	-61.4225	-59.1078	-56.1135	-52.1398	-46.717	-39.2046	-28.9303	-15.4937	0.383336	15.5493	22.1272	-40.2956	-71.0318	-78.0133	-79.554	-79.8871	-79.958	-79.973	-79.9762	-79.977	-79.9775	-79.9781
2.45	-70.2725	-70.5809	-70.6687	-70.5474	-70.2876	-69.9337	-69.5048	-69.0034	-68.4213	-67.7418	-66.94	-65.981	-64.8176	-63.3856	-61.5978	-59.3319	-56.4063	-52.5333	-47.2594	-39.9557	-29.9434	-16.7774	-1.03723	14.3018	21.513	-34.0993	-69.8534	-77.7646	-79.4986	-79.8747	-79.9553	-79.9724	-79.9761	-79.977	-79.9774	-79.9781
2.455	-70.2989	-70.6075	-70.6965	-70.5773	-70.3205	-69.9703	-69.546	-69.0504	-68.4755	-67.8052	-67.0151	-66.0714	-64.9279	-63.5222	-61.7695	-59.5512	-56.6921	-52.9164	-47.7867	-40.6863	-30.9324	-18.0411	-2.45966	13.0299	21.0307	-25.0246	-68.287	-77.4632	-79.435	-79.8608	-79.9523	-79.9718	-79.976	-79.977	-79.9774	-79.9781
2.46	-70.3252	-70.634	-70.724	-70.6069	-70.353	-70.0065	-69.5868	-69.0968	-68.529	-67.8677	-67.0891	-66.1604	-65.0364	-63.6563	-61.9377	-59.7656	-56.9712	-53.2895	-48.2992	-41.3969	-31.8976	-19.2835	-3.87883	11.7511	20.7933	-11.9308	-66.1315	-77.0799	-79.3594	-79.8448	-79.9488	-79.971	-79.9758	-79.9769	-79.9774	-79.978
2.465	-70.3512	-70.6602	-70.7513	-70.6363	-70.3852	-70.0423	-69.6271	-69.1427	-68.5818	-67.9293	-67.162	-66.2478	-65.1429	-63.7879	-62.1026	-59.9755	-57.2437	-53.6529	-48.7975	-42.088	-32.8391	-20.5036	-5.28998	10.4803	20.8355	3.8868	-63.3061	-76.586	-79.2667	-79.8261	-79.9448	-79.9702	-79.9756	-79.9769	-79.9774	-79.978
2.47	-70.377	-70.6863	-70.7785	-70.6654	-70.4172	-70.0778	-69.667	-69.188	-68.634	-67.9901	-67.2338	-66.3338	-65.2475	-63.917	-62.2642	-60.1809	-57.5098	-54.0069	-49.2819	-42.76	-33.7571	-21.7004	-6.68936	9.21717	20.9277	16.247	-60.158	-75.9833	-79.1532	-79.8038	-79.9403	-79.9692	-79.9754	-79.9768	-79.9773	-79.978
2.475	-70.4026	-70.7121	-70.8053	-70.6943	-70.4488	-70.113	-69.7065	-69.2329	-68.6855	-68.05	-67.3045	-66.4185	-65.3503	-64.0438	-62.4226	-60.3819	-57.7698	-54.3519	-49.7528	-43.4133	-34.6518	-22.8732	-8.07514	7.94465	20.7642	22.008	-57.1849	-75.3104	-79.0188	-79.7773	-79.9349	-79.9681	-79.9751	-79.9767	-79.9773	-79.978
2.48	-70.428	-70.7377	-70.832	-70.723	-70.4802	-70.1478	-69.7456	-69.2772	-68.7364	-68.1091	-67.3742	-66.5018	-65.4514	-64.1681	-62.5779	-60.5787	-58.0239	-54.6881	-50.2109	-44.0484	-35.5236	-24.0216	-9.44693	6.64551	20.254	23.8133	-54.5484	-74.6109	-78.8669	-79.7463	-79.9286	-79.9667	-79.9748	-79.9767	-79.9773	-79.978
2.485	-70.4532	-70.7631	-70.8585	-70.7514	-70.5112	-70.1823	-69.7842	-69.321	-68.7866	-68.1675	-67.4428	-66.5837	-65.5507	-64.2902	-62.7302	-60.7714	-58.2721	-55.0159	-50.6564	-44.6657	-36.3728	-25.1454	-10.8047	5.31266	19.4629	24.0416	-52.0998	-73.9058	-78.7015	-79.711	-79.9213	-79.9652	-79.9745	-79.9766	-79.9773	-79.978
2.49	-70.4781	-70.7884	-70.8847	-70.7795	-70.542	-70.2164	-69.8225	-69.3643	-68.8363	-68.225	-67.5105	-66.6644	-65.6483	-64.4101	-62.8794	-60.96	-58.5148	-55.3355	-51.0897	-45.2657	-37.1996	-26.2446	-12.1482	3.94828	18.484	23.6943	-49.5624	-73.1878	-78.5253	-79.6718	-79.913	-79.9635	-79.9741	-79.9765	-79.9772	-79.978
2.495	-70.5029	-70.8134	-70.9108	-70.8074	-70.5726	-70.2503	-69.8603	-69.4072	-68.8853	-68.2818	-67.5772	-66.7438	-65.7443	-64.5278	-63.0258	-61.1448	-58.752	-55.6472	-51.5113	-45.8489	-38.0045	-27.3194	-13.4766	2.55901	17.386	23.1283	-46.6135	-72.4254	-78.3376	-79.6286	-79.9036	-79.9615	-79.9737	-79.9764	-79.9772	-79.9779
2.5	-70.5275	-70.8382	-70.9366	-70.8351	-70.6028	-70.2838	-69.8978	-69.4496	-68.9337	-68.3379	-67.6429	-66.822	-65.8386	-64.6433	-63.1694	-61.3257	-58.9839	-55.9513	-51.9216	-46.4157	-38.7879	-28.3698	-14.7884	1.15233	16.2107	22.4826	-42.8604	-71.566	-78.1337	-79.5814	-79.8931	-79.9592	-79.9732	-79.9763	-79.9772	-79.9779
2.505	-70.5519	-70.8629	-70.9623	-70.8626	-70.6329	-70.3169	-69.9349	-69.4915	-68.9816	-68.3932	-67.7077	-66.8989	-65.9314	-64.7568	-63.3102	-61.503	-59.2108	-56.2481	-52.3209	-46.9666	-39.5502	-29.396	-16.0824	-0.264975	14.9836	21.8367	-37.7446	-70.5306	-77.9047	-79.5294	-79.8814	-79.9567	-79.9727	-79.9762	-79.9771	-79.9779
2.51	-70.5761	-70.8873	-70.9877	-70.8899	-70.6626	-70.3498	-69.9717	-69.5329	-69.0288	-68.4478	-67.7715	-66.9747	-66.0226	-64.8682	-63.4483	-61.6766	-59.4326	-56.5377	-52.7096	-47.5021	-40.2919	-30.3981	-17.3571	-1.68704	13.7229	21.2696	-30.3933	-69.1979	-77.635	-79.4706	-79.8684	-79.9538	-79.972	-79.976	-79.9771	-79.9779
2.515	-70.6001	-70.9116	-71.013	-70.9169	-70.6921	-70.3824	-70.008	-69.5739	-69.0756	-68.5016	-67.8345	-67.0493	-66.1123	-64.9777	-63.5838	-61.8467	-59.6497	-56.8204	-53.088	-48.0226	-41.0133	-31.3762	-18.6113	-3.10859	12.4455	20.8853	-19.5761	-67.3876	-77.3003	-79.4021	-79.8537	-79.9506	-79.9713	-79.9759	-79.9771	-79.9779
2.52	-70.624	-70.9357	-71.038	-70.9437	-70.7213	-70.4147	-70.044	-69.6145	-69.1217	-68.5548	-67.8966	-67.1228	-66.2005	-65.0852	-63.7167	-62.0134	-59.862	-57.0964	-53.4566	-48.5285	-41.715	-32.3305	-19.8436	-4.52466	11.1691	20.7845	-4.75999	-64.9152	-76.869	-79.3193	-79.8365	-79.9469	-79.9705	-79.9757	-79.977	-79.9778
2.525	-70.6476	-70.9596	-71.0629	-70.9703	-70.7503	-70.4467	-70.0797	-69.6546	-69.1674	-68.6074	-67.9578	-67.1952	-66.2874	-65.1909	-63.8472	-62.1768	-60.0698	-57.366	-53.8157	-49.0204	-42.3972	-33.2613	-21.0532	-5.93078	9.90318	20.893	10.3501	-61.8743	-76.3225	-79.2174	-79.8163	-79.9427	-79.9696	-79.9755	-79.977	-79.9778
2.53	-70.6711	-70.9834	-71.0876	-70.9967	-70.7791	-70.4784	-70.115	-69.6943	-69.2125	-68.6592	-68.0182	-67.2665	-66.3727	-65.2947	-63.9752	-62.337	-60.2732	-57.6293	-54.1655	-49.4986	-43.0606	-34.1686	-22.2391	-7.32407	8.63828	20.8954	19.5826	-58.7597	-75.6818	-79.0941	-79.7921	-79.9378	-79.9686	-79.9752	-79.9769	-79.9778
2.535	-70.6944	-71.0069	-71.1121	-71.0229	-70.8076	-70.5098	-70.1499	-69.7336	-69.2571	-68.7105	-68.0778	-67.3367	-66.4568	-65.3967	-64.1008	-62.4939	-60.4723	-57.8866	-54.5065	-49.9636	-43.7056	-35.0529	-23.4008	-8.70346	7.35521	20.5718	23.1394	-55.9436	-74.9923	-78.9512	-79.7636	-79.932	-79.9674	-79.975	-79.9768	-79.9778
2.54	-70.7175	-71.0303	-71.1364	-71.0489	-70.8358	-70.5409	-70.1846	-69.7725	-69.3012	-68.761	-68.1365	-67.4059	-66.5395	-65.4969	-64.2242	-62.6478	-60.6672	-58.1379	-54.8388	-50.4159	-44.3325	-35.9143	-24.5379	-10.0689	6.0409	19.9214	24.0295	-53.4224	-74.2894	-78.7927	-79.7306	-79.9253	-79.966	-79.9747	-79.9768	-79.9777
2.545	-70.7404	-71.0535	-71.1605	-71.0747	-70.8639	-70.5718	-70.2188	-69.8109	-69.3448	-68.811	-68.1945	-67.4741	-66.6208	-65.5955	-64.3452	-62.7987	-60.858	-58.3836	-55.1628	-50.8557	-44.9419	-36.7532	-25.6505	-11.4202	4.69301	19.0342	23.9244	-50.9708	-73.5809	-78.6223	-79.6934	-79.9175	-79.9644	-79.9743	-79.9767	-79.9777
2.55	-70.7632	-71.0766	-71.1845	-71.1002	-70.8917	-70.6023	-70.2528	-69.849	-69.3879	-68.8604	-68.2517	-67.5413	-66.7009	-65.6923	-64.4641	-62.9466	-61.0449	-58.6238	-55.4788	-51.2837	-45.5341	-37.5699	-26.7386	-12.7569	3.31634	17.9942	23.4519	-48.2884	-72.8478	-78.4411	-79.6524	-79.9087	-79.9625	-79.9739	-79.9766	-79.9777
2.555	-70.7858	-71.0995	-71.2083	-71.1256	-70.9192	-70.6327	-70.2865	-69.8867	-69.4305	-68.9091	-68.3082	-67.6075	-66.7797	-65.7876	-64.5808	-63.0917	-61.2279	-58.8585	-55.787	-51.7	-46.1098	-38.365	-27.8022	-14.0779	1.91822	16.8569	22.8378	-45.0281	-72.049	-78.2468	-79.6075	-79.8988	-79.9604	-79.9735	-79.9765	-79.9776
2.56	-70.8082	-71.1222	-71.2319	-71.1508	-70.9466	-70.6627	-70.3198	-69.924	-69.4727	-68.9573	-68.3639	-67.6728	-66.8574	-65.8812	-64.6954	-63.234	-61.4071	-59.0881	-56.0877	-52.1053	-46.6693	-39.1387	-28.8415	-15.3818	0.505905	15.6554	22.1831	-40.7373	-71.1211	-78.0329	-79.5582	-79.8878	-79.958	-79.9729	-79.9763	-79.9776
2.565	-70.8305	-71.1448	-71.2553	-71.1758	-70.9737	-70.6925	-70.3528	-69.9609	-69.5144	-69.0049	-68.4188	-67.7372	-66.9338	-65.9732	-64.8079	-63.3736	-61.5827	-59.3127	-56.3812	-52.4997	-47.2131	-39.8915	-29.8567	-16.6671	-0.914249	14.4109	21.5621	-34.7339	-69.9684	-77.7877	-79.5033	-79.8755	-79.9553	-79.9724	-79.9762	-79.9776
2.57	-70.8526	-71.1672	-71.2786	-71.2006	-71.0006	-70.722	-70.3855	-69.9975	-69.5556	-69.0519	-68.4731	-67.8006	-67.009	-66.0638	-64.9185	-63.5105	-61.7547	-59.5323	-56.6676	-52.8837	-47.7417	-40.6239	-30.8478	-17.9326	-2.33671	13.1404	21.0639	-25.9617	-68.4434	-77.4919	-79.4406	-79.8618	-79.9523	-79.9717	-79.9761	-79.9775
2.575	-70.8745	-71.1894	-71.3017	-71.2252	-71.0273	-70.7513	-70.4179	-70.0336	-69.5964	-69.0984	-68.5267	-67.8632	-67.0831	-66.1528	-65.027	-63.6448	-61.9233	-59.7472	-56.9473	-53.2576	-48.2554	-41.3362	-31.815	-19.1769	-3.75636	11.8614	20.8013	-13.2323	-66.3465	-77.117	-79.3662	-79.846	-79.9489	-79.971	-79.9759	-79.9775
2.58	-70.8963	-71.2115	-71.3246	-71.2497	-71.0538	-70.7803	-70.45	-70.0695	-69.6368	-69.1443	-68.5796	-67.9249	-67.1561	-66.2404	-65.1337	-63.7766	-62.0884	-59.9575	-57.2203	-53.6218	-48.7549	-42.029	-32.7586	-20.399	-5.16836	10.5897	20.8241	2.54273	-63.5725	-76.6333	-79.2752	-79.8276	-79.945	-79.9701	-79.9757	-79.9774
2.585	-70.9179	-71.2334	-71.3474	-71.2739	-71.0801	-70.8091	-70.4818	-70.1049	-69.6767	-69.1897	-68.6318	-67.9857	-67.2279	-66.3265	-65.2385	-63.9059	-62.2503	-60.1632	-57.487	-53.9766	-49.2405	-42.7026	-33.6786	-21.5978	-6.56887	9.3264	20.926	15.4482	-60.4301	-76.039	-79.1636	-79.8057	-79.9405	-79.9691	-79.9755	-79.9773
2.59	-70.9394	-71.2552	-71.37	-71.298	-71.1061	-70.8377	-70.5134	-70.1401	-69.7162	-69.2346	-68.6834	-68.0457	-67.2988	-66.4113	-65.3415	-64.0328	-62.409	-60.3646	-57.7475	-54.3223	-49.7126	-43.3575	-34.5754	-22.7727	-7.95585	8.05549	20.7917	21.7102	-57.4295	-75.3702	-79.031	-79.7795	-79.9352	-79.968	-79.9752	-79.9773
2.595	-70.9607	-71.2768	-71.3924	-71.3219	-71.132	-70.866	-70.5446	-70.1749	-69.7553	-69.2789	-68.7343	-68.1049	-67.3685	-66.4947	-65.4427	-64.1574	-62.5646	-60.5618	-58.0021	-54.6593	-50.1717	-43.9941	-35.4491	-23.9232	-9.32884	6.7591	20.3102	23.7409	-54.7667	-74.6717	-78.8804	-79.7489	-79.9289	-79.9667	-79.975	-79.9772
2.6	-70.9819	-71.2983	-71.4147	-71.3456	-71.1577	-70.8941	-70.5756	-70.2093	-69.794	-69.3228	-68.7846	-68.1633	-67.4373	-66.5768	-65.5421	-64.2797	-62.7171	-60.7548	-58.2508	-54.9878	-50.6183	-44.613	-36.3002	-25.0491	-10.6879	5.4292	19.5397	24.0521	-52.3117	-73.9671	-78.7161	-79.714	-79.9217	-79.9652	-79.9746	-79.9771
2.605	-71.0029	-71.3196	-71.4369	-71.3692	-71.1832	-70.9219	-70.6063	-70.2435	-69.8323	-69.3662	-68.8343	-68.221	-67.505	-66.6576	-65.6399	-64.3997	-62.8666	-60.9438	-58.4939	-55.3081	-51.0526	-45.2145	-37.1289	-26.1505	-12.0326	4.06734	18.574	23.7355	-49.7943	-73.2511	-78.5408	-79.675	-79.9135	-79.9635	-79.9743	-79.977
2.61	-71.0238	-71.3408	-71.4588	-71.3925	-71.2084	-70.9495	-70.6367	-70.2773	-69.8701	-69.4091	-68.8833	-68.2778	-67.5717	-66.7371	-65.736	-64.5176	-63.0132	-61.1289	-58.7316	-55.6205	-51.4752	-45.7991	-37.9357	-27.2274	-13.3623	2.67994	17.4844	23.1814	-46.8953	-72.4944	-78.3541	-79.6323	-79.9042	-79.9615	-79.9738	-79.9769
2.615	-71.0446	-71.3619	-71.4807	-71.4157	-71.2335	-70.9769	-70.6669	-70.3108	-69.9077	-69.4515	-68.9318	-68.3339	-67.6375	-66.8153	-65.8305	-64.6333	-63.157	-61.3102	-58.964	-55.9253	-51.8865	-46.3673	-38.721	-28.2799	-14.6756	1.27449	16.3146	22.5392	-43.231	-71.6461	-78.152	-79.5854	-79.8938	-79.9593	-79.9734	-79.9768
2.62	-71.0652	-71.3828	-71.5024	-71.4388	-71.2584	-71.0041	-70.6968	-70.3439	-69.9448	-69.4934	-68.9797	-68.3893	-67.7024	-66.8924	-65.9234	-64.747	-63.298	-61.4877	-59.1913	-56.2226	-52.2867	-46.9196	-39.4851	-29.3082	-15.9712	-0.142132	15.0912	21.8904	-38.2628	-70.6301	-77.9257	-79.5338	-79.8823	-79.9568	-79.9728	-79.9766
2.625	-71.0856	-71.4036	-71.5239	-71.4617	-71.2831	-71.031	-70.7264	-70.3768	-69.9815	-69.5349	-69.0271	-68.444	-67.7663	-66.9683	-66.0147	-64.8586	-63.4364	-61.6617	-59.4136	-56.5129	-52.6763	-47.4564	-40.2285	-30.3123	-17.2477	-1.56399	13.8327	21.3127	-31.1511	-69.3295	-77.6603	-79.4757	-79.8694	-79.954	-79.9722	-79.9765
2.63	-71.1059	-71.4242	-71.5453	-71.4844	-71.3076	-71.0577	-70.7558	-70.4094	-70.0179	-69.5759	-69.0738	-68.4979	-67.8294	-67.043	-66.1046	-64.9683	-63.5721	-61.8321	-59.631	-56.7962	-53.0557	-47.9781	-40.9517	-31.2925	-18.5036	-2.98579	12.5562	20.9079	-20.6842	-67.5691	-77.3325	-79.4083	-79.8548	-79.9508	-79.9715	-79.9763
2.635	-71.1261	-71.4447	-71.5665	-71.507	-71.3319	-71.0843	-70.785	-70.4416	-70.0539	-69.6165	-69.1201	-68.5512	-67.8915	-67.1166	-66.1929	-65.076	-63.7053	-61.9991	-59.8438	-57.0728	-53.4251	-48.4853	-41.655	-32.2489	-19.7379	-4.40251	11.2791	20.7811	-6.15761	-65.1574	-76.9107	-79.3269	-79.8379	-79.9471	-79.9707	-79.9761
2.64	-71.1462	-71.465	-71.5876	-71.5294	-71.3561	-71.1106	-70.8139	-70.4736	-70.0896	-69.6567	-69.1657	-68.6037	-67.9529	-67.189	-66.2799	-65.1818	-63.8359	-62.1628	-60.052	-57.3429	-53.785	-48.9784	-42.339	-33.1817	-20.9495	-5.80964	10.0123	20.8822	9.2111	-62.1495	-76.3741	-79.2268	-79.818	-79.943	-79.9698	-79.9759
2.645	-71.1661	-71.4853	-71.6086	-71.5516	-71.3801	-71.1367	-70.8425	-70.5053	-70.1249	-69.6964	-69.2109	-68.6557	-68.0133	-67.2604	-66.3654	-65.2857	-63.9641	-62.3232	-60.2557	-57.6067	-54.1356	-49.4577	-43.004	-34.091	-22.1374	-7.2041	8.74806	20.9061	19.0499	-59.0212	-75.7398	-79.1054	-79.7942	-79.9381	-79.9687	-79.9756
2.65	-71.1859	-71.5053	-71.6294	-71.5737	-71.4039	-71.1626	-70.8709	-70.5367	-70.1599	-69.7357	-69.2556	-68.7069	-68.073	-67.3307	-66.4495	-65.3879	-64.09	-62.4804	-60.4552	-57.8645	-54.4773	-49.9239	-43.6505	-34.9773	-23.3012	-8.58469	7.46725	20.6133	22.9713	-56.1744	-75.0528	-78.9641	-79.766	-79.9324	-79.9675	-79.9753
2.655	-71.2055	-71.5253	-71.6501	-71.5956	-71.4275	-71.1883	-70.8991	-70.5678	-70.1945	-69.7746	-69.2997	-68.7576	-68.1318	-67.4	-66.5323	-65.4883	-64.2135	-62.6345	-60.6504	-58.1164	-54.8104	-50.3772	-44.2789	-35.8406	-24.4405	-9.95131	6.15589	19.9882	24.0054	-53.6348	-74.3504	-78.8067	-79.7334	-79.9258	-79.9661	-79.975
2.66	-71.225	-71.5451	-71.6707	-71.6174	-71.451	-71.2138	-70.927	-70.5986	-70.2288	-69.8131	-69.3433	-68.8076	-68.1898	-67.4683	-66.6138	-65.587	-64.3348	-62.7857	-60.8416	-58.3625	-55.1351	-50.8181	-44.8898	-36.6814	-25.5552	-11.3039	4.81079	19.1178	23.9526	-51.1885	-73.6428	-78.6372	-79.6966	-79.9181	-79.9645	-79.9746
2.665	-71.2444	-71.5648	-71.6911	-71.6391	-71.4743	-71.2391	-70.9548	-70.6292	-70.2628	-69.8512	-69.3865	-68.857	-68.2471	-67.5356	-66.694	-65.684	-64.4538	-62.9339	-61.0288	-58.6031	-55.4517	-51.2471	-45.4836	-37.5001	-26.6454	-12.6419	3.43635	18.0885	23.5	-48.5391	-72.9132	-78.457	-79.6559	-79.9093	-79.9627	-79.9741
2.67	-71.2637	-71.5844	-71.7114	-71.6606	-71.4974	-71.2642	-70.9822	-70.6595	-70.2965	-69.889	-69.4291	-68.9058	-68.3036	-67.6019	-66.7729	-65.7793	-64.5707	-63.0792	-61.2121	-58.8384	-55.7606	-51.6644	-46.0606	-38.297	-27.7111	-13.9643	2.0398	16.9581	22.8934	-45.3448	-72.1222	-78.2641	-79.6113	-79.8996	-79.9606	-79.9736
2.675	-71.2828	-71.6039	-71.7315	-71.6819	-71.5203	-71.2891	-71.0095	-70.6895	-70.3298	-69.9263	-69.4713	-68.954	-68.3594	-67.6673	-66.8507	-65.8731	-64.6855	-63.2217	-61.3917	-59.0684	-56.062	-52.0706	-46.6215	-39.0726	-28.7526	-15.2697	0.628461	15.7612	22.2392	-41.1663	-71.2088	-78.0523	-79.5625	-79.8887	-79.9582	-79.973
2.68	-71.3019	-71.6232	-71.7515	-71.7031	-71.5431	-71.3139	-71.0365	-70.7193	-70.3629	-69.9632	-69.5131	-69.0017	-68.4144	-67.7317	-66.9272	-65.9653	-64.7982	-63.3615	-61.5676	-59.2934	-56.356	-52.4659	-47.1666	-39.8272	-29.7698	-16.5567	-0.791236	14.5197	21.6122	-35.3478	-70.0806	-77.8104	-79.5082	-79.8765	-79.9555	-79.9723
2.685	-71.3208	-71.6424	-71.7714	-71.7242	-71.5658	-71.3384	-71.0634	-70.7488	-70.3956	-69.9998	-69.5544	-69.0487	-68.4688	-67.7952	-67.0025	-66.0559	-64.9089	-63.4987	-61.7399	-59.5135	-56.6431	-52.8508	-47.6965	-40.5613	-30.763	-17.8239	-2.2137	13.2508	21.099	-26.868	-68.5955	-77.5201	-79.4462	-79.8629	-79.9525	-79.9716
2.69	-71.3395	-71.6615	-71.7912	-71.7451	-71.5882	-71.3628	-71.09	-70.7781	-70.428	-70.036	-69.5952	-69.0953	-68.5224	-67.8579	-67.0767	-66.1451	-65.0176	-63.6332	-61.9088	-59.7288	-56.9233	-53.2256	-48.2115	-41.2753	-31.7323	-19.0701	-3.63378	11.9719	20.8116	-14.5062	-66.556	-77.1534	-79.3731	-79.8474	-79.9491	-79.9707
2.695	-71.3582	-71.6805	-71.8108	-71.7659	-71.6106	-71.387	-71.1164	-70.8071	-70.4601	-70.0719	-69.6356	-69.1412	-68.5753	-67.9197	-67.1498	-66.2328	-65.1245	-63.7652	-62.0742	-59.9394	-57.1969	-53.5906	-48.7122	-41.9698	-32.6779	-20.2942	-5.04662	10.6992	20.8134	1.17527	-63.836	-76.6798	-79.2837	-79.8292	-79.9453	-79.9698
2.7	-71.3767	-71.6993	-71.8304	-71.7866	-71.6327	-71.411	-71.1426	-70.8359	-70.492	-70.1074	-69.6755	-69.1867	-68.6276	-67.9806	-67.2217	-66.3191	-65.2294	-63.8947	-62.2364	-60.1456	-57.4641	-53.9462	-49.199	-42.645	-33.5999	-21.495	-6.44823	9.43562	20.9224	14.5939	-60.7036	-76.094	-79.174	-79.8076	-79.9408	-79.9687
2.705	-71.3952	-71.7181	-71.8498	-71.8071	-71.6547	-71.4348	-71.1686	-70.8644	-70.5235	-70.1426	-69.7151	-69.2316	-68.6792	-68.0407	-67.2926	-66.404	-65.3326	-64.0219	-62.3953	-60.3473	-57.7252	-54.2927	-49.6722	-43.3015	-34.4987	-22.672	-7.83641	8.16617	20.8166	21.3811	-57.677	-75.4299	-79.0431	-79.7818	-79.9355	-79.9674
2.71	-71.4135	-71.7367	-71.869	-71.8275	-71.6766	-71.4585	-71.1944	-70.8927	-70.5548	-70.1774	-69.7542	-69.276	-68.7302	-68.0999	-67.3625	-66.4875	-65.4339	-64.1467	-62.5511	-60.5448	-57.9802	-54.6304	-50.1325	-43.9397	-35.3744	-23.8246	-9.21061	6.87248	20.3644	23.6565	-54.9866	-74.7326	-78.8938	-79.7516	-79.9293	-79.9659
2.715	-71.4317	-71.7552	-71.8882	-71.8477	-71.6983	-71.482	-71.2199	-70.9208	-70.5858	-70.2119	-69.7929	-69.3199	-68.7806	-68.1584	-67.4313	-66.5697	-65.5335	-64.2691	-62.7039	-60.7382	-58.2295	-54.9597	-50.5801	-44.5601	-36.2274	-24.9527	-10.5708	5.54554	19.6151	24.0583	-52.5233	-74.0283	-78.7306	-79.717	-79.9222	-79.9642
2.72	-71.4498	-71.7736	-71.9072	-71.8678	-71.7199	-71.5053	-71.2453	-70.9486	-70.6165	-70.246	-69.8313	-69.3633	-68.8303	-68.2161	-67.4991	-66.6506	-65.6314	-64.3894	-62.8537	-60.9275	-58.4731	-55.2807	-51.0155	-45.1631	-37.0581	-26.0562	-11.9169	4.18625	18.6632	23.7751	-50.0234	-73.3142	-78.5562	-79.6784	-79.914	-79.9623
2.725	-71.4678	-71.7919	-71.9261	-71.8878	-71.7413	-71.5284	-71.2705	-70.9762	-70.6469	-70.2799	-69.8692	-69.4063	-68.8794	-68.273	-67.566	-66.7302	-65.7277	-64.5074	-63.0005	-61.113	-58.7112	-55.5937	-51.4391	-45.7491	-37.8667	-27.1352	-13.2479	2.80077	17.5822	23.234	-47.1715	-72.5627	-78.3707	-79.6359	-79.9047	-79.9601
2.73	-71.4857	-71.8101	-71.9449	-71.9077	-71.7626	-71.5514	-71.2955	-71.0036	-70.6771	-70.3134	-69.9067	-69.4487	-68.928	-68.3292	-67.6319	-66.8086	-65.8223	-64.6233	-63.1446	-61.2945	-58.9441	-55.8992	-51.8513	-46.3188	-38.6538	-28.1898	-14.5627	1.39661	16.4181	22.5958	-43.5921	-71.725	-78.1701	-79.5895	-79.8943	-79.9575
2.735	-71.5034	-71.8281	-71.9636	-71.9274	-71.7837	-71.5742	-71.3204	-71.0308	-70.707	-70.3466	-69.9439	-69.4907	-68.9759	-68.3846	-67.6968	-66.8857	-65.9153	-64.7372	-63.2859	-61.4724	-59.1718	-56.1972	-52.2525	-46.8724	-39.4198	-29.2202	-15.8599	-0.0192858	15.1986	21.9447	-38.7651	-70.7275	-77.9464	-79.5383	-79.8828	-79.9546
2.74	-71.5211	-71.8461	-71.9822	-71.947	-71.8047	-71.5969	-71.345	-71.0577	-70.7367	-70.3795	-69.9807	-69.5322	-69.0233	-68.4393	-67.7608	-66.9617	-66.0068	-64.849	-63.4244	-61.6467	-59.3945	-56.488	-52.643	-47.4105	-40.165	-30.2264	-17.138	-1.4409	13.9425	21.3572	-31.8836	-69.4577	-77.6852	-79.4809	-79.87	-79.9514
2.745	-71.5386	-71.864	-72.0007	-71.9665	-71.8255	-71.6194	-71.3694	-71.0844	-70.7661	-70.4121	-70.0171	-69.5733	-69.0701	-68.4933	-67.8239	-67.0365	-66.0968	-64.9588	-63.5604	-61.8174	-59.6123	-56.7719	-53.0232	-47.9335	-40.8899	-31.2086	-18.3958	-2.8629	12.6668	20.9326	-21.7592	-67.7456	-77.364	-79.4143	-79.8554	-79.9477
2.75	-71.5561	-71.8817	-72.019	-71.9859	-71.8462	-71.6418	-71.3937	-71.1109	-70.7953	-70.4444	-70.0531	-69.6139	-69.1164	-68.5467	-67.8862	-67.1102	-66.1853	-65.0666	-63.6938	-61.9847	-59.8255	-57.049	-53.3935	-48.4419	-41.5949	-32.1671	-19.632	-4.28025	11.3891	20.7796	-7.54505	-65.3948	-76.9516	-79.3344	-79.8387	-79.9436
2.755	-71.5734	-71.8994	-72.0373	-72.0051	-71.8668	-71.6639	-71.4178	-71.1372	-70.8242	-70.4764	-70.0888	-69.6541	-69.1621	-68.5993	-67.9476	-67.1827	-66.2723	-65.1726	-63.8246	-62.1487	-60.0341	-57.3197	-53.7542	-48.9362	-42.2805	-33.1019	-20.8456	-5.68835	10.1215	20.8708	8.02392	-62.424	-76.4249	-79.2361	-79.8189	-79.9388
2.76	-71.5907	-71.9169	-72.0554	-72.0243	-71.8873	-71.686	-71.4417	-71.1633	-70.8528	-70.5081	-70.1242	-69.6939	-69.2073	-68.6513	-68.0081	-67.2542	-66.358	-65.2767	-63.9531	-62.3093	-60.2382	-57.5841	-54.1056	-49.4168	-42.9471	-34.0133	-22.0356	-7.08398	8.85775	20.9143	18.4707	-59.2851	-75.7975	-79.1165	-79.7953	-79.9333
2.765	-71.6078	-71.9344	-72.0734	-72.0433	-71.9076	-71.7079	-71.4654	-71.1892	-70.8812	-70.5395	-70.1592	-69.7333	-69.252	-68.7026	-68.0678	-67.3246	-66.4422	-65.379	-64.0791	-62.4668	-60.438	-57.8424	-54.448	-49.884	-43.5952	-34.9015	-23.2015	-8.46579	7.57909	20.6523	22.7825	-56.4079	-75.1133	-78.9766	-79.7673	-79.9268
2.77	-71.6249	-71.9517	-72.0914	-72.0622	-71.9278	-71.7296	-71.489	-71.2149	-70.9094	-70.5706	-70.1939	-69.7722	-69.2962	-68.7533	-68.1267	-67.394	-66.5251	-65.4796	-64.2028	-62.6213	-60.6336	-58.0947	-54.7818	-50.3384	-44.2252	-35.7668	-24.3429	-9.8336	6.27065	20.0531	23.9738	-53.8479	-74.4114	-78.8205	-79.7349	-79.9193
2.775	-71.6419	-71.969	-72.1092	-72.081	-71.9478	-71.7512	-71.5124	-71.2404	-70.9374	-70.6015	-70.2282	-69.8107	-69.3399	-68.8034	-68.1848	-67.4624	-66.6067	-65.5784	-64.3243	-62.7726	-60.8251	-58.3414	-55.1073	-50.7804	-44.8376	-36.6095	-25.4597	-11.1874	4.9284	19.2002	23.9781	-51.4047	-73.7045	-78.6519	-79.6982	-79.9106
2.78	-71.6587	-71.9861	-72.1269	-72.0996	-71.9678	-71.7727	-71.5356	-71.2657	-70.9651	-70.6321	-70.2622	-69.8489	-69.3831	-68.8528	-68.2421	-67.5297	-66.687	-65.6755	-64.4435	-62.9211	-61.0127	-58.5825	-55.4246	-51.2104	-45.4328	-37.4301	-26.552	-12.5267	3.55624	18.1821	23.547	-48.7857	-72.9781	-78.4726	-79.6576	-79.9007
2.785	-71.6755	-72.0032	-72.1445	-72.1182	-71.9875	-71.794	-71.5587	-71.2908	-70.9926	-70.6624	-70.2959	-69.8866	-69.4258	-68.9017	-68.2987	-67.5961	-66.7661	-65.771	-64.5606	-63.0666	-61.1963	-58.8182	-55.7341	-51.6287	-46.0113	-38.2289	-27.6199	-13.8505	2.16131	17.0588	22.9487	-45.6542	-72.1945	-78.2809	-79.613	-79.8895
2.79	-71.6921	-72.0201	-72.162	-72.1366	-72.0072	-71.8151	-71.5816	-71.3157	-71.0199	-70.6925	-70.3293	-69.924	-69.468	-68.9499	-68.3546	-67.6616	-66.8439	-65.8649	-64.6755	-63.2094	-61.3762	-59.0487	-56.0361	-52.0358	-46.5736	-39.0063	-28.6634	-15.1574	0.750995	15.8667	22.2956	-41.5833	-71.2949	-78.071	-79.5642	-79.877
2.795	-71.7087	-72.037	-72.1794	-72.155	-72.0268	-71.8361	-71.6043	-71.3405	-71.047	-70.7223	-70.3623	-69.961	-69.5098	-68.9976	-68.4097	-67.7261	-66.9205	-65.9573	-64.7884	-63.3494	-61.5524	-59.2741	-56.3308	-52.4321	-47.12	-39.7627	-29.6827	-16.4461	-0.668203	14.6284	21.6631	-35.9419	-70.1901	-77.8323	-79.5101	-79.863
2.8	-71.7252	-72.0537	-72.1967	-72.1732	-72.0462	-71.857	-71.6269	-71.365	-71.0738	-70.7518	-70.3951	-69.9976	-69.5511	-69.0448	-68.4641	-67.7897	-66.996	-66.048	-64.8993	-63.4868	-61.7251	-59.4945	-56.6185	-52.8179	-47.6512	-40.4985	-30.678	-17.7151	-2.09063	13.3612	21.1359	-27.7443	-68.7433	-77.547	-79.4485	-79.8474
2.805	-71.7416	-72.0704	-72.214	-72.1913	-72.0655	-71.8777	-71.6493	-71.3894	-71.1004	-70.7811	-70.4275	-70.0338	-69.592	-69.0913	-68.5177	-67.8524	-67.0702	-66.1373	-65.0082	-63.6216	-61.8942	-59.7102	-56.8992	-53.1935	-48.1675	-41.2143	-31.6493	-18.9631	-3.51111	12.0825	20.8244	-15.751	-66.7601	-77.1882	-79.3759	-79.8296
2.81	-71.7579	-72.087	-72.2311	-72.2093	-72.0847	-71.8984	-71.6716	-71.4136	-71.1268	-70.8101	-70.4597	-70.0697	-69.6324	-69.1374	-68.5708	-67.9143	-67.1434	-66.2252	-65.1152	-63.7538	-62.06	-59.9213	-57.1734	-53.5594	-48.6694	-41.9104	-32.5969	-20.1891	-4.92475	10.8088	20.8036	-0.209952	-64.096	-76.7246	-79.2876	-79.8089
2.815	-71.7741	-72.1035	-72.2481	-72.2272	-72.1038	-71.9188	-71.6937	-71.4376	-71.1531	-70.8389	-70.4915	-70.1053	-69.6724	-69.1829	-68.6231	-67.9753	-67.2155	-66.3116	-65.2203	-63.8836	-62.2224	-60.1278	-57.4412	-53.9158	-49.1573	-42.5873	-33.521	-21.392	-6.32744	9.54484	20.9171	13.6837	-60.978	-76.1475	-79.179	-79.7844
2.82	-71.7902	-72.1199	-72.265	-72.245	-72.1227	-71.9392	-71.7156	-71.4614	-71.1791	-70.8675	-70.5231	-70.1405	-69.712	-69.2278	-68.6748	-68.0354	-67.2865	-66.3966	-65.3236	-64.0109	-62.3816	-60.33	-57.7028	-54.263	-49.6318	-43.2454	-34.4218	-22.5711	-7.71683	8.2767	20.8388	21.0184	-57.927	-75.4881	-79.0491	-79.7553
2.825	-71.8062	-72.1362	-72.2818	-72.2627	-72.1415	-71.9594	-71.7374	-71.485	-71.2049	-70.8958	-70.5544	-70.1753	-69.7512	-69.2723	-68.7258	-68.0948	-67.3564	-66.4802	-65.4251	-64.1359	-62.5377	-60.5278	-57.9583	-54.6015	-50.0931	-43.8852	-35.2995	-23.7258	-9.09223	6.98565	20.4163	23.559	-55.2081	-74.7921	-78.9004	-79.7212
2.83	-71.8222	-72.1524	-72.2986	-72.2803	-72.1603	-71.9794	-71.7591	-71.5085	-71.2305	-70.9239	-70.5854	-70.2098	-69.7899	-69.3162	-68.7762	-68.1533	-67.4253	-66.5625	-65.5249	-64.2585	-62.6907	-60.7216	-58.208	-54.9314	-50.5418	-44.5071	-36.1545	-24.856	-10.4537	5.66168	19.6891	24.0599	-52.7343	-74.0879	-78.7372	-79.682
2.835	-71.838	-72.1685	-72.3152	-72.2978	-72.1789	-71.9994	-71.7806	-71.5318	-71.2559	-70.9517	-70.6162	-70.244	-69.8283	-69.3597	-68.826	-68.2111	-67.4932	-66.6435	-65.6229	-64.379	-62.8408	-60.9112	-58.4521	-55.2532	-50.9782	-45.1115	-36.987	-25.9616	-11.8009	4.305	18.7514	23.813	-50.2495	-73.3752	-78.5625	-79.6379
2.84	-71.8538	-72.1846	-72.3318	-72.3152	-72.1974	-72.0192	-71.802	-71.555	-71.2811	-70.9794	-70.6466	-70.2779	-69.8662	-69.4026	-68.8752	-68.268	-67.5602	-66.7233	-65.7193	-64.4972	-62.9879	-61.097	-58.6907	-55.5669	-51.4029	-45.699	-37.7976	-27.0427	-13.1333	2.9215	17.6794	23.2859	-47.4417	-72.6282	-78.3767	-79.5892
2.845	-71.8695	-72.2005	-72.3482	-72.3325	-72.2158	-72.0389	-71.8232	-71.578	-71.3061	-71.0068	-70.6768	-70.3114	-69.9038	-69.4451	-68.9238	-68.3243	-67.6261	-66.8017	-65.8141	-64.6133	-63.1322	-61.2789	-58.924	-55.873	-51.816	-46.2701	-38.5865	-28.0995	-14.4496	1.51868	16.5213	22.6524	-43.943	-71.8002	-78.1761	-79.5356
2.85	-71.8851	-72.2164	-72.3646	-72.3497	-72.234	-72.0585	-71.8443	-71.6008	-71.3309	-71.0339	-70.7068	-70.3447	-69.941	-69.4872	-68.9718	-68.3798	-67.6911	-66.879	-65.9072	-64.7273	-63.2737	-61.4571	-59.1522	-56.1716	-52.2181	-46.8251	-39.3543	-29.1319	-15.7483	0.103563	15.3058	21.9996	-39.251	-70.8199	-77.953	-79.4764
2.855	-71.9006	-72.2322	-72.3809	-72.3668	-72.2522	-72.0779	-71.8652	-71.6234	-71.3556	-71.0609	-70.7365	-70.3776	-69.9778	-69.5287	-69.0192	-68.4345	-67.7552	-66.9551	-65.9989	-64.8393	-63.4125	-61.6317	-59.3753	-56.463	-52.6095	-47.3645	-40.1013	-30.1402	-17.0281	-1.31777	14.0522	21.4031	-32.5899	-69.5791	-77.6938	-79.4102
2.86	-71.9161	-72.2479	-72.3971	-72.3838	-72.2703	-72.0973	-71.886	-71.6459	-71.38	-71.0876	-70.7659	-70.4102	-70.0143	-69.5698	-69.0661	-68.4886	-67.8184	-67.03	-66.089	-64.9492	-63.5486	-61.8027	-59.5936	-56.7475	-52.9906	-47.8888	-40.8279	-31.1245	-18.2877	-2.73993	12.7776	20.9598	-22.7984	-67.9131	-77.3766	-79.334
2.865	-71.9314	-72.2635	-72.4132	-72.4007	-72.2882	-72.1165	-71.9067	-71.6683	-71.4043	-71.1142	-70.7951	-70.4425	-70.0504	-69.6105	-69.1124	-68.542	-67.8807	-67.1038	-66.1776	-65.0573	-63.6822	-61.9703	-59.8072	-57.0252	-53.3618	-48.3985	-41.5346	-32.085	-19.5259	-4.15787	11.4994	20.7806	-8.91412	-65.6222	-76.9707	-79.2434
2.87	-71.9467	-72.2791	-72.4292	-72.4175	-72.3061	-72.1356	-71.9272	-71.6905	-71.4284	-71.1405	-70.824	-70.4745	-70.0861	-69.6507	-69.1582	-68.5947	-67.9422	-67.1764	-66.2648	-65.1634	-63.8133	-62.1345	-60.0161	-57.2965	-53.7233	-48.8939	-42.2219	-33.0219	-20.7414	-5.56693	10.2308	20.8593	6.79596	-62.6915	-76.451	-79.1329
2.875	-71.9619	-72.2945	-72.4451	-72.4342	-72.3238	-72.1546	-71.9476	-71.7125	-71.4523	-71.1666	-70.8527	-70.5063	-70.1215	-69.6906	-69.2034	-68.6467	-68.0028	-67.248	-66.3505	-65.2677	-63.942	-62.2955	-60.2206	-57.5614	-54.0755	-49.3756	-42.8901	-33.9353	-21.9335	-6.96371	8.96742	20.9203	17.8451	-59.5446	-75.8273	-78.9988
2.88	-71.977	-72.3099	-72.461	-72.4508	-72.3415	-72.1734	-71.9679	-71.7344	-71.4761	-71.1925	-70.8811	-70.5377	-70.1565	-69.7299	-69.2482	-68.6981	-68.0626	-67.3185	-66.4349	-65.3702	-64.0682	-62.4533	-60.4208	-57.8202	-54.4187	-49.844	-43.5398	-34.8255	-23.1015	-8.34672	7.69078	20.6889	22.5724	-56.6361	-75.1421	-78.8413
2.885	-71.9921	-72.3252	-72.4768	-72.4674	-72.359	-72.1922	-71.988	-71.7561	-71.4997	-71.2182	-70.9093	-70.5689	-70.1912	-69.7689	-69.2924	-68.7489	-68.1216	-67.388	-66.5179	-65.4709	-64.1921	-62.6079	-60.6168	-58.0731	-54.7532	-50.2996	-44.1714	-35.6928	-24.245	-9.71574	6.38525	20.1163	23.9347	-54.0528	-74.436	-78.6637
2.89	-72.0071	-72.3404	-72.4925	-72.4838	-72.3765	-72.2108	-72.008	-71.7777	-71.5231	-71.2437	-70.9373	-70.5998	-70.2256	-69.8075	-69.3361	-68.799	-68.1797	-67.4564	-66.5996	-65.5698	-64.3138	-62.7596	-60.8086	-58.3202	-55.0794	-50.7426	-44.7852	-36.5375	-25.364	-11.0708	5.04586	19.2817	24.0012	-51.6081	-73.7241	-78.4699
2.895	-72.022	-72.3556	-72.5081	-72.5002	-72.3938	-72.2293	-72.0279	-71.7991	-71.5463	-71.2691	-70.9651	-70.6304	-70.2596	-69.8457	-69.3793	-68.8485	-68.2371	-67.5239	-66.68	-65.6671	-64.4332	-62.9083	-60.9965	-58.5617	-55.3974	-51.1736	-45.3819	-37.3599	-26.4584	-12.4114	3.67603	18.275	23.5937	-49.0137	-72.9939	-78.2618
2.9	-72.0368	-72.3707	-72.5236	-72.5164	-72.411	-72.2477	-72.0477	-71.8204	-71.5694	-71.2942	-70.9926	-70.6607	-70.2933	-69.8835	-69.4221	-68.8974	-68.2938	-67.5903	-66.7592	-65.7628	-64.5504	-63.0541	-61.1805	-58.7979	-55.7076	-51.5929	-45.9618	-38.1606	-27.5284	-13.7365	2.28279	17.1593	23.0046	-45.9369	-72.2095	-78.0382
2.905	-72.0515	-72.3857	-72.539	-72.5326	-72.4282	-72.266	-72.0673	-71.8416	-71.5923	-71.3191	-71.0199	-70.6908	-70.3267	-69.9208	-69.4644	-68.9457	-68.3497	-67.6559	-66.8371	-65.8568	-64.6656	-63.1971	-61.3607	-59.0288	-56.0102	-52.001	-46.5255	-38.9398	-28.574	-15.045	0.873544	15.9721	22.3537	-41.961	-71.3138	-77.7934
2.91	-72.0662	-72.4006	-72.5544	-72.5487	-72.4452	-72.2842	-72.0868	-71.8626	-71.615	-71.3439	-71.047	-70.7206	-70.3598	-69.9579	-69.5062	-68.9935	-68.4048	-67.7205	-66.9138	-65.9492	-64.7786	-63.3373	-61.5372	-59.2547	-56.3055	-52.3982	-47.0733	-39.698	-29.5954	-16.3352	-0.545107	14.7372	21.7172	-36.4769	-70.2206	-77.5169
2.915	-72.0808	-72.4154	-72.5697	-72.5647	-72.4622	-72.3023	-72.1062	-71.8835	-71.6376	-71.3684	-71.0738	-70.7502	-70.3926	-69.9945	-69.5475	-69.0406	-68.4593	-67.7842	-66.9894	-66.0402	-64.8897	-63.4749	-61.7102	-59.4756	-56.5938	-52.7848	-47.6058	-40.4356	-30.5927	-17.606	-1.96744	13.472	21.178	-28.531	-68.7974	-77.1906
2.92	-72.0953	-72.4302	-72.5849	-72.5807	-72.4791	-72.3203	-72.1254	-71.9042	-71.66	-71.3928	-71.1005	-70.7795	-70.4251	-70.0308	-69.5884	-69.0873	-68.513	-67.8469	-67.0638	-66.1296	-64.9988	-63.6099	-61.8796	-59.6917	-56.8751	-53.1613	-48.1233	-41.1531	-31.5662	-18.8559	-3.38827	12.1937	20.8452	-16.8763	-66.8528	-76.7866
2.925	-72.1098	-72.4449	-72.6	-72.5965	-72.4958	-72.3382	-72.1446	-71.9248	-71.6823	-71.417	-71.1269	-70.8086	-70.4573	-70.0667	-69.6289	-69.1333	-68.5661	-67.9089	-67.137	-66.2175	-65.1059	-63.7424	-62.0457	-59.9031	-57.1499	-53.528	-48.6265	-41.8509	-32.5158	-20.0839	-4.80266	10.9193	20.8028	-1.49997	-64.2275	-76.2705
2.93	-72.1242	-72.4595	-72.615	-72.6122	-72.5125	-72.3559	-72.1636	-71.9453	-71.7044	-71.441	-71.1531	-70.8374	-70.4891	-70.1023	-69.669	-69.1789	-68.6185	-67.9699	-67.2092	-66.3041	-65.2112	-63.8723	-62.2084	-60.1101	-57.4182	-53.8852	-49.1156	-42.5294	-33.4419	-21.2888	-6.20638	9.65503	20.9182	12.7984	-61.1087	-75.6273
2.935	-72.1385	-72.4741	-72.63	-72.6279	-72.5291	-72.3736	-72.1825	-71.9656	-71.7264	-71.4649	-71.1792	-70.866	-70.5207	-70.1375	-69.7086	-69.2239	-68.6702	-68.0302	-67.2803	-66.3892	-65.3147	-63.9999	-62.3679	-60.3126	-57.6803	-54.2333	-49.5912	-43.1891	-34.3447	-22.4699	-7.59694	8.3881	20.8647	20.6602	-58.0137	-74.8825
2.94	-72.1528	-72.4886	-72.6449	-72.6435	-72.5456	-72.3912	-72.2013	-71.9859	-71.7482	-71.4885	-71.205	-70.8943	-70.5521	-70.1724	-69.7478	-69.2684	-68.7213	-68.0896	-67.3503	-66.4729	-65.4163	-64.1251	-62.5242	-60.5108	-57.9364	-54.5725	-50.0536	-43.8305	-35.2244	-23.6268	-8.97354	7.09952	20.4703	23.4673	-55.2366	-74.0809
2.945	-72.167	-72.503	-72.6597	-72.659	-72.562	-72.4086	-72.22	-72.0059	-71.7699	-71.512	-71.2306	-70.9224	-70.5831	-70.2069	-69.7866	-69.3124	-68.7718	-68.1482	-67.4193	-66.5554	-65.5162	-64.2479	-62.6775	-60.7049	-58.1866	-54.9032	-50.5034	-44.4539	-36.0813	-24.7591	-10.3362	5.77839	19.7646	24.0706	-52.7085	-73.2532
2.95	-72.1811	-72.5173	-72.6745	-72.6744	-72.5783	-72.426	-72.2386	-72.0259	-71.7914	-71.5354	-71.256	-70.9503	-70.6139	-70.2412	-69.825	-69.3559	-68.8216	-68.206	-67.4873	-66.6365	-65.6144	-64.3685	-62.8278	-60.8949	-58.4312	-55.2256	-50.9409	-45.0598	-36.9158	-25.8668	-11.6847	4.42425	18.8411	23.864	-50.1748	-72.4019
2.955	-72.1951	-72.5316	-72.6892	-72.6898	-72.5945	-72.4432	-72.257	-72.0457	-71.8128	-71.5585	-71.2813	-70.9779	-70.6444	-70.275	-69.8629	-69.3989	-68.8709	-68.263	-67.5543	-66.7163	-65.711	-64.487	-62.9752	-61.081	-58.6702	-55.54	-51.3665	-45.6488	-37.7282	-26.95	-13.0184	3.04272	17.7785	23.3567	-47.3164	-71.5025
2.96	-72.2091	-72.5458	-72.7038	-72.7051	-72.6107	-72.4604	-72.2754	-72.0654	-71.834	-71.5815	-71.3063	-71.0053	-70.6746	-70.3086	-69.9006	-69.4414	-68.9195	-68.3193	-67.6203	-66.7949	-65.8058	-64.6032	-63.1197	-61.2632	-58.904	-55.8467	-51.7806	-46.2212	-38.519	-28.0089	-14.3361	1.64128	16.627	22.7366	-43.754	-70.5062
2.965	-72.223	-72.5599	-72.7183	-72.7203	-72.6267	-72.4775	-72.2936	-72.085	-71.8551	-71.6044	-71.3311	-71.0325	-70.7045	-70.3419	-69.9378	-69.4835	-68.9676	-68.3749	-67.6854	-66.8723	-65.8992	-64.7174	-63.2614	-61.4417	-59.1326	-56.146	-52.1837	-46.7776	-39.2886	-29.0434	-15.6364	0.227041	15.4167	22.0963	-38.9682	-69.3362
2.97	-72.2369	-72.574	-72.7328	-72.7354	-72.6427	-72.4945	-72.3118	-72.1044	-71.8761	-71.627	-71.3558	-71.0595	-70.7343	-70.3748	-69.9746	-69.5251	-69.015	-68.4297	-67.7496	-66.9484	-65.9909	-64.8296	-63.4005	-61.6166	-59.3561	-56.438	-52.576	-47.3183	-40.0374	-30.0538	-16.918	-1.1938	14.1676	21.5143	-32.1561	-67.8728
2.975	-72.2507	-72.588	-72.7472	-72.7504	-72.6586	-72.5113	-72.3298	-72.1237	-71.8969	-71.6496	-71.3803	-71.0863	-70.7637	-70.4075	-70.0111	-69.5662	-69.062	-68.4839	-67.8129	-67.0234	-66.0811	-64.9397	-63.5369	-61.7879	-59.5748	-56.7231	-52.958	-47.8439	-40.7657	-31.0402	-18.1793	-2.61578	12.8973	21.0902	-22.1259	-65.9319
2.98	-72.2644	-72.6019	-72.7615	-72.7654	-72.6744	-72.5281	-72.3477	-72.143	-71.9175	-71.6719	-71.4046	-71.1128	-70.7929	-70.4398	-70.0472	-69.6069	-69.1083	-68.5373	-67.8753	-67.0973	-66.1699	-65.0479	-63.6707	-61.9558	-59.7888	-57.0014	-53.33	-48.3549	-41.4742	-32.0027	-19.4193	-4.03376	11.6236	20.9348	-7.96535	-63.2904
2.985	-72.278	-72.6158	-72.7757	-72.7803	-72.6901	-72.5448	-72.3655	-72.1621	-71.9381	-71.6941	-71.4287	-71.1392	-70.8219	-70.4719	-70.083	-69.6472	-69.1541	-68.5901	-67.9368	-67.1701	-66.2572	-65.1542	-63.802	-62.1203	-59.9982	-57.2732	-53.6923	-48.8515	-42.1631	-32.9416	-20.6367	-5.44305	10.3592	21.0292	7.74973	-59.9228
2.99	-72.2916	-72.6296	-72.7899	-72.7951	-72.7057	-72.5614	-72.3833	-72.181	-71.9585	-71.7162	-71.4526	-71.1653	-70.8506	-70.5036	-70.1184	-69.6871	-69.1994	-68.6422	-67.9975	-67.2417	-66.3431	-65.2586	-63.9308	-62.2816	-60.203	-57.5386	-54.0453	-49.3344	-42.833	-33.857	-21.8308	-6.84032	9.09846	21.086	18.4657	-56.2406
2.995	-72.3052	-72.6434	-72.804	-72.8098	-72.7213	-72.5779	-72.4009	-72.1999	-71.9788	-71.7381	-71.4764	-71.1912	-70.879	-70.5351	-70.1535	-69.7265	-69.2442	-68.6936	-68.0573	-67.3123	-66.4276	-65.3613	-64.0573	-62.4396	-60.4036	-57.7979	-54.3893	-49.804	-43.4842	-34.7492	-23.0008	-8.22413	7.82291	20.8413	22.9555	-52.6414
3	-72.3187	-72.657	-72.8181	-72.8245	-72.7367	-72.5944	-72.4184	-72.2186	-71.9989	-71.7598	-71.5	-71.217	-70.9073	-70.5663	-70.1882	-69.7655	-69.2885	-68.7444	-68.1164	-67.3819	-66.5107	-65.4621	-64.1814	-62.5946	-60.5999	-58.0513	-54.7245	-50.2606	-44.1173	-35.6184	-24.1463	-9.59425	6.51752	20.2589	24.2558	-49.1115
3.005	-72.3321	-72.6707	-72.8321	-72.8391	-72.7521	-72.6107	-72.4358	-72.2373	-72.019	-71.7814	-71.5234	-71.2425	-70.9353	-70.5972	-70.2226	-69.8041	-69.3323	-68.7946	-68.1746	-67.4504	-66.5925	-65.5612	-64.3032	-62.7465	-60.7921	-58.2989	-55.0514	-50.7047	-44.7327	-36.465	-25.2674	-10.9506	5.17809	19.4224	24.3622	-45.2961
3.01	-72.3454	-72.6842	-72.846	-72.8536	-72.7674	-72.627	-72.4531	-72.2558	-72.0388	-71.8029	-71.5467	-71.2678	-70.963	-70.6278	-70.2567	-69.8423	-69.3755	-68.8441	-68.2321	-67.518	-66.673	-65.6587	-64.4229	-62.8954	-60.9803	-58.541	-55.3701	-51.1367	-45.3309	-37.2894	-26.3639	-12.2927	3.8086	18.4223	24.0653	-40.6028
3.015	-72.3587	-72.6977	-72.8599	-72.8681	-72.7827	-72.6431	-72.4703	-72.2742	-72.0586	-71.8242	-71.5698	-71.293	-70.9906	-70.6582	-70.2904	-69.8801	-69.4183	-68.8931	-68.2888	-67.5845	-66.7523	-65.7544	-64.5403	-63.0415	-61.1646	-58.7776	-55.681	-51.557	-45.9122	-38.0919	-27.4359	-13.6194	2.41644	17.3221	23.6721	-34.1406
3.02	-72.372	-72.7111	-72.8736	-72.8824	-72.7978	-72.6592	-72.4874	-72.2925	-72.0782	-71.8454	-71.5927	-71.3179	-71.0179	-70.6883	-70.3238	-69.9176	-69.4606	-68.9415	-68.3448	-67.6501	-66.8303	-65.8486	-64.6556	-63.1847	-61.3452	-59.009	-55.9843	-51.966	-46.4772	-38.8729	-28.4837	-14.9294	1.00945	16.1631	23.3553	-24.5402
3.025	-72.3851	-72.7245	-72.8874	-72.8968	-72.8129	-72.6752	-72.5045	-72.3107	-72.0978	-71.8664	-71.6154	-71.3427	-71.045	-70.7181	-70.3569	-69.9546	-69.5025	-68.9893	-68.4	-67.7148	-66.9072	-65.9412	-64.7689	-63.3252	-61.522	-59.2353	-56.2802	-52.3641	-47.0264	-39.6329	-29.5072	-16.2211	-0.405026	14.9757	23.2691	-10.2461
3.03	-72.3983	-72.7378	-72.901	-72.911	-72.8279	-72.6911	-72.5214	-72.3288	-72.1172	-71.8873	-71.638	-71.3673	-71.0719	-70.7477	-70.3897	-69.9913	-69.5439	-69.0365	-68.4545	-67.7786	-66.9828	-66.0323	-64.8801	-63.463	-61.6953	-59.4566	-56.569	-52.7517	-47.5602	-40.3723	-30.5065	-17.4929	-1.82044	13.7816	23.4661	7.30852
3.035	-72.4113	-72.7511	-72.9146	-72.9252	-72.8428	-72.7069	-72.5382	-72.3468	-72.1364	-71.908	-71.6605	-71.3917	-71.0985	-70.7771	-70.4222	-70.0276	-69.5848	-69.0831	-68.5083	-67.8415	-67.0573	-66.1218	-64.9893	-63.5983	-61.865	-59.6731	-56.851	-53.1291	-48.079	-41.0915	-31.4819	-18.7436	-3.23186	12.5823	23.6875	20.5296
3.04	-72.4243	-72.7643	-72.9282	-72.9393	-72.8577	-72.7226	-72.555	-72.3646	-72.1556	-71.9286	-71.6828	-71.4159	-71.125	-70.8062	-70.4545	-70.0636	-69.6253	-69.1293	-68.5614	-67.9034	-67.1306	-66.2099	-65.0966	-63.7309	-62.0313	-59.8849	-57.1263	-53.4966	-48.5834	-41.791	-32.4334	-19.9719	-4.63656	11.3618	23.6218	26.4528
3.045	-72.4373	-72.7774	-72.9416	-72.9533	-72.8725	-72.7383	-72.5716	-72.3824	-72.1746	-71.9491	-71.7049	-71.4399	-71.1512	-70.835	-70.4864	-70.0992	-69.6654	-69.1749	-68.6139	-67.9646	-67.2029	-66.2965	-65.2021	-63.8611	-62.1943	-60.0922	-57.3951	-53.8546	-49.0737	-42.4711	-33.3612	-21.1772	-6.03339	10.1052	23.2042	28.4738
3.05	-72.4502	-72.7905	-72.955	-72.9673	-72.8872	-72.7538	-72.5882	-72.4001	-72.1936	-71.9695	-71.7269	-71.4638	-71.1773	-70.8636	-70.518	-70.1344	-69.7051	-69.2199	-68.6657	-68.0249	-67.2741	-66.3818	-65.3057	-63.9888	-62.3541	-60.2951	-57.6578	-54.2034	-49.5504	-43.1324	-34.2657	-22.359	-7.4216	8.80764	22.5144	28.9936
3.055	-72.463	-72.8035	-72.9684	-72.9812	-72.9018	-72.7693	-72.6046	-72.4176	-72.2124	-71.9897	-71.7487	-71.4875	-71.2031	-70.892	-70.5493	-70.1693	-69.7443	-69.2645	-68.7168	-68.0844	-67.3442	-66.4656	-65.4075	-64.1142	-62.5107	-60.4937	-57.9144	-54.5434	-50.014	-43.7752	-35.1471	-23.517	-8.80012	7.4727	21.6436	28.9161
3.06	-72.4758	-72.8164	-72.9817	-72.995	-72.9164	-72.7848	-72.621	-72.4351	-72.2311	-72.0098	-71.7704	-71.511	-71.2288	-70.9201	-70.5804	-70.2039	-69.7831	-69.3085	-68.7673	-68.143	-67.4133	-66.5482	-65.5076	-64.2373	-62.6643	-60.6882	-58.1651	-54.8748	-50.4648	-44.4001	-36.0057	-24.6509	-10.1675	6.1073	20.6535	28.5494
3.065	-72.4885	-72.8293	-72.9949	-73.0088	-72.9309	-72.8001	-72.6373	-72.4525	-72.2497	-72.0298	-71.7919	-71.5343	-71.2542	-70.948	-70.6112	-70.2381	-69.8216	-69.352	-68.8172	-68.2009	-67.4813	-66.6294	-65.6059	-64.3581	-62.8148	-60.8785	-58.4101	-55.1979	-50.9033	-45.0075	-36.842	-25.7608	-11.5219	4.71862	19.5792	28.008
3.07	-72.5012	-72.8422	-73.0081	-73.0225	-72.9453	-72.8153	-72.6535	-72.4697	-72.2681	-72.0496	-71.8133	-71.5575	-71.2794	-70.9756	-70.6417	-70.2721	-69.8596	-69.3951	-68.8665	-68.258	-67.5484	-66.7093	-65.7026	-64.4767	-62.9624	-61.0649	-58.6497	-55.513	-51.3299	-45.5979	-37.6562	-26.8464	-12.8615	3.31287	18.4401	27.3416
3.075	-72.5138	-72.855	-73.0212	-73.0362	-72.9596	-72.8305	-72.6696	-72.4869	-72.2865	-72.0693	-71.8346	-71.5805	-71.3045	-71.0031	-70.672	-70.3057	-69.8972	-69.4377	-68.9152	-68.3144	-67.6146	-66.788	-65.7976	-64.5932	-63.1072	-61.2475	-58.8839	-55.8204	-51.745	-46.1717	-38.4488	-27.9077	-14.1847	1.89518	17.2477	26.5756
3.08	-72.5264	-72.8677	-73.0342	-73.0498	-72.9739	-72.8456	-72.6856	-72.504	-72.3047	-72.0889	-71.8557	-71.6034	-71.3294	-71.0303	-70.7019	-70.3389	-69.9345	-69.4798	-68.9633	-68.37	-67.6797	-66.8655	-65.891	-64.7075	-63.2492	-61.4263	-59.1129	-56.1203	-52.149	-46.7294	-39.2201	-28.9448	-15.4899	0.469795	16.0091	25.7247
3.085	-72.5389	-72.8804	-73.0472	-73.0633	-72.9881	-72.8606	-72.7016	-72.521	-72.3229	-72.1084	-71.8767	-71.6261	-71.354	-71.0573	-70.7317	-70.3719	-69.9714	-69.5214	-69.0108	-68.4249	-67.744	-66.9418	-65.9829	-64.8198	-63.3885	-61.6015	-59.3369	-56.4129	-52.5422	-47.2714	-39.9707	-29.9578	-16.7757	-0.959648	14.7298	24.7986
3.09	-72.5514	-72.893	-73.0602	-73.0768	-73.0023	-72.8756	-72.7174	-72.5378	-72.3409	-72.1277	-71.8975	-71.6486	-71.3785	-71.0841	-70.7611	-70.4046	-70.0079	-69.5626	-69.0578	-68.4791	-67.8074	-67.0169	-66.0733	-64.9302	-63.5251	-61.7732	-59.556	-56.6986	-52.9251	-47.7983	-40.7008	-30.9467	-18.0411	-2.38995	13.4141	23.804
3.095	-72.5638	-72.9056	-73.0731	-73.0902	-73.0164	-72.8904	-72.7332	-72.5546	-72.3589	-72.1469	-71.9182	-71.671	-71.4028	-71.1106	-70.7904	-70.437	-70.044	-69.6033	-69.1042	-68.5326	-67.8698	-67.0909	-66.1622	-65.0385	-63.6591	-61.9413	-59.7704	-56.9775	-53.2979	-48.3104	-41.411	-31.9117	-19.2851	-3.81824	12.0661	22.7462
3.1	-72.5762	-72.9181	-73.0859	-73.1035	-73.0304	-72.9053	-72.7489	-72.5713	-72.3767	-72.166	-71.9387	-71.6932	-71.427	-71.137	-70.8193	-70.469	-70.0798	-69.6437	-69.1501	-68.5854	-67.9314	-67.1637	-66.2496	-65.145	-63.7906	-62.1061	-59.9801	-57.2498	-53.661	-48.8083	-42.1016	-32.853	-20.5068	-5.24187	10.6893	21.6296
3.105	-72.5885	-72.9306	-73.0986	-73.1168	-73.0443	-72.92	-72.7645	-72.5879	-72.3944	-72.185	-71.9592	-71.7152	-71.4509	-71.1632	-70.8481	-70.5008	-70.1153	-69.6835	-69.1954	-68.6376	-67.9922	-67.2355	-66.3356	-65.2496	-63.9197	-62.2677	-60.1854	-57.5158	-54.0148	-49.2924	-42.7732	-33.7709	-21.7057	-6.65842	9.28716	20.4581
3.11	-72.6007	-72.943	-73.1114	-73.13	-73.0582	-72.9346	-72.78	-72.6045	-72.412	-72.2039	-71.9795	-71.7372	-71.4747	-71.1891	-70.8765	-70.5323	-70.1504	-69.723	-69.2403	-68.6891	-68.0521	-67.3062	-66.4202	-65.3524	-64.0463	-62.426	-60.3863	-57.7756	-54.3596	-49.763	-43.4261	-34.6657	-22.8813	-8.06564	7.86311	19.2353
3.115	-72.613	-72.9554	-73.124	-73.1432	-73.072	-72.9492	-72.7955	-72.6209	-72.4296	-72.2226	-71.9996	-71.7589	-71.4983	-71.2149	-70.9048	-70.5635	-70.1851	-69.762	-69.2846	-68.7399	-68.1112	-67.3758	-66.5035	-65.4534	-64.1707	-62.5812	-60.583	-58.0295	-54.6956	-50.2207	-44.0608	-35.5376	-24.0331	-9.46147	6.42045	17.9647
3.12	-72.6251	-72.9677	-73.1366	-73.1563	-73.0858	-72.9637	-72.8109	-72.6372	-72.447	-72.2413	-72.0196	-71.7805	-71.5218	-71.2404	-70.9328	-70.5945	-70.2195	-69.8007	-69.3284	-68.7902	-68.1695	-67.4444	-66.5854	-65.5526	-64.2927	-62.7334	-60.7755	-58.2776	-55.0231	-50.6659	-44.6779	-36.387	-25.1609	-10.844	4.96242	16.6496
3.125	-72.6372	-72.9799	-73.1492	-73.1693	-73.0994	-72.9781	-72.8262	-72.6535	-72.4643	-72.2598	-72.0396	-71.802	-71.545	-71.2658	-70.9606	-70.6251	-70.2536	-69.8389	-69.3717	-68.8398	-68.2271	-67.5121	-66.666	-65.6502	-64.4125	-62.8825	-60.9641	-58.5201	-55.3425	-51.099	-45.2776	-37.2142	-26.2646	-12.2115	3.49219	15.2933
3.13	-72.6493	-72.9922	-73.1617	-73.1823	-73.1131	-72.9925	-72.8414	-72.6696	-72.4815	-72.2782	-72.0593	-71.8233	-71.5681	-71.2909	-70.9882	-70.6555	-70.2874	-69.8768	-69.4145	-68.8888	-68.2838	-67.5787	-66.7454	-65.7461	-64.5301	-63.0289	-61.1487	-58.7572	-55.6541	-51.5203	-45.8606	-38.0196	-27.3439	-13.5624	2.01289	13.8994
3.135	-72.6613	-73.0043	-73.1741	-73.1952	-73.1266	-73.0068	-72.8565	-72.6857	-72.4986	-72.2966	-72.079	-71.8445	-71.5911	-71.3159	-71.0155	-70.6856	-70.3209	-69.9142	-69.4569	-68.9372	-68.3398	-67.6444	-66.8235	-65.8404	-64.6456	-63.1723	-61.3296	-58.989	-55.958	-51.9303	-46.4272	-38.8036	-28.3989	-14.8953	0.527553	12.4713
3.14	-72.6733	-73.0164	-73.1865	-73.2081	-73.1401	-73.021	-72.8716	-72.7017	-72.5157	-72.3148	-72.0985	-71.8656	-71.6138	-71.3407	-71.0426	-70.7155	-70.354	-69.9513	-69.4988	-68.985	-68.3951	-67.7092	-66.9004	-65.9332	-64.759	-63.3131	-61.5067	-59.2157	-56.2546	-52.3294	-46.9779	-39.5666	-29.4297	-16.209	-0.960851	11.0123
3.145	-72.6852	-73.0285	-73.1989	-73.2209	-73.1535	-73.0352	-72.8865	-72.7176	-72.5326	-72.3329	-72.1179	-71.8865	-71.6365	-71.3653	-71.0695	-70.7451	-70.3868	-69.988	-69.5402	-69.0323	-68.4497	-67.773	-66.9762	-66.0243	-64.8704	-63.4511	-61.6803	-59.4375	-56.544	-52.7179	-47.5133	-40.309	-30.4363	-17.5022	-2.44945	9.52604
3.15	-72.6971	-73.0405	-73.2111	-73.2337	-73.1669	-73.0493	-72.9015	-72.7334	-72.5495	-72.3509	-72.1372	-71.9072	-71.6589	-71.3897	-71.0962	-70.7745	-70.4194	-70.0244	-69.5812	-69.079	-68.5036	-67.8359	-67.0508	-66.114	-64.9799	-63.5866	-61.8503	-59.6544	-56.8265	-53.0962	-48.0337	-41.0312	-31.4189	-18.7742	-3.93549	8.01608
3.155	-72.709	-73.0525	-73.2234	-73.2464	-73.1802	-73.0633	-72.9163	-72.7492	-72.5662	-72.3687	-72.1564	-71.9279	-71.6812	-71.4139	-71.1227	-70.8036	-70.4516	-70.0604	-69.6218	-69.1252	-68.5568	-67.898	-67.1242	-66.2022	-65.0873	-63.7194	-62.017	-59.8666	-57.1024	-53.4646	-48.5396	-41.7336	-32.3777	-20.0241	-5.41632	6.486
3.16	-72.7207	-73.0644	-73.2356	-73.259	-73.1935	-73.0773	-72.9311	-72.7648	-72.5829	-72.3865	-72.1754	-71.9484	-71.7034	-71.438	-71.1489	-70.8324	-70.4835	-70.096	-69.6619	-69.1708	-68.6093	-67.9592	-67.1966	-66.289	-65.1929	-63.8498	-62.1803	-60.0743	-57.3718	-53.8235	-49.0314	-42.4168	-33.3128	-21.2511	-6.88941	4.9394
3.165	-72.7325	-73.0763	-73.2477	-73.2716	-73.2067	-73.0912	-72.9457	-72.7804	-72.5994	-72.4042	-72.1944	-71.9687	-71.7254	-71.4618	-71.175	-70.8611	-70.5152	-70.1313	-69.7016	-69.2159	-68.6611	-68.0196	-67.2678	-66.3743	-65.2967	-63.9778	-62.3403	-60.2776	-57.635	-54.1731	-49.5096	-43.0811	-34.2247	-22.4548	-8.35239	3.37991
3.17	-72.7442	-73.0881	-73.2598	-73.2841	-73.2198	-73.105	-72.9604	-72.7959	-72.6159	-72.4218	-72.2132	-71.989	-71.7472	-71.4855	-71.2009	-70.8894	-70.5465	-70.1662	-69.7408	-69.2605	-68.7123	-68.0791	-67.3381	-66.4583	-65.3987	-64.1034	-62.4972	-60.4766	-57.8921	-54.5139	-49.9747	-43.7269	-35.1135	-23.6346	-9.80301	1.81111
3.175	-72.7558	-73.0999	-73.2718	-73.2966	-73.2329	-73.1188	-72.9749	-72.8113	-72.6323	-72.4393	-72.2319	-72.0091	-71.7689	-71.5091	-71.2265	-70.9176	-70.5776	-70.2008	-69.7797	-69.3046	-68.7629	-68.1379	-67.4072	-66.541	-65.4989	-64.2266	-62.651	-60.6713	-58.1434	-54.8461	-50.427	-44.3549	-35.9797	-24.7903	-11.2392	0.236572
3.18	-72.7674	-73.1116	-73.2838	-73.3091	-73.2459	-73.1325	-72.9894	-72.8266	-72.6486	-72.4566	-72.2505	-72.029	-71.7905	-71.5324	-71.252	-70.9455	-70.6084	-70.2351	-69.8181	-69.3482	-68.8128	-68.1958	-67.4754	-66.6223	-65.5974	-64.3476	-62.8018	-60.8621	-58.3889	-55.17	-50.8669	-44.9653	-36.8234	-25.9216	-12.659	-1.34023
3.185	-72.779	-73.1233	-73.2957	-73.3214	-73.2589	-73.1461	-73.0038	-72.8419	-72.6648	-72.4739	-72.269	-72.0489	-71.8119	-71.5556	-71.2772	-70.9732	-70.639	-70.269	-69.8562	-69.3913	-68.8622	-68.253	-67.5426	-66.7024	-65.6942	-64.4664	-62.9497	-61.0488	-58.6289	-55.4859	-51.295	-45.5587	-37.6452	-27.0282	-14.0607	-2.91588
3.19	-72.7905	-73.1349	-73.3076	-73.3338	-73.2718	-73.1597	-73.0181	-72.8571	-72.6809	-72.4911	-72.2874	-72.0686	-71.8331	-71.5786	-71.3023	-71.0006	-70.6693	-70.3027	-69.8939	-69.4339	-68.9109	-68.3094	-67.6088	-66.7812	-65.7893	-64.5831	-63.0947	-61.2317	-58.8636	-55.7941	-51.7115	-46.1355	-38.4452	-28.1103	-15.4428	-4.4871
3.195	-72.802	-73.1465	-73.3195	-73.346	-73.2846	-73.1732	-73.0324	-72.8722	-72.697	-72.5082	-72.3056	-72.0882	-71.8542	-71.6015	-71.3272	-71.0279	-70.6993	-70.336	-69.9312	-69.476	-68.9591	-68.3651	-67.674	-66.8587	-65.8829	-64.6976	-63.2369	-61.4109	-59.0931	-56.0947	-52.1168	-46.6962	-39.2241	-29.1676	-16.8037	-6.05072
3.2	-72.8135	-73.158	-73.3312	-73.3583	-73.2974	-73.1866	-73.0466	-72.8872	-72.7129	-72.5252	-72.3238	-72.1077	-71.8752	-71.6242	-71.3519	-71.0549	-70.729	-70.369	-69.9681	-69.5177	-69.0066	-68.4201	-67.7384	-66.9351	-65.9749	-64.8101	-63.3764	-61.5864	-59.3176	-56.3881	-52.5115	-47.2413	-39.982	-30.2003	-18.1422	-7.60376
3.205	-72.8249	-73.1695	-73.343	-73.3704	-73.3101	-73.2	-73.0607	-72.9021	-72.7288	-72.5421	-72.3418	-72.127	-71.8961	-71.6468	-71.3764	-71.0817	-70.7585	-70.4017	-70.0046	-69.5589	-69.0537	-68.4743	-67.8018	-67.0103	-66.0654	-64.9206	-63.5132	-61.7583	-59.5371	-56.6745	-52.8957	-47.7712	-40.7195	-31.2085	-19.4573	-9.1434
3.21	-72.8362	-73.181	-73.3547	-73.3826	-73.3228	-73.2134	-73.0748	-72.917	-72.7446	-72.5589	-72.3598	-72.1463	-71.9168	-71.6691	-71.4007	-71.1083	-70.7878	-70.4341	-70.0408	-69.5997	-69.1001	-68.5279	-67.8643	-67.0844	-66.1544	-65.0291	-63.6475	-61.9268	-59.7519	-56.9541	-53.2698	-48.2863	-41.437	-32.1923	-20.748	-10.667
3.215	-72.8475	-73.1924	-73.3663	-73.3946	-73.3354	-73.2266	-73.0887	-72.9318	-72.7603	-72.5756	-72.3776	-72.1654	-71.9373	-71.6914	-71.4249	-71.1347	-70.8167	-70.4662	-70.0766	-69.6401	-69.146	-68.5808	-67.926	-67.1573	-66.242	-65.1357	-63.7792	-62.0919	-59.9621	-57.2271	-53.6343	-48.7872	-42.1349	-33.1519	-22.0136	-12.1722
3.22	-72.8588	-73.2038	-73.3779	-73.4067	-73.348	-73.2398	-73.1027	-72.9465	-72.7759	-72.5922	-72.3953	-72.1844	-71.9578	-71.7134	-71.4489	-71.1608	-70.8455	-70.498	-70.1121	-69.68	-69.1914	-68.633	-67.9868	-67.2292	-66.3281	-65.2405	-63.9085	-62.2537	-60.1678	-57.4937	-53.9894	-49.2742	-42.8136	-34.0876	-23.2534	-13.6569
3.225	-72.87	-73.2151	-73.3895	-73.4186	-73.3605	-73.253	-73.1165	-72.9612	-72.7914	-72.6087	-72.413	-72.2033	-71.9781	-71.7354	-71.4726	-71.1868	-70.874	-70.5295	-70.1472	-69.7195	-69.2363	-68.6845	-68.0468	-67.3	-66.4128	-65.3434	-64.0354	-62.4123	-60.3691	-57.7543	-54.3354	-49.7477	-43.4735	-34.9996	-24.4669	-15.1189
3.23	-72.8812	-73.2264	-73.401	-73.4306	-73.373	-73.2661	-73.1303	-72.9758	-72.8069	-72.6252	-72.4305	-72.2221	-71.9983	-71.7572	-71.4963	-71.2126	-70.9023	-70.5607	-70.182	-69.7586	-69.2807	-68.7355	-68.106	-67.3697	-66.4962	-65.4446	-64.1599	-62.5678	-60.5662	-58.0088	-54.6727	-50.2083	-44.1152	-35.8882	-25.6539	-16.5568
3.235	-72.8923	-73.2376	-73.4125	-73.4424	-73.3854	-73.2791	-73.1441	-72.9903	-72.8223	-72.6415	-72.448	-72.2407	-72.0183	-71.7788	-71.5197	-71.2381	-70.9303	-70.5917	-70.2165	-69.7972	-69.3245	-68.7857	-68.1644	-67.4384	-66.5782	-65.544	-64.2821	-62.7202	-60.7591	-58.2576	-55.0016	-50.6564	-44.739	-36.7536	-26.814	-17.9689
3.24	-72.9035	-73.2488	-73.4239	-73.4543	-73.3977	-73.2921	-73.1577	-73.0047	-72.8376	-72.6578	-72.4653	-72.2593	-72.0382	-71.8003	-71.543	-71.2635	-70.9581	-70.6224	-70.2506	-69.8355	-69.3679	-68.8354	-68.222	-67.5061	-66.659	-65.6417	-64.4021	-62.8697	-60.9481	-58.5007	-55.3223	-51.0923	-45.3455	-37.5964	-27.9472	-19.3542
3.245	-72.9145	-73.26	-73.4353	-73.466	-73.41	-73.305	-73.1713	-73.0191	-72.8528	-72.6739	-72.4825	-72.2777	-72.058	-71.8216	-71.5661	-71.2887	-70.9857	-70.6528	-70.2844	-69.8734	-69.4107	-68.8845	-68.2788	-67.5729	-66.7385	-65.7378	-64.5199	-63.0162	-61.1331	-58.7384	-55.6351	-51.5164	-45.935	-38.4167	-29.0534	-20.7115
3.25	-72.9255	-73.2711	-73.4466	-73.4778	-73.4223	-73.3179	-73.1849	-73.0334	-72.868	-72.69	-72.4997	-72.296	-72.0777	-71.8428	-71.5891	-71.3137	-71.0131	-70.6829	-70.3179	-69.9109	-69.4531	-68.9329	-68.3349	-67.6386	-66.8167	-65.8322	-64.6356	-63.16	-61.3143	-58.9709	-55.9402	-51.9292	-46.5081	-39.2151	-30.1326	-22.0401
3.255	-72.9365	-73.2822	-73.4579	-73.4895	-73.4345	-73.3307	-73.1984	-73.0477	-72.883	-72.706	-72.5167	-72.3142	-72.0972	-71.8639	-71.6119	-71.3385	-71.0402	-70.7128	-70.351	-69.948	-69.4951	-68.9808	-68.3903	-67.7035	-66.8937	-65.9251	-64.7492	-63.301	-61.4918	-59.1982	-56.238	-52.331	-47.0652	-39.9918	-31.1851	-23.3394
3.26	-72.9475	-73.2932	-73.4692	-73.5011	-73.4466	-73.3434	-73.2118	-73.0618	-72.898	-72.7219	-72.5336	-72.3323	-72.1166	-71.8848	-71.6345	-71.3631	-71.0671	-70.7425	-70.3839	-69.9848	-69.5365	-69.0281	-68.4449	-67.7674	-66.9696	-66.0164	-64.8608	-63.4392	-61.6658	-59.4206	-56.5286	-52.7221	-47.6067	-40.7473	-32.2109	-24.6091
3.265	-72.9584	-73.3042	-73.4804	-73.5127	-73.4587	-73.3561	-73.2251	-73.0759	-72.9129	-72.7378	-72.5505	-72.3503	-72.1359	-71.9056	-71.657	-71.3875	-71.0938	-70.7719	-70.4165	-70.0211	-69.5776	-69.0749	-68.4988	-67.8304	-67.0443	-66.1062	-64.9704	-63.5749	-61.8362	-59.6381	-56.8124	-53.1031	-48.1331	-41.4821	-33.2105	-25.8489
3.27	-72.9693	-73.3151	-73.4915	-73.5242	-73.4708	-73.3687	-73.2384	-73.09	-72.9278	-72.7535	-72.5673	-72.3682	-72.1551	-71.9262	-71.6793	-71.4117	-71.1203	-70.801	-70.4487	-70.0572	-69.6182	-69.1211	-68.5521	-67.8926	-67.1178	-66.1945	-65.078	-63.708	-62.0031	-59.8509	-57.0894	-53.4741	-48.6448	-42.1965	-34.184	-27.0587
3.275	-72.9801	-73.326	-73.5026	-73.5357	-73.4828	-73.3813	-73.2517	-73.1039	-72.9425	-72.7692	-72.5839	-72.386	-72.1742	-71.9467	-71.7015	-71.4358	-71.1466	-70.8299	-70.4807	-70.0928	-69.6583	-69.1668	-68.6047	-67.9538	-67.1902	-66.2814	-65.1838	-63.8386	-62.1668	-60.0592	-57.36	-53.8355	-49.1424	-42.891	-35.1318	-28.2386
3.28	-72.9909	-73.3369	-73.5137	-73.5472	-73.4947	-73.3939	-73.2649	-73.1178	-72.9572	-72.7848	-72.6005	-72.4037	-72.1931	-71.9671	-71.7235	-71.4597	-71.1727	-70.8585	-70.5124	-70.1281	-69.698	-69.2119	-68.6566	-68.0143	-67.2616	-66.3669	-65.2877	-63.9668	-62.3271	-60.263	-57.6243	-54.1877	-49.6262	-43.5661	-36.0543	-29.3887
3.285	-73.0017	-73.3477	-73.5248	-73.5586	-73.5066	-73.4063	-73.278	-73.1316	-72.9719	-72.8003	-72.617	-72.4213	-72.212	-71.9873	-71.7453	-71.4834	-71.1985	-70.8869	-70.5437	-70.1631	-69.7373	-69.2566	-68.7078	-68.0739	-67.3319	-66.451	-65.3898	-64.0926	-62.4844	-60.4626	-57.8826	-54.531	-50.0966	-44.2222	-36.952	-30.5094
3.29	-73.0124	-73.3585	-73.5358	-73.57	-73.5185	-73.4187	-73.291	-73.1454	-72.9864	-72.8157	-72.6334	-72.4388	-72.2307	-72.0074	-71.767	-71.507	-71.2242	-70.9151	-70.5749	-70.1977	-69.7762	-69.3007	-68.7584	-68.1327	-67.4012	-66.5338	-65.4902	-64.2161	-62.6385	-60.6579	-58.1349	-54.8657	-50.5542	-44.8598	-37.8252	-31.601
3.295	-73.0231	-73.3693	-73.5467	-73.5813	-73.5303	-73.4311	-73.304	-73.1591	-73.0009	-72.831	-72.6497	-72.4562	-72.2493	-72.0274	-71.7886	-71.5303	-71.2497	-70.943	-70.6057	-70.232	-69.8147	-69.3443	-68.8084	-68.1907	-67.4694	-66.6152	-65.5888	-64.3373	-62.7896	-60.8492	-58.3816	-55.192	-50.9992	-45.4794	-38.6744	-32.6638
3.3	-73.0337	-73.38	-73.5576	-73.5926	-73.542	-73.4434	-73.317	-73.1728	-73.0153	-72.8463	-72.6659	-72.4735	-72.2678	-72.0473	-71.81	-71.5536	-71.275	-70.9707	-70.6363	-70.266	-69.8528	-69.3875	-68.8578	-68.248	-67.5367	-66.6954	-65.6858	-64.4563	-62.9378	-61.0365	-58.6227	-55.5102	-51.4322	-46.0814	-39.5001	-33.6983
3.305	-73.0443	-73.3907	-73.5685	-73.6038	-73.5538	-73.4557	-73.3299	-73.1863	-73.0297	-72.8615	-72.6821	-72.4907	-72.2862	-72.067	-71.8313	-71.5766	-71.3001	-70.9982	-70.6665	-70.2997	-69.8905	-69.4301	-68.9066	-68.3045	-67.603	-66.7743	-65.7811	-64.5732	-63.0831	-61.22	-58.8585	-55.8206	-51.8535	-46.6664	-40.3027	-34.7051
3.31	-73.0549	-73.4013	-73.5793	-73.615	-73.5654	-73.4679	-73.3427	-73.1999	-73.0439	-72.8766	-72.6981	-72.5078	-72.3044	-72.0866	-71.8524	-71.5995	-71.325	-71.0254	-70.6966	-70.333	-69.9278	-69.4723	-68.9548	-68.3602	-67.6683	-66.852	-65.8748	-64.6879	-63.2256	-61.3996	-59.089	-56.1235	-52.2635	-47.2348	-41.0828	-35.6845
3.315	-73.0655	-73.4119	-73.5901	-73.6261	-73.577	-73.4801	-73.3555	-73.2133	-73.0581	-72.8916	-72.7141	-72.5248	-72.3226	-72.1061	-71.8734	-71.6222	-71.3497	-71.0525	-70.7263	-70.366	-69.9648	-69.514	-69.0024	-68.4153	-67.7327	-66.9285	-65.967	-64.8006	-63.3654	-61.5757	-59.3145	-56.4191	-52.6626	-47.787	-41.8409	-36.6372
3.32	-73.076	-73.4225	-73.6009	-73.6372	-73.5886	-73.4922	-73.3682	-73.2267	-73.0723	-72.9066	-72.7299	-72.5417	-72.3407	-72.1255	-71.8943	-71.6447	-71.3742	-71.0793	-70.7559	-70.3988	-70.0014	-69.5553	-69.0495	-68.4696	-67.7962	-67.0038	-66.0576	-64.9113	-63.5026	-61.7481	-59.5351	-56.7077	-53.0511	-48.3237	-42.5774	-37.5636
3.325	-73.0865	-73.433	-73.6116	-73.6483	-73.6001	-73.5042	-73.3809	-73.24	-73.0863	-72.9215	-72.7457	-72.5585	-72.3586	-72.1447	-71.915	-71.6671	-71.3985	-71.1059	-70.7851	-70.4312	-70.0376	-69.5961	-69.096	-68.5232	-67.8589	-67.0779	-66.1467	-65.02	-63.6371	-61.9171	-59.7509	-56.9894	-53.4295	-48.8452	-43.293	-38.4643
3.33	-73.0969	-73.4435	-73.6222	-73.6593	-73.6116	-73.5163	-73.3935	-73.2533	-73.1003	-72.9363	-72.7614	-72.5752	-72.3765	-72.1639	-71.9356	-71.6894	-71.4227	-71.1323	-70.8141	-70.4633	-70.0734	-69.6365	-69.142	-68.5761	-67.9206	-67.151	-66.2344	-65.1268	-63.7692	-62.0827	-59.9621	-57.2645	-53.798	-49.352	-43.988	-39.3399
3.335	-73.1073	-73.454	-73.6329	-73.6703	-73.623	-73.5282	-73.406	-73.2665	-73.1143	-72.951	-72.7771	-72.5918	-72.3942	-72.1829	-71.956	-71.7115	-71.4467	-71.1585	-70.8429	-70.4951	-70.1089	-69.6765	-69.1874	-68.6284	-67.9815	-67.2229	-66.3207	-65.2318	-63.8987	-62.245	-60.1688	-57.5332	-54.157	-49.8445	-44.663	-40.1909
3.34	-73.1177	-73.4644	-73.6435	-73.6812	-73.6344	-73.5401	-73.4185	-73.2797	-73.1282	-72.9657	-72.7926	-72.6084	-72.4119	-72.2018	-71.9763	-71.7334	-71.4705	-71.1845	-70.8714	-70.5267	-70.1441	-69.716	-69.2323	-68.68	-68.0416	-67.2938	-66.4055	-65.3349	-64.0259	-62.4041	-60.3711	-57.7957	-54.5069	-50.3233	-45.3186	-41.0177
3.345	-73.128	-73.4748	-73.654	-73.6921	-73.6458	-73.552	-73.431	-73.2928	-73.142	-72.9803	-72.8081	-72.6248	-72.4294	-72.2206	-71.9965	-71.7552	-71.4941	-71.2102	-70.8997	-70.5579	-70.1789	-69.7551	-69.2767	-68.731	-68.1008	-67.3636	-66.489	-65.4362	-64.1507	-62.5601	-60.5691	-58.0522	-54.8478	-50.7888	-45.9552	-41.821
3.35	-73.1383	-73.4851	-73.6645	-73.703	-73.6571	-73.5638	-73.4434	-73.3058	-73.1557	-72.9948	-72.8235	-72.6412	-72.4469	-72.2392	-72.0166	-71.7769	-71.5176	-71.2358	-70.9278	-70.5889	-70.2134	-69.7938	-69.3206	-68.7813	-68.1593	-67.4324	-66.5712	-65.5358	-64.2732	-62.713	-60.763	-58.3028	-55.1802	-51.2414	-46.5733	-42.6013
3.355	-73.1486	-73.4954	-73.675	-73.7138	-73.6683	-73.5756	-73.4557	-73.3188	-73.1694	-73.0093	-72.8388	-72.6574	-72.4642	-72.2578	-72.0365	-71.7984	-71.5409	-71.2612	-70.9556	-70.6196	-70.2475	-69.8321	-69.364	-68.831	-68.2169	-67.5002	-66.6521	-65.6337	-64.3934	-62.863	-60.9529	-58.5479	-55.5043	-51.6815	-47.1736	-43.359
3.36	-73.1588	-73.5057	-73.6855	-73.7246	-73.6795	-73.5873	-73.468	-73.3317	-73.183	-73.0237	-72.854	-72.6736	-72.4814	-72.2762	-72.0563	-71.8197	-71.564	-71.2864	-70.9832	-70.6501	-70.2814	-69.87	-69.4069	-68.8801	-68.2738	-67.5671	-66.7317	-65.7299	-64.5115	-63.01	-61.1388	-58.7874	-55.8204	-52.1096	-47.7564	-44.0947
3.365	-73.169	-73.5159	-73.6959	-73.7353	-73.6907	-73.599	-73.4803	-73.3446	-73.1965	-73.038	-72.8692	-72.6897	-72.4986	-72.2945	-72.076	-71.8409	-71.587	-71.3114	-71.0106	-70.6802	-70.3149	-69.9076	-69.4494	-68.9286	-68.33	-67.6329	-66.81	-65.8245	-64.6274	-63.1542	-61.3209	-59.0216	-56.1287	-52.5261	-48.3224	-44.809
3.37	-73.1792	-73.5261	-73.7062	-73.746	-73.7018	-73.6106	-73.4924	-73.3574	-73.21	-73.0522	-72.8843	-72.7057	-72.5156	-72.3128	-72.0955	-71.862	-71.6098	-71.3362	-71.0378	-70.7102	-70.3481	-69.9447	-69.4914	-68.9766	-68.3854	-67.6978	-66.8871	-65.9175	-64.7413	-63.2956	-61.4993	-59.2506	-56.4295	-52.9313	-48.8719	-45.5023
3.375	-73.1893	-73.5363	-73.7166	-73.7566	-73.7129	-73.6222	-73.5046	-73.3701	-73.2235	-73.0664	-72.8993	-72.7216	-72.5326	-72.3309	-72.115	-71.8829	-71.6325	-71.3608	-71.0647	-70.7398	-70.381	-69.9815	-69.5329	-69.024	-68.4401	-67.7618	-66.9631	-66.009	-64.8531	-63.4344	-61.6741	-59.4747	-56.7231	-53.3256	-49.4055	-46.1752
3.38	-73.1994	-73.5464	-73.7269	-73.7673	-73.7239	-73.6337	-73.5167	-73.3828	-73.2368	-73.0805	-72.9142	-72.7375	-72.5495	-72.3489	-72.1343	-71.9037	-71.6549	-71.3853	-71.0914	-70.7692	-70.4135	-70.0179	-69.5739	-69.0708	-68.4941	-67.8249	-67.0379	-66.099	-64.963	-63.5705	-61.8454	-59.6938	-57.0097	-53.7095	-49.9237	-46.8282
3.385	-73.2095	-73.5565	-73.7371	-73.7778	-73.7349	-73.6452	-73.5287	-73.3955	-73.2501	-73.0945	-72.929	-72.7532	-72.5662	-72.3668	-72.1535	-71.9244	-71.6773	-71.4096	-71.1179	-70.7984	-70.4458	-70.0539	-69.6146	-69.117	-68.5474	-67.8872	-67.1115	-66.1875	-65.0709	-63.704	-62.0132	-59.9083	-57.2894	-54.0832	-50.427	-47.4618
3.39	-73.2195	-73.5666	-73.7474	-73.7884	-73.7459	-73.6567	-73.5407	-73.4081	-73.2634	-73.1085	-72.9438	-72.7689	-72.5829	-72.3846	-72.1725	-71.9449	-71.6995	-71.4336	-71.1442	-70.8273	-70.4778	-70.0896	-69.6547	-69.1628	-68.6	-67.9485	-67.1841	-66.2745	-65.1769	-63.8351	-62.1776	-60.1181	-57.5626	-54.4472	-50.9159	-48.0765
3.395	-73.2296	-73.5766	-73.7575	-73.7989	-73.7568	-73.6681	-73.5526	-73.4206	-73.2766	-73.1224	-72.9585	-72.7845	-72.5995	-72.4023	-72.1915	-71.9653	-71.7215	-71.4575	-71.1703	-70.8559	-70.5095	-70.125	-69.6945	-69.2079	-68.652	-68.009	-67.2555	-66.3601	-65.281	-63.9637	-62.3388	-60.3234	-57.8295	-54.8016	-51.3908	-48.6728
3.4	-73.2395	-73.5866	-73.7677	-73.8093	-73.7677	-73.6794	-73.5645	-73.4331	-73.2897	-73.1363	-72.9732	-72.8	-72.616	-72.4199	-72.2103	-71.9855	-71.7433	-71.4813	-71.1962	-70.8843	-70.5409	-70.16	-69.7338	-69.2526	-68.7033	-68.0687	-67.3259	-66.4444	-65.3834	-64.0899	-62.4968	-60.5245	-58.0901	-55.147	-51.8521	-49.2512
3.405	-73.2495	-73.5966	-73.7778	-73.8198	-73.7785	-73.6907	-73.5764	-73.4455	-73.3028	-73.15	-72.9877	-72.8154	-72.6324	-72.4374	-72.2291	-72.0056	-71.7651	-71.5048	-71.2219	-70.9125	-70.5721	-70.1946	-69.7728	-69.2968	-68.754	-68.1276	-67.3953	-66.5273	-65.484	-64.2138	-62.6517	-60.7212	-58.3448	-55.4835	-52.3004	-49.8123
3.41	-73.2594	-73.6065	-73.7879	-73.8301	-73.7893	-73.702	-73.5882	-73.4579	-73.3158	-73.1638	-73.0022	-72.8308	-72.6487	-72.4548	-72.2477	-72.0256	-71.7866	-71.5282	-71.2474	-70.9405	-70.6029	-70.229	-69.8113	-69.3405	-68.804	-68.1857	-67.4637	-66.6089	-65.5828	-64.3354	-62.8036	-60.9139	-58.5937	-55.8115	-52.736	-50.3566
3.415	-73.2693	-73.6164	-73.7979	-73.8405	-73.8001	-73.7132	-73.5999	-73.4702	-73.3287	-73.1774	-73.0166	-72.8461	-72.6649	-72.4721	-72.2662	-72.0455	-71.8081	-71.5514	-71.2727	-70.9682	-70.6335	-70.263	-69.8494	-69.3836	-68.8535	-68.243	-67.531	-66.6892	-65.68	-64.4548	-62.9525	-61.1025	-58.8369	-56.1312	-53.1594	-50.8846
3.42	-73.2791	-73.6263	-73.808	-73.8508	-73.8108	-73.7244	-73.6116	-73.4825	-73.3416	-73.191	-73.031	-72.8613	-72.6811	-72.4893	-72.2846	-72.0653	-71.8294	-71.5745	-71.2978	-70.9957	-70.6638	-70.2967	-69.8872	-69.4263	-68.9023	-68.2996	-67.5974	-66.7682	-65.7756	-64.572	-63.0985	-61.2873	-59.0747	-56.443	-53.571	-51.3967
3.425	-73.289	-73.6361	-73.8179	-73.8611	-73.8214	-73.7355	-73.6233	-73.4947	-73.3545	-73.2045	-73.0453	-72.8764	-72.6971	-72.5064	-72.3029	-72.0849	-71.8505	-71.5974	-71.3227	-71.023	-70.6939	-70.33	-69.9245	-69.4686	-68.9506	-68.3554	-67.6628	-66.846	-65.8695	-64.6871	-63.2418	-61.4683	-59.3072	-56.747	-53.9712	-51.8936
3.43	-73.2988	-73.6459	-73.8279	-73.8713	-73.8321	-73.7466	-73.6349	-73.5068	-73.3673	-73.218	-73.0595	-72.8914	-72.7131	-72.5234	-72.321	-72.1044	-71.8715	-71.6201	-71.3474	-71.05	-70.7237	-70.3631	-69.9615	-69.5103	-68.9983	-68.4105	-67.7273	-66.9227	-65.9619	-64.8002	-63.3822	-61.6455	-59.5345	-57.0436	-54.3604	-52.3756
3.435	-73.3085	-73.6557	-73.8378	-73.8815	-73.8427	-73.7577	-73.6464	-73.519	-73.38	-73.2314	-73.0736	-72.9064	-72.729	-72.5403	-72.3391	-72.1238	-71.8924	-71.6427	-71.372	-71.0769	-70.7532	-70.3958	-69.9981	-69.5516	-69.0454	-68.4649	-67.7909	-66.9981	-66.0527	-64.9113	-63.5201	-61.8192	-59.7568	-57.3329	-54.739	-52.8432
3.44	-73.3183	-73.6655	-73.8477	-73.8917	-73.8532	-73.7687	-73.6579	-73.531	-73.3927	-73.2447	-73.0877	-72.9213	-72.7448	-72.5571	-72.3571	-72.143	-71.9131	-71.6651	-71.3963	-71.1035	-70.7825	-70.4283	-70.0344	-69.5925	-69.0919	-68.5185	-67.8536	-67.0724	-66.142	-65.0203	-63.6553	-61.9893	-59.9743	-57.6152	-55.1073	-53.297
3.445	-73.328	-73.6752	-73.8575	-73.9018	-73.8637	-73.7796	-73.6694	-73.543	-73.4053	-73.258	-73.1017	-72.9361	-72.7605	-72.5739	-72.3749	-72.1621	-71.9337	-71.6874	-71.4205	-71.1299	-70.8115	-70.4604	-70.0702	-69.6329	-69.1379	-68.5715	-67.9155	-67.1456	-66.2299	-65.1275	-63.7879	-62.156	-60.187	-57.8908	-55.4656	-53.7374
3.45	-73.3377	-73.6848	-73.8673	-73.9119	-73.8742	-73.7906	-73.6808	-73.555	-73.4178	-73.2712	-73.1157	-72.9509	-72.7762	-72.5905	-72.3927	-72.1812	-71.9542	-71.7095	-71.4445	-71.1561	-70.8403	-70.4923	-70.1058	-69.6729	-69.1834	-68.6239	-67.9764	-67.2176	-66.3164	-65.2328	-63.9181	-62.3194	-60.3952	-58.1598	-55.8144	-54.1649
3.455	-73.3473	-73.6945	-73.8771	-73.922	-73.8847	-73.8014	-73.6922	-73.5669	-73.4304	-73.2844	-73.1295	-72.9655	-72.7917	-72.6071	-72.4103	-72.2001	-71.9745	-71.7314	-71.4684	-71.1821	-70.8689	-70.5238	-70.141	-69.7125	-69.2284	-68.6755	-68.0366	-67.2886	-66.4014	-65.3362	-64.0459	-62.4795	-60.5989	-58.4225	-56.1539	-54.5798
3.46	-73.3569	-73.7041	-73.8869	-73.932	-73.8951	-73.8123	-73.7035	-73.5788	-73.4428	-73.2975	-73.1434	-72.9801	-72.8072	-72.6235	-72.4279	-72.2189	-71.9947	-71.7532	-71.492	-71.2079	-70.8972	-70.5551	-70.1758	-69.7516	-69.2728	-68.7266	-68.0959	-67.3586	-66.4851	-65.4379	-64.1713	-62.6365	-60.7982	-58.6789	-56.4844	-54.9826
3.465	-73.3665	-73.7137	-73.8966	-73.942	-73.9054	-73.8231	-73.7148	-73.5906	-73.4552	-73.3105	-73.1571	-72.9947	-72.8226	-72.6399	-72.4453	-72.2375	-72.0147	-71.7749	-71.5155	-71.2335	-70.9253	-70.5861	-70.2103	-69.7904	-69.3168	-68.7769	-68.1544	-67.4275	-66.5675	-65.5378	-64.2943	-62.7904	-60.9933	-58.9294	-56.8063	-55.3738
3.47	-73.3761	-73.7233	-73.9063	-73.952	-73.9158	-73.8339	-73.7261	-73.6024	-73.4676	-73.3235	-73.1708	-73.0091	-72.8379	-72.6562	-72.4627	-72.2561	-72.0347	-71.7964	-71.5388	-71.2589	-70.9531	-70.6169	-70.2445	-69.8287	-69.3602	-68.8267	-68.2122	-67.4954	-66.6485	-65.636	-64.4152	-62.9412	-61.1843	-59.1741	-57.1198	-55.7536
3.475	-73.3856	-73.7328	-73.9159	-73.9619	-73.9261	-73.8446	-73.7373	-73.6141	-73.4799	-73.3365	-73.1844	-73.0235	-72.8531	-72.6723	-72.4799	-72.2746	-72.0545	-71.8178	-71.562	-71.2841	-70.9807	-70.6473	-70.2783	-69.8667	-69.4032	-68.8759	-68.2692	-67.5623	-66.7283	-65.7326	-64.5338	-63.0891	-61.3713	-59.4132	-57.4252	-56.1226
3.48	-73.3951	-73.7423	-73.9255	-73.9718	-73.9363	-73.8553	-73.7484	-73.6258	-73.4921	-73.3493	-73.198	-73.0378	-72.8683	-72.6884	-72.4971	-72.2929	-72.0742	-71.839	-71.5849	-71.3092	-71.0081	-70.6775	-70.3119	-69.9042	-69.4456	-68.9245	-68.3254	-67.6283	-66.8068	-65.8275	-64.6503	-63.2342	-61.5544	-59.6468	-57.7228	-56.4811
3.485	-73.4046	-73.7517	-73.9351	-73.9816	-73.9465	-73.8659	-73.7595	-73.6374	-73.5043	-73.3621	-73.2115	-73.0521	-72.8834	-72.7045	-72.5142	-72.3111	-72.0938	-71.8601	-71.6077	-71.334	-71.0353	-70.7075	-70.3451	-69.9414	-69.4877	-68.9725	-68.3809	-67.6933	-66.8841	-65.9208	-64.7646	-63.3764	-61.7337	-59.875	-58.0128	-56.8295
3.49	-73.4141	-73.7612	-73.9447	-73.9915	-73.9567	-73.8765	-73.7706	-73.649	-73.5165	-73.3749	-73.2249	-73.0663	-72.8984	-72.7204	-72.5311	-72.3293	-72.1132	-71.881	-71.6304	-71.3586	-71.0623	-70.7371	-70.378	-69.9782	-69.5292	-69.0199	-68.4357	-67.7574	-66.9603	-66.0126	-64.877	-63.5159	-61.9092	-60.0982	-58.2955	-57.168
3.495	-73.4235	-73.7706	-73.9542	-74.0013	-73.9669	-73.8871	-73.7816	-73.6606	-73.5286	-73.3876	-73.2383	-73.0804	-72.9133	-72.7362	-72.548	-72.3473	-72.1325	-71.9018	-71.6529	-71.3831	-71.089	-70.7666	-70.4106	-70.0147	-69.5703	-69.0667	-68.4897	-67.8206	-67.0352	-66.1028	-64.9873	-63.6528	-62.0812	-60.3163	-58.5711	-57.4971
3.5	-73.4329	-73.78	-73.9637	-74.011	-73.977	-73.8976	-73.7926	-73.6721	-73.5406	-73.4003	-73.2516	-73.0944	-72.9282	-72.752	-72.5648	-72.3652	-72.1517	-71.9225	-71.6752	-71.4074	-71.1155	-70.7957	-70.4429	-70.0507	-69.611	-69.1131	-68.5431	-67.8829	-67.109	-66.1916	-65.0956	-63.787	-62.2496	-60.5295	-58.8397	-57.8171
3.505	-73.4423	-73.7893	-73.9732	-74.0207	-73.9871	-73.9081	-73.8036	-73.6835	-73.5526	-73.4129	-73.2649	-73.1084	-72.943	-72.7677	-72.5815	-72.383	-72.1708	-71.943	-71.6974	-71.4315	-71.1419	-70.8247	-70.475	-70.0865	-69.6512	-69.1588	-68.5958	-67.9444	-67.1817	-66.2789	-65.2021	-63.9187	-62.4147	-60.738	-59.1017	-58.1282
3.51	-73.4516	-73.7986	-73.9826	-74.0304	-73.9971	-73.9185	-73.8145	-73.6949	-73.5646	-73.4254	-73.278	-73.1223	-72.9577	-72.7833	-72.5981	-72.4007	-72.1898	-71.9634	-71.7195	-71.4554	-71.168	-70.8533	-70.5067	-70.1218	-69.691	-69.2041	-68.6478	-68.005	-67.2534	-66.3648	-65.3067	-64.048	-62.5763	-60.9418	-59.3573	-58.4308
3.515	-73.4609	-73.8079	-73.992	-74.0401	-74.0071	-73.929	-73.8253	-73.7063	-73.5764	-73.4379	-73.2912	-73.1362	-72.9723	-72.7988	-72.6146	-72.4183	-72.2086	-71.9837	-71.7414	-71.4791	-71.1939	-70.8818	-70.5381	-70.1569	-69.7304	-69.2488	-68.6992	-68.0648	-67.3239	-66.4493	-65.4095	-64.1748	-62.7348	-61.1412	-59.6066	-58.7251
3.52	-73.4702	-73.8172	-74.0014	-74.0497	-74.0171	-73.9393	-73.8362	-73.7176	-73.5883	-73.4503	-73.3043	-73.15	-72.9869	-72.8142	-72.631	-72.4358	-72.2274	-72.0038	-71.7631	-71.5027	-71.2196	-70.91	-70.5693	-70.1916	-69.7694	-69.293	-68.7499	-68.1238	-67.3934	-66.5325	-65.5105	-64.2992	-62.89	-61.3362	-59.8498	-59.0115
3.525	-73.4795	-73.8264	-74.0107	-74.0593	-74.027	-73.9497	-73.847	-73.7289	-73.6001	-73.4627	-73.3173	-73.1637	-73.0014	-72.8296	-72.6473	-72.4532	-72.246	-72.0238	-71.7847	-71.5261	-71.2451	-70.938	-70.6002	-70.2259	-69.8079	-69.3367	-68.8001	-68.182	-67.4619	-66.6143	-65.6098	-64.4214	-63.0421	-61.527	-60.0871	-59.2901
3.53	-73.4887	-73.8356	-74.02	-74.0689	-74.0369	-73.96	-73.8577	-73.7401	-73.6119	-73.475	-73.3302	-73.1774	-73.0158	-72.8449	-72.6635	-72.4706	-72.2645	-72.0437	-71.8061	-71.5493	-71.2704	-70.9657	-70.6308	-70.2599	-69.8461	-69.3799	-68.8496	-68.2394	-67.5294	-66.6948	-65.7073	-64.5413	-63.1913	-61.7137	-60.3186	-59.5613
3.535	-73.4979	-73.8448	-74.0293	-74.0784	-74.0468	-73.9702	-73.8684	-73.7513	-73.6236	-73.4873	-73.3431	-73.1909	-73.0302	-72.8601	-72.6797	-72.4878	-72.2829	-72.0635	-71.8274	-71.5724	-71.2955	-70.9932	-70.6611	-70.2937	-69.8839	-69.4227	-68.8985	-68.2961	-67.596	-66.7741	-65.8032	-64.659	-63.3374	-61.8963	-60.5447	-59.8253
3.54	-73.5071	-73.854	-74.0386	-74.0879	-74.0566	-73.9805	-73.8791	-73.7624	-73.6352	-73.4995	-73.356	-73.2045	-73.0445	-72.8752	-72.6957	-72.5049	-72.3012	-72.0831	-71.8486	-71.5953	-71.3205	-71.0205	-70.6912	-70.327	-69.9212	-69.465	-68.9468	-68.352	-67.6615	-66.8522	-65.8975	-64.7745	-63.4807	-62.075	-60.7653	-60.0822
3.545	-73.5163	-73.8631	-74.0478	-74.0974	-74.0664	-73.9907	-73.8897	-73.7735	-73.6468	-73.5117	-73.3688	-73.2179	-73.0587	-72.8903	-72.7117	-72.5219	-72.3194	-72.1026	-71.8696	-71.6181	-71.3452	-71.0476	-70.721	-70.3601	-69.9583	-69.5068	-68.9945	-68.4071	-67.7262	-66.929	-65.9902	-64.888	-63.6212	-62.2498	-60.9807	-60.3325
3.55	-73.5254	-73.8722	-74.057	-74.1068	-74.0762	-74.0008	-73.9003	-73.7846	-73.6584	-73.5238	-73.3815	-73.2314	-73.0728	-72.9053	-72.7276	-72.5388	-72.3375	-72.122	-71.8905	-71.6406	-71.3698	-71.0744	-70.7506	-70.3929	-69.9949	-69.5481	-69.0417	-68.4616	-67.7899	-67.0047	-66.0814	-64.9994	-63.7589	-62.421	-61.191	-60.5761
3.555	-73.5345	-73.8813	-74.0662	-74.1162	-74.0859	-74.0109	-73.9108	-73.7956	-73.6699	-73.5359	-73.3942	-73.2447	-73.0869	-72.9202	-72.7434	-72.5556	-72.3554	-72.1413	-71.9112	-71.6631	-71.3941	-71.1011	-70.7799	-70.4254	-70.0312	-69.589	-69.0883	-68.5154	-67.8528	-67.0792	-66.1711	-65.1088	-63.894	-62.5885	-61.3963	-60.8135
3.56	-73.5436	-73.8903	-74.0753	-74.1256	-74.0956	-74.021	-73.9213	-73.8065	-73.6814	-73.5479	-73.4068	-73.258	-73.101	-72.935	-72.7592	-72.5724	-72.3733	-72.1604	-71.9318	-71.6853	-71.4183	-71.1275	-70.8089	-70.4576	-70.0671	-69.6295	-69.1344	-68.5684	-67.9147	-67.1526	-66.2592	-65.2163	-64.0265	-62.7525	-61.5969	-61.0447
3.565	-73.5527	-73.8993	-74.0844	-74.1349	-74.1053	-74.0311	-73.9318	-73.8175	-73.6928	-73.5599	-73.4194	-73.2712	-73.1149	-72.9497	-72.7748	-72.589	-72.3911	-72.1794	-71.9523	-71.7075	-71.4424	-71.1537	-70.8377	-70.4894	-70.1027	-69.6695	-69.1799	-68.6208	-67.9758	-67.2248	-66.346	-65.3219	-64.1564	-62.913	-61.7928	-61.2699
3.57	-73.5617	-73.9083	-74.0935	-74.1443	-74.1149	-74.0411	-73.9422	-73.8284	-73.7042	-73.5718	-73.4319	-73.2844	-73.1288	-72.9644	-72.7904	-72.6056	-72.4087	-72.1983	-71.9726	-71.7294	-71.4662	-71.1798	-70.8663	-70.521	-70.1379	-69.7091	-69.2249	-68.6726	-68.0361	-67.296	-66.4313	-65.4256	-64.2838	-63.0702	-61.9841	-61.4894
3.575	-73.5707	-73.9173	-74.1026	-74.1535	-74.1245	-74.0511	-73.9526	-73.8392	-73.7156	-73.5837	-73.4444	-73.2975	-73.1426	-72.979	-72.8059	-72.622	-72.4263	-72.2171	-71.9928	-71.7513	-71.4899	-71.2056	-70.8946	-70.5523	-70.1727	-69.7483	-69.2694	-68.7237	-68.0956	-67.3662	-66.5153	-65.5275	-64.4089	-63.2241	-62.1711	-61.7033
3.58	-73.5797	-73.9262	-74.1116	-74.1628	-74.1341	-74.061	-73.963	-73.85	-73.7269	-73.5956	-73.4568	-73.3105	-73.1564	-72.9936	-72.8213	-72.6384	-72.4437	-72.2358	-72.0129	-71.7729	-71.5134	-71.2312	-70.9227	-70.5834	-70.2073	-69.7871	-69.3134	-68.7742	-68.1542	-67.4353	-66.5979	-65.6276	-64.5315	-63.3749	-62.3537	-61.9118
3.585	-73.5887	-73.9351	-74.1206	-74.172	-74.1437	-74.0709	-73.9733	-73.8608	-73.7381	-73.6073	-73.4692	-73.3235	-73.1701	-73.008	-72.8366	-72.6547	-72.4611	-72.2544	-72.0329	-71.7944	-71.5367	-71.2566	-70.9506	-70.6141	-70.2415	-69.8255	-69.3569	-68.824	-68.2121	-67.5034	-66.6792	-65.726	-64.6518	-63.5225	-62.5322	-62.1151
3.59	-73.5976	-73.944	-74.1296	-74.1812	-74.1532	-74.0808	-73.9836	-73.8715	-73.7493	-73.6191	-73.4815	-73.3365	-73.1837	-73.0224	-72.8518	-72.6709	-72.4784	-72.2729	-72.0527	-71.8158	-71.5598	-71.2819	-70.9783	-70.6446	-70.2754	-69.8635	-69.3999	-68.8733	-68.2691	-67.5705	-66.7592	-65.8227	-64.7699	-63.6671	-62.7066	-62.3132
3.595	-73.6065	-73.9529	-74.1385	-74.1904	-74.1627	-74.0907	-73.9939	-73.8822	-73.7605	-73.6308	-73.4937	-73.3494	-73.1973	-73.0368	-72.867	-72.687	-72.4955	-72.2912	-72.0724	-71.8371	-71.5828	-71.3069	-71.0057	-70.6748	-70.3089	-69.9011	-69.4425	-68.9219	-68.3255	-67.6366	-66.8379	-65.9177	-64.8858	-63.8087	-62.8771	-62.5065
3.6	-73.6154	-73.9617	-74.1474	-74.1995	-74.1721	-74.1005	-74.0041	-73.8929	-73.7716	-73.6424	-73.5059	-73.3622	-73.2108	-73.051	-72.8821	-72.703	-72.5126	-72.3095	-72.092	-71.8581	-71.6057	-71.3317	-71.0329	-70.7048	-70.3422	-69.9383	-69.4845	-68.97	-68.3811	-67.7018	-66.9155	-66.0112	-64.9995	-63.9475	-63.0438	-62.695
3.605	-73.6243	-73.9705	-74.1563	-74.2086	-74.1815	-74.1102	-74.0142	-73.9035	-73.7827	-73.654	-73.5181	-73.3749	-73.2242	-73.0652	-72.8971	-72.719	-72.5296	-72.3276	-72.1114	-71.8791	-71.6283	-71.3564	-71.0598	-70.7345	-70.3751	-69.9751	-69.5261	-69.0175	-68.436	-67.7661	-66.9918	-66.103	-65.1112	-64.0835	-63.2067	-62.8788
3.61	-73.6331	-73.9793	-74.1652	-74.2177	-74.1909	-74.12	-74.0244	-73.914	-73.7937	-73.6655	-73.5302	-73.3877	-73.2376	-73.0793	-72.912	-72.7348	-72.5465	-72.3456	-72.1308	-71.8999	-71.6509	-71.3809	-71.0866	-70.7639	-70.4078	-70.0116	-69.5673	-69.0644	-68.4901	-67.8294	-67.0669	-66.1933	-65.2208	-64.2167	-63.366	-63.0582
3.615	-73.6419	-73.9881	-74.174	-74.2268	-74.2003	-74.1297	-74.0345	-73.9246	-73.8047	-73.677	-73.5422	-73.4003	-73.2509	-73.0934	-72.9269	-72.7506	-72.5632	-72.3636	-72.15	-71.9206	-71.6732	-71.4052	-71.1131	-70.7931	-70.4401	-70.0477	-69.608	-69.1108	-68.5436	-67.8919	-67.1409	-66.2821	-65.3284	-64.3473	-63.5217	-63.2332
3.62	-73.6507	-73.9968	-74.1828	-74.2358	-74.2096	-74.1394	-74.0445	-73.9351	-73.8157	-73.6885	-73.5542	-73.4129	-73.2642	-73.1074	-72.9417	-72.7663	-72.5799	-72.3814	-72.1691	-71.9411	-71.6954	-71.4293	-71.1395	-70.8221	-70.4722	-70.0835	-69.6483	-69.1566	-68.5964	-67.9535	-67.2138	-66.3694	-65.434	-64.4752	-63.6741	-63.4039
3.625	-73.6595	-74.0055	-74.1916	-74.2448	-74.2189	-74.149	-74.0546	-73.9455	-73.8266	-73.6999	-73.5662	-73.4255	-73.2774	-73.1213	-72.9564	-72.7819	-72.5965	-72.3991	-72.188	-71.9615	-71.7175	-71.4532	-71.1656	-70.8508	-70.5039	-70.1189	-69.6881	-69.2019	-68.6485	-68.0143	-67.2856	-66.4553	-65.5378	-64.6007	-63.8231	-63.5706
3.63	-73.6682	-74.0142	-74.2004	-74.2538	-74.2282	-74.1586	-74.0646	-73.9559	-73.8375	-73.7113	-73.5781	-73.438	-73.2905	-73.1351	-72.9711	-72.7974	-72.6131	-72.4167	-72.2069	-71.9818	-71.7394	-71.477	-71.1915	-70.8792	-70.5354	-70.154	-69.7275	-69.2467	-68.7	-68.0742	-67.3563	-66.5398	-65.6397	-64.7236	-63.9688	-63.7333
3.635	-73.677	-74.0228	-74.2091	-74.2627	-74.2374	-74.1682	-74.0745	-73.9663	-73.8483	-73.7226	-73.59	-73.4504	-73.3036	-73.1489	-72.9857	-72.8129	-72.6295	-72.4342	-72.2256	-72.002	-71.7611	-71.5006	-71.2173	-70.9075	-70.5666	-70.1887	-69.7665	-69.291	-68.7509	-68.1333	-67.4259	-66.6229	-65.7397	-64.8442	-64.1115	-63.8922
3.64	-73.6857	-74.0315	-74.2178	-74.2716	-74.2466	-74.1778	-74.0845	-73.9767	-73.8591	-73.7339	-73.6018	-73.4628	-73.3166	-73.1627	-73.0002	-72.8282	-72.6458	-72.4516	-72.2443	-72.022	-71.7827	-71.524	-71.2428	-70.9355	-70.5975	-70.2231	-69.8052	-69.3348	-68.8011	-68.1916	-67.4946	-66.7047	-65.8381	-64.9624	-64.251	-64.0473
3.645	-73.6943	-74.0401	-74.2265	-74.2805	-74.2558	-74.1873	-74.0944	-73.987	-73.8698	-73.7451	-73.6135	-73.4751	-73.3296	-73.1763	-73.0146	-72.8435	-72.662	-72.469	-72.2628	-72.0419	-71.8042	-71.5472	-71.2681	-70.9632	-70.6281	-70.2571	-69.8434	-69.3781	-68.8507	-68.2491	-67.5622	-66.7852	-65.9346	-65.0783	-64.3875	-64.1988
3.65	-73.703	-74.0487	-74.2351	-74.2894	-74.2649	-74.1968	-74.1042	-73.9972	-73.8805	-73.7563	-73.6252	-73.4874	-73.3425	-73.1899	-73.029	-72.8587	-72.6782	-72.4862	-72.2812	-72.0616	-71.8255	-71.5703	-71.2933	-70.9908	-70.6585	-70.2909	-69.8812	-69.4209	-68.8997	-68.3059	-67.6288	-66.8643	-66.0295	-65.192	-64.5212	-64.3467
3.655	-73.7116	-74.0572	-74.2438	-74.2982	-74.274	-74.2062	-74.1141	-74.0075	-73.8912	-73.7674	-73.6369	-73.4996	-73.3553	-73.2035	-73.0433	-72.8739	-72.6943	-72.5033	-72.2995	-72.0813	-71.8466	-71.5932	-71.3182	-71.0181	-70.6886	-70.3243	-69.9186	-69.4632	-68.9481	-68.3619	-67.6945	-66.9423	-66.1228	-65.3035	-64.652	-64.4913
3.66	-73.7202	-74.0658	-74.2524	-74.307	-74.2831	-74.2156	-74.1239	-74.0177	-73.9019	-73.7785	-73.6485	-73.5118	-73.3681	-73.2169	-73.0575	-72.8889	-72.7103	-72.5203	-72.3177	-72.1008	-71.8677	-71.616	-71.343	-71.0452	-70.7184	-70.3574	-69.9557	-69.5051	-68.9959	-68.4172	-67.7592	-67.019	-66.2144	-65.4129	-64.78	-64.6325
3.665	-73.7288	-74.0743	-74.2609	-74.3158	-74.2922	-74.225	-74.1336	-74.0278	-73.9124	-73.7896	-73.6601	-73.524	-73.3809	-73.2303	-73.0716	-72.9039	-72.7262	-72.5373	-72.3358	-72.1202	-71.8886	-71.6386	-71.3675	-71.0721	-70.748	-70.3902	-69.9923	-69.5465	-69.0431	-68.4718	-67.823	-67.0945	-66.3044	-65.5202	-64.9054	-64.7706
3.67	-73.7374	-74.0828	-74.2695	-74.3246	-74.3012	-74.2344	-74.1433	-74.0379	-73.923	-73.8006	-73.6716	-73.536	-73.3936	-73.2437	-73.0857	-72.9188	-72.742	-72.5541	-72.3538	-72.1395	-71.9093	-71.661	-71.3919	-71.0987	-70.7773	-70.4227	-70.0287	-69.5874	-69.0898	-68.5257	-67.8859	-67.1688	-66.393	-65.6255	-65.0282	-64.9055
3.675	-73.746	-74.0913	-74.278	-74.3333	-74.3102	-74.2437	-74.153	-74.048	-73.9335	-73.8116	-73.6831	-73.5481	-73.4062	-73.257	-73.0997	-72.9336	-72.7577	-72.5708	-72.3717	-72.1586	-71.9299	-71.6833	-71.4161	-71.1252	-70.8064	-70.4549	-70.0646	-69.6279	-69.136	-68.5788	-67.948	-67.242	-66.48	-65.7289	-65.1485	-65.0374
3.68	-73.7545	-74.0997	-74.2865	-74.342	-74.3192	-74.253	-74.1627	-74.0581	-73.944	-73.8226	-73.6945	-73.5601	-73.4188	-73.2702	-73.1137	-72.9484	-72.7734	-72.5875	-72.3894	-72.1777	-71.9504	-71.7055	-71.4402	-71.1514	-70.8352	-70.4868	-70.1002	-69.668	-69.1816	-68.6313	-68.0091	-67.314	-66.5656	-65.8303	-65.2663	-65.1664
3.685	-73.763	-74.1081	-74.295	-74.3507	-74.3282	-74.2623	-74.1723	-74.0681	-73.9544	-73.8335	-73.7059	-73.572	-73.4313	-73.2834	-73.1276	-72.9631	-72.7889	-72.604	-72.4071	-72.1966	-71.9708	-71.7274	-71.464	-71.1774	-70.8638	-70.5185	-70.1355	-69.7077	-69.2267	-68.6832	-68.0695	-67.385	-66.6497	-65.9299	-65.3817	-65.2925
3.69	-73.7715	-74.1165	-74.3035	-74.3593	-74.3371	-74.2716	-74.1819	-74.0781	-73.9648	-73.8443	-73.7173	-73.5839	-73.4438	-73.2965	-73.1414	-72.9777	-72.8044	-72.6205	-72.4247	-72.2154	-71.991	-71.7493	-71.4877	-71.2033	-70.8922	-70.5498	-70.1704	-69.7469	-69.2712	-68.7344	-68.129	-67.4549	-66.7324	-66.0276	-65.4947	-65.4159
3.695	-73.7799	-74.1249	-74.3119	-74.3679	-74.346	-74.2808	-74.1915	-74.0881	-73.9752	-73.8551	-73.7286	-73.5957	-73.4562	-73.3096	-73.1552	-72.9922	-72.8198	-72.6369	-72.4421	-72.2341	-72.0111	-71.7709	-71.5112	-71.2289	-70.9203	-70.5809	-70.205	-69.7858	-69.3153	-68.7849	-68.1876	-67.5238	-66.8138	-66.1236	-65.6055	-65.5365
3.7	-73.7884	-74.1332	-74.3203	-74.3765	-74.3548	-74.29	-74.201	-74.098	-73.9855	-73.8659	-73.7398	-73.6075	-73.4686	-73.3226	-73.1689	-73.0067	-72.8352	-72.6532	-72.4595	-72.2527	-72.031	-71.7925	-71.5346	-71.2544	-70.9482	-70.6116	-70.2392	-69.8242	-69.3589	-68.8348	-68.2455	-67.5917	-66.8939	-66.2178	-65.7141	-65.6546
3.705	-73.7968	-74.1416	-74.3287	-74.3851	-74.3637	-74.2991	-74.2105	-74.1078	-73.9958	-73.8766	-73.7511	-73.6192	-73.4809	-73.3355	-73.1825	-73.0211	-72.8504	-72.6694	-72.4768	-72.2712	-72.0509	-71.8139	-71.5577	-71.2796	-70.9759	-70.6422	-70.2731	-69.8623	-69.4019	-68.8842	-68.3027	-67.6585	-66.9726	-66.3104	-65.8206	-65.7702
3.71	-73.8052	-74.1499	-74.3371	-74.3936	-74.3725	-74.3082	-74.22	-74.1177	-74.0061	-73.8873	-73.7622	-73.6309	-73.4931	-73.3484	-73.1961	-73.0355	-72.8656	-72.6855	-72.494	-72.2895	-72.0706	-71.8351	-71.5808	-71.3046	-71.0033	-70.6724	-70.3067	-69.8999	-69.4445	-68.9329	-68.359	-67.7244	-67.0501	-66.4013	-65.925	-65.8833
3.715	-73.8136	-74.1582	-74.3454	-74.4022	-74.3813	-74.3173	-74.2295	-74.1275	-74.0163	-73.898	-73.7734	-73.6426	-73.5053	-73.3612	-73.2096	-73.0497	-72.8807	-72.7015	-72.511	-72.3078	-72.0902	-71.8562	-71.6036	-71.3295	-71.0305	-70.7024	-70.34	-69.9372	-69.4867	-68.981	-68.4146	-67.7893	-67.1264	-66.4905	-66.0273	-65.994
3.72	-73.8219	-74.1664	-74.3537	-74.4107	-74.39	-74.3264	-74.2389	-74.1373	-74.0265	-73.9086	-73.7844	-73.6542	-73.5175	-73.374	-73.2231	-73.0639	-72.8957	-72.7175	-72.528	-72.3259	-72.1096	-71.8772	-71.6263	-71.3542	-71.0575	-70.7321	-70.373	-69.9741	-69.5283	-69.0286	-68.4695	-67.8532	-67.2014	-66.5783	-66.1277	-66.1025
3.725	-73.8303	-74.1747	-74.362	-74.4191	-74.3988	-74.3354	-74.2482	-74.147	-74.0366	-73.9192	-73.7955	-73.6657	-73.5296	-73.3867	-73.2364	-73.078	-72.9107	-72.7334	-72.5449	-72.344	-72.129	-71.898	-71.6488	-71.3787	-71.0843	-70.7616	-70.4056	-70.0106	-69.5695	-69.0756	-68.5237	-67.9163	-67.2752	-66.6645	-66.2261	-66.2087
3.73	-73.8386	-74.1829	-74.3703	-74.4276	-74.4075	-74.3444	-74.2576	-74.1568	-74.0467	-73.9297	-73.8065	-73.6772	-73.5417	-73.3994	-73.2498	-73.0921	-72.9256	-72.7491	-72.5617	-72.3619	-72.1482	-71.9187	-71.6712	-71.403	-71.1108	-70.7908	-70.438	-70.0467	-69.6103	-69.122	-68.5771	-67.9785	-67.3479	-66.7492	-66.3227	-66.3127
3.735	-73.8469	-74.1911	-74.3785	-74.436	-74.4161	-74.3534	-74.2669	-74.1664	-74.0568	-73.9402	-73.8175	-73.6887	-73.5537	-73.412	-73.263	-73.1061	-72.9404	-72.7648	-72.5784	-72.3797	-72.1673	-71.9393	-71.6934	-71.4271	-71.1372	-70.8198	-70.4701	-70.0825	-69.6506	-69.1679	-68.6299	-68.0398	-67.4195	-66.8325	-66.4175	-66.4146
3.74	-73.8551	-74.1993	-74.3867	-74.4444	-74.4248	-74.3624	-74.2762	-74.1761	-74.0669	-73.9507	-73.8284	-73.7001	-73.5656	-73.4245	-73.2762	-73.12	-72.9551	-72.7804	-72.595	-72.3975	-72.1863	-71.9597	-71.7155	-71.4511	-71.1634	-70.8485	-70.5019	-70.118	-69.6905	-69.2133	-68.682	-68.1002	-67.49	-66.9143	-66.5105	-66.5145
3.745	-73.8634	-74.2074	-74.3949	-74.4528	-74.4334	-74.3713	-74.2855	-74.1857	-74.0769	-73.9611	-73.8393	-73.7115	-73.5775	-73.437	-73.2894	-73.1339	-72.9697	-72.796	-72.6115	-72.4151	-72.2052	-71.98	-71.7374	-71.4748	-71.1893	-70.877	-70.5334	-70.1531	-69.73	-69.2581	-68.7335	-68.1598	-67.5593	-66.9948	-66.6017	-66.6123
3.75	-73.8716	-74.2155	-74.4031	-74.4611	-74.442	-74.3802	-74.2947	-74.1953	-74.0868	-73.9715	-73.8501	-73.7228	-73.5894	-73.4495	-73.3025	-73.1477	-72.9843	-72.8114	-72.628	-72.4326	-72.2239	-72.0001	-71.7591	-71.4985	-71.215	-70.9052	-70.5646	-70.1879	-69.7691	-69.3024	-68.7843	-68.2186	-67.6277	-67.0739	-66.6913	-66.7083
3.755	-73.8798	-74.2237	-74.4112	-74.4694	-74.4506	-74.3891	-74.3039	-74.2048	-74.0968	-73.9818	-73.8609	-73.7341	-73.6012	-73.4619	-73.3155	-73.1614	-72.9988	-72.8268	-72.6443	-72.45	-72.2426	-72.0202	-71.7808	-71.5219	-71.2406	-70.9333	-70.5955	-70.2223	-69.8077	-69.3463	-68.8345	-68.2765	-67.695	-67.1517	-66.7793	-66.8023
3.76	-73.888	-74.2318	-74.4194	-74.4777	-74.4592	-74.3979	-74.3131	-74.2144	-74.1067	-73.9921	-73.8717	-73.7453	-73.613	-73.4742	-73.3285	-73.1751	-73.0133	-72.8421	-72.6606	-72.4674	-72.2611	-72.0401	-71.8022	-71.5452	-71.2659	-70.961	-70.6262	-70.2564	-69.846	-69.3896	-68.884	-68.3337	-67.7613	-67.2282	-66.8656	-66.8945
3.765	-73.8962	-74.2398	-74.4275	-74.486	-74.4677	-74.4067	-74.3222	-74.2239	-74.1165	-74.0024	-73.8824	-73.7565	-73.6247	-73.4865	-73.3414	-73.1887	-73.0276	-72.8573	-72.6767	-72.4846	-72.2795	-72.0598	-71.8235	-71.5683	-71.2911	-70.9886	-70.6566	-70.2902	-69.8839	-69.4324	-68.933	-68.3901	-67.8266	-67.3035	-66.9504	-66.985
3.77	-73.9044	-74.2479	-74.4356	-74.4943	-74.4762	-74.4155	-74.3313	-74.2333	-74.1264	-74.0127	-73.893	-73.7677	-73.6364	-73.4987	-73.3542	-73.2022	-73.0419	-72.8725	-72.6928	-72.5017	-72.2978	-72.0795	-71.8447	-71.5912	-71.3161	-71.0159	-70.6867	-70.3236	-69.9213	-69.4748	-68.9814	-68.4458	-67.891	-67.3776	-67.0338	-67.0737
3.775	-73.9125	-74.2559	-74.4436	-74.5025	-74.4846	-74.4243	-74.3404	-74.2428	-74.1362	-74.0229	-73.9037	-73.7788	-73.648	-73.5109	-73.3671	-73.2157	-73.0562	-72.8875	-72.7088	-72.5188	-72.316	-72.099	-71.8658	-71.614	-71.3408	-71.043	-70.7166	-70.3568	-69.9584	-69.5167	-69.0291	-68.5007	-67.9544	-67.4504	-67.1156	-67.1608
3.78	-73.9206	-74.2639	-74.4517	-74.5107	-74.4931	-74.433	-74.3494	-74.2522	-74.146	-74.033	-73.9143	-73.7899	-73.6596	-73.5231	-73.3798	-73.2291	-73.0703	-72.9025	-72.7247	-72.5357	-72.3341	-72.1184	-71.8867	-71.6366	-71.3654	-71.0699	-70.7462	-70.3896	-69.9952	-69.5581	-69.0763	-68.5549	-68.0169	-67.5221	-67.196	-67.2463
3.785	-73.9287	-74.2719	-74.4597	-74.5189	-74.5015	-74.4417	-74.3585	-74.2615	-74.1557	-74.0432	-73.9248	-73.8009	-73.6711	-73.5352	-73.3925	-73.2425	-73.0844	-72.9174	-72.7405	-72.5525	-72.3521	-72.1377	-71.9074	-71.659	-71.3898	-71.0966	-70.7756	-70.4222	-70.0315	-69.5991	-69.123	-68.6084	-68.0785	-67.5927	-67.2751	-67.3301
3.79	-73.9368	-74.2798	-74.4677	-74.527	-74.5099	-74.4504	-74.3675	-74.2709	-74.1654	-74.0533	-73.9354	-73.8119	-73.6826	-73.5472	-73.4051	-73.2558	-73.0985	-72.9323	-72.7563	-72.5693	-72.37	-72.1569	-71.9281	-71.6813	-71.4141	-71.1231	-70.8047	-70.4544	-70.0675	-69.6397	-69.1691	-68.6612	-68.1392	-67.6622	-67.3527	-67.4124
3.795	-73.9449	-74.2878	-74.4757	-74.5352	-74.5183	-74.4591	-74.3764	-74.2802	-74.1751	-74.0633	-73.9458	-73.8228	-73.694	-73.5592	-73.4177	-73.269	-73.1124	-72.947	-72.7719	-72.5859	-72.3878	-72.1759	-71.9486	-71.7035	-71.4381	-71.1494	-70.8335	-70.4863	-70.1032	-69.6798	-69.2146	-68.7134	-68.1991	-67.7306	-67.4291	-67.4933
3.8	-73.9529	-74.2957	-74.4836	-74.5433	-74.5266	-74.4677	-74.3854	-74.2894	-74.1847	-74.0734	-73.9563	-73.8337	-73.7054	-73.5711	-73.4302	-73.2822	-73.1263	-72.9617	-72.7875	-72.6025	-72.4055	-72.1949	-71.9689	-71.7255	-71.462	-71.1754	-70.8622	-70.518	-70.1384	-69.7195	-69.2596	-68.7648	-68.2581	-67.7979	-67.5042	-67.5727
3.805	-73.9609	-74.3036	-74.4915	-74.5514	-74.535	-74.4763	-74.3943	-74.2987	-74.1943	-74.0833	-73.9667	-73.8446	-73.7168	-73.583	-73.4427	-73.2953	-73.1402	-72.9764	-72.803	-72.619	-72.4231	-72.2137	-71.9892	-71.7473	-71.4857	-71.2013	-70.8905	-70.5494	-70.1734	-69.7587	-69.3041	-68.8156	-68.3163	-67.8642	-67.578	-67.6506
3.81	-73.9689	-74.3115	-74.4995	-74.5594	-74.5433	-74.4849	-74.4032	-74.3079	-74.2039	-74.0933	-73.9771	-73.8554	-73.7281	-73.5948	-73.4551	-73.3084	-73.1539	-72.9909	-72.8184	-72.6354	-72.4405	-72.2324	-72.0093	-71.769	-71.5092	-71.2269	-70.9187	-70.5805	-70.208	-69.7976	-69.3481	-68.8658	-68.3737	-67.9295	-67.6506	-67.7272
3.815	-73.9769	-74.3194	-74.5073	-74.5675	-74.5515	-74.4934	-74.412	-74.3171	-74.2134	-74.1032	-73.9874	-73.8662	-73.7394	-73.6066	-73.4675	-73.3214	-73.1676	-73.0054	-72.8338	-72.6517	-72.4579	-72.251	-72.0292	-71.7906	-71.5326	-71.2524	-70.9466	-70.6113	-70.2423	-69.8361	-69.3916	-68.9153	-68.4303	-67.9938	-67.722	-67.8025
3.82	-73.9849	-74.3272	-74.5152	-74.5755	-74.5598	-74.502	-74.4209	-74.3262	-74.2229	-74.1131	-73.9977	-73.8769	-73.7506	-73.6184	-73.4798	-73.3344	-73.1813	-73.0198	-72.849	-72.6679	-72.4752	-72.2695	-72.0491	-71.812	-71.5558	-71.2776	-70.9743	-70.6418	-70.2762	-69.8741	-69.4346	-68.9643	-68.4862	-68.0572	-67.7923	-67.8765
3.825	-73.9928	-74.335	-74.523	-74.5835	-74.568	-74.5105	-74.4297	-74.3354	-74.2324	-74.123	-74.008	-73.8876	-73.7618	-73.6301	-73.4921	-73.3472	-73.1948	-73.0341	-72.8642	-72.684	-72.4924	-72.2878	-72.0688	-71.8332	-71.5788	-71.3027	-71.0017	-70.6721	-70.3099	-69.9118	-69.4771	-69.0126	-68.5413	-68.1196	-67.8614	-67.9492
3.83	-74.0007	-74.3428	-74.5309	-74.5915	-74.5762	-74.519	-74.4384	-74.3445	-74.2419	-74.1328	-74.0182	-73.8983	-73.7729	-73.6417	-73.5043	-73.3601	-73.2084	-73.0484	-72.8793	-72.7001	-72.5095	-72.3061	-72.0884	-71.8543	-71.6017	-71.3276	-71.029	-70.7021	-70.3432	-69.9491	-69.5192	-69.0604	-68.5956	-68.1812	-67.9295	-68.0206
3.835	-74.0087	-74.3506	-74.5387	-74.5995	-74.5844	-74.5274	-74.4472	-74.3535	-74.2513	-74.1426	-74.0284	-73.9089	-73.784	-73.6533	-73.5165	-73.3728	-73.2218	-73.0626	-72.8943	-72.716	-72.5265	-72.3243	-72.1079	-71.8753	-71.6244	-71.3523	-71.056	-70.7319	-70.3762	-69.986	-69.5608	-69.1075	-68.6493	-68.2418	-67.9964	-68.0909
3.84	-74.0165	-74.3584	-74.5465	-74.6074	-74.5926	-74.5358	-74.4559	-74.3626	-74.2607	-74.1523	-74.0385	-73.9195	-73.795	-73.6649	-73.5286	-73.3856	-73.2352	-73.0767	-72.9093	-72.7319	-72.5433	-72.3423	-72.1272	-71.8961	-71.6469	-71.3768	-71.0828	-70.7614	-70.4089	-70.0225	-69.6019	-69.1542	-68.7022	-68.3015	-68.0623	-68.16
3.845	-74.0244	-74.3661	-74.5542	-74.6153	-74.6007	-74.5442	-74.4646	-74.3716	-74.27	-74.1621	-74.0486	-73.93	-73.806	-73.6764	-73.5406	-73.3982	-73.2485	-73.0908	-72.9242	-72.7477	-72.5601	-72.3603	-72.1465	-71.9169	-71.6693	-71.4011	-71.1094	-70.7906	-70.4413	-70.0587	-69.6426	-69.2002	-68.7545	-68.3604	-68.1272	-68.228
3.85	-74.0323	-74.3738	-74.562	-74.6232	-74.6088	-74.5526	-74.4733	-74.3806	-74.2793	-74.1717	-74.0587	-73.9405	-73.817	-73.6879	-73.5527	-73.4109	-73.2618	-73.1048	-72.939	-72.7634	-72.5769	-72.3781	-72.1656	-71.9374	-71.6915	-71.4253	-71.1358	-70.8196	-70.4734	-70.0945	-69.6829	-69.2457	-68.8061	-68.4185	-68.1911	-68.2948
3.855	-74.0401	-74.3816	-74.5697	-74.6311	-74.6169	-74.561	-74.4819	-74.3895	-74.2886	-74.1814	-74.0688	-73.951	-73.8279	-73.6993	-73.5646	-73.4234	-73.275	-73.1187	-72.9537	-72.779	-72.5935	-72.3958	-72.1846	-71.9579	-71.7136	-71.4492	-71.1619	-70.8484	-70.5052	-70.1299	-69.7227	-69.2907	-68.857	-68.4757	-68.254	-68.3606
3.86	-74.0479	-74.3892	-74.5774	-74.6389	-74.625	-74.5693	-74.4905	-74.3985	-74.2979	-74.191	-74.0788	-73.9614	-73.8388	-73.7107	-73.5765	-73.4359	-73.2882	-73.1326	-72.9684	-72.7945	-72.61	-72.4135	-72.2034	-71.9782	-71.7355	-71.473	-71.1879	-70.8769	-70.5367	-70.165	-69.7621	-69.3352	-68.9072	-68.5322	-68.316	-68.4254
3.865	-74.0557	-74.3969	-74.5851	-74.6467	-74.633	-74.5776	-74.4991	-74.4074	-74.3071	-74.2006	-74.0888	-73.9718	-73.8497	-73.722	-73.5884	-73.4484	-73.3013	-73.1464	-72.983	-72.81	-72.6264	-72.431	-72.2222	-71.9983	-71.7573	-71.4967	-71.2137	-70.9052	-70.568	-70.1998	-69.801	-69.3791	-68.9569	-68.5879	-68.3771	-68.4891
3.87	-74.0635	-74.4046	-74.5928	-74.6545	-74.6411	-74.5859	-74.5077	-74.4163	-74.3163	-74.2102	-74.0987	-73.9822	-73.8605	-73.7333	-73.6002	-73.4608	-73.3143	-73.1601	-72.9975	-72.8254	-72.6428	-72.4484	-72.2409	-72.0184	-71.7789	-71.5201	-71.2392	-70.9332	-70.5989	-70.2342	-69.8396	-69.4225	-69.0059	-68.6428	-68.4372	-68.5518
3.875	-74.0713	-74.4122	-74.6004	-74.6623	-74.6491	-74.5941	-74.5162	-74.4251	-74.3255	-74.2197	-74.1086	-73.9925	-73.8712	-73.7445	-73.612	-73.4731	-73.3273	-73.1738	-73.0119	-72.8407	-72.659	-72.4658	-72.2594	-72.0383	-71.8004	-71.5434	-71.2646	-70.961	-70.6296	-70.2683	-69.8778	-69.4655	-69.0543	-68.697	-68.4965	-68.6136
3.88	-74.079	-74.4198	-74.608	-74.6701	-74.657	-74.6024	-74.5248	-74.4339	-74.3347	-74.2292	-74.1185	-74.0028	-73.8819	-73.7557	-73.6237	-73.4854	-73.3402	-73.1874	-73.0263	-72.8559	-72.6752	-72.483	-72.2778	-72.0581	-71.8217	-71.5665	-71.2898	-70.9886	-70.6601	-70.3021	-69.9155	-69.508	-69.1021	-68.7504	-68.5549	-68.6744
3.885	-74.0868	-74.4274	-74.6156	-74.6778	-74.665	-74.6106	-74.5332	-74.4427	-74.3438	-74.2387	-74.1283	-74.013	-73.8926	-73.7669	-73.6354	-73.4976	-73.3531	-73.201	-73.0406	-72.8711	-72.6913	-72.5001	-72.2962	-72.0777	-71.8429	-71.5895	-71.3148	-71.016	-70.6902	-70.3356	-69.9529	-69.5499	-69.1494	-68.8032	-68.6125	-68.7342
3.89	-74.0945	-74.435	-74.6232	-74.6856	-74.6729	-74.6188	-74.5417	-74.4515	-74.3529	-74.2481	-74.1381	-74.0232	-73.9033	-73.778	-73.647	-73.5098	-73.3659	-73.2145	-73.0548	-72.8861	-72.7073	-72.5172	-72.3144	-72.0973	-71.864	-71.6123	-71.3396	-71.0431	-70.7201	-70.3687	-69.9899	-69.5915	-69.196	-68.8552	-68.6693	-68.7932
3.895	-74.1022	-74.4425	-74.6308	-74.6933	-74.6808	-74.6269	-74.5502	-74.4602	-74.3619	-74.2575	-74.1479	-74.0334	-73.9139	-73.7891	-73.6586	-73.522	-73.3786	-73.2279	-73.069	-72.9011	-72.7232	-72.5341	-72.3325	-72.1167	-71.8849	-71.6349	-71.3642	-71.07	-70.7497	-70.4016	-70.0266	-69.6325	-69.2421	-68.9066	-68.7252	-68.8513
3.9	-74.1098	-74.4501	-74.6383	-74.7009	-74.6887	-74.6351	-74.5586	-74.4689	-74.3709	-74.2669	-74.1576	-74.0435	-73.9244	-73.8001	-73.6701	-73.5341	-73.3913	-73.2413	-73.0831	-72.916	-72.7391	-72.551	-72.3505	-72.136	-71.9057	-71.6574	-71.3886	-71.0967	-70.7791	-70.4341	-70.0628	-69.6732	-69.2877	-68.9573	-68.7804	-68.9086
3.905	-74.1175	-74.4576	-74.6458	-74.7086	-74.6966	-74.6432	-74.567	-74.4776	-74.38	-74.2762	-74.1674	-74.0536	-73.935	-73.8111	-73.6816	-73.5461	-73.404	-73.2546	-73.0972	-72.9309	-72.7548	-72.5677	-72.3684	-72.1552	-71.9263	-71.6797	-71.4129	-71.1232	-70.8082	-70.4663	-70.0987	-69.7133	-69.3327	-69.0073	-68.8348	-68.965
3.91	-74.1252	-74.4651	-74.6534	-74.7162	-74.7044	-74.6513	-74.5753	-74.4863	-74.3889	-74.2855	-74.177	-74.0637	-73.9454	-73.822	-73.6931	-73.5581	-73.4165	-73.2678	-73.1111	-72.9457	-72.7705	-72.5844	-72.3862	-72.1742	-71.9468	-71.7018	-71.4369	-71.1495	-70.8371	-70.4983	-70.1343	-69.7531	-69.3771	-69.0568	-68.8885	-69.0206
3.915	-74.1328	-74.4726	-74.6608	-74.7239	-74.7123	-74.6593	-74.5837	-74.4949	-74.3979	-74.2948	-74.1867	-74.0737	-73.9559	-73.8329	-73.7045	-73.57	-73.4291	-73.281	-73.125	-72.9604	-72.7861	-72.601	-72.4039	-72.1932	-71.9672	-71.7238	-71.4608	-71.1756	-70.8658	-70.5299	-70.1695	-69.7924	-69.4211	-69.1056	-68.9414	-69.0754
3.92	-74.1404	-74.48	-74.6683	-74.7315	-74.7201	-74.6674	-74.592	-74.5035	-74.4068	-74.3041	-74.1963	-74.0837	-73.9663	-73.8438	-73.7158	-73.5819	-73.4416	-73.2941	-73.1389	-72.975	-72.8016	-72.6175	-72.4215	-72.212	-71.9874	-71.7457	-71.4845	-71.2015	-70.8942	-70.5613	-70.2043	-69.8313	-69.4646	-69.1537	-68.9937	-69.1294
3.925	-74.148	-74.4875	-74.6758	-74.739	-74.7279	-74.6754	-74.6003	-74.5121	-74.4157	-74.3133	-74.2059	-74.0937	-73.9767	-73.8546	-73.7271	-73.5938	-73.454	-73.3072	-73.1526	-72.9895	-72.817	-72.6339	-72.4389	-72.2307	-72.0076	-71.7674	-71.5081	-71.2271	-70.9223	-70.5924	-70.2388	-69.8698	-69.5075	-69.2013	-69.0452	-69.1827
3.93	-74.1556	-74.4949	-74.6832	-74.7466	-74.7356	-74.6834	-74.6085	-74.5207	-74.4246	-74.3225	-74.2154	-74.1036	-73.987	-73.8654	-73.7384	-73.6056	-73.4664	-73.3202	-73.1663	-73.004	-72.8323	-72.6502	-72.4563	-72.2493	-72.0275	-71.789	-71.5315	-71.2526	-70.9503	-70.6232	-70.273	-69.9079	-69.55	-69.2483	-69.096	-69.2353
3.935	-74.1631	-74.5023	-74.6906	-74.7541	-74.7434	-74.6914	-74.6168	-74.5292	-74.4334	-74.3316	-74.2249	-74.1135	-73.9973	-73.8762	-73.7496	-73.6173	-73.4787	-73.3331	-73.18	-73.0184	-72.8476	-72.6664	-72.4736	-72.2678	-72.0474	-71.8104	-71.5547	-71.2779	-70.978	-70.6537	-70.3069	-69.9456	-69.592	-69.2947	-69.1462	-69.2871
3.94	-74.1707	-74.5097	-74.698	-74.7617	-74.7511	-74.6994	-74.625	-74.5377	-74.4422	-74.3408	-74.2344	-74.1234	-74.0076	-73.8869	-73.7608	-73.629	-73.491	-73.346	-73.1936	-73.0328	-72.8628	-72.6825	-72.4908	-72.2862	-72.0671	-71.8317	-71.5777	-71.303	-71.0054	-70.684	-70.3404	-69.9829	-69.6335	-69.3406	-69.1958	-69.3382
3.945	-74.1782	-74.5171	-74.7054	-74.7692	-74.7588	-74.7073	-74.6332	-74.5462	-74.451	-74.3499	-74.2439	-74.1332	-74.0178	-73.8975	-73.772	-73.6407	-73.5032	-73.3589	-73.2071	-73.0471	-72.8779	-72.6986	-72.5079	-72.3045	-72.0867	-71.8528	-71.6006	-71.3279	-71.0327	-70.714	-70.3736	-70.0199	-69.6746	-69.3859	-69.2447	-69.3886
3.95	-74.1857	-74.5245	-74.7127	-74.7766	-74.7664	-74.7152	-74.6414	-74.5546	-74.4597	-74.359	-74.2533	-74.143	-74.028	-73.9081	-73.7831	-73.6523	-73.5153	-73.3717	-73.2206	-73.0613	-72.8929	-72.7145	-72.5249	-72.3227	-72.1062	-71.8738	-71.6233	-71.3526	-71.0597	-70.7438	-70.4065	-70.0564	-69.7152	-69.4307	-69.2929	-69.4383
3.955	-74.1932	-74.5318	-74.7201	-74.7841	-74.7741	-74.7231	-74.6495	-74.5631	-74.4685	-74.368	-74.2627	-74.1527	-74.0382	-73.9187	-73.7941	-73.6638	-73.5275	-73.3844	-73.2339	-73.0754	-72.9079	-72.7304	-72.5418	-72.3407	-72.1256	-71.8946	-71.6459	-71.3771	-71.0865	-70.7732	-70.4392	-70.0926	-69.7554	-69.4749	-69.3406	-69.4874
3.96	-74.2007	-74.5391	-74.7274	-74.7916	-74.7817	-74.731	-74.6577	-74.5715	-74.4772	-74.377	-74.272	-74.1625	-74.0483	-73.9293	-73.8051	-73.6754	-73.5395	-73.3971	-73.2473	-73.0895	-72.9228	-72.7462	-72.5586	-72.3587	-72.1448	-71.9154	-71.6683	-71.4015	-71.1131	-70.8025	-70.4715	-70.1284	-69.7951	-69.5187	-69.3877	-69.5359
3.965	-74.2082	-74.5464	-74.7347	-74.799	-74.7894	-74.7388	-74.6658	-74.5798	-74.4858	-74.386	-74.2814	-74.1722	-74.0584	-73.9398	-73.8161	-73.6868	-73.5515	-73.4097	-73.2606	-73.1035	-72.9376	-72.7619	-72.5753	-72.3765	-72.164	-71.9359	-71.6905	-71.4256	-71.1395	-70.8315	-70.5035	-70.1639	-69.8344	-69.5619	-69.4342	-69.5837
3.97	-74.2156	-74.5537	-74.742	-74.8064	-74.797	-74.7466	-74.6739	-74.5882	-74.4945	-74.395	-74.2907	-74.1818	-74.0684	-73.9503	-73.827	-73.6983	-73.5635	-73.4222	-73.2738	-73.1174	-72.9523	-72.7775	-72.592	-72.3943	-72.183	-71.9564	-71.7126	-71.4496	-71.1657	-70.8602	-70.5352	-70.199	-69.8733	-69.6046	-69.4801	-69.6309
3.975	-74.223	-74.561	-74.7492	-74.8138	-74.8045	-74.7544	-74.6819	-74.5965	-74.5031	-74.4039	-74.2999	-74.1914	-74.0784	-73.9607	-73.8379	-73.7096	-73.5754	-73.4347	-73.2869	-73.1313	-72.967	-72.7931	-72.6085	-72.4119	-72.2019	-71.9767	-71.7345	-71.4734	-71.1917	-70.8887	-70.5666	-70.2338	-69.9118	-69.6468	-69.5254	-69.6775
3.98	-74.2304	-74.5682	-74.7565	-74.8211	-74.8121	-74.7622	-74.6899	-74.6048	-74.5117	-74.4128	-74.3092	-74.201	-74.0884	-73.9711	-73.8487	-73.721	-73.5873	-73.4472	-73.3	-73.1451	-72.9816	-72.8086	-72.6249	-72.4294	-72.2206	-71.9969	-71.7563	-71.4971	-71.2175	-70.917	-70.5977	-70.2683	-69.9499	-69.6886	-69.5702	-69.7235
3.985	-74.2378	-74.5755	-74.7637	-74.8285	-74.8196	-74.77	-74.698	-74.6131	-74.5203	-74.4217	-74.3184	-74.2106	-74.0984	-73.9815	-73.8596	-73.7323	-73.5991	-73.4596	-73.3131	-73.1589	-72.9961	-72.824	-72.6413	-72.4469	-72.2393	-72.0169	-71.778	-71.5205	-71.2431	-70.945	-70.6286	-70.3024	-69.9876	-69.7299	-69.6145	-69.7689
3.99	-74.2452	-74.5827	-74.7709	-74.8358	-74.8271	-74.7777	-74.7059	-74.6214	-74.5288	-74.4306	-74.3276	-74.2201	-74.1083	-73.9918	-73.8703	-73.7435	-73.6109	-73.472	-73.3261	-73.1725	-73.0106	-72.8393	-72.6576	-72.4642	-72.2579	-72.0369	-71.7995	-71.5438	-71.2684	-70.9728	-70.6592	-70.3362	-70.0248	-69.7707	-69.6583	-69.8138
3.995	-74.2526	-74.5899	-74.7781	-74.8431	-74.8346	-74.7855	-74.7139	-74.6296	-74.5374	-74.4394	-74.3367	-74.2296	-74.1182	-74.0021	-73.881	-73.7547	-73.6226	-73.4843	-73.339	-73.1861	-73.025	-72.8545	-72.6737	-72.4815	-72.2763	-72.0567	-71.8208	-71.567	-71.2936	-71.0004	-70.6895	-70.3696	-70.0618	-69.8111	-69.7015	-69.8581
4	-74.26	-74.5971	-74.7853	-74.8504	-74.8421	-74.7932	-74.7219	-74.6378	-74.5458	-74.4482	-74.3458	-74.2391	-74.128	-74.0123	-73.8917	-73.7659	-73.6343	-73.4965	-73.3519	-73.1997	-73.0393	-72.8697	-72.6898	-72.4986	-72.2946	-72.0763	-71.842	-71.5899	-71.3186	-71.0277	-70.7196	-70.4028	-70.0983	-69.851	-69.7442	-69.9018
4.005	-74.2673	-74.6043	-74.7925	-74.8577	-74.8496	-74.8008	-74.7298	-74.646	-74.5543	-74.457	-74.3549	-74.2486	-74.1378	-74.0225	-73.9024	-73.777	-73.6459	-73.5087	-73.3647	-73.2132	-73.0535	-72.8847	-72.7058	-72.5157	-72.3129	-72.0959	-71.8631	-71.6127	-71.3434	-71.0548	-70.7494	-70.4356	-70.1345	-69.8905	-69.7864	-69.9451
4.01	-74.2746	-74.6114	-74.7996	-74.8649	-74.857	-74.8085	-74.7377	-74.6542	-74.5628	-74.4657	-74.364	-74.258	-74.1476	-74.0327	-73.913	-73.7881	-73.6575	-73.5208	-73.3774	-73.2266	-73.0677	-72.8997	-72.7218	-72.5326	-72.331	-72.1153	-71.884	-71.6354	-71.3681	-71.0817	-70.7789	-70.4681	-70.1702	-69.9296	-69.8282	-69.9878
4.015	-74.2819	-74.6186	-74.8067	-74.8722	-74.8644	-74.8161	-74.7456	-74.6623	-74.5712	-74.4744	-74.373	-74.2673	-74.1573	-74.0428	-73.9236	-73.7991	-73.6691	-73.5329	-73.3901	-73.24	-73.0818	-72.9147	-72.7376	-72.5495	-72.349	-72.1346	-71.9048	-71.6579	-71.3925	-71.1084	-70.8082	-70.5004	-70.2057	-69.9683	-69.8695	-70.03
4.02	-74.2892	-74.6257	-74.8139	-74.8794	-74.8718	-74.8237	-74.7534	-74.6704	-74.5796	-74.4831	-74.382	-74.2767	-74.167	-74.0529	-73.9341	-73.8101	-73.6806	-73.545	-73.4028	-73.2533	-73.0958	-72.9295	-72.7534	-72.5663	-72.3669	-72.1538	-71.9255	-71.6802	-71.4168	-71.1349	-70.8373	-70.5323	-70.2408	-70.0065	-69.9103	-70.0718
4.025	-74.2965	-74.6328	-74.8209	-74.8866	-74.8792	-74.8313	-74.7613	-74.6785	-74.588	-74.4918	-74.391	-74.286	-74.1767	-74.063	-73.9446	-73.8211	-73.692	-73.557	-73.4154	-73.2666	-73.1098	-72.9443	-72.769	-72.5829	-72.3847	-72.1729	-71.946	-71.7024	-71.4408	-71.1612	-70.866	-70.5639	-70.2755	-70.0444	-69.9506	-70.113
4.03	-74.3037	-74.6399	-74.828	-74.8938	-74.8866	-74.8389	-74.7691	-74.6866	-74.5963	-74.5004	-74.4	-74.2953	-74.1864	-74.073	-73.955	-73.832	-73.7034	-73.5689	-73.4279	-73.2797	-73.1237	-72.959	-72.7846	-72.5995	-72.4024	-72.1919	-71.9664	-71.7244	-71.4647	-71.1873	-70.8946	-70.5953	-70.3099	-70.0818	-69.9905	-70.1537
4.035	-74.311	-74.647	-74.8351	-74.9009	-74.8939	-74.8465	-74.7769	-74.6947	-74.6046	-74.509	-74.4089	-74.3045	-74.196	-74.083	-73.9654	-73.8428	-73.7148	-73.5808	-73.4404	-73.2929	-73.1376	-72.9736	-72.8001	-72.616	-72.42	-72.2107	-71.9866	-71.7463	-71.4885	-71.2131	-70.9229	-70.6264	-70.344	-70.1189	-70.03	-70.194
4.04	-74.3182	-74.654	-74.8421	-74.9081	-74.9012	-74.854	-74.7846	-74.7027	-74.6129	-74.5176	-74.4178	-74.3138	-74.2056	-74.093	-73.9758	-73.8537	-73.7261	-73.5927	-73.4528	-73.306	-73.1513	-72.9882	-72.8156	-72.6324	-72.4375	-72.2294	-72.0068	-71.768	-71.512	-71.2388	-70.951	-70.6572	-70.3778	-70.1556	-70.069	-70.2339
4.045	-74.3254	-74.6611	-74.8491	-74.9152	-74.9085	-74.8615	-74.7924	-74.7107	-74.6212	-74.5262	-74.4267	-74.323	-74.2151	-74.1029	-73.9862	-73.8644	-73.7374	-73.6045	-73.4652	-73.319	-73.1651	-73.0027	-72.8309	-72.6487	-72.4549	-72.2481	-72.0268	-71.7896	-71.5354	-71.2642	-70.9788	-70.6877	-70.4112	-70.1919	-70.1077	-70.2733
4.05	-74.3326	-74.6681	-74.8561	-74.9223	-74.9158	-74.869	-74.8001	-74.7187	-74.6294	-74.5347	-74.4355	-74.3321	-74.2246	-74.1128	-73.9965	-73.8752	-73.7486	-73.6162	-73.4775	-73.3319	-73.1787	-73.0171	-72.8462	-72.665	-72.4722	-72.2666	-72.0466	-71.811	-71.5586	-71.2895	-71.0064	-70.7179	-70.4443	-70.2278	-70.1458	-70.3122
4.055	-74.3398	-74.6751	-74.8631	-74.9294	-74.9231	-74.8765	-74.8078	-74.7266	-74.6377	-74.5432	-74.4443	-74.3413	-74.2341	-74.1227	-74.0067	-73.8859	-73.7598	-73.6279	-73.4898	-73.3448	-73.1923	-73.0315	-72.8614	-72.6811	-72.4894	-72.285	-72.0664	-71.8323	-71.5817	-71.3146	-71.0338	-70.7479	-70.4771	-70.2634	-70.1836	-70.3507
4.06	-74.347	-74.6821	-74.8701	-74.9365	-74.9303	-74.884	-74.8155	-74.7346	-74.6459	-74.5517	-74.4531	-74.3504	-74.2436	-74.1325	-74.017	-73.8966	-73.7709	-73.6396	-73.502	-73.3577	-73.2058	-73.0457	-72.8765	-72.6972	-72.5065	-72.3032	-72.086	-71.8534	-71.6045	-71.3395	-71.061	-70.7776	-70.5096	-70.2986	-70.221	-70.3888
4.065	-74.3542	-74.6891	-74.8771	-74.9436	-74.9376	-74.8914	-74.8232	-74.7425	-74.654	-74.5602	-74.4619	-74.3595	-74.253	-74.1423	-74.0272	-73.9072	-73.782	-73.6512	-73.5142	-73.3705	-73.2193	-73.06	-72.8916	-72.7131	-72.5235	-72.3214	-72.1055	-71.8744	-71.6273	-71.3642	-71.0879	-70.8071	-70.5418	-70.3335	-70.258	-70.4265
4.07	-74.3613	-74.696	-74.884	-74.9506	-74.9448	-74.8988	-74.8308	-74.7504	-74.6622	-74.5686	-74.4706	-74.3685	-74.2624	-74.1521	-74.0373	-73.9178	-73.7931	-73.6628	-73.5263	-73.3832	-73.2327	-73.0741	-72.9065	-72.729	-72.5404	-72.3395	-72.1249	-71.8953	-71.6498	-71.3887	-71.1147	-70.8363	-70.5737	-70.368	-70.2946	-70.4637
4.075	-74.3684	-74.703	-74.8909	-74.9576	-74.952	-74.9062	-74.8385	-74.7582	-74.6703	-74.577	-74.4793	-74.3775	-74.2718	-74.1618	-74.0474	-73.9283	-73.8041	-73.6743	-73.5384	-73.3959	-73.246	-73.0882	-72.9214	-72.7448	-72.5572	-72.3574	-72.1441	-71.916	-71.6722	-71.413	-71.1412	-70.8653	-70.6053	-70.4022	-70.3309	-70.5006
4.08	-74.3755	-74.7099	-74.8978	-74.9646	-74.9591	-74.9136	-74.8461	-74.7661	-74.6784	-74.5854	-74.488	-74.3865	-74.2811	-74.1715	-74.0575	-73.9389	-73.8151	-73.6858	-73.5504	-73.4085	-73.2593	-73.1022	-72.9362	-72.7605	-72.574	-72.3753	-72.1633	-71.9366	-71.6945	-71.4371	-71.1675	-70.894	-70.6366	-70.4361	-70.3667	-70.5371
4.085	-74.3826	-74.7168	-74.9047	-74.9716	-74.9663	-74.9209	-74.8537	-74.7739	-74.6865	-74.5938	-74.4966	-74.3955	-74.2904	-74.1812	-74.0676	-73.9493	-73.826	-73.6972	-73.5624	-73.4211	-73.2725	-73.1161	-72.951	-72.7762	-72.5906	-72.3931	-72.1823	-71.9571	-71.7166	-71.4611	-71.1936	-70.9225	-70.6677	-70.4697	-70.4022	-70.5732
4.09	-74.3897	-74.7237	-74.9116	-74.9786	-74.9734	-74.9283	-74.8612	-74.7817	-74.6946	-74.6021	-74.5053	-74.4044	-74.2997	-74.1908	-74.0776	-73.9598	-73.8369	-73.7086	-73.5743	-73.4336	-73.2857	-73.13	-72.9657	-72.7917	-72.6071	-72.4107	-72.2012	-71.9774	-71.7385	-71.4849	-71.2195	-70.9507	-70.6984	-70.5029	-70.4374	-70.6089
4.095	-74.3968	-74.7306	-74.9185	-74.9856	-74.9806	-74.9356	-74.8688	-74.7895	-74.7026	-74.6104	-74.5139	-74.4133	-74.3089	-74.2004	-74.0876	-73.9702	-73.8477	-73.7199	-73.5862	-73.446	-73.2988	-73.1438	-72.9803	-72.8072	-72.6236	-72.4283	-72.22	-71.9976	-71.7603	-71.5085	-71.2452	-70.9788	-70.7289	-70.5358	-70.4722	-70.6442
4.1	-74.4038	-74.7375	-74.9253	-74.9925	-74.9877	-74.9429	-74.8763	-74.7973	-74.7107	-74.6187	-74.5224	-74.4222	-74.3181	-74.21	-74.0975	-73.9805	-73.8585	-73.7312	-73.598	-73.4584	-73.3119	-73.1576	-72.9948	-72.8226	-72.6399	-72.4457	-72.2387	-72.0177	-71.782	-71.532	-71.2707	-71.0065	-70.7591	-70.5684	-70.5066	-70.6792
4.105	-74.4109	-74.7444	-74.9321	-74.9994	-74.9947	-74.9502	-74.8838	-74.805	-74.7187	-74.627	-74.531	-74.4311	-74.3273	-74.2195	-74.1075	-73.9908	-73.8693	-73.7425	-73.6098	-73.4708	-73.3248	-73.1713	-73.0092	-72.8379	-72.6562	-72.4631	-72.2572	-72.0376	-71.8035	-71.5553	-71.296	-71.0341	-70.7891	-70.6007	-70.5407	-70.7138
4.11	-74.4179	-74.7512	-74.939	-75.0063	-75.0018	-74.9575	-74.8913	-74.8128	-74.7266	-74.6352	-74.5395	-74.4399	-74.3365	-74.229	-74.1173	-74.0011	-73.88	-73.7537	-73.6215	-73.4831	-73.3378	-73.1849	-73.0236	-72.8531	-72.6724	-72.4803	-72.2757	-72.0574	-71.8248	-71.5784	-71.3211	-71.0614	-70.8187	-70.6327	-70.5745	-70.7481
4.115	-74.4249	-74.758	-74.9458	-75.0132	-75.0089	-74.9647	-74.8988	-74.8204	-74.7346	-74.6434	-74.548	-74.4487	-74.3456	-74.2385	-74.1272	-74.0114	-73.8907	-73.7648	-73.6332	-73.4953	-73.3506	-73.1984	-73.038	-72.8683	-72.6885	-72.4975	-72.294	-72.0771	-71.8461	-71.6013	-71.346	-71.0885	-70.8482	-70.6644	-70.608	-70.782
4.12	-74.4319	-74.7648	-74.9525	-75.0201	-75.0159	-74.9719	-74.9062	-74.8281	-74.7425	-74.6516	-74.5565	-74.4575	-74.3547	-74.2479	-74.137	-74.0216	-73.9014	-73.7759	-73.6448	-73.5075	-73.3635	-73.2119	-73.0522	-72.8834	-72.7045	-72.5145	-72.3123	-72.0967	-71.8671	-71.6241	-71.3707	-71.1154	-70.8774	-70.6958	-70.6411	-70.8156
4.125	-74.4389	-74.7716	-74.9593	-75.0269	-75.0229	-74.9791	-74.9136	-74.8358	-74.7504	-74.6598	-74.5649	-74.4662	-74.3638	-74.2573	-74.1468	-74.0318	-73.912	-73.787	-73.6564	-73.5197	-73.3762	-73.2254	-73.0664	-72.8984	-72.7205	-72.5315	-72.3304	-72.1161	-71.8881	-71.6468	-71.3953	-71.142	-70.9063	-70.7269	-70.6739	-70.8488
4.13	-74.4459	-74.7784	-74.966	-75.0338	-75.0299	-74.9863	-74.921	-74.8434	-74.7583	-74.6679	-74.5734	-74.475	-74.3728	-74.2667	-74.1565	-74.0419	-73.9226	-73.7981	-73.668	-73.5318	-73.3889	-73.2388	-73.0805	-72.9133	-72.7363	-72.5484	-72.3484	-72.1354	-71.9089	-71.6692	-71.4196	-71.1685	-70.935	-70.7577	-70.7064	-70.8818
4.135	-74.4528	-74.7852	-74.9728	-75.0406	-75.0369	-74.9935	-74.9284	-74.851	-74.7662	-74.6761	-74.5818	-74.4837	-74.3818	-74.2761	-74.1662	-74.052	-73.9331	-73.8091	-73.6795	-73.5438	-73.4016	-73.2521	-73.0946	-72.9282	-72.7521	-72.5651	-72.3663	-72.1546	-71.9295	-71.6915	-71.4438	-71.1947	-70.9634	-70.7883	-70.7386	-70.9144
4.14	-74.4598	-74.7919	-74.9795	-75.0474	-75.0439	-75.0007	-74.9358	-74.8586	-74.774	-74.6842	-74.5901	-74.4923	-74.3908	-74.2854	-74.1759	-74.0621	-73.9436	-73.82	-73.6909	-73.5558	-73.4142	-73.2653	-73.1085	-72.943	-72.7678	-72.5818	-72.3841	-72.1737	-71.9501	-71.7137	-71.4678	-71.2208	-70.9916	-70.8186	-70.7704	-70.9466
4.145	-74.4667	-74.7987	-74.9862	-75.0542	-75.0508	-75.0078	-74.9431	-74.8662	-74.7818	-74.6922	-74.5985	-74.501	-74.3997	-74.2947	-74.1856	-74.0721	-73.9541	-73.8309	-73.7023	-73.5678	-73.4267	-73.2785	-73.1224	-72.9577	-72.7834	-72.5984	-72.4018	-72.1927	-71.9704	-71.7357	-71.4916	-71.2466	-71.0196	-70.8486	-70.802	-70.9786
4.15	-74.4736	-74.8054	-74.9929	-75.061	-75.0577	-75.0149	-74.9505	-74.8738	-74.7896	-74.7003	-74.6068	-74.5096	-74.4087	-74.3039	-74.1952	-74.0821	-73.9645	-73.8418	-73.7137	-73.5797	-73.4392	-73.2917	-73.1363	-72.9723	-72.7989	-72.6149	-72.4194	-72.2115	-71.9907	-71.7576	-71.5153	-71.2723	-71.0473	-70.8784	-70.8333	-71.0103
4.155	-74.4805	-74.8121	-74.9996	-75.0677	-75.0646	-75.022	-74.9578	-74.8813	-74.7974	-74.7083	-74.6151	-74.5182	-74.4176	-74.3132	-74.2048	-74.0921	-73.9749	-73.8526	-73.725	-73.5915	-73.4517	-73.3047	-73.1501	-72.9869	-72.8143	-72.6313	-72.437	-72.2303	-72.0108	-71.7793	-71.5387	-71.2977	-71.0748	-70.9079	-70.8643	-71.0416
4.16	-74.4874	-74.8188	-75.0062	-75.0745	-75.0715	-75.0291	-74.9651	-74.8888	-74.8052	-74.7163	-74.6234	-74.5267	-74.4264	-74.3224	-74.2143	-74.102	-73.9852	-73.8634	-73.7363	-73.6033	-73.464	-73.3177	-73.1638	-73.0014	-72.8297	-72.6477	-72.4544	-72.2489	-72.0308	-71.8008	-71.562	-71.3229	-71.1021	-70.9371	-70.8951	-71.0727
4.165	-74.4943	-74.8255	-75.0129	-75.0812	-75.0784	-75.0362	-74.9724	-74.8963	-74.8129	-74.7243	-74.6316	-74.5353	-74.4353	-74.3315	-74.2238	-74.1119	-73.9955	-73.8742	-73.7475	-73.6151	-73.4764	-73.3307	-73.1775	-73.0158	-72.845	-72.6639	-72.4717	-72.2674	-72.0507	-71.8222	-71.5852	-71.348	-71.1292	-70.9661	-70.9255	-71.1035
4.17	-74.5011	-74.8321	-75.0195	-75.0879	-75.0853	-75.0432	-74.9796	-74.9038	-74.8206	-74.7323	-74.6399	-74.5438	-74.4441	-74.3407	-74.2333	-74.1218	-74.0058	-73.8849	-73.7587	-73.6268	-73.4886	-73.3436	-73.1911	-73.0302	-72.8602	-72.68	-72.4889	-72.2858	-72.0704	-71.8435	-71.6082	-71.3728	-71.156	-70.9949	-70.9557	-71.134
4.175	-74.508	-74.8388	-75.0261	-75.0946	-75.0921	-75.0503	-74.9868	-74.9113	-74.8283	-74.7402	-74.6481	-74.5523	-74.4529	-74.3498	-74.2428	-74.1316	-74.016	-73.8956	-73.7699	-73.6385	-73.5009	-73.3565	-73.2046	-73.0445	-72.8753	-72.6961	-72.506	-72.3041	-72.0901	-71.8646	-71.631	-71.3975	-71.1826	-71.0234	-70.9856	-71.1642
4.18	-74.5148	-74.8454	-75.0327	-75.1013	-75.099	-75.0573	-74.9941	-74.9187	-74.836	-74.7481	-74.6563	-74.5607	-74.4617	-74.3589	-74.2522	-74.1414	-74.0262	-73.9062	-73.781	-73.6501	-73.5131	-73.3693	-73.2181	-73.0587	-72.8903	-72.7121	-72.523	-72.3223	-72.1096	-71.8856	-71.6536	-71.422	-71.2091	-71.0516	-71.0152	-71.1941
4.185	-74.5216	-74.8521	-75.0393	-75.108	-75.1058	-75.0643	-75.0013	-74.9261	-74.8436	-74.756	-74.6644	-74.5692	-74.4704	-74.3679	-74.2616	-74.1512	-74.0364	-73.9168	-73.792	-73.6617	-73.5252	-73.382	-73.2315	-73.0728	-72.9053	-72.728	-72.5399	-72.3404	-72.129	-71.9065	-71.6761	-71.4463	-71.2353	-71.0796	-71.0446	-71.2238
4.19	-74.5284	-74.8587	-75.0459	-75.1146	-75.1126	-75.0713	-75.0084	-74.9335	-74.8512	-74.7639	-74.6726	-74.5776	-74.4791	-74.377	-74.271	-74.1609	-74.0465	-73.9273	-73.803	-73.6732	-73.5373	-73.3947	-73.2448	-73.0869	-72.9202	-72.7438	-72.5568	-72.3583	-72.1482	-71.9272	-71.6985	-71.4704	-71.2613	-71.1074	-71.0737	-71.2532
4.195	-74.5352	-74.8653	-75.0524	-75.1212	-75.1193	-75.0782	-75.0156	-74.9409	-74.8589	-74.7718	-74.6807	-74.586	-74.4878	-74.386	-74.2803	-74.1706	-74.0566	-73.9379	-73.814	-73.6847	-73.5493	-73.4073	-73.2581	-73.1009	-72.935	-72.7595	-72.5735	-72.3762	-72.1674	-71.9478	-71.7206	-71.4944	-71.2871	-71.135	-71.1026	-71.2823
4.2	-74.542	-74.8718	-75.059	-75.1279	-75.1261	-75.0852	-75.0228	-74.9483	-74.8664	-74.7796	-74.6888	-74.5944	-74.4964	-74.3949	-74.2896	-74.1803	-74.0667	-73.9483	-73.825	-73.6961	-73.5613	-73.4199	-73.2713	-73.1149	-72.9498	-72.7752	-72.5901	-72.394	-72.1864	-71.9682	-71.7427	-71.5181	-71.3127	-71.1623	-71.1312	-71.3112
4.205	-74.5488	-74.8784	-75.0655	-75.1345	-75.1329	-75.0921	-75.0299	-74.9556	-74.874	-74.7874	-74.6968	-74.6027	-74.5051	-74.4039	-74.2989	-74.1899	-74.0767	-73.9588	-73.8359	-73.7075	-73.5732	-73.4324	-73.2845	-73.1288	-72.9645	-72.7907	-72.6067	-72.4116	-72.2053	-71.9885	-71.7646	-71.5417	-71.3381	-71.1894	-71.1596	-71.3398
4.21	-74.5555	-74.885	-75.072	-75.1411	-75.1396	-75.099	-75.037	-74.9629	-74.8816	-74.7952	-74.7049	-74.611	-74.5137	-74.4128	-74.3082	-74.1995	-74.0867	-73.9692	-73.8467	-73.7188	-73.5851	-73.4449	-73.2976	-73.1426	-72.9791	-72.8062	-72.6232	-72.4292	-72.2241	-72.0087	-71.7863	-71.5652	-71.3633	-71.2163	-71.1877	-71.3681
4.215	-74.5623	-74.8915	-75.0785	-75.1476	-75.1463	-75.1059	-75.0441	-74.9702	-74.8891	-74.803	-74.7129	-74.6193	-74.5223	-74.4217	-74.3174	-74.2091	-74.0966	-73.9795	-73.8575	-73.7301	-73.5969	-73.4573	-73.3107	-73.1564	-72.9936	-72.8216	-72.6395	-72.4467	-72.2428	-72.0287	-71.8079	-71.5884	-71.3883	-71.243	-71.2156	-71.3962
4.22	-74.569	-74.898	-75.085	-75.1542	-75.153	-75.1128	-75.0512	-74.9775	-74.8966	-74.8107	-74.7209	-74.6276	-74.5308	-74.4305	-74.3266	-74.2187	-74.1065	-73.9899	-73.8683	-73.7414	-73.6087	-73.4696	-73.3236	-73.1701	-73.0081	-72.8369	-72.6558	-72.464	-72.2613	-72.0487	-71.8293	-71.6115	-71.4131	-71.2695	-71.2433	-71.4241
4.225	-74.5757	-74.9045	-75.0914	-75.1607	-75.1597	-75.1196	-75.0582	-74.9848	-74.9041	-74.8184	-74.7289	-74.6358	-74.5393	-74.4394	-74.3357	-74.2282	-74.1164	-74.0002	-73.879	-73.7526	-73.6204	-73.4819	-73.3366	-73.1837	-73.0225	-72.8522	-72.672	-72.4813	-72.2798	-72.0685	-71.8506	-71.6344	-71.4377	-71.2957	-71.2707	-71.4517
4.23	-74.5824	-74.911	-75.0979	-75.1673	-75.1664	-75.1265	-75.0652	-74.992	-74.9116	-74.8261	-74.7368	-74.644	-74.5478	-74.4482	-74.3448	-74.2376	-74.1263	-74.0104	-73.8897	-73.7638	-73.6321	-73.4942	-73.3495	-73.1972	-73.0368	-72.8674	-72.6881	-72.4984	-72.2981	-72.0881	-71.8717	-71.6572	-71.4622	-71.3218	-71.2979	-71.4791
4.235	-74.5891	-74.9175	-75.1043	-75.1738	-75.173	-75.1333	-75.0723	-74.9993	-74.919	-74.8338	-74.7448	-74.6522	-74.5563	-74.4569	-74.3539	-74.2471	-74.1361	-74.0206	-73.9004	-73.7749	-73.6437	-73.5064	-73.3623	-73.2107	-73.0511	-72.8825	-72.7041	-72.5155	-72.3164	-72.1077	-71.8927	-71.6798	-71.4865	-71.3476	-71.3249	-71.5063
4.24	-74.5958	-74.924	-75.1107	-75.1803	-75.1796	-75.1401	-75.0793	-75.0065	-74.9265	-74.8415	-74.7527	-74.6604	-74.5648	-74.4657	-74.363	-74.2565	-74.1459	-74.0308	-73.911	-73.786	-73.6553	-73.5186	-73.3751	-73.2242	-73.0653	-72.8975	-72.7201	-72.5325	-72.3345	-72.1271	-71.9136	-71.7022	-71.5105	-71.3732	-71.3517	-71.5332
4.245	-74.6025	-74.9305	-75.1172	-75.1868	-75.1863	-75.1469	-75.0863	-75.0137	-74.9339	-74.8491	-74.7606	-74.6686	-74.5732	-74.4744	-74.3721	-74.2659	-74.1556	-74.041	-73.9216	-73.797	-73.6669	-73.5307	-73.3878	-73.2376	-73.0794	-72.9124	-72.7359	-72.5494	-72.3525	-72.1464	-71.9343	-71.7245	-71.5344	-71.3987	-71.3782	-71.5599
4.25	-74.6091	-74.9369	-75.1236	-75.1932	-75.1929	-75.1537	-75.0932	-75.0208	-74.9413	-74.8568	-74.7684	-74.6767	-74.5816	-74.4831	-74.3811	-74.2752	-74.1653	-74.0511	-73.9321	-73.808	-73.6784	-73.5427	-73.4004	-73.2509	-73.0934	-72.9273	-72.7517	-72.5661	-72.3704	-72.1656	-71.9549	-71.7467	-71.5582	-71.4239	-71.4045	-71.5864
4.255	-74.6158	-74.9433	-75.1299	-75.1997	-75.1995	-75.1604	-75.1002	-75.028	-74.9486	-74.8644	-74.7763	-74.6848	-74.59	-74.4918	-74.3901	-74.2846	-74.175	-74.0611	-73.9426	-73.819	-73.6898	-73.5547	-73.413	-73.2642	-73.1074	-72.9421	-72.7674	-72.5828	-72.3883	-72.1847	-71.9754	-71.7686	-71.5817	-71.4489	-71.4306	-71.6126
4.26	-74.6224	-74.9497	-75.1363	-75.2061	-75.206	-75.1672	-75.1071	-75.0351	-74.956	-74.8719	-74.7841	-74.6929	-74.5983	-74.5004	-74.399	-74.2938	-74.1847	-74.0712	-73.9531	-73.8299	-73.7013	-73.5667	-73.4256	-73.2774	-73.1213	-72.9568	-72.783	-72.5994	-72.406	-72.2036	-71.9957	-71.7905	-71.6051	-71.4738	-71.4565	-71.6387
4.265	-74.629	-74.9562	-75.1427	-75.2125	-75.2126	-75.1739	-75.114	-75.0423	-74.9633	-74.8795	-74.7919	-74.7009	-74.6067	-74.509	-74.4079	-74.3031	-74.1943	-74.0812	-73.9635	-73.8408	-73.7126	-73.5786	-73.4381	-73.2905	-73.1352	-72.9714	-72.7985	-72.6159	-72.4236	-72.2225	-72.0159	-71.8121	-71.6283	-71.4984	-71.4822	-71.6645
4.27	-74.6356	-74.9625	-75.149	-75.2189	-75.2191	-75.1806	-75.1209	-75.0494	-74.9706	-74.8871	-74.7997	-74.709	-74.615	-74.5176	-74.4168	-74.3123	-74.2039	-74.0912	-73.9739	-73.8516	-73.724	-73.5904	-73.4505	-73.3036	-73.149	-72.986	-72.814	-72.6324	-72.4411	-72.2412	-72.036	-71.8337	-71.6514	-71.5229	-71.5077	-71.6901
4.275	-74.6422	-74.9689	-75.1553	-75.2253	-75.2257	-75.1873	-75.1278	-75.0564	-74.9779	-74.8946	-74.8074	-74.717	-74.6232	-74.5262	-74.4257	-74.3215	-74.2134	-74.1011	-73.9842	-73.8624	-73.7352	-73.6022	-73.4629	-73.3166	-73.1627	-73.0005	-72.8293	-72.6487	-72.4585	-72.2598	-72.0559	-71.8551	-71.6743	-71.5472	-71.533	-71.7155
4.28	-74.6488	-74.9753	-75.1616	-75.2317	-75.2322	-75.194	-75.1347	-75.0635	-74.9852	-74.9021	-74.8152	-74.725	-74.6315	-74.5348	-74.4346	-74.3307	-74.223	-74.111	-73.9945	-73.8732	-73.7465	-73.614	-73.4752	-73.3296	-73.1764	-73.0149	-72.8446	-72.6649	-72.4758	-72.2783	-72.0758	-71.8763	-71.697	-71.5713	-71.5581	-71.7407
4.285	-74.6553	-74.9816	-75.1679	-75.2381	-75.2387	-75.2007	-75.1415	-75.0706	-74.9925	-74.9096	-74.8229	-74.7329	-74.6397	-74.5433	-74.4434	-74.3399	-74.2325	-74.1209	-74.0048	-73.8839	-73.7577	-73.6257	-73.4875	-73.3425	-73.19	-73.0293	-72.8598	-72.6811	-72.493	-72.2967	-72.0955	-71.8974	-71.7196	-71.5952	-71.583	-71.7657
4.29	-74.6619	-74.988	-75.1742	-75.2444	-75.2452	-75.2073	-75.1484	-75.0776	-74.9997	-74.917	-74.8306	-74.7409	-74.6479	-74.5518	-74.4522	-74.349	-74.2419	-74.1307	-74.015	-73.8945	-73.7688	-73.6374	-73.4997	-73.3553	-73.2035	-73.0436	-72.875	-72.6972	-72.5101	-72.3149	-72.115	-71.9184	-71.742	-71.619	-71.6077	-71.7905
4.295	-74.6684	-74.9943	-75.1805	-75.2508	-75.2516	-75.2139	-75.1552	-75.0846	-75.0069	-74.9245	-74.8383	-74.7488	-74.6561	-74.5602	-74.4609	-74.3581	-74.2513	-74.1405	-74.0252	-73.9052	-73.7799	-73.649	-73.5119	-73.3681	-73.217	-73.0578	-72.89	-72.7131	-72.5271	-72.3331	-72.1345	-71.9392	-71.7642	-71.6426	-71.6322	-71.8151
4.3	-74.6749	-75.0006	-75.1868	-75.2571	-75.2581	-75.2206	-75.162	-75.0916	-75.0141	-74.9319	-74.8459	-74.7567	-74.6643	-74.5687	-74.4697	-74.3671	-74.2607	-74.1503	-74.0354	-73.9158	-73.791	-73.6606	-73.5241	-73.3809	-73.2304	-73.072	-72.905	-72.729	-72.5441	-72.3512	-72.1538	-71.9599	-71.7863	-71.666	-71.6565	-71.8395
4.305	-74.6815	-75.0069	-75.193	-75.2634	-75.2645	-75.2272	-75.1688	-75.0986	-75.0213	-74.9393	-74.8536	-74.7646	-74.6724	-74.5771	-74.4784	-74.3761	-74.2701	-74.16	-74.0455	-73.9263	-73.802	-73.6721	-73.5361	-73.3936	-73.2438	-73.0861	-72.9199	-72.7449	-72.5609	-72.3691	-72.173	-71.9804	-71.8083	-71.6892	-71.6807	-71.8638
4.31	-74.688	-75.0132	-75.1992	-75.2697	-75.271	-75.2337	-75.1755	-75.1055	-75.0285	-74.9467	-74.8612	-74.7724	-74.6805	-74.5855	-74.4871	-74.3851	-74.2795	-74.1697	-74.0556	-73.9369	-73.813	-73.6836	-73.5482	-73.4062	-73.257	-73.1001	-72.9348	-72.7606	-72.5776	-72.387	-72.1921	-72.0009	-71.8301	-71.7123	-71.7047	-71.8878
4.315	-74.6945	-75.0195	-75.2055	-75.276	-75.2774	-75.2403	-75.1823	-75.1125	-75.0356	-74.954	-74.8688	-74.7803	-74.6886	-74.5938	-74.4957	-74.3941	-74.2888	-74.1794	-74.0657	-73.9473	-73.8239	-73.695	-73.5602	-73.4188	-73.2703	-73.1141	-72.9495	-72.7762	-72.5943	-72.4047	-72.211	-72.0211	-71.8517	-71.7352	-71.7284	-71.9116
4.32	-74.7009	-75.0257	-75.2117	-75.2823	-75.2838	-75.2469	-75.189	-75.1194	-75.0428	-74.9614	-74.8763	-74.7881	-74.6967	-74.6022	-74.5044	-74.4031	-74.298	-74.189	-74.0757	-73.9578	-73.8348	-73.7064	-73.5721	-73.4313	-73.2835	-73.128	-72.9642	-72.7918	-72.6108	-72.4224	-72.2299	-72.0413	-71.8732	-71.7579	-71.752	-71.9353
4.325	-74.7074	-75.032	-75.2178	-75.2885	-75.2901	-75.2534	-75.1957	-75.1263	-75.0499	-74.9687	-74.8839	-74.7959	-74.7048	-74.6105	-74.513	-74.412	-74.3073	-74.1986	-74.0857	-73.9682	-73.8457	-73.7178	-73.584	-73.4438	-73.2966	-73.1418	-72.9788	-72.8073	-72.6273	-72.4399	-72.2486	-72.0613	-71.8946	-71.7805	-71.7755	-71.9588
4.33	-74.7139	-75.0382	-75.224	-75.2948	-75.2965	-75.2599	-75.2024	-75.1332	-75.057	-74.976	-74.8914	-74.8036	-74.7128	-74.6188	-74.5216	-74.4209	-74.3165	-74.2082	-74.0957	-73.9786	-73.8565	-73.7291	-73.5958	-73.4562	-73.3096	-73.1555	-72.9934	-72.8227	-72.6437	-72.4574	-72.2673	-72.0812	-71.9158	-71.8029	-71.7987	-71.9821
4.335	-74.7203	-75.0445	-75.2302	-75.301	-75.3029	-75.2665	-75.2091	-75.1401	-75.064	-74.9833	-74.8989	-74.8114	-74.7208	-74.6271	-74.5301	-74.4297	-74.3257	-74.2178	-74.1056	-73.9889	-73.8673	-73.7403	-73.6076	-73.4685	-73.3226	-73.1692	-73.0078	-72.838	-72.66	-72.4747	-72.2858	-72.101	-71.9368	-71.8252	-71.8218	-72.0052
4.34	-74.7267	-75.0507	-75.2364	-75.3072	-75.3092	-75.2729	-75.2158	-75.1469	-75.0711	-74.9906	-74.9064	-74.8191	-74.7288	-74.6353	-74.5386	-74.4386	-74.3349	-74.2273	-74.1155	-73.9992	-73.878	-73.7515	-73.6193	-73.4809	-73.3356	-73.1829	-73.0222	-72.8533	-72.6761	-72.492	-72.3042	-72.1206	-71.9578	-71.8473	-71.8447	-72.0282
4.345	-74.7331	-75.0569	-75.2425	-75.3134	-75.3155	-75.2794	-75.2225	-75.1538	-75.0781	-74.9978	-74.9139	-74.8268	-74.7367	-74.6435	-74.5471	-74.4474	-74.344	-74.2367	-74.1253	-74.0094	-73.8887	-73.7627	-73.631	-73.4931	-73.3484	-73.1964	-73.0366	-72.8685	-72.6923	-72.5091	-72.3225	-72.1402	-71.9785	-71.8692	-71.8675	-72.0509
4.35	-74.7396	-75.0631	-75.2486	-75.3196	-75.3218	-75.2859	-75.2291	-75.1606	-75.0852	-75.0051	-74.9214	-74.8345	-74.7447	-74.6517	-74.5556	-74.4562	-74.3531	-74.2462	-74.1351	-74.0197	-73.8994	-73.7738	-73.6427	-73.5053	-73.3613	-73.21	-73.0508	-72.8836	-72.7083	-72.5262	-72.3407	-72.1596	-71.9992	-71.891	-71.8901	-72.0735
4.355	-74.746	-75.0692	-75.2547	-75.3258	-75.3281	-75.2923	-75.2357	-75.1674	-75.0922	-75.0123	-74.9288	-74.8422	-74.7526	-74.6599	-74.5641	-74.4649	-74.3622	-74.2556	-74.1449	-74.0298	-73.91	-73.7849	-73.6543	-73.5175	-73.3741	-73.2234	-73.065	-72.8986	-72.7242	-72.5431	-72.3587	-72.1788	-72.0197	-71.9127	-71.9125	-72.096
4.36	-74.7523	-75.0754	-75.2608	-75.3319	-75.3344	-75.2988	-75.2423	-75.1742	-75.0992	-75.0195	-74.9362	-74.8498	-74.7605	-74.6681	-74.5725	-74.4736	-74.3712	-74.265	-74.1547	-74.04	-73.9206	-73.796	-73.6658	-73.5296	-73.3868	-73.2368	-73.0792	-72.9135	-72.7401	-72.56	-72.3767	-72.198	-72.0401	-71.9342	-71.9348	-72.1183
4.365	-74.7587	-75.0816	-75.2669	-75.3381	-75.3407	-75.3052	-75.2489	-75.181	-75.1061	-75.0267	-74.9436	-74.8575	-74.7683	-74.6762	-74.5809	-74.4823	-74.3802	-74.2743	-74.1644	-74.0501	-73.9311	-73.807	-73.6773	-73.5417	-73.3994	-73.2501	-73.0932	-72.9284	-72.7559	-72.5768	-72.3946	-72.2171	-72.0603	-71.9556	-71.9569	-72.1404
4.37	-74.7651	-75.0877	-75.273	-75.3442	-75.3469	-75.3116	-75.2555	-75.1878	-75.1131	-75.0338	-74.951	-74.8651	-74.7762	-74.6843	-74.5893	-74.491	-74.3892	-74.2837	-74.1741	-74.0602	-73.9416	-73.8179	-73.6888	-73.5537	-73.412	-73.2634	-73.1072	-72.9432	-72.7715	-72.5934	-72.4123	-72.236	-72.0805	-71.9768	-71.9788	-72.1623
4.375	-74.7714	-75.0938	-75.2791	-75.3503	-75.3532	-75.318	-75.2621	-75.1945	-75.12	-75.041	-74.9583	-74.8727	-74.784	-74.6924	-74.5977	-74.4997	-74.3982	-74.293	-74.1837	-74.0702	-73.9521	-73.8289	-73.7002	-73.5656	-73.4246	-73.2766	-73.1211	-72.9579	-72.7872	-72.61	-72.43	-72.2548	-72.1005	-71.9978	-72.0006	-72.1841
4.38	-74.7778	-75.0999	-75.2851	-75.3564	-75.3594	-75.3244	-75.2686	-75.2012	-75.127	-75.0481	-74.9657	-74.8802	-74.7918	-74.7004	-74.606	-74.5083	-74.4071	-74.3022	-74.1934	-74.0802	-73.9625	-73.8397	-73.7116	-73.5775	-73.4371	-73.2897	-73.135	-72.9726	-72.8027	-72.6265	-72.4476	-72.2735	-72.1203	-72.0188	-72.0223	-72.2058
4.385	-74.7841	-75.106	-75.2912	-75.3625	-75.3656	-75.3307	-75.2751	-75.2079	-75.1339	-75.0552	-74.973	-74.8878	-74.7996	-74.7085	-74.6143	-74.5169	-74.416	-74.3115	-74.203	-74.0902	-73.9729	-73.8506	-73.7229	-73.5894	-73.4495	-73.3028	-73.1488	-72.9872	-72.8181	-72.6429	-72.465	-72.2921	-72.1401	-72.0396	-72.0438	-72.2273
4.39	-74.7904	-75.1121	-75.2972	-75.3686	-75.3718	-75.3371	-75.2816	-75.2146	-75.1407	-75.0623	-74.9803	-74.8953	-74.8074	-74.7165	-74.6226	-74.5254	-74.4249	-74.3207	-74.2125	-74.1002	-73.9832	-73.8614	-73.7342	-73.6012	-73.4619	-73.3159	-73.1625	-73.0017	-72.8335	-72.6593	-72.4824	-72.3106	-72.1597	-72.0602	-72.0651	-72.2486
4.395	-74.7967	-75.1182	-75.3032	-75.3747	-75.378	-75.3434	-75.2881	-75.2213	-75.1476	-75.0693	-74.9876	-74.9028	-74.8151	-74.7245	-74.6308	-74.534	-74.4337	-74.3298	-74.222	-74.1101	-73.9935	-73.8721	-73.7454	-73.613	-73.4743	-73.3288	-73.1762	-73.0161	-72.8488	-72.6755	-72.4996	-72.3289	-72.1792	-72.0807	-72.0863	-72.2698
4.4	-74.803	-75.1243	-75.3092	-75.3807	-75.3841	-75.3497	-75.2946	-75.228	-75.1545	-75.0764	-74.9948	-74.9103	-74.8228	-74.7325	-74.6391	-74.5425	-74.4426	-74.339	-74.2315	-74.1199	-74.0038	-73.8829	-73.7566	-73.6247	-73.4866	-73.3417	-73.1898	-73.0305	-72.864	-72.6916	-72.5168	-72.3472	-72.1985	-72.1011	-72.1074	-72.2908
4.405	-74.8093	-75.1303	-75.3152	-75.3867	-75.3903	-75.356	-75.3011	-75.2346	-75.1613	-75.0834	-75.0021	-74.9177	-74.8305	-74.7404	-74.6473	-74.551	-74.4514	-74.3481	-74.241	-74.1298	-74.0141	-73.8935	-73.7678	-73.6364	-73.4988	-73.3546	-73.2033	-73.0448	-72.8791	-72.7077	-72.5339	-72.3653	-72.2178	-72.1213	-72.1283	-72.3117
4.41	-74.8155	-75.1364	-75.3212	-75.3928	-75.3964	-75.3623	-75.3076	-75.2413	-75.1681	-75.0904	-75.0093	-74.9252	-74.8382	-74.7483	-74.6555	-74.5595	-74.4601	-74.3572	-74.2504	-74.1396	-74.0243	-73.9042	-73.7789	-73.648	-73.511	-73.3674	-73.2168	-73.059	-72.8942	-72.7237	-72.5508	-72.3834	-72.2369	-72.1414	-72.149	-72.3324
4.415	-74.8218	-75.1424	-75.3271	-75.3988	-75.4026	-75.3686	-75.314	-75.2479	-75.1749	-75.0975	-75.0165	-74.9326	-74.8459	-74.7562	-74.6636	-74.5679	-74.4689	-74.3663	-74.2598	-74.1493	-74.0344	-73.9148	-73.79	-73.6596	-73.5231	-73.3802	-73.2303	-73.0732	-72.9092	-72.7395	-72.5677	-72.4013	-72.2559	-72.1614	-72.1697	-72.353
4.42	-74.8281	-75.1484	-75.3331	-75.4048	-75.4087	-75.3749	-75.3204	-75.2545	-75.1817	-75.1044	-75.0237	-74.94	-74.8535	-74.7641	-74.6718	-74.5763	-74.4776	-74.3753	-74.2692	-74.1591	-74.0446	-73.9253	-73.801	-73.6711	-73.5352	-73.3928	-73.2436	-73.0873	-72.9241	-72.7553	-72.5845	-72.4191	-72.2748	-72.1813	-72.1902	-72.3735
4.425	-74.8343	-75.1544	-75.339	-75.4108	-75.4148	-75.3811	-75.3268	-75.2611	-75.1885	-75.1114	-75.0309	-74.9474	-74.8611	-74.772	-74.6799	-74.5847	-74.4863	-74.3843	-74.2786	-74.1688	-74.0547	-73.9359	-73.812	-73.6826	-73.5472	-73.4055	-73.2569	-73.1013	-72.9389	-72.7711	-72.6012	-72.4369	-72.2936	-72.201	-72.2105	-72.3938
4.43	-74.8405	-75.1604	-75.3449	-75.4168	-75.4209	-75.3873	-75.3332	-75.2676	-75.1952	-75.1183	-75.038	-74.9548	-74.8687	-74.7798	-74.688	-74.5931	-74.4949	-74.3933	-74.2879	-74.1785	-74.0647	-73.9464	-73.8229	-73.694	-73.5592	-73.4181	-73.2701	-73.1153	-72.9537	-72.7867	-72.6178	-72.4545	-72.3122	-72.2206	-72.2307	-72.414
4.435	-74.8467	-75.1664	-75.3509	-75.4227	-75.427	-75.3936	-75.3396	-75.2742	-75.202	-75.1253	-75.0452	-74.9621	-74.8763	-74.7876	-74.6961	-74.6014	-74.5036	-74.4022	-74.2971	-74.1881	-74.0748	-73.9568	-73.8338	-73.7054	-73.5712	-73.4306	-73.2833	-73.1292	-72.9684	-72.8023	-72.6343	-72.472	-72.3308	-72.2401	-72.2508	-72.434
4.44	-74.8529	-75.1724	-75.3568	-75.4287	-75.433	-75.3998	-75.346	-75.2807	-75.2087	-75.1322	-75.0523	-74.9695	-74.8838	-74.7954	-74.7041	-74.6098	-74.5122	-74.4111	-74.3064	-74.1977	-74.0848	-73.9672	-73.8447	-73.7168	-73.5831	-73.4431	-73.2964	-73.143	-72.983	-72.8177	-72.6507	-72.4894	-72.3492	-72.2595	-72.2708	-72.4539
4.445	-74.8591	-75.1783	-75.3627	-75.4346	-75.4391	-75.406	-75.3523	-75.2873	-75.2154	-75.1391	-75.0594	-74.9768	-74.8914	-74.8032	-74.7121	-74.6181	-74.5208	-74.42	-74.3156	-74.2073	-74.0947	-73.9776	-73.8555	-73.7281	-73.5949	-73.4555	-73.3095	-73.1568	-72.9975	-72.8331	-72.667	-72.5067	-72.3676	-72.2787	-72.2906	-72.4737
4.45	-74.8653	-75.1843	-75.3685	-75.4405	-75.4451	-75.4121	-75.3587	-75.2938	-75.2221	-75.146	-75.0665	-74.9841	-74.8989	-74.811	-74.7202	-74.6263	-74.5293	-74.4289	-74.3248	-74.2168	-74.1046	-73.9879	-73.8663	-73.7393	-73.6067	-73.4679	-73.3225	-73.1705	-73.012	-72.8485	-72.6833	-72.524	-72.3858	-72.2978	-72.3103	-72.4933
4.455	-74.8715	-75.1902	-75.3744	-75.4465	-75.4511	-75.4183	-75.365	-75.3003	-75.2288	-75.1528	-75.0735	-74.9913	-74.9064	-74.8187	-74.7281	-74.6346	-74.5378	-74.4377	-74.334	-74.2263	-74.1145	-73.9982	-73.877	-73.7506	-73.6184	-73.4802	-73.3355	-73.1841	-73.0264	-72.8637	-72.6994	-72.5411	-72.4039	-72.3168	-72.3299	-72.5128
4.46	-74.8776	-75.1962	-75.3803	-75.4524	-75.4571	-75.4245	-75.3713	-75.3067	-75.2354	-75.1597	-75.0806	-74.9986	-74.9139	-74.8264	-74.7361	-74.6428	-74.5464	-74.4465	-74.3431	-74.2358	-74.1244	-74.0085	-73.8877	-73.7617	-73.6301	-73.4924	-73.3484	-73.1977	-73.0407	-72.8789	-72.7155	-72.5581	-72.4219	-72.3357	-72.3493	-72.5322
4.465	-74.8838	-75.2021	-75.3861	-75.4582	-75.4631	-75.4306	-75.3776	-75.3132	-75.2421	-75.1665	-75.0876	-75.0058	-74.9213	-74.8341	-74.744	-74.651	-74.5548	-74.4553	-74.3522	-74.2453	-74.1342	-74.0187	-73.8984	-73.7729	-73.6418	-73.5047	-73.3612	-73.2112	-73.055	-72.894	-72.7315	-72.5751	-72.4398	-72.3544	-72.3686	-72.5515
4.47	-74.8899	-75.208	-75.3919	-75.4641	-75.4691	-75.4367	-75.3839	-75.3197	-75.2487	-75.1733	-75.0946	-75.013	-74.9287	-74.8418	-74.7519	-74.6592	-74.5633	-74.4641	-74.3613	-74.2547	-74.144	-74.0289	-73.909	-73.784	-73.6534	-73.5168	-73.374	-73.2246	-73.0692	-72.909	-72.7474	-72.5919	-72.4576	-72.3731	-72.3878	-72.5706
4.475	-74.896	-75.2139	-75.3978	-75.47	-75.4751	-75.4428	-75.3901	-75.3261	-75.2553	-75.1801	-75.1016	-75.0202	-74.9362	-74.8494	-74.7598	-74.6673	-74.5717	-74.4728	-74.3703	-74.2641	-74.1538	-74.039	-73.9196	-73.795	-73.6649	-73.5289	-73.3867	-73.238	-73.0833	-72.9239	-72.7632	-72.6087	-72.4753	-72.3916	-72.4069	-72.5896
4.48	-74.9022	-75.2198	-75.4036	-75.4758	-75.481	-75.4489	-75.3964	-75.3325	-75.2619	-75.1869	-75.1086	-75.0274	-74.9436	-74.857	-74.7677	-74.6755	-74.5801	-74.4815	-74.3794	-74.2734	-74.1635	-74.0492	-73.9301	-73.806	-73.6764	-73.541	-73.3994	-73.2514	-73.0974	-72.9388	-72.7789	-72.6253	-72.4929	-72.4101	-72.4259	-72.6085
4.485	-74.9083	-75.2256	-75.4094	-75.4817	-75.487	-75.455	-75.4026	-75.3389	-75.2685	-75.1937	-75.1155	-75.0346	-74.9509	-74.8646	-74.7756	-74.6836	-74.5885	-74.4902	-74.3884	-74.2828	-74.1732	-74.0592	-73.9406	-73.817	-73.6879	-73.553	-73.412	-73.2646	-73.1114	-72.9536	-72.7946	-72.6419	-72.5104	-72.4284	-72.4447	-72.6272
4.49	-74.9144	-75.2315	-75.4152	-75.4875	-75.4929	-75.4611	-75.4089	-75.3453	-75.275	-75.2004	-75.1225	-75.0417	-74.9583	-74.8722	-74.7834	-74.6917	-74.5969	-74.4988	-74.3973	-74.2921	-74.1828	-74.0693	-73.9511	-73.8279	-73.6993	-73.565	-73.4245	-73.2778	-73.1253	-72.9683	-72.8102	-72.6584	-72.5277	-72.4466	-72.4634	-72.6459
4.495	-74.9204	-75.2373	-75.4209	-75.4933	-75.4988	-75.4671	-75.4151	-75.3517	-75.2816	-75.2071	-75.1294	-75.0489	-74.9656	-74.8798	-74.7912	-74.6997	-74.6052	-74.5075	-74.4062	-74.3013	-74.1925	-74.0793	-73.9615	-73.8388	-73.7107	-73.5769	-73.437	-73.291	-73.1392	-72.9829	-72.8256	-72.6747	-72.545	-72.4647	-72.482	-72.6644
4.5	-74.9265	-75.2432	-75.4267	-75.4991	-75.5048	-75.4732	-75.4213	-75.358	-75.2881	-75.2139	-75.1363	-75.056	-74.973	-74.8873	-74.799	-74.7078	-74.6135	-74.5161	-74.4152	-74.3106	-74.202	-74.0893	-73.9719	-73.8496	-73.722	-73.5888	-73.4495	-73.3041	-73.153	-72.9975	-72.841	-72.691	-72.5622	-72.4826	-72.5005	-72.6828
4.505	-74.9326	-75.249	-75.4324	-75.5049	-75.5107	-75.4792	-75.4275	-75.3644	-75.2946	-75.2206	-75.1432	-75.063	-74.9803	-74.8949	-74.8067	-74.7158	-74.6218	-74.5246	-74.424	-74.3198	-74.2116	-74.0992	-73.9823	-73.8604	-73.7333	-73.6006	-73.4619	-73.3171	-73.1667	-73.012	-72.8564	-72.7072	-72.5793	-72.5005	-72.5189	-72.7011
4.51	-74.9386	-75.2548	-75.4382	-75.5107	-75.5165	-75.4852	-75.4336	-75.3707	-75.3011	-75.2272	-75.1501	-75.0701	-74.9876	-74.9024	-74.8145	-74.7238	-74.6301	-74.5332	-74.4329	-74.329	-74.2211	-74.1091	-73.9926	-73.8712	-73.7446	-73.6123	-73.4742	-73.3301	-73.1804	-73.0264	-72.8716	-72.7234	-72.5963	-72.5183	-72.5371	-72.7192
4.515	-74.9447	-75.2606	-75.4439	-75.5165	-75.5224	-75.4912	-75.4398	-75.377	-75.3076	-75.2339	-75.1569	-75.0772	-74.9948	-74.9099	-74.8222	-74.7318	-74.6383	-74.5417	-74.4417	-74.3381	-74.2306	-74.119	-74.0029	-73.8819	-73.7558	-73.6241	-73.4865	-73.343	-73.194	-73.0408	-72.8868	-72.7394	-72.6132	-72.536	-72.5553	-72.7373
4.52	-74.9507	-75.2664	-75.4496	-75.5222	-75.5283	-75.4972	-75.4459	-75.3833	-75.3141	-75.2406	-75.1638	-75.0842	-75.0021	-74.9173	-74.8299	-74.7397	-74.6465	-74.5502	-74.4505	-74.3472	-74.2401	-74.1288	-74.0131	-73.8926	-73.7669	-73.6357	-73.4988	-73.3559	-73.2075	-73.0551	-72.9019	-72.7554	-72.63	-72.5535	-72.5733	-72.7552
4.525	-74.9567	-75.2722	-75.4553	-75.528	-75.5341	-75.5032	-75.452	-75.3896	-75.3206	-75.2472	-75.1706	-75.0912	-75.0093	-74.9248	-74.8376	-74.7476	-74.6547	-74.5587	-74.4593	-74.3563	-74.2495	-74.1386	-74.0233	-73.9033	-73.778	-73.6474	-73.5109	-73.3687	-73.221	-73.0693	-72.9169	-72.7712	-72.6467	-72.571	-72.5912	-72.7731
4.53	-74.9627	-75.278	-75.461	-75.5337	-75.5399	-75.5092	-75.4582	-75.3959	-75.327	-75.2538	-75.1774	-75.0982	-75.0165	-74.9322	-74.8453	-74.7555	-74.6629	-74.5671	-74.468	-74.3654	-74.2589	-74.1484	-74.0335	-73.9139	-73.7891	-73.659	-73.5231	-73.3814	-73.2344	-73.0834	-72.9319	-72.787	-72.6634	-72.5884	-72.6091	-72.7908
4.535	-74.9687	-75.2837	-75.4667	-75.5394	-75.5458	-75.5151	-75.4643	-75.4022	-75.3334	-75.2604	-75.1842	-75.1052	-75.0237	-74.9396	-74.8529	-74.7634	-74.671	-74.5755	-74.4767	-74.3744	-74.2683	-74.1582	-74.0436	-73.9244	-73.8001	-73.6705	-73.5352	-73.3941	-73.2478	-73.0975	-72.9467	-72.8027	-72.6799	-72.6056	-72.6268	-72.8084
4.54	-74.9747	-75.2895	-75.4724	-75.5451	-75.5516	-75.5211	-75.4703	-75.4084	-75.3399	-75.267	-75.191	-75.1122	-75.0309	-74.947	-74.8605	-74.7713	-74.6791	-74.5839	-74.4854	-74.3834	-74.2777	-74.1679	-74.0537	-73.9349	-73.8111	-73.682	-73.5472	-73.4068	-73.2611	-73.1115	-72.9615	-72.8183	-72.6963	-72.6228	-72.6444	-72.8259
4.545	-74.9807	-75.2952	-75.4781	-75.5508	-75.5574	-75.527	-75.4764	-75.4146	-75.3463	-75.2736	-75.1977	-75.1191	-75.038	-74.9544	-74.8681	-74.7791	-74.6872	-74.5923	-74.4941	-74.3924	-74.287	-74.1775	-74.0638	-73.9454	-73.8221	-73.6934	-73.5592	-73.4194	-73.2743	-73.1255	-72.9763	-72.8339	-72.7127	-72.6399	-72.6619	-72.8433
4.55	-74.9867	-75.3009	-75.4837	-75.5565	-75.5631	-75.5329	-75.4825	-75.4209	-75.3526	-75.2801	-75.2045	-75.1261	-75.0452	-74.9617	-74.8757	-74.7869	-74.6953	-74.6006	-74.5027	-74.4014	-74.2963	-74.1872	-74.0738	-73.9559	-73.833	-73.7048	-73.5712	-73.4319	-73.2875	-73.1394	-72.9909	-72.8493	-72.7289	-72.6568	-72.6793	-72.8606
4.555	-74.9926	-75.3067	-75.4893	-75.5622	-75.5689	-75.5388	-75.4885	-75.4271	-75.359	-75.2867	-75.2112	-75.133	-75.0523	-74.969	-74.8832	-74.7947	-74.7034	-74.609	-74.5113	-74.4103	-74.3055	-74.1968	-74.0838	-73.9663	-73.8439	-73.7162	-73.583	-73.4444	-73.3006	-73.1532	-73.0055	-72.8647	-72.7451	-72.6737	-72.6966	-72.8778
4.56	-74.9986	-75.3124	-75.495	-75.5679	-75.5747	-75.5447	-75.4946	-75.4332	-75.3654	-75.2932	-75.2179	-75.1399	-75.0594	-74.9764	-74.8908	-74.8025	-74.7114	-74.6173	-74.5199	-74.4192	-74.3147	-74.2064	-74.0938	-73.9767	-73.8547	-73.7275	-73.5949	-73.4568	-73.3137	-73.1669	-73.02	-72.88	-72.7612	-72.6905	-72.7138	-72.8949
4.565	-75.0045	-75.3181	-75.5006	-75.5735	-75.5804	-75.5506	-75.5006	-75.4394	-75.3717	-75.2997	-75.2246	-75.1468	-75.0665	-74.9837	-74.8983	-74.8103	-74.7194	-74.6255	-74.5285	-74.428	-74.3239	-74.2159	-74.1037	-73.987	-73.8655	-73.7388	-73.6067	-73.4692	-73.3267	-73.1806	-73.0344	-72.8952	-72.7772	-72.7072	-72.7309	-72.9118
4.57	-75.0104	-75.3238	-75.5062	-75.5791	-75.5862	-75.5564	-75.5066	-75.4456	-75.378	-75.3062	-75.2313	-75.1536	-75.0735	-74.9909	-74.9058	-74.818	-74.7274	-74.6338	-74.537	-74.4369	-74.3331	-74.2254	-74.1136	-73.9973	-73.8762	-73.75	-73.6184	-73.4815	-73.3396	-73.1943	-73.0488	-72.9104	-72.7931	-72.7238	-72.7479	-72.9287
4.575	-75.0164	-75.3294	-75.5118	-75.5848	-75.5919	-75.5623	-75.5126	-75.4517	-75.3843	-75.3127	-75.2379	-75.1605	-75.0806	-74.9982	-74.9133	-74.8257	-74.7353	-74.642	-74.5455	-74.4457	-74.3422	-74.2349	-74.1235	-74.0076	-73.8869	-73.7612	-73.6301	-73.4938	-73.3525	-73.2078	-73.0631	-72.9254	-72.809	-72.7403	-72.7648	-72.9455
4.58	-75.0223	-75.3351	-75.5174	-75.5904	-75.5976	-75.5681	-75.5186	-75.4579	-75.3906	-75.3192	-75.2446	-75.1673	-75.0876	-75.0054	-74.9207	-74.8334	-74.7433	-74.6502	-74.554	-74.4545	-74.3513	-74.2444	-74.1333	-74.0178	-73.8976	-73.7723	-73.6418	-73.506	-73.3654	-73.2213	-73.0773	-72.9404	-72.8247	-72.7567	-72.7816	-72.9622
4.585	-75.0282	-75.3408	-75.5229	-75.596	-75.6033	-75.5739	-75.5245	-75.464	-75.3969	-75.3256	-75.2512	-75.1741	-75.0946	-75.0126	-74.9282	-74.8411	-74.7512	-74.6584	-74.5625	-74.4632	-74.3604	-74.2538	-74.1431	-74.028	-73.9082	-73.7834	-73.6534	-73.5182	-73.3781	-73.2348	-73.0915	-72.9553	-72.8404	-72.773	-72.7983	-72.9788
4.59	-75.034	-75.3464	-75.5285	-75.6016	-75.609	-75.5798	-75.5305	-75.4701	-75.4032	-75.332	-75.2578	-75.1809	-75.1016	-75.0199	-74.9356	-74.8487	-74.7591	-74.6666	-74.5709	-74.472	-74.3695	-74.2632	-74.1529	-74.0382	-73.9188	-73.7945	-73.665	-73.5303	-73.3909	-73.2482	-73.1056	-72.9702	-72.8559	-72.7892	-72.8149	-72.9953
4.595	-75.0399	-75.352	-75.5341	-75.6072	-75.6147	-75.5856	-75.5364	-75.4762	-75.4094	-75.3385	-75.2644	-75.1877	-75.1086	-75.027	-74.943	-74.8564	-74.767	-74.6747	-74.5793	-74.4807	-74.3785	-74.2726	-74.1626	-74.0483	-73.9293	-73.8055	-73.6765	-73.5423	-73.4035	-73.2615	-73.1196	-72.9849	-72.8715	-72.8054	-72.8315	-73.0116
4.6	-75.0458	-75.3577	-75.5396	-75.6128	-75.6203	-75.5914	-75.5424	-75.4823	-75.4157	-75.3449	-75.271	-75.1945	-75.1155	-75.0342	-74.9504	-74.864	-74.7748	-74.6828	-74.5877	-74.4893	-74.3875	-74.2819	-74.1723	-74.0584	-73.9398	-73.8164	-73.6879	-73.5544	-73.4161	-73.2747	-73.1336	-72.9996	-72.8869	-72.8214	-72.8479	-73.0279
4.605	-75.0517	-75.3633	-75.5451	-75.6183	-75.626	-75.5971	-75.5483	-75.4883	-75.4219	-75.3513	-75.2775	-75.2012	-75.1225	-75.0413	-74.9577	-74.8716	-74.7827	-74.6909	-74.5961	-74.498	-74.3965	-74.2912	-74.1819	-74.0684	-73.9503	-73.8274	-73.6994	-73.5663	-73.4287	-73.2879	-73.1475	-73.0142	-72.9022	-72.8374	-72.8642	-73.0442
4.61	-75.0575	-75.3689	-75.5507	-75.6239	-75.6316	-75.6029	-75.5542	-75.4944	-75.4281	-75.3577	-75.2841	-75.208	-75.1294	-75.0485	-74.9651	-74.8791	-74.7905	-74.699	-74.6044	-74.5066	-74.4054	-74.3005	-74.1916	-74.0784	-73.9607	-73.8383	-73.7107	-73.5782	-73.4412	-73.3011	-73.1613	-73.0288	-72.9175	-72.8533	-72.8805	-73.0603
4.615	-75.0633	-75.3745	-75.5562	-75.6294	-75.6373	-75.6087	-75.5601	-75.5004	-75.4343	-75.364	-75.2906	-75.2147	-75.1363	-75.0556	-74.9724	-74.8867	-74.7982	-74.707	-74.6127	-74.5152	-74.4143	-74.3097	-74.2012	-74.0884	-73.9711	-73.8491	-73.7221	-73.5901	-73.4537	-73.3142	-73.175	-73.0433	-72.9327	-72.8691	-72.8966	-73.0763
4.62	-75.0692	-75.3801	-75.5617	-75.6349	-75.6429	-75.6144	-75.566	-75.5065	-75.4405	-75.3704	-75.2972	-75.2214	-75.1432	-75.0627	-74.9797	-74.8942	-74.806	-74.715	-74.621	-74.5238	-74.4232	-74.3189	-74.2107	-74.0984	-73.9815	-73.8599	-73.7334	-73.6019	-73.466	-73.3272	-73.1887	-73.0577	-72.9478	-72.8848	-72.9127	-73.0922
4.625	-75.075	-75.3856	-75.5671	-75.6404	-75.6485	-75.6201	-75.5718	-75.5125	-75.4467	-75.3767	-75.3037	-75.2281	-75.1501	-75.0697	-74.987	-74.9017	-74.8138	-74.723	-74.6293	-74.5323	-74.432	-74.3281	-74.2203	-74.1083	-73.9918	-73.8707	-73.7446	-73.6137	-73.4784	-73.3402	-73.2024	-73.072	-72.9628	-72.9004	-72.9287	-73.108
4.63	-75.0808	-75.3912	-75.5726	-75.646	-75.6541	-75.6258	-75.5777	-75.5185	-75.4528	-75.383	-75.3102	-75.2347	-75.1569	-75.0768	-74.9943	-74.9092	-74.8215	-74.731	-74.6375	-74.5409	-74.4409	-74.3372	-74.2298	-74.1181	-74.0021	-73.8814	-73.7558	-73.6254	-73.4907	-73.3531	-73.216	-73.0863	-72.9778	-72.916	-72.9445	-73.1238
4.635	-75.0866	-75.3967	-75.5781	-75.6515	-75.6597	-75.6315	-75.5835	-75.5245	-75.459	-75.3893	-75.3166	-75.2414	-75.1638	-75.0838	-75.0015	-74.9167	-74.8292	-74.7389	-74.6457	-74.5494	-74.4497	-74.3464	-74.2392	-74.128	-74.0124	-73.8921	-73.767	-73.6371	-73.5029	-73.3659	-73.2295	-73.1005	-72.9926	-72.9314	-72.9604	-73.1395
4.64	-75.0924	-75.4023	-75.5835	-75.6569	-75.6653	-75.6372	-75.5894	-75.5304	-75.4651	-75.3956	-75.3231	-75.248	-75.1706	-75.0909	-75.0087	-74.9241	-74.8369	-74.7469	-74.6539	-74.5578	-74.4584	-74.3555	-74.2487	-74.1378	-74.0226	-73.9027	-73.7781	-73.6487	-73.5151	-73.3787	-73.2429	-73.1146	-73.0074	-72.9468	-72.9761	-73.155
4.645	-75.0982	-75.4078	-75.589	-75.6624	-75.6708	-75.6429	-75.5952	-75.5364	-75.4712	-75.4019	-75.3295	-75.2547	-75.1774	-75.0979	-75.0159	-74.9315	-74.8445	-74.7548	-74.6621	-74.5663	-74.4672	-74.3645	-74.2581	-74.1476	-74.0327	-73.9133	-73.7892	-73.6603	-73.5273	-73.3915	-73.2563	-73.1287	-73.0222	-72.9621	-72.9917	-73.1705
4.65	-75.1039	-75.4133	-75.5944	-75.6679	-75.6764	-75.6486	-75.601	-75.5424	-75.4773	-75.4081	-75.336	-75.2613	-75.1842	-75.1049	-75.0231	-74.9389	-74.8522	-74.7627	-74.6702	-74.5747	-74.4759	-74.3736	-74.2675	-74.1573	-74.0429	-73.9239	-73.8002	-73.6719	-73.5394	-73.4042	-73.2696	-73.1427	-73.0368	-72.9773	-73.0073	-73.1859
4.655	-75.1097	-75.4189	-75.5999	-75.6733	-75.6819	-75.6542	-75.6068	-75.5483	-75.4834	-75.4144	-75.3424	-75.2679	-75.191	-75.1118	-75.0303	-74.9463	-74.8598	-74.7705	-74.6784	-74.5831	-74.4846	-74.3826	-74.2768	-74.167	-74.053	-73.9344	-73.8112	-73.6834	-73.5514	-73.4168	-73.2829	-73.1566	-73.0514	-72.9925	-73.0227	-73.2012
4.66	-75.1154	-75.4244	-75.6053	-75.6788	-75.6874	-75.6599	-75.6125	-75.5542	-75.4895	-75.4206	-75.3488	-75.2744	-75.1977	-75.1188	-75.0375	-74.9537	-74.8674	-74.7784	-74.6865	-74.5915	-74.4933	-74.3915	-74.2861	-74.1767	-74.0631	-73.9449	-73.8222	-73.6948	-73.5634	-73.4294	-73.2961	-73.1705	-73.0659	-73.0076	-73.0381	-73.2165
4.665	-75.1212	-75.4299	-75.6107	-75.6842	-75.693	-75.6655	-75.6183	-75.5601	-75.4955	-75.4269	-75.3552	-75.281	-75.2045	-75.1257	-75.0446	-74.9611	-74.875	-74.7862	-74.6945	-74.5998	-74.5019	-74.4005	-74.2954	-74.1864	-74.0731	-73.9554	-73.8331	-73.7062	-73.5753	-73.4419	-73.3092	-73.1843	-73.0804	-73.0226	-73.0534	-73.2316
4.67	-75.1269	-75.4353	-75.6161	-75.6896	-75.6985	-75.6712	-75.6241	-75.566	-75.5016	-75.4331	-75.3615	-75.2875	-75.2112	-75.1326	-75.0517	-74.9684	-74.8825	-74.794	-74.7026	-74.6082	-74.5105	-74.4094	-74.3047	-74.196	-74.0831	-73.9658	-73.8439	-73.7176	-73.5872	-73.4544	-73.3223	-73.198	-73.0947	-73.0375	-73.0686	-73.2467
4.675	-75.1326	-75.4408	-75.6215	-75.695	-75.704	-75.6768	-75.6298	-75.5719	-75.5076	-75.4393	-75.3679	-75.2941	-75.2179	-75.1395	-75.0588	-74.9757	-74.8901	-74.8018	-74.7106	-74.6165	-74.5191	-74.4183	-74.3139	-74.2056	-74.0931	-73.9762	-73.8548	-73.7289	-73.5991	-73.4668	-73.3354	-73.2117	-73.109	-73.0523	-73.0838	-73.2617
4.68	-75.1383	-75.4463	-75.6268	-75.7004	-75.7094	-75.6824	-75.6356	-75.5778	-75.5136	-75.4454	-75.3742	-75.3006	-75.2246	-75.1464	-75.0659	-74.983	-74.8976	-74.8095	-74.7186	-74.6247	-74.5277	-74.4272	-74.3231	-74.2151	-74.103	-73.9865	-73.8656	-73.7402	-73.6109	-73.4791	-73.3484	-73.2253	-73.1233	-73.0671	-73.0988	-73.2766
4.685	-75.144	-75.4517	-75.6322	-75.7058	-75.7149	-75.688	-75.6413	-75.5836	-75.5197	-75.4516	-75.3806	-75.3071	-75.2313	-75.1533	-75.073	-74.9903	-74.9051	-74.8173	-74.7266	-74.633	-74.5362	-74.436	-74.3323	-74.2246	-74.1129	-73.9968	-73.8763	-73.7514	-73.6226	-73.4915	-73.3613	-73.2388	-73.1374	-73.0818	-73.1138	-73.2914
4.69	-75.1497	-75.4572	-75.6376	-75.7112	-75.7204	-75.6935	-75.647	-75.5895	-75.5257	-75.4577	-75.3869	-75.3136	-75.238	-75.1601	-75.08	-74.9976	-74.9126	-74.825	-74.7346	-74.6412	-74.5447	-74.4448	-74.3414	-74.2341	-74.1227	-74.0071	-73.887	-73.7626	-73.6343	-73.5037	-73.3741	-73.2523	-73.1515	-73.0964	-73.1287	-73.3062
4.695	-75.1554	-75.4626	-75.6429	-75.7166	-75.7258	-75.6991	-75.6527	-75.5953	-75.5316	-75.4639	-75.3932	-75.32	-75.2446	-75.167	-75.0871	-75.0048	-74.92	-74.8327	-74.7425	-74.6494	-74.5532	-74.4536	-74.3505	-74.2436	-74.1326	-74.0173	-73.8977	-73.7737	-73.646	-73.5159	-73.3869	-73.2657	-73.1656	-73.1109	-73.1435	-73.3208
4.7	-75.1611	-75.468	-75.6482	-75.7219	-75.7313	-75.7047	-75.6584	-75.6012	-75.5376	-75.47	-75.3995	-75.3265	-75.2512	-75.1738	-75.0941	-75.012	-74.9275	-74.8403	-74.7504	-74.6576	-74.5617	-74.4624	-74.3596	-74.253	-74.1424	-74.0275	-73.9083	-73.7848	-73.6576	-73.5281	-73.3997	-73.2791	-73.1795	-73.1254	-73.1583	-73.3354
4.705	-75.1668	-75.4734	-75.6536	-75.7273	-75.7367	-75.7102	-75.664	-75.607	-75.5436	-75.4761	-75.4057	-75.3329	-75.2579	-75.1806	-75.1011	-75.0192	-74.9349	-74.848	-74.7583	-74.6658	-74.5701	-74.4711	-74.3686	-74.2624	-74.1521	-74.0377	-73.9189	-73.7959	-73.6691	-73.5402	-73.4124	-73.2924	-73.1934	-73.1398	-73.173	-73.3499
4.71	-75.1724	-75.4789	-75.6589	-75.7326	-75.7421	-75.7157	-75.6697	-75.6128	-75.5495	-75.4822	-75.412	-75.3393	-75.2645	-75.1874	-75.108	-75.0264	-74.9423	-74.8556	-74.7662	-74.6739	-74.5785	-74.4798	-74.3777	-74.2718	-74.1619	-74.0478	-73.9295	-73.8069	-73.6807	-73.5523	-73.425	-73.3056	-73.2072	-73.1541	-73.1876	-73.3644
4.715	-75.1781	-75.4842	-75.6642	-75.7379	-75.7475	-75.7213	-75.6753	-75.6186	-75.5554	-75.4883	-75.4182	-75.3458	-75.271	-75.1941	-75.115	-75.0336	-74.9497	-74.8632	-74.7741	-74.682	-74.5869	-74.4885	-74.3867	-74.2811	-74.1716	-74.0579	-73.94	-73.8179	-73.6921	-73.5643	-73.4376	-73.3188	-73.221	-73.1684	-73.2021	-73.3787
4.72	-75.1837	-75.4896	-75.6695	-75.7433	-75.7529	-75.7268	-75.681	-75.6243	-75.5614	-75.4944	-75.4245	-75.3521	-75.2776	-75.2009	-75.122	-75.0407	-74.957	-74.8708	-74.7819	-74.6901	-74.5953	-74.4972	-74.3956	-74.2904	-74.1812	-74.0679	-73.9504	-73.8288	-73.7036	-73.5762	-73.4501	-73.3319	-73.2347	-73.1826	-73.2165	-73.393
4.725	-75.1893	-75.495	-75.6748	-75.7486	-75.7583	-75.7323	-75.6866	-75.6301	-75.5673	-75.5004	-75.4307	-75.3585	-75.2842	-75.2076	-75.1289	-75.0478	-74.9644	-74.8784	-74.7897	-74.6982	-74.6036	-74.5058	-74.4046	-74.2997	-74.1909	-74.078	-73.9609	-73.8397	-73.7149	-73.5881	-73.4626	-73.345	-73.2483	-73.1967	-73.2309	-73.4073
4.73	-75.1949	-75.5004	-75.68	-75.7539	-75.7637	-75.7377	-75.6922	-75.6358	-75.5732	-75.5065	-75.4369	-75.3649	-75.2907	-75.2143	-75.1358	-75.055	-74.9717	-74.8859	-74.7975	-74.7062	-74.6119	-74.5144	-74.4135	-74.3089	-74.2005	-74.088	-73.9713	-73.8505	-73.7263	-73.6	-73.475	-73.358	-73.2619	-73.2108	-73.2452	-73.4214
4.735	-75.2006	-75.5057	-75.6853	-75.7591	-75.7691	-75.7432	-75.6978	-75.6416	-75.579	-75.5125	-75.4431	-75.3712	-75.2972	-75.2211	-75.1427	-75.062	-74.979	-74.8935	-74.8053	-74.7142	-74.6202	-74.523	-74.4224	-74.3181	-74.21	-74.0979	-73.9816	-73.8613	-73.7376	-73.6118	-73.4874	-73.3709	-73.2754	-73.2247	-73.2595	-73.4355
4.74	-75.2062	-75.5111	-75.6906	-75.7644	-75.7744	-75.7487	-75.7034	-75.6473	-75.5849	-75.5185	-75.4492	-75.3776	-75.3037	-75.2277	-75.1496	-75.0691	-74.9863	-74.901	-74.813	-74.7222	-74.6285	-74.5315	-74.4312	-74.3273	-74.2196	-74.1078	-73.992	-73.8721	-73.7488	-73.6236	-73.4997	-73.3838	-73.2889	-73.2387	-73.2736	-73.4495
4.745	-75.2117	-75.5164	-75.6958	-75.7697	-75.7798	-75.7541	-75.709	-75.653	-75.5908	-75.5245	-75.4554	-75.3839	-75.3102	-75.2344	-75.1564	-75.0762	-74.9936	-74.9085	-74.8207	-74.7302	-74.6367	-74.5401	-74.44	-74.3365	-74.2291	-74.1177	-74.0023	-73.8828	-73.76	-73.6353	-73.512	-73.3967	-73.3023	-73.2525	-73.2877	-73.4634
4.75	-75.2173	-75.5218	-75.701	-75.7749	-75.7851	-75.7596	-75.7146	-75.6587	-75.5966	-75.5305	-75.4615	-75.3902	-75.3167	-75.2411	-75.1633	-75.0832	-75.0008	-74.9159	-74.8284	-74.7382	-74.6449	-74.5486	-74.4489	-74.3456	-74.2385	-74.1275	-74.0125	-73.8935	-73.7712	-73.647	-73.5242	-73.4094	-73.3156	-73.2663	-73.3017	-73.4772
4.755	-75.2229	-75.5271	-75.7063	-75.7802	-75.7904	-75.765	-75.7201	-75.6644	-75.6024	-75.5365	-75.4677	-75.3965	-75.3232	-75.2477	-75.1701	-75.0902	-75.0081	-74.9234	-74.8361	-74.7461	-74.6531	-74.557	-74.4576	-74.3547	-74.248	-74.1374	-74.0227	-73.9042	-73.7823	-73.6586	-73.5363	-73.4222	-73.3288	-73.28	-73.3157	-73.491
4.76	-75.2285	-75.5324	-75.7115	-75.7854	-75.7957	-75.7704	-75.7257	-75.6701	-75.6083	-75.5425	-75.4738	-75.4028	-75.3296	-75.2543	-75.1769	-75.0973	-75.0153	-74.9308	-74.8438	-74.754	-74.6613	-74.5655	-74.4664	-74.3637	-74.2574	-74.1471	-74.0329	-73.9148	-73.7934	-73.6702	-73.5485	-73.4348	-73.3421	-73.2937	-73.3296	-73.5048
4.765	-75.234	-75.5377	-75.7167	-75.7906	-75.801	-75.7758	-75.7312	-75.6758	-75.6141	-75.5484	-75.4799	-75.409	-75.336	-75.2609	-75.1837	-75.1042	-75.0225	-74.9382	-74.8514	-74.7619	-74.6694	-74.5739	-74.4751	-74.3728	-74.2668	-74.1569	-74.043	-73.9254	-73.8044	-73.6817	-73.5605	-73.4474	-73.3552	-73.3073	-73.3434	-73.5184
4.77	-75.2396	-75.543	-75.7219	-75.7959	-75.8063	-75.7812	-75.7367	-75.6814	-75.6199	-75.5544	-75.486	-75.4153	-75.3425	-75.2675	-75.1905	-75.1112	-75.0296	-74.9456	-74.8591	-74.7698	-74.6776	-74.5823	-74.4838	-74.3818	-74.2761	-74.1666	-74.0531	-73.9359	-73.8154	-73.6932	-73.5725	-73.46	-73.3683	-73.3208	-73.3572	-73.532
4.775	-75.2451	-75.5483	-75.7271	-75.8011	-75.8116	-75.7866	-75.7422	-75.6871	-75.6256	-75.5603	-75.4921	-75.4215	-75.3489	-75.2741	-75.1972	-75.1182	-75.0368	-74.953	-74.8667	-74.7776	-74.6857	-74.5907	-74.4925	-74.3908	-74.2854	-74.1763	-74.0632	-73.9464	-73.8263	-73.7046	-73.5845	-73.4725	-73.3813	-73.3343	-73.3708	-73.5455
4.78	-75.2506	-75.5535	-75.7323	-75.8063	-75.8169	-75.792	-75.7477	-75.6927	-75.6314	-75.5662	-75.4981	-75.4278	-75.3553	-75.2807	-75.204	-75.1251	-75.0439	-74.9604	-74.8742	-74.7854	-74.6938	-74.599	-74.5011	-74.3997	-74.2947	-74.1859	-74.0733	-73.9568	-73.8373	-73.716	-73.5964	-73.485	-73.3943	-73.3477	-73.3845	-73.559
4.785	-75.2561	-75.5588	-75.7374	-75.8115	-75.8221	-75.7974	-75.7532	-75.6983	-75.6372	-75.5721	-75.5042	-75.434	-75.3616	-75.2872	-75.2107	-75.132	-75.0511	-74.9677	-74.8818	-74.7932	-74.7018	-74.6074	-74.5097	-74.4087	-74.304	-74.1955	-74.0833	-73.9673	-73.8481	-73.7274	-73.6083	-73.4974	-73.4072	-73.361	-73.398	-73.5723
4.79	-75.2617	-75.5641	-75.7426	-75.8166	-75.8274	-75.8027	-75.7587	-75.7039	-75.6429	-75.578	-75.5102	-75.4402	-75.368	-75.2938	-75.2174	-75.1389	-75.0582	-74.975	-74.8893	-74.801	-74.7098	-74.6157	-74.5183	-74.4176	-74.3132	-74.2051	-74.0932	-73.9776	-73.859	-73.7387	-73.6201	-73.5097	-73.42	-73.3743	-73.4115	-73.5856
4.795	-75.2672	-75.5693	-75.7477	-75.8218	-75.8326	-75.8081	-75.7642	-75.7095	-75.6487	-75.5839	-75.5163	-75.4463	-75.3743	-75.3003	-75.2241	-75.1458	-75.0652	-74.9823	-74.8969	-74.8088	-74.7178	-74.624	-74.5269	-74.4264	-74.3224	-74.2147	-74.1032	-73.988	-73.8697	-73.7499	-73.6319	-73.522	-73.4328	-73.3875	-73.4249	-73.5989
4.8	-75.2727	-75.5745	-75.7529	-75.827	-75.8379	-75.8134	-75.7696	-75.7151	-75.6544	-75.5897	-75.5223	-75.4525	-75.3807	-75.3068	-75.2308	-75.1527	-75.0723	-74.9896	-74.9044	-74.8165	-74.7258	-74.6322	-74.5354	-74.4353	-74.3316	-74.2242	-74.1131	-73.9983	-73.8805	-73.7612	-73.6436	-73.5342	-73.4456	-73.4007	-73.4383	-73.6121
4.805	-75.2781	-75.5798	-75.758	-75.8321	-75.8431	-75.8188	-75.7751	-75.7207	-75.6601	-75.5956	-75.5283	-75.4587	-75.387	-75.3133	-75.2375	-75.1595	-75.0794	-74.9968	-74.9118	-74.8242	-74.7338	-74.6404	-74.5439	-74.4441	-74.3407	-74.2337	-74.1229	-74.0086	-73.8912	-73.7723	-73.6553	-73.5464	-73.4583	-73.4137	-73.4516	-73.6252
4.81	-75.2836	-75.585	-75.7631	-75.8372	-75.8483	-75.8241	-75.7805	-75.7262	-75.6658	-75.6014	-75.5342	-75.4648	-75.3933	-75.3197	-75.2441	-75.1664	-75.0864	-75.0041	-74.9193	-74.8319	-74.7418	-74.6486	-74.5524	-74.4529	-74.3498	-74.2432	-74.1328	-74.0188	-73.9019	-73.7835	-73.6669	-73.5586	-73.4709	-73.4268	-73.4648	-73.6383
4.815	-75.2891	-75.5902	-75.7682	-75.8424	-75.8535	-75.8294	-75.7859	-75.7318	-75.6715	-75.6072	-75.5402	-75.4709	-75.3996	-75.3262	-75.2507	-75.1732	-75.0934	-75.0113	-74.9268	-74.8396	-74.7497	-74.6568	-74.5609	-74.4616	-74.3589	-74.2526	-74.1426	-74.029	-73.9125	-73.7946	-73.6785	-73.5706	-73.4835	-73.4398	-73.478	-73.6513
4.82	-75.2945	-75.5954	-75.7734	-75.8475	-75.8587	-75.8347	-75.7913	-75.7373	-75.6771	-75.6131	-75.5462	-75.477	-75.4058	-75.3326	-75.2574	-75.18	-75.1004	-75.0185	-74.9342	-74.8472	-74.7576	-74.665	-74.5693	-74.4704	-74.368	-74.262	-74.1523	-74.0392	-73.9231	-73.8056	-73.69	-73.5827	-73.496	-73.4527	-73.4911	-73.6642
4.825	-75.3	-75.6006	-75.7785	-75.8526	-75.8639	-75.84	-75.7967	-75.7429	-75.6828	-75.6189	-75.5521	-75.4831	-75.4121	-75.339	-75.264	-75.1868	-75.1074	-75.0257	-74.9416	-74.8549	-74.7654	-74.6731	-74.5777	-74.4791	-74.377	-74.2714	-74.1621	-74.0493	-73.9336	-73.8166	-73.7015	-73.5947	-73.5085	-73.4655	-73.5042	-73.6771
4.83	-75.3054	-75.6058	-75.7835	-75.8577	-75.869	-75.8452	-75.8021	-75.7484	-75.6884	-75.6246	-75.5581	-75.4892	-75.4183	-75.3455	-75.2705	-75.1936	-75.1144	-75.0329	-74.949	-74.8625	-74.7733	-74.6812	-74.5861	-74.4878	-74.386	-74.2807	-74.1718	-74.0594	-73.9441	-73.8276	-73.7129	-73.6066	-73.5209	-73.4783	-73.5172	-73.6899
4.835	-75.3109	-75.611	-75.7886	-75.8628	-75.8742	-75.8505	-75.8075	-75.7539	-75.6941	-75.6304	-75.564	-75.4953	-75.4246	-75.3519	-75.2771	-75.2003	-75.1213	-75.04	-74.9563	-74.8701	-74.7811	-74.6893	-74.5945	-74.4964	-74.395	-74.29	-74.1814	-74.0694	-73.9546	-73.8385	-73.7243	-73.6185	-73.5332	-73.4911	-73.5301	-73.7026
4.84	-75.3163	-75.6161	-75.7937	-75.8679	-75.8794	-75.8557	-75.8129	-75.7594	-75.6997	-75.6362	-75.5699	-75.5014	-75.4308	-75.3582	-75.2837	-75.207	-75.1282	-75.0472	-74.9637	-74.8777	-74.789	-74.6974	-74.6028	-74.5051	-74.4039	-74.2993	-74.1911	-74.0795	-73.9651	-73.8494	-73.7357	-73.6303	-73.5455	-73.5038	-73.543	-73.7153
4.845	-75.3217	-75.6213	-75.7987	-75.8729	-75.8845	-75.861	-75.8182	-75.7649	-75.7053	-75.6419	-75.5758	-75.5074	-75.437	-75.3646	-75.2902	-75.2138	-75.1351	-75.0543	-74.971	-74.8852	-74.7967	-74.7055	-74.6112	-74.5137	-74.4128	-74.3085	-74.2007	-74.0894	-73.9755	-73.8602	-73.747	-73.6421	-73.5578	-73.5164	-73.5558	-73.728
4.85	-75.3271	-75.6264	-75.8038	-75.878	-75.8896	-75.8662	-75.8236	-75.7703	-75.7109	-75.6477	-75.5817	-75.5134	-75.4432	-75.371	-75.2967	-75.2205	-75.142	-75.0614	-74.9783	-74.8927	-74.8045	-74.7135	-74.6194	-74.5222	-74.4217	-74.3177	-74.2102	-74.0994	-73.9858	-73.871	-73.7583	-73.6539	-73.57	-73.529	-73.5686	-73.7405
4.855	-75.3325	-75.6316	-75.8088	-75.8831	-75.8948	-75.8714	-75.8289	-75.7758	-75.7165	-75.6534	-75.5875	-75.5195	-75.4494	-75.3773	-75.3032	-75.2272	-75.1489	-75.0684	-74.9856	-74.9003	-74.8123	-74.7215	-74.6277	-74.5308	-74.4306	-74.3269	-74.2198	-74.1093	-73.9961	-73.8818	-73.7695	-73.6656	-73.5822	-73.5415	-73.5813	-73.7531
4.86	-75.3379	-75.6367	-75.8139	-75.8881	-75.8999	-75.8767	-75.8343	-75.7812	-75.7221	-75.6591	-75.5934	-75.5255	-75.4555	-75.3836	-75.3097	-75.2338	-75.1558	-75.0755	-74.9929	-74.9077	-74.82	-74.7294	-74.636	-74.5393	-74.4394	-74.3361	-74.2293	-74.1192	-74.0064	-73.8925	-73.7807	-73.6772	-73.5943	-73.554	-73.5939	-73.7655
4.865	-75.3433	-75.6418	-75.8189	-75.8931	-75.905	-75.8819	-75.8396	-75.7867	-75.7277	-75.6648	-75.5993	-75.5315	-75.4617	-75.3899	-75.3162	-75.2405	-75.1626	-75.0825	-75.0001	-74.9152	-74.8277	-74.7374	-74.6442	-74.5478	-74.4482	-74.3452	-74.2388	-74.129	-74.0167	-73.9032	-73.7918	-73.6888	-73.6063	-73.5664	-73.6065	-73.7779
4.87	-75.3486	-75.6469	-75.8239	-75.8982	-75.9101	-75.8871	-75.8449	-75.7921	-75.7332	-75.6705	-75.6051	-75.5374	-75.4678	-75.3962	-75.3227	-75.2471	-75.1695	-75.0896	-75.0074	-74.9227	-74.8354	-74.7453	-74.6524	-74.5563	-74.457	-74.3543	-74.2482	-74.1389	-74.0269	-73.9138	-73.8029	-73.7004	-73.6183	-73.5788	-73.619	-73.7903
4.875	-75.354	-75.652	-75.8289	-75.9032	-75.9152	-75.8922	-75.8502	-75.7975	-75.7388	-75.6762	-75.6109	-75.5434	-75.4739	-75.4025	-75.3291	-75.2538	-75.1763	-75.0966	-75.0146	-74.9301	-74.843	-74.7533	-74.6605	-74.5648	-74.4658	-74.3634	-74.2576	-74.1486	-74.0371	-73.9245	-73.8139	-73.7119	-73.6303	-73.5911	-73.6315	-73.8026
4.88	-75.3594	-75.6571	-75.8339	-75.9082	-75.9202	-75.8974	-75.8555	-75.8029	-75.7443	-75.6819	-75.6167	-75.5494	-75.48	-75.4088	-75.3356	-75.2604	-75.1831	-75.1036	-75.0218	-74.9375	-74.8507	-74.7611	-74.6687	-74.5732	-74.4745	-74.3724	-74.267	-74.1584	-74.0472	-73.935	-73.825	-73.7234	-73.6422	-73.6033	-73.6439	-73.8148
4.885	-75.3647	-75.6622	-75.8389	-75.9132	-75.9253	-75.9026	-75.8607	-75.8083	-75.7498	-75.6875	-75.6225	-75.5553	-75.4861	-75.415	-75.342	-75.267	-75.1898	-75.1105	-75.0289	-74.9449	-74.8583	-74.769	-74.6768	-74.5816	-74.4832	-74.3814	-74.2764	-74.1681	-74.0573	-73.9455	-73.8359	-73.7348	-73.654	-73.6155	-73.6563	-73.827
4.89	-75.37	-75.6673	-75.8439	-75.9182	-75.9304	-75.9077	-75.866	-75.8137	-75.7553	-75.6932	-75.6283	-75.5612	-75.4922	-75.4213	-75.3484	-75.2735	-75.1966	-75.1175	-75.0361	-74.9523	-74.8659	-74.7769	-74.6849	-74.59	-74.4918	-74.3904	-74.2857	-74.1778	-74.0674	-73.956	-73.8469	-73.7461	-73.6658	-73.6277	-73.6686	-73.8391
4.895	-75.3754	-75.6724	-75.8488	-75.9231	-75.9354	-75.9129	-75.8713	-75.8191	-75.7608	-75.6988	-75.6341	-75.5671	-75.4983	-75.4275	-75.3548	-75.2801	-75.2034	-75.1244	-75.0432	-74.9596	-74.8735	-74.7847	-74.693	-74.5983	-74.5005	-74.3994	-74.295	-74.1874	-74.0774	-73.9665	-73.8577	-73.7575	-73.6776	-73.6398	-73.6808	-73.8512
4.9	-75.3807	-75.6774	-75.8538	-75.9281	-75.9404	-75.918	-75.8765	-75.8245	-75.7663	-75.7044	-75.6398	-75.573	-75.5043	-75.4337	-75.3612	-75.2866	-75.2101	-75.1314	-75.0504	-74.967	-74.8811	-74.7925	-74.7011	-74.6067	-74.5091	-74.4083	-74.3042	-74.1971	-74.0874	-73.9769	-73.8686	-73.7688	-73.6893	-73.6519	-73.693	-73.8632
4.905	-75.386	-75.6825	-75.8588	-75.9331	-75.9455	-75.9231	-75.8817	-75.8298	-75.7718	-75.71	-75.6456	-75.5789	-75.5104	-75.4399	-75.3675	-75.2932	-75.2168	-75.1383	-75.0575	-74.9743	-74.8886	-74.8003	-74.7091	-74.615	-74.5177	-74.4172	-74.3135	-74.2066	-74.0974	-73.9873	-73.8794	-73.78	-73.7009	-73.6638	-73.7052	-73.8751
4.91	-75.3913	-75.6875	-75.8637	-75.938	-75.9505	-75.9282	-75.887	-75.8352	-75.7773	-75.7156	-75.6513	-75.5848	-75.5164	-75.4461	-75.3739	-75.2997	-75.2235	-75.1451	-75.0646	-74.9816	-74.8961	-74.808	-74.7171	-74.6232	-74.5263	-74.4261	-74.3227	-74.2162	-74.1073	-73.9976	-73.8902	-73.7912	-73.7126	-73.6758	-73.7173	-73.887
4.915	-75.3966	-75.6926	-75.8686	-75.943	-75.9555	-75.9333	-75.8922	-75.8405	-75.7827	-75.7212	-75.657	-75.5907	-75.5224	-75.4522	-75.3802	-75.3062	-75.2302	-75.152	-75.0716	-74.9889	-74.9036	-74.8158	-74.7251	-74.6315	-74.5348	-74.4349	-74.3318	-74.2257	-74.1172	-74.0079	-73.9009	-73.8024	-73.7241	-73.6877	-73.7293	-73.8989
4.92	-75.4019	-75.6976	-75.8736	-75.9479	-75.9605	-75.9384	-75.8974	-75.8458	-75.7882	-75.7268	-75.6627	-75.5965	-75.5284	-75.4584	-75.3865	-75.3127	-75.2368	-75.1589	-75.0787	-74.9961	-74.9111	-74.8235	-74.7331	-74.6397	-74.5433	-74.4438	-74.341	-74.2352	-74.1271	-74.0182	-73.9116	-73.8135	-73.7356	-73.6995	-73.7413	-73.9107
4.925	-75.4072	-75.7026	-75.8785	-75.9528	-75.9655	-75.9435	-75.9026	-75.8511	-75.7936	-75.7324	-75.6684	-75.6024	-75.5344	-75.4645	-75.3928	-75.3192	-75.2435	-75.1657	-75.0857	-75.0034	-74.9186	-74.8312	-74.741	-74.6479	-74.5518	-74.4525	-74.3501	-74.2447	-74.1369	-74.0284	-73.9222	-73.8245	-73.7471	-73.7113	-73.7533	-73.9225
4.93	-75.4124	-75.7076	-75.8834	-75.9577	-75.9705	-75.9486	-75.9077	-75.8564	-75.799	-75.7379	-75.6741	-75.6082	-75.5404	-75.4707	-75.3991	-75.3256	-75.2501	-75.1725	-75.0927	-75.0106	-74.926	-74.8389	-74.7489	-74.6561	-74.5603	-74.4613	-74.3592	-74.2541	-74.1467	-74.0386	-73.9328	-73.8356	-73.7586	-73.7231	-73.7652	-73.9342
4.935	-75.4177	-75.7126	-75.8883	-75.9626	-75.9754	-75.9537	-75.9129	-75.8617	-75.8045	-75.7435	-75.6798	-75.614	-75.5463	-75.4768	-75.4054	-75.3321	-75.2567	-75.1793	-75.0997	-75.0178	-74.9335	-74.8465	-74.7568	-74.6643	-74.5687	-74.4701	-74.3682	-74.2635	-74.1565	-74.0487	-73.9434	-73.8465	-73.7699	-73.7348	-73.777	-73.9458
4.94	-75.423	-75.7176	-75.8932	-75.9675	-75.9804	-75.9587	-75.9181	-75.867	-75.8099	-75.749	-75.6855	-75.6198	-75.5523	-75.4829	-75.4116	-75.3385	-75.2633	-75.1861	-75.1067	-75.025	-74.9409	-74.8541	-74.7647	-74.6724	-74.5771	-74.4788	-74.3773	-74.2729	-74.1662	-74.0589	-73.9539	-73.8575	-73.7813	-73.7465	-73.7888	-73.9574
4.945	-75.4282	-75.7226	-75.8981	-75.9724	-75.9854	-75.9638	-75.9232	-75.8723	-75.8153	-75.7545	-75.6911	-75.6256	-75.5582	-75.489	-75.4179	-75.3449	-75.2699	-75.1929	-75.1137	-75.0322	-74.9482	-74.8618	-74.7726	-74.6805	-74.5855	-74.4874	-74.3863	-74.2822	-74.1759	-74.069	-73.9644	-73.8684	-73.7926	-73.7581	-73.8005	-73.9689
4.95	-75.4334	-75.7276	-75.9029	-75.9773	-75.9903	-75.9688	-75.9284	-75.8775	-75.8206	-75.76	-75.6968	-75.6314	-75.5641	-75.495	-75.4241	-75.3513	-75.2765	-75.1997	-75.1206	-75.0393	-74.9556	-74.8694	-74.7804	-74.6886	-74.5939	-74.4961	-74.3952	-74.2915	-74.1856	-74.079	-73.9748	-73.8793	-73.8038	-73.7696	-73.8122	-73.9804
4.955	-75.4387	-75.7326	-75.9078	-75.9822	-75.9952	-75.9738	-75.9335	-75.8828	-75.826	-75.7655	-75.7024	-75.6372	-75.57	-75.5011	-75.4303	-75.3577	-75.2831	-75.2064	-75.1276	-75.0465	-74.963	-74.8769	-74.7882	-74.6967	-74.6022	-74.5047	-74.4042	-74.3008	-74.1952	-74.089	-73.9853	-73.8901	-73.815	-73.7811	-73.8238	-73.9919
4.96	-75.4439	-75.7375	-75.9127	-75.9871	-76.0002	-75.9788	-75.9386	-75.888	-75.8314	-75.771	-75.708	-75.6429	-75.5759	-75.5071	-75.4365	-75.364	-75.2896	-75.2131	-75.1345	-75.0536	-74.9703	-74.8845	-74.796	-74.7048	-74.6106	-74.5134	-74.4131	-74.3101	-74.2048	-74.099	-73.9956	-73.9009	-73.8262	-73.7926	-73.8354	-74.0033
4.965	-75.4491	-75.7425	-75.9175	-75.9919	-76.0051	-75.9838	-75.9437	-75.8932	-75.8367	-75.7765	-75.7136	-75.6487	-75.5818	-75.5132	-75.4427	-75.3704	-75.2961	-75.2198	-75.1414	-75.0607	-74.9776	-74.892	-74.8038	-74.7128	-74.6189	-74.5219	-74.422	-74.3193	-74.2144	-74.1089	-74.006	-73.9116	-73.8373	-73.804	-73.847	-74.0146
4.97	-75.4543	-75.7474	-75.9224	-75.9967	-76.01	-75.9888	-75.9489	-75.8984	-75.8421	-75.7819	-75.7192	-75.6544	-75.5877	-75.5192	-75.4489	-75.3767	-75.3026	-75.2265	-75.1483	-75.0677	-74.9849	-74.8995	-74.8115	-74.7208	-74.6271	-74.5305	-74.4309	-74.3285	-74.224	-74.1189	-74.0163	-73.9223	-73.8484	-73.8154	-73.8585	-74.026
4.975	-75.4595	-75.7524	-75.9272	-76.0016	-76.0149	-75.9938	-75.9539	-75.9037	-75.8474	-75.7874	-75.7248	-75.6601	-75.5936	-75.5252	-75.4551	-75.3831	-75.3091	-75.2332	-75.1551	-75.0748	-74.9922	-74.907	-74.8193	-74.7288	-74.6354	-74.539	-74.4397	-74.3376	-74.2335	-74.1287	-74.0265	-73.933	-73.8594	-73.8267	-73.8699	-74.0372
4.98	-75.4647	-75.7573	-75.932	-76.0064	-76.0198	-75.9988	-75.959	-75.9089	-75.8527	-75.7928	-75.7304	-75.6658	-75.5994	-75.5312	-75.4612	-75.3894	-75.3156	-75.2398	-75.162	-75.0819	-74.9994	-74.9145	-74.827	-74.7367	-74.6436	-74.5475	-74.4485	-74.3468	-74.2429	-74.1386	-74.0368	-73.9436	-73.8704	-73.838	-73.8813	-74.0484
4.985	-75.4699	-75.7622	-75.9368	-76.0112	-76.0247	-76.0038	-75.9641	-75.914	-75.858	-75.7983	-75.7359	-75.6715	-75.6052	-75.5372	-75.4674	-75.3957	-75.3221	-75.2465	-75.1688	-75.0889	-75.0067	-74.922	-74.8347	-74.7447	-74.6518	-74.556	-74.4573	-74.3559	-74.2524	-74.1484	-74.047	-73.9542	-73.8814	-73.8493	-73.8927	-74.0596
4.99	-75.4751	-75.7671	-75.9416	-76.016	-76.0295	-76.0087	-75.9692	-75.9192	-75.8633	-75.8037	-75.7415	-75.6772	-75.6111	-75.5432	-75.4735	-75.402	-75.3285	-75.2531	-75.1756	-75.0959	-75.0139	-74.9294	-74.8423	-74.7526	-74.66	-74.5645	-74.466	-74.3649	-74.2618	-74.1582	-74.0571	-73.9647	-73.8923	-73.8605	-73.904	-74.0707
4.995	-75.4802	-75.772	-75.9464	-76.0209	-76.0344	-76.0137	-75.9742	-75.9244	-75.8686	-75.8091	-75.747	-75.6829	-75.6169	-75.5491	-75.4796	-75.4082	-75.335	-75.2597	-75.1824	-75.1029	-75.0211	-74.9368	-74.85	-74.7605	-74.6681	-74.5729	-74.4748	-74.374	-74.2712	-74.1679	-74.0672	-73.9752	-73.9031	-73.8716	-73.9153	-74.0818
5	-75.4854	-75.7769	-75.9512	-76.0256	-76.0392	-76.0186	-75.9793	-75.9295	-75.8739	-75.8145	-75.7525	-75.6885	-75.6227	-75.5551	-75.4857	-75.4145	-75.3414	-75.2663	-75.1892	-75.1099	-75.0282	-74.9442	-74.8576	-74.7683	-74.6763	-74.5813	-74.4835	-74.383	-74.2805	-74.1776	-74.0773	-73.9857	-73.914	-73.8827	-73.9265	-74.0928
5.005	-75.4905	-75.7818	-75.956	-76.0304	-76.0441	-76.0236	-75.9843	-75.9347	-75.8791	-75.8199	-75.758	-75.6942	-75.6284	-75.561	-75.4918	-75.4207	-75.3478	-75.2729	-75.1959	-75.1168	-75.0354	-74.9516	-74.8652	-74.7762	-74.6844	-74.5897	-74.4921	-74.392	-74.2899	-74.1873	-74.0874	-73.9961	-73.9247	-73.8938	-73.9376	-74.1038
5.01	-75.4957	-75.7867	-75.9608	-76.0352	-76.0489	-76.0285	-75.9893	-75.9398	-75.8844	-75.8252	-75.7635	-75.6998	-75.6342	-75.5669	-75.4978	-75.4269	-75.3542	-75.2795	-75.2027	-75.1238	-75.0425	-74.9589	-74.8728	-74.784	-74.6925	-74.598	-74.5008	-74.4009	-74.2991	-74.1969	-74.0974	-74.0065	-73.9355	-73.9048	-73.9488	-74.1147
5.015	-75.5008	-75.7916	-75.9656	-76.04	-76.0537	-76.0334	-75.9944	-75.945	-75.8896	-75.8306	-75.769	-75.7054	-75.64	-75.5728	-75.5039	-75.4332	-75.3606	-75.286	-75.2094	-75.1307	-75.0497	-74.9663	-74.8804	-74.7918	-74.7005	-74.6064	-74.5094	-74.4099	-74.3084	-74.2066	-74.1074	-74.0168	-73.9462	-73.9158	-73.9598	-74.1256
5.02	-75.5059	-75.7964	-75.9703	-76.0447	-76.0586	-76.0383	-75.9994	-75.9501	-75.8949	-75.836	-75.7745	-75.711	-75.6457	-75.5787	-75.5099	-75.4394	-75.3669	-75.2925	-75.2161	-75.1376	-75.0568	-74.9736	-74.8879	-74.7996	-74.7085	-74.6147	-74.518	-74.4188	-74.3176	-74.2161	-74.1173	-74.0272	-73.9569	-73.9267	-73.9709	-74.1364
5.025	-75.5111	-75.8013	-75.9751	-76.0495	-76.0634	-76.0432	-76.0044	-75.9552	-75.9001	-75.8413	-75.78	-75.7166	-75.6515	-75.5846	-75.5159	-75.4455	-75.3733	-75.2991	-75.2228	-75.1445	-75.0639	-74.9809	-74.8954	-74.8074	-74.7166	-74.623	-74.5266	-74.4277	-74.3268	-74.2257	-74.1272	-74.0374	-73.9675	-73.9376	-73.9819	-74.1472
5.03	-75.5162	-75.8061	-75.9798	-76.0542	-76.0682	-76.0481	-76.0094	-75.9603	-75.9053	-75.8466	-75.7854	-75.7222	-75.6572	-75.5904	-75.522	-75.4517	-75.3796	-75.3056	-75.2295	-75.1514	-75.0709	-74.9882	-74.9029	-74.8151	-74.7246	-74.6312	-74.5351	-74.4365	-74.336	-74.2352	-74.1371	-74.0477	-73.9781	-73.9485	-73.9928	-74.158
5.035	-75.5213	-75.811	-75.9845	-76.059	-76.073	-76.053	-76.0143	-75.9654	-75.9105	-75.852	-75.7909	-75.7278	-75.6629	-75.5963	-75.528	-75.4579	-75.3859	-75.3121	-75.2362	-75.1582	-75.078	-74.9954	-74.9104	-74.8228	-74.7325	-74.6395	-74.5436	-74.4453	-74.3452	-74.2447	-74.1469	-74.0579	-73.9886	-73.9593	-74.0037	-74.1687
5.04	-75.5264	-75.8158	-75.9893	-76.0637	-76.0778	-76.0579	-76.0193	-75.9705	-75.9157	-75.8573	-75.7963	-75.7334	-75.6686	-75.6021	-75.534	-75.464	-75.3922	-75.3185	-75.2428	-75.165	-75.085	-75.0027	-74.9179	-74.8305	-74.7405	-74.6477	-74.5521	-74.4541	-74.3543	-74.2541	-74.1568	-74.0681	-73.9991	-73.97	-74.0146	-74.1794
5.045	-75.5315	-75.8206	-75.994	-76.0684	-76.0825	-76.0627	-76.0243	-75.9755	-75.9209	-75.8626	-75.8018	-75.7389	-75.6743	-75.608	-75.5399	-75.4701	-75.3985	-75.325	-75.2495	-75.1719	-75.092	-75.0099	-74.9253	-74.8382	-74.7484	-74.6559	-74.5606	-74.4629	-74.3634	-74.2636	-74.1665	-74.0782	-74.0096	-73.9808	-74.0254	-74.19
5.05	-75.5365	-75.8255	-75.9987	-76.0731	-76.0873	-76.0676	-76.0292	-75.9806	-75.9261	-75.8679	-75.8072	-75.7445	-75.68	-75.6138	-75.5459	-75.4762	-75.4048	-75.3314	-75.2561	-75.1787	-75.0991	-75.0171	-74.9328	-74.8459	-74.7563	-74.664	-74.569	-74.4716	-74.3724	-74.273	-74.1763	-74.0883	-74.02	-73.9915	-74.0362	-74.2006
5.055	-75.5416	-75.8303	-76.0034	-76.0778	-76.0921	-76.0724	-76.0342	-75.9856	-75.9312	-75.8732	-75.8126	-75.75	-75.6856	-75.6196	-75.5518	-75.4824	-75.411	-75.3379	-75.2627	-75.1855	-75.106	-75.0243	-74.9402	-74.8535	-74.7642	-74.6722	-74.5775	-74.4803	-74.3815	-74.2823	-74.186	-74.0984	-74.0304	-74.0021	-74.0469	-74.2111
5.06	-75.5467	-75.8351	-76.0081	-76.0825	-76.0968	-76.0772	-76.0391	-75.9907	-75.9364	-75.8784	-75.818	-75.7555	-75.6913	-75.6254	-75.5578	-75.4884	-75.4173	-75.3443	-75.2693	-75.1922	-75.113	-75.0315	-74.9476	-74.8611	-74.772	-74.6803	-74.5859	-74.489	-74.3905	-74.2916	-74.1957	-74.1084	-74.0408	-74.0127	-74.0576	-74.2216
5.065	-75.5517	-75.8399	-76.0128	-76.0872	-76.1015	-76.0821	-76.044	-75.9957	-75.9415	-75.8837	-75.8234	-75.761	-75.6969	-75.6312	-75.5637	-75.4945	-75.4235	-75.3507	-75.2759	-75.199	-75.12	-75.0386	-74.9549	-74.8687	-74.7799	-74.6884	-74.5942	-74.4977	-74.3994	-74.301	-74.2053	-74.1184	-74.0511	-74.0233	-74.0683	-74.2321
5.07	-75.5568	-75.8447	-76.0175	-76.0919	-76.1063	-76.0869	-76.0489	-76.0007	-75.9466	-75.8889	-75.8287	-75.7665	-75.7026	-75.6369	-75.5696	-75.5006	-75.4297	-75.3571	-75.2824	-75.2057	-75.1269	-75.0458	-74.9623	-74.8763	-74.7877	-74.6964	-74.6026	-74.5063	-74.4084	-74.3102	-74.2149	-74.1283	-74.0614	-74.0338	-74.0789	-74.2425
5.075	-75.5618	-75.8494	-76.0221	-76.0965	-76.111	-76.0917	-76.0538	-76.0057	-75.9518	-75.8942	-75.8341	-75.772	-75.7082	-75.6427	-75.5755	-75.5066	-75.436	-75.3634	-75.289	-75.2125	-75.1338	-75.0529	-74.9696	-74.8839	-74.7955	-74.7045	-74.6109	-74.5149	-74.4173	-74.3195	-74.2245	-74.1383	-74.0716	-74.0443	-74.0895	-74.2529
5.08	-75.5669	-75.8542	-76.0268	-76.1012	-76.1157	-76.0965	-76.0587	-76.0107	-75.9569	-75.8994	-75.8394	-75.7775	-75.7138	-75.6484	-75.5814	-75.5127	-75.4421	-75.3698	-75.2955	-75.2192	-75.1407	-75.06	-74.9769	-74.8914	-74.8033	-74.7125	-74.6192	-74.5235	-74.4262	-74.3287	-74.2341	-74.1481	-74.0818	-74.0547	-74.1	-74.2632
5.085	-75.5719	-75.859	-76.0315	-76.1059	-76.1204	-76.1013	-76.0636	-76.0157	-75.962	-75.9046	-75.8448	-75.783	-75.7194	-75.6542	-75.5873	-75.5187	-75.4483	-75.3761	-75.302	-75.2259	-75.1476	-75.0671	-74.9842	-74.8989	-74.811	-74.7205	-74.6275	-74.5321	-74.435	-74.3379	-74.2436	-74.158	-74.092	-74.0652	-74.1105	-74.2735
5.09	-75.5769	-75.8637	-76.0361	-76.1105	-76.1251	-76.1061	-76.0685	-76.0207	-75.9671	-75.9098	-75.8501	-75.7884	-75.725	-75.6599	-75.5931	-75.5247	-75.4545	-75.3825	-75.3085	-75.2325	-75.1544	-75.0741	-74.9915	-74.9064	-74.8188	-74.7285	-74.6357	-74.5406	-74.4439	-74.347	-74.2531	-74.1678	-74.1021	-74.0755	-74.121	-74.2838
5.095	-75.5819	-75.8685	-76.0407	-76.1152	-76.1298	-76.1108	-76.0734	-76.0257	-75.9722	-75.915	-75.8554	-75.7939	-75.7305	-75.6656	-75.599	-75.5307	-75.4606	-75.3888	-75.315	-75.2392	-75.1613	-75.0812	-74.9987	-74.9139	-74.8265	-74.7365	-74.6439	-74.5491	-74.4527	-74.3561	-74.2625	-74.1776	-74.1122	-74.0859	-74.1314	-74.294
5.1	-75.5869	-75.8732	-76.0454	-76.1198	-76.1345	-76.1156	-76.0782	-76.0307	-75.9772	-75.9202	-75.8607	-75.7993	-75.7361	-75.6713	-75.6048	-75.5367	-75.4668	-75.3951	-75.3214	-75.2458	-75.1681	-75.0882	-75.006	-74.9213	-74.8342	-74.7444	-74.6521	-74.5576	-74.4615	-74.3652	-74.2719	-74.1874	-74.1223	-74.0962	-74.1417	-74.3042
5.105	-75.5919	-75.8779	-76.05	-76.1244	-76.1392	-76.1204	-76.0831	-76.0356	-75.9823	-75.9254	-75.866	-75.8047	-75.7417	-75.677	-75.6106	-75.5426	-75.4729	-75.4013	-75.3279	-75.2525	-75.1749	-75.0952	-75.0132	-74.9288	-74.8418	-74.7523	-74.6603	-74.5661	-74.4702	-74.3743	-74.2813	-74.1971	-74.1323	-74.1064	-74.1521	-74.3143
5.11	-75.5969	-75.8827	-76.0546	-76.129	-76.1438	-76.1251	-76.0879	-76.0406	-75.9874	-75.9306	-75.8713	-75.8101	-75.7472	-75.6826	-75.6165	-75.5486	-75.479	-75.4076	-75.3343	-75.2591	-75.1817	-75.1022	-75.0204	-74.9362	-74.8495	-74.7602	-74.6685	-74.5745	-74.4789	-74.3833	-74.2907	-74.2068	-74.1423	-74.1166	-74.1624	-74.3244
5.115	-75.6019	-75.8874	-76.0592	-76.1336	-76.1485	-76.1299	-76.0928	-76.0455	-75.9924	-75.9357	-75.8766	-75.8155	-75.7527	-75.6883	-75.6223	-75.5545	-75.4851	-75.4139	-75.3408	-75.2657	-75.1885	-75.1092	-75.0276	-74.9436	-74.8571	-74.7681	-74.6766	-74.5829	-74.4876	-74.3923	-74.3	-74.2164	-74.1523	-74.1268	-74.1726	-74.3345
5.12	-75.6069	-75.8921	-76.0638	-76.1382	-76.1532	-76.1346	-76.0976	-76.0504	-75.9974	-75.9409	-75.8819	-75.8209	-75.7582	-75.694	-75.628	-75.5605	-75.4912	-75.4201	-75.3472	-75.2723	-75.1953	-75.1161	-75.0347	-74.951	-74.8647	-74.7759	-74.6847	-74.5913	-74.4963	-74.4013	-74.3093	-74.2261	-74.1622	-74.137	-74.1829	-74.3445
5.125	-75.6118	-75.8968	-76.0684	-76.1428	-76.1578	-76.1393	-76.1024	-76.0553	-76.0025	-75.946	-75.8871	-75.8263	-75.7637	-75.6996	-75.6338	-75.5664	-75.4973	-75.4263	-75.3536	-75.2788	-75.202	-75.1231	-75.0419	-74.9583	-74.8723	-74.7838	-74.6928	-74.5996	-74.505	-74.4103	-74.3186	-74.2356	-74.1721	-74.1471	-74.193	-74.3545
5.13	-75.6168	-75.9015	-76.073	-76.1474	-76.1624	-76.144	-76.1072	-76.0603	-76.0075	-75.9512	-75.8924	-75.8316	-75.7692	-75.7052	-75.6396	-75.5723	-75.5033	-75.4326	-75.3599	-75.2854	-75.2088	-75.13	-75.049	-74.9657	-74.8799	-74.7916	-74.7009	-74.608	-74.5136	-74.4192	-74.3279	-74.2452	-74.1819	-74.1572	-74.2032	-74.3644
5.135	-75.6217	-75.9062	-76.0776	-76.152	-76.1671	-76.1487	-76.112	-76.0652	-76.0125	-75.9563	-75.8976	-75.837	-75.7747	-75.7108	-75.6453	-75.5782	-75.5094	-75.4388	-75.3663	-75.2919	-75.2155	-75.1369	-75.0561	-74.973	-74.8874	-74.7994	-74.7089	-74.6163	-74.5222	-74.4281	-74.3371	-74.2547	-74.1917	-74.1672	-74.2133	-74.3743
5.14	-75.6267	-75.9109	-76.0822	-76.1565	-76.1717	-76.1534	-76.1168	-76.07	-76.0175	-75.9614	-75.9028	-75.8424	-75.7802	-75.7164	-75.6511	-75.5841	-75.5154	-75.4449	-75.3727	-75.2984	-75.2222	-75.1438	-75.0632	-74.9803	-74.8949	-74.8071	-74.7169	-74.6246	-74.5308	-74.437	-74.3462	-74.2642	-74.2015	-74.1772	-74.2234	-74.3842
5.145	-75.6316	-75.9155	-76.0867	-76.1611	-76.1763	-76.1581	-76.1216	-76.0749	-76.0225	-75.9665	-75.908	-75.8477	-75.7857	-75.722	-75.6568	-75.5899	-75.5214	-75.4511	-75.379	-75.3049	-75.2289	-75.1507	-75.0703	-74.9876	-74.9025	-74.8149	-74.7249	-74.6328	-74.5393	-74.4458	-74.3554	-74.2737	-74.2113	-74.1872	-74.2334	-74.394
5.15	-75.6366	-75.9202	-76.0913	-76.1656	-76.1809	-76.1628	-76.1264	-76.0798	-76.0275	-75.9716	-75.9132	-75.853	-75.7911	-75.7276	-75.6625	-75.5958	-75.5274	-75.4573	-75.3853	-75.3114	-75.2355	-75.1575	-75.0773	-74.9948	-74.9099	-74.8226	-74.7329	-74.6411	-74.5478	-74.4546	-74.3645	-74.2831	-74.221	-74.1971	-74.2434	-74.4038
5.155	-75.6415	-75.9249	-76.0958	-76.1702	-76.1855	-76.1675	-76.1311	-76.0847	-76.0324	-75.9767	-75.9184	-75.8583	-75.7965	-75.7332	-75.6682	-75.6016	-75.5334	-75.4634	-75.3916	-75.3179	-75.2422	-75.1644	-75.0844	-75.0021	-74.9174	-74.8303	-74.7408	-74.6493	-74.5563	-74.4634	-74.3736	-74.2925	-74.2307	-74.207	-74.2533	-74.4136
5.16	-75.6464	-75.9295	-76.1004	-76.1747	-76.1901	-76.1721	-76.1359	-76.0895	-76.0374	-75.9817	-75.9236	-75.8636	-75.802	-75.7387	-75.6739	-75.6075	-75.5394	-75.4695	-75.3979	-75.3244	-75.2488	-75.1712	-75.0914	-75.0093	-74.9249	-74.838	-74.7488	-74.6575	-74.5648	-74.4722	-74.3827	-74.3019	-74.2403	-74.2169	-74.2633	-74.4233
5.165	-75.6513	-75.9342	-76.1049	-76.1792	-76.1946	-76.1768	-76.1406	-76.0944	-76.0424	-75.9868	-75.9288	-75.8689	-75.8074	-75.7443	-75.6796	-75.6133	-75.5453	-75.4757	-75.4042	-75.3308	-75.2554	-75.178	-75.0984	-75.0165	-74.9323	-74.8456	-74.7567	-74.6656	-74.5732	-74.4809	-74.3917	-74.3112	-74.2499	-74.2267	-74.2732	-74.433
5.17	-75.6562	-75.9388	-76.1094	-76.1838	-76.1992	-76.1814	-76.1454	-76.0992	-76.0473	-75.9918	-75.934	-75.8742	-75.8128	-75.7498	-75.6852	-75.6191	-75.5513	-75.4818	-75.4104	-75.3372	-75.2621	-75.1848	-75.1054	-75.0237	-74.9397	-74.8533	-74.7646	-74.6738	-74.5816	-74.4896	-74.4007	-74.3206	-74.2595	-74.2365	-74.283	-74.4427
5.175	-75.6611	-75.9434	-76.1139	-76.1883	-76.2038	-76.1861	-76.1501	-76.104	-76.0522	-75.9969	-75.9391	-75.8795	-75.8182	-75.7553	-75.6909	-75.6249	-75.5572	-75.4879	-75.4167	-75.3437	-75.2686	-75.1916	-75.1124	-75.0309	-74.9471	-74.8609	-74.7724	-74.6819	-74.59	-74.4983	-74.4097	-74.3298	-74.2691	-74.2463	-74.2928	-74.4523
5.18	-75.666	-75.948	-76.1184	-76.1928	-76.2083	-76.1907	-76.1548	-76.1089	-76.0572	-76.0019	-75.9443	-75.8847	-75.8236	-75.7608	-75.6965	-75.6307	-75.5631	-75.4939	-75.4229	-75.3501	-75.2752	-75.1983	-75.1193	-75.038	-74.9545	-74.8685	-74.7803	-74.69	-74.5984	-74.507	-74.4187	-74.3391	-74.2786	-74.256	-74.3026	-74.4619
5.185	-75.6709	-75.9527	-76.1229	-76.1973	-76.2129	-76.1953	-76.1595	-76.1137	-76.0621	-76.0069	-75.9494	-75.89	-75.8289	-75.7663	-75.7022	-75.6364	-75.5691	-75.5	-75.4291	-75.3564	-75.2818	-75.2051	-75.1263	-75.0452	-74.9618	-74.8761	-74.7881	-74.6981	-74.6068	-74.5156	-74.4276	-74.3483	-74.2881	-74.2657	-74.3124	-74.4714
5.19	-75.6757	-75.9573	-76.1274	-76.2018	-76.2174	-76.1999	-76.1642	-76.1185	-76.067	-76.012	-75.9545	-75.8952	-75.8343	-75.7718	-75.7078	-75.6422	-75.575	-75.506	-75.4353	-75.3628	-75.2883	-75.2118	-75.1332	-75.0523	-74.9691	-74.8836	-74.7959	-74.7061	-74.6151	-74.5242	-74.4365	-74.3575	-74.2976	-74.2754	-74.3221	-74.481
5.195	-75.6806	-75.9619	-76.1319	-76.2062	-76.2219	-76.2045	-76.1689	-76.1233	-76.0719	-76.017	-75.9596	-75.9005	-75.8397	-75.7773	-75.7134	-75.6479	-75.5808	-75.5121	-75.4415	-75.3692	-75.2949	-75.2185	-75.1401	-75.0594	-74.9764	-74.8912	-74.8036	-74.7141	-74.6234	-74.5328	-74.4454	-74.3667	-74.307	-74.285	-74.3318	-74.4904
5.2	-75.6855	-75.9665	-76.1364	-76.2107	-76.2265	-76.2091	-76.1736	-76.1281	-76.0768	-76.0219	-75.9648	-75.9057	-75.845	-75.7828	-75.719	-75.6537	-75.5867	-75.5181	-75.4477	-75.3755	-75.3014	-75.2252	-75.1469	-75.0665	-74.9837	-74.8987	-74.8114	-74.7222	-74.6316	-74.5413	-74.4542	-74.3758	-74.3164	-74.2946	-74.3414	-74.4999
5.205	-75.6903	-75.971	-76.1409	-76.2152	-76.231	-76.2137	-76.1783	-76.1328	-76.0816	-76.0269	-75.9698	-75.9109	-75.8503	-75.7882	-75.7246	-75.6594	-75.5926	-75.5241	-75.4539	-75.3818	-75.3079	-75.2319	-75.1538	-75.0735	-74.991	-74.9062	-74.8191	-74.7301	-74.6399	-74.5499	-74.463	-74.3849	-74.3258	-74.3041	-74.351	-74.5093
5.21	-75.6952	-75.9756	-76.1454	-76.2196	-76.2355	-76.2183	-76.183	-76.1376	-76.0865	-76.0319	-75.9749	-75.9161	-75.8557	-75.7937	-75.7302	-75.6651	-75.5984	-75.5301	-75.46	-75.3881	-75.3143	-75.2385	-75.1607	-75.0806	-74.9983	-74.9137	-74.8269	-74.7381	-74.6481	-74.5584	-74.4718	-74.394	-74.3351	-74.3137	-74.3606	-74.5187
5.215	-75.7	-75.9802	-76.1498	-76.2241	-76.24	-76.2229	-76.1876	-76.1424	-76.0914	-76.0369	-75.98	-75.9213	-75.861	-75.7991	-75.7357	-75.6708	-75.6043	-75.5361	-75.4662	-75.3944	-75.3208	-75.2452	-75.1675	-75.0876	-75.0055	-74.9211	-74.8345	-74.746	-74.6563	-74.5668	-74.4806	-74.403	-74.3444	-74.3232	-74.3701	-74.528
5.22	-75.7048	-75.9848	-76.1543	-76.2285	-76.2445	-76.2274	-76.1923	-76.1471	-76.0962	-76.0418	-75.9851	-75.9265	-75.8663	-75.8045	-75.7413	-75.6765	-75.6101	-75.5421	-75.4723	-75.4007	-75.3273	-75.2518	-75.1743	-75.0946	-75.0127	-74.9286	-74.8422	-74.754	-74.6645	-74.5753	-74.4893	-74.412	-74.3537	-74.3326	-74.3796	-74.5373
5.225	-75.7096	-75.9893	-76.1587	-76.233	-76.2489	-76.232	-76.1969	-76.1518	-76.1011	-76.0468	-75.9901	-75.9316	-75.8715	-75.8099	-75.7468	-75.6822	-75.6159	-75.548	-75.4784	-75.407	-75.3337	-75.2584	-75.1811	-75.1016	-75.0199	-74.936	-74.8499	-74.7619	-74.6726	-74.5837	-74.498	-74.421	-74.3629	-74.3421	-74.3891	-74.5466
5.23	-75.7145	-75.9939	-76.1632	-76.2374	-76.2534	-76.2365	-76.2016	-76.1566	-76.1059	-76.0517	-75.9952	-75.9368	-75.8768	-75.8153	-75.7523	-75.6878	-75.6217	-75.554	-75.4845	-75.4133	-75.3401	-75.265	-75.1879	-75.1086	-75.0271	-74.9434	-74.8575	-74.7697	-74.6808	-74.5921	-74.5067	-74.43	-74.3721	-74.3515	-74.3986	-74.5559
5.235	-75.7193	-75.9984	-76.1676	-76.2418	-76.2579	-76.2411	-76.2062	-76.1613	-76.1107	-76.0566	-76.0002	-75.942	-75.8821	-75.8207	-75.7579	-75.6935	-75.6275	-75.5599	-75.4906	-75.4195	-75.3465	-75.2716	-75.1947	-75.1156	-75.0343	-74.9508	-74.8651	-74.7776	-74.6889	-74.6005	-74.5153	-74.4389	-74.3813	-74.3608	-74.408	-74.5651
5.24	-75.7241	-76.003	-76.172	-76.2462	-76.2624	-76.2456	-76.2108	-76.166	-76.1155	-76.0616	-76.0052	-75.9471	-75.8874	-75.8261	-75.7634	-75.6991	-75.6333	-75.5658	-75.4967	-75.4257	-75.3529	-75.2782	-75.2014	-75.1225	-75.0414	-74.9581	-74.8727	-74.7854	-74.697	-74.6088	-74.524	-74.4478	-74.3905	-74.3702	-74.4174	-74.5743
5.245	-75.7289	-76.0075	-76.1764	-76.2506	-76.2668	-76.2502	-76.2154	-76.1707	-76.1203	-76.0665	-76.0103	-75.9522	-75.8926	-75.8315	-75.7689	-75.7047	-75.639	-75.5717	-75.5027	-75.4319	-75.3593	-75.2847	-75.2081	-75.1294	-75.0486	-74.9655	-74.8803	-74.7932	-74.705	-74.6172	-74.5326	-74.4567	-74.3996	-74.3795	-74.4267	-74.5834
5.25	-75.7337	-76.012	-76.1808	-76.255	-76.2712	-76.2547	-76.22	-76.1754	-76.1251	-76.0714	-76.0153	-75.9573	-75.8978	-75.8368	-75.7743	-75.7103	-75.6448	-75.5776	-75.5088	-75.4381	-75.3657	-75.2913	-75.2149	-75.1364	-75.0557	-74.9728	-74.8878	-74.801	-74.7131	-74.6255	-74.5411	-74.4655	-74.4087	-74.3888	-74.436	-74.5926
5.255	-75.7384	-76.0165	-76.1852	-76.2594	-76.2757	-76.2592	-76.2246	-76.1801	-76.1299	-76.0763	-76.0203	-75.9625	-75.9031	-75.8422	-75.7798	-75.716	-75.6505	-75.5835	-75.5148	-75.4443	-75.372	-75.2978	-75.2216	-75.1432	-75.0628	-74.9801	-74.8953	-74.8088	-74.7211	-74.6338	-74.5497	-74.4743	-74.4178	-74.398	-74.4453	-74.6016
5.26	-75.7432	-76.021	-76.1896	-76.2638	-76.2801	-76.2637	-76.2292	-76.1848	-76.1347	-76.0812	-76.0253	-75.9676	-75.9083	-75.8475	-75.7853	-75.7215	-75.6563	-75.5894	-75.5208	-75.4505	-75.3784	-75.3043	-75.2283	-75.1501	-75.0698	-74.9874	-74.9028	-74.8165	-74.7291	-74.642	-74.5582	-74.4831	-74.4268	-74.4072	-74.4546	-74.6107
5.265	-75.748	-76.0255	-76.194	-76.2682	-76.2845	-76.2682	-76.2338	-76.1895	-76.1395	-76.086	-76.0303	-75.9726	-75.9135	-75.8528	-75.7907	-75.7271	-75.662	-75.5952	-75.5268	-75.4567	-75.3847	-75.3108	-75.2349	-75.157	-75.0769	-74.9947	-74.9103	-74.8242	-74.7371	-74.6502	-74.5667	-74.4919	-74.4358	-74.4164	-74.4638	-74.6197
5.27	-75.7527	-76.03	-76.1984	-76.2726	-76.289	-76.2727	-76.2384	-76.1941	-76.1442	-76.0909	-76.0352	-75.9777	-75.9187	-75.8582	-75.7962	-75.7327	-75.6677	-75.6011	-75.5328	-75.4628	-75.391	-75.3173	-75.2416	-75.1638	-75.0839	-75.0019	-74.9178	-74.8319	-74.745	-74.6585	-74.5752	-74.5006	-74.4448	-74.4256	-74.473	-74.6287
5.275	-75.7575	-76.0345	-76.2028	-76.2769	-76.2934	-76.2771	-76.2429	-76.1988	-76.149	-76.0958	-76.0402	-75.9828	-75.9239	-75.8635	-75.8016	-75.7382	-75.6734	-75.6069	-75.5388	-75.4689	-75.3973	-75.3237	-75.2482	-75.1706	-75.091	-75.0091	-74.9253	-74.8396	-74.7529	-74.6666	-74.5836	-74.5094	-74.4538	-74.4347	-74.4821	-74.6377
5.28	-75.7622	-76.039	-76.2071	-76.2813	-76.2978	-76.2816	-76.2475	-76.2034	-76.1537	-76.1006	-76.0451	-75.9879	-75.929	-75.8688	-75.807	-75.7438	-75.679	-75.6127	-75.5448	-75.4751	-75.4036	-75.3302	-75.2548	-75.1775	-75.098	-75.0163	-74.9327	-74.8473	-74.7608	-74.6748	-74.5921	-74.5181	-74.4627	-74.4438	-74.4913	-74.6466
5.285	-75.767	-76.0435	-76.2115	-76.2856	-76.3022	-76.2861	-76.252	-76.2081	-76.1585	-76.1054	-76.0501	-75.9929	-75.9342	-75.874	-75.8124	-75.7493	-75.6847	-75.6185	-75.5507	-75.4812	-75.4098	-75.3366	-75.2615	-75.1842	-75.1049	-75.0235	-74.9401	-74.8549	-74.7687	-74.6829	-74.6005	-74.5267	-74.4716	-74.4529	-74.5004	-74.6555
5.29	-75.7717	-76.0479	-76.2159	-76.29	-76.3065	-76.2905	-76.2566	-76.2127	-76.1632	-76.1103	-76.055	-75.998	-75.9394	-75.8793	-75.8178	-75.7549	-75.6904	-75.6243	-75.5566	-75.4873	-75.4161	-75.343	-75.268	-75.191	-75.1119	-75.0307	-74.9475	-74.8625	-74.7766	-74.6911	-74.6088	-74.5353	-74.4804	-74.4619	-74.5094	-74.6644
5.295	-75.7764	-76.0524	-76.2202	-76.2943	-76.3109	-76.295	-76.2611	-76.2173	-76.1679	-76.1151	-76.0599	-76.003	-75.9445	-75.8846	-75.8232	-75.7604	-75.696	-75.6301	-75.5626	-75.4933	-75.4223	-75.3494	-75.2746	-75.1978	-75.1189	-75.0379	-74.9549	-74.8701	-74.7844	-74.6991	-74.6172	-74.544	-74.4893	-74.4709	-74.5185	-74.6732
5.3	-75.7812	-76.0568	-76.2245	-76.2986	-76.3153	-76.2994	-76.2656	-76.222	-76.1726	-76.1199	-76.0649	-76.008	-75.9497	-75.8898	-75.8286	-75.7659	-75.7017	-75.6359	-75.5685	-75.4994	-75.4285	-75.3558	-75.2812	-75.2045	-75.1258	-75.045	-74.9622	-74.8777	-74.7922	-74.7072	-74.6255	-74.5525	-74.4981	-74.4799	-74.5275	-74.6821
5.305	-75.7859	-76.0613	-76.2289	-76.303	-76.3196	-76.3039	-76.2702	-76.2266	-76.1773	-76.1247	-76.0698	-76.013	-75.9548	-75.8951	-75.8339	-75.7714	-75.7073	-75.6416	-75.5744	-75.5054	-75.4347	-75.3622	-75.2877	-75.2113	-75.1327	-75.0521	-74.9696	-74.8853	-74.8	-74.7153	-74.6338	-74.5611	-74.5069	-74.4888	-74.5365	-74.6908
5.31	-75.7906	-76.0657	-76.2332	-76.3073	-76.324	-76.3083	-76.2747	-76.2312	-76.182	-76.1295	-76.0747	-76.018	-75.9599	-75.9003	-75.8393	-75.7768	-75.7129	-75.6474	-75.5803	-75.5115	-75.4409	-75.3686	-75.2943	-75.218	-75.1396	-75.0592	-74.9769	-74.8928	-74.8078	-74.7233	-74.6421	-74.5696	-74.5156	-74.4977	-74.5454	-74.6996
5.315	-75.7953	-76.0702	-76.2375	-76.3116	-76.3284	-76.3127	-76.2792	-76.2358	-76.1867	-76.1343	-76.0796	-76.023	-75.965	-75.9055	-75.8446	-75.7823	-75.7185	-75.6531	-75.5862	-75.5175	-75.4471	-75.3749	-75.3008	-75.2247	-75.1465	-75.0663	-74.9842	-74.9003	-74.8156	-74.7313	-74.6504	-74.5781	-74.5244	-74.5066	-74.5543	-74.7083
5.32	-75.8	-76.0746	-76.2418	-76.3159	-76.3327	-76.3171	-76.2837	-76.2403	-76.1914	-76.1391	-76.0844	-76.028	-75.9701	-75.9107	-75.85	-75.7878	-75.7241	-75.6588	-75.592	-75.5235	-75.4533	-75.3812	-75.3073	-75.2313	-75.1534	-75.0734	-74.9914	-74.9078	-74.8233	-74.7393	-74.6586	-74.5866	-74.5331	-74.5155	-74.5632	-74.717
5.325	-75.8046	-76.079	-76.2461	-76.3202	-76.337	-76.3215	-76.2881	-76.2449	-76.1961	-76.1438	-76.0893	-76.033	-75.9752	-75.9159	-75.8553	-75.7932	-75.7296	-75.6646	-75.5979	-75.5295	-75.4594	-75.3875	-75.3138	-75.238	-75.1602	-75.0804	-74.9987	-74.9153	-74.831	-74.7472	-74.6668	-74.5951	-74.5417	-74.5243	-74.5721	-74.7257
5.33	-75.8093	-76.0834	-76.2504	-76.3245	-76.3414	-76.3259	-76.2926	-76.2495	-76.2007	-76.1486	-76.0942	-76.038	-75.9803	-75.9211	-75.8606	-75.7986	-75.7352	-75.6702	-75.6037	-75.5355	-75.4656	-75.3938	-75.3202	-75.2447	-75.1671	-75.0875	-75.0059	-74.9228	-74.8387	-74.7551	-74.675	-74.6035	-74.5504	-74.5331	-74.5809	-74.7343
5.335	-75.814	-76.0878	-76.2547	-76.3287	-76.3457	-76.3303	-76.2971	-76.254	-76.2054	-76.1534	-76.099	-76.0429	-75.9853	-75.9263	-75.8659	-75.8041	-75.7408	-75.6759	-75.6095	-75.5415	-75.4717	-75.4001	-75.3267	-75.2513	-75.1739	-75.0945	-75.0132	-74.9302	-74.8464	-74.7631	-74.6831	-74.6119	-74.559	-74.5419	-74.5897	-74.7429
5.34	-75.8187	-76.0922	-76.259	-76.333	-76.35	-76.3347	-76.3016	-76.2586	-76.21	-76.1581	-76.1039	-76.0479	-75.9904	-75.9315	-75.8712	-75.8095	-75.7463	-75.6816	-75.6153	-75.5474	-75.4778	-75.4064	-75.3331	-75.2579	-75.1807	-75.1015	-75.0204	-74.9376	-74.854	-74.771	-74.6913	-74.6203	-74.5676	-74.5507	-74.5985	-74.7515
5.345	-75.8233	-76.0966	-76.2633	-76.3373	-76.3543	-76.339	-76.306	-76.2631	-76.2147	-76.1628	-76.1087	-76.0528	-75.9954	-75.9367	-75.8765	-75.8149	-75.7518	-75.6873	-75.6211	-75.5534	-75.4839	-75.4127	-75.3395	-75.2645	-75.1875	-75.1085	-75.0275	-74.945	-74.8616	-74.7788	-74.6994	-74.6286	-74.5762	-74.5594	-74.6073	-74.7601
5.35	-75.828	-76.101	-76.2675	-76.3415	-76.3586	-76.3434	-76.3104	-76.2677	-76.2193	-76.1676	-76.1135	-76.0578	-76.0005	-75.9418	-75.8817	-75.8203	-75.7573	-75.6929	-75.6269	-75.5593	-75.49	-75.4189	-75.346	-75.2711	-75.1942	-75.1154	-75.0347	-74.9524	-74.8693	-74.7867	-74.7075	-74.637	-74.5847	-74.5681	-74.616	-74.7686
5.355	-75.8326	-76.1054	-76.2718	-76.3458	-76.3629	-76.3478	-76.3149	-76.2722	-76.2239	-76.1723	-76.1183	-76.0627	-76.0055	-75.9469	-75.887	-75.8256	-75.7628	-75.6986	-75.6327	-75.5652	-75.4961	-75.4251	-75.3523	-75.2776	-75.201	-75.1224	-75.0419	-74.9598	-74.8768	-74.7945	-74.7155	-74.6453	-74.5933	-74.5768	-74.6247	-74.7771
5.36	-75.8372	-76.1098	-76.2761	-76.35	-76.3672	-76.3521	-76.3193	-76.2767	-76.2285	-76.177	-76.1231	-76.0676	-76.0105	-75.9521	-75.8922	-75.831	-75.7683	-75.7042	-75.6385	-75.5711	-75.5021	-75.4313	-75.3587	-75.2842	-75.2077	-75.1293	-75.049	-74.9671	-74.8844	-74.8023	-74.7236	-74.6535	-74.6018	-74.5854	-74.6334	-74.7856
5.365	-75.8419	-76.1141	-76.2803	-76.3543	-76.3714	-76.3565	-76.3237	-76.2812	-76.2331	-76.1817	-76.128	-76.0725	-76.0155	-75.9572	-75.8975	-75.8364	-75.7738	-75.7098	-75.6442	-75.577	-75.5082	-75.4375	-75.3651	-75.2907	-75.2144	-75.1362	-75.0561	-74.9745	-74.892	-74.8101	-74.7316	-74.6618	-74.6102	-74.594	-74.642	-74.794
5.37	-75.8465	-76.1185	-76.2846	-76.3585	-76.3757	-76.3608	-76.3282	-76.2857	-76.2377	-76.1864	-76.1327	-76.0774	-76.0205	-75.9623	-75.9027	-75.8417	-75.7793	-75.7154	-75.65	-75.5829	-75.5142	-75.4437	-75.3714	-75.2973	-75.2212	-75.1431	-75.0632	-74.9818	-74.8995	-74.8178	-74.7396	-74.67	-74.6187	-74.6026	-74.6506	-74.8024
5.375	-75.8511	-76.1228	-76.2888	-76.3627	-76.38	-76.3651	-76.3326	-76.2902	-76.2423	-76.1911	-76.1375	-76.0823	-76.0255	-75.9674	-75.9079	-75.8471	-75.7848	-75.721	-75.6557	-75.5888	-75.5202	-75.4499	-75.3778	-75.3038	-75.2278	-75.15	-75.0703	-74.9891	-74.907	-74.8256	-74.7476	-74.6782	-74.6271	-74.6112	-74.6592	-74.8108
5.38	-75.8557	-76.1272	-76.293	-76.3669	-76.3842	-76.3694	-76.337	-76.2947	-76.2469	-76.1957	-76.1423	-76.0871	-76.0305	-75.9725	-75.9131	-75.8524	-75.7902	-75.7266	-75.6614	-75.5947	-75.5262	-75.4561	-75.3841	-75.3103	-75.2345	-75.1568	-75.0773	-74.9963	-74.9145	-74.8333	-74.7555	-74.6864	-74.6355	-74.6198	-74.6677	-74.8192
5.385	-75.8603	-76.1315	-76.2973	-76.3711	-76.3885	-76.3738	-76.3414	-76.2992	-76.2515	-76.2004	-76.1471	-76.092	-76.0355	-75.9776	-75.9183	-75.8577	-75.7957	-75.7321	-75.6671	-75.6005	-75.5322	-75.4622	-75.3904	-75.3167	-75.2412	-75.1637	-75.0844	-75.0036	-74.922	-74.841	-74.7635	-74.6946	-74.6439	-74.6283	-74.6763	-74.8275
5.39	-75.8649	-76.1359	-76.3015	-76.3753	-76.3927	-76.3781	-76.3457	-76.3037	-76.256	-76.2051	-76.1518	-76.0969	-76.0405	-75.9827	-75.9235	-75.863	-75.8011	-75.7377	-75.6728	-75.6063	-75.5382	-75.4683	-75.3967	-75.3232	-75.2478	-75.1705	-75.0914	-75.0108	-74.9294	-74.8487	-74.7714	-74.7027	-74.6522	-74.6367	-74.6848	-74.8358
5.395	-75.8695	-76.1402	-76.3057	-76.3795	-76.3969	-76.3824	-76.3501	-76.3081	-76.2606	-76.2097	-76.1566	-76.1017	-76.0454	-75.9877	-75.9287	-75.8683	-75.8065	-75.7433	-75.6785	-75.6122	-75.5442	-75.4745	-75.403	-75.3297	-75.2544	-75.1773	-75.0984	-75.018	-74.9368	-74.8563	-74.7793	-74.7108	-74.6605	-74.6452	-74.6933	-74.8441
5.4	-75.8741	-76.1445	-76.3099	-76.3837	-76.4012	-76.3867	-76.3545	-76.3126	-76.2651	-76.2143	-76.1613	-76.1066	-76.0504	-75.9928	-75.9339	-75.8736	-75.8119	-75.7488	-75.6842	-75.618	-75.5501	-75.4806	-75.4092	-75.3361	-75.261	-75.1841	-75.1054	-75.0252	-74.9443	-74.864	-74.7871	-74.7189	-74.6688	-74.6536	-74.7017	-74.8524
5.405	-75.8787	-76.1488	-76.3141	-76.3879	-76.4054	-76.3909	-76.3589	-76.317	-76.2697	-76.219	-76.166	-76.1114	-76.0553	-75.9978	-75.939	-75.8789	-75.8173	-75.7543	-75.6898	-75.6238	-75.5561	-75.4867	-75.4155	-75.3425	-75.2676	-75.1909	-75.1124	-75.0324	-74.9516	-74.8716	-74.795	-74.727	-74.6771	-74.6621	-74.7101	-74.8606
5.41	-75.8833	-76.1531	-76.3183	-76.3921	-76.4096	-76.3952	-76.3632	-76.3215	-76.2742	-76.2236	-76.1708	-76.1162	-76.0602	-76.0029	-75.9442	-75.8841	-75.8227	-75.7598	-75.6955	-75.6295	-75.562	-75.4927	-75.4217	-75.3489	-75.2742	-75.1976	-75.1193	-75.0395	-74.959	-74.8792	-74.8028	-74.7351	-74.6853	-74.6704	-74.7185	-74.8688
5.415	-75.8878	-76.1574	-76.3225	-76.3962	-76.4138	-76.3995	-76.3676	-76.3259	-76.2787	-76.2282	-76.1755	-76.121	-76.0651	-76.0079	-75.9493	-75.8894	-75.8281	-75.7653	-75.7011	-75.6353	-75.5679	-75.4988	-75.428	-75.3553	-75.2808	-75.2044	-75.1263	-75.0467	-74.9664	-74.8867	-74.8106	-74.7431	-74.6936	-74.6788	-74.7269	-74.877
5.42	-75.8924	-76.1617	-76.3266	-76.4004	-76.418	-76.4038	-76.3719	-76.3303	-76.2832	-76.2328	-76.1802	-76.1258	-76.07	-76.0129	-75.9544	-75.8946	-75.8334	-75.7708	-75.7067	-75.6411	-75.5738	-75.5049	-75.4342	-75.3617	-75.2873	-75.2111	-75.1332	-75.0538	-74.9737	-74.8943	-74.8184	-74.7511	-74.7018	-74.6871	-74.7352	-74.8852
5.425	-75.897	-76.166	-76.3308	-76.4046	-76.4222	-76.408	-76.3762	-76.3348	-76.2878	-76.2374	-76.1849	-76.1306	-76.0749	-76.0179	-75.9596	-75.8999	-75.8388	-75.7763	-75.7123	-75.6468	-75.5797	-75.5109	-75.4404	-75.368	-75.2939	-75.2178	-75.1401	-75.0609	-74.981	-74.9018	-74.8261	-74.7591	-74.7099	-74.6954	-74.7436	-74.8933
5.43	-75.9015	-76.1703	-76.335	-76.4087	-76.4264	-76.4123	-76.3806	-76.3392	-76.2923	-76.242	-76.1896	-76.1354	-76.0798	-76.0229	-75.9647	-75.9051	-75.8441	-75.7818	-75.7179	-75.6525	-75.5856	-75.5169	-75.4465	-75.3744	-75.3004	-75.2245	-75.147	-75.068	-74.9883	-74.9093	-74.8339	-74.767	-74.7181	-74.7037	-74.7519	-74.9014
5.435	-75.9061	-76.1746	-76.3391	-76.4128	-76.4306	-76.4165	-76.3849	-76.3436	-76.2967	-76.2466	-76.1942	-76.1402	-76.0847	-76.0279	-75.9698	-75.9103	-75.8495	-75.7872	-75.7235	-75.6583	-75.5914	-75.5229	-75.4527	-75.3807	-75.3069	-75.2312	-75.1538	-75.0751	-74.9956	-74.9168	-74.8416	-74.7749	-74.7262	-74.712	-74.7601	-74.9095
5.44	-75.9106	-76.1789	-76.3433	-76.417	-76.4347	-76.4207	-76.3892	-76.348	-76.3012	-76.2512	-76.1989	-76.145	-76.0896	-76.0329	-75.9749	-75.9155	-75.8548	-75.7927	-75.7291	-75.664	-75.5973	-75.5289	-75.4589	-75.387	-75.3134	-75.2379	-75.1607	-75.0821	-75.0028	-74.9243	-74.8493	-74.7829	-74.7343	-74.7202	-74.7684	-74.9175
5.445	-75.9151	-76.1831	-76.3474	-76.4211	-76.4389	-76.425	-76.3935	-76.3523	-76.3057	-76.2557	-76.2036	-76.1497	-76.0944	-76.0378	-75.9799	-75.9207	-75.8601	-75.7981	-75.7347	-75.6697	-75.6031	-75.5349	-75.465	-75.3933	-75.3198	-75.2445	-75.1675	-75.0891	-75.0101	-74.9318	-74.857	-74.7907	-74.7424	-74.7284	-74.7766	-74.9256
5.45	-75.9196	-76.1874	-76.3516	-76.4252	-76.4431	-76.4292	-76.3978	-76.3567	-76.3102	-76.2603	-76.2082	-76.1545	-76.0993	-76.0428	-75.985	-75.9259	-75.8654	-75.8035	-75.7402	-75.6754	-75.609	-75.5409	-75.4711	-75.3996	-75.3263	-75.2512	-75.1743	-75.0962	-75.0173	-74.9392	-74.8646	-74.7986	-74.7505	-74.7366	-74.7848	-74.9336
5.455	-75.9241	-76.1916	-76.3557	-76.4294	-76.4472	-76.4334	-76.4021	-76.3611	-76.3146	-76.2649	-76.2129	-76.1592	-76.1041	-76.0478	-75.9901	-75.9311	-75.8707	-75.8089	-75.7458	-75.681	-75.6148	-75.5469	-75.4772	-75.4059	-75.3327	-75.2578	-75.1812	-75.1032	-75.0245	-74.9466	-74.8722	-74.8065	-74.7585	-74.7448	-74.793	-74.9415
5.46	-75.9287	-76.1959	-76.3598	-76.4335	-76.4514	-76.4376	-76.4064	-76.3655	-76.3191	-76.2694	-76.2175	-76.164	-76.109	-76.0527	-75.9951	-75.9362	-75.876	-75.8144	-75.7513	-75.6867	-75.6206	-75.5528	-75.4834	-75.4121	-75.3391	-75.2644	-75.1879	-75.1101	-75.0317	-74.954	-74.8799	-74.8143	-74.7665	-74.7529	-74.8011	-74.9495
5.465	-75.9332	-76.2001	-76.364	-76.4376	-76.4555	-76.4418	-76.4107	-76.3698	-76.3235	-76.2739	-76.2221	-76.1687	-76.1138	-76.0576	-76.0001	-75.9414	-75.8812	-75.8197	-75.7568	-75.6924	-75.6264	-75.5587	-75.4894	-75.4184	-75.3456	-75.271	-75.1947	-75.1171	-75.0389	-74.9614	-74.8875	-74.8221	-74.7745	-74.761	-74.8092	-74.9574
5.47	-75.9377	-76.2043	-76.3681	-76.4417	-76.4596	-76.446	-76.4149	-76.3742	-76.328	-76.2785	-76.2268	-76.1734	-76.1186	-76.0625	-76.0052	-75.9465	-75.8865	-75.8251	-75.7623	-75.698	-75.6321	-75.5647	-75.4955	-75.4246	-75.352	-75.2775	-75.2015	-75.1241	-75.046	-74.9688	-74.895	-74.8299	-74.7825	-74.7691	-74.8173	-74.9653
5.475	-75.9422	-76.2086	-76.3722	-76.4458	-76.4638	-76.4502	-76.4192	-76.3785	-76.3324	-76.283	-76.2314	-76.1781	-76.1234	-76.0675	-76.0102	-75.9516	-75.8918	-75.8305	-75.7678	-75.7036	-75.6379	-75.5706	-75.5016	-75.4308	-75.3583	-75.2841	-75.2082	-75.131	-75.0531	-74.9761	-74.9026	-74.8376	-74.7904	-74.7772	-74.8254	-74.9732
5.48	-75.9466	-76.2128	-76.3763	-76.4498	-76.4679	-76.4544	-76.4234	-76.3829	-76.3368	-76.2875	-76.236	-76.1828	-76.1282	-76.0724	-76.0152	-75.9568	-75.897	-75.8359	-75.7733	-75.7092	-75.6437	-75.5765	-75.5076	-75.437	-75.3647	-75.2906	-75.2149	-75.1379	-75.0602	-74.9834	-74.9101	-74.8454	-74.7983	-74.7853	-74.8335	-74.9811
5.485	-75.9511	-76.217	-76.3804	-76.4539	-76.472	-76.4585	-76.4277	-76.3872	-76.3412	-76.292	-76.2406	-76.1875	-76.133	-76.0773	-76.0202	-75.9619	-75.9022	-75.8412	-75.7788	-75.7149	-75.6494	-75.5824	-75.5136	-75.4432	-75.3711	-75.2972	-75.2216	-75.1448	-75.0673	-74.9907	-74.9176	-74.8531	-74.8062	-74.7933	-74.8415	-74.9889
5.49	-75.9556	-76.2212	-76.3845	-76.458	-76.4761	-76.4627	-76.4319	-76.3915	-76.3456	-76.2965	-76.2452	-76.1922	-76.1378	-76.0821	-76.0252	-75.967	-75.9074	-75.8465	-75.7842	-75.7204	-75.6551	-75.5882	-75.5197	-75.4494	-75.3774	-75.3037	-75.2283	-75.1517	-75.0744	-74.998	-74.9251	-74.8608	-74.8141	-74.8013	-74.8495	-74.9967
5.495	-75.9601	-76.2254	-76.3886	-76.4621	-76.4802	-76.4669	-76.4362	-76.3958	-76.35	-76.301	-76.2497	-76.1969	-76.1426	-76.087	-76.0302	-75.9721	-75.9127	-75.8519	-75.7897	-75.726	-75.6609	-75.5941	-75.5257	-75.4556	-75.3837	-75.3102	-75.235	-75.1585	-75.0815	-75.0052	-74.9326	-74.8685	-74.822	-74.8092	-74.8575	-75.0045
5.5	-75.9645	-76.2296	-76.3926	-76.4661	-76.4843	-76.471	-76.4404	-76.4001	-76.3544	-76.3055	-76.2543	-76.2015	-76.1474	-76.0919	-76.0352	-75.9772	-75.9179	-75.8572	-75.7951	-75.7316	-75.6666	-75.5999	-75.5317	-75.4617	-75.39	-75.3166	-75.2416	-75.1654	-75.0885	-75.0125	-74.94	-74.8761	-74.8298	-74.8172	-74.8654	-75.0123
5.505	-75.969	-76.2338	-76.3967	-76.4702	-76.4884	-76.4752	-76.4446	-76.4044	-76.3588	-76.3099	-76.2589	-76.2062	-76.1521	-76.0967	-76.0401	-75.9822	-75.923	-75.8625	-75.8006	-75.7372	-75.6722	-75.6058	-75.5377	-75.4678	-75.3963	-75.3231	-75.2483	-75.1722	-75.0955	-75.0197	-74.9475	-74.8837	-74.8376	-74.8251	-74.8733	-75.02
5.51	-75.9734	-76.238	-76.4008	-76.4742	-76.4924	-76.4793	-76.4488	-76.4087	-76.3632	-76.3144	-76.2634	-76.2108	-76.1569	-76.1016	-76.0451	-75.9873	-75.9282	-75.8678	-75.806	-75.7427	-75.6779	-75.6116	-75.5436	-75.474	-75.4026	-75.3296	-75.2549	-75.179	-75.1025	-75.0269	-74.9549	-74.8914	-74.8454	-74.833	-74.8813	-75.0277
5.515	-75.9779	-76.2421	-76.4048	-76.4782	-76.4965	-76.4834	-76.453	-76.413	-76.3676	-76.3189	-76.268	-76.2155	-76.1616	-76.1064	-76.05	-75.9924	-75.9334	-75.8731	-75.8114	-75.7482	-75.6836	-75.6174	-75.5496	-75.4801	-75.4089	-75.336	-75.2615	-75.1858	-75.1095	-75.0341	-74.9623	-74.8989	-74.8532	-74.8409	-74.8891	-75.0354
5.52	-75.9823	-76.2463	-76.4089	-76.4823	-76.5006	-76.4876	-76.4572	-76.4173	-76.3719	-76.3233	-76.2725	-76.2201	-76.1663	-76.1113	-76.055	-75.9974	-75.9385	-75.8784	-75.8168	-75.7538	-75.6893	-75.6232	-75.5555	-75.4862	-75.4151	-75.3424	-75.2681	-75.1926	-75.1165	-75.0413	-74.9696	-74.9065	-74.8609	-74.8488	-74.897	-75.0431
5.525	-75.9867	-76.2505	-76.4129	-76.4863	-76.5046	-76.4917	-76.4614	-76.4216	-76.3763	-76.3278	-76.2771	-76.2247	-76.1711	-76.1161	-76.0599	-76.0024	-75.9437	-75.8836	-75.8222	-75.7593	-75.6949	-75.629	-75.5614	-75.4923	-75.4214	-75.3488	-75.2747	-75.1993	-75.1235	-75.0484	-74.977	-74.9141	-74.8686	-74.8566	-74.9048	-75.0508
5.53	-75.9911	-76.2546	-76.417	-76.4903	-76.5087	-76.4958	-76.4656	-76.4258	-76.3806	-76.3322	-76.2816	-76.2294	-76.1758	-76.1209	-76.0648	-76.0075	-75.9488	-75.8889	-75.8275	-75.7648	-75.7005	-75.6348	-75.5674	-75.4983	-75.4276	-75.3552	-75.2813	-75.2061	-75.1304	-75.0556	-74.9843	-74.9216	-74.8763	-74.8644	-74.9127	-75.0584
5.535	-75.9956	-76.2588	-76.421	-76.4943	-76.5127	-76.4999	-76.4698	-76.4301	-76.385	-76.3366	-76.2861	-76.234	-76.1805	-76.1257	-76.0697	-76.0125	-75.954	-75.8941	-75.8329	-75.7703	-75.7062	-75.6405	-75.5733	-75.5044	-75.4338	-75.3616	-75.2878	-75.2128	-75.1373	-75.0627	-74.9917	-74.9291	-74.884	-74.8722	-74.9205	-75.066
5.54	-76	-76.2629	-76.425	-76.4983	-76.5168	-76.504	-76.4739	-76.4343	-76.3893	-76.341	-76.2906	-76.2386	-76.1852	-76.1305	-76.0746	-76.0175	-75.9591	-75.8994	-75.8383	-75.7758	-75.7118	-75.6463	-75.5792	-75.5104	-75.44	-75.3679	-75.2943	-75.2195	-75.1442	-75.0698	-74.9989	-74.9366	-74.8917	-74.88	-74.9282	-75.0736
5.545	-76.0044	-76.2671	-76.429	-76.5023	-76.5208	-76.5081	-76.4781	-76.4386	-76.3936	-76.3454	-76.2951	-76.2432	-76.1899	-76.1353	-76.0795	-76.0225	-75.9642	-75.9046	-75.8436	-75.7812	-75.7174	-75.652	-75.585	-75.5164	-75.4462	-75.3743	-75.3009	-75.2262	-75.1511	-75.0769	-75.0062	-74.9441	-74.8993	-74.8878	-74.936	-75.0811
5.55	-76.0088	-76.2712	-76.4331	-76.5063	-76.5248	-76.5122	-76.4823	-76.4428	-76.3979	-76.3498	-76.2996	-76.2477	-76.1945	-76.1401	-76.0844	-76.0275	-75.9693	-75.9098	-75.8489	-75.7867	-75.723	-75.6577	-75.5909	-75.5225	-75.4524	-75.3806	-75.3074	-75.2329	-75.158	-75.0839	-75.0135	-74.9515	-74.9069	-74.8955	-74.9437	-75.0887
5.555	-76.0132	-76.2753	-76.4371	-76.5103	-76.5289	-76.5163	-76.4864	-76.447	-76.4023	-76.3542	-76.3041	-76.2523	-76.1992	-76.1449	-76.0893	-76.0325	-75.9744	-75.915	-75.8543	-75.7921	-75.7285	-75.6634	-75.5968	-75.5285	-75.4585	-75.3869	-75.3139	-75.2396	-75.1648	-75.091	-75.0207	-74.959	-74.9145	-74.9032	-74.9514	-75.0962
5.56	-76.0176	-76.2795	-76.4411	-76.5143	-76.5329	-76.5203	-76.4906	-76.4513	-76.4066	-76.3586	-76.3086	-76.2569	-76.2039	-76.1496	-76.0941	-76.0374	-75.9795	-75.9202	-75.8596	-75.7976	-75.7341	-75.6691	-75.6026	-75.5344	-75.4647	-75.3932	-75.3203	-75.2462	-75.1717	-75.098	-75.028	-74.9664	-74.9221	-74.9109	-74.9591	-75.1037
5.565	-76.0219	-76.2836	-76.4451	-76.5183	-76.5369	-76.5244	-76.4947	-76.4555	-76.4109	-76.363	-76.313	-76.2615	-76.2085	-76.1544	-76.099	-76.0424	-75.9845	-75.9254	-75.8649	-75.803	-75.7397	-75.6748	-75.6084	-75.5404	-75.4708	-75.3995	-75.3268	-75.2529	-75.1785	-75.105	-75.0352	-74.9738	-74.9297	-74.9186	-74.9668	-75.1112
5.57	-76.0263	-76.2877	-76.4491	-76.5223	-76.5409	-76.5285	-76.4988	-76.4597	-76.4151	-76.3674	-76.3175	-76.266	-76.2132	-76.1591	-76.1038	-76.0473	-75.9896	-75.9305	-75.8702	-75.8084	-75.7452	-75.6805	-75.6142	-75.5464	-75.4769	-75.4058	-75.3332	-75.2595	-75.1853	-75.112	-75.0423	-74.9811	-74.9372	-74.9262	-74.9744	-75.1186
5.575	-76.0307	-76.2918	-76.4531	-76.5262	-76.5449	-76.5325	-76.5029	-76.4639	-76.4194	-76.3718	-76.322	-76.2706	-76.2178	-76.1638	-76.1087	-76.0523	-75.9946	-75.9357	-75.8755	-75.8138	-75.7507	-75.6862	-75.62	-75.5523	-75.483	-75.4121	-75.3397	-75.2661	-75.1921	-75.119	-75.0495	-74.9885	-74.9447	-74.9338	-74.982	-75.1261
5.58	-76.035	-76.2959	-76.457	-76.5302	-76.5489	-76.5366	-76.5071	-76.4681	-76.4237	-76.3761	-76.3264	-76.2751	-76.2225	-76.1686	-76.1135	-76.0572	-75.9997	-75.9409	-75.8807	-75.8192	-75.7563	-75.6918	-75.6258	-75.5583	-75.4891	-75.4183	-75.3461	-75.2727	-75.1988	-75.1259	-75.0567	-74.9958	-74.9522	-74.9414	-74.9896	-75.1335
5.585	-76.0394	-76.3	-76.461	-76.5341	-76.5529	-76.5406	-76.5112	-76.4723	-76.428	-76.3805	-76.3308	-76.2796	-76.2271	-76.1733	-76.1183	-76.0621	-76.0047	-75.946	-75.886	-75.8246	-75.7618	-75.6975	-75.6316	-75.5642	-75.4952	-75.4245	-75.3525	-75.2792	-75.2056	-75.1329	-75.0638	-75.0032	-74.9597	-74.949	-74.9972	-75.1409
5.59	-76.0438	-76.3041	-76.465	-76.5381	-76.5568	-76.5446	-76.5153	-76.4764	-76.4322	-76.3848	-76.3353	-76.2841	-76.2317	-76.178	-76.1231	-76.067	-76.0097	-75.9511	-75.8912	-75.83	-75.7673	-75.7031	-75.6374	-75.5701	-75.5012	-75.4308	-75.3588	-75.2858	-75.2123	-75.1398	-75.0709	-75.0105	-74.9672	-74.9566	-75.0047	-75.1482
5.595	-76.0481	-76.3082	-76.4689	-76.542	-76.5608	-76.5487	-76.5194	-76.4806	-76.4365	-76.3891	-76.3397	-76.2887	-76.2363	-76.1827	-76.1279	-76.072	-76.0147	-75.9563	-75.8965	-75.8353	-75.7728	-75.7087	-75.6431	-75.576	-75.5073	-75.437	-75.3652	-75.2923	-75.219	-75.1467	-75.078	-75.0177	-74.9746	-74.9641	-75.0123	-75.1556
5.6	-76.0524	-76.3122	-76.4729	-76.546	-76.5648	-76.5527	-76.5235	-76.4848	-76.4407	-76.3935	-76.3441	-76.2932	-76.2409	-76.1874	-76.1327	-76.0769	-76.0198	-75.9614	-75.9017	-75.8407	-75.7782	-75.7143	-75.6489	-75.5819	-75.5133	-75.4432	-75.3716	-75.2989	-75.2257	-75.1536	-75.0851	-75.025	-74.982	-74.9716	-75.0198	-75.1629
5.605	-76.0568	-76.3163	-76.4768	-76.5499	-76.5687	-76.5567	-76.5275	-76.4889	-76.445	-76.3978	-76.3485	-76.2977	-76.2455	-76.1921	-76.1375	-76.0817	-76.0247	-75.9665	-75.9069	-75.846	-75.7837	-75.7199	-75.6546	-75.5878	-75.5193	-75.4493	-75.3779	-75.3054	-75.2324	-75.1605	-75.0921	-75.0322	-74.9894	-74.9791	-75.0273	-75.1702
5.61	-76.0611	-76.3204	-76.4808	-76.5538	-76.5727	-76.5607	-76.5316	-76.4931	-76.4492	-76.4021	-76.3529	-76.3021	-76.2501	-76.1968	-76.1423	-76.0866	-76.0297	-75.9716	-75.9121	-75.8513	-75.7891	-75.7255	-75.6603	-75.5936	-75.5253	-75.4555	-75.3842	-75.3119	-75.2391	-75.1673	-75.0992	-75.0395	-74.9968	-74.9866	-75.0348	-75.1775
5.615	-76.0654	-76.3244	-76.4847	-76.5577	-76.5766	-76.5647	-76.5357	-76.4972	-76.4534	-76.4064	-76.3573	-76.3066	-76.2546	-76.2014	-76.1471	-76.0915	-76.0347	-75.9767	-75.9173	-75.8567	-75.7946	-75.7311	-75.666	-75.5995	-75.5313	-75.4616	-75.3905	-75.3184	-75.2458	-75.1742	-75.1062	-75.0467	-75.0042	-74.9941	-75.0422	-75.1848
5.62	-76.0697	-76.3285	-76.4887	-76.5616	-76.5806	-76.5687	-76.5397	-76.5014	-76.4576	-76.4107	-76.3617	-76.3111	-76.2592	-76.2061	-76.1518	-76.0963	-76.0397	-75.9817	-75.9225	-75.862	-75.8	-75.7366	-75.6717	-75.6053	-75.5373	-75.4678	-75.3968	-75.3248	-75.2524	-75.181	-75.1132	-75.0538	-75.0115	-75.0015	-75.0496	-75.192
5.625	-76.074	-76.3325	-76.4926	-76.5655	-76.5845	-76.5727	-76.5438	-76.5055	-76.4619	-76.415	-76.3661	-76.3156	-76.2638	-76.2107	-76.1566	-76.1012	-76.0446	-75.9868	-75.9277	-75.8673	-75.8054	-75.7422	-75.6774	-75.6111	-75.5433	-75.4739	-75.4031	-75.3313	-75.259	-75.1878	-75.1202	-75.061	-75.0188	-75.0089	-75.057	-75.1992
5.63	-76.0783	-76.3366	-76.4965	-76.5694	-76.5884	-76.5767	-76.5479	-76.5096	-76.4661	-76.4193	-76.3704	-76.32	-76.2683	-76.2154	-76.1613	-76.106	-76.0496	-75.9919	-75.9329	-75.8726	-75.8109	-75.7477	-75.6831	-75.6169	-75.5492	-75.48	-75.4094	-75.3377	-75.2656	-75.1946	-75.1272	-75.0682	-75.0261	-75.0163	-75.0644	-75.2064
5.635	-76.0826	-76.3406	-76.5004	-76.5733	-76.5923	-76.5806	-76.5519	-76.5137	-76.4703	-76.4236	-76.3748	-76.3245	-76.2729	-76.22	-76.166	-76.1109	-76.0545	-75.9969	-75.938	-75.8778	-75.8162	-75.7532	-75.6887	-75.6227	-75.5552	-75.4861	-75.4156	-75.3441	-75.2722	-75.2014	-75.1341	-75.0753	-75.0334	-75.0237	-75.0718	-75.2136
5.64	-76.0869	-76.3446	-76.5043	-76.5772	-76.5963	-76.5846	-76.5559	-76.5178	-76.4744	-76.4278	-76.3792	-76.3289	-76.2774	-76.2247	-76.1708	-76.1157	-76.0594	-76.002	-75.9432	-75.8831	-75.8216	-75.7588	-75.6944	-75.6285	-75.5611	-75.4922	-75.4219	-75.3505	-75.2788	-75.2081	-75.1411	-75.0824	-75.0407	-75.0311	-75.0791	-75.2208
5.645	-76.0912	-76.3487	-76.5082	-76.5811	-76.6002	-76.5886	-76.56	-76.5219	-76.4786	-76.4321	-76.3835	-76.3334	-76.2819	-76.2293	-76.1755	-76.1205	-76.0644	-76.007	-75.9483	-75.8884	-75.827	-75.7643	-75.7	-75.6343	-75.567	-75.4983	-75.4281	-75.3569	-75.2854	-75.2149	-75.148	-75.0895	-75.0479	-75.0384	-75.0865	-75.2279
5.65	-76.0955	-76.3527	-76.5121	-76.585	-76.6041	-76.5925	-76.564	-76.5261	-76.4828	-76.4364	-76.3878	-76.3378	-76.2864	-76.2339	-76.1802	-76.1253	-76.0693	-76.012	-75.9535	-75.8936	-75.8324	-75.7698	-75.7057	-75.6401	-75.5729	-75.5043	-75.4343	-75.3633	-75.2919	-75.2216	-75.1549	-75.0966	-75.0551	-75.0457	-75.0938	-75.235
5.655	-76.0998	-76.3567	-76.516	-76.5888	-76.608	-76.5965	-76.568	-76.5301	-76.487	-76.4406	-76.3922	-76.3422	-76.2909	-76.2385	-76.1849	-76.1301	-76.0742	-76.017	-75.9586	-75.8988	-75.8377	-75.7752	-75.7113	-75.6458	-75.5788	-75.5104	-75.4405	-75.3697	-75.2985	-75.2283	-75.1618	-75.1036	-75.0623	-75.053	-75.1011	-75.2421
5.66	-76.104	-76.3607	-76.5199	-76.5927	-76.6119	-76.6004	-76.572	-76.5342	-76.4911	-76.4449	-76.3965	-76.3466	-76.2954	-76.2431	-76.1896	-76.1349	-76.0791	-76.022	-75.9637	-75.9041	-75.8431	-75.7807	-75.7169	-75.6515	-75.5847	-75.5164	-75.4467	-75.376	-75.305	-75.235	-75.1686	-75.1107	-75.0695	-75.0603	-75.1083	-75.2492
5.665	-76.1083	-76.3647	-76.5238	-76.5965	-76.6157	-76.6044	-76.576	-76.5383	-76.4953	-76.4491	-76.4008	-76.351	-76.2999	-76.2477	-76.1943	-76.1397	-76.0839	-76.027	-75.9688	-75.9093	-75.8484	-75.7862	-75.7225	-75.6573	-75.5906	-75.5224	-75.4529	-75.3823	-75.3115	-75.2417	-75.1755	-75.1177	-75.0767	-75.0676	-75.1156	-75.2563
5.67	-76.1126	-76.3687	-76.5277	-76.6004	-76.6196	-76.6083	-76.58	-76.5424	-76.4994	-76.4533	-76.4051	-76.3554	-76.3044	-76.2522	-76.1989	-76.1445	-76.0888	-76.032	-75.9739	-75.9145	-75.8537	-75.7916	-75.728	-75.663	-75.5964	-75.5284	-75.459	-75.3887	-75.318	-75.2483	-75.1823	-75.1247	-75.0839	-75.0748	-75.1228	-75.2634
5.675	-76.1168	-76.3727	-76.5315	-76.6042	-76.6235	-76.6122	-76.584	-76.5464	-76.5036	-76.4575	-76.4094	-76.3598	-76.3089	-76.2568	-76.2036	-76.1492	-76.0937	-76.0369	-75.979	-75.9197	-75.8591	-75.7971	-75.7336	-75.6687	-75.6023	-75.5344	-75.4652	-75.395	-75.3244	-75.255	-75.1891	-75.1317	-75.091	-75.0821	-75.13	-75.2704
5.68	-76.1211	-76.3767	-76.5354	-76.6081	-76.6274	-76.6161	-76.588	-76.5505	-76.5077	-76.4618	-76.4137	-76.3642	-76.3134	-76.2614	-76.2082	-76.154	-76.0985	-76.0419	-75.984	-75.9249	-75.8644	-75.8025	-75.7392	-75.6744	-75.6081	-75.5404	-75.4713	-75.4013	-75.3309	-75.2616	-75.196	-75.1387	-75.0981	-75.0893	-75.1372	-75.2774
5.685	-76.1253	-76.3806	-76.5393	-76.6119	-76.6312	-76.62	-76.592	-76.5546	-76.5118	-76.466	-76.418	-76.3686	-76.3178	-76.2659	-76.2129	-76.1587	-76.1034	-76.0469	-75.9891	-75.93	-75.8697	-75.8079	-75.7447	-75.68	-75.6139	-75.5463	-75.4774	-75.4075	-75.3373	-75.2682	-75.2027	-75.1456	-75.1052	-75.0965	-75.1444	-75.2844
5.69	-76.1295	-76.3846	-76.5431	-76.6157	-76.6351	-76.624	-76.5959	-76.5586	-76.516	-76.4702	-76.4223	-76.3729	-76.3223	-76.2705	-76.2175	-76.1635	-76.1082	-76.0518	-75.9941	-75.9352	-75.8749	-75.8133	-75.7502	-75.6857	-75.6197	-75.5523	-75.4835	-75.4138	-75.3438	-75.2748	-75.2095	-75.1525	-75.1123	-75.1036	-75.1515	-75.2913
5.695	-76.1338	-76.3886	-76.547	-76.6196	-76.6389	-76.6279	-76.5999	-76.5626	-76.5201	-76.4744	-76.4266	-76.3773	-76.3267	-76.275	-76.2222	-76.1682	-76.1131	-76.0567	-75.9992	-75.9404	-75.8802	-75.8187	-75.7558	-75.6914	-75.6255	-75.5582	-75.4896	-75.42	-75.3502	-75.2814	-75.2163	-75.1595	-75.1193	-75.1108	-75.1587	-75.2983
5.7	-76.138	-76.3925	-76.5508	-76.6234	-76.6428	-76.6318	-76.6039	-76.5667	-76.5242	-76.4785	-76.4309	-76.3817	-76.3312	-76.2795	-76.2268	-76.1729	-76.1179	-76.0617	-76.0042	-75.9455	-75.8855	-75.8241	-75.7613	-75.697	-75.6313	-75.5641	-75.4957	-75.4263	-75.3566	-75.2879	-75.223	-75.1664	-75.1264	-75.1179	-75.1658	-75.3052
5.705	-76.1422	-76.3965	-76.5546	-76.6272	-76.6466	-76.6356	-76.6078	-76.5707	-76.5283	-76.4827	-76.4351	-76.386	-76.3356	-76.2841	-76.2314	-76.1776	-76.1227	-76.0666	-76.0092	-75.9506	-75.8907	-75.8294	-75.7668	-75.7026	-75.6371	-75.5701	-75.5018	-75.4325	-75.3629	-75.2945	-75.2297	-75.1732	-75.1334	-75.125	-75.1729	-75.3121
5.71	-76.1464	-76.4004	-76.5585	-76.631	-76.6504	-76.6395	-76.6118	-76.5747	-76.5324	-76.4869	-76.4394	-76.3903	-76.34	-76.2886	-76.236	-76.1823	-76.1275	-76.0715	-76.0143	-75.9558	-75.896	-75.8348	-75.7723	-75.7083	-75.6428	-75.576	-75.5078	-75.4387	-75.3693	-75.301	-75.2364	-75.1801	-75.1404	-75.1321	-75.18	-75.319
5.715	-76.1506	-76.4044	-76.5623	-76.6348	-76.6543	-76.6434	-76.6157	-76.5787	-76.5365	-76.4911	-76.4436	-76.3947	-76.3445	-76.2931	-76.2406	-76.187	-76.1323	-76.0764	-76.0193	-75.9609	-75.9012	-75.8402	-75.7777	-75.7139	-75.6486	-75.5818	-75.5138	-75.4449	-75.3757	-75.3076	-75.2431	-75.187	-75.1474	-75.1392	-75.187	-75.3259
5.72	-76.1548	-76.4083	-76.5661	-76.6386	-76.6581	-76.6473	-76.6197	-76.5827	-76.5405	-76.4952	-76.4479	-76.399	-76.3489	-76.2976	-76.2452	-76.1917	-76.1371	-76.0813	-76.0243	-75.966	-75.9064	-75.8455	-75.7832	-75.7195	-75.6543	-75.5877	-75.5199	-75.4511	-75.382	-75.3141	-75.2498	-75.1938	-75.1544	-75.1462	-75.1941	-75.3328
5.725	-76.159	-76.4123	-76.5699	-76.6424	-76.6619	-76.6511	-76.6236	-76.5867	-76.5446	-76.4994	-76.4521	-76.4033	-76.3533	-76.3021	-76.2498	-76.1964	-76.1418	-76.0861	-76.0292	-75.9711	-75.9116	-75.8508	-75.7887	-75.7251	-75.66	-75.5936	-75.5259	-75.4572	-75.3883	-75.3206	-75.2564	-75.2006	-75.1613	-75.1533	-75.2011	-75.3396
5.73	-76.1632	-76.4162	-76.5737	-76.6462	-76.6657	-76.655	-76.6275	-76.5907	-76.5487	-76.5035	-76.4563	-76.4076	-76.3577	-76.3066	-76.2544	-76.201	-76.1466	-76.091	-76.0342	-75.9762	-75.9168	-75.8561	-75.7941	-75.7306	-75.6657	-75.5994	-75.5319	-75.4634	-75.3946	-75.327	-75.2631	-75.2074	-75.1683	-75.1603	-75.2081	-75.3464
5.735	-76.1674	-76.4201	-76.5775	-76.6499	-76.6695	-76.6589	-76.6314	-76.5947	-76.5527	-76.5077	-76.4605	-76.4119	-76.362	-76.311	-76.2589	-76.2057	-76.1514	-76.0959	-76.0392	-75.9812	-75.922	-75.8615	-75.7995	-75.7362	-75.6714	-75.6053	-75.5378	-75.4695	-75.4009	-75.3335	-75.2697	-75.2142	-75.1752	-75.1673	-75.2151	-75.3532
5.74	-76.1716	-76.424	-76.5813	-76.6537	-76.6733	-76.6627	-76.6353	-76.5987	-76.5568	-76.5118	-76.4647	-76.4162	-76.3664	-76.3155	-76.2635	-76.2104	-76.1561	-76.1007	-76.0441	-75.9863	-75.9272	-75.8668	-75.8049	-75.7417	-75.6771	-75.6111	-75.5438	-75.4756	-75.4072	-75.3399	-75.2763	-75.221	-75.1821	-75.1743	-75.222	-75.36
5.745	-76.1758	-76.4279	-76.5851	-76.6575	-76.6771	-76.6665	-76.6392	-76.6027	-76.5608	-76.5159	-76.4689	-76.4205	-76.3708	-76.32	-76.268	-76.215	-76.1609	-76.1056	-76.0491	-75.9914	-75.9324	-75.872	-75.8104	-75.7473	-75.6828	-75.6169	-75.5498	-75.4817	-75.4135	-75.3464	-75.2829	-75.2277	-75.189	-75.1813	-75.229	-75.3668
5.75	-76.1799	-76.4318	-76.5889	-76.6612	-76.6809	-76.6704	-76.6431	-76.6066	-76.5649	-76.52	-76.4732	-76.4248	-76.3752	-76.3244	-76.2726	-76.2196	-76.1656	-76.1104	-76.054	-75.9964	-75.9375	-75.8773	-75.8158	-75.7528	-75.6884	-75.6227	-75.5557	-75.4878	-75.4197	-75.3528	-75.2895	-75.2345	-75.1959	-75.1882	-75.2359	-75.3736
5.755	-76.1841	-76.4357	-76.5927	-76.665	-76.6846	-76.6742	-76.647	-76.6106	-76.5689	-76.5241	-76.4773	-76.429	-76.3795	-76.3289	-76.2771	-76.2243	-76.1703	-76.1152	-76.059	-76.0014	-75.9427	-75.8826	-75.8212	-75.7583	-75.6941	-75.6285	-75.5617	-75.4939	-75.426	-75.3592	-75.2961	-75.2412	-75.2027	-75.1951	-75.2428	-75.3803
5.76	-76.1883	-76.4396	-76.5965	-76.6687	-76.6884	-76.678	-76.6509	-76.6145	-76.573	-76.5283	-76.4815	-76.4333	-76.3839	-76.3333	-76.2816	-76.2289	-76.175	-76.12	-76.0639	-76.0065	-75.9478	-75.8878	-75.8265	-75.7638	-75.6997	-75.6343	-75.5676	-75.5	-75.4322	-75.3656	-75.3026	-75.2479	-75.2095	-75.2021	-75.2497	-75.387
5.765	-76.1924	-76.4435	-76.6002	-76.6725	-76.6922	-76.6818	-76.6548	-76.6185	-76.577	-76.5323	-76.4857	-76.4376	-76.3882	-76.3377	-76.2862	-76.2335	-76.1797	-76.1249	-76.0688	-76.0115	-75.9529	-75.8931	-75.8319	-75.7693	-75.7053	-75.64	-75.5735	-75.506	-75.4384	-75.3719	-75.3091	-75.2546	-75.2164	-75.209	-75.2566	-75.3937
5.77	-76.1966	-76.4474	-76.604	-76.6762	-76.696	-76.6857	-76.6587	-76.6224	-76.581	-76.5364	-76.4899	-76.4418	-76.3925	-76.3421	-76.2907	-76.2381	-76.1844	-76.1297	-76.0737	-76.0165	-75.9581	-75.8983	-75.8372	-75.7748	-75.711	-75.6458	-75.5794	-75.5121	-75.4446	-75.3783	-75.3157	-75.2612	-75.2232	-75.2158	-75.2635	-75.4004
5.775	-76.2007	-76.4513	-76.6077	-76.6799	-76.6997	-76.6895	-76.6625	-76.6264	-76.585	-76.5405	-76.494	-76.4461	-76.3969	-76.3466	-76.2952	-76.2427	-76.1891	-76.1344	-76.0786	-76.0215	-75.9632	-75.9036	-75.8426	-75.7803	-75.7166	-75.6515	-75.5853	-75.5181	-75.4508	-75.3846	-75.3222	-75.2679	-75.2299	-75.2227	-75.2703	-75.4071
5.78	-76.2048	-76.4552	-76.6115	-76.6837	-76.7035	-76.6933	-76.6664	-76.6303	-76.589	-76.5446	-76.4982	-76.4503	-76.4012	-76.351	-76.2997	-76.2473	-76.1938	-76.1392	-76.0835	-76.0265	-75.9683	-75.9088	-75.8479	-75.7857	-75.7222	-75.6572	-75.5911	-75.5241	-75.457	-75.391	-75.3286	-75.2745	-75.2367	-75.2295	-75.2771	-75.4137
5.785	-76.209	-76.459	-76.6152	-76.6874	-76.7072	-76.6971	-76.6702	-76.6342	-76.593	-76.5487	-76.5023	-76.4545	-76.4055	-76.3554	-76.3042	-76.2519	-76.1985	-76.144	-76.0883	-76.0315	-75.9734	-75.914	-75.8533	-75.7912	-75.7277	-75.6629	-75.597	-75.5301	-75.4631	-75.3973	-75.3351	-75.2811	-75.2435	-75.2364	-75.2839	-75.4203
5.79	-76.2131	-76.4629	-76.619	-76.6911	-76.7109	-76.7008	-76.6741	-76.6381	-76.597	-76.5527	-76.5065	-76.4587	-76.4098	-76.3597	-76.3086	-76.2564	-76.2032	-76.1488	-76.0932	-76.0365	-75.9785	-75.9192	-75.8586	-75.7966	-75.7333	-75.6687	-75.6028	-75.5361	-75.4693	-75.4036	-75.3416	-75.2878	-75.2502	-75.2432	-75.2907	-75.4269
5.795	-76.2172	-76.4668	-76.6227	-76.6948	-76.7147	-76.7046	-76.6779	-76.6421	-76.601	-76.5568	-76.5106	-76.463	-76.4141	-76.3641	-76.3131	-76.261	-76.2078	-76.1535	-76.0981	-76.0414	-75.9835	-75.9244	-75.8639	-75.802	-75.7389	-75.6743	-75.6087	-75.5421	-75.4754	-75.4099	-75.348	-75.2943	-75.2569	-75.25	-75.2975	-75.4335
5.8	-76.2213	-76.4706	-76.6264	-76.6985	-76.7184	-76.7084	-76.6818	-76.646	-76.6049	-76.5608	-76.5147	-76.4672	-76.4184	-76.3685	-76.3176	-76.2656	-76.2125	-76.1583	-76.1029	-76.0464	-75.9886	-75.9295	-75.8692	-75.8075	-75.7444	-75.68	-75.6145	-75.5481	-75.4815	-75.4161	-75.3544	-75.3009	-75.2636	-75.2568	-75.3043	-75.4401
5.805	-76.2254	-76.4745	-76.6302	-76.7022	-76.7221	-76.7122	-76.6856	-76.6499	-76.6089	-76.5649	-76.5189	-76.4714	-76.4227	-76.3729	-76.322	-76.2701	-76.2171	-76.163	-76.1077	-76.0513	-75.9936	-75.9347	-75.8745	-75.8129	-75.7499	-75.6857	-75.6203	-75.554	-75.4876	-75.4224	-75.3608	-75.3075	-75.2703	-75.2635	-75.311	-75.4467
5.81	-76.2295	-76.4783	-76.6339	-76.7059	-76.7258	-76.7159	-76.6894	-76.6538	-76.6129	-76.5689	-76.523	-76.4756	-76.4269	-76.3772	-76.3265	-76.2746	-76.2217	-76.1677	-76.1126	-76.0562	-75.9987	-75.9399	-75.8797	-75.8183	-75.7555	-75.6913	-75.6261	-75.56	-75.4937	-75.4286	-75.3672	-75.314	-75.277	-75.2703	-75.3177	-75.4532
5.815	-76.2336	-76.4821	-76.6376	-76.7096	-76.7296	-76.7197	-76.6933	-76.6576	-76.6168	-76.573	-76.5271	-76.4798	-76.4312	-76.3816	-76.3309	-76.2792	-76.2264	-76.1725	-76.1174	-76.0612	-76.0037	-75.945	-75.885	-75.8237	-75.761	-75.697	-75.6319	-75.5659	-75.4998	-75.4349	-75.3736	-75.3205	-75.2836	-75.277	-75.3244	-75.4597
5.82	-76.2377	-76.486	-76.6413	-76.7133	-76.7333	-76.7234	-76.6971	-76.6615	-76.6208	-76.577	-76.5312	-76.4839	-76.4355	-76.3859	-76.3353	-76.2837	-76.231	-76.1772	-76.1222	-76.0661	-76.0087	-75.9501	-75.8902	-75.829	-75.7665	-75.7026	-75.6376	-75.5718	-75.5058	-75.4411	-75.38	-75.3271	-75.2903	-75.2837	-75.3311	-75.4663
5.825	-76.2418	-76.4898	-76.645	-76.717	-76.737	-76.7272	-76.7009	-76.6654	-76.6247	-76.581	-76.5353	-76.4881	-76.4397	-76.3903	-76.3398	-76.2882	-76.2356	-76.1819	-76.127	-76.071	-76.0138	-75.9553	-75.8955	-75.8344	-75.772	-75.7082	-75.6434	-75.5777	-75.5119	-75.4473	-75.3863	-75.3336	-75.2969	-75.2904	-75.3378	-75.4728
5.83	-76.2459	-76.4936	-76.6487	-76.7206	-76.7407	-76.7309	-76.7047	-76.6693	-76.6287	-76.585	-76.5394	-76.4923	-76.444	-76.3946	-76.3442	-76.2927	-76.2402	-76.1866	-76.1318	-76.0759	-76.0188	-75.9604	-75.9007	-75.8397	-75.7774	-75.7139	-75.6491	-75.5836	-75.5179	-75.4535	-75.3927	-75.34	-75.3035	-75.2971	-75.3444	-75.4792
5.835	-76.25	-76.4974	-76.6524	-76.7243	-76.7443	-76.7347	-76.7085	-76.6731	-76.6326	-76.589	-76.5435	-76.4964	-76.4482	-76.3989	-76.3486	-76.2972	-76.2448	-76.1913	-76.1366	-76.0808	-76.0238	-75.9655	-75.9059	-75.8451	-75.7829	-75.7194	-75.6549	-75.5895	-75.5239	-75.4596	-75.399	-75.3465	-75.3101	-75.3037	-75.3511	-75.4857
5.84	-76.254	-76.5012	-76.6561	-76.728	-76.748	-76.7384	-76.7123	-76.677	-76.6365	-76.593	-76.5475	-76.5006	-76.4525	-76.4032	-76.353	-76.3017	-76.2494	-76.1959	-76.1414	-76.0857	-76.0287	-75.9706	-75.9112	-75.8504	-75.7884	-75.725	-75.6606	-75.5953	-75.5299	-75.4658	-75.4053	-75.353	-75.3167	-75.3104	-75.3577	-75.4921
5.845	-76.2581	-76.5051	-76.6598	-76.7316	-76.7517	-76.7421	-76.716	-76.6808	-76.6405	-76.597	-76.5516	-76.5047	-76.4567	-76.4076	-76.3574	-76.3062	-76.2539	-76.2006	-76.1461	-76.0905	-76.0337	-75.9757	-75.9164	-75.8557	-75.7938	-75.7306	-75.6663	-75.6012	-75.5359	-75.4719	-75.4116	-75.3594	-75.3232	-75.317	-75.3643	-75.4986
5.85	-76.2622	-76.5089	-76.6635	-76.7353	-76.7554	-76.7458	-76.7198	-76.6847	-76.6444	-76.601	-76.5557	-76.5089	-76.4609	-76.4119	-76.3618	-76.3107	-76.2585	-76.2053	-76.1509	-76.0954	-76.0387	-75.9808	-75.9215	-75.861	-75.7992	-75.7362	-75.672	-75.607	-75.5419	-75.4781	-75.4179	-75.3658	-75.3298	-75.3236	-75.3709	-75.505
5.855	-76.2662	-76.5126	-76.6672	-76.7389	-76.759	-76.7496	-76.7236	-76.6885	-76.6483	-76.605	-76.5597	-76.513	-76.4651	-76.4162	-76.3662	-76.3151	-76.2631	-76.2099	-76.1557	-76.1002	-76.0436	-75.9858	-75.9267	-75.8663	-75.8047	-75.7417	-75.6777	-75.6128	-75.5479	-75.4842	-75.4242	-75.3722	-75.3363	-75.3302	-75.3775	-75.5114
5.86	-76.2703	-76.5164	-76.6708	-76.7426	-76.7627	-76.7533	-76.7274	-76.6923	-76.6522	-76.609	-76.5638	-76.5171	-76.4693	-76.4204	-76.3705	-76.3196	-76.2676	-76.2146	-76.1604	-76.1051	-76.0486	-75.9909	-75.9319	-75.8716	-75.8101	-75.7473	-75.6833	-75.6186	-75.5538	-75.4903	-75.4304	-75.3786	-75.3428	-75.3368	-75.384	-75.5178
5.865	-76.2743	-76.5202	-76.6745	-76.7462	-76.7664	-76.757	-76.7311	-76.6962	-76.6561	-76.6129	-76.5678	-76.5213	-76.4735	-76.4247	-76.3749	-76.3241	-76.2722	-76.2192	-76.1651	-76.1099	-76.0535	-75.9959	-75.9371	-75.8769	-75.8155	-75.7528	-75.689	-75.6244	-75.5598	-75.4964	-75.4366	-75.385	-75.3493	-75.3434	-75.3905	-75.5241
5.87	-76.2784	-76.524	-76.6781	-76.7498	-76.77	-76.7607	-76.7349	-76.7	-76.66	-76.6169	-76.5718	-76.5254	-76.4777	-76.429	-76.3793	-76.3285	-76.2767	-76.2238	-76.1699	-76.1148	-76.0585	-76.001	-75.9422	-75.8822	-75.8209	-75.7583	-75.6946	-75.6302	-75.5657	-75.5024	-75.4429	-75.3914	-75.3558	-75.3499	-75.3971	-75.5305
5.875	-76.2824	-76.5278	-76.6818	-76.7534	-76.7737	-76.7644	-76.7386	-76.7038	-76.6638	-76.6208	-76.5759	-76.5295	-76.4819	-76.4333	-76.3836	-76.3329	-76.2812	-76.2284	-76.1746	-76.1196	-76.0634	-76.006	-75.9474	-75.8874	-75.8262	-75.7638	-75.7003	-75.636	-75.5716	-75.5085	-75.4491	-75.3977	-75.3622	-75.3564	-75.4036	-75.5368
5.88	-76.2864	-76.5315	-76.6854	-76.7571	-76.7773	-76.768	-76.7424	-76.7076	-76.6677	-76.6248	-76.5799	-76.5336	-76.4861	-76.4375	-76.3879	-76.3374	-76.2857	-76.2331	-76.1793	-76.1244	-76.0683	-76.011	-75.9525	-75.8927	-75.8316	-75.7693	-75.7059	-75.6418	-75.5775	-75.5146	-75.4553	-75.4041	-75.3687	-75.363	-75.4101	-75.5431
5.885	-76.2904	-76.5353	-76.6891	-76.7607	-76.7809	-76.7717	-76.7461	-76.7114	-76.6716	-76.6287	-76.5839	-76.5377	-76.4902	-76.4418	-76.3923	-76.3418	-76.2903	-76.2377	-76.184	-76.1292	-76.0732	-76.016	-75.9576	-75.8979	-75.837	-75.7748	-75.7115	-75.6475	-75.5834	-75.5206	-75.4615	-75.4104	-75.3751	-75.3695	-75.4165	-75.5494
5.89	-76.2945	-76.5391	-76.6927	-76.7643	-76.7846	-76.7754	-76.7498	-76.7152	-76.6755	-76.6327	-76.5879	-76.5417	-76.4944	-76.446	-76.3966	-76.3462	-76.2948	-76.2423	-76.1887	-76.134	-76.0781	-76.021	-75.9627	-75.9032	-75.8423	-75.7803	-75.7171	-75.6533	-75.5893	-75.5266	-75.4676	-75.4167	-75.3815	-75.3759	-75.423	-75.5557
5.895	-76.2985	-76.5428	-76.6964	-76.7679	-76.7882	-76.7791	-76.7536	-76.719	-76.6793	-76.6366	-76.5919	-76.5458	-76.4986	-76.4502	-76.4009	-76.3506	-76.2992	-76.2468	-76.1934	-76.1387	-76.083	-76.026	-75.9678	-75.9084	-75.8477	-75.7857	-75.7227	-75.659	-75.5952	-75.5326	-75.4738	-75.423	-75.388	-75.3824	-75.4295	-75.562
5.9	-76.3025	-76.5466	-76.7	-76.7715	-76.7918	-76.7827	-76.7573	-76.7228	-76.6832	-76.6405	-76.5959	-76.5499	-76.5027	-76.4545	-76.4052	-76.355	-76.3037	-76.2514	-76.198	-76.1435	-76.0879	-76.031	-75.9729	-75.9136	-75.853	-75.7912	-75.7283	-75.6647	-75.601	-75.5386	-75.4799	-75.4292	-75.3943	-75.3889	-75.4359	-75.5682
5.905	-76.3065	-76.5503	-76.7036	-76.7751	-76.7954	-76.7864	-76.761	-76.7266	-76.687	-76.6444	-76.5999	-76.554	-76.5069	-76.4587	-76.4096	-76.3594	-76.3082	-76.256	-76.2027	-76.1483	-76.0927	-76.036	-75.978	-75.9188	-75.8583	-75.7966	-75.7339	-75.6704	-75.6069	-75.5446	-75.486	-75.4355	-75.4007	-75.3953	-75.4423	-75.5745
5.91	-76.3105	-76.5541	-76.7072	-76.7787	-76.799	-76.79	-76.7647	-76.7303	-76.6909	-76.6484	-76.6039	-76.558	-76.511	-76.4629	-76.4138	-76.3638	-76.3127	-76.2606	-76.2074	-76.153	-76.0976	-76.0409	-75.9831	-75.924	-75.8636	-75.802	-75.7394	-75.6761	-75.6127	-75.5506	-75.4922	-75.4418	-75.4071	-75.4017	-75.4487	-75.5807
5.915	-76.3145	-76.5578	-76.7108	-76.7822	-76.8026	-76.7937	-76.7684	-76.7341	-76.6947	-76.6523	-76.6079	-76.5621	-76.5151	-76.4671	-76.4181	-76.3682	-76.3172	-76.2651	-76.212	-76.1578	-76.1024	-76.0459	-75.9881	-75.9291	-75.8689	-75.8075	-75.745	-75.6818	-75.6185	-75.5565	-75.4983	-75.448	-75.4134	-75.4081	-75.4551	-75.5869
5.92	-76.3185	-76.5615	-76.7144	-76.7858	-76.8062	-76.7973	-76.7721	-76.7379	-76.6985	-76.6562	-76.6118	-76.5661	-76.5192	-76.4713	-76.4224	-76.3725	-76.3216	-76.2697	-76.2167	-76.1625	-76.1073	-76.0508	-75.9932	-75.9343	-75.8742	-75.8129	-75.7505	-75.6874	-75.6243	-75.5625	-75.5043	-75.4542	-75.4198	-75.4145	-75.4614	-75.5931
5.925	-76.3224	-76.5652	-76.718	-76.7894	-76.8098	-76.801	-76.7758	-76.7416	-76.7024	-76.66	-76.6158	-76.5702	-76.5234	-76.4755	-76.4267	-76.3769	-76.3261	-76.2742	-76.2213	-76.1673	-76.1121	-76.0558	-75.9982	-75.9395	-75.8795	-75.8183	-75.756	-75.6931	-75.6301	-75.5684	-75.5104	-75.4604	-75.4261	-75.4209	-75.4678	-75.5993
5.93	-76.3264	-76.569	-76.7216	-76.793	-76.8134	-76.8046	-76.7795	-76.7454	-76.7062	-76.6639	-76.6198	-76.5742	-76.5275	-76.4797	-76.431	-76.3812	-76.3305	-76.2787	-76.2259	-76.172	-76.1169	-76.0607	-76.0033	-75.9446	-75.8847	-75.8237	-75.7616	-75.6987	-75.6359	-75.5743	-75.5165	-75.4666	-75.4324	-75.4273	-75.4741	-75.6055
5.935	-76.3304	-76.5727	-76.7252	-76.7965	-76.817	-76.8082	-76.7832	-76.7491	-76.71	-76.6678	-76.6237	-76.5782	-76.5316	-76.4839	-76.4352	-76.3856	-76.3349	-76.2833	-76.2305	-76.1767	-76.1217	-76.0656	-76.0083	-75.9497	-75.89	-75.829	-75.7671	-75.7044	-75.6417	-75.5802	-75.5225	-75.4728	-75.4387	-75.4336	-75.4804	-75.6116
5.94	-76.3344	-76.5764	-76.7288	-76.8001	-76.8205	-76.8118	-76.7869	-76.7529	-76.7138	-76.6717	-76.6277	-76.5822	-76.5357	-76.4881	-76.4395	-76.3899	-76.3394	-76.2878	-76.2351	-76.1814	-76.1265	-76.0705	-76.0133	-75.9549	-75.8952	-75.8344	-75.7725	-75.71	-75.6474	-75.5861	-75.5286	-75.479	-75.4449	-75.44	-75.4868	-75.6177
5.945	-76.3383	-76.5801	-76.7324	-76.8036	-76.8241	-76.8155	-76.7905	-76.7566	-76.7176	-76.6756	-76.6316	-76.5863	-76.5398	-76.4922	-76.4437	-76.3943	-76.3438	-76.2923	-76.2397	-76.1861	-76.1313	-76.0754	-76.0183	-75.96	-75.9005	-75.8398	-75.778	-75.7156	-75.6532	-75.592	-75.5346	-75.4851	-75.4512	-75.4463	-75.493	-75.6239
5.95	-76.3423	-76.5838	-76.736	-76.8072	-76.8277	-76.8191	-76.7942	-76.7603	-76.7214	-76.6794	-76.6355	-76.5903	-76.5438	-76.4964	-76.448	-76.3986	-76.3482	-76.2968	-76.2443	-76.1908	-76.1361	-76.0803	-76.0233	-75.9651	-75.9057	-75.8451	-75.7835	-75.7212	-75.6589	-75.5979	-75.5406	-75.4912	-75.4574	-75.4526	-75.4993	-75.63
5.955	-76.3462	-76.5875	-76.7395	-76.8107	-76.8312	-76.8227	-76.7979	-76.7641	-76.7252	-76.6833	-76.6395	-76.5943	-76.5479	-76.5006	-76.4522	-76.4029	-76.3526	-76.3013	-76.2489	-76.1955	-76.1409	-76.0852	-76.0283	-75.9702	-75.9109	-75.8504	-75.7889	-75.7268	-75.6646	-75.6038	-75.5466	-75.4974	-75.4637	-75.4589	-75.5056	-75.6361
5.96	-76.3502	-76.5912	-76.7431	-76.8143	-76.8348	-76.8263	-76.8015	-76.7678	-76.729	-76.6871	-76.6434	-76.5983	-76.552	-76.5047	-76.4564	-76.4072	-76.357	-76.3058	-76.2535	-76.2001	-76.1457	-76.0901	-76.0333	-75.9753	-75.9161	-75.8557	-75.7944	-75.7324	-75.6703	-75.6096	-75.5526	-75.5035	-75.4699	-75.4652	-75.5118	-75.6421
5.965	-76.3541	-76.5948	-76.7467	-76.8178	-76.8384	-76.8299	-76.8052	-76.7715	-76.7327	-76.691	-76.6473	-76.6022	-76.556	-76.5088	-76.4607	-76.4115	-76.3614	-76.3102	-76.258	-76.2048	-76.1504	-76.0949	-76.0382	-75.9804	-75.9213	-75.8611	-75.7998	-75.7379	-75.676	-75.6154	-75.5585	-75.5096	-75.4761	-75.4714	-75.5181	-75.6482
5.97	-76.3581	-76.5985	-76.7502	-76.8213	-76.8419	-76.8335	-76.8088	-76.7752	-76.7365	-76.6948	-76.6512	-76.6062	-76.5601	-76.513	-76.4649	-76.4158	-76.3658	-76.3147	-76.2626	-76.2094	-76.1552	-76.0998	-76.0432	-75.9854	-75.9265	-75.8664	-75.8053	-75.7435	-75.6817	-75.6212	-75.5645	-75.5156	-75.4823	-75.4777	-75.5243	-75.6543
5.975	-76.362	-76.6022	-76.7538	-76.8248	-76.8454	-76.837	-76.8124	-76.7789	-76.7403	-76.6986	-76.6551	-76.6102	-76.5642	-76.5171	-76.4691	-76.4201	-76.3701	-76.3192	-76.2672	-76.2141	-76.1599	-76.1046	-76.0481	-75.9905	-75.9316	-75.8717	-75.8107	-75.749	-75.6874	-75.6271	-75.5704	-75.5217	-75.4885	-75.4839	-75.5305	-75.6603
5.98	-76.3659	-76.6059	-76.7573	-76.8284	-76.849	-76.8406	-76.8161	-76.7826	-76.744	-76.7025	-76.659	-76.6142	-76.5682	-76.5212	-76.4733	-76.4244	-76.3745	-76.3236	-76.2717	-76.2187	-76.1647	-76.1095	-76.0531	-75.9955	-75.9368	-75.8769	-75.8161	-75.7545	-75.693	-75.6329	-75.5763	-75.5278	-75.4946	-75.4901	-75.5367	-75.6663
5.985	-76.3698	-76.6095	-76.7609	-76.8319	-76.8525	-76.8442	-76.8197	-76.7863	-76.7478	-76.7063	-76.6629	-76.6181	-76.5722	-76.5253	-76.4775	-76.4286	-76.3789	-76.3281	-76.2762	-76.2234	-76.1694	-76.1143	-76.058	-76.0006	-75.942	-75.8822	-75.8215	-75.7601	-75.6987	-75.6386	-75.5823	-75.5338	-75.5008	-75.4963	-75.5428	-75.6723
5.99	-76.3737	-76.6132	-76.7644	-76.8354	-76.856	-76.8477	-76.8233	-76.7899	-76.7515	-76.7101	-76.6668	-76.6221	-76.5763	-76.5294	-76.4817	-76.4329	-76.3832	-76.3325	-76.2808	-76.228	-76.1741	-76.1191	-76.0629	-76.0056	-75.9471	-75.8875	-75.8268	-75.7656	-75.7043	-75.6444	-75.5882	-75.5398	-75.5069	-75.5025	-75.549	-75.6783
5.995	-76.3777	-76.6169	-76.7679	-76.8389	-76.8595	-76.8513	-76.8269	-76.7936	-76.7553	-76.7139	-76.6707	-76.626	-76.5803	-76.5335	-76.4858	-76.4372	-76.3876	-76.3369	-76.2853	-76.2326	-76.1788	-76.1239	-76.0679	-76.0106	-75.9522	-75.8927	-75.8322	-75.7711	-75.71	-75.6502	-75.5941	-75.5459	-75.513	-75.5087	-75.5551	-75.6843
6	-76.3816	-76.6205	-76.7715	-76.8424	-76.8631	-76.8549	-76.8306	-76.7973	-76.759	-76.7177	-76.6745	-76.63	-76.5843	-76.5376	-76.49	-76.4414	-76.3919	-76.3414	-76.2898	-76.2372	-76.1835	-76.1287	-76.0728	-76.0156	-75.9574	-75.8979	-75.8376	-75.7766	-75.7156	-75.6559	-75.5999	-75.5519	-75.5191	-75.5149	-75.5613	-75.6902
0 unlabeled lines
