Graph addvar/addexpr lines
36 1201
x node[0].v( 0.5 ) node[1].v( 0.5 ) node[2].v( 0.5 ) node[3].v( 0.5 ) node[4].v( 0.5 ) node[5].v( 0.5 ) node[6].v( 0.5 ) node[7].v( 0.5 ) node[8].v( 0.5 ) node[9].v( 0.5 ) node[10].v( 0.5 ) node[11].v( 0.5 ) node[12].v( 0.5 ) node[13].v( 0.5 ) node[14].v( 0.5 ) node[15].v( 0.5 ) node[16].v( 0.5 ) node[17].v( 0.5 ) node[18].v( 0.5 ) node[19].v( 0.5 ) node[20].v( 0.5 ) node[21].v( 0.5 ) node[22].v( 0.5 ) node[23].v( 0.5 ) node[24].v( 0.5 ) node[25].v( 0.5 ) node[26].v( 0.5 ) node[27].v( 0.5 ) node[28].v( 0.5 ) node[29].v( 0.5 ) node[30].v( 0.5 ) node[31].v( 0.5 ) node[32].v( 0.5 ) node[33].v( 0.5 ) node[34].v( 0.5 ) node[35].v( 0.5 )
0	-80	-80	-80	-80	-80	-80	-80	-80	-80	-80	-80	-80	-80	-80	-80	-80	-80	-80	-80	-80	-80	-80	-80	-80	-80	-80	-80	-80	-80	-80	-80	-80	-80	-80	-80	-80
0.005	-79.9985	-79.9983	-79.9983	-79.9982	-79.9982	-79.9982	-79.9982	-79.9982	-79.9982	-79.9982	-79.9982	-79.9982	-79.9982	-79.9982	-79.9982	-79.9982	-79.9982	-79.9982	-79.9982	-79.9982	-79.9982	-79.9982	-79.9982	-79.9982	-79.9982	-79.9982	-79.9982	-79.9982	-79.9982	-79.9982	-79.9982	-79.9982	-79.9982	-79.9982	-79.9982	-79.9982
0.01	-79.9984	-79.9977	-79.9973	-79.9971	-79.997	-79.997	-79.997	-79.997	-79.997	-79.997	-79.997	-79.997	-79.997	-79.997	-79.997	-79.997	-79.997	-79.997	-79.997	-79.997	-79.997	-79.997	-79.997	-79.997	-79.997	-79.997	-79.997	-79.997	-79.997	-79.997	-79.997	-79.997	-79.997	-79.997	-79.997	-79.997
0.015	-79.9984	-79.9973	-79.9967	-79.9964	-79.9963	-79.9962	-79.9961	-79.9961	-79.9961	-79.9961	-79.9961	-79.9961	-79.9961	-79.9961	-79.9961	-79.9961	-79.9961	-79.9961	-79.9961	-79.9961	-79.9961	-79.9961	-79.9961	-79.9961	-79.9961	-79.9961	-79.9961	-79.9961	-79.9961	-79.9961	-79.9961	-79.9961	-79.9961	-79.9961	-79.9961	-79.9962
0.02	-79.9984	-79.9971	-79.9964	-79.996	-79.9957	-79.9956	-79.9955	-79.9955	-79.9955	-79.9954	-79.9954	-79.9954	-79.9954	-79.9954	-79.9954	-79.9954	-79.9954	-79.9954	-79.9954	-79.9954	-79.9954	-79.9954	-79.9954	-79.9954	-79.9954	-79.9954	-79.9954	-79.9954	-79.9954	-79.9954	-79.9954	-79.9954	-79.9954	-79.9955	-79.9955	-79.9955
0.025	-79.9984	-79.997	-79.9961	-79.9956	-79.9953	-79.9951	-79.995	-79.995	-79.9949	-79.9949	-79.9949	-79.9949	-79.9949	-79.9949	-79.9949	-79.9949	-79.9949	-79.9949	-79.9949	-79.9949	-79.9949	-79.9949	-79.9949	-79.9949	-79.9949	-79.9949	-79.9949	-79.9949	-79.9949	-79.9949	-79.9949	-79.9949	-79.9949	-79.9949	-79.9949	-79.995
0.03	-79.9984	-79.9969	-79.9959	-79.9953	-79.995	-79.9947	-79.9946	-79.9945	-79.9945	-79.9945	-79.9945	-79.9945	-79.9944	-79.9944	-79.9944	-79.9944	-79.9944	-79.9944	-79.9944	-79.9944	-79.9944	-79.9944	-79.9944	-79.9944	-79.9944	-79.9944	-79.9944	-79.9944	-79.9944	-79.9944	-79.9944	-79.9945	-79.9945	-79.9945	-79.9945	-79.9945
0.035	-79.9984	-79.9968	-79.9957	-79.9951	-79.9947	-79.9944	-79.9943	-79.9942	-79.9941	-79.9941	-79.9941	-79.9941	-79.994	-79.994	-79.994	-79.994	-79.994	-79.994	-79.994	-79.994	-79.994	-79.994	-79.994	-79.994	-79.994	-79.994	-79.994	-79.994	-79.994	-79.994	-79.994	-79.9941	-79.9941	-79.9941	-79.9941	-79.9941
0.04	-79.9984	-79.9967	-79.9956	-79.9948	-79.9944	-79.9941	-79.9939	-79.9938	-79.9938	-79.9937	-79.9937	-79.9937	-79.9937	-79.9937	-79.9937	-79.9937	-79.9937	-79.9937	-79.9937	-79.9937	-79.9937	-79.9937	-79.9937	-79.9937	-79.9937	-79.9937	-79.9937	-79.9937	-79.9937	-79.9937	-79.9937	-79.9937	-79.9937	-79.9937	-79.9937	-79.9937
0.045	-79.9984	-79.9966	-79.9954	-79.9947	-79.9942	-79.9939	-79.9937	-79.9935	-79.9935	-79.9934	-79.9934	-79.9934	-79.9934	-79.9934	-79.9934	-79.9934	-79.9934	-79.9934	-79.9934	-79.9934	-79.9934	-79.9934	-79.9934	-79.9934	-79.9934	-79.9934	-79.9934	-79.9934	-79.9934	-79.9934	-79.9934	-79.9934	-79.9934	-79.9934	-79.9934	-79.9934
0.05	-79.9984	-79.9965	-79.9953	-79.9945	-79.9939	-79.9936	-79.9934	-79.9933	-79.9932	-79.9931	-79.9931	-79.9931	-79.9931	-79.9931	-79.9931	-79.993	-79.993	-79.993	-79.993	-79.993	-79.993	-79.993	-79.993	-79.993	-79.993	-79.993	-79.993	-79.993	-79.993	-79.9931	-79.9931	-79.9931	-79.9931	-79.9931	-79.9931	-79.9931
0.055	-79.9984	-79.9965	-79.9952	-79.9943	-79.9938	-79.9934	-79.9932	-79.993	-79.9929	-79.9929	-79.9928	-79.9928	-79.9928	-79.9928	-79.9928	-79.9928	-79.9928	-79.9928	-79.9928	-79.9928	-79.9928	-79.9928	-79.9928	-79.9928	-79.9928	-79.9928	-79.9928	-79.9928	-79.9928	-79.9928	-79.9928	-79.9928	-79.9928	-79.9928	-79.9928	-79.9928
0.06	-79.9984	-79.9964	-79.995	-79.9941	-79.9936	-79.9932	-79.9929	-79.9928	-79.9927	-79.9926	-79.9926	-79.9925	-79.9925	-79.9925	-79.9925	-79.9925	-79.9925	-79.9925	-79.9925	-79.9925	-79.9925	-79.9925	-79.9925	-79.9925	-79.9925	-79.9925	-79.9925	-79.9925	-79.9925	-79.9925	-79.9925	-79.9925	-79.9925	-79.9925	-79.9925	-79.9925
0.065	-79.9984	-79.9963	-79.9949	-79.994	-79.9934	-79.993	-79.9927	-79.9925	-79.9924	-79.9924	-79.9923	-79.9923	-79.9923	-79.9923	-79.9922	-79.9922	-79.9922	-79.9922	-79.9922	-79.9922	-79.9922	-79.9922	-79.9922	-79.9922	-79.9922	-79.9922	-79.9922	-79.9922	-79.9922	-79.9922	-79.9922	-79.9922	-79.9923	-79.9923	-79.9923	-79.9923
0.07	-79.9984	-79.9963	-79.9948	-79.9939	-79.9932	-79.9928	-79.9925	-79.9923	-79.9922	-79.9921	-79.9921	-79.992	-79.992	-79.992	-79.992	-79.992	-79.992	-79.992	-79.992	-79.992	-79.992	-79.992	-79.992	-79.992	-79.992	-79.992	-79.992	-79.992	-79.992	-79.992	-79.992	-79.992	-79.992	-79.992	-79.992	-79.9921
0.075	-79.9984	-79.9962	-79.9948	-79.9938	-79.9931	-79.9926	-79.9923	-79.9921	-79.992	-79.9919	-79.9919	-79.9918	-79.9918	-79.9918	-79.9918	-79.9918	-79.9918	-79.9918	-79.9918	-79.9918	-79.9918	-79.9918	-79.9918	-79.9918	-79.9918	-79.9918	-79.9918	-79.9918	-79.9918	-79.9918	-79.9918	-79.9918	-79.9918	-79.9918	-79.9918	-79.9918
0.08	-79.9984	-79.9962	-79.9947	-79.9936	-79.9929	-79.9925	-79.9921	-79.9919	-79.9918	-79.9917	-79.9916	-79.9916	-79.9916	-79.9916	-79.9916	-79.9916	-79.9915	-79.9915	-79.9915	-79.9915	-79.9915	-79.9915	-79.9915	-79.9915	-79.9915	-79.9915	-79.9915	-79.9915	-79.9915	-79.9915	-79.9915	-79.9916	-79.9916	-79.9916	-79.9916	-79.9916
0.085	-79.9984	-79.9961	-79.9946	-79.9935	-79.9928	-79.9923	-79.992	-79.9918	-79.9916	-79.9915	-79.9914	-79.9914	-79.9914	-79.9914	-79.9913	-79.9913	-79.9913	-79.9913	-79.9913	-79.9913	-79.9913	-79.9913	-79.9913	-79.9913	-79.9913	-79.9913	-79.9913	-79.9913	-79.9913	-79.9913	-79.9913	-79.9913	-79.9913	-79.9914	-79.9914	-79.9914
0.09	-79.9984	-79.9961	-79.9945	-79.9934	-79.9927	-79.9922	-79.9918	-79.9916	-79.9914	-79.9913	-79.9913	-79.9912	-79.9912	-79.9912	-79.9911	-79.9911	-79.9911	-79.9911	-79.9911	-79.9911	-79.9911	-79.9911	-79.9911	-79.9911	-79.9911	-79.9911	-79.9911	-79.9911	-79.9911	-79.9911	-79.9911	-79.9911	-79.9911	-79.9912	-79.9912	-79.9912
0.095	-79.9984	-79.9961	-79.9944	-79.9933	-79.9925	-79.992	-79.9917	-79.9914	-79.9912	-79.9911	-79.9911	-79.991	-79.991	-79.991	-79.991	-79.991	-79.9909	-79.9909	-79.9909	-79.9909	-79.9909	-79.9909	-79.9909	-79.9909	-79.9909	-79.9909	-79.9909	-79.9909	-79.9909	-79.9909	-79.9909	-79.991	-79.991	-79.991	-79.991	-79.991
0.1	-79.9984	-79.996	-79.9944	-79.9932	-79.9924	-79.9919	-79.9915	-79.9913	-79.9911	-79.991	-79.9909	-79.9908	-79.9908	-79.9908	-79.9908	-79.9908	-79.9908	-79.9908	-79.9908	-79.9908	-79.9908	-79.9908	-79.9908	-79.9908	-79.9908	-79.9908	-79.9908	-79.9908	-79.9908	-79.9908	-79.9908	-79.9908	-79.9908	-79.9908	-79.9908	-79.9908
0.105	-79.9984	-79.996	-79.9943	-79.9931	-79.9923	-79.9918	-79.9914	-79.9911	-79.9909	-79.9908	-79.9907	-79.9907	-79.9906	-79.9906	-79.9906	-79.9906	-79.9906	-79.9906	-79.9906	-79.9906	-79.9906	-79.9906	-79.9906	-79.9906	-79.9906	-79.9906	-79.9906	-79.9906	-79.9906	-79.9906	-79.9906	-79.9906	-79.9906	-79.9906	-79.9906	-79.9906
0.11	-79.9984	-79.996	-79.9942	-79.993	-79.9922	-79.9916	-79.9912	-79.991	-79.9908	-79.9907	-79.9906	-79.9905	-79.9905	-79.9904	-79.9904	-79.9904	-79.9904	-79.9904	-79.9904	-79.9904	-79.9904	-79.9904	-79.9904	-79.9904	-79.9904	-79.9904	-79.9904	-79.9904	-79.9904	-79.9904	-79.9904	-79.9904	-79.9904	-79.9904	-79.9904	-79.9905
0.115	-79.9984	-79.9959	-79.9942	-79.993	-79.9921	-79.9915	-79.9911	-79.9908	-79.9906	-79.9905	-79.9904	-79.9904	-79.9903	-79.9903	-79.9903	-79.9903	-79.9902	-79.9902	-79.9902	-79.9902	-79.9902	-79.9902	-79.9902	-79.9902	-79.9902	-79.9902	-79.9902	-79.9902	-79.9902	-79.9902	-79.9902	-79.9903	-79.9903	-79.9903	-79.9903	-79.9903
0.12	-79.9984	-79.9959	-79.9941	-79.9929	-79.992	-79.9914	-79.991	-79.9907	-79.9905	-79.9904	-79.9903	-79.9902	-79.9902	-79.9901	-79.9901	-79.9901	-79.9901	-79.9901	-79.9901	-79.9901	-79.9901	-79.9901	-79.9901	-79.9901	-79.9901	-79.9901	-79.9901	-79.9901	-79.9901	-79.9901	-79.9901	-79.9901	-79.9901	-79.9901	-79.9901	-79.9901
0.125	-79.9984	-79.9959	-79.9941	-79.9928	-79.9919	-79.9913	-79.9909	-79.9906	-79.9904	-79.9902	-79.9901	-79.9901	-79.99	-79.99	-79.99	-79.99	-79.9899	-79.9899	-79.9899	-79.9899	-79.9899	-79.9899	-79.9899	-79.9899	-79.9899	-79.9899	-79.9899	-79.9899	-79.9899	-79.9899	-79.9899	-79.9899	-79.99	-79.99	-79.99	-79.99
0.13	-79.9984	-79.9958	-79.994	-79.9927	-79.9918	-79.9912	-79.9908	-79.9904	-79.9902	-79.9901	-79.99	-79.9899	-79.9899	-79.9898	-79.9898	-79.9898	-79.9898	-79.9898	-79.9898	-79.9898	-79.9898	-79.9898	-79.9898	-79.9898	-79.9898	-79.9898	-79.9898	-79.9898	-79.9898	-79.9898	-79.9898	-79.9898	-79.9898	-79.9898	-79.9898	-79.9898
0.135	-79.9984	-79.9958	-79.994	-79.9927	-79.9918	-79.9911	-79.9906	-79.9903	-79.9901	-79.99	-79.9899	-79.9898	-79.9897	-79.9897	-79.9897	-79.9897	-79.9897	-79.9896	-79.9896	-79.9896	-79.9896	-79.9896	-79.9896	-79.9896	-79.9896	-79.9896	-79.9896	-79.9896	-79.9896	-79.9896	-79.9896	-79.9897	-79.9897	-79.9897	-79.9897	-79.9897
0.14	-79.9984	-79.9958	-79.9939	-79.9926	-79.9917	-79.991	-79.9905	-79.9902	-79.99	-79.9898	-79.9897	-79.9897	-79.9896	-79.9896	-79.9895	-79.9895	-79.9895	-79.9895	-79.9895	-79.9895	-79.9895	-79.9895	-79.9895	-79.9895	-79.9895	-79.9895	-79.9895	-79.9895	-79.9895	-79.9895	-79.9895	-79.9895	-79.9895	-79.9895	-79.9895	-79.9896
0.145	-79.9984	-79.9958	-79.9939	-79.9926	-79.9916	-79.9909	-79.9904	-79.9901	-79.9899	-79.9897	-79.9896	-79.9895	-79.9895	-79.9894	-79.9894	-79.9894	-79.9894	-79.9894	-79.9894	-79.9894	-79.9894	-79.9894	-79.9894	-79.9894	-79.9894	-79.9894	-79.9894	-79.9894	-79.9894	-79.9894	-79.9894	-79.9894	-79.9894	-79.9894	-79.9894	-79.9894
0.15	-79.9984	-79.9958	-79.9939	-79.9925	-79.9915	-79.9908	-79.9903	-79.99	-79.9898	-79.9896	-79.9895	-79.9894	-79.9893	-79.9893	-79.9893	-79.9893	-79.9893	-79.9893	-79.9892	-79.9892	-79.9892	-79.9892	-79.9892	-79.9892	-79.9892	-79.9892	-79.9892	-79.9892	-79.9892	-79.9892	-79.9893	-79.9893	-79.9893	-79.9893	-79.9893	-79.9893
0.155	-79.9984	-79.9957	-79.9938	-79.9924	-79.9914	-79.9907	-79.9902	-79.9899	-79.9897	-79.9895	-79.9894	-79.9893	-79.9892	-79.9892	-79.9892	-79.9891	-79.9891	-79.9891	-79.9891	-79.9891	-79.9891	-79.9891	-79.9891	-79.9891	-79.9891	-79.9891	-79.9891	-79.9891	-79.9891	-79.9891	-79.9891	-79.9891	-79.9891	-79.9891	-79.9892	-79.9892
0.16	-79.9984	-79.9957	-79.9938	-79.9924	-79.9914	-79.9907	-79.9902	-79.9898	-79.9896	-79.9894	-79.9893	-79.9892	-79.9891	-79.9891	-79.989	-79.989	-79.989	-79.989	-79.989	-79.989	-79.989	-79.989	-79.989	-79.989	-79.989	-79.989	-79.989	-79.989	-79.989	-79.989	-79.989	-79.989	-79.989	-79.989	-79.989	-79.9891
0.165	-79.9984	-79.9957	-79.9937	-79.9923	-79.9913	-79.9906	-79.9901	-79.9897	-79.9894	-79.9893	-79.9891	-79.9891	-79.989	-79.989	-79.9889	-79.9889	-79.9889	-79.9889	-79.9889	-79.9889	-79.9889	-79.9889	-79.9889	-79.9889	-79.9889	-79.9889	-79.9889	-79.9889	-79.9889	-79.9889	-79.9889	-79.9889	-79.9889	-79.9889	-79.9889	-79.9889
0.17	-79.9984	-79.9957	-79.9937	-79.9923	-79.9912	-79.9905	-79.99	-79.9896	-79.9894	-79.9892	-79.989	-79.989	-79.9889	-79.9888	-79.9888	-79.9888	-79.9888	-79.9888	-79.9888	-79.9888	-79.9888	-79.9888	-79.9888	-79.9888	-79.9888	-79.9888	-79.9888	-79.9888	-79.9888	-79.9888	-79.9888	-79.9888	-79.9888	-79.9888	-79.9888	-79.9888
0.175	-79.9984	-79.9957	-79.9937	-79.9922	-79.9912	-79.9904	-79.9899	-79.9895	-79.9893	-79.9891	-79.9889	-79.9888	-79.9888	-79.9887	-79.9887	-79.9887	-79.9887	-79.9887	-79.9887	-79.9886	-79.9886	-79.9886	-79.9886	-79.9886	-79.9886	-79.9886	-79.9886	-79.9886	-79.9886	-79.9886	-79.9887	-79.9887	-79.9887	-79.9887	-79.9887	-79.9887
0.18	-79.9984	-79.9956	-79.9936	-79.9922	-79.9911	-79.9904	-79.9898	-79.9894	-79.9892	-79.989	-79.9888	-79.9887	-79.9887	-79.9886	-79.9886	-79.9886	-79.9886	-79.9885	-79.9885	-79.9885	-79.9885	-79.9885	-79.9885	-79.9885	-79.9885	-79.9885	-79.9885	-79.9885	-79.9885	-79.9885	-79.9885	-79.9885	-79.9886	-79.9886	-79.9886	-79.9886
0.185	-79.9984	-79.9956	-79.9936	-79.9921	-79.9911	-79.9903	-79.9897	-79.9893	-79.9891	-79.9889	-79.9887	-79.9886	-79.9886	-79.9885	-79.9885	-79.9885	-79.9885	-79.9884	-79.9884	-79.9884	-79.9884	-79.9884	-79.9884	-79.9884	-79.9884	-79.9884	-79.9884	-79.9884	-79.9884	-79.9884	-79.9884	-79.9884	-79.9884	-79.9885	-79.9885	-79.9885
0.19	-79.9984	-79.9956	-79.9936	-79.9921	-79.991	-79.9902	-79.9897	-79.9893	-79.989	-79.9888	-79.9886	-79.9885	-79.9885	-79.9884	-79.9884	-79.9884	-79.9883	-79.9883	-79.9883	-79.9883	-79.9883	-79.9883	-79.9883	-79.9883	-79.9883	-79.9883	-79.9883	-79.9883	-79.9883	-79.9883	-79.9883	-79.9883	-79.9883	-79.9883	-79.9884	-79.9884
0.195	-79.9984	-79.9956	-79.9935	-79.992	-79.9909	-79.9902	-79.9896	-79.9892	-79.9889	-79.9887	-79.9885	-79.9884	-79.9884	-79.9883	-79.9883	-79.9883	-79.9883	-79.9882	-79.9882	-79.9882	-79.9882	-79.9882	-79.9882	-79.9882	-79.9882	-79.9882	-79.9882	-79.9882	-79.9882	-79.9882	-79.9882	-79.9882	-79.9882	-79.9883	-79.9883	-79.9883
0.2	-79.9984	-79.9956	-79.9935	-79.992	-79.9909	-79.9901	-79.9895	-79.9891	-79.9888	-79.9886	-79.9885	-79.9884	-79.9883	-79.9882	-79.9882	-79.9882	-79.9882	-79.9881	-79.9881	-79.9881	-79.9881	-79.9881	-79.9881	-79.9881	-79.9881	-79.9881	-79.9881	-79.9881	-79.9881	-79.9881	-79.9881	-79.9881	-79.9881	-79.9882	-79.9882	-79.9882
0.205	-79.9984	-79.9956	-79.9935	-79.9919	-79.9908	-79.99	-79.9894	-79.989	-79.9887	-79.9885	-79.9884	-79.9883	-79.9882	-79.9881	-79.9881	-79.9881	-79.9881	-79.988	-79.988	-79.988	-79.988	-79.988	-79.988	-79.988	-79.988	-79.988	-79.988	-79.988	-79.988	-79.988	-79.988	-79.988	-79.988	-79.9881	-79.9881	-79.9881
0.21	-79.9984	-79.9955	-79.9934	-79.9919	-79.9908	-79.99	-79.9894	-79.989	-79.9887	-79.9884	-79.9883	-79.9882	-79.9881	-79.988	-79.988	-79.988	-79.988	-79.988	-79.9879	-79.9879	-79.9879	-79.9879	-79.9879	-79.9879	-79.9879	-79.9879	-79.9879	-79.9879	-79.9879	-79.9879	-79.9879	-79.9879	-79.9879	-79.988	-79.988	-79.988
0.215	-79.9984	-79.9955	-79.9934	-79.9919	-79.9907	-79.9899	-79.9893	-79.9889	-79.9886	-79.9884	-79.9882	-79.9881	-79.988	-79.988	-79.9879	-79.9879	-79.9879	-79.9879	-79.9878	-79.9878	-79.9878	-79.9878	-79.9878	-79.9878	-79.9878	-79.9878	-79.9878	-79.9878	-79.9878	-79.9878	-79.9878	-79.9878	-79.9879	-79.9879	-79.9879	-79.9879
0.22	-79.9984	-79.9955	-79.9934	-79.9918	-79.9907	-79.9899	-79.9893	-79.9888	-79.9885	-79.9883	-79.9881	-79.988	-79.9879	-79.9879	-79.9878	-79.9878	-79.9878	-79.9878	-79.9878	-79.9877	-79.9877	-79.9877	-79.9877	-79.9877	-79.9877	-79.9877	-79.9877	-79.9877	-79.9877	-79.9877	-79.9877	-79.9878	-79.9878	-79.9878	-79.9878	-79.9878
0.225	-79.9984	-79.9955	-79.9933	-79.9918	-79.9906	-79.9898	-79.9892	-79.9887	-79.9884	-79.9882	-79.988	-79.9879	-79.9878	-79.9878	-79.9877	-79.9877	-79.9877	-79.9877	-79.9877	-79.9877	-79.9877	-79.9877	-79.9877	-79.9876	-79.9876	-79.9876	-79.9876	-79.9877	-79.9877	-79.9877	-79.9877	-79.9877	-79.9877	-79.9877	-79.9877	-79.9877
0.23	-79.9984	-79.9955	-79.9933	-79.9917	-79.9906	-79.9897	-79.9891	-79.9887	-79.9884	-79.9881	-79.988	-79.9878	-79.9878	-79.9877	-79.9877	-79.9876	-79.9876	-79.9876	-79.9876	-79.9876	-79.9876	-79.9876	-79.9876	-79.9876	-79.9876	-79.9876	-79.9876	-79.9876	-79.9876	-79.9876	-79.9876	-79.9876	-79.9876	-79.9876	-79.9876	-79.9876
0.235	-79.9984	-79.9955	-79.9933	-79.9917	-79.9905	-79.9897	-79.9891	-79.9886	-79.9883	-79.9881	-79.9879	-79.9878	-79.9877	-79.9876	-79.9876	-79.9875	-79.9875	-79.9875	-79.9875	-79.9875	-79.9875	-79.9875	-79.9875	-79.9875	-79.9875	-79.9875	-79.9875	-79.9875	-79.9875	-79.9875	-79.9875	-79.9875	-79.9875	-79.9875	-79.9875	-79.9875
0.24	-79.9984	-79.9955	-79.9933	-79.9917	-79.9905	-79.9896	-79.989	-79.9885	-79.9882	-79.988	-79.9878	-79.9877	-79.9876	-79.9875	-79.9875	-79.9875	-79.9874	-79.9874	-79.9874	-79.9874	-79.9874	-79.9874	-79.9874	-79.9874	-79.9874	-79.9874	-79.9874	-79.9874	-79.9874	-79.9874	-79.9874	-79.9874	-79.9874	-79.9874	-79.9874	-79.9875
0.245	-79.9984	-79.9954	-79.9932	-79.9916	-79.9904	-79.9896	-79.9889	-79.9885	-79.9881	-79.9879	-79.9877	-79.9876	-79.9875	-79.9875	-79.9874	-79.9874	-79.9874	-79.9873	-79.9873	-79.9873	-79.9873	-79.9873	-79.9873	-79.9873	-79.9873	-79.9873	-79.9873	-79.9873	-79.9873	-79.9873	-79.9873	-79.9873	-79.9873	-79.9873	-79.9874	-79.9874
0.25	-79.9984	-79.9954	-79.9932	-79.9916	-79.9904	-79.9895	-79.9889	-79.9884	-79.9881	-79.9878	-79.9877	-79.9875	-79.9874	-79.9874	-79.9873	-79.9873	-79.9873	-79.9873	-79.9872	-79.9872	-79.9872	-79.9872	-79.9872	-79.9872	-79.9872	-79.9872	-79.9872	-79.9872	-79.9872	-79.9872	-79.9872	-79.9872	-79.9873	-79.9873	-79.9873	-79.9873
0.255	-79.9984	-79.9954	-79.9932	-79.9916	-79.9904	-79.9895	-79.9888	-79.9884	-79.988	-79.9878	-79.9876	-79.9875	-79.9874	-79.9873	-79.9873	-79.9872	-79.9872	-79.9872	-79.9872	-79.9872	-79.9872	-79.9872	-79.9871	-79.9871	-79.9871	-79.9871	-79.9871	-79.9871	-79.9872	-79.9872	-79.9872	-79.9872	-79.9872	-79.9872	-79.9872	-79.9872
0.26	-79.9984	-79.9954	-79.9932	-79.9915	-79.9903	-79.9894	-79.9888	-79.9883	-79.9879	-79.9877	-79.9875	-79.9874	-79.9873	-79.9872	-79.9872	-79.9871	-79.9871	-79.9871	-79.9871	-79.9871	-79.9871	-79.9871	-79.9871	-79.9871	-79.9871	-79.9871	-79.9871	-79.9871	-79.9871	-79.9871	-79.9871	-79.9871	-79.9871	-79.9871	-79.9871	-79.9871
0.265	-79.9984	-79.9954	-79.9931	-79.9915	-79.9903	-79.9894	-79.9887	-79.9882	-79.9879	-79.9876	-79.9874	-79.9873	-79.9872	-79.9872	-79.9871	-79.9871	-79.987	-79.987	-79.987	-79.987	-79.987	-79.987	-79.987	-79.987	-79.987	-79.987	-79.987	-79.987	-79.987	-79.987	-79.987	-79.987	-79.987	-79.987	-79.987	-79.9871
0.27	-79.9984	-79.9954	-79.9931	-79.9915	-79.9902	-79.9893	-79.9887	-79.9882	-79.9878	-79.9876	-79.9874	-79.9872	-79.9871	-79.9871	-79.987	-79.987	-79.987	-79.9869	-79.9869	-79.9869	-79.9869	-79.9869	-79.9869	-79.9869	-79.9869	-79.9869	-79.9869	-79.9869	-79.9869	-79.9869	-79.9869	-79.9869	-79.9869	-79.9869	-79.987	-79.987
0.275	-79.9984	-79.9954	-79.9931	-79.9914	-79.9902	-79.9893	-79.9886	-79.9881	-79.9878	-79.9875	-79.9873	-79.9872	-79.9871	-79.987	-79.987	-79.9869	-79.9869	-79.9869	-79.9869	-79.9869	-79.9868	-79.9868	-79.9868	-79.9868	-79.9868	-79.9868	-79.9868	-79.9868	-79.9868	-79.9868	-79.9868	-79.9869	-79.9869	-79.9869	-79.9869	-79.9869
0.28	-79.9984	-79.9954	-79.9931	-79.9914	-79.9902	-79.9892	-79.9886	-79.9881	-79.9877	-79.9874	-79.9872	-79.9871	-79.987	-79.9869	-79.9869	-79.9868	-79.9868	-79.9868	-79.9868	-79.9868	-79.9868	-79.9868	-79.9868	-79.9868	-79.9868	-79.9868	-79.9868	-79.9868	-79.9868	-79.9868	-79.9868	-79.9868	-79.9868	-79.9868	-79.9868	-79.9868
0.285	-79.9984	-79.9953	-79.9931	-79.9914	-79.9901	-79.9892	-79.9885	-79.988	-79.9876	-79.9874	-79.9872	-79.987	-79.9869	-79.9869	-79.9868	-79.9868	-79.9867	-79.9867	-79.9867	-79.9867	-79.9867	-79.9867	-79.9867	-79.9867	-79.9867	-79.9867	-79.9867	-79.9867	-79.9867	-79.9867	-79.9867	-79.9867	-79.9867	-79.9867	-79.9867	-79.9868
0.29	-79.9984	-79.9953	-79.993	-79.9913	-79.9901	-79.9891	-79.9885	-79.988	-79.9876	-79.9873	-79.9871	-79.987	-79.9869	-79.9868	-79.9867	-79.9867	-79.9867	-79.9867	-79.9866	-79.9866	-79.9866	-79.9866	-79.9866	-79.9866	-79.9866	-79.9866	-79.9866	-79.9866	-79.9866	-79.9866	-79.9866	-79.9866	-79.9866	-79.9866	-79.9867	-79.9867
0.295	-79.9984	-79.9953	-79.993	-79.9913	-79.99	-79.9891	-79.9884	-79.9879	-79.9875	-79.9873	-79.9871	-79.9869	-79.9868	-79.9867	-79.9867	-79.9866	-79.9866	-79.9866	-79.9866	-79.9866	-79.9866	-79.9865	-79.9865	-79.9865	-79.9865	-79.9865	-79.9865	-79.9865	-79.9865	-79.9865	-79.9866	-79.9866	-79.9866	-79.9866	-79.9866	-79.9866
0.3	-79.9984	-79.9953	-79.993	-79.9913	-79.99	-79.9891	-79.9884	-79.9878	-79.9875	-79.9872	-79.987	-79.9868	-79.9867	-79.9867	-79.9866	-79.9866	-79.9865	-79.9865	-79.9865	-79.9865	-79.9865	-79.9865	-79.9865	-79.9865	-79.9865	-79.9865	-79.9865	-79.9865	-79.9865	-79.9865	-79.9865	-79.9865	-79.9865	-79.9865	-79.9865	-79.9865
0.305	-79.9984	-79.9953	-79.993	-79.9912	-79.99	-79.989	-79.9883	-79.9878	-79.9874	-79.9871	-79.9869	-79.9868	-79.9867	-79.9866	-79.9865	-79.9865	-79.9865	-79.9865	-79.9864	-79.9864	-79.9864	-79.9864	-79.9864	-79.9864	-79.9864	-79.9864	-79.9864	-79.9864	-79.9864	-79.9864	-79.9864	-79.9864	-79.9864	-79.9864	-79.9865	-79.9865
0.31	-79.9984	-79.9953	-79.993	-79.9912	-79.9899	-79.989	-79.9883	-79.9877	-79.9874	-79.9871	-79.9869	-79.9867	-79.9866	-79.9865	-79.9865	-79.9864	-79.9864	-79.9864	-79.9864	-79.9864	-79.9864	-79.9863	-79.9863	-79.9863	-79.9863	-79.9863	-79.9863	-79.9863	-79.9863	-79.9863	-79.9864	-79.9864	-79.9864	-79.9864	-79.9864	-79.9864
0.315	-79.9984	-79.9953	-79.9929	-79.9912	-79.9899	-79.9889	-79.9882	-79.9877	-79.9873	-79.987	-79.9868	-79.9867	-79.9865	-79.9865	-79.9864	-79.9864	-79.9863	-79.9863	-79.9863	-79.9863	-79.9863	-79.9863	-79.9863	-79.9863	-79.9863	-79.9863	-79.9863	-79.9863	-79.9863	-79.9863	-79.9863	-79.9863	-79.9863	-79.9863	-79.9863	-79.9863
0.32	-79.9984	-79.9953	-79.9929	-79.9912	-79.9899	-79.9889	-79.9882	-79.9876	-79.9872	-79.987	-79.9867	-79.9866	-79.9865	-79.9864	-79.9863	-79.9863	-79.9863	-79.9863	-79.9862	-79.9862	-79.9862	-79.9862	-79.9862	-79.9862	-79.9862	-79.9862	-79.9862	-79.9862	-79.9862	-79.9862	-79.9862	-79.9862	-79.9862	-79.9862	-79.9863	-79.9863
0.325	-79.9984	-79.9953	-79.9929	-79.9911	-79.9898	-79.9888	-79.9881	-79.9876	-79.9872	-79.9869	-79.9867	-79.9865	-79.9864	-79.9863	-79.9863	-79.9862	-79.9862	-79.9862	-79.9862	-79.9862	-79.9862	-79.9861	-79.9861	-79.9861	-79.9861	-79.9861	-79.9861	-79.9861	-79.9861	-79.9861	-79.9861	-79.9862	-79.9862	-79.9862	-79.9862	-79.9862
0.33	-79.9984	-79.9952	-79.9929	-79.9911	-79.9898	-79.9888	-79.9881	-79.9875	-79.9871	-79.9868	-79.9866	-79.9865	-79.9864	-79.9863	-79.9862	-79.9862	-79.9861	-79.9861	-79.9861	-79.9861	-79.9861	-79.9861	-79.9861	-79.9861	-79.9861	-79.9861	-79.9861	-79.9861	-79.9861	-79.9861	-79.9861	-79.9861	-79.9861	-79.9861	-79.9861	-79.9861
0.335	-79.9984	-79.9952	-79.9929	-79.9911	-79.9898	-79.9888	-79.988	-79.9875	-79.9871	-79.9868	-79.9866	-79.9864	-79.9863	-79.9862	-79.9862	-79.9861	-79.9861	-79.9861	-79.986	-79.986	-79.986	-79.986	-79.986	-79.986	-79.986	-79.986	-79.986	-79.986	-79.986	-79.986	-79.986	-79.986	-79.986	-79.986	-79.9861	-79.9861
0.34	-79.9984	-79.9952	-79.9928	-79.9911	-79.9897	-79.9887	-79.988	-79.9874	-79.987	-79.9867	-79.9865	-79.9864	-79.9862	-79.9862	-79.9861	-79.9861	-79.986	-79.986	-79.986	-79.986	-79.986	-79.986	-79.9859	-79.9859	-79.9859	-79.9859	-79.9859	-79.9859	-79.9859	-79.986	-79.986	-79.986	-79.986	-79.986	-79.986	-79.986
0.345	-79.9984	-79.9952	-79.9928	-79.991	-79.9897	-79.9887	-79.9879	-79.9874	-79.987	-79.9867	-79.9865	-79.9863	-79.9862	-79.9861	-79.986	-79.986	-79.986	-79.9859	-79.9859	-79.9859	-79.9859	-79.9859	-79.9859	-79.9859	-79.9859	-79.9859	-79.9859	-79.9859	-79.9859	-79.9859	-79.9859	-79.9859	-79.9859	-79.9859	-79.9859	-79.986
0.35	-79.9984	-79.9952	-79.9928	-79.991	-79.9897	-79.9886	-79.9879	-79.9874	-79.9869	-79.9866	-79.9864	-79.9862	-79.9861	-79.986	-79.986	-79.9859	-79.9859	-79.9859	-79.9859	-79.9858	-79.9858	-79.9858	-79.9858	-79.9858	-79.9858	-79.9858	-79.9858	-79.9858	-79.9858	-79.9858	-79.9858	-79.9858	-79.9858	-79.9859	-79.9859	-79.9859
0.355	-79.9984	-79.9952	-79.9928	-79.991	-79.9896	-79.9886	-79.9879	-79.9873	-79.9869	-79.9866	-79.9864	-79.9862	-79.9861	-79.986	-79.9859	-79.9859	-79.9858	-79.9858	-79.9858	-79.9858	-79.9858	-79.9858	-79.9858	-79.9858	-79.9858	-79.9858	-79.9858	-79.9858	-79.9858	-79.9858	-79.9858	-79.9858	-79.9858	-79.9858	-79.9858	-79.9858
0.36	-79.9984	-79.9952	-79.9928	-79.991	-79.9896	-79.9886	-79.9878	-79.9873	-79.9868	-79.9865	-79.9863	-79.9861	-79.986	-79.9859	-79.9859	-79.9858	-79.9858	-79.9858	-79.9857	-79.9857	-79.9857	-79.9857	-79.9857	-79.9857	-79.9857	-79.9857	-79.9857	-79.9857	-79.9857	-79.9857	-79.9857	-79.9857	-79.9857	-79.9857	-79.9857	-79.9858
0.365	-79.9984	-79.9952	-79.9928	-79.9909	-79.9896	-79.9885	-79.9878	-79.9872	-79.9868	-79.9865	-79.9863	-79.9861	-79.986	-79.9859	-79.9858	-79.9858	-79.9857	-79.9857	-79.9857	-79.9857	-79.9856	-79.9856	-79.9856	-79.9856	-79.9856	-79.9856	-79.9856	-79.9856	-79.9856	-79.9856	-79.9856	-79.9857	-79.9857	-79.9857	-79.9857	-79.9857
0.37	-79.9984	-79.9952	-79.9927	-79.9909	-79.9895	-79.9885	-79.9877	-79.9872	-79.9867	-79.9864	-79.9862	-79.986	-79.9859	-79.9858	-79.9857	-79.9857	-79.9857	-79.9856	-79.9856	-79.9856	-79.9856	-79.9856	-79.9856	-79.9856	-79.9856	-79.9856	-79.9856	-79.9856	-79.9856	-79.9856	-79.9856	-79.9856	-79.9856	-79.9856	-79.9856	-79.9856
0.375	-79.9984	-79.9952	-79.9927	-79.9909	-79.9895	-79.9885	-79.9877	-79.9871	-79.9867	-79.9864	-79.9861	-79.986	-79.9858	-79.9858	-79.9857	-79.9856	-79.9856	-79.9856	-79.9856	-79.9855	-79.9855	-79.9855	-79.9855	-79.9855	-79.9855	-79.9855	-79.9855	-79.9855	-79.9855	-79.9855	-79.9855	-79.9855	-79.9855	-79.9856	-79.9856	-79.9856
0.38	-79.9984	-79.9952	-79.9927	-79.9909	-79.9895	-79.9884	-79.9877	-79.9871	-79.9866	-79.9863	-79.9861	-79.9859	-79.9858	-79.9857	-79.9856	-79.9856	-79.9855	-79.9855	-79.9855	-79.9855	-79.9855	-79.9855	-79.9855	-79.9855	-79.9855	-79.9855	-79.9855	-79.9855	-79.9855	-79.9855	-79.9855	-79.9855	-79.9855	-79.9855	-79.9855	-79.9855
0.385	-79.9984	-79.9951	-79.9927	-79.9908	-79.9894	-79.9884	-79.9876	-79.987	-79.9866	-79.9863	-79.986	-79.9859	-79.9857	-79.9856	-79.9856	-79.9855	-79.9855	-79.9855	-79.9854	-79.9854	-79.9854	-79.9854	-79.9854	-79.9854	-79.9854	-79.9854	-79.9854	-79.9854	-79.9854	-79.9854	-79.9854	-79.9854	-79.9854	-79.9854	-79.9855	-79.9855
0.39	-79.9984	-79.9951	-79.9927	-79.9908	-79.9894	-79.9884	-79.9876	-79.987	-79.9866	-79.9862	-79.986	-79.9858	-79.9857	-79.9856	-79.9855	-79.9855	-79.9854	-79.9854	-79.9854	-79.9854	-79.9854	-79.9854	-79.9854	-79.9853	-79.9853	-79.9853	-79.9853	-79.9853	-79.9854	-79.9854	-79.9854	-79.9854	-79.9854	-79.9854	-79.9854	-79.9854
0.395	-79.9984	-79.9951	-79.9927	-79.9908	-79.9894	-79.9883	-79.9875	-79.987	-79.9865	-79.9862	-79.9859	-79.9858	-79.9856	-79.9855	-79.9855	-79.9854	-79.9854	-79.9854	-79.9853	-79.9853	-79.9853	-79.9853	-79.9853	-79.9853	-79.9853	-79.9853	-79.9853	-79.9853	-79.9853	-79.9853	-79.9853	-79.9853	-79.9853	-79.9853	-79.9853	-79.9854
0.4	-79.9984	-79.9951	-79.9926	-79.9908	-79.9894	-79.9883	-79.9875	-79.9869	-79.9865	-79.9861	-79.9859	-79.9857	-79.9856	-79.9855	-79.9854	-79.9854	-79.9853	-79.9853	-79.9853	-79.9853	-79.9853	-79.9852	-79.9852	-79.9852	-79.9852	-79.9852	-79.9852	-79.9852	-79.9852	-79.9852	-79.9852	-79.9853	-79.9853	-79.9853	-79.9853	-79.9853
0.405	-79.9984	-79.9951	-79.9926	-79.9907	-79.9893	-79.9883	-79.9875	-79.9869	-79.9864	-79.9861	-79.9858	-79.9857	-79.9855	-79.9854	-79.9854	-79.9853	-79.9853	-79.9852	-79.9852	-79.9852	-79.9852	-79.9852	-79.9852	-79.9852	-79.9852	-79.9852	-79.9852	-79.9852	-79.9852	-79.9852	-79.9852	-79.9852	-79.9852	-79.9852	-79.9852	-79.9853
0.41	-79.9984	-79.9951	-79.9926	-79.9907	-79.9893	-79.9882	-79.9874	-79.9868	-79.9864	-79.986	-79.9858	-79.9856	-79.9855	-79.9854	-79.9853	-79.9853	-79.9852	-79.9852	-79.9852	-79.9852	-79.9851	-79.9851	-79.9851	-79.9851	-79.9851	-79.9851	-79.9851	-79.9851	-79.9851	-79.9851	-79.9851	-79.9851	-79.9851	-79.9852	-79.9852	-79.9852
0.415	-79.9984	-79.9951	-79.9926	-79.9907	-79.9893	-79.9882	-79.9874	-79.9868	-79.9863	-79.986	-79.9857	-79.9856	-79.9854	-79.9853	-79.9853	-79.9852	-79.9852	-79.9851	-79.9851	-79.9851	-79.9851	-79.9851	-79.9851	-79.9851	-79.9851	-79.9851	-79.9851	-79.9851	-79.9851	-79.9851	-79.9851	-79.9851	-79.9851	-79.9851	-79.9851	-79.9851
0.42	-79.9984	-79.9951	-79.9926	-79.9907	-79.9892	-79.9882	-79.9874	-79.9867	-79.9863	-79.986	-79.9857	-79.9855	-79.9854	-79.9853	-79.9852	-79.9852	-79.9851	-79.9851	-79.9851	-79.985	-79.985	-79.985	-79.985	-79.985	-79.985	-79.985	-79.985	-79.985	-79.985	-79.985	-79.985	-79.985	-79.985	-79.9851	-79.9851	-79.9851
0.425	-79.9984	-79.9951	-79.9926	-79.9907	-79.9892	-79.9881	-79.9873	-79.9867	-79.9863	-79.9859	-79.9857	-79.9855	-79.9853	-79.9852	-79.9852	-79.9851	-79.9851	-79.985	-79.985	-79.985	-79.985	-79.985	-79.985	-79.985	-79.985	-79.985	-79.985	-79.985	-79.985	-79.985	-79.985	-79.985	-79.985	-79.985	-79.985	-79.985
0.43	-79.9984	-79.9951	-79.9925	-79.9906	-79.9892	-79.9881	-79.9873	-79.9867	-79.9862	-79.9859	-79.9856	-79.9854	-79.9853	-79.9852	-79.9851	-79.985	-79.985	-79.985	-79.985	-79.9849	-79.9849	-79.9849	-79.9849	-79.9849	-79.9849	-79.9849	-79.9849	-79.9849	-79.9849	-79.9849	-79.9849	-79.9849	-79.9849	-79.9849	-79.985	-79.985
0.435	-79.9984	-79.9951	-79.9925	-79.9906	-79.9892	-79.9881	-79.9872	-79.9866	-79.9862	-79.9858	-79.9856	-79.9854	-79.9852	-79.9851	-79.9851	-79.985	-79.985	-79.9849	-79.9849	-79.9849	-79.9849	-79.9849	-79.9849	-79.9849	-79.9849	-79.9848	-79.9848	-79.9849	-79.9849	-79.9849	-79.9849	-79.9849	-79.9849	-79.9849	-79.9849	-79.9849
0.44	-79.9984	-79.9951	-79.9925	-79.9906	-79.9891	-79.988	-79.9872	-79.9866	-79.9861	-79.9858	-79.9855	-79.9853	-79.9852	-79.9851	-79.985	-79.9849	-79.9849	-79.9849	-79.9848	-79.9848	-79.9848	-79.9848	-79.9848	-79.9848	-79.9848	-79.9848	-79.9848	-79.9848	-79.9848	-79.9848	-79.9848	-79.9848	-79.9848	-79.9848	-79.9849	-79.9849
0.445	-79.9984	-79.995	-79.9925	-79.9906	-79.9891	-79.988	-79.9872	-79.9865	-79.9861	-79.9857	-79.9855	-79.9853	-79.9851	-79.985	-79.985	-79.9849	-79.9848	-79.9848	-79.9848	-79.9848	-79.9848	-79.9848	-79.9848	-79.9847	-79.9847	-79.9847	-79.9847	-79.9847	-79.9847	-79.9848	-79.9848	-79.9848	-79.9848	-79.9848	-79.9848	-79.9848
0.45	-79.9984	-79.995	-79.9925	-79.9905	-79.9891	-79.988	-79.9871	-79.9865	-79.986	-79.9857	-79.9854	-79.9852	-79.9851	-79.985	-79.9849	-79.9848	-79.9848	-79.9848	-79.9847	-79.9847	-79.9847	-79.9847	-79.9847	-79.9847	-79.9847	-79.9847	-79.9847	-79.9847	-79.9847	-79.9847	-79.9847	-79.9847	-79.9847	-79.9847	-79.9847	-79.9848
0.455	-79.9984	-79.995	-79.9925	-79.9905	-79.9891	-79.9879	-79.9871	-79.9865	-79.986	-79.9856	-79.9854	-79.9852	-79.985	-79.9849	-79.9849	-79.9848	-79.9847	-79.9847	-79.9847	-79.9847	-79.9847	-79.9847	-79.9846	-79.9846	-79.9846	-79.9846	-79.9846	-79.9846	-79.9846	-79.9846	-79.9847	-79.9847	-79.9847	-79.9847	-79.9847	-79.9847
0.46	-79.9984	-79.995	-79.9925	-79.9905	-79.989	-79.9879	-79.9871	-79.9864	-79.986	-79.9856	-79.9853	-79.9851	-79.985	-79.9849	-79.9848	-79.9847	-79.9847	-79.9847	-79.9846	-79.9846	-79.9846	-79.9846	-79.9846	-79.9846	-79.9846	-79.9846	-79.9846	-79.9846	-79.9846	-79.9846	-79.9846	-79.9846	-79.9846	-79.9846	-79.9846	-79.9847
0.465	-79.9984	-79.995	-79.9924	-79.9905	-79.989	-79.9879	-79.987	-79.9864	-79.9859	-79.9856	-79.9853	-79.9851	-79.9849	-79.9848	-79.9848	-79.9847	-79.9846	-79.9846	-79.9846	-79.9846	-79.9846	-79.9846	-79.9846	-79.9845	-79.9845	-79.9845	-79.9845	-79.9845	-79.9845	-79.9846	-79.9846	-79.9846	-79.9846	-79.9846	-79.9846	-79.9846
0.47	-79.9984	-79.995	-79.9924	-79.9905	-79.989	-79.9879	-79.987	-79.9864	-79.9859	-79.9855	-79.9853	-79.9851	-79.9849	-79.9848	-79.9847	-79.9846	-79.9846	-79.9846	-79.9846	-79.9845	-79.9845	-79.9845	-79.9845	-79.9845	-79.9845	-79.9845	-79.9845	-79.9845	-79.9845	-79.9845	-79.9845	-79.9845	-79.9845	-79.9845	-79.9846	-79.9846
0.475	-79.9984	-79.995	-79.9924	-79.9904	-79.989	-79.9878	-79.987	-79.9863	-79.9858	-79.9855	-79.9852	-79.985	-79.9849	-79.9847	-79.9847	-79.9846	-79.9846	-79.9845	-79.9845	-79.9845	-79.9845	-79.9845	-79.9845	-79.9844	-79.9844	-79.9844	-79.9844	-79.9844	-79.9844	-79.9845	-79.9845	-79.9845	-79.9845	-79.9845	-79.9845	-79.9845
0.48	-79.9984	-79.995	-79.9924	-79.9904	-79.9889	-79.9878	-79.9869	-79.9863	-79.9858	-79.9854	-79.9852	-79.985	-79.9848	-79.9847	-79.9846	-79.9846	-79.9845	-79.9845	-79.9845	-79.9844	-79.9844	-79.9844	-79.9844	-79.9844	-79.9844	-79.9844	-79.9844	-79.9844	-79.9844	-79.9844	-79.9844	-79.9844	-79.9844	-79.9844	-79.9845	-79.9845
0.485	-79.9984	-79.995	-79.9924	-79.9904	-79.9889	-79.9878	-79.9869	-79.9863	-79.9858	-79.9854	-79.9851	-79.9849	-79.9848	-79.9846	-79.9846	-79.9845	-79.9845	-79.9844	-79.9844	-79.9844	-79.9844	-79.9844	-79.9844	-79.9844	-79.9843	-79.9843	-79.9843	-79.9843	-79.9843	-79.9844	-79.9844	-79.9844	-79.9844	-79.9844	-79.9844	-79.9844
0.49	-79.9984	-79.995	-79.9924	-79.9904	-79.9889	-79.9877	-79.9869	-79.9862	-79.9857	-79.9854	-79.9851	-79.9849	-79.9847	-79.9846	-79.9845	-79.9845	-79.9844	-79.9844	-79.9844	-79.9843	-79.9843	-79.9843	-79.9843	-79.9843	-79.9843	-79.9843	-79.9843	-79.9843	-79.9843	-79.9843	-79.9843	-79.9843	-79.9843	-79.9843	-79.9844	-79.9844
0.495	-79.9984	-79.995	-79.9924	-79.9904	-79.9889	-79.9877	-79.9868	-79.9862	-79.9857	-79.9853	-79.985	-79.9848	-79.9847	-79.9846	-79.9845	-79.9844	-79.9844	-79.9843	-79.9843	-79.9843	-79.9843	-79.9843	-79.9843	-79.9843	-79.9842	-79.9842	-79.9842	-79.9842	-79.9843	-79.9843	-79.9843	-79.9843	-79.9843	-79.9843	-79.9843	-79.9843
0.5	-79.9984	-79.995	-79.9923	-79.9903	-79.9888	-79.9877	-79.9868	-79.9861	-79.9856	-79.9853	-79.985	-79.9848	-79.9846	-79.9845	-79.9844	-79.9844	-79.9843	-79.9843	-79.9843	-79.9842	-79.9842	-79.9842	-79.9842	-79.9842	-79.9842	-79.9842	-79.9842	-79.9842	-79.9842	-79.9842	-79.9842	-79.9842	-79.9842	-79.9842	-79.9843	-79.9843
0.505	-79.9984	-79.995	-79.9923	-79.9903	-79.9888	-79.9876	-79.9868	-79.9861	-79.9856	-79.9852	-79.985	-79.9847	-79.9846	-79.9845	-79.9844	-79.9843	-79.9843	-79.9842	-79.9842	-79.9842	-79.9842	-79.9842	-79.9842	-79.9842	-79.9842	-79.9842	-79.9842	-79.9842	-79.9842	-79.9842	-79.9842	-79.9842	-79.9842	-79.9842	-79.9842	-79.9842
0.51	-79.9984	-79.995	-79.9923	-79.9903	-79.9888	-79.9876	-79.9867	-79.9861	-79.9856	-79.9852	-79.9849	-79.9847	-79.9845	-79.9844	-79.9843	-79.9843	-79.9842	-79.9842	-79.9842	-79.9841	-79.9841	-79.9841	-79.9841	-79.9841	-79.9841	-79.9841	-79.9841	-79.9841	-79.9841	-79.9841	-79.9841	-79.9841	-79.9841	-79.9841	-79.9842	-79.9842
0.515	-79.9984	-79.9949	-79.9923	-79.9903	-79.9888	-79.9876	-79.9867	-79.986	-79.9855	-79.9852	-79.9849	-79.9847	-79.9845	-79.9844	-79.9843	-79.9842	-79.9842	-79.9841	-79.9841	-79.9841	-79.9841	-79.9841	-79.9841	-79.9841	-79.9841	-79.9841	-79.9841	-79.9841	-79.9841	-79.9841	-79.9841	-79.9841	-79.9841	-79.9841	-79.9841	-79.9841
0.52	-79.9984	-79.9949	-79.9923	-79.9903	-79.9887	-79.9876	-79.9867	-79.986	-79.9855	-79.9851	-79.9848	-79.9846	-79.9845	-79.9843	-79.9843	-79.9842	-79.9841	-79.9841	-79.9841	-79.9841	-79.984	-79.984	-79.984	-79.984	-79.984	-79.984	-79.984	-79.984	-79.984	-79.984	-79.984	-79.984	-79.984	-79.9841	-79.9841	-79.9841
0.525	-79.9984	-79.9949	-79.9923	-79.9903	-79.9887	-79.9875	-79.9866	-79.986	-79.9855	-79.9851	-79.9848	-79.9846	-79.9844	-79.9843	-79.9842	-79.9841	-79.9841	-79.9841	-79.984	-79.984	-79.984	-79.984	-79.984	-79.984	-79.984	-79.984	-79.984	-79.984	-79.984	-79.984	-79.984	-79.984	-79.984	-79.984	-79.984	-79.984
0.53	-79.9984	-79.9949	-79.9923	-79.9902	-79.9887	-79.9875	-79.9866	-79.9859	-79.9854	-79.985	-79.9848	-79.9845	-79.9844	-79.9843	-79.9842	-79.9841	-79.984	-79.984	-79.984	-79.984	-79.9839	-79.9839	-79.9839	-79.9839	-79.9839	-79.9839	-79.9839	-79.9839	-79.9839	-79.9839	-79.9839	-79.9839	-79.9839	-79.984	-79.984	-79.984
0.535	-79.9984	-79.9949	-79.9923	-79.9902	-79.9887	-79.9875	-79.9866	-79.9859	-79.9854	-79.985	-79.9847	-79.9845	-79.9843	-79.9842	-79.9841	-79.9841	-79.984	-79.984	-79.9839	-79.9839	-79.9839	-79.9839	-79.9839	-79.9839	-79.9839	-79.9839	-79.9839	-79.9839	-79.9839	-79.9839	-79.9839	-79.9839	-79.9839	-79.9839	-79.9839	-79.984
0.54	-79.9984	-79.9949	-79.9922	-79.9902	-79.9886	-79.9875	-79.9866	-79.9859	-79.9854	-79.985	-79.9847	-79.9845	-79.9843	-79.9842	-79.9841	-79.984	-79.984	-79.9839	-79.9839	-79.9839	-79.9839	-79.9838	-79.9838	-79.9838	-79.9838	-79.9838	-79.9838	-79.9838	-79.9838	-79.9838	-79.9838	-79.9838	-79.9839	-79.9839	-79.9839	-79.9839
0.545	-79.9984	-79.9949	-79.9922	-79.9902	-79.9886	-79.9874	-79.9865	-79.9858	-79.9853	-79.9849	-79.9846	-79.9844	-79.9843	-79.9841	-79.984	-79.984	-79.9839	-79.9839	-79.9838	-79.9838	-79.9838	-79.9838	-79.9838	-79.9838	-79.9838	-79.9838	-79.9838	-79.9838	-79.9838	-79.9838	-79.9838	-79.9838	-79.9838	-79.9838	-79.9838	-79.9839
0.55	-79.9984	-79.9949	-79.9922	-79.9902	-79.9886	-79.9874	-79.9865	-79.9858	-79.9853	-79.9849	-79.9846	-79.9844	-79.9842	-79.9841	-79.984	-79.9839	-79.9839	-79.9838	-79.9838	-79.9838	-79.9838	-79.9838	-79.9837	-79.9837	-79.9837	-79.9837	-79.9837	-79.9837	-79.9837	-79.9837	-79.9837	-79.9838	-79.9838	-79.9838	-79.9838	-79.9838
0.555	-79.9984	-79.9949	-79.9922	-79.9902	-79.9886	-79.9874	-79.9865	-79.9858	-79.9853	-79.9849	-79.9846	-79.9843	-79.9842	-79.984	-79.9839	-79.9839	-79.9838	-79.9838	-79.9838	-79.9837	-79.9837	-79.9837	-79.9837	-79.9837	-79.9837	-79.9837	-79.9837	-79.9837	-79.9837	-79.9837	-79.9837	-79.9837	-79.9837	-79.9837	-79.9837	-79.9838
0.56	-79.9984	-79.9949	-79.9922	-79.9901	-79.9886	-79.9874	-79.9864	-79.9857	-79.9852	-79.9848	-79.9845	-79.9843	-79.9841	-79.984	-79.9839	-79.9838	-79.9838	-79.9837	-79.9837	-79.9837	-79.9837	-79.9837	-79.9837	-79.9837	-79.9837	-79.9836	-79.9836	-79.9837	-79.9837	-79.9837	-79.9837	-79.9837	-79.9837	-79.9837	-79.9837	-79.9837
0.565	-79.9984	-79.9949	-79.9922	-79.9901	-79.9885	-79.9873	-79.9864	-79.9857	-79.9852	-79.9848	-79.9845	-79.9843	-79.9841	-79.984	-79.9839	-79.9838	-79.9837	-79.9837	-79.9837	-79.9837	-79.9836	-79.9836	-79.9836	-79.9836	-79.9836	-79.9836	-79.9836	-79.9836	-79.9836	-79.9836	-79.9836	-79.9836	-79.9836	-79.9836	-79.9837	-79.9837
0.57	-79.9984	-79.9949	-79.9922	-79.9901	-79.9885	-79.9873	-79.9864	-79.9857	-79.9852	-79.9847	-79.9844	-79.9842	-79.984	-79.9839	-79.9838	-79.9837	-79.9837	-79.9837	-79.9836	-79.9836	-79.9836	-79.9836	-79.9836	-79.9836	-79.9836	-79.9836	-79.9836	-79.9836	-79.9836	-79.9836	-79.9836	-79.9836	-79.9836	-79.9836	-79.9836	-79.9836
0.575	-79.9984	-79.9949	-79.9922	-79.9901	-79.9885	-79.9873	-79.9864	-79.9856	-79.9851	-79.9847	-79.9844	-79.9842	-79.984	-79.9839	-79.9838	-79.9837	-79.9837	-79.9836	-79.9836	-79.9836	-79.9835	-79.9835	-79.9835	-79.9835	-79.9835	-79.9835	-79.9835	-79.9835	-79.9835	-79.9835	-79.9835	-79.9835	-79.9835	-79.9836	-79.9836	-79.9836
0.58	-79.9984	-79.9949	-79.9921	-79.9901	-79.9885	-79.9873	-79.9863	-79.9856	-79.9851	-79.9847	-79.9844	-79.9841	-79.984	-79.9838	-79.9837	-79.9837	-79.9836	-79.9836	-79.9835	-79.9835	-79.9835	-79.9835	-79.9835	-79.9835	-79.9835	-79.9835	-79.9835	-79.9835	-79.9835	-79.9835	-79.9835	-79.9835	-79.9835	-79.9835	-79.9835	-79.9836
0.585	-79.9984	-79.9949	-79.9921	-79.99	-79.9884	-79.9872	-79.9863	-79.9856	-79.985	-79.9846	-79.9843	-79.9841	-79.9839	-79.9838	-79.9837	-79.9836	-79.9836	-79.9835	-79.9835	-79.9835	-79.9835	-79.9834	-79.9834	-79.9834	-79.9834	-79.9834	-79.9834	-79.9834	-79.9834	-79.9834	-79.9834	-79.9834	-79.9835	-79.9835	-79.9835	-79.9835
0.59	-79.9984	-79.9949	-79.9921	-79.99	-79.9884	-79.9872	-79.9863	-79.9856	-79.985	-79.9846	-79.9843	-79.9841	-79.9839	-79.9838	-79.9837	-79.9836	-79.9835	-79.9835	-79.9835	-79.9834	-79.9834	-79.9834	-79.9834	-79.9834	-79.9834	-79.9834	-79.9834	-79.9834	-79.9834	-79.9834	-79.9834	-79.9834	-79.9834	-79.9834	-79.9834	-79.9835
0.595	-79.9984	-79.9948	-79.9921	-79.99	-79.9884	-79.9872	-79.9862	-79.9855	-79.985	-79.9846	-79.9843	-79.984	-79.9838	-79.9837	-79.9836	-79.9835	-79.9835	-79.9834	-79.9834	-79.9834	-79.9834	-79.9834	-79.9834	-79.9833	-79.9833	-79.9833	-79.9833	-79.9833	-79.9833	-79.9833	-79.9834	-79.9834	-79.9834	-79.9834	-79.9834	-79.9834
0.6	-79.9984	-79.9948	-79.9921	-79.99	-79.9884	-79.9872	-79.9862	-79.9855	-79.9849	-79.9845	-79.9842	-79.984	-79.9838	-79.9837	-79.9836	-79.9835	-79.9834	-79.9834	-79.9834	-79.9834	-79.9833	-79.9833	-79.9833	-79.9833	-79.9833	-79.9833	-79.9833	-79.9833	-79.9833	-79.9833	-79.9833	-79.9833	-79.9833	-79.9833	-79.9834	-79.9834
0.605	-79.9984	-79.9948	-79.9921	-79.99	-79.9884	-79.9871	-79.9862	-79.9855	-79.9849	-79.9845	-79.9842	-79.9839	-79.9838	-79.9836	-79.9835	-79.9835	-79.9834	-79.9834	-79.9833	-79.9833	-79.9833	-79.9833	-79.9833	-79.9833	-79.9833	-79.9833	-79.9833	-79.9833	-79.9833	-79.9833	-79.9833	-79.9833	-79.9833	-79.9833	-79.9833	-79.9833
0.61	-79.9984	-79.9948	-79.9921	-79.99	-79.9883	-79.9871	-79.9862	-79.9854	-79.9849	-79.9845	-79.9842	-79.9839	-79.9837	-79.9836	-79.9835	-79.9834	-79.9834	-79.9833	-79.9833	-79.9833	-79.9832	-79.9832	-79.9832	-79.9832	-79.9832	-79.9832	-79.9832	-79.9832	-79.9832	-79.9832	-79.9832	-79.9832	-79.9832	-79.9833	-79.9833	-79.9833
0.615	-79.9984	-79.9948	-79.9921	-79.9899	-79.9883	-79.9871	-79.9861	-79.9854	-79.9848	-79.9844	-79.9841	-79.9839	-79.9837	-79.9836	-79.9835	-79.9834	-79.9833	-79.9833	-79.9832	-79.9832	-79.9832	-79.9832	-79.9832	-79.9832	-79.9832	-79.9832	-79.9832	-79.9832	-79.9832	-79.9832	-79.9832	-79.9832	-79.9832	-79.9832	-79.9832	-79.9833
0.62	-79.9984	-79.9948	-79.9921	-79.9899	-79.9883	-79.9871	-79.9861	-79.9854	-79.9848	-79.9844	-79.9841	-79.9838	-79.9837	-79.9835	-79.9834	-79.9833	-79.9833	-79.9832	-79.9832	-79.9832	-79.9832	-79.9832	-79.9831	-79.9831	-79.9831	-79.9831	-79.9831	-79.9831	-79.9831	-79.9831	-79.9831	-79.9831	-79.9832	-79.9832	-79.9832	-79.9832
0.625	-79.9984	-79.9948	-79.992	-79.9899	-79.9883	-79.987	-79.9861	-79.9853	-79.9848	-79.9844	-79.984	-79.9838	-79.9836	-79.9835	-79.9834	-79.9833	-79.9832	-79.9832	-79.9832	-79.9831	-79.9831	-79.9831	-79.9831	-79.9831	-79.9831	-79.9831	-79.9831	-79.9831	-79.9831	-79.9831	-79.9831	-79.9831	-79.9831	-79.9831	-79.9831	-79.9832
0.63	-79.9984	-79.9948	-79.992	-79.9899	-79.9883	-79.987	-79.986	-79.9853	-79.9848	-79.9843	-79.984	-79.9838	-79.9836	-79.9834	-79.9833	-79.9833	-79.9832	-79.9832	-79.9831	-79.9831	-79.9831	-79.9831	-79.9831	-79.9831	-79.983	-79.983	-79.983	-79.983	-79.983	-79.9831	-79.9831	-79.9831	-79.9831	-79.9831	-79.9831	-79.9831
0.635	-79.9984	-79.9948	-79.992	-79.9899	-79.9882	-79.987	-79.986	-79.9853	-79.9847	-79.9843	-79.984	-79.9837	-79.9835	-79.9834	-79.9833	-79.9832	-79.9832	-79.9831	-79.9831	-79.9831	-79.983	-79.983	-79.983	-79.983	-79.983	-79.983	-79.983	-79.983	-79.983	-79.983	-79.983	-79.983	-79.983	-79.983	-79.9831	-79.9831
0.64	-79.9984	-79.9948	-79.992	-79.9899	-79.9882	-79.987	-79.986	-79.9853	-79.9847	-79.9843	-79.9839	-79.9837	-79.9835	-79.9834	-79.9833	-79.9832	-79.9831	-79.9831	-79.983	-79.983	-79.983	-79.983	-79.983	-79.983	-79.983	-79.983	-79.983	-79.983	-79.983	-79.983	-79.983	-79.983	-79.983	-79.983	-79.983	-79.9831
0.645	-79.9984	-79.9948	-79.992	-79.9899	-79.9882	-79.9869	-79.986	-79.9852	-79.9847	-79.9842	-79.9839	-79.9837	-79.9835	-79.9833	-79.9832	-79.9831	-79.9831	-79.983	-79.983	-79.983	-79.983	-79.9829	-79.9829	-79.9829	-79.9829	-79.9829	-79.9829	-79.9829	-79.9829	-79.9829	-79.9829	-79.9829	-79.983	-79.983	-79.983	-79.983
0.65	-79.9984	-79.9948	-79.992	-79.9898	-79.9882	-79.9869	-79.9859	-79.9852	-79.9846	-79.9842	-79.9839	-79.9836	-79.9834	-79.9833	-79.9832	-79.9831	-79.983	-79.983	-79.983	-79.9829	-79.9829	-79.9829	-79.9829	-79.9829	-79.9829	-79.9829	-79.9829	-79.9829	-79.9829	-79.9829	-79.9829	-79.9829	-79.9829	-79.9829	-79.9829	-79.983
0.655	-79.9984	-79.9948	-79.992	-79.9898	-79.9882	-79.9869	-79.9859	-79.9852	-79.9846	-79.9842	-79.9838	-79.9836	-79.9834	-79.9833	-79.9831	-79.9831	-79.983	-79.983	-79.9829	-79.9829	-79.9829	-79.9829	-79.9829	-79.9828	-79.9828	-79.9828	-79.9828	-79.9828	-79.9828	-79.9828	-79.9829	-79.9829	-79.9829	-79.9829	-79.9829	-79.9829
0.66	-79.9984	-79.9948	-79.992	-79.9898	-79.9881	-79.9869	-79.9859	-79.9851	-79.9846	-79.9841	-79.9838	-79.9836	-79.9834	-79.9832	-79.9831	-79.983	-79.983	-79.9829	-79.9829	-79.9829	-79.9828	-79.9828	-79.9828	-79.9828	-79.9828	-79.9828	-79.9828	-79.9828	-79.9828	-79.9828	-79.9828	-79.9828	-79.9828	-79.9828	-79.9829	-79.9829
0.665	-79.9984	-79.9948	-79.992	-79.9898	-79.9881	-79.9868	-79.9859	-79.9851	-79.9845	-79.9841	-79.9838	-79.9835	-79.9833	-79.9832	-79.9831	-79.983	-79.9829	-79.9829	-79.9828	-79.9828	-79.9828	-79.9828	-79.9828	-79.9828	-79.9828	-79.9828	-79.9828	-79.9828	-79.9828	-79.9828	-79.9828	-79.9828	-79.9828	-79.9828	-79.9828	-79.9828
0.67	-79.9984	-79.9948	-79.9919	-79.9898	-79.9881	-79.9868	-79.9858	-79.9851	-79.9845	-79.9841	-79.9837	-79.9835	-79.9833	-79.9831	-79.983	-79.983	-79.9829	-79.9828	-79.9828	-79.9828	-79.9828	-79.9827	-79.9827	-79.9827	-79.9827	-79.9827	-79.9827	-79.9827	-79.9827	-79.9827	-79.9827	-79.9827	-79.9828	-79.9828	-79.9828	-79.9828
0.675	-79.9984	-79.9948	-79.9919	-79.9898	-79.9881	-79.9868	-79.9858	-79.9851	-79.9845	-79.984	-79.9837	-79.9834	-79.9833	-79.9831	-79.983	-79.9829	-79.9828	-79.9828	-79.9828	-79.9827	-79.9827	-79.9827	-79.9827	-79.9827	-79.9827	-79.9827	-79.9827	-79.9827	-79.9827	-79.9827	-79.9827	-79.9827	-79.9827	-79.9827	-79.9827	-79.9828
0.68	-79.9984	-79.9948	-79.9919	-79.9897	-79.9881	-79.9868	-79.9858	-79.985	-79.9844	-79.984	-79.9837	-79.9834	-79.9832	-79.9831	-79.983	-79.9829	-79.9828	-79.9828	-79.9827	-79.9827	-79.9827	-79.9827	-79.9827	-79.9827	-79.9827	-79.9827	-79.9826	-79.9826	-79.9827	-79.9827	-79.9827	-79.9827	-79.9827	-79.9827	-79.9827	-79.9827
0.685	-79.9984	-79.9947	-79.9919	-79.9897	-79.988	-79.9867	-79.9858	-79.985	-79.9844	-79.984	-79.9836	-79.9834	-79.9832	-79.983	-79.9829	-79.9828	-79.9828	-79.9827	-79.9827	-79.9827	-79.9827	-79.9826	-79.9826	-79.9826	-79.9826	-79.9826	-79.9826	-79.9826	-79.9826	-79.9826	-79.9826	-79.9826	-79.9826	-79.9827	-79.9827	-79.9827
0.69	-79.9984	-79.9947	-79.9919	-79.9897	-79.988	-79.9867	-79.9857	-79.985	-79.9844	-79.9839	-79.9836	-79.9833	-79.9831	-79.983	-79.9829	-79.9828	-79.9827	-79.9827	-79.9827	-79.9826	-79.9826	-79.9826	-79.9826	-79.9826	-79.9826	-79.9826	-79.9826	-79.9826	-79.9826	-79.9826	-79.9826	-79.9826	-79.9826	-79.9826	-79.9826	-79.9827
0.695	-79.9984	-79.9947	-79.9919	-79.9897	-79.988	-79.9867	-79.9857	-79.9849	-79.9844	-79.9839	-79.9836	-79.9833	-79.9831	-79.983	-79.9828	-79.9828	-79.9827	-79.9827	-79.9826	-79.9826	-79.9826	-79.9826	-79.9825	-79.9825	-79.9825	-79.9825	-79.9825	-79.9825	-79.9825	-79.9825	-79.9825	-79.9826	-79.9826	-79.9826	-79.9826	-79.9826
0.7	-79.9984	-79.9947	-79.9919	-79.9897	-79.988	-79.9867	-79.9857	-79.9849	-79.9843	-79.9839	-79.9835	-79.9833	-79.9831	-79.9829	-79.9828	-79.9827	-79.9827	-79.9826	-79.9826	-79.9826	-79.9825	-79.9825	-79.9825	-79.9825	-79.9825	-79.9825	-79.9825	-79.9825	-79.9825	-79.9825	-79.9825	-79.9825	-79.9825	-79.9825	-79.9826	-79.9826
0.705	-79.9984	-79.9947	-79.9919	-79.9897	-79.988	-79.9867	-79.9857	-79.9849	-79.9843	-79.9838	-79.9835	-79.9832	-79.983	-79.9829	-79.9828	-79.9827	-79.9826	-79.9826	-79.9825	-79.9825	-79.9825	-79.9825	-79.9825	-79.9825	-79.9825	-79.9825	-79.9825	-79.9825	-79.9825	-79.9825	-79.9825	-79.9825	-79.9825	-79.9825	-79.9825	-79.9825
0.71	-79.9984	-79.9947	-79.9919	-79.9897	-79.988	-79.9866	-79.9856	-79.9849	-79.9843	-79.9838	-79.9835	-79.9832	-79.983	-79.9829	-79.9827	-79.9827	-79.9826	-79.9825	-79.9825	-79.9825	-79.9825	-79.9824	-79.9824	-79.9824	-79.9824	-79.9824	-79.9824	-79.9824	-79.9824	-79.9824	-79.9824	-79.9824	-79.9824	-79.9825	-79.9825	-79.9825
0.715	-79.9984	-79.9947	-79.9919	-79.9896	-79.9879	-79.9866	-79.9856	-79.9848	-79.9842	-79.9838	-79.9834	-79.9832	-79.983	-79.9828	-79.9827	-79.9826	-79.9826	-79.9825	-79.9825	-79.9824	-79.9824	-79.9824	-79.9824	-79.9824	-79.9824	-79.9824	-79.9824	-79.9824	-79.9824	-79.9824	-79.9824	-79.9824	-79.9824	-79.9824	-79.9824	-79.9825
0.72	-79.9984	-79.9947	-79.9918	-79.9896	-79.9879	-79.9866	-79.9856	-79.9848	-79.9842	-79.9837	-79.9834	-79.9831	-79.9829	-79.9828	-79.9827	-79.9826	-79.9825	-79.9825	-79.9824	-79.9824	-79.9824	-79.9824	-79.9824	-79.9823	-79.9823	-79.9823	-79.9823	-79.9823	-79.9823	-79.9823	-79.9824	-79.9824	-79.9824	-79.9824	-79.9824	-79.9824
0.725	-79.9984	-79.9947	-79.9918	-79.9896	-79.9879	-79.9866	-79.9856	-79.9848	-79.9842	-79.9837	-79.9834	-79.9831	-79.9829	-79.9827	-79.9826	-79.9825	-79.9825	-79.9824	-79.9824	-79.9824	-79.9823	-79.9823	-79.9823	-79.9823	-79.9823	-79.9823	-79.9823	-79.9823	-79.9823	-79.9823	-79.9823	-79.9823	-79.9823	-79.9823	-79.9824	-79.9824
0.73	-79.9984	-79.9947	-79.9918	-79.9896	-79.9879	-79.9865	-79.9855	-79.9847	-79.9842	-79.9837	-79.9833	-79.9831	-79.9829	-79.9827	-79.9826	-79.9825	-79.9824	-79.9824	-79.9824	-79.9823	-79.9823	-79.9823	-79.9823	-79.9823	-79.9823	-79.9823	-79.9823	-79.9823	-79.9823	-79.9823	-79.9823	-79.9823	-79.9823	-79.9823	-79.9823	-79.9824
0.735	-79.9984	-79.9947	-79.9918	-79.9896	-79.9879	-79.9865	-79.9855	-79.9847	-79.9841	-79.9837	-79.9833	-79.983	-79.9828	-79.9827	-79.9826	-79.9825	-79.9824	-79.9824	-79.9823	-79.9823	-79.9823	-79.9823	-79.9822	-79.9822	-79.9822	-79.9822	-79.9822	-79.9822	-79.9822	-79.9822	-79.9822	-79.9822	-79.9823	-79.9823	-79.9823	-79.9823
0.74	-79.9984	-79.9947	-79.9918	-79.9896	-79.9878	-79.9865	-79.9855	-79.9847	-79.9841	-79.9836	-79.9833	-79.983	-79.9828	-79.9827	-79.9825	-79.9824	-79.9824	-79.9823	-79.9823	-79.9823	-79.9822	-79.9822	-79.9822	-79.9822	-79.9822	-79.9822	-79.9822	-79.9822	-79.9822	-79.9822	-79.9822	-79.9822	-79.9822	-79.9822	-79.9823	-79.9823
0.745	-79.9984	-79.9947	-79.9918	-79.9896	-79.9878	-79.9865	-79.9855	-79.9847	-79.9841	-79.9836	-79.9832	-79.983	-79.9828	-79.9826	-79.9825	-79.9824	-79.9823	-79.9823	-79.9822	-79.9822	-79.9822	-79.9822	-79.9822	-79.9822	-79.9822	-79.9822	-79.9822	-79.9822	-79.9822	-79.9822	-79.9822	-79.9822	-79.9822	-79.9822	-79.9822	-79.9822
0.75	-79.9984	-79.9947	-79.9918	-79.9895	-79.9878	-79.9865	-79.9854	-79.9846	-79.984	-79.9836	-79.9832	-79.9829	-79.9827	-79.9826	-79.9825	-79.9824	-79.9823	-79.9823	-79.9822	-79.9822	-79.9822	-79.9821	-79.9821	-79.9821	-79.9821	-79.9821	-79.9821	-79.9821	-79.9821	-79.9821	-79.9821	-79.9821	-79.9821	-79.9822	-79.9822	-79.9822
0.755	-79.9984	-79.9947	-79.9918	-79.9895	-79.9878	-79.9865	-79.9854	-79.9846	-79.984	-79.9835	-79.9832	-79.9829	-79.9827	-79.9825	-79.9824	-79.9823	-79.9823	-79.9822	-79.9822	-79.9821	-79.9821	-79.9821	-79.9821	-79.9821	-79.9821	-79.9821	-79.9821	-79.9821	-79.9821	-79.9821	-79.9821	-79.9821	-79.9821	-79.9821	-79.9821	-79.9822
0.76	-79.9984	-79.9947	-79.9918	-79.9895	-79.9878	-79.9864	-79.9854	-79.9846	-79.984	-79.9835	-79.9832	-79.9829	-79.9827	-79.9825	-79.9824	-79.9823	-79.9822	-79.9822	-79.9821	-79.9821	-79.9821	-79.9821	-79.9821	-79.9821	-79.982	-79.982	-79.982	-79.982	-79.982	-79.982	-79.9821	-79.9821	-79.9821	-79.9821	-79.9821	-79.9821
0.765	-79.9984	-79.9947	-79.9918	-79.9895	-79.9878	-79.9864	-79.9854	-79.9846	-79.984	-79.9835	-79.9831	-79.9828	-79.9826	-79.9825	-79.9824	-79.9823	-79.9822	-79.9821	-79.9821	-79.9821	-79.9821	-79.982	-79.982	-79.982	-79.982	-79.982	-79.982	-79.982	-79.982	-79.982	-79.982	-79.982	-79.982	-79.982	-79.9821	-79.9821
0.77	-79.9984	-79.9947	-79.9917	-79.9895	-79.9877	-79.9864	-79.9853	-79.9845	-79.9839	-79.9835	-79.9831	-79.9828	-79.9826	-79.9824	-79.9823	-79.9822	-79.9822	-79.9821	-79.9821	-79.982	-79.982	-79.982	-79.982	-79.982	-79.982	-79.982	-79.982	-79.982	-79.982	-79.982	-79.982	-79.982	-79.982	-79.982	-79.982	-79.9821
0.775	-79.9984	-79.9947	-79.9917	-79.9895	-79.9877	-79.9864	-79.9853	-79.9845	-79.9839	-79.9834	-79.9831	-79.9828	-79.9826	-79.9824	-79.9823	-79.9822	-79.9821	-79.9821	-79.982	-79.982	-79.982	-79.982	-79.9819	-79.9819	-79.9819	-79.9819	-79.9819	-79.9819	-79.9819	-79.9819	-79.9819	-79.982	-79.982	-79.982	-79.982	-79.982
0.78	-79.9984	-79.9946	-79.9917	-79.9895	-79.9877	-79.9863	-79.9853	-79.9845	-79.9839	-79.9834	-79.983	-79.9827	-79.9825	-79.9824	-79.9823	-79.9822	-79.9821	-79.982	-79.982	-79.982	-79.9819	-79.9819	-79.9819	-79.9819	-79.9819	-79.9819	-79.9819	-79.9819	-79.9819	-79.9819	-79.9819	-79.9819	-79.9819	-79.9819	-79.982	-79.982
0.785	-79.9984	-79.9946	-79.9917	-79.9894	-79.9877	-79.9863	-79.9853	-79.9845	-79.9838	-79.9834	-79.983	-79.9827	-79.9825	-79.9823	-79.9822	-79.9821	-79.9821	-79.982	-79.982	-79.9819	-79.9819	-79.9819	-79.9819	-79.9819	-79.9819	-79.9819	-79.9819	-79.9819	-79.9819	-79.9819	-79.9819	-79.9819	-79.9819	-79.9819	-79.9819	-79.9819
0.79	-79.9984	-79.9946	-79.9917	-79.9894	-79.9877	-79.9863	-79.9853	-79.9844	-79.9838	-79.9833	-79.983	-79.9827	-79.9825	-79.9823	-79.9822	-79.9821	-79.982	-79.982	-79.9819	-79.9819	-79.9819	-79.9819	-79.9818	-79.9818	-79.9818	-79.9818	-79.9818	-79.9818	-79.9818	-79.9818	-79.9818	-79.9818	-79.9819	-79.9819	-79.9819	-79.9819
0.795	-79.9984	-79.9946	-79.9917	-79.9894	-79.9876	-79.9863	-79.9852	-79.9844	-79.9838	-79.9833	-79.9829	-79.9827	-79.9824	-79.9823	-79.9822	-79.9821	-79.982	-79.9819	-79.9819	-79.9819	-79.9818	-79.9818	-79.9818	-79.9818	-79.9818	-79.9818	-79.9818	-79.9818	-79.9818	-79.9818	-79.9818	-79.9818	-79.9818	-79.9818	-79.9819	-79.9819
0.8	-79.9984	-79.9946	-79.9917	-79.9894	-79.9876	-79.9863	-79.9852	-79.9844	-79.9838	-79.9833	-79.9829	-79.9826	-79.9824	-79.9822	-79.9821	-79.982	-79.982	-79.9819	-79.9819	-79.9818	-79.9818	-79.9818	-79.9818	-79.9818	-79.9818	-79.9818	-79.9818	-79.9818	-79.9818	-79.9818	-79.9818	-79.9818	-79.9818	-79.9818	-79.9818	-79.9818
0.805	-79.9984	-79.9946	-79.9917	-79.9894	-79.9876	-79.9862	-79.9852	-79.9844	-79.9837	-79.9833	-79.9829	-79.9826	-79.9824	-79.9822	-79.9821	-79.982	-79.9819	-79.9819	-79.9818	-79.9818	-79.9818	-79.9818	-79.9817	-79.9817	-79.9817	-79.9817	-79.9817	-79.9817	-79.9817	-79.9817	-79.9817	-79.9817	-79.9818	-79.9818	-79.9818	-79.9818
0.81	-79.9984	-79.9946	-79.9917	-79.9894	-79.9876	-79.9862	-79.9852	-79.9843	-79.9837	-79.9832	-79.9828	-79.9826	-79.9823	-79.9822	-79.9821	-79.982	-79.9819	-79.9818	-79.9818	-79.9818	-79.9817	-79.9817	-79.9817	-79.9817	-79.9817	-79.9817	-79.9817	-79.9817	-79.9817	-79.9817	-79.9817	-79.9817	-79.9817	-79.9817	-79.9818	-79.9818
0.815	-79.9984	-79.9946	-79.9917	-79.9894	-79.9876	-79.9862	-79.9851	-79.9843	-79.9837	-79.9832	-79.9828	-79.9825	-79.9823	-79.9821	-79.982	-79.9819	-79.9818	-79.9818	-79.9818	-79.9817	-79.9817	-79.9817	-79.9817	-79.9817	-79.9817	-79.9817	-79.9817	-79.9817	-79.9817	-79.9817	-79.9817	-79.9817	-79.9817	-79.9817	-79.9817	-79.9817
0.82	-79.9984	-79.9946	-79.9917	-79.9893	-79.9876	-79.9862	-79.9851	-79.9843	-79.9837	-79.9832	-79.9828	-79.9825	-79.9823	-79.9821	-79.982	-79.9819	-79.9818	-79.9818	-79.9817	-79.9817	-79.9817	-79.9817	-79.9816	-79.9816	-79.9816	-79.9816	-79.9816	-79.9816	-79.9816	-79.9816	-79.9816	-79.9816	-79.9816	-79.9817	-79.9817	-79.9817
0.825	-79.9984	-79.9946	-79.9916	-79.9893	-79.9875	-79.9862	-79.9851	-79.9843	-79.9836	-79.9831	-79.9828	-79.9825	-79.9823	-79.9821	-79.982	-79.9819	-79.9818	-79.9817	-79.9817	-79.9817	-79.9816	-79.9816	-79.9816	-79.9816	-79.9816	-79.9816	-79.9816	-79.9816	-79.9816	-79.9816	-79.9816	-79.9816	-79.9816	-79.9816	-79.9816	-79.9817
0.83	-79.9984	-79.9946	-79.9916	-79.9893	-79.9875	-79.9861	-79.9851	-79.9842	-79.9836	-79.9831	-79.9827	-79.9824	-79.9822	-79.9821	-79.9819	-79.9818	-79.9818	-79.9817	-79.9817	-79.9816	-79.9816	-79.9816	-79.9816	-79.9816	-79.9816	-79.9815	-79.9815	-79.9815	-79.9815	-79.9816	-79.9816	-79.9816	-79.9816	-79.9816	-79.9816	-79.9816
0.835	-79.9984	-79.9946	-79.9916	-79.9893	-79.9875	-79.9861	-79.985	-79.9842	-79.9836	-79.9831	-79.9827	-79.9824	-79.9822	-79.982	-79.9819	-79.9818	-79.9817	-79.9817	-79.9816	-79.9816	-79.9816	-79.9815	-79.9815	-79.9815	-79.9815	-79.9815	-79.9815	-79.9815	-79.9815	-79.9815	-79.9815	-79.9815	-79.9815	-79.9816	-79.9816	-79.9816
0.84	-79.9984	-79.9946	-79.9916	-79.9893	-79.9875	-79.9861	-79.985	-79.9842	-79.9836	-79.9831	-79.9827	-79.9824	-79.9822	-79.982	-79.9819	-79.9818	-79.9817	-79.9816	-79.9816	-79.9816	-79.9815	-79.9815	-79.9815	-79.9815	-79.9815	-79.9815	-79.9815	-79.9815	-79.9815	-79.9815	-79.9815	-79.9815	-79.9815	-79.9815	-79.9815	-79.9816
0.845	-79.9984	-79.9946	-79.9916	-79.9893	-79.9875	-79.9861	-79.985	-79.9842	-79.9835	-79.983	-79.9826	-79.9824	-79.9821	-79.982	-79.9818	-79.9817	-79.9817	-79.9816	-79.9816	-79.9815	-79.9815	-79.9815	-79.9815	-79.9815	-79.9814	-79.9814	-79.9814	-79.9814	-79.9814	-79.9814	-79.9815	-79.9815	-79.9815	-79.9815	-79.9815	-79.9815
0.85	-79.9984	-79.9946	-79.9916	-79.9893	-79.9875	-79.9861	-79.985	-79.9841	-79.9835	-79.983	-79.9826	-79.9823	-79.9821	-79.9819	-79.9818	-79.9817	-79.9816	-79.9816	-79.9815	-79.9815	-79.9815	-79.9814	-79.9814	-79.9814	-79.9814	-79.9814	-79.9814	-79.9814	-79.9814	-79.9814	-79.9814	-79.9814	-79.9814	-79.9815	-79.9815	-79.9815
0.855	-79.9984	-79.9946	-79.9916	-79.9893	-79.9874	-79.986	-79.985	-79.9841	-79.9835	-79.983	-79.9826	-79.9823	-79.9821	-79.9819	-79.9818	-79.9817	-79.9816	-79.9815	-79.9815	-79.9815	-79.9814	-79.9814	-79.9814	-79.9814	-79.9814	-79.9814	-79.9814	-79.9814	-79.9814	-79.9814	-79.9814	-79.9814	-79.9814	-79.9814	-79.9814	-79.9815
0.86	-79.9984	-79.9946	-79.9916	-79.9893	-79.9874	-79.986	-79.9849	-79.9841	-79.9834	-79.9829	-79.9826	-79.9823	-79.982	-79.9819	-79.9817	-79.9816	-79.9816	-79.9815	-79.9815	-79.9814	-79.9814	-79.9814	-79.9814	-79.9814	-79.9813	-79.9813	-79.9813	-79.9813	-79.9813	-79.9813	-79.9814	-79.9814	-79.9814	-79.9814	-79.9814	-79.9814
0.865	-79.9984	-79.9946	-79.9916	-79.9892	-79.9874	-79.986	-79.9849	-79.9841	-79.9834	-79.9829	-79.9825	-79.9822	-79.982	-79.9818	-79.9817	-79.9816	-79.9815	-79.9815	-79.9814	-79.9814	-79.9814	-79.9813	-79.9813	-79.9813	-79.9813	-79.9813	-79.9813	-79.9813	-79.9813	-79.9813	-79.9813	-79.9813	-79.9813	-79.9814	-79.9814	-79.9814
0.87	-79.9984	-79.9946	-79.9916	-79.9892	-79.9874	-79.986	-79.9849	-79.984	-79.9834	-79.9829	-79.9825	-79.9822	-79.982	-79.9818	-79.9817	-79.9816	-79.9815	-79.9814	-79.9814	-79.9814	-79.9813	-79.9813	-79.9813	-79.9813	-79.9813	-79.9813	-79.9813	-79.9813	-79.9813	-79.9813	-79.9813	-79.9813	-79.9813	-79.9813	-79.9813	-79.9814
0.875	-79.9984	-79.9946	-79.9916	-79.9892	-79.9874	-79.986	-79.9849	-79.984	-79.9834	-79.9829	-79.9825	-79.9822	-79.9819	-79.9818	-79.9816	-79.9815	-79.9815	-79.9814	-79.9814	-79.9813	-79.9813	-79.9813	-79.9813	-79.9813	-79.9812	-79.9812	-79.9812	-79.9812	-79.9812	-79.9812	-79.9812	-79.9813	-79.9813	-79.9813	-79.9813	-79.9813
0.88	-79.9984	-79.9946	-79.9915	-79.9892	-79.9874	-79.986	-79.9849	-79.984	-79.9833	-79.9828	-79.9824	-79.9821	-79.9819	-79.9817	-79.9816	-79.9815	-79.9814	-79.9814	-79.9813	-79.9813	-79.9813	-79.9812	-79.9812	-79.9812	-79.9812	-79.9812	-79.9812	-79.9812	-79.9812	-79.9812	-79.9812	-79.9812	-79.9812	-79.9813	-79.9813	-79.9813
0.885	-79.9984	-79.9945	-79.9915	-79.9892	-79.9874	-79.9859	-79.9848	-79.984	-79.9833	-79.9828	-79.9824	-79.9821	-79.9819	-79.9817	-79.9816	-79.9815	-79.9814	-79.9813	-79.9813	-79.9813	-79.9812	-79.9812	-79.9812	-79.9812	-79.9812	-79.9812	-79.9812	-79.9812	-79.9812	-79.9812	-79.9812	-79.9812	-79.9812	-79.9812	-79.9812	-79.9813
0.89	-79.9984	-79.9945	-79.9915	-79.9892	-79.9873	-79.9859	-79.9848	-79.984	-79.9833	-79.9828	-79.9824	-79.9821	-79.9819	-79.9817	-79.9815	-79.9814	-79.9814	-79.9813	-79.9813	-79.9812	-79.9812	-79.9812	-79.9812	-79.9812	-79.9811	-79.9811	-79.9811	-79.9811	-79.9811	-79.9811	-79.9811	-79.9812	-79.9812	-79.9812	-79.9812	-79.9812
0.895	-79.9984	-79.9945	-79.9915	-79.9892	-79.9873	-79.9859	-79.9848	-79.9839	-79.9833	-79.9828	-79.9824	-79.9821	-79.9818	-79.9817	-79.9815	-79.9814	-79.9813	-79.9813	-79.9812	-79.9812	-79.9812	-79.9811	-79.9811	-79.9811	-79.9811	-79.9811	-79.9811	-79.9811	-79.9811	-79.9811	-79.9811	-79.9811	-79.9811	-79.9812	-79.9812	-79.9812
0.9	-79.9984	-79.9945	-79.9915	-79.9892	-79.9873	-79.9859	-79.9848	-79.9839	-79.9832	-79.9827	-79.9823	-79.982	-79.9818	-79.9816	-79.9815	-79.9814	-79.9813	-79.9812	-79.9812	-79.9812	-79.9811	-79.9811	-79.9811	-79.9811	-79.9811	-79.9811	-79.9811	-79.9811	-79.9811	-79.9811	-79.9811	-79.9811	-79.9811	-79.9811	-79.9811	-79.9812
0.905	-79.9984	-79.9945	-79.9915	-79.9891	-79.9873	-79.9859	-79.9847	-79.9839	-79.9832	-79.9827	-79.9823	-79.982	-79.9818	-79.9816	-79.9815	-79.9813	-79.9813	-79.9812	-79.9812	-79.9811	-79.9811	-79.9811	-79.9811	-79.9811	-79.981	-79.981	-79.981	-79.981	-79.981	-79.981	-79.981	-79.9811	-79.9811	-79.9811	-79.9811	-79.9811
0.91	-79.9984	-79.9945	-79.9915	-79.9891	-79.9873	-79.9858	-79.9847	-79.9839	-79.9832	-79.9827	-79.9823	-79.982	-79.9817	-79.9816	-79.9814	-79.9813	-79.9812	-79.9812	-79.9811	-79.9811	-79.9811	-79.981	-79.981	-79.981	-79.981	-79.981	-79.981	-79.981	-79.981	-79.981	-79.981	-79.981	-79.981	-79.9811	-79.9811	-79.9811
0.915	-79.9984	-79.9945	-79.9915	-79.9891	-79.9873	-79.9858	-79.9847	-79.9838	-79.9832	-79.9827	-79.9823	-79.9819	-79.9817	-79.9815	-79.9814	-79.9813	-79.9812	-79.9811	-79.9811	-79.9811	-79.981	-79.981	-79.981	-79.981	-79.981	-79.981	-79.981	-79.981	-79.981	-79.981	-79.981	-79.981	-79.981	-79.981	-79.981	-79.9811
0.92	-79.9984	-79.9945	-79.9915	-79.9891	-79.9873	-79.9858	-79.9847	-79.9838	-79.9831	-79.9826	-79.9822	-79.9819	-79.9817	-79.9815	-79.9814	-79.9813	-79.9812	-79.9811	-79.9811	-79.981	-79.981	-79.981	-79.981	-79.981	-79.9809	-79.9809	-79.9809	-79.9809	-79.9809	-79.9809	-79.981	-79.981	-79.981	-79.981	-79.981	-79.981
0.925	-79.9984	-79.9945	-79.9915	-79.9891	-79.9872	-79.9858	-79.9847	-79.9838	-79.9831	-79.9826	-79.9822	-79.9819	-79.9817	-79.9815	-79.9813	-79.9812	-79.9811	-79.9811	-79.981	-79.981	-79.981	-79.9809	-79.9809	-79.9809	-79.9809	-79.9809	-79.9809	-79.9809	-79.9809	-79.9809	-79.9809	-79.9809	-79.9809	-79.981	-79.981	-79.981
0.93	-79.9984	-79.9945	-79.9915	-79.9891	-79.9872	-79.9858	-79.9846	-79.9838	-79.9831	-79.9826	-79.9822	-79.9819	-79.9816	-79.9814	-79.9813	-79.9812	-79.9811	-79.981	-79.981	-79.981	-79.9809	-79.9809	-79.9809	-79.9809	-79.9809	-79.9809	-79.9809	-79.9809	-79.9809	-79.9809	-79.9809	-79.9809	-79.9809	-79.9809	-79.9809	-79.981
0.935	-79.9984	-79.9945	-79.9915	-79.9891	-79.9872	-79.9858	-79.9846	-79.9837	-79.9831	-79.9826	-79.9821	-79.9818	-79.9816	-79.9814	-79.9813	-79.9812	-79.9811	-79.981	-79.981	-79.9809	-79.9809	-79.9809	-79.9809	-79.9809	-79.9809	-79.9809	-79.9809	-79.9809	-79.9809	-79.9809	-79.9809	-79.9809	-79.9809	-79.9809	-79.9809	-79.9809
0.94	-79.9984	-79.9945	-79.9914	-79.9891	-79.9872	-79.9857	-79.9846	-79.9837	-79.983	-79.9825	-79.9821	-79.9818	-79.9816	-79.9814	-79.9812	-79.9811	-79.981	-79.981	-79.9809	-79.9809	-79.9809	-79.9809	-79.9808	-79.9808	-79.9808	-79.9808	-79.9808	-79.9808	-79.9808	-79.9808	-79.9808	-79.9808	-79.9809	-79.9809	-79.9809	-79.9809
0.945	-79.9984	-79.9945	-79.9914	-79.989	-79.9872	-79.9857	-79.9846	-79.9837	-79.983	-79.9825	-79.9821	-79.9818	-79.9815	-79.9814	-79.9812	-79.9811	-79.981	-79.981	-79.9809	-79.9809	-79.9808	-79.9808	-79.9808	-79.9808	-79.9808	-79.9808	-79.9808	-79.9808	-79.9808	-79.9808	-79.9808	-79.9808	-79.9808	-79.9808	-79.9809	-79.9809
0.95	-79.9984	-79.9945	-79.9914	-79.989	-79.9872	-79.9857	-79.9846	-79.9837	-79.983	-79.9825	-79.9821	-79.9818	-79.9815	-79.9813	-79.9812	-79.9811	-79.981	-79.9809	-79.9809	-79.9808	-79.9808	-79.9808	-79.9808	-79.9808	-79.9808	-79.9808	-79.9808	-79.9808	-79.9808	-79.9808	-79.9808	-79.9808	-79.9808	-79.9808	-79.9808	-79.9808
0.955	-79.9984	-79.9945	-79.9914	-79.989	-79.9871	-79.9857	-79.9845	-79.9837	-79.983	-79.9825	-79.982	-79.9817	-79.9815	-79.9813	-79.9812	-79.981	-79.981	-79.9809	-79.9809	-79.9808	-79.9808	-79.9808	-79.9807	-79.9807	-79.9807	-79.9807	-79.9807	-79.9807	-79.9807	-79.9807	-79.9807	-79.9807	-79.9808	-79.9808	-79.9808	-79.9808
0.96	-79.9984	-79.9945	-79.9914	-79.989	-79.9871	-79.9857	-79.9845	-79.9836	-79.983	-79.9824	-79.982	-79.9817	-79.9815	-79.9813	-79.9811	-79.981	-79.9809	-79.9809	-79.9808	-79.9808	-79.9808	-79.9807	-79.9807	-79.9807	-79.9807	-79.9807	-79.9807	-79.9807	-79.9807	-79.9807	-79.9807	-79.9807	-79.9807	-79.9807	-79.9808	-79.9808
0.965	-79.9984	-79.9945	-79.9914	-79.989	-79.9871	-79.9856	-79.9845	-79.9836	-79.9829	-79.9824	-79.982	-79.9817	-79.9814	-79.9812	-79.9811	-79.981	-79.9809	-79.9808	-79.9808	-79.9808	-79.9807	-79.9807	-79.9807	-79.9807	-79.9807	-79.9807	-79.9807	-79.9807	-79.9807	-79.9807	-79.9807	-79.9807	-79.9807	-79.9807	-79.9807	-79.9808
0.97	-79.9984	-79.9945	-79.9914	-79.989	-79.9871	-79.9856	-79.9845	-79.9836	-79.9829	-79.9824	-79.982	-79.9816	-79.9814	-79.9812	-79.9811	-79.981	-79.9809	-79.9808	-79.9808	-79.9807	-79.9807	-79.9807	-79.9807	-79.9806	-79.9806	-79.9806	-79.9806	-79.9806	-79.9806	-79.9806	-79.9806	-79.9806	-79.9807	-79.9807	-79.9807	-79.9807
0.975	-79.9984	-79.9945	-79.9914	-79.989	-79.9871	-79.9856	-79.9845	-79.9836	-79.9829	-79.9824	-79.9819	-79.9816	-79.9814	-79.9812	-79.981	-79.9809	-79.9808	-79.9808	-79.9807	-79.9807	-79.9807	-79.9806	-79.9806	-79.9806	-79.9806	-79.9806	-79.9806	-79.9806	-79.9806	-79.9806	-79.9806	-79.9806	-79.9806	-79.9806	-79.9807	-79.9807
0.98	-79.9984	-79.9945	-79.9914	-79.989	-79.9871	-79.9856	-79.9845	-79.9836	-79.9829	-79.9823	-79.9819	-79.9816	-79.9813	-79.9812	-79.981	-79.9809	-79.9808	-79.9807	-79.9807	-79.9807	-79.9806	-79.9806	-79.9806	-79.9806	-79.9806	-79.9806	-79.9806	-79.9806	-79.9806	-79.9806	-79.9806	-79.9806	-79.9806	-79.9806	-79.9806	-79.9807
0.985	-79.9984	-79.9945	-79.9914	-79.989	-79.9871	-79.9856	-79.9844	-79.9835	-79.9828	-79.9823	-79.9819	-79.9816	-79.9813	-79.9811	-79.981	-79.9809	-79.9808	-79.9807	-79.9807	-79.9806	-79.9806	-79.9806	-79.9806	-79.9805	-79.9805	-79.9805	-79.9805	-79.9805	-79.9805	-79.9805	-79.9805	-79.9806	-79.9806	-79.9806	-79.9806	-79.9806
0.99	-79.9984	-79.9945	-79.9914	-79.9889	-79.987	-79.9856	-79.9844	-79.9835	-79.9828	-79.9823	-79.9819	-79.9815	-79.9813	-79.9811	-79.9809	-79.9808	-79.9808	-79.9807	-79.9806	-79.9806	-79.9806	-79.9805	-79.9805	-79.9805	-79.9805	-79.9805	-79.9805	-79.9805	-79.9805	-79.9805	-79.9805	-79.9805	-79.9805	-79.9805	-79.9806	-79.9806
0.995	-79.9984	-79.9945	-79.9914	-79.9889	-79.987	-79.9855	-79.9844	-79.9835	-79.9828	-79.9823	-79.9818	-79.9815	-79.9813	-79.9811	-79.9809	-79.9808	-79.9807	-79.9807	-79.9806	-79.9806	-79.9805	-79.9805	-79.9805	-79.9805	-79.9805	-79.9805	-79.9805	-79.9805	-79.9805	-79.9805	-79.9805	-79.9805	-79.9805	-79.9805	-79.9805	-79.9806
1	-79.9984	-79.9945	-79.9913	-79.9889	-79.987	-79.9855	-79.9844	-79.9835	-79.9828	-79.9822	-79.9818	-79.9815	-79.9812	-79.981	-79.9809	-79.9808	-79.9807	-79.9806	-79.9806	-79.9805	-79.9805	-79.9805	-79.9805	-79.9805	-79.9804	-79.9804	-79.9804	-79.9804	-79.9804	-79.9804	-79.9805	-79.9805	-79.9805	-79.9805	-79.9805	-79.9805
1.005	-13.3331	-49.434	-65.9819	-73.5667	-77.043	-78.6359	-79.3657	-79.6998	-79.8527	-79.9226	-79.9545	-79.9689	-79.9755	-79.9784	-79.9797	-79.9802	-79.9804	-79.9805	-79.9805	-79.9805	-79.9805	-79.9804	-79.9804	-79.9804	-79.9804	-79.9804	-79.9804	-79.9804	-79.9804	-79.9804	-79.9804	-79.9804	-79.9804	-79.9805	-79.9805	-79.9805
1.01	-2.22222	-36.4809	-56.4741	-67.5743	-73.5472	-76.6903	-78.3165	-79.1467	-79.5661	-79.776	-79.8803	-79.9317	-79.9569	-79.9692	-79.9751	-79.978	-79.9793	-79.9799	-79.9802	-79.9803	-79.9804	-79.9804	-79.9804	-79.9804	-79.9804	-79.9804	-79.9804	-79.9804	-79.9804	-79.9804	-79.9804	-79.9804	-79.9804	-79.9804	-79.9804	-79.9805
1.015	-0.370378	-30.7928	-51.0438	-63.3934	-70.6673	-74.8416	-77.1868	-78.4812	-79.185	-79.5626	-79.7629	-79.8682	-79.9229	-79.9512	-79.9657	-79.973	-79.9768	-79.9786	-79.9795	-79.98	-79.9802	-79.9803	-79.9803	-79.9803	-79.9803	-79.9803	-79.9803	-79.9803	-79.9803	-79.9804	-79.9804	-79.9804	-79.9804	-79.9804	-79.9804	-79.9804
1.02	-0.0617051	-26.0436	-46.8383	-60.1232	-68.2959	-73.213	-76.1167	-77.8031	-78.7679	-79.3125	-79.6162	-79.7836	-79.875	-79.9244	-79.9508	-79.9649	-79.9723	-79.9762	-79.9782	-79.9793	-79.9798	-79.9801	-79.9802	-79.9803	-79.9803	-79.9803	-79.9803	-79.9803	-79.9803	-79.9803	-79.9803	-79.9803	-79.9803	-79.9804	-79.9804	-79.9804
1.025	11.9909	-14.99	-39.838	-55.749	-65.5128	-71.4266	-74.9724	-77.077	-78.3133	-79.0321	-79.4459	-79.6817	-79.8148	-79.8893	-79.9307	-79.9534	-79.9659	-79.9726	-79.9762	-79.9781	-79.9792	-79.9797	-79.98	-79.9801	-79.9802	-79.9802	-79.9803	-79.9803	-79.9803	-79.9803	-79.9803	-79.9803	-79.9803	-79.9803	-79.9804	-79.9804
1.03	19.1302	-2.74245	-31.0007	-50.1819	-62.0545	-69.2748	-73.6301	-76.2396	-77.7925	-78.7101	-79.2482	-79.5615	-79.7424	-79.8461	-79.9052	-79.9385	-79.9572	-79.9676	-79.9734	-79.9765	-79.9782	-79.9792	-79.9797	-79.9799	-79.9801	-79.9802	-79.9802	-79.9802	-79.9802	-79.9803	-79.9803	-79.9803	-79.9803	-79.9803	-79.9803	-79.9804
1.035	24.27	8.42939	-20.6993	-43.441	-57.84	-66.6628	-72.0143	-75.2406	-77.1755	-78.3298	-79.0147	-79.4187	-79.6556	-79.7937	-79.8737	-79.9198	-79.9461	-79.9611	-79.9696	-79.9743	-79.977	-79.9784	-79.9793	-79.9797	-79.9799	-79.9801	-79.9801	-79.9802	-79.9802	-79.9802	-79.9802	-79.9802	-79.9803	-79.9803	-79.9803	-79.9803
1.04	27.7541	16.3035	-9.11986	-35.3528	-52.7295	-63.4916	-70.0564	-74.0342	-76.433	-77.8734	-78.7347	-79.2474	-79.5512	-79.7303	-79.8354	-79.8967	-79.9323	-79.9529	-79.9647	-79.9715	-79.9753	-79.9775	-79.9787	-79.9793	-79.9797	-79.9799	-79.98	-79.9801	-79.9802	-79.9802	-79.9802	-79.9802	-79.9802	-79.9802	-79.9803	-79.9803
1.045	30.0518	21.5803	2.84983	-25.6925	-46.5104	-59.6235	-67.6704	-72.5667	-75.5317	-77.3205	-78.396	-79.0402	-79.4247	-79.6533	-79.7886	-79.8684	-79.9153	-79.9427	-79.9586	-79.9678	-79.9731	-79.9762	-79.9779	-79.9789	-79.9794	-79.9798	-79.9799	-79.98	-79.9801	-79.9801	-79.9802	-79.9802	-79.9802	-79.9802	-79.9802	-79.9803
1.05	31.5512	25.1213	12.4083	-14.6795	-39.0546	-54.938	-64.7715	-70.7822	-74.4358	-76.6485	-77.9843	-78.7884	-79.2709	-79.5595	-79.7316	-79.8338	-79.8943	-79.93	-79.951	-79.9632	-79.9704	-79.9745	-79.9769	-79.9783	-79.9791	-79.9795	-79.9798	-79.9799	-79.98	-79.9801	-79.9801	-79.9801	-79.9802	-79.9802	-79.9802	-79.9802
1.055	32.4403	27.3553	18.7479	-2.63944	-30.066	-49.2156	-61.2254	-68.6005	-73.0971	-75.8282	-77.4822	-78.4813	-79.0833	-79.4451	-79.6619	-79.7914	-79.8686	-79.9144	-79.9416	-79.9576	-79.967	-79.9725	-79.9757	-79.9776	-79.9786	-79.9793	-79.9796	-79.9798	-79.9799	-79.98	-79.9801	-79.9801	-79.9801	-79.9801	-79.9802	-79.9802
1.06	32.9113	28.7582	22.9541	8.29231	-19.5996	-42.3041	-56.9079	-65.9376	-71.462	-74.8262	-76.8689	-78.1062	-78.8541	-79.3052	-79.5766	-79.7395	-79.837	-79.8952	-79.9299	-79.9505	-79.9627	-79.9699	-79.9741	-79.9766	-79.9781	-79.9789	-79.9794	-79.9797	-79.9799	-79.98	-79.98	-79.9801	-79.9801	-79.9801	-79.9801	-79.9802
1.065	33.0715	29.5643	25.6082	15.9632	-7.88049	-33.9762	-51.6431	-62.6817	-69.4614	-73.6001	-76.1185	-77.6474	-78.5737	-79.134	-79.4721	-79.6758	-79.7982	-79.8717	-79.9156	-79.9418	-79.9575	-79.9667	-79.9722	-79.9754	-79.9774	-79.9785	-79.9791	-79.9795	-79.9797	-79.9799	-79.98	-79.98	-79.98	-79.9801	-79.9801	-79.9801
1.07	32.9996	29.9511	27.2351	20.9964	3.88681	-24.0765	-45.2287	-58.6952	-67.0092	-72.0971	-75.1987	-77.0851	-78.2302	-78.9242	-79.3441	-79.5977	-79.7507	-79.8427	-79.898	-79.9311	-79.951	-79.9628	-79.9698	-79.974	-79.9765	-79.9779	-79.9788	-79.9793	-79.9796	-79.9798	-79.9799	-79.98	-79.98	-79.98	-79.9801	-79.9801
1.075	32.7531	30.0415	28.1822	24.236	12.9906	-12.8303	-37.5097	-53.8416	-64.0123	-70.2574	-74.0722	-76.3961	-77.8092	-78.6671	-79.1872	-79.502	-79.6923	-79.8072	-79.8764	-79.918	-79.943	-79.9579	-79.9669	-79.9722	-79.9754	-79.9773	-79.9784	-79.979	-79.9794	-79.9797	-79.9798	-79.9799	-79.98	-79.98	-79.98	-79.9801
1.08	32.367	29.9065	28.64	26.2072	18.9888	-0.784143	-28.219	-47.9005	-60.3329	-67.9978	-72.6888	-75.5503	-77.2924	-78.3515	-78.9946	-79.3845	-79.6207	-79.7635	-79.8498	-79.9018	-79.9331	-79.9519	-79.9632	-79.97	-79.974	-79.9764	-79.9779	-79.9787	-79.9792	-79.9795	-79.9797	-79.9798	-79.9799	-79.98	-79.98	-79.98
1.085	31.8692	29.6032	28.764	27.3776	22.9062	9.64727	-17.4843	-40.728	-55.8462	-65.2327	-70.9932	-74.5129	-76.6584	-77.9643	-78.7582	-79.2403	-79.5327	-79.7098	-79.8171	-79.8819	-79.921	-79.9445	-79.9587	-79.9672	-79.9724	-79.9754	-79.9772	-79.9783	-79.979	-79.9794	-79.9796	-79.9798	-79.9798	-79.9799	-79.9799	-79.98
1.09	31.2776	29.1656	28.6385	27.9769	25.3176	16.7837	-5.5868	-32.0698	-50.3565	-61.8395	-68.911	-73.2386	-75.8797	-77.4887	-78.4679	-79.0631	-79.4246	-79.6439	-79.7769	-79.8574	-79.906	-79.9354	-79.9532	-79.9639	-79.9703	-79.9742	-79.9765	-79.9779	-79.9787	-79.9792	-79.9795	-79.9797	-79.9798	-79.9799	-79.9799	-79.9799
1.095	30.6056	28.6193	28.327	28.1849	26.762	21.4543	5.84147	-21.8678	-43.6833	-57.6856	-66.3561	-71.6738	-74.923	-76.9044	-78.1112	-78.8454	-79.2918	-79.5629	-79.7275	-79.8273	-79.8877	-79.9243	-79.9464	-79.9597	-79.9678	-79.9726	-79.9755	-79.9773	-79.9783	-79.9789	-79.9793	-79.9796	-79.9797	-79.9798	-79.9799	-79.9799
1.1	29.8629	27.9823	27.8715	28.1121	27.5509	24.4	14.2735	-10.3603	-35.6405	-52.6161	-63.2264	-69.7541	-73.7485	-76.1867	-77.673	-78.578	-79.1286	-79.4634	-79.6668	-79.7902	-79.8651	-79.9105	-79.938	-79.9546	-79.9646	-79.9707	-79.9743	-79.9765	-79.9779	-79.9787	-79.9791	-79.9794	-79.9796	-79.9797	-79.9798	-79.9799
1.105	29.0567	27.2668	27.2996	27.828	27.8779	26.1702	19.7962	1.5936	-26.0105	-46.4161	-59.3823	-67.3935	-72.304	-75.3042	-77.1341	-78.2491	-78.928	-79.341	-79.5921	-79.7447	-79.8374	-79.8936	-79.9277	-79.9483	-79.9608	-79.9683	-79.9729	-79.9757	-79.9773	-79.9783	-79.9789	-79.9793	-79.9795	-79.9797	-79.9798	-79.9798
1.11	28.1924	26.4827	26.6321	27.3851	27.8867	27.1867	23.3614	11.357	-14.986	-38.9414	-54.6945	-64.5034	-70.5321	-74.2205	-76.4722	-77.845	-78.6814	-79.1906	-79.5004	-79.6888	-79.8033	-79.8728	-79.915	-79.9406	-79.9561	-79.9655	-79.9711	-79.9746	-79.9766	-79.9779	-79.9787	-79.9791	-79.9794	-79.9796	-79.9797	-79.9797
1.115	27.2745	25.6368	25.883	26.8146	27.6562	27.6643	25.5249	17.8805	-2.96887	-29.9232	-48.9511	-60.9513	-68.3529	-72.8875	-75.6579	-77.348	-78.3781	-79.0056	-79.3875	-79.6199	-79.7613	-79.8472	-79.8994	-79.931	-79.9503	-79.9619	-79.969	-79.9732	-79.9758	-79.9774	-79.9783	-79.9789	-79.9793	-79.9795	-79.9796	-79.9797
1.12	26.3065	24.7348	25.0631	26.1407	27.2479	27.7758	26.8025	22.1395	7.95339	-19.411	-41.9935	-56.6094	-65.6806	-71.2506	-74.6573	-76.737	-78.0052	-78.7781	-79.2488	-79.5353	-79.7097	-79.8157	-79.8802	-79.9193	-79.9431	-79.9575	-79.9663	-79.9716	-79.9748	-79.9768	-79.9779	-79.9787	-79.9791	-79.9794	-79.9795	-79.9796
1.125	25.2914	23.7812	24.1801	25.3798	26.6998	27.6188	27.4626	24.7795	15.6554	-7.66161	-33.5971	-51.3	-62.4015	-69.2396	-73.4274	-75.9857	-77.5467	-78.4983	-79.0781	-79.4312	-79.6462	-79.777	-79.8566	-79.9049	-79.9343	-79.9522	-79.963	-79.9696	-79.9736	-79.976	-79.9775	-79.9784	-79.9789	-79.9792	-79.9794	-79.9795
1.13	24.232	22.7796	23.2404	24.5439	26.0387	27.2611	27.6957	26.3559	20.6899	4.04533	-23.6276	-44.825	-58.3788	-66.7679	-71.9147	-75.0616	-76.9826	-78.1541	-78.8681	-79.3032	-79.5681	-79.7294	-79.8275	-79.8872	-79.9235	-79.9456	-79.959	-79.9671	-79.9721	-79.9751	-79.9769	-79.978	-79.9787	-79.9791	-79.9793	-79.9794
1.135	23.1305	21.7334	22.249	23.642	25.2841	26.7502	27.6281	27.2303	23.8944	13.0508	-12.3145	-37.0215	-53.4707	-63.7401	-70.0583	-73.9263	-76.2892	-77.7309	-78.6099	-79.1457	-79.472	-79.6708	-79.7918	-79.8654	-79.9102	-79.9375	-79.954	-79.9641	-79.9702	-79.9739	-79.9762	-79.9775	-79.9784	-79.9789	-79.9792	-79.9793
1.14	21.9894	20.6454	21.2099	22.6812	24.4494	26.1155	27.3341	27.6061	25.8219	18.9802	-0.288215	-27.6383	-47.4591	-60.0176	-67.7739	-72.5291	-75.4358	-77.2101	-78.2922	-78.9519	-79.3538	-79.5987	-79.7478	-79.8386	-79.8939	-79.9275	-79.9479	-79.9604	-79.9679	-79.9725	-79.9753	-79.977	-79.978	-79.9786	-79.979	-79.9792
1.145	20.811	19.5183	20.1269	21.667	23.545	25.3801	26.8709	27.6417	26.9406	22.8291	9.98609	-16.8198	-40.1992	-55.474	-64.9749	-70.814	-74.3873	-76.5698	-77.9015	-78.7135	-79.2085	-79.51	-79.6938	-79.8056	-79.8738	-79.9152	-79.9405	-79.9558	-79.9651	-79.9708	-79.9743	-79.9763	-79.9776	-79.9784	-79.9788	-79.979
1.15	19.5973	18.3547	19.0031	20.6042	22.5787	24.5591	26.2727	27.4234	27.4848	25.1802	16.9775	-4.88354	-31.4334	-49.909	-61.5357	-68.7047	-73.0974	-75.782	-77.4207	-78.4202	-79.0296	-79.4009	-79.6272	-79.7651	-79.849	-79.9001	-79.9312	-79.9502	-79.9617	-79.9687	-79.973	-79.9755	-79.9771	-79.978	-79.9785	-79.9788
1.155	18.3506	17.1569	17.8416	19.4966	21.5567	23.664	25.5652	27.0162	27.637	26.5746	21.5454	6.40782	-21.1354	-43.1483	-57.3249	-66.1151	-71.512	-74.8133	-76.8293	-78.0594	-78.8095	-79.2667	-79.5454	-79.7151	-79.8186	-79.8816	-79.9199	-79.9433	-79.9575	-79.9661	-79.9714	-79.9745	-79.9765	-79.9776	-79.9783	-79.9786
1.16	17.0732	15.9273	16.645	18.348	20.4843	22.7038	24.7663	26.4621	27.5062	27.3163	24.4063	14.6311	-9.55018	-34.9946	-52.1805	-62.9396	-69.5648	-73.6226	-76.1021	-77.6156	-78.5387	-79.1016	-79.4447	-79.6537	-79.7811	-79.8587	-79.906	-79.9347	-79.9523	-79.9629	-79.9694	-79.9733	-79.9757	-79.9771	-79.9779	-79.9783
1.165	15.7673	14.6684	15.4161	17.1615	19.3656	21.6852	23.8888	25.7891	27.1631	27.6011	26.1178	20.0121	2.3379	-25.2546	-45.8924	-59.0389	-67.1697	-72.1573	-75.2072	-77.0694	-78.2055	-78.8983	-79.3207	-79.5781	-79.735	-79.8306	-79.8888	-79.9243	-79.9459	-79.959	-79.967	-79.9719	-79.9748	-79.9765	-79.9775	-79.9779
1.17	14.4352	13.3826	14.1576	15.9402	18.2047	20.6138	22.9425	25.0183	26.6593	27.5692	27.0864	23.4683	11.8678	-14.1358	-38.3114	-54.2803	-64.2357	-70.3589	-74.1076	-76.3979	-77.7957	-78.6484	-79.1682	-79.4852	-79.6783	-79.796	-79.8677	-79.9114	-79.938	-79.9542	-79.9641	-79.97	-79.9736	-79.9758	-79.977	-79.9775
1.175	13.0794	12.0722	12.8718	14.6871	17.005	19.4945	21.935	24.1639	26.0262	27.2989	27.525	25.5567	18.2021	-2.10561	-29.1722	-48.4486	-60.628	-68.1457	-72.7542	-75.5714	-77.2914	-78.3407	-78.9806	-79.3707	-79.6085	-79.7535	-79.8418	-79.8956	-79.9283	-79.9483	-79.9604	-79.9678	-79.9722	-79.9749	-79.9763	-79.977
1.18	11.7023	10.7397	11.5616	13.4048	15.7699	18.3314	20.8724	23.237	25.288	26.8512	27.6034	26.7816	22.3299	8.61415	-18.5574	-41.3911	-56.2197	-65.432	-71.0919	-74.5554	-76.6711	-77.9622	-78.7497	-79.2299	-79.5227	-79.7011	-79.8098	-79.8761	-79.9165	-79.941	-79.956	-79.9651	-79.9705	-79.9738	-79.9756	-79.9764
1.185	10.3063	9.38746	10.2293	12.0963	14.5024	17.1282	19.7598	22.2458	24.4609	26.2629	27.4159	27.4004	24.8743	16.0789	-6.73948	-32.8709	-50.8252	-62.0999	-69.0485	-73.3059	-75.908	-77.4966	-78.4657	-79.0567	-79.417	-79.6367	-79.7705	-79.8521	-79.9018	-79.9321	-79.9505	-79.9617	-79.9684	-79.9724	-79.9746	-79.9756
1.19	8.89392	8.01808	8.87766	10.7643	13.2056	15.8884	18.6016	21.197	23.5571	25.5609	27.0299	27.6022	26.3893	20.9573	4.84244	-22.7888	-44.2538	-58.0141	-66.5376	-71.7692	-74.9692	-76.9236	-78.1161	-78.8435	-79.287	-79.5574	-79.7222	-79.8226	-79.8838	-79.9211	-79.9438	-79.9575	-79.9658	-79.9707	-79.9735	-79.9747
1.195	7.46772	6.63403	7.50913	9.41139	11.8824	14.6153	17.4019	20.0962	22.5859	24.7644	26.4913	27.5079	27.2175	24.0453	13.5834	-11.3811	-36.3324	-53.0266	-63.4603	-69.8825	-73.8156	-76.219	-77.6861	-78.5812	-79.127	-79.4598	-79.6627	-79.7863	-79.8617	-79.9076	-79.9355	-79.9524	-79.9627	-79.9687	-79.9721	-79.9736
1.2	6.03026	5.23781	6.12632	8.04042	10.5357	13.312	16.1641	18.948	21.5545	23.8867	25.8292	27.1908	27.56	25.8983	19.3229	0.613001	-26.8256	-46.9206	-59.6773	-67.5608	-72.3955	-75.3518	-77.1569	-78.2583	-78.9301	-79.3397	-79.5895	-79.7417	-79.8344	-79.8909	-79.9253	-79.9462	-79.9588	-79.9662	-79.9703	-79.9722
1.205	4.58411	3.83195	4.73181	6.65406	9.16839	11.9817	14.8919	17.7565	20.4689	22.9382	25.0661	26.7064	27.5697	26.9648	23.0365	10.6388	-15.9033	-39.5518	-55.0609	-64.7161	-70.6523	-74.2861	-76.5062	-77.8613	-78.6879	-79.192	-79.4994	-79.6867	-79.8009	-79.8705	-79.9128	-79.9385	-79.954	-79.9631	-79.9682	-79.9705
1.21	3.13182	2.41895	3.32815	5.25498	7.78329	10.6273	13.5884	16.5257	19.334	21.9267	24.2168	26.0879	27.3299	27.4711	25.2953	17.3984	-3.92391	-30.6567	-49.4045	-61.2194	-68.5077	-72.9747	-75.7054	-77.3726	-78.3898	-79.0102	-79.3885	-79.6191	-79.7596	-79.8453	-79.8974	-79.929	-79.9481	-79.9593	-79.9656	-79.9685
1.215	1.67595	1.00132	1.9179	3.84586	6.38324	9.25187	12.2569	15.2589	18.1542	20.8587	23.2931	25.3608	26.9046	27.5962	26.6303	21.8124	7.18391	-20.248	-42.542	-56.941	-65.8757	-71.3631	-74.7206	-76.7714	-78.023	-78.7865	-79.252	-79.5359	-79.7089	-79.8143	-79.8784	-79.9174	-79.9408	-79.9547	-79.9624	-79.9659
1.22	0.219005	-0.41849	0.503561	2.42933	4.97102	7.85835	10.9004	13.9597	16.9334	19.7395	22.3035	24.5424	26.334	27.4437	27.3282	24.5611	15.1397	-8.57691	-34.2621	-51.7109	-62.6466	-69.3831	-73.5098	-76.032	-77.5718	-78.5112	-79.0841	-79.4335	-79.6464	-79.7762	-79.8551	-79.903	-79.9319	-79.949	-79.9585	-79.9628
1.225	-1.23654	-1.83804	-0.912379	1.00801	3.54941	6.44964	9.52208	12.6312	15.6754	18.5737	21.255	23.6453	25.6457	27.0833	27.583	26.2028	20.3419	3.22223	-24.4014	-45.3247	-58.6821	-66.9482	-72.0201	-75.1221	-77.0164	-78.1724	-78.8775	-79.3074	-79.5695	-79.7292	-79.8264	-79.8854	-79.921	-79.942	-79.9536	-79.9589
1.23	-2.68828	-3.25498	-2.3275	-0.415557	2.12113	5.02864	8.12493	11.2768	14.3836	17.3653	20.1532	22.6792	24.8602	26.5646	27.5281	27.1215	23.6674	12.4788	-13.1804	-37.6269	-53.845	-63.965	-70.1914	-74.0039	-76.3336	-77.7557	-78.6233	-79.1524	-79.4749	-79.6715	-79.7911	-79.8637	-79.9075	-79.9333	-79.9477	-79.9542
1.235	-4.13387	-4.667	-3.73944	-1.83886	0.68885	3.59819	6.71196	9.89948	13.0613	16.1183	19.0031	21.6516	23.9914	25.9183	27.24	27.5255	25.6711	18.5988	-1.14762	-28.3581	-47.9181	-60.2967	-67.9408	-72.6276	-75.4931	-77.2428	-78.3104	-78.9616	-79.3585	-79.6004	-79.7477	-79.8371	-79.8909	-79.9227	-79.9404	-79.9484
1.24	-5.57108	-6.07188	-5.14591	-3.25947	-0.744801	2.16111	5.28614	8.50239	11.7118	14.8361	17.8088	20.5687	23.0503	25.168	26.7778	27.579	26.8396	22.5793	9.3399	-17.635	-40.7533	-55.8168	-65.182	-70.9375	-74.4601	-76.6121	-77.9255	-78.7267	-79.2153	-79.513	-79.6942	-79.8042	-79.8705	-79.9096	-79.9314	-79.9412
1.245	-6.99775	-7.4675	-6.54473	-4.67505	-2.17728	0.720146	3.85038	7.08859	10.3384	13.5222	16.5744	19.4355	22.045	24.3295	26.1771	27.3721	27.4179	25.0205	16.5506	-5.75133	-32.1022	-50.3315	-61.793	-68.8592	-73.1892	-75.836	-77.4519	-78.4378	-79.039	-79.4054	-79.6284	-79.7638	-79.8454	-79.8936	-79.9203	-79.9324
1.25	-8.41184	-8.85185	-7.93379	-6.08332	-3.60612	-0.722026	2.40756	5.66111	8.94406	12.1798	15.3035	18.2566	20.982	23.4147	25.4643	26.9713	27.592	26.4709	21.2626	5.68159	-21.904	-43.6589	-57.6404	-66.3064	-71.6266	-74.8813	-76.8692	-78.0822	-78.822	-79.2729	-79.5474	-79.7141	-79.8145	-79.8738	-79.9067	-79.9216
1.255	-9.81143	-10.223	-9.31111	-7.48215	-5.02894	-2.1628	0.960487	4.22292	7.532	10.8123	13.9995	17.0361	19.8669	22.4328	24.6579	26.4203	27.4765	27.2522	24.2282	14.144	-10.4002	-35.6135	-52.5692	-63.1767	-69.7077	-73.7079	-76.1526	-77.6449	-78.5551	-79.11	-79.4478	-79.6529	-79.7765	-79.8494	-79.89	-79.9083
1.26	-11.1947	-11.5792	-10.6748	-8.86949	-6.4435	-3.59966	-0.488087	2.77696	6.10527	9.4227	12.6657	15.7775	18.7044	21.3908	23.7709	25.7478	27.1434	27.563	26.0047	19.6888	1.54355	-25.9806	-46.3653	-59.3305	-67.3466	-72.2637	-75.2705	-77.1065	-78.2266	-78.9094	-79.3252	-79.5776	-79.7297	-79.8195	-79.8694	-79.892
1.265	-12.5601	-12.9188	-12.0232	-10.2434	-7.84762	-5.0302	-1.93551	1.32609	4.66689	8.01428	11.3056	14.4846	17.4986	20.2948	22.8136	24.9755	26.6463	27.5494	27.0181	23.263	11.3043	-14.9523	-38.8829	-54.6379	-64.4541	-70.4909	-74.1866	-76.4445	-77.8225	-78.6627	-79.1743	-79.4849	-79.6721	-79.7827	-79.8441	-79.8718
1.27	-13.906	-14.2402	-13.3546	-11.6022	-9.2393	-6.45213	-3.37921	-0.126896	3.21984	6.5901	9.92227	13.1608	16.2535	19.1495	21.7937	24.1179	26.0172	27.292	27.4874	25.4289	17.8312	-2.94056	-29.8558	-48.8871	-60.8977	-68.3094	-72.8525	-75.6298	-77.3252	-78.359	-78.9886	-79.3709	-79.6013	-79.7373	-79.8129	-79.847
1.275	-15.2312	-15.5421	-14.6675	-12.9441	-10.6166	-7.86325	-4.81673	-1.57928	1.76703	5.15323	8.5189	11.8092	14.9727	17.9594	20.7175	23.1864	25.2811	26.8532	27.5866	26.704	22.0894	7.96318	-19.3353	-41.9197	-56.5495	-65.6334	-71.2136	-74.6281	-76.7134	-77.9854	-78.7601	-79.2306	-79.5141	-79.6815	-79.7746	-79.8165
1.28	-16.5343	-16.8232	-15.9608	-14.2677	-11.9779	-9.26155	-6.24574	-3.02845	0.311305	3.70668	7.09865	10.4332	13.6596	16.7286	19.5903	22.1896	24.4547	26.2714	27.4145	27.3586	24.7263	15.6504	-7.58234	-33.5101	-51.2308	-62.3488	-69.1994	-73.3962	-75.9609	-77.5257	-78.479	-79.0579	-79.4068	-79.6128	-79.7274	-79.779
1.285	-17.8142	-18.0825	-17.233	-15.5716	-13.3214	-10.6451	-7.66401	-4.47189	-1.14457	2.2534	5.66458	9.03598	12.3175	15.4605	18.4167	21.1341	23.5503	25.5739	27.0394	27.5842	26.2986	20.6752	4.10677	-23.5287	-44.7443	-58.3187	-66.7233	-71.8809	-75.0349	-76.96	-78.133	-78.8454	-79.2748	-79.5283	-79.6693	-79.7328
1.29	-19.0702	-19.3189	-18.4833	-16.8546	-14.6458	-12.0122	-9.06949	-5.90721	-2.59794	0.796281	4.21976	7.6207	10.9497	14.1589	17.2007	20.0258	22.5776	24.7805	26.5089	27.5075	27.1678	23.8706	13.0835	-12.2056	-36.926	-53.4004	-63.6892	-70.0205	-73.8969	-76.2644	-77.7074	-78.5839	-79.1123	-79.4243	-79.5978	-79.676
1.295	-20.3013	-20.5317	-19.7107	-18.1156	-15.9498	-13.3612	-10.4602	-7.33217	-4.04623	-0.661878	2.76717	6.19047	9.55953	12.8271	15.9462	18.8693	21.5438	23.9046	25.853	27.2031	27.5379	25.7913	18.9938	-0.186844	-27.5272	-47.3762	-59.9585	-67.731	-72.4962	-75.4082	-77.1835	-78.2621	-78.9124	-79.2963	-79.5098	-79.6061
1.3	-21.507	-21.7202	-20.9144	-19.3537	-17.2321	-14.6906	-11.8345	-8.74463	-5.48702	-2.11836	1.30973	4.74835	8.15007	11.4683	14.6568	17.6689	20.455	22.9571	25.0945	26.7282	27.5673	26.9039	22.828	10.0538	-16.6954	-40.101	-55.4044	-64.9252	-70.7764	-74.3558	-76.5393	-77.8662	-78.6663	-79.1388	-79.4015	-79.52
1.305	-22.6866	-22.8838	-22.0938	-20.5682	-18.4918	-15.9993	-13.1905	-10.1426	-6.91799	-3.57057	-0.149723	3.29737	6.7245	10.0859	13.3358	16.4286	19.3164	21.9459	24.2488	26.1172	27.3421	27.4426	25.1686	17.0157	-4.75497	-31.3169	-49.8259	-61.477	-68.6609	-73.061	-75.7465	-77.379	-78.3636	-78.945	-79.2683	-79.4141
1.31	-23.8399	-24.0221	-23.2483	-21.7582	-19.728	-17.2859	-14.527	-11.5243	-8.33697	-5.016	-1.60842	1.84048	5.28589	8.68295	11.9867	15.1519	18.1322	20.8775	23.3277	25.3959	26.9276	27.5897	26.5556	21.5639	6.50855	-21.0028	-43.0496	-57.2553	-66.0637	-71.4693	-74.7714	-76.7796	-77.991	-78.7064	-79.1043	-79.2837
1.315	-24.9664	-25.1347	-24.3776	-22.9234	-20.94	-18.5496	-15.8426	-12.8881	-9.74195	-6.45231	-3.06372	0.380562	3.83729	7.26273	10.6127	13.8425	16.9067	19.7574	22.34	24.5821	26.3655	27.4538	27.291	24.41	14.6932	-9.40525	-34.8759	-52.0966	-62.878	-69.5141	-73.5726	-76.0424	-77.5326	-78.4129	-78.9024	-79.1232
1.32	-26.066	-26.2214	-25.4814	-24.0633	-22.1272	-19.7895	-17.1361	-14.2324	-11.131	-7.87727	-4.51308	-1.07959	2.38169	5.82831	9.21695	12.5036	15.6434	18.5901	21.2928	23.6887	25.6839	27.1056	27.5709	26.112	20.0489	2.4686	-25.1163	-45.7913	-58.9648	-67.1089	-72.0973	-75.1349	-76.9683	-78.0516	-78.654	-78.9257
1.325	-27.1387	-27.2821	-26.5594	-25.1775	-23.2891	-21.0049	-18.4066	-15.556	-12.5026	-9.28879	-5.95409	-2.53729	0.921988	4.38275	7.8027	11.1385	14.346	17.3799	20.1919	22.7257	24.9039	26.5964	27.5346	27.0734	23.4862	11.9563	-13.9801	-38.1893	-54.1902	-64.162	-70.2862	-74.0197	-76.2745	-77.607	-78.3483	-78.6826
1.33	-28.1843	-28.3166	-27.6116	-26.266	-24.4253	-22.1951	-19.6531	-16.8575	-13.8549	-10.685	-7.38448	-3.98994	-0.538968	2.92907	6.37307	9.75051	13.0179	16.1306	19.0422	21.7005	24.0397	25.9576	27.2602	27.5066	25.5624	18.258	-1.94807	-29.0254	-48.3382	-60.5379	-68.057	-72.6469	-75.4202	-77.0598	-77.9719	-78.3833
1.335	-29.203	-29.3251	-28.638	-27.3285	-25.5356	-23.3599	-20.875	-18.1361	-15.1868	-12.064	-8.80211	-5.43508	-1.99845	1.47021	4.93114	8.3428	11.6623	14.8458	17.8479	20.6196	23.1023	25.2135	26.8085	27.5807	26.7788	22.3634	8.73504	-18.3877	-41.2561	-56.1088	-65.3231	-70.9603	-74.3699	-76.3866	-77.5087	-78.015
1.34	-30.1949	-30.3077	-29.6385	-28.3651	-26.6199	-24.4988	-22.0716	-19.3908	-16.4969	-13.4244	-10.205	-6.87039	-3.45382	0.00902571	3.47995	6.91852	10.2826	13.529	16.6131	19.488	22.1002	24.3801	26.2162	27.3895	27.3913	24.8919	16.1592	-6.55258	-32.7038	-50.6867	-61.9647	-68.8861	-73.0775	-75.5579	-76.9385	-77.5614
1.345	-31.1602	-31.2644	-30.6133	-29.3758	-27.6781	-25.6115	-23.2427	-20.6208	-17.7842	-14.7646	-11.5913	-8.29367	-4.90258	-1.45169	2.02246	5.48076	8.882	12.1835	15.3415	18.3102	21.04	23.4696	25.5101	27.0002	27.5886	26.3971	21.0113	5.00841	-22.5878	-44.0805	-57.8453	-66.3362	-71.4872	-74.5378	-76.2364	-77.0029
1.35	-32.0991	-32.1956	-31.5626	-30.3607	-28.7102	-26.6981	-24.3877	-21.8256	-19.0477	-16.0834	-12.9595	-9.7029	-6.34233	-2.90928	0.561589	4.03259	7.46358	10.8126	14.0365	17.0905	19.9272	22.4915	24.7094	26.4584	27.4907	27.2179	24.0796	13.7033	-11.1449	-36.1121	-52.8128	-63.2085	-69.533	-73.2831	-75.3723	-76.3152
1.355	-33.0119	-33.1014	-32.4865	-31.32	-29.7162	-27.7583	-25.5065	-23.0048	-20.2867	-17.3796	-14.3079	-11.0962	-7.77085	-4.36117	-0.899864	2.577	6.0305	9.41956	12.7015	15.8326	18.7667	21.4528	23.8272	25.7933	27.1705	27.5554	25.9206	19.4112	0.855824	-26.5471	-46.6468	-59.3598	-67.1256	-71.7368	-74.3072	-75.4677
1.36	-33.899	-33.9821	-33.3854	-32.2538	-30.6964	-28.7923	-26.5989	-24.1579	-21.5006	-18.6523	-15.6352	-12.4718	-9.18602	-5.80493	-2.35918	1.11692	4.58585	8.00751	11.34	14.5399	17.5626	20.3596	22.8742	25.0272	26.6834	27.5613	26.9787	23.1014	10.8381	-15.5571	-39.196	-54.6557	-64.1709	-69.8351	-72.9958	-74.4235
1.365	-34.7608	-34.8382	-34.2596	-33.1626	-31.6509	-29.8002	-27.6649	-25.2847	-22.6889	-19.9006	-16.9404	-13.8282	-10.5859	-7.23827	-3.81376	-0.344793	3.13264	6.57961	9.95497	13.2161	16.3188	19.2169	21.858	24.1749	26.0626	27.3186	27.4794	25.3452	17.5583	-3.52112	-30.1881	-48.8788	-60.5299	-67.4894	-71.3777	-73.1348
1.37	-35.5975	-35.6699	-35.1094	-34.0465	-32.58	-30.7821	-28.7046	-26.3851	-23.8511	-21.124	-18.2223	-15.164	-11.9688	-8.65903	-5.26111	-1.80539	1.67384	5.13896	8.54978	11.8643	15.0391	18.029	20.7851	23.248	25.3333	26.891	27.6006	26.6708	21.9452	7.56616	-19.6378	-41.8501	-56.0594	-64.5997	-69.3812	-71.5438
1.375	-36.4097	-36.4776	-35.9351	-34.9059	-33.484	-31.7382	-29.7181	-27.459	-24.987	-22.3218	-19.4801	-16.478	-13.333	-10.0652	-6.69889	-3.26223	0.212317	3.68861	7.12754	10.4879	13.7268	16.8001	19.6608	22.2553	24.5127	26.3184	27.4452	27.3621	24.6741	15.4716	-7.80373	-33.3307	-50.5634	-61.033	-66.913	-69.5755
1.38	-37.1979	-37.2618	-36.7372	-35.7412	-34.3632	-32.6689	-30.7054	-28.5065	-26.0965	-23.4937	-20.7131	-17.7691	-14.677	-11.455	-8.12489	-4.71277	-1.24913	2.23154	5.69137	9.09001	12.3853	15.5337	18.4898	21.2035	23.6134	25.6285	27.083	27.6133	26.3058	20.6432	4.05783	-23.1502	-43.8064	-56.6186	-63.8516	-67.1324
1.385	-37.9624	-38.023	-37.5161	-36.5527	-35.218	-33.5744	-31.6669	-29.5276	-27.1795	-24.6393	-21.9207	-19.0364	-15.9997	-12.8267	-9.53705	-6.15461	-2.70781	0.770655	4.24434	7.67391	11.0179	14.2335	17.2762	20.0985	22.6452	24.8415	26.563	27.5559	27.2168	23.9406	13.2554	-11.5189	-35.5683	-51.1594	-60.0473	-64.0909
1.39	-38.7038	-38.7615	-38.2723	-37.341	-36.0487	-34.455	-32.6027	-30.5225	-28.2359	-25.7585	-23.1025	-20.279	-17.2998	-14.1788	-10.9335	-7.58549	-4.16114	-0.691206	2.78946	6.2427	9.62793	12.9029	16.0238	18.945	21.6156	23.9715	25.9159	27.267	27.6183	25.9332	19.3374	0.834074	-25.538	-44.3519	-55.2757	-60.27
1.395	-39.4226	-39.4779	-39.0061	-38.1064	-36.8558	-35.3111	-33.5133	-31.4915	-29.2659	-26.8511	-24.2581	-21.4965	-18.5764	-15.5099	-12.3124	-9.00329	-5.60667	-2.15131	1.32966	4.79946	8.21846	11.5451	14.7362	17.7474	20.5306	23.0293	25.1651	26.8048	27.6709	27.094	23.278	11.3052	-13.7978	-35.8967	-49.2585	-55.4279
1.4	-40.1194	-40.1726	-39.7181	-38.8493	-37.6397	-36.1432	-34.399	-32.4347	-30.2696	-27.9171	-25.3872	-22.6882	-19.8287	-16.8189	-13.6723	-10.4061	-7.04209	-3.60705	-0.132187	3.34722	6.79268	10.1634	13.417	16.5096	19.3954	22.0229	24.3266	26.2051	27.4657	27.6716	25.7013	18.4518	-0.864284	-25.3365	-41.5341	-49.1653
1.405	-40.7946	-40.8463	-40.4087	-39.5704	-38.4008	-36.9516	-35.26	-33.3525	-31.2473	-28.9567	-26.4898	-23.8538	-21.0559	-18.1048	-15.0117	-11.792	-8.46522	-5.05591	-1.59332	1.88895	5.35371	8.76106	12.0693	15.2353	18.2146	20.9592	23.4121	25.4941	27.0687	27.8507	27.1493	23.1129	10.8572	-12.4982	-31.4751	-40.8491
1.41	-41.4488	-41.4993	-41.0785	-40.2699	-39.1396	-37.7367	-36.0969	-34.2453	-32.1991	-29.9699	-27.5658	-24.9931	-22.2576	-19.3665	-16.3294	-13.1594	-9.87404	-6.49552	-3.05106	0.42755	3.90458	7.34122	10.6965	13.928	16.9923	19.8435	22.431	24.6903	26.5228	27.743	27.9341	26.038	19.1978	2.0256	-18.1605	-29.3361
1.415	-42.0827	-42.1322	-41.728	-40.9485	-39.8566	-38.4992	-36.9101	-35.1134	-33.1254	-30.9569	-28.6153	-26.1058	-23.4333	-20.6035	-17.6243	-14.507	-11.2667	-7.92365	-4.50286	-1.03418	2.44831	5.90702	9.30186	12.5911	15.732	18.6807	21.3903	23.8068	25.8575	27.4225	28.262	27.8151	24.6374	15.2659	-1.22312	-12.9911
1.42	-42.6967	-42.7456	-42.3576	-41.6067	-40.5523	-39.2393	-37.6999	-35.9572	-34.0265	-31.918	-29.6384	-27.192	-24.5828	-21.8152	-18.8955	-15.8332	-12.6415	-9.33823	-5.94631	-2.49352	0.987807	4.46151	7.88853	11.2279	14.4375	17.4747	20.2955	22.853	25.0916	26.9345	28.2524	28.785	27.9318	24.2763	16.0159	7.60252
1.425	-43.2914	-43.34	-42.968	-42.2449	-41.2272	-39.9576	-38.4669	-36.7771	-34.9028	-32.8535	-30.6352	-28.2516	-25.7057	-23.0009	-20.1422	-17.137	-13.9968	-10.7373	-7.37911	-3.94789	-0.47408	3.00772	6.45963	9.84152	13.112	16.2292	19.1511	21.8349	24.2357	26.3014	27.9633	29.1137	29.5526	28.8797	26.5432	23.4728
1.43	-43.8674	-43.9159	-43.5596	-42.8636	-41.8818	-40.6546	-39.2116	-37.5736	-35.7547	-33.7637	-31.606	-29.2847	-26.8021	-24.1605	-21.3636	-18.4175	-15.3314	-12.1192	-8.79914	-5.39481	-1.93462	1.54856	5.0182	8.43513	11.7586	14.9474	17.9604	20.7572	23.2978	25.5419	27.4465	28.9627	30.026	30.5423	30.4089	29.817
1.435	-44.4254	-44.474	-44.133	-43.4635	-42.5166	-41.3308	-39.9343	-38.3472	-36.5826	-34.6489	-32.551	-30.2915	-27.8719	-25.2937	-22.5595	-19.6737	-16.644	-13.4822	-10.2044	-6.83195	-3.39117	0.0869074	3.56726	7.0118	10.3805	13.6326	16.7274	19.6252	22.288	24.6792	26.7641	28.5095	29.8828	30.8496	31.3779	31.4854
1.44	-44.9658	-45.0147	-44.6887	-44.0451	-43.1321	-41.9866	-40.6357	-39.0982	-37.3869	-35.5095	-33.4706	-31.2722	-28.9152	-26.4004	-23.7292	-20.9049	-17.9336	-14.8249	-11.5931	-8.25713	-4.84124	-1.37448	2.10975	5.57461	8.98089	12.2882	15.456	18.4446	21.2161	23.7345	25.966	27.8787	29.4413	30.6207	31.3797	31.6854
1.445	-45.4892	-45.5386	-45.2273	-44.6088	-43.7289	-42.6227	-41.3161	-39.8272	-38.1681	-36.346	-34.3651	-32.227	-29.9321	-27.4804	-24.8726	-22.1107	-19.1992	-16.1461	-12.9635	-9.6683	-6.28243	-2.83293	0.64858	4.12665	7.56299	10.9177	14.1502	17.2208	20.0908	22.7233	25.083	27.1354	28.8436	30.1647	31.0469	31.4349
1.45	-45.9964	-46.0464	-45.7493	-45.1552	-44.3075	-43.2396	-41.9762	-40.5347	-38.9266	-37.1588	-35.2349	-33.1562	-30.9228	-28.5339	-25.9895	-23.2905	-20.4401	-17.4447	-14.3142	-11.0636	-7.7125	-4.28587	-0.813414	2.67095	6.13004	9.52451	12.814	15.9584	18.9181	21.6551	24.1317	26.3095	28.1451	29.5846	30.5613	31.0045
1.455	-46.4877	-46.5384	-46.2552	-45.6849	-44.8684	-43.8377	-42.6165	-41.2212	-39.663	-37.9483	-36.0804	-34.0603	-31.8875	-29.5609	-27.0798	-24.4441	-21.6558	-18.7196	-15.6439	-12.4412	-9.12933	-5.73084	-2.27349	1.21049	4.68518	8.11201	11.4509	14.6613	17.703	20.5362	23.1211	25.4149	27.3675	28.9144	29.9751	30.4655
1.46	-46.9638	-47.0154	-46.7457	-46.1983	-45.4122	-44.4177	-43.2374	-41.8873	-40.3777	-38.715	-36.902	-34.9395	-32.8265	-30.5617	-28.1435	-25.5712	-22.8456	-19.9701	-16.9513	-13.7997	-10.531	-7.16554	-3.72903	-0.251855	3.2315	6.6834	10.0642	13.3331	16.4491	19.3711	22.0565	24.4585	26.5203	28.1672	29.3056	29.8394
1.465	-47.4253	-47.4777	-47.2212	-46.6961	-45.9394	-44.9799	-43.8395	-42.5333	-41.0713	-39.4594	-37.7002	-35.7942	-33.7402	-31.5364	-29.1807	-26.6717	-24.0094	-21.1956	-18.2354	-15.1376	-11.9157	-8.58779	-5.17752	-1.7133	1.77197	5.2418	8.65708	11.9771	15.1601	18.1633	20.9419	23.4449	25.6088	27.3493	28.5605	29.1349
1.47	-47.8727	-47.9261	-47.6822	-47.1787	-46.4505	-45.5251	-44.4233	-43.1599	-41.7443	-40.182	-38.4755	-36.6249	-34.6289	-32.4853	-30.1916	-27.7457	-25.1467	-22.3954	-19.4954	-16.4537	-13.2817	-9.9956	-6.6166	-3.17119	0.309494	3.79026	7.23276	10.5964	13.8389	16.9162	19.7807	22.3776	24.6369	26.4651	27.7446	28.3572
1.475	-48.3065	-48.3608	-48.1293	-47.6467	-46.946	-46.0536	-44.9894	-43.7675	-42.3971	-40.8832	-39.2283	-37.432	-35.493	-33.4087	-31.1763	-28.7931	-26.2575	-23.5692	-20.7306	-17.747	-14.6278	-11.3871	-8.04406	-4.62297	-1.15313	2.33175	5.79429	9.19421	12.4888	15.6328	18.5761	21.2599	23.6081	25.5182	26.8617	27.5101
1.48	-48.7272	-48.7826	-48.5629	-48.1006	-47.4266	-46.5661	-45.5383	-44.3568	-43.0303	-41.5637	-39.959	-38.216	-36.333	-34.3071	-32.1351	-29.8142	-27.3417	-24.7168	-21.9403	-19.0164	-15.9525	-12.7606	-9.45783	-6.06625	-2.61322	0.869181	4.3447	7.77357	11.1129	14.3161	17.331	20.0947	22.5253	24.5117	25.9151	26.5972
1.485	-49.1355	-49.1918	-48.9837	-48.5408	-47.8926	-47.063	-46.0706	-44.9282	-43.6444	-42.2238	-40.6683	-38.9774	-37.1492	-35.1806	-33.0684	-30.8089	-28.3994	-25.8378	-23.1242	-20.2612	-17.2547	-14.1146	-10.856	-7.49875	-4.06819	-0.594637	2.88696	6.33753	9.71412	12.9692	16.0484	18.8852	21.3917	23.4489	24.9079	25.6216
1.49	-49.5317	-49.589	-49.392	-48.9679	-48.3446	-47.5449	-46.5867	-45.4823	-44.24	-42.8642	-41.3566	-39.7166	-37.942	-36.0299	-33.9764	-31.7777	-29.4305	-26.9323	-24.2819	-21.4808	-18.5334	-15.4478	-12.2368	-8.91836	-5.51559	-2.05698	1.42398	4.88913	8.29562	11.5951	14.7313	17.6341	20.2101	22.3325	23.8432	24.5862
1.495	-49.9163	-49.9747	-49.7883	-49.3824	-48.7831	-48.0123	-47.0871	-46.0195	-44.8175	-43.4853	-42.0244	-40.4341	-38.7121	-36.8552	-34.8595	-32.7208	-30.4354	-28.0001	-25.4132	-22.6748	-19.7878	-16.7589	-13.5987	-10.3231	-6.9531	-3.51524	-0.041386	3.43133	6.86041	10.197	13.3828	16.3444	18.9834	21.1655	22.7237	23.494
1.5	-50.2899	-50.3492	-50.1732	-49.7847	-49.2086	-48.4657	-47.5724	-46.5405	-45.3776	-44.0877	-42.6722	-41.1304	-39.4598	-37.6571	-35.7181	-33.6386	-31.4142	-29.0415	-26.5179	-23.8426	-21.0173	-18.0469	-14.9403	-11.7112	-8.37856	-4.96691	-1.5064	1.96707	5.41154	8.77769	12.0057	15.0192	17.7146	19.9507	21.5523	22.3478
1.505	-50.6528	-50.7131	-50.547	-50.1753	-49.6215	-48.9056	-48.0432	-47.0458	-45.9207	-44.6719	-43.3006	-41.8061	-40.1857	-38.436	-36.5527	-34.5312	-32.3672	-30.0565	-27.5961	-24.9841	-22.2212	-19.3109	-16.2602	-13.0809	-9.78992	-6.40963	-2.9684	0.499225	3.95199	7.34039	10.6033	13.6614	16.4065	18.691	20.3319	21.1504
1.51	-51.0056	-51.0668	-50.9102	-50.5547	-50.0224	-49.3324	-48.4998	-47.5358	-46.4474	-45.2384	-43.9102	-42.4616	-40.8902	-39.1923	-37.3636	-35.3993	-33.2947	-31.0454	-28.6477	-26.0991	-23.3993	-20.5502	-17.5574	-14.4309	-11.1853	-7.84116	-4.42485	-0.969432	2.48471	5.8881	9.17848	12.2739	15.0621	17.3893	19.0653	19.9045
1.515	-51.3486	-51.4106	-51.2631	-50.9232	-50.4116	-49.7467	-48.9429	-48.0111	-46.9581	-45.7878	-44.5013	-43.0975	-41.5738	-39.9266	-38.1513	-36.2431	-34.197	-32.0083	-29.6728	-27.1876	-24.551	-21.7642	-18.8311	-15.7598	-12.5631	-9.25944	-5.87333	-2.4362	1.01261	4.42384	7.73437	10.86	13.6845	16.0486	17.7554	18.6132
1.52	-51.6822	-51.745	-51.6063	-51.2814	-50.7897	-50.1488	-49.3728	-48.4721	-47.4535	-46.3206	-45.0746	-43.7143	-42.2371	-40.6393	-38.9163	-37.0631	-35.0746	-32.9456	-30.6718	-28.2494	-25.6763	-22.9524	-20.0803	-17.0664	-13.9217	-10.6625	-7.31155	-3.89848	-0.461482	2.95061	6.27405	9.42268	12.2768	14.672	16.4052	17.2793
1.525	-52.0069	-52.0704	-51.9401	-51.6296	-51.157	-50.5394	-49.7901	-48.9195	-47.934	-46.8374	-45.6306	-44.3125	-42.8806	-41.3311	-39.6591	-37.8598	-35.9277	-33.8576	-31.6447	-29.2848	-26.7751	-24.1145	-21.3044	-18.3497	-15.2597	-12.0486	-8.73736	-5.3538	-1.93482	1.47135	4.80058	7.96508	10.842	13.2624	15.0178	15.9059
1.53	-52.3229	-52.3871	-52.2649	-51.9681	-51.514	-50.9187	-50.1952	-49.3535	-48.4001	-47.3385	-46.1697	-44.8927	-43.5049	-42.0023	-40.3802	-38.6336	-36.7569	-34.7447	-32.5919	-30.2939	-27.8473	-25.2502	-22.5029	-19.6089	-16.5758	-13.4162	-10.1488	-6.79982	-3.40476	-0.01105	3.31702	6.49034	9.38334	11.8232	13.5964	14.4961
1.535	-52.6307	-52.6956	-52.581	-52.2975	-51.8611	-51.2872	-50.5886	-49.7749	-48.8524	-47.8246	-46.6927	-45.4554	-44.1103	-42.6534	-41.0801	-39.385	-37.5626	-35.6073	-33.5137	-31.277	-28.8931	-26.3594	-23.6755	-20.8434	-17.8692	-14.7637	-11.544	-8.23432	-4.86874	-1.49378	1.82639	5.00162	7.90411	10.3575	12.1442	13.0532
1.54	-52.9306	-52.996	-52.8888	-52.618	-52.1986	-51.6454	-50.9707	-50.1839	-49.2912	-48.2962	-47.1998	-46.0012	-44.6976	-43.2852	-41.7592	-40.1145	-38.3452	-36.4457	-34.4104	-32.2341	-29.9124	-27.4421	-24.8217	-22.0524	-19.1388	-16.09	-12.9213	-9.65523	-6.32435	-2.9741	0.331651	3.50208	6.40752	8.86877	10.6645	11.5806
1.545	-53.2228	-53.2888	-53.1886	-52.9299	-52.5269	-51.9936	-51.3419	-50.5811	-49.7171	-48.7537	-47.6918	-46.5304	-45.2671	-43.8979	-42.4182	-40.8225	-39.1052	-37.2605	-35.2824	-33.1658	-30.9056	-28.4983	-25.9416	-23.2356	-20.3838	-17.3938	-14.2791	-11.0607	-7.7693	-4.44939	-1.16428	1.99483	4.89688	7.3603	9.16089	10.0816
1.55	-53.5078	-53.5742	-53.4807	-53.2337	-52.8464	-52.3322	-51.7027	-50.9668	-50.1306	-49.1977	-48.169	-47.0438	-45.8194	-44.4922	-43.0575	-41.5097	-39.8432	-38.052	-36.1302	-34.0722	-31.8729	-29.528	-27.0349	-24.3927	-21.6037	-18.6743	-15.6162	-12.4488	-9.20144	-5.91713	-2.65856	0.482974	3.37545	5.83552	7.63673	8.55977
1.555	-53.7858	-53.8525	-53.7655	-53.5297	-53.1575	-52.6617	-52.0534	-51.3416	-50.5321	-49.6285	-48.632	-47.5417	-46.3552	-45.0687	-43.6776	-42.1765	-40.5595	-38.8207	-36.9541	-34.9538	-32.8145	-30.5316	-28.1017	-25.5235	-22.798	-19.9305	-16.9313	-13.8181	-10.6188	-7.37493	-4.14847	-1.03046	1.8465	4.29788	6.0956	7.01875
1.56	-54.0571	-54.1241	-54.0432	-53.8181	-53.4604	-52.9822	-52.3945	-51.7058	-50.9221	-50.0468	-49.0813	-48.0247	-46.8747	-45.6278	-44.2791	-42.8234	-41.2548	-39.5672	-37.7546	-35.811	-33.7308	-31.5091	-29.1421	-26.6277	-23.9663	-21.1618	-18.2234	-15.1672	-12.0194	-8.82055	-5.63137	-2.54251	0.313282	2.75082	4.54107	5.46214
1.565	-54.3219	-54.3892	-54.3141	-54.0993	-53.7554	-53.2942	-52.7262	-52.0598	-51.3009	-50.4529	-49.5173	-48.4933	-47.3787	-46.17	-44.8625	-43.4509	-41.9294	-40.2919	-38.5322	-36.6442	-34.6221	-32.4609	-30.1562	-27.7055	-25.1083	-22.3677	-19.4915	-16.4946	-13.4017	-10.2519	-7.10475	-4.05031	-1.22104	1.19775	2.97673	3.89361
1.57	-54.5806	-54.648	-54.5785	-54.3735	-54.043	-53.5981	-53.049	-52.404	-51.669	-50.8473	-49.9405	-48.948	-47.8676	-46.6959	-45.4283	-44.0596	-42.584	-40.9953	-39.2873	-37.4538	-35.4889	-33.3872	-31.1442	-28.7568	-26.2239	-23.5478	-20.7351	-17.7994	-14.7642	-11.6669	-8.56624	-5.55108	-2.75335	-0.357942	1.40613	2.3168
1.575	-54.8332	-54.9008	-54.8366	-54.641	-54.3233	-53.8941	-53.3632	-52.7389	-52.0268	-51.2305	-50.3515	-49.3893	-48.3419	-47.206	-45.9771	-44.6501	-43.2191	-41.678	-40.0205	-38.2404	-36.3315	-34.2885	-32.1064	-29.7818	-27.3131	-24.7016	-21.9533	-19.0805	-16.1053	-13.0639	-10.0136	-7.04221	-4.28065	-1.91295	-0.167189	0.735348
1.58	-55.0802	-55.1478	-55.0886	-54.9021	-54.5966	-54.1825	-53.6692	-53.0646	-52.3746	-51.6028	-50.7505	-49.8176	-48.8021	-47.7008	-46.5094	-45.2228	-43.8351	-42.3404	-40.7322	-39.0042	-37.1504	-35.165	-33.043	-30.7806	-28.3757	-25.8291	-23.1458	-20.3372	-17.424	-14.4413	-11.4448	-8.52118	-5.80005	-3.46407	-1.73979	-0.847185
1.585	-55.3216	-55.3892	-55.3349	-55.1569	-54.8633	-54.4636	-53.9671	-53.3817	-52.713	-51.9646	-51.1381	-50.2334	-49.2487	-48.1809	-47.0257	-45.7782	-44.4327	-42.983	-41.4229	-39.746	-37.9461	-36.0173	-33.9544	-31.7535	-29.412	-26.9301	-24.3123	-21.5687	-18.7193	-15.7975	-12.8579	-9.98565	-7.3088	-5.00819	-3.30832	-2.42732
1.59	-55.5577	-55.6253	-55.5755	-55.4058	-55.1235	-54.7377	-54.2575	-53.6904	-53.0422	-52.3164	-51.5148	-50.6372	-49.6822	-48.6466	-47.5265	-46.3169	-45.0123	-43.6064	-42.0932	-40.4661	-38.7189	-36.8456	-34.841	-32.7007	-30.422	-28.0046	-25.4523	-22.7746	-19.9901	-17.1312	-14.2512	-11.4334	-8.8043	-6.54236	-4.86956	-4.00169
1.595	-55.7887	-55.8562	-55.8107	-55.649	-55.3775	-55.005	-54.5404	-53.991	-53.3625	-52.6585	-51.8808	-51.0295	-50.103	-49.0986	-48.0124	-46.8395	-45.5744	-44.2112	-42.7435	-41.165	-39.4694	-37.6505	-35.7031	-33.6226	-31.406	-29.0527	-26.5658	-23.9543	-21.2357	-18.4414	-15.6231	-12.8626	-10.2841	-8.06378	-6.42043	-5.56707
1.6	-56.0147	-56.0821	-56.0407	-55.8866	-55.6255	-55.2659	-54.8163	-54.2839	-53.6743	-52.9913	-52.2366	-51.4105	-50.5116	-49.5373	-48.4838	-47.3464	-46.1197	-44.7978	-43.3745	-41.8433	-40.198	-38.4325	-36.5412	-34.5195	-32.3642	-30.0744	-27.6528	-25.1076	-22.4556	-19.727	-16.9722	-14.2712	-11.746	-9.56982	-7.95803	-7.12041
1.605	-56.236	-56.3031	-56.2657	-56.1189	-55.8678	-55.5205	-55.0853	-54.5693	-53.978	-53.3151	-52.5826	-51.7808	-50.9085	-49.9631	-48.9412	-47.8381	-46.6485	-45.3668	-43.9865	-42.5015	-40.9053	-39.1919	-37.3556	-35.3917	-33.2969	-31.07	-28.7132	-26.2342	-23.6492	-20.9873	-18.2973	-15.6577	-13.188	-11.0581	-9.47966	-8.65885
1.61	-56.4526	-56.5196	-56.4859	-56.346	-56.1045	-55.7691	-55.3478	-54.8475	-54.2738	-53.6303	-52.9192	-52.1408	-51.294	-50.3766	-49.3851	-48.3151	-47.1615	-45.9186	-44.5802	-43.1401	-41.5918	-39.9293	-38.1469	-36.2398	-34.2045	-32.0396	-29.7471	-27.3341	-24.8162	-22.2215	-19.5975	-17.0207	-14.6081	-12.5264	-10.9828	-10.1797
1.615	-56.6649	-56.7315	-56.7014	-56.5681	-56.3359	-56.0119	-55.604	-55.1189	-54.562	-53.9373	-53.2467	-52.4907	-51.6686	-50.7782	-49.8161	-48.7781	-47.6592	-46.4539	-45.1561	-43.7596	-42.258	-40.6452	-38.9156	-37.0641	-35.0873	-32.9836	-30.7546	-28.4073	-25.9564	-23.4291	-20.8717	-18.3588	-16.0048	-13.9726	-12.4652	-11.6807
1.62	-56.8728	-56.9392	-56.9124	-56.7855	-56.5621	-56.2491	-55.854	-55.3835	-54.843	-54.2362	-53.5654	-52.8312	-52.0328	-51.1682	-50.2344	-49.2273	-48.142	-46.9731	-45.7147	-44.3605	-42.9044	-41.3401	-39.662	-37.8651	-35.9457	-33.9022	-31.7361	-29.4538	-27.0695	-24.6097	-22.1193	-19.6711	-17.3767	-15.3952	-13.9249	-13.1595
1.625	-57.0766	-57.1426	-57.119	-56.9982	-56.7833	-56.4809	-56.0982	-55.6417	-55.1169	-54.5275	-53.8757	-53.1623	-52.3868	-51.5472	-50.6407	-49.6634	-48.6105	-47.4768	-46.2565	-44.9434	-43.5314	-42.0144	-40.3866	-38.6431	-36.7801	-34.7959	-32.6917	-30.4737	-28.1556	-25.763	-23.3398	-20.9566	-18.7224	-16.7924	-15.36	-14.6142
1.63	-57.2764	-57.342	-57.3215	-57.2065	-56.9998	-56.7075	-56.3367	-55.8938	-55.3841	-54.8113	-54.1779	-53.4846	-52.7311	-51.9156	-51.0354	-50.0867	-49.0651	-47.9655	-46.782	-45.5089	-44.1398	-42.6688	-41.0901	-39.3988	-37.591	-35.665	-33.6217	-31.4672	-29.2146	-26.8889	-24.5326	-22.2147	-20.0411	-18.163	-16.769	-16.0432
1.635	-57.4723	-57.5375	-57.5198	-57.4104	-57.2116	-56.9291	-56.5698	-56.1399	-55.6447	-55.0881	-54.4723	-53.7984	-53.066	-52.2737	-51.4188	-50.4978	-49.5064	-48.4396	-47.2918	-46.0573	-44.7299	-43.3036	-41.7728	-40.1325	-38.3788	-36.5098	-34.5265	-32.4345	-30.2468	-27.9873	-25.6976	-23.4447	-21.3318	-19.506	-18.1507	-17.445
1.64	-57.6644	-57.7291	-57.7142	-57.6102	-57.4189	-57.1458	-56.7975	-56.3802	-55.8991	-55.3579	-54.7592	-54.1039	-53.392	-52.6219	-51.7914	-50.8971	-49.9348	-48.8997	-47.7864	-46.5893	-45.3023	-43.9195	-42.4353	-40.8448	-39.144	-37.3309	-35.4064	-33.376	-31.2522	-29.0582	-26.8346	-24.6464	-22.594	-20.8204	-19.5038	-18.8184
1.645	-57.8528	-57.9171	-57.9048	-57.8059	-57.6218	-57.3578	-57.0202	-56.615	-56.1474	-55.6212	-55.0388	-54.4015	-53.7092	-52.9606	-52.1536	-51.285	-50.3507	-49.3462	-48.2663	-47.1053	-45.8575	-44.517	-43.0782	-41.5361	-39.887	-38.1286	-36.2619	-34.292	-32.231	-30.1018	-27.9434	-25.8194	-23.8271	-22.1055	-20.8276	-20.1626
1.65	-58.0378	-58.1016	-58.0917	-57.9977	-57.8206	-57.5653	-57.238	-56.8445	-56.3899	-55.8781	-55.3115	-54.6915	-54.0181	-53.2902	-52.5058	-51.6619	-50.7547	-49.7797	-48.732	-47.606	-46.3961	-45.0966	-43.7018	-42.207	-40.6083	-38.9035	-37.0933	-35.1828	-33.1837	-31.1181	-29.0242	-26.9636	-25.0309	-23.3609	-22.1215	-21.4767
1.655	-58.2193	-58.2825	-58.275	-58.1857	-58.0153	-57.7684	-57.451	-57.0688	-56.6268	-56.1288	-55.5775	-54.9742	-54.319	-53.611	-52.8484	-52.0282	-51.1471	-50.2006	-49.1839	-48.0917	-46.9185	-45.6587	-44.3068	-42.858	-41.3084	-39.6559	-37.9011	-36.0488	-34.1104	-32.1075	-30.0771	-28.0791	-26.2052	-24.5863	-23.385	-22.7602
1.66	-58.3974	-58.4601	-58.4548	-58.37	-58.2061	-57.9673	-57.6594	-57.2881	-56.8582	-56.3737	-55.8371	-55.2498	-54.6121	-53.9233	-53.1816	-52.3845	-51.5284	-50.6093	-49.6225	-48.563	-47.4254	-46.204	-44.8937	-43.4896	-41.9879	-40.3864	-38.6857	-36.8904	-35.0116	-33.0702	-31.1022	-29.1658	-27.35	-25.7814	-24.6177	-24.0129
1.665	-58.5723	-58.6344	-58.6312	-58.5508	-58.393	-58.162	-57.8634	-57.5025	-57.0844	-56.6128	-56.0903	-55.5185	-54.8978	-54.2275	-53.506	-52.7309	-51.8989	-51.0063	-50.0484	-49.0204	-47.9171	-46.733	-45.463	-44.1024	-42.6473	-41.0955	-39.4477	-37.7081	-35.8876	-34.0066	-32.0999	-30.224	-28.4653	-26.9463	-25.8197	-25.2345
1.67	-58.744	-58.8056	-58.8043	-58.7281	-58.5763	-58.3528	-58.063	-57.7123	-57.3055	-56.8464	-56.3376	-55.7808	-55.1763	-54.5238	-53.8217	-53.0679	-52.2592	-51.392	-50.462	-49.4644	-48.3942	-47.2462	-46.0152	-44.6967	-43.287	-41.7837	-40.1874	-38.5023	-36.7389	-34.917	-33.0704	-31.2539	-29.5512	-28.081	-26.9909	-26.425
1.675	-58.9127	-58.9737	-58.9743	-58.902	-58.7559	-58.5397	-58.2585	-57.9176	-57.5217	-57.0746	-56.5791	-56.0366	-55.4479	-54.8125	-54.1292	-53.3958	-52.6096	-51.7668	-50.8637	-49.8954	-48.8572	-47.744	-46.5509	-45.2733	-43.9075	-42.4515	-40.9054	-39.2736	-37.566	-35.8019	-34.0142	-32.2559	-30.6082	-29.1858	-28.1314	-27.5845
1.68	-59.0784	-59.1388	-59.1412	-59.0726	-58.9321	-58.7229	-58.45	-58.1186	-57.7332	-57.2978	-56.8149	-56.2864	-55.7128	-55.094	-54.4287	-53.7151	-52.9503	-52.1312	-51.2539	-50.3139	-49.3066	-48.227	-47.0705	-45.8325	-44.5095	-43.0994	-41.6023	-40.0223	-38.3692	-36.6616	-34.9315	-33.2303	-31.6364	-30.2608	-29.2416	-28.7133
1.685	-59.2412	-59.3009	-59.305	-59.2401	-59.1049	-58.9025	-58.6376	-58.3153	-57.9401	-57.5159	-57.0454	-56.5303	-55.9714	-55.3684	-54.7206	-54.0259	-53.2819	-52.4856	-51.6331	-50.7203	-49.7428	-48.6958	-47.5746	-46.375	-45.0935	-43.7279	-42.2784	-40.749	-39.1491	-37.4968	-35.823	-34.1775	-32.6362	-31.3065	-30.3216	-29.8115
1.69	-59.4012	-59.4603	-59.4659	-59.4046	-59.2745	-59.0785	-58.8213	-58.5079	-58.1426	-57.7293	-57.2706	-56.7685	-56.2237	-55.6361	-55.005	-54.3286	-53.6047	-52.8302	-52.0017	-51.1152	-50.1663	-49.1507	-48.0637	-46.9012	-45.6599	-44.3375	-42.9344	-41.4542	-39.9062	-38.3078	-36.6889	-35.0979	-33.6082	-32.3233	-31.372	-30.8797
1.695	-59.5584	-59.6168	-59.624	-59.566	-59.4408	-59.2512	-59.0014	-58.6965	-58.3408	-57.9379	-57.4908	-57.0012	-56.47	-55.8973	-55.2823	-54.6236	-53.9189	-53.1655	-52.3601	-51.4988	-50.5776	-49.5922	-48.5383	-47.4117	-46.2092	-44.9289	-43.5708	-42.1385	-40.641	-39.0951	-37.5299	-35.9921	-34.5526	-33.3115	-32.393	-31.9182
1.7	-59.7129	-59.7707	-59.7793	-59.7245	-59.6041	-59.4205	-59.178	-58.8813	-58.5348	-58.1421	-57.7061	-57.2286	-56.7106	-56.1522	-55.5528	-54.911	-54.2249	-53.4918	-52.7086	-51.8717	-50.9772	-50.0209	-48.9988	-47.9069	-46.7421	-45.5024	-44.188	-42.8023	-41.3539	-39.8593	-38.3465	-36.8606	-35.4701	-34.2718	-33.3853	-32.9275
1.705	-59.8648	-59.9219	-59.9319	-59.8802	-59.7643	-59.5866	-59.3511	-59.0623	-58.7248	-58.342	-57.9167	-57.4509	-56.9456	-56.401	-55.8166	-55.1913	-54.523	-53.8095	-53.0476	-52.2342	-51.3653	-50.4372	-49.4458	-48.3875	-47.2591	-46.0587	-44.7867	-43.4462	-42.0456	-40.6009	-39.139	-37.7037	-36.3612	-35.2045	-34.3493	-33.9082
1.71	-60.0141	-60.0706	-60.0818	-60.0331	-59.9217	-59.7496	-59.5208	-59.2398	-58.9109	-58.5376	-58.1227	-57.6682	-57.1752	-56.644	-56.0741	-55.4645	-54.8135	-54.1188	-53.3776	-52.5867	-51.7426	-50.8415	-49.8798	-48.8537	-47.7605	-46.5983	-45.3673	-44.0707	-42.7166	-41.3203	-39.9082	-38.5222	-37.2263	-36.1103	-35.2856	-34.8607
1.715	-60.1609	-60.2167	-60.2292	-60.1833	-60.0761	-59.9095	-59.6872	-59.4137	-59.0932	-58.7291	-58.3243	-57.8808	-57.3996	-56.8813	-56.3255	-55.7311	-55.0967	-54.4201	-53.6987	-52.9296	-52.1093	-51.2343	-50.3011	-49.3063	-48.247	-47.1217	-45.9304	-44.6764	-43.3674	-42.0183	-40.6544	-39.3165	-38.066	-36.9897	-36.1947	-35.7856
1.72	-60.3053	-60.3605	-60.3741	-60.3309	-60.2278	-60.0665	-59.8505	-59.5842	-59.2718	-58.9166	-58.5216	-58.0887	-57.619	-57.1132	-56.5708	-55.9912	-55.3728	-54.7137	-54.0114	-53.2632	-52.4659	-51.616	-50.7103	-49.7456	-48.7191	-47.6294	-46.4766	-45.2638	-43.9985	-42.6952	-41.3783	-40.0871	-38.8809	-37.8432	-37.0771	-36.6834
1.725	-60.4474	-60.5018	-60.5165	-60.4759	-60.3768	-60.2206	-60.0107	-59.7515	-59.4468	-59.1003	-58.7148	-58.2921	-57.8336	-57.3398	-56.8105	-56.2451	-55.6421	-54.9999	-54.316	-53.5879	-52.8127	-51.987	-51.1078	-50.1721	-49.1773	-48.1219	-47.0063	-45.8334	-44.6105	-43.3517	-42.0804	-40.8346	-39.6715	-38.6713	-37.9335	-37.5548
1.73	-60.587	-60.6408	-60.6565	-60.6185	-60.5232	-60.3718	-60.1679	-59.9154	-59.6184	-59.2803	-58.9039	-58.4911	-58.0434	-57.5613	-57.0446	-56.4929	-55.9049	-55.2789	-54.6128	-53.9041	-53.1501	-52.3477	-51.4941	-50.5862	-49.6219	-48.5998	-47.52	-46.3858	-45.204	-43.9882	-42.7613	-41.5597	-40.4384	-39.4748	-38.7644	-38.4003
1.735	-60.7245	-60.7776	-60.7942	-60.7586	-60.667	-60.5204	-60.3222	-60.0763	-59.7867	-59.4567	-59.0891	-58.686	-58.2487	-57.7778	-57.2734	-56.7349	-56.1613	-55.551	-54.902	-54.212	-53.4784	-52.6985	-51.8694	-50.9885	-50.0536	-49.0634	-48.0184	-46.9214	-45.7795	-44.6055	-43.4215	-42.2627	-41.1821	-40.2541	-39.5703	-39.2206
1.74	-60.8597	-60.9121	-60.9297	-60.8964	-60.8083	-60.6663	-60.4736	-60.2341	-59.9516	-59.6295	-59.2706	-58.8768	-58.4496	-57.9896	-57.497	-56.9714	-56.4116	-55.8164	-55.1839	-54.5119	-53.7981	-53.0398	-52.2343	-51.3793	-50.4727	-49.5135	-48.5019	-47.441	-46.3374	-45.2039	-44.0616	-42.9444	-41.9033	-41.0098	-40.352	-40.016
1.745	-60.9927	-61.0445	-61.0629	-61.0318	-60.9471	-60.8096	-60.6223	-60.389	-60.1134	-59.799	-59.4484	-59.0636	-58.6462	-58.1968	-57.7157	-57.2024	-56.656	-56.0754	-55.4588	-54.8042	-54.1094	-53.3718	-52.5892	-51.7591	-50.8798	-49.9503	-48.971	-47.9449	-46.8785	-45.7841	-44.6821	-43.6052	-42.6025	-41.7424	-41.1099	-40.7874
1.75	-61.1236	-61.1747	-61.1939	-61.165	-61.0836	-60.9504	-60.7683	-60.541	-60.2721	-59.9651	-59.6226	-59.2466	-58.8387	-58.3996	-57.9295	-57.4281	-56.8948	-56.3282	-55.727	-55.0891	-54.4126	-53.6951	-52.9343	-52.1283	-51.2752	-50.3743	-49.4262	-48.4337	-47.4032	-46.3466	-45.2836	-44.2458	-43.2802	-42.4527	-41.8446	-41.5352
1.755	-61.2524	-61.3028	-61.3229	-61.296	-61.2178	-61.0887	-60.9117	-60.6902	-60.4278	-60.128	-59.7933	-59.4259	-59.0272	-58.598	-58.1386	-57.6488	-57.128	-56.5751	-55.9886	-55.3669	-54.708	-54.0098	-53.2702	-52.4872	-51.6595	-50.7862	-49.868	-48.9078	-47.912	-46.8919	-45.8667	-44.8667	-43.9371	-43.1411	-42.5567	-42.2599
1.76	-61.3792	-61.429	-61.4497	-61.4248	-61.3497	-61.2247	-61.0525	-60.8366	-60.5806	-60.2878	-59.9607	-59.6016	-59.2117	-58.7922	-58.3432	-57.8646	-57.356	-56.8162	-56.244	-55.6379	-54.9959	-54.3163	-53.597	-52.8363	-52.0329	-51.1862	-50.2969	-49.3679	-48.4055	-47.4206	-46.4319	-45.4684	-44.5736	-43.8082	-43.2468	-42.9623
1.765	-61.504	-61.5531	-61.5745	-61.5515	-61.4794	-61.3583	-61.1908	-60.9804	-60.7306	-60.4445	-60.1248	-59.7737	-59.3925	-58.9823	-58.5434	-58.0757	-57.5788	-57.0517	-56.4933	-55.9022	-55.2766	-54.6149	-53.9152	-53.1759	-52.3959	-51.5748	-50.7133	-49.8144	-48.8841	-47.9333	-46.9798	-46.0516	-45.1905	-44.4546	-43.9154	-43.6429
1.77	-61.6268	-61.6753	-61.6974	-61.6762	-61.6069	-61.4896	-61.3267	-61.1216	-60.8777	-60.5983	-60.2858	-59.9424	-59.5697	-59.1685	-58.7393	-58.2822	-57.7966	-57.2818	-56.7368	-56.1601	-55.5504	-54.9059	-54.2251	-53.5064	-52.749	-51.9524	-51.1177	-50.2477	-49.3485	-48.4305	-47.5109	-46.6168	-45.7883	-45.0809	-44.5633	-44.3022
1.775	-61.7478	-61.7956	-61.8183	-61.7988	-61.7323	-61.6186	-61.4602	-61.2603	-61.0222	-60.7491	-60.4436	-60.1079	-59.7433	-59.3509	-58.9312	-58.4842	-58.0096	-57.5068	-56.9746	-56.412	-55.8175	-55.1896	-54.5269	-53.8281	-53.0924	-52.3195	-51.5105	-50.6684	-49.799	-48.9126	-48.0258	-47.1646	-46.3674	-45.6876	-45.1908	-44.9409
1.78	-61.8668	-61.914	-61.9373	-61.9195	-61.8557	-61.7455	-61.5914	-61.3965	-61.1641	-60.8972	-60.5985	-60.2701	-59.9134	-59.5296	-59.119	-58.6819	-58.218	-57.7267	-57.207	-56.6579	-56.078	-55.4662	-54.821	-54.1414	-53.4265	-52.6764	-51.8922	-51.0769	-50.2363	-49.3803	-48.525	-47.6955	-46.9286	-46.2755	-45.7987	-45.5596
1.785	-61.9841	-62.0306	-62.0544	-62.0383	-61.977	-61.8703	-61.7204	-61.5303	-61.3033	-61.0425	-60.7504	-60.4291	-60.0802	-59.7046	-59.303	-58.8755	-58.4219	-57.9417	-57.4341	-56.898	-56.3324	-55.736	-55.1077	-54.4465	-53.7517	-53.0235	-52.2632	-51.4737	-50.6607	-49.8339	-49.0091	-48.2101	-47.4724	-46.8449	-46.3875	-46.1588
1.79	-62.0995	-62.1454	-62.1697	-62.1552	-62.0964	-61.993	-61.8471	-61.6618	-61.4401	-61.1852	-60.8995	-60.5852	-60.2437	-59.8762	-59.4832	-59.065	-58.6214	-58.152	-57.656	-57.1326	-56.5807	-55.9993	-55.3872	-54.7437	-54.0683	-53.3612	-52.6238	-51.8591	-51.0727	-50.2741	-49.4785	-48.7089	-47.9993	-47.3965	-46.9578	-46.7391
1.795	-62.2132	-62.2585	-62.2833	-62.2702	-62.2138	-62.1137	-61.9718	-61.791	-61.5745	-61.3253	-61.0458	-60.7382	-60.4041	-60.0444	-59.6598	-59.2506	-58.8167	-58.3578	-57.8731	-57.3619	-56.8233	-56.2562	-55.6598	-55.0334	-54.3766	-53.6899	-52.9745	-52.2336	-51.4728	-50.7013	-49.9337	-49.1924	-48.5099	-47.9309	-47.5102	-47.3011
1.8	-62.3251	-62.3698	-62.3951	-62.3835	-62.3294	-62.2324	-62.0943	-61.9179	-61.7065	-61.4628	-61.1894	-60.8884	-60.5613	-60.2092	-59.8328	-59.4324	-59.008	-58.5591	-58.0854	-57.586	-57.0602	-56.507	-55.9258	-55.3158	-54.677	-54.0098	-53.3156	-52.5976	-51.8614	-51.1159	-50.3754	-49.6612	-49.0047	-48.4486	-48.0452	-47.8454
1.805	-62.4354	-62.4795	-62.5052	-62.4949	-62.4431	-62.3492	-62.2147	-62.0427	-61.8362	-61.5979	-61.3304	-61.0358	-60.7156	-60.3709	-60.0024	-59.6105	-59.1952	-58.7562	-58.293	-57.8051	-57.2917	-56.752	-56.1853	-55.5912	-54.9697	-54.3213	-53.6475	-52.9516	-52.239	-51.5185	-50.8039	-50.1159	-49.4844	-48.9503	-48.5635	-48.3726
1.81	-62.544	-62.5875	-62.6136	-62.6047	-62.5551	-62.464	-62.3332	-62.1654	-61.9636	-61.7306	-61.4688	-61.1804	-60.8669	-60.5294	-60.1686	-59.785	-59.3786	-58.9491	-58.4962	-58.0194	-57.5179	-56.9912	-56.4386	-55.8599	-55.255	-54.6246	-53.9705	-53.2958	-52.6059	-51.9094	-51.2198	-50.5568	-49.9493	-49.4364	-49.0655	-48.8832
1.815	-62.651	-62.6939	-62.7204	-62.7128	-62.6653	-62.577	-62.4497	-62.286	-62.0888	-61.8609	-61.6048	-61.3224	-61.0154	-60.6849	-60.3316	-59.956	-59.5582	-59.138	-58.6951	-58.229	-57.7391	-57.2249	-56.686	-56.122	-55.5332	-54.9202	-54.285	-53.6307	-52.9626	-52.2892	-51.6235	-50.9846	-50.4001	-49.9074	-49.5519	-49.3778
1.82	-62.7564	-62.7987	-62.8255	-62.8192	-62.7737	-62.6883	-62.5643	-62.4046	-62.2119	-61.9889	-61.7382	-61.4618	-61.1611	-60.8374	-60.4915	-60.1237	-59.7342	-59.323	-58.8897	-58.434	-57.9554	-57.4534	-56.9275	-56.3778	-55.8045	-55.2083	-54.5913	-53.9565	-53.3094	-52.6582	-52.0154	-51.3997	-50.8373	-50.3641	-50.0233	-49.857
1.825	-62.8602	-62.902	-62.9292	-62.924	-62.8805	-62.7977	-62.6771	-62.5212	-62.3328	-62.1148	-61.8694	-61.5986	-61.3041	-60.9871	-60.6482	-60.288	-59.9067	-59.5042	-59.0803	-58.6347	-58.1669	-57.6766	-57.1635	-56.6276	-56.0692	-55.4892	-54.8896	-54.2737	-53.6467	-53.0168	-52.3961	-51.8025	-51.2613	-50.8067	-50.48	-50.3214
1.83	-62.9625	-63.0038	-63.0312	-63.0272	-62.9856	-62.9054	-62.788	-62.6359	-62.4518	-62.2384	-61.9982	-61.733	-61.4445	-61.1339	-60.8019	-60.4492	-60.0757	-59.6817	-59.2669	-58.8311	-58.3739	-57.8949	-57.3941	-56.8715	-56.3274	-55.7631	-55.1803	-54.5826	-53.9749	-53.3654	-52.7659	-52.1935	-51.6727	-51.236	-50.9228	-50.7713
1.835	-63.0633	-63.104	-63.1318	-63.1289	-63.0891	-63.0114	-62.8971	-62.7486	-62.5687	-62.3599	-62.1247	-61.865	-61.5824	-61.278	-60.9528	-60.6072	-60.2415	-59.8557	-59.4497	-59.0234	-58.5764	-58.1084	-57.6195	-57.1097	-56.5796	-56.0302	-55.4637	-54.8834	-54.2943	-53.7044	-53.1252	-52.5733	-52.0719	-51.6523	-51.3521	-51.2075
1.84	-63.1627	-63.2028	-63.2308	-63.229	-63.1911	-63.1158	-63.0045	-62.8596	-62.6837	-62.4794	-62.249	-61.9946	-61.7177	-61.4195	-61.1008	-60.7622	-60.4039	-60.0262	-59.6288	-59.2117	-58.7745	-58.3173	-57.8398	-57.3425	-56.8258	-56.2909	-55.74	-55.1764	-54.6053	-54.0342	-53.4745	-52.9421	-52.4594	-52.0562	-51.7683	-51.6304
1.845	-63.2606	-63.3002	-63.3285	-63.3276	-63.2914	-63.2186	-63.1102	-62.9687	-62.7967	-62.5968	-62.3712	-62.122	-61.8506	-61.5583	-61.246	-60.9142	-60.5633	-60.1933	-59.8043	-59.396	-58.9685	-58.5216	-58.0553	-57.5699	-57.0662	-56.5453	-56.0095	-55.462	-54.9081	-54.3552	-53.8141	-53.3004	-52.8356	-52.4481	-52.1721	-52.0405
1.85	-63.357	-63.3961	-63.4247	-63.4248	-63.3903	-63.3197	-63.2143	-63.0761	-62.9079	-62.7122	-62.4913	-62.2471	-61.9811	-61.6947	-61.3886	-61.0634	-60.7195	-60.3571	-59.9762	-59.5767	-59.1585	-58.7216	-58.266	-57.7923	-57.3011	-56.7937	-56.2724	-55.7405	-55.2031	-54.6675	-54.1444	-53.6487	-53.201	-52.8285	-52.5638	-52.4383
1.855	-63.4521	-63.4907	-63.5195	-63.5206	-63.4877	-63.4193	-63.3166	-63.1818	-63.0173	-62.8257	-62.6093	-62.37	-62.1093	-61.8285	-61.5285	-61.2098	-60.8728	-60.5178	-60.1447	-59.7536	-59.3445	-58.9173	-58.4722	-58.0097	-57.5306	-57.0362	-56.5289	-56.012	-55.4905	-54.9716	-54.4657	-53.9872	-53.5559	-53.1978	-52.944	-52.8242
1.86	-63.5458	-63.5839	-63.6129	-63.615	-63.5836	-63.5174	-63.4174	-63.2858	-63.1249	-62.9374	-62.7254	-62.4908	-62.2353	-61.96	-61.6658	-61.3534	-61.0232	-60.6753	-60.3099	-59.927	-59.5267	-59.1089	-58.6739	-58.2223	-57.7549	-57.2731	-56.7793	-56.2768	-55.7706	-55.2678	-54.7784	-54.3164	-53.9008	-53.5565	-53.313	-53.1987
1.865	-63.6382	-63.6758	-63.705	-63.7079	-63.6781	-63.6141	-63.5167	-63.3881	-63.2308	-63.0471	-62.8394	-62.6096	-62.359	-62.0891	-61.8007	-61.4944	-61.1707	-60.8298	-60.4719	-60.097	-59.7051	-59.2965	-58.8714	-58.4303	-57.9742	-57.5046	-57.0238	-56.5352	-56.0437	-55.5563	-55.0828	-54.6366	-54.2361	-53.9049	-53.6713	-53.5624
1.87	-63.7293	-63.7664	-63.7958	-63.7996	-63.7713	-63.7092	-63.6144	-63.4888	-63.3349	-63.1551	-62.9516	-62.7263	-62.4806	-62.216	-61.9331	-61.6329	-61.3155	-60.9814	-60.6307	-60.2636	-59.88	-59.4803	-59.0647	-58.6338	-58.1886	-57.7308	-57.2626	-56.7873	-56.3101	-55.8375	-55.3792	-54.9482	-54.5621	-54.2435	-54.0194	-53.9154
1.875	-63.8191	-63.8557	-63.8853	-63.8899	-63.863	-63.803	-63.7106	-63.588	-63.4374	-63.2613	-63.0619	-62.841	-62.6002	-62.3406	-62.0632	-61.7687	-61.4576	-61.1301	-60.7865	-60.4269	-60.0514	-59.6603	-59.2539	-58.8329	-58.3984	-57.9519	-57.4958	-57.0335	-56.5699	-56.1116	-55.6679	-55.2515	-54.8792	-54.5726	-54.3575	-54.2584
1.88	-63.9076	-63.9438	-63.9735	-63.9789	-63.9534	-63.8953	-63.8054	-63.6856	-63.5383	-63.3658	-63.1704	-62.9538	-62.7176	-62.463	-62.191	-61.9022	-61.5971	-61.2761	-60.9393	-60.587	-60.2194	-59.8366	-59.4392	-59.0278	-58.6036	-58.1681	-57.7237	-57.2739	-56.8234	-56.3788	-55.9492	-55.5468	-55.1876	-54.8927	-54.6862	-54.5917
1.885	-63.9948	-64.0306	-64.0605	-64.0667	-64.0425	-63.9863	-63.8987	-63.7817	-63.6376	-63.4687	-63.2771	-63.0647	-62.8331	-62.5833	-62.3165	-62.0332	-61.7341	-61.4193	-61.0893	-60.7441	-60.3841	-60.0095	-59.6207	-59.2187	-58.8044	-58.3795	-57.9464	-57.5087	-57.0708	-56.6395	-56.2234	-55.8343	-55.4879	-55.2039	-55.0057	-54.9156
1.89	-64.0809	-64.1162	-64.1462	-64.1532	-64.1303	-64.0759	-63.9906	-63.8763	-63.7353	-63.5698	-63.3821	-63.1738	-62.9466	-62.7016	-62.4398	-62.1619	-61.8685	-61.5599	-61.2364	-60.8982	-60.5455	-60.1788	-59.7986	-59.4055	-59.0009	-58.5863	-58.1642	-57.738	-57.3124	-56.8938	-56.4906	-56.1144	-55.7801	-55.5067	-55.3164	-55.2305
1.895	-64.1657	-64.2006	-64.2308	-64.2385	-64.2169	-64.1642	-64.0812	-63.9695	-63.8315	-63.6694	-63.4853	-63.2811	-63.0582	-62.8178	-62.561	-62.2884	-62.0005	-61.6979	-61.3807	-61.0493	-60.7039	-60.3449	-59.9728	-59.5885	-59.1932	-58.7886	-58.3771	-57.9621	-57.5483	-57.1419	-56.7513	-56.3874	-56.0647	-55.8014	-55.6187	-55.5367
1.9	-64.2494	-64.2839	-64.3142	-64.3226	-64.3022	-64.2513	-64.1704	-64.0613	-63.9262	-63.7674	-63.5869	-63.3866	-63.1679	-62.932	-62.68	-62.4126	-62.1302	-61.8334	-61.5224	-61.1975	-60.8591	-60.5076	-60.1435	-59.7678	-59.3815	-58.9866	-58.5853	-58.1812	-57.7788	-57.3841	-57.0055	-56.6535	-56.3419	-56.0884	-55.9128	-55.8347
1.905	-64.332	-64.366	-64.3965	-64.4055	-64.3863	-64.3371	-64.2583	-64.1517	-64.0195	-63.8639	-63.6869	-63.4904	-63.2758	-63.0443	-62.797	-62.5346	-62.2576	-61.9664	-61.6615	-61.343	-61.0115	-60.6672	-60.3109	-59.9434	-59.5659	-59.1803	-58.789	-58.3954	-58.0039	-57.6206	-57.2535	-56.9129	-56.6121	-56.3677	-56.1991	-56.1246
1.91	-64.4134	-64.447	-64.4776	-64.4873	-64.4693	-64.4216	-64.3449	-64.2407	-64.1113	-63.9588	-63.7853	-63.5925	-63.3819	-63.1548	-62.9121	-62.6545	-62.3827	-62.0971	-61.798	-61.4858	-61.1609	-60.8237	-60.475	-60.1155	-59.7466	-59.37	-58.9883	-58.6048	-58.2239	-57.8516	-57.4956	-57.1659	-56.8753	-56.6399	-56.4779	-56.4069
1.915	-64.4937	-64.5269	-64.5576	-64.5679	-64.551	-64.505	-64.4302	-64.3284	-64.2018	-64.0523	-63.8821	-63.693	-63.4863	-63.2634	-63.0251	-62.7723	-62.5056	-62.2254	-61.932	-61.6259	-61.3075	-60.9773	-60.6358	-60.2841	-59.9235	-59.5557	-59.1833	-58.8096	-58.439	-58.0772	-57.7319	-57.4127	-57.132	-56.905	-56.7494	-56.6817
1.92	-64.5729	-64.6057	-64.6365	-64.6474	-64.6316	-64.5871	-64.5143	-64.4149	-64.2908	-64.1444	-63.9775	-63.7918	-63.589	-63.3702	-63.1363	-62.8882	-62.6264	-62.3514	-62.0637	-61.7635	-61.4514	-61.1279	-60.7935	-60.4494	-60.0968	-59.7376	-59.3742	-59.01	-58.6492	-58.2976	-57.9626	-57.6535	-57.3823	-57.1635	-57.0139	-56.9493
1.925	-64.651	-64.6835	-64.7144	-64.7259	-64.7111	-64.6681	-64.5972	-64.5	-64.3786	-64.235	-64.0713	-63.8891	-63.69	-63.4752	-63.2456	-63.002	-62.7451	-62.4752	-62.1929	-61.8986	-61.5926	-61.2756	-60.9482	-60.6115	-60.2667	-59.9158	-59.5611	-59.206	-58.8548	-58.5131	-58.1879	-57.8886	-57.6264	-57.4154	-57.2716	-57.2101
1.93	-64.7281	-64.7602	-64.7912	-64.8033	-64.7896	-64.748	-64.6789	-64.5839	-64.465	-64.3243	-64.1637	-63.9849	-63.7895	-63.5785	-63.3531	-63.1139	-62.8617	-62.5969	-62.3199	-62.0312	-61.7313	-61.4206	-61.1	-60.7704	-60.4332	-60.0903	-59.7441	-59.3979	-59.0559	-58.7236	-58.4081	-58.118	-57.8646	-57.6611	-57.5228	-57.4642
1.935	-64.8041	-64.8359	-64.867	-64.8796	-64.8669	-64.8267	-64.7595	-64.6666	-64.5502	-64.4122	-64.2546	-64.0792	-63.8873	-63.6802	-63.4588	-63.224	-62.9764	-62.7164	-62.4446	-62.1614	-61.8673	-61.5629	-61.2488	-60.9262	-60.5964	-60.2613	-59.9233	-59.5857	-59.2526	-58.9295	-58.6231	-58.3421	-58.097	-57.9007	-57.7678	-57.7119
1.94	-64.8792	-64.9106	-64.9418	-64.9549	-64.9432	-64.9044	-64.8389	-64.7481	-64.6341	-64.4988	-64.3442	-64.172	-63.9835	-63.7802	-63.5628	-63.3322	-63.0891	-62.8339	-62.5672	-62.2894	-62.0009	-61.7025	-61.3949	-61.079	-60.7564	-60.4289	-60.0988	-59.7695	-59.4451	-59.1308	-58.8333	-58.561	-58.3239	-58.1345	-58.0067	-57.9534
1.945	-64.9532	-64.9843	-65.0156	-65.0292	-65.0184	-64.981	-64.9172	-64.8285	-64.7168	-64.5841	-64.4324	-64.2633	-64.0783	-63.8785	-63.6651	-63.4386	-63.1999	-62.9494	-62.6876	-62.415	-62.1321	-61.8396	-61.5382	-61.229	-60.9133	-60.5931	-60.2708	-59.9496	-59.6335	-59.3277	-59.0388	-58.7748	-58.5455	-58.3627	-58.2397	-58.189
1.95	-65.0263	-65.0571	-65.0884	-65.1025	-65.0927	-65.0565	-64.9944	-64.9077	-64.7983	-64.6682	-64.5193	-64.3533	-64.1716	-63.9754	-63.7657	-63.5433	-63.3088	-63.0629	-62.8059	-62.5384	-62.261	-61.9742	-61.6788	-61.376	-61.0672	-60.7541	-60.4393	-60.1259	-59.8179	-59.5204	-59.2397	-58.9837	-58.7618	-58.5854	-58.4671	-58.4188
1.955	-65.0984	-65.1289	-65.1602	-65.1749	-65.1659	-65.131	-65.0705	-64.9857	-64.8786	-64.751	-64.6049	-64.4419	-64.2634	-64.0707	-63.8647	-63.6462	-63.4159	-63.1744	-62.9222	-62.6597	-62.3875	-62.1063	-61.8169	-61.5203	-61.2181	-60.9119	-60.6044	-60.2985	-59.9984	-59.7089	-59.4362	-59.1879	-58.9732	-58.8028	-58.689	-58.643
1.96	-65.1696	-65.1997	-65.2312	-65.2463	-65.2382	-65.2045	-65.1456	-65.0627	-64.9577	-64.8326	-64.6892	-64.5291	-64.3538	-64.1645	-63.9621	-63.7475	-63.5213	-63.2841	-63.0365	-62.7789	-62.5118	-62.2361	-61.9524	-61.6619	-61.3661	-61.0667	-60.7662	-60.4677	-60.1751	-59.8933	-59.6283	-59.3875	-59.1796	-59.0152	-58.9056	-58.8619
1.965	-65.2398	-65.2697	-65.3012	-65.3168	-65.3095	-65.277	-65.2196	-65.1386	-65.0358	-64.913	-64.7722	-64.615	-64.4428	-64.2568	-64.058	-63.8471	-63.6249	-63.392	-63.1488	-62.896	-62.634	-62.3635	-62.0855	-61.8009	-61.5113	-61.2185	-60.9248	-60.6335	-60.3482	-60.0739	-59.8163	-59.5827	-59.3814	-59.2226	-59.1171	-59.0755
1.97	-65.3091	-65.3387	-65.3703	-65.3863	-65.3798	-65.3486	-65.2927	-65.2135	-65.1127	-64.9923	-64.8541	-64.6997	-64.5305	-64.3477	-64.1523	-63.9451	-63.7269	-63.4981	-63.2593	-63.011	-62.754	-62.4887	-62.2161	-61.9373	-61.6538	-61.3673	-61.0804	-60.7959	-60.5178	-60.2506	-60.0002	-59.7735	-59.5787	-59.4252	-59.3237	-59.2841
1.975	-65.3776	-65.4069	-65.4385	-65.455	-65.4493	-65.4192	-65.3647	-65.2873	-65.1885	-65.0704	-64.9347	-64.7831	-64.6168	-64.4372	-64.2452	-64.0416	-63.8271	-63.6024	-63.3679	-63.1242	-62.8719	-62.6116	-62.3444	-62.0713	-61.7936	-61.5134	-61.2329	-60.9551	-60.6838	-60.4237	-60.1803	-59.9602	-59.7715	-59.6232	-59.5255	-59.4879
1.98	-65.4452	-65.4742	-65.5059	-65.5227	-65.5178	-65.4888	-65.4358	-65.3601	-65.2633	-65.1474	-65.0142	-64.8652	-64.7019	-64.5253	-64.3366	-64.1365	-63.9258	-63.705	-63.4747	-63.2354	-62.9877	-62.7325	-62.4704	-62.2027	-61.9309	-61.6566	-61.3824	-61.1112	-60.8466	-60.5932	-60.3564	-60.1428	-59.96	-59.8167	-59.7227	-59.6869
1.985	-65.5119	-65.5406	-65.5724	-65.5896	-65.5855	-65.5576	-65.506	-65.4319	-65.3371	-65.2234	-65.0925	-64.9461	-64.7856	-64.6121	-64.4266	-64.23	-64.0229	-63.8059	-63.5797	-63.3447	-63.1016	-62.8511	-62.5942	-62.3318	-62.0656	-61.7972	-61.5291	-61.2641	-61.006	-60.7592	-60.5289	-60.3215	-60.1444	-60.0059	-59.9154	-59.8814
1.99	-65.5777	-65.6063	-65.638	-65.6557	-65.6523	-65.6254	-65.5752	-65.5027	-65.4098	-65.2982	-65.1697	-65.0259	-64.8681	-64.6976	-64.5153	-64.322	-64.1184	-63.9052	-63.683	-63.4522	-63.2136	-62.9678	-62.7158	-62.4586	-62.1978	-61.9351	-61.673	-61.4142	-61.1623	-60.9218	-60.6978	-60.4964	-60.3247	-60.1909	-60.1037	-60.0714
1.995	-65.6428	-65.671	-65.7029	-65.7209	-65.7182	-65.6924	-65.6434	-65.5726	-65.4815	-65.372	-65.2458	-65.1045	-64.9494	-64.7818	-64.6025	-64.4125	-64.2124	-64.0029	-63.7846	-63.5579	-63.3236	-63.0824	-62.8352	-62.5831	-62.3276	-62.0705	-61.8141	-61.5613	-61.3155	-61.0811	-60.8632	-60.6676	-60.5012	-60.3718	-60.2878	-60.2572
2	-65.707	-65.735	-65.7669	-65.7853	-65.7833	-65.7585	-65.7108	-65.6416	-65.5523	-65.4448	-65.3209	-65.182	-65.0295	-64.8647	-64.6885	-64.5017	-64.305	-64.0991	-63.8845	-63.6619	-63.4318	-63.1951	-62.9526	-62.7055	-62.4551	-62.2034	-61.9526	-61.7055	-61.4657	-61.2372	-61.0251	-60.8351	-60.6738	-60.5487	-60.4678	-60.4388
2.005	-65.7704	-65.7982	-65.8301	-65.8489	-65.8475	-65.8237	-65.7774	-65.7096	-65.6221	-65.5166	-65.3948	-65.2583	-65.1085	-64.9464	-64.7731	-64.5894	-64.3961	-64.1937	-63.9828	-63.7641	-63.5382	-63.3058	-63.0679	-62.8256	-62.5803	-62.3339	-62.0885	-61.8471	-61.6129	-61.3902	-61.1838	-60.9992	-60.8428	-60.7218	-60.6439	-60.6163
2.01	-65.8331	-65.8606	-65.8926	-65.9117	-65.911	-65.8881	-65.843	-65.7767	-65.6909	-65.5874	-65.4678	-65.3336	-65.1863	-65.0269	-64.8565	-64.6759	-64.4858	-64.2868	-64.0796	-63.8647	-63.6428	-63.4147	-63.1813	-62.9437	-62.7033	-62.4619	-62.2219	-61.9859	-61.7573	-61.5402	-61.3393	-61.1599	-61.0082	-60.8912	-60.8161	-60.79
2.015	-65.8949	-65.9223	-65.9543	-65.9737	-65.9737	-65.9517	-65.9078	-65.843	-65.7589	-65.6572	-65.5397	-65.4078	-65.2629	-65.1062	-64.9386	-64.761	-64.5741	-64.3785	-64.1748	-63.9637	-63.7457	-63.5218	-63.2927	-63.0597	-62.8241	-62.5877	-62.3528	-62.1221	-61.899	-61.6872	-61.4916	-61.3172	-61.1701	-61.0569	-60.9846	-60.9599
2.02	-65.956	-65.9832	-66.0152	-66.035	-66.0356	-66.0145	-65.9718	-65.9084	-65.8259	-65.7261	-65.6106	-65.481	-65.3385	-65.1844	-65.0195	-64.8448	-64.661	-64.4687	-64.2685	-64.061	-63.847	-63.627	-63.4022	-63.1736	-62.9427	-62.7112	-62.4813	-62.2558	-62.0379	-61.8314	-61.6408	-61.4714	-61.3287	-61.2191	-61.1495	-61.1261
2.025	-66.0164	-66.0433	-66.0754	-66.0955	-66.0967	-66.0765	-66.0349	-65.9729	-65.8921	-65.7941	-65.6806	-65.5532	-65.413	-65.2614	-65.0993	-64.9274	-64.7467	-64.5575	-64.3607	-64.1568	-63.9465	-63.7306	-63.5099	-63.2857	-63.0593	-62.8325	-62.6075	-62.387	-62.1741	-61.9727	-61.7871	-61.6224	-61.4839	-61.3779	-61.3108	-61.2887
2.03	-66.076	-66.1028	-66.1348	-66.1553	-66.1571	-66.1378	-66.0973	-66.0367	-65.9574	-65.8612	-65.7496	-65.6243	-65.4865	-65.3374	-65.1778	-65.0088	-64.831	-64.645	-64.4515	-64.2511	-64.0445	-63.8324	-63.6158	-63.3958	-63.1738	-62.9516	-62.7314	-62.5157	-62.3078	-62.1113	-61.9306	-61.7704	-61.636	-61.5334	-61.4687	-61.4479
2.035	-66.1349	-66.1615	-66.1936	-66.2143	-66.2167	-66.1983	-66.1589	-66.0996	-66.0218	-65.9273	-65.8177	-65.6945	-65.5589	-65.4122	-65.2553	-65.089	-64.914	-64.7311	-64.5409	-64.3439	-64.1408	-63.9325	-63.7199	-63.504	-63.2864	-63.0687	-62.8531	-62.6421	-62.439	-62.2473	-62.0712	-61.9154	-61.785	-61.6857	-61.6234	-61.6036
2.04	-66.1932	-66.2195	-66.2517	-66.2727	-66.2756	-66.258	-66.2197	-66.1617	-66.0854	-65.9926	-65.8849	-65.7637	-65.6304	-65.486	-65.3316	-65.168	-64.9959	-64.816	-64.6289	-64.4352	-64.2357	-64.0311	-63.8223	-63.6105	-63.397	-63.1837	-62.9726	-62.7662	-62.5677	-62.3806	-62.2091	-62.0575	-61.9309	-61.8348	-61.7747	-61.7562
2.045	-66.2507	-66.2768	-66.309	-66.3303	-66.3338	-66.317	-66.2798	-66.223	-66.1482	-66.0571	-65.9512	-65.832	-65.7008	-65.5587	-65.4068	-65.2458	-65.0765	-64.8995	-64.7155	-64.5251	-64.329	-64.128	-63.923	-63.7151	-63.5057	-63.2967	-63.0899	-62.8881	-62.6941	-62.5115	-62.3443	-62.1968	-62.074	-61.9809	-61.923	-61.9055
2.05	-66.3075	-66.3335	-66.3657	-66.3873	-66.3913	-66.3753	-66.3391	-66.2835	-66.2102	-66.1207	-66.0166	-65.8994	-65.7703	-65.6305	-65.4809	-65.3225	-65.1559	-64.9818	-64.8008	-64.6136	-64.4209	-64.2233	-64.022	-63.818	-63.6126	-63.4077	-63.2052	-63.0077	-62.8181	-62.6399	-62.4769	-62.3334	-62.2141	-62.124	-62.0682	-62.0518
2.055	-66.3637	-66.3895	-66.4217	-66.4436	-66.4482	-66.4329	-66.3977	-66.3433	-66.2714	-66.1835	-66.0811	-65.9658	-65.8388	-65.7012	-65.5541	-65.3981	-65.2342	-65.0629	-64.8848	-64.7008	-64.5113	-64.3172	-64.1194	-63.9192	-63.7177	-63.5168	-63.3185	-63.1252	-62.9399	-62.7659	-62.607	-62.4674	-62.3515	-62.2642	-62.2105	-62.195
2.06	-66.4192	-66.4448	-66.4771	-66.4992	-66.5043	-66.4898	-66.4555	-66.4024	-66.3319	-66.2455	-66.1448	-66.0314	-65.9064	-65.771	-65.6261	-65.4727	-65.3113	-65.1427	-64.9676	-64.7866	-64.6003	-64.4095	-64.2153	-64.0187	-63.821	-63.6241	-63.4298	-63.2406	-63.0594	-62.8895	-62.7346	-62.5987	-62.4862	-62.4016	-62.3498	-62.3353
2.065	-66.474	-66.4995	-66.5318	-66.5542	-66.5598	-66.546	-66.5127	-66.4607	-66.3915	-66.3067	-66.2077	-66.0961	-65.9731	-65.8398	-65.6972	-65.5461	-65.3873	-65.2214	-65.0491	-64.8711	-64.6879	-64.5004	-64.3096	-64.1166	-63.9226	-63.7295	-63.5391	-63.354	-63.1768	-63.0109	-62.8598	-62.7275	-62.6182	-62.5363	-62.4864	-62.4728
2.07	-66.5282	-66.5536	-66.5859	-66.6086	-66.6146	-66.6016	-66.5692	-66.5184	-66.4505	-66.3671	-66.2698	-66.16	-66.0389	-65.9077	-65.7673	-65.6186	-65.4622	-65.299	-65.1294	-64.9543	-64.7742	-64.5899	-64.4024	-64.2129	-64.0226	-63.8331	-63.6466	-63.4653	-63.2921	-63.13	-62.9827	-62.8539	-62.7477	-62.6684	-62.6202	-62.6076
2.075	-66.5818	-66.607	-66.6394	-66.6623	-66.6689	-66.6565	-66.625	-66.5753	-66.5087	-66.4268	-66.3311	-66.223	-66.1038	-65.9746	-65.8364	-65.69	-65.5361	-65.3754	-65.2086	-65.0362	-64.8591	-64.678	-64.4938	-64.3076	-64.1208	-63.9351	-63.7523	-63.5748	-63.4053	-63.247	-63.1033	-62.9779	-62.8747	-62.7978	-62.7514	-62.7396
2.08	-66.6348	-66.6599	-66.6923	-66.7154	-66.7224	-66.7108	-66.6802	-66.6315	-66.5662	-66.4857	-66.3916	-66.2852	-66.1679	-66.0407	-65.9046	-65.7604	-65.6089	-65.4507	-65.2865	-65.117	-64.9428	-64.7647	-64.5837	-64.4009	-64.2175	-64.0353	-63.8561	-63.6823	-63.5165	-63.3619	-63.2217	-63.0995	-62.9993	-62.9247	-62.8801	-62.869
2.085	-66.6872	-66.7121	-66.7446	-66.7679	-66.7754	-66.7644	-66.7347	-66.6871	-66.623	-66.5439	-66.4513	-66.3466	-66.2311	-66.1059	-65.9719	-65.8299	-65.6807	-65.525	-65.3634	-65.1965	-65.0252	-64.8501	-64.6722	-64.4926	-64.3126	-64.1338	-63.9582	-63.788	-63.6258	-63.4747	-63.3379	-63.2189	-63.1214	-63.0492	-63.0062	-62.9959
2.09	-66.739	-66.7638	-66.7962	-66.8198	-66.8278	-66.8174	-66.7886	-66.742	-66.6791	-66.6013	-66.5103	-66.4072	-66.2935	-66.1702	-66.0382	-65.8984	-65.7515	-65.5982	-65.4391	-65.2749	-65.1064	-64.9342	-64.7593	-64.5829	-64.4062	-64.2308	-64.0586	-63.8918	-63.7332	-63.5855	-63.452	-63.3361	-63.2413	-63.1713	-63.1298	-63.1204
2.095	-66.7902	-66.8149	-66.8473	-66.8712	-66.8795	-66.8698	-66.8418	-66.7962	-66.7345	-66.6581	-66.5685	-66.4671	-66.3551	-66.2337	-66.1037	-65.966	-65.8213	-65.6703	-65.5137	-65.3522	-65.1863	-65.017	-64.8451	-64.6718	-64.4982	-64.3261	-64.1573	-63.9939	-63.8387	-63.6943	-63.564	-63.4511	-63.359	-63.2911	-63.2511	-63.2424
2.1	-66.8408	-66.8654	-66.8979	-66.9219	-66.9307	-66.9216	-66.8944	-66.8499	-66.7893	-66.7142	-66.6261	-66.5262	-66.416	-66.2963	-66.1683	-66.0326	-65.8901	-65.7415	-65.5873	-65.4283	-65.2651	-65.0986	-64.9296	-64.7592	-64.5888	-64.4199	-64.2543	-64.0943	-63.9423	-63.8012	-63.674	-63.564	-63.4744	-63.4086	-63.3701	-63.362
2.105	-66.8909	-66.9153	-66.9479	-66.9721	-66.9813	-66.9728	-66.9464	-66.9028	-66.8434	-66.7696	-66.6829	-66.5846	-66.476	-66.3581	-66.232	-66.0984	-65.958	-65.8116	-65.6598	-65.5033	-65.3427	-65.1789	-65.0127	-64.8453	-64.678	-64.5122	-64.3498	-64.193	-64.0442	-63.9062	-63.7821	-63.6748	-63.5877	-63.5239	-63.4868	-63.4794
2.11	-66.9404	-66.9647	-66.9973	-67.0218	-67.0313	-67.0235	-66.9979	-66.9552	-66.8969	-66.8243	-66.739	-66.6422	-66.5353	-66.4192	-66.2949	-66.1633	-66.025	-65.8808	-65.7313	-65.5772	-65.4192	-65.258	-65.0947	-64.9301	-64.7657	-64.603	-64.4437	-64.29	-64.1444	-64.0095	-63.8882	-63.7837	-63.6989	-63.6371	-63.6013	-63.5946
2.115	-66.9893	-67.0136	-67.0462	-67.0709	-67.0808	-67.0736	-67.0487	-67.007	-66.9498	-66.8784	-66.7944	-66.6992	-66.5938	-66.4794	-66.357	-66.2273	-66.0911	-65.9491	-65.8018	-65.6501	-65.4946	-65.336	-65.1753	-65.0136	-64.8521	-64.6924	-64.5361	-64.3855	-64.2429	-64.1109	-63.9925	-63.8906	-63.8081	-63.7482	-63.7137	-63.7076
2.12	-67.0378	-67.0619	-67.0945	-67.1194	-67.1298	-67.1231	-67.099	-67.0582	-67.002	-66.9319	-66.8492	-66.7554	-66.6516	-66.5389	-66.4183	-66.2905	-66.1563	-66.0163	-65.8714	-65.722	-65.5689	-65.4128	-65.2548	-65.0958	-64.9372	-64.7803	-64.627	-64.4793	-64.3397	-64.2106	-64.0949	-63.9956	-63.9154	-63.8572	-63.824	-63.8185
2.125	-67.0857	-67.1097	-67.1424	-67.1674	-67.1782	-67.1721	-67.1487	-67.1088	-67.0536	-66.9847	-66.9034	-66.811	-66.7087	-66.5977	-66.4788	-66.3528	-66.2206	-66.0827	-65.9399	-65.7928	-65.6421	-65.4886	-65.3331	-65.1768	-65.0209	-64.8669	-64.7164	-64.5717	-64.4349	-64.3086	-64.1956	-64.0987	-64.0207	-63.9643	-63.9322	-63.9274
2.13	-67.1331	-67.157	-67.1897	-67.215	-67.2261	-67.2205	-67.1978	-67.1588	-67.1047	-67.0369	-66.9568	-66.8658	-66.7651	-66.6557	-66.5385	-66.4144	-66.2841	-66.1482	-66.0076	-65.8627	-65.7143	-65.5632	-65.4103	-65.2566	-65.1033	-64.9521	-64.8044	-64.6625	-64.5285	-64.405	-64.2946	-64.2001	-64.1241	-64.0694	-64.0385	-64.0342
2.135	-67.1799	-67.2038	-67.2365	-67.262	-67.2734	-67.2684	-67.2464	-67.2083	-67.1552	-67.0885	-67.0097	-66.9201	-66.8208	-66.713	-66.5975	-66.4751	-66.3467	-66.2129	-66.0743	-65.9315	-65.7854	-65.6367	-65.4863	-65.3351	-65.1845	-65.0359	-64.8911	-64.7519	-64.6206	-64.4997	-64.3918	-64.2996	-64.2257	-64.1726	-64.1429	-64.1391
2.14	-67.2263	-67.2501	-67.2828	-67.3085	-67.3203	-67.3158	-67.2945	-67.2572	-67.2051	-67.1395	-67.0619	-66.9736	-66.8758	-66.7695	-66.6557	-66.5351	-66.4085	-66.2766	-66.1401	-65.9995	-65.8556	-65.7092	-65.5612	-65.4125	-65.2645	-65.1185	-64.9763	-64.8398	-64.7112	-64.5928	-64.4874	-64.3975	-64.3255	-64.274	-64.2454	-64.2421
2.145	-67.2722	-67.2959	-67.3286	-67.3545	-67.3667	-67.3627	-67.3421	-67.3056	-67.2544	-67.1899	-67.1136	-67.0266	-66.9302	-66.8254	-66.7132	-66.5943	-66.4696	-66.3396	-66.205	-66.0665	-65.9248	-65.7807	-65.635	-65.4888	-65.3433	-65.1999	-65.0602	-64.9263	-64.8003	-64.6845	-64.5814	-64.4937	-64.4236	-64.3736	-64.3461	-64.3433
2.15	-67.3176	-67.3412	-67.374	-67.4	-67.4125	-67.409	-67.3891	-67.3534	-67.3032	-67.2398	-67.1646	-67.0789	-66.9839	-66.8806	-66.77	-66.6528	-66.5298	-66.4016	-66.269	-66.1326	-65.993	-65.8511	-65.7078	-65.5639	-65.4209	-65.28	-65.1429	-65.0115	-64.8879	-64.7746	-64.6738	-64.5882	-64.52	-64.4715	-64.4449	-64.4426
2.155	-67.3625	-67.3861	-67.4189	-67.4451	-67.4579	-67.4549	-67.4356	-67.4007	-67.3514	-67.2891	-67.215	-67.1306	-67.037	-66.9352	-66.8261	-66.7105	-66.5893	-66.4629	-66.3322	-66.1978	-66.0603	-65.9206	-65.7795	-65.638	-65.4973	-65.3588	-65.2242	-65.0953	-64.9742	-64.8632	-64.7647	-64.6811	-64.6147	-64.5676	-64.5421	-64.5402
2.16	-67.407	-67.4304	-67.4633	-67.4896	-67.5028	-67.5003	-67.4816	-67.4475	-67.3991	-67.3378	-67.2649	-67.1817	-67.0894	-66.989	-66.8815	-66.7675	-66.648	-66.5234	-66.3946	-66.2621	-66.1267	-65.9891	-65.8502	-65.711	-65.5726	-65.4365	-65.3043	-65.1778	-65.0591	-64.9504	-64.8541	-64.7725	-64.7078	-64.6621	-64.6375	-64.6361
2.165	-67.451	-67.4744	-67.5072	-67.5338	-67.5473	-67.5452	-67.5272	-67.4938	-67.4463	-67.386	-67.3142	-67.2322	-67.1413	-67.0423	-66.9362	-66.8238	-66.7059	-66.5832	-66.4562	-66.3256	-66.1922	-66.0567	-65.9199	-65.7829	-65.6469	-65.5131	-65.3832	-65.2591	-65.1427	-65.0362	-64.942	-64.8623	-64.7993	-64.755	-64.7313	-64.7304
2.17	-67.4945	-67.5178	-67.5508	-67.5774	-67.5913	-67.5897	-67.5722	-67.5396	-67.493	-67.4336	-67.363	-67.2822	-67.1925	-67.0949	-66.9903	-66.8795	-66.7632	-66.6421	-66.5169	-66.3883	-66.2568	-66.1233	-65.9887	-65.8538	-65.72	-65.5885	-65.4609	-65.3391	-65.2249	-65.1206	-65.0285	-64.9507	-64.8893	-64.8463	-64.8235	-64.823
2.175	-67.5376	-67.5609	-67.5938	-67.6206	-67.6348	-67.6337	-67.6168	-67.5849	-67.5391	-67.4808	-67.4112	-67.3316	-67.2431	-67.1469	-67.0437	-66.9344	-66.8197	-66.7003	-66.5769	-66.4501	-66.3205	-66.189	-66.0564	-65.9237	-65.7921	-65.6628	-65.5375	-65.4178	-65.3059	-65.2037	-65.1136	-65.0376	-64.9778	-64.936	-64.9141	-64.914
2.18	-67.5802	-67.6035	-67.6364	-67.6634	-67.6779	-67.6772	-67.6609	-67.6298	-67.5848	-67.5274	-67.4588	-67.3804	-67.2932	-67.1982	-67.0965	-66.9887	-66.8756	-66.7578	-66.6361	-66.5111	-66.3834	-66.2539	-66.1233	-65.9927	-65.8631	-65.736	-65.6129	-65.4954	-65.3856	-65.2855	-65.1973	-65.1231	-65.0648	-65.0243	-65.0032	-65.0034
2.185	-67.6225	-67.6456	-67.6786	-67.7058	-67.7205	-67.7203	-67.7046	-67.6741	-67.63	-67.5735	-67.506	-67.4286	-67.3427	-67.249	-67.1486	-67.0423	-66.9307	-66.8146	-66.6946	-66.5713	-66.4455	-66.3178	-66.1892	-66.0606	-65.9332	-65.8082	-65.6871	-65.5718	-65.4641	-65.366	-65.2797	-65.2072	-65.1504	-65.1111	-65.0908	-65.0914
2.19	-67.6643	-67.6874	-67.7204	-67.7477	-67.7627	-67.7629	-67.7478	-67.718	-67.6747	-67.6191	-67.5526	-67.4764	-67.3916	-67.2992	-67.2002	-67.0953	-66.9852	-66.8707	-66.7523	-66.6308	-66.5067	-66.381	-66.2543	-66.1277	-66.0022	-65.8793	-65.7603	-65.6471	-65.5414	-65.4453	-65.3608	-65.29	-65.2346	-65.1964	-65.1769	-65.1779
2.195	-67.7056	-67.7287	-67.7618	-67.7892	-67.8045	-67.8051	-67.7906	-67.7615	-67.7189	-67.6643	-67.5987	-67.5236	-67.4399	-67.3488	-67.2511	-67.1476	-67.039	-66.9261	-66.8093	-66.6895	-66.5672	-66.4432	-66.3185	-66.1938	-66.0703	-65.9494	-65.8325	-65.7212	-65.6175	-65.5233	-65.4406	-65.3715	-65.3175	-65.2804	-65.2616	-65.2629
2.2	-67.7466	-67.7697	-67.8027	-67.8303	-67.8459	-67.8469	-67.8329	-67.8045	-67.7627	-67.7089	-67.6443	-67.5703	-67.4878	-67.3979	-67.3015	-67.1993	-67.0922	-66.9808	-66.8656	-66.7474	-66.6269	-66.5047	-66.3818	-66.259	-66.1375	-66.0185	-65.9036	-65.7943	-65.6925	-65.6002	-65.5192	-65.4516	-65.399	-65.3629	-65.3449	-65.3466
2.205	-67.7872	-67.8102	-67.8433	-67.871	-67.8869	-67.8883	-67.8748	-67.847	-67.806	-67.7531	-67.6895	-67.6164	-67.5351	-67.4464	-67.3513	-67.2505	-67.1448	-67.0348	-66.9212	-66.8046	-66.6858	-66.5654	-66.4442	-66.3233	-66.2037	-66.0866	-65.9736	-65.8663	-65.7664	-65.6758	-65.5966	-65.5305	-65.4792	-65.4442	-65.4269	-65.4289
2.21	-67.8273	-67.8503	-67.8834	-67.9113	-67.9274	-67.9293	-67.9163	-67.8892	-67.8489	-67.7968	-67.7341	-67.6621	-67.5819	-67.4943	-67.4005	-67.301	-67.1967	-67.0882	-66.9761	-66.8611	-66.7439	-66.6252	-66.5059	-66.3868	-66.269	-66.1538	-66.0427	-65.9372	-65.8391	-65.7504	-65.6728	-65.6082	-65.5582	-65.5242	-65.5076	-65.5098
2.215	-67.8671	-67.89	-67.9232	-67.9512	-67.9676	-67.9698	-67.9574	-67.9309	-67.8913	-67.8401	-67.7783	-67.7073	-67.6281	-67.5418	-67.4491	-67.351	-67.248	-67.1409	-67.0304	-66.917	-66.8014	-66.6843	-66.5667	-66.4494	-66.3334	-66.2201	-66.1108	-66.0071	-65.9109	-65.8238	-65.7478	-65.6847	-65.6359	-65.6029	-65.5869	-65.5895
2.22	-67.9065	-67.9294	-67.9626	-67.9907	-68.0074	-68.01	-67.998	-67.9721	-67.9333	-67.8829	-67.822	-67.752	-67.6739	-67.5887	-67.4972	-67.4003	-67.2987	-67.1931	-67.084	-66.9721	-66.8581	-66.7427	-66.6267	-66.5111	-66.397	-66.2854	-66.1779	-66.0761	-65.9815	-65.8961	-65.8217	-65.76	-65.7124	-65.6803	-65.665	-65.6679
2.225	-67.9455	-67.9684	-68.0016	-68.0299	-68.0468	-68.0498	-68.0383	-68.013	-67.9749	-67.9252	-67.8653	-67.7962	-67.7192	-67.6351	-67.5448	-67.4492	-67.3489	-67.2446	-67.1369	-67.0265	-66.9141	-66.8003	-66.686	-66.5721	-66.4597	-66.3499	-66.2441	-66.144	-66.0512	-65.9674	-65.8945	-65.8341	-65.7877	-65.7566	-65.7419	-65.745
2.23	-67.9841	-68.007	-68.0402	-68.0686	-68.0858	-68.0891	-68.0782	-68.0535	-68.0161	-67.9672	-67.9081	-67.84	-67.7639	-67.6809	-67.5918	-67.4974	-67.3984	-67.2955	-67.1892	-67.0803	-66.9694	-66.8572	-66.7445	-66.6323	-66.5215	-66.4135	-66.3094	-66.211	-66.1198	-66.0376	-65.9662	-65.9072	-65.8619	-65.8316	-65.8176	-65.821
2.235	-68.0224	-68.0452	-68.0785	-68.107	-68.1244	-68.1281	-68.1177	-68.0935	-68.0568	-68.0087	-67.9505	-67.8833	-67.8082	-67.7263	-67.6384	-67.5452	-67.4474	-67.3458	-67.2409	-67.1334	-67.024	-66.9134	-66.8023	-66.6917	-66.5826	-66.4762	-66.3738	-66.277	-66.1875	-66.1068	-66.0369	-65.9791	-65.935	-65.9056	-65.8921	-65.8958
2.24	-68.0603	-68.0831	-68.1164	-68.1451	-68.1627	-68.1668	-68.1568	-68.1332	-68.0971	-68.0498	-67.9924	-67.9261	-67.8521	-67.7712	-67.6844	-67.5923	-67.4958	-67.3955	-67.292	-67.1859	-67.078	-66.9688	-66.8593	-66.7503	-66.6428	-66.538	-66.4373	-66.3422	-66.2542	-66.1751	-66.1065	-66.05	-66.0069	-65.9784	-65.9654	-65.9694
2.245	-68.0978	-68.1206	-68.154	-68.1828	-68.2006	-68.205	-68.1955	-68.1725	-68.1371	-68.0905	-68.0339	-67.9685	-67.8955	-67.8156	-67.7299	-67.639	-67.5437	-67.4447	-67.3425	-67.2378	-67.1313	-67.0236	-66.9156	-66.8082	-66.7023	-66.5991	-66.5	-66.4064	-66.32	-66.2423	-66.1751	-66.1198	-66.0778	-66.0501	-66.0377	-66.0418
2.25	-68.135	-68.1578	-68.1912	-68.2201	-68.2382	-68.2429	-68.2338	-68.2114	-68.1766	-68.1308	-68.075	-68.0105	-67.9384	-67.8596	-67.7749	-67.6852	-67.5911	-67.4933	-67.3924	-67.2891	-67.1839	-67.0777	-66.9712	-66.8653	-66.7609	-66.6594	-66.5618	-66.4698	-66.3848	-66.3086	-66.2427	-66.1886	-66.1476	-66.1207	-66.1088	-66.1132
2.255	-68.1719	-68.1946	-68.228	-68.2571	-68.2754	-68.2805	-68.2718	-68.2499	-68.2158	-68.1706	-68.1157	-68.0521	-67.9809	-67.903	-67.8194	-67.7308	-67.6379	-67.5413	-67.4417	-67.3397	-67.236	-67.1312	-67.0261	-66.9217	-66.8189	-66.7188	-66.6228	-66.5323	-66.4488	-66.374	-66.3094	-66.2565	-66.2164	-66.1903	-66.1789	-66.1835
2.26	-68.2084	-68.2311	-68.2646	-68.2937	-68.3123	-68.3177	-68.3094	-68.2881	-68.2546	-68.2101	-68.1559	-68.0932	-68.0229	-67.9461	-67.8635	-67.776	-67.6842	-67.5888	-67.4905	-67.3898	-67.2874	-67.184	-67.0804	-66.9774	-66.8761	-66.7775	-66.683	-66.5939	-66.5119	-66.4384	-66.3751	-66.3233	-66.2842	-66.2588	-66.248	-66.2528
2.265	-68.2445	-68.2673	-68.3007	-68.33	-68.3488	-68.3545	-68.3467	-68.3259	-68.293	-68.2492	-68.1958	-68.1339	-68.0645	-67.9886	-67.9071	-67.8206	-67.73	-67.6358	-67.5387	-67.4393	-67.3382	-67.2362	-67.134	-67.0324	-66.9325	-66.8354	-66.7424	-66.6548	-66.5741	-66.502	-66.4399	-66.3892	-66.351	-66.3263	-66.316	-66.3211
2.27	-68.2804	-68.3031	-68.3366	-68.366	-68.385	-68.391	-68.3837	-68.3633	-68.331	-68.2879	-68.2353	-68.1742	-68.1057	-68.0308	-67.9502	-67.8648	-67.7753	-67.6823	-67.5864	-67.4882	-67.3884	-67.2878	-67.1869	-67.0868	-66.9883	-66.8926	-66.801	-66.7148	-66.6355	-66.5646	-66.5037	-66.4541	-66.4169	-66.3929	-66.383	-66.3883
2.275	-68.3159	-68.3386	-68.3721	-68.4016	-68.4209	-68.4272	-68.4202	-68.4004	-68.3687	-68.3263	-68.2744	-68.2141	-68.1465	-68.0725	-67.9929	-67.9086	-67.8201	-67.7282	-67.6335	-67.5366	-67.4381	-67.3387	-67.2392	-67.1404	-67.0434	-66.9491	-66.8588	-66.774	-66.696	-66.6265	-66.5667	-66.5182	-66.4818	-66.4585	-66.4491	-66.4546
2.28	-68.3511	-68.3738	-68.4074	-68.437	-68.4564	-68.4631	-68.4565	-68.4371	-68.406	-68.3643	-68.3131	-68.2536	-68.1868	-68.1137	-68.0352	-67.9518	-67.8645	-67.7737	-67.6801	-67.5844	-67.4872	-67.3891	-67.2909	-67.1935	-67.0977	-67.0048	-66.916	-66.8325	-66.7558	-66.6875	-66.6289	-66.5813	-66.5458	-66.5232	-66.5142	-66.5199
2.285	-68.386	-68.4087	-68.4423	-68.472	-68.4916	-68.4986	-68.4924	-68.4736	-68.443	-68.4019	-68.3514	-68.2927	-68.2268	-68.1546	-68.077	-67.9946	-67.9083	-67.8186	-67.7262	-67.6317	-67.5357	-67.4388	-67.3419	-67.2458	-67.1515	-67.0599	-66.9724	-66.8902	-66.8148	-66.7476	-66.6902	-66.6436	-66.6089	-66.587	-66.5784	-66.5842
2.29	-68.4205	-68.4432	-68.4769	-68.5067	-68.5265	-68.5338	-68.528	-68.5096	-68.4796	-68.4392	-68.3894	-68.3315	-68.2664	-68.195	-68.1183	-68.037	-67.9517	-67.8631	-67.7718	-67.6784	-67.5836	-67.488	-67.3924	-67.2976	-67.2045	-67.1143	-67.028	-66.9471	-66.873	-66.807	-66.7506	-66.705	-66.6712	-66.6498	-66.6417	-66.6477
2.295	-68.4548	-68.4775	-68.5112	-68.5411	-68.5611	-68.5687	-68.5633	-68.5454	-68.5159	-68.4761	-68.427	-68.3698	-68.3055	-68.2351	-68.1593	-68.0789	-67.9947	-67.9071	-67.8169	-67.7247	-67.631	-67.5367	-67.4423	-67.3487	-67.2569	-67.168	-67.083	-67.0034	-66.9304	-66.8656	-66.8103	-66.7656	-66.7326	-66.7118	-66.7041	-66.7102
2.3	-68.4888	-68.5115	-68.5451	-68.5752	-68.5954	-68.6032	-68.5982	-68.5808	-68.5519	-68.5127	-68.4643	-68.4078	-68.3443	-68.2747	-68.1999	-68.1204	-68.0371	-67.9506	-67.8615	-67.7704	-67.6779	-67.5847	-67.4916	-67.3992	-67.3087	-67.221	-67.1373	-67.0589	-66.9871	-66.9234	-66.8691	-66.8254	-66.7931	-66.7729	-66.7656	-66.7719
2.305	-68.5224	-68.5451	-68.5788	-68.609	-68.6294	-68.6375	-68.6329	-68.6159	-68.5875	-68.5489	-68.5012	-68.4454	-68.3828	-68.314	-68.24	-68.1615	-68.0792	-67.9937	-67.9057	-67.8156	-67.7243	-67.6323	-67.5403	-67.4492	-67.3599	-67.2734	-67.1909	-67.1137	-67.0431	-66.9805	-66.9272	-66.8843	-66.8528	-66.8332	-66.8263	-66.8328
2.31	-68.5558	-68.5785	-68.6122	-68.6425	-68.6631	-68.6715	-68.6672	-68.6507	-68.6228	-68.5848	-68.5377	-68.4827	-68.4208	-68.3529	-68.2797	-68.2022	-68.1208	-68.0363	-67.9493	-67.8604	-67.7701	-67.6792	-67.5884	-67.4985	-67.4104	-67.3252	-67.2439	-67.1678	-67.0984	-67.0368	-66.9845	-66.9425	-66.9117	-66.8927	-66.8861	-66.8928
2.315	-68.5889	-68.6116	-68.6454	-68.6757	-68.6965	-68.7052	-68.7012	-68.6851	-68.6578	-68.6204	-68.5739	-68.5196	-68.4585	-68.3913	-68.3191	-68.2424	-68.162	-68.0785	-67.9925	-67.9046	-67.8155	-67.7257	-67.6361	-67.5473	-67.4604	-67.3763	-67.2962	-67.2213	-67.1529	-67.0924	-67.0411	-66.9999	-66.9699	-66.9514	-66.9452	-66.952
2.32	-68.6217	-68.6444	-68.6782	-68.7086	-68.7296	-68.7385	-68.735	-68.7193	-68.6925	-68.6556	-68.6098	-68.5562	-68.4958	-68.4295	-68.358	-68.2823	-68.2028	-68.1203	-68.0353	-67.9484	-67.8603	-67.7717	-67.6831	-67.5955	-67.5098	-67.4268	-67.3479	-67.2741	-67.2068	-67.1473	-67.0969	-67.0566	-67.0272	-67.0093	-67.0034	-67.0103
2.325	-68.6542	-68.6769	-68.7107	-68.7413	-68.7624	-68.7716	-68.7684	-68.7532	-68.7268	-68.6905	-68.6454	-68.5925	-68.5328	-68.4672	-68.3966	-68.3217	-68.2431	-68.1616	-68.0776	-67.9917	-67.9047	-67.8171	-67.7297	-67.6432	-67.5586	-67.4768	-67.3989	-67.3262	-67.26	-67.2015	-67.152	-67.1125	-67.0838	-67.0664	-67.0609	-67.068
2.33	-68.6864	-68.7091	-68.743	-68.7737	-68.795	-68.8044	-68.8015	-68.7867	-68.7609	-68.7252	-68.6806	-68.6284	-68.5694	-68.5046	-68.4348	-68.3608	-68.2831	-68.2025	-68.1194	-68.0346	-67.9486	-67.8621	-67.7757	-67.6904	-67.6068	-67.5261	-67.4494	-67.3778	-67.3126	-67.2551	-67.2065	-67.1678	-67.1397	-67.1228	-67.1176	-67.1248
2.335	-68.7184	-68.7411	-68.775	-68.8058	-68.8272	-68.837	-68.8344	-68.82	-68.7947	-68.7595	-68.7155	-68.6639	-68.6057	-68.5417	-68.4727	-68.3994	-68.3227	-68.2429	-68.1609	-68.077	-67.992	-67.9065	-67.8213	-67.737	-67.6545	-67.5749	-67.4992	-67.4287	-67.3645	-67.3079	-67.2602	-67.2223	-67.1948	-67.1784	-67.1735	-67.1809
2.34	-68.7501	-68.7728	-68.8068	-68.8376	-68.8592	-68.8692	-68.867	-68.853	-68.8281	-68.7935	-68.7501	-68.6992	-68.6416	-68.5783	-68.5101	-68.4378	-68.3618	-68.283	-68.2019	-68.119	-68.035	-67.9505	-67.8663	-67.7831	-67.7017	-67.6231	-67.5485	-67.479	-67.4158	-67.3602	-67.3133	-67.2761	-67.2493	-67.2334	-67.2288	-67.2362
2.345	-68.7815	-68.8043	-68.8382	-68.8692	-68.891	-68.9012	-68.8993	-68.8857	-68.8613	-68.8272	-68.7844	-68.7341	-68.6772	-68.6147	-68.5473	-68.4757	-68.4006	-68.3227	-68.2424	-68.1605	-68.0775	-67.994	-67.9108	-67.8286	-67.7483	-67.6708	-67.5972	-67.5287	-67.4665	-67.4117	-67.3657	-67.3292	-67.303	-67.2876	-67.2833	-67.2909
2.35	-68.8127	-68.8354	-68.8694	-68.9005	-68.9224	-68.9329	-68.9313	-68.9181	-68.8942	-68.8606	-68.8184	-68.7687	-68.7125	-68.6507	-68.584	-68.5133	-68.439	-68.3619	-68.2826	-68.2016	-68.1196	-68.0371	-67.9549	-67.8737	-67.7944	-67.7179	-67.6453	-67.5778	-67.5165	-67.4627	-67.4174	-67.3817	-67.3561	-67.3411	-67.3371	-67.3448
2.355	-68.8436	-68.8664	-68.9004	-68.9315	-68.9536	-68.9644	-68.9631	-68.9503	-68.9268	-68.8937	-68.8521	-68.803	-68.7475	-68.6864	-68.6205	-68.5505	-68.4771	-68.4008	-68.3224	-68.2423	-68.1612	-68.0797	-67.9985	-67.9183	-67.84	-67.7645	-67.6929	-67.6264	-67.566	-67.513	-67.4686	-67.4335	-67.4085	-67.394	-67.3903	-67.3981
2.36	-68.8742	-68.897	-68.9311	-68.9623	-68.9846	-68.9955	-68.9946	-68.9821	-68.9591	-68.9265	-68.8855	-68.837	-68.7821	-68.7217	-68.6565	-68.5873	-68.5147	-68.4393	-68.3618	-68.2826	-68.2024	-68.1219	-68.0416	-67.9624	-67.8851	-67.8106	-67.74	-67.6743	-67.6149	-67.5628	-67.5191	-67.4847	-67.4603	-67.4462	-67.4427	-67.4507
2.365	-68.9046	-68.9275	-68.9616	-68.9928	-69.0153	-69.0265	-69.0258	-69.0138	-68.9911	-68.9591	-68.9186	-68.8707	-68.8165	-68.7567	-68.6923	-68.6238	-68.552	-68.4775	-68.4008	-68.3225	-68.2432	-68.1636	-68.0843	-68.006	-67.9297	-67.8561	-67.7865	-67.7218	-67.6632	-67.6119	-67.569	-67.5353	-67.5114	-67.4977	-67.4946	-67.5026
2.37	-68.9348	-68.9576	-68.9918	-69.0231	-69.0457	-69.0571	-69.0568	-69.0451	-69.0229	-68.9913	-68.9514	-68.9041	-68.8505	-68.7915	-68.7277	-68.66	-68.589	-68.5152	-68.4394	-68.362	-68.2836	-68.2049	-68.1265	-68.0492	-67.9738	-67.9012	-67.8325	-67.7687	-67.711	-67.6605	-67.6183	-67.5853	-67.5619	-67.5486	-67.5457	-67.5539
2.375	-68.9647	-68.9876	-69.0217	-69.0532	-69.0759	-69.0876	-69.0875	-69.0762	-69.0544	-69.0233	-68.9839	-68.9372	-68.8842	-68.8259	-68.7628	-68.6958	-68.6256	-68.5526	-68.4776	-68.401	-68.3235	-68.2457	-68.1683	-68.0919	-68.0174	-67.9458	-67.8779	-67.815	-67.7582	-67.7085	-67.6671	-67.6346	-67.6118	-67.5989	-67.5963	-67.6045
2.38	-68.9944	-69.0173	-69.0515	-69.083	-69.1059	-69.1178	-69.118	-69.107	-69.0857	-69.055	-69.0161	-68.97	-68.9177	-68.8599	-68.7976	-68.7313	-68.6618	-68.5897	-68.5155	-68.4397	-68.3631	-68.2862	-68.2096	-68.1341	-68.0606	-67.9898	-67.9229	-67.8609	-67.8049	-67.756	-67.7152	-67.6834	-67.6611	-67.6486	-67.6462	-67.6545
2.385	-69.0238	-69.0467	-69.081	-69.1126	-69.1356	-69.1477	-69.1482	-69.1376	-69.1167	-69.0865	-69.0481	-69.0026	-68.9508	-68.8937	-68.8321	-68.7665	-68.6978	-68.6264	-68.553	-68.4781	-68.4023	-68.3262	-68.2505	-68.1759	-68.1033	-68.0334	-67.9674	-67.9062	-67.851	-67.8029	-67.7628	-67.7316	-67.7098	-67.6977	-67.6955	-67.704
2.39	-69.053	-69.0759	-69.1102	-69.1419	-69.1651	-69.1774	-69.1782	-69.1679	-69.1474	-69.1177	-69.0798	-69.0348	-68.9837	-68.9272	-68.8662	-68.8014	-68.7333	-68.6627	-68.5901	-68.516	-68.4411	-68.3658	-68.291	-68.2173	-68.1455	-68.0766	-68.0114	-67.951	-67.8966	-67.8493	-67.8099	-67.7793	-67.7579	-67.7462	-67.7443	-67.7528
2.395	-69.082	-69.1049	-69.1392	-69.171	-69.1944	-69.2069	-69.2079	-69.198	-69.1779	-69.1486	-69.1113	-69.0668	-69.0162	-68.9604	-68.9001	-68.8359	-68.7686	-68.6987	-68.6269	-68.5536	-68.4795	-68.4051	-68.3311	-68.2583	-68.1874	-68.1192	-68.0549	-67.9954	-67.9417	-67.8951	-67.8564	-67.8264	-67.8055	-67.7941	-67.7924	-67.801
2.4	-69.1107	-69.1337	-69.168	-69.1999	-69.2234	-69.2361	-69.2374	-69.2278	-69.2081	-69.1793	-69.1424	-69.0985	-69.0485	-68.9933	-68.9336	-68.8701	-68.8036	-68.7344	-68.6633	-68.5908	-68.5175	-68.4439	-68.3708	-68.2988	-68.2287	-68.1615	-68.0979	-68.0392	-67.9864	-67.9404	-67.9024	-67.8729	-67.8525	-67.8415	-67.84	-67.8487
2.405	-69.1393	-69.1623	-69.1966	-69.2286	-69.2522	-69.2651	-69.2667	-69.2574	-69.2381	-69.2097	-69.1733	-69.13	-69.0806	-69.0259	-68.9669	-68.9041	-68.8382	-68.7698	-68.6994	-68.6277	-68.5552	-68.4824	-68.4101	-68.3389	-68.2697	-68.2032	-68.1405	-68.0826	-68.0305	-67.9853	-67.9478	-67.9189	-67.899	-67.8883	-67.887	-67.8958
2.41	-69.1676	-69.1906	-69.225	-69.257	-69.2807	-69.2939	-69.2957	-69.2868	-69.2679	-69.2399	-69.204	-69.1612	-69.1123	-69.0583	-68.9998	-68.9377	-68.8725	-68.8048	-68.7352	-68.6642	-68.5925	-68.5205	-68.449	-68.3786	-68.3102	-68.2446	-68.1827	-68.1255	-68.0741	-68.0296	-67.9928	-67.9644	-67.9449	-67.9346	-67.9335	-67.9424
2.415	-69.1956	-69.2187	-69.2531	-69.2852	-69.3091	-69.3224	-69.3246	-69.3159	-69.2974	-69.2698	-69.2344	-69.1921	-69.1438	-69.0903	-69.0325	-68.971	-68.9065	-68.8395	-68.7706	-68.7004	-68.6294	-68.5582	-68.4875	-68.418	-68.3503	-68.2855	-68.2244	-68.168	-68.1173	-68.0734	-68.0372	-68.0094	-67.9903	-67.9803	-67.9795	-67.9884
2.42	-69.2235	-69.2466	-69.281	-69.3132	-69.3372	-69.3507	-69.3531	-69.3448	-69.3266	-69.2995	-69.2646	-69.2227	-69.175	-69.1221	-69.0649	-69.0041	-68.9402	-68.8739	-68.8057	-68.7362	-68.666	-68.5956	-68.5257	-68.4569	-68.3901	-68.326	-68.2656	-68.21	-68.16	-68.1168	-68.0812	-68.0539	-68.0353	-68.0255	-68.0249	-68.0339
2.425	-69.2512	-69.2743	-69.3088	-69.341	-69.3651	-69.3788	-69.3815	-69.3735	-69.3557	-69.329	-69.2945	-69.2532	-69.2059	-69.1536	-69.097	-69.0368	-68.9736	-68.908	-68.8405	-68.7717	-68.7022	-68.6326	-68.5634	-68.4954	-68.4294	-68.3661	-68.3065	-68.2515	-68.2023	-68.1597	-68.1247	-68.0979	-68.0797	-68.0702	-68.0698	-68.0789
2.43	-69.2786	-69.3017	-69.3363	-69.3686	-69.3928	-69.4067	-69.4097	-69.402	-69.3845	-69.3582	-69.3242	-69.2833	-69.2366	-69.1849	-69.1289	-69.0693	-69.0067	-68.9417	-68.875	-68.8069	-68.7381	-68.6692	-68.6008	-68.5336	-68.4683	-68.4057	-68.3469	-68.2927	-68.2441	-68.2021	-68.1677	-68.1414	-68.1236	-68.1144	-68.1142	-68.1233
2.435	-69.3058	-69.329	-69.3636	-69.3959	-69.4203	-69.4344	-69.4376	-69.4302	-69.4131	-69.3872	-69.3536	-69.3132	-69.2671	-69.2159	-69.1604	-69.1014	-69.0395	-68.9752	-68.9091	-68.8418	-68.7737	-68.7055	-68.6379	-68.5714	-68.5068	-68.445	-68.3869	-68.3334	-68.2855	-68.2441	-68.2102	-68.1844	-68.167	-68.1582	-68.1581	-68.1673
2.44	-69.3329	-69.3561	-69.3907	-69.4231	-69.4476	-69.4619	-69.4653	-69.4582	-69.4414	-69.416	-69.3828	-69.3429	-69.2972	-69.2466	-69.1917	-69.1334	-69.072	-69.0084	-68.943	-68.8763	-68.809	-68.7415	-68.6746	-68.6088	-68.545	-68.4839	-68.4265	-68.3736	-68.3264	-68.2857	-68.2523	-68.227	-68.2099	-68.2014	-68.2015	-68.2108
2.445	-69.3597	-69.3829	-69.4175	-69.4501	-69.4747	-69.4892	-69.4928	-69.486	-69.4696	-69.4445	-69.4118	-69.3724	-69.3272	-69.2771	-69.2228	-69.165	-69.1043	-69.0413	-68.9765	-68.9105	-68.8439	-68.7771	-68.7109	-68.6459	-68.5828	-68.5224	-68.4657	-68.4135	-68.3669	-68.3268	-68.294	-68.2691	-68.2524	-68.2442	-68.2445	-68.2538
2.45	-69.3864	-69.4096	-69.4442	-69.4768	-69.5016	-69.5162	-69.5201	-69.5136	-69.4975	-69.4728	-69.4405	-69.4016	-69.3569	-69.3073	-69.2536	-69.1964	-69.1363	-69.0739	-69.0098	-68.9445	-68.8785	-68.8124	-68.7469	-68.6826	-68.6202	-68.5605	-68.5045	-68.453	-68.407	-68.3675	-68.3352	-68.3107	-68.2944	-68.2865	-68.287	-68.2963
2.455	-69.4128	-69.4361	-69.4707	-69.5034	-69.5283	-69.5431	-69.5472	-69.541	-69.5252	-69.5009	-69.469	-69.4305	-69.3863	-69.3373	-69.2841	-69.2275	-69.168	-69.1062	-69.0427	-68.9781	-68.9128	-68.8474	-68.7826	-68.7189	-68.6572	-68.5983	-68.5429	-68.4921	-68.4467	-68.4077	-68.3759	-68.3519	-68.336	-68.3283	-68.329	-68.3384
2.46	-69.439	-69.4623	-69.497	-69.5298	-69.5548	-69.5697	-69.5741	-69.5682	-69.5527	-69.5288	-69.4973	-69.4593	-69.4156	-69.367	-69.3144	-69.2583	-69.1994	-69.1383	-69.0754	-69.0114	-68.9468	-68.8821	-68.8179	-68.755	-68.6939	-68.6357	-68.5809	-68.5307	-68.486	-68.4476	-68.4163	-68.3927	-68.3772	-68.3697	-68.3705	-68.38
2.465	-69.4651	-69.4884	-69.5232	-69.5559	-69.5811	-69.5962	-69.6008	-69.5951	-69.58	-69.5564	-69.5254	-69.4878	-69.4446	-69.3965	-69.3444	-69.2889	-69.2306	-69.17	-69.1078	-69.0444	-68.9804	-68.9164	-68.8529	-68.7906	-68.7303	-68.6727	-68.6186	-68.569	-68.5249	-68.487	-68.4562	-68.4331	-68.4179	-68.4107	-68.4117	-68.4212
2.47	-69.4909	-69.5143	-69.5491	-69.5819	-69.6072	-69.6225	-69.6273	-69.6219	-69.6071	-69.5839	-69.5532	-69.5161	-69.4733	-69.4258	-69.3742	-69.3192	-69.2615	-69.2015	-69.1399	-69.0772	-69.0138	-68.9504	-68.8876	-68.826	-68.7663	-68.7093	-68.6559	-68.607	-68.5634	-68.526	-68.4957	-68.473	-68.4582	-68.4512	-68.4523	-68.4619
2.475	-69.5166	-69.54	-69.5748	-69.6077	-69.6331	-69.6486	-69.6536	-69.6485	-69.634	-69.6112	-69.5809	-69.5442	-69.5019	-69.4548	-69.4038	-69.3493	-69.2921	-69.2328	-69.1718	-69.1096	-69.0469	-68.9841	-68.922	-68.861	-68.802	-68.7457	-68.6929	-68.6445	-68.6015	-68.5647	-68.5349	-68.5125	-68.498	-68.4913	-68.4926	-68.5022
2.48	-69.5421	-69.5655	-69.6004	-69.6333	-69.6588	-69.6745	-69.6797	-69.6749	-69.6607	-69.6382	-69.6083	-69.572	-69.5302	-69.4836	-69.4331	-69.3792	-69.3225	-69.2637	-69.2033	-69.1418	-69.0797	-69.0176	-68.956	-68.8957	-68.8373	-68.7816	-68.7295	-68.6817	-68.6392	-68.6029	-68.5736	-68.5517	-68.5375	-68.531	-68.5324	-68.5421
2.485	-69.5674	-69.5909	-69.6257	-69.6588	-69.6844	-69.7002	-69.7056	-69.701	-69.6872	-69.665	-69.6355	-69.5997	-69.5583	-69.5122	-69.4621	-69.4088	-69.3527	-69.2945	-69.2346	-69.1737	-69.1122	-69.0507	-68.9898	-68.9301	-68.8723	-68.8173	-68.7657	-68.7185	-68.6766	-68.6408	-68.6119	-68.5904	-68.5765	-68.5703	-68.5719	-68.5816
2.49	-69.5926	-69.616	-69.6509	-69.684	-69.7097	-69.7257	-69.7313	-69.727	-69.7135	-69.6917	-69.6626	-69.6271	-69.5862	-69.5406	-69.491	-69.4381	-69.3826	-69.3249	-69.2656	-69.2053	-69.1444	-69.0835	-69.0232	-68.9642	-68.907	-68.8526	-68.8016	-68.755	-68.7136	-68.6783	-68.6499	-68.6287	-68.6152	-68.6092	-68.6109	-68.6207
2.495	-69.6175	-69.641	-69.676	-69.7091	-69.7349	-69.751	-69.7569	-69.7528	-69.7396	-69.7181	-69.6894	-69.6543	-69.6138	-69.5687	-69.5196	-69.4673	-69.4123	-69.3551	-69.2964	-69.2367	-69.1764	-69.1161	-69.0564	-68.998	-68.9414	-68.8875	-68.8372	-68.7911	-68.7503	-68.7155	-68.6875	-68.6667	-68.6534	-68.6477	-68.6495	-68.6593
2.5	-69.6423	-69.6658	-69.7008	-69.734	-69.7599	-69.7762	-69.7823	-69.7785	-69.7655	-69.7444	-69.716	-69.6814	-69.6413	-69.5966	-69.548	-69.4962	-69.4417	-69.3851	-69.327	-69.2678	-69.208	-69.1484	-69.0893	-69.0314	-68.9755	-68.9222	-68.8724	-68.8269	-68.7866	-68.7523	-68.7247	-68.7043	-68.6913	-68.6858	-68.6877	-68.6976
2.505	-69.6669	-69.6905	-69.7255	-69.7587	-69.7848	-69.8012	-69.8074	-69.8039	-69.7912	-69.7704	-69.7424	-69.7082	-69.6685	-69.6243	-69.5762	-69.5248	-69.4709	-69.4148	-69.3572	-69.2986	-69.2395	-69.1804	-69.1219	-69.0646	-69.0092	-68.9565	-68.9073	-68.8623	-68.8225	-68.7887	-68.7615	-68.7415	-68.7288	-68.7235	-68.7256	-68.7355
2.51	-69.6913	-69.7149	-69.75	-69.7833	-69.8094	-69.826	-69.8325	-69.8291	-69.8168	-69.7963	-69.7687	-69.7348	-69.6956	-69.6518	-69.6041	-69.5533	-69.4998	-69.4443	-69.3872	-69.3292	-69.2706	-69.2121	-69.1542	-69.0975	-69.0427	-68.9906	-68.9419	-68.8974	-68.8582	-68.8248	-68.798	-68.7784	-68.766	-68.7608	-68.7631	-68.773
2.515	-69.7156	-69.7392	-69.7743	-69.8077	-69.8339	-69.8506	-69.8573	-69.8542	-69.8421	-69.822	-69.7947	-69.7612	-69.7224	-69.6791	-69.6319	-69.5815	-69.5285	-69.4735	-69.417	-69.3595	-69.3015	-69.2435	-69.1862	-69.1301	-69.0759	-69.0243	-68.9761	-68.9322	-68.8934	-68.8605	-68.8342	-68.8148	-68.8027	-68.7978	-68.8002	-68.8102
2.52	-69.7397	-69.7634	-69.7985	-69.8319	-69.8582	-69.8751	-69.882	-69.8791	-69.8673	-69.8475	-69.8205	-69.7874	-69.749	-69.7061	-69.6594	-69.6095	-69.557	-69.5025	-69.4465	-69.3896	-69.3321	-69.2747	-69.2179	-69.1624	-69.1087	-69.0577	-69.0101	-68.9667	-68.9284	-68.8959	-68.87	-68.851	-68.8391	-68.8344	-68.8369	-68.8469
2.525	-69.7636	-69.7873	-69.8224	-69.856	-69.8824	-69.8994	-69.9064	-69.9038	-69.8923	-69.8728	-69.8462	-69.8135	-69.7755	-69.733	-69.6867	-69.6373	-69.5853	-69.5313	-69.4758	-69.4194	-69.3625	-69.3056	-69.2494	-69.1944	-69.1413	-69.0908	-69.0437	-69.0009	-68.963	-68.931	-68.9054	-68.8868	-68.8752	-68.8707	-68.8733	-68.8833
2.53	-69.7874	-69.8111	-69.8463	-69.8799	-69.9064	-69.9235	-69.9308	-69.9284	-69.9171	-69.8979	-69.8717	-69.8393	-69.8017	-69.7597	-69.7138	-69.6649	-69.6134	-69.5599	-69.5049	-69.449	-69.3926	-69.3363	-69.2806	-69.2261	-69.1736	-69.1236	-69.0771	-69.0347	-68.9973	-68.9657	-68.9406	-68.9222	-68.9109	-68.9066	-68.9093	-68.9194
2.535	-69.811	-69.8348	-69.87	-69.9036	-69.9302	-69.9475	-69.9549	-69.9528	-69.9418	-69.9229	-69.897	-69.865	-69.8278	-69.7861	-69.7407	-69.6922	-69.6412	-69.5882	-69.5337	-69.4783	-69.4225	-69.3667	-69.3115	-69.2576	-69.2056	-69.1562	-69.1101	-69.0683	-69.0313	-69.0002	-68.9754	-68.9574	-68.9463	-68.9422	-68.945	-68.9551
2.54	-69.8344	-69.8583	-69.8935	-69.9271	-69.9538	-69.9713	-69.9789	-69.977	-69.9663	-69.9476	-69.9221	-69.8905	-69.8536	-69.8124	-69.7674	-69.7194	-69.6688	-69.6163	-69.5623	-69.5074	-69.4521	-69.3968	-69.3422	-69.2888	-69.2374	-69.1885	-69.1429	-69.1015	-69.065	-69.0343	-69.0098	-68.9921	-68.9813	-68.9774	-68.9803	-68.9905
2.545	-69.8577	-69.8816	-69.9168	-69.9506	-69.9773	-69.9949	-70.0027	-70.001	-69.9906	-69.9723	-69.947	-69.9157	-69.8793	-69.8385	-69.7939	-69.7463	-69.6962	-69.6442	-69.5907	-69.5363	-69.4815	-69.4267	-69.3726	-69.3198	-69.2688	-69.2204	-69.1754	-69.1344	-69.0984	-69.0681	-69.044	-69.0266	-69.0161	-69.0123	-69.0153	-69.0255
2.55	-69.8809	-69.9048	-69.94	-69.9738	-70.0007	-70.0184	-70.0264	-70.0249	-70.0147	-69.9967	-69.9718	-69.9409	-69.9048	-69.8644	-69.8203	-69.7731	-69.7234	-69.6719	-69.6189	-69.565	-69.5106	-69.4564	-69.4028	-69.3505	-69.3	-69.2521	-69.2076	-69.1671	-69.1315	-69.1016	-69.0779	-69.0608	-69.0505	-69.0469	-69.05	-69.0602
2.555	-69.9039	-69.9278	-69.9631	-69.9969	-70.0239	-70.0417	-70.0499	-70.0486	-70.0387	-70.021	-69.9964	-69.9658	-69.9301	-69.8901	-69.8464	-69.7996	-69.7504	-69.6993	-69.6468	-69.5934	-69.5396	-69.4858	-69.4327	-69.3809	-69.331	-69.2836	-69.2395	-69.1995	-69.1643	-69.1348	-69.1114	-69.0946	-69.0845	-69.0811	-69.0844	-69.0946
2.56	-69.9267	-69.9507	-69.986	-70.0199	-70.0469	-70.0649	-70.0732	-70.0722	-70.0625	-70.045	-70.0208	-69.9905	-69.9552	-69.9156	-69.8723	-69.826	-69.7772	-69.7266	-69.6745	-69.6216	-69.5682	-69.515	-69.4624	-69.4111	-69.3616	-69.3147	-69.2711	-69.2316	-69.1968	-69.1677	-69.1446	-69.1281	-69.1183	-69.1151	-69.1184	-69.1287
2.565	-69.9494	-69.9734	-70.0087	-70.0427	-70.0698	-70.0879	-70.0964	-70.0956	-70.0861	-70.069	-70.045	-70.0151	-69.9802	-69.9409	-69.898	-69.8521	-69.8038	-69.7536	-69.702	-69.6496	-69.5967	-69.544	-69.4919	-69.441	-69.3921	-69.3456	-69.3025	-69.2634	-69.229	-69.2003	-69.1776	-69.1614	-69.1518	-69.1487	-69.1521	-69.1624
2.57	-69.9719	-69.996	-70.0313	-70.0653	-70.0925	-70.1108	-70.1194	-70.1188	-70.1096	-70.0928	-70.0691	-70.0395	-70.005	-69.9661	-69.9236	-69.8781	-69.8302	-69.7805	-69.7293	-69.6773	-69.6249	-69.5727	-69.5211	-69.4707	-69.4222	-69.3763	-69.3336	-69.2949	-69.261	-69.2326	-69.2102	-69.1943	-69.1849	-69.182	-69.1855	-69.1958
2.575	-69.9943	-70.0184	-70.0538	-70.0878	-70.1151	-70.1335	-70.1423	-70.1419	-70.133	-70.1164	-70.093	-70.0638	-70.0295	-69.991	-69.9489	-69.9039	-69.8564	-69.8071	-69.7564	-69.7049	-69.653	-69.6012	-69.5501	-69.5002	-69.4521	-69.4066	-69.3644	-69.3262	-69.2927	-69.2646	-69.2426	-69.2269	-69.2178	-69.215	-69.2186	-69.229
2.58	-70.0166	-70.0407	-70.0761	-70.1102	-70.1376	-70.1561	-70.1651	-70.1648	-70.1561	-70.1398	-70.1167	-70.0879	-70.054	-70.0158	-69.9741	-69.9295	-69.8824	-69.8335	-69.7833	-69.7322	-69.6808	-69.6294	-69.5788	-69.5294	-69.4818	-69.4368	-69.395	-69.3572	-69.3241	-69.2964	-69.2747	-69.2593	-69.2503	-69.2477	-69.2514	-69.2618
2.585	-70.0387	-70.0628	-70.0983	-70.1324	-70.1599	-70.1785	-70.1876	-70.1876	-70.1792	-70.1631	-70.1403	-70.1118	-70.0782	-70.0404	-69.9991	-69.9549	-69.9082	-69.8598	-69.81	-69.7594	-69.7084	-69.6575	-69.6073	-69.5584	-69.5113	-69.4667	-69.4253	-69.3879	-69.3552	-69.3279	-69.3065	-69.2913	-69.2826	-69.2801	-69.284	-69.2943
2.59	-70.0606	-70.0848	-70.1203	-70.1545	-70.182	-70.2008	-70.2101	-70.2103	-70.202	-70.1862	-70.1638	-70.1355	-70.1023	-70.0649	-70.0239	-69.9801	-69.9339	-69.8858	-69.8365	-69.7863	-69.7357	-69.6853	-69.6356	-69.5871	-69.5405	-69.4963	-69.4554	-69.4184	-69.386	-69.3591	-69.338	-69.3231	-69.3146	-69.3123	-69.3162	-69.3266
2.595	-70.0825	-70.1067	-70.1422	-70.1764	-70.204	-70.2229	-70.2324	-70.2328	-70.2248	-70.2092	-70.187	-70.1591	-70.1262	-70.0892	-70.0486	-70.0051	-69.9593	-69.9117	-69.8628	-69.813	-69.7629	-69.7129	-69.6637	-69.6156	-69.5694	-69.5257	-69.4852	-69.4486	-69.4166	-69.39	-69.3692	-69.3546	-69.3463	-69.3441	-69.3481	-69.3585
2.6	-70.1041	-70.1284	-70.1639	-70.1982	-70.2259	-70.2449	-70.2545	-70.2551	-70.2473	-70.232	-70.2101	-70.1825	-70.15	-70.1133	-70.0731	-70.03	-69.9846	-69.9374	-69.8889	-69.8395	-69.7899	-69.7403	-69.6915	-69.6439	-69.5982	-69.5549	-69.5148	-69.4786	-69.447	-69.4207	-69.4002	-69.3859	-69.3777	-69.3757	-69.3798	-69.3902
2.605	-70.1257	-70.15	-70.1855	-70.2198	-70.2477	-70.2667	-70.2765	-70.2773	-70.2697	-70.2547	-70.2331	-70.2058	-70.1736	-70.1372	-70.0974	-70.0547	-70.0097	-69.9629	-69.9148	-69.8659	-69.8166	-69.7675	-69.7191	-69.672	-69.6267	-69.5838	-69.5441	-69.5083	-69.4771	-69.4511	-69.4309	-69.4168	-69.4089	-69.407	-69.4111	-69.4216
2.61	-70.1471	-70.1714	-70.207	-70.2414	-70.2692	-70.2885	-70.2984	-70.2994	-70.292	-70.2772	-70.2559	-70.2289	-70.197	-70.161	-70.1215	-70.0792	-70.0346	-69.9882	-69.9405	-69.892	-69.8432	-69.7945	-69.7466	-69.6998	-69.6549	-69.6125	-69.5732	-69.5378	-69.5069	-69.4813	-69.4614	-69.4475	-69.4398	-69.438	-69.4423	-69.4527
2.615	-70.1684	-70.1927	-70.2283	-70.2627	-70.2907	-70.31	-70.3201	-70.3213	-70.3142	-70.2996	-70.2786	-70.2519	-70.2203	-70.1846	-70.1455	-70.1035	-70.0593	-70.0133	-69.966	-69.9179	-69.8695	-69.8213	-69.7738	-69.7275	-69.683	-69.641	-69.6021	-69.567	-69.5365	-69.5112	-69.4916	-69.478	-69.4704	-69.4688	-69.4731	-69.4836
2.62	-70.1895	-70.2139	-70.2495	-70.284	-70.312	-70.3315	-70.3417	-70.343	-70.3362	-70.3219	-70.3011	-70.2747	-70.2434	-70.2081	-70.1693	-70.1277	-70.0838	-70.0382	-69.9914	-69.9437	-69.8957	-69.8479	-69.8008	-69.7549	-69.7108	-69.6692	-69.6307	-69.596	-69.5659	-69.5409	-69.5215	-69.5082	-69.5008	-69.4993	-69.5037	-69.5142
2.625	-70.2105	-70.235	-70.2706	-70.3051	-70.3332	-70.3528	-70.3632	-70.3647	-70.358	-70.344	-70.3234	-70.2973	-70.2664	-70.2314	-70.1929	-70.1517	-70.1082	-70.063	-70.0165	-69.9693	-69.9217	-69.8743	-69.8276	-69.7821	-69.7384	-69.6972	-69.6591	-69.6248	-69.595	-69.5703	-69.5512	-69.5381	-69.5309	-69.5295	-69.534	-69.5445
2.63	-70.2314	-70.2559	-70.2916	-70.3261	-70.3543	-70.374	-70.3845	-70.3862	-70.3797	-70.3659	-70.3457	-70.3198	-70.2892	-70.2545	-70.2164	-70.1756	-70.1324	-70.0876	-70.0415	-69.9946	-69.9475	-69.9005	-69.8542	-69.8091	-69.7659	-69.725	-69.6873	-69.6534	-69.6239	-69.5995	-69.5807	-69.5678	-69.5608	-69.5595	-69.564	-69.5746
2.635	-70.2522	-70.2767	-70.3124	-70.347	-70.3752	-70.395	-70.4057	-70.4076	-70.4013	-70.3877	-70.3677	-70.3422	-70.3119	-70.2775	-70.2398	-70.1992	-70.1565	-70.112	-70.0663	-70.0198	-69.9731	-69.9265	-69.8806	-69.8359	-69.7931	-69.7526	-69.7153	-69.6817	-69.6525	-69.6284	-69.6099	-69.5972	-69.5904	-69.5893	-69.5938	-69.6044
2.64	-70.2728	-70.2974	-70.3331	-70.3677	-70.3961	-70.4159	-70.4267	-70.4288	-70.4227	-70.4094	-70.3897	-70.3644	-70.3344	-70.3003	-70.2629	-70.2228	-70.1804	-70.1363	-70.0909	-70.0449	-69.9985	-69.9523	-69.9068	-69.8625	-69.8201	-69.78	-69.743	-69.7098	-69.681	-69.6572	-69.6389	-69.6264	-69.6197	-69.6188	-69.6234	-69.634
2.645	-70.2934	-70.3179	-70.3537	-70.3883	-70.4167	-70.4367	-70.4477	-70.4499	-70.444	-70.4309	-70.4115	-70.3865	-70.3568	-70.323	-70.2859	-70.2461	-70.2041	-70.1603	-70.1154	-70.0697	-70.0237	-69.9779	-69.9328	-69.8889	-69.8468	-69.8072	-69.7705	-69.7376	-69.7092	-69.6857	-69.6676	-69.6554	-69.6489	-69.648	-69.6527	-69.6633
2.65	-70.3137	-70.3383	-70.3741	-70.4088	-70.4373	-70.4574	-70.4685	-70.4709	-70.4652	-70.4523	-70.4331	-70.4084	-70.379	-70.3456	-70.3088	-70.2693	-70.2276	-70.1843	-70.1397	-70.0944	-70.0488	-70.0033	-69.9586	-69.9151	-69.8734	-69.8341	-69.7979	-69.7653	-69.7371	-69.7139	-69.6962	-69.6841	-69.6778	-69.677	-69.6818	-69.6924
2.655	-70.334	-70.3587	-70.3944	-70.4292	-70.4577	-70.4779	-70.4891	-70.4917	-70.4863	-70.4736	-70.4546	-70.4302	-70.4011	-70.368	-70.3315	-70.2924	-70.251	-70.208	-70.1638	-70.1188	-70.0736	-70.0286	-69.9843	-69.9411	-69.8998	-69.8609	-69.825	-69.7927	-69.7649	-69.742	-69.7244	-69.7126	-69.7064	-69.7058	-69.7106	-69.7212
2.66	-70.3541	-70.3788	-70.4146	-70.4494	-70.478	-70.4983	-70.5097	-70.5124	-70.5072	-70.4947	-70.476	-70.4519	-70.423	-70.3902	-70.3541	-70.3153	-70.2743	-70.2316	-70.1877	-70.1432	-70.0983	-70.0537	-70.0097	-69.967	-69.926	-69.8874	-69.8519	-69.82	-69.7924	-69.7698	-69.7525	-69.7408	-69.7348	-69.7343	-69.7392	-69.7498
2.665	-70.3742	-70.3989	-70.4347	-70.4696	-70.4982	-70.5186	-70.5301	-70.533	-70.5279	-70.5157	-70.4973	-70.4734	-70.4448	-70.4123	-70.3765	-70.338	-70.2973	-70.255	-70.2115	-70.1673	-70.1228	-70.0786	-70.035	-69.9926	-69.952	-69.9138	-69.8786	-69.847	-69.8197	-69.7974	-69.7803	-69.7689	-69.763	-69.7626	-69.7676	-69.7782
2.67	-70.3941	-70.4188	-70.4547	-70.4896	-70.5183	-70.5388	-70.5504	-70.5535	-70.5486	-70.5366	-70.5184	-70.4947	-70.4665	-70.4342	-70.3988	-70.3606	-70.3203	-70.2783	-70.2352	-70.1913	-70.1472	-70.1033	-70.0601	-70.0181	-69.9778	-69.9399	-69.9051	-69.8738	-69.8469	-69.8248	-69.808	-69.7967	-69.791	-69.7907	-69.7957	-69.8064
2.675	-70.4139	-70.4387	-70.4745	-70.5094	-70.5383	-70.5588	-70.5706	-70.5738	-70.5691	-70.5574	-70.5394	-70.516	-70.488	-70.4561	-70.4209	-70.383	-70.343	-70.3014	-70.2586	-70.2151	-70.1714	-70.1278	-70.085	-70.0433	-70.0034	-69.9659	-69.9314	-69.9004	-69.8738	-69.8519	-69.8354	-69.8243	-69.8188	-69.8186	-69.8236	-69.8343
2.68	-70.4335	-70.4584	-70.4943	-70.5292	-70.5581	-70.5788	-70.5907	-70.594	-70.5895	-70.578	-70.5602	-70.5371	-70.5094	-70.4777	-70.4429	-70.4053	-70.3657	-70.3244	-70.2819	-70.2388	-70.1954	-70.1522	-70.1097	-70.0684	-70.0289	-69.9917	-69.9575	-69.9269	-69.9005	-69.8789	-69.8626	-69.8517	-69.8463	-69.8462	-69.8513	-69.862
2.685	-70.4531	-70.478	-70.5139	-70.5489	-70.5778	-70.5986	-70.6106	-70.6141	-70.6098	-70.5985	-70.581	-70.5581	-70.5306	-70.4993	-70.4647	-70.4275	-70.3881	-70.3472	-70.3051	-70.2623	-70.2192	-70.1764	-70.1342	-70.0933	-70.0541	-70.0173	-69.9834	-69.9531	-69.927	-69.9057	-69.8895	-69.8789	-69.8736	-69.8736	-69.8788	-69.8895
2.69	-70.4726	-70.4975	-70.5334	-70.5684	-70.5974	-70.6183	-70.6304	-70.6341	-70.63	-70.6189	-70.6016	-70.5789	-70.5517	-70.5207	-70.4864	-70.4495	-70.4105	-70.3698	-70.3281	-70.2856	-70.2429	-70.2004	-70.1586	-70.118	-70.0792	-70.0427	-70.0091	-69.9791	-69.9533	-69.9322	-69.9163	-69.9058	-69.9007	-69.9008	-69.9061	-69.9167
2.695	-70.4919	-70.5168	-70.5528	-70.5878	-70.6169	-70.6378	-70.6501	-70.654	-70.65	-70.6391	-70.622	-70.5997	-70.5727	-70.5419	-70.508	-70.4714	-70.4326	-70.3923	-70.3509	-70.3088	-70.2664	-70.2243	-70.1828	-70.1426	-70.1041	-70.0679	-70.0346	-70.0049	-69.9794	-69.9586	-69.9429	-69.9326	-69.9276	-69.9278	-69.9331	-69.9438
2.7	-70.5111	-70.5361	-70.5721	-70.6072	-70.6363	-70.6573	-70.6697	-70.6737	-70.67	-70.6592	-70.6424	-70.6203	-70.5936	-70.5631	-70.5294	-70.4931	-70.4547	-70.4147	-70.3736	-70.3318	-70.2898	-70.248	-70.2069	-70.1669	-70.1288	-70.0929	-70.06	-70.0306	-70.0053	-69.9847	-69.9693	-69.9591	-69.9543	-69.9546	-69.9599	-69.9706
2.705	-70.5302	-70.5552	-70.5912	-70.6264	-70.6555	-70.6767	-70.6892	-70.6933	-70.6898	-70.6792	-70.6626	-70.6407	-70.6143	-70.5841	-70.5507	-70.5147	-70.4766	-70.4369	-70.3961	-70.3547	-70.313	-70.2715	-70.2307	-70.1912	-70.1533	-70.1178	-70.0851	-70.056	-70.031	-70.0107	-69.9955	-69.9855	-69.9808	-69.9812	-69.9866	-69.9973
2.71	-70.5492	-70.5743	-70.6103	-70.6455	-70.6747	-70.6959	-70.7086	-70.7129	-70.7094	-70.6991	-70.6827	-70.6611	-70.6349	-70.605	-70.5718	-70.5361	-70.4983	-70.459	-70.4185	-70.3774	-70.336	-70.2949	-70.2544	-70.2152	-70.1777	-70.1425	-70.1101	-70.0813	-70.0566	-70.0365	-70.0214	-70.0116	-70.0071	-70.0075	-70.013	-70.0237
2.715	-70.5681	-70.5932	-70.6293	-70.6645	-70.6937	-70.7151	-70.7278	-70.7323	-70.729	-70.7189	-70.7027	-70.6813	-70.6554	-70.6257	-70.5929	-70.5574	-70.52	-70.4809	-70.4408	-70.3999	-70.3589	-70.3181	-70.278	-70.2391	-70.2019	-70.167	-70.1349	-70.1064	-70.0819	-70.0621	-70.0472	-70.0376	-70.0331	-70.0337	-70.0392	-70.0499
2.72	-70.5869	-70.612	-70.6481	-70.6833	-70.7127	-70.7341	-70.747	-70.7515	-70.7485	-70.7385	-70.7226	-70.7014	-70.6758	-70.6463	-70.6138	-70.5786	-70.5414	-70.5027	-70.4629	-70.4224	-70.3816	-70.3412	-70.3014	-70.2628	-70.2259	-70.1913	-70.1595	-70.1313	-70.1071	-70.0874	-70.0728	-70.0634	-70.059	-70.0597	-70.0652	-70.0759
2.725	-70.6056	-70.6308	-70.6668	-70.7021	-70.7315	-70.753	-70.766	-70.7707	-70.7678	-70.7581	-70.7423	-70.7214	-70.696	-70.6668	-70.6345	-70.5997	-70.5628	-70.5244	-70.4848	-70.4446	-70.4042	-70.3641	-70.3246	-70.2863	-70.2497	-70.2154	-70.184	-70.156	-70.1321	-70.1127	-70.0982	-70.0889	-70.0847	-70.0855	-70.0911	-70.1018
2.73	-70.6242	-70.6494	-70.6855	-70.7208	-70.7503	-70.7718	-70.7849	-70.7898	-70.7871	-70.7775	-70.762	-70.7412	-70.7161	-70.6872	-70.6552	-70.6206	-70.584	-70.5459	-70.5066	-70.4668	-70.4267	-70.3868	-70.3477	-70.3097	-70.2734	-70.2394	-70.2083	-70.1806	-70.1569	-70.1377	-70.1234	-70.1143	-70.1102	-70.1111	-70.1167	-70.1274
2.735	-70.6427	-70.6679	-70.704	-70.7393	-70.7689	-70.7905	-70.8037	-70.8087	-70.8062	-70.7968	-70.7815	-70.761	-70.7361	-70.7074	-70.6757	-70.6414	-70.6051	-70.5672	-70.5283	-70.4887	-70.449	-70.4094	-70.3706	-70.3329	-70.297	-70.2633	-70.2324	-70.2049	-70.1815	-70.1625	-70.1485	-70.1395	-70.1356	-70.1365	-70.1422	-70.1529
2.74	-70.6611	-70.6863	-70.7225	-70.7578	-70.7874	-70.8091	-70.8224	-70.8276	-70.8252	-70.816	-70.8009	-70.7806	-70.756	-70.7276	-70.6961	-70.6621	-70.626	-70.5885	-70.5499	-70.5106	-70.4711	-70.4319	-70.3934	-70.356	-70.3204	-70.2869	-70.2563	-70.2291	-70.2059	-70.1872	-70.1733	-70.1645	-70.1607	-70.1617	-70.1674	-70.1781
2.745	-70.6793	-70.7046	-70.7408	-70.7762	-70.8058	-70.8276	-70.8411	-70.8463	-70.8441	-70.8351	-70.8202	-70.8001	-70.7757	-70.7476	-70.7163	-70.6826	-70.6469	-70.6096	-70.5713	-70.5323	-70.4931	-70.4542	-70.416	-70.3789	-70.3436	-70.3104	-70.2801	-70.2532	-70.2302	-70.2117	-70.198	-70.1894	-70.1856	-70.1867	-70.1925	-70.2032
2.75	-70.6975	-70.7228	-70.759	-70.7944	-70.8241	-70.846	-70.8596	-70.865	-70.8629	-70.8541	-70.8394	-70.8195	-70.7953	-70.7674	-70.7365	-70.703	-70.6675	-70.6306	-70.5925	-70.5539	-70.515	-70.4764	-70.4384	-70.4017	-70.3666	-70.3338	-70.3037	-70.2771	-70.2543	-70.236	-70.2225	-70.214	-70.2104	-70.2116	-70.2174	-70.2281
2.755	-70.7156	-70.7409	-70.7772	-70.8126	-70.8423	-70.8643	-70.878	-70.8835	-70.8816	-70.873	-70.8585	-70.8388	-70.8149	-70.7872	-70.7565	-70.7233	-70.6881	-70.6514	-70.6137	-70.5753	-70.5367	-70.4984	-70.4608	-70.4243	-70.3895	-70.357	-70.3272	-70.3008	-70.2783	-70.2602	-70.2468	-70.2385	-70.235	-70.2362	-70.2421	-70.2528
2.76	-70.7336	-70.759	-70.7952	-70.8307	-70.8605	-70.8825	-70.8963	-70.902	-70.9002	-70.8917	-70.8774	-70.858	-70.8343	-70.8069	-70.7764	-70.7435	-70.7085	-70.6721	-70.6347	-70.5966	-70.5583	-70.5203	-70.4829	-70.4468	-70.4123	-70.38	-70.3505	-70.3243	-70.302	-70.2841	-70.271	-70.2628	-70.2594	-70.2607	-70.2666	-70.2773
2.765	-70.7515	-70.7769	-70.8131	-70.8486	-70.8785	-70.9006	-70.9145	-70.9203	-70.9187	-70.9104	-70.8963	-70.8771	-70.8536	-70.8264	-70.7962	-70.7635	-70.7289	-70.6927	-70.6555	-70.6177	-70.5798	-70.542	-70.505	-70.4691	-70.4349	-70.4029	-70.3736	-70.3477	-70.3256	-70.308	-70.295	-70.2869	-70.2837	-70.285	-70.291	-70.3017
2.77	-70.7693	-70.7947	-70.831	-70.8665	-70.8964	-70.9186	-70.9326	-70.9385	-70.9371	-70.929	-70.915	-70.896	-70.8727	-70.8458	-70.8159	-70.7834	-70.7491	-70.7132	-70.6763	-70.6388	-70.6011	-70.5636	-70.5268	-70.4912	-70.4573	-70.4256	-70.3966	-70.3709	-70.3491	-70.3316	-70.3188	-70.3109	-70.3077	-70.3092	-70.3151	-70.3259
2.775	-70.787	-70.8124	-70.8487	-70.8843	-70.9142	-70.9365	-70.9506	-70.9566	-70.9553	-70.9474	-70.9337	-70.9149	-70.8918	-70.8651	-70.8354	-70.8032	-70.7691	-70.7335	-70.6969	-70.6597	-70.6222	-70.5851	-70.5486	-70.5133	-70.4796	-70.4481	-70.4194	-70.394	-70.3724	-70.3551	-70.3425	-70.3347	-70.3316	-70.3332	-70.3391	-70.3499
2.78	-70.8046	-70.8301	-70.8664	-70.9019	-70.9319	-70.9543	-70.9685	-70.9747	-70.9735	-70.9658	-70.9522	-70.9336	-70.9108	-70.8843	-70.8549	-70.8229	-70.7891	-70.7537	-70.7174	-70.6804	-70.6433	-70.6064	-70.5702	-70.5352	-70.5018	-70.4706	-70.4421	-70.4169	-70.3955	-70.3784	-70.366	-70.3583	-70.3554	-70.3569	-70.363	-70.3737
2.785	-70.8221	-70.8476	-70.8839	-70.9195	-70.9496	-70.972	-70.9863	-70.9926	-70.9916	-70.984	-70.9706	-70.9523	-70.9296	-70.9034	-70.8742	-70.8425	-70.8089	-70.7738	-70.7378	-70.7011	-70.6642	-70.6276	-70.5917	-70.5569	-70.5238	-70.4928	-70.4646	-70.4396	-70.4185	-70.4016	-70.3893	-70.3818	-70.3789	-70.3806	-70.3867	-70.3974
2.79	-70.8395	-70.865	-70.9014	-70.937	-70.9671	-70.9896	-71.004	-71.0104	-71.0096	-71.0022	-70.989	-70.9708	-70.9484	-70.9224	-70.8934	-70.862	-70.8286	-70.7938	-70.758	-70.7216	-70.685	-70.6487	-70.613	-70.5785	-70.5457	-70.515	-70.487	-70.4622	-70.4413	-70.4246	-70.4124	-70.4051	-70.4023	-70.4041	-70.4101	-70.4209
2.795	-70.8568	-70.8824	-70.9187	-70.9544	-70.9846	-71.0071	-71.0216	-71.0282	-71.0275	-71.0202	-71.0072	-70.9892	-70.967	-70.9412	-70.9125	-70.8813	-70.8482	-70.8137	-70.7781	-70.742	-70.7057	-70.6696	-70.6342	-70.6	-70.5674	-70.5369	-70.5092	-70.4847	-70.4639	-70.4474	-70.4355	-70.4282	-70.4256	-70.4274	-70.4335	-70.4442
2.8	-70.874	-70.8997	-70.936	-70.9717	-71.0019	-71.0246	-71.0391	-71.0458	-71.0452	-71.0382	-71.0253	-71.0076	-70.9856	-70.96	-70.9315	-70.9006	-70.8677	-70.8334	-70.7981	-70.7622	-70.7262	-70.6904	-70.6553	-70.6213	-70.589	-70.5588	-70.5313	-70.507	-70.4865	-70.4701	-70.4583	-70.4512	-70.4486	-70.4505	-70.4567	-70.4674
2.805	-70.8912	-70.9168	-70.9532	-70.9889	-71.0192	-71.0419	-71.0565	-71.0634	-71.0629	-71.056	-71.0434	-71.0258	-71.004	-70.9787	-70.9504	-70.9197	-70.8871	-70.853	-70.818	-70.7824	-70.7466	-70.7111	-70.6762	-70.6425	-70.6104	-70.5805	-70.5532	-70.5292	-70.5088	-70.4927	-70.481	-70.474	-70.4716	-70.4735	-70.4797	-70.4904
2.81	-70.9082	-70.9339	-70.9703	-71.0061	-71.0363	-71.0591	-71.0739	-71.0808	-71.0805	-71.0738	-71.0613	-71.0439	-71.0223	-70.9972	-70.9691	-70.9387	-70.9063	-70.8726	-70.8378	-70.8024	-70.7669	-70.7316	-70.697	-70.6636	-70.6318	-70.6021	-70.575	-70.5512	-70.531	-70.5151	-70.5036	-70.4967	-70.4943	-70.4963	-70.5025	-70.5133
2.815	-70.9252	-70.9509	-70.9873	-71.0231	-71.0534	-71.0763	-71.0911	-71.0982	-71.098	-71.0914	-71.0791	-71.0619	-71.0406	-71.0157	-70.9878	-70.9576	-70.9255	-70.8919	-70.8574	-70.8223	-70.787	-70.752	-70.7177	-70.6845	-70.6529	-70.6235	-70.5967	-70.573	-70.5531	-70.5373	-70.526	-70.5192	-70.517	-70.519	-70.5253	-70.536
2.82	-70.9421	-70.9678	-71.0043	-71.0401	-71.0704	-71.0934	-71.1083	-71.1155	-71.1154	-71.109	-71.0969	-71.0799	-71.0587	-71.034	-71.0064	-70.9764	-70.9445	-70.9112	-70.8769	-70.8421	-70.8071	-70.7723	-70.7382	-70.7053	-70.674	-70.6448	-70.6182	-70.5948	-70.575	-70.5594	-70.5482	-70.5416	-70.5394	-70.5415	-70.5478	-70.5585
2.825	-70.9589	-70.9847	-71.0211	-71.0569	-71.0873	-71.1103	-71.1254	-71.1326	-71.1328	-71.1265	-71.1145	-71.0977	-71.0767	-71.0522	-71.0248	-70.9951	-70.9634	-70.9304	-70.8964	-70.8618	-70.827	-70.7925	-70.7587	-70.726	-70.6949	-70.6659	-70.6396	-70.6164	-70.5968	-70.5814	-70.5703	-70.5638	-70.5617	-70.5639	-70.5702	-70.5809
2.83	-70.9756	-71.0014	-71.0379	-71.0737	-71.1042	-71.1272	-71.1423	-71.1497	-71.15	-71.1438	-71.1321	-71.1154	-71.0947	-71.0704	-71.0432	-71.0137	-70.9823	-70.9495	-70.9157	-70.8813	-70.8468	-70.8125	-70.779	-70.7465	-70.7157	-70.6869	-70.6608	-70.6378	-70.6185	-70.6032	-70.5923	-70.5859	-70.5839	-70.5861	-70.5924	-70.6031
2.835	-70.9922	-71.0181	-71.0545	-71.0904	-71.1209	-71.144	-71.1592	-71.1667	-71.1671	-71.1611	-71.1495	-71.1331	-71.1125	-71.0884	-71.0615	-71.0322	-71.001	-70.9684	-70.9349	-70.9007	-70.8665	-70.8325	-70.7991	-70.767	-70.7364	-70.7078	-70.6819	-70.6591	-70.64	-70.6248	-70.6141	-70.6078	-70.6059	-70.6082	-70.6145	-70.6252
2.84	-71.0088	-71.0346	-71.0711	-71.107	-71.1375	-71.1607	-71.176	-71.1836	-71.1842	-71.1783	-71.1669	-71.1506	-71.1302	-71.1064	-71.0796	-71.0505	-71.0196	-70.9872	-70.9539	-70.9201	-70.886	-70.8523	-70.8192	-70.7873	-70.7569	-70.7286	-70.7029	-70.6803	-70.6613	-70.6464	-70.6358	-70.6296	-70.6278	-70.6301	-70.6365	-70.6472
2.845	-71.0252	-71.0511	-71.0876	-71.1235	-71.1541	-71.1774	-71.1927	-71.2005	-71.2011	-71.1954	-71.1842	-71.1681	-71.1479	-71.1242	-71.0977	-71.0688	-71.0381	-71.006	-70.9729	-70.9393	-70.9055	-70.872	-70.8391	-70.8074	-70.7773	-70.7492	-70.7237	-70.7014	-70.6826	-70.6678	-70.6573	-70.6512	-70.6495	-70.6519	-70.6583	-70.669
2.85	-71.0416	-71.0675	-71.104	-71.14	-71.1706	-71.1939	-71.2094	-71.2172	-71.218	-71.2124	-71.2013	-71.1854	-71.1654	-71.142	-71.1156	-71.087	-71.0565	-71.0246	-70.9918	-70.9584	-70.9248	-70.8916	-70.859	-70.8275	-70.7976	-70.7697	-70.7445	-70.7223	-70.7037	-70.689	-70.6787	-70.6727	-70.6711	-70.6735	-70.68	-70.6907
2.855	-71.0579	-71.0838	-71.1204	-71.1563	-71.187	-71.2104	-71.2259	-71.2339	-71.2348	-71.2294	-71.2184	-71.2027	-71.1829	-71.1596	-71.1335	-71.105	-71.0748	-71.0431	-71.0105	-70.9774	-70.9441	-70.911	-70.8787	-70.8474	-70.8177	-70.7901	-70.7651	-70.7431	-70.7246	-70.7102	-70.6999	-70.6941	-70.6925	-70.695	-70.7015	-70.7122
2.86	-71.0741	-71.1001	-71.1366	-71.1726	-71.2033	-71.2267	-71.2424	-71.2504	-71.2515	-71.2462	-71.2354	-71.2199	-71.2002	-71.1772	-71.1512	-71.123	-71.093	-71.0615	-71.0292	-70.9962	-70.9632	-70.9304	-70.8982	-70.8672	-70.8378	-70.8104	-70.7855	-70.7637	-70.7455	-70.7311	-70.7211	-70.7153	-70.7139	-70.7164	-70.7229	-70.7336
2.865	-71.0902	-71.1162	-71.1528	-71.1888	-71.2195	-71.243	-71.2588	-71.2669	-71.2681	-71.263	-71.2523	-71.2369	-71.2175	-71.1946	-71.1689	-71.1409	-71.1111	-71.0799	-71.0477	-71.015	-70.9822	-70.9496	-70.9177	-70.8869	-70.8577	-70.8305	-70.8059	-70.7842	-70.7662	-70.752	-70.7421	-70.7364	-70.735	-70.7376	-70.7441	-70.7548
2.87	-71.1063	-71.1323	-71.1689	-71.2049	-71.2357	-71.2593	-71.2751	-71.2833	-71.2846	-71.2796	-71.2691	-71.2539	-71.2347	-71.212	-71.1865	-71.1587	-71.1291	-71.0981	-71.0662	-71.0337	-71.0011	-70.9687	-70.9371	-70.9065	-70.8775	-70.8505	-70.8261	-70.8046	-70.7867	-70.7727	-70.7629	-70.7574	-70.7561	-70.7587	-70.7652	-70.7759
2.875	-71.1223	-71.1483	-71.1849	-71.221	-71.2518	-71.2754	-71.2913	-71.2996	-71.301	-71.2962	-71.2859	-71.2708	-71.2517	-71.2293	-71.204	-71.1764	-71.147	-71.1162	-71.0845	-71.0523	-71.0199	-70.9878	-70.9563	-70.926	-70.8972	-70.8704	-70.8462	-70.8249	-70.8072	-70.7933	-70.7836	-70.7782	-70.777	-70.7797	-70.7862	-70.7969
2.88	-71.1382	-71.1643	-71.2009	-71.2369	-71.2678	-71.2915	-71.3074	-71.3159	-71.3174	-71.3127	-71.3025	-71.2877	-71.2687	-71.2464	-71.2213	-71.1939	-71.1648	-71.1342	-71.1027	-71.0707	-71.0386	-71.0067	-70.9754	-70.9453	-70.9167	-70.8902	-70.8661	-70.8451	-70.8275	-70.8138	-70.8042	-70.7989	-70.7977	-70.8005	-70.8071	-70.8177
2.885	-71.154	-71.1801	-71.2167	-71.2528	-71.2837	-71.3074	-71.3235	-71.332	-71.3337	-71.3291	-71.3191	-71.3044	-71.2857	-71.2635	-71.2386	-71.2114	-71.1825	-71.1521	-71.1209	-71.0891	-71.0571	-71.0255	-70.9945	-70.9646	-70.9362	-70.9098	-70.886	-70.8651	-70.8477	-70.8341	-70.8247	-70.8195	-70.8184	-70.8212	-70.8278	-70.8384
2.89	-71.1697	-71.1959	-71.2325	-71.2686	-71.2995	-71.3233	-71.3394	-71.3481	-71.3499	-71.3454	-71.3356	-71.321	-71.3025	-71.2805	-71.2558	-71.2288	-71.2001	-71.1699	-71.1389	-71.1073	-71.0756	-71.0442	-71.0134	-70.9837	-70.9555	-70.9294	-70.9057	-70.885	-70.8678	-70.8544	-70.845	-70.8399	-70.8389	-70.8417	-70.8483	-70.859
2.895	-71.1854	-71.2116	-71.2482	-71.2843	-71.3153	-71.3391	-71.3553	-71.3641	-71.366	-71.3617	-71.352	-71.3376	-71.3192	-71.2975	-71.2729	-71.2461	-71.2176	-71.1877	-71.1568	-71.1255	-71.094	-71.0627	-71.0322	-71.0027	-70.9747	-70.9488	-70.9253	-70.9048	-70.8877	-70.8745	-70.8653	-70.8602	-70.8593	-70.8622	-70.8688	-70.8794
2.9	-71.201	-71.2272	-71.2639	-71.3	-71.331	-71.3549	-71.3712	-71.38	-71.382	-71.3779	-71.3683	-71.3541	-71.3358	-71.3143	-71.2899	-71.2634	-71.235	-71.2053	-71.1747	-71.1435	-71.1122	-71.0812	-71.0509	-71.0216	-70.9939	-70.9681	-70.9448	-70.9245	-70.9076	-70.8944	-70.8853	-70.8804	-70.8795	-70.8825	-70.8891	-70.8997
2.905	-71.2165	-71.2428	-71.2794	-71.3156	-71.3466	-71.3706	-71.3869	-71.3959	-71.398	-71.3939	-71.3845	-71.3705	-71.3524	-71.331	-71.3069	-71.2805	-71.2523	-71.2228	-71.1924	-71.1615	-71.1304	-71.0996	-71.0695	-71.0404	-71.0129	-70.9873	-70.9642	-70.944	-70.9273	-70.9143	-70.9053	-70.9005	-70.8997	-70.9026	-70.9093	-70.9199
2.91	-71.232	-71.2582	-71.2949	-71.3311	-71.3621	-71.3861	-71.4026	-71.4116	-71.4138	-71.4099	-71.4007	-71.3868	-71.3689	-71.3477	-71.3237	-71.2975	-71.2695	-71.2402	-71.21	-71.1793	-71.1485	-71.1179	-71.0879	-71.0591	-71.0318	-71.0064	-70.9835	-70.9635	-70.9469	-70.934	-70.9252	-70.9204	-70.9197	-70.9227	-70.9294	-70.94
2.915	-71.2474	-71.2736	-71.3103	-71.3465	-71.3776	-71.4017	-71.4182	-71.4273	-71.4296	-71.4259	-71.4167	-71.403	-71.3853	-71.3643	-71.3405	-71.3145	-71.2867	-71.2576	-71.2276	-71.1971	-71.1664	-71.136	-71.1063	-71.0777	-71.0505	-71.0254	-71.0026	-70.9828	-70.9663	-70.9536	-70.9449	-70.9402	-70.9396	-70.9426	-70.9493	-70.9599
2.92	-71.2627	-71.289	-71.3257	-71.3619	-71.393	-71.4171	-71.4337	-71.4429	-71.4454	-71.4417	-71.4327	-71.4191	-71.4016	-71.3807	-71.3571	-71.3313	-71.3037	-71.2748	-71.245	-71.2147	-71.1843	-71.1541	-71.1246	-71.0962	-71.0692	-71.0442	-71.0217	-71.002	-70.9857	-70.9731	-70.9645	-70.96	-70.9593	-70.9624	-70.9691	-70.9797
2.925	-71.2779	-71.3042	-71.3409	-71.3771	-71.4083	-71.4325	-71.4491	-71.4585	-71.461	-71.4575	-71.4486	-71.4352	-71.4178	-71.3971	-71.3737	-71.3481	-71.3207	-71.292	-71.2624	-71.2323	-71.2021	-71.1721	-71.1428	-71.1145	-71.0878	-71.063	-71.0406	-71.0211	-71.005	-70.9925	-70.984	-70.9795	-70.979	-70.9821	-70.9888	-70.9994
2.93	-71.293	-71.3194	-71.3561	-71.3924	-71.4236	-71.4478	-71.4645	-71.4739	-71.4766	-71.4732	-71.4645	-71.4512	-71.434	-71.4135	-71.3902	-71.3648	-71.3376	-71.3091	-71.2797	-71.2498	-71.2197	-71.19	-71.1609	-71.1328	-71.1062	-71.0816	-71.0594	-71.0401	-71.0241	-71.0118	-71.0034	-70.999	-70.9985	-71.0017	-71.0084	-71.019
2.935	-71.3081	-71.3345	-71.3712	-71.4075	-71.4387	-71.463	-71.4798	-71.4893	-71.4921	-71.4888	-71.4802	-71.4671	-71.45	-71.4297	-71.4066	-71.3814	-71.3544	-71.326	-71.2969	-71.2671	-71.2373	-71.2077	-71.1788	-71.151	-71.1246	-71.1002	-71.0782	-71.059	-71.0431	-71.0309	-71.0226	-71.0183	-71.0179	-71.0211	-71.0279	-71.0385
2.94	-71.3232	-71.3496	-71.3863	-71.4226	-71.4538	-71.4781	-71.495	-71.5046	-71.5075	-71.5043	-71.4959	-71.4829	-71.466	-71.4458	-71.423	-71.3979	-71.3711	-71.3429	-71.3139	-71.2844	-71.2548	-71.2254	-71.1967	-71.169	-71.1429	-71.1186	-71.0968	-71.0778	-71.062	-71.05	-71.0418	-71.0376	-71.0372	-71.0405	-71.0472	-71.0578
2.945	-71.3381	-71.3645	-71.4013	-71.4376	-71.4689	-71.4932	-71.5102	-71.5198	-71.5228	-71.5198	-71.5115	-71.4987	-71.4819	-71.4619	-71.4392	-71.4143	-71.3877	-71.3597	-71.3309	-71.3016	-71.2722	-71.243	-71.2145	-71.187	-71.161	-71.137	-71.1153	-71.0964	-71.0808	-71.0689	-71.0608	-71.0567	-71.0564	-71.0597	-71.0665	-71.077
2.95	-71.353	-71.3794	-71.4162	-71.4525	-71.4838	-71.5082	-71.5252	-71.535	-71.5381	-71.5352	-71.527	-71.5143	-71.4977	-71.4779	-71.4554	-71.4306	-71.4042	-71.3765	-71.3478	-71.3187	-71.2895	-71.2605	-71.2322	-71.2049	-71.1791	-71.1552	-71.1337	-71.115	-71.0995	-71.0877	-71.0798	-71.0757	-71.0755	-71.0788	-71.0856	-71.0962
2.955	-71.3678	-71.3943	-71.431	-71.4674	-71.4987	-71.5232	-71.5402	-71.5501	-71.5533	-71.5505	-71.5425	-71.5299	-71.5135	-71.4938	-71.4715	-71.4469	-71.4206	-71.3931	-71.3647	-71.3357	-71.3067	-71.2779	-71.2498	-71.2227	-71.197	-71.1733	-71.152	-71.1334	-71.1181	-71.1064	-71.0986	-71.0946	-71.0944	-71.0978	-71.1046	-71.1152
2.96	-71.3826	-71.4091	-71.4458	-71.4822	-71.5135	-71.5381	-71.5552	-71.5651	-71.5684	-71.5658	-71.5579	-71.5454	-71.5292	-71.5097	-71.4875	-71.4631	-71.437	-71.4096	-71.3814	-71.3527	-71.3238	-71.2952	-71.2672	-71.2403	-71.2149	-71.1914	-71.1702	-71.1518	-71.1366	-71.125	-71.1173	-71.1134	-71.1133	-71.1167	-71.1235	-71.134
2.965	-71.3972	-71.4238	-71.4605	-71.4969	-71.5283	-71.5529	-71.5701	-71.5801	-71.5835	-71.5809	-71.5732	-71.5609	-71.5448	-71.5254	-71.5034	-71.4792	-71.4533	-71.4261	-71.398	-71.3695	-71.3408	-71.3124	-71.2846	-71.2579	-71.2327	-71.2093	-71.1883	-71.17	-71.155	-71.1435	-71.1359	-71.1321	-71.132	-71.1354	-71.1423	-71.1528
2.97	-71.4119	-71.4384	-71.4752	-71.5116	-71.543	-71.5676	-71.5849	-71.595	-71.5985	-71.596	-71.5884	-71.5763	-71.5603	-71.5411	-71.5192	-71.4952	-71.4695	-71.4425	-71.4146	-71.3862	-71.3577	-71.3295	-71.3019	-71.2754	-71.2503	-71.2271	-71.2063	-71.1882	-71.1733	-71.1619	-71.1544	-71.1507	-71.1506	-71.1541	-71.1609	-71.1715
2.975	-71.4264	-71.453	-71.4898	-71.5261	-71.5576	-71.5823	-71.5996	-71.6098	-71.6134	-71.6111	-71.6036	-71.5916	-71.5757	-71.5567	-71.535	-71.5111	-71.4856	-71.4588	-71.4311	-71.4029	-71.3746	-71.3466	-71.3192	-71.2928	-71.2679	-71.2449	-71.2242	-71.2062	-71.1915	-71.1802	-71.1728	-71.1691	-71.1691	-71.1726	-71.1795	-71.19
2.98	-71.4409	-71.4675	-71.5043	-71.5407	-71.5722	-71.5969	-71.6143	-71.6245	-71.6282	-71.626	-71.6186	-71.6068	-71.5911	-71.5722	-71.5507	-71.527	-71.5016	-71.475	-71.4475	-71.4195	-71.3913	-71.3635	-71.3363	-71.3101	-71.2854	-71.2625	-71.242	-71.2242	-71.2095	-71.1984	-71.191	-71.1875	-71.1876	-71.1911	-71.198	-71.2085
2.985	-71.4553	-71.4819	-71.5187	-71.5551	-71.5867	-71.6114	-71.6289	-71.6392	-71.643	-71.6409	-71.6337	-71.6219	-71.6064	-71.5877	-71.5663	-71.5428	-71.5176	-71.4911	-71.4638	-71.436	-71.408	-71.3803	-71.3533	-71.3273	-71.3027	-71.28	-71.2597	-71.242	-71.2275	-71.2165	-71.2092	-71.2057	-71.2059	-71.2094	-71.2163	-71.2268
2.99	-71.4697	-71.4963	-71.5331	-71.5695	-71.6011	-71.6259	-71.6434	-71.6538	-71.6577	-71.6557	-71.6486	-71.637	-71.6216	-71.6031	-71.5818	-71.5585	-71.5334	-71.5072	-71.48	-71.4524	-71.4246	-71.3971	-71.3703	-71.3444	-71.32	-71.2975	-71.2773	-71.2597	-71.2454	-71.2345	-71.2273	-71.2239	-71.2241	-71.2277	-71.2346	-71.2451
2.995	-71.484	-71.5106	-71.5474	-71.5839	-71.6154	-71.6403	-71.6579	-71.6684	-71.6724	-71.6705	-71.6635	-71.652	-71.6368	-71.6184	-71.5973	-71.5741	-71.5492	-71.5231	-71.4961	-71.4687	-71.4411	-71.4138	-71.3871	-71.3615	-71.3372	-71.3148	-71.2948	-71.2774	-71.2632	-71.2524	-71.2453	-71.2419	-71.2422	-71.2458	-71.2527	-71.2632
3	-71.4982	-71.5249	-71.5617	-71.5981	-71.6297	-71.6546	-71.6723	-71.6829	-71.6869	-71.6852	-71.6783	-71.667	-71.6519	-71.6336	-71.6127	-71.5897	-71.565	-71.539	-71.5122	-71.4849	-71.4575	-71.4304	-71.4039	-71.3784	-71.3543	-71.3321	-71.3122	-71.2949	-71.2808	-71.2702	-71.2632	-71.2599	-71.2602	-71.2638	-71.2707	-71.2812
3.005	-71.5124	-71.5391	-71.5759	-71.6124	-71.644	-71.6689	-71.6866	-71.6973	-71.7014	-71.6998	-71.693	-71.6818	-71.6669	-71.6487	-71.628	-71.6051	-71.5806	-71.5548	-71.5282	-71.5011	-71.4739	-71.4469	-71.4206	-71.3952	-71.3713	-71.3493	-71.3295	-71.3124	-71.2984	-71.2878	-71.2809	-71.2777	-71.2781	-71.2817	-71.2887	-71.2991
3.01	-71.5265	-71.5532	-71.59	-71.6265	-71.6581	-71.6831	-71.7009	-71.7116	-71.7159	-71.7143	-71.7077	-71.6966	-71.6818	-71.6638	-71.6432	-71.6205	-71.5962	-71.5706	-71.5441	-71.5172	-71.4901	-71.4633	-71.4371	-71.412	-71.3883	-71.3664	-71.3467	-71.3298	-71.3159	-71.3054	-71.2986	-71.2955	-71.2959	-71.2996	-71.3065	-71.317
3.015	-71.5405	-71.5673	-71.6041	-71.6406	-71.6723	-71.6973	-71.7151	-71.7259	-71.7303	-71.7288	-71.7223	-71.7114	-71.6967	-71.6788	-71.6584	-71.6359	-71.6117	-71.5862	-71.5599	-71.5331	-71.5063	-71.4797	-71.4537	-71.4287	-71.4051	-71.3833	-71.3639	-71.347	-71.3333	-71.3229	-71.3162	-71.3131	-71.3136	-71.3173	-71.3243	-71.3347
3.02	-71.5545	-71.5813	-71.6181	-71.6546	-71.6863	-71.7113	-71.7292	-71.7401	-71.7446	-71.7432	-71.7368	-71.726	-71.7115	-71.6938	-71.6735	-71.6511	-71.6271	-71.6018	-71.5757	-71.5491	-71.5224	-71.4959	-71.4701	-71.4453	-71.4218	-71.4002	-71.3809	-71.3642	-71.3506	-71.3403	-71.3337	-71.3307	-71.3312	-71.3349	-71.3419	-71.3523
3.025	-71.5684	-71.5952	-71.6321	-71.6686	-71.7003	-71.7254	-71.7433	-71.7543	-71.7588	-71.7576	-71.7513	-71.7406	-71.7262	-71.7087	-71.6885	-71.6663	-71.6424	-71.6173	-71.5913	-71.5649	-71.5384	-71.5121	-71.4864	-71.4618	-71.4385	-71.4171	-71.3979	-71.3813	-71.3678	-71.3576	-71.3511	-71.3481	-71.3487	-71.3524	-71.3594	-71.3699
3.03	-71.5823	-71.6091	-71.646	-71.6825	-71.7142	-71.7393	-71.7573	-71.7684	-71.773	-71.7719	-71.7657	-71.7551	-71.7409	-71.7235	-71.7035	-71.6814	-71.6577	-71.6327	-71.6069	-71.5807	-71.5543	-71.5282	-71.5027	-71.4782	-71.4551	-71.4338	-71.4147	-71.3983	-71.3849	-71.3749	-71.3684	-71.3655	-71.3661	-71.3699	-71.3769	-71.3873
3.035	-71.5961	-71.6229	-71.6598	-71.6963	-71.7281	-71.7532	-71.7713	-71.7824	-71.7871	-71.7861	-71.78	-71.7696	-71.7555	-71.7382	-71.7184	-71.6964	-71.6729	-71.6481	-71.6224	-71.5963	-71.5701	-71.5442	-71.5188	-71.4945	-71.4716	-71.4504	-71.4315	-71.4152	-71.4019	-71.392	-71.3856	-71.3828	-71.3834	-71.3872	-71.3942	-71.4046
3.04	-71.6099	-71.6367	-71.6736	-71.7101	-71.7419	-71.7671	-71.7852	-71.7964	-71.8012	-71.8003	-71.7943	-71.784	-71.77	-71.7529	-71.7332	-71.7114	-71.688	-71.6634	-71.6379	-71.6119	-71.5859	-71.5601	-71.5349	-71.5108	-71.488	-71.467	-71.4482	-71.432	-71.4188	-71.409	-71.4027	-71.3999	-71.4006	-71.4045	-71.4115	-71.4219
3.045	-71.6235	-71.6504	-71.6873	-71.7238	-71.7556	-71.7809	-71.799	-71.8103	-71.8152	-71.8144	-71.8085	-71.7983	-71.7845	-71.7675	-71.7479	-71.7263	-71.703	-71.6786	-71.6533	-71.6275	-71.6016	-71.576	-71.5509	-71.5269	-71.5043	-71.4834	-71.4648	-71.4487	-71.4357	-71.4259	-71.4197	-71.417	-71.4177	-71.4216	-71.4286	-71.439
3.05	-71.6372	-71.6641	-71.701	-71.7375	-71.7693	-71.7946	-71.8128	-71.8242	-71.8291	-71.8284	-71.8227	-71.8126	-71.7989	-71.782	-71.7626	-71.7411	-71.718	-71.6937	-71.6685	-71.6429	-71.6172	-71.5917	-71.5669	-71.543	-71.5205	-71.4998	-71.4813	-71.4654	-71.4524	-71.4428	-71.4366	-71.434	-71.4348	-71.4387	-71.4457	-71.4561
3.055	-71.6507	-71.6777	-71.7145	-71.7511	-71.7829	-71.8083	-71.8265	-71.8379	-71.843	-71.8424	-71.8367	-71.8268	-71.8132	-71.7965	-71.7772	-71.7559	-71.7329	-71.7088	-71.6838	-71.6583	-71.6328	-71.6074	-71.5827	-71.559	-71.5367	-71.5161	-71.4977	-71.4819	-71.4691	-71.4595	-71.4535	-71.4509	-71.4517	-71.4556	-71.4627	-71.473
3.06	-71.6643	-71.6912	-71.7281	-71.7646	-71.7965	-71.8219	-71.8402	-71.8517	-71.8568	-71.8563	-71.8508	-71.8409	-71.8275	-71.8109	-71.7918	-71.7706	-71.7478	-71.7238	-71.6989	-71.6736	-71.6482	-71.6231	-71.5985	-71.575	-71.5527	-71.5323	-71.5141	-71.4984	-71.4857	-71.4762	-71.4702	-71.4677	-71.4686	-71.4725	-71.4795	-71.4899
3.065	-71.6777	-71.7047	-71.7416	-71.7781	-71.81	-71.8354	-71.8538	-71.8653	-71.8706	-71.8701	-71.8647	-71.855	-71.8417	-71.8252	-71.8062	-71.7852	-71.7625	-71.7387	-71.714	-71.6889	-71.6636	-71.6386	-71.6142	-71.5908	-71.5687	-71.5485	-71.5303	-71.5148	-71.5022	-71.4928	-71.4869	-71.4844	-71.4853	-71.4893	-71.4963	-71.5067
3.07	-71.6911	-71.7181	-71.755	-71.7916	-71.8235	-71.8489	-71.8673	-71.879	-71.8843	-71.8839	-71.8786	-71.869	-71.8558	-71.8395	-71.8206	-71.7997	-71.7772	-71.7535	-71.729	-71.704	-71.6789	-71.6541	-71.6298	-71.6066	-71.5847	-71.5645	-71.5465	-71.5311	-71.5186	-71.5093	-71.5035	-71.5011	-71.502	-71.506	-71.513	-71.5234
3.075	-71.7045	-71.7315	-71.7684	-71.805	-71.8369	-71.8623	-71.8808	-71.8925	-71.8979	-71.8977	-71.8925	-71.883	-71.8699	-71.8537	-71.835	-71.8142	-71.7919	-71.7683	-71.7439	-71.7191	-71.6942	-71.6695	-71.6454	-71.6223	-71.6005	-71.5805	-71.5626	-71.5473	-71.5349	-71.5257	-71.5199	-71.5176	-71.5186	-71.5226	-71.5296	-71.54
3.08	-71.7178	-71.7448	-71.7817	-71.8183	-71.8502	-71.8757	-71.8943	-71.906	-71.9115	-71.9113	-71.9062	-71.8969	-71.8839	-71.8678	-71.8493	-71.8287	-71.8064	-71.783	-71.7588	-71.7341	-71.7093	-71.6848	-71.6608	-71.6379	-71.6162	-71.5964	-71.5786	-71.5634	-71.5511	-71.542	-71.5363	-71.5341	-71.5351	-71.5391	-71.5462	-71.5565
3.085	-71.731	-71.758	-71.795	-71.8315	-71.8635	-71.889	-71.9076	-71.9194	-71.925	-71.9249	-71.92	-71.9107	-71.8978	-71.8819	-71.8635	-71.843	-71.8209	-71.7977	-71.7736	-71.7491	-71.7244	-71.7	-71.6762	-71.6534	-71.6319	-71.6122	-71.5946	-71.5795	-71.5673	-71.5583	-71.5527	-71.5504	-71.5515	-71.5555	-71.5626	-71.5729
3.09	-71.7442	-71.7712	-71.8082	-71.8448	-71.8767	-71.9023	-71.9209	-71.9328	-71.9385	-71.9385	-71.9336	-71.9245	-71.9117	-71.8959	-71.8776	-71.8573	-71.8354	-71.8122	-71.7883	-71.7639	-71.7394	-71.7152	-71.6916	-71.6689	-71.6475	-71.6279	-71.6104	-71.5954	-71.5834	-71.5744	-71.5689	-71.5667	-71.5678	-71.5719	-71.5789	-71.5892
3.095	-71.7573	-71.7844	-71.8213	-71.8579	-71.8899	-71.9155	-71.9342	-71.9462	-71.9519	-71.952	-71.9472	-71.9382	-71.9256	-71.9099	-71.8917	-71.8715	-71.8497	-71.8268	-71.803	-71.7787	-71.7544	-71.7303	-71.7068	-71.6842	-71.663	-71.6436	-71.6262	-71.6113	-71.5993	-71.5905	-71.585	-71.5829	-71.584	-71.5882	-71.5952	-71.6055
3.1	-71.7704	-71.7975	-71.8344	-71.871	-71.9031	-71.9287	-71.9474	-71.9594	-71.9652	-71.9654	-71.9607	-71.9518	-71.9393	-71.9238	-71.9057	-71.8857	-71.864	-71.8412	-71.8176	-71.7935	-71.7693	-71.7453	-71.722	-71.6996	-71.6785	-71.6591	-71.6419	-71.6272	-71.6153	-71.6065	-71.6011	-71.5991	-71.6002	-71.6043	-71.6114	-71.6217
3.105	-71.7835	-71.8105	-71.8475	-71.8841	-71.9161	-71.9418	-71.9606	-71.9726	-71.9785	-71.9788	-71.9742	-71.9654	-71.953	-71.9376	-71.9197	-71.8998	-71.8783	-71.8556	-71.8321	-71.8081	-71.7841	-71.7603	-71.7371	-71.7148	-71.6939	-71.6746	-71.6575	-71.6429	-71.6311	-71.6224	-71.6171	-71.6151	-71.6163	-71.6204	-71.6275	-71.6378
3.11	-71.7964	-71.8235	-71.8605	-71.8971	-71.9291	-71.9548	-71.9737	-71.9858	-71.9917	-71.9921	-71.9876	-71.979	-71.9667	-71.9514	-71.9336	-71.9138	-71.8924	-71.8699	-71.8465	-71.8227	-71.7988	-71.7752	-71.7521	-71.73	-71.7092	-71.6901	-71.6731	-71.6585	-71.6468	-71.6383	-71.633	-71.631	-71.6323	-71.6364	-71.6435	-71.6538
3.115	-71.8094	-71.8365	-71.8734	-71.91	-71.9421	-71.9678	-71.9867	-71.9989	-72.0049	-72.0054	-72.001	-71.9924	-71.9803	-71.9651	-71.9474	-71.9278	-71.9066	-71.8841	-71.8609	-71.8373	-71.8135	-71.79	-71.767	-71.7451	-71.7244	-71.7054	-71.6885	-71.6741	-71.6625	-71.654	-71.6488	-71.6469	-71.6482	-71.6524	-71.6594	-71.6697
3.12	-71.8222	-71.8493	-71.8863	-71.9229	-71.955	-71.9808	-71.9997	-72.0119	-72.018	-72.0186	-72.0143	-72.0059	-71.9938	-71.9788	-71.9612	-71.9417	-71.9206	-71.8983	-71.8753	-71.8517	-71.8281	-71.8047	-71.7819	-71.7601	-71.7395	-71.7207	-71.7039	-71.6896	-71.6781	-71.6697	-71.6646	-71.6627	-71.664	-71.6682	-71.6753	-71.6855
3.125	-71.8351	-71.8622	-71.8991	-71.9358	-71.9679	-71.9937	-72.0126	-72.0249	-72.0311	-72.0318	-72.0276	-72.0192	-72.0073	-71.9923	-71.975	-71.9556	-71.9346	-71.9124	-71.8895	-71.8661	-71.8426	-71.8194	-71.7967	-71.775	-71.7546	-71.7359	-71.7192	-71.705	-71.6936	-71.6853	-71.6802	-71.6784	-71.6797	-71.684	-71.6911	-71.7013
3.13	-71.8478	-71.875	-71.9119	-71.9486	-71.9807	-72.0065	-72.0255	-72.0379	-72.0441	-72.0449	-72.0408	-72.0325	-72.0207	-72.0059	-71.9886	-71.9693	-71.9485	-71.9265	-71.9037	-71.8805	-71.8571	-71.834	-71.8115	-71.7899	-71.7696	-71.751	-71.7345	-71.7204	-71.7091	-71.7008	-71.6958	-71.6941	-71.6954	-71.6997	-71.7067	-71.7169
3.135	-71.8605	-71.8877	-71.9246	-71.9613	-71.9934	-72.0193	-72.0383	-72.0508	-72.0571	-72.0579	-72.0539	-72.0458	-72.034	-72.0194	-72.0022	-71.9831	-71.9624	-71.9405	-71.9178	-71.8947	-71.8715	-71.8486	-71.8262	-71.8047	-71.7846	-71.7661	-71.7497	-71.7357	-71.7244	-71.7163	-71.7113	-71.7096	-71.711	-71.7153	-71.7224	-71.7326
3.14	-71.8732	-71.9004	-71.9373	-71.974	-72.0061	-72.032	-72.0511	-72.0636	-72.07	-72.0709	-72.067	-72.059	-72.0474	-72.0328	-72.0158	-71.9967	-71.9762	-71.9544	-71.9319	-71.9089	-71.8859	-71.863	-71.8408	-71.8195	-71.7994	-71.7811	-71.7648	-71.7509	-71.7397	-71.7316	-71.7268	-71.7251	-71.7265	-71.7308	-71.7379	-71.7481
3.145	-71.8858	-71.913	-71.95	-71.9866	-72.0188	-72.0447	-72.0638	-72.0764	-72.0829	-72.0839	-72.08	-72.0721	-72.0606	-72.0461	-72.0292	-72.0104	-71.9899	-71.9683	-71.9459	-71.9231	-71.9001	-71.8774	-71.8553	-71.8341	-71.8142	-71.796	-71.7798	-71.766	-71.755	-71.7469	-71.7421	-71.7405	-71.742	-71.7463	-71.7533	-71.7635
3.15	-71.8984	-71.9256	-71.9626	-71.9992	-72.0314	-72.0573	-72.0765	-72.0891	-72.0957	-72.0967	-72.093	-72.0852	-72.0738	-72.0594	-72.0427	-72.0239	-72.0036	-71.9821	-71.9599	-71.9372	-71.9144	-71.8918	-71.8698	-71.8487	-71.829	-71.8108	-71.7947	-71.781	-71.7701	-71.7622	-71.7574	-71.7558	-71.7573	-71.7616	-71.7687	-71.7789
3.155	-71.9109	-71.9381	-71.9751	-72.0118	-72.044	-72.0699	-72.0891	-72.1018	-72.1084	-72.1096	-72.1059	-72.0982	-72.0869	-72.0727	-72.056	-72.0374	-72.0172	-71.9959	-71.9737	-71.9512	-71.9285	-71.9061	-71.8842	-71.8633	-71.8436	-71.8256	-71.8096	-71.796	-71.7852	-71.7773	-71.7726	-71.7711	-71.7726	-71.7769	-71.784	-71.7942
3.16	-71.9234	-71.9506	-71.9876	-72.0242	-72.0565	-72.0825	-72.1017	-72.1144	-72.1211	-72.1224	-72.1188	-72.1112	-72.1	-72.0859	-72.0693	-72.0508	-72.0308	-72.0096	-71.9876	-71.9651	-71.9426	-71.9203	-71.8986	-71.8777	-71.8582	-71.8403	-71.8244	-71.8109	-71.8002	-71.7924	-71.7878	-71.7863	-71.7878	-71.7922	-71.7992	-71.8094
3.165	-71.9358	-71.9631	-72	-72.0367	-72.0689	-72.0949	-72.1143	-72.127	-72.1338	-72.1351	-72.1316	-72.1241	-72.113	-72.099	-72.0826	-72.0642	-72.0443	-72.0232	-72.0013	-71.979	-71.9566	-71.9344	-71.9128	-71.8921	-71.8727	-71.8549	-71.8392	-71.8258	-71.8151	-71.8074	-71.8028	-71.8014	-71.8029	-71.8073	-71.8144	-71.8245
3.17	-71.9482	-71.9755	-72.0124	-72.0491	-72.0813	-72.1074	-72.1267	-72.1396	-72.1464	-72.1478	-72.1444	-72.137	-72.126	-72.1121	-72.0958	-72.0775	-72.0577	-72.0368	-72.015	-71.9928	-71.9706	-71.9485	-71.927	-71.9065	-71.8872	-71.8695	-71.8539	-71.8406	-71.8299	-71.8223	-71.8178	-71.8164	-71.818	-71.8224	-71.8295	-71.8396
3.175	-71.9605	-71.9878	-72.0248	-72.0614	-72.0937	-72.1198	-72.1392	-72.152	-72.1589	-72.1604	-72.1571	-72.1498	-72.1389	-72.1251	-72.1089	-72.0908	-72.0711	-72.0503	-72.0287	-72.0066	-71.9845	-71.9625	-71.9412	-71.9208	-71.9016	-71.884	-71.8685	-71.8553	-71.8447	-71.8372	-71.8327	-71.8314	-71.833	-71.8374	-71.8445	-71.8546
3.18	-71.9728	-72.0001	-72.037	-72.0737	-72.106	-72.1321	-72.1515	-72.1645	-72.1714	-72.173	-72.1698	-72.1625	-72.1518	-72.1381	-72.122	-72.104	-72.0844	-72.0637	-72.0422	-72.0203	-71.9983	-71.9765	-71.9553	-71.935	-71.9159	-71.8985	-71.883	-71.8699	-71.8595	-71.852	-71.8476	-71.8463	-71.8479	-71.8523	-71.8594	-71.8695
3.185	-71.9851	-72.0124	-72.0493	-72.086	-72.1183	-72.1444	-72.1639	-72.1769	-72.1839	-72.1855	-72.1824	-72.1752	-72.1646	-72.151	-72.1351	-72.1171	-72.0977	-72.0771	-72.0558	-72.034	-72.0121	-71.9904	-71.9693	-71.9491	-71.9302	-71.9128	-71.8975	-71.8845	-71.8741	-71.8667	-71.8623	-71.8611	-71.8628	-71.8672	-71.8743	-71.8843
3.19	-71.9973	-72.0246	-72.0615	-72.0982	-72.1305	-72.1566	-72.1761	-72.1892	-72.1963	-72.198	-72.195	-72.1879	-72.1774	-72.1639	-72.148	-72.1302	-72.1109	-72.0905	-72.0692	-72.0476	-72.0258	-72.0042	-71.9833	-71.9632	-71.9444	-71.9271	-71.9119	-71.8989	-71.8887	-71.8813	-71.877	-71.8758	-71.8775	-71.882	-71.889	-71.8991
3.195	-72.0094	-72.0367	-72.0737	-72.1103	-72.1426	-72.1688	-72.1884	-72.2015	-72.2086	-72.2104	-72.2075	-72.2005	-72.1901	-72.1767	-72.161	-72.1433	-72.1241	-72.1037	-72.0826	-72.0611	-72.0394	-72.018	-71.9972	-71.9772	-71.9585	-71.9414	-71.9262	-71.9134	-71.9032	-71.8959	-71.8917	-71.8905	-71.8922	-71.8967	-71.9038	-71.9138
3.2	-72.0215	-72.0488	-72.0858	-72.1225	-72.1548	-72.181	-72.2006	-72.2137	-72.2209	-72.2228	-72.2199	-72.2131	-72.2027	-72.1895	-72.1738	-72.1563	-72.1372	-72.117	-72.096	-72.0746	-72.053	-72.0317	-72.011	-71.9911	-71.9725	-71.9555	-71.9405	-71.9277	-71.9176	-71.9104	-71.9062	-71.9051	-71.9069	-71.9113	-71.9184	-71.9285
3.205	-72.0336	-72.0609	-72.0978	-72.1345	-72.1668	-72.1931	-72.2127	-72.2259	-72.2332	-72.2351	-72.2324	-72.2256	-72.2153	-72.2022	-72.1867	-72.1692	-72.1502	-72.1301	-72.1093	-72.088	-72.0666	-72.0454	-72.0248	-72.005	-71.9865	-71.9696	-71.9547	-71.942	-71.932	-71.9249	-71.9207	-71.9196	-71.9214	-71.9259	-71.933	-71.943
3.21	-72.0456	-72.0729	-72.1099	-72.1465	-72.1789	-72.2051	-72.2248	-72.2381	-72.2454	-72.2474	-72.2447	-72.238	-72.2279	-72.2149	-72.1994	-72.1821	-72.1632	-72.1433	-72.1225	-72.1013	-72.08	-72.059	-72.0385	-72.0189	-72.0005	-71.9837	-71.9688	-71.9563	-71.9463	-71.9392	-71.9352	-71.9341	-71.9359	-71.9404	-71.9475	-71.9575
3.215	-72.0575	-72.0849	-72.1218	-72.1585	-72.1909	-72.2171	-72.2368	-72.2502	-72.2575	-72.2596	-72.257	-72.2504	-72.2404	-72.2275	-72.2122	-72.1949	-72.1762	-72.1563	-72.1357	-72.1146	-72.0935	-72.0725	-72.0521	-72.0326	-72.0144	-71.9977	-71.9829	-71.9704	-71.9606	-71.9535	-71.9495	-71.9485	-71.9503	-71.9548	-71.9619	-71.9719
3.22	-72.0695	-72.0968	-72.1338	-72.1704	-72.2028	-72.2291	-72.2488	-72.2622	-72.2697	-72.2718	-72.2693	-72.2628	-72.2528	-72.24	-72.2248	-72.2077	-72.1891	-72.1693	-72.1488	-72.1279	-72.1068	-72.086	-72.0657	-72.0463	-72.0282	-72.0116	-71.9969	-71.9845	-71.9747	-71.9678	-71.9638	-71.9628	-71.9647	-71.9692	-71.9763	-71.9863
3.225	-72.0813	-72.1087	-72.1456	-72.1823	-72.2147	-72.241	-72.2608	-72.2742	-72.2817	-72.2839	-72.2815	-72.2751	-72.2652	-72.2525	-72.2374	-72.2204	-72.2019	-72.1823	-72.1619	-72.1411	-72.1201	-72.0994	-72.0793	-72.06	-72.0419	-72.0255	-72.0109	-71.9986	-71.9889	-71.982	-71.9781	-71.9771	-71.979	-71.9835	-71.9906	-72.0006
3.23	-72.0932	-72.1206	-72.1575	-72.1942	-72.2266	-72.2529	-72.2727	-72.2862	-72.2937	-72.296	-72.2937	-72.2874	-72.2776	-72.265	-72.25	-72.2331	-72.2147	-72.1952	-72.1749	-72.1542	-72.1334	-72.1128	-72.0928	-72.0736	-72.0556	-72.0392	-72.0248	-72.0126	-72.0029	-71.9961	-71.9922	-71.9913	-71.9932	-71.9977	-72.0048	-72.0148
3.235	-72.105	-72.1324	-72.1693	-72.206	-72.2384	-72.2647	-72.2846	-72.2981	-72.3057	-72.3081	-72.3058	-72.2996	-72.2899	-72.2774	-72.2625	-72.2457	-72.2274	-72.208	-72.1879	-72.1673	-72.1466	-72.1261	-72.1062	-72.0871	-72.0693	-72.053	-72.0386	-72.0265	-72.0169	-72.0101	-72.0063	-72.0054	-72.0074	-72.0119	-72.019	-72.029
3.24	-72.1167	-72.1441	-72.181	-72.2177	-72.2501	-72.2765	-72.2964	-72.31	-72.3176	-72.3201	-72.3179	-72.3117	-72.3022	-72.2897	-72.275	-72.2583	-72.2401	-72.2208	-72.2008	-72.1803	-72.1597	-72.1394	-72.1195	-72.1006	-72.0828	-72.0667	-72.0524	-72.0403	-72.0308	-72.0241	-72.0204	-72.0195	-72.0215	-72.026	-72.0331	-72.043
3.245	-72.1284	-72.1558	-72.1928	-72.2294	-72.2618	-72.2882	-72.3082	-72.3218	-72.3295	-72.332	-72.3299	-72.3238	-72.3144	-72.302	-72.2874	-72.2708	-72.2527	-72.2336	-72.2136	-72.1933	-72.1728	-72.1525	-72.1328	-72.114	-72.0964	-72.0803	-72.0661	-72.0541	-72.0447	-72.038	-72.0343	-72.0335	-72.0355	-72.04	-72.0471	-72.0571
3.25	-72.1401	-72.1675	-72.2044	-72.2411	-72.2735	-72.2999	-72.3199	-72.3335	-72.3414	-72.3439	-72.3419	-72.3359	-72.3265	-72.3143	-72.2997	-72.2833	-72.2653	-72.2462	-72.2264	-72.2062	-72.1858	-72.1657	-72.1461	-72.1274	-72.1098	-72.0938	-72.0797	-72.0678	-72.0585	-72.0519	-72.0482	-72.0475	-72.0495	-72.054	-72.0611	-72.071
3.255	-72.1517	-72.1791	-72.216	-72.2527	-72.2852	-72.3116	-72.3316	-72.3453	-72.3532	-72.3558	-72.3539	-72.3479	-72.3386	-72.3265	-72.312	-72.2957	-72.2778	-72.2589	-72.2392	-72.219	-72.1988	-72.1788	-72.1593	-72.1407	-72.1232	-72.1073	-72.0933	-72.0815	-72.0722	-72.0657	-72.0621	-72.0614	-72.0634	-72.0679	-72.075	-72.0849
3.26	-72.1633	-72.1907	-72.2276	-72.2643	-72.2967	-72.3232	-72.3432	-72.357	-72.3649	-72.3676	-72.3657	-72.3599	-72.3507	-72.3387	-72.3243	-72.3081	-72.2903	-72.2715	-72.2519	-72.2318	-72.2117	-72.1918	-72.1724	-72.1539	-72.1366	-72.1208	-72.1068	-72.0951	-72.0859	-72.0794	-72.0759	-72.0752	-72.0772	-72.0818	-72.0889	-72.0988
3.265	-72.1748	-72.2023	-72.2392	-72.2759	-72.3083	-72.3348	-72.3548	-72.3686	-72.3766	-72.3794	-72.3776	-72.3718	-72.3627	-72.3508	-72.3365	-72.3204	-72.3027	-72.284	-72.2645	-72.2446	-72.2246	-72.2048	-72.1855	-72.1671	-72.1498	-72.1341	-72.1203	-72.1087	-72.0995	-72.0931	-72.0896	-72.0889	-72.091	-72.0956	-72.1027	-72.1125
3.27	-72.1863	-72.2138	-72.2507	-72.2874	-72.3198	-72.3463	-72.3664	-72.3802	-72.3883	-72.3911	-72.3894	-72.3837	-72.3747	-72.3629	-72.3487	-72.3326	-72.3151	-72.2965	-72.2771	-72.2573	-72.2374	-72.2177	-72.1985	-72.1802	-72.1631	-72.1475	-72.1337	-72.1221	-72.1131	-72.1067	-72.1032	-72.1026	-72.1047	-72.1093	-72.1164	-72.1262
3.275	-72.1978	-72.2253	-72.2621	-72.2988	-72.3313	-72.3578	-72.3779	-72.3918	-72.3999	-72.4028	-72.4012	-72.3956	-72.3866	-72.3749	-72.3608	-72.3449	-72.3274	-72.3089	-72.2896	-72.2699	-72.2501	-72.2306	-72.2115	-72.1933	-72.1763	-72.1607	-72.1471	-72.1356	-72.1266	-72.1203	-72.1169	-72.1163	-72.1184	-72.123	-72.13	-72.1399
3.28	-72.2092	-72.2367	-72.2736	-72.3102	-72.3427	-72.3692	-72.3894	-72.4033	-72.4115	-72.4144	-72.4129	-72.4074	-72.3985	-72.3869	-72.3729	-72.357	-72.3397	-72.3213	-72.3021	-72.2825	-72.2629	-72.2434	-72.2244	-72.2063	-72.1894	-72.1739	-72.1604	-72.1489	-72.14	-72.1338	-72.1304	-72.1298	-72.132	-72.1366	-72.1436	-72.1535
3.285	-72.2206	-72.2481	-72.2849	-72.3216	-72.3541	-72.3806	-72.4008	-72.4148	-72.423	-72.426	-72.4245	-72.4191	-72.4104	-72.3988	-72.3849	-72.3692	-72.352	-72.3336	-72.3146	-72.2951	-72.2755	-72.2561	-72.2373	-72.2193	-72.2024	-72.1871	-72.1736	-72.1623	-72.1534	-72.1472	-72.1439	-72.1433	-72.1455	-72.1501	-72.1572	-72.167
3.29	-72.2319	-72.2594	-72.2963	-72.333	-72.3654	-72.392	-72.4122	-72.4262	-72.4345	-72.4376	-72.4362	-72.4308	-72.4222	-72.4107	-72.3969	-72.3812	-72.3641	-72.3459	-72.327	-72.3076	-72.2881	-72.2688	-72.2501	-72.2322	-72.2154	-72.2002	-72.1868	-72.1755	-72.1667	-72.1606	-72.1573	-72.1568	-72.159	-72.1636	-72.1706	-72.1805
3.295	-72.2432	-72.2707	-72.3076	-72.3442	-72.3767	-72.4033	-72.4236	-72.4376	-72.4459	-72.4491	-72.4477	-72.4425	-72.4339	-72.4225	-72.4088	-72.3933	-72.3763	-72.3582	-72.3393	-72.32	-72.3007	-72.2815	-72.2628	-72.245	-72.2284	-72.2132	-72.1999	-72.1887	-72.18	-72.1739	-72.1707	-72.1702	-72.1724	-72.177	-72.1841	-72.1939
3.3	-72.2545	-72.282	-72.3188	-72.3555	-72.388	-72.4146	-72.4349	-72.449	-72.4573	-72.4606	-72.4593	-72.4541	-72.4456	-72.4343	-72.4207	-72.4053	-72.3884	-72.3704	-72.3516	-72.3324	-72.3132	-72.2941	-72.2756	-72.2578	-72.2413	-72.2262	-72.213	-72.2019	-72.1932	-72.1872	-72.184	-72.1835	-72.1857	-72.1904	-72.1974	-72.2072
3.305	-72.2657	-72.2932	-72.3301	-72.3667	-72.3992	-72.4258	-72.4462	-72.4603	-72.4687	-72.472	-72.4708	-72.4657	-72.4573	-72.4461	-72.4326	-72.4172	-72.4004	-72.3825	-72.3638	-72.3448	-72.3256	-72.3067	-72.2882	-72.2706	-72.2541	-72.2392	-72.226	-72.215	-72.2063	-72.2004	-72.1972	-72.1968	-72.199	-72.2037	-72.2107	-72.2205
3.31	-72.2769	-72.3044	-72.3412	-72.3779	-72.4104	-72.437	-72.4574	-72.4716	-72.48	-72.4834	-72.4822	-72.4772	-72.4689	-72.4578	-72.4444	-72.4291	-72.4124	-72.3946	-72.376	-72.3571	-72.338	-72.3192	-72.3008	-72.2833	-72.2669	-72.252	-72.2389	-72.228	-72.2194	-72.2135	-72.2104	-72.21	-72.2123	-72.2169	-72.224	-72.2337
3.315	-72.288	-72.3155	-72.3524	-72.389	-72.4215	-72.4482	-72.4686	-72.4828	-72.4913	-72.4947	-72.4937	-72.4887	-72.4805	-72.4694	-72.4561	-72.441	-72.4243	-72.4066	-72.3882	-72.3693	-72.3504	-72.3316	-72.3134	-72.2959	-72.2797	-72.2649	-72.2518	-72.241	-72.2325	-72.2266	-72.2235	-72.2232	-72.2254	-72.2301	-72.2371	-72.2469
3.32	-72.2991	-72.3266	-72.3635	-72.4001	-72.4326	-72.4593	-72.4797	-72.494	-72.5025	-72.506	-72.505	-72.5002	-72.492	-72.481	-72.4678	-72.4528	-72.4362	-72.4186	-72.4003	-72.3815	-72.3627	-72.344	-72.3259	-72.3085	-72.2924	-72.2776	-72.2647	-72.2539	-72.2455	-72.2397	-72.2366	-72.2363	-72.2386	-72.2432	-72.2503	-72.26
3.325	-72.3102	-72.3377	-72.3745	-72.4112	-72.4437	-72.4704	-72.4908	-72.5051	-72.5137	-72.5173	-72.5164	-72.5116	-72.5035	-72.4926	-72.4795	-72.4645	-72.4481	-72.4306	-72.4124	-72.3937	-72.3749	-72.3564	-72.3383	-72.3211	-72.305	-72.2903	-72.2775	-72.2668	-72.2584	-72.2526	-72.2496	-72.2493	-72.2516	-72.2563	-72.2633	-72.2731
3.33	-72.3212	-72.3488	-72.3856	-72.4222	-72.4547	-72.4815	-72.5019	-72.5162	-72.5249	-72.5285	-72.5276	-72.5229	-72.5149	-72.5042	-72.4911	-72.4762	-72.4599	-72.4425	-72.4244	-72.4058	-72.3871	-72.3687	-72.3507	-72.3336	-72.3176	-72.303	-72.2902	-72.2796	-72.2713	-72.2656	-72.2626	-72.2623	-72.2646	-72.2693	-72.2763	-72.2861
3.335	-72.3322	-72.3597	-72.3966	-72.4332	-72.4657	-72.4925	-72.5129	-72.5273	-72.536	-72.5397	-72.5389	-72.5342	-72.5263	-72.5156	-72.5027	-72.4879	-72.4717	-72.4544	-72.4363	-72.4179	-72.3993	-72.3809	-72.3631	-72.346	-72.3301	-72.3156	-72.3029	-72.2923	-72.2841	-72.2785	-72.2755	-72.2753	-72.2776	-72.2823	-72.2893	-72.299
3.34	-72.3431	-72.3707	-72.4075	-72.4442	-72.4767	-72.5034	-72.5239	-72.5383	-72.5471	-72.5508	-72.5501	-72.5455	-72.5377	-72.5271	-72.5142	-72.4995	-72.4834	-72.4662	-72.4482	-72.4299	-72.4114	-72.3931	-72.3754	-72.3584	-72.3426	-72.3282	-72.3156	-72.305	-72.2969	-72.2913	-72.2884	-72.2882	-72.2905	-72.2952	-72.3022	-72.3119
3.345	-72.3541	-72.3816	-72.4184	-72.4551	-72.4876	-72.5144	-72.5349	-72.5493	-72.5582	-72.5619	-72.5613	-72.5568	-72.549	-72.5385	-72.5257	-72.5111	-72.4951	-72.478	-72.4601	-72.4418	-72.4235	-72.4053	-72.3876	-72.3708	-72.355	-72.3407	-72.3282	-72.3177	-72.3096	-72.304	-72.3012	-72.301	-72.3033	-72.308	-72.315	-72.3247
3.35	-72.3649	-72.3925	-72.4293	-72.4659	-72.4985	-72.5252	-72.5458	-72.5603	-72.5692	-72.573	-72.5724	-72.568	-72.5603	-72.5499	-72.5372	-72.5227	-72.5067	-72.4897	-72.4719	-72.4538	-72.4355	-72.4174	-72.3998	-72.383	-72.3674	-72.3532	-72.3407	-72.3303	-72.3222	-72.3167	-72.3139	-72.3138	-72.3161	-72.3208	-72.3278	-72.3375
3.355	-72.3758	-72.4034	-72.4402	-72.4768	-72.5093	-72.5361	-72.5567	-72.5712	-72.5801	-72.584	-72.5835	-72.5791	-72.5715	-72.5612	-72.5486	-72.5341	-72.5183	-72.5014	-72.4837	-72.4656	-72.4475	-72.4295	-72.412	-72.3953	-72.3797	-72.3656	-72.3532	-72.3428	-72.3349	-72.3294	-72.3266	-72.3265	-72.3289	-72.3336	-72.3406	-72.3502
3.36	-72.3866	-72.4142	-72.451	-72.4876	-72.5201	-72.5469	-72.5675	-72.5821	-72.5911	-72.595	-72.5945	-72.5902	-72.5827	-72.5725	-72.5599	-72.5456	-72.5298	-72.513	-72.4954	-72.4775	-72.4594	-72.4415	-72.4241	-72.4075	-72.392	-72.3779	-72.3656	-72.3554	-72.3474	-72.342	-72.3393	-72.3392	-72.3415	-72.3462	-72.3533	-72.3629
3.365	-72.3974	-72.4249	-72.4617	-72.4983	-72.5309	-72.5577	-72.5783	-72.5929	-72.6019	-72.6059	-72.6055	-72.6013	-72.5939	-72.5837	-72.5713	-72.557	-72.5413	-72.5246	-72.5071	-72.4893	-72.4713	-72.4535	-72.4361	-72.4196	-72.4042	-72.3903	-72.378	-72.3678	-72.3599	-72.3546	-72.3519	-72.3518	-72.3542	-72.3589	-72.3659	-72.3755
3.37	-72.4081	-72.4357	-72.4725	-72.5091	-72.5416	-72.5684	-72.5891	-72.6037	-72.6128	-72.6169	-72.6165	-72.6124	-72.605	-72.5949	-72.5826	-72.5684	-72.5528	-72.5362	-72.5188	-72.501	-72.4831	-72.4654	-72.4482	-72.4317	-72.4164	-72.4025	-72.3903	-72.3802	-72.3724	-72.3671	-72.3644	-72.3643	-72.3668	-72.3715	-72.3785	-72.3881
3.375	-72.4188	-72.4464	-72.4832	-72.5198	-72.5523	-72.5791	-72.5998	-72.6145	-72.6236	-72.6277	-72.6274	-72.6234	-72.6161	-72.606	-72.5938	-72.5797	-72.5642	-72.5477	-72.5304	-72.5127	-72.4949	-72.4773	-72.4601	-72.4438	-72.4286	-72.4147	-72.4026	-72.3926	-72.3848	-72.3795	-72.3769	-72.3768	-72.3793	-72.384	-72.391	-72.4006
3.38	-72.4295	-72.4571	-72.4938	-72.5304	-72.563	-72.5898	-72.6105	-72.6252	-72.6344	-72.6385	-72.6383	-72.6343	-72.6271	-72.6172	-72.605	-72.591	-72.5756	-72.5591	-72.5419	-72.5243	-72.5066	-72.4891	-72.4721	-72.4558	-72.4407	-72.4269	-72.4149	-72.4049	-72.3971	-72.3919	-72.3893	-72.3893	-72.3918	-72.3965	-72.4035	-72.4131
3.385	-72.4401	-72.4677	-72.5044	-72.541	-72.5736	-72.6004	-72.6212	-72.6359	-72.6451	-72.6493	-72.6492	-72.6453	-72.6381	-72.6282	-72.6161	-72.6022	-72.5869	-72.5706	-72.5535	-72.5359	-72.5183	-72.5009	-72.4839	-72.4678	-72.4527	-72.439	-72.4271	-72.4171	-72.4094	-72.4043	-72.4017	-72.4017	-72.4042	-72.4089	-72.4159	-72.4255
3.39	-72.4507	-72.4783	-72.515	-72.5516	-72.5842	-72.611	-72.6318	-72.6466	-72.6558	-72.6601	-72.66	-72.6561	-72.6491	-72.6393	-72.6273	-72.6135	-72.5982	-72.5819	-72.5649	-72.5475	-72.53	-72.5126	-72.4958	-72.4797	-72.4647	-72.4511	-72.4392	-72.4293	-72.4217	-72.4166	-72.414	-72.4141	-72.4165	-72.4213	-72.4282	-72.4378
3.395	-72.4613	-72.4889	-72.5256	-72.5622	-72.5947	-72.6216	-72.6424	-72.6572	-72.6665	-72.6708	-72.6708	-72.667	-72.66	-72.6503	-72.6384	-72.6246	-72.6095	-72.5933	-72.5764	-72.559	-72.5416	-72.5243	-72.5075	-72.4915	-72.4766	-72.4631	-72.4513	-72.4415	-72.4339	-72.4288	-72.4263	-72.4264	-72.4289	-72.4336	-72.4406	-72.4501
3.4	-72.4718	-72.4994	-72.5361	-72.5727	-72.6052	-72.6321	-72.6529	-72.6678	-72.6771	-72.6815	-72.6815	-72.6778	-72.6709	-72.6612	-72.6494	-72.6357	-72.6207	-72.6046	-72.5877	-72.5705	-72.5531	-72.536	-72.5193	-72.5034	-72.4885	-72.4751	-72.4633	-72.4536	-72.4461	-72.441	-72.4386	-72.4386	-72.4411	-72.4459	-72.4528	-72.4624
3.405	-72.4823	-72.5099	-72.5466	-72.5832	-72.6157	-72.6426	-72.6635	-72.6783	-72.6877	-72.6921	-72.6922	-72.6886	-72.6817	-72.6722	-72.6604	-72.6468	-72.6319	-72.6158	-72.5991	-72.5819	-72.5647	-72.5476	-72.531	-72.5151	-72.5004	-72.487	-72.4753	-72.4656	-72.4582	-72.4532	-72.4507	-72.4509	-72.4534	-72.4581	-72.465	-72.4746
3.41	-72.4927	-72.5203	-72.557	-72.5936	-72.6262	-72.6531	-72.6739	-72.6889	-72.6983	-72.7028	-72.7029	-72.6993	-72.6925	-72.683	-72.6714	-72.6579	-72.643	-72.6271	-72.6104	-72.5933	-72.5761	-72.5592	-72.5426	-72.5269	-72.5122	-72.4989	-72.4873	-72.4776	-72.4702	-72.4653	-72.4629	-72.463	-72.4655	-72.4703	-72.4772	-72.4867
3.415	-72.5032	-72.5308	-72.5675	-72.604	-72.6366	-72.6635	-72.6844	-72.6993	-72.7088	-72.7133	-72.7135	-72.71	-72.7033	-72.6939	-72.6823	-72.6689	-72.6541	-72.6382	-72.6217	-72.6047	-72.5876	-72.5707	-72.5542	-72.5386	-72.524	-72.5107	-72.4992	-72.4896	-72.4823	-72.4773	-72.475	-72.4751	-72.4777	-72.4824	-72.4893	-72.4988
3.42	-72.5135	-72.5412	-72.5779	-72.6144	-72.6469	-72.6739	-72.6948	-72.7098	-72.7193	-72.7239	-72.7241	-72.7207	-72.714	-72.7047	-72.6932	-72.6798	-72.6651	-72.6494	-72.6329	-72.616	-72.599	-72.5822	-72.5658	-72.5502	-72.5357	-72.5225	-72.511	-72.5015	-72.4942	-72.4893	-72.487	-72.4872	-72.4897	-72.4945	-72.5014	-72.5109
3.425	-72.5239	-72.5515	-72.5882	-72.6247	-72.6573	-72.6842	-72.7052	-72.7202	-72.7297	-72.7344	-72.7347	-72.7313	-72.7247	-72.7155	-72.704	-72.6908	-72.6761	-72.6605	-72.6441	-72.6273	-72.6103	-72.5936	-72.5773	-72.5618	-72.5474	-72.5343	-72.5229	-72.5134	-72.5061	-72.5013	-72.499	-72.4992	-72.5017	-72.5065	-72.5134	-72.5229
3.43	-72.5342	-72.5619	-72.5985	-72.635	-72.6676	-72.6946	-72.7155	-72.7306	-72.7401	-72.7448	-72.7452	-72.7419	-72.7354	-72.7262	-72.7148	-72.7017	-72.6871	-72.6715	-72.6552	-72.6385	-72.6216	-72.605	-72.5888	-72.5734	-72.559	-72.546	-72.5346	-72.5252	-72.518	-72.5132	-72.5109	-72.5112	-72.5137	-72.5185	-72.5254	-72.5349
3.435	-72.5445	-72.5722	-72.6088	-72.6453	-72.6779	-72.7049	-72.7258	-72.7409	-72.7505	-72.7553	-72.7557	-72.7524	-72.746	-72.7369	-72.7256	-72.7125	-72.698	-72.6825	-72.6663	-72.6497	-72.6329	-72.6163	-72.6002	-72.5849	-72.5706	-72.5576	-72.5463	-72.537	-72.5298	-72.5251	-72.5229	-72.5231	-72.5257	-72.5304	-72.5373	-72.5468
3.44	-72.5548	-72.5824	-72.6191	-72.6556	-72.6881	-72.7151	-72.7361	-72.7512	-72.7609	-72.7657	-72.7662	-72.7629	-72.7566	-72.7475	-72.7363	-72.7233	-72.7089	-72.6935	-72.6774	-72.6608	-72.6441	-72.6276	-72.6116	-72.5963	-72.5821	-72.5692	-72.558	-72.5487	-72.5416	-72.5369	-72.5347	-72.535	-72.5375	-72.5423	-72.5492	-72.5586
3.445	-72.565	-72.5926	-72.6293	-72.6658	-72.6983	-72.7253	-72.7463	-72.7615	-72.7712	-72.776	-72.7766	-72.7734	-72.7671	-72.7582	-72.747	-72.7341	-72.7198	-72.7044	-72.6884	-72.6719	-72.6553	-72.6389	-72.623	-72.6078	-72.5936	-72.5808	-72.5696	-72.5604	-72.5534	-72.5487	-72.5465	-72.5468	-72.5494	-72.5541	-72.561	-72.5705
3.45	-72.5752	-72.6028	-72.6395	-72.6759	-72.7085	-72.7355	-72.7565	-72.7717	-72.7815	-72.7863	-72.787	-72.7839	-72.7776	-72.7687	-72.7577	-72.7448	-72.7306	-72.7153	-72.6994	-72.683	-72.6665	-72.6501	-72.6343	-72.6192	-72.6051	-72.5923	-72.5812	-72.5721	-72.5651	-72.5604	-72.5583	-72.5586	-72.5612	-72.5659	-72.5728	-72.5822
3.455	-72.5854	-72.613	-72.6496	-72.6861	-72.7187	-72.7457	-72.7667	-72.7819	-72.7917	-72.7966	-72.7973	-72.7943	-72.7881	-72.7793	-72.7683	-72.7555	-72.7414	-72.7262	-72.7103	-72.694	-72.6776	-72.6613	-72.6455	-72.6305	-72.6165	-72.6038	-72.5928	-72.5837	-72.5767	-72.5721	-72.57	-72.5703	-72.5729	-72.5777	-72.5846	-72.594
3.46	-72.5955	-72.6231	-72.6597	-72.6962	-72.7288	-72.7558	-72.7769	-72.7921	-72.8019	-72.8069	-72.8076	-72.8047	-72.7986	-72.7898	-72.7789	-72.7662	-72.7521	-72.737	-72.7212	-72.705	-72.6886	-72.6725	-72.6568	-72.6418	-72.6279	-72.6153	-72.6043	-72.5952	-72.5883	-72.5837	-72.5816	-72.582	-72.5846	-72.5894	-72.5963	-72.6056
3.465	-72.6056	-72.6332	-72.6698	-72.7063	-72.7388	-72.7659	-72.787	-72.8022	-72.8121	-72.8171	-72.8179	-72.815	-72.809	-72.8003	-72.7894	-72.7768	-72.7628	-72.7478	-72.7321	-72.7159	-72.6997	-72.6836	-72.6679	-72.6531	-72.6392	-72.6267	-72.6157	-72.6067	-72.5999	-72.5953	-72.5933	-72.5936	-72.5963	-72.601	-72.6079	-72.6173
3.47	-72.6157	-72.6433	-72.6799	-72.7163	-72.7489	-72.7759	-72.797	-72.8123	-72.8222	-72.8273	-72.8281	-72.8253	-72.8193	-72.8107	-72.7999	-72.7874	-72.7735	-72.7586	-72.7429	-72.7268	-72.7107	-72.6946	-72.6791	-72.6643	-72.6505	-72.638	-72.6272	-72.6182	-72.6114	-72.6069	-72.6049	-72.6052	-72.6079	-72.6126	-72.6195	-72.6289
3.475	-72.6257	-72.6534	-72.6899	-72.7264	-72.7589	-72.786	-72.8071	-72.8224	-72.8324	-72.8375	-72.8384	-72.8356	-72.8297	-72.8211	-72.8104	-72.798	-72.7841	-72.7693	-72.7537	-72.7377	-72.7216	-72.7057	-72.6902	-72.6754	-72.6617	-72.6493	-72.6385	-72.6296	-72.6228	-72.6184	-72.6164	-72.6168	-72.6194	-72.6242	-72.6311	-72.6404
3.48	-72.6357	-72.6634	-72.6999	-72.7364	-72.7689	-72.796	-72.8171	-72.8325	-72.8424	-72.8476	-72.8485	-72.8458	-72.84	-72.8315	-72.8209	-72.8085	-72.7947	-72.7799	-72.7644	-72.7485	-72.7325	-72.7167	-72.7013	-72.6866	-72.6729	-72.6606	-72.6498	-72.641	-72.6343	-72.6299	-72.6279	-72.6283	-72.6309	-72.6357	-72.6426	-72.6519
3.485	-72.6457	-72.6733	-72.7099	-72.7463	-72.7789	-72.8059	-72.8271	-72.8425	-72.8525	-72.8577	-72.8587	-72.856	-72.8502	-72.8418	-72.8313	-72.819	-72.8053	-72.7906	-72.7752	-72.7593	-72.7434	-72.7276	-72.7123	-72.6977	-72.6841	-72.6718	-72.6611	-72.6523	-72.6457	-72.6413	-72.6393	-72.6397	-72.6424	-72.6472	-72.654	-72.6634
3.49	-72.6557	-72.6833	-72.7198	-72.7562	-72.7888	-72.8159	-72.837	-72.8524	-72.8625	-72.8678	-72.8688	-72.8662	-72.8605	-72.8521	-72.8417	-72.8294	-72.8158	-72.8012	-72.7858	-72.7701	-72.7542	-72.7385	-72.7233	-72.7087	-72.6952	-72.683	-72.6724	-72.6636	-72.657	-72.6527	-72.6507	-72.6512	-72.6538	-72.6586	-72.6655	-72.6748
3.495	-72.6656	-72.6932	-72.7297	-72.7661	-72.7987	-72.8258	-72.847	-72.8624	-72.8725	-72.8778	-72.8789	-72.8763	-72.8707	-72.8624	-72.852	-72.8398	-72.8263	-72.8117	-72.7965	-72.7808	-72.765	-72.7494	-72.7342	-72.7197	-72.7063	-72.6942	-72.6836	-72.6749	-72.6683	-72.664	-72.6621	-72.6626	-72.6652	-72.67	-72.6768	-72.6861
3.5	-72.6755	-72.7031	-72.7396	-72.776	-72.8085	-72.8356	-72.8568	-72.8723	-72.8824	-72.8878	-72.8889	-72.8864	-72.8808	-72.8726	-72.8623	-72.8502	-72.8367	-72.8223	-72.8071	-72.7915	-72.7758	-72.7602	-72.7451	-72.7307	-72.7173	-72.7053	-72.6948	-72.6861	-72.6796	-72.6753	-72.6734	-72.6739	-72.6766	-72.6813	-72.6882	-72.6975
3.505	-72.6853	-72.713	-72.7495	-72.7858	-72.8184	-72.8455	-72.8667	-72.8822	-72.8923	-72.8977	-72.8989	-72.8965	-72.891	-72.8828	-72.8726	-72.8605	-72.8472	-72.8328	-72.8176	-72.8021	-72.7865	-72.771	-72.756	-72.7417	-72.7283	-72.7163	-72.7059	-72.6973	-72.6908	-72.6865	-72.6847	-72.6852	-72.6879	-72.6926	-72.6995	-72.7087
3.51	-72.6952	-72.7228	-72.7593	-72.7956	-72.8282	-72.8553	-72.8765	-72.892	-72.9022	-72.9077	-72.9089	-72.9065	-72.9011	-72.893	-72.8828	-72.8708	-72.8575	-72.8432	-72.8282	-72.8127	-72.7972	-72.7818	-72.7668	-72.7526	-72.7393	-72.7273	-72.717	-72.7084	-72.7019	-72.6977	-72.6959	-72.6964	-72.6991	-72.7039	-72.7107	-72.72
3.515	-72.705	-72.7326	-72.7691	-72.8054	-72.8379	-72.8651	-72.8863	-72.9019	-72.9121	-72.9176	-72.9189	-72.9165	-72.9111	-72.9031	-72.893	-72.8811	-72.8679	-72.8536	-72.8387	-72.8233	-72.8078	-72.7925	-72.7776	-72.7634	-72.7502	-72.7383	-72.728	-72.7195	-72.7131	-72.7089	-72.7071	-72.7076	-72.7104	-72.7151	-72.7219	-72.7312
3.52	-72.7147	-72.7423	-72.7788	-72.8152	-72.8477	-72.8748	-72.8961	-72.9116	-72.9219	-72.9274	-72.9288	-72.9265	-72.9212	-72.9132	-72.9032	-72.8914	-72.8782	-72.864	-72.8491	-72.8338	-72.8184	-72.8032	-72.7883	-72.7742	-72.7611	-72.7493	-72.739	-72.7306	-72.7242	-72.72	-72.7183	-72.7188	-72.7215	-72.7263	-72.7331	-72.7423
3.525	-72.7245	-72.7521	-72.7885	-72.8249	-72.8574	-72.8845	-72.9058	-72.9214	-72.9317	-72.9373	-72.9387	-72.9365	-72.9312	-72.9233	-72.9133	-72.9016	-72.8885	-72.8744	-72.8596	-72.8443	-72.829	-72.8138	-72.7991	-72.785	-72.772	-72.7602	-72.75	-72.7416	-72.7352	-72.7311	-72.7294	-72.7299	-72.7327	-72.7374	-72.7442	-72.7534
3.53	-72.7342	-72.7618	-72.7982	-72.8346	-72.8671	-72.8942	-72.9155	-72.9311	-72.9415	-72.9471	-72.9485	-72.9464	-72.9411	-72.9333	-72.9234	-72.9117	-72.8987	-72.8847	-72.8699	-72.8548	-72.8395	-72.8244	-72.8097	-72.7958	-72.7828	-72.7711	-72.7609	-72.7525	-72.7462	-72.7422	-72.7404	-72.741	-72.7437	-72.7485	-72.7553	-72.7645
3.535	-72.7439	-72.7715	-72.8079	-72.8442	-72.8767	-72.9039	-72.9252	-72.9408	-72.9512	-72.9569	-72.9584	-72.9563	-72.9511	-72.9433	-72.9335	-72.9219	-72.9089	-72.895	-72.8803	-72.8652	-72.85	-72.835	-72.8204	-72.8065	-72.7935	-72.7819	-72.7718	-72.7635	-72.7572	-72.7532	-72.7515	-72.7521	-72.7548	-72.7595	-72.7663	-72.7755
3.54	-72.7535	-72.7811	-72.8175	-72.8539	-72.8864	-72.9135	-72.9348	-72.9505	-72.9609	-72.9666	-72.9681	-72.9661	-72.961	-72.9533	-72.9435	-72.932	-72.9191	-72.9052	-72.8906	-72.8756	-72.8605	-72.8455	-72.831	-72.8171	-72.8043	-72.7927	-72.7826	-72.7744	-72.7681	-72.7641	-72.7625	-72.7631	-72.7658	-72.7705	-72.7773	-72.7865
3.545	-72.7632	-72.7908	-72.8272	-72.8634	-72.896	-72.9231	-72.9445	-72.9601	-72.9706	-72.9763	-72.9779	-72.9759	-72.9709	-72.9632	-72.9535	-72.942	-72.9292	-72.9154	-72.9009	-72.886	-72.8709	-72.856	-72.8415	-72.8278	-72.815	-72.8034	-72.7934	-72.7852	-72.779	-72.7751	-72.7734	-72.774	-72.7768	-72.7815	-72.7883	-72.7975
3.55	-72.7728	-72.8004	-72.8367	-72.873	-72.9055	-72.9327	-72.954	-72.9698	-72.9802	-72.986	-72.9876	-72.9857	-72.9807	-72.9732	-72.9635	-72.9521	-72.9393	-72.9256	-72.9111	-72.8963	-72.8813	-72.8665	-72.8521	-72.8384	-72.8256	-72.8141	-72.8042	-72.796	-72.7899	-72.7859	-72.7843	-72.7849	-72.7877	-72.7924	-72.7992	-72.8084
3.555	-72.7823	-72.8099	-72.8463	-72.8826	-72.9151	-72.9422	-72.9636	-72.9793	-72.9898	-72.9957	-72.9973	-72.9955	-72.9905	-72.983	-72.9734	-72.9621	-72.9494	-72.9357	-72.9214	-72.9066	-72.8917	-72.8769	-72.8626	-72.8489	-72.8363	-72.8248	-72.8149	-72.8068	-72.8007	-72.7968	-72.7952	-72.7958	-72.7986	-72.8033	-72.8101	-72.8192
3.56	-72.7919	-72.8195	-72.8558	-72.8921	-72.9246	-72.9517	-72.9731	-72.9889	-72.9994	-73.0053	-73.007	-73.0052	-73.0003	-72.9929	-72.9833	-72.9721	-72.9595	-72.9458	-72.9315	-72.9168	-72.902	-72.8873	-72.873	-72.8595	-72.8468	-72.8355	-72.8256	-72.8175	-72.8115	-72.8076	-72.806	-72.8067	-72.8094	-72.8142	-72.8209	-72.8301
3.565	-72.8014	-72.829	-72.8653	-72.9016	-72.9341	-72.9612	-72.9826	-72.9984	-73.009	-73.0149	-73.0167	-73.0149	-73.01	-73.0027	-72.9932	-72.982	-72.9695	-72.9559	-72.9417	-72.927	-72.9123	-72.8977	-72.8834	-72.8699	-72.8574	-72.8461	-72.8363	-72.8282	-72.8222	-72.8184	-72.8168	-72.8175	-72.8202	-72.825	-72.8317	-72.8409
3.57	-72.8109	-72.8385	-72.8748	-72.911	-72.9435	-72.9707	-72.9921	-73.0079	-73.0185	-73.0244	-73.0263	-73.0245	-73.0198	-73.0125	-73.003	-72.9919	-72.9794	-72.966	-72.9518	-72.9372	-72.9225	-72.908	-72.8938	-72.8804	-72.8679	-72.8566	-72.8469	-72.8389	-72.8329	-72.8291	-72.8276	-72.8282	-72.831	-72.8358	-72.8425	-72.8516
3.575	-72.8203	-72.8479	-72.8842	-72.9204	-72.9529	-72.9801	-73.0015	-73.0174	-73.028	-73.034	-73.0359	-73.0342	-73.0295	-73.0222	-73.0128	-73.0018	-72.9894	-72.976	-72.9619	-72.9474	-72.9327	-72.9183	-72.9042	-72.8908	-72.8784	-72.8672	-72.8575	-72.8495	-72.8436	-72.8398	-72.8383	-72.839	-72.8418	-72.8465	-72.8532	-72.8623
3.58	-72.8298	-72.8573	-72.8936	-72.9299	-72.9623	-72.9895	-73.011	-73.0268	-73.0375	-73.0435	-73.0454	-73.0438	-73.0391	-73.0319	-73.0226	-73.0116	-72.9993	-72.986	-72.9719	-72.9575	-72.9429	-72.9285	-72.9145	-72.9012	-72.8888	-72.8777	-72.868	-72.8601	-72.8542	-72.8504	-72.8489	-72.8497	-72.8524	-72.8572	-72.8639	-72.873
3.585	-72.8392	-72.8667	-72.903	-72.9392	-72.9717	-72.9989	-73.0203	-73.0362	-73.0469	-73.053	-73.0549	-73.0533	-73.0487	-73.0416	-73.0324	-73.0214	-73.0092	-72.9959	-72.9819	-72.9676	-72.9531	-72.9387	-72.9248	-72.9115	-72.8992	-72.8881	-72.8785	-72.8707	-72.8648	-72.8611	-72.8596	-72.8603	-72.8631	-72.8678	-72.8745	-72.8836
3.59	-72.8485	-72.8761	-72.9124	-72.9486	-72.981	-73.0082	-73.0297	-73.0456	-73.0563	-73.0624	-73.0644	-73.0629	-73.0583	-73.0513	-73.0421	-73.0312	-73.019	-73.0058	-72.9919	-72.9776	-72.9632	-72.9489	-72.935	-72.9218	-72.9096	-72.8985	-72.889	-72.8812	-72.8753	-72.8716	-72.8702	-72.8709	-72.8737	-72.8784	-72.8852	-72.8942
3.595	-72.8579	-72.8855	-72.9217	-72.9579	-72.9903	-73.0175	-73.039	-73.055	-73.0657	-73.0718	-73.0739	-73.0724	-73.0679	-73.0609	-73.0518	-73.041	-73.0288	-73.0157	-73.0019	-72.9876	-72.9733	-72.9591	-72.9452	-72.9321	-72.9199	-72.9089	-72.8994	-72.8917	-72.8858	-72.8822	-72.8807	-72.8815	-72.8843	-72.889	-72.8957	-72.9048
3.6	-72.8672	-72.8948	-72.931	-72.9672	-72.9996	-73.0268	-73.0483	-73.0643	-73.0751	-73.0812	-73.0833	-73.0819	-73.0775	-73.0705	-73.0614	-73.0507	-73.0386	-73.0256	-73.0118	-72.9976	-72.9833	-72.9692	-72.9554	-72.9423	-72.9302	-72.9193	-72.9098	-72.9021	-72.8963	-72.8927	-72.8913	-72.892	-72.8948	-72.8996	-72.9063	-72.9153
3.605	-72.8765	-72.9041	-72.9403	-72.9765	-73.0089	-73.0361	-73.0576	-73.0736	-73.0844	-73.0906	-73.0927	-73.0913	-73.087	-73.0801	-73.0711	-73.0604	-73.0484	-73.0354	-73.0217	-73.0076	-72.9933	-72.9793	-72.9656	-72.9526	-72.9405	-72.9296	-72.9202	-72.9125	-72.9068	-72.9032	-72.9018	-72.9025	-72.9053	-72.9101	-72.9167	-72.9258
3.61	-72.8858	-72.9134	-72.9496	-72.9857	-73.0181	-73.0453	-73.0669	-73.0828	-73.0937	-73.0999	-73.1021	-73.1008	-73.0964	-73.0896	-73.0807	-73.0701	-73.0581	-73.0452	-73.0315	-73.0175	-73.0033	-72.9893	-72.9757	-72.9627	-72.9507	-72.9399	-72.9305	-72.9229	-72.9172	-72.9136	-72.9122	-72.913	-72.9158	-72.9205	-72.9272	-72.9362
3.615	-72.8951	-72.9226	-72.9588	-72.9949	-73.0273	-73.0545	-73.0761	-73.0921	-73.103	-73.1092	-73.1115	-73.1102	-73.1059	-73.0991	-73.0902	-73.0797	-73.0678	-73.0549	-73.0414	-73.0274	-73.0133	-72.9993	-72.9858	-72.9729	-72.9609	-72.9501	-72.9408	-72.9332	-72.9275	-72.924	-72.9226	-72.9234	-72.9262	-72.931	-72.9376	-72.9466
3.62	-72.9043	-72.9318	-72.968	-73.0041	-73.0365	-73.0637	-73.0853	-73.1013	-73.1122	-73.1185	-73.1208	-73.1195	-73.1153	-73.1086	-73.0998	-73.0893	-73.0775	-73.0647	-73.0512	-73.0372	-73.0232	-73.0093	-72.9958	-72.983	-72.9711	-72.9603	-72.9511	-72.9435	-72.9379	-72.9344	-72.933	-72.9338	-72.9366	-72.9414	-72.948	-72.957
3.625	-72.9135	-72.941	-72.9772	-73.0133	-73.0457	-73.0729	-73.0945	-73.1105	-73.1214	-73.1278	-73.1301	-73.1289	-73.1247	-73.118	-73.1093	-73.0989	-73.0871	-73.0743	-73.0609	-73.0471	-73.0331	-73.0193	-73.0058	-72.993	-72.9812	-72.9705	-72.9613	-72.9538	-72.9482	-72.9447	-72.9434	-72.9442	-72.947	-72.9517	-72.9584	-72.9673
3.63	-72.9226	-72.9502	-72.9863	-73.0224	-73.0548	-73.082	-73.1036	-73.1197	-73.1306	-73.137	-73.1393	-73.1382	-73.1341	-73.1275	-73.1188	-73.1084	-73.0967	-73.084	-73.0706	-73.0569	-73.043	-73.0292	-73.0158	-73.0031	-72.9913	-72.9807	-72.9715	-72.964	-72.9584	-72.955	-72.9537	-72.9545	-72.9573	-72.962	-72.9687	-72.9776
3.635	-72.9318	-72.9593	-72.9954	-73.0315	-73.0639	-73.0911	-73.1127	-73.1288	-73.1398	-73.1462	-73.1486	-73.1475	-73.1434	-73.1369	-73.1282	-73.1179	-73.1063	-73.0937	-73.0803	-73.0666	-73.0528	-73.0391	-73.0257	-73.0131	-73.0013	-72.9908	-72.9816	-72.9742	-72.9687	-72.9652	-72.9639	-72.9648	-72.9676	-72.9723	-72.979	-72.9879
3.64	-72.9409	-72.9684	-73.0045	-73.0406	-73.073	-73.1002	-73.1218	-73.1379	-73.1489	-73.1554	-73.1578	-73.1568	-73.1527	-73.1462	-73.1376	-73.1274	-73.1158	-73.1033	-73.09	-73.0764	-73.0626	-73.0489	-73.0357	-73.0231	-73.0114	-73.0008	-72.9918	-72.9844	-72.9789	-72.9754	-72.9742	-72.975	-72.9779	-72.9826	-72.9892	-72.9981
3.645	-72.95	-72.9775	-73.0136	-73.0497	-73.082	-73.1093	-73.1309	-73.147	-73.158	-73.1645	-73.167	-73.166	-73.162	-73.1556	-73.147	-73.1368	-73.1253	-73.1128	-73.0996	-73.0861	-73.0723	-73.0587	-73.0455	-73.033	-73.0213	-73.0109	-73.0018	-72.9945	-72.989	-72.9856	-72.9844	-72.9852	-72.9881	-72.9928	-72.9994	-73.0083
3.65	-72.9591	-72.9866	-73.0227	-73.0587	-73.0911	-73.1183	-73.1399	-73.156	-73.1671	-73.1736	-73.1761	-73.1752	-73.1713	-73.1649	-73.1564	-73.1463	-73.1348	-73.1224	-73.1093	-73.0957	-73.0821	-73.0685	-73.0554	-73.0429	-73.0313	-73.0209	-73.0119	-73.0046	-72.9992	-72.9958	-72.9945	-72.9954	-72.9983	-73.003	-73.0096	-73.0185
3.655	-72.9681	-72.9956	-73.0317	-73.0677	-73.1001	-73.1273	-73.1489	-73.1651	-73.1762	-73.1827	-73.1853	-73.1844	-73.1805	-73.1741	-73.1657	-73.1557	-73.1443	-73.1319	-73.1188	-73.1054	-73.0918	-73.0783	-73.0652	-73.0528	-73.0412	-73.0309	-73.0219	-73.0146	-73.0092	-73.0059	-73.0047	-73.0056	-73.0084	-73.0131	-73.0197	-73.0286
3.66	-72.9771	-73.0046	-73.0407	-73.0767	-73.109	-73.1363	-73.1579	-73.1741	-73.1852	-73.1918	-73.1944	-73.1935	-73.1897	-73.1834	-73.175	-73.165	-73.1537	-73.1414	-73.1284	-73.115	-73.1014	-73.088	-73.075	-73.0626	-73.0511	-73.0408	-73.0319	-73.0247	-73.0193	-73.016	-73.0148	-73.0157	-73.0185	-73.0232	-73.0298	-73.0387
3.665	-72.9861	-73.0136	-73.0497	-73.0856	-73.118	-73.1452	-73.1669	-73.1831	-73.1942	-73.2008	-73.2035	-73.2026	-73.1989	-73.1926	-73.1843	-73.1744	-73.1631	-73.1508	-73.1379	-73.1246	-73.1111	-73.0977	-73.0848	-73.0724	-73.061	-73.0507	-73.0419	-73.0347	-73.0293	-73.026	-73.0248	-73.0257	-73.0286	-73.0333	-73.0399	-73.0487
3.67	-72.9951	-73.0226	-73.0586	-73.0946	-73.1269	-73.1541	-73.1758	-73.192	-73.2032	-73.2098	-73.2125	-73.2117	-73.208	-73.2018	-73.1936	-73.1837	-73.1725	-73.1603	-73.1474	-73.1341	-73.1207	-73.1074	-73.0945	-73.0822	-73.0708	-73.0606	-73.0518	-73.0446	-73.0393	-73.036	-73.0349	-73.0358	-73.0386	-73.0433	-73.0499	-73.0588
3.675	-73.0041	-73.0315	-73.0675	-73.1035	-73.1358	-73.163	-73.1847	-73.2009	-73.2122	-73.2188	-73.2215	-73.2208	-73.2171	-73.211	-73.2028	-73.193	-73.1818	-73.1697	-73.1569	-73.1436	-73.1303	-73.117	-73.1042	-73.092	-73.0806	-73.0704	-73.0617	-73.0545	-73.0493	-73.046	-73.0449	-73.0458	-73.0487	-73.0533	-73.0599	-73.0687
3.68	-73.013	-73.0404	-73.0764	-73.1124	-73.1447	-73.1719	-73.1936	-73.2098	-73.2211	-73.2278	-73.2305	-73.2299	-73.2262	-73.2201	-73.212	-73.2022	-73.1911	-73.179	-73.1663	-73.1531	-73.1398	-73.1266	-73.1138	-73.1017	-73.0904	-73.0803	-73.0715	-73.0644	-73.0592	-73.056	-73.0548	-73.0558	-73.0586	-73.0633	-73.0699	-73.0787
3.685	-73.0219	-73.0493	-73.0853	-73.1212	-73.1535	-73.1808	-73.2024	-73.2187	-73.23	-73.2367	-73.2395	-73.2389	-73.2353	-73.2292	-73.2212	-73.2114	-73.2004	-73.1884	-73.1757	-73.1626	-73.1493	-73.1362	-73.1235	-73.1114	-73.1001	-73.09	-73.0814	-73.0743	-73.0691	-73.0659	-73.0648	-73.0657	-73.0686	-73.0732	-73.0798	-73.0886
3.69	-73.0308	-73.0582	-73.0942	-73.1301	-73.1624	-73.1896	-73.2113	-73.2276	-73.2389	-73.2456	-73.2485	-73.2479	-73.2443	-73.2383	-73.2303	-73.2206	-73.2097	-73.1977	-73.1851	-73.172	-73.1588	-73.1458	-73.1331	-73.121	-73.1098	-73.0998	-73.0912	-73.0841	-73.079	-73.0758	-73.0747	-73.0756	-73.0785	-73.0832	-73.0897	-73.0985
3.695	-73.0396	-73.067	-73.103	-73.1389	-73.1712	-73.1984	-73.2201	-73.2364	-73.2477	-73.2545	-73.2574	-73.2568	-73.2533	-73.2474	-73.2394	-73.2298	-73.2189	-73.207	-73.1944	-73.1814	-73.1683	-73.1553	-73.1427	-73.1307	-73.1195	-73.1095	-73.1009	-73.0939	-73.0888	-73.0856	-73.0845	-73.0855	-73.0884	-73.093	-73.0996	-73.1084
3.7	-73.0484	-73.0759	-73.1118	-73.1477	-73.18	-73.2072	-73.2289	-73.2452	-73.2565	-73.2634	-73.2663	-73.2658	-73.2623	-73.2564	-73.2485	-73.239	-73.2281	-73.2162	-73.2037	-73.1908	-73.1777	-73.1648	-73.1522	-73.1402	-73.1292	-73.1192	-73.1106	-73.1037	-73.0986	-73.0955	-73.0944	-73.0953	-73.0982	-73.1029	-73.1094	-73.1182
3.705	-73.0572	-73.0847	-73.1206	-73.1564	-73.1887	-73.2159	-73.2376	-73.254	-73.2653	-73.2722	-73.2752	-73.2747	-73.2713	-73.2654	-73.2576	-73.2481	-73.2373	-73.2255	-73.213	-73.2001	-73.1871	-73.1742	-73.1617	-73.1498	-73.1388	-73.1289	-73.1204	-73.1134	-73.1084	-73.1052	-73.1042	-73.1052	-73.108	-73.1127	-73.1192	-73.128
3.71	-73.066	-73.0934	-73.1293	-73.1652	-73.1974	-73.2247	-73.2464	-73.2627	-73.2741	-73.281	-73.284	-73.2836	-73.2802	-73.2744	-73.2666	-73.2572	-73.2464	-73.2347	-73.2223	-73.2095	-73.1965	-73.1837	-73.1712	-73.1593	-73.1484	-73.1385	-73.13	-73.1231	-73.1181	-73.115	-73.114	-73.1149	-73.1178	-73.1225	-73.129	-73.1377
3.715	-73.0748	-73.1022	-73.1381	-73.1739	-73.2062	-73.2334	-73.2551	-73.2715	-73.2829	-73.2898	-73.2928	-73.2924	-73.2891	-73.2834	-73.2756	-73.2662	-73.2555	-73.2439	-73.2315	-73.2187	-73.2058	-73.1931	-73.1807	-73.1689	-73.1579	-73.1481	-73.1397	-73.1328	-73.1278	-73.1247	-73.1237	-73.1247	-73.1276	-73.1322	-73.1387	-73.1474
3.72	-73.0835	-73.1109	-73.1468	-73.1826	-73.2148	-73.2421	-73.2638	-73.2802	-73.2916	-73.2986	-73.3016	-73.3013	-73.298	-73.2923	-73.2846	-73.2753	-73.2646	-73.253	-73.2407	-73.228	-73.2152	-73.2024	-73.1901	-73.1783	-73.1674	-73.1577	-73.1493	-73.1425	-73.1375	-73.1344	-73.1334	-73.1344	-73.1373	-73.1419	-73.1484	-73.1571
3.725	-73.0922	-73.1196	-73.1555	-73.1913	-73.2235	-73.2507	-73.2725	-73.2889	-73.3003	-73.3073	-73.3104	-73.3101	-73.3069	-73.3012	-73.2936	-73.2843	-73.2737	-73.2621	-73.2499	-73.2372	-73.2245	-73.2118	-73.1995	-73.1878	-73.1769	-73.1672	-73.1588	-73.1521	-73.1471	-73.1441	-73.1431	-73.1441	-73.147	-73.1516	-73.1581	-73.1668
3.73	-73.1009	-73.1283	-73.1641	-73.1999	-73.2321	-73.2593	-73.2811	-73.2975	-73.309	-73.316	-73.3191	-73.3189	-73.3157	-73.3101	-73.3025	-73.2933	-73.2827	-73.2712	-73.259	-73.2464	-73.2337	-73.2211	-73.2088	-73.1972	-73.1864	-73.1767	-73.1684	-73.1617	-73.1567	-73.1537	-73.1527	-73.1537	-73.1566	-73.1612	-73.1677	-73.1764
3.735	-73.1096	-73.137	-73.1728	-73.2085	-73.2408	-73.268	-73.2897	-73.3062	-73.3176	-73.3247	-73.3279	-73.3276	-73.3245	-73.319	-73.3114	-73.3022	-73.2917	-73.2803	-73.2682	-73.2556	-73.243	-73.2304	-73.2182	-73.2066	-73.1958	-73.1862	-73.1779	-73.1712	-73.1663	-73.1633	-73.1623	-73.1634	-73.1662	-73.1709	-73.1773	-73.186
3.74	-73.1182	-73.1456	-73.1814	-73.2171	-73.2493	-73.2766	-73.2983	-73.3148	-73.3263	-73.3334	-73.3366	-73.3364	-73.3333	-73.3278	-73.3203	-73.3111	-73.3007	-73.2893	-73.2773	-73.2648	-73.2522	-73.2396	-73.2275	-73.216	-73.2052	-73.1957	-73.1874	-73.1807	-73.1758	-73.1729	-73.1719	-73.173	-73.1758	-73.1805	-73.1869	-73.1956
3.745	-73.1269	-73.1542	-73.19	-73.2257	-73.2579	-73.2851	-73.3069	-73.3234	-73.3349	-73.342	-73.3452	-73.3451	-73.3421	-73.3366	-73.3291	-73.3201	-73.3097	-73.2983	-73.2863	-73.2739	-73.2613	-73.2489	-73.2368	-73.2253	-73.2146	-73.2051	-73.1969	-73.1902	-73.1854	-73.1824	-73.1815	-73.1825	-73.1854	-73.19	-73.1964	-73.2051
3.75	-73.1355	-73.1628	-73.1985	-73.2343	-73.2665	-73.2937	-73.3154	-73.3319	-73.3435	-73.3506	-73.3539	-73.3538	-73.3508	-73.3454	-73.338	-73.3289	-73.3186	-73.3073	-73.2954	-73.283	-73.2705	-73.2581	-73.246	-73.2346	-73.224	-73.2145	-73.2063	-73.1997	-73.1948	-73.1919	-73.191	-73.192	-73.1949	-73.1995	-73.206	-73.2146
3.755	-73.144	-73.1714	-73.2071	-73.2428	-73.275	-73.3022	-73.324	-73.3405	-73.3521	-73.3592	-73.3625	-73.3624	-73.3595	-73.3541	-73.3468	-73.3378	-73.3275	-73.3163	-73.3044	-73.2921	-73.2796	-73.2673	-73.2553	-73.2439	-73.2333	-73.2238	-73.2157	-73.2091	-73.2043	-73.2014	-73.2005	-73.2015	-73.2044	-73.209	-73.2155	-73.2241
3.76	-73.1526	-73.1799	-73.2156	-73.2513	-73.2835	-73.3107	-73.3325	-73.349	-73.3606	-73.3678	-73.3711	-73.3711	-73.3682	-73.3629	-73.3556	-73.3466	-73.3364	-73.3252	-73.3134	-73.3011	-73.2887	-73.2764	-73.2645	-73.2531	-73.2426	-73.2332	-73.2251	-73.2185	-73.2137	-73.2109	-73.21	-73.211	-73.2139	-73.2185	-73.2249	-73.2335
3.765	-73.1611	-73.1884	-73.2241	-73.2598	-73.292	-73.3192	-73.341	-73.3575	-73.3691	-73.3763	-73.3797	-73.3797	-73.3768	-73.3716	-73.3643	-73.3554	-73.3453	-73.3341	-73.3223	-73.3101	-73.2978	-73.2855	-73.2736	-73.2623	-73.2519	-73.2425	-73.2344	-73.2279	-73.2231	-73.2203	-73.2194	-73.2204	-73.2233	-73.2279	-73.2343	-73.2429
3.77	-73.1696	-73.1969	-73.2326	-73.2683	-73.3004	-73.3276	-73.3494	-73.366	-73.3776	-73.3849	-73.3883	-73.3883	-73.3855	-73.3803	-73.373	-73.3642	-73.3541	-73.343	-73.3313	-73.3191	-73.3068	-73.2946	-73.2828	-73.2715	-73.2611	-73.2517	-73.2437	-73.2372	-73.2325	-73.2297	-73.2288	-73.2299	-73.2327	-73.2373	-73.2437	-73.2523
3.775	-73.1781	-73.2054	-73.2411	-73.2767	-73.3089	-73.336	-73.3578	-73.3744	-73.3861	-73.3934	-73.3968	-73.3969	-73.3941	-73.3889	-73.3817	-73.373	-73.3629	-73.3519	-73.3402	-73.3281	-73.3158	-73.3037	-73.2919	-73.2807	-73.2703	-73.261	-73.253	-73.2466	-73.2418	-73.239	-73.2382	-73.2392	-73.2421	-73.2467	-73.2531	-73.2617
3.78	-73.1866	-73.2139	-73.2495	-73.2851	-73.3173	-73.3445	-73.3663	-73.3828	-73.3945	-73.4018	-73.4053	-73.4054	-73.4027	-73.3975	-73.3904	-73.3817	-73.3717	-73.3607	-73.3491	-73.337	-73.3248	-73.3127	-73.301	-73.2898	-73.2795	-73.2702	-73.2623	-73.2558	-73.2512	-73.2484	-73.2475	-73.2486	-73.2515	-73.2561	-73.2624	-73.271
3.785	-73.1951	-73.2223	-73.2579	-73.2935	-73.3257	-73.3528	-73.3747	-73.3912	-73.4029	-73.4103	-73.4138	-73.4139	-73.4112	-73.4062	-73.3991	-73.3904	-73.3804	-73.3695	-73.3579	-73.3459	-73.3338	-73.3217	-73.31	-73.2989	-73.2886	-73.2794	-73.2715	-73.2651	-73.2604	-73.2577	-73.2568	-73.2579	-73.2608	-73.2654	-73.2717	-73.2803
3.79	-73.2035	-73.2307	-73.2663	-73.3019	-73.334	-73.3612	-73.383	-73.3996	-73.4114	-73.4187	-73.4222	-73.4224	-73.4198	-73.4147	-73.4077	-73.3991	-73.3892	-73.3783	-73.3668	-73.3548	-73.3427	-73.3307	-73.3191	-73.308	-73.2978	-73.2886	-73.2807	-73.2743	-73.2697	-73.2669	-73.2661	-73.2672	-73.2701	-73.2747	-73.281	-73.2896
3.795	-73.2119	-73.2391	-73.2747	-73.3103	-73.3424	-73.3695	-73.3914	-73.408	-73.4197	-73.4271	-73.4307	-73.4309	-73.4283	-73.4233	-73.4163	-73.4077	-73.3979	-73.3871	-73.3756	-73.3637	-73.3516	-73.3397	-73.3281	-73.3171	-73.3069	-73.2977	-73.2899	-73.2835	-73.2789	-73.2762	-73.2754	-73.2765	-73.2794	-73.2839	-73.2903	-73.2988
3.8	-73.2203	-73.2475	-73.2831	-73.3186	-73.3507	-73.3779	-73.3997	-73.4163	-73.4281	-73.4355	-73.4391	-73.4394	-73.4368	-73.4318	-73.4249	-73.4164	-73.4066	-73.3958	-73.3844	-73.3725	-73.3605	-73.3486	-73.3371	-73.3261	-73.3159	-73.3068	-73.299	-73.2927	-73.2881	-73.2854	-73.2846	-73.2857	-73.2886	-73.2931	-73.2995	-73.308
3.805	-73.2286	-73.2559	-73.2914	-73.3269	-73.359	-73.3862	-73.408	-73.4246	-73.4364	-73.4439	-73.4475	-73.4478	-73.4453	-73.4404	-73.4335	-73.425	-73.4152	-73.4045	-73.3931	-73.3813	-73.3694	-73.3575	-73.346	-73.3351	-73.325	-73.3159	-73.3081	-73.3019	-73.2973	-73.2946	-73.2938	-73.2949	-73.2978	-73.3023	-73.3087	-73.3172
3.81	-73.237	-73.2642	-73.2997	-73.3352	-73.3673	-73.3944	-73.4163	-73.4329	-73.4447	-73.4522	-73.4559	-73.4562	-73.4537	-73.4489	-73.442	-73.4336	-73.4239	-73.4132	-73.4019	-73.3901	-73.3782	-73.3664	-73.355	-73.3441	-73.334	-73.325	-73.3172	-73.311	-73.3064	-73.3037	-73.303	-73.3041	-73.307	-73.3115	-73.3178	-73.3263
3.815	-73.2453	-73.2725	-73.308	-73.3435	-73.3755	-73.4027	-73.4246	-73.4412	-73.453	-73.4605	-73.4642	-73.4646	-73.4621	-73.4573	-73.4505	-73.4421	-73.4325	-73.4219	-73.4106	-73.3989	-73.387	-73.3753	-73.3639	-73.353	-73.343	-73.334	-73.3263	-73.3201	-73.3156	-73.3129	-73.3121	-73.3132	-73.3161	-73.3207	-73.327	-73.3355
3.82	-73.2536	-73.2808	-73.3163	-73.3517	-73.3838	-73.4109	-73.4328	-73.4495	-73.4613	-73.4688	-73.4725	-73.473	-73.4706	-73.4658	-73.459	-73.4507	-73.4411	-73.4305	-73.4193	-73.4076	-73.3958	-73.3841	-73.3727	-73.3619	-73.3519	-73.343	-73.3353	-73.3291	-73.3246	-73.322	-73.3212	-73.3224	-73.3252	-73.3298	-73.3361	-73.3446
3.825	-73.2619	-73.2891	-73.3245	-73.36	-73.392	-73.4192	-73.441	-73.4577	-73.4696	-73.4771	-73.4809	-73.4813	-73.4789	-73.4742	-73.4675	-73.4592	-73.4496	-73.4391	-73.4279	-73.4163	-73.4046	-73.3929	-73.3816	-73.3708	-73.3609	-73.352	-73.3443	-73.3382	-73.3337	-73.3311	-73.3303	-73.3315	-73.3343	-73.3389	-73.3452	-73.3536
3.83	-73.2701	-73.2973	-73.3327	-73.3682	-73.4002	-73.4274	-73.4492	-73.4659	-73.4778	-73.4854	-73.4891	-73.4896	-73.4873	-73.4826	-73.4759	-73.4677	-73.4582	-73.4477	-73.4365	-73.425	-73.4133	-73.4017	-73.3904	-73.3797	-73.3698	-73.3609	-73.3533	-73.3472	-73.3427	-73.3401	-73.3394	-73.3405	-73.3434	-73.3479	-73.3542	-73.3627
3.835	-73.2784	-73.3055	-73.341	-73.3764	-73.4084	-73.4355	-73.4574	-73.4741	-73.486	-73.4936	-73.4974	-73.4979	-73.4956	-73.491	-73.4844	-73.4761	-73.4667	-73.4562	-73.4452	-73.4337	-73.422	-73.4105	-73.3992	-73.3885	-73.3787	-73.3698	-73.3623	-73.3562	-73.3517	-73.3491	-73.3484	-73.3496	-73.3524	-73.357	-73.3632	-73.3717
3.84	-73.2866	-73.3137	-73.3491	-73.3845	-73.4165	-73.4437	-73.4655	-73.4823	-73.4942	-73.5018	-73.5056	-73.5062	-73.5039	-73.4993	-73.4928	-73.4846	-73.4752	-73.4648	-73.4538	-73.4423	-73.4307	-73.4192	-73.408	-73.3974	-73.3875	-73.3787	-73.3712	-73.3651	-73.3607	-73.3581	-73.3574	-73.3586	-73.3615	-73.366	-73.3722	-73.3807
3.845	-73.2948	-73.3219	-73.3573	-73.3927	-73.4247	-73.4518	-73.4737	-73.4904	-73.5023	-73.51	-73.5139	-73.5144	-73.5122	-73.5077	-73.5011	-73.493	-73.4836	-73.4733	-73.4623	-73.4509	-73.4394	-73.4279	-73.4167	-73.4062	-73.3964	-73.3876	-73.3801	-73.3741	-73.3697	-73.3671	-73.3664	-73.3676	-73.3704	-73.3749	-73.3812	-73.3896
3.85	-73.303	-73.3301	-73.3655	-73.4008	-73.4328	-73.4599	-73.4818	-73.4985	-73.5105	-73.5182	-73.5221	-73.5227	-73.5205	-73.516	-73.5095	-73.5014	-73.4921	-73.4818	-73.4709	-73.4595	-73.448	-73.4366	-73.4255	-73.4149	-73.4052	-73.3964	-73.389	-73.383	-73.3786	-73.3761	-73.3754	-73.3765	-73.3794	-73.3839	-73.3902	-73.3986
3.855	-73.3111	-73.3382	-73.3736	-73.4089	-73.4409	-73.468	-73.4899	-73.5066	-73.5186	-73.5263	-73.5302	-73.5309	-73.5287	-73.5243	-73.5178	-73.5098	-73.5005	-73.4903	-73.4794	-73.4681	-73.4566	-73.4452	-73.4342	-73.4237	-73.414	-73.4053	-73.3978	-73.3918	-73.3875	-73.385	-73.3843	-73.3855	-73.3883	-73.3928	-73.3991	-73.4075
3.86	-73.3193	-73.3464	-73.3817	-73.417	-73.449	-73.4761	-73.498	-73.5147	-73.5267	-73.5344	-73.5384	-73.5391	-73.537	-73.5325	-73.5261	-73.5181	-73.5089	-73.4987	-73.4879	-73.4766	-73.4652	-73.4539	-73.4429	-73.4324	-73.4227	-73.4141	-73.4066	-73.4007	-73.3964	-73.3939	-73.3932	-73.3944	-73.3972	-73.4017	-73.408	-73.4163
3.865	-73.3274	-73.3545	-73.3898	-73.4251	-73.457	-73.4841	-73.506	-73.5228	-73.5348	-73.5425	-73.5465	-73.5472	-73.5452	-73.5408	-73.5344	-73.5265	-73.5173	-73.5071	-73.4963	-73.4851	-73.4738	-73.4625	-73.4515	-73.4411	-73.4315	-73.4228	-73.4155	-73.4095	-73.4052	-73.4027	-73.4021	-73.4032	-73.4061	-73.4106	-73.4168	-73.4252
3.87	-73.3355	-73.3626	-73.3979	-73.4331	-73.4651	-73.4922	-73.5141	-73.5308	-73.5429	-73.5506	-73.5546	-73.5554	-73.5534	-73.549	-73.5427	-73.5348	-73.5256	-73.5155	-73.5048	-73.4936	-73.4823	-73.4711	-73.4601	-73.4498	-73.4402	-73.4316	-73.4242	-73.4183	-73.4141	-73.4116	-73.4109	-73.4121	-73.415	-73.4194	-73.4257	-73.434
3.875	-73.3436	-73.3706	-73.4059	-73.4412	-73.4731	-73.5002	-73.5221	-73.5388	-73.5509	-73.5587	-73.5627	-73.5635	-73.5615	-73.5572	-73.5509	-73.5431	-73.534	-73.5239	-73.5132	-73.5021	-73.4908	-73.4796	-73.4687	-73.4584	-73.4488	-73.4403	-73.433	-73.4271	-73.4229	-73.4204	-73.4197	-73.4209	-73.4238	-73.4283	-73.4345	-73.4428
3.88	-73.3516	-73.3787	-73.4139	-73.4492	-73.4811	-73.5082	-73.5301	-73.5469	-73.5589	-73.5667	-73.5708	-73.5716	-73.5697	-73.5654	-73.5591	-73.5513	-73.5423	-73.5323	-73.5216	-73.5105	-73.4993	-73.4882	-73.4773	-73.467	-73.4575	-73.449	-73.4417	-73.4358	-73.4316	-73.4292	-73.4285	-73.4297	-73.4326	-73.437	-73.4432	-73.4516
3.885	-73.3597	-73.3867	-73.4219	-73.4572	-73.489	-73.5161	-73.538	-73.5548	-73.5669	-73.5748	-73.5788	-73.5797	-73.5778	-73.5735	-73.5673	-73.5596	-73.5506	-73.5406	-73.53	-73.519	-73.5078	-73.4967	-73.4859	-73.4756	-73.4661	-73.4577	-73.4504	-73.4446	-73.4404	-73.4379	-73.4373	-73.4385	-73.4414	-73.4458	-73.452	-73.4603
3.89	-73.3677	-73.3947	-73.4299	-73.4651	-73.497	-73.5241	-73.546	-73.5628	-73.5749	-73.5828	-73.5869	-73.5878	-73.5859	-73.5817	-73.5755	-73.5678	-73.5588	-73.5489	-73.5383	-73.5274	-73.5162	-73.5052	-73.4944	-73.4842	-73.4748	-73.4663	-73.4591	-73.4533	-73.4491	-73.4467	-73.4461	-73.4472	-73.4501	-73.4546	-73.4607	-73.469
3.895	-73.3757	-73.4027	-73.4379	-73.4731	-73.5049	-73.532	-73.5539	-73.5707	-73.5829	-73.5907	-73.5949	-73.5958	-73.594	-73.5898	-73.5837	-73.576	-73.5671	-73.5572	-73.5467	-73.5357	-73.5247	-73.5136	-73.5029	-73.4927	-73.4833	-73.4749	-73.4677	-73.462	-73.4578	-73.4554	-73.4548	-73.456	-73.4588	-73.4633	-73.4694	-73.4777
3.9	-73.3837	-73.4107	-73.4459	-73.481	-73.5129	-73.5399	-73.5618	-73.5787	-73.5908	-73.5987	-73.6029	-73.6038	-73.602	-73.5979	-73.5918	-73.5842	-73.5753	-73.5655	-73.555	-73.5441	-73.5331	-73.5221	-73.5114	-73.5013	-73.4919	-73.4835	-73.4763	-73.4706	-73.4665	-73.4641	-73.4635	-73.4647	-73.4675	-73.472	-73.4781	-73.4864
3.905	-73.3917	-73.4187	-73.4538	-73.4889	-73.5208	-73.5478	-73.5697	-73.5866	-73.5987	-73.6066	-73.6108	-73.6118	-73.61	-73.6059	-73.5999	-73.5923	-73.5835	-73.5737	-73.5633	-73.5524	-73.5414	-73.5305	-73.5199	-73.5098	-73.5004	-73.4921	-73.4849	-73.4792	-73.4751	-73.4727	-73.4721	-73.4733	-73.4762	-73.4806	-73.4868	-73.495
3.91	-73.3996	-73.4266	-73.4617	-73.4968	-73.5286	-73.5557	-73.5776	-73.5945	-73.6066	-73.6146	-73.6188	-73.6198	-73.6181	-73.614	-73.608	-73.6005	-73.5917	-73.5819	-73.5715	-73.5607	-73.5498	-73.5389	-73.5283	-73.5182	-73.5089	-73.5006	-73.4935	-73.4878	-73.4837	-73.4814	-73.4808	-73.482	-73.4848	-73.4893	-73.4954	-73.5037
3.915	-73.4076	-73.4345	-73.4696	-73.5047	-73.5365	-73.5636	-73.5855	-73.6023	-73.6145	-73.6225	-73.6267	-73.6278	-73.6261	-73.622	-73.6161	-73.6086	-73.5998	-73.5901	-73.5798	-73.569	-73.5581	-73.5473	-73.5367	-73.5267	-73.5174	-73.5092	-73.5021	-73.4964	-73.4923	-73.49	-73.4894	-73.4906	-73.4935	-73.4979	-73.504	-73.5123
3.92	-73.4155	-73.4424	-73.4775	-73.5126	-73.5443	-73.5714	-73.5933	-73.6102	-73.6224	-73.6303	-73.6346	-73.6357	-73.634	-73.63	-73.6241	-73.6167	-73.608	-73.5983	-73.588	-73.5773	-73.5664	-73.5556	-73.5451	-73.5351	-73.5259	-73.5177	-73.5106	-73.505	-73.5009	-73.4986	-73.498	-73.4992	-73.5021	-73.5065	-73.5126	-73.5208
3.925	-73.4234	-73.4503	-73.4853	-73.5204	-73.5522	-73.5792	-73.6011	-73.618	-73.6302	-73.6382	-73.6425	-73.6436	-73.642	-73.638	-73.6322	-73.6247	-73.6161	-73.6065	-73.5962	-73.5855	-73.5747	-73.5639	-73.5535	-73.5435	-73.5344	-73.5261	-73.5191	-73.5135	-73.5094	-73.5071	-73.5066	-73.5078	-73.5106	-73.515	-73.5211	-73.5294
3.93	-73.4312	-73.4581	-73.4932	-73.5282	-73.56	-73.587	-73.6089	-73.6258	-73.638	-73.6461	-73.6504	-73.6515	-73.6499	-73.646	-73.6402	-73.6328	-73.6242	-73.6146	-73.6044	-73.5938	-73.583	-73.5723	-73.5618	-73.5519	-73.5428	-73.5346	-73.5276	-73.522	-73.518	-73.5157	-73.5151	-73.5163	-73.5192	-73.5236	-73.5297	-73.5379
3.935	-73.4391	-73.466	-73.501	-73.536	-73.5678	-73.5948	-73.6167	-73.6336	-73.6458	-73.6539	-73.6582	-73.6594	-73.6578	-73.654	-73.6482	-73.6408	-73.6322	-73.6227	-73.6125	-73.602	-73.5912	-73.5805	-73.5702	-73.5603	-73.5512	-73.543	-73.536	-73.5305	-73.5265	-73.5242	-73.5236	-73.5248	-73.5277	-73.5321	-73.5382	-73.5464
3.94	-73.4469	-73.4738	-73.5088	-73.5438	-73.5755	-73.6025	-73.6245	-73.6414	-73.6536	-73.6617	-73.6661	-73.6673	-73.6657	-73.6619	-73.6561	-73.6488	-73.6403	-73.6308	-73.6207	-73.6101	-73.5994	-73.5888	-73.5785	-73.5686	-73.5595	-73.5514	-73.5445	-73.5389	-73.535	-73.5327	-73.5321	-73.5333	-73.5362	-73.5406	-73.5467	-73.5548
3.945	-73.4548	-73.4816	-73.5166	-73.5516	-73.5833	-73.6103	-73.6322	-73.6491	-73.6614	-73.6695	-73.6739	-73.6751	-73.6736	-73.6698	-73.6641	-73.6568	-73.6483	-73.6389	-73.6288	-73.6183	-73.6076	-73.597	-73.5867	-73.5769	-73.5679	-73.5598	-73.5529	-73.5474	-73.5434	-73.5411	-73.5406	-73.5418	-73.5447	-73.549	-73.5551	-73.5633
3.95	-73.4626	-73.4894	-73.5243	-73.5593	-73.591	-73.618	-73.6399	-73.6568	-73.6691	-73.6772	-73.6817	-73.6829	-73.6814	-73.6777	-73.672	-73.6648	-73.6563	-73.6469	-73.6369	-73.6264	-73.6158	-73.6053	-73.595	-73.5852	-73.5762	-73.5682	-73.5613	-73.5558	-73.5518	-73.5496	-73.5491	-73.5503	-73.5531	-73.5575	-73.5636	-73.5717
3.955	-73.4703	-73.4972	-73.5321	-73.567	-73.5987	-73.6257	-73.6476	-73.6646	-73.6768	-73.685	-73.6894	-73.6907	-73.6893	-73.6855	-73.6799	-73.6727	-73.6643	-73.655	-73.645	-73.6345	-73.624	-73.6134	-73.6032	-73.5935	-73.5845	-73.5765	-73.5696	-73.5642	-73.5602	-73.558	-73.5575	-73.5587	-73.5615	-73.5659	-73.572	-73.5801
3.96	-73.4781	-73.5049	-73.5398	-73.5747	-73.6064	-73.6334	-73.6553	-73.6722	-73.6846	-73.6927	-73.6972	-73.6985	-73.6971	-73.6934	-73.6878	-73.6807	-73.6723	-73.663	-73.653	-73.6426	-73.6321	-73.6216	-73.6114	-73.6018	-73.5928	-73.5848	-73.578	-73.5725	-73.5686	-73.5664	-73.5659	-73.5671	-73.5699	-73.5743	-73.5804	-73.5885
3.965	-73.4859	-73.5127	-73.5475	-73.5824	-73.6141	-73.6411	-73.663	-73.6799	-73.6922	-73.7004	-73.7049	-73.7063	-73.7049	-73.7012	-73.6957	-73.6886	-73.6802	-73.671	-73.661	-73.6507	-73.6402	-73.6298	-73.6196	-73.61	-73.6011	-73.5931	-73.5863	-73.5809	-73.577	-73.5748	-73.5743	-73.5755	-73.5783	-73.5827	-73.5887	-73.5968
3.97	-73.4936	-73.5204	-73.5552	-73.5901	-73.6217	-73.6487	-73.6706	-73.6876	-73.6999	-73.7081	-73.7126	-73.714	-73.7127	-73.709	-73.7035	-73.6964	-73.6882	-73.6789	-73.6691	-73.6588	-73.6483	-73.6379	-73.6278	-73.6182	-73.6093	-73.6014	-73.5946	-73.5892	-73.5853	-73.5831	-73.5826	-73.5839	-73.5867	-73.591	-73.5971	-73.6052
3.975	-73.5013	-73.5281	-73.5629	-73.5978	-73.6294	-73.6564	-73.6783	-73.6952	-73.7076	-73.7158	-73.7203	-73.7217	-73.7204	-73.7168	-73.7113	-73.7043	-73.6961	-73.6869	-73.677	-73.6668	-73.6564	-73.646	-73.6359	-73.6264	-73.6175	-73.6096	-73.6029	-73.5975	-73.5936	-73.5914	-73.591	-73.5922	-73.595	-73.5994	-73.6054	-73.6135
3.98	-73.509	-73.5358	-73.5705	-73.6054	-73.637	-73.664	-73.6859	-73.7028	-73.7152	-73.7234	-73.728	-73.7294	-73.7282	-73.7246	-73.7192	-73.7122	-73.7039	-73.6948	-73.685	-73.6748	-73.6644	-73.6541	-73.6441	-73.6345	-73.6257	-73.6179	-73.6111	-73.6058	-73.6019	-73.5997	-73.5993	-73.6005	-73.6033	-73.6077	-73.6137	-73.6217
3.985	-73.5167	-73.5434	-73.5782	-73.613	-73.6446	-73.6716	-73.6935	-73.7104	-73.7228	-73.7311	-73.7357	-73.7371	-73.7359	-73.7324	-73.7269	-73.72	-73.7118	-73.7027	-73.693	-73.6828	-73.6725	-73.6622	-73.6522	-73.6427	-73.6339	-73.6261	-73.6194	-73.614	-73.6102	-73.608	-73.6076	-73.6088	-73.6116	-73.6159	-73.6219	-73.63
3.99	-73.5243	-73.5511	-73.5858	-73.6206	-73.6522	-73.6791	-73.701	-73.718	-73.7304	-73.7387	-73.7433	-73.7448	-73.7436	-73.7401	-73.7347	-73.7278	-73.7197	-73.7106	-73.7009	-73.6908	-73.6805	-73.6702	-73.6603	-73.6508	-73.6421	-73.6342	-73.6276	-73.6222	-73.6184	-73.6163	-73.6158	-73.6171	-73.6199	-73.6242	-73.6302	-73.6382
3.995	-73.532	-73.5587	-73.5934	-73.6282	-73.6598	-73.6867	-73.7086	-73.7256	-73.738	-73.7463	-73.7509	-73.7524	-73.7513	-73.7478	-73.7425	-73.7356	-73.7275	-73.7185	-73.7088	-73.6987	-73.6884	-73.6782	-73.6683	-73.6589	-73.6502	-73.6424	-73.6357	-73.6304	-73.6267	-73.6245	-73.6241	-73.6253	-73.6281	-73.6324	-73.6384	-73.6465
4	-73.5396	-73.5663	-73.601	-73.6358	-73.6673	-73.6943	-73.7162	-73.7331	-73.7456	-73.7539	-73.7585	-73.7601	-73.7589	-73.7555	-73.7502	-73.7434	-73.7353	-73.7263	-73.7167	-73.7066	-73.6964	-73.6862	-73.6764	-73.667	-73.6583	-73.6505	-73.6439	-73.6386	-73.6349	-73.6327	-73.6323	-73.6335	-73.6363	-73.6406	-73.6466	-73.6546
4.005	-73.5472	-73.5739	-73.6086	-73.6433	-73.6749	-73.7018	-73.7237	-73.7407	-73.7531	-73.7614	-73.7661	-73.7677	-73.7666	-73.7632	-73.7579	-73.7511	-73.7431	-73.7341	-73.7245	-73.7145	-73.7044	-73.6942	-73.6844	-73.675	-73.6664	-73.6586	-73.6521	-73.6468	-73.643	-73.6409	-73.6405	-73.6417	-73.6445	-73.6488	-73.6548	-73.6628
4.01	-73.5548	-73.5815	-73.6161	-73.6509	-73.6824	-73.7093	-73.7312	-73.7482	-73.7606	-73.769	-73.7737	-73.7753	-73.7742	-73.7708	-73.7656	-73.7588	-73.7509	-73.742	-73.7324	-73.7224	-73.7123	-73.7022	-73.6924	-73.6831	-73.6744	-73.6667	-73.6602	-73.6549	-73.6512	-73.6491	-73.6487	-73.6499	-73.6527	-73.657	-73.6629	-73.671
4.015	-73.5624	-73.589	-73.6237	-73.6584	-73.6899	-73.7168	-73.7387	-73.7557	-73.7681	-73.7765	-73.7812	-73.7829	-73.7818	-73.7785	-73.7733	-73.7665	-73.7586	-73.7497	-73.7402	-73.7303	-73.7202	-73.7101	-73.7004	-73.6911	-73.6825	-73.6748	-73.6683	-73.6631	-73.6593	-73.6572	-73.6568	-73.6581	-73.6609	-73.6651	-73.6711	-73.6791
4.02	-73.5699	-73.5966	-73.6312	-73.6659	-73.6974	-73.7243	-73.7462	-73.7632	-73.7756	-73.784	-73.7888	-73.7904	-73.7894	-73.7861	-73.7809	-73.7742	-73.7663	-73.7575	-73.748	-73.7381	-73.7281	-73.7181	-73.7083	-73.6991	-73.6905	-73.6829	-73.6763	-73.6712	-73.6674	-73.6654	-73.6649	-73.6662	-73.669	-73.6733	-73.6792	-73.6872
4.025	-73.5775	-73.6041	-73.6387	-73.6734	-73.7048	-73.7317	-73.7536	-73.7706	-73.7831	-73.7915	-73.7963	-73.798	-73.797	-73.7937	-73.7886	-73.7819	-73.774	-73.7653	-73.7558	-73.746	-73.7359	-73.726	-73.7163	-73.707	-73.6985	-73.6909	-73.6844	-73.6792	-73.6755	-73.6735	-73.6731	-73.6743	-73.6771	-73.6814	-73.6873	-73.6953
4.03	-73.585	-73.6116	-73.6462	-73.6808	-73.7123	-73.7391	-73.761	-73.7781	-73.7906	-73.799	-73.8038	-73.8055	-73.8045	-73.8013	-73.7962	-73.7896	-73.7817	-73.773	-73.7636	-73.7538	-73.7438	-73.7338	-73.7242	-73.715	-73.7065	-73.6989	-73.6924	-73.6873	-73.6836	-73.6815	-73.6811	-73.6824	-73.6852	-73.6894	-73.6953	-73.7033
4.035	-73.5925	-73.6191	-73.6536	-73.6883	-73.7197	-73.7466	-73.7685	-73.7855	-73.798	-73.8064	-73.8113	-73.813	-73.812	-73.8088	-73.8038	-73.7972	-73.7894	-73.7807	-73.7713	-73.7616	-73.7516	-73.7417	-73.7321	-73.7229	-73.7144	-73.7069	-73.7004	-73.6953	-73.6917	-73.6896	-73.6892	-73.6905	-73.6932	-73.6975	-73.7034	-73.7113
4.04	-73.6	-73.6266	-73.6611	-73.6957	-73.7271	-73.754	-73.7759	-73.7929	-73.8054	-73.8139	-73.8187	-73.8205	-73.8195	-73.8164	-73.8114	-73.8048	-73.7971	-73.7884	-73.7791	-73.7693	-73.7594	-73.7495	-73.7399	-73.7308	-73.7224	-73.7149	-73.7084	-73.7033	-73.6997	-73.6976	-73.6973	-73.6985	-73.7013	-73.7055	-73.7114	-73.7194
4.045	-73.6075	-73.634	-73.6685	-73.7031	-73.7345	-73.7614	-73.7833	-73.8003	-73.8128	-73.8213	-73.8262	-73.8279	-73.827	-73.8239	-73.8189	-73.8124	-73.8047	-73.7961	-73.7868	-73.7771	-73.7672	-73.7574	-73.7478	-73.7387	-73.7303	-73.7228	-73.7164	-73.7113	-73.7077	-73.7057	-73.7053	-73.7065	-73.7093	-73.7135	-73.7194	-73.7274
4.05	-73.615	-73.6415	-73.676	-73.7105	-73.7419	-73.7687	-73.7906	-73.8077	-73.8202	-73.8287	-73.8336	-73.8354	-73.8345	-73.8314	-73.8265	-73.82	-73.8123	-73.8037	-73.7945	-73.7848	-73.775	-73.7652	-73.7556	-73.7466	-73.7382	-73.7307	-73.7244	-73.7193	-73.7157	-73.7137	-73.7133	-73.7145	-73.7173	-73.7215	-73.7274	-73.7353
4.055	-73.6224	-73.6489	-73.6834	-73.7179	-73.7493	-73.7761	-73.798	-73.815	-73.8276	-73.8361	-73.841	-73.8428	-73.842	-73.8389	-73.834	-73.8276	-73.8199	-73.8114	-73.8021	-73.7925	-73.7827	-73.7729	-73.7635	-73.7544	-73.7461	-73.7386	-73.7323	-73.7272	-73.7236	-73.7216	-73.7213	-73.7225	-73.7253	-73.7295	-73.7354	-73.7433
4.06	-73.6298	-73.6563	-73.6908	-73.7253	-73.7566	-73.7834	-73.8053	-73.8224	-73.8349	-73.8434	-73.8484	-73.8502	-73.8494	-73.8464	-73.8415	-73.8351	-73.8275	-73.819	-73.8098	-73.8002	-73.7904	-73.7807	-73.7712	-73.7623	-73.7539	-73.7465	-73.7402	-73.7352	-73.7316	-73.7296	-73.7292	-73.7305	-73.7332	-73.7375	-73.7433	-73.7512
4.065	-73.6372	-73.6637	-73.6981	-73.7326	-73.7639	-73.7908	-73.8126	-73.8297	-73.8423	-73.8508	-73.8558	-73.8576	-73.8569	-73.8539	-73.849	-73.8426	-73.8351	-73.8266	-73.8174	-73.8079	-73.7981	-73.7885	-73.779	-73.7701	-73.7618	-73.7544	-73.7481	-73.7431	-73.7395	-73.7375	-73.7372	-73.7384	-73.7412	-73.7454	-73.7512	-73.7591
4.07	-73.6446	-73.6711	-73.7055	-73.7399	-73.7713	-73.7981	-73.8199	-73.837	-73.8496	-73.8581	-73.8631	-73.865	-73.8643	-73.8613	-73.8565	-73.8501	-73.8426	-73.8341	-73.825	-73.8155	-73.8058	-73.7962	-73.7868	-73.7779	-73.7696	-73.7622	-73.756	-73.751	-73.7474	-73.7454	-73.7451	-73.7463	-73.7491	-73.7533	-73.7591	-73.767
4.075	-73.652	-73.6785	-73.7128	-73.7473	-73.7786	-73.8054	-73.8272	-73.8443	-73.8569	-73.8654	-73.8705	-73.8724	-73.8717	-73.8687	-73.8639	-73.8576	-73.8501	-73.8417	-73.8326	-73.8232	-73.8135	-73.8039	-73.7945	-73.7856	-73.7774	-73.7701	-73.7638	-73.7588	-73.7553	-73.7533	-73.753	-73.7542	-73.757	-73.7612	-73.767	-73.7749
4.08	-73.6594	-73.6858	-73.7201	-73.7546	-73.7858	-73.8126	-73.8345	-73.8516	-73.8642	-73.8727	-73.8778	-73.8797	-73.879	-73.8761	-73.8714	-73.8651	-73.8576	-73.8493	-73.8402	-73.8308	-73.8212	-73.8116	-73.8022	-73.7934	-73.7852	-73.7779	-73.7716	-73.7667	-73.7632	-73.7612	-73.7608	-73.7621	-73.7648	-73.769	-73.7748	-73.7827
4.085	-73.6667	-73.6931	-73.7274	-73.7618	-73.7931	-73.8199	-73.8418	-73.8588	-73.8714	-73.88	-73.8851	-73.887	-73.8864	-73.8835	-73.8788	-73.8726	-73.8651	-73.8568	-73.8478	-73.8384	-73.8288	-73.8192	-73.8099	-73.8011	-73.7929	-73.7857	-73.7794	-73.7745	-73.771	-73.769	-73.7687	-73.77	-73.7727	-73.7769	-73.7827	-73.7905
4.09	-73.6741	-73.7004	-73.7347	-73.7691	-73.8004	-73.8271	-73.849	-73.8661	-73.8787	-73.8873	-73.8924	-73.8944	-73.8937	-73.8909	-73.8862	-73.88	-73.8726	-73.8643	-73.8553	-73.8459	-73.8364	-73.8269	-73.8176	-73.8088	-73.8007	-73.7934	-73.7872	-73.7823	-73.7788	-73.7769	-73.7765	-73.7778	-73.7805	-73.7847	-73.7905	-73.7983
4.095	-73.6814	-73.7077	-73.742	-73.7764	-73.8076	-73.8344	-73.8562	-73.8733	-73.8859	-73.8946	-73.8996	-73.9017	-73.9011	-73.8982	-73.8936	-73.8874	-73.88	-73.8718	-73.8628	-73.8535	-73.844	-73.8345	-73.8253	-73.8165	-73.8084	-73.8012	-73.795	-73.7901	-73.7866	-73.7847	-73.7844	-73.7856	-73.7883	-73.7925	-73.7983	-73.8061
4.1	-73.6887	-73.715	-73.7493	-73.7836	-73.8148	-73.8416	-73.8634	-73.8805	-73.8932	-73.9018	-73.9069	-73.9089	-73.9084	-73.9056	-73.9009	-73.8948	-73.8875	-73.8792	-73.8703	-73.861	-73.8516	-73.8421	-73.8329	-73.8242	-73.8161	-73.8089	-73.8027	-73.7979	-73.7944	-73.7925	-73.7922	-73.7934	-73.7961	-73.8003	-73.8061	-73.8139
4.105	-73.696	-73.7223	-73.7565	-73.7908	-73.822	-73.8488	-73.8706	-73.8877	-73.9004	-73.909	-73.9141	-73.9162	-73.9156	-73.9129	-73.9083	-73.9022	-73.8949	-73.8867	-73.8778	-73.8686	-73.8591	-73.8497	-73.8405	-73.8318	-73.8238	-73.8166	-73.8105	-73.8056	-73.8022	-73.8002	-73.7999	-73.8012	-73.8039	-73.8081	-73.8138	-73.8216
4.11	-73.7032	-73.7295	-73.7637	-73.798	-73.8292	-73.8559	-73.8778	-73.8949	-73.9075	-73.9162	-73.9214	-73.9234	-73.9229	-73.9202	-73.9156	-73.9096	-73.9023	-73.8941	-73.8853	-73.8761	-73.8667	-73.8573	-73.8482	-73.8395	-73.8314	-73.8243	-73.8182	-73.8133	-73.8099	-73.808	-73.8077	-73.8089	-73.8117	-73.8158	-73.8216	-73.8293
4.115	-73.7105	-73.7368	-73.771	-73.8052	-73.8364	-73.8631	-73.8849	-73.902	-73.9147	-73.9234	-73.9286	-73.9307	-73.9302	-73.9275	-73.9229	-73.9169	-73.9097	-73.9015	-73.8928	-73.8836	-73.8742	-73.8648	-73.8557	-73.8471	-73.8391	-73.832	-73.8259	-73.821	-73.8176	-73.8157	-73.8154	-73.8167	-73.8194	-73.8235	-73.8293	-73.837
4.12	-73.7177	-73.744	-73.7781	-73.8124	-73.8435	-73.8702	-73.8921	-73.9092	-73.9219	-73.9306	-73.9357	-73.9379	-73.9374	-73.9347	-73.9302	-73.9242	-73.917	-73.9089	-73.9002	-73.891	-73.8817	-73.8724	-73.8633	-73.8547	-73.8467	-73.8396	-73.8335	-73.8287	-73.8253	-73.8234	-73.8231	-73.8244	-73.8271	-73.8312	-73.837	-73.8447
4.125	-73.7249	-73.7512	-73.7853	-73.8195	-73.8507	-73.8774	-73.8992	-73.9163	-73.929	-73.9377	-73.9429	-73.9451	-73.9446	-73.942	-73.9375	-73.9315	-73.9244	-73.9163	-73.9076	-73.8985	-73.8892	-73.8799	-73.8708	-73.8623	-73.8543	-73.8472	-73.8412	-73.8364	-73.833	-73.8311	-73.8308	-73.8321	-73.8348	-73.8389	-73.8446	-73.8524
4.13	-73.7322	-73.7584	-73.7925	-73.8267	-73.8578	-73.8845	-73.9063	-73.9234	-73.9361	-73.9449	-73.9501	-73.9523	-73.9518	-73.9492	-73.9448	-73.9388	-73.9317	-73.9237	-73.915	-73.9059	-73.8966	-73.8874	-73.8784	-73.8698	-73.8619	-73.8548	-73.8488	-73.8441	-73.8407	-73.8388	-73.8385	-73.8397	-73.8425	-73.8466	-73.8523	-73.86
4.135	-73.7393	-73.7656	-73.7996	-73.8338	-73.8649	-73.8916	-73.9134	-73.9305	-73.9432	-73.952	-73.9572	-73.9594	-73.959	-73.9564	-73.952	-73.9461	-73.939	-73.931	-73.9224	-73.9133	-73.9041	-73.8949	-73.8859	-73.8774	-73.8695	-73.8624	-73.8564	-73.8517	-73.8483	-73.8465	-73.8462	-73.8474	-73.8501	-73.8542	-73.8599	-73.8677
4.14	-73.7465	-73.7727	-73.8068	-73.8409	-73.872	-73.8987	-73.9205	-73.9376	-73.9503	-73.9591	-73.9643	-73.9666	-73.9662	-73.9636	-73.9593	-73.9534	-73.9463	-73.9384	-73.9297	-73.9207	-73.9115	-73.9023	-73.8934	-73.8849	-73.877	-73.87	-73.864	-73.8593	-73.8559	-73.8541	-73.8538	-73.855	-73.8577	-73.8619	-73.8675	-73.8753
4.145	-73.7537	-73.7799	-73.8139	-73.848	-73.8791	-73.9057	-73.9276	-73.9447	-73.9574	-73.9662	-73.9715	-73.9737	-73.9734	-73.9708	-73.9665	-73.9606	-73.9536	-73.9457	-73.9371	-73.9281	-73.9189	-73.9098	-73.9009	-73.8924	-73.8846	-73.8776	-73.8716	-73.8669	-73.8635	-73.8617	-73.8614	-73.8627	-73.8654	-73.8695	-73.8751	-73.8828
4.15	-73.7608	-73.787	-73.821	-73.8551	-73.8862	-73.9128	-73.9346	-73.9517	-73.9645	-73.9733	-73.9785	-73.9808	-73.9805	-73.978	-73.9737	-73.9679	-73.9609	-73.953	-73.9444	-73.9355	-73.9263	-73.9172	-73.9083	-73.8999	-73.8921	-73.8851	-73.8792	-73.8745	-73.8711	-73.8693	-73.869	-73.8703	-73.8729	-73.877	-73.8827	-73.8904
4.155	-73.768	-73.7941	-73.8281	-73.8622	-73.8932	-73.9198	-73.9417	-73.9588	-73.9715	-73.9803	-73.9856	-73.9879	-73.9876	-73.9851	-73.9809	-73.9751	-73.9681	-73.9603	-73.9517	-73.9428	-73.9337	-73.9246	-73.9158	-73.9073	-73.8996	-73.8926	-73.8867	-73.882	-73.8787	-73.8769	-73.8766	-73.8778	-73.8805	-73.8846	-73.8903	-73.898
4.16	-73.7751	-73.8012	-73.8352	-73.8692	-73.9002	-73.9269	-73.9487	-73.9658	-73.9785	-73.9874	-73.9927	-73.995	-73.9947	-73.9923	-73.988	-73.9823	-73.9753	-73.9675	-73.959	-73.9501	-73.9411	-73.932	-73.9232	-73.9148	-73.907	-73.9001	-73.8942	-73.8896	-73.8863	-73.8844	-73.8842	-73.8854	-73.8881	-73.8922	-73.8978	-73.9055
4.165	-73.7822	-73.8083	-73.8422	-73.8763	-73.9073	-73.9339	-73.9557	-73.9728	-73.9856	-73.9944	-73.9997	-74.0021	-74.0018	-73.9994	-73.9952	-73.9894	-73.9826	-73.9748	-73.9663	-73.9575	-73.9484	-73.9394	-73.9306	-73.9222	-73.9145	-73.9076	-73.9017	-73.8971	-73.8938	-73.892	-73.8917	-73.8929	-73.8956	-73.8997	-73.9053	-73.913
4.17	-73.7893	-73.8154	-73.8493	-73.8833	-73.9143	-73.9409	-73.9627	-73.9798	-73.9926	-74.0014	-74.0068	-74.0091	-74.0089	-74.0065	-74.0023	-73.9966	-73.9897	-73.982	-73.9736	-73.9647	-73.9557	-73.9467	-73.938	-73.9296	-73.9219	-73.9151	-73.9092	-73.9046	-73.9013	-73.8995	-73.8992	-73.9005	-73.9031	-73.9072	-73.9128	-73.9205
4.175	-73.7964	-73.8224	-73.8563	-73.8903	-73.9213	-73.9478	-73.9696	-73.9868	-73.9995	-74.0084	-74.0138	-74.0162	-74.016	-74.0136	-74.0094	-74.0038	-73.9969	-73.9892	-73.9808	-73.972	-73.963	-73.9541	-73.9453	-73.937	-73.9294	-73.9225	-73.9167	-73.9121	-73.9088	-73.907	-73.9067	-73.908	-73.9106	-73.9147	-73.9203	-73.928
4.18	-73.8034	-73.8295	-73.8633	-73.8973	-73.9282	-73.9548	-73.9766	-73.9937	-74.0065	-74.0154	-74.0208	-74.0232	-74.023	-74.0207	-74.0165	-74.0109	-74.0041	-73.9964	-73.988	-73.9793	-73.9703	-73.9614	-73.9527	-73.9444	-73.9368	-73.9299	-73.9241	-73.9195	-73.9163	-73.9145	-73.9142	-73.9155	-73.9181	-73.9222	-73.9278	-73.9354
4.185	-73.8105	-73.8365	-73.8703	-73.9043	-73.9352	-73.9617	-73.9836	-74.0007	-74.0135	-74.0223	-74.0278	-74.0302	-74.03	-74.0277	-74.0236	-74.018	-74.0112	-74.0036	-73.9953	-73.9865	-73.9776	-73.9687	-73.96	-73.9518	-73.9442	-73.9373	-73.9316	-73.927	-73.9237	-73.9219	-73.9217	-73.9229	-73.9256	-73.9296	-73.9352	-73.9428
4.19	-73.8175	-73.8435	-73.8773	-73.9112	-73.9421	-73.9687	-73.9905	-74.0076	-74.0204	-74.0293	-74.0347	-74.0372	-74.037	-74.0348	-74.0307	-74.0251	-74.0184	-74.0107	-74.0024	-73.9937	-73.9849	-73.976	-73.9673	-73.9591	-73.9515	-73.9447	-73.939	-73.9344	-73.9312	-73.9294	-73.9291	-73.9304	-73.933	-73.9371	-73.9427	-73.9503
4.195	-73.8245	-73.8505	-73.8843	-73.9182	-73.9491	-73.9756	-73.9974	-74.0145	-74.0273	-74.0362	-74.0417	-74.0441	-74.044	-74.0418	-74.0377	-74.0322	-74.0255	-74.0179	-74.0096	-74.001	-73.9921	-73.9833	-73.9746	-73.9664	-73.9589	-73.9521	-73.9464	-73.9418	-73.9386	-73.9368	-73.9366	-73.9378	-73.9405	-73.9445	-73.9501	-73.9576
4.2	-73.8315	-73.8575	-73.8913	-73.9251	-73.956	-73.9825	-74.0043	-74.0214	-74.0342	-74.0431	-74.0486	-74.0511	-74.051	-74.0488	-74.0448	-74.0393	-74.0326	-74.025	-74.0168	-74.0081	-73.9993	-73.9905	-73.9819	-73.9738	-73.9662	-73.9595	-73.9537	-73.9492	-73.946	-73.9442	-73.944	-73.9452	-73.9479	-73.9519	-73.9575	-73.965
4.205	-73.8385	-73.8645	-73.8982	-73.932	-73.9629	-73.9894	-74.0112	-74.0283	-74.0411	-74.05	-74.0555	-74.058	-74.058	-74.0558	-74.0518	-74.0463	-74.0397	-74.0321	-74.0239	-74.0153	-74.0065	-73.9977	-73.9892	-73.981	-73.9735	-73.9668	-73.9611	-73.9566	-73.9534	-73.9516	-73.9514	-73.9526	-73.9552	-73.9593	-73.9648	-73.9724
4.21	-73.8455	-73.8714	-73.9051	-73.9389	-73.9698	-73.9963	-74.0181	-74.0352	-74.048	-74.0569	-74.0624	-74.065	-74.0649	-74.0628	-74.0588	-74.0533	-74.0467	-74.0392	-74.0311	-74.0225	-74.0137	-74.005	-73.9964	-73.9883	-73.9808	-73.9741	-73.9684	-73.9639	-73.9607	-73.959	-73.9587	-73.96	-73.9626	-73.9666	-73.9722	-73.9797
4.215	-73.8525	-73.8784	-73.912	-73.9458	-73.9767	-74.0031	-74.0249	-74.042	-74.0549	-74.0638	-74.0693	-74.0719	-74.0719	-74.0697	-74.0658	-74.0604	-74.0538	-74.0463	-74.0382	-74.0296	-74.0209	-74.0122	-74.0037	-73.9956	-73.9881	-73.9814	-73.9758	-73.9713	-73.9681	-73.9664	-73.9661	-73.9673	-73.97	-73.974	-73.9795	-73.9871
4.22	-73.8594	-73.8853	-73.9189	-73.9527	-73.9835	-74.01	-74.0317	-74.0489	-74.0617	-74.0707	-74.0762	-74.0788	-74.0788	-74.0767	-74.0728	-74.0674	-74.0608	-74.0534	-74.0453	-74.0368	-74.028	-74.0194	-74.0109	-74.0028	-73.9954	-73.9887	-73.9831	-73.9786	-73.9754	-73.9737	-73.9734	-73.9747	-73.9773	-73.9813	-73.9868	-73.9944
4.225	-73.8663	-73.8922	-73.9258	-73.9596	-73.9904	-74.0168	-74.0386	-74.0557	-74.0686	-74.0775	-74.0831	-74.0857	-74.0857	-74.0836	-74.0797	-74.0744	-74.0678	-74.0604	-74.0523	-74.0439	-74.0352	-74.0265	-74.0181	-74.01	-74.0026	-73.996	-73.9904	-73.9859	-73.9827	-73.981	-73.9808	-73.982	-73.9846	-73.9886	-73.9941	-74.0017
4.23	-73.8733	-73.8991	-73.9327	-73.9664	-73.9972	-74.0236	-74.0454	-74.0625	-74.0754	-74.0844	-74.0899	-74.0925	-74.0926	-74.0905	-74.0867	-74.0813	-74.0748	-74.0674	-74.0594	-74.051	-74.0423	-74.0337	-74.0253	-74.0173	-74.0098	-74.0032	-73.9976	-73.9932	-73.99	-73.9883	-73.9881	-73.9893	-73.9919	-73.9959	-74.0014	-74.0089
4.235	-73.8802	-73.906	-73.9396	-73.9733	-74.004	-74.0304	-74.0522	-74.0693	-74.0822	-74.0912	-74.0968	-74.0994	-74.0995	-74.0974	-74.0936	-74.0883	-74.0818	-74.0745	-74.0665	-74.058	-74.0494	-74.0408	-74.0324	-74.0244	-74.0171	-74.0105	-74.0049	-74.0004	-73.9973	-73.9956	-73.9954	-73.9966	-73.9992	-74.0032	-74.0087	-74.0162
4.24	-73.8871	-73.9129	-73.9464	-73.9801	-74.0108	-74.0372	-74.059	-74.0761	-74.089	-74.098	-74.1036	-74.1062	-74.1063	-74.1043	-74.1005	-74.0952	-74.0888	-74.0815	-74.0735	-74.0651	-74.0565	-74.0479	-74.0396	-74.0316	-74.0243	-74.0177	-74.0121	-74.0077	-74.0046	-74.0029	-74.0026	-74.0039	-74.0065	-74.0104	-74.0159	-74.0234
4.245	-73.8939	-73.9197	-73.9532	-73.9869	-74.0176	-74.044	-74.0657	-74.0829	-74.0958	-74.1048	-74.1104	-74.1131	-74.1132	-74.1112	-74.1074	-74.1021	-74.0957	-74.0884	-74.0805	-74.0721	-74.0636	-74.055	-74.0467	-74.0388	-74.0314	-74.0249	-74.0193	-74.0149	-74.0118	-74.0101	-74.0099	-74.0111	-74.0137	-74.0177	-74.0232	-74.0306
4.25	-73.9008	-73.9266	-73.9601	-73.9937	-74.0244	-74.0508	-74.0725	-74.0896	-74.1025	-74.1115	-74.1172	-74.1199	-74.12	-74.118	-74.1143	-74.1091	-74.1027	-74.0954	-74.0875	-74.0792	-74.0706	-74.0621	-74.0538	-74.0459	-74.0386	-74.0321	-74.0265	-74.0221	-74.019	-74.0174	-74.0171	-74.0184	-74.021	-74.0249	-74.0304	-74.0378
4.255	-73.9076	-73.9334	-73.9669	-74.0005	-74.0311	-74.0575	-74.0792	-74.0964	-74.1093	-74.1183	-74.124	-74.1267	-74.1268	-74.1249	-74.1211	-74.116	-74.1096	-74.1024	-74.0945	-74.0862	-74.0777	-74.0692	-74.0609	-74.053	-74.0458	-74.0393	-74.0337	-74.0293	-74.0263	-74.0246	-74.0244	-74.0256	-74.0282	-74.0321	-74.0376	-74.045
4.26	-73.9145	-73.9402	-73.9737	-74.0072	-74.0379	-74.0643	-74.086	-74.1031	-74.116	-74.1251	-74.1307	-74.1334	-74.1336	-74.1317	-74.128	-74.1228	-74.1165	-74.1093	-74.1015	-74.0932	-74.0847	-74.0763	-74.068	-74.0601	-74.0529	-74.0464	-74.0409	-74.0365	-74.0334	-74.0318	-74.0316	-74.0328	-74.0354	-74.0393	-74.0447	-74.0522
4.265	-73.9213	-73.947	-73.9804	-74.014	-74.0446	-74.071	-74.0927	-74.1098	-74.1227	-74.1318	-74.1375	-74.1402	-74.1404	-74.1385	-74.1348	-74.1297	-74.1234	-74.1162	-74.1084	-74.1002	-74.0917	-74.0833	-74.0751	-74.0672	-74.06	-74.0535	-74.048	-74.0437	-74.0406	-74.039	-74.0387	-74.04	-74.0425	-74.0465	-74.0519	-74.0593
4.27	-73.9281	-73.9538	-73.9872	-74.0207	-74.0513	-74.0777	-74.0994	-74.1165	-74.1294	-74.1385	-74.1442	-74.147	-74.1472	-74.1453	-74.1417	-74.1366	-74.1303	-74.1231	-74.1153	-74.1071	-74.0987	-74.0903	-74.0821	-74.0743	-74.0671	-74.0607	-74.0552	-74.0508	-74.0478	-74.0461	-74.0459	-74.0471	-74.0497	-74.0536	-74.0591	-74.0665
4.275	-73.9349	-73.9606	-73.9939	-74.0275	-74.058	-74.0844	-74.1061	-74.1232	-74.1361	-74.1452	-74.1509	-74.1537	-74.154	-74.1521	-74.1485	-74.1434	-74.1372	-74.13	-74.1223	-74.1141	-74.1057	-74.0973	-74.0891	-74.0814	-74.0742	-74.0678	-74.0623	-74.058	-74.0549	-74.0533	-74.0531	-74.0543	-74.0568	-74.0608	-74.0662	-74.0736
4.28	-73.9417	-73.9674	-74.0007	-74.0342	-74.0647	-74.0911	-74.1128	-74.1299	-74.1428	-74.1519	-74.1576	-74.1604	-74.1607	-74.1589	-74.1553	-74.1502	-74.144	-74.1369	-74.1292	-74.121	-74.1127	-74.1043	-74.0962	-74.0884	-74.0812	-74.0748	-74.0694	-74.0651	-74.0621	-74.0604	-74.0602	-74.0614	-74.064	-74.0679	-74.0733	-74.0807
4.285	-73.9485	-73.9741	-74.0074	-74.0409	-74.0714	-74.0977	-74.1194	-74.1366	-74.1495	-74.1586	-74.1643	-74.1671	-74.1674	-74.1656	-74.162	-74.157	-74.1508	-74.1438	-74.1361	-74.1279	-74.1196	-74.1113	-74.1032	-74.0954	-74.0883	-74.0819	-74.0765	-74.0722	-74.0692	-74.0675	-74.0673	-74.0685	-74.0711	-74.075	-74.0804	-74.0878
4.29	-73.9552	-73.9808	-74.0141	-74.0476	-74.0781	-74.1044	-74.1261	-74.1432	-74.1561	-74.1652	-74.171	-74.1738	-74.1742	-74.1724	-74.1688	-74.1638	-74.1577	-74.1506	-74.1429	-74.1348	-74.1266	-74.1183	-74.1102	-74.1025	-74.0953	-74.089	-74.0836	-74.0793	-74.0763	-74.0746	-74.0744	-74.0756	-74.0782	-74.0821	-74.0875	-74.0948
4.295	-73.962	-73.9876	-74.0208	-74.0542	-74.0847	-74.111	-74.1327	-74.1498	-74.1628	-74.1719	-74.1777	-74.1805	-74.1809	-74.1791	-74.1756	-74.1706	-74.1645	-74.1575	-74.1498	-74.1417	-74.1335	-74.1252	-74.1171	-74.1095	-74.1023	-74.096	-74.0906	-74.0863	-74.0833	-74.0817	-74.0815	-74.0827	-74.0853	-74.0891	-74.0945	-74.1019
4.3	-73.9687	-73.9943	-74.0275	-74.0609	-74.0914	-74.1177	-74.1393	-74.1565	-74.1694	-74.1785	-74.1843	-74.1872	-74.1875	-74.1858	-74.1823	-74.1774	-74.1713	-74.1643	-74.1567	-74.1486	-74.1404	-74.1321	-74.1241	-74.1164	-74.1093	-74.103	-74.0976	-74.0934	-74.0904	-74.0888	-74.0886	-74.0898	-74.0923	-74.0962	-74.1016	-74.1089
4.305	-73.9754	-74.001	-74.0342	-74.0675	-74.098	-74.1243	-74.1459	-74.1631	-74.176	-74.1852	-74.1909	-74.1938	-74.1942	-74.1925	-74.189	-74.1841	-74.178	-74.1711	-74.1635	-74.1555	-74.1473	-74.139	-74.131	-74.1234	-74.1163	-74.11	-74.1047	-74.1004	-74.0974	-74.0958	-74.0956	-74.0968	-74.0994	-74.1032	-74.1086	-74.1159
4.31	-73.9821	-74.0077	-74.0408	-74.0742	-74.1046	-74.1309	-74.1525	-74.1697	-74.1826	-74.1918	-74.1976	-74.2005	-74.2009	-74.1992	-74.1957	-74.1908	-74.1848	-74.1779	-74.1703	-74.1623	-74.1541	-74.146	-74.138	-74.1303	-74.1233	-74.117	-74.1117	-74.1074	-74.1045	-74.1029	-74.1027	-74.1039	-74.1064	-74.1102	-74.1156	-74.1229
4.315	-73.9888	-74.0143	-74.0475	-74.0808	-74.1112	-74.1375	-74.1591	-74.1762	-74.1892	-74.1983	-74.2042	-74.2071	-74.2075	-74.2059	-74.2024	-74.1976	-74.1915	-74.1846	-74.1771	-74.1692	-74.161	-74.1528	-74.1449	-74.1373	-74.1303	-74.124	-74.1187	-74.1144	-74.1115	-74.1099	-74.1097	-74.1109	-74.1134	-74.1172	-74.1226	-74.1299
4.32	-73.9955	-74.021	-74.0541	-74.0874	-74.1178	-74.144	-74.1657	-74.1828	-74.1958	-74.2049	-74.2108	-74.2137	-74.2142	-74.2125	-74.2091	-74.2043	-74.1983	-74.1914	-74.1839	-74.176	-74.1678	-74.1597	-74.1518	-74.1442	-74.1372	-74.131	-74.1256	-74.1214	-74.1185	-74.1169	-74.1167	-74.1179	-74.1204	-74.1242	-74.1296	-74.1369
4.325	-74.0022	-74.0276	-74.0607	-74.094	-74.1244	-74.1506	-74.1722	-74.1894	-74.2023	-74.2115	-74.2174	-74.2203	-74.2208	-74.2191	-74.2158	-74.211	-74.205	-74.1982	-74.1907	-74.1828	-74.1747	-74.1666	-74.1586	-74.1511	-74.1441	-74.1379	-74.1326	-74.1284	-74.1255	-74.1239	-74.1237	-74.1249	-74.1274	-74.1312	-74.1365	-74.1439
4.33	-74.0088	-74.0343	-74.0673	-74.1006	-74.1309	-74.1571	-74.1788	-74.1959	-74.2089	-74.2181	-74.2239	-74.2269	-74.2274	-74.2258	-74.2224	-74.2176	-74.2117	-74.2049	-74.1974	-74.1896	-74.1815	-74.1734	-74.1655	-74.158	-74.151	-74.1448	-74.1395	-74.1354	-74.1324	-74.1308	-74.1306	-74.1318	-74.1343	-74.1382	-74.1435	-74.1508
4.335	-74.0155	-74.0409	-74.0739	-74.1071	-74.1375	-74.1637	-74.1853	-74.2024	-74.2154	-74.2246	-74.2305	-74.2335	-74.234	-74.2324	-74.2291	-74.2243	-74.2184	-74.2116	-74.2042	-74.1963	-74.1883	-74.1802	-74.1723	-74.1649	-74.1579	-74.1517	-74.1465	-74.1423	-74.1394	-74.1378	-74.1376	-74.1388	-74.1413	-74.1451	-74.1504	-74.1577
4.34	-74.0221	-74.0475	-74.0805	-74.1137	-74.144	-74.1702	-74.1918	-74.2089	-74.2219	-74.2311	-74.237	-74.24	-74.2406	-74.239	-74.2357	-74.2309	-74.2251	-74.2183	-74.2109	-74.2031	-74.1951	-74.187	-74.1792	-74.1717	-74.1648	-74.1586	-74.1534	-74.1492	-74.1463	-74.1447	-74.1445	-74.1457	-74.1482	-74.152	-74.1573	-74.1646
4.345	-74.0287	-74.0541	-74.0871	-74.1202	-74.1506	-74.1767	-74.1983	-74.2154	-74.2284	-74.2376	-74.2435	-74.2466	-74.2471	-74.2456	-74.2423	-74.2376	-74.2317	-74.225	-74.2176	-74.2098	-74.2018	-74.1938	-74.186	-74.1786	-74.1717	-74.1655	-74.1603	-74.1561	-74.1532	-74.1516	-74.1515	-74.1526	-74.1551	-74.1589	-74.1642	-74.1715
4.35	-74.0353	-74.0607	-74.0936	-74.1268	-74.1571	-74.1832	-74.2048	-74.2219	-74.2349	-74.2441	-74.2501	-74.2531	-74.2537	-74.2522	-74.2489	-74.2442	-74.2384	-74.2317	-74.2243	-74.2166	-74.2086	-74.2006	-74.1928	-74.1854	-74.1785	-74.1724	-74.1672	-74.163	-74.1601	-74.1586	-74.1584	-74.1596	-74.162	-74.1658	-74.1711	-74.1784
4.355	-74.0419	-74.0672	-74.1002	-74.1333	-74.1636	-74.1897	-74.2113	-74.2284	-74.2414	-74.2506	-74.2566	-74.2596	-74.2602	-74.2587	-74.2555	-74.2508	-74.245	-74.2383	-74.231	-74.2233	-74.2153	-74.2074	-74.1996	-74.1922	-74.1853	-74.1792	-74.174	-74.1699	-74.167	-74.1655	-74.1653	-74.1664	-74.1689	-74.1727	-74.178	-74.1852
4.36	-74.0485	-74.0738	-74.1067	-74.1398	-74.17	-74.1962	-74.2177	-74.2349	-74.2479	-74.2571	-74.263	-74.2661	-74.2667	-74.2653	-74.262	-74.2574	-74.2516	-74.245	-74.2377	-74.23	-74.222	-74.2141	-74.2064	-74.199	-74.1922	-74.1861	-74.1809	-74.1768	-74.1739	-74.1723	-74.1721	-74.1733	-74.1758	-74.1796	-74.1848	-74.1921
4.365	-74.055	-74.0803	-74.1132	-74.1463	-74.1765	-74.2026	-74.2242	-74.2413	-74.2543	-74.2636	-74.2695	-74.2726	-74.2732	-74.2718	-74.2686	-74.264	-74.2582	-74.2516	-74.2443	-74.2366	-74.2288	-74.2208	-74.2131	-74.2058	-74.199	-74.1929	-74.1877	-74.1836	-74.1807	-74.1792	-74.179	-74.1802	-74.1827	-74.1864	-74.1917	-74.1989
4.37	-74.0616	-74.0869	-74.1197	-74.1528	-74.183	-74.2091	-74.2306	-74.2477	-74.2607	-74.27	-74.276	-74.2791	-74.2797	-74.2783	-74.2751	-74.2705	-74.2648	-74.2582	-74.251	-74.2433	-74.2355	-74.2276	-74.2199	-74.2125	-74.2057	-74.1997	-74.1945	-74.1905	-74.1876	-74.186	-74.1859	-74.187	-74.1895	-74.1933	-74.1985	-74.2057
4.375	-74.0681	-74.0934	-74.1262	-74.1592	-74.1894	-74.2155	-74.2371	-74.2542	-74.2672	-74.2764	-74.2824	-74.2856	-74.2862	-74.2848	-74.2817	-74.2771	-74.2714	-74.2648	-74.2576	-74.25	-74.2421	-74.2343	-74.2266	-74.2193	-74.2125	-74.2065	-74.2013	-74.1973	-74.1944	-74.1929	-74.1927	-74.1939	-74.1963	-74.2001	-74.2053	-74.2125
4.38	-74.0747	-74.0999	-74.1327	-74.1657	-74.1959	-74.2219	-74.2435	-74.2606	-74.2736	-74.2829	-74.2889	-74.292	-74.2927	-74.2913	-74.2882	-74.2836	-74.278	-74.2714	-74.2642	-74.2566	-74.2488	-74.241	-74.2333	-74.226	-74.2193	-74.2133	-74.2081	-74.2041	-74.2012	-74.1997	-74.1995	-74.2007	-74.2031	-74.2069	-74.2121	-74.2193
4.385	-74.0812	-74.1064	-74.1392	-74.1721	-74.2023	-74.2283	-74.2499	-74.267	-74.28	-74.2893	-74.2953	-74.2984	-74.2991	-74.2978	-74.2947	-74.2902	-74.2845	-74.278	-74.2708	-74.2632	-74.2555	-74.2477	-74.24	-74.2327	-74.226	-74.22	-74.2149	-74.2109	-74.208	-74.2065	-74.2063	-74.2075	-74.2099	-74.2137	-74.2189	-74.226
4.39	-74.0877	-74.1129	-74.1456	-74.1786	-74.2087	-74.2347	-74.2563	-74.2734	-74.2864	-74.2957	-74.3017	-74.3049	-74.3056	-74.3042	-74.3012	-74.2967	-74.291	-74.2846	-74.2774	-74.2699	-74.2621	-74.2543	-74.2467	-74.2395	-74.2327	-74.2268	-74.2217	-74.2176	-74.2148	-74.2133	-74.2131	-74.2142	-74.2167	-74.2204	-74.2256	-74.2328
4.395	-74.0942	-74.1193	-74.1521	-74.185	-74.2151	-74.2411	-74.2626	-74.2797	-74.2928	-74.3021	-74.3081	-74.3113	-74.312	-74.3107	-74.3076	-74.3032	-74.2976	-74.2911	-74.284	-74.2765	-74.2687	-74.261	-74.2534	-74.2461	-74.2395	-74.2335	-74.2284	-74.2244	-74.2216	-74.22	-74.2199	-74.221	-74.2235	-74.2272	-74.2324	-74.2395
4.4	-74.1007	-74.1258	-74.1585	-74.1914	-74.2215	-74.2475	-74.269	-74.2861	-74.2991	-74.3084	-74.3145	-74.3177	-74.3184	-74.3171	-74.3141	-74.3097	-74.3041	-74.2976	-74.2906	-74.283	-74.2753	-74.2676	-74.26	-74.2528	-74.2462	-74.2402	-74.2351	-74.2311	-74.2283	-74.2268	-74.2266	-74.2278	-74.2302	-74.2339	-74.2391	-74.2463
4.405	-74.1071	-74.1322	-74.1649	-74.1978	-74.2279	-74.2538	-74.2753	-74.2925	-74.3055	-74.3148	-74.3209	-74.3241	-74.3248	-74.3236	-74.3205	-74.3161	-74.3106	-74.3042	-74.2971	-74.2896	-74.2819	-74.2742	-74.2667	-74.2595	-74.2528	-74.2469	-74.2419	-74.2379	-74.235	-74.2335	-74.2334	-74.2345	-74.2369	-74.2406	-74.2458	-74.253
4.41	-74.1136	-74.1387	-74.1713	-74.2042	-74.2342	-74.2602	-74.2817	-74.2988	-74.3118	-74.3211	-74.3272	-74.3304	-74.3312	-74.33	-74.327	-74.3226	-74.3171	-74.3107	-74.3036	-74.2962	-74.2885	-74.2808	-74.2733	-74.2661	-74.2595	-74.2536	-74.2486	-74.2446	-74.2418	-74.2403	-74.2401	-74.2412	-74.2437	-74.2474	-74.2525	-74.2596
4.415	-74.12	-74.1451	-74.1777	-74.2105	-74.2406	-74.2665	-74.288	-74.3051	-74.3181	-74.3275	-74.3336	-74.3368	-74.3376	-74.3364	-74.3334	-74.329	-74.3235	-74.3172	-74.3102	-74.3027	-74.2951	-74.2874	-74.2799	-74.2728	-74.2662	-74.2603	-74.2552	-74.2513	-74.2485	-74.247	-74.2468	-74.2479	-74.2504	-74.254	-74.2592	-74.2663
4.42	-74.1265	-74.1515	-74.1841	-74.2169	-74.2469	-74.2728	-74.2943	-74.3114	-74.3245	-74.3338	-74.3399	-74.3432	-74.344	-74.3428	-74.3398	-74.3355	-74.33	-74.3236	-74.3167	-74.3092	-74.3016	-74.294	-74.2865	-74.2794	-74.2728	-74.2669	-74.2619	-74.258	-74.2552	-74.2537	-74.2535	-74.2546	-74.257	-74.2607	-74.2659	-74.273
4.425	-74.1329	-74.1579	-74.1905	-74.2232	-74.2532	-74.2791	-74.3006	-74.3177	-74.3308	-74.3401	-74.3462	-74.3495	-74.3503	-74.3491	-74.3462	-74.3419	-74.3364	-74.3301	-74.3232	-74.3158	-74.3082	-74.3006	-74.2931	-74.286	-74.2794	-74.2736	-74.2686	-74.2646	-74.2618	-74.2603	-74.2602	-74.2613	-74.2637	-74.2674	-74.2725	-74.2796
4.43	-74.1393	-74.1643	-74.1968	-74.2296	-74.2595	-74.2854	-74.3069	-74.324	-74.3371	-74.3464	-74.3525	-74.3558	-74.3567	-74.3555	-74.3526	-74.3483	-74.3429	-74.3366	-74.3296	-74.3223	-74.3147	-74.3071	-74.2997	-74.2926	-74.2861	-74.2802	-74.2752	-74.2713	-74.2685	-74.267	-74.2668	-74.268	-74.2704	-74.274	-74.2792	-74.2863
4.435	-74.1457	-74.1707	-74.2032	-74.2359	-74.2658	-74.2917	-74.3132	-74.3303	-74.3433	-74.3527	-74.3588	-74.3621	-74.363	-74.3618	-74.359	-74.3547	-74.3493	-74.343	-74.3361	-74.3288	-74.3212	-74.3137	-74.3063	-74.2992	-74.2927	-74.2868	-74.2819	-74.2779	-74.2752	-74.2737	-74.2735	-74.2746	-74.277	-74.2807	-74.2858	-74.2929
4.44	-74.1521	-74.177	-74.2095	-74.2422	-74.2721	-74.298	-74.3195	-74.3366	-74.3496	-74.359	-74.3651	-74.3684	-74.3693	-74.3682	-74.3653	-74.3611	-74.3557	-74.3494	-74.3425	-74.3352	-74.3277	-74.3202	-74.3128	-74.3058	-74.2992	-74.2934	-74.2885	-74.2845	-74.2818	-74.2803	-74.2801	-74.2813	-74.2837	-74.2873	-74.2924	-74.2995
4.445	-74.1585	-74.1834	-74.2158	-74.2485	-74.2784	-74.3043	-74.3257	-74.3428	-74.3559	-74.3652	-74.3714	-74.3747	-74.3756	-74.3745	-74.3717	-74.3674	-74.3621	-74.3559	-74.349	-74.3417	-74.3342	-74.3267	-74.3193	-74.3123	-74.3058	-74.3	-74.2951	-74.2912	-74.2884	-74.2869	-74.2868	-74.2879	-74.2903	-74.2939	-74.299	-74.3061
4.45	-74.1648	-74.1897	-74.2221	-74.2548	-74.2847	-74.3105	-74.332	-74.3491	-74.3621	-74.3715	-74.3776	-74.381	-74.3819	-74.3808	-74.378	-74.3738	-74.3685	-74.3623	-74.3554	-74.3482	-74.3407	-74.3332	-74.3259	-74.3188	-74.3124	-74.3066	-74.3017	-74.2978	-74.295	-74.2935	-74.2934	-74.2945	-74.2969	-74.3005	-74.3056	-74.3126
4.455	-74.1712	-74.1961	-74.2284	-74.2611	-74.2909	-74.3168	-74.3382	-74.3553	-74.3683	-74.3777	-74.3839	-74.3873	-74.3882	-74.3871	-74.3843	-74.3801	-74.3748	-74.3686	-74.3618	-74.3546	-74.3471	-74.3397	-74.3324	-74.3254	-74.3189	-74.3131	-74.3082	-74.3043	-74.3016	-74.3001	-74.3	-74.3011	-74.3035	-74.3071	-74.3122	-74.3192
4.46	-74.1775	-74.2024	-74.2347	-74.2673	-74.2972	-74.323	-74.3444	-74.3615	-74.3745	-74.3839	-74.3901	-74.3935	-74.3945	-74.3934	-74.3906	-74.3865	-74.3812	-74.375	-74.3682	-74.361	-74.3536	-74.3461	-74.3388	-74.3319	-74.3254	-74.3197	-74.3148	-74.3109	-74.3082	-74.3067	-74.3065	-74.3077	-74.31	-74.3136	-74.3187	-74.3257
4.465	-74.1838	-74.2087	-74.241	-74.2736	-74.3034	-74.3292	-74.3506	-74.3677	-74.3807	-74.3902	-74.3963	-74.3997	-74.4007	-74.3997	-74.3969	-74.3928	-74.3875	-74.3814	-74.3746	-74.3674	-74.36	-74.3526	-74.3453	-74.3384	-74.332	-74.3262	-74.3213	-74.3175	-74.3148	-74.3133	-74.3131	-74.3142	-74.3166	-74.3202	-74.3253	-74.3323
4.47	-74.1902	-74.215	-74.2473	-74.2798	-74.3096	-74.3354	-74.3568	-74.3739	-74.3869	-74.3964	-74.4026	-74.406	-74.407	-74.4059	-74.4032	-74.3991	-74.3938	-74.3877	-74.381	-74.3738	-74.3664	-74.359	-74.3518	-74.3449	-74.3385	-74.3327	-74.3279	-74.324	-74.3213	-74.3198	-74.3197	-74.3208	-74.3231	-74.3267	-74.3318	-74.3388
4.475	-74.1965	-74.2213	-74.2535	-74.286	-74.3158	-74.3416	-74.363	-74.3801	-74.3931	-74.4025	-74.4088	-74.4122	-74.4132	-74.4122	-74.4095	-74.4054	-74.4002	-74.3941	-74.3874	-74.3802	-74.3729	-74.3655	-74.3582	-74.3513	-74.345	-74.3392	-74.3344	-74.3305	-74.3278	-74.3264	-74.3262	-74.3273	-74.3297	-74.3333	-74.3383	-74.3453
4.48	-74.2028	-74.2275	-74.2598	-74.2923	-74.322	-74.3478	-74.3692	-74.3862	-74.3993	-74.4087	-74.4149	-74.4184	-74.4194	-74.4184	-74.4157	-74.4117	-74.4065	-74.4004	-74.3937	-74.3866	-74.3793	-74.3719	-74.3647	-74.3578	-74.3514	-74.3457	-74.3409	-74.3371	-74.3344	-74.3329	-74.3327	-74.3338	-74.3362	-74.3398	-74.3448	-74.3518
4.485	-74.209	-74.2338	-74.266	-74.2985	-74.3282	-74.354	-74.3753	-74.3924	-74.4055	-74.4149	-74.4211	-74.4246	-74.4256	-74.4247	-74.422	-74.4179	-74.4128	-74.4067	-74.4	-74.3929	-74.3856	-74.3783	-74.3711	-74.3643	-74.3579	-74.3522	-74.3474	-74.3436	-74.3409	-74.3394	-74.3392	-74.3404	-74.3427	-74.3463	-74.3513	-74.3583
4.49	-74.2153	-74.24	-74.2722	-74.3047	-74.3344	-74.3601	-74.3815	-74.3985	-74.4116	-74.421	-74.4273	-74.4307	-74.4318	-74.4309	-74.4282	-74.4242	-74.419	-74.413	-74.4064	-74.3993	-74.392	-74.3847	-74.3775	-74.3707	-74.3643	-74.3587	-74.3539	-74.35	-74.3474	-74.3459	-74.3457	-74.3468	-74.3492	-74.3527	-74.3578	-74.3647
4.495	-74.2216	-74.2463	-74.2784	-74.3108	-74.3405	-74.3663	-74.3876	-74.4047	-74.4177	-74.4272	-74.4334	-74.4369	-74.438	-74.4371	-74.4344	-74.4304	-74.4253	-74.4193	-74.4127	-74.4056	-74.3984	-74.3911	-74.3839	-74.3771	-74.3708	-74.3651	-74.3603	-74.3565	-74.3538	-74.3524	-74.3522	-74.3533	-74.3557	-74.3592	-74.3642	-74.3712
4.5	-74.2278	-74.2525	-74.2846	-74.317	-74.3467	-74.3724	-74.3937	-74.4108	-74.4239	-74.4333	-74.4396	-74.4431	-74.4442	-74.4433	-74.4406	-74.4367	-74.4315	-74.4256	-74.419	-74.4119	-74.4047	-74.3974	-74.3903	-74.3835	-74.3772	-74.3716	-74.3668	-74.363	-74.3603	-74.3589	-74.3587	-74.3598	-74.3621	-74.3657	-74.3707	-74.3776
4.505	-74.2341	-74.2587	-74.2908	-74.3232	-74.3528	-74.3785	-74.3999	-74.4169	-74.43	-74.4394	-74.4457	-74.4492	-74.4503	-74.4494	-74.4468	-74.4429	-74.4378	-74.4318	-74.4253	-74.4183	-74.411	-74.4038	-74.3967	-74.3899	-74.3836	-74.378	-74.3732	-74.3694	-74.3668	-74.3653	-74.3652	-74.3662	-74.3686	-74.3721	-74.3771	-74.384
4.51	-74.2403	-74.2649	-74.297	-74.3293	-74.359	-74.3846	-74.406	-74.423	-74.4361	-74.4455	-74.4518	-74.4553	-74.4565	-74.4556	-74.453	-74.4491	-74.444	-74.4381	-74.4315	-74.4246	-74.4174	-74.4101	-74.403	-74.3963	-74.39	-74.3844	-74.3796	-74.3759	-74.3732	-74.3718	-74.3716	-74.3727	-74.375	-74.3785	-74.3835	-74.3904
4.515	-74.2465	-74.2711	-74.3032	-74.3355	-74.3651	-74.3907	-74.4121	-74.4291	-74.4422	-74.4516	-74.4579	-74.4615	-74.4626	-74.4617	-74.4592	-74.4553	-74.4502	-74.4443	-74.4378	-74.4308	-74.4237	-74.4165	-74.4094	-74.4026	-74.3964	-74.3908	-74.3861	-74.3823	-74.3796	-74.3782	-74.378	-74.3791	-74.3814	-74.3849	-74.3899	-74.3968
4.52	-74.2527	-74.2773	-74.3093	-74.3416	-74.3712	-74.3968	-74.4181	-74.4352	-74.4482	-74.4577	-74.464	-74.4676	-74.4687	-74.4679	-74.4654	-74.4614	-74.4564	-74.4506	-74.444	-74.4371	-74.43	-74.4228	-74.4157	-74.409	-74.4028	-74.3972	-74.3924	-74.3887	-74.386	-74.3846	-74.3844	-74.3855	-74.3878	-74.3913	-74.3963	-74.4032
4.525	-74.2589	-74.2835	-74.3155	-74.3477	-74.3773	-74.4029	-74.4242	-74.4412	-74.4543	-74.4638	-74.4701	-74.4737	-74.4748	-74.474	-74.4715	-74.4676	-74.4626	-74.4568	-74.4503	-74.4434	-74.4362	-74.4291	-74.422	-74.4153	-74.4091	-74.4036	-74.3988	-74.3951	-74.3924	-74.391	-74.3908	-74.3919	-74.3942	-74.3977	-74.4027	-74.4096
4.53	-74.2651	-74.2896	-74.3216	-74.3538	-74.3834	-74.409	-74.4303	-74.4473	-74.4604	-74.4699	-74.4762	-74.4798	-74.4809	-74.4801	-74.4776	-74.4738	-74.4688	-74.463	-74.4565	-74.4496	-74.4425	-74.4354	-74.4284	-74.4217	-74.4155	-74.4099	-74.4052	-74.4015	-74.3988	-74.3974	-74.3972	-74.3983	-74.4006	-74.4041	-74.409	-74.4159
4.535	-74.2713	-74.2958	-74.3277	-74.3599	-74.3894	-74.415	-74.4363	-74.4533	-74.4664	-74.4759	-74.4822	-74.4858	-74.487	-74.4862	-74.4838	-74.4799	-74.475	-74.4692	-74.4627	-74.4558	-74.4488	-74.4416	-74.4346	-74.428	-74.4218	-74.4163	-74.4116	-74.4078	-74.4052	-74.4038	-74.4036	-74.4047	-74.407	-74.4105	-74.4154	-74.4223
4.54	-74.2774	-74.3019	-74.3338	-74.366	-74.3955	-74.4211	-74.4423	-74.4594	-74.4725	-74.4819	-74.4883	-74.4919	-74.4931	-74.4923	-74.4899	-74.4861	-74.4811	-74.4753	-74.4689	-74.4621	-74.455	-74.4479	-74.4409	-74.4343	-74.4281	-74.4226	-74.4179	-74.4142	-74.4116	-74.4101	-74.41	-74.411	-74.4133	-74.4168	-74.4217	-74.4286
4.545	-74.2836	-74.308	-74.3399	-74.3721	-74.4016	-74.4271	-74.4484	-74.4654	-74.4785	-74.488	-74.4943	-74.4979	-74.4992	-74.4984	-74.496	-74.4922	-74.4873	-74.4815	-74.4751	-74.4683	-74.4612	-74.4541	-74.4472	-74.4406	-74.4344	-74.4289	-74.4242	-74.4205	-74.4179	-74.4165	-74.4163	-74.4174	-74.4197	-74.4231	-74.4281	-74.4349
4.55	-74.2897	-74.3141	-74.346	-74.3781	-74.4076	-74.4331	-74.4544	-74.4714	-74.4845	-74.494	-74.5004	-74.504	-74.5052	-74.5045	-74.5021	-74.4983	-74.4934	-74.4876	-74.4813	-74.4745	-74.4675	-74.4604	-74.4535	-74.4468	-74.4407	-74.4352	-74.4306	-74.4269	-74.4242	-74.4228	-74.4227	-74.4237	-74.426	-74.4295	-74.4344	-74.4412
4.555	-74.2958	-74.3203	-74.3521	-74.3842	-74.4136	-74.4391	-74.4604	-74.4774	-74.4905	-74.5	-74.5064	-74.51	-74.5113	-74.5106	-74.5082	-74.5044	-74.4995	-74.4938	-74.4874	-74.4807	-74.4737	-74.4666	-74.4597	-74.4531	-74.447	-74.4415	-74.4369	-74.4332	-74.4306	-74.4292	-74.429	-74.4301	-74.4323	-74.4358	-74.4407	-74.4475
4.56	-74.302	-74.3263	-74.3581	-74.3902	-74.4196	-74.4452	-74.4664	-74.4834	-74.4965	-74.506	-74.5124	-74.516	-74.5173	-74.5166	-74.5142	-74.5105	-74.5056	-74.4999	-74.4936	-74.4868	-74.4799	-74.4728	-74.4659	-74.4594	-74.4533	-74.4478	-74.4432	-74.4395	-74.4369	-74.4355	-74.4353	-74.4364	-74.4386	-74.4421	-74.447	-74.4538
4.565	-74.3081	-74.3324	-74.3642	-74.3962	-74.4256	-74.4511	-74.4724	-74.4894	-74.5025	-74.512	-74.5184	-74.522	-74.5233	-74.5226	-74.5203	-74.5165	-74.5117	-74.506	-74.4997	-74.493	-74.486	-74.479	-74.4722	-74.4656	-74.4595	-74.4541	-74.4494	-74.4458	-74.4432	-74.4418	-74.4416	-74.4427	-74.4449	-74.4483	-74.4532	-74.46
4.57	-74.3142	-74.3385	-74.3702	-74.4023	-74.4316	-74.4571	-74.4783	-74.4953	-74.5084	-74.518	-74.5244	-74.528	-74.5293	-74.5287	-74.5263	-74.5226	-74.5178	-74.5121	-74.5059	-74.4991	-74.4922	-74.4852	-74.4784	-74.4718	-74.4658	-74.4603	-74.4557	-74.452	-74.4495	-74.4481	-74.4479	-74.4489	-74.4512	-74.4546	-74.4595	-74.4663
4.575	-74.3203	-74.3446	-74.3763	-74.4083	-74.4376	-74.4631	-74.4843	-74.5013	-74.5144	-74.5239	-74.5303	-74.534	-74.5353	-74.5347	-74.5324	-74.5287	-74.5239	-74.5182	-74.512	-74.5053	-74.4984	-74.4914	-74.4846	-74.478	-74.472	-74.4666	-74.462	-74.4583	-74.4557	-74.4543	-74.4542	-74.4552	-74.4574	-74.4609	-74.4657	-74.4725
4.58	-74.3263	-74.3506	-74.3823	-74.4143	-74.4436	-74.4691	-74.4902	-74.5072	-74.5203	-74.5299	-74.5363	-74.54	-74.5413	-74.5407	-74.5384	-74.5347	-74.5299	-74.5243	-74.5181	-74.5114	-74.5045	-74.4976	-74.4908	-74.4842	-74.4782	-74.4728	-74.4682	-74.4646	-74.462	-74.4606	-74.4604	-74.4615	-74.4637	-74.4671	-74.472	-74.4787
4.585	-74.3324	-74.3567	-74.3883	-74.4203	-74.4496	-74.475	-74.4962	-74.5132	-74.5263	-74.5358	-74.5422	-74.5459	-74.5473	-74.5467	-74.5444	-74.5407	-74.536	-74.5304	-74.5242	-74.5175	-74.5106	-74.5037	-74.4969	-74.4904	-74.4844	-74.479	-74.4744	-74.4708	-74.4682	-74.4668	-74.4667	-74.4677	-74.4699	-74.4733	-74.4782	-74.485
4.59	-74.3384	-74.3627	-74.3943	-74.4262	-74.4555	-74.4809	-74.5021	-74.5191	-74.5322	-74.5417	-74.5482	-74.5519	-74.5533	-74.5527	-74.5504	-74.5468	-74.542	-74.5365	-74.5302	-74.5236	-74.5168	-74.5099	-74.5031	-74.4966	-74.4906	-74.4852	-74.4807	-74.477	-74.4745	-74.4731	-74.4729	-74.4739	-74.4762	-74.4796	-74.4844	-74.4911
4.595	-74.3445	-74.3687	-74.4003	-74.4322	-74.4615	-74.4869	-74.508	-74.525	-74.5381	-74.5477	-74.5541	-74.5578	-74.5592	-74.5586	-74.5564	-74.5528	-74.5481	-74.5425	-74.5363	-74.5297	-74.5229	-74.516	-74.5092	-74.5028	-74.4968	-74.4914	-74.4869	-74.4832	-74.4807	-74.4793	-74.4791	-74.4802	-74.4824	-74.4858	-74.4906	-74.4973
4.6	-74.3505	-74.3747	-74.4063	-74.4382	-74.4674	-74.4928	-74.5139	-74.5309	-74.544	-74.5536	-74.56	-74.5637	-74.5651	-74.5646	-74.5623	-74.5588	-74.5541	-74.5485	-74.5424	-74.5358	-74.529	-74.5221	-74.5154	-74.5089	-74.503	-74.4976	-74.4931	-74.4894	-74.4869	-74.4855	-74.4853	-74.4864	-74.4886	-74.492	-74.4968	-74.5035
4.605	-74.3565	-74.3807	-74.4123	-74.4441	-74.4733	-74.4987	-74.5198	-74.5368	-74.5499	-74.5595	-74.5659	-74.5697	-74.5711	-74.5705	-74.5683	-74.5647	-74.5601	-74.5546	-74.5484	-74.5418	-74.5351	-74.5282	-74.5215	-74.5151	-74.5091	-74.5038	-74.4992	-74.4956	-74.4931	-74.4917	-74.4915	-74.4926	-74.4948	-74.4981	-74.5029	-74.5097
4.61	-74.3626	-74.3867	-74.4182	-74.45	-74.4792	-74.5046	-74.5257	-74.5427	-74.5558	-74.5653	-74.5718	-74.5756	-74.577	-74.5765	-74.5743	-74.5707	-74.5661	-74.5606	-74.5545	-74.5479	-74.5411	-74.5343	-74.5276	-74.5212	-74.5153	-74.5099	-74.5054	-74.5018	-74.4993	-74.4979	-74.4977	-74.4987	-74.5009	-74.5043	-74.5091	-74.5158
4.615	-74.3686	-74.3927	-74.4242	-74.456	-74.4851	-74.5105	-74.5316	-74.5486	-74.5616	-74.5712	-74.5777	-74.5815	-74.5829	-74.5824	-74.5802	-74.5767	-74.572	-74.5666	-74.5605	-74.5539	-74.5472	-74.5404	-74.5337	-74.5273	-74.5214	-74.5161	-74.5116	-74.508	-74.5054	-74.5041	-74.5039	-74.5049	-74.5071	-74.5105	-74.5152	-74.522
4.62	-74.3746	-74.3987	-74.4301	-74.4619	-74.491	-74.5164	-74.5375	-74.5544	-74.5675	-74.5771	-74.5836	-74.5873	-74.5888	-74.5883	-74.5861	-74.5826	-74.578	-74.5726	-74.5665	-74.56	-74.5532	-74.5465	-74.5398	-74.5334	-74.5275	-74.5222	-74.5177	-74.5141	-74.5116	-74.5102	-74.51	-74.5111	-74.5132	-74.5166	-74.5214	-74.5281
4.625	-74.3805	-74.4046	-74.4361	-74.4678	-74.4969	-74.5222	-74.5433	-74.5603	-74.5733	-74.5829	-74.5894	-74.5932	-74.5947	-74.5942	-74.5921	-74.5886	-74.584	-74.5785	-74.5725	-74.566	-74.5593	-74.5525	-74.5459	-74.5395	-74.5336	-74.5283	-74.5238	-74.5203	-74.5177	-74.5164	-74.5162	-74.5172	-74.5194	-74.5227	-74.5275	-74.5342
4.63	-74.3865	-74.4106	-74.442	-74.4737	-74.5028	-74.5281	-74.5492	-74.5661	-74.5792	-74.5888	-74.5953	-74.5991	-74.6006	-74.6001	-74.598	-74.5945	-74.5899	-74.5845	-74.5785	-74.572	-74.5653	-74.5586	-74.5519	-74.5456	-74.5397	-74.5345	-74.53	-74.5264	-74.5239	-74.5225	-74.5223	-74.5233	-74.5255	-74.5288	-74.5336	-74.5403
4.635	-74.3925	-74.4165	-74.4479	-74.4796	-74.5086	-74.5339	-74.555	-74.5719	-74.585	-74.5946	-74.6011	-74.6049	-74.6064	-74.606	-74.6039	-74.6004	-74.5959	-74.5905	-74.5844	-74.578	-74.5713	-74.5646	-74.558	-74.5517	-74.5458	-74.5406	-74.5361	-74.5325	-74.53	-74.5286	-74.5285	-74.5295	-74.5316	-74.535	-74.5397	-74.5464
4.64	-74.3984	-74.4224	-74.4538	-74.4854	-74.5145	-74.5398	-74.5608	-74.5778	-74.5908	-74.6004	-74.6069	-74.6108	-74.6123	-74.6118	-74.6097	-74.6063	-74.6018	-74.5964	-74.5904	-74.584	-74.5773	-74.5706	-74.564	-74.5577	-74.5519	-74.5466	-74.5422	-74.5386	-74.5361	-74.5347	-74.5346	-74.5356	-74.5377	-74.541	-74.5458	-74.5525
4.645	-74.4044	-74.4284	-74.4597	-74.4913	-74.5203	-74.5456	-74.5666	-74.5836	-74.5966	-74.6062	-74.6128	-74.6166	-74.6181	-74.6177	-74.6156	-74.6122	-74.6077	-74.6023	-74.5964	-74.59	-74.5833	-74.5766	-74.5701	-74.5638	-74.5579	-74.5527	-74.5483	-74.5447	-74.5422	-74.5408	-74.5407	-74.5417	-74.5438	-74.5471	-74.5519	-74.5585
4.65	-74.4103	-74.4343	-74.4655	-74.4971	-74.5262	-74.5514	-74.5724	-74.5894	-74.6024	-74.6121	-74.6186	-74.6224	-74.624	-74.6236	-74.6215	-74.6181	-74.6136	-74.6083	-74.6023	-74.5959	-74.5893	-74.5826	-74.5761	-74.5698	-74.564	-74.5588	-74.5543	-74.5508	-74.5483	-74.5469	-74.5467	-74.5477	-74.5499	-74.5532	-74.5579	-74.5646
4.655	-74.4162	-74.4402	-74.4714	-74.503	-74.532	-74.5572	-74.5782	-74.5952	-74.6082	-74.6178	-74.6244	-74.6282	-74.6298	-74.6294	-74.6273	-74.624	-74.6195	-74.6142	-74.6082	-74.6019	-74.5953	-74.5886	-74.5821	-74.5758	-74.57	-74.5648	-74.5604	-74.5569	-74.5544	-74.553	-74.5528	-74.5538	-74.5559	-74.5592	-74.564	-74.5706
4.66	-74.4221	-74.446	-74.4773	-74.5088	-74.5378	-74.563	-74.584	-74.6009	-74.614	-74.6236	-74.6302	-74.634	-74.6356	-74.6352	-74.6332	-74.6298	-74.6254	-74.6201	-74.6142	-74.6078	-74.6012	-74.5946	-74.5881	-74.5818	-74.576	-74.5709	-74.5664	-74.5629	-74.5604	-74.5591	-74.5589	-74.5599	-74.562	-74.5653	-74.57	-74.5766
4.665	-74.428	-74.4519	-74.4831	-74.5146	-74.5436	-74.5688	-74.5898	-74.6067	-74.6198	-74.6294	-74.6359	-74.6398	-74.6414	-74.641	-74.639	-74.6357	-74.6312	-74.626	-74.6201	-74.6137	-74.6072	-74.6006	-74.5941	-74.5878	-74.5821	-74.5769	-74.5725	-74.569	-74.5665	-74.5651	-74.5649	-74.5659	-74.568	-74.5713	-74.576	-74.5826
4.67	-74.4339	-74.4578	-74.489	-74.5204	-74.5494	-74.5745	-74.5956	-74.6125	-74.6255	-74.6352	-74.6417	-74.6456	-74.6472	-74.6468	-74.6449	-74.6415	-74.6371	-74.6319	-74.626	-74.6197	-74.6131	-74.6065	-74.6	-74.5938	-74.5881	-74.5829	-74.5785	-74.575	-74.5725	-74.5712	-74.571	-74.572	-74.5741	-74.5773	-74.582	-74.5886
4.675	-74.4398	-74.4636	-74.4948	-74.5263	-74.5552	-74.5803	-74.6013	-74.6182	-74.6313	-74.6409	-74.6475	-74.6514	-74.653	-74.6526	-74.6507	-74.6473	-74.643	-74.6377	-74.6319	-74.6256	-74.619	-74.6125	-74.606	-74.5998	-74.5941	-74.5889	-74.5845	-74.581	-74.5785	-74.5772	-74.577	-74.578	-74.5801	-74.5834	-74.588	-74.5946
4.68	-74.4457	-74.4695	-74.5006	-74.532	-74.5609	-74.5861	-74.607	-74.6239	-74.637	-74.6466	-74.6532	-74.6571	-74.6587	-74.6584	-74.6565	-74.6532	-74.6488	-74.6436	-74.6377	-74.6315	-74.625	-74.6184	-74.612	-74.6058	-74.6	-74.5949	-74.5905	-74.587	-74.5846	-74.5832	-74.583	-74.584	-74.5861	-74.5894	-74.594	-74.6006
4.685	-74.4516	-74.4753	-74.5064	-74.5378	-74.5667	-74.5918	-74.6128	-74.6297	-74.6427	-74.6524	-74.659	-74.6629	-74.6645	-74.6642	-74.6623	-74.659	-74.6546	-74.6494	-74.6436	-74.6374	-74.6309	-74.6243	-74.6179	-74.6117	-74.606	-74.6009	-74.5965	-74.593	-74.5906	-74.5892	-74.589	-74.59	-74.5921	-74.5953	-74.6	-74.6066
4.69	-74.4574	-74.4812	-74.5122	-74.5436	-74.5724	-74.5975	-74.6185	-74.6354	-74.6485	-74.6581	-74.6647	-74.6686	-74.6703	-74.67	-74.668	-74.6648	-74.6604	-74.6553	-74.6495	-74.6432	-74.6368	-74.6302	-74.6238	-74.6177	-74.612	-74.6069	-74.6025	-74.599	-74.5966	-74.5952	-74.595	-74.596	-74.5981	-74.6013	-74.606	-74.6125
4.695	-74.4632	-74.487	-74.518	-74.5494	-74.5782	-74.6033	-74.6242	-74.6411	-74.6542	-74.6638	-74.6704	-74.6743	-74.676	-74.6757	-74.6738	-74.6706	-74.6662	-74.6611	-74.6553	-74.6491	-74.6426	-74.6361	-74.6297	-74.6236	-74.6179	-74.6128	-74.6085	-74.605	-74.6025	-74.6012	-74.601	-74.602	-74.604	-74.6073	-74.6119	-74.6185
4.7	-74.4691	-74.4928	-74.5238	-74.5551	-74.5839	-74.609	-74.6299	-74.6468	-74.6599	-74.6695	-74.6761	-74.6801	-74.6817	-74.6815	-74.6796	-74.6763	-74.672	-74.6669	-74.6611	-74.6549	-74.6485	-74.642	-74.6356	-74.6295	-74.6238	-74.6188	-74.6144	-74.611	-74.6085	-74.6072	-74.607	-74.6079	-74.61	-74.6132	-74.6179	-74.6244
4.705	-74.4749	-74.4986	-74.5296	-74.5609	-74.5896	-74.6147	-74.6356	-74.6525	-74.6656	-74.6752	-74.6818	-74.6858	-74.6874	-74.6872	-74.6853	-74.6821	-74.6778	-74.6727	-74.667	-74.6608	-74.6544	-74.6479	-74.6415	-74.6354	-74.6298	-74.6247	-74.6204	-74.6169	-74.6145	-74.6131	-74.6129	-74.6139	-74.6159	-74.6192	-74.6238	-74.6303
4.71	-74.4807	-74.5044	-74.5353	-74.5666	-74.5954	-74.6204	-74.6413	-74.6582	-74.6712	-74.6809	-74.6875	-74.6915	-74.6932	-74.6929	-74.6911	-74.6879	-74.6836	-74.6785	-74.6728	-74.6666	-74.6602	-74.6538	-74.6474	-74.6413	-74.6357	-74.6306	-74.6263	-74.6228	-74.6204	-74.6191	-74.6189	-74.6198	-74.6219	-74.6251	-74.6297	-74.6362
4.715	-74.4865	-74.5102	-74.5411	-74.5723	-74.6011	-74.6261	-74.647	-74.6638	-74.6769	-74.6865	-74.6932	-74.6971	-74.6989	-74.6986	-74.6968	-74.6936	-74.6894	-74.6843	-74.6786	-74.6724	-74.6661	-74.6596	-74.6533	-74.6472	-74.6416	-74.6365	-74.6322	-74.6288	-74.6263	-74.625	-74.6248	-74.6257	-74.6278	-74.631	-74.6356	-74.6422
4.72	-74.4923	-74.5159	-74.5468	-74.578	-74.6068	-74.6317	-74.6526	-74.6695	-74.6826	-74.6922	-74.6988	-74.7028	-74.7045	-74.7043	-74.7025	-74.6993	-74.6951	-74.69	-74.6844	-74.6782	-74.6719	-74.6655	-74.6591	-74.6531	-74.6475	-74.6424	-74.6381	-74.6347	-74.6323	-74.6309	-74.6307	-74.6317	-74.6337	-74.6369	-74.6415	-74.648
4.725	-74.4981	-74.5217	-74.5525	-74.5837	-74.6124	-74.6374	-74.6583	-74.6751	-74.6882	-74.6979	-74.7045	-74.7085	-74.7102	-74.71	-74.7082	-74.7051	-74.7009	-74.6958	-74.6901	-74.684	-74.6777	-74.6713	-74.665	-74.659	-74.6534	-74.6483	-74.644	-74.6406	-74.6382	-74.6368	-74.6366	-74.6376	-74.6396	-74.6428	-74.6474	-74.6539
4.73	-74.5039	-74.5274	-74.5583	-74.5894	-74.6181	-74.6431	-74.6639	-74.6808	-74.6938	-74.7035	-74.7101	-74.7141	-74.7159	-74.7157	-74.7139	-74.7108	-74.7066	-74.7016	-74.6959	-74.6898	-74.6835	-74.6771	-74.6708	-74.6648	-74.6592	-74.6542	-74.6499	-74.6465	-74.6441	-74.6427	-74.6425	-74.6435	-74.6455	-74.6487	-74.6533	-74.6598
4.735	-74.5097	-74.5332	-74.564	-74.5951	-74.6238	-74.6487	-74.6696	-74.6864	-74.6995	-74.7091	-74.7158	-74.7198	-74.7215	-74.7214	-74.7196	-74.7165	-74.7123	-74.7073	-74.7017	-74.6956	-74.6893	-74.6829	-74.6767	-74.6707	-74.6651	-74.6601	-74.6558	-74.6524	-74.65	-74.6486	-74.6484	-74.6494	-74.6514	-74.6546	-74.6591	-74.6656
4.74	-74.5154	-74.5389	-74.5697	-74.6008	-74.6294	-74.6544	-74.6752	-74.692	-74.7051	-74.7148	-74.7214	-74.7254	-74.7272	-74.727	-74.7253	-74.7222	-74.718	-74.713	-74.7074	-74.7014	-74.6951	-74.6887	-74.6825	-74.6765	-74.6709	-74.6659	-74.6617	-74.6583	-74.6558	-74.6545	-74.6543	-74.6552	-74.6573	-74.6604	-74.665	-74.6715
4.745	-74.5212	-74.5446	-74.5754	-74.6065	-74.6351	-74.66	-74.6808	-74.6976	-74.7107	-74.7204	-74.727	-74.7311	-74.7328	-74.7327	-74.7309	-74.7279	-74.7237	-74.7188	-74.7132	-74.7071	-74.7009	-74.6945	-74.6883	-74.6823	-74.6768	-74.6718	-74.6675	-74.6641	-74.6617	-74.6604	-74.6602	-74.6611	-74.6631	-74.6663	-74.6708	-74.6773
4.75	-74.5269	-74.5504	-74.5811	-74.6121	-74.6407	-74.6656	-74.6864	-74.7032	-74.7163	-74.726	-74.7326	-74.7367	-74.7385	-74.7383	-74.7366	-74.7336	-74.7294	-74.7245	-74.7189	-74.7129	-74.7066	-74.7003	-74.6941	-74.6881	-74.6826	-74.6776	-74.6734	-74.67	-74.6676	-74.6662	-74.666	-74.6669	-74.669	-74.6721	-74.6767	-74.6831
4.755	-74.5326	-74.5561	-74.5867	-74.6178	-74.6463	-74.6712	-74.692	-74.7088	-74.7219	-74.7316	-74.7382	-74.7423	-74.7441	-74.744	-74.7422	-74.7392	-74.7351	-74.7302	-74.7246	-74.7186	-74.7124	-74.7061	-74.6999	-74.6939	-74.6884	-74.6834	-74.6792	-74.6758	-74.6734	-74.6721	-74.6719	-74.6728	-74.6748	-74.6779	-74.6825	-74.6889
4.76	-74.5384	-74.5618	-74.5924	-74.6234	-74.6519	-74.6768	-74.6976	-74.7144	-74.7275	-74.7371	-74.7438	-74.7479	-74.7497	-74.7496	-74.7479	-74.7449	-74.7408	-74.7358	-74.7303	-74.7243	-74.7181	-74.7118	-74.7057	-74.6997	-74.6942	-74.6893	-74.685	-74.6816	-74.6792	-74.6779	-74.6777	-74.6786	-74.6806	-74.6838	-74.6883	-74.6947
4.765	-74.5441	-74.5674	-74.5981	-74.629	-74.6576	-74.6824	-74.7032	-74.72	-74.733	-74.7427	-74.7494	-74.7535	-74.7553	-74.7552	-74.7535	-74.7505	-74.7464	-74.7415	-74.736	-74.73	-74.7239	-74.7176	-74.7114	-74.7055	-74.7	-74.6951	-74.6908	-74.6875	-74.6851	-74.6837	-74.6835	-74.6844	-74.6864	-74.6896	-74.6941	-74.7005
4.77	-74.5498	-74.5731	-74.6037	-74.6347	-74.6632	-74.688	-74.7088	-74.7255	-74.7386	-74.7483	-74.755	-74.759	-74.7609	-74.7608	-74.7591	-74.7561	-74.7521	-74.7472	-74.7417	-74.7358	-74.7296	-74.7233	-74.7172	-74.7113	-74.7058	-74.7009	-74.6966	-74.6933	-74.6909	-74.6896	-74.6893	-74.6902	-74.6922	-74.6954	-74.6999	-74.7063
4.775	-74.5555	-74.5788	-74.6093	-74.6403	-74.6687	-74.6936	-74.7143	-74.7311	-74.7441	-74.7538	-74.7605	-74.7646	-74.7665	-74.7664	-74.7647	-74.7618	-74.7577	-74.7529	-74.7474	-74.7414	-74.7353	-74.7291	-74.7229	-74.717	-74.7115	-74.7066	-74.7024	-74.6991	-74.6967	-74.6954	-74.6951	-74.696	-74.698	-74.7011	-74.7057	-74.7121
4.78	-74.5611	-74.5844	-74.615	-74.6459	-74.6743	-74.6991	-74.7199	-74.7366	-74.7497	-74.7594	-74.7661	-74.7702	-74.772	-74.772	-74.7703	-74.7674	-74.7634	-74.7585	-74.753	-74.7471	-74.741	-74.7348	-74.7286	-74.7228	-74.7173	-74.7124	-74.7082	-74.7049	-74.7025	-74.7012	-74.7009	-74.7018	-74.7038	-74.7069	-74.7114	-74.7178
4.785	-74.5668	-74.5901	-74.6206	-74.6515	-74.6799	-74.7047	-74.7254	-74.7422	-74.7552	-74.7649	-74.7716	-74.7757	-74.7776	-74.7776	-74.7759	-74.773	-74.769	-74.7641	-74.7587	-74.7528	-74.7467	-74.7405	-74.7344	-74.7285	-74.7231	-74.7182	-74.714	-74.7106	-74.7083	-74.7069	-74.7067	-74.7076	-74.7096	-74.7127	-74.7172	-74.7236
4.79	-74.5725	-74.5957	-74.6262	-74.657	-74.6854	-74.7102	-74.7309	-74.7477	-74.7607	-74.7704	-74.7771	-74.7813	-74.7831	-74.7831	-74.7815	-74.7786	-74.7746	-74.7698	-74.7643	-74.7585	-74.7524	-74.7462	-74.7401	-74.7342	-74.7288	-74.7239	-74.7197	-74.7164	-74.714	-74.7127	-74.7125	-74.7134	-74.7153	-74.7184	-74.7229	-74.7293
4.795	-74.5781	-74.6014	-74.6318	-74.6626	-74.691	-74.7157	-74.7365	-74.7532	-74.7663	-74.7759	-74.7827	-74.7868	-74.7887	-74.7887	-74.7871	-74.7842	-74.7802	-74.7754	-74.77	-74.7641	-74.758	-74.7519	-74.7458	-74.74	-74.7345	-74.7297	-74.7255	-74.7222	-74.7198	-74.7185	-74.7182	-74.7191	-74.7211	-74.7242	-74.7286	-74.735
4.8	-74.5838	-74.607	-74.6374	-74.6682	-74.6965	-74.7213	-74.742	-74.7587	-74.7718	-74.7815	-74.7882	-74.7923	-74.7942	-74.7942	-74.7926	-74.7897	-74.7858	-74.781	-74.7756	-74.7698	-74.7637	-74.7575	-74.7515	-74.7457	-74.7402	-74.7354	-74.7312	-74.7279	-74.7255	-74.7242	-74.724	-74.7249	-74.7268	-74.7299	-74.7344	-74.7407
4.805	-74.5894	-74.6126	-74.643	-74.6737	-74.7021	-74.7268	-74.7475	-74.7642	-74.7773	-74.787	-74.7937	-74.7978	-74.7997	-74.7998	-74.7982	-74.7953	-74.7914	-74.7866	-74.7812	-74.7754	-74.7693	-74.7632	-74.7572	-74.7514	-74.746	-74.7411	-74.737	-74.7336	-74.7313	-74.7299	-74.7297	-74.7306	-74.7326	-74.7356	-74.7401	-74.7464
4.81	-74.595	-74.6182	-74.6486	-74.6793	-74.7076	-74.7323	-74.753	-74.7697	-74.7827	-74.7924	-74.7992	-74.8033	-74.8053	-74.8053	-74.8037	-74.8009	-74.7969	-74.7922	-74.7868	-74.781	-74.775	-74.7689	-74.7628	-74.757	-74.7517	-74.7468	-74.7427	-74.7394	-74.737	-74.7357	-74.7355	-74.7363	-74.7383	-74.7413	-74.7458	-74.7521
4.815	-74.6007	-74.6238	-74.6541	-74.6848	-74.7131	-74.7378	-74.7585	-74.7752	-74.7882	-74.7979	-74.8047	-74.8088	-74.8108	-74.8108	-74.8093	-74.8064	-74.8025	-74.7978	-74.7924	-74.7866	-74.7806	-74.7745	-74.7685	-74.7627	-74.7573	-74.7525	-74.7484	-74.7451	-74.7427	-74.7414	-74.7412	-74.742	-74.744	-74.747	-74.7515	-74.7578
4.82	-74.6063	-74.6294	-74.6597	-74.6904	-74.7186	-74.7433	-74.7639	-74.7807	-74.7937	-74.8034	-74.8101	-74.8143	-74.8163	-74.8163	-74.8148	-74.812	-74.8081	-74.8033	-74.798	-74.7922	-74.7862	-74.7801	-74.7741	-74.7684	-74.763	-74.7582	-74.7541	-74.7508	-74.7484	-74.7471	-74.7469	-74.7477	-74.7497	-74.7527	-74.7571	-74.7635
4.825	-74.6119	-74.635	-74.6652	-74.6959	-74.7241	-74.7488	-74.7694	-74.7861	-74.7991	-74.8089	-74.8156	-74.8198	-74.8217	-74.8218	-74.8203	-74.8175	-74.8136	-74.8089	-74.8036	-74.7978	-74.7918	-74.7858	-74.7798	-74.774	-74.7687	-74.7639	-74.7598	-74.7565	-74.7541	-74.7528	-74.7526	-74.7534	-74.7553	-74.7584	-74.7628	-74.7691
4.83	-74.6175	-74.6405	-74.6708	-74.7014	-74.7296	-74.7542	-74.7749	-74.7916	-74.8046	-74.8143	-74.8211	-74.8252	-74.8272	-74.8273	-74.8258	-74.823	-74.8191	-74.8145	-74.8091	-74.8034	-74.7974	-74.7914	-74.7854	-74.7797	-74.7743	-74.7695	-74.7654	-74.7621	-74.7598	-74.7585	-74.7583	-74.7591	-74.761	-74.7641	-74.7685	-74.7748
4.835	-74.6231	-74.6461	-74.6763	-74.7069	-74.7351	-74.7597	-74.7803	-74.797	-74.81	-74.8197	-74.8265	-74.8307	-74.8327	-74.8328	-74.8313	-74.8285	-74.8247	-74.82	-74.8147	-74.809	-74.803	-74.797	-74.791	-74.7853	-74.78	-74.7752	-74.7711	-74.7678	-74.7655	-74.7642	-74.7639	-74.7648	-74.7667	-74.7697	-74.7741	-74.7804
4.84	-74.6286	-74.6516	-74.6818	-74.7124	-74.7406	-74.7651	-74.7858	-74.8024	-74.8155	-74.8252	-74.8319	-74.8361	-74.8381	-74.8382	-74.8368	-74.834	-74.8302	-74.8255	-74.8203	-74.8146	-74.8086	-74.8026	-74.7966	-74.7909	-74.7856	-74.7808	-74.7767	-74.7735	-74.7711	-74.7698	-74.7696	-74.7704	-74.7723	-74.7754	-74.7797	-74.786
4.845	-74.6342	-74.6572	-74.6873	-74.7179	-74.746	-74.7706	-74.7912	-74.8079	-74.8209	-74.8306	-74.8374	-74.8416	-74.8436	-74.8437	-74.8422	-74.8395	-74.8357	-74.831	-74.8258	-74.8201	-74.8142	-74.8082	-74.8022	-74.7966	-74.7913	-74.7865	-74.7824	-74.7791	-74.7768	-74.7755	-74.7752	-74.7761	-74.778	-74.781	-74.7854	-74.7916
4.85	-74.6398	-74.6627	-74.6928	-74.7233	-74.7515	-74.776	-74.7966	-74.8133	-74.8263	-74.836	-74.8428	-74.847	-74.849	-74.8492	-74.8477	-74.845	-74.8412	-74.8366	-74.8313	-74.8257	-74.8197	-74.8138	-74.8078	-74.8022	-74.7969	-74.7921	-74.788	-74.7848	-74.7824	-74.7811	-74.7809	-74.7817	-74.7836	-74.7866	-74.791	-74.7973
4.855	-74.6453	-74.6682	-74.6983	-74.7288	-74.7569	-74.7814	-74.802	-74.8187	-74.8317	-74.8414	-74.8482	-74.8524	-74.8544	-74.8546	-74.8532	-74.8504	-74.8467	-74.8421	-74.8368	-74.8312	-74.8253	-74.8193	-74.8134	-74.8078	-74.8025	-74.7977	-74.7937	-74.7904	-74.7881	-74.7868	-74.7865	-74.7873	-74.7892	-74.7922	-74.7966	-74.8029
4.86	-74.6508	-74.6737	-74.7038	-74.7343	-74.7624	-74.7869	-74.8074	-74.8241	-74.8371	-74.8468	-74.8536	-74.8578	-74.8599	-74.86	-74.8586	-74.8559	-74.8521	-74.8475	-74.8423	-74.8367	-74.8308	-74.8249	-74.819	-74.8133	-74.8081	-74.8033	-74.7993	-74.796	-74.7937	-74.7924	-74.7921	-74.793	-74.7948	-74.7978	-74.8022	-74.8084
4.865	-74.6564	-74.6792	-74.7093	-74.7397	-74.7678	-74.7923	-74.8128	-74.8295	-74.8425	-74.8522	-74.859	-74.8632	-74.8653	-74.8654	-74.8641	-74.8614	-74.8576	-74.853	-74.8478	-74.8422	-74.8364	-74.8304	-74.8245	-74.8189	-74.8137	-74.8089	-74.8049	-74.8016	-74.7993	-74.798	-74.7978	-74.7986	-74.8004	-74.8034	-74.8078	-74.814
4.87	-74.6619	-74.6847	-74.7148	-74.7452	-74.7732	-74.7977	-74.8182	-74.8349	-74.8479	-74.8576	-74.8644	-74.8686	-74.8707	-74.8709	-74.8695	-74.8668	-74.8631	-74.8585	-74.8533	-74.8477	-74.8419	-74.836	-74.8301	-74.8245	-74.8192	-74.8145	-74.8105	-74.8072	-74.8049	-74.8036	-74.8034	-74.8042	-74.806	-74.809	-74.8134	-74.8196
4.875	-74.6674	-74.6902	-74.7202	-74.7506	-74.7786	-74.8031	-74.8236	-74.8402	-74.8532	-74.863	-74.8698	-74.874	-74.8761	-74.8763	-74.8749	-74.8722	-74.8685	-74.864	-74.8588	-74.8532	-74.8474	-74.8415	-74.8356	-74.83	-74.8248	-74.8201	-74.8161	-74.8128	-74.8105	-74.8092	-74.8089	-74.8098	-74.8116	-74.8146	-74.8189	-74.8251
4.88	-74.6729	-74.6957	-74.7257	-74.756	-74.784	-74.8084	-74.829	-74.8456	-74.8586	-74.8683	-74.8751	-74.8794	-74.8815	-74.8817	-74.8803	-74.8776	-74.8739	-74.8694	-74.8643	-74.8587	-74.8529	-74.847	-74.8412	-74.8356	-74.8304	-74.8257	-74.8216	-74.8184	-74.8161	-74.8148	-74.8145	-74.8153	-74.8172	-74.8201	-74.8245	-74.8307
4.885	-74.6784	-74.7012	-74.7311	-74.7614	-74.7894	-74.8138	-74.8343	-74.851	-74.864	-74.8737	-74.8805	-74.8848	-74.8868	-74.8871	-74.8857	-74.8831	-74.8794	-74.8749	-74.8697	-74.8642	-74.8584	-74.8525	-74.8467	-74.8411	-74.8359	-74.8312	-74.8272	-74.824	-74.8217	-74.8204	-74.8201	-74.8209	-74.8228	-74.8257	-74.83	-74.8362
4.89	-74.6839	-74.7066	-74.7365	-74.7668	-74.7948	-74.8192	-74.8397	-74.8563	-74.8693	-74.879	-74.8858	-74.8901	-74.8922	-74.8924	-74.8911	-74.8885	-74.8848	-74.8803	-74.8752	-74.8697	-74.8639	-74.858	-74.8522	-74.8466	-74.8414	-74.8368	-74.8327	-74.8295	-74.8272	-74.8259	-74.8257	-74.8265	-74.8283	-74.8312	-74.8356	-74.8418
4.895	-74.6894	-74.7121	-74.742	-74.7722	-74.8002	-74.8245	-74.845	-74.8616	-74.8746	-74.8844	-74.8912	-74.8955	-74.8976	-74.8978	-74.8965	-74.8939	-74.8902	-74.8857	-74.8806	-74.8751	-74.8694	-74.8635	-74.8577	-74.8521	-74.847	-74.8423	-74.8383	-74.8351	-74.8328	-74.8315	-74.8312	-74.832	-74.8338	-74.8368	-74.8411	-74.8473
4.9	-74.6949	-74.7175	-74.7474	-74.7776	-74.8055	-74.8299	-74.8504	-74.867	-74.88	-74.8897	-74.8965	-74.9008	-74.9029	-74.9032	-74.9018	-74.8993	-74.8956	-74.8912	-74.8861	-74.8806	-74.8748	-74.869	-74.8632	-74.8577	-74.8525	-74.8478	-74.8438	-74.8406	-74.8383	-74.837	-74.8368	-74.8375	-74.8394	-74.8423	-74.8466	-74.8528
4.905	-74.7003	-74.723	-74.7528	-74.783	-74.8109	-74.8352	-74.8557	-74.8723	-74.8853	-74.895	-74.9018	-74.9061	-74.9082	-74.9085	-74.9072	-74.9046	-74.901	-74.8966	-74.8915	-74.886	-74.8803	-74.8744	-74.8687	-74.8632	-74.858	-74.8533	-74.8493	-74.8461	-74.8438	-74.8425	-74.8423	-74.8431	-74.8449	-74.8478	-74.8521	-74.8583
4.91	-74.7058	-74.7284	-74.7582	-74.7884	-74.8162	-74.8406	-74.861	-74.8776	-74.8906	-74.9003	-74.9071	-74.9114	-74.9136	-74.9138	-74.9126	-74.91	-74.9064	-74.902	-74.8969	-74.8914	-74.8857	-74.8799	-74.8742	-74.8686	-74.8635	-74.8588	-74.8549	-74.8517	-74.8494	-74.8481	-74.8478	-74.8486	-74.8504	-74.8533	-74.8576	-74.8638
4.915	-74.7112	-74.7338	-74.7636	-74.7937	-74.8216	-74.8459	-74.8663	-74.8829	-74.8959	-74.9056	-74.9124	-74.9168	-74.9189	-74.9192	-74.9179	-74.9154	-74.9118	-74.9073	-74.9023	-74.8969	-74.8912	-74.8854	-74.8796	-74.8741	-74.869	-74.8643	-74.8604	-74.8572	-74.8549	-74.8536	-74.8533	-74.8541	-74.8559	-74.8588	-74.8631	-74.8692
4.92	-74.7167	-74.7392	-74.769	-74.7991	-74.8269	-74.8512	-74.8716	-74.8882	-74.9012	-74.9109	-74.9177	-74.9221	-74.9242	-74.9245	-74.9232	-74.9207	-74.9171	-74.9127	-74.9077	-74.9023	-74.8966	-74.8908	-74.8851	-74.8796	-74.8745	-74.8698	-74.8659	-74.8627	-74.8604	-74.8591	-74.8588	-74.8596	-74.8614	-74.8643	-74.8686	-74.8747
4.925	-74.7221	-74.7447	-74.7743	-74.8044	-74.8322	-74.8565	-74.8769	-74.8935	-74.9065	-74.9162	-74.923	-74.9274	-74.9295	-74.9298	-74.9286	-74.926	-74.9225	-74.9181	-74.9131	-74.9077	-74.902	-74.8962	-74.8905	-74.885	-74.8799	-74.8753	-74.8714	-74.8682	-74.8659	-74.8646	-74.8643	-74.8651	-74.8669	-74.8698	-74.874	-74.8802
4.93	-74.7275	-74.75	-74.7797	-74.8098	-74.8375	-74.8618	-74.8822	-74.8988	-74.9117	-74.9215	-74.9283	-74.9326	-74.9348	-74.9351	-74.9339	-74.9314	-74.9278	-74.9235	-74.9185	-74.9131	-74.9074	-74.9017	-74.896	-74.8905	-74.8854	-74.8808	-74.8768	-74.8736	-74.8714	-74.8701	-74.8698	-74.8706	-74.8724	-74.8752	-74.8795	-74.8856
4.935	-74.7329	-74.7554	-74.7851	-74.8151	-74.8428	-74.8671	-74.8875	-74.904	-74.917	-74.9267	-74.9336	-74.9379	-74.9401	-74.9404	-74.9392	-74.9367	-74.9332	-74.9288	-74.9239	-74.9185	-74.9128	-74.9071	-74.9014	-74.8959	-74.8908	-74.8862	-74.8823	-74.8791	-74.8768	-74.8755	-74.8753	-74.876	-74.8778	-74.8807	-74.8849	-74.891
4.94	-74.7383	-74.7608	-74.7904	-74.8204	-74.8482	-74.8724	-74.8927	-74.9093	-74.9223	-74.932	-74.9388	-74.9432	-74.9454	-74.9457	-74.9445	-74.942	-74.9385	-74.9342	-74.9292	-74.9238	-74.9182	-74.9125	-74.9068	-74.9014	-74.8963	-74.8917	-74.8878	-74.8846	-74.8823	-74.881	-74.8807	-74.8815	-74.8833	-74.8861	-74.8904	-74.8965
4.945	-74.7437	-74.7662	-74.7957	-74.8257	-74.8534	-74.8777	-74.898	-74.9145	-74.9275	-74.9372	-74.9441	-74.9484	-74.9506	-74.951	-74.9498	-74.9473	-74.9438	-74.9395	-74.9346	-74.9292	-74.9236	-74.9179	-74.9122	-74.9068	-74.9017	-74.8971	-74.8932	-74.89	-74.8878	-74.8865	-74.8862	-74.8869	-74.8887	-74.8916	-74.8958	-74.9019
4.95	-74.7491	-74.7715	-74.8011	-74.831	-74.8587	-74.8829	-74.9033	-74.9198	-74.9327	-74.9425	-74.9493	-74.9537	-74.9559	-74.9563	-74.9551	-74.9526	-74.9491	-74.9448	-74.9399	-74.9346	-74.9289	-74.9233	-74.9176	-74.9122	-74.9071	-74.9026	-74.8986	-74.8955	-74.8932	-74.8919	-74.8916	-74.8924	-74.8941	-74.897	-74.9012	-74.9073
4.955	-74.7545	-74.7769	-74.8064	-74.8363	-74.864	-74.8882	-74.9085	-74.925	-74.938	-74.9477	-74.9546	-74.9589	-74.9612	-74.9615	-74.9604	-74.9579	-74.9544	-74.9501	-74.9452	-74.9399	-74.9343	-74.9286	-74.923	-74.9176	-74.9125	-74.908	-74.9041	-74.9009	-74.8987	-74.8974	-74.8971	-74.8978	-74.8996	-74.9024	-74.9066	-74.9127
4.96	-74.7599	-74.7822	-74.8117	-74.8416	-74.8693	-74.8934	-74.9137	-74.9302	-74.9432	-74.9529	-74.9598	-74.9642	-74.9664	-74.9668	-74.9656	-74.9632	-74.9597	-74.9555	-74.9506	-74.9452	-74.9397	-74.934	-74.9284	-74.923	-74.9179	-74.9134	-74.9095	-74.9063	-74.9041	-74.9028	-74.9025	-74.9032	-74.905	-74.9078	-74.912	-74.9181
4.965	-74.7652	-74.7876	-74.817	-74.8469	-74.8745	-74.8987	-74.919	-74.9355	-74.9484	-74.9582	-74.965	-74.9694	-74.9716	-74.972	-74.9709	-74.9685	-74.965	-74.9608	-74.9559	-74.9506	-74.945	-74.9394	-74.9338	-74.9284	-74.9233	-74.9188	-74.9149	-74.9118	-74.9095	-74.9082	-74.9079	-74.9087	-74.9104	-74.9132	-74.9174	-74.9235
4.97	-74.7706	-74.7929	-74.8223	-74.8522	-74.8798	-74.9039	-74.9242	-74.9407	-74.9536	-74.9634	-74.9702	-74.9746	-74.9769	-74.9773	-74.9761	-74.9737	-74.9703	-74.966	-74.9612	-74.9559	-74.9503	-74.9447	-74.9391	-74.9337	-74.9287	-74.9242	-74.9203	-74.9172	-74.9149	-74.9136	-74.9133	-74.9141	-74.9158	-74.9186	-74.9228	-74.9288
4.975	-74.7759	-74.7982	-74.8276	-74.8575	-74.885	-74.9091	-74.9294	-74.9459	-74.9588	-74.9686	-74.9754	-74.9798	-74.9821	-74.9825	-74.9814	-74.979	-74.9756	-74.9713	-74.9665	-74.9612	-74.9557	-74.95	-74.9445	-74.9391	-74.9341	-74.9296	-74.9257	-74.9226	-74.9203	-74.919	-74.9187	-74.9194	-74.9212	-74.924	-74.9282	-74.9342
4.98	-74.7813	-74.8035	-74.8329	-74.8627	-74.8902	-74.9143	-74.9346	-74.9511	-74.964	-74.9737	-74.9806	-74.985	-74.9873	-74.9877	-74.9866	-74.9842	-74.9808	-74.9766	-74.9718	-74.9665	-74.961	-74.9554	-74.9498	-74.9445	-74.9395	-74.935	-74.9311	-74.9279	-74.9257	-74.9244	-74.9241	-74.9248	-74.9266	-74.9294	-74.9335	-74.9396
4.985	-74.7866	-74.8088	-74.8382	-74.868	-74.8955	-74.9195	-74.9398	-74.9563	-74.9692	-74.9789	-74.9858	-74.9902	-74.9925	-74.9929	-74.9918	-74.9895	-74.9861	-74.9819	-74.9771	-74.9718	-74.9663	-74.9607	-74.9552	-74.9498	-74.9448	-74.9403	-74.9364	-74.9333	-74.9311	-74.9298	-74.9295	-74.9302	-74.9319	-74.9347	-74.9389	-74.9449
4.99	-74.7919	-74.8141	-74.8434	-74.8732	-74.9007	-74.9247	-74.945	-74.9614	-74.9744	-74.9841	-74.991	-74.9954	-74.9977	-74.9981	-74.997	-74.9947	-74.9913	-74.9871	-74.9823	-74.9771	-74.9716	-74.966	-74.9605	-74.9552	-74.9502	-74.9457	-74.9418	-74.9387	-74.9364	-74.9352	-74.9349	-74.9356	-74.9373	-74.9401	-74.9442	-74.9502
4.995	-74.7972	-74.8194	-74.8487	-74.8784	-74.9059	-74.9299	-74.9501	-74.9666	-74.9795	-74.9893	-74.9962	-75.0006	-75.0029	-75.0033	-75.0023	-74.9999	-74.9966	-74.9924	-74.9876	-74.9824	-74.9769	-74.9713	-74.9658	-74.9605	-74.9555	-74.951	-74.9472	-74.9441	-74.9418	-74.9405	-74.9402	-74.9409	-74.9426	-74.9454	-74.9495	-74.9556
5	-74.8026	-74.8247	-74.854	-74.8837	-74.9111	-74.9351	-74.9553	-74.9718	-74.9847	-74.9944	-75.0013	-75.0058	-75.008	-75.0085	-75.0075	-75.0051	-75.0018	-74.9976	-74.9928	-74.9876	-74.9822	-74.9766	-74.9711	-74.9658	-74.9608	-74.9564	-74.9525	-74.9494	-74.9472	-74.9459	-74.9456	-74.9463	-74.948	-74.9508	-74.9549	-74.9609
5.005	-74.8079	-74.83	-74.8592	-74.8889	-74.9163	-74.9403	-74.9605	-74.9769	-74.9898	-74.9996	-75.0065	-75.0109	-75.0132	-75.0137	-75.0126	-75.0103	-75.007	-75.0028	-74.9981	-74.9929	-74.9874	-74.9819	-74.9764	-74.9711	-74.9662	-74.9617	-74.9578	-74.9547	-74.9525	-74.9512	-74.9509	-74.9516	-74.9533	-74.9561	-74.9602	-74.9662
5.01	-74.8131	-74.8352	-74.8644	-74.8941	-74.9215	-74.9454	-74.9656	-74.9821	-74.995	-75.0047	-75.0116	-75.0161	-75.0184	-75.0189	-75.0178	-75.0155	-75.0122	-75.0081	-75.0033	-74.9981	-74.9927	-74.9872	-74.9817	-74.9764	-74.9715	-74.967	-74.9632	-74.9601	-74.9578	-74.9565	-74.9562	-74.9569	-74.9586	-74.9614	-74.9655	-74.9715
5.015	-74.8184	-74.8405	-74.8697	-74.8993	-74.9267	-74.9506	-74.9708	-74.9872	-75.0001	-75.0098	-75.0168	-75.0212	-75.0235	-75.024	-75.023	-75.0207	-75.0174	-75.0133	-75.0085	-75.0034	-74.998	-74.9924	-74.987	-74.9817	-74.9768	-74.9723	-74.9685	-74.9654	-74.9632	-74.9619	-74.9616	-74.9622	-74.9639	-74.9667	-74.9708	-74.9768
5.02	-74.8237	-74.8457	-74.8749	-74.9045	-74.9318	-74.9558	-74.9759	-74.9923	-75.0052	-75.015	-75.0219	-75.0263	-75.0287	-75.0292	-75.0282	-75.0259	-75.0226	-75.0185	-75.0138	-75.0086	-75.0032	-74.9977	-74.9922	-74.987	-74.9821	-74.9776	-74.9738	-74.9707	-74.9685	-74.9672	-74.9669	-74.9676	-74.9692	-74.972	-74.9761	-74.982
5.025	-74.829	-74.851	-74.8801	-74.9097	-74.937	-74.9609	-74.981	-74.9975	-75.0104	-75.0201	-75.027	-75.0315	-75.0338	-75.0343	-75.0333	-75.0311	-75.0278	-75.0237	-75.019	-75.0138	-75.0085	-75.003	-74.9975	-74.9923	-74.9874	-74.9829	-74.9791	-74.976	-74.9738	-74.9725	-74.9722	-74.9729	-74.9745	-74.9773	-74.9814	-74.9873
5.03	-74.8342	-74.8562	-74.8853	-74.9148	-74.9421	-74.966	-74.9862	-75.0026	-75.0155	-75.0252	-75.0321	-75.0366	-75.0389	-75.0395	-75.0385	-75.0362	-75.0329	-75.0289	-75.0242	-75.0191	-75.0137	-75.0082	-75.0028	-74.9975	-74.9926	-74.9882	-74.9844	-74.9813	-74.9791	-74.9778	-74.9775	-74.9782	-74.9798	-74.9826	-74.9866	-74.9926
5.035	-74.8395	-74.8615	-74.8905	-74.92	-74.9473	-74.9712	-74.9913	-75.0077	-75.0206	-75.0303	-75.0372	-75.0417	-75.044	-75.0446	-75.0436	-75.0414	-75.0381	-75.034	-75.0294	-75.0243	-75.0189	-75.0134	-75.008	-75.0028	-74.9979	-74.9935	-74.9897	-74.9866	-74.9844	-74.9831	-74.9828	-74.9834	-74.9851	-74.9878	-74.9919	-74.9978
5.04	-74.8447	-74.8667	-74.8957	-74.9252	-74.9524	-74.9763	-74.9964	-75.0128	-75.0257	-75.0354	-75.0423	-75.0468	-75.0492	-75.0497	-75.0487	-75.0465	-75.0433	-75.0392	-75.0346	-75.0295	-75.0241	-75.0187	-75.0133	-75.008	-75.0032	-74.9988	-74.9949	-74.9919	-74.9897	-74.9884	-74.988	-74.9887	-74.9904	-74.9931	-74.9971	-75.0031
5.045	-74.85	-74.8719	-74.9009	-74.9303	-74.9575	-74.9814	-75.0015	-75.0179	-75.0308	-75.0405	-75.0474	-75.0519	-75.0543	-75.0548	-75.0539	-75.0516	-75.0484	-75.0444	-75.0397	-75.0347	-75.0293	-75.0239	-75.0185	-75.0133	-75.0084	-75.004	-75.0002	-74.9972	-74.9949	-74.9936	-74.9933	-74.994	-74.9956	-74.9983	-75.0024	-75.0083
5.05	-74.8552	-74.8771	-74.906	-74.9354	-74.9627	-74.9865	-75.0066	-75.0229	-75.0358	-75.0456	-75.0525	-75.057	-75.0593	-75.0599	-75.059	-75.0568	-75.0536	-75.0495	-75.0449	-75.0398	-75.0345	-75.0291	-75.0237	-75.0185	-75.0136	-75.0093	-75.0055	-75.0024	-75.0002	-74.9989	-74.9986	-74.9992	-75.0009	-75.0036	-75.0076	-75.0135
5.055	-74.8604	-74.8823	-74.9112	-74.9406	-74.9678	-74.9916	-75.0117	-75.028	-75.0409	-75.0506	-75.0576	-75.0621	-75.0644	-75.065	-75.0641	-75.0619	-75.0587	-75.0547	-75.0501	-75.045	-75.0397	-75.0343	-75.0289	-75.0237	-75.0189	-75.0145	-75.0107	-75.0077	-75.0054	-75.0041	-75.0038	-75.0045	-75.0061	-75.0088	-75.0128	-75.0188
5.06	-74.8656	-74.8875	-74.9164	-74.9457	-74.9729	-74.9967	-75.0167	-75.0331	-75.046	-75.0557	-75.0626	-75.0671	-75.0695	-75.0701	-75.0692	-75.067	-75.0638	-75.0598	-75.0552	-75.0502	-75.0449	-75.0395	-75.0341	-75.0289	-75.0241	-75.0197	-75.016	-75.0129	-75.0107	-75.0094	-75.0091	-75.0097	-75.0113	-75.014	-75.0181	-75.024
5.065	-74.8708	-74.8926	-74.9215	-74.9508	-74.978	-75.0018	-75.0218	-75.0381	-75.051	-75.0607	-75.0677	-75.0722	-75.0746	-75.0752	-75.0743	-75.0721	-75.0689	-75.0649	-75.0603	-75.0553	-75.05	-75.0447	-75.0393	-75.0342	-75.0293	-75.025	-75.0212	-75.0181	-75.0159	-75.0146	-75.0143	-75.0149	-75.0166	-75.0192	-75.0233	-75.0292
5.07	-74.876	-74.8978	-74.9266	-74.956	-74.9831	-75.0068	-75.0269	-75.0432	-75.0561	-75.0658	-75.0727	-75.0772	-75.0796	-75.0803	-75.0794	-75.0772	-75.074	-75.0701	-75.0655	-75.0605	-75.0552	-75.0498	-75.0445	-75.0394	-75.0345	-75.0302	-75.0264	-75.0234	-75.0211	-75.0199	-75.0195	-75.0202	-75.0218	-75.0245	-75.0285	-75.0343
5.075	-74.8812	-74.903	-74.9318	-74.9611	-74.9882	-75.0119	-75.0319	-75.0482	-75.0611	-75.0708	-75.0778	-75.0823	-75.0847	-75.0853	-75.0844	-75.0823	-75.0791	-75.0752	-75.0706	-75.0656	-75.0604	-75.055	-75.0497	-75.0445	-75.0397	-75.0354	-75.0316	-75.0286	-75.0264	-75.0251	-75.0247	-75.0254	-75.027	-75.0297	-75.0337	-75.0395
5.08	-74.8864	-74.9081	-74.9369	-74.9662	-74.9932	-75.017	-75.037	-75.0533	-75.0661	-75.0759	-75.0828	-75.0873	-75.0897	-75.0904	-75.0895	-75.0874	-75.0842	-75.0803	-75.0757	-75.0707	-75.0655	-75.0602	-75.0548	-75.0497	-75.0449	-75.0406	-75.0368	-75.0338	-75.0316	-75.0303	-75.0299	-75.0306	-75.0322	-75.0348	-75.0388	-75.0447
5.085	-74.8916	-74.9133	-74.942	-74.9712	-74.9983	-75.022	-75.042	-75.0583	-75.0712	-75.0809	-75.0878	-75.0924	-75.0948	-75.0954	-75.0946	-75.0924	-75.0893	-75.0854	-75.0808	-75.0759	-75.0706	-75.0653	-75.06	-75.0549	-75.0501	-75.0458	-75.042	-75.039	-75.0368	-75.0355	-75.0351	-75.0358	-75.0374	-75.04	-75.044	-75.0499
5.09	-74.8967	-74.9184	-74.9471	-74.9763	-75.0034	-75.027	-75.047	-75.0633	-75.0762	-75.0859	-75.0928	-75.0974	-75.0998	-75.1005	-75.0996	-75.0975	-75.0944	-75.0905	-75.0859	-75.081	-75.0758	-75.0704	-75.0652	-75.0601	-75.0553	-75.0509	-75.0472	-75.0442	-75.042	-75.0407	-75.0403	-75.041	-75.0426	-75.0452	-75.0492	-75.055
5.095	-74.9019	-74.9235	-74.9522	-74.9814	-75.0084	-75.0321	-75.052	-75.0683	-75.0812	-75.0909	-75.0979	-75.1024	-75.1048	-75.1055	-75.1046	-75.1026	-75.0994	-75.0955	-75.091	-75.0861	-75.0809	-75.0756	-75.0703	-75.0652	-75.0604	-75.0561	-75.0524	-75.0494	-75.0472	-75.0459	-75.0455	-75.0461	-75.0477	-75.0504	-75.0543	-75.0602
5.1	-74.907	-74.9287	-74.9573	-74.9865	-75.0135	-75.0371	-75.0571	-75.0733	-75.0862	-75.0959	-75.1029	-75.1074	-75.1098	-75.1105	-75.1097	-75.1076	-75.1045	-75.1006	-75.0961	-75.0912	-75.086	-75.0807	-75.0754	-75.0704	-75.0656	-75.0613	-75.0575	-75.0545	-75.0523	-75.051	-75.0507	-75.0513	-75.0529	-75.0555	-75.0595	-75.0653
5.105	-74.9122	-74.9338	-74.9624	-74.9915	-75.0185	-75.0421	-75.0621	-75.0783	-75.0912	-75.1009	-75.1079	-75.1124	-75.1149	-75.1155	-75.1147	-75.1126	-75.1096	-75.1057	-75.1012	-75.0963	-75.0911	-75.0858	-75.0806	-75.0755	-75.0707	-75.0664	-75.0627	-75.0597	-75.0575	-75.0562	-75.0559	-75.0565	-75.058	-75.0607	-75.0646	-75.0704
5.11	-74.9173	-74.9389	-74.9675	-74.9966	-75.0235	-75.0471	-75.0671	-75.0833	-75.0962	-75.1059	-75.1128	-75.1174	-75.1199	-75.1205	-75.1197	-75.1177	-75.1146	-75.1107	-75.1063	-75.1014	-75.0962	-75.0909	-75.0857	-75.0806	-75.0759	-75.0716	-75.0679	-75.0648	-75.0627	-75.0614	-75.061	-75.0616	-75.0632	-75.0658	-75.0697	-75.0756
5.115	-74.9225	-74.944	-74.9726	-75.0016	-75.0285	-75.0521	-75.072	-75.0883	-75.1011	-75.1109	-75.1178	-75.1224	-75.1248	-75.1255	-75.1247	-75.1227	-75.1196	-75.1158	-75.1113	-75.1064	-75.1013	-75.096	-75.0908	-75.0857	-75.081	-75.0767	-75.073	-75.07	-75.0678	-75.0665	-75.0662	-75.0668	-75.0683	-75.0709	-75.0749	-75.0807
5.12	-74.9276	-74.9491	-74.9776	-75.0067	-75.0336	-75.0571	-75.077	-75.0933	-75.1061	-75.1158	-75.1228	-75.1273	-75.1298	-75.1305	-75.1297	-75.1277	-75.1247	-75.1208	-75.1164	-75.1115	-75.1064	-75.1011	-75.0959	-75.0909	-75.0861	-75.0818	-75.0781	-75.0751	-75.0729	-75.0716	-75.0713	-75.0719	-75.0734	-75.076	-75.08	-75.0858
5.125	-74.9327	-74.9542	-74.9827	-75.0117	-75.0386	-75.0621	-75.082	-75.0982	-75.1111	-75.1208	-75.1278	-75.1323	-75.1348	-75.1355	-75.1347	-75.1327	-75.1297	-75.1259	-75.1214	-75.1166	-75.1114	-75.1062	-75.101	-75.096	-75.0912	-75.087	-75.0833	-75.0803	-75.0781	-75.0768	-75.0764	-75.077	-75.0786	-75.0812	-75.0851	-75.0909
5.13	-74.9378	-74.9593	-74.9877	-75.0167	-75.0436	-75.0671	-75.087	-75.1032	-75.116	-75.1257	-75.1327	-75.1373	-75.1398	-75.1405	-75.1397	-75.1377	-75.1347	-75.1309	-75.1265	-75.1216	-75.1165	-75.1113	-75.1061	-75.1011	-75.0963	-75.0921	-75.0884	-75.0854	-75.0832	-75.0819	-75.0815	-75.0821	-75.0837	-75.0863	-75.0902	-75.096
5.135	-74.9429	-74.9643	-74.9928	-75.0217	-75.0486	-75.0721	-75.0919	-75.1082	-75.121	-75.1307	-75.1377	-75.1422	-75.1447	-75.1455	-75.1447	-75.1427	-75.1397	-75.1359	-75.1315	-75.1266	-75.1216	-75.1163	-75.1112	-75.1061	-75.1014	-75.0972	-75.0935	-75.0905	-75.0883	-75.087	-75.0867	-75.0872	-75.0888	-75.0914	-75.0953	-75.101
5.14	-74.948	-74.9694	-74.9978	-75.0267	-75.0535	-75.077	-75.0969	-75.1131	-75.1259	-75.1356	-75.1426	-75.1472	-75.1497	-75.1504	-75.1497	-75.1477	-75.1447	-75.1409	-75.1365	-75.1317	-75.1266	-75.1214	-75.1162	-75.1112	-75.1065	-75.1023	-75.0986	-75.0956	-75.0934	-75.0921	-75.0918	-75.0923	-75.0939	-75.0964	-75.1003	-75.1061
5.145	-74.9531	-74.9745	-75.0028	-75.0317	-75.0585	-75.082	-75.1018	-75.118	-75.1308	-75.1406	-75.1475	-75.1521	-75.1546	-75.1554	-75.1546	-75.1527	-75.1497	-75.1459	-75.1415	-75.1367	-75.1316	-75.1264	-75.1213	-75.1163	-75.1116	-75.1074	-75.1037	-75.1007	-75.0985	-75.0972	-75.0969	-75.0974	-75.099	-75.1015	-75.1054	-75.1112
5.15	-74.9582	-74.9795	-75.0079	-75.0367	-75.0635	-75.087	-75.1068	-75.123	-75.1358	-75.1455	-75.1525	-75.1571	-75.1596	-75.1603	-75.1596	-75.1576	-75.1547	-75.1509	-75.1465	-75.1417	-75.1367	-75.1315	-75.1263	-75.1214	-75.1167	-75.1124	-75.1088	-75.1058	-75.1036	-75.1023	-75.1019	-75.1025	-75.104	-75.1066	-75.1105	-75.1162
5.155	-74.9632	-74.9846	-75.0129	-75.0417	-75.0685	-75.0919	-75.1117	-75.1279	-75.1407	-75.1504	-75.1574	-75.162	-75.1645	-75.1653	-75.1645	-75.1626	-75.1596	-75.1559	-75.1515	-75.1467	-75.1417	-75.1365	-75.1314	-75.1264	-75.1217	-75.1175	-75.1139	-75.1109	-75.1087	-75.1074	-75.107	-75.1076	-75.1091	-75.1117	-75.1155	-75.1213
5.16	-74.9683	-74.9896	-75.0179	-75.0467	-75.0734	-75.0968	-75.1166	-75.1328	-75.1456	-75.1553	-75.1623	-75.1669	-75.1694	-75.1702	-75.1695	-75.1675	-75.1646	-75.1609	-75.1565	-75.1517	-75.1467	-75.1415	-75.1364	-75.1315	-75.1268	-75.1226	-75.1189	-75.116	-75.1138	-75.1125	-75.1121	-75.1127	-75.1142	-75.1167	-75.1206	-75.1263
5.165	-74.9733	-74.9946	-75.0229	-75.0517	-75.0784	-75.1018	-75.1215	-75.1377	-75.1505	-75.1602	-75.1672	-75.1718	-75.1743	-75.1751	-75.1744	-75.1725	-75.1695	-75.1658	-75.1615	-75.1567	-75.1517	-75.1466	-75.1414	-75.1365	-75.1318	-75.1276	-75.124	-75.121	-75.1188	-75.1175	-75.1172	-75.1177	-75.1192	-75.1217	-75.1256	-75.1313
5.17	-74.9784	-74.9996	-75.0279	-75.0566	-75.0833	-75.1067	-75.1264	-75.1426	-75.1554	-75.1651	-75.1721	-75.1767	-75.1792	-75.18	-75.1793	-75.1774	-75.1745	-75.1708	-75.1665	-75.1617	-75.1567	-75.1516	-75.1465	-75.1415	-75.1369	-75.1327	-75.129	-75.1261	-75.1239	-75.1226	-75.1222	-75.1228	-75.1243	-75.1268	-75.1306	-75.1364
5.175	-74.9834	-75.0047	-75.0329	-75.0616	-75.0882	-75.1116	-75.1313	-75.1475	-75.1603	-75.17	-75.177	-75.1816	-75.1841	-75.1849	-75.1843	-75.1824	-75.1794	-75.1757	-75.1714	-75.1667	-75.1617	-75.1566	-75.1515	-75.1465	-75.1419	-75.1377	-75.1341	-75.1311	-75.1289	-75.1276	-75.1273	-75.1278	-75.1293	-75.1318	-75.1357	-75.1414
5.18	-74.9885	-75.0097	-75.0378	-75.0666	-75.0932	-75.1165	-75.1362	-75.1524	-75.1652	-75.1749	-75.1819	-75.1865	-75.189	-75.1898	-75.1892	-75.1873	-75.1844	-75.1807	-75.1764	-75.1717	-75.1667	-75.1616	-75.1565	-75.1516	-75.1469	-75.1427	-75.1391	-75.1362	-75.134	-75.1327	-75.1323	-75.1328	-75.1343	-75.1368	-75.1407	-75.1464
5.185	-74.9935	-75.0147	-75.0428	-75.0715	-75.0981	-75.1214	-75.1411	-75.1573	-75.17	-75.1797	-75.1867	-75.1914	-75.1939	-75.1947	-75.1941	-75.1922	-75.1893	-75.1856	-75.1813	-75.1766	-75.1716	-75.1665	-75.1615	-75.1566	-75.152	-75.1478	-75.1441	-75.1412	-75.139	-75.1377	-75.1373	-75.1379	-75.1394	-75.1419	-75.1457	-75.1514
5.19	-74.9985	-75.0197	-75.0478	-75.0764	-75.103	-75.1263	-75.146	-75.1621	-75.1749	-75.1846	-75.1916	-75.1962	-75.1988	-75.1996	-75.199	-75.1971	-75.1942	-75.1906	-75.1863	-75.1816	-75.1766	-75.1715	-75.1665	-75.1616	-75.157	-75.1528	-75.1492	-75.1462	-75.144	-75.1427	-75.1423	-75.1429	-75.1444	-75.1469	-75.1507	-75.1564
5.195	-75.0035	-75.0246	-75.0527	-75.0814	-75.1079	-75.1312	-75.1509	-75.167	-75.1797	-75.1895	-75.1965	-75.2011	-75.2037	-75.2045	-75.2039	-75.202	-75.1991	-75.1955	-75.1912	-75.1865	-75.1816	-75.1765	-75.1714	-75.1666	-75.162	-75.1578	-75.1542	-75.1512	-75.1491	-75.1478	-75.1474	-75.1479	-75.1494	-75.1519	-75.1557	-75.1613
5.2	-75.0085	-75.0296	-75.0577	-75.0863	-75.1128	-75.1361	-75.1558	-75.1719	-75.1846	-75.1943	-75.2013	-75.2059	-75.2085	-75.2094	-75.2087	-75.2069	-75.204	-75.2004	-75.1961	-75.1915	-75.1865	-75.1815	-75.1764	-75.1715	-75.167	-75.1628	-75.1592	-75.1562	-75.1541	-75.1528	-75.1524	-75.1529	-75.1544	-75.1568	-75.1606	-75.1663
5.205	-75.0135	-75.0346	-75.0626	-75.0912	-75.1177	-75.1409	-75.1606	-75.1767	-75.1894	-75.1992	-75.2062	-75.2108	-75.2134	-75.2142	-75.2136	-75.2118	-75.2089	-75.2053	-75.2011	-75.1964	-75.1915	-75.1864	-75.1814	-75.1765	-75.1719	-75.1678	-75.1642	-75.1612	-75.1591	-75.1578	-75.1574	-75.1579	-75.1593	-75.1618	-75.1656	-75.1713
5.21	-75.0185	-75.0396	-75.0676	-75.0961	-75.1226	-75.1458	-75.1655	-75.1815	-75.1943	-75.204	-75.211	-75.2156	-75.2182	-75.2191	-75.2185	-75.2166	-75.2138	-75.2102	-75.206	-75.2013	-75.1964	-75.1914	-75.1863	-75.1815	-75.1769	-75.1728	-75.1692	-75.1662	-75.1641	-75.1628	-75.1624	-75.1629	-75.1643	-75.1668	-75.1706	-75.1762
5.215	-75.0235	-75.0445	-75.0725	-75.101	-75.1274	-75.1507	-75.1703	-75.1864	-75.1991	-75.2088	-75.2158	-75.2205	-75.2231	-75.2239	-75.2233	-75.2215	-75.2187	-75.2151	-75.2109	-75.2062	-75.2013	-75.1963	-75.1913	-75.1864	-75.1819	-75.1777	-75.1741	-75.1712	-75.1691	-75.1677	-75.1673	-75.1679	-75.1693	-75.1718	-75.1755	-75.1812
5.22	-75.0285	-75.0495	-75.0774	-75.1059	-75.1323	-75.1555	-75.1751	-75.1912	-75.2039	-75.2136	-75.2206	-75.2253	-75.2279	-75.2288	-75.2282	-75.2264	-75.2236	-75.22	-75.2158	-75.2112	-75.2063	-75.2012	-75.1962	-75.1914	-75.1868	-75.1827	-75.1791	-75.1762	-75.174	-75.1727	-75.1723	-75.1728	-75.1743	-75.1767	-75.1805	-75.1861
5.225	-75.0334	-75.0544	-75.0823	-75.1108	-75.1372	-75.1604	-75.18	-75.196	-75.2088	-75.2185	-75.2255	-75.2301	-75.2327	-75.2336	-75.233	-75.2312	-75.2284	-75.2248	-75.2207	-75.216	-75.2112	-75.2062	-75.2012	-75.1963	-75.1918	-75.1877	-75.1841	-75.1812	-75.179	-75.1777	-75.1773	-75.1778	-75.1792	-75.1817	-75.1854	-75.1911
5.23	-75.0384	-75.0593	-75.0872	-75.1157	-75.142	-75.1652	-75.1848	-75.2008	-75.2136	-75.2233	-75.2303	-75.2349	-75.2375	-75.2384	-75.2379	-75.2361	-75.2333	-75.2297	-75.2255	-75.2209	-75.2161	-75.2111	-75.2061	-75.2013	-75.1967	-75.1926	-75.189	-75.1861	-75.184	-75.1826	-75.1822	-75.1827	-75.1842	-75.1866	-75.1904	-75.196
5.235	-75.0434	-75.0643	-75.0921	-75.1205	-75.1469	-75.17	-75.1896	-75.2057	-75.2184	-75.2281	-75.2351	-75.2397	-75.2424	-75.2433	-75.2427	-75.2409	-75.2381	-75.2346	-75.2304	-75.2258	-75.221	-75.216	-75.211	-75.2062	-75.2017	-75.1976	-75.194	-75.1911	-75.1889	-75.1876	-75.1872	-75.1877	-75.1891	-75.1915	-75.1953	-75.2009
5.24	-75.0483	-75.0692	-75.097	-75.1254	-75.1517	-75.1749	-75.1944	-75.2104	-75.2232	-75.2328	-75.2399	-75.2445	-75.2472	-75.2481	-75.2475	-75.2457	-75.243	-75.2394	-75.2353	-75.2307	-75.2259	-75.2209	-75.2159	-75.2111	-75.2066	-75.2025	-75.1989	-75.196	-75.1939	-75.1925	-75.1921	-75.1926	-75.194	-75.1965	-75.2002	-75.2058
5.245	-75.0532	-75.0741	-75.1019	-75.1302	-75.1566	-75.1797	-75.1992	-75.2152	-75.2279	-75.2376	-75.2447	-75.2493	-75.252	-75.2529	-75.2523	-75.2506	-75.2478	-75.2443	-75.2401	-75.2356	-75.2307	-75.2258	-75.2208	-75.216	-75.2115	-75.2074	-75.2039	-75.2009	-75.1988	-75.1975	-75.1971	-75.1975	-75.199	-75.2014	-75.2051	-75.2107
5.25	-75.0582	-75.079	-75.1068	-75.1351	-75.1614	-75.1845	-75.204	-75.22	-75.2327	-75.2424	-75.2494	-75.2541	-75.2568	-75.2577	-75.2571	-75.2554	-75.2526	-75.2491	-75.245	-75.2404	-75.2356	-75.2307	-75.2257	-75.2209	-75.2164	-75.2123	-75.2088	-75.2059	-75.2037	-75.2024	-75.202	-75.2025	-75.2039	-75.2063	-75.21	-75.2156
5.255	-75.0631	-75.0839	-75.1116	-75.1399	-75.1662	-75.1893	-75.2088	-75.2248	-75.2375	-75.2472	-75.2542	-75.2589	-75.2615	-75.2625	-75.2619	-75.2602	-75.2575	-75.254	-75.2498	-75.2453	-75.2405	-75.2355	-75.2306	-75.2258	-75.2213	-75.2173	-75.2137	-75.2108	-75.2086	-75.2073	-75.2069	-75.2074	-75.2088	-75.2112	-75.2149	-75.2205
5.26	-75.068	-75.0888	-75.1165	-75.1448	-75.171	-75.1941	-75.2136	-75.2296	-75.2423	-75.252	-75.259	-75.2636	-75.2663	-75.2672	-75.2667	-75.265	-75.2623	-75.2588	-75.2547	-75.2501	-75.2453	-75.2404	-75.2355	-75.2307	-75.2262	-75.2222	-75.2186	-75.2157	-75.2136	-75.2122	-75.2118	-75.2123	-75.2137	-75.2161	-75.2198	-75.2254
5.265	-75.0729	-75.0937	-75.1214	-75.1496	-75.1758	-75.1989	-75.2184	-75.2343	-75.247	-75.2567	-75.2637	-75.2684	-75.2711	-75.272	-75.2715	-75.2698	-75.2671	-75.2636	-75.2595	-75.255	-75.2502	-75.2453	-75.2404	-75.2356	-75.2311	-75.2271	-75.2235	-75.2206	-75.2185	-75.2171	-75.2167	-75.2172	-75.2186	-75.221	-75.2247	-75.2302
5.27	-75.0779	-75.0986	-75.1262	-75.1544	-75.1806	-75.2036	-75.2231	-75.2391	-75.2518	-75.2615	-75.2685	-75.2732	-75.2758	-75.2768	-75.2763	-75.2746	-75.2719	-75.2684	-75.2643	-75.2598	-75.255	-75.2501	-75.2452	-75.2405	-75.236	-75.2319	-75.2284	-75.2255	-75.2234	-75.222	-75.2216	-75.2221	-75.2235	-75.2258	-75.2295	-75.2351
5.275	-75.0827	-75.1034	-75.1311	-75.1592	-75.1854	-75.2084	-75.2279	-75.2439	-75.2565	-75.2662	-75.2732	-75.2779	-75.2806	-75.2816	-75.2811	-75.2794	-75.2767	-75.2732	-75.2691	-75.2646	-75.2599	-75.255	-75.2501	-75.2453	-75.2409	-75.2368	-75.2333	-75.2304	-75.2283	-75.2269	-75.2265	-75.227	-75.2283	-75.2307	-75.2344	-75.2399
5.28	-75.0876	-75.1083	-75.1359	-75.1641	-75.1902	-75.2132	-75.2326	-75.2486	-75.2613	-75.2709	-75.278	-75.2827	-75.2853	-75.2863	-75.2858	-75.2841	-75.2815	-75.278	-75.2739	-75.2695	-75.2647	-75.2598	-75.2549	-75.2502	-75.2458	-75.2417	-75.2382	-75.2353	-75.2331	-75.2318	-75.2314	-75.2318	-75.2332	-75.2356	-75.2393	-75.2448
5.285	-75.0925	-75.1132	-75.1407	-75.1689	-75.195	-75.2179	-75.2374	-75.2533	-75.266	-75.2757	-75.2827	-75.2874	-75.2901	-75.2911	-75.2906	-75.2889	-75.2862	-75.2828	-75.2787	-75.2743	-75.2695	-75.2646	-75.2598	-75.2551	-75.2506	-75.2466	-75.243	-75.2402	-75.238	-75.2367	-75.2363	-75.2367	-75.2381	-75.2404	-75.2441	-75.2496
5.29	-75.0974	-75.118	-75.1455	-75.1737	-75.1998	-75.2227	-75.2421	-75.2581	-75.2707	-75.2804	-75.2874	-75.2921	-75.2948	-75.2958	-75.2953	-75.2937	-75.291	-75.2876	-75.2835	-75.2791	-75.2743	-75.2695	-75.2646	-75.2599	-75.2555	-75.2514	-75.2479	-75.245	-75.2429	-75.2416	-75.2411	-75.2416	-75.2429	-75.2453	-75.2489	-75.2545
5.295	-75.1023	-75.1229	-75.1504	-75.1784	-75.2045	-75.2274	-75.2469	-75.2628	-75.2754	-75.2851	-75.2921	-75.2968	-75.2995	-75.3005	-75.3001	-75.2984	-75.2958	-75.2923	-75.2883	-75.2839	-75.2791	-75.2743	-75.2694	-75.2647	-75.2603	-75.2563	-75.2528	-75.2499	-75.2477	-75.2464	-75.246	-75.2464	-75.2478	-75.2501	-75.2538	-75.2593
5.3	-75.1071	-75.1277	-75.1552	-75.1832	-75.2093	-75.2322	-75.2516	-75.2675	-75.2801	-75.2898	-75.2968	-75.3016	-75.3043	-75.3053	-75.3048	-75.3032	-75.3005	-75.2971	-75.2931	-75.2887	-75.284	-75.2791	-75.2743	-75.2696	-75.2651	-75.2611	-75.2576	-75.2547	-75.2526	-75.2513	-75.2508	-75.2513	-75.2526	-75.2549	-75.2586	-75.2641
5.305	-75.112	-75.1325	-75.16	-75.188	-75.214	-75.2369	-75.2563	-75.2722	-75.2849	-75.2945	-75.3015	-75.3063	-75.309	-75.31	-75.3095	-75.3079	-75.3053	-75.3019	-75.2979	-75.2934	-75.2887	-75.2839	-75.2791	-75.2744	-75.27	-75.266	-75.2625	-75.2596	-75.2574	-75.2561	-75.2557	-75.2561	-75.2574	-75.2598	-75.2634	-75.2689
5.31	-75.1169	-75.1374	-75.1648	-75.1928	-75.2188	-75.2416	-75.261	-75.2769	-75.2895	-75.2992	-75.3062	-75.311	-75.3137	-75.3147	-75.3143	-75.3126	-75.31	-75.3066	-75.3026	-75.2982	-75.2935	-75.2887	-75.2839	-75.2792	-75.2748	-75.2708	-75.2673	-75.2644	-75.2623	-75.261	-75.2605	-75.2609	-75.2623	-75.2646	-75.2682	-75.2737
5.315	-75.1217	-75.1422	-75.1696	-75.1975	-75.2235	-75.2464	-75.2657	-75.2816	-75.2942	-75.3039	-75.3109	-75.3157	-75.3184	-75.3194	-75.319	-75.3174	-75.3148	-75.3114	-75.3074	-75.303	-75.2983	-75.2935	-75.2887	-75.284	-75.2796	-75.2756	-75.2721	-75.2692	-75.2671	-75.2658	-75.2653	-75.2657	-75.2671	-75.2694	-75.273	-75.2785
5.32	-75.1265	-75.147	-75.1743	-75.2023	-75.2282	-75.2511	-75.2704	-75.2863	-75.2989	-75.3086	-75.3156	-75.3203	-75.3231	-75.3241	-75.3237	-75.3221	-75.3195	-75.3161	-75.3121	-75.3077	-75.3031	-75.2983	-75.2935	-75.2888	-75.2844	-75.2804	-75.2769	-75.2741	-75.2719	-75.2706	-75.2701	-75.2706	-75.2719	-75.2742	-75.2778	-75.2833
5.325	-75.1314	-75.1518	-75.1791	-75.207	-75.233	-75.2558	-75.2751	-75.291	-75.3036	-75.3133	-75.3203	-75.325	-75.3278	-75.3288	-75.3284	-75.3268	-75.3242	-75.3208	-75.3169	-75.3125	-75.3078	-75.303	-75.2983	-75.2936	-75.2892	-75.2852	-75.2817	-75.2789	-75.2767	-75.2754	-75.275	-75.2754	-75.2767	-75.279	-75.2826	-75.2881
5.33	-75.1362	-75.1566	-75.1839	-75.2118	-75.2377	-75.2605	-75.2798	-75.2957	-75.3083	-75.3179	-75.325	-75.3297	-75.3324	-75.3335	-75.3331	-75.3315	-75.3289	-75.3256	-75.3216	-75.3172	-75.3126	-75.3078	-75.303	-75.2984	-75.294	-75.29	-75.2865	-75.2837	-75.2816	-75.2802	-75.2798	-75.2802	-75.2815	-75.2838	-75.2874	-75.2928
5.335	-75.141	-75.1614	-75.1887	-75.2165	-75.2424	-75.2652	-75.2845	-75.3003	-75.3129	-75.3226	-75.3296	-75.3344	-75.3371	-75.3382	-75.3378	-75.3362	-75.3336	-75.3303	-75.3263	-75.322	-75.3173	-75.3126	-75.3078	-75.3032	-75.2988	-75.2948	-75.2913	-75.2885	-75.2864	-75.285	-75.2846	-75.285	-75.2863	-75.2886	-75.2922	-75.2976
5.34	-75.1458	-75.1662	-75.1934	-75.2212	-75.2471	-75.2699	-75.2892	-75.305	-75.3176	-75.3272	-75.3343	-75.339	-75.3418	-75.3428	-75.3424	-75.3409	-75.3383	-75.335	-75.3311	-75.3267	-75.3221	-75.3173	-75.3126	-75.3079	-75.3036	-75.2996	-75.2961	-75.2933	-75.2911	-75.2898	-75.2893	-75.2897	-75.291	-75.2933	-75.2969	-75.3024
5.345	-75.1506	-75.171	-75.1982	-75.226	-75.2518	-75.2745	-75.2938	-75.3096	-75.3222	-75.3319	-75.3389	-75.3437	-75.3464	-75.3475	-75.3471	-75.3456	-75.343	-75.3397	-75.3358	-75.3314	-75.3268	-75.3221	-75.3173	-75.3127	-75.3083	-75.3044	-75.3009	-75.2981	-75.2959	-75.2946	-75.2941	-75.2945	-75.2958	-75.2981	-75.3017	-75.3071
5.35	-75.1554	-75.1757	-75.2029	-75.2307	-75.2565	-75.2792	-75.2985	-75.3143	-75.3269	-75.3365	-75.3436	-75.3483	-75.3511	-75.3521	-75.3518	-75.3502	-75.3477	-75.3444	-75.3405	-75.3362	-75.3316	-75.3268	-75.3221	-75.3175	-75.3131	-75.3092	-75.3057	-75.3028	-75.3007	-75.2994	-75.2989	-75.2993	-75.3006	-75.3029	-75.3064	-75.3119
5.355	-75.1602	-75.1805	-75.2076	-75.2354	-75.2612	-75.2839	-75.3031	-75.3189	-75.3315	-75.3412	-75.3482	-75.353	-75.3557	-75.3568	-75.3564	-75.3549	-75.3524	-75.3491	-75.3452	-75.3409	-75.3363	-75.3315	-75.3268	-75.3222	-75.3179	-75.3139	-75.3104	-75.3076	-75.3055	-75.3042	-75.3037	-75.3041	-75.3053	-75.3076	-75.3112	-75.3166
5.36	-75.165	-75.1852	-75.2124	-75.2401	-75.2659	-75.2885	-75.3078	-75.3236	-75.3362	-75.3458	-75.3528	-75.3576	-75.3604	-75.3614	-75.3611	-75.3596	-75.357	-75.3538	-75.3499	-75.3456	-75.341	-75.3363	-75.3315	-75.327	-75.3226	-75.3187	-75.3152	-75.3124	-75.3102	-75.3089	-75.3084	-75.3088	-75.3101	-75.3123	-75.3159	-75.3213
5.365	-75.1698	-75.19	-75.2171	-75.2448	-75.2705	-75.2932	-75.3124	-75.3282	-75.3408	-75.3504	-75.3575	-75.3622	-75.365	-75.3661	-75.3657	-75.3642	-75.3617	-75.3584	-75.3546	-75.3503	-75.3457	-75.341	-75.3363	-75.3317	-75.3274	-75.3234	-75.32	-75.3171	-75.315	-75.3137	-75.3132	-75.3136	-75.3148	-75.3171	-75.3206	-75.326
5.37	-75.1746	-75.1947	-75.2218	-75.2495	-75.2752	-75.2978	-75.317	-75.3328	-75.3454	-75.355	-75.3621	-75.3668	-75.3696	-75.3707	-75.3704	-75.3689	-75.3664	-75.3631	-75.3592	-75.355	-75.3504	-75.3457	-75.341	-75.3364	-75.3321	-75.3282	-75.3247	-75.3219	-75.3197	-75.3184	-75.3179	-75.3183	-75.3196	-75.3218	-75.3254	-75.3308
5.375	-75.1793	-75.1995	-75.2265	-75.2542	-75.2799	-75.3025	-75.3217	-75.3374	-75.35	-75.3596	-75.3667	-75.3714	-75.3742	-75.3753	-75.375	-75.3735	-75.371	-75.3678	-75.3639	-75.3596	-75.3551	-75.3504	-75.3457	-75.3411	-75.3368	-75.3329	-75.3294	-75.3266	-75.3245	-75.3232	-75.3227	-75.323	-75.3243	-75.3265	-75.3301	-75.3355
5.38	-75.1841	-75.2042	-75.2312	-75.2588	-75.2845	-75.3071	-75.3263	-75.3421	-75.3546	-75.3642	-75.3713	-75.376	-75.3788	-75.3799	-75.3796	-75.3781	-75.3757	-75.3724	-75.3686	-75.3643	-75.3598	-75.3551	-75.3504	-75.3458	-75.3415	-75.3376	-75.3342	-75.3313	-75.3292	-75.3279	-75.3274	-75.3278	-75.329	-75.3312	-75.3348	-75.3402
5.385	-75.1889	-75.2089	-75.2359	-75.2635	-75.2892	-75.3117	-75.3309	-75.3467	-75.3592	-75.3688	-75.3759	-75.3806	-75.3834	-75.3846	-75.3842	-75.3828	-75.3803	-75.3771	-75.3732	-75.369	-75.3645	-75.3598	-75.3551	-75.3506	-75.3463	-75.3423	-75.3389	-75.3361	-75.334	-75.3326	-75.3321	-75.3325	-75.3337	-75.336	-75.3395	-75.3448
5.39	-75.1936	-75.2137	-75.2406	-75.2682	-75.2938	-75.3164	-75.3355	-75.3513	-75.3638	-75.3734	-75.3805	-75.3852	-75.388	-75.3892	-75.3889	-75.3874	-75.3849	-75.3817	-75.3779	-75.3736	-75.3691	-75.3645	-75.3598	-75.3553	-75.351	-75.347	-75.3436	-75.3408	-75.3387	-75.3373	-75.3368	-75.3372	-75.3384	-75.3407	-75.3442	-75.3495
5.395	-75.1983	-75.2184	-75.2453	-75.2728	-75.2984	-75.321	-75.3401	-75.3559	-75.3684	-75.378	-75.385	-75.3898	-75.3926	-75.3938	-75.3935	-75.392	-75.3896	-75.3863	-75.3825	-75.3783	-75.3738	-75.3691	-75.3645	-75.3599	-75.3557	-75.3518	-75.3483	-75.3455	-75.3434	-75.342	-75.3415	-75.3419	-75.3431	-75.3453	-75.3489	-75.3542
5.4	-75.2031	-75.2231	-75.25	-75.2775	-75.3031	-75.3256	-75.3447	-75.3604	-75.373	-75.3826	-75.3896	-75.3944	-75.3972	-75.3983	-75.3981	-75.3966	-75.3942	-75.391	-75.3872	-75.3829	-75.3784	-75.3738	-75.3692	-75.3646	-75.3604	-75.3564	-75.353	-75.3502	-75.3481	-75.3468	-75.3463	-75.3466	-75.3478	-75.35	-75.3535	-75.3589
5.405	-75.2078	-75.2278	-75.2546	-75.2821	-75.3077	-75.3302	-75.3493	-75.365	-75.3775	-75.3872	-75.3942	-75.399	-75.4018	-75.4029	-75.4027	-75.4012	-75.3988	-75.3956	-75.3918	-75.3876	-75.3831	-75.3785	-75.3738	-75.3693	-75.365	-75.3611	-75.3577	-75.3549	-75.3528	-75.3515	-75.3509	-75.3513	-75.3525	-75.3547	-75.3582	-75.3635
5.41	-75.2125	-75.2325	-75.2593	-75.2868	-75.3123	-75.3348	-75.3539	-75.3696	-75.3821	-75.3917	-75.3988	-75.4035	-75.4064	-75.4075	-75.4072	-75.4058	-75.4034	-75.4002	-75.3964	-75.3922	-75.3877	-75.3831	-75.3785	-75.374	-75.3697	-75.3658	-75.3624	-75.3596	-75.3575	-75.3561	-75.3556	-75.356	-75.3572	-75.3594	-75.3629	-75.3682
5.415	-75.2172	-75.2372	-75.264	-75.2914	-75.3169	-75.3394	-75.3585	-75.3741	-75.3867	-75.3963	-75.4033	-75.4081	-75.4109	-75.4121	-75.4118	-75.4104	-75.408	-75.4048	-75.401	-75.3969	-75.3924	-75.3878	-75.3831	-75.3786	-75.3744	-75.3705	-75.3671	-75.3643	-75.3622	-75.3608	-75.3603	-75.3606	-75.3619	-75.364	-75.3675	-75.3728
5.42	-75.2219	-75.2419	-75.2686	-75.296	-75.3215	-75.344	-75.363	-75.3787	-75.3912	-75.4008	-75.4079	-75.4127	-75.4155	-75.4166	-75.4164	-75.415	-75.4126	-75.4094	-75.4057	-75.4015	-75.397	-75.3924	-75.3878	-75.3833	-75.3791	-75.3752	-75.3718	-75.369	-75.3668	-75.3655	-75.365	-75.3653	-75.3665	-75.3687	-75.3722	-75.3775
5.425	-75.2266	-75.2465	-75.2733	-75.3006	-75.3261	-75.3485	-75.3676	-75.3833	-75.3958	-75.4054	-75.4124	-75.4172	-75.42	-75.4212	-75.421	-75.4195	-75.4172	-75.414	-75.4103	-75.4061	-75.4016	-75.397	-75.3924	-75.388	-75.3837	-75.3798	-75.3764	-75.3736	-75.3715	-75.3702	-75.3697	-75.37	-75.3712	-75.3733	-75.3768	-75.3821
5.43	-75.2313	-75.2512	-75.2779	-75.3052	-75.3307	-75.3531	-75.3721	-75.3878	-75.4003	-75.4099	-75.4169	-75.4217	-75.4246	-75.4258	-75.4255	-75.4241	-75.4217	-75.4186	-75.4149	-75.4107	-75.4062	-75.4017	-75.3971	-75.3926	-75.3884	-75.3845	-75.3811	-75.3783	-75.3762	-75.3748	-75.3743	-75.3746	-75.3758	-75.378	-75.3815	-75.3868
5.435	-75.236	-75.2559	-75.2825	-75.3099	-75.3353	-75.3577	-75.3767	-75.3923	-75.4048	-75.4144	-75.4215	-75.4263	-75.4291	-75.4303	-75.4301	-75.4287	-75.4263	-75.4232	-75.4194	-75.4153	-75.4109	-75.4063	-75.4017	-75.3972	-75.393	-75.3891	-75.3857	-75.3829	-75.3808	-75.3795	-75.379	-75.3793	-75.3805	-75.3826	-75.3861	-75.3914
5.44	-75.2407	-75.2605	-75.2872	-75.3145	-75.3398	-75.3622	-75.3812	-75.3969	-75.4094	-75.419	-75.426	-75.4308	-75.4336	-75.4348	-75.4346	-75.4332	-75.4309	-75.4277	-75.424	-75.4199	-75.4155	-75.4109	-75.4063	-75.4019	-75.3976	-75.3938	-75.3904	-75.3876	-75.3855	-75.3841	-75.3836	-75.3839	-75.3851	-75.3873	-75.3907	-75.396
5.445	-75.2454	-75.2652	-75.2918	-75.319	-75.3444	-75.3668	-75.3858	-75.4014	-75.4139	-75.4235	-75.4305	-75.4353	-75.4382	-75.4394	-75.4392	-75.4378	-75.4354	-75.4323	-75.4286	-75.4245	-75.4201	-75.4155	-75.4109	-75.4065	-75.4023	-75.3984	-75.395	-75.3922	-75.3901	-75.3888	-75.3883	-75.3886	-75.3897	-75.3919	-75.3953	-75.4006
5.45	-75.2501	-75.2698	-75.2964	-75.3236	-75.349	-75.3713	-75.3903	-75.4059	-75.4184	-75.428	-75.435	-75.4398	-75.4427	-75.4439	-75.4437	-75.4423	-75.44	-75.4369	-75.4332	-75.4291	-75.4247	-75.4201	-75.4156	-75.4111	-75.4069	-75.403	-75.3997	-75.3969	-75.3948	-75.3934	-75.3929	-75.3932	-75.3944	-75.3965	-75.3999	-75.4052
5.455	-75.2547	-75.2744	-75.301	-75.3282	-75.3535	-75.3759	-75.3948	-75.4104	-75.4229	-75.4325	-75.4395	-75.4443	-75.4472	-75.4484	-75.4482	-75.4468	-75.4445	-75.4414	-75.4377	-75.4336	-75.4292	-75.4247	-75.4202	-75.4157	-75.4115	-75.4077	-75.4043	-75.4015	-75.3994	-75.398	-75.3975	-75.3978	-75.399	-75.4011	-75.4045	-75.4098
5.46	-75.2594	-75.2791	-75.3056	-75.3328	-75.3581	-75.3804	-75.3993	-75.4149	-75.4274	-75.437	-75.444	-75.4488	-75.4517	-75.4529	-75.4527	-75.4514	-75.4491	-75.446	-75.4423	-75.4382	-75.4338	-75.4293	-75.4247	-75.4203	-75.4161	-75.4123	-75.4089	-75.4061	-75.404	-75.4027	-75.4021	-75.4024	-75.4036	-75.4057	-75.4091	-75.4144
5.465	-75.264	-75.2837	-75.3102	-75.3374	-75.3626	-75.3849	-75.4039	-75.4194	-75.4319	-75.4415	-75.4485	-75.4533	-75.4562	-75.4574	-75.4572	-75.4559	-75.4536	-75.4505	-75.4469	-75.4428	-75.4384	-75.4339	-75.4293	-75.4249	-75.4207	-75.4169	-75.4135	-75.4107	-75.4086	-75.4073	-75.4067	-75.407	-75.4082	-75.4103	-75.4137	-75.419
5.47	-75.2687	-75.2883	-75.3148	-75.3419	-75.3672	-75.3894	-75.4084	-75.4239	-75.4364	-75.446	-75.453	-75.4578	-75.4607	-75.4619	-75.4618	-75.4604	-75.4581	-75.455	-75.4514	-75.4473	-75.4429	-75.4384	-75.4339	-75.4295	-75.4253	-75.4215	-75.4181	-75.4153	-75.4132	-75.4119	-75.4113	-75.4116	-75.4128	-75.4149	-75.4183	-75.4235
5.475	-75.2733	-75.2929	-75.3194	-75.3465	-75.3717	-75.394	-75.4129	-75.4284	-75.4409	-75.4505	-75.4575	-75.4623	-75.4652	-75.4664	-75.4663	-75.4649	-75.4626	-75.4596	-75.4559	-75.4519	-75.4475	-75.443	-75.4385	-75.4341	-75.4299	-75.4261	-75.4227	-75.4199	-75.4178	-75.4165	-75.4159	-75.4162	-75.4174	-75.4195	-75.4229	-75.4281
5.48	-75.2779	-75.2975	-75.324	-75.351	-75.3762	-75.3985	-75.4174	-75.4329	-75.4454	-75.4549	-75.462	-75.4668	-75.4697	-75.4709	-75.4707	-75.4694	-75.4671	-75.4641	-75.4605	-75.4564	-75.4521	-75.4476	-75.4431	-75.4387	-75.4345	-75.4307	-75.4273	-75.4245	-75.4224	-75.4211	-75.4205	-75.4208	-75.4219	-75.424	-75.4274	-75.4327
5.485	-75.2826	-75.3021	-75.3285	-75.3556	-75.3808	-75.403	-75.4218	-75.4374	-75.4498	-75.4594	-75.4664	-75.4713	-75.4741	-75.4754	-75.4752	-75.4739	-75.4716	-75.4686	-75.465	-75.4609	-75.4566	-75.4521	-75.4476	-75.4432	-75.4391	-75.4352	-75.4319	-75.4291	-75.427	-75.4257	-75.4251	-75.4254	-75.4265	-75.4286	-75.432	-75.4372
5.49	-75.2872	-75.3067	-75.3331	-75.3601	-75.3853	-75.4075	-75.4263	-75.4419	-75.4543	-75.4639	-75.4709	-75.4757	-75.4786	-75.4799	-75.4797	-75.4784	-75.4761	-75.4731	-75.4695	-75.4655	-75.4611	-75.4567	-75.4522	-75.4478	-75.4436	-75.4398	-75.4365	-75.4337	-75.4316	-75.4302	-75.4297	-75.43	-75.4311	-75.4332	-75.4365	-75.4417
5.495	-75.2918	-75.3113	-75.3376	-75.3646	-75.3898	-75.412	-75.4308	-75.4463	-75.4587	-75.4683	-75.4754	-75.4802	-75.4831	-75.4843	-75.4842	-75.4829	-75.4806	-75.4776	-75.474	-75.47	-75.4657	-75.4612	-75.4567	-75.4523	-75.4482	-75.4444	-75.4411	-75.4383	-75.4362	-75.4348	-75.4343	-75.4345	-75.4356	-75.4377	-75.4411	-75.4463
5.5	-75.2964	-75.3159	-75.3422	-75.3692	-75.3943	-75.4164	-75.4353	-75.4508	-75.4632	-75.4728	-75.4798	-75.4846	-75.4875	-75.4888	-75.4887	-75.4874	-75.4851	-75.4821	-75.4785	-75.4745	-75.4702	-75.4657	-75.4613	-75.4569	-75.4528	-75.449	-75.4456	-75.4428	-75.4407	-75.4394	-75.4388	-75.4391	-75.4402	-75.4423	-75.4456	-75.4508
5.505	-75.301	-75.3205	-75.3467	-75.3737	-75.3988	-75.4209	-75.4397	-75.4552	-75.4676	-75.4772	-75.4842	-75.4891	-75.492	-75.4932	-75.4931	-75.4918	-75.4896	-75.4866	-75.483	-75.479	-75.4747	-75.4703	-75.4658	-75.4614	-75.4573	-75.4535	-75.4502	-75.4474	-75.4453	-75.4439	-75.4434	-75.4436	-75.4447	-75.4468	-75.4502	-75.4553
5.51	-75.3056	-75.325	-75.3513	-75.3782	-75.4033	-75.4254	-75.4442	-75.4597	-75.4721	-75.4816	-75.4887	-75.4935	-75.4964	-75.4977	-75.4976	-75.4963	-75.4941	-75.4911	-75.4875	-75.4835	-75.4792	-75.4748	-75.4703	-75.466	-75.4618	-75.4581	-75.4547	-75.452	-75.4499	-75.4485	-75.4479	-75.4482	-75.4493	-75.4513	-75.4547	-75.4599
5.515	-75.3102	-75.3296	-75.3558	-75.3827	-75.4078	-75.4298	-75.4486	-75.4641	-75.4765	-75.4861	-75.4931	-75.4979	-75.5009	-75.5021	-75.502	-75.5008	-75.4985	-75.4956	-75.492	-75.488	-75.4837	-75.4793	-75.4748	-75.4705	-75.4664	-75.4626	-75.4593	-75.4565	-75.4544	-75.453	-75.4525	-75.4527	-75.4538	-75.4559	-75.4592	-75.4644
5.52	-75.3148	-75.3342	-75.3604	-75.3872	-75.4122	-75.4343	-75.4531	-75.4686	-75.4809	-75.4905	-75.4975	-75.5024	-75.5053	-75.5066	-75.5065	-75.5052	-75.503	-75.5	-75.4965	-75.4925	-75.4882	-75.4838	-75.4794	-75.475	-75.4709	-75.4671	-75.4638	-75.4611	-75.4589	-75.4576	-75.457	-75.4573	-75.4583	-75.4604	-75.4637	-75.4689
5.525	-75.3194	-75.3387	-75.3649	-75.3917	-75.4167	-75.4388	-75.4575	-75.473	-75.4854	-75.4949	-75.502	-75.5068	-75.5097	-75.511	-75.5109	-75.5097	-75.5075	-75.5045	-75.501	-75.497	-75.4927	-75.4883	-75.4839	-75.4795	-75.4754	-75.4717	-75.4683	-75.4656	-75.4635	-75.4621	-75.4615	-75.4618	-75.4629	-75.4649	-75.4682	-75.4734
5.53	-75.3239	-75.3433	-75.3694	-75.3962	-75.4212	-75.4432	-75.462	-75.4774	-75.4898	-75.4993	-75.5064	-75.5112	-75.5141	-75.5154	-75.5153	-75.5141	-75.5119	-75.509	-75.5054	-75.5014	-75.4972	-75.4928	-75.4884	-75.484	-75.4799	-75.4762	-75.4729	-75.4701	-75.468	-75.4666	-75.4661	-75.4663	-75.4674	-75.4694	-75.4727	-75.4779
5.535	-75.3285	-75.3478	-75.3739	-75.4007	-75.4256	-75.4477	-75.4664	-75.4818	-75.4942	-75.5037	-75.5108	-75.5156	-75.5185	-75.5199	-75.5198	-75.5185	-75.5163	-75.5134	-75.5099	-75.5059	-75.5017	-75.4973	-75.4929	-75.4885	-75.4845	-75.4807	-75.4774	-75.4746	-75.4725	-75.4712	-75.4706	-75.4708	-75.4719	-75.4739	-75.4772	-75.4824
5.54	-75.3331	-75.3523	-75.3784	-75.4052	-75.4301	-75.4521	-75.4708	-75.4862	-75.4986	-75.5081	-75.5152	-75.52	-75.523	-75.5243	-75.5242	-75.523	-75.5208	-75.5179	-75.5143	-75.5104	-75.5061	-75.5018	-75.4974	-75.493	-75.489	-75.4852	-75.4819	-75.4791	-75.477	-75.4757	-75.4751	-75.4753	-75.4764	-75.4784	-75.4817	-75.4868
5.545	-75.3376	-75.3569	-75.3829	-75.4096	-75.4345	-75.4565	-75.4752	-75.4906	-75.503	-75.5125	-75.5196	-75.5244	-75.5274	-75.5287	-75.5286	-75.5274	-75.5252	-75.5223	-75.5188	-75.5148	-75.5106	-75.5062	-75.5018	-75.4975	-75.4935	-75.4897	-75.4864	-75.4837	-75.4816	-75.4802	-75.4796	-75.4798	-75.4809	-75.4829	-75.4862	-75.4913
5.55	-75.3422	-75.3614	-75.3874	-75.4141	-75.439	-75.4609	-75.4796	-75.495	-75.5074	-75.5169	-75.524	-75.5288	-75.5318	-75.5331	-75.533	-75.5318	-75.5296	-75.5267	-75.5232	-75.5193	-75.5151	-75.5107	-75.5063	-75.502	-75.4979	-75.4942	-75.4909	-75.4882	-75.4861	-75.4847	-75.4841	-75.4843	-75.4854	-75.4874	-75.4907	-75.4958
5.555	-75.3467	-75.3659	-75.3919	-75.4185	-75.4434	-75.4654	-75.484	-75.4994	-75.5118	-75.5213	-75.5283	-75.5332	-75.5361	-75.5375	-75.5374	-75.5362	-75.534	-75.5311	-75.5277	-75.5237	-75.5195	-75.5152	-75.5108	-75.5065	-75.5024	-75.4987	-75.4954	-75.4926	-75.4905	-75.4892	-75.4886	-75.4888	-75.4898	-75.4918	-75.4951	-75.5002
5.56	-75.3512	-75.3704	-75.3964	-75.423	-75.4478	-75.4698	-75.4884	-75.5038	-75.5162	-75.5257	-75.5327	-75.5376	-75.5405	-75.5418	-75.5418	-75.5406	-75.5385	-75.5356	-75.5321	-75.5282	-75.524	-75.5196	-75.5152	-75.511	-75.5069	-75.5032	-75.4999	-75.4971	-75.495	-75.4937	-75.4931	-75.4933	-75.4943	-75.4963	-75.4996	-75.5047
5.565	-75.3558	-75.3749	-75.4008	-75.4274	-75.4523	-75.4742	-75.4928	-75.5082	-75.5205	-75.5301	-75.5371	-75.5419	-75.5449	-75.5462	-75.5462	-75.545	-75.5429	-75.54	-75.5365	-75.5326	-75.5284	-75.5241	-75.5197	-75.5154	-75.5114	-75.5076	-75.5044	-75.5016	-75.4995	-75.4981	-75.4975	-75.4977	-75.4988	-75.5008	-75.504	-75.5091
5.57	-75.3603	-75.3794	-75.4053	-75.4319	-75.4567	-75.4786	-75.4972	-75.5126	-75.5249	-75.5344	-75.5415	-75.5463	-75.5493	-75.5506	-75.5506	-75.5494	-75.5473	-75.5444	-75.5409	-75.537	-75.5328	-75.5285	-75.5242	-75.5199	-75.5158	-75.5121	-75.5088	-75.5061	-75.504	-75.5026	-75.502	-75.5022	-75.5032	-75.5052	-75.5085	-75.5136
5.575	-75.3648	-75.3839	-75.4098	-75.4363	-75.4611	-75.483	-75.5016	-75.517	-75.5293	-75.5388	-75.5458	-75.5507	-75.5536	-75.555	-75.5549	-75.5538	-75.5517	-75.5488	-75.5453	-75.5415	-75.5373	-75.533	-75.5286	-75.5243	-75.5203	-75.5166	-75.5133	-75.5106	-75.5085	-75.5071	-75.5065	-75.5067	-75.5077	-75.5097	-75.5129	-75.518
5.58	-75.3693	-75.3884	-75.4142	-75.4408	-75.4655	-75.4874	-75.506	-75.5213	-75.5336	-75.5431	-75.5502	-75.555	-75.558	-75.5593	-75.5593	-75.5582	-75.556	-75.5532	-75.5497	-75.5459	-75.5417	-75.5374	-75.533	-75.5288	-75.5247	-75.521	-75.5178	-75.515	-75.5129	-75.5115	-75.5109	-75.5111	-75.5121	-75.5141	-75.5174	-75.5224
5.585	-75.3738	-75.3929	-75.4187	-75.4452	-75.4699	-75.4917	-75.5103	-75.5257	-75.538	-75.5475	-75.5545	-75.5594	-75.5623	-75.5637	-75.5637	-75.5625	-75.5604	-75.5576	-75.5541	-75.5503	-75.5461	-75.5418	-75.5375	-75.5332	-75.5292	-75.5255	-75.5222	-75.5195	-75.5174	-75.516	-75.5154	-75.5156	-75.5166	-75.5185	-75.5218	-75.5269
5.59	-75.3783	-75.3973	-75.4231	-75.4496	-75.4743	-75.4961	-75.5147	-75.53	-75.5423	-75.5518	-75.5589	-75.5637	-75.5667	-75.568	-75.568	-75.5669	-75.5648	-75.562	-75.5585	-75.5547	-75.5505	-75.5462	-75.5419	-75.5377	-75.5336	-75.5299	-75.5266	-75.5239	-75.5218	-75.5204	-75.5198	-75.52	-75.521	-75.523	-75.5262	-75.5313
5.595	-75.3828	-75.4018	-75.4276	-75.454	-75.4787	-75.5005	-75.519	-75.5344	-75.5466	-75.5562	-75.5632	-75.568	-75.571	-75.5724	-75.5724	-75.5712	-75.5692	-75.5663	-75.5629	-75.5591	-75.5549	-75.5506	-75.5463	-75.5421	-75.5381	-75.5344	-75.5311	-75.5284	-75.5263	-75.5249	-75.5243	-75.5244	-75.5255	-75.5274	-75.5306	-75.5357
5.6	-75.3873	-75.4063	-75.432	-75.4584	-75.4831	-75.5048	-75.5234	-75.5387	-75.551	-75.5605	-75.5675	-75.5724	-75.5754	-75.5767	-75.5767	-75.5756	-75.5735	-75.5707	-75.5673	-75.5634	-75.5593	-75.555	-75.5507	-75.5465	-75.5425	-75.5388	-75.5355	-75.5328	-75.5307	-75.5293	-75.5287	-75.5289	-75.5299	-75.5318	-75.535	-75.5401
5.605	-75.3918	-75.4107	-75.4364	-75.4628	-75.4874	-75.5092	-75.5277	-75.543	-75.5553	-75.5648	-75.5718	-75.5767	-75.5797	-75.5811	-75.5811	-75.5799	-75.5779	-75.5751	-75.5717	-75.5678	-75.5637	-75.5594	-75.5551	-75.5509	-75.5469	-75.5432	-75.54	-75.5372	-75.5351	-75.5338	-75.5331	-75.5333	-75.5343	-75.5362	-75.5394	-75.5445
5.61	-75.3963	-75.4152	-75.4408	-75.4672	-75.4918	-75.5136	-75.5321	-75.5474	-75.5596	-75.5691	-75.5762	-75.581	-75.584	-75.5854	-75.5854	-75.5843	-75.5822	-75.5794	-75.576	-75.5722	-75.5681	-75.5638	-75.5595	-75.5553	-75.5513	-75.5476	-75.5444	-75.5417	-75.5396	-75.5382	-75.5376	-75.5377	-75.5387	-75.5406	-75.5438	-75.5489
5.615	-75.4008	-75.4196	-75.4453	-75.4716	-75.4962	-75.5179	-75.5364	-75.5517	-75.5639	-75.5734	-75.5805	-75.5853	-75.5883	-75.5897	-75.5897	-75.5886	-75.5866	-75.5838	-75.5804	-75.5766	-75.5725	-75.5682	-75.5639	-75.5597	-75.5557	-75.552	-75.5488	-75.5461	-75.544	-75.5426	-75.542	-75.5421	-75.5431	-75.545	-75.5482	-75.5533
5.62	-75.4052	-75.4241	-75.4497	-75.476	-75.5005	-75.5222	-75.5407	-75.556	-75.5683	-75.5777	-75.5848	-75.5896	-75.5926	-75.594	-75.5941	-75.593	-75.5909	-75.5881	-75.5847	-75.5809	-75.5769	-75.5726	-75.5683	-75.5641	-75.5601	-75.5564	-75.5532	-75.5505	-75.5484	-75.547	-75.5464	-75.5465	-75.5475	-75.5494	-75.5526	-75.5576
5.625	-75.4097	-75.4285	-75.4541	-75.4804	-75.5049	-75.5266	-75.5451	-75.5603	-75.5726	-75.582	-75.5891	-75.5939	-75.5969	-75.5983	-75.5984	-75.5973	-75.5952	-75.5925	-75.5891	-75.5853	-75.5812	-75.577	-75.5727	-75.5685	-75.5645	-75.5609	-75.5576	-75.5549	-75.5528	-75.5514	-75.5508	-75.5509	-75.5519	-75.5538	-75.557	-75.562
5.63	-75.4141	-75.4329	-75.4585	-75.4847	-75.5092	-75.5309	-75.5494	-75.5646	-75.5769	-75.5863	-75.5934	-75.5982	-75.6012	-75.6026	-75.6027	-75.6016	-75.5996	-75.5968	-75.5934	-75.5897	-75.5856	-75.5813	-75.5771	-75.5729	-75.5689	-75.5652	-75.562	-75.5593	-75.5572	-75.5558	-75.5552	-75.5553	-75.5563	-75.5582	-75.5614	-75.5664
5.635	-75.4186	-75.4373	-75.4629	-75.4891	-75.5136	-75.5352	-75.5537	-75.5689	-75.5811	-75.5906	-75.5976	-75.6025	-75.6055	-75.6069	-75.607	-75.6059	-75.6039	-75.6011	-75.5978	-75.594	-75.5899	-75.5857	-75.5814	-75.5773	-75.5733	-75.5696	-75.5664	-75.5637	-75.5616	-75.5602	-75.5596	-75.5597	-75.5607	-75.5625	-75.5657	-75.5707
5.64	-75.423	-75.4418	-75.4673	-75.4935	-75.5179	-75.5396	-75.558	-75.5732	-75.5854	-75.5949	-75.6019	-75.6068	-75.6098	-75.6112	-75.6113	-75.6102	-75.6082	-75.6054	-75.6021	-75.5983	-75.5943	-75.5901	-75.5858	-75.5816	-75.5777	-75.574	-75.5708	-75.5681	-75.566	-75.5646	-75.5639	-75.5641	-75.565	-75.5669	-75.5701	-75.5751
5.645	-75.4275	-75.4462	-75.4716	-75.4978	-75.5223	-75.5439	-75.5623	-75.5775	-75.5897	-75.5992	-75.6062	-75.6111	-75.6141	-75.6155	-75.6156	-75.6145	-75.6125	-75.6098	-75.6064	-75.6027	-75.5986	-75.5944	-75.5902	-75.586	-75.582	-75.5784	-75.5751	-75.5724	-75.5704	-75.569	-75.5683	-75.5684	-75.5694	-75.5713	-75.5744	-75.5794
5.65	-75.4319	-75.4506	-75.476	-75.5022	-75.5266	-75.5482	-75.5666	-75.5818	-75.594	-75.6035	-75.6105	-75.6154	-75.6184	-75.6198	-75.6199	-75.6188	-75.6168	-75.6141	-75.6107	-75.607	-75.603	-75.5987	-75.5945	-75.5904	-75.5864	-75.5828	-75.5795	-75.5768	-75.5747	-75.5733	-75.5727	-75.5728	-75.5737	-75.5756	-75.5788	-75.5838
5.655	-75.4363	-75.455	-75.4804	-75.5065	-75.5309	-75.5525	-75.5709	-75.5861	-75.5983	-75.6077	-75.6147	-75.6196	-75.6227	-75.6241	-75.6241	-75.6231	-75.6211	-75.6184	-75.6151	-75.6113	-75.6073	-75.6031	-75.5989	-75.5947	-75.5908	-75.5871	-75.5839	-75.5812	-75.5791	-75.5777	-75.577	-75.5772	-75.5781	-75.58	-75.5831	-75.5881
5.66	-75.4407	-75.4594	-75.4847	-75.5108	-75.5352	-75.5568	-75.5751	-75.5903	-75.6025	-75.612	-75.619	-75.6239	-75.6269	-75.6283	-75.6284	-75.6274	-75.6254	-75.6227	-75.6194	-75.6156	-75.6116	-75.6074	-75.6032	-75.5991	-75.5951	-75.5915	-75.5882	-75.5855	-75.5835	-75.5821	-75.5814	-75.5815	-75.5825	-75.5843	-75.5875	-75.5924
5.665	-75.4452	-75.4638	-75.4891	-75.5152	-75.5395	-75.5611	-75.5794	-75.5946	-75.6068	-75.6162	-75.6233	-75.6281	-75.6312	-75.6326	-75.6327	-75.6317	-75.6297	-75.627	-75.6237	-75.6199	-75.6159	-75.6117	-75.6075	-75.6034	-75.5995	-75.5958	-75.5926	-75.5899	-75.5878	-75.5864	-75.5858	-75.5859	-75.5868	-75.5886	-75.5918	-75.5967
5.67	-75.4496	-75.4681	-75.4935	-75.5195	-75.5438	-75.5654	-75.5837	-75.5989	-75.611	-75.6205	-75.6275	-75.6324	-75.6354	-75.6369	-75.637	-75.6359	-75.634	-75.6312	-75.628	-75.6242	-75.6202	-75.6161	-75.6119	-75.6077	-75.6038	-75.6002	-75.5969	-75.5942	-75.5922	-75.5908	-75.5901	-75.5902	-75.5911	-75.593	-75.5961	-75.6011
5.675	-75.454	-75.4725	-75.4978	-75.5238	-75.5481	-75.5696	-75.588	-75.6031	-75.6153	-75.6247	-75.6318	-75.6366	-75.6397	-75.6411	-75.6412	-75.6402	-75.6382	-75.6355	-75.6323	-75.6285	-75.6245	-75.6204	-75.6162	-75.6121	-75.6081	-75.6045	-75.6013	-75.5986	-75.5965	-75.5951	-75.5944	-75.5945	-75.5955	-75.5973	-75.6004	-75.6054
5.68	-75.4584	-75.4769	-75.5021	-75.5281	-75.5524	-75.5739	-75.5922	-75.6074	-75.6195	-75.629	-75.636	-75.6409	-75.6439	-75.6454	-75.6455	-75.6444	-75.6425	-75.6398	-75.6365	-75.6328	-75.6288	-75.6247	-75.6205	-75.6164	-75.6125	-75.6088	-75.6056	-75.6029	-75.6008	-75.5994	-75.5988	-75.5989	-75.5998	-75.6016	-75.6047	-75.6097
5.685	-75.4628	-75.4813	-75.5065	-75.5325	-75.5567	-75.5782	-75.5965	-75.6116	-75.6238	-75.6332	-75.6402	-75.6451	-75.6481	-75.6496	-75.6497	-75.6487	-75.6468	-75.6441	-75.6408	-75.6371	-75.6331	-75.629	-75.6248	-75.6207	-75.6168	-75.6132	-75.61	-75.6073	-75.6052	-75.6038	-75.6031	-75.6032	-75.6041	-75.6059	-75.609	-75.614
5.69	-75.4671	-75.4856	-75.5108	-75.5368	-75.561	-75.5824	-75.6007	-75.6158	-75.628	-75.6374	-75.6444	-75.6493	-75.6524	-75.6538	-75.654	-75.6529	-75.651	-75.6483	-75.6451	-75.6414	-75.6374	-75.6333	-75.6291	-75.625	-75.6211	-75.6175	-75.6143	-75.6116	-75.6095	-75.6081	-75.6074	-75.6075	-75.6084	-75.6102	-75.6133	-75.6183
5.695	-75.4715	-75.49	-75.5151	-75.5411	-75.5653	-75.5867	-75.605	-75.6201	-75.6322	-75.6416	-75.6487	-75.6536	-75.6566	-75.6581	-75.6582	-75.6572	-75.6553	-75.6526	-75.6494	-75.6457	-75.6417	-75.6376	-75.6334	-75.6293	-75.6254	-75.6218	-75.6186	-75.6159	-75.6138	-75.6124	-75.6117	-75.6118	-75.6127	-75.6145	-75.6176	-75.6225
5.7	-75.4759	-75.4943	-75.5195	-75.5453	-75.5695	-75.5909	-75.6092	-75.6243	-75.6364	-75.6459	-75.6529	-75.6578	-75.6608	-75.6623	-75.6624	-75.6614	-75.6595	-75.6568	-75.6536	-75.6499	-75.646	-75.6419	-75.6377	-75.6336	-75.6297	-75.6261	-75.6229	-75.6202	-75.6181	-75.6167	-75.616	-75.6161	-75.617	-75.6188	-75.6219	-75.6268
5.705	-75.4803	-75.4987	-75.5238	-75.5496	-75.5738	-75.5952	-75.6134	-75.6285	-75.6406	-75.6501	-75.6571	-75.662	-75.665	-75.6665	-75.6666	-75.6657	-75.6637	-75.6611	-75.6579	-75.6542	-75.6503	-75.6461	-75.642	-75.6379	-75.634	-75.6304	-75.6272	-75.6245	-75.6224	-75.621	-75.6203	-75.6204	-75.6213	-75.6231	-75.6262	-75.6311
5.71	-75.4846	-75.503	-75.5281	-75.5539	-75.5781	-75.5994	-75.6177	-75.6327	-75.6449	-75.6543	-75.6613	-75.6662	-75.6692	-75.6707	-75.6709	-75.6699	-75.668	-75.6653	-75.6621	-75.6585	-75.6545	-75.6504	-75.6463	-75.6422	-75.6383	-75.6347	-75.6315	-75.6288	-75.6267	-75.6253	-75.6246	-75.6247	-75.6256	-75.6274	-75.6305	-75.6354
5.715	-75.489	-75.5073	-75.5324	-75.5582	-75.5823	-75.6037	-75.6219	-75.6369	-75.6491	-75.6585	-75.6655	-75.6704	-75.6734	-75.6749	-75.6751	-75.6741	-75.6722	-75.6696	-75.6664	-75.6627	-75.6588	-75.6547	-75.6505	-75.6465	-75.6426	-75.639	-75.6358	-75.6331	-75.631	-75.6296	-75.6289	-75.629	-75.6299	-75.6317	-75.6347	-75.6396
5.72	-75.4933	-75.5117	-75.5367	-75.5625	-75.5866	-75.6079	-75.6261	-75.6412	-75.6533	-75.6627	-75.6697	-75.6746	-75.6776	-75.6791	-75.6793	-75.6783	-75.6764	-75.6738	-75.6706	-75.667	-75.663	-75.6589	-75.6548	-75.6507	-75.6469	-75.6433	-75.6401	-75.6374	-75.6353	-75.6339	-75.6332	-75.6333	-75.6341	-75.6359	-75.639	-75.6439
5.725	-75.4977	-75.516	-75.541	-75.5667	-75.5908	-75.6121	-75.6303	-75.6453	-75.6574	-75.6669	-75.6739	-75.6788	-75.6818	-75.6833	-75.6835	-75.6825	-75.6806	-75.678	-75.6748	-75.6712	-75.6673	-75.6632	-75.6591	-75.655	-75.6511	-75.6476	-75.6444	-75.6417	-75.6396	-75.6382	-75.6375	-75.6376	-75.6384	-75.6402	-75.6432	-75.6481
5.73	-75.502	-75.5203	-75.5453	-75.571	-75.595	-75.6163	-75.6345	-75.6495	-75.6616	-75.671	-75.678	-75.6829	-75.686	-75.6875	-75.6877	-75.6867	-75.6849	-75.6822	-75.679	-75.6754	-75.6715	-75.6674	-75.6633	-75.6593	-75.6554	-75.6518	-75.6486	-75.646	-75.6439	-75.6425	-75.6418	-75.6418	-75.6427	-75.6444	-75.6475	-75.6524
5.735	-75.5064	-75.5246	-75.5495	-75.5752	-75.5993	-75.6205	-75.6387	-75.6537	-75.6658	-75.6752	-75.6822	-75.6871	-75.6902	-75.6917	-75.6919	-75.6909	-75.6891	-75.6864	-75.6833	-75.6797	-75.6758	-75.6717	-75.6676	-75.6635	-75.6597	-75.6561	-75.6529	-75.6502	-75.6481	-75.6467	-75.646	-75.6461	-75.6469	-75.6487	-75.6517	-75.6566
5.74	-75.5107	-75.5289	-75.5538	-75.5795	-75.6035	-75.6248	-75.6429	-75.6579	-75.67	-75.6794	-75.6864	-75.6913	-75.6944	-75.6959	-75.696	-75.6951	-75.6933	-75.6907	-75.6875	-75.6839	-75.68	-75.6759	-75.6718	-75.6678	-75.6639	-75.6603	-75.6572	-75.6545	-75.6524	-75.651	-75.6503	-75.6503	-75.6512	-75.6529	-75.656	-75.6608
5.745	-75.515	-75.5332	-75.5581	-75.5837	-75.6077	-75.629	-75.6471	-75.6621	-75.6742	-75.6836	-75.6906	-75.6955	-75.6985	-75.7	-75.7002	-75.6993	-75.6974	-75.6949	-75.6917	-75.6881	-75.6842	-75.6802	-75.676	-75.672	-75.6682	-75.6646	-75.6614	-75.6588	-75.6567	-75.6552	-75.6545	-75.6546	-75.6554	-75.6572	-75.6602	-75.6651
5.75	-75.5194	-75.5375	-75.5624	-75.588	-75.6119	-75.6332	-75.6513	-75.6663	-75.6783	-75.6877	-75.6947	-75.6996	-75.7027	-75.7042	-75.7044	-75.7035	-75.7016	-75.6991	-75.6959	-75.6923	-75.6884	-75.6844	-75.6803	-75.6763	-75.6724	-75.6688	-75.6657	-75.663	-75.6609	-75.6595	-75.6588	-75.6588	-75.6597	-75.6614	-75.6644	-75.6693
5.755	-75.5237	-75.5418	-75.5666	-75.5922	-75.6161	-75.6373	-75.6554	-75.6704	-75.6825	-75.6919	-75.6989	-75.7038	-75.7069	-75.7084	-75.7086	-75.7076	-75.7058	-75.7032	-75.7001	-75.6965	-75.6926	-75.6886	-75.6845	-75.6805	-75.6767	-75.6731	-75.6699	-75.6673	-75.6652	-75.6637	-75.663	-75.6631	-75.6639	-75.6656	-75.6687	-75.6735
5.76	-75.528	-75.5461	-75.5709	-75.5964	-75.6204	-75.6415	-75.6596	-75.6746	-75.6866	-75.696	-75.703	-75.7079	-75.711	-75.7125	-75.7127	-75.7118	-75.71	-75.7074	-75.7043	-75.7007	-75.6968	-75.6928	-75.6887	-75.6847	-75.6809	-75.6773	-75.6742	-75.6715	-75.6694	-75.668	-75.6673	-75.6673	-75.6681	-75.6699	-75.6729	-75.6777
5.765	-75.5323	-75.5503	-75.5751	-75.6007	-75.6245	-75.6457	-75.6638	-75.6787	-75.6908	-75.7002	-75.7072	-75.7121	-75.7151	-75.7167	-75.7169	-75.716	-75.7142	-75.7116	-75.7085	-75.7049	-75.701	-75.697	-75.6929	-75.6889	-75.6851	-75.6816	-75.6784	-75.6757	-75.6736	-75.6722	-75.6715	-75.6715	-75.6723	-75.6741	-75.6771	-75.6819
5.77	-75.5366	-75.5546	-75.5794	-75.6049	-75.6287	-75.6499	-75.6679	-75.6829	-75.6949	-75.7043	-75.7113	-75.7162	-75.7193	-75.7208	-75.721	-75.7201	-75.7183	-75.7158	-75.7126	-75.7091	-75.7052	-75.7012	-75.6972	-75.6932	-75.6893	-75.6858	-75.6826	-75.68	-75.6779	-75.6764	-75.6757	-75.6758	-75.6766	-75.6783	-75.6813	-75.6861
5.775	-75.5409	-75.5589	-75.5836	-75.6091	-75.6329	-75.6541	-75.6721	-75.687	-75.6991	-75.7084	-75.7154	-75.7203	-75.7234	-75.725	-75.7252	-75.7243	-75.7225	-75.7199	-75.7168	-75.7133	-75.7094	-75.7054	-75.7014	-75.6974	-75.6935	-75.69	-75.6869	-75.6842	-75.6821	-75.6807	-75.6799	-75.68	-75.6808	-75.6825	-75.6855	-75.6903
5.78	-75.5452	-75.5631	-75.5878	-75.6133	-75.6371	-75.6582	-75.6762	-75.6912	-75.7032	-75.7126	-75.7196	-75.7245	-75.7276	-75.7291	-75.7293	-75.7284	-75.7266	-75.7241	-75.721	-75.7174	-75.7136	-75.7096	-75.7056	-75.7016	-75.6978	-75.6942	-75.6911	-75.6884	-75.6863	-75.6849	-75.6842	-75.6842	-75.685	-75.6867	-75.6897	-75.6945
5.785	-75.5494	-75.5674	-75.5921	-75.6175	-75.6413	-75.6624	-75.6804	-75.6953	-75.7073	-75.7167	-75.7237	-75.7286	-75.7317	-75.7332	-75.7335	-75.7326	-75.7308	-75.7283	-75.7252	-75.7216	-75.7178	-75.7138	-75.7097	-75.7058	-75.702	-75.6984	-75.6953	-75.6926	-75.6905	-75.6891	-75.6884	-75.6884	-75.6892	-75.6909	-75.6939	-75.6986
5.79	-75.5537	-75.5717	-75.5963	-75.6217	-75.6455	-75.6665	-75.6845	-75.6994	-75.7114	-75.7208	-75.7278	-75.7327	-75.7358	-75.7374	-75.7376	-75.7367	-75.7349	-75.7324	-75.7293	-75.7258	-75.722	-75.718	-75.7139	-75.71	-75.7062	-75.7026	-75.6995	-75.6968	-75.6947	-75.6933	-75.6926	-75.6926	-75.6934	-75.6951	-75.698	-75.7028
5.795	-75.558	-75.5759	-75.6005	-75.6259	-75.6496	-75.6707	-75.6887	-75.7036	-75.7156	-75.7249	-75.7319	-75.7368	-75.7399	-75.7415	-75.7417	-75.7408	-75.7391	-75.7365	-75.7335	-75.7299	-75.7261	-75.7222	-75.7181	-75.7141	-75.7104	-75.7068	-75.7037	-75.701	-75.6989	-75.6975	-75.6968	-75.6968	-75.6975	-75.6992	-75.7022	-75.707
5.8	-75.5623	-75.5801	-75.6047	-75.6301	-75.6538	-75.6748	-75.6928	-75.7077	-75.7197	-75.729	-75.736	-75.7409	-75.744	-75.7456	-75.7458	-75.745	-75.7432	-75.7407	-75.7376	-75.7341	-75.7303	-75.7263	-75.7223	-75.7183	-75.7145	-75.711	-75.7079	-75.7052	-75.7031	-75.7017	-75.701	-75.701	-75.7017	-75.7034	-75.7064	-75.7112
5.805	-75.5665	-75.5844	-75.6089	-75.6342	-75.658	-75.679	-75.6969	-75.7118	-75.7238	-75.7331	-75.7401	-75.745	-75.7481	-75.7497	-75.7499	-75.7491	-75.7473	-75.7448	-75.7417	-75.7382	-75.7345	-75.7305	-75.7265	-75.7225	-75.7187	-75.7152	-75.7121	-75.7094	-75.7073	-75.7059	-75.7051	-75.7051	-75.7059	-75.7076	-75.7105	-75.7153
5.81	-75.5708	-75.5886	-75.6131	-75.6384	-75.6621	-75.6831	-75.701	-75.7159	-75.7279	-75.7372	-75.7442	-75.7491	-75.7522	-75.7538	-75.754	-75.7532	-75.7514	-75.7489	-75.7459	-75.7424	-75.7386	-75.7346	-75.7306	-75.7267	-75.7229	-75.7194	-75.7162	-75.7136	-75.7115	-75.7101	-75.7093	-75.7093	-75.7101	-75.7118	-75.7147	-75.7195
5.815	-75.575	-75.5928	-75.6173	-75.6426	-75.6663	-75.6872	-75.7051	-75.72	-75.732	-75.7413	-75.7483	-75.7532	-75.7563	-75.7579	-75.7581	-75.7573	-75.7556	-75.7531	-75.75	-75.7465	-75.7427	-75.7388	-75.7348	-75.7308	-75.7271	-75.7235	-75.7204	-75.7178	-75.7157	-75.7142	-75.7135	-75.7135	-75.7142	-75.7159	-75.7188	-75.7236
5.82	-75.5793	-75.597	-75.6215	-75.6468	-75.6704	-75.6914	-75.7093	-75.7241	-75.7361	-75.7454	-75.7524	-75.7573	-75.7604	-75.762	-75.7622	-75.7614	-75.7597	-75.7572	-75.7541	-75.7507	-75.7469	-75.7429	-75.7389	-75.735	-75.7312	-75.7277	-75.7246	-75.7219	-75.7199	-75.7184	-75.7177	-75.7176	-75.7184	-75.7201	-75.723	-75.7277
5.825	-75.5835	-75.6013	-75.6257	-75.6509	-75.6745	-75.6955	-75.7134	-75.7282	-75.7402	-75.7495	-75.7565	-75.7614	-75.7645	-75.7661	-75.7663	-75.7655	-75.7638	-75.7613	-75.7583	-75.7548	-75.751	-75.7471	-75.7431	-75.7392	-75.7354	-75.7319	-75.7288	-75.7261	-75.724	-75.7226	-75.7218	-75.7218	-75.7225	-75.7242	-75.7271	-75.7319
5.83	-75.5877	-75.6055	-75.6299	-75.6551	-75.6787	-75.6996	-75.7175	-75.7323	-75.7442	-75.7535	-75.7605	-75.7654	-75.7686	-75.7701	-75.7704	-75.7696	-75.7679	-75.7654	-75.7624	-75.7589	-75.7551	-75.7512	-75.7472	-75.7433	-75.7395	-75.736	-75.7329	-75.7303	-75.7282	-75.7267	-75.726	-75.726	-75.7267	-75.7284	-75.7313	-75.736
5.835	-75.592	-75.6097	-75.634	-75.6592	-75.6828	-75.7037	-75.7215	-75.7364	-75.7483	-75.7576	-75.7646	-75.7695	-75.7726	-75.7742	-75.7745	-75.7737	-75.772	-75.7695	-75.7665	-75.763	-75.7593	-75.7553	-75.7514	-75.7474	-75.7437	-75.7402	-75.7371	-75.7344	-75.7323	-75.7309	-75.7301	-75.7301	-75.7308	-75.7325	-75.7354	-75.7401
5.84	-75.5962	-75.6139	-75.6382	-75.6634	-75.6869	-75.7078	-75.7256	-75.7404	-75.7524	-75.7617	-75.7687	-75.7736	-75.7767	-75.7783	-75.7786	-75.7778	-75.776	-75.7736	-75.7706	-75.7671	-75.7634	-75.7595	-75.7555	-75.7516	-75.7478	-75.7443	-75.7412	-75.7386	-75.7365	-75.735	-75.7343	-75.7342	-75.735	-75.7366	-75.7395	-75.7442
5.845	-75.6004	-75.6181	-75.6424	-75.6675	-75.691	-75.7119	-75.7297	-75.7445	-75.7564	-75.7657	-75.7727	-75.7776	-75.7808	-75.7824	-75.7826	-75.7818	-75.7801	-75.7777	-75.7747	-75.7712	-75.7675	-75.7636	-75.7596	-75.7557	-75.752	-75.7485	-75.7454	-75.7427	-75.7406	-75.7392	-75.7384	-75.7384	-75.7391	-75.7407	-75.7436	-75.7483
5.85	-75.6046	-75.6222	-75.6465	-75.6716	-75.6951	-75.716	-75.7338	-75.7486	-75.7605	-75.7698	-75.7768	-75.7817	-75.7848	-75.7864	-75.7867	-75.7859	-75.7842	-75.7818	-75.7788	-75.7753	-75.7716	-75.7677	-75.7637	-75.7598	-75.7561	-75.7526	-75.7495	-75.7469	-75.7448	-75.7433	-75.7425	-75.7425	-75.7432	-75.7449	-75.7477	-75.7525
5.855	-75.6088	-75.6264	-75.6507	-75.6758	-75.6992	-75.7201	-75.7379	-75.7526	-75.7645	-75.7738	-75.7808	-75.7857	-75.7889	-75.7905	-75.7908	-75.79	-75.7883	-75.7859	-75.7829	-75.7794	-75.7757	-75.7718	-75.7679	-75.764	-75.7602	-75.7567	-75.7536	-75.751	-75.7489	-75.7474	-75.7467	-75.7466	-75.7473	-75.749	-75.7519	-75.7566
5.86	-75.613	-75.6306	-75.6548	-75.6799	-75.7033	-75.7241	-75.7419	-75.7567	-75.7686	-75.7779	-75.7849	-75.7898	-75.7929	-75.7945	-75.7948	-75.794	-75.7923	-75.7899	-75.7869	-75.7835	-75.7798	-75.7759	-75.772	-75.7681	-75.7643	-75.7609	-75.7578	-75.7551	-75.753	-75.7516	-75.7508	-75.7507	-75.7515	-75.7531	-75.756	-75.7607
5.865	-75.6172	-75.6348	-75.659	-75.684	-75.7074	-75.7282	-75.746	-75.7607	-75.7726	-75.7819	-75.7889	-75.7938	-75.797	-75.7986	-75.7989	-75.7981	-75.7964	-75.794	-75.791	-75.7876	-75.7839	-75.78	-75.7761	-75.7722	-75.7684	-75.765	-75.7619	-75.7592	-75.7571	-75.7557	-75.7549	-75.7549	-75.7556	-75.7572	-75.7601	-75.7647
5.87	-75.6214	-75.6389	-75.6631	-75.6881	-75.7115	-75.7323	-75.75	-75.7648	-75.7767	-75.786	-75.7929	-75.7978	-75.801	-75.8026	-75.8029	-75.8021	-75.8005	-75.7981	-75.7951	-75.7917	-75.788	-75.7841	-75.7802	-75.7763	-75.7726	-75.7691	-75.766	-75.7634	-75.7613	-75.7598	-75.759	-75.759	-75.7597	-75.7613	-75.7641	-75.7688
5.875	-75.6256	-75.6431	-75.6673	-75.6922	-75.7156	-75.7364	-75.7541	-75.7688	-75.7807	-75.79	-75.797	-75.8019	-75.805	-75.8066	-75.807	-75.8062	-75.8045	-75.8021	-75.7991	-75.7957	-75.7921	-75.7882	-75.7843	-75.7804	-75.7767	-75.7732	-75.7701	-75.7675	-75.7654	-75.7639	-75.7631	-75.7631	-75.7638	-75.7654	-75.7682	-75.7729
5.88	-75.6298	-75.6473	-75.6714	-75.6963	-75.7197	-75.7404	-75.7581	-75.7729	-75.7847	-75.794	-75.801	-75.8059	-75.809	-75.8107	-75.811	-75.8102	-75.8086	-75.8062	-75.8032	-75.7998	-75.7961	-75.7923	-75.7883	-75.7845	-75.7808	-75.7773	-75.7742	-75.7716	-75.7695	-75.768	-75.7672	-75.7672	-75.7679	-75.7695	-75.7723	-75.777
5.885	-75.634	-75.6514	-75.6755	-75.7004	-75.7238	-75.7445	-75.7622	-75.7769	-75.7888	-75.798	-75.805	-75.8099	-75.8131	-75.8147	-75.815	-75.8143	-75.8126	-75.8102	-75.8073	-75.8039	-75.8002	-75.7963	-75.7924	-75.7886	-75.7849	-75.7814	-75.7783	-75.7757	-75.7736	-75.7721	-75.7713	-75.7713	-75.7719	-75.7735	-75.7764	-75.781
5.89	-75.6382	-75.6556	-75.6796	-75.7045	-75.7278	-75.7485	-75.7662	-75.7809	-75.7928	-75.802	-75.809	-75.8139	-75.8171	-75.8187	-75.819	-75.8183	-75.8166	-75.8143	-75.8113	-75.8079	-75.8043	-75.8004	-75.7965	-75.7926	-75.7889	-75.7855	-75.7824	-75.7798	-75.7777	-75.7762	-75.7754	-75.7753	-75.776	-75.7776	-75.7804	-75.7851
5.895	-75.6423	-75.6597	-75.6837	-75.7086	-75.7319	-75.7526	-75.7702	-75.7849	-75.7968	-75.8061	-75.813	-75.8179	-75.8211	-75.8227	-75.8231	-75.8223	-75.8207	-75.8183	-75.8154	-75.812	-75.8083	-75.8045	-75.8006	-75.7967	-75.793	-75.7896	-75.7865	-75.7839	-75.7818	-75.7803	-75.7795	-75.7794	-75.7801	-75.7817	-75.7845	-75.7892
5.9	-75.6465	-75.6638	-75.6879	-75.7127	-75.736	-75.7566	-75.7743	-75.7889	-75.8008	-75.8101	-75.817	-75.8219	-75.8251	-75.8267	-75.8271	-75.8263	-75.8247	-75.8223	-75.8194	-75.816	-75.8124	-75.8085	-75.8046	-75.8008	-75.7971	-75.7936	-75.7906	-75.7879	-75.7859	-75.7844	-75.7836	-75.7835	-75.7842	-75.7857	-75.7886	-75.7932
5.905	-75.6506	-75.668	-75.6919	-75.7168	-75.74	-75.7606	-75.7783	-75.793	-75.8048	-75.8141	-75.821	-75.8259	-75.8291	-75.8307	-75.8311	-75.8303	-75.8287	-75.8263	-75.8234	-75.8201	-75.8164	-75.8126	-75.8087	-75.8049	-75.8012	-75.7977	-75.7946	-75.792	-75.7899	-75.7885	-75.7877	-75.7876	-75.7882	-75.7898	-75.7926	-75.7972
5.91	-75.6548	-75.6721	-75.6961	-75.7208	-75.7441	-75.7647	-75.7823	-75.797	-75.8088	-75.818	-75.825	-75.8299	-75.8331	-75.8347	-75.8351	-75.8343	-75.8327	-75.8304	-75.8275	-75.8241	-75.8205	-75.8166	-75.8128	-75.8089	-75.8052	-75.8018	-75.7987	-75.7961	-75.794	-75.7925	-75.7917	-75.7916	-75.7923	-75.7939	-75.7967	-75.8013
5.915	-75.6589	-75.6762	-75.7001	-75.7249	-75.7481	-75.7687	-75.7863	-75.801	-75.8128	-75.822	-75.829	-75.8339	-75.8371	-75.8387	-75.8391	-75.8383	-75.8367	-75.8344	-75.8315	-75.8281	-75.8245	-75.8207	-75.8168	-75.813	-75.8093	-75.8059	-75.8028	-75.8002	-75.7981	-75.7966	-75.7958	-75.7957	-75.7963	-75.7979	-75.8007	-75.8053
5.92	-75.6631	-75.6803	-75.7042	-75.729	-75.7521	-75.7727	-75.7903	-75.805	-75.8168	-75.826	-75.833	-75.8379	-75.841	-75.8427	-75.8431	-75.8423	-75.8407	-75.8384	-75.8355	-75.8322	-75.8285	-75.8247	-75.8208	-75.817	-75.8133	-75.8099	-75.8068	-75.8042	-75.8021	-75.8007	-75.7998	-75.7997	-75.8004	-75.8019	-75.8047	-75.8093
5.925	-75.6672	-75.6844	-75.7083	-75.733	-75.7562	-75.7767	-75.7943	-75.809	-75.8208	-75.83	-75.8369	-75.8419	-75.845	-75.8467	-75.847	-75.8463	-75.8447	-75.8424	-75.8395	-75.8362	-75.8326	-75.8288	-75.8249	-75.8211	-75.8174	-75.814	-75.8109	-75.8083	-75.8062	-75.8047	-75.8039	-75.8038	-75.8044	-75.806	-75.8088	-75.8134
5.93	-75.6714	-75.6886	-75.7124	-75.7371	-75.7602	-75.7807	-75.7983	-75.8129	-75.8247	-75.834	-75.8409	-75.8458	-75.849	-75.8507	-75.851	-75.8503	-75.8487	-75.8464	-75.8435	-75.8402	-75.8366	-75.8328	-75.8289	-75.8251	-75.8214	-75.818	-75.8149	-75.8123	-75.8102	-75.8088	-75.8079	-75.8078	-75.8085	-75.81	-75.8128	-75.8174
5.935	-75.6755	-75.6926	-75.7165	-75.7411	-75.7642	-75.7848	-75.8023	-75.8169	-75.8287	-75.8379	-75.8449	-75.8498	-75.853	-75.8546	-75.855	-75.8543	-75.8527	-75.8504	-75.8475	-75.8442	-75.8406	-75.8368	-75.8329	-75.8291	-75.8255	-75.8221	-75.819	-75.8164	-75.8143	-75.8128	-75.812	-75.8119	-75.8125	-75.814	-75.8168	-75.8214
5.94	-75.6796	-75.6967	-75.7205	-75.7452	-75.7682	-75.7887	-75.8063	-75.8209	-75.8327	-75.8419	-75.8488	-75.8538	-75.8569	-75.8586	-75.859	-75.8583	-75.8567	-75.8544	-75.8515	-75.8482	-75.8446	-75.8408	-75.837	-75.8332	-75.8295	-75.8261	-75.823	-75.8204	-75.8183	-75.8168	-75.816	-75.8159	-75.8165	-75.8181	-75.8208	-75.8254
5.945	-75.6837	-75.7008	-75.7246	-75.7492	-75.7723	-75.7927	-75.8103	-75.8249	-75.8366	-75.8459	-75.8528	-75.8577	-75.8609	-75.8626	-75.8629	-75.8623	-75.8607	-75.8584	-75.8555	-75.8522	-75.8486	-75.8448	-75.841	-75.8372	-75.8335	-75.8301	-75.8271	-75.8244	-75.8223	-75.8209	-75.82	-75.8199	-75.8205	-75.8221	-75.8248	-75.8294
5.95	-75.6878	-75.7049	-75.7287	-75.7532	-75.7763	-75.7967	-75.8143	-75.8288	-75.8406	-75.8498	-75.8567	-75.8617	-75.8648	-75.8665	-75.8669	-75.8662	-75.8646	-75.8624	-75.8595	-75.8562	-75.8526	-75.8488	-75.845	-75.8412	-75.8376	-75.8342	-75.8311	-75.8285	-75.8264	-75.8249	-75.8241	-75.8239	-75.8246	-75.8261	-75.8288	-75.8334
5.955	-75.6919	-75.709	-75.7327	-75.7572	-75.7803	-75.8007	-75.8182	-75.8328	-75.8445	-75.8538	-75.8607	-75.8656	-75.8688	-75.8705	-75.8709	-75.8702	-75.8686	-75.8663	-75.8635	-75.8602	-75.8566	-75.8528	-75.849	-75.8452	-75.8416	-75.8382	-75.8351	-75.8325	-75.8304	-75.8289	-75.8281	-75.828	-75.8286	-75.8301	-75.8328	-75.8374
5.96	-75.696	-75.7131	-75.7368	-75.7613	-75.7843	-75.8047	-75.8222	-75.8367	-75.8485	-75.8577	-75.8646	-75.8696	-75.8727	-75.8744	-75.8748	-75.8741	-75.8726	-75.8703	-75.8674	-75.8642	-75.8606	-75.8568	-75.853	-75.8492	-75.8456	-75.8422	-75.8391	-75.8365	-75.8344	-75.8329	-75.8321	-75.832	-75.8326	-75.8341	-75.8368	-75.8414
5.965	-75.7001	-75.7171	-75.7408	-75.7653	-75.7883	-75.8087	-75.8262	-75.8407	-75.8524	-75.8616	-75.8686	-75.8735	-75.8767	-75.8783	-75.8788	-75.8781	-75.8765	-75.8743	-75.8714	-75.8681	-75.8646	-75.8608	-75.857	-75.8532	-75.8496	-75.8462	-75.8431	-75.8405	-75.8384	-75.8369	-75.8361	-75.836	-75.8366	-75.8381	-75.8408	-75.8454
5.97	-75.7042	-75.7212	-75.7448	-75.7693	-75.7923	-75.8127	-75.8301	-75.8446	-75.8564	-75.8656	-75.8725	-75.8774	-75.8806	-75.8823	-75.8827	-75.882	-75.8805	-75.8782	-75.8754	-75.8721	-75.8686	-75.8648	-75.861	-75.8572	-75.8536	-75.8502	-75.8472	-75.8445	-75.8424	-75.841	-75.8401	-75.84	-75.8406	-75.8421	-75.8448	-75.8493
5.975	-75.7083	-75.7253	-75.7489	-75.7733	-75.7962	-75.8166	-75.8341	-75.8486	-75.8603	-75.8695	-75.8764	-75.8813	-75.8845	-75.8862	-75.8866	-75.886	-75.8844	-75.8822	-75.8793	-75.8761	-75.8725	-75.8688	-75.865	-75.8612	-75.8576	-75.8542	-75.8512	-75.8485	-75.8465	-75.845	-75.8441	-75.844	-75.8446	-75.846	-75.8488	-75.8533
5.98	-75.7124	-75.7293	-75.7529	-75.7773	-75.8002	-75.8206	-75.838	-75.8525	-75.8642	-75.8734	-75.8803	-75.8853	-75.8885	-75.8901	-75.8906	-75.8899	-75.8884	-75.8861	-75.8833	-75.8801	-75.8765	-75.8728	-75.869	-75.8652	-75.8616	-75.8582	-75.8551	-75.8525	-75.8504	-75.849	-75.8481	-75.848	-75.8485	-75.85	-75.8528	-75.8573
5.985	-75.7165	-75.7334	-75.7569	-75.7813	-75.8042	-75.8245	-75.842	-75.8564	-75.8682	-75.8773	-75.8843	-75.8892	-75.8924	-75.8941	-75.8945	-75.8938	-75.8923	-75.8901	-75.8872	-75.884	-75.8805	-75.8767	-75.8729	-75.8692	-75.8656	-75.8622	-75.8591	-75.8565	-75.8544	-75.8529	-75.8521	-75.8519	-75.8525	-75.854	-75.8567	-75.8612
5.99	-75.7206	-75.7374	-75.7609	-75.7853	-75.8082	-75.8285	-75.8459	-75.8604	-75.8721	-75.8813	-75.8882	-75.8931	-75.8963	-75.898	-75.8984	-75.8978	-75.8962	-75.894	-75.8912	-75.888	-75.8844	-75.8807	-75.8769	-75.8732	-75.8695	-75.8662	-75.8631	-75.8605	-75.8584	-75.8569	-75.8561	-75.8559	-75.8565	-75.858	-75.8607	-75.8652
5.995	-75.7246	-75.7415	-75.765	-75.7893	-75.8121	-75.8324	-75.8498	-75.8643	-75.876	-75.8852	-75.8921	-75.897	-75.9002	-75.9019	-75.9023	-75.9017	-75.9002	-75.8979	-75.8951	-75.8919	-75.8884	-75.8847	-75.8809	-75.8771	-75.8735	-75.8701	-75.8671	-75.8645	-75.8624	-75.8609	-75.8601	-75.8599	-75.8605	-75.8619	-75.8646	-75.8691
6	-75.7287	-75.7455	-75.769	-75.7933	-75.8161	-75.8364	-75.8538	-75.8682	-75.8799	-75.8891	-75.896	-75.9009	-75.9041	-75.9058	-75.9062	-75.9056	-75.9041	-75.9019	-75.8991	-75.8958	-75.8923	-75.8886	-75.8848	-75.8811	-75.8775	-75.8741	-75.8711	-75.8685	-75.8664	-75.8649	-75.864	-75.8639	-75.8644	-75.8659	-75.8686	-75.8731
0 unlabeled lines
