Graph addvar/addexpr lines
36 1201
x node[0].v( 0.5 ) node[1].v( 0.5 ) node[2].v( 0.5 ) node[3].v( 0.5 ) node[4].v( 0.5 ) node[5].v( 0.5 ) node[6].v( 0.5 ) node[7].v( 0.5 ) node[8].v( 0.5 ) node[9].v( 0.5 ) node[10].v( 0.5 ) node[11].v( 0.5 ) node[12].v( 0.5 ) node[13].v( 0.5 ) node[14].v( 0.5 ) node[15].v( 0.5 ) node[16].v( 0.5 ) node[17].v( 0.5 ) node[18].v( 0.5 ) node[19].v( 0.5 ) node[20].v( 0.5 ) node[21].v( 0.5 ) node[22].v( 0.5 ) node[23].v( 0.5 ) node[24].v( 0.5 ) node[25].v( 0.5 ) node[26].v( 0.5 ) node[27].v( 0.5 ) node[28].v( 0.5 ) node[29].v( 0.5 ) node[30].v( 0.5 ) node[31].v( 0.5 ) node[32].v( 0.5 ) node[33].v( 0.5 ) node[34].v( 0.5 ) node[35].v( 0.5 )
0	-80	-80	-80	-80	-80	-80	-80	-80	-80	-80	-80	-80	-80	-80	-80	-80	-80	-80	-80	-80	-80	-80	-80	-80	-80	-80	-80	-80	-80	-80	-80	-80	-80	-80	-80	-80
0.005	-79.9985	-79.9985	-79.9985	-79.9985	-79.9985	-79.9985	-79.9985	-79.9985	-79.9985	-79.9985	-79.9985	-79.9985	-79.9985	-79.9985	-79.9985	-79.9985	-79.9985	-79.9985	-79.9985	-79.9985	-79.9985	-79.9985	-79.9985	-79.9985	-79.9985	-79.9985	-79.9985	-79.9985	-79.9985	-79.9985	-79.9985	-79.9985	-79.9985	-79.9985	-79.9985	-79.9986
0.01	-79.9984	-79.9977	-79.9975	-79.9975	-79.9975	-79.9975	-79.9975	-79.9975	-79.9975	-79.9975	-79.9975	-79.9975	-79.9975	-79.9975	-79.9975	-79.9975	-79.9975	-79.9975	-79.9975	-79.9975	-79.9975	-79.9975	-79.9975	-79.9975	-79.9975	-79.9975	-79.9975	-79.9975	-79.9975	-79.9975	-79.9975	-79.9975	-79.9975	-79.9975	-79.9975	-79.9976
0.015	-79.9984	-79.9972	-79.9968	-79.9967	-79.9967	-79.9967	-79.9967	-79.9967	-79.9967	-79.9967	-79.9967	-79.9967	-79.9967	-79.9967	-79.9967	-79.9967	-79.9967	-79.9967	-79.9967	-79.9967	-79.9967	-79.9967	-79.9967	-79.9967	-79.9967	-79.9967	-79.9967	-79.9967	-79.9967	-79.9967	-79.9967	-79.9967	-79.9967	-79.9967	-79.9967	-79.9969
0.02	-79.9984	-79.9968	-79.9963	-79.9961	-79.9961	-79.996	-79.996	-79.996	-79.996	-79.996	-79.996	-79.996	-79.996	-79.996	-79.996	-79.996	-79.996	-79.996	-79.996	-79.996	-79.996	-79.996	-79.996	-79.996	-79.996	-79.996	-79.996	-79.996	-79.996	-79.996	-79.996	-79.996	-79.9961	-79.9961	-79.9961	-79.9963
0.025	-79.9984	-79.9966	-79.9959	-79.9957	-79.9956	-79.9955	-79.9955	-79.9955	-79.9955	-79.9955	-79.9955	-79.9955	-79.9955	-79.9955	-79.9955	-79.9955	-79.9955	-79.9955	-79.9955	-79.9955	-79.9955	-79.9955	-79.9955	-79.9955	-79.9955	-79.9955	-79.9955	-79.9955	-79.9955	-79.9955	-79.9955	-79.9955	-79.9955	-79.9956	-79.9956	-79.9957
0.03	-79.9984	-79.9964	-79.9956	-79.9953	-79.9952	-79.9951	-79.9951	-79.9951	-79.9951	-79.9951	-79.9951	-79.9951	-79.9951	-79.9951	-79.9951	-79.9951	-79.9951	-79.9951	-79.9951	-79.9951	-79.9951	-79.9951	-79.9951	-79.9951	-79.9951	-79.9951	-79.9951	-79.9951	-79.9951	-79.9951	-79.9951	-79.9951	-79.9951	-79.9951	-79.9952	-79.9953
0.035	-79.9984	-79.9962	-79.9953	-79.9949	-79.9948	-79.9948	-79.9947	-79.9947	-79.9947	-79.9947	-79.9947	-79.9947	-79.9947	-79.9947	-79.9947	-79.9947	-79.9947	-79.9947	-79.9947	-79.9947	-79.9947	-79.9947	-79.9947	-79.9947	-79.9947	-79.9947	-79.9947	-79.9947	-79.9947	-79.9947	-79.9947	-79.9947	-79.9947	-79.9948	-79.9948	-79.9949
0.04	-79.9984	-79.9961	-79.9951	-79.9947	-79.9945	-79.9944	-79.9944	-79.9944	-79.9944	-79.9944	-79.9944	-79.9944	-79.9944	-79.9944	-79.9944	-79.9944	-79.9944	-79.9944	-79.9944	-79.9944	-79.9944	-79.9944	-79.9944	-79.9944	-79.9944	-79.9944	-79.9944	-79.9944	-79.9944	-79.9944	-79.9944	-79.9944	-79.9944	-79.9944	-79.9945	-79.9946
0.045	-79.9984	-79.996	-79.9949	-79.9944	-79.9942	-79.9941	-79.9941	-79.9941	-79.9941	-79.9941	-79.9941	-79.9941	-79.9941	-79.9941	-79.9941	-79.9941	-79.9941	-79.9941	-79.9941	-79.9941	-79.9941	-79.9941	-79.9941	-79.9941	-79.9941	-79.9941	-79.9941	-79.9941	-79.9941	-79.9941	-79.9941	-79.9941	-79.9941	-79.9941	-79.9942	-79.9943
0.05	-79.9984	-79.9959	-79.9947	-79.9942	-79.994	-79.9939	-79.9938	-79.9938	-79.9938	-79.9938	-79.9938	-79.9938	-79.9938	-79.9938	-79.9938	-79.9938	-79.9938	-79.9938	-79.9938	-79.9938	-79.9938	-79.9938	-79.9938	-79.9938	-79.9938	-79.9938	-79.9938	-79.9938	-79.9938	-79.9938	-79.9938	-79.9938	-79.9938	-79.9939	-79.9939	-79.994
0.055	-79.9984	-79.9958	-79.9946	-79.994	-79.9937	-79.9936	-79.9936	-79.9936	-79.9936	-79.9936	-79.9936	-79.9936	-79.9936	-79.9936	-79.9936	-79.9935	-79.9935	-79.9935	-79.9935	-79.9935	-79.9935	-79.9935	-79.9935	-79.9936	-79.9936	-79.9936	-79.9936	-79.9936	-79.9936	-79.9936	-79.9936	-79.9936	-79.9936	-79.9936	-79.9937	-79.9938
0.06	-79.9984	-79.9957	-79.9944	-79.9938	-79.9935	-79.9934	-79.9933	-79.9933	-79.9933	-79.9933	-79.9933	-79.9933	-79.9933	-79.9933	-79.9933	-79.9933	-79.9933	-79.9933	-79.9933	-79.9933	-79.9933	-79.9933	-79.9933	-79.9933	-79.9933	-79.9933	-79.9933	-79.9933	-79.9933	-79.9933	-79.9933	-79.9933	-79.9933	-79.9934	-79.9934	-79.9935
0.065	-79.9984	-79.9956	-79.9943	-79.9936	-79.9933	-79.9932	-79.9931	-79.9931	-79.9931	-79.9931	-79.9931	-79.9931	-79.9931	-79.9931	-79.9931	-79.9931	-79.9931	-79.9931	-79.9931	-79.9931	-79.9931	-79.9931	-79.9931	-79.9931	-79.9931	-79.9931	-79.9931	-79.9931	-79.9931	-79.9931	-79.9931	-79.9931	-79.9931	-79.9931	-79.9932	-79.9933
0.07	-79.9984	-79.9955	-79.9941	-79.9935	-79.9931	-79.993	-79.9929	-79.9929	-79.9929	-79.9929	-79.9929	-79.9929	-79.9929	-79.9929	-79.9929	-79.9929	-79.9929	-79.9929	-79.9929	-79.9929	-79.9929	-79.9929	-79.9929	-79.9929	-79.9929	-79.9929	-79.9929	-79.9929	-79.9929	-79.9929	-79.9929	-79.9929	-79.9929	-79.9929	-79.993	-79.9931
0.075	-79.9984	-79.9955	-79.994	-79.9933	-79.993	-79.9928	-79.9927	-79.9927	-79.9927	-79.9927	-79.9927	-79.9927	-79.9927	-79.9927	-79.9927	-79.9927	-79.9927	-79.9927	-79.9927	-79.9927	-79.9927	-79.9927	-79.9927	-79.9927	-79.9927	-79.9927	-79.9927	-79.9927	-79.9927	-79.9927	-79.9927	-79.9927	-79.9927	-79.9927	-79.9928	-79.9929
0.08	-79.9984	-79.9954	-79.9939	-79.9932	-79.9928	-79.9926	-79.9926	-79.9925	-79.9925	-79.9925	-79.9925	-79.9925	-79.9925	-79.9925	-79.9925	-79.9925	-79.9925	-79.9925	-79.9925	-79.9925	-79.9925	-79.9925	-79.9925	-79.9925	-79.9925	-79.9925	-79.9925	-79.9925	-79.9925	-79.9925	-79.9925	-79.9925	-79.9925	-79.9926	-79.9926	-79.9927
0.085	-79.9984	-79.9954	-79.9938	-79.993	-79.9927	-79.9925	-79.9924	-79.9924	-79.9923	-79.9923	-79.9923	-79.9923	-79.9923	-79.9923	-79.9923	-79.9923	-79.9923	-79.9923	-79.9923	-79.9923	-79.9923	-79.9923	-79.9923	-79.9923	-79.9923	-79.9923	-79.9923	-79.9923	-79.9923	-79.9923	-79.9923	-79.9923	-79.9924	-79.9924	-79.9924	-79.9925
0.09	-79.9984	-79.9953	-79.9937	-79.9929	-79.9925	-79.9923	-79.9922	-79.9922	-79.9922	-79.9922	-79.9922	-79.9922	-79.9922	-79.9922	-79.9922	-79.9922	-79.9922	-79.9922	-79.9922	-79.9922	-79.9922	-79.9922	-79.9922	-79.9922	-79.9922	-79.9922	-79.9922	-79.9922	-79.9922	-79.9922	-79.9922	-79.9922	-79.9922	-79.9922	-79.9923	-79.9924
0.095	-79.9984	-79.9952	-79.9936	-79.9928	-79.9924	-79.9922	-79.9921	-79.9921	-79.992	-79.992	-79.992	-79.992	-79.992	-79.992	-79.992	-79.992	-79.992	-79.992	-79.992	-79.992	-79.992	-79.992	-79.992	-79.992	-79.992	-79.992	-79.992	-79.992	-79.992	-79.992	-79.992	-79.992	-79.992	-79.9921	-79.9921	-79.9922
0.1	-79.9984	-79.9952	-79.9935	-79.9927	-79.9923	-79.9921	-79.992	-79.9919	-79.9919	-79.9919	-79.9919	-79.9919	-79.9919	-79.9919	-79.9919	-79.9919	-79.9919	-79.9919	-79.9919	-79.9919	-79.9919	-79.9919	-79.9919	-79.9919	-79.9919	-79.9919	-79.9919	-79.9919	-79.9919	-79.9919	-79.9919	-79.9919	-79.9919	-79.9919	-79.992	-79.9921
0.105	-79.9984	-79.9951	-79.9935	-79.9926	-79.9921	-79.9919	-79.9918	-79.9918	-79.9917	-79.9917	-79.9917	-79.9917	-79.9917	-79.9917	-79.9917	-79.9917	-79.9917	-79.9917	-79.9917	-79.9917	-79.9917	-79.9917	-79.9917	-79.9917	-79.9917	-79.9917	-79.9917	-79.9917	-79.9917	-79.9917	-79.9917	-79.9917	-79.9918	-79.9918	-79.9918	-79.9919
0.11	-79.9984	-79.9951	-79.9934	-79.9925	-79.992	-79.9918	-79.9917	-79.9916	-79.9916	-79.9916	-79.9916	-79.9916	-79.9916	-79.9916	-79.9916	-79.9916	-79.9916	-79.9916	-79.9916	-79.9916	-79.9916	-79.9916	-79.9916	-79.9916	-79.9916	-79.9916	-79.9916	-79.9916	-79.9916	-79.9916	-79.9916	-79.9916	-79.9916	-79.9916	-79.9917	-79.9918
0.115	-79.9984	-79.9951	-79.9933	-79.9924	-79.9919	-79.9917	-79.9916	-79.9915	-79.9915	-79.9915	-79.9915	-79.9915	-79.9915	-79.9915	-79.9915	-79.9915	-79.9915	-79.9915	-79.9915	-79.9915	-79.9915	-79.9915	-79.9915	-79.9915	-79.9915	-79.9915	-79.9915	-79.9915	-79.9915	-79.9915	-79.9915	-79.9915	-79.9915	-79.9915	-79.9916	-79.9917
0.12	-79.9984	-79.995	-79.9932	-79.9923	-79.9918	-79.9916	-79.9914	-79.9914	-79.9914	-79.9913	-79.9913	-79.9913	-79.9913	-79.9913	-79.9913	-79.9913	-79.9913	-79.9913	-79.9913	-79.9913	-79.9913	-79.9913	-79.9913	-79.9913	-79.9913	-79.9913	-79.9913	-79.9913	-79.9913	-79.9913	-79.9913	-79.9913	-79.9914	-79.9914	-79.9914	-79.9915
0.125	-79.9984	-79.995	-79.9932	-79.9922	-79.9917	-79.9915	-79.9913	-79.9913	-79.9912	-79.9912	-79.9912	-79.9912	-79.9912	-79.9912	-79.9912	-79.9912	-79.9912	-79.9912	-79.9912	-79.9912	-79.9912	-79.9912	-79.9912	-79.9912	-79.9912	-79.9912	-79.9912	-79.9912	-79.9912	-79.9912	-79.9912	-79.9912	-79.9912	-79.9913	-79.9913	-79.9914
0.13	-79.9984	-79.995	-79.9931	-79.9921	-79.9916	-79.9914	-79.9912	-79.9912	-79.9911	-79.9911	-79.9911	-79.9911	-79.9911	-79.9911	-79.9911	-79.9911	-79.9911	-79.9911	-79.9911	-79.9911	-79.9911	-79.9911	-79.9911	-79.9911	-79.9911	-79.9911	-79.9911	-79.9911	-79.9911	-79.9911	-79.9911	-79.9911	-79.9911	-79.9912	-79.9912	-79.9913
0.135	-79.9984	-79.9949	-79.993	-79.9921	-79.9915	-79.9913	-79.9911	-79.9911	-79.991	-79.991	-79.991	-79.991	-79.991	-79.991	-79.991	-79.991	-79.991	-79.991	-79.991	-79.991	-79.991	-79.991	-79.991	-79.991	-79.991	-79.991	-79.991	-79.991	-79.991	-79.991	-79.991	-79.991	-79.991	-79.9911	-79.9911	-79.9912
0.14	-79.9984	-79.9949	-79.993	-79.992	-79.9914	-79.9912	-79.991	-79.991	-79.9909	-79.9909	-79.9909	-79.9909	-79.9909	-79.9909	-79.9909	-79.9909	-79.9909	-79.9909	-79.9909	-79.9909	-79.9909	-79.9909	-79.9909	-79.9909	-79.9909	-79.9909	-79.9909	-79.9909	-79.9909	-79.9909	-79.9909	-79.9909	-79.9909	-79.991	-79.991	-79.9911
0.145	-79.9984	-79.9949	-79.9929	-79.9919	-79.9914	-79.9911	-79.9909	-79.9909	-79.9908	-79.9908	-79.9908	-79.9908	-79.9908	-79.9908	-79.9908	-79.9908	-79.9908	-79.9908	-79.9908	-79.9908	-79.9908	-79.9908	-79.9908	-79.9908	-79.9908	-79.9908	-79.9908	-79.9908	-79.9908	-79.9908	-79.9908	-79.9908	-79.9908	-79.9909	-79.9909	-79.991
0.15	-79.9984	-79.9948	-79.9929	-79.9918	-79.9913	-79.991	-79.9908	-79.9908	-79.9907	-79.9907	-79.9907	-79.9907	-79.9907	-79.9907	-79.9907	-79.9907	-79.9907	-79.9907	-79.9907	-79.9907	-79.9907	-79.9907	-79.9907	-79.9907	-79.9907	-79.9907	-79.9907	-79.9907	-79.9907	-79.9907	-79.9907	-79.9907	-79.9907	-79.9908	-79.9908	-79.9909
0.155	-79.9984	-79.9948	-79.9928	-79.9918	-79.9912	-79.9909	-79.9907	-79.9907	-79.9906	-79.9906	-79.9906	-79.9906	-79.9906	-79.9906	-79.9906	-79.9906	-79.9906	-79.9906	-79.9906	-79.9906	-79.9906	-79.9906	-79.9906	-79.9906	-79.9906	-79.9906	-79.9906	-79.9906	-79.9906	-79.9906	-79.9906	-79.9906	-79.9906	-79.9907	-79.9907	-79.9908
0.16	-79.9984	-79.9948	-79.9928	-79.9917	-79.9911	-79.9908	-79.9907	-79.9906	-79.9905	-79.9905	-79.9905	-79.9905	-79.9905	-79.9905	-79.9905	-79.9905	-79.9905	-79.9905	-79.9905	-79.9905	-79.9905	-79.9905	-79.9905	-79.9905	-79.9905	-79.9905	-79.9905	-79.9905	-79.9905	-79.9905	-79.9905	-79.9905	-79.9905	-79.9906	-79.9906	-79.9907
0.165	-79.9984	-79.9947	-79.9927	-79.9916	-79.9911	-79.9907	-79.9906	-79.9905	-79.9905	-79.9904	-79.9904	-79.9904	-79.9904	-79.9904	-79.9904	-79.9904	-79.9904	-79.9904	-79.9904	-79.9904	-79.9904	-79.9904	-79.9904	-79.9904	-79.9904	-79.9904	-79.9904	-79.9904	-79.9904	-79.9904	-79.9904	-79.9904	-79.9904	-79.9905	-79.9905	-79.9906
0.17	-79.9984	-79.9947	-79.9927	-79.9916	-79.991	-79.9907	-79.9905	-79.9904	-79.9904	-79.9903	-79.9903	-79.9903	-79.9903	-79.9903	-79.9903	-79.9903	-79.9903	-79.9903	-79.9903	-79.9903	-79.9903	-79.9903	-79.9903	-79.9903	-79.9903	-79.9903	-79.9903	-79.9903	-79.9903	-79.9903	-79.9903	-79.9903	-79.9904	-79.9904	-79.9904	-79.9905
0.175	-79.9984	-79.9947	-79.9926	-79.9915	-79.9909	-79.9906	-79.9904	-79.9903	-79.9903	-79.9903	-79.9902	-79.9902	-79.9902	-79.9902	-79.9902	-79.9902	-79.9902	-79.9902	-79.9902	-79.9902	-79.9902	-79.9902	-79.9902	-79.9902	-79.9902	-79.9902	-79.9902	-79.9902	-79.9902	-79.9902	-79.9902	-79.9903	-79.9903	-79.9903	-79.9904	-79.9905
0.18	-79.9984	-79.9947	-79.9926	-79.9915	-79.9909	-79.9905	-79.9903	-79.9903	-79.9902	-79.9902	-79.9902	-79.9902	-79.9902	-79.9902	-79.9902	-79.9902	-79.9902	-79.9902	-79.9902	-79.9902	-79.9902	-79.9902	-79.9902	-79.9902	-79.9902	-79.9902	-79.9902	-79.9902	-79.9902	-79.9902	-79.9902	-79.9902	-79.9902	-79.9902	-79.9903	-79.9904
0.185	-79.9984	-79.9947	-79.9926	-79.9914	-79.9908	-79.9905	-79.9903	-79.9902	-79.9901	-79.9901	-79.9901	-79.9901	-79.9901	-79.9901	-79.9901	-79.9901	-79.9901	-79.9901	-79.9901	-79.9901	-79.9901	-79.9901	-79.9901	-79.9901	-79.9901	-79.9901	-79.9901	-79.9901	-79.9901	-79.9901	-79.9901	-79.9901	-79.9901	-79.9902	-79.9902	-79.9903
0.19	-79.9984	-79.9946	-79.9925	-79.9914	-79.9907	-79.9904	-79.9902	-79.9901	-79.9901	-79.99	-79.99	-79.99	-79.99	-79.99	-79.99	-79.99	-79.99	-79.99	-79.99	-79.99	-79.99	-79.99	-79.99	-79.99	-79.99	-79.99	-79.99	-79.99	-79.99	-79.99	-79.99	-79.99	-79.99	-79.9901	-79.9901	-79.9902
0.195	-79.9984	-79.9946	-79.9925	-79.9913	-79.9907	-79.9903	-79.9901	-79.99	-79.99	-79.99	-79.9899	-79.9899	-79.9899	-79.9899	-79.9899	-79.9899	-79.9899	-79.9899	-79.9899	-79.9899	-79.9899	-79.9899	-79.9899	-79.9899	-79.9899	-79.9899	-79.9899	-79.9899	-79.9899	-79.9899	-79.9899	-79.99	-79.99	-79.99	-79.9901	-79.9902
0.2	-79.9984	-79.9946	-79.9924	-79.9913	-79.9906	-79.9903	-79.9901	-79.99	-79.9899	-79.9899	-79.9899	-79.9899	-79.9899	-79.9899	-79.9899	-79.9899	-79.9899	-79.9899	-79.9899	-79.9899	-79.9899	-79.9899	-79.9899	-79.9899	-79.9899	-79.9899	-79.9899	-79.9899	-79.9899	-79.9899	-79.9899	-79.9899	-79.9899	-79.9899	-79.99	-79.9901
0.205	-79.9984	-79.9946	-79.9924	-79.9912	-79.9906	-79.9902	-79.99	-79.9899	-79.9898	-79.9898	-79.9898	-79.9898	-79.9898	-79.9898	-79.9898	-79.9898	-79.9898	-79.9898	-79.9898	-79.9898	-79.9898	-79.9898	-79.9898	-79.9898	-79.9898	-79.9898	-79.9898	-79.9898	-79.9898	-79.9898	-79.9898	-79.9898	-79.9898	-79.9899	-79.9899	-79.99
0.21	-79.9984	-79.9945	-79.9924	-79.9912	-79.9905	-79.9901	-79.9899	-79.9898	-79.9898	-79.9898	-79.9897	-79.9897	-79.9897	-79.9897	-79.9897	-79.9897	-79.9897	-79.9897	-79.9897	-79.9897	-79.9897	-79.9897	-79.9897	-79.9897	-79.9897	-79.9897	-79.9897	-79.9897	-79.9897	-79.9897	-79.9897	-79.9897	-79.9898	-79.9898	-79.9899	-79.99
0.215	-79.9984	-79.9945	-79.9923	-79.9911	-79.9904	-79.9901	-79.9899	-79.9898	-79.9897	-79.9897	-79.9897	-79.9897	-79.9897	-79.9897	-79.9897	-79.9897	-79.9897	-79.9897	-79.9897	-79.9897	-79.9897	-79.9897	-79.9897	-79.9897	-79.9897	-79.9897	-79.9897	-79.9897	-79.9897	-79.9897	-79.9897	-79.9897	-79.9897	-79.9897	-79.9898	-79.9899
0.22	-79.9984	-79.9945	-79.9923	-79.9911	-79.9904	-79.99	-79.9898	-79.9897	-79.9897	-79.9896	-79.9896	-79.9896	-79.9896	-79.9896	-79.9896	-79.9896	-79.9896	-79.9896	-79.9896	-79.9896	-79.9896	-79.9896	-79.9896	-79.9896	-79.9896	-79.9896	-79.9896	-79.9896	-79.9896	-79.9896	-79.9896	-79.9896	-79.9896	-79.9897	-79.9897	-79.9898
0.225	-79.9984	-79.9945	-79.9923	-79.991	-79.9903	-79.99	-79.9898	-79.9897	-79.9896	-79.9896	-79.9895	-79.9895	-79.9895	-79.9895	-79.9895	-79.9895	-79.9895	-79.9895	-79.9895	-79.9895	-79.9895	-79.9895	-79.9895	-79.9895	-79.9895	-79.9895	-79.9895	-79.9895	-79.9895	-79.9895	-79.9895	-79.9895	-79.9896	-79.9896	-79.9897	-79.9898
0.23	-79.9984	-79.9945	-79.9922	-79.991	-79.9903	-79.9899	-79.9897	-79.9896	-79.9895	-79.9895	-79.9895	-79.9895	-79.9895	-79.9895	-79.9895	-79.9895	-79.9895	-79.9895	-79.9895	-79.9895	-79.9895	-79.9895	-79.9895	-79.9895	-79.9895	-79.9895	-79.9895	-79.9895	-79.9895	-79.9895	-79.9895	-79.9895	-79.9895	-79.9895	-79.9896	-79.9897
0.235	-79.9984	-79.9945	-79.9922	-79.991	-79.9902	-79.9899	-79.9896	-79.9895	-79.9895	-79.9894	-79.9894	-79.9894	-79.9894	-79.9894	-79.9894	-79.9894	-79.9894	-79.9894	-79.9894	-79.9894	-79.9894	-79.9894	-79.9894	-79.9894	-79.9894	-79.9894	-79.9894	-79.9894	-79.9894	-79.9894	-79.9894	-79.9894	-79.9894	-79.9895	-79.9895	-79.9896
0.24	-79.9984	-79.9944	-79.9922	-79.9909	-79.9902	-79.9898	-79.9896	-79.9895	-79.9894	-79.9894	-79.9894	-79.9894	-79.9893	-79.9893	-79.9893	-79.9893	-79.9893	-79.9893	-79.9893	-79.9893	-79.9893	-79.9893	-79.9893	-79.9893	-79.9893	-79.9893	-79.9893	-79.9893	-79.9893	-79.9893	-79.9894	-79.9894	-79.9894	-79.9894	-79.9895	-79.9896
0.245	-79.9984	-79.9944	-79.9922	-79.9909	-79.9902	-79.9898	-79.9895	-79.9894	-79.9894	-79.9893	-79.9893	-79.9893	-79.9893	-79.9893	-79.9893	-79.9893	-79.9893	-79.9893	-79.9893	-79.9893	-79.9893	-79.9893	-79.9893	-79.9893	-79.9893	-79.9893	-79.9893	-79.9893	-79.9893	-79.9893	-79.9893	-79.9893	-79.9893	-79.9894	-79.9894	-79.9895
0.25	-79.9984	-79.9944	-79.9921	-79.9908	-79.9901	-79.9897	-79.9895	-79.9894	-79.9893	-79.9893	-79.9893	-79.9892	-79.9892	-79.9892	-79.9892	-79.9892	-79.9892	-79.9892	-79.9892	-79.9892	-79.9892	-79.9892	-79.9892	-79.9892	-79.9892	-79.9892	-79.9892	-79.9892	-79.9892	-79.9892	-79.9892	-79.9893	-79.9893	-79.9893	-79.9894	-79.9895
0.255	-79.9984	-79.9944	-79.9921	-79.9908	-79.9901	-79.9897	-79.9894	-79.9893	-79.9893	-79.9892	-79.9892	-79.9892	-79.9892	-79.9892	-79.9892	-79.9892	-79.9892	-79.9892	-79.9892	-79.9892	-79.9892	-79.9892	-79.9892	-79.9892	-79.9892	-79.9892	-79.9892	-79.9892	-79.9892	-79.9892	-79.9892	-79.9892	-79.9892	-79.9893	-79.9893	-79.9894
0.26	-79.9984	-79.9944	-79.9921	-79.9908	-79.99	-79.9896	-79.9894	-79.9893	-79.9892	-79.9892	-79.9891	-79.9891	-79.9891	-79.9891	-79.9891	-79.9891	-79.9891	-79.9891	-79.9891	-79.9891	-79.9891	-79.9891	-79.9891	-79.9891	-79.9891	-79.9891	-79.9891	-79.9891	-79.9891	-79.9891	-79.9891	-79.9891	-79.9892	-79.9892	-79.9893	-79.9894
0.265	-79.9984	-79.9944	-79.992	-79.9907	-79.99	-79.9896	-79.9893	-79.9892	-79.9891	-79.9891	-79.9891	-79.9891	-79.9891	-79.9891	-79.9891	-79.9891	-79.9891	-79.9891	-79.9891	-79.9891	-79.9891	-79.9891	-79.9891	-79.9891	-79.9891	-79.9891	-79.9891	-79.9891	-79.9891	-79.9891	-79.9891	-79.9891	-79.9891	-79.9892	-79.9892	-79.9893
0.27	-79.9984	-79.9943	-79.992	-79.9907	-79.9899	-79.9895	-79.9893	-79.9892	-79.9891	-79.9891	-79.989	-79.989	-79.989	-79.989	-79.989	-79.989	-79.989	-79.989	-79.989	-79.989	-79.989	-79.989	-79.989	-79.989	-79.989	-79.989	-79.989	-79.989	-79.989	-79.989	-79.989	-79.989	-79.9891	-79.9891	-79.9892	-79.9893
0.275	-79.9984	-79.9943	-79.992	-79.9907	-79.9899	-79.9895	-79.9892	-79.9891	-79.989	-79.989	-79.989	-79.989	-79.989	-79.989	-79.989	-79.989	-79.989	-79.989	-79.989	-79.989	-79.989	-79.989	-79.989	-79.989	-79.989	-79.989	-79.989	-79.989	-79.989	-79.989	-79.989	-79.989	-79.989	-79.989	-79.9891	-79.9892
0.28	-79.9984	-79.9943	-79.992	-79.9906	-79.9899	-79.9894	-79.9892	-79.9891	-79.989	-79.989	-79.9889	-79.9889	-79.9889	-79.9889	-79.9889	-79.9889	-79.9889	-79.9889	-79.9889	-79.9889	-79.9889	-79.9889	-79.9889	-79.9889	-79.9889	-79.9889	-79.9889	-79.9889	-79.9889	-79.9889	-79.9889	-79.9889	-79.989	-79.989	-79.9891	-79.9892
0.285	-79.9984	-79.9943	-79.9919	-79.9906	-79.9898	-79.9894	-79.9892	-79.989	-79.9889	-79.9889	-79.9889	-79.9889	-79.9889	-79.9889	-79.9889	-79.9889	-79.9889	-79.9889	-79.9889	-79.9889	-79.9889	-79.9889	-79.9889	-79.9889	-79.9889	-79.9889	-79.9889	-79.9889	-79.9889	-79.9889	-79.9889	-79.9889	-79.9889	-79.9889	-79.989	-79.9891
0.29	-79.9984	-79.9943	-79.9919	-79.9906	-79.9898	-79.9893	-79.9891	-79.989	-79.9889	-79.9889	-79.9888	-79.9888	-79.9888	-79.9888	-79.9888	-79.9888	-79.9888	-79.9888	-79.9888	-79.9888	-79.9888	-79.9888	-79.9888	-79.9888	-79.9888	-79.9888	-79.9888	-79.9888	-79.9888	-79.9888	-79.9888	-79.9888	-79.9889	-79.9889	-79.989	-79.9891
0.295	-79.9984	-79.9943	-79.9919	-79.9905	-79.9898	-79.9893	-79.9891	-79.9889	-79.9889	-79.9888	-79.9888	-79.9888	-79.9888	-79.9888	-79.9888	-79.9888	-79.9888	-79.9888	-79.9888	-79.9888	-79.9888	-79.9888	-79.9888	-79.9888	-79.9888	-79.9888	-79.9888	-79.9888	-79.9888	-79.9888	-79.9888	-79.9888	-79.9888	-79.9888	-79.9889	-79.989
0.3	-79.9984	-79.9943	-79.9919	-79.9905	-79.9897	-79.9893	-79.989	-79.9889	-79.9888	-79.9888	-79.9887	-79.9887	-79.9887	-79.9887	-79.9887	-79.9887	-79.9887	-79.9887	-79.9887	-79.9887	-79.9887	-79.9887	-79.9887	-79.9887	-79.9887	-79.9887	-79.9887	-79.9887	-79.9887	-79.9887	-79.9887	-79.9887	-79.9888	-79.9888	-79.9889	-79.989
0.305	-79.9984	-79.9943	-79.9919	-79.9905	-79.9897	-79.9892	-79.989	-79.9888	-79.9888	-79.9887	-79.9887	-79.9887	-79.9887	-79.9887	-79.9887	-79.9887	-79.9887	-79.9887	-79.9887	-79.9887	-79.9887	-79.9887	-79.9887	-79.9887	-79.9887	-79.9887	-79.9887	-79.9887	-79.9887	-79.9887	-79.9887	-79.9887	-79.9887	-79.9888	-79.9888	-79.9889
0.31	-79.9984	-79.9942	-79.9918	-79.9904	-79.9896	-79.9892	-79.9889	-79.9888	-79.9887	-79.9887	-79.9886	-79.9886	-79.9886	-79.9886	-79.9886	-79.9886	-79.9886	-79.9886	-79.9886	-79.9886	-79.9886	-79.9886	-79.9886	-79.9886	-79.9886	-79.9886	-79.9886	-79.9886	-79.9886	-79.9886	-79.9886	-79.9887	-79.9887	-79.9887	-79.9888	-79.9889
0.315	-79.9984	-79.9942	-79.9918	-79.9904	-79.9896	-79.9892	-79.9889	-79.9888	-79.9887	-79.9886	-79.9886	-79.9886	-79.9886	-79.9886	-79.9886	-79.9886	-79.9886	-79.9886	-79.9886	-79.9886	-79.9886	-79.9886	-79.9886	-79.9886	-79.9886	-79.9886	-79.9886	-79.9886	-79.9886	-79.9886	-79.9886	-79.9886	-79.9886	-79.9887	-79.9887	-79.9888
0.32	-79.9984	-79.9942	-79.9918	-79.9904	-79.9896	-79.9891	-79.9889	-79.9887	-79.9886	-79.9886	-79.9886	-79.9885	-79.9885	-79.9885	-79.9885	-79.9885	-79.9885	-79.9885	-79.9885	-79.9885	-79.9885	-79.9885	-79.9885	-79.9885	-79.9885	-79.9885	-79.9885	-79.9885	-79.9885	-79.9885	-79.9885	-79.9886	-79.9886	-79.9886	-79.9887	-79.9888
0.325	-79.9984	-79.9942	-79.9918	-79.9903	-79.9895	-79.9891	-79.9888	-79.9887	-79.9886	-79.9885	-79.9885	-79.9885	-79.9885	-79.9885	-79.9885	-79.9885	-79.9885	-79.9885	-79.9885	-79.9885	-79.9885	-79.9885	-79.9885	-79.9885	-79.9885	-79.9885	-79.9885	-79.9885	-79.9885	-79.9885	-79.9885	-79.9885	-79.9885	-79.9886	-79.9886	-79.9888
0.33	-79.9984	-79.9942	-79.9917	-79.9903	-79.9895	-79.989	-79.9888	-79.9886	-79.9885	-79.9885	-79.9885	-79.9885	-79.9885	-79.9884	-79.9884	-79.9884	-79.9884	-79.9884	-79.9884	-79.9884	-79.9884	-79.9884	-79.9884	-79.9884	-79.9884	-79.9884	-79.9884	-79.9884	-79.9884	-79.9885	-79.9885	-79.9885	-79.9885	-79.9885	-79.9886	-79.9887
0.335	-79.9984	-79.9942	-79.9917	-79.9903	-79.9895	-79.989	-79.9887	-79.9886	-79.9885	-79.9885	-79.9884	-79.9884	-79.9884	-79.9884	-79.9884	-79.9884	-79.9884	-79.9884	-79.9884	-79.9884	-79.9884	-79.9884	-79.9884	-79.9884	-79.9884	-79.9884	-79.9884	-79.9884	-79.9884	-79.9884	-79.9884	-79.9884	-79.9885	-79.9885	-79.9886	-79.9887
0.34	-79.9984	-79.9942	-79.9917	-79.9903	-79.9894	-79.989	-79.9887	-79.9885	-79.9885	-79.9884	-79.9884	-79.9884	-79.9884	-79.9884	-79.9884	-79.9884	-79.9884	-79.9884	-79.9884	-79.9884	-79.9884	-79.9884	-79.9884	-79.9884	-79.9884	-79.9884	-79.9884	-79.9884	-79.9884	-79.9884	-79.9884	-79.9884	-79.9884	-79.9885	-79.9885	-79.9886
0.345	-79.9984	-79.9942	-79.9917	-79.9902	-79.9894	-79.9889	-79.9887	-79.9885	-79.9884	-79.9884	-79.9883	-79.9883	-79.9883	-79.9883	-79.9883	-79.9883	-79.9883	-79.9883	-79.9883	-79.9883	-79.9883	-79.9883	-79.9883	-79.9883	-79.9883	-79.9883	-79.9883	-79.9883	-79.9883	-79.9883	-79.9883	-79.9883	-79.9884	-79.9884	-79.9885	-79.9886
0.35	-79.9984	-79.9941	-79.9917	-79.9902	-79.9894	-79.9889	-79.9886	-79.9885	-79.9884	-79.9883	-79.9883	-79.9883	-79.9883	-79.9883	-79.9883	-79.9883	-79.9883	-79.9883	-79.9883	-79.9883	-79.9883	-79.9883	-79.9883	-79.9883	-79.9883	-79.9883	-79.9883	-79.9883	-79.9883	-79.9883	-79.9883	-79.9883	-79.9883	-79.9884	-79.9884	-79.9885
0.355	-79.9984	-79.9941	-79.9916	-79.9902	-79.9893	-79.9889	-79.9886	-79.9884	-79.9883	-79.9883	-79.9883	-79.9883	-79.9883	-79.9882	-79.9882	-79.9882	-79.9882	-79.9882	-79.9882	-79.9882	-79.9882	-79.9882	-79.9882	-79.9882	-79.9882	-79.9882	-79.9882	-79.9882	-79.9882	-79.9883	-79.9883	-79.9883	-79.9883	-79.9883	-79.9884	-79.9885
0.36	-79.9984	-79.9941	-79.9916	-79.9902	-79.9893	-79.9888	-79.9886	-79.9884	-79.9883	-79.9883	-79.9882	-79.9882	-79.9882	-79.9882	-79.9882	-79.9882	-79.9882	-79.9882	-79.9882	-79.9882	-79.9882	-79.9882	-79.9882	-79.9882	-79.9882	-79.9882	-79.9882	-79.9882	-79.9882	-79.9882	-79.9882	-79.9882	-79.9883	-79.9883	-79.9884	-79.9885
0.365	-79.9984	-79.9941	-79.9916	-79.9901	-79.9893	-79.9888	-79.9885	-79.9884	-79.9883	-79.9882	-79.9882	-79.9882	-79.9882	-79.9882	-79.9882	-79.9882	-79.9882	-79.9882	-79.9882	-79.9882	-79.9882	-79.9882	-79.9882	-79.9882	-79.9882	-79.9882	-79.9882	-79.9882	-79.9882	-79.9882	-79.9882	-79.9882	-79.9882	-79.9883	-79.9883	-79.9884
0.37	-79.9984	-79.9941	-79.9916	-79.9901	-79.9893	-79.9888	-79.9885	-79.9883	-79.9882	-79.9882	-79.9882	-79.9881	-79.9881	-79.9881	-79.9881	-79.9881	-79.9881	-79.9881	-79.9881	-79.9881	-79.9881	-79.9881	-79.9881	-79.9881	-79.9881	-79.9881	-79.9881	-79.9881	-79.9881	-79.9881	-79.9881	-79.9882	-79.9882	-79.9882	-79.9883	-79.9884
0.375	-79.9984	-79.9941	-79.9916	-79.9901	-79.9892	-79.9887	-79.9884	-79.9883	-79.9882	-79.9881	-79.9881	-79.9881	-79.9881	-79.9881	-79.9881	-79.9881	-79.9881	-79.9881	-79.9881	-79.9881	-79.9881	-79.9881	-79.9881	-79.9881	-79.9881	-79.9881	-79.9881	-79.9881	-79.9881	-79.9881	-79.9881	-79.9881	-79.9881	-79.9882	-79.9882	-79.9884
0.38	-79.9984	-79.9941	-79.9915	-79.9901	-79.9892	-79.9887	-79.9884	-79.9883	-79.9882	-79.9881	-79.9881	-79.9881	-79.9881	-79.9881	-79.988	-79.988	-79.988	-79.988	-79.988	-79.988	-79.988	-79.988	-79.988	-79.988	-79.988	-79.988	-79.988	-79.988	-79.9881	-79.9881	-79.9881	-79.9881	-79.9881	-79.9881	-79.9882	-79.9883
0.385	-79.9984	-79.9941	-79.9915	-79.99	-79.9892	-79.9887	-79.9884	-79.9882	-79.9881	-79.9881	-79.988	-79.988	-79.988	-79.988	-79.988	-79.988	-79.988	-79.988	-79.988	-79.988	-79.988	-79.988	-79.988	-79.988	-79.988	-79.988	-79.988	-79.988	-79.988	-79.988	-79.988	-79.988	-79.9881	-79.9881	-79.9882	-79.9883
0.39	-79.9984	-79.9941	-79.9915	-79.99	-79.9891	-79.9886	-79.9883	-79.9882	-79.9881	-79.988	-79.988	-79.988	-79.988	-79.988	-79.988	-79.988	-79.988	-79.988	-79.988	-79.988	-79.988	-79.988	-79.988	-79.988	-79.988	-79.988	-79.988	-79.988	-79.988	-79.988	-79.988	-79.988	-79.988	-79.9881	-79.9881	-79.9883
0.395	-79.9984	-79.994	-79.9915	-79.99	-79.9891	-79.9886	-79.9883	-79.9882	-79.9881	-79.988	-79.988	-79.988	-79.9879	-79.9879	-79.9879	-79.9879	-79.9879	-79.9879	-79.9879	-79.9879	-79.9879	-79.9879	-79.9879	-79.9879	-79.9879	-79.9879	-79.9879	-79.9879	-79.9879	-79.9879	-79.988	-79.988	-79.988	-79.988	-79.9881	-79.9882
0.4	-79.9984	-79.994	-79.9915	-79.99	-79.9891	-79.9886	-79.9883	-79.9881	-79.988	-79.988	-79.9879	-79.9879	-79.9879	-79.9879	-79.9879	-79.9879	-79.9879	-79.9879	-79.9879	-79.9879	-79.9879	-79.9879	-79.9879	-79.9879	-79.9879	-79.9879	-79.9879	-79.9879	-79.9879	-79.9879	-79.9879	-79.9879	-79.988	-79.988	-79.9881	-79.9882
0.405	-79.9984	-79.994	-79.9915	-79.9899	-79.9891	-79.9885	-79.9883	-79.9881	-79.988	-79.9879	-79.9879	-79.9879	-79.9879	-79.9879	-79.9879	-79.9879	-79.9879	-79.9879	-79.9879	-79.9879	-79.9879	-79.9879	-79.9879	-79.9879	-79.9879	-79.9879	-79.9879	-79.9879	-79.9879	-79.9879	-79.9879	-79.9879	-79.9879	-79.988	-79.988	-79.9881
0.41	-79.9984	-79.994	-79.9914	-79.9899	-79.989	-79.9885	-79.9882	-79.988	-79.988	-79.9879	-79.9879	-79.9878	-79.9878	-79.9878	-79.9878	-79.9878	-79.9878	-79.9878	-79.9878	-79.9878	-79.9878	-79.9878	-79.9878	-79.9878	-79.9878	-79.9878	-79.9878	-79.9878	-79.9878	-79.9878	-79.9878	-79.9879	-79.9879	-79.9879	-79.988	-79.9881
0.415	-79.9984	-79.994	-79.9914	-79.9899	-79.989	-79.9885	-79.9882	-79.988	-79.9879	-79.9879	-79.9878	-79.9878	-79.9878	-79.9878	-79.9878	-79.9878	-79.9878	-79.9878	-79.9878	-79.9878	-79.9878	-79.9878	-79.9878	-79.9878	-79.9878	-79.9878	-79.9878	-79.9878	-79.9878	-79.9878	-79.9878	-79.9878	-79.9878	-79.9879	-79.988	-79.9881
0.42	-79.9984	-79.994	-79.9914	-79.9899	-79.989	-79.9885	-79.9882	-79.988	-79.9879	-79.9878	-79.9878	-79.9878	-79.9878	-79.9878	-79.9878	-79.9878	-79.9878	-79.9878	-79.9878	-79.9878	-79.9878	-79.9878	-79.9878	-79.9878	-79.9878	-79.9878	-79.9878	-79.9878	-79.9878	-79.9878	-79.9878	-79.9878	-79.9878	-79.9879	-79.9879	-79.988
0.425	-79.9984	-79.994	-79.9914	-79.9898	-79.989	-79.9884	-79.9881	-79.9879	-79.9878	-79.9878	-79.9878	-79.9877	-79.9877	-79.9877	-79.9877	-79.9877	-79.9877	-79.9877	-79.9877	-79.9877	-79.9877	-79.9877	-79.9877	-79.9877	-79.9877	-79.9877	-79.9877	-79.9877	-79.9877	-79.9877	-79.9877	-79.9878	-79.9878	-79.9878	-79.9879	-79.988
0.43	-79.9984	-79.994	-79.9914	-79.9898	-79.9889	-79.9884	-79.9881	-79.9879	-79.9878	-79.9878	-79.9877	-79.9877	-79.9877	-79.9877	-79.9877	-79.9877	-79.9877	-79.9877	-79.9877	-79.9877	-79.9877	-79.9877	-79.9877	-79.9877	-79.9877	-79.9877	-79.9877	-79.9877	-79.9877	-79.9877	-79.9877	-79.9877	-79.9877	-79.9878	-79.9879	-79.988
0.435	-79.9984	-79.994	-79.9913	-79.9898	-79.9889	-79.9884	-79.9881	-79.9879	-79.9878	-79.9877	-79.9877	-79.9877	-79.9877	-79.9877	-79.9877	-79.9877	-79.9877	-79.9877	-79.9877	-79.9877	-79.9877	-79.9877	-79.9877	-79.9877	-79.9877	-79.9877	-79.9877	-79.9877	-79.9877	-79.9877	-79.9877	-79.9877	-79.9877	-79.9878	-79.9878	-79.9879
0.44	-79.9984	-79.994	-79.9913	-79.9898	-79.9889	-79.9883	-79.988	-79.9879	-79.9878	-79.9877	-79.9877	-79.9876	-79.9876	-79.9876	-79.9876	-79.9876	-79.9876	-79.9876	-79.9876	-79.9876	-79.9876	-79.9876	-79.9876	-79.9876	-79.9876	-79.9876	-79.9876	-79.9876	-79.9876	-79.9876	-79.9876	-79.9877	-79.9877	-79.9877	-79.9878	-79.9879
0.445	-79.9984	-79.994	-79.9913	-79.9898	-79.9888	-79.9883	-79.988	-79.9878	-79.9877	-79.9877	-79.9876	-79.9876	-79.9876	-79.9876	-79.9876	-79.9876	-79.9876	-79.9876	-79.9876	-79.9876	-79.9876	-79.9876	-79.9876	-79.9876	-79.9876	-79.9876	-79.9876	-79.9876	-79.9876	-79.9876	-79.9876	-79.9876	-79.9876	-79.9877	-79.9878	-79.9879
0.45	-79.9984	-79.9939	-79.9913	-79.9897	-79.9888	-79.9883	-79.988	-79.9878	-79.9877	-79.9876	-79.9876	-79.9876	-79.9876	-79.9876	-79.9876	-79.9876	-79.9876	-79.9876	-79.9876	-79.9876	-79.9876	-79.9876	-79.9876	-79.9876	-79.9876	-79.9876	-79.9876	-79.9876	-79.9876	-79.9876	-79.9876	-79.9876	-79.9876	-79.9877	-79.9877	-79.9878
0.455	-79.9984	-79.9939	-79.9913	-79.9897	-79.9888	-79.9883	-79.9879	-79.9878	-79.9877	-79.9876	-79.9876	-79.9875	-79.9875	-79.9875	-79.9875	-79.9875	-79.9875	-79.9875	-79.9875	-79.9875	-79.9875	-79.9875	-79.9875	-79.9875	-79.9875	-79.9875	-79.9875	-79.9875	-79.9875	-79.9875	-79.9875	-79.9876	-79.9876	-79.9876	-79.9877	-79.9878
0.46	-79.9984	-79.9939	-79.9913	-79.9897	-79.9888	-79.9882	-79.9879	-79.9877	-79.9876	-79.9876	-79.9875	-79.9875	-79.9875	-79.9875	-79.9875	-79.9875	-79.9875	-79.9875	-79.9875	-79.9875	-79.9875	-79.9875	-79.9875	-79.9875	-79.9875	-79.9875	-79.9875	-79.9875	-79.9875	-79.9875	-79.9875	-79.9875	-79.9875	-79.9876	-79.9877	-79.9878
0.465	-79.9984	-79.9939	-79.9913	-79.9897	-79.9887	-79.9882	-79.9879	-79.9877	-79.9876	-79.9875	-79.9875	-79.9875	-79.9875	-79.9875	-79.9875	-79.9875	-79.9875	-79.9875	-79.9875	-79.9875	-79.9875	-79.9875	-79.9875	-79.9875	-79.9875	-79.9875	-79.9875	-79.9875	-79.9875	-79.9875	-79.9875	-79.9875	-79.9875	-79.9876	-79.9876	-79.9877
0.47	-79.9984	-79.9939	-79.9912	-79.9897	-79.9887	-79.9882	-79.9879	-79.9877	-79.9876	-79.9875	-79.9875	-79.9874	-79.9874	-79.9874	-79.9874	-79.9874	-79.9874	-79.9874	-79.9874	-79.9874	-79.9874	-79.9874	-79.9874	-79.9874	-79.9874	-79.9874	-79.9874	-79.9874	-79.9874	-79.9874	-79.9874	-79.9875	-79.9875	-79.9875	-79.9876	-79.9877
0.475	-79.9984	-79.9939	-79.9912	-79.9896	-79.9887	-79.9882	-79.9878	-79.9876	-79.9875	-79.9875	-79.9874	-79.9874	-79.9874	-79.9874	-79.9874	-79.9874	-79.9874	-79.9874	-79.9874	-79.9874	-79.9874	-79.9874	-79.9874	-79.9874	-79.9874	-79.9874	-79.9874	-79.9874	-79.9874	-79.9874	-79.9874	-79.9874	-79.9875	-79.9875	-79.9876	-79.9877
0.48	-79.9984	-79.9939	-79.9912	-79.9896	-79.9887	-79.9881	-79.9878	-79.9876	-79.9875	-79.9874	-79.9874	-79.9874	-79.9874	-79.9874	-79.9874	-79.9874	-79.9874	-79.9874	-79.9874	-79.9874	-79.9874	-79.9874	-79.9874	-79.9874	-79.9874	-79.9874	-79.9874	-79.9874	-79.9874	-79.9874	-79.9874	-79.9874	-79.9874	-79.9875	-79.9875	-79.9877
0.485	-79.9984	-79.9939	-79.9912	-79.9896	-79.9887	-79.9881	-79.9878	-79.9876	-79.9875	-79.9874	-79.9874	-79.9874	-79.9873	-79.9873	-79.9873	-79.9873	-79.9873	-79.9873	-79.9873	-79.9873	-79.9873	-79.9873	-79.9873	-79.9873	-79.9873	-79.9873	-79.9873	-79.9873	-79.9873	-79.9873	-79.9874	-79.9874	-79.9874	-79.9874	-79.9875	-79.9876
0.49	-79.9984	-79.9939	-79.9912	-79.9896	-79.9886	-79.9881	-79.9877	-79.9876	-79.9874	-79.9874	-79.9874	-79.9873	-79.9873	-79.9873	-79.9873	-79.9873	-79.9873	-79.9873	-79.9873	-79.9873	-79.9873	-79.9873	-79.9873	-79.9873	-79.9873	-79.9873	-79.9873	-79.9873	-79.9873	-79.9873	-79.9873	-79.9873	-79.9874	-79.9874	-79.9875	-79.9876
0.495	-79.9984	-79.9939	-79.9912	-79.9896	-79.9886	-79.988	-79.9877	-79.9875	-79.9874	-79.9874	-79.9873	-79.9873	-79.9873	-79.9873	-79.9873	-79.9873	-79.9873	-79.9873	-79.9873	-79.9873	-79.9873	-79.9873	-79.9873	-79.9873	-79.9873	-79.9873	-79.9873	-79.9873	-79.9873	-79.9873	-79.9873	-79.9873	-79.9873	-79.9874	-79.9874	-79.9876
0.5	-79.9984	-79.9939	-79.9911	-79.9895	-79.9886	-79.988	-79.9877	-79.9875	-79.9874	-79.9873	-79.9873	-79.9873	-79.9873	-79.9873	-79.9872	-79.9872	-79.9872	-79.9872	-79.9872	-79.9872	-79.9872	-79.9872	-79.9872	-79.9872	-79.9872	-79.9872	-79.9872	-79.9872	-79.9872	-79.9873	-79.9873	-79.9873	-79.9873	-79.9873	-79.9874	-79.9875
0.505	-79.9984	-79.9939	-79.9911	-79.9895	-79.9886	-79.988	-79.9877	-79.9875	-79.9874	-79.9873	-79.9873	-79.9872	-79.9872	-79.9872	-79.9872	-79.9872	-79.9872	-79.9872	-79.9872	-79.9872	-79.9872	-79.9872	-79.9872	-79.9872	-79.9872	-79.9872	-79.9872	-79.9872	-79.9872	-79.9872	-79.9872	-79.9872	-79.9873	-79.9873	-79.9874	-79.9875
0.51	-79.9984	-79.9939	-79.9911	-79.9895	-79.9885	-79.988	-79.9876	-79.9874	-79.9873	-79.9873	-79.9872	-79.9872	-79.9872	-79.9872	-79.9872	-79.9872	-79.9872	-79.9872	-79.9872	-79.9872	-79.9872	-79.9872	-79.9872	-79.9872	-79.9872	-79.9872	-79.9872	-79.9872	-79.9872	-79.9872	-79.9872	-79.9872	-79.9872	-79.9873	-79.9874	-79.9875
0.515	-79.9984	-79.9938	-79.9911	-79.9895	-79.9885	-79.9879	-79.9876	-79.9874	-79.9873	-79.9872	-79.9872	-79.9872	-79.9872	-79.9872	-79.9872	-79.9872	-79.9872	-79.9872	-79.9872	-79.9872	-79.9872	-79.9872	-79.9872	-79.9872	-79.9872	-79.9872	-79.9872	-79.9872	-79.9872	-79.9872	-79.9872	-79.9872	-79.9872	-79.9873	-79.9873	-79.9875
0.52	-79.9984	-79.9938	-79.9911	-79.9895	-79.9885	-79.9879	-79.9876	-79.9874	-79.9873	-79.9872	-79.9872	-79.9872	-79.9871	-79.9871	-79.9871	-79.9871	-79.9871	-79.9871	-79.9871	-79.9871	-79.9871	-79.9871	-79.9871	-79.9871	-79.9871	-79.9871	-79.9871	-79.9871	-79.9871	-79.9871	-79.9871	-79.9872	-79.9872	-79.9872	-79.9873	-79.9874
0.525	-79.9984	-79.9938	-79.9911	-79.9894	-79.9885	-79.9879	-79.9876	-79.9874	-79.9872	-79.9872	-79.9871	-79.9871	-79.9871	-79.9871	-79.9871	-79.9871	-79.9871	-79.9871	-79.9871	-79.9871	-79.9871	-79.9871	-79.9871	-79.9871	-79.9871	-79.9871	-79.9871	-79.9871	-79.9871	-79.9871	-79.9871	-79.9871	-79.9872	-79.9872	-79.9873	-79.9874
0.53	-79.9984	-79.9938	-79.9911	-79.9894	-79.9884	-79.9879	-79.9875	-79.9873	-79.9872	-79.9872	-79.9871	-79.9871	-79.9871	-79.9871	-79.9871	-79.9871	-79.9871	-79.9871	-79.9871	-79.9871	-79.9871	-79.9871	-79.9871	-79.9871	-79.9871	-79.9871	-79.9871	-79.9871	-79.9871	-79.9871	-79.9871	-79.9871	-79.9871	-79.9872	-79.9872	-79.9874
0.535	-79.9984	-79.9938	-79.9911	-79.9894	-79.9884	-79.9878	-79.9875	-79.9873	-79.9872	-79.9871	-79.9871	-79.9871	-79.9871	-79.987	-79.987	-79.987	-79.987	-79.987	-79.987	-79.987	-79.987	-79.987	-79.987	-79.987	-79.987	-79.987	-79.987	-79.987	-79.987	-79.987	-79.9871	-79.9871	-79.9871	-79.9871	-79.9872	-79.9873
0.54	-79.9984	-79.9938	-79.991	-79.9894	-79.9884	-79.9878	-79.9875	-79.9873	-79.9872	-79.9871	-79.9871	-79.987	-79.987	-79.987	-79.987	-79.987	-79.987	-79.987	-79.987	-79.987	-79.987	-79.987	-79.987	-79.987	-79.987	-79.987	-79.987	-79.987	-79.987	-79.987	-79.987	-79.987	-79.9871	-79.9871	-79.9872	-79.9873
0.545	-79.9984	-79.9938	-79.991	-79.9894	-79.9884	-79.9878	-79.9875	-79.9873	-79.9871	-79.9871	-79.987	-79.987	-79.987	-79.987	-79.987	-79.987	-79.987	-79.987	-79.987	-79.987	-79.987	-79.987	-79.987	-79.987	-79.987	-79.987	-79.987	-79.987	-79.987	-79.987	-79.987	-79.987	-79.987	-79.9871	-79.9872	-79.9873
0.55	-79.9984	-79.9938	-79.991	-79.9893	-79.9884	-79.9878	-79.9874	-79.9872	-79.9871	-79.987	-79.987	-79.987	-79.987	-79.987	-79.987	-79.987	-79.987	-79.987	-79.9869	-79.9869	-79.9869	-79.9869	-79.9869	-79.9869	-79.987	-79.987	-79.987	-79.987	-79.987	-79.987	-79.987	-79.987	-79.987	-79.9871	-79.9871	-79.9873
0.555	-79.9984	-79.9938	-79.991	-79.9893	-79.9883	-79.9878	-79.9874	-79.9872	-79.9871	-79.987	-79.987	-79.987	-79.9869	-79.9869	-79.9869	-79.9869	-79.9869	-79.9869	-79.9869	-79.9869	-79.9869	-79.9869	-79.9869	-79.9869	-79.9869	-79.9869	-79.9869	-79.9869	-79.9869	-79.9869	-79.9869	-79.987	-79.987	-79.987	-79.9871	-79.9872
0.56	-79.9984	-79.9938	-79.991	-79.9893	-79.9883	-79.9877	-79.9874	-79.9872	-79.9871	-79.987	-79.9869	-79.9869	-79.9869	-79.9869	-79.9869	-79.9869	-79.9869	-79.9869	-79.9869	-79.9869	-79.9869	-79.9869	-79.9869	-79.9869	-79.9869	-79.9869	-79.9869	-79.9869	-79.9869	-79.9869	-79.9869	-79.9869	-79.987	-79.987	-79.9871	-79.9872
0.565	-79.9984	-79.9938	-79.991	-79.9893	-79.9883	-79.9877	-79.9874	-79.9872	-79.987	-79.987	-79.9869	-79.9869	-79.9869	-79.9869	-79.9869	-79.9869	-79.9869	-79.9869	-79.9869	-79.9869	-79.9869	-79.9869	-79.9869	-79.9869	-79.9869	-79.9869	-79.9869	-79.9869	-79.9869	-79.9869	-79.9869	-79.9869	-79.9869	-79.987	-79.9871	-79.9872
0.57	-79.9984	-79.9938	-79.991	-79.9893	-79.9883	-79.9877	-79.9873	-79.9871	-79.987	-79.9869	-79.9869	-79.9869	-79.9869	-79.9868	-79.9868	-79.9868	-79.9868	-79.9868	-79.9868	-79.9868	-79.9868	-79.9868	-79.9868	-79.9868	-79.9868	-79.9868	-79.9868	-79.9868	-79.9868	-79.9869	-79.9869	-79.9869	-79.9869	-79.987	-79.987	-79.9872
0.575	-79.9984	-79.9938	-79.991	-79.9893	-79.9883	-79.9877	-79.9873	-79.9871	-79.987	-79.9869	-79.9869	-79.9868	-79.9868	-79.9868	-79.9868	-79.9868	-79.9868	-79.9868	-79.9868	-79.9868	-79.9868	-79.9868	-79.9868	-79.9868	-79.9868	-79.9868	-79.9868	-79.9868	-79.9868	-79.9868	-79.9868	-79.9869	-79.9869	-79.9869	-79.987	-79.9871
0.58	-79.9984	-79.9937	-79.9909	-79.9893	-79.9882	-79.9876	-79.9873	-79.9871	-79.987	-79.9869	-79.9868	-79.9868	-79.9868	-79.9868	-79.9868	-79.9868	-79.9868	-79.9868	-79.9868	-79.9868	-79.9868	-79.9868	-79.9868	-79.9868	-79.9868	-79.9868	-79.9868	-79.9868	-79.9868	-79.9868	-79.9868	-79.9868	-79.9869	-79.9869	-79.987	-79.9871
0.585	-79.9984	-79.9937	-79.9909	-79.9892	-79.9882	-79.9876	-79.9873	-79.9871	-79.9869	-79.9869	-79.9868	-79.9868	-79.9868	-79.9868	-79.9868	-79.9868	-79.9868	-79.9868	-79.9868	-79.9868	-79.9868	-79.9868	-79.9868	-79.9868	-79.9868	-79.9868	-79.9868	-79.9868	-79.9868	-79.9868	-79.9868	-79.9868	-79.9868	-79.9869	-79.9869	-79.9871
0.59	-79.9984	-79.9937	-79.9909	-79.9892	-79.9882	-79.9876	-79.9872	-79.987	-79.9869	-79.9868	-79.9868	-79.9868	-79.9867	-79.9867	-79.9867	-79.9867	-79.9867	-79.9867	-79.9867	-79.9867	-79.9867	-79.9867	-79.9867	-79.9867	-79.9867	-79.9867	-79.9867	-79.9867	-79.9867	-79.9867	-79.9868	-79.9868	-79.9868	-79.9868	-79.9869	-79.987
0.595	-79.9984	-79.9937	-79.9909	-79.9892	-79.9882	-79.9876	-79.9872	-79.987	-79.9869	-79.9868	-79.9868	-79.9867	-79.9867	-79.9867	-79.9867	-79.9867	-79.9867	-79.9867	-79.9867	-79.9867	-79.9867	-79.9867	-79.9867	-79.9867	-79.9867	-79.9867	-79.9867	-79.9867	-79.9867	-79.9867	-79.9867	-79.9867	-79.9868	-79.9868	-79.9869	-79.987
0.6	-79.9984	-79.9937	-79.9909	-79.9892	-79.9882	-79.9875	-79.9872	-79.987	-79.9869	-79.9868	-79.9867	-79.9867	-79.9867	-79.9867	-79.9867	-79.9867	-79.9867	-79.9867	-79.9867	-79.9867	-79.9867	-79.9867	-79.9867	-79.9867	-79.9867	-79.9867	-79.9867	-79.9867	-79.9867	-79.9867	-79.9867	-79.9867	-79.9867	-79.9868	-79.9869	-79.987
0.605	-79.9984	-79.9937	-79.9909	-79.9892	-79.9881	-79.9875	-79.9872	-79.987	-79.9868	-79.9868	-79.9867	-79.9867	-79.9867	-79.9867	-79.9867	-79.9867	-79.9867	-79.9867	-79.9866	-79.9866	-79.9866	-79.9866	-79.9866	-79.9866	-79.9867	-79.9867	-79.9867	-79.9867	-79.9867	-79.9867	-79.9867	-79.9867	-79.9867	-79.9868	-79.9868	-79.987
0.61	-79.9984	-79.9937	-79.9909	-79.9891	-79.9881	-79.9875	-79.9871	-79.9869	-79.9868	-79.9867	-79.9867	-79.9867	-79.9866	-79.9866	-79.9866	-79.9866	-79.9866	-79.9866	-79.9866	-79.9866	-79.9866	-79.9866	-79.9866	-79.9866	-79.9866	-79.9866	-79.9866	-79.9866	-79.9866	-79.9866	-79.9866	-79.9867	-79.9867	-79.9867	-79.9868	-79.9869
0.615	-79.9984	-79.9937	-79.9908	-79.9891	-79.9881	-79.9875	-79.9871	-79.9869	-79.9868	-79.9867	-79.9867	-79.9866	-79.9866	-79.9866	-79.9866	-79.9866	-79.9866	-79.9866	-79.9866	-79.9866	-79.9866	-79.9866	-79.9866	-79.9866	-79.9866	-79.9866	-79.9866	-79.9866	-79.9866	-79.9866	-79.9866	-79.9866	-79.9867	-79.9867	-79.9868	-79.9869
0.62	-79.9984	-79.9937	-79.9908	-79.9891	-79.9881	-79.9875	-79.9871	-79.9869	-79.9868	-79.9867	-79.9866	-79.9866	-79.9866	-79.9866	-79.9866	-79.9866	-79.9866	-79.9866	-79.9866	-79.9866	-79.9866	-79.9866	-79.9866	-79.9866	-79.9866	-79.9866	-79.9866	-79.9866	-79.9866	-79.9866	-79.9866	-79.9866	-79.9866	-79.9867	-79.9868	-79.9869
0.625	-79.9984	-79.9937	-79.9908	-79.9891	-79.9881	-79.9874	-79.9871	-79.9869	-79.9867	-79.9867	-79.9866	-79.9866	-79.9866	-79.9866	-79.9866	-79.9865	-79.9865	-79.9865	-79.9865	-79.9865	-79.9865	-79.9865	-79.9865	-79.9865	-79.9865	-79.9865	-79.9865	-79.9866	-79.9866	-79.9866	-79.9866	-79.9866	-79.9866	-79.9867	-79.9867	-79.9869
0.63	-79.9984	-79.9937	-79.9908	-79.9891	-79.988	-79.9874	-79.9871	-79.9868	-79.9867	-79.9866	-79.9866	-79.9866	-79.9865	-79.9865	-79.9865	-79.9865	-79.9865	-79.9865	-79.9865	-79.9865	-79.9865	-79.9865	-79.9865	-79.9865	-79.9865	-79.9865	-79.9865	-79.9865	-79.9865	-79.9865	-79.9865	-79.9866	-79.9866	-79.9866	-79.9867	-79.9868
0.635	-79.9984	-79.9937	-79.9908	-79.9891	-79.988	-79.9874	-79.987	-79.9868	-79.9867	-79.9866	-79.9866	-79.9865	-79.9865	-79.9865	-79.9865	-79.9865	-79.9865	-79.9865	-79.9865	-79.9865	-79.9865	-79.9865	-79.9865	-79.9865	-79.9865	-79.9865	-79.9865	-79.9865	-79.9865	-79.9865	-79.9865	-79.9865	-79.9866	-79.9866	-79.9867	-79.9868
0.64	-79.9984	-79.9937	-79.9908	-79.9891	-79.988	-79.9874	-79.987	-79.9868	-79.9867	-79.9866	-79.9865	-79.9865	-79.9865	-79.9865	-79.9865	-79.9865	-79.9865	-79.9865	-79.9865	-79.9865	-79.9865	-79.9865	-79.9865	-79.9865	-79.9865	-79.9865	-79.9865	-79.9865	-79.9865	-79.9865	-79.9865	-79.9865	-79.9865	-79.9866	-79.9867	-79.9868
0.645	-79.9984	-79.9937	-79.9908	-79.989	-79.988	-79.9874	-79.987	-79.9868	-79.9866	-79.9866	-79.9865	-79.9865	-79.9865	-79.9865	-79.9865	-79.9865	-79.9865	-79.9865	-79.9865	-79.9865	-79.9865	-79.9865	-79.9865	-79.9865	-79.9865	-79.9865	-79.9865	-79.9865	-79.9865	-79.9865	-79.9865	-79.9865	-79.9865	-79.9866	-79.9866	-79.9868
0.65	-79.9984	-79.9937	-79.9908	-79.989	-79.988	-79.9873	-79.987	-79.9867	-79.9866	-79.9865	-79.9865	-79.9865	-79.9864	-79.9864	-79.9864	-79.9864	-79.9864	-79.9864	-79.9864	-79.9864	-79.9864	-79.9864	-79.9864	-79.9864	-79.9864	-79.9864	-79.9864	-79.9864	-79.9864	-79.9864	-79.9865	-79.9865	-79.9865	-79.9865	-79.9866	-79.9867
0.655	-79.9984	-79.9936	-79.9908	-79.989	-79.9879	-79.9873	-79.9869	-79.9867	-79.9866	-79.9865	-79.9865	-79.9864	-79.9864	-79.9864	-79.9864	-79.9864	-79.9864	-79.9864	-79.9864	-79.9864	-79.9864	-79.9864	-79.9864	-79.9864	-79.9864	-79.9864	-79.9864	-79.9864	-79.9864	-79.9864	-79.9864	-79.9864	-79.9865	-79.9865	-79.9866	-79.9867
0.66	-79.9984	-79.9936	-79.9907	-79.989	-79.9879	-79.9873	-79.9869	-79.9867	-79.9866	-79.9865	-79.9864	-79.9864	-79.9864	-79.9864	-79.9864	-79.9864	-79.9864	-79.9864	-79.9864	-79.9864	-79.9864	-79.9864	-79.9864	-79.9864	-79.9864	-79.9864	-79.9864	-79.9864	-79.9864	-79.9864	-79.9864	-79.9864	-79.9864	-79.9865	-79.9866	-79.9867
0.665	-79.9984	-79.9936	-79.9907	-79.989	-79.9879	-79.9873	-79.9869	-79.9867	-79.9865	-79.9865	-79.9864	-79.9864	-79.9864	-79.9864	-79.9864	-79.9864	-79.9864	-79.9864	-79.9864	-79.9864	-79.9864	-79.9864	-79.9864	-79.9864	-79.9864	-79.9864	-79.9864	-79.9864	-79.9864	-79.9864	-79.9864	-79.9864	-79.9864	-79.9865	-79.9865	-79.9867
0.67	-79.9984	-79.9936	-79.9907	-79.989	-79.9879	-79.9873	-79.9869	-79.9866	-79.9865	-79.9864	-79.9864	-79.9864	-79.9863	-79.9863	-79.9863	-79.9863	-79.9863	-79.9863	-79.9863	-79.9863	-79.9863	-79.9863	-79.9863	-79.9863	-79.9863	-79.9863	-79.9863	-79.9863	-79.9863	-79.9863	-79.9864	-79.9864	-79.9864	-79.9864	-79.9865	-79.9867
0.675	-79.9984	-79.9936	-79.9907	-79.9889	-79.9879	-79.9872	-79.9869	-79.9866	-79.9865	-79.9864	-79.9864	-79.9863	-79.9863	-79.9863	-79.9863	-79.9863	-79.9863	-79.9863	-79.9863	-79.9863	-79.9863	-79.9863	-79.9863	-79.9863	-79.9863	-79.9863	-79.9863	-79.9863	-79.9863	-79.9863	-79.9863	-79.9863	-79.9864	-79.9864	-79.9865	-79.9866
0.68	-79.9984	-79.9936	-79.9907	-79.9889	-79.9879	-79.9872	-79.9868	-79.9866	-79.9865	-79.9864	-79.9863	-79.9863	-79.9863	-79.9863	-79.9863	-79.9863	-79.9863	-79.9863	-79.9863	-79.9863	-79.9863	-79.9863	-79.9863	-79.9863	-79.9863	-79.9863	-79.9863	-79.9863	-79.9863	-79.9863	-79.9863	-79.9863	-79.9864	-79.9864	-79.9865	-79.9866
0.685	-79.9984	-79.9936	-79.9907	-79.9889	-79.9878	-79.9872	-79.9868	-79.9866	-79.9864	-79.9864	-79.9863	-79.9863	-79.9863	-79.9863	-79.9863	-79.9863	-79.9863	-79.9863	-79.9863	-79.9863	-79.9863	-79.9863	-79.9863	-79.9863	-79.9863	-79.9863	-79.9863	-79.9863	-79.9863	-79.9863	-79.9863	-79.9863	-79.9863	-79.9864	-79.9865	-79.9866
0.69	-79.9984	-79.9936	-79.9907	-79.9889	-79.9878	-79.9872	-79.9868	-79.9866	-79.9864	-79.9863	-79.9863	-79.9863	-79.9863	-79.9862	-79.9862	-79.9862	-79.9862	-79.9862	-79.9862	-79.9862	-79.9862	-79.9862	-79.9862	-79.9862	-79.9862	-79.9862	-79.9862	-79.9862	-79.9862	-79.9862	-79.9863	-79.9863	-79.9863	-79.9864	-79.9864	-79.9866
0.695	-79.9984	-79.9936	-79.9907	-79.9889	-79.9878	-79.9872	-79.9868	-79.9865	-79.9864	-79.9863	-79.9863	-79.9862	-79.9862	-79.9862	-79.9862	-79.9862	-79.9862	-79.9862	-79.9862	-79.9862	-79.9862	-79.9862	-79.9862	-79.9862	-79.9862	-79.9862	-79.9862	-79.9862	-79.9862	-79.9862	-79.9862	-79.9863	-79.9863	-79.9863	-79.9864	-79.9865
0.7	-79.9984	-79.9936	-79.9907	-79.9889	-79.9878	-79.9871	-79.9867	-79.9865	-79.9864	-79.9863	-79.9863	-79.9862	-79.9862	-79.9862	-79.9862	-79.9862	-79.9862	-79.9862	-79.9862	-79.9862	-79.9862	-79.9862	-79.9862	-79.9862	-79.9862	-79.9862	-79.9862	-79.9862	-79.9862	-79.9862	-79.9862	-79.9862	-79.9863	-79.9863	-79.9864	-79.9865
0.705	-79.9984	-79.9936	-79.9906	-79.9889	-79.9878	-79.9871	-79.9867	-79.9865	-79.9864	-79.9863	-79.9862	-79.9862	-79.9862	-79.9862	-79.9862	-79.9862	-79.9862	-79.9862	-79.9862	-79.9862	-79.9862	-79.9862	-79.9862	-79.9862	-79.9862	-79.9862	-79.9862	-79.9862	-79.9862	-79.9862	-79.9862	-79.9862	-79.9862	-79.9863	-79.9864	-79.9865
0.71	-79.9984	-79.9936	-79.9906	-79.9888	-79.9878	-79.9871	-79.9867	-79.9865	-79.9863	-79.9863	-79.9862	-79.9862	-79.9862	-79.9861	-79.9861	-79.9861	-79.9861	-79.9861	-79.9861	-79.9861	-79.9861	-79.9861	-79.9861	-79.9861	-79.9861	-79.9861	-79.9861	-79.9861	-79.9861	-79.9862	-79.9862	-79.9862	-79.9862	-79.9863	-79.9863	-79.9865
0.715	-79.9984	-79.9936	-79.9906	-79.9888	-79.9877	-79.9871	-79.9867	-79.9865	-79.9863	-79.9862	-79.9862	-79.9862	-79.9861	-79.9861	-79.9861	-79.9861	-79.9861	-79.9861	-79.9861	-79.9861	-79.9861	-79.9861	-79.9861	-79.9861	-79.9861	-79.9861	-79.9861	-79.9861	-79.9861	-79.9861	-79.9861	-79.9862	-79.9862	-79.9862	-79.9863	-79.9865
0.72	-79.9984	-79.9936	-79.9906	-79.9888	-79.9877	-79.9871	-79.9867	-79.9864	-79.9863	-79.9862	-79.9862	-79.9861	-79.9861	-79.9861	-79.9861	-79.9861	-79.9861	-79.9861	-79.9861	-79.9861	-79.9861	-79.9861	-79.9861	-79.9861	-79.9861	-79.9861	-79.9861	-79.9861	-79.9861	-79.9861	-79.9861	-79.9861	-79.9862	-79.9862	-79.9863	-79.9864
0.725	-79.9984	-79.9936	-79.9906	-79.9888	-79.9877	-79.987	-79.9866	-79.9864	-79.9863	-79.9862	-79.9861	-79.9861	-79.9861	-79.9861	-79.9861	-79.9861	-79.9861	-79.9861	-79.9861	-79.9861	-79.9861	-79.9861	-79.9861	-79.9861	-79.9861	-79.9861	-79.9861	-79.9861	-79.9861	-79.9861	-79.9861	-79.9861	-79.9861	-79.9862	-79.9863	-79.9864
0.73	-79.9984	-79.9936	-79.9906	-79.9888	-79.9877	-79.987	-79.9866	-79.9864	-79.9862	-79.9862	-79.9861	-79.9861	-79.9861	-79.9861	-79.9861	-79.986	-79.986	-79.986	-79.986	-79.986	-79.986	-79.986	-79.986	-79.986	-79.986	-79.986	-79.986	-79.986	-79.9861	-79.9861	-79.9861	-79.9861	-79.9861	-79.9862	-79.9863	-79.9864
0.735	-79.9984	-79.9935	-79.9906	-79.9888	-79.9877	-79.987	-79.9866	-79.9864	-79.9862	-79.9861	-79.9861	-79.9861	-79.986	-79.986	-79.986	-79.986	-79.986	-79.986	-79.986	-79.986	-79.986	-79.986	-79.986	-79.986	-79.986	-79.986	-79.986	-79.986	-79.986	-79.986	-79.986	-79.9861	-79.9861	-79.9861	-79.9862	-79.9864
0.74	-79.9984	-79.9935	-79.9906	-79.9887	-79.9876	-79.987	-79.9866	-79.9863	-79.9862	-79.9861	-79.9861	-79.986	-79.986	-79.986	-79.986	-79.986	-79.986	-79.986	-79.986	-79.986	-79.986	-79.986	-79.986	-79.986	-79.986	-79.986	-79.986	-79.986	-79.986	-79.986	-79.986	-79.986	-79.9861	-79.9861	-79.9862	-79.9863
0.745	-79.9984	-79.9935	-79.9906	-79.9887	-79.9876	-79.987	-79.9866	-79.9863	-79.9862	-79.9861	-79.986	-79.986	-79.986	-79.986	-79.986	-79.986	-79.986	-79.986	-79.986	-79.986	-79.986	-79.986	-79.986	-79.986	-79.986	-79.986	-79.986	-79.986	-79.986	-79.986	-79.986	-79.986	-79.9861	-79.9861	-79.9862	-79.9863
0.75	-79.9984	-79.9935	-79.9905	-79.9887	-79.9876	-79.9869	-79.9865	-79.9863	-79.9862	-79.9861	-79.986	-79.986	-79.986	-79.986	-79.986	-79.986	-79.986	-79.986	-79.986	-79.986	-79.986	-79.986	-79.986	-79.986	-79.986	-79.986	-79.986	-79.986	-79.986	-79.986	-79.986	-79.986	-79.986	-79.9861	-79.9862	-79.9863
0.755	-79.9984	-79.9935	-79.9905	-79.9887	-79.9876	-79.9869	-79.9865	-79.9863	-79.9861	-79.9861	-79.986	-79.986	-79.986	-79.9859	-79.9859	-79.9859	-79.9859	-79.9859	-79.9859	-79.9859	-79.9859	-79.9859	-79.9859	-79.9859	-79.9859	-79.9859	-79.9859	-79.9859	-79.9859	-79.9859	-79.986	-79.986	-79.986	-79.9861	-79.9861	-79.9863
0.76	-79.9984	-79.9935	-79.9905	-79.9887	-79.9876	-79.9869	-79.9865	-79.9863	-79.9861	-79.986	-79.986	-79.9859	-79.9859	-79.9859	-79.9859	-79.9859	-79.9859	-79.9859	-79.9859	-79.9859	-79.9859	-79.9859	-79.9859	-79.9859	-79.9859	-79.9859	-79.9859	-79.9859	-79.9859	-79.9859	-79.9859	-79.986	-79.986	-79.986	-79.9861	-79.9863
0.765	-79.9984	-79.9935	-79.9905	-79.9887	-79.9876	-79.9869	-79.9865	-79.9862	-79.9861	-79.986	-79.986	-79.9859	-79.9859	-79.9859	-79.9859	-79.9859	-79.9859	-79.9859	-79.9859	-79.9859	-79.9859	-79.9859	-79.9859	-79.9859	-79.9859	-79.9859	-79.9859	-79.9859	-79.9859	-79.9859	-79.9859	-79.9859	-79.986	-79.986	-79.9861	-79.9862
0.77	-79.9984	-79.9935	-79.9905	-79.9887	-79.9875	-79.9869	-79.9865	-79.9862	-79.9861	-79.986	-79.9859	-79.9859	-79.9859	-79.9859	-79.9859	-79.9859	-79.9859	-79.9859	-79.9859	-79.9859	-79.9859	-79.9859	-79.9859	-79.9859	-79.9859	-79.9859	-79.9859	-79.9859	-79.9859	-79.9859	-79.9859	-79.9859	-79.9859	-79.986	-79.9861	-79.9862
0.775	-79.9984	-79.9935	-79.9905	-79.9887	-79.9875	-79.9869	-79.9864	-79.9862	-79.9861	-79.986	-79.9859	-79.9859	-79.9859	-79.9859	-79.9858	-79.9858	-79.9858	-79.9858	-79.9858	-79.9858	-79.9858	-79.9858	-79.9858	-79.9858	-79.9858	-79.9858	-79.9858	-79.9858	-79.9858	-79.9859	-79.9859	-79.9859	-79.9859	-79.986	-79.9861	-79.9862
0.78	-79.9984	-79.9935	-79.9905	-79.9886	-79.9875	-79.9868	-79.9864	-79.9862	-79.986	-79.9859	-79.9859	-79.9859	-79.9858	-79.9858	-79.9858	-79.9858	-79.9858	-79.9858	-79.9858	-79.9858	-79.9858	-79.9858	-79.9858	-79.9858	-79.9858	-79.9858	-79.9858	-79.9858	-79.9858	-79.9858	-79.9858	-79.9859	-79.9859	-79.9859	-79.986	-79.9862
0.785	-79.9984	-79.9935	-79.9905	-79.9886	-79.9875	-79.9868	-79.9864	-79.9862	-79.986	-79.9859	-79.9859	-79.9858	-79.9858	-79.9858	-79.9858	-79.9858	-79.9858	-79.9858	-79.9858	-79.9858	-79.9858	-79.9858	-79.9858	-79.9858	-79.9858	-79.9858	-79.9858	-79.9858	-79.9858	-79.9858	-79.9858	-79.9858	-79.9859	-79.9859	-79.986	-79.9861
0.79	-79.9984	-79.9935	-79.9905	-79.9886	-79.9875	-79.9868	-79.9864	-79.9861	-79.986	-79.9859	-79.9858	-79.9858	-79.9858	-79.9858	-79.9858	-79.9858	-79.9858	-79.9858	-79.9858	-79.9858	-79.9858	-79.9858	-79.9858	-79.9858	-79.9858	-79.9858	-79.9858	-79.9858	-79.9858	-79.9858	-79.9858	-79.9858	-79.9859	-79.9859	-79.986	-79.9861
0.795	-79.9984	-79.9935	-79.9904	-79.9886	-79.9875	-79.9868	-79.9864	-79.9861	-79.986	-79.9859	-79.9858	-79.9858	-79.9858	-79.9858	-79.9858	-79.9858	-79.9858	-79.9858	-79.9858	-79.9858	-79.9858	-79.9858	-79.9858	-79.9858	-79.9858	-79.9858	-79.9858	-79.9858	-79.9858	-79.9858	-79.9858	-79.9858	-79.9858	-79.9859	-79.986	-79.9861
0.8	-79.9984	-79.9935	-79.9904	-79.9886	-79.9874	-79.9868	-79.9864	-79.9861	-79.9859	-79.9859	-79.9858	-79.9858	-79.9858	-79.9857	-79.9857	-79.9857	-79.9857	-79.9857	-79.9857	-79.9857	-79.9857	-79.9857	-79.9857	-79.9857	-79.9857	-79.9857	-79.9857	-79.9857	-79.9857	-79.9857	-79.9858	-79.9858	-79.9858	-79.9859	-79.9859	-79.9861
0.805	-79.9984	-79.9935	-79.9904	-79.9886	-79.9874	-79.9867	-79.9863	-79.9861	-79.9859	-79.9858	-79.9858	-79.9858	-79.9857	-79.9857	-79.9857	-79.9857	-79.9857	-79.9857	-79.9857	-79.9857	-79.9857	-79.9857	-79.9857	-79.9857	-79.9857	-79.9857	-79.9857	-79.9857	-79.9857	-79.9857	-79.9857	-79.9858	-79.9858	-79.9858	-79.9859	-79.9861
0.81	-79.9984	-79.9935	-79.9904	-79.9886	-79.9874	-79.9867	-79.9863	-79.9861	-79.9859	-79.9858	-79.9858	-79.9857	-79.9857	-79.9857	-79.9857	-79.9857	-79.9857	-79.9857	-79.9857	-79.9857	-79.9857	-79.9857	-79.9857	-79.9857	-79.9857	-79.9857	-79.9857	-79.9857	-79.9857	-79.9857	-79.9857	-79.9857	-79.9858	-79.9858	-79.9859	-79.986
0.815	-79.9984	-79.9935	-79.9904	-79.9885	-79.9874	-79.9867	-79.9863	-79.986	-79.9859	-79.9858	-79.9857	-79.9857	-79.9857	-79.9857	-79.9857	-79.9857	-79.9857	-79.9857	-79.9857	-79.9857	-79.9857	-79.9857	-79.9857	-79.9857	-79.9857	-79.9857	-79.9857	-79.9857	-79.9857	-79.9857	-79.9857	-79.9857	-79.9857	-79.9858	-79.9859	-79.986
0.82	-79.9984	-79.9935	-79.9904	-79.9885	-79.9874	-79.9867	-79.9863	-79.986	-79.9859	-79.9858	-79.9857	-79.9857	-79.9857	-79.9857	-79.9857	-79.9856	-79.9856	-79.9856	-79.9856	-79.9856	-79.9856	-79.9856	-79.9856	-79.9856	-79.9856	-79.9856	-79.9856	-79.9856	-79.9857	-79.9857	-79.9857	-79.9857	-79.9857	-79.9858	-79.9859	-79.986
0.825	-79.9984	-79.9934	-79.9904	-79.9885	-79.9874	-79.9867	-79.9863	-79.986	-79.9858	-79.9858	-79.9857	-79.9857	-79.9856	-79.9856	-79.9856	-79.9856	-79.9856	-79.9856	-79.9856	-79.9856	-79.9856	-79.9856	-79.9856	-79.9856	-79.9856	-79.9856	-79.9856	-79.9856	-79.9856	-79.9856	-79.9857	-79.9857	-79.9857	-79.9858	-79.9858	-79.986
0.83	-79.9984	-79.9934	-79.9904	-79.9885	-79.9874	-79.9867	-79.9862	-79.986	-79.9858	-79.9857	-79.9857	-79.9856	-79.9856	-79.9856	-79.9856	-79.9856	-79.9856	-79.9856	-79.9856	-79.9856	-79.9856	-79.9856	-79.9856	-79.9856	-79.9856	-79.9856	-79.9856	-79.9856	-79.9856	-79.9856	-79.9856	-79.9857	-79.9857	-79.9857	-79.9858	-79.986
0.835	-79.9984	-79.9934	-79.9904	-79.9885	-79.9873	-79.9866	-79.9862	-79.986	-79.9858	-79.9857	-79.9857	-79.9856	-79.9856	-79.9856	-79.9856	-79.9856	-79.9856	-79.9856	-79.9856	-79.9856	-79.9856	-79.9856	-79.9856	-79.9856	-79.9856	-79.9856	-79.9856	-79.9856	-79.9856	-79.9856	-79.9856	-79.9856	-79.9857	-79.9857	-79.9858	-79.9859
0.84	-79.9984	-79.9934	-79.9904	-79.9885	-79.9873	-79.9866	-79.9862	-79.9859	-79.9858	-79.9857	-79.9856	-79.9856	-79.9856	-79.9856	-79.9856	-79.9856	-79.9856	-79.9856	-79.9856	-79.9856	-79.9856	-79.9856	-79.9856	-79.9856	-79.9856	-79.9856	-79.9856	-79.9856	-79.9856	-79.9856	-79.9856	-79.9856	-79.9856	-79.9857	-79.9858	-79.9859
0.845	-79.9984	-79.9934	-79.9904	-79.9885	-79.9873	-79.9866	-79.9862	-79.9859	-79.9858	-79.9857	-79.9856	-79.9856	-79.9856	-79.9856	-79.9855	-79.9855	-79.9855	-79.9855	-79.9855	-79.9855	-79.9855	-79.9855	-79.9855	-79.9855	-79.9855	-79.9855	-79.9855	-79.9855	-79.9855	-79.9856	-79.9856	-79.9856	-79.9856	-79.9857	-79.9858	-79.9859
0.85	-79.9984	-79.9934	-79.9903	-79.9885	-79.9873	-79.9866	-79.9862	-79.9859	-79.9857	-79.9857	-79.9856	-79.9856	-79.9855	-79.9855	-79.9855	-79.9855	-79.9855	-79.9855	-79.9855	-79.9855	-79.9855	-79.9855	-79.9855	-79.9855	-79.9855	-79.9855	-79.9855	-79.9855	-79.9855	-79.9855	-79.9855	-79.9856	-79.9856	-79.9857	-79.9857	-79.9859
0.855	-79.9984	-79.9934	-79.9903	-79.9884	-79.9873	-79.9866	-79.9861	-79.9859	-79.9857	-79.9856	-79.9856	-79.9855	-79.9855	-79.9855	-79.9855	-79.9855	-79.9855	-79.9855	-79.9855	-79.9855	-79.9855	-79.9855	-79.9855	-79.9855	-79.9855	-79.9855	-79.9855	-79.9855	-79.9855	-79.9855	-79.9855	-79.9855	-79.9856	-79.9856	-79.9857	-79.9859
0.86	-79.9984	-79.9934	-79.9903	-79.9884	-79.9873	-79.9866	-79.9861	-79.9859	-79.9857	-79.9856	-79.9856	-79.9855	-79.9855	-79.9855	-79.9855	-79.9855	-79.9855	-79.9855	-79.9855	-79.9855	-79.9855	-79.9855	-79.9855	-79.9855	-79.9855	-79.9855	-79.9855	-79.9855	-79.9855	-79.9855	-79.9855	-79.9855	-79.9856	-79.9856	-79.9857	-79.9858
0.865	-79.9984	-79.9934	-79.9903	-79.9884	-79.9873	-79.9865	-79.9861	-79.9858	-79.9857	-79.9856	-79.9855	-79.9855	-79.9855	-79.9855	-79.9855	-79.9855	-79.9855	-79.9855	-79.9855	-79.9855	-79.9855	-79.9855	-79.9855	-79.9855	-79.9855	-79.9855	-79.9855	-79.9855	-79.9855	-79.9855	-79.9855	-79.9855	-79.9855	-79.9856	-79.9857	-79.9858
0.87	-79.9984	-79.9934	-79.9903	-79.9884	-79.9872	-79.9865	-79.9861	-79.9858	-79.9857	-79.9856	-79.9855	-79.9855	-79.9855	-79.9855	-79.9855	-79.9854	-79.9854	-79.9854	-79.9854	-79.9854	-79.9854	-79.9854	-79.9854	-79.9854	-79.9854	-79.9854	-79.9854	-79.9854	-79.9855	-79.9855	-79.9855	-79.9855	-79.9855	-79.9856	-79.9857	-79.9858
0.875	-79.9984	-79.9934	-79.9903	-79.9884	-79.9872	-79.9865	-79.9861	-79.9858	-79.9857	-79.9856	-79.9855	-79.9855	-79.9855	-79.9854	-79.9854	-79.9854	-79.9854	-79.9854	-79.9854	-79.9854	-79.9854	-79.9854	-79.9854	-79.9854	-79.9854	-79.9854	-79.9854	-79.9854	-79.9854	-79.9854	-79.9855	-79.9855	-79.9855	-79.9856	-79.9856	-79.9858
0.88	-79.9984	-79.9934	-79.9903	-79.9884	-79.9872	-79.9865	-79.9861	-79.9858	-79.9856	-79.9855	-79.9855	-79.9855	-79.9854	-79.9854	-79.9854	-79.9854	-79.9854	-79.9854	-79.9854	-79.9854	-79.9854	-79.9854	-79.9854	-79.9854	-79.9854	-79.9854	-79.9854	-79.9854	-79.9854	-79.9854	-79.9854	-79.9855	-79.9855	-79.9855	-79.9856	-79.9858
0.885	-79.9984	-79.9934	-79.9903	-79.9884	-79.9872	-79.9865	-79.986	-79.9858	-79.9856	-79.9855	-79.9855	-79.9854	-79.9854	-79.9854	-79.9854	-79.9854	-79.9854	-79.9854	-79.9854	-79.9854	-79.9854	-79.9854	-79.9854	-79.9854	-79.9854	-79.9854	-79.9854	-79.9854	-79.9854	-79.9854	-79.9854	-79.9854	-79.9855	-79.9855	-79.9856	-79.9857
0.89	-79.9984	-79.9934	-79.9903	-79.9883	-79.9872	-79.9865	-79.986	-79.9858	-79.9856	-79.9855	-79.9854	-79.9854	-79.9854	-79.9854	-79.9854	-79.9854	-79.9854	-79.9854	-79.9854	-79.9854	-79.9854	-79.9854	-79.9854	-79.9854	-79.9854	-79.9854	-79.9854	-79.9854	-79.9854	-79.9854	-79.9854	-79.9854	-79.9854	-79.9855	-79.9856	-79.9857
0.895	-79.9984	-79.9934	-79.9903	-79.9883	-79.9872	-79.9864	-79.986	-79.9857	-79.9856	-79.9855	-79.9854	-79.9854	-79.9854	-79.9854	-79.9854	-79.9853	-79.9853	-79.9853	-79.9853	-79.9853	-79.9853	-79.9853	-79.9853	-79.9853	-79.9853	-79.9853	-79.9853	-79.9853	-79.9854	-79.9854	-79.9854	-79.9854	-79.9854	-79.9855	-79.9856	-79.9857
0.9	-79.9984	-79.9934	-79.9902	-79.9883	-79.9871	-79.9864	-79.986	-79.9857	-79.9856	-79.9855	-79.9854	-79.9854	-79.9854	-79.9853	-79.9853	-79.9853	-79.9853	-79.9853	-79.9853	-79.9853	-79.9853	-79.9853	-79.9853	-79.9853	-79.9853	-79.9853	-79.9853	-79.9853	-79.9853	-79.9853	-79.9854	-79.9854	-79.9854	-79.9855	-79.9855	-79.9857
0.905	-79.9984	-79.9934	-79.9902	-79.9883	-79.9871	-79.9864	-79.986	-79.9857	-79.9855	-79.9854	-79.9854	-79.9854	-79.9853	-79.9853	-79.9853	-79.9853	-79.9853	-79.9853	-79.9853	-79.9853	-79.9853	-79.9853	-79.9853	-79.9853	-79.9853	-79.9853	-79.9853	-79.9853	-79.9853	-79.9853	-79.9853	-79.9854	-79.9854	-79.9854	-79.9855	-79.9857
0.91	-79.9984	-79.9934	-79.9902	-79.9883	-79.9871	-79.9864	-79.986	-79.9857	-79.9855	-79.9854	-79.9854	-79.9853	-79.9853	-79.9853	-79.9853	-79.9853	-79.9853	-79.9853	-79.9853	-79.9853	-79.9853	-79.9853	-79.9853	-79.9853	-79.9853	-79.9853	-79.9853	-79.9853	-79.9853	-79.9853	-79.9853	-79.9853	-79.9854	-79.9854	-79.9855	-79.9856
0.915	-79.9984	-79.9934	-79.9902	-79.9883	-79.9871	-79.9864	-79.9859	-79.9857	-79.9855	-79.9854	-79.9853	-79.9853	-79.9853	-79.9853	-79.9853	-79.9853	-79.9853	-79.9853	-79.9853	-79.9853	-79.9853	-79.9853	-79.9853	-79.9853	-79.9853	-79.9853	-79.9853	-79.9853	-79.9853	-79.9853	-79.9853	-79.9853	-79.9853	-79.9854	-79.9855	-79.9856
0.92	-79.9984	-79.9933	-79.9902	-79.9883	-79.9871	-79.9864	-79.9859	-79.9856	-79.9855	-79.9854	-79.9853	-79.9853	-79.9853	-79.9853	-79.9853	-79.9852	-79.9852	-79.9852	-79.9852	-79.9852	-79.9852	-79.9852	-79.9852	-79.9852	-79.9852	-79.9852	-79.9852	-79.9852	-79.9853	-79.9853	-79.9853	-79.9853	-79.9853	-79.9854	-79.9855	-79.9856
0.925	-79.9984	-79.9933	-79.9902	-79.9883	-79.9871	-79.9863	-79.9859	-79.9856	-79.9855	-79.9854	-79.9853	-79.9853	-79.9853	-79.9852	-79.9852	-79.9852	-79.9852	-79.9852	-79.9852	-79.9852	-79.9852	-79.9852	-79.9852	-79.9852	-79.9852	-79.9852	-79.9852	-79.9852	-79.9852	-79.9852	-79.9853	-79.9853	-79.9853	-79.9854	-79.9855	-79.9856
0.93	-79.9984	-79.9933	-79.9902	-79.9883	-79.9871	-79.9863	-79.9859	-79.9856	-79.9855	-79.9854	-79.9853	-79.9853	-79.9852	-79.9852	-79.9852	-79.9852	-79.9852	-79.9852	-79.9852	-79.9852	-79.9852	-79.9852	-79.9852	-79.9852	-79.9852	-79.9852	-79.9852	-79.9852	-79.9852	-79.9852	-79.9852	-79.9853	-79.9853	-79.9853	-79.9854	-79.9856
0.935	-79.9984	-79.9933	-79.9902	-79.9882	-79.987	-79.9863	-79.9859	-79.9856	-79.9854	-79.9853	-79.9853	-79.9852	-79.9852	-79.9852	-79.9852	-79.9852	-79.9852	-79.9852	-79.9852	-79.9852	-79.9852	-79.9852	-79.9852	-79.9852	-79.9852	-79.9852	-79.9852	-79.9852	-79.9852	-79.9852	-79.9852	-79.9852	-79.9853	-79.9853	-79.9854	-79.9855
0.94	-79.9984	-79.9933	-79.9902	-79.9882	-79.987	-79.9863	-79.9858	-79.9856	-79.9854	-79.9853	-79.9853	-79.9852	-79.9852	-79.9852	-79.9852	-79.9852	-79.9852	-79.9852	-79.9852	-79.9852	-79.9852	-79.9852	-79.9852	-79.9852	-79.9852	-79.9852	-79.9852	-79.9852	-79.9852	-79.9852	-79.9852	-79.9852	-79.9852	-79.9853	-79.9854	-79.9855
0.945	-79.9984	-79.9933	-79.9902	-79.9882	-79.987	-79.9863	-79.9858	-79.9856	-79.9854	-79.9853	-79.9852	-79.9852	-79.9852	-79.9852	-79.9852	-79.9852	-79.9851	-79.9851	-79.9851	-79.9851	-79.9851	-79.9851	-79.9851	-79.9851	-79.9851	-79.9851	-79.9851	-79.9852	-79.9852	-79.9852	-79.9852	-79.9852	-79.9852	-79.9853	-79.9854	-79.9855
0.95	-79.9984	-79.9933	-79.9902	-79.9882	-79.987	-79.9863	-79.9858	-79.9855	-79.9854	-79.9853	-79.9852	-79.9852	-79.9852	-79.9851	-79.9851	-79.9851	-79.9851	-79.9851	-79.9851	-79.9851	-79.9851	-79.9851	-79.9851	-79.9851	-79.9851	-79.9851	-79.9851	-79.9851	-79.9851	-79.9851	-79.9852	-79.9852	-79.9852	-79.9853	-79.9854	-79.9855
0.955	-79.9984	-79.9933	-79.9902	-79.9882	-79.987	-79.9863	-79.9858	-79.9855	-79.9854	-79.9853	-79.9852	-79.9852	-79.9851	-79.9851	-79.9851	-79.9851	-79.9851	-79.9851	-79.9851	-79.9851	-79.9851	-79.9851	-79.9851	-79.9851	-79.9851	-79.9851	-79.9851	-79.9851	-79.9851	-79.9851	-79.9851	-79.9852	-79.9852	-79.9852	-79.9853	-79.9855
0.96	-79.9984	-79.9933	-79.9901	-79.9882	-79.987	-79.9862	-79.9858	-79.9855	-79.9853	-79.9852	-79.9852	-79.9851	-79.9851	-79.9851	-79.9851	-79.9851	-79.9851	-79.9851	-79.9851	-79.9851	-79.9851	-79.9851	-79.9851	-79.9851	-79.9851	-79.9851	-79.9851	-79.9851	-79.9851	-79.9851	-79.9851	-79.9851	-79.9852	-79.9852	-79.9853	-79.9855
0.965	-79.9984	-79.9933	-79.9901	-79.9882	-79.987	-79.9862	-79.9858	-79.9855	-79.9853	-79.9852	-79.9852	-79.9851	-79.9851	-79.9851	-79.9851	-79.9851	-79.9851	-79.9851	-79.9851	-79.9851	-79.9851	-79.9851	-79.9851	-79.9851	-79.9851	-79.9851	-79.9851	-79.9851	-79.9851	-79.9851	-79.9851	-79.9851	-79.9852	-79.9852	-79.9853	-79.9854
0.97	-79.9984	-79.9933	-79.9901	-79.9882	-79.9869	-79.9862	-79.9857	-79.9855	-79.9853	-79.9852	-79.9851	-79.9851	-79.9851	-79.9851	-79.9851	-79.9851	-79.9851	-79.9851	-79.985	-79.985	-79.985	-79.985	-79.985	-79.985	-79.985	-79.9851	-79.9851	-79.9851	-79.9851	-79.9851	-79.9851	-79.9851	-79.9851	-79.9852	-79.9853	-79.9854
0.975	-79.9984	-79.9933	-79.9901	-79.9882	-79.9869	-79.9862	-79.9857	-79.9855	-79.9853	-79.9852	-79.9851	-79.9851	-79.9851	-79.985	-79.985	-79.985	-79.985	-79.985	-79.985	-79.985	-79.985	-79.985	-79.985	-79.985	-79.985	-79.985	-79.985	-79.985	-79.985	-79.985	-79.9851	-79.9851	-79.9851	-79.9852	-79.9853	-79.9854
0.98	-79.9984	-79.9933	-79.9901	-79.9881	-79.9869	-79.9862	-79.9857	-79.9854	-79.9853	-79.9852	-79.9851	-79.9851	-79.985	-79.985	-79.985	-79.985	-79.985	-79.985	-79.985	-79.985	-79.985	-79.985	-79.985	-79.985	-79.985	-79.985	-79.985	-79.985	-79.985	-79.985	-79.985	-79.9851	-79.9851	-79.9852	-79.9852	-79.9854
0.985	-79.9984	-79.9933	-79.9901	-79.9881	-79.9869	-79.9862	-79.9857	-79.9854	-79.9853	-79.9851	-79.9851	-79.985	-79.985	-79.985	-79.985	-79.985	-79.985	-79.985	-79.985	-79.985	-79.985	-79.985	-79.985	-79.985	-79.985	-79.985	-79.985	-79.985	-79.985	-79.985	-79.985	-79.985	-79.9851	-79.9851	-79.9852	-79.9854
0.99	-79.9984	-79.9933	-79.9901	-79.9881	-79.9869	-79.9861	-79.9857	-79.9854	-79.9852	-79.9851	-79.9851	-79.985	-79.985	-79.985	-79.985	-79.985	-79.985	-79.985	-79.985	-79.985	-79.985	-79.985	-79.985	-79.985	-79.985	-79.985	-79.985	-79.985	-79.985	-79.985	-79.985	-79.985	-79.9851	-79.9851	-79.9852	-79.9854
0.995	-79.9984	-79.9933	-79.9901	-79.9881	-79.9869	-79.9861	-79.9857	-79.9854	-79.9852	-79.9851	-79.985	-79.985	-79.985	-79.985	-79.985	-79.985	-79.985	-79.985	-79.985	-79.985	-79.985	-79.985	-79.985	-79.985	-79.985	-79.985	-79.985	-79.985	-79.985	-79.985	-79.985	-79.985	-79.985	-79.9851	-79.9852	-79.9853
1	-79.9984	-79.9933	-79.9901	-79.9881	-79.9869	-79.9861	-79.9856	-79.9854	-79.9852	-79.9851	-79.985	-79.985	-79.985	-79.985	-79.9849	-79.9849	-79.9849	-79.9849	-79.9849	-79.9849	-79.9849	-79.9849	-79.9849	-79.9849	-79.9849	-79.9849	-79.9849	-79.9849	-79.9849	-79.985	-79.985	-79.985	-79.985	-79.9851	-79.9852	-79.9853
1.005	-13.333	-64.4601	-76.3708	-79.1448	-79.7904	-79.9403	-79.975	-79.9829	-79.9846	-79.9849	-79.985	-79.985	-79.9849	-79.9849	-79.9849	-79.9849	-79.9849	-79.9849	-79.9849	-79.9849	-79.9849	-79.9849	-79.9849	-79.9849	-79.9849	-79.9849	-79.9849	-79.9849	-79.9849	-79.9849	-79.9849	-79.985	-79.985	-79.9851	-79.9852	-79.9853
1.01	-2.22219	-54.0161	-72.1105	-77.7265	-79.3607	-79.8171	-79.9409	-79.9736	-79.9821	-79.9843	-79.9848	-79.9849	-79.9849	-79.9849	-79.9849	-79.9849	-79.9849	-79.9849	-79.9849	-79.9849	-79.9849	-79.9849	-79.9849	-79.9849	-79.9849	-79.9849	-79.9849	-79.9849	-79.9849	-79.9849	-79.9849	-79.985	-79.985	-79.985	-79.9851	-79.9853
1.015	-0.370351	-48.3648	-68.6806	-76.221	-78.7954	-79.6237	-79.8787	-79.9545	-79.9765	-79.9826	-79.9843	-79.9848	-79.9849	-79.9849	-79.9849	-79.9849	-79.9849	-79.9849	-79.9849	-79.9849	-79.9849	-79.9849	-79.9849	-79.9849	-79.9849	-79.9849	-79.9849	-79.9849	-79.9849	-79.9849	-79.9849	-79.9849	-79.985	-79.985	-79.9851	-79.9853
1.02	-0.0616846	-44.8792	-66.1091	-74.8624	-78.1948	-79.3867	-79.7923	-79.9248	-79.9667	-79.9795	-79.9833	-79.9845	-79.9848	-79.9848	-79.9849	-79.9849	-79.9849	-79.9849	-79.9849	-79.9849	-79.9849	-79.9849	-79.9849	-79.9849	-79.9849	-79.9849	-79.9849	-79.9849	-79.9849	-79.9849	-79.9849	-79.9849	-79.985	-79.985	-79.9851	-79.9852
1.025	16.5848	-38.1105	-63.1269	-73.4614	-77.5615	-79.119	-79.6863	-79.8852	-79.9525	-79.9746	-79.9817	-79.9839	-79.9846	-79.9848	-79.9848	-79.9848	-79.9848	-79.9848	-79.9848	-79.9848	-79.9848	-79.9848	-79.9848	-79.9848	-79.9848	-79.9848	-79.9848	-79.9849	-79.9849	-79.9849	-79.9849	-79.9849	-79.9849	-79.985	-79.9851	-79.9852
1.03	22.1236	-31.083	-59.8125	-71.941	-76.8768	-78.8217	-79.5629	-79.8362	-79.9339	-79.9678	-79.9793	-79.9831	-79.9843	-79.9847	-79.9848	-79.9848	-79.9848	-79.9848	-79.9848	-79.9848	-79.9848	-79.9848	-79.9848	-79.9848	-79.9848	-79.9848	-79.9848	-79.9848	-79.9848	-79.9848	-79.9849	-79.9849	-79.9849	-79.985	-79.9851	-79.9852
1.035	24.3483	-22.754	-55.9726	-70.2243	-76.1143	-78.4887	-79.4215	-79.7782	-79.9109	-79.959	-79.976	-79.9819	-79.9839	-79.9845	-79.9847	-79.9848	-79.9848	-79.9848	-79.9848	-79.9848	-79.9848	-79.9848	-79.9848	-79.9848	-79.9848	-79.9848	-79.9848	-79.9848	-79.9848	-79.9848	-79.9848	-79.9849	-79.9849	-79.985	-79.985	-79.9852
1.04	26.1561	-11.5625	-51.0902	-68.1518	-75.224	-78.1056	-79.2583	-79.7101	-79.8832	-79.948	-79.9718	-79.9803	-79.9833	-79.9843	-79.9846	-79.9847	-79.9848	-79.9848	-79.9848	-79.9848	-79.9848	-79.9848	-79.9848	-79.9848	-79.9848	-79.9848	-79.9848	-79.9848	-79.9848	-79.9848	-79.9848	-79.9848	-79.9849	-79.9849	-79.985	-79.9852
1.045	28.3479	1.59872	-44.9923	-65.5992	-74.152	-77.6524	-79.0669	-79.6298	-79.8501	-79.9346	-79.9665	-79.9782	-79.9825	-79.984	-79.9845	-79.9847	-79.9847	-79.9848	-79.9848	-79.9848	-79.9848	-79.9848	-79.9848	-79.9848	-79.9848	-79.9848	-79.9848	-79.9848	-79.9848	-79.9848	-79.9848	-79.9848	-79.9849	-79.9849	-79.985	-79.9852
1.05	30.3922	12.1964	-38.3364	-62.6493	-72.8899	-77.1172	-78.8409	-79.535	-79.8107	-79.9185	-79.96	-79.9756	-79.9815	-79.9836	-79.9844	-79.9846	-79.9847	-79.9847	-79.9847	-79.9848	-79.9848	-79.9848	-79.9848	-79.9848	-79.9848	-79.9848	-79.9848	-79.9848	-79.9848	-79.9848	-79.9848	-79.9848	-79.9848	-79.9849	-79.985	-79.9851
1.055	31.6103	17.7934	-31.3963	-59.3908	-71.4527	-76.4972	-78.5766	-79.4234	-79.764	-79.8992	-79.9521	-79.9725	-79.9802	-79.9831	-79.9841	-79.9845	-79.9847	-79.9847	-79.9847	-79.9847	-79.9847	-79.9847	-79.9847	-79.9847	-79.9847	-79.9847	-79.9847	-79.9847	-79.9847	-79.9848	-79.9848	-79.9848	-79.9848	-79.9849	-79.985	-79.9851
1.06	32.0553	20.3655	-23.0876	-55.5846	-69.7892	-75.7784	-78.2687	-79.2926	-79.7089	-79.8762	-79.9426	-79.9686	-79.9786	-79.9825	-79.9839	-79.9844	-79.9846	-79.9847	-79.9847	-79.9847	-79.9847	-79.9847	-79.9847	-79.9847	-79.9847	-79.9847	-79.9847	-79.9847	-79.9847	-79.9847	-79.9848	-79.9848	-79.9848	-79.9849	-79.985	-79.9851
1.065	32.1172	22.0951	-12.1152	-50.7541	-67.7588	-74.9201	-77.9046	-79.1383	-79.6438	-79.8489	-79.9313	-79.9639	-79.9767	-79.9817	-79.9836	-79.9843	-79.9846	-79.9846	-79.9847	-79.9847	-79.9847	-79.9847	-79.9847	-79.9847	-79.9847	-79.9847	-79.9847	-79.9847	-79.9847	-79.9847	-79.9847	-79.9848	-79.9848	-79.9848	-79.9849	-79.9851
1.07	32.0842	23.8578	0.654874	-44.7356	-65.2476	-73.8746	-77.4669	-78.9543	-79.5665	-79.8165	-79.9177	-79.9583	-79.9744	-79.9807	-79.9832	-79.9841	-79.9845	-79.9846	-79.9847	-79.9847	-79.9847	-79.9847	-79.9847	-79.9847	-79.9847	-79.9847	-79.9847	-79.9847	-79.9847	-79.9847	-79.9847	-79.9847	-79.9848	-79.9848	-79.9849	-79.9851
1.075	31.9952	25.3929	11.0322	-38.1031	-62.3235	-72.6327	-76.944	-78.7346	-79.4742	-79.7778	-79.9016	-79.9516	-79.9716	-79.9796	-79.9827	-79.9839	-79.9844	-79.9846	-79.9846	-79.9846	-79.9847	-79.9847	-79.9847	-79.9847	-79.9847	-79.9847	-79.9847	-79.9847	-79.9847	-79.9847	-79.9847	-79.9847	-79.9848	-79.9848	-79.9849	-79.9851
1.08	31.7543	26.2373	16.6301	-31.08	-59.0547	-71.2039	-76.3323	-78.4752	-79.3648	-79.7318	-79.8823	-79.9436	-79.9683	-79.9782	-79.9821	-79.9837	-79.9843	-79.9845	-79.9846	-79.9846	-79.9846	-79.9846	-79.9846	-79.9846	-79.9846	-79.9846	-79.9846	-79.9847	-79.9847	-79.9847	-79.9847	-79.9847	-79.9847	-79.9848	-79.9849	-79.985
1.085	31.3227	26.4443	19.2342	-22.6272	-55.2011	-69.534	-75.6163	-78.1703	-79.2356	-79.6773	-79.8594	-79.934	-79.9643	-79.9765	-79.9814	-79.9834	-79.9841	-79.9844	-79.9846	-79.9846	-79.9846	-79.9846	-79.9846	-79.9846	-79.9846	-79.9846	-79.9846	-79.9846	-79.9846	-79.9846	-79.9847	-79.9847	-79.9847	-79.9848	-79.9849	-79.985
1.09	30.7431	26.3184	20.9601	-11.5592	-50.3068	-67.4853	-74.7554	-77.8071	-79.0823	-79.6126	-79.8322	-79.9225	-79.9595	-79.9745	-79.9806	-79.983	-79.984	-79.9844	-79.9845	-79.9846	-79.9846	-79.9846	-79.9846	-79.9846	-79.9846	-79.9846	-79.9846	-79.9846	-79.9846	-79.9846	-79.9846	-79.9847	-79.9847	-79.9848	-79.9849	-79.985
1.095	30.0771	26.0816	22.6626	1.07965	-44.2494	-64.9549	-73.7043	-77.3685	-78.8984	-79.5354	-79.7997	-79.9089	-79.9538	-79.9722	-79.9796	-79.9826	-79.9838	-79.9843	-79.9845	-79.9846	-79.9846	-79.9846	-79.9846	-79.9846	-79.9846	-79.9846	-79.9846	-79.9846	-79.9846	-79.9846	-79.9846	-79.9846	-79.9847	-79.9847	-79.9848	-79.985
1.1	29.3527	25.7636	24.0816	11.123	-37.5986	-62.0142	-72.4556	-76.8436	-78.6783	-79.4431	-79.761	-79.8927	-79.947	-79.9693	-79.9784	-79.9821	-79.9836	-79.9842	-79.9844	-79.9845	-79.9846	-79.9846	-79.9846	-79.9846	-79.9846	-79.9846	-79.9846	-79.9846	-79.9846	-79.9846	-79.9846	-79.9846	-79.9847	-79.9847	-79.9848	-79.985
1.105	28.5631	25.2997	24.7983	16.4784	-30.4924	-58.7122	-71.0154	-76.2282	-78.4178	-79.3333	-79.7148	-79.8733	-79.9389	-79.9659	-79.977	-79.9815	-79.9833	-79.9841	-79.9844	-79.9845	-79.9845	-79.9846	-79.9846	-79.9846	-79.9846	-79.9846	-79.9846	-79.9846	-79.9846	-79.9846	-79.9846	-79.9846	-79.9847	-79.9847	-79.9848	-79.985
1.11	27.6981	24.6717	24.8947	18.9966	-21.8519	-54.7881	-69.3227	-75.505	-78.1105	-79.2033	-79.66	-79.8502	-79.9292	-79.9618	-79.9753	-79.9808	-79.983	-79.9839	-79.9843	-79.9845	-79.9845	-79.9845	-79.9845	-79.9845	-79.9845	-79.9845	-79.9846	-79.9846	-79.9846	-79.9846	-79.9846	-79.9846	-79.9846	-79.9847	-79.9848	-79.9849
1.115	26.7611	23.9186	24.6748	20.7112	-10.593	-49.7947	-67.2383	-74.6319	-77.7433	-79.0486	-79.5948	-79.8228	-79.9176	-79.957	-79.9732	-79.9799	-79.9827	-79.9838	-79.9842	-79.9844	-79.9845	-79.9845	-79.9845	-79.9845	-79.9845	-79.9845	-79.9845	-79.9845	-79.9845	-79.9846	-79.9846	-79.9846	-79.9846	-79.9847	-79.9848	-79.9849
1.12	25.7645	23.0879	24.347	22.3908	1.96094	-43.6669	-64.6716	-73.566	-77.299	-78.8627	-79.5168	-79.79	-79.9039	-79.9512	-79.9708	-79.9789	-79.9822	-79.9836	-79.9841	-79.9844	-79.9845	-79.9845	-79.9845	-79.9845	-79.9845	-79.9845	-79.9845	-79.9845	-79.9845	-79.9845	-79.9845	-79.9846	-79.9846	-79.9847	-79.9848	-79.9849
1.125	24.7182	22.1996	23.9291	23.7344	11.6001	-36.9885	-61.7027	-72.3029	-76.7679	-78.64	-79.4235	-79.7509	-79.8874	-79.9443	-79.9679	-79.9777	-79.9817	-79.9834	-79.984	-79.9843	-79.9844	-79.9845	-79.9845	-79.9845	-79.9845	-79.9845	-79.9845	-79.9845	-79.9845	-79.9845	-79.9845	-79.9846	-79.9846	-79.9846	-79.9847	-79.9849
1.13	23.6248	21.2495	23.3586	24.3622	16.6277	-29.7925	-58.3593	-70.8451	-76.145	-78.3764	-79.3124	-79.7042	-79.8678	-79.9361	-79.9644	-79.9762	-79.9811	-79.9831	-79.9839	-79.9842	-79.9844	-79.9844	-79.9845	-79.9845	-79.9845	-79.9845	-79.9845	-79.9845	-79.9845	-79.9845	-79.9845	-79.9845	-79.9846	-79.9846	-79.9847	-79.9849
1.135	22.484	20.2331	22.625	24.3906	19.0236	-20.9388	-54.3536	-69.1234	-75.4111	-78.065	-79.1808	-79.6487	-79.8445	-79.9262	-79.9603	-79.9745	-79.9803	-79.9828	-79.9838	-79.9842	-79.9843	-79.9844	-79.9844	-79.9845	-79.9845	-79.9845	-79.9845	-79.9845	-79.9845	-79.9845	-79.9845	-79.9845	-79.9846	-79.9846	-79.9847	-79.9849
1.14	21.2969	19.1561	21.7705	24.1239	20.7252	-9.46121	-49.2479	-66.9967	-74.5224	-77.692	-79.0238	-79.5826	-79.8167	-79.9145	-79.9554	-79.9724	-79.9795	-79.9824	-79.9836	-79.9841	-79.9843	-79.9844	-79.9844	-79.9844	-79.9844	-79.9844	-79.9844	-79.9845	-79.9845	-79.9845	-79.9845	-79.9845	-79.9845	-79.9846	-79.9847	-79.9848
1.145	20.067	18.0291	20.8414	23.7547	22.3895	2.99078	-43.0433	-64.3884	-73.4385	-77.2404	-78.8351	-79.5035	-79.7834	-79.9006	-79.9495	-79.9699	-79.9784	-79.9819	-79.9834	-79.984	-79.9843	-79.9844	-79.9844	-79.9844	-79.9844	-79.9844	-79.9844	-79.9844	-79.9844	-79.9844	-79.9845	-79.9845	-79.9845	-79.9846	-79.9847	-79.9848
1.15	18.7986	16.8602	19.8553	23.2877	23.6656	12.1848	-36.3349	-61.3876	-72.1583	-76.7015	-78.609	-79.4087	-79.7437	-79.8839	-79.9425	-79.967	-79.9772	-79.9814	-79.9832	-79.9839	-79.9842	-79.9843	-79.9844	-79.9844	-79.9844	-79.9844	-79.9844	-79.9844	-79.9844	-79.9844	-79.9844	-79.9845	-79.9845	-79.9846	-79.9847	-79.9848
1.155	17.4945	15.6521	18.8074	22.6624	24.2167	16.866	-29.0385	-57.9981	-70.6803	-76.0697	-78.3416	-79.296	-79.6963	-79.864	-79.9341	-79.9634	-79.9757	-79.9808	-79.9829	-79.9838	-79.9841	-79.9843	-79.9844	-79.9844	-79.9844	-79.9844	-79.9844	-79.9844	-79.9844	-79.9844	-79.9844	-79.9845	-79.9845	-79.9845	-79.9846	-79.9848
1.16	16.1568	14.406	17.6947	21.875	24.194	19.1373	-19.9539	-53.9038	-68.9265	-75.3234	-78.0252	-79.1624	-79.64	-79.8402	-79.9241	-79.9592	-79.9739	-79.98	-79.9826	-79.9836	-79.9841	-79.9842	-79.9843	-79.9844	-79.9844	-79.9844	-79.9844	-79.9844	-79.9844	-79.9844	-79.9844	-79.9844	-79.9845	-79.9845	-79.9846	-79.9848
1.165	14.7876	13.1243	16.5242	20.9704	23.9001	20.8284	-8.25641	-48.6802	-66.7544	-74.4176	-77.6456	-79.0028	-79.5728	-79.812	-79.9123	-79.9542	-79.9718	-79.9791	-79.9822	-79.9835	-79.984	-79.9842	-79.9843	-79.9843	-79.9843	-79.9844	-79.9844	-79.9844	-79.9844	-79.9844	-79.9844	-79.9844	-79.9845	-79.9845	-79.9846	-79.9848
1.17	13.3895	11.8108	15.3072	19.9935	23.5097	22.4767	4.05639	-42.4009	-64.1033	-73.3145	-77.1861	-78.8108	-79.4924	-79.7782	-79.8981	-79.9483	-79.9693	-79.9781	-79.9817	-79.9833	-79.9839	-79.9842	-79.9843	-79.9843	-79.9843	-79.9843	-79.9843	-79.9843	-79.9844	-79.9844	-79.9844	-79.9844	-79.9844	-79.9845	-79.9846	-79.9847
1.175	11.9654	10.4696	14.0517	18.959	23.0144	23.6856	12.7829	-35.6611	-61.0694	-72.0163	-76.6387	-78.581	-79.396	-79.7378	-79.8811	-79.9411	-79.9663	-79.9768	-79.9812	-79.983	-79.9838	-79.9841	-79.9842	-79.9843	-79.9843	-79.9843	-79.9843	-79.9843	-79.9843	-79.9843	-79.9844	-79.9844	-79.9844	-79.9845	-79.9846	-79.9847
1.18	10.5182	9.10369	12.7606	17.8617	22.3564	24.1653	17.1254	-28.2516	-57.6297	-70.5166	-75.9973	-78.3094	-79.2815	-79.6897	-79.8609	-79.9326	-79.9627	-79.9753	-79.9805	-79.9827	-79.9837	-79.984	-79.9842	-79.9843	-79.9843	-79.9843	-79.9843	-79.9843	-79.9843	-79.9843	-79.9843	-79.9844	-79.9844	-79.9845	-79.9846	-79.9847
1.185	9.05066	7.71564	11.4354	16.6999	21.5384	24.0996	19.2822	-18.9225	-53.4409	-68.7284	-75.2378	-77.9877	-79.1457	-79.6324	-79.8368	-79.9225	-79.9584	-79.9735	-79.9798	-79.9824	-79.9835	-79.984	-79.9842	-79.9842	-79.9843	-79.9843	-79.9843	-79.9843	-79.9843	-79.9843	-79.9843	-79.9844	-79.9844	-79.9844	-79.9845	-79.9847
1.19	7.56548	6.30795	10.0792	15.4817	20.6076	23.7869	20.9665	-7.01711	-48.0978	-66.5093	-74.3139	-77.601	-78.9833	-79.5641	-79.808	-79.9104	-79.9533	-79.9713	-79.9789	-79.982	-79.9833	-79.9839	-79.9841	-79.9842	-79.9842	-79.9843	-79.9843	-79.9843	-79.9843	-79.9843	-79.9843	-79.9843	-79.9844	-79.9844	-79.9845	-79.9847
1.195	6.06541	4.8835	8.6964	14.2186	19.6068	23.3832	22.5951	5.11252	-41.7491	-63.8157	-73.1912	-77.1332	-78.7878	-79.4823	-79.7737	-79.896	-79.9473	-79.9688	-79.9778	-79.9816	-79.9831	-79.9838	-79.9841	-79.9842	-79.9842	-79.9842	-79.9843	-79.9843	-79.9843	-79.9843	-79.9843	-79.9843	-79.9844	-79.9844	-79.9845	-79.9847
1.2	4.55335	3.44531	7.29131	12.9183	18.5478	22.8676	23.7348	13.3606	-34.9754	-60.748	-71.8746	-76.5771	-78.5543	-79.3843	-79.7326	-79.8787	-79.94	-79.9657	-79.9765	-79.981	-79.9829	-79.9837	-79.984	-79.9841	-79.9842	-79.9842	-79.9842	-79.9842	-79.9843	-79.9843	-79.9843	-79.9843	-79.9843	-79.9844	-79.9845	-79.9846
1.205	3.03222	1.99628	5.86726	11.5837	17.4252	22.186	24.1465	17.3828	-27.4391	-57.2543	-70.3519	-75.9257	-78.2782	-79.2679	-79.6836	-79.8581	-79.9314	-79.9621	-79.975	-79.9803	-79.9826	-79.9836	-79.9839	-79.9841	-79.9842	-79.9842	-79.9842	-79.9842	-79.9842	-79.9842	-79.9843	-79.9843	-79.9843	-79.9844	-79.9845	-79.9846
1.21	1.50488	0.53912	4.427	10.2166	16.2383	21.3475	24.0427	19.4389	-17.8552	-52.9658	-68.5276	-75.1523	-77.951	-79.1297	-79.6254	-79.8336	-79.9211	-79.9577	-79.9731	-79.9796	-79.9823	-79.9834	-79.9839	-79.9841	-79.9842	-79.9842	-79.9842	-79.9842	-79.9842	-79.9842	-79.9842	-79.9843	-79.9843	-79.9844	-79.9845	-79.9846
1.215	-0.0258585	-0.923516	2.97337	8.82065	14.996	20.4009	23.7155	21.1197	-5.76179	-47.5035	-66.2605	-74.2098	-77.5569	-78.9644	-79.5559	-79.8044	-79.9088	-79.9526	-79.9709	-79.9786	-79.9819	-79.9832	-79.9838	-79.984	-79.9841	-79.9842	-79.9842	-79.9842	-79.9842	-79.9842	-79.9842	-79.9843	-79.9843	-79.9844	-79.9844	-79.9846
1.22	-1.55723	-2.38897	1.50948	7.40046	13.71	19.3866	23.3013	22.7236	6.13903	-41.0917	-63.5252	-73.0674	-77.0806	-78.7654	-79.4726	-79.7695	-79.8941	-79.9464	-79.9683	-79.9775	-79.9814	-79.983	-79.9837	-79.984	-79.9841	-79.9841	-79.9842	-79.9842	-79.9842	-79.9842	-79.9842	-79.9842	-79.9843	-79.9843	-79.9844	-79.9846
1.225	-3.08651	-3.85458	0.0385052	5.96054	12.3875	18.3136	22.7683	23.7921	13.906	-34.2806	-60.4232	-71.732	-76.5156	-78.5279	-79.3729	-79.7276	-79.8765	-79.939	-79.9652	-79.9762	-79.9808	-79.9828	-79.9836	-79.9839	-79.9841	-79.9841	-79.9841	-79.9842	-79.9842	-79.9842	-79.9842	-79.9842	-79.9843	-79.9843	-79.9844	-79.9846
1.23	-4.61101	-5.31776	-1.43657	4.50434	11.0313	17.1764	22.067	24.1387	17.6302	-26.6033	-56.8713	-70.1853	-75.8538	-78.2473	-79.2546	-79.6778	-79.8556	-79.9302	-79.9615	-79.9747	-79.9802	-79.9825	-79.9834	-79.9839	-79.984	-79.9841	-79.9841	-79.9841	-79.9842	-79.9842	-79.9842	-79.9842	-79.9842	-79.9843	-79.9844	-79.9846
1.235	-6.12816	-6.77603	-2.91299	3.03476	9.6434	15.9752	21.2124	24.0006	19.6003	-16.7566	-52.4786	-68.3231	-75.066	-77.9143	-79.114	-79.6186	-79.8307	-79.9197	-79.9571	-79.9728	-79.9794	-79.9821	-79.9833	-79.9838	-79.984	-79.9841	-79.9841	-79.9841	-79.9841	-79.9841	-79.9842	-79.9842	-79.9842	-79.9843	-79.9844	-79.9845
1.24	-7.6355	-8.22702	-4.38813	1.55484	8.22769	14.7198	20.2546	23.6612	21.2799	-4.50124	-46.8989	-66.0076	-74.1044	-77.5126	-78.9456	-79.5479	-79.8009	-79.9072	-79.9518	-79.9706	-79.9784	-79.9817	-79.9831	-79.9837	-79.9839	-79.984	-79.9841	-79.9841	-79.9841	-79.9841	-79.9841	-79.9842	-79.9842	-79.9843	-79.9844	-79.9845
1.245	-9.1307	-9.66848	-5.85938	0.0678266	6.78906	13.4217	19.2312	23.2373	22.8536	7.12598	-40.4305	-63.2317	-72.9423	-77.0278	-78.743	-79.463	-79.7653	-79.8923	-79.9455	-79.9679	-79.9773	-79.9812	-79.9829	-79.9836	-79.9839	-79.984	-79.9841	-79.9841	-79.9841	-79.9841	-79.9841	-79.9842	-79.9842	-79.9843	-79.9844	-79.9845
1.25	-10.6116	-11.0983	-7.3242	-1.42301	5.33199	12.0875	18.1487	22.6879	23.8492	14.4152	-33.577	-60.0945	-71.5881	-76.4538	-78.5015	-79.3617	-79.7228	-79.8744	-79.938	-79.9648	-79.976	-79.9807	-79.9827	-79.9835	-79.9838	-79.984	-79.984	-79.9841	-79.9841	-79.9841	-79.9841	-79.9841	-79.9842	-79.9842	-79.9843	-79.9845
1.255	-12.076	-12.5143	-8.78019	-2.91464	3.85997	10.72	17.0014	21.9685	24.1335	17.8655	-25.7442	-56.4803	-70.0163	-75.7813	-78.2163	-79.2413	-79.6721	-79.8531	-79.9291	-79.961	-79.9744	-79.98	-79.9824	-79.9834	-79.9838	-79.9839	-79.984	-79.984	-79.9841	-79.9841	-79.9841	-79.9841	-79.9842	-79.9842	-79.9843	-79.9845
1.26	-13.5221	-13.9148	-10.2251	-4.40432	2.37598	9.32127	15.7908	21.1	23.9643	19.7634	-15.6296	-51.9791	-68.1145	-74.9784	-77.8773	-79.0983	-79.6119	-79.8277	-79.9184	-79.9565	-79.9725	-79.9792	-79.982	-79.9832	-79.9837	-79.9839	-79.984	-79.984	-79.9841	-79.9841	-79.9841	-79.9841	-79.9841	-79.9842	-79.9843	-79.9845
1.265	-14.9483	-15.2979	-11.6569	-5.88941	0.883132	7.8955	14.5271	20.1332	23.6144	21.4432	-3.24315	-46.2849	-65.7504	-73.9974	-77.4679	-78.9268	-79.5399	-79.7975	-79.9057	-79.9511	-79.9702	-79.9782	-79.9816	-79.983	-79.9836	-79.9839	-79.984	-79.984	-79.984	-79.984	-79.9841	-79.9841	-79.9841	-79.9842	-79.9843	-79.9844
1.27	-16.3528	-16.6622	-13.0736	-7.36735	-0.615222	6.44763	13.2216	19.1027	23.1808	22.9809	8.06801	-39.7664	-62.9352	-72.8158	-76.9744	-78.7205	-79.4535	-79.7612	-79.8905	-79.9447	-79.9675	-79.9771	-79.9811	-79.9828	-79.9835	-79.9838	-79.9839	-79.984	-79.984	-79.984	-79.9841	-79.9841	-79.9841	-79.9842	-79.9843	-79.9844
1.275	-17.7343	-18.0062	-14.4734	-8.83568	-2.11579	4.9821	11.8805	18.0125	22.6149	23.9026	14.888	-32.864	-59.7616	-71.4424	-76.3913	-78.4749	-79.3503	-79.718	-79.8723	-79.9371	-79.9643	-79.9757	-79.9805	-79.9825	-79.9834	-79.9837	-79.9839	-79.984	-79.984	-79.984	-79.984	-79.9841	-79.9841	-79.9842	-79.9843	-79.9844
1.28	-19.0916	-19.3286	-15.8547	-10.2921	-3.61557	3.50234	10.5062	16.8572	21.8784	24.1275	18.0885	-24.8612	-56.0807	-69.8442	-75.7078	-78.1849	-79.2279	-79.6664	-79.8506	-79.928	-79.9605	-79.9741	-79.9798	-79.9822	-79.9833	-79.9837	-79.9839	-79.9839	-79.984	-79.984	-79.984	-79.984	-79.9841	-79.9841	-79.9842	-79.9844
1.285	-20.4237	-20.6284	-17.2161	-11.7346	-5.11179	2.01139	9.10125	15.6392	20.9973	23.9302	19.9273	-14.476	-51.4674	-67.9015	-74.8894	-77.8397	-79.0824	-79.6051	-79.8248	-79.9171	-79.9559	-79.9722	-79.979	-79.9819	-79.9831	-79.9836	-79.9838	-79.9839	-79.984	-79.984	-79.984	-79.984	-79.9841	-79.9841	-79.9842	-79.9844
1.29	-21.7297	-21.9046	-18.5562	-13.1611	-6.60186	0.512404	7.66978	14.3693	20.0226	23.5708	21.6074	-1.99396	-45.6626	-65.4888	-73.8887	-77.4225	-78.9077	-79.5318	-79.794	-79.9042	-79.9504	-79.9699	-79.9781	-79.9815	-79.9829	-79.9835	-79.9838	-79.9839	-79.9839	-79.984	-79.984	-79.984	-79.9841	-79.9841	-79.9842	-79.9844
1.295	-23.0088	-23.1564	-19.874	-14.57	-8.08325	-0.991229	6.21683	13.0586	18.9857	23.127	23.1035	8.96215	-39.0997	-62.6355	-72.6876	-76.9202	-78.6977	-79.4439	-79.7571	-79.8887	-79.9439	-79.9671	-79.9769	-79.981	-79.9827	-79.9834	-79.9837	-79.9839	-79.9839	-79.9839	-79.984	-79.984	-79.984	-79.9841	-79.9842	-79.9844
1.3	-24.2606	-24.3832	-21.1685	-15.9597	-9.55355	-2.49623	4.74675	11.7126	17.8886	22.5446	23.9505	15.3258	-32.1407	-59.4241	-71.2948	-76.328	-78.448	-79.3389	-79.7131	-79.8702	-79.9362	-79.9639	-79.9755	-79.9804	-79.9824	-79.9833	-79.9837	-79.9838	-79.9839	-79.9839	-79.984	-79.984	-79.984	-79.9841	-79.9842	-79.9843
1.305	-25.4846	-25.5846	-22.4388	-17.3287	-11.0105	-3.9996	3.26294	10.3336	16.7261	21.7915	24.1192	18.3003	-23.9535	-55.6719	-69.669	-75.6331	-78.1532	-79.2144	-79.6607	-79.8482	-79.9269	-79.96	-79.9739	-79.9797	-79.9821	-79.9832	-79.9836	-79.9838	-79.9839	-79.9839	-79.9839	-79.984	-79.984	-79.9841	-79.9842	-79.9843
1.31	-26.6804	-26.76	-23.6845	-18.6759	-12.4522	-5.49861	1.76842	8.92427	15.5017	20.8987	23.8965	20.0917	-13.298	-50.9432	-67.6839	-74.7986	-77.8016	-79.0663	-79.5983	-79.8219	-79.9158	-79.9553	-79.9719	-79.9789	-79.9818	-79.983	-79.9835	-79.9837	-79.9838	-79.9839	-79.9839	-79.9839	-79.984	-79.9841	-79.9842	-79.9843
1.315	-27.8481	-27.9094	-24.9048	-20.0001	-13.8768	-6.99068	0.266418	7.48901	14.2267	19.9167	23.5285	21.7711	-0.759543	-45.0328	-65.223	-73.778	-77.3764	-78.8884	-79.5236	-79.7905	-79.9027	-79.9498	-79.9696	-79.9779	-79.9814	-79.9828	-79.9834	-79.9837	-79.9838	-79.9839	-79.9839	-79.9839	-79.984	-79.984	-79.9841	-79.9843
1.32	-28.9874	-29.0325	-26.0995	-21.3005	-15.2826	-8.4733	-1.23969	6.03281	12.9116	18.8737	23.074	23.2201	9.80686	-38.4303	-62.3328	-72.5578	-76.8654	-78.6746	-79.4341	-79.753	-79.8869	-79.9431	-79.9668	-79.9767	-79.9809	-79.9826	-79.9833	-79.9836	-79.9838	-79.9838	-79.9839	-79.9839	-79.984	-79.984	-79.9841	-79.9843
1.325	-30.0984	-30.1292	-27.2683	-22.5764	-16.6681	-9.94411	-2.74663	4.55992	11.5615	17.77	22.4748	23.9925	15.7306	-31.4056	-59.0817	-71.1451	-76.2638	-78.4207	-79.3274	-79.7082	-79.8681	-79.9352	-79.9634	-79.9753	-79.9802	-79.9823	-79.9832	-79.9836	-79.9837	-79.9838	-79.9839	-79.9839	-79.9839	-79.984	-79.9841	-79.9843
1.33	-31.1812	-31.1997	-28.411	-23.8272	-18.0321	-11.4009	-4.25145	3.07367	10.1787	16.6007	21.7056	24.108	18.5021	-23.02	-55.2535	-69.4904	-75.5571	-78.1209	-79.2007	-79.6548	-79.8456	-79.9258	-79.9595	-79.9736	-79.9795	-79.982	-79.9831	-79.9835	-79.9837	-79.9838	-79.9838	-79.9839	-79.9839	-79.984	-79.9841	-79.9843
1.335	-32.2361	-32.2439	-29.5275	-25.0524	-19.3734	-12.8418	-5.75144	1.57711	8.76598	15.3704	20.8016	23.8625	20.2566	-12.0977	-50.4067	-67.4615	-74.706	-77.7628	-79.0499	-79.5913	-79.8189	-79.9146	-79.9547	-79.9716	-79.9787	-79.9817	-79.9829	-79.9834	-79.9837	-79.9838	-79.9838	-79.9839	-79.9839	-79.984	-79.9841	-79.9842
1.34	-33.2633	-33.2622	-30.618	-26.2517	-20.6912	-14.265	-7.24401	0.0734688	7.32779	14.0908	19.8127	23.4865	21.9333	0.454543	-44.3964	-64.953	-73.6655	-77.3294	-78.8687	-79.5153	-79.787	-79.9011	-79.9491	-79.9692	-79.9777	-79.9812	-79.9827	-79.9834	-79.9836	-79.9837	-79.9838	-79.9838	-79.9839	-79.984	-79.9841	-79.9842
1.345	-34.2631	-34.2547	-31.6825	-27.425	-21.9845	-15.6689	-8.7267	-1.43385	5.86915	12.7717	18.7639	23.0205	23.3301	10.6016	-37.7581	-62.0268	-72.4261	-76.8097	-78.6511	-79.4242	-79.7488	-79.8851	-79.9423	-79.9664	-79.9765	-79.9807	-79.9825	-79.9833	-79.9836	-79.9837	-79.9838	-79.9838	-79.9839	-79.9839	-79.984	-79.9842
1.35	-35.2359	-35.2217	-32.7211	-28.572	-23.2529	-17.0521	-10.1972	-2.94162	4.39421	11.418	17.6536	22.4043	24.0284	16.1046	-30.6575	-58.7339	-70.9932	-76.1987	-78.393	-79.3156	-79.7032	-79.8659	-79.9343	-79.963	-79.975	-79.9801	-79.9822	-79.9831	-79.9835	-79.9837	-79.9838	-79.9838	-79.9839	-79.9839	-79.984	-79.9842
1.355	-36.182	-36.1635	-33.7341	-29.6928	-24.4958	-18.4134	-11.6533	-4.4469	2.90625	10.0318	16.4778	21.6194	24.0939	18.6953	-22.0599	-54.8249	-69.3082	-75.4798	-78.0881	-79.1868	-79.6489	-79.8431	-79.9247	-79.9589	-79.9733	-79.9794	-79.9819	-79.983	-79.9834	-79.9836	-79.9837	-79.9838	-79.9838	-79.9839	-79.984	-79.9842
1.36	-37.1018	-37.0804	-34.7217	-30.7875	-25.7128	-19.7516	-13.0931	-5.94701	1.40831	8.616	15.2419	20.7049	23.828	20.4221	-10.8777	-49.858	-67.2343	-74.6116	-77.7233	-79.0333	-79.5843	-79.8159	-79.9132	-79.9541	-79.9713	-79.9785	-79.9816	-79.9828	-79.9834	-79.9836	-79.9837	-79.9838	-79.9838	-79.9839	-79.984	-79.9842
1.365	-37.996	-37.9729	-35.6843	-31.8562	-26.9038	-21.066	-14.5149	-7.43937	-0.0963383	7.17528	13.9578	19.7095	23.4442	22.0932	1.64303	-43.7542	-64.6789	-73.551	-77.2817	-78.8487	-79.5069	-79.7834	-79.8996	-79.9484	-79.9689	-79.9775	-79.9811	-79.9826	-79.9833	-79.9836	-79.9837	-79.9838	-79.9838	-79.9839	-79.984	-79.9841
1.37	-38.8648	-38.8413	-36.6222	-32.8991	-28.0685	-22.3558	-15.9171	-8.92153	-1.6043	5.71458	12.635	18.6548	22.966	23.4328	11.3466	-37.0826	-61.7176	-72.2927	-76.7531	-78.6273	-79.4142	-79.7445	-79.8833	-79.9415	-79.966	-79.9763	-79.9806	-79.9824	-79.9832	-79.9835	-79.9837	-79.9837	-79.9838	-79.9839	-79.984	-79.9841
1.375	-39.7089	-39.686	-37.5357	-33.9164	-29.2071	-23.6204	-17.2984	-10.3912	-3.11238	4.23794	11.2779	17.538	22.3327	24.0581	16.4504	-29.8948	-58.3803	-70.8389	-76.1325	-78.3649	-79.3037	-79.6981	-79.8638	-79.9333	-79.9625	-79.9748	-79.98	-79.9821	-79.983	-79.9834	-79.9836	-79.9837	-79.9838	-79.9838	-79.984	-79.9841
1.38	-40.5288	-40.5076	-38.4253	-34.9085	-30.3194	-24.8595	-18.6576	-11.8462	-4.61766	2.7486	9.88843	16.3557	21.5326	24.077	18.8812	-21.0725	-54.3857	-69.1221	-75.401	-78.0548	-79.1727	-79.6429	-79.8405	-79.9236	-79.9584	-79.9731	-79.9792	-79.9818	-79.9829	-79.9834	-79.9836	-79.9837	-79.9838	-79.9838	-79.9839	-79.9841
1.385	-41.3249	-41.3064	-39.2913	-35.8756	-31.4057	-26.0725	-19.9936	-13.2847	-6.11747	1.2496	8.46979	15.1145	20.6081	23.7928	20.5881	-9.641	-49.2973	-67.0022	-74.5153	-77.6831	-79.0164	-79.5772	-79.8129	-79.9119	-79.9535	-79.971	-79.9784	-79.9814	-79.9827	-79.9833	-79.9835	-79.9837	-79.9837	-79.9838	-79.9839	-79.9841
1.39	-42.0979	-42.0829	-40.1341	-36.8181	-32.466	-27.2595	-21.3056	-14.705	-7.60926	-0.25576	7.02674	13.8261	19.6064	23.4013	22.25	2.80099	-43.107	-64.4009	-73.4346	-77.2331	-78.8284	-79.4984	-79.7798	-79.898	-79.9477	-79.9685	-79.9773	-79.981	-79.9825	-79.9832	-79.9835	-79.9836	-79.9837	-79.9838	-79.9839	-79.9841
1.395	-42.8484	-42.8377	-40.9542	-37.7364	-33.5008	-28.4203	-22.5929	-16.1055	-9.09059	-1.76409	5.56416	12.4998	18.5458	22.9103	23.5282	12.0427	-36.4033	-61.405	-72.1574	-76.6956	-78.6031	-79.404	-79.7402	-79.8814	-79.9407	-79.9656	-79.9761	-79.9805	-79.9823	-79.9831	-79.9834	-79.9836	-79.9837	-79.9838	-79.9839	-79.9841
1.4	-43.5768	-43.5712	-41.7521	-38.6309	-34.5102	-29.5548	-23.8549	-17.485	-10.5592	-3.27222	4.086	11.1392	17.4225	22.2597	24.0819	16.7704	-29.1161	-58.0204	-70.6821	-76.0653	-78.3363	-79.2916	-79.693	-79.8616	-79.9324	-79.9621	-79.9746	-79.9798	-79.982	-79.983	-79.9834	-79.9836	-79.9837	-79.9838	-79.9839	-79.984
1.405	-44.2838	-44.2838	-42.5281	-39.5019	-35.4945	-30.6633	-25.0913	-18.8421	-12.0129	-4.77727	2.59544	9.74663	16.2339	21.4449	24.0573	19.0612	-20.0573	-53.9354	-68.932	-75.3208	-78.0208	-79.1584	-79.6368	-79.8379	-79.9224	-79.9579	-79.9728	-79.9791	-79.9817	-79.9828	-79.9833	-79.9835	-79.9837	-79.9837	-79.9839	-79.984
1.41	-44.97	-44.9762	-43.2828	-40.3499	-36.454	-31.7457	-26.3018	-20.176	-13.4499	-6.27658	1.09554	8.32528	14.9874	20.511	23.7568	20.7547	-8.39107	-48.7251	-66.7651	-74.4171	-77.6421	-78.9992	-79.5699	-79.8098	-79.9106	-79.9529	-79.9707	-79.9782	-79.9813	-79.9827	-79.9832	-79.9835	-79.9836	-79.9837	-79.9838	-79.984
1.415	-45.636	-45.6488	-44.0167	-41.1754	-37.3893	-32.8023	-27.4861	-21.4858	-14.8685	-7.76762	-0.410374	6.88002	13.6949	19.5031	23.3577	22.403	3.92388	-42.4555	-64.1191	-73.3163	-77.1836	-78.8076	-79.4896	-79.7761	-79.8964	-79.947	-79.9682	-79.9771	-79.9809	-79.9825	-79.9831	-79.9834	-79.9836	-79.9837	-79.9838	-79.984
1.42	-46.2824	-46.3022	-44.7301	-41.9787	-38.3006	-33.8335	-28.6442	-22.7708	-16.2673	-9.24794	-1.91893	5.41567	12.365	18.4366	22.8531	23.616	12.6912	-35.7195	-61.0889	-72.0202	-76.6373	-78.5784	-79.3936	-79.7358	-79.8795	-79.9399	-79.9652	-79.9759	-79.9803	-79.9822	-79.983	-79.9834	-79.9836	-79.9837	-79.9838	-79.984
1.425	-46.9098	-46.9369	-45.4235	-42.7603	-39.1882	-34.8393	-29.7762	-24.0306	-17.6448	-10.7153	-3.42698	3.93609	11.0012	17.3067	22.1853	24.0999	17.0671	-28.3199	-57.6539	-70.5228	-75.9971	-78.3073	-79.2793	-79.6878	-79.8593	-79.9314	-79.9616	-79.9743	-79.9797	-79.9819	-79.9829	-79.9833	-79.9835	-79.9837	-79.9838	-79.984
1.43	-47.5187	-47.5533	-46.0976	-43.5207	-40.0528	-35.8203	-30.8821	-25.2646	-18.9999	-12.1676	-4.93167	2.4444	9.6055	16.1119	21.3563	24.0351	19.2365	-19.014	-53.4736	-68.7379	-75.239	-77.9863	-79.1437	-79.6306	-79.8353	-79.9213	-79.9574	-79.9726	-79.9789	-79.9816	-79.9828	-79.9833	-79.9835	-79.9836	-79.9838	-79.9839
1.435	-48.1099	-48.1521	-46.7526	-44.2603	-40.8946	-36.7766	-31.9621	-26.4728	-20.3316	-13.603	-6.43037	0.943692	8.18151	14.8602	20.4133	23.7202	20.9219	-7.13181	-48.1418	-66.5232	-74.3168	-77.6003	-78.9817	-79.5625	-79.8066	-79.9092	-79.9523	-79.9704	-79.978	-79.9812	-79.9826	-79.9832	-79.9835	-79.9836	-79.9838	-79.9839
1.44	-48.6839	-48.7338	-47.3893	-44.9796	-41.7141	-37.7088	-33.0164	-27.6548	-21.6392	-15.0199	-7.92054	-0.562692	6.73412	13.5638	19.3995	23.3132	22.5515	5.00765	-41.8003	-63.8337	-73.1961	-77.1333	-78.7866	-79.4808	-79.7723	-79.8948	-79.9463	-79.9679	-79.9769	-79.9808	-79.9824	-79.9831	-79.9834	-79.9836	-79.9837	-79.9839
1.445	-49.2414	-49.2989	-48.0079	-45.679	-42.5117	-38.6171	-34.0452	-28.8106	-22.922	-16.4167	-9.39977	-2.07139	5.26807	12.2304	18.327	22.7943	23.6962	13.2938	-35.0302	-60.7692	-71.8812	-76.5781	-78.5534	-79.383	-79.7313	-79.8776	-79.939	-79.9648	-79.9757	-79.9802	-79.9821	-79.983	-79.9834	-79.9836	-79.9837	-79.9839
1.45	-49.7828	-49.848	-48.6091	-46.359	-43.2879	-39.5021	-35.0488	-29.9403	-24.1794	-17.7921	-10.8658	-3.57928	3.78712	10.8633	17.1905	22.1093	24.1126	17.3429	-27.5046	-57.2801	-70.3606	-75.9277	-78.2778	-79.2668	-79.6824	-79.857	-79.9304	-79.9612	-79.9741	-79.9796	-79.9819	-79.9828	-79.9833	-79.9835	-79.9837	-79.9839
1.455	-50.3088	-50.3814	-49.1933	-47.02	-44.043	-40.364	-36.0277	-31.044	-25.4111	-19.1451	-12.3166	-5.08354	2.29436	9.46458	15.9895	21.2666	24.0106	19.4081	-17.9428	-53.0001	-68.5394	-75.1555	-77.9511	-79.1289	-79.6243	-79.8326	-79.9201	-79.9568	-79.9723	-79.9788	-79.9815	-79.9827	-79.9832	-79.9835	-79.9837	-79.9839
1.46	-50.8199	-50.8999	-49.761	-47.6627	-44.7777	-41.2033	-36.982	-32.1218	-26.6169	-20.4747	-13.7503	-6.58155	0.792915	8.03802	14.7329	20.3151	23.6829	21.0894	-5.86751	-47.548	-66.2765	-74.2146	-77.5577	-78.9638	-79.555	-79.8034	-79.9078	-79.9517	-79.9701	-79.9779	-79.9811	-79.9825	-79.9831	-79.9834	-79.9836	-79.9838
1.465	-51.3167	-51.4038	-50.3127	-48.2873	-45.4922	-42.0205	-37.9123	-33.174	-27.7966	-21.78	-15.1653	-8.0708	-0.713874	6.58856	13.4325	19.2954	23.2677	22.695	6.04882	-41.142	-63.5447	-73.074	-77.0822	-78.7651	-79.4718	-79.7685	-79.8932	-79.9455	-79.9675	-79.9768	-79.9807	-79.9823	-79.983	-79.9834	-79.9836	-79.9838
1.47	-51.7997	-51.8937	-50.8489	-48.8945	-46.1871	-42.8159	-38.8188	-34.2008	-28.9502	-23.0604	-16.5602	-9.54885	-2.22265	5.12087	12.0957	18.2168	22.7339	23.7689	13.8526	-34.3344	-60.4457	-71.7403	-76.518	-78.528	-79.3723	-79.7268	-79.8756	-79.9382	-79.9644	-79.9755	-79.9801	-79.9821	-79.9829	-79.9833	-79.9836	-79.9838
1.475	-52.2695	-52.37	-51.3701	-49.4846	-46.8629	-43.59	-39.702	-35.2025	-30.0776	-24.3155	-17.9336	-11.0135	-3.73033	3.63859	10.7253	17.0738	22.0318	24.1201	17.6001	-26.6688	-56.8986	-70.1956	-75.8571	-78.2478	-79.2541	-79.6771	-79.8547	-79.9294	-79.9607	-79.9739	-79.9794	-79.9818	-79.9828	-79.9833	-79.9835	-79.9838
1.48	-52.7265	-52.8332	-51.8767	-50.0581	-47.5199	-44.3432	-40.5623	-36.1794	-31.1791	-25.5449	-19.2843	-12.4627	-5.23412	2.14482	9.32365	15.8668	21.1759	23.9841	19.577	-16.844	-52.5145	-68.3365	-75.0705	-77.9153	-79.1137	-79.6179	-79.8298	-79.9189	-79.9563	-79.972	-79.9786	-79.9814	-79.9827	-79.9832	-79.9835	-79.9837
1.485	-53.1713	-53.2839	-52.3692	-50.6156	-48.1586	-45.0761	-41.4001	-37.132	-32.2547	-26.7483	-20.6116	-13.8947	-6.7314	0.642669	7.89458	14.6053	20.2163	23.6449	21.2568	-4.60282	-46.9443	-66.025	-74.1104	-77.5143	-78.9456	-79.5473	-79.8002	-79.9064	-79.9511	-79.9698	-79.9777	-79.981	-79.9825	-79.9831	-79.9835	-79.9837
1.49	-53.6043	-53.7223	-52.8481	-51.1574	-48.7796	-45.7889	-42.2158	-38.0605	-33.3047	-27.9256	-21.9146	-15.3079	-8.21966	-0.864479	6.44311	13.3011	19.1908	23.221	22.8328	7.04452	-40.4809	-63.2524	-72.95	-77.0301	-78.7433	-79.4626	-79.7646	-79.8915	-79.9448	-79.9672	-79.9766	-79.9806	-79.9823	-79.983	-79.9834	-79.9837
1.495	-54.0259	-54.149	-53.3137	-51.684	-49.3832	-46.4822	-43.0099	-38.9653	-34.3294	-29.0768	-23.1926	-16.7007	-9.69651	-2.37329	4.97381	11.9608	18.1061	22.6718	23.834	14.3698	-33.6312	-60.1181	-71.5973	-76.4569	-78.5021	-79.3614	-79.7222	-79.8737	-79.9373	-79.964	-79.9753	-79.98	-79.982	-79.9829	-79.9834	-79.9836
1.5	-54.4366	-54.5644	-53.7666	-52.196	-49.9699	-47.1565	-43.7828	-39.8469	-35.3291	-30.2019	-24.4453	-18.0719	-11.1597	-3.88072	3.49025	10.5872	16.9565	21.9528	24.1229	17.8408	-25.8112	-56.509	-70.0275	-75.7853	-78.2173	-79.2412	-79.6716	-79.8524	-79.9284	-79.9603	-79.9737	-79.9793	-79.9817	-79.9828	-79.9833	-79.9836
1.505	-54.8367	-54.9689	-54.2071	-52.6936	-50.5402	-47.8121	-44.5348	-40.7057	-36.304	-31.301	-25.6722	-19.4205	-12.6074	-5.38399	1.99549	9.1826	15.7435	21.0842	23.9558	19.7442	-15.7183	-52.0166	-68.129	-74.9837	-77.8788	-79.0983	-79.6114	-79.8271	-79.9177	-79.9558	-79.9718	-79.9785	-79.9814	-79.9826	-79.9832	-79.9836
1.51	-55.2267	-55.3628	-54.6357	-53.1774	-51.0945	-48.4495	-45.2665	-41.542	-37.2546	-32.3743	-26.8732	-20.7454	-14.0376	-6.8805	0.492687	7.75107	14.4774	20.1169	23.6063	21.4239	-3.34269	-46.3315	-65.7688	-74.0042	-77.4701	-78.9271	-79.5395	-79.7968	-79.905	-79.9504	-79.9695	-79.9776	-79.981	-79.9824	-79.9831	-79.9835
1.515	-55.607	-55.7465	-55.0527	-53.6478	-51.6333	-49.0692	-45.9783	-42.3563	-38.1813	-33.4221	-28.048	-22.046	-15.4488	-8.36775	-1.01478	6.29764	13.1693	19.0856	23.1731	22.9645	7.99255	-39.8172	-62.9567	-72.8242	-76.9772	-78.7211	-79.4533	-79.7607	-79.8898	-79.944	-79.9668	-79.9764	-79.9805	-79.9822	-79.983	-79.9834
1.52	-55.9778	-56.1204	-55.4585	-54.1052	-52.157	-49.6716	-46.6707	-43.149	-39.0843	-34.4446	-29.1968	-23.3216	-16.8396	-9.84335	-2.5236	4.82678	11.8257	17.9947	22.608	23.8918	14.848	-32.9191	-59.7861	-71.4524	-76.3949	-78.4759	-79.3503	-79.7175	-79.8717	-79.9364	-79.9636	-79.9751	-79.9799	-79.982	-79.9829	-79.9834
1.525	-56.3396	-56.4848	-55.8536	-54.55	-52.666	-50.2572	-47.344	-43.9206	-39.9642	-35.4421	-30.3194	-24.5718	-18.2086	-11.3051	-4.03074	3.34197	10.4488	16.8386	21.8723	24.1211	18.0671	-24.9303	-56.1107	-69.8563	-75.7122	-78.1863	-79.228	-79.666	-79.85	-79.9273	-79.9598	-79.9734	-79.9792	-79.9817	-79.9828	-79.9833
1.53	-56.6925	-56.84	-56.2382	-54.9826	-53.1608	-50.8264	-47.9987	-44.6714	-40.8212	-36.4149	-31.4162	-25.7962	-19.5549	-12.7511	-5.53345	1.84626	9.04137	15.6198	20.9917	23.9258	19.9102	-14.5668	-51.5063	-67.9169	-74.8951	-77.8416	-79.0827	-79.6048	-79.8242	-79.9165	-79.9552	-79.9715	-79.9784	-79.9813	-79.9826	-79.9832
1.535	-57.037	-57.1864	-56.6127	-55.4034	-53.6419	-51.3796	-48.6353	-45.402	-41.6559	-37.3635	-32.4871	-26.9947	-20.8775	-14.1795	-7.02916	0.342834	7.60744	14.349	20.017	23.567	21.5902	-2.09226	-45.7103	-65.5081	-73.896	-77.425	-78.9082	-79.5316	-79.7935	-79.9035	-79.9498	-79.9692	-79.9774	-79.9809	-79.9824	-79.9831
1.54	-57.3732	-57.5241	-56.9774	-55.8127	-54.1095	-51.9174	-49.2542	-46.1127	-42.4687	-38.2881	-33.5326	-28.167	-22.1757	-15.5888	-8.51536	-1.16491	6.15209	13.0373	18.98	23.1238	23.0897	8.8914	-39.1511	-62.6578	-72.6965	-76.9234	-78.6985	-79.4438	-79.7567	-79.8881	-79.9433	-79.9665	-79.9763	-79.9804	-79.9822	-79.983
1.545	-57.7015	-57.8536	-57.3326	-56.211	-54.5642	-52.4401	-49.8558	-46.8039	-43.2599	-39.1892	-34.5527	-29.3133	-23.4488	-16.9775	-9.9897	-2.6737	4.6797	11.6902	17.8828	22.5425	23.9424	15.2896	-32.197	-59.4495	-71.3053	-76.3319	-78.4492	-79.339	-79.7127	-79.8696	-79.9355	-79.9632	-79.9749	-79.9798	-79.9819	-79.9828
1.55	-58.0221	-58.175	-57.6787	-56.5985	-55.0062	-52.9481	-50.4407	-47.4762	-44.0299	-40.0671	-35.548	-30.4335	-24.6965	-18.3443	-11.45	-4.18052	3.19367	10.3103	16.7202	21.7904	24.1153	18.2809	-24.025	-55.7031	-69.6817	-75.6379	-78.1547	-79.2146	-79.6603	-79.8476	-79.9263	-79.9593	-79.9732	-79.9791	-79.9816	-79.9826
1.555	-58.3353	-58.4886	-58.0159	-56.9756	-55.4361	-53.4419	-51.0092	-48.13	-44.7794	-40.9223	-36.5186	-31.5277	-25.9184	-19.6883	-12.8943	-5.68266	1.69705	8.89993	15.4956	20.8982	23.8944	20.0757	-13.3912	-50.9837	-67.7	-74.8047	-77.8037	-79.0667	-79.598	-79.8214	-79.9152	-79.9547	-79.9713	-79.9783	-79.9812	-79.9824
1.56	-58.6411	-58.7947	-58.3444	-57.3426	-55.8541	-53.9219	-51.5618	-48.7656	-45.5085	-41.7552	-37.465	-32.5963	-27.1143	-21.0085	-14.3209	-7.17754	0.19304	7.46365	14.2204	19.9165	23.527	21.7551	-0.8568	-45.0816	-65.2429	-73.7858	-77.3791	-78.889	-79.5235	-79.7901	-79.9021	-79.9491	-79.9689	-79.9773	-79.9808	-79.9822
1.565	-58.94	-59.0934	-58.6647	-57.6999	-56.2607	-54.3886	-52.0989	-49.3836	-46.2179	-42.5662	-38.3875	-33.6393	-28.2841	-22.3043	-15.7282	-8.66267	-1.31496	6.00643	12.9049	18.8737	23.0732	23.2079	9.74019	-38.4824	-62.3557	-72.567	-76.8688	-78.6756	-79.4341	-79.7526	-79.8863	-79.9425	-79.9661	-79.9761	-79.9802	-79.9819
1.57	-59.2319	-59.3849	-58.9768	-58.0477	-56.6561	-54.8422	-52.6209	-49.9844	-46.9078	-43.3556	-39.2864	-34.6571	-29.4279	-23.575	-17.1148	-10.1357	-2.82367	4.53255	11.5545	17.7702	22.4752	23.9861	15.6974	-31.4634	-59.1079	-71.156	-76.268	-78.422	-79.3275	-79.7078	-79.8675	-79.9346	-79.9628	-79.9746	-79.9796	-79.9815
1.575	-59.5172	-59.6696	-59.2811	-58.3863	-57.0407	-55.2832	-53.1283	-50.5684	-47.5789	-44.1241	-40.1623	-35.65	-30.5455	-24.8201	-18.4794	-11.5945	-4.33015	3.04533	10.1714	16.6011	21.7071	24.1056	18.484	-23.0941	-55.2859	-69.5036	-75.5622	-78.1226	-79.201	-79.6546	-79.8451	-79.9252	-79.9588	-79.973	-79.9788	-79.9811
1.58	-59.796	-59.9475	-59.5777	-58.716	-57.4149	-55.7119	-53.6214	-51.1361	-48.2314	-44.8718	-41.0156	-36.6183	-31.6373	-26.0395	-19.8211	-13.0372	-5.83169	1.54782	8.75828	15.371	20.8039	23.8618	20.2411	-12.1933	-50.4486	-67.4783	-74.7125	-77.7651	-79.0505	-79.5911	-79.8184	-79.914	-79.9541	-79.9709	-79.9779	-79.9806
1.585	-60.0684	-60.2188	-59.8669	-59.0371	-57.7789	-56.1288	-54.1008	-51.6878	-48.8659	-45.5994	-41.8465	-37.5625	-32.7033	-27.2328	-21.1389	-14.4619	-7.32571	0.0432704	7.3197	14.0913	19.8154	23.4863	21.918	0.35846	-44.4462	-64.9735	-73.6736	-77.3323	-78.8695	-79.5153	-79.7866	-79.9006	-79.9485	-79.9685	-79.9769	-79.9801
1.59	-60.3347	-60.4838	-60.149	-59.3498	-58.1331	-56.5341	-54.5667	-52.2241	-49.4828	-46.3073	-42.6556	-38.4827	-33.7439	-28.4001	-22.4322	-15.8672	-8.80974	-1.46494	5.86065	12.7723	18.7669	23.0212	23.319	10.5387	-37.811	-62.0503	-72.4357	-76.8133	-78.6522	-79.4243	-79.7484	-79.8845	-79.9417	-79.9657	-79.9756	-79.9794
1.595	-60.5949	-60.7425	-60.424	-59.6543	-58.4777	-56.9283	-55.0196	-52.7454	-50.0824	-46.9957	-43.4432	-39.3796	-34.7593	-29.5412	-23.7004	-17.2517	-10.2815	-2.97356	4.38531	11.4185	17.657	22.4062	24.0231	16.0739	-30.7169	-58.7609	-71.0045	-76.2031	-78.3945	-79.3158	-79.7029	-79.8654	-79.9337	-79.9623	-79.9741	-79.9785
1.6	-60.8493	-60.9952	-60.6922	-59.9509	-58.8131	-57.3116	-55.4599	-53.252	-50.6654	-47.6653	-44.2098	-40.2533	-35.7498	-30.6564	-24.943	-18.6141	-11.7387	-4.47967	2.89693	10.0323	16.4814	21.6225	24.0925	18.6781	-22.1369	-54.8586	-69.3219	-75.4851	-78.09	-79.1872	-79.6487	-79.8426	-79.924	-79.9582	-79.9723	-79.9776
1.605	-61.0979	-61.242	-60.9538	-60.2399	-59.1395	-57.6844	-55.8879	-53.7444	-51.232	-48.3164	-44.9558	-41.1045	-36.7158	-31.7456	-26.1598	-19.9534	-13.1797	-5.98057	1.39857	8.6164	15.2458	20.7088	23.8281	20.4068	-10.9756	-49.9013	-67.2517	-74.6184	-77.7257	-79.0339	-79.5842	-79.8154	-79.9126	-79.9533	-79.9701	-79.9764
1.61	-61.3409	-61.4831	-61.209	-60.5213	-59.4572	-58.047	-56.304	-54.223	-51.7827	-48.9496	-45.6817	-41.9334	-37.6576	-32.8092	-27.3506	-21.2688	-14.6026	-7.47371	-0.106494	7.17557	13.9619	19.7138	23.4448	22.0784	1.5484	-43.805	-64.7001	-73.5594	-77.2847	-78.8496	-79.5069	-79.783	-79.8989	-79.9475	-79.9676	-79.975
1.615	-61.5784	-61.7185	-61.4579	-60.7956	-59.7663	-58.3997	-56.7086	-54.6882	-52.3181	-49.5651	-46.3878	-42.7404	-38.5756	-33.8473	-28.5153	-22.5597	-16.0059	-8.95662	-1.61488	5.71474	12.6393	18.6595	22.9676	23.4227	11.2873	-37.1363	-61.7416	-72.3026	-76.7569	-78.6285	-79.4143	-79.7441	-79.8826	-79.9406	-79.9645	-79.9734
1.62	-61.8105	-61.9485	-61.7008	-61.0628	-60.0673	-58.7428	-57.1019	-55.1404	-52.8383	-50.1635	-47.0747	-43.5261	-39.4703	-34.8602	-29.6539	-23.8253	-17.3882	-10.427	-3.12338	4.23796	11.2822	17.5431	22.3356	24.0537	16.4218	-29.9561	-58.4081	-70.8505	-76.1371	-78.3664	-79.3039	-79.6978	-79.8631	-79.9323	-79.9608	-79.9714
1.625	-62.0373	-62.1731	-61.9376	-61.3231	-60.3602	-59.0765	-57.4844	-55.5799	-53.344	-50.7451	-47.7427	-44.2908	-40.3419	-35.8483	-30.7664	-25.0654	-18.7483	-11.8827	-4.62909	2.74846	9.89286	16.3612	21.5367	24.0762	18.8646	-21.1524	-54.4206	-69.1364	-75.4066	-78.0567	-79.1731	-79.6426	-79.8399	-79.9225	-79.9565	-79.9691
1.63	-62.259	-62.3924	-62.1687	-61.5768	-60.6454	-59.4012	-57.8563	-56.0072	-53.8355	-51.3105	-48.3922	-45.035	-41.1908	-36.812	-31.8531	-26.2796	-20.0854	-13.322	-6.12933	1.24929	8.47429	15.1203	20.6129	23.7933	20.5729	-9.74103	-49.3421	-67.0202	-74.5224	-77.6856	-79.017	-79.5769	-79.8122	-79.9107	-79.9513	-79.9663
1.635	-62.4757	-62.6067	-62.3942	-61.824	-60.9231	-59.717	-58.218	-56.4225	-54.3132	-51.8601	-49.0238	-45.759	-42.0177	-37.7514	-32.9142	-27.4678	-21.3984	-14.743	-7.62156	-0.256261	7.03127	13.8322	19.6116	23.4025	22.2356	2.70815	-43.1587	-64.4226	-73.4433	-77.2363	-78.8292	-79.4982	-79.7791	-79.8967	-79.9451	-79.9629
1.64	-62.6874	-62.816	-62.6141	-62.0649	-61.1934	-60.0244	-58.5697	-56.8263	-54.7775	-52.3942	-49.6379	-46.4634	-42.8227	-38.6672	-33.9498	-28.6299	-22.6867	-16.1442	-9.10333	-1.7648	5.56869	12.506	18.5514	22.9124	23.5188	11.9868	-36.4578	-61.4296	-72.1676	-76.6995	-78.6043	-79.4039	-79.7395	-79.8799	-79.9376	-79.9589
1.645	-62.8944	-63.0205	-62.8288	-62.2996	-61.4566	-60.3234	-58.9117	-57.2189	-55.2288	-52.9134	-50.2348	-47.1485	-43.6063	-39.5595	-34.9603	-29.7659	-23.9499	-17.5244	-10.5723	-3.27315	4.09052	11.1456	17.4286	22.2632	24.0781	16.7437	-29.1793	-58.049	-70.6941	-76.07	-78.3379	-79.2917	-79.6922	-79.8599	-79.9288	-79.9542
1.65	-63.0966	-63.2202	-63.0382	-62.5284	-61.7129	-60.6144	-59.2444	-57.6006	-55.6675	-53.418	-50.8151	-47.8148	-44.3691	-40.4289	-35.946	-30.8759	-25.1874	-18.8823	-12.0265	-4.77843	2.59991	9.75319	16.2404	21.4496	24.0569	19.0451	-20.1402	-53.9715	-68.9468	-75.3265	-78.0228	-79.1586	-79.6361	-79.836	-79.9182	-79.9485
1.655	-63.2941	-63.4153	-63.2425	-62.7514	-61.9624	-60.8976	-59.568	-57.9717	-56.0939	-53.9084	-51.3792	-48.4627	-45.1113	-41.2757	-36.9072	-31.9601	-26.399	-20.217	-13.464	-6.27798	1.09996	8.33197	14.9942	20.5163	23.7577	20.7395	-8.493	-48.7713	-66.7838	-74.4243	-77.6446	-78.9996	-79.5691	-79.8076	-79.9057	-79.9418
1.66	-63.4872	-63.6058	-63.4418	-62.9688	-62.2055	-61.1731	-59.8827	-58.3325	-56.5084	-54.385	-51.9274	-49.0927	-45.8335	-42.1004	-37.8443	-33.0186	-27.5847	-21.5276	-14.8831	-7.76928	-0.406035	6.88679	13.702	19.5089	23.3592	22.389	3.83319	-42.508	-64.1413	-73.3252	-77.1868	-78.8083	-79.4888	-79.7736	-79.8906	-79.9337
1.665	-63.6758	-63.7919	-63.6364	-63.1806	-62.4421	-61.4413	-60.1888	-58.6834	-56.9113	-54.8483	-52.4603	-49.7052	-46.536	-42.9033	-38.7578	-34.0517	-28.7442	-22.8134	-16.2823	-9.24988	-1.91469	5.42251	12.3724	18.4428	22.8557	23.6073	12.6387	-35.7749	-61.1141	-72.0307	-76.6412	-78.5793	-79.3927	-79.7329	-79.8727	-79.9241
1.67	-63.8602	-63.9737	-63.8262	-63.3871	-62.6726	-61.7022	-60.4867	-59.0245	-57.303	-55.2986	-52.9782	-50.3006	-47.2194	-43.685	-39.6479	-35.0598	-29.8776	-24.0741	-17.6604	-10.7175	-3.42286	3.94297	11.0087	17.3134	22.1892	24.0968	17.0421	-28.3852	-57.6833	-70.535	-76.0017	-78.3085	-79.2783	-79.6844	-79.8513	-79.9126
1.675	-64.0402	-64.1513	-64.0115	-63.5885	-62.897	-61.9562	-60.7764	-59.3563	-57.6839	-55.7363	-53.4815	-50.8794	-47.8839	-44.4457	-40.515	-36.043	-30.985	-25.309	-19.016	-12.1701	-4.92768	2.4513	9.61325	16.119	21.3613	24.0351	19.2206	-19.1001	-53.511	-68.753	-75.2447	-77.9878	-79.1427	-79.6267	-79.8257	-79.8989
1.68	-64.2162	-64.3247	-64.1923	-63.7847	-63.1157	-62.2035	-61.0582	-59.679	-58.0541	-56.1617	-53.9708	-51.442	-48.5301	-45.186	-41.3596	-37.0019	-32.0666	-26.5181	-20.3483	-13.6059	-6.42653	0.950591	8.18942	14.8678	20.419	23.7213	20.9066	-7.23528	-48.1893	-66.5423	-74.3241	-77.6022	-78.9805	-79.5579	-79.7953	-79.8825
1.685	-64.388	-64.4941	-64.3687	-63.976	-63.3286	-62.4441	-61.3324	-59.9929	-58.4141	-56.5753	-54.4463	-51.9889	-49.1585	-45.9063	-42.1822	-37.9367	-33.1226	-27.7011	-21.6565	-15.0231	-7.91687	-0.555815	6.74215	13.5716	19.4056	23.3149	22.5379	4.91949	-41.8535	-63.8563	-73.2049	-77.1358	-78.7854	-79.4754	-79.7589	-79.863
1.69	-64.556	-64.6596	-64.5409	-64.1625	-63.536	-62.6783	-61.5992	-60.2981	-58.7642	-56.9773	-54.9084	-52.5204	-49.7693	-46.6069	-42.983	-38.8478	-34.1533	-28.8581	-22.9399	-16.4202	-9.39628	-2.06456	5.27619	12.2384	18.3336	22.7972	23.6882	13.2446	-35.0865	-60.7947	-71.8915	-76.5812	-78.5521	-79.3767	-79.7154	-79.8397
1.695	-64.72	-64.8212	-64.7089	-64.3444	-63.738	-62.9063	-61.8588	-60.5949	-59.1045	-57.3681	-55.3576	-53.037	-50.3632	-47.2884	-43.7626	-39.7356	-35.1588	-29.9889	-24.1979	-17.7961	-10.8625	-3.57251	3.79531	10.8715	17.1976	22.1135	24.1099	17.3194	-27.572	-57.3102	-70.3728	-75.9313	-78.2763	-79.2593	-79.6635	-79.8118
1.7	-64.8803	-64.9791	-64.873	-64.5217	-63.9349	-63.1283	-62.1113	-60.8837	-59.4355	-57.748	-55.7942	-53.539	-50.9404	-47.9512	-44.5213	-40.6005	-36.1397	-31.0938	-25.4304	-19.1494	-12.3135	-5.07686	2.3026	9.47304	15.9971	21.2719	24.0109	19.3925	-18.0318	-53.0385	-68.5545	-75.1601	-77.9494	-79.1201	-79.6018	-79.7787
1.705	-65.0368	-65.1334	-65.0331	-64.6947	-64.1266	-63.3444	-62.3571	-61.1646	-59.7573	-58.1174	-56.2186	-54.027	-51.5016	-48.5957	-45.2596	-41.4429	-37.0961	-32.1728	-26.6369	-20.4794	-13.7475	-6.57497	0.801183	8.04665	14.7409	20.3211	23.6842	21.074	-5.97194	-47.5964	-66.2954	-74.2205	-77.5559	-78.9534	-79.5281	-79.7391
1.71	-65.1898	-65.2841	-65.1894	-64.8633	-64.3134	-63.5548	-62.5962	-61.4378	-60.0703	-58.4765	-56.6311	-54.5013	-52.0469	-49.2223	-45.978	-42.2633	-38.0285	-33.2263	-27.8173	-21.7851	-15.1628	-8.06433	-0.705602	6.59733	13.4407	19.3018	23.2696	22.6818	5.96374	-41.1955	-63.567	-73.0811	-77.0801	-78.7528	-79.4398	-79.6918
1.715	-65.3392	-65.4313	-65.3419	-65.0277	-64.4955	-63.7596	-62.8289	-61.7035	-60.3747	-58.8257	-57.0322	-54.9622	-52.577	-49.8315	-46.6767	-43.062	-38.9373	-34.2544	-28.9716	-23.066	-16.5579	-9.54253	-2.2144	5.12975	12.1042	18.2237	22.7371	23.7615	13.8067	-34.3912	-60.4707	-71.7484	-76.5155	-78.5134	-79.3342	-79.6352
1.72	-65.4852	-65.5751	-65.4909	-65.1881	-64.6728	-63.959	-63.0554	-61.9621	-60.6707	-59.1652	-57.422	-55.4103	-53.0922	-50.4238	-47.3564	-43.8395	-39.8228	-35.2575	-30.0999	-24.3215	-17.9315	-11.0073	-3.72212	3.64756	10.734	17.0812	22.0363	24.118	17.5781	-26.7377	-56.9283	-70.2052	-75.8542	-78.2304	-79.2087	-79.5678
1.725	-65.6278	-65.7156	-65.6363	-65.3446	-64.8457	-64.1533	-63.2758	-62.2136	-60.9586	-59.4953	-57.801	-55.8457	-53.5929	-50.9995	-48.0174	-44.5962	-40.6855	-36.2359	-31.2022	-25.5514	-19.2826	-12.4567	-5.22596	2.15384	9.33257	15.8746	21.1815	23.9847	19.5618	-16.9347	-52.5525	-68.3486	-75.0672	-77.8946	-79.0597	-79.4875
1.73	-65.7672	-65.8529	-65.7783	-65.4972	-65.0141	-64.3424	-63.4903	-62.4583	-61.2387	-59.8164	-58.1694	-56.269	-54.0796	-51.559	-48.6601	-45.3326	-41.5257	-37.1899	-32.2787	-26.7553	-20.6102	-13.8889	-6.72331	0.651738	7.90368	14.6136	20.2225	23.6464	21.2417	-4.70643	-46.9917	-66.0402	-74.1068	-77.4898	-78.8811	-79.3917
1.735	-65.9033	-65.987	-65.9169	-65.646	-65.1783	-64.5266	-63.6991	-62.6964	-61.511	-60.1285	-58.5276	-56.6805	-54.5526	-52.1029	-49.285	-46.049	-42.344	-38.12	-33.3296	-27.9332	-21.9135	-15.3022	-8.21167	-0.855393	6.45235	13.3096	19.1974	23.2232	22.8203	6.96405	-40.5322	-63.2699	-72.9457	-77.0009	-78.6664	-79.2769
1.74	-66.0363	-66.1181	-66.0523	-65.7913	-65.3384	-64.706	-63.9023	-62.928	-61.7759	-60.4321	-58.8759	-57.0805	-55.0124	-52.6316	-49.8926	-46.7458	-43.1406	-39.0265	-34.3552	-29.0849	-23.1918	-16.6953	-9.68863	-2.36421	4.98317	11.9696	18.1132	22.6753	23.8275	14.3281	-33.6854	-60.1373	-71.5918	-76.422	-78.4103	-79.1396
1.745	-66.1663	-66.2462	-66.1846	-65.933	-65.4944	-64.8807	-64.1002	-63.1534	-62.0336	-60.7273	-59.2146	-57.4693	-55.4592	-53.1454	-50.4832	-47.4236	-43.916	-39.9097	-35.3559	-30.2106	-24.4449	-18.0667	-11.152	-3.87167	3.49971	10.5962	16.9642	21.9577	24.1214	17.821	-25.8771	-56.5316	-70.0207	-75.7435	-78.1077	-78.9765
1.75	-66.2933	-66.3714	-66.3137	-66.0713	-65.6465	-65.0509	-64.2927	-63.3727	-62.2843	-61.0144	-59.5438	-57.8473	-55.8935	-53.6447	-51.0573	-48.0828	-44.6707	-40.7702	-36.3318	-31.3103	-25.6721	-19.4155	-12.5998	-5.37498	2.00502	9.19185	15.7517	21.0901	23.9569	19.7303	-15.8042	-52.0457	-68.1212	-74.9339	-77.748	-78.7825
1.755	-66.4174	-66.4937	-66.4399	-66.2063	-65.7948	-65.2168	-64.4802	-63.5861	-62.5281	-61.2936	-59.864	-58.2148	-56.3157	-54.1301	-51.6153	-48.7238	-45.405	-41.6082	-37.2835	-32.3842	-26.8735	-20.7407	-14.0301	-6.87155	0.50226	7.76051	14.4859	20.1234	23.6083	21.4105	-3.43714	-46.3667	-65.7597	-73.9448	-77.3139	-78.5501
1.76	-66.5387	-66.6133	-66.5631	-66.338	-65.9394	-65.3783	-64.6628	-63.7938	-62.7654	-61.5652	-60.1753	-58.5721	-56.7261	-54.6018	-52.1577	-49.347	-46.1195	-42.4243	-38.2112	-33.4327	-28.0487	-22.0415	-15.4415	-8.35888	-1.00518	6.30722	13.1781	19.0926	23.1759	22.9542	7.92388	-39.8524	-62.9444	-72.7529	-76.7906	-78.2709
1.765	-66.6573	-66.7302	-66.6835	-66.4666	-66.0804	-65.5358	-64.8406	-63.9959	-62.9961	-61.8294	-60.4781	-58.9194	-57.125	-55.0603	-52.6849	-49.9528	-46.8144	-43.2188	-39.1153	-34.4558	-29.1979	-23.3174	-16.8325	-9.83458	-2.514	4.83648	11.8347	18.0022	22.6121	23.8874	14.8155	-32.9521	-59.7684	-71.3662	-76.1717	-77.9379
1.77	-66.7732	-66.8445	-66.8011	-66.5921	-66.2179	-65.6892	-65.0137	-64.1926	-63.2207	-62.0863	-60.7725	-59.2572	-57.5127	-55.5059	-53.1972	-50.5418	-47.4904	-43.9921	-39.9963	-35.454	-30.321	-24.5679	-18.2017	-11.2965	-4.02116	3.35177	10.4582	16.8466	21.8778	24.1215	18.0545	-24.9665	-56.087	-69.7522	-75.4452	-77.5439
1.775	-66.8864	-66.9562	-66.9161	-66.7147	-66.3521	-65.8387	-65.1823	-64.3841	-63.4391	-62.3362	-61.0588	-59.5856	-57.8897	-55.939	-53.6952	-51.1143	-48.1477	-44.7448	-40.8545	-36.4275	-31.4181	-25.7926	-19.5482	-12.7426	-5.52391	1.85613	9.0509	15.6283	20.9981	23.9288	19.9043	-14.6096	-51.476	-67.7911	-74.5755	-77.0748
1.78	-66.9972	-67.0655	-67.0285	-66.8344	-66.483	-65.9845	-65.3465	-64.5705	-63.6517	-62.5793	-61.3373	-59.9049	-58.2562	-56.3601	-54.1792	-51.6708	-48.7869	-45.4771	-41.6903	-37.3767	-32.4895	-26.9914	-20.871	-14.1711	-7.01968	0.352764	7.61717	14.3579	20.0242	23.5712	21.5866	-2.13199	-45.6688	-65.3554	-73.5132	-76.5088
1.785	-67.1054	-67.1723	-67.1383	-66.9513	-66.6107	-66.1266	-65.5064	-64.752	-63.8586	-62.8158	-61.6081	-60.2154	-58.6125	-56.7693	-54.6496	-52.2117	-49.4084	-46.1896	-42.5043	-38.3021	-33.5354	-28.164	-22.1694	-15.5806	-8.50595	-1.15496	6.16198	13.0465	18.9877	23.1291	23.0895	8.87304	-39.0883	-62.4699	-72.2368	-75.8274
1.79	-67.2113	-67.2768	-67.2456	-67.0655	-66.7354	-66.2651	-65.6623	-64.9287	-64.0599	-63.0458	-61.8715	-60.5173	-58.959	-57.1671	-55.1068	-52.7374	-50.0126	-46.8827	-43.2966	-39.2039	-34.5561	-29.3106	-23.4428	-16.9694	-9.98038	-2.66373	4.68972	11.6997	17.8911	22.549	23.9468	15.2954	-32.0992	-59.2148	-70.7516	-75.0203
1.795	-67.3148	-67.379	-67.3506	-67.1771	-66.857	-66.4002	-65.8141	-65.1007	-64.2558	-63.2696	-62.1277	-60.811	-59.2958	-57.5538	-55.5512	-53.2483	-50.5999	-47.5568	-44.0679	-40.0826	-35.5518	-30.4311	-24.6907	-18.3364	-11.4408	-4.17057	3.20379	10.32	16.729	21.7982	24.124	18.305	-23.8727	-55.4051	-69.0128	-74.0691
1.8	-67.416	-67.479	-67.4532	-67.286	-66.9758	-66.5319	-65.962	-65.2682	-64.4464	-63.4874	-62.3769	-61.0965	-59.6233	-57.9298	-55.9832	-53.7449	-51.1708	-48.2123	-44.8185	-40.9386	-36.5229	-31.5257	-25.9128	-19.6806	-12.8852	-5.67274	1.70725	8.9099	15.505	20.9073	23.9073	20.1161	-13.1668	-50.5997	-66.8887	-72.9268
1.805	-67.515	-67.5768	-67.5536	-67.3925	-67.0917	-66.6604	-66.1062	-65.4313	-64.632	-63.6992	-62.6193	-61.3742	-59.9418	-58.2953	-56.403	-54.2275	-51.7257	-48.8497	-45.5489	-41.7722	-37.4697	-32.5945	-27.109	-21.001	-14.312	-7.16767	0.203315	7.47386	14.2303	19.9269	23.5436	21.8081	-0.586455	-44.5875	-64.2547	-71.5316
1.81	-67.6119	-67.6725	-67.6518	-67.4966	-67.2049	-66.7857	-66.2468	-65.5902	-64.8127	-63.9054	-62.8551	-61.6443	-60.2514	-58.6507	-56.8112	-54.6966	-52.2651	-49.4694	-46.2594	-42.584	-38.3927	-33.6379	-28.279	-22.2969	-15.7194	-8.65286	-1.30463	6.01685	12.9153	18.8851	23.0917	23.2623	9.98236	-37.8424	-61.1445	-69.854
1.815	-67.7067	-67.7662	-67.7478	-67.5984	-67.3154	-66.908	-66.3837	-65.745	-64.9885	-64.106	-63.0845	-61.907	-60.5526	-58.9961	-57.2079	-55.1526	-52.7893	-50.0719	-46.9506	-43.3742	-39.2922	-34.6561	-29.423	-23.5678	-17.1061	-10.126	-2.81333	4.54314	11.5653	17.7822	22.4941	24.0371	15.9046	-30.5823	-57.602	-67.8853
1.82	-67.7994	-67.8578	-67.8418	-67.6978	-67.4234	-67.0273	-66.5173	-65.8958	-65.1597	-64.3012	-63.3076	-62.1624	-60.8454	-59.3321	-57.5935	-55.5957	-53.2988	-50.6576	-47.6228	-44.1435	-40.1687	-35.6493	-30.5409	-24.8132	-18.4709	-11.5849	-4.3198	3.05606	10.1825	16.6137	21.7273	24.1607	18.7176	-21.8037	-53.3698	-65.5467
1.825	-67.8901	-67.9476	-67.9338	-67.7951	-67.5288	-67.1438	-66.6475	-66.0427	-65.3265	-64.4912	-63.5247	-62.4109	-61.1302	-59.6587	-57.9685	-56.0265	-53.794	-51.2269	-48.2766	-44.892	-41.0224	-36.618	-31.633	-26.0328	-19.8127	-13.0276	-5.82135	1.55869	8.76975	15.3846	20.8274	23.9319	20.5541	-10.3892	-47.9687	-62.6554
1.83	-67.979	-68.0354	-68.0237	-67.8902	-67.6319	-67.2575	-66.7745	-66.1858	-65.4888	-64.6761	-63.7359	-62.6526	-61.4071	-59.9763	-58.333	-56.4452	-54.2753	-51.7803	-48.9122	-45.6204	-41.8538	-37.5625	-32.6993	-27.2263	-21.1307	-14.4525	-7.31539	0.0542818	7.33166	14.1064	19.8436	23.573	22.2919	2.35639	-41.2552	-59.0491
1.835	-68.0659	-68.1215	-68.1118	-67.9833	-67.7326	-67.3685	-66.8984	-66.3253	-65.6469	-64.8561	-63.9414	-62.8878	-61.6764	-60.2851	-58.6873	-56.8521	-54.7431	-52.3181	-49.5302	-46.329	-42.6634	-38.4831	-33.7401	-28.3938	-22.4242	-15.8579	-8.79945	-1.45378	5.87311	12.7886	18.798	23.1121	23.6705	12.169	-33.6584	-54.7101
1.84	-68.151	-68.2057	-68.1981	-68.0743	-67.831	-67.4768	-67.0192	-66.4613	-65.8009	-65.0313	-64.1414	-63.1165	-61.9384	-60.5854	-59.0319	-57.2478	-55.1978	-52.8409	-50.131	-47.0183	-43.4516	-39.3803	-34.7558	-29.5352	-23.6926	-17.2425	-10.2712	-2.96228	4.39818	11.4358	17.6892	22.4938	24.3336	17.4153	-24.9041	-49.4785
1.845	-68.2344	-68.2882	-68.2825	-68.1633	-67.9272	-67.5827	-67.1371	-66.5939	-65.951	-65.2019	-64.336	-63.339	-62.1932	-60.8774	-59.3669	-57.6324	-55.6397	-53.349	-50.715	-47.6887	-44.2188	-40.2545	-35.7466	-30.6505	-24.9354	-18.605	-11.7285	-4.46828	2.91017	10.0503	16.5152	21.7141	24.4235	20.1933	-13.6311	-42.7276
1.85	-68.316	-68.3691	-68.3652	-68.2505	-68.0213	-67.686	-67.2522	-66.7231	-66.0971	-65.368	-64.5254	-63.5555	-62.441	-61.1614	-59.6926	-58.0062	-56.0692	-53.8428	-51.2828	-48.3406	-44.9653	-41.106	-36.7129	-31.74	-26.1524	-19.9445	-13.1695	-5.96908	1.41227	8.63577	15.284	20.8178	24.2418	22.3538	0.159093	-33.6593
1.855	-68.3959	-68.4483	-68.4462	-68.3358	-68.1133	-67.787	-67.3645	-66.8492	-66.2395	-65.5297	-64.7097	-63.7661	-62.682	-61.4376	-60.0093	-58.3697	-56.4867	-54.3227	-51.8346	-48.9744	-45.6917	-41.9352	-37.6549	-32.8037	-27.3433	-21.2601	-14.5925	-7.46208	-0.0921989	7.19685	14.0062	19.8429	23.9238	24.1892	12.4692	-21.7815
1.86	-68.4742	-68.5259	-68.5255	-68.4193	-68.2033	-67.8857	-67.4741	-66.9721	-66.3783	-65.6872	-64.8891	-63.971	-62.9165	-61.7062	-60.3173	-58.7231	-56.8926	-54.7892	-52.3709	-49.5907	-46.3984	-42.7427	-38.5732	-33.8421	-28.5082	-22.5511	-15.9958	-8.94482	-1.5999	5.73799	12.6886	18.7993	23.4502	25.3465	20.1335	-6.24099
1.865	-68.5509	-68.602	-68.6033	-68.501	-68.2913	-67.9821	-67.5812	-67.092	-66.5136	-65.8406	-65.0638	-64.1704	-63.1446	-61.9674	-60.6167	-59.0667	-57.2871	-55.2426	-52.8922	-50.1898	-47.0858	-43.5287	-39.4681	-34.8552	-29.647	-23.8169	-17.3782	-10.415	-3.10773	4.26294	11.3352	17.688	22.8112	25.8675	24.6026	11.1403
1.87	-68.6261	-68.6765	-68.6794	-68.5811	-68.3775	-68.0764	-67.6857	-67.209	-66.6455	-65.9901	-65.2338	-64.3644	-63.3665	-62.2215	-60.908	-59.4008	-57.6706	-55.6832	-53.3988	-50.7722	-47.7543	-44.2938	-40.34	-35.8436	-30.7597	-25.0571	-18.7384	-11.8706	-4.6128	2.77502	9.9492	16.5126	22.0236	25.9123	27.1018	22.8882
1.875	-68.6998	-68.7496	-68.7541	-68.6596	-68.4617	-68.1686	-67.7878	-67.3231	-66.774	-66.1356	-65.3994	-64.5532	-63.5823	-62.4686	-61.1912	-59.7256	-58.0435	-56.1116	-53.8912	-51.3384	-48.4044	-45.0383	-41.1893	-36.8074	-31.8466	-26.2715	-20.0754	-13.3096	-6.11243	1.27736	8.53388	15.2777	21.1053	25.577	28.1066	27.7166
1.88	-68.7721	-68.8213	-68.8273	-68.7364	-68.5443	-68.2587	-67.8875	-67.4345	-66.8994	-66.2775	-65.5606	-64.737	-63.7923	-62.709	-61.4666	-60.0414	-58.4059	-56.5279	-54.3698	-51.8886	-49.0365	-45.7628	-42.0164	-37.7471	-32.9078	-27.4598	-21.3885	-14.7305	-7.60412	-0.226968	7.09279	13.9892	20.0763	24.9614	28.1997	29.1699
1.885	-68.8429	-68.8916	-68.8991	-68.8117	-68.625	-68.3469	-67.9849	-67.5433	-67.0217	-66.4157	-65.7175	-64.9159	-63.9967	-62.9428	-61.7345	-60.3486	-58.7584	-56.9326	-54.835	-52.4234	-49.651	-46.4675	-42.8217	-38.6631	-33.9436	-28.622	-22.6769	-16.1317	-9.08551	-1.7349	5.62984	12.654	18.9578	24.1556	27.8166	29.3374
1.89	-68.9123	-68.9606	-68.9694	-68.8855	-68.7041	-68.4331	-68.0802	-67.6495	-67.1409	-66.5505	-65.8705	-65.09	-64.1955	-63.1703	-61.995	-60.6472	-59.101	-57.326	-55.2871	-52.9432	-50.2485	-47.153	-43.6056	-39.5556	-34.9543	-29.7582	-23.9401	-17.5118	-10.5544	-3.24338	4.14907	11.2789	17.7677	23.2214	27.1842	28.9977
1.895	-68.9804	-69.0282	-69.0385	-68.9578	-68.7816	-68.5175	-68.1732	-67.7531	-67.2573	-66.6818	-66.0194	-65.2596	-64.389	-63.3915	-62.2484	-60.9376	-59.4341	-57.7085	-55.7265	-53.4485	-50.8292	-47.8196	-44.3686	-40.4252	-35.9402	-30.8683	-25.1777	-18.8697	-12.0087	-4.74943	2.65453	9.87029	16.5195	22.1947	26.4046	28.4207
1.9	-69.0472	-69.0946	-69.1062	-69.0287	-68.8574	-68.6	-68.2642	-67.8544	-67.3708	-66.8098	-66.1645	-65.4246	-64.5773	-63.6068	-62.4948	-61.2201	-59.758	-58.0803	-56.1537	-53.9395	-51.3937	-48.4679	-45.1111	-41.2723	-36.9016	-31.9526	-26.3895	-20.2045	-13.4465	-6.25019	1.15008	8.43359	15.2226	21.0951	25.5224	27.7037
1.905	-69.1127	-69.1597	-69.1726	-69.0982	-68.9318	-68.6809	-68.3532	-67.9533	-67.4816	-66.9347	-66.3059	-65.5854	-64.7606	-63.8162	-62.7345	-61.4947	-60.073	-58.4418	-56.5688	-54.4167	-51.9425	-49.0983	-45.8336	-42.0972	-37.8389	-33.0113	-27.5753	-21.5153	-14.8661	-7.74298	-0.360667	6.97353	13.8837	19.934	24.5581	26.8848
1.91	-69.1771	-69.2237	-69.2378	-69.1664	-69.0046	-68.76	-68.4402	-68.0499	-67.5897	-67.0564	-66.4436	-65.7419	-64.9389	-64.02	-62.9677	-61.7619	-60.3793	-58.7932	-56.9724	-54.8806	-52.4758	-49.7111	-46.5364	-42.9003	-38.7525	-34.0446	-28.735	-22.8015	-16.2659	-9.22529	-1.87435	5.49427	12.5081	18.7184	23.5223	25.9812
1.915	-69.2402	-69.2864	-69.3018	-69.2333	-69.076	-68.8375	-68.5254	-68.1444	-67.6953	-67.1752	-66.5779	-65.8943	-65.1126	-64.2183	-63.1945	-62.0217	-60.6771	-59.1349	-57.3647	-55.3314	-52.9941	-50.3069	-47.22	-43.6822	-39.6428	-35.0528	-29.8686	-24.0625	-17.6447	-10.6948	-3.38782	3.99959	11.1	17.4534	22.4218	25.0021
1.92	-69.3021	-69.3481	-69.3646	-69.2989	-69.146	-68.9133	-68.6087	-68.2367	-67.7984	-67.2911	-66.7088	-66.0428	-65.2816	-64.4113	-63.4152	-62.2743	-60.9667	-59.4671	-57.7461	-55.7696	-53.4979	-50.886	-47.8848	-44.4431	-40.5101	-36.0363	-30.9763	-25.2978	-19.0012	-12.1495	-4.89814	2.49303	9.66347	16.1433	21.2615	23.9537
1.925	-69.3629	-69.4086	-69.4263	-69.3633	-69.2147	-68.9877	-68.6902	-68.327	-67.8991	-67.4041	-66.8364	-66.1875	-65.4462	-64.599	-63.6299	-62.5201	-61.2484	-59.7901	-58.1169	-56.1955	-53.9875	-51.4489	-48.5313	-45.1837	-41.3549	-36.9953	-32.0582	-26.5074	-20.3344	-13.5875	-6.40258	0.977944	8.202	14.792	20.0455	22.8405
1.93	-69.4226	-69.468	-69.4869	-69.4265	-69.282	-69.0605	-68.77	-68.4152	-67.9974	-67.5145	-66.9608	-66.3284	-65.6065	-64.7818	-63.8387	-62.7592	-61.5223	-60.1042	-58.4773	-56.6095	-54.4634	-51.9961	-49.1598	-45.9041	-42.1777	-37.9303	-33.1145	-27.6909	-21.6436	-15.007	-7.89856	-0.542476	6.71917	13.403	18.7776	21.6666
1.935	-69.4813	-69.5264	-69.5464	-69.4886	-69.348	-69.1319	-68.8481	-68.5015	-68.0936	-67.6222	-67.0822	-66.4658	-65.7626	-64.9597	-64.042	-62.9917	-61.7887	-60.4096	-58.8278	-57.012	-54.926	-52.5279	-49.771	-46.605	-42.9787	-38.8416	-34.1454	-28.8483	-22.9281	-16.4067	-9.38371	-2.06516	5.2184	11.9798	17.4614	20.4357
1.94	-69.5389	-69.5838	-69.6048	-69.5495	-69.4128	-69.2019	-68.9246	-68.5859	-68.1875	-67.7273	-67.2006	-66.5997	-65.9146	-65.1329	-64.2397	-63.2179	-62.0478	-60.7066	-59.1685	-57.4032	-55.3755	-53.0448	-50.3651	-47.2867	-43.7585	-39.7297	-35.1513	-29.9798	-24.1873	-17.785	-10.8558	-3.58716	3.70304	10.526	16.1002	19.1514
1.945	-69.5955	-69.6402	-69.6622	-69.6093	-69.4763	-69.2704	-68.9995	-68.6685	-68.2793	-67.83	-67.316	-66.7302	-66.0627	-65.3015	-64.4321	-63.438	-62.2998	-60.9955	-59.4998	-57.7835	-55.8125	-53.5471	-50.9426	-47.9497	-44.5174	-40.5948	-36.1325	-31.0852	-25.421	-19.1411	-12.3129	-5.10567	2.17639	9.04502	14.6977	17.8171
1.95	-69.6511	-69.6956	-69.7187	-69.6681	-69.5387	-69.3377	-69.0729	-68.7494	-68.369	-67.9302	-67.4287	-66.8574	-66.2069	-65.4656	-64.6194	-63.6521	-62.5449	-61.2763	-59.8219	-58.1532	-56.2372	-54.0354	-51.5039	-48.5944	-45.256	-41.4375	-37.0893	-32.165	-26.6288	-20.4738	-13.753	-6.61804	0.641663	7.54025	13.2572	16.4362
1.955	-69.7057	-69.7501	-69.7741	-69.7258	-69.6	-69.4037	-69.1448	-68.8285	-68.4567	-68.0282	-67.5387	-66.9815	-66.3475	-65.6254	-64.8017	-63.8604	-62.7833	-61.5495	-60.1352	-58.5127	-56.6501	-54.51	-52.0495	-49.2212	-45.9745	-42.2582	-38.0221	-33.2191	-27.8106	-21.7824	-15.1747	-8.12174	-0.897988	6.01516	11.7823	15.0122
1.96	-69.7594	-69.8037	-69.8286	-69.7825	-69.6601	-69.4684	-69.2152	-68.906	-68.5426	-68.1239	-67.646	-67.1024	-66.4845	-65.7811	-64.9791	-64.063	-63.0152	-61.8152	-60.4397	-58.8622	-57.0514	-54.9712	-52.5799	-49.8307	-46.6735	-43.0572	-38.9313	-34.248	-28.9663	-23.0663	-16.5763	-9.61444	-2.43952	4.47318	10.2764	13.5486
1.965	-69.8122	-69.8563	-69.8822	-69.8382	-69.7191	-69.5319	-69.2843	-68.9818	-68.6265	-68.2174	-67.7508	-67.2205	-66.618	-65.9327	-65.1518	-64.2602	-63.2408	-62.0735	-60.7359	-59.202	-57.4415	-55.4195	-53.0953	-50.4231	-47.3534	-43.8349	-39.8172	-35.2518	-30.0961	-24.325	-17.9566	-11.0939	-3.97997	2.91772	8.74324	12.049
1.97	-69.8641	-69.9081	-69.935	-69.893	-69.7771	-69.5942	-69.352	-69.0561	-68.7086	-68.3088	-67.8531	-67.3356	-66.7481	-66.0804	-65.3199	-64.4521	-63.4602	-62.3248	-61.0239	-59.5323	-57.8208	-55.8552	-53.5962	-50.999	-48.0146	-44.5919	-40.6804	-36.231	-31.2	-25.5581	-19.3146	-12.5582	-5.51653	1.35218	7.18636	10.517
1.975	-69.9152	-69.9591	-69.9868	-69.9469	-69.8341	-69.6553	-69.4184	-69.1289	-68.789	-68.3982	-67.953	-67.4479	-66.875	-66.2242	-65.4836	-64.6389	-63.6737	-62.5692	-61.304	-59.8536	-58.1895	-56.2788	-54.0831	-51.5588	-48.6575	-45.3286	-41.5211	-37.1859	-32.2781	-26.7653	-20.6492	-14.0055	-7.04648	-0.220125	5.60944	8.95642
1.98	-69.9654	-70.0093	-70.0378	-69.9998	-69.8901	-69.7154	-69.4836	-69.2002	-68.8677	-68.4856	-68.0507	-67.5575	-66.9987	-66.3644	-65.643	-64.8207	-63.8814	-62.807	-61.5765	-60.1659	-58.5479	-56.6904	-54.5563	-52.1029	-49.2827	-46.0453	-42.3398	-38.1169	-33.3308	-27.9467	-21.9597	-15.4341	-8.56727	-1.79591	4.01617	7.37098
1.985	-70.0148	-70.0586	-70.088	-70.0519	-69.9451	-69.7743	-69.5475	-69.2701	-68.9447	-68.571	-68.146	-67.6646	-67.1193	-66.501	-65.7982	-64.9976	-64.0836	-63.0383	-61.8414	-60.4697	-58.8964	-57.0906	-55.0163	-52.6318	-49.8904	-46.7425	-43.1369	-39.0243	-34.3582	-29.102	-23.2455	-16.8425	-10.0765	-3.37199	2.41023	5.76457
1.99	-70.0634	-70.1071	-70.1374	-70.1031	-69.9992	-69.8322	-69.6102	-69.3386	-69.0202	-68.6546	-68.2392	-67.769	-67.237	-66.6342	-65.9494	-65.1698	-64.2802	-63.2632	-62.099	-60.765	-59.2352	-57.4797	-55.4633	-53.1458	-50.4813	-47.4206	-43.9129	-39.9085	-35.3607	-30.2314	-24.506	-18.2294	-11.5719	-4.94527	0.795292	4.14113
1.995	-70.1112	-70.1549	-70.186	-70.1535	-70.0523	-69.8891	-69.6717	-69.4058	-69.0941	-68.7364	-68.3303	-67.8711	-67.3518	-66.7639	-66.0967	-65.3375	-64.4716	-63.4821	-62.3496	-61.0522	-59.5647	-57.8579	-55.8979	-53.6453	-51.0556	-48.0801	-44.6681	-40.7699	-36.3386	-31.3349	-25.741	-19.5938	-13.0514	-6.51278	-0.824998	2.50457
2	-70.1582	-70.202	-70.2338	-70.2031	-70.1046	-69.945	-69.7321	-69.4717	-69.1664	-68.8165	-68.4194	-67.9707	-67.4639	-66.8905	-66.2402	-65.5008	-64.6579	-63.695	-62.5934	-61.3316	-59.885	-58.2255	-56.3202	-54.1309	-51.6139	-48.7214	-45.4031	-41.609	-37.2922	-32.4128	-26.9501	-20.9346	-14.5132	-8.07167	-2.44707	0.858833
2.005	-70.2046	-70.2483	-70.2809	-70.2519	-70.156	-69.9999	-69.7914	-69.5363	-69.2374	-68.8948	-68.5065	-68.068	-67.5732	-67.0139	-66.38	-65.6598	-64.8392	-63.9022	-62.8305	-61.6032	-60.1965	-58.583	-56.7308	-54.6028	-52.1566	-49.345	-46.1181	-42.4262	-38.222	-33.4652	-28.1332	-22.2511	-15.9555	-9.61926	-4.06744	-0.792191
2.01	-70.2502	-70.294	-70.3272	-70.2999	-70.2066	-70.0538	-69.8496	-69.5997	-69.3069	-68.9716	-68.5917	-68.1632	-67.6799	-67.1342	-66.5163	-65.8146	-65.0156	-64.1037	-63.0611	-61.8674	-60.4994	-58.9305	-57.1299	-55.0615	-52.684	-49.9512	-46.8137	-43.2218	-39.1283	-34.4925	-29.2904	-23.5426	-17.3768	-11.153	-5.68274	-2.44467
2.015	-70.2951	-70.3389	-70.3729	-70.3472	-70.2563	-70.1069	-69.9068	-69.6619	-69.375	-69.0467	-68.675	-68.2561	-67.7841	-67.2516	-66.6491	-65.9654	-65.1874	-64.2999	-63.2855	-62.1244	-60.794	-59.2684	-57.5178	-55.5073	-53.1966	-50.5405	-47.4903	-43.9963	-40.0115	-35.4949	-30.4216	-24.8086	-18.7758	-12.6707	-7.28974	-4.09487
2.02	-70.3393	-70.3832	-70.4179	-70.3937	-70.3052	-70.1591	-69.963	-69.7229	-69.4418	-69.1203	-68.7566	-68.3469	-67.8859	-67.3661	-66.7785	-66.1123	-65.3546	-64.4908	-63.5037	-62.3743	-61.0804	-59.597	-57.895	-55.9406	-53.6949	-51.1135	-48.1483	-44.7502	-40.872	-36.4727	-31.5269	-26.0488	-20.1513	-14.17	-8.88539	-5.7392
2.025	-70.3829	-70.4268	-70.4622	-70.4395	-70.3534	-70.2104	-70.0182	-69.7828	-69.5073	-69.1924	-68.8363	-68.4358	-67.9853	-67.4778	-66.9047	-66.2554	-65.5174	-64.6765	-63.7161	-62.6174	-61.359	-59.9165	-58.2616	-56.3618	-54.1791	-51.6703	-48.7882	-45.4838	-41.7102	-37.4264	-32.6066	-27.2628	-21.5022	-15.6491	-10.4668	-7.37422
2.03	-70.4258	-70.4698	-70.5059	-70.4847	-70.4008	-70.2608	-70.0725	-69.8417	-69.5716	-69.263	-68.9145	-68.5226	-68.0823	-67.5869	-67.0278	-66.3948	-65.676	-64.8573	-63.9227	-62.8538	-61.6299	-60.2271	-58.6181	-56.7713	-54.6498	-52.2116	-49.4104	-46.1976	-42.5265	-38.3562	-33.6607	-28.4506	-22.828	-17.1063	-12.0314	-8.99669
2.035	-70.4681	-70.5121	-70.5489	-70.5291	-70.4475	-70.3105	-70.1258	-69.8994	-69.6346	-69.3322	-68.9909	-68.6076	-68.1772	-67.6933	-67.1478	-66.5307	-65.8304	-65.0333	-64.1237	-63.0838	-61.8934	-60.5292	-58.9647	-57.1693	-55.1073	-52.7378	-50.0153	-46.892	-43.3213	-39.2626	-34.6897	-29.6121	-24.1277	-18.54	-13.5767	-10.6036
2.04	-70.5098	-70.5539	-70.5913	-70.573	-70.4935	-70.3593	-70.1782	-69.9562	-69.6965	-69.4001	-69.0658	-68.6906	-68.2699	-67.7973	-67.2649	-66.6632	-65.9808	-65.2046	-64.3193	-63.3076	-62.1496	-60.8229	-59.3017	-57.5562	-55.552	-53.2492	-50.6034	-47.5675	-44.0951	-40.1458	-35.6937	-30.7474	-25.4011	-19.949	-15.1005	-12.1922
2.045	-70.5509	-70.595	-70.6331	-70.6161	-70.5387	-70.4074	-70.2298	-70.0119	-69.7572	-69.4666	-69.1392	-68.7719	-68.3605	-67.8988	-67.3791	-66.7923	-66.1273	-65.3714	-64.5097	-63.5252	-62.3988	-61.1086	-59.6294	-57.9324	-55.9842	-53.7462	-51.1751	-48.2244	-44.8483	-41.0064	-36.6731	-31.8564	-26.6476	-21.3321	-16.6009	-13.7599
2.05	-70.5914	-70.6356	-70.6743	-70.6587	-70.5833	-70.4547	-70.2805	-70.0667	-69.8168	-69.5319	-69.211	-68.8515	-68.4491	-67.9979	-67.4906	-66.9182	-66.2701	-65.5338	-64.6949	-63.737	-62.6413	-61.3864	-59.948	-58.2981	-56.4044	-54.2293	-51.7308	-48.8633	-45.5813	-41.8448	-37.6282	-32.9395	-27.8671	-22.6885	-18.0763	-15.3046
2.055	-70.6313	-70.6756	-70.7149	-70.7006	-70.6272	-70.5012	-70.3303	-70.1205	-69.8753	-69.5959	-69.2814	-68.9294	-68.5357	-68.0947	-67.5994	-67.0409	-66.4092	-65.6919	-64.8752	-63.9431	-62.8771	-61.6565	-60.2578	-58.6537	-56.8128	-54.6989	-52.271	-49.4845	-46.2944	-42.6612	-38.5594	-33.9967	-29.0595	-24.0175	-19.5253	-16.8242
2.06	-70.6706	-70.7151	-70.755	-70.7419	-70.6705	-70.5471	-70.3794	-70.1734	-69.9328	-69.6587	-69.3504	-69.0057	-68.6205	-68.1894	-67.7056	-67.1607	-66.5447	-65.8459	-65.0508	-64.1435	-63.1065	-61.9193	-60.559	-58.9993	-57.2098	-55.1553	-52.7961	-50.0885	-46.9883	-43.4562	-39.4671	-35.0284	-30.2248	-25.3186	-20.9467	-18.3173
2.065	-70.7095	-70.754	-70.7945	-70.7827	-70.7131	-70.5922	-70.4277	-70.2255	-69.9892	-69.7203	-69.4181	-69.0804	-68.7033	-68.2818	-67.8092	-67.2775	-66.6768	-65.9959	-65.2216	-64.3386	-63.3296	-62.1749	-60.852	-59.3355	-57.5958	-55.599	-53.3064	-50.6757	-47.6632	-44.2302	-40.3516	-36.035	-31.3629	-26.5914	-22.3395	-19.7823
2.07	-70.7477	-70.7924	-70.8335	-70.8229	-70.7552	-70.6367	-70.4752	-70.2766	-70.0447	-69.7808	-69.4844	-69.1535	-68.7844	-68.3722	-67.9105	-67.3914	-66.8056	-66.1421	-65.388	-64.5285	-63.5467	-62.4234	-61.1369	-59.6623	-57.971	-56.0302	-53.8025	-51.2465	-48.3197	-44.9835	-41.2134	-37.0166	-32.4742	-27.8357	-23.7032	-21.2183
2.075	-70.7855	-70.8303	-70.8719	-70.8625	-70.7966	-70.6805	-70.522	-70.327	-70.0992	-69.8401	-69.5495	-69.2252	-68.8638	-68.4606	-68.0094	-67.5026	-66.9312	-66.2845	-65.5499	-64.7132	-63.7579	-62.6652	-61.414	-59.9801	-58.3358	-56.4494	-54.2847	-51.8015	-48.9581	-45.7167	-42.0528	-37.9736	-33.5588	-29.0516	-25.0373	-22.6245
2.08	-70.8228	-70.8677	-70.9099	-70.9016	-70.8374	-70.7237	-70.568	-70.3764	-70.1527	-69.8984	-69.6133	-69.2954	-68.9415	-68.547	-68.106	-67.6111	-67.0536	-66.4232	-65.7077	-64.8931	-63.9634	-62.9004	-61.6834	-60.2891	-58.6905	-56.8569	-54.7534	-52.3409	-49.5788	-46.43	-42.8702	-38.9066	-34.617	-30.239	-26.3415	-24.0002
2.085	-70.8595	-70.9046	-70.9473	-70.9401	-70.8777	-70.7662	-70.6133	-70.4251	-70.2054	-69.9557	-69.6759	-69.3642	-69.0176	-68.6315	-68.2004	-67.717	-67.173	-66.5584	-65.8613	-65.0681	-64.1633	-63.1292	-61.9455	-60.5896	-59.0353	-57.2531	-55.209	-52.8652	-50.1824	-47.124	-43.6661	-39.8157	-35.6492	-31.3982	-27.6157	-25.3453
2.09	-70.8958	-70.941	-70.9843	-70.9782	-70.9174	-70.8081	-70.658	-70.4731	-70.2571	-70.0119	-69.7373	-69.4317	-69.0921	-68.7142	-68.2926	-67.8205	-67.2896	-66.6902	-66.0109	-65.2385	-64.3579	-63.3517	-62.2004	-60.8818	-59.3707	-57.6382	-55.6518	-53.3749	-50.7692	-47.7991	-44.4409	-40.7015	-36.6556	-32.5293	-28.86	-26.6594
2.095	-70.9316	-70.977	-71.0208	-71.0157	-70.9566	-70.8495	-70.702	-70.5202	-70.308	-70.0672	-69.7976	-69.4979	-69.1651	-68.7952	-68.3828	-67.9215	-67.4032	-66.8186	-66.1566	-65.4044	-64.5472	-63.5682	-62.4483	-61.166	-59.6967	-58.0127	-56.0823	-53.8704	-51.3397	-48.4556	-45.195	-41.5643	-37.6367	-33.6328	-30.0746	-27.9427
2.1	-70.967	-71.0125	-71.0568	-71.0528	-70.9952	-70.8902	-70.7453	-70.5667	-70.3581	-70.1215	-69.8568	-69.5628	-69.2366	-68.8743	-68.471	-68.0201	-67.5141	-66.9439	-66.2987	-65.566	-64.7315	-63.7789	-62.6895	-61.4424	-60.0137	-58.3767	-56.5007	-54.3519	-51.8943	-49.0941	-45.9288	-42.4045	-38.5929	-34.709	-31.2597	-29.1955
2.105	-71.0019	-71.0475	-71.0923	-71.0894	-71.0333	-70.9304	-70.788	-70.6124	-70.4073	-70.1748	-69.915	-69.6264	-69.3066	-68.9519	-68.5572	-68.1165	-67.6224	-67.066	-66.437	-65.7233	-64.9109	-63.9838	-62.9241	-61.7112	-60.322	-58.7306	-56.9075	-54.82	-52.4334	-49.715	-46.6428	-43.2227	-39.5247	-35.7583	-32.4159	-30.4179
2.11	-71.0363	-71.0822	-71.1274	-71.1255	-71.071	-70.97	-70.8301	-70.6574	-70.4558	-70.2273	-69.972	-69.6889	-69.3753	-69.0278	-68.6415	-68.2107	-67.7281	-67.1852	-66.5719	-65.8765	-65.0855	-64.1833	-63.1523	-61.9726	-60.6218	-59.0748	-57.303	-55.275	-52.9575	-50.3187	-47.3373	-44.0191	-40.4324	-36.7812	-33.5434	-31.6104
2.115	-71.0703	-71.1164	-71.1621	-71.1611	-71.1081	-71.009	-70.8716	-70.7017	-70.5035	-70.2789	-70.0281	-69.7501	-69.4426	-69.1021	-68.724	-68.3027	-67.8312	-67.3014	-66.7033	-66.0257	-65.2554	-64.3773	-63.3742	-62.2269	-60.9134	-59.4094	-57.6875	-55.7174	-53.4669	-50.9056	-48.0128	-44.7943	-41.3166	-37.7781	-34.6429	-32.7736
2.12	-71.1039	-71.1501	-71.1964	-71.1963	-71.1447	-71.0476	-70.9124	-70.7454	-70.5504	-70.3296	-70.0832	-69.8103	-69.5086	-69.1749	-68.8048	-68.3927	-67.932	-67.4147	-66.8315	-66.1711	-65.4209	-64.5662	-63.5902	-62.4742	-61.1969	-59.7348	-58.0613	-56.1473	-53.962	-51.4762	-48.6699	-45.5487	-42.1777	-38.7496	-35.7147	-33.9078
2.125	-71.1371	-71.1835	-71.2302	-71.2311	-71.1809	-71.0856	-70.9527	-70.7884	-70.5966	-70.3795	-70.1373	-69.8694	-69.5734	-69.2463	-68.8838	-68.4806	-68.0304	-67.5254	-66.9564	-66.3128	-65.5821	-64.75	-63.8003	-62.7148	-61.4727	-60.0512	-58.4248	-56.5653	-54.4433	-52.0308	-49.3088	-46.2828	-43.016	-39.6962	-36.7596	-35.0138
2.13	-71.1699	-71.2165	-71.2636	-71.2654	-71.2166	-71.1231	-70.9925	-70.8308	-70.6421	-70.4285	-70.1906	-69.9273	-69.6369	-69.3162	-68.9611	-68.5667	-68.1266	-67.6334	-67.0783	-66.4508	-65.739	-64.9289	-64.0048	-62.9488	-61.7409	-60.3589	-58.7781	-56.9716	-54.9112	-52.57	-49.93	-46.9969	-43.8322	-40.6183	-37.7779	-36.0921
2.135	-71.2023	-71.249	-71.2967	-71.2993	-71.2518	-71.1601	-71.0317	-70.8726	-70.6869	-70.4768	-70.2429	-69.9843	-69.6992	-69.3847	-69.0369	-68.6508	-68.2205	-67.7388	-67.1971	-66.5853	-65.8918	-65.1031	-64.2037	-63.1764	-62.0018	-60.6581	-59.1217	-57.3667	-55.366	-53.0941	-50.534	-47.6915	-44.6267	-41.5164	-38.7704	-37.1432
2.14	-71.2343	-71.2812	-71.3293	-71.3328	-71.2866	-71.1967	-71.0703	-70.9138	-70.731	-70.5243	-70.2943	-70.0402	-69.7603	-69.4519	-69.111	-68.7331	-68.3124	-67.8418	-67.313	-66.7164	-66.0407	-65.2726	-64.3973	-63.3979	-62.2555	-60.9491	-59.4558	-57.7508	-55.8081	-53.6036	-51.1212	-48.3671	-45.3998	-42.3911	-39.7374	-38.1677
2.145	-71.266	-71.3131	-71.3615	-71.3659	-71.321	-71.2327	-71.1085	-70.9544	-70.7745	-70.5711	-70.3449	-70.0952	-69.8204	-69.5177	-69.1837	-68.8137	-68.4021	-67.9423	-67.4261	-66.8443	-66.1857	-65.4377	-64.5857	-63.6133	-62.5023	-61.2321	-59.7807	-58.1242	-56.2378	-54.0988	-51.692	-49.0241	-46.1521	-43.2427	-40.6795	-39.1662
2.15	-71.2972	-71.3445	-71.3934	-71.3987	-71.355	-71.2683	-71.1461	-70.9944	-70.8173	-70.6172	-70.3946	-70.1492	-69.8793	-69.5823	-69.2549	-68.8925	-68.4899	-68.0405	-67.5365	-66.9689	-66.327	-65.5984	-64.769	-63.823	-62.7423	-61.5074	-60.0966	-58.4872	-56.6556	-54.5801	-52.2469	-49.6629	-46.884	-44.0718	-41.5973	-40.1393
2.155	-71.3281	-71.3756	-71.4249	-71.431	-71.3885	-71.3035	-71.1833	-71.0339	-70.8595	-70.6625	-70.4436	-70.2023	-69.9371	-69.6457	-69.3246	-68.9697	-68.5757	-68.1364	-67.6443	-67.0905	-66.4647	-65.7549	-64.9475	-64.0269	-62.9758	-61.775	-60.4039	-58.8402	-57.0617	-55.048	-52.7863	-50.284	-47.5959	-44.8788	-42.4911	-41.0874
2.16	-71.3587	-71.4064	-71.4561	-71.4629	-71.4217	-71.3382	-71.2199	-71.0728	-70.9011	-70.7071	-70.4917	-70.2545	-69.994	-69.7079	-69.393	-69.0453	-68.6597	-68.2302	-67.7494	-67.209	-66.5989	-65.9074	-65.1212	-64.2254	-63.203	-62.0354	-60.7026	-59.1835	-57.4566	-55.5028	-53.3105	-50.8878	-48.2883	-45.6642	-43.3615	-42.0109
2.165	-71.3889	-71.4368	-71.4869	-71.4945	-71.4544	-71.3725	-71.2561	-71.1112	-70.9421	-70.7511	-70.5391	-70.3058	-70.0498	-69.7689	-69.4601	-69.1193	-68.7418	-68.3218	-67.8521	-67.3247	-66.7297	-66.0559	-65.2904	-64.4185	-63.424	-62.2887	-60.9932	-59.5172	-57.8405	-55.9449	-53.8201	-51.4748	-48.9617	-46.4283	-44.2089	-42.9105
2.17	-71.4187	-71.4668	-71.5174	-71.5257	-71.4868	-71.4064	-71.2918	-71.1491	-70.9825	-70.7944	-70.5858	-70.3562	-70.1046	-69.8288	-69.5258	-69.1918	-68.8222	-68.4113	-67.9524	-67.4375	-66.8572	-66.2005	-65.4551	-64.6065	-63.639	-62.535	-61.2758	-59.8418	-58.2137	-56.3747	-54.3155	-52.0454	-49.6164	-47.1717	-45.0338	-43.7864
2.175	-71.4483	-71.4966	-71.5475	-71.5566	-71.5188	-71.4398	-71.327	-71.1865	-71.0224	-70.8371	-70.6317	-70.4059	-70.1585	-69.8876	-69.5903	-69.2629	-68.9009	-68.4989	-68.0504	-67.5476	-66.9815	-66.3415	-65.6154	-64.7894	-63.8482	-62.7746	-61.5506	-60.1574	-58.5766	-56.7925	-54.7969	-52.6	-50.2529	-47.8948	-45.8364	-44.6391
2.18	-71.4775	-71.526	-71.5773	-71.5871	-71.5504	-71.4729	-71.3619	-71.2234	-71.0617	-70.8792	-70.6769	-70.4547	-70.2115	-69.9454	-69.6535	-69.3325	-68.9779	-68.5846	-68.1461	-67.6551	-67.1028	-66.4789	-65.7716	-64.9675	-64.0517	-63.0077	-61.8179	-60.4643	-58.9294	-57.1986	-55.2649	-53.139	-50.8717	-48.5979	-46.6174	-45.4691
2.185	-71.5064	-71.555	-71.6067	-71.6173	-71.5817	-71.5056	-71.3963	-71.2598	-71.1004	-70.9206	-70.7214	-70.5028	-70.2636	-70.0021	-69.7156	-69.4007	-69.0533	-68.6683	-68.2397	-67.7601	-67.2211	-66.6127	-65.9237	-65.1409	-64.2498	-63.2344	-62.0779	-60.7628	-59.2725	-57.5934	-55.7197	-53.6629	-51.4731	-49.2815	-47.3769	-46.2765
2.19	-71.5349	-71.5838	-71.6359	-71.6472	-71.6126	-71.5378	-71.4302	-71.2958	-71.1387	-70.9615	-70.7653	-70.5501	-70.3148	-70.0578	-69.7765	-69.4676	-69.1272	-68.7503	-68.3311	-67.8625	-67.3364	-66.7432	-66.0718	-65.3096	-64.4425	-63.455	-62.3308	-61.0531	-59.6061	-57.9773	-56.1618	-54.172	-52.0576	-49.946	-48.1155	-47.062
2.195	-71.5632	-71.6123	-71.6647	-71.6767	-71.6431	-71.5697	-71.4638	-71.3313	-71.1764	-71.0018	-70.8085	-70.5966	-70.3652	-70.1125	-69.8363	-69.5332	-69.1996	-68.8305	-68.4204	-67.9626	-67.449	-66.8705	-66.2162	-65.4739	-64.6301	-63.6696	-62.5767	-61.3353	-59.9305	-58.3505	-56.5915	-54.6668	-52.6255	-50.5918	-48.8335	-47.8257
2.2	-71.5912	-71.6405	-71.6933	-71.7059	-71.6734	-71.6013	-71.4969	-71.3663	-71.2136	-71.0415	-70.8511	-70.6424	-70.4147	-70.1663	-69.8949	-69.5976	-69.2705	-68.909	-68.5078	-68.0603	-67.5589	-66.9945	-66.3568	-65.6339	-64.8127	-63.8785	-62.816	-61.6099	-60.2459	-58.7133	-57.0092	-55.1476	-53.1774	-51.2193	-49.5312	-48.568
2.205	-71.6188	-71.6684	-71.7215	-71.7348	-71.7032	-71.6325	-71.5297	-71.4009	-71.2504	-71.0807	-70.893	-70.6876	-70.4634	-70.2192	-69.9526	-69.6607	-69.3399	-68.9859	-68.5933	-68.1558	-67.6661	-67.1155	-66.4939	-65.7898	-64.9904	-64.0816	-63.0488	-61.8769	-60.5526	-59.066	-57.4152	-55.6149	-53.7136	-51.829	-50.2092	-49.2893
2.21	-71.6462	-71.696	-71.7495	-71.7634	-71.7328	-71.6633	-71.562	-71.4351	-71.2866	-71.1193	-70.9344	-70.732	-70.5114	-70.2712	-70.0092	-69.7226	-69.408	-69.0612	-68.6769	-68.2492	-67.7708	-67.2335	-66.6274	-65.9415	-65.1634	-64.2794	-63.2752	-62.1366	-60.8509	-59.4089	-57.8098	-56.0689	-54.2345	-52.4211	-50.8677	-49.9901
2.215	-71.6733	-71.7233	-71.7771	-71.7917	-71.7621	-71.6938	-71.594	-71.4688	-71.3224	-71.1574	-70.9752	-70.7758	-70.5586	-70.3223	-70.0648	-69.7834	-69.4748	-69.1349	-68.7587	-68.3404	-67.8731	-67.3486	-66.7576	-66.0894	-65.3318	-64.4718	-63.4955	-62.3892	-61.1409	-59.7424	-58.1934	-56.5101	-54.7405	-52.9962	-51.5071	-50.6705
2.22	-71.7001	-71.7503	-71.8045	-71.8197	-71.791	-71.7239	-71.6256	-71.5022	-71.3578	-71.1951	-71.0154	-70.8189	-70.6051	-70.3726	-70.1194	-69.8431	-69.5403	-69.2071	-68.8387	-68.4296	-67.9729	-67.461	-66.8846	-66.2334	-65.4958	-64.659	-63.7098	-62.6349	-61.423	-60.0666	-58.5663	-56.9388	-55.2321	-53.5547	-52.1279	-51.331
2.225	-71.7267	-71.7771	-71.8316	-71.8474	-71.8196	-71.7537	-71.6569	-71.5351	-71.3927	-71.2322	-71.055	-70.8614	-70.6508	-70.422	-70.1731	-69.9017	-69.6045	-69.2778	-68.9171	-68.5168	-68.0705	-67.5706	-67.0084	-66.3738	-65.6555	-64.8413	-63.9183	-62.8739	-61.6973	-60.3818	-58.9287	-57.3554	-55.7094	-54.0969	-52.7305	-51.9721
2.23	-71.753	-71.8036	-71.8584	-71.8748	-71.8479	-71.7832	-71.6878	-71.5677	-71.4271	-71.2688	-71.0941	-70.9033	-70.6958	-70.4707	-70.2259	-69.9592	-69.6675	-69.3472	-68.9938	-68.6021	-68.1658	-67.6776	-67.1291	-66.5105	-65.811	-65.0187	-64.1212	-63.1064	-61.9641	-60.6882	-59.281	-57.7601	-56.1731	-54.6232	-53.3151	-52.594
2.235	-71.779	-71.8298	-71.885	-71.902	-71.8759	-71.8124	-71.7183	-71.5998	-71.4612	-71.305	-71.1326	-70.9445	-70.7402	-70.5185	-70.2778	-70.0157	-69.7293	-69.4151	-69.0689	-68.6855	-68.2589	-67.7821	-67.2469	-66.6438	-65.9625	-65.1914	-64.3186	-63.3325	-62.2236	-60.9862	-59.6234	-58.1534	-56.6233	-55.134	-53.8824	-53.1971
2.24	-71.8048	-71.8558	-71.9113	-71.9289	-71.9037	-71.8412	-71.7485	-71.6316	-71.4948	-71.3406	-71.1707	-70.9852	-70.7839	-70.5657	-70.3288	-70.0712	-69.79	-69.4818	-69.1424	-68.7671	-68.3499	-67.8841	-67.3617	-66.7738	-66.1101	-65.3595	-64.5107	-63.5525	-62.4759	-61.2759	-59.9562	-58.5354	-57.0605	-55.6298	-54.4325	-53.782
2.245	-71.8303	-71.8815	-71.9373	-71.9555	-71.9311	-71.8698	-71.7784	-71.6631	-71.528	-71.3759	-71.2082	-71.0253	-70.8269	-70.612	-70.379	-70.1258	-69.8496	-69.5471	-69.2145	-68.847	-68.4389	-67.9837	-67.4738	-66.9005	-66.2538	-65.5232	-64.6977	-63.7666	-62.7213	-61.5576	-60.2797	-58.9067	-57.4851	-56.1108	-54.9661	-54.3489
2.25	-71.8556	-71.907	-71.9631	-71.9818	-71.9583	-71.898	-71.808	-71.6941	-71.5608	-71.4107	-71.2452	-71.0649	-70.8694	-70.6577	-70.4284	-70.1794	-69.908	-69.6112	-69.2851	-68.9252	-68.5259	-68.0811	-67.5832	-67.024	-66.3939	-65.6826	-64.8796	-63.9748	-62.96	-61.8315	-60.5941	-59.2673	-57.8973	-56.5776	-55.4833	-54.8984
2.255	-71.8806	-71.9323	-71.9887	-72.0079	-71.9852	-71.926	-71.8372	-71.7249	-71.5932	-71.445	-71.2818	-71.1039	-70.9112	-70.7027	-70.477	-70.2321	-69.9655	-69.6741	-69.3543	-69.0017	-68.611	-68.1762	-67.69	-67.1445	-66.5304	-65.8379	-65.0567	-64.1774	-63.1921	-62.0978	-60.8997	-59.6176	-58.2974	-57.0304	-55.9848	-55.4307
2.26	-71.9054	-71.9573	-72.014	-72.0338	-72.0118	-71.9536	-71.8661	-71.7552	-71.6253	-71.479	-71.3178	-71.1424	-70.9524	-70.7469	-70.5247	-70.2839	-70.0219	-69.7358	-69.4222	-69.0767	-68.6943	-68.2691	-67.7943	-67.262	-66.6634	-65.9891	-65.2292	-64.3745	-63.4179	-62.3568	-61.1967	-59.958	-58.6859	-57.4696	-56.4708	-55.9464
2.265	-71.9299	-71.982	-72.039	-72.0594	-72.0382	-71.981	-71.8947	-71.7853	-71.657	-71.5125	-71.3534	-71.1803	-70.993	-70.7906	-70.5718	-70.3348	-70.0773	-69.7964	-69.4887	-69.1501	-68.7757	-68.36	-67.8961	-67.3767	-66.7931	-66.1364	-65.397	-64.5663	-63.6375	-62.6085	-61.4854	-60.2886	-59.0631	-57.8956	-56.9418	-56.4459
2.27	-71.9543	-72.0066	-72.0639	-72.0847	-72.0643	-72.0081	-71.923	-71.815	-71.6883	-71.5456	-71.3886	-71.2178	-71.033	-70.8335	-70.6181	-70.3849	-70.1317	-69.8558	-69.5539	-69.222	-68.8555	-68.4488	-67.9956	-67.4885	-66.9196	-66.2799	-65.5604	-64.7529	-63.8511	-62.8533	-61.766	-60.6097	-59.4292	-58.3087	-57.3982	-56.9296
2.275	-71.9784	-72.0309	-72.0885	-72.1098	-72.0902	-72.0349	-71.951	-71.8444	-71.7192	-71.5783	-71.4233	-71.2547	-71.0725	-70.8759	-70.6637	-70.4342	-70.1852	-69.9142	-69.6179	-69.2925	-68.9335	-68.5356	-68.0927	-67.5977	-67.0429	-66.4197	-65.7196	-64.9346	-64.0589	-63.0913	-62.0386	-60.9217	-59.7845	-58.7094	-57.8403	-57.3978
2.28	-72.0022	-72.055	-72.1128	-72.1347	-72.1158	-72.0615	-71.9788	-71.8735	-71.7498	-71.6107	-71.4576	-71.2912	-71.1115	-70.9176	-70.7086	-70.4827	-70.2378	-69.9715	-69.6807	-69.3616	-69.0099	-68.6206	-68.1876	-67.7043	-67.1631	-66.556	-65.8745	-65.1114	-64.2611	-63.3227	-62.3036	-61.2247	-60.1293	-59.0979	-58.2686	-57.8511
2.285	-72.0259	-72.0788	-72.137	-72.1593	-72.1412	-72.0878	-72.0062	-71.9022	-71.7801	-71.6426	-71.4915	-71.3272	-71.1499	-70.9588	-70.7528	-70.5304	-70.2896	-70.0278	-69.7423	-69.4293	-69.0847	-68.7037	-68.2804	-67.8084	-67.2804	-66.6888	-66.0255	-65.2834	-64.4577	-63.5478	-62.5612	-61.519	-60.464	-59.4745	-58.6835	-58.2899
2.29	-72.0493	-72.1025	-72.1609	-72.1837	-72.1663	-72.1138	-72.0334	-71.9307	-71.81	-71.6742	-71.5249	-71.3628	-71.1878	-70.9993	-70.7963	-70.5773	-70.3404	-70.0832	-69.8027	-69.4957	-69.158	-68.785	-68.371	-67.91	-67.3949	-66.8182	-66.1725	-65.4509	-64.649	-63.7666	-62.8115	-61.8048	-60.7888	-59.8397	-59.0852	-58.7145
2.295	-72.0726	-72.1259	-72.1846	-72.2079	-72.1912	-72.1396	-72.0602	-71.9588	-71.8396	-71.7055	-71.558	-71.3979	-71.2252	-71.0393	-70.8392	-70.6236	-70.3904	-70.1375	-69.8621	-69.5608	-69.2298	-68.8645	-68.4597	-68.0093	-67.5066	-66.9444	-66.3157	-65.614	-64.8351	-63.9794	-63.0547	-62.0823	-61.1039	-60.1937	-59.4743	-59.1253
2.3	-72.0956	-72.1492	-72.2081	-72.2319	-72.2158	-72.1652	-72.0869	-71.9867	-71.8689	-71.7363	-71.5906	-71.4325	-71.2621	-71.0787	-70.8815	-70.6691	-70.4396	-70.1909	-69.9203	-69.6247	-69.3002	-68.9424	-68.5464	-68.1062	-67.6155	-67.0675	-66.4553	-65.7728	-65.0163	-64.1863	-63.2911	-62.3519	-61.4097	-60.5368	-59.851	-59.5228
2.305	-72.1184	-72.1722	-72.2314	-72.2557	-72.2402	-72.1905	-72.1132	-72.0143	-71.8979	-71.7669	-71.6229	-71.4668	-71.2985	-71.1176	-70.9232	-70.7139	-70.4881	-70.2435	-69.9776	-69.6873	-69.3691	-69.0187	-68.6311	-68.201	-67.7219	-67.1875	-66.5912	-65.9274	-65.1925	-64.3875	-63.5209	-62.6137	-61.7064	-60.8693	-60.2157	-59.9074
2.31	-72.141	-72.195	-72.2545	-72.2792	-72.2645	-72.2155	-72.1393	-72.0415	-71.9265	-71.797	-71.6548	-71.5006	-71.3344	-71.156	-70.9643	-70.7581	-70.5357	-70.2951	-70.0338	-69.7488	-69.4367	-69.0934	-68.7141	-68.2935	-67.8258	-67.3046	-66.7237	-66.0779	-65.364	-64.5831	-63.7441	-62.8679	-61.9943	-61.1916	-60.5687	-60.2794
2.315	-72.1635	-72.2177	-72.2774	-72.3025	-72.2884	-72.2404	-72.1651	-72.0686	-71.9549	-71.8269	-71.6863	-71.534	-71.3699	-71.1938	-71.0048	-70.8015	-70.5826	-70.3459	-70.089	-69.8092	-69.503	-69.1665	-68.7952	-68.384	-67.9272	-67.4188	-66.8529	-66.2245	-65.5309	-64.7734	-63.9611	-63.1147	-62.2736	-61.504	-60.9105	-60.6392
2.32	-72.1857	-72.2401	-72.3001	-72.3257	-72.3122	-72.265	-72.1907	-72.0953	-71.9829	-71.8564	-71.7175	-71.567	-71.405	-71.2311	-71.0447	-70.8444	-70.6287	-70.3958	-70.1433	-69.8684	-69.568	-69.2382	-68.8747	-68.4725	-68.0263	-67.5303	-66.9788	-66.3673	-65.6933	-64.9585	-64.1719	-63.3544	-62.5445	-61.8066	-61.2413	-60.9872
2.325	-72.2077	-72.2624	-72.3226	-72.3486	-72.3358	-72.2893	-72.2161	-72.1218	-72.0107	-71.8856	-71.7483	-71.5996	-71.4396	-71.268	-71.0841	-70.8866	-70.6742	-70.4449	-70.1966	-69.9266	-69.6317	-69.3084	-68.9524	-68.559	-68.1231	-67.639	-67.1016	-66.5065	-65.8514	-65.1385	-64.3769	-63.5872	-62.8073	-62.0999	-61.5615	-61.3237
2.33	-72.2296	-72.2844	-72.3449	-72.3713	-72.3591	-72.3135	-72.2412	-72.148	-72.0382	-71.9145	-71.7788	-71.6318	-71.4737	-71.3044	-71.1229	-70.9282	-70.7189	-70.4933	-70.249	-69.9837	-69.6943	-69.3772	-69.0285	-68.6437	-68.2176	-67.7452	-67.2213	-66.642	-66.0054	-65.3136	-64.576	-63.8132	-63.0622	-62.3841	-61.8714	-61.6491
2.335	-72.2513	-72.3063	-72.367	-72.3939	-72.3823	-72.3374	-72.2661	-72.174	-72.0654	-71.9431	-71.8089	-71.6636	-71.5075	-71.3403	-71.1612	-70.9692	-70.763	-70.5408	-70.3006	-70.0398	-69.7557	-69.4447	-69.1031	-68.7264	-68.31	-67.8488	-67.3381	-66.7741	-66.1552	-65.4839	-64.7696	-64.0327	-63.3096	-62.6594	-62.1713	-61.9638
2.34	-72.2728	-72.328	-72.389	-72.4162	-72.4052	-72.3611	-72.2907	-72.1997	-72.0923	-71.9714	-71.8387	-71.6951	-71.5409	-71.3757	-71.199	-71.0097	-70.8064	-70.5876	-70.3513	-70.095	-69.8159	-69.5109	-69.1761	-68.8074	-68.4003	-67.95	-67.452	-66.9029	-66.3011	-65.6496	-64.9578	-64.2458	-63.5495	-62.9262	-62.4615	-62.2681
2.345	-72.2941	-72.3495	-72.4107	-72.4384	-72.4279	-72.3846	-72.3151	-72.2251	-72.1189	-71.9994	-71.8681	-71.7262	-71.5738	-71.4107	-71.2363	-71.0495	-70.8492	-70.6337	-70.4011	-70.1491	-69.8751	-69.5757	-69.2476	-68.8867	-68.4886	-68.0489	-67.5632	-67.0283	-66.4433	-65.8108	-65.1407	-64.4528	-63.7822	-63.1847	-62.7424	-62.5624
2.35	-72.3152	-72.3709	-72.4323	-72.4603	-72.4505	-72.4079	-72.3393	-72.2504	-72.1453	-72.0271	-71.8973	-71.757	-71.6064	-71.4453	-71.2731	-71.0888	-70.8914	-70.6791	-70.4502	-70.2024	-69.9331	-69.6394	-69.3177	-68.9643	-68.575	-68.1454	-67.6717	-67.1507	-66.5817	-65.9677	-65.3185	-64.6538	-64.0079	-63.4351	-63.0141	-62.8469
2.355	-72.3362	-72.3921	-72.4537	-72.4821	-72.4728	-72.431	-72.3633	-72.2753	-72.1715	-72.0545	-71.9261	-71.7874	-71.6385	-71.4794	-71.3094	-71.1276	-70.9329	-70.7238	-70.4985	-70.2547	-69.9902	-69.7018	-69.3864	-69.0403	-68.6594	-68.2398	-67.7775	-67.27	-66.7165	-66.1204	-65.4913	-64.8489	-64.2269	-63.6777	-63.2771	-63.1219
2.36	-72.357	-72.413	-72.4749	-72.5037	-72.495	-72.4539	-72.387	-72.3001	-72.1973	-72.0816	-71.9547	-71.8175	-71.6703	-71.5131	-71.3452	-71.1659	-70.9739	-70.7678	-70.5459	-70.3062	-70.0462	-69.7631	-69.4538	-69.1147	-68.7421	-68.332	-67.8809	-67.3863	-66.8478	-66.2689	-65.6594	-65.0385	-64.4393	-63.9128	-63.5317	-63.3879
2.365	-72.3776	-72.4339	-72.496	-72.5252	-72.517	-72.4766	-72.4106	-72.3246	-72.223	-72.1085	-71.9829	-71.8472	-71.7018	-71.5464	-71.3806	-71.2036	-71.0143	-70.8112	-70.5927	-70.3568	-70.1012	-69.8233	-69.5198	-69.1876	-68.8229	-68.4221	-67.9818	-67.4997	-66.9758	-66.4135	-65.8228	-65.2226	-64.6453	-64.1405	-63.778	-63.6451
2.37	-72.3981	-72.4545	-72.5169	-72.5464	-72.5388	-72.4991	-72.4339	-72.3489	-72.2483	-72.135	-72.0108	-71.8766	-71.7328	-71.5793	-71.4156	-71.2409	-71.0541	-70.8539	-70.6387	-70.4066	-70.1553	-69.8823	-69.5846	-69.259	-68.902	-68.5102	-68.0803	-67.6104	-67.1005	-66.5543	-65.9817	-65.4015	-64.8453	-64.3612	-64.0163	-63.8938
2.375	-72.4184	-72.475	-72.5376	-72.5675	-72.5604	-72.5214	-72.457	-72.373	-72.2735	-72.1614	-72.0385	-71.9057	-71.7635	-71.6118	-71.4501	-71.2776	-71.0933	-70.896	-70.684	-70.4556	-70.2085	-69.9403	-69.6482	-69.329	-68.9795	-68.5963	-68.1766	-67.7184	-67.222	-66.6914	-66.1362	-65.5752	-65.0392	-64.575	-64.247	-64.1343
2.38	-72.4385	-72.4954	-72.5581	-72.5884	-72.5818	-72.5435	-72.4799	-72.3968	-72.2984	-72.1874	-72.0658	-71.9345	-71.7939	-71.644	-71.4842	-71.3139	-71.1321	-70.9375	-70.7286	-70.5038	-70.2608	-69.9972	-69.7105	-69.3976	-69.0553	-68.6805	-68.2706	-67.8238	-67.3405	-66.8248	-66.2865	-65.7439	-65.2274	-64.7822	-64.4703	-64.3669
2.385	-72.4585	-72.5156	-72.5785	-72.6092	-72.6031	-72.5654	-72.5027	-72.4205	-72.3231	-72.2133	-72.0929	-71.963	-71.824	-71.6757	-71.5178	-71.3497	-71.1703	-70.9784	-70.7726	-70.5512	-70.3121	-70.0532	-69.7717	-69.4648	-69.1295	-68.7629	-68.3625	-67.9266	-67.456	-66.9548	-66.4327	-65.9079	-65.41	-64.983	-64.6864	-64.5919
2.39	-72.4783	-72.5356	-72.5988	-72.6297	-72.6242	-72.5871	-72.5252	-72.4439	-72.3475	-72.2388	-72.1197	-71.9912	-71.8537	-71.7071	-71.5511	-71.385	-71.2079	-71.0187	-70.8159	-70.5979	-70.3627	-70.1081	-69.8317	-69.5307	-69.2023	-68.8436	-68.4523	-68.0271	-67.5687	-67.0814	-66.5749	-66.0672	-65.5873	-65.1776	-64.8956	-64.8094
2.395	-72.498	-72.5555	-72.6188	-72.6502	-72.6451	-72.6087	-72.5475	-72.4671	-72.3717	-72.2642	-72.1463	-72.0191	-71.8831	-71.7381	-71.584	-71.4199	-71.2451	-71.0585	-70.8586	-70.6438	-70.4124	-70.1621	-69.8907	-69.5954	-69.2735	-68.9225	-68.5401	-68.1251	-67.6786	-67.2047	-66.7133	-66.2221	-65.7593	-65.3663	-65.0982	-65.0199
2.4	-72.5175	-72.5752	-72.6388	-72.6704	-72.6658	-72.6301	-72.5697	-72.4901	-72.3957	-72.2892	-72.1726	-72.0467	-71.9121	-71.7688	-71.6164	-71.4544	-71.2818	-71.0977	-70.9006	-70.6891	-70.4613	-70.2152	-69.9485	-69.6588	-69.3433	-68.9997	-68.6259	-68.2209	-67.7857	-67.3249	-66.848	-66.3726	-65.9262	-65.5491	-65.2943	-65.2236
2.405	-72.5369	-72.5948	-72.6585	-72.6905	-72.6864	-72.6513	-72.5916	-72.513	-72.4195	-72.3141	-72.1986	-72.074	-71.9409	-71.7991	-71.6485	-71.4884	-71.3181	-71.1363	-70.942	-70.7336	-70.5094	-70.2674	-70.0054	-69.721	-69.4118	-69.0753	-68.7098	-68.3144	-67.8903	-67.442	-66.9791	-66.5189	-66.0883	-65.7264	-65.4842	-65.4206
2.41	-72.5561	-72.6142	-72.6782	-72.7105	-72.7069	-72.6723	-72.6134	-72.5356	-72.4431	-72.3387	-72.2244	-72.1011	-71.9693	-71.8291	-71.6802	-71.5221	-71.3538	-71.1745	-70.9829	-70.7775	-70.5568	-70.3187	-70.0612	-69.7821	-69.4789	-69.1494	-68.7919	-68.4058	-67.9924	-67.5561	-67.1067	-66.6611	-66.2457	-65.8984	-65.6682	-65.6113
2.415	-72.5752	-72.6335	-72.6976	-72.7303	-72.7271	-72.6932	-72.635	-72.558	-72.4664	-72.3631	-72.2499	-72.1279	-71.9975	-71.8588	-71.7116	-71.5553	-71.3891	-71.2121	-71.0231	-70.8207	-70.6034	-70.3692	-70.1161	-69.842	-69.5446	-69.2219	-68.8723	-68.4951	-68.092	-67.6674	-67.231	-66.7994	-66.3985	-66.0651	-65.8464	-65.7959
2.42	-72.5942	-72.6526	-72.717	-72.7499	-72.7472	-72.7139	-72.6564	-72.5802	-72.4896	-72.3873	-72.2752	-72.1544	-72.0253	-71.8882	-71.7426	-71.5881	-71.424	-71.2493	-71.0628	-70.8633	-70.6493	-70.4188	-70.17	-69.9008	-69.6092	-69.293	-68.9509	-68.5824	-68.1892	-67.7759	-67.352	-66.9339	-66.547	-66.2268	-66.019	-65.9746
2.425	-72.613	-72.6716	-72.7362	-72.7694	-72.7672	-72.7345	-72.6777	-72.6023	-72.5125	-72.4112	-72.3002	-72.1806	-72.0529	-71.9172	-71.7732	-71.6205	-71.4584	-71.2859	-71.102	-70.9053	-70.6944	-70.4676	-70.223	-69.9586	-69.6724	-69.3626	-69.0278	-68.6678	-68.2841	-67.8817	-67.4698	-67.0647	-66.6912	-66.3838	-66.1863	-66.1476
2.43	-72.6317	-72.6905	-72.7552	-72.7888	-72.787	-72.7548	-72.6987	-72.6241	-72.5353	-72.4349	-72.325	-72.2066	-72.0802	-71.9459	-71.8035	-71.6526	-71.4924	-71.3221	-71.1406	-70.9467	-70.7389	-70.5157	-70.2751	-70.0154	-69.7345	-69.4308	-69.1031	-68.7512	-68.3769	-67.9849	-67.5846	-67.192	-66.8313	-66.536	-66.3484	-66.3152
2.435	-72.6502	-72.7092	-72.7741	-72.808	-72.8067	-72.7751	-72.7196	-72.6458	-72.5578	-72.4584	-72.3496	-72.2323	-72.1072	-71.9743	-71.8335	-71.6843	-71.526	-71.3578	-71.1787	-70.9875	-70.7828	-70.5629	-70.3263	-70.0711	-69.7954	-69.4977	-69.1769	-68.8328	-68.4675	-68.0856	-67.6965	-67.3159	-66.9674	-66.6838	-66.5056	-66.4775
2.44	-72.6686	-72.7278	-72.7929	-72.8271	-72.8262	-72.7951	-72.7404	-72.6673	-72.5802	-72.4818	-72.3739	-72.2578	-72.134	-72.0025	-71.8631	-71.7156	-71.5592	-71.3931	-71.2163	-71.0277	-70.8259	-70.6095	-70.3767	-70.1259	-69.8552	-69.5633	-69.2491	-68.9127	-68.556	-68.1839	-67.8055	-67.4365	-67.0998	-66.8272	-66.658	-66.6348
2.445	-72.6869	-72.7462	-72.8115	-72.846	-72.8455	-72.815	-72.7609	-72.6886	-72.6023	-72.5049	-72.3981	-72.2831	-72.1604	-72.0303	-71.8925	-71.7466	-71.592	-71.4279	-71.2534	-71.0674	-70.8685	-70.6553	-70.4263	-70.1797	-69.9139	-69.6276	-69.3198	-68.9908	-68.6425	-68.2798	-67.9118	-67.5538	-67.2284	-66.9665	-66.8058	-66.7873
2.45	-72.705	-72.7646	-72.83	-72.8648	-72.8647	-72.8348	-72.7813	-72.7098	-72.6243	-72.5277	-72.422	-72.3081	-72.1867	-72.0578	-71.9215	-71.7772	-71.6244	-71.4623	-71.29	-71.1065	-70.9104	-70.7004	-70.475	-70.2326	-69.9716	-69.6907	-69.3892	-69.0673	-68.727	-68.3734	-68.0154	-67.6681	-67.3535	-67.1017	-66.9492	-66.9351
2.455	-72.723	-72.7828	-72.8484	-72.8834	-72.8838	-72.8544	-72.8016	-72.7308	-72.6461	-72.5505	-72.4457	-72.3329	-72.2126	-72.0851	-71.9501	-71.8074	-71.6564	-71.4962	-71.3261	-71.145	-70.9517	-70.7448	-70.523	-70.2846	-70.0282	-69.7526	-69.4571	-69.1421	-68.8097	-68.4648	-68.1165	-67.7794	-67.4752	-67.2331	-67.0883	-67.0783
2.46	-72.7409	-72.8008	-72.8666	-72.9019	-72.9027	-72.8739	-72.8217	-72.7516	-72.6677	-72.573	-72.4691	-72.3574	-72.2383	-72.1121	-71.9785	-71.8374	-71.688	-71.5298	-71.3618	-71.1831	-70.9925	-70.7886	-70.5702	-70.3357	-70.0838	-69.8133	-69.5237	-69.2154	-68.8905	-68.5541	-68.2151	-67.8878	-67.5936	-67.3608	-67.2234	-67.2173
2.465	-72.7587	-72.8188	-72.8847	-72.9203	-72.9215	-72.8932	-72.8416	-72.7722	-72.6892	-72.5953	-72.4924	-72.3817	-72.2638	-72.1388	-72.0066	-71.867	-71.7193	-71.5629	-71.397	-71.2206	-71.0326	-70.8317	-70.6166	-70.386	-70.1384	-69.8729	-69.589	-69.2871	-68.9696	-68.6414	-68.3113	-67.9935	-67.7088	-67.4849	-67.3545	-67.3522
2.47	-72.7763	-72.8366	-72.9027	-72.9386	-72.9402	-72.9124	-72.8614	-72.7927	-72.7104	-72.6174	-72.5155	-72.4058	-72.289	-72.1652	-72.0344	-71.8963	-71.7502	-71.5957	-71.4318	-71.2577	-71.0722	-70.8742	-70.6624	-70.4354	-70.1921	-69.9314	-69.653	-69.3574	-69.047	-68.7266	-68.4051	-68.0964	-67.821	-67.6055	-67.4818	-67.483
2.475	-72.7938	-72.8543	-72.9206	-72.9567	-72.9587	-72.9314	-72.881	-72.813	-72.7315	-72.6393	-72.5383	-72.4297	-72.314	-72.1914	-72.0619	-71.9252	-71.7808	-71.628	-71.4662	-71.2943	-71.1113	-70.9161	-70.7074	-70.4841	-70.2449	-69.9889	-69.7158	-69.4263	-69.1227	-68.8099	-68.4967	-68.1968	-67.9301	-67.7228	-67.6055	-67.61
2.48	-72.8112	-72.8718	-72.9383	-72.9747	-72.9771	-72.9503	-72.9005	-72.8332	-72.7524	-72.6611	-72.561	-72.4534	-72.3387	-72.2174	-72.0892	-71.9539	-71.811	-71.66	-71.5001	-71.3303	-71.1498	-70.9573	-70.7518	-70.532	-70.2967	-70.0453	-69.7774	-69.4938	-69.1968	-68.8914	-68.5862	-68.2947	-68.0364	-67.8369	-67.7257	-67.7334
2.485	-72.8285	-72.8893	-72.9559	-72.9926	-72.9954	-72.969	-72.9198	-72.8532	-72.7732	-72.6827	-72.5835	-72.4768	-72.3632	-72.243	-72.1161	-71.9822	-71.8409	-71.6916	-71.5336	-71.366	-71.1878	-70.998	-70.7955	-70.5791	-70.3477	-70.1007	-69.8379	-69.5599	-69.2693	-68.971	-68.6735	-68.3902	-68.14	-67.9479	-67.8425	-67.8532
2.49	-72.8456	-72.9066	-72.9734	-73.0104	-73.0135	-72.9876	-72.939	-72.8731	-72.7938	-72.7041	-72.6058	-72.5	-72.3875	-72.2685	-72.1428	-72.0103	-71.8705	-71.7229	-71.5667	-71.4011	-71.2253	-71.0381	-70.8385	-70.6254	-70.3979	-70.1552	-69.8972	-69.6248	-69.3404	-69.0489	-68.7589	-68.4833	-68.2409	-68.0559	-67.9561	-67.9696
2.495	-72.8627	-72.9239	-72.9908	-73.028	-73.0315	-73.0061	-72.9581	-72.8928	-72.8142	-72.7253	-72.6279	-72.5231	-72.4116	-72.2937	-72.1692	-72.0381	-71.8998	-71.7538	-71.5994	-71.4359	-71.2623	-71.0776	-70.8809	-70.6711	-70.4472	-70.2087	-69.9554	-69.6884	-69.41	-69.1251	-68.8422	-68.5742	-68.3393	-68.161	-68.0665	-68.0827
2.5	-72.8796	-72.9409	-73.008	-73.0455	-73.0494	-73.0245	-72.977	-72.9123	-72.8345	-72.7463	-72.6498	-72.5459	-72.4354	-72.3186	-72.1954	-72.0656	-71.9287	-71.7843	-71.6317	-71.4702	-71.2988	-71.1166	-70.9227	-70.716	-70.4958	-70.2613	-70.0126	-69.7507	-69.4781	-69.1997	-68.9237	-68.6629	-68.4351	-68.2635	-68.174	-68.1927
2.505	-72.8964	-72.9579	-73.0252	-73.0629	-73.0671	-73.0427	-72.9958	-72.9317	-72.8546	-72.7672	-72.6715	-72.5686	-72.4591	-72.3433	-72.2213	-72.0928	-71.9573	-71.8145	-71.6637	-71.5041	-71.3348	-71.1551	-70.9639	-70.7603	-70.5435	-70.313	-70.0688	-69.8119	-69.5449	-69.2727	-69.0034	-68.7495	-68.5286	-68.3632	-68.2785	-68.2997
2.51	-72.9131	-72.9748	-73.0422	-73.0802	-73.0847	-73.0608	-73.0144	-72.951	-72.8746	-72.7879	-72.693	-72.591	-72.4825	-72.3678	-72.247	-72.1197	-71.9857	-71.8444	-71.6953	-71.5375	-71.3704	-71.1931	-71.0045	-70.8039	-70.5905	-70.3638	-70.1239	-69.8719	-69.6104	-69.3441	-69.0813	-68.8341	-68.6198	-68.4604	-68.3803	-68.4038
2.515	-72.9297	-72.9916	-73.0591	-73.0973	-73.1023	-73.0787	-73.0329	-72.9701	-72.8944	-72.8085	-72.7144	-72.6133	-72.5057	-72.3921	-72.2724	-72.1463	-72.0137	-71.8739	-71.7265	-71.5706	-71.4056	-71.2305	-71.0446	-70.8469	-70.6368	-70.4138	-70.1781	-69.9309	-69.6746	-69.4141	-69.1574	-68.9167	-68.7088	-68.5551	-68.4794	-68.5051
2.52	-72.9462	-73.0082	-73.0759	-73.1144	-73.1196	-73.0966	-73.0513	-72.9891	-72.914	-72.8289	-72.7356	-72.6353	-72.5287	-72.4161	-72.2975	-72.1727	-72.0414	-71.9032	-71.7573	-71.6033	-71.4403	-71.2675	-71.0841	-70.8892	-70.6823	-70.463	-70.2314	-69.9887	-69.7375	-69.4826	-69.2319	-68.9974	-68.7957	-68.6474	-68.5759	-68.6037
2.525	-72.9626	-73.0248	-73.0926	-73.1313	-73.1369	-73.1143	-73.0695	-73.0079	-72.9335	-72.8491	-72.7566	-72.6572	-72.5516	-72.44	-72.3225	-72.1989	-72.0689	-71.9321	-71.7878	-71.6356	-71.4745	-71.3039	-71.123	-70.9309	-70.7272	-70.5114	-70.2837	-70.0455	-69.7992	-69.5497	-69.3049	-69.0763	-68.8804	-68.7375	-68.67	-68.6997
2.53	-72.9789	-73.0412	-73.1092	-73.1481	-73.1541	-73.1319	-73.0876	-73.0266	-72.9529	-72.8692	-72.7775	-72.6789	-72.5742	-72.4636	-72.3472	-72.2248	-72.0961	-71.9607	-71.818	-71.6675	-71.5084	-71.3399	-71.1614	-70.9721	-70.7713	-70.5589	-70.3352	-70.1012	-69.8598	-69.6155	-69.3762	-69.1535	-68.9632	-68.8254	-68.7617	-68.7933
2.535	-72.9951	-73.0576	-73.1257	-73.1648	-73.1711	-73.1494	-73.1056	-73.0452	-72.9721	-72.8891	-72.7982	-72.7004	-72.5966	-72.487	-72.3716	-72.2504	-72.123	-71.989	-71.8478	-71.699	-71.5418	-71.3755	-71.1993	-71.0126	-70.8148	-70.6058	-70.3858	-70.156	-69.9192	-69.68	-69.4461	-69.2289	-69.0441	-68.9111	-68.8511	-68.8844
2.54	-73.0111	-73.0738	-73.1421	-73.1814	-73.188	-73.1667	-73.1235	-73.0636	-72.9911	-72.9089	-72.8187	-72.7218	-72.6188	-72.5102	-72.3959	-72.2758	-72.1496	-72.017	-71.8773	-71.7302	-71.5748	-71.4105	-71.2367	-71.0526	-70.8577	-70.6519	-70.4355	-70.2098	-69.9775	-69.7432	-69.5145	-69.3027	-69.1231	-68.9948	-68.9382	-68.9733
2.545	-73.0271	-73.0899	-73.1583	-73.1979	-73.2049	-73.1839	-73.1412	-73.0819	-73.0101	-72.9285	-72.839	-72.7429	-72.6409	-72.5332	-72.4199	-72.3009	-72.176	-72.0447	-71.9065	-71.761	-71.6074	-71.4452	-71.2736	-71.092	-70.8999	-70.6973	-70.4844	-70.2627	-70.0347	-69.8052	-69.5815	-69.3749	-69.2004	-69.0765	-69.0233	-69.0599
2.55	-73.043	-73.106	-73.1745	-73.2143	-73.2216	-73.2011	-73.1588	-73.1001	-73.0289	-72.948	-72.8592	-72.7639	-72.6627	-72.556	-72.4437	-72.3258	-72.2021	-72.0721	-71.9354	-71.7915	-71.6397	-71.4794	-71.31	-71.1308	-70.9415	-70.742	-70.5326	-70.3147	-70.0909	-69.8659	-69.6472	-69.4456	-69.2759	-69.1563	-69.1063	-69.1444
2.555	-73.0587	-73.1219	-73.1906	-73.2306	-73.2382	-73.2181	-73.1763	-73.1181	-73.0475	-72.9673	-72.8793	-72.7848	-72.6844	-72.5786	-72.4673	-72.3505	-72.2279	-72.0993	-71.964	-71.8216	-71.6716	-71.5132	-71.3459	-71.1692	-70.9825	-70.786	-70.5799	-70.3657	-70.1461	-69.9256	-69.7115	-69.5147	-69.3497	-69.2342	-69.1873	-69.2269
2.56	-73.0744	-73.1377	-73.2065	-73.2467	-73.2546	-73.235	-73.1937	-73.136	-73.066	-72.9865	-72.8992	-72.8054	-72.7059	-72.601	-72.4907	-72.3749	-72.2535	-72.1261	-71.9922	-71.8514	-71.7031	-71.5466	-71.3814	-71.207	-71.023	-70.8293	-70.6265	-70.416	-70.2003	-69.9841	-69.7746	-69.5825	-69.4219	-69.3104	-69.2664	-69.3073
2.565	-73.09	-73.1534	-73.2224	-73.2628	-73.271	-73.2517	-73.2109	-73.1538	-73.0844	-73.0055	-72.9189	-72.8259	-72.7272	-72.6232	-72.5138	-72.3992	-72.2789	-72.1527	-72.0202	-71.8809	-71.7342	-71.5796	-71.4164	-71.2443	-71.0628	-70.872	-70.6724	-70.4654	-70.2535	-70.0415	-69.8365	-69.6488	-69.4926	-69.3849	-69.3437	-69.3859
2.57	-73.1055	-73.1691	-73.2381	-73.2788	-73.2873	-73.2684	-73.2281	-73.1715	-73.1027	-73.0244	-72.9385	-72.8463	-72.7484	-72.6452	-72.5368	-72.4232	-72.304	-72.1791	-72.0479	-71.91	-71.765	-71.6121	-71.451	-71.2811	-71.1021	-70.9141	-70.7176	-70.5139	-70.3059	-70.0979	-69.8971	-69.7138	-69.5618	-69.4577	-69.4193	-69.4627
2.575	-73.1209	-73.1846	-73.2538	-73.2946	-73.3035	-73.285	-73.2451	-73.189	-73.1208	-73.0431	-72.958	-72.8665	-72.7694	-72.667	-72.5596	-72.447	-72.3289	-72.2052	-72.0753	-71.9389	-71.7954	-71.6443	-71.4852	-71.3174	-71.1409	-70.9556	-70.7621	-70.5617	-70.3573	-70.1532	-69.9566	-69.7775	-69.6295	-69.5289	-69.4931	-69.5376
2.58	-73.1362	-73.2001	-73.2694	-73.3104	-73.3195	-73.3014	-73.262	-73.2065	-73.1388	-73.0618	-72.9772	-72.8865	-72.7902	-72.6887	-72.5822	-72.4705	-72.3536	-72.231	-72.1024	-71.9674	-71.8255	-71.6762	-71.5189	-71.3533	-71.1791	-70.9965	-70.8059	-70.6088	-70.4079	-70.2076	-70.015	-69.8399	-69.6958	-69.5986	-69.5652	-69.6109
2.585	-73.1514	-73.2154	-73.2848	-73.3261	-73.3355	-73.3178	-73.2788	-73.2238	-73.1567	-73.0802	-72.9964	-72.9063	-72.8108	-72.7102	-72.6046	-72.4939	-72.378	-72.2566	-72.1293	-71.9957	-71.8553	-71.7076	-71.5522	-71.3887	-71.2169	-71.0368	-70.849	-70.6551	-70.4576	-70.261	-70.0722	-69.9011	-69.7607	-69.6668	-69.6358	-69.6825
2.59	-73.1665	-73.2307	-73.3002	-73.3417	-73.3514	-73.334	-73.2955	-73.241	-73.1744	-73.0986	-73.0154	-72.9261	-72.8313	-72.7315	-72.6267	-72.517	-72.4022	-72.2819	-72.1559	-72.0236	-71.8847	-71.7387	-71.5852	-71.4237	-71.2541	-71.0765	-70.8915	-70.7006	-70.5065	-70.3135	-70.1285	-69.9611	-69.8244	-69.7336	-69.7049	-69.7526
2.595	-73.1815	-73.2458	-73.3155	-73.3572	-73.3672	-73.3501	-73.3121	-73.258	-73.192	-73.1168	-73.0343	-72.9456	-72.8516	-72.7526	-72.6488	-72.54	-72.4262	-72.307	-72.1822	-72.0513	-71.9139	-71.7695	-71.6177	-71.4582	-71.2908	-71.1157	-70.9334	-70.7455	-70.5546	-70.3651	-70.1837	-70.02	-69.8867	-69.799	-69.7724	-69.8211
2.6	-73.1964	-73.2609	-73.3307	-73.3725	-73.3828	-73.3662	-73.3285	-73.275	-73.2095	-73.1349	-73.053	-72.9651	-72.8718	-72.7736	-72.6706	-72.5627	-72.4499	-72.3319	-72.2082	-72.0787	-71.9427	-71.7999	-71.6499	-71.4923	-71.3271	-71.1543	-70.9747	-70.7896	-70.6019	-70.4157	-70.2379	-70.0777	-69.9478	-69.863	-69.8386	-69.8882
2.605	-73.2113	-73.2759	-73.3458	-73.3878	-73.3984	-73.3821	-73.3449	-73.2919	-73.2269	-73.1529	-73.0716	-72.9843	-72.8918	-72.7944	-72.6922	-72.5853	-72.4735	-72.3565	-72.234	-72.1057	-71.9712	-71.8299	-71.6817	-71.526	-71.3629	-71.1924	-71.0153	-70.8331	-70.6484	-70.4656	-70.2911	-70.1344	-70.0078	-69.9258	-69.9034	-69.9538
2.61	-73.226	-73.2908	-73.3608	-73.403	-73.4139	-73.3979	-73.3611	-73.3086	-73.2442	-73.1707	-73.0901	-73.0035	-72.9116	-72.815	-72.7137	-72.6077	-72.4968	-72.3809	-72.2596	-72.1326	-71.9994	-71.8597	-71.7131	-71.5593	-71.3982	-71.23	-71.0554	-70.876	-70.6943	-70.5146	-70.3434	-70.1901	-70.0666	-69.9873	-69.9668	-70.018
2.615	-73.2407	-73.3056	-73.3757	-73.4182	-73.4293	-73.4137	-73.3773	-73.3252	-73.2613	-73.1884	-73.1084	-73.0225	-72.9313	-72.8355	-72.735	-72.6298	-72.52	-72.4051	-72.2849	-72.1591	-72.0273	-71.8891	-71.7441	-71.5921	-71.4331	-71.2671	-71.095	-70.9182	-70.7394	-70.5628	-70.3949	-70.2447	-70.1243	-70.0476	-70.0289	-70.0809
2.62	-73.2553	-73.3203	-73.3906	-73.4332	-73.4445	-73.4293	-73.3933	-73.3417	-73.2784	-73.206	-73.1266	-73.0413	-72.9509	-72.8558	-72.7561	-72.6518	-72.5429	-72.429	-72.31	-72.1854	-72.0549	-71.9182	-71.7748	-71.6246	-71.4675	-71.3037	-71.134	-70.9598	-70.7838	-70.6102	-70.4454	-70.2984	-70.1808	-70.1067	-70.0898	-70.1426
2.625	-73.2698	-73.335	-73.4053	-73.4481	-73.4597	-73.4449	-73.4093	-73.3581	-73.2953	-73.2235	-73.1447	-73.06	-72.9703	-72.8759	-72.777	-72.6736	-72.5656	-72.4528	-72.3348	-72.2114	-72.0823	-71.947	-71.8052	-71.6567	-71.5015	-71.3398	-71.1724	-71.0008	-70.8275	-70.6568	-70.4951	-70.3511	-70.2364	-70.1647	-70.1495	-70.203
2.63	-73.2842	-73.3495	-73.42	-73.4629	-73.4749	-73.4603	-73.4251	-73.3744	-73.3121	-73.2409	-73.1626	-73.0786	-72.9896	-72.8959	-72.7978	-72.6953	-72.5882	-72.4763	-72.3594	-72.2372	-72.1093	-71.9754	-71.8352	-71.6884	-71.5351	-71.3755	-71.2103	-71.0412	-70.8706	-70.7028	-70.5439	-70.4028	-70.2909	-70.2216	-70.2081	-70.2622
2.635	-73.2985	-73.364	-73.4346	-73.4777	-73.4899	-73.4757	-73.4409	-73.3906	-73.3288	-73.2581	-73.1804	-73.0971	-73.0087	-72.9157	-72.8184	-72.7167	-72.6105	-72.4996	-72.3838	-72.2628	-72.1361	-72.0036	-71.8649	-71.7198	-71.5683	-71.4107	-71.2478	-71.081	-70.913	-70.7479	-70.592	-70.4537	-70.3445	-70.2774	-70.2655	-70.3202
2.64	-73.3128	-73.3784	-73.4491	-73.4924	-73.5048	-73.4909	-73.4565	-73.4067	-73.3454	-73.2752	-73.1981	-73.1154	-73.0277	-72.9354	-72.8389	-72.738	-72.6327	-72.5227	-72.408	-72.2881	-72.1627	-72.0315	-71.8943	-71.7508	-71.6011	-71.4455	-71.2847	-71.1203	-70.9548	-70.7924	-70.6392	-70.5037	-70.3971	-70.3322	-70.3218	-70.3771
2.645	-73.3269	-73.3927	-73.4635	-73.507	-73.5196	-73.5061	-73.4721	-73.4227	-73.3619	-73.2922	-73.2157	-73.1336	-73.0465	-72.955	-72.8591	-72.7591	-72.6546	-72.5457	-72.4319	-72.3131	-72.1889	-72.0591	-71.9233	-71.7814	-71.6335	-71.4798	-71.3211	-71.159	-70.996	-70.8363	-70.6857	-70.5529	-70.4488	-70.386	-70.3771	-70.433
2.65	-73.341	-73.4069	-73.4778	-73.5215	-73.5344	-73.5211	-73.4875	-73.4386	-73.3782	-73.3091	-73.2332	-73.1516	-73.0652	-72.9743	-72.8793	-72.78	-72.6764	-72.5684	-72.4556	-72.3379	-72.2149	-72.0864	-71.952	-71.8117	-71.6655	-71.5137	-71.3571	-71.1972	-71.0366	-70.8794	-70.7315	-70.6013	-70.4995	-70.4388	-70.4313	-70.4878
2.655	-73.355	-73.4211	-73.4921	-73.5359	-73.549	-73.5361	-73.5029	-73.4544	-73.3945	-73.3259	-73.2505	-73.1695	-73.0838	-72.9936	-72.8992	-72.8008	-72.698	-72.5909	-72.4791	-72.3625	-72.2407	-72.1134	-71.9805	-71.8417	-71.6972	-71.5472	-71.3926	-71.2349	-71.0767	-70.9219	-70.7765	-70.6488	-70.5494	-70.4907	-70.4846	-70.5415
2.66	-73.369	-73.4351	-73.5062	-73.5502	-73.5636	-73.551	-73.5182	-73.4701	-73.4107	-73.3426	-73.2677	-73.1873	-73.1022	-73.0127	-72.9191	-72.8213	-72.7194	-72.6132	-72.5024	-72.3869	-72.2662	-72.1402	-72.0086	-71.8713	-71.7285	-71.5803	-71.4277	-71.2721	-71.1161	-70.9638	-70.8209	-70.6956	-70.5985	-70.5416	-70.5369	-70.5943
2.665	-73.3828	-73.4491	-73.5203	-73.5645	-73.5781	-73.5658	-73.5334	-73.4857	-73.4267	-73.3591	-73.2848	-73.205	-73.1205	-73.0317	-72.9387	-72.8418	-72.7407	-72.6354	-72.5255	-72.411	-72.2915	-72.1667	-72.0364	-71.9007	-71.7594	-71.613	-71.4623	-71.3088	-71.155	-71.005	-70.8645	-70.7417	-70.6468	-70.5917	-70.5883	-70.6462
2.67	-73.3966	-73.463	-73.5343	-73.5786	-73.5925	-73.5805	-73.5484	-73.5012	-73.4427	-73.3756	-73.3018	-73.2226	-73.1386	-73.0505	-72.9583	-72.862	-72.7618	-72.6573	-72.5484	-72.4349	-72.3165	-72.1929	-72.064	-71.9297	-71.79	-71.6453	-71.4964	-71.345	-71.1934	-71.0457	-70.9075	-70.787	-70.6942	-70.641	-70.6387	-70.6971
2.675	-73.4103	-73.4769	-73.5483	-73.5927	-73.6068	-73.5952	-73.5634	-73.5166	-73.4585	-73.3919	-73.3187	-73.24	-73.1567	-73.0692	-72.9776	-72.8822	-72.7827	-72.6791	-72.5711	-72.4586	-72.3413	-72.2189	-72.0913	-71.9583	-71.8202	-71.6772	-71.5302	-71.3807	-71.2313	-71.0858	-70.9499	-70.8316	-70.7409	-70.6894	-70.6883	-70.7471
2.68	-73.4239	-73.4906	-73.5621	-73.6067	-73.6211	-73.6097	-73.5783	-73.5319	-73.4743	-73.4082	-73.3354	-73.2573	-73.1746	-73.0877	-72.9969	-72.9021	-72.8034	-72.7007	-72.5936	-72.4821	-72.3658	-72.2446	-72.1183	-71.9867	-71.8501	-71.7087	-71.5635	-71.416	-71.2686	-71.1253	-70.9916	-70.8755	-70.7868	-70.737	-70.7371	-70.7962
2.685	-73.4375	-73.5043	-73.5759	-73.6207	-73.6353	-73.6242	-73.5932	-73.5471	-73.49	-73.4243	-73.3521	-73.2745	-73.1924	-73.1061	-73.0159	-72.9219	-72.824	-72.7221	-72.6159	-72.5054	-72.3902	-72.2701	-72.145	-72.0148	-71.8797	-71.7399	-71.5965	-71.4508	-71.3055	-71.1643	-71.0328	-70.9187	-70.832	-70.7838	-70.785	-70.8446
2.69	-73.451	-73.5179	-73.5896	-73.6345	-73.6493	-73.6386	-73.6079	-73.5623	-73.5055	-73.4404	-73.3686	-73.2916	-73.2101	-73.1244	-73.0349	-72.9416	-72.8444	-72.7433	-72.638	-72.5284	-72.4143	-72.2953	-72.1714	-72.0426	-71.9089	-71.7708	-71.629	-71.4852	-71.3418	-71.2027	-71.0733	-70.9613	-70.8765	-70.8299	-70.8321	-70.892
2.695	-73.4644	-73.5314	-73.6032	-73.6483	-73.6633	-73.6529	-73.6225	-73.5773	-73.521	-73.4563	-73.3851	-73.3086	-73.2276	-73.1426	-73.0537	-72.9611	-72.8647	-72.7644	-72.66	-72.5513	-72.4382	-72.3203	-72.1976	-72.0701	-71.9378	-71.8012	-71.6612	-71.5192	-71.3777	-71.2406	-71.1132	-71.0033	-70.9203	-70.8752	-70.8785	-70.9387
2.7	-73.4777	-73.5449	-73.6168	-73.662	-73.6773	-73.6671	-73.6371	-73.5923	-73.5364	-73.4721	-73.4014	-73.3254	-73.245	-73.1606	-73.0724	-72.9805	-72.8848	-72.7853	-72.6817	-72.574	-72.4618	-72.3451	-72.2236	-72.0973	-71.9665	-71.8314	-71.693	-71.5527	-71.4132	-71.278	-71.1526	-71.0446	-70.9634	-70.9199	-70.9241	-70.9847
2.705	-73.491	-73.5583	-73.6302	-73.6756	-73.6911	-73.6812	-73.6516	-73.6071	-73.5516	-73.4879	-73.4176	-73.3422	-73.2623	-73.1785	-73.0909	-72.9997	-72.9047	-72.806	-72.7033	-72.5965	-72.4853	-72.3696	-72.2493	-72.1243	-71.9948	-71.8612	-71.7244	-71.5859	-71.4481	-71.3149	-71.1915	-71.0854	-71.0059	-70.9638	-70.969	-71.0299
2.71	-73.5042	-73.5716	-73.6437	-73.6892	-73.7049	-73.6953	-73.6659	-73.6219	-73.5668	-73.5035	-73.4338	-73.3588	-73.2795	-73.1963	-73.1093	-73.0187	-72.9245	-72.8266	-72.7247	-72.6188	-72.5085	-72.3939	-72.2747	-72.151	-72.0228	-71.8907	-71.7554	-71.6186	-71.4827	-71.3513	-71.2298	-71.1255	-71.0478	-71.007	-71.0132	-71.0743
2.715	-73.5173	-73.5849	-73.657	-73.7027	-73.7186	-73.7092	-73.6803	-73.6366	-73.5819	-73.519	-73.4498	-73.3754	-73.2966	-73.2139	-73.1276	-73.0377	-72.9442	-72.847	-72.7459	-72.6409	-72.5316	-72.418	-72.2999	-72.1774	-72.0505	-71.9198	-71.7861	-71.651	-71.5168	-71.3872	-71.2676	-71.1651	-71.089	-71.0496	-71.0566	-71.1181
2.72	-73.5304	-73.598	-73.6703	-73.7161	-73.7322	-73.7231	-73.6945	-73.6512	-73.5969	-73.5345	-73.4657	-73.3918	-73.3136	-73.2315	-73.1457	-73.0565	-72.9637	-72.8672	-72.767	-72.6628	-72.5545	-72.4419	-72.3249	-72.2035	-72.078	-71.9487	-71.8165	-71.683	-71.5505	-71.4227	-71.3048	-71.2041	-71.1296	-71.0915	-71.0994	-71.1611
2.725	-73.5434	-73.6111	-73.6834	-73.7294	-73.7457	-73.7369	-73.7086	-73.6657	-73.6118	-73.5498	-73.4815	-73.4081	-73.3304	-73.2489	-73.1637	-73.0751	-72.983	-72.8873	-72.7878	-72.6845	-72.5771	-72.4655	-72.3496	-72.2294	-72.1051	-71.9772	-71.8465	-71.7145	-71.5837	-71.4577	-71.3416	-71.2426	-71.1697	-71.1329	-71.1416	-71.2036
2.73	-73.5563	-73.6242	-73.6966	-73.7427	-73.7592	-73.7507	-73.7227	-73.6801	-73.6267	-73.5651	-73.4972	-73.4243	-73.3471	-73.2662	-73.1816	-73.0936	-73.0022	-72.9072	-72.8085	-72.706	-72.5996	-72.4889	-72.3741	-72.2551	-72.132	-72.0054	-71.8762	-71.7458	-71.6166	-71.4922	-71.3779	-71.2806	-71.2092	-71.1736	-71.1831	-71.2453
2.735	-73.5691	-73.6371	-73.7096	-73.7558	-73.7726	-73.7643	-73.7367	-73.6944	-73.6414	-73.5802	-73.5128	-73.4404	-73.3638	-73.2833	-73.1994	-73.112	-73.0213	-72.927	-72.8291	-72.7274	-72.6218	-72.5122	-72.3984	-72.2805	-72.1587	-72.0334	-71.9056	-71.7767	-71.6491	-71.5264	-71.4137	-71.318	-71.2481	-71.2137	-71.224	-71.2864
2.74	-73.5819	-73.65	-73.7226	-73.769	-73.7859	-73.7779	-73.7506	-73.7087	-73.656	-73.5953	-73.5284	-73.4564	-73.3803	-73.3004	-73.217	-73.1303	-73.0402	-72.9466	-72.8495	-72.7486	-72.6439	-72.5352	-72.4224	-72.3056	-72.185	-72.061	-71.9346	-71.8072	-71.6812	-71.5601	-71.4491	-71.3549	-71.2864	-71.2533	-71.2643	-71.327
2.745	-73.5947	-73.6629	-73.7355	-73.782	-73.7992	-73.7915	-73.7644	-73.7229	-73.6706	-73.6103	-73.5438	-73.4723	-73.3967	-73.3173	-73.2346	-73.1484	-73.059	-72.9661	-72.8697	-72.7696	-72.6658	-72.558	-72.4463	-72.3306	-72.2111	-72.0884	-71.9633	-71.8374	-71.7129	-71.5934	-71.484	-71.3914	-71.3243	-71.2922	-71.3041	-71.3669
2.75	-73.6073	-73.6757	-73.7484	-73.795	-73.8124	-73.8049	-73.7781	-73.737	-73.6851	-73.6252	-73.5591	-73.4881	-73.413	-73.3342	-73.252	-73.1664	-73.0776	-72.9854	-72.8898	-72.7905	-72.6875	-72.5807	-72.4699	-72.3552	-72.237	-72.1155	-71.9918	-71.8672	-71.7442	-71.6263	-71.5184	-71.4274	-71.3616	-71.3307	-71.3432	-71.4062
2.755	-73.6199	-73.6884	-73.7612	-73.8079	-73.8255	-73.8183	-73.7918	-73.751	-73.6995	-73.64	-73.5744	-73.5038	-73.4292	-73.3509	-73.2692	-73.1843	-73.0961	-73.0046	-72.9097	-72.8112	-72.709	-72.6031	-72.4933	-72.3797	-72.2626	-72.1423	-72.0199	-71.8967	-71.7752	-71.6588	-71.5525	-71.4629	-71.3985	-71.3686	-71.3818	-71.445
2.76	-73.6324	-73.701	-73.7739	-73.8208	-73.8385	-73.8316	-73.8054	-73.7649	-73.7138	-73.6547	-73.5895	-73.5194	-73.4453	-73.3675	-73.2864	-73.2021	-73.1145	-73.0237	-72.9294	-72.8317	-72.7304	-72.6253	-72.5165	-72.4039	-72.2879	-72.1689	-72.0477	-71.9259	-71.8059	-71.6909	-71.5861	-71.4979	-71.4348	-71.406	-71.4199	-71.4832
2.765	-73.6449	-73.7136	-73.7865	-73.8335	-73.8515	-73.8448	-73.8189	-73.7788	-73.728	-73.6693	-73.6046	-73.535	-73.4613	-73.384	-73.3035	-73.2197	-73.1327	-73.0426	-72.9491	-72.8521	-72.7516	-72.6474	-72.5395	-72.428	-72.313	-72.1951	-72.0753	-71.9548	-71.8362	-71.7227	-71.6193	-71.5325	-71.4707	-71.4429	-71.4574	-71.5209
2.77	-73.6573	-73.7261	-73.7991	-73.8463	-73.8644	-73.8579	-73.8324	-73.7926	-73.7422	-73.6839	-73.6195	-73.5504	-73.4772	-73.4004	-73.3204	-73.2372	-73.1509	-73.0613	-72.9685	-72.8723	-72.7726	-72.6693	-72.5623	-72.4518	-72.3379	-72.2212	-72.1025	-71.9834	-71.8661	-71.7541	-71.6521	-71.5667	-71.5061	-71.4793	-71.4944	-71.5581
2.775	-73.6697	-73.7385	-73.8116	-73.8589	-73.8772	-73.871	-73.8457	-73.8063	-73.7562	-73.6983	-73.6344	-73.5657	-73.493	-73.4167	-73.3372	-73.2546	-73.1688	-73.08	-72.9878	-72.8924	-72.7934	-72.6909	-72.5849	-72.4753	-72.3625	-72.2469	-72.1295	-72.0117	-71.8957	-71.7851	-71.6845	-71.6004	-71.541	-71.5152	-71.531	-71.5947
2.78	-73.682	-73.7509	-73.8241	-73.8715	-73.89	-73.884	-73.8591	-73.8199	-73.7702	-73.7127	-73.6492	-73.5809	-73.5087	-73.4329	-73.3539	-73.2719	-73.1867	-73.0984	-73.007	-72.9123	-72.8141	-72.7124	-72.6073	-72.4987	-72.3869	-72.2725	-72.1562	-72.0397	-71.925	-71.8157	-71.7165	-71.6338	-71.5756	-71.5506	-71.567	-71.6309
2.785	-73.6942	-73.7633	-73.8365	-73.884	-73.9027	-73.897	-73.8723	-73.8335	-73.7841	-73.727	-73.6639	-73.5961	-73.5242	-73.449	-73.3705	-73.289	-73.2044	-73.1168	-73.026	-72.932	-72.8346	-72.7338	-72.6295	-72.5219	-72.4111	-72.2978	-72.1827	-72.0673	-71.954	-71.846	-71.7482	-71.6667	-71.6096	-71.5856	-71.6025	-71.6666
2.79	-73.7063	-73.7755	-73.8488	-73.8965	-73.9154	-73.9098	-73.8854	-73.8469	-73.798	-73.7412	-73.6785	-73.6111	-73.5397	-73.465	-73.387	-73.306	-73.2221	-73.135	-73.0449	-72.9516	-72.855	-72.7549	-72.6515	-72.5448	-72.4351	-72.3228	-72.2089	-72.0947	-71.9827	-71.876	-71.7794	-71.6992	-71.6433	-71.6202	-71.6376	-71.7018
2.795	-73.7184	-73.7877	-73.8611	-73.9089	-73.9279	-73.9227	-73.8985	-73.8603	-73.8117	-73.7553	-73.693	-73.6261	-73.5552	-73.4808	-73.4034	-73.323	-73.2396	-73.1532	-73.0637	-72.971	-72.8751	-72.7759	-72.6734	-72.5676	-72.4588	-72.3476	-72.2348	-72.1219	-72.0111	-71.9057	-71.8104	-71.7314	-71.6765	-71.6543	-71.6723	-71.7365
2.8	-73.7305	-73.7999	-73.8733	-73.9212	-73.9404	-73.9354	-73.9116	-73.8737	-73.8254	-73.7694	-73.7075	-73.6409	-73.5705	-73.4966	-73.4197	-73.3398	-73.2569	-73.1711	-73.0823	-72.9903	-72.8952	-72.7967	-72.695	-72.5902	-72.4824	-72.3722	-72.2605	-72.1487	-72.0391	-71.935	-71.8409	-71.7632	-71.7094	-71.6879	-71.7065	-71.7708
2.805	-73.7425	-73.812	-73.8855	-73.9335	-73.9529	-73.9481	-73.9245	-73.8869	-73.839	-73.7834	-73.7219	-73.6557	-73.5857	-73.5123	-73.4359	-73.3565	-73.2742	-73.189	-73.1008	-73.0095	-72.9151	-72.8174	-72.7165	-72.6125	-72.5057	-72.3965	-72.2859	-72.1753	-72.0669	-71.964	-71.8712	-71.7946	-71.7418	-71.7212	-71.7402	-71.8047
2.81	-73.7544	-73.824	-73.8976	-73.9457	-73.9653	-73.9607	-73.9374	-73.9001	-73.8525	-73.7973	-73.7361	-73.6704	-73.6008	-73.5279	-73.4519	-73.3731	-73.2913	-73.2067	-73.1191	-73.0285	-72.9348	-72.8379	-72.7378	-72.6347	-72.5288	-72.4206	-72.3111	-72.2016	-72.0944	-71.9927	-71.9011	-71.8256	-71.7738	-71.7541	-71.7736	-71.8381
2.815	-73.7663	-73.8359	-73.9096	-73.9578	-73.9776	-73.9732	-73.9502	-73.9132	-73.866	-73.8111	-73.7503	-73.685	-73.6158	-73.5434	-73.4679	-73.3896	-73.3084	-73.2243	-73.1374	-73.0474	-72.9544	-72.8582	-72.759	-72.6567	-72.5517	-72.4445	-72.3361	-72.2277	-72.1216	-72.0211	-71.9306	-71.8563	-71.8055	-71.7865	-71.8065	-71.8711
2.82	-73.7781	-73.8479	-73.9216	-73.9699	-73.9898	-73.9857	-73.963	-73.9263	-73.8794	-73.8248	-73.7644	-73.6995	-73.6308	-73.5588	-73.4838	-73.4059	-73.3253	-73.2418	-73.1554	-73.0661	-72.9738	-72.8784	-72.7799	-72.6785	-72.5745	-72.4682	-72.3608	-72.2535	-72.1486	-72.0492	-71.9599	-71.8866	-71.8368	-71.8186	-71.8391	-71.9037
2.825	-73.7898	-73.8597	-73.9335	-73.9819	-74.002	-73.9981	-73.9756	-73.9393	-73.8927	-73.8385	-73.7785	-73.7139	-73.6456	-73.5741	-73.4996	-73.4222	-73.3421	-73.2592	-73.1734	-73.0847	-72.9931	-72.8984	-72.8007	-72.7002	-72.597	-72.4917	-72.3853	-72.279	-72.1752	-72.077	-71.9888	-71.9166	-71.8678	-71.8503	-71.8712	-71.936
2.83	-73.8015	-73.8715	-73.9454	-73.9939	-74.0142	-74.0105	-73.9882	-73.9522	-73.9059	-73.8521	-73.7924	-73.7283	-73.6604	-73.5893	-73.5152	-73.4384	-73.3588	-73.2764	-73.1912	-73.1032	-73.0122	-72.9183	-72.8214	-72.7216	-72.6193	-72.515	-72.4095	-72.3044	-72.2016	-72.1045	-72.0174	-71.9463	-71.8984	-71.8816	-71.9029	-71.9678
2.835	-73.8132	-73.8832	-73.9572	-74.0058	-74.0262	-74.0228	-74.0008	-73.965	-73.9191	-73.8656	-73.8063	-73.7426	-73.6751	-73.6044	-73.5308	-73.4544	-73.3754	-73.2935	-73.209	-73.1215	-73.0312	-72.938	-72.8418	-72.7429	-72.6415	-72.538	-72.4336	-72.3294	-72.2278	-72.1317	-72.0457	-71.9756	-71.9286	-71.9126	-71.9343	-71.9992
2.84	-73.8248	-73.8949	-73.9689	-74.0176	-74.0383	-74.035	-74.0133	-73.9778	-73.9322	-73.879	-73.8201	-73.7567	-73.6897	-73.6194	-73.5463	-73.4704	-73.3918	-73.3106	-73.2266	-73.1397	-73.0501	-72.9575	-72.8621	-72.764	-72.6634	-72.5609	-72.4574	-72.3543	-72.2537	-72.1587	-72.0737	-72.0046	-71.9585	-71.9431	-71.9653	-72.0303
2.845	-73.8363	-73.9066	-73.9806	-74.0294	-74.0502	-74.0472	-74.0257	-73.9905	-73.9452	-73.8924	-73.8338	-73.7709	-73.7042	-73.6344	-73.5617	-73.4863	-73.4082	-73.3275	-73.244	-73.1578	-73.0688	-72.977	-72.8823	-72.7849	-72.6852	-72.5836	-72.481	-72.3789	-72.2793	-72.1854	-72.1015	-72.0333	-71.9881	-71.9734	-71.996	-72.061
2.85	-73.8478	-73.9181	-73.9922	-74.0412	-74.0621	-74.0593	-74.0381	-74.0032	-73.9581	-73.9057	-73.8475	-73.7849	-73.7186	-73.6492	-73.577	-73.502	-73.4245	-73.3443	-73.2614	-73.1758	-73.0874	-72.9962	-72.9023	-72.8057	-72.7068	-72.606	-72.5044	-72.4032	-72.3047	-72.2118	-72.1289	-72.0617	-72.0173	-72.0033	-72.0263	-72.0913
2.855	-73.8592	-73.9296	-74.0038	-74.0529	-74.0739	-74.0713	-74.0504	-74.0157	-73.971	-73.9189	-73.8611	-73.7988	-73.733	-73.664	-73.5922	-73.5177	-73.4406	-73.3609	-73.2786	-73.1936	-73.1059	-73.0153	-72.9221	-72.8263	-72.7282	-72.6283	-72.5276	-72.4274	-72.3298	-72.238	-72.1561	-72.0899	-72.0463	-72.0329	-72.0562	-72.1213
2.86	-73.8706	-73.9411	-74.0153	-74.0645	-74.0857	-74.0833	-74.0626	-74.0282	-73.9839	-73.932	-73.8746	-73.8127	-73.7472	-73.6786	-73.6073	-73.5333	-73.4567	-73.3775	-73.2957	-73.2113	-73.1242	-73.0343	-72.9418	-72.8467	-72.7494	-72.6504	-72.5506	-72.4513	-72.3547	-72.2639	-72.1829	-72.1177	-72.0749	-72.0621	-72.0859	-72.1509
2.865	-73.8819	-73.9525	-74.0268	-74.076	-74.0975	-74.0952	-74.0748	-74.0407	-73.9966	-73.9451	-73.888	-73.8265	-73.7614	-73.6932	-73.6223	-73.5487	-73.4726	-73.394	-73.3127	-73.2289	-73.1424	-73.0532	-72.9613	-72.867	-72.7705	-72.6723	-72.5734	-72.475	-72.3794	-72.2895	-72.2096	-72.1452	-72.1032	-72.0911	-72.1152	-72.1803
2.87	-73.8932	-73.9639	-74.0382	-74.0876	-74.1091	-74.1071	-74.0869	-74.0531	-74.0093	-73.9581	-73.9013	-73.8402	-73.7755	-73.7077	-73.6372	-73.5641	-73.4885	-73.4103	-73.3296	-73.2463	-73.1604	-73.0719	-72.9807	-72.8871	-72.7914	-72.694	-72.596	-72.4986	-72.4039	-72.3149	-72.2359	-72.1724	-72.1312	-72.1197	-72.1441	-72.2093
2.875	-73.9044	-73.9752	-74.0496	-74.099	-74.1207	-74.1189	-74.0989	-74.0654	-74.0219	-73.971	-73.9146	-73.8538	-73.7895	-73.7221	-73.6521	-73.5794	-73.5042	-73.4266	-73.3464	-73.2637	-73.1784	-73.0904	-73	-72.9071	-72.8121	-72.7156	-72.6184	-72.5218	-72.4281	-72.3401	-72.262	-72.1994	-72.159	-72.148	-72.1728	-72.2379
2.88	-73.9156	-73.9864	-74.0609	-74.1104	-74.1323	-74.1307	-74.1109	-74.0777	-74.0345	-73.9839	-73.9278	-73.8674	-73.8034	-73.7365	-73.6668	-73.5946	-73.5199	-73.4427	-73.3631	-73.2809	-73.1962	-73.1089	-73.0191	-72.9269	-72.8327	-72.737	-72.6406	-72.5449	-72.4521	-72.365	-72.2878	-72.2261	-72.1864	-72.176	-72.2011	-72.2663
2.885	-73.9267	-73.9976	-74.0721	-74.1218	-74.1438	-74.1424	-74.1228	-74.0899	-74.047	-73.9967	-73.9409	-73.8809	-73.8173	-73.7507	-73.6815	-73.6097	-73.5354	-73.4588	-73.3796	-73.298	-73.2139	-73.1272	-73.038	-72.9466	-72.8531	-72.7581	-72.6626	-72.5678	-72.4759	-72.3897	-72.3134	-72.2525	-72.2136	-72.2038	-72.2291	-72.2943
2.89	-73.9378	-74.0088	-74.0833	-74.1331	-74.1552	-74.154	-74.1347	-74.102	-74.0594	-74.0095	-73.954	-73.8943	-73.8311	-73.7649	-73.696	-73.6247	-73.5509	-73.4747	-73.3961	-73.315	-73.2314	-73.1454	-73.0569	-72.9661	-72.8733	-72.7792	-72.6844	-72.5905	-72.4994	-72.4142	-72.3388	-72.2787	-72.2405	-72.2312	-72.2569	-72.3221
2.895	-73.9488	-74.0199	-74.0945	-74.1443	-74.1666	-74.1656	-74.1465	-74.1141	-74.0717	-74.0221	-73.967	-73.9076	-73.8448	-73.779	-73.7105	-73.6396	-73.5663	-73.4906	-73.4124	-73.3319	-73.2489	-73.1634	-73.0756	-72.9855	-72.8934	-72.8	-72.7061	-72.613	-72.5228	-72.4384	-72.3639	-72.3046	-72.2671	-72.2583	-72.2843	-72.3495
2.9	-73.9598	-74.0309	-74.1056	-74.1555	-74.1779	-74.1771	-74.1583	-74.1261	-74.084	-74.0347	-73.9799	-73.9209	-73.8584	-73.793	-73.7249	-73.6544	-73.5815	-73.5063	-73.4287	-73.3486	-73.2662	-73.1813	-73.0941	-73.0047	-72.9134	-72.8207	-72.7276	-72.6353	-72.546	-72.4624	-72.3887	-72.3302	-72.2934	-72.2852	-72.3115	-72.3767
2.905	-73.9707	-74.0419	-74.1166	-74.1666	-74.1892	-74.1886	-74.17	-74.138	-74.0963	-74.0473	-73.9928	-73.9341	-73.872	-73.8069	-73.7393	-73.6692	-73.5967	-73.5219	-73.4448	-73.3653	-73.2834	-73.1991	-73.1125	-73.0238	-72.9331	-72.8412	-72.7489	-72.6574	-72.5689	-72.4862	-72.4134	-72.3556	-72.3195	-72.3118	-72.3384	-72.4036
2.91	-73.9816	-74.0529	-74.1276	-74.1777	-74.2005	-74.2	-74.1816	-74.1499	-74.1085	-74.0597	-74.0056	-73.9472	-73.8855	-73.8208	-73.7535	-73.6838	-73.6118	-73.5375	-73.4608	-73.3819	-73.3005	-73.2168	-73.1308	-73.0427	-72.9528	-72.8616	-72.77	-72.6794	-72.5917	-72.5098	-72.4378	-72.3808	-72.3453	-72.3381	-72.365	-72.4302
2.915	-73.9924	-74.0638	-74.1386	-74.1888	-74.2116	-74.2114	-74.1932	-74.1618	-74.1206	-74.0721	-74.0183	-73.9603	-73.8989	-73.8345	-73.7677	-73.6984	-73.6268	-73.5529	-73.4768	-73.3983	-73.3175	-73.2344	-73.149	-73.0615	-72.9723	-72.8818	-72.791	-72.7011	-72.6142	-72.5332	-72.4619	-72.4057	-72.3709	-72.3642	-72.3913	-72.4565
2.92	-74.0032	-74.0746	-74.1495	-74.1998	-74.2228	-74.2227	-74.2048	-74.1736	-74.1326	-74.0845	-74.031	-73.9733	-73.9122	-73.8482	-73.7817	-73.7129	-73.6417	-73.5683	-73.4926	-73.4146	-73.3344	-73.2518	-73.167	-73.0802	-72.9916	-72.9018	-72.8117	-72.7227	-72.6366	-72.5564	-72.4859	-72.4304	-72.3962	-72.39	-72.4174	-72.4826
2.925	-74.0139	-74.0854	-74.1603	-74.2107	-74.2338	-74.2339	-74.2162	-74.1853	-74.1446	-74.0968	-74.0436	-73.9862	-73.9254	-73.8619	-73.7957	-73.7273	-73.6565	-73.5836	-73.5083	-73.4309	-73.3511	-73.2691	-73.1849	-73.0987	-73.0108	-72.9217	-72.8324	-72.7441	-72.6588	-72.5793	-72.5097	-72.4549	-72.4213	-72.4156	-72.4432	-72.5084
2.93	-74.0246	-74.0962	-74.1711	-74.2216	-74.2449	-74.2451	-74.2277	-74.197	-74.1565	-74.109	-74.0561	-73.999	-73.9386	-73.8754	-73.8097	-73.7416	-73.6713	-73.5987	-73.524	-73.447	-73.3678	-73.2863	-73.2027	-73.1171	-73.0298	-72.9415	-72.8528	-72.7653	-72.6808	-72.6021	-72.5332	-72.4791	-72.4462	-72.4409	-72.4688	-72.5339
2.935	-74.0352	-74.1069	-74.1819	-74.2324	-74.2558	-74.2563	-74.239	-74.2086	-74.1684	-74.1212	-74.0686	-74.0118	-73.9518	-73.8889	-73.8235	-73.7558	-73.6859	-73.6138	-73.5395	-73.463	-73.3843	-73.3034	-73.2203	-73.1353	-73.0487	-72.961	-72.8731	-72.7863	-72.7026	-72.6247	-72.5565	-72.5032	-72.4708	-72.4659	-72.4941	-72.5592
2.94	-74.0458	-74.1176	-74.1926	-74.2432	-74.2668	-74.2674	-74.2503	-74.2201	-74.1802	-74.1333	-74.081	-74.0245	-73.9648	-73.9023	-73.8373	-73.77	-73.7005	-73.6288	-73.555	-73.4789	-73.4007	-73.3203	-73.2379	-73.1535	-73.0675	-72.9805	-72.8933	-72.8072	-72.7242	-72.647	-72.5796	-72.527	-72.4952	-72.4908	-72.5191	-72.5842
2.945	-74.0563	-74.1282	-74.2033	-74.254	-74.2776	-74.2784	-74.2616	-74.2316	-74.192	-74.1453	-74.0933	-74.0372	-73.9778	-73.9156	-73.851	-73.7841	-73.715	-73.6437	-73.5703	-73.4948	-73.417	-73.3372	-73.2553	-73.1715	-73.0861	-72.9998	-72.9133	-72.8279	-72.7456	-72.6692	-72.6025	-72.5505	-72.5194	-72.5154	-72.544	-72.609
2.95	-74.0668	-74.1388	-74.2139	-74.2646	-74.2885	-74.2894	-74.2728	-74.243	-74.2037	-74.1573	-74.1056	-74.0498	-73.9907	-73.9289	-73.8646	-73.798	-73.7293	-73.6585	-73.5856	-73.5105	-73.4333	-73.3539	-73.2726	-73.1894	-73.1046	-73.0189	-72.9331	-72.8484	-72.7669	-72.6912	-72.6252	-72.5739	-72.5433	-72.5397	-72.5686	-72.6336
2.955	-74.0773	-74.1493	-74.2244	-74.2753	-74.2992	-74.3004	-74.284	-74.2544	-74.2153	-74.1692	-74.1178	-74.0623	-74.0035	-73.942	-73.8781	-73.812	-73.7437	-73.6732	-73.6007	-73.5261	-73.4494	-73.3706	-73.2897	-73.2071	-73.123	-73.0379	-72.9528	-72.8688	-72.788	-72.7131	-72.6478	-72.5971	-72.567	-72.5639	-72.5929	-72.6579
2.96	-74.0877	-74.1598	-74.2349	-74.2859	-74.31	-74.3113	-74.2951	-74.2658	-74.2269	-74.1811	-74.1299	-74.0747	-74.0163	-73.9552	-73.8916	-73.8258	-73.7579	-73.6879	-73.6158	-73.5416	-73.4654	-73.3871	-73.3068	-73.2248	-73.1412	-73.0568	-72.9723	-72.889	-72.8089	-72.7347	-72.6701	-72.6201	-72.5905	-72.5878	-72.617	-72.682
2.965	-74.0981	-74.1702	-74.2454	-74.2964	-74.3206	-74.3221	-74.3061	-74.2771	-74.2385	-74.1929	-74.142	-74.0871	-74.029	-73.9682	-73.905	-73.8396	-73.772	-73.7024	-73.6308	-73.5571	-73.4813	-73.4035	-73.3238	-73.2423	-73.1594	-73.0755	-72.9917	-72.9091	-72.8297	-72.7561	-72.6922	-72.6428	-72.6138	-72.6115	-72.6409	-72.7059
2.97	-74.1084	-74.1806	-74.2559	-74.3069	-74.3313	-74.3329	-74.3171	-74.2883	-74.2499	-74.2046	-74.154	-74.0995	-74.0417	-73.9812	-73.9183	-73.8532	-73.7861	-73.7169	-73.6457	-73.5724	-73.4971	-73.4198	-73.3406	-73.2597	-73.1773	-73.0941	-73.0109	-72.929	-72.8503	-72.7774	-72.7142	-72.6654	-72.6369	-72.635	-72.6646	-72.7295
2.975	-74.1187	-74.1909	-74.2662	-74.3174	-74.3418	-74.3437	-74.328	-74.2995	-74.2614	-74.2163	-74.166	-74.1117	-74.0542	-73.9941	-73.9315	-73.8669	-73.8001	-73.7313	-73.6605	-73.5876	-73.5128	-73.436	-73.3573	-73.2769	-73.1952	-73.1126	-73.03	-72.9488	-72.8707	-72.7985	-72.7359	-72.6878	-72.6598	-72.6582	-72.6881	-72.753
2.98	-74.1289	-74.2012	-74.2766	-74.3278	-74.3524	-74.3544	-74.339	-74.3106	-74.2727	-74.2279	-74.1779	-74.1239	-74.0668	-74.0069	-73.9447	-73.8804	-73.814	-73.7456	-73.6752	-73.6028	-73.5284	-73.4521	-73.3739	-73.2941	-73.2129	-73.1309	-73.049	-72.9684	-72.891	-72.8195	-72.7575	-72.71	-72.6825	-72.6813	-72.7113	-72.7762
2.985	-74.1391	-74.2115	-74.2869	-74.3382	-74.3629	-74.365	-74.3498	-74.3217	-74.284	-74.2395	-74.1898	-74.1361	-74.0792	-74.0197	-73.9578	-73.8938	-73.8278	-73.7598	-73.6898	-73.6179	-73.5439	-73.4681	-73.3904	-73.3111	-73.2305	-73.1491	-73.0678	-72.9879	-72.9111	-72.8402	-72.7789	-72.7319	-72.705	-72.7042	-72.7344	-72.7992
2.99	-74.1492	-74.2217	-74.2971	-74.3485	-74.3733	-74.3756	-74.3606	-74.3327	-74.2953	-74.251	-74.2016	-74.1482	-74.0916	-74.0324	-73.9709	-73.9072	-73.8416	-73.7739	-73.7044	-73.6328	-73.5594	-73.484	-73.4068	-73.3281	-73.248	-73.1672	-73.0865	-73.0072	-72.9311	-72.8609	-72.8002	-72.7538	-72.7273	-72.7268	-72.7572	-72.822
2.995	-74.1593	-74.2319	-74.3073	-74.3588	-74.3837	-74.3862	-74.3713	-74.3436	-74.3065	-74.2625	-74.2133	-74.1602	-74.1039	-74.045	-73.9838	-73.9205	-73.8552	-73.788	-73.7188	-73.6477	-73.5747	-73.4998	-73.4231	-73.3449	-73.2654	-73.1852	-73.1051	-73.0263	-72.9509	-72.8813	-72.8212	-72.7754	-72.7494	-72.7493	-72.7799	-72.8446
3	-74.1694	-74.242	-74.3175	-74.369	-74.3941	-74.3967	-74.382	-74.3546	-74.3177	-74.2739	-74.225	-74.1721	-74.1162	-74.0576	-73.9967	-73.9338	-73.8688	-73.802	-73.7332	-73.6625	-73.5899	-73.5155	-73.4393	-73.3616	-73.2826	-73.203	-73.1235	-73.0454	-72.9705	-72.9016	-72.8421	-72.7968	-72.7714	-72.7716	-72.8023	-72.867
3.005	-74.1794	-74.2521	-74.3276	-74.3792	-74.4044	-74.4072	-74.3927	-74.3654	-74.3288	-74.2852	-74.2366	-74.184	-74.1284	-74.0701	-74.0096	-73.9469	-73.8824	-73.8159	-73.7475	-73.6772	-73.6051	-73.5311	-73.4554	-73.3782	-73.2998	-73.2207	-73.1418	-73.0643	-72.9901	-72.9217	-72.8629	-72.8181	-72.7931	-72.7937	-72.8245	-72.8892
3.01	-74.1894	-74.2621	-74.3377	-74.3894	-74.4146	-74.4176	-74.4033	-74.3762	-74.3398	-74.2965	-74.2482	-74.1959	-74.1405	-74.0825	-74.0223	-73.96	-73.8958	-73.8297	-73.7617	-73.6918	-73.6201	-73.5466	-73.4714	-73.3947	-73.3168	-73.2383	-73.1599	-73.083	-73.0094	-72.9417	-72.8834	-72.8392	-72.8147	-72.8155	-72.8466	-72.9112
3.015	-74.1993	-74.2721	-74.3477	-74.3995	-74.4248	-74.4279	-74.4139	-74.387	-74.3508	-74.3078	-74.2597	-74.2077	-74.1526	-74.0949	-74.035	-73.9731	-73.9092	-73.8434	-73.7758	-73.7064	-73.6351	-73.562	-73.4873	-73.4111	-73.3337	-73.2557	-73.1779	-73.1016	-73.0286	-72.9615	-72.9038	-72.8602	-72.8361	-72.8372	-72.8685	-72.933
3.02	-74.2092	-74.2821	-74.3577	-74.4095	-74.435	-74.4383	-74.4244	-74.3977	-74.3618	-74.319	-74.2711	-74.2194	-74.1646	-74.1072	-74.0476	-73.986	-73.9225	-73.8571	-73.7899	-73.7208	-73.65	-73.5773	-73.5031	-73.4273	-73.3505	-73.273	-73.1958	-73.1201	-73.0477	-72.9812	-72.924	-72.8809	-72.8573	-72.8588	-72.8901	-72.9546
3.025	-74.2191	-74.292	-74.3676	-74.4195	-74.4451	-74.4486	-74.4348	-74.4084	-74.3727	-74.3301	-74.2825	-74.2311	-74.1765	-74.1195	-74.0602	-73.9989	-73.9357	-73.8707	-73.8038	-73.7352	-73.6647	-73.5926	-73.5188	-73.4435	-73.3672	-73.2903	-73.2136	-73.1385	-73.0666	-73.0007	-72.9441	-72.9015	-72.8783	-72.8801	-72.9116	-72.9761
3.03	-74.2289	-74.3019	-74.3776	-74.4295	-74.4552	-74.4588	-74.4453	-74.419	-74.3835	-74.3412	-74.2939	-74.2427	-74.1884	-74.1317	-74.0727	-74.0117	-73.9489	-73.8842	-73.8177	-73.7495	-73.6794	-73.6077	-73.5343	-73.4596	-73.3837	-73.3074	-73.2313	-73.1567	-73.0854	-73.0201	-72.9641	-72.922	-72.8992	-72.9013	-72.9329	-72.9973
3.035	-74.2387	-74.3117	-74.3874	-74.4394	-74.4653	-74.469	-74.4556	-74.4296	-74.3943	-74.3523	-74.3052	-74.2542	-74.2003	-74.1438	-74.0851	-74.0245	-73.962	-73.8977	-73.8316	-73.7637	-73.6941	-73.6227	-73.5498	-73.4756	-73.4002	-73.3244	-73.2488	-73.1748	-73.1041	-73.0393	-72.9838	-72.9422	-72.9199	-72.9223	-72.9541	-73.0184
3.04	-74.2484	-74.3215	-74.3972	-74.4493	-74.4753	-74.4791	-74.466	-74.4401	-74.4051	-74.3632	-74.3164	-74.2657	-74.2121	-74.1559	-74.0975	-74.0372	-73.975	-73.911	-73.8453	-73.7778	-73.7086	-73.6377	-73.5652	-73.4914	-73.4166	-73.3412	-73.2662	-73.1927	-73.1226	-73.0584	-73.0035	-72.9623	-72.9404	-72.9431	-72.975	-73.0393
3.045	-74.2581	-74.3313	-74.407	-74.4592	-74.4852	-74.4892	-74.4762	-74.4506	-74.4158	-74.3742	-74.3276	-74.2772	-74.2238	-74.1679	-74.1098	-74.0498	-73.988	-73.9243	-73.8589	-73.7918	-73.723	-73.6525	-73.5805	-73.5072	-73.4328	-73.358	-73.2835	-73.2106	-73.141	-73.0773	-73.0229	-72.9823	-72.9608	-72.9638	-72.9958	-73.06
3.05	-74.2678	-74.341	-74.4168	-74.469	-74.4951	-74.4993	-74.4865	-74.461	-74.4264	-74.3851	-74.3387	-74.2886	-74.2354	-74.1798	-74.1221	-74.0624	-74.0008	-73.9376	-73.8725	-73.8058	-73.7374	-73.6673	-73.5957	-73.5229	-73.449	-73.3746	-73.3007	-73.2283	-73.1593	-73.0961	-73.0423	-73.0021	-72.981	-72.9843	-73.0164	-73.0806
3.055	-74.2774	-74.3506	-74.4265	-74.4788	-74.505	-74.5093	-74.4967	-74.4714	-74.437	-74.3959	-74.3498	-74.2999	-74.247	-74.1917	-74.1343	-74.0749	-74.0137	-73.9507	-73.886	-73.8197	-73.7516	-73.682	-73.6109	-73.5384	-73.465	-73.3912	-73.3177	-73.2459	-73.1774	-73.1148	-73.0615	-73.0218	-73.001	-73.0046	-73.0369	-73.101
3.06	-74.287	-74.3603	-74.4361	-74.4885	-74.5148	-74.5193	-74.5068	-74.4818	-74.4476	-74.4067	-74.3608	-74.3112	-74.2586	-74.2036	-74.1464	-74.0873	-74.0264	-73.9638	-73.8995	-73.8335	-73.7658	-73.6966	-73.6259	-73.5539	-73.481	-73.4076	-73.3347	-73.2634	-73.1954	-73.1333	-73.0805	-73.0413	-73.0209	-73.0247	-73.0572	-73.1212
3.065	-74.2965	-74.3699	-74.4458	-74.4982	-74.5246	-74.5292	-74.5169	-74.4921	-74.4581	-74.4174	-74.3718	-74.3224	-74.2701	-74.2153	-74.1584	-74.0997	-74.0391	-73.9768	-73.9128	-73.8472	-73.78	-73.7111	-73.6408	-73.5693	-73.4968	-73.424	-73.3515	-73.2807	-73.2133	-73.1517	-73.0994	-73.0606	-73.0406	-73.0448	-73.0773	-73.1413
3.07	-74.3061	-74.3794	-74.4554	-74.5078	-74.5344	-74.5391	-74.527	-74.5023	-74.4686	-74.4281	-74.3827	-74.3336	-74.2815	-74.227	-74.1704	-74.112	-74.0517	-73.9898	-73.9261	-73.8609	-73.794	-73.7256	-73.6557	-73.5846	-73.5126	-73.4402	-73.3683	-73.298	-73.2311	-73.17	-73.1182	-73.0798	-73.0602	-73.0646	-73.0973	-73.1612
3.075	-74.3155	-74.389	-74.4649	-74.5174	-74.5441	-74.549	-74.537	-74.5125	-74.479	-74.4388	-74.3936	-74.3447	-74.2929	-74.2387	-74.1824	-74.1242	-74.0643	-74.0026	-73.9394	-73.8744	-73.8079	-73.7399	-73.6704	-73.5998	-73.5282	-73.4563	-73.3849	-73.3151	-73.2487	-73.1881	-73.1368	-73.0989	-73.0797	-73.0843	-73.1171	-73.1809
3.08	-74.325	-74.3985	-74.4744	-74.527	-74.5538	-74.5588	-74.547	-74.5227	-74.4893	-74.4493	-74.4044	-74.3558	-74.3043	-74.2503	-74.1943	-74.1364	-74.0768	-74.0154	-73.9525	-73.8879	-73.8218	-73.7542	-73.6851	-73.6149	-73.5438	-73.4723	-73.4014	-73.3321	-73.2662	-73.2062	-73.1553	-73.1179	-73.099	-73.1039	-73.1367	-73.2005
3.085	-74.3344	-74.4079	-74.4839	-74.5365	-74.5634	-74.5685	-74.5569	-74.5328	-74.4997	-74.4599	-74.4152	-74.3668	-74.3155	-74.2618	-74.2061	-74.1485	-74.0892	-74.0282	-73.9656	-73.9014	-73.8356	-73.7683	-73.6997	-73.6299	-73.5592	-73.4883	-73.4178	-73.349	-73.2836	-73.2241	-73.1736	-73.1367	-73.1181	-73.1233	-73.1562	-73.2199
3.09	-74.3437	-74.4173	-74.4933	-74.546	-74.573	-74.5782	-74.5668	-74.5429	-74.5099	-74.4704	-74.426	-74.3778	-74.3268	-74.2733	-74.2179	-74.1606	-74.1015	-74.0409	-73.9786	-73.9147	-73.8493	-73.7824	-73.7142	-73.6448	-73.5746	-73.5041	-73.4341	-73.3658	-73.3009	-73.2418	-73.1919	-73.1553	-73.1371	-73.1425	-73.1756	-73.2392
3.095	-74.3531	-74.4267	-74.5027	-74.5555	-74.5825	-74.5879	-74.5766	-74.5529	-74.5202	-74.4809	-74.4366	-74.3887	-74.3379	-74.2848	-74.2296	-74.1726	-74.1138	-74.0535	-73.9915	-73.928	-73.863	-73.7965	-73.7286	-73.6596	-73.5899	-73.5198	-73.4503	-73.3824	-73.318	-73.2595	-73.21	-73.1738	-73.156	-73.1616	-73.1948	-73.2584
3.1	-74.3623	-74.436	-74.5121	-74.5649	-74.592	-74.5976	-74.5864	-74.5629	-74.5304	-74.4912	-74.4473	-74.3996	-74.3491	-74.2962	-74.2412	-74.1845	-74.1261	-74.066	-74.0044	-73.9412	-73.8765	-73.8104	-73.743	-73.6744	-73.605	-73.5354	-73.4663	-73.399	-73.3351	-73.277	-73.228	-73.1922	-73.1747	-73.1806	-73.2138	-73.2774
3.105	-74.3716	-74.4453	-74.5214	-74.5742	-74.6015	-74.6072	-74.5962	-74.5729	-74.5405	-74.5016	-74.4578	-74.4104	-74.3601	-74.3075	-74.2528	-74.1964	-74.1382	-74.0785	-74.0172	-73.9544	-73.89	-73.8243	-73.7572	-73.689	-73.6201	-73.5509	-73.4823	-73.4155	-73.352	-73.2944	-73.2458	-73.2105	-73.1933	-73.1994	-73.2328	-73.2962
3.11	-74.3808	-74.4546	-74.5307	-74.5836	-74.6109	-74.6167	-74.6059	-74.5828	-74.5506	-74.5119	-74.4684	-74.4212	-74.3711	-74.3188	-74.2644	-74.2082	-74.1504	-74.0909	-74.0299	-73.9674	-73.9035	-73.8381	-73.7714	-73.7036	-73.6351	-73.5664	-73.4982	-73.4318	-73.3688	-73.3117	-73.2635	-73.2286	-73.2118	-73.2181	-73.2515	-73.3149
3.115	-74.39	-74.4638	-74.5399	-74.5929	-74.6203	-74.6263	-74.6156	-74.5926	-74.5607	-74.5222	-74.4789	-74.4319	-74.3821	-74.33	-74.2759	-74.22	-74.1624	-74.1033	-74.0426	-73.9804	-73.9168	-73.8518	-73.7855	-73.7181	-73.65	-73.5817	-73.514	-73.448	-73.3855	-73.3288	-73.2811	-73.2466	-73.2301	-73.2366	-73.2702	-73.3335
3.12	-74.3991	-74.473	-74.5491	-74.6022	-74.6297	-74.6358	-74.6252	-74.6024	-74.5707	-74.5324	-74.4893	-74.4426	-74.393	-74.3411	-74.2873	-74.2317	-74.1744	-74.1156	-74.0552	-73.9934	-73.9301	-73.8654	-73.7995	-73.7325	-73.6648	-73.597	-73.5297	-73.4642	-73.4021	-73.3459	-73.2986	-73.2645	-73.2483	-73.255	-73.2887	-73.3519
3.125	-74.4083	-74.4822	-74.5583	-74.6114	-74.639	-74.6452	-74.6348	-74.6122	-74.5807	-74.5426	-74.4997	-74.4532	-74.4039	-74.3523	-74.2987	-74.2433	-74.1863	-74.1278	-74.0678	-74.0062	-73.9433	-73.879	-73.8134	-73.7468	-73.6796	-73.6121	-73.5453	-73.4802	-73.4186	-73.3628	-73.316	-73.2822	-73.2663	-73.2733	-73.307	-73.3702
3.13	-74.4173	-74.4913	-74.5675	-74.6206	-74.6483	-74.6546	-74.6444	-74.622	-74.5906	-74.5527	-74.5101	-74.4638	-74.4147	-74.3633	-74.31	-74.2549	-74.1982	-74.14	-74.0802	-74.019	-73.9564	-73.8925	-73.8273	-73.7611	-73.6942	-73.6272	-73.5608	-73.4961	-73.435	-73.3796	-73.3332	-73.2998	-73.2843	-73.2914	-73.3252	-73.3883
3.135	-74.4264	-74.5004	-74.5766	-74.6297	-74.6576	-74.664	-74.6539	-74.6317	-74.6005	-74.5628	-74.5204	-74.4743	-74.4255	-74.3743	-74.3213	-74.2664	-74.21	-74.1521	-74.0926	-74.0318	-73.9695	-73.9059	-73.841	-73.7752	-73.7088	-73.6421	-73.5762	-73.512	-73.4513	-73.3963	-73.3503	-73.3173	-73.3021	-73.3095	-73.3433	-73.4064
3.14	-74.4354	-74.5094	-74.5856	-74.6389	-74.6668	-74.6733	-74.6634	-74.6413	-74.6103	-74.5729	-74.5306	-74.4848	-74.4362	-74.3853	-74.3325	-74.2779	-74.2218	-74.1641	-74.105	-74.0444	-73.9825	-73.9192	-73.8548	-73.7893	-73.7232	-73.657	-73.5915	-73.5277	-73.4674	-73.4129	-73.3673	-73.3347	-73.3198	-73.3273	-73.3613	-73.4242
3.145	-74.4444	-74.5184	-74.5947	-74.6479	-74.6759	-74.6826	-74.6729	-74.6509	-74.6201	-74.5829	-74.5409	-74.4952	-74.4469	-74.3962	-74.3436	-74.2893	-74.2335	-74.1761	-74.1173	-74.057	-73.9954	-73.9325	-73.8684	-73.8033	-73.7376	-73.6718	-73.6067	-73.5434	-73.4835	-73.4294	-73.3842	-73.352	-73.3373	-73.3451	-73.3791	-73.442
3.15	-74.4533	-74.5274	-74.6037	-74.657	-74.6851	-74.6919	-74.6823	-74.6605	-74.6299	-74.5928	-74.551	-74.5056	-74.4575	-74.4071	-74.3547	-74.3007	-74.2451	-74.188	-74.1295	-74.0696	-74.0083	-73.9457	-73.8819	-73.8172	-73.7519	-73.6865	-73.6218	-73.5589	-73.4995	-73.4458	-73.401	-73.3691	-73.3548	-73.3627	-73.3968	-73.4596
3.155	-74.4622	-74.5364	-74.6126	-74.666	-74.6942	-74.7011	-74.6916	-74.6701	-74.6396	-74.6028	-74.5611	-74.516	-74.4681	-74.4179	-74.3658	-74.312	-74.2567	-74.1999	-74.1417	-74.082	-74.021	-73.9588	-73.8954	-73.8311	-73.7661	-73.7011	-73.6368	-73.5743	-73.5153	-73.4621	-73.4177	-73.3861	-73.3721	-73.3802	-73.4144	-73.4771
3.16	-74.4711	-74.5453	-74.6216	-74.675	-74.7032	-74.7103	-74.701	-74.6796	-74.6493	-74.6126	-74.5712	-74.5263	-74.4786	-74.4286	-74.3768	-74.3233	-74.2682	-74.2117	-74.1538	-74.0944	-74.0338	-73.9718	-73.9088	-73.8448	-73.7803	-73.7157	-73.6518	-73.5897	-73.5311	-73.4783	-73.4343	-73.4031	-73.3893	-73.3976	-73.4319	-73.4945
3.165	-74.4799	-74.5542	-74.6305	-74.6839	-74.7123	-74.7194	-74.7103	-74.689	-74.6589	-74.6225	-74.5813	-74.5365	-74.4891	-74.4394	-74.3878	-74.3345	-74.2797	-74.2235	-74.1658	-74.1068	-74.0464	-73.9848	-73.9221	-73.8585	-73.7943	-73.7301	-73.6666	-73.605	-73.5468	-73.4944	-73.4507	-73.4199	-73.4063	-73.4149	-73.4492	-73.5118
3.17	-74.4888	-74.563	-74.6393	-74.6928	-74.7213	-74.7285	-74.7195	-74.6984	-74.6685	-74.6323	-74.5913	-74.5468	-74.4995	-74.45	-74.3987	-74.3457	-74.2911	-74.2352	-74.1778	-74.119	-74.059	-73.9977	-73.9354	-73.8721	-73.8083	-73.7445	-73.6814	-73.6201	-73.5624	-73.5103	-73.4671	-73.4365	-73.4233	-73.432	-73.4664	-73.5289
3.175	-74.4975	-74.5718	-74.6482	-74.7017	-74.7302	-74.7376	-74.7287	-74.7078	-74.6781	-74.642	-74.6012	-74.5569	-74.5099	-74.4606	-74.4095	-74.3568	-74.3025	-74.2468	-74.1897	-74.1313	-74.0715	-74.0106	-73.9486	-73.8857	-73.8222	-73.7588	-73.696	-73.6352	-73.5778	-73.5262	-73.4833	-73.4531	-73.4402	-73.4491	-73.4835	-73.5459
3.18	-74.5063	-74.5806	-74.657	-74.7105	-74.7391	-74.7467	-74.7379	-74.7172	-74.6876	-74.6517	-74.6111	-74.567	-74.5202	-74.4712	-74.4203	-74.3678	-74.3138	-74.2584	-74.2016	-74.1434	-74.084	-74.0234	-73.9617	-73.8991	-73.8361	-73.773	-73.7106	-73.6502	-73.5932	-73.542	-73.4995	-73.4696	-73.4569	-73.466	-73.5005	-73.5628
3.185	-74.515	-74.5894	-74.6657	-74.7194	-74.748	-74.7557	-74.7471	-74.7265	-74.6971	-74.6614	-74.621	-74.5771	-74.5305	-74.4817	-74.4311	-74.3788	-74.3251	-74.2699	-74.2134	-74.1555	-74.0964	-74.0361	-73.9747	-73.9125	-73.8498	-73.7871	-73.7251	-73.6651	-73.6085	-73.5576	-73.5155	-73.486	-73.4735	-73.4828	-73.5173	-73.5796
3.19	-74.5237	-74.5981	-74.6745	-74.7281	-74.7569	-74.7646	-74.7562	-74.7357	-74.7066	-74.671	-74.6308	-74.5872	-74.5408	-74.4922	-74.4418	-74.3898	-74.3363	-74.2814	-74.2251	-74.1675	-74.1087	-74.0487	-73.9877	-73.9258	-73.8635	-73.8011	-73.7396	-73.6799	-73.6237	-73.5732	-73.5314	-73.5022	-73.4901	-73.4995	-73.5341	-73.5963
3.195	-74.5323	-74.6068	-74.6832	-74.7369	-74.7657	-74.7736	-74.7652	-74.745	-74.716	-74.6806	-74.6406	-74.5971	-74.551	-74.5026	-74.4525	-74.4007	-74.3474	-74.2928	-74.2368	-74.1795	-74.121	-74.0613	-74.0006	-73.9391	-73.8771	-73.8151	-73.7539	-73.6946	-73.6388	-73.5887	-73.5473	-73.5184	-73.5065	-73.5161	-73.5507	-73.6128
3.2	-74.541	-74.6154	-74.6918	-74.7456	-74.7745	-74.7825	-74.7743	-74.7542	-74.7253	-74.6902	-74.6504	-74.6071	-74.5611	-74.513	-74.4631	-74.4115	-74.3585	-74.3041	-74.2484	-74.1914	-74.1332	-74.0738	-74.0135	-73.9523	-73.8906	-73.829	-73.7681	-73.7092	-73.6538	-73.6041	-73.563	-73.5344	-73.5228	-73.5325	-73.5672	-73.6293
3.205	-74.5495	-74.6241	-74.7005	-74.7543	-74.7832	-74.7913	-74.7833	-74.7633	-74.7346	-74.6997	-74.6601	-74.617	-74.5713	-74.5233	-74.4736	-74.4223	-74.3696	-74.3155	-74.26	-74.2033	-74.1454	-74.0863	-74.0262	-73.9654	-73.904	-73.8428	-73.7823	-73.7238	-73.6687	-73.6194	-73.5787	-73.5504	-73.539	-73.5489	-73.5836	-73.6456
3.21	-74.5581	-74.6326	-74.7091	-74.7629	-74.792	-74.8002	-74.7923	-74.7724	-74.7439	-74.7091	-74.6697	-74.6269	-74.5813	-74.5336	-74.4842	-74.4331	-74.3806	-74.3267	-74.2715	-74.2151	-74.1574	-74.0987	-74.0389	-73.9784	-73.9174	-73.8565	-73.7964	-73.7382	-73.6836	-73.6346	-73.5942	-73.5662	-73.5551	-73.5651	-73.5999	-73.6618
3.215	-74.5666	-74.6412	-74.7176	-74.7715	-74.8007	-74.809	-74.8012	-74.7815	-74.7532	-74.7186	-74.6794	-74.6367	-74.5914	-74.5439	-74.4946	-74.4438	-74.3915	-74.3379	-74.283	-74.2268	-74.1695	-74.111	-74.0516	-73.9914	-73.9307	-73.8702	-73.8104	-73.7526	-73.6983	-73.6497	-73.6096	-73.582	-73.5711	-73.5813	-73.6161	-73.6779
3.22	-74.5751	-74.6497	-74.7262	-74.7801	-74.8093	-74.8177	-74.8101	-74.7906	-74.7624	-74.728	-74.6889	-74.6465	-74.6013	-74.5541	-74.5051	-74.4545	-74.4024	-74.3491	-74.2944	-74.2385	-74.1814	-74.1233	-74.0641	-74.0043	-73.944	-73.8837	-73.8244	-73.7669	-73.713	-73.6647	-73.625	-73.5976	-73.5869	-73.5973	-73.6322	-73.6939
3.225	-74.5836	-74.6582	-74.7347	-74.7886	-74.8179	-74.8264	-74.8189	-74.7996	-74.7716	-74.7373	-74.6985	-74.6562	-74.6113	-74.5642	-74.5154	-74.4651	-74.4133	-74.3602	-74.3058	-74.2501	-74.1934	-74.1355	-74.0767	-74.0171	-73.9571	-73.8972	-73.8382	-73.7811	-73.7275	-73.6796	-73.6403	-73.6132	-73.6027	-73.6133	-73.6482	-73.7098
3.23	-74.592	-74.6667	-74.7432	-74.7972	-74.8265	-74.8351	-74.8278	-74.8086	-74.7807	-74.7467	-74.708	-74.6659	-74.6212	-74.5744	-74.5258	-74.4756	-74.4241	-74.3712	-74.3171	-74.2617	-74.2052	-74.1476	-74.0891	-74.0298	-73.9702	-73.9107	-73.852	-73.7953	-73.742	-73.6945	-73.6554	-73.6286	-73.6184	-73.6291	-73.6641	-73.7256
3.235	-74.6005	-74.6751	-74.7516	-74.8056	-74.8351	-74.8438	-74.8366	-74.8175	-74.7898	-74.7559	-74.7175	-74.6756	-74.631	-74.5844	-74.536	-74.4861	-74.4348	-74.3822	-74.3283	-74.2732	-74.217	-74.1597	-74.1015	-74.0425	-73.9832	-73.924	-73.8657	-73.8093	-73.7564	-73.7092	-73.6705	-73.644	-73.634	-73.6448	-73.6798	-73.7413
3.24	-74.6088	-74.6835	-74.76	-74.8141	-74.8436	-74.8524	-74.8453	-74.8264	-74.7989	-74.7652	-74.7269	-74.6852	-74.6409	-74.5945	-74.5463	-74.4966	-74.4455	-74.3931	-74.3395	-74.2847	-74.2287	-74.1717	-74.1138	-74.0552	-73.9962	-73.9373	-73.8793	-73.8233	-73.7708	-73.7239	-73.6855	-73.6593	-73.6495	-73.6605	-73.6955	-73.7569
3.245	-74.6172	-74.6919	-74.7684	-74.8225	-74.8521	-74.861	-74.854	-74.8353	-74.8079	-74.7744	-74.7363	-74.6948	-74.6506	-74.6044	-74.5565	-74.507	-74.4562	-74.404	-74.3506	-74.2961	-74.2404	-74.1837	-74.1261	-74.0677	-74.009	-73.9505	-73.8929	-73.8372	-73.785	-73.7384	-73.7004	-73.6744	-73.6649	-73.676	-73.7111	-73.7724
3.25	-74.6255	-74.7003	-74.7768	-74.8309	-74.8606	-74.8696	-74.8627	-74.8441	-74.8169	-74.7835	-74.7456	-74.7043	-74.6604	-74.6144	-74.5666	-74.5174	-74.4668	-74.4149	-74.3617	-74.3074	-74.252	-74.1956	-74.1382	-74.0802	-74.0219	-73.9637	-73.9063	-73.851	-73.7991	-73.7529	-73.7152	-73.6895	-73.6802	-73.6914	-73.7266	-73.7878
3.255	-74.6338	-74.7086	-74.7851	-74.8393	-74.869	-74.8781	-74.8714	-74.8529	-74.8259	-74.7927	-74.7549	-74.7138	-74.6701	-74.6243	-74.5767	-74.5277	-74.4773	-74.4257	-74.3728	-74.3187	-74.2636	-74.2074	-74.1504	-74.0927	-74.0346	-73.9767	-73.9197	-73.8647	-73.8132	-73.7673	-73.7299	-73.7045	-73.6954	-73.7068	-73.7419	-73.8031
3.26	-74.6421	-74.7169	-74.7934	-74.8476	-74.8774	-74.8866	-74.88	-74.8617	-74.8348	-74.8018	-74.7642	-74.7233	-74.6797	-74.6341	-74.5868	-74.538	-74.4878	-74.4364	-74.3838	-74.33	-74.2751	-74.2192	-74.1625	-74.105	-74.0473	-73.9897	-73.9331	-73.8784	-73.8272	-73.7817	-73.7445	-73.7194	-73.7105	-73.722	-73.7572	-73.8183
3.265	-74.6503	-74.7251	-74.8017	-74.8559	-74.8858	-74.8951	-74.8886	-74.8704	-74.8437	-74.8108	-74.7734	-74.7327	-74.6893	-74.6439	-74.5968	-74.5482	-74.4983	-74.4471	-74.3947	-74.3412	-74.2866	-74.2309	-74.1745	-74.1173	-74.0599	-74.0027	-73.9463	-73.892	-73.8411	-73.7959	-73.7591	-73.7342	-73.7255	-73.7372	-73.7724	-73.8334
3.27	-74.6585	-74.7334	-74.8099	-74.8642	-74.8941	-74.9035	-74.8972	-74.8791	-74.8526	-74.8199	-74.7826	-74.7421	-74.6989	-74.6537	-74.6068	-74.5584	-74.5087	-74.4577	-74.4056	-74.3523	-74.298	-74.2426	-74.1864	-74.1296	-74.0725	-74.0155	-73.9595	-73.9055	-73.855	-73.8101	-73.7735	-73.7489	-73.7405	-73.7522	-73.7875	-73.8484
3.275	-74.6667	-74.7416	-74.8181	-74.8724	-74.9024	-74.9119	-74.9057	-74.8878	-74.8614	-74.8288	-74.7918	-74.7514	-74.7084	-74.6634	-74.6167	-74.5686	-74.5191	-74.4683	-74.4164	-74.3634	-74.3093	-74.2542	-74.1983	-74.1418	-74.0849	-74.0283	-73.9726	-73.9189	-73.8687	-73.8241	-73.7879	-73.7636	-73.7553	-73.7672	-73.8025	-73.8633
3.28	-74.6748	-74.7497	-74.8263	-74.8806	-74.9107	-74.9203	-74.9142	-74.8964	-74.8702	-74.8378	-74.8009	-74.7607	-74.7179	-74.6731	-74.6266	-74.5787	-74.5294	-74.4789	-74.4272	-74.3744	-74.3206	-74.2658	-74.2101	-74.1539	-74.0974	-74.041	-73.9857	-73.9323	-73.8824	-73.8381	-73.8022	-73.7781	-73.77	-73.7821	-73.8174	-73.8782
3.285	-74.6829	-74.7579	-74.8344	-74.8888	-74.9189	-74.9287	-74.9227	-74.9051	-74.879	-74.8467	-74.81	-74.77	-74.7274	-74.6828	-74.6365	-74.5887	-74.5397	-74.4894	-74.438	-74.3854	-74.3318	-74.2773	-74.2219	-74.166	-74.1097	-74.0537	-73.9986	-73.9456	-73.896	-73.8521	-73.8164	-73.7926	-73.7847	-73.7969	-73.8322	-73.8929
3.29	-74.691	-74.766	-74.8425	-74.8969	-74.9272	-74.937	-74.9311	-74.9136	-74.8877	-74.8556	-74.8191	-74.7792	-74.7368	-74.6924	-74.6463	-74.5988	-74.5499	-74.4999	-74.4486	-74.3963	-74.343	-74.2887	-74.2336	-74.178	-74.122	-74.0663	-74.0116	-73.9588	-73.9096	-73.8659	-73.8305	-73.807	-73.7993	-73.8116	-73.8469	-73.9075
3.295	-74.6991	-74.7741	-74.8506	-74.9051	-74.9353	-74.9453	-74.9395	-74.9222	-74.8964	-74.8645	-74.8281	-74.7884	-74.7462	-74.702	-74.6561	-74.6087	-74.5601	-74.5103	-74.4593	-74.4072	-74.3541	-74.3001	-74.2453	-74.1899	-74.1343	-74.0788	-74.0244	-73.972	-73.923	-73.8797	-73.8446	-73.8213	-73.8138	-73.8262	-73.8616	-73.9221
3.3	-74.7072	-74.7822	-74.8587	-74.9132	-74.9435	-74.9535	-74.9479	-74.9307	-74.905	-74.8733	-74.8371	-74.7976	-74.7555	-74.7115	-74.6658	-74.6187	-74.5703	-74.5206	-74.4699	-74.4181	-74.3652	-74.3115	-74.2569	-74.2018	-74.1464	-74.0913	-74.0372	-73.985	-73.9364	-73.8933	-73.8585	-73.8355	-73.8282	-73.8407	-73.8761	-73.9365
3.305	-74.7152	-74.7902	-74.8667	-74.9212	-74.9516	-74.9617	-74.9562	-74.9391	-74.9136	-74.8821	-74.846	-74.8067	-74.7648	-74.721	-74.6755	-74.6286	-74.5804	-74.531	-74.4804	-74.4288	-74.3762	-74.3227	-74.2685	-74.2136	-74.1585	-74.1037	-74.0499	-73.9981	-73.9497	-73.907	-73.8724	-73.8496	-73.8425	-73.8551	-73.8906	-73.9509
3.31	-74.7231	-74.7982	-74.8747	-74.9293	-74.9597	-74.9699	-74.9645	-74.9476	-74.9222	-74.8908	-74.8549	-74.8158	-74.7741	-74.7304	-74.6851	-74.6384	-74.5904	-74.5412	-74.4909	-74.4396	-74.3872	-74.334	-74.28	-74.2254	-74.1706	-74.1161	-74.0625	-74.011	-73.963	-73.9205	-73.8862	-73.8636	-73.8567	-73.8695	-73.9049	-73.9652
3.315	-74.7311	-74.8062	-74.8827	-74.9373	-74.9678	-74.9781	-74.9728	-74.956	-74.9308	-74.8995	-74.8638	-74.8248	-74.7833	-74.7399	-74.6947	-74.6482	-74.6004	-74.5515	-74.5014	-74.4503	-74.3981	-74.3451	-74.2914	-74.2371	-74.1826	-74.1283	-74.0751	-74.0239	-73.9762	-73.934	-73.9	-73.8776	-73.8709	-73.8837	-73.9192	-73.9794
3.32	-74.739	-74.8141	-74.8907	-74.9453	-74.9759	-74.9862	-74.9811	-74.9644	-74.9393	-74.9082	-74.8727	-74.8338	-74.7925	-74.7492	-74.7043	-74.658	-74.6104	-74.5616	-74.5118	-74.4609	-74.409	-74.3563	-74.3028	-74.2487	-74.1945	-74.1405	-74.0876	-74.0367	-73.9893	-73.9473	-73.9136	-73.8915	-73.8849	-73.8979	-73.9334	-73.9935
3.325	-74.7469	-74.822	-74.8986	-74.9532	-74.9839	-74.9943	-74.9893	-74.9727	-74.9478	-74.9168	-74.8815	-74.8428	-74.8017	-74.7586	-74.7138	-74.6677	-74.6203	-74.5718	-74.5221	-74.4715	-74.4199	-74.3673	-74.3141	-74.2603	-74.2064	-74.1527	-74.1	-74.0494	-74.0023	-73.9607	-73.9272	-73.9053	-73.8989	-73.912	-73.9475	-74.0075
3.33	-74.7548	-74.8299	-74.9065	-74.9611	-74.9919	-75.0024	-74.9975	-74.981	-74.9563	-74.9255	-74.8902	-74.8518	-74.8108	-74.7679	-74.7233	-74.6774	-74.6302	-74.5819	-74.5325	-74.482	-74.4306	-74.3784	-74.3254	-74.2719	-74.2182	-74.1648	-74.1124	-74.0621	-74.0153	-73.9739	-73.9407	-73.919	-73.9128	-73.926	-73.9616	-74.0215
3.335	-74.7627	-74.8378	-74.9144	-74.969	-74.9998	-75.0105	-75.0056	-74.9893	-74.9647	-74.934	-74.899	-74.8607	-74.8199	-74.7771	-74.7328	-74.687	-74.6401	-74.5919	-74.5427	-74.4925	-74.4414	-74.3893	-74.3366	-74.2834	-74.2299	-74.1768	-74.1247	-74.0747	-74.0281	-73.9871	-73.9541	-73.9327	-73.9267	-73.94	-73.9755	-74.0354
3.34	-74.7705	-74.8457	-74.9222	-74.9769	-75.0077	-75.0185	-75.0138	-74.9976	-74.9731	-74.9426	-74.9077	-74.8695	-74.8289	-74.7864	-74.7422	-74.6966	-74.6499	-74.6019	-74.553	-74.503	-74.452	-74.4003	-74.3478	-74.2948	-74.2416	-74.1888	-74.137	-74.0872	-74.041	-74.0002	-73.9675	-73.9463	-73.9404	-73.9538	-73.9894	-74.0491
3.345	-74.7783	-74.8535	-74.93	-74.9847	-75.0156	-75.0265	-75.0219	-75.0058	-74.9815	-74.9511	-74.9164	-74.8784	-74.8379	-74.7955	-74.7515	-74.7062	-74.6596	-74.6119	-74.5631	-74.5134	-74.4627	-74.4111	-74.3589	-74.3062	-74.2533	-74.2007	-74.1492	-74.0997	-74.0537	-74.0132	-73.9808	-73.9598	-73.9541	-73.9676	-74.0032	-74.0629
3.35	-74.7861	-74.8613	-74.9378	-74.9926	-75.0235	-75.0344	-75.0299	-75.014	-74.9898	-74.9596	-74.925	-74.8872	-74.8469	-74.8047	-74.7609	-74.7157	-74.6693	-74.6218	-74.5733	-74.5237	-74.4733	-74.422	-74.37	-74.3175	-74.2649	-74.2126	-74.1613	-74.1121	-74.0664	-74.0262	-73.994	-73.9732	-73.9677	-73.9813	-74.0169	-74.0765
3.355	-74.7938	-74.869	-74.9456	-75.0003	-75.0314	-75.0424	-75.038	-75.0222	-74.9981	-74.968	-74.9336	-74.896	-74.8558	-74.8138	-74.7702	-74.7252	-74.679	-74.6317	-74.5834	-74.534	-74.4838	-74.4327	-74.381	-74.3288	-74.2764	-74.2244	-74.1734	-74.1245	-74.079	-74.0391	-74.0071	-73.9866	-73.9812	-73.9949	-74.0305	-74.09
3.36	-74.8016	-74.8768	-74.9533	-75.0081	-75.0392	-75.0503	-75.046	-75.0303	-75.0064	-74.9765	-74.9422	-74.9047	-74.8647	-74.8229	-74.7794	-74.7346	-74.6887	-74.6416	-74.5934	-74.5443	-74.4943	-74.4435	-74.3919	-74.34	-74.2879	-74.2361	-74.1854	-74.1368	-74.0916	-74.0519	-74.0202	-73.9999	-73.9947	-74.0085	-74.0441	-74.1035
3.365	-74.8093	-74.8845	-74.961	-75.0158	-75.047	-75.0582	-75.054	-75.0384	-75.0146	-74.9849	-74.9507	-74.9134	-74.8736	-74.8319	-74.7887	-74.7441	-74.6983	-74.6514	-74.6034	-74.5545	-74.5047	-74.4541	-74.4029	-74.3511	-74.2993	-74.2478	-74.1974	-74.149	-74.1041	-74.0646	-74.0332	-74.0131	-74.0081	-74.0219	-74.0575	-74.1169
3.37	-74.8169	-74.8922	-74.9687	-75.0236	-75.0547	-75.066	-75.0619	-75.0465	-75.0228	-74.9932	-74.9592	-74.9221	-74.8825	-74.8409	-74.7978	-74.7534	-74.7078	-74.6611	-74.6134	-74.5647	-74.5151	-74.4648	-74.4137	-74.3623	-74.3107	-74.2594	-74.2093	-74.1612	-74.1165	-74.0773	-74.0461	-74.0262	-74.0214	-74.0353	-74.0709	-74.1302
3.375	-74.8246	-74.8998	-74.9764	-75.0312	-75.0625	-75.0738	-75.0699	-75.0546	-75.031	-75.0015	-74.9677	-74.9307	-74.8913	-74.8499	-74.807	-74.7628	-74.7173	-74.6708	-74.6233	-74.5748	-74.5255	-74.4753	-74.4245	-74.3733	-74.322	-74.271	-74.2211	-74.1733	-74.1289	-74.09	-74.059	-74.0393	-74.0346	-74.0486	-74.0843	-74.1434
3.38	-74.8322	-74.9075	-74.984	-75.0389	-75.0702	-75.0816	-75.0778	-75.0626	-75.0392	-75.0098	-74.9762	-74.9393	-74.9	-74.8588	-74.8161	-74.772	-74.7268	-74.6805	-74.6332	-74.5849	-74.5358	-74.4859	-74.4353	-74.3843	-74.3332	-74.2825	-74.2329	-74.1853	-74.1412	-74.1025	-74.0718	-74.0523	-74.0477	-74.0619	-74.0975	-74.1566
3.385	-74.8398	-74.9151	-74.9916	-75.0465	-75.0779	-75.0894	-75.0856	-75.0706	-75.0473	-75.0181	-74.9846	-74.9479	-74.9088	-74.8677	-74.8252	-74.7813	-74.7363	-74.6901	-74.643	-74.595	-74.546	-74.4963	-74.446	-74.3953	-74.3444	-74.294	-74.2446	-74.1973	-74.1535	-74.115	-74.0845	-74.0652	-74.0608	-74.0751	-74.1107	-74.1697
3.39	-74.8474	-74.9227	-74.9992	-75.0541	-75.0855	-75.0971	-75.0935	-75.0785	-75.0554	-75.0263	-74.993	-74.9564	-74.9174	-74.8766	-74.8342	-74.7905	-74.7457	-74.6997	-74.6528	-74.605	-74.5563	-74.5068	-74.4567	-74.4062	-74.3556	-74.3054	-74.2563	-74.2092	-74.1656	-74.1274	-74.0972	-74.0781	-74.0738	-74.0882	-74.1238	-74.1827
3.395	-74.8549	-74.9302	-75.0068	-75.0617	-75.0932	-75.1049	-75.1013	-75.0865	-75.0635	-75.0345	-75.0013	-74.9649	-74.9261	-74.8854	-74.8432	-74.7997	-74.755	-74.7093	-74.6626	-74.6149	-74.5664	-74.5172	-74.4673	-74.417	-74.3667	-74.3167	-74.2679	-74.2211	-74.1777	-74.1398	-74.1098	-74.0909	-74.0868	-74.1012	-74.1368	-74.1957
3.4	-74.8625	-74.9378	-75.0143	-75.0693	-75.1008	-75.1125	-75.1091	-75.0944	-75.0715	-75.0427	-75.0096	-74.9734	-74.9348	-74.8942	-74.8522	-74.8088	-74.7644	-74.7188	-74.6723	-74.6248	-74.5766	-74.5275	-74.4779	-74.4278	-74.3777	-74.328	-74.2794	-74.2329	-74.1898	-74.1521	-74.1223	-74.1036	-74.0996	-74.1141	-74.1498	-74.2085
3.405	-74.87	-74.9453	-75.0218	-75.0768	-75.1084	-75.1202	-75.1169	-75.1023	-75.0795	-75.0509	-75.0179	-74.9818	-74.9434	-74.903	-74.8611	-74.818	-74.7736	-74.7283	-74.682	-74.6347	-74.5866	-74.5378	-74.4884	-74.4386	-74.3887	-74.3393	-74.2909	-74.2446	-74.2018	-74.1643	-74.1348	-74.1162	-74.1125	-74.127	-74.1627	-74.2214
3.41	-74.8775	-74.9528	-75.0293	-75.0843	-75.1159	-75.1278	-75.1246	-75.1101	-75.0875	-75.059	-75.0262	-74.9902	-74.9519	-74.9117	-74.87	-74.827	-74.7829	-74.7377	-74.6916	-74.6445	-74.5967	-74.5481	-74.4989	-74.4493	-74.3997	-74.3505	-74.3023	-74.2563	-74.2137	-74.1765	-74.1472	-74.1288	-74.1252	-74.1398	-74.1755	-74.2341
3.415	-74.8849	-74.9603	-75.0367	-75.0918	-75.1235	-75.1355	-75.1323	-75.1179	-75.0955	-75.0671	-75.0344	-74.9986	-74.9605	-74.9204	-74.8789	-74.8361	-74.7921	-74.7471	-74.7012	-74.6543	-74.6067	-74.5583	-74.5093	-74.46	-74.4106	-74.3616	-74.3137	-74.2679	-74.2256	-74.1886	-74.1595	-74.1414	-74.1379	-74.1526	-74.1883	-74.2468
3.42	-74.8923	-74.9677	-75.0442	-75.0992	-75.131	-75.143	-75.14	-75.1257	-75.1034	-75.0751	-75.0426	-75.007	-74.969	-74.9291	-74.8877	-74.8451	-74.8013	-74.7565	-74.7107	-74.6641	-74.6166	-74.5685	-74.5197	-74.4706	-74.4214	-74.3727	-74.3251	-74.2795	-74.2374	-74.2007	-74.1718	-74.1538	-74.1505	-74.1653	-74.2009	-74.2594
3.425	-74.8998	-74.9751	-75.0516	-75.1067	-75.1384	-75.1506	-75.1476	-75.1335	-75.1113	-75.0832	-75.0508	-75.0153	-74.9774	-74.9377	-74.8965	-74.854	-74.8104	-74.7658	-74.7202	-74.6738	-74.6265	-74.5786	-74.53	-74.4811	-74.4322	-74.3837	-74.3363	-74.291	-74.2492	-74.2127	-74.184	-74.1662	-74.163	-74.1779	-74.2135	-74.2719
3.43	-74.9072	-74.9825	-75.059	-75.1141	-75.1459	-75.1581	-75.1553	-75.1413	-75.1191	-75.0912	-75.0589	-75.0236	-74.9859	-74.9463	-74.9053	-74.863	-74.8195	-74.7751	-74.7297	-74.6835	-74.6364	-74.5887	-74.5403	-74.4917	-74.443	-74.3947	-74.3476	-74.3025	-74.2609	-74.2246	-74.1961	-74.1786	-74.1755	-74.1904	-74.2261	-74.2843
3.435	-74.9145	-74.9899	-75.0663	-75.1215	-75.1533	-75.1656	-75.1629	-75.149	-75.127	-75.0991	-75.067	-75.0318	-74.9943	-74.9549	-74.914	-74.8718	-74.8286	-74.7843	-74.7392	-74.6931	-74.6462	-74.5987	-74.5506	-74.5021	-74.4537	-74.4056	-74.3587	-74.3139	-74.2726	-74.2365	-74.2082	-74.1908	-74.1879	-74.2029	-74.2386	-74.2967
3.44	-74.9219	-74.9972	-75.0737	-75.1288	-75.1607	-75.1731	-75.1705	-75.1567	-75.1348	-75.1071	-75.0751	-75.0401	-75.0027	-74.9634	-74.9227	-74.8807	-74.8376	-74.7935	-74.7485	-74.7027	-74.656	-74.6087	-74.5608	-74.5126	-74.4643	-74.4165	-74.3699	-74.3253	-74.2842	-74.2483	-74.2203	-74.203	-74.2002	-74.2153	-74.251	-74.3091
3.445	-74.9292	-75.0046	-75.081	-75.1361	-75.1681	-75.1806	-75.178	-75.1643	-75.1426	-75.115	-75.0832	-75.0483	-75.011	-74.9719	-74.9314	-74.8895	-74.8466	-74.8027	-74.7579	-74.7122	-74.6658	-74.6186	-74.5709	-74.5229	-74.4749	-74.4273	-74.3809	-74.3366	-74.2957	-74.2601	-74.2322	-74.2152	-74.2125	-74.2277	-74.2633	-74.3213
3.45	-74.9365	-75.0119	-75.0883	-75.1435	-75.1755	-75.188	-75.1855	-75.172	-75.1503	-75.1229	-75.0912	-75.0564	-75.0193	-74.9804	-74.94	-74.8983	-74.8556	-74.8119	-74.7672	-74.7217	-74.6755	-74.6285	-74.5811	-74.5333	-74.4855	-74.4381	-74.3919	-74.3478	-74.3072	-74.2718	-74.2441	-74.2273	-74.2247	-74.24	-74.2756	-74.3335
3.455	-74.9437	-75.0191	-75.0956	-75.1507	-75.1828	-75.1954	-75.193	-75.1796	-75.1581	-75.1307	-75.0992	-75.0646	-75.0276	-74.9888	-74.9486	-74.9071	-74.8645	-74.821	-74.7765	-74.7312	-74.6851	-74.6384	-74.5911	-74.5435	-74.496	-74.4489	-74.4029	-74.359	-74.3186	-74.2834	-74.256	-74.2393	-74.2369	-74.2522	-74.2878	-74.3457
3.46	-74.951	-75.0264	-75.1028	-75.158	-75.1901	-75.2028	-75.2005	-75.1872	-75.1658	-75.1386	-75.1072	-75.0727	-75.0359	-74.9972	-74.9571	-74.9158	-74.8734	-74.83	-74.7858	-74.7406	-74.6948	-74.6482	-74.6012	-74.5538	-74.5064	-74.4595	-74.4138	-74.3702	-74.33	-74.295	-74.2678	-74.2512	-74.2489	-74.2643	-74.3	-74.3577
3.465	-74.9582	-75.0336	-75.11	-75.1652	-75.1974	-75.2102	-75.208	-75.1947	-75.1734	-75.1464	-75.1151	-75.0807	-75.0441	-75.0056	-74.9657	-74.9245	-74.8823	-74.8391	-74.795	-74.75	-74.7043	-74.658	-74.6111	-74.564	-74.5168	-74.4702	-74.4247	-74.3813	-74.3413	-74.3066	-74.2795	-74.2631	-74.261	-74.2764	-74.3121	-74.3697
3.47	-74.9654	-75.0408	-75.1172	-75.1725	-75.2047	-75.2175	-75.2154	-75.2022	-75.1811	-75.1542	-75.123	-75.0888	-75.0523	-75.0139	-74.9742	-74.9332	-74.8911	-74.8481	-74.8041	-74.7594	-74.7139	-74.6677	-74.6211	-74.5741	-74.5272	-74.4808	-74.4355	-74.3923	-74.3526	-74.318	-74.2912	-74.275	-74.2729	-74.2885	-74.3241	-74.3817
3.475	-74.9726	-75.048	-75.1244	-75.1797	-75.2119	-75.2248	-75.2228	-75.2098	-75.1887	-75.1619	-75.1309	-75.0968	-75.0604	-75.0222	-74.9826	-74.9418	-74.8999	-74.857	-74.8133	-74.7687	-74.7234	-74.6774	-74.631	-74.5843	-74.5375	-74.4913	-74.4463	-74.4033	-74.3638	-74.3295	-74.3028	-74.2868	-74.2849	-74.3004	-74.3361	-74.3936
3.48	-74.9798	-75.0552	-75.1316	-75.1868	-75.2191	-75.2321	-75.2302	-75.2172	-75.1963	-75.1696	-75.1387	-75.1048	-75.0686	-75.0305	-74.9911	-74.9504	-74.9086	-74.8659	-74.8224	-74.778	-74.7329	-74.6871	-74.6408	-74.5943	-74.5478	-74.5018	-74.457	-74.4142	-74.3749	-74.3408	-74.3144	-74.2985	-74.2967	-74.3123	-74.348	-74.4054
3.485	-74.9869	-75.0623	-75.1387	-75.194	-75.2263	-75.2393	-75.2375	-75.2247	-75.2039	-75.1773	-75.1466	-75.1128	-75.0767	-75.0388	-74.9995	-74.9589	-74.9174	-74.8748	-74.8314	-74.7872	-74.7423	-74.6967	-74.6507	-74.6043	-74.5581	-74.5123	-74.4676	-74.4251	-74.386	-74.3521	-74.3259	-74.3102	-74.3085	-74.3242	-74.3598	-74.4171
3.49	-74.994	-75.0695	-75.1458	-75.2011	-75.2335	-75.2466	-75.2448	-75.2321	-75.2114	-75.185	-75.1544	-75.1207	-75.0847	-75.047	-75.0078	-74.9675	-74.926	-74.8837	-74.8404	-74.7964	-74.7517	-74.7063	-74.6604	-74.6143	-74.5682	-74.5227	-74.4783	-74.436	-74.3971	-74.3634	-74.3373	-74.3218	-74.3202	-74.336	-74.3716	-74.4288
3.495	-75.0011	-75.0766	-75.1529	-75.2082	-75.2406	-75.2538	-75.2521	-75.2395	-75.2189	-75.1926	-75.1621	-75.1286	-75.0928	-75.0552	-75.0162	-74.976	-74.9347	-74.8925	-74.8494	-74.8056	-74.761	-74.7158	-74.6702	-74.6243	-74.5784	-74.533	-74.4888	-74.4467	-74.4081	-74.3746	-74.3487	-74.3333	-74.3319	-74.3477	-74.3833	-74.4405
3.5	-75.0082	-75.0836	-75.16	-75.2153	-75.2477	-75.261	-75.2594	-75.2469	-75.2264	-75.2002	-75.1699	-75.1365	-75.1008	-75.0634	-75.0245	-74.9844	-74.9433	-74.9013	-74.8584	-74.8147	-74.7703	-74.7253	-74.6799	-74.6341	-74.5885	-74.5433	-74.4994	-74.4575	-74.419	-74.3858	-74.3601	-74.3448	-74.3435	-74.3594	-74.395	-74.4521
3.505	-75.0153	-75.0907	-75.167	-75.2223	-75.2548	-75.2682	-75.2667	-75.2543	-75.2339	-75.2078	-75.1776	-75.1443	-75.1088	-75.0715	-75.0328	-74.9929	-74.9519	-74.91	-74.8673	-74.8238	-74.7796	-74.7348	-74.6895	-74.644	-74.5985	-74.5536	-74.5098	-74.4682	-74.4299	-74.3969	-74.3713	-74.3563	-74.3551	-74.371	-74.4066	-74.4636
3.51	-75.0223	-75.0977	-75.174	-75.2294	-75.2619	-75.2753	-75.2739	-75.2616	-75.2414	-75.2154	-75.1853	-75.1522	-75.1168	-75.0796	-75.041	-75.0013	-74.9605	-74.9188	-74.8762	-74.8329	-74.7888	-74.7442	-74.6991	-74.6538	-74.6086	-74.5638	-74.5203	-74.4788	-74.4408	-74.4079	-74.3826	-74.3677	-74.3666	-74.3826	-74.4181	-74.4751
3.515	-75.0293	-75.1047	-75.181	-75.2364	-75.269	-75.2824	-75.2811	-75.2689	-75.2488	-75.2229	-75.193	-75.16	-75.1247	-75.0877	-75.0492	-75.0096	-74.969	-74.9274	-74.885	-74.8419	-74.798	-74.7536	-74.7087	-74.6636	-74.6185	-74.574	-74.5306	-74.4894	-74.4516	-74.4189	-74.3937	-74.379	-74.378	-74.3941	-74.4296	-74.4865
3.52	-75.0363	-75.1117	-75.188	-75.2434	-75.276	-75.2895	-75.2883	-75.2762	-75.2562	-75.2305	-75.2006	-75.1677	-75.1326	-75.0957	-75.0574	-75.018	-74.9775	-74.9361	-74.8939	-74.8509	-74.8072	-74.7629	-74.7182	-74.6733	-74.6284	-74.5841	-74.541	-74.5	-74.4623	-74.4299	-74.4049	-74.3903	-74.3894	-74.4055	-74.4411	-74.4978
3.525	-75.0433	-75.1187	-75.195	-75.2503	-75.283	-75.2966	-75.2955	-75.2835	-75.2635	-75.2379	-75.2082	-75.1755	-75.1405	-75.1037	-75.0656	-75.0263	-74.9859	-74.9447	-74.9026	-74.8598	-74.8163	-74.7723	-74.7277	-74.683	-74.6383	-74.5942	-74.5513	-74.5105	-74.473	-74.4408	-74.4159	-74.4015	-74.4007	-74.4169	-74.4524	-74.5091
3.53	-75.0502	-75.1256	-75.2019	-75.2573	-75.29	-75.3036	-75.3026	-75.2907	-75.2709	-75.2454	-75.2158	-75.1832	-75.1483	-75.1117	-75.0737	-75.0345	-74.9944	-74.9533	-74.9114	-74.8688	-74.8254	-74.7815	-74.7372	-74.6926	-74.6482	-74.6043	-74.5615	-74.5209	-74.4837	-74.4516	-74.427	-74.4127	-74.412	-74.4282	-74.4638	-74.5203
3.535	-75.0572	-75.1326	-75.2088	-75.2642	-75.297	-75.3107	-75.3097	-75.2979	-75.2782	-75.2528	-75.2234	-75.1909	-75.1561	-75.1197	-75.0818	-75.0428	-75.0028	-74.9618	-74.9201	-74.8776	-74.8345	-74.7908	-74.7466	-74.7022	-74.658	-74.6143	-74.5717	-74.5313	-74.4943	-74.4624	-74.4379	-74.4238	-74.4232	-74.4395	-74.475	-74.5315
3.54	-75.0641	-75.1395	-75.2157	-75.2711	-75.3039	-75.3177	-75.3168	-75.3051	-75.2855	-75.2602	-75.2309	-75.1985	-75.1639	-75.1276	-75.0899	-75.051	-75.0111	-74.9704	-74.9288	-74.8865	-74.8435	-74.7999	-74.756	-74.7118	-74.6677	-74.6242	-74.5819	-74.5417	-74.5049	-74.4732	-74.4489	-74.4348	-74.4344	-74.4507	-74.4862	-74.5426
3.545	-75.071	-75.1464	-75.2226	-75.278	-75.3108	-75.3247	-75.3239	-75.3123	-75.2928	-75.2676	-75.2384	-75.2062	-75.1717	-75.1355	-75.0979	-75.0592	-75.0195	-74.9789	-74.9374	-74.8953	-74.8525	-74.8091	-74.7653	-74.7213	-74.6775	-74.6341	-74.592	-74.552	-74.5154	-74.4839	-74.4597	-74.4459	-74.4455	-74.4619	-74.4974	-74.5537
3.55	-75.0778	-75.1532	-75.2294	-75.2849	-75.3177	-75.3316	-75.3309	-75.3194	-75.3	-75.275	-75.2459	-75.2138	-75.1794	-75.1434	-75.1059	-75.0673	-75.0278	-74.9873	-74.9461	-74.9041	-74.8614	-74.8182	-74.7746	-74.7308	-74.6871	-74.644	-74.6021	-74.5623	-74.5258	-74.4945	-74.4706	-74.4568	-74.4566	-74.473	-74.5085	-74.5647
3.555	-75.0847	-75.1601	-75.2363	-75.2917	-75.3246	-75.3386	-75.3379	-75.3265	-75.3073	-75.2823	-75.2533	-75.2214	-75.1871	-75.1512	-75.1139	-75.0755	-75.036	-74.9957	-74.9546	-74.9128	-74.8703	-74.8273	-74.7839	-74.7403	-74.6968	-74.6538	-74.6121	-74.5725	-74.5362	-74.5051	-74.4813	-74.4677	-74.4676	-74.4841	-74.5195	-74.5757
3.56	-75.0915	-75.1669	-75.2431	-75.2985	-75.3315	-75.3455	-75.3449	-75.3336	-75.3145	-75.2896	-75.2608	-75.2289	-75.1948	-75.159	-75.1219	-75.0836	-75.0443	-75.0041	-74.9632	-74.9215	-74.8792	-74.8364	-74.7931	-74.7497	-74.7064	-74.6636	-74.6221	-74.5827	-74.5466	-74.5157	-74.492	-74.4786	-74.4785	-74.4951	-74.5305	-74.5866
3.565	-75.0983	-75.1737	-75.2499	-75.3053	-75.3383	-75.3524	-75.3519	-75.3407	-75.3216	-75.2969	-75.2682	-75.2364	-75.2025	-75.1668	-75.1298	-75.0916	-75.0525	-75.0125	-74.9717	-74.9302	-74.8881	-74.8454	-74.8023	-74.7591	-74.7159	-74.6734	-74.632	-74.5928	-74.5569	-74.5262	-74.5027	-74.4894	-74.4895	-74.506	-74.5415	-74.5975
3.57	-75.1051	-75.1805	-75.2566	-75.3121	-75.3451	-75.3593	-75.3589	-75.3477	-75.3288	-75.3042	-75.2756	-75.2439	-75.2101	-75.1746	-75.1377	-75.0997	-75.0607	-75.0208	-74.9802	-74.9389	-74.8969	-74.8544	-74.8115	-74.7684	-74.7254	-74.6831	-74.6419	-74.6029	-74.5672	-74.5366	-74.5133	-74.5002	-74.5003	-74.5169	-74.5524	-74.6083
3.575	-75.1119	-75.1873	-75.2634	-75.3189	-75.3519	-75.3661	-75.3658	-75.3548	-75.3359	-75.3114	-75.2829	-75.2514	-75.2177	-75.1823	-75.1456	-75.1077	-75.0688	-75.0291	-74.9886	-74.9475	-74.9056	-74.8633	-74.8206	-74.7777	-74.7349	-74.6927	-74.6518	-74.6129	-74.5775	-74.547	-74.5239	-74.5109	-74.5111	-74.5278	-74.5632	-74.619
3.58	-75.1187	-75.194	-75.2701	-75.3256	-75.3587	-75.373	-75.3727	-75.3618	-75.343	-75.3187	-75.2902	-75.2589	-75.2253	-75.19	-75.1534	-75.1157	-75.077	-75.0374	-74.9971	-74.956	-74.9144	-74.8722	-74.8297	-74.7869	-74.7444	-74.7024	-74.6616	-74.6229	-74.5876	-74.5574	-74.5344	-74.5215	-74.5219	-74.5386	-74.574	-74.6297
3.585	-75.1254	-75.2007	-75.2768	-75.3323	-75.3654	-75.3798	-75.3796	-75.3688	-75.3501	-75.3259	-75.2976	-75.2663	-75.2328	-75.1977	-75.1612	-75.1236	-75.085	-75.0456	-75.0055	-74.9646	-74.9231	-74.8811	-74.8387	-74.7962	-74.7538	-74.712	-74.6714	-74.6329	-74.5978	-74.5677	-74.5449	-74.5321	-74.5326	-74.5493	-74.5847	-74.6404
3.59	-75.1321	-75.2075	-75.2835	-75.339	-75.3722	-75.3866	-75.3865	-75.3757	-75.3572	-75.333	-75.3048	-75.2737	-75.2404	-75.2054	-75.169	-75.1315	-75.0931	-75.0538	-75.0138	-74.9731	-74.9318	-74.8899	-74.8477	-74.8054	-74.7631	-74.7215	-74.6811	-74.6428	-74.6079	-74.578	-74.5553	-74.5427	-74.5432	-74.56	-74.5954	-74.651
3.595	-75.1388	-75.2141	-75.2902	-75.3457	-75.3789	-75.3933	-75.3933	-75.3826	-75.3642	-75.3402	-75.3121	-75.2811	-75.2479	-75.213	-75.1768	-75.1394	-75.1011	-75.062	-75.0221	-74.9816	-74.9404	-74.8987	-74.8567	-74.8145	-74.7725	-74.731	-74.6908	-74.6527	-74.618	-74.5882	-74.5657	-74.5532	-74.5538	-74.5707	-74.606	-74.6615
3.6	-75.1455	-75.2208	-75.2968	-75.3523	-75.3856	-75.4001	-75.4002	-75.3896	-75.3712	-75.3473	-75.3193	-75.2884	-75.2553	-75.2206	-75.1845	-75.1473	-75.1092	-75.0702	-75.0304	-74.99	-74.949	-74.9075	-74.8656	-74.8236	-74.7818	-74.7405	-74.7005	-74.6625	-74.628	-74.5984	-74.5761	-74.5637	-74.5644	-74.5813	-74.6166	-74.672
3.605	-75.1521	-75.2275	-75.3035	-75.359	-75.3922	-75.4068	-75.407	-75.3965	-75.3782	-75.3544	-75.3265	-75.2958	-75.2628	-75.2282	-75.1922	-75.1551	-75.1171	-75.0783	-75.0387	-74.9985	-74.9576	-74.9162	-74.8745	-74.8327	-74.791	-74.7499	-74.7101	-74.6723	-74.6379	-74.6086	-74.5864	-74.5741	-74.5749	-74.5918	-74.6271	-74.6825
3.61	-75.1588	-75.2341	-75.3101	-75.3656	-75.3989	-75.4135	-75.4137	-75.4033	-75.3852	-75.3615	-75.3337	-75.3031	-75.2702	-75.2357	-75.1999	-75.1629	-75.1251	-75.0864	-75.047	-75.0068	-74.9661	-74.9249	-74.8834	-74.8417	-74.8002	-74.7593	-74.7196	-74.6821	-74.6479	-74.6187	-74.5966	-74.5845	-74.5854	-74.6023	-74.6376	-74.6929
3.615	-75.1654	-75.2407	-75.3167	-75.3722	-75.4055	-75.4202	-75.4205	-75.4102	-75.3921	-75.3685	-75.3409	-75.3104	-75.2776	-75.2432	-75.2075	-75.1707	-75.133	-75.0945	-75.0552	-75.0152	-74.9746	-74.9336	-74.8922	-74.8507	-74.8094	-74.7687	-74.7292	-74.6918	-74.6578	-74.6287	-74.6068	-74.5948	-74.5958	-74.6128	-74.6481	-74.7033
3.62	-75.172	-75.2473	-75.3232	-75.3788	-75.4121	-75.4269	-75.4273	-75.417	-75.3991	-75.3756	-75.348	-75.3176	-75.285	-75.2507	-75.2152	-75.1785	-75.1409	-75.1025	-75.0633	-75.0235	-74.9831	-74.9423	-74.901	-74.8597	-74.8185	-74.778	-74.7387	-74.7015	-74.6676	-74.6387	-74.617	-74.6051	-74.6062	-74.6232	-74.6585	-74.7136
3.625	-75.1786	-75.2539	-75.3298	-75.3853	-75.4187	-75.4335	-75.434	-75.4238	-75.406	-75.3826	-75.3552	-75.3248	-75.2924	-75.2582	-75.2228	-75.1862	-75.1488	-75.1105	-75.0715	-75.0318	-74.9916	-74.9509	-74.9098	-74.8686	-74.8276	-74.7873	-74.7481	-74.7111	-74.6774	-74.6487	-74.6271	-74.6153	-74.6165	-74.6336	-74.6688	-74.7238
3.63	-75.1851	-75.2604	-75.3363	-75.3919	-75.4253	-75.4401	-75.4407	-75.4306	-75.4128	-75.3895	-75.3623	-75.3321	-75.2997	-75.2657	-75.2303	-75.1939	-75.1566	-75.1185	-75.0796	-75.0401	-75	-74.9594	-74.9185	-74.8775	-74.8367	-74.7965	-74.7575	-74.7207	-74.6872	-74.6586	-74.6372	-74.6255	-74.6268	-74.6439	-74.6791	-74.734
3.635	-75.1917	-75.267	-75.3428	-75.3984	-75.4318	-75.4468	-75.4473	-75.4374	-75.4197	-75.3965	-75.3693	-75.3392	-75.307	-75.2731	-75.2379	-75.2016	-75.1644	-75.1264	-75.0877	-75.0483	-75.0084	-74.968	-74.9272	-74.8864	-74.8457	-74.8057	-74.7669	-74.7302	-74.6969	-74.6685	-74.6472	-74.6357	-74.637	-74.6542	-74.6893	-74.7442
3.64	-75.1982	-75.2735	-75.3493	-75.4049	-75.4384	-75.4533	-75.454	-75.4441	-75.4265	-75.4035	-75.3764	-75.3464	-75.3143	-75.2805	-75.2454	-75.2093	-75.1722	-75.1343	-75.0957	-75.0565	-75.0167	-74.9765	-74.9359	-74.8952	-74.8547	-74.8149	-74.7763	-74.7397	-74.7066	-74.6783	-74.6572	-74.6458	-74.6472	-74.6644	-74.6995	-74.7543
3.645	-75.2047	-75.28	-75.3558	-75.4114	-75.4449	-75.4599	-75.4606	-75.4508	-75.4334	-75.4104	-75.3834	-75.3535	-75.3215	-75.2879	-75.2529	-75.2169	-75.1799	-75.1422	-75.1038	-75.0647	-75.0251	-74.985	-74.9445	-74.904	-74.8637	-74.824	-74.7856	-74.7492	-74.7162	-74.6881	-74.6671	-74.6558	-74.6573	-74.6746	-74.7097	-74.7644
3.65	-75.2112	-75.2864	-75.3623	-75.4178	-75.4514	-75.4665	-75.4673	-75.4575	-75.4402	-75.4173	-75.3904	-75.3607	-75.3288	-75.2952	-75.2604	-75.2245	-75.1877	-75.1501	-75.1118	-75.0728	-75.0333	-74.9934	-74.9531	-74.9128	-74.8726	-74.8331	-74.7948	-74.7587	-74.7258	-74.6979	-74.677	-74.6658	-74.6674	-74.6847	-74.7198	-74.7744
3.655	-75.2177	-75.2929	-75.3687	-75.4243	-75.4579	-75.473	-75.4739	-75.4642	-75.4469	-75.4241	-75.3974	-75.3677	-75.336	-75.3025	-75.2678	-75.232	-75.1954	-75.1579	-75.1198	-75.081	-75.0416	-75.0018	-74.9617	-74.9215	-74.8815	-74.8422	-74.804	-74.768	-74.7354	-74.7076	-74.6869	-74.6758	-74.6775	-74.6948	-74.7299	-74.7844
3.66	-75.2241	-75.2993	-75.3751	-75.4307	-75.4643	-75.4795	-75.4804	-75.4709	-75.4537	-75.431	-75.4044	-75.3748	-75.3431	-75.3098	-75.2752	-75.2396	-75.203	-75.1657	-75.1277	-75.089	-75.0498	-75.0102	-74.9702	-74.9302	-74.8904	-74.8512	-74.8132	-74.7774	-74.7449	-74.7173	-74.6967	-74.6857	-74.6875	-74.7048	-74.7399	-74.7943
3.665	-75.2306	-75.3058	-75.3815	-75.4371	-75.4707	-75.486	-75.487	-75.4775	-75.4604	-75.4378	-75.4113	-75.3819	-75.3503	-75.3171	-75.2826	-75.2471	-75.2107	-75.1735	-75.1356	-75.0971	-75.058	-75.0185	-74.9787	-74.9389	-74.8992	-74.8602	-74.8224	-74.7867	-74.7544	-74.7269	-74.7064	-74.6956	-74.6974	-74.7148	-74.7499	-74.8042
3.67	-75.237	-75.3122	-75.3879	-75.4435	-75.4772	-75.4924	-75.4935	-75.4841	-75.4671	-75.4446	-75.4182	-75.3889	-75.3574	-75.3244	-75.29	-75.2546	-75.2183	-75.1813	-75.1435	-75.1051	-75.0662	-75.0269	-74.9872	-74.9475	-74.908	-74.8691	-74.8315	-74.796	-74.7638	-74.7365	-74.7162	-74.7055	-74.7074	-74.7248	-74.7598	-74.8141
3.675	-75.2434	-75.3186	-75.3943	-75.4499	-75.4836	-75.4989	-75.5001	-75.4908	-75.4738	-75.4514	-75.4251	-75.3959	-75.3645	-75.3316	-75.2973	-75.2621	-75.2259	-75.189	-75.1514	-75.1131	-75.0743	-75.0351	-74.9957	-74.9561	-74.9167	-74.878	-74.8406	-74.8052	-74.7732	-74.746	-74.7259	-74.7153	-74.7172	-74.7347	-74.7697	-74.8239
3.68	-75.2498	-75.3249	-75.4007	-75.4562	-75.4899	-75.5053	-75.5066	-75.4973	-75.4805	-75.4582	-75.432	-75.4029	-75.3716	-75.3388	-75.3047	-75.2695	-75.2335	-75.1967	-75.1592	-75.1211	-75.0825	-75.0434	-75.0041	-74.9647	-74.9255	-74.8869	-74.8496	-74.8144	-74.7826	-74.7556	-74.7355	-74.725	-74.7271	-74.7445	-74.7795	-74.8337
3.685	-75.2561	-75.3313	-75.407	-75.4625	-75.4963	-75.5117	-75.513	-75.5039	-75.4872	-75.465	-75.4388	-75.4098	-75.3787	-75.346	-75.312	-75.2769	-75.241	-75.2044	-75.167	-75.129	-75.0905	-75.0516	-75.0124	-74.9732	-74.9341	-74.8958	-74.8586	-74.8236	-74.7919	-74.765	-74.7451	-74.7347	-74.7369	-74.7543	-74.7893	-74.8434
3.69	-75.2625	-75.3376	-75.4133	-75.4689	-75.5026	-75.5181	-75.5195	-75.5104	-75.4938	-75.4717	-75.4456	-75.4168	-75.3857	-75.3531	-75.3192	-75.2843	-75.2486	-75.212	-75.1748	-75.1369	-75.0986	-75.0598	-75.0208	-74.9817	-74.9428	-74.9046	-74.8676	-74.8327	-74.8012	-74.7745	-74.7547	-74.7444	-74.7466	-74.7641	-74.7991	-74.8531
3.695	-75.2688	-75.3439	-75.4196	-75.4752	-75.509	-75.5245	-75.5259	-75.517	-75.5004	-75.4784	-75.4525	-75.4237	-75.3928	-75.3603	-75.3265	-75.2917	-75.256	-75.2196	-75.1825	-75.1448	-75.1066	-75.068	-75.0291	-74.9901	-74.9514	-74.9133	-74.8765	-74.8418	-74.8104	-74.7839	-74.7642	-74.7541	-74.7563	-74.7739	-74.8088	-74.8627
3.7	-75.2751	-75.3503	-75.4259	-75.4814	-75.5153	-75.5309	-75.5324	-75.5235	-75.507	-75.4851	-75.4592	-75.4306	-75.3998	-75.3674	-75.3337	-75.299	-75.2635	-75.2272	-75.1902	-75.1527	-75.1146	-75.0761	-75.0374	-74.9986	-74.96	-74.9221	-74.8854	-74.8509	-74.8196	-74.7932	-74.7737	-74.7636	-74.766	-74.7836	-74.8185	-74.8723
3.705	-75.2814	-75.3565	-75.4321	-75.4877	-75.5216	-75.5372	-75.5388	-75.5299	-75.5136	-75.4917	-75.466	-75.4374	-75.4067	-75.3745	-75.3409	-75.3064	-75.271	-75.2348	-75.1979	-75.1605	-75.1226	-75.0842	-75.0456	-75.007	-74.9686	-74.9308	-74.8943	-74.8599	-74.8288	-74.8025	-74.7831	-74.7732	-74.7756	-74.7932	-74.8281	-74.8818
3.71	-75.2877	-75.3628	-75.4384	-75.4939	-75.5278	-75.5435	-75.5452	-75.5364	-75.5201	-75.4984	-75.4727	-75.4443	-75.4137	-75.3815	-75.3481	-75.3137	-75.2784	-75.2423	-75.2056	-75.1683	-75.1305	-75.0923	-75.0539	-75.0154	-74.9771	-74.9395	-74.9031	-74.8689	-74.838	-74.8118	-74.7925	-74.7827	-74.7852	-74.8028	-74.8377	-74.8913
3.715	-75.294	-75.369	-75.4446	-75.5002	-75.5341	-75.5498	-75.5515	-75.5428	-75.5266	-75.505	-75.4795	-75.4511	-75.4206	-75.3886	-75.3553	-75.3209	-75.2858	-75.2498	-75.2133	-75.1761	-75.1384	-75.1004	-75.0621	-75.0237	-74.9856	-74.9481	-74.9119	-74.8779	-74.8471	-74.8211	-74.8019	-74.7922	-74.7947	-74.8124	-74.8472	-74.9008
3.72	-75.3002	-75.3753	-75.4508	-75.5064	-75.5403	-75.5561	-75.5579	-75.5493	-75.5331	-75.5116	-75.4862	-75.4579	-75.4275	-75.3956	-75.3624	-75.3282	-75.2931	-75.2573	-75.2209	-75.1838	-75.1463	-75.1084	-75.0702	-75.032	-74.994	-74.9567	-74.9207	-74.8868	-74.8561	-74.8303	-74.8113	-74.8016	-74.8042	-74.8219	-74.8567	-74.9102
3.725	-75.3065	-75.3815	-75.457	-75.5126	-75.5465	-75.5624	-75.5642	-75.5557	-75.5396	-75.5182	-75.4929	-75.4647	-75.4344	-75.4026	-75.3695	-75.3354	-75.3005	-75.2648	-75.2285	-75.1916	-75.1542	-75.1164	-75.0784	-75.0403	-75.0025	-74.9653	-74.9294	-74.8957	-74.8651	-74.8394	-74.8205	-74.811	-74.8137	-74.8314	-74.8662	-74.9196
3.73	-75.3127	-75.3877	-75.4632	-75.5187	-75.5527	-75.5686	-75.5705	-75.5621	-75.5461	-75.5248	-75.4995	-75.4714	-75.4413	-75.4096	-75.3766	-75.3426	-75.3078	-75.2722	-75.236	-75.1993	-75.162	-75.1244	-75.0865	-75.0485	-75.0109	-74.9739	-74.9381	-74.9045	-74.8741	-74.8486	-74.8298	-74.8204	-74.8231	-74.8409	-74.8756	-74.929
3.735	-75.3189	-75.3939	-75.4693	-75.5249	-75.5589	-75.5748	-75.5768	-75.5684	-75.5526	-75.5313	-75.5061	-75.4782	-75.4481	-75.4165	-75.3836	-75.3498	-75.3151	-75.2796	-75.2436	-75.2069	-75.1698	-75.1323	-75.0945	-75.0567	-75.0192	-74.9824	-74.9468	-74.9133	-74.8831	-74.8577	-74.839	-74.8297	-74.8325	-74.8503	-74.885	-74.9383
3.74	-75.3251	-75.4	-75.4755	-75.531	-75.5651	-75.581	-75.5831	-75.5748	-75.559	-75.5378	-75.5128	-75.4849	-75.455	-75.4234	-75.3907	-75.3569	-75.3223	-75.287	-75.2511	-75.2146	-75.1776	-75.1402	-75.1026	-75.0649	-75.0275	-74.9909	-74.9554	-74.9221	-74.892	-74.8667	-74.8482	-74.839	-74.8419	-74.8596	-74.8943	-74.9475
3.745	-75.3312	-75.4062	-75.4816	-75.5371	-75.5712	-75.5872	-75.5893	-75.5811	-75.5654	-75.5443	-75.5194	-75.4916	-75.4618	-75.4303	-75.3977	-75.3641	-75.3296	-75.2944	-75.2586	-75.2222	-75.1853	-75.1481	-75.1106	-75.0731	-75.0359	-74.9993	-74.964	-74.9308	-74.9009	-74.8757	-74.8573	-74.8482	-74.8512	-74.869	-74.9036	-74.9567
3.75	-75.3374	-75.4123	-75.4877	-75.5433	-75.5774	-75.5934	-75.5956	-75.5874	-75.5718	-75.5508	-75.5259	-75.4983	-75.4685	-75.4372	-75.4047	-75.3712	-75.3368	-75.3017	-75.266	-75.2298	-75.193	-75.1559	-75.1186	-75.0812	-75.0441	-75.0077	-74.9726	-74.9396	-74.9098	-74.8847	-74.8665	-74.8574	-74.8604	-74.8783	-74.9129	-74.9659
3.755	-75.3435	-75.4184	-75.4938	-75.5493	-75.5835	-75.5996	-75.6018	-75.5937	-75.5782	-75.5573	-75.5325	-75.5049	-75.4753	-75.4441	-75.4117	-75.3783	-75.344	-75.3091	-75.2735	-75.2373	-75.2007	-75.1637	-75.1265	-75.0893	-75.0524	-75.0161	-74.9811	-74.9482	-74.9186	-74.8937	-74.8755	-74.8666	-74.8697	-74.8875	-74.9221	-74.9751
3.76	-75.3496	-75.4245	-75.4999	-75.5554	-75.5896	-75.6057	-75.608	-75.6	-75.5845	-75.5637	-75.539	-75.5116	-75.482	-75.4509	-75.4186	-75.3853	-75.3512	-75.3164	-75.2809	-75.2449	-75.2084	-75.1715	-75.1345	-75.0974	-75.0606	-75.0245	-74.9896	-74.9569	-74.9274	-74.9026	-74.8846	-74.8757	-74.8789	-74.8967	-74.9313	-74.9842
3.765	-75.3557	-75.4306	-75.5059	-75.5615	-75.5956	-75.6118	-75.6142	-75.6062	-75.5909	-75.5702	-75.5456	-75.5182	-75.4888	-75.4578	-75.4255	-75.3924	-75.3583	-75.3236	-75.2883	-75.2524	-75.216	-75.1793	-75.1424	-75.1054	-75.0688	-75.0328	-74.9981	-74.9655	-74.9361	-74.9115	-74.8936	-74.8848	-74.888	-74.9059	-74.9405	-74.9933
3.77	-75.3618	-75.4367	-75.512	-75.5675	-75.6017	-75.6179	-75.6203	-75.6125	-75.5972	-75.5766	-75.5521	-75.5248	-75.4954	-75.4646	-75.4324	-75.3994	-75.3655	-75.3309	-75.2956	-75.2599	-75.2236	-75.187	-75.1503	-75.1134	-75.0769	-75.0411	-75.0065	-74.9741	-74.9448	-74.9203	-74.9025	-74.8939	-74.8971	-74.915	-74.9496	-75.0023
3.775	-75.3679	-75.4427	-75.518	-75.5735	-75.6077	-75.624	-75.6265	-75.6187	-75.6035	-75.5829	-75.5585	-75.5314	-75.5021	-75.4713	-75.4393	-75.4064	-75.3726	-75.3381	-75.303	-75.2673	-75.2312	-75.1948	-75.1581	-75.1214	-75.085	-75.0493	-75.0149	-74.9826	-74.9535	-74.9291	-74.9114	-74.9029	-74.9062	-74.9241	-74.9586	-75.0113
3.78	-75.374	-75.4488	-75.524	-75.5795	-75.6138	-75.6301	-75.6326	-75.6249	-75.6098	-75.5893	-75.565	-75.5379	-75.5088	-75.4781	-75.4462	-75.4133	-75.3797	-75.3453	-75.3103	-75.2748	-75.2388	-75.2025	-75.1659	-75.1294	-75.0931	-75.0576	-75.0233	-74.9911	-74.9622	-74.9379	-74.9203	-74.9119	-74.9153	-74.9332	-74.9677	-75.0203
3.785	-75.38	-75.4548	-75.53	-75.5855	-75.6198	-75.6361	-75.6387	-75.6311	-75.616	-75.5957	-75.5714	-75.5445	-75.5154	-75.4848	-75.453	-75.4203	-75.3867	-75.3524	-75.3176	-75.2822	-75.2463	-75.2101	-75.1737	-75.1373	-75.1012	-75.0658	-75.0316	-74.9996	-74.9708	-74.9467	-74.9292	-74.9208	-74.9243	-74.9422	-74.9767	-75.0292
3.79	-75.386	-75.4608	-75.536	-75.5915	-75.6258	-75.6422	-75.6448	-75.6373	-75.6223	-75.602	-75.5779	-75.551	-75.522	-75.4915	-75.4599	-75.4272	-75.3937	-75.3596	-75.3248	-75.2896	-75.2538	-75.2178	-75.1815	-75.1452	-75.1092	-75.074	-75.04	-75.0081	-74.9794	-74.9554	-74.938	-74.9297	-74.9332	-74.9512	-74.9856	-75.0381
3.795	-75.392	-75.4668	-75.5419	-75.5974	-75.6317	-75.6482	-75.6509	-75.6434	-75.6285	-75.6083	-75.5843	-75.5575	-75.5286	-75.4982	-75.4667	-75.4341	-75.4008	-75.3667	-75.3321	-75.2969	-75.2613	-75.2254	-75.1892	-75.1531	-75.1172	-75.0821	-75.0482	-75.0165	-74.9879	-74.9641	-74.9468	-74.9386	-74.9422	-74.9602	-74.9946	-75.0469
3.8	-75.398	-75.4728	-75.5479	-75.6034	-75.6377	-75.6542	-75.657	-75.6495	-75.6347	-75.6146	-75.5907	-75.5639	-75.5352	-75.5049	-75.4734	-75.441	-75.4078	-75.3738	-75.3393	-75.3043	-75.2688	-75.2329	-75.1969	-75.1609	-75.1252	-75.0902	-75.0565	-75.0249	-74.9964	-74.9727	-74.9556	-74.9474	-74.9511	-74.9691	-75.0035	-75.0557
3.805	-75.404	-75.4787	-75.5538	-75.6093	-75.6437	-75.6602	-75.663	-75.6556	-75.6409	-75.6209	-75.597	-75.5704	-75.5417	-75.5116	-75.4802	-75.4479	-75.4147	-75.3809	-75.3465	-75.3116	-75.2762	-75.2405	-75.2046	-75.1687	-75.1332	-75.0983	-75.0647	-75.0332	-75.0049	-74.9813	-74.9643	-74.9562	-74.9599	-74.978	-75.0123	-75.0645
3.81	-75.41	-75.4847	-75.5597	-75.6152	-75.6496	-75.6662	-75.669	-75.6617	-75.6471	-75.6271	-75.6034	-75.5768	-75.5483	-75.5182	-75.4869	-75.4547	-75.4217	-75.388	-75.3537	-75.3188	-75.2836	-75.248	-75.2123	-75.1765	-75.1411	-75.1063	-75.0729	-75.0415	-75.0134	-74.9899	-74.973	-74.965	-74.9688	-74.9868	-75.0211	-75.0732
3.815	-75.4159	-75.4906	-75.5656	-75.6211	-75.6555	-75.6721	-75.675	-75.6678	-75.6533	-75.6334	-75.6097	-75.5833	-75.5548	-75.5248	-75.4936	-75.4615	-75.4286	-75.395	-75.3608	-75.3261	-75.291	-75.2555	-75.2199	-75.1843	-75.149	-75.1144	-75.0811	-75.0498	-75.0218	-74.9984	-74.9816	-74.9738	-74.9776	-74.9956	-75.0299	-75.0819
3.82	-75.4218	-75.4965	-75.5715	-75.627	-75.6614	-75.678	-75.681	-75.6739	-75.6594	-75.6396	-75.616	-75.5897	-75.5613	-75.5314	-75.5003	-75.4683	-75.4355	-75.402	-75.3679	-75.3334	-75.2983	-75.263	-75.2275	-75.192	-75.1568	-75.1224	-75.0892	-75.0581	-75.0302	-75.0069	-74.9902	-74.9825	-74.9863	-75.0044	-75.0387	-75.0906
3.825	-75.4278	-75.5024	-75.5774	-75.6328	-75.6673	-75.684	-75.687	-75.6799	-75.6655	-75.6458	-75.6223	-75.596	-75.5678	-75.538	-75.507	-75.4751	-75.4424	-75.409	-75.375	-75.3406	-75.3057	-75.2705	-75.2351	-75.1997	-75.1647	-75.1303	-75.0973	-75.0663	-75.0386	-75.0154	-74.9988	-74.9911	-74.995	-75.0131	-75.0474	-75.0993
3.83	-75.4337	-75.5083	-75.5832	-75.6387	-75.6731	-75.6899	-75.693	-75.686	-75.6716	-75.652	-75.6286	-75.6024	-75.5742	-75.5445	-75.5136	-75.4818	-75.4492	-75.416	-75.3821	-75.3478	-75.313	-75.2779	-75.2426	-75.2074	-75.1725	-75.1383	-75.1054	-75.0745	-75.0469	-75.0239	-75.0074	-74.9998	-75.0037	-75.0219	-75.056	-75.1079
3.835	-75.4396	-75.5141	-75.589	-75.6445	-75.679	-75.6958	-75.6989	-75.692	-75.6777	-75.6582	-75.6348	-75.6087	-75.5807	-75.5511	-75.5203	-75.4886	-75.4561	-75.4229	-75.3892	-75.3549	-75.3203	-75.2853	-75.2502	-75.2151	-75.1803	-75.1462	-75.1134	-75.0827	-75.0552	-75.0323	-75.0159	-75.0084	-75.0124	-75.0305	-75.0647	-75.1164
3.84	-75.4454	-75.52	-75.5949	-75.6503	-75.6848	-75.7016	-75.7048	-75.698	-75.6838	-75.6643	-75.6411	-75.6151	-75.5871	-75.5576	-75.5269	-75.4953	-75.4629	-75.4298	-75.3962	-75.3621	-75.3275	-75.2927	-75.2577	-75.2227	-75.188	-75.1541	-75.1214	-75.0909	-75.0635	-75.0407	-75.0244	-75.0169	-75.021	-75.0392	-75.0733	-75.125
3.845	-75.4513	-75.5258	-75.6007	-75.6561	-75.6906	-75.7075	-75.7108	-75.7039	-75.6898	-75.6704	-75.6473	-75.6214	-75.5935	-75.5641	-75.5335	-75.502	-75.4697	-75.4367	-75.4032	-75.3692	-75.3348	-75.3	-75.2651	-75.2303	-75.1957	-75.1619	-75.1294	-75.099	-75.0717	-75.049	-75.0328	-75.0255	-75.0296	-75.0478	-75.0819	-75.1335
3.85	-75.4571	-75.5316	-75.6065	-75.6619	-75.6964	-75.7133	-75.7166	-75.7099	-75.6959	-75.6766	-75.6535	-75.6277	-75.5999	-75.5705	-75.5401	-75.5086	-75.4764	-75.4436	-75.4102	-75.3763	-75.342	-75.3074	-75.2726	-75.2379	-75.2034	-75.1698	-75.1374	-75.1071	-75.0799	-75.0573	-75.0413	-75.034	-75.0382	-75.0563	-75.0904	-75.1419
3.855	-75.463	-75.5374	-75.6122	-75.6677	-75.7022	-75.7192	-75.7225	-75.7159	-75.7019	-75.6827	-75.6597	-75.6339	-75.6062	-75.577	-75.5466	-75.5153	-75.4832	-75.4505	-75.4172	-75.3834	-75.3492	-75.3147	-75.28	-75.2454	-75.2111	-75.1776	-75.1453	-75.1151	-75.0881	-75.0656	-75.0496	-75.0424	-75.0467	-75.0649	-75.0989	-75.1503
3.86	-75.4688	-75.5432	-75.618	-75.6734	-75.708	-75.725	-75.7284	-75.7218	-75.7079	-75.6887	-75.6658	-75.6402	-75.6126	-75.5834	-75.5531	-75.5219	-75.4899	-75.4573	-75.4241	-75.3904	-75.3563	-75.322	-75.2874	-75.2529	-75.2188	-75.1853	-75.1532	-75.1231	-75.0962	-75.0739	-75.058	-75.0509	-75.0552	-75.0734	-75.1074	-75.1587
3.865	-75.4746	-75.549	-75.6237	-75.6792	-75.7137	-75.7308	-75.7342	-75.7277	-75.7139	-75.6948	-75.672	-75.6464	-75.6189	-75.5898	-75.5596	-75.5285	-75.4966	-75.4641	-75.431	-75.3974	-75.3635	-75.3292	-75.2948	-75.2604	-75.2264	-75.1931	-75.1611	-75.1311	-75.1043	-75.0821	-75.0663	-75.0593	-75.0636	-75.0818	-75.1158	-75.1671
3.87	-75.4804	-75.5548	-75.6295	-75.6849	-75.7195	-75.7365	-75.7401	-75.7336	-75.7198	-75.7008	-75.6781	-75.6526	-75.6252	-75.5962	-75.5661	-75.5351	-75.5033	-75.4709	-75.4379	-75.4045	-75.3706	-75.3364	-75.3021	-75.2679	-75.234	-75.2008	-75.1689	-75.1391	-75.1124	-75.0903	-75.0746	-75.0677	-75.0721	-75.0903	-75.1242	-75.1754
3.875	-75.4861	-75.5605	-75.6352	-75.6906	-75.7252	-75.7423	-75.7459	-75.7395	-75.7258	-75.7069	-75.6842	-75.6588	-75.6315	-75.6026	-75.5726	-75.5417	-75.51	-75.4777	-75.4448	-75.4114	-75.3777	-75.3437	-75.3095	-75.2753	-75.2416	-75.2085	-75.1767	-75.147	-75.1205	-75.0985	-75.0829	-75.076	-75.0804	-75.0987	-75.1326	-75.1837
3.88	-75.4919	-75.5662	-75.6409	-75.6963	-75.7309	-75.748	-75.7517	-75.7453	-75.7317	-75.7129	-75.6903	-75.665	-75.6377	-75.609	-75.5791	-75.5482	-75.5166	-75.4844	-75.4516	-75.4184	-75.3848	-75.3508	-75.3168	-75.2828	-75.2491	-75.2162	-75.1845	-75.155	-75.1285	-75.1066	-75.0911	-75.0843	-75.0888	-75.107	-75.1409	-75.192
3.885	-75.4976	-75.572	-75.6466	-75.702	-75.7366	-75.7538	-75.7575	-75.7512	-75.7376	-75.7189	-75.6964	-75.6712	-75.644	-75.6153	-75.5855	-75.5548	-75.5233	-75.4911	-75.4585	-75.4253	-75.3918	-75.358	-75.3241	-75.2902	-75.2566	-75.2238	-75.1923	-75.1628	-75.1365	-75.1147	-75.0993	-75.0926	-75.0971	-75.1154	-75.1493	-75.2002
3.89	-75.5034	-75.5777	-75.6522	-75.7076	-75.7423	-75.7595	-75.7632	-75.757	-75.7435	-75.7249	-75.7024	-75.6773	-75.6502	-75.6216	-75.5919	-75.5613	-75.5299	-75.4979	-75.4653	-75.4323	-75.3988	-75.3651	-75.3313	-75.2975	-75.2641	-75.2314	-75.2	-75.1707	-75.1445	-75.1228	-75.1075	-75.1009	-75.1054	-75.1237	-75.1575	-75.2085
3.895	-75.5091	-75.5833	-75.6579	-75.7133	-75.7479	-75.7652	-75.769	-75.7628	-75.7494	-75.7308	-75.7085	-75.6834	-75.6564	-75.6279	-75.5983	-75.5678	-75.5365	-75.5045	-75.4721	-75.4392	-75.4058	-75.3723	-75.3385	-75.3049	-75.2716	-75.239	-75.2077	-75.1785	-75.1524	-75.1309	-75.1157	-75.1091	-75.1137	-75.132	-75.1658	-75.2166
3.9	-75.5148	-75.589	-75.6635	-75.7189	-75.7536	-75.7709	-75.7747	-75.7686	-75.7553	-75.7368	-75.7145	-75.6896	-75.6626	-75.6342	-75.6047	-75.5742	-75.543	-75.5112	-75.4789	-75.446	-75.4128	-75.3793	-75.3457	-75.3122	-75.279	-75.2466	-75.2154	-75.1863	-75.1603	-75.1389	-75.1238	-75.1173	-75.1219	-75.1402	-75.174	-75.2248
3.905	-75.5205	-75.5947	-75.6692	-75.7245	-75.7592	-75.7765	-75.7804	-75.7744	-75.7611	-75.7427	-75.7205	-75.6956	-75.6688	-75.6405	-75.611	-75.5807	-75.5496	-75.5179	-75.4856	-75.4529	-75.4198	-75.3864	-75.3529	-75.3195	-75.2864	-75.2541	-75.2231	-75.1941	-75.1682	-75.1469	-75.1319	-75.1254	-75.1301	-75.1484	-75.1822	-75.2329
3.91	-75.5261	-75.6003	-75.6748	-75.7301	-75.7648	-75.7822	-75.7861	-75.7802	-75.767	-75.7486	-75.7265	-75.7017	-75.675	-75.6467	-75.6174	-75.5871	-75.5561	-75.5245	-75.4923	-75.4597	-75.4267	-75.3935	-75.3601	-75.3268	-75.2938	-75.2616	-75.2307	-75.2018	-75.1761	-75.1548	-75.1399	-75.1336	-75.1383	-75.1566	-75.1903	-75.2409
3.915	-75.5318	-75.606	-75.6804	-75.7357	-75.7705	-75.7878	-75.7918	-75.7859	-75.7728	-75.7545	-75.7325	-75.7078	-75.6811	-75.653	-75.6237	-75.5935	-75.5626	-75.5311	-75.499	-75.4665	-75.4336	-75.4005	-75.3672	-75.334	-75.3012	-75.2691	-75.2383	-75.2095	-75.1839	-75.1628	-75.1479	-75.1417	-75.1465	-75.1648	-75.1984	-75.249
3.92	-75.5374	-75.6116	-75.686	-75.7413	-75.776	-75.7935	-75.7975	-75.7916	-75.7786	-75.7604	-75.7384	-75.7138	-75.6872	-75.6592	-75.63	-75.5999	-75.5691	-75.5377	-75.5057	-75.4733	-75.4405	-75.4075	-75.3743	-75.3413	-75.3085	-75.2765	-75.2459	-75.2172	-75.1917	-75.1707	-75.1559	-75.1497	-75.1546	-75.1729	-75.2065	-75.257
3.925	-75.5431	-75.6172	-75.6915	-75.7469	-75.7816	-75.7991	-75.8032	-75.7974	-75.7844	-75.7662	-75.7444	-75.7198	-75.6933	-75.6654	-75.6363	-75.6063	-75.5756	-75.5442	-75.5124	-75.4801	-75.4474	-75.4145	-75.3814	-75.3485	-75.3158	-75.284	-75.2534	-75.2249	-75.1995	-75.1786	-75.1639	-75.1578	-75.1626	-75.181	-75.2146	-75.265
3.93	-75.5487	-75.6228	-75.6971	-75.7524	-75.7872	-75.8047	-75.8088	-75.8031	-75.7902	-75.7721	-75.7503	-75.7258	-75.6994	-75.6715	-75.6425	-75.6126	-75.582	-75.5508	-75.519	-75.4868	-75.4543	-75.4214	-75.3885	-75.3556	-75.3231	-75.2914	-75.2609	-75.2325	-75.2072	-75.1864	-75.1719	-75.1658	-75.1707	-75.189	-75.2226	-75.273
3.935	-75.5543	-75.6283	-75.7026	-75.7579	-75.7927	-75.8102	-75.8144	-75.8088	-75.7959	-75.7779	-75.7562	-75.7318	-75.7055	-75.6777	-75.6488	-75.619	-75.5885	-75.5573	-75.5257	-75.4935	-75.4611	-75.4284	-75.3955	-75.3628	-75.3304	-75.2988	-75.2684	-75.2402	-75.215	-75.1942	-75.1798	-75.1738	-75.1787	-75.1971	-75.2306	-75.2809
3.94	-75.5599	-75.6339	-75.7082	-75.7635	-75.7983	-75.8158	-75.8201	-75.8144	-75.8017	-75.7837	-75.7621	-75.7378	-75.7115	-75.6838	-75.655	-75.6253	-75.5949	-75.5638	-75.5323	-75.5003	-75.4679	-75.4353	-75.4026	-75.3699	-75.3376	-75.3061	-75.2759	-75.2477	-75.2227	-75.202	-75.1876	-75.1817	-75.1867	-75.2051	-75.2386	-75.2888
3.945	-75.5655	-75.6395	-75.7137	-75.769	-75.8038	-75.8214	-75.8257	-75.8201	-75.8074	-75.7895	-75.768	-75.7438	-75.7176	-75.69	-75.6612	-75.6316	-75.6013	-75.5703	-75.5388	-75.5069	-75.4747	-75.4422	-75.4096	-75.377	-75.3449	-75.3135	-75.2834	-75.2553	-75.2303	-75.2098	-75.1955	-75.1896	-75.1947	-75.2131	-75.2465	-75.2966
3.95	-75.571	-75.645	-75.7192	-75.7745	-75.8093	-75.8269	-75.8312	-75.8257	-75.8131	-75.7953	-75.7738	-75.7497	-75.7236	-75.6961	-75.6674	-75.6379	-75.6076	-75.5768	-75.5454	-75.5136	-75.4814	-75.449	-75.4165	-75.3841	-75.3521	-75.3208	-75.2908	-75.2628	-75.238	-75.2175	-75.2033	-75.1975	-75.2026	-75.221	-75.2544	-75.3045
3.955	-75.5766	-75.6505	-75.7247	-75.7799	-75.8148	-75.8324	-75.8368	-75.8314	-75.8188	-75.8011	-75.7797	-75.7556	-75.7296	-75.7021	-75.6736	-75.6441	-75.614	-75.5832	-75.5519	-75.5202	-75.4882	-75.4559	-75.4235	-75.3912	-75.3592	-75.3281	-75.2982	-75.2703	-75.2456	-75.2253	-75.2111	-75.2054	-75.2105	-75.2289	-75.2623	-75.3123
3.96	-75.5821	-75.656	-75.7302	-75.7854	-75.8203	-75.8379	-75.8424	-75.837	-75.8245	-75.8068	-75.7855	-75.7615	-75.7356	-75.7082	-75.6797	-75.6504	-75.6203	-75.5896	-75.5585	-75.5269	-75.4949	-75.4627	-75.4304	-75.3982	-75.3664	-75.3353	-75.3055	-75.2778	-75.2532	-75.2329	-75.2189	-75.2132	-75.2184	-75.2368	-75.2702	-75.3201
3.965	-75.5876	-75.6615	-75.7356	-75.7909	-75.8257	-75.8434	-75.8479	-75.8426	-75.8301	-75.8126	-75.7913	-75.7674	-75.7416	-75.7143	-75.6859	-75.6566	-75.6266	-75.5961	-75.565	-75.5335	-75.5016	-75.4695	-75.4373	-75.4052	-75.3735	-75.3426	-75.3129	-75.2853	-75.2607	-75.2406	-75.2266	-75.221	-75.2262	-75.2446	-75.278	-75.3278
3.97	-75.5932	-75.667	-75.7411	-75.7963	-75.8312	-75.8489	-75.8534	-75.8482	-75.8358	-75.8183	-75.7971	-75.7733	-75.7475	-75.7203	-75.692	-75.6628	-75.6329	-75.6024	-75.5715	-75.54	-75.5083	-75.4763	-75.4442	-75.4122	-75.3806	-75.3498	-75.3202	-75.2927	-75.2683	-75.2482	-75.2344	-75.2288	-75.2341	-75.2525	-75.2858	-75.3355
3.975	-75.5987	-75.6725	-75.7465	-75.8017	-75.8366	-75.8544	-75.859	-75.8537	-75.8414	-75.824	-75.8029	-75.7791	-75.7534	-75.7263	-75.6981	-75.669	-75.6392	-75.6088	-75.5779	-75.5466	-75.5149	-75.4831	-75.4511	-75.4192	-75.3877	-75.357	-75.3275	-75.3001	-75.2758	-75.2558	-75.2421	-75.2366	-75.2419	-75.2603	-75.2936	-75.3432
3.98	-75.6041	-75.6779	-75.7519	-75.8071	-75.842	-75.8598	-75.8645	-75.8593	-75.847	-75.8297	-75.8086	-75.785	-75.7594	-75.7323	-75.7042	-75.6752	-75.6455	-75.6152	-75.5844	-75.5531	-75.5216	-75.4898	-75.4579	-75.4262	-75.3948	-75.3641	-75.3348	-75.3075	-75.2833	-75.2634	-75.2497	-75.2443	-75.2496	-75.268	-75.3013	-75.3509
3.985	-75.6096	-75.6834	-75.7573	-75.8125	-75.8474	-75.8653	-75.8699	-75.8648	-75.8526	-75.8354	-75.8144	-75.7908	-75.7653	-75.7383	-75.7103	-75.6813	-75.6517	-75.6215	-75.5908	-75.5597	-75.5282	-75.4965	-75.4648	-75.4331	-75.4018	-75.3713	-75.342	-75.3149	-75.2907	-75.271	-75.2573	-75.252	-75.2574	-75.2758	-75.309	-75.3585
3.99	-75.6151	-75.6888	-75.7627	-75.8179	-75.8528	-75.8707	-75.8754	-75.8704	-75.8582	-75.841	-75.8201	-75.7966	-75.7712	-75.7443	-75.7163	-75.6875	-75.6579	-75.6278	-75.5972	-75.5662	-75.5348	-75.5032	-75.4715	-75.44	-75.4088	-75.3784	-75.3493	-75.3222	-75.2982	-75.2785	-75.265	-75.2597	-75.2651	-75.2835	-75.3167	-75.3661
3.995	-75.6205	-75.6942	-75.7681	-75.8233	-75.8582	-75.8761	-75.8809	-75.8759	-75.8638	-75.8466	-75.8258	-75.8024	-75.777	-75.7502	-75.7223	-75.6936	-75.6641	-75.6341	-75.6036	-75.5727	-75.5414	-75.5099	-75.4783	-75.4469	-75.4158	-75.3855	-75.3565	-75.3295	-75.3056	-75.286	-75.2725	-75.2673	-75.2728	-75.2912	-75.3243	-75.3737
4	-75.626	-75.6996	-75.7735	-75.8286	-75.8636	-75.8815	-75.8863	-75.8814	-75.8694	-75.8523	-75.8315	-75.8082	-75.7829	-75.7562	-75.7284	-75.6997	-75.6703	-75.6404	-75.61	-75.5791	-75.548	-75.5166	-75.4851	-75.4537	-75.4228	-75.3926	-75.3636	-75.3368	-75.3129	-75.2935	-75.2801	-75.2749	-75.2804	-75.2988	-75.332	-75.3813
4.005	-75.6314	-75.705	-75.7788	-75.834	-75.8689	-75.8869	-75.8917	-75.8869	-75.8749	-75.8579	-75.8372	-75.8139	-75.7887	-75.7621	-75.7344	-75.7058	-75.6765	-75.6467	-75.6163	-75.5856	-75.5545	-75.5232	-75.4918	-75.4606	-75.4297	-75.3996	-75.3708	-75.344	-75.3203	-75.3009	-75.2876	-75.2825	-75.288	-75.3065	-75.3396	-75.3888
4.01	-75.6368	-75.7104	-75.7842	-75.8393	-75.8743	-75.8923	-75.8971	-75.8923	-75.8804	-75.8635	-75.8429	-75.8197	-75.7945	-75.768	-75.7403	-75.7118	-75.6827	-75.6529	-75.6226	-75.592	-75.561	-75.5298	-75.4985	-75.4674	-75.4366	-75.4066	-75.3779	-75.3513	-75.3276	-75.3083	-75.2951	-75.2901	-75.2956	-75.3141	-75.3471	-75.3963
4.015	-75.6422	-75.7158	-75.7895	-75.8446	-75.8796	-75.8976	-75.9025	-75.8978	-75.886	-75.8691	-75.8486	-75.8254	-75.8003	-75.7739	-75.7463	-75.7179	-75.6888	-75.6591	-75.629	-75.5984	-75.5675	-75.5364	-75.5052	-75.4742	-75.4435	-75.4136	-75.385	-75.3585	-75.3349	-75.3158	-75.3026	-75.2976	-75.3032	-75.3217	-75.3547	-75.4038
4.02	-75.6476	-75.7211	-75.7948	-75.8499	-75.8849	-75.903	-75.9079	-75.9032	-75.8915	-75.8746	-75.8542	-75.8311	-75.8061	-75.7797	-75.7523	-75.7239	-75.6949	-75.6653	-75.6352	-75.6048	-75.574	-75.543	-75.5119	-75.481	-75.4504	-75.4206	-75.3921	-75.3657	-75.3422	-75.3231	-75.3101	-75.3051	-75.3108	-75.3292	-75.3622	-75.4112
4.025	-75.653	-75.7264	-75.8001	-75.8552	-75.8902	-75.9083	-75.9133	-75.9087	-75.897	-75.8802	-75.8598	-75.8368	-75.8119	-75.7856	-75.7582	-75.7299	-75.701	-75.6715	-75.6415	-75.6111	-75.5804	-75.5495	-75.5186	-75.4877	-75.4573	-75.4276	-75.3992	-75.3728	-75.3495	-75.3305	-75.3175	-75.3126	-75.3183	-75.3367	-75.3697	-75.4187
4.03	-75.6583	-75.7318	-75.8054	-75.8605	-75.8955	-75.9136	-75.9187	-75.9141	-75.9024	-75.8857	-75.8654	-75.8425	-75.8177	-75.7914	-75.7641	-75.7359	-75.7071	-75.6777	-75.6478	-75.6175	-75.5869	-75.5561	-75.5252	-75.4945	-75.4641	-75.4345	-75.4062	-75.38	-75.3567	-75.3378	-75.3249	-75.3201	-75.3258	-75.3442	-75.3772	-75.426
4.035	-75.6637	-75.7371	-75.8107	-75.8658	-75.9008	-75.9189	-75.924	-75.9195	-75.9079	-75.8913	-75.871	-75.8482	-75.8234	-75.7972	-75.77	-75.7419	-75.7132	-75.6838	-75.654	-75.6238	-75.5933	-75.5626	-75.5318	-75.5012	-75.4709	-75.4414	-75.4133	-75.3871	-75.3639	-75.3451	-75.3323	-75.3275	-75.3333	-75.3517	-75.3846	-75.4334
4.04	-75.669	-75.7424	-75.816	-75.871	-75.906	-75.9242	-75.9294	-75.9249	-75.9133	-75.8968	-75.8766	-75.8538	-75.8291	-75.8031	-75.7759	-75.7479	-75.7192	-75.69	-75.6602	-75.6301	-75.5997	-75.5691	-75.5384	-75.5079	-75.4777	-75.4483	-75.4202	-75.3942	-75.3711	-75.3524	-75.3396	-75.3349	-75.3407	-75.3591	-75.392	-75.4408
4.045	-75.6743	-75.7477	-75.8212	-75.8763	-75.9113	-75.9295	-75.9347	-75.9302	-75.9188	-75.9023	-75.8822	-75.8595	-75.8349	-75.8088	-75.7818	-75.7538	-75.7252	-75.6961	-75.6664	-75.6364	-75.6061	-75.5756	-75.545	-75.5145	-75.4845	-75.4552	-75.4272	-75.4013	-75.3783	-75.3596	-75.3469	-75.3423	-75.3481	-75.3666	-75.3994	-75.4481
4.05	-75.6796	-75.753	-75.8265	-75.8815	-75.9165	-75.9347	-75.94	-75.9356	-75.9242	-75.9078	-75.8877	-75.8651	-75.8406	-75.8146	-75.7876	-75.7598	-75.7312	-75.7022	-75.6726	-75.6427	-75.6125	-75.582	-75.5515	-75.5212	-75.4912	-75.462	-75.4342	-75.4083	-75.3854	-75.3669	-75.3542	-75.3497	-75.3555	-75.374	-75.4067	-75.4554
4.055	-75.6849	-75.7582	-75.8317	-75.8867	-75.9217	-75.94	-75.9453	-75.9409	-75.9296	-75.9132	-75.8933	-75.8707	-75.8462	-75.8204	-75.7934	-75.7657	-75.7372	-75.7083	-75.6788	-75.649	-75.6188	-75.5885	-75.5581	-75.5278	-75.498	-75.4689	-75.4411	-75.4153	-75.3926	-75.3741	-75.3615	-75.357	-75.3629	-75.3813	-75.4141	-75.4626
4.06	-75.6902	-75.7635	-75.8369	-75.8919	-75.9269	-75.9452	-75.9505	-75.9463	-75.935	-75.9187	-75.8988	-75.8763	-75.8519	-75.8261	-75.7993	-75.7716	-75.7432	-75.7143	-75.6849	-75.6552	-75.6251	-75.5949	-75.5646	-75.5344	-75.5047	-75.4757	-75.448	-75.4223	-75.3997	-75.3812	-75.3688	-75.3643	-75.3702	-75.3887	-75.4214	-75.4699
4.065	-75.6955	-75.7687	-75.8421	-75.8971	-75.9322	-75.9505	-75.9558	-75.9516	-75.9404	-75.9241	-75.9043	-75.8819	-75.8576	-75.8318	-75.8051	-75.7775	-75.7492	-75.7204	-75.6911	-75.6614	-75.6314	-75.6013	-75.5711	-75.541	-75.5114	-75.4825	-75.4549	-75.4293	-75.4067	-75.3884	-75.376	-75.3716	-75.3775	-75.396	-75.4287	-75.4771
4.07	-75.7008	-75.7739	-75.8473	-75.9023	-75.9373	-75.9557	-75.9611	-75.9569	-75.9457	-75.9295	-75.9098	-75.8874	-75.8632	-75.8375	-75.8109	-75.7833	-75.7551	-75.7264	-75.6972	-75.6676	-75.6377	-75.6077	-75.5776	-75.5476	-75.518	-75.4892	-75.4617	-75.4363	-75.4138	-75.3955	-75.3832	-75.3789	-75.3848	-75.4033	-75.4359	-75.4843
4.075	-75.706	-75.7792	-75.8525	-75.9074	-75.9425	-75.9609	-75.9663	-75.9622	-75.9511	-75.935	-75.9153	-75.893	-75.8688	-75.8432	-75.8166	-75.7892	-75.7611	-75.7324	-75.7033	-75.6738	-75.644	-75.614	-75.584	-75.5541	-75.5247	-75.496	-75.4686	-75.4432	-75.4208	-75.4026	-75.3904	-75.3861	-75.3921	-75.4105	-75.4432	-75.4914
4.08	-75.7113	-75.7844	-75.8577	-75.9126	-75.9477	-75.9661	-75.9715	-75.9674	-75.9564	-75.9404	-75.9207	-75.8985	-75.8744	-75.8489	-75.8224	-75.795	-75.767	-75.7384	-75.7094	-75.68	-75.6503	-75.6204	-75.5905	-75.5607	-75.5313	-75.5027	-75.4754	-75.4501	-75.4278	-75.4097	-75.3976	-75.3933	-75.3993	-75.4178	-75.4504	-75.4986
4.085	-75.7165	-75.7896	-75.8628	-75.9177	-75.9528	-75.9712	-75.9768	-75.9727	-75.9617	-75.9457	-75.9262	-75.904	-75.88	-75.8546	-75.8281	-75.8008	-75.7729	-75.7444	-75.7154	-75.6861	-75.6565	-75.6267	-75.5969	-75.5672	-75.5379	-75.5094	-75.4822	-75.457	-75.4348	-75.4168	-75.4047	-75.4005	-75.4065	-75.425	-75.4576	-75.5057
4.09	-75.7217	-75.7947	-75.868	-75.9228	-75.958	-75.9764	-75.9819	-75.978	-75.967	-75.9511	-75.9316	-75.9095	-75.8856	-75.8602	-75.8338	-75.8066	-75.7788	-75.7503	-75.7215	-75.6922	-75.6627	-75.633	-75.6033	-75.5737	-75.5445	-75.5161	-75.489	-75.4639	-75.4417	-75.4238	-75.4118	-75.4077	-75.4137	-75.4322	-75.4647	-75.5128
4.095	-75.7269	-75.7999	-75.8731	-75.928	-75.9631	-75.9815	-75.9871	-75.9832	-75.9723	-75.9565	-75.937	-75.915	-75.8911	-75.8659	-75.8396	-75.8124	-75.7846	-75.7563	-75.7275	-75.6983	-75.6689	-75.6393	-75.6096	-75.5801	-75.551	-75.5227	-75.4957	-75.4707	-75.4487	-75.4308	-75.4189	-75.4148	-75.4209	-75.4394	-75.4718	-75.5198
4.1	-75.7321	-75.8051	-75.8782	-75.9331	-75.9682	-75.9867	-75.9923	-75.9884	-75.9776	-75.9618	-75.9424	-75.9205	-75.8967	-75.8715	-75.8452	-75.8182	-75.7905	-75.7622	-75.7335	-75.7044	-75.6751	-75.6456	-75.616	-75.5866	-75.5576	-75.5294	-75.5025	-75.4776	-75.4556	-75.4378	-75.426	-75.4219	-75.4281	-75.4465	-75.479	-75.5269
4.105	-75.7373	-75.8102	-75.8833	-75.9382	-75.9733	-75.9918	-75.9975	-75.9936	-75.9829	-75.9671	-75.9478	-75.926	-75.9022	-75.8771	-75.8509	-75.8239	-75.7963	-75.7681	-75.7395	-75.7105	-75.6813	-75.6518	-75.6224	-75.593	-75.5641	-75.536	-75.5092	-75.4844	-75.4625	-75.4448	-75.433	-75.429	-75.4352	-75.4536	-75.486	-75.5339
4.11	-75.7425	-75.8154	-75.8884	-75.9432	-75.9784	-75.9969	-76.0026	-75.9988	-75.9881	-75.9725	-75.9532	-75.9314	-75.9077	-75.8827	-75.8566	-75.8297	-75.8021	-75.774	-75.7455	-75.7166	-75.6874	-75.6581	-75.6287	-75.5994	-75.5706	-75.5426	-75.5159	-75.4911	-75.4694	-75.4518	-75.44	-75.4361	-75.4423	-75.4607	-75.4931	-75.5409
4.115	-75.7476	-75.8205	-75.8935	-75.9483	-75.9834	-76.002	-76.0078	-76.004	-75.9934	-75.9778	-75.9586	-75.9368	-75.9132	-75.8883	-75.8622	-75.8354	-75.8079	-75.7799	-75.7514	-75.7226	-75.6935	-75.6643	-75.635	-75.6058	-75.5771	-75.5492	-75.5225	-75.4979	-75.4762	-75.4587	-75.447	-75.4431	-75.4493	-75.4678	-75.5001	-75.5479
4.12	-75.7528	-75.8256	-75.8986	-75.9534	-75.9885	-76.0071	-76.0129	-76.0092	-75.9986	-75.983	-75.9639	-75.9423	-75.9187	-75.8938	-75.8679	-75.8411	-75.8137	-75.7858	-75.7574	-75.7287	-75.6996	-75.6705	-75.6413	-75.6122	-75.5836	-75.5557	-75.5292	-75.5046	-75.483	-75.4656	-75.454	-75.4502	-75.4564	-75.4748	-75.5071	-75.5548
4.125	-75.7579	-75.8307	-75.9036	-75.9584	-75.9936	-76.0122	-76.018	-76.0144	-76.0038	-75.9883	-75.9693	-75.9477	-75.9242	-75.8994	-75.8735	-75.8468	-75.8195	-75.7916	-75.7633	-75.7347	-75.7057	-75.6767	-75.6475	-75.6186	-75.59	-75.5623	-75.5358	-75.5114	-75.4898	-75.4725	-75.4609	-75.4572	-75.4634	-75.4819	-75.5141	-75.5617
4.13	-75.763	-75.8358	-75.9087	-75.9634	-75.9986	-76.0172	-76.0231	-76.0195	-76.009	-75.9936	-75.9746	-75.9531	-75.9297	-75.9049	-75.8791	-75.8525	-75.8252	-75.7974	-75.7692	-75.7407	-75.7118	-75.6828	-75.6538	-75.6249	-75.5965	-75.5688	-75.5424	-75.5181	-75.4966	-75.4793	-75.4679	-75.4641	-75.4704	-75.4889	-75.5211	-75.5686
4.135	-75.7682	-75.8409	-75.9137	-75.9685	-76.0036	-76.0223	-76.0282	-76.0246	-76.0142	-75.9988	-75.9799	-75.9584	-75.9351	-75.9104	-75.8847	-75.8581	-75.831	-75.8033	-75.7751	-75.7466	-75.7179	-75.689	-75.66	-75.6312	-75.6029	-75.5753	-75.549	-75.5247	-75.5034	-75.4862	-75.4748	-75.4711	-75.4774	-75.4958	-75.5281	-75.5755
4.14	-75.7733	-75.8459	-75.9188	-75.9735	-76.0086	-76.0273	-76.0333	-76.0298	-76.0194	-76.0041	-75.9852	-75.9638	-75.9405	-75.9159	-75.8903	-75.8638	-75.8367	-75.8091	-75.781	-75.7526	-75.7239	-75.6951	-75.6662	-75.6375	-75.6093	-75.5818	-75.5556	-75.5314	-75.5101	-75.493	-75.4816	-75.478	-75.4844	-75.5028	-75.535	-75.5824
4.145	-75.7783	-75.851	-75.9238	-75.9785	-76.0136	-76.0323	-76.0383	-76.0349	-76.0246	-76.0093	-75.9905	-75.9692	-75.946	-75.9214	-75.8958	-75.8694	-75.8424	-75.8148	-75.7869	-75.7585	-75.7299	-75.7012	-75.6724	-75.6438	-75.6156	-75.5882	-75.5621	-75.538	-75.5168	-75.4998	-75.4885	-75.4849	-75.4913	-75.5097	-75.5419	-75.5892
4.15	-75.7834	-75.856	-75.9288	-75.9835	-76.0186	-76.0374	-76.0434	-76.04	-76.0297	-76.0145	-75.9958	-75.9745	-75.9514	-75.9269	-75.9014	-75.875	-75.8481	-75.8206	-75.7927	-75.7645	-75.7359	-75.7073	-75.6786	-75.6501	-75.622	-75.5947	-75.5687	-75.5446	-75.5235	-75.5066	-75.4953	-75.4918	-75.4982	-75.5166	-75.5487	-75.596
4.155	-75.7885	-75.861	-75.9338	-75.9884	-76.0236	-76.0424	-76.0484	-76.0451	-76.0348	-76.0197	-76.001	-75.9798	-75.9568	-75.9323	-75.9069	-75.8806	-75.8538	-75.8264	-75.7985	-75.7704	-75.7419	-75.7134	-75.6848	-75.6563	-75.6283	-75.6011	-75.5752	-75.5512	-75.5302	-75.5133	-75.5022	-75.4987	-75.5051	-75.5235	-75.5556	-75.6028
4.16	-75.7936	-75.8661	-75.9387	-75.9934	-76.0286	-76.0474	-76.0535	-76.0501	-76.04	-76.0249	-76.0063	-75.9851	-75.9621	-75.9378	-75.9124	-75.8862	-75.8594	-75.8321	-75.8044	-75.7763	-75.7479	-75.7194	-75.6909	-75.6625	-75.6346	-75.6075	-75.5817	-75.5578	-75.5369	-75.5201	-75.509	-75.5055	-75.512	-75.5304	-75.5624	-75.6096
4.165	-75.7986	-75.8711	-75.9437	-75.9983	-76.0335	-76.0523	-76.0585	-76.0552	-76.0451	-76.0301	-76.0115	-75.9904	-75.9675	-75.9432	-75.9179	-75.8918	-75.8651	-75.8378	-75.8102	-75.7821	-75.7539	-75.7254	-75.697	-75.6688	-75.6409	-75.6139	-75.5881	-75.5644	-75.5435	-75.5268	-75.5157	-75.5124	-75.5188	-75.5372	-75.5692	-75.6163
4.17	-75.8036	-75.8761	-75.9487	-76.0033	-76.0385	-76.0573	-76.0635	-76.0602	-76.0502	-76.0352	-76.0167	-75.9957	-75.9728	-75.9486	-75.9234	-75.8974	-75.8707	-75.8435	-75.8159	-75.788	-75.7598	-75.7315	-75.7031	-75.6749	-75.6472	-75.6202	-75.5946	-75.5709	-75.5501	-75.5335	-75.5225	-75.5191	-75.5256	-75.5441	-75.576	-75.623
4.175	-75.8087	-75.8811	-75.9536	-76.0082	-76.0434	-76.0623	-76.0685	-76.0653	-76.0553	-76.0404	-76.0219	-76.001	-75.9782	-75.954	-75.9289	-75.9029	-75.8763	-75.8492	-75.8217	-75.7938	-75.7657	-75.7375	-75.7092	-75.6811	-75.6535	-75.6266	-75.601	-75.5774	-75.5567	-75.5401	-75.5292	-75.5259	-75.5324	-75.5509	-75.5828	-75.6297
4.18	-75.8137	-75.886	-75.9586	-76.0131	-76.0483	-76.0672	-76.0734	-76.0703	-76.0604	-76.0455	-76.0271	-76.0062	-75.9835	-75.9594	-75.9343	-75.9084	-75.8819	-75.8549	-75.8274	-75.7997	-75.7716	-75.7435	-75.7153	-75.6873	-75.6597	-75.6329	-75.6074	-75.5839	-75.5633	-75.5468	-75.5359	-75.5327	-75.5392	-75.5576	-75.5895	-75.6364
4.185	-75.8187	-75.891	-75.9635	-76.018	-76.0532	-76.0721	-76.0784	-76.0753	-76.0654	-76.0506	-76.0323	-76.0115	-75.9888	-75.9648	-75.9398	-75.9139	-75.8875	-75.8605	-75.8332	-75.8055	-75.7775	-75.7494	-75.7213	-75.6934	-75.6659	-75.6392	-75.6138	-75.5904	-75.5699	-75.5534	-75.5426	-75.5394	-75.546	-75.5644	-75.5962	-75.643
4.19	-75.8237	-75.896	-75.9684	-76.0229	-76.0581	-76.0771	-76.0834	-76.0803	-76.0705	-76.0557	-76.0375	-76.0167	-75.9941	-75.9702	-75.9452	-75.9194	-75.8931	-75.8662	-75.8389	-75.8113	-75.7834	-75.7554	-75.7274	-75.6995	-75.6721	-75.6455	-75.6202	-75.5969	-75.5764	-75.56	-75.5493	-75.5461	-75.5527	-75.5711	-75.6029	-75.6497
4.195	-75.8287	-75.9009	-75.9733	-76.0278	-76.063	-76.082	-76.0883	-76.0853	-76.0755	-76.0608	-76.0426	-76.0219	-75.9994	-75.9755	-75.9506	-75.9249	-75.8986	-75.8718	-75.8446	-75.8171	-75.7893	-75.7613	-75.7334	-75.7056	-75.6783	-75.6518	-75.6266	-75.6033	-75.5829	-75.5666	-75.5559	-75.5528	-75.5594	-75.5778	-75.6096	-75.6563
4.2	-75.8336	-75.9058	-75.9782	-76.0327	-76.0679	-76.0869	-76.0932	-76.0903	-76.0805	-76.0659	-76.0478	-76.0271	-76.0047	-75.9808	-75.956	-75.9304	-75.9042	-75.8774	-75.8503	-75.8228	-75.7951	-75.7673	-75.7394	-75.7117	-75.6845	-75.658	-75.6329	-75.6097	-75.5894	-75.5732	-75.5626	-75.5595	-75.5661	-75.5845	-75.6163	-75.6629
4.205	-75.8386	-75.9108	-75.9831	-76.0376	-76.0728	-76.0918	-76.0982	-76.0953	-76.0856	-76.071	-76.0529	-76.0323	-76.0099	-75.9862	-75.9614	-75.9359	-75.9097	-75.883	-75.856	-75.8286	-75.8009	-75.7732	-75.7454	-75.7178	-75.6906	-75.6643	-75.6392	-75.6161	-75.5959	-75.5797	-75.5692	-75.5661	-75.5728	-75.5912	-75.6229	-75.6694
4.21	-75.8436	-75.9157	-75.9879	-76.0424	-76.0776	-76.0966	-76.1031	-76.1002	-76.0906	-76.076	-76.058	-76.0375	-76.0152	-75.9915	-75.9668	-75.9413	-75.9152	-75.8886	-75.8616	-75.8343	-75.8067	-75.779	-75.7514	-75.7238	-75.6968	-75.6705	-75.6455	-75.6225	-75.6023	-75.5862	-75.5758	-75.5728	-75.5794	-75.5978	-75.6295	-75.676
4.215	-75.8485	-75.9206	-75.9928	-76.0473	-76.0825	-76.1015	-76.108	-76.1051	-76.0956	-76.0811	-76.0631	-76.0427	-76.0204	-75.9968	-75.9721	-75.9467	-75.9207	-75.8942	-75.8673	-75.84	-75.8125	-75.7849	-75.7573	-75.7299	-75.7029	-75.6767	-75.6518	-75.6289	-75.6088	-75.5928	-75.5823	-75.5794	-75.5861	-75.6045	-75.6361	-75.6825
4.22	-75.8534	-75.9255	-75.9977	-76.0521	-76.0873	-76.1063	-76.1129	-76.1101	-76.1005	-76.0861	-76.0682	-76.0478	-76.0256	-76.002	-75.9775	-75.9521	-75.9262	-75.8997	-75.8729	-75.8457	-75.8183	-75.7908	-75.7632	-75.7359	-75.709	-75.6829	-75.6581	-75.6352	-75.6152	-75.5992	-75.5889	-75.586	-75.5927	-75.6111	-75.6427	-75.689
4.225	-75.8583	-75.9303	-76.0025	-76.0569	-76.0921	-76.1112	-76.1177	-76.115	-76.1055	-76.0911	-76.0733	-76.053	-76.0308	-76.0073	-75.9828	-75.9575	-75.9317	-75.9053	-75.8785	-75.8514	-75.8241	-75.7966	-75.7692	-75.7419	-75.7151	-75.689	-75.6643	-75.6415	-75.6216	-75.6057	-75.5954	-75.5925	-75.5993	-75.6176	-75.6492	-75.6955
4.23	-75.8633	-75.9352	-76.0073	-76.0617	-76.0969	-76.116	-76.1226	-76.1199	-76.1105	-76.0962	-76.0784	-76.0581	-76.036	-76.0126	-75.9881	-75.9629	-75.9371	-75.9108	-75.8841	-75.8571	-75.8298	-75.8024	-75.7751	-75.7479	-75.7211	-75.6952	-75.6705	-75.6478	-75.628	-75.6122	-75.6019	-75.5991	-75.6058	-75.6242	-75.6557	-75.702
4.235	-75.8682	-75.9401	-76.0121	-76.0665	-76.1017	-76.1208	-76.1275	-76.1248	-76.1154	-76.1012	-76.0834	-76.0632	-76.0412	-76.0178	-75.9934	-75.9683	-75.9426	-75.9163	-75.8897	-75.8627	-75.8356	-75.8083	-75.7809	-75.7538	-75.7272	-75.7013	-75.6767	-75.6541	-75.6343	-75.6186	-75.6084	-75.6056	-75.6124	-75.6307	-75.6623	-75.7084
4.24	-75.873	-75.9449	-76.017	-76.0713	-76.1065	-76.1256	-76.1323	-76.1297	-76.1203	-76.1061	-76.0885	-76.0683	-76.0463	-76.023	-75.9987	-75.9737	-75.948	-75.9218	-75.8953	-75.8684	-75.8413	-75.814	-75.7868	-75.7598	-75.7332	-75.7074	-75.6829	-75.6604	-75.6407	-75.625	-75.6148	-75.6121	-75.6189	-75.6373	-75.6687	-75.7148
4.245	-75.8779	-75.9497	-76.0217	-76.0761	-76.1113	-76.1304	-76.1371	-76.1346	-76.1253	-76.1111	-76.0935	-76.0734	-76.0515	-76.0282	-76.004	-75.979	-75.9534	-75.9273	-75.9008	-75.874	-75.847	-75.8198	-75.7927	-75.7657	-75.7392	-75.7135	-75.6891	-75.6666	-75.647	-75.6314	-75.6213	-75.6186	-75.6254	-75.6438	-75.6752	-75.7212
4.25	-75.8828	-75.9546	-76.0265	-76.0808	-76.1161	-76.1352	-76.1419	-76.1394	-76.1302	-76.1161	-76.0985	-76.0785	-76.0566	-76.0334	-76.0093	-75.9843	-75.9588	-75.9328	-75.9063	-75.8796	-75.8527	-75.8256	-75.7985	-75.7716	-75.7452	-75.7196	-75.6953	-75.6729	-75.6533	-75.6377	-75.6277	-75.6251	-75.6319	-75.6502	-75.6816	-75.7276
4.255	-75.8877	-75.9594	-76.0313	-76.0856	-76.1208	-76.14	-76.1468	-76.1443	-76.1351	-76.121	-76.1035	-76.0835	-76.0617	-76.0386	-76.0145	-75.9896	-75.9642	-75.9382	-75.9119	-75.8852	-75.8583	-75.8313	-75.8043	-75.7775	-75.7512	-75.7256	-75.7014	-75.6791	-75.6596	-75.6441	-75.6341	-75.6315	-75.6384	-75.6567	-75.6881	-75.734
4.26	-75.8925	-75.9642	-76.0361	-76.0903	-76.1256	-76.1448	-76.1516	-76.1491	-76.1399	-76.126	-76.1085	-76.0886	-76.0669	-76.0438	-76.0198	-75.995	-75.9696	-75.9437	-75.9174	-75.8908	-75.864	-75.8371	-75.8101	-75.7834	-75.7571	-75.7317	-75.7075	-75.6853	-75.6659	-75.6504	-75.6405	-75.638	-75.6448	-75.6631	-75.6945	-75.7403
4.265	-75.8973	-75.969	-76.0408	-76.0951	-76.1303	-76.1495	-76.1563	-76.1539	-76.1448	-76.1309	-76.1135	-76.0936	-76.072	-76.049	-76.025	-76.0002	-75.9749	-75.9491	-75.9229	-75.8964	-75.8696	-75.8428	-75.8159	-75.7893	-75.7631	-75.7377	-75.7136	-75.6914	-75.6721	-75.6567	-75.6469	-75.6444	-75.6513	-75.6696	-75.7009	-75.7466
4.27	-75.9022	-75.9738	-76.0456	-76.0998	-76.135	-76.1543	-76.1611	-76.1587	-76.1497	-76.1358	-76.1185	-76.0987	-76.077	-76.0541	-76.0302	-76.0055	-75.9803	-75.9545	-75.9284	-75.9019	-75.8753	-75.8485	-75.8217	-75.7951	-75.769	-75.7437	-75.7197	-75.6976	-75.6783	-75.663	-75.6532	-75.6507	-75.6577	-75.676	-75.7072	-75.7529
4.275	-75.907	-75.9786	-76.0503	-76.1045	-76.1398	-76.159	-76.1659	-76.1636	-76.1545	-76.1407	-76.1234	-76.1037	-76.0821	-76.0593	-76.0354	-76.0108	-75.9856	-75.9599	-75.9338	-75.9074	-75.8809	-75.8541	-75.8275	-75.801	-75.7749	-75.7497	-75.7258	-75.7037	-75.6845	-75.6693	-75.6596	-75.6571	-75.664	-75.6824	-75.7136	-75.7592
4.28	-75.9118	-75.9833	-76.055	-76.1092	-76.1445	-76.1637	-76.1706	-76.1684	-76.1594	-76.1456	-76.1284	-76.1087	-76.0872	-76.0644	-76.0406	-76.016	-75.9909	-75.9653	-75.9393	-75.913	-75.8865	-75.8598	-75.8332	-75.8068	-75.7808	-75.7557	-75.7318	-75.7099	-75.6907	-75.6756	-75.6659	-75.6635	-75.6704	-75.6887	-75.7199	-75.7655
4.285	-75.9166	-75.9881	-76.0597	-76.1139	-76.1492	-76.1684	-76.1754	-76.1731	-76.1642	-76.1505	-76.1333	-76.1137	-76.0922	-76.0695	-76.0458	-76.0213	-75.9962	-75.9706	-75.9447	-75.9185	-75.892	-75.8655	-75.8389	-75.8126	-75.7867	-75.7616	-75.7378	-75.716	-75.6969	-75.6818	-75.6722	-75.6698	-75.6768	-75.6951	-75.7262	-75.7717
4.29	-75.9214	-75.9928	-76.0645	-76.1186	-76.1538	-76.1731	-76.1801	-76.1779	-76.169	-76.1554	-76.1382	-76.1187	-76.0973	-76.0746	-76.0509	-76.0265	-76.0015	-75.976	-75.9501	-75.924	-75.8976	-75.8711	-75.8446	-75.8184	-75.7926	-75.7676	-75.7439	-75.7221	-75.7031	-75.688	-75.6784	-75.6761	-75.6831	-75.7014	-75.7325	-75.7779
4.295	-75.9262	-75.9976	-76.0691	-76.1233	-76.1585	-76.1778	-76.1848	-76.1827	-76.1738	-76.1602	-76.1432	-76.1236	-76.1023	-76.0797	-76.0561	-76.0317	-76.0068	-75.9814	-75.9556	-75.9295	-75.9031	-75.8767	-75.8503	-75.8242	-75.7984	-75.7735	-75.7498	-75.7281	-75.7092	-75.6942	-75.6847	-75.6824	-75.6894	-75.7077	-75.7388	-75.7841
4.3	-75.9309	-76.0023	-76.0738	-76.1279	-76.1632	-76.1825	-76.1895	-76.1874	-76.1786	-76.1651	-76.148	-76.1286	-76.1073	-76.0848	-76.0612	-76.0369	-76.012	-75.9867	-75.961	-75.9349	-75.9087	-75.8823	-75.856	-75.8299	-75.8043	-75.7794	-75.7558	-75.7342	-75.7153	-75.7004	-75.6909	-75.6887	-75.6957	-75.714	-75.745	-75.7903
4.305	-75.9357	-76.007	-76.0785	-76.1326	-76.1678	-76.1872	-76.1942	-76.1922	-76.1834	-76.1699	-76.1529	-76.1335	-76.1123	-76.0898	-76.0663	-76.0421	-76.0173	-75.992	-75.9663	-75.9404	-75.9142	-75.8879	-75.8617	-75.8356	-75.8101	-75.7853	-75.7618	-75.7402	-75.7214	-75.7066	-75.6972	-75.6949	-75.702	-75.7202	-75.7512	-75.7965
4.31	-75.9404	-76.0117	-76.0832	-76.1372	-76.1725	-76.1918	-76.1989	-76.1969	-76.1882	-76.1747	-76.1578	-76.1385	-76.1173	-76.0949	-76.0714	-76.0473	-76.0225	-75.9973	-75.9717	-75.9458	-75.9197	-75.8935	-75.8673	-75.8414	-75.8159	-75.7912	-75.7677	-75.7462	-75.7275	-75.7127	-75.7034	-75.7012	-75.7082	-75.7265	-75.7574	-75.8026
4.315	-75.9452	-76.0164	-76.0878	-76.1419	-76.1771	-76.1965	-76.2036	-76.2016	-76.193	-76.1795	-76.1627	-76.1434	-76.1223	-76.0999	-76.0765	-76.0524	-76.0277	-76.0026	-75.9771	-75.9512	-75.9252	-75.8991	-75.873	-75.8471	-75.8216	-75.797	-75.7737	-75.7522	-75.7336	-75.7189	-75.7095	-75.7074	-75.7145	-75.7327	-75.7636	-75.8088
4.32	-75.9499	-76.0211	-76.0925	-76.1465	-76.1817	-76.2011	-76.2083	-76.2063	-76.1977	-76.1843	-76.1675	-76.1483	-76.1273	-76.1049	-76.0816	-76.0576	-76.033	-76.0079	-75.9824	-75.9566	-75.9307	-75.9046	-75.8786	-75.8528	-75.8274	-75.8029	-75.7796	-75.7582	-75.7397	-75.725	-75.7157	-75.7136	-75.7207	-75.7389	-75.7698	-75.8149
4.325	-75.9546	-76.0258	-76.0971	-76.1511	-76.1863	-76.2058	-76.2129	-76.211	-76.2024	-76.1891	-76.1724	-76.1532	-76.1322	-76.1099	-76.0867	-76.0627	-76.0382	-76.0131	-75.9877	-75.962	-75.9361	-75.9102	-75.8842	-75.8585	-75.8332	-75.8087	-75.7855	-75.7642	-75.7457	-75.7311	-75.7218	-75.7198	-75.7269	-75.7451	-75.776	-75.821
4.33	-75.9594	-76.0304	-76.1017	-76.1557	-76.1909	-76.2104	-76.2176	-76.2157	-76.2072	-76.1939	-76.1772	-76.1581	-76.1372	-76.1149	-76.0918	-76.0678	-76.0433	-76.0184	-75.993	-75.9674	-75.9416	-75.9157	-75.8898	-75.8641	-75.8389	-75.8145	-75.7914	-75.7701	-75.7517	-75.7372	-75.728	-75.7259	-75.7331	-75.7513	-75.7821	-75.827
4.335	-75.9641	-76.0351	-76.1063	-76.1603	-76.1955	-76.215	-76.2222	-76.2204	-76.2119	-76.1987	-76.182	-76.1629	-76.1421	-76.1199	-76.0968	-76.073	-76.0485	-76.0236	-75.9983	-75.9728	-75.947	-75.9212	-75.8954	-75.8698	-75.8446	-75.8203	-75.7972	-75.7761	-75.7577	-75.7432	-75.7341	-75.7321	-75.7392	-75.7574	-75.7882	-75.8331
4.34	-75.9688	-76.0397	-76.1109	-76.1649	-76.2001	-76.2196	-76.2268	-76.225	-76.2166	-76.2034	-76.1868	-76.1678	-76.147	-76.1249	-76.1019	-76.078	-76.0537	-76.0288	-76.0036	-75.9781	-75.9525	-75.9267	-75.9009	-75.8754	-75.8503	-75.8261	-75.8031	-75.782	-75.7637	-75.7493	-75.7402	-75.7382	-75.7454	-75.7636	-75.7943	-75.8391
4.345	-75.9734	-76.0444	-76.1155	-76.1694	-76.2047	-76.2242	-76.2315	-76.2297	-76.2213	-76.2082	-76.1916	-76.1727	-76.1519	-76.1299	-76.1069	-76.0831	-76.0588	-76.034	-76.0089	-75.9835	-75.9579	-75.9322	-75.9065	-75.881	-75.856	-75.8318	-75.8089	-75.7879	-75.7697	-75.7553	-75.7463	-75.7443	-75.7515	-75.7697	-75.8004	-75.8451
4.35	-75.9781	-76.049	-76.1201	-76.174	-76.2092	-76.2287	-76.2361	-76.2343	-76.226	-76.2129	-76.1964	-76.1775	-76.1568	-76.1348	-76.1119	-76.0882	-76.0639	-76.0392	-76.0142	-75.9888	-75.9633	-75.9376	-75.912	-75.8866	-75.8617	-75.8376	-75.8147	-75.7938	-75.7756	-75.7613	-75.7523	-75.7504	-75.7576	-75.7758	-75.8065	-75.8512
4.355	-75.9828	-76.0536	-76.1247	-76.1786	-76.2138	-76.2333	-76.2407	-76.239	-76.2307	-76.2176	-76.2012	-76.1823	-76.1617	-76.1398	-76.1169	-76.0933	-76.0691	-76.0444	-76.0194	-75.9941	-75.9686	-75.9431	-75.9175	-75.8922	-75.8673	-75.8433	-75.8205	-75.7997	-75.7815	-75.7673	-75.7584	-75.7565	-75.7637	-75.7819	-75.8125	-75.8571
4.36	-75.9874	-76.0582	-76.1293	-76.1831	-76.2183	-76.2379	-76.2452	-76.2436	-76.2353	-76.2224	-76.206	-76.1871	-76.1666	-76.1447	-76.1219	-76.0983	-76.0742	-76.0496	-76.0247	-75.9994	-75.974	-75.9485	-75.923	-75.8978	-75.873	-75.849	-75.8263	-75.8055	-75.7875	-75.7733	-75.7644	-75.7626	-75.7698	-75.7879	-75.8185	-75.8631
4.365	-75.9921	-76.0628	-76.1338	-76.1876	-76.2229	-76.2424	-76.2498	-76.2482	-76.24	-76.2271	-76.2107	-76.192	-76.1714	-76.1496	-76.1269	-76.1033	-76.0793	-76.0548	-76.0299	-76.0047	-75.9794	-75.9539	-75.9285	-75.9033	-75.8786	-75.8547	-75.8321	-75.8113	-75.7934	-75.7792	-75.7704	-75.7686	-75.7758	-75.794	-75.8245	-75.869
4.37	-75.9967	-76.0674	-76.1384	-76.1922	-76.2274	-76.247	-76.2544	-76.2528	-76.2446	-76.2318	-76.2155	-76.1968	-76.1763	-76.1545	-76.1318	-76.1084	-76.0844	-76.0599	-76.0351	-76.01	-75.9847	-75.9593	-75.934	-75.9089	-75.8842	-75.8604	-75.8378	-75.8172	-75.7992	-75.7852	-75.7764	-75.7746	-75.7818	-75.8	-75.8305	-75.875
4.375	-76.0013	-76.072	-76.1429	-76.1967	-76.2319	-76.2515	-76.2589	-76.2574	-76.2493	-76.2364	-76.2202	-76.2015	-76.1811	-76.1594	-76.1368	-76.1134	-76.0894	-76.065	-76.0403	-76.0152	-75.99	-75.9647	-75.9394	-75.9144	-75.8898	-75.8661	-75.8436	-75.823	-75.8051	-75.7911	-75.7823	-75.7806	-75.7879	-75.806	-75.8365	-75.8809
4.38	-76.006	-76.0766	-76.1474	-76.2012	-76.2364	-76.256	-76.2635	-76.262	-76.2539	-76.2411	-76.2249	-76.2063	-76.186	-76.1643	-76.1417	-76.1184	-76.0945	-76.0702	-76.0455	-76.0205	-75.9953	-75.9701	-75.9449	-75.9199	-75.8954	-75.8717	-75.8493	-75.8288	-75.811	-75.797	-75.7883	-75.7866	-75.7939	-75.812	-75.8425	-75.8868
4.385	-76.0106	-76.0811	-76.152	-76.2057	-76.2409	-76.2605	-76.268	-76.2665	-76.2585	-76.2458	-76.2296	-76.2111	-76.1908	-76.1692	-76.1466	-76.1234	-76.0995	-76.0753	-76.0506	-76.0257	-76.0006	-75.9755	-75.9503	-75.9254	-75.901	-75.8774	-75.855	-75.8345	-75.8168	-75.8029	-75.7942	-75.7926	-75.7999	-75.818	-75.8484	-75.8927
4.39	-76.0152	-76.0857	-76.1565	-76.2102	-76.2454	-76.265	-76.2726	-76.2711	-76.2631	-76.2504	-76.2343	-76.2158	-76.1956	-76.174	-76.1516	-76.1283	-76.1046	-76.0804	-76.0558	-76.0309	-76.0059	-75.9808	-75.9557	-75.9309	-75.9065	-75.883	-75.8607	-75.8403	-75.8226	-75.8088	-75.8002	-75.7985	-75.8058	-75.8239	-75.8543	-75.8985
4.395	-76.0198	-76.0902	-76.161	-76.2146	-76.2499	-76.2695	-76.2771	-76.2757	-76.2677	-76.2551	-76.239	-76.2206	-76.2004	-76.1789	-76.1565	-76.1333	-76.1096	-76.0854	-76.0609	-76.0361	-76.0112	-75.9861	-75.9611	-75.9364	-75.9121	-75.8886	-75.8664	-75.846	-75.8284	-75.8146	-75.8061	-75.8045	-75.8118	-75.8299	-75.8602	-75.9044
4.4	-76.0243	-76.0948	-76.1655	-76.2191	-76.2543	-76.274	-76.2816	-76.2802	-76.2723	-76.2597	-76.2437	-76.2253	-76.2052	-76.1837	-76.1614	-76.1383	-76.1146	-76.0905	-76.0661	-76.0413	-76.0164	-75.9915	-75.9665	-75.9418	-75.9176	-75.8942	-75.872	-75.8518	-75.8342	-75.8205	-75.812	-75.8104	-75.8177	-75.8358	-75.8661	-75.9102
4.405	-76.0289	-76.0993	-76.1699	-76.2236	-76.2588	-76.2785	-76.2861	-76.2847	-76.2769	-76.2643	-76.2484	-76.23	-76.2099	-76.1886	-76.1662	-76.1432	-76.1196	-76.0956	-76.0712	-76.0465	-76.0217	-75.9968	-75.9719	-75.9473	-75.9231	-75.8998	-75.8777	-75.8575	-75.84	-75.8263	-75.8178	-75.8163	-75.8236	-75.8417	-75.872	-75.916
4.41	-76.0335	-76.1038	-76.1744	-76.228	-76.2632	-76.2829	-76.2906	-76.2893	-76.2814	-76.2689	-76.253	-76.2347	-76.2147	-76.1934	-76.1711	-76.1481	-76.1246	-76.1006	-76.0763	-76.0517	-76.0269	-76.0021	-75.9773	-75.9527	-75.9286	-75.9053	-75.8833	-75.8632	-75.8457	-75.8321	-75.8237	-75.8222	-75.8295	-75.8476	-75.8778	-75.9218
4.415	-76.038	-76.1083	-76.1789	-76.2325	-76.2677	-76.2874	-76.295	-76.2938	-76.286	-76.2735	-76.2577	-76.2394	-76.2194	-76.1982	-76.176	-76.1531	-76.1296	-76.1057	-76.0814	-76.0569	-76.0321	-76.0074	-75.9826	-75.9581	-75.9341	-75.9109	-75.8889	-75.8688	-75.8515	-75.8379	-75.8295	-75.828	-75.8354	-75.8534	-75.8837	-75.9276
4.42	-76.0426	-76.1128	-76.1833	-76.2369	-76.2721	-76.2918	-76.2995	-76.2983	-76.2905	-76.2781	-76.2623	-76.2441	-76.2242	-76.203	-76.1808	-76.158	-76.1345	-76.1107	-76.0865	-76.062	-76.0373	-76.0126	-75.988	-75.9635	-75.9396	-75.9164	-75.8945	-75.8745	-75.8572	-75.8437	-75.8353	-75.8339	-75.8413	-75.8593	-75.8895	-75.9333
4.425	-76.0471	-76.1173	-76.1878	-76.2413	-76.2765	-76.2962	-76.304	-76.3028	-76.2951	-76.2827	-76.2669	-76.2488	-76.2289	-76.2078	-76.1857	-76.1628	-76.1395	-76.1157	-76.0915	-76.0671	-76.0425	-76.0179	-75.9933	-75.9689	-75.945	-75.9219	-75.9001	-75.8802	-75.8629	-75.8494	-75.8411	-75.8397	-75.8471	-75.8651	-75.8953	-75.9391
4.43	-76.0516	-76.1218	-76.1922	-76.2457	-76.2809	-76.3007	-76.3084	-76.3073	-76.2996	-76.2872	-76.2716	-76.2535	-76.2336	-76.2125	-76.1905	-76.1677	-76.1444	-76.1207	-76.0966	-76.0722	-76.0477	-76.0231	-75.9986	-75.9743	-75.9505	-75.9274	-75.9057	-75.8858	-75.8686	-75.8552	-75.8469	-75.8455	-75.8529	-75.871	-75.9011	-75.9448
4.435	-76.0562	-76.1263	-76.1966	-76.2501	-76.2853	-76.3051	-76.3129	-76.3117	-76.3041	-76.2918	-76.2762	-76.2581	-76.2383	-76.2173	-76.1953	-76.1726	-76.1493	-76.1257	-76.1016	-76.0773	-76.0529	-76.0284	-76.0039	-75.9796	-75.9559	-75.9329	-75.9112	-75.8914	-75.8743	-75.8609	-75.8527	-75.8513	-75.8587	-75.8768	-75.9068	-75.9505
4.44	-76.0607	-76.1307	-76.2011	-76.2545	-76.2897	-76.3095	-76.3173	-76.3162	-76.3086	-76.2964	-76.2808	-76.2628	-76.243	-76.222	-76.2001	-76.1775	-76.1543	-76.1306	-76.1067	-76.0824	-76.058	-76.0336	-76.0092	-75.985	-75.9613	-75.9384	-75.9168	-75.897	-75.8799	-75.8666	-75.8585	-75.8571	-75.8645	-75.8826	-75.9126	-75.9562
4.445	-76.0652	-76.1352	-76.2055	-76.2589	-76.2941	-76.3139	-76.3217	-76.3206	-76.3131	-76.3009	-76.2853	-76.2674	-76.2477	-76.2268	-76.2049	-76.1823	-76.1592	-76.1356	-76.1117	-76.0875	-76.0632	-76.0388	-76.0144	-75.9903	-75.9667	-75.9439	-75.9223	-75.9026	-75.8856	-75.8723	-75.8642	-75.8629	-75.8703	-75.8883	-75.9183	-75.9619
4.45	-76.0697	-76.1396	-76.2099	-76.2633	-76.2985	-76.3183	-76.3261	-76.3251	-76.3176	-76.3054	-76.2899	-76.272	-76.2524	-76.2315	-76.2097	-76.1871	-76.1641	-76.1405	-76.1167	-76.0926	-76.0683	-76.044	-76.0197	-75.9956	-75.9721	-75.9493	-75.9278	-75.9082	-75.8912	-75.878	-75.8699	-75.8687	-75.8761	-75.8941	-75.9241	-75.9675
4.455	-76.0742	-76.1441	-76.2143	-76.2677	-76.3028	-76.3226	-76.3305	-76.3295	-76.3221	-76.3099	-76.2945	-76.2766	-76.2571	-76.2362	-76.2144	-76.192	-76.1689	-76.1455	-76.1217	-76.0976	-76.0734	-76.0491	-76.0249	-76.0009	-75.9774	-75.9548	-75.9333	-75.9137	-75.8968	-75.8837	-75.8756	-75.8744	-75.8819	-75.8998	-75.9298	-75.9732
4.46	-76.0786	-76.1485	-76.2187	-76.272	-76.3072	-76.327	-76.3349	-76.3339	-76.3265	-76.3145	-76.299	-76.2812	-76.2617	-76.2409	-76.2192	-76.1968	-76.1738	-76.1504	-76.1267	-76.1027	-76.0785	-76.0543	-76.0302	-76.0062	-75.9828	-75.9602	-75.9388	-75.9193	-75.9024	-75.8893	-75.8813	-75.8801	-75.8876	-75.9055	-75.9354	-75.9788
4.465	-76.0831	-76.1529	-76.223	-76.2764	-76.3115	-76.3314	-76.3393	-76.3384	-76.331	-76.3189	-76.3036	-76.2858	-76.2664	-76.2456	-76.224	-76.2016	-76.1787	-76.1553	-76.1317	-76.1077	-76.0836	-76.0595	-76.0354	-76.0115	-75.9881	-75.9656	-75.9443	-75.9248	-75.908	-75.895	-75.887	-75.8858	-75.8933	-75.9112	-75.9411	-75.9844
4.47	-76.0876	-76.1573	-76.2274	-76.2807	-76.3159	-76.3357	-76.3437	-76.3428	-76.3354	-76.3234	-76.3081	-76.2904	-76.271	-76.2503	-76.2287	-76.2064	-76.1835	-76.1602	-76.1366	-76.1127	-76.0887	-76.0646	-76.0406	-76.0168	-75.9935	-75.971	-75.9497	-75.9303	-75.9136	-75.9006	-75.8927	-75.8915	-75.899	-75.9169	-75.9468	-75.99
4.475	-76.092	-76.1617	-76.2318	-76.285	-76.3202	-76.34	-76.348	-76.3472	-76.3399	-76.3279	-76.3126	-76.295	-76.2756	-76.255	-76.2334	-76.2112	-76.1884	-76.1651	-76.1416	-76.1177	-76.0938	-76.0697	-76.0458	-76.022	-75.9988	-75.9763	-75.9552	-75.9358	-75.9192	-75.9062	-75.8983	-75.8972	-75.9047	-75.9226	-75.9524	-75.9956
4.48	-76.0965	-76.1661	-76.2361	-76.2894	-76.3245	-76.3444	-76.3524	-76.3516	-76.3443	-76.3324	-76.3172	-76.2996	-76.2802	-76.2596	-76.2381	-76.2159	-76.1932	-76.17	-76.1465	-76.1227	-76.0988	-76.0749	-76.0509	-76.0273	-76.0041	-75.9817	-75.9606	-75.9413	-75.9247	-75.9118	-75.904	-75.9029	-75.9104	-75.9283	-75.958	-76.0012
4.485	-76.1009	-76.1705	-76.2404	-76.2937	-76.3288	-76.3487	-76.3567	-76.3559	-76.3487	-76.3368	-76.3217	-76.3041	-76.2848	-76.2643	-76.2428	-76.2207	-76.198	-76.1749	-76.1514	-76.1277	-76.1039	-76.0799	-76.0561	-76.0325	-76.0094	-75.9871	-75.966	-75.9468	-75.9302	-75.9174	-75.9096	-75.9085	-75.916	-75.9339	-75.9636	-76.0067
4.49	-76.1053	-76.1749	-76.2448	-76.298	-76.3331	-76.353	-76.3611	-76.3603	-76.3531	-76.3413	-76.3262	-76.3086	-76.2894	-76.2689	-76.2475	-76.2254	-76.2028	-76.1797	-76.1563	-76.1327	-76.1089	-76.085	-76.0613	-76.0377	-76.0146	-75.9924	-75.9714	-75.9522	-75.9357	-75.9229	-75.9152	-75.9141	-75.9217	-75.9395	-75.9692	-76.0122
4.495	-76.1097	-76.1793	-76.2491	-76.3023	-76.3374	-76.3573	-76.3654	-76.3647	-76.3575	-76.3457	-76.3306	-76.3132	-76.294	-76.2736	-76.2522	-76.2302	-76.2076	-76.1846	-76.1612	-76.1377	-76.1139	-76.0901	-76.0664	-76.0429	-76.0199	-75.9977	-75.9768	-75.9577	-75.9412	-75.9285	-75.9208	-75.9198	-75.9273	-75.9452	-75.9748	-76.0178
4.5	-76.1141	-76.1836	-76.2534	-76.3066	-76.3417	-76.3616	-76.3697	-76.369	-76.3619	-76.3502	-76.3351	-76.3177	-76.2986	-76.2782	-76.2569	-76.2349	-76.2124	-76.1894	-76.1661	-76.1426	-76.1189	-76.0952	-76.0715	-76.0481	-76.0252	-76.003	-75.9821	-75.9631	-75.9467	-75.934	-75.9263	-75.9254	-75.9329	-75.9508	-75.9804	-76.0233
4.505	-76.1185	-76.188	-76.2577	-76.3109	-76.346	-76.3659	-76.374	-76.3734	-76.3663	-76.3546	-76.3396	-76.3222	-76.3031	-76.2828	-76.2616	-76.2396	-76.2171	-76.1942	-76.171	-76.1475	-76.1239	-76.1002	-76.0766	-76.0533	-76.0304	-76.0083	-75.9875	-75.9685	-75.9522	-75.9395	-75.9319	-75.9309	-75.9385	-75.9563	-75.9859	-76.0288
4.51	-76.1229	-76.1923	-76.262	-76.3151	-76.3503	-76.3702	-76.3783	-76.3777	-76.3707	-76.359	-76.344	-76.3267	-76.3077	-76.2874	-76.2662	-76.2443	-76.2219	-76.199	-76.1759	-76.1525	-76.1289	-76.1053	-76.0817	-76.0584	-76.0356	-76.0136	-75.9928	-75.9739	-75.9576	-75.945	-75.9374	-75.9365	-75.9441	-75.9619	-75.9915	-76.0342
4.515	-76.1273	-76.1967	-76.2663	-76.3194	-76.3545	-76.3745	-76.3826	-76.382	-76.375	-76.3634	-76.3485	-76.3312	-76.3122	-76.292	-76.2709	-76.249	-76.2266	-76.2038	-76.1807	-76.1574	-76.1339	-76.1103	-76.0868	-76.0636	-76.0408	-76.0189	-75.9982	-75.9793	-75.9631	-75.9505	-75.943	-75.9421	-75.9496	-75.9675	-75.997	-76.0397
4.52	-76.1317	-76.201	-76.2706	-76.3236	-76.3588	-76.3787	-76.3869	-76.3863	-76.3794	-76.3678	-76.3529	-76.3357	-76.3168	-76.2966	-76.2755	-76.2537	-76.2314	-76.2086	-76.1856	-76.1623	-76.1388	-76.1153	-76.0919	-76.0687	-76.046	-76.0241	-76.0035	-75.9847	-75.9685	-75.956	-75.9485	-75.9476	-75.9552	-75.973	-76.0025	-76.0451
4.525	-76.1361	-76.2053	-76.2749	-76.3279	-76.363	-76.383	-76.3912	-76.3906	-76.3837	-76.3722	-76.3574	-76.3402	-76.3213	-76.3011	-76.2801	-76.2584	-76.2361	-76.2134	-76.1904	-76.1672	-76.1438	-76.1203	-76.097	-76.0738	-76.0512	-76.0294	-76.0088	-75.9901	-75.9739	-75.9615	-75.954	-75.9531	-75.9607	-75.9785	-76.008	-76.0506
4.53	-76.1404	-76.2096	-76.2791	-76.3321	-76.3672	-76.3872	-76.3954	-76.3949	-76.388	-76.3765	-76.3618	-76.3446	-76.3258	-76.3057	-76.2847	-76.263	-76.2408	-76.2182	-76.1952	-76.172	-76.1487	-76.1253	-76.102	-76.0789	-76.0564	-76.0346	-76.0141	-75.9954	-75.9793	-75.9669	-75.9595	-75.9586	-75.9662	-75.984	-76.0134	-76.056
4.535	-76.1448	-76.2139	-76.2834	-76.3364	-76.3715	-76.3914	-76.3997	-76.3992	-76.3924	-76.3809	-76.3662	-76.3491	-76.3303	-76.3103	-76.2893	-76.2677	-76.2455	-76.2229	-76.2	-76.1769	-76.1536	-76.1303	-76.107	-76.084	-76.0615	-76.0398	-76.0194	-76.0007	-75.9847	-75.9723	-75.9649	-75.9641	-75.9717	-75.9895	-76.0189	-76.0614
4.54	-76.1491	-76.2182	-76.2876	-76.3406	-76.3757	-76.3957	-76.4039	-76.4035	-76.3967	-76.3853	-76.3706	-76.3535	-76.3348	-76.3148	-76.2939	-76.2723	-76.2502	-76.2277	-76.2048	-76.1818	-76.1585	-76.1353	-76.1121	-76.0891	-76.0667	-76.045	-76.0246	-76.006	-75.9901	-75.9778	-75.9704	-75.9696	-75.9772	-75.995	-76.0243	-76.0667
4.545	-76.1534	-76.2225	-76.2919	-76.3448	-76.3799	-76.3999	-76.4082	-76.4078	-76.401	-76.3896	-76.375	-76.358	-76.3393	-76.3193	-76.2985	-76.2769	-76.2549	-76.2324	-76.2096	-76.1866	-76.1634	-76.1402	-76.1171	-76.0942	-76.0718	-76.0502	-76.0299	-76.0114	-75.9954	-75.9832	-75.9758	-75.9751	-75.9827	-76.0004	-76.0298	-76.0721
4.55	-76.1578	-76.2268	-76.2961	-76.349	-76.3841	-76.4041	-76.4124	-76.412	-76.4053	-76.394	-76.3793	-76.3624	-76.3437	-76.3239	-76.303	-76.2816	-76.2596	-76.2371	-76.2144	-76.1914	-76.1683	-76.1452	-76.1221	-76.0993	-76.0769	-76.0554	-76.0351	-76.0166	-76.0008	-75.9886	-75.9813	-75.9805	-75.9882	-76.0059	-76.0352	-76.0775
4.555	-76.1621	-76.231	-76.3003	-76.3532	-76.3883	-76.4083	-76.4166	-76.4163	-76.4096	-76.3983	-76.3837	-76.3668	-76.3482	-76.3284	-76.3076	-76.2862	-76.2642	-76.2419	-76.2192	-76.1963	-76.1732	-76.1501	-76.1271	-76.1043	-76.082	-76.0606	-76.0403	-76.0219	-76.0061	-75.9939	-75.9867	-75.986	-75.9936	-76.0113	-76.0406	-76.0828
4.56	-76.1664	-76.2353	-76.3045	-76.3574	-76.3924	-76.4125	-76.4208	-76.4205	-76.4138	-76.4026	-76.3881	-76.3712	-76.3527	-76.3329	-76.3122	-76.2908	-76.2689	-76.2466	-76.2239	-76.2011	-76.1781	-76.155	-76.1321	-76.1094	-76.0871	-76.0657	-76.0455	-76.0272	-76.0114	-75.9993	-75.9921	-75.9914	-75.999	-76.0167	-76.0459	-76.0881
4.565	-76.1707	-76.2395	-76.3087	-76.3616	-76.3966	-76.4167	-76.4251	-76.4248	-76.4181	-76.4069	-76.3924	-76.3756	-76.3571	-76.3373	-76.3167	-76.2954	-76.2735	-76.2513	-76.2287	-76.2059	-76.1829	-76.1599	-76.137	-76.1144	-76.0922	-76.0709	-76.0507	-76.0324	-76.0167	-76.0046	-75.9975	-75.9968	-76.0044	-76.0221	-76.0513	-76.0934
4.57	-76.175	-76.2438	-76.3129	-76.3657	-76.4008	-76.4208	-76.4293	-76.429	-76.4224	-76.4112	-76.3968	-76.38	-76.3615	-76.3418	-76.3212	-76.2999	-76.2781	-76.2559	-76.2334	-76.2107	-76.1878	-76.1648	-76.142	-76.1194	-76.0973	-76.076	-76.0559	-76.0377	-76.022	-76.01	-76.0028	-76.0022	-76.0098	-76.0275	-76.0567	-76.0987
4.575	-76.1793	-76.248	-76.3171	-76.3699	-76.4049	-76.425	-76.4334	-76.4332	-76.4266	-76.4155	-76.4011	-76.3844	-76.366	-76.3463	-76.3257	-76.3045	-76.2828	-76.2606	-76.2381	-76.2154	-76.1926	-76.1697	-76.1469	-76.1244	-76.1023	-76.0811	-76.0611	-76.0429	-76.0273	-76.0153	-76.0082	-76.0076	-76.0152	-76.0329	-76.062	-76.104
4.58	-76.1836	-76.2523	-76.3213	-76.374	-76.4091	-76.4292	-76.4376	-76.4374	-76.4309	-76.4198	-76.4054	-76.3887	-76.3704	-76.3508	-76.3303	-76.3091	-76.2874	-76.2653	-76.2428	-76.2202	-76.1974	-76.1746	-76.1519	-76.1294	-76.1074	-76.0862	-76.0662	-76.0481	-76.0326	-76.0206	-76.0135	-76.0129	-76.0206	-76.0383	-76.0673	-76.1093
4.585	-76.1878	-76.2565	-76.3255	-76.3782	-76.4132	-76.4333	-76.4418	-76.4416	-76.4351	-76.4241	-76.4098	-76.3931	-76.3748	-76.3552	-76.3348	-76.3136	-76.292	-76.2699	-76.2475	-76.225	-76.2022	-76.1795	-76.1568	-76.1344	-76.1124	-76.0913	-76.0714	-76.0533	-76.0378	-76.0259	-76.0189	-76.0183	-76.026	-76.0436	-76.0726	-76.1145
4.59	-76.1921	-76.2607	-76.3296	-76.3823	-76.4174	-76.4375	-76.4459	-76.4458	-76.4393	-76.4283	-76.4141	-76.3975	-76.3792	-76.3597	-76.3392	-76.3182	-76.2966	-76.2745	-76.2522	-76.2297	-76.207	-76.1843	-76.1617	-76.1393	-76.1174	-76.0964	-76.0765	-76.0585	-76.043	-76.0312	-76.0242	-76.0236	-76.0313	-76.0489	-76.0779	-76.1198
4.595	-76.1964	-76.2649	-76.3338	-76.3865	-76.4215	-76.4416	-76.4501	-76.45	-76.4436	-76.4326	-76.4184	-76.4018	-76.3836	-76.3641	-76.3437	-76.3227	-76.3011	-76.2792	-76.2569	-76.2344	-76.2118	-76.1891	-76.1666	-76.1443	-76.1224	-76.1014	-76.0816	-76.0637	-76.0483	-76.0364	-76.0295	-76.029	-76.0366	-76.0543	-76.0832	-76.125
4.6	-76.2006	-76.2691	-76.338	-76.3906	-76.4256	-76.4457	-76.4542	-76.4541	-76.4478	-76.4368	-76.4226	-76.4061	-76.3879	-76.3685	-76.3482	-76.3272	-76.3057	-76.2838	-76.2616	-76.2392	-76.2166	-76.194	-76.1715	-76.1492	-76.1274	-76.1065	-76.0868	-76.0688	-76.0535	-76.0417	-76.0348	-76.0343	-76.042	-76.0596	-76.0885	-76.1302
4.605	-76.2048	-76.2733	-76.3421	-76.3947	-76.4297	-76.4498	-76.4584	-76.4583	-76.452	-76.4411	-76.4269	-76.4104	-76.3923	-76.3729	-76.3527	-76.3317	-76.3103	-76.2884	-76.2662	-76.2439	-76.2214	-76.1988	-76.1763	-76.1541	-76.1324	-76.1115	-76.0919	-76.074	-76.0587	-76.0469	-76.04	-76.0396	-76.0473	-76.0649	-76.0937	-76.1354
4.61	-76.2091	-76.2775	-76.3462	-76.3988	-76.4338	-76.4539	-76.4625	-76.4625	-76.4562	-76.4453	-76.4312	-76.4148	-76.3967	-76.3773	-76.3571	-76.3362	-76.3148	-76.293	-76.2709	-76.2486	-76.2261	-76.2036	-76.1812	-76.159	-76.1374	-76.1165	-76.0969	-76.0791	-76.0639	-76.0522	-76.0453	-76.0448	-76.0526	-76.0701	-76.099	-76.1406
4.615	-76.2133	-76.2816	-76.3503	-76.4029	-76.4379	-76.458	-76.4666	-76.4666	-76.4603	-76.4495	-76.4355	-76.4191	-76.401	-76.3817	-76.3615	-76.3407	-76.3193	-76.2976	-76.2755	-76.2533	-76.2308	-76.2084	-76.1861	-76.164	-76.1424	-76.1216	-76.102	-76.0842	-76.069	-76.0574	-76.0506	-76.0501	-76.0578	-76.0754	-76.1042	-76.1458
4.62	-76.2175	-76.2858	-76.3545	-76.407	-76.442	-76.4621	-76.4707	-76.4708	-76.4645	-76.4537	-76.4397	-76.4234	-76.4053	-76.3861	-76.366	-76.3452	-76.3239	-76.3022	-76.2802	-76.2579	-76.2356	-76.2132	-76.1909	-76.1689	-76.1473	-76.1266	-76.1071	-76.0893	-76.0742	-76.0626	-76.0558	-76.0554	-76.0631	-76.0806	-76.1094	-76.1509
4.625	-76.2217	-76.29	-76.3586	-76.4111	-76.4461	-76.4662	-76.4748	-76.4749	-76.4687	-76.4579	-76.4439	-76.4277	-76.4097	-76.3905	-76.3704	-76.3496	-76.3284	-76.3067	-76.2848	-76.2626	-76.2403	-76.218	-76.1957	-76.1737	-76.1522	-76.1316	-76.1121	-76.0944	-76.0793	-76.0678	-76.061	-76.0606	-76.0683	-76.0859	-76.1146	-76.1561
4.63	-76.2259	-76.2941	-76.3627	-76.4152	-76.4501	-76.4703	-76.4789	-76.479	-76.4728	-76.4621	-76.4482	-76.4319	-76.414	-76.3949	-76.3748	-76.3541	-76.3329	-76.3113	-76.2894	-76.2673	-76.245	-76.2227	-76.2005	-76.1786	-76.1572	-76.1365	-76.1171	-76.0995	-76.0845	-76.0729	-76.0662	-76.0658	-76.0736	-76.0911	-76.1198	-76.1612
4.635	-76.2301	-76.2982	-76.3668	-76.4192	-76.4542	-76.4744	-76.483	-76.4831	-76.477	-76.4663	-76.4524	-76.4362	-76.4183	-76.3992	-76.3792	-76.3586	-76.3374	-76.3158	-76.294	-76.2719	-76.2497	-76.2275	-76.2053	-76.1835	-76.1621	-76.1415	-76.1222	-76.1046	-76.0896	-76.0781	-76.0714	-76.0711	-76.0788	-76.0963	-76.125	-76.1663
4.64	-76.2343	-76.3024	-76.3709	-76.4233	-76.4582	-76.4784	-76.4871	-76.4872	-76.4811	-76.4705	-76.4566	-76.4405	-76.4226	-76.4036	-76.3836	-76.363	-76.3419	-76.3204	-76.2986	-76.2765	-76.2544	-76.2322	-76.2101	-76.1883	-76.167	-76.1465	-76.1272	-76.1097	-76.0947	-76.0833	-76.0766	-76.0763	-76.084	-76.1015	-76.1301	-76.1714
4.645	-76.2385	-76.3065	-76.3749	-76.4273	-76.4623	-76.4825	-76.4912	-76.4913	-76.4853	-76.4747	-76.4608	-76.4447	-76.4269	-76.4079	-76.388	-76.3674	-76.3464	-76.3249	-76.3031	-76.2812	-76.2591	-76.2369	-76.2149	-76.1931	-76.1719	-76.1514	-76.1322	-76.1147	-76.0998	-76.0884	-76.0818	-76.0815	-76.0892	-76.1067	-76.1353	-76.1765
4.65	-76.2427	-76.3106	-76.379	-76.4314	-76.4663	-76.4865	-76.4952	-76.4954	-76.4894	-76.4788	-76.465	-76.4489	-76.4312	-76.4122	-76.3924	-76.3718	-76.3508	-76.3294	-76.3077	-76.2858	-76.2637	-76.2417	-76.2197	-76.198	-76.1768	-76.1563	-76.1371	-76.1197	-76.1049	-76.0935	-76.0869	-76.0866	-76.0944	-76.1118	-76.1404	-76.1816
4.655	-76.2468	-76.3147	-76.3831	-76.4354	-76.4704	-76.4905	-76.4993	-76.4995	-76.4935	-76.483	-76.4692	-76.4532	-76.4355	-76.4165	-76.3967	-76.3763	-76.3553	-76.3339	-76.3123	-76.2904	-76.2684	-76.2464	-76.2244	-76.2028	-76.1816	-76.1613	-76.1421	-76.1248	-76.1099	-76.0986	-76.0921	-76.0918	-76.0995	-76.117	-76.1455	-76.1867
4.66	-76.251	-76.3188	-76.3871	-76.4394	-76.4744	-76.4946	-76.5033	-76.5036	-76.4976	-76.4871	-76.4734	-76.4574	-76.4397	-76.4209	-76.4011	-76.3807	-76.3597	-76.3384	-76.3168	-76.295	-76.273	-76.2511	-76.2292	-76.2076	-76.1865	-76.1662	-76.1471	-76.1298	-76.115	-76.1037	-76.0972	-76.0969	-76.1047	-76.1221	-76.1507	-76.1917
4.665	-76.2551	-76.3229	-76.3912	-76.4435	-76.4784	-76.4986	-76.5074	-76.5077	-76.5017	-76.4912	-76.4776	-76.4616	-76.444	-76.4252	-76.4054	-76.3851	-76.3642	-76.3429	-76.3213	-76.2996	-76.2777	-76.2558	-76.2339	-76.2124	-76.1913	-76.1711	-76.152	-76.1348	-76.12	-76.1088	-76.1023	-76.1021	-76.1098	-76.1273	-76.1557	-76.1968
4.67	-76.2593	-76.327	-76.3952	-76.4475	-76.4824	-76.5026	-76.5114	-76.5117	-76.5058	-76.4954	-76.4818	-76.4658	-76.4482	-76.4294	-76.4098	-76.3894	-76.3686	-76.3474	-76.3259	-76.3041	-76.2823	-76.2604	-76.2387	-76.2172	-76.1962	-76.1759	-76.157	-76.1398	-76.1251	-76.1139	-76.1074	-76.1072	-76.115	-76.1324	-76.1608	-76.2018
4.675	-76.2634	-76.3311	-76.3993	-76.4515	-76.4864	-76.5066	-76.5154	-76.5158	-76.5099	-76.4995	-76.4859	-76.47	-76.4525	-76.4337	-76.4141	-76.3938	-76.373	-76.3519	-76.3304	-76.3087	-76.2869	-76.2651	-76.2434	-76.2219	-76.201	-76.1808	-76.1619	-76.1447	-76.1301	-76.1189	-76.1125	-76.1123	-76.1201	-76.1375	-76.1659	-76.2068
4.68	-76.2675	-76.3352	-76.4033	-76.4555	-76.4904	-76.5106	-76.5195	-76.5198	-76.5139	-76.5036	-76.4901	-76.4742	-76.4567	-76.438	-76.4184	-76.3982	-76.3774	-76.3563	-76.3349	-76.3133	-76.2915	-76.2698	-76.2481	-76.2267	-76.2058	-76.1857	-76.1668	-76.1497	-76.1351	-76.124	-76.1176	-76.1174	-76.1252	-76.1426	-76.1709	-76.2118
4.685	-76.2716	-76.3392	-76.4073	-76.4595	-76.4944	-76.5146	-76.5235	-76.5238	-76.518	-76.5077	-76.4942	-76.4784	-76.4609	-76.4423	-76.4227	-76.4025	-76.3818	-76.3608	-76.3394	-76.3178	-76.2961	-76.2744	-76.2528	-76.2314	-76.2106	-76.1905	-76.1717	-76.1546	-76.1401	-76.129	-76.1227	-76.1225	-76.1303	-76.1477	-76.176	-76.2168
4.69	-76.2758	-76.3433	-76.4113	-76.4635	-76.4983	-76.5186	-76.5275	-76.5279	-76.5221	-76.5118	-76.4983	-76.4826	-76.4651	-76.4465	-76.427	-76.4069	-76.3862	-76.3652	-76.3439	-76.3223	-76.3007	-76.279	-76.2575	-76.2362	-76.2154	-76.1954	-76.1766	-76.1596	-76.1451	-76.134	-76.1277	-76.1276	-76.1354	-76.1527	-76.181	-76.2218
4.695	-76.2799	-76.3474	-76.4153	-76.4674	-76.5023	-76.5226	-76.5315	-76.5319	-76.5261	-76.5159	-76.5025	-76.4867	-76.4694	-76.4508	-76.4313	-76.4112	-76.3906	-76.3696	-76.3484	-76.3269	-76.3053	-76.2837	-76.2621	-76.2409	-76.2202	-76.2002	-76.1815	-76.1645	-76.15	-76.1391	-76.1327	-76.1326	-76.1404	-76.1578	-76.186	-76.2267
4.7	-76.284	-76.3514	-76.4193	-76.4714	-76.5063	-76.5265	-76.5354	-76.5359	-76.5302	-76.52	-76.5066	-76.4909	-76.4735	-76.455	-76.4356	-76.4155	-76.395	-76.374	-76.3528	-76.3314	-76.3098	-76.2883	-76.2668	-76.2456	-76.2249	-76.205	-76.1863	-76.1694	-76.155	-76.1441	-76.1378	-76.1377	-76.1455	-76.1628	-76.191	-76.2317
4.705	-76.288	-76.3554	-76.4233	-76.4754	-76.5102	-76.5305	-76.5394	-76.5399	-76.5342	-76.524	-76.5107	-76.495	-76.4777	-76.4592	-76.4399	-76.4199	-76.3993	-76.3784	-76.3573	-76.3359	-76.3144	-76.2929	-76.2715	-76.2503	-76.2297	-76.2098	-76.1912	-76.1743	-76.16	-76.149	-76.1428	-76.1427	-76.1505	-76.1678	-76.196	-76.2366
4.71	-76.2921	-76.3595	-76.4273	-76.4793	-76.5142	-76.5344	-76.5434	-76.5439	-76.5382	-76.5281	-76.5148	-76.4992	-76.4819	-76.4635	-76.4441	-76.4242	-76.4037	-76.3829	-76.3617	-76.3404	-76.3189	-76.2975	-76.2761	-76.255	-76.2344	-76.2146	-76.196	-76.1792	-76.1649	-76.154	-76.1478	-76.1478	-76.1555	-76.1728	-76.201	-76.2415
4.715	-76.2962	-76.3635	-76.4313	-76.4833	-76.5181	-76.5384	-76.5473	-76.5479	-76.5422	-76.5322	-76.5189	-76.5033	-76.4861	-76.4677	-76.4484	-76.4285	-76.408	-76.3872	-76.3662	-76.3449	-76.3235	-76.302	-76.2807	-76.2597	-76.2392	-76.2194	-76.2009	-76.1841	-76.1698	-76.159	-76.1528	-76.1528	-76.1606	-76.1778	-76.206	-76.2464
4.72	-76.3003	-76.3675	-76.4352	-76.4872	-76.522	-76.5423	-76.5513	-76.5519	-76.5462	-76.5362	-76.5229	-76.5074	-76.4902	-76.4719	-76.4526	-76.4328	-76.4124	-76.3916	-76.3706	-76.3493	-76.328	-76.3066	-76.2854	-76.2644	-76.2439	-76.2242	-76.2057	-76.189	-76.1747	-76.1639	-76.1578	-76.1578	-76.1656	-76.1828	-76.2109	-76.2513
4.725	-76.3043	-76.3715	-76.4392	-76.4911	-76.526	-76.5462	-76.5553	-76.5558	-76.5502	-76.5402	-76.527	-76.5115	-76.4944	-76.4761	-76.4569	-76.437	-76.4167	-76.396	-76.375	-76.3538	-76.3325	-76.3112	-76.29	-76.269	-76.2486	-76.2289	-76.2105	-76.1938	-76.1796	-76.1689	-76.1627	-76.1627	-76.1706	-76.1878	-76.2159	-76.2562
4.73	-76.3084	-76.3755	-76.4432	-76.4951	-76.5299	-76.5502	-76.5592	-76.5598	-76.5542	-76.5443	-76.5311	-76.5156	-76.4985	-76.4803	-76.4611	-76.4413	-76.421	-76.4004	-76.3794	-76.3583	-76.337	-76.3157	-76.2946	-76.2737	-76.2533	-76.2337	-76.2153	-76.1987	-76.1845	-76.1738	-76.1677	-76.1677	-76.1755	-76.1928	-76.2208	-76.2611
4.735	-76.3124	-76.3795	-76.4471	-76.499	-76.5338	-76.5541	-76.5631	-76.5637	-76.5582	-76.5483	-76.5351	-76.5197	-76.5027	-76.4844	-76.4653	-76.4456	-76.4253	-76.4047	-76.3838	-76.3627	-76.3415	-76.3203	-76.2992	-76.2783	-76.258	-76.2384	-76.2201	-76.2035	-76.1894	-76.1787	-76.1726	-76.1727	-76.1805	-76.1977	-76.2257	-76.266
4.74	-76.3165	-76.3835	-76.451	-76.5029	-76.5377	-76.558	-76.567	-76.5677	-76.5622	-76.5523	-76.5392	-76.5238	-76.5068	-76.4886	-76.4696	-76.4498	-76.4296	-76.4091	-76.3882	-76.3671	-76.346	-76.3248	-76.3037	-76.283	-76.2627	-76.2432	-76.2249	-76.2083	-76.1943	-76.1836	-76.1776	-76.1776	-76.1855	-76.2027	-76.2306	-76.2708
4.745	-76.3205	-76.3875	-76.455	-76.5068	-76.5416	-76.5619	-76.571	-76.5716	-76.5662	-76.5563	-76.5432	-76.5279	-76.5109	-76.4928	-76.4738	-76.4541	-76.4339	-76.4134	-76.3926	-76.3716	-76.3505	-76.3293	-76.3083	-76.2876	-76.2673	-76.2479	-76.2296	-76.2131	-76.1991	-76.1885	-76.1825	-76.1826	-76.1904	-76.2076	-76.2355	-76.2757
4.75	-76.3245	-76.3915	-76.4589	-76.5107	-76.5455	-76.5658	-76.5749	-76.5756	-76.5701	-76.5603	-76.5473	-76.532	-76.515	-76.4969	-76.4779	-76.4583	-76.4382	-76.4177	-76.397	-76.376	-76.3549	-76.3338	-76.3129	-76.2922	-76.272	-76.2526	-76.2344	-76.2179	-76.204	-76.1934	-76.1874	-76.1875	-76.1953	-76.2125	-76.2404	-76.2805
4.755	-76.3286	-76.3954	-76.4628	-76.5146	-76.5493	-76.5697	-76.5788	-76.5795	-76.5741	-76.5643	-76.5513	-76.536	-76.5191	-76.5011	-76.4821	-76.4625	-76.4425	-76.422	-76.4013	-76.3804	-76.3594	-76.3383	-76.3174	-76.2968	-76.2766	-76.2573	-76.2391	-76.2227	-76.2088	-76.1982	-76.1923	-76.1924	-76.2002	-76.2174	-76.2453	-76.2853
4.76	-76.3326	-76.3994	-76.4667	-76.5185	-76.5532	-76.5735	-76.5827	-76.5834	-76.578	-76.5683	-76.5553	-76.5401	-76.5232	-76.5052	-76.4863	-76.4668	-76.4467	-76.4263	-76.4057	-76.3848	-76.3638	-76.3428	-76.322	-76.3014	-76.2813	-76.262	-76.2439	-76.2275	-76.2136	-76.2031	-76.1972	-76.1973	-76.2051	-76.2223	-76.2501	-76.2901
4.765	-76.3366	-76.4033	-76.4706	-76.5223	-76.5571	-76.5774	-76.5865	-76.5873	-76.582	-76.5722	-76.5593	-76.5441	-76.5273	-76.5093	-76.4905	-76.471	-76.451	-76.4306	-76.41	-76.3892	-76.3683	-76.3473	-76.3265	-76.3059	-76.2859	-76.2666	-76.2486	-76.2323	-76.2184	-76.2079	-76.2021	-76.2022	-76.21	-76.2272	-76.255	-76.2949
4.77	-76.3406	-76.4073	-76.4745	-76.5262	-76.5609	-76.5813	-76.5904	-76.5912	-76.5859	-76.5762	-76.5633	-76.5482	-76.5314	-76.5135	-76.4946	-76.4752	-76.4552	-76.4349	-76.4143	-76.3936	-76.3727	-76.3518	-76.331	-76.3105	-76.2905	-76.2713	-76.2533	-76.237	-76.2232	-76.2128	-76.2069	-76.2071	-76.2149	-76.232	-76.2598	-76.2997
4.775	-76.3446	-76.4112	-76.4784	-76.5301	-76.5648	-76.5851	-76.5943	-76.5951	-76.5898	-76.5802	-76.5673	-76.5522	-76.5355	-76.5176	-76.4988	-76.4794	-76.4595	-76.4392	-76.4187	-76.3979	-76.3771	-76.3563	-76.3355	-76.3151	-76.2951	-76.276	-76.258	-76.2418	-76.228	-76.2176	-76.2118	-76.212	-76.2198	-76.2369	-76.2646	-76.3044
4.78	-76.3486	-76.4151	-76.4823	-76.5339	-76.5686	-76.589	-76.5982	-76.599	-76.5938	-76.5841	-76.5713	-76.5562	-76.5395	-76.5217	-76.5029	-76.4836	-76.4637	-76.4435	-76.423	-76.4023	-76.3815	-76.3607	-76.34	-76.3196	-76.2997	-76.2806	-76.2627	-76.2465	-76.2328	-76.2224	-76.2166	-76.2168	-76.2246	-76.2417	-76.2694	-76.3092
4.785	-76.3525	-76.4191	-76.4862	-76.5378	-76.5725	-76.5928	-76.602	-76.6029	-76.5977	-76.5881	-76.5753	-76.5602	-76.5436	-76.5258	-76.5071	-76.4877	-76.4679	-76.4477	-76.4273	-76.4067	-76.3859	-76.3652	-76.3445	-76.3242	-76.3043	-76.2852	-76.2674	-76.2512	-76.2375	-76.2272	-76.2214	-76.2216	-76.2295	-76.2466	-76.2742	-76.3139
4.79	-76.3565	-76.423	-76.49	-76.5416	-76.5763	-76.5966	-76.6059	-76.6068	-76.6016	-76.592	-76.5793	-76.5643	-76.5476	-76.5298	-76.5112	-76.4919	-76.4721	-76.452	-76.4316	-76.411	-76.3903	-76.3696	-76.349	-76.3287	-76.3089	-76.2899	-76.272	-76.256	-76.2423	-76.232	-76.2262	-76.2265	-76.2343	-76.2514	-76.279	-76.3187
4.795	-76.3605	-76.4269	-76.4939	-76.5454	-76.5801	-76.6005	-76.6097	-76.6106	-76.6055	-76.5959	-76.5832	-76.5683	-76.5517	-76.5339	-76.5153	-76.4961	-76.4763	-76.4562	-76.4359	-76.4153	-76.3947	-76.374	-76.3535	-76.3332	-76.3134	-76.2945	-76.2767	-76.2607	-76.247	-76.2368	-76.2311	-76.2313	-76.2392	-76.2562	-76.2838	-76.3234
4.8	-76.3644	-76.4308	-76.4977	-76.5493	-76.5839	-76.6043	-76.6135	-76.6145	-76.6094	-76.5998	-76.5872	-76.5723	-76.5557	-76.538	-76.5194	-76.5002	-76.4805	-76.4605	-76.4402	-76.4197	-76.399	-76.3784	-76.3579	-76.3377	-76.318	-76.2991	-76.2813	-76.2653	-76.2518	-76.2415	-76.2358	-76.2361	-76.244	-76.261	-76.2885	-76.3281
4.805	-76.3684	-76.4347	-76.5016	-76.5531	-76.5877	-76.6081	-76.6174	-76.6183	-76.6132	-76.6038	-76.5911	-76.5762	-76.5597	-76.5421	-76.5235	-76.5044	-76.4847	-76.4647	-76.4444	-76.424	-76.4034	-76.3828	-76.3624	-76.3422	-76.3225	-76.3037	-76.286	-76.27	-76.2565	-76.2463	-76.2406	-76.2409	-76.2488	-76.2658	-76.2933	-76.3328
4.81	-76.3723	-76.4386	-76.5054	-76.5569	-76.5915	-76.6119	-76.6212	-76.6222	-76.6171	-76.6077	-76.5951	-76.5802	-76.5637	-76.5461	-76.5276	-76.5085	-76.4889	-76.4689	-76.4487	-76.4283	-76.4078	-76.3872	-76.3668	-76.3467	-76.3271	-76.3083	-76.2906	-76.2747	-76.2612	-76.251	-76.2454	-76.2457	-76.2536	-76.2705	-76.298	-76.3375
4.815	-76.3763	-76.4425	-76.5093	-76.5607	-76.5953	-76.6157	-76.625	-76.626	-76.621	-76.6115	-76.599	-76.5842	-76.5677	-76.5502	-76.5317	-76.5126	-76.4931	-76.4731	-76.4529	-76.4326	-76.4121	-76.3916	-76.3713	-76.3512	-76.3316	-76.3128	-76.2952	-76.2794	-76.2659	-76.2558	-76.2502	-76.2505	-76.2583	-76.2753	-76.3027	-76.3422
4.82	-76.3802	-76.4463	-76.5131	-76.5645	-76.5991	-76.6195	-76.6288	-76.6298	-76.6248	-76.6154	-76.6029	-76.5881	-76.5717	-76.5542	-76.5358	-76.5167	-76.4972	-76.4773	-76.4572	-76.4369	-76.4164	-76.396	-76.3757	-76.3557	-76.3361	-76.3174	-76.2998	-76.284	-76.2706	-76.2605	-76.2549	-76.2552	-76.2631	-76.2801	-76.3075	-76.3468
4.825	-76.3841	-76.4502	-76.5169	-76.5683	-76.6029	-76.6233	-76.6326	-76.6337	-76.6287	-76.6193	-76.6068	-76.5921	-76.5757	-76.5582	-76.5398	-76.5208	-76.5014	-76.4815	-76.4614	-76.4411	-76.4208	-76.4004	-76.3801	-76.3601	-76.3406	-76.3219	-76.3044	-76.2886	-76.2753	-76.2652	-76.2597	-76.26	-76.2679	-76.2848	-76.3122	-76.3515
4.83	-76.388	-76.4541	-76.5207	-76.5721	-76.6067	-76.6271	-76.6364	-76.6375	-76.6325	-76.6232	-76.6107	-76.596	-76.5797	-76.5622	-76.5439	-76.5249	-76.5055	-76.4857	-76.4657	-76.4454	-76.4251	-76.4047	-76.3845	-76.3646	-76.3451	-76.3265	-76.309	-76.2933	-76.2799	-76.2699	-76.2644	-76.2647	-76.2726	-76.2895	-76.3169	-76.3561
4.835	-76.3919	-76.4579	-76.5245	-76.5758	-76.6104	-76.6308	-76.6402	-76.6413	-76.6364	-76.6271	-76.6146	-76.6	-76.5837	-76.5663	-76.548	-76.529	-76.5096	-76.4899	-76.4699	-76.4497	-76.4294	-76.4091	-76.3889	-76.369	-76.3496	-76.331	-76.3136	-76.2979	-76.2846	-76.2746	-76.2691	-76.2695	-76.2773	-76.2942	-76.3215	-76.3608
4.84	-76.3958	-76.4618	-76.5283	-76.5796	-76.6142	-76.6346	-76.644	-76.6451	-76.6402	-76.6309	-76.6185	-76.6039	-76.5877	-76.5703	-76.552	-76.5331	-76.5138	-76.4941	-76.4741	-76.4539	-76.4337	-76.4134	-76.3933	-76.3734	-76.3541	-76.3355	-76.3182	-76.3025	-76.2892	-76.2793	-76.2738	-76.2742	-76.282	-76.299	-76.3262	-76.3654
4.845	-76.3997	-76.4656	-76.5321	-76.5834	-76.6179	-76.6384	-76.6477	-76.6489	-76.644	-76.6348	-76.6224	-76.6078	-76.5916	-76.5743	-76.556	-76.5372	-76.5179	-76.4982	-76.4783	-76.4582	-76.438	-76.4177	-76.3977	-76.3779	-76.3585	-76.34	-76.3227	-76.3071	-76.2939	-76.284	-76.2785	-76.2789	-76.2868	-76.3036	-76.3309	-76.37
4.85	-76.4036	-76.4695	-76.5359	-76.5871	-76.6217	-76.6421	-76.6515	-76.6527	-76.6478	-76.6386	-76.6263	-76.6117	-76.5956	-76.5782	-76.5601	-76.5413	-76.522	-76.5024	-76.4825	-76.4624	-76.4422	-76.4221	-76.402	-76.3823	-76.363	-76.3445	-76.3272	-76.3117	-76.2985	-76.2886	-76.2832	-76.2836	-76.2915	-76.3083	-76.3355	-76.3746
4.855	-76.4075	-76.4733	-76.5397	-76.5909	-76.6254	-76.6458	-76.6553	-76.6565	-76.6516	-76.6425	-76.6302	-76.6156	-76.5995	-76.5822	-76.5641	-76.5453	-76.5261	-76.5065	-76.4867	-76.4666	-76.4465	-76.4264	-76.4064	-76.3867	-76.3674	-76.349	-76.3318	-76.3162	-76.3031	-76.2933	-76.2878	-76.2883	-76.2961	-76.313	-76.3402	-76.3792
4.86	-76.4114	-76.4771	-76.5435	-76.5946	-76.6292	-76.6496	-76.659	-76.6602	-76.6554	-76.6463	-76.634	-76.6195	-76.6035	-76.5862	-76.5681	-76.5494	-76.5302	-76.5106	-76.4908	-76.4708	-76.4508	-76.4307	-76.4107	-76.3911	-76.3719	-76.3535	-76.3363	-76.3208	-76.3077	-76.2979	-76.2925	-76.293	-76.3008	-76.3177	-76.3448	-76.3838
4.865	-76.4153	-76.4809	-76.5472	-76.5984	-76.6329	-76.6533	-76.6628	-76.664	-76.6592	-76.6501	-76.6379	-76.6234	-76.6074	-76.5902	-76.5721	-76.5534	-76.5343	-76.5148	-76.495	-76.4751	-76.455	-76.435	-76.4151	-76.3954	-76.3763	-76.358	-76.3408	-76.3254	-76.3123	-76.3025	-76.2972	-76.2976	-76.3055	-76.3223	-76.3494	-76.3883
4.87	-76.4191	-76.4847	-76.551	-76.6021	-76.6366	-76.657	-76.6665	-76.6677	-76.663	-76.6539	-76.6417	-76.6273	-76.6113	-76.5941	-76.5761	-76.5575	-76.5383	-76.5189	-76.4992	-76.4792	-76.4593	-76.4393	-76.4194	-76.3998	-76.3807	-76.3624	-76.3453	-76.3299	-76.3169	-76.3071	-76.3018	-76.3023	-76.3101	-76.327	-76.354	-76.3929
4.875	-76.423	-76.4885	-76.5548	-76.6058	-76.6403	-76.6607	-76.6702	-76.6715	-76.6668	-76.6577	-76.6456	-76.6312	-76.6152	-76.5981	-76.5801	-76.5615	-76.5424	-76.523	-76.5033	-76.4834	-76.4635	-76.4435	-76.4237	-76.4042	-76.3851	-76.3669	-76.3498	-76.3344	-76.3215	-76.3117	-76.3064	-76.3069	-76.3148	-76.3316	-76.3586	-76.3974
4.88	-76.4268	-76.4923	-76.5585	-76.6095	-76.644	-76.6645	-76.6739	-76.6752	-76.6706	-76.6615	-76.6494	-76.6351	-76.6191	-76.602	-76.5841	-76.5655	-76.5465	-76.5271	-76.5074	-76.4876	-76.4677	-76.4478	-76.428	-76.4085	-76.3895	-76.3713	-76.3543	-76.339	-76.326	-76.3163	-76.311	-76.3116	-76.3194	-76.3362	-76.3632	-76.4019
4.885	-76.4307	-76.4961	-76.5622	-76.6132	-76.6477	-76.6682	-76.6777	-76.679	-76.6743	-76.6653	-76.6532	-76.6389	-76.623	-76.606	-76.5881	-76.5695	-76.5505	-76.5312	-76.5116	-76.4918	-76.4719	-76.4521	-76.4323	-76.4129	-76.3939	-76.3758	-76.3588	-76.3435	-76.3306	-76.3209	-76.3157	-76.3162	-76.324	-76.3408	-76.3678	-76.4065
4.89	-76.4345	-76.4999	-76.566	-76.617	-76.6514	-76.6719	-76.6814	-76.6827	-76.6781	-76.6691	-76.6571	-76.6428	-76.6269	-76.6099	-76.592	-76.5735	-76.5546	-76.5353	-76.5157	-76.496	-76.4761	-76.4563	-76.4366	-76.4172	-76.3983	-76.3802	-76.3633	-76.348	-76.3351	-76.3255	-76.3203	-76.3208	-76.3287	-76.3454	-76.3723	-76.411
4.895	-76.4384	-76.5037	-76.5697	-76.6207	-76.6551	-76.6755	-76.6851	-76.6864	-76.6818	-76.6729	-76.6609	-76.6466	-76.6308	-76.6138	-76.596	-76.5775	-76.5586	-76.5393	-76.5198	-76.5001	-76.4803	-76.4606	-76.4409	-76.4215	-76.4027	-76.3846	-76.3677	-76.3525	-76.3396	-76.3301	-76.3248	-76.3254	-76.3333	-76.35	-76.3769	-76.4155
4.9	-76.4422	-76.5075	-76.5734	-76.6243	-76.6588	-76.6792	-76.6888	-76.6902	-76.6856	-76.6767	-76.6647	-76.6505	-76.6347	-76.6177	-76.5999	-76.5815	-76.5626	-76.5434	-76.5239	-76.5043	-76.4845	-76.4648	-76.4452	-76.4259	-76.407	-76.389	-76.3721	-76.357	-76.3442	-76.3346	-76.3294	-76.33	-76.3378	-76.3546	-76.3814	-76.42
4.905	-76.446	-76.5112	-76.5771	-76.628	-76.6625	-76.6829	-76.6925	-76.6939	-76.6893	-76.6804	-76.6685	-76.6543	-76.6385	-76.6216	-76.6039	-76.5855	-76.5666	-76.5475	-76.528	-76.5084	-76.4887	-76.469	-76.4494	-76.4302	-76.4114	-76.3934	-76.3766	-76.3615	-76.3487	-76.3391	-76.334	-76.3346	-76.3424	-76.3591	-76.386	-76.4245
4.91	-76.4498	-76.515	-76.5809	-76.6317	-76.6661	-76.6866	-76.6961	-76.6976	-76.693	-76.6842	-76.6723	-76.6581	-76.6424	-76.6255	-76.6078	-76.5895	-76.5707	-76.5515	-76.5321	-76.5125	-76.4929	-76.4732	-76.4537	-76.4345	-76.4157	-76.3978	-76.381	-76.3659	-76.3532	-76.3437	-76.3385	-76.3391	-76.347	-76.3637	-76.3905	-76.4289
4.915	-76.4536	-76.5187	-76.5846	-76.6354	-76.6698	-76.6902	-76.6998	-76.7013	-76.6968	-76.688	-76.6761	-76.6619	-76.6463	-76.6294	-76.6117	-76.5934	-76.5747	-76.5555	-76.5362	-76.5167	-76.497	-76.4774	-76.458	-76.4388	-76.4201	-76.4022	-76.3854	-76.3704	-76.3577	-76.3482	-76.3431	-76.3437	-76.3516	-76.3682	-76.395	-76.4334
4.92	-76.4574	-76.5225	-76.5883	-76.639	-76.6734	-76.6939	-76.7035	-76.705	-76.7005	-76.6917	-76.6798	-76.6658	-76.6501	-76.6333	-76.6156	-76.5974	-76.5787	-76.5596	-76.5403	-76.5208	-76.5012	-76.4816	-76.4622	-76.443	-76.4244	-76.4065	-76.3898	-76.3748	-76.3622	-76.3527	-76.3476	-76.3482	-76.3561	-76.3728	-76.3995	-76.4378
4.925	-76.4612	-76.5262	-76.5919	-76.6427	-76.6771	-76.6975	-76.7071	-76.7086	-76.7042	-76.6954	-76.6836	-76.6696	-76.6539	-76.6372	-76.6196	-76.6013	-76.5826	-76.5636	-76.5443	-76.5249	-76.5053	-76.4858	-76.4664	-76.4473	-76.4287	-76.4109	-76.3942	-76.3793	-76.3666	-76.3572	-76.3521	-76.3528	-76.3606	-76.3773	-76.404	-76.4423
4.93	-76.465	-76.53	-76.5956	-76.6464	-76.6807	-76.7012	-76.7108	-76.7123	-76.7079	-76.6992	-76.6874	-76.6734	-76.6578	-76.641	-76.6235	-76.6053	-76.5866	-76.5676	-76.5484	-76.529	-76.5095	-76.49	-76.4706	-76.4516	-76.433	-76.4152	-76.3986	-76.3837	-76.3711	-76.3617	-76.3567	-76.3573	-76.3652	-76.3818	-76.4085	-76.4467
4.935	-76.4688	-76.5337	-76.5993	-76.65	-76.6843	-76.7048	-76.7144	-76.716	-76.7116	-76.7029	-76.6911	-76.6772	-76.6616	-76.6449	-76.6274	-76.6092	-76.5906	-76.5716	-76.5524	-76.5331	-76.5136	-76.4942	-76.4749	-76.4558	-76.4373	-76.4196	-76.403	-76.3881	-76.3755	-76.3662	-76.3612	-76.3618	-76.3697	-76.3863	-76.4129	-76.4511
4.94	-76.4726	-76.5374	-76.603	-76.6536	-76.688	-76.7084	-76.7181	-76.7196	-76.7153	-76.7066	-76.6949	-76.6809	-76.6654	-76.6487	-76.6312	-76.6131	-76.5946	-76.5756	-76.5565	-76.5371	-76.5177	-76.4983	-76.4791	-76.4601	-76.4416	-76.4239	-76.4074	-76.3925	-76.38	-76.3707	-76.3657	-76.3663	-76.3742	-76.3908	-76.4174	-76.4555
4.945	-76.4763	-76.5411	-76.6066	-76.6573	-76.6916	-76.7121	-76.7217	-76.7233	-76.7189	-76.7103	-76.6986	-76.6847	-76.6692	-76.6526	-76.6351	-76.617	-76.5985	-76.5796	-76.5605	-76.5412	-76.5219	-76.5025	-76.4833	-76.4643	-76.4459	-76.4282	-76.4117	-76.3969	-76.3844	-76.3751	-76.3702	-76.3708	-76.3787	-76.3953	-76.4218	-76.4599
4.95	-76.4801	-76.5448	-76.6103	-76.6609	-76.6952	-76.7157	-76.7254	-76.727	-76.7226	-76.714	-76.7024	-76.6885	-76.673	-76.6564	-76.639	-76.621	-76.6025	-76.5836	-76.5645	-76.5453	-76.526	-76.5066	-76.4874	-76.4685	-76.4501	-76.4325	-76.4161	-76.4013	-76.3888	-76.3796	-76.3746	-76.3753	-76.3832	-76.3997	-76.4263	-76.4643
4.955	-76.4839	-76.5485	-76.614	-76.6645	-76.6988	-76.7193	-76.729	-76.7306	-76.7263	-76.7177	-76.7061	-76.6922	-76.6768	-76.6603	-76.6429	-76.6249	-76.6064	-76.5876	-76.5686	-76.5493	-76.5301	-76.5108	-76.4916	-76.4728	-76.4544	-76.4368	-76.4204	-76.4057	-76.3933	-76.384	-76.3791	-76.3798	-76.3877	-76.4042	-76.4307	-76.4687
4.96	-76.4876	-76.5522	-76.6176	-76.6681	-76.7024	-76.7229	-76.7326	-76.7342	-76.73	-76.7214	-76.7098	-76.696	-76.6806	-76.6641	-76.6467	-76.6288	-76.6103	-76.5916	-76.5726	-76.5534	-76.5341	-76.5149	-76.4958	-76.477	-76.4587	-76.4411	-76.4248	-76.41	-76.3977	-76.3885	-76.3836	-76.3843	-76.3921	-76.4087	-76.4351	-76.4731
4.965	-76.4914	-76.5559	-76.6212	-76.6717	-76.706	-76.7265	-76.7362	-76.7379	-76.7336	-76.7251	-76.7135	-76.6997	-76.6844	-76.6679	-76.6506	-76.6326	-76.6143	-76.5955	-76.5766	-76.5574	-76.5382	-76.519	-76.5	-76.4812	-76.4629	-76.4454	-76.4291	-76.4144	-76.4021	-76.3929	-76.388	-76.3887	-76.3966	-76.4131	-76.4395	-76.4774
4.97	-76.4951	-76.5596	-76.6249	-76.6753	-76.7096	-76.7301	-76.7398	-76.7415	-76.7373	-76.7288	-76.7172	-76.7035	-76.6882	-76.6717	-76.6544	-76.6365	-76.6182	-76.5995	-76.5806	-76.5615	-76.5423	-76.5231	-76.5041	-76.4854	-76.4671	-76.4497	-76.4334	-76.4188	-76.4064	-76.3973	-76.3924	-76.3932	-76.401	-76.4175	-76.4439	-76.4818
4.975	-76.4988	-76.5633	-76.6285	-76.6789	-76.7132	-76.7337	-76.7434	-76.7451	-76.7409	-76.7324	-76.7209	-76.7072	-76.6919	-76.6755	-76.6583	-76.6404	-76.6221	-76.6034	-76.5845	-76.5655	-76.5464	-76.5272	-76.5082	-76.4896	-76.4714	-76.4539	-76.4377	-76.4231	-76.4108	-76.4017	-76.3969	-76.3976	-76.4055	-76.4219	-76.4483	-76.4861
4.98	-76.5026	-76.5669	-76.6321	-76.6825	-76.7168	-76.7373	-76.747	-76.7487	-76.7445	-76.7361	-76.7246	-76.7109	-76.6957	-76.6793	-76.6621	-76.6443	-76.626	-76.6074	-76.5885	-76.5695	-76.5504	-76.5313	-76.5124	-76.4937	-76.4756	-76.4582	-76.442	-76.4274	-76.4152	-76.4061	-76.4013	-76.402	-76.4099	-76.4264	-76.4527	-76.4904
4.985	-76.5063	-76.5706	-76.6357	-76.6861	-76.7203	-76.7408	-76.7506	-76.7523	-76.7482	-76.7398	-76.7283	-76.7147	-76.6994	-76.6831	-76.6659	-76.6481	-76.6299	-76.6113	-76.5925	-76.5735	-76.5545	-76.5354	-76.5165	-76.4979	-76.4798	-76.4625	-76.4463	-76.4318	-76.4195	-76.4105	-76.4057	-76.4065	-76.4143	-76.4308	-76.4571	-76.4948
4.99	-76.51	-76.5743	-76.6393	-76.6897	-76.7239	-76.7444	-76.7542	-76.7559	-76.7518	-76.7434	-76.732	-76.7184	-76.7032	-76.6869	-76.6697	-76.652	-76.6338	-76.6152	-76.5965	-76.5775	-76.5585	-76.5395	-76.5206	-76.5021	-76.484	-76.4667	-76.4506	-76.4361	-76.4239	-76.4149	-76.4101	-76.4109	-76.4187	-76.4352	-76.4614	-76.4991
4.995	-76.5137	-76.5779	-76.6429	-76.6933	-76.7275	-76.748	-76.7577	-76.7595	-76.7554	-76.7471	-76.7357	-76.7221	-76.7069	-76.6906	-76.6735	-76.6558	-76.6376	-76.6191	-76.6004	-76.5815	-76.5625	-76.5436	-76.5247	-76.5062	-76.4882	-76.4709	-76.4548	-76.4404	-76.4282	-76.4192	-76.4145	-76.4153	-76.4231	-76.4395	-76.4658	-76.5034
5	-76.5174	-76.5816	-76.6465	-76.6968	-76.731	-76.7515	-76.7613	-76.7631	-76.759	-76.7507	-76.7393	-76.7258	-76.7107	-76.6944	-76.6773	-76.6597	-76.6415	-76.6231	-76.6044	-76.5855	-76.5666	-76.5476	-76.5288	-76.5104	-76.4924	-76.4751	-76.4591	-76.4447	-76.4326	-76.4236	-76.4189	-76.4197	-76.4275	-76.4439	-76.4701	-76.5077
5.005	-76.5211	-76.5852	-76.6501	-76.7004	-76.7346	-76.7551	-76.7649	-76.7667	-76.7626	-76.7543	-76.743	-76.7295	-76.7144	-76.6982	-76.6811	-76.6635	-76.6454	-76.627	-76.6083	-76.5895	-76.5706	-76.5517	-76.5329	-76.5145	-76.4965	-76.4794	-76.4633	-76.449	-76.4369	-76.4279	-76.4232	-76.424	-76.4319	-76.4483	-76.4744	-76.512
5.01	-76.5248	-76.5888	-76.6537	-76.7039	-76.7381	-76.7586	-76.7684	-76.7702	-76.7662	-76.7579	-76.7466	-76.7332	-76.7181	-76.7019	-76.6849	-76.6673	-76.6492	-76.6309	-76.6122	-76.5934	-76.5746	-76.5557	-76.537	-76.5186	-76.5007	-76.4836	-76.4676	-76.4532	-76.4412	-76.4323	-76.4276	-76.4284	-76.4363	-76.4526	-76.4788	-76.5162
5.015	-76.5285	-76.5925	-76.6573	-76.7075	-76.7416	-76.7621	-76.772	-76.7738	-76.7698	-76.7616	-76.7503	-76.7368	-76.7218	-76.7057	-76.6887	-76.6711	-76.6531	-76.6347	-76.6161	-76.5974	-76.5786	-76.5598	-76.5411	-76.5227	-76.5049	-76.4878	-76.4718	-76.4575	-76.4455	-76.4366	-76.4319	-76.4328	-76.4406	-76.457	-76.4831	-76.5205
5.02	-76.5322	-76.5961	-76.6609	-76.711	-76.7452	-76.7657	-76.7755	-76.7774	-76.7734	-76.7652	-76.7539	-76.7405	-76.7255	-76.7094	-76.6925	-76.6749	-76.6569	-76.6386	-76.6201	-76.6014	-76.5826	-76.5638	-76.5452	-76.5268	-76.509	-76.4919	-76.476	-76.4618	-76.4498	-76.4409	-76.4363	-76.4371	-76.445	-76.4613	-76.4874	-76.5247
5.025	-76.5358	-76.5997	-76.6644	-76.7146	-76.7487	-76.7692	-76.779	-76.7809	-76.777	-76.7688	-76.7576	-76.7442	-76.7292	-76.7131	-76.6962	-76.6787	-76.6608	-76.6425	-76.624	-76.6053	-76.5866	-76.5678	-76.5492	-76.5309	-76.5131	-76.4961	-76.4803	-76.466	-76.4541	-76.4452	-76.4406	-76.4415	-76.4493	-76.4656	-76.4917	-76.529
5.03	-76.5395	-76.6033	-76.668	-76.7181	-76.7522	-76.7727	-76.7826	-76.7845	-76.7805	-76.7724	-76.7612	-76.7478	-76.7329	-76.7169	-76.7	-76.6825	-76.6646	-76.6464	-76.6279	-76.6092	-76.5905	-76.5718	-76.5533	-76.535	-76.5173	-76.5003	-76.4845	-76.4703	-76.4583	-76.4495	-76.4449	-76.4458	-76.4537	-76.4699	-76.4959	-76.5332
5.035	-76.5432	-76.6069	-76.6716	-76.7216	-76.7557	-76.7762	-76.7861	-76.788	-76.7841	-76.776	-76.7648	-76.7515	-76.7366	-76.7206	-76.7037	-76.6863	-76.6684	-76.6502	-76.6318	-76.6132	-76.5945	-76.5758	-76.5573	-76.5391	-76.5214	-76.5045	-76.4887	-76.4745	-76.4626	-76.4538	-76.4492	-76.4501	-76.458	-76.4742	-76.5002	-76.5374
5.04	-76.5468	-76.6105	-76.6751	-76.7251	-76.7592	-76.7797	-76.7896	-76.7915	-76.7877	-76.7795	-76.7684	-76.7551	-76.7403	-76.7243	-76.7075	-76.6901	-76.6722	-76.6541	-76.6357	-76.6171	-76.5985	-76.5798	-76.5614	-76.5432	-76.5255	-76.5086	-76.4928	-76.4787	-76.4669	-76.4581	-76.4535	-76.4544	-76.4623	-76.4785	-76.5045	-76.5417
5.045	-76.5505	-76.6141	-76.6786	-76.7287	-76.7627	-76.7832	-76.7931	-76.7951	-76.7912	-76.7831	-76.772	-76.7588	-76.7439	-76.728	-76.7112	-76.6939	-76.676	-76.6579	-76.6395	-76.621	-76.6024	-76.5838	-76.5654	-76.5473	-76.5296	-76.5127	-76.497	-76.4829	-76.4711	-76.4624	-76.4578	-76.4587	-76.4666	-76.4828	-76.5087	-76.5459
5.05	-76.5541	-76.6177	-76.6822	-76.7322	-76.7662	-76.7867	-76.7966	-76.7986	-76.7947	-76.7867	-76.7756	-76.7624	-76.7476	-76.7317	-76.715	-76.6976	-76.6798	-76.6617	-76.6434	-76.6249	-76.6064	-76.5878	-76.5694	-76.5513	-76.5337	-76.5169	-76.5012	-76.4871	-76.4753	-76.4667	-76.4621	-76.463	-76.4709	-76.4871	-76.513	-76.5501
5.055	-76.5578	-76.6213	-76.6857	-76.7357	-76.7697	-76.7902	-76.8001	-76.8021	-76.7983	-76.7903	-76.7792	-76.766	-76.7513	-76.7354	-76.7187	-76.7014	-76.6836	-76.6656	-76.6473	-76.6288	-76.6103	-76.5918	-76.5734	-76.5554	-76.5378	-76.521	-76.5054	-76.4913	-76.4796	-76.4709	-76.4664	-76.4673	-76.4752	-76.4914	-76.5172	-76.5543
5.06	-76.5614	-76.6249	-76.6892	-76.7392	-76.7732	-76.7937	-76.8036	-76.8056	-76.8018	-76.7938	-76.7828	-76.7696	-76.7549	-76.7391	-76.7224	-76.7051	-76.6874	-76.6694	-76.6511	-76.6327	-76.6142	-76.5958	-76.5774	-76.5594	-76.5419	-76.5251	-76.5095	-76.4955	-76.4838	-76.4752	-76.4707	-76.4716	-76.4794	-76.4956	-76.5214	-76.5584
5.065	-76.565	-76.6284	-76.6928	-76.7426	-76.7767	-76.7971	-76.8071	-76.8091	-76.8054	-76.7974	-76.7864	-76.7732	-76.7585	-76.7427	-76.7261	-76.7089	-76.6912	-76.6732	-76.655	-76.6366	-76.6181	-76.5997	-76.5814	-76.5634	-76.546	-76.5292	-76.5137	-76.4997	-76.488	-76.4794	-76.4749	-76.4759	-76.4837	-76.4999	-76.5257	-76.5626
5.07	-76.5686	-76.632	-76.6963	-76.7461	-76.7801	-76.8006	-76.8106	-76.8126	-76.8089	-76.8009	-76.79	-76.7769	-76.7622	-76.7464	-76.7298	-76.7126	-76.695	-76.677	-76.6588	-76.6405	-76.6221	-76.6037	-76.5854	-76.5675	-76.55	-76.5333	-76.5178	-76.5039	-76.4922	-76.4836	-76.4792	-76.4801	-76.488	-76.5041	-76.5299	-76.5668
5.075	-76.5723	-76.6356	-76.6998	-76.7496	-76.7836	-76.8041	-76.814	-76.8161	-76.8124	-76.8045	-76.7935	-76.7804	-76.7658	-76.7501	-76.7335	-76.7163	-76.6987	-76.6808	-76.6627	-76.6443	-76.626	-76.6076	-76.5894	-76.5715	-76.5541	-76.5374	-76.5219	-76.508	-76.4964	-76.4879	-76.4834	-76.4844	-76.4922	-76.5084	-76.5341	-76.5709
5.08	-76.5759	-76.6391	-76.7033	-76.7531	-76.787	-76.8075	-76.8175	-76.8196	-76.8159	-76.808	-76.7971	-76.784	-76.7694	-76.7537	-76.7372	-76.7201	-76.7025	-76.6846	-76.6665	-76.6482	-76.6299	-76.6115	-76.5934	-76.5755	-76.5581	-76.5415	-76.5261	-76.5122	-76.5006	-76.4921	-76.4876	-76.4886	-76.4965	-76.5126	-76.5383	-76.5751
5.085	-76.5795	-76.6427	-76.7068	-76.7565	-76.7905	-76.811	-76.821	-76.8231	-76.8194	-76.8115	-76.8007	-76.7876	-76.7731	-76.7574	-76.7409	-76.7238	-76.7062	-76.6884	-76.6703	-76.6521	-76.6338	-76.6155	-76.5973	-76.5795	-76.5622	-76.5456	-76.5302	-76.5163	-76.5048	-76.4963	-76.4919	-76.4929	-76.5007	-76.5168	-76.5424	-76.5792
5.09	-76.5831	-76.6462	-76.7103	-76.76	-76.7939	-76.8144	-76.8244	-76.8265	-76.8229	-76.815	-76.8042	-76.7912	-76.7767	-76.761	-76.7445	-76.7275	-76.71	-76.6922	-76.6741	-76.6559	-76.6376	-76.6194	-76.6013	-76.5835	-76.5662	-76.5497	-76.5343	-76.5205	-76.5089	-76.5005	-76.4961	-76.4971	-76.5049	-76.521	-76.5466	-76.5833
5.095	-76.5867	-76.6497	-76.7138	-76.7635	-76.7974	-76.8179	-76.8279	-76.83	-76.8264	-76.8186	-76.8077	-76.7948	-76.7803	-76.7646	-76.7482	-76.7312	-76.7137	-76.6959	-76.6779	-76.6598	-76.6415	-76.6233	-76.6053	-76.5875	-76.5702	-76.5537	-76.5384	-76.5246	-76.5131	-76.5046	-76.5003	-76.5013	-76.5091	-76.5252	-76.5508	-76.5874
5.1	-76.5903	-76.6533	-76.7172	-76.7669	-76.8008	-76.8213	-76.8313	-76.8335	-76.8299	-76.8221	-76.8113	-76.7983	-76.7839	-76.7683	-76.7519	-76.7349	-76.7174	-76.6997	-76.6817	-76.6636	-76.6454	-76.6272	-76.6092	-76.5915	-76.5742	-76.5578	-76.5425	-76.5287	-76.5173	-76.5088	-76.5045	-76.5055	-76.5133	-76.5294	-76.5549	-76.5915
5.105	-76.5938	-76.6568	-76.7207	-76.7703	-76.8042	-76.8247	-76.8348	-76.8369	-76.8333	-76.8256	-76.8148	-76.8019	-76.7875	-76.7719	-76.7555	-76.7386	-76.7212	-76.7035	-76.6855	-76.6674	-76.6492	-76.6311	-76.6131	-76.5954	-76.5782	-76.5618	-76.5465	-76.5329	-76.5214	-76.513	-76.5087	-76.5097	-76.5175	-76.5336	-76.5591	-76.5956
5.11	-76.5974	-76.6603	-76.7242	-76.7738	-76.8077	-76.8282	-76.8382	-76.8404	-76.8368	-76.8291	-76.8183	-76.8055	-76.791	-76.7755	-76.7592	-76.7422	-76.7249	-76.7072	-76.6893	-76.6712	-76.6531	-76.635	-76.6171	-76.5994	-76.5822	-76.5659	-76.5506	-76.537	-76.5255	-76.5172	-76.5128	-76.5139	-76.5217	-76.5377	-76.5632	-76.5997
5.115	-76.601	-76.6638	-76.7277	-76.7772	-76.8111	-76.8316	-76.8416	-76.8438	-76.8403	-76.8326	-76.8219	-76.809	-76.7946	-76.7791	-76.7628	-76.7459	-76.7286	-76.7109	-76.6931	-76.675	-76.657	-76.6389	-76.621	-76.6034	-76.5862	-76.5699	-76.5547	-76.5411	-76.5297	-76.5213	-76.517	-76.5181	-76.5259	-76.5419	-76.5673	-76.6038
5.12	-76.6046	-76.6673	-76.7311	-76.7806	-76.8145	-76.835	-76.845	-76.8473	-76.8437	-76.8361	-76.8254	-76.8126	-76.7982	-76.7827	-76.7664	-76.7496	-76.7323	-76.7147	-76.6968	-76.6788	-76.6608	-76.6428	-76.6249	-76.6073	-76.5902	-76.5739	-76.5587	-76.5451	-76.5338	-76.5255	-76.5212	-76.5222	-76.53	-76.546	-76.5715	-76.6079
5.125	-76.6081	-76.6708	-76.7346	-76.7841	-76.8179	-76.8384	-76.8484	-76.8507	-76.8472	-76.8395	-76.8289	-76.8161	-76.8018	-76.7863	-76.7701	-76.7533	-76.736	-76.7184	-76.7006	-76.6826	-76.6646	-76.6466	-76.6288	-76.6112	-76.5942	-76.5779	-76.5628	-76.5492	-76.5379	-76.5296	-76.5253	-76.5264	-76.5342	-76.5502	-76.5756	-76.6119
5.13	-76.6117	-76.6743	-76.738	-76.7875	-76.8213	-76.8418	-76.8519	-76.8541	-76.8506	-76.843	-76.8324	-76.8196	-76.8053	-76.7899	-76.7737	-76.7569	-76.7397	-76.7221	-76.7044	-76.6864	-76.6684	-76.6505	-76.6327	-76.6152	-76.5982	-76.5819	-76.5668	-76.5533	-76.542	-76.5337	-76.5295	-76.5306	-76.5384	-76.5543	-76.5797	-76.616
5.135	-76.6152	-76.6778	-76.7414	-76.7909	-76.8247	-76.8452	-76.8553	-76.8575	-76.8541	-76.8465	-76.8359	-76.8231	-76.8089	-76.7935	-76.7773	-76.7606	-76.7434	-76.7258	-76.7081	-76.6902	-76.6723	-76.6544	-76.6366	-76.6191	-76.6021	-76.5859	-76.5708	-76.5574	-76.5461	-76.5378	-76.5336	-76.5347	-76.5425	-76.5584	-76.5838	-76.62
5.14	-76.6188	-76.6813	-76.7449	-76.7943	-76.8281	-76.8486	-76.8587	-76.8609	-76.8575	-76.8499	-76.8394	-76.8267	-76.8124	-76.7971	-76.7809	-76.7642	-76.747	-76.7295	-76.7118	-76.694	-76.6761	-76.6582	-76.6405	-76.623	-76.6061	-76.5899	-76.5749	-76.5614	-76.5502	-76.5419	-76.5377	-76.5388	-76.5466	-76.5625	-76.5878	-76.6241
5.145	-76.6223	-76.6848	-76.7483	-76.7977	-76.8315	-76.852	-76.8621	-76.8644	-76.8609	-76.8534	-76.8428	-76.8302	-76.816	-76.8006	-76.7845	-76.7678	-76.7507	-76.7333	-76.7156	-76.6978	-76.6799	-76.662	-76.6443	-76.6269	-76.61	-76.5939	-76.5789	-76.5655	-76.5542	-76.546	-76.5419	-76.543	-76.5508	-76.5667	-76.5919	-76.6281
5.15	-76.6258	-76.6883	-76.7517	-76.8011	-76.8348	-76.8553	-76.8654	-76.8678	-76.8644	-76.8568	-76.8463	-76.8337	-76.8195	-76.8042	-76.7881	-76.7715	-76.7544	-76.7369	-76.7193	-76.7015	-76.6837	-76.6659	-76.6482	-76.6308	-76.614	-76.5979	-76.5829	-76.5695	-76.5583	-76.5501	-76.546	-76.5471	-76.5549	-76.5708	-76.596	-76.6321
5.155	-76.6294	-76.6917	-76.7552	-76.8045	-76.8382	-76.8587	-76.8688	-76.8712	-76.8678	-76.8603	-76.8498	-76.8372	-76.823	-76.8078	-76.7917	-76.7751	-76.758	-76.7406	-76.723	-76.7053	-76.6875	-76.6697	-76.6521	-76.6347	-76.6179	-76.6018	-76.5869	-76.5735	-76.5624	-76.5542	-76.5501	-76.5512	-76.559	-76.5748	-76.6	-76.6361
5.16	-76.6329	-76.6952	-76.7586	-76.8078	-76.8416	-76.8621	-76.8722	-76.8745	-76.8712	-76.8637	-76.8532	-76.8407	-76.8265	-76.8113	-76.7953	-76.7787	-76.7617	-76.7443	-76.7267	-76.709	-76.6912	-76.6735	-76.6559	-76.6386	-76.6218	-76.6058	-76.5909	-76.5775	-76.5664	-76.5583	-76.5542	-76.5553	-76.5631	-76.5789	-76.6041	-76.6402
5.165	-76.6364	-76.6987	-76.762	-76.8112	-76.8449	-76.8654	-76.8756	-76.8779	-76.8746	-76.8671	-76.8567	-76.8441	-76.8301	-76.8149	-76.7989	-76.7823	-76.7653	-76.748	-76.7304	-76.7128	-76.695	-76.6773	-76.6598	-76.6425	-76.6257	-76.6097	-76.5949	-76.5816	-76.5705	-76.5624	-76.5583	-76.5594	-76.5672	-76.583	-76.6081	-76.6441
5.17	-76.6399	-76.7021	-76.7654	-76.8146	-76.8483	-76.8688	-76.8789	-76.8813	-76.878	-76.8706	-76.8602	-76.8476	-76.8336	-76.8184	-76.8024	-76.7859	-76.7689	-76.7516	-76.7341	-76.7165	-76.6988	-76.6811	-76.6636	-76.6464	-76.6296	-76.6137	-76.5988	-76.5856	-76.5745	-76.5664	-76.5623	-76.5635	-76.5712	-76.5871	-76.6122	-76.6481
5.175	-76.6434	-76.7056	-76.7688	-76.8179	-76.8516	-76.8721	-76.8823	-76.8847	-76.8814	-76.874	-76.8636	-76.8511	-76.8371	-76.8219	-76.806	-76.7895	-76.7726	-76.7553	-76.7378	-76.7202	-76.7026	-76.6849	-76.6674	-76.6502	-76.6335	-76.6176	-76.6028	-76.5896	-76.5785	-76.5705	-76.5664	-76.5675	-76.5753	-76.5911	-76.6162	-76.6521
5.18	-76.6469	-76.709	-76.7722	-76.8213	-76.855	-76.8755	-76.8856	-76.8881	-76.8848	-76.8774	-76.867	-76.8546	-76.8406	-76.8255	-76.8096	-76.7931	-76.7762	-76.759	-76.7415	-76.7239	-76.7063	-76.6887	-76.6712	-76.6541	-76.6374	-76.6215	-76.6068	-76.5936	-76.5825	-76.5745	-76.5704	-76.5716	-76.5794	-76.5952	-76.6202	-76.6561
5.185	-76.6504	-76.7124	-76.7756	-76.8247	-76.8583	-76.8788	-76.889	-76.8914	-76.8882	-76.8808	-76.8705	-76.858	-76.8441	-76.829	-76.8131	-76.7967	-76.7798	-76.7626	-76.7452	-76.7277	-76.7101	-76.6925	-76.6751	-76.6579	-76.6413	-76.6255	-76.6107	-76.5975	-76.5866	-76.5785	-76.5745	-76.5757	-76.5834	-76.5992	-76.6242	-76.66
5.19	-76.6539	-76.7159	-76.7789	-76.828	-76.8617	-76.8821	-76.8923	-76.8948	-76.8915	-76.8842	-76.8739	-76.8615	-76.8475	-76.8325	-76.8167	-76.8002	-76.7834	-76.7663	-76.7489	-76.7314	-76.7138	-76.6963	-76.6789	-76.6618	-76.6452	-76.6294	-76.6147	-76.6015	-76.5906	-76.5826	-76.5785	-76.5797	-76.5875	-76.6032	-76.6282	-76.664
5.195	-76.6574	-76.7193	-76.7823	-76.8314	-76.865	-76.8855	-76.8957	-76.8981	-76.8949	-76.8876	-76.8773	-76.8649	-76.851	-76.836	-76.8202	-76.8038	-76.787	-76.7699	-76.7525	-76.7351	-76.7175	-76.7	-76.6827	-76.6656	-76.6491	-76.6333	-76.6186	-76.6055	-76.5946	-76.5866	-76.5826	-76.5838	-76.5915	-76.6073	-76.6322	-76.6679
5.2	-76.6609	-76.7227	-76.7857	-76.8347	-76.8683	-76.8888	-76.899	-76.9015	-76.8983	-76.891	-76.8807	-76.8684	-76.8545	-76.8395	-76.8237	-76.8074	-76.7906	-76.7735	-76.7562	-76.7388	-76.7213	-76.7038	-76.6865	-76.6694	-76.6529	-76.6372	-76.6225	-76.6094	-76.5985	-76.5906	-76.5866	-76.5878	-76.5956	-76.6113	-76.6362	-76.6719
5.205	-76.6643	-76.7261	-76.789	-76.838	-76.8716	-76.8921	-76.9023	-76.9048	-76.9016	-76.8944	-76.8841	-76.8718	-76.858	-76.843	-76.8273	-76.8109	-76.7942	-76.7771	-76.7599	-76.7424	-76.725	-76.7075	-76.6903	-76.6733	-76.6568	-76.6411	-76.6264	-76.6134	-76.6025	-76.5946	-76.5906	-76.5918	-76.5996	-76.6153	-76.6402	-76.6758
5.21	-76.6678	-76.7295	-76.7924	-76.8414	-76.8749	-76.8954	-76.9056	-76.9081	-76.905	-76.8978	-76.8876	-76.8752	-76.8614	-76.8465	-76.8308	-76.8145	-76.7978	-76.7807	-76.7635	-76.7461	-76.7287	-76.7113	-76.694	-76.6771	-76.6606	-76.6449	-76.6304	-76.6173	-76.6065	-76.5986	-76.5946	-76.5958	-76.6036	-76.6193	-76.6441	-76.6797
5.215	-76.6713	-76.7329	-76.7958	-76.8447	-76.8783	-76.8987	-76.9089	-76.9115	-76.9083	-76.9011	-76.891	-76.8787	-76.8649	-76.85	-76.8343	-76.818	-76.8013	-76.7844	-76.7671	-76.7498	-76.7324	-76.715	-76.6978	-76.6809	-76.6645	-76.6488	-76.6343	-76.6213	-76.6105	-76.6026	-76.5986	-76.5999	-76.6076	-76.6233	-76.6481	-76.6836
5.22	-76.6747	-76.7363	-76.7991	-76.848	-76.8815	-76.902	-76.9123	-76.9148	-76.9117	-76.9045	-76.8943	-76.8821	-76.8683	-76.8535	-76.8378	-76.8216	-76.8049	-76.788	-76.7708	-76.7535	-76.7361	-76.7188	-76.7016	-76.6847	-76.6683	-76.6527	-76.6382	-76.6252	-76.6144	-76.6066	-76.6026	-76.6039	-76.6116	-76.6273	-76.652	-76.6876
5.225	-76.6782	-76.7397	-76.8025	-76.8513	-76.8848	-76.9053	-76.9156	-76.9181	-76.915	-76.9079	-76.8977	-76.8855	-76.8718	-76.8569	-76.8413	-76.8251	-76.8085	-76.7915	-76.7744	-76.7571	-76.7398	-76.7225	-76.7053	-76.6885	-76.6721	-76.6565	-76.6421	-76.6291	-76.6184	-76.6105	-76.6066	-76.6079	-76.6156	-76.6312	-76.656	-76.6915
5.23	-76.6816	-76.7431	-76.8058	-76.8546	-76.8881	-76.9086	-76.9188	-76.9214	-76.9184	-76.9112	-76.9011	-76.8889	-76.8752	-76.8604	-76.8448	-76.8286	-76.812	-76.7951	-76.778	-76.7608	-76.7435	-76.7262	-76.7091	-76.6923	-76.6759	-76.6604	-76.6459	-76.633	-76.6223	-76.6145	-76.6106	-76.6118	-76.6196	-76.6352	-76.6599	-76.6953
5.235	-76.6851	-76.7465	-76.8091	-76.8579	-76.8914	-76.9119	-76.9221	-76.9247	-76.9217	-76.9146	-76.9045	-76.8923	-76.8786	-76.8638	-76.8483	-76.8321	-76.8156	-76.7987	-76.7816	-76.7644	-76.7471	-76.7299	-76.7128	-76.696	-76.6798	-76.6642	-76.6498	-76.6369	-76.6262	-76.6184	-76.6146	-76.6158	-76.6236	-76.6391	-76.6638	-76.6992
5.24	-76.6885	-76.7499	-76.8124	-76.8612	-76.8947	-76.9152	-76.9254	-76.928	-76.925	-76.9179	-76.9079	-76.8957	-76.882	-76.8673	-76.8518	-76.8357	-76.8191	-76.8023	-76.7852	-76.7681	-76.7508	-76.7336	-76.7166	-76.6998	-76.6836	-76.6681	-76.6537	-76.6408	-76.6302	-76.6224	-76.6185	-76.6198	-76.6275	-76.6431	-76.6678	-76.7031
5.245	-76.6919	-76.7533	-76.8158	-76.8645	-76.898	-76.9184	-76.9287	-76.9313	-76.9283	-76.9212	-76.9112	-76.8991	-76.8855	-76.8708	-76.8552	-76.8392	-76.8227	-76.8059	-76.7888	-76.7717	-76.7545	-76.7373	-76.7203	-76.7036	-76.6874	-76.6719	-76.6575	-76.6447	-76.6341	-76.6263	-76.6225	-76.6237	-76.6315	-76.647	-76.6717	-76.707
5.25	-76.6954	-76.7566	-76.8191	-76.8678	-76.9012	-76.9217	-76.932	-76.9346	-76.9316	-76.9246	-76.9146	-76.9025	-76.8889	-76.8742	-76.8587	-76.8427	-76.8262	-76.8094	-76.7924	-76.7753	-76.7581	-76.741	-76.724	-76.7073	-76.6912	-76.6757	-76.6614	-76.6486	-76.638	-76.6303	-76.6264	-76.6277	-76.6354	-76.651	-76.6756	-76.7108
5.255	-76.6988	-76.76	-76.8224	-76.8711	-76.9045	-76.925	-76.9352	-76.9379	-76.9349	-76.9279	-76.9179	-76.9059	-76.8923	-76.8776	-76.8622	-76.8462	-76.8297	-76.813	-76.796	-76.7789	-76.7618	-76.7447	-76.7277	-76.7111	-76.6949	-76.6795	-76.6652	-76.6525	-76.6419	-76.6342	-76.6304	-76.6317	-76.6394	-76.6549	-76.6795	-76.7147
5.26	-76.7022	-76.7634	-76.8257	-76.8743	-76.9078	-76.9282	-76.9385	-76.9412	-76.9382	-76.9312	-76.9213	-76.9092	-76.8957	-76.8811	-76.8656	-76.8496	-76.8332	-76.8165	-76.7996	-76.7825	-76.7654	-76.7484	-76.7314	-76.7148	-76.6987	-76.6833	-76.6691	-76.6564	-76.6458	-76.6381	-76.6343	-76.6356	-76.6433	-76.6588	-76.6834	-76.7185
5.265	-76.7056	-76.7667	-76.829	-76.8776	-76.911	-76.9315	-76.9418	-76.9445	-76.9415	-76.9345	-76.9246	-76.9126	-76.8991	-76.8845	-76.8691	-76.8531	-76.8368	-76.8201	-76.8032	-76.7861	-76.7691	-76.752	-76.7351	-76.7186	-76.7025	-76.6871	-76.6729	-76.6602	-76.6497	-76.642	-76.6382	-76.6395	-76.6472	-76.6627	-76.6872	-76.7223
5.27	-76.709	-76.7701	-76.8323	-76.8809	-76.9143	-76.9347	-76.945	-76.9477	-76.9448	-76.9378	-76.928	-76.916	-76.9025	-76.8879	-76.8725	-76.8566	-76.8403	-76.8236	-76.8067	-76.7897	-76.7727	-76.7557	-76.7388	-76.7223	-76.7062	-76.6909	-76.6767	-76.6641	-76.6535	-76.6459	-76.6422	-76.6434	-76.6511	-76.6666	-76.6911	-76.7262
5.275	-76.7124	-76.7734	-76.8356	-76.8841	-76.9175	-76.938	-76.9483	-76.951	-76.9481	-76.9411	-76.9313	-76.9193	-76.9059	-76.8913	-76.876	-76.8601	-76.8438	-76.8271	-76.8103	-76.7933	-76.7763	-76.7594	-76.7425	-76.726	-76.71	-76.6947	-76.6805	-76.6679	-76.6574	-76.6498	-76.6461	-76.6474	-76.6551	-76.6705	-76.695	-76.73
5.28	-76.7158	-76.7767	-76.8389	-76.8874	-76.9207	-76.9412	-76.9515	-76.9542	-76.9514	-76.9445	-76.9346	-76.9227	-76.9092	-76.8947	-76.8794	-76.8635	-76.8473	-76.8307	-76.8139	-76.7969	-76.7799	-76.763	-76.7462	-76.7297	-76.7137	-76.6985	-76.6844	-76.6718	-76.6613	-76.6537	-76.65	-76.6513	-76.659	-76.6744	-76.6988	-76.7338
5.285	-76.7192	-76.7801	-76.8422	-76.8906	-76.924	-76.9444	-76.9548	-76.9575	-76.9546	-76.9477	-76.9379	-76.926	-76.9126	-76.8981	-76.8828	-76.867	-76.8507	-76.8342	-76.8174	-76.8005	-76.7836	-76.7666	-76.7499	-76.7334	-76.7175	-76.7023	-76.6882	-76.6756	-76.6651	-76.6576	-76.6539	-76.6552	-76.6629	-76.6783	-76.7027	-76.7376
5.29	-76.7226	-76.7834	-76.8454	-76.8939	-76.9272	-76.9476	-76.958	-76.9607	-76.9579	-76.951	-76.9412	-76.9294	-76.916	-76.9015	-76.8863	-76.8704	-76.8542	-76.8377	-76.8209	-76.8041	-76.7872	-76.7703	-76.7536	-76.7371	-76.7212	-76.706	-76.692	-76.6794	-76.669	-76.6614	-76.6577	-76.6591	-76.6667	-76.6822	-76.7065	-76.7414
5.295	-76.726	-76.7867	-76.8487	-76.8971	-76.9304	-76.9509	-76.9612	-76.964	-76.9612	-76.9543	-76.9445	-76.9327	-76.9193	-76.9049	-76.8897	-76.8739	-76.8577	-76.8412	-76.8245	-76.8076	-76.7908	-76.7739	-76.7572	-76.7408	-76.7249	-76.7098	-76.6957	-76.6832	-76.6728	-76.6653	-76.6616	-76.6629	-76.6706	-76.686	-76.7103	-76.7452
5.3	-76.7293	-76.79	-76.852	-76.9003	-76.9336	-76.9541	-76.9644	-76.9672	-76.9644	-76.9576	-76.9478	-76.936	-76.9227	-76.9083	-76.8931	-76.8773	-76.8612	-76.8447	-76.828	-76.8112	-76.7943	-76.7775	-76.7609	-76.7445	-76.7287	-76.7135	-76.6995	-76.687	-76.6767	-76.6692	-76.6655	-76.6668	-76.6745	-76.6899	-76.7142	-76.749
5.305	-76.7327	-76.7933	-76.8552	-76.9036	-76.9369	-76.9573	-76.9677	-76.9705	-76.9677	-76.9609	-76.9511	-76.9393	-76.926	-76.9117	-76.8965	-76.8808	-76.8646	-76.8482	-76.8315	-76.8148	-76.7979	-76.7812	-76.7645	-76.7482	-76.7324	-76.7173	-76.7033	-76.6908	-76.6805	-76.673	-76.6693	-76.6707	-76.6784	-76.6937	-76.718	-76.7527
5.31	-76.7361	-76.7967	-76.8585	-76.9068	-76.9401	-76.9605	-76.9709	-76.9737	-76.9709	-76.9641	-76.9544	-76.9426	-76.9294	-76.915	-76.8999	-76.8842	-76.8681	-76.8517	-76.8351	-76.8183	-76.8015	-76.7848	-76.7682	-76.7519	-76.7361	-76.721	-76.7071	-76.6946	-76.6843	-76.6768	-76.6732	-76.6746	-76.6822	-76.6976	-76.7218	-76.7565
5.315	-76.7394	-76.8	-76.8617	-76.91	-76.9433	-76.9637	-76.9741	-76.9769	-76.9742	-76.9674	-76.9577	-76.946	-76.9327	-76.9184	-76.9033	-76.8876	-76.8715	-76.8552	-76.8386	-76.8219	-76.8051	-76.7884	-76.7718	-76.7555	-76.7398	-76.7248	-76.7108	-76.6984	-76.6881	-76.6807	-76.677	-76.6784	-76.6861	-76.7014	-76.7256	-76.7603
5.32	-76.7428	-76.8033	-76.865	-76.9132	-76.9465	-76.9669	-76.9773	-76.9801	-76.9774	-76.9706	-76.961	-76.9493	-76.936	-76.9217	-76.9067	-76.891	-76.875	-76.8586	-76.8421	-76.8254	-76.8087	-76.792	-76.7754	-76.7592	-76.7435	-76.7285	-76.7146	-76.7022	-76.6919	-76.6845	-76.6809	-76.6823	-76.6899	-76.7052	-76.7294	-76.764
5.325	-76.7461	-76.8065	-76.8682	-76.9164	-76.9497	-76.9701	-76.9805	-76.9833	-76.9806	-76.9739	-76.9643	-76.9526	-76.9394	-76.9251	-76.9101	-76.8944	-76.8784	-76.8621	-76.8456	-76.8289	-76.8122	-76.7956	-76.7791	-76.7629	-76.7471	-76.7322	-76.7183	-76.706	-76.6957	-76.6883	-76.6847	-76.6861	-76.6937	-76.709	-76.7332	-76.7678
5.33	-76.7495	-76.8098	-76.8715	-76.9196	-76.9528	-76.9733	-76.9837	-76.9865	-76.9838	-76.9771	-76.9675	-76.9559	-76.9427	-76.9284	-76.9134	-76.8979	-76.8819	-76.8656	-76.8491	-76.8324	-76.8158	-76.7991	-76.7827	-76.7665	-76.7508	-76.7359	-76.7221	-76.7097	-76.6995	-76.6921	-76.6885	-76.6899	-76.6976	-76.7128	-76.737	-76.7715
5.335	-76.7528	-76.8131	-76.8747	-76.9228	-76.956	-76.9764	-76.9868	-76.9897	-76.9871	-76.9804	-76.9708	-76.9592	-76.946	-76.9318	-76.9168	-76.9012	-76.8853	-76.869	-76.8525	-76.836	-76.8193	-76.8027	-76.7863	-76.7701	-76.7545	-76.7396	-76.7258	-76.7135	-76.7033	-76.6959	-76.6924	-76.6937	-76.7014	-76.7166	-76.7407	-76.7752
5.34	-76.7562	-76.8164	-76.8779	-76.926	-76.9592	-76.9796	-76.99	-76.9929	-76.9903	-76.9836	-76.9741	-76.9624	-76.9493	-76.9351	-76.9202	-76.9046	-76.8887	-76.8725	-76.856	-76.8395	-76.8229	-76.8063	-76.7899	-76.7738	-76.7582	-76.7433	-76.7295	-76.7172	-76.7071	-76.6997	-76.6962	-76.6976	-76.7052	-76.7204	-76.7445	-76.7789
5.345	-76.7595	-76.8197	-76.8811	-76.9292	-76.9624	-76.9828	-76.9932	-76.9961	-76.9935	-76.9868	-76.9773	-76.9657	-76.9526	-76.9385	-76.9235	-76.908	-76.8921	-76.8759	-76.8595	-76.843	-76.8264	-76.8099	-76.7935	-76.7774	-76.7618	-76.747	-76.7332	-76.721	-76.7108	-76.7035	-76.7	-76.7014	-76.709	-76.7242	-76.7483	-76.7827
5.35	-76.7628	-76.8229	-76.8844	-76.9324	-76.9655	-76.986	-76.9964	-76.9993	-76.9967	-76.9901	-76.9806	-76.969	-76.9559	-76.9418	-76.9269	-76.9114	-76.8955	-76.8793	-76.863	-76.8465	-76.8299	-76.8134	-76.7971	-76.781	-76.7655	-76.7507	-76.7369	-76.7247	-76.7146	-76.7073	-76.7038	-76.7052	-76.7128	-76.728	-76.752	-76.7864
5.355	-76.7662	-76.8262	-76.8876	-76.9356	-76.9687	-76.9891	-76.9995	-77.0025	-76.9999	-76.9933	-76.9838	-76.9723	-76.9592	-76.9451	-76.9302	-76.9148	-76.8989	-76.8828	-76.8664	-76.85	-76.8334	-76.817	-76.8007	-76.7846	-76.7691	-76.7543	-76.7406	-76.7285	-76.7184	-76.7111	-76.7076	-76.709	-76.7166	-76.7318	-76.7557	-76.7901
5.36	-76.7695	-76.8295	-76.8908	-76.9388	-76.9719	-76.9923	-77.0027	-77.0056	-77.0031	-76.9965	-76.987	-76.9755	-76.9625	-76.9484	-76.9336	-76.9182	-76.9023	-76.8862	-76.8699	-76.8534	-76.837	-76.8205	-76.8042	-76.7882	-76.7728	-76.758	-76.7443	-76.7322	-76.7221	-76.7149	-76.7113	-76.7128	-76.7204	-76.7355	-76.7595	-76.7938
5.365	-76.7728	-76.8327	-76.894	-76.9419	-76.975	-76.9954	-77.0059	-77.0088	-77.0063	-76.9997	-76.9903	-76.9788	-76.9658	-76.9517	-76.9369	-76.9215	-76.9057	-76.8896	-76.8733	-76.8569	-76.8405	-76.8241	-76.8078	-76.7918	-76.7764	-76.7617	-76.748	-76.7359	-76.7258	-76.7186	-76.7151	-76.7165	-76.7242	-76.7393	-76.7632	-76.7974
5.37	-76.7761	-76.836	-76.8972	-76.9451	-76.9782	-76.9986	-77.009	-77.012	-77.0094	-77.0029	-76.9935	-76.982	-76.9691	-76.955	-76.9402	-76.9249	-76.9091	-76.8931	-76.8768	-76.8604	-76.844	-76.8276	-76.8114	-76.7954	-76.78	-76.7653	-76.7517	-76.7396	-76.7296	-76.7224	-76.7189	-76.7203	-76.7279	-76.7431	-76.7669	-76.8011
5.375	-76.7794	-76.8392	-76.9004	-76.9482	-76.9813	-77.0017	-77.0122	-77.0151	-77.0126	-77.0061	-76.9967	-76.9853	-76.9723	-76.9583	-76.9436	-76.9282	-76.9125	-76.8965	-76.8802	-76.8639	-76.8475	-76.8311	-76.8149	-76.799	-76.7836	-76.769	-76.7554	-76.7433	-76.7333	-76.7261	-76.7226	-76.7241	-76.7317	-76.7468	-76.7706	-76.8048
5.38	-76.7827	-76.8424	-76.9036	-76.9514	-76.9844	-77.0048	-77.0153	-77.0183	-77.0158	-77.0093	-76.9999	-76.9885	-76.9756	-76.9616	-76.9469	-76.9316	-76.9159	-76.8999	-76.8837	-76.8673	-76.851	-76.8346	-76.8185	-76.8026	-76.7872	-76.7726	-76.7591	-76.747	-76.737	-76.7299	-76.7264	-76.7278	-76.7354	-76.7505	-76.7743	-76.8085
5.385	-76.786	-76.8457	-76.9067	-76.9545	-76.9876	-77.008	-77.0184	-77.0214	-77.019	-77.0125	-77.0031	-76.9917	-76.9789	-76.9649	-76.9502	-76.9349	-76.9192	-76.9033	-76.8871	-76.8708	-76.8544	-76.8382	-76.822	-76.8062	-76.7908	-76.7762	-76.7627	-76.7507	-76.7407	-76.7336	-76.7301	-76.7316	-76.7392	-76.7543	-76.778	-76.8121
5.39	-76.7893	-76.8489	-76.9099	-76.9577	-76.9907	-77.0111	-77.0216	-77.0246	-77.0221	-77.0157	-77.0063	-76.995	-76.9821	-76.9682	-76.9535	-76.9382	-76.9226	-76.9066	-76.8905	-76.8742	-76.8579	-76.8417	-76.8256	-76.8098	-76.7944	-76.7799	-76.7664	-76.7544	-76.7444	-76.7373	-76.7339	-76.7353	-76.7429	-76.758	-76.7817	-76.8158
5.395	-76.7925	-76.8521	-76.9131	-76.9608	-76.9938	-77.0142	-77.0247	-77.0277	-77.0253	-77.0188	-77.0095	-76.9982	-76.9854	-76.9715	-76.9568	-76.9416	-76.9259	-76.91	-76.8939	-76.8777	-76.8614	-76.8452	-76.8291	-76.8133	-76.798	-76.7835	-76.77	-76.7581	-76.7481	-76.741	-76.7376	-76.7391	-76.7467	-76.7617	-76.7854	-76.8194
5.4	-76.7958	-76.8553	-76.9163	-76.964	-76.9969	-77.0173	-77.0278	-77.0309	-77.0284	-77.022	-77.0127	-77.0014	-76.9886	-76.9747	-76.9601	-76.9449	-76.9293	-76.9134	-76.8973	-76.8811	-76.8649	-76.8487	-76.8326	-76.8169	-76.8016	-76.7871	-76.7737	-76.7617	-76.7518	-76.7447	-76.7413	-76.7428	-76.7504	-76.7654	-76.7891	-76.823
5.405	-76.7991	-76.8586	-76.9194	-76.9671	-77.0001	-77.0204	-77.0309	-77.034	-77.0316	-77.0252	-77.0159	-77.0046	-76.9918	-76.978	-76.9634	-76.9482	-76.9326	-76.9168	-76.9007	-76.8845	-76.8683	-76.8521	-76.8361	-76.8204	-76.8052	-76.7907	-76.7773	-76.7654	-76.7555	-76.7484	-76.7451	-76.7465	-76.7541	-76.7691	-76.7928	-76.8267
5.41	-76.8024	-76.8618	-76.9226	-76.9702	-77.0032	-77.0235	-77.034	-77.0371	-77.0347	-77.0283	-77.0191	-77.0078	-76.9951	-76.9813	-76.9667	-76.9515	-76.936	-76.9202	-76.9041	-76.888	-76.8718	-76.8556	-76.8396	-76.824	-76.8088	-76.7943	-76.7809	-76.769	-76.7592	-76.7521	-76.7488	-76.7502	-76.7578	-76.7728	-76.7964	-76.8303
5.415	-76.8056	-76.865	-76.9257	-76.9733	-77.0063	-77.0266	-77.0371	-77.0402	-77.0378	-77.0315	-77.0223	-77.011	-76.9983	-76.9845	-76.97	-76.9548	-76.9393	-76.9235	-76.9075	-76.8914	-76.8752	-76.8591	-76.8432	-76.8275	-76.8123	-76.7979	-76.7846	-76.7727	-76.7629	-76.7558	-76.7525	-76.7539	-76.7615	-76.7765	-76.8001	-76.8339
5.42	-76.8089	-76.8682	-76.9289	-76.9765	-77.0094	-77.0297	-77.0402	-77.0433	-77.041	-77.0347	-77.0255	-77.0142	-77.0015	-76.9878	-76.9732	-76.9581	-76.9427	-76.9269	-76.9109	-76.8948	-76.8787	-76.8626	-76.8467	-76.831	-76.8159	-76.8015	-76.7882	-76.7763	-76.7665	-76.7595	-76.7562	-76.7576	-76.7652	-76.7802	-76.8037	-76.8375
5.425	-76.8121	-76.8714	-76.932	-76.9796	-77.0125	-77.0328	-77.0433	-77.0464	-77.0441	-77.0378	-77.0286	-77.0174	-77.0047	-76.991	-76.9765	-76.9614	-76.946	-76.9302	-76.9143	-76.8982	-76.8821	-76.866	-76.8502	-76.8346	-76.8195	-76.8051	-76.7918	-76.78	-76.7702	-76.7632	-76.7599	-76.7613	-76.7689	-76.7838	-76.8074	-76.8411
5.43	-76.8154	-76.8746	-76.9352	-76.9827	-77.0156	-77.0359	-77.0464	-77.0496	-77.0472	-77.0409	-77.0318	-77.0206	-77.0079	-76.9942	-76.9798	-76.9647	-76.9493	-76.9336	-76.9177	-76.9016	-76.8855	-76.8695	-76.8536	-76.8381	-76.823	-76.8087	-76.7954	-76.7836	-76.7738	-76.7669	-76.7635	-76.765	-76.7726	-76.7875	-76.811	-76.8447
5.435	-76.8186	-76.8777	-76.9383	-76.9858	-77.0186	-77.039	-77.0495	-77.0527	-77.0503	-77.0441	-77.035	-77.0238	-77.0112	-76.9975	-76.983	-76.968	-76.9526	-76.9369	-76.921	-76.905	-76.889	-76.873	-76.8571	-76.8416	-76.8265	-76.8122	-76.799	-76.7872	-76.7775	-76.7705	-76.7672	-76.7687	-76.7763	-76.7912	-76.8146	-76.8483
5.44	-76.8219	-76.8809	-76.9414	-76.9889	-77.0217	-77.0421	-77.0526	-77.0557	-77.0535	-77.0472	-77.0381	-77.027	-77.0144	-77.0007	-76.9863	-76.9713	-76.9559	-76.9402	-76.9244	-76.9084	-76.8924	-76.8764	-76.8606	-76.8451	-76.8301	-76.8158	-76.8026	-76.7908	-76.7811	-76.7742	-76.7709	-76.7724	-76.7799	-76.7948	-76.8183	-76.8519
5.445	-76.8251	-76.8841	-76.9446	-76.992	-77.0248	-77.0451	-77.0557	-77.0588	-77.0566	-77.0503	-77.0413	-77.0301	-77.0176	-77.0039	-76.9895	-76.9746	-76.9592	-76.9436	-76.9277	-76.9118	-76.8958	-76.8799	-76.8641	-76.8486	-76.8336	-76.8194	-76.8062	-76.7944	-76.7848	-76.7778	-76.7746	-76.776	-76.7836	-76.7985	-76.8219	-76.8554
5.45	-76.8284	-76.8873	-76.9477	-76.9951	-77.0279	-77.0482	-77.0588	-77.0619	-77.0597	-77.0535	-77.0444	-77.0333	-77.0208	-77.0071	-76.9928	-76.9778	-76.9625	-76.9469	-76.9311	-76.9152	-76.8992	-76.8833	-76.8675	-76.8521	-76.8371	-76.8229	-76.8097	-76.798	-76.7884	-76.7815	-76.7782	-76.7797	-76.7872	-76.8021	-76.8255	-76.859
5.455	-76.8316	-76.8904	-76.9508	-76.9981	-77.0309	-77.0513	-77.0618	-77.065	-77.0628	-77.0566	-77.0475	-77.0365	-77.0239	-77.0103	-76.996	-76.9811	-76.9658	-76.9502	-76.9344	-76.9185	-76.9026	-76.8867	-76.871	-76.8556	-76.8406	-76.8264	-76.8133	-76.8016	-76.792	-76.7851	-76.7819	-76.7834	-76.7909	-76.8057	-76.8291	-76.8626
5.46	-76.8348	-76.8936	-76.9539	-77.0012	-77.034	-77.0543	-77.0649	-77.0681	-77.0658	-77.0597	-77.0507	-77.0396	-77.0271	-77.0135	-76.9992	-76.9844	-76.9691	-76.9535	-76.9378	-76.9219	-76.906	-76.8901	-76.8744	-76.8591	-76.8442	-76.83	-76.8169	-76.8052	-76.7956	-76.7887	-76.7855	-76.787	-76.7945	-76.8094	-76.8327	-76.8661
5.465	-76.838	-76.8968	-76.957	-77.0043	-77.0371	-77.0574	-77.0679	-77.0711	-77.0689	-77.0628	-77.0538	-77.0428	-77.0303	-77.0168	-77.0025	-76.9876	-76.9724	-76.9568	-76.9411	-76.9253	-76.9094	-76.8936	-76.8779	-76.8625	-76.8477	-76.8335	-76.8204	-76.8088	-76.7992	-76.7924	-76.7891	-76.7906	-76.7982	-76.813	-76.8363	-76.8697
5.47	-76.8412	-76.8999	-76.9601	-77.0074	-77.0401	-77.0604	-77.071	-77.0742	-77.072	-77.0659	-77.0569	-77.0459	-77.0335	-77.02	-77.0057	-76.9909	-76.9756	-76.9601	-76.9444	-76.9286	-76.9128	-76.897	-76.8813	-76.866	-76.8512	-76.837	-76.824	-76.8124	-76.8028	-76.796	-76.7928	-76.7943	-76.8018	-76.8166	-76.8399	-76.8732
5.475	-76.8444	-76.9031	-76.9632	-77.0104	-77.0432	-77.0635	-77.074	-77.0773	-77.0751	-77.069	-77.06	-77.0491	-77.0366	-77.0231	-77.0089	-76.9941	-76.9789	-76.9634	-76.9478	-76.932	-76.9161	-76.9004	-76.8848	-76.8695	-76.8546	-76.8406	-76.8275	-76.816	-76.8064	-76.7996	-76.7964	-76.7979	-76.8054	-76.8202	-76.8434	-76.8767
5.48	-76.8476	-76.9062	-76.9663	-77.0135	-77.0462	-77.0665	-77.0771	-77.0803	-77.0782	-77.0721	-77.0632	-77.0522	-77.0398	-77.0263	-77.0121	-76.9973	-76.9822	-76.9667	-76.9511	-76.9353	-76.9195	-76.9038	-76.8882	-76.8729	-76.8581	-76.8441	-76.8311	-76.8195	-76.81	-76.8032	-76.8	-76.8015	-76.809	-76.8238	-76.847	-76.8803
5.485	-76.8508	-76.9094	-76.9694	-77.0165	-77.0492	-77.0695	-77.0801	-77.0834	-77.0812	-77.0752	-77.0663	-77.0553	-77.0429	-77.0295	-77.0153	-77.0006	-76.9854	-76.97	-76.9544	-76.9387	-76.9229	-76.9072	-76.8916	-76.8764	-76.8616	-76.8476	-76.8346	-76.8231	-76.8136	-76.8068	-76.8036	-76.8051	-76.8126	-76.8274	-76.8506	-76.8838
5.49	-76.854	-76.9125	-76.9725	-77.0196	-77.0523	-77.0726	-77.0832	-77.0864	-77.0843	-77.0782	-77.0694	-77.0585	-77.0461	-77.0327	-77.0185	-77.0038	-76.9887	-76.9733	-76.9577	-76.942	-76.9262	-76.9106	-76.895	-76.8798	-76.8651	-76.8511	-76.8381	-76.8266	-76.8171	-76.8104	-76.8072	-76.8087	-76.8162	-76.831	-76.8541	-76.8873
5.495	-76.8572	-76.9156	-76.9756	-77.0226	-77.0553	-77.0756	-77.0862	-77.0895	-77.0874	-77.0813	-77.0725	-77.0616	-77.0492	-77.0359	-77.0217	-77.007	-76.9919	-76.9766	-76.961	-76.9453	-76.9296	-76.9139	-76.8984	-76.8832	-76.8685	-76.8546	-76.8416	-76.8302	-76.8207	-76.814	-76.8108	-76.8123	-76.8198	-76.8345	-76.8577	-76.8908
5.5	-76.8604	-76.9187	-76.9787	-77.0257	-77.0583	-77.0786	-77.0892	-77.0925	-77.0904	-77.0844	-77.0756	-77.0647	-77.0524	-77.039	-77.0249	-77.0102	-76.9952	-76.9798	-76.9643	-76.9486	-76.9329	-76.9173	-76.9018	-76.8867	-76.872	-76.8581	-76.8452	-76.8337	-76.8243	-76.8175	-76.8144	-76.8159	-76.8234	-76.8381	-76.8612	-76.8943
5.505	-76.8636	-76.9219	-76.9817	-77.0287	-77.0613	-77.0816	-77.0922	-77.0955	-77.0935	-77.0875	-77.0787	-77.0678	-77.0555	-77.0422	-77.0281	-77.0134	-76.9984	-76.9831	-76.9676	-76.952	-76.9363	-76.9207	-76.9053	-76.8901	-76.8755	-76.8615	-76.8487	-76.8372	-76.8278	-76.8211	-76.818	-76.8195	-76.827	-76.8417	-76.8647	-76.8978
5.51	-76.8668	-76.925	-76.9848	-77.0318	-77.0644	-77.0846	-77.0953	-77.0986	-77.0965	-77.0905	-77.0817	-77.0709	-77.0586	-77.0453	-77.0313	-77.0166	-77.0016	-76.9863	-76.9709	-76.9553	-76.9396	-76.9241	-76.9086	-76.8935	-76.8789	-76.865	-76.8522	-76.8408	-76.8314	-76.8247	-76.8215	-76.8231	-76.8306	-76.8452	-76.8683	-76.9013
5.515	-76.8699	-76.9281	-76.9879	-77.0348	-77.0674	-77.0877	-77.0983	-77.1016	-77.0995	-77.0936	-77.0848	-77.074	-77.0618	-77.0485	-77.0344	-77.0198	-77.0049	-76.9896	-76.9741	-76.9586	-76.943	-76.9274	-76.912	-76.8969	-76.8823	-76.8685	-76.8557	-76.8443	-76.8349	-76.8282	-76.8251	-76.8267	-76.8341	-76.8488	-76.8718	-76.9048
5.52	-76.8731	-76.9312	-76.9909	-77.0378	-77.0704	-77.0907	-77.1013	-77.1046	-77.1026	-77.0966	-77.0879	-77.0771	-77.0649	-77.0516	-77.0376	-77.023	-77.0081	-76.9928	-76.9774	-76.9619	-76.9463	-76.9308	-76.9154	-76.9004	-76.8858	-76.8719	-76.8591	-76.8478	-76.8384	-76.8318	-76.8287	-76.8302	-76.8377	-76.8523	-76.8753	-76.9082
5.525	-76.8763	-76.9343	-76.994	-77.0408	-77.0734	-77.0937	-77.1043	-77.1076	-77.1056	-77.0997	-77.091	-77.0802	-77.068	-77.0548	-77.0408	-77.0262	-77.0113	-76.9961	-76.9807	-76.9652	-76.9496	-76.9341	-76.9188	-76.9038	-76.8892	-76.8754	-76.8626	-76.8513	-76.842	-76.8353	-76.8322	-76.8338	-76.8413	-76.8559	-76.8788	-76.9117
5.53	-76.8794	-76.9374	-76.997	-77.0438	-77.0764	-77.0966	-77.1073	-77.1106	-77.1086	-77.1027	-77.094	-77.0833	-77.0711	-77.0579	-77.0439	-77.0294	-77.0145	-76.9993	-76.9839	-76.9685	-76.9529	-76.9375	-76.9222	-76.9072	-76.8926	-76.8789	-76.8661	-76.8548	-76.8455	-76.8389	-76.8358	-76.8374	-76.8448	-76.8594	-76.8823	-76.9152
5.535	-76.8826	-76.9405	-77.0001	-77.0469	-77.0794	-77.0996	-77.1103	-77.1136	-77.1116	-77.1058	-77.0971	-77.0864	-77.0742	-77.061	-77.0471	-77.0326	-77.0177	-77.0025	-76.9872	-76.9717	-76.9562	-76.9408	-76.9255	-76.9105	-76.8961	-76.8823	-76.8696	-76.8583	-76.849	-76.8424	-76.8393	-76.8409	-76.8483	-76.8629	-76.8858	-76.9186
5.54	-76.8857	-76.9436	-77.0031	-77.0499	-77.0824	-77.1026	-77.1133	-77.1166	-77.1147	-77.1088	-77.1001	-77.0894	-77.0773	-77.0641	-77.0502	-77.0358	-77.0209	-77.0058	-76.9904	-76.975	-76.9595	-76.9441	-76.9289	-76.9139	-76.8995	-76.8857	-76.873	-76.8618	-76.8525	-76.8459	-76.8429	-76.8444	-76.8519	-76.8664	-76.8893	-76.9221
5.545	-76.8889	-76.9467	-77.0061	-77.0529	-77.0853	-77.1056	-77.1162	-77.1196	-77.1177	-77.1118	-77.1032	-77.0925	-77.0804	-77.0673	-77.0534	-77.0389	-77.0241	-77.009	-76.9937	-76.9783	-76.9628	-76.9475	-76.9322	-76.9173	-76.9029	-76.8892	-76.8765	-76.8653	-76.856	-76.8494	-76.8464	-76.848	-76.8554	-76.8699	-76.8928	-76.9255
5.55	-76.892	-76.9498	-77.0092	-77.0559	-77.0883	-77.1086	-77.1192	-77.1226	-77.1207	-77.1149	-77.1062	-77.0956	-77.0835	-77.0704	-77.0565	-77.0421	-77.0273	-77.0122	-76.9969	-76.9815	-76.9661	-76.9508	-76.9356	-76.9207	-76.9063	-76.8926	-76.88	-76.8687	-76.8595	-76.853	-76.8499	-76.8515	-76.8589	-76.8734	-76.8962	-76.929
5.555	-76.8952	-76.9528	-77.0122	-77.0588	-77.0913	-77.1115	-77.1222	-77.1256	-77.1237	-77.1179	-77.1093	-77.0986	-77.0866	-77.0735	-77.0596	-77.0452	-77.0305	-77.0154	-77.0002	-76.9848	-76.9694	-76.9541	-76.9389	-76.9241	-76.9097	-76.896	-76.8834	-76.8722	-76.863	-76.8565	-76.8534	-76.855	-76.8624	-76.8769	-76.8997	-76.9324
5.56	-76.8983	-76.9559	-77.0152	-77.0618	-77.0943	-77.1145	-77.1252	-77.1286	-77.1267	-77.1209	-77.1123	-77.1017	-77.0897	-77.0766	-77.0628	-77.0484	-77.0337	-77.0186	-77.0034	-76.9881	-76.9727	-76.9574	-76.9423	-76.9274	-76.9131	-76.8994	-76.8868	-76.8757	-76.8665	-76.86	-76.857	-76.8585	-76.866	-76.8804	-76.9032	-76.9358
5.565	-76.9014	-76.959	-77.0182	-77.0648	-77.0972	-77.1175	-77.1281	-77.1316	-77.1297	-77.1239	-77.1153	-77.1048	-77.0927	-77.0797	-77.0659	-77.0516	-77.0368	-77.0218	-77.0066	-76.9913	-76.976	-76.9607	-76.9456	-76.9308	-76.9165	-76.9028	-76.8903	-76.8791	-76.87	-76.8635	-76.8605	-76.8621	-76.8695	-76.8839	-76.9066	-76.9392
5.57	-76.9045	-76.9621	-77.0212	-77.0678	-77.1002	-77.1204	-77.1311	-77.1345	-77.1327	-77.1269	-77.1184	-77.1078	-77.0958	-77.0828	-77.069	-77.0547	-77.04	-77.025	-77.0098	-76.9946	-76.9792	-76.964	-76.9489	-76.9341	-76.9198	-76.9062	-76.8937	-76.8826	-76.8734	-76.8669	-76.864	-76.8656	-76.873	-76.8874	-76.9101	-76.9426
5.575	-76.9077	-76.9651	-77.0243	-77.0708	-77.1032	-77.1234	-77.134	-77.1375	-77.1356	-77.1299	-77.1214	-77.1108	-77.0989	-77.0859	-77.0721	-77.0578	-77.0432	-77.0282	-77.0131	-76.9978	-76.9825	-76.9673	-76.9522	-76.9375	-76.9232	-76.9096	-76.8971	-76.886	-76.8769	-76.8704	-76.8675	-76.8691	-76.8764	-76.8909	-76.9135	-76.946
5.58	-76.9108	-76.9682	-77.0273	-77.0737	-77.1061	-77.1263	-77.137	-77.1405	-77.1386	-77.1329	-77.1244	-77.1139	-77.1019	-77.089	-77.0752	-77.061	-77.0463	-77.0314	-77.0163	-77.001	-76.9858	-76.9706	-76.9555	-76.9408	-76.9266	-76.913	-76.9005	-76.8895	-76.8804	-76.8739	-76.8709	-76.8725	-76.8799	-76.8943	-76.917	-76.9494
5.585	-76.9139	-76.9712	-77.0303	-77.0767	-77.1091	-77.1293	-77.1399	-77.1434	-77.1416	-77.1359	-77.1274	-77.1169	-77.105	-77.092	-77.0783	-77.0641	-77.0495	-77.0346	-77.0195	-77.0043	-76.989	-76.9739	-76.9589	-76.9441	-76.9299	-76.9164	-76.9039	-76.8929	-76.8838	-76.8774	-76.8744	-76.876	-76.8834	-76.8978	-76.9204	-76.9528
5.59	-76.917	-76.9743	-77.0333	-77.0797	-77.112	-77.1322	-77.1429	-77.1464	-77.1446	-77.1389	-77.1304	-77.1199	-77.108	-77.0951	-77.0814	-77.0672	-77.0526	-77.0377	-77.0227	-77.0075	-76.9923	-76.9771	-76.9622	-76.9475	-76.9333	-76.9198	-76.9073	-76.8963	-76.8873	-76.8808	-76.8779	-76.8795	-76.8869	-76.9013	-76.9238	-76.9562
5.595	-76.9201	-76.9773	-77.0362	-77.0826	-77.1149	-77.1351	-77.1458	-77.1493	-77.1475	-77.1419	-77.1334	-77.123	-77.1111	-77.0982	-77.0845	-77.0703	-77.0558	-77.0409	-77.0259	-77.0107	-76.9955	-76.9804	-76.9654	-76.9508	-76.9366	-76.9232	-76.9108	-76.8997	-76.8907	-76.8843	-76.8814	-76.883	-76.8903	-76.9047	-76.9273	-76.9596
5.6	-76.9232	-76.9803	-77.0392	-77.0856	-77.1179	-77.1381	-77.1488	-77.1523	-77.1505	-77.1448	-77.1364	-77.126	-77.1141	-77.1012	-77.0876	-77.0734	-77.0589	-77.0441	-77.029	-77.0139	-76.9988	-76.9837	-76.9687	-76.9541	-76.94	-76.9265	-76.9141	-76.9032	-76.8941	-76.8877	-76.8848	-76.8864	-76.8938	-76.9081	-76.9307	-76.963
5.605	-76.9263	-76.9834	-77.0422	-77.0885	-77.1208	-77.141	-77.1517	-77.1552	-77.1534	-77.1478	-77.1394	-77.129	-77.1172	-77.1043	-77.0907	-77.0766	-77.062	-77.0472	-77.0322	-77.0171	-77.002	-76.9869	-76.972	-76.9574	-76.9433	-76.9299	-76.9175	-76.9066	-76.8976	-76.8912	-76.8883	-76.8899	-76.8973	-76.9116	-76.9341	-76.9663
5.61	-76.9294	-76.9864	-77.0452	-77.0915	-77.1237	-77.1439	-77.1546	-77.1581	-77.1564	-77.1508	-77.1424	-77.132	-77.1202	-77.1074	-77.0938	-77.0797	-77.0652	-77.0504	-77.0354	-77.0203	-77.0052	-76.9902	-76.9753	-76.9607	-76.9466	-76.9333	-76.9209	-76.91	-76.901	-76.8946	-76.8917	-76.8934	-76.9007	-76.915	-76.9375	-76.9697
5.615	-76.9325	-76.9894	-77.0482	-77.0944	-77.1267	-77.1468	-77.1575	-77.1611	-77.1593	-77.1537	-77.1454	-77.135	-77.1232	-77.1104	-77.0969	-77.0828	-77.0683	-77.0535	-77.0386	-77.0235	-77.0085	-76.9934	-76.9786	-76.964	-76.95	-76.9366	-76.9243	-76.9134	-76.9044	-76.8981	-76.8952	-76.8968	-76.9041	-76.9184	-76.9409	-76.9731
5.62	-76.9355	-76.9925	-77.0511	-77.0974	-77.1296	-77.1498	-77.1605	-77.164	-77.1623	-77.1567	-77.1484	-77.138	-77.1263	-77.1135	-77.0999	-77.0859	-77.0714	-77.0567	-77.0417	-77.0267	-77.0117	-76.9967	-76.9818	-76.9673	-76.9533	-76.94	-76.9277	-76.9168	-76.9078	-76.9015	-76.8986	-76.9002	-76.9076	-76.9219	-76.9443	-76.9764
5.625	-76.9386	-76.9955	-77.0541	-77.1003	-77.1325	-77.1527	-77.1634	-77.1669	-77.1652	-77.1597	-77.1513	-77.141	-77.1293	-77.1165	-77.103	-77.0889	-77.0745	-77.0598	-77.0449	-77.0299	-77.0149	-76.9999	-76.9851	-76.9706	-76.9566	-76.9433	-76.931	-76.9202	-76.9112	-76.9049	-76.902	-76.9037	-76.911	-76.9253	-76.9476	-76.9797
5.63	-76.9417	-76.9985	-77.0571	-77.1032	-77.1354	-77.1556	-77.1663	-77.1698	-77.1682	-77.1626	-77.1543	-77.144	-77.1323	-77.1195	-77.106	-77.092	-77.0776	-77.0629	-77.0481	-77.0331	-77.0181	-77.0031	-76.9884	-76.9739	-76.9599	-76.9466	-76.9344	-76.9235	-76.9146	-76.9083	-76.9055	-76.9071	-76.9144	-76.9287	-76.951	-76.9831
5.635	-76.9448	-77.0015	-77.06	-77.1061	-77.1383	-77.1585	-77.1692	-77.1728	-77.1711	-77.1656	-77.1573	-77.147	-77.1353	-77.1226	-77.1091	-77.0951	-77.0807	-77.0661	-77.0512	-77.0363	-77.0213	-77.0064	-76.9916	-76.9772	-76.9632	-76.95	-76.9377	-76.9269	-76.918	-76.9117	-76.9089	-76.9105	-76.9178	-76.9321	-76.9544	-76.9864
5.64	-76.9478	-77.0045	-77.063	-77.1091	-77.1412	-77.1614	-77.1721	-77.1757	-77.174	-77.1685	-77.1602	-77.15	-77.1383	-77.1256	-77.1122	-77.0982	-77.0838	-77.0692	-77.0544	-77.0394	-77.0245	-77.0096	-76.9949	-76.9805	-76.9665	-76.9533	-76.9411	-76.9303	-76.9214	-76.9151	-76.9123	-76.9139	-76.9213	-76.9355	-76.9578	-76.9897
5.645	-76.9509	-77.0075	-77.0659	-77.112	-77.1441	-77.1643	-77.175	-77.1786	-77.1769	-77.1714	-77.1632	-77.153	-77.1413	-77.1286	-77.1152	-77.1012	-77.0869	-77.0723	-77.0575	-77.0426	-77.0277	-77.0128	-76.9981	-76.9837	-76.9698	-76.9566	-76.9444	-76.9336	-76.9248	-76.9185	-76.9157	-76.9174	-76.9247	-76.9389	-76.9611	-76.9931
5.65	-76.9539	-77.0105	-77.0689	-77.1149	-77.147	-77.1672	-77.1779	-77.1815	-77.1798	-77.1744	-77.1661	-77.1559	-77.1443	-77.1316	-77.1182	-77.1043	-77.09	-77.0754	-77.0606	-77.0458	-77.0309	-77.016	-77.0014	-76.987	-76.9731	-76.9599	-76.9478	-76.937	-76.9282	-76.9219	-76.9191	-76.9208	-76.9281	-76.9422	-76.9645	-76.9964
5.655	-76.957	-77.0135	-77.0718	-77.1178	-77.1499	-77.17	-77.1808	-77.1844	-77.1827	-77.1773	-77.1691	-77.1589	-77.1473	-77.1347	-77.1213	-77.1074	-77.0931	-77.0785	-77.0638	-77.0489	-77.034	-77.0192	-77.0046	-76.9902	-76.9764	-76.9632	-76.9511	-76.9404	-76.9315	-76.9253	-76.9225	-76.9242	-76.9314	-76.9456	-76.9678	-76.9997
5.66	-76.96	-77.0165	-77.0748	-77.1207	-77.1528	-77.1729	-77.1836	-77.1873	-77.1857	-77.1802	-77.172	-77.1619	-77.1503	-77.1377	-77.1243	-77.1104	-77.0962	-77.0816	-77.0669	-77.0521	-77.0372	-77.0224	-77.0078	-76.9935	-76.9797	-76.9665	-76.9544	-76.9437	-76.9349	-76.9287	-76.9259	-76.9276	-76.9348	-76.949	-76.9712	-77.003
5.665	-76.9631	-77.0195	-77.0777	-77.1236	-77.1557	-77.1758	-77.1865	-77.1902	-77.1886	-77.1831	-77.175	-77.1648	-77.1533	-77.1407	-77.1273	-77.1135	-77.0992	-77.0847	-77.07	-77.0552	-77.0404	-77.0256	-77.011	-76.9967	-76.9829	-76.9698	-76.9577	-76.947	-76.9383	-76.9321	-76.9293	-76.9309	-76.9382	-76.9523	-76.9745	-77.0063
5.67	-76.9661	-77.0224	-77.0806	-77.1265	-77.1585	-77.1787	-77.1894	-77.193	-77.1915	-77.1861	-77.1779	-77.1678	-77.1562	-77.1437	-77.1303	-77.1165	-77.1023	-77.0878	-77.0731	-77.0584	-77.0436	-77.0288	-77.0142	-77	-76.9862	-76.9731	-76.961	-76.9504	-76.9416	-76.9354	-76.9327	-76.9343	-76.9416	-76.9557	-76.9778	-77.0096
5.675	-76.9692	-77.0254	-77.0835	-77.1294	-77.1614	-77.1815	-77.1923	-77.1959	-77.1944	-77.189	-77.1808	-77.1707	-77.1592	-77.1467	-77.1334	-77.1196	-77.1054	-77.0909	-77.0762	-77.0615	-77.0467	-77.032	-77.0175	-77.0032	-76.9894	-76.9764	-76.9643	-76.9537	-76.945	-76.9388	-76.936	-76.9377	-76.945	-76.959	-76.9811	-77.0129
5.68	-76.9722	-77.0284	-77.0865	-77.1323	-77.1643	-77.1844	-77.1951	-77.1988	-77.1972	-77.1919	-77.1838	-77.1737	-77.1622	-77.1496	-77.1364	-77.1226	-77.1084	-77.094	-77.0794	-77.0646	-77.0499	-77.0352	-77.0207	-77.0064	-76.9927	-76.9797	-76.9676	-76.957	-76.9483	-76.9422	-76.9394	-76.9411	-76.9483	-76.9624	-76.9845	-77.0161
5.685	-76.9752	-77.0314	-77.0894	-77.1352	-77.1671	-77.1872	-77.198	-77.2017	-77.2001	-77.1948	-77.1867	-77.1766	-77.1651	-77.1526	-77.1394	-77.1256	-77.1115	-77.0971	-77.0825	-77.0677	-77.053	-77.0384	-77.0239	-77.0097	-76.996	-76.9829	-76.9709	-76.9603	-76.9516	-76.9455	-76.9428	-76.9444	-76.9517	-76.9657	-76.9878	-77.0194
5.69	-76.9782	-77.0343	-77.0923	-77.138	-77.17	-77.1901	-77.2009	-77.2045	-77.203	-77.1977	-77.1896	-77.1796	-77.1681	-77.1556	-77.1424	-77.1286	-77.1145	-77.1001	-77.0855	-77.0709	-77.0562	-77.0415	-77.0271	-77.0129	-76.9992	-76.9862	-76.9742	-76.9637	-76.955	-76.9488	-76.9461	-76.9478	-76.955	-76.9691	-76.9911	-77.0227
5.695	-76.9813	-77.0373	-77.0952	-77.1409	-77.1729	-77.193	-77.2037	-77.2074	-77.2059	-77.2006	-77.1925	-77.1825	-77.171	-77.1586	-77.1454	-77.1317	-77.1176	-77.1032	-77.0886	-77.074	-77.0593	-77.0447	-77.0303	-77.0161	-77.0024	-76.9895	-76.9775	-76.967	-76.9583	-76.9522	-76.9495	-76.9511	-76.9584	-76.9724	-76.9944	-77.0259
5.7	-76.9843	-77.0402	-77.0981	-77.1438	-77.1757	-77.1958	-77.2066	-77.2103	-77.2088	-77.2035	-77.1954	-77.1854	-77.174	-77.1616	-77.1484	-77.1347	-77.1206	-77.1063	-77.0917	-77.0771	-77.0624	-77.0479	-77.0334	-77.0193	-77.0057	-76.9927	-76.9808	-76.9703	-76.9616	-76.9555	-76.9528	-76.9545	-76.9617	-76.9757	-76.9977	-77.0292
5.705	-76.9873	-77.0432	-77.101	-77.1467	-77.1786	-77.1986	-77.2094	-77.2131	-77.2116	-77.2063	-77.1983	-77.1883	-77.1769	-77.1645	-77.1514	-77.1377	-77.1236	-77.1093	-77.0948	-77.0802	-77.0656	-77.051	-77.0366	-77.0225	-77.0089	-76.996	-76.9841	-76.9735	-76.9649	-76.9588	-76.9561	-76.9578	-76.965	-76.979	-77.001	-77.0324
5.71	-76.9903	-77.0461	-77.1039	-77.1495	-77.1814	-77.2015	-77.2122	-77.216	-77.2145	-77.2092	-77.2012	-77.1913	-77.1799	-77.1675	-77.1544	-77.1407	-77.1267	-77.1124	-77.0979	-77.0833	-77.0687	-77.0542	-77.0398	-77.0257	-77.0121	-76.9992	-76.9873	-76.9768	-76.9682	-76.9622	-76.9595	-76.9612	-76.9684	-76.9823	-77.0042	-77.0357
5.715	-76.9933	-77.0491	-77.1068	-77.1524	-77.1842	-77.2043	-77.2151	-77.2188	-77.2173	-77.2121	-77.2041	-77.1942	-77.1828	-77.1704	-77.1573	-77.1437	-77.1297	-77.1154	-77.101	-77.0864	-77.0718	-77.0573	-77.043	-77.0289	-77.0153	-77.0025	-76.9906	-76.9801	-76.9715	-76.9655	-76.9628	-76.9645	-76.9717	-76.9856	-77.0075	-77.0389
5.72	-76.9963	-77.052	-77.1097	-77.1552	-77.1871	-77.2071	-77.2179	-77.2216	-77.2202	-77.215	-77.207	-77.1971	-77.1857	-77.1734	-77.1603	-77.1467	-77.1327	-77.1185	-77.104	-77.0895	-77.0749	-77.0604	-77.0461	-77.0321	-77.0185	-77.0057	-76.9939	-76.9834	-76.9748	-76.9688	-76.9661	-76.9678	-76.975	-76.9889	-77.0108	-77.0422
5.725	-76.9993	-77.055	-77.1126	-77.1581	-77.1899	-77.21	-77.2207	-77.2245	-77.2231	-77.2178	-77.2099	-77.2	-77.1887	-77.1763	-77.1633	-77.1497	-77.1357	-77.1215	-77.1071	-77.0926	-77.078	-77.0636	-77.0493	-77.0353	-77.0218	-77.0089	-76.9971	-76.9867	-76.9781	-76.9721	-76.9694	-76.9711	-76.9783	-76.9922	-77.0141	-77.0454
5.73	-77.0023	-77.0579	-77.1155	-77.1609	-77.1927	-77.2128	-77.2236	-77.2273	-77.2259	-77.2207	-77.2128	-77.2029	-77.1916	-77.1793	-77.1662	-77.1527	-77.1387	-77.1245	-77.1101	-77.0957	-77.0811	-77.0667	-77.0524	-77.0385	-77.025	-77.0122	-77.0004	-76.9899	-76.9814	-76.9754	-76.9727	-76.9744	-76.9816	-76.9955	-77.0173	-77.0486
5.735	-77.0053	-77.0608	-77.1183	-77.1638	-77.1956	-77.2156	-77.2264	-77.2301	-77.2287	-77.2236	-77.2157	-77.2058	-77.1945	-77.1822	-77.1692	-77.1557	-77.1417	-77.1276	-77.1132	-77.0987	-77.0843	-77.0698	-77.0556	-77.0416	-77.0282	-77.0154	-77.0036	-76.9932	-76.9847	-76.9787	-76.976	-76.9777	-76.9849	-76.9988	-77.0206	-77.0518
5.74	-77.0082	-77.0637	-77.1212	-77.1666	-77.1984	-77.2184	-77.2292	-77.233	-77.2316	-77.2264	-77.2185	-77.2087	-77.1974	-77.1852	-77.1722	-77.1586	-77.1447	-77.1306	-77.1162	-77.1018	-77.0873	-77.0729	-77.0587	-77.0448	-77.0313	-77.0186	-77.0068	-76.9965	-76.988	-76.982	-76.9793	-76.981	-76.9882	-77.0021	-77.0238	-77.055
5.745	-77.0112	-77.0667	-77.1241	-77.1694	-77.2012	-77.2212	-77.232	-77.2358	-77.2344	-77.2293	-77.2214	-77.2116	-77.2003	-77.1881	-77.1751	-77.1616	-77.1477	-77.1336	-77.1193	-77.1049	-77.0904	-77.0761	-77.0619	-77.048	-77.0345	-77.0218	-77.0101	-76.9997	-76.9912	-76.9853	-76.9826	-76.9843	-76.9915	-77.0054	-77.0271	-77.0582
5.75	-77.0142	-77.0696	-77.1269	-77.1723	-77.204	-77.224	-77.2348	-77.2386	-77.2373	-77.2321	-77.2243	-77.2145	-77.2032	-77.191	-77.1781	-77.1646	-77.1507	-77.1366	-77.1223	-77.1079	-77.0935	-77.0792	-77.065	-77.0511	-77.0377	-77.025	-77.0133	-77.003	-76.9945	-76.9885	-76.9859	-76.9876	-76.9948	-77.0086	-77.0303	-77.0614
5.755	-77.0172	-77.0725	-77.1298	-77.1751	-77.2068	-77.2268	-77.2376	-77.2414	-77.2401	-77.235	-77.2271	-77.2173	-77.2061	-77.1939	-77.181	-77.1675	-77.1537	-77.1396	-77.1254	-77.111	-77.0966	-77.0823	-77.0681	-77.0543	-77.0409	-77.0282	-77.0165	-77.0062	-76.9978	-76.9918	-76.9892	-76.9909	-76.9981	-77.0119	-77.0335	-77.0646
5.76	-77.0201	-77.0754	-77.1327	-77.1779	-77.2096	-77.2296	-77.2404	-77.2442	-77.2429	-77.2378	-77.23	-77.2202	-77.209	-77.1969	-77.1839	-77.1705	-77.1567	-77.1426	-77.1284	-77.114	-77.0997	-77.0854	-77.0712	-77.0574	-77.0441	-77.0314	-77.0197	-77.0094	-77.001	-76.9951	-76.9925	-76.9942	-77.0013	-77.0151	-77.0368	-77.0678
5.765	-77.0231	-77.0783	-77.1355	-77.1807	-77.2124	-77.2324	-77.2432	-77.247	-77.2457	-77.2406	-77.2328	-77.2231	-77.2119	-77.1998	-77.1869	-77.1735	-77.1597	-77.1456	-77.1314	-77.1171	-77.1027	-77.0885	-77.0744	-77.0606	-77.0472	-77.0346	-77.0229	-77.0127	-77.0043	-76.9983	-76.9957	-76.9974	-77.0046	-77.0184	-77.04	-77.071
5.77	-77.0261	-77.0812	-77.1384	-77.1835	-77.2152	-77.2352	-77.246	-77.2498	-77.2485	-77.2435	-77.2357	-77.2259	-77.2148	-77.2027	-77.1898	-77.1764	-77.1627	-77.1486	-77.1344	-77.1201	-77.1058	-77.0916	-77.0775	-77.0637	-77.0504	-77.0378	-77.0261	-77.0159	-77.0075	-77.0016	-76.999	-77.0007	-77.0079	-77.0216	-77.0432	-77.0742
5.775	-77.029	-77.0841	-77.1412	-77.1864	-77.218	-77.238	-77.2488	-77.2526	-77.2513	-77.2463	-77.2385	-77.2288	-77.2177	-77.2056	-77.1927	-77.1794	-77.1656	-77.1516	-77.1374	-77.1232	-77.1089	-77.0946	-77.0806	-77.0668	-77.0535	-77.0409	-77.0293	-77.0191	-77.0107	-77.0049	-77.0023	-77.004	-77.0111	-77.0249	-77.0464	-77.0774
5.78	-77.032	-77.087	-77.144	-77.1892	-77.2208	-77.2408	-77.2516	-77.2554	-77.2541	-77.2491	-77.2414	-77.2317	-77.2206	-77.2085	-77.1957	-77.1823	-77.1686	-77.1546	-77.1405	-77.1262	-77.1119	-77.0977	-77.0837	-77.0699	-77.0567	-77.0441	-77.0325	-77.0223	-77.014	-77.0081	-77.0055	-77.0072	-77.0144	-77.0281	-77.0496	-77.0805
5.785	-77.0349	-77.0899	-77.1469	-77.192	-77.2236	-77.2436	-77.2544	-77.2582	-77.2569	-77.2519	-77.2442	-77.2345	-77.2234	-77.2114	-77.1986	-77.1852	-77.1716	-77.1576	-77.1435	-77.1292	-77.115	-77.1008	-77.0868	-77.0731	-77.0598	-77.0473	-77.0357	-77.0255	-77.0172	-77.0113	-77.0088	-77.0105	-77.0176	-77.0313	-77.0528	-77.0837
5.79	-77.0378	-77.0928	-77.1497	-77.1948	-77.2264	-77.2463	-77.2571	-77.261	-77.2597	-77.2547	-77.247	-77.2374	-77.2263	-77.2143	-77.2015	-77.1882	-77.1745	-77.1606	-77.1465	-77.1323	-77.118	-77.1039	-77.0899	-77.0762	-77.063	-77.0504	-77.0389	-77.0287	-77.0204	-77.0146	-77.012	-77.0137	-77.0208	-77.0345	-77.056	-77.0868
5.795	-77.0408	-77.0956	-77.1525	-77.1976	-77.2291	-77.2491	-77.2599	-77.2638	-77.2625	-77.2575	-77.2499	-77.2402	-77.2292	-77.2171	-77.2044	-77.1911	-77.1775	-77.1635	-77.1495	-77.1353	-77.1211	-77.1069	-77.093	-77.0793	-77.0661	-77.0536	-77.0421	-77.0319	-77.0236	-77.0178	-77.0153	-77.017	-77.0241	-77.0378	-77.0592	-77.09
5.8	-77.0437	-77.0985	-77.1554	-77.2004	-77.2319	-77.2519	-77.2627	-77.2666	-77.2653	-77.2604	-77.2527	-77.2431	-77.232	-77.22	-77.2073	-77.194	-77.1804	-77.1665	-77.1525	-77.1383	-77.1241	-77.11	-77.096	-77.0824	-77.0692	-77.0568	-77.0453	-77.0351	-77.0268	-77.021	-77.0185	-77.0202	-77.0273	-77.041	-77.0624	-77.0931
5.805	-77.0467	-77.1014	-77.1582	-77.2031	-77.2347	-77.2546	-77.2654	-77.2693	-77.2681	-77.2632	-77.2555	-77.2459	-77.2349	-77.2229	-77.2102	-77.197	-77.1833	-77.1695	-77.1554	-77.1413	-77.1271	-77.1131	-77.0991	-77.0855	-77.0724	-77.0599	-77.0484	-77.0383	-77.03	-77.0242	-77.0217	-77.0234	-77.0305	-77.0442	-77.0655	-77.0963
5.81	-77.0496	-77.1042	-77.161	-77.2059	-77.2374	-77.2574	-77.2682	-77.2721	-77.2709	-77.2659	-77.2583	-77.2487	-77.2378	-77.2258	-77.2131	-77.1999	-77.1863	-77.1724	-77.1584	-77.1443	-77.1302	-77.1161	-77.1022	-77.0886	-77.0755	-77.063	-77.0516	-77.0415	-77.0332	-77.0275	-77.0249	-77.0266	-77.0337	-77.0474	-77.0687	-77.0994
5.815	-77.0525	-77.1071	-77.1638	-77.2087	-77.2402	-77.2601	-77.271	-77.2749	-77.2737	-77.2687	-77.2611	-77.2516	-77.2406	-77.2287	-77.216	-77.2028	-77.1892	-77.1754	-77.1614	-77.1473	-77.1332	-77.1191	-77.1053	-77.0917	-77.0786	-77.0662	-77.0547	-77.0447	-77.0364	-77.0307	-77.0281	-77.0299	-77.0369	-77.0506	-77.0719	-77.1025
5.82	-77.0554	-77.11	-77.1666	-77.2115	-77.243	-77.2629	-77.2737	-77.2776	-77.2764	-77.2715	-77.2639	-77.2544	-77.2434	-77.2315	-77.2189	-77.2057	-77.1921	-77.1783	-77.1644	-77.1503	-77.1362	-77.1222	-77.1083	-77.0948	-77.0817	-77.0693	-77.0579	-77.0478	-77.0396	-77.0339	-77.0314	-77.0331	-77.0402	-77.0537	-77.075	-77.1057
5.825	-77.0583	-77.1128	-77.1694	-77.2142	-77.2457	-77.2656	-77.2765	-77.2804	-77.2792	-77.2743	-77.2667	-77.2572	-77.2463	-77.2344	-77.2217	-77.2086	-77.1951	-77.1813	-77.1673	-77.1533	-77.1392	-77.1252	-77.1114	-77.0979	-77.0848	-77.0724	-77.061	-77.051	-77.0428	-77.0371	-77.0346	-77.0363	-77.0434	-77.0569	-77.0782	-77.1088
5.83	-77.0612	-77.1157	-77.1722	-77.217	-77.2485	-77.2684	-77.2792	-77.2831	-77.282	-77.2771	-77.2695	-77.26	-77.2491	-77.2372	-77.2246	-77.2115	-77.198	-77.1842	-77.1703	-77.1563	-77.1422	-77.1283	-77.1144	-77.1009	-77.0879	-77.0756	-77.0642	-77.0542	-77.046	-77.0402	-77.0378	-77.0395	-77.0465	-77.0601	-77.0814	-77.1119
5.835	-77.0642	-77.1185	-77.175	-77.2198	-77.2512	-77.2711	-77.2819	-77.2859	-77.2847	-77.2799	-77.2723	-77.2628	-77.252	-77.2401	-77.2275	-77.2144	-77.2009	-77.1872	-77.1733	-77.1593	-77.1452	-77.1313	-77.1175	-77.104	-77.091	-77.0787	-77.0673	-77.0573	-77.0492	-77.0434	-77.041	-77.0427	-77.0497	-77.0633	-77.0845	-77.115
5.84	-77.0671	-77.1214	-77.1778	-77.2225	-77.254	-77.2739	-77.2847	-77.2886	-77.2875	-77.2826	-77.2751	-77.2656	-77.2548	-77.2429	-77.2304	-77.2173	-77.2038	-77.1901	-77.1762	-77.1622	-77.1482	-77.1343	-77.1205	-77.1071	-77.0941	-77.0818	-77.0705	-77.0605	-77.0523	-77.0466	-77.0441	-77.0459	-77.0529	-77.0665	-77.0876	-77.1181
5.845	-77.07	-77.1242	-77.1806	-77.2253	-77.2567	-77.2766	-77.2874	-77.2914	-77.2902	-77.2854	-77.2779	-77.2684	-77.2576	-77.2458	-77.2332	-77.2202	-77.2067	-77.193	-77.1792	-77.1652	-77.1512	-77.1373	-77.1236	-77.1101	-77.0972	-77.0849	-77.0736	-77.0636	-77.0555	-77.0498	-77.0473	-77.049	-77.0561	-77.0696	-77.0908	-77.1212
5.85	-77.0729	-77.1271	-77.1834	-77.2281	-77.2594	-77.2793	-77.2901	-77.2941	-77.293	-77.2882	-77.2807	-77.2712	-77.2604	-77.2486	-77.2361	-77.223	-77.2096	-77.196	-77.1821	-77.1682	-77.1542	-77.1403	-77.1266	-77.1132	-77.1003	-77.088	-77.0767	-77.0668	-77.0586	-77.053	-77.0505	-77.0522	-77.0593	-77.0728	-77.0939	-77.1243
5.855	-77.0758	-77.1299	-77.1862	-77.2308	-77.2622	-77.282	-77.2929	-77.2968	-77.2957	-77.2909	-77.2835	-77.274	-77.2632	-77.2514	-77.2389	-77.2259	-77.2125	-77.1989	-77.1851	-77.1711	-77.1572	-77.1433	-77.1296	-77.1163	-77.1033	-77.0911	-77.0798	-77.0699	-77.0618	-77.0561	-77.0537	-77.0554	-77.0624	-77.0759	-77.097	-77.1274
5.86	-77.0786	-77.1327	-77.189	-77.2336	-77.2649	-77.2848	-77.2956	-77.2996	-77.2985	-77.2937	-77.2862	-77.2768	-77.2661	-77.2543	-77.2418	-77.2288	-77.2154	-77.2018	-77.188	-77.1741	-77.1602	-77.1463	-77.1327	-77.1193	-77.1064	-77.0942	-77.0829	-77.073	-77.0649	-77.0593	-77.0568	-77.0586	-77.0656	-77.0791	-77.1001	-77.1305
5.865	-77.0815	-77.1355	-77.1917	-77.2363	-77.2676	-77.2875	-77.2983	-77.3023	-77.3012	-77.2964	-77.289	-77.2796	-77.2689	-77.2571	-77.2446	-77.2317	-77.2183	-77.2047	-77.1909	-77.177	-77.1632	-77.1493	-77.1357	-77.1223	-77.1095	-77.0973	-77.086	-77.0762	-77.0681	-77.0624	-77.06	-77.0617	-77.0688	-77.0822	-77.1033	-77.1335
5.87	-77.0844	-77.1384	-77.1945	-77.239	-77.2703	-77.2902	-77.301	-77.305	-77.304	-77.2992	-77.2918	-77.2824	-77.2717	-77.2599	-77.2475	-77.2345	-77.2212	-77.2076	-77.1938	-77.18	-77.1661	-77.1523	-77.1387	-77.1254	-77.1125	-77.1003	-77.0891	-77.0793	-77.0712	-77.0656	-77.0632	-77.0649	-77.0719	-77.0853	-77.1064	-77.1366
5.875	-77.0873	-77.1412	-77.1973	-77.2418	-77.273	-77.2929	-77.3037	-77.3077	-77.3067	-77.3019	-77.2945	-77.2852	-77.2745	-77.2627	-77.2503	-77.2374	-77.2241	-77.2105	-77.1968	-77.1829	-77.1691	-77.1553	-77.1417	-77.1284	-77.1156	-77.1034	-77.0922	-77.0824	-77.0744	-77.0687	-77.0663	-77.0681	-77.0751	-77.0885	-77.1095	-77.1397
5.88	-77.0902	-77.144	-77.2001	-77.2445	-77.2757	-77.2956	-77.3064	-77.3104	-77.3094	-77.3047	-77.2973	-77.288	-77.2773	-77.2656	-77.2532	-77.2402	-77.227	-77.2134	-77.1997	-77.1859	-77.1721	-77.1583	-77.1447	-77.1314	-77.1186	-77.1065	-77.0953	-77.0855	-77.0775	-77.0719	-77.0695	-77.0712	-77.0782	-77.0916	-77.1126	-77.1427
5.885	-77.093	-77.1468	-77.2028	-77.2472	-77.2785	-77.2983	-77.3091	-77.3132	-77.3121	-77.3074	-77.3	-77.2907	-77.28	-77.2684	-77.256	-77.2431	-77.2298	-77.2163	-77.2026	-77.1888	-77.175	-77.1613	-77.1477	-77.1345	-77.1217	-77.1096	-77.0984	-77.0886	-77.0806	-77.075	-77.0726	-77.0743	-77.0813	-77.0947	-77.1157	-77.1458
5.89	-77.0959	-77.1496	-77.2056	-77.2499	-77.2812	-77.301	-77.3118	-77.3159	-77.3148	-77.3102	-77.3028	-77.2935	-77.2828	-77.2712	-77.2588	-77.2459	-77.2327	-77.2192	-77.2055	-77.1918	-77.178	-77.1643	-77.1507	-77.1375	-77.1247	-77.1126	-77.1015	-77.0917	-77.0837	-77.0781	-77.0757	-77.0775	-77.0845	-77.0978	-77.1187	-77.1488
5.895	-77.0988	-77.1524	-77.2083	-77.2527	-77.2839	-77.3037	-77.3145	-77.3186	-77.3176	-77.3129	-77.3055	-77.2963	-77.2856	-77.274	-77.2616	-77.2488	-77.2355	-77.2221	-77.2084	-77.1947	-77.1809	-77.1672	-77.1537	-77.1405	-77.1278	-77.1157	-77.1046	-77.0948	-77.0868	-77.0813	-77.0789	-77.0806	-77.0876	-77.1009	-77.1218	-77.1519
5.9	-77.1016	-77.1552	-77.2111	-77.2554	-77.2866	-77.3064	-77.3172	-77.3213	-77.3203	-77.3156	-77.3083	-77.299	-77.2884	-77.2768	-77.2645	-77.2516	-77.2384	-77.225	-77.2113	-77.1976	-77.1839	-77.1702	-77.1567	-77.1435	-77.1308	-77.1187	-77.1077	-77.0979	-77.0899	-77.0844	-77.082	-77.0837	-77.0907	-77.104	-77.1249	-77.1549
5.905	-77.1045	-77.158	-77.2138	-77.2581	-77.2892	-77.3091	-77.3199	-77.324	-77.323	-77.3183	-77.311	-77.3018	-77.2912	-77.2796	-77.2673	-77.2544	-77.2413	-77.2278	-77.2142	-77.2005	-77.1868	-77.1732	-77.1597	-77.1465	-77.1338	-77.1218	-77.1107	-77.101	-77.093	-77.0875	-77.0851	-77.0869	-77.0938	-77.1071	-77.128	-77.158
5.91	-77.1073	-77.1608	-77.2166	-77.2608	-77.2919	-77.3117	-77.3226	-77.3267	-77.3257	-77.321	-77.3137	-77.3045	-77.2939	-77.2824	-77.2701	-77.2573	-77.2441	-77.2307	-77.2171	-77.2034	-77.1897	-77.1761	-77.1627	-77.1495	-77.1368	-77.1248	-77.1138	-77.1041	-77.0961	-77.0906	-77.0882	-77.09	-77.0969	-77.1102	-77.131	-77.161
5.915	-77.1102	-77.1636	-77.2193	-77.2635	-77.2946	-77.3144	-77.3253	-77.3293	-77.3284	-77.3238	-77.3165	-77.3073	-77.2967	-77.2851	-77.2729	-77.2601	-77.247	-77.2336	-77.22	-77.2063	-77.1927	-77.1791	-77.1656	-77.1525	-77.1399	-77.1279	-77.1168	-77.1071	-77.0992	-77.0937	-77.0913	-77.0931	-77.1	-77.1133	-77.1341	-77.164
5.92	-77.113	-77.1664	-77.222	-77.2662	-77.2973	-77.3171	-77.3279	-77.332	-77.3311	-77.3265	-77.3192	-77.31	-77.2995	-77.2879	-77.2757	-77.2629	-77.2498	-77.2364	-77.2229	-77.2093	-77.1956	-77.182	-77.1686	-77.1555	-77.1429	-77.1309	-77.1199	-77.1102	-77.1023	-77.0968	-77.0945	-77.0962	-77.1031	-77.1164	-77.1372	-77.167
5.925	-77.1159	-77.1692	-77.2248	-77.2689	-77.3	-77.3198	-77.3306	-77.3347	-77.3338	-77.3292	-77.3219	-77.3128	-77.3022	-77.2907	-77.2785	-77.2657	-77.2526	-77.2393	-77.2258	-77.2122	-77.1985	-77.185	-77.1716	-77.1585	-77.1459	-77.1339	-77.1229	-77.1133	-77.1054	-77.0999	-77.0976	-77.0993	-77.1062	-77.1195	-77.1402	-77.1701
5.93	-77.1187	-77.1719	-77.2275	-77.2716	-77.3027	-77.3224	-77.3333	-77.3374	-77.3364	-77.3319	-77.3246	-77.3155	-77.305	-77.2935	-77.2813	-77.2686	-77.2555	-77.2421	-77.2286	-77.215	-77.2014	-77.1879	-77.1745	-77.1615	-77.1489	-77.137	-77.126	-77.1163	-77.1085	-77.103	-77.1007	-77.1024	-77.1093	-77.1226	-77.1433	-77.1731
5.935	-77.1215	-77.1747	-77.2302	-77.2743	-77.3053	-77.3251	-77.336	-77.34	-77.3391	-77.3346	-77.3274	-77.3182	-77.3077	-77.2962	-77.2841	-77.2714	-77.2583	-77.245	-77.2315	-77.2179	-77.2044	-77.1908	-77.1775	-77.1645	-77.1519	-77.14	-77.129	-77.1194	-77.1115	-77.1061	-77.1037	-77.1055	-77.1124	-77.1256	-77.1463	-77.1761
5.94	-77.1244	-77.1775	-77.2329	-77.277	-77.308	-77.3278	-77.3386	-77.3427	-77.3418	-77.3373	-77.3301	-77.321	-77.3105	-77.299	-77.2868	-77.2742	-77.2611	-77.2478	-77.2344	-77.2208	-77.2073	-77.1938	-77.1805	-77.1674	-77.1549	-77.143	-77.1321	-77.1224	-77.1146	-77.1092	-77.1068	-77.1086	-77.1155	-77.1287	-77.1493	-77.1791
5.945	-77.1272	-77.1803	-77.2356	-77.2796	-77.3107	-77.3304	-77.3413	-77.3454	-77.3445	-77.34	-77.3328	-77.3237	-77.3132	-77.3018	-77.2896	-77.277	-77.264	-77.2507	-77.2372	-77.2237	-77.2102	-77.1967	-77.1834	-77.1704	-77.1579	-77.146	-77.1351	-77.1255	-77.1177	-77.1122	-77.1099	-77.1117	-77.1186	-77.1318	-77.1524	-77.1821
5.95	-77.13	-77.183	-77.2384	-77.2823	-77.3133	-77.3331	-77.3439	-77.348	-77.3472	-77.3426	-77.3355	-77.3264	-77.316	-77.3045	-77.2924	-77.2798	-77.2668	-77.2535	-77.2401	-77.2266	-77.2131	-77.1996	-77.1863	-77.1734	-77.1608	-77.149	-77.1381	-77.1285	-77.1207	-77.1153	-77.113	-77.1147	-77.1216	-77.1348	-77.1554	-77.1851
5.955	-77.1328	-77.1858	-77.2411	-77.285	-77.316	-77.3357	-77.3466	-77.3507	-77.3498	-77.3453	-77.3382	-77.3291	-77.3187	-77.3073	-77.2952	-77.2826	-77.2696	-77.2563	-77.243	-77.2295	-77.216	-77.2025	-77.1893	-77.1763	-77.1638	-77.152	-77.1411	-77.1316	-77.1238	-77.1184	-77.1161	-77.1178	-77.1247	-77.1379	-77.1584	-77.1881
5.96	-77.1356	-77.1885	-77.2438	-77.2877	-77.3186	-77.3384	-77.3492	-77.3533	-77.3525	-77.348	-77.3409	-77.3318	-77.3214	-77.31	-77.2979	-77.2853	-77.2724	-77.2592	-77.2458	-77.2323	-77.2189	-77.2055	-77.1922	-77.1793	-77.1668	-77.155	-77.1441	-77.1346	-77.1268	-77.1214	-77.1191	-77.1209	-77.1278	-77.1409	-77.1614	-77.191
5.965	-77.1385	-77.1913	-77.2465	-77.2903	-77.3213	-77.341	-77.3519	-77.356	-77.3552	-77.3507	-77.3436	-77.3345	-77.3242	-77.3128	-77.3007	-77.2881	-77.2752	-77.262	-77.2486	-77.2352	-77.2217	-77.2084	-77.1951	-77.1822	-77.1698	-77.158	-77.1472	-77.1376	-77.1299	-77.1245	-77.1222	-77.1239	-77.1308	-77.1439	-77.1645	-77.194
5.97	-77.1413	-77.194	-77.2492	-77.293	-77.3239	-77.3436	-77.3545	-77.3586	-77.3578	-77.3533	-77.3462	-77.3372	-77.3269	-77.3155	-77.3035	-77.2909	-77.278	-77.2648	-77.2515	-77.2381	-77.2246	-77.2113	-77.1981	-77.1852	-77.1727	-77.161	-77.1502	-77.1407	-77.1329	-77.1275	-77.1252	-77.127	-77.1339	-77.147	-77.1675	-77.197
5.975	-77.1441	-77.1968	-77.2519	-77.2957	-77.3266	-77.3463	-77.3571	-77.3613	-77.3605	-77.356	-77.3489	-77.3399	-77.3296	-77.3183	-77.3062	-77.2937	-77.2808	-77.2676	-77.2543	-77.2409	-77.2275	-77.2142	-77.201	-77.1881	-77.1757	-77.164	-77.1532	-77.1437	-77.1359	-77.1306	-77.1283	-77.1301	-77.1369	-77.15	-77.1705	-77.2
5.98	-77.1469	-77.1995	-77.2546	-77.2983	-77.3292	-77.3489	-77.3598	-77.3639	-77.3631	-77.3587	-77.3516	-77.3426	-77.3323	-77.321	-77.309	-77.2965	-77.2836	-77.2705	-77.2572	-77.2438	-77.2304	-77.2171	-77.2039	-77.191	-77.1787	-77.1669	-77.1562	-77.1467	-77.139	-77.1336	-77.1313	-77.1331	-77.14	-77.153	-77.1735	-77.2029
5.985	-77.1497	-77.2023	-77.2573	-77.301	-77.3318	-77.3515	-77.3624	-77.3666	-77.3658	-77.3613	-77.3543	-77.3453	-77.335	-77.3237	-77.3117	-77.2992	-77.2864	-77.2733	-77.26	-77.2466	-77.2333	-77.2199	-77.2068	-77.194	-77.1816	-77.1699	-77.1591	-77.1497	-77.142	-77.1367	-77.1344	-77.1361	-77.143	-77.156	-77.1765	-77.2059
5.99	-77.1525	-77.205	-77.2599	-77.3036	-77.3345	-77.3542	-77.365	-77.3692	-77.3684	-77.364	-77.3569	-77.348	-77.3377	-77.3264	-77.3145	-77.302	-77.2892	-77.2761	-77.2628	-77.2495	-77.2361	-77.2228	-77.2097	-77.1969	-77.1846	-77.1729	-77.1621	-77.1527	-77.145	-77.1397	-77.1374	-77.1392	-77.146	-77.1591	-77.1794	-77.2088
5.995	-77.1552	-77.2077	-77.2626	-77.3063	-77.3371	-77.3568	-77.3676	-77.3718	-77.371	-77.3666	-77.3596	-77.3507	-77.3404	-77.3292	-77.3172	-77.3048	-77.2919	-77.2789	-77.2656	-77.2523	-77.239	-77.2257	-77.2126	-77.1998	-77.1875	-77.1758	-77.1651	-77.1557	-77.148	-77.1427	-77.1405	-77.1422	-77.149	-77.1621	-77.1824	-77.2118
6	-77.158	-77.2105	-77.2653	-77.3089	-77.3397	-77.3594	-77.3703	-77.3744	-77.3737	-77.3693	-77.3623	-77.3534	-77.3431	-77.3319	-77.32	-77.3075	-77.2947	-77.2817	-77.2684	-77.2551	-77.2418	-77.2286	-77.2155	-77.2028	-77.1904	-77.1788	-77.1681	-77.1587	-77.151	-77.1457	-77.1435	-77.1452	-77.1521	-77.1651	-77.1854	-77.2147
0 unlabeled lines
