Graph addvar/addexpr lines
36 1201
x node[0].v( 0.5 ) node[1].v( 0.5 ) node[2].v( 0.5 ) node[3].v( 0.5 ) node[4].v( 0.5 ) node[5].v( 0.5 ) node[6].v( 0.5 ) node[7].v( 0.5 ) node[8].v( 0.5 ) node[9].v( 0.5 ) node[10].v( 0.5 ) node[11].v( 0.5 ) node[12].v( 0.5 ) node[13].v( 0.5 ) node[14].v( 0.5 ) node[15].v( 0.5 ) node[16].v( 0.5 ) node[17].v( 0.5 ) node[18].v( 0.5 ) node[19].v( 0.5 ) node[20].v( 0.5 ) node[21].v( 0.5 ) node[22].v( 0.5 ) node[23].v( 0.5 ) node[24].v( 0.5 ) node[25].v( 0.5 ) node[26].v( 0.5 ) node[27].v( 0.5 ) node[28].v( 0.5 ) node[29].v( 0.5 ) node[30].v( 0.5 ) node[31].v( 0.5 ) node[32].v( 0.5 ) node[33].v( 0.5 ) node[34].v( 0.5 ) node[35].v( 0.5 )
0	-80	-80	-80	-80	-80	-80	-80	-80	-80	-80	-80	-80	-80	-80	-80	-80	-80	-80	-80	-80	-80	-80	-80	-80	-80	-80	-80	-80	-80	-80	-80	-80	-80	-80	-80	-80
0.005	-79.9985	-79.9988	-79.9988	-79.9988	-79.9988	-79.9988	-79.9988	-79.9988	-79.9988	-79.9988	-79.9988	-79.9988	-79.9988	-79.9988	-79.9988	-79.9988	-79.9988	-79.9988	-79.9988	-79.9988	-79.9988	-79.9988	-79.9988	-79.9988	-79.9988	-79.9988	-79.9988	-79.9988	-79.9988	-79.9988	-79.9988	-79.9988	-79.9988	-79.9989	-79.9989	-79.9989
0.01	-79.9984	-79.9982	-79.9982	-79.9982	-79.9982	-79.9982	-79.9982	-79.9982	-79.9982	-79.9982	-79.9982	-79.9982	-79.9982	-79.9982	-79.9982	-79.9982	-79.9982	-79.9982	-79.9982	-79.9982	-79.9982	-79.9982	-79.9982	-79.9982	-79.9982	-79.9982	-79.9982	-79.9982	-79.9982	-79.9982	-79.9982	-79.9982	-79.9982	-79.9982	-79.9982	-79.9983
0.015	-79.9984	-79.9978	-79.9977	-79.9977	-79.9977	-79.9977	-79.9977	-79.9977	-79.9977	-79.9977	-79.9977	-79.9977	-79.9977	-79.9977	-79.9977	-79.9977	-79.9977	-79.9977	-79.9977	-79.9977	-79.9977	-79.9977	-79.9977	-79.9977	-79.9977	-79.9977	-79.9977	-79.9977	-79.9977	-79.9977	-79.9977	-79.9977	-79.9977	-79.9977	-79.9977	-79.9978
0.02	-79.9984	-79.9976	-79.9974	-79.9973	-79.9973	-79.9973	-79.9973	-79.9973	-79.9973	-79.9973	-79.9973	-79.9973	-79.9973	-79.9973	-79.9973	-79.9973	-79.9973	-79.9973	-79.9973	-79.9973	-79.9973	-79.9973	-79.9973	-79.9973	-79.9973	-79.9973	-79.9973	-79.9973	-79.9973	-79.9973	-79.9973	-79.9973	-79.9973	-79.9973	-79.9973	-79.9974
0.025	-79.9984	-79.9974	-79.9971	-79.997	-79.997	-79.997	-79.997	-79.997	-79.997	-79.997	-79.997	-79.997	-79.997	-79.997	-79.997	-79.997	-79.997	-79.997	-79.997	-79.997	-79.997	-79.997	-79.997	-79.997	-79.997	-79.997	-79.997	-79.997	-79.997	-79.997	-79.997	-79.997	-79.997	-79.997	-79.997	-79.9971
0.03	-79.9984	-79.9972	-79.9969	-79.9967	-79.9967	-79.9967	-79.9967	-79.9967	-79.9967	-79.9967	-79.9967	-79.9967	-79.9967	-79.9967	-79.9967	-79.9967	-79.9967	-79.9967	-79.9967	-79.9967	-79.9967	-79.9967	-79.9967	-79.9967	-79.9967	-79.9967	-79.9967	-79.9967	-79.9967	-79.9967	-79.9967	-79.9967	-79.9967	-79.9967	-79.9967	-79.9968
0.035	-79.9984	-79.9971	-79.9967	-79.9965	-79.9965	-79.9965	-79.9965	-79.9965	-79.9965	-79.9965	-79.9965	-79.9965	-79.9965	-79.9965	-79.9965	-79.9965	-79.9965	-79.9965	-79.9965	-79.9965	-79.9965	-79.9965	-79.9965	-79.9965	-79.9965	-79.9965	-79.9965	-79.9965	-79.9965	-79.9965	-79.9965	-79.9965	-79.9965	-79.9965	-79.9965	-79.9966
0.04	-79.9984	-79.997	-79.9965	-79.9963	-79.9963	-79.9963	-79.9962	-79.9962	-79.9962	-79.9962	-79.9962	-79.9962	-79.9962	-79.9962	-79.9962	-79.9962	-79.9962	-79.9962	-79.9962	-79.9962	-79.9962	-79.9962	-79.9962	-79.9962	-79.9962	-79.9962	-79.9962	-79.9962	-79.9962	-79.9962	-79.9962	-79.9962	-79.9963	-79.9963	-79.9963	-79.9963
0.045	-79.9984	-79.9969	-79.9963	-79.9961	-79.9961	-79.9961	-79.996	-79.996	-79.996	-79.996	-79.996	-79.996	-79.996	-79.996	-79.996	-79.996	-79.996	-79.996	-79.996	-79.996	-79.996	-79.996	-79.996	-79.996	-79.996	-79.996	-79.996	-79.996	-79.996	-79.996	-79.996	-79.996	-79.9961	-79.9961	-79.9961	-79.9961
0.05	-79.9984	-79.9968	-79.9962	-79.996	-79.9959	-79.9959	-79.9959	-79.9959	-79.9959	-79.9959	-79.9959	-79.9959	-79.9959	-79.9959	-79.9959	-79.9959	-79.9959	-79.9959	-79.9959	-79.9959	-79.9959	-79.9959	-79.9959	-79.9959	-79.9959	-79.9959	-79.9959	-79.9959	-79.9959	-79.9959	-79.9959	-79.9959	-79.9959	-79.9959	-79.9959	-79.996
0.055	-79.9984	-79.9967	-79.9961	-79.9958	-79.9957	-79.9957	-79.9957	-79.9957	-79.9957	-79.9957	-79.9957	-79.9957	-79.9957	-79.9957	-79.9957	-79.9957	-79.9957	-79.9957	-79.9957	-79.9957	-79.9957	-79.9957	-79.9957	-79.9957	-79.9957	-79.9957	-79.9957	-79.9957	-79.9957	-79.9957	-79.9957	-79.9957	-79.9957	-79.9957	-79.9957	-79.9958
0.06	-79.9984	-79.9967	-79.996	-79.9957	-79.9956	-79.9956	-79.9955	-79.9955	-79.9955	-79.9955	-79.9955	-79.9955	-79.9955	-79.9955	-79.9955	-79.9955	-79.9955	-79.9955	-79.9955	-79.9955	-79.9955	-79.9955	-79.9955	-79.9955	-79.9955	-79.9955	-79.9955	-79.9955	-79.9955	-79.9955	-79.9955	-79.9955	-79.9956	-79.9956	-79.9956	-79.9956
0.065	-79.9984	-79.9966	-79.9959	-79.9956	-79.9955	-79.9954	-79.9954	-79.9954	-79.9954	-79.9954	-79.9954	-79.9954	-79.9954	-79.9954	-79.9954	-79.9954	-79.9954	-79.9954	-79.9954	-79.9954	-79.9954	-79.9954	-79.9954	-79.9954	-79.9954	-79.9954	-79.9954	-79.9954	-79.9954	-79.9954	-79.9954	-79.9954	-79.9954	-79.9954	-79.9954	-79.9955
0.07	-79.9984	-79.9965	-79.9958	-79.9954	-79.9953	-79.9953	-79.9953	-79.9953	-79.9953	-79.9953	-79.9953	-79.9953	-79.9953	-79.9953	-79.9953	-79.9953	-79.9953	-79.9953	-79.9953	-79.9953	-79.9953	-79.9953	-79.9953	-79.9953	-79.9953	-79.9953	-79.9953	-79.9953	-79.9953	-79.9953	-79.9953	-79.9953	-79.9953	-79.9953	-79.9953	-79.9954
0.075	-79.9984	-79.9965	-79.9957	-79.9953	-79.9952	-79.9952	-79.9951	-79.9951	-79.9951	-79.9951	-79.9951	-79.9951	-79.9951	-79.9951	-79.9951	-79.9951	-79.9951	-79.9951	-79.9951	-79.9951	-79.9951	-79.9951	-79.9951	-79.9951	-79.9951	-79.9951	-79.9951	-79.9951	-79.9951	-79.9951	-79.9951	-79.9951	-79.9951	-79.9952	-79.9952	-79.9952
0.08	-79.9984	-79.9964	-79.9956	-79.9952	-79.9951	-79.995	-79.995	-79.995	-79.995	-79.995	-79.995	-79.995	-79.995	-79.995	-79.995	-79.995	-79.995	-79.995	-79.995	-79.995	-79.995	-79.995	-79.995	-79.995	-79.995	-79.995	-79.995	-79.995	-79.995	-79.995	-79.995	-79.995	-79.995	-79.995	-79.9951	-79.9951
0.085	-79.9984	-79.9964	-79.9955	-79.9951	-79.995	-79.9949	-79.9949	-79.9949	-79.9949	-79.9949	-79.9949	-79.9949	-79.9949	-79.9949	-79.9949	-79.9949	-79.9949	-79.9949	-79.9949	-79.9949	-79.9949	-79.9949	-79.9949	-79.9949	-79.9949	-79.9949	-79.9949	-79.9949	-79.9949	-79.9949	-79.9949	-79.9949	-79.9949	-79.9949	-79.9949	-79.995
0.09	-79.9984	-79.9963	-79.9954	-79.995	-79.9949	-79.9948	-79.9948	-79.9948	-79.9948	-79.9948	-79.9948	-79.9948	-79.9948	-79.9948	-79.9948	-79.9948	-79.9948	-79.9948	-79.9948	-79.9948	-79.9948	-79.9948	-79.9948	-79.9948	-79.9948	-79.9948	-79.9948	-79.9948	-79.9948	-79.9948	-79.9948	-79.9948	-79.9948	-79.9948	-79.9948	-79.9949
0.095	-79.9984	-79.9963	-79.9954	-79.995	-79.9948	-79.9947	-79.9947	-79.9947	-79.9947	-79.9947	-79.9947	-79.9947	-79.9947	-79.9947	-79.9947	-79.9947	-79.9947	-79.9947	-79.9947	-79.9947	-79.9947	-79.9947	-79.9947	-79.9947	-79.9947	-79.9947	-79.9947	-79.9947	-79.9947	-79.9947	-79.9947	-79.9947	-79.9947	-79.9947	-79.9947	-79.9948
0.1	-79.9984	-79.9962	-79.9953	-79.9949	-79.9947	-79.9946	-79.9946	-79.9946	-79.9946	-79.9946	-79.9946	-79.9946	-79.9946	-79.9946	-79.9946	-79.9946	-79.9946	-79.9946	-79.9946	-79.9946	-79.9946	-79.9946	-79.9946	-79.9946	-79.9946	-79.9946	-79.9946	-79.9946	-79.9946	-79.9946	-79.9946	-79.9946	-79.9946	-79.9946	-79.9946	-79.9947
0.105	-79.9984	-79.9962	-79.9952	-79.9948	-79.9946	-79.9945	-79.9945	-79.9945	-79.9945	-79.9945	-79.9945	-79.9945	-79.9945	-79.9945	-79.9945	-79.9945	-79.9945	-79.9945	-79.9945	-79.9945	-79.9945	-79.9945	-79.9945	-79.9945	-79.9945	-79.9945	-79.9945	-79.9945	-79.9945	-79.9945	-79.9945	-79.9945	-79.9945	-79.9945	-79.9945	-79.9946
0.11	-79.9984	-79.9962	-79.9952	-79.9947	-79.9945	-79.9944	-79.9944	-79.9944	-79.9944	-79.9944	-79.9944	-79.9944	-79.9944	-79.9944	-79.9944	-79.9944	-79.9944	-79.9944	-79.9944	-79.9944	-79.9944	-79.9944	-79.9944	-79.9944	-79.9944	-79.9944	-79.9944	-79.9944	-79.9944	-79.9944	-79.9944	-79.9944	-79.9944	-79.9944	-79.9944	-79.9945
0.115	-79.9984	-79.9961	-79.9951	-79.9946	-79.9944	-79.9944	-79.9943	-79.9943	-79.9943	-79.9943	-79.9943	-79.9943	-79.9943	-79.9943	-79.9943	-79.9943	-79.9943	-79.9943	-79.9943	-79.9943	-79.9943	-79.9943	-79.9943	-79.9943	-79.9943	-79.9943	-79.9943	-79.9943	-79.9943	-79.9943	-79.9943	-79.9943	-79.9943	-79.9943	-79.9944	-79.9944
0.12	-79.9984	-79.9961	-79.995	-79.9946	-79.9944	-79.9943	-79.9942	-79.9942	-79.9942	-79.9942	-79.9942	-79.9942	-79.9942	-79.9942	-79.9942	-79.9942	-79.9942	-79.9942	-79.9942	-79.9942	-79.9942	-79.9942	-79.9942	-79.9942	-79.9942	-79.9942	-79.9942	-79.9942	-79.9942	-79.9942	-79.9942	-79.9942	-79.9942	-79.9942	-79.9943	-79.9943
0.125	-79.9984	-79.9961	-79.995	-79.9945	-79.9943	-79.9942	-79.9942	-79.9941	-79.9941	-79.9941	-79.9941	-79.9941	-79.9941	-79.9941	-79.9941	-79.9941	-79.9941	-79.9941	-79.9941	-79.9941	-79.9941	-79.9941	-79.9941	-79.9941	-79.9941	-79.9941	-79.9941	-79.9941	-79.9941	-79.9941	-79.9941	-79.9941	-79.9941	-79.9942	-79.9942	-79.9942
0.13	-79.9984	-79.996	-79.9949	-79.9944	-79.9942	-79.9941	-79.9941	-79.9941	-79.994	-79.994	-79.994	-79.994	-79.994	-79.994	-79.994	-79.994	-79.994	-79.994	-79.994	-79.994	-79.994	-79.994	-79.994	-79.994	-79.994	-79.994	-79.994	-79.994	-79.994	-79.994	-79.994	-79.994	-79.9941	-79.9941	-79.9941	-79.9942
0.135	-79.9984	-79.996	-79.9949	-79.9944	-79.9941	-79.994	-79.994	-79.994	-79.994	-79.994	-79.994	-79.994	-79.994	-79.994	-79.994	-79.994	-79.994	-79.994	-79.994	-79.994	-79.994	-79.994	-79.994	-79.994	-79.994	-79.994	-79.994	-79.994	-79.994	-79.994	-79.994	-79.994	-79.994	-79.994	-79.994	-79.9941
0.14	-79.9984	-79.996	-79.9948	-79.9943	-79.9941	-79.994	-79.9939	-79.9939	-79.9939	-79.9939	-79.9939	-79.9939	-79.9939	-79.9939	-79.9939	-79.9939	-79.9939	-79.9939	-79.9939	-79.9939	-79.9939	-79.9939	-79.9939	-79.9939	-79.9939	-79.9939	-79.9939	-79.9939	-79.9939	-79.9939	-79.9939	-79.9939	-79.9939	-79.9939	-79.9939	-79.994
0.145	-79.9984	-79.9959	-79.9948	-79.9942	-79.994	-79.9939	-79.9938	-79.9938	-79.9938	-79.9938	-79.9938	-79.9938	-79.9938	-79.9938	-79.9938	-79.9938	-79.9938	-79.9938	-79.9938	-79.9938	-79.9938	-79.9938	-79.9938	-79.9938	-79.9938	-79.9938	-79.9938	-79.9938	-79.9938	-79.9938	-79.9938	-79.9938	-79.9938	-79.9938	-79.9939	-79.9939
0.15	-79.9984	-79.9959	-79.9947	-79.9942	-79.9939	-79.9938	-79.9938	-79.9938	-79.9937	-79.9937	-79.9937	-79.9937	-79.9937	-79.9937	-79.9937	-79.9937	-79.9937	-79.9937	-79.9937	-79.9937	-79.9937	-79.9937	-79.9937	-79.9937	-79.9937	-79.9937	-79.9937	-79.9937	-79.9937	-79.9937	-79.9937	-79.9937	-79.9938	-79.9938	-79.9938	-79.9939
0.155	-79.9984	-79.9959	-79.9947	-79.9941	-79.9939	-79.9938	-79.9937	-79.9937	-79.9937	-79.9937	-79.9937	-79.9937	-79.9937	-79.9937	-79.9937	-79.9937	-79.9937	-79.9937	-79.9937	-79.9937	-79.9937	-79.9937	-79.9937	-79.9937	-79.9937	-79.9937	-79.9937	-79.9937	-79.9937	-79.9937	-79.9937	-79.9937	-79.9937	-79.9937	-79.9937	-79.9938
0.16	-79.9984	-79.9958	-79.9946	-79.9941	-79.9938	-79.9937	-79.9936	-79.9936	-79.9936	-79.9936	-79.9936	-79.9936	-79.9936	-79.9936	-79.9936	-79.9936	-79.9936	-79.9936	-79.9936	-79.9936	-79.9936	-79.9936	-79.9936	-79.9936	-79.9936	-79.9936	-79.9936	-79.9936	-79.9936	-79.9936	-79.9936	-79.9936	-79.9936	-79.9936	-79.9937	-79.9937
0.165	-79.9984	-79.9958	-79.9946	-79.994	-79.9937	-79.9936	-79.9936	-79.9935	-79.9935	-79.9935	-79.9935	-79.9935	-79.9935	-79.9935	-79.9935	-79.9935	-79.9935	-79.9935	-79.9935	-79.9935	-79.9935	-79.9935	-79.9935	-79.9935	-79.9935	-79.9935	-79.9935	-79.9935	-79.9935	-79.9935	-79.9935	-79.9935	-79.9935	-79.9935	-79.9936	-79.9936
0.17	-79.9984	-79.9958	-79.9945	-79.9939	-79.9937	-79.9935	-79.9935	-79.9935	-79.9935	-79.9935	-79.9935	-79.9935	-79.9935	-79.9935	-79.9935	-79.9935	-79.9935	-79.9935	-79.9935	-79.9935	-79.9935	-79.9935	-79.9935	-79.9935	-79.9935	-79.9935	-79.9935	-79.9935	-79.9935	-79.9935	-79.9935	-79.9935	-79.9935	-79.9935	-79.9935	-79.9936
0.175	-79.9984	-79.9958	-79.9945	-79.9939	-79.9936	-79.9935	-79.9934	-79.9934	-79.9934	-79.9934	-79.9934	-79.9934	-79.9934	-79.9934	-79.9934	-79.9934	-79.9934	-79.9934	-79.9934	-79.9934	-79.9934	-79.9934	-79.9934	-79.9934	-79.9934	-79.9934	-79.9934	-79.9934	-79.9934	-79.9934	-79.9934	-79.9934	-79.9934	-79.9934	-79.9934	-79.9935
0.18	-79.9984	-79.9957	-79.9944	-79.9938	-79.9936	-79.9934	-79.9934	-79.9933	-79.9933	-79.9933	-79.9933	-79.9933	-79.9933	-79.9933	-79.9933	-79.9933	-79.9933	-79.9933	-79.9933	-79.9933	-79.9933	-79.9933	-79.9933	-79.9933	-79.9933	-79.9933	-79.9933	-79.9933	-79.9933	-79.9933	-79.9933	-79.9933	-79.9933	-79.9933	-79.9934	-79.9934
0.185	-79.9984	-79.9957	-79.9944	-79.9938	-79.9935	-79.9934	-79.9933	-79.9933	-79.9933	-79.9933	-79.9932	-79.9932	-79.9932	-79.9932	-79.9932	-79.9932	-79.9932	-79.9932	-79.9932	-79.9932	-79.9932	-79.9932	-79.9932	-79.9932	-79.9932	-79.9932	-79.9932	-79.9932	-79.9932	-79.9932	-79.9933	-79.9933	-79.9933	-79.9933	-79.9933	-79.9934
0.19	-79.9984	-79.9957	-79.9944	-79.9937	-79.9934	-79.9933	-79.9932	-79.9932	-79.9932	-79.9932	-79.9932	-79.9932	-79.9932	-79.9932	-79.9932	-79.9932	-79.9932	-79.9932	-79.9932	-79.9932	-79.9932	-79.9932	-79.9932	-79.9932	-79.9932	-79.9932	-79.9932	-79.9932	-79.9932	-79.9932	-79.9932	-79.9932	-79.9932	-79.9932	-79.9932	-79.9933
0.195	-79.9984	-79.9957	-79.9943	-79.9937	-79.9934	-79.9932	-79.9932	-79.9931	-79.9931	-79.9931	-79.9931	-79.9931	-79.9931	-79.9931	-79.9931	-79.9931	-79.9931	-79.9931	-79.9931	-79.9931	-79.9931	-79.9931	-79.9931	-79.9931	-79.9931	-79.9931	-79.9931	-79.9931	-79.9931	-79.9931	-79.9931	-79.9931	-79.9931	-79.9932	-79.9932	-79.9932
0.2	-79.9984	-79.9956	-79.9943	-79.9936	-79.9933	-79.9932	-79.9931	-79.9931	-79.9931	-79.9931	-79.9931	-79.9931	-79.9931	-79.9931	-79.9931	-79.9931	-79.9931	-79.9931	-79.9931	-79.9931	-79.9931	-79.9931	-79.9931	-79.9931	-79.9931	-79.9931	-79.9931	-79.9931	-79.9931	-79.9931	-79.9931	-79.9931	-79.9931	-79.9931	-79.9931	-79.9932
0.205	-79.9984	-79.9956	-79.9942	-79.9936	-79.9933	-79.9931	-79.993	-79.993	-79.993	-79.993	-79.993	-79.993	-79.993	-79.993	-79.993	-79.993	-79.993	-79.993	-79.993	-79.993	-79.993	-79.993	-79.993	-79.993	-79.993	-79.993	-79.993	-79.993	-79.993	-79.993	-79.993	-79.993	-79.993	-79.993	-79.9931	-79.9931
0.21	-79.9984	-79.9956	-79.9942	-79.9935	-79.9932	-79.9931	-79.993	-79.993	-79.9929	-79.9929	-79.9929	-79.9929	-79.9929	-79.9929	-79.9929	-79.9929	-79.9929	-79.9929	-79.9929	-79.9929	-79.9929	-79.9929	-79.9929	-79.9929	-79.9929	-79.9929	-79.9929	-79.9929	-79.9929	-79.9929	-79.9929	-79.9929	-79.993	-79.993	-79.993	-79.9931
0.215	-79.9984	-79.9956	-79.9942	-79.9935	-79.9932	-79.993	-79.9929	-79.9929	-79.9929	-79.9929	-79.9929	-79.9929	-79.9929	-79.9929	-79.9929	-79.9929	-79.9929	-79.9929	-79.9929	-79.9929	-79.9929	-79.9929	-79.9929	-79.9929	-79.9929	-79.9929	-79.9929	-79.9929	-79.9929	-79.9929	-79.9929	-79.9929	-79.9929	-79.9929	-79.9929	-79.993
0.22	-79.9984	-79.9955	-79.9941	-79.9934	-79.9931	-79.993	-79.9929	-79.9928	-79.9928	-79.9928	-79.9928	-79.9928	-79.9928	-79.9928	-79.9928	-79.9928	-79.9928	-79.9928	-79.9928	-79.9928	-79.9928	-79.9928	-79.9928	-79.9928	-79.9928	-79.9928	-79.9928	-79.9928	-79.9928	-79.9928	-79.9928	-79.9928	-79.9928	-79.9929	-79.9929	-79.993
0.225	-79.9984	-79.9955	-79.9941	-79.9934	-79.993	-79.9929	-79.9928	-79.9928	-79.9928	-79.9928	-79.9928	-79.9928	-79.9928	-79.9928	-79.9928	-79.9928	-79.9928	-79.9928	-79.9928	-79.9928	-79.9928	-79.9928	-79.9928	-79.9928	-79.9928	-79.9928	-79.9928	-79.9928	-79.9928	-79.9928	-79.9928	-79.9928	-79.9928	-79.9928	-79.9928	-79.9929
0.23	-79.9984	-79.9955	-79.9941	-79.9933	-79.993	-79.9928	-79.9928	-79.9927	-79.9927	-79.9927	-79.9927	-79.9927	-79.9927	-79.9927	-79.9927	-79.9927	-79.9927	-79.9927	-79.9927	-79.9927	-79.9927	-79.9927	-79.9927	-79.9927	-79.9927	-79.9927	-79.9927	-79.9927	-79.9927	-79.9927	-79.9927	-79.9927	-79.9927	-79.9927	-79.9928	-79.9928
0.235	-79.9984	-79.9955	-79.994	-79.9933	-79.993	-79.9928	-79.9927	-79.9927	-79.9927	-79.9926	-79.9926	-79.9926	-79.9926	-79.9926	-79.9926	-79.9926	-79.9926	-79.9926	-79.9926	-79.9926	-79.9926	-79.9926	-79.9926	-79.9926	-79.9926	-79.9926	-79.9926	-79.9926	-79.9926	-79.9926	-79.9926	-79.9926	-79.9927	-79.9927	-79.9927	-79.9928
0.24	-79.9984	-79.9955	-79.994	-79.9933	-79.9929	-79.9927	-79.9927	-79.9926	-79.9926	-79.9926	-79.9926	-79.9926	-79.9926	-79.9926	-79.9926	-79.9926	-79.9926	-79.9926	-79.9926	-79.9926	-79.9926	-79.9926	-79.9926	-79.9926	-79.9926	-79.9926	-79.9926	-79.9926	-79.9926	-79.9926	-79.9926	-79.9926	-79.9926	-79.9926	-79.9927	-79.9927
0.245	-79.9984	-79.9954	-79.9939	-79.9932	-79.9929	-79.9927	-79.9926	-79.9926	-79.9925	-79.9925	-79.9925	-79.9925	-79.9925	-79.9925	-79.9925	-79.9925	-79.9925	-79.9925	-79.9925	-79.9925	-79.9925	-79.9925	-79.9925	-79.9925	-79.9925	-79.9925	-79.9925	-79.9925	-79.9925	-79.9925	-79.9925	-79.9925	-79.9925	-79.9926	-79.9926	-79.9927
0.25	-79.9984	-79.9954	-79.9939	-79.9932	-79.9928	-79.9926	-79.9925	-79.9925	-79.9925	-79.9925	-79.9925	-79.9925	-79.9925	-79.9925	-79.9925	-79.9925	-79.9925	-79.9925	-79.9925	-79.9925	-79.9925	-79.9925	-79.9925	-79.9925	-79.9925	-79.9925	-79.9925	-79.9925	-79.9925	-79.9925	-79.9925	-79.9925	-79.9925	-79.9925	-79.9925	-79.9926
0.255	-79.9984	-79.9954	-79.9939	-79.9931	-79.9928	-79.9926	-79.9925	-79.9924	-79.9924	-79.9924	-79.9924	-79.9924	-79.9924	-79.9924	-79.9924	-79.9924	-79.9924	-79.9924	-79.9924	-79.9924	-79.9924	-79.9924	-79.9924	-79.9924	-79.9924	-79.9924	-79.9924	-79.9924	-79.9924	-79.9924	-79.9924	-79.9924	-79.9924	-79.9925	-79.9925	-79.9926
0.26	-79.9984	-79.9954	-79.9938	-79.9931	-79.9927	-79.9925	-79.9924	-79.9924	-79.9924	-79.9924	-79.9924	-79.9924	-79.9924	-79.9924	-79.9924	-79.9924	-79.9924	-79.9924	-79.9924	-79.9924	-79.9924	-79.9924	-79.9924	-79.9924	-79.9924	-79.9924	-79.9924	-79.9924	-79.9924	-79.9924	-79.9924	-79.9924	-79.9924	-79.9924	-79.9924	-79.9925
0.265	-79.9984	-79.9954	-79.9938	-79.993	-79.9927	-79.9925	-79.9924	-79.9923	-79.9923	-79.9923	-79.9923	-79.9923	-79.9923	-79.9923	-79.9923	-79.9923	-79.9923	-79.9923	-79.9923	-79.9923	-79.9923	-79.9923	-79.9923	-79.9923	-79.9923	-79.9923	-79.9923	-79.9923	-79.9923	-79.9923	-79.9923	-79.9923	-79.9923	-79.9923	-79.9924	-79.9925
0.27	-79.9984	-79.9953	-79.9938	-79.993	-79.9926	-79.9924	-79.9923	-79.9923	-79.9923	-79.9923	-79.9923	-79.9923	-79.9923	-79.9923	-79.9923	-79.9923	-79.9923	-79.9923	-79.9923	-79.9923	-79.9923	-79.9923	-79.9923	-79.9923	-79.9923	-79.9923	-79.9923	-79.9923	-79.9923	-79.9923	-79.9923	-79.9923	-79.9923	-79.9923	-79.9923	-79.9924
0.275	-79.9984	-79.9953	-79.9938	-79.993	-79.9926	-79.9924	-79.9923	-79.9922	-79.9922	-79.9922	-79.9922	-79.9922	-79.9922	-79.9922	-79.9922	-79.9922	-79.9922	-79.9922	-79.9922	-79.9922	-79.9922	-79.9922	-79.9922	-79.9922	-79.9922	-79.9922	-79.9922	-79.9922	-79.9922	-79.9922	-79.9922	-79.9922	-79.9922	-79.9922	-79.9923	-79.9923
0.28	-79.9984	-79.9953	-79.9937	-79.9929	-79.9925	-79.9923	-79.9922	-79.9922	-79.9922	-79.9922	-79.9922	-79.9921	-79.9921	-79.9921	-79.9921	-79.9921	-79.9921	-79.9921	-79.9921	-79.9921	-79.9921	-79.9921	-79.9921	-79.9921	-79.9921	-79.9921	-79.9921	-79.9921	-79.9921	-79.9921	-79.9922	-79.9922	-79.9922	-79.9922	-79.9922	-79.9923
0.285	-79.9984	-79.9953	-79.9937	-79.9929	-79.9925	-79.9923	-79.9922	-79.9921	-79.9921	-79.9921	-79.9921	-79.9921	-79.9921	-79.9921	-79.9921	-79.9921	-79.9921	-79.9921	-79.9921	-79.9921	-79.9921	-79.9921	-79.9921	-79.9921	-79.9921	-79.9921	-79.9921	-79.9921	-79.9921	-79.9921	-79.9921	-79.9921	-79.9921	-79.9921	-79.9922	-79.9922
0.29	-79.9984	-79.9953	-79.9937	-79.9928	-79.9924	-79.9922	-79.9921	-79.9921	-79.9921	-79.9921	-79.9921	-79.9921	-79.9921	-79.9921	-79.9921	-79.9921	-79.9921	-79.9921	-79.9921	-79.9921	-79.9921	-79.9921	-79.9921	-79.9921	-79.9921	-79.9921	-79.9921	-79.9921	-79.9921	-79.9921	-79.9921	-79.9921	-79.9921	-79.9921	-79.9921	-79.9922
0.295	-79.9984	-79.9952	-79.9936	-79.9928	-79.9924	-79.9922	-79.9921	-79.992	-79.992	-79.992	-79.992	-79.992	-79.992	-79.992	-79.992	-79.992	-79.992	-79.992	-79.992	-79.992	-79.992	-79.992	-79.992	-79.992	-79.992	-79.992	-79.992	-79.992	-79.992	-79.992	-79.992	-79.992	-79.992	-79.992	-79.9921	-79.9921
0.3	-79.9984	-79.9952	-79.9936	-79.9928	-79.9923	-79.9921	-79.992	-79.992	-79.992	-79.992	-79.992	-79.992	-79.9919	-79.9919	-79.9919	-79.9919	-79.9919	-79.9919	-79.9919	-79.9919	-79.9919	-79.9919	-79.9919	-79.9919	-79.9919	-79.9919	-79.9919	-79.9919	-79.9919	-79.992	-79.992	-79.992	-79.992	-79.992	-79.992	-79.9921
0.305	-79.9984	-79.9952	-79.9936	-79.9927	-79.9923	-79.9921	-79.992	-79.9919	-79.9919	-79.9919	-79.9919	-79.9919	-79.9919	-79.9919	-79.9919	-79.9919	-79.9919	-79.9919	-79.9919	-79.9919	-79.9919	-79.9919	-79.9919	-79.9919	-79.9919	-79.9919	-79.9919	-79.9919	-79.9919	-79.9919	-79.9919	-79.9919	-79.9919	-79.9919	-79.992	-79.9921
0.31	-79.9984	-79.9952	-79.9935	-79.9927	-79.9923	-79.992	-79.9919	-79.9919	-79.9919	-79.9919	-79.9919	-79.9919	-79.9918	-79.9918	-79.9918	-79.9918	-79.9918	-79.9918	-79.9918	-79.9918	-79.9918	-79.9918	-79.9918	-79.9918	-79.9918	-79.9918	-79.9918	-79.9918	-79.9918	-79.9919	-79.9919	-79.9919	-79.9919	-79.9919	-79.9919	-79.992
0.315	-79.9984	-79.9952	-79.9935	-79.9926	-79.9922	-79.992	-79.9919	-79.9918	-79.9918	-79.9918	-79.9918	-79.9918	-79.9918	-79.9918	-79.9918	-79.9918	-79.9918	-79.9918	-79.9918	-79.9918	-79.9918	-79.9918	-79.9918	-79.9918	-79.9918	-79.9918	-79.9918	-79.9918	-79.9918	-79.9918	-79.9918	-79.9918	-79.9918	-79.9918	-79.9919	-79.992
0.32	-79.9984	-79.9952	-79.9935	-79.9926	-79.9922	-79.992	-79.9918	-79.9918	-79.9918	-79.9918	-79.9918	-79.9918	-79.9918	-79.9918	-79.9918	-79.9918	-79.9918	-79.9918	-79.9918	-79.9918	-79.9918	-79.9918	-79.9918	-79.9918	-79.9918	-79.9918	-79.9918	-79.9918	-79.9918	-79.9918	-79.9918	-79.9918	-79.9918	-79.9918	-79.9918	-79.9919
0.325	-79.9984	-79.9951	-79.9934	-79.9926	-79.9921	-79.9919	-79.9918	-79.9917	-79.9917	-79.9917	-79.9917	-79.9917	-79.9917	-79.9917	-79.9917	-79.9917	-79.9917	-79.9917	-79.9917	-79.9917	-79.9917	-79.9917	-79.9917	-79.9917	-79.9917	-79.9917	-79.9917	-79.9917	-79.9917	-79.9917	-79.9917	-79.9917	-79.9917	-79.9917	-79.9918	-79.9919
0.33	-79.9984	-79.9951	-79.9934	-79.9925	-79.9921	-79.9919	-79.9918	-79.9917	-79.9917	-79.9917	-79.9917	-79.9917	-79.9917	-79.9917	-79.9917	-79.9917	-79.9917	-79.9917	-79.9917	-79.9917	-79.9917	-79.9917	-79.9917	-79.9917	-79.9917	-79.9917	-79.9917	-79.9917	-79.9917	-79.9917	-79.9917	-79.9917	-79.9917	-79.9917	-79.9917	-79.9918
0.335	-79.9984	-79.9951	-79.9934	-79.9925	-79.9921	-79.9918	-79.9917	-79.9917	-79.9916	-79.9916	-79.9916	-79.9916	-79.9916	-79.9916	-79.9916	-79.9916	-79.9916	-79.9916	-79.9916	-79.9916	-79.9916	-79.9916	-79.9916	-79.9916	-79.9916	-79.9916	-79.9916	-79.9916	-79.9916	-79.9916	-79.9916	-79.9916	-79.9916	-79.9916	-79.9917	-79.9918
0.34	-79.9984	-79.9951	-79.9934	-79.9925	-79.992	-79.9918	-79.9917	-79.9916	-79.9916	-79.9916	-79.9916	-79.9916	-79.9916	-79.9916	-79.9916	-79.9916	-79.9916	-79.9916	-79.9916	-79.9916	-79.9916	-79.9916	-79.9916	-79.9916	-79.9916	-79.9916	-79.9916	-79.9916	-79.9916	-79.9916	-79.9916	-79.9916	-79.9916	-79.9916	-79.9916	-79.9917
0.345	-79.9984	-79.9951	-79.9933	-79.9924	-79.992	-79.9917	-79.9916	-79.9916	-79.9915	-79.9915	-79.9915	-79.9915	-79.9915	-79.9915	-79.9915	-79.9915	-79.9915	-79.9915	-79.9915	-79.9915	-79.9915	-79.9915	-79.9915	-79.9915	-79.9915	-79.9915	-79.9915	-79.9915	-79.9915	-79.9915	-79.9915	-79.9915	-79.9915	-79.9916	-79.9916	-79.9917
0.35	-79.9984	-79.9951	-79.9933	-79.9924	-79.9919	-79.9917	-79.9916	-79.9915	-79.9915	-79.9915	-79.9915	-79.9915	-79.9915	-79.9915	-79.9915	-79.9915	-79.9915	-79.9915	-79.9915	-79.9915	-79.9915	-79.9915	-79.9915	-79.9915	-79.9915	-79.9915	-79.9915	-79.9915	-79.9915	-79.9915	-79.9915	-79.9915	-79.9915	-79.9915	-79.9916	-79.9916
0.355	-79.9984	-79.995	-79.9933	-79.9924	-79.9919	-79.9917	-79.9915	-79.9915	-79.9914	-79.9914	-79.9914	-79.9914	-79.9914	-79.9914	-79.9914	-79.9914	-79.9914	-79.9914	-79.9914	-79.9914	-79.9914	-79.9914	-79.9914	-79.9914	-79.9914	-79.9914	-79.9914	-79.9914	-79.9914	-79.9914	-79.9914	-79.9914	-79.9914	-79.9915	-79.9915	-79.9916
0.36	-79.9984	-79.995	-79.9932	-79.9923	-79.9919	-79.9916	-79.9915	-79.9914	-79.9914	-79.9914	-79.9914	-79.9914	-79.9914	-79.9914	-79.9914	-79.9914	-79.9914	-79.9914	-79.9914	-79.9914	-79.9914	-79.9914	-79.9914	-79.9914	-79.9914	-79.9914	-79.9914	-79.9914	-79.9914	-79.9914	-79.9914	-79.9914	-79.9914	-79.9914	-79.9915	-79.9915
0.365	-79.9984	-79.995	-79.9932	-79.9923	-79.9918	-79.9916	-79.9914	-79.9914	-79.9914	-79.9913	-79.9913	-79.9913	-79.9913	-79.9913	-79.9913	-79.9913	-79.9913	-79.9913	-79.9913	-79.9913	-79.9913	-79.9913	-79.9913	-79.9913	-79.9913	-79.9913	-79.9913	-79.9913	-79.9913	-79.9913	-79.9913	-79.9913	-79.9914	-79.9914	-79.9914	-79.9915
0.37	-79.9984	-79.995	-79.9932	-79.9923	-79.9918	-79.9915	-79.9914	-79.9913	-79.9913	-79.9913	-79.9913	-79.9913	-79.9913	-79.9913	-79.9913	-79.9913	-79.9913	-79.9913	-79.9913	-79.9913	-79.9913	-79.9913	-79.9913	-79.9913	-79.9913	-79.9913	-79.9913	-79.9913	-79.9913	-79.9913	-79.9913	-79.9913	-79.9913	-79.9913	-79.9914	-79.9915
0.375	-79.9984	-79.995	-79.9932	-79.9922	-79.9917	-79.9915	-79.9914	-79.9913	-79.9913	-79.9913	-79.9912	-79.9912	-79.9912	-79.9912	-79.9912	-79.9912	-79.9912	-79.9912	-79.9912	-79.9912	-79.9912	-79.9912	-79.9912	-79.9912	-79.9912	-79.9912	-79.9912	-79.9912	-79.9912	-79.9912	-79.9912	-79.9912	-79.9913	-79.9913	-79.9913	-79.9914
0.38	-79.9984	-79.995	-79.9931	-79.9922	-79.9917	-79.9914	-79.9913	-79.9913	-79.9912	-79.9912	-79.9912	-79.9912	-79.9912	-79.9912	-79.9912	-79.9912	-79.9912	-79.9912	-79.9912	-79.9912	-79.9912	-79.9912	-79.9912	-79.9912	-79.9912	-79.9912	-79.9912	-79.9912	-79.9912	-79.9912	-79.9912	-79.9912	-79.9912	-79.9912	-79.9913	-79.9914
0.385	-79.9984	-79.995	-79.9931	-79.9922	-79.9917	-79.9914	-79.9913	-79.9912	-79.9912	-79.9912	-79.9912	-79.9912	-79.9911	-79.9911	-79.9911	-79.9911	-79.9911	-79.9911	-79.9911	-79.9911	-79.9911	-79.9911	-79.9911	-79.9911	-79.9911	-79.9911	-79.9911	-79.9911	-79.9911	-79.9912	-79.9912	-79.9912	-79.9912	-79.9912	-79.9912	-79.9913
0.39	-79.9984	-79.9949	-79.9931	-79.9921	-79.9916	-79.9914	-79.9912	-79.9912	-79.9911	-79.9911	-79.9911	-79.9911	-79.9911	-79.9911	-79.9911	-79.9911	-79.9911	-79.9911	-79.9911	-79.9911	-79.9911	-79.9911	-79.9911	-79.9911	-79.9911	-79.9911	-79.9911	-79.9911	-79.9911	-79.9911	-79.9911	-79.9911	-79.9911	-79.9912	-79.9912	-79.9913
0.395	-79.9984	-79.9949	-79.9931	-79.9921	-79.9916	-79.9913	-79.9912	-79.9911	-79.9911	-79.9911	-79.9911	-79.9911	-79.9911	-79.9911	-79.9911	-79.9911	-79.9911	-79.9911	-79.9911	-79.9911	-79.9911	-79.9911	-79.9911	-79.9911	-79.9911	-79.9911	-79.9911	-79.9911	-79.9911	-79.9911	-79.9911	-79.9911	-79.9911	-79.9911	-79.9912	-79.9912
0.4	-79.9984	-79.9949	-79.993	-79.9921	-79.9915	-79.9913	-79.9911	-79.9911	-79.9911	-79.991	-79.991	-79.991	-79.991	-79.991	-79.991	-79.991	-79.991	-79.991	-79.991	-79.991	-79.991	-79.991	-79.991	-79.991	-79.991	-79.991	-79.991	-79.991	-79.991	-79.991	-79.991	-79.991	-79.9911	-79.9911	-79.9911	-79.9912
0.405	-79.9984	-79.9949	-79.993	-79.992	-79.9915	-79.9912	-79.9911	-79.991	-79.991	-79.991	-79.991	-79.991	-79.991	-79.991	-79.991	-79.991	-79.991	-79.991	-79.991	-79.991	-79.991	-79.991	-79.991	-79.991	-79.991	-79.991	-79.991	-79.991	-79.991	-79.991	-79.991	-79.991	-79.991	-79.991	-79.9911	-79.9912
0.41	-79.9984	-79.9949	-79.993	-79.992	-79.9915	-79.9912	-79.9911	-79.991	-79.991	-79.991	-79.9909	-79.9909	-79.9909	-79.9909	-79.9909	-79.9909	-79.9909	-79.9909	-79.9909	-79.9909	-79.9909	-79.9909	-79.9909	-79.9909	-79.9909	-79.9909	-79.9909	-79.9909	-79.9909	-79.9909	-79.9909	-79.991	-79.991	-79.991	-79.991	-79.9911
0.415	-79.9984	-79.9949	-79.993	-79.992	-79.9914	-79.9912	-79.991	-79.991	-79.9909	-79.9909	-79.9909	-79.9909	-79.9909	-79.9909	-79.9909	-79.9909	-79.9909	-79.9909	-79.9909	-79.9909	-79.9909	-79.9909	-79.9909	-79.9909	-79.9909	-79.9909	-79.9909	-79.9909	-79.9909	-79.9909	-79.9909	-79.9909	-79.9909	-79.9909	-79.991	-79.9911
0.42	-79.9984	-79.9949	-79.993	-79.9919	-79.9914	-79.9911	-79.991	-79.9909	-79.9909	-79.9909	-79.9909	-79.9909	-79.9909	-79.9909	-79.9909	-79.9909	-79.9909	-79.9909	-79.9909	-79.9909	-79.9909	-79.9909	-79.9909	-79.9909	-79.9909	-79.9909	-79.9909	-79.9909	-79.9909	-79.9909	-79.9909	-79.9909	-79.9909	-79.9909	-79.991	-79.991
0.425	-79.9984	-79.9948	-79.9929	-79.9919	-79.9914	-79.9911	-79.991	-79.9909	-79.9908	-79.9908	-79.9908	-79.9908	-79.9908	-79.9908	-79.9908	-79.9908	-79.9908	-79.9908	-79.9908	-79.9908	-79.9908	-79.9908	-79.9908	-79.9908	-79.9908	-79.9908	-79.9908	-79.9908	-79.9908	-79.9908	-79.9908	-79.9908	-79.9908	-79.9909	-79.9909	-79.991
0.43	-79.9984	-79.9948	-79.9929	-79.9919	-79.9913	-79.9911	-79.9909	-79.9908	-79.9908	-79.9908	-79.9908	-79.9908	-79.9908	-79.9908	-79.9908	-79.9908	-79.9908	-79.9908	-79.9908	-79.9908	-79.9908	-79.9908	-79.9908	-79.9908	-79.9908	-79.9908	-79.9908	-79.9908	-79.9908	-79.9908	-79.9908	-79.9908	-79.9908	-79.9908	-79.9909	-79.991
0.435	-79.9984	-79.9948	-79.9929	-79.9918	-79.9913	-79.991	-79.9909	-79.9908	-79.9908	-79.9907	-79.9907	-79.9907	-79.9907	-79.9907	-79.9907	-79.9907	-79.9907	-79.9907	-79.9907	-79.9907	-79.9907	-79.9907	-79.9907	-79.9907	-79.9907	-79.9907	-79.9907	-79.9907	-79.9907	-79.9907	-79.9907	-79.9907	-79.9908	-79.9908	-79.9908	-79.9909
0.44	-79.9984	-79.9948	-79.9929	-79.9918	-79.9913	-79.991	-79.9908	-79.9908	-79.9907	-79.9907	-79.9907	-79.9907	-79.9907	-79.9907	-79.9907	-79.9907	-79.9907	-79.9907	-79.9907	-79.9907	-79.9907	-79.9907	-79.9907	-79.9907	-79.9907	-79.9907	-79.9907	-79.9907	-79.9907	-79.9907	-79.9907	-79.9907	-79.9907	-79.9907	-79.9908	-79.9909
0.445	-79.9984	-79.9948	-79.9928	-79.9918	-79.9912	-79.9909	-79.9908	-79.9907	-79.9907	-79.9907	-79.9907	-79.9907	-79.9906	-79.9906	-79.9906	-79.9906	-79.9906	-79.9906	-79.9906	-79.9906	-79.9906	-79.9906	-79.9906	-79.9906	-79.9906	-79.9906	-79.9906	-79.9906	-79.9906	-79.9907	-79.9907	-79.9907	-79.9907	-79.9907	-79.9907	-79.9908
0.45	-79.9984	-79.9948	-79.9928	-79.9918	-79.9912	-79.9909	-79.9908	-79.9907	-79.9906	-79.9906	-79.9906	-79.9906	-79.9906	-79.9906	-79.9906	-79.9906	-79.9906	-79.9906	-79.9906	-79.9906	-79.9906	-79.9906	-79.9906	-79.9906	-79.9906	-79.9906	-79.9906	-79.9906	-79.9906	-79.9906	-79.9906	-79.9906	-79.9906	-79.9907	-79.9907	-79.9908
0.455	-79.9984	-79.9948	-79.9928	-79.9917	-79.9912	-79.9909	-79.9907	-79.9906	-79.9906	-79.9906	-79.9906	-79.9906	-79.9906	-79.9906	-79.9906	-79.9906	-79.9906	-79.9906	-79.9906	-79.9906	-79.9906	-79.9906	-79.9906	-79.9906	-79.9906	-79.9906	-79.9906	-79.9906	-79.9906	-79.9906	-79.9906	-79.9906	-79.9906	-79.9906	-79.9907	-79.9908
0.46	-79.9984	-79.9948	-79.9928	-79.9917	-79.9911	-79.9908	-79.9907	-79.9906	-79.9906	-79.9905	-79.9905	-79.9905	-79.9905	-79.9905	-79.9905	-79.9905	-79.9905	-79.9905	-79.9905	-79.9905	-79.9905	-79.9905	-79.9905	-79.9905	-79.9905	-79.9905	-79.9905	-79.9905	-79.9905	-79.9905	-79.9905	-79.9905	-79.9906	-79.9906	-79.9906	-79.9907
0.465	-79.9984	-79.9947	-79.9927	-79.9917	-79.9911	-79.9908	-79.9906	-79.9906	-79.9905	-79.9905	-79.9905	-79.9905	-79.9905	-79.9905	-79.9905	-79.9905	-79.9905	-79.9905	-79.9905	-79.9905	-79.9905	-79.9905	-79.9905	-79.9905	-79.9905	-79.9905	-79.9905	-79.9905	-79.9905	-79.9905	-79.9905	-79.9905	-79.9905	-79.9905	-79.9906	-79.9907
0.47	-79.9984	-79.9947	-79.9927	-79.9916	-79.9911	-79.9908	-79.9906	-79.9905	-79.9905	-79.9905	-79.9905	-79.9905	-79.9904	-79.9904	-79.9904	-79.9904	-79.9904	-79.9904	-79.9904	-79.9904	-79.9904	-79.9904	-79.9904	-79.9904	-79.9904	-79.9904	-79.9904	-79.9904	-79.9904	-79.9905	-79.9905	-79.9905	-79.9905	-79.9905	-79.9906	-79.9906
0.475	-79.9984	-79.9947	-79.9927	-79.9916	-79.991	-79.9907	-79.9906	-79.9905	-79.9904	-79.9904	-79.9904	-79.9904	-79.9904	-79.9904	-79.9904	-79.9904	-79.9904	-79.9904	-79.9904	-79.9904	-79.9904	-79.9904	-79.9904	-79.9904	-79.9904	-79.9904	-79.9904	-79.9904	-79.9904	-79.9904	-79.9904	-79.9904	-79.9904	-79.9905	-79.9905	-79.9906
0.48	-79.9984	-79.9947	-79.9927	-79.9916	-79.991	-79.9907	-79.9905	-79.9905	-79.9904	-79.9904	-79.9904	-79.9904	-79.9904	-79.9904	-79.9904	-79.9904	-79.9904	-79.9904	-79.9904	-79.9904	-79.9904	-79.9904	-79.9904	-79.9904	-79.9904	-79.9904	-79.9904	-79.9904	-79.9904	-79.9904	-79.9904	-79.9904	-79.9904	-79.9904	-79.9905	-79.9906
0.485	-79.9984	-79.9947	-79.9927	-79.9916	-79.991	-79.9907	-79.9905	-79.9904	-79.9904	-79.9903	-79.9903	-79.9903	-79.9903	-79.9903	-79.9903	-79.9903	-79.9903	-79.9903	-79.9903	-79.9903	-79.9903	-79.9903	-79.9903	-79.9903	-79.9903	-79.9903	-79.9903	-79.9903	-79.9903	-79.9903	-79.9903	-79.9903	-79.9904	-79.9904	-79.9904	-79.9905
0.49	-79.9984	-79.9947	-79.9926	-79.9915	-79.9909	-79.9906	-79.9905	-79.9904	-79.9903	-79.9903	-79.9903	-79.9903	-79.9903	-79.9903	-79.9903	-79.9903	-79.9903	-79.9903	-79.9903	-79.9903	-79.9903	-79.9903	-79.9903	-79.9903	-79.9903	-79.9903	-79.9903	-79.9903	-79.9903	-79.9903	-79.9903	-79.9903	-79.9903	-79.9903	-79.9904	-79.9905
0.495	-79.9984	-79.9947	-79.9926	-79.9915	-79.9909	-79.9906	-79.9904	-79.9903	-79.9903	-79.9903	-79.9903	-79.9903	-79.9903	-79.9903	-79.9903	-79.9903	-79.9903	-79.9903	-79.9903	-79.9903	-79.9903	-79.9903	-79.9903	-79.9903	-79.9903	-79.9903	-79.9903	-79.9903	-79.9903	-79.9903	-79.9903	-79.9903	-79.9903	-79.9903	-79.9904	-79.9904
0.5	-79.9984	-79.9947	-79.9926	-79.9915	-79.9909	-79.9906	-79.9904	-79.9903	-79.9903	-79.9902	-79.9902	-79.9902	-79.9902	-79.9902	-79.9902	-79.9902	-79.9902	-79.9902	-79.9902	-79.9902	-79.9902	-79.9902	-79.9902	-79.9902	-79.9902	-79.9902	-79.9902	-79.9902	-79.9902	-79.9902	-79.9902	-79.9902	-79.9902	-79.9903	-79.9903	-79.9904
0.505	-79.9984	-79.9946	-79.9926	-79.9914	-79.9908	-79.9905	-79.9904	-79.9903	-79.9902	-79.9902	-79.9902	-79.9902	-79.9902	-79.9902	-79.9902	-79.9902	-79.9902	-79.9902	-79.9902	-79.9902	-79.9902	-79.9902	-79.9902	-79.9902	-79.9902	-79.9902	-79.9902	-79.9902	-79.9902	-79.9902	-79.9902	-79.9902	-79.9902	-79.9902	-79.9903	-79.9904
0.51	-79.9984	-79.9946	-79.9925	-79.9914	-79.9908	-79.9905	-79.9903	-79.9902	-79.9902	-79.9902	-79.9902	-79.9902	-79.9901	-79.9901	-79.9901	-79.9901	-79.9901	-79.9901	-79.9901	-79.9901	-79.9901	-79.9901	-79.9901	-79.9901	-79.9901	-79.9901	-79.9901	-79.9901	-79.9901	-79.9901	-79.9902	-79.9902	-79.9902	-79.9902	-79.9902	-79.9903
0.515	-79.9984	-79.9946	-79.9925	-79.9914	-79.9908	-79.9905	-79.9903	-79.9902	-79.9902	-79.9901	-79.9901	-79.9901	-79.9901	-79.9901	-79.9901	-79.9901	-79.9901	-79.9901	-79.9901	-79.9901	-79.9901	-79.9901	-79.9901	-79.9901	-79.9901	-79.9901	-79.9901	-79.9901	-79.9901	-79.9901	-79.9901	-79.9901	-79.9901	-79.9902	-79.9902	-79.9903
0.52	-79.9984	-79.9946	-79.9925	-79.9914	-79.9907	-79.9904	-79.9902	-79.9902	-79.9901	-79.9901	-79.9901	-79.9901	-79.9901	-79.9901	-79.9901	-79.9901	-79.9901	-79.9901	-79.9901	-79.9901	-79.9901	-79.9901	-79.9901	-79.9901	-79.9901	-79.9901	-79.9901	-79.9901	-79.9901	-79.9901	-79.9901	-79.9901	-79.9901	-79.9901	-79.9902	-79.9903
0.525	-79.9984	-79.9946	-79.9925	-79.9913	-79.9907	-79.9904	-79.9902	-79.9901	-79.9901	-79.9901	-79.99	-79.99	-79.99	-79.99	-79.99	-79.99	-79.99	-79.99	-79.99	-79.99	-79.99	-79.99	-79.99	-79.99	-79.99	-79.99	-79.99	-79.99	-79.99	-79.99	-79.99	-79.99	-79.9901	-79.9901	-79.9901	-79.9902
0.53	-79.9984	-79.9946	-79.9925	-79.9913	-79.9907	-79.9904	-79.9902	-79.9901	-79.99	-79.99	-79.99	-79.99	-79.99	-79.99	-79.99	-79.99	-79.99	-79.99	-79.99	-79.99	-79.99	-79.99	-79.99	-79.99	-79.99	-79.99	-79.99	-79.99	-79.99	-79.99	-79.99	-79.99	-79.99	-79.9901	-79.9901	-79.9902
0.535	-79.9984	-79.9946	-79.9924	-79.9913	-79.9907	-79.9903	-79.9901	-79.9901	-79.99	-79.99	-79.99	-79.99	-79.99	-79.99	-79.99	-79.99	-79.99	-79.99	-79.99	-79.99	-79.99	-79.99	-79.99	-79.99	-79.99	-79.99	-79.99	-79.99	-79.99	-79.99	-79.99	-79.99	-79.99	-79.99	-79.9901	-79.9902
0.54	-79.9984	-79.9946	-79.9924	-79.9913	-79.9906	-79.9903	-79.9901	-79.99	-79.99	-79.9899	-79.9899	-79.9899	-79.9899	-79.9899	-79.9899	-79.9899	-79.9899	-79.9899	-79.9899	-79.9899	-79.9899	-79.9899	-79.9899	-79.9899	-79.9899	-79.9899	-79.9899	-79.9899	-79.9899	-79.9899	-79.9899	-79.9899	-79.99	-79.99	-79.99	-79.9901
0.545	-79.9984	-79.9945	-79.9924	-79.9912	-79.9906	-79.9903	-79.9901	-79.99	-79.9899	-79.9899	-79.9899	-79.9899	-79.9899	-79.9899	-79.9899	-79.9899	-79.9899	-79.9899	-79.9899	-79.9899	-79.9899	-79.9899	-79.9899	-79.9899	-79.9899	-79.9899	-79.9899	-79.9899	-79.9899	-79.9899	-79.9899	-79.9899	-79.9899	-79.9899	-79.99	-79.9901
0.55	-79.9984	-79.9945	-79.9924	-79.9912	-79.9906	-79.9902	-79.99	-79.9899	-79.9899	-79.9899	-79.9899	-79.9899	-79.9899	-79.9899	-79.9899	-79.9898	-79.9898	-79.9898	-79.9898	-79.9898	-79.9898	-79.9898	-79.9898	-79.9898	-79.9898	-79.9898	-79.9899	-79.9899	-79.9899	-79.9899	-79.9899	-79.9899	-79.9899	-79.9899	-79.99	-79.9901
0.555	-79.9984	-79.9945	-79.9924	-79.9912	-79.9905	-79.9902	-79.99	-79.9899	-79.9899	-79.9898	-79.9898	-79.9898	-79.9898	-79.9898	-79.9898	-79.9898	-79.9898	-79.9898	-79.9898	-79.9898	-79.9898	-79.9898	-79.9898	-79.9898	-79.9898	-79.9898	-79.9898	-79.9898	-79.9898	-79.9898	-79.9898	-79.9898	-79.9898	-79.9899	-79.9899	-79.99
0.56	-79.9984	-79.9945	-79.9923	-79.9911	-79.9905	-79.9902	-79.99	-79.9899	-79.9898	-79.9898	-79.9898	-79.9898	-79.9898	-79.9898	-79.9898	-79.9898	-79.9898	-79.9898	-79.9898	-79.9898	-79.9898	-79.9898	-79.9898	-79.9898	-79.9898	-79.9898	-79.9898	-79.9898	-79.9898	-79.9898	-79.9898	-79.9898	-79.9898	-79.9898	-79.9899	-79.99
0.565	-79.9984	-79.9945	-79.9923	-79.9911	-79.9905	-79.9901	-79.9899	-79.9898	-79.9898	-79.9898	-79.9898	-79.9897	-79.9897	-79.9897	-79.9897	-79.9897	-79.9897	-79.9897	-79.9897	-79.9897	-79.9897	-79.9897	-79.9897	-79.9897	-79.9897	-79.9897	-79.9897	-79.9897	-79.9897	-79.9897	-79.9898	-79.9898	-79.9898	-79.9898	-79.9899	-79.99
0.57	-79.9984	-79.9945	-79.9923	-79.9911	-79.9904	-79.9901	-79.9899	-79.9898	-79.9898	-79.9897	-79.9897	-79.9897	-79.9897	-79.9897	-79.9897	-79.9897	-79.9897	-79.9897	-79.9897	-79.9897	-79.9897	-79.9897	-79.9897	-79.9897	-79.9897	-79.9897	-79.9897	-79.9897	-79.9897	-79.9897	-79.9897	-79.9897	-79.9897	-79.9898	-79.9898	-79.9899
0.575	-79.9984	-79.9945	-79.9923	-79.9911	-79.9904	-79.9901	-79.9899	-79.9898	-79.9897	-79.9897	-79.9897	-79.9897	-79.9897	-79.9897	-79.9897	-79.9897	-79.9897	-79.9897	-79.9897	-79.9897	-79.9897	-79.9897	-79.9897	-79.9897	-79.9897	-79.9897	-79.9897	-79.9897	-79.9897	-79.9897	-79.9897	-79.9897	-79.9897	-79.9897	-79.9898	-79.9899
0.58	-79.9984	-79.9945	-79.9923	-79.9911	-79.9904	-79.99	-79.9898	-79.9897	-79.9897	-79.9897	-79.9896	-79.9896	-79.9896	-79.9896	-79.9896	-79.9896	-79.9896	-79.9896	-79.9896	-79.9896	-79.9896	-79.9896	-79.9896	-79.9896	-79.9896	-79.9896	-79.9896	-79.9896	-79.9896	-79.9896	-79.9896	-79.9897	-79.9897	-79.9897	-79.9898	-79.9899
0.585	-79.9984	-79.9945	-79.9922	-79.991	-79.9904	-79.99	-79.9898	-79.9897	-79.9897	-79.9896	-79.9896	-79.9896	-79.9896	-79.9896	-79.9896	-79.9896	-79.9896	-79.9896	-79.9896	-79.9896	-79.9896	-79.9896	-79.9896	-79.9896	-79.9896	-79.9896	-79.9896	-79.9896	-79.9896	-79.9896	-79.9896	-79.9896	-79.9896	-79.9897	-79.9897	-79.9898
0.59	-79.9984	-79.9944	-79.9922	-79.991	-79.9903	-79.99	-79.9898	-79.9897	-79.9896	-79.9896	-79.9896	-79.9896	-79.9896	-79.9896	-79.9896	-79.9896	-79.9896	-79.9896	-79.9896	-79.9896	-79.9896	-79.9896	-79.9896	-79.9896	-79.9896	-79.9896	-79.9896	-79.9896	-79.9896	-79.9896	-79.9896	-79.9896	-79.9896	-79.9896	-79.9897	-79.9898
0.595	-79.9984	-79.9944	-79.9922	-79.991	-79.9903	-79.9899	-79.9897	-79.9896	-79.9896	-79.9896	-79.9895	-79.9895	-79.9895	-79.9895	-79.9895	-79.9895	-79.9895	-79.9895	-79.9895	-79.9895	-79.9895	-79.9895	-79.9895	-79.9895	-79.9895	-79.9895	-79.9895	-79.9895	-79.9895	-79.9895	-79.9895	-79.9896	-79.9896	-79.9896	-79.9897	-79.9897
0.6	-79.9984	-79.9944	-79.9922	-79.991	-79.9903	-79.9899	-79.9897	-79.9896	-79.9896	-79.9895	-79.9895	-79.9895	-79.9895	-79.9895	-79.9895	-79.9895	-79.9895	-79.9895	-79.9895	-79.9895	-79.9895	-79.9895	-79.9895	-79.9895	-79.9895	-79.9895	-79.9895	-79.9895	-79.9895	-79.9895	-79.9895	-79.9895	-79.9895	-79.9896	-79.9896	-79.9897
0.605	-79.9984	-79.9944	-79.9922	-79.9909	-79.9902	-79.9899	-79.9897	-79.9896	-79.9895	-79.9895	-79.9895	-79.9895	-79.9895	-79.9895	-79.9895	-79.9895	-79.9895	-79.9895	-79.9895	-79.9895	-79.9895	-79.9895	-79.9895	-79.9895	-79.9895	-79.9895	-79.9895	-79.9895	-79.9895	-79.9895	-79.9895	-79.9895	-79.9895	-79.9895	-79.9896	-79.9897
0.61	-79.9984	-79.9944	-79.9922	-79.9909	-79.9902	-79.9898	-79.9896	-79.9895	-79.9895	-79.9895	-79.9894	-79.9894	-79.9894	-79.9894	-79.9894	-79.9894	-79.9894	-79.9894	-79.9894	-79.9894	-79.9894	-79.9894	-79.9894	-79.9894	-79.9894	-79.9894	-79.9894	-79.9894	-79.9894	-79.9894	-79.9894	-79.9894	-79.9895	-79.9895	-79.9896	-79.9896
0.615	-79.9984	-79.9944	-79.9921	-79.9909	-79.9902	-79.9898	-79.9896	-79.9895	-79.9895	-79.9894	-79.9894	-79.9894	-79.9894	-79.9894	-79.9894	-79.9894	-79.9894	-79.9894	-79.9894	-79.9894	-79.9894	-79.9894	-79.9894	-79.9894	-79.9894	-79.9894	-79.9894	-79.9894	-79.9894	-79.9894	-79.9894	-79.9894	-79.9894	-79.9895	-79.9895	-79.9896
0.62	-79.9984	-79.9944	-79.9921	-79.9909	-79.9902	-79.9898	-79.9896	-79.9895	-79.9894	-79.9894	-79.9894	-79.9894	-79.9894	-79.9894	-79.9894	-79.9894	-79.9894	-79.9894	-79.9894	-79.9894	-79.9894	-79.9894	-79.9894	-79.9894	-79.9894	-79.9894	-79.9894	-79.9894	-79.9894	-79.9894	-79.9894	-79.9894	-79.9894	-79.9894	-79.9895	-79.9896
0.625	-79.9984	-79.9944	-79.9921	-79.9908	-79.9901	-79.9898	-79.9896	-79.9894	-79.9894	-79.9894	-79.9893	-79.9893	-79.9893	-79.9893	-79.9893	-79.9893	-79.9893	-79.9893	-79.9893	-79.9893	-79.9893	-79.9893	-79.9893	-79.9893	-79.9893	-79.9893	-79.9893	-79.9893	-79.9893	-79.9893	-79.9893	-79.9893	-79.9894	-79.9894	-79.9895	-79.9895
0.63	-79.9984	-79.9944	-79.9921	-79.9908	-79.9901	-79.9897	-79.9895	-79.9894	-79.9894	-79.9893	-79.9893	-79.9893	-79.9893	-79.9893	-79.9893	-79.9893	-79.9893	-79.9893	-79.9893	-79.9893	-79.9893	-79.9893	-79.9893	-79.9893	-79.9893	-79.9893	-79.9893	-79.9893	-79.9893	-79.9893	-79.9893	-79.9893	-79.9893	-79.9894	-79.9894	-79.9895
0.635	-79.9984	-79.9944	-79.9921	-79.9908	-79.9901	-79.9897	-79.9895	-79.9894	-79.9893	-79.9893	-79.9893	-79.9893	-79.9893	-79.9893	-79.9893	-79.9893	-79.9893	-79.9893	-79.9893	-79.9893	-79.9893	-79.9893	-79.9893	-79.9893	-79.9893	-79.9893	-79.9893	-79.9893	-79.9893	-79.9893	-79.9893	-79.9893	-79.9893	-79.9893	-79.9894	-79.9895
0.64	-79.9984	-79.9943	-79.992	-79.9908	-79.9901	-79.9897	-79.9895	-79.9893	-79.9893	-79.9893	-79.9893	-79.9892	-79.9892	-79.9892	-79.9892	-79.9892	-79.9892	-79.9892	-79.9892	-79.9892	-79.9892	-79.9892	-79.9892	-79.9892	-79.9892	-79.9892	-79.9892	-79.9892	-79.9892	-79.9892	-79.9892	-79.9893	-79.9893	-79.9893	-79.9894	-79.9895
0.645	-79.9984	-79.9943	-79.992	-79.9907	-79.99	-79.9896	-79.9894	-79.9893	-79.9893	-79.9892	-79.9892	-79.9892	-79.9892	-79.9892	-79.9892	-79.9892	-79.9892	-79.9892	-79.9892	-79.9892	-79.9892	-79.9892	-79.9892	-79.9892	-79.9892	-79.9892	-79.9892	-79.9892	-79.9892	-79.9892	-79.9892	-79.9892	-79.9892	-79.9893	-79.9893	-79.9894
0.65	-79.9984	-79.9943	-79.992	-79.9907	-79.99	-79.9896	-79.9894	-79.9893	-79.9892	-79.9892	-79.9892	-79.9892	-79.9892	-79.9892	-79.9892	-79.9892	-79.9892	-79.9892	-79.9892	-79.9892	-79.9892	-79.9892	-79.9892	-79.9892	-79.9892	-79.9892	-79.9892	-79.9892	-79.9892	-79.9892	-79.9892	-79.9892	-79.9892	-79.9892	-79.9893	-79.9894
0.655	-79.9984	-79.9943	-79.992	-79.9907	-79.99	-79.9896	-79.9894	-79.9893	-79.9892	-79.9892	-79.9892	-79.9891	-79.9891	-79.9891	-79.9891	-79.9891	-79.9891	-79.9891	-79.9891	-79.9891	-79.9891	-79.9891	-79.9891	-79.9891	-79.9891	-79.9891	-79.9891	-79.9891	-79.9891	-79.9891	-79.9891	-79.9892	-79.9892	-79.9892	-79.9893	-79.9894
0.66	-79.9984	-79.9943	-79.992	-79.9907	-79.99	-79.9896	-79.9893	-79.9892	-79.9892	-79.9891	-79.9891	-79.9891	-79.9891	-79.9891	-79.9891	-79.9891	-79.9891	-79.9891	-79.9891	-79.9891	-79.9891	-79.9891	-79.9891	-79.9891	-79.9891	-79.9891	-79.9891	-79.9891	-79.9891	-79.9891	-79.9891	-79.9891	-79.9891	-79.9892	-79.9892	-79.9893
0.665	-79.9984	-79.9943	-79.992	-79.9906	-79.9899	-79.9895	-79.9893	-79.9892	-79.9891	-79.9891	-79.9891	-79.9891	-79.9891	-79.9891	-79.9891	-79.9891	-79.9891	-79.9891	-79.9891	-79.9891	-79.9891	-79.9891	-79.9891	-79.9891	-79.9891	-79.9891	-79.9891	-79.9891	-79.9891	-79.9891	-79.9891	-79.9891	-79.9891	-79.9891	-79.9892	-79.9893
0.67	-79.9984	-79.9943	-79.9919	-79.9906	-79.9899	-79.9895	-79.9893	-79.9892	-79.9891	-79.9891	-79.9891	-79.989	-79.989	-79.989	-79.989	-79.989	-79.989	-79.989	-79.989	-79.989	-79.989	-79.989	-79.989	-79.989	-79.989	-79.989	-79.989	-79.989	-79.989	-79.989	-79.989	-79.9891	-79.9891	-79.9891	-79.9892	-79.9893
0.675	-79.9984	-79.9943	-79.9919	-79.9906	-79.9899	-79.9895	-79.9893	-79.9891	-79.9891	-79.989	-79.989	-79.989	-79.989	-79.989	-79.989	-79.989	-79.989	-79.989	-79.989	-79.989	-79.989	-79.989	-79.989	-79.989	-79.989	-79.989	-79.989	-79.989	-79.989	-79.989	-79.989	-79.989	-79.989	-79.9891	-79.9891	-79.9892
0.68	-79.9984	-79.9943	-79.9919	-79.9906	-79.9898	-79.9894	-79.9892	-79.9891	-79.989	-79.989	-79.989	-79.989	-79.989	-79.989	-79.989	-79.989	-79.989	-79.989	-79.989	-79.989	-79.989	-79.989	-79.989	-79.989	-79.989	-79.989	-79.989	-79.989	-79.989	-79.989	-79.989	-79.989	-79.989	-79.989	-79.9891	-79.9892
0.685	-79.9984	-79.9943	-79.9919	-79.9906	-79.9898	-79.9894	-79.9892	-79.9891	-79.989	-79.989	-79.989	-79.989	-79.9889	-79.9889	-79.9889	-79.9889	-79.9889	-79.9889	-79.9889	-79.9889	-79.9889	-79.9889	-79.9889	-79.9889	-79.9889	-79.9889	-79.9889	-79.9889	-79.9889	-79.9889	-79.989	-79.989	-79.989	-79.989	-79.9891	-79.9892
0.69	-79.9984	-79.9942	-79.9919	-79.9905	-79.9898	-79.9894	-79.9892	-79.989	-79.989	-79.9889	-79.9889	-79.9889	-79.9889	-79.9889	-79.9889	-79.9889	-79.9889	-79.9889	-79.9889	-79.9889	-79.9889	-79.9889	-79.9889	-79.9889	-79.9889	-79.9889	-79.9889	-79.9889	-79.9889	-79.9889	-79.9889	-79.9889	-79.9889	-79.989	-79.989	-79.9891
0.695	-79.9984	-79.9942	-79.9919	-79.9905	-79.9898	-79.9894	-79.9891	-79.989	-79.9889	-79.9889	-79.9889	-79.9889	-79.9889	-79.9889	-79.9889	-79.9889	-79.9889	-79.9889	-79.9889	-79.9889	-79.9889	-79.9889	-79.9889	-79.9889	-79.9889	-79.9889	-79.9889	-79.9889	-79.9889	-79.9889	-79.9889	-79.9889	-79.9889	-79.989	-79.989	-79.9891
0.7	-79.9984	-79.9942	-79.9918	-79.9905	-79.9897	-79.9893	-79.9891	-79.989	-79.9889	-79.9889	-79.9889	-79.9889	-79.9889	-79.9888	-79.9888	-79.9888	-79.9888	-79.9888	-79.9888	-79.9888	-79.9888	-79.9888	-79.9888	-79.9888	-79.9888	-79.9888	-79.9888	-79.9888	-79.9888	-79.9889	-79.9889	-79.9889	-79.9889	-79.9889	-79.989	-79.9891
0.705	-79.9984	-79.9942	-79.9918	-79.9905	-79.9897	-79.9893	-79.9891	-79.989	-79.9889	-79.9889	-79.9888	-79.9888	-79.9888	-79.9888	-79.9888	-79.9888	-79.9888	-79.9888	-79.9888	-79.9888	-79.9888	-79.9888	-79.9888	-79.9888	-79.9888	-79.9888	-79.9888	-79.9888	-79.9888	-79.9888	-79.9888	-79.9888	-79.9889	-79.9889	-79.9889	-79.9891
0.71	-79.9984	-79.9942	-79.9918	-79.9904	-79.9897	-79.9893	-79.989	-79.9889	-79.9889	-79.9888	-79.9888	-79.9888	-79.9888	-79.9888	-79.9888	-79.9888	-79.9888	-79.9888	-79.9888	-79.9888	-79.9888	-79.9888	-79.9888	-79.9888	-79.9888	-79.9888	-79.9888	-79.9888	-79.9888	-79.9888	-79.9888	-79.9888	-79.9888	-79.9889	-79.9889	-79.989
0.715	-79.9984	-79.9942	-79.9918	-79.9904	-79.9897	-79.9893	-79.989	-79.9889	-79.9888	-79.9888	-79.9888	-79.9888	-79.9888	-79.9888	-79.9888	-79.9888	-79.9888	-79.9888	-79.9888	-79.9888	-79.9888	-79.9888	-79.9888	-79.9888	-79.9888	-79.9888	-79.9888	-79.9888	-79.9888	-79.9888	-79.9888	-79.9888	-79.9888	-79.9888	-79.9889	-79.989
0.72	-79.9984	-79.9942	-79.9918	-79.9904	-79.9896	-79.9892	-79.989	-79.9889	-79.9888	-79.9888	-79.9887	-79.9887	-79.9887	-79.9887	-79.9887	-79.9887	-79.9887	-79.9887	-79.9887	-79.9887	-79.9887	-79.9887	-79.9887	-79.9887	-79.9887	-79.9887	-79.9887	-79.9887	-79.9887	-79.9887	-79.9887	-79.9887	-79.9888	-79.9888	-79.9889	-79.989
0.725	-79.9984	-79.9942	-79.9918	-79.9904	-79.9896	-79.9892	-79.989	-79.9888	-79.9888	-79.9887	-79.9887	-79.9887	-79.9887	-79.9887	-79.9887	-79.9887	-79.9887	-79.9887	-79.9887	-79.9887	-79.9887	-79.9887	-79.9887	-79.9887	-79.9887	-79.9887	-79.9887	-79.9887	-79.9887	-79.9887	-79.9887	-79.9887	-79.9887	-79.9888	-79.9888	-79.9889
0.73	-79.9984	-79.9942	-79.9917	-79.9904	-79.9896	-79.9892	-79.9889	-79.9888	-79.9887	-79.9887	-79.9887	-79.9887	-79.9887	-79.9887	-79.9887	-79.9887	-79.9887	-79.9887	-79.9887	-79.9887	-79.9887	-79.9887	-79.9887	-79.9887	-79.9887	-79.9887	-79.9887	-79.9887	-79.9887	-79.9887	-79.9887	-79.9887	-79.9887	-79.9887	-79.9888	-79.9889
0.735	-79.9984	-79.9942	-79.9917	-79.9903	-79.9896	-79.9891	-79.9889	-79.9888	-79.9887	-79.9887	-79.9886	-79.9886	-79.9886	-79.9886	-79.9886	-79.9886	-79.9886	-79.9886	-79.9886	-79.9886	-79.9886	-79.9886	-79.9886	-79.9886	-79.9886	-79.9886	-79.9886	-79.9886	-79.9886	-79.9886	-79.9886	-79.9887	-79.9887	-79.9887	-79.9888	-79.9889
0.74	-79.9984	-79.9942	-79.9917	-79.9903	-79.9895	-79.9891	-79.9889	-79.9887	-79.9887	-79.9886	-79.9886	-79.9886	-79.9886	-79.9886	-79.9886	-79.9886	-79.9886	-79.9886	-79.9886	-79.9886	-79.9886	-79.9886	-79.9886	-79.9886	-79.9886	-79.9886	-79.9886	-79.9886	-79.9886	-79.9886	-79.9886	-79.9886	-79.9886	-79.9887	-79.9887	-79.9888
0.745	-79.9984	-79.9941	-79.9917	-79.9903	-79.9895	-79.9891	-79.9888	-79.9887	-79.9886	-79.9886	-79.9886	-79.9886	-79.9886	-79.9886	-79.9886	-79.9886	-79.9886	-79.9886	-79.9886	-79.9886	-79.9886	-79.9886	-79.9886	-79.9886	-79.9886	-79.9886	-79.9886	-79.9886	-79.9886	-79.9886	-79.9886	-79.9886	-79.9886	-79.9886	-79.9887	-79.9888
0.75	-79.9984	-79.9941	-79.9917	-79.9903	-79.9895	-79.9891	-79.9888	-79.9887	-79.9886	-79.9886	-79.9886	-79.9885	-79.9885	-79.9885	-79.9885	-79.9885	-79.9885	-79.9885	-79.9885	-79.9885	-79.9885	-79.9885	-79.9885	-79.9885	-79.9885	-79.9885	-79.9885	-79.9885	-79.9885	-79.9885	-79.9885	-79.9886	-79.9886	-79.9886	-79.9887	-79.9888
0.755	-79.9984	-79.9941	-79.9917	-79.9903	-79.9895	-79.989	-79.9888	-79.9887	-79.9886	-79.9885	-79.9885	-79.9885	-79.9885	-79.9885	-79.9885	-79.9885	-79.9885	-79.9885	-79.9885	-79.9885	-79.9885	-79.9885	-79.9885	-79.9885	-79.9885	-79.9885	-79.9885	-79.9885	-79.9885	-79.9885	-79.9885	-79.9885	-79.9886	-79.9886	-79.9886	-79.9888
0.76	-79.9984	-79.9941	-79.9916	-79.9902	-79.9894	-79.989	-79.9888	-79.9886	-79.9886	-79.9885	-79.9885	-79.9885	-79.9885	-79.9885	-79.9885	-79.9885	-79.9885	-79.9885	-79.9885	-79.9885	-79.9885	-79.9885	-79.9885	-79.9885	-79.9885	-79.9885	-79.9885	-79.9885	-79.9885	-79.9885	-79.9885	-79.9885	-79.9885	-79.9886	-79.9886	-79.9887
0.765	-79.9984	-79.9941	-79.9916	-79.9902	-79.9894	-79.989	-79.9887	-79.9886	-79.9885	-79.9885	-79.9885	-79.9885	-79.9885	-79.9884	-79.9884	-79.9884	-79.9884	-79.9884	-79.9884	-79.9884	-79.9884	-79.9884	-79.9884	-79.9884	-79.9884	-79.9884	-79.9884	-79.9884	-79.9885	-79.9885	-79.9885	-79.9885	-79.9885	-79.9885	-79.9886	-79.9887
0.77	-79.9984	-79.9941	-79.9916	-79.9902	-79.9894	-79.989	-79.9887	-79.9886	-79.9885	-79.9885	-79.9884	-79.9884	-79.9884	-79.9884	-79.9884	-79.9884	-79.9884	-79.9884	-79.9884	-79.9884	-79.9884	-79.9884	-79.9884	-79.9884	-79.9884	-79.9884	-79.9884	-79.9884	-79.9884	-79.9884	-79.9884	-79.9884	-79.9885	-79.9885	-79.9886	-79.9887
0.775	-79.9984	-79.9941	-79.9916	-79.9902	-79.9894	-79.9889	-79.9887	-79.9885	-79.9885	-79.9884	-79.9884	-79.9884	-79.9884	-79.9884	-79.9884	-79.9884	-79.9884	-79.9884	-79.9884	-79.9884	-79.9884	-79.9884	-79.9884	-79.9884	-79.9884	-79.9884	-79.9884	-79.9884	-79.9884	-79.9884	-79.9884	-79.9884	-79.9884	-79.9885	-79.9885	-79.9886
0.78	-79.9984	-79.9941	-79.9916	-79.9902	-79.9893	-79.9889	-79.9887	-79.9885	-79.9884	-79.9884	-79.9884	-79.9884	-79.9884	-79.9884	-79.9884	-79.9884	-79.9884	-79.9884	-79.9884	-79.9884	-79.9884	-79.9884	-79.9884	-79.9884	-79.9884	-79.9884	-79.9884	-79.9884	-79.9884	-79.9884	-79.9884	-79.9884	-79.9884	-79.9884	-79.9885	-79.9886
0.785	-79.9984	-79.9941	-79.9916	-79.9901	-79.9893	-79.9889	-79.9886	-79.9885	-79.9884	-79.9884	-79.9884	-79.9883	-79.9883	-79.9883	-79.9883	-79.9883	-79.9883	-79.9883	-79.9883	-79.9883	-79.9883	-79.9883	-79.9883	-79.9883	-79.9883	-79.9883	-79.9883	-79.9883	-79.9883	-79.9883	-79.9883	-79.9884	-79.9884	-79.9884	-79.9885	-79.9886
0.79	-79.9984	-79.9941	-79.9916	-79.9901	-79.9893	-79.9889	-79.9886	-79.9885	-79.9884	-79.9883	-79.9883	-79.9883	-79.9883	-79.9883	-79.9883	-79.9883	-79.9883	-79.9883	-79.9883	-79.9883	-79.9883	-79.9883	-79.9883	-79.9883	-79.9883	-79.9883	-79.9883	-79.9883	-79.9883	-79.9883	-79.9883	-79.9883	-79.9883	-79.9884	-79.9884	-79.9886
0.795	-79.9984	-79.9941	-79.9915	-79.9901	-79.9893	-79.9888	-79.9886	-79.9884	-79.9884	-79.9883	-79.9883	-79.9883	-79.9883	-79.9883	-79.9883	-79.9883	-79.9883	-79.9883	-79.9883	-79.9883	-79.9883	-79.9883	-79.9883	-79.9883	-79.9883	-79.9883	-79.9883	-79.9883	-79.9883	-79.9883	-79.9883	-79.9883	-79.9883	-79.9884	-79.9884	-79.9885
0.8	-79.9984	-79.994	-79.9915	-79.9901	-79.9893	-79.9888	-79.9885	-79.9884	-79.9883	-79.9883	-79.9883	-79.9883	-79.9883	-79.9883	-79.9882	-79.9882	-79.9882	-79.9882	-79.9882	-79.9882	-79.9882	-79.9882	-79.9882	-79.9882	-79.9882	-79.9882	-79.9882	-79.9882	-79.9883	-79.9883	-79.9883	-79.9883	-79.9883	-79.9883	-79.9884	-79.9885
0.805	-79.9984	-79.994	-79.9915	-79.9901	-79.9892	-79.9888	-79.9885	-79.9884	-79.9883	-79.9883	-79.9882	-79.9882	-79.9882	-79.9882	-79.9882	-79.9882	-79.9882	-79.9882	-79.9882	-79.9882	-79.9882	-79.9882	-79.9882	-79.9882	-79.9882	-79.9882	-79.9882	-79.9882	-79.9882	-79.9882	-79.9882	-79.9882	-79.9883	-79.9883	-79.9884	-79.9885
0.81	-79.9984	-79.994	-79.9915	-79.99	-79.9892	-79.9887	-79.9885	-79.9883	-79.9883	-79.9882	-79.9882	-79.9882	-79.9882	-79.9882	-79.9882	-79.9882	-79.9882	-79.9882	-79.9882	-79.9882	-79.9882	-79.9882	-79.9882	-79.9882	-79.9882	-79.9882	-79.9882	-79.9882	-79.9882	-79.9882	-79.9882	-79.9882	-79.9882	-79.9883	-79.9883	-79.9884
0.815	-79.9984	-79.994	-79.9915	-79.99	-79.9892	-79.9887	-79.9885	-79.9883	-79.9883	-79.9882	-79.9882	-79.9882	-79.9882	-79.9882	-79.9882	-79.9882	-79.9882	-79.9882	-79.9882	-79.9882	-79.9882	-79.9882	-79.9882	-79.9882	-79.9882	-79.9882	-79.9882	-79.9882	-79.9882	-79.9882	-79.9882	-79.9882	-79.9882	-79.9882	-79.9883	-79.9884
0.82	-79.9984	-79.994	-79.9915	-79.99	-79.9892	-79.9887	-79.9884	-79.9883	-79.9882	-79.9882	-79.9882	-79.9881	-79.9881	-79.9881	-79.9881	-79.9881	-79.9881	-79.9881	-79.9881	-79.9881	-79.9881	-79.9881	-79.9881	-79.9881	-79.9881	-79.9881	-79.9881	-79.9881	-79.9881	-79.9881	-79.9881	-79.9882	-79.9882	-79.9882	-79.9883	-79.9884
0.825	-79.9984	-79.994	-79.9915	-79.99	-79.9891	-79.9887	-79.9884	-79.9883	-79.9882	-79.9882	-79.9881	-79.9881	-79.9881	-79.9881	-79.9881	-79.9881	-79.9881	-79.9881	-79.9881	-79.9881	-79.9881	-79.9881	-79.9881	-79.9881	-79.9881	-79.9881	-79.9881	-79.9881	-79.9881	-79.9881	-79.9881	-79.9881	-79.9882	-79.9882	-79.9883	-79.9884
0.83	-79.9984	-79.994	-79.9914	-79.99	-79.9891	-79.9886	-79.9884	-79.9882	-79.9882	-79.9881	-79.9881	-79.9881	-79.9881	-79.9881	-79.9881	-79.9881	-79.9881	-79.9881	-79.9881	-79.9881	-79.9881	-79.9881	-79.9881	-79.9881	-79.9881	-79.9881	-79.9881	-79.9881	-79.9881	-79.9881	-79.9881	-79.9881	-79.9881	-79.9882	-79.9882	-79.9883
0.835	-79.9984	-79.994	-79.9914	-79.9899	-79.9891	-79.9886	-79.9884	-79.9882	-79.9881	-79.9881	-79.9881	-79.9881	-79.9881	-79.988	-79.988	-79.988	-79.988	-79.988	-79.988	-79.988	-79.988	-79.988	-79.988	-79.988	-79.988	-79.988	-79.988	-79.988	-79.9881	-79.9881	-79.9881	-79.9881	-79.9881	-79.9881	-79.9882	-79.9883
0.84	-79.9984	-79.994	-79.9914	-79.9899	-79.9891	-79.9886	-79.9883	-79.9882	-79.9881	-79.9881	-79.988	-79.988	-79.988	-79.988	-79.988	-79.988	-79.988	-79.988	-79.988	-79.988	-79.988	-79.988	-79.988	-79.988	-79.988	-79.988	-79.988	-79.988	-79.988	-79.988	-79.988	-79.988	-79.9881	-79.9881	-79.9882	-79.9883
0.845	-79.9984	-79.994	-79.9914	-79.9899	-79.9891	-79.9886	-79.9883	-79.9882	-79.9881	-79.988	-79.988	-79.988	-79.988	-79.988	-79.988	-79.988	-79.988	-79.988	-79.988	-79.988	-79.988	-79.988	-79.988	-79.988	-79.988	-79.988	-79.988	-79.988	-79.988	-79.988	-79.988	-79.988	-79.988	-79.9881	-79.9881	-79.9883
0.85	-79.9984	-79.994	-79.9914	-79.9899	-79.989	-79.9886	-79.9883	-79.9881	-79.9881	-79.988	-79.988	-79.988	-79.988	-79.988	-79.988	-79.988	-79.988	-79.988	-79.988	-79.988	-79.988	-79.988	-79.988	-79.988	-79.988	-79.988	-79.988	-79.988	-79.988	-79.988	-79.988	-79.988	-79.988	-79.988	-79.9881	-79.9882
0.855	-79.9984	-79.994	-79.9914	-79.9899	-79.989	-79.9885	-79.9883	-79.9881	-79.988	-79.988	-79.988	-79.9879	-79.9879	-79.9879	-79.9879	-79.9879	-79.9879	-79.9879	-79.9879	-79.9879	-79.9879	-79.9879	-79.9879	-79.9879	-79.9879	-79.9879	-79.9879	-79.9879	-79.9879	-79.9879	-79.9879	-79.988	-79.988	-79.988	-79.9881	-79.9882
0.86	-79.9984	-79.994	-79.9913	-79.9898	-79.989	-79.9885	-79.9882	-79.9881	-79.988	-79.988	-79.9879	-79.9879	-79.9879	-79.9879	-79.9879	-79.9879	-79.9879	-79.9879	-79.9879	-79.9879	-79.9879	-79.9879	-79.9879	-79.9879	-79.9879	-79.9879	-79.9879	-79.9879	-79.9879	-79.9879	-79.9879	-79.9879	-79.988	-79.988	-79.9881	-79.9882
0.865	-79.9984	-79.9939	-79.9913	-79.9898	-79.989	-79.9885	-79.9882	-79.9881	-79.988	-79.9879	-79.9879	-79.9879	-79.9879	-79.9879	-79.9879	-79.9879	-79.9879	-79.9879	-79.9879	-79.9879	-79.9879	-79.9879	-79.9879	-79.9879	-79.9879	-79.9879	-79.9879	-79.9879	-79.9879	-79.9879	-79.9879	-79.9879	-79.9879	-79.988	-79.988	-79.9881
0.87	-79.9984	-79.9939	-79.9913	-79.9898	-79.9889	-79.9885	-79.9882	-79.988	-79.9879	-79.9879	-79.9879	-79.9879	-79.9879	-79.9879	-79.9879	-79.9879	-79.9879	-79.9878	-79.9878	-79.9878	-79.9878	-79.9878	-79.9878	-79.9878	-79.9879	-79.9879	-79.9879	-79.9879	-79.9879	-79.9879	-79.9879	-79.9879	-79.9879	-79.9879	-79.988	-79.9881
0.875	-79.9984	-79.9939	-79.9913	-79.9898	-79.9889	-79.9884	-79.9882	-79.988	-79.9879	-79.9879	-79.9879	-79.9878	-79.9878	-79.9878	-79.9878	-79.9878	-79.9878	-79.9878	-79.9878	-79.9878	-79.9878	-79.9878	-79.9878	-79.9878	-79.9878	-79.9878	-79.9878	-79.9878	-79.9878	-79.9878	-79.9878	-79.9878	-79.9879	-79.9879	-79.988	-79.9881
0.88	-79.9984	-79.9939	-79.9913	-79.9898	-79.9889	-79.9884	-79.9881	-79.988	-79.9879	-79.9878	-79.9878	-79.9878	-79.9878	-79.9878	-79.9878	-79.9878	-79.9878	-79.9878	-79.9878	-79.9878	-79.9878	-79.9878	-79.9878	-79.9878	-79.9878	-79.9878	-79.9878	-79.9878	-79.9878	-79.9878	-79.9878	-79.9878	-79.9878	-79.9879	-79.9879	-79.9881
0.885	-79.9984	-79.9939	-79.9913	-79.9898	-79.9889	-79.9884	-79.9881	-79.988	-79.9879	-79.9878	-79.9878	-79.9878	-79.9878	-79.9878	-79.9878	-79.9878	-79.9878	-79.9878	-79.9878	-79.9878	-79.9878	-79.9878	-79.9878	-79.9878	-79.9878	-79.9878	-79.9878	-79.9878	-79.9878	-79.9878	-79.9878	-79.9878	-79.9878	-79.9879	-79.9879	-79.988
0.89	-79.9984	-79.9939	-79.9913	-79.9897	-79.9889	-79.9884	-79.9881	-79.9879	-79.9878	-79.9878	-79.9878	-79.9878	-79.9877	-79.9877	-79.9877	-79.9877	-79.9877	-79.9877	-79.9877	-79.9877	-79.9877	-79.9877	-79.9877	-79.9877	-79.9877	-79.9877	-79.9877	-79.9877	-79.9877	-79.9877	-79.9878	-79.9878	-79.9878	-79.9878	-79.9879	-79.988
0.895	-79.9984	-79.9939	-79.9913	-79.9897	-79.9888	-79.9883	-79.9881	-79.9879	-79.9878	-79.9878	-79.9877	-79.9877	-79.9877	-79.9877	-79.9877	-79.9877	-79.9877	-79.9877	-79.9877	-79.9877	-79.9877	-79.9877	-79.9877	-79.9877	-79.9877	-79.9877	-79.9877	-79.9877	-79.9877	-79.9877	-79.9877	-79.9877	-79.9878	-79.9878	-79.9879	-79.988
0.9	-79.9984	-79.9939	-79.9912	-79.9897	-79.9888	-79.9883	-79.988	-79.9879	-79.9878	-79.9877	-79.9877	-79.9877	-79.9877	-79.9877	-79.9877	-79.9877	-79.9877	-79.9877	-79.9877	-79.9877	-79.9877	-79.9877	-79.9877	-79.9877	-79.9877	-79.9877	-79.9877	-79.9877	-79.9877	-79.9877	-79.9877	-79.9877	-79.9877	-79.9878	-79.9878	-79.988
0.905	-79.9984	-79.9939	-79.9912	-79.9897	-79.9888	-79.9883	-79.988	-79.9878	-79.9878	-79.9877	-79.9877	-79.9877	-79.9877	-79.9877	-79.9877	-79.9877	-79.9877	-79.9877	-79.9877	-79.9877	-79.9877	-79.9877	-79.9877	-79.9877	-79.9877	-79.9877	-79.9877	-79.9877	-79.9877	-79.9877	-79.9877	-79.9877	-79.9877	-79.9877	-79.9878	-79.9879
0.91	-79.9984	-79.9939	-79.9912	-79.9897	-79.9888	-79.9883	-79.988	-79.9878	-79.9877	-79.9877	-79.9877	-79.9876	-79.9876	-79.9876	-79.9876	-79.9876	-79.9876	-79.9876	-79.9876	-79.9876	-79.9876	-79.9876	-79.9876	-79.9876	-79.9876	-79.9876	-79.9876	-79.9876	-79.9876	-79.9876	-79.9876	-79.9877	-79.9877	-79.9877	-79.9878	-79.9879
0.915	-79.9984	-79.9939	-79.9912	-79.9896	-79.9888	-79.9882	-79.988	-79.9878	-79.9877	-79.9877	-79.9876	-79.9876	-79.9876	-79.9876	-79.9876	-79.9876	-79.9876	-79.9876	-79.9876	-79.9876	-79.9876	-79.9876	-79.9876	-79.9876	-79.9876	-79.9876	-79.9876	-79.9876	-79.9876	-79.9876	-79.9876	-79.9876	-79.9877	-79.9877	-79.9878	-79.9879
0.92	-79.9984	-79.9939	-79.9912	-79.9896	-79.9887	-79.9882	-79.9879	-79.9878	-79.9877	-79.9876	-79.9876	-79.9876	-79.9876	-79.9876	-79.9876	-79.9876	-79.9876	-79.9876	-79.9876	-79.9876	-79.9876	-79.9876	-79.9876	-79.9876	-79.9876	-79.9876	-79.9876	-79.9876	-79.9876	-79.9876	-79.9876	-79.9876	-79.9876	-79.9877	-79.9877	-79.9879
0.925	-79.9984	-79.9939	-79.9912	-79.9896	-79.9887	-79.9882	-79.9879	-79.9877	-79.9877	-79.9876	-79.9876	-79.9876	-79.9876	-79.9876	-79.9876	-79.9876	-79.9876	-79.9876	-79.9876	-79.9876	-79.9876	-79.9876	-79.9876	-79.9876	-79.9876	-79.9876	-79.9876	-79.9876	-79.9876	-79.9876	-79.9876	-79.9876	-79.9876	-79.9876	-79.9877	-79.9878
0.93	-79.9984	-79.9939	-79.9912	-79.9896	-79.9887	-79.9882	-79.9879	-79.9877	-79.9876	-79.9876	-79.9876	-79.9875	-79.9875	-79.9875	-79.9875	-79.9875	-79.9875	-79.9875	-79.9875	-79.9875	-79.9875	-79.9875	-79.9875	-79.9875	-79.9875	-79.9875	-79.9875	-79.9875	-79.9875	-79.9875	-79.9875	-79.9876	-79.9876	-79.9876	-79.9877	-79.9878
0.935	-79.9984	-79.9938	-79.9911	-79.9896	-79.9887	-79.9882	-79.9879	-79.9877	-79.9876	-79.9876	-79.9875	-79.9875	-79.9875	-79.9875	-79.9875	-79.9875	-79.9875	-79.9875	-79.9875	-79.9875	-79.9875	-79.9875	-79.9875	-79.9875	-79.9875	-79.9875	-79.9875	-79.9875	-79.9875	-79.9875	-79.9875	-79.9875	-79.9875	-79.9876	-79.9877	-79.9878
0.94	-79.9984	-79.9938	-79.9911	-79.9896	-79.9886	-79.9881	-79.9878	-79.9877	-79.9876	-79.9875	-79.9875	-79.9875	-79.9875	-79.9875	-79.9875	-79.9875	-79.9875	-79.9875	-79.9875	-79.9875	-79.9875	-79.9875	-79.9875	-79.9875	-79.9875	-79.9875	-79.9875	-79.9875	-79.9875	-79.9875	-79.9875	-79.9875	-79.9875	-79.9876	-79.9876	-79.9878
0.945	-79.9984	-79.9938	-79.9911	-79.9895	-79.9886	-79.9881	-79.9878	-79.9876	-79.9876	-79.9875	-79.9875	-79.9875	-79.9875	-79.9874	-79.9874	-79.9874	-79.9874	-79.9874	-79.9874	-79.9874	-79.9874	-79.9874	-79.9874	-79.9874	-79.9874	-79.9874	-79.9874	-79.9874	-79.9874	-79.9875	-79.9875	-79.9875	-79.9875	-79.9875	-79.9876	-79.9877
0.95	-79.9984	-79.9938	-79.9911	-79.9895	-79.9886	-79.9881	-79.9878	-79.9876	-79.9875	-79.9875	-79.9874	-79.9874	-79.9874	-79.9874	-79.9874	-79.9874	-79.9874	-79.9874	-79.9874	-79.9874	-79.9874	-79.9874	-79.9874	-79.9874	-79.9874	-79.9874	-79.9874	-79.9874	-79.9874	-79.9874	-79.9874	-79.9874	-79.9875	-79.9875	-79.9876	-79.9877
0.955	-79.9984	-79.9938	-79.9911	-79.9895	-79.9886	-79.9881	-79.9878	-79.9876	-79.9875	-79.9875	-79.9874	-79.9874	-79.9874	-79.9874	-79.9874	-79.9874	-79.9874	-79.9874	-79.9874	-79.9874	-79.9874	-79.9874	-79.9874	-79.9874	-79.9874	-79.9874	-79.9874	-79.9874	-79.9874	-79.9874	-79.9874	-79.9874	-79.9874	-79.9875	-79.9876	-79.9877
0.96	-79.9984	-79.9938	-79.9911	-79.9895	-79.9886	-79.988	-79.9877	-79.9876	-79.9875	-79.9874	-79.9874	-79.9874	-79.9874	-79.9874	-79.9874	-79.9874	-79.9874	-79.9874	-79.9874	-79.9874	-79.9874	-79.9874	-79.9874	-79.9874	-79.9874	-79.9874	-79.9874	-79.9874	-79.9874	-79.9874	-79.9874	-79.9874	-79.9874	-79.9875	-79.9875	-79.9876
0.965	-79.9984	-79.9938	-79.9911	-79.9895	-79.9885	-79.988	-79.9877	-79.9875	-79.9875	-79.9874	-79.9874	-79.9874	-79.9874	-79.9874	-79.9873	-79.9873	-79.9873	-79.9873	-79.9873	-79.9873	-79.9873	-79.9873	-79.9873	-79.9873	-79.9873	-79.9873	-79.9873	-79.9873	-79.9874	-79.9874	-79.9874	-79.9874	-79.9874	-79.9874	-79.9875	-79.9876
0.97	-79.9984	-79.9938	-79.9911	-79.9895	-79.9885	-79.988	-79.9877	-79.9875	-79.9874	-79.9874	-79.9874	-79.9873	-79.9873	-79.9873	-79.9873	-79.9873	-79.9873	-79.9873	-79.9873	-79.9873	-79.9873	-79.9873	-79.9873	-79.9873	-79.9873	-79.9873	-79.9873	-79.9873	-79.9873	-79.9873	-79.9873	-79.9874	-79.9874	-79.9874	-79.9875	-79.9876
0.975	-79.9984	-79.9938	-79.991	-79.9894	-79.9885	-79.988	-79.9877	-79.9875	-79.9874	-79.9874	-79.9873	-79.9873	-79.9873	-79.9873	-79.9873	-79.9873	-79.9873	-79.9873	-79.9873	-79.9873	-79.9873	-79.9873	-79.9873	-79.9873	-79.9873	-79.9873	-79.9873	-79.9873	-79.9873	-79.9873	-79.9873	-79.9873	-79.9873	-79.9874	-79.9875	-79.9876
0.98	-79.9984	-79.9938	-79.991	-79.9894	-79.9885	-79.988	-79.9876	-79.9875	-79.9874	-79.9873	-79.9873	-79.9873	-79.9873	-79.9873	-79.9873	-79.9873	-79.9873	-79.9873	-79.9873	-79.9873	-79.9873	-79.9873	-79.9873	-79.9873	-79.9873	-79.9873	-79.9873	-79.9873	-79.9873	-79.9873	-79.9873	-79.9873	-79.9873	-79.9874	-79.9874	-79.9875
0.985	-79.9984	-79.9938	-79.991	-79.9894	-79.9885	-79.9879	-79.9876	-79.9874	-79.9874	-79.9873	-79.9873	-79.9873	-79.9873	-79.9872	-79.9872	-79.9872	-79.9872	-79.9872	-79.9872	-79.9872	-79.9872	-79.9872	-79.9872	-79.9872	-79.9872	-79.9872	-79.9872	-79.9872	-79.9872	-79.9873	-79.9873	-79.9873	-79.9873	-79.9873	-79.9874	-79.9875
0.99	-79.9984	-79.9938	-79.991	-79.9894	-79.9884	-79.9879	-79.9876	-79.9874	-79.9873	-79.9873	-79.9873	-79.9872	-79.9872	-79.9872	-79.9872	-79.9872	-79.9872	-79.9872	-79.9872	-79.9872	-79.9872	-79.9872	-79.9872	-79.9872	-79.9872	-79.9872	-79.9872	-79.9872	-79.9872	-79.9872	-79.9872	-79.9872	-79.9873	-79.9873	-79.9874	-79.9875
0.995	-79.9984	-79.9938	-79.991	-79.9894	-79.9884	-79.9879	-79.9876	-79.9874	-79.9873	-79.9873	-79.9872	-79.9872	-79.9872	-79.9872	-79.9872	-79.9872	-79.9872	-79.9872	-79.9872	-79.9872	-79.9872	-79.9872	-79.9872	-79.9872	-79.9872	-79.9872	-79.9872	-79.9872	-79.9872	-79.9872	-79.9872	-79.9872	-79.9872	-79.9873	-79.9874	-79.9875
1	-79.9984	-79.9937	-79.991	-79.9893	-79.9884	-79.9879	-79.9876	-79.9874	-79.9873	-79.9872	-79.9872	-79.9872	-79.9872	-79.9872	-79.9872	-79.9872	-79.9872	-79.9872	-79.9872	-79.9872	-79.9872	-79.9872	-79.9872	-79.9872	-79.9872	-79.9872	-79.9872	-79.9872	-79.9872	-79.9872	-79.9872	-79.9872	-79.9872	-79.9873	-79.9873	-79.9874
1.005	-13.3331	-66.902	-77.42	-79.4845	-79.8892	-79.9684	-79.9837	-79.9866	-79.9871	-79.9872	-79.9872	-79.9872	-79.9872	-79.9871	-79.9871	-79.9871	-79.9871	-79.9871	-79.9871	-79.9871	-79.9871	-79.9871	-79.9871	-79.9871	-79.9871	-79.9871	-79.9871	-79.9871	-79.9871	-79.9872	-79.9872	-79.9872	-79.9872	-79.9872	-79.9873	-79.9874
1.01	-2.22221	-58.5161	-74.5565	-78.6832	-79.685	-79.919	-79.9722	-79.984	-79.9865	-79.987	-79.9871	-79.9871	-79.9871	-79.9871	-79.9871	-79.9871	-79.9871	-79.9871	-79.9871	-79.9871	-79.9871	-79.9871	-79.9871	-79.9871	-79.9871	-79.9871	-79.9871	-79.9871	-79.9871	-79.9871	-79.9871	-79.9871	-79.9872	-79.9872	-79.9873	-79.9874
1.015	-0.370366	-54.0391	-72.3035	-77.8581	-79.4256	-79.8446	-79.9521	-79.9788	-79.9852	-79.9867	-79.987	-79.9871	-79.9871	-79.9871	-79.9871	-79.9871	-79.9871	-79.9871	-79.9871	-79.9871	-79.9871	-79.9871	-79.9871	-79.9871	-79.9871	-79.9871	-79.9871	-79.9871	-79.9871	-79.9871	-79.9871	-79.9871	-79.9871	-79.9872	-79.9873	-79.9874
1.02	-0.0616979	-51.2899	-70.6044	-77.1148	-79.1528	-79.755	-79.9248	-79.9709	-79.983	-79.9861	-79.9868	-79.987	-79.9871	-79.9871	-79.9871	-79.9871	-79.9871	-79.9871	-79.9871	-79.9871	-79.9871	-79.9871	-79.9871	-79.9871	-79.9871	-79.9871	-79.9871	-79.9871	-79.9871	-79.9871	-79.9871	-79.9871	-79.9871	-79.9872	-79.9872	-79.9874
1.025	12.3412	-46.7456	-68.7585	-76.3632	-78.867	-79.6542	-79.8915	-79.9605	-79.9799	-79.9852	-79.9866	-79.9869	-79.987	-79.987	-79.987	-79.987	-79.987	-79.987	-79.987	-79.987	-79.987	-79.987	-79.987	-79.987	-79.987	-79.987	-79.987	-79.987	-79.987	-79.987	-79.9871	-79.9871	-79.9871	-79.9871	-79.9872	-79.9873
1.03	16.6466	-42.6161	-66.8966	-75.5913	-78.5659	-79.5435	-79.8531	-79.9478	-79.9759	-79.9839	-79.9862	-79.9868	-79.987	-79.987	-79.987	-79.987	-79.987	-79.987	-79.987	-79.987	-79.987	-79.987	-79.987	-79.987	-79.987	-79.987	-79.987	-79.987	-79.987	-79.987	-79.987	-79.987	-79.9871	-79.9871	-79.9872	-79.9873
1.035	18.0082	-38.7168	-65.056	-74.8054	-78.2508	-79.4239	-79.8098	-79.9328	-79.9709	-79.9823	-79.9857	-79.9866	-79.9869	-79.987	-79.987	-79.987	-79.987	-79.987	-79.987	-79.987	-79.987	-79.987	-79.987	-79.987	-79.987	-79.987	-79.987	-79.987	-79.987	-79.987	-79.987	-79.987	-79.987	-79.9871	-79.9872	-79.9873
1.04	18.4478	-34.2833	-63.0964	-73.9819	-77.918	-79.2949	-79.7619	-79.9157	-79.965	-79.9803	-79.985	-79.9864	-79.9868	-79.9869	-79.987	-79.987	-79.987	-79.987	-79.987	-79.987	-79.987	-79.987	-79.987	-79.987	-79.987	-79.987	-79.987	-79.987	-79.987	-79.987	-79.987	-79.987	-79.987	-79.9871	-79.9871	-79.9873
1.045	18.7972	-28.5792	-60.8014	-73.0677	-77.5559	-79.1544	-79.7089	-79.8964	-79.9581	-79.978	-79.9842	-79.9861	-79.9867	-79.9869	-79.9869	-79.9869	-79.9869	-79.9869	-79.9869	-79.9869	-79.9869	-79.9869	-79.9869	-79.9869	-79.9869	-79.9869	-79.9869	-79.9869	-79.9869	-79.987	-79.987	-79.987	-79.987	-79.987	-79.9871	-79.9872
1.05	19.4476	-21.0422	-57.9459	-71.9936	-77.1454	-78.9976	-79.6498	-79.8745	-79.9503	-79.9752	-79.9833	-79.9858	-79.9866	-79.9868	-79.9869	-79.9869	-79.9869	-79.9869	-79.9869	-79.9869	-79.9869	-79.9869	-79.9869	-79.9869	-79.9869	-79.9869	-79.9869	-79.9869	-79.9869	-79.9869	-79.9869	-79.9869	-79.987	-79.987	-79.9871	-79.9872
1.055	20.5616	-11.7249	-54.4036	-70.7007	-76.666	-78.8181	-79.5827	-79.8497	-79.9412	-79.972	-79.9821	-79.9854	-79.9864	-79.9868	-79.9869	-79.9869	-79.9869	-79.9869	-79.9869	-79.9869	-79.9869	-79.9869	-79.9869	-79.9869	-79.9869	-79.9869	-79.9869	-79.9869	-79.9869	-79.9869	-79.9869	-79.9869	-79.9869	-79.987	-79.9871	-79.9872
1.06	21.9715	-2.15563	-50.3503	-69.1925	-76.1082	-78.6111	-79.5059	-79.8214	-79.9309	-79.9683	-79.9808	-79.9849	-79.9863	-79.9867	-79.9868	-79.9868	-79.9869	-79.9869	-79.9869	-79.9869	-79.9869	-79.9869	-79.9869	-79.9869	-79.9869	-79.9869	-79.9869	-79.9869	-79.9869	-79.9869	-79.9869	-79.9869	-79.9869	-79.987	-79.987	-79.9872
1.065	23.1789	5.12289	-46.2489	-67.5562	-75.4836	-78.3763	-79.4183	-79.7889	-79.919	-79.9639	-79.9792	-79.9844	-79.986	-79.9866	-79.9868	-79.9868	-79.9868	-79.9868	-79.9868	-79.9868	-79.9868	-79.9868	-79.9868	-79.9868	-79.9868	-79.9868	-79.9868	-79.9868	-79.9868	-79.9869	-79.9869	-79.9869	-79.9869	-79.9869	-79.987	-79.9871
1.07	23.8024	9.15682	-42.3331	-65.8723	-74.8122	-78.1171	-79.3201	-79.7522	-79.9054	-79.959	-79.9774	-79.9837	-79.9858	-79.9865	-79.9867	-79.9868	-79.9868	-79.9868	-79.9868	-79.9868	-79.9868	-79.9868	-79.9868	-79.9868	-79.9868	-79.9868	-79.9868	-79.9868	-79.9868	-79.9868	-79.9868	-79.9869	-79.9869	-79.9869	-79.987	-79.9871
1.075	23.8463	10.95	-38.325	-64.1186	-74.098	-77.8356	-79.2117	-79.7111	-79.89	-79.9533	-79.9754	-79.9829	-79.9855	-79.9864	-79.9867	-79.9867	-79.9868	-79.9868	-79.9868	-79.9868	-79.9868	-79.9868	-79.9868	-79.9868	-79.9868	-79.9868	-79.9868	-79.9868	-79.9868	-79.9868	-79.9868	-79.9868	-79.9869	-79.9869	-79.987	-79.9871
1.08	23.5082	11.7123	-33.6662	-62.171	-73.3179	-77.5281	-79.0922	-79.6654	-79.8728	-79.9469	-79.973	-79.9821	-79.9852	-79.9862	-79.9866	-79.9867	-79.9868	-79.9868	-79.9868	-79.9868	-79.9868	-79.9868	-79.9868	-79.9868	-79.9868	-79.9868	-79.9868	-79.9868	-79.9868	-79.9868	-79.9868	-79.9868	-79.9868	-79.9869	-79.9869	-79.9871
1.085	22.9826	12.1804	-27.7644	-59.8478	-72.4253	-77.1833	-78.9592	-79.6145	-79.8535	-79.9396	-79.9703	-79.9811	-79.9848	-79.9861	-79.9865	-79.9867	-79.9867	-79.9867	-79.9867	-79.9867	-79.9867	-79.9867	-79.9867	-79.9867	-79.9867	-79.9867	-79.9867	-79.9867	-79.9867	-79.9868	-79.9868	-79.9868	-79.9868	-79.9868	-79.9869	-79.987
1.09	22.4084	12.7356	-20.2007	-56.9652	-71.3613	-76.7844	-78.8081	-79.5571	-79.8317	-79.9314	-79.9672	-79.9799	-79.9844	-79.9859	-79.9865	-79.9866	-79.9867	-79.9867	-79.9867	-79.9867	-79.9867	-79.9867	-79.9867	-79.9867	-79.9867	-79.9867	-79.9867	-79.9867	-79.9867	-79.9867	-79.9867	-79.9868	-79.9868	-79.9868	-79.9869	-79.987
1.095	21.8665	13.5181	-11.2255	-53.4493	-70.0819	-76.3143	-78.6331	-79.4914	-79.807	-79.9221	-79.9637	-79.9786	-79.9839	-79.9857	-79.9864	-79.9866	-79.9867	-79.9867	-79.9867	-79.9867	-79.9867	-79.9867	-79.9867	-79.9867	-79.9867	-79.9867	-79.9867	-79.9867	-79.9867	-79.9867	-79.9867	-79.9867	-79.9868	-79.9868	-79.9869	-79.987
1.1	21.3636	14.3945	-2.42103	-49.5032	-68.6027	-75.7676	-78.4305	-79.4159	-79.7787	-79.9115	-79.9598	-79.9771	-79.9833	-79.9855	-79.9863	-79.9865	-79.9866	-79.9867	-79.9867	-79.9867	-79.9867	-79.9867	-79.9867	-79.9867	-79.9867	-79.9867	-79.9867	-79.9867	-79.9867	-79.9867	-79.9867	-79.9867	-79.9867	-79.9868	-79.9869	-79.987
1.105	20.8326	15.0318	4.04901	-45.5223	-67.0031	-75.1561	-78.2003	-79.3297	-79.7465	-79.8995	-79.9553	-79.9754	-79.9827	-79.9853	-79.9862	-79.9865	-79.9866	-79.9866	-79.9866	-79.9866	-79.9866	-79.9866	-79.9866	-79.9866	-79.9866	-79.9866	-79.9866	-79.9867	-79.9867	-79.9867	-79.9867	-79.9867	-79.9867	-79.9868	-79.9868	-79.987
1.11	20.1968	15.214	7.58967	-41.6394	-65.3407	-74.4956	-77.9456	-79.2328	-79.71	-79.8858	-79.9501	-79.9735	-79.982	-79.985	-79.9861	-79.9864	-79.9866	-79.9866	-79.9866	-79.9866	-79.9866	-79.9866	-79.9866	-79.9866	-79.9866	-79.9866	-79.9866	-79.9866	-79.9866	-79.9866	-79.9866	-79.9867	-79.9867	-79.9867	-79.9868	-79.9869
1.115	19.4276	14.975	9.16146	-37.5455	-63.5767	-73.7848	-77.6669	-79.1255	-79.6691	-79.8703	-79.9443	-79.9713	-79.9811	-79.9847	-79.9859	-79.9864	-79.9865	-79.9866	-79.9866	-79.9866	-79.9866	-79.9866	-79.9866	-79.9866	-79.9866	-79.9866	-79.9866	-79.9866	-79.9866	-79.9866	-79.9866	-79.9866	-79.9867	-79.9867	-79.9868	-79.9869
1.12	18.5414	14.4593	9.83196	-32.7027	-61.5822	-72.9974	-77.3592	-79.0064	-79.6234	-79.8529	-79.9377	-79.9688	-79.9802	-79.9843	-79.9858	-79.9863	-79.9865	-79.9865	-79.9866	-79.9866	-79.9866	-79.9866	-79.9866	-79.9866	-79.9866	-79.9866	-79.9866	-79.9866	-79.9866	-79.9866	-79.9866	-79.9866	-79.9866	-79.9867	-79.9868	-79.9869
1.125	17.5728	13.8029	10.2602	-26.562	-59.1803	-72.0857	-77.0107	-78.8728	-79.5723	-79.8334	-79.9303	-79.966	-79.9791	-79.9839	-79.9856	-79.9862	-79.9864	-79.9865	-79.9865	-79.9865	-79.9865	-79.9866	-79.9866	-79.9866	-79.9866	-79.9866	-79.9866	-79.9866	-79.9866	-79.9866	-79.9866	-79.9866	-79.9866	-79.9867	-79.9867	-79.9869
1.13	16.5567	13.1026	10.7884	-18.8034	-56.205	-70.994	-76.6045	-78.7198	-79.5143	-79.8114	-79.922	-79.9629	-79.9779	-79.9834	-79.9854	-79.9861	-79.9864	-79.9865	-79.9865	-79.9865	-79.9865	-79.9865	-79.9865	-79.9865	-79.9865	-79.9865	-79.9865	-79.9865	-79.9865	-79.9865	-79.9865	-79.9866	-79.9866	-79.9866	-79.9867	-79.9868
1.135	15.5202	12.411	11.5155	-9.88356	-52.6257	-69.6877	-76.1255	-78.5421	-79.4477	-79.7863	-79.9125	-79.9593	-79.9766	-79.9829	-79.9852	-79.986	-79.9863	-79.9865	-79.9865	-79.9865	-79.9865	-79.9865	-79.9865	-79.9865	-79.9865	-79.9865	-79.9865	-79.9865	-79.9865	-79.9865	-79.9865	-79.9865	-79.9866	-79.9866	-79.9867	-79.9868
1.14	14.4746	11.7256	12.2684	-1.5445	-48.6883	-68.1949	-75.5715	-78.3366	-79.3711	-79.7576	-79.9017	-79.9552	-79.975	-79.9823	-79.985	-79.9859	-79.9863	-79.9864	-79.9865	-79.9865	-79.9865	-79.9865	-79.9865	-79.9865	-79.9865	-79.9865	-79.9865	-79.9865	-79.9865	-79.9865	-79.9865	-79.9865	-79.9865	-79.9866	-79.9867	-79.9868
1.145	13.4137	10.9984	12.7275	4.28161	-44.754	-66.5941	-74.9557	-78.104	-79.2838	-79.7249	-79.8894	-79.9506	-79.9733	-79.9816	-79.9847	-79.9858	-79.9862	-79.9864	-79.9864	-79.9865	-79.9865	-79.9865	-79.9865	-79.9865	-79.9865	-79.9865	-79.9865	-79.9865	-79.9865	-79.9865	-79.9865	-79.9865	-79.9865	-79.9866	-79.9866	-79.9868
1.15	12.3239	10.1849	12.7315	7.35535	-40.8676	-64.9252	-74.291	-77.847	-79.1859	-79.6879	-79.8754	-79.9453	-79.9713	-79.9809	-79.9844	-79.9857	-79.9862	-79.9863	-79.9864	-79.9864	-79.9864	-79.9864	-79.9864	-79.9864	-79.9864	-79.9864	-79.9864	-79.9864	-79.9864	-79.9865	-79.9865	-79.9865	-79.9865	-79.9865	-79.9866	-79.9867
1.155	11.1969	9.27599	12.3451	8.69428	-36.6692	-63.1313	-73.5713	-77.5652	-79.0772	-79.6464	-79.8597	-79.9394	-79.969	-79.98	-79.9841	-79.9856	-79.9861	-79.9863	-79.9864	-79.9864	-79.9864	-79.9864	-79.9864	-79.9864	-79.9864	-79.9864	-79.9864	-79.9864	-79.9864	-79.9864	-79.9864	-79.9865	-79.9865	-79.9865	-79.9866	-79.9867
1.16	10.0331	8.28917	11.7142	9.27659	-31.6181	-61.0739	-72.7662	-77.2522	-78.9564	-79.6	-79.842	-79.9327	-79.9665	-79.979	-79.9837	-79.9854	-79.986	-79.9863	-79.9863	-79.9864	-79.9864	-79.9864	-79.9864	-79.9864	-79.9864	-79.9864	-79.9864	-79.9864	-79.9864	-79.9864	-79.9864	-79.9864	-79.9865	-79.9865	-79.9866	-79.9867
1.165	8.83947	7.25053	10.9668	9.69	-25.1955	-58.5756	-71.826	-76.8951	-78.8201	-79.548	-79.8222	-79.9251	-79.9636	-79.9779	-79.9833	-79.9852	-79.986	-79.9862	-79.9863	-79.9864	-79.9864	-79.9864	-79.9864	-79.9864	-79.9864	-79.9864	-79.9864	-79.9864	-79.9864	-79.9864	-79.9864	-79.9864	-79.9864	-79.9865	-79.9866	-79.9867
1.17	7.6254	6.18451	10.191	10.2319	-17.1873	-55.4876	-70.697	-76.4771	-78.6633	-79.4887	-79.7997	-79.9166	-79.9603	-79.9767	-79.9828	-79.985	-79.9859	-79.9862	-79.9863	-79.9863	-79.9863	-79.9863	-79.9863	-79.9863	-79.9863	-79.9863	-79.9864	-79.9864	-79.9864	-79.9864	-79.9864	-79.9864	-79.9864	-79.9865	-79.9865	-79.9867
1.175	6.40012	5.10864	9.429	10.9531	-8.28105	-51.8261	-69.3546	-75.9849	-78.481	-79.4205	-79.774	-79.9069	-79.9567	-79.9753	-79.9822	-79.9848	-79.9858	-79.9861	-79.9863	-79.9863	-79.9863	-79.9863	-79.9863	-79.9863	-79.9863	-79.9863	-79.9863	-79.9863	-79.9863	-79.9863	-79.9863	-79.9864	-79.9864	-79.9864	-79.9865	-79.9866
1.18	5.16993	4.02904	8.66752	11.6372	-0.379352	-47.8809	-67.8397	-75.4195	-78.2708	-79.3422	-79.7447	-79.8958	-79.9525	-79.9737	-79.9816	-79.9846	-79.9857	-79.9861	-79.9862	-79.9863	-79.9863	-79.9863	-79.9863	-79.9863	-79.9863	-79.9863	-79.9863	-79.9863	-79.9863	-79.9863	-79.9863	-79.9863	-79.9864	-79.9864	-79.9865	-79.9866
1.185	3.93693	2.94082	7.8562	11.9784	4.84063	-43.9747	-66.2292	-74.7953	-78.0341	-79.2531	-79.7112	-79.8832	-79.9477	-79.9719	-79.9809	-79.9843	-79.9855	-79.986	-79.9862	-79.9862	-79.9863	-79.9863	-79.9863	-79.9863	-79.9863	-79.9863	-79.9863	-79.9863	-79.9863	-79.9863	-79.9863	-79.9863	-79.9863	-79.9864	-79.9865	-79.9866
1.19	2.70051	1.83638	6.95808	11.8658	7.48128	-40.0643	-64.5452	-74.1225	-77.773	-79.1534	-79.6734	-79.8689	-79.9423	-79.9699	-79.9801	-79.984	-79.9854	-79.9859	-79.9861	-79.9862	-79.9862	-79.9863	-79.9863	-79.9863	-79.9863	-79.9863	-79.9863	-79.9863	-79.9863	-79.9863	-79.9863	-79.9863	-79.9863	-79.9864	-79.9864	-79.9866
1.195	1.45996	0.712713	5.97175	11.3904	8.60943	-35.74	-62.7125	-73.3899	-77.4864	-79.0427	-79.6311	-79.8529	-79.9362	-79.9675	-79.9793	-79.9836	-79.9853	-79.9859	-79.9861	-79.9862	-79.9862	-79.9862	-79.9862	-79.9862	-79.9862	-79.9862	-79.9862	-79.9862	-79.9862	-79.9862	-79.9863	-79.9863	-79.9863	-79.9863	-79.9864	-79.9865
1.2	0.216025	-0.427634	4.91826	10.6984	9.1219	-30.4555	-60.5824	-72.563	-77.1663	-78.9194	-79.5838	-79.8348	-79.9294	-79.9649	-79.9783	-79.9832	-79.9851	-79.9858	-79.9861	-79.9862	-79.9862	-79.9862	-79.9862	-79.9862	-79.9862	-79.9862	-79.9862	-79.9862	-79.9862	-79.9862	-79.9862	-79.9862	-79.9863	-79.9863	-79.9864	-79.9865
1.205	-1.02901	-1.57879	3.82415	9.9104	9.53949	-23.7268	-57.9776	-71.59	-76.7989	-78.7796	-79.5305	-79.8145	-79.9216	-79.962	-79.9771	-79.9828	-79.9849	-79.9857	-79.986	-79.9861	-79.9862	-79.9862	-79.9862	-79.9862	-79.9862	-79.9862	-79.9862	-79.9862	-79.9862	-79.9862	-79.9862	-79.9862	-79.9863	-79.9863	-79.9864	-79.9865
1.21	-2.27185	-2.73389	2.71278	9.10643	10.1126	-15.466	-54.77	-70.4201	-76.3674	-78.6184	-79.4697	-79.7915	-79.9129	-79.9586	-79.9759	-79.9823	-79.9847	-79.9856	-79.986	-79.9861	-79.9861	-79.9862	-79.9862	-79.9862	-79.9862	-79.9862	-79.9862	-79.9862	-79.9862	-79.9862	-79.9862	-79.9862	-79.9862	-79.9863	-79.9864	-79.9865
1.215	-3.50887	-3.88683	1.59947	8.31872	10.8391	-6.61324	-51.028	-69.0397	-75.8606	-78.4308	-79.3997	-79.7652	-79.903	-79.9549	-79.9744	-79.9818	-79.9845	-79.9855	-79.9859	-79.9861	-79.9861	-79.9861	-79.9861	-79.9861	-79.9861	-79.9861	-79.9861	-79.9861	-79.9861	-79.9862	-79.9862	-79.9862	-79.9862	-79.9863	-79.9863	-79.9865
1.22	-4.737	-5.03381	0.487617	7.52377	11.4634	0.813748	-47.0786	-67.5022	-75.2829	-78.2154	-79.3193	-79.735	-79.8916	-79.9506	-79.9728	-79.9811	-79.9843	-79.9854	-79.9859	-79.986	-79.9861	-79.9861	-79.9861	-79.9861	-79.9861	-79.9861	-79.9861	-79.9861	-79.9861	-79.9861	-79.9861	-79.9862	-79.9862	-79.9862	-79.9863	-79.9864
1.225	-5.95415	-6.17374	-0.628982	6.67041	11.7032	5.44769	-43.1921	-65.8799	-74.6495	-77.974	-79.2282	-79.7007	-79.8787	-79.9457	-79.9709	-79.9804	-79.984	-79.9853	-79.9858	-79.986	-79.9861	-79.9861	-79.9861	-79.9861	-79.9861	-79.9861	-79.9861	-79.9861	-79.9861	-79.9861	-79.9861	-79.9861	-79.9862	-79.9862	-79.9863	-79.9864
1.23	-7.15911	-7.30689	-1.75722	5.72878	11.4966	7.69661	-39.2389	-64.1756	-73.9668	-77.7084	-79.1265	-79.6621	-79.8641	-79.9402	-79.9688	-79.9796	-79.9837	-79.9852	-79.9857	-79.9859	-79.986	-79.9861	-79.9861	-79.9861	-79.9861	-79.9861	-79.9861	-79.9861	-79.9861	-79.9861	-79.9861	-79.9861	-79.9861	-79.9862	-79.9863	-79.9864
1.235	-8.3511	-8.43331	-2.89871	4.70361	10.9564	8.64415	-34.7657	-62.2968	-73.2192	-77.4161	-79.0136	-79.6189	-79.8477	-79.9339	-79.9665	-79.9787	-79.9833	-79.985	-79.9857	-79.9859	-79.986	-79.986	-79.986	-79.986	-79.9861	-79.9861	-79.9861	-79.9861	-79.9861	-79.9861	-79.9861	-79.9861	-79.9861	-79.9862	-79.9862	-79.9864
1.24	-9.52926	-9.55206	-4.04994	3.61825	10.2265	9.10585	-29.2251	-60.0857	-72.3676	-77.0879	-78.8874	-79.5705	-79.8292	-79.9269	-79.9638	-79.9777	-79.9829	-79.9849	-79.9856	-79.9859	-79.986	-79.986	-79.986	-79.986	-79.986	-79.986	-79.986	-79.986	-79.986	-79.986	-79.9861	-79.9861	-79.9861	-79.9861	-79.9862	-79.9864
1.245	-10.6925	-10.6614	-5.20471	2.49923	9.41994	9.54041	-22.1781	-57.367	-71.3588	-76.7091	-78.7438	-79.5159	-79.8084	-79.919	-79.9608	-79.9765	-79.9824	-79.9847	-79.9855	-79.9858	-79.9859	-79.986	-79.986	-79.986	-79.986	-79.986	-79.986	-79.986	-79.986	-79.986	-79.986	-79.986	-79.9861	-79.9861	-79.9862	-79.9863
1.25	-11.8397	-11.7592	-6.35639	1.36877	8.60806	10.1503	-13.6896	-54.0392	-70.1462	-76.2632	-78.5777	-79.4534	-79.7848	-79.91	-79.9573	-79.9752	-79.9819	-79.9845	-79.9854	-79.9858	-79.9859	-79.986	-79.986	-79.986	-79.986	-79.986	-79.986	-79.986	-79.986	-79.986	-79.986	-79.986	-79.9861	-79.9861	-79.9862	-79.9863
1.255	-12.9693	-12.8432	-7.49953	0.24012	7.81213	10.8783	-4.96254	-50.227	-68.7289	-75.7415	-78.3847	-79.3814	-79.7577	-79.8998	-79.9535	-79.9737	-79.9814	-79.9842	-79.9853	-79.9857	-79.9859	-79.9859	-79.986	-79.986	-79.986	-79.986	-79.986	-79.986	-79.986	-79.986	-79.986	-79.986	-79.986	-79.9861	-79.9862	-79.9863
1.26	-14.0802	-13.9118	-8.63125	-0.88571	6.99948	11.4381	1.94267	-46.2815	-67.1705	-75.1517	-78.1639	-79.2989	-79.7268	-79.8882	-79.9491	-79.972	-79.9807	-79.984	-79.9852	-79.9857	-79.9858	-79.9859	-79.9859	-79.9859	-79.9859	-79.9859	-79.9859	-79.9859	-79.9859	-79.986	-79.986	-79.986	-79.986	-79.9861	-79.9861	-79.9863
1.265	-15.1714	-14.9639	-9.75122	-2.0158	6.12004	11.5811	6.01586	-42.4068	-65.5353	-74.5087	-77.9177	-79.2057	-79.6917	-79.8749	-79.9441	-79.9701	-79.98	-79.9837	-79.9851	-79.9856	-79.9858	-79.9859	-79.9859	-79.9859	-79.9859	-79.9859	-79.9859	-79.9859	-79.9859	-79.9859	-79.9859	-79.986	-79.986	-79.986	-79.9861	-79.9863
1.27	-16.2423	-15.9992	-10.86	-3.15624	5.15137	11.292	7.91778	-38.3908	-63.8062	-73.8152	-77.6472	-79.1019	-79.6522	-79.86	-79.9384	-79.968	-79.9792	-79.9834	-79.9849	-79.9855	-79.9858	-79.9858	-79.9859	-79.9859	-79.9859	-79.9859	-79.9859	-79.9859	-79.9859	-79.9859	-79.9859	-79.9859	-79.986	-79.986	-79.9861	-79.9862
1.275	-17.2925	-17.0174	-11.9578	-4.30749	4.10354	10.6991	8.7155	-33.7457	-61.8744	-73.0505	-77.3487	-78.9866	-79.608	-79.8431	-79.932	-79.9656	-79.9782	-79.983	-79.9848	-79.9855	-79.9857	-79.9858	-79.9859	-79.9859	-79.9859	-79.9859	-79.9859	-79.9859	-79.9859	-79.9859	-79.9859	-79.9859	-79.9859	-79.986	-79.9861	-79.9862
1.28	-18.3217	-18.0181	-13.0438	-5.4653	3.00153	9.94251	9.14413	-27.9287	-59.5743	-72.1718	-77.0117	-78.8573	-79.5585	-79.8242	-79.9248	-79.9628	-79.9772	-79.9826	-79.9846	-79.9854	-79.9857	-79.9858	-79.9858	-79.9858	-79.9858	-79.9859	-79.9859	-79.9859	-79.9859	-79.9859	-79.9859	-79.9859	-79.9859	-79.986	-79.9861	-79.9862
1.285	-19.3296	-19.0009	-14.1163	-6.62331	1.87144	9.12695	9.60492	-20.5604	-56.7362	-71.1249	-76.6207	-78.7096	-79.5024	-79.8029	-79.9167	-79.9597	-79.976	-79.9821	-79.9844	-79.9853	-79.9856	-79.9858	-79.9858	-79.9858	-79.9858	-79.9858	-79.9858	-79.9858	-79.9858	-79.9858	-79.9859	-79.9859	-79.9859	-79.9859	-79.986	-79.9862
1.29	-20.3161	-19.9651	-15.1734	-7.77504	0.734128	8.31485	10.2513	-11.8878	-53.2919	-69.869	-76.1597	-78.5383	-79.4381	-79.7786	-79.9075	-79.9562	-79.9746	-79.9816	-79.9842	-79.9852	-79.9856	-79.9857	-79.9858	-79.9858	-79.9858	-79.9858	-79.9858	-79.9858	-79.9858	-79.9858	-79.9858	-79.9858	-79.9859	-79.9859	-79.986	-79.9861
1.295	-21.281	-20.9104	-16.2136	-8.91555	-0.399492	7.51597	10.9706	-3.37198	-49.4235	-68.417	-75.6233	-78.3397	-79.3641	-79.7509	-79.897	-79.9523	-79.9731	-79.981	-79.984	-79.9851	-79.9855	-79.9857	-79.9858	-79.9858	-79.9858	-79.9858	-79.9858	-79.9858	-79.9858	-79.9858	-79.9858	-79.9858	-79.9859	-79.9859	-79.986	-79.9861
1.3	-22.2239	-21.8362	-17.2355	-10.0427	-1.53066	6.68992	11.4577	2.97307	-45.4896	-66.8401	-75.0218	-78.1136	-79.2794	-79.7191	-79.8851	-79.9477	-79.9714	-79.9803	-79.9837	-79.985	-79.9855	-79.9857	-79.9857	-79.9858	-79.9858	-79.9858	-79.9858	-79.9858	-79.9858	-79.9858	-79.9858	-79.9858	-79.9858	-79.9859	-79.986	-79.9861
1.305	-23.145	-22.7424	-18.2386	-11.1565	-2.66694	5.78969	11.506	6.51932	-41.6163	-65.1908	-74.3692	-77.8626	-79.1841	-79.6831	-79.8715	-79.9426	-79.9695	-79.9796	-79.9834	-79.9849	-79.9854	-79.9856	-79.9857	-79.9857	-79.9857	-79.9857	-79.9857	-79.9857	-79.9858	-79.9858	-79.9858	-79.9858	-79.9858	-79.9859	-79.9859	-79.9861
1.31	-24.0441	-23.6288	-19.223	-12.2577	-3.81343	4.8003	11.1422	8.11905	-37.5168	-63.432	-73.6639	-77.587	-79.0781	-79.6427	-79.8562	-79.9368	-79.9673	-79.9788	-79.9831	-79.9847	-79.9854	-79.9856	-79.9857	-79.9857	-79.9857	-79.9857	-79.9857	-79.9857	-79.9857	-79.9857	-79.9857	-79.9858	-79.9858	-79.9858	-79.9859	-79.9861
1.315	-24.9216	-24.4956	-20.1886	-13.3464	-4.96948	3.73637	10.5046	8.7958	-32.6766	-61.44	-72.8801	-77.2817	-78.9602	-79.5975	-79.8389	-79.9303	-79.9648	-79.9778	-79.9827	-79.9846	-79.9853	-79.9855	-79.9856	-79.9857	-79.9857	-79.9857	-79.9857	-79.9857	-79.9857	-79.9857	-79.9857	-79.9857	-79.9858	-79.9858	-79.9859	-79.986
1.32	-25.7774	-25.3428	-21.1353	-14.4217	-6.13022	2.62392	9.72771	9.2072	-26.5657	-59.0435	-71.9718	-76.9352	-78.8276	-79.5468	-79.8196	-79.9229	-79.962	-79.9767	-79.9823	-79.9844	-79.9852	-79.9855	-79.9856	-79.9857	-79.9857	-79.9857	-79.9857	-79.9857	-79.9857	-79.9857	-79.9857	-79.9857	-79.9857	-79.9858	-79.9859	-79.986
1.325	-26.6119	-26.1706	-22.063	-15.482	-7.28916	1.48838	8.90807	9.70095	-18.8821	-56.0823	-70.8849	-76.5312	-78.6756	-79.4893	-79.7977	-79.9146	-79.9588	-79.9755	-79.9818	-79.9842	-79.9851	-79.9855	-79.9856	-79.9856	-79.9856	-79.9857	-79.9857	-79.9857	-79.9857	-79.9857	-79.9857	-79.9857	-79.9857	-79.9858	-79.9859	-79.986
1.33	-27.4254	-26.9791	-22.9713	-16.5256	-8.44001	0.348995	8.09852	10.3798	-10.0843	-52.5283	-69.586	-76.0549	-78.499	-79.4231	-79.7728	-79.9051	-79.9552	-79.9741	-79.9813	-79.984	-79.985	-79.9854	-79.9855	-79.9856	-79.9856	-79.9856	-79.9856	-79.9856	-79.9856	-79.9856	-79.9857	-79.9857	-79.9857	-79.9858	-79.9858	-79.986
1.335	-28.2181	-27.7684	-23.8599	-17.5508	-9.57839	-0.785804	7.29718	11.0775	-1.86798	-48.6194	-68.1022	-75.5042	-78.2947	-79.3469	-79.7442	-79.8943	-79.9511	-79.9726	-79.9807	-79.9838	-79.9849	-79.9854	-79.9855	-79.9856	-79.9856	-79.9856	-79.9856	-79.9856	-79.9856	-79.9856	-79.9856	-79.9857	-79.9857	-79.9857	-79.9858	-79.986
1.34	-28.9902	-28.5387	-24.7287	-18.5569	-10.7027	-1.91926	6.45792	11.4838	3.89367	-44.7021	-66.509	-74.8915	-78.0634	-79.2601	-79.7116	-79.8821	-79.9465	-79.9708	-79.98	-79.9835	-79.9848	-79.9853	-79.9855	-79.9856	-79.9856	-79.9856	-79.9856	-79.9856	-79.9856	-79.9856	-79.9856	-79.9856	-79.9857	-79.9857	-79.9858	-79.9859
1.345	-29.7422	-29.2902	-25.5777	-19.5436	-11.8133	-3.05903	5.53846	11.44	6.95386	-40.8173	-64.8438	-74.2292	-77.8075	-79.1627	-79.6748	-79.8682	-79.9412	-79.9688	-79.9792	-79.9832	-79.9847	-79.9852	-79.9855	-79.9855	-79.9856	-79.9856	-79.9856	-79.9856	-79.9856	-79.9856	-79.9856	-79.9856	-79.9856	-79.9857	-79.9858	-79.9859
1.35	-30.4743	-30.023	-26.4071	-20.5108	-12.9109	-4.20912	4.53106	11.0082	8.29435	-36.6123	-63.05	-73.5108	-77.5265	-79.0544	-79.6334	-79.8525	-79.9353	-79.9666	-79.9784	-79.9828	-79.9845	-79.9852	-79.9854	-79.9855	-79.9855	-79.9855	-79.9856	-79.9856	-79.9856	-79.9856	-79.9856	-79.9856	-79.9856	-79.9857	-79.9858	-79.9859
1.355	-31.187	-30.7376	-27.217	-21.4588	-13.9955	-5.3678	3.45405	10.3322	8.87631	-31.5547	-60.9906	-72.7061	-77.2141	-78.9339	-79.5872	-79.8348	-79.9286	-79.964	-79.9774	-79.9825	-79.9844	-79.9851	-79.9854	-79.9855	-79.9855	-79.9855	-79.9855	-79.9855	-79.9855	-79.9855	-79.9856	-79.9856	-79.9856	-79.9857	-79.9857	-79.9859
1.36	-31.8806	-31.4342	-28.0078	-22.3874	-15.066	-6.52972	2.33401	9.53974	9.28438	-25.1352	-58.4906	-71.7658	-76.8574	-78.7978	-79.5352	-79.815	-79.921	-79.9611	-79.9763	-79.982	-79.9842	-79.985	-79.9853	-79.9854	-79.9855	-79.9855	-79.9855	-79.9855	-79.9855	-79.9855	-79.9855	-79.9856	-79.9856	-79.9856	-79.9857	-79.9859
1.365	-32.5555	-32.1132	-28.7797	-23.2967	-16.1208	-7.68827	1.1955	8.71904	9.81563	-17.1519	-55.4043	-70.6372	-76.4396	-78.6412	-79.4761	-79.7926	-79.9125	-79.9579	-79.975	-79.9815	-79.984	-79.9849	-79.9853	-79.9854	-79.9855	-79.9855	-79.9855	-79.9855	-79.9855	-79.9855	-79.9855	-79.9855	-79.9856	-79.9856	-79.9857	-79.9858
1.37	-33.2121	-32.7749	-29.533	-24.1862	-17.1581	-8.83745	0.0559242	7.91274	10.52	-8.30107	-51.7506	-69.2964	-75.9479	-78.4591	-79.408	-79.7669	-79.9028	-79.9542	-79.9736	-79.981	-79.9838	-79.9848	-79.9852	-79.9854	-79.9854	-79.9855	-79.9855	-79.9855	-79.9855	-79.9855	-79.9855	-79.9855	-79.9855	-79.9856	-79.9857	-79.9858
1.375	-33.8509	-33.4196	-30.2677	-25.0559	-18.1767	-9.97342	-1.07883	7.10766	11.1825	-0.46795	-47.8167	-67.7842	-75.3833	-78.2491	-79.3297	-79.7376	-79.8917	-79.95	-79.972	-79.9804	-79.9835	-79.9847	-79.9852	-79.9853	-79.9854	-79.9854	-79.9855	-79.9855	-79.9855	-79.9855	-79.9855	-79.9855	-79.9855	-79.9856	-79.9857	-79.9858
1.38	-34.4722	-34.0477	-30.9843	-25.9057	-19.1758	-11.0951	-2.21369	6.25413	11.5017	4.70383	-43.9177	-66.1763	-74.76	-78.0127	-79.2407	-79.7041	-79.8791	-79.9452	-79.9702	-79.9797	-79.9833	-79.9846	-79.9851	-79.9853	-79.9854	-79.9854	-79.9854	-79.9854	-79.9854	-79.9854	-79.9855	-79.9855	-79.9855	-79.9855	-79.9856	-79.9858
1.385	-35.0765	-34.6595	-31.6829	-26.7357	-20.1551	-12.2031	-3.35606	5.31592	11.3691	7.32336	-40.0059	-64.4927	-74.0877	-77.7519	-79.1411	-79.6664	-79.8649	-79.9398	-79.9682	-79.9789	-79.9829	-79.9845	-79.9851	-79.9853	-79.9854	-79.9854	-79.9854	-79.9854	-79.9854	-79.9854	-79.9854	-79.9855	-79.9855	-79.9855	-79.9856	-79.9858
1.39	-35.6642	-35.2553	-32.3639	-27.546	-21.115	-13.2981	-4.50874	4.29203	10.8758	8.44468	-35.6728	-62.658	-73.355	-77.4653	-79.0305	-79.6241	-79.8488	-79.9337	-79.9659	-79.978	-79.9826	-79.9843	-79.985	-79.9852	-79.9853	-79.9854	-79.9854	-79.9854	-79.9854	-79.9854	-79.9854	-79.9854	-79.9855	-79.9855	-79.9856	-79.9857
1.395	-36.2358	-35.8356	-33.0276	-28.3371	-22.0554	-14.3797	-5.66907	3.20373	10.1669	8.95523	-30.376	-60.5238	-72.5272	-77.1451	-78.9072	-79.5768	-79.8307	-79.9269	-79.9632	-79.977	-79.9822	-79.9842	-79.9849	-79.9852	-79.9853	-79.9853	-79.9854	-79.9854	-79.9854	-79.9854	-79.9854	-79.9854	-79.9854	-79.9855	-79.9856	-79.9857
1.4	-36.7915	-36.4007	-33.6745	-29.1093	-22.9764	-15.4468	-6.83126	2.07776	9.36274	9.37199	-23.6375	-57.9139	-71.5527	-76.7774	-78.7674	-79.5235	-79.8104	-79.9191	-79.9603	-79.9759	-79.9818	-79.984	-79.9848	-79.9852	-79.9853	-79.9853	-79.9853	-79.9853	-79.9854	-79.9854	-79.9854	-79.9854	-79.9854	-79.9855	-79.9856	-79.9857
1.405	-37.3319	-36.9509	-34.3048	-29.8626	-23.8779	-16.4978	-7.98871	0.937604	8.54306	9.94304	-15.3808	-54.7026	-70.3812	-76.3454	-78.606	-79.4627	-79.7874	-79.9104	-79.957	-79.9746	-79.9813	-79.9838	-79.9847	-79.9851	-79.9852	-79.9853	-79.9853	-79.9853	-79.9853	-79.9853	-79.9854	-79.9854	-79.9854	-79.9855	-79.9855	-79.9857
1.41	-37.8574	-37.4867	-34.9189	-30.5976	-24.7595	-17.5309	-9.13572	-0.201364	7.73971	10.6635	-6.55913	-50.9617	-69.0002	-75.8383	-78.4183	-79.3926	-79.761	-79.9004	-79.9532	-79.9732	-79.9807	-79.9836	-79.9846	-79.9851	-79.9852	-79.9853	-79.9853	-79.9853	-79.9853	-79.9853	-79.9853	-79.9854	-79.9854	-79.9854	-79.9855	-79.9857
1.415	-38.3684	-38.0084	-35.5172	-31.3143	-25.6213	-18.5449	-10.269	-1.33581	6.92892	11.2773	0.817009	-47.0173	-67.4631	-75.2605	-78.2028	-79.3122	-79.7309	-79.8891	-79.9489	-79.9715	-79.9801	-79.9833	-79.9845	-79.985	-79.9852	-79.9852	-79.9853	-79.9853	-79.9853	-79.9853	-79.9853	-79.9853	-79.9854	-79.9854	-79.9855	-79.9856
1.42	-38.8652	-38.5163	-36.1	-32.0131	-26.4631	-19.5393	-11.3881	-2.47195	6.05984	11.5052	5.40836	-43.1342	-65.8412	-74.627	-77.9613	-79.221	-79.6966	-79.8762	-79.944	-79.9697	-79.9794	-79.983	-79.9844	-79.9849	-79.9851	-79.9852	-79.9853	-79.9853	-79.9853	-79.9853	-79.9853	-79.9853	-79.9853	-79.9854	-79.9855	-79.9856
1.425	-39.3484	-39.0109	-36.6678	-32.6943	-27.2851	-20.514	-12.4935	-3.61662	5.10315	11.2883	7.63467	-39.1776	-64.1361	-73.9441	-77.6956	-79.1193	-79.6579	-79.8615	-79.9385	-79.9676	-79.9786	-79.9827	-79.9843	-79.9849	-79.9851	-79.9852	-79.9852	-79.9852	-79.9853	-79.9853	-79.9853	-79.9853	-79.9853	-79.9854	-79.9855	-79.9856
1.43	-39.8183	-39.4924	-37.2207	-33.3582	-28.0876	-21.4691	-13.5859	-4.77143	4.06396	10.7397	8.5735	-34.6937	-62.2543	-73.1957	-77.403	-79.0063	-79.6147	-79.8451	-79.9322	-79.9652	-79.9776	-79.9824	-79.9841	-79.9848	-79.9851	-79.9852	-79.9852	-79.9852	-79.9852	-79.9852	-79.9853	-79.9853	-79.9853	-79.9854	-79.9854	-79.9856
1.435	-40.2753	-39.9612	-37.7593	-34.0051	-28.871	-22.4048	-14.6648	-5.93286	2.96574	10.003	9.03335	-29.137	-60.0377	-72.3426	-77.0745	-78.88	-79.5663	-79.8266	-79.9252	-79.9625	-79.9766	-79.982	-79.984	-79.9847	-79.985	-79.9851	-79.9852	-79.9852	-79.9852	-79.9852	-79.9852	-79.9852	-79.9853	-79.9853	-79.9854	-79.9856
1.44	-40.7198	-40.4178	-38.2838	-34.6356	-29.6354	-23.321	-15.7288	-7.0948	1.83505	9.19059	9.46896	-22.0738	-57.3121	-71.3317	-76.6951	-78.7362	-79.5116	-79.8058	-79.9173	-79.9595	-79.9755	-79.9815	-79.9838	-79.9847	-79.985	-79.9851	-79.9852	-79.9852	-79.9852	-79.9852	-79.9852	-79.9852	-79.9853	-79.9853	-79.9854	-79.9855
1.445	-41.1522	-40.8623	-38.7946	-35.2499	-30.3813	-24.2177	-16.7762	-8.25068	0.694119	8.37339	10.0798	-13.5816	-53.9784	-70.1167	-76.2483	-78.5698	-79.449	-79.7821	-79.9083	-79.9561	-79.9742	-79.981	-79.9836	-79.9846	-79.9849	-79.9851	-79.9851	-79.9852	-79.9852	-79.9852	-79.9852	-79.9852	-79.9852	-79.9853	-79.9854	-79.9855
1.45	-41.5728	-41.2953	-39.2922	-35.8484	-31.1087	-25.0944	-17.8055	-9.39522	-0.443913	7.572	10.805	-4.87874	-50.1649	-68.6978	-75.7259	-78.3765	-79.3769	-79.755	-79.8981	-79.9522	-79.9727	-79.9804	-79.9834	-79.9845	-79.9849	-79.985	-79.9851	-79.9851	-79.9851	-79.9852	-79.9852	-79.9852	-79.9852	-79.9853	-79.9854	-79.9855
1.455	-41.9821	-41.7169	-39.7768	-36.4315	-31.8181	-25.9513	-18.8156	-10.5257	-1.57815	6.75332	11.3577	1.981	-46.2223	-67.139	-75.1356	-78.1555	-79.2943	-79.7241	-79.8864	-79.9478	-79.971	-79.9798	-79.9831	-79.9844	-79.9848	-79.985	-79.9851	-79.9851	-79.9851	-79.9851	-79.9851	-79.9852	-79.9852	-79.9853	-79.9853	-79.9855
1.46	-42.3804	-42.1276	-40.2488	-36.9995	-32.5097	-26.7882	-19.8059	-11.642	-2.7157	5.86755	11.4922	6.01493	-42.349	-65.5034	-74.4923	-77.9091	-79.201	-79.6889	-79.8731	-79.9428	-79.9691	-79.979	-79.9828	-79.9842	-79.9848	-79.985	-79.9851	-79.9851	-79.9851	-79.9851	-79.9851	-79.9851	-79.9852	-79.9852	-79.9853	-79.9855
1.465	-42.7681	-42.5277	-40.7085	-37.5527	-33.1839	-27.6054	-20.7765	-12.745	-3.86259	4.89277	11.1962	7.89546	-38.328	-63.7727	-73.7982	-77.6383	-79.0971	-79.6493	-79.8582	-79.9371	-79.9669	-79.9782	-79.9825	-79.9841	-79.9847	-79.9849	-79.985	-79.9851	-79.9851	-79.9851	-79.9851	-79.9851	-79.9852	-79.9852	-79.9853	-79.9854
1.47	-43.1454	-42.9174	-41.1563	-38.0916	-33.8409	-28.4032	-21.7276	-13.8347	-5.01924	3.83939	10.5985	8.68493	-33.6702	-61.8371	-73.0323	-77.3394	-78.9816	-79.6051	-79.8413	-79.9307	-79.9645	-79.9773	-79.9821	-79.984	-79.9846	-79.9849	-79.985	-79.985	-79.9851	-79.9851	-79.9851	-79.9851	-79.9851	-79.9852	-79.9853	-79.9854
1.475	-43.5129	-43.2972	-41.5926	-38.6165	-34.4812	-29.1818	-22.6592	-14.9108	-6.18138	2.73245	9.83862	9.11234	-27.8347	-59.5307	-72.1517	-77.0019	-78.8521	-79.5555	-79.8224	-79.9235	-79.9618	-79.9762	-79.9817	-79.9838	-79.9846	-79.9849	-79.985	-79.985	-79.985	-79.9851	-79.9851	-79.9851	-79.9851	-79.9852	-79.9853	-79.9854
1.48	-43.8707	-43.6673	-42.0175	-39.1278	-35.1051	-29.9417	-23.5714	-15.9716	-7.34268	1.59806	9.02089	9.57508	-20.4474	-56.6848	-71.1023	-76.6101	-78.7042	-79.4994	-79.801	-79.9154	-79.9587	-79.975	-79.9812	-79.9836	-79.9845	-79.9848	-79.9849	-79.985	-79.985	-79.985	-79.985	-79.9851	-79.9851	-79.9852	-79.9852	-79.9854
1.485	-44.2192	-44.028	-42.4316	-39.6257	-35.713	-30.683	-24.4639	-17.0155	-8.49668	0.456984	8.20709	10.2232	-11.7698	-53.2338	-69.8437	-76.1482	-78.5326	-79.435	-79.7767	-79.9061	-79.9552	-79.9737	-79.9807	-79.9834	-79.9844	-79.9848	-79.9849	-79.985	-79.985	-79.985	-79.985	-79.985	-79.9851	-79.9851	-79.9852	-79.9854
1.49	-44.5588	-44.3797	-42.8351	-40.1108	-36.3053	-31.4061	-25.3365	-18.0411	-9.63856	-0.680013	7.40621	10.9403	-3.27848	-49.3636	-68.3899	-75.6109	-78.3336	-79.3608	-79.7489	-79.8956	-79.9512	-79.9722	-79.9801	-79.9832	-79.9843	-79.9847	-79.9849	-79.985	-79.985	-79.985	-79.985	-79.985	-79.9851	-79.9851	-79.9852	-79.9854
1.495	-44.8897	-44.7226	-43.2282	-40.5833	-36.8823	-32.1111	-26.1893	-19.0472	-10.7662	-1.8143	6.57745	11.4211	3.02258	-45.4318	-66.8122	-75.0088	-78.1072	-79.276	-79.7171	-79.8837	-79.9467	-79.9705	-79.9795	-79.9829	-79.9842	-79.9847	-79.9849	-79.9849	-79.985	-79.985	-79.985	-79.985	-79.985	-79.9851	-79.9852	-79.9853
1.5	-45.2123	-45.0569	-43.6114	-41.0436	-37.4444	-32.7984	-27.0221	-20.0335	-11.8798	-2.95346	5.67413	11.4622	6.53271	-41.5586	-65.1621	-74.3556	-77.8559	-79.1806	-79.681	-79.8701	-79.9415	-79.9685	-79.9787	-79.9826	-79.9841	-79.9846	-79.9848	-79.9849	-79.9849	-79.985	-79.985	-79.985	-79.985	-79.9851	-79.9852	-79.9853
1.505	-45.5268	-45.383	-43.985	-41.492	-37.992	-33.4684	-27.8352	-21.0002	-12.9801	-4.10252	4.68179	11.0929	8.11336	-37.4525	-63.4012	-73.6495	-77.58	-79.0744	-79.6406	-79.8547	-79.9357	-79.9663	-79.9779	-79.9823	-79.9839	-79.9845	-79.9848	-79.9849	-79.9849	-79.9849	-79.9849	-79.985	-79.985	-79.9851	-79.9851	-79.9853
1.51	-45.8335	-45.7012	-44.3491	-41.9288	-38.5253	-34.1214	-28.6291	-21.9474	-14.0672	-5.26076	3.61533	10.4519	8.78312	-32.598	-61.4048	-72.8644	-77.2743	-78.9564	-79.5953	-79.8375	-79.9291	-79.9638	-79.9769	-79.9819	-79.9838	-79.9845	-79.9847	-79.9848	-79.9849	-79.9849	-79.9849	-79.985	-79.985	-79.985	-79.9851	-79.9853
1.515	-46.1327	-46.0117	-44.7042	-42.3545	-39.0449	-34.7577	-29.4038	-22.8751	-15.1403	-6.4233	2.5008	9.67317	9.19408	-26.4667	-59.0014	-71.954	-76.9272	-78.8236	-79.5445	-79.8181	-79.9218	-79.961	-79.9759	-79.9815	-79.9836	-79.9844	-79.9847	-79.9848	-79.9849	-79.9849	-79.9849	-79.9849	-79.985	-79.985	-79.9851	-79.9853
1.52	-46.4246	-46.3147	-45.0504	-42.7692	-39.551	-35.3778	-30.1599	-23.7834	-16.1979	-7.58364	1.36361	8.85275	9.69028	-18.7635	-56.0319	-70.8643	-76.5222	-78.6713	-79.4869	-79.7962	-79.9134	-79.9578	-79.9746	-79.981	-79.9834	-79.9843	-79.9847	-79.9848	-79.9848	-79.9849	-79.9849	-79.9849	-79.9849	-79.985	-79.9851	-79.9852
1.525	-46.7096	-46.6105	-45.3882	-43.1734	-40.0439	-35.982	-30.8974	-24.6719	-17.2383	-8.73552	0.222878	8.04275	10.3708	-9.96295	-52.4712	-69.5626	-76.0449	-78.4943	-79.4206	-79.7712	-79.904	-79.9542	-79.9733	-79.9805	-79.9832	-79.9842	-79.9846	-79.9848	-79.9848	-79.9848	-79.9849	-79.9849	-79.9849	-79.985	-79.9851	-79.9852
1.53	-46.9878	-46.8994	-45.7177	-43.5672	-40.5241	-36.5707	-31.6168	-25.5406	-18.2599	-9.87461	-0.913133	7.24052	11.066	-1.77433	-48.5609	-68.077	-75.4932	-78.2896	-79.3443	-79.7426	-79.8932	-79.9501	-79.9717	-79.9799	-79.9829	-79.9841	-79.9846	-79.9847	-79.9848	-79.9848	-79.9848	-79.9849	-79.9849	-79.985	-79.9851	-79.9852
1.535	-47.2595	-47.1815	-46.0392	-43.9512	-40.992	-37.1442	-32.3182	-26.3893	-19.2621	-10.9994	-2.04779	6.39964	11.466	3.94406	-44.6455	-66.4829	-74.8799	-78.058	-79.2573	-79.7099	-79.8809	-79.9455	-79.9699	-79.9792	-79.9827	-79.984	-79.9845	-79.9847	-79.9848	-79.9848	-79.9848	-79.9849	-79.9849	-79.9849	-79.985	-79.9852
1.54	-47.525	-47.4571	-46.3529	-44.3255	-41.4477	-37.7029	-33.002	-27.2182	-20.2445	-12.1102	-3.18874	5.47822	11.4156	6.97146	-40.7595	-64.8167	-74.217	-77.8018	-79.1597	-79.673	-79.867	-79.9402	-79.9679	-79.9784	-79.9824	-79.9839	-79.9844	-79.9847	-79.9847	-79.9848	-79.9848	-79.9848	-79.9849	-79.9849	-79.985	-79.9852
1.545	-47.7844	-47.7265	-46.6592	-44.6904	-41.8917	-38.2472	-33.6686	-28.0275	-21.2072	-13.2079	-4.33991	4.46903	10.9791	8.2955	-36.5463	-63.0202	-73.4977	-77.5205	-79.0513	-79.6316	-79.8512	-79.9343	-79.9657	-79.9775	-79.982	-79.9837	-79.9844	-79.9846	-79.9847	-79.9848	-79.9848	-79.9848	-79.9848	-79.9849	-79.985	-79.9851
1.55	-48.038	-47.9898	-46.9582	-45.0463	-42.3244	-38.7774	-34.3182	-28.8175	-22.1505	-14.2923	-5.49951	3.39061	10.3004	8.87194	-31.4728	-60.9559	-72.6914	-77.2075	-78.9306	-79.5854	-79.8336	-79.9276	-79.9631	-79.9766	-79.9817	-79.9836	-79.9843	-79.9846	-79.9847	-79.9847	-79.9848	-79.9848	-79.9848	-79.9849	-79.985	-79.9851
1.555	-48.2859	-48.2472	-47.2502	-45.3934	-42.7459	-39.2938	-34.9513	-29.5885	-23.0744	-15.3624	-6.66216	2.26956	9.50676	9.28035	-25.0318	-58.4485	-71.7489	-76.8501	-78.7943	-79.5333	-79.8137	-79.92	-79.9602	-79.9755	-79.9812	-79.9834	-79.9842	-79.9846	-79.9847	-79.9847	-79.9847	-79.9848	-79.9848	-79.9849	-79.985	-79.9851
1.56	-48.5285	-48.4989	-47.5355	-45.732	-43.1568	-39.7969	-35.5682	-30.3409	-23.9787	-16.4166	-7.82125	1.13038	8.68584	9.81431	-17.0297	-55.3537	-70.6174	-76.4314	-78.6374	-79.474	-79.7912	-79.9114	-79.957	-79.9742	-79.9807	-79.9832	-79.9841	-79.9845	-79.9846	-79.9847	-79.9847	-79.9848	-79.9848	-79.9848	-79.9849	-79.9851
1.565	-48.7658	-48.7452	-47.8141	-46.0623	-43.5571	-40.287	-36.1693	-31.0749	-24.8633	-17.4533	-8.97082	-0.00964493	7.87952	10.5199	-8.18021	-51.6938	-69.2738	-75.9386	-78.4549	-79.4058	-79.7656	-79.9017	-79.9533	-79.9728	-79.9802	-79.983	-79.9841	-79.9845	-79.9846	-79.9847	-79.9847	-79.9847	-79.9848	-79.9848	-79.9849	-79.9851
1.57	-48.998	-48.9862	-48.0865	-46.3846	-43.9474	-40.7645	-36.755	-31.7907	-25.7279	-18.4711	-10.107	-1.14483	7.07384	11.1792	-0.378897	-47.7593	-67.7599	-75.3731	-78.2446	-79.3274	-79.7362	-79.8907	-79.9491	-79.9712	-79.9796	-79.9827	-79.9839	-79.9844	-79.9846	-79.9846	-79.9847	-79.9847	-79.9848	-79.9848	-79.9849	-79.985
1.575	-49.2254	-49.2221	-48.3527	-46.6992	-44.3279	-41.2296	-37.3256	-32.4886	-26.5727	-19.4693	-11.2289	-2.28018	6.21901	11.4919	4.75071	-43.8618	-66.1511	-74.7492	-78.0078	-79.2382	-79.7027	-79.8781	-79.9443	-79.9694	-79.9789	-79.9825	-79.9838	-79.9843	-79.9845	-79.9846	-79.9847	-79.9847	-79.9847	-79.9848	-79.9849	-79.985
1.58	-49.448	-49.453	-48.613	-47.0063	-44.6988	-41.6828	-37.8815	-33.169	-27.3977	-20.4477	-12.3371	-3.42309	5.27926	11.3532	7.34094	-39.9475	-64.4662	-74.0761	-77.7467	-79.1385	-79.6648	-79.8638	-79.9389	-79.9674	-79.9781	-79.9822	-79.9837	-79.9843	-79.9845	-79.9846	-79.9846	-79.9847	-79.9847	-79.9848	-79.9849	-79.985
1.585	-49.6661	-49.6791	-48.8675	-47.3062	-45.0605	-42.1243	-38.423	-33.8322	-28.2031	-21.4065	-13.4321	-4.57627	4.25403	10.8557	8.44842	-35.6047	-62.6284	-73.3424	-77.4597	-79.0278	-79.6225	-79.8477	-79.9328	-79.965	-79.9772	-79.9818	-79.9836	-79.9842	-79.9845	-79.9846	-79.9846	-79.9847	-79.9847	-79.9848	-79.9848	-79.985
1.59	-49.8799	-49.9006	-49.1165	-47.5991	-45.4133	-42.5545	-38.9505	-34.4786	-28.9893	-22.3459	-14.5137	-5.737	3.16479	10.1446	8.95487	-30.2905	-60.4887	-72.5129	-77.139	-78.9042	-79.5751	-79.8296	-79.9259	-79.9624	-79.9762	-79.9814	-79.9834	-79.9841	-79.9844	-79.9846	-79.9846	-79.9846	-79.9847	-79.9847	-79.9848	-79.985
1.595	-50.0894	-50.1177	-49.3601	-47.8852	-45.7574	-42.9738	-39.4644	-35.1085	-29.7566	-23.2658	-15.5807	-6.89946	2.03825	9.33969	9.3727	-23.5299	-57.871	-71.536	-76.7705	-78.7641	-79.5218	-79.8092	-79.9182	-79.9594	-79.9751	-79.981	-79.9832	-79.9841	-79.9844	-79.9845	-79.9846	-79.9846	-79.9847	-79.9847	-79.9848	-79.985
1.6	-50.2948	-50.3304	-49.5985	-48.1647	-46.0931	-43.3824	-39.965	-35.7224	-30.5053	-24.1662	-16.6316	-8.05706	0.897828	8.52005	9.94652	-15.2563	-54.6512	-70.3615	-76.3375	-78.6024	-79.4608	-79.7861	-79.9094	-79.9561	-79.9738	-79.9805	-79.983	-79.984	-79.9844	-79.9845	-79.9846	-79.9846	-79.9846	-79.9847	-79.9848	-79.9849
1.605	-50.4963	-50.5389	-49.8319	-48.4379	-46.4207	-43.7807	-40.4527	-36.3205	-31.2357	-25.0468	-17.6645	-9.20413	-0.241259	7.71677	10.6676	-6.44142	-50.9051	-68.9778	-75.8293	-78.4143	-79.3906	-79.7598	-79.8995	-79.9523	-79.9724	-79.9799	-79.9828	-79.9839	-79.9843	-79.9845	-79.9845	-79.9846	-79.9846	-79.9847	-79.9848	-79.9849
1.61	-50.6939	-50.7434	-50.0605	-48.7049	-46.7404	-44.1689	-40.9278	-36.9033	-31.9479	-25.9075	-18.6784	-10.3374	-1.37585	6.9054	11.2774	0.89911	-46.9608	-67.4392	-75.2506	-78.1984	-79.31	-79.7295	-79.8881	-79.948	-79.9707	-79.9793	-79.9826	-79.9838	-79.9842	-79.9844	-79.9845	-79.9846	-79.9846	-79.9847	-79.9848	-79.9849
1.615	-50.8879	-50.944	-50.2843	-48.966	-47.0525	-44.5474	-41.3907	-37.4711	-32.6424	-26.7482	-19.6725	-11.4565	-2.51223	6.03509	11.4987	5.45004	-43.0788	-65.8165	-74.6165	-77.9566	-79.2187	-79.6952	-79.8751	-79.9431	-79.9689	-79.9786	-79.9823	-79.9837	-79.9842	-79.9844	-79.9845	-79.9845	-79.9846	-79.9846	-79.9847	-79.9849
1.62	-51.0783	-51.1408	-50.5037	-49.2213	-47.3572	-44.9165	-41.8418	-38.0242	-33.3194	-27.5692	-20.647	-12.5619	-3.6572	5.07704	11.276	7.65057	-39.1184	-64.1098	-73.9328	-77.6906	-79.1168	-79.6565	-79.8605	-79.9376	-79.9668	-79.9778	-79.9819	-79.9835	-79.9841	-79.9844	-79.9845	-79.9845	-79.9846	-79.9846	-79.9847	-79.9849
1.625	-51.2652	-51.334	-50.7186	-49.471	-47.6547	-45.2764	-42.2812	-38.563	-33.9793	-28.3708	-21.6019	-13.6543	-4.81227	4.03673	10.7238	8.57798	-34.6231	-62.2244	-73.1832	-77.3976	-79.0037	-79.6132	-79.844	-79.9313	-79.9644	-79.9769	-79.9816	-79.9834	-79.9841	-79.9843	-79.9844	-79.9845	-79.9845	-79.9846	-79.9847	-79.9848
1.63	-51.4488	-51.5236	-50.9292	-49.7154	-47.9453	-45.6274	-42.7094	-39.088	-34.6224	-29.1532	-22.5373	-14.7331	-5.97387	2.9378	9.98526	9.03506	-29.0478	-60.0019	-72.3284	-77.0685	-78.8771	-79.5647	-79.8255	-79.9243	-79.9617	-79.9758	-79.9812	-79.9832	-79.984	-79.9843	-79.9844	-79.9845	-79.9845	-79.9846	-79.9847	-79.9848
1.635	-51.6292	-51.7098	-51.1357	-49.9546	-48.2293	-45.9699	-43.1268	-39.5993	-35.2491	-29.9168	-23.4533	-15.7969	-7.13587	1.80675	9.17234	9.47234	-21.9623	-57.2681	-71.3148	-76.6882	-78.7331	-79.5099	-79.8046	-79.9164	-79.9587	-79.9747	-79.9807	-79.983	-79.9839	-79.9842	-79.9844	-79.9845	-79.9845	-79.9846	-79.9847	-79.9848
1.64	-51.8064	-51.8926	-51.3383	-50.1887	-48.5067	-46.304	-43.5335	-40.0975	-35.8599	-30.6618	-24.3497	-16.8443	-8.29172	0.665716	8.35532	10.0858	-13.4562	-53.9262	-70.0968	-76.2404	-78.5663	-79.4472	-79.7809	-79.9074	-79.9552	-79.9734	-79.9802	-79.9828	-79.9838	-79.9842	-79.9844	-79.9844	-79.9845	-79.9846	-79.9846	-79.9848
1.645	-51.9807	-52.0722	-51.537	-50.418	-48.7779	-46.6301	-43.93	-40.5828	-36.455	-31.3885	-25.2263	-17.8735	-9.43617	-0.472304	7.55397	10.8108	-4.76611	-50.1084	-68.6755	-75.717	-78.3726	-79.375	-79.7538	-79.8971	-79.9514	-79.9719	-79.9797	-79.9826	-79.9837	-79.9842	-79.9843	-79.9844	-79.9845	-79.9845	-79.9846	-79.9848
1.65	-52.152	-52.2488	-51.7319	-50.6425	-49.0431	-46.9483	-44.3165	-41.0557	-37.0348	-32.0972	-26.0829	-18.8833	-10.5666	-1.60659	6.73462	11.3587	2.05507	-46.1665	-67.1153	-75.1259	-78.1513	-79.2922	-79.7228	-79.8854	-79.9469	-79.9702	-79.979	-79.9824	-79.9836	-79.9841	-79.9843	-79.9844	-79.9844	-79.9845	-79.9846	-79.9848
1.655	-52.3204	-52.4222	-51.9233	-50.8625	-49.3023	-47.259	-44.6933	-41.5164	-37.5998	-32.7882	-26.9197	-19.8735	-11.6828	-2.74429	5.84761	11.4867	6.05101	-42.2937	-65.4788	-74.4818	-77.9045	-79.1987	-79.6875	-79.8722	-79.9419	-79.9683	-79.9783	-79.9821	-79.9835	-79.984	-79.9843	-79.9844	-79.9844	-79.9845	-79.9846	-79.9847
1.66	-52.4861	-52.5928	-52.1111	-51.0781	-49.5559	-47.5624	-45.0608	-41.9652	-38.1501	-33.4617	-27.7367	-20.8439	-12.7855	-3.89138	4.87156	11.1854	7.90917	-38.2676	-63.7462	-73.787	-77.6334	-79.0947	-79.6479	-79.8572	-79.9362	-79.9661	-79.9775	-79.9817	-79.9834	-79.984	-79.9842	-79.9843	-79.9844	-79.9845	-79.9846	-79.9847
1.665	-52.6491	-52.7605	-52.2955	-51.2893	-49.804	-47.8587	-45.4192	-42.4026	-38.6862	-34.1182	-28.5344	-21.7949	-13.8752	-5.04818	3.8172	10.5844	8.68943	-33.5969	-61.8066	-73.0198	-77.3341	-78.979	-79.6037	-79.8403	-79.9298	-79.9637	-79.9765	-79.9814	-79.9832	-79.9839	-79.9842	-79.9843	-79.9844	-79.9845	-79.9846	-79.9847
1.67	-52.8096	-52.9254	-52.4766	-51.4965	-50.0468	-48.1481	-45.7688	-42.8289	-39.2085	-34.7581	-29.313	-22.7264	-14.9511	-6.21039	2.70968	9.82309	9.11523	-27.7415	-59.4938	-72.1373	-76.9959	-78.8493	-79.554	-79.8213	-79.9226	-79.961	-79.9755	-79.981	-79.983	-79.9838	-79.9841	-79.9843	-79.9844	-79.9844	-79.9845	-79.9847
1.675	-52.9675	-53.0877	-52.6545	-51.6996	-50.2844	-48.4309	-46.1098	-43.2443	-39.7173	-35.3816	-30.0728	-23.6385	-16.0118	-7.37165	1.57505	9.00508	9.58012	-20.3324	-56.6395	-71.0852	-76.6032	-78.7011	-79.4977	-79.7999	-79.9145	-79.9579	-79.9743	-79.9805	-79.9829	-79.9838	-79.9841	-79.9843	-79.9843	-79.9844	-79.9845	-79.9847
1.68	-53.123	-53.2474	-52.8294	-51.8988	-50.5171	-48.7073	-46.4426	-43.6491	-40.213	-35.9893	-30.8141	-24.5308	-17.0555	-8.52555	0.433962	8.19153	10.2307	-11.6447	-53.1807	-69.8236	-76.1402	-78.5292	-79.4332	-79.7756	-79.9052	-79.9544	-79.9729	-79.98	-79.9827	-79.9837	-79.9841	-79.9842	-79.9843	-79.9844	-79.9845	-79.9846
1.685	-53.2762	-53.4045	-53.0012	-52.0943	-50.7449	-48.9775	-46.7674	-44.0438	-40.696	-36.5813	-31.5372	-25.4034	-18.0808	-9.66726	-0.702978	7.39059	10.9466	-3.17237	-49.3074	-68.3675	-75.602	-78.3298	-79.3589	-79.7477	-79.8947	-79.9504	-79.9714	-79.9794	-79.9824	-79.9836	-79.984	-79.9842	-79.9843	-79.9844	-79.9845	-79.9846
1.69	-53.427	-53.5592	-53.1701	-52.2862	-50.9681	-49.2416	-47.0844	-44.4286	-41.1665	-37.1582	-32.2423	-26.256	-19.0867	-10.7947	-1.83729	6.56103	11.4219	3.0883	-45.3768	-66.7887	-74.999	-78.103	-79.274	-79.7158	-79.8827	-79.9458	-79.9697	-79.9787	-79.9822	-79.9835	-79.984	-79.9842	-79.9843	-79.9844	-79.9845	-79.9846
1.695	-53.5756	-53.7116	-53.3362	-52.4745	-51.1868	-49.4999	-47.3939	-44.8038	-41.6249	-37.7202	-32.9298	-27.0888	-20.0729	-11.9081	-2.97657	5.65646	11.4566	6.56339	-41.5033	-65.1376	-74.3452	-77.8514	-79.1784	-79.6797	-79.8691	-79.9407	-79.9678	-79.978	-79.9819	-79.9833	-79.9839	-79.9841	-79.9842	-79.9843	-79.9844	-79.9846
1.7	-53.7221	-53.8616	-53.4996	-52.6593	-51.4011	-49.7526	-47.6962	-45.1696	-42.0716	-38.2677	-33.5999	-27.9019	-21.0394	-13.0083	-4.12579	4.66293	11.0825	8.12488	-37.3905	-63.3743	-73.6383	-77.5751	-79.0721	-79.6392	-79.8537	-79.9349	-79.9655	-79.9771	-79.9815	-79.9832	-79.9838	-79.9841	-79.9842	-79.9843	-79.9844	-79.9846
1.705	-53.8665	-54.0094	-53.6603	-52.8409	-51.6111	-49.9999	-47.9914	-45.5265	-42.5068	-38.8011	-34.253	-28.6957	-21.9864	-14.0952	-5.28413	3.59559	10.4387	8.7874	-32.5217	-61.3735	-72.8518	-77.2689	-78.9539	-79.5939	-79.8365	-79.9283	-79.963	-79.9762	-79.9812	-79.983	-79.9838	-79.9841	-79.9842	-79.9843	-79.9844	-79.9846
1.71	-54.0088	-54.1549	-53.8184	-53.0192	-51.8171	-50.2418	-48.2798	-45.8746	-42.931	-39.3207	-34.8896	-29.4704	-22.914	-15.1681	-6.44669	2.48058	9.65877	9.19778	-26.3695	-58.9632	-71.9392	-76.9211	-78.8208	-79.543	-79.8171	-79.9209	-79.9602	-79.9751	-79.9807	-79.9829	-79.9837	-79.984	-79.9842	-79.9843	-79.9844	-79.9845
1.715	-54.1491	-54.2984	-53.9739	-53.1944	-52.0191	-50.4787	-48.5616	-46.2142	-43.3444	-39.8269	-35.5099	-30.2265	-23.822	-16.2255	-7.60694	1.34322	8.83825	9.69646	-18.6454	-55.9851	-70.8467	-76.5152	-78.6682	-79.4852	-79.7951	-79.9126	-79.957	-79.9739	-79.9803	-79.9827	-79.9836	-79.984	-79.9841	-79.9843	-79.9844	-79.9845
1.72	-54.2874	-54.4398	-54.1271	-53.3666	-52.2172	-50.7106	-48.837	-46.5456	-43.7474	-40.3201	-36.1144	-30.9641	-24.7104	-17.2656	-8.75867	0.202532	8.02851	10.379	-9.83965	-52.4174	-69.5421	-76.0369	-78.4909	-79.4188	-79.7701	-79.9031	-79.9534	-79.9725	-79.9797	-79.9825	-79.9835	-79.9839	-79.9841	-79.9842	-79.9843	-79.9845
1.725	-54.4239	-54.5792	-54.2779	-53.5359	-52.4117	-50.9377	-49.1063	-46.869	-44.1402	-40.8006	-36.7034	-31.6835	-25.5789	-18.2871	-9.89755	-0.933413	7.2261	11.0721	-1.67582	-48.5051	-68.0545	-75.4842	-78.2858	-79.3424	-79.7414	-79.8923	-79.9494	-79.971	-79.9791	-79.9822	-79.9834	-79.9839	-79.9841	-79.9842	-79.9843	-79.9845
1.73	-54.5586	-54.7166	-54.4263	-53.7023	-52.6025	-51.1603	-49.3696	-47.1848	-44.5232	-41.2687	-37.2773	-32.385	-26.4275	-19.289	-11.0221	-2.0681	6.3843	11.4661	4.00154	-44.591	-66.4594	-74.8702	-78.0538	-79.2553	-79.7087	-79.88	-79.9447	-79.9692	-79.9785	-79.982	-79.9833	-79.9838	-79.9841	-79.9842	-79.9843	-79.9845
1.735	-54.6914	-54.8521	-54.5726	-53.8659	-52.7898	-51.3783	-49.6271	-47.4931	-44.8966	-41.7248	-37.8363	-33.069	-27.2562	-20.2711	-12.1328	-3.20918	5.46162	11.4095	6.99719	-40.7037	-64.792	-74.2066	-77.7973	-79.1575	-79.6717	-79.866	-79.9394	-79.9672	-79.9777	-79.9817	-79.9832	-79.9838	-79.984	-79.9842	-79.9843	-79.9845
1.74	-54.8226	-54.9858	-54.7166	-54.0268	-52.9737	-51.592	-49.879	-47.7942	-45.2608	-42.1693	-38.381	-33.7356	-28.0654	-21.2336	-13.2302	-4.36047	4.45129	10.9686	8.30506	-36.4824	-62.9929	-73.4863	-77.5156	-79.049	-79.6303	-79.8503	-79.9335	-79.9649	-79.9768	-79.9813	-79.983	-79.9837	-79.984	-79.9841	-79.9843	-79.9844
1.745	-54.952	-55.1177	-54.8585	-54.1852	-53.1544	-51.8015	-50.1255	-48.0882	-45.616	-42.6023	-38.9116	-34.3854	-28.8553	-22.1767	-14.3144	-5.52015	3.3721	10.2875	8.87599	-31.3931	-60.9236	-72.6786	-77.2021	-78.9281	-79.5839	-79.8326	-79.9267	-79.9624	-79.9758	-79.9809	-79.9829	-79.9836	-79.9839	-79.9841	-79.9842	-79.9844
1.75	-55.0798	-55.2478	-54.9984	-54.341	-53.3318	-52.0069	-50.3668	-48.3756	-45.9625	-43.0244	-39.4285	-35.0186	-29.6263	-23.1003	-15.3843	-6.68278	2.25064	9.49297	9.2847	-24.9306	-58.4089	-71.7338	-76.8439	-78.7915	-79.5318	-79.8127	-79.9192	-79.9595	-79.9747	-79.9805	-79.9827	-79.9836	-79.9839	-79.9841	-79.9842	-79.9844
1.755	-55.2059	-55.3762	-55.1362	-54.4943	-53.5062	-52.2084	-50.603	-48.6564	-46.3006	-43.4358	-39.9321	-35.6358	-30.3786	-24.0044	-16.4383	-7.84176	1.11137	8.67209	9.82133	-16.9093	-55.3056	-70.5993	-76.4243	-78.6343	-79.4724	-79.7902	-79.9106	-79.9562	-79.9735	-79.98	-79.9825	-79.9835	-79.9839	-79.9841	-79.9842	-79.9844
1.76	-55.3305	-55.5029	-55.2721	-54.6452	-53.6775	-52.4061	-50.8343	-48.9308	-46.6306	-43.8368	-40.4228	-36.2371	-31.1125	-24.8888	-17.4748	-8.99114	-0.0285918	7.86599	10.5283	-8.06003	-51.6395	-69.2529	-75.9304	-78.4514	-79.4041	-79.7644	-79.9009	-79.9525	-79.9721	-79.9795	-79.9823	-79.9834	-79.9838	-79.984	-79.9842	-79.9844
1.765	-55.4536	-55.6279	-55.4061	-54.7938	-53.846	-52.6	-51.0608	-49.1991	-46.9527	-44.2277	-40.9008	-36.823	-31.8283	-25.7532	-18.4923	-10.1271	-1.16371	7.05999	11.1845	-0.288724	-47.704	-67.7373	-75.364	-78.2407	-79.3255	-79.735	-79.8898	-79.9483	-79.9705	-79.9789	-79.9821	-79.9833	-79.9838	-79.984	-79.9842	-79.9843
1.77	-55.5752	-55.7514	-55.5382	-54.9402	-54.0116	-52.7904	-51.2828	-49.4615	-47.2671	-44.6088	-41.3665	-37.3939	-32.5262	-26.5978	-19.4902	-11.2488	-2.29912	6.20414	11.491	4.80039	-43.8078	-66.1276	-74.7394	-78.0036	-79.2362	-79.7014	-79.8771	-79.9436	-79.9687	-79.9782	-79.9818	-79.9832	-79.9837	-79.984	-79.9841	-79.9843
1.775	-55.6953	-55.8734	-55.6686	-55.0843	-54.1744	-52.9773	-51.5003	-49.7181	-47.5741	-44.9804	-41.8203	-37.95	-33.2066	-27.4225	-20.4683	-12.3567	-3.44215	5.26313	11.3464	7.3623	-39.8911	-64.4414	-74.0656	-77.7422	-79.1363	-79.6636	-79.8628	-79.9381	-79.9666	-79.9774	-79.9815	-79.983	-79.9837	-79.9839	-79.9841	-79.9843
1.78	-55.8139	-55.9938	-55.7971	-55.2263	-54.3346	-53.1608	-51.7135	-49.9692	-47.8739	-45.3429	-42.2624	-38.4919	-33.8698	-28.2278	-21.4269	-13.4516	-4.59544	4.23685	10.8449	8.45632	-35.5386	-62.6005	-73.3309	-77.4548	-79.0254	-79.6212	-79.8467	-79.932	-79.9643	-79.9765	-79.9811	-79.9829	-79.9836	-79.9839	-79.9841	-79.9843
1.785	-55.9312	-56.1127	-55.924	-55.3662	-54.4922	-53.3411	-51.9225	-50.215	-48.1668	-45.6965	-42.6933	-39.0197	-34.5162	-29.0138	-22.366	-14.533	-5.75622	3.14692	10.1318	8.95879	-30.2073	-60.4554	-72.4997	-77.1335	-78.9016	-79.5737	-79.8286	-79.9251	-79.9617	-79.9755	-79.9807	-79.9827	-79.9835	-79.9839	-79.9841	-79.9843
1.79	-56.0471	-56.2302	-56.0491	-55.504	-54.6473	-53.5182	-52.1274	-50.4555	-48.4529	-46.0414	-43.1132	-39.5339	-35.1462	-29.781	-23.2857	-15.5998	-6.91864	2.02005	9.32625	9.37764	-23.4248	-57.83	-71.5204	-76.7642	-78.7613	-79.5202	-79.8082	-79.9174	-79.9587	-79.9744	-79.9803	-79.9826	-79.9834	-79.9838	-79.984	-79.9842
1.795	-56.1617	-56.3463	-56.1726	-55.6399	-54.7999	-53.6922	-52.3285	-50.6909	-48.7326	-46.3779	-43.5225	-40.0349	-35.7601	-30.5295	-24.1858	-16.6503	-8.0761	0.879574	8.50676	9.95418	-15.1344	-54.6019	-70.343	-76.3302	-78.5992	-79.4592	-79.7851	-79.9086	-79.9554	-79.9731	-79.9798	-79.9824	-79.9834	-79.9838	-79.984	-79.9842
1.8	-56.275	-56.4609	-56.2946	-55.7739	-54.9502	-53.8632	-52.5257	-50.9215	-49.006	-46.7064	-43.9215	-40.5229	-36.3583	-31.2597	-25.0661	-17.683	-9.22298	-0.25943	7.70365	10.6759	-6.3257	-50.8504	-68.9567	-75.821	-78.4108	-79.3888	-79.7587	-79.8986	-79.9516	-79.9716	-79.9792	-79.9821	-79.9833	-79.9837	-79.984	-79.9842
1.805	-56.387	-56.5743	-56.4149	-55.906	-55.0981	-54.0313	-52.7193	-51.1474	-49.2733	-47.027	-44.3105	-40.9985	-36.9411	-31.9719	-25.9265	-18.6966	-10.3561	-1.39397	6.8918	11.2817	0.980556	-46.9061	-67.4165	-75.2414	-78.1945	-79.3081	-79.7284	-79.8872	-79.9473	-79.97	-79.9786	-79.9819	-79.9832	-79.9837	-79.984	-79.9842
1.81	-56.4978	-56.6863	-56.5338	-56.0362	-55.2438	-54.1967	-52.9093	-51.3687	-49.5347	-47.34	-44.6897	-41.4618	-37.509	-32.6662	-26.767	-19.6905	-11.4749	-2.53042	6.02039	11.4966	5.49251	-43.0251	-65.7929	-74.6067	-77.9524	-79.2167	-79.694	-79.8742	-79.9424	-79.9681	-79.9779	-79.9816	-79.983	-79.9836	-79.9839	-79.9841
1.815	-56.6073	-56.797	-56.6511	-56.1647	-55.3873	-54.3592	-53.0959	-51.5856	-49.7904	-47.6456	-45.0596	-41.9132	-38.0622	-33.3431	-27.5878	-20.6646	-12.5801	-3.67551	5.0611	11.2685	7.66815	-39.0609	-64.0846	-73.9223	-77.686	-79.1146	-79.6552	-79.8596	-79.9368	-79.966	-79.9771	-79.9813	-79.9829	-79.9836	-79.9839	-79.9841
1.82	-56.7157	-56.9065	-56.767	-56.2914	-55.5286	-54.5191	-53.2791	-51.7982	-50.0406	-47.9441	-45.4202	-42.3531	-38.6012	-34.0029	-28.3891	-21.6192	-13.6723	-4.83069	4.01981	10.7127	8.58455	-34.5545	-62.1958	-73.1716	-77.3926	-79.0013	-79.6118	-79.8431	-79.9306	-79.9637	-79.9762	-79.9809	-79.9828	-79.9835	-79.9838	-79.9841
1.825	-56.8229	-57.0147	-56.8815	-56.4164	-55.6679	-54.6765	-53.459	-52.0067	-50.2854	-48.2358	-45.7721	-42.7817	-39.1262	-34.6459	-29.1713	-22.5544	-14.7508	-5.99232	2.92027	9.9725	9.03896	-28.9608	-59.9674	-72.3149	-77.0629	-78.8746	-79.5633	-79.8245	-79.9235	-79.961	-79.9752	-79.9805	-79.9826	-79.9834	-79.9838	-79.9841
1.83	-56.9289	-57.1218	-56.9946	-56.5398	-55.8052	-54.8313	-53.6358	-52.2111	-50.5251	-48.5207	-46.1154	-43.1995	-39.6378	-35.2726	-29.9347	-23.4701	-15.8145	-7.15425	1.78895	9.15914	9.47787	-21.8535	-57.2256	-71.2988	-76.6818	-78.7302	-79.5084	-79.8036	-79.9155	-79.9579	-79.974	-79.9801	-79.9824	-79.9834	-79.9838	-79.984
1.835	-57.0339	-57.2276	-57.1064	-56.6615	-55.9404	-54.9837	-53.8096	-52.4117	-50.7597	-48.7992	-46.4503	-43.6067	-40.1361	-35.8833	-30.6795	-24.3662	-16.8615	-8.30995	0.647918	8.34234	10.094	-13.3337	-53.8757	-70.0779	-76.233	-78.5631	-79.4456	-79.7799	-79.9065	-79.9545	-79.9727	-79.9796	-79.9822	-79.9833	-79.9837	-79.984
1.84	-57.1377	-57.3323	-57.2168	-56.7817	-56.0738	-55.1337	-53.9803	-52.6085	-50.9896	-49.0715	-46.7772	-44.0037	-40.6216	-36.4783	-31.406	-25.2425	-17.8904	-9.45419	-0.490015	7.54107	10.8187	-4.6561	-50.0538	-68.6541	-75.7086	-78.369	-79.3732	-79.7527	-79.8963	-79.9506	-79.9712	-79.979	-79.982	-79.9832	-79.9837	-79.984
1.845	-57.2405	-57.4358	-57.3259	-56.9003	-56.2053	-55.2814	-54.1482	-52.8016	-51.2147	-49.3377	-47.0963	-44.3907	-41.0946	-37.0581	-32.1145	-26.0989	-18.9	-10.5844	-1.62428	6.72109	11.362	2.1277	-46.1125	-67.0926	-75.1166	-78.1473	-79.2903	-79.7216	-79.8846	-79.9462	-79.9695	-79.9784	-79.9817	-79.9831	-79.9836	-79.9839
1.85	-57.3422	-57.5383	-57.4338	-57.0175	-56.335	-55.4269	-54.3133	-52.9912	-51.4353	-49.598	-47.4079	-44.768	-41.5555	-37.623	-32.8053	-26.9354	-19.8899	-11.7003	-2.76206	5.83292	11.4835	6.08696	-42.2401	-65.4552	-74.472	-77.9002	-79.1967	-79.6863	-79.8713	-79.9412	-79.9676	-79.9776	-79.9815	-79.9829	-79.9836	-79.9839
1.855	-57.4429	-57.6396	-57.5404	-57.1331	-56.4628	-55.5702	-54.4756	-53.1773	-51.6515	-49.8527	-47.7121	-45.136	-42.0046	-38.1733	-33.4787	-27.7522	-20.86	-12.8029	-3.90927	4.85567	11.1771	7.92356	-38.2088	-63.7207	-73.7763	-77.6288	-79.0925	-79.6467	-79.8563	-79.9355	-79.9655	-79.9768	-79.9811	-79.9828	-79.9835	-79.9839
1.86	-57.5425	-57.7399	-57.6458	-57.2473	-56.589	-55.7113	-54.6353	-53.3601	-51.8635	-50.1019	-48.0093	-45.4949	-42.4422	-38.7094	-34.135	-28.5496	-21.8107	-13.8924	-5.06616	3.80041	10.573	8.69497	-33.5256	-61.7772	-73.0079	-77.329	-78.9767	-79.6023	-79.8394	-79.9291	-79.963	-79.9759	-79.9808	-79.9827	-79.9834	-79.9838
1.865	-57.6412	-57.8392	-57.75	-57.3601	-56.7134	-55.8504	-54.7925	-53.5397	-52.0713	-50.3458	-48.2996	-45.8451	-42.8686	-39.2317	-34.7747	-29.3279	-22.7419	-14.968	-6.22839	2.69235	9.81033	9.11925	-27.6507	-59.4581	-72.1234	-76.9902	-78.8467	-79.5526	-79.8204	-79.9218	-79.9603	-79.9748	-79.9804	-79.9825	-79.9834	-79.9838
1.87	-57.7389	-57.9374	-57.8531	-57.4716	-56.8362	-55.9875	-54.9471	-53.7161	-52.2751	-50.5846	-48.5833	-46.1867	-43.2843	-39.7405	-35.3981	-30.0875	-23.6537	-16.0284	-7.38956	1.55752	8.99208	9.58624	-20.2202	-56.5955	-71.0686	-76.5966	-78.6983	-79.4962	-79.7989	-79.9137	-79.9572	-79.9736	-79.9799	-79.9823	-79.9833	-79.9837
1.875	-57.8356	-58.0346	-57.955	-57.5817	-56.9574	-56.1226	-55.0993	-53.8895	-52.4751	-50.8184	-48.8606	-46.52	-43.6894	-40.2363	-36.0056	-30.8286	-24.5458	-17.0719	-8.54329	0.416462	8.17877	10.2391	-11.523	-53.1292	-69.8042	-76.1327	-78.5259	-79.4316	-79.7745	-79.9044	-79.9536	-79.9723	-79.9794	-79.9821	-79.9832	-79.9837
1.88	-57.9314	-58.1308	-58.0558	-57.6904	-57.077	-56.2558	-55.2492	-54.06	-52.6713	-51.0473	-49.1317	-46.8453	-44.0843	-40.7192	-36.5975	-31.5514	-25.418	-18.097	-9.68478	-0.720392	7.3778	10.9539	-3.06916	-49.2529	-68.3459	-75.5934	-78.3262	-79.3571	-79.7466	-79.8939	-79.9497	-79.9708	-79.9788	-79.9819	-79.9831	-79.9836
1.885	-58.0263	-58.226	-58.1555	-57.7979	-57.1951	-56.3871	-55.3968	-54.2275	-52.8639	-51.2717	-49.3968	-47.1629	-44.4694	-41.1898	-37.1743	-32.2563	-26.2703	-19.1026	-10.812	-1.8547	6.54748	11.4239	3.15229	-45.3234	-66.7659	-74.9897	-78.0991	-79.272	-79.7147	-79.8819	-79.9451	-79.969	-79.9781	-79.9816	-79.983	-79.9836
1.89	-58.1203	-58.3203	-58.2541	-57.9042	-57.3117	-56.5166	-55.5421	-54.3923	-53.053	-51.4915	-49.656	-47.473	-44.8448	-41.6482	-37.7362	-32.9435	-27.1028	-20.0884	-11.9252	-2.99408	5.6417	11.4524	6.59354	-41.4495	-65.1138	-74.3353	-77.8471	-79.1763	-79.6785	-79.8683	-79.94	-79.9671	-79.9774	-79.9813	-79.9828	-79.9835
1.895	-58.2134	-58.4137	-58.3517	-58.0092	-57.4268	-56.6443	-55.6852	-54.5544	-53.2386	-51.707	-49.9097	-47.7759	-45.211	-42.095	-38.2836	-33.6134	-27.9157	-21.0546	-13.0251	-4.14342	4.64701	11.0735	8.13661	-37.3301	-63.3484	-73.6275	-77.5704	-79.0698	-79.6379	-79.8529	-79.9341	-79.9649	-79.9765	-79.981	-79.9827	-79.9834
1.9	-58.3056	-58.5062	-58.4482	-58.113	-57.5404	-56.7703	-55.8262	-54.7138	-53.421	-51.9182	-50.1578	-48.0717	-45.5681	-42.5303	-38.8169	-34.2663	-28.7092	-22.0013	-14.1119	-5.30184	3.57886	10.427	8.79219	-32.4473	-61.3432	-72.8396	-77.2638	-78.9515	-79.5926	-79.8356	-79.9276	-79.9624	-79.9756	-79.9806	-79.9826	-79.9833
1.905	-58.397	-58.5977	-58.5438	-58.2156	-57.6527	-56.8946	-55.9652	-54.8707	-53.6001	-52.1253	-50.4008	-48.3607	-45.9165	-42.9545	-39.3364	-34.9027	-29.4837	-22.9286	-15.1846	-6.46439	2.46338	9.64602	9.20204	-26.2748	-58.9261	-71.925	-76.9153	-78.8182	-79.5416	-79.8161	-79.9201	-79.9595	-79.9745	-79.9802	-79.9824	-79.9832
1.91	-58.4875	-58.6884	-58.6383	-58.3171	-57.7636	-57.0172	-56.1021	-55.0251	-53.7761	-52.3285	-50.6386	-48.6431	-46.2564	-43.368	-39.8425	-35.5228	-30.2395	-23.8364	-16.2417	-7.62454	1.32589	8.82541	9.70316	-18.5304	-55.9397	-70.8297	-76.5085	-78.6653	-79.4837	-79.7941	-79.9118	-79.9564	-79.9733	-79.9797	-79.9822	-79.9831
1.915	-58.5772	-58.7782	-58.7319	-58.4174	-57.8731	-57.1382	-56.2371	-55.1771	-53.9491	-52.5278	-50.8715	-48.9192	-46.5881	-43.7711	-40.3356	-36.1271	-30.9768	-24.7245	-17.2815	-8.77608	0.185251	8.01592	10.3875	-9.71975	-52.3651	-69.5223	-76.0292	-78.4876	-79.4172	-79.7691	-79.9023	-79.9528	-79.9719	-79.9792	-79.982	-79.983
1.92	-58.6661	-58.8672	-58.8245	-58.5166	-57.9814	-57.2577	-56.3702	-55.3268	-54.1191	-52.7234	-51.0996	-49.1891	-46.9119	-44.164	-40.816	-36.716	-31.696	-25.5927	-18.3027	-9.91475	-0.950617	7.21334	11.0785	-1.58027	-48.4509	-68.0328	-75.4756	-78.2821	-79.3406	-79.7403	-79.8915	-79.9487	-79.9703	-79.9786	-79.9817	-79.9829
1.925	-58.7541	-58.9553	-58.9162	-58.6148	-58.0883	-57.3756	-56.5014	-55.4741	-54.2863	-52.9154	-51.3231	-49.453	-47.228	-44.5471	-41.2841	-37.2897	-32.3973	-26.4409	-19.3043	-11.0391	-2.08532	6.37065	11.4668	4.05728	-44.5382	-66.4367	-74.8608	-78.0498	-79.2534	-79.7076	-79.8792	-79.944	-79.9686	-79.9779	-79.9814	-79.9827
1.93	-58.8414	-59.0426	-59.0069	-58.7118	-58.194	-57.492	-56.6308	-55.6192	-54.4507	-53.1039	-51.5421	-49.7111	-47.5366	-44.9206	-41.7402	-37.8486	-33.0809	-27.2694	-20.2861	-12.1495	-3.22651	5.44675	11.4042	7.02228	-40.6495	-64.7681	-74.1965	-77.7929	-79.1555	-79.6705	-79.8652	-79.9387	-79.9666	-79.9771	-79.9811	-79.9826
1.935	-58.9279	-59.1291	-59.0968	-58.8079	-58.2985	-57.607	-56.7584	-55.7622	-54.6124	-53.289	-51.7567	-49.9637	-47.838	-45.2849	-42.1846	-38.3931	-33.7474	-28.0783	-21.2483	-13.2468	-4.37792	4.43533	10.959	8.31461	-36.4202	-62.9664	-73.4754	-77.5109	-79.0468	-79.629	-79.8494	-79.9327	-79.9643	-79.9762	-79.9808	-79.9824
1.94	-59.0137	-59.2148	-59.1858	-58.9029	-58.4017	-57.7205	-56.8843	-55.903	-54.7716	-53.4708	-51.9672	-50.2108	-48.1325	-45.6402	-42.6176	-38.9236	-34.3969	-28.8679	-22.1911	-14.3308	-5.53766	3.35539	10.2756	8.88027	-31.3154	-60.8923	-72.6661	-77.1969	-78.9257	-79.5826	-79.8317	-79.926	-79.9617	-79.9753	-79.9804	-79.9822
1.945	-59.0987	-59.2997	-59.2739	-58.9969	-58.5038	-57.8326	-57.0086	-56.0418	-54.9281	-53.6494	-52.1736	-50.4527	-48.4201	-45.9869	-43.0397	-39.4404	-35.0299	-29.6386	-23.1144	-15.4004	-6.70026	2.23356	9.48024	9.28932	-24.832	-58.3705	-71.7191	-76.838	-78.7888	-79.5304	-79.8118	-79.9184	-79.9588	-79.9741	-79.9799	-79.982
1.95	-59.183	-59.3839	-59.3611	-59.0899	-58.6047	-57.9433	-57.1311	-56.1786	-55.0822	-53.8249	-52.3761	-50.6896	-48.7013	-46.3252	-43.451	-39.9438	-35.6468	-30.3906	-24.0182	-16.4542	-7.85912	1.09419	8.65941	9.82856	-16.7921	-55.2588	-70.5818	-76.4174	-78.6313	-79.4709	-79.7892	-79.9098	-79.9556	-79.9729	-79.9794	-79.9817
1.955	-59.2665	-59.4673	-59.4475	-59.1819	-58.7045	-58.0527	-57.2521	-56.3135	-55.2339	-53.9974	-52.5747	-50.9215	-48.9761	-46.6553	-43.852	-40.4343	-36.248	-31.1243	-24.9023	-17.4903	-9.00831	-0.045698	7.85354	10.5368	-7.94331	-51.5867	-69.2328	-75.9226	-78.4481	-79.4024	-79.7634	-79.9001	-79.9519	-79.9715	-79.9788	-79.9814
1.96	-59.3493	-59.5499	-59.5331	-59.273	-58.8032	-58.1608	-57.3714	-56.4464	-55.3833	-54.167	-52.7696	-51.1488	-49.2448	-46.9775	-44.2429	-40.9122	-36.8337	-31.8398	-25.7665	-18.5076	-10.1441	-1.18076	7.04722	11.19	-0.201421	-47.6503	-67.7155	-75.3553	-78.237	-79.3237	-79.7339	-79.889	-79.9477	-79.9698	-79.9782	-79.9811
1.965	-59.4315	-59.6319	-59.6179	-59.3632	-58.9007	-58.2676	-57.4893	-56.5775	-55.5303	-54.3338	-52.961	-51.3714	-49.5075	-47.292	-44.624	-41.3778	-37.4044	-32.5375	-26.6107	-19.5051	-11.2655	-2.3162	6.19037	11.4904	4.84842	-43.7554	-66.1048	-74.7299	-77.9996	-79.2342	-79.7003	-79.8763	-79.9429	-79.968	-79.9775	-79.9808
1.97	-59.5129	-59.7131	-59.7019	-59.4524	-58.9973	-58.3731	-57.6056	-56.7067	-55.6752	-54.4977	-53.1489	-51.5895	-49.7645	-47.5992	-44.9957	-41.8315	-37.9604	-33.2176	-27.4352	-20.483	-12.3733	-3.45935	5.24814	11.3401	7.38302	-39.8361	-64.4172	-74.0555	-77.7378	-79.1342	-79.6624	-79.862	-79.9374	-79.966	-79.9766	-79.9804
1.975	-59.5937	-59.7935	-59.7851	-59.5408	-59.0927	-58.4774	-57.7205	-56.8342	-55.8179	-54.6591	-53.3334	-51.8034	-50.016	-47.8992	-45.3581	-42.2736	-38.502	-33.8806	-28.2401	-21.4412	-13.4679	-4.61276	4.22083	10.8348	8.46412	-35.4742	-62.5734	-73.3198	-77.45	-79.0232	-79.6199	-79.8458	-79.9313	-79.9636	-79.9757	-79.9799
1.98	-59.6737	-59.8733	-59.8675	-59.6283	-59.1872	-58.5805	-57.834	-56.96	-55.9585	-54.8178	-53.5146	-52.0131	-50.2621	-48.1922	-45.7117	-42.7044	-39.0297	-34.5268	-29.0259	-22.3801	-14.5491	-5.77358	3.13023	10.1198	8.9628	-30.1262	-60.423	-72.487	-77.1282	-78.8992	-79.5724	-79.8277	-79.9244	-79.961	-79.9747	-79.9794
1.985	-59.7531	-59.9525	-59.9492	-59.7149	-59.2806	-58.6824	-57.946	-57.0841	-56.0971	-54.974	-53.6926	-52.2187	-50.503	-48.4786	-46.0566	-43.1242	-39.5437	-35.1565	-29.7928	-23.2995	-15.6156	-6.93595	2.00305	9.31358	9.3827	-23.3224	-57.7901	-71.5053	-76.7581	-78.7586	-79.5188	-79.8073	-79.9166	-79.958	-79.9735	-79.9788
1.99	-59.8319	-60.0309	-60.0301	-59.8006	-59.3731	-58.7832	-58.0567	-57.2066	-56.2336	-55.1277	-53.8676	-52.4204	-50.7389	-48.7584	-46.3932	-43.5334	-40.0445	-35.7702	-30.541	-24.1993	-16.6659	-8.09328	0.862535	8.49423	9.96187	-15.0157	-54.5538	-70.325	-76.3232	-78.5962	-79.4576	-79.7841	-79.9078	-79.9546	-79.9721	-79.9782
1.995	-59.91	-60.1087	-60.1103	-59.8855	-59.4645	-58.8828	-58.166	-57.3274	-56.3683	-55.279	-54.0396	-52.6183	-50.9699	-49.032	-46.7217	-43.9323	-40.5324	-36.3681	-31.271	-25.0793	-17.6983	-9.23995	-0.276386	7.69129	10.6841	-6.21344	-50.7974	-68.9362	-75.813	-78.4074	-79.3872	-79.7576	-79.8978	-79.9508	-79.9706	-79.9774
2	-59.9875	-60.1858	-60.1898	-59.9696	-59.5551	-58.9813	-58.274	-57.4467	-56.501	-55.428	-54.2087	-52.8126	-51.1962	-49.2995	-47.0423	-44.3212	-41.0078	-36.9508	-31.9829	-25.9394	-18.7116	-10.3728	-1.41089	6.87896	11.2861	1.0593	-46.8531	-67.3946	-75.2326	-78.1908	-79.3063	-79.7273	-79.8864	-79.9465	-79.9689	-79.9766
2.005	-60.0644	-60.2623	-60.2685	-60.0529	-59.6447	-59.0787	-58.3808	-57.5644	-56.6319	-55.5748	-54.3749	-53.0033	-51.4179	-49.5611	-47.3554	-44.7004	-41.471	-37.5184	-32.6769	-26.7796	-19.7052	-11.4914	-2.54739	6.00647	11.4948	5.53349	-42.9729	-65.7701	-74.5972	-77.9483	-79.2147	-79.6928	-79.8734	-79.9415	-79.9669	-79.9756
2.01	-60.1406	-60.3381	-60.3466	-60.1354	-59.7333	-59.1751	-58.4862	-57.6807	-56.7609	-55.7193	-54.5385	-53.1905	-51.6352	-49.817	-47.6611	-45.0702	-41.9222	-38.0715	-33.3536	-27.6001	-20.679	-12.5965	-3.69261	5.04598	11.2613	7.68516	-39.005	-64.0602	-73.9121	-77.6816	-79.1125	-79.654	-79.8587	-79.9359	-79.9647	-79.9746
2.015	-60.2162	-60.4133	-60.4239	-60.2171	-59.8211	-59.2704	-58.5905	-57.7955	-56.8883	-55.8617	-54.6993	-53.3744	-51.8482	-50.0674	-47.9597	-45.4308	-42.362	-38.6102	-34.0131	-28.4011	-21.6333	-13.6884	-4.84788	4.00375	10.7021	8.59099	-34.4877	-62.168	-73.1602	-77.3878	-78.9991	-79.6106	-79.8421	-79.9296	-79.9622	-79.9734
2.02	-60.2913	-60.4879	-60.5006	-60.2981	-59.908	-59.3646	-58.6935	-57.9089	-57.0139	-56.002	-54.8576	-53.555	-52.0571	-50.3124	-48.2514	-45.7826	-42.7906	-39.1351	-34.6559	-29.183	-22.5682	-14.7667	-6.00954	2.90361	9.96031	9.04289	-28.8761	-59.9338	-72.3018	-77.0575	-78.8721	-79.5619	-79.8236	-79.9225	-79.9594	-79.972
2.025	-60.3657	-60.5619	-60.5767	-60.3783	-59.994	-59.4579	-58.7954	-58.0208	-57.1378	-56.1403	-55.0134	-53.7325	-52.262	-50.5523	-48.5364	-46.1259	-43.2082	-39.6465	-35.2823	-29.9461	-23.4837	-15.8301	-7.17141	1.77205	9.14655	9.48343	-21.7475	-57.1842	-71.2832	-76.6756	-78.7275	-79.5069	-79.8026	-79.9145	-79.9562	-79.9704
2.03	-60.4396	-60.6352	-60.652	-60.4577	-60.0792	-59.5502	-58.8961	-58.1314	-57.2601	-56.2766	-55.1667	-53.9069	-52.4629	-50.7872	-48.8149	-46.4608	-43.6153	-40.1446	-35.8928	-30.6907	-24.3795	-16.8769	-8.32696	0.63101	8.32996	10.102	-13.2147	-53.8265	-70.0594	-76.2258	-78.5601	-79.444	-79.7788	-79.9054	-79.9526	-79.9687
2.035	-60.5129	-60.708	-60.7268	-60.5365	-60.1635	-59.6415	-58.9956	-58.2407	-57.3808	-56.4109	-55.3176	-54.0783	-52.6601	-51.0172	-49.0873	-46.7876	-44.0122	-40.63	-36.4876	-31.4169	-25.2555	-17.9055	-9.47099	-0.506836	7.52876	10.8265	-4.5495	-50.0006	-68.6333	-75.7004	-78.3656	-79.3715	-79.7515	-79.895	-79.9486	-79.9667
2.04	-60.5856	-60.7802	-60.8009	-60.6145	-60.2471	-59.7318	-59.0941	-58.3486	-57.4999	-56.5434	-55.4662	-54.2469	-52.8537	-51.2426	-49.3535	-47.1067	-44.3991	-41.1028	-37.0672	-32.1252	-26.1115	-18.9148	-10.6009	-1.64108	6.70816	11.3652	2.19784	-46.0601	-67.0706	-75.1077	-78.1435	-79.2884	-79.7204	-79.8832	-79.9439	-79.9645
2.045	-60.6577	-60.8519	-60.8743	-60.6917	-60.3298	-59.8212	-59.1915	-58.4553	-57.6175	-56.674	-55.6126	-54.4126	-53.0437	-51.4634	-49.614	-47.4183	-44.7763	-41.5635	-37.6319	-32.8157	-26.9477	-19.9044	-11.7167	-2.77894	5.81885	11.4805	6.12161	-42.188	-65.4323	-74.4624	-77.8961	-79.1947	-79.685	-79.8698	-79.9387	-79.9619
2.05	-60.7293	-60.9229	-60.9472	-60.7683	-60.4117	-59.9097	-59.2878	-58.5607	-57.7336	-56.8029	-55.7568	-54.5756	-53.2303	-51.6799	-49.8688	-47.7225	-45.1442	-42.0125	-38.182	-33.4888	-27.7642	-20.8742	-12.8191	-3.92628	4.84044	11.1691	7.93746	-38.1516	-63.6959	-73.766	-77.6243	-79.0903	-79.6452	-79.8547	-79.9327	-79.959
2.055	-60.8004	-60.9934	-61.0194	-60.8443	-60.4928	-59.9973	-59.383	-58.6649	-57.8483	-56.9299	-55.8988	-54.736	-53.4135	-51.892	-50.118	-48.0197	-45.5031	-42.4499	-38.7179	-34.1449	-28.5614	-21.8246	-13.9083	-5.08325	3.7843	10.5621	8.70038	-33.456	-61.7486	-72.9964	-77.3241	-78.9743	-79.6008	-79.8376	-79.9259	-79.9558
2.06	-60.8709	-61.0634	-61.091	-60.9195	-60.5731	-60.084	-59.4772	-58.7679	-57.9615	-57.0553	-56.0388	-54.8938	-53.5935	-52.1001	-50.362	-48.31	-45.8531	-42.8762	-39.24	-34.7844	-29.3394	-22.7556	-14.9838	-6.24548	2.67574	9.79806	9.12327	-27.5622	-59.4233	-72.11	-76.9847	-78.8442	-79.5509	-79.8185	-79.9184	-79.9521
2.065	-60.9409	-61.1328	-61.1621	-60.9941	-60.6527	-60.1698	-59.5704	-58.8697	-58.0734	-57.179	-56.1767	-55.0491	-53.7704	-52.3042	-50.6009	-48.5937	-46.1946	-43.2917	-39.7486	-35.4075	-30.0987	-23.667	-16.0439	-7.40658	1.54071	8.97958	9.59232	-20.111	-56.5527	-71.0526	-76.5903	-78.6954	-79.4944	-79.7969	-79.9098	-79.9479
2.07	-61.0104	-61.2016	-61.2325	-61.068	-60.7316	-60.2548	-59.6626	-58.9703	-58.1838	-57.3011	-56.3127	-55.202	-53.9442	-52.5044	-50.8348	-48.871	-46.5279	-43.6967	-40.2442	-36.0148	-30.8395	-24.5588	-17.0872	-8.56014	0.399684	8.16652	10.2474	-11.4046	-53.0791	-69.7853	-76.1253	-78.5227	-79.4296	-79.7723	-79.9001	-79.9432
2.075	-61.0793	-61.27	-61.3024	-61.1413	-60.8097	-60.3389	-59.7539	-59.0698	-58.293	-57.4216	-56.4468	-55.3525	-54.1151	-52.7009	-51.0639	-49.1421	-46.8531	-44.0915	-40.7269	-36.6065	-31.5621	-25.4308	-18.1119	-9.70143	-0.737088	7.3655	10.961	-2.96924	-49.1999	-68.3249	-75.5851	-78.3225	-79.3549	-79.7441	-79.889	-79.9379
2.08	-61.1477	-61.3378	-61.3717	-61.2139	-60.8871	-60.4222	-59.8441	-59.1682	-58.4008	-57.5405	-56.5789	-55.5007	-54.2831	-52.8937	-51.2883	-49.4071	-47.1707	-44.4765	-41.1973	-37.183	-32.2667	-26.2828	-19.1172	-10.8284	-1.8714	6.53443	11.4259	3.21402	-45.2715	-66.7438	-74.9807	-78.095	-79.2696	-79.7119	-79.8764	-79.9318
2.085	-61.2157	-61.4051	-61.4405	-61.2859	-60.9637	-60.5047	-59.9335	-59.2655	-58.5074	-57.6579	-56.7093	-55.6467	-54.4483	-53.083	-51.5083	-49.6664	-47.4807	-44.8518	-41.6556	-37.7447	-32.9537	-27.115	-20.1028	-11.9414	-3.01088	5.62748	11.4482	6.62259	-41.3972	-65.0908	-74.3256	-77.8427	-79.1736	-79.6754	-79.8621	-79.9249
2.09	-61.2831	-61.4719	-61.5087	-61.3573	-61.0397	-60.5864	-60.0219	-59.3618	-58.6127	-57.7739	-56.8378	-55.7905	-54.6108	-53.2689	-51.7239	-49.9201	-47.7835	-45.2178	-42.1022	-38.2919	-33.6233	-27.9275	-21.0686	-13.0412	-4.16033	4.63168	11.0648	8.14793	-37.2713	-63.3231	-73.6169	-77.5657	-79.0669	-79.6345	-79.8459	-79.9171
2.095	-61.35	-61.5382	-61.5764	-61.4282	-61.115	-60.6673	-60.1094	-59.4569	-58.7168	-57.8883	-56.9646	-55.9322	-54.7707	-53.4515	-51.9352	-50.1683	-48.0793	-45.5749	-42.5374	-38.825	-34.276	-28.7208	-22.0151	-14.1277	-5.31882	3.56272	10.4158	8.79687	-32.3747	-61.3137	-72.8277	-77.2585	-78.9482	-79.5887	-79.8278	-79.9083
2.1	-61.4165	-61.604	-61.6435	-61.4984	-61.1897	-60.7474	-60.1961	-59.5511	-58.8196	-58.0014	-57.0897	-56.0718	-54.928	-53.6309	-52.1425	-50.4112	-48.3682	-45.9231	-42.9615	-39.3443	-34.9121	-29.495	-22.9421	-15.2001	-6.48136	2.44681	9.63372	9.20628	-26.1825	-58.89	-71.911	-76.9093	-78.8146	-79.5374	-79.8074	-79.8984
2.105	-61.4824	-61.6692	-61.7101	-61.568	-61.2636	-60.8268	-60.2818	-59.6443	-58.9213	-58.1131	-57.2132	-56.2094	-55.0829	-53.8072	-52.3458	-50.6491	-48.6506	-46.263	-43.3748	-39.8503	-35.532	-30.2505	-23.8496	-16.257	-7.64141	1.30918	8.81304	9.70978	-18.4184	-55.8954	-70.813	-76.5016	-78.6612	-79.479	-79.7843	-79.8872
2.11	-61.5479	-61.7341	-61.7762	-61.637	-61.3369	-60.9054	-60.3667	-59.7364	-59.0219	-58.2234	-57.335	-56.345	-55.2353	-53.9804	-52.5452	-50.882	-48.9266	-46.5946	-43.7777	-40.3432	-36.1361	-30.9876	-24.7373	-17.2966	-8.79278	0.168599	8.0038	10.3959	-9.60327	-52.3142	-69.5028	-76.0212	-78.483	-79.4118	-79.7579	-79.8745
2.115	-61.6129	-61.7984	-61.8418	-61.7055	-61.4096	-60.9833	-60.4508	-59.8276	-59.1213	-58.3324	-57.4553	-56.4787	-55.3854	-54.1507	-52.7409	-51.1101	-49.1965	-46.9183	-44.1705	-40.8234	-36.7247	-31.7065	-25.6053	-18.3175	-9.93124	-0.967196	7.20103	11.0848	-1.48779	-48.3982	-68.0114	-75.4666	-78.277	-79.3346	-79.7278	-79.86
2.12	-61.6775	-61.8622	-61.9068	-61.7733	-61.4816	-61.0605	-60.534	-59.9179	-59.2196	-58.4401	-57.574	-56.6105	-55.5331	-54.3182	-52.9331	-51.3337	-49.4604	-47.2343	-44.5534	-41.2913	-37.2982	-32.4075	-26.4532	-19.3187	-11.0553	-2.10193	6.35747	11.4675	4.11106	-44.4867	-66.4143	-74.8511	-78.0441	-79.2466	-79.6934	-79.8435
2.125	-61.7416	-61.9256	-61.9714	-61.8407	-61.553	-61.1369	-60.6164	-60.0072	-59.3168	-58.5465	-57.6911	-56.7406	-55.6787	-54.4828	-53.1217	-51.5527	-49.7185	-47.5428	-44.9269	-41.7472	-37.8569	-33.0909	-27.2814	-20.3003	-12.1656	-3.24322	5.43238	11.399	7.04647	-40.5966	-64.7446	-74.186	-77.7867	-79.1479	-79.6545	-79.8248
2.13	-61.8052	-61.9886	-62.0354	-61.9075	-61.6237	-61.2127	-60.6981	-60.0955	-59.413	-58.6516	-57.8069	-56.8688	-55.8221	-54.6448	-53.3069	-51.7674	-49.971	-47.8442	-45.291	-42.1914	-38.4012	-33.7571	-28.09	-21.2622	-13.2627	-4.39475	4.41991	10.9497	8.32387	-36.3593	-62.9403	-73.4639	-77.504	-79.0383	-79.611	-79.8037
2.135	-61.8684	-62.051	-62.099	-61.9737	-61.6939	-61.2877	-60.7789	-60.183	-59.5081	-58.7556	-57.9211	-56.9953	-55.9634	-54.8042	-53.4889	-51.9779	-50.2182	-48.1385	-45.6463	-42.6243	-38.9315	-34.4064	-28.8794	-22.2047	-14.3464	-5.55454	3.33925	10.2641	8.88452	-31.2394	-60.8614	-72.653	-77.1892	-78.9162	-79.5622	-79.78
2.14	-61.9311	-62.1131	-62.1621	-62.0395	-61.7635	-61.3621	-60.8589	-60.2696	-59.6022	-58.8583	-58.034	-57.1201	-56.1026	-54.961	-53.6676	-52.1844	-50.4601	-48.4261	-45.9928	-43.0462	-39.448	-35.0392	-29.6498	-23.1278	-15.4159	-6.71711	2.21705	9.46796	9.29396	-24.7355	-58.3325	-71.7037	-76.8292	-78.7781	-79.5073	-79.7532
2.145	-61.9934	-62.1746	-62.2247	-62.1046	-61.8324	-61.4358	-60.9382	-60.3553	-59.6953	-58.9599	-58.1454	-57.2433	-56.2398	-55.1154	-53.8433	-52.3869	-50.6969	-48.7072	-46.331	-43.4574	-39.9513	-35.6559	-30.4015	-24.0313	-16.4694	-7.87585	1.0776	8.64718	9.83577	-16.6775	-55.2126	-70.5635	-76.4073	-78.6191	-79.4448	-79.723
2.15	-62.0553	-62.2358	-62.2869	-62.1693	-61.9008	-61.5089	-61.0168	-60.4402	-59.7874	-59.0603	-58.2555	-57.3649	-56.3751	-55.2674	-54.0159	-52.5856	-50.9288	-48.982	-46.6609	-43.8582	-40.4416	-36.2568	-31.1349	-24.915	-17.5052	-9.02486	-0.0622186	7.84153	10.5452	-7.82951	-51.5346	-69.2116	-75.9109	-78.4343	-79.3729	-79.6885
2.155	-62.1167	-62.2965	-62.3485	-62.2335	-61.9686	-61.5813	-61.0946	-60.5242	-59.8785	-59.1596	-58.3643	-57.4848	-56.5084	-55.417	-54.1856	-52.7806	-51.156	-49.2506	-46.9831	-44.249	-40.9193	-36.8423	-31.8502	-25.7789	-18.5222	-10.1604	-1.19722	7.03489	11.1954	-0.116552	-47.5973	-67.6924	-75.3422	-78.2215	-79.2903	-79.649
2.16	-62.1777	-62.3568	-62.4098	-62.2971	-62.0359	-61.6531	-61.1717	-60.6074	-59.9687	-59.2578	-58.4718	-57.6033	-56.6399	-55.5643	-54.3525	-52.972	-51.3786	-49.5133	-47.2975	-44.63	-41.3848	-37.4127	-32.5476	-26.6229	-19.5195	-11.2817	-2.33271	6.17707	11.49	4.89508	-43.7034	-66.0805	-74.7156	-77.9821	-79.1965	-79.6041
2.165	-62.2383	-62.4166	-62.4705	-62.3603	-62.1026	-61.7242	-61.248	-60.6898	-60.0579	-59.3549	-58.578	-57.7202	-56.7696	-55.7095	-54.5167	-53.1599	-51.5968	-49.7703	-47.6046	-45.0015	-41.8383	-37.9685	-33.2275	-27.447	-20.497	-12.3892	-3.47597	5.23365	11.334	7.40329	-39.7813	-64.3914	-74.0398	-77.7182	-79.0915	-79.5533
2.17	-62.2985	-62.476	-62.5309	-62.423	-62.1687	-61.7947	-61.3237	-60.7713	-60.1462	-59.4509	-58.683	-57.8357	-56.8975	-55.8524	-54.6781	-53.3445	-51.8106	-50.0217	-47.9045	-45.3639	-42.2802	-38.5099	-33.8902	-28.2517	-21.455	-13.4836	-4.62948	4.20536	10.8251	8.47199	-35.4097	-62.5442	-73.3022	-77.4279	-78.9748	-79.4964
2.175	-62.3582	-62.5351	-62.5907	-62.4851	-62.2343	-61.8646	-61.3987	-60.8521	-60.2336	-59.5459	-58.7868	-57.9497	-57.0237	-55.9933	-54.837	-53.5258	-52.0203	-50.2678	-48.1975	-45.7173	-42.7108	-39.0374	-34.5361	-29.0372	-22.3935	-14.5646	-5.79034	3.11412	10.1082	8.96714	-30.0447	-60.3881	-72.4669	-77.1032	-78.8445	-79.4325
2.18	-62.4176	-62.5937	-62.6502	-62.5468	-62.2994	-61.9339	-61.473	-60.9321	-60.3201	-59.6399	-58.8894	-58.0623	-57.1482	-56.1321	-54.9933	-53.7039	-52.226	-50.5086	-48.4837	-46.0621	-43.1305	-39.5512	-35.1656	-29.8038	-23.3126	-15.6309	-6.95267	1.98664	9.30145	9.38825	-23.2193	-57.7471	-71.4818	-76.7297	-78.6966	-79.3606
2.185	-62.4765	-62.6519	-62.7092	-62.6081	-62.3639	-62.0026	-61.5466	-61.0114	-60.4058	-59.7329	-58.9908	-58.1735	-57.2711	-56.269	-55.1472	-53.8789	-52.4277	-50.7445	-48.7635	-46.3986	-43.5396	-40.0518	-35.779	-30.5518	-24.2121	-16.681	-8.10986	0.846092	8.48228	9.97015	-14.8963	-54.5022	-70.2974	-76.2907	-78.526	-79.2786
2.19	-62.5351	-62.7097	-62.7678	-62.6688	-62.4279	-62.0708	-61.6196	-61.0899	-60.4906	-59.8248	-59.091	-58.2834	-57.3924	-56.4039	-55.2987	-54.051	-52.6256	-50.9754	-49.037	-46.727	-43.9383	-40.5396	-36.3768	-31.2815	-25.0919	-17.7131	-9.25634	-0.292739	7.67952	10.6929	-6.1004	-50.74	-68.9046	-75.776	-78.3279	-79.1843
2.195	-62.5933	-62.7671	-62.826	-62.7291	-62.4915	-62.1383	-61.6919	-61.1676	-60.5746	-59.9159	-59.1902	-58.392	-57.5121	-56.5369	-55.4479	-54.2201	-52.8199	-51.2017	-49.3044	-47.0475	-44.3271	-41.0148	-36.9592	-31.9931	-25.9517	-18.7261	-10.389	-1.42719	6.86674	11.2911	1.13887	-46.7947	-67.3599	-75.1909	-78.1006	-79.0763
2.2	-62.651	-62.8241	-62.8837	-62.789	-62.5545	-62.2053	-61.7635	-61.2447	-60.6577	-60.0059	-59.2882	-58.4993	-57.6302	-56.668	-55.5948	-54.3865	-53.0106	-51.4234	-49.5659	-47.3604	-44.7061	-41.4777	-37.5266	-32.6869	-26.7916	-19.7193	-11.5074	-2.56376	5.99318	11.4937	5.57561	-42.9141	-65.7325	-74.5503	-77.8462	-78.9538
2.205	-62.7084	-62.8807	-62.9411	-62.8484	-62.617	-62.2717	-61.8346	-61.321	-60.74	-60.0951	-59.3852	-58.6053	-57.7469	-56.7973	-55.7395	-54.5501	-53.1978	-51.6406	-49.8218	-47.666	-45.0758	-41.9289	-38.0795	-33.3633	-27.6118	-20.6929	-12.6122	-3.7091	5.03152	11.2549	7.70378	-38.9402	-64.0186	-73.8593	-77.5659	-78.8166
2.21	-62.7654	-62.9369	-62.998	-62.9073	-62.679	-62.3376	-61.905	-61.3966	-60.8215	-60.1833	-59.481	-58.7101	-57.8621	-56.9249	-55.882	-54.711	-53.3817	-51.8536	-50.0721	-47.9645	-45.4363	-42.3685	-38.618	-34.0226	-28.4126	-21.6469	-13.704	-4.86446	3.98836	10.6925	8.59963	-34.4088	-62.1199	-73.1003	-77.2567	-78.6639
2.215	-62.8221	-62.9928	-63.0545	-62.9659	-62.7405	-62.4029	-61.9748	-61.4715	-60.9022	-60.2706	-59.5759	-58.8136	-57.9758	-57.0508	-56.0225	-54.8694	-53.5624	-52.0625	-50.3171	-48.2561	-45.788	-42.7968	-39.1427	-34.6651	-29.1942	-22.5815	-14.7821	-6.02614	2.88768	9.9492	9.04984	-28.7748	-59.876	-72.2331	-76.9088	-78.493
2.22	-62.8783	-63.0483	-63.1107	-63.0239	-62.8015	-62.4677	-62.044	-61.5458	-60.9822	-60.357	-59.6697	-58.916	-58.0882	-57.175	-56.1609	-55.0252	-53.7399	-52.2673	-50.5569	-48.541	-46.1311	-43.2143	-39.6539	-35.2913	-29.957	-23.4967	-15.8452	-7.18793	1.75593	9.13527	9.49306	-21.6196	-57.1138	-71.2041	-76.507	-78.2986
2.225	-62.9342	-63.1034	-63.1664	-63.0816	-62.8621	-62.5319	-62.1126	-61.6194	-61.0614	-60.4426	-59.7626	-59.0172	-58.1992	-57.2976	-56.2974	-55.1786	-53.9143	-52.4683	-50.7918	-48.8195	-46.4659	-43.6213	-40.1518	-35.9016	-30.7013	-24.3922	-16.8918	-8.34333	0.61495	8.31916	10.1152	-13.0692	-53.7425	-69.9681	-76.0343	-78.0743
2.23	-62.9897	-63.1581	-63.2218	-63.1388	-62.9222	-62.5957	-62.1806	-61.6923	-61.1398	-60.5273	-59.8544	-59.1173	-58.3088	-57.4185	-56.4319	-55.3296	-54.0858	-52.6655	-51.0218	-49.0918	-46.7926	-44.018	-40.637	-36.4962	-31.4273	-25.2679	-17.9201	-9.48714	-0.522747	7.51822	10.8399	-4.41666	-49.9064	-68.529	-75.4829	-77.8145
2.235	-63.0449	-63.2125	-63.2768	-63.1956	-62.9818	-62.6589	-62.2481	-61.7645	-61.2176	-60.6112	-59.9453	-59.2163	-58.4172	-57.5379	-56.5645	-55.4783	-54.2544	-52.859	-51.2471	-49.358	-47.1116	-44.4048	-41.1097	-37.0755	-32.1352	-26.1237	-18.9291	-10.6169	-1.65693	6.69704	11.3736	2.28927	-45.9592	-66.9527	-74.8606	-77.5176
2.24	-63.0996	-63.2666	-63.3314	-63.2521	-63.041	-62.7216	-62.3149	-61.8362	-61.2945	-60.6942	-60.0353	-59.3141	-58.5242	-57.6558	-56.6953	-55.6248	-54.4201	-53.049	-51.4679	-49.6183	-47.423	-44.7819	-41.5702	-37.64	-32.8255	-26.9596	-19.9184	-11.7324	-2.79487	5.80653	11.482	6.17277	-42.0769	-65.2986	-74.1817	-77.1852
2.245	-63.1541	-63.3202	-63.3856	-63.3081	-63.0997	-62.7838	-62.3812	-61.9071	-61.3708	-60.7765	-60.1243	-59.4109	-58.63	-57.7722	-56.8243	-55.7691	-54.5832	-53.2355	-51.6842	-49.873	-47.7272	-45.1496	-42.019	-38.1899	-33.4984	-27.7758	-20.8879	-12.8346	-3.94234	4.82688	11.1653	7.96649	-38.0188	-63.542	-73.4467	-76.8181
2.25	-63.2082	-63.3735	-63.4394	-63.3637	-63.158	-62.8455	-62.447	-61.9775	-61.4464	-60.8579	-60.2124	-59.5066	-58.7346	-57.8871	-56.9515	-55.9112	-54.7436	-53.4188	-51.8964	-50.1223	-48.0242	-45.5083	-42.4563	-38.7256	-34.1542	-28.5726	-21.838	-13.9236	-5.09939	3.76991	10.5556	8.72321	-33.2852	-61.5676	-72.6326	-76.4113
2.255	-63.2619	-63.4265	-63.4929	-63.4188	-63.2159	-62.9067	-62.5122	-62.0473	-61.5213	-60.9386	-60.2996	-59.6013	-58.8379	-58.0006	-57.0771	-56.0512	-54.9014	-53.5988	-52.1044	-50.3662	-48.3145	-45.8583	-42.8824	-39.2475	-34.7934	-29.3504	-22.7687	-14.9988	-6.26159	2.66103	9.79122	9.15021	-27.3363	-59.2064	-71.6945	-75.9516
2.26	-63.3153	-63.4791	-63.5461	-63.4737	-63.2733	-62.9675	-62.5769	-62.1164	-61.5954	-61.0185	-60.3859	-59.695	-58.9401	-58.1127	-57.201	-56.1893	-55.0568	-53.7756	-52.3085	-50.605	-48.5981	-46.1996	-43.2977	-39.7559	-35.4164	-30.1094	-23.6798	-16.0587	-7.42252	1.52618	8.97417	9.62922	-19.8219	-56.2909	-70.5765	-75.4196
2.265	-63.3684	-63.5314	-63.5988	-63.5281	-63.3303	-63.0278	-62.641	-62.185	-61.669	-61.0976	-60.4714	-59.7877	-59.0411	-58.2234	-57.3232	-56.3253	-55.2097	-53.9495	-52.5086	-50.8388	-48.8753	-46.5328	-43.7026	-40.2513	-36.0234	-30.85	-24.5713	-17.1017	-8.5758	0.385667	8.16324	10.2939	-11.077	-52.7673	-69.2389	-74.795
2.27	-63.4211	-63.5834	-63.6512	-63.5821	-63.3868	-63.0876	-62.7046	-62.2529	-61.7418	-61.1759	-60.556	-59.8794	-59.141	-58.3328	-57.4439	-56.4595	-55.3602	-54.1203	-52.7051	-51.0679	-49.1463	-46.858	-44.0973	-40.7339	-36.6149	-31.5723	-25.443	-18.1261	-9.71675	-0.750593	7.36336	11.0084	-2.67114	-48.8394	-67.6982	-74.0694
2.275	-63.4735	-63.635	-63.7033	-63.6358	-63.443	-63.1469	-62.7677	-62.3203	-61.814	-61.2536	-60.6397	-59.9701	-59.2398	-58.4409	-57.5629	-56.5917	-55.5085	-54.2883	-52.8979	-51.2923	-49.4113	-47.1754	-44.482	-41.204	-37.1912	-32.2766	-26.2947	-19.1311	-10.8434	-1.8847	6.53149	11.4637	3.43003	-44.8574	-66.0247	-73.2525
2.28	-63.5255	-63.6862	-63.755	-63.6891	-63.4987	-63.2058	-62.8303	-62.3871	-61.8856	-61.3305	-60.7227	-60.0599	-59.3374	-58.5477	-57.6805	-56.7221	-55.6545	-54.4536	-53.0872	-51.5121	-49.6705	-47.4853	-44.8572	-41.6622	-37.7527	-32.9633	-27.1266	-20.1163	-11.9562	-3.02428	5.6226	11.4742	6.76975	-40.9006	-64.2609	-72.357
2.285	-63.5772	-63.7372	-63.8064	-63.742	-63.554	-63.2642	-62.8924	-62.4534	-61.9566	-61.4067	-60.8048	-60.1488	-59.434	-58.6533	-57.7966	-56.8508	-55.7983	-54.6161	-53.273	-51.7277	-49.924	-47.788	-45.2231	-42.1086	-38.2996	-33.6327	-27.9389	-21.0819	-13.0557	-4.17392	4.62512	11.0837	8.26939	-36.6377	-62.3548	-71.3772
2.29	-63.6286	-63.7878	-63.8575	-63.7945	-63.609	-63.3222	-62.954	-62.5191	-62.0269	-61.4822	-60.8861	-60.2368	-59.5296	-58.7576	-57.9113	-56.9777	-55.94	-54.776	-53.4556	-51.939	-50.1722	-48.0837	-45.58	-42.5436	-38.8325	-34.2852	-28.7318	-22.028	-14.142	-5.33242	3.55568	10.4345	8.93127	-31.529	-60.168	-70.2782
2.295	-63.6797	-63.8381	-63.9082	-63.8467	-63.6635	-63.3797	-63.0151	-62.5842	-62.0966	-61.557	-60.9667	-60.3238	-59.6241	-58.8608	-58.0245	-57.1029	-56.0797	-54.9333	-53.635	-52.1462	-50.4151	-48.3725	-45.9282	-42.9675	-39.3517	-34.9211	-29.5057	-22.9547	-15.2141	-6.49463	2.44087	9.65924	9.38305	-25.0451	-57.5163	-68.9989
2.3	-63.7304	-63.8881	-63.9585	-63.8985	-63.7176	-63.4368	-63.0757	-62.6488	-62.1657	-61.6311	-61.0465	-60.41	-59.7176	-58.9627	-58.1363	-57.2264	-56.2173	-55.0881	-53.8112	-52.3494	-50.6528	-48.6548	-46.2679	-43.3807	-39.8574	-35.5407	-30.261	-23.8619	-16.2706	-7.65392	1.30588	8.8507	9.9459	-16.9669	-54.2385	-67.4679
2.305	-63.7809	-63.9378	-64.0086	-63.95	-63.7714	-63.4935	-63.1358	-62.7129	-62.2342	-61.7046	-61.1255	-60.4953	-59.8101	-59.0635	-58.2468	-57.3484	-56.353	-55.2406	-53.9844	-52.5488	-50.8857	-48.9308	-46.5994	-43.7835	-40.3501	-36.1446	-30.9978	-24.7493	-17.3097	-8.8042	0.168754	8.05424	10.6793	-7.99813	-50.3349	-65.6409
2.31	-63.831	-63.9872	-64.0583	-64.0011	-63.8247	-63.5497	-63.1955	-62.7765	-62.3021	-61.7774	-61.2038	-60.5798	-59.9016	-59.1632	-58.3559	-57.4687	-56.4867	-55.3906	-54.1547	-52.7445	-51.1138	-49.2005	-46.923	-44.1761	-40.8302	-36.7329	-31.7164	-25.6168	-18.3299	-9.94153	-0.964307	7.25744	11.3672	-0.0654236	-46.069	-63.543
2.315	-63.8808	-64.0362	-64.1077	-64.0519	-63.8777	-63.6056	-63.2547	-62.8395	-62.3694	-61.8495	-61.2813	-60.6634	-59.9922	-59.2617	-58.4638	-57.5875	-56.6186	-55.5384	-54.3222	-52.9366	-51.3372	-49.4643	-47.2389	-44.5589	-41.2979	-37.3062	-32.4171	-26.4644	-19.3307	-11.0648	-2.09807	6.41077	11.7071	5.17499	-41.708	-61.2339
2.32	-63.9303	-64.085	-64.1568	-64.1023	-63.9303	-63.661	-63.3134	-62.902	-62.4362	-61.9211	-61.3581	-60.7463	-60.0818	-59.3592	-58.5704	-57.7048	-56.7487	-55.684	-54.4868	-53.1252	-51.5562	-49.7224	-47.5473	-44.9322	-41.7536	-37.8647	-33.1003	-27.2922	-20.3118	-12.1745	-3.23971	5.47907	11.5966	7.87972	-37.1135	-58.699
2.325	-63.9795	-64.1334	-64.2055	-64.1524	-63.9826	-63.716	-63.3717	-62.964	-62.5024	-61.9919	-61.4342	-60.8283	-60.1706	-59.4556	-58.6757	-57.8206	-56.877	-55.8274	-54.6488	-53.3104	-51.7709	-49.9748	-47.8485	-45.2962	-42.1977	-38.4088	-33.7661	-28.1005	-21.2733	-13.2712	-4.39156	4.46336	11.1364	9.15277	-31.7528	-55.79
2.33	-64.0284	-64.1815	-64.254	-64.2022	-64.0344	-63.7706	-63.4295	-63.0256	-62.5681	-62.0622	-61.5097	-60.9095	-60.2584	-59.5509	-58.7798	-57.9349	-57.0035	-55.9687	-54.8082	-53.4923	-51.9813	-50.2219	-48.1428	-45.6513	-42.6304	-38.9388	-34.4152	-28.8895	-22.2153	-14.3544	-5.55035	3.38711	10.4798	9.91138	-24.9757	-52.2432
2.335	-64.077	-64.2294	-64.3021	-64.2516	-64.0859	-63.8248	-63.4869	-63.0866	-62.6332	-62.1318	-61.5844	-60.9899	-60.3453	-59.6453	-58.8827	-58.0479	-57.1284	-56.1079	-54.965	-53.671	-52.1877	-50.4637	-48.4303	-45.9978	-43.0521	-39.4552	-35.0477	-29.6595	-23.1378	-15.4229	-6.70975	2.27864	9.75058	10.6697	-16.4071	-47.7521
2.34	-64.1254	-64.277	-64.35	-64.3007	-64.1371	-63.8786	-63.5439	-63.1472	-62.6977	-62.2009	-61.6584	-61.0696	-60.4313	-59.7386	-58.9844	-58.1594	-57.2516	-56.2452	-55.1193	-53.8466	-52.3902	-50.7005	-48.7113	-46.3358	-43.4632	-39.9583	-35.6641	-30.4109	-24.0406	-16.4747	-7.86306	1.16027	9.01644	11.5813	-6.69602	-42.1177
2.345	-64.1734	-64.3242	-64.3975	-64.3495	-64.1879	-63.932	-63.6004	-63.2072	-62.7618	-62.2693	-61.7318	-61.1485	-60.5165	-59.8309	-59.085	-58.2697	-57.3732	-56.3804	-55.2713	-54.0192	-52.5888	-50.9323	-48.986	-46.6656	-43.8638	-40.4484	-36.2647	-31.1438	-24.9236	-17.5085	-9.00561	0.0412777	8.27506	12.448	2.03788	-35.3336
2.35	-64.2211	-64.3712	-64.4447	-64.398	-64.2383	-63.9851	-63.6565	-63.2668	-62.8253	-62.3372	-61.8045	-61.2267	-60.6008	-59.9223	-59.1844	-58.3785	-57.4932	-56.5138	-55.4209	-54.1889	-52.7838	-51.1595	-49.2545	-46.9876	-44.2545	-40.9259	-36.8499	-31.8586	-25.7865	-18.5232	-10.1357	-1.08143	7.48011	12.9614	8.00025	-27.1725
2.355	-64.2685	-64.4179	-64.4917	-64.4461	-64.2884	-64.0377	-63.7122	-63.326	-62.8883	-62.4045	-61.8766	-61.3041	-60.6843	-60.0127	-59.2828	-58.4861	-57.6117	-56.6453	-55.5682	-54.3558	-52.9752	-51.382	-49.5171	-47.302	-44.6353	-41.3911	-37.4201	-32.5555	-26.6295	-19.5186	-11.2533	-2.21311	6.60314	13.0515	11.5793	-16.8265
2.36	-64.3157	-64.4643	-64.5383	-64.4939	-64.3382	-64.09	-63.7675	-63.3846	-62.9508	-62.4712	-61.948	-61.3808	-60.767	-60.1021	-59.38	-58.5925	-57.7287	-56.775	-55.7134	-54.5199	-53.163	-51.6001	-49.774	-47.6089	-45.0067	-41.8444	-37.9755	-33.2349	-27.4528	-20.4945	-12.3581	-3.35369	5.6541	12.8561	14.0525	-4.166
2.365	-64.3625	-64.5104	-64.5847	-64.5415	-64.3876	-64.1419	-63.8224	-63.4429	-63.0127	-62.5373	-62.0188	-61.4568	-60.8489	-60.1907	-59.4762	-58.6975	-57.8442	-56.903	-55.8563	-54.6814	-53.3476	-51.8139	-50.0254	-47.9087	-45.3689	-42.2861	-38.5167	-33.8972	-28.2566	-21.4509	-13.4492	-4.49918	4.65394	12.4885	15.9588	7.84657
2.37	-64.4091	-64.5563	-64.6308	-64.5887	-64.4367	-64.1935	-63.8768	-63.5006	-63.0742	-62.6029	-62.089	-61.5321	-60.9299	-60.2783	-59.5714	-58.8014	-57.9583	-57.0292	-55.9972	-54.8402	-53.5288	-52.0235	-50.2713	-48.2016	-45.7222	-42.7165	-39.0438	-34.5426	-29.0412	-22.3875	-14.5255	-5.64638	3.61066	11.9537	17.1153	15.4306
2.375	-64.4555	-64.6019	-64.6766	-64.6356	-64.4855	-64.2447	-63.9309	-63.558	-63.1352	-62.668	-62.1586	-61.6068	-61.0103	-60.3651	-59.6655	-58.9041	-58.071	-57.1537	-56.136	-54.9965	-53.7069	-52.2291	-50.5121	-48.4878	-46.0669	-43.136	-39.5574	-35.1716	-29.8068	-23.3044	-15.5865	-6.79373	2.52486	11.2405	17.4864	18.8337
2.38	-64.5015	-64.6472	-64.7221	-64.6822	-64.5339	-64.2955	-63.9845	-63.6148	-63.1957	-62.7325	-62.2276	-61.6807	-61.0898	-60.451	-59.7586	-59.0056	-58.1823	-57.2766	-56.2728	-55.1504	-53.8819	-52.4308	-50.7479	-48.7675	-46.4032	-43.5449	-40.0577	-35.7845	-30.5538	-24.2017	-16.6314	-7.9398	1.40024	10.3724	17.2916	20.0146
2.385	-64.5473	-64.6922	-64.7673	-64.7285	-64.582	-64.3459	-64.0378	-63.6713	-63.2557	-62.7965	-62.2959	-61.754	-61.1686	-60.536	-59.8508	-59.1059	-58.2922	-57.3979	-56.4077	-55.3019	-54.0539	-52.6287	-50.9788	-49.0409	-46.7314	-43.9434	-40.5451	-36.3817	-31.2824	-25.0794	-17.6599	-9.08253	0.244516	9.38778	16.7478	20.1896
2.39	-64.5928	-64.737	-64.8122	-64.7745	-64.6298	-64.3961	-64.0907	-63.7273	-63.3153	-62.8599	-62.3637	-61.8266	-61.2466	-60.6201	-59.942	-59.2052	-58.4008	-57.5176	-56.5407	-55.451	-54.223	-52.8229	-51.205	-49.3082	-47.0518	-44.332	-41.02	-36.9636	-31.9931	-25.9377	-18.6713	-10.2194	-0.933665	8.31958	15.9887	19.8792
2.395	-64.638	-64.7815	-64.8569	-64.8202	-64.6773	-64.4458	-64.1432	-63.783	-63.3744	-62.9229	-62.4309	-61.8986	-61.3239	-60.7035	-60.0322	-59.3033	-58.5082	-57.6358	-56.6719	-55.5979	-54.3893	-53.0135	-51.4266	-49.5696	-47.3646	-44.7109	-41.4826	-37.5305	-32.6862	-26.7767	-19.6651	-11.348	-2.12666	7.19111	15.0866	19.2933
2.4	-64.683	-64.8257	-64.9013	-64.8657	-64.7245	-64.4953	-64.1953	-63.8382	-63.433	-62.9853	-62.4976	-61.9699	-61.4005	-60.786	-60.1215	-59.4003	-58.6142	-57.7525	-56.8012	-55.7426	-54.5529	-53.2007	-51.6438	-49.8253	-47.6701	-45.0803	-41.9335	-38.0829	-33.3619	-27.5966	-20.6407	-12.4661	-3.3283	6.01807	14.0811	18.525
2.405	-64.7277	-64.8697	-64.9455	-64.9108	-64.7713	-64.5444	-64.2471	-63.893	-63.4912	-63.0472	-62.5637	-62.0406	-61.4764	-60.8678	-60.2098	-59.4963	-58.7191	-57.8677	-56.9288	-55.8851	-54.7138	-53.3846	-51.8567	-50.0756	-47.9685	-45.4406	-42.3728	-38.6211	-34.0208	-28.3974	-21.5976	-13.5717	-4.53369	4.81149	12.9962	17.6226
2.41	-64.7721	-64.9135	-64.9893	-64.9557	-64.8179	-64.5931	-64.2985	-63.9473	-63.5489	-63.1087	-62.6292	-62.1107	-61.5516	-60.9487	-60.2973	-59.5913	-58.8227	-57.9815	-57.0547	-56.0256	-54.8721	-53.5652	-52.0655	-50.3205	-48.2599	-45.7921	-42.8009	-39.1454	-34.6631	-29.1795	-22.5357	-14.6632	-5.73885	3.57963	11.8485	16.6159
2.415	-64.8163	-64.9569	-65.033	-65.0003	-64.8641	-64.6415	-64.3495	-64.0013	-63.6062	-63.1696	-62.6942	-62.1802	-61.6261	-61.0289	-60.3839	-59.6852	-58.9251	-58.0939	-57.1789	-56.164	-55.028	-53.7426	-52.2703	-50.5602	-48.5448	-46.1351	-43.2182	-39.6563	-35.2892	-29.9429	-23.4545	-15.7394	-6.94045	2.32908	10.6501	15.5254
2.42	-64.8602	-65.0002	-65.0763	-65.0446	-64.9101	-64.6896	-64.4002	-64.0549	-63.663	-63.2301	-62.7586	-62.2491	-61.7	-61.1083	-60.4696	-59.7781	-59.0264	-58.2049	-57.3014	-56.3004	-55.1813	-53.917	-52.4712	-50.795	-48.8231	-46.4697	-43.625	-40.154	-35.8993	-30.6881	-24.354	-16.7991	-8.13568	1.06529	9.41075	14.3666
2.425	-64.9039	-65.0431	-65.1194	-65.0886	-64.9557	-64.7374	-64.4505	-64.1081	-63.7194	-63.29	-62.8226	-62.3174	-61.7731	-61.1869	-60.5545	-59.8701	-59.1265	-58.3145	-57.4224	-56.4349	-55.3323	-54.0884	-52.6683	-51.0249	-49.0953	-46.7963	-44.0215	-40.639	-36.494	-31.4152	-25.234	-17.8413	-9.32214	-0.207061	8.13827	13.1516
2.43	-64.9473	-65.0858	-65.1623	-65.1324	-65.0011	-64.7849	-64.5004	-64.1609	-63.7754	-63.3495	-62.8859	-62.3851	-61.8457	-61.2648	-60.6385	-59.9611	-59.2255	-58.4229	-57.5418	-56.5675	-55.481	-54.257	-52.8618	-51.2501	-49.3614	-47.1152	-44.4081	-41.1116	-37.0736	-32.1245	-26.0946	-18.8655	-10.4977	-1.48392	6.83939	11.8902
2.435	-64.9905	-65.1283	-65.2048	-65.1759	-65.0461	-64.832	-64.55	-64.2133	-63.831	-63.4086	-62.9488	-62.4522	-61.9175	-61.342	-60.7217	-60.0511	-59.3235	-58.53	-57.6597	-56.6983	-55.6274	-54.4227	-53.0517	-51.4709	-49.6216	-47.4265	-44.785	-41.5721	-37.6383	-32.8163	-26.9358	-19.8709	-11.6606	-2.76173	5.51987	10.5906
2.44	-65.0334	-65.1706	-65.2472	-65.2191	-65.0909	-64.8788	-64.5993	-64.2654	-63.8861	-63.4672	-63.0112	-62.5188	-61.9888	-61.4185	-60.8041	-60.1402	-59.4203	-58.6358	-57.7761	-56.8273	-55.7717	-54.5857	-53.2382	-51.6872	-49.8762	-47.7305	-45.1527	-42.0208	-38.1886	-33.4909	-27.7578	-20.8571	-12.8092	-4.03732	4.18475	9.25967
2.445	-65.0761	-65.2125	-65.2893	-65.2621	-65.1354	-64.9253	-64.6482	-64.3171	-63.9409	-63.5253	-63.0731	-62.5848	-62.0594	-61.4943	-60.8856	-60.2284	-59.5161	-58.7404	-57.891	-56.9545	-55.9138	-54.7461	-53.4214	-51.8993	-50.1254	-48.0275	-45.5113	-42.4581	-38.7248	-34.1487	-28.5606	-21.8238	-13.9422	-5.30788	2.83853	7.90344
2.45	-65.1185	-65.2543	-65.3311	-65.3048	-65.1796	-64.9715	-64.6968	-64.3684	-63.9952	-63.583	-63.1344	-62.6502	-62.1294	-61.5693	-60.9664	-60.3157	-59.6108	-58.8438	-58.0045	-57.08	-56.0538	-54.9039	-53.6014	-52.1072	-50.3692	-48.3176	-45.8611	-42.8843	-39.2473	-34.79	-29.3445	-22.7706	-15.0585	-6.57088	1.48525	6.52722
2.455	-65.1607	-65.2958	-65.3727	-65.3473	-65.2235	-65.0174	-64.7451	-64.4193	-64.0491	-63.6402	-63.1953	-62.7152	-62.1988	-61.6437	-61.0465	-60.4021	-59.7046	-58.946	-58.1166	-57.2039	-56.1918	-55.0592	-53.7782	-52.3112	-50.6079	-48.6011	-46.2025	-43.2998	-39.7564	-35.4151	-30.1096	-23.6975	-16.1569	-7.82407	0.12858	5.13578
2.46	-65.2027	-65.3371	-65.4141	-65.3895	-65.2672	-65.063	-64.793	-64.4699	-64.1027	-63.697	-63.2557	-62.7795	-62.2675	-61.7174	-61.1257	-60.4877	-59.7973	-59.047	-58.2273	-57.3261	-56.3279	-55.2121	-53.952	-52.5113	-50.8417	-48.8782	-46.5356	-43.7048	-40.2525	-36.0245	-30.8563	-24.6044	-17.2368	-9.06543	-1.22811	3.7335
2.465	-65.2444	-65.3781	-65.4552	-65.4314	-65.3106	-65.1084	-64.8406	-64.5201	-64.1558	-63.7534	-63.3156	-62.8434	-62.3357	-61.7905	-61.2042	-60.5724	-59.889	-59.1469	-58.3367	-57.4468	-56.462	-55.3626	-54.1228	-52.7077	-51.0707	-49.1492	-46.8608	-44.0997	-40.7359	-36.6183	-31.5847	-25.4911	-18.2974	-10.2932	-2.58174	2.3244
2.47	-65.2859	-65.419	-65.4961	-65.4731	-65.3537	-65.1534	-64.8879	-64.57	-64.2086	-63.8093	-63.3751	-62.9067	-62.4034	-61.8629	-61.282	-60.6562	-59.9798	-59.2457	-58.4448	-57.5659	-56.5942	-55.5109	-54.2908	-52.9005	-51.295	-49.4141	-47.1782	-44.4847	-41.207	-37.197	-32.2953	-26.3579	-19.3381	-11.5056	-3.92945	0.912225
2.475	-65.3271	-65.4595	-65.5367	-65.5145	-65.3966	-65.1981	-64.9349	-64.6195	-64.261	-63.8648	-63.4341	-62.9695	-62.4704	-61.9347	-61.3591	-60.7393	-60.0697	-59.3434	-58.5517	-57.6834	-56.7246	-55.6568	-54.4559	-53.0897	-51.5148	-49.6733	-47.4882	-44.8602	-41.666	-37.761	-32.9882	-27.2047	-20.3585	-12.7014	-5.26862	-0.499546
2.48	-65.3682	-65.4999	-65.5771	-65.5558	-65.4391	-65.2425	-64.9815	-64.6687	-64.313	-63.9199	-63.4926	-63.0318	-62.5369	-62.0058	-61.4354	-60.8215	-60.1586	-59.44	-58.6572	-57.7995	-56.8532	-55.8006	-54.6184	-53.2755	-51.7303	-49.9268	-47.7909	-45.2263	-42.1133	-38.3105	-33.6639	-28.0317	-21.3583	-13.8793	-6.59684	-1.90765
2.485	-65.409	-65.54	-65.6173	-65.5967	-65.4815	-65.2867	-65.0279	-64.7176	-64.3646	-63.9746	-63.5506	-63.0936	-62.6028	-62.0763	-61.511	-60.9029	-60.2466	-59.5356	-58.7616	-57.9142	-56.9801	-55.9423	-54.7783	-53.458	-51.9416	-50.1749	-48.0866	-45.5836	-42.5493	-38.846	-34.3226	-28.8392	-22.3372	-15.0382	-7.9119	-3.30904
2.49	-65.4495	-65.58	-65.6573	-65.6374	-65.5235	-65.3306	-65.0739	-64.7661	-64.4159	-64.0289	-63.6083	-63.1549	-62.6681	-62.1462	-61.586	-60.9836	-60.3338	-59.6301	-58.8647	-58.0274	-57.1053	-56.0819	-54.9356	-53.6374	-52.1487	-50.4178	-48.3756	-45.9321	-42.9743	-39.3677	-34.9647	-29.6272	-23.295	-16.177	-9.2118	-4.70089
2.495	-65.4899	-65.6197	-65.697	-65.6779	-65.5653	-65.3741	-65.1196	-64.8142	-64.4667	-64.0828	-63.6655	-63.2157	-62.733	-62.2154	-61.6602	-61.0634	-60.42	-59.7237	-58.9667	-58.1392	-57.2288	-56.2195	-55.0904	-53.8136	-52.3519	-50.6556	-48.658	-46.2722	-43.3885	-39.8761	-35.5905	-30.3962	-24.2317	-17.2951	-10.4947	-6.08059
2.5	-65.53	-65.6591	-65.7365	-65.7182	-65.6069	-65.4175	-65.1651	-64.8621	-64.5173	-64.1363	-63.7222	-63.276	-62.7973	-62.2841	-61.7338	-61.1425	-60.5054	-59.8162	-59.0675	-58.2497	-57.3507	-56.3552	-55.2428	-53.9868	-52.5513	-50.8884	-48.934	-46.6041	-43.7924	-40.3715	-36.2004	-31.1463	-25.1473	-18.3918	-11.759	-7.44571
2.505	-65.5699	-65.6984	-65.7758	-65.7582	-65.6482	-65.4605	-65.2102	-64.9096	-64.5675	-64.1894	-63.7785	-63.3359	-62.861	-62.3522	-61.8068	-61.2209	-60.5899	-59.9078	-59.1672	-58.3588	-57.4711	-56.4889	-55.3928	-54.157	-52.747	-51.1165	-49.2039	-46.9281	-44.1861	-40.8542	-36.7947	-31.8778	-26.0417	-19.4665	-13.0032	-8.79408
2.51	-65.6096	-65.7374	-65.8149	-65.7979	-65.6893	-65.5033	-65.2551	-64.9568	-64.6173	-64.2421	-63.8344	-63.3953	-62.9242	-62.4197	-61.8791	-61.2986	-60.6736	-59.9984	-59.2657	-58.4667	-57.5899	-56.6208	-55.5406	-54.3244	-52.939	-51.34	-49.4678	-47.2444	-44.5701	-41.3246	-37.3739	-32.591	-26.9152	-20.5188	-14.2262	-10.1237
2.515	-65.6491	-65.7763	-65.8537	-65.8375	-65.7301	-65.5458	-65.2996	-65.0037	-64.6668	-64.2945	-63.8899	-63.4542	-62.987	-62.4867	-61.9507	-61.3755	-60.7565	-60.0881	-59.3632	-58.5732	-57.7071	-56.7508	-55.6861	-54.489	-53.1276	-51.559	-49.726	-47.5533	-44.9445	-41.7829	-37.9381	-33.2864	-27.7677	-21.5484	-15.4267	-11.4329
2.52	-65.6883	-65.8149	-65.8924	-65.8768	-65.7706	-65.588	-65.3439	-65.0503	-64.7159	-64.3464	-63.9449	-63.5126	-63.0492	-62.553	-62.0217	-61.4517	-60.8385	-60.1768	-59.4596	-58.6786	-57.8229	-56.8791	-55.8295	-54.651	-53.3128	-51.7737	-49.9786	-47.855	-45.3097	-42.2296	-38.4879	-33.9641	-28.5996	-22.555	-16.604	-12.72
2.525	-65.7274	-65.8533	-65.9308	-65.9159	-65.811	-65.63	-65.3878	-65.0965	-64.7647	-64.398	-63.9996	-63.5706	-63.1109	-62.6189	-62.0921	-61.5272	-60.9198	-60.2646	-59.555	-58.7826	-57.9373	-57.0056	-55.9708	-54.8103	-53.4947	-51.9842	-50.2259	-48.1497	-45.666	-42.665	-39.0236	-34.6245	-29.411	-23.5386	-17.7572	-13.9837
2.53	-65.7662	-65.8915	-65.969	-65.9548	-65.851	-65.6717	-65.4315	-65.1425	-64.8131	-64.4492	-64.0538	-63.6282	-63.1721	-62.6841	-62.1619	-61.602	-61.0003	-60.3516	-59.6493	-58.8856	-58.0502	-57.1305	-56.11	-54.9671	-53.6734	-52.1907	-50.4679	-48.4377	-46.0135	-43.0893	-39.5454	-35.2681	-30.2023	-24.4992	-18.8858	-15.223
2.535	-65.8048	-65.9295	-66.007	-65.9934	-65.8909	-65.7132	-65.475	-65.1881	-64.8613	-64.5001	-64.1077	-63.6853	-63.2329	-62.7489	-62.231	-61.6761	-61.08	-60.4376	-59.7427	-58.9873	-58.1617	-57.2537	-56.2472	-55.1215	-53.849	-52.3932	-50.7048	-48.7192	-46.3527	-43.5029	-40.0538	-35.895	-30.9736	-25.4366	-19.9893	-16.4369
2.54	-65.8432	-65.9673	-66.0448	-66.0319	-65.9305	-65.7544	-65.5181	-65.2335	-64.9091	-64.5506	-64.1611	-63.742	-63.2931	-62.8131	-62.2996	-61.7496	-61.159	-60.5229	-59.835	-59.0879	-58.2719	-57.3753	-56.3824	-55.2734	-54.0217	-52.5919	-50.9369	-48.9944	-46.6838	-43.9061	-40.5491	-36.5058	-31.7253	-26.3512	-21.0675	-17.6246
2.545	-65.8814	-66.0049	-66.0823	-66.0701	-65.9699	-65.7954	-65.561	-65.2785	-64.9565	-64.6007	-64.2142	-63.7983	-63.3529	-62.8767	-62.3676	-61.8224	-61.2372	-60.6072	-59.9264	-59.1873	-58.3808	-57.4953	-56.5158	-55.423	-54.1914	-52.7869	-51.1642	-49.2634	-47.007	-44.2992	-41.0316	-37.1008	-32.4578	-27.2429	-22.1201	-18.7857
2.55	-65.9194	-66.0422	-66.1197	-66.1081	-66.009	-65.8361	-65.6036	-65.3232	-65.0037	-64.6505	-64.2668	-63.8541	-63.4122	-62.9399	-62.435	-61.8945	-61.3147	-60.6907	-60.0168	-59.2857	-58.4884	-57.6138	-56.6473	-55.5703	-54.3582	-52.9783	-51.387	-49.5266	-47.3225	-44.6825	-41.5018	-37.6803	-33.1713	-28.1122	-23.1472	-19.9197
2.555	-65.9572	-66.0794	-66.1569	-66.1459	-66.0479	-65.8766	-65.6459	-65.3677	-65.0505	-64.6999	-64.3191	-63.9095	-63.471	-63.0025	-62.5018	-61.9661	-61.3915	-60.7734	-60.1063	-59.3829	-58.5947	-57.7307	-56.777	-55.7154	-54.5224	-53.1663	-51.6053	-49.784	-47.6306	-45.0563	-41.9599	-38.2447	-33.8663	-28.9592	-24.1487	-21.0264
2.56	-65.9948	-66.1164	-66.1939	-66.1834	-66.0866	-65.9168	-65.688	-65.4119	-65.097	-64.749	-64.371	-63.9645	-63.5294	-63.0646	-62.5681	-62.0369	-61.4675	-60.8554	-60.1948	-59.4791	-58.6998	-57.8462	-56.9049	-55.8584	-54.6838	-53.3509	-51.8193	-50.0359	-47.9316	-45.4209	-42.4062	-38.7944	-34.5431	-29.7842	-25.1249	-22.1058
2.565	-66.0322	-66.1532	-66.2306	-66.2208	-66.1251	-65.9568	-65.7298	-65.4558	-65.1432	-64.7977	-64.4226	-64.0191	-63.5874	-63.1263	-62.6338	-62.1072	-61.5429	-60.9365	-60.2825	-59.5743	-58.8036	-57.9603	-57.0311	-55.9993	-54.8427	-53.5322	-52.0292	-50.2824	-48.2256	-45.7765	-42.8411	-39.3297	-35.2021	-30.5876	-26.0758	-23.1578
2.57	-66.0694	-66.1898	-66.2672	-66.2579	-66.1634	-65.9965	-65.7713	-65.4994	-65.1891	-64.8462	-64.4737	-64.0733	-63.6449	-63.1874	-62.699	-62.1769	-61.6176	-61.0168	-60.3692	-59.6684	-58.9063	-58.0729	-57.1556	-56.1381	-54.999	-53.7104	-52.235	-50.5237	-48.5129	-46.1235	-43.2649	-39.851	-35.8437	-31.3699	-27.0019	-24.1827
2.575	-66.1064	-66.2262	-66.3036	-66.2949	-66.2014	-66.036	-65.8126	-65.5427	-65.2347	-64.8942	-64.5245	-64.1271	-63.7019	-63.2481	-62.7636	-62.2459	-61.6916	-61.0964	-60.4551	-59.7615	-59.0078	-58.1842	-57.2785	-56.2749	-55.1529	-53.8855	-52.4369	-50.76	-48.7937	-46.462	-43.678	-40.3587	-36.4683	-32.1313	-27.9033	-25.1806
2.58	-66.1433	-66.2624	-66.3398	-66.3317	-66.2392	-66.0753	-65.8536	-65.5857	-65.28	-64.942	-64.575	-64.1805	-63.7585	-63.3082	-62.8277	-62.3144	-61.7649	-61.1752	-60.5402	-59.8537	-59.1082	-58.2942	-57.3998	-56.4098	-55.3044	-54.0576	-52.6351	-50.9915	-49.0682	-46.7924	-44.0806	-40.8531	-37.0764	-32.8724	-28.7807	-26.1519
2.585	-66.1799	-66.2985	-66.3758	-66.3682	-66.2768	-66.1143	-65.8944	-65.6285	-65.325	-64.9894	-64.6251	-64.2335	-63.8147	-63.3679	-62.8913	-62.3823	-61.8376	-61.2533	-60.6244	-59.9449	-59.2074	-58.4028	-57.5195	-56.5428	-55.4536	-54.2268	-52.8295	-51.2182	-49.3366	-47.115	-44.473	-41.3346	-37.6682	-33.5935	-29.6343	-27.097
2.59	-66.2163	-66.3343	-66.4116	-66.4045	-66.3142	-66.1531	-65.935	-65.671	-65.3697	-65.0365	-64.6748	-64.2861	-63.8705	-63.4271	-62.9543	-62.4496	-61.9096	-61.3306	-60.7077	-60.0351	-59.3055	-58.5101	-57.6377	-56.674	-55.6005	-54.3932	-53.0204	-51.4403	-49.5992	-47.4299	-44.8556	-41.8035	-38.2442	-34.2951	-30.4646	-28.0163
2.595	-66.2525	-66.3699	-66.4472	-66.4407	-66.3514	-66.1917	-65.9752	-65.7133	-65.4141	-65.0833	-64.7242	-64.3383	-63.9258	-63.4859	-63.0169	-62.5163	-61.981	-61.4073	-60.7903	-60.1244	-59.4026	-58.6162	-57.7543	-56.8033	-55.7452	-54.5569	-53.2079	-51.6581	-49.856	-47.7374	-45.2287	-42.2602	-38.8048	-34.9776	-31.2722	-28.9103
2.6	-66.2886	-66.4054	-66.4826	-66.4767	-66.3883	-66.2301	-66.0153	-65.7552	-65.4582	-65.1298	-64.7733	-64.3902	-63.9808	-63.5442	-63.0789	-62.5824	-62.0518	-61.4832	-60.872	-60.2127	-59.4985	-58.721	-57.8696	-56.9309	-55.8878	-54.7179	-53.392	-51.8716	-50.1073	-48.0377	-45.5924	-42.7051	-39.3504	-35.6416	-32.0576	-29.7796
2.605	-66.3244	-66.4407	-66.5178	-66.5124	-66.4251	-66.2682	-66.0551	-65.7969	-65.5021	-65.176	-64.822	-64.4417	-64.0353	-63.6021	-63.1404	-62.6481	-62.1219	-61.5584	-60.953	-60.3002	-59.5935	-58.8246	-57.9833	-57.0568	-56.0283	-54.8764	-53.5728	-52.0809	-50.3532	-48.3311	-45.9472	-43.1384	-39.8815	-36.2874	-32.8212	-30.6246
2.61	-66.3601	-66.4758	-66.5529	-66.548	-66.4617	-66.3061	-66.0946	-65.8384	-65.5456	-65.2218	-64.8703	-64.4928	-64.0894	-63.6595	-63.2015	-62.7131	-62.1915	-61.6329	-61.0332	-60.3868	-59.6874	-58.927	-58.0957	-57.181	-56.1668	-55.0323	-53.7505	-52.2862	-50.594	-48.6178	-46.2933	-43.5606	-40.3983	-36.9157	-33.5637	-31.446
2.615	-66.3956	-66.5107	-66.5878	-66.5834	-66.498	-66.3438	-66.134	-65.8796	-65.5889	-65.2674	-64.9184	-64.5435	-64.1431	-63.7165	-63.2621	-62.7776	-62.2604	-61.7068	-61.1126	-60.4725	-59.7804	-59.0283	-58.2067	-57.3036	-56.3032	-55.1858	-53.9252	-52.4876	-50.8297	-48.8979	-46.631	-43.9719	-40.9014	-37.5267	-34.2854	-32.2444
2.62	-66.4309	-66.5455	-66.6225	-66.6185	-66.5341	-66.3813	-66.1731	-65.9205	-65.6319	-65.3126	-64.9661	-64.5939	-64.1965	-63.773	-63.3221	-62.8416	-62.3288	-61.78	-61.1913	-60.5574	-59.8723	-59.1284	-58.3164	-57.4245	-56.4378	-55.3369	-54.0968	-52.6853	-51.0606	-49.1718	-46.9605	-44.3726	-41.3911	-38.121	-34.9871	-33.0203
2.625	-66.466	-66.58	-66.657	-66.6535	-66.5701	-66.4185	-66.2119	-65.9612	-65.6746	-65.3576	-65.0135	-64.644	-64.2494	-63.8291	-63.3817	-62.9051	-62.3965	-61.8526	-61.2692	-60.6414	-59.9633	-59.2274	-58.4248	-57.5439	-56.5704	-55.4857	-54.2656	-52.8792	-51.2868	-49.4396	-47.2821	-44.7632	-41.8677	-38.699	-35.6692	-33.7743
2.63	-66.501	-66.6144	-66.6913	-66.6883	-66.6059	-66.4556	-66.2505	-66.0016	-65.717	-65.4022	-65.0605	-64.6937	-64.302	-63.8848	-63.4409	-62.9681	-62.4637	-61.9245	-61.3464	-60.7246	-60.0533	-59.3253	-58.5319	-57.6618	-56.7013	-55.6322	-54.4316	-53.0697	-51.5085	-49.7015	-47.5961	-45.1438	-42.3317	-39.2612	-36.3322	-34.507
2.635	-66.5358	-66.6486	-66.7254	-66.723	-66.6414	-66.4924	-66.2889	-66.0418	-65.7592	-65.4466	-65.1073	-64.743	-64.3541	-63.9401	-63.4996	-63.0305	-62.5303	-61.9957	-61.4229	-60.807	-60.1424	-59.4222	-58.6377	-57.7782	-56.8303	-55.7766	-54.5949	-53.2567	-51.7258	-49.9577	-47.9026	-45.5149	-42.7834	-39.808	-36.9766	-35.2189
2.64	-66.5703	-66.6827	-66.7594	-66.7574	-66.6768	-66.5291	-66.3271	-66.0818	-65.8011	-65.4907	-65.1537	-64.792	-64.4059	-63.995	-63.5578	-63.0925	-62.5964	-62.0664	-61.4987	-60.8886	-60.2306	-59.518	-58.7423	-57.8932	-56.9576	-55.9188	-54.7556	-53.4404	-51.9388	-50.2084	-48.202	-45.8767	-43.2232	-40.3399	-37.6031	-35.9107
2.645	-66.6048	-66.7165	-66.7932	-66.7917	-66.7119	-66.5655	-66.3651	-66.1215	-65.8428	-65.5345	-65.1998	-64.8407	-64.4574	-64.0494	-63.6156	-63.1539	-62.6619	-62.1364	-61.5738	-60.9694	-60.3179	-59.6127	-58.8457	-58.0067	-57.0832	-56.059	-54.9136	-53.6208	-52.1476	-50.4538	-48.4944	-46.2294	-43.6514	-40.8573	-38.212	-36.583
2.65	-66.639	-66.7503	-66.8269	-66.8258	-66.7469	-66.6017	-66.4028	-66.161	-65.8842	-65.578	-65.2457	-64.889	-64.5084	-64.1035	-63.6729	-63.2149	-62.7268	-62.2058	-61.6482	-61.0494	-60.4043	-59.7064	-58.9479	-58.1188	-57.2071	-56.1971	-55.0692	-53.7982	-52.3525	-50.694	-48.7801	-46.5735	-44.0685	-41.3606	-38.8039	-37.2361
2.655	-66.6731	-66.7838	-66.8603	-66.8597	-66.7817	-66.6377	-66.4403	-66.2002	-65.9253	-65.6212	-65.2912	-64.937	-64.5591	-64.1571	-63.7298	-63.2753	-62.7913	-62.2746	-61.7219	-61.1287	-60.4899	-59.7992	-59.0489	-58.2296	-57.3294	-56.3333	-55.2223	-53.9724	-52.5535	-50.9291	-49.0593	-46.9091	-44.4747	-41.8502	-39.3792	-37.8708
2.66	-66.707	-66.8171	-66.8936	-66.8934	-66.8163	-66.6735	-66.4776	-66.2392	-65.9662	-65.6641	-65.3364	-64.9846	-64.6095	-64.2104	-63.7863	-63.3353	-62.8552	-62.3429	-61.795	-61.2072	-60.5746	-59.8909	-59.1488	-58.339	-57.4501	-56.4675	-55.3731	-54.1437	-52.7507	-51.1595	-49.3322	-47.2365	-44.8703	-42.3265	-39.9385	-38.4875
2.665	-66.7407	-66.8503	-66.9267	-66.927	-66.8507	-66.7091	-66.5147	-66.2779	-66.0068	-65.7068	-65.3813	-65.032	-64.6594	-64.2633	-63.8423	-63.3948	-62.9185	-62.4105	-61.8674	-61.285	-60.6584	-59.9817	-59.2476	-58.4472	-57.5692	-56.5999	-55.5216	-54.3122	-52.9443	-51.3851	-49.599	-47.556	-45.2558	-42.79	-40.4823	-39.0867
2.67	-66.7743	-66.8834	-66.9597	-66.9603	-66.8849	-66.7445	-66.5516	-66.3165	-66.0472	-65.7492	-65.4259	-65.079	-64.7091	-64.3158	-63.8979	-63.4539	-62.9814	-62.4776	-61.9392	-61.3621	-60.7415	-60.0716	-59.3453	-58.554	-57.6869	-56.7304	-55.6678	-54.4778	-53.1343	-51.6062	-49.86	-47.8679	-45.6314	-43.241	-41.0109	-39.669
2.675	-66.8077	-66.9162	-66.9925	-66.9935	-66.919	-66.7798	-66.5882	-66.3548	-66.0873	-65.7914	-65.4702	-65.1257	-64.7584	-64.3679	-63.9531	-63.5125	-63.0437	-62.5441	-62.0103	-61.4384	-60.8237	-60.1605	-59.442	-58.6596	-57.803	-56.8592	-55.8119	-54.6408	-53.3209	-51.8229	-50.1152	-48.1724	-45.9975	-43.68	-41.5248	-40.2348
2.68	-66.8409	-66.949	-67.0251	-67.0266	-66.9529	-66.8148	-66.6246	-66.3928	-66.1272	-65.8333	-65.5143	-65.1721	-64.8073	-64.4196	-64.0079	-63.5706	-63.1056	-62.61	-62.0808	-61.5141	-60.9051	-60.2485	-59.5375	-58.764	-57.9177	-56.9862	-55.9538	-54.8011	-53.5042	-52.0354	-50.365	-48.4697	-46.3543	-44.1072	-42.0245	-40.7846
2.685	-66.874	-66.9815	-67.0576	-67.0594	-66.9865	-66.8496	-66.6609	-66.4307	-66.1669	-65.8749	-65.558	-65.2182	-64.8559	-64.471	-64.0623	-63.6283	-63.1669	-62.6754	-62.1507	-61.589	-60.9858	-60.3357	-59.6321	-58.8671	-58.031	-57.1115	-56.0937	-54.9588	-53.6843	-52.2437	-50.6094	-48.7601	-46.7021	-44.523	-42.5103	-41.3189
2.69	-66.9069	-67.0139	-67.0899	-67.0921	-67.0201	-66.8843	-66.6969	-66.4683	-66.2063	-65.9162	-65.6015	-65.2639	-64.9042	-64.522	-64.1163	-63.6856	-63.2278	-62.7403	-62.22	-61.6633	-61.0657	-60.4219	-59.7256	-58.9691	-58.1429	-57.2352	-56.2315	-55.1141	-53.8612	-52.4481	-50.8486	-49.0437	-47.0413	-44.9279	-42.9828	-41.8382
2.695	-66.9396	-67.0461	-67.122	-67.1247	-67.0534	-66.9187	-66.7328	-66.5057	-66.2455	-65.9573	-65.6447	-65.3094	-64.9521	-64.5726	-64.1699	-63.7424	-63.2882	-62.8046	-62.2887	-61.7369	-61.1448	-60.5073	-59.8182	-59.07	-58.2534	-57.3572	-56.3674	-55.2669	-54.0352	-52.6485	-51.0829	-49.3209	-47.3722	-45.3221	-43.4423	-42.3429
2.7	-66.9722	-67.0782	-67.154	-67.1571	-67.0865	-66.953	-66.7684	-66.5429	-66.2844	-65.9982	-65.6876	-65.3546	-64.9998	-64.6229	-64.2231	-63.7988	-63.3481	-62.8684	-62.3568	-61.8098	-61.2232	-60.5918	-59.9098	-59.1697	-58.3626	-57.4777	-56.5014	-55.4174	-54.2061	-52.8453	-51.3123	-49.5919	-47.6949	-45.706	-43.8893	-42.8334
2.705	-67.0046	-67.1101	-67.1858	-67.1893	-67.1195	-66.9871	-66.8038	-66.5799	-66.3231	-66.0387	-65.7302	-65.3995	-65.0471	-64.6728	-64.2759	-63.8548	-63.4075	-62.9317	-62.4244	-61.8821	-61.3008	-60.6755	-60.0004	-59.2683	-58.4705	-57.5966	-56.6335	-55.5656	-54.3742	-53.0384	-51.5371	-49.8568	-48.0098	-46.08	-44.324	-43.3103
2.71	-67.0369	-67.1419	-67.2175	-67.2213	-67.1523	-67.021	-66.8391	-66.6167	-66.3616	-66.0791	-65.7726	-65.444	-65.094	-64.7224	-64.3283	-63.9103	-63.4665	-62.9944	-62.4913	-61.9538	-61.3777	-60.7584	-60.0901	-59.3658	-58.5772	-57.714	-56.7638	-55.7116	-54.5396	-53.2279	-51.7573	-50.1158	-48.3171	-46.4443	-44.747	-43.7738
2.715	-67.069	-67.1735	-67.249	-67.2532	-67.185	-67.0547	-66.8741	-66.6532	-66.3998	-66.1192	-65.8147	-65.4883	-65.1407	-64.7716	-64.3803	-63.9654	-63.525	-63.0567	-62.5577	-62.0248	-61.4539	-60.8405	-60.1788	-59.4622	-58.6826	-57.8299	-56.8923	-55.8554	-54.7022	-53.4141	-51.9732	-50.3692	-48.617	-46.7993	-45.1585	-44.2245
2.72	-67.1009	-67.2049	-67.2804	-67.2849	-67.2175	-67.0882	-66.9089	-66.6896	-66.4378	-66.159	-65.8566	-65.5323	-65.187	-64.8205	-64.432	-64.0201	-63.583	-63.1184	-62.6236	-62.0952	-61.5294	-60.9217	-60.2667	-59.5576	-58.7867	-57.9444	-57.0191	-55.9971	-54.8622	-53.5969	-52.1848	-50.6171	-48.9099	-47.1452	-45.559	-44.6627
2.725	-67.1327	-67.2362	-67.3116	-67.3165	-67.2498	-67.1216	-66.9436	-66.7257	-66.4756	-66.1986	-65.8981	-65.576	-65.233	-64.8691	-64.4833	-64.0744	-63.6406	-63.1797	-62.6888	-62.165	-61.6043	-61.0022	-60.3536	-59.652	-58.8897	-58.0575	-57.1442	-56.1367	-55.0196	-53.7766	-52.3923	-50.8596	-49.196	-47.4824	-45.9488	-45.0888
2.73	-67.1644	-67.2674	-67.3426	-67.3479	-67.2819	-67.1548	-66.9781	-66.7617	-66.5132	-66.238	-65.9395	-65.6195	-65.2788	-64.9173	-64.5342	-64.1283	-63.6978	-63.2404	-62.7536	-62.2341	-61.6784	-61.082	-60.4397	-59.7453	-58.9915	-58.1692	-57.2676	-56.2743	-55.1746	-53.9531	-52.5958	-51.0971	-49.4754	-47.8112	-46.3283	-45.5033
2.735	-67.1959	-67.2984	-67.3735	-67.3791	-67.3139	-67.1878	-67.0123	-66.7974	-66.5506	-66.2771	-65.9805	-65.6626	-65.3242	-64.9652	-64.5848	-64.1819	-63.7545	-63.3007	-62.8178	-62.3027	-61.7519	-61.161	-60.5249	-59.8377	-59.0921	-58.2795	-57.3895	-56.41	-55.3272	-54.1266	-52.7955	-51.3296	-49.7484	-48.1318	-46.6977	-45.9064
2.74	-67.2272	-67.3292	-67.4043	-67.4102	-67.3457	-67.2206	-67.0464	-66.8329	-66.5877	-66.316	-66.0213	-65.7055	-65.3693	-65.0127	-64.635	-64.235	-63.8108	-63.3605	-62.8815	-62.3707	-61.8247	-61.2392	-60.6093	-59.9291	-59.1917	-58.3885	-57.5097	-56.5437	-55.4774	-54.2971	-52.9914	-51.5573	-50.0153	-48.4446	-47.0575	-46.2986
2.745	-67.2584	-67.36	-67.4349	-67.4412	-67.3774	-67.2533	-67.0803	-66.8683	-66.6246	-66.3547	-66.0619	-65.7481	-65.4141	-65.06	-64.6849	-64.2877	-63.8667	-63.4199	-62.9447	-62.4381	-61.8968	-61.3167	-60.6928	-60.0196	-59.2901	-58.4962	-57.6284	-56.6756	-55.6253	-54.4648	-53.1838	-51.7803	-50.2761	-48.7497	-47.408	-46.6803
2.75	-67.2895	-67.3905	-67.4654	-67.472	-67.4089	-67.2858	-67.114	-66.9034	-66.6613	-66.3931	-66.1022	-65.7904	-65.4587	-65.1069	-64.7344	-64.3401	-63.9222	-63.4787	-63.0073	-62.505	-61.9684	-61.3935	-60.7756	-60.1091	-59.3874	-58.6027	-57.7456	-56.8057	-55.771	-54.6298	-53.3726	-51.9989	-50.5312	-49.0475	-47.7494	-47.0517
2.755	-67.3204	-67.4209	-67.4957	-67.5026	-67.4402	-67.3181	-67.1476	-66.9383	-66.6978	-66.4313	-66.1422	-65.8325	-65.5029	-65.1535	-64.7836	-64.392	-63.9772	-63.5372	-63.0695	-62.5713	-62.0393	-61.4695	-60.8575	-60.1977	-59.4837	-58.7079	-57.8614	-56.934	-55.9145	-54.792	-53.558	-52.2131	-50.7807	-49.3382	-48.0821	-47.4133
2.76	-67.3511	-67.4512	-67.5259	-67.5331	-67.4714	-67.3503	-67.1809	-66.9731	-66.7341	-66.4693	-66.1821	-65.8743	-65.5469	-65.1998	-64.8324	-64.4436	-64.0319	-63.5951	-63.1311	-62.637	-62.1095	-61.5449	-60.9386	-60.2854	-59.5789	-58.8119	-57.9757	-57.0606	-56.056	-54.9516	-53.7401	-52.4231	-51.0248	-49.622	-48.4064	-47.7653
2.765	-67.3817	-67.4814	-67.5559	-67.5634	-67.5024	-67.3822	-67.2141	-67.0076	-66.7702	-66.5071	-66.2216	-65.9158	-65.5905	-65.2458	-64.8809	-64.4949	-64.0861	-63.6527	-63.1923	-62.7022	-62.1792	-61.6196	-61.019	-60.3722	-59.6731	-58.9146	-58.0885	-57.1855	-56.1954	-55.1087	-53.9191	-52.6291	-51.2637	-49.8992	-48.7225	-48.1081
2.77	-67.4122	-67.5114	-67.5858	-67.5936	-67.5332	-67.4141	-67.2471	-67.042	-66.8061	-66.5446	-66.261	-65.9571	-65.6339	-65.2914	-64.9291	-64.5457	-64.1399	-63.7097	-63.2529	-62.7668	-62.2483	-61.6936	-61.0986	-60.4581	-59.7663	-59.0163	-58.2001	-57.3087	-56.3327	-55.2633	-54.0949	-52.8311	-51.4975	-50.17	-49.0308	-48.442
2.775	-67.4425	-67.5412	-67.6155	-67.6237	-67.564	-67.4457	-67.2799	-67.0762	-66.8418	-66.5819	-66.3001	-65.9981	-65.677	-65.3368	-64.9769	-64.5962	-64.1933	-63.7664	-63.3131	-62.8309	-62.3167	-61.767	-61.1774	-60.5432	-59.8585	-59.1168	-58.3102	-57.4303	-56.4682	-55.4155	-54.2677	-53.0292	-51.7265	-50.4345	-49.3315	-48.7674
2.78	-67.4727	-67.5709	-67.6451	-67.6536	-67.5945	-67.4772	-67.3126	-67.1102	-66.8772	-66.619	-66.3389	-66.0389	-65.7199	-65.3819	-65.0244	-64.6464	-64.2464	-63.8226	-63.3728	-62.8945	-62.3846	-61.8396	-61.2555	-60.6274	-59.9498	-59.2161	-58.4191	-57.5504	-56.6017	-55.5654	-54.4376	-53.2237	-51.9507	-50.6932	-49.6249	-49.0844
2.785	-67.5027	-67.6005	-67.6746	-67.6833	-67.6249	-67.5086	-67.3451	-67.144	-66.9125	-66.6559	-66.3775	-66.0794	-65.7624	-65.4267	-65.0716	-64.6962	-64.299	-63.8784	-63.4321	-62.9576	-62.4519	-61.9117	-61.3329	-60.7108	-60.0401	-59.3144	-58.5266	-57.6689	-56.7334	-55.713	-54.6046	-53.4146	-52.1704	-50.946	-49.9112	-49.3935
2.79	-67.5326	-67.6299	-67.7039	-67.713	-67.6552	-67.5397	-67.3774	-67.1776	-66.9476	-66.6926	-66.4159	-66.1197	-65.8047	-65.4711	-65.1184	-64.7456	-64.3513	-63.9338	-63.4909	-63.0201	-62.5187	-61.9831	-61.4095	-60.7934	-60.1294	-59.4115	-58.6329	-57.786	-56.8632	-55.8584	-54.769	-53.602	-52.3857	-51.1933	-50.1906	-49.6948
2.795	-67.5623	-67.6593	-67.7331	-67.7424	-67.6853	-67.5708	-67.4095	-67.211	-66.9825	-66.729	-66.4541	-66.1597	-65.8467	-65.5153	-65.165	-64.7947	-64.4032	-63.9887	-63.5492	-63.0822	-62.5848	-62.0539	-61.4855	-60.8752	-60.2179	-59.5077	-58.7379	-57.9015	-56.9914	-56.0016	-54.9306	-53.786	-52.5967	-51.4351	-50.4636	-49.9887
2.8	-67.592	-67.6884	-67.7622	-67.7718	-67.7153	-67.6016	-67.4415	-67.2443	-67.0171	-66.7653	-66.4921	-66.1995	-65.8885	-65.5592	-65.2112	-64.8435	-64.4548	-64.0433	-63.6071	-63.1437	-62.6504	-62.124	-61.5607	-60.9562	-60.3054	-59.6027	-58.8418	-58.0157	-57.1177	-56.1427	-55.0896	-53.9668	-52.8035	-51.6718	-50.7301	-50.2754
2.805	-67.6215	-67.7175	-67.7911	-67.801	-67.7451	-67.6323	-67.4733	-67.2773	-67.0516	-66.8013	-66.5298	-66.239	-65.93	-65.6029	-65.2571	-64.8919	-64.5059	-64.0975	-63.6645	-63.2048	-62.7155	-62.1936	-61.6353	-61.0364	-60.3921	-59.6968	-58.9444	-58.1284	-57.2424	-56.2818	-55.2461	-54.1444	-53.0064	-51.9034	-50.9905	-50.5552
2.81	-67.6508	-67.7464	-67.8199	-67.8301	-67.7748	-67.6629	-67.5049	-67.3102	-67.0859	-66.8372	-66.5673	-66.2783	-65.9712	-65.6462	-65.3028	-64.94	-64.5567	-64.1512	-63.7215	-63.2654	-62.7801	-62.2625	-61.7092	-61.1159	-60.4779	-59.7899	-59.0459	-58.2397	-57.3655	-56.4189	-55.4001	-54.319	-53.2053	-52.1302	-51.245	-50.8283
2.815	-67.68	-67.7751	-67.8486	-67.859	-67.8043	-67.6933	-67.5364	-67.343	-67.1201	-66.8728	-66.6046	-66.3174	-66.0122	-65.6893	-65.3481	-64.9878	-64.6072	-64.2046	-63.7781	-63.3255	-62.8441	-62.3309	-61.7824	-61.1946	-60.5628	-59.8819	-59.1462	-58.3498	-57.487	-56.5541	-55.5518	-54.4905	-53.4006	-52.3523	-51.4938	-51.0949
2.82	-67.7091	-67.8038	-67.8771	-67.8878	-67.8337	-67.7235	-67.5677	-67.3755	-67.154	-66.9082	-66.6416	-66.3562	-66.0529	-65.732	-65.3931	-65.0352	-64.6572	-64.2575	-63.8342	-63.3851	-62.9075	-62.3986	-61.855	-61.2725	-60.6469	-59.9731	-59.2455	-58.4585	-57.6068	-56.6873	-55.7011	-54.6592	-53.5921	-52.5698	-51.737	-51.3554
2.825	-67.738	-67.8323	-67.9055	-67.9164	-67.8629	-67.7536	-67.5989	-67.4079	-67.1877	-66.9435	-66.6785	-66.3948	-66.0934	-65.7746	-65.4378	-65.0824	-64.707	-64.3101	-63.8899	-63.4442	-62.9705	-62.4658	-61.9269	-61.3498	-60.7302	-60.0632	-59.3436	-58.5659	-57.7252	-56.8187	-55.8482	-54.825	-53.7802	-52.7829	-51.975	-51.6098
2.83	-67.7668	-67.8607	-67.9338	-67.9449	-67.892	-67.7836	-67.6299	-67.4401	-67.2213	-66.9785	-66.7151	-66.4332	-66.1337	-65.8168	-65.4822	-65.1292	-64.7564	-64.3623	-63.9452	-63.5029	-63.033	-62.5325	-61.9982	-61.4263	-60.8127	-60.1525	-59.4406	-58.672	-57.8421	-56.9483	-55.993	-54.9881	-53.9649	-52.9918	-52.2078	-51.8584
2.835	-67.7955	-67.8889	-67.9619	-67.9733	-67.921	-67.8134	-67.6607	-67.4721	-67.2547	-67.0133	-66.7515	-66.4713	-66.1736	-65.8588	-65.5264	-65.1756	-64.8054	-64.4141	-64.0001	-63.5612	-63.0949	-62.5985	-62.0688	-61.5021	-60.8943	-60.2408	-59.5366	-58.7769	-57.9575	-57.0762	-56.1357	-55.1486	-54.1462	-53.1966	-52.4356	-52.1015
2.84	-67.8241	-67.9171	-67.9899	-68.0016	-67.9498	-67.843	-67.6914	-67.504	-67.2879	-67.048	-66.7878	-66.5092	-66.2134	-65.9005	-65.5702	-65.2218	-64.8541	-64.4656	-64.0546	-63.619	-63.1564	-62.6641	-62.1389	-61.5773	-60.9752	-60.3282	-59.6316	-58.8806	-58.0714	-57.2023	-56.2764	-55.3065	-54.3244	-53.3974	-52.6586	-52.3391
2.845	-67.8525	-67.9451	-68.0178	-68.0297	-67.9785	-67.8725	-67.7219	-67.5357	-67.3209	-67.0824	-66.8238	-66.5469	-66.2529	-65.942	-65.6138	-65.2677	-64.9025	-64.5167	-64.1087	-63.6763	-63.2173	-62.729	-62.2083	-61.6517	-61.0553	-60.4147	-59.7255	-58.9832	-58.184	-57.3268	-56.415	-55.4619	-54.4994	-53.5944	-52.877	-52.5716
2.85	-67.8808	-67.9729	-68.0455	-68.0577	-68.0071	-67.9019	-67.7523	-67.5673	-67.3537	-67.1167	-66.8596	-66.5844	-66.2921	-65.9832	-65.6571	-65.3133	-64.9505	-64.5674	-64.1623	-63.7332	-63.2778	-62.7935	-62.2772	-61.7255	-61.1346	-60.5004	-59.8185	-59.0845	-58.2952	-57.4496	-56.5516	-55.6148	-54.6715	-53.7876	-53.0909	-52.799
2.855	-67.909	-68.0007	-68.0732	-68.0856	-68.0355	-67.9311	-67.7825	-67.5986	-67.3864	-67.1508	-66.8952	-66.6216	-66.3312	-66.0241	-65.7001	-65.3585	-64.9982	-64.6178	-64.2156	-63.7897	-63.3378	-62.8574	-62.3454	-61.7986	-61.2132	-60.5852	-59.9104	-59.1847	-58.4051	-57.5708	-56.6862	-55.7654	-54.8406	-53.9773	-53.3004	-53.0216
2.86	-67.937	-68.0283	-68.1007	-68.1133	-68.0638	-67.9602	-67.8126	-67.6299	-67.4189	-67.1847	-66.9306	-66.6587	-66.37	-66.0648	-65.7429	-65.4035	-65.0456	-64.6678	-64.2685	-63.8458	-63.3974	-62.9208	-62.4131	-61.8711	-61.2911	-60.6692	-60.0014	-59.2838	-58.5136	-57.6905	-56.819	-55.9137	-55.0068	-54.1634	-53.5058	-53.2395
2.865	-67.965	-68.0558	-68.1281	-68.1409	-68.0919	-67.9891	-67.8425	-67.6609	-67.4512	-67.2184	-66.9658	-66.6955	-66.4085	-66.1052	-65.7853	-65.4481	-65.0926	-64.7175	-64.321	-63.9014	-63.4564	-62.9836	-62.4802	-61.9429	-61.3682	-60.7524	-60.0915	-59.3818	-58.6209	-57.8086	-56.95	-56.0597	-55.1703	-54.3461	-53.7072	-53.4528
2.87	-67.9927	-68.0832	-68.1553	-68.1684	-68.1199	-68.0179	-67.8723	-67.6918	-67.4833	-67.2519	-67.0008	-66.7321	-66.4468	-66.1454	-65.8275	-65.4925	-65.1394	-64.7668	-64.3731	-63.9566	-63.515	-63.046	-62.5467	-62.0141	-61.4446	-60.8347	-60.1806	-59.4788	-58.7269	-57.9253	-57.0791	-56.2036	-55.3312	-54.5256	-53.9046	-53.6618
2.875	-68.0204	-68.1105	-68.1825	-68.1958	-68.1478	-68.0466	-67.9019	-67.7225	-67.5153	-67.2852	-67.0356	-66.7685	-66.4849	-66.1854	-65.8695	-65.5366	-65.1858	-64.8158	-64.4249	-64.0114	-63.5732	-63.1079	-62.6127	-62.0846	-61.5204	-60.9163	-60.2688	-59.5747	-58.8317	-58.0404	-57.2066	-56.3453	-55.4894	-54.7019	-54.0982	-53.8665
2.88	-68.048	-68.1376	-68.2095	-68.223	-68.1756	-68.0751	-67.9314	-67.7531	-67.5471	-67.3184	-67.0702	-66.8047	-66.5228	-66.2251	-65.9111	-65.5804	-65.2319	-64.8644	-64.4763	-64.0658	-63.6309	-63.1692	-62.6781	-62.1546	-61.5954	-60.9971	-60.3561	-59.6695	-58.9353	-58.1542	-57.3323	-56.485	-55.6451	-54.8751	-54.2881	-54.0672
2.885	-68.0754	-68.1647	-68.2364	-68.2502	-68.2032	-68.1035	-67.9607	-67.7836	-67.5788	-67.3514	-67.1046	-66.8406	-66.5605	-66.2645	-65.9525	-65.6239	-65.2777	-64.9127	-64.5273	-64.1198	-63.6882	-63.2301	-62.743	-62.2239	-61.6697	-61.0771	-60.4426	-59.7633	-59.0377	-58.2666	-57.4563	-56.6227	-55.7983	-55.0453	-54.4745	-54.2639
2.89	-68.1027	-68.1916	-68.2632	-68.2772	-68.2307	-68.1318	-67.9899	-67.8138	-67.6103	-67.3842	-67.1389	-66.8764	-66.5979	-66.3037	-65.9937	-65.6672	-65.3232	-64.9607	-64.578	-64.1734	-63.745	-63.2905	-62.8073	-62.2927	-61.7434	-61.1563	-60.5282	-59.8562	-59.1389	-58.3776	-57.5787	-56.7583	-55.9492	-55.2127	-54.6575	-54.4568
2.895	-68.1299	-68.2184	-68.2899	-68.304	-68.2581	-68.1599	-68.019	-67.8439	-67.6416	-67.4168	-67.1729	-66.912	-66.6351	-66.3427	-66.0346	-65.7101	-65.3684	-65.0083	-64.6283	-64.2266	-63.8014	-63.3504	-62.8711	-62.3608	-61.8164	-61.2348	-60.6129	-59.948	-59.239	-58.4873	-57.6995	-56.8921	-56.0977	-55.3772	-54.8371	-54.646
2.9	-68.157	-68.2451	-68.3164	-68.3308	-68.2854	-68.1879	-68.0479	-67.8739	-67.6727	-67.4492	-67.2068	-66.9473	-66.6721	-66.3815	-66.0752	-65.7528	-65.4134	-65.0556	-64.6782	-64.2794	-63.8574	-63.4099	-62.9344	-62.4284	-61.8888	-61.3126	-60.6968	-60.039	-59.338	-58.5956	-57.8188	-57.024	-56.244	-55.5389	-55.0135	-54.8316
2.905	-68.1839	-68.2716	-68.3429	-68.3574	-68.3125	-68.2157	-68.0766	-67.9037	-67.7037	-67.4815	-67.2404	-66.9825	-66.7089	-66.42	-66.1156	-65.7952	-65.458	-65.1026	-64.7278	-64.3319	-63.9129	-63.4688	-62.9972	-62.4954	-61.9605	-61.3896	-60.7799	-60.1289	-59.4359	-58.7027	-57.9366	-57.1541	-56.3881	-55.6981	-55.1868	-55.0137
2.91	-68.2108	-68.2981	-68.3692	-68.3839	-68.3395	-68.2434	-68.1053	-67.9334	-67.7346	-67.5136	-67.2739	-67.0175	-66.7455	-66.4583	-66.1558	-65.8374	-65.5023	-65.1493	-64.7771	-64.3839	-63.9681	-63.5274	-63.0595	-62.5618	-62.0316	-61.466	-60.8621	-60.2179	-59.5327	-58.8085	-58.0528	-57.2824	-56.53	-55.8546	-55.357	-55.1925
2.915	-68.2375	-68.3244	-68.3954	-68.4104	-68.3664	-68.271	-68.1337	-67.9629	-67.7652	-67.5456	-67.3072	-67.0523	-66.7818	-66.4964	-66.1957	-65.8793	-65.5463	-65.1957	-64.826	-64.4356	-64.0228	-63.5854	-63.1213	-62.6277	-62.1021	-61.5416	-60.9436	-60.3061	-59.6285	-58.9131	-58.1676	-57.409	-56.6698	-56.0086	-55.5243	-55.368
2.92	-68.2641	-68.3506	-68.4215	-68.4366	-68.3931	-68.2985	-68.1621	-67.9923	-67.7958	-67.5773	-67.3403	-67.0869	-66.818	-66.5342	-66.2353	-65.9209	-65.5901	-65.2417	-64.8745	-64.4869	-64.0771	-63.6431	-63.1825	-62.693	-62.1719	-61.6165	-61.0243	-60.3933	-59.7232	-59.0165	-58.281	-57.5339	-56.8076	-56.1602	-55.6887	-55.5404
2.925	-68.2906	-68.3767	-68.4475	-68.4628	-68.4198	-68.3258	-68.1903	-68.0215	-67.8261	-67.6089	-67.3733	-67.1212	-66.8539	-66.5718	-66.2747	-65.9623	-65.6335	-65.2875	-64.9228	-64.5379	-64.131	-63.7002	-63.2433	-62.7578	-62.2412	-61.6908	-61.1042	-60.4797	-59.817	-59.1188	-58.3931	-57.6571	-56.9435	-56.3094	-55.8504	-55.7097
2.93	-68.3169	-68.4027	-68.4733	-68.4889	-68.4463	-68.3531	-68.2184	-68.0506	-67.8563	-67.6404	-67.4061	-67.1554	-66.8897	-66.6092	-66.3139	-66.0034	-65.6767	-65.3329	-64.9707	-64.5885	-64.1845	-63.757	-63.3036	-62.8221	-62.3098	-61.7644	-61.1833	-60.5652	-59.9097	-59.2198	-58.5037	-57.7787	-57.0774	-56.4563	-56.0094	-55.8761
2.935	-68.3432	-68.4286	-68.4991	-68.5148	-68.4727	-68.3801	-68.2463	-68.0796	-67.8864	-67.6717	-67.4387	-67.1895	-66.9252	-66.6464	-66.3529	-66.0442	-65.7196	-65.3781	-65.0182	-64.6387	-64.2377	-63.8133	-63.3635	-62.8858	-62.3779	-61.8373	-61.2618	-60.6498	-60.0015	-59.3197	-58.613	-57.8988	-57.2094	-56.601	-56.1657	-56.0396
2.94	-68.3694	-68.4544	-68.5247	-68.5406	-68.499	-68.4071	-68.2741	-68.1084	-67.9163	-67.7028	-67.4711	-67.2233	-66.9606	-66.6833	-66.3916	-66.0848	-65.7623	-65.4229	-65.0655	-64.6886	-64.2904	-63.8692	-63.4228	-62.949	-62.4454	-61.9096	-61.3394	-60.7336	-60.0923	-59.4186	-58.721	-58.0173	-57.3395	-56.7435	-56.3195	-56.2002
2.945	-68.3954	-68.4801	-68.5503	-68.5664	-68.5252	-68.4339	-68.3018	-68.137	-67.9461	-67.7337	-67.5033	-67.2569	-66.9957	-66.7201	-66.4301	-66.1252	-65.8046	-65.4675	-65.1124	-64.7381	-64.3428	-63.9247	-63.4817	-63.0117	-62.5123	-61.9812	-61.4164	-60.8166	-60.1821	-59.5163	-58.8278	-58.1342	-57.4679	-56.8839	-56.4708	-56.3582
2.95	-68.4213	-68.5056	-68.5757	-68.592	-68.5512	-68.4607	-68.3294	-68.1656	-67.9757	-67.7645	-67.5354	-67.2904	-67.0306	-66.7566	-66.4683	-66.1653	-65.8467	-65.5117	-65.1591	-64.7873	-64.3948	-63.9797	-63.5402	-63.0739	-62.5787	-62.0522	-61.4927	-60.8988	-60.2711	-59.613	-58.9333	-58.2498	-57.5946	-57.0222	-56.6198	-56.5136
2.955	-68.4471	-68.5311	-68.601	-68.6174	-68.5771	-68.4873	-68.3568	-68.1939	-68.0051	-67.7952	-67.5673	-67.3237	-67.0654	-66.793	-66.5063	-66.2051	-65.8886	-65.5557	-65.2054	-64.8361	-64.4464	-64.0344	-63.5982	-63.1356	-62.6445	-62.1226	-61.5682	-60.9802	-60.3591	-59.7086	-59.0376	-58.3638	-57.7195	-57.1584	-56.7664	-56.6663
2.96	-68.4728	-68.5564	-68.6262	-68.6428	-68.603	-68.5137	-68.3841	-68.2222	-68.0345	-67.8257	-67.5991	-67.3568	-67.0999	-66.8291	-66.5441	-66.2447	-65.9302	-65.5994	-65.2514	-64.8846	-64.4976	-64.0886	-63.6557	-63.1968	-62.7097	-62.1924	-61.6431	-61.0608	-60.4462	-59.8032	-59.1406	-58.4765	-57.8427	-57.2927	-56.9107	-56.8167
2.965	-68.4985	-68.5816	-68.6514	-68.6681	-68.6287	-68.5401	-68.4113	-68.2503	-68.0636	-67.856	-67.6306	-67.3897	-67.1343	-66.865	-66.5817	-66.2841	-65.9715	-65.6428	-65.2971	-64.9328	-64.5485	-64.1425	-63.7128	-63.2575	-62.7744	-62.2616	-61.7173	-61.1406	-60.5325	-59.8967	-59.2425	-58.5878	-57.9644	-57.4251	-57.0528	-56.9645
2.97	-68.5239	-68.6068	-68.6764	-68.6933	-68.6543	-68.5663	-68.4383	-68.2783	-68.0927	-67.8862	-67.6621	-67.4224	-67.1685	-66.9007	-66.6191	-66.3232	-66.0125	-65.686	-65.3425	-64.9806	-64.599	-64.1959	-63.7695	-63.3177	-62.8386	-62.3302	-61.7908	-61.2197	-60.6179	-59.9893	-59.3433	-58.6977	-58.0844	-57.5557	-57.1928	-57.1101
2.975	-68.5493	-68.6318	-68.7013	-68.7183	-68.6797	-68.5924	-68.4652	-68.3061	-68.1215	-67.9162	-67.6933	-67.455	-67.2025	-66.9362	-66.6562	-66.3622	-66.0533	-65.7288	-65.3875	-65.0282	-64.6492	-64.249	-63.8258	-63.3775	-62.9023	-62.3982	-61.8637	-61.2981	-60.7025	-60.0809	-59.4429	-58.8064	-58.2029	-57.6843	-57.3306	-57.2533
2.98	-68.5746	-68.6567	-68.7261	-68.7433	-68.7051	-68.6184	-68.492	-68.3338	-68.1503	-67.9461	-67.7244	-67.4874	-67.2363	-66.9715	-66.6931	-66.4008	-66.0939	-65.7714	-65.4323	-65.0754	-64.699	-64.3017	-63.8816	-63.4368	-62.9654	-62.4656	-61.9359	-61.3757	-60.7862	-60.1716	-59.5414	-58.9137	-58.3199	-57.8113	-57.4664	-57.3944
2.985	-68.5998	-68.6816	-68.7507	-68.7681	-68.7304	-68.6443	-68.5187	-68.3614	-68.1789	-67.9758	-67.7553	-67.5196	-67.2699	-67.0066	-66.7299	-66.4393	-66.1342	-65.8137	-65.4768	-65.1222	-64.7485	-64.354	-63.937	-63.4956	-63.028	-62.5324	-62.0074	-61.4526	-60.8691	-60.2613	-59.6388	-59.0197	-58.4354	-57.9364	-57.6003	-57.5333
2.99	-68.6249	-68.7063	-68.7753	-68.7929	-68.7555	-68.6701	-68.5452	-68.3889	-68.2074	-68.0053	-67.7861	-67.5517	-67.3033	-67.0415	-66.7664	-66.4775	-66.1742	-65.8558	-65.521	-65.1688	-64.7976	-64.4059	-63.992	-63.554	-63.0902	-62.5987	-62.0784	-61.5288	-60.9512	-60.3501	-59.7352	-59.1245	-58.5494	-58.0599	-57.7322	-57.67
2.995	-68.6498	-68.7309	-68.7998	-68.8175	-68.7806	-68.6957	-68.5716	-68.4162	-68.2357	-68.0348	-67.8167	-67.5836	-67.3366	-67.0762	-66.8027	-66.5155	-66.214	-65.8976	-65.565	-65.215	-64.8464	-64.4574	-64.0466	-63.6119	-63.1518	-62.6645	-62.1487	-61.6043	-61.0325	-60.438	-59.8305	-59.2282	-58.662	-58.1818	-57.8622	-57.8047
3	-68.6747	-68.7554	-68.8242	-68.8421	-68.8055	-68.7213	-68.598	-68.4434	-68.2639	-68.064	-67.8472	-67.6153	-67.3696	-67.1108	-66.8387	-66.5532	-66.2536	-65.9391	-65.6086	-65.261	-64.8948	-64.5086	-64.1007	-63.6694	-63.2129	-62.7296	-62.2184	-61.6791	-61.1131	-60.525	-59.9248	-59.3306	-58.7732	-58.302	-57.9903	-57.9375
3.005	-68.6994	-68.7798	-68.8485	-68.8665	-68.8303	-68.7467	-68.6241	-68.4705	-68.2919	-68.0932	-67.8774	-67.6468	-67.4025	-67.1451	-66.8746	-66.5908	-66.2929	-65.9804	-65.652	-65.3066	-64.9429	-64.5594	-64.1545	-63.7264	-63.2736	-62.7943	-62.2876	-61.7532	-61.1928	-60.6111	-60.0181	-59.4318	-58.8831	-58.4206	-58.1167	-58.0682
3.01	-68.7241	-68.8041	-68.8727	-68.8908	-68.8551	-68.772	-68.6502	-68.4974	-68.3198	-68.1222	-67.9076	-67.6782	-67.4352	-67.1792	-66.9103	-66.6281	-66.332	-66.0214	-65.6951	-65.352	-64.9907	-64.6099	-64.2079	-63.7831	-63.3337	-62.8584	-62.3561	-61.8267	-61.2718	-60.6964	-60.1104	-59.5319	-58.9916	-58.5377	-58.2413	-58.1971
3.015	-68.7487	-68.8284	-68.8968	-68.915	-68.8797	-68.7972	-68.6761	-68.5242	-68.3476	-68.151	-67.9376	-67.7094	-67.4678	-67.2132	-66.9457	-66.6652	-66.3709	-66.0621	-65.7379	-65.397	-65.0382	-64.66	-64.2609	-63.8392	-63.3934	-62.922	-62.424	-61.8995	-61.3501	-60.7808	-60.2017	-59.6309	-59.0988	-58.6533	-58.3642	-58.3241
3.02	-68.7731	-68.8525	-68.9208	-68.9392	-68.9042	-68.8223	-68.702	-68.5509	-68.3753	-68.1797	-67.9674	-67.7405	-67.5001	-67.247	-66.981	-66.7021	-66.4095	-66.1026	-65.7804	-65.4417	-65.0853	-64.7097	-64.3135	-63.895	-63.4526	-62.9851	-62.4914	-61.9716	-61.4276	-60.8644	-60.2921	-59.7288	-59.2048	-58.7674	-58.4854	-58.4494
3.025	-68.7975	-68.8765	-68.9446	-68.9632	-68.9286	-68.8473	-68.7277	-68.5775	-68.4028	-68.2083	-67.9971	-67.7714	-67.5323	-67.2805	-67.0161	-66.7387	-66.4479	-66.1429	-65.8227	-65.4862	-65.1321	-64.7591	-64.3657	-63.9503	-63.5114	-63.0476	-62.5582	-62.0431	-61.5045	-60.9472	-60.3815	-59.8255	-59.3095	-58.88	-58.605	-58.5728
3.03	-68.8217	-68.9004	-68.9684	-68.9871	-68.9529	-68.8722	-68.7533	-68.6039	-68.4302	-68.2367	-68.0267	-67.8021	-67.5644	-67.3139	-67.051	-66.7752	-66.4861	-66.1829	-65.8647	-65.5303	-65.1786	-64.8082	-64.4176	-64.0053	-63.5697	-63.1097	-62.6244	-62.114	-61.5806	-61.0292	-60.47	-59.9213	-59.4129	-58.9913	-58.723	-58.6946
3.035	-68.8459	-68.9243	-68.9921	-69.011	-68.9771	-68.8969	-68.7788	-68.6302	-68.4575	-68.265	-68.0561	-67.8327	-67.5962	-67.3472	-67.0856	-66.8114	-66.524	-66.2226	-65.9064	-65.5742	-65.2248	-64.8569	-64.4691	-64.0598	-63.6276	-63.1713	-62.6901	-62.1843	-61.656	-61.1103	-60.5576	-60.016	-59.5152	-59.1011	-58.8394	-58.8146
3.04	-68.87	-68.948	-69.0157	-69.0347	-69.0012	-68.9216	-68.8042	-68.6565	-68.4846	-68.2932	-68.0853	-67.8631	-67.6279	-67.3802	-67.1201	-66.8475	-66.5617	-66.2622	-65.9479	-65.6178	-65.2707	-64.9053	-64.5202	-64.1139	-63.685	-63.2323	-62.7552	-62.254	-61.7307	-61.1907	-60.6443	-60.1096	-59.6163	-59.2096	-58.9543	-58.9331
3.045	-68.8939	-68.9716	-69.0393	-69.0583	-69.0252	-68.9462	-68.8294	-68.6825	-68.5116	-68.3212	-68.1144	-67.8934	-67.6594	-67.4131	-67.1544	-66.8833	-66.5992	-66.3015	-65.9891	-65.6611	-65.3163	-64.9534	-64.5709	-64.1676	-63.742	-63.2929	-62.8198	-62.323	-61.8048	-61.2704	-60.7302	-60.2023	-59.7162	-59.3168	-59.0677	-59.0499
3.05	-68.9178	-68.9952	-69.0627	-69.0819	-69.0491	-68.9706	-68.8546	-68.7085	-68.5385	-68.3491	-68.1434	-67.9235	-67.6908	-67.4457	-67.1885	-66.919	-66.6365	-66.3405	-66.03	-65.7041	-65.3616	-65.0011	-64.6213	-64.2209	-63.7985	-63.353	-62.8839	-62.3915	-61.8782	-61.3493	-60.8152	-60.294	-59.815	-59.4227	-59.1797	-59.1652
3.055	-68.9416	-69.0186	-69.086	-69.1053	-69.0729	-68.9949	-68.8796	-68.7344	-68.5653	-68.3768	-68.1722	-67.9535	-67.722	-67.4783	-67.2225	-66.9544	-66.6736	-66.3793	-66.0708	-65.7469	-65.4065	-65.0485	-64.6714	-64.2739	-63.8547	-63.4127	-62.9474	-62.4594	-61.9509	-61.4274	-60.8993	-60.3847	-59.9127	-59.5273	-59.2902	-59.2789
3.06	-68.9653	-69.042	-69.1092	-69.1287	-69.0966	-69.0192	-68.9045	-68.7601	-68.5919	-68.4044	-68.2009	-67.9833	-67.753	-67.5106	-67.2562	-66.9896	-66.7104	-66.4179	-66.1112	-65.7894	-65.4512	-65.0956	-64.7211	-64.3264	-63.9104	-63.4719	-63.0104	-62.5267	-62.023	-61.5048	-60.9826	-60.4745	-60.0093	-59.6307	-59.3993	-59.3911
3.065	-68.9888	-69.0652	-69.1323	-69.1519	-69.1202	-69.0433	-68.9294	-68.7857	-68.6184	-68.4319	-68.2294	-68.013	-67.7839	-67.5428	-67.2897	-67.0247	-66.7471	-66.4563	-66.1514	-65.8316	-65.4956	-65.1423	-64.7704	-64.3786	-63.9656	-63.5306	-63.073	-62.5934	-62.0944	-61.5815	-61.0651	-60.5633	-60.1049	-59.7329	-59.5071	-59.5019
3.07	-69.0123	-69.0884	-69.1554	-69.1751	-69.1437	-69.0674	-68.9541	-68.8112	-68.6448	-68.4593	-68.2578	-68.0425	-67.8146	-67.5748	-67.3231	-67.0595	-66.7835	-66.4944	-66.1914	-65.8735	-65.5397	-65.1888	-64.8194	-64.4304	-64.0205	-63.5888	-63.135	-62.6596	-62.1652	-61.6575	-61.1468	-60.6512	-60.1994	-59.8338	-59.6135	-59.6113
3.075	-69.0357	-69.1115	-69.1783	-69.1981	-69.1671	-69.0913	-68.9787	-68.8366	-68.6711	-68.4865	-68.2861	-68.0719	-67.8452	-67.6066	-67.3563	-67.0942	-66.8197	-66.5323	-66.2311	-65.9152	-65.5835	-65.2349	-64.8681	-64.4818	-64.075	-63.6466	-63.1965	-62.7252	-62.2354	-61.7328	-61.2277	-60.7383	-60.2928	-59.9336	-59.7186	-59.7193
3.08	-69.059	-69.1345	-69.2012	-69.2211	-69.1904	-69.1151	-69.0032	-68.8619	-68.6972	-68.5136	-68.3142	-68.1011	-67.8756	-67.6383	-67.3893	-67.1286	-66.8557	-66.57	-66.2706	-65.9566	-65.6271	-65.2807	-64.9164	-64.5329	-64.1291	-63.704	-63.2575	-62.7903	-62.305	-61.8074	-61.3079	-60.8244	-60.3853	-60.0323	-59.8225	-59.8259
3.085	-69.0822	-69.1574	-69.224	-69.244	-69.2136	-69.1389	-69.0276	-68.887	-68.7232	-68.5406	-68.3422	-68.1302	-67.9058	-67.6697	-67.4221	-67.1629	-66.8915	-66.6074	-66.3098	-65.9978	-65.6703	-65.3263	-64.9644	-64.5836	-64.1827	-63.7609	-63.3181	-62.8549	-62.374	-61.8813	-61.3872	-60.9097	-60.4767	-60.1298	-59.9251	-59.9311
3.09	-69.1054	-69.1802	-69.2466	-69.2668	-69.2368	-69.1625	-69.0518	-68.9121	-68.7491	-68.5674	-68.37	-68.1591	-67.9359	-67.7011	-67.4548	-67.1969	-66.9271	-66.6446	-66.3488	-66.0387	-65.7133	-65.3715	-65.0121	-64.6339	-64.236	-63.8174	-63.3781	-62.9189	-62.4424	-61.9545	-61.4658	-60.9941	-60.5672	-60.2262	-60.0265	-60.0351
3.095	-69.1284	-69.2029	-69.2692	-69.2895	-69.2598	-69.186	-69.076	-68.937	-68.7749	-68.5941	-68.3978	-68.1879	-67.9659	-67.7322	-67.4873	-67.2308	-66.9625	-66.6817	-66.3876	-66.0794	-65.756	-65.4164	-65.0594	-64.6839	-64.2889	-63.8735	-63.4377	-62.9824	-62.5102	-62.0271	-61.5437	-61.0776	-60.6567	-60.3215	-60.1266	-60.1377
3.1	-69.1513	-69.2256	-69.2917	-69.3121	-69.2827	-69.2095	-69.1001	-68.9619	-68.8006	-68.6207	-68.4253	-68.2166	-67.9956	-67.7633	-67.5196	-67.2645	-66.9977	-66.7185	-66.4261	-66.1198	-65.7984	-65.461	-65.1065	-64.7336	-64.3414	-63.9292	-63.4968	-63.0453	-62.5775	-62.0991	-61.6208	-61.1604	-60.7453	-60.4158	-60.2256	-60.2392
3.105	-69.1742	-69.2481	-69.3142	-69.3346	-69.3056	-69.2328	-69.1241	-68.9866	-68.8262	-68.6472	-68.4528	-68.2451	-68.0253	-67.7941	-67.5517	-67.2981	-67.0327	-66.7551	-66.4644	-66.1599	-65.8406	-65.5054	-65.1532	-64.7829	-64.3935	-63.9844	-63.5555	-63.1078	-62.6441	-62.1704	-61.6973	-61.2423	-60.833	-60.509	-60.3234	-60.3394
3.11	-69.197	-69.2706	-69.3365	-69.357	-69.3283	-69.2561	-69.148	-69.0112	-68.8516	-68.6735	-68.4801	-68.2734	-68.0548	-67.8248	-67.5837	-67.3314	-67.0675	-66.7914	-66.5025	-66.1999	-65.8825	-65.5494	-65.1996	-64.8318	-64.4453	-64.0392	-63.6137	-63.1698	-62.7103	-62.2411	-61.773	-61.3234	-60.9197	-60.6012	-60.4201	-60.4384
3.115	-69.2196	-69.2929	-69.3587	-69.3794	-69.351	-69.2792	-69.1717	-69.0357	-68.8769	-68.6998	-68.5073	-68.3017	-68.0841	-67.8553	-67.6155	-67.3645	-67.1021	-66.8276	-66.5404	-66.2395	-65.9241	-65.5932	-65.2456	-64.8804	-64.4966	-64.0937	-63.6715	-63.2312	-62.7758	-62.3112	-61.848	-61.4038	-61.0056	-60.6924	-60.5157	-60.5362
3.12	-69.2422	-69.3152	-69.3809	-69.4016	-69.3736	-69.3022	-69.1954	-69.0601	-68.9021	-68.7259	-68.5344	-68.3298	-68.1133	-67.8857	-67.6471	-67.3975	-67.1365	-66.8636	-66.578	-66.279	-65.9655	-65.6367	-65.2914	-64.9287	-64.5476	-64.1477	-63.7288	-63.2922	-62.8408	-62.3807	-61.9223	-61.4833	-61.0906	-60.7826	-60.6102	-60.6328
3.125	-69.2647	-69.3374	-69.4029	-69.4238	-69.396	-69.3252	-69.219	-69.0844	-68.9272	-68.7519	-68.5613	-68.3577	-68.1424	-67.9159	-67.6786	-67.4303	-67.1708	-66.8993	-66.6154	-66.3182	-66.0066	-65.6799	-65.3369	-64.9767	-64.5983	-64.2013	-63.7857	-63.3527	-62.9053	-62.4495	-61.996	-61.5621	-61.1747	-60.8719	-60.7036	-60.7283
3.13	-69.2871	-69.3595	-69.4249	-69.4459	-69.4184	-69.3481	-69.2424	-69.1086	-68.9522	-68.7777	-68.5882	-68.3856	-68.1713	-67.946	-67.7099	-67.463	-67.2048	-66.9349	-66.6526	-66.3571	-66.0475	-65.7228	-65.3821	-65.0243	-64.6486	-64.2545	-63.8422	-63.4127	-62.9693	-62.5178	-62.069	-61.6402	-61.258	-60.9601	-60.796	-60.8228
3.135	-69.3094	-69.3816	-69.4468	-69.4679	-69.4407	-69.3708	-69.2658	-69.1327	-68.9771	-68.8035	-68.6148	-68.4133	-68.2001	-67.9759	-67.741	-67.4954	-67.2386	-66.9703	-66.6896	-66.3958	-66.0881	-65.7655	-65.427	-65.0716	-64.6985	-64.3074	-63.8982	-63.4723	-63.0327	-62.5855	-62.1413	-61.7175	-61.3404	-61.0475	-60.8873	-60.9161
3.14	-69.3317	-69.4035	-69.4687	-69.4898	-69.4629	-69.3935	-69.2891	-69.1567	-69.0019	-68.8291	-68.6414	-68.4408	-68.2287	-68.0057	-67.772	-67.5277	-67.2723	-67.0054	-66.7264	-66.4343	-66.1285	-65.8079	-65.4715	-65.1186	-64.7481	-64.3598	-63.9538	-63.5314	-63.0956	-62.6526	-62.213	-61.7941	-61.4221	-61.1339	-60.9777	-61.0083
3.145	-69.3538	-69.4254	-69.4904	-69.5116	-69.485	-69.4161	-69.3123	-69.1805	-69.0266	-68.8546	-68.6679	-68.4683	-68.2572	-68.0353	-67.8028	-67.5598	-67.3058	-67.0404	-66.7629	-66.4726	-66.1686	-65.85	-65.5158	-65.1652	-64.7974	-64.4119	-64.009	-63.59	-63.158	-62.7191	-62.2841	-61.87	-61.5029	-61.2195	-61.067	-61.0996
3.15	-69.3759	-69.4472	-69.512	-69.5334	-69.5071	-69.4386	-69.3354	-69.2043	-69.0511	-68.8801	-68.6942	-68.4956	-68.2855	-68.0648	-67.8335	-67.5917	-67.3391	-67.0752	-66.7993	-66.5106	-66.2085	-65.8919	-65.5598	-65.2116	-64.8463	-64.4636	-64.0638	-63.6481	-63.2199	-62.7851	-62.3545	-61.9451	-61.5829	-61.3041	-61.1554	-61.1897
3.155	-69.3979	-69.4689	-69.5336	-69.555	-69.529	-69.461	-69.3584	-69.228	-69.0756	-68.9053	-68.7204	-68.5228	-68.3137	-68.0941	-67.864	-67.6235	-67.3722	-67.1097	-66.8354	-66.5485	-66.2481	-65.9334	-65.6036	-65.2576	-64.8949	-64.515	-64.1182	-63.7059	-63.2813	-62.8506	-62.4243	-62.0196	-61.6621	-61.3879	-61.2428	-61.2789
3.16	-69.4198	-69.4905	-69.5551	-69.5766	-69.5509	-69.4833	-69.3812	-69.2516	-69.0999	-68.9305	-68.7465	-68.5498	-68.3418	-68.1233	-67.8944	-67.6551	-67.4052	-67.1441	-66.8713	-66.5861	-66.2875	-65.9748	-65.647	-65.3033	-64.9431	-64.5659	-64.1721	-63.7632	-63.3422	-62.9154	-62.4935	-62.0934	-61.7406	-61.4708	-61.3293	-61.3671
3.165	-69.4416	-69.512	-69.5765	-69.5981	-69.5727	-69.5055	-69.404	-69.2751	-69.1241	-68.9556	-68.7724	-68.5767	-68.3698	-68.1523	-67.9246	-67.6865	-67.4379	-67.1783	-66.907	-66.6234	-66.3266	-66.0159	-65.6902	-65.3488	-64.991	-64.6165	-64.2257	-63.82	-63.4026	-62.9798	-62.5621	-62.1665	-61.8183	-61.5529	-61.4148	-61.4543
3.17	-69.4634	-69.5335	-69.5978	-69.6195	-69.5944	-69.5277	-69.4268	-69.2984	-69.1483	-68.9805	-68.7983	-68.6035	-68.3976	-68.1812	-67.9546	-67.7178	-67.4705	-67.2123	-66.9426	-66.6606	-66.3656	-66.0567	-65.7331	-65.3939	-65.0386	-64.6668	-64.2789	-63.8764	-63.4626	-63.0436	-62.6301	-62.239	-61.8953	-61.6341	-61.4995	-61.5406
3.175	-69.485	-69.5548	-69.6191	-69.6408	-69.616	-69.5497	-69.4494	-69.3217	-69.1723	-69.0054	-68.824	-68.6302	-68.4252	-68.2099	-67.9845	-67.7489	-67.5029	-67.2461	-66.9779	-66.6975	-66.4042	-66.0972	-65.7757	-65.4387	-65.0858	-64.7167	-64.3317	-63.9324	-63.5221	-63.1069	-62.6976	-62.3108	-61.9716	-61.7146	-61.5832	-61.6259
3.18	-69.5066	-69.5761	-69.6402	-69.6621	-69.6375	-69.5717	-69.4719	-69.3449	-69.1962	-69.0301	-68.8496	-68.6567	-68.4528	-68.2385	-68.0142	-67.7799	-67.5352	-67.2798	-67.013	-66.7342	-66.4427	-66.1376	-65.818	-65.4833	-65.1328	-64.7663	-64.3841	-63.988	-63.5811	-63.1697	-62.7644	-62.3819	-62.0471	-61.7942	-61.6661	-61.7103
3.185	-69.5281	-69.5974	-69.6613	-69.6832	-69.6589	-69.5935	-69.4943	-69.368	-69.2201	-69.0547	-68.8751	-68.6831	-68.4802	-68.267	-68.0438	-67.8107	-67.5673	-67.3132	-67.0479	-66.7708	-66.4809	-66.1776	-65.8601	-65.5275	-65.1794	-64.8155	-64.4362	-64.0431	-63.6396	-63.232	-62.8307	-62.4524	-62.1219	-61.873	-61.7481	-61.7939
3.19	-69.5495	-69.6185	-69.6823	-69.7043	-69.6803	-69.6153	-69.5167	-69.391	-69.2438	-69.0793	-68.9005	-68.7094	-68.5075	-68.2953	-68.0733	-67.8413	-67.5992	-67.3465	-67.0827	-66.8071	-66.5189	-66.2175	-65.9019	-65.5715	-65.2257	-64.8643	-64.4879	-64.0979	-63.6977	-63.2937	-62.8964	-62.5223	-62.196	-61.9511	-61.8293	-61.8765
3.195	-69.5708	-69.6395	-69.7033	-69.7253	-69.7016	-69.637	-69.5389	-69.4139	-69.2674	-69.1037	-68.9257	-68.7356	-68.5346	-68.3235	-68.1026	-67.8718	-67.6309	-67.3796	-67.1172	-66.8432	-66.5567	-66.2571	-65.9435	-65.6152	-65.2717	-64.9129	-64.5392	-64.1522	-63.7554	-63.355	-62.9616	-62.5916	-62.2695	-62.0284	-61.9096	-61.9582
3.2	-69.5921	-69.6605	-69.7241	-69.7463	-69.7227	-69.6586	-69.5611	-69.4367	-69.2909	-69.128	-68.9509	-68.7617	-68.5617	-68.3516	-68.1317	-67.9021	-67.6625	-67.4125	-67.1516	-66.8791	-66.5943	-66.2964	-65.9847	-65.6586	-65.3174	-64.9611	-64.5901	-64.2061	-63.8126	-63.4158	-63.0262	-62.6603	-62.3422	-62.105	-61.9892	-62.0391
3.205	-69.6133	-69.6814	-69.7449	-69.7671	-69.7439	-69.6802	-69.5831	-69.4594	-69.3143	-69.1522	-68.9759	-68.7876	-68.5886	-68.3795	-68.1607	-67.9323	-67.6939	-67.4452	-67.1857	-66.9147	-66.6316	-66.3355	-66.0258	-65.7017	-65.3628	-65.0089	-64.6407	-64.2597	-63.8694	-63.4761	-63.0903	-62.7284	-62.4143	-62.1808	-62.0679	-62.1192
3.21	-69.6344	-69.7023	-69.7656	-69.7879	-69.7649	-69.7016	-69.6051	-69.482	-69.3377	-69.1763	-69.0009	-68.8134	-68.6153	-68.4073	-68.1896	-67.9623	-67.7251	-67.4778	-67.2197	-66.9502	-66.6687	-66.3744	-66.0666	-65.7446	-65.4079	-65.0565	-64.6909	-64.3128	-63.9257	-63.5359	-63.1538	-62.7958	-62.4857	-62.2559	-62.1459	-62.1984
3.215	-69.6554	-69.723	-69.7862	-69.8086	-69.7858	-69.723	-69.627	-69.5045	-69.3609	-69.2003	-69.0257	-68.8391	-68.642	-68.4349	-68.2183	-67.9921	-67.7562	-67.5102	-67.2535	-66.9855	-66.7056	-66.413	-66.1071	-65.7871	-65.4527	-65.1037	-64.7408	-64.3656	-63.9816	-63.5953	-63.2169	-62.8627	-62.5565	-62.3303	-62.223	-62.2768
3.22	-69.6763	-69.7437	-69.8068	-69.8292	-69.8067	-69.7443	-69.6488	-69.5269	-69.384	-69.2242	-69.0504	-68.8647	-68.6685	-68.4624	-68.2469	-68.0219	-67.7871	-67.5424	-67.2871	-67.0206	-66.7423	-66.4515	-66.1474	-65.8294	-65.4972	-65.1506	-64.7903	-64.4179	-64.0371	-63.6541	-63.2794	-62.9291	-62.6267	-62.4039	-62.2994	-62.3545
3.225	-69.6972	-69.7643	-69.8272	-69.8497	-69.8275	-69.7655	-69.6705	-69.5493	-69.407	-69.2479	-69.075	-68.8902	-68.6949	-68.4898	-68.2753	-68.0514	-67.8179	-67.5744	-67.3205	-67.0555	-66.7788	-66.4896	-66.1874	-65.8715	-65.5414	-65.1972	-64.8395	-64.4699	-64.0922	-63.7126	-63.3414	-62.9948	-62.6962	-62.4769	-62.3751	-62.4313
3.23	-69.718	-69.7848	-69.8476	-69.8702	-69.8482	-69.7866	-69.6922	-69.5715	-69.43	-69.2716	-69.0995	-68.9156	-68.7212	-68.5171	-68.3036	-68.0808	-67.8485	-67.6063	-67.3537	-67.0902	-66.815	-66.5276	-66.2272	-65.9132	-65.5853	-65.2435	-64.8883	-64.5216	-64.1469	-63.7705	-63.4029	-63.06	-62.7651	-62.5492	-62.45	-62.5074
3.235	-69.7387	-69.8053	-69.8679	-69.8906	-69.8689	-69.8076	-69.7137	-69.5937	-69.4528	-69.2952	-69.1239	-68.9408	-68.7473	-68.5442	-68.3318	-68.1101	-67.879	-67.638	-67.3868	-67.1247	-66.8511	-66.5653	-66.2668	-65.9548	-65.629	-65.2894	-64.9368	-64.5728	-64.2012	-63.8281	-63.4639	-63.1247	-62.8334	-62.6208	-62.5242	-62.5827
3.24	-69.7593	-69.8256	-69.8882	-69.9109	-69.8894	-69.8286	-69.7352	-69.6157	-69.4755	-69.3187	-69.1482	-68.9659	-68.7734	-68.5712	-68.3598	-68.1392	-67.9092	-67.6695	-67.4197	-67.159	-66.887	-66.6029	-66.3061	-65.996	-65.6723	-65.3351	-64.9849	-64.6237	-64.255	-63.8851	-63.5244	-63.1888	-62.9011	-62.6918	-62.5976	-62.6572
3.245	-69.7799	-69.8459	-69.9084	-69.9311	-69.9099	-69.8494	-69.7566	-69.6377	-69.4982	-69.3421	-69.1723	-68.991	-68.7993	-68.5981	-68.3877	-68.1682	-67.9394	-67.7009	-67.4524	-67.1931	-66.9226	-66.6402	-66.3451	-66.037	-65.7154	-65.3805	-65.0328	-64.6743	-64.3085	-63.9418	-63.5845	-63.2523	-62.9681	-62.7621	-62.6704	-62.731
3.25	-69.8004	-69.8662	-69.9285	-69.9513	-69.9303	-69.8702	-69.7779	-69.6596	-69.5208	-69.3654	-69.1964	-69.0159	-68.8251	-68.6249	-68.4155	-68.197	-67.9694	-67.7321	-67.4849	-67.2271	-66.9581	-66.6772	-66.384	-66.0778	-65.7582	-65.4255	-65.0803	-64.7244	-64.3616	-63.998	-63.644	-63.3154	-63.0347	-62.8318	-62.7425	-62.8041
3.255	-69.8208	-69.8863	-69.9485	-69.9714	-69.9506	-69.8909	-69.7991	-69.6814	-69.5432	-69.3886	-69.2204	-69.0407	-68.8508	-68.6515	-68.4431	-68.2257	-67.9992	-67.7632	-67.5172	-67.2608	-66.9933	-66.7141	-66.4226	-66.1183	-65.8008	-65.4703	-65.1275	-64.7743	-64.4143	-64.0538	-63.7031	-63.3779	-63.1006	-62.9008	-62.8139	-62.8765
3.26	-69.8411	-69.9064	-69.9685	-69.9914	-69.9709	-69.9116	-69.8202	-69.7031	-69.5656	-69.4116	-69.2442	-69.0654	-68.8764	-68.678	-68.4706	-68.2543	-68.0289	-67.7941	-67.5494	-67.2944	-67.0284	-66.7507	-66.461	-66.1585	-65.8431	-65.5147	-65.1743	-64.8237	-64.4666	-64.1092	-63.7617	-63.4399	-63.1659	-62.9692	-62.8846	-62.9482
3.265	-69.8614	-69.9264	-69.9883	-70.0114	-69.9911	-69.9321	-69.8412	-69.7247	-69.5879	-69.4346	-69.268	-69.0899	-68.9018	-68.7044	-68.498	-68.2827	-68.0584	-67.8248	-67.5814	-67.3278	-67.0632	-66.7872	-66.4991	-66.1985	-65.8851	-65.5589	-65.2209	-64.8729	-64.5185	-64.1641	-63.8199	-63.5014	-63.2307	-63.037	-62.9546	-63.0192
3.27	-69.8816	-69.9464	-70.0082	-70.0312	-70.0112	-69.9526	-69.8622	-69.7463	-69.6101	-69.4575	-69.2916	-69.1144	-68.9271	-68.7306	-68.5252	-68.311	-68.0878	-67.8554	-67.6133	-67.361	-67.0979	-66.8234	-66.537	-66.2383	-65.9268	-65.6028	-65.2671	-64.9217	-64.5701	-64.2187	-63.8776	-63.5624	-63.295	-63.1042	-63.024	-63.0895
3.275	-69.9017	-69.9662	-70.0279	-70.051	-70.0312	-69.973	-69.8831	-69.7677	-69.6322	-69.4803	-69.3152	-69.1388	-68.9524	-68.7568	-68.5523	-68.3391	-68.1171	-67.8858	-67.645	-67.394	-67.1323	-66.8595	-66.5747	-66.2778	-65.9683	-65.6464	-65.3131	-64.9701	-64.6212	-64.2728	-63.9349	-63.6229	-63.3587	-63.1708	-63.0928	-63.1592
3.28	-69.9218	-69.986	-70.0476	-70.0708	-70.0512	-69.9933	-69.9039	-69.7891	-69.6542	-69.503	-69.3387	-69.163	-68.9775	-68.7828	-68.5793	-68.3671	-68.1462	-67.9161	-67.6765	-67.4268	-67.1666	-66.8953	-66.6122	-66.3171	-66.0095	-65.6898	-65.3587	-65.0182	-64.6721	-64.3265	-63.9917	-63.6829	-63.4218	-63.2368	-63.1609	-63.2282
3.285	-69.9418	-70.0058	-70.0672	-70.0904	-70.071	-70.0136	-69.9246	-69.8104	-69.6761	-69.5257	-69.362	-69.1872	-69.0025	-68.8087	-68.6062	-68.395	-68.1751	-67.9462	-67.7078	-67.4595	-67.2007	-66.9309	-66.6495	-66.3561	-66.0505	-65.7328	-65.404	-65.066	-64.7225	-64.3799	-64.0481	-63.7425	-63.4845	-63.3022	-63.2284	-63.2965
3.29	-69.9617	-70.0254	-70.0867	-70.11	-70.0909	-70.0338	-69.9453	-69.8316	-69.6979	-69.5482	-69.3853	-69.2112	-69.0274	-68.8345	-68.6329	-68.4228	-68.2039	-67.9762	-67.739	-67.492	-67.2346	-66.9663	-66.6865	-66.3949	-66.0912	-65.7756	-65.4491	-65.1135	-64.7726	-64.4328	-64.104	-63.8015	-63.5466	-63.3671	-63.2953	-63.3643
3.295	-69.9815	-70.045	-70.1062	-70.1295	-70.1106	-70.0539	-69.9658	-69.8527	-69.7197	-69.5706	-69.4084	-69.2352	-69.0521	-68.8601	-68.6595	-68.4504	-68.2326	-68.006	-67.77	-67.5243	-67.2683	-67.0015	-66.7234	-66.4335	-66.1317	-65.8181	-65.4938	-65.1606	-64.8224	-64.4854	-64.1596	-63.8601	-63.6082	-63.4314	-63.3616	-63.4313
3.3	-70.0013	-70.0645	-70.1256	-70.149	-70.1303	-70.0739	-69.9863	-69.8738	-69.7413	-69.5929	-69.4315	-69.259	-69.0768	-68.8857	-68.686	-68.4778	-68.2611	-68.0356	-67.8009	-67.5565	-67.3019	-67.0365	-66.76	-66.4718	-66.1719	-65.8604	-65.5382	-65.2075	-64.8718	-64.5375	-64.2147	-63.9182	-63.6693	-63.4951	-63.4273	-63.4978
3.305	-70.021	-70.084	-70.1449	-70.1684	-70.1499	-70.0938	-70.0067	-69.8947	-69.7629	-69.6152	-69.4545	-69.2828	-69.1014	-68.9111	-68.7123	-68.5052	-68.2895	-68.0651	-67.8316	-67.5884	-67.3352	-67.0714	-66.7964	-66.5099	-66.2118	-65.9023	-65.5824	-65.254	-64.9209	-64.5893	-64.2694	-63.9759	-63.7298	-63.5583	-63.4924	-63.5637
3.31	-70.0406	-70.1034	-70.1642	-70.1877	-70.1694	-70.1137	-70.0271	-69.9156	-69.7844	-69.6373	-69.4773	-69.3064	-69.1258	-68.9364	-68.7386	-68.5324	-68.3178	-68.0945	-67.8621	-67.6203	-67.3684	-67.106	-66.8326	-66.5478	-66.2516	-65.9441	-65.6262	-65.3002	-64.9696	-64.6407	-64.3236	-64.0331	-63.7899	-63.6209	-63.5569	-63.6289
3.315	-70.0602	-70.1227	-70.1834	-70.2069	-70.1888	-70.1335	-70.0473	-69.9364	-69.8058	-69.6594	-69.5001	-69.3299	-69.1502	-68.9616	-68.7647	-68.5595	-68.3459	-68.1237	-67.8925	-67.6519	-67.4014	-67.1404	-66.8686	-66.5855	-66.2911	-65.9855	-65.6698	-65.3461	-65.018	-64.6918	-64.3775	-64.0899	-63.8495	-63.683	-63.6209	-63.6936
3.32	-70.0797	-70.142	-70.2025	-70.2261	-70.2082	-70.1532	-70.0675	-69.9571	-69.8271	-69.6814	-69.5228	-69.3534	-69.1744	-68.9867	-68.7907	-68.5864	-68.3739	-68.1528	-67.9228	-67.6834	-67.4342	-67.1747	-66.9044	-66.623	-66.3303	-66.0267	-65.7131	-65.3916	-65.066	-64.7425	-64.431	-64.1462	-63.9086	-63.7446	-63.6843	-63.7577
3.325	-70.0991	-70.1611	-70.2215	-70.2452	-70.2275	-70.1729	-70.0876	-69.9778	-69.8483	-69.7033	-69.5454	-69.3767	-69.1986	-69.0117	-68.8166	-68.6133	-68.4017	-68.1817	-67.9528	-67.7147	-67.4668	-67.2087	-66.94	-66.6602	-66.3693	-66.0676	-65.7561	-65.4369	-65.1137	-64.7928	-64.4841	-64.2021	-63.9673	-63.8057	-63.7472	-63.8212
3.33	-70.1184	-70.1803	-70.2405	-70.2642	-70.2468	-70.1925	-70.1076	-69.9983	-69.8695	-69.7251	-69.5679	-69.4	-69.2226	-69.0366	-68.8423	-68.64	-68.4294	-68.2105	-67.9828	-67.7459	-67.4993	-67.2426	-66.9753	-66.6972	-66.4081	-66.1083	-65.7989	-65.4819	-65.1611	-64.8428	-64.5368	-64.2576	-64.0254	-63.8663	-63.8094	-63.8842
3.335	-70.1377	-70.1993	-70.2595	-70.2832	-70.266	-70.212	-70.1276	-70.0188	-69.8905	-69.7468	-69.5903	-69.4231	-69.2465	-69.0613	-68.868	-68.6666	-68.457	-68.2391	-68.0126	-67.7769	-67.5316	-67.2763	-67.0105	-66.734	-66.4466	-66.1488	-65.8414	-65.5266	-65.2082	-64.8924	-64.5891	-64.3126	-64.0831	-63.9263	-63.8712	-63.9466
3.34	-70.1569	-70.2183	-70.2783	-70.3021	-70.2851	-70.2314	-70.1475	-70.0392	-69.9115	-69.7684	-69.6126	-69.4461	-69.2703	-69.086	-68.8935	-68.693	-68.4845	-68.2676	-68.0422	-67.8077	-67.5637	-67.3098	-67.0455	-66.7706	-66.485	-66.1889	-65.8836	-65.571	-65.2549	-64.9417	-64.641	-64.3672	-64.1404	-63.9859	-63.9324	-64.0084
3.345	-70.1761	-70.2372	-70.2971	-70.321	-70.3041	-70.2508	-70.1673	-70.0595	-69.9324	-69.7899	-69.6348	-69.4691	-69.2941	-69.1105	-68.9189	-68.7194	-68.5118	-68.296	-68.0717	-67.8384	-67.5957	-67.3431	-67.0803	-66.807	-66.523	-66.2289	-65.9255	-65.6151	-65.3014	-64.9906	-64.6925	-64.4214	-64.1972	-64.0449	-63.9931	-64.0697
3.35	-70.1952	-70.2561	-70.3159	-70.3397	-70.3231	-70.2701	-70.187	-70.0798	-69.9533	-69.8114	-69.6569	-69.4919	-69.3177	-69.135	-68.9442	-68.7456	-68.539	-68.3242	-68.101	-67.8689	-67.6274	-67.3763	-67.1149	-66.8431	-66.5609	-66.2686	-65.9672	-65.6589	-65.3475	-65.0392	-64.7437	-64.4752	-64.2535	-64.1035	-64.0533	-64.1305
3.355	-70.2142	-70.2749	-70.3345	-70.3584	-70.342	-70.2893	-70.2067	-70.0999	-69.974	-69.8327	-69.679	-69.5147	-69.3412	-69.1593	-68.9694	-68.7717	-68.5661	-68.3523	-68.1302	-67.8992	-67.6591	-67.4092	-67.1493	-66.8791	-66.5986	-66.308	-66.0086	-65.7025	-65.3933	-65.0874	-64.7945	-64.5286	-64.3094	-64.1616	-64.113	-64.1907
3.36	-70.2332	-70.2936	-70.3531	-70.3771	-70.3608	-70.3085	-70.2263	-70.12	-69.9947	-69.854	-69.7009	-69.5374	-69.3646	-69.1835	-68.9945	-68.7977	-68.593	-68.3803	-68.1592	-67.9295	-67.6905	-67.442	-67.1835	-66.9149	-66.636	-66.3473	-66.0498	-65.7457	-65.4388	-65.1353	-64.8449	-64.5816	-64.3649	-64.2192	-64.1722	-64.2505
3.365	-70.2521	-70.3122	-70.3717	-70.3957	-70.3796	-70.3276	-70.2458	-70.14	-70.0152	-69.8752	-69.7228	-69.5599	-69.3879	-69.2076	-69.0194	-68.8235	-68.6198	-68.4081	-68.1881	-67.9595	-67.7218	-67.4746	-67.2176	-66.9504	-66.6732	-66.3862	-66.0907	-65.7887	-65.484	-65.1829	-64.895	-64.6342	-64.4199	-64.2764	-64.2309	-64.3097
3.37	-70.2709	-70.3308	-70.3902	-70.4142	-70.3983	-70.3466	-70.2652	-70.16	-70.0357	-69.8963	-69.7446	-69.5824	-69.4112	-69.2316	-69.0443	-68.8493	-68.6465	-68.4358	-68.2169	-67.9894	-67.7529	-67.5071	-67.2514	-66.9858	-66.7102	-66.425	-66.1313	-65.8314	-65.5289	-65.2302	-64.9447	-64.6864	-64.4745	-64.3331	-64.2891	-64.3684
3.375	-70.2896	-70.3494	-70.4086	-70.4326	-70.4169	-70.3656	-70.2846	-70.1798	-70.0562	-69.9174	-69.7662	-69.6048	-69.4343	-69.2555	-69.069	-68.8749	-68.673	-68.4634	-68.2455	-68.0192	-67.7839	-67.5393	-67.2851	-67.021	-66.7469	-66.4635	-66.1717	-65.8738	-65.5736	-65.2771	-64.994	-64.7382	-64.5287	-64.3894	-64.3468	-64.4266
3.38	-70.3083	-70.3679	-70.4269	-70.451	-70.4355	-70.3845	-70.3039	-70.1996	-70.0765	-69.9383	-69.7878	-69.6271	-69.4573	-69.2794	-69.0937	-68.9004	-68.6995	-68.4908	-68.274	-68.0488	-67.8147	-67.5714	-67.3186	-67.0559	-66.7835	-66.5018	-66.2119	-65.916	-65.6179	-65.3237	-65.0431	-64.7897	-64.5825	-64.4452	-64.404	-64.4843
3.385	-70.327	-70.3863	-70.4452	-70.4694	-70.454	-70.4033	-70.3231	-70.2193	-70.0968	-69.9592	-69.8094	-69.6493	-69.4802	-69.3031	-69.1182	-68.9258	-68.7258	-68.5181	-68.3023	-68.0782	-67.8454	-67.6033	-67.3518	-67.0907	-66.8199	-66.5399	-66.2518	-65.9579	-65.6619	-65.37	-65.0917	-64.8407	-64.6358	-64.5005	-64.4608	-64.5416
3.39	-70.3456	-70.4046	-70.4634	-70.4876	-70.4725	-70.4221	-70.3423	-70.239	-70.117	-69.98	-69.8308	-69.6714	-69.5031	-69.3267	-69.1426	-68.951	-68.752	-68.5452	-68.3306	-68.1075	-67.8758	-67.6351	-67.385	-67.1253	-66.856	-66.5777	-66.2915	-65.9995	-65.7057	-65.416	-65.1401	-64.8914	-64.6888	-64.5554	-64.5171	-64.5983
3.395	-70.3641	-70.4229	-70.4816	-70.5058	-70.4909	-70.4407	-70.3614	-70.2586	-70.1371	-70.0007	-69.8521	-69.6934	-69.5258	-69.3502	-69.1669	-68.9762	-68.7781	-68.5723	-68.3586	-68.1367	-67.9062	-67.6667	-67.4179	-67.1596	-66.8919	-66.6153	-66.3309	-66.0409	-65.7491	-65.4617	-65.188	-64.9417	-64.7413	-64.6099	-64.5729	-64.6546
3.4	-70.3825	-70.4411	-70.4997	-70.524	-70.5092	-70.4594	-70.3804	-70.2781	-70.1571	-70.0213	-69.8734	-69.7153	-69.5485	-69.3736	-69.1911	-69.0013	-68.804	-68.5992	-68.3866	-68.1657	-67.9364	-67.6981	-67.4507	-67.1938	-66.9277	-66.6527	-66.3701	-66.082	-65.7923	-65.5071	-65.2357	-64.9917	-64.7935	-64.664	-64.6283	-64.7105
3.405	-70.4009	-70.4593	-70.5178	-70.542	-70.5275	-70.4779	-70.3994	-70.2975	-70.1771	-70.0418	-69.8946	-69.7372	-69.571	-69.3969	-69.2152	-69.0262	-68.8299	-68.626	-68.4144	-68.1946	-67.9664	-67.7294	-67.4832	-67.2278	-66.9632	-66.6899	-66.409	-66.1229	-65.8352	-65.5522	-65.283	-65.0413	-64.8453	-64.7176	-64.6833	-64.7658
3.41	-70.4192	-70.4774	-70.5357	-70.5601	-70.5456	-70.4964	-70.4183	-70.3168	-70.197	-70.0623	-69.9156	-69.7589	-69.5935	-69.4201	-69.2392	-69.051	-68.8556	-68.6527	-68.442	-68.2233	-67.9963	-67.7605	-67.5156	-67.2616	-66.9985	-66.7269	-66.4478	-66.1635	-65.8778	-65.5969	-65.33	-65.0906	-64.8967	-64.7709	-64.7378	-64.8208
3.415	-70.4375	-70.4955	-70.5537	-70.578	-70.5638	-70.5148	-70.4371	-70.3361	-70.2168	-70.0827	-69.9366	-69.7806	-69.6158	-69.4432	-69.2631	-69.0758	-68.8812	-68.6792	-68.4696	-68.2519	-68.026	-67.7914	-67.5479	-67.2953	-67.0337	-66.7636	-66.4863	-66.2038	-65.9202	-65.6414	-65.3767	-65.1395	-64.9477	-64.8237	-64.7919	-64.8752
3.42	-70.4557	-70.5134	-70.5715	-70.5959	-70.5818	-70.5332	-70.4558	-70.3553	-70.2365	-70.103	-69.9576	-69.8022	-69.6381	-69.4662	-69.2869	-69.1004	-68.9067	-68.7056	-68.4969	-68.2804	-68.0556	-67.8222	-67.58	-67.3287	-67.0686	-66.8001	-66.5245	-66.244	-65.9623	-65.6856	-65.4231	-65.188	-64.9983	-64.8761	-64.8455	-64.9293
3.425	-70.4738	-70.5314	-70.5893	-70.6137	-70.5999	-70.5515	-70.4745	-70.3745	-70.2562	-70.1232	-69.9784	-69.8237	-69.6603	-69.4891	-69.3106	-69.1249	-68.932	-68.7319	-68.5242	-68.3087	-68.085	-67.8528	-67.6119	-67.362	-67.1034	-66.8365	-66.5625	-66.2838	-66.0041	-65.7295	-65.4691	-65.2362	-65.0486	-64.9281	-64.8988	-64.9829
3.43	-70.4919	-70.5492	-70.6071	-70.6315	-70.6178	-70.5697	-70.4931	-70.3936	-70.2758	-70.1434	-69.9992	-69.8451	-69.6824	-69.5119	-69.3342	-69.1493	-68.9573	-68.7581	-68.5514	-68.3369	-68.1143	-67.8833	-67.6436	-67.3951	-67.1379	-66.8726	-66.6003	-66.3234	-66.0457	-65.7731	-65.5149	-65.2841	-65.0985	-64.9798	-64.9516	-65.0361
3.435	-70.5099	-70.567	-70.6248	-70.6492	-70.6357	-70.5879	-70.5117	-70.4126	-70.2953	-70.1635	-70.0199	-69.8664	-69.7044	-69.5346	-69.3576	-69.1736	-68.9824	-68.7841	-68.5784	-68.3649	-68.1434	-67.9136	-67.6751	-67.428	-67.1723	-66.9085	-66.6379	-66.3628	-66.087	-65.8164	-65.5603	-65.3316	-65.148	-65.031	-65.004	-65.0888
3.44	-70.5279	-70.5848	-70.6424	-70.6669	-70.6535	-70.606	-70.5302	-70.4315	-70.3147	-70.1835	-70.0405	-69.8876	-69.7263	-69.5573	-69.381	-69.1978	-69.0075	-68.8101	-68.6053	-68.3928	-68.1724	-67.9437	-67.7066	-67.4607	-67.2064	-66.9442	-66.6753	-66.402	-66.128	-65.8595	-65.6054	-65.3788	-65.1972	-65.0818	-65.056	-65.1411
3.445	-70.5458	-70.6025	-70.66	-70.6845	-70.6713	-70.6241	-70.5486	-70.4504	-70.3341	-70.2034	-70.061	-69.9088	-69.7481	-69.5798	-69.4043	-69.2218	-69.0324	-68.8359	-68.632	-68.4206	-68.2013	-67.9738	-67.7378	-67.4933	-67.2404	-66.9797	-66.7124	-66.4409	-66.1688	-65.9022	-65.6502	-65.4257	-65.246	-65.1323	-65.1076	-65.1931
3.45	-70.5636	-70.6201	-70.6775	-70.702	-70.689	-70.6421	-70.567	-70.4692	-70.3534	-70.2233	-70.0814	-69.9299	-69.7699	-69.6022	-69.4275	-69.2458	-69.0572	-68.8616	-68.6587	-68.4483	-68.23	-68.0036	-67.7689	-67.5257	-67.2742	-67.015	-66.7494	-66.4796	-66.2093	-65.9447	-65.6947	-65.4723	-65.2944	-65.1824	-65.1588	-65.2446
3.455	-70.5814	-70.6377	-70.6949	-70.7195	-70.7066	-70.66	-70.5853	-70.4879	-70.3726	-70.243	-70.1018	-69.9508	-69.7915	-69.6246	-69.4506	-69.2697	-69.0819	-68.8872	-68.6852	-68.4758	-68.2586	-68.0333	-67.7998	-67.5579	-67.3078	-67.0501	-66.7861	-66.518	-66.2496	-65.987	-65.739	-65.5185	-65.3426	-65.2321	-65.2096	-65.2957
3.46	-70.5992	-70.6552	-70.7123	-70.7369	-70.7242	-70.6778	-70.6035	-70.5066	-70.3918	-70.2627	-70.1221	-69.9717	-69.8131	-69.6469	-69.4736	-69.2934	-69.1065	-68.9126	-68.7116	-68.5032	-68.287	-68.0629	-67.8305	-67.5899	-67.3412	-67.085	-66.8226	-66.5562	-66.2897	-66.0289	-65.7829	-65.5644	-65.3903	-65.2815	-65.26	-65.3464
3.465	-70.6168	-70.6727	-70.7297	-70.7543	-70.7417	-70.6956	-70.6216	-70.5252	-70.4109	-70.2824	-70.1423	-69.9926	-69.8345	-69.669	-69.4965	-69.3171	-69.131	-68.938	-68.7379	-68.5304	-68.3153	-68.0923	-67.8611	-67.6218	-67.3745	-67.1198	-66.8589	-66.5942	-66.3294	-66.0706	-65.8266	-65.61	-65.4378	-65.3305	-65.31	-65.3967
3.47	-70.6344	-70.6901	-70.747	-70.7716	-70.7592	-70.7134	-70.6397	-70.5437	-70.4299	-70.3019	-70.1624	-70.0133	-69.8559	-69.6911	-69.5193	-69.3407	-69.1554	-68.9632	-68.764	-68.5575	-68.3435	-68.1215	-67.8916	-67.6535	-67.4075	-67.1543	-66.895	-66.632	-66.369	-66.112	-65.8699	-65.6553	-65.4849	-65.3791	-65.3597	-65.4467
3.475	-70.652	-70.7074	-70.7642	-70.7889	-70.7766	-70.7311	-70.6578	-70.5622	-70.4489	-70.3214	-70.1825	-70.034	-69.8772	-69.7131	-69.542	-69.3642	-69.1796	-68.9883	-68.79	-68.5845	-68.3715	-68.1507	-67.9219	-67.6851	-67.4404	-67.1886	-66.9309	-66.6695	-66.4083	-66.1532	-65.913	-65.7003	-65.5317	-65.4274	-65.409	-65.4962
3.48	-70.6695	-70.7247	-70.7814	-70.8061	-70.794	-70.7487	-70.6758	-70.5806	-70.4678	-70.3408	-70.2024	-70.0546	-69.8985	-69.735	-69.5646	-69.3875	-69.2038	-69.0134	-68.816	-68.6114	-68.3994	-68.1796	-67.952	-67.7164	-67.4731	-67.2228	-66.9666	-66.7068	-66.4474	-66.1941	-65.9558	-65.7449	-65.5781	-65.4753	-65.4579	-65.5454
3.485	-70.6869	-70.7419	-70.7985	-70.8232	-70.8113	-70.7663	-70.6937	-70.5989	-70.4866	-70.3602	-70.2224	-70.0751	-69.9196	-69.7568	-69.5871	-69.4108	-69.2279	-69.0383	-68.8418	-68.6381	-68.4271	-68.2085	-67.982	-67.7477	-67.5057	-67.2567	-67.002	-66.7439	-66.4862	-66.2347	-65.9983	-65.7893	-65.6242	-65.5229	-65.5065	-65.5942
3.49	-70.7043	-70.7591	-70.8156	-70.8403	-70.8285	-70.7838	-70.7115	-70.6172	-70.5053	-70.3794	-70.2422	-70.0955	-69.9407	-69.7785	-69.6095	-69.434	-69.2518	-69.063	-68.8674	-68.6647	-68.4547	-68.2371	-68.0118	-67.7787	-67.538	-67.2905	-67.0373	-66.7808	-66.5248	-66.2751	-66.0406	-65.8334	-65.67	-65.5701	-65.5547	-65.6427
3.495	-70.7216	-70.7762	-70.8326	-70.8573	-70.8457	-70.8012	-70.7293	-70.6354	-70.524	-70.3986	-70.2619	-70.1158	-69.9616	-69.8001	-69.6319	-69.457	-69.2757	-69.0877	-68.893	-68.6912	-68.4822	-68.2657	-68.0415	-67.8096	-67.5702	-67.3241	-67.0724	-66.8175	-66.5632	-66.3153	-66.0825	-65.8772	-65.7155	-65.617	-65.6025	-65.6908
3.5	-70.7389	-70.7933	-70.8495	-70.8743	-70.8628	-70.8186	-70.7471	-70.6536	-70.5426	-70.4177	-70.2816	-70.1361	-69.9825	-69.8217	-69.6541	-69.48	-69.2994	-69.1123	-68.9184	-68.7176	-68.5096	-68.2941	-68.071	-67.8403	-67.6023	-67.3575	-67.1073	-66.854	-66.6013	-66.3552	-66.1242	-65.9207	-65.7607	-65.6636	-65.65	-65.7385
3.505	-70.7561	-70.8103	-70.8664	-70.8912	-70.8799	-70.8359	-70.7647	-70.6717	-70.5612	-70.4368	-70.3012	-70.1563	-70.0033	-69.8431	-69.6763	-69.5029	-69.3231	-69.1368	-68.9438	-68.7439	-68.5368	-68.3224	-68.1004	-67.8709	-67.6341	-67.3907	-67.1419	-66.8902	-66.6392	-66.3948	-66.1657	-65.9639	-65.8055	-65.7099	-65.6971	-65.7858
3.51	-70.7733	-70.8273	-70.8833	-70.9081	-70.8969	-70.8532	-70.7823	-70.6897	-70.5797	-70.4558	-70.3208	-70.1764	-70.024	-69.8645	-69.6983	-69.5257	-69.3466	-69.1611	-68.969	-68.77	-68.5639	-68.3505	-68.1297	-67.9013	-67.6658	-67.4237	-67.1764	-66.9262	-66.6769	-66.4342	-66.2069	-66.0068	-65.8501	-65.7558	-65.7439	-65.8329
3.515	-70.7904	-70.8442	-70.9001	-70.9249	-70.9138	-70.8704	-70.7999	-70.7076	-70.5981	-70.4747	-70.3402	-70.1964	-70.0447	-69.8858	-69.7203	-69.5484	-69.3701	-69.1854	-68.9941	-68.796	-68.5909	-68.3785	-68.1587	-67.9316	-67.6973	-67.4566	-67.2107	-66.9621	-66.7144	-66.4734	-66.2478	-66.0495	-65.8944	-65.8014	-65.7904	-65.8795
3.52	-70.8074	-70.861	-70.9168	-70.9416	-70.9307	-70.8875	-70.8174	-70.7255	-70.6164	-70.4936	-70.3596	-70.2164	-70.0653	-69.907	-69.7422	-69.571	-69.3934	-69.2095	-69.0191	-68.8219	-68.6177	-68.4064	-68.1877	-67.9617	-67.7287	-67.4893	-67.2449	-66.9977	-66.7516	-66.5123	-66.2884	-66.0919	-65.9383	-65.8466	-65.8365	-65.9258
3.525	-70.8244	-70.8778	-70.9335	-70.9583	-70.9476	-70.9046	-70.8348	-70.7434	-70.6347	-70.5124	-70.3789	-70.2363	-70.0858	-69.9281	-69.764	-69.5935	-69.4167	-69.2336	-69.044	-68.8477	-68.6444	-68.4341	-68.2165	-67.9917	-67.7599	-67.5218	-67.2788	-67.0331	-66.7886	-66.551	-66.3288	-66.1339	-65.982	-65.8916	-65.8823	-65.9718
3.53	-70.8414	-70.8946	-70.9501	-70.975	-70.9644	-70.9217	-70.8522	-70.7611	-70.6529	-70.5311	-70.3982	-70.2561	-70.1062	-69.9492	-69.7857	-69.6159	-69.4398	-69.2575	-69.0687	-68.8733	-68.671	-68.4617	-68.2452	-68.0215	-67.7909	-67.5541	-67.3125	-67.0684	-66.8255	-66.5895	-66.369	-66.1758	-66.0253	-65.9362	-65.9278	-66.0175
3.535	-70.8583	-70.9113	-70.9667	-70.9916	-70.9811	-70.9387	-70.8695	-70.7788	-70.6711	-70.5497	-70.4173	-70.2758	-70.1265	-69.9701	-69.8073	-69.6382	-69.4629	-69.2813	-69.0934	-68.8989	-68.6975	-68.4892	-68.2737	-68.0511	-67.8218	-67.5863	-67.3461	-67.1034	-66.862	-66.6277	-66.4089	-66.2173	-66.0684	-65.9806	-65.973	-66.0628
3.54	-70.8751	-70.9279	-70.9832	-71.0081	-70.9978	-70.9556	-70.8867	-70.7965	-70.6892	-70.5683	-70.4364	-70.2955	-70.1467	-69.991	-69.8288	-69.6604	-69.4858	-69.3051	-69.118	-68.9243	-68.7239	-68.5165	-68.3021	-68.0807	-67.8525	-67.6183	-67.3794	-67.1382	-66.8984	-66.6657	-66.4486	-66.2586	-66.1112	-66.0246	-66.0178	-66.1078
3.545	-70.8919	-70.9445	-70.9997	-71.0246	-71.0144	-70.9725	-70.904	-70.8141	-70.7072	-70.5868	-70.4555	-70.3151	-70.1669	-70.0118	-69.8503	-69.6825	-69.5087	-69.3287	-69.1424	-68.9496	-68.7501	-68.5437	-68.3303	-68.11	-67.883	-67.6501	-67.4126	-67.1729	-66.9346	-66.7035	-66.488	-66.2996	-66.1537	-66.0683	-66.0623	-66.1525
3.55	-70.9086	-70.961	-71.0161	-71.041	-71.031	-70.9893	-70.9211	-70.8316	-70.7252	-70.6053	-70.4744	-70.3346	-70.187	-70.0325	-69.8716	-69.7046	-69.5315	-69.3522	-69.1667	-68.9748	-68.7762	-68.5708	-68.3585	-68.1392	-67.9134	-67.6818	-67.4456	-67.2073	-66.9706	-66.7411	-66.5271	-66.3404	-66.1959	-66.1118	-66.1065	-66.1969
3.555	-70.9253	-70.9775	-71.0325	-71.0574	-71.0475	-71.006	-70.9382	-70.8491	-70.7431	-70.6236	-70.4933	-70.354	-70.207	-70.0532	-69.8929	-69.7265	-69.5541	-69.3757	-69.191	-68.9999	-68.8022	-68.5977	-68.3864	-68.1683	-67.9437	-67.7133	-67.4785	-67.2416	-67.0063	-66.7784	-66.5661	-66.3809	-66.2379	-66.1549	-66.1504	-66.2409
3.56	-70.9419	-70.994	-71.0488	-71.0738	-71.064	-71.0227	-70.9552	-70.8665	-70.7609	-70.642	-70.5122	-70.3734	-70.227	-70.0737	-69.9141	-69.7484	-69.5767	-69.399	-69.2151	-69.0249	-68.8281	-68.6246	-68.4143	-68.1972	-67.9738	-67.7446	-67.5111	-67.2757	-67.0419	-66.8155	-66.6048	-66.4211	-66.2796	-66.1978	-66.194	-66.2846
3.565	-70.9585	-71.0103	-71.0651	-71.09	-71.0804	-71.0394	-70.9722	-70.8838	-70.7787	-70.6602	-70.5309	-70.3927	-70.2469	-70.0942	-69.9352	-69.7702	-69.5992	-69.4222	-69.2391	-69.0497	-68.8538	-68.6513	-68.442	-68.226	-68.0037	-67.7758	-67.5436	-67.3095	-67.0772	-66.8524	-66.6432	-66.4611	-66.321	-66.2403	-66.2373	-66.3281
3.57	-70.975	-71.0267	-71.0813	-71.1063	-71.0968	-71.056	-70.9891	-70.9011	-70.7964	-70.6784	-70.5496	-70.4119	-70.2667	-70.1146	-69.9562	-69.7919	-69.6216	-69.4454	-69.263	-69.0745	-68.8795	-68.6778	-68.4696	-68.2547	-68.0335	-67.8068	-67.5759	-67.3432	-67.1124	-66.8891	-66.6814	-66.5009	-66.3621	-66.2826	-66.2803	-66.3712
3.575	-70.9914	-71.043	-71.0975	-71.1225	-71.1131	-71.0725	-71.0059	-70.9184	-70.8141	-70.6965	-70.5683	-70.4311	-70.2864	-70.1349	-69.9772	-69.8135	-69.6439	-69.4684	-69.2869	-69.0991	-68.905	-68.7043	-68.497	-68.2832	-68.0631	-67.8376	-67.6081	-67.3767	-67.1474	-66.9255	-66.7194	-66.5404	-66.403	-66.3246	-66.323	-66.414
3.58	-71.0079	-71.0592	-71.1136	-71.1386	-71.1293	-71.089	-71.0227	-70.9355	-70.8317	-70.7146	-70.5868	-70.4502	-70.306	-70.1551	-69.998	-69.835	-69.6661	-69.4913	-69.3106	-69.1236	-68.9304	-68.7306	-68.5243	-68.3116	-68.0926	-67.8683	-67.64	-67.4101	-67.1821	-66.9618	-66.7572	-66.5796	-66.4436	-66.3663	-66.3654	-66.4566
3.585	-71.0242	-71.0754	-71.1296	-71.1547	-71.1456	-71.1055	-71.0395	-70.9527	-70.8492	-70.7326	-70.6053	-70.4692	-70.3256	-70.1753	-70.0188	-69.8564	-69.6882	-69.5142	-69.3342	-69.1481	-68.9557	-68.7568	-68.5515	-68.3398	-68.122	-67.8989	-67.6718	-67.4432	-67.2167	-66.9978	-66.7947	-66.6186	-66.4839	-66.4077	-66.4075	-66.4988
3.59	-71.0405	-71.0915	-71.1457	-71.1707	-71.1617	-71.1218	-71.0562	-70.9697	-70.8667	-70.7505	-70.6237	-70.4882	-70.3451	-70.1954	-70.0395	-69.8778	-69.7103	-69.5369	-69.3577	-69.1724	-68.9809	-68.7829	-68.5786	-68.3679	-68.1512	-67.9292	-67.7035	-67.4762	-67.2511	-67.0337	-66.8321	-66.6574	-66.524	-66.4489	-66.4494	-66.5407
3.595	-71.0568	-71.1076	-71.1616	-71.1867	-71.1778	-71.1382	-71.0728	-70.9867	-70.8841	-70.7684	-70.6421	-70.507	-70.3645	-70.2154	-70.0601	-69.899	-69.7322	-69.5596	-69.3811	-69.1966	-69.0059	-68.8089	-68.6055	-68.3958	-68.1802	-67.9595	-67.7349	-67.509	-67.2852	-67.0693	-66.8692	-66.6959	-66.5639	-66.4898	-66.4909	-66.5824
3.6	-71.073	-71.1236	-71.1776	-71.2026	-71.1939	-71.1545	-71.0894	-71.0037	-70.9015	-70.7862	-70.6604	-70.5259	-70.3839	-70.2353	-70.0807	-69.9202	-69.754	-69.5822	-69.4044	-69.2207	-69.0309	-68.8348	-68.6323	-68.4237	-68.2091	-67.9895	-67.7662	-67.5416	-67.3192	-67.1047	-66.906	-66.7342	-66.6034	-66.5304	-66.5322	-66.6238
3.605	-71.0892	-71.1396	-71.1934	-71.2185	-71.2099	-71.1707	-71.1059	-71.0205	-70.9188	-70.804	-70.6786	-70.5446	-70.4032	-70.2552	-70.1011	-69.9413	-69.7758	-69.6046	-69.4276	-69.2447	-69.0557	-68.8605	-68.659	-68.4514	-68.2379	-68.0195	-67.7974	-67.574	-67.353	-67.1399	-66.9427	-66.7723	-66.6428	-66.5708	-66.5732	-66.6648
3.61	-71.1053	-71.1555	-71.2092	-71.2343	-71.2258	-71.1869	-71.1224	-71.0374	-70.936	-70.8216	-70.6968	-70.5633	-70.4224	-70.275	-70.1215	-69.9623	-69.7975	-69.627	-69.4508	-69.2686	-69.0805	-68.8861	-68.6856	-68.4789	-68.2665	-68.0492	-67.8284	-67.6063	-67.3866	-67.1749	-66.9791	-66.8101	-66.6819	-66.6109	-66.6139	-66.7057
3.615	-71.1214	-71.1714	-71.225	-71.2501	-71.2417	-71.203	-71.1388	-71.0542	-70.9532	-70.8393	-70.7149	-70.5819	-70.4415	-70.2947	-70.1418	-69.9832	-69.8191	-69.6493	-69.4738	-69.2924	-69.1051	-68.9116	-68.712	-68.5063	-68.295	-68.0788	-67.8592	-67.6384	-67.4201	-67.2098	-67.0154	-66.8477	-66.7207	-66.6507	-66.6544	-66.7462
3.62	-71.1374	-71.1872	-71.2407	-71.2658	-71.2576	-71.2191	-71.1552	-71.0709	-70.9703	-70.8568	-70.7329	-70.6004	-70.4606	-70.3143	-70.162	-70.0041	-69.8406	-69.6715	-69.4967	-69.3161	-69.1296	-68.937	-68.7383	-68.5336	-68.3234	-68.1083	-67.8898	-67.6703	-67.4533	-67.2444	-67.0514	-66.8851	-66.7593	-66.6903	-66.6946	-66.7865
3.625	-71.1534	-71.203	-71.2564	-71.2815	-71.2734	-71.2351	-71.1715	-71.0875	-70.9874	-70.8743	-70.7509	-70.6189	-70.4796	-70.3339	-70.1822	-70.0249	-69.862	-69.6936	-69.5195	-69.3397	-69.154	-68.9623	-68.7645	-68.5608	-68.3516	-68.1376	-67.9203	-67.702	-67.4864	-67.2788	-67.0872	-66.9222	-66.7977	-66.7296	-66.7345	-66.8265
3.63	-71.1693	-71.2188	-71.272	-71.2971	-71.2891	-71.251	-71.1878	-71.1042	-71.0044	-70.8918	-70.7688	-70.6373	-70.4985	-70.3533	-70.2023	-70.0455	-69.8833	-69.7156	-69.5423	-69.3632	-69.1783	-68.9874	-68.7906	-68.5879	-68.3797	-68.1668	-67.9507	-67.7336	-67.5193	-67.3131	-67.1228	-66.9591	-66.8358	-66.7687	-66.7741	-66.8662
3.635	-71.1851	-71.2345	-71.2876	-71.3127	-71.3049	-71.267	-71.204	-71.1207	-71.0213	-70.9092	-70.7867	-70.6556	-70.5174	-70.3728	-70.2222	-70.0661	-69.9046	-69.7375	-69.5649	-69.3866	-69.2025	-69.0125	-68.8165	-68.6148	-68.4076	-68.1958	-67.9809	-67.7651	-67.552	-67.3471	-67.1582	-66.9958	-66.8737	-66.8076	-66.8136	-66.9057
3.64	-71.201	-71.2501	-71.3032	-71.3283	-71.3205	-71.2828	-71.2201	-71.1372	-71.0382	-70.9265	-70.8045	-70.6739	-70.5362	-70.3921	-70.2422	-70.0867	-69.9257	-69.7593	-69.5874	-69.4099	-69.2266	-69.0374	-68.8424	-68.6416	-68.4354	-68.2247	-68.0109	-67.7963	-67.5845	-67.381	-67.1934	-67.0323	-66.9113	-66.8462	-66.8527	-66.9449
3.645	-71.2167	-71.2657	-71.3187	-71.3438	-71.3361	-71.2987	-71.2362	-71.1537	-71.0551	-70.9438	-70.8222	-70.6921	-70.5549	-70.4114	-70.262	-70.1071	-69.9468	-69.7811	-69.6099	-69.4331	-69.2506	-69.0622	-68.8681	-68.6682	-68.4631	-68.2535	-68.0408	-67.8274	-67.6169	-67.4146	-67.2284	-67.0686	-66.9488	-66.8845	-66.8916	-66.9839
3.65	-71.2325	-71.2812	-71.3341	-71.3592	-71.3517	-71.3144	-71.2523	-71.1701	-71.0719	-70.961	-70.8398	-70.7103	-70.5736	-70.4306	-70.2818	-70.1275	-69.9678	-69.8028	-69.6323	-69.4562	-69.2745	-69.087	-68.8937	-68.6948	-68.4906	-68.2821	-68.0705	-67.8583	-67.6491	-67.4481	-67.2632	-67.1046	-66.9859	-66.9226	-66.9303	-67.0226
3.655	-71.2481	-71.2968	-71.3495	-71.3746	-71.3672	-71.3301	-71.2683	-71.1864	-71.0886	-70.9781	-70.8574	-70.7284	-70.5922	-70.4497	-70.3015	-70.1478	-69.9887	-69.8243	-69.6545	-69.4792	-69.2983	-69.1116	-68.9192	-68.7212	-68.518	-68.3105	-68.1001	-67.8891	-67.6811	-67.4814	-67.2978	-67.1405	-67.0229	-66.9605	-66.9687	-67.061
3.66	-71.2638	-71.3122	-71.3648	-71.39	-71.3827	-71.3458	-71.2842	-71.2027	-71.1053	-70.9952	-70.875	-70.7464	-70.6107	-70.4688	-70.3211	-70.168	-70.0096	-69.8458	-69.6767	-69.5021	-69.3219	-69.1361	-68.9445	-68.7475	-68.5453	-68.3389	-68.1296	-67.9197	-67.713	-67.5145	-67.3322	-67.1761	-67.0597	-66.9981	-67.0068	-67.0992
3.665	-71.2794	-71.3276	-71.3801	-71.4053	-71.3981	-71.3614	-71.3001	-71.2189	-71.1219	-71.0122	-70.8925	-70.7644	-70.6292	-70.4878	-70.3406	-70.1881	-70.0303	-69.8672	-69.6988	-69.5249	-69.3455	-69.1605	-68.9698	-68.7737	-68.5725	-68.3671	-68.1589	-67.9502	-67.7446	-67.5475	-67.3664	-67.2116	-67.0962	-67.0355	-67.0447	-67.1372
3.67	-71.2949	-71.343	-71.3954	-71.4205	-71.4135	-71.377	-71.316	-71.2351	-71.1385	-71.0292	-70.9099	-70.7823	-70.6476	-70.5067	-70.3601	-70.2082	-70.051	-69.8885	-69.7208	-69.5476	-69.369	-69.1848	-68.9949	-68.7997	-68.5995	-68.3951	-68.188	-67.9805	-67.7761	-67.5803	-67.4004	-67.2468	-67.1325	-67.0727	-67.0824	-67.1749
3.675	-71.3104	-71.3583	-71.4106	-71.4358	-71.4288	-71.3925	-71.3318	-71.2513	-71.155	-71.0461	-70.9273	-70.8001	-70.6659	-70.5255	-70.3795	-70.2281	-70.0716	-69.9098	-69.7427	-69.5703	-69.3924	-69.2089	-69.02	-68.8256	-68.6264	-68.423	-68.217	-68.0106	-67.8075	-67.6128	-67.4342	-67.2818	-67.1686	-67.1096	-67.1199	-67.2124
3.68	-71.3258	-71.3736	-71.4258	-71.4509	-71.4441	-71.408	-71.3475	-71.2673	-71.1714	-71.063	-70.9446	-70.8179	-70.6842	-70.5443	-70.3988	-70.2481	-70.0921	-69.9309	-69.7645	-69.5928	-69.4157	-69.233	-69.0449	-68.8515	-68.6532	-68.4508	-68.2459	-68.0406	-67.8387	-67.6452	-67.4678	-67.3166	-67.2045	-67.1463	-67.1571	-67.2496
3.685	-71.3412	-71.3888	-71.4409	-71.466	-71.4593	-71.4235	-71.3633	-71.2834	-71.1878	-71.0798	-70.9618	-70.8356	-70.7024	-70.563	-70.4181	-70.2679	-70.1125	-69.952	-69.7862	-69.6152	-69.4388	-69.257	-69.0697	-68.8772	-68.6798	-68.4785	-68.2746	-68.0705	-67.8697	-67.6775	-67.5013	-67.3512	-67.2402	-67.1828	-67.194	-67.2866
3.69	-71.3566	-71.404	-71.456	-71.4811	-71.4745	-71.4388	-71.3789	-71.2993	-71.2042	-71.0966	-70.979	-70.8532	-70.7205	-70.5817	-70.4373	-70.2876	-70.1329	-69.973	-69.8079	-69.6376	-69.4619	-69.2809	-69.0944	-68.9027	-68.7063	-68.506	-68.3032	-68.1002	-67.9006	-67.7095	-67.5345	-67.3857	-67.2756	-67.2191	-67.2308	-67.3234
3.695	-71.3719	-71.4191	-71.471	-71.4962	-71.4896	-71.4542	-71.3945	-71.3153	-71.2205	-71.1133	-70.9961	-70.8708	-70.7386	-70.6003	-70.4564	-70.3073	-70.1531	-69.9939	-69.8295	-69.6598	-69.4849	-69.3046	-69.119	-68.9282	-68.7327	-68.5334	-68.3316	-68.1297	-67.9312	-67.7414	-67.5676	-67.4199	-67.3109	-67.2551	-67.2673	-67.3599
3.7	-71.3871	-71.4342	-71.486	-71.5111	-71.5047	-71.4695	-71.4101	-71.3311	-71.2367	-71.1299	-71.0132	-70.8883	-70.7566	-70.6188	-70.4755	-70.3269	-70.1733	-70.0147	-69.8509	-69.682	-69.5078	-69.3283	-69.1435	-68.9536	-68.759	-68.5606	-68.3599	-68.1591	-67.9618	-67.7731	-67.6005	-67.4539	-67.3459	-67.291	-67.3036	-67.3962
3.705	-71.4024	-71.4493	-71.5009	-71.5261	-71.5198	-71.4847	-71.4256	-71.347	-71.2529	-71.1465	-71.0302	-70.9058	-70.7745	-70.6372	-70.4944	-70.3465	-70.1934	-70.0354	-69.8723	-69.7041	-69.5306	-69.3518	-69.1679	-68.9788	-68.7852	-68.5878	-68.3881	-68.1884	-67.9922	-67.8047	-67.6332	-67.4877	-67.3807	-67.3266	-67.3397	-67.4323
3.71	-71.4175	-71.4643	-71.5158	-71.541	-71.5348	-71.4999	-71.441	-71.3627	-71.269	-71.163	-71.0471	-70.9232	-70.7924	-70.6556	-70.5134	-70.3659	-70.2135	-70.0561	-69.8936	-69.726	-69.5533	-69.3753	-69.1921	-69.0039	-68.8112	-68.6148	-68.4161	-68.2175	-68.0224	-67.8361	-67.6658	-67.5214	-67.4154	-67.362	-67.3755	-67.4681
3.715	-71.4327	-71.4792	-71.5307	-71.5558	-71.5497	-71.5151	-71.4564	-71.3785	-71.2851	-71.1795	-71.064	-70.9406	-70.8102	-70.6739	-70.5322	-70.3853	-70.2335	-70.0766	-69.9148	-69.7479	-69.5759	-69.3987	-69.2163	-69.029	-68.8371	-68.6417	-68.444	-68.2464	-68.0525	-67.8673	-67.6981	-67.5549	-67.4498	-67.3972	-67.4111	-67.5038
3.72	-71.4477	-71.4941	-71.5455	-71.5706	-71.5646	-71.5302	-71.4718	-71.3941	-71.3011	-71.1959	-71.0809	-70.9578	-70.828	-70.6922	-70.551	-70.4046	-70.2533	-70.0971	-69.936	-69.7697	-69.5984	-69.4219	-69.2403	-69.0539	-68.8629	-68.6684	-68.4717	-68.2752	-68.0824	-67.8983	-67.7303	-67.5881	-67.484	-67.4322	-67.4465	-67.5392
3.725	-71.4628	-71.509	-71.5603	-71.5854	-71.5795	-71.5452	-71.4871	-71.4098	-71.3171	-71.2123	-71.0977	-70.9751	-70.8457	-70.7104	-70.5697	-70.4239	-70.2732	-70.1176	-69.957	-69.7915	-69.6208	-69.4451	-69.2643	-69.0787	-68.8886	-68.695	-68.4994	-68.3039	-68.1122	-67.9292	-67.7623	-67.6212	-67.5181	-67.467	-67.4818	-67.5744
3.73	-71.4778	-71.5238	-71.575	-71.6001	-71.5943	-71.5602	-71.5024	-71.4253	-71.333	-71.2286	-71.1144	-70.9922	-70.8633	-70.7285	-70.5883	-70.4431	-70.2929	-70.1379	-69.978	-69.8131	-69.6432	-69.4682	-69.2882	-69.1033	-68.9142	-68.7215	-68.5269	-68.3324	-68.1418	-67.96	-67.7942	-67.6541	-67.5519	-67.5015	-67.5167	-67.6094
3.735	-71.4927	-71.5386	-71.5897	-71.6148	-71.6091	-71.5752	-71.5176	-71.4409	-71.3489	-71.2449	-71.1311	-71.0093	-70.8809	-70.7466	-70.6069	-70.4622	-70.3126	-70.1581	-69.9989	-69.8346	-69.6654	-69.4911	-69.3119	-69.1279	-68.9396	-68.7479	-68.5542	-68.3608	-68.1712	-67.9905	-67.8259	-67.6868	-67.5856	-67.5359	-67.5515	-67.6442
3.74	-71.5076	-71.5534	-71.6043	-71.6295	-71.6238	-71.5901	-71.5328	-71.4564	-71.3647	-71.2611	-71.1477	-71.0264	-70.8984	-70.7646	-70.6254	-70.4812	-70.3322	-70.1783	-70.0197	-69.8561	-69.6875	-69.514	-69.3356	-69.1524	-68.965	-68.7742	-68.5814	-68.3891	-68.2006	-68.0209	-67.8574	-67.7194	-67.619	-67.5701	-67.5861	-67.6787
3.745	-71.5225	-71.5681	-71.6189	-71.6441	-71.6385	-71.605	-71.5479	-71.4718	-71.3805	-71.2772	-71.1643	-71.0434	-70.9159	-70.7825	-70.6438	-70.5002	-70.3517	-70.1984	-70.0404	-69.8775	-69.7096	-69.5368	-69.3591	-69.1767	-68.9902	-68.8003	-68.6085	-68.4172	-68.2297	-68.0512	-67.8887	-67.7517	-67.6523	-67.6041	-67.6205	-67.7131
3.75	-71.5373	-71.5827	-71.6335	-71.6586	-71.6532	-71.6198	-71.563	-71.4872	-71.3962	-71.2933	-71.1808	-71.0603	-70.9333	-70.8004	-70.6622	-70.5191	-70.3711	-70.2185	-70.061	-69.8987	-69.7316	-69.5595	-69.3826	-69.201	-69.0153	-68.8263	-68.6355	-68.4452	-68.2588	-68.0813	-67.9199	-67.7839	-67.6854	-67.6378	-67.6546	-67.7472
3.755	-71.5521	-71.5974	-71.648	-71.6731	-71.6678	-71.6346	-71.578	-71.5025	-71.4119	-71.3094	-71.1972	-71.0772	-70.9506	-70.8182	-70.6805	-70.5379	-70.3905	-70.2384	-70.0816	-69.9199	-69.7534	-69.5821	-69.4059	-69.2251	-69.0403	-68.8522	-68.6624	-68.473	-68.2876	-68.1112	-67.9509	-67.8159	-67.7183	-67.6714	-67.6886	-67.7812
3.76	-71.5668	-71.6119	-71.6625	-71.6876	-71.6824	-71.6493	-71.593	-71.5178	-71.4276	-71.3254	-71.2136	-71.094	-70.9679	-70.8359	-70.6987	-70.5567	-70.4098	-70.2583	-70.1021	-69.9411	-69.7752	-69.6046	-69.4291	-69.2492	-69.0652	-68.878	-68.6891	-68.5007	-68.3164	-68.141	-67.9817	-67.8478	-67.751	-67.7048	-67.7223	-67.8149
3.765	-71.5815	-71.6265	-71.6769	-71.702	-71.6969	-71.664	-71.6079	-71.533	-71.4431	-71.3413	-71.23	-71.1108	-70.9851	-70.8536	-70.7169	-70.5753	-70.4291	-70.2781	-70.1225	-69.9621	-69.7969	-69.627	-69.4523	-69.2731	-69.09	-68.9037	-68.7157	-68.5283	-68.345	-68.1707	-68.0124	-67.8794	-67.7836	-67.738	-67.7559	-67.8484
3.77	-71.5962	-71.641	-71.6913	-71.7164	-71.7113	-71.6787	-71.6228	-71.5482	-71.4587	-71.3572	-71.2463	-71.1275	-71.0022	-70.8712	-70.735	-70.594	-70.4482	-70.2978	-70.1428	-69.9831	-69.8186	-69.6493	-69.4754	-69.297	-69.1146	-68.9292	-68.7422	-68.5558	-68.3734	-68.2002	-68.0429	-67.9109	-67.8159	-67.771	-67.7893	-67.8818
3.775	-71.6108	-71.6554	-71.7056	-71.7307	-71.7258	-71.6933	-71.6377	-71.5634	-71.4741	-71.3731	-71.2625	-71.1442	-71.0193	-70.8888	-70.7531	-70.6125	-70.4673	-70.3175	-70.163	-70.0039	-69.8401	-69.6715	-69.4983	-69.3207	-69.1392	-68.9546	-68.7685	-68.5831	-68.4018	-68.2295	-68.0733	-67.9423	-67.8481	-67.8038	-67.8224	-67.9149
3.78	-71.6253	-71.6698	-71.7199	-71.745	-71.7402	-71.7079	-71.6525	-71.5785	-71.4896	-71.3889	-71.2787	-71.1608	-71.0364	-70.9063	-70.7711	-70.631	-70.4863	-70.3371	-70.1832	-70.0247	-69.8615	-69.6936	-69.5212	-69.3443	-69.1636	-68.9799	-68.7947	-68.6103	-68.4299	-68.2587	-68.1035	-67.9734	-67.8801	-67.8365	-67.8554	-67.9479
3.785	-71.6399	-71.6842	-71.7342	-71.7593	-71.7545	-71.7224	-71.6673	-71.5935	-71.505	-71.4046	-71.2948	-71.1773	-71.0534	-70.9237	-70.789	-70.6494	-70.5053	-70.3566	-70.2033	-70.0454	-69.8829	-69.7157	-69.5439	-69.3679	-69.188	-69.0051	-68.8208	-68.6373	-68.458	-68.2878	-68.1335	-68.0044	-67.9119	-67.8689	-67.8882	-67.9807
3.79	-71.6543	-71.6985	-71.7484	-71.7735	-71.7688	-71.7369	-71.682	-71.6085	-71.5203	-71.4203	-71.3109	-71.1938	-71.0703	-70.9411	-70.8068	-70.6678	-70.5242	-70.376	-70.2233	-70.066	-69.9042	-69.7376	-69.5666	-69.3913	-69.2122	-69.0302	-68.8468	-68.6642	-68.4859	-68.3167	-68.1634	-68.0352	-67.9436	-67.9012	-67.9208	-68.0132
3.795	-71.6688	-71.7128	-71.7626	-71.7877	-71.7831	-71.7513	-71.6967	-71.6235	-71.5356	-71.436	-71.3269	-71.2103	-71.0872	-70.9584	-70.8246	-70.6861	-70.543	-70.3954	-70.2433	-70.0866	-69.9253	-69.7595	-69.5892	-69.4146	-69.2363	-69.0552	-68.8727	-68.6911	-68.5137	-68.3454	-68.1931	-68.0659	-67.975	-67.9333	-67.9532	-68.0456
3.8	-71.6832	-71.727	-71.7767	-71.8018	-71.7973	-71.7657	-71.7113	-71.6384	-71.5508	-71.4515	-71.3429	-71.2267	-71.104	-70.9757	-70.8424	-70.7043	-70.5617	-70.4147	-70.2631	-70.1071	-69.9464	-69.7813	-69.6117	-69.4379	-69.2604	-69.0801	-68.8985	-68.7177	-68.5413	-68.374	-68.2227	-68.0964	-68.0063	-67.9652	-67.9855	-68.0778
3.805	-71.6975	-71.7412	-71.7908	-71.8159	-71.8115	-71.7801	-71.7259	-71.6533	-71.566	-71.4671	-71.3588	-71.243	-71.1207	-70.9929	-70.86	-70.7225	-70.5804	-70.4339	-70.2829	-70.1275	-69.9675	-69.803	-69.6341	-69.461	-69.2843	-69.1048	-68.9241	-68.7443	-68.5688	-68.4025	-68.2522	-68.1267	-68.0375	-67.9969	-68.0175	-68.1098
3.81	-71.7119	-71.7554	-71.8049	-71.83	-71.8257	-71.7944	-71.7404	-71.6681	-71.5812	-71.4826	-71.3747	-71.2593	-71.1374	-71.01	-70.8777	-70.7406	-70.599	-70.4531	-70.3026	-70.1478	-69.9884	-69.8246	-69.6564	-69.484	-69.3081	-69.1295	-68.9496	-68.7707	-68.5962	-68.4308	-68.2814	-68.1569	-68.0684	-68.0285	-68.0494	-68.1416
3.815	-71.7261	-71.7695	-71.8189	-71.844	-71.8398	-71.8087	-71.7549	-71.6829	-71.5963	-71.498	-71.3906	-71.2755	-71.1541	-71.0271	-70.8952	-70.7586	-70.6176	-70.4721	-70.3223	-70.168	-70.0093	-69.8461	-69.6786	-69.507	-69.3318	-69.154	-68.975	-68.797	-68.6234	-68.459	-68.3106	-68.187	-68.0992	-68.0599	-68.0811	-68.1733
3.82	-71.7404	-71.7836	-71.8329	-71.858	-71.8538	-71.8229	-71.7694	-71.6976	-71.6113	-71.5134	-71.4063	-71.2917	-71.1707	-71.0442	-70.9127	-70.7766	-70.6361	-70.4911	-70.3419	-70.1882	-70.03	-69.8675	-69.7007	-69.5298	-69.3555	-69.1785	-69.0003	-68.8232	-68.6505	-68.4871	-68.3396	-68.2168	-68.1299	-68.0911	-68.1126	-68.2048
3.825	-71.7546	-71.7976	-71.8468	-71.8719	-71.8679	-71.8371	-71.7838	-71.7123	-71.6263	-71.5288	-71.4221	-71.3078	-71.1872	-71.0611	-70.9301	-70.7945	-70.6545	-70.5101	-70.3614	-70.2082	-70.0507	-69.8889	-69.7227	-69.5526	-69.379	-69.2028	-69.0255	-68.8493	-68.6775	-68.515	-68.3684	-68.2465	-68.1603	-68.1221	-68.1439	-68.2361
3.83	-71.7687	-71.8116	-71.8607	-71.8858	-71.8818	-71.8512	-71.7982	-71.727	-71.6413	-71.5441	-71.4377	-71.3239	-71.2037	-71.078	-70.9475	-70.8124	-70.6728	-70.529	-70.3808	-70.2282	-70.0714	-69.9101	-69.7447	-69.5752	-69.4024	-69.227	-69.0505	-68.8752	-68.7044	-68.5428	-68.3971	-68.2761	-68.1907	-68.153	-68.1751	-68.2672
3.835	-71.7828	-71.8256	-71.8746	-71.8997	-71.8958	-71.8653	-71.8125	-71.7416	-71.6562	-71.5594	-71.4534	-71.3399	-71.2201	-71.0949	-70.9648	-70.8302	-70.6911	-70.5478	-70.4001	-70.2482	-70.0919	-69.9313	-69.7665	-69.5978	-69.4257	-69.2511	-69.0755	-68.901	-68.7311	-68.5704	-68.4257	-68.3055	-68.2208	-68.1837	-68.2061	-68.2981
3.84	-71.7969	-71.8395	-71.8884	-71.9135	-71.9097	-71.8794	-71.8268	-71.7561	-71.6711	-71.5746	-71.4689	-71.3558	-71.2365	-71.1117	-70.9821	-70.8479	-70.7093	-70.5665	-70.4194	-70.268	-70.1123	-69.9524	-69.7883	-69.6203	-69.4489	-69.2751	-69.1003	-68.9267	-68.7577	-68.598	-68.4541	-68.3348	-68.2508	-68.2143	-68.2369	-68.3289
3.845	-71.8109	-71.8534	-71.9022	-71.9273	-71.9235	-71.8934	-71.841	-71.7706	-71.6859	-71.5897	-71.4845	-71.3717	-71.2528	-71.1285	-70.9993	-70.8655	-70.7275	-70.5852	-70.4386	-70.2878	-70.1327	-69.9734	-69.8099	-69.6427	-69.472	-69.299	-69.125	-68.9523	-68.7842	-68.6253	-68.4824	-68.3639	-68.2806	-68.2446	-68.2676	-68.3595
3.85	-71.8249	-71.8673	-71.916	-71.941	-71.9374	-71.9074	-71.8552	-71.7851	-71.7007	-71.6048	-71.4999	-71.3876	-71.2691	-71.1451	-71.0164	-70.8831	-70.7456	-70.6038	-70.4578	-70.3075	-70.153	-69.9943	-69.8315	-69.6649	-69.4951	-69.3228	-69.1497	-68.9778	-68.8105	-68.6526	-68.5105	-68.3928	-68.3103	-68.2748	-68.298	-68.3899
3.855	-71.8389	-71.8811	-71.9297	-71.9547	-71.9511	-71.9213	-71.8694	-71.7995	-71.7154	-71.6199	-71.5154	-71.4034	-71.2853	-71.1618	-71.0335	-70.9007	-70.7636	-70.6223	-70.4768	-70.3271	-70.1732	-70.0152	-69.853	-69.6871	-69.518	-69.3465	-69.1742	-69.0032	-68.8368	-68.6797	-68.5385	-68.4217	-68.3398	-68.3049	-68.3284	-68.4202
3.86	-71.8528	-71.8949	-71.9434	-71.9684	-71.9649	-71.9352	-71.8835	-71.8139	-71.7301	-71.6349	-71.5307	-71.4192	-71.3014	-71.1784	-71.0505	-70.9182	-70.7816	-70.6408	-70.4958	-70.3467	-70.1934	-70.0359	-69.8745	-69.7092	-69.5408	-69.3701	-69.1986	-69.0284	-68.8629	-68.7067	-68.5663	-68.4503	-68.3692	-68.3348	-68.3585	-68.4502
3.865	-71.8667	-71.9086	-71.957	-71.982	-71.9786	-71.9491	-71.8976	-71.8283	-71.7447	-71.6499	-71.5461	-71.4349	-71.3175	-71.1949	-71.0675	-70.9356	-70.7995	-70.6592	-70.5148	-70.3662	-70.2135	-70.0566	-69.8958	-69.7313	-69.5636	-69.3936	-69.2229	-69.0535	-68.8889	-68.7336	-68.5941	-68.4789	-68.3984	-68.3645	-68.3885	-68.4802
3.87	-71.8805	-71.9223	-71.9706	-71.9956	-71.9923	-71.9629	-71.9116	-71.8426	-71.7593	-71.6648	-71.5614	-71.4505	-71.3336	-71.2114	-71.0844	-70.9529	-70.8173	-70.6775	-70.5336	-70.3856	-70.2334	-70.0772	-69.917	-69.7532	-69.5862	-69.417	-69.2471	-69.0785	-68.9147	-68.7603	-68.6217	-68.5072	-68.4275	-68.3941	-68.4183	-68.5099
3.875	-71.8943	-71.9359	-71.9842	-72.0091	-72.0059	-71.9767	-71.9256	-71.8568	-71.7739	-71.6797	-71.5766	-71.4662	-71.3496	-71.2278	-71.1012	-70.9702	-70.8351	-70.6958	-70.5524	-70.4049	-70.2534	-70.0977	-69.9382	-69.775	-69.6088	-69.4403	-69.2711	-69.1035	-68.9405	-68.7869	-68.6491	-68.5355	-68.4564	-68.4235	-68.448	-68.5395
3.88	-71.9081	-71.9496	-71.9977	-72.0226	-72.0195	-71.9904	-71.9396	-71.871	-71.7884	-71.6946	-71.5918	-71.4817	-71.3656	-71.2441	-71.118	-70.9875	-70.8528	-70.714	-70.5711	-70.4242	-70.2732	-70.1182	-69.9593	-69.7968	-69.6312	-69.4635	-69.2951	-69.1283	-68.9661	-68.8134	-68.6764	-68.5636	-68.4852	-68.4528	-68.4775	-68.569
3.885	-71.9218	-71.9631	-72.0112	-72.0361	-72.033	-72.0041	-71.9535	-71.8852	-71.8029	-71.7094	-71.6069	-71.4972	-71.3815	-71.2604	-71.1347	-71.0047	-70.8704	-70.7321	-70.5898	-70.4434	-70.293	-70.1385	-69.9803	-69.8184	-69.6536	-69.4866	-69.319	-69.1529	-68.9916	-68.8398	-68.7036	-68.5915	-68.5138	-68.4819	-68.5068	-68.5983
3.89	-71.9355	-71.9767	-72.0246	-72.0496	-72.0465	-72.0178	-71.9674	-71.8993	-71.8173	-71.7241	-71.622	-71.5127	-71.3973	-71.2767	-71.1514	-71.0218	-70.888	-70.7502	-70.6084	-70.4625	-70.3127	-70.1588	-70.0012	-69.84	-69.6758	-69.5096	-69.3428	-69.1775	-69.0171	-68.866	-68.7307	-68.6194	-68.5423	-68.5108	-68.536	-68.6274
3.895	-71.9492	-71.9902	-72.038	-72.063	-72.06	-72.0314	-71.9812	-71.9134	-71.8317	-71.7388	-71.6371	-71.5281	-71.4131	-71.2929	-71.168	-71.0389	-70.9056	-70.7682	-70.6269	-70.4816	-70.3323	-70.179	-70.022	-69.8615	-69.698	-69.5325	-69.3664	-69.202	-69.0423	-68.8921	-68.7576	-68.647	-68.5706	-68.5396	-68.5651	-68.6563
3.9	-71.9628	-72.0037	-72.0514	-72.0763	-72.0735	-72.045	-71.995	-71.9275	-71.846	-71.7535	-71.6521	-71.5435	-71.4288	-71.309	-71.1846	-71.0559	-70.923	-70.7862	-70.6454	-70.5006	-70.3518	-70.1992	-70.0428	-69.8829	-69.7201	-69.5553	-69.39	-69.2263	-69.0675	-68.9181	-68.7844	-68.6746	-68.5988	-68.5683	-68.594	-68.6852
3.905	-71.9764	-72.0171	-72.0647	-72.0896	-72.0869	-72.0586	-72.0088	-71.9415	-71.8603	-71.7681	-71.667	-71.5588	-71.4445	-71.3251	-71.2011	-71.0728	-70.9404	-70.8041	-70.6637	-70.5195	-70.3713	-70.2192	-70.0634	-69.9042	-69.7421	-69.5781	-69.4135	-69.2506	-69.0926	-68.944	-68.8111	-68.702	-68.6269	-68.5968	-68.6227	-68.7138
3.91	-71.9899	-72.0305	-72.078	-72.1029	-72.1002	-72.0721	-72.0225	-71.9555	-71.8746	-71.7827	-71.6819	-71.5741	-71.4602	-71.3412	-71.2176	-71.0897	-70.9578	-70.8219	-70.6821	-70.5383	-70.3907	-70.2392	-70.084	-69.9254	-69.764	-69.6007	-69.4369	-69.2747	-69.1175	-68.9697	-68.8376	-68.7293	-68.6548	-68.6252	-68.6513	-68.7423
3.915	-72.0034	-72.0439	-72.0913	-72.1162	-72.1136	-72.0856	-72.0362	-71.9694	-71.8888	-71.7972	-71.6968	-71.5893	-71.4758	-71.3572	-71.234	-71.1066	-70.9751	-70.8397	-70.7003	-70.5571	-70.41	-70.2591	-70.1045	-69.9466	-69.7858	-69.6232	-69.4601	-69.2988	-69.1423	-68.9954	-68.864	-68.7564	-68.6825	-68.6534	-68.6797	-68.7707
3.92	-72.0169	-72.0572	-72.1045	-72.1294	-72.1268	-72.099	-72.0498	-71.9833	-71.903	-71.8117	-71.7116	-71.6044	-71.4913	-71.3731	-71.2503	-71.1233	-70.9923	-70.8574	-70.7185	-70.5758	-70.4293	-70.2789	-70.125	-69.9677	-69.8076	-69.6456	-69.4833	-69.3227	-69.1671	-69.0209	-68.8903	-68.7834	-68.7102	-68.6815	-68.708	-68.7989
3.925	-72.0303	-72.0705	-72.1177	-72.1426	-72.1401	-72.1124	-72.0634	-71.9971	-71.9171	-71.8261	-71.7264	-71.6196	-71.5068	-71.389	-71.2666	-71.1401	-71.0095	-70.875	-70.7367	-70.5945	-70.4485	-70.2987	-70.1453	-69.9886	-69.8292	-69.668	-69.5064	-69.3465	-69.1917	-69.0463	-68.9165	-68.8103	-68.7376	-68.7094	-68.7361	-68.827
3.93	-72.0437	-72.0837	-72.1309	-72.1557	-72.1533	-72.1257	-72.077	-72.0109	-71.9312	-71.8405	-71.7411	-71.6347	-71.5223	-71.4049	-71.2829	-71.1567	-71.0266	-70.8926	-70.7547	-70.6131	-70.4676	-70.3184	-70.1656	-70.0095	-69.8508	-69.6902	-69.5293	-69.3703	-69.2162	-69.0716	-68.9425	-68.8371	-68.765	-68.7372	-68.7641	-68.8549
3.935	-72.0571	-72.0969	-72.144	-72.1688	-72.1665	-72.1391	-72.0905	-72.0247	-71.9452	-71.8549	-71.7558	-71.6497	-71.5377	-71.4206	-71.2991	-71.1733	-71.0436	-70.9101	-70.7727	-70.6316	-70.4866	-70.338	-70.1858	-70.0303	-69.8723	-69.7124	-69.5522	-69.3939	-69.2406	-69.0967	-68.9685	-68.8637	-68.7922	-68.7649	-68.792	-68.8826
3.94	-72.0704	-72.1101	-72.1571	-72.1819	-72.1796	-72.1524	-72.104	-72.0384	-71.9592	-71.8692	-71.7704	-71.6647	-71.553	-71.4364	-71.3152	-71.1899	-71.0606	-70.9276	-70.7907	-70.65	-70.5056	-70.3575	-70.2059	-70.0511	-69.8936	-69.7345	-69.575	-69.4174	-69.2649	-69.1218	-68.9943	-68.8902	-68.8193	-68.7924	-68.8197	-68.9103
3.945	-72.0837	-72.1233	-72.1701	-72.1949	-72.1927	-72.1656	-72.1174	-72.0521	-71.9732	-71.8834	-71.785	-71.6796	-71.5684	-71.4521	-71.3313	-71.2064	-71.0776	-70.945	-70.8085	-70.6684	-70.5245	-70.377	-70.2259	-70.0717	-69.9149	-69.7564	-69.5977	-69.4409	-69.2891	-69.1467	-69.02	-68.9166	-68.8463	-68.8197	-68.8473	-68.9378
3.95	-72.0969	-72.1364	-72.1831	-72.208	-72.2058	-72.1788	-72.1308	-72.0658	-71.9871	-71.8977	-71.7996	-71.6945	-71.5836	-71.4677	-71.3473	-71.2229	-71.0945	-70.9623	-70.8264	-70.6867	-70.5433	-70.3964	-70.2459	-70.0923	-69.9362	-69.7783	-69.6203	-69.4642	-69.3131	-69.1716	-69.0455	-68.9428	-68.8731	-68.847	-68.8747	-68.9651
3.955	-72.1101	-72.1495	-72.1961	-72.2209	-72.2189	-72.192	-72.1442	-72.0794	-72.001	-71.9118	-71.8141	-71.7094	-71.5988	-71.4833	-71.3633	-71.2393	-71.1113	-70.9796	-70.8441	-70.705	-70.5621	-70.4157	-70.2658	-70.1128	-69.9573	-69.8001	-69.6428	-69.4874	-69.3371	-69.1963	-69.071	-68.9689	-68.8998	-68.8741	-68.902	-68.9923
3.96	-72.1233	-72.1625	-72.2091	-72.2338	-72.2319	-72.2051	-72.1575	-72.0929	-72.0148	-71.926	-71.8286	-71.7242	-71.614	-71.4988	-71.3792	-71.2556	-71.1281	-70.9968	-70.8618	-70.7231	-70.5808	-70.4349	-70.2856	-70.1332	-69.9783	-69.8219	-69.6652	-69.5105	-69.361	-69.2209	-69.0963	-68.9949	-68.9264	-68.901	-68.9291	-69.0194
3.965	-72.1364	-72.1755	-72.222	-72.2467	-72.2448	-72.2182	-72.1708	-72.1065	-72.0286	-71.9401	-71.843	-71.7389	-71.6291	-71.5143	-71.3951	-71.2719	-71.1448	-71.014	-70.8794	-70.7413	-70.5994	-70.4541	-70.3054	-70.1536	-69.9993	-69.8435	-69.6875	-69.5336	-69.3847	-69.2454	-69.1215	-69.0208	-68.9528	-68.9279	-68.9561	-69.0463
3.97	-72.1496	-72.1885	-72.2348	-72.2596	-72.2578	-72.2313	-72.1841	-72.12	-72.0424	-71.9541	-71.8573	-71.7536	-71.6442	-71.5298	-71.411	-71.2881	-71.1614	-71.0311	-70.897	-70.7593	-70.618	-70.4732	-70.325	-70.1738	-70.0202	-69.865	-69.7097	-69.5565	-69.4084	-69.2698	-69.1466	-69.0466	-68.9791	-68.9546	-68.983	-69.0731
3.975	-72.1626	-72.2014	-72.2477	-72.2724	-72.2706	-72.2443	-72.1973	-72.1334	-72.0561	-71.9682	-71.8717	-71.7683	-71.6592	-71.5452	-71.4267	-71.3043	-71.1781	-71.0481	-70.9145	-70.7773	-70.6365	-70.4922	-70.3446	-70.194	-70.041	-69.8865	-69.7319	-69.5793	-69.432	-69.2941	-69.1716	-69.0722	-69.0053	-68.9812	-69.0098	-69.0997
3.98	-72.1757	-72.2143	-72.2605	-72.2852	-72.2835	-72.2573	-72.2105	-72.1468	-72.0698	-71.9821	-71.886	-71.7829	-71.6742	-71.5605	-71.4425	-71.3204	-71.1946	-71.0651	-70.932	-70.7952	-70.655	-70.5112	-70.3642	-70.2141	-70.0617	-69.9078	-69.7539	-69.6021	-69.4554	-69.3183	-69.1965	-69.0977	-69.0313	-69.0076	-69.0364	-69.1263
3.985	-72.1887	-72.2272	-72.2733	-72.298	-72.2963	-72.2703	-72.2236	-72.1602	-72.0835	-71.9961	-71.9002	-71.7975	-71.6891	-71.5758	-71.4581	-71.3365	-71.2111	-71.082	-70.9493	-70.8131	-70.6733	-70.5301	-70.3836	-70.2342	-70.0824	-69.9291	-69.7759	-69.6247	-69.4788	-69.3423	-69.2212	-69.1231	-69.0573	-69.0339	-69.0629	-69.1526
3.99	-72.2016	-72.24	-72.286	-72.3107	-72.3091	-72.2832	-72.2367	-72.1736	-72.0971	-72.01	-71.9144	-71.812	-71.704	-71.591	-71.4738	-71.3525	-71.2275	-71.0989	-70.9667	-70.8309	-70.6916	-70.5489	-70.403	-70.2541	-70.1029	-69.9503	-69.7977	-69.6473	-69.502	-69.3663	-69.2459	-69.1484	-69.0831	-69.0601	-69.0892	-69.1789
3.995	-72.2146	-72.2528	-72.2987	-72.3234	-72.3219	-72.2961	-72.2498	-72.1869	-72.1106	-72.0238	-71.9286	-71.8265	-71.7188	-71.6062	-71.4893	-71.3685	-71.2439	-71.1157	-70.9839	-70.8486	-70.7099	-70.5677	-70.4223	-70.274	-70.1234	-69.9714	-69.8195	-69.6697	-69.5252	-69.3901	-69.2704	-69.1736	-69.1088	-69.0862	-69.1154	-69.205
4	-72.2275	-72.2656	-72.3114	-72.3361	-72.3346	-72.3089	-72.2628	-72.2001	-72.1241	-72.0376	-71.9427	-71.841	-71.7336	-71.6214	-71.5049	-71.3844	-71.2603	-71.1325	-71.0012	-70.8663	-70.728	-70.5864	-70.4415	-70.2938	-70.1438	-69.9925	-69.8412	-69.6921	-69.5482	-69.4139	-69.2949	-69.1986	-69.1344	-69.1121	-69.1415	-69.231
4.005	-72.2403	-72.2783	-72.324	-72.3487	-72.3473	-72.3218	-72.2758	-72.2134	-72.1376	-72.0514	-71.9568	-71.8554	-71.7484	-71.6365	-71.5204	-71.4003	-71.2765	-71.1492	-71.0183	-70.8839	-70.7461	-70.605	-70.4607	-70.3135	-70.1641	-70.0134	-69.8628	-69.7144	-69.5712	-69.4376	-69.3192	-69.2236	-69.1598	-69.1379	-69.1675	-69.2569
4.01	-72.2532	-72.291	-72.3366	-72.3613	-72.3599	-72.3345	-72.2888	-72.2265	-72.1511	-72.0651	-71.9708	-71.8698	-71.7631	-71.6516	-71.5358	-71.4161	-71.2928	-71.1658	-71.0354	-70.9015	-70.7642	-70.6236	-70.4798	-70.3332	-70.1844	-70.0343	-69.8843	-69.7366	-69.5941	-69.4611	-69.3434	-69.2484	-69.1851	-69.1636	-69.1933	-69.2826
4.015	-72.266	-72.3037	-72.3492	-72.3738	-72.3726	-72.3473	-72.3017	-72.2397	-72.1645	-72.0788	-71.9848	-71.8841	-71.7777	-71.6666	-71.5512	-71.4319	-71.3089	-71.1824	-71.0524	-70.919	-70.7822	-70.642	-70.4988	-70.3528	-70.2046	-70.0551	-69.9057	-69.7587	-69.6168	-69.4846	-69.3675	-69.2731	-69.2103	-69.1891	-69.219	-69.3082
4.02	-72.2787	-72.3163	-72.3617	-72.3864	-72.3851	-72.36	-72.3146	-72.2528	-72.1779	-72.0925	-71.9988	-71.8983	-71.7923	-71.6815	-71.5665	-71.4476	-71.3251	-71.199	-71.0694	-70.9364	-70.8001	-70.6605	-70.5177	-70.3723	-70.2246	-70.0758	-69.9271	-69.7806	-69.6395	-69.5079	-69.3915	-69.2977	-69.2354	-69.2146	-69.2446	-69.3337
4.025	-72.2914	-72.3289	-72.3742	-72.3988	-72.3977	-72.3727	-72.3275	-72.2659	-72.1912	-72.1061	-72.0127	-71.9126	-71.8069	-71.6964	-71.5818	-71.4633	-71.3411	-71.2155	-71.0863	-70.9538	-70.818	-70.6788	-70.5366	-70.3917	-70.2447	-70.0964	-69.9483	-69.8026	-69.6621	-69.5311	-69.4154	-69.3222	-69.2604	-69.2399	-69.2701	-69.3591
4.03	-72.3041	-72.3414	-72.3867	-72.4113	-72.4102	-72.3853	-72.3403	-72.2789	-72.2045	-72.1197	-72.0266	-71.9268	-71.8214	-71.7113	-71.597	-71.4789	-71.3571	-71.2319	-71.1032	-70.9711	-70.8357	-70.6971	-70.5555	-70.4111	-70.2646	-70.1169	-69.9695	-69.8244	-69.6846	-69.5543	-69.4392	-69.3465	-69.2853	-69.2651	-69.2954	-69.3843
4.035	-72.3168	-72.354	-72.3992	-72.4237	-72.4227	-72.3979	-72.3531	-72.292	-72.2178	-72.1332	-72.0404	-71.9409	-71.8359	-71.7262	-71.6122	-71.4945	-71.3731	-71.2483	-71.12	-70.9884	-70.8535	-70.7153	-70.5742	-70.4304	-70.2845	-70.1374	-69.9906	-69.8461	-69.707	-69.5773	-69.4629	-69.3708	-69.31	-69.2902	-69.3206	-69.4094
4.04	-72.3294	-72.3665	-72.4116	-72.4361	-72.4352	-72.4105	-72.3659	-72.3049	-72.231	-72.1467	-72.0542	-71.955	-71.8503	-71.7409	-71.6274	-71.51	-71.389	-71.2646	-71.1368	-71.0056	-70.8711	-70.7335	-70.5929	-70.4496	-70.3043	-70.1578	-70.0116	-69.8678	-69.7293	-69.6003	-69.4864	-69.395	-69.3346	-69.3152	-69.3457	-69.4344
4.045	-72.342	-72.3789	-72.4239	-72.4485	-72.4476	-72.4231	-72.3786	-72.3179	-72.2442	-72.1602	-72.068	-71.9691	-71.8647	-71.7557	-71.6425	-71.5255	-71.4049	-71.2809	-71.1535	-71.0228	-70.8888	-70.7516	-70.6115	-70.4688	-70.324	-70.1781	-70.0325	-69.8893	-69.7515	-69.6231	-69.5099	-69.419	-69.3592	-69.34	-69.3707	-69.4593
4.05	-72.3546	-72.3914	-72.4363	-72.4608	-72.46	-72.4356	-72.3913	-72.3308	-72.2573	-72.1736	-72.0817	-71.9831	-71.8791	-71.7704	-71.6575	-71.5409	-71.4207	-71.2971	-71.1701	-71.0398	-70.9063	-70.7696	-70.63	-70.4878	-70.3436	-70.1983	-70.0534	-69.9108	-69.7736	-69.6459	-69.5333	-69.4429	-69.3836	-69.3647	-69.3956	-69.4841
4.055	-72.3671	-72.4038	-72.4486	-72.4731	-72.4723	-72.448	-72.4039	-72.3436	-72.2704	-72.187	-72.0953	-71.9971	-71.8934	-71.785	-71.6725	-71.5563	-71.4365	-71.3132	-71.1867	-71.0569	-70.9238	-70.7876	-70.6485	-70.5068	-70.3632	-70.2185	-70.0741	-69.9322	-69.7956	-69.6686	-69.5566	-69.4668	-69.4079	-69.3894	-69.4203	-69.5087
4.06	-72.3796	-72.4161	-72.4609	-72.4854	-72.4846	-72.4605	-72.4165	-72.3565	-72.2835	-72.2003	-72.109	-72.011	-71.9077	-71.7996	-71.6875	-71.5716	-71.4522	-71.3294	-71.2032	-71.0738	-70.9412	-70.8055	-70.6669	-70.5258	-70.3827	-70.2386	-70.0948	-69.9535	-69.8175	-69.6911	-69.5797	-69.4905	-69.4321	-69.4139	-69.4449	-69.5332
4.065	-72.3921	-72.4285	-72.4731	-72.4976	-72.4969	-72.4729	-72.4291	-72.3692	-72.2965	-72.2136	-72.1226	-72.0249	-71.9219	-71.8142	-71.7024	-71.5869	-71.4678	-71.3454	-71.2197	-71.0907	-70.9586	-70.8234	-70.6853	-70.5447	-70.4021	-70.2586	-70.1154	-69.9747	-69.8394	-69.7136	-69.6028	-69.5141	-69.4561	-69.4382	-69.4694	-69.5576
4.07	-72.4045	-72.4408	-72.4853	-72.5098	-72.5092	-72.4853	-72.4417	-72.382	-72.3095	-72.2269	-72.1361	-72.0388	-71.9361	-71.8287	-71.7172	-71.6021	-71.4834	-71.3614	-71.2361	-71.1076	-70.9759	-70.8412	-70.7036	-70.5635	-70.4215	-70.2785	-70.1359	-69.9958	-69.8611	-69.736	-69.6258	-69.5377	-69.4801	-69.4625	-69.4938	-69.5819
4.075	-72.4169	-72.4531	-72.4975	-72.522	-72.5214	-72.4976	-72.4542	-72.3947	-72.3225	-72.2401	-72.1496	-72.0526	-71.9502	-71.8432	-71.7321	-71.6173	-71.499	-71.3774	-71.2525	-71.1244	-70.9932	-70.8589	-70.7218	-70.5822	-70.4407	-70.2983	-70.1563	-70.0169	-69.8828	-69.7583	-69.6487	-69.5611	-69.504	-69.4867	-69.5181	-69.6061
4.08	-72.4293	-72.4653	-72.5097	-72.5341	-72.5336	-72.5099	-72.4667	-72.4074	-72.3354	-72.2533	-72.1631	-72.0664	-71.9643	-71.8576	-71.7468	-71.6324	-71.5145	-71.3933	-71.2688	-71.1411	-71.0103	-70.8765	-70.7399	-70.6009	-70.46	-70.3181	-70.1767	-70.0378	-69.9044	-69.7804	-69.6714	-69.5844	-69.5277	-69.5107	-69.5423	-69.6302
4.085	-72.4416	-72.4775	-72.5218	-72.5462	-72.5457	-72.5222	-72.4791	-72.4201	-72.3483	-72.2665	-72.1766	-72.0801	-71.9784	-71.872	-71.7616	-71.6475	-71.53	-71.4091	-71.2851	-71.1578	-71.0275	-70.8941	-70.758	-70.6195	-70.4791	-70.3378	-70.197	-70.0587	-69.9259	-69.8025	-69.6941	-69.6076	-69.5514	-69.5347	-69.5663	-69.6541
4.09	-72.4539	-72.4897	-72.5339	-72.5583	-72.5579	-72.5345	-72.4915	-72.4327	-72.3612	-72.2796	-72.19	-72.0938	-71.9924	-71.8863	-71.7763	-71.6625	-71.5454	-71.4249	-71.3013	-71.1745	-71.0446	-70.9117	-70.776	-70.638	-70.4982	-70.3574	-70.2172	-70.0795	-69.9473	-69.8245	-69.7167	-69.6307	-69.5749	-69.5585	-69.5903	-69.678
4.095	-72.4662	-72.5018	-72.5459	-72.5703	-72.57	-72.5467	-72.5039	-72.4453	-72.374	-72.2927	-72.2033	-72.1075	-72.0063	-71.9006	-71.7909	-71.6775	-71.5608	-71.4407	-71.3174	-71.191	-71.0616	-70.9292	-70.794	-70.6565	-70.5172	-70.377	-70.2373	-70.1002	-69.9686	-69.8465	-69.7392	-69.6537	-69.5984	-69.5823	-69.6141	-69.7017
4.1	-72.4784	-72.514	-72.558	-72.5823	-72.582	-72.5588	-72.5162	-72.4578	-72.3868	-72.3057	-72.2167	-72.1211	-72.0203	-71.9149	-71.8055	-71.6925	-71.5761	-71.4564	-71.3335	-71.2076	-71.0785	-70.9466	-70.8119	-70.6749	-70.5361	-70.3964	-70.2574	-70.1209	-69.9898	-69.8683	-69.7616	-69.6766	-69.6217	-69.6059	-69.6378	-69.7253
4.105	-72.4907	-72.526	-72.57	-72.5943	-72.5941	-72.571	-72.5286	-72.4704	-72.3995	-72.3187	-72.2299	-72.1347	-72.0342	-71.9291	-71.82	-71.7074	-71.5913	-71.472	-71.3496	-71.224	-71.0954	-70.9639	-70.8297	-70.6932	-70.5549	-70.4159	-70.2773	-70.1414	-70.011	-69.89	-69.7839	-69.6995	-69.6449	-69.6294	-69.6615	-69.7488
4.11	-72.5028	-72.5381	-72.5819	-72.6063	-72.6061	-72.5831	-72.5408	-72.4828	-72.4123	-72.3317	-72.2432	-72.1483	-72.048	-71.9433	-71.8345	-71.7222	-71.6066	-71.4876	-71.3656	-71.2404	-71.1123	-70.9812	-70.8475	-70.7115	-70.5737	-70.4352	-70.2972	-70.1619	-70.0321	-69.9117	-69.8061	-69.7222	-69.6681	-69.6528	-69.685	-69.7722
4.115	-72.515	-72.5501	-72.5939	-72.6182	-72.618	-72.5952	-72.5531	-72.4953	-72.4249	-72.3446	-72.2564	-72.1618	-72.0618	-71.9574	-71.849	-71.7371	-71.6217	-71.5032	-71.3815	-71.2568	-71.1291	-70.9985	-70.8652	-70.7297	-70.5925	-70.4544	-70.3171	-70.1823	-70.053	-69.9332	-69.8282	-69.7448	-69.6911	-69.6761	-69.7084	-69.7955
4.12	-72.5271	-72.5621	-72.6058	-72.6301	-72.63	-72.6072	-72.5653	-72.5077	-72.4376	-72.3575	-72.2696	-72.1752	-72.0756	-71.9715	-71.8634	-71.7518	-71.6369	-71.5187	-71.3974	-71.2731	-71.1458	-71.0157	-70.8829	-70.7478	-70.6111	-70.4736	-70.3368	-70.2026	-70.0739	-69.9547	-69.8503	-69.7673	-69.714	-69.6993	-69.7317	-69.8187
4.125	-72.5392	-72.5741	-72.6177	-72.6419	-72.6419	-72.6193	-72.5775	-72.5201	-72.4502	-72.3704	-72.2827	-72.1886	-72.0893	-71.9855	-71.8778	-71.7665	-71.6519	-71.5341	-71.4133	-71.2894	-71.1625	-71.0328	-70.9005	-70.7659	-70.6297	-70.4928	-70.3565	-70.2228	-70.0947	-69.9761	-69.8722	-69.7897	-69.7369	-69.7224	-69.7549	-69.8418
4.13	-72.5512	-72.586	-72.6295	-72.6537	-72.6538	-72.6313	-72.5896	-72.5324	-72.4628	-72.3832	-72.2958	-72.202	-72.103	-71.9995	-71.8921	-71.7812	-71.667	-71.5496	-71.4291	-71.3055	-71.1791	-71.0498	-70.918	-70.7839	-70.6482	-70.5118	-70.3761	-70.243	-70.1155	-69.9974	-69.894	-69.8121	-69.7596	-69.7454	-69.778	-69.8648
4.135	-72.5633	-72.5979	-72.6413	-72.6655	-72.6656	-72.6432	-72.6018	-72.5448	-72.4753	-72.396	-72.3089	-72.2154	-72.1167	-72.0135	-71.9064	-71.7958	-71.682	-71.5649	-71.4448	-71.3217	-71.1957	-71.0668	-70.9355	-70.8019	-70.6667	-70.5308	-70.3956	-70.2631	-70.1361	-70.0186	-69.9158	-69.8343	-69.7822	-69.7683	-69.801	-69.8876
4.14	-72.5753	-72.6098	-72.6531	-72.6773	-72.6774	-72.6552	-72.6138	-72.557	-72.4878	-72.4088	-72.3219	-72.2287	-72.1303	-72.0274	-71.9207	-71.8104	-71.6969	-71.5802	-71.4605	-71.3378	-71.2122	-71.0838	-70.9529	-70.8198	-70.6851	-70.5497	-70.415	-70.2831	-70.1567	-70.0397	-69.9375	-69.8565	-69.8048	-69.7911	-69.8238	-69.9104
4.145	-72.5872	-72.6216	-72.6649	-72.689	-72.6892	-72.667	-72.6259	-72.5693	-72.5003	-72.4215	-72.3349	-72.242	-72.1438	-72.0413	-71.9349	-71.825	-71.7118	-71.5955	-71.4761	-71.3538	-71.2286	-71.1007	-70.9702	-70.8376	-70.7034	-70.5685	-70.4344	-70.303	-70.1772	-70.0608	-69.959	-69.8785	-69.8272	-69.8138	-69.8466	-69.9331
4.15	-72.5992	-72.6335	-72.6766	-72.7008	-72.701	-72.6789	-72.6379	-72.5815	-72.5127	-72.4342	-72.3478	-72.2552	-72.1574	-72.0551	-71.9491	-71.8395	-71.7266	-71.6107	-71.4917	-71.3698	-71.245	-71.1175	-70.9875	-70.8553	-70.7216	-70.5873	-70.4537	-70.3229	-70.1976	-70.0818	-69.9805	-69.9005	-69.8496	-69.8364	-69.8693	-69.9557
4.155	-72.6111	-72.6452	-72.6883	-72.7124	-72.7127	-72.6908	-72.6499	-72.5937	-72.5252	-72.4469	-72.3608	-72.2684	-72.1709	-72.0689	-71.9632	-71.8539	-71.7414	-71.6259	-71.5073	-71.3858	-71.2614	-71.1343	-71.0047	-70.8731	-70.7398	-70.606	-70.473	-70.3427	-70.2179	-70.1026	-70.0019	-69.9223	-69.8718	-69.8589	-69.8919	-69.9781
4.16	-72.6229	-72.657	-72.7	-72.7241	-72.7244	-72.7026	-72.6619	-72.6058	-72.5375	-72.4595	-72.3736	-72.2816	-72.1843	-72.0827	-71.9772	-71.8683	-71.7562	-71.641	-71.5228	-71.4016	-71.2777	-71.151	-71.0219	-70.8907	-70.758	-70.6247	-70.4921	-70.3624	-70.2382	-70.1234	-70.0232	-69.9441	-69.894	-69.8813	-69.9144	-70.0005
4.165	-72.6348	-72.6687	-72.7116	-72.7357	-72.7361	-72.7143	-72.6738	-72.618	-72.5499	-72.4721	-72.3865	-72.2947	-72.1977	-72.0964	-71.9913	-71.8827	-71.7709	-71.6561	-71.5382	-71.4175	-71.2939	-71.1677	-71.039	-70.9083	-70.776	-70.6432	-70.5112	-70.382	-70.2584	-70.1441	-70.0445	-69.9658	-69.916	-69.9036	-69.9368	-70.0228
4.17	-72.6466	-72.6804	-72.7232	-72.7473	-72.7477	-72.7261	-72.6857	-72.6301	-72.5622	-72.4846	-72.3993	-72.3078	-72.2111	-72.1101	-72.0053	-71.897	-71.7856	-71.6711	-71.5536	-71.4333	-71.3101	-71.1843	-71.0561	-70.9258	-70.794	-70.6617	-70.5303	-70.4016	-70.2785	-70.1648	-70.0656	-69.9874	-69.938	-69.9258	-69.959	-70.0449
4.175	-72.6584	-72.6921	-72.7348	-72.7588	-72.7593	-72.7378	-72.6976	-72.6421	-72.5745	-72.4971	-72.4121	-72.3208	-72.2244	-72.1237	-72.0192	-71.9113	-71.8002	-71.6861	-71.569	-71.449	-71.3263	-71.2009	-71.0731	-70.9432	-70.812	-70.6802	-70.5492	-70.4211	-70.2985	-70.1853	-70.0867	-70.0089	-69.9599	-69.9479	-69.9812	-70.067
4.18	-72.6701	-72.7037	-72.7463	-72.7704	-72.7709	-72.7495	-72.7094	-72.6541	-72.5867	-72.5096	-72.4248	-72.3338	-72.2377	-72.1373	-72.0332	-71.9256	-71.8148	-71.701	-71.5843	-71.4647	-71.3423	-71.2174	-71.09	-70.9606	-70.8298	-70.6985	-70.5681	-70.4405	-70.3184	-70.2058	-70.1076	-70.0303	-69.9817	-69.97	-70.0033	-70.089
4.185	-72.6819	-72.7153	-72.7579	-72.7819	-72.7824	-72.7611	-72.7212	-72.6661	-72.5989	-72.5221	-72.4375	-72.3468	-72.251	-72.1509	-72.047	-71.9398	-71.8293	-71.7159	-71.5995	-71.4803	-71.3584	-71.2338	-71.1069	-70.978	-70.8477	-70.7168	-70.5869	-70.4598	-70.3383	-70.2262	-70.1285	-70.0517	-70.0033	-69.9919	-70.0253	-70.1109
4.19	-72.6936	-72.7269	-72.7693	-72.7934	-72.794	-72.7728	-72.733	-72.6781	-72.6111	-72.5345	-72.4502	-72.3598	-72.2642	-72.1644	-72.0609	-71.9539	-71.8438	-71.7307	-71.6147	-71.4959	-71.3744	-71.2502	-71.1237	-70.9953	-70.8654	-70.7351	-70.6057	-70.4791	-70.3581	-70.2465	-70.1493	-70.0729	-70.0249	-70.0137	-70.0472	-70.1327
4.195	-72.7052	-72.7384	-72.7808	-72.8048	-72.8055	-72.7843	-72.7447	-72.69	-72.6232	-72.5469	-72.4628	-72.3727	-72.2774	-72.1779	-72.0747	-71.968	-71.8583	-71.7455	-71.6299	-71.5114	-71.3903	-71.2666	-71.1405	-71.0125	-70.8831	-70.7533	-70.6243	-70.4983	-70.3778	-70.2667	-70.17	-70.0941	-70.0465	-70.0355	-70.069	-70.1543
4.2	-72.7169	-72.75	-72.7922	-72.8162	-72.8169	-72.7959	-72.7564	-72.7019	-72.6353	-72.5592	-72.4754	-72.3855	-72.2906	-72.1914	-72.0884	-71.9821	-71.8727	-71.7603	-71.645	-71.5269	-71.4062	-71.2829	-71.1572	-71.0296	-70.9007	-70.7714	-70.6429	-70.5174	-70.3975	-70.2869	-70.1907	-70.1151	-70.0679	-70.0571	-70.0907	-70.1759
4.205	-72.7285	-72.7615	-72.8036	-72.8276	-72.8284	-72.8074	-72.7681	-72.7138	-72.6474	-72.5715	-72.488	-72.3984	-72.3037	-72.2048	-72.1021	-71.9961	-71.887	-71.775	-71.66	-71.5424	-71.422	-71.2991	-71.1739	-71.0467	-70.9183	-70.7894	-70.6615	-70.5364	-70.417	-70.307	-70.2112	-70.1361	-70.0892	-70.0787	-70.1124	-70.1974
4.21	-72.7401	-72.7729	-72.815	-72.839	-72.8398	-72.819	-72.7798	-72.7256	-72.6595	-72.5838	-72.5005	-72.4112	-72.3168	-72.2181	-72.1158	-72.0101	-71.9013	-71.7896	-71.6751	-71.5578	-71.4378	-71.3153	-71.1905	-71.0638	-70.9358	-70.8074	-70.68	-70.5554	-70.4365	-70.327	-70.2317	-70.157	-70.1105	-70.1001	-70.1339	-70.2188
4.215	-72.7516	-72.7844	-72.8264	-72.8503	-72.8511	-72.8304	-72.7914	-72.7374	-72.6715	-72.596	-72.513	-72.4239	-72.3298	-72.2315	-72.1294	-72.0241	-71.9156	-71.8042	-71.69	-71.5731	-71.4535	-71.3314	-71.207	-71.0808	-70.9532	-70.8253	-70.6984	-70.5743	-70.4559	-70.3469	-70.2521	-70.1779	-70.1316	-70.1215	-70.1553	-70.2402
4.22	-72.7631	-72.7958	-72.8377	-72.8616	-72.8625	-72.8419	-72.803	-72.7492	-72.6835	-72.6083	-72.5255	-72.4367	-72.3428	-72.2448	-72.143	-72.038	-71.9298	-71.8188	-71.705	-71.5884	-71.4692	-71.3475	-71.2235	-71.0977	-70.9706	-70.8432	-70.7167	-70.5932	-70.4753	-70.3667	-70.2724	-70.1986	-70.1527	-70.1428	-70.1767	-70.2614
4.225	-72.7746	-72.8072	-72.849	-72.8729	-72.8738	-72.8533	-72.8146	-72.761	-72.6954	-72.6204	-72.5379	-72.4493	-72.3558	-72.258	-72.1566	-72.0518	-71.944	-71.8333	-71.7198	-71.6036	-71.4848	-71.3635	-71.24	-71.1146	-70.9879	-70.861	-70.735	-70.612	-70.4946	-70.3865	-70.2927	-70.2192	-70.1737	-70.164	-70.1979	-70.2825
4.23	-72.7861	-72.8185	-72.8603	-72.8841	-72.8851	-72.8647	-72.8261	-72.7727	-72.7074	-72.6326	-72.5503	-72.462	-72.3687	-72.2712	-72.1701	-72.0657	-71.9582	-71.8478	-71.7347	-71.6188	-71.5004	-71.3795	-71.2564	-71.1314	-71.0052	-70.8787	-70.7532	-70.6307	-70.5138	-70.4062	-70.3128	-70.2398	-70.1946	-70.1851	-70.2191	-70.3036
4.235	-72.7975	-72.8298	-72.8715	-72.8953	-72.8964	-72.8761	-72.8376	-72.7844	-72.7192	-72.6447	-72.5627	-72.4746	-72.3816	-72.2844	-72.1836	-72.0794	-71.9723	-71.8623	-71.7495	-71.634	-71.5159	-71.3954	-71.2727	-71.1482	-71.0224	-70.8964	-70.7714	-70.6493	-70.5329	-70.4258	-70.3329	-70.2603	-70.2154	-70.2061	-70.2402	-70.3245
4.24	-72.809	-72.8411	-72.8827	-72.9065	-72.9076	-72.8874	-72.8491	-72.796	-72.7311	-72.6568	-72.575	-72.4872	-72.3945	-72.2975	-72.197	-72.0932	-71.9864	-71.8767	-71.7642	-71.6491	-71.5314	-71.4113	-71.289	-71.1649	-71.0396	-70.914	-70.7895	-70.6679	-70.552	-70.4454	-70.3529	-70.2807	-70.2361	-70.2271	-70.2612	-70.3454
4.245	-72.8203	-72.8524	-72.8939	-72.9177	-72.9188	-72.8987	-72.8605	-72.8076	-72.7429	-72.6689	-72.5873	-72.4998	-72.4073	-72.3107	-72.2104	-72.1069	-72.0004	-71.891	-71.7789	-71.6641	-71.5468	-71.4271	-71.3052	-71.1815	-71.0567	-70.9315	-70.8075	-70.6864	-70.571	-70.4648	-70.3728	-70.301	-70.2568	-70.2479	-70.2821	-70.3662
4.25	-72.8317	-72.8636	-72.9051	-72.9288	-72.93	-72.91	-72.8719	-72.8192	-72.7547	-72.6809	-72.5996	-72.5123	-72.4201	-72.3237	-72.2238	-72.1206	-72.0144	-71.9053	-71.7936	-71.6791	-71.5622	-71.4428	-71.3214	-71.1981	-71.0737	-70.949	-70.8254	-70.7048	-70.5899	-70.4842	-70.3927	-70.3213	-70.2773	-70.2687	-70.3029	-70.3869
4.255	-72.843	-72.8748	-72.9162	-72.9399	-72.9411	-72.9212	-72.8833	-72.8308	-72.7665	-72.6929	-72.6118	-72.5248	-72.4328	-72.3368	-72.2371	-72.1342	-72.0283	-71.9196	-71.8082	-71.6941	-71.5775	-71.4586	-71.3375	-71.2146	-71.0907	-70.9665	-70.8433	-70.7232	-70.6087	-70.5036	-70.4124	-70.3415	-70.2978	-70.2894	-70.3236	-70.4075
4.26	-72.8543	-72.886	-72.9273	-72.951	-72.9522	-72.9324	-72.8947	-72.8423	-72.7782	-72.7048	-72.624	-72.5372	-72.4455	-72.3497	-72.2504	-72.1478	-72.0422	-71.9338	-71.8227	-71.709	-71.5928	-71.4742	-71.3535	-71.2311	-71.1076	-70.9838	-70.8612	-70.7415	-70.6275	-70.5228	-70.4321	-70.3615	-70.3182	-70.31	-70.3442	-70.428
4.265	-72.8656	-72.8972	-72.9384	-72.9621	-72.9633	-72.9436	-72.906	-72.8538	-72.7899	-72.7168	-72.6362	-72.5496	-72.4582	-72.3627	-72.2636	-72.1613	-72.0561	-71.948	-71.8372	-71.7239	-71.608	-71.4899	-71.3696	-71.2476	-71.1245	-71.0011	-70.8789	-70.7598	-70.6462	-70.542	-70.4518	-70.3815	-70.3385	-70.3305	-70.3648	-70.4485
4.27	-72.8768	-72.9083	-72.9494	-72.9731	-72.9744	-72.9548	-72.9173	-72.8653	-72.8016	-72.7286	-72.6483	-72.562	-72.4709	-72.3756	-72.2768	-72.1748	-72.0699	-71.9621	-71.8517	-71.7387	-71.6232	-71.5054	-71.3855	-71.2639	-71.1413	-71.0184	-70.8966	-70.7779	-70.6649	-70.5611	-70.4713	-70.4015	-70.3588	-70.3509	-70.3853	-70.4688
4.275	-72.888	-72.9194	-72.9604	-72.9841	-72.9855	-72.9659	-72.9286	-72.8767	-72.8133	-72.7405	-72.6604	-72.5744	-72.4835	-72.3885	-72.29	-72.1883	-72.0837	-71.9762	-71.8662	-71.7535	-71.6384	-71.5209	-71.4014	-71.2803	-71.158	-71.0356	-70.9143	-70.796	-70.6835	-70.5801	-70.4908	-70.4213	-70.3789	-70.3712	-70.4057	-70.4891
4.28	-72.8992	-72.9305	-72.9714	-72.9951	-72.9965	-72.977	-72.9398	-72.8882	-72.8249	-72.7523	-72.6725	-72.5867	-72.4961	-72.4014	-72.3031	-72.2017	-72.0974	-71.9903	-71.8805	-71.7682	-71.6535	-71.5364	-71.4173	-71.2965	-71.1747	-71.0527	-70.9319	-70.8141	-70.702	-70.5991	-70.5102	-70.4411	-70.399	-70.3915	-70.426	-70.5093
4.285	-72.9104	-72.9416	-72.9824	-73.006	-73.0075	-72.9881	-72.9511	-72.8996	-72.8364	-72.7641	-72.6845	-72.599	-72.5086	-72.4142	-72.3162	-72.2151	-72.1111	-72.0043	-71.8949	-71.7829	-71.6685	-71.5518	-71.4331	-71.3127	-71.1913	-71.0698	-70.9494	-70.8321	-70.7204	-70.618	-70.5295	-70.4608	-70.419	-70.4117	-70.4462	-70.5294
4.29	-72.9215	-72.9526	-72.9934	-73.0169	-73.0184	-72.9992	-72.9623	-72.9109	-72.848	-72.7759	-72.6965	-72.6112	-72.5211	-72.427	-72.3293	-72.2285	-72.1247	-72.0183	-71.9092	-71.7976	-71.6835	-71.5672	-71.4489	-71.3289	-71.2079	-71.0868	-70.9669	-70.85	-70.7388	-70.6368	-70.5487	-70.4804	-70.4389	-70.4318	-70.4663	-70.5494
4.295	-72.9326	-72.9636	-73.0043	-73.0278	-73.0294	-73.0102	-72.9734	-72.9222	-72.8595	-72.7877	-72.7085	-72.6234	-72.5336	-72.4397	-72.3423	-72.2418	-72.1384	-72.0322	-71.9235	-71.8122	-71.6985	-71.5825	-71.4646	-71.345	-71.2244	-71.1037	-70.9843	-70.8678	-70.7571	-70.6556	-70.5679	-70.5	-70.4588	-70.4518	-70.4864	-70.5693
4.3	-72.9437	-72.9746	-73.0152	-73.0387	-73.0403	-73.0212	-72.9846	-72.9335	-72.871	-72.7994	-72.7204	-72.6356	-72.546	-72.4524	-72.3553	-72.2551	-72.1519	-72.0461	-71.9377	-71.8267	-71.7134	-71.5978	-71.4802	-71.3611	-71.2409	-71.1206	-71.0016	-70.8856	-70.7754	-70.6743	-70.587	-70.5195	-70.4785	-70.4717	-70.5064	-70.5892
4.305	-72.9548	-72.9855	-73.026	-73.0496	-73.0511	-73.0322	-72.9957	-72.9448	-72.8825	-72.811	-72.7323	-72.6478	-72.5584	-72.4651	-72.3683	-72.2683	-72.1655	-72.06	-71.9518	-71.8412	-71.7282	-71.613	-71.4958	-71.3771	-71.2573	-71.1375	-71.0189	-70.9034	-70.7935	-70.6929	-70.6061	-70.5389	-70.4982	-70.4916	-70.5263	-70.609
4.31	-72.9658	-72.9964	-73.0369	-73.0604	-73.062	-73.0431	-73.0067	-72.9561	-72.8939	-72.8227	-72.7442	-72.6599	-72.5708	-72.4777	-72.3812	-72.2815	-72.179	-72.0738	-71.966	-71.8557	-71.7431	-71.6282	-71.5114	-71.393	-71.2737	-71.1543	-71.0361	-70.921	-70.8117	-70.7115	-70.625	-70.5582	-70.5178	-70.5114	-70.5461	-70.6287
4.315	-72.9768	-73.0073	-73.0477	-73.0712	-73.0728	-73.054	-73.0178	-72.9673	-72.9053	-72.8343	-72.7561	-72.672	-72.5832	-72.4903	-72.3941	-72.2947	-72.1925	-72.0875	-71.9801	-71.8701	-71.7578	-71.6433	-71.5269	-71.4089	-71.29	-71.171	-71.0533	-70.9387	-70.8297	-70.7299	-70.6439	-70.5774	-70.5373	-70.5311	-70.5658	-70.6483
4.32	-72.9878	-73.0182	-73.0585	-73.0819	-73.0836	-73.0649	-73.0288	-72.9785	-72.9167	-72.8459	-72.7679	-72.684	-72.5955	-72.5029	-72.4069	-72.3078	-72.2059	-72.1013	-71.9941	-71.8845	-71.7726	-71.6584	-71.5424	-71.4248	-71.3063	-71.1877	-71.0704	-70.9562	-70.8477	-70.7484	-70.6628	-70.5966	-70.5568	-70.5507	-70.5855	-70.6678
4.325	-72.9987	-73.029	-73.0692	-73.0927	-73.0944	-73.0758	-73.0398	-72.9896	-72.9281	-72.8575	-72.7796	-72.6961	-72.6077	-72.5154	-72.4197	-72.3209	-72.2193	-72.115	-72.0081	-71.8988	-71.7872	-71.6735	-71.5578	-71.4406	-71.3225	-71.2043	-71.0874	-70.9737	-70.8656	-70.7667	-70.6815	-70.6157	-70.5762	-70.5703	-70.6051	-70.6873
4.33	-73.0097	-73.0398	-73.08	-73.1034	-73.1051	-73.0866	-73.0508	-73.0008	-72.9394	-72.869	-72.7914	-72.708	-72.62	-72.5279	-72.4325	-72.3339	-72.2326	-72.1286	-72.0221	-71.9131	-71.8019	-71.6885	-71.5732	-71.4563	-71.3386	-71.2209	-71.1044	-70.9911	-70.8835	-70.785	-70.7002	-70.6348	-70.5955	-70.5898	-70.6246	-70.7067
4.335	-73.0206	-73.0506	-73.0907	-73.1141	-73.1159	-73.0974	-73.0617	-73.0119	-72.9507	-72.8805	-72.8031	-72.72	-72.6322	-72.5404	-72.4452	-72.347	-72.2459	-72.1422	-72.036	-71.9274	-71.8165	-71.7034	-71.5885	-71.472	-71.3547	-71.2374	-71.1214	-71.0085	-70.9013	-70.8032	-70.7188	-70.6537	-70.6147	-70.6092	-70.644	-70.726
4.34	-73.0314	-73.0614	-73.1013	-73.1247	-73.1266	-73.1082	-73.0726	-73.0229	-72.9619	-72.8919	-72.8148	-72.7319	-72.6444	-72.5528	-72.4579	-72.3599	-72.2592	-72.1558	-72.0499	-71.9416	-71.831	-71.7183	-71.6037	-71.4877	-71.3708	-71.2538	-71.1382	-71.0258	-70.919	-70.8214	-70.7374	-70.6726	-70.6339	-70.6285	-70.6634	-70.7452
4.345	-73.0423	-73.0721	-73.112	-73.1354	-73.1372	-73.119	-73.0835	-73.034	-72.9732	-72.9034	-72.8265	-72.7438	-72.6565	-72.5652	-72.4706	-72.3729	-72.2724	-72.1693	-72.0638	-71.9558	-71.8455	-71.7332	-71.619	-71.5033	-71.3867	-71.2702	-71.1551	-71.043	-70.9367	-70.8395	-70.7558	-70.6914	-70.653	-70.6477	-70.6826	-70.7644
4.35	-73.0531	-73.0828	-73.1226	-73.146	-73.1479	-73.1297	-73.0944	-73.045	-72.9844	-72.9148	-72.8381	-72.7557	-72.6686	-72.5776	-72.4832	-72.3858	-72.2856	-72.1828	-72.0776	-71.9699	-71.86	-71.748	-71.6341	-71.5188	-71.4027	-71.2866	-71.1718	-71.0602	-70.9543	-70.8575	-70.7742	-70.7102	-70.672	-70.6669	-70.7018	-70.7834
4.355	-73.0639	-73.0935	-73.1333	-73.1565	-73.1585	-73.1404	-73.1052	-73.056	-72.9956	-72.9262	-72.8497	-72.7675	-72.6807	-72.5899	-72.4958	-72.3987	-72.2988	-72.1963	-72.0913	-71.984	-71.8744	-71.7627	-71.6493	-71.5343	-71.4186	-71.3029	-71.1885	-71.0773	-70.9718	-70.8754	-70.7926	-70.7289	-70.6909	-70.686	-70.721	-70.8024
4.36	-73.0747	-73.1042	-73.1438	-73.1671	-73.1691	-73.1511	-73.116	-73.067	-73.0067	-72.9375	-72.8613	-72.7793	-72.6927	-72.6022	-72.5084	-72.4115	-72.3119	-72.2097	-72.105	-71.998	-71.8888	-71.7775	-71.6643	-71.5498	-71.4344	-71.3191	-71.2052	-71.0944	-70.9893	-70.8933	-70.8109	-70.7475	-70.7098	-70.705	-70.74	-70.8214
4.365	-73.0854	-73.1148	-73.1544	-73.1776	-73.1797	-73.1617	-73.1268	-73.0779	-73.0178	-72.9489	-72.8728	-72.7911	-72.7047	-72.6145	-72.5209	-72.4243	-72.325	-72.2231	-72.1187	-72.012	-71.9031	-71.7921	-71.6794	-71.5652	-71.4502	-71.3353	-71.2218	-71.1114	-71.0068	-70.9112	-70.8291	-70.766	-70.7286	-70.724	-70.759	-70.8402
4.37	-73.0961	-73.1255	-73.1649	-73.1882	-73.1902	-73.1724	-73.1375	-73.0888	-73.0289	-72.9601	-72.8843	-72.8028	-72.7167	-72.6267	-72.5334	-72.4371	-72.338	-72.2364	-72.1324	-72.026	-71.9174	-71.8068	-71.6944	-71.5805	-71.4659	-71.3514	-71.2383	-71.1284	-71.0241	-70.9289	-70.8472	-70.7845	-70.7473	-70.7429	-70.7779	-70.859
4.375	-73.1068	-73.136	-73.1754	-73.1986	-73.2007	-73.183	-73.1483	-73.0997	-73.04	-72.9714	-72.8958	-72.8146	-72.7287	-72.6389	-72.5459	-72.4498	-72.351	-72.2497	-72.146	-72.0399	-71.9316	-71.8214	-71.7093	-71.5958	-71.4816	-71.3675	-71.2548	-71.1453	-71.0414	-70.9467	-70.8653	-70.8029	-70.766	-70.7617	-70.7967	-70.8777
4.38	-73.1175	-73.1466	-73.1859	-73.2091	-73.2112	-73.1936	-73.159	-73.1105	-73.051	-72.9827	-72.9073	-72.8262	-72.7406	-72.6511	-72.5583	-72.4625	-72.364	-72.263	-72.1595	-72.0538	-71.9459	-71.8359	-71.7242	-71.6111	-71.4973	-71.3835	-71.2712	-71.1621	-71.0587	-70.9643	-70.8833	-70.8213	-70.7846	-70.7804	-70.8155	-70.8963
4.385	-73.1281	-73.1571	-73.1964	-73.2195	-73.2217	-73.2041	-73.1696	-73.1214	-73.062	-72.9939	-72.9187	-72.8379	-72.7525	-72.6632	-72.5707	-72.4752	-72.377	-72.2762	-72.1731	-72.0676	-71.96	-71.8504	-71.739	-71.6263	-71.5129	-71.3995	-71.2876	-71.1789	-71.0759	-70.9819	-70.9013	-70.8395	-70.8031	-70.7991	-70.8342	-70.9149
4.39	-73.1388	-73.1676	-73.2068	-73.2299	-73.2321	-73.2146	-73.1803	-73.1322	-73.073	-73.005	-72.9301	-72.8495	-72.7643	-72.6753	-72.583	-72.4878	-72.3899	-72.2894	-72.1866	-72.0814	-71.9741	-71.8649	-71.7538	-71.6415	-71.5284	-71.4155	-71.3039	-71.1956	-71.093	-70.9994	-70.9192	-70.8577	-70.8216	-70.8177	-70.8528	-70.9334
4.395	-73.1494	-73.1781	-73.2172	-73.2403	-73.2426	-73.2251	-73.1909	-73.143	-73.084	-73.0162	-72.9414	-72.8611	-72.7762	-72.6874	-72.5954	-72.5004	-72.4027	-72.3026	-72.2	-72.0952	-71.9882	-71.8793	-71.7686	-71.6566	-71.5439	-71.4313	-71.3202	-71.2123	-71.1101	-71.0169	-70.937	-70.8759	-70.84	-70.8362	-70.8713	-70.9518
4.4	-73.1599	-73.1886	-73.2276	-73.2507	-73.253	-73.2356	-73.2015	-73.1537	-73.0949	-73.0273	-72.9528	-72.8726	-72.7879	-72.6994	-72.6077	-72.5129	-72.4156	-72.3157	-72.2134	-72.1089	-72.0022	-71.8936	-71.7833	-71.6717	-71.5593	-71.4471	-71.3364	-71.2289	-71.1271	-71.0343	-70.9547	-70.8939	-70.8583	-70.8547	-70.8898	-70.9702
4.405	-73.1705	-73.199	-73.238	-73.261	-73.2633	-73.2461	-73.2121	-73.1644	-73.1058	-73.0384	-72.9641	-72.8842	-72.7997	-72.7114	-72.6199	-72.5255	-72.4283	-72.3288	-72.2268	-72.1226	-72.0162	-71.908	-71.798	-71.6867	-71.5747	-71.4629	-71.3526	-71.2455	-71.144	-71.0516	-70.9724	-70.9119	-70.8765	-70.873	-70.9082	-70.9884
4.41	-73.181	-73.2095	-73.2483	-73.2713	-73.2737	-73.2565	-73.2226	-73.1751	-73.1167	-73.0495	-72.9753	-72.8957	-72.8114	-72.7234	-72.6321	-72.5379	-72.4411	-72.3418	-72.2401	-72.1362	-72.0302	-71.9222	-71.8126	-71.7017	-71.5901	-71.4786	-71.3687	-71.262	-71.1609	-71.0689	-70.9901	-70.9299	-70.8947	-70.8914	-70.9265	-71.0067
4.415	-73.1915	-73.2198	-73.2586	-73.2816	-73.284	-73.2669	-73.2332	-73.1858	-73.1275	-73.0605	-72.9866	-72.9071	-72.8231	-72.7354	-72.6443	-72.5504	-72.4538	-72.3548	-72.2534	-72.1498	-72.0441	-71.9365	-71.8272	-71.7166	-71.6053	-71.4943	-71.3847	-71.2784	-71.1778	-71.0861	-71.0076	-70.9478	-70.9128	-70.9096	-70.9448	-71.0248
4.42	-73.202	-73.2302	-73.2689	-73.2919	-73.2943	-73.2773	-73.2437	-73.1964	-73.1383	-73.0715	-72.9978	-72.9186	-72.8348	-72.7473	-72.6565	-72.5628	-72.4665	-72.3678	-72.2667	-72.1634	-72.058	-71.9507	-71.8417	-71.7315	-71.6206	-71.5099	-71.4007	-71.2948	-71.1946	-71.1033	-71.0252	-70.9656	-70.9309	-70.9278	-70.963	-71.0429
4.425	-73.2124	-73.2406	-73.2792	-73.3021	-73.3046	-73.2876	-73.2541	-73.2071	-73.1491	-73.0825	-73.009	-72.93	-72.8465	-72.7592	-72.6686	-72.5752	-72.4792	-72.3807	-72.2799	-72.1769	-72.0718	-71.9648	-71.8562	-71.7463	-71.6358	-71.5255	-71.4167	-71.3111	-71.2113	-71.1204	-71.0426	-70.9833	-70.9488	-70.9459	-70.9811	-71.0609
4.43	-73.2228	-73.2509	-73.2894	-73.3124	-73.3148	-73.298	-73.2646	-73.2177	-73.1599	-73.0935	-73.0202	-72.9414	-72.8581	-72.771	-72.6807	-72.5876	-72.4918	-72.3936	-72.2931	-72.1904	-72.0856	-71.9789	-71.8706	-71.7611	-71.6509	-71.541	-71.4326	-71.3274	-71.228	-71.1374	-71.06	-71.001	-70.9668	-70.964	-70.9992	-71.0788
4.435	-73.2332	-73.2612	-73.2996	-73.3225	-73.325	-73.3083	-73.275	-73.2282	-73.1706	-73.1044	-73.0313	-72.9527	-72.8696	-72.7828	-72.6928	-72.5999	-72.5044	-72.4064	-72.3062	-72.2038	-72.0993	-71.993	-71.885	-71.7759	-71.6661	-71.5565	-71.4484	-71.3437	-71.2446	-71.1544	-71.0773	-71.0186	-70.9846	-70.9819	-71.0172	-71.0967
4.44	-73.2436	-73.2714	-73.3098	-73.3327	-73.3352	-73.3185	-73.2854	-73.2388	-73.1813	-73.1153	-73.0424	-72.964	-72.8812	-72.7946	-72.7048	-72.6122	-72.5169	-72.4193	-72.3193	-72.2172	-72.1131	-72.007	-71.8994	-71.7906	-71.6811	-71.5719	-71.4642	-71.3598	-71.2611	-71.1713	-71.0946	-71.0362	-71.0024	-70.9998	-71.0351	-71.1145
4.445	-73.2539	-73.2817	-73.32	-73.3429	-73.3454	-73.3288	-73.2958	-73.2493	-73.192	-73.1262	-73.0535	-72.9753	-72.8927	-72.8064	-72.7168	-72.6244	-72.5294	-72.4321	-72.3324	-72.2306	-72.1267	-72.021	-71.9137	-71.8052	-71.6961	-71.5873	-71.48	-71.376	-71.2776	-71.1882	-71.1118	-71.0537	-71.0201	-71.0177	-71.0529	-71.1322
4.45	-73.2643	-73.2919	-73.3301	-73.353	-73.3556	-73.339	-73.3061	-73.2598	-73.2027	-73.137	-73.0645	-72.9866	-72.9042	-72.8181	-72.7288	-72.6366	-72.5419	-72.4448	-72.3454	-72.2439	-72.1404	-72.035	-71.928	-71.8198	-71.7111	-71.6026	-71.4957	-71.3921	-71.2941	-71.205	-71.1289	-71.0711	-71.0378	-71.0355	-71.0707	-71.1499
4.455	-73.2746	-73.3021	-73.3403	-73.3631	-73.3657	-73.3492	-73.3164	-73.2702	-73.2133	-73.1478	-73.0756	-72.9978	-72.9157	-72.8298	-72.7407	-72.6488	-72.5544	-72.4575	-72.3584	-72.2572	-72.154	-72.0489	-71.9422	-71.8344	-71.726	-71.6179	-71.5113	-71.4081	-71.3105	-71.2217	-71.146	-71.0885	-71.0554	-71.0532	-71.0885	-71.1675
4.46	-73.2848	-73.3123	-73.3504	-73.3732	-73.3758	-73.3594	-73.3267	-73.2807	-73.2239	-73.1586	-73.0866	-73.009	-72.9271	-72.8414	-72.7526	-72.661	-72.5668	-72.4702	-72.3714	-72.2705	-72.1675	-72.0627	-71.9564	-71.8489	-71.7409	-71.6331	-71.5269	-71.424	-71.3268	-71.2384	-71.163	-71.1058	-71.0729	-71.0709	-71.1061	-71.185
4.465	-73.2951	-73.3224	-73.3604	-73.3832	-73.3859	-73.3696	-73.337	-73.2911	-73.2345	-73.1694	-73.0975	-73.0202	-72.9385	-72.8531	-72.7645	-72.6731	-72.5792	-72.4829	-72.3843	-72.2837	-72.181	-72.0766	-71.9706	-71.8634	-71.7557	-71.6483	-71.5425	-71.44	-71.3431	-71.2551	-71.18	-71.1231	-71.0904	-71.0884	-71.1237	-71.2025
4.47	-73.3053	-73.3326	-73.3705	-73.3932	-73.3959	-73.3797	-73.3472	-73.3015	-73.2451	-73.1801	-73.1085	-73.0314	-72.9499	-72.8647	-72.7763	-72.6852	-72.5915	-72.4955	-72.3972	-72.2968	-72.1945	-72.0903	-71.9847	-71.8778	-71.7705	-71.6635	-71.558	-71.4558	-71.3593	-71.2717	-71.1969	-71.1403	-71.1078	-71.106	-71.1412	-71.2199
4.475	-73.3155	-73.3427	-73.3805	-73.4033	-73.406	-73.3898	-73.3575	-73.3119	-73.2556	-73.1909	-73.1194	-73.0425	-72.9612	-72.8762	-72.7881	-72.6972	-72.6038	-72.5081	-72.4101	-72.31	-72.2079	-72.1041	-71.9987	-71.8922	-71.7852	-71.6785	-71.5734	-71.4716	-71.3755	-71.2882	-71.2138	-71.1574	-71.1251	-71.1234	-71.1587	-71.2373
4.48	-73.3257	-73.3528	-73.3905	-73.4132	-73.416	-73.3999	-73.3677	-73.3222	-73.2661	-73.2015	-73.1303	-73.0536	-72.9725	-72.8878	-72.7999	-72.7093	-72.6161	-72.5206	-72.4229	-72.3231	-72.2213	-72.1178	-72.0127	-71.9066	-71.7999	-71.6936	-71.5888	-71.4874	-71.3916	-71.3047	-71.2306	-71.1745	-71.1424	-71.1408	-71.1761	-71.2545
4.485	-73.3359	-73.3628	-73.4005	-73.4232	-73.426	-73.41	-73.3778	-73.3325	-73.2766	-73.2122	-73.1411	-73.0646	-72.9838	-72.8993	-72.8117	-72.7213	-72.6283	-72.5331	-72.4357	-72.3362	-72.2347	-72.1315	-72.0267	-71.9209	-71.8146	-71.7086	-71.6042	-71.5031	-71.4077	-71.3211	-71.2473	-71.1915	-71.1596	-71.1582	-71.1935	-71.2718
4.49	-73.346	-73.3729	-73.4105	-73.4331	-73.4359	-73.42	-73.388	-73.3428	-73.287	-73.2228	-73.1519	-73.0757	-72.995	-72.9108	-72.8234	-72.7332	-72.6406	-72.5456	-72.4484	-72.3492	-72.248	-72.1451	-72.0407	-71.9352	-71.8292	-71.7235	-71.6195	-71.5188	-71.4237	-71.3374	-71.264	-71.2085	-71.1768	-71.1755	-71.2107	-71.2889
4.495	-73.3561	-73.3829	-73.4204	-73.443	-73.4459	-73.43	-73.3981	-73.3531	-73.2975	-73.2335	-73.1628	-73.0867	-73.0063	-72.9222	-72.8351	-72.7451	-72.6527	-72.558	-72.4611	-72.3622	-72.2613	-72.1587	-72.0546	-71.9494	-71.8437	-71.7384	-71.6347	-71.5344	-71.4397	-71.3537	-71.2806	-71.2254	-71.1939	-71.1927	-71.228	-71.306
4.5	-73.3662	-73.3929	-73.4303	-73.4529	-73.4558	-73.44	-73.4082	-73.3633	-73.3079	-73.244	-73.1735	-73.0977	-73.0175	-72.9336	-72.8467	-72.757	-72.6649	-72.5704	-72.4738	-72.3751	-72.2745	-72.1722	-72.0684	-71.9636	-71.8582	-71.7533	-71.65	-71.5499	-71.4556	-71.37	-71.2972	-71.2422	-71.2109	-71.2098	-71.2451	-71.323
4.505	-73.3763	-73.4029	-73.4402	-73.4628	-73.4657	-73.45	-73.4183	-73.3735	-73.3183	-73.2546	-73.1843	-73.1086	-73.0286	-72.945	-72.8583	-72.7689	-72.677	-72.5828	-72.4864	-72.388	-72.2877	-72.1857	-72.0822	-71.9777	-71.8727	-71.7681	-71.6651	-71.5655	-71.4715	-71.3862	-71.3137	-71.259	-71.2279	-71.2269	-71.2622	-71.34
4.51	-73.3863	-73.4128	-73.4501	-73.4727	-73.4756	-73.4599	-73.4284	-73.3837	-73.3286	-73.2651	-73.195	-73.1196	-73.0398	-72.9564	-72.8699	-72.7807	-72.6891	-72.5951	-72.4991	-72.4009	-72.3009	-72.1992	-72.096	-71.9918	-71.8871	-71.7829	-71.6802	-71.5809	-71.4873	-71.4024	-71.3302	-71.2757	-71.2448	-71.2439	-71.2792	-71.3569
4.515	-73.3964	-73.4227	-73.46	-73.4825	-73.4854	-73.4698	-73.4384	-73.3939	-73.3389	-73.2756	-73.2057	-73.1305	-73.0509	-72.9677	-72.8815	-72.7925	-72.7011	-72.6075	-72.5116	-72.4138	-72.314	-72.2126	-72.1097	-72.0058	-71.9015	-71.7976	-71.6953	-71.5963	-71.503	-71.4184	-71.3466	-71.2924	-71.2617	-71.2609	-71.2962	-71.3738
4.52	-73.4064	-73.4326	-73.4698	-73.4923	-73.4953	-73.4797	-73.4484	-73.404	-73.3492	-73.2861	-73.2164	-73.1413	-73.062	-72.979	-72.893	-72.8043	-72.7132	-72.6197	-72.5242	-72.4266	-72.3271	-72.226	-72.1234	-72.0199	-71.9158	-71.8123	-71.7103	-71.6117	-71.5187	-71.4345	-71.3629	-71.309	-71.2785	-71.2778	-71.3131	-71.3905
4.525	-73.4163	-73.4425	-73.4796	-73.5021	-73.5051	-73.4896	-73.4584	-73.4142	-73.3595	-73.2966	-73.227	-73.1522	-73.073	-72.9903	-72.9045	-72.8161	-72.7251	-72.632	-72.5367	-72.4394	-72.3402	-72.2393	-72.1371	-72.0338	-71.9301	-71.8269	-71.7253	-71.627	-71.5344	-71.4505	-71.3792	-71.3255	-71.2953	-71.2947	-71.33	-71.4073
4.53	-73.4263	-73.4524	-73.4894	-73.5118	-73.5148	-73.4995	-73.4683	-73.4243	-73.3698	-73.307	-73.2376	-73.163	-73.0841	-73.0016	-72.916	-72.8278	-72.7371	-72.6442	-72.5491	-72.4521	-72.3532	-72.2527	-72.1507	-72.0478	-71.9444	-71.8415	-71.7402	-71.6423	-71.55	-71.4664	-71.3954	-71.342	-71.312	-71.3115	-71.3467	-71.4239
4.535	-73.4362	-73.4622	-73.4991	-73.5216	-73.5246	-73.5093	-73.4783	-73.4343	-73.38	-73.3174	-73.2482	-73.1738	-73.0951	-73.0128	-72.9275	-72.8394	-72.749	-72.6563	-72.5616	-72.4648	-72.3662	-72.2659	-72.1643	-72.0616	-71.9586	-71.856	-71.7551	-71.6575	-71.5656	-71.4823	-71.4116	-71.3585	-71.3286	-71.3282	-71.3635	-71.4405
4.54	-73.4461	-73.472	-73.5089	-73.5313	-73.5343	-73.5191	-73.4882	-73.4444	-73.3902	-73.3278	-73.2588	-73.1846	-73.106	-73.024	-72.9389	-72.8511	-72.7609	-72.6685	-72.574	-72.4775	-72.3792	-72.2792	-72.1778	-72.0755	-71.9728	-71.8705	-71.7699	-71.6727	-71.5811	-71.4981	-71.4278	-71.3748	-71.3452	-71.3449	-71.3801	-71.4571
4.545	-73.456	-73.4818	-73.5186	-73.541	-73.5441	-73.5289	-73.4981	-73.4544	-73.4004	-73.3381	-73.2693	-73.1953	-73.117	-73.0351	-72.9503	-72.8627	-72.7728	-72.6806	-72.5863	-72.4901	-72.3921	-72.2924	-72.1913	-72.0893	-71.9869	-71.885	-71.7847	-71.6878	-71.5965	-71.5139	-71.4438	-71.3912	-71.3617	-71.3615	-71.3968	-71.4736
4.55	-73.4659	-73.4916	-73.5283	-73.5506	-73.5538	-73.5387	-73.508	-73.4644	-73.4106	-73.3485	-73.2799	-73.206	-73.1279	-73.0463	-72.9616	-72.8743	-72.7846	-72.6927	-72.5987	-72.5027	-72.4049	-72.3055	-72.2048	-72.1031	-72.001	-71.8994	-71.7994	-71.7029	-71.6119	-71.5296	-71.4599	-71.4075	-71.3781	-71.3781	-71.4133	-71.49
4.555	-73.4757	-73.5013	-73.538	-73.5603	-73.5634	-73.5484	-73.5178	-73.4744	-73.4207	-73.3588	-73.2903	-73.2167	-73.1388	-73.0574	-72.9729	-72.8859	-72.7964	-72.7047	-72.611	-72.5153	-72.4178	-72.3187	-72.2182	-72.1168	-72.015	-71.9137	-71.8141	-71.7179	-71.6273	-71.5453	-71.4758	-71.4237	-71.3945	-71.3946	-71.4298	-71.5064
4.56	-73.4856	-73.5111	-73.5476	-73.5699	-73.5731	-73.5581	-73.5276	-73.4844	-73.4308	-73.3691	-73.3008	-73.2273	-73.1497	-73.0685	-72.9842	-72.8974	-72.8082	-72.7167	-72.6232	-72.5278	-72.4306	-72.3318	-72.2316	-72.1305	-72.029	-71.9281	-71.8288	-71.7329	-71.6426	-71.5609	-71.4917	-71.4398	-71.4109	-71.411	-71.4462	-71.5227
4.565	-73.4954	-73.5208	-73.5572	-73.5795	-73.5827	-73.5678	-73.5374	-73.4943	-73.4409	-73.3793	-73.3112	-73.238	-73.1605	-73.0795	-72.9955	-72.9089	-72.8199	-72.7287	-72.6355	-72.5403	-72.4434	-72.3448	-72.2449	-72.1441	-72.043	-71.9423	-71.8434	-71.7478	-71.6579	-71.5765	-71.5076	-71.4559	-71.4272	-71.4274	-71.4626	-71.539
4.57	-73.5051	-73.5304	-73.5668	-73.5891	-73.5923	-73.5775	-73.5472	-73.5042	-73.4509	-73.3895	-73.3217	-73.2486	-73.1713	-73.0905	-73.0068	-72.9204	-72.8316	-72.7407	-72.6477	-72.5528	-72.4561	-72.3578	-72.2582	-72.1577	-72.0569	-71.9566	-71.858	-71.7627	-71.6731	-71.592	-71.5234	-71.472	-71.4434	-71.4437	-71.479	-71.5552
4.575	-73.5149	-73.5401	-73.5764	-73.5987	-73.6019	-73.5872	-73.557	-73.5141	-73.461	-73.3997	-73.332	-73.2592	-73.1821	-73.1015	-73.018	-72.9318	-72.8433	-72.7526	-72.6599	-72.5652	-72.4688	-72.3708	-72.2715	-72.1713	-72.0708	-71.9708	-71.8725	-71.7776	-71.6883	-71.6075	-71.5392	-71.488	-71.4596	-71.46	-71.4952	-71.5713
4.58	-73.5246	-73.5497	-73.586	-73.6082	-73.6115	-73.5968	-73.5667	-73.5239	-73.471	-73.4099	-73.3424	-73.2697	-73.1928	-73.1125	-73.0292	-72.9432	-72.8549	-72.7645	-72.672	-72.5776	-72.4815	-72.3838	-72.2847	-72.1848	-72.0846	-71.9849	-71.887	-71.7924	-71.7034	-71.6229	-71.5549	-71.504	-71.4757	-71.4762	-71.5114	-71.5874
4.585	-73.5343	-73.5594	-73.5956	-73.6177	-73.621	-73.6064	-73.5764	-73.5338	-73.481	-73.4201	-73.3528	-73.2803	-73.2036	-73.1234	-73.0403	-72.9546	-72.8665	-72.7763	-72.6841	-72.59	-72.4941	-72.3967	-72.2979	-72.1983	-72.0984	-71.999	-71.9014	-71.8071	-71.7185	-71.6383	-71.5705	-71.5199	-71.4918	-71.4924	-71.5276	-71.6034
4.59	-73.544	-73.569	-73.6051	-73.6272	-73.6305	-73.616	-73.5861	-73.5436	-73.491	-73.4302	-73.3631	-73.2908	-73.2143	-73.1343	-73.0514	-72.9659	-72.8781	-72.7881	-72.6962	-72.6023	-72.5067	-72.4095	-72.3111	-72.2118	-72.1122	-72.0131	-71.9158	-71.8218	-71.7335	-71.6537	-71.5862	-71.5357	-71.5078	-71.5085	-71.5437	-71.6194
4.595	-73.5537	-73.5785	-73.6146	-73.6367	-73.64	-73.6256	-73.5958	-73.5534	-73.5009	-73.4403	-73.3734	-73.3012	-73.225	-73.1452	-73.0625	-72.9773	-72.8897	-72.7999	-72.7082	-72.6146	-72.5192	-72.4224	-72.3242	-72.2252	-72.1259	-72.0271	-71.9301	-71.8365	-71.7485	-71.6689	-71.6017	-71.5515	-71.5238	-71.5246	-71.5597	-71.6353
4.6	-73.5634	-73.5881	-73.6241	-73.6462	-73.6495	-73.6351	-73.6054	-73.5632	-73.5108	-73.4504	-73.3836	-73.3117	-73.2356	-73.1561	-73.0736	-72.9886	-72.9012	-72.8117	-72.7202	-72.6268	-72.5318	-72.4352	-72.3373	-72.2386	-72.1396	-72.0411	-71.9444	-71.8511	-71.7634	-71.6842	-71.6172	-71.5672	-71.5397	-71.5406	-71.5757	-71.6512
4.605	-73.573	-73.5976	-73.6335	-73.6556	-73.659	-73.6446	-73.615	-73.5729	-73.5207	-73.4605	-73.3939	-73.3221	-73.2462	-73.1669	-73.0846	-72.9998	-72.9127	-72.8234	-72.7322	-72.6391	-72.5443	-72.4479	-72.3503	-72.2519	-72.1532	-72.0551	-71.9587	-71.8657	-71.7783	-71.6994	-71.6327	-71.5829	-71.5556	-71.5565	-71.5917	-71.667
4.61	-73.5826	-73.6071	-73.643	-73.665	-73.6684	-73.6541	-73.6246	-73.5826	-73.5306	-73.4705	-73.4041	-73.3325	-73.2568	-73.1777	-73.0957	-73.0111	-72.9242	-72.8351	-72.7441	-72.6513	-72.5567	-72.4607	-72.3633	-72.2652	-72.1668	-72.069	-71.9729	-71.8802	-71.7931	-71.7145	-71.6481	-71.5986	-71.5714	-71.5724	-71.6075	-71.6828
4.615	-73.5922	-73.6166	-73.6524	-73.6744	-73.6778	-73.6636	-73.6342	-73.5923	-73.5404	-73.4805	-73.4143	-73.3429	-73.2674	-73.1885	-73.1067	-73.0223	-72.9356	-72.8468	-72.756	-72.6634	-72.5691	-72.4733	-72.3763	-72.2785	-72.1804	-72.0828	-71.9871	-71.8947	-71.8079	-71.7296	-71.6635	-71.6142	-71.5871	-71.5882	-71.6234	-71.6985
4.62	-73.6017	-73.6261	-73.6618	-73.6838	-73.6872	-73.6731	-73.6438	-73.602	-73.5503	-73.4905	-73.4244	-73.3532	-73.2779	-73.1992	-73.1176	-73.0334	-72.947	-72.8584	-72.7679	-72.6756	-72.5815	-72.486	-72.3893	-72.2917	-72.1939	-72.0966	-72.0012	-71.9091	-71.8227	-71.7446	-71.6788	-71.6297	-71.6028	-71.604	-71.6391	-71.7141
4.625	-73.6113	-73.6356	-73.6712	-73.6931	-73.6966	-73.6825	-73.6533	-73.6117	-73.5601	-73.5005	-73.4346	-73.3636	-73.2885	-73.21	-73.1285	-73.0446	-72.9584	-72.87	-72.7798	-72.6877	-72.5939	-72.4986	-72.4022	-72.3049	-72.2073	-72.1104	-72.0153	-71.9235	-71.8374	-71.7596	-71.694	-71.6452	-71.6185	-71.6198	-71.6549	-71.7297
4.63	-73.6208	-73.645	-73.6805	-73.7025	-73.7059	-73.6919	-73.6628	-73.6213	-73.5699	-73.5104	-73.4447	-73.3739	-73.299	-73.2207	-73.1395	-73.0557	-72.9697	-72.8816	-72.7916	-72.6997	-72.6062	-72.5112	-72.415	-72.318	-72.2208	-72.1242	-72.0293	-71.9379	-71.852	-71.7746	-71.7092	-71.6606	-71.6341	-71.6355	-71.6705	-71.7453
4.635	-73.6303	-73.6544	-73.6898	-73.7118	-73.7153	-73.7013	-73.6723	-73.6309	-73.5796	-73.5203	-73.4548	-73.3842	-73.3094	-73.2313	-73.1503	-73.0668	-72.981	-72.8932	-72.8034	-72.7118	-72.6185	-72.5238	-72.4278	-72.3311	-72.2342	-72.1379	-72.0433	-71.9522	-71.8666	-71.7895	-71.7244	-71.676	-71.6496	-71.6511	-71.6861	-71.7608
4.64	-73.6398	-73.6638	-73.6992	-73.7211	-73.7246	-73.7107	-73.6818	-73.6405	-73.5893	-73.5303	-73.4648	-73.3944	-73.3199	-73.242	-73.1612	-73.0779	-72.9923	-72.9047	-72.8151	-72.7238	-72.6308	-72.5363	-72.4406	-72.3442	-72.2476	-72.1515	-72.0573	-71.9665	-71.8812	-71.8043	-71.7395	-71.6913	-71.6651	-71.6667	-71.7017	-71.7762
4.645	-73.6492	-73.6731	-73.7085	-73.7303	-73.7339	-73.72	-73.6912	-73.6501	-73.5991	-73.5401	-73.4749	-73.4046	-73.3303	-73.2526	-73.172	-73.0889	-73.0036	-72.9162	-72.8269	-72.7357	-72.643	-72.5488	-72.4534	-72.3572	-72.2609	-72.1652	-72.0712	-71.9807	-71.8957	-71.8191	-71.7546	-71.7066	-71.6806	-71.6822	-71.7172	-71.7916
4.65	-73.6587	-73.6825	-73.7177	-73.7396	-73.7432	-73.7294	-73.7007	-73.6597	-73.6088	-73.55	-73.4849	-73.4148	-73.3407	-73.2632	-73.1828	-73.0999	-73.0148	-72.9276	-72.8385	-72.7477	-72.6552	-72.5612	-72.4661	-72.3702	-72.2742	-72.1787	-72.0851	-71.9949	-71.9102	-71.8339	-71.7696	-71.7219	-71.696	-71.6977	-71.7327	-71.807
4.655	-73.6681	-73.6918	-73.727	-73.7488	-73.7524	-73.7387	-73.7101	-73.6692	-73.6184	-73.5598	-73.4949	-73.425	-73.3511	-73.2737	-73.1936	-73.1109	-73.026	-72.9391	-72.8502	-72.7596	-72.6673	-72.5736	-72.4788	-72.3832	-72.2874	-72.1923	-72.099	-72.009	-71.9246	-71.8486	-71.7846	-71.737	-71.7113	-71.7131	-71.7481	-71.8222
4.66	-73.6775	-73.7011	-73.7362	-73.758	-73.7616	-73.748	-73.7195	-73.6787	-73.6281	-73.5696	-73.5049	-73.4352	-73.3614	-73.2843	-73.2043	-73.1219	-73.0372	-72.9505	-72.8618	-72.7715	-72.6795	-72.586	-72.4915	-72.3961	-72.3006	-72.2058	-72.1127	-72.0231	-71.939	-71.8633	-71.7995	-71.7522	-71.7266	-71.7285	-71.7634	-71.8375
4.665	-73.6869	-73.7104	-73.7454	-73.7672	-73.7708	-73.7572	-73.7288	-73.6882	-73.6377	-73.5794	-73.5148	-73.4453	-73.3717	-73.2948	-73.215	-73.1328	-73.0483	-72.9618	-72.8734	-72.7833	-72.6916	-72.5984	-72.5041	-72.409	-72.3138	-72.2192	-72.1265	-72.0372	-71.9534	-71.8779	-71.8144	-71.7673	-71.7419	-71.7438	-71.7787	-71.8527
4.67	-73.6962	-73.7197	-73.7546	-73.7764	-73.78	-73.7665	-73.7382	-73.6976	-73.6473	-73.5891	-73.5248	-73.4554	-73.382	-73.3053	-73.2257	-73.1437	-73.0594	-72.9732	-72.885	-72.7951	-72.7036	-72.6107	-72.5167	-72.4219	-72.3269	-72.2327	-72.1402	-72.0512	-71.9677	-71.8925	-71.8292	-71.7823	-71.757	-71.7591	-71.794	-71.8678
4.675	-73.7056	-73.7289	-73.7638	-73.7855	-73.7892	-73.7757	-73.7475	-73.7071	-73.6569	-73.5989	-73.5347	-73.4655	-73.3923	-73.3157	-73.2364	-73.1546	-73.0705	-72.9845	-72.8966	-72.8069	-72.7156	-72.623	-72.5292	-72.4347	-72.34	-72.2461	-72.1539	-72.0652	-71.9819	-71.907	-71.844	-71.7973	-71.7722	-71.7743	-71.8092	-71.8829
4.68	-73.7149	-73.7382	-73.773	-73.7946	-73.7983	-73.7849	-73.7568	-73.7165	-73.6664	-73.6086	-73.5445	-73.4755	-73.4025	-73.3262	-73.247	-73.1654	-73.0816	-72.9958	-72.9081	-72.8186	-72.7276	-72.6352	-72.5417	-72.4475	-72.3531	-72.2594	-72.1675	-72.0791	-71.9961	-71.9215	-71.8587	-71.8123	-71.7873	-71.7895	-71.8243	-71.8979
4.685	-73.7242	-73.7474	-73.7821	-73.8038	-73.8075	-73.7941	-73.7661	-73.7259	-73.676	-73.6183	-73.5544	-73.4856	-73.4127	-73.3366	-73.2576	-73.1762	-73.0926	-73.007	-72.9196	-72.8304	-72.7396	-72.6474	-72.5542	-72.4602	-72.3661	-72.2727	-72.1811	-72.093	-72.0103	-71.9359	-71.8734	-71.8272	-71.8024	-71.8046	-71.8394	-71.9129
4.69	-73.7335	-73.7565	-73.7912	-73.8128	-73.8166	-73.8033	-73.7753	-73.7353	-73.6855	-73.628	-73.5642	-73.4956	-73.4229	-73.347	-73.2682	-73.187	-73.1036	-73.0182	-72.931	-72.8421	-72.7515	-72.6596	-72.5666	-72.4729	-72.3791	-72.286	-72.1947	-72.1068	-72.0244	-71.9503	-71.8881	-71.842	-71.8174	-71.8196	-71.8545	-71.9278
4.695	-73.7427	-73.7657	-73.8003	-73.8219	-73.8257	-73.8124	-73.7846	-73.7446	-73.695	-73.6376	-73.5741	-73.5056	-73.4331	-73.3573	-73.2788	-73.1978	-73.1146	-73.0294	-72.9424	-72.8537	-72.7634	-72.6718	-72.579	-72.4856	-72.3921	-72.2992	-72.2082	-72.1206	-72.0385	-71.9647	-71.9027	-71.8568	-71.8323	-71.8347	-71.8695	-71.9427
4.7	-73.752	-73.7749	-73.8094	-73.831	-73.8347	-73.8216	-73.7938	-73.754	-73.7045	-73.6472	-73.5838	-73.5155	-73.4433	-73.3677	-73.2893	-73.2085	-73.1256	-73.0406	-72.9538	-72.8653	-72.7753	-72.6839	-72.5914	-72.4983	-72.405	-72.3124	-72.2217	-72.1344	-72.0526	-71.979	-71.9172	-71.8716	-71.8472	-71.8497	-71.8845	-71.9576
4.705	-73.7612	-73.784	-73.8185	-73.84	-73.8438	-73.8307	-73.803	-73.7633	-73.7139	-73.6568	-73.5936	-73.5255	-73.4534	-73.378	-73.2998	-73.2192	-73.1365	-73.0518	-72.9652	-72.8769	-72.7871	-72.696	-72.6038	-72.5109	-72.4179	-72.3256	-72.2352	-72.1481	-72.0666	-71.9933	-71.9317	-71.8863	-71.8621	-71.8646	-71.8994	-71.9723
4.71	-73.7704	-73.7931	-73.8275	-73.849	-73.8528	-73.8398	-73.8122	-73.7726	-73.7233	-73.6664	-73.6033	-73.5354	-73.4635	-73.3883	-73.3103	-73.2299	-73.1474	-73.0629	-72.9765	-72.8885	-72.7989	-72.708	-72.6161	-72.5234	-72.4307	-72.3387	-72.2486	-72.1618	-72.0806	-72.0075	-71.9462	-71.901	-71.8769	-71.8795	-71.9142	-71.9871
4.715	-73.7795	-73.8022	-73.8365	-73.858	-73.8618	-73.8488	-73.8213	-73.7819	-73.7327	-73.676	-73.6131	-73.5453	-73.4735	-73.3985	-73.3208	-73.2406	-73.1582	-73.074	-72.9878	-72.9	-72.8107	-72.7201	-72.6284	-72.536	-72.4435	-72.3518	-72.2619	-72.1755	-72.0945	-72.0217	-71.9606	-71.9156	-71.8917	-71.8943	-71.929	-72.0018
4.72	-73.7887	-73.8112	-73.8455	-73.867	-73.8708	-73.8579	-73.8305	-73.7911	-73.7421	-73.6855	-73.6228	-73.5552	-73.4836	-73.4088	-73.3312	-73.2512	-73.1691	-73.085	-72.9991	-72.9116	-72.8225	-72.7321	-72.6406	-72.5485	-72.4563	-72.3648	-72.2752	-72.1891	-72.1084	-72.0358	-71.975	-71.9302	-71.9064	-71.9091	-71.9438	-72.0164
4.725	-73.7978	-73.8203	-73.8545	-73.8759	-73.8798	-73.8669	-73.8396	-73.8003	-73.7515	-73.695	-73.6324	-73.565	-73.4936	-73.419	-73.3416	-73.2618	-73.1799	-73.096	-73.0104	-72.923	-72.8342	-72.744	-72.6528	-72.561	-72.469	-72.3779	-72.2885	-72.2026	-72.1222	-72.0499	-71.9893	-71.9447	-71.921	-71.9238	-71.9585	-72.031
4.73	-73.807	-73.8293	-73.8634	-73.8849	-73.8887	-73.8759	-73.8487	-73.8095	-73.7608	-73.7045	-73.6421	-73.5748	-73.5036	-73.4292	-73.352	-73.2724	-73.1907	-73.107	-73.0216	-72.9345	-72.8459	-72.7559	-72.665	-72.5734	-72.4817	-72.3908	-72.3018	-72.2162	-72.136	-72.064	-72.0036	-71.9592	-71.9357	-71.9385	-71.9732	-72.0456
4.735	-73.8161	-73.8383	-73.8724	-73.8938	-73.8977	-73.8849	-73.8577	-73.8187	-73.7702	-73.714	-73.6517	-73.5846	-73.5136	-73.4393	-73.3623	-73.283	-73.2014	-73.118	-73.0328	-72.9459	-72.8575	-72.7678	-72.6771	-72.5858	-72.4944	-72.4038	-72.315	-72.2296	-72.1497	-72.078	-72.0179	-71.9736	-71.9502	-71.9532	-71.9878	-72.0601
4.74	-73.8251	-73.8473	-73.8813	-73.9027	-73.9066	-73.8939	-73.8668	-73.8279	-73.7795	-73.7234	-73.6613	-73.5944	-73.5236	-73.4495	-73.3727	-73.2935	-73.2122	-73.129	-73.0439	-72.9573	-72.8691	-72.7797	-72.6892	-72.5982	-72.507	-72.4167	-72.3282	-72.2431	-72.1635	-72.092	-72.0321	-71.988	-71.9648	-71.9678	-72.0024	-72.0745
4.745	-73.8342	-73.8563	-73.8902	-73.9115	-73.9155	-73.9028	-73.8758	-73.8371	-73.7888	-73.7329	-73.6709	-73.6042	-73.5335	-73.4596	-73.383	-73.304	-73.2229	-73.1399	-73.0551	-72.9686	-72.8807	-72.7915	-72.7013	-72.6105	-72.5196	-72.4295	-72.3413	-72.2565	-72.1771	-72.1059	-72.0463	-72.0024	-71.9793	-71.9823	-72.0169	-72.0889
4.75	-73.8432	-73.8653	-73.8991	-73.9204	-73.9244	-73.9117	-73.8849	-73.8462	-73.798	-73.7423	-73.6805	-73.6139	-73.5434	-73.4697	-73.3933	-73.3145	-73.2336	-73.1508	-73.0662	-72.98	-72.8923	-72.8033	-72.7134	-72.6228	-72.5322	-72.4424	-72.3544	-72.2699	-72.1908	-72.1198	-72.0604	-72.0167	-71.9937	-71.9968	-72.0314	-72.1033
4.755	-73.8523	-73.8742	-73.908	-73.9292	-73.9332	-73.9207	-73.8939	-73.8553	-73.8073	-73.7516	-73.69	-73.6236	-73.5533	-73.4798	-73.4035	-73.3249	-73.2442	-73.1616	-73.0773	-72.9913	-72.9038	-72.8151	-72.7254	-72.6351	-72.5447	-72.4552	-72.3675	-72.2832	-72.2044	-72.1337	-72.0745	-72.031	-72.0081	-72.0113	-72.0458	-72.1176
4.76	-73.8613	-73.8831	-73.9168	-73.9381	-73.942	-73.9296	-73.9028	-73.8644	-73.8165	-73.761	-73.6995	-73.6333	-73.5631	-73.4898	-73.4137	-73.3353	-73.2549	-73.1725	-73.0883	-73.0025	-72.9153	-72.8268	-72.7374	-72.6473	-72.5572	-72.4679	-72.3805	-72.2965	-72.2179	-72.1475	-72.0885	-72.0452	-72.0225	-72.0257	-72.0602	-72.1319
4.765	-73.8702	-73.892	-73.9256	-73.9469	-73.9509	-73.9384	-73.9118	-73.8735	-73.8257	-73.7704	-73.709	-73.643	-73.573	-73.4998	-73.424	-73.3457	-73.2654	-73.1833	-73.0993	-73.0138	-72.9268	-72.8386	-72.7493	-72.6595	-72.5697	-72.4806	-72.3935	-72.3098	-72.2315	-72.1612	-72.1025	-72.0594	-72.0368	-72.0401	-72.0746	-72.1461
4.77	-73.8792	-73.9009	-73.9344	-73.9556	-73.9597	-73.9473	-73.9207	-73.8825	-73.8348	-73.7797	-73.7185	-73.6526	-73.5828	-73.5098	-73.4341	-73.3561	-73.276	-73.194	-73.1103	-73.025	-72.9382	-72.8502	-72.7612	-72.6717	-72.5821	-72.4933	-72.4065	-72.323	-72.2449	-72.175	-72.1164	-72.0735	-72.051	-72.0544	-72.0889	-72.1603
4.775	-73.8882	-73.9097	-73.9432	-73.9644	-73.9684	-73.9561	-73.9296	-73.8915	-73.844	-73.789	-73.728	-73.6622	-73.5926	-73.5198	-73.4443	-73.3665	-73.2866	-73.2048	-73.1213	-73.0362	-72.9497	-72.8619	-72.7731	-72.6838	-72.5945	-72.506	-72.4194	-72.3362	-72.2584	-72.1887	-72.1303	-72.0876	-72.0653	-72.0687	-72.1031	-72.1744
4.78	-73.8971	-73.9186	-73.952	-73.9732	-73.9772	-73.9649	-73.9385	-73.9005	-73.8531	-73.7983	-73.7374	-73.6718	-73.6024	-73.5297	-73.4544	-73.3768	-73.2971	-73.2155	-73.1322	-73.0474	-72.961	-72.8735	-72.785	-72.6959	-72.6069	-72.5186	-72.4323	-72.3493	-72.2718	-72.2023	-72.1442	-72.1016	-72.0794	-72.0829	-72.1173	-72.1885
4.785	-73.906	-73.9274	-73.9608	-73.9819	-73.9859	-73.9737	-73.9474	-73.9095	-73.8623	-73.8075	-73.7468	-73.6814	-73.6121	-73.5396	-73.4645	-73.3871	-73.3076	-73.2262	-73.1432	-73.0585	-72.9724	-72.8851	-72.7968	-72.708	-72.6192	-72.5312	-72.4451	-72.3624	-72.2851	-72.2159	-72.158	-72.1156	-72.0936	-72.0971	-72.1315	-72.2026
4.79	-73.9149	-73.9362	-73.9695	-73.9906	-73.9947	-73.9825	-73.9563	-73.9185	-73.8714	-73.8167	-73.7562	-73.6909	-73.6218	-73.5496	-73.4746	-73.3974	-73.3181	-73.2369	-73.154	-73.0696	-72.9837	-72.8966	-72.8086	-72.72	-72.6315	-72.5437	-72.4579	-72.3755	-72.2985	-72.2295	-72.1718	-72.1296	-72.1077	-72.1112	-72.1456	-72.2166
4.795	-73.9238	-73.945	-73.9782	-73.9993	-74.0034	-73.9913	-73.9651	-73.9274	-73.8804	-73.826	-73.7656	-73.7005	-73.6315	-73.5594	-73.4847	-73.4076	-73.3285	-73.2476	-73.1649	-73.0807	-72.995	-72.9082	-72.8204	-72.732	-72.6437	-72.5563	-72.4707	-72.3885	-72.3118	-72.243	-72.1856	-72.1435	-72.1217	-72.1253	-72.1597	-72.2306
4.8	-73.9326	-73.9538	-73.9869	-74.0079	-74.0121	-74	-73.974	-73.9364	-73.8895	-73.8352	-73.7749	-73.71	-73.6412	-73.5693	-73.4947	-73.4178	-73.3389	-73.2582	-73.1757	-73.0917	-73.0063	-72.9197	-72.8321	-72.744	-72.656	-72.5687	-72.4834	-72.4015	-72.325	-72.2565	-72.1993	-72.1574	-72.1357	-72.1394	-72.1737	-72.2445
4.805	-73.9414	-73.9625	-73.9956	-74.0166	-74.0207	-74.0087	-73.9828	-73.9453	-73.8985	-73.8443	-73.7843	-73.7195	-73.6509	-73.5791	-73.5047	-73.428	-73.3493	-73.2688	-73.1865	-73.1027	-73.0175	-72.9311	-72.8438	-72.756	-72.6682	-72.5812	-72.4961	-72.4145	-72.3382	-72.2699	-72.2129	-72.1712	-72.1497	-72.1534	-72.1877	-72.2583
4.81	-73.9503	-73.9712	-74.0043	-74.0252	-74.0294	-74.0174	-73.9915	-73.9542	-73.9075	-73.8535	-73.7936	-73.7289	-73.6605	-73.5889	-73.5147	-73.4382	-73.3597	-73.2794	-73.1973	-73.1137	-73.0287	-72.9426	-72.8555	-72.7679	-72.6803	-72.5936	-72.5088	-72.4274	-72.3514	-72.2833	-72.2265	-72.185	-72.1636	-72.1674	-72.2017	-72.2722
4.815	-73.9591	-73.9799	-74.0129	-74.0338	-74.038	-74.0261	-74.0003	-73.963	-73.9165	-73.8626	-73.8028	-73.7384	-73.6701	-73.5987	-73.5247	-73.4484	-73.37	-73.2899	-73.2081	-73.1247	-73.0399	-72.954	-72.8671	-72.7798	-72.6924	-72.606	-72.5214	-72.4403	-72.3645	-72.2967	-72.2401	-72.1988	-72.1775	-72.1813	-72.2156	-72.286
4.82	-73.9678	-73.9886	-74.0215	-74.0424	-74.0466	-74.0348	-74.009	-73.9719	-73.9255	-73.8717	-73.8121	-73.7478	-73.6797	-73.6085	-73.5346	-73.4585	-73.3804	-73.3004	-73.2188	-73.1356	-73.0511	-72.9653	-72.8787	-72.7916	-72.7045	-72.6183	-72.534	-72.4531	-72.3776	-72.31	-72.2537	-72.2125	-72.1913	-72.1952	-72.2294	-72.2997
4.825	-73.9766	-73.9973	-74.0301	-74.051	-74.0552	-74.0434	-74.0178	-73.9807	-73.9345	-73.8808	-73.8214	-73.7572	-73.6893	-73.6182	-73.5445	-73.4686	-73.3907	-73.3109	-73.2295	-73.1465	-73.0622	-72.9767	-72.8903	-72.8034	-72.7166	-72.6306	-72.5466	-72.4659	-72.3907	-72.3233	-72.2672	-72.2262	-72.2051	-72.2091	-72.2432	-72.3134
4.83	-73.9853	-74.006	-74.0387	-74.0596	-74.0638	-74.052	-74.0265	-73.9895	-73.9434	-73.8899	-73.8306	-73.7666	-73.6988	-73.6279	-73.5544	-73.4787	-73.4009	-73.3214	-73.2401	-73.1574	-73.0733	-72.988	-72.9019	-72.8152	-72.7286	-72.6429	-72.5591	-72.4787	-72.4037	-72.3366	-72.2806	-72.2398	-72.2189	-72.2229	-72.257	-72.3271
4.835	-73.994	-74.0146	-74.0473	-74.0681	-74.0724	-74.0606	-74.0352	-73.9983	-73.9523	-73.899	-73.8398	-73.7759	-73.7083	-73.6376	-73.5643	-73.4887	-73.4112	-73.3318	-73.2508	-73.1683	-73.0844	-72.9993	-72.9134	-72.827	-72.7406	-72.6551	-72.5716	-72.4915	-72.4167	-72.3498	-72.294	-72.2534	-72.2326	-72.2366	-72.2707	-72.3407
4.84	-74.0028	-74.0232	-74.0558	-74.0767	-74.0809	-74.0692	-74.0438	-74.0071	-73.9612	-73.908	-73.849	-73.7853	-73.7178	-73.6473	-73.5742	-73.4988	-73.4214	-73.3422	-73.2614	-73.1791	-73.0954	-73.0106	-72.9249	-72.8387	-72.7526	-72.6674	-72.5841	-72.5042	-72.4296	-72.363	-72.3074	-72.267	-72.2462	-72.2503	-72.2844	-72.3543
4.845	-74.0114	-74.0318	-74.0644	-74.0852	-74.0894	-74.0778	-74.0525	-74.0159	-73.9701	-73.917	-73.8581	-73.7946	-73.7273	-73.657	-73.584	-73.5088	-73.4316	-73.3526	-73.272	-73.1899	-73.1064	-73.0218	-72.9363	-72.8504	-72.7645	-72.6795	-72.5965	-72.5168	-72.4425	-72.3761	-72.3208	-72.2805	-72.2599	-72.264	-72.2981	-72.3678
4.85	-74.0201	-74.0404	-74.0729	-74.0937	-74.0979	-74.0864	-74.0611	-74.0246	-73.979	-73.926	-73.8673	-73.8039	-73.7368	-73.6666	-73.5938	-73.5188	-73.4418	-73.363	-73.2826	-73.2007	-73.1174	-73.033	-72.9478	-72.8621	-72.7764	-72.6917	-72.6089	-72.5295	-72.4554	-72.3892	-72.3341	-72.294	-72.2735	-72.2777	-72.3117	-72.3813
4.855	-74.0288	-74.049	-74.0814	-74.1021	-74.1064	-74.0949	-74.0697	-74.0333	-73.9878	-73.935	-73.8764	-73.8132	-73.7462	-73.6762	-73.6036	-73.5287	-73.4519	-73.3733	-73.2931	-73.2114	-73.1284	-73.0442	-72.9592	-72.8737	-72.7883	-72.7038	-72.6212	-72.5421	-72.4683	-72.4023	-72.3473	-72.3074	-72.287	-72.2913	-72.3252	-72.3947
4.86	-74.0374	-74.0575	-74.0899	-74.1106	-74.1149	-74.1034	-74.0783	-74.042	-73.9966	-73.9439	-73.8855	-73.8224	-73.7556	-73.6858	-73.6133	-73.5387	-73.4621	-73.3836	-73.3036	-73.2221	-73.1393	-73.0553	-72.9705	-72.8853	-72.8001	-72.7159	-72.6336	-72.5546	-72.4811	-72.4153	-72.3606	-72.3208	-72.3005	-72.3048	-72.3388	-72.4081
4.865	-74.046	-74.0661	-74.0984	-74.119	-74.1233	-74.1119	-74.0869	-74.0507	-74.0054	-73.9529	-73.8946	-73.8316	-73.765	-73.6953	-73.6231	-73.5486	-73.4721	-73.3939	-73.3141	-73.2328	-73.1502	-73.0665	-72.9819	-72.8969	-72.812	-72.7279	-72.6459	-72.5672	-72.4938	-72.4283	-72.3738	-72.3341	-72.314	-72.3183	-72.3522	-72.4215
4.87	-74.0546	-74.0746	-74.1068	-74.1274	-74.1318	-74.1204	-74.0955	-74.0594	-74.0142	-73.9618	-73.9036	-73.8409	-73.7744	-73.7049	-73.6328	-73.5585	-73.4822	-73.4042	-73.3246	-73.2435	-73.1611	-73.0775	-72.9932	-72.9084	-72.8237	-72.7399	-72.6581	-72.5797	-72.5066	-72.4413	-72.3869	-72.3474	-72.3274	-72.3318	-72.3657	-72.4348
4.875	-74.0632	-74.0831	-74.1152	-74.1358	-74.1402	-74.1289	-74.104	-74.068	-74.023	-73.9707	-73.9127	-73.8501	-73.7837	-73.7144	-73.6425	-73.5683	-73.4923	-73.4144	-73.335	-73.2541	-73.1719	-73.0886	-73.0045	-72.9199	-72.8355	-72.7519	-72.6703	-72.5921	-72.5193	-72.4542	-72.4	-72.3607	-72.3408	-72.3452	-72.3791	-72.4481
4.88	-74.0718	-74.0916	-74.1236	-74.1442	-74.1486	-74.1373	-74.1126	-74.0766	-74.0317	-73.9796	-73.9217	-73.8592	-73.7931	-73.7239	-73.6521	-73.5782	-73.5023	-73.4247	-73.3454	-73.2647	-73.1827	-73.0996	-73.0157	-72.9314	-72.8472	-72.7639	-72.6825	-72.6046	-72.5319	-72.467	-72.4131	-72.374	-72.3541	-72.3586	-72.3925	-72.4614
4.885	-74.0803	-74.1	-74.132	-74.1526	-74.157	-74.1457	-74.1211	-74.0852	-74.0404	-73.9884	-73.9307	-73.8684	-73.8024	-73.7334	-73.6618	-73.588	-73.5123	-73.4349	-73.3558	-73.2753	-73.1935	-73.1106	-73.027	-72.9428	-72.8589	-72.7758	-72.6947	-72.617	-72.5445	-72.4799	-72.4261	-72.3872	-72.3675	-72.372	-72.4058	-72.4746
4.89	-74.0888	-74.1085	-74.1404	-74.161	-74.1653	-74.1542	-74.1296	-74.0938	-74.0491	-73.9972	-73.9397	-73.8775	-73.8117	-73.7428	-73.6714	-73.5978	-73.5223	-73.445	-73.3662	-73.2859	-73.2043	-73.1216	-73.0382	-72.9543	-72.8705	-72.7877	-72.7068	-72.6293	-72.5571	-72.4927	-72.4391	-72.4003	-72.3807	-72.3853	-72.4191	-72.4878
4.895	-74.0973	-74.1169	-74.1488	-74.1693	-74.1737	-74.1626	-74.138	-74.1024	-74.0578	-74.0061	-73.9486	-73.8866	-73.8209	-73.7522	-73.681	-73.6076	-73.5322	-73.4552	-73.3765	-73.2964	-73.215	-73.1326	-73.0493	-72.9657	-72.8821	-72.7995	-72.7189	-72.6417	-72.5697	-72.5055	-72.4521	-72.4134	-72.394	-72.3986	-72.4323	-72.5009
4.9	-74.1058	-74.1253	-74.1571	-74.1776	-74.182	-74.1709	-74.1465	-74.111	-74.0665	-74.0149	-73.9576	-73.8957	-73.8302	-73.7616	-73.6906	-73.6173	-73.5422	-73.4653	-73.3868	-73.3069	-73.2258	-73.1435	-73.0605	-72.977	-72.8937	-72.8114	-72.731	-72.6539	-72.5822	-72.5182	-72.465	-72.4265	-72.4071	-72.4118	-72.4455	-72.514
4.905	-74.1143	-74.1337	-74.1655	-74.1859	-74.1903	-74.1793	-74.1549	-74.1195	-74.0751	-74.0236	-73.9665	-73.9048	-73.8394	-73.771	-73.7001	-73.6271	-73.5521	-73.4754	-73.3971	-73.3174	-73.2364	-73.1544	-73.0716	-72.9884	-72.9053	-72.8232	-72.743	-72.6662	-72.5947	-72.5309	-72.4779	-72.4396	-72.4203	-72.425	-72.4587	-72.527
4.91	-74.1228	-74.1421	-74.1738	-74.1942	-74.1986	-74.1876	-74.1633	-74.128	-74.0838	-74.0324	-73.9754	-73.9138	-73.8486	-73.7804	-73.7097	-73.6368	-73.562	-73.4855	-73.4074	-73.3279	-73.2471	-73.1653	-73.0827	-72.9997	-72.9168	-72.8349	-72.755	-72.6784	-72.6072	-72.5436	-72.4908	-72.4526	-72.4334	-72.4381	-72.4718	-72.54
4.915	-74.1312	-74.1504	-74.1821	-74.2025	-74.2069	-74.196	-74.1717	-74.1365	-74.0924	-74.0411	-73.9842	-73.9228	-73.8578	-73.7897	-73.7192	-73.6465	-73.5718	-73.4955	-73.4176	-73.3383	-73.2577	-73.1761	-73.0937	-73.011	-72.9283	-72.8467	-72.7669	-72.6906	-72.6196	-72.5562	-72.5036	-72.4656	-72.4465	-72.4513	-72.4849	-72.553
4.92	-74.1396	-74.1588	-74.1903	-74.2107	-74.2151	-74.2043	-74.1801	-74.145	-74.101	-74.0499	-73.9931	-73.9318	-73.8669	-73.7991	-73.7287	-73.6561	-73.5817	-73.5055	-73.4278	-73.3487	-73.2683	-73.1869	-73.1048	-73.0222	-72.9398	-72.8584	-72.7789	-72.7028	-72.632	-72.5688	-72.5164	-72.4785	-72.4595	-72.4643	-72.4979	-72.5659
4.925	-74.148	-74.1671	-74.1986	-74.2189	-74.2234	-74.2125	-74.1885	-74.1534	-74.1095	-74.0586	-74.002	-73.9408	-73.8761	-73.8084	-73.7381	-73.6658	-73.5915	-73.5155	-73.438	-73.3591	-73.2789	-73.1977	-73.1158	-73.0334	-72.9513	-72.87	-72.7908	-72.7149	-72.6443	-72.5814	-72.5291	-72.4914	-72.4725	-72.4774	-72.5109	-72.5788
4.93	-74.1564	-74.1754	-74.2068	-74.2271	-74.2316	-74.2208	-74.1968	-74.1619	-74.1181	-74.0672	-74.0108	-73.9498	-73.8852	-73.8176	-73.7476	-73.6754	-73.6013	-73.5255	-73.4482	-73.3694	-73.2895	-73.2085	-73.1267	-73.0446	-72.9627	-72.8817	-72.8027	-72.727	-72.6566	-72.5939	-72.5418	-72.5042	-72.4855	-72.4904	-72.5239	-72.5917
4.935	-74.1648	-74.1837	-74.2151	-74.2353	-74.2398	-74.2291	-74.2051	-74.1703	-74.1266	-74.0759	-74.0196	-73.9587	-73.8943	-73.8269	-73.757	-73.685	-73.6111	-73.5355	-73.4583	-73.3798	-73.3	-73.2192	-73.1377	-73.0558	-72.9741	-72.8933	-72.8145	-72.7391	-72.6689	-72.6064	-72.5545	-72.5171	-72.4984	-72.5033	-72.5368	-72.6045
4.94	-74.1731	-74.192	-74.2233	-74.2435	-74.248	-74.2373	-74.2135	-74.1787	-74.1352	-74.0846	-74.0284	-73.9677	-73.9034	-73.8361	-73.7664	-73.6945	-73.6208	-73.5454	-73.4684	-73.3901	-73.3105	-73.2299	-73.1486	-73.0669	-72.9854	-72.9049	-72.8263	-72.7511	-72.6812	-72.6188	-72.5671	-72.5299	-72.5113	-72.5163	-72.5497	-72.6173
4.945	-74.1815	-74.2002	-74.2315	-74.2517	-74.2562	-74.2455	-74.2218	-74.1871	-74.1437	-74.0932	-74.0371	-73.9766	-73.9125	-73.8454	-73.7758	-73.7041	-73.6305	-73.5553	-73.4785	-73.4004	-73.321	-73.2406	-73.1595	-73.078	-72.9967	-72.9164	-72.8381	-72.7631	-72.6934	-72.6312	-72.5798	-72.5426	-72.5242	-72.5292	-72.5626	-72.63
4.95	-74.1898	-74.2085	-74.2396	-74.2598	-74.2644	-74.2537	-74.23	-74.1955	-74.1521	-74.1018	-74.0459	-73.9855	-73.9215	-73.8546	-73.7852	-73.7136	-73.6402	-73.5652	-73.4886	-73.4106	-73.3315	-73.2513	-73.1704	-73.0891	-73.008	-72.9279	-72.8498	-72.7751	-72.7056	-72.6436	-72.5923	-72.5553	-72.537	-72.542	-72.5754	-72.6427
4.955	-74.1981	-74.2167	-74.2478	-74.268	-74.2725	-74.2619	-74.2383	-74.2038	-74.1606	-74.1104	-74.0546	-73.9943	-73.9305	-73.8637	-73.7945	-73.7231	-73.6499	-73.575	-73.4986	-73.4209	-73.3419	-73.2619	-73.1812	-73.1001	-73.0193	-72.9394	-72.8615	-72.787	-72.7177	-72.656	-72.6048	-72.568	-72.5498	-72.5548	-72.5882	-72.6554
4.96	-74.2064	-74.2249	-74.2559	-74.2761	-74.2806	-74.2701	-74.2465	-74.2122	-74.1691	-74.119	-74.0633	-74.0032	-73.9395	-73.8729	-73.8038	-73.7326	-73.6596	-73.5849	-73.5086	-73.4311	-73.3523	-73.2725	-73.192	-73.1112	-73.0305	-72.9509	-72.8732	-72.7989	-72.7298	-72.6683	-72.6173	-72.5806	-72.5625	-72.5676	-72.6009	-72.6681
4.965	-74.2147	-74.2331	-74.2641	-74.2842	-74.2887	-74.2783	-74.2548	-74.2205	-74.1775	-74.1275	-74.072	-74.012	-73.9485	-73.882	-73.8131	-73.7421	-73.6692	-73.5947	-73.5186	-73.4413	-73.3627	-73.2831	-73.2028	-73.1222	-73.0417	-72.9623	-72.8848	-72.8108	-72.7419	-72.6806	-72.6298	-72.5932	-72.5752	-72.5804	-72.6136	-72.6806
4.97	-74.2229	-74.2413	-74.2722	-74.2923	-74.2968	-74.2864	-74.263	-74.2288	-74.1859	-74.136	-74.0807	-74.0208	-73.9575	-73.8911	-73.8224	-73.7515	-73.6788	-73.6045	-73.5286	-73.4514	-73.373	-73.2936	-73.2135	-73.1331	-73.0529	-72.9737	-72.8965	-72.8226	-72.754	-72.6928	-72.6422	-72.6058	-72.5879	-72.5931	-72.6263	-72.6932
4.975	-74.2312	-74.2494	-74.2803	-74.3003	-74.3049	-74.2945	-74.2712	-74.2371	-74.1943	-74.1446	-74.0893	-74.0296	-73.9664	-73.9002	-73.8316	-73.7609	-73.6884	-73.6142	-73.5386	-73.4615	-73.3833	-73.3042	-73.2243	-73.1441	-73.0641	-72.9851	-72.9081	-72.8344	-72.766	-72.705	-72.6546	-72.6184	-72.6005	-72.6057	-72.6389	-72.7057
4.98	-74.2394	-74.2576	-74.2883	-74.3084	-74.313	-74.3026	-74.2793	-74.2453	-74.2027	-74.1531	-74.0979	-74.0384	-73.9753	-73.9093	-73.8409	-73.7703	-73.698	-73.624	-73.5485	-73.4717	-73.3936	-73.3147	-73.235	-73.155	-73.0752	-72.9964	-72.9196	-72.8462	-72.778	-72.7172	-72.667	-72.6309	-72.6131	-72.6184	-72.6515	-72.7182
4.985	-74.2476	-74.2657	-74.2964	-74.3164	-74.321	-74.3107	-74.2875	-74.2536	-74.211	-74.1615	-74.1066	-74.0471	-73.9842	-73.9184	-73.8501	-73.7797	-73.7075	-73.6337	-73.5584	-73.4817	-73.4039	-73.3251	-73.2457	-73.1659	-73.0863	-73.0077	-72.9312	-72.8579	-72.7899	-72.7294	-72.6793	-72.6433	-72.6256	-72.631	-72.6641	-72.7307
4.99	-74.2558	-74.2738	-74.3045	-74.3244	-74.329	-74.3188	-74.2956	-74.2618	-74.2194	-74.17	-74.1151	-74.0559	-73.9931	-73.9274	-73.8593	-73.7891	-73.7171	-73.6434	-73.5683	-73.4918	-73.4142	-73.3356	-73.2563	-73.1767	-73.0974	-73.019	-72.9426	-72.8697	-72.8018	-72.7415	-72.6916	-72.6558	-72.6382	-72.6435	-72.6766	-72.7431
4.995	-74.2639	-74.2819	-74.3125	-74.3324	-74.337	-74.3268	-74.3037	-74.27	-74.2277	-74.1785	-74.1237	-74.0646	-74.002	-73.9364	-73.8685	-73.7984	-73.7266	-73.6531	-73.5781	-73.5018	-73.4244	-73.346	-73.2669	-73.1876	-73.1084	-73.0303	-72.9541	-72.8813	-72.8137	-72.7536	-72.7039	-72.6682	-72.6507	-72.656	-72.6891	-72.7555
5	-74.2721	-74.29	-74.3205	-74.3404	-74.345	-74.3349	-74.3119	-74.2782	-74.236	-74.1869	-74.1323	-74.0733	-74.0108	-73.9454	-73.8776	-73.8077	-73.736	-73.6627	-73.588	-73.5119	-73.4346	-73.3564	-73.2775	-73.1984	-73.1194	-73.0415	-72.9656	-72.893	-72.8256	-72.7656	-72.7161	-72.6805	-72.6631	-72.6685	-72.7015	-72.7678
5.005	-74.2802	-74.298	-74.3285	-74.3484	-74.353	-74.3429	-74.3199	-74.2864	-74.2443	-74.1953	-74.1408	-74.082	-74.0196	-73.9544	-73.8867	-73.817	-73.7455	-73.6724	-73.5978	-73.5219	-73.4448	-73.3668	-73.2881	-73.2091	-73.1304	-73.0527	-72.977	-72.9046	-72.8374	-72.7777	-72.7283	-72.6928	-72.6755	-72.681	-72.714	-72.7801
5.01	-74.2884	-74.3061	-74.3365	-74.3563	-74.361	-74.3509	-74.328	-74.2946	-74.2526	-74.2037	-74.1493	-74.0906	-74.0284	-73.9633	-73.8958	-73.8263	-73.7549	-73.682	-73.6075	-73.5318	-73.4549	-73.3771	-73.2986	-73.2199	-73.1414	-73.0639	-72.9883	-72.9162	-72.8492	-72.7896	-72.7404	-72.7051	-72.6879	-72.6934	-72.7263	-72.7924
5.015	-74.2965	-74.3141	-74.3444	-74.3643	-74.3689	-74.3589	-74.3361	-74.3027	-74.2608	-74.2121	-74.1578	-74.0993	-74.0372	-73.9723	-73.9049	-73.8355	-73.7644	-73.6916	-73.6173	-73.5418	-73.4651	-73.3875	-73.3092	-73.2306	-73.1523	-73.075	-72.9997	-72.9278	-72.861	-72.8016	-72.7526	-72.7174	-72.7003	-72.7058	-72.7387	-72.8046
5.02	-74.3046	-74.3221	-74.3524	-74.3722	-74.3768	-74.3668	-74.3441	-74.3109	-74.269	-74.2204	-74.1663	-74.1079	-74.046	-73.9812	-73.914	-73.8448	-73.7738	-73.7011	-73.6271	-73.5517	-73.4752	-73.3977	-73.3197	-73.2413	-73.1632	-73.0861	-73.011	-72.9393	-72.8727	-72.8135	-72.7646	-72.7296	-72.7126	-72.7181	-72.751	-72.8168
5.025	-74.3126	-74.3301	-74.3603	-74.3801	-74.3848	-74.3748	-74.3521	-74.319	-74.2773	-74.2287	-74.1748	-74.1165	-74.0547	-73.9901	-73.923	-73.854	-73.7831	-73.7107	-73.6368	-73.5616	-73.4853	-73.408	-73.3301	-73.252	-73.1741	-73.0972	-73.0223	-72.9508	-72.8844	-72.8254	-72.7767	-72.7418	-72.7249	-72.7304	-72.7633	-72.829
5.03	-74.3207	-74.3381	-74.3682	-74.388	-74.3927	-74.3827	-74.3602	-74.3271	-74.2855	-74.2371	-74.1832	-74.1251	-74.0634	-73.999	-73.9321	-73.8632	-73.7925	-73.7202	-73.6465	-73.5714	-73.4953	-73.4183	-73.3406	-73.2626	-73.1849	-73.1082	-73.0336	-72.9623	-72.8961	-72.8373	-72.7887	-72.754	-72.7371	-72.7427	-72.7755	-72.8411
5.035	-74.3287	-74.3461	-74.3761	-74.3959	-74.4005	-74.3907	-74.3681	-74.3351	-74.2936	-74.2454	-74.1917	-74.1337	-74.0722	-74.0078	-73.9411	-73.8723	-73.8018	-73.7297	-73.6561	-73.5813	-73.5054	-73.4285	-73.351	-73.2732	-73.1957	-73.1193	-73.0448	-72.9737	-72.9077	-72.8491	-72.8007	-72.7661	-72.7493	-72.755	-72.7877	-72.8532
5.04	-74.3368	-74.354	-74.384	-74.4037	-74.4084	-74.3986	-74.3761	-74.3432	-74.3018	-74.2536	-74.2001	-74.1422	-74.0808	-74.0166	-73.9501	-73.8815	-73.8111	-73.7392	-73.6658	-73.5911	-73.5154	-73.4387	-73.3614	-73.2838	-73.2065	-73.1303	-73.056	-72.9851	-72.9193	-72.8609	-72.8127	-72.7782	-72.7615	-72.7672	-72.7999	-72.8653
5.045	-74.3448	-74.3619	-74.3919	-74.4116	-74.4163	-74.4065	-74.3841	-74.3512	-74.31	-74.2619	-74.2085	-74.1507	-74.0895	-74.0255	-73.959	-73.8906	-73.8204	-73.7486	-73.6754	-73.6009	-73.5254	-73.4489	-73.3717	-73.2944	-73.2173	-73.1412	-73.0672	-72.9965	-72.9309	-72.8727	-72.8246	-72.7902	-72.7737	-72.7793	-72.812	-72.8773
5.05	-74.3528	-74.3699	-74.3997	-74.4194	-74.4241	-74.4143	-74.392	-74.3593	-74.3181	-74.2702	-74.2169	-74.1592	-74.0982	-74.0343	-73.968	-73.8997	-73.8297	-73.758	-73.685	-73.6107	-73.5353	-73.459	-73.3821	-73.3049	-73.228	-73.1522	-73.0783	-73.0079	-72.9425	-72.8844	-72.8365	-72.8023	-72.7858	-72.7915	-72.8241	-72.8893
5.055	-74.3607	-74.3778	-74.4076	-74.4272	-74.4319	-74.4222	-74.3999	-74.3673	-74.3262	-74.2784	-74.2252	-74.1677	-74.1068	-74.043	-73.9769	-73.9088	-73.8389	-73.7675	-73.6946	-73.6205	-73.5453	-73.4691	-73.3924	-73.3154	-73.2388	-73.1631	-73.0895	-73.0192	-72.954	-72.8961	-72.8484	-72.8143	-72.7978	-72.8036	-72.8362	-72.9013
5.06	-74.3687	-74.3857	-74.4154	-74.435	-74.4397	-74.43	-74.4079	-74.3753	-74.3343	-74.2866	-74.2336	-74.1762	-74.1154	-74.0518	-73.9858	-73.9179	-73.8481	-73.7769	-73.7042	-73.6302	-73.5552	-73.4792	-73.4027	-73.3259	-73.2494	-73.174	-73.1006	-73.0305	-72.9655	-72.9078	-72.8602	-72.8262	-72.8099	-72.8157	-72.8482	-72.9132
5.065	-74.3767	-74.3935	-74.4232	-74.4428	-74.4475	-74.4379	-74.4157	-74.3833	-74.3424	-74.2948	-74.2419	-74.1847	-74.124	-74.0605	-73.9947	-73.9269	-73.8573	-73.7862	-73.7137	-73.6399	-73.5651	-73.4893	-73.413	-73.3364	-73.2601	-73.1849	-73.1116	-73.0417	-72.9769	-72.9194	-72.872	-72.8382	-72.8219	-72.8277	-72.8602	-72.9251
5.07	-74.3846	-74.4014	-74.431	-74.4505	-74.4553	-74.4457	-74.4236	-74.3912	-74.3505	-74.303	-74.2502	-74.1931	-74.1326	-74.0693	-74.0036	-73.9359	-73.8665	-73.7956	-73.7232	-73.6496	-73.5749	-73.4994	-73.4232	-73.3468	-73.2707	-73.1957	-73.1227	-73.053	-72.9883	-72.931	-72.8838	-72.85	-72.8339	-72.8397	-72.8722	-72.9369
5.075	-74.3925	-74.4092	-74.4388	-74.4583	-74.463	-74.4535	-74.4315	-74.3992	-74.3585	-74.3112	-74.2585	-74.2015	-74.1411	-74.078	-74.0124	-73.9449	-73.8757	-73.8049	-73.7327	-73.6593	-73.5848	-73.5094	-73.4334	-73.3572	-73.2813	-73.2065	-73.1337	-73.0642	-72.9997	-72.9426	-72.8955	-72.8619	-72.8458	-72.8517	-72.8841	-72.9488
5.08	-74.4004	-74.417	-74.4466	-74.466	-74.4708	-74.4613	-74.4393	-74.4071	-74.3666	-74.3193	-74.2667	-74.2099	-74.1497	-74.0866	-74.0213	-73.9539	-73.8848	-73.8142	-73.7422	-73.6689	-73.5946	-73.5194	-73.4436	-73.3676	-73.2919	-73.2173	-73.1446	-73.0754	-73.0111	-72.9541	-72.9072	-72.8737	-72.8577	-72.8636	-72.896	-72.9606
5.085	-74.4083	-74.4249	-74.4543	-74.4738	-74.4785	-74.469	-74.4472	-74.415	-74.3746	-74.3274	-74.275	-74.2183	-74.1582	-74.0953	-74.0301	-73.9629	-73.894	-73.8235	-73.7516	-73.6786	-73.6044	-73.5294	-73.4538	-73.378	-73.3025	-73.228	-73.1556	-73.0865	-73.0225	-72.9656	-72.9189	-72.8855	-72.8696	-72.8755	-72.9079	-72.9723
5.09	-74.4162	-74.4327	-74.462	-74.4815	-74.4862	-74.4768	-74.455	-74.4229	-74.3826	-74.3355	-74.2832	-74.2267	-74.1667	-74.104	-74.0389	-73.9718	-73.9031	-73.8327	-73.7611	-73.6882	-73.6142	-73.5393	-73.4639	-73.3883	-73.313	-73.2388	-73.1665	-73.0976	-73.0338	-72.9771	-72.9305	-72.8973	-72.8815	-72.8874	-72.9197	-72.9841
5.095	-74.424	-74.4404	-74.4697	-74.4891	-74.4939	-74.4845	-74.4628	-74.4308	-74.3906	-74.3436	-74.2914	-74.235	-74.1752	-74.1126	-74.0477	-73.9808	-73.9121	-73.842	-73.7705	-73.6977	-73.6239	-73.5493	-73.4741	-73.3986	-73.3235	-73.2495	-73.1774	-73.1087	-73.045	-72.9886	-72.9421	-72.909	-72.8933	-72.8992	-72.9315	-72.9958
5.1	-74.4319	-74.4482	-74.4775	-74.4968	-74.5016	-74.4922	-74.4706	-74.4387	-74.3985	-74.3517	-74.2996	-74.2433	-74.1837	-74.1212	-74.0564	-73.9897	-73.9212	-73.8512	-73.7799	-73.7073	-73.6337	-73.5592	-73.4841	-73.4089	-73.334	-73.2601	-73.1883	-73.1198	-73.0563	-73	-72.9537	-72.9207	-72.9051	-72.911	-72.9433	-73.0074
5.105	-74.4397	-74.4559	-74.4851	-74.5045	-74.5093	-74.4999	-74.4783	-74.4465	-74.4065	-74.3598	-74.3078	-74.2517	-74.1921	-74.1298	-74.0651	-73.9986	-73.9302	-73.8604	-73.7892	-73.7168	-73.6434	-73.5691	-73.4942	-73.4192	-73.3444	-73.2708	-73.1991	-73.1308	-73.0675	-73.0114	-72.9653	-72.9324	-72.9168	-72.9228	-72.955	-73.0191
5.11	-74.4475	-74.4637	-74.4928	-74.5121	-74.5169	-74.5076	-74.4861	-74.4544	-74.4144	-74.3678	-74.316	-74.26	-74.2005	-74.1383	-74.0739	-74.0074	-73.9393	-73.8696	-73.7986	-73.7263	-73.6531	-73.5789	-73.5043	-73.4294	-73.3549	-73.2814	-73.21	-73.1418	-73.0787	-73.0228	-72.9768	-72.9441	-72.9285	-72.9346	-72.9668	-73.0307
5.115	-74.4553	-74.4714	-74.5005	-74.5197	-74.5245	-74.5153	-74.4938	-74.4622	-74.4223	-74.3759	-74.3241	-74.2682	-74.2089	-74.1469	-74.0826	-74.0163	-73.9483	-73.8788	-73.8079	-73.7358	-73.6627	-73.5888	-73.5143	-73.4396	-73.3653	-73.292	-73.2207	-73.1528	-73.0899	-73.0341	-72.9883	-72.9557	-72.9402	-72.9463	-72.9784	-73.0422
5.12	-74.4631	-74.4791	-74.5081	-74.5274	-74.5322	-74.5229	-74.5015	-74.47	-74.4302	-74.3839	-74.3323	-74.2765	-74.2173	-74.1554	-74.0912	-74.0251	-73.9572	-73.8879	-73.8172	-73.7453	-73.6724	-73.5986	-73.5243	-73.4498	-73.3756	-73.3026	-73.2315	-73.1638	-73.101	-73.0454	-72.9997	-72.9672	-72.9519	-72.958	-72.9901	-73.0538
5.125	-74.4708	-74.4868	-74.5157	-74.535	-74.5398	-74.5306	-74.5092	-74.4778	-74.4381	-74.3919	-74.3404	-74.2847	-74.2257	-74.1639	-74.0999	-74.0339	-73.9662	-73.897	-73.8265	-73.7547	-73.682	-73.6084	-73.5343	-73.46	-73.386	-73.3131	-73.2422	-73.1747	-73.1121	-73.0567	-73.0112	-72.9788	-72.9635	-72.9696	-73.0017	-73.0653
5.13	-74.4786	-74.4945	-74.5234	-74.5425	-74.5474	-74.5382	-74.5169	-74.4856	-74.446	-74.3999	-74.3485	-74.293	-74.2341	-74.1724	-74.1085	-74.0427	-73.9751	-73.9061	-73.8357	-73.7642	-73.6916	-73.6182	-73.5442	-73.4701	-73.3963	-73.3236	-73.2529	-73.1856	-73.1232	-73.068	-73.0226	-72.9903	-72.9751	-72.9812	-73.0133	-73.0767
5.135	-74.4863	-74.5021	-74.5309	-74.5501	-74.5549	-74.5458	-74.5246	-74.4933	-74.4538	-74.4078	-74.3566	-74.3012	-74.2424	-74.1809	-74.1172	-74.0515	-73.9841	-73.9152	-73.845	-73.7736	-73.7012	-73.6279	-73.5542	-73.4802	-73.4066	-73.3341	-73.2636	-73.1964	-73.1342	-73.0792	-73.0339	-73.0018	-72.9867	-72.9928	-73.0248	-73.0882
5.14	-74.494	-74.5098	-74.5385	-74.5577	-74.5625	-74.5534	-74.5323	-74.5011	-74.4617	-74.4158	-74.3646	-74.3094	-74.2507	-74.1894	-74.1258	-74.0602	-73.993	-73.9242	-73.8542	-73.783	-73.7107	-73.6376	-73.5641	-73.4903	-73.4169	-73.3446	-73.2743	-73.2073	-73.1453	-73.0904	-73.0453	-73.0133	-72.9982	-73.0044	-73.0363	-73.0996
5.145	-74.5017	-74.5174	-74.5461	-74.5652	-74.57	-74.561	-74.5399	-74.5088	-74.4695	-74.4237	-74.3727	-74.3175	-74.259	-74.1978	-74.1343	-74.0689	-74.0018	-73.9333	-73.8634	-73.7923	-73.7202	-73.6474	-73.5739	-73.5004	-73.4272	-73.355	-73.2849	-73.2181	-73.1563	-73.1015	-73.0566	-73.0247	-73.0097	-73.0159	-73.0478	-73.111
5.15	-74.5094	-74.525	-74.5536	-74.5727	-74.5776	-74.5686	-74.5475	-74.5165	-74.4773	-74.4316	-74.3807	-74.3257	-74.2673	-74.2063	-74.1429	-74.0776	-74.0107	-73.9423	-73.8726	-73.8017	-73.7298	-73.657	-73.5838	-73.5104	-73.4374	-73.3654	-73.2955	-73.2289	-73.1672	-73.1127	-73.0679	-73.0361	-73.0212	-73.0274	-73.0592	-73.1223
5.155	-74.5171	-74.5326	-74.5612	-74.5802	-74.5851	-74.5761	-74.5552	-74.5242	-74.4851	-74.4395	-74.3887	-74.3338	-74.2756	-74.2147	-74.1515	-74.0863	-74.0196	-73.9513	-73.8817	-73.811	-73.7392	-73.6667	-73.5936	-73.5204	-73.4476	-73.3758	-73.3061	-73.2397	-73.1782	-73.1238	-73.0791	-73.0474	-73.0326	-73.0388	-73.0707	-73.1336
5.16	-74.5247	-74.5402	-74.5687	-74.5877	-74.5926	-74.5837	-74.5628	-74.5319	-74.4929	-74.4474	-74.3967	-74.342	-74.2839	-74.223	-74.16	-74.095	-74.0284	-73.9603	-73.8909	-73.8203	-73.7487	-73.6763	-73.6034	-73.5304	-73.4578	-73.3862	-73.3166	-73.2504	-73.1891	-73.1348	-73.0903	-73.0588	-73.044	-73.0503	-73.0821	-73.1449
5.165	-74.5324	-74.5478	-74.5762	-74.5952	-74.6001	-74.5912	-74.5703	-74.5395	-74.5006	-74.4553	-74.4047	-74.3501	-74.2921	-74.2314	-74.1685	-74.1037	-74.0372	-73.9692	-73.9	-73.8296	-73.7581	-73.686	-73.6132	-73.5404	-73.4679	-73.3965	-73.3272	-73.2611	-73.2	-73.1459	-73.1015	-73.0701	-73.0554	-73.0617	-73.0934	-73.1562
5.17	-74.54	-74.5553	-74.5837	-74.6027	-74.6076	-74.5987	-74.5779	-74.5472	-74.5084	-74.4631	-74.4127	-74.3581	-74.3003	-74.2398	-74.177	-74.1123	-74.046	-73.9782	-73.9091	-73.8388	-73.7676	-73.6955	-73.623	-73.5503	-73.478	-73.4068	-73.3377	-73.2718	-73.2108	-73.1569	-73.1127	-73.0814	-73.0667	-73.073	-73.1048	-73.1674
5.175	-74.5476	-74.5629	-74.5912	-74.6101	-74.615	-74.6062	-74.5855	-74.5548	-74.5161	-74.4709	-74.4206	-74.3662	-74.3085	-74.2481	-74.1855	-74.1209	-74.0547	-73.9871	-73.9181	-73.848	-73.777	-73.7051	-73.6328	-73.5603	-73.4881	-73.4171	-73.3481	-73.2824	-73.2217	-73.1679	-73.1238	-73.0926	-73.0781	-73.0844	-73.1161	-73.1786
5.18	-74.5552	-74.5704	-74.5987	-74.6176	-74.6225	-74.6137	-74.593	-74.5624	-74.5238	-74.4788	-74.4286	-74.3743	-74.3167	-74.2564	-74.1939	-74.1295	-74.0635	-73.996	-73.9272	-73.8573	-73.7863	-73.7147	-73.6425	-73.5702	-73.4982	-73.4274	-73.3586	-73.2931	-73.2325	-73.1789	-73.1349	-73.1038	-73.0894	-73.0957	-73.1273	-73.1898
5.185	-74.5628	-74.5779	-74.6061	-74.625	-74.6299	-74.6211	-74.6005	-74.57	-74.5315	-74.4866	-74.4365	-74.3823	-74.3249	-74.2647	-74.2024	-74.1381	-74.0722	-74.0049	-73.9362	-73.8664	-73.7957	-73.7242	-73.6522	-73.58	-73.5083	-73.4376	-73.369	-73.3037	-73.2432	-73.1898	-73.146	-73.115	-73.1006	-73.107	-73.1386	-73.2009
5.19	-74.5704	-74.5854	-74.6136	-74.6324	-74.6373	-74.6286	-74.608	-74.5776	-74.5392	-74.4943	-74.4444	-74.3903	-74.333	-74.273	-74.2108	-74.1467	-74.0809	-74.0137	-73.9452	-73.8756	-73.805	-73.7337	-73.6618	-73.5899	-73.5183	-73.4478	-73.3794	-73.3142	-73.254	-73.2007	-73.1571	-73.1262	-73.1118	-73.1182	-73.1498	-73.212
5.195	-74.578	-74.5929	-74.621	-74.6398	-74.6447	-74.636	-74.6155	-74.5852	-74.5469	-74.5021	-74.4523	-74.3983	-74.3411	-74.2813	-74.2192	-74.1552	-74.0896	-74.0226	-73.9542	-73.8848	-73.8144	-73.7432	-73.6715	-73.5997	-73.5283	-73.458	-73.3898	-73.3248	-73.2647	-73.2116	-73.1681	-73.1373	-73.123	-73.1294	-73.1609	-73.2231
5.2	-74.5855	-74.6004	-74.6284	-74.6472	-74.6521	-74.6434	-74.623	-74.5927	-74.5545	-74.5099	-74.4601	-74.4063	-74.3493	-74.2895	-74.2276	-74.1637	-74.0983	-74.0314	-73.9632	-73.8939	-73.8236	-73.7526	-73.6811	-73.6095	-73.5383	-73.4682	-73.4001	-73.3353	-73.2754	-73.2225	-73.1791	-73.1484	-73.1342	-73.1406	-73.1721	-73.2341
5.205	-74.593	-74.6078	-74.6358	-74.6546	-74.6595	-74.6509	-74.6305	-74.6003	-74.5621	-74.5176	-74.468	-74.4143	-74.3574	-74.2978	-74.2359	-74.1722	-74.1069	-74.0402	-73.9722	-73.903	-73.8329	-73.7621	-73.6907	-73.6193	-73.5483	-73.4783	-73.4104	-73.3458	-73.2861	-73.2333	-73.19	-73.1595	-73.1454	-73.1518	-73.1832	-73.2452
5.21	-74.6005	-74.6153	-74.6432	-74.6619	-74.6668	-74.6582	-74.6379	-74.6078	-74.5698	-74.5253	-74.4758	-74.4223	-74.3654	-74.306	-74.2443	-74.1807	-74.1156	-74.049	-73.9811	-73.9121	-73.8422	-73.7715	-73.7003	-73.6291	-73.5582	-73.4884	-73.4207	-73.3563	-73.2967	-73.2441	-73.201	-73.1705	-73.1565	-73.1629	-73.1943	-73.2561
5.215	-74.608	-74.6227	-74.6505	-74.6693	-74.6742	-74.6656	-74.6454	-74.6153	-74.5774	-74.533	-74.4836	-74.4302	-74.3735	-74.3142	-74.2526	-74.1892	-74.1242	-74.0577	-73.99	-73.9212	-73.8514	-73.7809	-73.7099	-73.6388	-73.5681	-73.4985	-73.431	-73.3667	-73.3073	-73.2548	-73.2119	-73.1815	-73.1676	-73.174	-73.2054	-73.2671
5.22	-74.6155	-74.6301	-74.6579	-74.6766	-74.6815	-74.673	-74.6528	-74.6228	-74.585	-74.5407	-74.4914	-74.4381	-74.3816	-74.3223	-74.2609	-74.1976	-74.1328	-74.0665	-73.9989	-73.9302	-73.8606	-73.7903	-73.7194	-73.6485	-73.578	-73.5086	-73.4412	-73.3771	-73.3179	-73.2656	-73.2227	-73.1925	-73.1786	-73.1851	-73.2164	-73.278
5.225	-74.623	-74.6375	-74.6652	-74.6839	-74.6888	-74.6803	-74.6602	-74.6303	-74.5925	-74.5484	-74.4992	-74.446	-74.3896	-74.3305	-74.2692	-74.2061	-74.1413	-74.0752	-74.0078	-73.9393	-73.8698	-73.7996	-73.729	-73.6582	-73.5879	-73.5187	-73.4515	-73.3875	-73.3285	-73.2763	-73.2336	-73.2035	-73.1896	-73.1961	-73.2274	-73.2889
5.23	-74.6305	-74.6449	-74.6726	-74.6912	-74.6961	-74.6877	-74.6676	-74.6378	-74.6001	-74.5561	-74.507	-74.4539	-74.3976	-74.3386	-74.2775	-74.2145	-74.1499	-74.0839	-74.0166	-73.9483	-73.879	-73.8089	-73.7385	-73.6679	-73.5977	-73.5287	-73.4617	-73.3979	-73.339	-73.287	-73.2444	-73.2144	-73.2006	-73.2071	-73.2384	-73.2998
5.235	-74.6379	-74.6523	-74.6799	-74.6985	-74.7034	-74.695	-74.675	-74.6452	-74.6076	-74.5637	-74.5148	-74.4618	-74.4056	-74.3468	-74.2858	-74.2229	-74.1584	-74.0926	-74.0255	-73.9573	-73.8881	-73.8183	-73.7479	-73.6775	-73.6075	-73.5387	-73.4718	-73.4082	-73.3495	-73.2977	-73.2552	-73.2253	-73.2116	-73.2181	-73.2493	-73.3107
5.24	-74.6453	-74.6596	-74.6872	-74.7057	-74.7107	-74.7023	-74.6823	-74.6527	-74.6152	-74.5714	-74.5225	-74.4697	-74.4136	-74.3549	-74.294	-74.2313	-74.167	-74.1012	-74.0343	-73.9662	-73.8972	-73.8275	-73.7574	-73.6871	-73.6173	-73.5486	-73.482	-73.4186	-73.36	-73.3083	-73.266	-73.2362	-73.2225	-73.2291	-73.2602	-73.3215
5.245	-74.6527	-74.667	-74.6945	-74.713	-74.7179	-74.7096	-74.6897	-74.6601	-74.6227	-74.579	-74.5302	-74.4775	-74.4215	-74.363	-74.3022	-74.2396	-74.1755	-74.1099	-74.0431	-73.9752	-73.9063	-73.8368	-73.7668	-73.6968	-73.6271	-73.5586	-73.4921	-73.4289	-73.3705	-73.3189	-73.2767	-73.247	-73.2335	-73.24	-73.2711	-73.3323
5.25	-74.6601	-74.6743	-74.7017	-74.7202	-74.7252	-74.7169	-74.697	-74.6675	-74.6302	-74.5866	-74.5379	-74.4853	-74.4295	-74.371	-74.3104	-74.248	-74.184	-74.1185	-74.0518	-73.9841	-73.9154	-73.8461	-73.7762	-73.7063	-73.6369	-73.5685	-73.5022	-73.4391	-73.3809	-73.3295	-73.2875	-73.2579	-73.2443	-73.2509	-73.282	-73.343
5.255	-74.6675	-74.6816	-74.709	-74.7275	-74.7324	-74.7241	-74.7043	-74.6749	-74.6377	-74.5941	-74.5456	-74.4931	-74.4374	-74.3791	-74.3186	-74.2563	-74.1924	-74.1271	-74.0606	-73.993	-73.9245	-73.8553	-73.7856	-73.7159	-73.6466	-73.5784	-73.5123	-73.4494	-73.3913	-73.34	-73.2981	-73.2687	-73.2552	-73.2618	-73.2928	-73.3537
5.26	-74.6749	-74.6889	-74.7162	-74.7347	-74.7396	-74.7314	-74.7116	-74.6823	-74.6451	-74.6017	-74.5533	-74.5009	-74.4453	-74.3872	-74.3268	-74.2646	-74.2009	-74.1357	-74.0694	-74.0019	-73.9335	-73.8645	-73.795	-73.7254	-73.6563	-73.5883	-73.5223	-73.4596	-73.4017	-73.3506	-73.3088	-73.2794	-73.266	-73.2726	-73.3036	-73.3644
5.265	-74.6823	-74.6962	-74.7234	-74.7419	-74.7468	-74.7386	-74.7189	-74.6896	-74.6526	-74.6093	-74.561	-74.5087	-74.4532	-74.3952	-74.335	-74.2729	-74.2093	-74.1443	-74.0781	-74.0108	-73.9426	-73.8737	-73.8043	-73.7349	-73.666	-73.5981	-73.5323	-73.4698	-73.412	-73.3611	-73.3194	-73.2902	-73.2768	-73.2834	-73.3144	-73.3751
5.27	-74.6896	-74.7035	-74.7307	-74.7491	-74.754	-74.7458	-74.7262	-74.697	-74.66	-74.6168	-74.5686	-74.5165	-74.4611	-74.4032	-74.3431	-74.2812	-74.2177	-74.1528	-74.0868	-74.0196	-73.9516	-73.8828	-73.8137	-73.7444	-73.6756	-73.608	-73.5423	-73.48	-73.4224	-73.3716	-73.33	-73.3009	-73.2876	-73.2942	-73.3251	-73.3858
5.275	-74.6969	-74.7107	-74.7379	-74.7562	-74.7612	-74.7531	-74.7335	-74.7043	-74.6674	-74.6243	-74.5763	-74.5242	-74.469	-74.4112	-74.3512	-74.2894	-74.2261	-74.1614	-74.0955	-74.0285	-73.9606	-73.892	-73.823	-73.7539	-73.6853	-73.6178	-73.5523	-73.4901	-73.4327	-73.382	-73.3406	-73.3116	-73.2983	-73.305	-73.3359	-73.3964
5.28	-74.7043	-74.718	-74.745	-74.7634	-74.7684	-74.7602	-74.7407	-74.7117	-74.6749	-74.6319	-74.5839	-74.532	-74.4768	-74.4192	-74.3593	-74.2977	-74.2345	-74.1699	-74.1041	-74.0373	-73.9695	-73.9011	-73.8323	-73.7634	-73.6949	-73.6276	-73.5623	-73.5002	-73.4429	-73.3924	-73.3512	-73.3222	-73.3091	-73.3157	-73.3465	-73.407
5.285	-74.7116	-74.7252	-74.7522	-74.7705	-74.7755	-74.7674	-74.7479	-74.719	-74.6823	-74.6393	-74.5915	-74.5397	-74.4847	-74.4271	-74.3674	-74.3059	-74.2428	-74.1784	-74.1128	-74.0461	-73.9785	-73.9102	-73.8415	-73.7728	-73.7045	-73.6373	-73.5722	-73.5103	-73.4532	-73.4028	-73.3617	-73.3328	-73.3198	-73.3264	-73.3572	-73.4175
5.29	-74.7188	-74.7324	-74.7594	-74.7777	-74.7826	-74.7746	-74.7552	-74.7263	-74.6896	-74.6468	-74.5991	-74.5474	-74.4925	-74.4351	-74.3755	-74.3141	-74.2512	-74.1869	-74.1214	-74.0548	-73.9874	-73.9193	-73.8508	-73.7822	-73.7141	-73.6471	-73.5821	-73.5204	-73.4634	-73.4132	-73.3722	-73.3434	-73.3304	-73.3371	-73.3678	-73.4281
5.295	-74.7261	-74.7396	-74.7665	-74.7848	-74.7898	-74.7817	-74.7624	-74.7335	-74.697	-74.6543	-74.6066	-74.5551	-74.5003	-74.443	-74.3835	-74.3223	-74.2595	-74.1953	-74.13	-74.0636	-73.9963	-73.9284	-73.86	-73.7916	-73.7236	-73.6568	-73.592	-73.5304	-73.4736	-73.4236	-73.3827	-73.354	-73.3411	-73.3478	-73.3784	-73.4386
5.3	-74.7334	-74.7468	-74.7737	-74.7919	-74.7969	-74.7889	-74.7696	-74.7408	-74.7044	-74.6617	-74.6142	-74.5627	-74.5081	-74.4509	-74.3916	-74.3305	-74.2678	-74.2038	-74.1386	-74.0723	-74.0052	-73.9374	-73.8692	-73.8009	-73.7331	-73.6665	-73.6019	-73.5405	-73.4838	-73.4339	-73.3931	-73.3646	-73.3517	-73.3584	-73.389	-73.4491
5.305	-74.7406	-74.754	-74.7808	-74.799	-74.804	-74.796	-74.7767	-74.7481	-74.7117	-74.6692	-74.6217	-74.5704	-74.5159	-74.4588	-74.3996	-74.3386	-74.2761	-74.2122	-74.1471	-74.081	-74.0141	-73.9464	-73.8784	-73.8103	-73.7426	-73.6762	-73.6117	-73.5505	-73.494	-73.4442	-73.4036	-73.3751	-73.3623	-73.369	-73.3996	-73.4595
5.31	-74.7479	-74.7612	-74.7879	-74.8061	-74.8111	-74.8031	-74.7839	-74.7553	-74.719	-74.6766	-74.6293	-74.578	-74.5236	-74.4667	-74.4076	-74.3468	-74.2844	-74.2206	-74.1557	-74.0897	-74.0229	-73.9554	-73.8875	-73.8196	-73.7521	-73.6858	-73.6215	-73.5604	-73.5041	-73.4545	-73.414	-73.3856	-73.3728	-73.3795	-73.4101	-73.4699
5.315	-74.7551	-74.7683	-74.795	-74.8131	-74.8181	-74.8102	-74.7911	-74.7625	-74.7263	-74.684	-74.6368	-74.5856	-74.5314	-74.4745	-74.4156	-74.3549	-74.2926	-74.229	-74.1642	-74.0984	-74.0317	-73.9644	-73.8967	-73.8289	-73.7616	-73.6954	-73.6313	-73.5704	-73.5142	-73.4647	-73.4243	-73.396	-73.3833	-73.3901	-73.4206	-73.4803
5.32	-74.7623	-74.7755	-74.8021	-74.8202	-74.8252	-74.8173	-74.7982	-74.7697	-74.7336	-74.6914	-74.6443	-74.5932	-74.5391	-74.4824	-74.4236	-74.363	-74.3009	-74.2374	-74.1728	-74.1071	-74.0406	-73.9734	-73.9058	-73.8382	-73.771	-73.705	-73.6411	-73.5803	-73.5243	-73.4749	-73.4347	-73.4065	-73.3938	-73.4006	-73.4311	-73.4907
5.325	-74.7695	-74.7826	-74.8091	-74.8272	-74.8322	-74.8244	-74.8053	-74.7769	-74.7409	-74.6988	-74.6517	-74.6008	-74.5468	-74.4902	-74.4315	-74.3711	-74.3091	-74.2457	-74.1812	-74.1157	-74.0493	-73.9823	-73.9149	-73.8474	-73.7804	-73.7146	-73.6508	-73.5902	-73.5343	-73.4851	-73.445	-73.4169	-73.4043	-73.4111	-73.4415	-73.5011
5.33	-74.7767	-74.7897	-74.8162	-74.8343	-74.8392	-74.8314	-74.8124	-74.7841	-74.7482	-74.7061	-74.6592	-74.6084	-74.5545	-74.498	-74.4395	-74.3791	-74.3173	-74.2541	-74.1897	-74.1243	-74.0581	-73.9912	-73.924	-73.8567	-73.7898	-73.7242	-73.6605	-73.6001	-73.5444	-73.4953	-73.4553	-73.4273	-73.4148	-73.4215	-73.4519	-73.5114
5.335	-74.7839	-74.7968	-74.8232	-74.8413	-74.8463	-74.8385	-74.8195	-74.7913	-74.7554	-74.7135	-74.6667	-74.616	-74.5622	-74.5058	-74.4474	-74.3872	-74.3255	-74.2624	-74.1982	-74.1329	-74.0669	-74.0001	-73.933	-73.8659	-73.7992	-73.7337	-73.6702	-73.61	-73.5544	-73.5055	-73.4656	-73.4377	-73.4252	-73.432	-73.4623	-73.5217
5.34	-74.791	-74.8039	-74.8303	-74.8483	-74.8533	-74.8455	-74.8266	-74.7984	-74.7627	-74.7208	-74.6741	-74.6235	-74.5698	-74.5136	-74.4553	-74.3952	-74.3336	-74.2707	-74.2066	-74.1415	-74.0756	-74.009	-73.942	-73.8751	-73.8086	-73.7432	-73.6799	-73.6198	-73.5644	-73.5156	-73.4758	-73.448	-73.4356	-73.4424	-73.4727	-73.532
5.345	-74.7982	-74.811	-74.8373	-74.8553	-74.8603	-74.8525	-74.8337	-74.8056	-74.7699	-74.7281	-74.6815	-74.6311	-74.5775	-74.5214	-74.4632	-74.4032	-74.3418	-74.279	-74.215	-74.1501	-74.0843	-74.0179	-73.9511	-73.8842	-73.8179	-73.7527	-73.6896	-73.6296	-73.5743	-73.5257	-73.4861	-73.4583	-73.446	-73.4528	-73.483	-73.5422
5.35	-74.8053	-74.818	-74.8443	-74.8622	-74.8672	-74.8596	-74.8408	-74.8127	-74.7771	-74.7354	-74.6889	-74.6386	-74.5851	-74.5291	-74.4711	-74.4112	-74.3499	-74.2873	-74.2234	-74.1586	-74.093	-74.0267	-73.9601	-73.8934	-73.8272	-73.7622	-73.6992	-73.6394	-73.5843	-73.5358	-73.4962	-73.4686	-73.4563	-73.4631	-73.4934	-73.5524
5.355	-74.8124	-74.8251	-74.8513	-74.8692	-74.8742	-74.8665	-74.8478	-74.8198	-74.7843	-74.7427	-74.6963	-74.6461	-74.5927	-74.5369	-74.4789	-74.4192	-74.358	-74.2955	-74.2318	-74.1672	-74.1017	-74.0355	-73.969	-73.9025	-73.8365	-73.7716	-73.7088	-73.6492	-73.5942	-73.5458	-73.5064	-73.4789	-73.4666	-73.4735	-73.5036	-73.5626
5.36	-74.8195	-74.8321	-74.8583	-74.8761	-74.8811	-74.8735	-74.8548	-74.8269	-74.7915	-74.75	-74.7037	-74.6536	-74.6003	-74.5446	-74.4868	-74.4272	-74.3661	-74.3037	-74.2402	-74.1757	-74.1103	-74.0443	-73.978	-73.9116	-73.8458	-73.7811	-73.7184	-73.6589	-73.6041	-73.5558	-73.5166	-73.4891	-73.4769	-73.4838	-73.5139	-73.5728
5.365	-74.8266	-74.8391	-74.8652	-74.8831	-74.8881	-74.8805	-74.8619	-74.834	-74.7987	-74.7573	-74.7111	-74.661	-74.6079	-74.5523	-74.4946	-74.4351	-74.3742	-74.312	-74.2486	-74.1842	-74.119	-74.0531	-73.9869	-73.9207	-73.855	-73.7905	-73.728	-73.6686	-73.614	-73.5659	-73.5267	-73.4993	-73.4872	-73.494	-73.5241	-73.5829
5.37	-74.8337	-74.8461	-74.8722	-74.89	-74.895	-74.8874	-74.8689	-74.8411	-74.8058	-74.7645	-74.7184	-74.6685	-74.6155	-74.56	-74.5024	-74.4431	-74.3823	-74.3202	-74.2569	-74.1926	-74.1276	-74.0619	-73.9958	-73.9298	-73.8643	-73.7999	-73.7375	-73.6783	-73.6238	-73.5758	-73.5368	-73.5095	-73.4974	-73.5043	-73.5344	-73.593
5.375	-74.8407	-74.8531	-74.8791	-74.8969	-74.9019	-74.8944	-74.8758	-74.8481	-74.813	-74.7718	-74.7258	-74.6759	-74.623	-74.5676	-74.5102	-74.451	-74.3903	-74.3283	-74.2652	-74.2011	-74.1362	-74.0706	-74.0047	-73.9389	-73.8735	-73.8092	-73.747	-73.688	-73.6336	-73.5858	-73.5469	-73.5197	-73.5076	-73.5145	-73.5445	-73.6031
5.38	-74.8478	-74.8601	-74.886	-74.9038	-74.9088	-74.9013	-74.8828	-74.8552	-74.8201	-74.779	-74.7331	-74.6834	-74.6306	-74.5753	-74.518	-74.4589	-74.3983	-74.3365	-74.2735	-74.2095	-74.1448	-74.0794	-74.0136	-73.9479	-73.8826	-73.8186	-73.7565	-73.6976	-73.6434	-73.5957	-73.5569	-73.5298	-73.5178	-73.5247	-73.5547	-73.6132
5.385	-74.8548	-74.8671	-74.8929	-74.9107	-74.9157	-74.9082	-74.8898	-74.8622	-74.8272	-74.7862	-74.7404	-74.6908	-74.6381	-74.5829	-74.5257	-74.4668	-74.4064	-74.3446	-74.2818	-74.218	-74.1533	-74.0881	-74.0225	-73.9569	-73.8918	-73.8279	-73.766	-73.7073	-73.6532	-73.6056	-73.5669	-73.5399	-73.528	-73.5349	-73.5648	-73.6232
5.39	-74.8619	-74.874	-74.8998	-74.9176	-74.9226	-74.9151	-74.8967	-74.8692	-74.8343	-74.7934	-74.7477	-74.6982	-74.6456	-74.5906	-74.5335	-74.4747	-74.4144	-74.3528	-74.2901	-74.2264	-74.1619	-74.0968	-74.0313	-73.9659	-73.901	-73.8372	-73.7754	-73.7169	-73.6629	-73.6155	-73.5769	-73.55	-73.5381	-73.545	-73.5749	-73.6332
5.395	-74.8689	-74.881	-74.9067	-74.9244	-74.9294	-74.922	-74.9037	-74.8762	-74.8414	-74.8006	-74.755	-74.7056	-74.6531	-74.5982	-74.5412	-74.4825	-74.4223	-74.3609	-74.2983	-74.2347	-74.1704	-74.1054	-74.0401	-73.9749	-73.9101	-73.8465	-73.7849	-73.7265	-73.6727	-73.6254	-73.5869	-73.5601	-73.5483	-73.5552	-73.585	-73.6432
5.4	-74.8759	-74.8879	-74.9136	-74.9313	-74.9363	-74.9289	-74.9106	-74.8832	-74.8485	-74.8077	-74.7622	-74.7129	-74.6606	-74.6058	-74.5489	-74.4903	-74.4303	-74.369	-74.3065	-74.2431	-74.1789	-74.1141	-74.0489	-73.9838	-73.9192	-73.8557	-73.7943	-73.736	-73.6824	-73.6352	-73.5969	-73.5701	-73.5583	-73.5653	-73.5951	-73.6532
5.405	-74.8829	-74.8948	-74.9205	-74.9381	-74.9431	-74.9358	-74.9175	-74.8902	-74.8555	-74.8149	-74.7695	-74.7203	-74.668	-74.6133	-74.5566	-74.4982	-74.4383	-74.3771	-74.3147	-74.2515	-74.1874	-74.1227	-74.0577	-73.9927	-73.9283	-73.865	-73.8037	-73.7456	-73.6921	-73.645	-73.6068	-73.5801	-73.5684	-73.5753	-73.6051	-73.6631
5.41	-74.8898	-74.9017	-74.9273	-74.9449	-74.95	-74.9426	-74.9244	-74.8972	-74.8626	-74.822	-74.7767	-74.7276	-74.6755	-74.6209	-74.5643	-74.506	-74.4462	-74.3851	-74.3229	-74.2598	-74.1959	-74.1313	-74.0665	-74.0016	-73.9373	-73.8742	-73.813	-73.7551	-73.7017	-73.6548	-73.6167	-73.5901	-73.5785	-73.5854	-73.6151	-73.673
5.415	-74.8968	-74.9086	-74.9342	-74.9517	-74.9568	-74.9494	-74.9313	-74.9041	-74.8696	-74.8291	-74.7839	-74.7349	-74.6829	-74.6285	-74.572	-74.5138	-74.4541	-74.3932	-74.3311	-74.2681	-74.2043	-74.1399	-74.0752	-74.0105	-73.9464	-73.8834	-73.8224	-73.7646	-73.7114	-73.6646	-73.6266	-73.6001	-73.5885	-73.5954	-73.6251	-73.6829
5.42	-74.9037	-74.9155	-74.941	-74.9585	-74.9636	-74.9563	-74.9382	-74.9111	-74.8766	-74.8362	-74.7911	-74.7423	-74.6904	-74.636	-74.5796	-74.5215	-74.462	-74.4012	-74.3393	-74.2764	-74.2127	-74.1485	-74.0839	-74.0194	-73.9554	-73.8925	-73.8317	-73.774	-73.721	-73.6743	-73.6364	-73.61	-73.5985	-73.6054	-73.6351	-73.6928
5.425	-74.9107	-74.9224	-74.9478	-74.9653	-74.9703	-74.9631	-74.945	-74.918	-74.8836	-74.8433	-74.7983	-74.7495	-74.6978	-74.6435	-74.5873	-74.5293	-74.4699	-74.4092	-74.3474	-74.2847	-74.2212	-74.1571	-74.0926	-74.0283	-73.9644	-73.9017	-73.841	-73.7835	-73.7306	-73.6841	-73.6463	-73.62	-73.6084	-73.6154	-73.645	-73.7026
5.43	-74.9176	-74.9293	-74.9546	-74.9721	-74.9771	-74.9699	-74.9519	-74.9249	-74.8906	-74.8504	-74.8055	-74.7568	-74.7052	-74.651	-74.5949	-74.537	-74.4778	-74.4172	-74.3555	-74.2929	-74.2296	-74.1656	-74.1013	-74.0371	-73.9734	-73.9108	-73.8503	-73.7929	-73.7401	-73.6937	-73.6561	-73.6299	-73.6184	-73.6254	-73.6549	-73.7124
5.435	-74.9245	-74.9361	-74.9614	-74.9788	-74.9839	-74.9767	-74.9587	-74.9318	-74.8976	-74.8575	-74.8127	-74.7641	-74.7125	-74.6585	-74.6025	-74.5448	-74.4856	-74.4252	-74.3637	-74.3012	-74.2379	-74.1741	-74.11	-74.0459	-73.9823	-73.9199	-73.8596	-73.8023	-73.7497	-73.7034	-73.6659	-73.6397	-73.6283	-73.6353	-73.6648	-73.7222
5.44	-74.9314	-74.9429	-74.9682	-74.9856	-74.9906	-74.9834	-74.9656	-74.9387	-74.9046	-74.8645	-74.8198	-74.7714	-74.7199	-74.666	-74.6101	-74.5525	-74.4934	-74.4331	-74.3717	-74.3094	-74.2463	-74.1826	-74.1186	-74.0547	-73.9913	-73.929	-73.8688	-73.8117	-73.7592	-73.7131	-73.6756	-73.6496	-73.6382	-73.6452	-73.6747	-73.732
5.445	-74.9383	-74.9497	-74.9749	-74.9923	-74.9974	-74.9902	-74.9724	-74.9456	-74.9115	-74.8716	-74.827	-74.7786	-74.7272	-74.6734	-74.6177	-74.5602	-74.5013	-74.4411	-74.3798	-74.3176	-74.2547	-74.1911	-74.1273	-74.0635	-74.0002	-73.9381	-73.878	-73.8211	-73.7687	-73.7227	-73.6854	-73.6594	-73.6481	-73.6551	-73.6845	-73.7417
5.45	-74.9452	-74.9566	-74.9817	-74.9991	-75.0041	-74.997	-74.9792	-74.9524	-74.9184	-74.8786	-74.8341	-74.7858	-74.7346	-74.6809	-74.6252	-74.5679	-74.5091	-74.449	-74.3879	-74.3258	-74.263	-74.1996	-74.1359	-74.0722	-74.0091	-73.9472	-73.8872	-73.8304	-73.7782	-73.7323	-73.6951	-73.6692	-73.6579	-73.6649	-73.6943	-73.7515
5.455	-74.952	-74.9633	-74.9884	-75.0058	-75.0108	-75.0037	-74.9859	-74.9593	-74.9254	-74.8856	-74.8412	-74.793	-74.7419	-74.6883	-74.6328	-74.5755	-74.5168	-74.4569	-74.3959	-74.334	-74.2713	-74.208	-74.1445	-74.081	-74.018	-73.9562	-73.8964	-73.8397	-73.7876	-73.7419	-73.7048	-73.679	-73.6678	-73.6748	-73.7041	-73.7612
5.46	-74.9589	-74.9701	-74.9951	-75.0125	-75.0175	-75.0104	-74.9927	-74.9661	-74.9323	-74.8926	-74.8483	-74.8002	-74.7492	-74.6957	-74.6403	-74.5832	-74.5246	-74.4648	-74.4039	-74.3421	-74.2796	-74.2165	-74.153	-74.0897	-74.0268	-73.9652	-73.9056	-73.849	-73.7971	-73.7515	-73.7144	-73.6887	-73.6776	-73.6846	-73.7139	-73.7708
5.465	-74.9657	-74.9769	-75.0019	-75.0191	-75.0242	-75.0171	-74.9995	-74.973	-74.9392	-74.8996	-74.8554	-74.8074	-74.7565	-74.7031	-74.6478	-74.5908	-74.5324	-74.4727	-74.412	-74.3503	-74.2879	-74.2249	-74.1616	-74.0984	-74.0357	-73.9742	-73.9147	-73.8583	-73.8065	-73.761	-73.7241	-73.6985	-73.6873	-73.6943	-73.7236	-73.7805
5.47	-74.9725	-74.9837	-75.0086	-75.0258	-75.0309	-75.0238	-75.0062	-74.9798	-74.9461	-74.9066	-74.8624	-74.8146	-74.7638	-74.7105	-74.6553	-74.5984	-74.5401	-74.4806	-74.4199	-74.3584	-74.2961	-74.2333	-74.1701	-74.1071	-74.0445	-73.9832	-73.9238	-73.8676	-73.8159	-73.7705	-73.7337	-73.7082	-73.6971	-73.7041	-73.7333	-73.7901
5.475	-74.9794	-74.9904	-75.0153	-75.0325	-75.0375	-75.0305	-75.013	-74.9866	-74.953	-74.9135	-74.8695	-74.8217	-74.771	-74.7179	-74.6628	-74.606	-74.5478	-74.4884	-74.4279	-74.3665	-74.3044	-74.2416	-74.1786	-74.1157	-74.0533	-73.9921	-73.9329	-73.8768	-73.8253	-73.78	-73.7433	-73.7178	-73.7068	-73.7138	-73.743	-73.7997
5.48	-74.9862	-74.9971	-75.0219	-75.0391	-75.0442	-75.0372	-75.0197	-74.9933	-74.9598	-74.9205	-74.8765	-74.8289	-74.7783	-74.7253	-74.6703	-74.6136	-74.5555	-74.4962	-74.4359	-74.3746	-74.3126	-74.25	-74.1871	-74.1244	-74.0621	-74.001	-73.942	-73.886	-73.8346	-73.7895	-73.7529	-73.7275	-73.7165	-73.7235	-73.7527	-73.8093
5.485	-74.993	-75.0039	-75.0286	-75.0458	-75.0508	-75.0439	-75.0264	-75.0001	-74.9667	-74.9274	-74.8836	-74.836	-74.7855	-74.7326	-74.6777	-74.6212	-74.5632	-74.5041	-74.4438	-74.3827	-74.3208	-74.2583	-74.1956	-74.133	-74.0709	-74.0099	-73.951	-73.8952	-73.8439	-73.799	-73.7625	-73.7371	-73.7262	-73.7332	-73.7623	-73.8188
5.49	-74.9997	-75.0106	-75.0353	-75.0524	-75.0574	-75.0505	-75.0331	-75.0069	-74.9735	-74.9343	-74.8906	-74.8431	-74.7927	-74.7399	-74.6852	-74.6287	-74.5709	-74.5119	-74.4517	-74.3907	-74.329	-74.2667	-74.2041	-74.1416	-74.0796	-74.0188	-73.9601	-73.9044	-73.8533	-73.8084	-73.772	-73.7468	-73.7359	-73.7429	-73.7719	-73.8284
5.495	-75.0065	-75.0173	-75.0419	-75.059	-75.064	-75.0571	-75.0398	-75.0136	-74.9803	-74.9413	-74.8976	-74.8502	-74.7999	-74.7472	-74.6926	-74.6363	-74.5786	-74.5196	-74.4597	-74.3988	-74.3371	-74.275	-74.2125	-74.1502	-74.0883	-74.0277	-73.9691	-73.9136	-73.8625	-73.8178	-73.7815	-73.7563	-73.7455	-73.7525	-73.7815	-73.8379
5.5	-75.0132	-75.024	-75.0485	-75.0656	-75.0706	-75.0638	-75.0464	-75.0204	-74.9871	-74.9482	-74.9046	-74.8573	-74.8071	-74.7545	-74.7	-74.6438	-74.5862	-74.5274	-74.4676	-74.4068	-74.3453	-74.2833	-74.221	-74.1587	-74.0971	-74.0366	-73.9781	-73.9227	-73.8718	-73.8272	-73.791	-73.7659	-73.7551	-73.7622	-73.7911	-73.8474
5.505	-75.02	-75.0306	-75.0551	-75.0722	-75.0772	-75.0704	-75.0531	-75.0271	-74.9939	-74.955	-74.9115	-74.8644	-74.8143	-74.7618	-74.7074	-74.6513	-74.5938	-74.5352	-74.4754	-74.4148	-74.3534	-74.2915	-74.2294	-74.1673	-74.1057	-74.0454	-73.987	-73.9318	-73.8811	-73.8365	-73.8005	-73.7755	-73.7647	-73.7718	-73.8007	-73.8568
5.51	-75.0267	-75.0373	-75.0618	-75.0788	-75.0838	-75.077	-75.0598	-75.0338	-75.0007	-74.9619	-74.9185	-74.8715	-74.8215	-74.7691	-74.7148	-74.6588	-74.6015	-74.5429	-74.4833	-74.4228	-74.3615	-74.2998	-74.2378	-74.1758	-74.1144	-74.0542	-73.996	-73.9409	-73.8903	-73.8459	-73.8099	-73.785	-73.7743	-73.7813	-73.8102	-73.8663
5.515	-75.0334	-75.0439	-75.0683	-75.0853	-75.0904	-75.0836	-75.0664	-75.0405	-75.0075	-74.9688	-74.9255	-74.8785	-74.8286	-74.7764	-74.7221	-74.6663	-74.6091	-74.5506	-74.4911	-74.4308	-74.3696	-74.308	-74.2461	-74.1843	-74.1231	-74.063	-74.0049	-73.95	-73.8995	-73.8552	-73.8193	-73.7945	-73.7838	-73.7909	-73.8197	-73.8757
5.52	-75.0401	-75.0506	-75.0749	-75.0919	-75.0969	-75.0902	-75.073	-75.0472	-75.0142	-74.9756	-74.9324	-74.8855	-74.8357	-74.7836	-74.7295	-74.6738	-74.6166	-74.5583	-74.499	-74.4387	-74.3777	-74.3162	-74.2545	-74.1928	-74.1317	-74.0718	-74.0138	-73.959	-73.9087	-73.8645	-73.8287	-73.804	-73.7934	-73.8004	-73.8292	-73.8851
5.525	-75.0468	-75.0572	-75.0815	-75.0984	-75.1035	-75.0967	-75.0796	-75.0539	-75.021	-74.9824	-74.9393	-74.8925	-74.8429	-74.7908	-74.7368	-74.6812	-74.6242	-74.566	-74.5068	-74.4466	-74.3858	-74.3244	-74.2628	-74.2013	-74.1403	-74.0805	-74.0227	-73.968	-73.9178	-73.8738	-73.8381	-73.8134	-73.8029	-73.8099	-73.8387	-73.8944
5.53	-75.0535	-75.0638	-75.0881	-75.105	-75.11	-75.1033	-75.0862	-75.0605	-75.0277	-74.9893	-74.9462	-74.8996	-74.85	-74.798	-74.7442	-74.6887	-74.6318	-74.5737	-74.5146	-74.4546	-74.3939	-74.3326	-74.2711	-74.2097	-74.1489	-74.0893	-74.0316	-73.9771	-73.927	-73.883	-73.8475	-73.8229	-73.8123	-73.8194	-73.8481	-73.9038
5.535	-75.0602	-75.0704	-75.0946	-75.1115	-75.1165	-75.1098	-75.0928	-75.0672	-75.0345	-74.9961	-74.9531	-74.9065	-74.8571	-74.8052	-74.7515	-74.6961	-74.6393	-74.5813	-74.5223	-74.4625	-74.4019	-74.3408	-74.2794	-74.2182	-74.1575	-74.098	-74.0405	-73.986	-73.9361	-73.8923	-73.8568	-73.8323	-73.8218	-73.8289	-73.8575	-73.9131
5.54	-75.0668	-75.077	-75.1011	-75.118	-75.123	-75.1164	-75.0994	-75.0738	-75.0412	-75.0028	-74.96	-74.9135	-74.8642	-74.8124	-74.7588	-74.7035	-74.6468	-74.589	-74.5301	-74.4704	-74.4099	-74.3489	-74.2877	-74.2266	-74.166	-74.1067	-74.0493	-73.995	-73.9452	-73.9015	-73.8661	-73.8417	-73.8312	-73.8383	-73.8669	-73.9224
5.545	-75.0735	-75.0836	-75.1077	-75.1245	-75.1295	-75.1229	-75.1059	-75.0804	-75.0479	-75.0096	-74.9669	-74.9205	-74.8712	-74.8196	-74.7661	-74.7109	-74.6543	-74.5966	-74.5379	-74.4782	-74.4179	-74.3571	-74.296	-74.235	-74.1746	-74.1153	-74.0581	-74.004	-73.9542	-73.9107	-73.8754	-73.851	-73.8406	-73.8477	-73.8763	-73.9317
5.55	-75.0801	-75.0902	-75.1142	-75.131	-75.136	-75.1294	-75.1125	-75.087	-75.0545	-75.0164	-74.9737	-74.9274	-74.8783	-74.8268	-74.7733	-74.7183	-74.6618	-74.6042	-74.5456	-74.4861	-74.4259	-74.3652	-74.3042	-74.2434	-74.1831	-74.124	-74.0669	-74.0129	-73.9633	-73.9199	-73.8847	-73.8604	-73.85	-73.8571	-73.8856	-73.941
5.555	-75.0867	-75.0967	-75.1207	-75.1375	-75.1425	-75.1359	-75.119	-75.0936	-75.0612	-75.0231	-74.9806	-74.9344	-74.8853	-74.8339	-74.7806	-74.7256	-74.6693	-74.6118	-74.5533	-74.4939	-74.4339	-74.3733	-74.3125	-74.2517	-74.1916	-74.1326	-74.0757	-74.0218	-73.9723	-73.929	-73.8939	-73.8697	-73.8594	-73.8665	-73.895	-73.9502
5.56	-75.0933	-75.1033	-75.1272	-75.1439	-75.1489	-75.1424	-75.1256	-75.1002	-75.0679	-75.0299	-74.9874	-74.9413	-74.8923	-74.841	-74.7878	-74.733	-74.6768	-74.6194	-74.561	-74.5018	-74.4418	-74.3814	-74.3207	-74.2601	-74.2001	-74.1413	-74.0844	-74.0307	-73.9814	-73.9381	-73.9032	-73.879	-73.8687	-73.8758	-73.9043	-73.9594
5.565	-75.0999	-75.1098	-75.1337	-75.1504	-75.1554	-75.1488	-75.1321	-75.1068	-75.0745	-75.0366	-74.9942	-74.9482	-74.8994	-74.8482	-74.795	-74.7403	-74.6842	-74.627	-74.5687	-74.5096	-74.4497	-74.3894	-74.3289	-74.2684	-74.2085	-74.1499	-74.0932	-74.0396	-73.9904	-73.9473	-73.9124	-73.8883	-73.8781	-73.8852	-73.9136	-73.9686
5.57	-75.1065	-75.1163	-75.1401	-75.1568	-75.1618	-75.1553	-75.1386	-75.1134	-75.0812	-75.0433	-75.001	-74.9551	-74.9064	-74.8553	-74.8022	-74.7476	-74.6917	-74.6345	-74.5764	-74.5174	-74.4577	-74.3975	-74.3371	-74.2767	-74.217	-74.1585	-74.1019	-74.0484	-73.9993	-73.9563	-73.9216	-73.8976	-73.8874	-73.8945	-73.9228	-73.9778
5.575	-75.1131	-75.1228	-75.1466	-75.1632	-75.1683	-75.1618	-75.1451	-75.1199	-75.0878	-75.05	-75.0078	-74.962	-74.9133	-74.8623	-74.8094	-74.7549	-74.6991	-74.6421	-74.584	-74.5251	-74.4656	-74.4055	-74.3452	-74.285	-74.2254	-74.167	-74.1106	-74.0573	-74.0083	-73.9654	-73.9307	-73.9068	-73.8967	-73.9037	-73.9321	-73.9869
5.58	-75.1197	-75.1293	-75.153	-75.1696	-75.1747	-75.1682	-75.1516	-75.1264	-75.0944	-75.0567	-75.0146	-74.9689	-74.9203	-74.8694	-74.8166	-74.7622	-74.7065	-74.6496	-74.5917	-74.5329	-74.4735	-74.4135	-74.3534	-74.2933	-74.2338	-74.1756	-74.1193	-74.0661	-74.0172	-73.9745	-73.9399	-73.916	-73.9059	-73.913	-73.9413	-73.9961
5.585	-75.1262	-75.1358	-75.1595	-75.1761	-75.1811	-75.1746	-75.158	-75.133	-75.101	-75.0634	-75.0214	-74.9757	-74.9273	-74.8765	-74.8238	-74.7695	-74.7139	-74.6571	-74.5993	-74.5406	-74.4813	-74.4215	-74.3615	-74.3016	-74.2422	-74.1841	-74.128	-74.0749	-74.0261	-73.9835	-73.949	-73.9252	-73.9151	-73.9222	-73.9505	-74.0052
5.59	-75.1328	-75.1423	-75.1659	-75.1824	-75.1875	-75.181	-75.1645	-75.1395	-75.1076	-75.0701	-75.0281	-74.9826	-74.9342	-74.8835	-74.8309	-74.7768	-74.7213	-74.6646	-74.6069	-74.5484	-74.4892	-74.4295	-74.3696	-74.3098	-74.2506	-74.1926	-74.1366	-74.0836	-74.035	-73.9925	-73.9581	-73.9344	-73.9244	-73.9315	-73.9597	-74.0143
5.595	-75.1393	-75.1488	-75.1723	-75.1888	-75.1938	-75.1874	-75.1709	-75.146	-75.1142	-75.0767	-75.0349	-74.9894	-74.9412	-74.8906	-74.8381	-74.784	-74.7286	-74.6721	-74.6145	-74.5561	-74.497	-74.4375	-74.3777	-74.318	-74.259	-74.2011	-74.1452	-74.0924	-74.0439	-74.0015	-73.9672	-73.9435	-73.9336	-73.9407	-73.9688	-74.0233
5.6	-75.1458	-75.1552	-75.1787	-75.1952	-75.2002	-75.1938	-75.1774	-75.1525	-75.1207	-75.0834	-75.0416	-74.9963	-74.9481	-74.8976	-74.8452	-74.7913	-74.736	-74.6795	-74.6221	-74.5638	-74.5048	-74.4454	-74.3858	-74.3262	-74.2673	-74.2096	-74.1538	-74.1011	-74.0528	-74.0104	-73.9762	-73.9527	-73.9427	-73.9498	-73.9779	-74.0324
5.605	-75.1523	-75.1617	-75.1851	-75.2016	-75.2066	-75.2002	-75.1838	-75.159	-75.1273	-75.09	-75.0483	-75.0031	-74.955	-74.9046	-74.8523	-74.7985	-74.7433	-74.687	-74.6296	-74.5715	-74.5126	-74.4533	-74.3938	-74.3344	-74.2756	-74.218	-74.1624	-74.1098	-74.0616	-74.0194	-73.9853	-73.9618	-73.9519	-73.959	-73.987	-74.0414
5.61	-75.1588	-75.1681	-75.1915	-75.2079	-75.2129	-75.2066	-75.1902	-75.1654	-75.1338	-75.0966	-75.055	-75.0099	-74.9619	-74.9116	-74.8594	-74.8057	-74.7506	-74.6944	-74.6372	-74.5791	-74.5204	-74.4613	-74.4019	-74.3426	-74.2839	-74.2265	-74.171	-74.1185	-74.0704	-74.0283	-73.9943	-73.9709	-73.961	-73.9681	-73.9961	-74.0504
5.615	-75.1653	-75.1745	-75.1978	-75.2142	-75.2193	-75.2129	-75.1966	-75.1719	-75.1403	-75.1032	-75.0617	-75.0166	-74.9688	-74.9186	-74.8665	-74.8129	-74.7579	-74.7018	-74.6447	-74.5868	-74.5282	-74.4692	-74.4099	-74.3508	-74.2922	-74.2349	-74.1795	-74.1272	-74.0792	-74.0372	-74.0033	-73.9799	-73.9701	-73.9772	-74.0052	-74.0594
5.62	-75.1718	-75.1809	-75.2042	-75.2206	-75.2256	-75.2193	-75.203	-75.1783	-75.1468	-75.1098	-75.0684	-75.0234	-74.9756	-74.9255	-74.8736	-74.8201	-74.7652	-74.7092	-74.6522	-74.5944	-74.536	-74.477	-74.4179	-74.3589	-74.3005	-74.2433	-74.1881	-74.1359	-74.088	-74.0461	-74.0123	-73.989	-73.9792	-73.9863	-74.0143	-74.0683
5.625	-75.1782	-75.1873	-75.2105	-75.2269	-75.2319	-75.2256	-75.2094	-75.1848	-75.1533	-75.1164	-75.0751	-75.0302	-74.9825	-74.9325	-74.8806	-74.8272	-74.7725	-74.7166	-74.6597	-74.6021	-74.5437	-74.4849	-74.4259	-74.367	-74.3087	-74.2517	-74.1966	-74.1445	-74.0967	-74.055	-74.0212	-73.998	-73.9883	-73.9954	-74.0233	-74.0773
5.63	-75.1847	-75.1937	-75.2169	-75.2332	-75.2382	-75.2319	-75.2157	-75.1912	-75.1598	-75.123	-75.0817	-75.0369	-74.9893	-74.9394	-74.8877	-74.8344	-74.7797	-74.724	-74.6672	-74.6097	-74.5514	-74.4928	-74.4339	-74.3751	-74.317	-74.26	-74.2051	-74.1531	-74.1055	-74.0638	-74.0302	-74.007	-73.9973	-74.0044	-74.0323	-74.0862
5.635	-75.1911	-75.2001	-75.2232	-75.2395	-75.2445	-75.2382	-75.2221	-75.1976	-75.1663	-75.1295	-75.0883	-75.0437	-74.9961	-74.9464	-74.8947	-74.8415	-74.787	-74.7313	-74.6747	-74.6173	-74.5592	-74.5006	-74.4418	-74.3832	-74.3252	-74.2684	-74.2135	-74.1617	-74.1142	-74.0727	-74.0391	-74.016	-74.0064	-74.0135	-74.0413	-74.0951
5.64	-75.1975	-75.2064	-75.2295	-75.2458	-75.2508	-75.2445	-75.2284	-75.204	-75.1728	-75.1361	-75.095	-75.0504	-75.003	-74.9533	-74.9017	-74.8486	-74.7942	-74.7387	-74.6822	-74.6248	-74.5668	-74.5084	-74.4498	-74.3913	-74.3334	-74.2767	-74.222	-74.1703	-74.1229	-74.0815	-74.048	-74.025	-74.0154	-74.0225	-74.0502	-74.104
5.645	-75.2039	-75.2128	-75.2358	-75.252	-75.257	-75.2508	-75.2348	-75.2104	-75.1792	-75.1426	-75.1016	-75.0571	-75.0098	-74.9602	-74.9087	-74.8557	-74.8014	-74.746	-74.6896	-74.6324	-74.5745	-74.5162	-74.4577	-74.3993	-74.3416	-74.285	-74.2304	-74.1789	-74.1316	-74.0903	-74.0569	-74.0339	-74.0243	-74.0315	-74.0592	-74.1128
5.65	-75.2104	-75.2191	-75.2421	-75.2583	-75.2633	-75.2571	-75.2411	-75.2168	-75.1857	-75.1491	-75.1082	-75.0638	-75.0166	-74.9671	-74.9157	-74.8628	-74.8086	-74.7533	-74.697	-74.6399	-74.5822	-74.524	-74.4656	-74.4074	-74.3497	-74.2933	-74.2389	-74.1874	-74.1403	-74.099	-74.0657	-74.0429	-74.0333	-74.0404	-74.0681	-74.1217
5.655	-75.2167	-75.2255	-75.2483	-75.2645	-75.2695	-75.2634	-75.2474	-75.2231	-75.1921	-75.1556	-75.1148	-75.0705	-75.0233	-74.9739	-74.9227	-74.8699	-74.8158	-74.7606	-74.7044	-74.6475	-74.5898	-74.5318	-74.4735	-74.4154	-74.3579	-74.3016	-74.2473	-74.1959	-74.1489	-74.1078	-74.0746	-74.0518	-74.0423	-74.0494	-74.077	-74.1305
5.66	-75.2231	-75.2318	-75.2546	-75.2708	-75.2758	-75.2696	-75.2537	-75.2295	-75.1985	-75.1621	-75.1214	-75.0771	-75.0301	-74.9808	-74.9297	-74.877	-74.823	-74.7679	-74.7118	-74.655	-74.5975	-74.5395	-74.4814	-74.4234	-74.366	-74.3098	-74.2556	-74.2044	-74.1575	-74.1165	-74.0834	-74.0607	-74.0512	-74.0583	-74.0859	-74.1393
5.665	-75.2295	-75.2381	-75.2609	-75.277	-75.282	-75.2759	-75.26	-75.2358	-75.2049	-75.1686	-75.1279	-75.0838	-75.0368	-74.9877	-74.9366	-74.884	-74.8302	-74.7752	-74.7192	-74.6625	-74.6051	-74.5473	-74.4893	-74.4314	-74.3741	-74.3181	-74.264	-74.2129	-74.1661	-74.1252	-74.0922	-74.0695	-74.0601	-74.0672	-74.0947	-74.148
5.67	-75.2359	-75.2444	-75.2671	-75.2832	-75.2882	-75.2821	-75.2663	-75.2422	-75.2113	-75.1751	-75.1345	-75.0904	-75.0436	-74.9945	-74.9436	-74.8911	-74.8373	-74.7824	-74.7266	-74.67	-74.6127	-74.555	-74.4971	-74.4394	-74.3822	-74.3263	-74.2724	-74.2214	-74.1747	-74.1339	-74.101	-74.0784	-74.069	-74.0761	-74.1036	-74.1568
5.675	-75.2422	-75.2507	-75.2733	-75.2894	-75.2944	-75.2883	-75.2725	-75.2485	-75.2177	-75.1815	-75.141	-75.0971	-75.0503	-75.0013	-74.9505	-74.8981	-74.8445	-74.7897	-74.734	-74.6774	-74.6203	-74.5627	-74.5049	-74.4473	-74.3903	-74.3345	-74.2807	-74.2299	-74.1833	-74.1426	-74.1097	-74.0872	-74.0778	-74.0849	-74.1124	-74.1655
5.68	-75.2485	-75.257	-75.2796	-75.2956	-75.3006	-75.2946	-75.2788	-75.2548	-75.2241	-75.188	-75.1476	-75.1037	-75.057	-75.0081	-74.9574	-74.9051	-74.8516	-74.7969	-74.7413	-74.6849	-74.6279	-74.5704	-74.5127	-74.4553	-74.3984	-74.3427	-74.289	-74.2383	-74.1918	-74.1512	-74.1185	-74.096	-74.0867	-74.0938	-74.1212	-74.1742
5.685	-75.2549	-75.2632	-75.2858	-75.3018	-75.3068	-75.3008	-75.285	-75.2611	-75.2305	-75.1944	-75.1541	-75.1103	-75.0637	-75.0149	-74.9643	-74.9121	-74.8587	-74.8041	-74.7486	-74.6923	-74.6354	-74.5781	-74.5205	-74.4632	-74.4064	-74.3509	-74.2973	-74.2467	-74.2004	-74.1599	-74.1272	-74.1048	-74.0955	-74.1026	-74.13	-74.1829
5.69	-75.2612	-75.2695	-75.292	-75.308	-75.313	-75.307	-75.2912	-75.2674	-75.2368	-75.2009	-75.1606	-75.1169	-75.0704	-75.0217	-74.9712	-74.9191	-74.8658	-74.8113	-74.7559	-74.6998	-74.643	-74.5857	-74.5283	-74.4711	-74.4145	-74.359	-74.3056	-74.2551	-74.2089	-74.1685	-74.1359	-74.1136	-74.1043	-74.1114	-74.1387	-74.1916
5.695	-75.2675	-75.2757	-75.2982	-75.3141	-75.3191	-75.3131	-75.2975	-75.2736	-75.2432	-75.2073	-75.1671	-75.1235	-75.0771	-75.0285	-74.9781	-74.9261	-74.8728	-74.8185	-74.7632	-74.7072	-74.6505	-74.5934	-74.5361	-74.479	-74.4225	-74.3672	-74.3138	-74.2635	-74.2174	-74.1771	-74.1446	-74.1223	-74.1131	-74.1202	-74.1475	-74.2003
5.7	-75.2738	-75.282	-75.3044	-75.3203	-75.3253	-75.3193	-75.3037	-75.2799	-75.2495	-75.2137	-75.1736	-75.1301	-75.0838	-75.0352	-74.9849	-74.9331	-74.8799	-74.8257	-74.7705	-74.7146	-74.658	-74.601	-74.5438	-74.4868	-74.4305	-74.3753	-74.3221	-74.2718	-74.2258	-74.1857	-74.1533	-74.1311	-74.1218	-74.129	-74.1562	-74.2089
5.705	-75.2801	-75.2882	-75.3105	-75.3264	-75.3314	-75.3255	-75.3099	-75.2862	-75.2558	-75.2201	-75.1801	-75.1366	-75.0904	-75.042	-74.9918	-74.94	-74.887	-74.8328	-74.7778	-74.7219	-74.6655	-74.6086	-74.5516	-74.4947	-74.4384	-74.3834	-74.3303	-74.2802	-74.2343	-74.1942	-74.1619	-74.1398	-74.1306	-74.1377	-74.1649	-74.2175
5.71	-75.2864	-75.2944	-75.3167	-75.3326	-75.3375	-75.3316	-75.316	-75.2924	-75.2621	-75.2265	-75.1865	-75.1432	-75.0971	-75.0487	-74.9986	-74.9469	-74.894	-74.84	-74.785	-74.7293	-74.673	-74.6162	-74.5593	-74.5025	-74.4464	-74.3915	-74.3385	-74.2885	-74.2427	-74.2028	-74.1705	-74.1484	-74.1393	-74.1464	-74.1736	-74.2261
5.715	-75.2926	-75.3006	-75.3228	-75.3387	-75.3437	-75.3377	-75.3222	-75.2986	-75.2684	-75.2328	-75.193	-75.1497	-75.1037	-75.0555	-75.0054	-74.9538	-74.901	-74.8471	-74.7923	-74.7367	-74.6804	-74.6238	-74.567	-74.5104	-74.4544	-74.3995	-74.3467	-74.2968	-74.2512	-74.2113	-74.1791	-74.1571	-74.148	-74.1551	-74.1822	-74.2347
5.72	-75.2989	-75.3068	-75.329	-75.3448	-75.3498	-75.3439	-75.3284	-75.3048	-75.2747	-75.2392	-75.1994	-75.1562	-75.1103	-75.0622	-75.0122	-74.9608	-74.908	-74.8542	-74.7995	-74.744	-74.6879	-74.6314	-74.5747	-74.5182	-74.4623	-74.4076	-74.3549	-74.3051	-74.2596	-74.2198	-74.1877	-74.1658	-74.1567	-74.1638	-74.1909	-74.2432
5.725	-75.3051	-75.313	-75.3351	-75.3509	-75.3559	-75.35	-75.3345	-75.3111	-75.281	-75.2455	-75.2058	-75.1627	-75.1169	-75.0689	-75.019	-74.9677	-74.915	-74.8613	-74.8067	-74.7513	-74.6953	-74.6389	-74.5824	-74.526	-74.4702	-74.4156	-74.363	-74.3134	-74.2679	-74.2283	-74.1963	-74.1744	-74.1654	-74.1725	-74.1995	-74.2518
5.73	-75.3113	-75.3191	-75.3412	-75.357	-75.3619	-75.3561	-75.3407	-75.3172	-75.2872	-75.2519	-75.2122	-75.1692	-75.1235	-75.0755	-75.0258	-74.9745	-74.922	-74.8684	-74.8139	-74.7586	-74.7028	-74.6465	-74.59	-74.5337	-74.4781	-74.4237	-74.3712	-74.3216	-74.2763	-74.2367	-74.2048	-74.183	-74.174	-74.1811	-74.2081	-74.2603
5.735	-75.3176	-75.3253	-75.3473	-75.3631	-75.368	-75.3622	-75.3468	-75.3234	-75.2935	-75.2582	-75.2187	-75.1757	-75.1301	-75.0822	-75.0326	-74.9814	-74.929	-74.8755	-74.8211	-74.7659	-74.7102	-74.654	-74.5977	-74.5415	-74.486	-74.4317	-74.3793	-74.3299	-74.2847	-74.2452	-74.2134	-74.1916	-74.1826	-74.1897	-74.2167	-74.2688
5.74	-75.3238	-75.3315	-75.3534	-75.3691	-75.3741	-75.3683	-75.3529	-75.3296	-75.2997	-75.2645	-75.225	-75.1822	-75.1366	-75.0889	-75.0393	-74.9883	-74.936	-74.8826	-74.8283	-74.7732	-74.7176	-74.6615	-74.6053	-74.5492	-74.4938	-74.4396	-74.3874	-74.3381	-74.293	-74.2536	-74.2219	-74.2002	-74.1913	-74.1983	-74.2253	-74.2773
5.745	-75.33	-75.3376	-75.3595	-75.3752	-75.3801	-75.3744	-75.3591	-75.3358	-75.3059	-75.2708	-75.2314	-75.1887	-75.1432	-75.0955	-75.0461	-74.9951	-74.9429	-74.8896	-74.8354	-74.7805	-74.7249	-74.669	-74.6129	-74.557	-74.5017	-74.4476	-74.3955	-74.3463	-74.3013	-74.262	-74.2304	-74.2087	-74.1998	-74.2069	-74.2338	-74.2857
5.75	-75.3362	-75.3437	-75.3656	-75.3812	-75.3862	-75.3804	-75.3652	-75.3419	-75.3121	-75.2771	-75.2378	-75.1951	-75.1497	-75.1021	-75.0528	-75.0019	-74.9498	-74.8967	-74.8426	-74.7877	-74.7323	-74.6765	-74.6205	-74.5647	-74.5095	-74.4556	-74.4036	-74.3545	-74.3096	-74.2704	-74.2389	-74.2173	-74.2084	-74.2155	-74.2423	-74.2942
5.755	-75.3423	-75.3498	-75.3717	-75.3873	-75.3922	-75.3865	-75.3712	-75.3481	-75.3184	-75.2834	-75.2441	-75.2016	-75.1563	-75.1088	-75.0595	-75.0088	-74.9567	-74.9037	-74.8497	-74.795	-74.7396	-74.6839	-74.6281	-74.5724	-74.5173	-74.4635	-74.4116	-74.3627	-74.3179	-74.2788	-74.2473	-74.2258	-74.217	-74.224	-74.2508	-74.3026
5.76	-75.3485	-75.3559	-75.3777	-75.3933	-75.3982	-75.3925	-75.3773	-75.3542	-75.3245	-75.2896	-75.2505	-75.208	-75.1628	-75.1154	-75.0662	-75.0156	-74.9637	-74.9107	-74.8568	-74.8022	-74.747	-74.6914	-74.6356	-74.5801	-74.5251	-74.4714	-74.4197	-74.3708	-74.3261	-74.2871	-74.2558	-74.2343	-74.2255	-74.2326	-74.2593	-74.311
5.765	-75.3547	-75.362	-75.3838	-75.3993	-75.4043	-75.3985	-75.3834	-75.3603	-75.3307	-75.2959	-75.2568	-75.2144	-75.1693	-75.122	-75.0729	-75.0223	-74.9705	-74.9177	-74.8639	-74.8094	-74.7543	-74.6988	-74.6432	-74.5877	-74.5329	-74.4793	-74.4277	-74.379	-74.3344	-74.2955	-74.2642	-74.2428	-74.234	-74.2411	-74.2678	-74.3194
5.77	-75.3608	-75.3681	-75.3898	-75.4053	-75.4103	-75.4046	-75.3895	-75.3664	-75.3369	-75.3021	-75.2631	-75.2208	-75.1758	-75.1286	-75.0796	-75.0291	-74.9774	-74.9247	-74.871	-74.8166	-74.7616	-74.7062	-74.6507	-74.5954	-74.5407	-74.4872	-74.4357	-74.3871	-74.3426	-74.3038	-74.2726	-74.2512	-74.2425	-74.2496	-74.2762	-74.3278
5.775	-75.367	-75.3742	-75.3958	-75.4113	-75.4163	-75.4106	-75.3955	-75.3725	-75.3431	-75.3084	-75.2695	-75.2272	-75.1823	-75.1351	-75.0863	-75.0359	-74.9843	-74.9316	-74.8781	-74.8238	-74.7689	-74.7136	-74.6582	-74.603	-74.5484	-74.4951	-74.4437	-74.3952	-74.3508	-74.3121	-74.281	-74.2597	-74.251	-74.258	-74.2847	-74.3361
5.78	-75.3731	-75.3803	-75.4018	-75.4173	-75.4222	-75.4166	-75.4015	-75.3786	-75.3492	-75.3146	-75.2758	-75.2336	-75.1887	-75.1417	-75.0929	-75.0426	-74.9911	-74.9386	-74.8851	-74.8309	-74.7762	-74.721	-74.6657	-74.6106	-74.5562	-74.5029	-74.4516	-74.4033	-74.359	-74.3204	-74.2893	-74.2681	-74.2594	-74.2665	-74.2931	-74.3444
5.785	-75.3792	-75.3863	-75.4078	-75.4233	-75.4282	-75.4226	-75.4076	-75.3847	-75.3554	-75.3208	-75.282	-75.24	-75.1952	-75.1483	-75.0995	-75.0494	-74.998	-74.9455	-74.8922	-74.8381	-74.7834	-74.7284	-74.6732	-74.6182	-74.5639	-74.5108	-74.4596	-74.4113	-74.3672	-74.3287	-74.2977	-74.2765	-74.2679	-74.2749	-74.3015	-74.3527
5.79	-75.3853	-75.3924	-75.4138	-75.4293	-75.4342	-75.4285	-75.4136	-75.3908	-75.3615	-75.327	-75.2883	-75.2463	-75.2016	-75.1548	-75.1062	-75.0561	-75.0048	-74.9525	-74.8992	-74.8452	-74.7907	-74.7358	-74.6807	-74.6258	-74.5716	-74.5186	-74.4675	-74.4194	-74.3753	-74.3369	-74.306	-74.2849	-74.2763	-74.2834	-74.3098	-74.361
5.795	-75.3914	-75.3984	-75.4198	-75.4352	-75.4401	-75.4345	-75.4196	-75.3968	-75.3676	-75.3332	-75.2946	-75.2527	-75.2081	-75.1613	-75.1128	-75.0628	-75.0116	-74.9594	-74.9062	-74.8524	-74.7979	-74.7431	-74.6882	-74.6334	-74.5793	-74.5264	-74.4754	-74.4274	-74.3835	-74.3451	-74.3143	-74.2933	-74.2847	-74.2917	-74.3182	-74.3693
5.8	-75.3975	-75.4044	-75.4258	-75.4412	-75.4461	-75.4405	-75.4256	-75.4029	-75.3737	-75.3394	-75.3008	-75.259	-75.2145	-75.1678	-75.1194	-75.0695	-75.0184	-74.9663	-74.9132	-74.8595	-74.8051	-74.7504	-74.6956	-74.641	-74.587	-74.5342	-74.4834	-74.4354	-74.3916	-74.3534	-74.3226	-74.3016	-74.2931	-74.3001	-74.3265	-74.3776
5.805	-75.4035	-75.4104	-75.4317	-75.4471	-75.452	-75.4464	-75.4316	-75.4089	-75.3798	-75.3455	-75.3071	-75.2653	-75.2209	-75.1743	-75.126	-75.0762	-75.0252	-74.9732	-74.9202	-74.8666	-74.8123	-74.7578	-74.703	-74.6485	-74.5946	-74.542	-74.4912	-74.4434	-74.3997	-74.3616	-74.3309	-74.31	-74.3014	-74.3085	-74.3349	-74.3858
5.81	-75.4096	-75.4165	-75.4377	-75.453	-75.4579	-75.4524	-75.4375	-75.4149	-75.3859	-75.3517	-75.3133	-75.2716	-75.2273	-75.1808	-75.1326	-75.0829	-75.032	-74.98	-74.9272	-74.8737	-74.8195	-74.7651	-74.7104	-74.656	-74.6023	-74.5497	-74.4991	-74.4514	-74.4078	-74.3697	-74.3392	-74.3183	-74.3098	-74.3168	-74.3432	-74.394
5.815	-75.4157	-75.4224	-75.4436	-75.4589	-75.4638	-75.4583	-75.4435	-75.4209	-75.392	-75.3578	-75.3195	-75.2779	-75.2337	-75.1873	-75.1392	-75.0896	-75.0387	-74.9869	-74.9342	-74.8807	-74.8267	-74.7723	-74.7178	-74.6636	-74.6099	-74.5575	-74.507	-74.4594	-74.4158	-74.3779	-74.3474	-74.3266	-74.3181	-74.3252	-74.3514	-74.4022
5.82	-75.4217	-75.4284	-75.4496	-75.4648	-75.4697	-75.4642	-75.4495	-75.4269	-75.398	-75.364	-75.3258	-75.2842	-75.2401	-75.1938	-75.1457	-75.0962	-75.0455	-74.9938	-74.9411	-74.8878	-74.8339	-74.7796	-74.7252	-74.6711	-74.6175	-74.5652	-74.5148	-74.4673	-74.4239	-74.386	-74.3556	-74.3349	-74.3264	-74.3335	-74.3597	-74.4104
5.825	-75.4277	-75.4344	-75.4555	-75.4707	-75.4756	-75.4701	-75.4554	-75.4329	-75.4041	-75.3701	-75.3319	-75.2905	-75.2464	-75.2002	-75.1523	-75.1029	-75.0522	-75.0006	-74.9481	-74.8948	-74.841	-74.7869	-74.7326	-74.6785	-74.6251	-74.5729	-74.5226	-74.4752	-74.4319	-74.3942	-74.3638	-74.3431	-74.3347	-74.3418	-74.3679	-74.4186
5.83	-75.4338	-75.4404	-75.4614	-75.4766	-75.4815	-75.476	-75.4613	-75.4389	-75.4101	-75.3762	-75.3381	-75.2968	-75.2528	-75.2067	-75.1588	-75.1095	-75.059	-75.0074	-74.955	-74.9019	-74.8482	-74.7941	-74.74	-74.686	-74.6327	-74.5806	-74.5304	-74.4832	-74.4399	-74.4023	-74.372	-74.3514	-74.343	-74.35	-74.3762	-74.4267
5.835	-75.4398	-75.4463	-75.4673	-75.4825	-75.4874	-75.4819	-75.4673	-75.4449	-75.4162	-75.3823	-75.3443	-75.303	-75.2591	-75.2131	-75.1653	-75.1161	-75.0657	-75.0142	-74.9619	-74.9089	-74.8553	-74.8014	-74.7473	-74.6935	-74.6403	-74.5883	-74.5382	-74.4911	-74.4479	-74.4104	-74.3802	-74.3596	-74.3512	-74.3583	-74.3844	-74.4348
5.84	-75.4458	-75.4523	-75.4732	-75.4883	-75.4932	-75.4878	-75.4732	-75.4508	-75.4222	-75.3884	-75.3505	-75.3093	-75.2655	-75.2195	-75.1718	-75.1227	-75.0724	-75.021	-74.9688	-74.9159	-74.8624	-74.8086	-74.7546	-74.7009	-74.6478	-74.5959	-74.546	-74.4989	-74.4559	-74.4184	-74.3883	-74.3678	-74.3595	-74.3665	-74.3926	-74.4429
5.845	-75.4518	-75.4582	-75.4791	-75.4942	-75.4991	-75.4936	-75.4791	-75.4568	-75.4282	-75.3945	-75.3566	-75.3155	-75.2718	-75.2259	-75.1783	-75.1293	-75.0791	-75.0278	-74.9757	-74.9229	-74.8695	-74.8158	-74.7619	-74.7083	-74.6553	-74.6036	-74.5538	-74.5068	-74.4639	-74.4265	-74.3965	-74.376	-74.3677	-74.3747	-74.4007	-74.451
5.85	-75.4578	-75.4641	-75.485	-75.5001	-75.5049	-75.4995	-75.485	-75.4627	-75.4342	-75.4005	-75.3628	-75.3217	-75.2781	-75.2323	-75.1848	-75.1359	-75.0857	-75.0346	-74.9826	-74.9298	-74.8766	-74.823	-74.7692	-74.7157	-74.6629	-74.6112	-74.5615	-74.5147	-74.4718	-74.4346	-74.4046	-74.3842	-74.3759	-74.3829	-74.4089	-74.4591
5.855	-75.4637	-75.47	-75.4908	-75.5059	-75.5107	-75.5054	-75.4909	-75.4687	-75.4402	-75.4066	-75.3689	-75.328	-75.2844	-75.2387	-75.1913	-75.1424	-75.0924	-75.0413	-74.9894	-74.9368	-74.8836	-74.8301	-74.7765	-74.7231	-74.6704	-74.6188	-74.5692	-74.5225	-74.4798	-74.4426	-74.4127	-74.3923	-74.3841	-74.3911	-74.417	-74.4672
5.86	-75.4697	-75.476	-75.4967	-75.5117	-75.5166	-75.5112	-75.4967	-75.4746	-75.4462	-75.4126	-75.375	-75.3342	-75.2907	-75.2451	-75.1977	-75.149	-75.099	-75.0481	-74.9963	-74.9438	-74.8907	-74.8373	-74.7838	-74.7305	-74.6779	-74.6264	-74.5769	-74.5303	-74.4877	-74.4506	-74.4208	-74.4005	-74.3923	-74.3993	-74.4252	-74.4752
5.865	-75.4757	-75.4818	-75.5025	-75.5175	-75.5224	-75.517	-75.5026	-75.4805	-75.4521	-75.4187	-75.3811	-75.3403	-75.2969	-75.2514	-75.2042	-75.1555	-75.1057	-75.0548	-75.0031	-74.9507	-74.8977	-74.8444	-74.791	-74.7379	-74.6853	-74.634	-74.5846	-74.5381	-74.4956	-74.4586	-74.4288	-74.4086	-74.4004	-74.4074	-74.4333	-74.4832
5.87	-75.4816	-75.4877	-75.5084	-75.5233	-75.5282	-75.5228	-75.5084	-75.4864	-75.4581	-75.4247	-75.3872	-75.3465	-75.3032	-75.2578	-75.2106	-75.1621	-75.1123	-75.0615	-75.0099	-74.9576	-74.9048	-74.8516	-74.7983	-74.7452	-74.6928	-74.6416	-74.5923	-74.5459	-74.5035	-74.4666	-74.4369	-74.4167	-74.4085	-74.4155	-74.4413	-74.4912
5.875	-75.4875	-75.4936	-75.5142	-75.5291	-75.534	-75.5286	-75.5143	-75.4923	-75.464	-75.4307	-75.3933	-75.3527	-75.3095	-75.2641	-75.2171	-75.1686	-75.1189	-75.0683	-75.0167	-74.9645	-74.9118	-74.8587	-74.8055	-74.7526	-74.7003	-74.6492	-74.6	-74.5537	-74.5114	-74.4745	-74.4449	-74.4248	-74.4167	-74.4236	-74.4494	-74.4992
5.88	-75.4935	-75.4995	-75.52	-75.5349	-75.5398	-75.5344	-75.5201	-75.4982	-75.47	-75.4367	-75.3994	-75.3589	-75.3157	-75.2704	-75.2235	-75.1751	-75.1255	-75.075	-75.0235	-74.9714	-74.9188	-74.8658	-74.8127	-74.7599	-74.7077	-74.6567	-74.6076	-74.5614	-74.5192	-74.4825	-74.4529	-74.4328	-74.4248	-74.4317	-74.4575	-74.5072
5.885	-75.4994	-75.5053	-75.5258	-75.5407	-75.5455	-75.5402	-75.5259	-75.504	-75.4759	-75.4427	-75.4055	-75.365	-75.3219	-75.2768	-75.2299	-75.1816	-75.1321	-75.0816	-75.0303	-74.9783	-74.9258	-74.8729	-74.8199	-74.7672	-74.7151	-74.6642	-74.6153	-74.5692	-74.527	-74.4904	-74.4609	-74.4409	-74.4328	-74.4398	-74.4655	-74.5151
5.89	-75.5053	-75.5112	-75.5316	-75.5465	-75.5513	-75.546	-75.5318	-75.5099	-75.4818	-75.4487	-75.4115	-75.3711	-75.3281	-75.2831	-75.2363	-75.1881	-75.1387	-75.0883	-75.0371	-74.9852	-74.9327	-74.88	-74.8271	-74.7745	-74.7225	-74.6717	-74.6229	-74.5769	-74.5349	-74.4983	-74.4689	-74.4489	-74.4409	-74.4479	-74.4735	-74.5231
5.895	-75.5112	-75.517	-75.5374	-75.5522	-75.5571	-75.5518	-75.5376	-75.5158	-75.4877	-75.4547	-75.4176	-75.3773	-75.3344	-75.2894	-75.2426	-75.1945	-75.1452	-75.095	-75.0438	-74.992	-74.9397	-74.887	-74.8343	-74.7818	-74.7299	-74.6792	-74.6305	-74.5846	-74.5427	-74.5062	-74.4769	-74.4569	-74.4489	-74.4559	-74.4815	-74.531
5.9	-75.5171	-75.5228	-75.5432	-75.558	-75.5628	-75.5575	-75.5433	-75.5216	-75.4936	-75.4606	-75.4236	-75.3834	-75.3405	-75.2956	-75.249	-75.201	-75.1518	-75.1016	-75.0506	-74.9989	-74.9466	-74.8941	-74.8414	-74.789	-74.7373	-74.6867	-74.6381	-74.5923	-74.5505	-74.5141	-74.4848	-74.4649	-74.457	-74.4639	-74.4895	-74.5389
5.905	-75.5229	-75.5287	-75.5489	-75.5637	-75.5685	-75.5633	-75.5491	-75.5274	-75.4995	-75.4666	-75.4296	-75.3895	-75.3467	-75.3019	-75.2554	-75.2074	-75.1583	-75.1083	-75.0573	-75.0057	-74.9536	-74.9011	-74.8486	-74.7963	-74.7446	-74.6942	-74.6457	-74.6	-74.5582	-74.5219	-74.4928	-74.4729	-74.465	-74.4719	-74.4975	-74.5468
5.91	-75.5288	-75.5345	-75.5547	-75.5694	-75.5743	-75.569	-75.5549	-75.5332	-75.5054	-75.4725	-75.4357	-75.3956	-75.3529	-75.3082	-75.2617	-75.2139	-75.1649	-75.1149	-75.064	-75.0125	-74.9605	-74.9081	-74.8557	-74.8035	-74.752	-74.7016	-74.6532	-74.6076	-74.566	-74.5298	-74.5007	-74.4809	-74.473	-74.4799	-74.5054	-74.5546
5.915	-75.5347	-75.5403	-75.5604	-75.5752	-75.58	-75.5748	-75.5607	-75.5391	-75.5113	-75.4785	-75.4417	-75.4017	-75.3591	-75.3144	-75.2681	-75.2203	-75.1714	-75.1215	-75.0707	-75.0193	-74.9674	-74.9152	-74.8628	-74.8107	-74.7593	-74.7091	-74.6608	-74.6153	-74.5737	-74.5376	-74.5086	-74.4888	-74.4809	-74.4879	-74.5133	-74.5625
5.92	-75.5405	-75.5461	-75.5662	-75.5809	-75.5857	-75.5805	-75.5664	-75.5449	-75.5171	-75.4844	-75.4477	-75.4077	-75.3652	-75.3206	-75.2744	-75.2267	-75.1779	-75.1281	-75.0774	-75.0261	-74.9743	-74.9222	-74.8699	-74.8179	-74.7666	-74.7165	-74.6683	-74.6229	-74.5815	-74.5454	-74.5165	-74.4968	-74.4889	-74.4958	-74.5212	-74.5703
5.925	-75.5464	-75.5518	-75.5719	-75.5866	-75.5914	-75.5862	-75.5722	-75.5507	-75.523	-75.4903	-75.4537	-75.4138	-75.3714	-75.3269	-75.2807	-75.2331	-75.1844	-75.1347	-75.0841	-75.0329	-74.9812	-74.9291	-74.877	-74.8251	-74.7739	-74.7239	-74.6758	-74.6305	-74.5892	-74.5532	-74.5243	-74.5047	-74.4969	-74.5038	-74.5291	-74.5781
5.93	-75.5522	-75.5576	-75.5776	-75.5923	-75.5971	-75.5919	-75.5779	-75.5564	-75.5288	-75.4962	-75.4596	-75.4198	-75.3775	-75.3331	-75.287	-75.2395	-75.1909	-75.1412	-75.0908	-75.0397	-74.9881	-74.9361	-74.8841	-74.8323	-74.7812	-74.7313	-74.6833	-74.6381	-74.5968	-74.561	-74.5322	-74.5126	-74.5048	-74.5117	-74.537	-74.5859
5.935	-75.558	-75.5634	-75.5833	-75.5979	-75.6027	-75.5976	-75.5836	-75.5622	-75.5346	-75.5021	-75.4656	-75.4259	-75.3836	-75.3393	-75.2933	-75.2459	-75.1973	-75.1478	-75.0975	-75.0464	-74.9949	-74.9431	-74.8912	-74.8395	-74.7885	-74.7387	-74.6908	-74.6457	-74.6045	-74.5687	-74.54	-74.5205	-74.5127	-74.5196	-74.5449	-74.5937
5.94	-75.5638	-75.5691	-75.589	-75.6036	-75.6084	-75.6033	-75.5893	-75.568	-75.5405	-75.508	-75.4715	-75.4319	-75.3897	-75.3455	-75.2996	-75.2523	-75.2038	-75.1544	-75.1041	-75.0532	-75.0018	-74.95	-74.8982	-74.8466	-74.7957	-74.746	-74.6982	-74.6532	-74.6122	-74.5765	-74.5478	-74.5284	-74.5206	-74.5275	-74.5527	-74.6015
5.945	-75.5696	-75.5749	-75.5947	-75.6093	-75.6141	-75.6089	-75.595	-75.5737	-75.5463	-75.5139	-75.4775	-75.4379	-75.3958	-75.3517	-75.3058	-75.2586	-75.2102	-75.1609	-75.1107	-75.0599	-75.0086	-74.9569	-74.9052	-74.8538	-74.803	-74.7534	-74.7057	-74.6608	-74.6198	-74.5842	-74.5556	-74.5362	-74.5285	-74.5354	-74.5605	-74.6092
5.95	-75.5754	-75.5806	-75.6004	-75.6149	-75.6197	-75.6146	-75.6007	-75.5795	-75.5521	-75.5197	-75.4834	-75.4439	-75.4019	-75.3578	-75.3121	-75.2649	-75.2167	-75.1674	-75.1174	-75.0666	-75.0154	-74.9639	-74.9122	-74.8609	-74.8102	-74.7607	-74.7131	-74.6683	-74.6275	-74.5919	-74.5634	-74.544	-74.5363	-74.5432	-74.5684	-74.617
5.955	-75.5812	-75.5863	-75.6061	-75.6206	-75.6254	-75.6203	-75.6064	-75.5852	-75.5579	-75.5256	-75.4893	-75.4499	-75.408	-75.364	-75.3183	-75.2713	-75.2231	-75.1739	-75.124	-75.0733	-75.0222	-74.9708	-74.9193	-74.868	-74.8174	-74.768	-74.7205	-74.6758	-74.6351	-74.5996	-74.5712	-74.5518	-74.5442	-74.551	-74.5762	-74.6247
5.96	-75.587	-75.592	-75.6118	-75.6262	-75.631	-75.6259	-75.6121	-75.5909	-75.5636	-75.5314	-75.4952	-75.4559	-75.414	-75.3701	-75.3245	-75.2776	-75.2295	-75.1804	-75.1306	-75.08	-75.029	-74.9777	-74.9262	-74.8751	-74.8246	-74.7753	-74.7279	-74.6834	-74.6427	-74.6073	-74.5789	-74.5597	-74.552	-74.5589	-74.5839	-74.6324
5.965	-75.5927	-75.5977	-75.6174	-75.6319	-75.6366	-75.6316	-75.6178	-75.5966	-75.5694	-75.5372	-75.5012	-75.4619	-75.4201	-75.3763	-75.3308	-75.2839	-75.2359	-75.1869	-75.1371	-75.0867	-75.0358	-74.9845	-74.9332	-74.8822	-74.8318	-74.7826	-74.7353	-74.6908	-74.6503	-74.615	-74.5867	-74.5674	-74.5598	-74.5667	-74.5917	-74.6401
5.97	-75.5985	-75.6034	-75.6231	-75.6375	-75.6422	-75.6372	-75.6234	-75.6023	-75.5752	-75.5431	-75.507	-75.4679	-75.4261	-75.3824	-75.337	-75.2902	-75.2423	-75.1934	-75.1437	-75.0934	-75.0425	-74.9914	-74.9402	-74.8892	-74.839	-74.7899	-74.7427	-74.6983	-74.6578	-74.6226	-74.5944	-74.5752	-74.5676	-74.5745	-74.5994	-74.6477
5.975	-75.6042	-75.6091	-75.6287	-75.6431	-75.6478	-75.6428	-75.6291	-75.608	-75.5809	-75.5489	-75.5129	-75.4738	-75.4322	-75.3885	-75.3432	-75.2965	-75.2486	-75.1999	-75.1503	-75.1	-75.0493	-74.9982	-74.9471	-74.8963	-74.8461	-74.7971	-74.7501	-74.7058	-74.6654	-74.6302	-74.6021	-74.583	-74.5754	-74.5822	-74.6072	-74.6554
5.98	-75.61	-75.6148	-75.6343	-75.6487	-75.6534	-75.6484	-75.6347	-75.6137	-75.5866	-75.5547	-75.5188	-75.4798	-75.4382	-75.3946	-75.3494	-75.3028	-75.255	-75.2063	-75.1568	-75.1067	-75.056	-75.0051	-74.9541	-74.9033	-74.8533	-74.8044	-74.7574	-74.7132	-74.6729	-74.6379	-74.6098	-74.5907	-74.5831	-74.59	-74.6149	-74.663
5.985	-75.6157	-75.6205	-75.6399	-75.6543	-75.659	-75.654	-75.6404	-75.6194	-75.5924	-75.5605	-75.5247	-75.4857	-75.4442	-75.4007	-75.3555	-75.309	-75.2614	-75.2128	-75.1634	-75.1133	-75.0628	-75.0119	-74.961	-74.9104	-74.8604	-74.8116	-74.7648	-74.7207	-74.6804	-74.6455	-74.6174	-74.5984	-74.5909	-74.5977	-74.6226	-74.6706
5.99	-75.6214	-75.6261	-75.6455	-75.6598	-75.6646	-75.6596	-75.646	-75.625	-75.5981	-75.5663	-75.5305	-75.4916	-75.4502	-75.4068	-75.3617	-75.3153	-75.2677	-75.2192	-75.1699	-75.1199	-75.0695	-75.0187	-74.9679	-74.9174	-74.8675	-74.8189	-74.7721	-74.7281	-74.688	-74.6531	-74.6251	-74.6061	-74.5986	-74.6054	-74.6303	-74.6783
5.995	-75.6271	-75.6318	-75.6511	-75.6654	-75.6701	-75.6652	-75.6516	-75.6307	-75.6038	-75.572	-75.5363	-75.4975	-75.4562	-75.4129	-75.3679	-75.3215	-75.274	-75.2256	-75.1764	-75.1265	-75.0762	-75.0255	-74.9748	-74.9244	-74.8746	-74.8261	-74.7794	-74.7355	-74.6954	-74.6606	-74.6327	-74.6138	-74.6063	-74.6131	-74.6379	-74.6858
6	-75.6328	-75.6374	-75.6567	-75.671	-75.6757	-75.6707	-75.6572	-75.6363	-75.6095	-75.5778	-75.5422	-75.5034	-75.4622	-75.4189	-75.374	-75.3277	-75.2803	-75.232	-75.1829	-75.1331	-75.0829	-75.0323	-74.9817	-74.9314	-74.8817	-74.8332	-74.7867	-74.7429	-74.7029	-74.6682	-74.6404	-74.6215	-74.614	-74.6208	-74.6456	-74.6934
0 unlabeled lines
