Graph addvar/addexpr lines
48 1201
x node[0].v( 0.5 ) node[1].v( 0.5 ) node[2].v( 0.5 ) node[3].v( 0.5 ) node[4].v( 0.5 ) node[5].v( 0.5 ) node[6].v( 0.5 ) node[7].v( 0.5 ) node[8].v( 0.5 ) node[9].v( 0.5 ) node[10].v( 0.5 ) node[11].v( 0.5 ) node[12].v( 0.5 ) node[13].v( 0.5 ) node[14].v( 0.5 ) node[15].v( 0.5 ) node[16].v( 0.5 ) node[17].v( 0.5 ) node[18].v( 0.5 ) node[19].v( 0.5 ) node[20].v( 0.5 ) node[21].v( 0.5 ) node[22].v( 0.5 ) node[23].v( 0.5 ) node[24].v( 0.5 ) node[25].v( 0.5 ) node[26].v( 0.5 ) node[27].v( 0.5 ) node[28].v( 0.5 ) node[29].v( 0.5 ) node[30].v( 0.5 ) node[31].v( 0.5 ) node[32].v( 0.5 ) node[33].v( 0.5 ) node[34].v( 0.5 ) node[35].v( 0.5 ) node[36].v( 0.5 ) node[37].v( 0.5 ) node[38].v( 0.5 ) node[39].v( 0.5 ) node[40].v( 0.5 ) node[41].v( 0.5 ) node[42].v( 0.5 ) node[43].v( 0.5 ) node[44].v( 0.5 ) node[45].v( 0.5 ) node[46].v( 0.5 ) node[47].v( 0.5 )
0	-80	-80	-80	-80	-80	-80	-80	-80	-80	-80	-80	-80	-80	-80	-80	-80	-80	-80	-80	-80	-80	-80	-80	-80	-80	-80	-80	-80	-80	-80	-80	-80	-80	-80	-80	-80	-80	-80	-80	-80	-80	-80	-80	-80	-80	-80	-80	-80
0.005	-79.9985	-79.9988	-79.999	-79.9991	-79.9991	-79.9992	-79.9992	-79.9992	-79.9992	-79.9992	-79.9992	-79.9992	-79.9992	-79.9992	-79.9992	-79.9992	-79.9992	-79.9992	-79.9992	-79.9992	-79.9992	-79.9992	-79.9992	-79.9992	-79.9992	-79.9992	-79.9992	-79.9992	-79.9992	-79.9992	-79.9992	-79.9992	-79.9992	-79.9992	-79.9992	-79.9992	-79.9992	-79.9992	-79.9992	-79.9992	-79.9992	-79.9992	-79.9992	-79.9992	-79.9992	-79.9992	-79.9993	-79.9993
0.01	-79.9984	-79.9984	-79.9984	-79.9985	-79.9985	-79.9985	-79.9986	-79.9986	-79.9986	-79.9986	-79.9986	-79.9986	-79.9986	-79.9986	-79.9986	-79.9986	-79.9986	-79.9986	-79.9986	-79.9986	-79.9986	-79.9986	-79.9986	-79.9986	-79.9986	-79.9986	-79.9986	-79.9986	-79.9986	-79.9986	-79.9986	-79.9986	-79.9986	-79.9986	-79.9986	-79.9986	-79.9986	-79.9986	-79.9986	-79.9986	-79.9986	-79.9986	-79.9986	-79.9986	-79.9986	-79.9986	-79.9987	-79.9987
0.015	-79.9984	-79.9982	-79.9981	-79.9981	-79.9981	-79.998	-79.9981	-79.9981	-79.9981	-79.9981	-79.9981	-79.9981	-79.9981	-79.9981	-79.9981	-79.9981	-79.9981	-79.9981	-79.9981	-79.9981	-79.9981	-79.9981	-79.9981	-79.9981	-79.9981	-79.9981	-79.9981	-79.9981	-79.9981	-79.9981	-79.9981	-79.9981	-79.9981	-79.9981	-79.9981	-79.9981	-79.9981	-79.9981	-79.9981	-79.9981	-79.9981	-79.9981	-79.9981	-79.9981	-79.9981	-79.9981	-79.9982	-79.9982
0.02	-79.9984	-79.9981	-79.9979	-79.9978	-79.9977	-79.9977	-79.9977	-79.9977	-79.9977	-79.9977	-79.9977	-79.9977	-79.9977	-79.9977	-79.9977	-79.9977	-79.9977	-79.9977	-79.9977	-79.9977	-79.9977	-79.9977	-79.9977	-79.9977	-79.9977	-79.9977	-79.9977	-79.9977	-79.9977	-79.9977	-79.9977	-79.9977	-79.9977	-79.9977	-79.9977	-79.9977	-79.9977	-79.9977	-79.9977	-79.9977	-79.9977	-79.9977	-79.9977	-79.9977	-79.9977	-79.9977	-79.9978	-79.9978
0.025	-79.9984	-79.998	-79.9978	-79.9976	-79.9975	-79.9974	-79.9974	-79.9973	-79.9973	-79.9973	-79.9973	-79.9973	-79.9973	-79.9973	-79.9973	-79.9973	-79.9973	-79.9973	-79.9973	-79.9973	-79.9973	-79.9973	-79.9973	-79.9973	-79.9973	-79.9973	-79.9973	-79.9973	-79.9973	-79.9973	-79.9973	-79.9973	-79.9973	-79.9973	-79.9973	-79.9973	-79.9973	-79.9973	-79.9973	-79.9973	-79.9973	-79.9973	-79.9973	-79.9973	-79.9974	-79.9974	-79.9974	-79.9974
0.03	-79.9984	-79.998	-79.9977	-79.9975	-79.9973	-79.9972	-79.9971	-79.9971	-79.9971	-79.997	-79.997	-79.997	-79.997	-79.997	-79.997	-79.997	-79.997	-79.997	-79.997	-79.997	-79.997	-79.997	-79.997	-79.997	-79.997	-79.997	-79.997	-79.997	-79.997	-79.997	-79.997	-79.997	-79.997	-79.997	-79.997	-79.997	-79.997	-79.997	-79.997	-79.997	-79.997	-79.997	-79.997	-79.997	-79.9971	-79.9971	-79.9971	-79.9971
0.035	-79.9984	-79.9979	-79.9976	-79.9974	-79.9972	-79.997	-79.9969	-79.9969	-79.9968	-79.9968	-79.9968	-79.9968	-79.9968	-79.9967	-79.9967	-79.9967	-79.9967	-79.9967	-79.9967	-79.9967	-79.9967	-79.9967	-79.9967	-79.9967	-79.9967	-79.9967	-79.9967	-79.9967	-79.9967	-79.9967	-79.9967	-79.9967	-79.9967	-79.9967	-79.9967	-79.9967	-79.9967	-79.9967	-79.9967	-79.9968	-79.9968	-79.9968	-79.9968	-79.9968	-79.9968	-79.9968	-79.9968	-79.9969
0.04	-79.9984	-79.9979	-79.9975	-79.9973	-79.9971	-79.9969	-79.9968	-79.9967	-79.9967	-79.9966	-79.9966	-79.9966	-79.9965	-79.9965	-79.9965	-79.9965	-79.9965	-79.9965	-79.9965	-79.9965	-79.9965	-79.9965	-79.9965	-79.9965	-79.9965	-79.9965	-79.9965	-79.9965	-79.9965	-79.9965	-79.9965	-79.9965	-79.9965	-79.9965	-79.9965	-79.9965	-79.9965	-79.9965	-79.9965	-79.9965	-79.9965	-79.9966	-79.9966	-79.9966	-79.9966	-79.9966	-79.9966	-79.9967
0.045	-79.9984	-79.9979	-79.9975	-79.9972	-79.997	-79.9968	-79.9967	-79.9966	-79.9965	-79.9964	-79.9964	-79.9964	-79.9964	-79.9964	-79.9963	-79.9963	-79.9963	-79.9963	-79.9963	-79.9963	-79.9963	-79.9963	-79.9963	-79.9963	-79.9963	-79.9963	-79.9963	-79.9963	-79.9963	-79.9963	-79.9963	-79.9963	-79.9963	-79.9963	-79.9963	-79.9963	-79.9963	-79.9963	-79.9963	-79.9963	-79.9963	-79.9964	-79.9964	-79.9964	-79.9964	-79.9964	-79.9964	-79.9965
0.05	-79.9984	-79.9979	-79.9974	-79.9971	-79.9969	-79.9967	-79.9966	-79.9964	-79.9964	-79.9963	-79.9963	-79.9962	-79.9962	-79.9962	-79.9962	-79.9962	-79.9962	-79.9962	-79.9962	-79.9962	-79.9961	-79.9961	-79.9961	-79.9961	-79.9961	-79.9961	-79.9961	-79.9961	-79.9961	-79.9961	-79.9961	-79.9961	-79.9961	-79.9962	-79.9962	-79.9962	-79.9962	-79.9962	-79.9962	-79.9962	-79.9962	-79.9962	-79.9962	-79.9962	-79.9962	-79.9962	-79.9963	-79.9963
0.055	-79.9984	-79.9978	-79.9974	-79.9971	-79.9968	-79.9966	-79.9965	-79.9963	-79.9962	-79.9962	-79.9961	-79.9961	-79.9961	-79.996	-79.996	-79.996	-79.996	-79.996	-79.996	-79.996	-79.996	-79.996	-79.996	-79.996	-79.996	-79.996	-79.996	-79.996	-79.996	-79.996	-79.996	-79.996	-79.996	-79.996	-79.996	-79.996	-79.996	-79.996	-79.996	-79.996	-79.996	-79.996	-79.996	-79.996	-79.9961	-79.9961	-79.9961	-79.9961
0.06	-79.9984	-79.9978	-79.9974	-79.997	-79.9967	-79.9965	-79.9964	-79.9962	-79.9961	-79.9961	-79.996	-79.996	-79.9959	-79.9959	-79.9959	-79.9959	-79.9959	-79.9959	-79.9959	-79.9959	-79.9959	-79.9959	-79.9959	-79.9959	-79.9959	-79.9959	-79.9959	-79.9959	-79.9959	-79.9959	-79.9959	-79.9959	-79.9959	-79.9959	-79.9959	-79.9959	-79.9959	-79.9959	-79.9959	-79.9959	-79.9959	-79.9959	-79.9959	-79.9959	-79.9959	-79.9959	-79.996	-79.996
0.065	-79.9984	-79.9978	-79.9973	-79.997	-79.9967	-79.9965	-79.9963	-79.9961	-79.996	-79.996	-79.9959	-79.9959	-79.9958	-79.9958	-79.9958	-79.9958	-79.9958	-79.9957	-79.9957	-79.9957	-79.9957	-79.9957	-79.9957	-79.9957	-79.9957	-79.9957	-79.9957	-79.9957	-79.9957	-79.9957	-79.9957	-79.9957	-79.9957	-79.9957	-79.9957	-79.9957	-79.9957	-79.9957	-79.9957	-79.9957	-79.9958	-79.9958	-79.9958	-79.9958	-79.9958	-79.9958	-79.9958	-79.9958
0.07	-79.9984	-79.9978	-79.9973	-79.9969	-79.9966	-79.9964	-79.9962	-79.9961	-79.996	-79.9959	-79.9958	-79.9958	-79.9957	-79.9957	-79.9957	-79.9957	-79.9956	-79.9956	-79.9956	-79.9956	-79.9956	-79.9956	-79.9956	-79.9956	-79.9956	-79.9956	-79.9956	-79.9956	-79.9956	-79.9956	-79.9956	-79.9956	-79.9956	-79.9956	-79.9956	-79.9956	-79.9956	-79.9956	-79.9956	-79.9956	-79.9956	-79.9956	-79.9957	-79.9957	-79.9957	-79.9957	-79.9957	-79.9957
0.075	-79.9984	-79.9978	-79.9973	-79.9969	-79.9966	-79.9963	-79.9961	-79.996	-79.9959	-79.9958	-79.9957	-79.9957	-79.9956	-79.9956	-79.9956	-79.9956	-79.9955	-79.9955	-79.9955	-79.9955	-79.9955	-79.9955	-79.9955	-79.9955	-79.9955	-79.9955	-79.9955	-79.9955	-79.9955	-79.9955	-79.9955	-79.9955	-79.9955	-79.9955	-79.9955	-79.9955	-79.9955	-79.9955	-79.9955	-79.9955	-79.9955	-79.9955	-79.9955	-79.9956	-79.9956	-79.9956	-79.9956	-79.9956
0.08	-79.9984	-79.9978	-79.9973	-79.9968	-79.9965	-79.9963	-79.9961	-79.9959	-79.9958	-79.9957	-79.9956	-79.9956	-79.9955	-79.9955	-79.9955	-79.9955	-79.9954	-79.9954	-79.9954	-79.9954	-79.9954	-79.9954	-79.9954	-79.9954	-79.9954	-79.9954	-79.9954	-79.9954	-79.9954	-79.9954	-79.9954	-79.9954	-79.9954	-79.9954	-79.9954	-79.9954	-79.9954	-79.9954	-79.9954	-79.9954	-79.9954	-79.9954	-79.9954	-79.9954	-79.9955	-79.9955	-79.9955	-79.9955
0.085	-79.9984	-79.9977	-79.9972	-79.9968	-79.9965	-79.9962	-79.996	-79.9959	-79.9957	-79.9956	-79.9956	-79.9955	-79.9954	-79.9954	-79.9954	-79.9954	-79.9953	-79.9953	-79.9953	-79.9953	-79.9953	-79.9953	-79.9953	-79.9953	-79.9953	-79.9953	-79.9953	-79.9953	-79.9953	-79.9953	-79.9953	-79.9953	-79.9953	-79.9953	-79.9953	-79.9953	-79.9953	-79.9953	-79.9953	-79.9953	-79.9953	-79.9953	-79.9953	-79.9953	-79.9954	-79.9954	-79.9954	-79.9954
0.09	-79.9984	-79.9977	-79.9972	-79.9968	-79.9964	-79.9962	-79.996	-79.9958	-79.9957	-79.9956	-79.9955	-79.9954	-79.9954	-79.9953	-79.9953	-79.9953	-79.9953	-79.9952	-79.9952	-79.9952	-79.9952	-79.9952	-79.9952	-79.9952	-79.9952	-79.9952	-79.9952	-79.9952	-79.9952	-79.9952	-79.9952	-79.9952	-79.9952	-79.9952	-79.9952	-79.9952	-79.9952	-79.9952	-79.9952	-79.9952	-79.9952	-79.9952	-79.9952	-79.9953	-79.9953	-79.9953	-79.9953	-79.9953
0.095	-79.9984	-79.9977	-79.9972	-79.9968	-79.9964	-79.9961	-79.9959	-79.9957	-79.9956	-79.9955	-79.9954	-79.9953	-79.9953	-79.9952	-79.9952	-79.9952	-79.9952	-79.9952	-79.9951	-79.9951	-79.9951	-79.9951	-79.9951	-79.9951	-79.9951	-79.9951	-79.9951	-79.9951	-79.9951	-79.9951	-79.9951	-79.9951	-79.9951	-79.9951	-79.9951	-79.9951	-79.9951	-79.9951	-79.9951	-79.9951	-79.9951	-79.9951	-79.9952	-79.9952	-79.9952	-79.9952	-79.9952	-79.9952
0.1	-79.9984	-79.9977	-79.9972	-79.9967	-79.9964	-79.9961	-79.9959	-79.9957	-79.9955	-79.9954	-79.9953	-79.9953	-79.9952	-79.9952	-79.9951	-79.9951	-79.9951	-79.9951	-79.9951	-79.9951	-79.995	-79.995	-79.995	-79.995	-79.995	-79.995	-79.995	-79.995	-79.995	-79.995	-79.995	-79.995	-79.995	-79.995	-79.995	-79.995	-79.995	-79.995	-79.995	-79.995	-79.9951	-79.9951	-79.9951	-79.9951	-79.9951	-79.9951	-79.9951	-79.9951
0.105	-79.9984	-79.9977	-79.9971	-79.9967	-79.9963	-79.996	-79.9958	-79.9956	-79.9955	-79.9954	-79.9953	-79.9952	-79.9951	-79.9951	-79.9951	-79.995	-79.995	-79.995	-79.995	-79.995	-79.995	-79.995	-79.995	-79.995	-79.9949	-79.9949	-79.9949	-79.9949	-79.9949	-79.9949	-79.9949	-79.9949	-79.9949	-79.9949	-79.9949	-79.995	-79.995	-79.995	-79.995	-79.995	-79.995	-79.995	-79.995	-79.995	-79.995	-79.995	-79.995	-79.9951
0.11	-79.9984	-79.9977	-79.9971	-79.9967	-79.9963	-79.996	-79.9958	-79.9956	-79.9954	-79.9953	-79.9952	-79.9951	-79.9951	-79.995	-79.995	-79.995	-79.9949	-79.9949	-79.9949	-79.9949	-79.9949	-79.9949	-79.9949	-79.9949	-79.9949	-79.9949	-79.9949	-79.9949	-79.9949	-79.9949	-79.9949	-79.9949	-79.9949	-79.9949	-79.9949	-79.9949	-79.9949	-79.9949	-79.9949	-79.9949	-79.9949	-79.9949	-79.9949	-79.9949	-79.9949	-79.9949	-79.995	-79.995
0.115	-79.9984	-79.9977	-79.9971	-79.9966	-79.9963	-79.996	-79.9957	-79.9955	-79.9954	-79.9953	-79.9952	-79.9951	-79.995	-79.995	-79.9949	-79.9949	-79.9949	-79.9949	-79.9948	-79.9948	-79.9948	-79.9948	-79.9948	-79.9948	-79.9948	-79.9948	-79.9948	-79.9948	-79.9948	-79.9948	-79.9948	-79.9948	-79.9948	-79.9948	-79.9948	-79.9948	-79.9948	-79.9948	-79.9948	-79.9948	-79.9948	-79.9948	-79.9948	-79.9948	-79.9949	-79.9949	-79.9949	-79.9949
0.12	-79.9984	-79.9977	-79.9971	-79.9966	-79.9962	-79.9959	-79.9957	-79.9955	-79.9953	-79.9952	-79.9951	-79.995	-79.9949	-79.9949	-79.9949	-79.9948	-79.9948	-79.9948	-79.9948	-79.9948	-79.9948	-79.9947	-79.9947	-79.9947	-79.9947	-79.9947	-79.9947	-79.9947	-79.9947	-79.9947	-79.9947	-79.9947	-79.9947	-79.9947	-79.9947	-79.9947	-79.9947	-79.9947	-79.9947	-79.9947	-79.9947	-79.9948	-79.9948	-79.9948	-79.9948	-79.9948	-79.9948	-79.9948
0.125	-79.9984	-79.9977	-79.9971	-79.9966	-79.9962	-79.9959	-79.9956	-79.9954	-79.9953	-79.9951	-79.995	-79.995	-79.9949	-79.9948	-79.9948	-79.9948	-79.9947	-79.9947	-79.9947	-79.9947	-79.9947	-79.9947	-79.9947	-79.9947	-79.9947	-79.9947	-79.9947	-79.9947	-79.9947	-79.9947	-79.9947	-79.9947	-79.9947	-79.9947	-79.9947	-79.9947	-79.9947	-79.9947	-79.9947	-79.9947	-79.9947	-79.9947	-79.9947	-79.9947	-79.9947	-79.9947	-79.9948	-79.9948
0.13	-79.9984	-79.9977	-79.9971	-79.9966	-79.9962	-79.9959	-79.9956	-79.9954	-79.9952	-79.9951	-79.995	-79.9949	-79.9948	-79.9948	-79.9947	-79.9947	-79.9947	-79.9947	-79.9946	-79.9946	-79.9946	-79.9946	-79.9946	-79.9946	-79.9946	-79.9946	-79.9946	-79.9946	-79.9946	-79.9946	-79.9946	-79.9946	-79.9946	-79.9946	-79.9946	-79.9946	-79.9946	-79.9946	-79.9946	-79.9946	-79.9946	-79.9946	-79.9946	-79.9946	-79.9946	-79.9947	-79.9947	-79.9947
0.135	-79.9984	-79.9977	-79.997	-79.9966	-79.9961	-79.9958	-79.9956	-79.9954	-79.9952	-79.995	-79.9949	-79.9949	-79.9948	-79.9947	-79.9947	-79.9946	-79.9946	-79.9946	-79.9946	-79.9946	-79.9945	-79.9945	-79.9945	-79.9945	-79.9945	-79.9945	-79.9945	-79.9945	-79.9945	-79.9945	-79.9945	-79.9945	-79.9945	-79.9945	-79.9945	-79.9945	-79.9945	-79.9945	-79.9945	-79.9945	-79.9945	-79.9945	-79.9946	-79.9946	-79.9946	-79.9946	-79.9946	-79.9946
0.14	-79.9984	-79.9976	-79.997	-79.9965	-79.9961	-79.9958	-79.9955	-79.9953	-79.9951	-79.995	-79.9949	-79.9948	-79.9947	-79.9947	-79.9946	-79.9946	-79.9946	-79.9945	-79.9945	-79.9945	-79.9945	-79.9945	-79.9945	-79.9945	-79.9945	-79.9945	-79.9945	-79.9945	-79.9944	-79.9944	-79.9944	-79.9944	-79.9944	-79.9945	-79.9945	-79.9945	-79.9945	-79.9945	-79.9945	-79.9945	-79.9945	-79.9945	-79.9945	-79.9945	-79.9945	-79.9945	-79.9946	-79.9946
0.145	-79.9984	-79.9976	-79.997	-79.9965	-79.9961	-79.9958	-79.9955	-79.9953	-79.9951	-79.9949	-79.9948	-79.9947	-79.9947	-79.9946	-79.9946	-79.9945	-79.9945	-79.9945	-79.9944	-79.9944	-79.9944	-79.9944	-79.9944	-79.9944	-79.9944	-79.9944	-79.9944	-79.9944	-79.9944	-79.9944	-79.9944	-79.9944	-79.9944	-79.9944	-79.9944	-79.9944	-79.9944	-79.9944	-79.9944	-79.9944	-79.9944	-79.9944	-79.9944	-79.9944	-79.9945	-79.9945	-79.9945	-79.9945
0.15	-79.9984	-79.9976	-79.997	-79.9965	-79.9961	-79.9957	-79.9955	-79.9952	-79.995	-79.9949	-79.9948	-79.9947	-79.9946	-79.9946	-79.9945	-79.9945	-79.9944	-79.9944	-79.9944	-79.9944	-79.9944	-79.9944	-79.9943	-79.9943	-79.9943	-79.9943	-79.9943	-79.9943	-79.9943	-79.9943	-79.9943	-79.9943	-79.9943	-79.9943	-79.9943	-79.9943	-79.9943	-79.9943	-79.9943	-79.9943	-79.9943	-79.9944	-79.9944	-79.9944	-79.9944	-79.9944	-79.9944	-79.9945
0.155	-79.9984	-79.9976	-79.997	-79.9965	-79.996	-79.9957	-79.9954	-79.9952	-79.995	-79.9949	-79.9947	-79.9946	-79.9946	-79.9945	-79.9945	-79.9944	-79.9944	-79.9944	-79.9943	-79.9943	-79.9943	-79.9943	-79.9943	-79.9943	-79.9943	-79.9943	-79.9943	-79.9943	-79.9943	-79.9943	-79.9943	-79.9943	-79.9943	-79.9943	-79.9943	-79.9943	-79.9943	-79.9943	-79.9943	-79.9943	-79.9943	-79.9943	-79.9943	-79.9943	-79.9943	-79.9943	-79.9944	-79.9944
0.16	-79.9984	-79.9976	-79.997	-79.9964	-79.996	-79.9957	-79.9954	-79.9952	-79.995	-79.9948	-79.9947	-79.9946	-79.9945	-79.9945	-79.9944	-79.9944	-79.9943	-79.9943	-79.9943	-79.9943	-79.9942	-79.9942	-79.9942	-79.9942	-79.9942	-79.9942	-79.9942	-79.9942	-79.9942	-79.9942	-79.9942	-79.9942	-79.9942	-79.9942	-79.9942	-79.9942	-79.9942	-79.9942	-79.9942	-79.9942	-79.9942	-79.9942	-79.9942	-79.9943	-79.9943	-79.9943	-79.9943	-79.9943
0.165	-79.9984	-79.9976	-79.997	-79.9964	-79.996	-79.9956	-79.9954	-79.9951	-79.9949	-79.9948	-79.9947	-79.9946	-79.9945	-79.9944	-79.9943	-79.9943	-79.9943	-79.9942	-79.9942	-79.9942	-79.9942	-79.9942	-79.9942	-79.9942	-79.9942	-79.9942	-79.9942	-79.9941	-79.9941	-79.9941	-79.9941	-79.9941	-79.9941	-79.9941	-79.9941	-79.9942	-79.9942	-79.9942	-79.9942	-79.9942	-79.9942	-79.9942	-79.9942	-79.9942	-79.9942	-79.9942	-79.9943	-79.9943
0.17	-79.9984	-79.9976	-79.9969	-79.9964	-79.996	-79.9956	-79.9953	-79.9951	-79.9949	-79.9947	-79.9946	-79.9945	-79.9944	-79.9944	-79.9943	-79.9943	-79.9942	-79.9942	-79.9942	-79.9942	-79.9941	-79.9941	-79.9941	-79.9941	-79.9941	-79.9941	-79.9941	-79.9941	-79.9941	-79.9941	-79.9941	-79.9941	-79.9941	-79.9941	-79.9941	-79.9941	-79.9941	-79.9941	-79.9941	-79.9941	-79.9941	-79.9941	-79.9941	-79.9941	-79.9942	-79.9942	-79.9942	-79.9942
0.175	-79.9984	-79.9976	-79.9969	-79.9964	-79.9959	-79.9956	-79.9953	-79.995	-79.9949	-79.9947	-79.9946	-79.9945	-79.9944	-79.9943	-79.9943	-79.9942	-79.9942	-79.9941	-79.9941	-79.9941	-79.9941	-79.9941	-79.9941	-79.9941	-79.994	-79.994	-79.994	-79.994	-79.994	-79.994	-79.994	-79.994	-79.994	-79.994	-79.994	-79.994	-79.994	-79.994	-79.994	-79.9941	-79.9941	-79.9941	-79.9941	-79.9941	-79.9941	-79.9941	-79.9941	-79.9942
0.18	-79.9984	-79.9976	-79.9969	-79.9964	-79.9959	-79.9956	-79.9953	-79.995	-79.9948	-79.9947	-79.9945	-79.9944	-79.9943	-79.9943	-79.9942	-79.9942	-79.9941	-79.9941	-79.9941	-79.994	-79.994	-79.994	-79.994	-79.994	-79.994	-79.994	-79.994	-79.994	-79.994	-79.994	-79.994	-79.994	-79.994	-79.994	-79.994	-79.994	-79.994	-79.994	-79.994	-79.994	-79.994	-79.994	-79.994	-79.994	-79.9941	-79.9941	-79.9941	-79.9941
0.185	-79.9984	-79.9976	-79.9969	-79.9964	-79.9959	-79.9955	-79.9952	-79.995	-79.9948	-79.9946	-79.9945	-79.9944	-79.9943	-79.9942	-79.9942	-79.9941	-79.9941	-79.994	-79.994	-79.994	-79.994	-79.994	-79.994	-79.994	-79.9939	-79.9939	-79.9939	-79.9939	-79.9939	-79.9939	-79.9939	-79.9939	-79.9939	-79.9939	-79.9939	-79.9939	-79.9939	-79.9939	-79.9939	-79.9939	-79.994	-79.994	-79.994	-79.994	-79.994	-79.994	-79.994	-79.9941
0.19	-79.9984	-79.9976	-79.9969	-79.9963	-79.9959	-79.9955	-79.9952	-79.995	-79.9948	-79.9946	-79.9944	-79.9943	-79.9942	-79.9942	-79.9941	-79.9941	-79.994	-79.994	-79.994	-79.9939	-79.9939	-79.9939	-79.9939	-79.9939	-79.9939	-79.9939	-79.9939	-79.9939	-79.9939	-79.9939	-79.9939	-79.9939	-79.9939	-79.9939	-79.9939	-79.9939	-79.9939	-79.9939	-79.9939	-79.9939	-79.9939	-79.9939	-79.9939	-79.9939	-79.9939	-79.994	-79.994	-79.994
0.195	-79.9984	-79.9976	-79.9969	-79.9963	-79.9959	-79.9955	-79.9952	-79.9949	-79.9947	-79.9945	-79.9944	-79.9943	-79.9942	-79.9941	-79.9941	-79.994	-79.994	-79.9939	-79.9939	-79.9939	-79.9939	-79.9939	-79.9939	-79.9939	-79.9939	-79.9938	-79.9938	-79.9938	-79.9938	-79.9938	-79.9938	-79.9938	-79.9938	-79.9938	-79.9938	-79.9938	-79.9938	-79.9938	-79.9939	-79.9939	-79.9939	-79.9939	-79.9939	-79.9939	-79.9939	-79.9939	-79.9939	-79.994
0.2	-79.9984	-79.9976	-79.9969	-79.9963	-79.9958	-79.9955	-79.9952	-79.9949	-79.9947	-79.9945	-79.9944	-79.9943	-79.9942	-79.9941	-79.994	-79.994	-79.9939	-79.9939	-79.9939	-79.9939	-79.9938	-79.9938	-79.9938	-79.9938	-79.9938	-79.9938	-79.9938	-79.9938	-79.9938	-79.9938	-79.9938	-79.9938	-79.9938	-79.9938	-79.9938	-79.9938	-79.9938	-79.9938	-79.9938	-79.9938	-79.9938	-79.9938	-79.9938	-79.9938	-79.9939	-79.9939	-79.9939	-79.9939
0.205	-79.9984	-79.9976	-79.9969	-79.9963	-79.9958	-79.9954	-79.9951	-79.9949	-79.9947	-79.9945	-79.9943	-79.9942	-79.9941	-79.994	-79.994	-79.9939	-79.9939	-79.9939	-79.9938	-79.9938	-79.9938	-79.9938	-79.9938	-79.9938	-79.9938	-79.9938	-79.9937	-79.9937	-79.9937	-79.9937	-79.9937	-79.9937	-79.9937	-79.9937	-79.9937	-79.9937	-79.9937	-79.9937	-79.9938	-79.9938	-79.9938	-79.9938	-79.9938	-79.9938	-79.9938	-79.9938	-79.9938	-79.9939
0.21	-79.9984	-79.9976	-79.9969	-79.9963	-79.9958	-79.9954	-79.9951	-79.9948	-79.9946	-79.9944	-79.9943	-79.9942	-79.9941	-79.994	-79.9939	-79.9939	-79.9939	-79.9938	-79.9938	-79.9938	-79.9938	-79.9937	-79.9937	-79.9937	-79.9937	-79.9937	-79.9937	-79.9937	-79.9937	-79.9937	-79.9937	-79.9937	-79.9937	-79.9937	-79.9937	-79.9937	-79.9937	-79.9937	-79.9937	-79.9937	-79.9937	-79.9937	-79.9937	-79.9937	-79.9938	-79.9938	-79.9938	-79.9938
0.215	-79.9984	-79.9976	-79.9968	-79.9963	-79.9958	-79.9954	-79.9951	-79.9948	-79.9946	-79.9944	-79.9943	-79.9941	-79.994	-79.994	-79.9939	-79.9939	-79.9938	-79.9938	-79.9938	-79.9937	-79.9937	-79.9937	-79.9937	-79.9937	-79.9937	-79.9937	-79.9937	-79.9937	-79.9936	-79.9936	-79.9936	-79.9936	-79.9936	-79.9936	-79.9936	-79.9937	-79.9937	-79.9937	-79.9937	-79.9937	-79.9937	-79.9937	-79.9937	-79.9937	-79.9937	-79.9937	-79.9938	-79.9938
0.22	-79.9984	-79.9976	-79.9968	-79.9963	-79.9958	-79.9954	-79.9951	-79.9948	-79.9946	-79.9944	-79.9942	-79.9941	-79.994	-79.9939	-79.9939	-79.9938	-79.9938	-79.9937	-79.9937	-79.9937	-79.9937	-79.9937	-79.9936	-79.9936	-79.9936	-79.9936	-79.9936	-79.9936	-79.9936	-79.9936	-79.9936	-79.9936	-79.9936	-79.9936	-79.9936	-79.9936	-79.9936	-79.9936	-79.9936	-79.9936	-79.9936	-79.9936	-79.9936	-79.9937	-79.9937	-79.9937	-79.9937	-79.9937
0.225	-79.9984	-79.9975	-79.9968	-79.9962	-79.9958	-79.9954	-79.995	-79.9948	-79.9945	-79.9944	-79.9942	-79.9941	-79.994	-79.9939	-79.9938	-79.9938	-79.9937	-79.9937	-79.9937	-79.9936	-79.9936	-79.9936	-79.9936	-79.9936	-79.9936	-79.9936	-79.9936	-79.9936	-79.9936	-79.9936	-79.9936	-79.9936	-79.9936	-79.9936	-79.9936	-79.9936	-79.9936	-79.9936	-79.9936	-79.9936	-79.9936	-79.9936	-79.9936	-79.9936	-79.9936	-79.9936	-79.9937	-79.9937
0.23	-79.9984	-79.9975	-79.9968	-79.9962	-79.9957	-79.9953	-79.995	-79.9947	-79.9945	-79.9943	-79.9942	-79.994	-79.9939	-79.9939	-79.9938	-79.9937	-79.9937	-79.9937	-79.9936	-79.9936	-79.9936	-79.9936	-79.9936	-79.9935	-79.9935	-79.9935	-79.9935	-79.9935	-79.9935	-79.9935	-79.9935	-79.9935	-79.9935	-79.9935	-79.9935	-79.9935	-79.9935	-79.9935	-79.9935	-79.9935	-79.9935	-79.9936	-79.9936	-79.9936	-79.9936	-79.9936	-79.9936	-79.9937
0.235	-79.9984	-79.9975	-79.9968	-79.9962	-79.9957	-79.9953	-79.995	-79.9947	-79.9945	-79.9943	-79.9941	-79.994	-79.9939	-79.9938	-79.9938	-79.9937	-79.9937	-79.9936	-79.9936	-79.9936	-79.9935	-79.9935	-79.9935	-79.9935	-79.9935	-79.9935	-79.9935	-79.9935	-79.9935	-79.9935	-79.9935	-79.9935	-79.9935	-79.9935	-79.9935	-79.9935	-79.9935	-79.9935	-79.9935	-79.9935	-79.9935	-79.9935	-79.9935	-79.9935	-79.9935	-79.9936	-79.9936	-79.9936
0.24	-79.9984	-79.9975	-79.9968	-79.9962	-79.9957	-79.9953	-79.995	-79.9947	-79.9945	-79.9943	-79.9941	-79.994	-79.9939	-79.9938	-79.9937	-79.9937	-79.9936	-79.9936	-79.9936	-79.9935	-79.9935	-79.9935	-79.9935	-79.9935	-79.9935	-79.9935	-79.9934	-79.9934	-79.9934	-79.9934	-79.9934	-79.9934	-79.9934	-79.9934	-79.9934	-79.9934	-79.9934	-79.9934	-79.9934	-79.9935	-79.9935	-79.9935	-79.9935	-79.9935	-79.9935	-79.9935	-79.9935	-79.9936
0.245	-79.9984	-79.9975	-79.9968	-79.9962	-79.9957	-79.9953	-79.9949	-79.9947	-79.9944	-79.9942	-79.9941	-79.994	-79.9939	-79.9938	-79.9937	-79.9936	-79.9936	-79.9935	-79.9935	-79.9935	-79.9935	-79.9935	-79.9934	-79.9934	-79.9934	-79.9934	-79.9934	-79.9934	-79.9934	-79.9934	-79.9934	-79.9934	-79.9934	-79.9934	-79.9934	-79.9934	-79.9934	-79.9934	-79.9934	-79.9934	-79.9934	-79.9934	-79.9934	-79.9935	-79.9935	-79.9935	-79.9935	-79.9935
0.25	-79.9984	-79.9975	-79.9968	-79.9962	-79.9957	-79.9953	-79.9949	-79.9946	-79.9944	-79.9942	-79.9941	-79.9939	-79.9938	-79.9937	-79.9937	-79.9936	-79.9936	-79.9935	-79.9935	-79.9935	-79.9934	-79.9934	-79.9934	-79.9934	-79.9934	-79.9934	-79.9934	-79.9934	-79.9934	-79.9934	-79.9934	-79.9934	-79.9934	-79.9934	-79.9934	-79.9934	-79.9934	-79.9934	-79.9934	-79.9934	-79.9934	-79.9934	-79.9934	-79.9934	-79.9934	-79.9934	-79.9935	-79.9935
0.255	-79.9984	-79.9975	-79.9968	-79.9962	-79.9957	-79.9952	-79.9949	-79.9946	-79.9944	-79.9942	-79.994	-79.9939	-79.9938	-79.9937	-79.9936	-79.9936	-79.9935	-79.9935	-79.9934	-79.9934	-79.9934	-79.9934	-79.9934	-79.9934	-79.9933	-79.9933	-79.9933	-79.9933	-79.9933	-79.9933	-79.9933	-79.9933	-79.9933	-79.9933	-79.9933	-79.9933	-79.9933	-79.9933	-79.9933	-79.9933	-79.9933	-79.9934	-79.9934	-79.9934	-79.9934	-79.9934	-79.9934	-79.9935
0.26	-79.9984	-79.9975	-79.9968	-79.9962	-79.9957	-79.9952	-79.9949	-79.9946	-79.9944	-79.9942	-79.994	-79.9939	-79.9938	-79.9937	-79.9936	-79.9935	-79.9935	-79.9934	-79.9934	-79.9934	-79.9934	-79.9933	-79.9933	-79.9933	-79.9933	-79.9933	-79.9933	-79.9933	-79.9933	-79.9933	-79.9933	-79.9933	-79.9933	-79.9933	-79.9933	-79.9933	-79.9933	-79.9933	-79.9933	-79.9933	-79.9933	-79.9933	-79.9933	-79.9933	-79.9934	-79.9934	-79.9934	-79.9934
0.265	-79.9984	-79.9975	-79.9968	-79.9962	-79.9956	-79.9952	-79.9949	-79.9946	-79.9943	-79.9941	-79.994	-79.9938	-79.9937	-79.9936	-79.9936	-79.9935	-79.9934	-79.9934	-79.9934	-79.9933	-79.9933	-79.9933	-79.9933	-79.9933	-79.9933	-79.9933	-79.9933	-79.9933	-79.9932	-79.9932	-79.9932	-79.9932	-79.9932	-79.9932	-79.9932	-79.9932	-79.9932	-79.9933	-79.9933	-79.9933	-79.9933	-79.9933	-79.9933	-79.9933	-79.9933	-79.9933	-79.9934	-79.9934
0.27	-79.9984	-79.9975	-79.9968	-79.9961	-79.9956	-79.9952	-79.9949	-79.9946	-79.9943	-79.9941	-79.9939	-79.9938	-79.9937	-79.9936	-79.9935	-79.9935	-79.9934	-79.9934	-79.9933	-79.9933	-79.9933	-79.9933	-79.9933	-79.9932	-79.9932	-79.9932	-79.9932	-79.9932	-79.9932	-79.9932	-79.9932	-79.9932	-79.9932	-79.9932	-79.9932	-79.9932	-79.9932	-79.9932	-79.9932	-79.9932	-79.9932	-79.9932	-79.9933	-79.9933	-79.9933	-79.9933	-79.9933	-79.9933
0.275	-79.9984	-79.9975	-79.9968	-79.9961	-79.9956	-79.9952	-79.9948	-79.9945	-79.9943	-79.9941	-79.9939	-79.9938	-79.9937	-79.9936	-79.9935	-79.9934	-79.9934	-79.9933	-79.9933	-79.9933	-79.9933	-79.9932	-79.9932	-79.9932	-79.9932	-79.9932	-79.9932	-79.9932	-79.9932	-79.9932	-79.9932	-79.9932	-79.9932	-79.9932	-79.9932	-79.9932	-79.9932	-79.9932	-79.9932	-79.9932	-79.9932	-79.9932	-79.9932	-79.9932	-79.9932	-79.9933	-79.9933	-79.9933
0.28	-79.9984	-79.9975	-79.9967	-79.9961	-79.9956	-79.9952	-79.9948	-79.9945	-79.9943	-79.9941	-79.9939	-79.9938	-79.9936	-79.9936	-79.9935	-79.9934	-79.9934	-79.9933	-79.9933	-79.9932	-79.9932	-79.9932	-79.9932	-79.9932	-79.9932	-79.9932	-79.9932	-79.9931	-79.9931	-79.9931	-79.9931	-79.9931	-79.9931	-79.9931	-79.9931	-79.9931	-79.9931	-79.9931	-79.9932	-79.9932	-79.9932	-79.9932	-79.9932	-79.9932	-79.9932	-79.9932	-79.9933	-79.9933
0.285	-79.9984	-79.9975	-79.9967	-79.9961	-79.9956	-79.9952	-79.9948	-79.9945	-79.9942	-79.994	-79.9939	-79.9937	-79.9936	-79.9935	-79.9934	-79.9934	-79.9933	-79.9933	-79.9932	-79.9932	-79.9932	-79.9932	-79.9932	-79.9931	-79.9931	-79.9931	-79.9931	-79.9931	-79.9931	-79.9931	-79.9931	-79.9931	-79.9931	-79.9931	-79.9931	-79.9931	-79.9931	-79.9931	-79.9931	-79.9931	-79.9931	-79.9931	-79.9932	-79.9932	-79.9932	-79.9932	-79.9932	-79.9932
0.29	-79.9984	-79.9975	-79.9967	-79.9961	-79.9956	-79.9951	-79.9948	-79.9945	-79.9942	-79.994	-79.9939	-79.9937	-79.9936	-79.9935	-79.9934	-79.9933	-79.9933	-79.9933	-79.9932	-79.9932	-79.9932	-79.9931	-79.9931	-79.9931	-79.9931	-79.9931	-79.9931	-79.9931	-79.9931	-79.9931	-79.9931	-79.9931	-79.9931	-79.9931	-79.9931	-79.9931	-79.9931	-79.9931	-79.9931	-79.9931	-79.9931	-79.9931	-79.9931	-79.9931	-79.9931	-79.9932	-79.9932	-79.9932
0.295	-79.9984	-79.9975	-79.9967	-79.9961	-79.9956	-79.9951	-79.9948	-79.9945	-79.9942	-79.994	-79.9938	-79.9937	-79.9936	-79.9935	-79.9934	-79.9933	-79.9933	-79.9932	-79.9932	-79.9932	-79.9931	-79.9931	-79.9931	-79.9931	-79.9931	-79.9931	-79.9931	-79.993	-79.993	-79.993	-79.993	-79.993	-79.993	-79.993	-79.993	-79.993	-79.993	-79.993	-79.9931	-79.9931	-79.9931	-79.9931	-79.9931	-79.9931	-79.9931	-79.9931	-79.9932	-79.9932
0.3	-79.9984	-79.9975	-79.9967	-79.9961	-79.9956	-79.9951	-79.9947	-79.9944	-79.9942	-79.994	-79.9938	-79.9937	-79.9935	-79.9934	-79.9934	-79.9933	-79.9932	-79.9932	-79.9932	-79.9931	-79.9931	-79.9931	-79.9931	-79.993	-79.993	-79.993	-79.993	-79.993	-79.993	-79.993	-79.993	-79.993	-79.993	-79.993	-79.993	-79.993	-79.993	-79.993	-79.993	-79.993	-79.993	-79.993	-79.9931	-79.9931	-79.9931	-79.9931	-79.9931	-79.9931
0.305	-79.9984	-79.9975	-79.9967	-79.9961	-79.9955	-79.9951	-79.9947	-79.9944	-79.9942	-79.994	-79.9938	-79.9936	-79.9935	-79.9934	-79.9933	-79.9933	-79.9932	-79.9932	-79.9931	-79.9931	-79.9931	-79.993	-79.993	-79.993	-79.993	-79.993	-79.993	-79.993	-79.993	-79.993	-79.993	-79.993	-79.993	-79.993	-79.993	-79.993	-79.993	-79.993	-79.993	-79.993	-79.993	-79.993	-79.993	-79.993	-79.9931	-79.9931	-79.9931	-79.9931
0.31	-79.9984	-79.9975	-79.9967	-79.9961	-79.9955	-79.9951	-79.9947	-79.9944	-79.9941	-79.9939	-79.9938	-79.9936	-79.9935	-79.9934	-79.9933	-79.9932	-79.9932	-79.9931	-79.9931	-79.9931	-79.993	-79.993	-79.993	-79.993	-79.993	-79.993	-79.993	-79.993	-79.993	-79.993	-79.993	-79.993	-79.993	-79.993	-79.993	-79.993	-79.993	-79.993	-79.993	-79.993	-79.993	-79.993	-79.993	-79.993	-79.993	-79.993	-79.9931	-79.9931
0.315	-79.9984	-79.9975	-79.9967	-79.9961	-79.9955	-79.9951	-79.9947	-79.9944	-79.9941	-79.9939	-79.9937	-79.9936	-79.9935	-79.9934	-79.9933	-79.9932	-79.9932	-79.9931	-79.9931	-79.993	-79.993	-79.993	-79.993	-79.993	-79.993	-79.9929	-79.9929	-79.9929	-79.9929	-79.9929	-79.9929	-79.9929	-79.9929	-79.9929	-79.9929	-79.9929	-79.9929	-79.9929	-79.9929	-79.9929	-79.993	-79.993	-79.993	-79.993	-79.993	-79.993	-79.993	-79.9931
0.32	-79.9984	-79.9975	-79.9967	-79.9961	-79.9955	-79.9951	-79.9947	-79.9944	-79.9941	-79.9939	-79.9937	-79.9936	-79.9934	-79.9933	-79.9933	-79.9932	-79.9931	-79.9931	-79.993	-79.993	-79.993	-79.993	-79.993	-79.9929	-79.9929	-79.9929	-79.9929	-79.9929	-79.9929	-79.9929	-79.9929	-79.9929	-79.9929	-79.9929	-79.9929	-79.9929	-79.9929	-79.9929	-79.9929	-79.9929	-79.9929	-79.9929	-79.9929	-79.993	-79.993	-79.993	-79.993	-79.993
0.325	-79.9984	-79.9975	-79.9967	-79.996	-79.9955	-79.995	-79.9947	-79.9944	-79.9941	-79.9939	-79.9937	-79.9935	-79.9934	-79.9933	-79.9932	-79.9932	-79.9931	-79.9931	-79.993	-79.993	-79.993	-79.9929	-79.9929	-79.9929	-79.9929	-79.9929	-79.9929	-79.9929	-79.9929	-79.9929	-79.9929	-79.9929	-79.9929	-79.9929	-79.9929	-79.9929	-79.9929	-79.9929	-79.9929	-79.9929	-79.9929	-79.9929	-79.9929	-79.9929	-79.9929	-79.993	-79.993	-79.993
0.33	-79.9984	-79.9975	-79.9967	-79.996	-79.9955	-79.995	-79.9947	-79.9943	-79.9941	-79.9939	-79.9937	-79.9935	-79.9934	-79.9933	-79.9932	-79.9931	-79.9931	-79.993	-79.993	-79.993	-79.9929	-79.9929	-79.9929	-79.9929	-79.9929	-79.9929	-79.9929	-79.9928	-79.9928	-79.9928	-79.9928	-79.9928	-79.9928	-79.9928	-79.9928	-79.9928	-79.9928	-79.9928	-79.9929	-79.9929	-79.9929	-79.9929	-79.9929	-79.9929	-79.9929	-79.9929	-79.993	-79.993
0.335	-79.9984	-79.9975	-79.9967	-79.996	-79.9955	-79.995	-79.9946	-79.9943	-79.9941	-79.9938	-79.9937	-79.9935	-79.9934	-79.9933	-79.9932	-79.9931	-79.9931	-79.993	-79.993	-79.9929	-79.9929	-79.9929	-79.9929	-79.9929	-79.9928	-79.9928	-79.9928	-79.9928	-79.9928	-79.9928	-79.9928	-79.9928	-79.9928	-79.9928	-79.9928	-79.9928	-79.9928	-79.9928	-79.9928	-79.9928	-79.9928	-79.9928	-79.9929	-79.9929	-79.9929	-79.9929	-79.9929	-79.993
0.34	-79.9984	-79.9975	-79.9967	-79.996	-79.9955	-79.995	-79.9946	-79.9943	-79.994	-79.9938	-79.9936	-79.9935	-79.9934	-79.9933	-79.9932	-79.9931	-79.993	-79.993	-79.9929	-79.9929	-79.9929	-79.9929	-79.9928	-79.9928	-79.9928	-79.9928	-79.9928	-79.9928	-79.9928	-79.9928	-79.9928	-79.9928	-79.9928	-79.9928	-79.9928	-79.9928	-79.9928	-79.9928	-79.9928	-79.9928	-79.9928	-79.9928	-79.9928	-79.9928	-79.9929	-79.9929	-79.9929	-79.9929
0.345	-79.9984	-79.9975	-79.9967	-79.996	-79.9955	-79.995	-79.9946	-79.9943	-79.994	-79.9938	-79.9936	-79.9935	-79.9933	-79.9932	-79.9931	-79.9931	-79.993	-79.993	-79.9929	-79.9929	-79.9929	-79.9928	-79.9928	-79.9928	-79.9928	-79.9928	-79.9928	-79.9928	-79.9928	-79.9928	-79.9928	-79.9928	-79.9928	-79.9928	-79.9928	-79.9928	-79.9928	-79.9928	-79.9928	-79.9928	-79.9928	-79.9928	-79.9928	-79.9928	-79.9928	-79.9929	-79.9929	-79.9929
0.35	-79.9984	-79.9975	-79.9967	-79.996	-79.9955	-79.995	-79.9946	-79.9943	-79.994	-79.9938	-79.9936	-79.9934	-79.9933	-79.9932	-79.9931	-79.993	-79.993	-79.9929	-79.9929	-79.9929	-79.9928	-79.9928	-79.9928	-79.9928	-79.9928	-79.9928	-79.9927	-79.9927	-79.9927	-79.9927	-79.9927	-79.9927	-79.9927	-79.9927	-79.9927	-79.9927	-79.9927	-79.9927	-79.9927	-79.9927	-79.9928	-79.9928	-79.9928	-79.9928	-79.9928	-79.9928	-79.9928	-79.9929
0.355	-79.9984	-79.9975	-79.9967	-79.996	-79.9954	-79.995	-79.9946	-79.9943	-79.994	-79.9938	-79.9936	-79.9934	-79.9933	-79.9932	-79.9931	-79.993	-79.993	-79.9929	-79.9929	-79.9928	-79.9928	-79.9928	-79.9928	-79.9928	-79.9927	-79.9927	-79.9927	-79.9927	-79.9927	-79.9927	-79.9927	-79.9927	-79.9927	-79.9927	-79.9927	-79.9927	-79.9927	-79.9927	-79.9927	-79.9927	-79.9927	-79.9927	-79.9928	-79.9928	-79.9928	-79.9928	-79.9928	-79.9928
0.36	-79.9984	-79.9975	-79.9967	-79.996	-79.9954	-79.995	-79.9946	-79.9943	-79.994	-79.9938	-79.9936	-79.9934	-79.9933	-79.9932	-79.9931	-79.993	-79.9929	-79.9929	-79.9929	-79.9928	-79.9928	-79.9928	-79.9927	-79.9927	-79.9927	-79.9927	-79.9927	-79.9927	-79.9927	-79.9927	-79.9927	-79.9927	-79.9927	-79.9927	-79.9927	-79.9927	-79.9927	-79.9927	-79.9927	-79.9927	-79.9927	-79.9927	-79.9927	-79.9927	-79.9928	-79.9928	-79.9928	-79.9928
0.365	-79.9984	-79.9975	-79.9967	-79.996	-79.9954	-79.995	-79.9946	-79.9942	-79.994	-79.9937	-79.9936	-79.9934	-79.9933	-79.9931	-79.9931	-79.993	-79.9929	-79.9929	-79.9928	-79.9928	-79.9928	-79.9927	-79.9927	-79.9927	-79.9927	-79.9927	-79.9927	-79.9927	-79.9927	-79.9927	-79.9927	-79.9927	-79.9927	-79.9927	-79.9927	-79.9927	-79.9927	-79.9927	-79.9927	-79.9927	-79.9927	-79.9927	-79.9927	-79.9927	-79.9927	-79.9927	-79.9928	-79.9928
0.37	-79.9984	-79.9975	-79.9967	-79.996	-79.9954	-79.9949	-79.9946	-79.9942	-79.9939	-79.9937	-79.9935	-79.9934	-79.9932	-79.9931	-79.993	-79.993	-79.9929	-79.9929	-79.9928	-79.9928	-79.9927	-79.9927	-79.9927	-79.9927	-79.9927	-79.9927	-79.9926	-79.9926	-79.9926	-79.9926	-79.9926	-79.9926	-79.9926	-79.9926	-79.9926	-79.9926	-79.9926	-79.9926	-79.9926	-79.9926	-79.9927	-79.9927	-79.9927	-79.9927	-79.9927	-79.9927	-79.9927	-79.9928
0.375	-79.9984	-79.9974	-79.9966	-79.996	-79.9954	-79.9949	-79.9945	-79.9942	-79.9939	-79.9937	-79.9935	-79.9934	-79.9932	-79.9931	-79.993	-79.9929	-79.9929	-79.9928	-79.9928	-79.9928	-79.9927	-79.9927	-79.9927	-79.9927	-79.9926	-79.9926	-79.9926	-79.9926	-79.9926	-79.9926	-79.9926	-79.9926	-79.9926	-79.9926	-79.9926	-79.9926	-79.9926	-79.9926	-79.9926	-79.9926	-79.9926	-79.9926	-79.9927	-79.9927	-79.9927	-79.9927	-79.9927	-79.9928
0.38	-79.9984	-79.9974	-79.9966	-79.996	-79.9954	-79.9949	-79.9945	-79.9942	-79.9939	-79.9937	-79.9935	-79.9933	-79.9932	-79.9931	-79.993	-79.9929	-79.9929	-79.9928	-79.9928	-79.9927	-79.9927	-79.9927	-79.9927	-79.9926	-79.9926	-79.9926	-79.9926	-79.9926	-79.9926	-79.9926	-79.9926	-79.9926	-79.9926	-79.9926	-79.9926	-79.9926	-79.9926	-79.9926	-79.9926	-79.9926	-79.9926	-79.9926	-79.9926	-79.9926	-79.9927	-79.9927	-79.9927	-79.9927
0.385	-79.9984	-79.9974	-79.9966	-79.996	-79.9954	-79.9949	-79.9945	-79.9942	-79.9939	-79.9937	-79.9935	-79.9933	-79.9932	-79.9931	-79.993	-79.9929	-79.9928	-79.9928	-79.9927	-79.9927	-79.9927	-79.9927	-79.9926	-79.9926	-79.9926	-79.9926	-79.9926	-79.9926	-79.9926	-79.9926	-79.9926	-79.9926	-79.9926	-79.9926	-79.9926	-79.9926	-79.9926	-79.9926	-79.9926	-79.9926	-79.9926	-79.9926	-79.9926	-79.9926	-79.9926	-79.9927	-79.9927	-79.9927
0.39	-79.9984	-79.9974	-79.9966	-79.996	-79.9954	-79.9949	-79.9945	-79.9942	-79.9939	-79.9937	-79.9935	-79.9933	-79.9932	-79.9931	-79.993	-79.9929	-79.9928	-79.9928	-79.9927	-79.9927	-79.9927	-79.9926	-79.9926	-79.9926	-79.9926	-79.9926	-79.9926	-79.9926	-79.9925	-79.9925	-79.9925	-79.9925	-79.9925	-79.9925	-79.9925	-79.9925	-79.9925	-79.9925	-79.9925	-79.9926	-79.9926	-79.9926	-79.9926	-79.9926	-79.9926	-79.9926	-79.9927	-79.9927
0.395	-79.9984	-79.9974	-79.9966	-79.9959	-79.9954	-79.9949	-79.9945	-79.9942	-79.9939	-79.9937	-79.9935	-79.9933	-79.9932	-79.993	-79.9929	-79.9929	-79.9928	-79.9927	-79.9927	-79.9927	-79.9926	-79.9926	-79.9926	-79.9926	-79.9926	-79.9925	-79.9925	-79.9925	-79.9925	-79.9925	-79.9925	-79.9925	-79.9925	-79.9925	-79.9925	-79.9925	-79.9925	-79.9925	-79.9925	-79.9925	-79.9925	-79.9925	-79.9926	-79.9926	-79.9926	-79.9926	-79.9926	-79.9927
0.4	-79.9984	-79.9974	-79.9966	-79.9959	-79.9954	-79.9949	-79.9945	-79.9942	-79.9939	-79.9936	-79.9934	-79.9933	-79.9931	-79.993	-79.9929	-79.9929	-79.9928	-79.9927	-79.9927	-79.9926	-79.9926	-79.9926	-79.9926	-79.9925	-79.9925	-79.9925	-79.9925	-79.9925	-79.9925	-79.9925	-79.9925	-79.9925	-79.9925	-79.9925	-79.9925	-79.9925	-79.9925	-79.9925	-79.9925	-79.9925	-79.9925	-79.9925	-79.9925	-79.9926	-79.9926	-79.9926	-79.9926	-79.9926
0.405	-79.9984	-79.9974	-79.9966	-79.9959	-79.9954	-79.9949	-79.9945	-79.9941	-79.9939	-79.9936	-79.9934	-79.9933	-79.9931	-79.993	-79.9929	-79.9928	-79.9928	-79.9927	-79.9927	-79.9926	-79.9926	-79.9926	-79.9925	-79.9925	-79.9925	-79.9925	-79.9925	-79.9925	-79.9925	-79.9925	-79.9925	-79.9925	-79.9925	-79.9925	-79.9925	-79.9925	-79.9925	-79.9925	-79.9925	-79.9925	-79.9925	-79.9925	-79.9925	-79.9925	-79.9925	-79.9926	-79.9926	-79.9926
0.41	-79.9984	-79.9974	-79.9966	-79.9959	-79.9954	-79.9949	-79.9945	-79.9941	-79.9938	-79.9936	-79.9934	-79.9932	-79.9931	-79.993	-79.9929	-79.9928	-79.9927	-79.9927	-79.9926	-79.9926	-79.9926	-79.9925	-79.9925	-79.9925	-79.9925	-79.9925	-79.9925	-79.9925	-79.9925	-79.9925	-79.9925	-79.9924	-79.9924	-79.9924	-79.9924	-79.9924	-79.9925	-79.9925	-79.9925	-79.9925	-79.9925	-79.9925	-79.9925	-79.9925	-79.9925	-79.9925	-79.9926	-79.9926
0.415	-79.9984	-79.9974	-79.9966	-79.9959	-79.9954	-79.9949	-79.9945	-79.9941	-79.9938	-79.9936	-79.9934	-79.9932	-79.9931	-79.993	-79.9929	-79.9928	-79.9927	-79.9927	-79.9926	-79.9926	-79.9926	-79.9925	-79.9925	-79.9925	-79.9925	-79.9925	-79.9925	-79.9924	-79.9924	-79.9924	-79.9924	-79.9924	-79.9924	-79.9924	-79.9924	-79.9924	-79.9924	-79.9924	-79.9924	-79.9924	-79.9925	-79.9925	-79.9925	-79.9925	-79.9925	-79.9925	-79.9925	-79.9926
0.42	-79.9984	-79.9974	-79.9966	-79.9959	-79.9953	-79.9949	-79.9945	-79.9941	-79.9938	-79.9936	-79.9934	-79.9932	-79.9931	-79.993	-79.9929	-79.9928	-79.9927	-79.9927	-79.9926	-79.9926	-79.9925	-79.9925	-79.9925	-79.9925	-79.9925	-79.9924	-79.9924	-79.9924	-79.9924	-79.9924	-79.9924	-79.9924	-79.9924	-79.9924	-79.9924	-79.9924	-79.9924	-79.9924	-79.9924	-79.9924	-79.9924	-79.9924	-79.9925	-79.9925	-79.9925	-79.9925	-79.9925	-79.9926
0.425	-79.9984	-79.9974	-79.9966	-79.9959	-79.9953	-79.9949	-79.9944	-79.9941	-79.9938	-79.9936	-79.9934	-79.9932	-79.9931	-79.9929	-79.9928	-79.9928	-79.9927	-79.9926	-79.9926	-79.9925	-79.9925	-79.9925	-79.9925	-79.9924	-79.9924	-79.9924	-79.9924	-79.9924	-79.9924	-79.9924	-79.9924	-79.9924	-79.9924	-79.9924	-79.9924	-79.9924	-79.9924	-79.9924	-79.9924	-79.9924	-79.9924	-79.9924	-79.9924	-79.9924	-79.9925	-79.9925	-79.9925	-79.9925
0.43	-79.9984	-79.9974	-79.9966	-79.9959	-79.9953	-79.9948	-79.9944	-79.9941	-79.9938	-79.9936	-79.9934	-79.9932	-79.993	-79.9929	-79.9928	-79.9927	-79.9927	-79.9926	-79.9926	-79.9925	-79.9925	-79.9925	-79.9924	-79.9924	-79.9924	-79.9924	-79.9924	-79.9924	-79.9924	-79.9924	-79.9924	-79.9924	-79.9924	-79.9924	-79.9924	-79.9924	-79.9924	-79.9924	-79.9924	-79.9924	-79.9924	-79.9924	-79.9924	-79.9924	-79.9924	-79.9925	-79.9925	-79.9925
0.435	-79.9984	-79.9974	-79.9966	-79.9959	-79.9953	-79.9948	-79.9944	-79.9941	-79.9938	-79.9935	-79.9933	-79.9932	-79.993	-79.9929	-79.9928	-79.9927	-79.9927	-79.9926	-79.9926	-79.9925	-79.9925	-79.9925	-79.9924	-79.9924	-79.9924	-79.9924	-79.9924	-79.9924	-79.9924	-79.9924	-79.9923	-79.9923	-79.9923	-79.9923	-79.9923	-79.9923	-79.9924	-79.9924	-79.9924	-79.9924	-79.9924	-79.9924	-79.9924	-79.9924	-79.9924	-79.9924	-79.9925	-79.9925
0.44	-79.9984	-79.9974	-79.9966	-79.9959	-79.9953	-79.9948	-79.9944	-79.9941	-79.9938	-79.9935	-79.9933	-79.9932	-79.993	-79.9929	-79.9928	-79.9927	-79.9926	-79.9926	-79.9925	-79.9925	-79.9925	-79.9924	-79.9924	-79.9924	-79.9924	-79.9924	-79.9924	-79.9923	-79.9923	-79.9923	-79.9923	-79.9923	-79.9923	-79.9923	-79.9923	-79.9923	-79.9923	-79.9923	-79.9923	-79.9923	-79.9924	-79.9924	-79.9924	-79.9924	-79.9924	-79.9924	-79.9925	-79.9925
0.445	-79.9984	-79.9974	-79.9966	-79.9959	-79.9953	-79.9948	-79.9944	-79.9941	-79.9938	-79.9935	-79.9933	-79.9931	-79.993	-79.9929	-79.9928	-79.9927	-79.9926	-79.9926	-79.9925	-79.9925	-79.9924	-79.9924	-79.9924	-79.9924	-79.9924	-79.9923	-79.9923	-79.9923	-79.9923	-79.9923	-79.9923	-79.9923	-79.9923	-79.9923	-79.9923	-79.9923	-79.9923	-79.9923	-79.9923	-79.9923	-79.9923	-79.9923	-79.9924	-79.9924	-79.9924	-79.9924	-79.9924	-79.9925
0.45	-79.9984	-79.9974	-79.9966	-79.9959	-79.9953	-79.9948	-79.9944	-79.994	-79.9938	-79.9935	-79.9933	-79.9931	-79.993	-79.9929	-79.9928	-79.9927	-79.9926	-79.9926	-79.9925	-79.9925	-79.9924	-79.9924	-79.9924	-79.9924	-79.9923	-79.9923	-79.9923	-79.9923	-79.9923	-79.9923	-79.9923	-79.9923	-79.9923	-79.9923	-79.9923	-79.9923	-79.9923	-79.9923	-79.9923	-79.9923	-79.9923	-79.9923	-79.9923	-79.9924	-79.9924	-79.9924	-79.9924	-79.9924
0.455	-79.9984	-79.9974	-79.9966	-79.9959	-79.9953	-79.9948	-79.9944	-79.994	-79.9937	-79.9935	-79.9933	-79.9931	-79.993	-79.9929	-79.9928	-79.9927	-79.9926	-79.9925	-79.9925	-79.9924	-79.9924	-79.9924	-79.9924	-79.9923	-79.9923	-79.9923	-79.9923	-79.9923	-79.9923	-79.9923	-79.9923	-79.9923	-79.9923	-79.9923	-79.9923	-79.9923	-79.9923	-79.9923	-79.9923	-79.9923	-79.9923	-79.9923	-79.9923	-79.9923	-79.9924	-79.9924	-79.9924	-79.9924
0.46	-79.9984	-79.9974	-79.9966	-79.9959	-79.9953	-79.9948	-79.9944	-79.994	-79.9937	-79.9935	-79.9933	-79.9931	-79.993	-79.9928	-79.9927	-79.9927	-79.9926	-79.9925	-79.9925	-79.9924	-79.9924	-79.9924	-79.9923	-79.9923	-79.9923	-79.9923	-79.9923	-79.9923	-79.9923	-79.9923	-79.9923	-79.9923	-79.9923	-79.9923	-79.9923	-79.9923	-79.9923	-79.9923	-79.9923	-79.9923	-79.9923	-79.9923	-79.9923	-79.9923	-79.9923	-79.9924	-79.9924	-79.9924
0.465	-79.9984	-79.9974	-79.9966	-79.9959	-79.9953	-79.9948	-79.9944	-79.994	-79.9937	-79.9935	-79.9933	-79.9931	-79.9929	-79.9928	-79.9927	-79.9926	-79.9926	-79.9925	-79.9925	-79.9924	-79.9924	-79.9923	-79.9923	-79.9923	-79.9923	-79.9923	-79.9923	-79.9923	-79.9922	-79.9922	-79.9922	-79.9922	-79.9922	-79.9922	-79.9922	-79.9922	-79.9922	-79.9922	-79.9922	-79.9923	-79.9923	-79.9923	-79.9923	-79.9923	-79.9923	-79.9923	-79.9924	-79.9924
0.47	-79.9984	-79.9974	-79.9966	-79.9959	-79.9953	-79.9948	-79.9944	-79.994	-79.9937	-79.9935	-79.9933	-79.9931	-79.9929	-79.9928	-79.9927	-79.9926	-79.9925	-79.9925	-79.9924	-79.9924	-79.9924	-79.9923	-79.9923	-79.9923	-79.9923	-79.9923	-79.9922	-79.9922	-79.9922	-79.9922	-79.9922	-79.9922	-79.9922	-79.9922	-79.9922	-79.9922	-79.9922	-79.9922	-79.9922	-79.9922	-79.9922	-79.9923	-79.9923	-79.9923	-79.9923	-79.9923	-79.9923	-79.9924
0.475	-79.9984	-79.9974	-79.9966	-79.9959	-79.9953	-79.9948	-79.9944	-79.994	-79.9937	-79.9935	-79.9932	-79.9931	-79.9929	-79.9928	-79.9927	-79.9926	-79.9925	-79.9925	-79.9924	-79.9924	-79.9923	-79.9923	-79.9923	-79.9923	-79.9923	-79.9922	-79.9922	-79.9922	-79.9922	-79.9922	-79.9922	-79.9922	-79.9922	-79.9922	-79.9922	-79.9922	-79.9922	-79.9922	-79.9922	-79.9922	-79.9922	-79.9922	-79.9922	-79.9923	-79.9923	-79.9923	-79.9923	-79.9924
0.48	-79.9984	-79.9974	-79.9966	-79.9959	-79.9953	-79.9948	-79.9943	-79.994	-79.9937	-79.9934	-79.9932	-79.9931	-79.9929	-79.9928	-79.9927	-79.9926	-79.9925	-79.9925	-79.9924	-79.9924	-79.9923	-79.9923	-79.9923	-79.9923	-79.9922	-79.9922	-79.9922	-79.9922	-79.9922	-79.9922	-79.9922	-79.9922	-79.9922	-79.9922	-79.9922	-79.9922	-79.9922	-79.9922	-79.9922	-79.9922	-79.9922	-79.9922	-79.9922	-79.9922	-79.9923	-79.9923	-79.9923	-79.9923
0.485	-79.9984	-79.9974	-79.9966	-79.9959	-79.9953	-79.9948	-79.9943	-79.994	-79.9937	-79.9934	-79.9932	-79.993	-79.9929	-79.9928	-79.9927	-79.9926	-79.9925	-79.9924	-79.9924	-79.9923	-79.9923	-79.9923	-79.9923	-79.9922	-79.9922	-79.9922	-79.9922	-79.9922	-79.9922	-79.9922	-79.9922	-79.9922	-79.9922	-79.9922	-79.9922	-79.9922	-79.9922	-79.9922	-79.9922	-79.9922	-79.9922	-79.9922	-79.9922	-79.9922	-79.9922	-79.9923	-79.9923	-79.9923
0.49	-79.9984	-79.9974	-79.9966	-79.9959	-79.9953	-79.9948	-79.9943	-79.994	-79.9937	-79.9934	-79.9932	-79.993	-79.9929	-79.9928	-79.9927	-79.9926	-79.9925	-79.9924	-79.9924	-79.9923	-79.9923	-79.9923	-79.9922	-79.9922	-79.9922	-79.9922	-79.9922	-79.9922	-79.9922	-79.9922	-79.9922	-79.9922	-79.9921	-79.9921	-79.9921	-79.9922	-79.9922	-79.9922	-79.9922	-79.9922	-79.9922	-79.9922	-79.9922	-79.9922	-79.9922	-79.9923	-79.9923	-79.9923
0.495	-79.9984	-79.9974	-79.9966	-79.9958	-79.9953	-79.9948	-79.9943	-79.994	-79.9937	-79.9934	-79.9932	-79.993	-79.9929	-79.9927	-79.9926	-79.9925	-79.9925	-79.9924	-79.9924	-79.9923	-79.9923	-79.9923	-79.9922	-79.9922	-79.9922	-79.9922	-79.9922	-79.9922	-79.9921	-79.9921	-79.9921	-79.9921	-79.9921	-79.9921	-79.9921	-79.9921	-79.9921	-79.9921	-79.9921	-79.9922	-79.9922	-79.9922	-79.9922	-79.9922	-79.9922	-79.9922	-79.9923	-79.9923
0.5	-79.9984	-79.9974	-79.9966	-79.9958	-79.9952	-79.9947	-79.9943	-79.994	-79.9937	-79.9934	-79.9932	-79.993	-79.9929	-79.9927	-79.9926	-79.9925	-79.9925	-79.9924	-79.9923	-79.9923	-79.9923	-79.9922	-79.9922	-79.9922	-79.9922	-79.9922	-79.9921	-79.9921	-79.9921	-79.9921	-79.9921	-79.9921	-79.9921	-79.9921	-79.9921	-79.9921	-79.9921	-79.9921	-79.9921	-79.9921	-79.9921	-79.9922	-79.9922	-79.9922	-79.9922	-79.9922	-79.9922	-79.9923
0.505	-79.9984	-79.9974	-79.9966	-79.9958	-79.9952	-79.9947	-79.9943	-79.9939	-79.9936	-79.9934	-79.9932	-79.993	-79.9928	-79.9927	-79.9926	-79.9925	-79.9924	-79.9924	-79.9923	-79.9923	-79.9923	-79.9922	-79.9922	-79.9922	-79.9922	-79.9921	-79.9921	-79.9921	-79.9921	-79.9921	-79.9921	-79.9921	-79.9921	-79.9921	-79.9921	-79.9921	-79.9921	-79.9921	-79.9921	-79.9921	-79.9921	-79.9921	-79.9922	-79.9922	-79.9922	-79.9922	-79.9922	-79.9923
0.51	-79.9984	-79.9974	-79.9966	-79.9958	-79.9952	-79.9947	-79.9943	-79.9939	-79.9936	-79.9934	-79.9932	-79.993	-79.9928	-79.9927	-79.9926	-79.9925	-79.9924	-79.9924	-79.9923	-79.9923	-79.9922	-79.9922	-79.9922	-79.9922	-79.9921	-79.9921	-79.9921	-79.9921	-79.9921	-79.9921	-79.9921	-79.9921	-79.9921	-79.9921	-79.9921	-79.9921	-79.9921	-79.9921	-79.9921	-79.9921	-79.9921	-79.9921	-79.9921	-79.9921	-79.9922	-79.9922	-79.9922	-79.9922
0.515	-79.9984	-79.9974	-79.9966	-79.9958	-79.9952	-79.9947	-79.9943	-79.9939	-79.9936	-79.9934	-79.9932	-79.993	-79.9928	-79.9927	-79.9926	-79.9925	-79.9924	-79.9924	-79.9923	-79.9923	-79.9922	-79.9922	-79.9922	-79.9921	-79.9921	-79.9921	-79.9921	-79.9921	-79.9921	-79.9921	-79.9921	-79.9921	-79.9921	-79.9921	-79.9921	-79.9921	-79.9921	-79.9921	-79.9921	-79.9921	-79.9921	-79.9921	-79.9921	-79.9921	-79.9922	-79.9922	-79.9922	-79.9922
0.52	-79.9984	-79.9974	-79.9966	-79.9958	-79.9952	-79.9947	-79.9943	-79.9939	-79.9936	-79.9934	-79.9931	-79.993	-79.9928	-79.9927	-79.9926	-79.9925	-79.9924	-79.9923	-79.9923	-79.9922	-79.9922	-79.9922	-79.9922	-79.9921	-79.9921	-79.9921	-79.9921	-79.9921	-79.9921	-79.9921	-79.9921	-79.9921	-79.9921	-79.9921	-79.9921	-79.9921	-79.9921	-79.9921	-79.9921	-79.9921	-79.9921	-79.9921	-79.9921	-79.9921	-79.9921	-79.9922	-79.9922	-79.9922
0.525	-79.9984	-79.9974	-79.9965	-79.9958	-79.9952	-79.9947	-79.9943	-79.9939	-79.9936	-79.9934	-79.9931	-79.993	-79.9928	-79.9927	-79.9926	-79.9925	-79.9924	-79.9923	-79.9923	-79.9922	-79.9922	-79.9922	-79.9921	-79.9921	-79.9921	-79.9921	-79.9921	-79.9921	-79.9921	-79.9921	-79.9921	-79.992	-79.992	-79.992	-79.992	-79.992	-79.9921	-79.9921	-79.9921	-79.9921	-79.9921	-79.9921	-79.9921	-79.9921	-79.9921	-79.9921	-79.9922	-79.9922
0.53	-79.9984	-79.9974	-79.9965	-79.9958	-79.9952	-79.9947	-79.9943	-79.9939	-79.9936	-79.9933	-79.9931	-79.9929	-79.9928	-79.9927	-79.9926	-79.9925	-79.9924	-79.9923	-79.9923	-79.9922	-79.9922	-79.9921	-79.9921	-79.9921	-79.9921	-79.9921	-79.9921	-79.9921	-79.992	-79.992	-79.992	-79.992	-79.992	-79.992	-79.992	-79.992	-79.992	-79.992	-79.992	-79.9921	-79.9921	-79.9921	-79.9921	-79.9921	-79.9921	-79.9921	-79.9922	-79.9922
0.535	-79.9984	-79.9974	-79.9965	-79.9958	-79.9952	-79.9947	-79.9943	-79.9939	-79.9936	-79.9933	-79.9931	-79.9929	-79.9928	-79.9926	-79.9925	-79.9924	-79.9924	-79.9923	-79.9923	-79.9922	-79.9922	-79.9921	-79.9921	-79.9921	-79.9921	-79.9921	-79.9921	-79.992	-79.992	-79.992	-79.992	-79.992	-79.992	-79.992	-79.992	-79.992	-79.992	-79.992	-79.992	-79.992	-79.992	-79.9921	-79.9921	-79.9921	-79.9921	-79.9921	-79.9921	-79.9922
0.54	-79.9984	-79.9974	-79.9965	-79.9958	-79.9952	-79.9947	-79.9943	-79.9939	-79.9936	-79.9933	-79.9931	-79.9929	-79.9928	-79.9926	-79.9925	-79.9924	-79.9924	-79.9923	-79.9922	-79.9922	-79.9922	-79.9921	-79.9921	-79.9921	-79.9921	-79.992	-79.992	-79.992	-79.992	-79.992	-79.992	-79.992	-79.992	-79.992	-79.992	-79.992	-79.992	-79.992	-79.992	-79.992	-79.992	-79.992	-79.9921	-79.9921	-79.9921	-79.9921	-79.9921	-79.9922
0.545	-79.9984	-79.9974	-79.9965	-79.9958	-79.9952	-79.9947	-79.9943	-79.9939	-79.9936	-79.9933	-79.9931	-79.9929	-79.9928	-79.9926	-79.9925	-79.9924	-79.9923	-79.9923	-79.9922	-79.9922	-79.9921	-79.9921	-79.9921	-79.9921	-79.9921	-79.992	-79.992	-79.992	-79.992	-79.992	-79.992	-79.992	-79.992	-79.992	-79.992	-79.992	-79.992	-79.992	-79.992	-79.992	-79.992	-79.992	-79.992	-79.9921	-79.9921	-79.9921	-79.9921	-79.9921
0.55	-79.9984	-79.9974	-79.9965	-79.9958	-79.9952	-79.9947	-79.9942	-79.9939	-79.9936	-79.9933	-79.9931	-79.9929	-79.9927	-79.9926	-79.9925	-79.9924	-79.9923	-79.9923	-79.9922	-79.9922	-79.9921	-79.9921	-79.9921	-79.9921	-79.992	-79.992	-79.992	-79.992	-79.992	-79.992	-79.992	-79.992	-79.992	-79.992	-79.992	-79.992	-79.992	-79.992	-79.992	-79.992	-79.992	-79.992	-79.992	-79.992	-79.9921	-79.9921	-79.9921	-79.9921
0.555	-79.9984	-79.9974	-79.9965	-79.9958	-79.9952	-79.9947	-79.9942	-79.9939	-79.9936	-79.9933	-79.9931	-79.9929	-79.9927	-79.9926	-79.9925	-79.9924	-79.9923	-79.9923	-79.9922	-79.9922	-79.9921	-79.9921	-79.9921	-79.992	-79.992	-79.992	-79.992	-79.992	-79.992	-79.992	-79.992	-79.992	-79.992	-79.992	-79.992	-79.992	-79.992	-79.992	-79.992	-79.992	-79.992	-79.992	-79.992	-79.992	-79.992	-79.9921	-79.9921	-79.9921
0.56	-79.9984	-79.9974	-79.9965	-79.9958	-79.9952	-79.9947	-79.9942	-79.9939	-79.9936	-79.9933	-79.9931	-79.9929	-79.9927	-79.9926	-79.9925	-79.9924	-79.9923	-79.9922	-79.9922	-79.9921	-79.9921	-79.9921	-79.9921	-79.992	-79.992	-79.992	-79.992	-79.992	-79.992	-79.992	-79.992	-79.9919	-79.9919	-79.9919	-79.9919	-79.9919	-79.992	-79.992	-79.992	-79.992	-79.992	-79.992	-79.992	-79.992	-79.992	-79.992	-79.9921	-79.9921
0.565	-79.9984	-79.9974	-79.9965	-79.9958	-79.9952	-79.9947	-79.9942	-79.9939	-79.9935	-79.9933	-79.9931	-79.9929	-79.9927	-79.9926	-79.9925	-79.9924	-79.9923	-79.9922	-79.9922	-79.9921	-79.9921	-79.9921	-79.992	-79.992	-79.992	-79.992	-79.992	-79.992	-79.992	-79.9919	-79.9919	-79.9919	-79.9919	-79.9919	-79.9919	-79.9919	-79.9919	-79.9919	-79.9919	-79.992	-79.992	-79.992	-79.992	-79.992	-79.992	-79.992	-79.9921	-79.9921
0.57	-79.9984	-79.9974	-79.9965	-79.9958	-79.9952	-79.9947	-79.9942	-79.9939	-79.9935	-79.9933	-79.993	-79.9929	-79.9927	-79.9926	-79.9925	-79.9924	-79.9923	-79.9922	-79.9922	-79.9921	-79.9921	-79.9921	-79.992	-79.992	-79.992	-79.992	-79.992	-79.9919	-79.9919	-79.9919	-79.9919	-79.9919	-79.9919	-79.9919	-79.9919	-79.9919	-79.9919	-79.9919	-79.9919	-79.9919	-79.9919	-79.992	-79.992	-79.992	-79.992	-79.992	-79.992	-79.9921
0.575	-79.9984	-79.9974	-79.9965	-79.9958	-79.9952	-79.9947	-79.9942	-79.9938	-79.9935	-79.9933	-79.993	-79.9929	-79.9927	-79.9926	-79.9924	-79.9924	-79.9923	-79.9922	-79.9922	-79.9921	-79.9921	-79.992	-79.992	-79.992	-79.992	-79.992	-79.9919	-79.9919	-79.9919	-79.9919	-79.9919	-79.9919	-79.9919	-79.9919	-79.9919	-79.9919	-79.9919	-79.9919	-79.9919	-79.9919	-79.9919	-79.9919	-79.992	-79.992	-79.992	-79.992	-79.992	-79.9921
0.58	-79.9984	-79.9974	-79.9965	-79.9958	-79.9952	-79.9947	-79.9942	-79.9938	-79.9935	-79.9933	-79.993	-79.9928	-79.9927	-79.9926	-79.9924	-79.9923	-79.9923	-79.9922	-79.9921	-79.9921	-79.9921	-79.992	-79.992	-79.992	-79.992	-79.9919	-79.9919	-79.9919	-79.9919	-79.9919	-79.9919	-79.9919	-79.9919	-79.9919	-79.9919	-79.9919	-79.9919	-79.9919	-79.9919	-79.9919	-79.9919	-79.9919	-79.9919	-79.992	-79.992	-79.992	-79.992	-79.992
0.585	-79.9984	-79.9974	-79.9965	-79.9958	-79.9952	-79.9946	-79.9942	-79.9938	-79.9935	-79.9932	-79.993	-79.9928	-79.9927	-79.9925	-79.9924	-79.9923	-79.9923	-79.9922	-79.9921	-79.9921	-79.992	-79.992	-79.992	-79.992	-79.9919	-79.9919	-79.9919	-79.9919	-79.9919	-79.9919	-79.9919	-79.9919	-79.9919	-79.9919	-79.9919	-79.9919	-79.9919	-79.9919	-79.9919	-79.9919	-79.9919	-79.9919	-79.9919	-79.9919	-79.992	-79.992	-79.992	-79.992
0.59	-79.9984	-79.9974	-79.9965	-79.9958	-79.9952	-79.9946	-79.9942	-79.9938	-79.9935	-79.9932	-79.993	-79.9928	-79.9927	-79.9925	-79.9924	-79.9923	-79.9922	-79.9922	-79.9921	-79.9921	-79.992	-79.992	-79.992	-79.992	-79.9919	-79.9919	-79.9919	-79.9919	-79.9919	-79.9919	-79.9919	-79.9919	-79.9919	-79.9919	-79.9919	-79.9919	-79.9919	-79.9919	-79.9919	-79.9919	-79.9919	-79.9919	-79.9919	-79.9919	-79.9919	-79.992	-79.992	-79.992
0.595	-79.9984	-79.9974	-79.9965	-79.9958	-79.9952	-79.9946	-79.9942	-79.9938	-79.9935	-79.9932	-79.993	-79.9928	-79.9927	-79.9925	-79.9924	-79.9923	-79.9922	-79.9922	-79.9921	-79.9921	-79.992	-79.992	-79.992	-79.9919	-79.9919	-79.9919	-79.9919	-79.9919	-79.9919	-79.9919	-79.9919	-79.9919	-79.9919	-79.9919	-79.9919	-79.9919	-79.9919	-79.9919	-79.9919	-79.9919	-79.9919	-79.9919	-79.9919	-79.9919	-79.9919	-79.992	-79.992	-79.992
0.6	-79.9984	-79.9974	-79.9965	-79.9958	-79.9952	-79.9946	-79.9942	-79.9938	-79.9935	-79.9932	-79.993	-79.9928	-79.9926	-79.9925	-79.9924	-79.9923	-79.9922	-79.9922	-79.9921	-79.9921	-79.992	-79.992	-79.992	-79.9919	-79.9919	-79.9919	-79.9919	-79.9919	-79.9919	-79.9919	-79.9918	-79.9918	-79.9918	-79.9918	-79.9918	-79.9918	-79.9918	-79.9918	-79.9919	-79.9919	-79.9919	-79.9919	-79.9919	-79.9919	-79.9919	-79.9919	-79.992	-79.992
0.605	-79.9984	-79.9974	-79.9965	-79.9958	-79.9952	-79.9946	-79.9942	-79.9938	-79.9935	-79.9932	-79.993	-79.9928	-79.9926	-79.9925	-79.9924	-79.9923	-79.9922	-79.9921	-79.9921	-79.992	-79.992	-79.992	-79.9919	-79.9919	-79.9919	-79.9919	-79.9919	-79.9919	-79.9918	-79.9918	-79.9918	-79.9918	-79.9918	-79.9918	-79.9918	-79.9918	-79.9918	-79.9918	-79.9918	-79.9918	-79.9919	-79.9919	-79.9919	-79.9919	-79.9919	-79.9919	-79.992	-79.992
0.61	-79.9984	-79.9974	-79.9965	-79.9958	-79.9951	-79.9946	-79.9942	-79.9938	-79.9935	-79.9932	-79.993	-79.9928	-79.9926	-79.9925	-79.9924	-79.9923	-79.9922	-79.9921	-79.9921	-79.992	-79.992	-79.992	-79.9919	-79.9919	-79.9919	-79.9919	-79.9919	-79.9918	-79.9918	-79.9918	-79.9918	-79.9918	-79.9918	-79.9918	-79.9918	-79.9918	-79.9918	-79.9918	-79.9918	-79.9918	-79.9918	-79.9919	-79.9919	-79.9919	-79.9919	-79.9919	-79.9919	-79.992
0.615	-79.9984	-79.9974	-79.9965	-79.9958	-79.9951	-79.9946	-79.9942	-79.9938	-79.9935	-79.9932	-79.993	-79.9928	-79.9926	-79.9925	-79.9924	-79.9923	-79.9922	-79.9921	-79.9921	-79.992	-79.992	-79.9919	-79.9919	-79.9919	-79.9919	-79.9919	-79.9918	-79.9918	-79.9918	-79.9918	-79.9918	-79.9918	-79.9918	-79.9918	-79.9918	-79.9918	-79.9918	-79.9918	-79.9918	-79.9918	-79.9918	-79.9918	-79.9919	-79.9919	-79.9919	-79.9919	-79.9919	-79.992
0.62	-79.9984	-79.9974	-79.9965	-79.9958	-79.9951	-79.9946	-79.9942	-79.9938	-79.9935	-79.9932	-79.993	-79.9928	-79.9926	-79.9925	-79.9924	-79.9923	-79.9922	-79.9921	-79.9921	-79.992	-79.992	-79.9919	-79.9919	-79.9919	-79.9919	-79.9918	-79.9918	-79.9918	-79.9918	-79.9918	-79.9918	-79.9918	-79.9918	-79.9918	-79.9918	-79.9918	-79.9918	-79.9918	-79.9918	-79.9918	-79.9918	-79.9918	-79.9918	-79.9919	-79.9919	-79.9919	-79.9919	-79.992
0.625	-79.9984	-79.9974	-79.9965	-79.9958	-79.9951	-79.9946	-79.9942	-79.9938	-79.9935	-79.9932	-79.993	-79.9928	-79.9926	-79.9925	-79.9923	-79.9923	-79.9922	-79.9921	-79.992	-79.992	-79.992	-79.9919	-79.9919	-79.9919	-79.9919	-79.9918	-79.9918	-79.9918	-79.9918	-79.9918	-79.9918	-79.9918	-79.9918	-79.9918	-79.9918	-79.9918	-79.9918	-79.9918	-79.9918	-79.9918	-79.9918	-79.9918	-79.9918	-79.9918	-79.9919	-79.9919	-79.9919	-79.9919
0.63	-79.9984	-79.9974	-79.9965	-79.9958	-79.9951	-79.9946	-79.9942	-79.9938	-79.9935	-79.9932	-79.993	-79.9928	-79.9926	-79.9925	-79.9923	-79.9922	-79.9922	-79.9921	-79.992	-79.992	-79.9919	-79.9919	-79.9919	-79.9919	-79.9918	-79.9918	-79.9918	-79.9918	-79.9918	-79.9918	-79.9918	-79.9918	-79.9918	-79.9918	-79.9918	-79.9918	-79.9918	-79.9918	-79.9918	-79.9918	-79.9918	-79.9918	-79.9918	-79.9918	-79.9919	-79.9919	-79.9919	-79.9919
0.635	-79.9984	-79.9974	-79.9965	-79.9958	-79.9951	-79.9946	-79.9941	-79.9938	-79.9934	-79.9932	-79.9929	-79.9928	-79.9926	-79.9924	-79.9923	-79.9922	-79.9921	-79.9921	-79.992	-79.992	-79.9919	-79.9919	-79.9919	-79.9918	-79.9918	-79.9918	-79.9918	-79.9918	-79.9918	-79.9918	-79.9918	-79.9918	-79.9918	-79.9918	-79.9918	-79.9918	-79.9918	-79.9918	-79.9918	-79.9918	-79.9918	-79.9918	-79.9918	-79.9918	-79.9918	-79.9919	-79.9919	-79.9919
0.64	-79.9984	-79.9974	-79.9965	-79.9958	-79.9951	-79.9946	-79.9941	-79.9938	-79.9934	-79.9932	-79.9929	-79.9927	-79.9926	-79.9924	-79.9923	-79.9922	-79.9921	-79.9921	-79.992	-79.992	-79.9919	-79.9919	-79.9919	-79.9918	-79.9918	-79.9918	-79.9918	-79.9918	-79.9918	-79.9918	-79.9918	-79.9917	-79.9917	-79.9917	-79.9917	-79.9917	-79.9917	-79.9918	-79.9918	-79.9918	-79.9918	-79.9918	-79.9918	-79.9918	-79.9918	-79.9918	-79.9919	-79.9919
0.645	-79.9984	-79.9974	-79.9965	-79.9958	-79.9951	-79.9946	-79.9941	-79.9938	-79.9934	-79.9932	-79.9929	-79.9927	-79.9926	-79.9924	-79.9923	-79.9922	-79.9921	-79.9921	-79.992	-79.992	-79.9919	-79.9919	-79.9919	-79.9918	-79.9918	-79.9918	-79.9918	-79.9918	-79.9918	-79.9917	-79.9917	-79.9917	-79.9917	-79.9917	-79.9917	-79.9917	-79.9917	-79.9917	-79.9917	-79.9918	-79.9918	-79.9918	-79.9918	-79.9918	-79.9918	-79.9918	-79.9919	-79.9919
0.65	-79.9984	-79.9974	-79.9965	-79.9958	-79.9951	-79.9946	-79.9941	-79.9938	-79.9934	-79.9932	-79.9929	-79.9927	-79.9926	-79.9924	-79.9923	-79.9922	-79.9921	-79.9921	-79.992	-79.9919	-79.9919	-79.9919	-79.9918	-79.9918	-79.9918	-79.9918	-79.9918	-79.9918	-79.9917	-79.9917	-79.9917	-79.9917	-79.9917	-79.9917	-79.9917	-79.9917	-79.9917	-79.9917	-79.9917	-79.9917	-79.9918	-79.9918	-79.9918	-79.9918	-79.9918	-79.9918	-79.9919	-79.9919
0.655	-79.9984	-79.9974	-79.9965	-79.9957	-79.9951	-79.9946	-79.9941	-79.9937	-79.9934	-79.9931	-79.9929	-79.9927	-79.9926	-79.9924	-79.9923	-79.9922	-79.9921	-79.992	-79.992	-79.9919	-79.9919	-79.9919	-79.9918	-79.9918	-79.9918	-79.9918	-79.9918	-79.9917	-79.9917	-79.9917	-79.9917	-79.9917	-79.9917	-79.9917	-79.9917	-79.9917	-79.9917	-79.9917	-79.9917	-79.9917	-79.9917	-79.9917	-79.9918	-79.9918	-79.9918	-79.9918	-79.9918	-79.9919
0.66	-79.9984	-79.9974	-79.9965	-79.9957	-79.9951	-79.9946	-79.9941	-79.9937	-79.9934	-79.9931	-79.9929	-79.9927	-79.9925	-79.9924	-79.9923	-79.9922	-79.9921	-79.992	-79.992	-79.9919	-79.9919	-79.9918	-79.9918	-79.9918	-79.9918	-79.9918	-79.9917	-79.9917	-79.9917	-79.9917	-79.9917	-79.9917	-79.9917	-79.9917	-79.9917	-79.9917	-79.9917	-79.9917	-79.9917	-79.9917	-79.9917	-79.9917	-79.9918	-79.9918	-79.9918	-79.9918	-79.9918	-79.9919
0.665	-79.9984	-79.9974	-79.9965	-79.9957	-79.9951	-79.9946	-79.9941	-79.9937	-79.9934	-79.9931	-79.9929	-79.9927	-79.9925	-79.9924	-79.9923	-79.9922	-79.9921	-79.992	-79.992	-79.9919	-79.9919	-79.9918	-79.9918	-79.9918	-79.9918	-79.9917	-79.9917	-79.9917	-79.9917	-79.9917	-79.9917	-79.9917	-79.9917	-79.9917	-79.9917	-79.9917	-79.9917	-79.9917	-79.9917	-79.9917	-79.9917	-79.9917	-79.9917	-79.9918	-79.9918	-79.9918	-79.9918	-79.9918
0.67	-79.9984	-79.9974	-79.9965	-79.9957	-79.9951	-79.9946	-79.9941	-79.9937	-79.9934	-79.9931	-79.9929	-79.9927	-79.9925	-79.9924	-79.9923	-79.9922	-79.9921	-79.992	-79.992	-79.9919	-79.9919	-79.9918	-79.9918	-79.9918	-79.9918	-79.9917	-79.9917	-79.9917	-79.9917	-79.9917	-79.9917	-79.9917	-79.9917	-79.9917	-79.9917	-79.9917	-79.9917	-79.9917	-79.9917	-79.9917	-79.9917	-79.9917	-79.9917	-79.9917	-79.9918	-79.9918	-79.9918	-79.9918
0.675	-79.9984	-79.9974	-79.9965	-79.9957	-79.9951	-79.9946	-79.9941	-79.9937	-79.9934	-79.9931	-79.9929	-79.9927	-79.9925	-79.9924	-79.9923	-79.9922	-79.9921	-79.992	-79.9919	-79.9919	-79.9919	-79.9918	-79.9918	-79.9918	-79.9917	-79.9917	-79.9917	-79.9917	-79.9917	-79.9917	-79.9917	-79.9917	-79.9917	-79.9917	-79.9917	-79.9917	-79.9917	-79.9917	-79.9917	-79.9917	-79.9917	-79.9917	-79.9917	-79.9917	-79.9918	-79.9918	-79.9918	-79.9918
0.68	-79.9984	-79.9974	-79.9965	-79.9957	-79.9951	-79.9946	-79.9941	-79.9937	-79.9934	-79.9931	-79.9929	-79.9927	-79.9925	-79.9924	-79.9923	-79.9921	-79.9921	-79.992	-79.9919	-79.9919	-79.9918	-79.9918	-79.9918	-79.9918	-79.9917	-79.9917	-79.9917	-79.9917	-79.9917	-79.9917	-79.9917	-79.9917	-79.9917	-79.9917	-79.9917	-79.9917	-79.9917	-79.9917	-79.9917	-79.9917	-79.9917	-79.9917	-79.9917	-79.9917	-79.9917	-79.9918	-79.9918	-79.9918
0.685	-79.9984	-79.9974	-79.9965	-79.9957	-79.9951	-79.9946	-79.9941	-79.9937	-79.9934	-79.9931	-79.9929	-79.9927	-79.9925	-79.9924	-79.9922	-79.9921	-79.9921	-79.992	-79.9919	-79.9919	-79.9918	-79.9918	-79.9918	-79.9917	-79.9917	-79.9917	-79.9917	-79.9917	-79.9917	-79.9917	-79.9917	-79.9917	-79.9916	-79.9916	-79.9916	-79.9916	-79.9917	-79.9917	-79.9917	-79.9917	-79.9917	-79.9917	-79.9917	-79.9917	-79.9917	-79.9918	-79.9918	-79.9918
0.69	-79.9984	-79.9974	-79.9965	-79.9957	-79.9951	-79.9946	-79.9941	-79.9937	-79.9934	-79.9931	-79.9929	-79.9927	-79.9925	-79.9924	-79.9922	-79.9921	-79.9921	-79.992	-79.9919	-79.9919	-79.9918	-79.9918	-79.9918	-79.9917	-79.9917	-79.9917	-79.9917	-79.9917	-79.9917	-79.9917	-79.9916	-79.9916	-79.9916	-79.9916	-79.9916	-79.9916	-79.9916	-79.9916	-79.9916	-79.9917	-79.9917	-79.9917	-79.9917	-79.9917	-79.9917	-79.9917	-79.9918	-79.9918
0.695	-79.9984	-79.9974	-79.9965	-79.9957	-79.9951	-79.9945	-79.9941	-79.9937	-79.9934	-79.9931	-79.9929	-79.9927	-79.9925	-79.9923	-79.9922	-79.9921	-79.992	-79.992	-79.9919	-79.9919	-79.9918	-79.9918	-79.9917	-79.9917	-79.9917	-79.9917	-79.9917	-79.9917	-79.9916	-79.9916	-79.9916	-79.9916	-79.9916	-79.9916	-79.9916	-79.9916	-79.9916	-79.9916	-79.9916	-79.9916	-79.9917	-79.9917	-79.9917	-79.9917	-79.9917	-79.9917	-79.9918	-79.9918
0.7	-79.9984	-79.9974	-79.9965	-79.9957	-79.9951	-79.9945	-79.9941	-79.9937	-79.9934	-79.9931	-79.9929	-79.9927	-79.9925	-79.9923	-79.9922	-79.9921	-79.992	-79.992	-79.9919	-79.9918	-79.9918	-79.9918	-79.9917	-79.9917	-79.9917	-79.9917	-79.9917	-79.9916	-79.9916	-79.9916	-79.9916	-79.9916	-79.9916	-79.9916	-79.9916	-79.9916	-79.9916	-79.9916	-79.9916	-79.9916	-79.9916	-79.9917	-79.9917	-79.9917	-79.9917	-79.9917	-79.9917	-79.9918
0.705	-79.9984	-79.9974	-79.9965	-79.9957	-79.9951	-79.9945	-79.9941	-79.9937	-79.9934	-79.9931	-79.9928	-79.9926	-79.9925	-79.9923	-79.9922	-79.9921	-79.992	-79.992	-79.9919	-79.9918	-79.9918	-79.9918	-79.9917	-79.9917	-79.9917	-79.9917	-79.9917	-79.9916	-79.9916	-79.9916	-79.9916	-79.9916	-79.9916	-79.9916	-79.9916	-79.9916	-79.9916	-79.9916	-79.9916	-79.9916	-79.9916	-79.9916	-79.9917	-79.9917	-79.9917	-79.9917	-79.9917	-79.9918
0.71	-79.9984	-79.9974	-79.9965	-79.9957	-79.9951	-79.9945	-79.9941	-79.9937	-79.9934	-79.9931	-79.9928	-79.9926	-79.9925	-79.9923	-79.9922	-79.9921	-79.992	-79.9919	-79.9919	-79.9918	-79.9918	-79.9918	-79.9917	-79.9917	-79.9917	-79.9917	-79.9916	-79.9916	-79.9916	-79.9916	-79.9916	-79.9916	-79.9916	-79.9916	-79.9916	-79.9916	-79.9916	-79.9916	-79.9916	-79.9916	-79.9916	-79.9916	-79.9916	-79.9917	-79.9917	-79.9917	-79.9917	-79.9918
0.715	-79.9984	-79.9974	-79.9965	-79.9957	-79.9951	-79.9945	-79.9941	-79.9937	-79.9933	-79.9931	-79.9928	-79.9926	-79.9925	-79.9923	-79.9922	-79.9921	-79.992	-79.9919	-79.9919	-79.9918	-79.9918	-79.9917	-79.9917	-79.9917	-79.9917	-79.9916	-79.9916	-79.9916	-79.9916	-79.9916	-79.9916	-79.9916	-79.9916	-79.9916	-79.9916	-79.9916	-79.9916	-79.9916	-79.9916	-79.9916	-79.9916	-79.9916	-79.9916	-79.9917	-79.9917	-79.9917	-79.9917	-79.9917
0.72	-79.9984	-79.9974	-79.9965	-79.9957	-79.9951	-79.9945	-79.9941	-79.9937	-79.9933	-79.9931	-79.9928	-79.9926	-79.9925	-79.9923	-79.9922	-79.9921	-79.992	-79.9919	-79.9919	-79.9918	-79.9918	-79.9917	-79.9917	-79.9917	-79.9917	-79.9916	-79.9916	-79.9916	-79.9916	-79.9916	-79.9916	-79.9916	-79.9916	-79.9916	-79.9916	-79.9916	-79.9916	-79.9916	-79.9916	-79.9916	-79.9916	-79.9916	-79.9916	-79.9916	-79.9917	-79.9917	-79.9917	-79.9917
0.725	-79.9984	-79.9974	-79.9965	-79.9957	-79.9951	-79.9945	-79.9941	-79.9937	-79.9933	-79.9931	-79.9928	-79.9926	-79.9924	-79.9923	-79.9922	-79.9921	-79.992	-79.9919	-79.9919	-79.9918	-79.9918	-79.9917	-79.9917	-79.9917	-79.9916	-79.9916	-79.9916	-79.9916	-79.9916	-79.9916	-79.9916	-79.9916	-79.9916	-79.9916	-79.9916	-79.9916	-79.9916	-79.9916	-79.9916	-79.9916	-79.9916	-79.9916	-79.9916	-79.9916	-79.9916	-79.9917	-79.9917	-79.9917
0.73	-79.9984	-79.9974	-79.9965	-79.9957	-79.9951	-79.9945	-79.9941	-79.9937	-79.9933	-79.993	-79.9928	-79.9926	-79.9924	-79.9923	-79.9922	-79.9921	-79.992	-79.9919	-79.9918	-79.9918	-79.9918	-79.9917	-79.9917	-79.9917	-79.9916	-79.9916	-79.9916	-79.9916	-79.9916	-79.9916	-79.9916	-79.9916	-79.9916	-79.9916	-79.9916	-79.9916	-79.9916	-79.9916	-79.9916	-79.9916	-79.9916	-79.9916	-79.9916	-79.9916	-79.9916	-79.9917	-79.9917	-79.9917
0.735	-79.9984	-79.9974	-79.9965	-79.9957	-79.9951	-79.9945	-79.9941	-79.9937	-79.9933	-79.993	-79.9928	-79.9926	-79.9924	-79.9923	-79.9922	-79.9921	-79.992	-79.9919	-79.9918	-79.9918	-79.9917	-79.9917	-79.9917	-79.9916	-79.9916	-79.9916	-79.9916	-79.9916	-79.9916	-79.9916	-79.9916	-79.9916	-79.9915	-79.9915	-79.9915	-79.9915	-79.9916	-79.9916	-79.9916	-79.9916	-79.9916	-79.9916	-79.9916	-79.9916	-79.9916	-79.9917	-79.9917	-79.9917
0.74	-79.9984	-79.9974	-79.9965	-79.9957	-79.9951	-79.9945	-79.994	-79.9937	-79.9933	-79.993	-79.9928	-79.9926	-79.9924	-79.9923	-79.9922	-79.9921	-79.992	-79.9919	-79.9918	-79.9918	-79.9917	-79.9917	-79.9917	-79.9916	-79.9916	-79.9916	-79.9916	-79.9916	-79.9916	-79.9916	-79.9915	-79.9915	-79.9915	-79.9915	-79.9915	-79.9915	-79.9915	-79.9915	-79.9915	-79.9916	-79.9916	-79.9916	-79.9916	-79.9916	-79.9916	-79.9916	-79.9917	-79.9917
0.745	-79.9984	-79.9974	-79.9965	-79.9957	-79.9951	-79.9945	-79.994	-79.9937	-79.9933	-79.993	-79.9928	-79.9926	-79.9924	-79.9923	-79.9921	-79.992	-79.992	-79.9919	-79.9918	-79.9918	-79.9917	-79.9917	-79.9917	-79.9916	-79.9916	-79.9916	-79.9916	-79.9916	-79.9916	-79.9915	-79.9915	-79.9915	-79.9915	-79.9915	-79.9915	-79.9915	-79.9915	-79.9915	-79.9915	-79.9915	-79.9916	-79.9916	-79.9916	-79.9916	-79.9916	-79.9916	-79.9917	-79.9917
0.75	-79.9984	-79.9974	-79.9965	-79.9957	-79.9951	-79.9945	-79.994	-79.9936	-79.9933	-79.993	-79.9928	-79.9926	-79.9924	-79.9923	-79.9921	-79.992	-79.992	-79.9919	-79.9918	-79.9918	-79.9917	-79.9917	-79.9916	-79.9916	-79.9916	-79.9916	-79.9916	-79.9916	-79.9915	-79.9915	-79.9915	-79.9915	-79.9915	-79.9915	-79.9915	-79.9915	-79.9915	-79.9915	-79.9915	-79.9915	-79.9915	-79.9916	-79.9916	-79.9916	-79.9916	-79.9916	-79.9916	-79.9917
0.755	-79.9984	-79.9974	-79.9965	-79.9957	-79.995	-79.9945	-79.994	-79.9936	-79.9933	-79.993	-79.9928	-79.9926	-79.9924	-79.9923	-79.9921	-79.992	-79.9919	-79.9919	-79.9918	-79.9918	-79.9917	-79.9917	-79.9916	-79.9916	-79.9916	-79.9916	-79.9916	-79.9915	-79.9915	-79.9915	-79.9915	-79.9915	-79.9915	-79.9915	-79.9915	-79.9915	-79.9915	-79.9915	-79.9915	-79.9915	-79.9915	-79.9915	-79.9916	-79.9916	-79.9916	-79.9916	-79.9916	-79.9917
0.76	-79.9984	-79.9973	-79.9965	-79.9957	-79.995	-79.9945	-79.994	-79.9936	-79.9933	-79.993	-79.9928	-79.9926	-79.9924	-79.9922	-79.9921	-79.992	-79.9919	-79.9919	-79.9918	-79.9917	-79.9917	-79.9917	-79.9916	-79.9916	-79.9916	-79.9916	-79.9915	-79.9915	-79.9915	-79.9915	-79.9915	-79.9915	-79.9915	-79.9915	-79.9915	-79.9915	-79.9915	-79.9915	-79.9915	-79.9915	-79.9915	-79.9915	-79.9916	-79.9916	-79.9916	-79.9916	-79.9916	-79.9917
0.765	-79.9984	-79.9973	-79.9965	-79.9957	-79.995	-79.9945	-79.994	-79.9936	-79.9933	-79.993	-79.9928	-79.9926	-79.9924	-79.9922	-79.9921	-79.992	-79.9919	-79.9919	-79.9918	-79.9917	-79.9917	-79.9917	-79.9916	-79.9916	-79.9916	-79.9916	-79.9915	-79.9915	-79.9915	-79.9915	-79.9915	-79.9915	-79.9915	-79.9915	-79.9915	-79.9915	-79.9915	-79.9915	-79.9915	-79.9915	-79.9915	-79.9915	-79.9915	-79.9916	-79.9916	-79.9916	-79.9916	-79.9917
0.77	-79.9984	-79.9973	-79.9965	-79.9957	-79.995	-79.9945	-79.994	-79.9936	-79.9933	-79.993	-79.9928	-79.9926	-79.9924	-79.9922	-79.9921	-79.992	-79.9919	-79.9918	-79.9918	-79.9917	-79.9917	-79.9916	-79.9916	-79.9916	-79.9916	-79.9915	-79.9915	-79.9915	-79.9915	-79.9915	-79.9915	-79.9915	-79.9915	-79.9915	-79.9915	-79.9915	-79.9915	-79.9915	-79.9915	-79.9915	-79.9915	-79.9915	-79.9915	-79.9915	-79.9916	-79.9916	-79.9916	-79.9916
0.775	-79.9984	-79.9973	-79.9965	-79.9957	-79.995	-79.9945	-79.994	-79.9936	-79.9933	-79.993	-79.9928	-79.9926	-79.9924	-79.9922	-79.9921	-79.992	-79.9919	-79.9918	-79.9918	-79.9917	-79.9917	-79.9916	-79.9916	-79.9916	-79.9916	-79.9915	-79.9915	-79.9915	-79.9915	-79.9915	-79.9915	-79.9915	-79.9915	-79.9915	-79.9915	-79.9915	-79.9915	-79.9915	-79.9915	-79.9915	-79.9915	-79.9915	-79.9915	-79.9915	-79.9916	-79.9916	-79.9916	-79.9916
0.78	-79.9984	-79.9973	-79.9964	-79.9957	-79.995	-79.9945	-79.994	-79.9936	-79.9933	-79.993	-79.9928	-79.9925	-79.9924	-79.9922	-79.9921	-79.992	-79.9919	-79.9918	-79.9918	-79.9917	-79.9917	-79.9916	-79.9916	-79.9916	-79.9915	-79.9915	-79.9915	-79.9915	-79.9915	-79.9915	-79.9915	-79.9915	-79.9915	-79.9915	-79.9915	-79.9915	-79.9915	-79.9915	-79.9915	-79.9915	-79.9915	-79.9915	-79.9915	-79.9915	-79.9915	-79.9916	-79.9916	-79.9916
0.785	-79.9984	-79.9973	-79.9964	-79.9957	-79.995	-79.9945	-79.994	-79.9936	-79.9933	-79.993	-79.9927	-79.9925	-79.9924	-79.9922	-79.9921	-79.992	-79.9919	-79.9918	-79.9918	-79.9917	-79.9917	-79.9916	-79.9916	-79.9916	-79.9915	-79.9915	-79.9915	-79.9915	-79.9915	-79.9915	-79.9915	-79.9915	-79.9915	-79.9915	-79.9915	-79.9915	-79.9915	-79.9915	-79.9915	-79.9915	-79.9915	-79.9915	-79.9915	-79.9915	-79.9915	-79.9916	-79.9916	-79.9916
0.79	-79.9984	-79.9973	-79.9964	-79.9957	-79.995	-79.9945	-79.994	-79.9936	-79.9933	-79.993	-79.9927	-79.9925	-79.9924	-79.9922	-79.9921	-79.992	-79.9919	-79.9918	-79.9917	-79.9917	-79.9916	-79.9916	-79.9916	-79.9916	-79.9915	-79.9915	-79.9915	-79.9915	-79.9915	-79.9915	-79.9915	-79.9915	-79.9914	-79.9914	-79.9914	-79.9914	-79.9914	-79.9915	-79.9915	-79.9915	-79.9915	-79.9915	-79.9915	-79.9915	-79.9915	-79.9916	-79.9916	-79.9916
0.795	-79.9984	-79.9973	-79.9964	-79.9957	-79.995	-79.9945	-79.994	-79.9936	-79.9933	-79.993	-79.9927	-79.9925	-79.9924	-79.9922	-79.9921	-79.992	-79.9919	-79.9918	-79.9917	-79.9917	-79.9916	-79.9916	-79.9916	-79.9915	-79.9915	-79.9915	-79.9915	-79.9915	-79.9915	-79.9915	-79.9914	-79.9914	-79.9914	-79.9914	-79.9914	-79.9914	-79.9914	-79.9914	-79.9914	-79.9915	-79.9915	-79.9915	-79.9915	-79.9915	-79.9915	-79.9915	-79.9916	-79.9916
0.8	-79.9984	-79.9973	-79.9964	-79.9957	-79.995	-79.9945	-79.994	-79.9936	-79.9933	-79.993	-79.9927	-79.9925	-79.9923	-79.9922	-79.9921	-79.992	-79.9919	-79.9918	-79.9917	-79.9917	-79.9916	-79.9916	-79.9916	-79.9915	-79.9915	-79.9915	-79.9915	-79.9915	-79.9915	-79.9914	-79.9914	-79.9914	-79.9914	-79.9914	-79.9914	-79.9914	-79.9914	-79.9914	-79.9914	-79.9914	-79.9915	-79.9915	-79.9915	-79.9915	-79.9915	-79.9915	-79.9916	-79.9916
0.805	-79.9984	-79.9973	-79.9964	-79.9957	-79.995	-79.9945	-79.994	-79.9936	-79.9933	-79.993	-79.9927	-79.9925	-79.9923	-79.9922	-79.9921	-79.992	-79.9919	-79.9918	-79.9917	-79.9917	-79.9916	-79.9916	-79.9916	-79.9915	-79.9915	-79.9915	-79.9915	-79.9915	-79.9914	-79.9914	-79.9914	-79.9914	-79.9914	-79.9914	-79.9914	-79.9914	-79.9914	-79.9914	-79.9914	-79.9914	-79.9914	-79.9915	-79.9915	-79.9915	-79.9915	-79.9915	-79.9916	-79.9916
0.81	-79.9984	-79.9973	-79.9964	-79.9957	-79.995	-79.9945	-79.994	-79.9936	-79.9932	-79.993	-79.9927	-79.9925	-79.9923	-79.9922	-79.9921	-79.992	-79.9919	-79.9918	-79.9917	-79.9917	-79.9916	-79.9916	-79.9915	-79.9915	-79.9915	-79.9915	-79.9915	-79.9914	-79.9914	-79.9914	-79.9914	-79.9914	-79.9914	-79.9914	-79.9914	-79.9914	-79.9914	-79.9914	-79.9914	-79.9914	-79.9914	-79.9914	-79.9915	-79.9915	-79.9915	-79.9915	-79.9915	-79.9916
0.815	-79.9984	-79.9973	-79.9964	-79.9957	-79.995	-79.9945	-79.994	-79.9936	-79.9932	-79.993	-79.9927	-79.9925	-79.9923	-79.9922	-79.9921	-79.9919	-79.9919	-79.9918	-79.9917	-79.9917	-79.9916	-79.9916	-79.9915	-79.9915	-79.9915	-79.9915	-79.9915	-79.9914	-79.9914	-79.9914	-79.9914	-79.9914	-79.9914	-79.9914	-79.9914	-79.9914	-79.9914	-79.9914	-79.9914	-79.9914	-79.9914	-79.9914	-79.9915	-79.9915	-79.9915	-79.9915	-79.9915	-79.9916
0.82	-79.9984	-79.9973	-79.9964	-79.9957	-79.995	-79.9945	-79.994	-79.9936	-79.9932	-79.993	-79.9927	-79.9925	-79.9923	-79.9922	-79.992	-79.9919	-79.9918	-79.9918	-79.9917	-79.9916	-79.9916	-79.9916	-79.9915	-79.9915	-79.9915	-79.9915	-79.9914	-79.9914	-79.9914	-79.9914	-79.9914	-79.9914	-79.9914	-79.9914	-79.9914	-79.9914	-79.9914	-79.9914	-79.9914	-79.9914	-79.9914	-79.9914	-79.9914	-79.9915	-79.9915	-79.9915	-79.9915	-79.9916
0.825	-79.9984	-79.9973	-79.9964	-79.9957	-79.995	-79.9945	-79.994	-79.9936	-79.9932	-79.9929	-79.9927	-79.9925	-79.9923	-79.9922	-79.992	-79.9919	-79.9918	-79.9918	-79.9917	-79.9916	-79.9916	-79.9916	-79.9915	-79.9915	-79.9915	-79.9915	-79.9914	-79.9914	-79.9914	-79.9914	-79.9914	-79.9914	-79.9914	-79.9914	-79.9914	-79.9914	-79.9914	-79.9914	-79.9914	-79.9914	-79.9914	-79.9914	-79.9914	-79.9915	-79.9915	-79.9915	-79.9915	-79.9915
0.83	-79.9984	-79.9973	-79.9964	-79.9957	-79.995	-79.9945	-79.994	-79.9936	-79.9932	-79.9929	-79.9927	-79.9925	-79.9923	-79.9922	-79.992	-79.9919	-79.9918	-79.9918	-79.9917	-79.9916	-79.9916	-79.9915	-79.9915	-79.9915	-79.9915	-79.9914	-79.9914	-79.9914	-79.9914	-79.9914	-79.9914	-79.9914	-79.9914	-79.9914	-79.9914	-79.9914	-79.9914	-79.9914	-79.9914	-79.9914	-79.9914	-79.9914	-79.9914	-79.9914	-79.9915	-79.9915	-79.9915	-79.9915
0.835	-79.9984	-79.9973	-79.9964	-79.9957	-79.995	-79.9944	-79.994	-79.9936	-79.9932	-79.9929	-79.9927	-79.9925	-79.9923	-79.9921	-79.992	-79.9919	-79.9918	-79.9917	-79.9917	-79.9916	-79.9916	-79.9915	-79.9915	-79.9915	-79.9915	-79.9914	-79.9914	-79.9914	-79.9914	-79.9914	-79.9914	-79.9914	-79.9914	-79.9914	-79.9914	-79.9914	-79.9914	-79.9914	-79.9914	-79.9914	-79.9914	-79.9914	-79.9914	-79.9914	-79.9915	-79.9915	-79.9915	-79.9915
0.84	-79.9984	-79.9973	-79.9964	-79.9957	-79.995	-79.9944	-79.994	-79.9936	-79.9932	-79.9929	-79.9927	-79.9925	-79.9923	-79.9921	-79.992	-79.9919	-79.9918	-79.9917	-79.9917	-79.9916	-79.9916	-79.9915	-79.9915	-79.9915	-79.9914	-79.9914	-79.9914	-79.9914	-79.9914	-79.9914	-79.9914	-79.9914	-79.9914	-79.9914	-79.9914	-79.9914	-79.9914	-79.9914	-79.9914	-79.9914	-79.9914	-79.9914	-79.9914	-79.9914	-79.9914	-79.9915	-79.9915	-79.9915
0.845	-79.9984	-79.9973	-79.9964	-79.9957	-79.995	-79.9944	-79.994	-79.9936	-79.9932	-79.9929	-79.9927	-79.9925	-79.9923	-79.9921	-79.992	-79.9919	-79.9918	-79.9917	-79.9917	-79.9916	-79.9916	-79.9915	-79.9915	-79.9915	-79.9914	-79.9914	-79.9914	-79.9914	-79.9914	-79.9914	-79.9914	-79.9914	-79.9914	-79.9914	-79.9914	-79.9914	-79.9914	-79.9914	-79.9914	-79.9914	-79.9914	-79.9914	-79.9914	-79.9914	-79.9914	-79.9915	-79.9915	-79.9915
0.85	-79.9984	-79.9973	-79.9964	-79.9957	-79.995	-79.9944	-79.994	-79.9936	-79.9932	-79.9929	-79.9927	-79.9925	-79.9923	-79.9921	-79.992	-79.9919	-79.9918	-79.9917	-79.9917	-79.9916	-79.9916	-79.9915	-79.9915	-79.9915	-79.9914	-79.9914	-79.9914	-79.9914	-79.9914	-79.9914	-79.9914	-79.9913	-79.9913	-79.9913	-79.9913	-79.9913	-79.9913	-79.9914	-79.9914	-79.9914	-79.9914	-79.9914	-79.9914	-79.9914	-79.9914	-79.9915	-79.9915	-79.9915
0.855	-79.9984	-79.9973	-79.9964	-79.9957	-79.995	-79.9944	-79.994	-79.9936	-79.9932	-79.9929	-79.9927	-79.9925	-79.9923	-79.9921	-79.992	-79.9919	-79.9918	-79.9917	-79.9917	-79.9916	-79.9915	-79.9915	-79.9915	-79.9914	-79.9914	-79.9914	-79.9914	-79.9914	-79.9914	-79.9914	-79.9913	-79.9913	-79.9913	-79.9913	-79.9913	-79.9913	-79.9913	-79.9913	-79.9913	-79.9914	-79.9914	-79.9914	-79.9914	-79.9914	-79.9914	-79.9914	-79.9915	-79.9915
0.86	-79.9984	-79.9973	-79.9964	-79.9957	-79.995	-79.9944	-79.994	-79.9935	-79.9932	-79.9929	-79.9927	-79.9925	-79.9923	-79.9921	-79.992	-79.9919	-79.9918	-79.9917	-79.9916	-79.9916	-79.9915	-79.9915	-79.9915	-79.9914	-79.9914	-79.9914	-79.9914	-79.9914	-79.9914	-79.9913	-79.9913	-79.9913	-79.9913	-79.9913	-79.9913	-79.9913	-79.9913	-79.9913	-79.9913	-79.9913	-79.9914	-79.9914	-79.9914	-79.9914	-79.9914	-79.9914	-79.9915	-79.9915
0.865	-79.9984	-79.9973	-79.9964	-79.9957	-79.995	-79.9944	-79.9939	-79.9935	-79.9932	-79.9929	-79.9927	-79.9924	-79.9923	-79.9921	-79.992	-79.9919	-79.9918	-79.9917	-79.9916	-79.9916	-79.9915	-79.9915	-79.9915	-79.9914	-79.9914	-79.9914	-79.9914	-79.9914	-79.9913	-79.9913	-79.9913	-79.9913	-79.9913	-79.9913	-79.9913	-79.9913	-79.9913	-79.9913	-79.9913	-79.9913	-79.9913	-79.9914	-79.9914	-79.9914	-79.9914	-79.9914	-79.9915	-79.9915
0.87	-79.9984	-79.9973	-79.9964	-79.9956	-79.995	-79.9944	-79.9939	-79.9935	-79.9932	-79.9929	-79.9927	-79.9924	-79.9923	-79.9921	-79.992	-79.9919	-79.9918	-79.9917	-79.9916	-79.9916	-79.9915	-79.9915	-79.9915	-79.9914	-79.9914	-79.9914	-79.9914	-79.9914	-79.9913	-79.9913	-79.9913	-79.9913	-79.9913	-79.9913	-79.9913	-79.9913	-79.9913	-79.9913	-79.9913	-79.9913	-79.9913	-79.9913	-79.9914	-79.9914	-79.9914	-79.9914	-79.9914	-79.9915
0.875	-79.9984	-79.9973	-79.9964	-79.9956	-79.995	-79.9944	-79.9939	-79.9935	-79.9932	-79.9929	-79.9926	-79.9924	-79.9923	-79.9921	-79.992	-79.9919	-79.9918	-79.9917	-79.9916	-79.9916	-79.9915	-79.9915	-79.9914	-79.9914	-79.9914	-79.9914	-79.9914	-79.9913	-79.9913	-79.9913	-79.9913	-79.9913	-79.9913	-79.9913	-79.9913	-79.9913	-79.9913	-79.9913	-79.9913	-79.9913	-79.9913	-79.9913	-79.9914	-79.9914	-79.9914	-79.9914	-79.9914	-79.9915
0.88	-79.9984	-79.9973	-79.9964	-79.9956	-79.995	-79.9944	-79.9939	-79.9935	-79.9932	-79.9929	-79.9926	-79.9924	-79.9922	-79.9921	-79.992	-79.9919	-79.9918	-79.9917	-79.9916	-79.9916	-79.9915	-79.9915	-79.9914	-79.9914	-79.9914	-79.9914	-79.9913	-79.9913	-79.9913	-79.9913	-79.9913	-79.9913	-79.9913	-79.9913	-79.9913	-79.9913	-79.9913	-79.9913	-79.9913	-79.9913	-79.9913	-79.9913	-79.9913	-79.9914	-79.9914	-79.9914	-79.9914	-79.9915
0.885	-79.9984	-79.9973	-79.9964	-79.9956	-79.995	-79.9944	-79.9939	-79.9935	-79.9932	-79.9929	-79.9926	-79.9924	-79.9922	-79.9921	-79.992	-79.9919	-79.9918	-79.9917	-79.9916	-79.9916	-79.9915	-79.9915	-79.9914	-79.9914	-79.9914	-79.9914	-79.9913	-79.9913	-79.9913	-79.9913	-79.9913	-79.9913	-79.9913	-79.9913	-79.9913	-79.9913	-79.9913	-79.9913	-79.9913	-79.9913	-79.9913	-79.9913	-79.9913	-79.9914	-79.9914	-79.9914	-79.9914	-79.9915
0.89	-79.9984	-79.9973	-79.9964	-79.9956	-79.995	-79.9944	-79.9939	-79.9935	-79.9932	-79.9929	-79.9926	-79.9924	-79.9922	-79.9921	-79.992	-79.9918	-79.9918	-79.9917	-79.9916	-79.9915	-79.9915	-79.9915	-79.9914	-79.9914	-79.9914	-79.9914	-79.9913	-79.9913	-79.9913	-79.9913	-79.9913	-79.9913	-79.9913	-79.9913	-79.9913	-79.9913	-79.9913	-79.9913	-79.9913	-79.9913	-79.9913	-79.9913	-79.9913	-79.9913	-79.9914	-79.9914	-79.9914	-79.9914
0.895	-79.9984	-79.9973	-79.9964	-79.9956	-79.995	-79.9944	-79.9939	-79.9935	-79.9932	-79.9929	-79.9926	-79.9924	-79.9922	-79.9921	-79.992	-79.9918	-79.9917	-79.9917	-79.9916	-79.9915	-79.9915	-79.9915	-79.9914	-79.9914	-79.9914	-79.9913	-79.9913	-79.9913	-79.9913	-79.9913	-79.9913	-79.9913	-79.9913	-79.9913	-79.9913	-79.9913	-79.9913	-79.9913	-79.9913	-79.9913	-79.9913	-79.9913	-79.9913	-79.9913	-79.9914	-79.9914	-79.9914	-79.9914
0.9	-79.9984	-79.9973	-79.9964	-79.9956	-79.995	-79.9944	-79.9939	-79.9935	-79.9932	-79.9929	-79.9926	-79.9924	-79.9922	-79.9921	-79.9919	-79.9918	-79.9917	-79.9917	-79.9916	-79.9915	-79.9915	-79.9914	-79.9914	-79.9914	-79.9914	-79.9913	-79.9913	-79.9913	-79.9913	-79.9913	-79.9913	-79.9913	-79.9913	-79.9913	-79.9913	-79.9913	-79.9913	-79.9913	-79.9913	-79.9913	-79.9913	-79.9913	-79.9913	-79.9913	-79.9914	-79.9914	-79.9914	-79.9914
0.905	-79.9984	-79.9973	-79.9964	-79.9956	-79.995	-79.9944	-79.9939	-79.9935	-79.9932	-79.9929	-79.9926	-79.9924	-79.9922	-79.9921	-79.9919	-79.9918	-79.9917	-79.9917	-79.9916	-79.9915	-79.9915	-79.9914	-79.9914	-79.9914	-79.9913	-79.9913	-79.9913	-79.9913	-79.9913	-79.9913	-79.9913	-79.9913	-79.9913	-79.9913	-79.9913	-79.9913	-79.9913	-79.9913	-79.9913	-79.9913	-79.9913	-79.9913	-79.9913	-79.9913	-79.9913	-79.9914	-79.9914	-79.9914
0.91	-79.9984	-79.9973	-79.9964	-79.9956	-79.995	-79.9944	-79.9939	-79.9935	-79.9932	-79.9929	-79.9926	-79.9924	-79.9922	-79.9921	-79.9919	-79.9918	-79.9917	-79.9916	-79.9916	-79.9915	-79.9915	-79.9914	-79.9914	-79.9914	-79.9913	-79.9913	-79.9913	-79.9913	-79.9913	-79.9913	-79.9913	-79.9913	-79.9913	-79.9913	-79.9912	-79.9913	-79.9913	-79.9913	-79.9913	-79.9913	-79.9913	-79.9913	-79.9913	-79.9913	-79.9913	-79.9914	-79.9914	-79.9914
0.915	-79.9984	-79.9973	-79.9964	-79.9956	-79.995	-79.9944	-79.9939	-79.9935	-79.9932	-79.9929	-79.9926	-79.9924	-79.9922	-79.9921	-79.9919	-79.9918	-79.9917	-79.9916	-79.9916	-79.9915	-79.9915	-79.9914	-79.9914	-79.9914	-79.9913	-79.9913	-79.9913	-79.9913	-79.9913	-79.9913	-79.9913	-79.9912	-79.9912	-79.9912	-79.9912	-79.9912	-79.9912	-79.9912	-79.9913	-79.9913	-79.9913	-79.9913	-79.9913	-79.9913	-79.9913	-79.9914	-79.9914	-79.9914
0.92	-79.9984	-79.9973	-79.9964	-79.9956	-79.995	-79.9944	-79.9939	-79.9935	-79.9931	-79.9929	-79.9926	-79.9924	-79.9922	-79.9921	-79.9919	-79.9918	-79.9917	-79.9916	-79.9916	-79.9915	-79.9915	-79.9914	-79.9914	-79.9914	-79.9913	-79.9913	-79.9913	-79.9913	-79.9913	-79.9913	-79.9912	-79.9912	-79.9912	-79.9912	-79.9912	-79.9912	-79.9912	-79.9912	-79.9912	-79.9913	-79.9913	-79.9913	-79.9913	-79.9913	-79.9913	-79.9913	-79.9914	-79.9914
0.925	-79.9984	-79.9973	-79.9964	-79.9956	-79.995	-79.9944	-79.9939	-79.9935	-79.9931	-79.9929	-79.9926	-79.9924	-79.9922	-79.992	-79.9919	-79.9918	-79.9917	-79.9916	-79.9916	-79.9915	-79.9914	-79.9914	-79.9914	-79.9913	-79.9913	-79.9913	-79.9913	-79.9913	-79.9913	-79.9912	-79.9912	-79.9912	-79.9912	-79.9912	-79.9912	-79.9912	-79.9912	-79.9912	-79.9912	-79.9912	-79.9913	-79.9913	-79.9913	-79.9913	-79.9913	-79.9913	-79.9914	-79.9914
0.93	-79.9984	-79.9973	-79.9964	-79.9956	-79.995	-79.9944	-79.9939	-79.9935	-79.9931	-79.9928	-79.9926	-79.9924	-79.9922	-79.992	-79.9919	-79.9918	-79.9917	-79.9916	-79.9916	-79.9915	-79.9914	-79.9914	-79.9914	-79.9913	-79.9913	-79.9913	-79.9913	-79.9913	-79.9912	-79.9912	-79.9912	-79.9912	-79.9912	-79.9912	-79.9912	-79.9912	-79.9912	-79.9912	-79.9912	-79.9912	-79.9912	-79.9913	-79.9913	-79.9913	-79.9913	-79.9913	-79.9914	-79.9914
0.935	-79.9984	-79.9973	-79.9964	-79.9956	-79.995	-79.9944	-79.9939	-79.9935	-79.9931	-79.9928	-79.9926	-79.9924	-79.9922	-79.992	-79.9919	-79.9918	-79.9917	-79.9916	-79.9915	-79.9915	-79.9914	-79.9914	-79.9914	-79.9913	-79.9913	-79.9913	-79.9913	-79.9913	-79.9912	-79.9912	-79.9912	-79.9912	-79.9912	-79.9912	-79.9912	-79.9912	-79.9912	-79.9912	-79.9912	-79.9912	-79.9912	-79.9913	-79.9913	-79.9913	-79.9913	-79.9913	-79.9913	-79.9914
0.94	-79.9984	-79.9973	-79.9964	-79.9956	-79.9949	-79.9944	-79.9939	-79.9935	-79.9931	-79.9928	-79.9926	-79.9924	-79.9922	-79.992	-79.9919	-79.9918	-79.9917	-79.9916	-79.9915	-79.9915	-79.9914	-79.9914	-79.9914	-79.9913	-79.9913	-79.9913	-79.9913	-79.9912	-79.9912	-79.9912	-79.9912	-79.9912	-79.9912	-79.9912	-79.9912	-79.9912	-79.9912	-79.9912	-79.9912	-79.9912	-79.9912	-79.9912	-79.9913	-79.9913	-79.9913	-79.9913	-79.9913	-79.9914
0.945	-79.9984	-79.9973	-79.9964	-79.9956	-79.9949	-79.9944	-79.9939	-79.9935	-79.9931	-79.9928	-79.9926	-79.9924	-79.9922	-79.992	-79.9919	-79.9918	-79.9917	-79.9916	-79.9915	-79.9915	-79.9914	-79.9914	-79.9913	-79.9913	-79.9913	-79.9913	-79.9913	-79.9912	-79.9912	-79.9912	-79.9912	-79.9912	-79.9912	-79.9912	-79.9912	-79.9912	-79.9912	-79.9912	-79.9912	-79.9912	-79.9912	-79.9912	-79.9912	-79.9913	-79.9913	-79.9913	-79.9913	-79.9914
0.95	-79.9984	-79.9973	-79.9964	-79.9956	-79.9949	-79.9944	-79.9939	-79.9935	-79.9931	-79.9928	-79.9926	-79.9924	-79.9922	-79.992	-79.9919	-79.9918	-79.9917	-79.9916	-79.9915	-79.9915	-79.9914	-79.9914	-79.9913	-79.9913	-79.9913	-79.9913	-79.9912	-79.9912	-79.9912	-79.9912	-79.9912	-79.9912	-79.9912	-79.9912	-79.9912	-79.9912	-79.9912	-79.9912	-79.9912	-79.9912	-79.9912	-79.9912	-79.9912	-79.9913	-79.9913	-79.9913	-79.9913	-79.9914
0.955	-79.9984	-79.9973	-79.9964	-79.9956	-79.9949	-79.9944	-79.9939	-79.9935	-79.9931	-79.9928	-79.9926	-79.9923	-79.9922	-79.992	-79.9919	-79.9918	-79.9917	-79.9916	-79.9915	-79.9915	-79.9914	-79.9914	-79.9913	-79.9913	-79.9913	-79.9913	-79.9912	-79.9912	-79.9912	-79.9912	-79.9912	-79.9912	-79.9912	-79.9912	-79.9912	-79.9912	-79.9912	-79.9912	-79.9912	-79.9912	-79.9912	-79.9912	-79.9912	-79.9913	-79.9913	-79.9913	-79.9913	-79.9914
0.96	-79.9984	-79.9973	-79.9964	-79.9956	-79.9949	-79.9944	-79.9939	-79.9935	-79.9931	-79.9928	-79.9926	-79.9923	-79.9922	-79.992	-79.9919	-79.9918	-79.9917	-79.9916	-79.9915	-79.9915	-79.9914	-79.9914	-79.9913	-79.9913	-79.9913	-79.9912	-79.9912	-79.9912	-79.9912	-79.9912	-79.9912	-79.9912	-79.9912	-79.9912	-79.9912	-79.9912	-79.9912	-79.9912	-79.9912	-79.9912	-79.9912	-79.9912	-79.9912	-79.9912	-79.9913	-79.9913	-79.9913	-79.9913
0.965	-79.9984	-79.9973	-79.9964	-79.9956	-79.9949	-79.9944	-79.9939	-79.9935	-79.9931	-79.9928	-79.9926	-79.9923	-79.9922	-79.992	-79.9919	-79.9918	-79.9917	-79.9916	-79.9915	-79.9914	-79.9914	-79.9914	-79.9913	-79.9913	-79.9913	-79.9912	-79.9912	-79.9912	-79.9912	-79.9912	-79.9912	-79.9912	-79.9912	-79.9912	-79.9912	-79.9912	-79.9912	-79.9912	-79.9912	-79.9912	-79.9912	-79.9912	-79.9912	-79.9912	-79.9913	-79.9913	-79.9913	-79.9913
0.97	-79.9984	-79.9973	-79.9964	-79.9956	-79.9949	-79.9944	-79.9939	-79.9935	-79.9931	-79.9928	-79.9926	-79.9923	-79.9921	-79.992	-79.9919	-79.9917	-79.9917	-79.9916	-79.9915	-79.9914	-79.9914	-79.9913	-79.9913	-79.9913	-79.9913	-79.9912	-79.9912	-79.9912	-79.9912	-79.9912	-79.9912	-79.9912	-79.9912	-79.9912	-79.9912	-79.9912	-79.9912	-79.9912	-79.9912	-79.9912	-79.9912	-79.9912	-79.9912	-79.9912	-79.9912	-79.9913	-79.9913	-79.9913
0.975	-79.9984	-79.9973	-79.9964	-79.9956	-79.9949	-79.9944	-79.9939	-79.9935	-79.9931	-79.9928	-79.9925	-79.9923	-79.9921	-79.992	-79.9919	-79.9917	-79.9916	-79.9916	-79.9915	-79.9914	-79.9914	-79.9913	-79.9913	-79.9913	-79.9913	-79.9912	-79.9912	-79.9912	-79.9912	-79.9912	-79.9912	-79.9912	-79.9912	-79.9912	-79.9912	-79.9912	-79.9912	-79.9912	-79.9912	-79.9912	-79.9912	-79.9912	-79.9912	-79.9912	-79.9912	-79.9913	-79.9913	-79.9913
0.98	-79.9984	-79.9973	-79.9964	-79.9956	-79.9949	-79.9944	-79.9939	-79.9935	-79.9931	-79.9928	-79.9925	-79.9923	-79.9921	-79.992	-79.9919	-79.9917	-79.9916	-79.9916	-79.9915	-79.9914	-79.9914	-79.9913	-79.9913	-79.9913	-79.9912	-79.9912	-79.9912	-79.9912	-79.9912	-79.9912	-79.9912	-79.9912	-79.9912	-79.9911	-79.9911	-79.9911	-79.9912	-79.9912	-79.9912	-79.9912	-79.9912	-79.9912	-79.9912	-79.9912	-79.9912	-79.9913	-79.9913	-79.9913
0.985	-79.9984	-79.9973	-79.9964	-79.9956	-79.9949	-79.9944	-79.9939	-79.9935	-79.9931	-79.9928	-79.9925	-79.9923	-79.9921	-79.992	-79.9918	-79.9917	-79.9916	-79.9916	-79.9915	-79.9914	-79.9914	-79.9913	-79.9913	-79.9913	-79.9912	-79.9912	-79.9912	-79.9912	-79.9912	-79.9912	-79.9912	-79.9911	-79.9911	-79.9911	-79.9911	-79.9911	-79.9911	-79.9911	-79.9912	-79.9912	-79.9912	-79.9912	-79.9912	-79.9912	-79.9912	-79.9913	-79.9913	-79.9913
0.99	-79.9984	-79.9973	-79.9964	-79.9956	-79.9949	-79.9944	-79.9939	-79.9934	-79.9931	-79.9928	-79.9925	-79.9923	-79.9921	-79.992	-79.9918	-79.9917	-79.9916	-79.9915	-79.9915	-79.9914	-79.9914	-79.9913	-79.9913	-79.9913	-79.9912	-79.9912	-79.9912	-79.9912	-79.9912	-79.9912	-79.9911	-79.9911	-79.9911	-79.9911	-79.9911	-79.9911	-79.9911	-79.9911	-79.9911	-79.9912	-79.9912	-79.9912	-79.9912	-79.9912	-79.9912	-79.9912	-79.9913	-79.9913
0.995	-79.9984	-79.9973	-79.9964	-79.9956	-79.9949	-79.9944	-79.9939	-79.9934	-79.9931	-79.9928	-79.9925	-79.9923	-79.9921	-79.992	-79.9918	-79.9917	-79.9916	-79.9915	-79.9915	-79.9914	-79.9914	-79.9913	-79.9913	-79.9912	-79.9912	-79.9912	-79.9912	-79.9912	-79.9912	-79.9911	-79.9911	-79.9911	-79.9911	-79.9911	-79.9911	-79.9911	-79.9911	-79.9911	-79.9911	-79.9911	-79.9912	-79.9912	-79.9912	-79.9912	-79.9912	-79.9912	-79.9913	-79.9913
1	-79.9984	-79.9973	-79.9964	-79.9956	-79.9949	-79.9943	-79.9939	-79.9934	-79.9931	-79.9928	-79.9925	-79.9923	-79.9921	-79.992	-79.9918	-79.9917	-79.9916	-79.9915	-79.9915	-79.9914	-79.9914	-79.9913	-79.9913	-79.9912	-79.9912	-79.9912	-79.9912	-79.9912	-79.9912	-79.9911	-79.9911	-79.9911	-79.9911	-79.9911	-79.9911	-79.9911	-79.9911	-79.9911	-79.9911	-79.9911	-79.9911	-79.9912	-79.9912	-79.9912	-79.9912	-79.9912	-79.9913	-79.9913
1.005	-13.3333	-41.0434	-57.2347	-66.6954	-72.2233	-75.4532	-77.3404	-78.4429	-79.0871	-79.4634	-79.6832	-79.8116	-79.8865	-79.9302	-79.9558	-79.9706	-79.9793	-79.9843	-79.9873	-79.9889	-79.9899	-79.9905	-79.9908	-79.991	-79.991	-79.9911	-79.9911	-79.9911	-79.9911	-79.9911	-79.9911	-79.9911	-79.9911	-79.9911	-79.9911	-79.9911	-79.9911	-79.9911	-79.9911	-79.9911	-79.9911	-79.9912	-79.9912	-79.9912	-79.9912	-79.9912	-79.9912	-79.9913
1.01	-2.22241	-25.9783	-43.4511	-55.7341	-64.1203	-69.7263	-73.4144	-75.8102	-77.3508	-78.3332	-78.9552	-79.3467	-79.5918	-79.7446	-79.8394	-79.898	-79.9342	-79.9564	-79.97	-79.9783	-79.9834	-79.9865	-79.9883	-79.9895	-79.9901	-79.9905	-79.9908	-79.9909	-79.991	-79.991	-79.9911	-79.9911	-79.9911	-79.9911	-79.9911	-79.9911	-79.9911	-79.9911	-79.9911	-79.9911	-79.9911	-79.9911	-79.9912	-79.9912	-79.9912	-79.9912	-79.9912	-79.9913
1.015	-0.370528	-20.1193	-36.4261	-48.923	-58.1935	-64.9101	-69.6832	-73.0204	-75.3213	-76.8886	-77.9453	-78.651	-79.1186	-79.4261	-79.6271	-79.7577	-79.842	-79.8963	-79.931	-79.9532	-79.9672	-79.9761	-79.9818	-79.9853	-79.9875	-79.9889	-79.9897	-79.9903	-79.9906	-79.9908	-79.9909	-79.991	-79.991	-79.9911	-79.9911	-79.9911	-79.9911	-79.9911	-79.9911	-79.9911	-79.9911	-79.9911	-79.9912	-79.9912	-79.9912	-79.9912	-79.9912	-79.9913
1.02	-0.061827	-16.2953	-31.7621	-44.2468	-53.879	-61.1515	-66.5519	-70.5041	-73.3582	-75.3947	-76.8319	-77.836	-78.5312	-79.0085	-79.3337	-79.5537	-79.7016	-79.8004	-79.866	-79.9094	-79.938	-79.9567	-79.9689	-79.9768	-79.9819	-79.9852	-79.9874	-79.9887	-79.9896	-79.9901	-79.9905	-79.9907	-79.9909	-79.9909	-79.991	-79.991	-79.9911	-79.9911	-79.9911	-79.9911	-79.9911	-79.9911	-79.9911	-79.9912	-79.9912	-79.9912	-79.9912	-79.9913
1.025	-5.7026	-15.8724	-29.2757	-41.2342	-50.8536	-58.344	-64.0756	-68.402	-71.6287	-74.0085	-75.7455	-77.001	-77.9003	-78.539	-78.9889	-79.3036	-79.5221	-79.6728	-79.7762	-79.8467	-79.8945	-79.9268	-79.9484	-79.9629	-79.9725	-79.9789	-79.9831	-79.9859	-79.9877	-79.9889	-79.9897	-79.9902	-79.9905	-79.9907	-79.9908	-79.9909	-79.991	-79.991	-79.9911	-79.9911	-79.9911	-79.9911	-79.9911	-79.9911	-79.9912	-79.9912	-79.9912	-79.9913
1.03	-3.48486	-12.1764	-25.1014	-37.5037	-47.6716	-55.6445	-61.7949	-66.4924	-70.0499	-72.7221	-74.7132	-76.185	-77.2645	-78.0503	-78.6181	-79.0255	-79.3158	-79.5214	-79.6661	-79.7673	-79.8377	-79.8864	-79.92	-79.943	-79.9587	-79.9693	-79.9765	-79.9814	-79.9846	-79.9868	-79.9883	-79.9892	-79.9899	-79.9903	-79.9906	-79.9907	-79.9909	-79.9909	-79.991	-79.991	-79.9911	-79.9911	-79.9911	-79.9911	-79.9912	-79.9912	-79.9912	-79.9912
1.035	-0.0727683	-7.53082	-19.7675	-32.7807	-43.8427	-52.5885	-59.3491	-64.5262	-68.4664	-71.449	-73.6945	-75.3755	-76.6266	-77.5521	-78.2327	-78.7302	-79.0917	-79.3528	-79.5404	-79.6744	-79.7695	-79.8368	-79.8841	-79.9172	-79.9403	-79.9563	-79.9673	-79.9749	-79.9801	-79.9837	-79.9861	-79.9877	-79.9888	-79.9896	-79.9901	-79.9904	-79.9906	-79.9908	-79.9909	-79.991	-79.991	-79.9911	-79.9911	-79.9911	-79.9911	-79.9912	-79.9912	-79.9912
1.04	3.32504	-2.97889	-13.9997	-27.2842	-39.318	-49.0224	-56.5631	-62.3465	-66.755	-70.1014	-72.632	-74.5383	-75.9687	-77.0372	-77.8318	-78.4199	-78.8531	-79.1707	-79.4023	-79.5704	-79.6918	-79.7791	-79.8416	-79.8861	-79.9176	-79.9399	-79.9555	-79.9665	-79.9741	-79.9794	-79.9831	-79.9856	-79.9874	-79.9885	-79.9894	-79.9899	-79.9903	-79.9906	-79.9907	-79.9909	-79.9909	-79.991	-79.9911	-79.9911	-79.9911	-79.9912	-79.9912	-79.9912
1.045	6.35406	1.07543	-8.37278	-21.2894	-34.1493	-44.904	-53.3583	-59.8668	-64.8357	-68.6125	-71.4744	-73.6369	-75.2663	-76.4903	-77.4067	-78.0904	-78.5987	-78.9751	-79.2526	-79.4565	-79.6056	-79.7142	-79.793	-79.8499	-79.8908	-79.9202	-79.9411	-79.956	-79.9665	-79.9739	-79.9791	-79.9828	-79.9854	-79.9871	-79.9884	-79.9892	-79.9898	-79.9902	-79.9905	-79.9907	-79.9908	-79.9909	-79.991	-79.9911	-79.9911	-79.9911	-79.9912	-79.9912
1.05	8.90365	4.49408	-3.3148	-15.1317	-28.4256	-40.2216	-49.6902	-57.0328	-62.6546	-66.9343	-70.1815	-72.6394	-74.4956	-75.8943	-76.9458	-77.7343	-78.3239	-78.7635	-79.0901	-79.3322	-79.5108	-79.6423	-79.7386	-79.809	-79.8602	-79.8973	-79.9241	-79.9435	-79.9573	-79.9672	-79.9742	-79.9792	-79.9828	-79.9853	-79.987	-79.9883	-79.9891	-79.9897	-79.9902	-79.9904	-79.9907	-79.9908	-79.9909	-79.991	-79.991	-79.9911	-79.9911	-79.9912
1.055	10.9618	7.26774	0.955511	-9.22311	-22.3021	-34.9836	-45.5245	-53.8011	-60.169	-65.0279	-68.72	-71.5181	-73.6346	-75.2325	-76.4368	-77.3426	-78.0226	-78.5318	-78.9123	-79.1959	-79.4066	-79.5628	-79.6782	-79.7632	-79.8256	-79.8713	-79.9047	-79.9289	-79.9465	-79.9592	-79.9684	-79.9749	-79.9796	-79.983	-79.9854	-79.9871	-79.9883	-79.9891	-79.9897	-79.9901	-79.9904	-79.9906	-79.9908	-79.9909	-79.991	-79.9911	-79.9911	-79.9911
1.06	12.5611	9.4477	4.40381	-3.95916	-16.0446	-29.2382	-40.8361	-50.1314	-57.3393	-62.8582	-67.0598	-70.2484	-72.6632	-74.489	-75.8672	-76.9061	-77.6879	-78.2753	-78.7157	-79.0453	-79.2915	-79.4748	-79.6112	-79.7122	-79.787	-79.8421	-79.8826	-79.9123	-79.9341	-79.9499	-79.9615	-79.9698	-79.9758	-79.9802	-79.9833	-79.9856	-79.9872	-79.9883	-79.9891	-79.9897	-79.9901	-79.9904	-79.9906	-79.9908	-79.9909	-79.991	-79.991	-79.9911
1.065	13.7512	11.1065	7.09776	0.435099	-10.0321	-23.1092	-35.6187	-45.9858	-54.1251	-60.3896	-65.1711	-68.8057	-71.5617	-73.6479	-75.2248	-76.4152	-77.3126	-77.9883	-78.4963	-78.8775	-79.1632	-79.377	-79.5365	-79.6554	-79.7437	-79.8093	-79.8578	-79.8936	-79.9199	-79.9393	-79.9535	-79.9639	-79.9714	-79.9769	-79.9809	-79.9838	-79.9858	-79.9873	-79.9884	-79.9892	-79.9897	-79.9901	-79.9904	-79.9906	-79.9908	-79.9909	-79.991	-79.991
1.07	14.5857	12.3195	9.14231	3.93338	-4.6612	-16.8364	-29.907	-41.3337	-50.4854	-57.5844	-63.0225	-67.1645	-70.3097	-72.6932	-74.4968	-75.86	-76.8891	-77.6651	-78.2496	-78.6893	-79.0196	-79.2674	-79.4529	-79.5917	-79.6953	-79.7724	-79.8298	-79.8724	-79.9039	-79.9272	-79.9444	-79.957	-79.9663	-79.9731	-79.978	-79.9816	-79.9843	-79.9862	-79.9876	-79.9885	-79.9893	-79.9898	-79.9902	-79.9904	-79.9906	-79.9908	-79.9909	-79.991
1.075	15.1151	13.1558	10.6435	6.6237	-0.177978	-10.7813	-23.8097	-36.1631	-46.3803	-54.4026	-60.5798	-65.2973	-68.8852	-71.6075	-73.6698	-75.23	-76.4092	-77.2995	-77.971	-78.477	-78.8578	-79.144	-79.359	-79.5201	-79.6408	-79.731	-79.7983	-79.8485	-79.8858	-79.9135	-79.934	-79.9492	-79.9604	-79.9687	-79.9747	-79.9792	-79.9824	-79.9848	-79.9865	-79.9878	-79.9887	-79.9894	-79.9899	-79.9902	-79.9905	-79.9906	-79.9908	-79.9908
1.08	15.3847	13.6757	11.6957	8.63126	3.37898	-5.34207	-17.5498	-30.5013	-41.7772	-50.8028	-57.8061	-63.1737	-67.2643	-70.3722	-72.729	-74.5139	-75.8641	-76.8846	-77.6552	-78.2366	-78.6748	-79.0047	-79.2529	-79.4394	-79.5794	-79.6843	-79.7628	-79.8215	-79.8654	-79.898	-79.9223	-79.9403	-79.9537	-79.9636	-79.9709	-79.9763	-79.9803	-79.9832	-79.9853	-79.9869	-79.988	-79.9889	-79.9895	-79.9899	-79.9902	-79.9905	-79.9906	-79.9907
1.085	15.4335	13.9302	12.3777	10.0772	6.09879	-0.784158	-11.475	-24.4469	-36.6606	-46.7443	-54.6614	-60.7602	-65.42	-68.966	-71.6581	-73.6989	-75.2441	-76.413	-77.2965	-77.9637	-78.4672	-78.8468	-79.1328	-79.3481	-79.5099	-79.6315	-79.7227	-79.7911	-79.8422	-79.8804	-79.909	-79.9303	-79.9461	-79.9579	-79.9666	-79.973	-79.9778	-79.9813	-79.9839	-79.9859	-79.9873	-79.9883	-79.989	-79.9896	-79.99	-79.9902	-79.9904	-79.9906
1.09	15.2947	13.9619	12.7545	11.0653	8.1133	2.83605	-5.98261	-18.2092	-31.0526	-42.1929	-51.1041	-58.0199	-63.3225	-67.3655	-70.4389	-72.771	-74.5382	-75.8762	-76.8884	-77.6534	-78.2313	-78.6675	-78.9965	-79.2445	-79.4312	-79.5716	-79.6772	-79.7565	-79.816	-79.8605	-79.8939	-79.9188	-79.9374	-79.9513	-79.9616	-79.9693	-79.975	-79.9792	-79.9823	-79.9846	-79.9864	-79.9876	-79.9885	-79.9892	-79.9897	-79.99	-79.9902	-79.9904
1.095	14.996	13.8058	12.8787	11.6806	9.55066	5.60126	-1.35552	-12.1228	-25.0433	-37.1311	-47.093	-54.9131	-60.9386	-65.5443	-69.0507	-71.7142	-73.7344	-75.265	-76.4238	-77.3003	-77.963	-78.4636	-78.8416	-79.1267	-79.3417	-79.5037	-79.6256	-79.7173	-79.7862	-79.838	-79.8768	-79.9058	-79.9276	-79.9438	-79.956	-79.965	-79.9718	-79.9768	-79.9805	-79.9833	-79.9853	-79.9868	-79.9879	-79.9887	-79.9893	-79.9897	-79.99	-79.9901
1.1	14.5607	13.491	12.7927	11.9909	10.5202	7.64411	2.33094	-6.58336	-18.8298	-31.5766	-42.5932	-51.398	-58.2317	-63.4728	-67.4704	-70.5107	-72.8187	-74.5688	-75.8946	-76.8982	-77.6574	-78.2315	-78.6652	-78.9928	-79.24	-79.4264	-79.5669	-79.6727	-79.7524	-79.8123	-79.8573	-79.891	-79.9164	-79.9353	-79.9495	-79.9602	-79.9681	-79.974	-79.9784	-79.9817	-79.9841	-79.9859	-79.9872	-79.9882	-79.9889	-79.9894	-79.9897	-79.9899
1.105	14.0084	13.0415	12.5312	12.0508	11.1104	9.09607	5.15002	-1.88905	-12.7347	-25.6117	-37.5849	-47.4335	-55.1621	-61.118	-65.6718	-69.14	-71.7755	-73.7754	-75.2915	-76.44	-77.3094	-77.9671	-78.4644	-78.8403	-79.1242	-79.3385	-79.5001	-79.6221	-79.7139	-79.7831	-79.8351	-79.8742	-79.9036	-79.9257	-79.9422	-79.9546	-79.9639	-79.9708	-79.976	-79.9798	-79.9827	-79.9848	-79.9864	-79.9875	-79.9884	-79.989	-79.9893	-79.9896
1.11	13.3553	12.4769	12.1221	11.9037	11.392	10.0699	7.23249	1.86582	-7.15079	-19.4224	-32.0821	-42.9838	-51.6884	-58.4437	-63.6256	-67.5792	-70.5871	-72.8714	-74.6043	-75.9178	-76.9127	-77.6658	-78.2356	-78.6665	-78.9922	-79.2383	-79.4241	-79.5643	-79.6701	-79.7498	-79.8099	-79.8551	-79.8891	-79.9147	-79.9339	-79.9483	-79.9591	-79.9672	-79.9732	-79.9778	-79.9811	-79.9836	-79.9855	-79.9868	-79.9878	-79.9885	-79.9889	-79.9892
1.115	12.6151	11.8137	11.5883	11.5845	11.421	10.6569	8.71148	4.74374	-2.38987	-13.3195	-26.1602	-38.0273	-47.7692	-55.4105	-61.2992	-65.8026	-69.2334	-71.8413	-73.8211	-75.3225	-76.4605	-77.3223	-77.9748	-78.4685	-78.8419	-79.1242	-79.3375	-79.4986	-79.6202	-79.712	-79.7811	-79.8333	-79.8726	-79.9021	-79.9244	-79.9411	-79.9536	-79.963	-79.9701	-79.9754	-79.9793	-79.9822	-79.9844	-79.986	-79.9872	-79.988	-79.9885	-79.9888
1.12	11.7994	11.0657	10.9485	11.1213	11.242	10.9298	9.70213	6.87235	1.43504	-7.69235	-19.9944	-32.5744	-43.3679	-51.9769	-58.6566	-63.781	-67.6916	-70.6675	-72.9283	-74.644	-75.9449	-76.9308	-77.6775	-78.2427	-78.6705	-78.9941	-79.2387	-79.4236	-79.5633	-79.6688	-79.7484	-79.8084	-79.8537	-79.8878	-79.9135	-79.9328	-79.9474	-79.9583	-79.9665	-79.9726	-79.9772	-79.9807	-79.9832	-79.9851	-79.9864	-79.9873	-79.988	-79.9883
1.125	10.918	10.2444	10.2183	10.5371	10.8908	10.9463	10.2981	8.38558	4.37502	-2.86501	-13.8841	-26.6941	-38.4615	-48.1015	-55.6586	-61.4822	-65.9363	-69.3302	-71.9108	-73.8704	-75.3571	-76.4843	-77.3384	-77.9853	-78.4751	-78.8457	-79.1261	-79.3382	-79.4985	-79.6196	-79.7111	-79.7801	-79.8322	-79.8715	-79.9012	-79.9235	-79.9403	-79.9529	-79.9624	-79.9695	-79.9749	-79.9788	-79.9818	-79.984	-79.9855	-79.9866	-79.9874	-79.9877
1.13	9.97951	9.35953	9.41055	9.85052	10.396	10.7522	10.574	9.40051	6.55391	1.03122	-8.21477	-20.5513	-33.057	-43.7471	-52.264	-58.8703	-63.9386	-67.8069	-70.7512	-72.9885	-74.6869	-75.9751	-76.9517	-77.6917	-78.2522	-78.6766	-78.9977	-79.2407	-79.4245	-79.5635	-79.6685	-79.7478	-79.8077	-79.8529	-79.887	-79.9128	-79.9322	-79.9467	-79.9577	-79.966	-79.9721	-79.9768	-79.9802	-79.9827	-79.9846	-79.9858	-79.9867	-79.9871
1.135	8.99117	8.41955	8.53616	9.07693	9.78073	10.3839	10.5889	10.0128	8.10597	4.03559	-3.32114	-14.4342	-27.217	-38.8895	-48.4312	-55.9066	-61.6666	-66.0723	-69.4298	-71.9832	-73.9227	-75.3945	-76.5107	-77.3569	-77.998	-78.4836	-78.8513	-79.1296	-79.3402	-79.4995	-79.6199	-79.711	-79.7798	-79.8317	-79.871	-79.9006	-79.9229	-79.9397	-79.9524	-79.9619	-79.9691	-79.9744	-79.9784	-79.9813	-79.9834	-79.9849	-79.9859	-79.9864
1.14	7.95941	7.43167	7.60432	8.22917	9.06411	9.87077	10.3896	10.2988	9.14993	6.26766	0.647451	-8.72357	-21.097	-33.532	-44.1226	-52.5499	-59.0847	-64.0978	-67.9244	-70.8373	-73.0513	-74.7323	-76.0077	-76.9749	-77.708	-78.2635	-78.6842	-79.0028	-79.2439	-79.4264	-79.5645	-79.6689	-79.7479	-79.8075	-79.8526	-79.8866	-79.9123	-79.9317	-79.9463	-79.9573	-79.9655	-79.9717	-79.9763	-79.9797	-79.9821	-79.9838	-79.9849	-79.9855
1.145	6.88986	6.4022	6.6229	7.31799	8.26171	9.23664	10.0136	10.3189	9.78335	7.8617	3.71804	-3.76385	-14.9739	-27.7316	-39.3123	-48.7587	-56.1544	-61.8519	-66.2099	-69.5314	-72.0579	-73.9772	-75.434	-76.5392	-77.3772	-78.0123	-78.4936	-78.8581	-79.1342	-79.3431	-79.5013	-79.621	-79.7115	-79.7799	-79.8317	-79.8707	-79.9003	-79.9225	-79.9393	-79.952	-79.9615	-79.9686	-79.9739	-79.9778	-79.9806	-79.9826	-79.9839	-79.9846
1.15	5.78755	5.3367	5.59871	6.35247	7.38648	8.50084	9.49099	10.1211	10.0841	8.93797	6.0055	0.277936	-9.22307	-21.6343	-34.0009	-44.4947	-52.8347	-59.2993	-64.2582	-68.0435	-70.9254	-73.1161	-74.7797	-76.0422	-76.9998	-77.7258	-78.2761	-78.6931	-79.0089	-79.2481	-79.4292	-79.5662	-79.67	-79.7484	-79.8078	-79.8526	-79.8865	-79.9121	-79.9314	-79.9459	-79.9569	-79.9651	-79.9712	-79.9757	-79.979	-79.9812	-79.9827	-79.9835
1.155	4.65697	4.24009	4.53771	5.34043	6.44931	7.67931	8.84596	9.74372	10.1141	9.59581	7.64389	3.41626	-4.19764	-15.5062	-28.2396	-39.7309	-49.084	-56.4016	-62.0377	-66.3487	-69.6346	-72.1342	-74.0334	-75.4752	-76.5692	-77.3989	-78.028	-78.5047	-78.866	-79.1396	-79.3469	-79.5038	-79.6226	-79.7125	-79.7805	-79.8319	-79.8708	-79.9002	-79.9223	-79.939	-79.9516	-79.961	-79.9681	-79.9733	-79.977	-79.9796	-79.9813	-79.9822
1.16	3.50223	3.1168	3.44515	4.28858	5.45939	6.78527	8.09837	9.21742	9.92227	9.91471	8.7549	5.76093	-0.0819718	-9.71656	-22.1653	-34.4648	-44.8638	-53.1182	-59.5137	-64.4192	-68.1637	-71.0148	-73.1823	-74.8285	-76.078	-77.026	-77.7448	-78.2898	-78.7029	-79.0159	-79.253	-79.4325	-79.5685	-79.6714	-79.7494	-79.8083	-79.8529	-79.8865	-79.912	-79.9312	-79.9456	-79.9564	-79.9645	-79.9705	-79.9748	-79.9778	-79.9798	-79.9808
1.165	2.32703	1.97084	2.32569	3.2028	4.42459	5.82982	7.2645	8.56706	9.54776	9.95778	9.4396	7.44558	3.12541	-4.626	-16.0334	-28.7422	-40.1456	-49.4073	-56.6481	-62.2237	-66.4882	-69.7388	-72.2117	-74.0908	-75.5177	-76.6004	-77.4218	-78.0446	-78.5168	-78.8746	-79.1458	-79.3512	-79.5068	-79.6246	-79.7138	-79.7813	-79.8324	-79.871	-79.9002	-79.9222	-79.9388	-79.9512	-79.9605	-79.9673	-79.9723	-79.9757	-79.978	-79.9792
1.17	1.1348	0.80586	1.18354	2.08828	3.35171	4.82233	6.35787	7.8129	9.02197	9.7751	9.77903	8.59324	5.52887	-0.435911	-10.2065	-22.6915	-34.9242	-45.23	-53.4002	-59.7278	-64.5804	-68.2846	-71.1051	-73.2495	-74.8784	-76.1149	-77.0531	-77.7648	-78.3044	-78.7134	-79.0235	-79.2584	-79.4364	-79.5712	-79.6733	-79.7505	-79.809	-79.8533	-79.8867	-79.9119	-79.9309	-79.9452	-79.9558	-79.9637	-79.9694	-79.9734	-79.9759	-79.9773
1.175	-0.0713087	-0.374801	0.022496	0.949627	2.24668	3.7708	5.38981	6.97159	8.37027	9.40661	9.83761	9.30667	7.2614	2.84173	-5.05159	-16.5572	-29.2403	-40.5567	-49.7284	-56.8935	-62.4095	-66.628	-69.8436	-72.29	-74.1492	-75.561	-76.6325	-77.4454	-78.062	-78.5295	-78.8839	-79.1525	-79.356	-79.5102	-79.627	-79.7154	-79.7824	-79.833	-79.8713	-79.9002	-79.922	-79.9383	-79.9506	-79.9596	-79.9661	-79.9707	-79.9736	-79.9752
1.18	-1.28836	-1.56805	-1.15398	-0.209033	1.1147	2.68217	4.3699	6.05694	7.61336	8.88436	9.66643	9.66849	8.44727	5.30538	-0.786701	-10.6948	-23.2138	-35.3796	-45.5934	-53.6806	-59.9411	-64.7416	-68.4058	-71.196	-73.3174	-74.9291	-76.1526	-77.081	-77.7854	-78.3195	-78.7245	-79.0316	-79.2643	-79.4406	-79.5742	-79.6753	-79.7519	-79.8099	-79.8537	-79.8868	-79.9118	-79.9305	-79.9445	-79.9549	-79.9623	-79.9676	-79.9709	-79.9727
1.185	-2.51361	-2.77103	-2.34272	-1.38396	-0.0395827	1.56245	3.30632	5.08053	6.76823	8.23426	9.30627	9.74439	9.19097	7.08721	2.56227	-5.47645	-17.0787	-29.7345	-40.9645	-50.0474	-57.1378	-62.5947	-66.7678	-69.9487	-72.3688	-74.2081	-75.605	-76.6652	-77.4697	-78.0799	-78.5427	-78.8936	-79.1595	-79.3611	-79.5139	-79.6296	-79.7172	-79.7835	-79.8337	-79.8716	-79.9001	-79.9216	-79.9376	-79.9495	-79.9581	-79.964	-79.9679	-79.9699
1.19	-3.74453	-3.98108	-3.54078	-2.57176	-1.21203	0.416926	2.20611	4.05214	5.84898	7.47741	8.78982	9.58651	9.57665	8.31266	5.08744	-1.13652	-11.1827	-23.733	-35.8313	-45.9541	-53.9592	-60.1535	-64.9024	-68.5271	-71.2871	-73.3858	-74.9802	-76.1908	-77.1095	-77.8065	-78.3352	-78.7361	-79.04	-79.2704	-79.445	-79.5773	-79.6775	-79.7534	-79.8108	-79.8541	-79.8868	-79.9114	-79.9298	-79.9433	-79.9531	-79.96	-79.9644	-79.9667
1.195	-4.97874	-5.19571	-4.74547	-3.76932	-2.39891	-0.749698	1.07542	2.98011	4.86744	6.63117	8.14351	9.23644	9.67131	9.0879	6.91985	2.28476	-5.90211	-17.5987	-30.225	-41.369	-50.364	-57.3806	-62.7793	-66.9073	-70.0538	-72.4479	-74.2674	-75.6494	-76.6984	-77.4944	-78.0983	-78.5563	-78.9036	-79.1669	-79.3664	-79.5177	-79.6322	-79.719	-79.7846	-79.8342	-79.8717	-79.8998	-79.9208	-79.9363	-79.9475	-79.9554	-79.9604	-79.9631
1.2	-6.21399	-6.41263	-5.95427	-4.9738	-3.59682	-1.93324	-0.0803668	1.87163	3.83357	5.70992	7.38887	8.72751	9.52812	9.49866	8.18609	4.87268	-1.48703	-11.6712	-24.2496	-36.2795	-46.3119	-54.236	-60.3647	-65.0626	-68.6481	-71.3783	-73.4544	-75.0317	-76.2293	-77.1383	-77.8279	-78.3511	-78.7479	-79.0487	-79.2768	-79.4496	-79.5806	-79.6797	-79.7548	-79.8115	-79.8543	-79.8865	-79.9105	-79.9283	-79.9412	-79.9501	-79.9559	-79.959
1.205	-7.44822	-7.62968	-7.16487	-6.18258	-4.8027	-3.12993	-1.25649	0.732955	2.75589	4.72569	6.54357	8.08667	9.18949	9.61323	8.99398	6.75689	2.00745	-6.32972	-18.1178	-30.7123	-41.7703	-50.6782	-57.6218	-62.9629	-67.0464	-70.1588	-72.527	-74.3269	-75.694	-76.7318	-77.5194	-78.1169	-78.5701	-78.9138	-79.1744	-79.3719	-79.5216	-79.6349	-79.7207	-79.7856	-79.8345	-79.8713	-79.8988	-79.9191	-79.9339	-79.9441	-79.9507	-79.9542
1.21	-8.67948	-8.84485	-8.3751	-7.39322	-6.01372	-4.33637	-2.4487	-0.430432	1.64171	3.68866	5.62227	7.33584	8.68941	9.48586	9.43085	8.06503	4.65928	-1.83954	-12.161	-24.7637	-36.7243	-46.6668	-54.5107	-60.5747	-65.222	-68.7688	-71.4694	-73.523	-75.0832	-76.268	-77.1673	-77.8496	-78.3672	-78.7598	-79.0575	-79.2832	-79.4542	-79.5838	-79.6819	-79.756	-79.8119	-79.854	-79.8854	-79.9087	-79.9255	-79.9373	-79.9448	-79.9488
1.215	-9.90598	-10.0563	-9.58297	-8.60352	-7.2273	-5.54947	-3.65319	-1.61369	0.497413	2.60748	4.63724	6.49306	8.05532	9.15975	9.56631	8.90657	6.59644	1.72896	-6.76014	-18.6364	-31.1965	-42.1683	-50.9899	-57.8614	-63.1453	-67.1848	-70.2635	-72.6059	-74.3864	-75.7387	-76.7654	-77.5445	-78.1357	-78.5841	-78.9241	-79.182	-79.3774	-79.5254	-79.6375	-79.7222	-79.7861	-79.8342	-79.8702	-79.8968	-79.916	-79.9294	-79.9381	-79.9426
1.22	-11.126	-11.2622	-10.7866	-9.8114	-8.44107	-6.76642	-4.86653	-2.81252	-0.671439	1.48962	3.59881	5.57322	7.30957	8.66955	9.45565	9.37044	7.94751	4.44581	-2.19505	-12.6526	-25.2757	-37.1658	-47.0189	-54.7833	-60.7832	-65.3805	-68.8888	-71.5601	-73.5914	-75.1348	-76.3067	-77.1963	-77.8714	-78.3835	-78.7719	-79.0664	-79.2896	-79.4587	-79.5868	-79.6836	-79.7567	-79.8117	-79.8528	-79.8831	-79.9052	-79.9205	-79.9304	-79.9356
1.225	-12.3381	-12.4612	-11.9844	-11.015	-9.65287	-7.98467	-6.08563	-4.02306	-1.85993	0.341544	2.51582	4.58882	6.4705	8.04322	9.14293	9.52761	8.82361	6.43703	1.4482	-7.19399	-19.1546	-31.6776	-42.5632	-51.2992	-58.0991	-63.3266	-67.3223	-70.3676	-72.6846	-74.4457	-75.7834	-76.7989	-77.5697	-78.1545	-78.598	-78.9344	-79.1894	-79.3826	-79.5289	-79.6396	-79.7231	-79.7859	-79.8329	-79.8676	-79.8927	-79.9103	-79.9216	-79.9275
1.23	-13.5408	-13.6515	-13.1746	-12.2125	-10.8607	-9.20187	-7.30766	-5.24186	-3.0637	-0.83109	1.39582	3.55037	5.55329	7.30352	8.66345	9.43443	9.3153	7.83202	4.23115	-2.55433	-13.1462	-25.7856	-37.6039	-47.3681	-55.0537	-60.9901	-65.5379	-69.0082	-71.6504	-73.6596	-75.1862	-76.3454	-77.2254	-77.8931	-78.3996	-78.7838	-79.0751	-79.2958	-79.4629	-79.5893	-79.6847	-79.7565	-79.8102	-79.8498	-79.8786	-79.8986	-79.9116	-79.9183
1.235	-14.7328	-14.8321	-14.356	-13.4025	-12.0628	-10.4159	-8.53009	-6.46579	-4.27884	-2.0233	0.245404	2.46684	4.57063	6.4691	8.04568	9.13582	9.4949	8.74354	6.27749	1.16431	-7.63172	-19.6727	-32.1556	-42.9548	-51.6058	-58.3349	-63.5065	-67.459	-70.4711	-72.7629	-74.5048	-75.8279	-76.8324	-77.5948	-78.1732	-78.6119	-78.9445	-79.1966	-79.3875	-79.5319	-79.6409	-79.7229	-79.7842	-79.8296	-79.8624	-79.8853	-79.9001	-79.9078
1.24	-15.9129	-16.0016	-15.5271	-14.5834	-13.2575	-11.6249	-9.75058	-7.69204	-5.50186	-3.23065	-0.929696	1.34591	3.53321	5.55541	7.31279	8.66773	9.41986	9.26379	7.71736	4.0144	-2.91797	-13.642	-26.2935	-38.0388	-47.7142	-55.3218	-61.1953	-65.6942	-69.1267	-71.7402	-73.7274	-75.2374	-76.3839	-77.2543	-77.9147	-78.4156	-78.7955	-79.0834	-79.3014	-79.4664	-79.5909	-79.6846	-79.7546	-79.8064	-79.844	-79.8702	-79.887	-79.8958
1.245	-17.0802	-17.1589	-16.6869	-15.7539	-14.4432	-12.8269	-10.9671	-8.91804	-6.72962	-4.44921	-2.12442	0.194271	2.45013	4.57535	6.48376	8.05917	9.13596	9.46646	8.66512	6.11693	0.876628	-8.07365	-20.1905	-32.6306	-43.3432	-51.9097	-58.5687	-63.6849	-67.5946	-70.5739	-72.8407	-74.5635	-75.8721	-76.8656	-77.6196	-78.1916	-78.6254	-78.9542	-79.2032	-79.3916	-79.5338	-79.6408	-79.7208	-79.78	-79.8229	-79.8528	-79.8721	-79.8821
1.25	-18.2336	-18.3031	-17.8343	-16.9129	-15.6187	-14.0206	-12.1776	-10.1415	-7.95928	-5.67545	-3.3343	-0.98227	1.32921	3.53977	5.5743	7.3337	8.67982	9.41015	9.21462	7.6026	3.79485	-3.28643	-14.1401	-26.7993	-38.4702	-48.0574	-55.5875	-61.3988	-65.8491	-69.2444	-71.8293	-73.7948	-75.2881	-76.4221	-77.2828	-77.9359	-78.4312	-78.8066	-79.091	-79.3062	-79.4686	-79.5909	-79.6822	-79.7498	-79.7988	-79.833	-79.855	-79.8665
1.255	-19.3724	-19.4333	-18.9683	-18.0593	-16.7827	-15.2043	-13.3805	-11.3603	-9.18828	-6.90619	-4.55535	-2.17859	0.177203	2.45792	4.5975	6.51064	8.08099	9.14148	9.44098	8.58739	5.95459	0.584603	-8.51996	-20.7081	-33.1026	-43.7282	-52.2109	-58.8003	-63.8617	-67.729	-70.6759	-72.9178	-74.6217	-75.9159	-76.8984	-77.644	-78.2095	-78.6382	-78.963	-79.2087	-79.3942	-79.5338	-79.6382	-79.7154	-79.7714	-79.8104	-79.8355	-79.8486
1.26	-20.4958	-20.5488	-20.0881	-19.1923	-17.9343	-16.377	-14.5742	-12.5726	-10.4143	-8.1386	-5.78399	-3.39016	-0.999984	1.33772	3.5644	5.60595	7.36344	8.69778	9.4039	9.16681	7.487	3.57193	-3.66006	-14.6405	-27.303	-38.8983	-48.3975	-55.8508	-61.6004	-66.0027	-69.3609	-71.9175	-73.8615	-75.3384	-76.4598	-77.3109	-77.9565	-78.446	-78.8168	-79.0974	-79.3093	-79.4687	-79.5879	-79.6761	-79.74	-79.7846	-79.8133	-79.8282
1.265	-21.6033	-21.6489	-21.1931	-20.311	-19.0723	-17.5373	-15.7573	-13.7768	-11.6353	-9.37009	-7.01704	-4.61295	-2.19717	0.186022	2.48437	4.63294	6.54682	8.10911	9.15093	9.4174	8.50958	5.7899	0.287806	-8.97077	-21.2253	-33.5714	-44.11	-52.5093	-59.0299	-64.037	-67.8623	-70.7769	-72.9942	-74.6793	-75.9591	-76.9306	-77.6677	-78.2265	-78.6499	-78.9703	-79.2123	-79.3943	-79.5305	-79.6312	-79.7042	-79.7551	-79.7879	-79.805
1.27	-22.6943	-22.7331	-22.2826	-21.4147	-20.1961	-18.6844	-16.9287	-14.9712	-12.8495	-10.5984	-8.25163	-5.84336	-3.40978	-0.991196	1.36545	3.60282	5.64736	7.3999	8.72008	9.40005	9.11956	7.36995	3.34516	-4.03911	-15.1431	-27.8044	-39.3229	-48.7344	-56.1116	-61.8001	-66.1548	-69.4764	-72.0049	-73.9274	-75.3878	-76.4966	-77.338	-77.976	-78.4595	-78.8253	-79.1016	-79.3095	-79.465	-79.58	-79.6633	-79.7215	-79.7589	-79.7784
1.275	-23.7684	-23.801	-23.3562	-22.5028	-21.3049	-19.8174	-18.0872	-16.1546	-14.055	-11.8214	-9.48518	-7.07817	-4.63373	-2.18869	0.21458	2.52508	4.67856	6.5901	8.14196	9.16319	9.39494	8.4311	5.62238	-0.0141022	-9.4261	-21.7421	-34.0371	-44.4883	-52.8048	-59.2571	-64.2104	-67.9941	-70.8767	-73.0695	-74.7359	-76.0014	-76.9617	-77.6901	-78.242	-78.6597	-78.9752	-79.2126	-79.3901	-79.5215	-79.6167	-79.6831	-79.7258	-79.7481
1.28	-24.8253	-24.8521	-24.4134	-23.5749	-22.3981	-20.9355	-19.232	-17.3257	-15.2505	-13.0372	-10.7154	-8.3145	-5.8654	-3.40183	-0.962188	1.40788	3.6518	5.69621	7.44142	8.74556	9.39777	9.07227	7.25098	3.11416	-4.42374	-15.6477	-28.3036	-39.7441	-49.0681	-56.3698	-61.9977	-66.3052	-69.5904	-72.0911	-73.9922	-75.4362	-76.5323	-77.3637	-77.9938	-78.4707	-78.8309	-79.1019	-79.3047	-79.4547	-79.5634	-79.6392	-79.688	-79.7135
1.285	-25.8648	-25.8862	-25.4539	-24.6306	-23.4752	-22.0382	-20.3621	-18.4836	-16.4346	-14.2442	-11.9401	-9.54974	-7.10154	-4.6265	-2.15955	0.258242	2.57672	4.73195	6.63876	8.17832	9.17741	9.37295	8.35145	5.45165	-0.321385	-9.88591	-22.2583	-34.4995	-44.8631	-53.0974	-59.482	-64.3819	-68.1243	-70.9752	-73.1436	-74.7913	-76.0422	-76.9912	-77.7105	-78.2549	-78.6662	-78.9757	-79.2072	-79.3784	-79.5026	-79.5892	-79.6449	-79.6739
1.29	-26.8866	-26.9032	-26.4774	-25.6695	-24.5359	-23.1248	-21.477	-19.6274	-17.6062	-15.441	-13.1576	-10.7816	-8.33924	-5.85903	-3.37282	-0.917703	1.46158	3.70888	5.75074	7.48675	8.77333	9.39638	9.02444	7.1297	2.87865	-4.81405	-16.1542	-28.8002	-40.1616	-49.3985	-56.6252	-62.1931	-66.4538	-69.7029	-72.1758	-74.0554	-75.4829	-76.566	-77.3871	-78.0086	-78.4781	-78.8315	-79.0958	-79.2914	-79.4331	-79.532	-79.5956	-79.6288
1.295	-27.8907	-27.9028	-27.4838	-26.6915	-25.5798	-24.1949	-22.576	-20.7562	-18.7643	-16.6262	-14.3662	-12.0079	-9.57589	-7.09615	-4.59785	-2.11459	0.313494	2.63675	4.79131	6.69151	8.21726	9.19289	9.35093	8.27027	5.27739	-0.63423	-10.3501	-22.7737	-34.9584	-45.2343	-53.3868	-59.7042	-64.5513	-68.2527	-71.0719	-73.216	-74.8447	-76.0808	-77.018	-77.7275	-78.2634	-78.6669	-78.9687	-79.192	-79.3539	-79.4668	-79.5394	-79.5773
1.3	-28.877	-28.885	-28.473	-27.6964	-26.6067	-25.2483	-23.6587	-21.8695	-19.908	-17.7987	-15.5643	-13.2269	-10.8091	-8.33493	-5.83093	-3.32769	-0.861332	1.52394	3.77217	5.80962	7.53493	8.80268	9.39539	8.97569	7.00582	2.63839	-5.21006	-16.6623	-29.2942	-40.5753	-49.7254	-56.8776	-62.386	-66.6002	-69.8133	-72.2584	-74.1165	-75.5271	-76.5967	-77.4065	-78.0184	-78.479	-78.8236	-79.0785	-79.2633	-79.3923	-79.4752	-79.5184
1.305	-29.8455	-29.8497	-29.4449	-28.684	-27.6164	-26.2847	-24.7247	-22.9666	-21.0365	-18.9574	-16.7507	-14.4369	-12.0369	-9.57274	-7.06877	-4.55279	-2.05747	0.377666	2.70324	4.85524	6.74734	8.25806	9.20912	9.32849	8.18723	5.09938	-0.952746	-10.8184	-23.2879	-35.4137	-45.6017	-53.6729	-59.9236	-64.7181	-68.3787	-71.1663	-73.2858	-74.8952	-76.1158	-77.0402	-77.7387	-78.2645	-78.6579	-78.949	-79.16	-79.3072	-79.4019	-79.4512
1.31	-30.7963	-30.7971	-30.3996	-29.6544	-28.6089	-27.3039	-25.7738	-24.0473	-22.1493	-20.1017	-17.9244	-15.6365	-13.2574	-10.8072	-8.3084	-5.78618	-3.27015	-0.795807	1.59299	3.84025	5.87179	7.58521	8.83308	9.3944	8.92572	6.87909	2.39323	-5.61167	-17.1716	-29.7852	-40.985	-50.0485	-57.1267	-62.5759	-66.7438	-69.921	-72.3381	-74.1742	-75.5671	-76.6221	-77.4194	-78.0197	-78.4688	-78.8011	-79.042	-79.2101	-79.3182	-79.3745
1.315	-31.7294	-31.7271	-31.337	-30.6075	-29.5841	-28.3058	-26.8056	-25.1111	-23.2459	-21.2306	-19.0842	-16.8243	-14.4688	-12.0363	-9.54717	-7.02451	-4.49512	-1.99099	0.448721	2.7747	4.92266	6.80548	8.30016	9.22569	9.30534	8.10214	4.91745	-1.27695	-11.2905	-23.8005	-35.865	-45.9648	-53.9551	-60.1396	-64.8818	-68.5015	-71.2572	-73.3516	-74.9409	-76.145	-77.0549	-77.7402	-78.2528	-78.6322	-78.9073	-79.0992	-79.2226	-79.287
1.32	-32.645	-32.6399	-32.2572	-31.5434	-30.5419	-29.2904	-27.8202	-26.1578	-24.3258	-22.3438	-20.2294	-17.9992	-15.6697	-13.258	-10.7827	-8.2648	-5.7286	-3.20304	-0.723209	1.66719	3.91199	5.93646	7.637	8.8641	9.39311	8.87432	6.74939	2.14313	-6.01867	-17.6816	-30.2726	-41.3901	-50.3673	-57.3719	-62.7622	-66.8838	-70.0248	-72.4133	-74.2264	-75.6004	-76.639	-77.4211	-78.0064	-78.4395	-78.7535	-78.9726	-79.1135	-79.187
1.325	-33.5433	-33.5356	-33.1605	-32.4622	-31.4826	-30.2576	-28.8173	-27.1872	-25.3887	-23.4405	-21.3592	-19.1603	-16.8589	-14.4708	-12.0129	-9.50438	-6.96725	-4.42769	-1.91726	0.525104	2.85	4.99274	6.86533	8.34313	9.2423	9.28127	8.01485	4.73157	-1.6067	-11.7659	-24.311	-36.3117	-46.3232	-54.2329	-60.3513	-65.0412	-68.6197	-71.343	-73.4112	-74.9789	-76.1642	-77.0569	-77.725	-78.2194	-78.578	-78.8281	-78.9889	-79.0728
1.33	-34.4244	-34.4144	-34.0468	-33.3641	-32.4061	-31.2075	-29.797	-28.1992	-26.4345	-24.5206	-22.4732	-20.3067	-18.0353	-15.6732	-13.2359	-10.7409	-8.20805	-5.66112	-3.12853	-0.64513	1.74538	3.98657	6.00301	7.68988	8.89544	9.39131	8.82136	6.61665	1.88816	-6.43064	-18.1916	-30.7559	-41.79	-50.6809	-57.6122	-62.9435	-67.0185	-70.1225	-72.4812	-74.2698	-75.6223	-76.6412	-77.4038	-77.9682	-78.3775	-78.663	-78.8467	-78.9424
1.335	-35.2885	-35.2764	-34.9165	-34.2491	-33.3127	-32.1402	-30.7594	-29.1938	-27.4629	-25.5836	-23.5707	-21.4378	-19.1977	-16.8638	-14.45	-11.9721	-9.4483	-6.89994	-4.35272	-1.8379	0.605621	2.92828	5.06488	6.92645	8.38665	9.25874	9.25616	7.92533	4.54181	-1.94168	-12.2438	-24.8183	-36.7528	-46.6757	-54.5049	-60.5573	-65.1945	-68.7311	-71.4205	-73.4606	-75.0039	-76.1667	-77.0371	-77.6814	-78.1486	-78.4746	-78.6843	-78.7936
1.34	-36.1359	-36.1219	-35.7696	-35.1176	-34.2024	-33.0558	-31.7045	-30.1709	-28.4738	-26.6294	-24.6515	-22.5529	-20.3455	-18.0415	-15.6537	-13.1962	-10.6856	-8.14112	-5.58596	-3.04827	-0.562784	1.82668	4.06333	6.07099	7.74352	8.9269	9.38889	8.76682	6.48099	1.62863	-6.84682	-18.7005	-31.2337	-42.1833	-50.988	-57.8458	-63.1177	-67.1452	-70.2107	-72.5375	-74.2982	-75.6251	-76.6185	-77.3539	-77.8873	-78.2595	-78.4988	-78.6236
1.345	-36.9667	-36.9511	-36.6065	-35.9695	-35.0754	-33.9544	-32.6324	-31.1306	-29.4673	-27.6578	-25.7152	-23.6516	-21.478	-19.2055	-16.8457	-14.4115	-11.9178	-9.38193	-6.82484	-4.27187	-1.75416	0.689364	3.00886	5.13858	6.9885	8.43053	9.27491	9.23	7.8337	4.34847	-2.28121	-12.7228	-25.321	-37.1869	-47.0206	-54.7692	-60.755	-65.3385	-68.8314	-71.4844	-73.4929	-75.007	-76.1407	-76.9801	-77.589	-78.0138	-78.2871	-78.4296
1.35	-37.7813	-37.7643	-37.4272	-36.8052	-35.9319	-34.8363	-33.5432	-32.0731	-30.4434	-28.6687	-26.7617	-24.7335	-22.5944	-20.3547	-18.0249	-15.6165	-13.143	-10.62	-8.06629	-5.50481	-2.96351	-0.4771	1.91041	4.14179	6.14007	7.79771	8.95837	9.38586	8.71086	6.34273	1.3652	-7.26594	-19.2062	-31.7041	-42.568	-51.2859	-58.0698	-63.2812	-67.2592	-70.2834	-72.5741	-74.3015	-75.5953	-76.5534	-77.2484	-77.7333	-78.0452	-78.2079
1.355	-38.5798	-38.5615	-38.2321	-37.6249	-36.7721	-35.7017	-34.4371	-32.9984	-31.402	-29.6621	-27.7907	-25.7983	-23.6945	-21.4887	-19.1903	-16.8099	-14.3595	-11.853	-9.30757	-6.74365	-4.18642	-1.66697	0.775644	3.09127	5.21351	7.05129	8.47466	9.29082	9.20297	7.74033	4.15223	-2.62403	-13.201	-25.8166	-37.6111	-47.3549	-55.0222	-60.9402	-65.4678	-68.9138	-71.5259	-73.4965	-74.9728	-76.0661	-76.8595	-77.4131	-77.7691	-77.9549
1.36	-39.3626	-39.3432	-39.0213	-38.4288	-37.5963	-36.5506	-35.3143	-33.9066	-32.3434	-30.6381	-28.8023	-26.8459	-24.7778	-22.6067	-20.3411	-17.9906	-15.5657	-13.0792	-10.5462	-7.98528	-5.41897	-2.8752	-0.388778	1.99607	4.22161	6.21003	7.85237	8.98989	9.38241	8.65385	6.20257	1.0991	-7.68579	-19.706	-32.1638	-42.9403	-51.5706	-58.279	-63.4275	-67.3525	-70.3302	-72.5777	-74.2622	-75.5099	-76.4154	-77.0473	-77.4538	-77.6658
1.365	-40.1298	-40.1095	-39.7952	-39.2172	-38.4047	-37.3834	-36.1751	-34.798	-33.2676	-31.5967	-29.7964	-27.876	-25.844	-23.7083	-21.4766	-19.1575	-16.7604	-14.2968	-11.7801	-9.22695	-6.65768	-4.09734	-1.57705	0.863955	3.17515	5.28948	7.11473	8.51911	9.3067	9.17548	7.64595	3.95436	-2.96791	-13.6748	-26.3008	-38.0209	-47.6734	-55.2578	-61.1053	-65.573	-68.9664	-71.5294	-73.451	-74.8749	-75.9083	-76.6296	-77.0937	-77.3357
1.37	-40.8819	-40.8608	-40.5539	-39.9902	-39.1975	-38.2003	-37.0195	-35.6727	-34.1748	-32.538	-30.773	-28.8887	-26.893	-24.7931	-22.5962	-20.3098	-17.9425	-15.5043	-13.0072	-10.4662	-7.89941	-5.32942	-2.78408	-0.298331	2.0833	4.30259	6.28081	7.90756	9.0217	9.37899	8.59659	6.06186	0.832619	-8.10261	-20.1946	-32.607	-43.2938	-51.8346	-58.4647	-63.5458	-67.4112	-70.3332	-72.5252	-74.1499	-75.3293	-76.1526	-76.6823	-76.9586
1.375	-41.6189	-41.5971	-41.2978	-40.7481	-39.9749	-39.0014	-37.8478	-36.531	-35.0651	-33.4622	-31.7323	-29.8839	-27.9246	-25.8609	-23.6994	-21.4469	-19.1109	-16.7003	-14.2258	-11.7008	-9.14139	-6.56792	-4.00536	-1.48492	0.953948	3.26031	5.3664	7.1789	8.56412	9.32303	9.14838	7.55196	3.75721	-3.30896	-14.1384	-26.7668	-38.4087	-47.9673	-55.4656	-61.2377	-65.6382	-68.9685	-71.4684	-73.322	-74.668	-75.6077	-76.2124	-76.5279
1.38	-42.3412	-42.3189	-42.0269	-41.4912	-40.7372	-39.7871	-38.6603	-37.373	-35.9389	-34.3694	-32.6743	-30.8617	-28.9387	-26.9114	-24.7858	-22.5681	-20.2647	-17.8837	-15.4345	-12.9287	-10.3811	-7.80969	-5.23689	-2.69066	-0.206108	2.17193	4.38467	6.35251	7.96357	9.05432	9.37651	8.54056	5.923	0.56976	-8.50997	-20.6636	-33.0242	-43.618	-52.0656	-58.6118	-63.6175	-67.4116	-70.262	-72.3767	-73.9127	-74.9853	-75.6755	-76.0357
1.385	-43.0491	-43.0264	-42.7417	-42.2198	-41.4846	-40.5576	-39.4572	-38.199	-36.7962	-35.2598	-33.5992	-31.8221	-29.9353	-27.9445	-25.8553	-23.6729	-21.4034	-19.0535	-16.6318	-14.1484	-11.6164	-9.05191	-6.47511	-3.911	-1.39092	1.04543	3.3467	5.44442	7.24412	8.61027	9.34077	9.12324	7.4609	3.56491	-3.64039	-14.5818	-27.2027	-38.761	-48.2216	-55.6277	-61.3155	-65.6357	-68.885	-71.2971	-73.0498	-74.274	-75.062	-75.4732
1.39	-43.7427	-43.7197	-43.4424	-42.9339	-42.2174	-41.3131	-40.2387	-39.0092	-37.6373	-36.1336	-34.5071	-32.7653	-30.9145	-28.9603	-26.9075	-24.761	-22.5262	-20.2089	-17.8165	-15.3581	-12.8452	-10.2921	-7.71684	-5.1419	-2.59529	-0.112287	2.26192	4.468	6.42547	8.02103	9.0888	9.37663	8.48841	5.79031	0.317571	-8.89684	-21.0987	-33.399	-43.8941	-52.242	-58.6946	-63.6103	-67.3129	-70.0639	-72.0638	-73.4611	-74.3606	-74.8302
1.395	-44.4225	-44.3993	-44.1291	-43.634	-42.9357	-42.0538	-41.005	-39.8038	-38.4624	-36.9909	-35.3982	-33.6913	-31.8764	-29.9585	-27.9423	-25.8322	-23.6327	-21.3491	-18.9878	-16.5566	-14.0658	-11.5279	-8.95924	-6.37976	-3.8146	-1.29522	1.13841	3.4345	5.52391	7.31108	8.65869	9.36171	9.10284	7.37725	3.38474	-3.95043	-14.9881	-27.5882	-39.0551	-48.4102	-55.7134	-61.3009	-65.5182	-68.6549	-70.9367	-72.5317	-73.5586	-74.0948
1.4	-45.0885	-45.0653	-44.8022	-44.3202	-43.64	-42.78	-41.7565	-40.5831	-39.2717	-37.8321	-36.2727	-34.6004	-32.821	-30.9393	-28.9597	-26.8861	-24.7225	-22.4735	-20.1446	-17.7427	-15.2766	-12.7575	-10.1998	-7.62138	-5.04478	-2.49811	-0.0168525	2.35347	4.55301	6.50046	8.08115	9.12702	9.38229	8.44483	5.67132	0.0883329	-9.24425	-21.4752	-33.703	-44.0906	-52.3269	-58.6684	-63.4689	-67.0446	-69.6479	-71.4684	-72.641	-73.2533
1.405	-45.7412	-45.7179	-45.4619	-44.9928	-44.3303	-43.4919	-42.4932	-41.3473	-40.0655	-38.6573	-37.1308	-35.4927	-33.7485	-31.9028	-29.9597	-27.9227	-25.7954	-23.5817	-21.2863	-18.9153	-16.4762	-13.979	-11.4362	-8.86389	-6.28221	-3.71629	-1.19778	1.23311	3.5242	5.60571	7.38109	8.7114	9.38897	9.09211	7.30884	3.22944	-4.2187	-15.3284	-27.8884	-39.2518	-48.4882	-55.6696	-61.1287	-65.2035	-68.1733	-70.2514	-71.5904	-72.2898
1.41	-46.3807	-46.3575	-46.1084	-45.652	-45.0069	-44.1898	-43.2155	-42.0966	-40.8439	-39.4667	-37.9727	-36.3684	-34.659	-32.8491	-30.9423	-28.9418	-26.851	-24.6732	-22.4123	-20.0736	-17.6635	-15.1908	-12.6664	-10.1047	-7.52363	-4.94566	-2.39906	0.0804794	2.44715	4.64063	6.57889	8.14611	9.17234	9.39871	8.418	5.57921	-0.0965836	-9.51948	-21.7508	-33.8879	-44.1523	-52.2564	-58.4562	-63.0972	-66.4848	-68.8571	-70.3864	-71.1856
1.415	-47.0074	-46.9842	-46.742	-46.2981	-45.67	-44.8739	-43.9236	-42.8313	-41.6073	-40.2607	-38.7987	-37.2277	-35.5528	-33.7782	-31.9075	-29.9436	-27.8894	-25.7477	-23.5221	-21.2168	-18.8375	-16.3915	-13.8887	-11.3416	-8.76615	-6.18253	-3.61598	-1.09827	1.33017	3.61681	5.69137	7.4565	8.77199	9.42806	9.09964	7.26937	3.12116	-4.40983	-15.5526	-28.0434	-39.2832	-48.378	-55.404	-60.6859	-64.5493	-67.2578	-69.0049	-69.9185
1.42	-47.6213	-47.5984	-47.3629	-46.9312	-46.32	-45.5444	-44.6177	-43.5515	-42.3559	-41.0393	-39.6089	-38.0708	-36.43	-34.6904	-32.8555	-30.9279	-28.9103	-26.8051	-24.6153	-22.3443	-19.9971	-17.58	-15.1015	-12.5724	-10.0072	-7.42364	-4.84438	-2.29775	0.180404	2.54406	4.73255	6.66332	8.21976	9.23061	9.43495	8.42223	5.53694	-0.199997	-9.66591	-21.8522	-33.8689	-43.9836	-51.9189	-57.9231	-62.3279	-65.4206	-67.4173	-68.4621
1.425	-48.223	-48.2002	-47.9713	-47.5517	-46.957	-46.2015	-45.298	-44.2576	-43.0898	-41.8028	-40.4036	-38.898	-37.2908	-35.5858	-33.7864	-31.8949	-29.9138	-27.8452	-25.6915	-23.4557	-21.1418	-18.7552	-16.3033	-13.7955	-11.2444	-8.66605	-6.08054	-3.51321	-0.995907	1.4308	3.71418	5.78367	7.54148	8.84673	9.48861	9.14045	7.28271	3.09855	-4.46236	-15.5738	-27.9481	-39.0299	-47.9427	-54.7545	-59.7738	-63.3057	-65.5887	-66.7843
1.43	-48.8125	-48.7899	-48.5676	-48.1598	-47.5812	-46.8455	-45.9648	-44.9497	-43.8093	-42.5515	-41.183	-39.7094	-38.1354	-36.4647	-34.7003	-32.8447	-30.8999	-28.8679	-26.7506	-24.5505	-22.2709	-19.9163	-17.4929	-15.0091	-12.4758	-9.90716	-7.32117	-4.74043	-2.19331	0.284285	2.64624	4.83179	6.75826	8.30886	9.31211	9.50685	8.48246	5.58462	-0.157064	-9.58482	-21.6509	-33.4967	-43.4145	-51.1166	-56.8307	-60.8645	-63.4763	-64.8458
1.435	-49.3901	-49.3679	-49.1519	-48.7556	-48.1929	-47.4767	-46.6184	-45.6281	-44.5147	-43.2856	-41.9473	-40.5053	-38.964	-37.3271	-35.5975	-33.7774	-31.8687	-29.8732	-27.7924	-25.6283	-23.3837	-21.0623	-18.6693	-16.2118	-13.6995	-11.1446	-8.5633	-5.97565	-3.40699	-0.889168	1.53726	3.81964	5.88751	7.64332	8.94662	9.58744	9.24077	7.39061	3.22917	-4.26884	-15.2394	-27.4158	-38.2783	-46.9369	-53.4302	-58.0364	-61.0263	-62.5967
1.44	-49.9561	-49.9342	-49.7245	-49.3395	-48.7924	-48.0951	-47.2588	-46.293	-45.2061	-44.0053	-42.6968	-41.2859	-39.7769	-38.1734	-36.4781	-34.6931	-32.8203	-30.8611	-28.8168	-26.6891	-24.4801	-22.1928	-19.8316	-17.4025	-14.9138	-12.3764	-9.80429	-7.21554	-4.63268	-2.08403	0.394623	2.75735	4.94373	6.87163	8.42525	9.4348	9.64217	8.64242	5.79254	0.145921	-9.10236	-20.9169	-32.5005	-42.1352	-49.4883	-54.7445	-58.1693	-59.9728
1.445	-50.5106	-50.4891	-50.2856	-49.9117	-49.3797	-48.7011	-47.8864	-46.9446	-45.8837	-44.7107	-43.4316	-42.0514	-40.5743	-39.0037	-37.3422	-35.5921	-33.7548	-31.8317	-29.8238	-27.7326	-25.5595	-23.3071	-20.979	-18.58	-16.1174	-13.6005	-11.0418	-8.4571	-5.86658	-3.29542	-0.775278	1.65361	3.93908	6.01154	7.77485	9.09098	9.75413	9.44673	7.66656	3.63196	-3.63953	-14.2753	-26.1038	-36.6312	-44.9025	-50.8895	-54.8139	-56.8883
1.45	-51.0541	-51.0329	-50.8354	-50.4723	-49.9552	-49.295	-48.5013	-47.5831	-46.5479	-45.4023	-44.1521	-42.8021	-41.3564	-39.8182	-38.1903	-36.4745	-34.6723	-32.785	-30.8135	-28.7587	-26.6219	-24.405	-22.1108	-19.7434	-17.3089	-14.8154	-12.2736	-9.69764	-7.10531	-4.51901	-1.96682	0.5159	2.88389	5.07784	7.01742	8.58984	9.63043	9.88997	8.97949	6.28512	0.910509	-7.9065	-19.2248	-30.3663	-39.5512	-46.3406	-50.8347	-53.2245
1.455	-51.5866	-51.5658	-51.3742	-51.0217	-50.5191	-49.8768	-49.1039	-48.2088	-47.1987	-46.08	-44.8583	-43.5381	-42.1233	-40.6172	-39.0223	-37.3404	-35.5731	-33.7213	-31.7858	-29.7674	-27.667	-25.4859	-23.2265	-20.892	-18.4874	-16.0196	-13.4979	-10.9348	-8.3458	-5.75094	-3.17503	-0.649241	1.78703	4.08296	6.17111	7.95887	9.31415	10.0413	9.84052	8.24149	4.519	-2.23368	-12.1741	-23.3509	-33.3025	-40.9259	-46.0567	-48.8118
1.46	-52.1085	-52.088	-51.9021	-51.56	-51.0717	-50.4468	-49.6942	-48.8218	-47.8365	-46.7443	-45.5505	-44.2596	-42.8754	-41.4009	-39.8385	-38.1902	-36.4572	-34.6406	-32.7409	-30.7587	-28.6947	-26.5498	-24.3257	-22.025	-19.6518	-17.2118	-14.7131	-12.1663	-9.58535	-6.98775	-4.39551	-1.83608	0.656151	3.03748	5.25107	7.22065	8.84006	9.9559	10.3383	9.63263	7.28582	2.49974	-5.42249	-15.7491	-26.0486	-34.4267	-40.2312	-43.4003
1.465	-52.6199	-52.5998	-52.4195	-52.0874	-51.613	-51.0053	-50.2726	-49.4224	-48.4614	-47.3952	-46.229	-44.967	-43.6128	-42.1694	-40.6392	-39.024	-37.325	-35.5431	-33.6789	-31.7327	-29.705	-27.5964	-25.408	-23.1419	-20.8013	-18.3909	-15.9175	-13.3904	-10.8215	-8.22633	-5.6243	-3.03953	-0.502051	1.9505	4.27011	6.39384	8.23644	9.67809	10.544	10.5706	9.35178	6.27297	0.570102	-7.96468	-17.7992	-26.601	-33.0157	-36.6221
1.47	-53.121	-53.1013	-52.9265	-52.6043	-52.1434	-51.5524	-50.8392	-50.0108	-49.0736	-48.033	-46.8939	-45.6603	-44.3357	-42.9231	-41.4246	-39.842	-38.1765	-36.429	-34.5999	-32.6894	-30.6979	-28.6256	-26.4732	-24.2423	-21.9353	-19.5559	-17.11	-14.6052	-12.052	-9.46391	-6.85786	-4.25507	-1.68169	0.829874	3.23905	5.49397	7.52637	9.24333	10.5136	11.1454	10.8505	9.1927	5.55963	-0.599807	-8.85789	-17.3088	-24.0124	-27.9841
1.475	-53.6122	-53.5929	-53.4233	-53.1107	-52.663	-52.0884	-51.3943	-50.5873	-49.6734	-48.6579	-47.5454	-46.3398	-45.0444	-43.662	-42.1948	-40.6444	-39.012	-37.2984	-35.5041	-33.629	-31.6734	-29.6373	-27.5211	-25.3258	-23.0531	-20.7061	-18.2893	-15.8093	-13.275	-10.698	-8.09305	-5.4787	-2.87764	-0.317664	2.167	4.53373	6.7282	8.67916	10.2899	11.4249	11.888	11.3908	9.51962	5.78292	0.0127259	-6.87408	-13.0667	-17.084
1.48	-54.0936	-54.0746	-53.9102	-53.6069	-53.1721	-52.6135	-51.938	-51.1519	-50.2609	-49.2701	-48.1838	-47.0057	-45.7391	-44.3865	-42.9501	-41.4314	-39.8317	-38.1517	-36.3916	-34.5517	-32.6317	-30.6317	-28.5517	-26.3922	-24.1544	-21.8407	-19.4545	-17.0014	-14.4887	-11.9263	-9.32711	-6.707	-4.08559	-1.48667	1.061	3.52249	5.85484	8.00402	9.90026	11.4507	12.5286	12.9569	12.4912	10.8235	7.71226	3.38144	-1.14615	-4.5248
1.485	-54.5653	-54.5467	-54.3873	-54.0931	-53.6709	-53.1279	-52.4705	-51.7049	-50.8365	-49.8698	-48.8092	-47.6582	-46.4198	-45.0966	-43.6906	-42.2033	-40.6358	-38.9889	-37.2627	-35.4574	-33.5728	-31.6087	-29.5647	-27.4412	-25.2388	-22.9591	-20.6048	-18.1803	-15.6916	-13.1472	-10.5578	-7.93729	-5.30239	-2.67342	-0.0745665	2.46547	4.91256	7.22564	9.35448	11.2364	12.7914	13.9164	14.4792	14.321	13.2991	11.4283	9.08325	6.95737
1.49	-55.0277	-55.0094	-54.8549	-54.5695	-54.1596	-53.6317	-52.9922	-52.2466	-51.4002	-50.4573	-49.4219	-48.2975	-47.087	-45.7927	-44.4166	-42.9602	-41.4245	-39.8102	-38.1176	-36.3466	-34.4969	-32.5683	-30.5603	-28.4728	-26.306	-24.0609	-21.7395	-19.3452	-16.8827	-14.3592	-11.7836	-9.1678	-6.52611	-3.87595	-1.23785	1.36419	3.90235	6.34435	8.6525	10.7823	12.6808	14.2847	15.5191	16.3012	16.5559	16.2601	15.5088	14.5168
1.495	-55.4809	-55.463	-55.3132	-55.0363	-54.6383	-54.1253	-53.5031	-52.7772	-51.9522	-51.0326	-50.0221	-48.9239	-47.7407	-46.4749	-45.1283	-43.7024	-42.198	-40.616	-38.9564	-37.2192	-35.4042	-33.5108	-31.5385	-29.4869	-27.3559	-25.146	-22.8583	-20.4955	-18.0613	-15.5614	-13.0035	-10.3974	-7.75569	-5.09332	-2.42813	0.219185	2.82485	5.36178	7.7991	10.1015	12.2285	14.1336	15.7644	17.0645	17.9798	18.4725	18.5376	18.1983
1.5	-55.9251	-55.9075	-55.7622	-55.4937	-55.1073	-54.6087	-54.0035	-53.2967	-52.4929	-51.5961	-50.6099	-49.5374	-48.3812	-47.1435	-45.8259	-44.43	-42.9566	-41.4063	-39.7793	-38.0756	-36.2948	-34.4363	-32.4995	-30.4837	-28.3886	-26.2141	-23.961	-21.6309	-19.2269	-16.7533	-14.2167	-11.6254	-8.99021	-6.32444	-3.64392	-0.967203	1.68433	4.28625	6.81078	9.22626	11.4966	13.5806	15.4318	16.9996	18.2323	19.0825	19.5109	19.482
1.505	-56.3605	-56.3431	-56.2023	-55.9419	-55.5667	-55.0823	-54.4936	-53.8055	-53.0223	-52.1479	-51.1856	-50.1383	-49.0086	-47.7985	-46.5096	-45.1433	-43.7003	-42.1814	-40.5866	-38.9159	-37.1689	-35.3449	-33.4433	-31.4632	-29.404	-27.2653	-25.0473	-22.7512	-20.379	-17.9343	-15.4225	-12.8506	-10.2283	-7.56733	-4.88217	-2.18997	0.489201	3.13215	5.71219	8.19866	10.5562	12.7443	14.7166	16.4224	17.8078	18.82	19.4085	19.5213
1.51	-56.7872	-56.7701	-56.6336	-56.381	-56.0168	-55.5461	-54.9735	-54.3037	-53.5407	-52.6882	-51.7493	-50.7269	-49.6232	-48.4402	-47.1796	-45.8424	-44.4295	-42.9415	-41.3785	-39.7404	-38.0268	-36.237	-34.3703	-32.4256	-30.4023	-28.2996	-26.1174	-23.8561	-21.5174	-19.1039	-16.62	-14.0719	-11.468	-8.819	-6.13833	-3.44216	-0.749756	1.91625	4.52943	7.05904	9.4693	11.7188	13.76	15.5404	17.004	18.0949	18.7585	18.9389
1.515	-57.2055	-57.1886	-57.0562	-56.8112	-56.4577	-56.0003	-55.4435	-54.7916	-54.0483	-53.2173	-52.3013	-51.3032	-50.2252	-49.0689	-47.836	-46.5275	-45.1443	-43.6868	-42.1551	-40.5492	-38.8686	-37.1127	-35.2805	-33.3712	-31.3837	-29.3171	-27.1711	-24.9456	-22.6416	-20.2613	-17.8081	-15.2875	-12.7068	-10.0758	-7.40716	-4.71615	-2.0215	0.654491	3.28543	5.84022	8.28235	10.5693	12.6522	14.4766	15.9848	17.1186	17.8219	18.0376
1.52	-57.6154	-57.5988	-57.4704	-57.2328	-56.8897	-56.4452	-55.9038	-55.2693	-54.5453	-53.7352	-52.8418	-51.8676	-50.8147	-49.6847	-48.4791	-47.199	-45.845	-44.4175	-42.9169	-41.3427	-39.6948	-37.9723	-36.1744	-34.3001	-32.3483	-30.3179	-28.2084	-26.0193	-23.7513	-21.4058	-18.9857	-16.4955	-13.942	-11.3341	-8.6834	-6.0047	-3.31612	-0.639642	1.99835	4.56647	7.02754	9.33802	11.4477	13.3007	14.8373	15.998	16.7253	16.9621
1.525	-58.0172	-58.0008	-57.8763	-57.6458	-57.3127	-56.881	-56.3544	-55.7369	-55.0319	-54.2423	-53.371	-52.4202	-51.3919	-50.2878	-49.1091	-47.8569	-46.5317	-45.1339	-43.6638	-42.1211	-40.5054	-38.816	-37.0521	-35.2125	-33.2962	-31.3021	-29.2293	-27.0771	-24.8459	-22.5365	-20.1513	-17.6942	-15.1711	-12.5902	-9.96226	-7.30147	-4.62534	-1.95552	0.681767	3.25492	5.72628	8.05144	10.179	12.0517	13.6084	14.7878	15.5317	15.7828
1.53	-58.411	-58.3947	-58.274	-58.0505	-57.7271	-57.3077	-56.7957	-56.1948	-55.5081	-54.7387	-53.8889	-52.9611	-51.9571	-50.8784	-49.7262	-48.5014	-47.2046	-45.8362	-44.3962	-42.8845	-41.3007	-39.644	-37.9137	-36.1087	-34.2277	-32.2698	-30.2337	-28.1188	-25.9249	-23.6527	-21.3039	-18.8818	-16.3917	-13.8409	-11.2396	-8.6012	-5.9426	-3.28501	-0.654435	1.91748	4.39272	6.72618	8.86553	10.7521	12.3234	13.5169	14.2732	14.5352
1.535	-58.7969	-58.7808	-58.6637	-58.4469	-58.133	-57.7255	-57.2278	-56.643	-55.9744	-55.2246	-54.396	-53.4907	-52.5105	-51.4567	-50.3306	-49.1328	-47.864	-46.5245	-45.1143	-43.6332	-42.0809	-40.4566	-38.7596	-36.9887	-35.1429	-33.2209	-31.2216	-29.1441	-26.988	-24.7536	-22.4423	-20.0568	-17.6016	-15.0836	-12.512	-9.89965	-7.26274	-4.62197	-2.00304	0.562497	3.03639	5.37302	7.51919	9.41513	10.997	12.2011	12.9671	13.238
1.54	-59.1751	-59.1592	-59.0455	-58.8352	-58.5306	-58.1347	-57.6508	-57.0818	-56.4307	-55.7001	-54.8923	-54.0091	-53.0522	-52.023	-50.9224	-49.7513	-48.5101	-47.1991	-45.8183	-44.3675	-42.8462	-41.254	-39.5899	-37.8528	-36.0418	-34.1556	-32.1929	-30.1528	-28.0347	-25.8387	-23.5656	-21.2178	-18.7992	-16.316	-13.7768	-11.1935	-8.58174	-5.96171	-3.35868	-0.804009	1.66396	3.99922	6.1479	8.04924	9.63831	10.8502	11.6238	11.902
1.545	-59.5457	-59.5299	-59.4197	-59.2157	-58.92	-58.5354	-58.0649	-57.5113	-56.8774	-56.1656	-55.378	-54.5164	-53.5825	-52.5773	-51.502	-50.357	-49.143	-47.8601	-46.5083	-45.0873	-43.5969	-42.0363	-40.4047	-38.7012	-36.9247	-35.0739	-33.1476	-31.1449	-29.0649	-26.9074	-24.6731	-22.3639	-19.9832	-17.5364	-15.0315	-12.4799	-9.89641	-7.30058	-4.71724	-2.1775	0.280357	2.61006	4.75721	6.66025	8.25327	9.47035	10.2496	10.5342
1.55	-59.9089	-59.8932	-59.7862	-59.5883	-59.3013	-58.9277	-58.4703	-57.9317	-57.3146	-56.6211	-55.8533	-55.013	-54.1015	-53.12	-52.0694	-50.9502	-49.763	-48.5078	-47.1846	-45.7931	-44.333	-42.8037	-41.2043	-39.534	-37.7915	-35.9759	-34.0858	-32.1202	-30.0782	-27.9594	-25.7643	-23.4943	-21.1523	-18.7433	-16.2746	-13.7568	-11.2042	-8.63566	-6.07547	-3.55438	-1.11056	1.20962	3.3514	5.25258	6.84645	8.06622	8.84945	9.13935
1.555	-60.2647	-60.2491	-60.1453	-59.9533	-59.6747	-59.3118	-58.8671	-58.3432	-57.7424	-57.0668	-56.3185	-55.4989	-54.6094	-53.6511	-52.6248	-51.5311	-50.3702	-49.1423	-47.8473	-46.485	-45.0549	-43.5564	-41.9888	-40.3513	-38.6426	-36.8617	-35.0075	-33.0788	-31.0746	-28.9945	-26.8387	-24.6082	-22.3057	-19.9355	-17.5045	-15.0225	-12.5031	-9.96456	-7.43066	-4.93171	-2.50561	-0.198705	1.93399	3.82987	5.42155	6.64159	7.42705	7.72133
1.56	-60.6134	-60.5978	-60.497	-60.3108	-60.0403	-59.6878	-59.2555	-58.7459	-58.161	-57.503	-56.7736	-55.9743	-55.1064	-54.1709	-53.1685	-52.0997	-50.9648	-49.7638	-48.4966	-47.163	-45.7626	-44.2946	-42.7585	-41.1533	-39.478	-37.7316	-35.9128	-34.0206	-32.054	-30.0125	-27.8959	-25.7053	-23.4428	-21.1122	-18.72	-16.2754	-13.7913	-11.2853	-8.78053	-6.30692	-3.902	-1.61197	0.508105	2.39532	3.98187	5.19979	5.98582	6.28355
1.565	-60.9549	-60.9394	-60.8416	-60.6608	-60.3983	-60.0559	-59.6357	-59.1399	-58.5706	-57.9297	-57.2189	-56.4395	-55.5928	-54.6796	-53.7007	-52.6564	-51.547	-50.3725	-49.1328	-47.8275	-46.4563	-45.0185	-43.5134	-41.9402	-40.2979	-38.5855	-36.8018	-34.9458	-33.0165	-31.0133	-28.9359	-26.7852	-24.563	-22.2727	-19.9203	-17.5144	-15.0673	-12.596	-10.1231	-7.67777	-5.29726	-3.02749	-0.923425	0.951921	2.53049	3.74397	4.5289	4.82921
1.57	-61.2894	-61.2741	-61.179	-61.0037	-60.7489	-60.4162	-60.0078	-59.5255	-58.9714	-58.3472	-57.6545	-56.8946	-56.0686	-55.1774	-54.2215	-53.2013	-52.117	-50.9686	-49.756	-48.4786	-47.1363	-45.7282	-44.2538	-42.7122	-41.1025	-39.4236	-37.6747	-35.8545	-33.9621	-31.9969	-29.9586	-27.8477	-25.666	-23.4165	-21.1046	-18.7385	-16.33	-13.8954	-11.4565	-9.04223	-6.68913	-4.44277	-2.35792	-0.49751	1.07032	2.27712	3.05938	3.36137
1.575	-61.6171	-61.6018	-61.5095	-61.3393	-61.092	-60.7689	-60.3719	-59.9028	-59.3635	-58.7556	-58.0807	-57.3398	-56.5342	-55.6644	-54.7311	-53.7346	-52.675	-51.5523	-50.3663	-49.1165	-47.8026	-46.4239	-44.9798	-43.4694	-41.8918	-40.2462	-38.5315	-36.7467	-34.8909	-32.9634	-30.9638	-28.8927	-26.7515	-24.543	-22.2723	-19.9469	-17.5783	-15.1819	-12.7793	-10.3985	-8.07549	-5.85548	-3.79284	-1.95025	-0.39576	0.802211	1.58024	1.88305
1.58	-61.938	-61.9227	-61.8331	-61.668	-61.4279	-61.1141	-60.7282	-60.2719	-59.7471	-59.1552	-58.4975	-57.7753	-56.9895	-56.1409	-55.2297	-54.2565	-53.2212	-52.1238	-50.964	-49.7414	-48.4555	-47.1058	-45.6915	-44.212	-42.6662	-41.0534	-39.3725	-37.6227	-35.803	-33.9128	-31.9517	-29.9202	-27.8194	-25.6521	-23.4228	-21.139	-18.8112	-16.4546	-14.09	-11.7448	-9.45438	-7.26341	-5.22574	-3.40368	-1.86498	-0.677871	0.0944556	0.397268
1.585	-62.2523	-62.237	-62.1499	-61.9897	-61.7566	-61.4518	-61.0768	-60.6331	-60.1223	-59.5459	-58.9052	-58.2013	-57.435	-56.6069	-55.7176	-54.7672	-53.7557	-52.6832	-51.5492	-50.3533	-49.0952	-47.774	-46.3893	-44.9401	-43.4258	-41.8453	-40.1979	-38.4826	-36.6986	-34.8453	-32.9224	-30.9301	-28.8696	-26.7434	-24.556	-22.3141	-20.028	-17.7124	-15.3873	-13.0796	-10.824	-8.66448	-6.6543	-4.85525	-3.33462	-2.16028	-1.39504	-1.09304
1.59	-62.56	-62.5448	-62.4601	-62.3046	-62.0784	-61.7823	-61.4178	-60.9863	-60.4893	-59.9281	-59.3039	-58.6178	-57.8706	-57.0628	-56.1948	-55.2668	-54.2788	-53.2307	-52.1221	-50.9526	-49.7217	-48.4288	-47.0732	-45.654	-44.1707	-42.6222	-41.0078	-39.3266	-37.5779	-35.7611	-33.8758	-31.9224	-29.902	-27.817	-25.6714	-23.4718	-21.2281	-18.9544	-16.6701	-14.4015	-12.1827	-10.0567	-8.07631	-6.30252	-4.80205	-3.64224	-2.88539	-2.58495
1.595	-62.8612	-62.846	-62.7638	-62.6129	-62.3933	-62.1057	-61.7514	-61.3318	-60.8482	-60.3018	-59.6938	-59.0252	-58.2966	-57.5086	-56.6615	-55.7555	-54.7906	-53.7665	-52.6829	-51.5394	-50.3354	-49.0703	-47.7434	-46.3539	-44.9011	-43.3842	-41.8024	-40.1549	-38.441	-36.6602	-34.8123	-32.8974	-30.9168	-28.8726	-26.7688	-24.6118	-22.4109	-20.1798	-17.9374	-15.7093	-13.5288	-11.4383	-9.48968	-7.74316	-6.26473	-5.12106	-4.3738	-4.07563
1.6	-63.1561	-63.141	-63.061	-62.9146	-62.7014	-62.4221	-62.0778	-61.6697	-61.1992	-60.6673	-60.0751	-59.4235	-58.7131	-57.9445	-57.118	-56.2336	-55.2913	-54.2908	-53.2318	-52.1139	-50.9364	-49.6987	-48.4001	-47.0398	-45.6173	-44.1315	-42.5819	-40.9676	-39.2881	-37.5429	-35.7318	-33.8551	-31.9139	-29.9104	-27.8483	-25.7338	-23.576	-21.388	-19.1883	-17.0018	-14.861	-12.8076	-10.8924	-9.17497	-7.72026	-6.59417	-5.85758	-5.56234
1.605	-63.4447	-63.4296	-63.3519	-63.2098	-63.0028	-62.7316	-62.397	-62.0002	-61.5424	-61.0246	-60.4478	-59.8129	-59.1204	-58.3708	-57.5644	-56.7012	-55.781	-54.8038	-53.769	-52.6762	-51.5248	-50.3141	-49.0434	-47.7121	-46.3193	-44.8643	-43.3465	-41.765	-40.1195	-38.4094	-36.6347	-34.7957	-32.8935	-30.9303	-28.9097	-26.8376	-24.723	-22.5785	-20.4221	-18.2779	-16.178	-14.163	-12.2828	-10.5959	-9.16636	-8.05911	-7.33416	-7.04246
1.61	-63.7272	-63.7121	-63.6366	-63.4987	-63.2978	-63.0343	-62.7091	-62.3233	-61.8779	-61.3739	-60.8122	-60.1936	-59.5186	-58.7876	-58.0009	-57.1584	-56.2601	-55.3056	-54.2946	-53.2265	-52.1008	-50.9167	-49.6736	-48.3708	-47.0074	-45.5828	-44.0963	-42.5473	-40.9352	-39.2599	-37.5211	-35.7193	-33.8557	-31.9324	-29.9529	-27.9232	-25.8516	-23.7508	-21.638	-19.5369	-17.4786	-15.503	-13.659	-12.004	-10.6009	-9.51357	-8.80111	-8.51349
1.615	-64.0036	-63.9886	-63.9152	-63.7813	-63.5862	-63.3304	-63.0144	-62.6393	-62.206	-61.7154	-61.1684	-60.5658	-59.9079	-59.1951	-58.4277	-57.6055	-56.7286	-55.7965	-54.8088	-53.7651	-52.6647	-51.5068	-50.2909	-49.0161	-47.6817	-46.2871	-44.8316	-43.3146	-41.7356	-40.0945	-38.3912	-36.6262	-34.8007	-32.9168	-30.9781	-28.9904	-26.9618	-24.9046	-22.8356	-20.7779	-18.7619	-16.8266	-15.0197	-13.3975	-12.0219	-10.9554	-10.2562	-9.97313
1.62	-64.2741	-64.2591	-64.1877	-64.0577	-63.8684	-63.6199	-63.3129	-62.9481	-62.5266	-62.0492	-61.5166	-60.9295	-60.2883	-59.5934	-58.8449	-58.0427	-57.1867	-56.2766	-55.3119	-54.2921	-53.2165	-52.0845	-50.8953	-49.6482	-48.3425	-46.9775	-45.5525	-44.0671	-42.5208	-40.9134	-39.2451	-37.5164	-35.7285	-33.8837	-31.9854	-30.0392	-28.0533	-26.0396	-24.0144	-22.0004	-20.027	-18.1324	-16.3634	-14.7749	-13.4275	-12.3827	-11.6973	-11.4192
1.625	-64.5387	-64.5237	-64.4543	-64.3281	-64.1443	-63.903	-63.6047	-63.2501	-62.8401	-62.3754	-61.8569	-61.285	-60.6602	-59.9827	-59.2527	-58.4701	-57.6346	-56.7461	-55.804	-54.8077	-53.7566	-52.65	-51.4872	-50.2674	-48.9899	-47.654	-46.2592	-44.805	-43.2909	-41.7169	-40.0831	-38.3902	-36.6395	-34.8331	-32.9747	-31.0697	-29.1261	-27.1556	-25.1741	-23.2037	-21.2732	-19.4197	-17.689	-16.1348	-14.8163	-13.7937	-13.1226	-12.8498
1.63	-64.7975	-64.7826	-64.715	-64.5926	-64.4142	-64.1798	-63.8899	-63.5452	-63.1464	-62.6943	-62.1894	-61.6324	-61.0235	-60.3631	-59.6513	-58.8878	-58.0726	-57.2052	-56.2852	-55.312	-54.285	-53.2034	-52.0666	-50.8737	-49.624	-48.317	-46.9519	-45.5284	-44.0462	-42.5051	-40.9054	-39.2479	-37.5337	-35.7654	-33.9463	-32.0819	-30.1802	-28.2525	-26.3145	-24.3876	-22.4999	-20.6877	-18.9955	-17.476	-16.1868	-15.1868	-14.5304	-14.2632
1.635	-65.0507	-65.0357	-64.9701	-64.8512	-64.678	-64.4504	-64.1688	-63.8337	-63.4458	-63.0058	-62.5144	-61.9718	-61.3786	-60.7349	-60.0408	-59.2961	-58.5007	-57.6541	-56.7558	-55.8053	-54.802	-53.745	-52.6337	-51.4673	-50.2452	-48.9665	-47.6308	-46.2377	-44.7868	-43.2782	-41.7122	-40.0895	-38.4115	-36.6805	-34.9003	-33.076	-31.2157	-29.3303	-27.4354	-25.5516	-23.7066	-21.9356	-20.2821	-18.7974	-17.5377	-16.5606	-15.9192	-15.6579
1.64	-65.2983	-65.2834	-65.2195	-65.1041	-64.936	-64.715	-64.4413	-64.1156	-63.7384	-63.3103	-62.8318	-62.3035	-61.7256	-61.0982	-60.4215	-59.6952	-58.9191	-58.0929	-57.216	-56.2878	-55.3077	-54.275	-53.1888	-52.0485	-50.8534	-49.6028	-48.2961	-46.9329	-45.513	-44.0365	-42.5036	-40.9152	-39.2729	-37.5788	-35.8368	-34.0522	-32.2326	-30.3891	-28.5366	-26.6956	-24.893	-23.163	-21.5481	-20.0981	-18.8682	-17.9142	-17.2878	-17.0326
1.645	-65.5404	-65.5255	-65.4634	-65.3514	-65.1882	-64.9736	-64.7077	-64.3911	-64.0242	-63.6077	-63.142	-62.6275	-62.0645	-61.4532	-60.7934	-60.0852	-59.3281	-58.5218	-57.6659	-56.7596	-55.8023	-54.7934	-53.732	-52.6174	-51.449	-50.2259	-48.9478	-47.6142	-46.2249	-44.78	-43.2799	-41.7254	-40.1181	-38.4605	-36.7561	-35.0104	-33.2311	-31.4288	-29.6183	-27.8196	-26.0588	-24.3695	-22.7929	-21.3777	-20.1773	-19.2464	-18.6352	-18.3861
1.65	-65.7771	-65.7623	-65.7019	-65.5931	-65.4347	-65.2263	-64.968	-64.6602	-64.3035	-63.8983	-63.445	-62.944	-62.3956	-61.7999	-61.1568	-60.4662	-59.7277	-58.9411	-58.1056	-57.2209	-56.2861	-55.3005	-54.2635	-53.1742	-52.032	-50.8362	-49.5863	-48.2818	-46.9227	-45.509	-44.0411	-42.5201	-40.9474	-39.3256	-37.6584	-35.9511	-34.2113	-32.4496	-30.6805	-28.9234	-27.204	-25.5549	-24.0163	-22.6354	-21.4645	-20.5565	-19.9606	-19.7177
1.655	-66.0085	-65.9938	-65.935	-65.8294	-65.6757	-65.4733	-65.2224	-64.9232	-64.5763	-64.1821	-63.7409	-63.2532	-62.7191	-62.1386	-61.5118	-60.8385	-60.1182	-59.3508	-58.5355	-57.6718	-56.7591	-55.7966	-54.7835	-53.7191	-52.6028	-51.4338	-50.2116	-48.9359	-47.6066	-46.2236	-44.7876	-43.2996	-41.761	-40.1745	-38.5438	-36.8743	-35.1734	-33.4517	-31.7232	-30.0072	-28.3286	-26.7191	-25.2179	-23.8711	-22.7293	-21.8442	-21.2633	-21.0267
1.66	-66.2348	-66.22	-66.1629	-66.0604	-65.9112	-65.7147	-65.4709	-65.1802	-64.8428	-64.4593	-64.03	-63.5552	-63.035	-62.4695	-61.8586	-61.2021	-60.4998	-59.7511	-58.9556	-58.1127	-57.2216	-56.2816	-55.2921	-54.2523	-53.1614	-52.0188	-50.824	-49.5767	-48.2767	-46.9241	-45.5196	-44.064	-42.559	-41.0074	-39.4126	-37.7803	-36.1177	-34.4352	-32.7467	-31.0711	-29.4325	-27.862	-26.3977	-25.0844	-23.9714	-23.1088	-22.543	-22.3126
1.665	-66.4559	-66.4413	-66.3856	-66.2862	-66.1413	-65.9505	-65.7137	-65.4311	-65.1032	-64.7301	-64.3123	-63.8501	-63.3435	-62.7926	-62.1973	-61.5574	-60.8725	-60.1423	-59.3662	-58.5435	-57.6737	-56.756	-55.7896	-54.7738	-53.708	-52.5914	-51.4236	-50.2043	-48.9332	-47.6106	-46.237	-44.8135	-43.3417	-41.8243	-40.265	-38.6692	-37.0443	-35.4003	-33.7512	-32.1151	-30.5159	-28.9837	-27.5557	-26.2755	-25.1908	-24.3504	-23.7993	-23.5751
1.67	-66.6721	-66.6575	-66.6034	-66.5068	-66.3662	-66.1809	-65.9509	-65.6763	-65.3574	-64.9946	-64.588	-64.138	-63.6447	-63.1081	-62.528	-61.9043	-61.2366	-60.5245	-59.7673	-58.9646	-58.1157	-57.2197	-56.2761	-55.284	-54.2428	-53.1519	-52.0107	-50.8189	-49.5764	-48.2833	-46.9403	-45.5484	-44.1093	-42.6256	-41.1012	-39.5414	-37.9534	-36.3474	-34.7368	-33.1396	-31.579	-30.0844	-28.6921	-27.4442	-26.3873	-25.5688	-25.0323	-24.8142
1.675	-66.8833	-66.8688	-66.8161	-66.7224	-66.586	-66.4061	-66.1826	-65.9158	-65.6057	-65.2528	-64.8572	-64.4192	-63.9389	-63.4162	-62.851	-62.2432	-61.5922	-60.8978	-60.1593	-59.3761	-58.5476	-57.6731	-56.7518	-55.783	-54.7661	-53.7003	-52.5853	-51.4206	-50.2063	-48.9423	-47.6295	-46.2687	-44.8618	-43.4115	-41.9214	-40.397	-38.8454	-37.2766	-35.7039	-34.1448	-32.622	-31.1643	-29.8069	-28.5907	-27.5612	-26.7641	-26.2418	-26.0298
1.68	-67.0898	-67.0753	-67.0241	-66.9331	-66.8007	-66.626	-66.409	-66.1496	-65.8482	-65.5049	-65.1201	-64.6938	-64.2261	-63.717	-63.1664	-62.574	-61.9395	-61.2624	-60.5422	-59.7782	-58.9698	-58.1163	-57.2169	-56.271	-55.2779	-54.2369	-53.1477	-52.0098	-50.8231	-49.5879	-48.3048	-46.9748	-45.5997	-44.1821	-42.7259	-41.2363	-39.7204	-38.1882	-36.6527	-35.131	-33.6453	-32.2237	-30.9004	-29.7154	-28.7126	-27.9365	-27.4282	-27.2221
1.685	-67.2915	-67.2771	-67.2273	-67.139	-67.0104	-66.8408	-66.63	-66.378	-66.085	-65.7512	-65.3767	-64.9618	-64.5065	-64.0107	-63.4744	-62.8971	-62.2787	-61.6185	-60.9162	-60.171	-59.3823	-58.5494	-57.6716	-56.7482	-55.7785	-54.7619	-53.698	-52.5864	-51.4271	-50.2202	-48.9664	-47.6667	-46.3229	-44.9377	-43.5148	-42.0594	-40.5788	-39.0825	-37.5835	-36.0984	-34.6492	-33.2629	-31.9731	-30.8185	-29.8418	-29.0863	-28.5917	-28.3913
1.69	-67.4886	-67.4743	-67.4258	-67.3401	-67.2153	-67.0507	-66.8459	-66.6011	-66.3162	-65.9915	-65.6273	-65.2235	-64.7802	-64.2975	-63.775	-63.2126	-62.6098	-61.9663	-61.2815	-60.5547	-59.7853	-58.9727	-58.116	-57.2147	-56.268	-55.2755	-54.2365	-53.1508	-52.0184	-50.8394	-49.6144	-48.3446	-47.0317	-45.6784	-44.2883	-42.8667	-41.4207	-39.9598	-38.4965	-37.0475	-35.6339	-34.2823	-33.0252	-31.9004	-30.9493	-30.2138	-29.7326	-29.5379
1.695	-67.6812	-67.667	-67.6198	-67.5366	-67.4155	-67.2557	-67.0568	-66.8189	-66.5419	-66.2262	-65.8718	-65.4789	-65.0474	-64.5773	-64.0685	-63.5205	-62.9332	-62.3059	-61.6382	-60.9295	-60.1791	-59.3863	-58.5504	-57.6707	-56.7467	-55.7777	-54.7633	-53.7031	-52.5972	-51.4457	-50.2492	-49.0088	-47.7263	-46.4044	-45.0467	-43.6584	-42.2464	-40.8203	-39.3922	-37.9785	-36.5998	-35.2822	-34.0571	-32.9615	-32.0353	-31.3195	-30.8514	-30.6623
1.7	-67.8694	-67.8552	-67.8094	-67.7286	-67.6111	-67.4559	-67.2627	-67.0315	-66.7624	-66.4553	-66.1106	-65.7282	-65.3082	-64.8505	-64.3549	-63.8212	-63.2488	-62.6375	-61.9866	-61.2955	-60.5637	-59.7903	-58.9748	-58.1165	-57.2147	-56.2689	-55.2786	-54.2435	-53.1636	-52.0392	-50.8707	-49.6594	-48.4069	-47.116	-45.7901	-44.4346	-43.0562	-41.6642	-40.2708	-38.8917	-37.5473	-36.263	-35.0693	-34.0022	-33.1005	-32.4038	-31.9486	-31.7648
1.705	-68.0532	-68.0392	-67.9945	-67.9161	-67.8021	-67.6515	-67.4639	-67.2392	-66.9775	-66.679	-66.3436	-65.9716	-65.5628	-65.1172	-64.6345	-64.1146	-63.557	-62.9612	-62.3267	-61.653	-60.9393	-60.1851	-59.3896	-58.5521	-57.6722	-56.7491	-55.7825	-54.7722	-53.718	-52.6201	-51.4793	-50.2966	-49.0737	-47.8132	-46.5189	-45.1956	-43.8503	-42.4919	-41.1325	-39.7875	-38.4768	-37.225	-36.0622	-35.0229	-34.1452	-33.4673	-33.0245	-32.846
1.71	-68.2329	-68.2189	-68.1755	-68.0994	-67.9887	-67.8424	-67.6602	-67.4419	-67.1876	-66.8973	-66.5711	-66.2091	-65.8112	-65.3774	-64.9074	-64.401	-63.8577	-63.2772	-62.6588	-62.0021	-61.3062	-60.5707	-59.7948	-58.9779	-58.1193	-57.2186	-56.2754	-55.2893	-54.2603	-53.1887	-52.0751	-50.9205	-49.7268	-48.4964	-47.2331	-45.9416	-44.6288	-43.3036	-41.9777	-40.6662	-39.3886	-38.1688	-37.0361	-36.0242	-35.1699	-34.5104	-34.0798	-33.9064
1.715	-68.4083	-68.3944	-68.3522	-68.2783	-68.1709	-68.029	-67.852	-67.6399	-67.3927	-67.1104	-66.7931	-66.4409	-66.0537	-65.6314	-65.1737	-64.6805	-64.1513	-63.5857	-62.983	-62.3429	-61.6645	-60.9473	-60.1906	-59.3938	-58.5563	-57.6776	-56.7572	-55.795	-54.7909	-53.7451	-52.6582	-51.5315	-50.3664	-49.1657	-47.9329	-46.6729	-45.3921	-44.0996	-42.8066	-41.5281	-40.283	-39.0947	-37.9916	-37.0065	-36.1751	-35.5336	-35.115	-34.9466
1.72	-68.5797	-68.566	-68.5248	-68.4532	-68.3489	-68.2111	-68.0393	-67.8332	-67.5929	-67.3184	-67.0098	-66.6671	-66.2903	-65.8792	-65.4336	-64.9533	-64.4378	-63.8867	-63.2995	-62.6756	-62.0143	-61.3151	-60.5773	-59.8002	-58.9833	-58.1262	-57.2283	-56.2895	-55.3098	-54.2894	-53.229	-52.1295	-50.9928	-49.8213	-48.6186	-47.3895	-46.1404	-44.88	-43.6195	-42.3735	-41.1603	-40.0029	-38.9289	-37.9701	-37.1613	-36.5374	-36.1305	-35.967
1.725	-68.7472	-68.7335	-68.6935	-68.6239	-68.5228	-68.389	-68.2221	-68.0219	-67.7883	-67.5215	-67.2213	-66.8879	-66.5212	-66.121	-65.6872	-65.2194	-64.7174	-64.1805	-63.6084	-63.0004	-62.3559	-61.6742	-60.9549	-60.1972	-59.4006	-58.5646	-57.6888	-56.7731	-55.8174	-54.8219	-53.7874	-52.7149	-51.6061	-50.4634	-49.2904	-48.0917	-46.8738	-45.6451	-44.4167	-43.2026	-42.0209	-40.8939	-39.8485	-38.9156	-38.1288	-37.5222	-37.1268	-36.9681
1.73	-68.9107	-68.8972	-68.8583	-68.7907	-68.6926	-68.5627	-68.4006	-68.2061	-67.9791	-67.7196	-67.4277	-67.1033	-66.7465	-66.357	-65.9346	-65.4792	-64.9902	-64.4673	-63.9098	-63.3174	-62.6893	-62.0249	-61.3237	-60.5849	-59.8082	-58.993	-58.1389	-57.2458	-56.3137	-55.3428	-54.3338	-53.2878	-52.2064	-51.0922	-49.9484	-48.7798	-47.5926	-46.3952	-45.1983	-44.0157	-42.8651	-41.768	-40.7508	-39.8433	-39.0782	-38.4886	-38.1045	-37.9505
1.735	-69.0705	-69.0571	-69.0192	-68.9537	-68.8584	-68.7324	-68.575	-68.386	-68.1653	-67.913	-67.6291	-67.3136	-66.9663	-66.5872	-66.1761	-65.7326	-65.2564	-64.747	-64.204	-63.6268	-63.0147	-62.3673	-61.6837	-60.9636	-60.2064	-59.4115	-58.5788	-57.7079	-56.799	-55.8522	-54.8684	-53.8484	-52.7941	-51.7077	-50.5928	-49.4538	-48.297	-47.1304	-45.9646	-44.8131	-43.693	-42.6255	-41.6359	-40.7535	-40.0098	-39.4369	-39.0638	-38.9145
1.74	-69.2266	-69.2133	-69.1765	-69.1129	-69.0204	-68.8981	-68.7452	-68.5616	-68.3471	-68.1018	-67.8257	-67.5187	-67.1808	-66.8118	-66.4116	-65.9798	-65.5161	-65.0201	-64.4911	-63.9288	-63.3324	-62.7015	-62.0353	-61.3334	-60.5953	-59.8205	-59.0086	-58.1596	-57.2734	-56.3504	-55.3912	-54.3969	-53.3691	-52.3103	-51.2238	-50.1141	-48.9871	-47.851	-46.7158	-45.595	-44.5051	-43.4666	-42.5044	-41.6465	-40.9239	-40.3675	-40.0053	-39.8605
1.745	-69.3791	-69.3659	-69.3301	-69.2683	-69.1786	-69.0599	-68.9114	-68.733	-68.5246	-68.2861	-68.0175	-67.7189	-67.3901	-67.031	-66.6414	-66.221	-65.7695	-65.2864	-64.7712	-64.2234	-63.6424	-63.0277	-62.3786	-61.6945	-60.9751	-60.2199	-59.4286	-58.6009	-57.7371	-56.8374	-55.9025	-54.9334	-53.9319	-52.9002	-51.8416	-50.7607	-49.6632	-48.557	-47.4522	-46.3615	-45.3014	-44.2916	-43.3563	-42.5228	-41.8209	-41.2806	-40.9292	-40.7889
1.75	-69.5281	-69.515	-69.4801	-69.4202	-69.3332	-69.2179	-69.0737	-68.9004	-68.6978	-68.4659	-68.2047	-67.9142	-67.5943	-67.2448	-66.8656	-66.4564	-66.0167	-65.5463	-65.0445	-64.511	-63.945	-63.3461	-62.7136	-62.0471	-61.346	-60.61	-59.8388	-59.0322	-58.1904	-57.3136	-56.4025	-55.4582	-54.4824	-53.4774	-52.4464	-51.3938	-50.3254	-49.2488	-48.1738	-47.113	-46.0822	-45.1007	-44.192	-43.3824	-42.701	-42.1767	-41.8359	-41.7
1.755	-69.6736	-69.6606	-69.6267	-69.5686	-69.4841	-69.3722	-69.2322	-69.0638	-68.8669	-68.6415	-68.3874	-68.1048	-67.7935	-67.4534	-67.0843	-66.6859	-66.2579	-65.7998	-65.3112	-64.7915	-64.2402	-63.6568	-63.0406	-62.3912	-61.7082	-60.991	-60.2395	-59.4536	-58.6333	-57.779	-56.8913	-55.9714	-55.0209	-54.0422	-53.0383	-52.0136	-50.9739	-49.9264	-48.8809	-47.8495	-46.8476	-45.8942	-45.0116	-44.2257	-43.5645	-43.056	-42.7256	-42.594
1.76	-69.8157	-69.8029	-69.7699	-69.7135	-69.6315	-69.5229	-69.3869	-69.2234	-69.032	-68.8128	-68.5657	-68.2908	-67.9879	-67.657	-67.2977	-66.9099	-66.4932	-66.0471	-65.5713	-65.0652	-64.5283	-63.96	-63.3598	-62.7272	-62.0617	-61.3631	-60.6309	-59.8652	-59.0661	-58.2338	-57.3692	-56.4732	-55.5476	-54.5947	-53.6175	-52.6204	-51.6088	-50.5901	-49.5736	-48.5712	-47.5979	-46.672	-45.8153	-45.0528	-44.4115	-43.9186	-43.5985	-43.4713
1.765	-69.9546	-69.9419	-69.9098	-69.855	-69.7755	-69.6701	-69.5381	-69.3791	-69.1931	-68.98	-68.7397	-68.4723	-68.1776	-67.8555	-67.5059	-67.1283	-66.7227	-66.2884	-65.8251	-65.3322	-64.8093	-64.2559	-63.6713	-63.0551	-62.4069	-61.7263	-61.0131	-60.2673	-59.4889	-58.6783	-57.8362	-56.9638	-56.0627	-55.1351	-54.1842	-53.2142	-52.2304	-51.24	-50.2521	-49.2784	-48.3333	-47.4345	-46.6034	-45.8639	-45.2423	-44.7647	-44.4548	-44.3319
1.77	-70.0903	-70.0777	-70.0465	-69.9933	-69.9162	-69.8139	-69.6856	-69.5312	-69.3504	-69.1432	-68.9096	-68.6494	-68.3627	-68.0492	-67.7089	-67.3414	-66.9465	-66.5237	-66.0726	-65.5927	-65.0835	-64.5445	-63.9752	-63.3751	-62.7438	-62.081	-61.3864	-60.66	-59.9019	-59.1126	-58.2927	-57.4434	-56.5663	-55.6637	-54.7386	-53.7952	-52.8387	-51.8762	-50.9165	-49.971	-49.0537	-48.1818	-47.3758	-46.6591	-46.0569	-45.5945	-45.2947	-45.176
1.775	-70.2228	-70.2103	-70.18	-70.1284	-70.0536	-69.9543	-69.8298	-69.6797	-69.504	-69.3025	-69.0753	-68.8222	-68.5432	-68.2382	-67.907	-67.5493	-67.1649	-66.7533	-66.3141	-65.8468	-65.351	-64.8262	-64.2718	-63.6874	-63.0726	-62.4271	-61.7507	-61.0434	-60.3053	-59.5368	-58.7387	-57.9121	-57.0586	-56.1805	-55.2808	-54.3636	-53.434	-52.4989	-51.5671	-50.6493	-49.7594	-48.914	-48.1328	-47.4386	-46.8555	-46.4081	-46.1182	-46.0037
1.78	-70.3523	-70.34	-70.3105	-70.2604	-70.1878	-70.0914	-69.9705	-69.8247	-69.6539	-69.4581	-69.237	-68.9908	-68.7194	-68.4226	-68.1002	-67.7521	-67.3778	-66.9771	-66.5496	-66.0947	-65.6119	-65.1009	-64.5611	-63.9921	-63.3935	-62.765	-62.1065	-61.4178	-60.6993	-59.9512	-59.1745	-58.3701	-57.5398	-56.6858	-55.811	-54.9195	-54.0164	-53.1083	-52.2038	-51.3134	-50.4505	-49.6311	-48.8745	-48.2023	-47.6382	-47.2055	-46.9255	-46.8152
1.785	-70.4789	-70.4666	-70.4379	-70.3894	-70.319	-70.2254	-70.1079	-69.9663	-69.8003	-69.6099	-69.3949	-69.1554	-68.8913	-68.6025	-68.2887	-67.9499	-67.5856	-67.1955	-66.7793	-66.3364	-65.8665	-65.3689	-64.8434	-64.2894	-63.7067	-63.0948	-62.4537	-61.7834	-61.084	-60.356	-59.6002	-58.8177	-58.0101	-57.1797	-56.3294	-55.4632	-54.5861	-53.7045	-52.8268	-51.9634	-51.127	-50.3333	-49.6008	-48.9505	-48.405	-47.9869	-47.7165	-47.6104
1.79	-70.6025	-70.5904	-70.5625	-70.5154	-70.4471	-70.3562	-70.2422	-70.1046	-69.9432	-69.758	-69.549	-69.316	-69.059	-68.7779	-68.4726	-68.1428	-67.7882	-67.4085	-67.0033	-66.5722	-66.1147	-65.6304	-65.1188	-64.5795	-64.0122	-63.4166	-62.7926	-62.1402	-61.4596	-60.7512	-60.016	-59.2549	-58.4696	-57.6624	-56.8361	-55.9947	-55.1431	-54.2877	-53.4364	-52.5994	-51.7891	-51.0207	-50.312	-49.6831	-49.156	-48.7522	-48.4914	-48.3893
1.795	-70.7233	-70.7114	-70.6842	-70.6385	-70.5722	-70.4841	-70.3733	-70.2396	-70.0828	-69.9027	-69.6994	-69.4727	-69.2227	-68.9492	-68.652	-68.331	-67.9859	-67.6163	-67.2218	-66.8022	-66.3568	-65.8854	-65.3874	-64.8625	-64.3103	-63.7306	-63.1234	-62.4885	-61.8263	-61.1372	-60.422	-59.6819	-58.9185	-58.134	-57.3313	-56.5143	-55.6877	-54.8579	-54.0326	-53.2216	-52.437	-51.6934	-51.008	-50.4003	-49.8912	-49.5015	-49.2502	-49.1522
1.8	-70.8414	-70.8296	-70.8031	-70.7588	-70.6945	-70.6089	-70.5014	-70.3715	-70.219	-70.044	-69.8462	-69.6257	-69.3824	-69.1162	-68.827	-68.5146	-68.1786	-67.8189	-67.435	-67.0265	-66.593	-66.1341	-65.6494	-65.1385	-64.6011	-64.037	-63.4461	-62.8284	-62.1842	-61.5139	-60.8185	-60.0989	-59.357	-58.5948	-57.8152	-57.0221	-56.2201	-55.4153	-54.6155	-53.83	-53.0706	-52.3514	-51.6889	-51.102	-50.6106	-50.2349	-49.9929	-49.8988
1.805	-70.9568	-70.9451	-70.9194	-70.8764	-70.814	-70.7309	-70.6265	-70.5003	-70.3521	-70.1818	-69.9895	-69.775	-69.5382	-69.2792	-68.9977	-68.6936	-68.3667	-68.0165	-67.6428	-67.2452	-66.8233	-66.3766	-65.9049	-65.4077	-64.8848	-64.3359	-63.761	-63.1601	-62.5335	-61.8817	-61.2055	-60.5061	-59.7852	-59.0448	-58.2879	-57.5182	-56.7403	-55.9601	-55.1852	-54.4248	-53.6901	-52.9948	-52.3549	-51.7883	-51.3144	-50.9523	-50.7194	-50.6293
1.81	-71.0696	-71.058	-71.033	-70.9913	-70.9308	-70.8502	-70.7487	-70.6261	-70.482	-70.3165	-70.1294	-69.9207	-69.6903	-69.4382	-69.1643	-68.8683	-68.5501	-68.2092	-67.8455	-67.4585	-67.0479	-66.6132	-66.1541	-65.6703	-65.1615	-64.6275	-64.0682	-63.4837	-62.8744	-62.2406	-61.5833	-60.9037	-60.2033	-59.4843	-58.7496	-58.0028	-57.2485	-56.4925	-55.742	-55.0061	-54.2956	-53.6238	-53.0059	-52.4593	-52.0025	-51.6538	-51.4299	-51.3436
1.815	-71.1798	-71.1683	-71.144	-71.1036	-71.0449	-70.9666	-70.8681	-70.749	-70.6089	-70.4479	-70.2659	-70.0629	-69.8387	-69.5934	-69.3268	-69.0387	-68.729	-68.3972	-68.0432	-67.6665	-67.2669	-66.8439	-66.3972	-65.9264	-65.4314	-64.9119	-64.3679	-63.7995	-63.207	-62.5909	-61.9521	-61.2917	-60.6115	-59.9134	-59.2004	-58.4761	-57.7448	-57.0124	-56.2859	-55.574	-54.8873	-54.2384	-53.6421	-53.115	-52.675	-52.3394	-52.1243	-52.0419
1.82	-71.2875	-71.2762	-71.2526	-71.2133	-71.1564	-71.0804	-70.9848	-70.869	-70.7329	-70.5763	-70.3993	-70.2017	-69.9836	-69.7449	-69.4854	-69.205	-68.9035	-68.5806	-68.236	-67.8694	-67.4805	-67.0688	-66.6342	-66.1762	-65.6946	-65.1893	-64.6602	-64.1075	-63.5315	-62.9327	-62.3119	-61.6705	-61.0099	-60.3323	-59.6406	-58.9382	-58.2295	-57.5202	-56.8171	-56.1287	-55.4651	-54.8387	-54.2635	-53.7556	-53.3319	-53.0092	-52.8026	-52.724
1.825	-71.3928	-71.3816	-71.3587	-71.3206	-71.2654	-71.1917	-71.0988	-70.9862	-70.8539	-70.7017	-70.5294	-70.3372	-70.125	-69.8926	-69.6401	-69.3671	-69.0737	-68.7594	-68.424	-68.0673	-67.6888	-67.2882	-66.8653	-66.4197	-65.9513	-65.4598	-64.9453	-64.4079	-63.848	-63.2661	-62.663	-62.04	-61.3987	-60.7412	-60.0702	-59.3892	-58.7027	-58.0159	-57.3357	-56.6702	-56.0293	-55.4248	-54.8702	-54.381	-53.9733	-53.6632	-53.465	-53.3901
1.83	-71.4958	-71.4847	-71.4624	-71.4255	-71.3719	-71.3004	-71.2101	-71.1008	-70.9722	-70.8241	-70.6565	-70.4695	-70.263	-70.0368	-69.791	-69.5254	-69.2397	-68.9338	-68.6074	-68.2602	-67.8919	-67.5021	-67.0907	-66.6572	-66.2016	-65.7236	-65.2234	-64.701	-64.1568	-63.5913	-63.0055	-62.4006	-61.778	-61.1401	-60.4894	-59.8295	-59.1645	-58.4998	-57.8419	-57.1988	-56.58	-55.9968	-55.4624	-54.9914	-54.5993	-54.3014	-54.1115	-54.0401
1.835	-71.5964	-71.5855	-71.5638	-71.528	-71.476	-71.4066	-71.319	-71.2127	-71.0877	-70.9437	-70.7807	-70.5987	-70.3977	-70.1776	-69.9383	-69.6797	-69.4017	-69.104	-68.7863	-68.4484	-68.09	-67.7107	-67.3104	-66.8888	-66.4456	-65.9808	-65.4945	-64.9867	-64.4579	-63.9086	-63.3396	-62.7523	-62.1481	-61.5293	-60.8985	-60.259	-59.6151	-58.9719	-58.3358	-57.7145	-57.1173	-56.555	-56.0402	-55.5869	-55.21	-54.924	-54.742	-54.6743
1.84	-71.6948	-71.684	-71.6629	-71.6282	-71.5778	-71.5104	-71.4253	-71.3221	-71.2005	-71.0604	-70.9019	-70.7248	-70.5292	-70.3149	-70.082	-69.8303	-69.5597	-69.2699	-68.9607	-68.6319	-68.2831	-67.9141	-67.5247	-67.1145	-66.6836	-66.2317	-65.7589	-65.2654	-64.7515	-64.2179	-63.6654	-63.0953	-62.5091	-61.909	-61.2975	-60.678	-60.0546	-59.4324	-58.8176	-58.2176	-57.6413	-57.0993	-56.6036	-56.1676	-55.8054	-55.5311	-55.3569	-55.2925
1.845	-71.7911	-71.7804	-71.7599	-71.7262	-71.6773	-71.6119	-71.5293	-71.429	-71.3107	-71.1745	-71.0202	-70.8479	-70.6575	-70.449	-70.2223	-69.9773	-69.7139	-69.4318	-69.1309	-68.8108	-68.4714	-68.1124	-67.7336	-67.3347	-66.9156	-66.4762	-66.0166	-65.537	-65.0378	-64.5195	-63.9832	-63.4298	-62.8611	-62.2792	-61.6866	-61.0866	-60.4833	-59.8815	-59.2874	-58.7081	-58.1522	-57.6299	-57.1528	-56.7335	-56.3858	-56.1227	-55.9561	-55.8951
1.85	-71.8852	-71.8746	-71.8547	-71.822	-71.7746	-71.7112	-71.6309	-71.5334	-71.4184	-71.286	-71.1359	-70.9682	-70.7828	-70.5799	-70.3592	-70.1207	-69.8643	-69.5897	-69.2968	-68.9854	-68.6551	-68.3058	-67.9373	-67.5493	-67.1418	-66.7146	-66.2679	-65.8019	-65.3169	-64.8136	-64.2929	-63.756	-63.2044	-62.6402	-62.066	-61.485	-60.9012	-60.3194	-59.7453	-59.1862	-58.6502	-58.1471	-57.6879	-57.285	-56.9512	-56.699	-56.5397	-56.482
1.855	-71.9772	-71.9668	-71.9474	-71.9157	-71.8698	-71.8082	-71.7302	-71.6355	-71.5237	-71.3948	-71.2488	-71.0856	-70.9052	-70.7076	-70.4928	-70.2606	-70.011	-69.7437	-69.4587	-69.1556	-68.8342	-68.4944	-68.1359	-67.7586	-67.3623	-66.947	-66.5129	-66.0601	-65.589	-65.1003	-64.5949	-64.0739	-63.539	-62.9921	-62.4359	-61.8734	-61.3086	-60.7461	-60.1917	-59.6521	-59.1354	-58.6509	-58.2092	-57.8221	-57.5018	-57.2602	-57.108	-57.0535
1.86	-72.0672	-72.0569	-72.038	-72.0074	-71.9628	-71.903	-71.8273	-71.7352	-71.6265	-71.5012	-71.3591	-71.2003	-71.0247	-70.8324	-70.6232	-70.3972	-70.1542	-69.894	-69.6165	-69.3216	-69.0089	-68.6783	-68.3295	-67.9626	-67.5773	-67.1736	-66.7517	-66.3118	-65.8543	-65.3798	-64.8893	-64.3839	-63.8652	-63.3352	-62.7964	-62.2519	-61.7056	-61.162	-60.6266	-60.106	-59.608	-59.1416	-58.7168	-58.345	-58.0377	-57.8064	-57.6611	-57.6096
1.865	-72.1552	-72.1451	-72.1267	-72.097	-72.0538	-71.9958	-71.9222	-71.8327	-71.7271	-71.6051	-71.4669	-71.3123	-71.1414	-70.9541	-70.7505	-70.5305	-70.2939	-70.0406	-69.7706	-69.4835	-69.1792	-68.8575	-68.5183	-68.1615	-67.7868	-67.3945	-66.9845	-66.5571	-66.1128	-65.6522	-65.1761	-64.6859	-64.183	-63.6694	-63.1477	-62.6207	-62.0924	-61.5671	-61.0502	-60.5481	-60.0682	-59.6192	-59.2109	-58.8539	-58.5592	-58.3378	-58.1992	-58.1506
1.87	-72.2414	-72.2313	-72.2135	-72.1847	-72.1427	-72.0864	-72.015	-71.9281	-71.8253	-71.7067	-71.5721	-71.4217	-71.2553	-71.073	-70.8748	-70.6605	-70.4302	-70.1837	-69.9208	-69.6414	-69.3453	-69.0324	-68.7024	-68.3553	-67.9911	-67.6097	-67.2113	-66.7962	-66.3647	-65.9176	-65.4557	-64.9802	-64.4927	-63.9951	-63.4899	-62.98	-62.4692	-61.9616	-61.4627	-60.9785	-60.5162	-60.0842	-59.6917	-59.3489	-59.0665	-58.8546	-58.7224	-58.6768
1.875	-72.3256	-72.3157	-72.2983	-72.2704	-72.2298	-72.1751	-72.1058	-72.0212	-71.9213	-71.8059	-71.675	-71.5285	-71.3666	-71.1891	-70.9961	-70.7875	-70.5632	-70.3232	-70.0674	-69.7954	-69.5073	-69.2028	-68.8819	-68.5444	-68.1902	-67.8196	-67.4324	-67.0292	-66.6102	-66.1762	-65.7281	-65.267	-64.7945	-64.3124	-63.8233	-63.33	-62.8361	-62.3458	-61.8643	-61.3974	-60.9521	-60.5365	-60.1593	-59.8304	-59.5597	-59.3571	-59.2311	-59.1882
1.88	-72.408	-72.3982	-72.3814	-72.3543	-72.3149	-72.2619	-72.1945	-72.1124	-72.0152	-71.9029	-71.7755	-71.6329	-71.4753	-71.3024	-71.1145	-70.9114	-70.6931	-70.4594	-70.2103	-69.9457	-69.6653	-69.3691	-69.0569	-68.7286	-68.3844	-68.0241	-67.6479	-67.2563	-66.8495	-66.4283	-65.9935	-65.5464	-65.0884	-64.6215	-64.148	-63.6708	-63.1933	-62.7198	-62.2551	-61.805	-61.3763	-60.9764	-60.6141	-60.2984	-60.0391	-59.8454	-59.7253	-59.6851
1.885	-72.4887	-72.479	-72.4626	-72.4364	-72.3982	-72.3467	-72.2813	-72.2015	-72.107	-71.9977	-71.8737	-71.7349	-71.5814	-71.4132	-71.2302	-71.0324	-70.8198	-70.5923	-70.3498	-70.0922	-69.8194	-69.5312	-69.2275	-68.9083	-68.5736	-68.2234	-67.858	-67.4775	-67.0826	-66.6738	-66.252	-65.8185	-65.3747	-64.9225	-64.4641	-64.0026	-63.5411	-63.0838	-62.6355	-62.2016	-61.7888	-61.4042	-61.0562	-60.7534	-60.505	-60.3198	-60.2055	-60.1678
1.89	-72.5676	-72.558	-72.5421	-72.5167	-72.4797	-72.4297	-72.3662	-72.2886	-72.1967	-72.0904	-71.9697	-71.8346	-71.6851	-71.5213	-71.3431	-71.1505	-70.9435	-70.722	-70.4859	-70.2352	-69.9697	-69.6892	-69.3938	-69.0834	-68.758	-68.4177	-68.0626	-67.6931	-67.3097	-66.913	-66.5039	-66.0835	-65.6535	-65.2155	-64.7719	-64.3255	-63.8796	-63.438	-63.0055	-62.5874	-62.1899	-61.8201	-61.4858	-61.1954	-60.9575	-60.7806	-60.6717	-60.6365
1.895	-72.6449	-72.6354	-72.6199	-72.5953	-72.5594	-72.511	-72.4492	-72.3738	-72.2844	-72.181	-72.0635	-71.932	-71.7864	-71.6269	-71.4533	-71.2658	-71.0642	-70.8486	-70.6187	-70.3747	-70.1162	-69.8434	-69.556	-69.2542	-68.9378	-68.607	-68.2621	-67.9032	-67.531	-67.146	-66.7492	-66.3417	-65.925	-65.5009	-65.0716	-64.6399	-64.2089	-63.7826	-63.3654	-62.9625	-62.5799	-62.2243	-61.9032	-61.6247	-61.397	-61.228	-61.1244	-61.0916
1.9	-72.7205	-72.7111	-72.6961	-72.6722	-72.6374	-72.5904	-72.5305	-72.4572	-72.3702	-72.2696	-72.1553	-72.0272	-71.8854	-71.73	-71.561	-71.3784	-71.1821	-70.9721	-70.7483	-70.5107	-70.2592	-69.9937	-69.7142	-69.4206	-69.113	-68.7916	-68.4564	-68.1079	-67.7465	-67.3729	-66.9881	-66.593	-66.1893	-65.7786	-65.3632	-64.9458	-64.5294	-64.1178	-63.7154	-63.3272	-62.9589	-62.617	-62.3087	-62.0417	-61.8237	-61.6622	-61.5637	-61.5332
1.905	-72.7944	-72.7852	-72.7706	-72.7475	-72.7138	-72.6682	-72.6099	-72.5387	-72.4541	-72.3562	-72.2449	-72.1202	-71.9822	-71.8308	-71.6662	-71.4883	-71.2971	-71.0927	-70.8748	-70.6435	-70.3987	-70.1404	-69.8684	-69.5829	-69.2839	-68.9714	-68.6458	-68.3073	-67.9565	-67.594	-67.2207	-66.8378	-66.4466	-66.049	-65.6471	-65.2434	-64.8411	-64.4438	-64.0557	-63.6816	-63.3272	-62.9985	-62.7025	-62.4465	-62.2379	-62.0836	-61.99	-61.9616
1.91	-72.8669	-72.8578	-72.8436	-72.8212	-72.7885	-72.7442	-72.6877	-72.6184	-72.5362	-72.4409	-72.3326	-72.2111	-72.0767	-71.9293	-71.7689	-71.5957	-71.4095	-71.2103	-70.9982	-70.773	-70.5348	-70.2834	-70.0188	-69.7411	-69.4504	-69.1467	-68.8303	-68.5016	-68.161	-67.8093	-67.4473	-67.0761	-66.6971	-66.3121	-65.9232	-65.533	-65.1443	-64.7608	-64.3865	-64.0261	-63.685	-63.3691	-63.0849	-62.8395	-62.6398	-62.4925	-62.4036	-62.3773
1.915	-72.9378	-72.9288	-72.915	-72.8933	-72.8616	-72.8187	-72.7638	-72.6965	-72.6165	-72.5238	-72.4183	-72.3	-72.1691	-72.0255	-71.8693	-71.7005	-71.5192	-71.3252	-71.1187	-70.8994	-70.6675	-70.4229	-70.1655	-69.8954	-69.6127	-69.3176	-69.0102	-68.6909	-68.3603	-68.019	-67.6679	-67.3081	-66.9409	-66.5682	-66.1919	-65.8146	-65.4391	-65.0689	-64.708	-64.3608	-64.0325	-63.7289	-63.4561	-63.2208	-63.0297	-62.8892	-62.8047	-62.7803
1.92	-73.0072	-72.9983	-72.9849	-72.9639	-72.9332	-72.8916	-72.8383	-72.7728	-72.695	-72.6048	-72.5021	-72.3869	-72.2594	-72.1195	-71.9673	-71.8029	-71.6263	-71.4374	-71.2362	-71.0228	-70.797	-70.5589	-70.3085	-70.0458	-69.771	-69.4841	-69.1854	-68.8753	-68.5544	-68.2232	-67.8827	-67.5339	-67.1782	-66.8174	-66.4533	-66.0885	-65.7258	-65.3685	-65.0204	-64.686	-64.3701	-64.0782	-63.8164	-63.5908	-63.408	-63.2738	-63.1936	-63.1712
1.925	-73.0752	-73.0664	-73.0534	-73.0331	-73.0033	-72.9629	-72.9111	-72.8475	-72.7718	-72.684	-72.584	-72.4719	-72.3476	-72.2114	-72.0631	-71.903	-71.7309	-71.5469	-71.351	-71.1432	-70.9234	-70.6917	-70.448	-70.1925	-69.9252	-69.6464	-69.3562	-69.055	-68.7434	-68.4221	-68.0918	-67.7537	-67.4092	-67.0598	-66.7076	-66.3549	-66.0046	-65.6597	-65.324	-65.0018	-64.6979	-64.4173	-64.166	-63.9498	-63.7748	-63.6468	-63.5707	-63.5501
1.93	-73.1418	-73.1331	-73.1205	-73.1008	-73.072	-73.0328	-72.9825	-72.9206	-72.847	-72.7615	-72.6642	-72.5549	-72.4339	-72.3012	-72.1567	-72.0007	-71.833	-71.6538	-71.463	-71.2606	-71.0467	-70.8211	-70.5841	-70.3355	-70.0756	-69.8045	-69.5226	-69.2301	-68.9276	-68.6157	-68.2954	-67.9677	-67.6339	-67.2957	-66.955	-66.614	-66.2755	-65.9427	-65.619	-65.3086	-65.0161	-64.7465	-64.5052	-64.298	-64.1306	-64.0085	-63.9362	-63.9174
1.935	-73.207	-73.1984	-73.1862	-73.1671	-73.1392	-73.1012	-73.0523	-72.9922	-72.9206	-72.8374	-72.7425	-72.6362	-72.5183	-72.3889	-72.2482	-72.0962	-71.9328	-71.7582	-71.5724	-71.3753	-71.167	-70.9474	-70.7168	-70.475	-70.2222	-69.9587	-69.6847	-69.4006	-69.1069	-68.8044	-68.4937	-68.176	-67.8527	-67.5252	-67.1955	-66.8659	-66.5389	-66.2177	-65.9056	-65.6066	-65.3251	-65.0659	-64.8343	-64.6357	-64.4756	-64.359	-64.2905	-64.2733
1.94	-73.2709	-73.2624	-73.2505	-73.232	-73.205	-73.1681	-73.1207	-73.0622	-72.9926	-72.9116	-72.8192	-72.7156	-72.6007	-72.4747	-72.3376	-72.1894	-72.0303	-71.8602	-71.6792	-71.4872	-71.2844	-71.0707	-70.8462	-70.611	-70.3652	-70.109	-69.8428	-69.5668	-69.2817	-68.988	-68.6867	-68.3788	-68.0655	-67.7485	-67.4295	-67.1108	-66.795	-66.4849	-66.1839	-65.8959	-65.625	-65.3759	-65.1535	-64.9632	-64.81	-64.6988	-64.6339	-64.6182
1.945	-73.3335	-73.3251	-73.3135	-73.2957	-73.2695	-73.2337	-73.1876	-73.1308	-73.063	-72.9842	-72.8943	-72.7933	-72.6814	-72.5586	-72.425	-72.2806	-72.1255	-71.9598	-71.7834	-71.5965	-71.399	-71.1909	-70.9725	-70.7436	-70.5046	-70.2555	-69.9968	-69.7287	-69.4519	-69.1669	-68.8746	-68.5761	-68.2726	-67.9657	-67.6571	-67.349	-67.0438	-66.7445	-66.4543	-66.1768	-65.9161	-65.6766	-65.4632	-65.2808	-65.1342	-65.0282	-64.9667	-64.9525
1.95	-73.3948	-73.3865	-73.3753	-73.358	-73.3326	-73.2979	-73.2532	-73.198	-73.132	-73.0552	-72.9677	-72.8693	-72.7603	-72.6406	-72.5104	-72.3697	-72.2185	-72.0571	-71.8852	-71.7032	-71.5108	-71.3083	-71.0956	-70.873	-70.6405	-70.3983	-70.1469	-69.8864	-69.6176	-69.3411	-69.0576	-68.7682	-68.4741	-68.1769	-67.8783	-67.5804	-67.2857	-66.9967	-66.7168	-66.4495	-66.1986	-65.9685	-65.7636	-65.5887	-65.4485	-65.3474	-65.2891	-65.2763
1.955	-73.4549	-73.4467	-73.4358	-73.419	-73.3945	-73.3608	-73.3174	-73.2637	-73.1995	-73.1248	-73.0395	-72.9437	-72.8374	-72.7208	-72.5938	-72.4567	-72.3094	-72.1521	-71.9847	-71.8073	-71.62	-71.4228	-71.2158	-70.9991	-70.773	-70.5375	-70.2931	-70.0401	-69.7791	-69.5107	-69.2357	-68.9551	-68.6702	-68.3824	-68.0935	-67.8055	-67.5207	-67.2418	-66.9719	-66.7143	-66.4728	-66.2516	-66.0549	-65.8872	-65.7531	-65.6567	-65.6015	-65.5901
1.96	-73.5137	-73.5056	-73.495	-73.4789	-73.4551	-73.4225	-73.3803	-73.328	-73.2656	-73.1929	-73.1098	-73.0164	-72.9128	-72.7992	-72.6754	-72.5418	-72.3982	-72.2449	-72.0818	-71.909	-71.7265	-71.5345	-71.333	-71.1222	-70.9022	-70.6733	-70.4357	-70.1899	-69.9364	-69.6759	-69.4091	-69.1371	-68.861	-68.5824	-68.3028	-68.0243	-67.7491	-67.4799	-67.2195	-66.9713	-66.7389	-66.5262	-66.3374	-66.1767	-66.0483	-65.9564	-65.9042	-65.8941
1.965	-73.5714	-73.5634	-73.5531	-73.5375	-73.5145	-73.4828	-73.4418	-73.3911	-73.3303	-73.2595	-73.1786	-73.0876	-72.9867	-72.8758	-72.7552	-72.625	-72.485	-72.3356	-72.1766	-72.0083	-71.8306	-71.6436	-71.4475	-71.2423	-71.0283	-70.8056	-70.5747	-70.3359	-70.0897	-69.8368	-69.5779	-69.3142	-69.0467	-68.7768	-68.5063	-68.237	-67.9711	-67.7111	-67.46	-67.2209	-66.9972	-66.7926	-66.6113	-66.4573	-66.3345	-66.2468	-66.1974	-66.1886
1.97	-73.6279	-73.62	-73.6101	-73.5949	-73.5726	-73.542	-73.5022	-73.4528	-73.3937	-73.3248	-73.2459	-73.1573	-73.0589	-72.9509	-72.8333	-72.7063	-72.5699	-72.4242	-72.2693	-72.1053	-71.9322	-71.7501	-71.5591	-71.3594	-71.1512	-70.9346	-70.7101	-70.4781	-70.239	-69.9935	-69.7423	-69.4866	-69.2274	-68.966	-68.7042	-68.4437	-68.1868	-67.9358	-67.6936	-67.4631	-67.2478	-67.0511	-66.877	-66.7293	-66.6119	-66.5283	-66.4815	-66.4738
1.975	-73.6834	-73.6756	-73.6659	-73.6512	-73.6297	-73.5999	-73.5613	-73.5133	-73.4558	-73.3886	-73.3118	-73.2254	-73.1295	-73.0242	-72.9096	-72.7858	-72.6528	-72.5108	-72.3598	-72.2	-72.0313	-71.854	-71.668	-71.4737	-71.2711	-71.0605	-70.8422	-70.6167	-70.3844	-70.1461	-69.9024	-69.6544	-69.4032	-69.15	-68.8966	-68.6447	-68.3964	-68.1541	-67.9204	-67.6983	-67.491	-67.3019	-67.1346	-66.993	-66.8807	-66.801	-66.7568	-66.7502
1.98	-73.7377	-73.73	-73.7206	-73.7064	-73.6856	-73.6567	-73.6192	-73.5726	-73.5166	-73.4512	-73.3764	-73.2922	-73.1987	-73.096	-72.9842	-72.8635	-72.7338	-72.5954	-72.4483	-72.2925	-72.1282	-71.9554	-71.7744	-71.5852	-71.388	-71.1832	-70.9709	-70.7518	-70.5262	-70.2947	-70.0583	-69.8178	-69.5742	-69.3291	-69.0838	-68.8401	-68.6001	-68.3661	-68.1407	-67.9266	-67.727	-67.5451	-67.3845	-67.2487	-67.1412	-67.0653	-67.0235	-67.018
1.985	-73.791	-73.7833	-73.7742	-73.7605	-73.7403	-73.7124	-73.676	-73.6306	-73.5761	-73.5125	-73.4396	-73.3575	-73.2663	-73.1662	-73.0572	-72.9395	-72.8131	-72.6781	-72.5347	-72.3829	-72.2228	-72.0545	-71.8782	-71.694	-71.5021	-71.3028	-71.0965	-70.8834	-70.6643	-70.4396	-70.2101	-69.9768	-69.7407	-69.5032	-69.2658	-69.0301	-68.7981	-68.5721	-68.3546	-68.1482	-67.956	-67.7811	-67.6268	-67.4966	-67.3938	-67.3214	-67.282	-67.2774
1.99	-73.8432	-73.8357	-73.8268	-73.8136	-73.7941	-73.767	-73.7316	-73.6875	-73.6345	-73.5725	-73.5014	-73.4214	-73.3326	-73.2349	-73.1287	-73.0138	-72.8906	-72.759	-72.6191	-72.4712	-72.3151	-72.1512	-71.9795	-71.8001	-71.6134	-71.4195	-71.2188	-71.0118	-70.7988	-70.5806	-70.3579	-70.1316	-69.9028	-69.6727	-69.4428	-69.2148	-68.9905	-68.7723	-68.5623	-68.3634	-68.1783	-68.01	-67.8618	-67.737	-67.6386	-67.5695	-67.5324	-67.5288
1.995	-73.8944	-73.887	-73.8784	-73.8656	-73.8467	-73.8205	-73.7861	-73.7432	-73.6917	-73.6312	-73.562	-73.484	-73.3974	-73.3022	-73.1985	-73.0865	-72.9663	-72.838	-72.7017	-72.5574	-72.4054	-72.2456	-72.0784	-71.9037	-71.722	-71.5334	-71.3382	-71.1369	-70.93	-70.718	-70.5019	-70.2823	-70.0605	-69.8375	-69.6149	-69.3943	-69.1776	-68.9667	-68.7641	-68.5723	-68.394	-68.2321	-68.0898	-67.97	-67.8759	-67.8101	-67.775	-67.7723
2	-73.9446	-73.9373	-73.9289	-73.9166	-73.8984	-73.8729	-73.8395	-73.7979	-73.7477	-73.6888	-73.6214	-73.5453	-73.4609	-73.368	-73.2669	-73.1577	-73.0404	-72.9153	-72.7823	-72.6417	-72.4935	-72.3379	-72.1749	-72.0049	-71.8279	-71.6444	-71.4546	-71.2588	-71.0578	-70.8519	-70.6421	-70.4291	-70.214	-69.9979	-69.7824	-69.5689	-69.3593	-69.1556	-68.9601	-68.7751	-68.6034	-68.4476	-68.3109	-68.196	-68.1059	-68.0432	-68.0102	-68.0083
2.005	-73.9939	-73.9866	-73.9786	-73.9667	-73.949	-73.9243	-73.8919	-73.8514	-73.8026	-73.7453	-73.6795	-73.6054	-73.523	-73.4324	-73.3338	-73.2272	-73.1129	-72.9908	-72.8612	-72.7241	-72.5796	-72.4279	-72.2692	-72.1036	-71.9314	-71.7527	-71.5681	-71.3778	-71.1823	-70.9824	-70.7787	-70.572	-70.3634	-70.154	-69.9453	-69.7387	-69.536	-69.3392	-69.1505	-68.9721	-68.8066	-68.6568	-68.5253	-68.4152	-68.3289	-68.2692	-68.2381	-68.2371
2.01	-74.0423	-74.0351	-74.0272	-74.0157	-73.9986	-73.9748	-73.9433	-73.9039	-73.8564	-73.8005	-73.7365	-73.6642	-73.5838	-73.4955	-73.3993	-73.2953	-73.1838	-73.0647	-72.9383	-72.8046	-72.6638	-72.5159	-72.3613	-72.2	-72.0323	-71.8584	-71.6787	-71.4937	-71.3038	-71.1095	-70.9117	-70.7111	-70.5088	-70.3059	-70.1038	-69.9038	-69.7078	-69.5176	-69.3354	-69.1633	-69.0039	-68.8597	-68.7334	-68.6277	-68.5452	-68.4883	-68.459	-68.4587
2.015	-74.0897	-74.0826	-74.075	-74.0639	-74.0474	-74.0242	-73.9937	-73.9554	-73.9091	-73.8547	-73.7923	-73.7218	-73.6434	-73.5572	-73.4634	-73.3619	-73.2531	-73.137	-73.0136	-72.8833	-72.746	-72.6019	-72.4512	-72.2941	-72.1308	-71.9615	-71.7867	-71.6068	-71.4221	-71.2334	-71.0413	-70.8467	-70.6504	-70.4538	-70.2579	-70.0644	-69.8748	-69.691	-69.515	-69.3491	-69.1954	-69.0566	-68.9353	-68.8338	-68.7549	-68.7007	-68.6731	-68.6736
2.02	-74.1362	-74.1292	-74.1218	-74.1111	-74.0952	-74.0727	-74.0431	-74.0059	-73.9608	-73.9078	-73.847	-73.7782	-73.7018	-73.6177	-73.5261	-73.4271	-73.3209	-73.2076	-73.0873	-72.9602	-72.8263	-72.6859	-72.539	-72.3859	-72.2269	-72.0622	-71.8921	-71.717	-71.5375	-71.3541	-71.1676	-70.9786	-70.7883	-70.5976	-70.4079	-70.2206	-70.0372	-69.8595	-69.6896	-69.5294	-69.3814	-69.2478	-69.1311	-69.0338	-68.9583	-68.9066	-68.8807	-68.8819
2.025	-74.1819	-74.1749	-74.1678	-74.1575	-74.142	-74.1203	-74.0915	-74.0553	-74.0115	-73.9599	-73.9005	-73.8335	-73.7589	-73.6769	-73.5875	-73.4909	-73.3873	-73.2768	-73.1594	-73.0354	-72.9048	-72.7679	-72.6248	-72.4757	-72.3208	-72.1604	-71.9948	-71.8246	-71.65	-71.4718	-71.2906	-71.1072	-70.9225	-70.7377	-70.5539	-70.3725	-70.195	-70.0233	-69.8592	-69.7047	-69.562	-69.4334	-69.3212	-69.2278	-69.1555	-69.1063	-69.082	-69.0838
2.03	-74.2267	-74.2198	-74.2129	-74.2029	-74.188	-74.167	-74.1391	-74.1039	-74.0612	-74.0109	-73.9531	-73.8877	-73.8149	-73.7349	-73.6476	-73.5534	-73.4523	-73.3444	-73.2299	-73.1089	-72.9816	-72.8481	-72.7086	-72.5633	-72.4124	-72.2562	-72.0951	-71.9295	-71.7597	-71.5865	-71.4105	-71.2325	-71.0533	-70.874	-70.6959	-70.5202	-70.3486	-70.1825	-70.024	-69.8749	-69.7373	-69.6135	-69.5057	-69.416	-69.3468	-69.3	-69.2772	-69.2797
2.035	-74.2706	-74.2639	-74.2571	-74.2476	-74.2332	-74.2128	-74.1857	-74.1515	-74.1099	-74.0609	-74.0045	-73.9408	-73.8698	-73.7916	-73.7065	-73.6145	-73.5158	-73.4106	-73.2989	-73.1808	-73.0566	-72.9265	-72.7905	-72.6488	-72.5019	-72.3498	-72.193	-72.0318	-71.8667	-71.6984	-71.5274	-71.3545	-71.1806	-71.0067	-70.8341	-70.664	-70.4979	-70.3373	-70.1842	-70.0403	-69.9076	-69.7884	-69.6847	-69.5987	-69.5325	-69.4879	-69.4666	-69.4696
2.04	-74.3138	-74.3071	-74.3006	-74.2914	-74.2775	-74.2577	-74.2314	-74.1982	-74.1577	-74.11	-74.055	-73.9928	-73.9235	-73.8473	-73.7642	-73.6744	-73.5781	-73.4753	-73.3663	-73.2511	-73.13	-73.003	-72.8705	-72.7324	-72.5892	-72.4411	-72.2884	-72.1316	-71.9711	-71.8074	-71.6412	-71.4733	-71.3046	-71.136	-70.9687	-70.8039	-70.6431	-70.4879	-70.3399	-70.201	-70.0731	-69.9582	-69.8585	-69.776	-69.7126	-69.6702	-69.6502	-69.6538
2.045	-74.3562	-74.3496	-74.3433	-74.3344	-74.321	-74.3019	-74.2763	-74.244	-74.2046	-74.1581	-74.1045	-74.0438	-73.9762	-73.9018	-73.8207	-73.733	-73.639	-73.5387	-73.4323	-73.3199	-73.2017	-73.0779	-72.9486	-72.8141	-72.6746	-72.5303	-72.3816	-72.229	-72.0728	-71.9137	-71.7522	-71.5892	-71.4254	-71.2618	-71.0996	-70.94	-70.7844	-70.6342	-70.4912	-70.3571	-70.2338	-70.1232	-70.0273	-69.948	-69.8874	-69.847	-69.8283	-69.8324
2.05	-74.3978	-74.3913	-74.3851	-74.3766	-74.3637	-74.3452	-74.3204	-74.2889	-74.2506	-74.2053	-74.153	-74.0938	-74.0278	-73.9552	-73.876	-73.7904	-73.6986	-73.6007	-73.4968	-73.3872	-73.2719	-73.1511	-73.025	-72.8939	-72.7579	-72.6174	-72.4726	-72.3241	-72.1721	-72.0174	-71.8605	-71.7021	-71.5431	-71.3844	-71.2271	-71.0725	-70.9218	-70.7766	-70.6384	-70.5089	-70.3899	-70.2834	-70.1911	-70.1151	-70.057	-70.0186	-70.0012	-70.0058
2.055	-74.4387	-74.4322	-74.4263	-74.418	-74.4056	-74.3877	-74.3636	-74.3331	-74.2957	-74.2516	-74.2006	-74.1428	-74.0784	-74.0075	-73.9302	-73.8466	-73.757	-73.6614	-73.56	-73.453	-73.3405	-73.2226	-73.0997	-72.9718	-72.8393	-72.7024	-72.5614	-72.4168	-72.269	-72.1185	-71.966	-71.8121	-71.6577	-71.5037	-71.3513	-71.2014	-71.0555	-70.915	-70.7814	-70.6564	-70.5416	-70.439	-70.3503	-70.2772	-70.2217	-70.1851	-70.1689	-70.174
2.06	-74.4788	-74.4724	-74.4667	-74.4587	-74.4467	-74.4294	-74.4061	-74.3763	-74.34	-74.297	-74.2472	-74.1909	-74.128	-74.0588	-73.9833	-73.9017	-73.8142	-73.7208	-73.6218	-73.5174	-73.4076	-73.2926	-73.1727	-73.048	-72.9188	-72.7854	-72.6481	-72.5073	-72.3635	-72.2171	-72.0688	-71.9193	-71.7694	-71.62	-71.4721	-71.3269	-71.1857	-71.0497	-70.9205	-70.7998	-70.6891	-70.5902	-70.5048	-70.4347	-70.3815	-70.3468	-70.3317	-70.3373
2.065	-74.5182	-74.5119	-74.5063	-74.4987	-74.4871	-74.4704	-74.4477	-74.4188	-74.3835	-74.3415	-74.293	-74.238	-74.1766	-74.109	-74.0353	-73.9556	-73.8701	-73.779	-73.6824	-73.5804	-73.4732	-73.361	-73.244	-73.1225	-72.9965	-72.8665	-72.7328	-72.5957	-72.4557	-72.3133	-72.1692	-72.0239	-71.8783	-71.7333	-71.5899	-71.4491	-71.3123	-71.1807	-71.0558	-70.9392	-70.8324	-70.7371	-70.6549	-70.5876	-70.5368	-70.5037	-70.4898	-70.4957
2.07	-74.5569	-74.5507	-74.5453	-74.538	-74.5268	-74.5106	-74.4886	-74.4605	-74.4261	-74.3852	-74.3379	-74.2842	-74.2243	-74.1583	-74.0863	-74.0085	-73.925	-73.836	-73.7416	-73.642	-73.5374	-73.428	-73.3138	-73.1952	-73.0725	-72.9458	-72.8155	-72.682	-72.5457	-72.4072	-72.267	-72.1258	-71.9844	-71.8437	-71.7045	-71.5681	-71.4356	-71.3082	-71.1875	-71.0748	-70.9717	-70.8799	-70.8008	-70.7362	-70.6875	-70.6561	-70.6432	-70.6496
2.075	-74.595	-74.5888	-74.5836	-74.5765	-74.5658	-74.5501	-74.5288	-74.5015	-74.4679	-74.4281	-74.382	-74.3296	-74.2711	-74.2066	-74.1363	-74.0603	-73.9787	-73.8918	-73.7996	-73.7024	-73.6003	-73.4934	-73.3821	-73.2664	-73.1467	-73.0232	-72.8962	-72.7662	-72.6336	-72.4988	-72.3624	-72.2252	-72.0879	-71.9512	-71.8162	-71.6839	-71.5555	-71.4323	-71.3155	-71.2066	-71.1072	-71.0186	-70.9426	-70.8805	-70.8339	-70.8041	-70.7922	-70.7989
2.08	-74.6323	-74.6262	-74.6212	-74.6144	-74.6041	-74.5889	-74.5682	-74.5417	-74.509	-74.4702	-74.4252	-74.3741	-74.3169	-74.254	-74.1853	-74.111	-74.0313	-73.9464	-73.8564	-73.7615	-73.6617	-73.5574	-73.4488	-73.3359	-73.2192	-73.0988	-72.9751	-72.8485	-72.7193	-72.5882	-72.4555	-72.3221	-72.1887	-72.056	-71.925	-71.7968	-71.6724	-71.553	-71.4401	-71.3349	-71.2389	-71.1535	-71.0803	-71.0208	-70.9762	-70.9479	-70.9369	-70.944
2.085	-74.669	-74.663	-74.6581	-74.6517	-74.6417	-74.627	-74.607	-74.5812	-74.5494	-74.5115	-74.4676	-74.4177	-74.3619	-74.3004	-74.2333	-74.1607	-74.0829	-73.9999	-73.912	-73.8193	-73.7219	-73.6201	-73.514	-73.404	-73.2901	-73.1727	-73.0522	-72.9288	-72.803	-72.6754	-72.5464	-72.4167	-72.287	-72.1582	-72.0311	-71.9067	-71.7861	-71.6706	-71.5613	-71.4596	-71.367	-71.2847	-71.2142	-71.157	-71.1144	-71.0875	-71.0775	-71.0849
2.09	-74.7051	-74.6991	-74.6945	-74.6882	-74.6786	-74.6645	-74.645	-74.6199	-74.589	-74.5521	-74.5092	-74.4605	-74.406	-74.3459	-74.2804	-74.2095	-74.1334	-74.0524	-73.9665	-73.8759	-73.7808	-73.6814	-73.5779	-73.4705	-73.3594	-73.2449	-73.1274	-73.0072	-72.8848	-72.7605	-72.635	-72.5089	-72.3829	-72.2577	-72.1344	-72.0137	-71.8969	-71.785	-71.6793	-71.581	-71.4915	-71.4122	-71.3444	-71.2895	-71.2487	-71.2232	-71.214	-71.2217
2.095	-74.7406	-74.7347	-74.7301	-74.7242	-74.715	-74.7012	-74.6824	-74.658	-74.6279	-74.5919	-74.5501	-74.5025	-74.4493	-74.3906	-74.3265	-74.2573	-74.1829	-74.1037	-74.0198	-73.9313	-73.8385	-73.7414	-73.6403	-73.5355	-73.4271	-73.3155	-73.201	-73.0839	-72.9646	-72.8436	-72.7215	-72.5989	-72.4764	-72.3548	-72.2351	-72.118	-72.0048	-71.8964	-71.7941	-71.6991	-71.6127	-71.5362	-71.471	-71.4182	-71.3792	-71.3551	-71.3467	-71.3547
2.1	-74.7755	-74.7696	-74.7652	-74.7595	-74.7506	-74.7374	-74.7191	-74.6954	-74.6661	-74.631	-74.5902	-74.5438	-74.4918	-74.4344	-74.3718	-74.3041	-74.2315	-74.1541	-74.0721	-73.9856	-73.8949	-73.8001	-73.7015	-73.5991	-73.4934	-73.3845	-73.2729	-73.1587	-73.0425	-72.9247	-72.8059	-72.6866	-72.5676	-72.4495	-72.3332	-72.2197	-72.1099	-72.0049	-71.9059	-71.8141	-71.7307	-71.6569	-71.5941	-71.5434	-71.5061	-71.4832	-71.4757	-71.484
2.105	-74.8097	-74.8039	-74.7997	-74.7943	-74.7857	-74.7729	-74.7552	-74.7322	-74.7036	-74.6694	-74.6296	-74.5843	-74.5335	-74.4774	-74.4162	-74.3501	-74.2791	-74.2034	-74.1233	-74.0388	-73.9502	-73.8576	-73.7613	-73.6614	-73.5582	-73.452	-73.3431	-73.2319	-73.1187	-73.004	-72.8883	-72.7723	-72.6565	-72.5418	-72.4289	-72.3187	-72.2123	-72.1106	-72.0148	-71.926	-71.8454	-71.7743	-71.7138	-71.6651	-71.6295	-71.6078	-71.601	-71.6096
2.11	-74.8434	-74.8377	-74.8336	-74.8284	-74.8202	-74.8079	-74.7907	-74.7683	-74.7405	-74.7071	-74.6683	-74.624	-74.5744	-74.5196	-74.4598	-74.3951	-74.3257	-74.2518	-74.1734	-74.0909	-74.0043	-73.9139	-73.8198	-73.7223	-73.6216	-73.518	-73.4118	-73.3033	-73.193	-73.0813	-72.9687	-72.8559	-72.7433	-72.6318	-72.5222	-72.4153	-72.3121	-72.2135	-72.1208	-72.0349	-71.9571	-71.8885	-71.8302	-71.7835	-71.7495	-71.7289	-71.7228	-71.7317
2.115	-74.8766	-74.8709	-74.867	-74.862	-74.8541	-74.8422	-74.8255	-74.8038	-74.7767	-74.7442	-74.7063	-74.663	-74.6145	-74.561	-74.5025	-74.4393	-74.3714	-74.2991	-74.2226	-74.1419	-74.0573	-73.9689	-73.8771	-73.7819	-73.6836	-73.5825	-73.4789	-73.3732	-73.2657	-73.1569	-73.0473	-72.9374	-72.828	-72.7196	-72.6132	-72.5094	-72.4093	-72.3138	-72.224	-72.141	-72.0658	-71.9996	-71.9435	-71.8987	-71.8661	-71.8467	-71.8413	-71.8504
2.12	-74.9092	-74.9035	-74.8997	-74.895	-74.8874	-74.8759	-74.8598	-74.8387	-74.8123	-74.7806	-74.7436	-74.7013	-74.654	-74.6016	-74.5445	-74.4826	-74.4163	-74.3456	-74.2708	-74.1919	-74.1092	-74.0229	-73.9331	-73.8402	-73.7442	-73.6456	-73.5445	-73.4415	-73.3367	-73.2307	-73.124	-73.0171	-72.9106	-72.8053	-72.7019	-72.6012	-72.5041	-72.4115	-72.3246	-72.2442	-72.1716	-72.1078	-72.0538	-72.0107	-71.9796	-71.9613	-71.9565	-71.9659
2.125	-74.9412	-74.9356	-74.932	-74.9275	-74.9202	-74.9091	-74.8935	-74.8729	-74.8472	-74.8163	-74.7802	-74.7389	-74.6927	-74.6415	-74.5856	-74.5252	-74.4603	-74.3912	-74.318	-74.2409	-74.1601	-74.0757	-73.988	-73.8972	-73.8036	-73.7073	-73.6087	-73.5082	-73.4061	-73.3028	-73.1989	-73.0948	-72.9913	-72.8889	-72.7884	-72.6906	-72.5964	-72.5067	-72.4225	-72.3448	-72.2747	-72.2131	-72.1611	-72.1198	-72.09	-72.0727	-72.0686	-72.0782
2.13	-74.9727	-74.9672	-74.9637	-74.9594	-74.9524	-74.9417	-74.9266	-74.9066	-74.8816	-74.8514	-74.8162	-74.7759	-74.7307	-74.6807	-74.626	-74.5669	-74.5034	-74.4358	-74.3643	-74.2889	-74.2099	-74.1275	-74.0418	-73.9531	-73.8616	-73.7677	-73.6715	-73.5734	-73.4739	-73.3733	-73.272	-73.1707	-73.07	-72.9704	-72.8728	-72.7779	-72.6865	-72.5995	-72.518	-72.4428	-72.375	-72.3156	-72.2655	-72.2259	-72.1974	-72.1811	-72.1776	-72.1874
2.135	-75.0037	-74.9983	-74.9949	-74.9908	-74.9841	-74.9738	-74.9592	-74.9397	-74.9154	-74.886	-74.8516	-74.8122	-74.768	-74.7191	-74.6656	-74.6078	-74.5458	-74.4797	-74.4097	-74.336	-74.2587	-74.1781	-74.0944	-74.0078	-73.9185	-73.8267	-73.7329	-73.6372	-73.5402	-73.4421	-73.3435	-73.2449	-73.1469	-73.05	-72.9552	-72.863	-72.7743	-72.69	-72.611	-72.5383	-72.4727	-72.4154	-72.3672	-72.3291	-72.302	-72.2866	-72.2837	-72.2937
2.14	-75.0342	-75.0289	-75.0256	-75.0217	-75.0153	-75.0054	-74.9912	-74.9723	-74.9486	-74.9199	-74.8863	-74.8479	-74.8046	-74.7568	-74.7046	-74.648	-74.5873	-74.5226	-74.4542	-74.3821	-74.3066	-74.2278	-74.146	-74.0613	-73.9741	-73.8845	-73.7929	-73.6996	-73.605	-73.5094	-73.4133	-73.3173	-73.2219	-73.1277	-73.0355	-72.946	-72.8599	-72.7782	-72.7017	-72.6313	-72.5679	-72.5126	-72.4662	-72.4297	-72.4038	-72.3893	-72.3869	-72.3971
2.145	-75.0643	-75.0589	-75.0558	-75.0521	-75.046	-75.0364	-75.0227	-75.0043	-74.9812	-74.9533	-74.9205	-74.8829	-74.8407	-74.7939	-74.7428	-74.6874	-74.628	-74.5648	-74.4978	-74.4273	-74.3535	-74.2765	-74.1965	-74.1138	-74.0286	-73.9411	-73.8517	-73.7606	-73.6683	-73.5751	-73.4815	-73.388	-73.2952	-73.2036	-73.114	-73.027	-72.9435	-72.8642	-72.79	-72.7219	-72.6607	-72.6073	-72.5627	-72.5275	-72.5028	-72.4893	-72.4874	-72.4977
2.15	-75.0938	-75.0885	-75.0855	-75.082	-75.0762	-75.067	-75.0536	-75.0358	-75.0133	-74.9861	-74.954	-74.9173	-74.876	-74.8303	-74.7803	-74.7261	-74.668	-74.6061	-74.5406	-74.4717	-74.3994	-74.3241	-74.246	-74.1651	-74.0819	-73.9965	-73.9092	-73.8203	-73.7303	-73.6394	-73.5482	-73.4571	-73.3667	-73.2777	-73.1905	-73.106	-73.0249	-72.948	-72.8762	-72.8103	-72.7511	-72.6996	-72.6566	-72.6229	-72.5993	-72.5866	-72.5852	-72.5957
2.155	-75.1229	-75.1177	-75.1148	-75.1115	-75.1059	-75.097	-75.0841	-75.0668	-75.0449	-75.0183	-74.987	-74.9511	-74.9108	-74.866	-74.8171	-74.7641	-74.7073	-74.6467	-74.5826	-74.5151	-74.4445	-74.3709	-74.2944	-74.2154	-74.1341	-74.0507	-73.9654	-73.8787	-73.7908	-73.7023	-73.6134	-73.5246	-73.4367	-73.35	-73.2652	-73.1831	-73.1044	-73.0298	-72.9602	-72.8964	-72.8392	-72.7895	-72.748	-72.7157	-72.6932	-72.6813	-72.6804	-72.6911
2.16	-75.1515	-75.1464	-75.1436	-75.1404	-75.1351	-75.1266	-75.1141	-75.0973	-75.076	-75.05	-75.0195	-74.9844	-74.9449	-74.9012	-74.8533	-74.8014	-74.7458	-74.6865	-74.6238	-74.5578	-74.4887	-74.4167	-74.3419	-74.2647	-74.1852	-74.1037	-74.0205	-73.9358	-73.8501	-73.7637	-73.677	-73.5906	-73.5049	-73.4206	-73.3382	-73.2584	-73.182	-73.1096	-73.0421	-72.9804	-72.9251	-72.8771	-72.8372	-72.8062	-72.7847	-72.7736	-72.7732	-72.784
2.165	-75.1797	-75.1746	-75.1719	-75.1689	-75.1639	-75.1557	-75.1436	-75.1273	-75.1065	-75.0812	-75.0514	-75.0171	-74.9785	-74.9357	-74.8888	-74.8381	-74.7836	-74.7256	-74.6642	-74.5996	-74.532	-74.4616	-74.3885	-74.313	-74.2353	-74.1557	-74.0744	-73.9917	-73.9081	-73.8238	-73.7393	-73.6551	-73.5717	-73.4896	-73.4094	-73.3319	-73.2577	-73.1875	-73.1221	-73.0622	-73.0088	-72.9624	-72.924	-72.8943	-72.8739	-72.8634	-72.8635	-72.8744
2.17	-75.2074	-75.2024	-75.1998	-75.197	-75.1922	-75.1843	-75.1726	-75.1568	-75.1366	-75.1119	-75.0827	-75.0492	-75.0115	-74.9696	-74.9237	-74.8741	-74.8207	-74.764	-74.7039	-74.6407	-74.5745	-74.5056	-74.4341	-74.3603	-74.2843	-74.2065	-74.1271	-74.0464	-73.9648	-73.8826	-73.8002	-73.7181	-73.6369	-73.557	-73.479	-73.4036	-73.3315	-73.2634	-73.2	-73.1421	-73.0904	-73.0457	-73.0087	-72.9802	-72.9607	-72.951	-72.9515	-72.9625
2.175	-75.2348	-75.2298	-75.2273	-75.2247	-75.2201	-75.2125	-75.2012	-75.1858	-75.1661	-75.142	-75.1136	-75.0808	-75.0439	-75.0029	-74.958	-74.9094	-74.8572	-74.8016	-74.7428	-74.6809	-74.6162	-74.5487	-74.4788	-74.4066	-74.3324	-74.2563	-74.1788	-74.1	-74.0203	-73.9401	-73.8597	-73.7798	-73.7006	-73.6228	-73.547	-73.4737	-73.4036	-73.3375	-73.2761	-73.22	-73.17	-73.1268	-73.0912	-73.0638	-73.0453	-73.0363	-73.0372	-73.0483
2.18	-75.2617	-75.2567	-75.2543	-75.2519	-75.2476	-75.2403	-75.2293	-75.2144	-75.1952	-75.1717	-75.1439	-75.1119	-75.0758	-75.0357	-74.9917	-74.9441	-74.893	-74.8386	-74.781	-74.7204	-74.6571	-74.5911	-74.5227	-74.4521	-74.3795	-74.3051	-74.2294	-74.1524	-74.0746	-73.9963	-73.918	-73.84	-73.7629	-73.6871	-73.6133	-73.5421	-73.4741	-73.4099	-73.3503	-73.296	-73.2476	-73.206	-73.1717	-73.1454	-73.1278	-73.1194	-73.1207	-73.132
2.185	-75.2882	-75.2832	-75.281	-75.2787	-75.2746	-75.2676	-75.257	-75.2425	-75.2238	-75.2009	-75.1738	-75.1425	-75.1071	-75.0678	-75.0248	-74.9782	-74.9282	-74.8749	-74.8185	-74.7592	-74.6972	-74.6326	-74.5657	-74.4966	-74.4256	-74.353	-74.2789	-74.2037	-74.1277	-74.0514	-73.9749	-73.8989	-73.8238	-73.75	-73.6782	-73.6089	-73.5428	-73.4805	-73.4227	-73.3701	-73.3233	-73.2831	-73.2501	-73.2249	-73.2082	-73.2004	-73.2021	-73.2135
2.19	-75.3143	-75.3094	-75.3072	-75.3051	-75.3012	-75.2945	-75.2843	-75.2702	-75.252	-75.2296	-75.2031	-75.1725	-75.1379	-75.0995	-75.0574	-75.0117	-74.9627	-74.9105	-74.8553	-74.7973	-74.7365	-74.6733	-74.6078	-74.5403	-74.4708	-74.3998	-74.3274	-74.254	-74.1798	-74.1052	-74.0307	-73.9565	-73.8833	-73.8115	-73.7416	-73.6742	-73.61	-73.5495	-73.4934	-73.4424	-73.3972	-73.3584	-73.3266	-73.3025	-73.2866	-73.2794	-73.2814	-73.2929
2.195	-75.34	-75.3352	-75.3331	-75.3311	-75.3275	-75.321	-75.3111	-75.2974	-75.2797	-75.2579	-75.232	-75.2021	-75.1682	-75.1306	-75.0894	-75.0447	-74.9967	-74.9456	-74.8915	-74.8346	-74.7752	-74.7133	-74.6492	-74.5831	-74.5152	-74.4457	-74.3749	-74.3032	-74.2307	-74.1579	-74.0852	-74.0129	-73.9415	-73.8715	-73.8035	-73.738	-73.6755	-73.6168	-73.5624	-73.5131	-73.4693	-73.4318	-73.4012	-73.3781	-73.363	-73.3564	-73.3588	-73.3704
2.2	-75.3653	-75.3605	-75.3586	-75.3567	-75.3533	-75.3471	-75.3376	-75.3243	-75.307	-75.2858	-75.2604	-75.2312	-75.1981	-75.1612	-75.1208	-75.0771	-75.03	-74.98	-74.927	-74.8713	-74.8131	-74.7525	-74.6897	-74.625	-74.5586	-74.4907	-74.4215	-74.3514	-74.2806	-74.2095	-74.1385	-74.068	-73.9984	-73.9303	-73.864	-73.8003	-73.7396	-73.6826	-73.6298	-73.582	-73.5397	-73.5035	-73.474	-73.4519	-73.4376	-73.4315	-73.4342	-73.4459
2.205	-75.3903	-75.3855	-75.3837	-75.382	-75.3787	-75.3728	-75.3636	-75.3507	-75.3339	-75.3131	-75.2884	-75.2598	-75.2274	-75.1913	-75.1518	-75.1089	-75.0628	-75.0137	-74.9619	-74.9073	-74.8503	-74.791	-74.7295	-74.6662	-74.6012	-74.5348	-74.4671	-74.3986	-74.3295	-74.26	-74.1908	-74.122	-74.0541	-73.9877	-73.9232	-73.8612	-73.8022	-73.7468	-73.6956	-73.6493	-73.6083	-73.5734	-73.5451	-73.5238	-73.5103	-73.5048	-73.5078	-73.5195
2.21	-75.4148	-75.4102	-75.4084	-75.4068	-75.4038	-75.3982	-75.3893	-75.3767	-75.3604	-75.3401	-75.3159	-75.2879	-75.2562	-75.2209	-75.1822	-75.1402	-75.095	-75.047	-74.9961	-74.9427	-74.8868	-74.8287	-74.7686	-74.7066	-74.643	-74.578	-74.5118	-74.4448	-74.3773	-74.3095	-74.2419	-74.1748	-74.1086	-74.0439	-73.9811	-73.9207	-73.8634	-73.8096	-73.7599	-73.715	-73.6754	-73.6417	-73.6144	-73.5941	-73.5812	-73.5762	-73.5795	-73.5914
2.215	-75.4391	-75.4345	-75.4328	-75.4314	-75.4285	-75.4231	-75.4145	-75.4024	-75.3865	-75.3667	-75.3431	-75.3157	-75.2846	-75.25	-75.2121	-75.1709	-75.1267	-75.0796	-75.0298	-74.9774	-74.9227	-74.8658	-74.8069	-74.7462	-74.6839	-74.6203	-74.5557	-74.4902	-74.4242	-74.3579	-74.2919	-74.2264	-74.1619	-74.0988	-74.0377	-73.9789	-73.9231	-73.8709	-73.8227	-73.7792	-73.7408	-73.7083	-73.682	-73.6626	-73.6504	-73.6459	-73.6495	-73.6614
2.22	-75.463	-75.4584	-75.4568	-75.4555	-75.4529	-75.4477	-75.4394	-75.4276	-75.4121	-75.3928	-75.3698	-75.343	-75.3126	-75.2787	-75.2415	-75.2012	-75.1578	-75.1117	-75.0628	-75.0115	-74.9579	-74.9022	-74.8445	-74.7851	-74.7241	-74.6619	-74.5986	-74.5346	-74.4701	-74.4054	-74.3409	-74.277	-74.2141	-74.1526	-74.093	-74.0358	-73.9816	-73.9308	-73.884	-73.8418	-73.8048	-73.7733	-73.7481	-73.7294	-73.7179	-73.7139	-73.7178	-73.7298
2.225	-75.4865	-75.482	-75.4805	-75.4793	-75.4768	-75.4719	-75.4639	-75.4525	-75.4374	-75.4186	-75.396	-75.3698	-75.3401	-75.3069	-75.2704	-75.2309	-75.1884	-75.1432	-75.0953	-75.045	-74.9925	-74.9379	-74.8814	-74.8232	-74.7635	-74.7026	-74.6407	-74.5781	-74.515	-74.4519	-74.3889	-74.3265	-74.2651	-74.2052	-74.1471	-74.0915	-74.0387	-73.9893	-73.944	-73.9031	-73.8672	-73.8368	-73.8125	-73.7947	-73.7838	-73.7803	-73.7844	-73.7965
2.23	-75.5097	-75.5052	-75.5038	-75.5028	-75.5005	-75.4958	-75.4881	-75.477	-75.4623	-75.4439	-75.4219	-75.3963	-75.3671	-75.3346	-75.2989	-75.2602	-75.2185	-75.1742	-75.1273	-75.078	-75.0265	-74.973	-74.9176	-74.8606	-74.8022	-74.7426	-74.682	-74.6208	-74.5591	-74.4974	-74.4359	-74.375	-74.3151	-74.2566	-74.2001	-74.1459	-74.0945	-74.0466	-74.0025	-73.9629	-73.9282	-73.8989	-73.8755	-73.8584	-73.8482	-73.8451	-73.8495	-73.8616
2.235	-75.5326	-75.5282	-75.5268	-75.5259	-75.5238	-75.5194	-75.5119	-75.5012	-75.4869	-75.4689	-75.4474	-75.4223	-75.3938	-75.3619	-75.3269	-75.2889	-75.2481	-75.2046	-75.1586	-75.1103	-75.0598	-75.0074	-74.9532	-74.8974	-74.8402	-74.7818	-74.7225	-74.6626	-74.6023	-74.542	-74.4819	-74.4224	-74.364	-74.307	-74.2519	-74.1991	-74.1492	-74.1025	-74.0598	-74.0213	-73.9878	-73.9595	-73.937	-73.9207	-73.911	-73.9083	-73.9129	-73.9251
2.24	-75.5552	-75.5508	-75.5495	-75.5488	-75.5468	-75.5426	-75.5354	-75.525	-75.5111	-75.4936	-75.4725	-75.4479	-75.42	-75.3888	-75.3545	-75.3173	-75.2772	-75.2346	-75.1895	-75.1421	-75.0926	-75.0412	-74.9881	-74.9334	-74.8774	-74.8203	-74.7623	-74.7036	-74.6447	-74.5857	-74.527	-74.4689	-74.4119	-74.3563	-74.3026	-74.2512	-74.2026	-74.1573	-74.1157	-74.0785	-74.046	-74.0187	-73.997	-73.9814	-73.9723	-73.9701	-73.9749	-73.9871
2.245	-75.5775	-75.5731	-75.5719	-75.5713	-75.5695	-75.5654	-75.5586	-75.5484	-75.5349	-75.5178	-75.4972	-75.4732	-75.4458	-75.4153	-75.3816	-75.3451	-75.3059	-75.264	-75.2198	-75.1734	-75.1249	-75.0745	-75.0224	-74.9688	-74.914	-74.858	-74.8012	-74.7439	-74.6862	-74.6285	-74.5711	-74.5144	-74.4588	-74.4045	-74.3522	-74.3021	-74.2548	-74.2108	-74.1705	-74.1343	-74.1029	-74.0765	-74.0557	-74.0408	-74.0322	-74.0304	-74.0355	-74.0477
2.25	-75.5994	-75.5951	-75.594	-75.5935	-75.5918	-75.588	-75.5814	-75.5716	-75.5584	-75.5417	-75.5216	-75.4981	-75.4713	-75.4413	-75.4083	-75.3725	-75.334	-75.293	-75.2496	-75.2041	-75.1565	-75.1071	-75.0561	-75.0036	-74.9498	-74.8951	-74.8395	-74.7833	-74.7269	-74.6705	-74.6144	-74.559	-74.5047	-74.4518	-74.4007	-74.352	-74.3059	-74.2631	-74.224	-74.1889	-74.1585	-74.133	-74.113	-74.0988	-74.0908	-74.0893	-74.0946	-74.1069
2.255	-75.6211	-75.6168	-75.6158	-75.6153	-75.6139	-75.6103	-75.6039	-75.5944	-75.5815	-75.5653	-75.5456	-75.5226	-75.4963	-75.467	-75.4346	-75.3995	-75.3618	-75.3215	-75.279	-75.2343	-75.1877	-75.1392	-75.0892	-75.0377	-74.9851	-74.9314	-74.877	-74.822	-74.7668	-74.7117	-74.6569	-74.6027	-74.5497	-74.4981	-74.4483	-74.4008	-74.356	-74.3143	-74.2763	-74.2423	-74.2128	-74.1883	-74.169	-74.1555	-74.1479	-74.1468	-74.1523	-74.1646
2.26	-75.6425	-75.6382	-75.6372	-75.6369	-75.6356	-75.6322	-75.6261	-75.6169	-75.6044	-75.5885	-75.5693	-75.5467	-75.521	-75.4922	-75.4605	-75.4261	-75.389	-75.3496	-75.3078	-75.264	-75.2183	-75.1708	-75.1217	-75.0713	-75.0196	-74.9671	-74.9138	-74.86	-74.806	-74.752	-74.6984	-74.6456	-74.5938	-74.5434	-74.4948	-74.4485	-74.4049	-74.3644	-74.3275	-74.2945	-74.266	-74.2423	-74.2238	-74.2108	-74.2038	-74.203	-74.2087	-74.2211
2.265	-75.6635	-75.6593	-75.6584	-75.6582	-75.6571	-75.6538	-75.648	-75.639	-75.6269	-75.6114	-75.5926	-75.5705	-75.5453	-75.5171	-75.486	-75.4522	-75.4159	-75.3772	-75.3362	-75.2932	-75.2483	-75.2017	-75.1536	-75.1042	-75.0536	-75.0021	-74.9499	-74.8972	-74.8444	-74.7916	-74.7392	-74.6875	-74.6369	-74.5878	-74.5404	-74.4953	-74.4528	-74.4134	-74.3775	-74.3456	-74.318	-74.2951	-74.2773	-74.265	-74.2584	-74.2579	-74.2638	-74.2762
2.27	-75.6843	-75.6802	-75.6793	-75.6793	-75.6782	-75.6752	-75.6695	-75.6609	-75.6491	-75.6339	-75.6155	-75.5939	-75.5693	-75.5416	-75.5111	-75.478	-75.4423	-75.4043	-75.3641	-75.3219	-75.2779	-75.2322	-75.185	-75.1366	-75.087	-75.0365	-74.9854	-74.9338	-74.882	-74.8304	-74.7792	-74.7287	-74.6793	-74.6312	-74.5851	-74.5411	-74.4997	-74.4614	-74.4265	-74.3955	-74.3688	-74.3467	-74.3296	-74.3179	-74.3118	-74.3116	-74.3177	-74.3301
2.275	-75.7049	-75.7008	-75.7	-75.7	-75.6991	-75.6963	-75.6908	-75.6825	-75.6709	-75.6562	-75.6382	-75.6171	-75.5929	-75.5657	-75.5358	-75.5033	-75.4683	-75.431	-75.3916	-75.3502	-75.307	-75.2622	-75.2159	-75.1683	-75.1197	-75.0703	-75.0202	-74.9697	-74.919	-74.8685	-74.8184	-74.769	-74.7207	-74.6739	-74.6288	-74.5859	-74.5456	-74.5084	-74.4745	-74.4444	-74.4185	-74.3972	-74.3808	-74.3696	-74.3639	-74.3641	-74.3703	-74.3828
2.28	-75.7251	-75.7211	-75.7203	-75.7205	-75.7197	-75.717	-75.7118	-75.7037	-75.6925	-75.6781	-75.6605	-75.6398	-75.6161	-75.5895	-75.5602	-75.5283	-75.4939	-75.4573	-75.4186	-75.378	-75.3356	-75.2916	-75.2462	-75.1996	-75.1519	-75.1034	-75.0544	-75.0049	-74.9553	-74.9058	-74.8568	-74.8086	-74.7614	-74.7156	-74.6716	-74.6298	-74.5906	-74.5543	-74.5214	-74.4922	-74.4672	-74.4466	-74.4308	-74.4202	-74.4149	-74.4154	-74.4218	-74.4343
2.285	-75.7451	-75.7411	-75.7404	-75.7407	-75.74	-75.7376	-75.7326	-75.7247	-75.7138	-75.6998	-75.6826	-75.6623	-75.639	-75.613	-75.5842	-75.5529	-75.5191	-75.4832	-75.4452	-75.4053	-75.3637	-75.3206	-75.276	-75.2303	-75.1836	-75.136	-75.0879	-75.0395	-74.9909	-74.9425	-74.8945	-74.8473	-74.8012	-74.7565	-74.7136	-74.6729	-74.6346	-74.5993	-74.5674	-74.539	-74.5148	-74.4949	-74.4798	-74.4696	-74.4648	-74.4656	-74.4721	-74.4847
2.29	-75.7649	-75.7609	-75.7603	-75.7606	-75.7601	-75.7578	-75.753	-75.7454	-75.7348	-75.7211	-75.7043	-75.6844	-75.6616	-75.6361	-75.6078	-75.5771	-75.544	-75.5087	-75.4714	-75.4323	-75.3914	-75.3491	-75.3053	-75.2605	-75.2146	-75.168	-75.1209	-75.0734	-75.0258	-74.9785	-74.9315	-74.8854	-74.8403	-74.7966	-74.7548	-74.715	-74.6778	-74.6434	-74.6123	-74.5849	-74.5614	-74.5422	-74.5277	-74.518	-74.5136	-74.5146	-74.5213	-74.5339
2.295	-75.7844	-75.7804	-75.7799	-75.7803	-75.7799	-75.7778	-75.7732	-75.7659	-75.7555	-75.7421	-75.7257	-75.7062	-75.6839	-75.6588	-75.6311	-75.6009	-75.5684	-75.5338	-75.4972	-75.4587	-75.4186	-75.3771	-75.3342	-75.2902	-75.2452	-75.1995	-75.1533	-75.1067	-75.0601	-75.0137	-74.9678	-74.9227	-74.8786	-74.836	-74.7951	-74.7563	-74.72	-74.6866	-74.6564	-74.6297	-74.607	-74.5885	-74.5745	-74.5654	-74.5613	-74.5626	-74.5695	-74.582
2.3	-75.8036	-75.7997	-75.7992	-75.7997	-75.7995	-75.7975	-75.7931	-75.786	-75.776	-75.7629	-75.7468	-75.7278	-75.7059	-75.6813	-75.6541	-75.6244	-75.5925	-75.5585	-75.5226	-75.4848	-75.4454	-75.4046	-75.3625	-75.3193	-75.2752	-75.2304	-75.1851	-75.1395	-75.0938	-75.0484	-75.0035	-74.9593	-74.9162	-74.8745	-74.8346	-74.7968	-74.7614	-74.7289	-74.6995	-74.6736	-74.6516	-74.6338	-74.6204	-74.6117	-74.608	-74.6096	-74.6166	-74.6291
2.305	-75.8226	-75.8187	-75.8183	-75.8189	-75.8188	-75.817	-75.8128	-75.8059	-75.7961	-75.7834	-75.7676	-75.749	-75.7275	-75.7034	-75.6767	-75.6476	-75.6163	-75.5829	-75.5475	-75.5105	-75.4718	-75.4317	-75.3904	-75.348	-75.3047	-75.2608	-75.2163	-75.1716	-75.1269	-75.0824	-75.0384	-74.9952	-74.9531	-74.9124	-74.8734	-74.8365	-74.802	-74.7703	-74.7417	-74.7166	-74.6953	-74.6781	-74.6653	-74.657	-74.6537	-74.6555	-74.6626	-74.6752
2.31	-75.8414	-75.8375	-75.8372	-75.8378	-75.8378	-75.8362	-75.8322	-75.8256	-75.8161	-75.8036	-75.7882	-75.7699	-75.7489	-75.7252	-75.699	-75.6704	-75.6397	-75.6068	-75.5722	-75.5357	-75.4978	-75.4584	-75.4178	-75.3762	-75.3338	-75.2906	-75.247	-75.2032	-75.1594	-75.1158	-75.0727	-75.0304	-74.9892	-74.9494	-74.9114	-74.8754	-74.8418	-74.8109	-74.7831	-74.7588	-74.7381	-74.7215	-74.7092	-74.7014	-74.6984	-74.7004	-74.7077	-74.7203
2.315	-75.8599	-75.8561	-75.8558	-75.8565	-75.8567	-75.8552	-75.8514	-75.8449	-75.8357	-75.8235	-75.8085	-75.7906	-75.77	-75.7467	-75.721	-75.6929	-75.6627	-75.6305	-75.5964	-75.5606	-75.5233	-75.4847	-75.4448	-75.404	-75.3623	-75.32	-75.2772	-75.2343	-75.1913	-75.1486	-75.1064	-75.065	-75.0247	-74.9858	-74.9486	-74.9135	-74.8807	-74.8507	-74.8237	-74.8	-74.7801	-74.764	-74.7522	-74.7449	-74.7422	-74.7444	-74.7518	-74.7644
2.32	-75.8782	-75.8744	-75.8742	-75.875	-75.8753	-75.8739	-75.8703	-75.8641	-75.8551	-75.8432	-75.8285	-75.811	-75.7907	-75.7679	-75.7426	-75.7151	-75.6854	-75.6537	-75.6203	-75.5851	-75.5485	-75.5105	-75.4714	-75.4313	-75.3904	-75.3488	-75.3069	-75.2648	-75.2226	-75.1808	-75.1395	-75.099	-75.0596	-75.0215	-74.9852	-74.9509	-74.919	-74.8897	-74.8634	-74.8405	-74.8211	-74.8057	-74.7943	-74.7874	-74.785	-74.7875	-74.795	-74.8076
2.325	-75.8963	-75.8925	-75.8924	-75.8933	-75.8936	-75.8924	-75.889	-75.883	-75.8743	-75.8627	-75.8483	-75.8311	-75.8112	-75.7888	-75.764	-75.737	-75.7078	-75.6767	-75.6438	-75.6092	-75.5732	-75.536	-75.4975	-75.4581	-75.418	-75.3772	-75.3361	-75.2947	-75.2534	-75.2124	-75.172	-75.1323	-75.0938	-75.0566	-75.0211	-74.9876	-74.9564	-74.9279	-74.9024	-74.8801	-74.8614	-74.8464	-74.8356	-74.829	-74.827	-74.8297	-74.8373	-74.8499
2.33	-75.9142	-75.9105	-75.9103	-75.9113	-75.9118	-75.9107	-75.9074	-75.9017	-75.8932	-75.8819	-75.8678	-75.8509	-75.8315	-75.8095	-75.7851	-75.7585	-75.7299	-75.6993	-75.6669	-75.633	-75.5976	-75.561	-75.5232	-75.4846	-75.4451	-75.4051	-75.3647	-75.3242	-75.2837	-75.2435	-75.2039	-75.1651	-75.1273	-75.0909	-75.0563	-75.0236	-74.9932	-74.9654	-74.9406	-74.9189	-74.9008	-74.8864	-74.876	-74.8698	-74.8681	-74.871	-74.8787	-74.8913
2.335	-75.9318	-75.9281	-75.9281	-75.9291	-75.9297	-75.9287	-75.9257	-75.9201	-75.9118	-75.9008	-75.887	-75.8705	-75.8514	-75.8298	-75.8059	-75.7798	-75.7516	-75.7216	-75.6898	-75.6564	-75.6217	-75.5857	-75.5486	-75.5106	-75.4718	-75.4326	-75.3929	-75.3532	-75.3135	-75.2741	-75.2352	-75.1972	-75.1603	-75.1247	-75.0908	-75.0589	-75.0292	-75.0022	-74.978	-74.957	-74.9394	-74.9255	-74.9156	-74.9098	-74.9083	-74.9114	-74.9192	-74.9318
2.34	-75.9493	-75.9456	-75.9456	-75.9467	-75.9474	-75.9466	-75.9437	-75.9383	-75.9303	-75.9195	-75.906	-75.8898	-75.8711	-75.8499	-75.8264	-75.8007	-75.773	-75.7435	-75.7123	-75.6795	-75.6453	-75.6099	-75.5735	-75.5362	-75.4981	-75.4596	-75.4207	-75.3816	-75.3427	-75.3041	-75.266	-75.2288	-75.1926	-75.1578	-75.1247	-75.0935	-75.0646	-75.0382	-75.0147	-74.9943	-74.9773	-74.9639	-74.9544	-74.9489	-74.9477	-74.951	-74.9589	-74.9715
2.345	-75.9665	-75.9629	-75.9629	-75.9641	-75.9649	-75.9642	-75.9615	-75.9563	-75.9485	-75.938	-75.9248	-75.9089	-75.8905	-75.8697	-75.8466	-75.8214	-75.7942	-75.7652	-75.7345	-75.7022	-75.6686	-75.6339	-75.5981	-75.5614	-75.524	-75.4861	-75.4479	-75.4096	-75.3714	-75.3336	-75.2963	-75.2598	-75.2244	-75.1903	-75.1579	-75.1275	-75.0993	-75.0736	-75.0507	-75.0309	-75.0144	-75.0015	-74.9924	-74.9873	-74.9864	-74.9898	-74.9978	-75.0104
2.35	-75.9836	-75.98	-75.98	-75.9813	-75.9822	-75.9816	-75.979	-75.974	-75.9665	-75.9562	-75.9433	-75.9277	-75.9097	-75.8893	-75.8666	-75.8418	-75.8151	-75.7865	-75.7563	-75.7246	-75.6916	-75.6574	-75.6222	-75.5862	-75.5495	-75.5123	-75.4748	-75.4372	-75.3997	-75.3626	-75.326	-75.2902	-75.2556	-75.2223	-75.1906	-75.1608	-75.1333	-75.1083	-75.086	-75.0668	-75.0508	-75.0384	-75.0297	-75.0249	-75.0242	-75.0278	-75.0359	-75.0485
2.355	-76.0004	-75.9968	-75.997	-75.9983	-75.9993	-75.9988	-75.9964	-75.9916	-75.9842	-75.9742	-75.9616	-75.9463	-75.9286	-75.9086	-75.8863	-75.8619	-75.8356	-75.8075	-75.7779	-75.7467	-75.7142	-75.6806	-75.646	-75.6106	-75.5745	-75.538	-75.5012	-75.4643	-75.4275	-75.3911	-75.3552	-75.3202	-75.2862	-75.2536	-75.2227	-75.1936	-75.1667	-75.1423	-75.1206	-75.102	-75.0865	-75.0745	-75.0662	-75.0618	-75.0613	-75.0651	-75.0733	-75.0859
2.36	-76.017	-76.0135	-76.0137	-76.0151	-76.0162	-76.0158	-76.0136	-76.0089	-76.0018	-75.992	-75.9796	-75.9647	-75.9473	-75.9276	-75.9057	-75.8818	-75.8559	-75.8283	-75.7991	-75.7685	-75.7365	-75.7035	-75.6695	-75.6347	-75.5992	-75.5633	-75.5272	-75.4909	-75.4548	-75.4191	-75.3839	-75.3496	-75.3164	-75.2844	-75.2542	-75.2257	-75.1995	-75.1757	-75.1546	-75.1365	-75.1215	-75.11	-75.102	-75.0979	-75.0977	-75.1016	-75.1099	-75.1225
2.365	-76.0335	-76.03	-76.0302	-76.0317	-76.0329	-76.0327	-76.0305	-76.0261	-76.0191	-76.0096	-75.9975	-75.9828	-75.9658	-75.9464	-75.9249	-75.9014	-75.8759	-75.8488	-75.8201	-75.7899	-75.7585	-75.726	-75.6926	-75.6584	-75.6235	-75.5882	-75.5527	-75.5172	-75.4817	-75.4467	-75.4122	-75.3785	-75.3459	-75.3147	-75.2851	-75.2573	-75.2317	-75.2085	-75.188	-75.1703	-75.1559	-75.1448	-75.1372	-75.1333	-75.1334	-75.1375	-75.1457	-75.1583
2.37	-76.0498	-76.0463	-76.0466	-76.0481	-76.0494	-76.0493	-76.0473	-76.043	-76.0362	-76.0269	-76.0151	-76.0008	-75.984	-75.965	-75.9438	-75.9207	-75.8957	-75.869	-75.8407	-75.8111	-75.7802	-75.7482	-75.7153	-75.6817	-75.6474	-75.6128	-75.5779	-75.543	-75.5082	-75.4738	-75.4399	-75.407	-75.375	-75.3445	-75.3155	-75.2883	-75.2633	-75.2407	-75.2207	-75.2036	-75.1896	-75.1789	-75.1716	-75.1681	-75.1683	-75.1726	-75.1809	-75.1935
2.375	-76.0659	-76.0624	-76.0627	-76.0644	-76.0657	-76.0657	-76.0638	-76.0597	-76.0532	-76.0441	-76.0325	-76.0184	-76.002	-75.9833	-75.9625	-75.9398	-75.9152	-75.8889	-75.8611	-75.8319	-75.8016	-75.7701	-75.7378	-75.7047	-75.671	-75.6369	-75.6027	-75.5683	-75.5342	-75.5004	-75.4672	-75.4349	-75.4036	-75.3737	-75.3453	-75.3188	-75.2943	-75.2723	-75.2528	-75.2362	-75.2226	-75.2123	-75.2054	-75.2021	-75.2026	-75.207	-75.2154	-75.228
2.38	-76.0818	-76.0784	-76.0787	-76.0804	-76.0818	-76.0819	-76.0802	-76.0763	-76.0699	-76.0611	-76.0497	-76.0359	-76.0198	-76.0014	-75.981	-75.9586	-75.9344	-75.9086	-75.8812	-75.8525	-75.8226	-75.7917	-75.7599	-75.7273	-75.6942	-75.6607	-75.6271	-75.5933	-75.5598	-75.5266	-75.4941	-75.4624	-75.4317	-75.4024	-75.3746	-75.3487	-75.3248	-75.3033	-75.2844	-75.2682	-75.2551	-75.2452	-75.2386	-75.2356	-75.2362	-75.2408	-75.2493	-75.2618
2.385	-76.0975	-76.0941	-76.0945	-76.0963	-76.0978	-76.098	-76.0964	-76.0926	-76.0865	-76.0778	-76.0667	-76.0532	-76.0374	-76.0193	-75.9992	-75.9772	-75.9534	-75.9279	-75.901	-75.8728	-75.8434	-75.813	-75.7817	-75.7496	-75.7171	-75.6842	-75.6511	-75.6179	-75.585	-75.5525	-75.5205	-75.4894	-75.4594	-75.4306	-75.4035	-75.3781	-75.3548	-75.3338	-75.3153	-75.2997	-75.2869	-75.2774	-75.2711	-75.2684	-75.2692	-75.2739	-75.2824	-75.295
2.39	-76.1131	-76.1097	-76.1102	-76.112	-76.1135	-76.1139	-76.1124	-76.1088	-76.1028	-76.0944	-76.0835	-76.0703	-76.0547	-76.037	-76.0172	-75.9955	-75.9721	-75.9471	-75.9206	-75.8928	-75.8639	-75.8339	-75.8031	-75.7716	-75.7396	-75.7073	-75.6747	-75.6422	-75.6098	-75.5779	-75.5465	-75.516	-75.4865	-75.4584	-75.4318	-75.407	-75.3842	-75.3637	-75.3458	-75.3305	-75.3182	-75.309	-75.3031	-75.3006	-75.3016	-75.3064	-75.315	-75.3276
2.395	-76.1285	-76.1252	-76.1256	-76.1275	-76.1291	-76.1296	-76.1283	-76.1248	-76.119	-76.1107	-76.1001	-76.0871	-76.0718	-76.0544	-76.035	-76.0137	-75.9906	-75.966	-75.9399	-75.9126	-75.8841	-75.8546	-75.8243	-75.7933	-75.7618	-75.73	-75.698	-75.666	-75.6342	-75.6028	-75.5721	-75.5421	-75.5133	-75.4857	-75.4596	-75.4354	-75.4131	-75.3931	-75.3756	-75.3608	-75.3489	-75.3401	-75.3344	-75.3322	-75.3334	-75.3383	-75.347	-75.3595
2.4	-76.1437	-76.1404	-76.1409	-76.1428	-76.1446	-76.1451	-76.1439	-76.1406	-76.135	-76.1269	-76.1165	-76.1038	-76.0888	-76.0717	-76.0525	-76.0316	-76.0089	-75.9846	-75.959	-75.932	-75.904	-75.875	-75.8452	-75.8147	-75.7837	-75.7524	-75.7209	-75.6895	-75.6583	-75.6274	-75.5972	-75.5679	-75.5395	-75.5125	-75.487	-75.4633	-75.4415	-75.422	-75.405	-75.3906	-75.3791	-75.3705	-75.3652	-75.3632	-75.3646	-75.3696	-75.3783	-75.3908
2.405	-76.1588	-76.1555	-76.1561	-76.158	-76.1598	-76.1605	-76.1594	-76.1562	-76.1508	-76.1429	-76.1327	-76.1202	-76.1055	-76.0887	-76.0699	-76.0492	-76.0269	-76.003	-75.9778	-75.9513	-75.9237	-75.8951	-75.8658	-75.8358	-75.8053	-75.7745	-75.7435	-75.7126	-75.6819	-75.6517	-75.622	-75.5932	-75.5654	-75.5389	-75.5139	-75.4907	-75.4695	-75.4504	-75.4338	-75.4198	-75.4087	-75.4005	-75.3954	-75.3936	-75.3952	-75.4003	-75.4091	-75.4216
2.41	-76.1737	-76.1705	-76.171	-76.1731	-76.1749	-76.1757	-76.1747	-76.1717	-76.1664	-76.1588	-76.1488	-76.1365	-76.122	-76.1055	-76.087	-76.0667	-76.0447	-76.0212	-75.9963	-75.9702	-75.9431	-75.9149	-75.886	-75.8565	-75.8265	-75.7962	-75.7658	-75.7354	-75.7053	-75.6755	-75.6464	-75.6181	-75.5908	-75.5649	-75.5404	-75.5177	-75.4969	-75.4783	-75.4622	-75.4486	-75.4378	-75.4299	-75.4251	-75.4235	-75.4253	-75.4305	-75.4393	-75.4518
2.415	-76.1884	-76.1852	-76.1859	-76.1879	-76.1899	-76.1907	-76.1899	-76.187	-76.1818	-76.1744	-76.1646	-76.1526	-76.1384	-76.1221	-76.1039	-76.0839	-76.0623	-76.0392	-76.0147	-75.989	-75.9622	-75.9345	-75.9061	-75.877	-75.8475	-75.8177	-75.7878	-75.7579	-75.7282	-75.699	-75.6704	-75.6426	-75.6159	-75.5904	-75.5665	-75.5442	-75.5239	-75.5058	-75.49	-75.4768	-75.4664	-75.4588	-75.4542	-75.4529	-75.4548	-75.4601	-75.469	-75.4814
2.42	-76.203	-76.1999	-76.2005	-76.2027	-76.2047	-76.2056	-76.2049	-76.2021	-76.1971	-76.1899	-76.1803	-76.1685	-76.1546	-76.1386	-76.1207	-76.101	-76.0797	-76.0569	-76.0328	-76.0075	-75.9811	-75.9538	-75.9258	-75.8972	-75.8682	-75.8388	-75.8094	-75.78	-75.7508	-75.7221	-75.694	-75.6667	-75.6405	-75.6156	-75.5921	-75.5703	-75.5505	-75.5328	-75.5174	-75.5046	-75.4944	-75.4872	-75.4829	-75.4817	-75.4838	-75.4892	-75.4981	-75.5105
2.425	-76.2175	-76.2143	-76.215	-76.2172	-76.2193	-76.2203	-76.2197	-76.2171	-76.2123	-76.2052	-76.1958	-76.1842	-76.1705	-76.1548	-76.1372	-76.1178	-76.0968	-76.0744	-76.0506	-76.0257	-75.9997	-75.9729	-75.9453	-75.9171	-75.8885	-75.8597	-75.8307	-75.8018	-75.7731	-75.7449	-75.7173	-75.6905	-75.6648	-75.6403	-75.6173	-75.596	-75.5766	-75.5593	-75.5443	-75.5318	-75.522	-75.5151	-75.511	-75.51	-75.5123	-75.5178	-75.5267	-75.5391
2.43	-76.2318	-76.2287	-76.2294	-76.2316	-76.2338	-76.2349	-76.2344	-76.2319	-76.2272	-76.2203	-76.2111	-76.1998	-76.1863	-76.1709	-76.1535	-76.1345	-76.1138	-76.0917	-76.0683	-76.0437	-76.0181	-75.9917	-75.9645	-75.9368	-75.9086	-75.8802	-75.8517	-75.8233	-75.7951	-75.7673	-75.7402	-75.7139	-75.6887	-75.6646	-75.6421	-75.6212	-75.6022	-75.5854	-75.5708	-75.5587	-75.5492	-75.5425	-75.5387	-75.5379	-75.5402	-75.5458	-75.5548	-75.5672
2.435	-76.2459	-76.2429	-76.2436	-76.2459	-76.2481	-76.2493	-76.2489	-76.2465	-76.242	-76.2353	-76.2263	-76.2152	-76.2019	-76.1867	-76.1697	-76.1509	-76.1305	-76.1088	-76.0857	-76.0615	-76.0363	-76.0103	-75.9835	-75.9562	-75.9285	-75.9005	-75.8724	-75.8444	-75.8167	-75.7894	-75.7628	-75.737	-75.7122	-75.6886	-75.6665	-75.6461	-75.6275	-75.611	-75.5968	-75.585	-75.5758	-75.5694	-75.5658	-75.5652	-75.5677	-75.5734	-75.5824	-75.5948
2.44	-76.26	-76.2569	-76.2577	-76.26	-76.2623	-76.2636	-76.2633	-76.261	-76.2567	-76.2501	-76.2413	-76.2304	-76.2174	-76.2024	-76.1856	-76.1671	-76.1471	-76.1256	-76.1029	-76.0791	-76.0543	-76.0286	-76.0022	-75.9753	-75.948	-75.9205	-75.8929	-75.8653	-75.8381	-75.8112	-75.785	-75.7597	-75.7353	-75.7122	-75.6905	-75.6705	-75.6524	-75.6362	-75.6224	-75.6109	-75.6021	-75.5959	-75.5925	-75.5921	-75.5947	-75.6005	-75.6096	-75.6219
2.445	-76.2738	-76.2708	-76.2716	-76.274	-76.2763	-76.2777	-76.2775	-76.2754	-76.2712	-76.2647	-76.2561	-76.2454	-76.2326	-76.2179	-76.2014	-76.1832	-76.1635	-76.1423	-76.1199	-76.0964	-76.072	-76.0467	-76.0207	-75.9942	-75.9673	-75.9402	-75.913	-75.8859	-75.8591	-75.8327	-75.8069	-75.782	-75.7581	-75.7354	-75.7142	-75.6946	-75.6768	-75.6611	-75.6476	-75.6364	-75.6279	-75.6219	-75.6188	-75.6185	-75.6213	-75.6272	-75.6362	-75.6486
2.45	-76.2876	-76.2846	-76.2854	-76.2878	-76.2902	-76.2917	-76.2916	-76.2896	-76.2855	-76.2792	-76.2708	-76.2603	-76.2477	-76.2333	-76.217	-76.1991	-76.1796	-76.1588	-76.1367	-76.1136	-76.0895	-76.0645	-76.0389	-76.0128	-75.9863	-75.9596	-75.9329	-75.9062	-75.8798	-75.8539	-75.8285	-75.804	-75.7806	-75.7583	-75.7375	-75.7183	-75.7009	-75.6855	-75.6723	-75.6615	-75.6532	-75.6475	-75.6446	-75.6445	-75.6474	-75.6533	-75.6624	-75.6748
2.455	-76.3012	-76.2982	-76.2991	-76.3015	-76.304	-76.3055	-76.3055	-76.3036	-76.2997	-76.2936	-76.2854	-76.275	-76.2627	-76.2484	-76.2324	-76.2148	-76.1956	-76.1751	-76.1533	-76.1305	-76.1067	-76.0822	-76.057	-76.0312	-76.0051	-75.9788	-75.9525	-75.9262	-75.9002	-75.8747	-75.8498	-75.8257	-75.8027	-75.7808	-75.7604	-75.7416	-75.7246	-75.7096	-75.6967	-75.6862	-75.6782	-75.6727	-75.67	-75.6701	-75.6731	-75.6791	-75.6882	-75.7005
2.46	-76.3146	-76.3117	-76.3126	-76.3151	-76.3176	-76.3192	-76.3193	-76.3175	-76.3137	-76.3078	-76.2997	-76.2896	-76.2775	-76.2635	-76.2477	-76.2303	-76.2114	-76.1912	-76.1697	-76.1472	-76.1238	-76.0996	-76.0747	-76.0494	-76.0237	-75.9978	-75.9718	-75.946	-75.9204	-75.8953	-75.8708	-75.8471	-75.8245	-75.803	-75.783	-75.7645	-75.7479	-75.7332	-75.7207	-75.7105	-75.7027	-75.6975	-75.695	-75.6952	-75.6983	-75.7044	-75.7135	-75.7258
2.465	-76.328	-76.325	-76.326	-76.3286	-76.3311	-76.3328	-76.333	-76.3313	-76.3276	-76.3218	-76.314	-76.304	-76.2921	-76.2783	-76.2628	-76.2456	-76.227	-76.2071	-76.186	-76.1638	-76.1407	-76.1168	-76.0923	-76.0673	-76.042	-76.0164	-75.9909	-75.9654	-75.9403	-75.9156	-75.8915	-75.8682	-75.846	-75.8249	-75.8052	-75.7872	-75.7709	-75.7565	-75.7443	-75.7344	-75.7269	-75.7219	-75.7195	-75.7199	-75.7231	-75.7293	-75.7385	-75.7507
2.47	-76.3412	-76.3383	-76.3393	-76.3419	-76.3445	-76.3462	-76.3465	-76.3449	-76.3414	-76.3358	-76.328	-76.3183	-76.3065	-76.293	-76.2777	-76.2608	-76.2425	-76.2228	-76.202	-76.1801	-76.1573	-76.1338	-76.1096	-76.085	-76.06	-76.0349	-76.0097	-75.9846	-75.9599	-75.9355	-75.9119	-75.889	-75.8671	-75.8465	-75.8272	-75.8094	-75.7935	-75.7795	-75.7676	-75.7579	-75.7506	-75.7459	-75.7437	-75.7442	-75.7476	-75.7538	-75.763	-75.7752
2.475	-76.3543	-76.3514	-76.3524	-76.355	-76.3577	-76.3595	-76.3599	-76.3585	-76.355	-76.3495	-76.342	-76.3324	-76.3209	-76.3075	-76.2924	-76.2758	-76.2577	-76.2384	-76.2178	-76.1962	-76.1738	-76.1506	-76.1268	-76.1025	-76.0779	-76.0531	-76.0283	-76.0036	-75.9792	-75.9553	-75.932	-75.9095	-75.888	-75.8677	-75.8487	-75.8314	-75.8158	-75.8021	-75.7904	-75.7811	-75.774	-75.7695	-75.7675	-75.7682	-75.7716	-75.7779	-75.7871	-75.7993
2.48	-76.3672	-76.3644	-76.3654	-76.3681	-76.3708	-76.3727	-76.3732	-76.3718	-76.3685	-76.3632	-76.3558	-76.3464	-76.335	-76.3219	-76.307	-76.2907	-76.2728	-76.2537	-76.2335	-76.2122	-76.1901	-76.1672	-76.1437	-76.1197	-76.0955	-76.0711	-76.0466	-76.0223	-75.9983	-75.9747	-75.9518	-75.9297	-75.9085	-75.8886	-75.87	-75.853	-75.8377	-75.8243	-75.813	-75.8038	-75.7971	-75.7927	-75.7909	-75.7917	-75.7952	-75.8016	-75.8108	-75.823
2.485	-76.3801	-76.3772	-76.3783	-76.381	-76.3838	-76.3858	-76.3863	-76.3851	-76.3819	-76.3767	-76.3694	-76.3602	-76.349	-76.3361	-76.3215	-76.3053	-76.2878	-76.2689	-76.249	-76.228	-76.2061	-76.1836	-76.1604	-76.1368	-76.1129	-76.0888	-76.0647	-76.0407	-76.0171	-75.9939	-75.9713	-75.9496	-75.9288	-75.9092	-75.891	-75.8743	-75.8593	-75.8462	-75.8352	-75.8263	-75.8197	-75.8156	-75.8139	-75.8149	-75.8185	-75.8249	-75.8341	-75.8463
2.49	-76.3928	-76.39	-76.3911	-76.3938	-76.3967	-76.3987	-76.3993	-76.3982	-76.3951	-76.39	-76.3829	-76.3739	-76.3629	-76.3502	-76.3358	-76.3199	-76.3025	-76.284	-76.2643	-76.2436	-76.222	-76.1998	-76.1769	-76.1536	-76.1301	-76.1063	-76.0826	-76.059	-76.0357	-76.0128	-75.9906	-75.9692	-75.9488	-75.9296	-75.9117	-75.8953	-75.8806	-75.8678	-75.857	-75.8484	-75.8421	-75.8381	-75.8366	-75.8377	-75.8414	-75.8478	-75.8571	-75.8692
2.495	-76.4054	-76.4026	-76.4037	-76.4065	-76.4094	-76.4115	-76.4122	-76.4112	-76.4082	-76.4033	-76.3963	-76.3874	-76.3766	-76.3641	-76.3499	-76.3342	-76.3172	-76.2988	-76.2794	-76.259	-76.2377	-76.2158	-76.1932	-76.1703	-76.147	-76.1236	-76.1002	-76.077	-76.054	-76.0315	-76.0097	-75.9886	-75.9685	-75.9496	-75.932	-75.916	-75.9016	-75.8891	-75.8786	-75.8702	-75.864	-75.8603	-75.8589	-75.8601	-75.8639	-75.8704	-75.8797	-75.8918
2.5	-76.4179	-76.4151	-76.4163	-76.4191	-76.422	-76.4242	-76.425	-76.424	-76.4212	-76.4164	-76.4096	-76.4008	-76.3902	-76.3779	-76.3639	-76.3485	-76.3316	-76.3135	-76.2944	-76.2742	-76.2533	-76.2316	-76.2094	-76.1867	-76.1638	-76.1407	-76.1176	-76.0947	-76.0721	-76.0499	-76.0284	-76.0077	-75.988	-75.9694	-75.9521	-75.9364	-75.9223	-75.91	-75.8998	-75.8916	-75.8857	-75.8821	-75.8809	-75.8822	-75.8861	-75.8927	-75.902	-75.914
2.505	-76.4302	-76.4275	-76.4287	-76.4316	-76.4345	-76.4368	-76.4376	-76.4368	-76.434	-76.4293	-76.4227	-76.4141	-76.4037	-76.3915	-76.3778	-76.3625	-76.3459	-76.3281	-76.3092	-76.2893	-76.2686	-76.2472	-76.2253	-76.2029	-76.1803	-76.1576	-76.1348	-76.1122	-76.09	-76.0681	-76.047	-76.0266	-76.0072	-75.9889	-75.9719	-75.9565	-75.9427	-75.9307	-75.9207	-75.9128	-75.907	-75.9036	-75.9026	-75.904	-75.908	-75.9146	-75.9239	-75.9359
2.51	-76.4425	-76.4398	-76.441	-76.4439	-76.4469	-76.4492	-76.4501	-76.4494	-76.4468	-76.4422	-76.4357	-76.4273	-76.417	-76.4051	-76.3915	-76.3764	-76.3601	-76.3425	-76.3238	-76.3042	-76.2838	-76.2627	-76.2411	-76.219	-76.1967	-76.1742	-76.1518	-76.1295	-76.1076	-76.0861	-76.0652	-76.0452	-76.0261	-76.0081	-75.9915	-75.9763	-75.9628	-75.9511	-75.9413	-75.9336	-75.9281	-75.9248	-75.9239	-75.9254	-75.9295	-75.9361	-75.9454	-75.9575
2.515	-76.4547	-76.452	-76.4532	-76.4561	-76.4592	-76.4615	-76.4625	-76.4619	-76.4594	-76.4549	-76.4486	-76.4403	-76.4302	-76.4184	-76.4051	-76.3902	-76.3741	-76.3567	-76.3383	-76.3189	-76.2988	-76.278	-76.2566	-76.2349	-76.2129	-76.1907	-76.1686	-76.1466	-76.125	-76.1038	-76.0833	-76.0635	-76.0447	-76.0271	-76.0107	-75.9958	-75.9826	-75.9711	-75.9616	-75.9541	-75.9488	-75.9457	-75.9449	-75.9466	-75.9507	-75.9574	-75.9667	-75.9787
2.52	-76.4667	-76.464	-76.4653	-76.4683	-76.4714	-76.4738	-76.4748	-76.4743	-76.4719	-76.4675	-76.4613	-76.4532	-76.4433	-76.4317	-76.4185	-76.4039	-76.3879	-76.3708	-76.3526	-76.3335	-76.3136	-76.2931	-76.272	-76.2505	-76.2288	-76.207	-76.1852	-76.1635	-76.1422	-76.1213	-76.1011	-76.0817	-76.0632	-76.0458	-76.0297	-76.0151	-76.0021	-75.9909	-75.9816	-75.9743	-75.9692	-75.9663	-75.9656	-75.9674	-75.9716	-75.9783	-75.9876	-75.9996
2.525	-76.4786	-76.476	-76.4773	-76.4803	-76.4835	-76.4859	-76.487	-76.4865	-76.4842	-76.48	-76.4739	-76.466	-76.4562	-76.4448	-76.4318	-76.4174	-76.4017	-76.3848	-76.3668	-76.348	-76.3283	-76.308	-76.2872	-76.2661	-76.2446	-76.2231	-76.2016	-76.1802	-76.1592	-76.1386	-76.1187	-76.0995	-76.0814	-76.0643	-76.0485	-76.0341	-76.0214	-76.0104	-76.0013	-75.9943	-75.9893	-75.9865	-75.986	-75.9879	-75.9921	-75.9989	-76.0082	-76.0202
2.53	-76.4905	-76.4879	-76.4892	-76.4922	-76.4954	-76.4979	-76.4991	-76.4987	-76.4965	-76.4924	-76.4864	-76.4786	-76.469	-76.4578	-76.445	-76.4307	-76.4152	-76.3986	-76.3808	-76.3622	-76.3428	-76.3228	-76.3023	-76.2814	-76.2602	-76.239	-76.2177	-76.1967	-76.1759	-76.1557	-76.136	-76.1172	-76.0993	-76.0825	-76.067	-76.0529	-76.0404	-76.0297	-76.0208	-76.0139	-76.0091	-76.0065	-76.0061	-76.0081	-76.0124	-76.0192	-76.0286	-76.0405
2.535	-76.5022	-76.4996	-76.501	-76.504	-76.5073	-76.5098	-76.5111	-76.5108	-76.5087	-76.5047	-76.4988	-76.4912	-76.4817	-76.4706	-76.458	-76.444	-76.4287	-76.4122	-76.3947	-76.3763	-76.3572	-76.3374	-76.3172	-76.2965	-76.2757	-76.2547	-76.2337	-76.213	-76.1925	-76.1725	-76.1532	-76.1346	-76.117	-76.1005	-76.0852	-76.0714	-76.0592	-76.0487	-76.04	-76.0333	-76.0287	-76.0262	-76.026	-76.028	-76.0324	-76.0392	-76.0486	-76.0605
2.54	-76.5138	-76.5113	-76.5126	-76.5157	-76.519	-76.5216	-76.523	-76.5227	-76.5207	-76.5168	-76.5111	-76.5036	-76.4943	-76.4834	-76.4709	-76.4571	-76.442	-76.4257	-76.4085	-76.3903	-76.3714	-76.3519	-76.3319	-76.3115	-76.2909	-76.2702	-76.2495	-76.2291	-76.2089	-76.1892	-76.1701	-76.1518	-76.1345	-76.1182	-76.1033	-76.0897	-76.0777	-76.0674	-76.0589	-76.0524	-76.048	-76.0456	-76.0455	-76.0476	-76.0521	-76.059	-76.0683	-76.0802
2.545	-76.5254	-76.5228	-76.5242	-76.5273	-76.5307	-76.5333	-76.5347	-76.5346	-76.5327	-76.5289	-76.5233	-76.5159	-76.5068	-76.496	-76.4837	-76.4701	-76.4552	-76.4391	-76.4221	-76.4042	-76.3855	-76.3662	-76.3465	-76.3263	-76.306	-76.2856	-76.2652	-76.245	-76.2251	-76.2057	-76.1869	-76.1688	-76.1518	-76.1358	-76.121	-76.1077	-76.0959	-76.0859	-76.0776	-76.0713	-76.067	-76.0648	-76.0648	-76.067	-76.0715	-76.0784	-76.0878	-76.0996
2.55	-76.5368	-76.5343	-76.5357	-76.5388	-76.5422	-76.5449	-76.5464	-76.5463	-76.5445	-76.5408	-76.5353	-76.5281	-76.5191	-76.5085	-76.4964	-76.4829	-76.4682	-76.4524	-76.4355	-76.4178	-76.3994	-76.3804	-76.3609	-76.341	-76.3209	-76.3007	-76.2806	-76.2607	-76.2411	-76.2219	-76.2034	-76.1856	-76.1688	-76.1531	-76.1386	-76.1255	-76.114	-76.1041	-76.096	-76.0899	-76.0857	-76.0837	-76.0838	-76.0861	-76.0907	-76.0976	-76.1069	-76.1188
2.555	-76.5481	-76.5456	-76.5471	-76.5502	-76.5537	-76.5564	-76.558	-76.5579	-76.5562	-76.5527	-76.5473	-76.5402	-76.5313	-76.5209	-76.5089	-76.4957	-76.4811	-76.4655	-76.4489	-76.4314	-76.4132	-76.3944	-76.3751	-76.3555	-76.3357	-76.3157	-76.2959	-76.2762	-76.2568	-76.238	-76.2197	-76.2022	-76.1857	-76.1702	-76.1559	-76.1431	-76.1317	-76.1221	-76.1142	-76.1082	-76.1042	-76.1023	-76.1025	-76.1049	-76.1095	-76.1165	-76.1258	-76.1376
2.56	-76.5594	-76.5569	-76.5583	-76.5615	-76.565	-76.5678	-76.5694	-76.5695	-76.5678	-76.5644	-76.5591	-76.5521	-76.5434	-76.5331	-76.5214	-76.5083	-76.4939	-76.4785	-76.4621	-76.4448	-76.4268	-76.4082	-76.3892	-76.3698	-76.3503	-76.3306	-76.311	-76.2915	-76.2725	-76.2538	-76.2358	-76.2186	-76.2023	-76.187	-76.173	-76.1604	-76.1493	-76.1398	-76.1321	-76.1263	-76.1225	-76.1207	-76.121	-76.1235	-76.1282	-76.1351	-76.1445	-76.1562
2.565	-76.5705	-76.5681	-76.5695	-76.5728	-76.5763	-76.5791	-76.5808	-76.5809	-76.5794	-76.576	-76.5709	-76.564	-76.5554	-76.5453	-76.5337	-76.5207	-76.5066	-76.4913	-76.4751	-76.4581	-76.4403	-76.422	-76.4032	-76.384	-76.3647	-76.3453	-76.3259	-76.3067	-76.2879	-76.2695	-76.2518	-76.2348	-76.2187	-76.2037	-76.1899	-76.1775	-76.1666	-76.1573	-76.1498	-76.1442	-76.1405	-76.1388	-76.1392	-76.1418	-76.1465	-76.1535	-76.1629	-76.1746
2.57	-76.5816	-76.5791	-76.5806	-76.5839	-76.5874	-76.5903	-76.592	-76.5923	-76.5908	-76.5875	-76.5825	-76.5758	-76.5673	-76.5573	-76.5459	-76.5331	-76.5191	-76.5041	-76.4881	-76.4712	-76.4537	-76.4355	-76.417	-76.3981	-76.379	-76.3598	-76.3407	-76.3217	-76.3032	-76.285	-76.2675	-76.2508	-76.235	-76.2202	-76.2066	-76.1944	-76.1837	-76.1746	-76.1673	-76.1618	-76.1583	-76.1567	-76.1572	-76.1598	-76.1646	-76.1717	-76.181	-76.1927
2.575	-76.5926	-76.5901	-76.5917	-76.5949	-76.5985	-76.6014	-76.6032	-76.6035	-76.6021	-76.599	-76.5941	-76.5874	-76.5791	-76.5693	-76.558	-76.5454	-76.5316	-76.5167	-76.5009	-76.4842	-76.4669	-76.449	-76.4306	-76.4119	-76.3931	-76.3741	-76.3553	-76.3366	-76.3182	-76.3004	-76.2831	-76.2666	-76.251	-76.2365	-76.2231	-76.2111	-76.2006	-76.1917	-76.1846	-76.1792	-76.1758	-76.1744	-76.175	-76.1777	-76.1825	-76.1896	-76.1989	-76.2106
2.58	-76.6034	-76.601	-76.6026	-76.6059	-76.6095	-76.6125	-76.6143	-76.6147	-76.6133	-76.6103	-76.6055	-76.599	-76.5908	-76.5811	-76.57	-76.5575	-76.5439	-76.5292	-76.5136	-76.4971	-76.48	-76.4623	-76.4441	-76.4257	-76.4071	-76.3883	-76.3697	-76.3513	-76.3332	-76.3155	-76.2985	-76.2822	-76.2668	-76.2525	-76.2394	-76.2276	-76.2173	-76.2086	-76.2016	-76.1964	-76.1931	-76.1918	-76.1925	-76.1952	-76.2001	-76.2072	-76.2166	-76.2282
2.585	-76.6142	-76.6118	-76.6134	-76.6167	-76.6204	-76.6234	-76.6253	-76.6257	-76.6245	-76.6215	-76.6168	-76.6104	-76.6024	-76.5928	-76.5818	-76.5695	-76.5561	-76.5416	-76.5261	-76.5099	-76.4929	-76.4755	-76.4575	-76.4393	-76.4209	-76.4024	-76.384	-76.3658	-76.3479	-76.3305	-76.3137	-76.2976	-76.2825	-76.2684	-76.2555	-76.2439	-76.2338	-76.2252	-76.2184	-76.2134	-76.2102	-76.209	-76.2098	-76.2126	-76.2175	-76.2246	-76.234	-76.2456
2.59	-76.6249	-76.6226	-76.6242	-76.6275	-76.6312	-76.6343	-76.6362	-76.6367	-76.6355	-76.6327	-76.6281	-76.6218	-76.6139	-76.6044	-76.5936	-76.5815	-76.5682	-76.5538	-76.5386	-76.5225	-76.5058	-76.4885	-76.4708	-76.4528	-76.4346	-76.4163	-76.3981	-76.3801	-76.3625	-76.3453	-76.3287	-76.3129	-76.298	-76.2841	-76.2714	-76.26	-76.2501	-76.2417	-76.235	-76.2301	-76.2271	-76.226	-76.2268	-76.2297	-76.2347	-76.2418	-76.2512	-76.2628
2.595	-76.6356	-76.6332	-76.6348	-76.6382	-76.6419	-76.645	-76.647	-76.6476	-76.6465	-76.6437	-76.6392	-76.633	-76.6252	-76.616	-76.6053	-76.5933	-76.5802	-76.566	-76.5509	-76.535	-76.5185	-76.5014	-76.4839	-76.4661	-76.4481	-76.4301	-76.4121	-76.3943	-76.3769	-76.36	-76.3436	-76.328	-76.3133	-76.2996	-76.2871	-76.2759	-76.2661	-76.2579	-76.2514	-76.2467	-76.2438	-76.2427	-76.2437	-76.2466	-76.2517	-76.2588	-76.2681	-76.2797
2.6	-76.6461	-76.6438	-76.6454	-76.6488	-76.6525	-76.6557	-76.6577	-76.6584	-76.6574	-76.6547	-76.6503	-76.6442	-76.6365	-76.6274	-76.6168	-76.605	-76.592	-76.578	-76.5631	-76.5474	-76.5311	-76.5142	-76.4969	-76.4793	-76.4615	-76.4437	-76.4259	-76.4084	-76.3912	-76.3745	-76.3583	-76.3429	-76.3284	-76.3149	-76.3026	-76.2916	-76.282	-76.274	-76.2676	-76.263	-76.2602	-76.2593	-76.2603	-76.2633	-76.2684	-76.2756	-76.2849	-76.2964
2.605	-76.6565	-76.6542	-76.6559	-76.6593	-76.6631	-76.6663	-76.6684	-76.6691	-76.6681	-76.6655	-76.6612	-76.6553	-76.6477	-76.6387	-76.6283	-76.6166	-76.6038	-76.59	-76.5752	-76.5597	-76.5435	-76.5269	-76.5098	-76.4924	-76.4748	-76.4572	-76.4396	-76.4223	-76.4053	-76.3888	-76.3729	-76.3577	-76.3434	-76.3301	-76.318	-76.3071	-76.2977	-76.2899	-76.2836	-76.2791	-76.2765	-76.2757	-76.2768	-76.2798	-76.2849	-76.2921	-76.3014	-76.3129
2.61	-76.6669	-76.6646	-76.6663	-76.6697	-76.6735	-76.6768	-76.6789	-76.6797	-76.6788	-76.6763	-76.6721	-76.6662	-76.6588	-76.6499	-76.6396	-76.6281	-76.6154	-76.6018	-76.5872	-76.5719	-76.5559	-76.5394	-76.5225	-76.5053	-76.4879	-76.4705	-76.4532	-76.4361	-76.4193	-76.403	-76.3872	-76.3723	-76.3582	-76.3451	-76.3331	-76.3225	-76.3132	-76.3055	-76.2994	-76.2951	-76.2925	-76.2918	-76.293	-76.2961	-76.3012	-76.3084	-76.3177	-76.3292
2.615	-76.6772	-76.6749	-76.6766	-76.6801	-76.6839	-76.6872	-76.6894	-76.6902	-76.6894	-76.687	-76.6829	-76.6771	-76.6698	-76.661	-76.6509	-76.6395	-76.627	-76.6135	-76.5991	-76.5839	-76.5681	-76.5518	-76.5351	-76.5181	-76.5009	-76.4837	-76.4666	-76.4497	-76.4331	-76.417	-76.4015	-76.3867	-76.3728	-76.3599	-76.3481	-76.3377	-76.3286	-76.321	-76.3151	-76.3108	-76.3084	-76.3078	-76.309	-76.3122	-76.3174	-76.3246	-76.3339	-76.3453
2.62	-76.6874	-76.6852	-76.6869	-76.6904	-76.6942	-76.6975	-76.6998	-76.7007	-76.7	-76.6976	-76.6936	-76.6879	-76.6807	-76.6721	-76.6621	-76.6508	-76.6385	-76.6251	-76.6109	-76.5959	-76.5803	-76.5641	-76.5476	-76.5308	-76.5138	-76.4968	-76.4799	-76.4632	-76.4468	-76.4309	-76.4156	-76.401	-76.3872	-76.3745	-76.363	-76.3527	-76.3437	-76.3363	-76.3305	-76.3264	-76.324	-76.3235	-76.3248	-76.3281	-76.3333	-76.3405	-76.3498	-76.3612
2.625	-76.6976	-76.6953	-76.6971	-76.7006	-76.7044	-76.7078	-76.7101	-76.711	-76.7104	-76.7081	-76.7042	-76.6986	-76.6915	-76.683	-76.6731	-76.662	-76.6498	-76.6366	-76.6225	-76.6077	-76.5923	-76.5763	-76.56	-76.5433	-76.5266	-76.5098	-76.493	-76.4765	-76.4603	-76.4446	-76.4295	-76.4151	-76.4016	-76.389	-76.3776	-76.3675	-76.3587	-76.3515	-76.3458	-76.3418	-76.3395	-76.3391	-76.3405	-76.3438	-76.349	-76.3562	-76.3655	-76.3769
2.63	-76.7076	-76.7054	-76.7071	-76.7107	-76.7146	-76.718	-76.7203	-76.7213	-76.7207	-76.7185	-76.7147	-76.7093	-76.7023	-76.6939	-76.6841	-76.6731	-76.6611	-76.648	-76.6341	-76.6194	-76.6042	-76.5884	-76.5722	-76.5558	-76.5392	-76.5226	-76.506	-76.4897	-76.4737	-76.4582	-76.4433	-76.4291	-76.4157	-76.4034	-76.3921	-76.3821	-76.3735	-76.3664	-76.3609	-76.357	-76.3548	-76.3545	-76.3559	-76.3593	-76.3645	-76.3718	-76.3811	-76.3924
2.635	-76.7176	-76.7154	-76.7172	-76.7207	-76.7247	-76.7281	-76.7305	-76.7315	-76.731	-76.7289	-76.7251	-76.7198	-76.7129	-76.7046	-76.695	-76.6842	-76.6722	-76.6593	-76.6456	-76.6311	-76.616	-76.6004	-76.5844	-76.5681	-76.5517	-76.5353	-76.5189	-76.5028	-76.487	-76.4716	-76.4569	-76.4429	-76.4297	-76.4175	-76.4065	-76.3966	-76.3882	-76.3812	-76.3758	-76.372	-76.37	-76.3697	-76.3712	-76.3746	-76.3799	-76.3871	-76.3964	-76.4078
2.64	-76.7275	-76.7253	-76.7271	-76.7307	-76.7347	-76.7381	-76.7406	-76.7416	-76.7412	-76.7392	-76.7355	-76.7302	-76.7235	-76.7153	-76.7058	-76.6951	-76.6833	-76.6705	-76.6569	-76.6426	-76.6277	-76.6122	-76.5964	-76.5803	-76.5641	-76.5478	-76.5317	-76.5157	-76.5001	-76.485	-76.4704	-76.4566	-76.4436	-76.4315	-76.4206	-76.411	-76.4027	-76.3958	-76.3905	-76.3869	-76.3849	-76.3847	-76.3863	-76.3897	-76.3951	-76.4023	-76.4116	-76.4229
2.645	-76.7374	-76.7352	-76.737	-76.7406	-76.7446	-76.7481	-76.7506	-76.7517	-76.7513	-76.7494	-76.7458	-76.7406	-76.7339	-76.7259	-76.7165	-76.7059	-76.6943	-76.6816	-76.6682	-76.654	-76.6392	-76.624	-76.6083	-76.5924	-76.5764	-76.5603	-76.5443	-76.5285	-76.5131	-76.4981	-76.4837	-76.4701	-76.4573	-76.4454	-76.4347	-76.4252	-76.417	-76.4103	-76.4051	-76.4016	-76.3997	-76.3996	-76.4012	-76.4047	-76.41	-76.4173	-76.4266	-76.4379
2.65	-76.7471	-76.745	-76.7468	-76.7504	-76.7544	-76.758	-76.7605	-76.7617	-76.7614	-76.7595	-76.756	-76.7509	-76.7443	-76.7364	-76.7271	-76.7167	-76.7051	-76.6927	-76.6794	-76.6653	-76.6507	-76.6356	-76.6201	-76.6044	-76.5885	-76.5726	-76.5568	-76.5412	-76.526	-76.5112	-76.497	-76.4835	-76.4708	-76.4591	-76.4486	-76.4392	-76.4312	-76.4246	-76.4195	-76.4161	-76.4143	-76.4143	-76.416	-76.4195	-76.4249	-76.4321	-76.4414	-76.4526
2.655	-76.7568	-76.7547	-76.7565	-76.7602	-76.7642	-76.7678	-76.7703	-76.7716	-76.7713	-76.7695	-76.7661	-76.7611	-76.7546	-76.7468	-76.7376	-76.7273	-76.7159	-76.7036	-76.6904	-76.6766	-76.6621	-76.6471	-76.6318	-76.6163	-76.6006	-76.5848	-76.5692	-76.5538	-76.5387	-76.5241	-76.5101	-76.4967	-76.4843	-76.4727	-76.4623	-76.4531	-76.4452	-76.4387	-76.4338	-76.4304	-76.4287	-76.4288	-76.4305	-76.4341	-76.4395	-76.4468	-76.456	-76.4673
2.66	-76.7664	-76.7644	-76.7662	-76.7698	-76.7739	-76.7775	-76.7801	-76.7814	-76.7812	-76.7795	-76.7761	-76.7712	-76.7649	-76.7571	-76.7481	-76.7379	-76.7266	-76.7144	-76.7014	-76.6877	-76.6734	-76.6586	-76.6434	-76.628	-76.6125	-76.5969	-76.5815	-76.5662	-76.5513	-76.5369	-76.523	-76.5099	-76.4975	-76.4862	-76.4759	-76.4668	-76.4591	-76.4527	-76.4479	-76.4446	-76.443	-76.4431	-76.445	-76.4486	-76.454	-76.4613	-76.4705	-76.4817
2.665	-76.776	-76.7739	-76.7758	-76.7794	-76.7835	-76.7872	-76.7898	-76.7912	-76.791	-76.7893	-76.7861	-76.7813	-76.775	-76.7674	-76.7585	-76.7484	-76.7372	-76.7252	-76.7123	-76.6987	-76.6846	-76.6699	-76.6549	-76.6397	-76.6243	-76.6089	-76.5937	-76.5786	-76.5638	-76.5496	-76.5359	-76.5229	-76.5107	-76.4995	-76.4893	-76.4804	-76.4728	-76.4666	-76.4618	-76.4587	-76.4572	-76.4573	-76.4592	-76.4629	-76.4683	-76.4756	-76.4848	-76.496
2.67	-76.7855	-76.7834	-76.7853	-76.789	-76.7931	-76.7968	-76.7994	-76.8008	-76.8008	-76.7991	-76.796	-76.7913	-76.7851	-76.7775	-76.7687	-76.7588	-76.7478	-76.7358	-76.7231	-76.7097	-76.6956	-76.6812	-76.6663	-76.6513	-76.636	-76.6208	-76.6057	-76.5908	-76.5762	-76.5621	-76.5486	-76.5357	-76.5237	-76.5126	-76.5027	-76.4939	-76.4864	-76.4802	-76.4756	-76.4726	-76.4711	-76.4714	-76.4733	-76.477	-76.4825	-76.4898	-76.499	-76.5101
2.675	-76.7949	-76.7929	-76.7947	-76.7985	-76.8026	-76.8063	-76.809	-76.8105	-76.8104	-76.8089	-76.8058	-76.8011	-76.7951	-76.7876	-76.7789	-76.7691	-76.7582	-76.7464	-76.7338	-76.7205	-76.7066	-76.6923	-76.6776	-76.6627	-76.6477	-76.6326	-76.6176	-76.6029	-76.5885	-76.5745	-76.5611	-76.5485	-76.5366	-76.5257	-76.5158	-76.5072	-76.4998	-76.4938	-76.4893	-76.4863	-76.485	-76.4853	-76.4873	-76.491	-76.4965	-76.5038	-76.513	-76.5241
2.68	-76.8043	-76.8022	-76.8041	-76.8079	-76.812	-76.8157	-76.8185	-76.82	-76.82	-76.8186	-76.8155	-76.811	-76.805	-76.7977	-76.7891	-76.7793	-76.7686	-76.7569	-76.7444	-76.7313	-76.7175	-76.7034	-76.6888	-76.6741	-76.6592	-76.6443	-76.6295	-76.6149	-76.6006	-76.5868	-76.5736	-76.5611	-76.5494	-76.5386	-76.5289	-76.5203	-76.5131	-76.5072	-76.5028	-76.4999	-76.4986	-76.499	-76.5011	-76.5048	-76.5103	-76.5176	-76.5268	-76.5379
2.685	-76.8136	-76.8115	-76.8135	-76.8172	-76.8214	-76.8251	-76.8279	-76.8295	-76.8296	-76.8281	-76.8252	-76.8207	-76.8148	-76.8076	-76.7991	-76.7895	-76.7788	-76.7673	-76.755	-76.7419	-76.7283	-76.7143	-76.6999	-76.6853	-76.6706	-76.6558	-76.6412	-76.6267	-76.6127	-76.599	-76.5859	-76.5736	-76.562	-76.5514	-76.5418	-76.5334	-76.5262	-76.5205	-76.5162	-76.5134	-76.5122	-76.5126	-76.5147	-76.5185	-76.524	-76.5313	-76.5405	-76.5515
2.69	-76.8228	-76.8208	-76.8227	-76.8265	-76.8307	-76.8345	-76.8373	-76.8389	-76.839	-76.8377	-76.8348	-76.8304	-76.8246	-76.8175	-76.8091	-76.7996	-76.789	-76.7776	-76.7654	-76.7525	-76.7391	-76.7252	-76.7109	-76.6965	-76.6819	-76.6673	-76.6528	-76.6385	-76.6246	-76.6111	-76.5982	-76.5859	-76.5745	-76.564	-76.5546	-76.5463	-76.5393	-76.5336	-76.5294	-76.5267	-76.5256	-76.5261	-76.5282	-76.532	-76.5376	-76.5449	-76.554	-76.565
2.695	-76.8319	-76.83	-76.8319	-76.8357	-76.8399	-76.8437	-76.8466	-76.8482	-76.8484	-76.8471	-76.8443	-76.84	-76.8343	-76.8272	-76.819	-76.8096	-76.7992	-76.7879	-76.7758	-76.763	-76.7497	-76.7359	-76.7218	-76.7075	-76.6931	-76.6786	-76.6643	-76.6502	-76.6364	-76.623	-76.6103	-76.5982	-76.5869	-76.5766	-76.5672	-76.5591	-76.5522	-76.5466	-76.5425	-76.5399	-76.5388	-76.5394	-76.5416	-76.5454	-76.551	-76.5583	-76.5674	-76.5784
2.7	-76.841	-76.8391	-76.841	-76.8448	-76.8491	-76.8529	-76.8558	-76.8575	-76.8577	-76.8565	-76.8538	-76.8495	-76.8439	-76.837	-76.8288	-76.8195	-76.8092	-76.798	-76.786	-76.7734	-76.7602	-76.7466	-76.7327	-76.7185	-76.7042	-76.6899	-76.6757	-76.6617	-76.6481	-76.6349	-76.6223	-76.6103	-76.5992	-76.589	-76.5798	-76.5717	-76.5649	-76.5595	-76.5555	-76.5529	-76.5519	-76.5526	-76.5548	-76.5587	-76.5642	-76.5716	-76.5807	-76.5916
2.705	-76.8501	-76.8481	-76.8501	-76.8539	-76.8582	-76.862	-76.865	-76.8667	-76.867	-76.8658	-76.8632	-76.859	-76.8535	-76.8466	-76.8385	-76.8293	-76.8192	-76.8081	-76.7962	-76.7838	-76.7707	-76.7572	-76.7434	-76.7294	-76.7152	-76.7011	-76.687	-76.6732	-76.6597	-76.6466	-76.6342	-76.6224	-76.6113	-76.6012	-76.5922	-76.5843	-76.5776	-76.5722	-76.5683	-76.5658	-76.5649	-76.5656	-76.5679	-76.5718	-76.5774	-76.5847	-76.5938	-76.6047
2.71	-76.8591	-76.8571	-76.8591	-76.8629	-76.8672	-76.8711	-76.8741	-76.8758	-76.8762	-76.8751	-76.8725	-76.8684	-76.8629	-76.8562	-76.8482	-76.8391	-76.829	-76.8181	-76.8064	-76.794	-76.7811	-76.7677	-76.7541	-76.7402	-76.7261	-76.7121	-76.6982	-76.6845	-76.6712	-76.6583	-76.6459	-76.6343	-76.6234	-76.6134	-76.6045	-76.5967	-76.5901	-76.5848	-76.581	-76.5786	-76.5778	-76.5785	-76.5808	-76.5847	-76.5903	-76.5977	-76.6068	-76.6177
2.715	-76.868	-76.8661	-76.868	-76.8719	-76.8762	-76.8801	-76.8831	-76.8849	-76.8853	-76.8843	-76.8817	-76.8777	-76.8724	-76.8657	-76.8578	-76.8488	-76.8389	-76.828	-76.8164	-76.8042	-76.7914	-76.7782	-76.7646	-76.7508	-76.737	-76.7231	-76.7093	-76.6958	-76.6826	-76.6698	-76.6576	-76.6461	-76.6353	-76.6255	-76.6167	-76.609	-76.6025	-76.5973	-76.5936	-76.5913	-76.5905	-76.5913	-76.5936	-76.5976	-76.6032	-76.6105	-76.6196	-76.6305
2.72	-76.8768	-76.8749	-76.8769	-76.8808	-76.8851	-76.8891	-76.8921	-76.8939	-76.8944	-76.8934	-76.8909	-76.887	-76.8817	-76.8751	-76.8673	-76.8584	-76.8486	-76.8379	-76.8264	-76.8142	-76.8016	-76.7885	-76.7751	-76.7615	-76.7477	-76.734	-76.7204	-76.707	-76.6939	-76.6812	-76.6692	-76.6578	-76.6471	-76.6374	-76.6287	-76.6211	-76.6148	-76.6097	-76.606	-76.6038	-76.6031	-76.6039	-76.6063	-76.6103	-76.6159	-76.6233	-76.6323	-76.6432
2.725	-76.8856	-76.8837	-76.8858	-76.8896	-76.894	-76.8979	-76.901	-76.9029	-76.9034	-76.9025	-76.9	-76.8962	-76.891	-76.8845	-76.8768	-76.868	-76.8582	-76.8476	-76.8363	-76.8243	-76.8117	-76.7988	-76.7855	-76.772	-76.7584	-76.7448	-76.7313	-76.718	-76.7051	-76.6926	-76.6806	-76.6694	-76.6589	-76.6493	-76.6407	-76.6332	-76.6269	-76.622	-76.6184	-76.6162	-76.6156	-76.6164	-76.6189	-76.6229	-76.6285	-76.6358	-76.6449	-76.6557
2.73	-76.8944	-76.8925	-76.8945	-76.8984	-76.9028	-76.9068	-76.9099	-76.9118	-76.9124	-76.9115	-76.9091	-76.9053	-76.9002	-76.8938	-76.8862	-76.8775	-76.8678	-76.8573	-76.8461	-76.8342	-76.8218	-76.8089	-76.7958	-76.7824	-76.7689	-76.7555	-76.7421	-76.729	-76.7162	-76.7038	-76.692	-76.6808	-76.6705	-76.661	-76.6525	-76.6451	-76.639	-76.6341	-76.6306	-76.6285	-76.6279	-76.6288	-76.6313	-76.6353	-76.641	-76.6483	-76.6574	-76.6681
2.735	-76.903	-76.9012	-76.9032	-76.9071	-76.9115	-76.9155	-76.9187	-76.9206	-76.9212	-76.9204	-76.9181	-76.9144	-76.9093	-76.903	-76.8955	-76.8869	-76.8774	-76.867	-76.8558	-76.844	-76.8317	-76.819	-76.806	-76.7928	-76.7794	-76.7661	-76.7529	-76.7399	-76.7272	-76.7149	-76.7033	-76.6922	-76.682	-76.6726	-76.6643	-76.657	-76.6509	-76.6461	-76.6427	-76.6407	-76.6401	-76.6411	-76.6436	-76.6477	-76.6533	-76.6607	-76.6697	-76.6805
2.74	-76.9117	-76.9098	-76.9119	-76.9158	-76.9202	-76.9242	-76.9274	-76.9294	-76.9301	-76.9293	-76.9271	-76.9234	-76.9184	-76.9122	-76.9047	-76.8963	-76.8868	-76.8765	-76.8655	-76.8538	-76.8416	-76.829	-76.8161	-76.803	-76.7898	-76.7766	-76.7635	-76.7506	-76.7381	-76.726	-76.7144	-76.7035	-76.6934	-76.6841	-76.6759	-76.6687	-76.6627	-76.658	-76.6547	-76.6527	-76.6523	-76.6533	-76.6558	-76.6599	-76.6656	-76.6729	-76.6819	-76.6926
2.745	-76.9202	-76.9184	-76.9205	-76.9244	-76.9288	-76.9329	-76.9361	-76.9381	-76.9388	-76.9381	-76.9359	-76.9324	-76.9274	-76.9213	-76.9139	-76.9055	-76.8962	-76.886	-76.8751	-76.8635	-76.8515	-76.839	-76.8262	-76.8132	-76.8001	-76.787	-76.7741	-76.7613	-76.7489	-76.7369	-76.7255	-76.7147	-76.7047	-76.6955	-76.6874	-76.6803	-76.6744	-76.6698	-76.6665	-76.6647	-76.6643	-76.6653	-76.6679	-76.672	-76.6777	-76.685	-76.694	-76.7047
2.75	-76.9288	-76.9269	-76.929	-76.933	-76.9374	-76.9415	-76.9447	-76.9468	-76.9475	-76.9469	-76.9447	-76.9412	-76.9364	-76.9303	-76.9231	-76.9147	-76.9055	-76.8954	-76.8846	-76.8732	-76.8612	-76.8488	-76.8362	-76.8233	-76.8103	-76.7974	-76.7846	-76.7719	-76.7596	-76.7478	-76.7365	-76.7258	-76.7159	-76.7069	-76.6988	-76.6918	-76.6861	-76.6815	-76.6783	-76.6765	-76.6761	-76.6772	-76.6798	-76.684	-76.6897	-76.697	-76.706	-76.7166
2.755	-76.9372	-76.9354	-76.9375	-76.9415	-76.9459	-76.95	-76.9533	-76.9554	-76.9562	-76.9556	-76.9535	-76.9501	-76.9453	-76.9393	-76.9321	-76.9239	-76.9147	-76.9048	-76.894	-76.8827	-76.8709	-76.8586	-76.8461	-76.8333	-76.8205	-76.8077	-76.7949	-76.7824	-76.7703	-76.7585	-76.7473	-76.7368	-76.727	-76.7181	-76.7101	-76.7033	-76.6976	-76.6931	-76.69	-76.6882	-76.6879	-76.689	-76.6917	-76.6958	-76.7015	-76.7088	-76.7178	-76.7285
2.76	-76.9456	-76.9438	-76.946	-76.9499	-76.9544	-76.9585	-76.9618	-76.9639	-76.9648	-76.9642	-76.9622	-76.9588	-76.9541	-76.9482	-76.9411	-76.933	-76.9239	-76.914	-76.9034	-76.8922	-76.8805	-76.8683	-76.8559	-76.8433	-76.8306	-76.8179	-76.8053	-76.7929	-76.7808	-76.7692	-76.7581	-76.7477	-76.738	-76.7292	-76.7214	-76.7146	-76.709	-76.7046	-76.7015	-76.6998	-76.6996	-76.7008	-76.7034	-76.7076	-76.7133	-76.7206	-76.7296	-76.7402
2.765	-76.954	-76.9522	-76.9543	-76.9583	-76.9628	-76.9669	-76.9703	-76.9724	-76.9733	-76.9728	-76.9708	-76.9675	-76.9629	-76.957	-76.9501	-76.942	-76.933	-76.9232	-76.9127	-76.9016	-76.89	-76.878	-76.8657	-76.8532	-76.8406	-76.828	-76.8155	-76.8032	-76.7913	-76.7798	-76.7688	-76.7585	-76.7489	-76.7402	-76.7325	-76.7258	-76.7203	-76.716	-76.713	-76.7113	-76.7111	-76.7124	-76.715	-76.7192	-76.725	-76.7323	-76.7412	-76.7518
2.77	-76.9623	-76.9605	-76.9627	-76.9667	-76.9711	-76.9753	-76.9787	-76.9809	-76.9818	-76.9813	-76.9794	-76.9762	-76.9716	-76.9658	-76.9589	-76.951	-76.9421	-76.9324	-76.922	-76.911	-76.8995	-76.8876	-76.8754	-76.863	-76.8505	-76.838	-76.8256	-76.8135	-76.8017	-76.7903	-76.7794	-76.7692	-76.7598	-76.7511	-76.7435	-76.7369	-76.7315	-76.7272	-76.7243	-76.7227	-76.7226	-76.7238	-76.7266	-76.7308	-76.7365	-76.7438	-76.7527	-76.7633
2.775	-76.9705	-76.9688	-76.9709	-76.9749	-76.9795	-76.9836	-76.987	-76.9893	-76.9902	-76.9898	-76.988	-76.9848	-76.9803	-76.9746	-76.9677	-76.9599	-76.9511	-76.9415	-76.9312	-76.9203	-76.9089	-76.8971	-76.885	-76.8727	-76.8603	-76.8479	-76.8357	-76.8237	-76.812	-76.8007	-76.7899	-76.7798	-76.7705	-76.762	-76.7544	-76.7479	-76.7426	-76.7384	-76.7355	-76.734	-76.7339	-76.7352	-76.738	-76.7422	-76.7479	-76.7552	-76.7641	-76.7747
2.78	-76.9787	-76.977	-76.9792	-76.9832	-76.9877	-76.9919	-76.9953	-76.9976	-76.9986	-76.9982	-76.9964	-76.9933	-76.9889	-76.9832	-76.9765	-76.9687	-76.96	-76.9505	-76.9403	-76.9295	-76.9182	-76.9065	-76.8945	-76.8823	-76.8701	-76.8578	-76.8457	-76.8338	-76.8222	-76.811	-76.8004	-76.7904	-76.7811	-76.7727	-76.7653	-76.7588	-76.7536	-76.7495	-76.7467	-76.7452	-76.7452	-76.7465	-76.7493	-76.7535	-76.7593	-76.7666	-76.7755	-76.786
2.785	-76.9869	-76.9852	-76.9873	-76.9914	-76.9959	-77.0001	-77.0036	-77.0059	-77.0069	-77.0066	-77.0048	-77.0018	-76.9974	-76.9919	-76.9852	-76.9775	-76.9689	-76.9595	-76.9493	-76.9386	-76.9274	-76.9158	-76.904	-76.8919	-76.8798	-76.8676	-76.8556	-76.8438	-76.8323	-76.8213	-76.8107	-76.8008	-76.7917	-76.7834	-76.776	-76.7697	-76.7645	-76.7605	-76.7577	-76.7563	-76.7563	-76.7577	-76.7605	-76.7648	-76.7705	-76.7778	-76.7867	-76.7971
2.79	-76.995	-76.9933	-76.9955	-76.9995	-77.0041	-77.0083	-77.0117	-77.0141	-77.0152	-77.0149	-77.0132	-77.0102	-77.0059	-77.0004	-76.9938	-76.9862	-76.9777	-76.9684	-76.9583	-76.9477	-76.9366	-76.9251	-76.9134	-76.9014	-76.8894	-76.8773	-76.8654	-76.8537	-76.8424	-76.8314	-76.821	-76.8112	-76.8022	-76.7939	-76.7867	-76.7804	-76.7753	-76.7714	-76.7687	-76.7673	-76.7674	-76.7688	-76.7716	-76.7759	-76.7816	-76.7889	-76.7978	-76.8082
2.795	-77.003	-77.0013	-77.0035	-77.0076	-77.0121	-77.0164	-77.0199	-77.0223	-77.0234	-77.0231	-77.0215	-77.0186	-77.0143	-77.0089	-77.0024	-76.9949	-76.9864	-76.9772	-76.9673	-76.9567	-76.9457	-76.9344	-76.9227	-76.9108	-76.8989	-76.887	-76.8752	-76.8636	-76.8523	-76.8415	-76.8312	-76.8215	-76.8125	-76.8044	-76.7972	-76.7911	-76.786	-76.7821	-76.7795	-76.7783	-76.7783	-76.7798	-76.7826	-76.7869	-76.7927	-76.7999	-76.8088	-76.8192
2.8	-77.011	-77.0094	-77.0116	-77.0156	-77.0202	-77.0245	-77.028	-77.0304	-77.0315	-77.0313	-77.0298	-77.0269	-77.0227	-77.0174	-77.0109	-77.0035	-76.9951	-76.986	-76.9761	-76.9657	-76.9548	-76.9435	-76.932	-76.9202	-76.9084	-76.8966	-76.8849	-76.8734	-76.8622	-76.8515	-76.8413	-76.8317	-76.8228	-76.8148	-76.8077	-76.8016	-76.7966	-76.7928	-76.7903	-76.7891	-76.7892	-76.7907	-76.7935	-76.7978	-76.8036	-76.8109	-76.8197	-76.8301
2.805	-77.019	-77.0173	-77.0195	-77.0236	-77.0282	-77.0325	-77.036	-77.0385	-77.0396	-77.0395	-77.038	-77.0351	-77.031	-77.0258	-77.0194	-77.012	-77.0037	-76.9947	-76.9849	-76.9746	-76.9638	-76.9526	-76.9412	-76.9295	-76.9178	-76.9061	-76.8945	-76.8831	-76.8721	-76.8614	-76.8513	-76.8418	-76.8331	-76.8251	-76.8181	-76.8121	-76.8072	-76.8035	-76.801	-76.7998	-76.7999	-76.8015	-76.8044	-76.8087	-76.8144	-76.8217	-76.8305	-76.8409
2.81	-77.0269	-77.0252	-77.0275	-77.0315	-77.0361	-77.0405	-77.044	-77.0465	-77.0477	-77.0476	-77.0461	-77.0434	-77.0393	-77.0341	-77.0278	-77.0205	-77.0123	-77.0033	-76.9937	-76.9834	-76.9727	-76.9616	-76.9503	-76.9387	-76.9271	-76.9155	-76.904	-76.8928	-76.8818	-76.8713	-76.8613	-76.8519	-76.8432	-76.8353	-76.8284	-76.8225	-76.8176	-76.814	-76.8116	-76.8104	-76.8106	-76.8122	-76.8151	-76.8194	-76.8252	-76.8324	-76.8412	-76.8516
2.815	-77.0347	-77.0331	-77.0353	-77.0394	-77.0441	-77.0484	-77.052	-77.0545	-77.0557	-77.0556	-77.0542	-77.0515	-77.0475	-77.0424	-77.0361	-77.0289	-77.0208	-77.0119	-77.0024	-76.9922	-76.9816	-76.9706	-76.9594	-76.9479	-76.9364	-76.9249	-76.9135	-76.9023	-76.8915	-76.8811	-76.8711	-76.8618	-76.8532	-76.8455	-76.8386	-76.8328	-76.828	-76.8244	-76.8221	-76.821	-76.8212	-76.8228	-76.8257	-76.8301	-76.8358	-76.8431	-76.8519	-76.8622
2.82	-77.0425	-77.0409	-77.0432	-77.0473	-77.0519	-77.0563	-77.0599	-77.0624	-77.0637	-77.0637	-77.0623	-77.0596	-77.0557	-77.0506	-77.0444	-77.0373	-77.0293	-77.0205	-77.011	-77.0009	-76.9904	-76.9795	-76.9683	-76.957	-76.9456	-76.9342	-76.9229	-76.9118	-76.9011	-76.8908	-76.8809	-76.8717	-76.8632	-76.8555	-76.8488	-76.843	-76.8383	-76.8348	-76.8325	-76.8314	-76.8317	-76.8333	-76.8363	-76.8406	-76.8464	-76.8536	-76.8624	-76.8727
2.825	-77.0503	-77.0487	-77.051	-77.0551	-77.0597	-77.0641	-77.0677	-77.0703	-77.0716	-77.0716	-77.0703	-77.0677	-77.0638	-77.0588	-77.0527	-77.0456	-77.0377	-77.0289	-77.0195	-77.0096	-76.9992	-76.9884	-76.9773	-76.966	-76.9547	-76.9434	-76.9322	-76.9213	-76.9106	-76.9004	-76.8906	-76.8815	-76.8731	-76.8655	-76.8588	-76.8531	-76.8485	-76.845	-76.8428	-76.8418	-76.8421	-76.8437	-76.8467	-76.8511	-76.8569	-76.8641	-76.8728	-76.8831
2.83	-77.058	-77.0564	-77.0587	-77.0628	-77.0675	-77.0719	-77.0755	-77.0781	-77.0795	-77.0795	-77.0782	-77.0757	-77.0719	-77.0669	-77.0609	-77.0539	-77.046	-77.0374	-77.0281	-77.0182	-77.0078	-76.9971	-76.9862	-76.975	-76.9638	-76.9526	-76.9415	-76.9306	-76.9201	-76.9099	-76.9003	-76.8913	-76.8829	-76.8754	-76.8688	-76.8632	-76.8586	-76.8552	-76.853	-76.8521	-76.8524	-76.8541	-76.8571	-76.8615	-76.8672	-76.8745	-76.8832	-76.8934
2.835	-77.0657	-77.0641	-77.0664	-77.0705	-77.0752	-77.0796	-77.0833	-77.0859	-77.0873	-77.0874	-77.0861	-77.0836	-77.0799	-77.075	-77.069	-77.0621	-77.0543	-77.0457	-77.0365	-77.0267	-77.0165	-77.0059	-76.995	-76.9839	-76.9728	-76.9617	-76.9507	-76.9399	-76.9295	-76.9194	-76.9099	-76.9009	-76.8927	-76.8853	-76.8787	-76.8732	-76.8687	-76.8653	-76.8632	-76.8623	-76.8627	-76.8644	-76.8674	-76.8718	-76.8775	-76.8848	-76.8935	-76.9037
2.84	-77.0733	-77.0718	-77.074	-77.0782	-77.0829	-77.0873	-77.091	-77.0936	-77.095	-77.0952	-77.094	-77.0915	-77.0879	-77.083	-77.0771	-77.0703	-77.0625	-77.0541	-77.0449	-77.0352	-77.0251	-77.0145	-77.0037	-76.9928	-76.9817	-76.9707	-76.9598	-76.9492	-76.9388	-76.9288	-76.9194	-76.9105	-76.9024	-76.895	-76.8886	-76.8831	-76.8786	-76.8754	-76.8733	-76.8724	-76.8728	-76.8745	-76.8776	-76.882	-76.8878	-76.895	-76.9036	-76.9138
2.845	-77.0809	-77.0794	-77.0816	-77.0858	-77.0905	-77.0949	-77.0986	-77.1013	-77.1028	-77.1029	-77.1018	-77.0994	-77.0958	-77.091	-77.0852	-77.0784	-77.0707	-77.0623	-77.0533	-77.0436	-77.0336	-77.0231	-77.0124	-77.0016	-76.9906	-76.9797	-76.9689	-76.9583	-76.948	-76.9382	-76.9288	-76.92	-76.912	-76.9047	-76.8983	-76.8929	-76.8885	-76.8853	-76.8832	-76.8824	-76.8829	-76.8846	-76.8877	-76.8921	-76.8979	-76.9051	-76.9138	-76.9239
2.85	-77.0884	-77.0869	-77.0892	-77.0934	-77.0981	-77.1025	-77.1063	-77.109	-77.1105	-77.1107	-77.1096	-77.1072	-77.1036	-77.0989	-77.0932	-77.0864	-77.0789	-77.0705	-77.0616	-77.052	-77.042	-77.0317	-77.0211	-77.0103	-76.9994	-76.9886	-76.9779	-76.9674	-76.9572	-76.9474	-76.9382	-76.9295	-76.9215	-76.9143	-76.908	-76.9026	-76.8983	-76.8952	-76.8932	-76.8924	-76.8929	-76.8947	-76.8977	-76.9021	-76.9079	-76.9151	-76.9238	-76.9339
2.855	-77.0959	-77.0944	-77.0967	-77.1009	-77.1056	-77.1101	-77.1138	-77.1166	-77.1181	-77.1183	-77.1173	-77.115	-77.1115	-77.1068	-77.1011	-77.0945	-77.087	-77.0787	-77.0698	-77.0603	-77.0504	-77.0402	-77.0296	-77.019	-77.0082	-76.9975	-76.9868	-76.9764	-76.9663	-76.9566	-76.9475	-76.9389	-76.931	-76.9238	-76.9176	-76.9123	-76.9081	-76.905	-76.903	-76.9023	-76.9028	-76.9046	-76.9077	-76.9121	-76.9179	-76.9251	-76.9337	-76.9438
2.86	-77.1034	-77.1019	-77.1042	-77.1084	-77.1131	-77.1176	-77.1214	-77.1241	-77.1257	-77.126	-77.125	-77.1227	-77.1192	-77.1146	-77.109	-77.1024	-77.095	-77.0868	-77.078	-77.0686	-77.0588	-77.0486	-77.0382	-77.0276	-77.0169	-77.0063	-76.9957	-76.9854	-76.9754	-76.9658	-76.9567	-76.9482	-76.9403	-76.9333	-76.9271	-76.9219	-76.9177	-76.9147	-76.9128	-76.9121	-76.9126	-76.9145	-76.9176	-76.922	-76.9278	-76.935	-76.9436	-76.9537
2.865	-77.1108	-77.1093	-77.1116	-77.1158	-77.1206	-77.1251	-77.1289	-77.1316	-77.1332	-77.1335	-77.1326	-77.1304	-77.127	-77.1224	-77.1168	-77.1103	-77.103	-77.0949	-77.0861	-77.0768	-77.0671	-77.057	-77.0466	-77.0361	-77.0255	-77.015	-77.0045	-76.9943	-76.9844	-76.9749	-76.9659	-76.9574	-76.9497	-76.9427	-76.9366	-76.9314	-76.9273	-76.9243	-76.9225	-76.9218	-76.9224	-76.9242	-76.9274	-76.9318	-76.9376	-76.9447	-76.9533	-76.9634
2.87	-77.1182	-77.1167	-77.119	-77.1232	-77.128	-77.1325	-77.1363	-77.1391	-77.1407	-77.1411	-77.1402	-77.138	-77.1346	-77.1301	-77.1246	-77.1182	-77.1109	-77.1029	-77.0942	-77.085	-77.0753	-77.0653	-77.055	-77.0446	-77.0341	-77.0237	-77.0133	-77.0032	-76.9933	-76.9839	-76.9749	-76.9666	-76.9589	-76.952	-76.946	-76.9409	-76.9368	-76.9339	-76.9321	-76.9314	-76.9321	-76.9339	-76.9371	-76.9415	-76.9473	-76.9545	-76.9631	-76.9731
2.875	-77.1255	-77.1241	-77.1264	-77.1306	-77.1354	-77.1399	-77.1437	-77.1465	-77.1482	-77.1486	-77.1477	-77.1456	-77.1423	-77.1378	-77.1324	-77.126	-77.1188	-77.1108	-77.1022	-77.0931	-77.0835	-77.0736	-77.0634	-77.0531	-77.0426	-77.0323	-77.022	-77.0119	-77.0022	-76.9928	-76.984	-76.9757	-76.9681	-76.9613	-76.9553	-76.9503	-76.9463	-76.9434	-76.9416	-76.941	-76.9417	-76.9436	-76.9467	-76.9512	-76.957	-76.9641	-76.9727	-76.9827
2.88	-77.1328	-77.1314	-77.1337	-77.1379	-77.1427	-77.1472	-77.1511	-77.1539	-77.1556	-77.156	-77.1552	-77.1531	-77.1499	-77.1455	-77.1401	-77.1338	-77.1266	-77.1187	-77.1102	-77.1011	-77.0916	-77.0818	-77.0717	-77.0614	-77.0511	-77.0408	-77.0306	-77.0207	-77.011	-77.0017	-76.9929	-76.9847	-76.9772	-76.9705	-76.9646	-76.9596	-76.9557	-76.9528	-76.9511	-76.9505	-76.9512	-76.9531	-76.9563	-76.9608	-76.9665	-76.9737	-76.9822	-76.9922
2.885	-77.1401	-77.1386	-77.141	-77.1452	-77.15	-77.1545	-77.1584	-77.1613	-77.163	-77.1634	-77.1626	-77.1606	-77.1574	-77.1531	-77.1478	-77.1415	-77.1344	-77.1266	-77.1181	-77.1092	-77.0997	-77.09	-77.0799	-77.0698	-77.0595	-77.0493	-77.0392	-77.0293	-77.0197	-77.0106	-77.0018	-76.9937	-76.9863	-76.9796	-76.9738	-76.9689	-76.965	-76.9622	-76.9605	-76.96	-76.9607	-76.9626	-76.9658	-76.9703	-76.976	-76.9832	-76.9917	-77.0017
2.89	-77.1473	-77.1458	-77.1482	-77.1524	-77.1572	-77.1618	-77.1657	-77.1686	-77.1703	-77.1708	-77.17	-77.1681	-77.1649	-77.1606	-77.1554	-77.1492	-77.1421	-77.1344	-77.126	-77.1171	-77.1078	-77.0981	-77.0881	-77.078	-77.0679	-77.0578	-77.0477	-77.0379	-77.0284	-77.0193	-77.0107	-77.0026	-76.9953	-76.9886	-76.9829	-76.978	-76.9742	-76.9714	-76.9698	-76.9693	-76.9701	-76.972	-76.9752	-76.9797	-76.9855	-76.9926	-77.0011	-77.011
2.895	-77.1544	-77.153	-77.1554	-77.1596	-77.1644	-77.169	-77.1729	-77.1758	-77.1776	-77.1781	-77.1774	-77.1755	-77.1724	-77.1681	-77.1629	-77.1568	-77.1498	-77.1422	-77.1339	-77.125	-77.1157	-77.1061	-77.0963	-77.0863	-77.0762	-77.0661	-77.0562	-77.0465	-77.0371	-77.028	-77.0195	-77.0115	-77.0042	-76.9976	-76.9919	-76.9872	-76.9834	-76.9807	-76.9791	-76.9786	-76.9794	-76.9814	-76.9846	-76.9891	-76.9948	-77.0019	-77.0104	-77.0203
2.9	-77.1616	-77.1602	-77.1626	-77.1668	-77.1716	-77.1762	-77.1801	-77.1831	-77.1848	-77.1854	-77.1847	-77.1828	-77.1798	-77.1756	-77.1705	-77.1644	-77.1575	-77.1499	-77.1416	-77.1329	-77.1237	-77.1142	-77.1044	-77.0944	-77.0844	-77.0745	-77.0646	-77.055	-77.0456	-77.0367	-77.0282	-77.0203	-77.0131	-77.0066	-77.0009	-76.9962	-76.9925	-76.9898	-76.9882	-76.9878	-76.9886	-76.9906	-76.9939	-76.9984	-77.0041	-77.0112	-77.0197	-77.0296
2.905	-77.1687	-77.1673	-77.1697	-77.1739	-77.1787	-77.1833	-77.1873	-77.1902	-77.1921	-77.1926	-77.192	-77.1902	-77.1871	-77.183	-77.1779	-77.1719	-77.1651	-77.1575	-77.1494	-77.1407	-77.1316	-77.1221	-77.1124	-77.1026	-77.0926	-77.0827	-77.073	-77.0634	-77.0541	-77.0453	-77.0369	-77.029	-77.0219	-77.0154	-77.0099	-77.0052	-77.0015	-76.9989	-76.9974	-76.997	-76.9978	-76.9998	-77.0031	-77.0076	-77.0133	-77.0204	-77.0289	-77.0387
2.91	-77.1757	-77.1743	-77.1767	-77.181	-77.1858	-77.1905	-77.1944	-77.1974	-77.1992	-77.1999	-77.1992	-77.1974	-77.1945	-77.1904	-77.1854	-77.1794	-77.1726	-77.1652	-77.1571	-77.1485	-77.1394	-77.13	-77.1204	-77.1106	-77.1008	-77.091	-77.0813	-77.0718	-77.0626	-77.0538	-77.0455	-77.0377	-77.0306	-77.0242	-77.0187	-77.0141	-77.0105	-77.0079	-77.0064	-77.0061	-77.0069	-77.009	-77.0122	-77.0167	-77.0225	-77.0296	-77.038	-77.0478
2.915	-77.1827	-77.1814	-77.1838	-77.188	-77.1929	-77.1975	-77.2015	-77.2045	-77.2064	-77.207	-77.2064	-77.2047	-77.2018	-77.1978	-77.1928	-77.1869	-77.1802	-77.1727	-77.1647	-77.1562	-77.1472	-77.1379	-77.1283	-77.1186	-77.1089	-77.0991	-77.0895	-77.0801	-77.071	-77.0623	-77.054	-77.0463	-77.0393	-77.033	-77.0275	-77.023	-77.0194	-77.0169	-77.0154	-77.0151	-77.016	-77.018	-77.0213	-77.0258	-77.0316	-77.0386	-77.0471	-77.0569
2.92	-77.1897	-77.1884	-77.1908	-77.195	-77.1999	-77.2045	-77.2085	-77.2115	-77.2134	-77.2141	-77.2136	-77.2119	-77.209	-77.205	-77.2001	-77.1943	-77.1876	-77.1803	-77.1723	-77.1638	-77.1549	-77.1457	-77.1362	-77.1266	-77.1169	-77.1073	-77.0977	-77.0884	-77.0793	-77.0707	-77.0625	-77.0549	-77.0479	-77.0417	-77.0363	-77.0318	-77.0282	-77.0258	-77.0244	-77.0241	-77.025	-77.0271	-77.0303	-77.0348	-77.0406	-77.0476	-77.0561	-77.0658
2.925	-77.1967	-77.1953	-77.1977	-77.202	-77.2069	-77.2115	-77.2155	-77.2186	-77.2205	-77.2212	-77.2207	-77.219	-77.2162	-77.2123	-77.2074	-77.2016	-77.1951	-77.1878	-77.1799	-77.1715	-77.1626	-77.1535	-77.1441	-77.1345	-77.1249	-77.1153	-77.1059	-77.0966	-77.0876	-77.079	-77.0709	-77.0634	-77.0565	-77.0503	-77.045	-77.0405	-77.037	-77.0346	-77.0332	-77.033	-77.0339	-77.036	-77.0393	-77.0438	-77.0495	-77.0566	-77.065	-77.0747
2.93	-77.2036	-77.2022	-77.2047	-77.2089	-77.2138	-77.2185	-77.2225	-77.2256	-77.2275	-77.2283	-77.2278	-77.2262	-77.2234	-77.2195	-77.2147	-77.209	-77.2024	-77.1952	-77.1874	-77.179	-77.1703	-77.1612	-77.1519	-77.1424	-77.1328	-77.1233	-77.1139	-77.1048	-77.0959	-77.0873	-77.0793	-77.0718	-77.065	-77.0589	-77.0536	-77.0492	-77.0458	-77.0434	-77.042	-77.0418	-77.0428	-77.0449	-77.0482	-77.0527	-77.0584	-77.0655	-77.0738	-77.0836
2.935	-77.2104	-77.2091	-77.2115	-77.2158	-77.2207	-77.2254	-77.2294	-77.2325	-77.2345	-77.2353	-77.2348	-77.2332	-77.2305	-77.2267	-77.2219	-77.2162	-77.2098	-77.2026	-77.1949	-77.1866	-77.1779	-77.1689	-77.1596	-77.1502	-77.1407	-77.1313	-77.122	-77.1129	-77.104	-77.0956	-77.0876	-77.0802	-77.0734	-77.0674	-77.0622	-77.0578	-77.0544	-77.0521	-77.0508	-77.0506	-77.0516	-77.0537	-77.057	-77.0615	-77.0672	-77.0743	-77.0826	-77.0923
2.94	-77.2173	-77.216	-77.2184	-77.2227	-77.2276	-77.2323	-77.2363	-77.2394	-77.2414	-77.2422	-77.2418	-77.2403	-77.2376	-77.2338	-77.2291	-77.2235	-77.2171	-77.21	-77.2023	-77.1941	-77.1854	-77.1765	-77.1673	-77.158	-77.1486	-77.1392	-77.13	-77.1209	-77.1122	-77.1038	-77.0959	-77.0885	-77.0818	-77.0758	-77.0707	-77.0664	-77.063	-77.0607	-77.0594	-77.0593	-77.0603	-77.0624	-77.0658	-77.0703	-77.076	-77.083	-77.0914	-77.101
2.945	-77.2241	-77.2228	-77.2252	-77.2295	-77.2344	-77.2391	-77.2432	-77.2463	-77.2483	-77.2492	-77.2488	-77.2473	-77.2446	-77.2409	-77.2362	-77.2307	-77.2243	-77.2173	-77.2097	-77.2015	-77.193	-77.1841	-77.175	-77.1657	-77.1564	-77.1471	-77.1379	-77.1289	-77.1203	-77.1119	-77.1041	-77.0968	-77.0902	-77.0842	-77.0791	-77.0749	-77.0716	-77.0693	-77.0681	-77.068	-77.069	-77.0711	-77.0744	-77.079	-77.0847	-77.0917	-77.1	-77.1097
2.95	-77.2308	-77.2295	-77.232	-77.2363	-77.2412	-77.2459	-77.25	-77.2531	-77.2552	-77.2561	-77.2557	-77.2542	-77.2516	-77.248	-77.2433	-77.2378	-77.2316	-77.2246	-77.217	-77.2089	-77.2004	-77.1916	-77.1826	-77.1734	-77.1641	-77.1549	-77.1458	-77.1369	-77.1283	-77.12	-77.1123	-77.105	-77.0984	-77.0926	-77.0875	-77.0833	-77.0801	-77.0778	-77.0766	-77.0765	-77.0776	-77.0798	-77.0831	-77.0876	-77.0933	-77.1003	-77.1086	-77.1183
2.955	-77.2376	-77.2363	-77.2387	-77.2431	-77.248	-77.2527	-77.2568	-77.2599	-77.262	-77.2629	-77.2626	-77.2612	-77.2586	-77.255	-77.2504	-77.245	-77.2387	-77.2318	-77.2243	-77.2163	-77.2078	-77.1991	-77.1901	-77.181	-77.1718	-77.1627	-77.1536	-77.1448	-77.1363	-77.1281	-77.1204	-77.1132	-77.1067	-77.1009	-77.0959	-77.0917	-77.0885	-77.0863	-77.0851	-77.0851	-77.0861	-77.0883	-77.0917	-77.0962	-77.1019	-77.1089	-77.1172	-77.1268
2.96	-77.2443	-77.243	-77.2455	-77.2498	-77.2547	-77.2594	-77.2635	-77.2667	-77.2688	-77.2697	-77.2695	-77.2681	-77.2655	-77.262	-77.2574	-77.252	-77.2459	-77.239	-77.2315	-77.2236	-77.2152	-77.2066	-77.1976	-77.1886	-77.1795	-77.1704	-77.1614	-77.1527	-77.1442	-77.1361	-77.1284	-77.1213	-77.1149	-77.1091	-77.1041	-77.1	-77.0969	-77.0947	-77.0936	-77.0936	-77.0946	-77.0968	-77.1002	-77.1047	-77.1104	-77.1174	-77.1257	-77.1353
2.965	-77.2509	-77.2497	-77.2521	-77.2565	-77.2614	-77.2661	-77.2702	-77.2734	-77.2756	-77.2765	-77.2763	-77.2749	-77.2724	-77.2689	-77.2644	-77.2591	-77.253	-77.2462	-77.2388	-77.2309	-77.2226	-77.214	-77.2051	-77.1961	-77.1871	-77.1781	-77.1692	-77.1605	-77.1521	-77.144	-77.1364	-77.1294	-77.123	-77.1173	-77.1124	-77.1083	-77.1052	-77.1031	-77.102	-77.102	-77.1031	-77.1053	-77.1086	-77.1132	-77.1189	-77.1258	-77.1341	-77.1437
2.97	-77.2575	-77.2563	-77.2588	-77.2631	-77.268	-77.2728	-77.2769	-77.2801	-77.2823	-77.2833	-77.2831	-77.2817	-77.2793	-77.2758	-77.2714	-77.2661	-77.26	-77.2533	-77.2459	-77.2381	-77.2299	-77.2213	-77.2125	-77.2036	-77.1946	-77.1857	-77.1769	-77.1682	-77.1599	-77.1519	-77.1444	-77.1374	-77.1311	-77.1254	-77.1206	-77.1165	-77.1135	-77.1114	-77.1103	-77.1103	-77.1115	-77.1137	-77.1171	-77.1216	-77.1273	-77.1342	-77.1425	-77.152
2.975	-77.2641	-77.2629	-77.2654	-77.2697	-77.2747	-77.2794	-77.2836	-77.2868	-77.289	-77.29	-77.2898	-77.2885	-77.2861	-77.2827	-77.2783	-77.273	-77.267	-77.2603	-77.2531	-77.2453	-77.2371	-77.2286	-77.2199	-77.2111	-77.2022	-77.1933	-77.1845	-77.176	-77.1677	-77.1598	-77.1523	-77.1454	-77.1391	-77.1335	-77.1287	-77.1247	-77.1217	-77.1196	-77.1186	-77.1186	-77.1198	-77.122	-77.1254	-77.1299	-77.1356	-77.1426	-77.1508	-77.1603
2.98	-77.2707	-77.2695	-77.272	-77.2763	-77.2812	-77.286	-77.2902	-77.2934	-77.2956	-77.2967	-77.2965	-77.2952	-77.2929	-77.2895	-77.2852	-77.28	-77.274	-77.2674	-77.2602	-77.2524	-77.2443	-77.2359	-77.2273	-77.2185	-77.2096	-77.2008	-77.1921	-77.1836	-77.1754	-77.1676	-77.1602	-77.1533	-77.1471	-77.1415	-77.1368	-77.1328	-77.1298	-77.1278	-77.1268	-77.1269	-77.128	-77.1303	-77.1337	-77.1382	-77.1439	-77.1508	-77.159	-77.1685
2.985	-77.2772	-77.276	-77.2785	-77.2829	-77.2878	-77.2926	-77.2968	-77.3	-77.3022	-77.3033	-77.3032	-77.302	-77.2996	-77.2963	-77.292	-77.2869	-77.2809	-77.2744	-77.2672	-77.2596	-77.2515	-77.2432	-77.2346	-77.2258	-77.2171	-77.2083	-77.1997	-77.1913	-77.1831	-77.1753	-77.168	-77.1612	-77.155	-77.1495	-77.1448	-77.1409	-77.138	-77.136	-77.135	-77.1351	-77.1363	-77.1385	-77.1419	-77.1465	-77.1522	-77.1591	-77.1672	-77.1767
2.99	-77.2837	-77.2825	-77.285	-77.2894	-77.2943	-77.2991	-77.3033	-77.3066	-77.3088	-77.3099	-77.3098	-77.3086	-77.3064	-77.303	-77.2988	-77.2937	-77.2878	-77.2813	-77.2742	-77.2666	-77.2586	-77.2504	-77.2418	-77.2332	-77.2245	-77.2158	-77.2072	-77.1988	-77.1907	-77.183	-77.1757	-77.169	-77.1629	-77.1574	-77.1527	-77.1489	-77.146	-77.1441	-77.1431	-77.1432	-77.1444	-77.1467	-77.1501	-77.1546	-77.1603	-77.1672	-77.1754	-77.1848
2.995	-77.2902	-77.289	-77.2915	-77.2959	-77.3008	-77.3056	-77.3098	-77.3131	-77.3154	-77.3165	-77.3164	-77.3153	-77.313	-77.3098	-77.3056	-77.3005	-77.2947	-77.2882	-77.2812	-77.2737	-77.2657	-77.2575	-77.249	-77.2405	-77.2318	-77.2232	-77.2147	-77.2064	-77.1983	-77.1907	-77.1834	-77.1768	-77.1707	-77.1653	-77.1607	-77.1569	-77.154	-77.1521	-77.1512	-77.1513	-77.1525	-77.1548	-77.1582	-77.1628	-77.1684	-77.1753	-77.1835	-77.1929
3	-77.2966	-77.2954	-77.2979	-77.3023	-77.3073	-77.3121	-77.3163	-77.3196	-77.3219	-77.323	-77.323	-77.3219	-77.3197	-77.3164	-77.3123	-77.3073	-77.3015	-77.2951	-77.2881	-77.2807	-77.2728	-77.2646	-77.2562	-77.2477	-77.2391	-77.2305	-77.2221	-77.2139	-77.2059	-77.1983	-77.1911	-77.1845	-77.1785	-77.1731	-77.1685	-77.1648	-77.162	-77.1601	-77.1592	-77.1594	-77.1606	-77.1629	-77.1663	-77.1708	-77.1765	-77.1834	-77.1915	-77.2009
3.005	-77.303	-77.3018	-77.3044	-77.3087	-77.3137	-77.3185	-77.3227	-77.3261	-77.3284	-77.3295	-77.3296	-77.3285	-77.3263	-77.3231	-77.319	-77.314	-77.3083	-77.302	-77.295	-77.2876	-77.2798	-77.2717	-77.2634	-77.2549	-77.2464	-77.2379	-77.2295	-77.2213	-77.2134	-77.2058	-77.1987	-77.1922	-77.1862	-77.1809	-77.1764	-77.1727	-77.1699	-77.168	-77.1672	-77.1674	-77.1686	-77.1709	-77.1743	-77.1789	-77.1845	-77.1914	-77.1995	-77.2089
3.01	-77.3094	-77.3082	-77.3107	-77.3151	-77.3201	-77.3249	-77.3292	-77.3325	-77.3348	-77.336	-77.3361	-77.335	-77.3328	-77.3297	-77.3256	-77.3207	-77.3151	-77.3088	-77.3019	-77.2945	-77.2868	-77.2787	-77.2705	-77.262	-77.2536	-77.2451	-77.2368	-77.2287	-77.2209	-77.2134	-77.2063	-77.1998	-77.1939	-77.1886	-77.1841	-77.1805	-77.1777	-77.1759	-77.1751	-77.1753	-77.1766	-77.1789	-77.1823	-77.1868	-77.1925	-77.1994	-77.2075	-77.2168
3.015	-77.3157	-77.3146	-77.3171	-77.3215	-77.3265	-77.3313	-77.3355	-77.3389	-77.3412	-77.3424	-77.3425	-77.3415	-77.3394	-77.3363	-77.3323	-77.3274	-77.3218	-77.3156	-77.3087	-77.3014	-77.2937	-77.2857	-77.2775	-77.2692	-77.2608	-77.2524	-77.2441	-77.2361	-77.2283	-77.2208	-77.2138	-77.2074	-77.2015	-77.1963	-77.1919	-77.1883	-77.1855	-77.1837	-77.183	-77.1832	-77.1845	-77.1868	-77.1902	-77.1947	-77.2004	-77.2073	-77.2153	-77.2247
3.02	-77.322	-77.3209	-77.3234	-77.3278	-77.3328	-77.3376	-77.3419	-77.3453	-77.3476	-77.3489	-77.349	-77.348	-77.3459	-77.3428	-77.3389	-77.334	-77.3285	-77.3223	-77.3155	-77.3083	-77.3006	-77.2927	-77.2845	-77.2762	-77.2679	-77.2596	-77.2514	-77.2434	-77.2356	-77.2283	-77.2213	-77.2149	-77.2091	-77.2039	-77.1996	-77.196	-77.1933	-77.1915	-77.1908	-77.191	-77.1923	-77.1947	-77.1981	-77.2026	-77.2083	-77.2151	-77.2232	-77.2325
3.025	-77.3283	-77.3272	-77.3297	-77.3341	-77.3391	-77.3439	-77.3482	-77.3516	-77.354	-77.3552	-77.3554	-77.3544	-77.3524	-77.3493	-77.3454	-77.3406	-77.3351	-77.329	-77.3223	-77.3151	-77.3075	-77.2996	-77.2915	-77.2833	-77.275	-77.2667	-77.2586	-77.2506	-77.243	-77.2357	-77.2288	-77.2224	-77.2166	-77.2115	-77.2072	-77.2037	-77.201	-77.1993	-77.1985	-77.1988	-77.2001	-77.2025	-77.2059	-77.2104	-77.2161	-77.2229	-77.2309	-77.2402
3.03	-77.3345	-77.3334	-77.336	-77.3403	-77.3454	-77.3502	-77.3545	-77.3579	-77.3603	-77.3616	-77.3617	-77.3608	-77.3588	-77.3558	-77.3519	-77.3472	-77.3418	-77.3356	-77.329	-77.3218	-77.3143	-77.3065	-77.2984	-77.2903	-77.2821	-77.2739	-77.2658	-77.2579	-77.2503	-77.243	-77.2362	-77.2299	-77.2241	-77.2191	-77.2148	-77.2113	-77.2087	-77.207	-77.2063	-77.2065	-77.2079	-77.2102	-77.2137	-77.2182	-77.2238	-77.2307	-77.2387	-77.2479
3.035	-77.3407	-77.3396	-77.3422	-77.3466	-77.3516	-77.3565	-77.3607	-77.3642	-77.3666	-77.3679	-77.3681	-77.3672	-77.3652	-77.3623	-77.3584	-77.3537	-77.3483	-77.3423	-77.3357	-77.3286	-77.3211	-77.3133	-77.3054	-77.2972	-77.2891	-77.2809	-77.2729	-77.2651	-77.2575	-77.2503	-77.2435	-77.2373	-77.2316	-77.2266	-77.2223	-77.2189	-77.2163	-77.2146	-77.2139	-77.2142	-77.2156	-77.218	-77.2214	-77.2259	-77.2316	-77.2384	-77.2464	-77.2556
3.04	-77.3469	-77.3458	-77.3484	-77.3528	-77.3578	-77.3627	-77.367	-77.3704	-77.3728	-77.3742	-77.3744	-77.3735	-77.3716	-77.3687	-77.3649	-77.3602	-77.3549	-77.3489	-77.3423	-77.3353	-77.3279	-77.3201	-77.3122	-77.3042	-77.2961	-77.288	-77.28	-77.2722	-77.2647	-77.2576	-77.2508	-77.2446	-77.239	-77.234	-77.2298	-77.2264	-77.2238	-77.2222	-77.2215	-77.2219	-77.2232	-77.2256	-77.2291	-77.2336	-77.2392	-77.246	-77.254	-77.2632
3.045	-77.3531	-77.352	-77.3546	-77.359	-77.364	-77.3689	-77.3732	-77.3766	-77.3791	-77.3804	-77.3807	-77.3798	-77.3779	-77.3751	-77.3713	-77.3667	-77.3614	-77.3554	-77.3489	-77.3419	-77.3346	-77.3269	-77.319	-77.311	-77.303	-77.295	-77.2871	-77.2793	-77.2719	-77.2648	-77.2581	-77.252	-77.2464	-77.2415	-77.2373	-77.2339	-77.2314	-77.2298	-77.2291	-77.2295	-77.2308	-77.2332	-77.2367	-77.2412	-77.2468	-77.2536	-77.2616	-77.2708
3.05	-77.3592	-77.3581	-77.3607	-77.3651	-77.3701	-77.375	-77.3793	-77.3828	-77.3853	-77.3867	-77.3869	-77.3861	-77.3842	-77.3814	-77.3777	-77.3731	-77.3679	-77.362	-77.3555	-77.3486	-77.3413	-77.3336	-77.3258	-77.3179	-77.3099	-77.3019	-77.2941	-77.2864	-77.279	-77.272	-77.2653	-77.2592	-77.2537	-77.2488	-77.2447	-77.2413	-77.2389	-77.2373	-77.2367	-77.237	-77.2384	-77.2408	-77.2443	-77.2488	-77.2544	-77.2612	-77.2691	-77.2783
3.055	-77.3653	-77.3642	-77.3668	-77.3712	-77.3762	-77.3811	-77.3855	-77.389	-77.3914	-77.3928	-77.3931	-77.3924	-77.3905	-77.3877	-77.384	-77.3795	-77.3743	-77.3684	-77.362	-77.3552	-77.3479	-77.3404	-77.3326	-77.3247	-77.3168	-77.3089	-77.301	-77.2934	-77.2861	-77.2791	-77.2725	-77.2665	-77.261	-77.2561	-77.2521	-77.2487	-77.2463	-77.2447	-77.2441	-77.2445	-77.2459	-77.2484	-77.2518	-77.2563	-77.2619	-77.2687	-77.2766	-77.2858
3.06	-77.3714	-77.3703	-77.3729	-77.3773	-77.3823	-77.3872	-77.3916	-77.3951	-77.3976	-77.399	-77.3993	-77.3986	-77.3968	-77.394	-77.3904	-77.3859	-77.3807	-77.3749	-77.3685	-77.3617	-77.3545	-77.347	-77.3393	-77.3315	-77.3236	-77.3157	-77.308	-77.3004	-77.2931	-77.2862	-77.2797	-77.2737	-77.2682	-77.2634	-77.2594	-77.2561	-77.2537	-77.2522	-77.2516	-77.252	-77.2534	-77.2558	-77.2593	-77.2638	-77.2694	-77.2762	-77.2841	-77.2932
3.065	-77.3774	-77.3764	-77.3789	-77.3834	-77.3884	-77.3933	-77.3977	-77.4012	-77.4037	-77.4051	-77.4055	-77.4048	-77.403	-77.4003	-77.3967	-77.3922	-77.3871	-77.3813	-77.375	-77.3682	-77.3611	-77.3536	-77.346	-77.3382	-77.3304	-77.3226	-77.3149	-77.3074	-77.3001	-77.2933	-77.2868	-77.2808	-77.2754	-77.2707	-77.2667	-77.2634	-77.261	-77.2595	-77.259	-77.2594	-77.2608	-77.2633	-77.2667	-77.2713	-77.2768	-77.2836	-77.2915	-77.3006
3.07	-77.3834	-77.3824	-77.385	-77.3894	-77.3944	-77.3994	-77.4037	-77.4072	-77.4098	-77.4112	-77.4116	-77.4109	-77.4092	-77.4065	-77.4029	-77.3986	-77.3935	-77.3877	-77.3815	-77.3747	-77.3676	-77.3602	-77.3526	-77.3449	-77.3371	-77.3294	-77.3218	-77.3143	-77.3071	-77.3003	-77.2939	-77.2879	-77.2826	-77.2779	-77.2739	-77.2707	-77.2683	-77.2669	-77.2663	-77.2668	-77.2682	-77.2707	-77.2741	-77.2786	-77.2842	-77.291	-77.2988	-77.3079
3.075	-77.3894	-77.3884	-77.391	-77.3954	-77.4004	-77.4054	-77.4097	-77.4133	-77.4158	-77.4173	-77.4177	-77.417	-77.4153	-77.4127	-77.4092	-77.4048	-77.3998	-77.3941	-77.3879	-77.3812	-77.3741	-77.3668	-77.3593	-77.3516	-77.3439	-77.3362	-77.3286	-77.3212	-77.314	-77.3073	-77.3009	-77.295	-77.2897	-77.285	-77.2811	-77.2779	-77.2756	-77.2742	-77.2737	-77.2741	-77.2756	-77.278	-77.2815	-77.286	-77.2916	-77.2983	-77.3062	-77.3152
3.08	-77.3954	-77.3943	-77.3969	-77.4014	-77.4064	-77.4114	-77.4157	-77.4193	-77.4219	-77.4234	-77.4238	-77.4231	-77.4215	-77.4189	-77.4154	-77.4111	-77.4061	-77.4004	-77.3942	-77.3876	-77.3806	-77.3733	-77.3658	-77.3582	-77.3505	-77.3429	-77.3354	-77.328	-77.3209	-77.3142	-77.3079	-77.302	-77.2968	-77.2922	-77.2882	-77.2851	-77.2828	-77.2814	-77.2809	-77.2814	-77.2829	-77.2853	-77.2888	-77.2933	-77.2989	-77.3056	-77.3134	-77.3224
3.085	-77.4013	-77.4003	-77.4029	-77.4073	-77.4124	-77.4173	-77.4217	-77.4253	-77.4278	-77.4294	-77.4298	-77.4292	-77.4276	-77.425	-77.4215	-77.4173	-77.4123	-77.4067	-77.4006	-77.394	-77.3871	-77.3798	-77.3724	-77.3648	-77.3572	-77.3496	-77.3421	-77.3348	-77.3278	-77.3211	-77.3148	-77.309	-77.3038	-77.2992	-77.2954	-77.2923	-77.29	-77.2886	-77.2882	-77.2887	-77.2901	-77.2926	-77.2961	-77.3006	-77.3061	-77.3128	-77.3206	-77.3297
3.09	-77.4072	-77.4062	-77.4088	-77.4132	-77.4183	-77.4232	-77.4276	-77.4312	-77.4338	-77.4354	-77.4358	-77.4352	-77.4336	-77.4311	-77.4277	-77.4235	-77.4185	-77.413	-77.4069	-77.4004	-77.3935	-77.3863	-77.3789	-77.3714	-77.3638	-77.3563	-77.3488	-77.3416	-77.3346	-77.328	-77.3217	-77.316	-77.3108	-77.3063	-77.3024	-77.2994	-77.2971	-77.2958	-77.2953	-77.2959	-77.2973	-77.2998	-77.3033	-77.3078	-77.3133	-77.32	-77.3278	-77.3368
3.095	-77.4131	-77.4121	-77.4147	-77.4191	-77.4242	-77.4291	-77.4335	-77.4371	-77.4398	-77.4413	-77.4418	-77.4413	-77.4397	-77.4372	-77.4338	-77.4296	-77.4247	-77.4192	-77.4132	-77.4067	-77.3998	-77.3927	-77.3854	-77.3779	-77.3704	-77.3629	-77.3555	-77.3483	-77.3414	-77.3348	-77.3286	-77.3229	-77.3178	-77.3133	-77.3095	-77.3064	-77.3042	-77.3029	-77.3025	-77.303	-77.3045	-77.307	-77.3105	-77.315	-77.3205	-77.3272	-77.335	-77.3439
3.1	-77.4189	-77.4179	-77.4205	-77.425	-77.43	-77.435	-77.4394	-77.443	-77.4457	-77.4473	-77.4478	-77.4472	-77.4457	-77.4432	-77.4399	-77.4357	-77.4309	-77.4254	-77.4194	-77.413	-77.4062	-77.3991	-77.3918	-77.3844	-77.3769	-77.3695	-77.3622	-77.355	-77.3481	-77.3416	-77.3354	-77.3298	-77.3247	-77.3202	-77.3165	-77.3135	-77.3113	-77.31	-77.3096	-77.3101	-77.3116	-77.3141	-77.3176	-77.3221	-77.3276	-77.3343	-77.3421	-77.351
3.105	-77.4247	-77.4238	-77.4264	-77.4308	-77.4359	-77.4409	-77.4453	-77.4489	-77.4515	-77.4532	-77.4537	-77.4532	-77.4517	-77.4492	-77.4459	-77.4418	-77.437	-77.4316	-77.4257	-77.4193	-77.4125	-77.4055	-77.3982	-77.3908	-77.3834	-77.376	-77.3688	-77.3617	-77.3548	-77.3483	-77.3422	-77.3366	-77.3316	-77.3272	-77.3234	-77.3205	-77.3183	-77.317	-77.3167	-77.3172	-77.3187	-77.3212	-77.3247	-77.3292	-77.3347	-77.3414	-77.3491	-77.358
3.11	-77.4305	-77.4296	-77.4322	-77.4366	-77.4417	-77.4467	-77.4511	-77.4547	-77.4574	-77.459	-77.4596	-77.4591	-77.4576	-77.4552	-77.4519	-77.4479	-77.4431	-77.4377	-77.4318	-77.4255	-77.4188	-77.4118	-77.4046	-77.3973	-77.3899	-77.3826	-77.3753	-77.3683	-77.3615	-77.355	-77.349	-77.3434	-77.3384	-77.334	-77.3303	-77.3274	-77.3253	-77.324	-77.3237	-77.3242	-77.3258	-77.3283	-77.3318	-77.3363	-77.3418	-77.3484	-77.3561	-77.365
3.115	-77.4363	-77.4353	-77.438	-77.4424	-77.4475	-77.4525	-77.4569	-77.4606	-77.4632	-77.4649	-77.4655	-77.465	-77.4636	-77.4612	-77.4579	-77.4539	-77.4492	-77.4439	-77.438	-77.4317	-77.425	-77.4181	-77.4109	-77.4037	-77.3964	-77.3891	-77.3819	-77.3749	-77.3681	-77.3617	-77.3557	-77.3502	-77.3452	-77.3409	-77.3372	-77.3343	-77.3322	-77.331	-77.3307	-77.3312	-77.3328	-77.3353	-77.3388	-77.3433	-77.3488	-77.3554	-77.3631	-77.372
3.12	-77.4421	-77.4411	-77.4437	-77.4482	-77.4533	-77.4582	-77.4627	-77.4663	-77.469	-77.4707	-77.4713	-77.4709	-77.4695	-77.4671	-77.4639	-77.4599	-77.4552	-77.4499	-77.4441	-77.4379	-77.4312	-77.4243	-77.4173	-77.41	-77.4028	-77.3955	-77.3884	-77.3814	-77.3747	-77.3684	-77.3624	-77.3569	-77.352	-77.3477	-77.3441	-77.3412	-77.3391	-77.3379	-77.3376	-77.3382	-77.3398	-77.3423	-77.3457	-77.3502	-77.3558	-77.3623	-77.3701	-77.3789
3.125	-77.4478	-77.4468	-77.4495	-77.4539	-77.459	-77.464	-77.4684	-77.4721	-77.4748	-77.4765	-77.4771	-77.4767	-77.4753	-77.473	-77.4698	-77.4659	-77.4612	-77.456	-77.4502	-77.444	-77.4374	-77.4306	-77.4235	-77.4164	-77.4091	-77.4019	-77.3949	-77.388	-77.3813	-77.375	-77.3691	-77.3636	-77.3587	-77.3545	-77.3509	-77.348	-77.346	-77.3448	-77.3445	-77.3451	-77.3467	-77.3492	-77.3527	-77.3572	-77.3627	-77.3693	-77.377	-77.3858
3.13	-77.4535	-77.4525	-77.4552	-77.4596	-77.4647	-77.4697	-77.4742	-77.4778	-77.4806	-77.4823	-77.4829	-77.4825	-77.4812	-77.4789	-77.4757	-77.4718	-77.4672	-77.462	-77.4563	-77.4501	-77.4436	-77.4368	-77.4298	-77.4227	-77.4155	-77.4083	-77.4013	-77.3944	-77.3878	-77.3816	-77.3757	-77.3703	-77.3654	-77.3612	-77.3576	-77.3548	-77.3528	-77.3517	-77.3514	-77.352	-77.3536	-77.3561	-77.3596	-77.3641	-77.3696	-77.3761	-77.3838	-77.3926
3.135	-77.4591	-77.4582	-77.4608	-77.4653	-77.4704	-77.4754	-77.4799	-77.4835	-77.4863	-77.488	-77.4887	-77.4883	-77.487	-77.4847	-77.4816	-77.4777	-77.4732	-77.468	-77.4623	-77.4562	-77.4497	-77.443	-77.436	-77.4289	-77.4218	-77.4147	-77.4077	-77.4009	-77.3943	-77.3881	-77.3823	-77.3769	-77.3721	-77.3679	-77.3644	-77.3616	-77.3596	-77.3585	-77.3582	-77.3588	-77.3604	-77.363	-77.3664	-77.3709	-77.3764	-77.383	-77.3906	-77.3994
3.14	-77.4648	-77.4638	-77.4665	-77.471	-77.476	-77.481	-77.4855	-77.4892	-77.492	-77.4937	-77.4944	-77.4941	-77.4928	-77.4905	-77.4875	-77.4836	-77.4791	-77.474	-77.4683	-77.4622	-77.4558	-77.4491	-77.4422	-77.4352	-77.4281	-77.421	-77.4141	-77.4073	-77.4008	-77.3946	-77.3888	-77.3835	-77.3787	-77.3746	-77.3711	-77.3683	-77.3664	-77.3652	-77.365	-77.3657	-77.3672	-77.3698	-77.3733	-77.3777	-77.3832	-77.3898	-77.3974	-77.4062
3.145	-77.4704	-77.4695	-77.4721	-77.4766	-77.4817	-77.4867	-77.4912	-77.4949	-77.4977	-77.4994	-77.5001	-77.4998	-77.4985	-77.4963	-77.4933	-77.4895	-77.485	-77.4799	-77.4743	-77.4683	-77.4619	-77.4552	-77.4483	-77.4414	-77.4343	-77.4273	-77.4204	-77.4137	-77.4072	-77.4011	-77.3953	-77.3901	-77.3853	-77.3812	-77.3777	-77.375	-77.3731	-77.372	-77.3717	-77.3724	-77.374	-77.3766	-77.3801	-77.3845	-77.39	-77.3965	-77.4041	-77.4129
3.15	-77.476	-77.4751	-77.4777	-77.4822	-77.4873	-77.4923	-77.4968	-77.5005	-77.5033	-77.5051	-77.5058	-77.5055	-77.5043	-77.5021	-77.4991	-77.4953	-77.4909	-77.4858	-77.4803	-77.4743	-77.4679	-77.4613	-77.4545	-77.4475	-77.4406	-77.4336	-77.4267	-77.4201	-77.4136	-77.4075	-77.4018	-77.3966	-77.3919	-77.3878	-77.3844	-77.3817	-77.3798	-77.3787	-77.3785	-77.3792	-77.3808	-77.3833	-77.3868	-77.3913	-77.3967	-77.4032	-77.4109	-77.4196
3.155	-77.4816	-77.4806	-77.4833	-77.4878	-77.4929	-77.4979	-77.5024	-77.5061	-77.5089	-77.5107	-77.5115	-77.5112	-77.51	-77.5078	-77.5049	-77.5011	-77.4967	-77.4917	-77.4862	-77.4802	-77.4739	-77.4673	-77.4606	-77.4537	-77.4467	-77.4398	-77.433	-77.4264	-77.42	-77.4139	-77.4083	-77.4031	-77.3984	-77.3943	-77.391	-77.3883	-77.3864	-77.3853	-77.3851	-77.3858	-77.3875	-77.39	-77.3935	-77.398	-77.4034	-77.4099	-77.4175	-77.4262
3.16	-77.4871	-77.4862	-77.4889	-77.4933	-77.4984	-77.5035	-77.508	-77.5117	-77.5145	-77.5163	-77.5171	-77.5169	-77.5157	-77.5136	-77.5106	-77.5069	-77.5025	-77.4976	-77.4921	-77.4862	-77.4799	-77.4734	-77.4666	-77.4598	-77.4529	-77.446	-77.4393	-77.4327	-77.4263	-77.4203	-77.4147	-77.4095	-77.4049	-77.4009	-77.3975	-77.3949	-77.393	-77.392	-77.3918	-77.3925	-77.3941	-77.3967	-77.4002	-77.4046	-77.4101	-77.4166	-77.4241	-77.4328
3.165	-77.4926	-77.4917	-77.4944	-77.4989	-77.504	-77.509	-77.5135	-77.5173	-77.5201	-77.5219	-77.5227	-77.5225	-77.5213	-77.5192	-77.5163	-77.5127	-77.5083	-77.5034	-77.498	-77.4921	-77.4859	-77.4794	-77.4727	-77.4659	-77.459	-77.4522	-77.4455	-77.4389	-77.4326	-77.4267	-77.4211	-77.4159	-77.4114	-77.4074	-77.404	-77.4014	-77.3996	-77.3986	-77.3984	-77.3991	-77.4008	-77.4033	-77.4068	-77.4113	-77.4167	-77.4232	-77.4307	-77.4394
3.17	-77.4981	-77.4972	-77.4999	-77.5044	-77.5095	-77.5145	-77.519	-77.5228	-77.5256	-77.5275	-77.5283	-77.5281	-77.527	-77.5249	-77.522	-77.5184	-77.5141	-77.5092	-77.5038	-77.498	-77.4918	-77.4853	-77.4787	-77.4719	-77.4651	-77.4583	-77.4517	-77.4452	-77.4389	-77.433	-77.4274	-77.4223	-77.4178	-77.4138	-77.4105	-77.4079	-77.4061	-77.4051	-77.405	-77.4057	-77.4074	-77.4099	-77.4134	-77.4179	-77.4233	-77.4297	-77.4373	-77.4459
3.175	-77.5036	-77.5027	-77.5054	-77.5099	-77.515	-77.52	-77.5245	-77.5283	-77.5312	-77.533	-77.5339	-77.5337	-77.5326	-77.5305	-77.5277	-77.5241	-77.5198	-77.515	-77.5096	-77.5038	-77.4977	-77.4913	-77.4847	-77.478	-77.4712	-77.4645	-77.4578	-77.4514	-77.4451	-77.4392	-77.4337	-77.4287	-77.4242	-77.4202	-77.417	-77.4144	-77.4126	-77.4116	-77.4115	-77.4123	-77.4139	-77.4165	-77.42	-77.4244	-77.4298	-77.4363	-77.4438	-77.4524
3.18	-77.509	-77.5082	-77.5108	-77.5153	-77.5204	-77.5255	-77.53	-77.5338	-77.5367	-77.5385	-77.5394	-77.5392	-77.5381	-77.5362	-77.5333	-77.5298	-77.5255	-77.5207	-77.5154	-77.5096	-77.5035	-77.4972	-77.4906	-77.4839	-77.4772	-77.4705	-77.4639	-77.4575	-77.4514	-77.4455	-77.44	-77.435	-77.4305	-77.4266	-77.4234	-77.4209	-77.4191	-77.4181	-77.418	-77.4188	-77.4204	-77.423	-77.4265	-77.4309	-77.4363	-77.4428	-77.4503	-77.4589
3.185	-77.5145	-77.5136	-77.5163	-77.5208	-77.5259	-77.5309	-77.5355	-77.5393	-77.5421	-77.544	-77.5449	-77.5448	-77.5437	-77.5417	-77.5389	-77.5354	-77.5312	-77.5264	-77.5211	-77.5154	-77.5094	-77.5031	-77.4965	-77.4899	-77.4832	-77.4766	-77.47	-77.4637	-77.4575	-77.4517	-77.4463	-77.4413	-77.4369	-77.433	-77.4298	-77.4273	-77.4255	-77.4246	-77.4245	-77.4253	-77.4269	-77.4295	-77.433	-77.4374	-77.4428	-77.4493	-77.4568	-77.4653
3.19	-77.5199	-77.519	-77.5217	-77.5262	-77.5313	-77.5363	-77.5409	-77.5447	-77.5476	-77.5495	-77.5504	-77.5503	-77.5492	-77.5473	-77.5445	-77.541	-77.5369	-77.5321	-77.5269	-77.5212	-77.5152	-77.5089	-77.5024	-77.4958	-77.4892	-77.4826	-77.4761	-77.4698	-77.4637	-77.4579	-77.4525	-77.4476	-77.4431	-77.4393	-77.4361	-77.4336	-77.4319	-77.431	-77.4309	-77.4317	-77.4334	-77.436	-77.4394	-77.4439	-77.4493	-77.4557	-77.4632	-77.4717
3.195	-77.5252	-77.5244	-77.5271	-77.5316	-77.5367	-77.5417	-77.5463	-77.5501	-77.553	-77.5549	-77.5558	-77.5558	-77.5547	-77.5528	-77.5501	-77.5466	-77.5425	-77.5378	-77.5326	-77.527	-77.521	-77.5147	-77.5083	-77.5018	-77.4952	-77.4886	-77.4821	-77.4758	-77.4698	-77.4641	-77.4587	-77.4538	-77.4494	-77.4456	-77.4424	-77.44	-77.4383	-77.4374	-77.4373	-77.4381	-77.4398	-77.4424	-77.4459	-77.4503	-77.4557	-77.4621	-77.4696	-77.4781
3.2	-77.5306	-77.5298	-77.5324	-77.5369	-77.5421	-77.5471	-77.5517	-77.5555	-77.5584	-77.5603	-77.5613	-77.5612	-77.5602	-77.5583	-77.5556	-77.5522	-77.5481	-77.5434	-77.5383	-77.5327	-77.5267	-77.5205	-77.5141	-77.5076	-77.5011	-77.4946	-77.4881	-77.4819	-77.4759	-77.4702	-77.4649	-77.46	-77.4556	-77.4519	-77.4487	-77.4463	-77.4446	-77.4437	-77.4437	-77.4445	-77.4462	-77.4488	-77.4523	-77.4567	-77.4621	-77.4685	-77.4759	-77.4844
3.205	-77.5359	-77.5351	-77.5378	-77.5423	-77.5474	-77.5525	-77.557	-77.5609	-77.5638	-77.5657	-77.5667	-77.5667	-77.5657	-77.5638	-77.5612	-77.5578	-77.5537	-77.5491	-77.5439	-77.5384	-77.5325	-77.5263	-77.52	-77.5135	-77.507	-77.5005	-77.4941	-77.4879	-77.4819	-77.4763	-77.471	-77.4662	-77.4618	-77.4581	-77.455	-77.4526	-77.4509	-77.4501	-77.45	-77.4509	-77.4525	-77.4551	-77.4586	-77.463	-77.4684	-77.4748	-77.4822	-77.4907
3.21	-77.5412	-77.5404	-77.5431	-77.5476	-77.5527	-77.5578	-77.5624	-77.5662	-77.5691	-77.5711	-77.5721	-77.5721	-77.5711	-77.5693	-77.5667	-77.5633	-77.5592	-77.5546	-77.5495	-77.544	-77.5382	-77.5321	-77.5257	-77.5193	-77.5128	-77.5064	-77.5001	-77.4939	-77.488	-77.4823	-77.4771	-77.4723	-77.468	-77.4643	-77.4612	-77.4588	-77.4572	-77.4564	-77.4563	-77.4572	-77.4589	-77.4615	-77.4649	-77.4694	-77.4747	-77.4811	-77.4885	-77.497
3.215	-77.5465	-77.5457	-77.5484	-77.5529	-77.558	-77.5631	-77.5677	-77.5715	-77.5745	-77.5765	-77.5774	-77.5775	-77.5765	-77.5747	-77.5721	-77.5688	-77.5648	-77.5602	-77.5552	-77.5497	-77.5439	-77.5378	-77.5315	-77.5251	-77.5187	-77.5123	-77.506	-77.4999	-77.494	-77.4884	-77.4832	-77.4784	-77.4741	-77.4705	-77.4674	-77.4651	-77.4634	-77.4626	-77.4626	-77.4634	-77.4652	-77.4678	-77.4712	-77.4756	-77.481	-77.4874	-77.4948	-77.5032
3.22	-77.5518	-77.551	-77.5537	-77.5582	-77.5633	-77.5684	-77.573	-77.5768	-77.5798	-77.5818	-77.5828	-77.5828	-77.5819	-77.5801	-77.5776	-77.5743	-77.5703	-77.5658	-77.5607	-77.5553	-77.5495	-77.5435	-77.5372	-77.5309	-77.5245	-77.5181	-77.5119	-77.5058	-77.4999	-77.4944	-77.4892	-77.4845	-77.4802	-77.4766	-77.4736	-77.4712	-77.4697	-77.4688	-77.4688	-77.4697	-77.4714	-77.474	-77.4775	-77.4819	-77.4872	-77.4936	-77.501	-77.5094
3.225	-77.5571	-77.5563	-77.559	-77.5634	-77.5686	-77.5737	-77.5782	-77.5821	-77.5851	-77.5871	-77.5881	-77.5882	-77.5873	-77.5855	-77.583	-77.5797	-77.5758	-77.5713	-77.5663	-77.5609	-77.5551	-77.5491	-77.5429	-77.5366	-77.5303	-77.524	-77.5177	-77.5117	-77.5059	-77.5004	-77.4952	-77.4905	-77.4863	-77.4827	-77.4797	-77.4774	-77.4758	-77.475	-77.4751	-77.4759	-77.4776	-77.4802	-77.4837	-77.4881	-77.4935	-77.4998	-77.5071	-77.5156
3.23	-77.5623	-77.5615	-77.5642	-77.5687	-77.5738	-77.5789	-77.5835	-77.5874	-77.5903	-77.5924	-77.5934	-77.5935	-77.5926	-77.5909	-77.5884	-77.5851	-77.5812	-77.5768	-77.5718	-77.5664	-77.5607	-77.5548	-77.5486	-77.5424	-77.536	-77.5298	-77.5236	-77.5176	-77.5118	-77.5063	-77.5012	-77.4965	-77.4924	-77.4888	-77.4858	-77.4835	-77.482	-77.4812	-77.4812	-77.4821	-77.4838	-77.4864	-77.4899	-77.4943	-77.4996	-77.506	-77.5133	-77.5217
3.235	-77.5675	-77.5667	-77.5694	-77.5739	-77.579	-77.5841	-77.5887	-77.5926	-77.5956	-77.5976	-77.5987	-77.5988	-77.5979	-77.5962	-77.5938	-77.5905	-77.5867	-77.5822	-77.5773	-77.572	-77.5663	-77.5604	-77.5543	-77.548	-77.5418	-77.5355	-77.5294	-77.5234	-77.5177	-77.5122	-77.5071	-77.5025	-77.4984	-77.4948	-77.4919	-77.4896	-77.4881	-77.4873	-77.4874	-77.4883	-77.49	-77.4926	-77.4961	-77.5005	-77.5058	-77.5121	-77.5194	-77.5278
3.24	-77.5727	-77.5719	-77.5746	-77.5791	-77.5842	-77.5893	-77.5939	-77.5978	-77.6008	-77.6029	-77.6039	-77.604	-77.6032	-77.6016	-77.5991	-77.5959	-77.5921	-77.5877	-77.5828	-77.5775	-77.5719	-77.566	-77.5599	-77.5537	-77.5475	-77.5413	-77.5352	-77.5292	-77.5235	-77.5181	-77.5131	-77.5085	-77.5044	-77.5008	-77.4979	-77.4957	-77.4942	-77.4934	-77.4935	-77.4944	-77.4961	-77.4987	-77.5022	-77.5066	-77.5119	-77.5182	-77.5255	-77.5339
3.245	-77.5778	-77.577	-77.5798	-77.5843	-77.5894	-77.5945	-77.5991	-77.603	-77.606	-77.6081	-77.6092	-77.6093	-77.6085	-77.6069	-77.6044	-77.6013	-77.5975	-77.5931	-77.5882	-77.583	-77.5774	-77.5715	-77.5655	-77.5593	-77.5531	-77.547	-77.5409	-77.535	-77.5293	-77.524	-77.519	-77.5144	-77.5103	-77.5068	-77.5039	-77.5017	-77.5002	-77.4995	-77.4996	-77.5005	-77.5022	-77.5048	-77.5083	-77.5127	-77.518	-77.5243	-77.5316	-77.5399
3.25	-77.583	-77.5822	-77.5849	-77.5894	-77.5946	-77.5996	-77.6043	-77.6082	-77.6112	-77.6133	-77.6144	-77.6145	-77.6138	-77.6121	-77.6097	-77.6066	-77.6028	-77.5985	-77.5937	-77.5884	-77.5829	-77.5771	-77.5711	-77.565	-77.5588	-77.5527	-77.5466	-77.5408	-77.5351	-77.5298	-77.5248	-77.5203	-77.5163	-77.5128	-77.5099	-77.5077	-77.5063	-77.5055	-77.5056	-77.5065	-77.5083	-77.5109	-77.5144	-77.5187	-77.524	-77.5303	-77.5376	-77.5459
3.255	-77.5881	-77.5873	-77.59	-77.5945	-77.5997	-77.6048	-77.6094	-77.6133	-77.6163	-77.6184	-77.6196	-77.6197	-77.619	-77.6174	-77.615	-77.6119	-77.6082	-77.6039	-77.5991	-77.5939	-77.5884	-77.5826	-77.5766	-77.5705	-77.5644	-77.5583	-77.5523	-77.5465	-77.5409	-77.5356	-77.5307	-77.5262	-77.5222	-77.5187	-77.5159	-77.5137	-77.5123	-77.5116	-77.5117	-77.5126	-77.5143	-77.5169	-77.5204	-77.5248	-77.5301	-77.5363	-77.5436	-77.5519
3.26	-77.5932	-77.5924	-77.5951	-77.5996	-77.6048	-77.6099	-77.6145	-77.6184	-77.6215	-77.6236	-77.6247	-77.6249	-77.6242	-77.6226	-77.6203	-77.6172	-77.6135	-77.6092	-77.6045	-77.5993	-77.5938	-77.5881	-77.5821	-77.5761	-77.57	-77.564	-77.558	-77.5522	-77.5467	-77.5414	-77.5365	-77.532	-77.528	-77.5246	-77.5218	-77.5196	-77.5182	-77.5175	-77.5177	-77.5186	-77.5203	-77.523	-77.5264	-77.5308	-77.5361	-77.5423	-77.5496	-77.5579
3.265	-77.5983	-77.5975	-77.6002	-77.6047	-77.6099	-77.615	-77.6196	-77.6235	-77.6266	-77.6287	-77.6299	-77.6301	-77.6294	-77.6278	-77.6255	-77.6225	-77.6188	-77.6145	-77.6098	-77.6047	-77.5992	-77.5935	-77.5876	-77.5816	-77.5756	-77.5696	-77.5637	-77.5579	-77.5524	-77.5471	-77.5423	-77.5378	-77.5339	-77.5305	-77.5277	-77.5256	-77.5242	-77.5235	-77.5236	-77.5246	-77.5263	-77.5289	-77.5324	-77.5368	-77.542	-77.5482	-77.5555	-77.5638
3.27	-77.6033	-77.6026	-77.6053	-77.6098	-77.6149	-77.62	-77.6247	-77.6286	-77.6317	-77.6338	-77.635	-77.6352	-77.6345	-77.633	-77.6307	-77.6277	-77.624	-77.6198	-77.6152	-77.6101	-77.6046	-77.599	-77.5931	-77.5872	-77.5812	-77.5752	-77.5693	-77.5636	-77.5581	-77.5529	-77.548	-77.5436	-77.5397	-77.5363	-77.5336	-77.5315	-77.5301	-77.5294	-77.5296	-77.5305	-77.5323	-77.5349	-77.5384	-77.5427	-77.548	-77.5542	-77.5614	-77.5697
3.275	-77.6083	-77.6076	-77.6103	-77.6148	-77.62	-77.6251	-77.6297	-77.6337	-77.6368	-77.6389	-77.6401	-77.6403	-77.6397	-77.6382	-77.6359	-77.6329	-77.6293	-77.6251	-77.6205	-77.6154	-77.61	-77.6044	-77.5986	-77.5926	-77.5867	-77.5807	-77.5749	-77.5692	-77.5637	-77.5586	-77.5538	-77.5494	-77.5455	-77.5421	-77.5394	-77.5373	-77.5359	-77.5353	-77.5355	-77.5364	-77.5382	-77.5408	-77.5443	-77.5486	-77.5539	-77.5601	-77.5673	-77.5755
3.28	-77.6134	-77.6126	-77.6154	-77.6199	-77.625	-77.6301	-77.6348	-77.6387	-77.6418	-77.644	-77.6452	-77.6454	-77.6448	-77.6433	-77.6411	-77.6381	-77.6345	-77.6304	-77.6257	-77.6207	-77.6154	-77.6098	-77.604	-77.5981	-77.5922	-77.5863	-77.5805	-77.5748	-77.5694	-77.5642	-77.5595	-77.5551	-77.5513	-77.5479	-77.5452	-77.5432	-77.5418	-77.5412	-77.5413	-77.5423	-77.5441	-77.5467	-77.5502	-77.5545	-77.5597	-77.5659	-77.5731	-77.5813
3.285	-77.6184	-77.6176	-77.6204	-77.6249	-77.63	-77.6351	-77.6398	-77.6437	-77.6468	-77.649	-77.6502	-77.6505	-77.6499	-77.6484	-77.6462	-77.6433	-77.6397	-77.6356	-77.631	-77.626	-77.6207	-77.6152	-77.6094	-77.6035	-77.5976	-77.5918	-77.586	-77.5804	-77.575	-77.5699	-77.5651	-77.5608	-77.557	-77.5537	-77.551	-77.549	-77.5476	-77.547	-77.5472	-77.5482	-77.5499	-77.5526	-77.556	-77.5604	-77.5656	-77.5718	-77.5789	-77.5871
3.29	-77.6233	-77.6226	-77.6254	-77.6299	-77.635	-77.6401	-77.6448	-77.6487	-77.6518	-77.654	-77.6553	-77.6556	-77.655	-77.6535	-77.6513	-77.6484	-77.6449	-77.6408	-77.6363	-77.6313	-77.626	-77.6205	-77.6148	-77.609	-77.6031	-77.5973	-77.5915	-77.5859	-77.5806	-77.5755	-77.5708	-77.5665	-77.5627	-77.5594	-77.5568	-77.5547	-77.5534	-77.5528	-77.553	-77.554	-77.5558	-77.5584	-77.5619	-77.5662	-77.5714	-77.5776	-77.5847	-77.5929
3.295	-77.6283	-77.6276	-77.6303	-77.6348	-77.64	-77.6451	-77.6498	-77.6537	-77.6568	-77.659	-77.6603	-77.6606	-77.66	-77.6586	-77.6564	-77.6536	-77.6501	-77.646	-77.6415	-77.6366	-77.6313	-77.6258	-77.6201	-77.6143	-77.6085	-77.6027	-77.597	-77.5915	-77.5861	-77.5811	-77.5764	-77.5722	-77.5684	-77.5651	-77.5625	-77.5605	-77.5592	-77.5586	-77.5588	-77.5598	-77.5616	-77.5642	-77.5677	-77.572	-77.5772	-77.5834	-77.5905	-77.5987
3.3	-77.6332	-77.6325	-77.6353	-77.6398	-77.6449	-77.65	-77.6547	-77.6587	-77.6618	-77.664	-77.6653	-77.6656	-77.6651	-77.6637	-77.6615	-77.6587	-77.6552	-77.6512	-77.6467	-77.6418	-77.6366	-77.6311	-77.6255	-77.6197	-77.6139	-77.6082	-77.6025	-77.597	-77.5917	-77.5867	-77.582	-77.5778	-77.574	-77.5708	-77.5682	-77.5662	-77.5649	-77.5644	-77.5646	-77.5656	-77.5674	-77.57	-77.5734	-77.5778	-77.583	-77.5891	-77.5962	-77.6044
3.305	-77.6381	-77.6375	-77.6402	-77.6447	-77.6499	-77.655	-77.6596	-77.6636	-77.6668	-77.669	-77.6703	-77.6706	-77.6701	-77.6687	-77.6666	-77.6638	-77.6603	-77.6563	-77.6518	-77.647	-77.6418	-77.6364	-77.6308	-77.6251	-77.6193	-77.6136	-77.6079	-77.6025	-77.5972	-77.5922	-77.5876	-77.5834	-77.5797	-77.5765	-77.5739	-77.5719	-77.5706	-77.5701	-77.5703	-77.5713	-77.5731	-77.5757	-77.5792	-77.5835	-77.5887	-77.5948	-77.6019	-77.6101
3.31	-77.643	-77.6424	-77.6451	-77.6496	-77.6548	-77.6599	-77.6646	-77.6685	-77.6717	-77.6739	-77.6752	-77.6756	-77.6751	-77.6737	-77.6716	-77.6688	-77.6654	-77.6614	-77.657	-77.6522	-77.647	-77.6416	-77.6361	-77.6304	-77.6247	-77.619	-77.6134	-77.6079	-77.6027	-77.5977	-77.5932	-77.589	-77.5853	-77.5821	-77.5795	-77.5776	-77.5763	-77.5758	-77.576	-77.577	-77.5788	-77.5815	-77.5849	-77.5892	-77.5944	-77.6005	-77.6076	-77.6157
3.315	-77.6479	-77.6472	-77.65	-77.6545	-77.6597	-77.6648	-77.6694	-77.6734	-77.6766	-77.6788	-77.6802	-77.6805	-77.68	-77.6787	-77.6766	-77.6739	-77.6705	-77.6665	-77.6621	-77.6573	-77.6522	-77.6469	-77.6413	-77.6357	-77.63	-77.6243	-77.6188	-77.6133	-77.6081	-77.6032	-77.5987	-77.5945	-77.5909	-77.5877	-77.5851	-77.5832	-77.582	-77.5815	-77.5817	-77.5827	-77.5845	-77.5872	-77.5906	-77.5949	-77.6001	-77.6062	-77.6133	-77.6214
3.32	-77.6528	-77.6521	-77.6549	-77.6594	-77.6645	-77.6696	-77.6743	-77.6783	-77.6815	-77.6837	-77.6851	-77.6855	-77.685	-77.6837	-77.6816	-77.6789	-77.6755	-77.6716	-77.6673	-77.6625	-77.6574	-77.6521	-77.6466	-77.641	-77.6353	-77.6297	-77.6241	-77.6188	-77.6136	-77.6087	-77.6042	-77.6001	-77.5964	-77.5933	-77.5907	-77.5888	-77.5876	-77.5871	-77.5874	-77.5884	-77.5902	-77.5928	-77.5963	-77.6006	-77.6057	-77.6118	-77.6189	-77.627
3.325	-77.6576	-77.657	-77.6597	-77.6642	-77.6694	-77.6745	-77.6792	-77.6832	-77.6864	-77.6886	-77.69	-77.6904	-77.6899	-77.6887	-77.6866	-77.6839	-77.6806	-77.6767	-77.6723	-77.6676	-77.6626	-77.6573	-77.6518	-77.6462	-77.6406	-77.635	-77.6295	-77.6241	-77.619	-77.6142	-77.6096	-77.6056	-77.6019	-77.5988	-77.5963	-77.5944	-77.5932	-77.5927	-77.593	-77.594	-77.5958	-77.5985	-77.6019	-77.6062	-77.6114	-77.6174	-77.6245	-77.6325
3.33	-77.6625	-77.6618	-77.6645	-77.669	-77.6742	-77.6793	-77.684	-77.688	-77.6912	-77.6935	-77.6948	-77.6953	-77.6948	-77.6936	-77.6916	-77.6889	-77.6856	-77.6817	-77.6774	-77.6727	-77.6677	-77.6624	-77.657	-77.6514	-77.6459	-77.6403	-77.6348	-77.6295	-77.6244	-77.6196	-77.6151	-77.611	-77.6074	-77.6044	-77.6019	-77.6	-77.5988	-77.5983	-77.5986	-77.5996	-77.6015	-77.6041	-77.6075	-77.6118	-77.6169	-77.623	-77.6301	-77.6381
3.335	-77.6673	-77.6666	-77.6693	-77.6739	-77.679	-77.6841	-77.6888	-77.6929	-77.696	-77.6983	-77.6997	-77.7002	-77.6997	-77.6985	-77.6965	-77.6938	-77.6906	-77.6867	-77.6825	-77.6778	-77.6728	-77.6676	-77.6622	-77.6566	-77.6511	-77.6456	-77.6401	-77.6348	-77.6298	-77.625	-77.6205	-77.6165	-77.6129	-77.6099	-77.6074	-77.6055	-77.6044	-77.6039	-77.6042	-77.6052	-77.6071	-77.6097	-77.6131	-77.6174	-77.6225	-77.6286	-77.6356	-77.6436
3.34	-77.672	-77.6714	-77.6741	-77.6786	-77.6838	-77.6889	-77.6936	-77.6977	-77.7009	-77.7032	-77.7045	-77.705	-77.7046	-77.7034	-77.7014	-77.6988	-77.6955	-77.6917	-77.6875	-77.6828	-77.6779	-77.6727	-77.6673	-77.6618	-77.6563	-77.6508	-77.6454	-77.6401	-77.6351	-77.6303	-77.6259	-77.6219	-77.6184	-77.6153	-77.6129	-77.6111	-77.6099	-77.6094	-77.6097	-77.6108	-77.6126	-77.6152	-77.6187	-77.6229	-77.6281	-77.6341	-77.6411	-77.6491
3.345	-77.6768	-77.6762	-77.6789	-77.6834	-77.6886	-77.6937	-77.6984	-77.7024	-77.7057	-77.708	-77.7094	-77.7098	-77.7095	-77.7083	-77.7063	-77.7037	-77.7005	-77.6967	-77.6925	-77.6879	-77.683	-77.6778	-77.6724	-77.667	-77.6615	-77.656	-77.6507	-77.6454	-77.6404	-77.6357	-77.6313	-77.6273	-77.6238	-77.6208	-77.6184	-77.6165	-77.6154	-77.615	-77.6153	-77.6163	-77.6182	-77.6208	-77.6242	-77.6285	-77.6336	-77.6396	-77.6466	-77.6546
3.35	-77.6816	-77.6809	-77.6837	-77.6882	-77.6933	-77.6985	-77.7032	-77.7072	-77.7104	-77.7127	-77.7142	-77.7147	-77.7143	-77.7131	-77.7112	-77.7086	-77.7054	-77.7017	-77.6975	-77.6929	-77.688	-77.6829	-77.6776	-77.6721	-77.6667	-77.6612	-77.6559	-77.6507	-77.6457	-77.641	-77.6367	-77.6327	-77.6292	-77.6262	-77.6238	-77.622	-77.6209	-77.6205	-77.6208	-77.6218	-77.6237	-77.6263	-77.6297	-77.634	-77.6391	-77.6451	-77.6521	-77.66
3.355	-77.6863	-77.6857	-77.6884	-77.6929	-77.6981	-77.7032	-77.7079	-77.712	-77.7152	-77.7175	-77.7189	-77.7195	-77.7191	-77.718	-77.7161	-77.7135	-77.7103	-77.7066	-77.7024	-77.6979	-77.693	-77.6879	-77.6826	-77.6772	-77.6718	-77.6664	-77.6611	-77.6559	-77.651	-77.6463	-77.642	-77.6381	-77.6346	-77.6316	-77.6292	-77.6274	-77.6263	-77.6259	-77.6262	-77.6273	-77.6292	-77.6318	-77.6352	-77.6394	-77.6445	-77.6506	-77.6575	-77.6655
3.36	-77.691	-77.6904	-77.6931	-77.6976	-77.7028	-77.7079	-77.7126	-77.7167	-77.7199	-77.7223	-77.7237	-77.7242	-77.7239	-77.7228	-77.7209	-77.7184	-77.7152	-77.7115	-77.7074	-77.7029	-77.698	-77.6929	-77.6877	-77.6823	-77.6769	-77.6716	-77.6663	-77.6612	-77.6562	-77.6516	-77.6473	-77.6434	-77.6399	-77.637	-77.6346	-77.6329	-77.6318	-77.6314	-77.6317	-77.6328	-77.6346	-77.6372	-77.6407	-77.6449	-77.65	-77.656	-77.6629	-77.6709
3.365	-77.6957	-77.6951	-77.6978	-77.7023	-77.7075	-77.7126	-77.7174	-77.7214	-77.7246	-77.727	-77.7284	-77.729	-77.7287	-77.7276	-77.7257	-77.7232	-77.7201	-77.7164	-77.7123	-77.7078	-77.703	-77.698	-77.6927	-77.6874	-77.6821	-77.6767	-77.6715	-77.6664	-77.6615	-77.6569	-77.6526	-77.6487	-77.6453	-77.6423	-77.64	-77.6383	-77.6372	-77.6368	-77.6371	-77.6382	-77.6401	-77.6427	-77.6461	-77.6503	-77.6554	-77.6614	-77.6683	-77.6762
3.37	-77.7004	-77.6998	-77.7025	-77.707	-77.7122	-77.7173	-77.722	-77.7261	-77.7293	-77.7317	-77.7332	-77.7337	-77.7334	-77.7324	-77.7305	-77.728	-77.7249	-77.7213	-77.7172	-77.7127	-77.708	-77.703	-77.6978	-77.6925	-77.6871	-77.6818	-77.6766	-77.6715	-77.6667	-77.6621	-77.6578	-77.654	-77.6506	-77.6477	-77.6453	-77.6436	-77.6426	-77.6422	-77.6425	-77.6436	-77.6455	-77.6481	-77.6515	-77.6557	-77.6608	-77.6668	-77.6737	-77.6816
3.375	-77.705	-77.7044	-77.7072	-77.7117	-77.7169	-77.722	-77.7267	-77.7308	-77.734	-77.7364	-77.7379	-77.7385	-77.7382	-77.7371	-77.7353	-77.7328	-77.7297	-77.7261	-77.7221	-77.7177	-77.7129	-77.7079	-77.7028	-77.6975	-77.6922	-77.6869	-77.6817	-77.6767	-77.6719	-77.6673	-77.6631	-77.6592	-77.6559	-77.653	-77.6507	-77.649	-77.6479	-77.6476	-77.6479	-77.649	-77.6508	-77.6535	-77.6569	-77.6611	-77.6662	-77.6721	-77.679	-77.6869
3.38	-77.7097	-77.7091	-77.7118	-77.7163	-77.7215	-77.7266	-77.7314	-77.7354	-77.7387	-77.7411	-77.7426	-77.7432	-77.7429	-77.7419	-77.7401	-77.7376	-77.7346	-77.731	-77.727	-77.7225	-77.7178	-77.7129	-77.7077	-77.7025	-77.6973	-77.692	-77.6868	-77.6818	-77.677	-77.6725	-77.6683	-77.6645	-77.6611	-77.6583	-77.656	-77.6543	-77.6533	-77.6529	-77.6533	-77.6544	-77.6562	-77.6588	-77.6622	-77.6665	-77.6715	-77.6775	-77.6843	-77.6922
3.385	-77.7143	-77.7137	-77.7165	-77.721	-77.7261	-77.7313	-77.736	-77.7401	-77.7433	-77.7457	-77.7472	-77.7478	-77.7476	-77.7466	-77.7448	-77.7424	-77.7393	-77.7358	-77.7318	-77.7274	-77.7227	-77.7178	-77.7127	-77.7075	-77.7023	-77.6971	-77.6919	-77.6869	-77.6822	-77.6777	-77.6735	-77.6697	-77.6664	-77.6635	-77.6613	-77.6596	-77.6586	-77.6582	-77.6586	-77.6597	-77.6616	-77.6642	-77.6676	-77.6718	-77.6768	-77.6828	-77.6896	-77.6975
3.39	-77.7189	-77.7183	-77.7211	-77.7256	-77.7307	-77.7359	-77.7406	-77.7447	-77.748	-77.7504	-77.7519	-77.7525	-77.7523	-77.7513	-77.7495	-77.7471	-77.7441	-77.7406	-77.7366	-77.7323	-77.7276	-77.7227	-77.7177	-77.7125	-77.7073	-77.7021	-77.697	-77.692	-77.6873	-77.6828	-77.6786	-77.6749	-77.6716	-77.6688	-77.6665	-77.6649	-77.6638	-77.6635	-77.6639	-77.665	-77.6669	-77.6695	-77.6729	-77.6771	-77.6821	-77.688	-77.6949	-77.7027
3.395	-77.7235	-77.7229	-77.7257	-77.7302	-77.7353	-77.7405	-77.7452	-77.7493	-77.7526	-77.755	-77.7565	-77.7572	-77.757	-77.756	-77.7542	-77.7519	-77.7489	-77.7454	-77.7414	-77.7371	-77.7325	-77.7276	-77.7226	-77.7174	-77.7122	-77.7071	-77.702	-77.6971	-77.6924	-77.6879	-77.6838	-77.6801	-77.6768	-77.674	-77.6718	-77.6701	-77.6691	-77.6688	-77.6692	-77.6703	-77.6722	-77.6748	-77.6782	-77.6824	-77.6874	-77.6933	-77.7001	-77.7079
3.4	-77.7281	-77.7275	-77.7303	-77.7348	-77.7399	-77.7451	-77.7498	-77.7539	-77.7572	-77.7596	-77.7611	-77.7618	-77.7616	-77.7606	-77.7589	-77.7566	-77.7536	-77.7501	-77.7462	-77.7419	-77.7373	-77.7325	-77.7275	-77.7224	-77.7172	-77.7121	-77.707	-77.7021	-77.6974	-77.693	-77.6889	-77.6852	-77.6819	-77.6792	-77.677	-77.6753	-77.6744	-77.674	-77.6744	-77.6756	-77.6774	-77.68	-77.6834	-77.6876	-77.6926	-77.6985	-77.7054	-77.7132
3.405	-77.7326	-77.732	-77.7348	-77.7393	-77.7445	-77.7496	-77.7544	-77.7585	-77.7618	-77.7642	-77.7657	-77.7664	-77.7662	-77.7653	-77.7636	-77.7613	-77.7583	-77.7549	-77.751	-77.7467	-77.7421	-77.7373	-77.7324	-77.7273	-77.7221	-77.717	-77.712	-77.7072	-77.7025	-77.6981	-77.694	-77.6903	-77.6871	-77.6843	-77.6822	-77.6805	-77.6796	-77.6793	-77.6797	-77.6808	-77.6827	-77.6853	-77.6887	-77.6928	-77.6979	-77.7037	-77.7106	-77.7183
3.41	-77.7372	-77.7366	-77.7394	-77.7439	-77.749	-77.7542	-77.7589	-77.763	-77.7663	-77.7688	-77.7703	-77.771	-77.7709	-77.7699	-77.7682	-77.7659	-77.763	-77.7596	-77.7557	-77.7515	-77.7469	-77.7422	-77.7372	-77.7322	-77.7271	-77.722	-77.717	-77.7122	-77.7075	-77.7032	-77.6991	-77.6954	-77.6922	-77.6895	-77.6873	-77.6857	-77.6848	-77.6845	-77.6849	-77.686	-77.6879	-77.6905	-77.6939	-77.6981	-77.7031	-77.7089	-77.7157	-77.7235
3.415	-77.7417	-77.7411	-77.7439	-77.7484	-77.7536	-77.7587	-77.7635	-77.7675	-77.7709	-77.7733	-77.7749	-77.7756	-77.7754	-77.7745	-77.7729	-77.7706	-77.7677	-77.7643	-77.7605	-77.7562	-77.7517	-77.747	-77.7421	-77.737	-77.732	-77.7269	-77.722	-77.7171	-77.7125	-77.7082	-77.7042	-77.7005	-77.6973	-77.6946	-77.6925	-77.6909	-77.6899	-77.6897	-77.6901	-77.6912	-77.6931	-77.6957	-77.6991	-77.7032	-77.7082	-77.7141	-77.7209	-77.7286
3.42	-77.7462	-77.7456	-77.7484	-77.7529	-77.7581	-77.7632	-77.768	-77.7721	-77.7754	-77.7778	-77.7794	-77.7801	-77.78	-77.7791	-77.7775	-77.7752	-77.7724	-77.769	-77.7652	-77.761	-77.7565	-77.7518	-77.7469	-77.7419	-77.7368	-77.7318	-77.7269	-77.7221	-77.7175	-77.7132	-77.7092	-77.7056	-77.7024	-77.6997	-77.6976	-77.696	-77.6951	-77.6948	-77.6952	-77.6964	-77.6983	-77.7009	-77.7042	-77.7084	-77.7134	-77.7192	-77.726	-77.7337
3.425	-77.7507	-77.7501	-77.7529	-77.7574	-77.7626	-77.7677	-77.7725	-77.7766	-77.7799	-77.7824	-77.784	-77.7847	-77.7846	-77.7837	-77.7821	-77.7798	-77.777	-77.7737	-77.7699	-77.7657	-77.7612	-77.7565	-77.7517	-77.7467	-77.7417	-77.7367	-77.7318	-77.7271	-77.7225	-77.7182	-77.7142	-77.7106	-77.7075	-77.7048	-77.7027	-77.7011	-77.7002	-77.7	-77.7004	-77.7015	-77.7034	-77.706	-77.7094	-77.7135	-77.7185	-77.7244	-77.7311	-77.7388
3.43	-77.7552	-77.7546	-77.7574	-77.7619	-77.767	-77.7722	-77.7769	-77.7811	-77.7844	-77.7869	-77.7885	-77.7892	-77.7891	-77.7883	-77.7867	-77.7844	-77.7816	-77.7783	-77.7745	-77.7704	-77.766	-77.7613	-77.7565	-77.7515	-77.7465	-77.7416	-77.7367	-77.732	-77.7274	-77.7232	-77.7192	-77.7157	-77.7125	-77.7099	-77.7078	-77.7062	-77.7053	-77.7051	-77.7055	-77.7067	-77.7085	-77.7112	-77.7145	-77.7187	-77.7236	-77.7295	-77.7362	-77.7439
3.435	-77.7596	-77.7591	-77.7618	-77.7663	-77.7715	-77.7766	-77.7814	-77.7855	-77.7889	-77.7914	-77.793	-77.7937	-77.7936	-77.7928	-77.7912	-77.789	-77.7862	-77.7829	-77.7792	-77.7751	-77.7707	-77.766	-77.7612	-77.7563	-77.7514	-77.7464	-77.7416	-77.7369	-77.7324	-77.7281	-77.7242	-77.7207	-77.7175	-77.7149	-77.7128	-77.7113	-77.7104	-77.7102	-77.7106	-77.7118	-77.7136	-77.7163	-77.7196	-77.7238	-77.7287	-77.7345	-77.7413	-77.7489
3.44	-77.7641	-77.7635	-77.7663	-77.7708	-77.7759	-77.7811	-77.7859	-77.79	-77.7933	-77.7958	-77.7974	-77.7982	-77.7982	-77.7973	-77.7958	-77.7936	-77.7908	-77.7875	-77.7838	-77.7797	-77.7754	-77.7708	-77.766	-77.7611	-77.7562	-77.7513	-77.7464	-77.7418	-77.7373	-77.7331	-77.7292	-77.7256	-77.7225	-77.7199	-77.7178	-77.7163	-77.7155	-77.7152	-77.7157	-77.7169	-77.7187	-77.7213	-77.7247	-77.7288	-77.7338	-77.7396	-77.7463	-77.7539
3.445	-77.7685	-77.7679	-77.7707	-77.7752	-77.7804	-77.7855	-77.7903	-77.7944	-77.7978	-77.8003	-77.8019	-77.8027	-77.8027	-77.8018	-77.8003	-77.7981	-77.7954	-77.7921	-77.7884	-77.7844	-77.78	-77.7755	-77.7707	-77.7658	-77.7609	-77.7561	-77.7513	-77.7466	-77.7422	-77.738	-77.7341	-77.7306	-77.7275	-77.7249	-77.7229	-77.7214	-77.7205	-77.7203	-77.7207	-77.7219	-77.7238	-77.7264	-77.7298	-77.7339	-77.7388	-77.7446	-77.7513	-77.7589
3.45	-77.7729	-77.7724	-77.7751	-77.7796	-77.7848	-77.7899	-77.7947	-77.7988	-77.8022	-77.8047	-77.8064	-77.8072	-77.8071	-77.8063	-77.8048	-77.8027	-77.7999	-77.7967	-77.7931	-77.789	-77.7847	-77.7801	-77.7754	-77.7706	-77.7657	-77.7608	-77.7561	-77.7515	-77.747	-77.7429	-77.739	-77.7355	-77.7325	-77.7299	-77.7279	-77.7264	-77.7255	-77.7253	-77.7258	-77.727	-77.7288	-77.7314	-77.7348	-77.7389	-77.7438	-77.7496	-77.7563	-77.7639
3.455	-77.7773	-77.7768	-77.7795	-77.784	-77.7892	-77.7943	-77.7991	-77.8032	-77.8066	-77.8091	-77.8108	-77.8116	-77.8116	-77.8108	-77.8093	-77.8072	-77.8045	-77.8013	-77.7976	-77.7936	-77.7893	-77.7848	-77.7801	-77.7753	-77.7704	-77.7656	-77.7609	-77.7563	-77.7519	-77.7477	-77.7439	-77.7404	-77.7374	-77.7349	-77.7328	-77.7314	-77.7305	-77.7303	-77.7308	-77.732	-77.7338	-77.7365	-77.7398	-77.7439	-77.7488	-77.7546	-77.7613	-77.7689
3.46	-77.7817	-77.7811	-77.7839	-77.7884	-77.7936	-77.7987	-77.8035	-77.8076	-77.811	-77.8135	-77.8152	-77.816	-77.816	-77.8153	-77.8138	-77.8117	-77.809	-77.8058	-77.8022	-77.7982	-77.7939	-77.7894	-77.7848	-77.78	-77.7752	-77.7704	-77.7657	-77.7611	-77.7567	-77.7526	-77.7488	-77.7453	-77.7423	-77.7398	-77.7378	-77.7363	-77.7355	-77.7353	-77.7358	-77.737	-77.7389	-77.7415	-77.7448	-77.7489	-77.7538	-77.7596	-77.7662	-77.7738
3.465	-77.786	-77.7855	-77.7883	-77.7928	-77.7979	-77.8031	-77.8079	-77.812	-77.8154	-77.8179	-77.8196	-77.8204	-77.8204	-77.8197	-77.8183	-77.8162	-77.8135	-77.8103	-77.8067	-77.8028	-77.7985	-77.7941	-77.7894	-77.7847	-77.7799	-77.7751	-77.7704	-77.7659	-77.7615	-77.7574	-77.7536	-77.7502	-77.7472	-77.7447	-77.7427	-77.7413	-77.7405	-77.7403	-77.7408	-77.7419	-77.7438	-77.7464	-77.7498	-77.7539	-77.7588	-77.7645	-77.7711	-77.7787
3.47	-77.7904	-77.7899	-77.7926	-77.7971	-77.8023	-77.8074	-77.8122	-77.8164	-77.8197	-77.8223	-77.824	-77.8248	-77.8249	-77.8241	-77.8227	-77.8206	-77.818	-77.8148	-77.8113	-77.8074	-77.8031	-77.7987	-77.794	-77.7893	-77.7846	-77.7798	-77.7752	-77.7706	-77.7663	-77.7622	-77.7585	-77.7551	-77.7521	-77.7496	-77.7476	-77.7462	-77.7454	-77.7452	-77.7457	-77.7469	-77.7488	-77.7514	-77.7547	-77.7588	-77.7637	-77.7694	-77.7761	-77.7836
3.475	-77.7947	-77.7942	-77.797	-77.8015	-77.8066	-77.8118	-77.8165	-77.8207	-77.8241	-77.8266	-77.8283	-77.8292	-77.8292	-77.8285	-77.8271	-77.8251	-77.8225	-77.8193	-77.8158	-77.8119	-77.8077	-77.8033	-77.7987	-77.794	-77.7892	-77.7845	-77.7799	-77.7754	-77.7711	-77.767	-77.7633	-77.7599	-77.757	-77.7545	-77.7525	-77.7511	-77.7503	-77.7501	-77.7506	-77.7518	-77.7537	-77.7563	-77.7596	-77.7637	-77.7686	-77.7743	-77.7809	-77.7885
3.48	-77.799	-77.7985	-77.8013	-77.8058	-77.8109	-77.8161	-77.8209	-77.825	-77.8284	-77.831	-77.8327	-77.8336	-77.8336	-77.8329	-77.8315	-77.8295	-77.8269	-77.8238	-77.8203	-77.8164	-77.8122	-77.8078	-77.8033	-77.7986	-77.7939	-77.7892	-77.7846	-77.7801	-77.7758	-77.7718	-77.7681	-77.7647	-77.7618	-77.7593	-77.7574	-77.756	-77.7552	-77.755	-77.7556	-77.7567	-77.7586	-77.7612	-77.7646	-77.7686	-77.7735	-77.7792	-77.7858	-77.7933
3.485	-77.8033	-77.8028	-77.8056	-77.8101	-77.8152	-77.8204	-77.8252	-77.8293	-77.8327	-77.8353	-77.837	-77.8379	-77.838	-77.8373	-77.8359	-77.8339	-77.8313	-77.8283	-77.8248	-77.8209	-77.8168	-77.8124	-77.8078	-77.8032	-77.7985	-77.7938	-77.7893	-77.7848	-77.7806	-77.7766	-77.7729	-77.7695	-77.7666	-77.7642	-77.7622	-77.7608	-77.7601	-77.7599	-77.7604	-77.7616	-77.7635	-77.7661	-77.7694	-77.7735	-77.7784	-77.7841	-77.7907	-77.7982
3.49	-77.8076	-77.8071	-77.8099	-77.8144	-77.8195	-77.8247	-77.8295	-77.8336	-77.837	-77.8396	-77.8413	-77.8422	-77.8423	-77.8417	-77.8403	-77.8383	-77.8358	-77.8327	-77.8292	-77.8254	-77.8213	-77.8169	-77.8124	-77.8078	-77.8031	-77.7985	-77.7939	-77.7895	-77.7853	-77.7813	-77.7776	-77.7743	-77.7714	-77.769	-77.7671	-77.7657	-77.7649	-77.7648	-77.7653	-77.7665	-77.7684	-77.771	-77.7743	-77.7784	-77.7832	-77.7889	-77.7955	-77.803
3.495	-77.8119	-77.8114	-77.8142	-77.8187	-77.8238	-77.829	-77.8337	-77.8379	-77.8413	-77.8439	-77.8456	-77.8465	-77.8467	-77.846	-77.8447	-77.8427	-77.8402	-77.8371	-77.8337	-77.8299	-77.8258	-77.8214	-77.8169	-77.8123	-77.8077	-77.8031	-77.7986	-77.7942	-77.79	-77.786	-77.7823	-77.7791	-77.7762	-77.7738	-77.7719	-77.7705	-77.7698	-77.7696	-77.7702	-77.7714	-77.7732	-77.7758	-77.7792	-77.7832	-77.788	-77.7937	-77.8003	-77.8077
3.5	-77.8161	-77.8156	-77.8184	-77.8229	-77.8281	-77.8332	-77.838	-77.8422	-77.8456	-77.8482	-77.8499	-77.8508	-77.851	-77.8503	-77.849	-77.8471	-77.8445	-77.8415	-77.8381	-77.8343	-77.8302	-77.8259	-77.8215	-77.8169	-77.8123	-77.8077	-77.8032	-77.7988	-77.7946	-77.7907	-77.7871	-77.7838	-77.7809	-77.7785	-77.7766	-77.7753	-77.7746	-77.7745	-77.775	-77.7762	-77.7781	-77.7807	-77.784	-77.788	-77.7929	-77.7985	-77.8051	-77.8125
3.505	-77.8204	-77.8199	-77.8227	-77.8272	-77.8323	-77.8375	-77.8422	-77.8464	-77.8498	-77.8524	-77.8542	-77.8551	-77.8553	-77.8546	-77.8533	-77.8514	-77.8489	-77.8459	-77.8425	-77.8388	-77.8347	-77.8304	-77.826	-77.8214	-77.8169	-77.8123	-77.8078	-77.8035	-77.7993	-77.7954	-77.7918	-77.7885	-77.7857	-77.7833	-77.7814	-77.7801	-77.7794	-77.7793	-77.7798	-77.781	-77.7829	-77.7855	-77.7888	-77.7928	-77.7976	-77.8033	-77.8098	-77.8173
3.51	-77.8246	-77.8241	-77.8269	-77.8314	-77.8365	-77.8417	-77.8465	-77.8506	-77.8541	-77.8567	-77.8585	-77.8594	-77.8595	-77.8589	-77.8577	-77.8557	-77.8533	-77.8503	-77.8469	-77.8432	-77.8391	-77.8349	-77.8305	-77.826	-77.8214	-77.8169	-77.8124	-77.8081	-77.8039	-77.8	-77.7964	-77.7932	-77.7904	-77.788	-77.7862	-77.7849	-77.7841	-77.784	-77.7846	-77.7858	-77.7877	-77.7903	-77.7936	-77.7976	-77.8024	-77.8081	-77.8146	-77.822
3.515	-77.8288	-77.8283	-77.8311	-77.8356	-77.8408	-77.8459	-77.8507	-77.8549	-77.8583	-77.8609	-77.8627	-77.8636	-77.8638	-77.8632	-77.862	-77.8601	-77.8576	-77.8547	-77.8513	-77.8476	-77.8436	-77.8393	-77.8349	-77.8305	-77.8259	-77.8214	-77.817	-77.8127	-77.8085	-77.8047	-77.8011	-77.7979	-77.7951	-77.7927	-77.7909	-77.7896	-77.7889	-77.7888	-77.7893	-77.7906	-77.7924	-77.795	-77.7983	-77.8024	-77.8072	-77.8128	-77.8193	-77.8267
3.52	-77.833	-77.8325	-77.8353	-77.8398	-77.8449	-77.8501	-77.8549	-77.8591	-77.8625	-77.8651	-77.8669	-77.8679	-77.8681	-77.8675	-77.8662	-77.8644	-77.8619	-77.859	-77.8557	-77.852	-77.848	-77.8438	-77.8394	-77.8349	-77.8304	-77.8259	-77.8215	-77.8172	-77.8131	-77.8093	-77.8058	-77.8026	-77.7998	-77.7974	-77.7956	-77.7943	-77.7936	-77.7935	-77.7941	-77.7953	-77.7972	-77.7998	-77.8031	-77.8071	-77.8119	-77.8175	-77.824	-77.8314
3.525	-77.8372	-77.8367	-77.8395	-77.844	-77.8491	-77.8543	-77.8591	-77.8632	-77.8667	-77.8693	-77.8711	-77.8721	-77.8723	-77.8717	-77.8705	-77.8686	-77.8662	-77.8633	-77.86	-77.8563	-77.8524	-77.8482	-77.8438	-77.8394	-77.8349	-77.8305	-77.8261	-77.8218	-77.8177	-77.8139	-77.8104	-77.8072	-77.8044	-77.8021	-77.8003	-77.799	-77.7983	-77.7983	-77.7988	-77.8	-77.8019	-77.8045	-77.8078	-77.8118	-77.8166	-77.8222	-77.8287	-77.8361
3.53	-77.8414	-77.8409	-77.8437	-77.8482	-77.8533	-77.8585	-77.8632	-77.8674	-77.8709	-77.8735	-77.8753	-77.8763	-77.8765	-77.876	-77.8747	-77.8729	-77.8705	-77.8676	-77.8643	-77.8607	-77.8568	-77.8526	-77.8483	-77.8438	-77.8394	-77.8349	-77.8306	-77.8263	-77.8223	-77.8185	-77.815	-77.8118	-77.8091	-77.8068	-77.805	-77.8037	-77.803	-77.803	-77.8035	-77.8048	-77.8066	-77.8092	-77.8125	-77.8165	-77.8213	-77.8269	-77.8333	-77.8407
3.535	-77.8455	-77.845	-77.8478	-77.8523	-77.8575	-77.8626	-77.8674	-77.8716	-77.875	-77.8777	-77.8795	-77.8805	-77.8807	-77.8802	-77.879	-77.8772	-77.8748	-77.8719	-77.8687	-77.865	-77.8611	-77.857	-77.8527	-77.8483	-77.8438	-77.8394	-77.8351	-77.8309	-77.8268	-77.8231	-77.8196	-77.8164	-77.8137	-77.8114	-77.8096	-77.8084	-77.8077	-77.8077	-77.8082	-77.8094	-77.8113	-77.8139	-77.8172	-77.8212	-77.826	-77.8315	-77.838	-77.8453
3.54	-77.8496	-77.8492	-77.852	-77.8565	-77.8616	-77.8667	-77.8715	-77.8757	-77.8792	-77.8818	-77.8837	-77.8847	-77.8849	-77.8844	-77.8832	-77.8814	-77.879	-77.8762	-77.873	-77.8693	-77.8655	-77.8613	-77.8571	-77.8527	-77.8483	-77.8439	-77.8396	-77.8354	-77.8314	-77.8276	-77.8242	-77.821	-77.8183	-77.816	-77.8143	-77.813	-77.8124	-77.8123	-77.8129	-77.8141	-77.816	-77.8186	-77.8219	-77.8259	-77.8306	-77.8362	-77.8426	-77.8499
3.545	-77.8538	-77.8533	-77.8561	-77.8606	-77.8657	-77.8709	-77.8757	-77.8799	-77.8833	-77.886	-77.8878	-77.8888	-77.8891	-77.8886	-77.8874	-77.8856	-77.8833	-77.8805	-77.8772	-77.8737	-77.8698	-77.8657	-77.8614	-77.8571	-77.8527	-77.8483	-77.844	-77.8399	-77.8359	-77.8322	-77.8287	-77.8256	-77.8229	-77.8207	-77.8189	-77.8177	-77.817	-77.817	-77.8176	-77.8188	-77.8207	-77.8232	-77.8265	-77.8305	-77.8353	-77.8408	-77.8472	-77.8545
3.55	-77.8579	-77.8574	-77.8602	-77.8647	-77.8698	-77.875	-77.8798	-77.884	-77.8874	-77.8901	-77.8919	-77.893	-77.8932	-77.8928	-77.8916	-77.8898	-77.8875	-77.8847	-77.8815	-77.8779	-77.8741	-77.87	-77.8658	-77.8615	-77.8571	-77.8528	-77.8485	-77.8443	-77.8404	-77.8367	-77.8332	-77.8302	-77.8275	-77.8252	-77.8235	-77.8223	-77.8216	-77.8216	-77.8222	-77.8234	-77.8253	-77.8279	-77.8311	-77.8351	-77.8399	-77.8454	-77.8518	-77.8591
3.555	-77.862	-77.8615	-77.8643	-77.8688	-77.8739	-77.8791	-77.8839	-77.8881	-77.8915	-77.8942	-77.8961	-77.8971	-77.8974	-77.8969	-77.8958	-77.894	-77.8917	-77.8889	-77.8858	-77.8822	-77.8784	-77.8744	-77.8701	-77.8658	-77.8615	-77.8572	-77.8529	-77.8488	-77.8449	-77.8412	-77.8378	-77.8347	-77.832	-77.8298	-77.8281	-77.8269	-77.8262	-77.8262	-77.8268	-77.828	-77.8299	-77.8325	-77.8358	-77.8397	-77.8445	-77.85	-77.8564	-77.8637
3.56	-77.8661	-77.8656	-77.8684	-77.8729	-77.878	-77.8832	-77.8879	-77.8922	-77.8956	-77.8983	-77.9002	-77.9012	-77.9015	-77.9011	-77.8999	-77.8982	-77.8959	-77.8932	-77.89	-77.8865	-77.8827	-77.8787	-77.8745	-77.8702	-77.8659	-77.8616	-77.8573	-77.8532	-77.8493	-77.8456	-77.8423	-77.8392	-77.8366	-77.8344	-77.8326	-77.8315	-77.8308	-77.8308	-77.8314	-77.8326	-77.8345	-77.8371	-77.8403	-77.8443	-77.849	-77.8546	-77.8609	-77.8682
3.565	-77.8701	-77.8697	-77.8725	-77.877	-77.8821	-77.8872	-77.892	-77.8962	-77.8997	-77.9024	-77.9043	-77.9053	-77.9056	-77.9052	-77.9041	-77.9024	-77.9001	-77.8974	-77.8942	-77.8907	-77.8869	-77.8829	-77.8788	-77.8745	-77.8702	-77.866	-77.8617	-77.8577	-77.8538	-77.8501	-77.8467	-77.8437	-77.8411	-77.8389	-77.8372	-77.836	-77.8354	-77.8354	-77.836	-77.8372	-77.8391	-77.8417	-77.8449	-77.8489	-77.8536	-77.8591	-77.8655	-77.8727
3.57	-77.8742	-77.8737	-77.8765	-77.881	-77.8861	-77.8913	-77.8961	-77.9003	-77.9038	-77.9065	-77.9083	-77.9094	-77.9097	-77.9093	-77.9082	-77.9065	-77.9043	-77.9016	-77.8984	-77.8949	-77.8912	-77.8872	-77.8831	-77.8788	-77.8746	-77.8703	-77.8661	-77.8621	-77.8582	-77.8546	-77.8512	-77.8482	-77.8456	-77.8434	-77.8417	-77.8406	-77.8399	-77.8399	-77.8405	-77.8418	-77.8437	-77.8462	-77.8495	-77.8534	-77.8581	-77.8636	-77.87	-77.8772
3.575	-77.8782	-77.8778	-77.8806	-77.8851	-77.8902	-77.8953	-77.9001	-77.9043	-77.9078	-77.9105	-77.9124	-77.9135	-77.9138	-77.9134	-77.9123	-77.9106	-77.9084	-77.9057	-77.9026	-77.8992	-77.8954	-77.8915	-77.8874	-77.8831	-77.8789	-77.8747	-77.8705	-77.8665	-77.8626	-77.859	-77.8557	-77.8527	-77.8501	-77.8479	-77.8462	-77.8451	-77.8445	-77.8445	-77.8451	-77.8463	-77.8482	-77.8508	-77.854	-77.858	-77.8626	-77.8681	-77.8745	-77.8817
3.58	-77.8823	-77.8818	-77.8846	-77.8891	-77.8942	-77.8994	-77.9041	-77.9084	-77.9118	-77.9146	-77.9165	-77.9176	-77.9179	-77.9175	-77.9164	-77.9148	-77.9126	-77.9099	-77.9068	-77.9034	-77.8996	-77.8957	-77.8916	-77.8874	-77.8832	-77.879	-77.8748	-77.8708	-77.867	-77.8634	-77.8601	-77.8571	-77.8545	-77.8524	-77.8507	-77.8496	-77.849	-77.849	-77.8496	-77.8509	-77.8527	-77.8553	-77.8585	-77.8625	-77.8671	-77.8726	-77.879	-77.8862
3.585	-77.8863	-77.8858	-77.8886	-77.8931	-77.8982	-77.9034	-77.9082	-77.9124	-77.9159	-77.9186	-77.9205	-77.9216	-77.9219	-77.9216	-77.9205	-77.9189	-77.9167	-77.914	-77.9109	-77.9075	-77.9038	-77.8999	-77.8959	-77.8917	-77.8875	-77.8833	-77.8792	-77.8752	-77.8714	-77.8678	-77.8645	-77.8616	-77.859	-77.8569	-77.8552	-77.8541	-77.8535	-77.8535	-77.8541	-77.8554	-77.8573	-77.8598	-77.863	-77.867	-77.8716	-77.8771	-77.8834	-77.8906
3.59	-77.8903	-77.8899	-77.8926	-77.8971	-77.9022	-77.9074	-77.9122	-77.9164	-77.9199	-77.9226	-77.9245	-77.9256	-77.926	-77.9256	-77.9246	-77.923	-77.9208	-77.9181	-77.9151	-77.9117	-77.908	-77.9041	-77.9001	-77.896	-77.8918	-77.8876	-77.8835	-77.8795	-77.8757	-77.8722	-77.8689	-77.866	-77.8634	-77.8613	-77.8597	-77.8585	-77.858	-77.858	-77.8586	-77.8598	-77.8617	-77.8643	-77.8675	-77.8714	-77.8761	-77.8816	-77.8879	-77.895
3.595	-77.8943	-77.8938	-77.8966	-77.9011	-77.9062	-77.9114	-77.9161	-77.9204	-77.9239	-77.9266	-77.9285	-77.9297	-77.93	-77.9297	-77.9286	-77.927	-77.9249	-77.9223	-77.9192	-77.9159	-77.9122	-77.9083	-77.9043	-77.9002	-77.896	-77.8919	-77.8878	-77.8839	-77.8801	-77.8765	-77.8733	-77.8704	-77.8678	-77.8657	-77.8641	-77.863	-77.8624	-77.8624	-77.8631	-77.8643	-77.8662	-77.8688	-77.872	-77.8759	-77.8806	-77.886	-77.8923	-77.8994
3.6	-77.8982	-77.8978	-77.9006	-77.9051	-77.9102	-77.9153	-77.9201	-77.9243	-77.9279	-77.9306	-77.9325	-77.9337	-77.934	-77.9337	-77.9327	-77.9311	-77.929	-77.9264	-77.9233	-77.92	-77.9164	-77.9125	-77.9085	-77.9044	-77.9003	-77.8961	-77.8921	-77.8882	-77.8844	-77.8809	-77.8777	-77.8748	-77.8722	-77.8701	-77.8685	-77.8674	-77.8669	-77.8669	-77.8675	-77.8688	-77.8707	-77.8732	-77.8764	-77.8803	-77.885	-77.8904	-77.8967	-77.9038
3.605	-77.9022	-77.9018	-77.9046	-77.909	-77.9142	-77.9193	-77.9241	-77.9283	-77.9318	-77.9346	-77.9365	-77.9377	-77.938	-77.9377	-77.9367	-77.9351	-77.933	-77.9304	-77.9274	-77.9241	-77.9205	-77.9167	-77.9127	-77.9086	-77.9045	-77.9004	-77.8964	-77.8925	-77.8887	-77.8852	-77.882	-77.8791	-77.8766	-77.8745	-77.8729	-77.8718	-77.8713	-77.8713	-77.872	-77.8732	-77.8751	-77.8777	-77.8809	-77.8848	-77.8894	-77.8948	-77.9011	-77.9082
3.61	-77.9061	-77.9057	-77.9085	-77.913	-77.9181	-77.9232	-77.928	-77.9323	-77.9358	-77.9385	-77.9405	-77.9416	-77.942	-77.9417	-77.9407	-77.9392	-77.9371	-77.9345	-77.9315	-77.9282	-77.9246	-77.9208	-77.9169	-77.9128	-77.9087	-77.9046	-77.9006	-77.8967	-77.893	-77.8895	-77.8863	-77.8835	-77.881	-77.8789	-77.8773	-77.8762	-77.8757	-77.8757	-77.8764	-77.8776	-77.8795	-77.8821	-77.8853	-77.8892	-77.8938	-77.8992	-77.9055	-77.9126
3.615	-77.9101	-77.9097	-77.9125	-77.9169	-77.922	-77.9272	-77.932	-77.9362	-77.9397	-77.9425	-77.9444	-77.9456	-77.946	-77.9457	-77.9447	-77.9432	-77.9411	-77.9386	-77.9356	-77.9323	-77.9287	-77.925	-77.921	-77.917	-77.9129	-77.9089	-77.9049	-77.901	-77.8973	-77.8938	-77.8907	-77.8878	-77.8853	-77.8833	-77.8817	-77.8806	-77.8801	-77.8801	-77.8808	-77.882	-77.8839	-77.8865	-77.8897	-77.8936	-77.8982	-77.9036	-77.9098	-77.9169
3.62	-77.914	-77.9136	-77.9164	-77.9209	-77.926	-77.9311	-77.9359	-77.9401	-77.9436	-77.9464	-77.9484	-77.9495	-77.95	-77.9497	-77.9487	-77.9472	-77.9451	-77.9426	-77.9397	-77.9364	-77.9328	-77.9291	-77.9252	-77.9212	-77.9171	-77.9131	-77.9091	-77.9052	-77.9016	-77.8981	-77.895	-77.8921	-77.8897	-77.8876	-77.8861	-77.885	-77.8845	-77.8845	-77.8852	-77.8864	-77.8883	-77.8909	-77.8941	-77.8979	-77.9025	-77.9079	-77.9141	-77.9212
3.625	-77.9179	-77.9175	-77.9203	-77.9248	-77.9299	-77.935	-77.9398	-77.944	-77.9476	-77.9503	-77.9523	-77.9535	-77.9539	-77.9536	-77.9527	-77.9512	-77.9491	-77.9466	-77.9437	-77.9405	-77.9369	-77.9332	-77.9293	-77.9253	-77.9213	-77.9172	-77.9133	-77.9095	-77.9058	-77.9024	-77.8992	-77.8964	-77.894	-77.892	-77.8904	-77.8894	-77.8888	-77.8889	-77.8895	-77.8908	-77.8927	-77.8952	-77.8984	-77.9023	-77.9069	-77.9123	-77.9185	-77.9255
3.63	-77.9218	-77.9214	-77.9242	-77.9287	-77.9338	-77.9389	-77.9437	-77.9479	-77.9515	-77.9542	-77.9562	-77.9574	-77.9578	-77.9576	-77.9567	-77.9552	-77.9531	-77.9506	-77.9477	-77.9445	-77.941	-77.9373	-77.9334	-77.9294	-77.9254	-77.9214	-77.9175	-77.9137	-77.91	-77.9066	-77.9035	-77.9007	-77.8983	-77.8963	-77.8947	-77.8937	-77.8932	-77.8932	-77.8939	-77.8952	-77.897	-77.8996	-77.9028	-77.9066	-77.9112	-77.9166	-77.9228	-77.9298
3.635	-77.9257	-77.9253	-77.9281	-77.9325	-77.9376	-77.9428	-77.9476	-77.9518	-77.9553	-77.9581	-77.9601	-77.9613	-77.9618	-77.9615	-77.9606	-77.9591	-77.9571	-77.9546	-77.9518	-77.9485	-77.9451	-77.9414	-77.9375	-77.9335	-77.9296	-77.9256	-77.9217	-77.9179	-77.9143	-77.9109	-77.9078	-77.905	-77.9026	-77.9006	-77.899	-77.898	-77.8975	-77.8976	-77.8982	-77.8995	-77.9014	-77.9039	-77.9071	-77.9109	-77.9155	-77.9209	-77.9271	-77.9341
3.64	-77.9296	-77.9292	-77.932	-77.9364	-77.9415	-77.9466	-77.9514	-77.9557	-77.9592	-77.962	-77.964	-77.9652	-77.9657	-77.9654	-77.9646	-77.9631	-77.9611	-77.9586	-77.9558	-77.9526	-77.9491	-77.9454	-77.9416	-77.9377	-77.9337	-77.9297	-77.9258	-77.9221	-77.9185	-77.9151	-77.912	-77.9092	-77.9068	-77.9048	-77.9033	-77.9023	-77.9018	-77.9019	-77.9025	-77.9038	-77.9057	-77.9082	-77.9114	-77.9153	-77.9198	-77.9252	-77.9313	-77.9384
3.645	-77.9334	-77.933	-77.9358	-77.9403	-77.9454	-77.9505	-77.9553	-77.9595	-77.9631	-77.9659	-77.9679	-77.9691	-77.9696	-77.9693	-77.9685	-77.967	-77.965	-77.9626	-77.9597	-77.9566	-77.9531	-77.9495	-77.9457	-77.9417	-77.9378	-77.9339	-77.93	-77.9262	-77.9227	-77.9193	-77.9162	-77.9135	-77.9111	-77.9091	-77.9076	-77.9066	-77.9061	-77.9062	-77.9069	-77.9081	-77.91	-77.9125	-77.9157	-77.9195	-77.9241	-77.9294	-77.9356	-77.9426
3.65	-77.9373	-77.9369	-77.9397	-77.9441	-77.9492	-77.9543	-77.9591	-77.9634	-77.9669	-77.9697	-77.9717	-77.973	-77.9734	-77.9732	-77.9724	-77.9709	-77.969	-77.9665	-77.9637	-77.9606	-77.9571	-77.9535	-77.9497	-77.9458	-77.9419	-77.938	-77.9341	-77.9304	-77.9268	-77.9235	-77.9204	-77.9177	-77.9153	-77.9134	-77.9119	-77.9109	-77.9104	-77.9105	-77.9111	-77.9124	-77.9143	-77.9168	-77.92	-77.9238	-77.9284	-77.9337	-77.9398	-77.9468
3.655	-77.9411	-77.9407	-77.9435	-77.948	-77.953	-77.9582	-77.963	-77.9672	-77.9708	-77.9736	-77.9756	-77.9768	-77.9773	-77.9771	-77.9763	-77.9748	-77.9729	-77.9705	-77.9677	-77.9645	-77.9611	-77.9575	-77.9537	-77.9499	-77.946	-77.9421	-77.9382	-77.9345	-77.931	-77.9277	-77.9246	-77.9219	-77.9195	-77.9176	-77.9161	-77.9151	-77.9146	-77.9147	-77.9154	-77.9167	-77.9186	-77.9211	-77.9242	-77.9281	-77.9326	-77.9379	-77.944	-77.951
3.66	-77.9449	-77.9445	-77.9473	-77.9518	-77.9569	-77.962	-77.9668	-77.971	-77.9746	-77.9774	-77.9794	-77.9807	-77.9812	-77.981	-77.9802	-77.9787	-77.9768	-77.9744	-77.9716	-77.9685	-77.9651	-77.9615	-77.9578	-77.9539	-77.95	-77.9462	-77.9423	-77.9386	-77.9351	-77.9318	-77.9288	-77.9261	-77.9237	-77.9218	-77.9203	-77.9193	-77.9189	-77.919	-77.9197	-77.9209	-77.9228	-77.9253	-77.9285	-77.9323	-77.9368	-77.9421	-77.9483	-77.9552
3.665	-77.9487	-77.9484	-77.9512	-77.9556	-77.9607	-77.9658	-77.9706	-77.9748	-77.9784	-77.9812	-77.9832	-77.9845	-77.985	-77.9848	-77.984	-77.9826	-77.9807	-77.9783	-77.9756	-77.9725	-77.9691	-77.9655	-77.9618	-77.9579	-77.9541	-77.9502	-77.9464	-77.9428	-77.9392	-77.936	-77.933	-77.9303	-77.9279	-77.926	-77.9246	-77.9236	-77.9231	-77.9232	-77.9239	-77.9252	-77.9271	-77.9296	-77.9327	-77.9365	-77.941	-77.9463	-77.9524	-77.9594
3.67	-77.9525	-77.9522	-77.955	-77.9594	-77.9645	-77.9696	-77.9744	-77.9786	-77.9822	-77.985	-77.987	-77.9883	-77.9888	-77.9887	-77.9879	-77.9865	-77.9846	-77.9822	-77.9795	-77.9764	-77.9731	-77.9695	-77.9658	-77.962	-77.9581	-77.9543	-77.9505	-77.9468	-77.9434	-77.9401	-77.9371	-77.9344	-77.9321	-77.9302	-77.9287	-77.9278	-77.9273	-77.9274	-77.9281	-77.9294	-77.9313	-77.9338	-77.9369	-77.9407	-77.9453	-77.9505	-77.9566	-77.9635
3.675	-77.9563	-77.9559	-77.9587	-77.9632	-77.9683	-77.9734	-77.9782	-77.9824	-77.986	-77.9888	-77.9908	-77.9921	-77.9927	-77.9925	-77.9917	-77.9904	-77.9885	-77.9861	-77.9834	-77.9803	-77.977	-77.9735	-77.9698	-77.966	-77.9621	-77.9583	-77.9546	-77.9509	-77.9475	-77.9442	-77.9412	-77.9386	-77.9363	-77.9344	-77.9329	-77.932	-77.9315	-77.9316	-77.9323	-77.9336	-77.9355	-77.938	-77.9411	-77.9449	-77.9494	-77.9547	-77.9608	-77.9677
3.68	-77.9601	-77.9597	-77.9625	-77.9669	-77.972	-77.9771	-77.9819	-77.9862	-77.9898	-77.9926	-77.9946	-77.9959	-77.9965	-77.9963	-77.9956	-77.9942	-77.9923	-77.99	-77.9873	-77.9842	-77.9809	-77.9774	-77.9737	-77.97	-77.9661	-77.9623	-77.9586	-77.955	-77.9515	-77.9483	-77.9453	-77.9427	-77.9404	-77.9385	-77.9371	-77.9361	-77.9357	-77.9358	-77.9365	-77.9378	-77.9397	-77.9422	-77.9453	-77.9491	-77.9536	-77.9589	-77.9649	-77.9718
3.685	-77.9638	-77.9635	-77.9663	-77.9707	-77.9758	-77.9809	-77.9857	-77.9899	-77.9935	-77.9963	-77.9984	-77.9997	-78.0003	-78.0001	-77.9994	-77.998	-77.9962	-77.9939	-77.9912	-77.9881	-77.9848	-77.9813	-77.9777	-77.9739	-77.9701	-77.9664	-77.9626	-77.959	-77.9556	-77.9524	-77.9494	-77.9468	-77.9445	-77.9427	-77.9412	-77.9403	-77.9399	-77.94	-77.9407	-77.942	-77.9439	-77.9463	-77.9495	-77.9533	-77.9577	-77.963	-77.969	-77.9759
3.69	-77.9676	-77.9672	-77.97	-77.9745	-77.9795	-77.9846	-77.9894	-77.9937	-77.9973	-78.0001	-78.0022	-78.0035	-78.004	-78.0039	-78.0032	-78.0018	-78	-77.9977	-77.995	-77.992	-77.9887	-77.9853	-77.9816	-77.9779	-77.9741	-77.9704	-77.9667	-77.9631	-77.9597	-77.9565	-77.9535	-77.9509	-77.9487	-77.9468	-77.9454	-77.9445	-77.944	-77.9442	-77.9449	-77.9461	-77.948	-77.9505	-77.9536	-77.9574	-77.9619	-77.9671	-77.9732	-77.98
3.695	-77.9713	-77.971	-77.9738	-77.9782	-77.9833	-77.9884	-77.9932	-77.9974	-78.001	-78.0038	-78.0059	-78.0072	-78.0078	-78.0077	-78.007	-78.0057	-78.0038	-78.0016	-77.9989	-77.9959	-77.9926	-77.9892	-77.9855	-77.9818	-77.9781	-77.9743	-77.9707	-77.9671	-77.9637	-77.9605	-77.9576	-77.955	-77.9528	-77.9509	-77.9495	-77.9486	-77.9482	-77.9483	-77.949	-77.9503	-77.9522	-77.9546	-77.9578	-77.9615	-77.966	-77.9712	-77.9772	-77.9841
3.7	-77.9751	-77.9747	-77.9775	-77.9819	-77.987	-77.9921	-77.9969	-78.0012	-78.0047	-78.0076	-78.0096	-78.011	-78.0116	-78.0115	-78.0107	-78.0094	-78.0076	-78.0054	-78.0027	-77.9998	-77.9965	-77.9931	-77.9895	-77.9858	-77.982	-77.9783	-77.9746	-77.9711	-77.9677	-77.9646	-77.9617	-77.9591	-77.9568	-77.955	-77.9536	-77.9527	-77.9523	-77.9524	-77.9531	-77.9544	-77.9563	-77.9588	-77.9619	-77.9656	-77.9701	-77.9753	-77.9813	-77.9882
3.705	-77.9788	-77.9784	-77.9812	-77.9856	-77.9907	-77.9958	-78.0006	-78.0049	-78.0084	-78.0113	-78.0134	-78.0147	-78.0153	-78.0152	-78.0145	-78.0132	-78.0114	-78.0092	-78.0066	-78.0036	-78.0004	-77.9969	-77.9934	-77.9897	-77.986	-77.9823	-77.9786	-77.9751	-77.9717	-77.9686	-77.9657	-77.9631	-77.9609	-77.9591	-77.9577	-77.9568	-77.9564	-77.9565	-77.9572	-77.9585	-77.9604	-77.9629	-77.966	-77.9697	-77.9742	-77.9794	-77.9854	-77.9922
3.71	-77.9825	-77.9821	-77.9849	-77.9893	-77.9944	-77.9995	-78.0043	-78.0086	-78.0121	-78.015	-78.0171	-78.0184	-78.019	-78.019	-78.0183	-78.017	-78.0152	-78.013	-78.0104	-78.0074	-78.0042	-78.0008	-77.9973	-77.9936	-77.9899	-77.9862	-77.9826	-77.9791	-77.9757	-77.9726	-77.9697	-77.9672	-77.965	-77.9632	-77.9618	-77.9609	-77.9605	-77.9606	-77.9613	-77.9626	-77.9645	-77.967	-77.9701	-77.9738	-77.9783	-77.9835	-77.9894	-77.9963
3.715	-77.9862	-77.9858	-77.9886	-77.993	-77.9981	-78.0032	-78.008	-78.0122	-78.0158	-78.0187	-78.0208	-78.0221	-78.0227	-78.0227	-78.022	-78.0207	-78.019	-78.0168	-78.0142	-78.0113	-78.0081	-78.0047	-78.0011	-77.9975	-77.9938	-77.9901	-77.9865	-77.983	-77.9797	-77.9766	-77.9737	-77.9712	-77.969	-77.9672	-77.9658	-77.965	-77.9646	-77.9647	-77.9654	-77.9667	-77.9686	-77.9711	-77.9741	-77.9779	-77.9823	-77.9875	-77.9935	-78.0003
3.72	-77.9898	-77.9895	-77.9923	-77.9967	-78.0018	-78.0069	-78.0117	-78.0159	-78.0195	-78.0224	-78.0245	-78.0258	-78.0265	-78.0264	-78.0257	-78.0245	-78.0227	-78.0205	-78.018	-78.0151	-78.0119	-78.0085	-78.005	-78.0014	-77.9977	-77.9941	-77.9905	-77.987	-77.9837	-77.9806	-77.9777	-77.9752	-77.973	-77.9712	-77.9699	-77.969	-77.9686	-77.9688	-77.9695	-77.9708	-77.9726	-77.9751	-77.9782	-77.9819	-77.9864	-77.9915	-77.9975	-78.0043
3.725	-77.9935	-77.9932	-77.996	-78.0004	-78.0054	-78.0105	-78.0153	-78.0196	-78.0232	-78.026	-78.0281	-78.0295	-78.0301	-78.0301	-78.0294	-78.0282	-78.0265	-78.0243	-78.0217	-78.0189	-78.0157	-78.0123	-78.0088	-78.0052	-78.0016	-77.998	-77.9944	-77.9909	-77.9876	-77.9846	-77.9817	-77.9792	-77.977	-77.9753	-77.9739	-77.9731	-77.9727	-77.9728	-77.9735	-77.9748	-77.9767	-77.9792	-77.9822	-77.986	-77.9904	-77.9956	-78.0015	-78.0083
3.73	-77.9972	-77.9968	-77.9996	-78.004	-78.0091	-78.0142	-78.019	-78.0232	-78.0268	-78.0297	-78.0318	-78.0332	-78.0338	-78.0338	-78.0331	-78.0319	-78.0302	-78.0281	-78.0255	-78.0226	-78.0195	-78.0162	-78.0127	-78.0091	-78.0055	-78.0018	-77.9983	-77.9949	-77.9916	-77.9885	-77.9857	-77.9832	-77.981	-77.9793	-77.9779	-77.9771	-77.9767	-77.9769	-77.9776	-77.9789	-77.9807	-77.9832	-77.9863	-77.99	-77.9944	-77.9996	-78.0055	-78.0123
3.735	-78.0008	-78.0005	-78.0033	-78.0077	-78.0127	-78.0178	-78.0226	-78.0269	-78.0305	-78.0333	-78.0355	-78.0368	-78.0375	-78.0375	-78.0368	-78.0356	-78.0339	-78.0318	-78.0293	-78.0264	-78.0233	-78.02	-78.0165	-78.0129	-78.0093	-78.0057	-78.0022	-77.9988	-77.9955	-77.9925	-77.9897	-77.9872	-77.985	-77.9833	-77.9819	-77.9811	-77.9807	-77.9809	-77.9816	-77.9829	-77.9848	-77.9872	-77.9903	-77.994	-77.9984	-78.0035	-78.0095	-78.0162
3.74	-78.0044	-78.0041	-78.0069	-78.0113	-78.0164	-78.0215	-78.0262	-78.0305	-78.0341	-78.037	-78.0391	-78.0405	-78.0412	-78.0412	-78.0405	-78.0393	-78.0377	-78.0355	-78.033	-78.0302	-78.0271	-78.0238	-78.0203	-78.0168	-78.0132	-78.0096	-78.0061	-78.0027	-77.9994	-77.9964	-77.9936	-77.9911	-77.989	-77.9873	-77.9859	-77.9851	-77.9847	-77.9849	-77.9856	-77.9869	-77.9888	-77.9912	-77.9943	-77.998	-78.0024	-78.0075	-78.0134	-78.0202
3.745	-78.0081	-78.0077	-78.0105	-78.0149	-78.02	-78.0251	-78.0299	-78.0341	-78.0377	-78.0406	-78.0427	-78.0441	-78.0448	-78.0448	-78.0442	-78.043	-78.0413	-78.0392	-78.0367	-78.0339	-78.0308	-78.0275	-78.0241	-78.0206	-78.017	-78.0134	-78.0099	-78.0065	-78.0033	-78.0003	-77.9975	-77.9951	-77.993	-77.9912	-77.9899	-77.9891	-77.9887	-77.9889	-77.9896	-77.9909	-77.9928	-77.9952	-77.9983	-78.002	-78.0064	-78.0115	-78.0174	-78.0241
3.75	-78.0117	-78.0113	-78.0141	-78.0185	-78.0236	-78.0287	-78.0335	-78.0377	-78.0413	-78.0442	-78.0464	-78.0478	-78.0484	-78.0485	-78.0479	-78.0467	-78.045	-78.0429	-78.0404	-78.0376	-78.0346	-78.0313	-78.0279	-78.0244	-78.0208	-78.0173	-78.0138	-78.0104	-78.0072	-78.0042	-78.0014	-77.999	-77.9969	-77.9952	-77.9939	-77.993	-77.9927	-77.9929	-77.9936	-77.9949	-77.9967	-77.9992	-78.0023	-78.0059	-78.0103	-78.0154	-78.0213	-78.028
3.755	-78.0153	-78.015	-78.0177	-78.0221	-78.0272	-78.0323	-78.0371	-78.0413	-78.0449	-78.0478	-78.05	-78.0514	-78.0521	-78.0521	-78.0515	-78.0503	-78.0487	-78.0466	-78.0441	-78.0414	-78.0383	-78.0351	-78.0317	-78.0282	-78.0246	-78.0211	-78.0176	-78.0143	-78.0111	-78.0081	-78.0053	-78.0029	-78.0008	-77.9991	-77.9978	-77.997	-77.9967	-77.9968	-77.9976	-77.9989	-78.0007	-78.0032	-78.0062	-78.0099	-78.0143	-78.0194	-78.0252	-78.0319
3.76	-78.0189	-78.0185	-78.0213	-78.0257	-78.0308	-78.0359	-78.0406	-78.0449	-78.0485	-78.0514	-78.0536	-78.055	-78.0557	-78.0557	-78.0551	-78.054	-78.0524	-78.0503	-78.0478	-78.0451	-78.042	-78.0388	-78.0354	-78.0319	-78.0284	-78.0249	-78.0215	-78.0181	-78.0149	-78.012	-78.0092	-78.0068	-78.0047	-78.003	-78.0018	-78.0009	-78.0006	-78.0008	-78.0015	-78.0028	-78.0047	-78.0071	-78.0102	-78.0138	-78.0182	-78.0233	-78.0291	-78.0358
3.765	-78.0224	-78.0221	-78.0249	-78.0293	-78.0343	-78.0394	-78.0442	-78.0485	-78.0521	-78.055	-78.0571	-78.0586	-78.0593	-78.0593	-78.0588	-78.0576	-78.056	-78.0539	-78.0515	-78.0488	-78.0457	-78.0425	-78.0392	-78.0357	-78.0322	-78.0287	-78.0253	-78.0219	-78.0188	-78.0158	-78.0131	-78.0107	-78.0086	-78.0069	-78.0057	-78.0049	-78.0045	-78.0047	-78.0055	-78.0068	-78.0086	-78.011	-78.0141	-78.0178	-78.0221	-78.0272	-78.033	-78.0397
3.77	-78.026	-78.0257	-78.0285	-78.0329	-78.0379	-78.043	-78.0478	-78.052	-78.0556	-78.0585	-78.0607	-78.0621	-78.0629	-78.0629	-78.0624	-78.0613	-78.0596	-78.0576	-78.0552	-78.0524	-78.0494	-78.0462	-78.0429	-78.0395	-78.036	-78.0325	-78.0291	-78.0258	-78.0226	-78.0197	-78.017	-78.0146	-78.0125	-78.0108	-78.0096	-78.0088	-78.0085	-78.0087	-78.0094	-78.0107	-78.0125	-78.015	-78.018	-78.0217	-78.026	-78.0311	-78.0369	-78.0436
3.775	-78.0296	-78.0292	-78.032	-78.0364	-78.0415	-78.0465	-78.0513	-78.0556	-78.0592	-78.0621	-78.0643	-78.0657	-78.0664	-78.0665	-78.066	-78.0649	-78.0633	-78.0612	-78.0588	-78.0561	-78.0531	-78.0499	-78.0466	-78.0432	-78.0397	-78.0363	-78.0329	-78.0296	-78.0264	-78.0235	-78.0208	-78.0184	-78.0164	-78.0147	-78.0135	-78.0127	-78.0124	-78.0126	-78.0133	-78.0146	-78.0164	-78.0189	-78.0219	-78.0256	-78.0299	-78.0349	-78.0408	-78.0474
3.78	-78.0331	-78.0328	-78.0356	-78.04	-78.045	-78.0501	-78.0549	-78.0591	-78.0627	-78.0657	-78.0678	-78.0693	-78.07	-78.0701	-78.0695	-78.0685	-78.0669	-78.0649	-78.0625	-78.0598	-78.0568	-78.0536	-78.0503	-78.0469	-78.0435	-78.04	-78.0366	-78.0334	-78.0302	-78.0273	-78.0247	-78.0223	-78.0203	-78.0186	-78.0174	-78.0166	-78.0163	-78.0165	-78.0172	-78.0185	-78.0203	-78.0228	-78.0258	-78.0294	-78.0338	-78.0388	-78.0446	-78.0512
3.785	-78.0366	-78.0363	-78.0391	-78.0435	-78.0485	-78.0536	-78.0584	-78.0627	-78.0663	-78.0692	-78.0714	-78.0728	-78.0736	-78.0736	-78.0731	-78.0721	-78.0705	-78.0685	-78.0661	-78.0634	-78.0605	-78.0573	-78.054	-78.0506	-78.0472	-78.0438	-78.0404	-78.0371	-78.034	-78.0311	-78.0285	-78.0261	-78.0241	-78.0225	-78.0212	-78.0204	-78.0201	-78.0203	-78.0211	-78.0224	-78.0242	-78.0266	-78.0297	-78.0333	-78.0376	-78.0426	-78.0484	-78.0551
3.79	-78.0402	-78.0399	-78.0426	-78.047	-78.052	-78.0571	-78.0619	-78.0662	-78.0698	-78.0727	-78.0749	-78.0763	-78.0771	-78.0772	-78.0767	-78.0756	-78.0741	-78.0721	-78.0697	-78.0671	-78.0641	-78.061	-78.0577	-78.0543	-78.0509	-78.0475	-78.0442	-78.0409	-78.0378	-78.0349	-78.0323	-78.0299	-78.0279	-78.0263	-78.0251	-78.0243	-78.024	-78.0242	-78.025	-78.0262	-78.0281	-78.0305	-78.0335	-78.0371	-78.0415	-78.0465	-78.0523	-78.0589
3.795	-78.0437	-78.0434	-78.0461	-78.0505	-78.0555	-78.0606	-78.0654	-78.0697	-78.0733	-78.0762	-78.0784	-78.0799	-78.0806	-78.0807	-78.0802	-78.0792	-78.0777	-78.0757	-78.0733	-78.0707	-78.0678	-78.0646	-78.0614	-78.058	-78.0546	-78.0512	-78.0479	-78.0447	-78.0416	-78.0387	-78.0361	-78.0338	-78.0318	-78.0301	-78.0289	-78.0281	-78.0279	-78.0281	-78.0288	-78.0301	-78.0319	-78.0344	-78.0374	-78.041	-78.0453	-78.0503	-78.0561	-78.0627
3.8	-78.0472	-78.0469	-78.0496	-78.054	-78.059	-78.0641	-78.0689	-78.0732	-78.0768	-78.0797	-78.0819	-78.0834	-78.0842	-78.0843	-78.0838	-78.0827	-78.0812	-78.0793	-78.0769	-78.0743	-78.0714	-78.0683	-78.065	-78.0617	-78.0583	-78.0549	-78.0516	-78.0484	-78.0453	-78.0425	-78.0399	-78.0376	-78.0356	-78.0339	-78.0327	-78.032	-78.0317	-78.0319	-78.0327	-78.0339	-78.0358	-78.0382	-78.0412	-78.0448	-78.0491	-78.0541	-78.0599	-78.0664
3.805	-78.0507	-78.0504	-78.0531	-78.0575	-78.0625	-78.0676	-78.0724	-78.0767	-78.0803	-78.0832	-78.0854	-78.0869	-78.0877	-78.0878	-78.0873	-78.0863	-78.0848	-78.0828	-78.0805	-78.0779	-78.075	-78.0719	-78.0687	-78.0654	-78.062	-78.0586	-78.0553	-78.0521	-78.0491	-78.0462	-78.0436	-78.0413	-78.0394	-78.0378	-78.0366	-78.0358	-78.0355	-78.0357	-78.0365	-78.0378	-78.0396	-78.042	-78.045	-78.0486	-78.0529	-78.0579	-78.0636	-78.0702
3.81	-78.0541	-78.0538	-78.0566	-78.061	-78.066	-78.0711	-78.0759	-78.0801	-78.0838	-78.0867	-78.0889	-78.0904	-78.0912	-78.0913	-78.0908	-78.0898	-78.0883	-78.0864	-78.0841	-78.0815	-78.0786	-78.0755	-78.0723	-78.069	-78.0657	-78.0623	-78.059	-78.0558	-78.0528	-78.05	-78.0474	-78.0451	-78.0431	-78.0415	-78.0404	-78.0396	-78.0393	-78.0396	-78.0403	-78.0416	-78.0434	-78.0458	-78.0488	-78.0524	-78.0567	-78.0617	-78.0674	-78.074
3.815	-78.0576	-78.0573	-78.0601	-78.0645	-78.0695	-78.0745	-78.0793	-78.0836	-78.0872	-78.0902	-78.0924	-78.0938	-78.0947	-78.0948	-78.0943	-78.0933	-78.0919	-78.0899	-78.0877	-78.0851	-78.0822	-78.0791	-78.076	-78.0727	-78.0693	-78.066	-78.0627	-78.0596	-78.0565	-78.0537	-78.0511	-78.0489	-78.0469	-78.0453	-78.0441	-78.0434	-78.0431	-78.0434	-78.0441	-78.0454	-78.0472	-78.0496	-78.0526	-78.0562	-78.0605	-78.0654	-78.0712	-78.0777
3.82	-78.0611	-78.0608	-78.0636	-78.0679	-78.0729	-78.078	-78.0828	-78.087	-78.0907	-78.0936	-78.0958	-78.0973	-78.0981	-78.0983	-78.0978	-78.0969	-78.0954	-78.0935	-78.0912	-78.0886	-78.0858	-78.0827	-78.0796	-78.0763	-78.073	-78.0696	-78.0664	-78.0632	-78.0602	-78.0574	-78.0549	-78.0526	-78.0507	-78.0491	-78.0479	-78.0472	-78.0469	-78.0471	-78.0479	-78.0492	-78.051	-78.0534	-78.0564	-78.06	-78.0642	-78.0692	-78.0749	-78.0814
3.825	-78.0645	-78.0642	-78.067	-78.0714	-78.0764	-78.0814	-78.0862	-78.0905	-78.0941	-78.0971	-78.0993	-78.1008	-78.1016	-78.1018	-78.1013	-78.1003	-78.0989	-78.097	-78.0947	-78.0922	-78.0893	-78.0863	-78.0832	-78.0799	-78.0766	-78.0733	-78.0701	-78.0669	-78.0639	-78.0611	-78.0586	-78.0563	-78.0544	-78.0528	-78.0517	-78.0509	-78.0507	-78.0509	-78.0517	-78.053	-78.0548	-78.0572	-78.0602	-78.0637	-78.068	-78.0729	-78.0786	-78.0851
3.83	-78.068	-78.0677	-78.0704	-78.0748	-78.0798	-78.0849	-78.0896	-78.0939	-78.0976	-78.1005	-78.1027	-78.1042	-78.105	-78.1052	-78.1048	-78.1038	-78.1024	-78.1005	-78.0983	-78.0957	-78.0929	-78.0899	-78.0868	-78.0835	-78.0802	-78.0769	-78.0737	-78.0706	-78.0676	-78.0648	-78.0623	-78.0601	-78.0581	-78.0566	-78.0554	-78.0547	-78.0544	-78.0547	-78.0554	-78.0567	-78.0585	-78.0609	-78.0639	-78.0675	-78.0717	-78.0767	-78.0824	-78.0888
3.835	-78.0714	-78.0711	-78.0739	-78.0782	-78.0832	-78.0883	-78.0931	-78.0973	-78.101	-78.1039	-78.1061	-78.1077	-78.1085	-78.1087	-78.1083	-78.1073	-78.1059	-78.104	-78.1018	-78.0993	-78.0965	-78.0935	-78.0903	-78.0871	-78.0838	-78.0806	-78.0774	-78.0742	-78.0713	-78.0685	-78.066	-78.0638	-78.0619	-78.0603	-78.0592	-78.0584	-78.0582	-78.0584	-78.0592	-78.0605	-78.0623	-78.0647	-78.0676	-78.0712	-78.0754	-78.0804	-78.0861	-78.0925
3.84	-78.0748	-78.0745	-78.0773	-78.0817	-78.0867	-78.0917	-78.0965	-78.1007	-78.1044	-78.1073	-78.1096	-78.1111	-78.1119	-78.1121	-78.1117	-78.1108	-78.1094	-78.1075	-78.1053	-78.1028	-78.1	-78.097	-78.0939	-78.0907	-78.0874	-78.0842	-78.081	-78.0779	-78.075	-78.0722	-78.0697	-78.0675	-78.0656	-78.064	-78.0629	-78.0622	-78.0619	-78.0622	-78.0629	-78.0642	-78.066	-78.0684	-78.0714	-78.0749	-78.0791	-78.0841	-78.0897	-78.0962
3.845	-78.0782	-78.0779	-78.0807	-78.0851	-78.0901	-78.0951	-78.0999	-78.1041	-78.1078	-78.1107	-78.113	-78.1145	-78.1154	-78.1156	-78.1152	-78.1142	-78.1128	-78.111	-78.1088	-78.1063	-78.1035	-78.1006	-78.0975	-78.0943	-78.091	-78.0878	-78.0846	-78.0815	-78.0786	-78.0759	-78.0734	-78.0711	-78.0693	-78.0677	-78.0666	-78.0659	-78.0657	-78.0659	-78.0667	-78.0679	-78.0698	-78.0721	-78.0751	-78.0786	-78.0828	-78.0878	-78.0934	-78.0999
3.85	-78.0816	-78.0813	-78.0841	-78.0885	-78.0935	-78.0985	-78.1033	-78.1075	-78.1112	-78.1141	-78.1164	-78.1179	-78.1188	-78.119	-78.1186	-78.1177	-78.1163	-78.1145	-78.1123	-78.1098	-78.107	-78.1041	-78.101	-78.0978	-78.0946	-78.0914	-78.0882	-78.0851	-78.0822	-78.0795	-78.077	-78.0748	-78.0729	-78.0714	-78.0703	-78.0696	-78.0694	-78.0696	-78.0704	-78.0716	-78.0735	-78.0758	-78.0788	-78.0823	-78.0865	-78.0914	-78.0971	-78.1035
3.855	-78.085	-78.0847	-78.0875	-78.0919	-78.0968	-78.1019	-78.1067	-78.1109	-78.1146	-78.1175	-78.1198	-78.1213	-78.1222	-78.1224	-78.122	-78.1211	-78.1197	-78.1179	-78.1157	-78.1133	-78.1105	-78.1076	-78.1045	-78.1014	-78.0982	-78.0949	-78.0918	-78.0888	-78.0858	-78.0831	-78.0807	-78.0785	-78.0766	-78.0751	-78.074	-78.0733	-78.0731	-78.0733	-78.0741	-78.0753	-78.0772	-78.0795	-78.0825	-78.086	-78.0902	-78.0951	-78.1007	-78.1072
3.86	-78.0884	-78.0881	-78.0909	-78.0952	-78.1002	-78.1053	-78.11	-78.1143	-78.1179	-78.1209	-78.1232	-78.1247	-78.1256	-78.1258	-78.1254	-78.1245	-78.1232	-78.1214	-78.1192	-78.1167	-78.114	-78.1111	-78.108	-78.1049	-78.1017	-78.0985	-78.0954	-78.0923	-78.0895	-78.0868	-78.0843	-78.0821	-78.0803	-78.0788	-78.0776	-78.077	-78.0767	-78.077	-78.0778	-78.079	-78.0808	-78.0832	-78.0862	-78.0897	-78.0939	-78.0987	-78.1044	-78.1108
3.865	-78.0918	-78.0915	-78.0942	-78.0986	-78.1036	-78.1086	-78.1134	-78.1176	-78.1213	-78.1243	-78.1265	-78.1281	-78.129	-78.1292	-78.1288	-78.128	-78.1266	-78.1248	-78.1227	-78.1202	-78.1175	-78.1146	-78.1116	-78.1084	-78.1052	-78.1021	-78.0989	-78.0959	-78.0931	-78.0904	-78.0879	-78.0858	-78.0839	-78.0824	-78.0813	-78.0806	-78.0804	-78.0807	-78.0814	-78.0827	-78.0845	-78.0869	-78.0898	-78.0933	-78.0975	-78.1024	-78.108	-78.1144
3.87	-78.0951	-78.0948	-78.0976	-78.102	-78.1069	-78.112	-78.1167	-78.121	-78.1246	-78.1276	-78.1299	-78.1314	-78.1323	-78.1326	-78.1322	-78.1314	-78.13	-78.1282	-78.1261	-78.1237	-78.121	-78.1181	-78.1151	-78.1119	-78.1088	-78.1056	-78.1025	-78.0995	-78.0966	-78.094	-78.0915	-78.0894	-78.0875	-78.0861	-78.085	-78.0843	-78.0841	-78.0843	-78.0851	-78.0864	-78.0882	-78.0905	-78.0935	-78.097	-78.1011	-78.106	-78.1116	-78.118
3.875	-78.0985	-78.0982	-78.101	-78.1053	-78.1103	-78.1153	-78.1201	-78.1243	-78.128	-78.131	-78.1332	-78.1348	-78.1357	-78.1359	-78.1356	-78.1347	-78.1334	-78.1316	-78.1295	-78.1271	-78.1244	-78.1216	-78.1185	-78.1154	-78.1123	-78.1091	-78.1061	-78.1031	-78.1002	-78.0976	-78.0951	-78.093	-78.0912	-78.0897	-78.0886	-78.0879	-78.0877	-78.088	-78.0887	-78.09	-78.0918	-78.0942	-78.0971	-78.1006	-78.1048	-78.1096	-78.1152	-78.1216
3.88	-78.1018	-78.1015	-78.1043	-78.1086	-78.1136	-78.1186	-78.1234	-78.1277	-78.1313	-78.1343	-78.1366	-78.1381	-78.139	-78.1393	-78.139	-78.1381	-78.1368	-78.1351	-78.1329	-78.1305	-78.1279	-78.125	-78.122	-78.1189	-78.1158	-78.1127	-78.1096	-78.1066	-78.1038	-78.1011	-78.0987	-78.0966	-78.0948	-78.0933	-78.0922	-78.0916	-78.0913	-78.0916	-78.0924	-78.0937	-78.0955	-78.0978	-78.1007	-78.1042	-78.1084	-78.1132	-78.1188	-78.1252
3.885	-78.1051	-78.1049	-78.1076	-78.112	-78.1169	-78.122	-78.1267	-78.131	-78.1346	-78.1376	-78.1399	-78.1415	-78.1424	-78.1426	-78.1423	-78.1415	-78.1402	-78.1385	-78.1364	-78.134	-78.1313	-78.1285	-78.1255	-78.1224	-78.1193	-78.1162	-78.1131	-78.1102	-78.1073	-78.1047	-78.1023	-78.1002	-78.0984	-78.0969	-78.0958	-78.0952	-78.095	-78.0952	-78.096	-78.0973	-78.0991	-78.1014	-78.1043	-78.1078	-78.112	-78.1168	-78.1224	-78.1287
3.89	-78.1085	-78.1082	-78.1109	-78.1153	-78.1202	-78.1253	-78.13	-78.1343	-78.138	-78.1409	-78.1432	-78.1448	-78.1457	-78.146	-78.1457	-78.1449	-78.1436	-78.1418	-78.1398	-78.1374	-78.1347	-78.1319	-78.1289	-78.1259	-78.1228	-78.1197	-78.1166	-78.1137	-78.1109	-78.1083	-78.1059	-78.1038	-78.1019	-78.1005	-78.0994	-78.0988	-78.0986	-78.0989	-78.0996	-78.1009	-78.1027	-78.105	-78.1079	-78.1114	-78.1156	-78.1204	-78.1259	-78.1323
3.895	-78.1118	-78.1115	-78.1143	-78.1186	-78.1236	-78.1286	-78.1333	-78.1376	-78.1413	-78.1442	-78.1465	-78.1481	-78.149	-78.1493	-78.149	-78.1482	-78.1469	-78.1452	-78.1431	-78.1408	-78.1382	-78.1353	-78.1324	-78.1293	-78.1263	-78.1232	-78.1201	-78.1172	-78.1144	-78.1118	-78.1094	-78.1073	-78.1055	-78.1041	-78.103	-78.1024	-78.1022	-78.1025	-78.1032	-78.1045	-78.1063	-78.1086	-78.1115	-78.115	-78.1191	-78.1239	-78.1295	-78.1358
3.9	-78.1151	-78.1148	-78.1176	-78.1219	-78.1268	-78.1319	-78.1366	-78.1409	-78.1446	-78.1475	-78.1498	-78.1514	-78.1523	-78.1526	-78.1524	-78.1516	-78.1503	-78.1486	-78.1465	-78.1442	-78.1416	-78.1388	-78.1358	-78.1328	-78.1297	-78.1266	-78.1236	-78.1207	-78.1179	-78.1153	-78.113	-78.1109	-78.1091	-78.1076	-78.1066	-78.106	-78.1058	-78.106	-78.1068	-78.1081	-78.1099	-78.1122	-78.1151	-78.1186	-78.1227	-78.1275	-78.133	-78.1393
3.905	-78.1184	-78.1181	-78.1208	-78.1252	-78.1301	-78.1352	-78.1399	-78.1442	-78.1478	-78.1508	-78.1531	-78.1547	-78.1556	-78.156	-78.1557	-78.1549	-78.1536	-78.1519	-78.1499	-78.1475	-78.145	-78.1422	-78.1392	-78.1362	-78.1332	-78.1301	-78.1271	-78.1242	-78.1214	-78.1188	-78.1165	-78.1144	-78.1126	-78.1112	-78.1102	-78.1095	-78.1093	-78.1096	-78.1104	-78.1117	-78.1135	-78.1158	-78.1187	-78.1221	-78.1262	-78.131	-78.1366	-78.1429
3.91	-78.1216	-78.1214	-78.1241	-78.1285	-78.1334	-78.1384	-78.1432	-78.1474	-78.1511	-78.1541	-78.1564	-78.158	-78.1589	-78.1593	-78.159	-78.1582	-78.1569	-78.1553	-78.1532	-78.1509	-78.1483	-78.1456	-78.1427	-78.1396	-78.1366	-78.1336	-78.1306	-78.1277	-78.1249	-78.1224	-78.12	-78.1179	-78.1162	-78.1148	-78.1137	-78.1131	-78.1129	-78.1132	-78.114	-78.1152	-78.117	-78.1194	-78.1222	-78.1257	-78.1298	-78.1346	-78.1401	-78.1464
3.915	-78.1249	-78.1247	-78.1274	-78.1317	-78.1367	-78.1417	-78.1464	-78.1507	-78.1544	-78.1574	-78.1597	-78.1613	-78.1622	-78.1625	-78.1623	-78.1615	-78.1603	-78.1586	-78.1566	-78.1543	-78.1517	-78.149	-78.1461	-78.1431	-78.14	-78.137	-78.134	-78.1311	-78.1284	-78.1258	-78.1235	-78.1215	-78.1197	-78.1183	-78.1173	-78.1166	-78.1165	-78.1167	-78.1175	-78.1188	-78.1206	-78.1229	-78.1258	-78.1292	-78.1333	-78.1381	-78.1436	-78.1499
3.92	-78.1282	-78.1279	-78.1307	-78.135	-78.1399	-78.145	-78.1497	-78.154	-78.1576	-78.1606	-78.1629	-78.1645	-78.1655	-78.1658	-78.1656	-78.1648	-78.1636	-78.1619	-78.1599	-78.1576	-78.1551	-78.1523	-78.1494	-78.1465	-78.1435	-78.1404	-78.1375	-78.1346	-78.1319	-78.1293	-78.127	-78.125	-78.1232	-78.1218	-78.1208	-78.1202	-78.12	-78.1203	-78.1211	-78.1223	-78.1241	-78.1264	-78.1293	-78.1328	-78.1368	-78.1416	-78.1471	-78.1533
3.925	-78.1314	-78.1312	-78.1339	-78.1382	-78.1432	-78.1482	-78.1529	-78.1572	-78.1609	-78.1639	-78.1662	-78.1678	-78.1688	-78.1691	-78.1689	-78.1681	-78.1669	-78.1652	-78.1633	-78.161	-78.1584	-78.1557	-78.1528	-78.1499	-78.1469	-78.1439	-78.1409	-78.1381	-78.1353	-78.1328	-78.1305	-78.1285	-78.1267	-78.1253	-78.1243	-78.1237	-78.1235	-78.1238	-78.1246	-78.1259	-78.1276	-78.13	-78.1328	-78.1363	-78.1403	-78.1451	-78.1506	-78.1568
3.93	-78.1347	-78.1344	-78.1372	-78.1415	-78.1464	-78.1514	-78.1562	-78.1604	-78.1641	-78.1671	-78.1694	-78.171	-78.172	-78.1724	-78.1721	-78.1714	-78.1702	-78.1685	-78.1666	-78.1643	-78.1618	-78.1591	-78.1562	-78.1533	-78.1503	-78.1473	-78.1443	-78.1415	-78.1388	-78.1363	-78.134	-78.1319	-78.1302	-78.1288	-78.1278	-78.1272	-78.127	-78.1273	-78.1281	-78.1294	-78.1312	-78.1335	-78.1363	-78.1398	-78.1438	-78.1486	-78.154	-78.1603
3.935	-78.1379	-78.1377	-78.1404	-78.1447	-78.1497	-78.1547	-78.1594	-78.1637	-78.1673	-78.1703	-78.1726	-78.1743	-78.1753	-78.1756	-78.1754	-78.1747	-78.1735	-78.1718	-78.1699	-78.1676	-78.1651	-78.1624	-78.1596	-78.1566	-78.1536	-78.1507	-78.1478	-78.1449	-78.1422	-78.1397	-78.1374	-78.1354	-78.1337	-78.1323	-78.1313	-78.1307	-78.1306	-78.1308	-78.1316	-78.1329	-78.1347	-78.137	-78.1398	-78.1432	-78.1473	-78.152	-78.1575	-78.1637
3.94	-78.1411	-78.1409	-78.1436	-78.1479	-78.1529	-78.1579	-78.1626	-78.1669	-78.1705	-78.1736	-78.1759	-78.1775	-78.1785	-78.1788	-78.1786	-78.1779	-78.1767	-78.1751	-78.1732	-78.1709	-78.1684	-78.1657	-78.1629	-78.16	-78.157	-78.1541	-78.1512	-78.1483	-78.1457	-78.1432	-78.1409	-78.1389	-78.1372	-78.1358	-78.1348	-78.1342	-78.134	-78.1343	-78.1351	-78.1364	-78.1382	-78.1405	-78.1433	-78.1467	-78.1508	-78.1555	-78.1609	-78.1671
3.945	-78.1443	-78.1441	-78.1469	-78.1512	-78.1561	-78.1611	-78.1658	-78.1701	-78.1738	-78.1768	-78.1791	-78.1807	-78.1817	-78.1821	-78.1819	-78.1812	-78.18	-78.1784	-78.1765	-78.1742	-78.1717	-78.1691	-78.1662	-78.1633	-78.1604	-78.1574	-78.1545	-78.1517	-78.1491	-78.1466	-78.1443	-78.1423	-78.1406	-78.1393	-78.1383	-78.1377	-78.1375	-78.1378	-78.1386	-78.1399	-78.1416	-78.1439	-78.1468	-78.1502	-78.1542	-78.1589	-78.1644	-78.1706
3.95	-78.1476	-78.1473	-78.1501	-78.1544	-78.1593	-78.1643	-78.169	-78.1733	-78.177	-78.18	-78.1823	-78.1839	-78.1849	-78.1853	-78.1851	-78.1844	-78.1832	-78.1817	-78.1797	-78.1775	-78.175	-78.1724	-78.1696	-78.1667	-78.1637	-78.1608	-78.1579	-78.1551	-78.1525	-78.15	-78.1478	-78.1458	-78.1441	-78.1427	-78.1417	-78.1412	-78.141	-78.1413	-78.1421	-78.1433	-78.1451	-78.1474	-78.1502	-78.1536	-78.1577	-78.1624	-78.1678	-78.174
3.955	-78.1508	-78.1505	-78.1533	-78.1576	-78.1625	-78.1675	-78.1722	-78.1765	-78.1801	-78.1832	-78.1855	-78.1871	-78.1881	-78.1885	-78.1883	-78.1876	-78.1865	-78.1849	-78.183	-78.1808	-78.1783	-78.1757	-78.1729	-78.17	-78.1671	-78.1642	-78.1613	-78.1585	-78.1559	-78.1534	-78.1512	-78.1492	-78.1475	-78.1462	-78.1452	-78.1446	-78.1445	-78.1448	-78.1455	-78.1468	-78.1486	-78.1509	-78.1537	-78.1571	-78.1611	-78.1658	-78.1712	-78.1774
3.96	-78.1539	-78.1537	-78.1564	-78.1607	-78.1657	-78.1707	-78.1754	-78.1796	-78.1833	-78.1863	-78.1887	-78.1903	-78.1913	-78.1917	-78.1916	-78.1909	-78.1897	-78.1882	-78.1863	-78.1841	-78.1816	-78.179	-78.1762	-78.1733	-78.1704	-78.1675	-78.1647	-78.1619	-78.1593	-78.1568	-78.1546	-78.1526	-78.1509	-78.1496	-78.1486	-78.1481	-78.1479	-78.1482	-78.149	-78.1503	-78.152	-78.1543	-78.1571	-78.1605	-78.1645	-78.1692	-78.1746	-78.1808
3.965	-78.1571	-78.1569	-78.1596	-78.1639	-78.1688	-78.1738	-78.1786	-78.1828	-78.1865	-78.1895	-78.1918	-78.1935	-78.1945	-78.1949	-78.1948	-78.1941	-78.1929	-78.1914	-78.1895	-78.1873	-78.1849	-78.1823	-78.1795	-78.1767	-78.1738	-78.1709	-78.168	-78.1653	-78.1626	-78.1602	-78.158	-78.156	-78.1544	-78.153	-78.1521	-78.1515	-78.1514	-78.1517	-78.1524	-78.1537	-78.1555	-78.1577	-78.1606	-78.1639	-78.1679	-78.1726	-78.178	-78.1842
3.97	-78.1603	-78.1601	-78.1628	-78.1671	-78.172	-78.177	-78.1817	-78.186	-78.1897	-78.1927	-78.195	-78.1967	-78.1977	-78.1981	-78.198	-78.1973	-78.1962	-78.1946	-78.1927	-78.1906	-78.1881	-78.1855	-78.1828	-78.18	-78.1771	-78.1742	-78.1714	-78.1686	-78.166	-78.1636	-78.1614	-78.1594	-78.1578	-78.1564	-78.1555	-78.1549	-78.1548	-78.1551	-78.1559	-78.1571	-78.1589	-78.1612	-78.164	-78.1673	-78.1713	-78.176	-78.1814	-78.1875
3.975	-78.1635	-78.1632	-78.166	-78.1702	-78.1752	-78.1801	-78.1849	-78.1891	-78.1928	-78.1958	-78.1982	-78.1998	-78.2009	-78.2013	-78.2011	-78.2005	-78.1994	-78.1978	-78.196	-78.1938	-78.1914	-78.1888	-78.1861	-78.1832	-78.1804	-78.1775	-78.1747	-78.172	-78.1694	-78.1669	-78.1647	-78.1628	-78.1612	-78.1598	-78.1589	-78.1583	-78.1582	-78.1585	-78.1593	-78.1605	-78.1623	-78.1646	-78.1674	-78.1707	-78.1747	-78.1794	-78.1847	-78.1909
3.98	-78.1666	-78.1664	-78.1691	-78.1734	-78.1783	-78.1833	-78.188	-78.1923	-78.1959	-78.199	-78.2013	-78.203	-78.204	-78.2045	-78.2043	-78.2037	-78.2026	-78.201	-78.1992	-78.197	-78.1946	-78.1921	-78.1893	-78.1865	-78.1837	-78.1808	-78.178	-78.1753	-78.1727	-78.1703	-78.1681	-78.1662	-78.1645	-78.1632	-78.1623	-78.1617	-78.1616	-78.1619	-78.1627	-78.1639	-78.1657	-78.168	-78.1708	-78.1741	-78.1781	-78.1827	-78.1881	-78.1942
3.985	-78.1698	-78.1695	-78.1723	-78.1765	-78.1814	-78.1864	-78.1911	-78.1954	-78.1991	-78.2021	-78.2045	-78.2061	-78.2072	-78.2076	-78.2075	-78.2068	-78.2057	-78.2042	-78.2024	-78.2003	-78.1979	-78.1953	-78.1926	-78.1898	-78.187	-78.1841	-78.1813	-78.1786	-78.176	-78.1737	-78.1715	-78.1695	-78.1679	-78.1666	-78.1657	-78.1651	-78.165	-78.1653	-78.1661	-78.1674	-78.1691	-78.1714	-78.1741	-78.1775	-78.1815	-78.1861	-78.1915	-78.1976
3.99	-78.1729	-78.1727	-78.1754	-78.1797	-78.1846	-78.1896	-78.1943	-78.1985	-78.2022	-78.2052	-78.2076	-78.2093	-78.2103	-78.2108	-78.2106	-78.21	-78.2089	-78.2074	-78.2056	-78.2035	-78.2011	-78.1985	-78.1958	-78.1931	-78.1902	-78.1874	-78.1846	-78.1819	-78.1794	-78.177	-78.1748	-78.1729	-78.1713	-78.17	-78.169	-78.1685	-78.1684	-78.1687	-78.1695	-78.1707	-78.1725	-78.1747	-78.1775	-78.1809	-78.1848	-78.1894	-78.1948	-78.2009
3.995	-78.176	-78.1758	-78.1785	-78.1828	-78.1877	-78.1927	-78.1974	-78.2017	-78.2053	-78.2084	-78.2107	-78.2124	-78.2134	-78.2139	-78.2138	-78.2132	-78.2121	-78.2106	-78.2088	-78.2067	-78.2043	-78.2018	-78.1991	-78.1963	-78.1935	-78.1907	-78.1879	-78.1852	-78.1827	-78.1803	-78.1782	-78.1762	-78.1746	-78.1733	-78.1724	-78.1719	-78.1718	-78.1721	-78.1729	-78.1741	-78.1758	-78.1781	-78.1809	-78.1842	-78.1882	-78.1928	-78.1981	-78.2042
4	-78.1792	-78.1789	-78.1816	-78.1859	-78.1908	-78.1958	-78.2005	-78.2048	-78.2084	-78.2115	-78.2138	-78.2155	-78.2166	-78.217	-78.2169	-78.2163	-78.2152	-78.2138	-78.212	-78.2099	-78.2075	-78.205	-78.2023	-78.1996	-78.1968	-78.1939	-78.1912	-78.1885	-78.186	-78.1836	-78.1815	-78.1796	-78.178	-78.1767	-78.1758	-78.1752	-78.1751	-78.1754	-78.1762	-78.1775	-78.1792	-78.1815	-78.1842	-78.1876	-78.1915	-78.1961	-78.2014	-78.2075
4.005	-78.1823	-78.182	-78.1848	-78.189	-78.1939	-78.1989	-78.2036	-78.2079	-78.2115	-78.2146	-78.2169	-78.2186	-78.2197	-78.2201	-78.2201	-78.2194	-78.2184	-78.2169	-78.2151	-78.213	-78.2107	-78.2082	-78.2055	-78.2028	-78.2	-78.1972	-78.1945	-78.1918	-78.1893	-78.1869	-78.1848	-78.1829	-78.1813	-78.18	-78.1791	-78.1786	-78.1785	-78.1788	-78.1796	-78.1808	-78.1826	-78.1848	-78.1876	-78.1909	-78.1948	-78.1994	-78.2047	-78.2108
4.01	-78.1854	-78.1851	-78.1879	-78.1921	-78.197	-78.202	-78.2067	-78.2109	-78.2146	-78.2177	-78.22	-78.2217	-78.2228	-78.2233	-78.2232	-78.2226	-78.2215	-78.2201	-78.2183	-78.2162	-78.2139	-78.2114	-78.2087	-78.206	-78.2032	-78.2005	-78.1977	-78.1951	-78.1926	-78.1902	-78.1881	-78.1862	-78.1846	-78.1834	-78.1824	-78.1819	-78.1818	-78.1821	-78.1829	-78.1842	-78.1859	-78.1881	-78.1909	-78.1942	-78.1981	-78.2027	-78.208	-78.2141
4.015	-78.1885	-78.1882	-78.191	-78.1952	-78.2001	-78.2051	-78.2098	-78.214	-78.2177	-78.2207	-78.2231	-78.2248	-78.2259	-78.2264	-78.2263	-78.2257	-78.2247	-78.2232	-78.2215	-78.2194	-78.2171	-78.2146	-78.212	-78.2092	-78.2065	-78.2037	-78.201	-78.1983	-78.1958	-78.1935	-78.1914	-78.1895	-78.1879	-78.1867	-78.1858	-78.1852	-78.1851	-78.1855	-78.1862	-78.1875	-78.1892	-78.1915	-78.1942	-78.1975	-78.2014	-78.206	-78.2113	-78.2173
4.02	-78.1915	-78.1913	-78.194	-78.1983	-78.2032	-78.2081	-78.2128	-78.2171	-78.2208	-78.2238	-78.2262	-78.2279	-78.229	-78.2295	-78.2294	-78.2288	-78.2278	-78.2264	-78.2246	-78.2225	-78.2202	-78.2178	-78.2151	-78.2124	-78.2097	-78.2069	-78.2042	-78.2016	-78.1991	-78.1968	-78.1947	-78.1928	-78.1912	-78.19	-78.1891	-78.1886	-78.1885	-78.1888	-78.1896	-78.1908	-78.1926	-78.1948	-78.1975	-78.2008	-78.2047	-78.2093	-78.2146	-78.2206
4.025	-78.1946	-78.1944	-78.1971	-78.2014	-78.2062	-78.2112	-78.2159	-78.2202	-78.2238	-78.2269	-78.2293	-78.231	-78.2321	-78.2325	-78.2325	-78.2319	-78.2309	-78.2295	-78.2277	-78.2257	-78.2234	-78.2209	-78.2183	-78.2156	-78.2129	-78.2101	-78.2075	-78.2048	-78.2024	-78.2001	-78.1979	-78.1961	-78.1945	-78.1933	-78.1924	-78.1919	-78.1918	-78.1921	-78.1929	-78.1941	-78.1959	-78.1981	-78.2008	-78.2041	-78.208	-78.2126	-78.2178	-78.2239
4.03	-78.1977	-78.1975	-78.2002	-78.2044	-78.2093	-78.2143	-78.219	-78.2232	-78.2269	-78.2299	-78.2323	-78.234	-78.2351	-78.2356	-78.2356	-78.235	-78.234	-78.2326	-78.2309	-78.2288	-78.2265	-78.2241	-78.2215	-78.2188	-78.2161	-78.2134	-78.2107	-78.2081	-78.2056	-78.2033	-78.2012	-78.1994	-78.1978	-78.1966	-78.1957	-78.1952	-78.1951	-78.1954	-78.1962	-78.1974	-78.1992	-78.2014	-78.2041	-78.2074	-78.2113	-78.2158	-78.2211	-78.2271
4.035	-78.2008	-78.2005	-78.2032	-78.2075	-78.2124	-78.2173	-78.222	-78.2263	-78.2299	-78.233	-78.2354	-78.2371	-78.2382	-78.2387	-78.2386	-78.2381	-78.2371	-78.2357	-78.234	-78.2319	-78.2297	-78.2272	-78.2247	-78.222	-78.2193	-78.2166	-78.2139	-78.2113	-78.2088	-78.2066	-78.2045	-78.2026	-78.2011	-78.1998	-78.199	-78.1985	-78.1984	-78.1987	-78.1995	-78.2007	-78.2024	-78.2047	-78.2074	-78.2107	-78.2146	-78.2191	-78.2243	-78.2303
4.04	-78.2038	-78.2036	-78.2063	-78.2105	-78.2154	-78.2204	-78.2251	-78.2293	-78.233	-78.236	-78.2384	-78.2401	-78.2412	-78.2418	-78.2417	-78.2412	-78.2402	-78.2388	-78.2371	-78.2351	-78.2328	-78.2304	-78.2278	-78.2252	-78.2225	-78.2197	-78.2171	-78.2145	-78.2121	-78.2098	-78.2077	-78.2059	-78.2043	-78.2031	-78.2022	-78.2017	-78.2016	-78.202	-78.2028	-78.204	-78.2057	-78.2079	-78.2107	-78.2139	-78.2178	-78.2223	-78.2276	-78.2335
4.045	-78.2068	-78.2066	-78.2093	-78.2136	-78.2184	-78.2234	-78.2281	-78.2323	-78.236	-78.2391	-78.2414	-78.2432	-78.2443	-78.2448	-78.2448	-78.2442	-78.2433	-78.2419	-78.2402	-78.2382	-78.2359	-78.2335	-78.231	-78.2283	-78.2256	-78.2229	-78.2203	-78.2177	-78.2153	-78.213	-78.2109	-78.2091	-78.2076	-78.2064	-78.2055	-78.205	-78.2049	-78.2052	-78.206	-78.2073	-78.209	-78.2112	-78.2139	-78.2172	-78.2211	-78.2256	-78.2308	-78.2368
4.05	-78.2099	-78.2097	-78.2124	-78.2166	-78.2215	-78.2264	-78.2311	-78.2354	-78.239	-78.2421	-78.2445	-78.2462	-78.2473	-78.2478	-78.2478	-78.2473	-78.2463	-78.245	-78.2433	-78.2413	-78.2391	-78.2366	-78.2341	-78.2315	-78.2288	-78.2261	-78.2235	-78.2209	-78.2185	-78.2162	-78.2142	-78.2124	-78.2108	-78.2096	-78.2087	-78.2083	-78.2082	-78.2085	-78.2093	-78.2105	-78.2122	-78.2144	-78.2172	-78.2204	-78.2243	-78.2288	-78.234	-78.24
4.055	-78.2129	-78.2127	-78.2154	-78.2196	-78.2245	-78.2294	-78.2341	-78.2384	-78.2421	-78.2451	-78.2475	-78.2492	-78.2504	-78.2509	-78.2509	-78.2504	-78.2494	-78.248	-78.2463	-78.2444	-78.2422	-78.2398	-78.2372	-78.2346	-78.2319	-78.2293	-78.2266	-78.2241	-78.2217	-78.2194	-78.2174	-78.2156	-78.2141	-78.2129	-78.212	-78.2115	-78.2114	-78.2118	-78.2125	-78.2138	-78.2155	-78.2177	-78.2204	-78.2237	-78.2275	-78.232	-78.2372	-78.2431
4.06	-78.2159	-78.2157	-78.2184	-78.2226	-78.2275	-78.2324	-78.2371	-78.2414	-78.2451	-78.2481	-78.2505	-78.2523	-78.2534	-78.2539	-78.2539	-78.2534	-78.2524	-78.2511	-78.2494	-78.2475	-78.2453	-78.2429	-78.2403	-78.2377	-78.2351	-78.2324	-78.2298	-78.2273	-78.2249	-78.2226	-78.2206	-78.2188	-78.2173	-78.2161	-78.2152	-78.2147	-78.2147	-78.215	-78.2158	-78.217	-78.2187	-78.2209	-78.2236	-78.2269	-78.2307	-78.2352	-78.2404	-78.2463
4.065	-78.2189	-78.2187	-78.2214	-78.2257	-78.2305	-78.2354	-78.2401	-78.2444	-78.2481	-78.2511	-78.2535	-78.2553	-78.2564	-78.2569	-78.2569	-78.2564	-78.2555	-78.2542	-78.2525	-78.2505	-78.2483	-78.246	-78.2435	-78.2409	-78.2382	-78.2356	-78.233	-78.2304	-78.228	-78.2258	-78.2238	-78.222	-78.2205	-78.2193	-78.2185	-78.218	-78.2179	-78.2182	-78.219	-78.2202	-78.222	-78.2241	-78.2268	-78.2301	-78.2339	-78.2384	-78.2436	-78.2495
4.07	-78.2219	-78.2217	-78.2244	-78.2287	-78.2335	-78.2384	-78.2431	-78.2474	-78.251	-78.2541	-78.2565	-78.2583	-78.2594	-78.2599	-78.2599	-78.2594	-78.2585	-78.2572	-78.2555	-78.2536	-78.2514	-78.2491	-78.2466	-78.244	-78.2413	-78.2387	-78.2361	-78.2336	-78.2312	-78.229	-78.227	-78.2252	-78.2237	-78.2225	-78.2217	-78.2212	-78.2211	-78.2215	-78.2222	-78.2235	-78.2252	-78.2274	-78.23	-78.2333	-78.2371	-78.2416	-78.2467	-78.2527
4.075	-78.2249	-78.2247	-78.2274	-78.2316	-78.2365	-78.2414	-78.2461	-78.2503	-78.254	-78.2571	-78.2595	-78.2612	-78.2624	-78.2629	-78.2629	-78.2625	-78.2615	-78.2602	-78.2586	-78.2566	-78.2545	-78.2521	-78.2496	-78.2471	-78.2444	-78.2418	-78.2392	-78.2367	-78.2344	-78.2322	-78.2301	-78.2284	-78.2269	-78.2257	-78.2249	-78.2244	-78.2243	-78.2247	-78.2254	-78.2267	-78.2284	-78.2306	-78.2332	-78.2365	-78.2403	-78.2448	-78.2499	-78.2558
4.08	-78.2279	-78.2277	-78.2304	-78.2346	-78.2395	-78.2444	-78.2491	-78.2533	-78.257	-78.26	-78.2625	-78.2642	-78.2654	-78.2659	-78.2659	-78.2655	-78.2646	-78.2633	-78.2616	-78.2597	-78.2575	-78.2552	-78.2527	-78.2502	-78.2476	-78.2449	-78.2424	-78.2399	-78.2375	-78.2353	-78.2333	-78.2316	-78.2301	-78.2289	-78.2281	-78.2276	-78.2275	-78.2279	-78.2286	-78.2299	-78.2316	-78.2337	-78.2364	-78.2397	-78.2435	-78.2479	-78.2531	-78.2589
4.085	-78.2309	-78.2307	-78.2334	-78.2376	-78.2424	-78.2474	-78.252	-78.2563	-78.26	-78.263	-78.2654	-78.2672	-78.2683	-78.2689	-78.2689	-78.2685	-78.2676	-78.2663	-78.2646	-78.2627	-78.2606	-78.2583	-78.2558	-78.2532	-78.2506	-78.248	-78.2455	-78.243	-78.2407	-78.2385	-78.2365	-78.2347	-78.2332	-78.2321	-78.2312	-78.2308	-78.2307	-78.2311	-78.2318	-78.2331	-78.2348	-78.2369	-78.2396	-78.2428	-78.2466	-78.2511	-78.2562	-78.2621
4.09	-78.2339	-78.2337	-78.2364	-78.2406	-78.2454	-78.2503	-78.255	-78.2592	-78.2629	-78.266	-78.2684	-78.2702	-78.2713	-78.2719	-78.2719	-78.2715	-78.2706	-78.2693	-78.2677	-78.2658	-78.2636	-78.2613	-78.2589	-78.2563	-78.2537	-78.2511	-78.2486	-78.2461	-78.2438	-78.2416	-78.2396	-78.2379	-78.2364	-78.2352	-78.2344	-78.234	-78.2339	-78.2342	-78.235	-78.2363	-78.2379	-78.2401	-78.2428	-78.246	-78.2498	-78.2542	-78.2593	-78.2652
4.095	-78.2368	-78.2366	-78.2393	-78.2435	-78.2484	-78.2533	-78.2579	-78.2622	-78.2659	-78.2689	-78.2713	-78.2731	-78.2743	-78.2749	-78.2749	-78.2744	-78.2736	-78.2723	-78.2707	-78.2688	-78.2667	-78.2644	-78.2619	-78.2594	-78.2568	-78.2542	-78.2517	-78.2492	-78.2469	-78.2447	-78.2428	-78.241	-78.2396	-78.2384	-78.2376	-78.2371	-78.2371	-78.2374	-78.2382	-78.2394	-78.2411	-78.2433	-78.2459	-78.2491	-78.2529	-78.2573	-78.2625	-78.2683
4.1	-78.2398	-78.2396	-78.2423	-78.2465	-78.2513	-78.2562	-78.2609	-78.2651	-78.2688	-78.2719	-78.2743	-78.2761	-78.2772	-78.2778	-78.2779	-78.2774	-78.2765	-78.2753	-78.2737	-78.2718	-78.2697	-78.2674	-78.265	-78.2624	-78.2599	-78.2573	-78.2548	-78.2523	-78.25	-78.2479	-78.2459	-78.2442	-78.2427	-78.2416	-78.2407	-78.2403	-78.2402	-78.2406	-78.2414	-78.2426	-78.2443	-78.2464	-78.2491	-78.2523	-78.2561	-78.2605	-78.2656	-78.2714
4.105	-78.2427	-78.2425	-78.2452	-78.2494	-78.2542	-78.2592	-78.2638	-78.2681	-78.2717	-78.2748	-78.2772	-78.279	-78.2802	-78.2808	-78.2808	-78.2804	-78.2795	-78.2783	-78.2767	-78.2748	-78.2727	-78.2704	-78.268	-78.2655	-78.2629	-78.2604	-78.2579	-78.2554	-78.2531	-78.251	-78.249	-78.2473	-78.2458	-78.2447	-78.2439	-78.2434	-78.2434	-78.2437	-78.2445	-78.2457	-78.2474	-78.2496	-78.2522	-78.2554	-78.2592	-78.2636	-78.2687	-78.2745
4.11	-78.2457	-78.2455	-78.2482	-78.2524	-78.2572	-78.2621	-78.2667	-78.271	-78.2747	-78.2777	-78.2802	-78.2819	-78.2831	-78.2837	-78.2838	-78.2833	-78.2825	-78.2812	-78.2797	-78.2778	-78.2757	-78.2734	-78.271	-78.2685	-78.266	-78.2635	-78.2609	-78.2585	-78.2562	-78.2541	-78.2521	-78.2504	-78.249	-78.2478	-78.247	-78.2466	-78.2465	-78.2469	-78.2477	-78.2489	-78.2505	-78.2527	-78.2554	-78.2585	-78.2623	-78.2667	-78.2718	-78.2776
4.115	-78.2486	-78.2484	-78.2511	-78.2553	-78.2601	-78.265	-78.2697	-78.2739	-78.2776	-78.2806	-78.2831	-78.2849	-78.286	-78.2866	-78.2867	-78.2863	-78.2854	-78.2842	-78.2826	-78.2808	-78.2787	-78.2765	-78.2741	-78.2716	-78.269	-78.2665	-78.264	-78.2616	-78.2593	-78.2572	-78.2552	-78.2535	-78.2521	-78.251	-78.2502	-78.2497	-78.2497	-78.25	-78.2508	-78.252	-78.2537	-78.2558	-78.2585	-78.2616	-78.2654	-78.2698	-78.2749	-78.2807
4.12	-78.2515	-78.2513	-78.254	-78.2582	-78.263	-78.2679	-78.2726	-78.2768	-78.2805	-78.2836	-78.286	-78.2878	-78.289	-78.2896	-78.2896	-78.2892	-78.2884	-78.2872	-78.2856	-78.2838	-78.2817	-78.2794	-78.2771	-78.2746	-78.2721	-78.2695	-78.2671	-78.2647	-78.2624	-78.2603	-78.2583	-78.2566	-78.2552	-78.2541	-78.2533	-78.2528	-78.2528	-78.2531	-78.2539	-78.2551	-78.2568	-78.2589	-78.2616	-78.2647	-78.2685	-78.2729	-78.2779	-78.2837
4.125	-78.2544	-78.2543	-78.2569	-78.2611	-78.2659	-78.2708	-78.2755	-78.2797	-78.2834	-78.2865	-78.2889	-78.2907	-78.2919	-78.2925	-78.2926	-78.2922	-78.2913	-78.2901	-78.2886	-78.2867	-78.2847	-78.2824	-78.2801	-78.2776	-78.2751	-78.2726	-78.2701	-78.2677	-78.2654	-78.2633	-78.2614	-78.2597	-78.2583	-78.2572	-78.2564	-78.256	-78.2559	-78.2562	-78.257	-78.2582	-78.2599	-78.2621	-78.2647	-78.2678	-78.2716	-78.2759	-78.281	-78.2868
4.13	-78.2574	-78.2572	-78.2598	-78.264	-78.2688	-78.2737	-78.2784	-78.2826	-78.2863	-78.2894	-78.2918	-78.2936	-78.2948	-78.2954	-78.2955	-78.2951	-78.2943	-78.2931	-78.2915	-78.2897	-78.2877	-78.2854	-78.2831	-78.2806	-78.2781	-78.2756	-78.2731	-78.2708	-78.2685	-78.2664	-78.2645	-78.2628	-78.2614	-78.2603	-78.2595	-78.259	-78.259	-78.2594	-78.2601	-78.2613	-78.263	-78.2651	-78.2678	-78.2709	-78.2747	-78.279	-78.2841	-78.2898
4.135	-78.2603	-78.2601	-78.2627	-78.2669	-78.2717	-78.2766	-78.2813	-78.2855	-78.2892	-78.2922	-78.2947	-78.2965	-78.2977	-78.2983	-78.2984	-78.298	-78.2972	-78.296	-78.2945	-78.2927	-78.2906	-78.2884	-78.286	-78.2836	-78.2811	-78.2786	-78.2762	-78.2738	-78.2716	-78.2695	-78.2675	-78.2659	-78.2645	-78.2634	-78.2626	-78.2621	-78.2621	-78.2625	-78.2632	-78.2644	-78.2661	-78.2682	-78.2709	-78.274	-78.2777	-78.2821	-78.2871	-78.2929
4.14	-78.2632	-78.263	-78.2656	-78.2698	-78.2746	-78.2795	-78.2841	-78.2884	-78.292	-78.2951	-78.2976	-78.2994	-78.3006	-78.3012	-78.3013	-78.3009	-78.3001	-78.2989	-78.2974	-78.2956	-78.2936	-78.2914	-78.289	-78.2866	-78.2841	-78.2816	-78.2792	-78.2768	-78.2746	-78.2725	-78.2706	-78.2689	-78.2675	-78.2664	-78.2657	-78.2652	-78.2652	-78.2655	-78.2663	-78.2675	-78.2692	-78.2713	-78.2739	-78.2771	-78.2808	-78.2851	-78.2901	-78.2959
4.145	-78.266	-78.2658	-78.2685	-78.2727	-78.2775	-78.2824	-78.287	-78.2912	-78.2949	-78.298	-78.3004	-78.3022	-78.3034	-78.3041	-78.3042	-78.3038	-78.303	-78.3018	-78.3003	-78.2985	-78.2965	-78.2943	-78.292	-78.2896	-78.2871	-78.2846	-78.2822	-78.2799	-78.2776	-78.2755	-78.2737	-78.272	-78.2706	-78.2695	-78.2687	-78.2683	-78.2683	-78.2686	-78.2694	-78.2706	-78.2723	-78.2744	-78.277	-78.2801	-78.2838	-78.2882	-78.2932	-78.2989
4.15	-78.2689	-78.2687	-78.2714	-78.2756	-78.2803	-78.2852	-78.2899	-78.2941	-78.2978	-78.3008	-78.3033	-78.3051	-78.3063	-78.307	-78.3071	-78.3067	-78.3059	-78.3047	-78.3032	-78.3015	-78.2995	-78.2973	-78.295	-78.2925	-78.2901	-78.2876	-78.2852	-78.2829	-78.2806	-78.2786	-78.2767	-78.275	-78.2737	-78.2726	-78.2718	-78.2714	-78.2713	-78.2717	-78.2725	-78.2737	-78.2753	-78.2774	-78.28	-78.2832	-78.2869	-78.2912	-78.2962	-78.3019
4.155	-78.2718	-78.2716	-78.2743	-78.2784	-78.2832	-78.2881	-78.2927	-78.297	-78.3006	-78.3037	-78.3062	-78.308	-78.3092	-78.3098	-78.31	-78.3096	-78.3088	-78.3076	-78.3062	-78.3044	-78.3024	-78.3002	-78.2979	-78.2955	-78.2931	-78.2906	-78.2882	-78.2859	-78.2837	-78.2816	-78.2797	-78.2781	-78.2767	-78.2756	-78.2748	-78.2744	-78.2744	-78.2748	-78.2755	-78.2767	-78.2784	-78.2805	-78.2831	-78.2862	-78.2899	-78.2942	-78.2992	-78.3049
4.16	-78.2747	-78.2745	-78.2771	-78.2813	-78.2861	-78.2909	-78.2956	-78.2998	-78.3035	-78.3066	-78.309	-78.3108	-78.312	-78.3127	-78.3128	-78.3125	-78.3117	-78.3105	-78.3091	-78.3073	-78.3053	-78.3032	-78.3009	-78.2985	-78.296	-78.2936	-78.2912	-78.2889	-78.2867	-78.2846	-78.2827	-78.2811	-78.2797	-78.2787	-78.2779	-78.2775	-78.2774	-78.2778	-78.2786	-78.2798	-78.2814	-78.2835	-78.2861	-78.2892	-78.2929	-78.2972	-78.3022	-78.3079
4.165	-78.2775	-78.2773	-78.28	-78.2841	-78.2889	-78.2938	-78.2984	-78.3026	-78.3063	-78.3094	-78.3118	-78.3137	-78.3149	-78.3156	-78.3157	-78.3153	-78.3146	-78.3134	-78.312	-78.3102	-78.3082	-78.3061	-78.3038	-78.3014	-78.299	-78.2966	-78.2942	-78.2919	-78.2897	-78.2876	-78.2858	-78.2841	-78.2828	-78.2817	-78.2809	-78.2805	-78.2805	-78.2808	-78.2816	-78.2828	-78.2845	-78.2866	-78.2892	-78.2923	-78.2959	-78.3002	-78.3052	-78.3109
4.17	-78.2803	-78.2802	-78.2828	-78.287	-78.2918	-78.2966	-78.3013	-78.3055	-78.3092	-78.3122	-78.3147	-78.3165	-78.3177	-78.3184	-78.3185	-78.3182	-78.3175	-78.3163	-78.3148	-78.3131	-78.3111	-78.309	-78.3067	-78.3044	-78.3019	-78.2995	-78.2971	-78.2948	-78.2926	-78.2906	-78.2888	-78.2871	-78.2858	-78.2847	-78.284	-78.2836	-78.2835	-78.2839	-78.2847	-78.2859	-78.2875	-78.2896	-78.2922	-78.2953	-78.2989	-78.3032	-78.3082	-78.3139
4.175	-78.2832	-78.283	-78.2857	-78.2898	-78.2946	-78.2994	-78.3041	-78.3083	-78.312	-78.3151	-78.3175	-78.3193	-78.3206	-78.3212	-78.3214	-78.3211	-78.3203	-78.3192	-78.3177	-78.316	-78.314	-78.3119	-78.3096	-78.3073	-78.3049	-78.3025	-78.3001	-78.2978	-78.2956	-78.2936	-78.2918	-78.2901	-78.2888	-78.2877	-78.287	-78.2866	-78.2865	-78.2869	-78.2877	-78.2889	-78.2905	-78.2926	-78.2952	-78.2983	-78.3019	-78.3062	-78.3112	-78.3168
4.18	-78.286	-78.2858	-78.2885	-78.2926	-78.2974	-78.3023	-78.3069	-78.3111	-78.3148	-78.3179	-78.3203	-78.3222	-78.3234	-78.3241	-78.3242	-78.3239	-78.3232	-78.322	-78.3206	-78.3189	-78.3169	-78.3148	-78.3126	-78.3102	-78.3078	-78.3054	-78.3031	-78.3008	-78.2986	-78.2966	-78.2948	-78.2931	-78.2918	-78.2907	-78.29	-78.2896	-78.2896	-78.2899	-78.2907	-78.2919	-78.2935	-78.2956	-78.2982	-78.3013	-78.3049	-78.3092	-78.3141	-78.3198
4.185	-78.2889	-78.2887	-78.2913	-78.2955	-78.3002	-78.3051	-78.3097	-78.3139	-78.3176	-78.3207	-78.3231	-78.325	-78.3262	-78.3269	-78.3271	-78.3268	-78.326	-78.3249	-78.3235	-78.3218	-78.3198	-78.3177	-78.3155	-78.3131	-78.3107	-78.3084	-78.306	-78.3037	-78.3016	-78.2996	-78.2977	-78.2961	-78.2948	-78.2937	-78.293	-78.2926	-78.2926	-78.2929	-78.2937	-78.2949	-78.2965	-78.2986	-78.3012	-78.3043	-78.3079	-78.3121	-78.3171	-78.3227
4.19	-78.2917	-78.2915	-78.2941	-78.2983	-78.303	-78.3079	-78.3125	-78.3167	-78.3204	-78.3235	-78.3259	-78.3278	-78.329	-78.3297	-78.3299	-78.3296	-78.3288	-78.3278	-78.3263	-78.3246	-78.3227	-78.3206	-78.3184	-78.316	-78.3137	-78.3113	-78.3089	-78.3067	-78.3045	-78.3025	-78.3007	-78.2991	-78.2978	-78.2967	-78.296	-78.2956	-78.2956	-78.2959	-78.2967	-78.2979	-78.2995	-78.3016	-78.3042	-78.3072	-78.3109	-78.3151	-78.32	-78.3257
4.195	-78.2945	-78.2943	-78.297	-78.3011	-78.3058	-78.3107	-78.3153	-78.3195	-78.3232	-78.3263	-78.3287	-78.3306	-78.3318	-78.3325	-78.3327	-78.3324	-78.3317	-78.3306	-78.3292	-78.3275	-78.3256	-78.3235	-78.3212	-78.3189	-78.3166	-78.3142	-78.3119	-78.3096	-78.3075	-78.3055	-78.3037	-78.3021	-78.3007	-78.2997	-78.299	-78.2986	-78.2986	-78.2989	-78.2997	-78.3009	-78.3025	-78.3046	-78.3071	-78.3102	-78.3138	-78.3181	-78.323	-78.3286
4.2	-78.2973	-78.2971	-78.2998	-78.3039	-78.3086	-78.3135	-78.3181	-78.3223	-78.326	-78.3291	-78.3315	-78.3334	-78.3346	-78.3353	-78.3355	-78.3352	-78.3345	-78.3334	-78.332	-78.3303	-78.3284	-78.3263	-78.3241	-78.3218	-78.3195	-78.3171	-78.3148	-78.3125	-78.3104	-78.3084	-78.3066	-78.305	-78.3037	-78.3027	-78.3019	-78.3016	-78.3015	-78.3019	-78.3027	-78.3039	-78.3055	-78.3075	-78.3101	-78.3131	-78.3168	-78.321	-78.3259	-78.3315
4.205	-78.3001	-78.2999	-78.3026	-78.3067	-78.3114	-78.3163	-78.3209	-78.3251	-78.3288	-78.3318	-78.3343	-78.3362	-78.3374	-78.3381	-78.3383	-78.338	-78.3373	-78.3363	-78.3348	-78.3332	-78.3313	-78.3292	-78.327	-78.3247	-78.3224	-78.32	-78.3177	-78.3155	-78.3133	-78.3114	-78.3096	-78.308	-78.3067	-78.3056	-78.3049	-78.3045	-78.3045	-78.3049	-78.3056	-78.3068	-78.3084	-78.3105	-78.3131	-78.3161	-78.3197	-78.3239	-78.3288	-78.3344
4.21	-78.3029	-78.3027	-78.3053	-78.3095	-78.3142	-78.319	-78.3237	-78.3279	-78.3315	-78.3346	-78.3371	-78.339	-78.3402	-78.3409	-78.3411	-78.3408	-78.3401	-78.3391	-78.3377	-78.336	-78.3341	-78.3321	-78.3299	-78.3276	-78.3252	-78.3229	-78.3206	-78.3184	-78.3163	-78.3143	-78.3125	-78.3109	-78.3096	-78.3086	-78.3079	-78.3075	-78.3075	-78.3078	-78.3086	-78.3098	-78.3114	-78.3135	-78.316	-78.319	-78.3226	-78.3269	-78.3317	-78.3373
4.215	-78.3057	-78.3055	-78.3081	-78.3122	-78.317	-78.3218	-78.3264	-78.3306	-78.3343	-78.3374	-78.3399	-78.3417	-78.343	-78.3437	-78.3439	-78.3436	-78.3429	-78.3419	-78.3405	-78.3388	-78.337	-78.3349	-78.3327	-78.3304	-78.3281	-78.3258	-78.3235	-78.3213	-78.3192	-78.3172	-78.3154	-78.3139	-78.3126	-78.3115	-78.3108	-78.3104	-78.3104	-78.3108	-78.3116	-78.3127	-78.3144	-78.3164	-78.3189	-78.322	-78.3256	-78.3298	-78.3347	-78.3402
4.22	-78.3084	-78.3083	-78.3109	-78.315	-78.3198	-78.3246	-78.3292	-78.3334	-78.3371	-78.3401	-78.3426	-78.3445	-78.3458	-78.3465	-78.3467	-78.3464	-78.3457	-78.3447	-78.3433	-78.3417	-78.3398	-78.3377	-78.3356	-78.3333	-78.331	-78.3287	-78.3264	-78.3242	-78.3221	-78.3201	-78.3184	-78.3168	-78.3155	-78.3145	-78.3138	-78.3134	-78.3134	-78.3137	-78.3145	-78.3157	-78.3173	-78.3194	-78.3219	-78.3249	-78.3285	-78.3327	-78.3376	-78.3431
4.225	-78.3112	-78.311	-78.3137	-78.3178	-78.3225	-78.3273	-78.3319	-78.3361	-78.3398	-78.3429	-78.3454	-78.3472	-78.3485	-78.3492	-78.3494	-78.3492	-78.3485	-78.3475	-78.3461	-78.3445	-78.3426	-78.3406	-78.3384	-78.3362	-78.3339	-78.3315	-78.3293	-78.3271	-78.325	-78.323	-78.3213	-78.3197	-78.3184	-78.3174	-78.3167	-78.3163	-78.3163	-78.3167	-78.3175	-78.3186	-78.3202	-78.3223	-78.3248	-78.3278	-78.3314	-78.3356	-78.3404	-78.346
4.23	-78.314	-78.3138	-78.3164	-78.3205	-78.3253	-78.3301	-78.3347	-78.3389	-78.3426	-78.3456	-78.3481	-78.35	-78.3513	-78.352	-78.3522	-78.352	-78.3513	-78.3503	-78.3489	-78.3473	-78.3454	-78.3434	-78.3412	-78.339	-78.3367	-78.3344	-78.3321	-78.3299	-78.3279	-78.3259	-78.3242	-78.3226	-78.3213	-78.3203	-78.3196	-78.3193	-78.3192	-78.3196	-78.3204	-78.3216	-78.3232	-78.3252	-78.3277	-78.3307	-78.3343	-78.3385	-78.3433	-78.3489
4.235	-78.3167	-78.3166	-78.3192	-78.3233	-78.328	-78.3328	-78.3374	-78.3416	-78.3453	-78.3484	-78.3509	-78.3527	-78.354	-78.3548	-78.355	-78.3547	-78.3541	-78.353	-78.3517	-78.3501	-78.3482	-78.3462	-78.3441	-78.3418	-78.3396	-78.3373	-78.335	-78.3328	-78.3307	-78.3288	-78.3271	-78.3255	-78.3242	-78.3232	-78.3225	-78.3222	-78.3222	-78.3225	-78.3233	-78.3245	-78.3261	-78.3281	-78.3306	-78.3336	-78.3372	-78.3414	-78.3462	-78.3517
4.24	-78.3195	-78.3193	-78.3219	-78.326	-78.3308	-78.3356	-78.3402	-78.3444	-78.348	-78.3511	-78.3536	-78.3555	-78.3568	-78.3575	-78.3577	-78.3575	-78.3568	-78.3558	-78.3545	-78.3529	-78.351	-78.349	-78.3469	-78.3447	-78.3424	-78.3401	-78.3379	-78.3357	-78.3336	-78.3317	-78.33	-78.3284	-78.3271	-78.3261	-78.3255	-78.3251	-78.3251	-78.3254	-78.3262	-78.3274	-78.329	-78.331	-78.3335	-78.3365	-78.3401	-78.3442	-78.3491	-78.3546
4.245	-78.3222	-78.322	-78.3247	-78.3288	-78.3335	-78.3383	-78.3429	-78.3471	-78.3508	-78.3538	-78.3563	-78.3582	-78.3595	-78.3602	-78.3605	-78.3602	-78.3596	-78.3586	-78.3572	-78.3556	-78.3538	-78.3518	-78.3497	-78.3475	-78.3452	-78.3429	-78.3407	-78.3385	-78.3365	-78.3346	-78.3328	-78.3313	-78.33	-78.329	-78.3284	-78.328	-78.328	-78.3284	-78.3291	-78.3303	-78.3319	-78.3339	-78.3364	-78.3394	-78.3429	-78.3471	-78.3519	-78.3574
4.25	-78.325	-78.3248	-78.3274	-78.3315	-78.3362	-78.341	-78.3456	-78.3498	-78.3535	-78.3566	-78.359	-78.3609	-78.3622	-78.363	-78.3632	-78.363	-78.3623	-78.3613	-78.36	-78.3584	-78.3566	-78.3546	-78.3525	-78.3503	-78.348	-78.3458	-78.3436	-78.3414	-78.3393	-78.3374	-78.3357	-78.3342	-78.3329	-78.3319	-78.3312	-78.3309	-78.3309	-78.3313	-78.332	-78.3332	-78.3348	-78.3368	-78.3393	-78.3423	-78.3458	-78.35	-78.3548	-78.3603
4.255	-78.3277	-78.3275	-78.3301	-78.3342	-78.3389	-78.3437	-78.3483	-78.3525	-78.3562	-78.3593	-78.3618	-78.3636	-78.3649	-78.3657	-78.3659	-78.3657	-78.3651	-78.3641	-78.3628	-78.3612	-78.3594	-78.3574	-78.3553	-78.3531	-78.3509	-78.3486	-78.3464	-78.3442	-78.3422	-78.3403	-78.3386	-78.3371	-78.3358	-78.3348	-78.3341	-78.3338	-78.3338	-78.3341	-78.3349	-78.3361	-78.3377	-78.3397	-78.3422	-78.3451	-78.3487	-78.3528	-78.3576	-78.3631
4.26	-78.3304	-78.3302	-78.3328	-78.3369	-78.3416	-78.3464	-78.351	-78.3552	-78.3589	-78.362	-78.3645	-78.3663	-78.3676	-78.3684	-78.3687	-78.3684	-78.3678	-78.3668	-78.3655	-78.364	-78.3622	-78.3602	-78.3581	-78.3559	-78.3537	-78.3514	-78.3492	-78.3471	-78.345	-78.3431	-78.3414	-78.3399	-78.3387	-78.3377	-78.337	-78.3367	-78.3367	-78.337	-78.3378	-78.3389	-78.3405	-78.3425	-78.345	-78.348	-78.3515	-78.3556	-78.3604	-78.3659
4.265	-78.3331	-78.3329	-78.3356	-78.3396	-78.3443	-78.3491	-78.3537	-78.3579	-78.3616	-78.3647	-78.3672	-78.369	-78.3704	-78.3711	-78.3714	-78.3712	-78.3705	-78.3696	-78.3683	-78.3667	-78.3649	-78.363	-78.3609	-78.3587	-78.3565	-78.3542	-78.352	-78.3499	-78.3479	-78.346	-78.3443	-78.3428	-78.3415	-78.3406	-78.3399	-78.3395	-78.3395	-78.3399	-78.3407	-78.3418	-78.3434	-78.3454	-78.3479	-78.3508	-78.3544	-78.3585	-78.3633	-78.3687
4.27	-78.3358	-78.3356	-78.3383	-78.3423	-78.347	-78.3518	-78.3564	-78.3606	-78.3643	-78.3674	-78.3699	-78.3717	-78.373	-78.3738	-78.3741	-78.3739	-78.3733	-78.3723	-78.371	-78.3694	-78.3677	-78.3657	-78.3636	-78.3615	-78.3593	-78.357	-78.3548	-78.3527	-78.3507	-78.3488	-78.3471	-78.3456	-78.3444	-78.3434	-78.3427	-78.3424	-78.3424	-78.3428	-78.3435	-78.3447	-78.3463	-78.3483	-78.3507	-78.3537	-78.3572	-78.3613	-78.3661	-78.3716
4.275	-78.3385	-78.3383	-78.341	-78.345	-78.3497	-78.3545	-78.3591	-78.3633	-78.367	-78.37	-78.3725	-78.3744	-78.3757	-78.3765	-78.3768	-78.3766	-78.376	-78.375	-78.3737	-78.3722	-78.3704	-78.3685	-78.3664	-78.3642	-78.362	-78.3598	-78.3576	-78.3555	-78.3535	-78.3516	-78.35	-78.3485	-78.3472	-78.3463	-78.3456	-78.3452	-78.3452	-78.3456	-78.3464	-78.3475	-78.3491	-78.3511	-78.3536	-78.3565	-78.36	-78.3641	-78.3689	-78.3744
4.28	-78.3412	-78.341	-78.3437	-78.3477	-78.3524	-78.3572	-78.3618	-78.366	-78.3696	-78.3727	-78.3752	-78.3771	-78.3784	-78.3792	-78.3795	-78.3793	-78.3787	-78.3777	-78.3765	-78.3749	-78.3732	-78.3712	-78.3692	-78.367	-78.3648	-78.3626	-78.3604	-78.3583	-78.3563	-78.3545	-78.3528	-78.3513	-78.3501	-78.3491	-78.3484	-78.3481	-78.3481	-78.3485	-78.3492	-78.3504	-78.3519	-78.3539	-78.3564	-78.3593	-78.3628	-78.3669	-78.3717	-78.3771
4.285	-78.3439	-78.3437	-78.3463	-78.3504	-78.3551	-78.3599	-78.3645	-78.3686	-78.3723	-78.3754	-78.3779	-78.3798	-78.3811	-78.3819	-78.3822	-78.382	-78.3814	-78.3804	-78.3792	-78.3776	-78.3759	-78.374	-78.3719	-78.3698	-78.3676	-78.3654	-78.3632	-78.3611	-78.3591	-78.3573	-78.3556	-78.3541	-78.3529	-78.3519	-78.3513	-78.3509	-78.3509	-78.3513	-78.3521	-78.3532	-78.3548	-78.3568	-78.3592	-78.3622	-78.3656	-78.3697	-78.3745	-78.3799
4.29	-78.3466	-78.3464	-78.349	-78.3531	-78.3578	-78.3625	-78.3671	-78.3713	-78.375	-78.3781	-78.3805	-78.3824	-78.3838	-78.3846	-78.3848	-78.3847	-78.3841	-78.3831	-78.3819	-78.3804	-78.3786	-78.3767	-78.3747	-78.3725	-78.3703	-78.3682	-78.366	-78.3639	-78.3619	-78.3601	-78.3584	-78.3569	-78.3557	-78.3548	-78.3541	-78.3538	-78.3538	-78.3541	-78.3549	-78.356	-78.3576	-78.3596	-78.362	-78.365	-78.3684	-78.3725	-78.3773	-78.3827
4.295	-78.3493	-78.3491	-78.3517	-78.3558	-78.3604	-78.3652	-78.3698	-78.374	-78.3776	-78.3807	-78.3832	-78.3851	-78.3864	-78.3872	-78.3875	-78.3873	-78.3868	-78.3858	-78.3846	-78.3831	-78.3813	-78.3794	-78.3774	-78.3753	-78.3731	-78.3709	-78.3688	-78.3667	-78.3647	-78.3629	-78.3612	-78.3598	-78.3585	-78.3576	-78.3569	-78.3566	-78.3566	-78.357	-78.3577	-78.3589	-78.3604	-78.3624	-78.3648	-78.3678	-78.3712	-78.3753	-78.38	-78.3855
4.3	-78.3519	-78.3518	-78.3544	-78.3584	-78.3631	-78.3679	-78.3724	-78.3766	-78.3803	-78.3834	-78.3858	-78.3878	-78.3891	-78.3899	-78.3902	-78.39	-78.3895	-78.3885	-78.3873	-78.3858	-78.384	-78.3822	-78.3801	-78.378	-78.3758	-78.3737	-78.3715	-78.3695	-78.3675	-78.3657	-78.364	-78.3626	-78.3613	-78.3604	-78.3597	-78.3594	-78.3594	-78.3598	-78.3605	-78.3617	-78.3632	-78.3652	-78.3676	-78.3706	-78.374	-78.3781	-78.3828	-78.3882
4.305	-78.3546	-78.3544	-78.357	-78.3611	-78.3657	-78.3705	-78.3751	-78.3792	-78.3829	-78.386	-78.3885	-78.3904	-78.3917	-78.3925	-78.3928	-78.3927	-78.3921	-78.3912	-78.39	-78.3885	-78.3868	-78.3849	-78.3829	-78.3807	-78.3786	-78.3764	-78.3743	-78.3722	-78.3703	-78.3684	-78.3668	-78.3653	-78.3641	-78.3632	-78.3625	-78.3622	-78.3622	-78.3626	-78.3633	-78.3645	-78.366	-78.368	-78.3704	-78.3734	-78.3768	-78.3809	-78.3856	-78.391
4.31	-78.3572	-78.3571	-78.3597	-78.3637	-78.3684	-78.3732	-78.3777	-78.3819	-78.3855	-78.3886	-78.3911	-78.393	-78.3944	-78.3952	-78.3955	-78.3953	-78.3948	-78.3939	-78.3926	-78.3912	-78.3895	-78.3876	-78.3856	-78.3835	-78.3813	-78.3792	-78.377	-78.375	-78.373	-78.3712	-78.3696	-78.3681	-78.3669	-78.366	-78.3653	-78.365	-78.365	-78.3654	-78.3661	-78.3673	-78.3688	-78.3708	-78.3732	-78.3761	-78.3796	-78.3836	-78.3883	-78.3937
4.315	-78.3599	-78.3597	-78.3623	-78.3664	-78.371	-78.3758	-78.3803	-78.3845	-78.3882	-78.3913	-78.3938	-78.3957	-78.397	-78.3978	-78.3981	-78.398	-78.3974	-78.3965	-78.3953	-78.3938	-78.3921	-78.3903	-78.3883	-78.3862	-78.384	-78.3819	-78.3798	-78.3777	-78.3758	-78.374	-78.3723	-78.3709	-78.3697	-78.3688	-78.3681	-78.3678	-78.3678	-78.3682	-78.3689	-78.3701	-78.3716	-78.3736	-78.376	-78.3789	-78.3823	-78.3864	-78.3911	-78.3964
4.32	-78.3625	-78.3624	-78.3649	-78.369	-78.3737	-78.3784	-78.383	-78.3871	-78.3908	-78.3939	-78.3964	-78.3983	-78.3996	-78.4005	-78.4008	-78.4006	-78.4001	-78.3992	-78.398	-78.3965	-78.3948	-78.393	-78.391	-78.3889	-78.3868	-78.3846	-78.3825	-78.3805	-78.3785	-78.3767	-78.3751	-78.3737	-78.3725	-78.3716	-78.3709	-78.3706	-78.3706	-78.371	-78.3717	-78.3729	-78.3744	-78.3764	-78.3788	-78.3817	-78.3851	-78.3891	-78.3938	-78.3992
4.325	-78.3652	-78.365	-78.3676	-78.3716	-78.3763	-78.381	-78.3856	-78.3897	-78.3934	-78.3965	-78.399	-78.4009	-78.4023	-78.4031	-78.4034	-78.4033	-78.4027	-78.4018	-78.4007	-78.3992	-78.3975	-78.3956	-78.3937	-78.3916	-78.3895	-78.3874	-78.3852	-78.3832	-78.3813	-78.3795	-78.3779	-78.3764	-78.3753	-78.3743	-78.3737	-78.3734	-78.3734	-78.3738	-78.3745	-78.3756	-78.3772	-78.3791	-78.3815	-78.3844	-78.3878	-78.3919	-78.3965	-78.4019
4.33	-78.3678	-78.3676	-78.3702	-78.3743	-78.3789	-78.3837	-78.3882	-78.3924	-78.396	-78.3991	-78.4016	-78.4035	-78.4049	-78.4057	-78.406	-78.4059	-78.4054	-78.4045	-78.4033	-78.4018	-78.4002	-78.3983	-78.3964	-78.3943	-78.3922	-78.3901	-78.388	-78.3859	-78.384	-78.3822	-78.3806	-78.3792	-78.378	-78.3771	-78.3765	-78.3761	-78.3762	-78.3765	-78.3773	-78.3784	-78.3799	-78.3819	-78.3843	-78.3872	-78.3906	-78.3946	-78.3993	-78.4046
4.335	-78.3704	-78.3702	-78.3728	-78.3769	-78.3815	-78.3863	-78.3908	-78.395	-78.3986	-78.4017	-78.4042	-78.4061	-78.4075	-78.4083	-78.4087	-78.4085	-78.408	-78.4071	-78.4059	-78.4045	-78.4028	-78.401	-78.399	-78.397	-78.3949	-78.3928	-78.3907	-78.3887	-78.3867	-78.385	-78.3834	-78.382	-78.3808	-78.3799	-78.3792	-78.3789	-78.3789	-78.3793	-78.38	-78.3812	-78.3827	-78.3846	-78.387	-78.3899	-78.3933	-78.3973	-78.402	-78.4073
4.34	-78.373	-78.3729	-78.3754	-78.3795	-78.3841	-78.3889	-78.3934	-78.3976	-78.4012	-78.4043	-78.4068	-78.4087	-78.4101	-78.4109	-78.4113	-78.4111	-78.4106	-78.4098	-78.4086	-78.4071	-78.4055	-78.4037	-78.4017	-78.3997	-78.3976	-78.3955	-78.3934	-78.3914	-78.3895	-78.3877	-78.3861	-78.3847	-78.3835	-78.3826	-78.382	-78.3817	-78.3817	-78.382	-78.3828	-78.3839	-78.3854	-78.3874	-78.3898	-78.3926	-78.396	-78.4	-78.4047	-78.41
4.345	-78.3756	-78.3755	-78.378	-78.3821	-78.3867	-78.3915	-78.396	-78.4002	-78.4038	-78.4069	-78.4094	-78.4113	-78.4127	-78.4135	-78.4139	-78.4138	-78.4133	-78.4124	-78.4112	-78.4098	-78.4081	-78.4063	-78.4044	-78.4023	-78.4003	-78.3982	-78.3961	-78.3941	-78.3922	-78.3904	-78.3888	-78.3874	-78.3863	-78.3853	-78.3847	-78.3844	-78.3844	-78.3848	-78.3855	-78.3867	-78.3882	-78.3901	-78.3925	-78.3954	-78.3988	-78.4027	-78.4074	-78.4127
4.35	-78.3782	-78.3781	-78.3806	-78.3847	-78.3893	-78.3941	-78.3986	-78.4027	-78.4064	-78.4095	-78.412	-78.4139	-78.4153	-78.4161	-78.4165	-78.4164	-78.4159	-78.415	-78.4138	-78.4124	-78.4108	-78.409	-78.407	-78.405	-78.4029	-78.4008	-78.3988	-78.3968	-78.3949	-78.3931	-78.3915	-78.3902	-78.389	-78.3881	-78.3875	-78.3871	-78.3872	-78.3875	-78.3883	-78.3894	-78.3909	-78.3929	-78.3952	-78.3981	-78.4015	-78.4054	-78.4101	-78.4154
4.355	-78.3808	-78.3807	-78.3832	-78.3873	-78.3919	-78.3966	-78.4012	-78.4053	-78.409	-78.4121	-78.4146	-78.4165	-78.4179	-78.4187	-78.4191	-78.419	-78.4185	-78.4176	-78.4165	-78.415	-78.4134	-78.4116	-78.4097	-78.4077	-78.4056	-78.4035	-78.4015	-78.3995	-78.3976	-78.3958	-78.3943	-78.3929	-78.3917	-78.3908	-78.3902	-78.3899	-78.3899	-78.3903	-78.391	-78.3921	-78.3936	-78.3956	-78.3979	-78.4008	-78.4042	-78.4081	-78.4128	-78.4181
4.36	-78.3834	-78.3833	-78.3858	-78.3899	-78.3945	-78.3992	-78.4037	-78.4079	-78.4115	-78.4146	-78.4171	-78.4191	-78.4204	-78.4213	-78.4216	-78.4216	-78.4211	-78.4202	-78.4191	-78.4177	-78.416	-78.4142	-78.4123	-78.4103	-78.4083	-78.4062	-78.4041	-78.4022	-78.4003	-78.3985	-78.397	-78.3956	-78.3944	-78.3935	-78.3929	-78.3926	-78.3926	-78.393	-78.3937	-78.3949	-78.3964	-78.3983	-78.4007	-78.4035	-78.4069	-78.4108	-78.4154	-78.4207
4.365	-78.386	-78.3858	-78.3884	-78.3924	-78.3971	-78.4018	-78.4063	-78.4105	-78.4141	-78.4172	-78.4197	-78.4216	-78.423	-78.4239	-78.4242	-78.4241	-78.4237	-78.4228	-78.4217	-78.4203	-78.4187	-78.4169	-78.415	-78.413	-78.4109	-78.4089	-78.4068	-78.4048	-78.403	-78.4012	-78.3997	-78.3983	-78.3971	-78.3962	-78.3956	-78.3953	-78.3953	-78.3957	-78.3964	-78.3976	-78.3991	-78.401	-78.4034	-78.4062	-78.4096	-78.4135	-78.4181	-78.4234
4.37	-78.3886	-78.3884	-78.391	-78.395	-78.3996	-78.4043	-78.4089	-78.413	-78.4167	-78.4198	-78.4223	-78.4242	-78.4256	-78.4264	-78.4268	-78.4267	-78.4262	-78.4254	-78.4243	-78.4229	-78.4213	-78.4195	-78.4176	-78.4156	-78.4136	-78.4115	-78.4095	-78.4075	-78.4057	-78.4039	-78.4024	-78.401	-78.3998	-78.3989	-78.3983	-78.398	-78.3981	-78.3984	-78.3992	-78.4003	-78.4018	-78.4037	-78.4061	-78.4089	-78.4122	-78.4162	-78.4208	-78.426
4.375	-78.3912	-78.391	-78.3936	-78.3976	-78.4022	-78.4069	-78.4114	-78.4156	-78.4192	-78.4223	-78.4248	-78.4268	-78.4281	-78.429	-78.4294	-78.4293	-78.4288	-78.428	-78.4269	-78.4255	-78.4239	-78.4221	-78.4202	-78.4182	-78.4162	-78.4142	-78.4121	-78.4102	-78.4083	-78.4066	-78.405	-78.4037	-78.4025	-78.4016	-78.401	-78.4007	-78.4008	-78.4011	-78.4019	-78.403	-78.4045	-78.4064	-78.4087	-78.4116	-78.4149	-78.4188	-78.4234	-78.4287
4.38	-78.3937	-78.3936	-78.3961	-78.4001	-78.4047	-78.4095	-78.414	-78.4181	-78.4218	-78.4249	-78.4274	-78.4293	-78.4307	-78.4315	-78.4319	-78.4319	-78.4314	-78.4306	-78.4295	-78.4281	-78.4265	-78.4247	-78.4228	-78.4209	-78.4188	-78.4168	-78.4148	-78.4128	-78.411	-78.4093	-78.4077	-78.4064	-78.4052	-78.4043	-78.4037	-78.4034	-78.4035	-78.4038	-78.4046	-78.4057	-78.4072	-78.4091	-78.4114	-78.4142	-78.4176	-78.4215	-78.4261	-78.4313
4.385	-78.3963	-78.3961	-78.3987	-78.4027	-78.4073	-78.412	-78.4165	-78.4207	-78.4243	-78.4274	-78.4299	-78.4318	-78.4332	-78.4341	-78.4345	-78.4344	-78.434	-78.4332	-78.432	-78.4307	-78.4291	-78.4273	-78.4255	-78.4235	-78.4215	-78.4194	-78.4174	-78.4155	-78.4137	-78.4119	-78.4104	-78.409	-78.4079	-78.407	-78.4064	-78.4061	-78.4061	-78.4065	-78.4072	-78.4084	-78.4099	-78.4118	-78.4141	-78.4169	-78.4202	-78.4242	-78.4287	-78.434
4.39	-78.3988	-78.3987	-78.4012	-78.4052	-78.4098	-78.4145	-78.4191	-78.4232	-78.4268	-78.4299	-78.4324	-78.4344	-78.4358	-78.4366	-78.437	-78.437	-78.4365	-78.4357	-78.4346	-78.4333	-78.4317	-78.4299	-78.4281	-78.4261	-78.4241	-78.4221	-78.4201	-78.4181	-78.4163	-78.4146	-78.413	-78.4117	-78.4106	-78.4097	-78.4091	-78.4088	-78.4088	-78.4092	-78.4099	-78.411	-78.4125	-78.4144	-78.4168	-78.4196	-78.4229	-78.4268	-78.4314	-78.4366
4.395	-78.4014	-78.4012	-78.4038	-78.4078	-78.4124	-78.4171	-78.4216	-78.4257	-78.4294	-78.4324	-78.435	-78.4369	-78.4383	-78.4392	-78.4396	-78.4395	-78.4391	-78.4383	-78.4372	-78.4358	-78.4343	-78.4325	-78.4306	-78.4287	-78.4267	-78.4247	-78.4227	-78.4208	-78.4189	-78.4172	-78.4157	-78.4144	-78.4132	-78.4124	-78.4118	-78.4115	-78.4115	-78.4119	-78.4126	-78.4137	-78.4152	-78.4171	-78.4194	-78.4222	-78.4255	-78.4294	-78.434	-78.4392
4.4	-78.4039	-78.4038	-78.4063	-78.4103	-78.4149	-78.4196	-78.4241	-78.4282	-78.4319	-78.435	-78.4375	-78.4394	-78.4408	-78.4417	-78.4421	-78.4421	-78.4416	-78.4408	-78.4397	-78.4384	-78.4368	-78.4351	-78.4332	-78.4313	-78.4293	-78.4273	-78.4253	-78.4234	-78.4216	-78.4199	-78.4184	-78.417	-78.4159	-78.415	-78.4144	-78.4141	-78.4142	-78.4145	-78.4153	-78.4164	-78.4179	-78.4197	-78.4221	-78.4249	-78.4282	-78.4321	-78.4366	-78.4418
4.405	-78.4065	-78.4063	-78.4088	-78.4128	-78.4174	-78.4221	-78.4266	-78.4307	-78.4344	-78.4375	-78.44	-78.442	-78.4434	-78.4442	-78.4446	-78.4446	-78.4442	-78.4434	-78.4423	-78.4409	-78.4394	-78.4377	-78.4358	-78.4339	-78.4319	-78.4299	-78.4279	-78.426	-78.4242	-78.4225	-78.421	-78.4197	-78.4185	-78.4177	-78.4171	-78.4168	-78.4168	-78.4172	-78.4179	-78.419	-78.4205	-78.4224	-78.4247	-78.4275	-78.4308	-78.4347	-78.4392	-78.4444
4.41	-78.409	-78.4088	-78.4114	-78.4154	-78.4199	-78.4246	-78.4291	-78.4333	-78.4369	-78.44	-78.4425	-78.4445	-78.4459	-78.4468	-78.4472	-78.4471	-78.4467	-78.4459	-78.4448	-78.4435	-78.442	-78.4402	-78.4384	-78.4365	-78.4345	-78.4325	-78.4305	-78.4286	-78.4268	-78.4252	-78.4236	-78.4223	-78.4212	-78.4203	-78.4197	-78.4195	-78.4195	-78.4199	-78.4206	-78.4217	-78.4231	-78.425	-78.4273	-78.4301	-78.4334	-78.4373	-78.4418	-78.447
4.415	-78.4115	-78.4113	-78.4139	-78.4179	-78.4225	-78.4271	-78.4316	-78.4358	-78.4394	-78.4425	-78.445	-78.447	-78.4484	-78.4493	-78.4497	-78.4496	-78.4492	-78.4484	-78.4474	-78.4461	-78.4445	-78.4428	-78.441	-78.4391	-78.4371	-78.4351	-78.4332	-78.4313	-78.4295	-78.4278	-78.4263	-78.4249	-78.4238	-78.423	-78.4224	-78.4221	-78.4221	-78.4225	-78.4232	-78.4243	-78.4258	-78.4277	-78.43	-78.4327	-78.436	-78.4399	-78.4444	-78.4496
4.42	-78.414	-78.4139	-78.4164	-78.4204	-78.425	-78.4296	-78.4341	-78.4383	-78.4419	-78.445	-78.4475	-78.4495	-78.4509	-78.4518	-78.4522	-78.4522	-78.4517	-78.451	-78.4499	-78.4486	-78.4471	-78.4454	-78.4435	-78.4416	-78.4397	-78.4377	-78.4357	-78.4339	-78.4321	-78.4304	-78.4289	-78.4276	-78.4265	-78.4256	-78.425	-78.4247	-78.4248	-78.4251	-78.4259	-78.427	-78.4284	-78.4303	-78.4326	-78.4354	-78.4386	-78.4425	-78.447	-78.4522
4.425	-78.4165	-78.4164	-78.4189	-78.4229	-78.4275	-78.4321	-78.4366	-78.4408	-78.4444	-78.4475	-78.45	-78.452	-78.4534	-78.4543	-78.4547	-78.4547	-78.4543	-78.4535	-78.4524	-78.4511	-78.4496	-78.4479	-78.4461	-78.4442	-78.4422	-78.4403	-78.4383	-78.4365	-78.4347	-78.433	-78.4315	-78.4302	-78.4291	-78.4282	-78.4277	-78.4274	-78.4274	-78.4278	-78.4285	-78.4296	-78.4311	-78.4329	-78.4352	-78.438	-78.4412	-78.4451	-78.4496	-78.4548
4.43	-78.4191	-78.4189	-78.4214	-78.4254	-78.43	-78.4346	-78.4391	-78.4432	-78.4469	-78.45	-78.4525	-78.4545	-78.4559	-78.4568	-78.4572	-78.4572	-78.4568	-78.456	-78.455	-78.4537	-78.4521	-78.4505	-78.4487	-78.4468	-78.4448	-78.4428	-78.4409	-78.439	-78.4373	-78.4356	-78.4341	-78.4328	-78.4317	-78.4309	-78.4303	-78.43	-78.43	-78.4304	-78.4311	-78.4322	-78.4337	-78.4355	-78.4378	-78.4406	-78.4438	-78.4477	-78.4522	-78.4573
4.435	-78.4215	-78.4214	-78.4239	-78.4279	-78.4324	-78.4371	-78.4416	-78.4457	-78.4493	-78.4524	-78.455	-78.4569	-78.4583	-78.4593	-78.4597	-78.4597	-78.4593	-78.4585	-78.4575	-78.4562	-78.4547	-78.453	-78.4512	-78.4493	-78.4474	-78.4454	-78.4435	-78.4416	-78.4398	-78.4382	-78.4367	-78.4354	-78.4343	-78.4335	-78.4329	-78.4326	-78.4327	-78.433	-78.4337	-78.4348	-78.4363	-78.4381	-78.4404	-78.4432	-78.4464	-78.4503	-78.4547	-78.4599
4.44	-78.424	-78.4239	-78.4264	-78.4304	-78.4349	-78.4396	-78.4441	-78.4482	-78.4518	-78.4549	-78.4574	-78.4594	-78.4608	-78.4617	-78.4622	-78.4622	-78.4618	-78.461	-78.46	-78.4587	-78.4572	-78.4555	-78.4537	-78.4519	-78.4499	-78.448	-78.4461	-78.4442	-78.4424	-78.4408	-78.4393	-78.438	-78.4369	-78.4361	-78.4355	-78.4352	-78.4353	-78.4356	-78.4363	-78.4374	-78.4389	-78.4407	-78.443	-78.4458	-78.449	-78.4528	-78.4573	-78.4624
4.445	-78.4265	-78.4264	-78.4289	-78.4329	-78.4374	-78.4421	-78.4466	-78.4507	-78.4543	-78.4574	-78.4599	-78.4619	-78.4633	-78.4642	-78.4646	-78.4646	-78.4643	-78.4635	-78.4625	-78.4612	-78.4597	-78.4581	-78.4563	-78.4544	-78.4525	-78.4505	-78.4486	-78.4468	-78.445	-78.4434	-78.4419	-78.4406	-78.4395	-78.4387	-78.4381	-78.4378	-78.4379	-78.4382	-78.4389	-78.44	-78.4415	-78.4433	-78.4456	-78.4483	-78.4516	-78.4554	-78.4599	-78.465
4.45	-78.429	-78.4288	-78.4314	-78.4353	-78.4399	-78.4445	-78.449	-78.4531	-78.4567	-78.4598	-78.4624	-78.4643	-78.4658	-78.4667	-78.4671	-78.4671	-78.4667	-78.466	-78.465	-78.4637	-78.4622	-78.4606	-78.4588	-78.4569	-78.455	-78.4531	-78.4512	-78.4493	-78.4476	-78.446	-78.4445	-78.4432	-78.4421	-78.4413	-78.4407	-78.4404	-78.4405	-78.4408	-78.4416	-78.4426	-78.4441	-78.4459	-78.4482	-78.4509	-78.4541	-78.458	-78.4624	-78.4675
4.455	-78.4315	-78.4313	-78.4338	-78.4378	-78.4423	-78.447	-78.4515	-78.4556	-78.4592	-78.4623	-78.4648	-78.4668	-78.4682	-78.4691	-78.4696	-78.4696	-78.4692	-78.4685	-78.4675	-78.4662	-78.4647	-78.4631	-78.4613	-78.4595	-78.4576	-78.4556	-78.4537	-78.4519	-78.4501	-78.4485	-78.4471	-78.4458	-78.4447	-78.4439	-78.4433	-78.443	-78.4431	-78.4434	-78.4441	-78.4452	-78.4467	-78.4485	-78.4508	-78.4535	-78.4567	-78.4605	-78.465	-78.4701
4.46	-78.434	-78.4338	-78.4363	-78.4403	-78.4448	-78.4495	-78.4539	-78.458	-78.4617	-78.4647	-78.4673	-78.4692	-78.4707	-78.4716	-78.472	-78.4721	-78.4717	-78.471	-78.47	-78.4687	-78.4672	-78.4656	-78.4638	-78.462	-78.4601	-78.4582	-78.4563	-78.4544	-78.4527	-78.4511	-78.4496	-78.4483	-78.4473	-78.4464	-78.4459	-78.4456	-78.4456	-78.446	-78.4467	-78.4478	-78.4492	-78.4511	-78.4533	-78.456	-78.4593	-78.4631	-78.4675	-78.4726
4.465	-78.4364	-78.4363	-78.4388	-78.4427	-78.4473	-78.4519	-78.4564	-78.4605	-78.4641	-78.4672	-78.4697	-78.4717	-78.4731	-78.474	-78.4745	-78.4745	-78.4742	-78.4734	-78.4724	-78.4712	-78.4697	-78.4681	-78.4663	-78.4645	-78.4626	-78.4607	-78.4588	-78.457	-78.4553	-78.4536	-78.4522	-78.4509	-78.4498	-78.449	-78.4485	-78.4482	-78.4482	-78.4486	-78.4493	-78.4504	-78.4518	-78.4536	-78.4559	-78.4586	-78.4618	-78.4656	-78.47	-78.4751
4.47	-78.4389	-78.4387	-78.4412	-78.4452	-78.4497	-78.4544	-78.4588	-78.4629	-78.4665	-78.4696	-78.4722	-78.4741	-78.4756	-78.4765	-78.4769	-78.477	-78.4766	-78.4759	-78.4749	-78.4737	-78.4722	-78.4706	-78.4688	-78.467	-78.4651	-78.4632	-78.4613	-78.4595	-78.4578	-78.4562	-78.4547	-78.4535	-78.4524	-78.4516	-78.451	-78.4508	-78.4508	-78.4512	-78.4519	-78.4529	-78.4544	-78.4562	-78.4584	-78.4611	-78.4644	-78.4681	-78.4725	-78.4776
4.475	-78.4413	-78.4412	-78.4437	-78.4476	-78.4521	-78.4568	-78.4613	-78.4653	-78.469	-78.4721	-78.4746	-78.4766	-78.478	-78.4789	-78.4794	-78.4794	-78.4791	-78.4784	-78.4774	-78.4761	-78.4747	-78.4731	-78.4713	-78.4695	-78.4676	-78.4657	-78.4639	-78.4621	-78.4603	-78.4587	-78.4573	-78.456	-78.455	-78.4541	-78.4536	-78.4533	-78.4534	-78.4537	-78.4544	-78.4555	-78.4569	-78.4587	-78.461	-78.4637	-78.4669	-78.4707	-78.4751	-78.4801
4.48	-78.4438	-78.4436	-78.4461	-78.4501	-78.4546	-78.4592	-78.4637	-78.4678	-78.4714	-78.4745	-78.477	-78.479	-78.4804	-78.4814	-78.4818	-78.4819	-78.4815	-78.4808	-78.4798	-78.4786	-78.4772	-78.4756	-78.4738	-78.472	-78.4701	-78.4682	-78.4664	-78.4646	-78.4629	-78.4613	-78.4598	-78.4586	-78.4575	-78.4567	-78.4561	-78.4559	-78.4559	-78.4563	-78.457	-78.458	-78.4595	-78.4613	-78.4635	-78.4662	-78.4694	-78.4732	-78.4776	-78.4826
4.485	-78.4462	-78.4461	-78.4486	-78.4525	-78.457	-78.4617	-78.4661	-78.4702	-78.4738	-78.4769	-78.4794	-78.4814	-78.4829	-78.4838	-78.4843	-78.4843	-78.484	-78.4833	-78.4823	-78.4811	-78.4796	-78.478	-78.4763	-78.4745	-78.4726	-78.4708	-78.4689	-78.4671	-78.4654	-78.4638	-78.4624	-78.4611	-78.4601	-78.4593	-78.4587	-78.4584	-78.4585	-78.4588	-78.4595	-78.4606	-78.462	-78.4638	-78.4661	-78.4687	-78.4719	-78.4757	-78.4801	-78.4851
4.49	-78.4487	-78.4485	-78.451	-78.4549	-78.4594	-78.4641	-78.4685	-78.4726	-78.4762	-78.4793	-78.4818	-78.4838	-78.4853	-78.4862	-78.4867	-78.4867	-78.4864	-78.4857	-78.4847	-78.4835	-78.4821	-78.4805	-78.4788	-78.477	-78.4751	-78.4733	-78.4714	-78.4696	-78.4679	-78.4663	-78.4649	-78.4636	-78.4626	-78.4618	-78.4612	-78.461	-78.461	-78.4614	-78.4621	-78.4631	-78.4646	-78.4664	-78.4686	-78.4713	-78.4744	-78.4782	-78.4826	-78.4876
4.495	-78.4511	-78.4509	-78.4534	-78.4573	-78.4619	-78.4665	-78.4709	-78.475	-78.4786	-78.4817	-78.4843	-78.4862	-78.4877	-78.4886	-78.4891	-78.4892	-78.4888	-78.4882	-78.4872	-78.486	-78.4846	-78.483	-78.4813	-78.4795	-78.4776	-78.4757	-78.4739	-78.4721	-78.4704	-78.4688	-78.4674	-78.4662	-78.4651	-78.4643	-78.4638	-78.4635	-78.4636	-78.4639	-78.4646	-78.4657	-78.4671	-78.4689	-78.4711	-78.4738	-78.477	-78.4807	-78.4851	-78.4901
4.5	-78.4535	-78.4533	-78.4558	-78.4598	-78.4643	-78.4689	-78.4733	-78.4774	-78.481	-78.4841	-78.4867	-78.4886	-78.4901	-78.491	-78.4915	-78.4916	-78.4912	-78.4906	-78.4896	-78.4884	-78.487	-78.4854	-78.4837	-78.4819	-78.4801	-78.4782	-78.4764	-78.4746	-78.4729	-78.4714	-78.4699	-78.4687	-78.4677	-78.4669	-78.4663	-78.466	-78.4661	-78.4665	-78.4671	-78.4682	-78.4696	-78.4714	-78.4736	-78.4763	-78.4795	-78.4832	-78.4876	-78.4926
4.505	-78.4559	-78.4558	-78.4583	-78.4622	-78.4667	-78.4713	-78.4757	-78.4798	-78.4834	-78.4865	-78.4891	-78.491	-78.4925	-78.4934	-78.4939	-78.494	-78.4937	-78.493	-78.4921	-78.4909	-78.4894	-78.4879	-78.4862	-78.4844	-78.4826	-78.4807	-78.4789	-78.4771	-78.4754	-78.4739	-78.4724	-78.4712	-78.4702	-78.4694	-78.4688	-78.4686	-78.4686	-78.469	-78.4697	-78.4707	-78.4721	-78.4739	-78.4761	-78.4788	-78.482	-78.4857	-78.49	-78.495
4.51	-78.4584	-78.4582	-78.4607	-78.4646	-78.4691	-78.4737	-78.4781	-78.4822	-78.4858	-78.4889	-78.4914	-78.4934	-78.4949	-78.4958	-78.4963	-78.4964	-78.4961	-78.4954	-78.4945	-78.4933	-78.4919	-78.4903	-78.4886	-78.4869	-78.485	-78.4832	-78.4814	-78.4796	-78.4779	-78.4764	-78.4749	-78.4737	-78.4727	-78.4719	-78.4714	-78.4711	-78.4711	-78.4715	-78.4722	-78.4732	-78.4746	-78.4764	-78.4786	-78.4813	-78.4844	-78.4882	-78.4925	-78.4975
4.515	-78.4608	-78.4606	-78.4631	-78.467	-78.4715	-78.4761	-78.4805	-78.4846	-78.4882	-78.4913	-78.4938	-78.4958	-78.4973	-78.4982	-78.4987	-78.4988	-78.4985	-78.4978	-78.4969	-78.4957	-78.4943	-78.4928	-78.4911	-78.4893	-78.4875	-78.4857	-78.4838	-78.4821	-78.4804	-78.4789	-78.4774	-78.4762	-78.4752	-78.4744	-78.4739	-78.4736	-78.4736	-78.474	-78.4747	-78.4757	-78.4771	-78.4789	-78.4811	-78.4838	-78.4869	-78.4906	-78.495	-78.5
4.52	-78.4632	-78.463	-78.4655	-78.4694	-78.4739	-78.4785	-78.4829	-78.487	-78.4906	-78.4937	-78.4962	-78.4982	-78.4997	-78.5006	-78.5011	-78.5012	-78.5009	-78.5003	-78.4993	-78.4981	-78.4967	-78.4952	-78.4935	-78.4918	-78.4899	-78.4881	-78.4863	-78.4846	-78.4829	-78.4813	-78.4799	-78.4787	-78.4777	-78.4769	-78.4764	-78.4761	-78.4762	-78.4765	-78.4772	-78.4782	-78.4796	-78.4814	-78.4836	-78.4863	-78.4894	-78.4931	-78.4974	-78.5024
4.525	-78.4656	-78.4654	-78.4679	-78.4718	-78.4763	-78.4809	-78.4853	-78.4894	-78.493	-78.4961	-78.4986	-78.5006	-78.502	-78.503	-78.5035	-78.5036	-78.5033	-78.5026	-78.5017	-78.5005	-78.4992	-78.4976	-78.496	-78.4942	-78.4924	-78.4906	-78.4888	-78.487	-78.4854	-78.4838	-78.4824	-78.4812	-78.4802	-78.4794	-78.4789	-78.4786	-78.4787	-78.479	-78.4797	-78.4807	-78.4821	-78.4839	-78.4861	-78.4887	-78.4919	-78.4956	-78.4999	-78.5049
4.53	-78.4679	-78.4678	-78.4703	-78.4742	-78.4786	-78.4832	-78.4877	-78.4917	-78.4953	-78.4984	-78.501	-78.503	-78.5044	-78.5054	-78.5059	-78.506	-78.5057	-78.505	-78.5041	-78.503	-78.5016	-78.5	-78.4984	-78.4966	-78.4948	-78.493	-78.4912	-78.4895	-78.4878	-78.4863	-78.4849	-78.4837	-78.4827	-78.4819	-78.4814	-78.4811	-78.4811	-78.4815	-78.4822	-78.4832	-78.4846	-78.4864	-78.4886	-78.4912	-78.4943	-78.498	-78.5023	-78.5073
4.535	-78.4703	-78.4702	-78.4726	-78.4765	-78.481	-78.4856	-78.49	-78.4941	-78.4977	-78.5008	-78.5033	-78.5053	-78.5068	-78.5078	-78.5083	-78.5084	-78.5081	-78.5074	-78.5065	-78.5054	-78.504	-78.5025	-78.5008	-78.4991	-78.4973	-78.4955	-78.4937	-78.4919	-78.4903	-78.4888	-78.4874	-78.4862	-78.4852	-78.4844	-78.4838	-78.4836	-78.4836	-78.484	-78.4847	-78.4857	-78.4871	-78.4889	-78.491	-78.4937	-78.4968	-78.5005	-78.5048	-78.5097
4.54	-78.4727	-78.4725	-78.475	-78.4789	-78.4834	-78.488	-78.4924	-78.4965	-78.5001	-78.5031	-78.5057	-78.5077	-78.5091	-78.5101	-78.5106	-78.5107	-78.5104	-78.5098	-78.5089	-78.5078	-78.5064	-78.5049	-78.5032	-78.5015	-78.4997	-78.4979	-78.4961	-78.4944	-78.4928	-78.4912	-78.4898	-78.4886	-78.4876	-78.4868	-78.4863	-78.4861	-78.4861	-78.4865	-78.4872	-78.4882	-78.4896	-78.4913	-78.4935	-78.4961	-78.4992	-78.5029	-78.5072	-78.5122
4.545	-78.4751	-78.4749	-78.4774	-78.4813	-78.4858	-78.4903	-78.4948	-78.4988	-78.5024	-78.5055	-78.508	-78.51	-78.5115	-78.5125	-78.513	-78.5131	-78.5128	-78.5122	-78.5113	-78.5101	-78.5088	-78.5073	-78.5056	-78.5039	-78.5021	-78.5003	-78.4986	-78.4968	-78.4952	-78.4937	-78.4923	-78.4911	-78.4901	-78.4893	-78.4888	-78.4885	-78.4886	-78.489	-78.4896	-78.4907	-78.492	-78.4938	-78.496	-78.4986	-78.5017	-78.5053	-78.5096	-78.5146
4.55	-78.4775	-78.4773	-78.4798	-78.4836	-78.4881	-78.4927	-78.4971	-78.5012	-78.5048	-78.5078	-78.5104	-78.5124	-78.5139	-78.5148	-78.5154	-78.5155	-78.5152	-78.5146	-78.5137	-78.5125	-78.5112	-78.5097	-78.508	-78.5063	-78.5045	-78.5028	-78.501	-78.4993	-78.4976	-78.4961	-78.4948	-78.4936	-78.4926	-78.4918	-78.4913	-78.491	-78.4911	-78.4914	-78.4921	-78.4931	-78.4945	-78.4963	-78.4984	-78.501	-78.5041	-78.5078	-78.5121	-78.517
4.555	-78.4798	-78.4797	-78.4821	-78.486	-78.4905	-78.495	-78.4995	-78.5035	-78.5071	-78.5102	-78.5127	-78.5147	-78.5162	-78.5172	-78.5177	-78.5178	-78.5175	-78.5169	-78.516	-78.5149	-78.5136	-78.5121	-78.5104	-78.5087	-78.507	-78.5052	-78.5034	-78.5017	-78.5001	-78.4986	-78.4972	-78.496	-78.495	-78.4942	-78.4937	-78.4935	-78.4935	-78.4939	-78.4946	-78.4956	-78.497	-78.4987	-78.5009	-78.5035	-78.5065	-78.5102	-78.5145	-78.5194
4.56	-78.4822	-78.482	-78.4845	-78.4883	-78.4928	-78.4974	-78.5018	-78.5059	-78.5094	-78.5125	-78.5151	-78.5171	-78.5185	-78.5195	-78.5201	-78.5202	-78.5199	-78.5193	-78.5184	-78.5173	-78.516	-78.5145	-78.5128	-78.5111	-78.5094	-78.5076	-78.5058	-78.5041	-78.5025	-78.501	-78.4996	-78.4985	-78.4975	-78.4967	-78.4962	-78.4959	-78.496	-78.4963	-78.497	-78.498	-78.4994	-78.5012	-78.5033	-78.5059	-78.509	-78.5126	-78.5169	-78.5218
4.565	-78.4845	-78.4844	-78.4868	-78.4907	-78.4952	-78.4997	-78.5041	-78.5082	-78.5118	-78.5149	-78.5174	-78.5194	-78.5209	-78.5219	-78.5224	-78.5225	-78.5222	-78.5217	-78.5208	-78.5197	-78.5183	-78.5168	-78.5152	-78.5135	-78.5118	-78.51	-78.5083	-78.5066	-78.5049	-78.5034	-78.5021	-78.5009	-78.4999	-78.4991	-78.4986	-78.4984	-78.4984	-78.4988	-78.4995	-78.5005	-78.5018	-78.5036	-78.5057	-78.5083	-78.5114	-78.515	-78.5193	-78.5242
4.57	-78.4869	-78.4867	-78.4892	-78.493	-78.4975	-78.5021	-78.5065	-78.5105	-78.5141	-78.5172	-78.5197	-78.5217	-78.5232	-78.5242	-78.5247	-78.5248	-78.5246	-78.524	-78.5231	-78.522	-78.5207	-78.5192	-78.5176	-78.5159	-78.5142	-78.5124	-78.5107	-78.509	-78.5074	-78.5059	-78.5045	-78.5033	-78.5023	-78.5016	-78.5011	-78.5008	-78.5009	-78.5012	-78.5019	-78.5029	-78.5043	-78.506	-78.5082	-78.5107	-78.5138	-78.5174	-78.5217	-78.5266
4.575	-78.4892	-78.4891	-78.4915	-78.4954	-78.4998	-78.5044	-78.5088	-78.5128	-78.5164	-78.5195	-78.522	-78.524	-78.5255	-78.5265	-78.5271	-78.5272	-78.5269	-78.5264	-78.5255	-78.5244	-78.5231	-78.5216	-78.52	-78.5183	-78.5166	-78.5148	-78.5131	-78.5114	-78.5098	-78.5083	-78.5069	-78.5058	-78.5048	-78.504	-78.5035	-78.5033	-78.5033	-78.5037	-78.5043	-78.5053	-78.5067	-78.5084	-78.5106	-78.5131	-78.5162	-78.5198	-78.5241	-78.529
4.58	-78.4916	-78.4914	-78.4939	-78.4977	-78.5022	-78.5067	-78.5111	-78.5152	-78.5187	-78.5218	-78.5244	-78.5264	-78.5278	-78.5288	-78.5294	-78.5295	-78.5293	-78.5287	-78.5278	-78.5267	-78.5254	-78.5239	-78.5224	-78.5207	-78.5189	-78.5172	-78.5155	-78.5138	-78.5122	-78.5107	-78.5094	-78.5082	-78.5072	-78.5064	-78.5059	-78.5057	-78.5057	-78.5061	-78.5068	-78.5078	-78.5091	-78.5109	-78.513	-78.5156	-78.5186	-78.5222	-78.5265	-78.5313
4.585	-78.4939	-78.4937	-78.4962	-78.5	-78.5045	-78.509	-78.5134	-78.5175	-78.521	-78.5241	-78.5267	-78.5287	-78.5302	-78.5312	-78.5317	-78.5318	-78.5316	-78.531	-78.5302	-78.5291	-78.5278	-78.5263	-78.5247	-78.523	-78.5213	-78.5196	-78.5179	-78.5162	-78.5146	-78.5131	-78.5118	-78.5106	-78.5096	-78.5089	-78.5084	-78.5081	-78.5082	-78.5085	-78.5092	-78.5102	-78.5116	-78.5133	-78.5154	-78.518	-78.521	-78.5246	-78.5288	-78.5337
4.59	-78.4962	-78.4961	-78.4985	-78.5024	-78.5068	-78.5113	-78.5157	-78.5198	-78.5234	-78.5264	-78.529	-78.531	-78.5325	-78.5335	-78.534	-78.5342	-78.5339	-78.5334	-78.5325	-78.5314	-78.5301	-78.5287	-78.5271	-78.5254	-78.5237	-78.522	-78.5202	-78.5186	-78.517	-78.5155	-78.5142	-78.513	-78.512	-78.5113	-78.5108	-78.5105	-78.5106	-78.5109	-78.5116	-78.5126	-78.514	-78.5157	-78.5178	-78.5203	-78.5234	-78.527	-78.5312	-78.5361
4.595	-78.4986	-78.4984	-78.5008	-78.5047	-78.5091	-78.5137	-78.518	-78.5221	-78.5257	-78.5287	-78.5313	-78.5333	-78.5348	-78.5358	-78.5363	-78.5365	-78.5362	-78.5357	-78.5348	-78.5337	-78.5325	-78.531	-78.5294	-78.5278	-78.5261	-78.5243	-78.5226	-78.521	-78.5194	-78.5179	-78.5166	-78.5154	-78.5145	-78.5137	-78.5132	-78.513	-78.513	-78.5134	-78.514	-78.515	-78.5164	-78.5181	-78.5202	-78.5227	-78.5258	-78.5294	-78.5336	-78.5384
4.6	-78.5009	-78.5007	-78.5031	-78.507	-78.5114	-78.516	-78.5203	-78.5244	-78.5279	-78.531	-78.5336	-78.5356	-78.5371	-78.5381	-78.5386	-78.5388	-78.5385	-78.538	-78.5372	-78.5361	-78.5348	-78.5333	-78.5318	-78.5301	-78.5284	-78.5267	-78.525	-78.5233	-78.5218	-78.5203	-78.519	-78.5178	-78.5168	-78.5161	-78.5156	-78.5154	-78.5154	-78.5158	-78.5164	-78.5174	-78.5188	-78.5205	-78.5226	-78.5251	-78.5282	-78.5317	-78.5359	-78.5408
4.605	-78.5032	-78.503	-78.5054	-78.5093	-78.5137	-78.5183	-78.5226	-78.5267	-78.5302	-78.5333	-78.5359	-78.5379	-78.5394	-78.5404	-78.5409	-78.5411	-78.5409	-78.5403	-78.5395	-78.5384	-78.5371	-78.5357	-78.5341	-78.5325	-78.5308	-78.5291	-78.5274	-78.5257	-78.5241	-78.5227	-78.5214	-78.5202	-78.5192	-78.5185	-78.518	-78.5178	-78.5178	-78.5182	-78.5188	-78.5198	-78.5212	-78.5229	-78.525	-78.5275	-78.5305	-78.5341	-78.5383	-78.5431
4.61	-78.5055	-78.5053	-78.5078	-78.5116	-78.516	-78.5205	-78.5249	-78.5289	-78.5325	-78.5356	-78.5381	-78.5401	-78.5416	-78.5427	-78.5432	-78.5434	-78.5432	-78.5426	-78.5418	-78.5407	-78.5394	-78.538	-78.5365	-78.5348	-78.5331	-78.5314	-78.5297	-78.5281	-78.5265	-78.5251	-78.5237	-78.5226	-78.5216	-78.5209	-78.5204	-78.5202	-78.5202	-78.5206	-78.5212	-78.5222	-78.5235	-78.5253	-78.5273	-78.5299	-78.5329	-78.5365	-78.5406	-78.5455
4.615	-78.5078	-78.5076	-78.51	-78.5139	-78.5183	-78.5228	-78.5272	-78.5312	-78.5348	-78.5379	-78.5404	-78.5424	-78.5439	-78.5449	-78.5455	-78.5457	-78.5454	-78.5449	-78.5441	-78.543	-78.5418	-78.5403	-78.5388	-78.5372	-78.5355	-78.5338	-78.5321	-78.5304	-78.5289	-78.5274	-78.5261	-78.525	-78.524	-78.5233	-78.5228	-78.5226	-78.5226	-78.5229	-78.5236	-78.5246	-78.5259	-78.5276	-78.5297	-78.5322	-78.5352	-78.5388	-78.543	-78.5478
4.62	-78.5101	-78.5099	-78.5123	-78.5162	-78.5206	-78.5251	-78.5295	-78.5335	-78.5371	-78.5401	-78.5427	-78.5447	-78.5462	-78.5472	-78.5478	-78.548	-78.5477	-78.5472	-78.5464	-78.5453	-78.5441	-78.5427	-78.5411	-78.5395	-78.5378	-78.5361	-78.5344	-78.5328	-78.5312	-78.5298	-78.5285	-78.5274	-78.5264	-78.5257	-78.5252	-78.5249	-78.525	-78.5253	-78.526	-78.527	-78.5283	-78.53	-78.5321	-78.5346	-78.5376	-78.5412	-78.5453	-78.5501
4.625	-78.5124	-78.5122	-78.5146	-78.5185	-78.5229	-78.5274	-78.5318	-78.5358	-78.5393	-78.5424	-78.545	-78.547	-78.5485	-78.5495	-78.5501	-78.5502	-78.55	-78.5495	-78.5487	-78.5476	-78.5464	-78.545	-78.5434	-78.5418	-78.5401	-78.5384	-78.5368	-78.5351	-78.5336	-78.5322	-78.5309	-78.5297	-78.5288	-78.528	-78.5275	-78.5273	-78.5274	-78.5277	-78.5284	-78.5294	-78.5307	-78.5324	-78.5344	-78.5369	-78.5399	-78.5435	-78.5477	-78.5525
4.63	-78.5147	-78.5145	-78.5169	-78.5207	-78.5251	-78.5297	-78.534	-78.538	-78.5416	-78.5447	-78.5472	-78.5492	-78.5507	-78.5518	-78.5523	-78.5525	-78.5523	-78.5518	-78.551	-78.5499	-78.5487	-78.5473	-78.5458	-78.5441	-78.5425	-78.5408	-78.5391	-78.5375	-78.5359	-78.5345	-78.5332	-78.5321	-78.5311	-78.5304	-78.5299	-78.5297	-78.5297	-78.5301	-78.5307	-78.5317	-78.533	-78.5347	-78.5368	-78.5393	-78.5423	-78.5458	-78.55	-78.5548
4.635	-78.5169	-78.5168	-78.5192	-78.523	-78.5274	-78.5319	-78.5363	-78.5403	-78.5439	-78.5469	-78.5495	-78.5515	-78.553	-78.554	-78.5546	-78.5548	-78.5546	-78.5541	-78.5533	-78.5522	-78.551	-78.5496	-78.5481	-78.5464	-78.5448	-78.5431	-78.5415	-78.5398	-78.5383	-78.5369	-78.5356	-78.5344	-78.5335	-78.5328	-78.5323	-78.5321	-78.5321	-78.5324	-78.5331	-78.5341	-78.5354	-78.5371	-78.5391	-78.5416	-78.5446	-78.5482	-78.5523	-78.5571
4.64	-78.5192	-78.519	-78.5215	-78.5253	-78.5297	-78.5342	-78.5385	-78.5425	-78.5461	-78.5492	-78.5517	-78.5537	-78.5553	-78.5563	-78.5569	-78.557	-78.5569	-78.5563	-78.5555	-78.5545	-78.5533	-78.5519	-78.5504	-78.5488	-78.5471	-78.5454	-78.5438	-78.5422	-78.5406	-78.5392	-78.5379	-78.5368	-78.5359	-78.5351	-78.5346	-78.5344	-78.5345	-78.5348	-78.5355	-78.5364	-78.5378	-78.5394	-78.5415	-78.544	-78.547	-78.5505	-78.5546	-78.5594
4.645	-78.5215	-78.5213	-78.5237	-78.5275	-78.5319	-78.5364	-78.5408	-78.5448	-78.5484	-78.5514	-78.554	-78.556	-78.5575	-78.5585	-78.5591	-78.5593	-78.5591	-78.5586	-78.5578	-78.5568	-78.5556	-78.5542	-78.5527	-78.5511	-78.5494	-78.5478	-78.5461	-78.5445	-78.543	-78.5415	-78.5403	-78.5391	-78.5382	-78.5375	-78.537	-78.5368	-78.5368	-78.5372	-78.5378	-78.5388	-78.5401	-78.5418	-78.5438	-78.5463	-78.5493	-78.5528	-78.5569	-78.5617
4.65	-78.5238	-78.5236	-78.526	-78.5298	-78.5342	-78.5387	-78.543	-78.547	-78.5506	-78.5537	-78.5562	-78.5582	-78.5598	-78.5608	-78.5614	-78.5616	-78.5614	-78.5609	-78.5601	-78.5591	-78.5578	-78.5565	-78.555	-78.5534	-78.5517	-78.5501	-78.5484	-78.5468	-78.5453	-78.5439	-78.5426	-78.5415	-78.5406	-78.5398	-78.5394	-78.5391	-78.5392	-78.5395	-78.5402	-78.5411	-78.5424	-78.5441	-78.5462	-78.5486	-78.5516	-78.5551	-78.5592	-78.564
4.655	-78.526	-78.5258	-78.5283	-78.5321	-78.5364	-78.5409	-78.5453	-78.5493	-78.5528	-78.5559	-78.5585	-78.5605	-78.562	-78.563	-78.5636	-78.5638	-78.5636	-78.5631	-78.5624	-78.5613	-78.5601	-78.5587	-78.5572	-78.5557	-78.554	-78.5524	-78.5507	-78.5491	-78.5476	-78.5462	-78.5449	-78.5438	-78.5429	-78.5422	-78.5417	-78.5415	-78.5415	-78.5419	-78.5425	-78.5435	-78.5448	-78.5464	-78.5485	-78.551	-78.5539	-78.5574	-78.5615	-78.5663
4.66	-78.5283	-78.5281	-78.5305	-78.5343	-78.5387	-78.5432	-78.5475	-78.5515	-78.5551	-78.5581	-78.5607	-78.5627	-78.5642	-78.5653	-78.5659	-78.5661	-78.5659	-78.5654	-78.5646	-78.5636	-78.5624	-78.561	-78.5595	-78.5579	-78.5563	-78.5547	-78.553	-78.5514	-78.5499	-78.5485	-78.5473	-78.5462	-78.5452	-78.5445	-78.544	-78.5438	-78.5439	-78.5442	-78.5448	-78.5458	-78.5471	-78.5488	-78.5508	-78.5533	-78.5562	-78.5597	-78.5638	-78.5686
4.665	-78.5305	-78.5303	-78.5328	-78.5366	-78.5409	-78.5454	-78.5498	-78.5537	-78.5573	-78.5604	-78.5629	-78.5649	-78.5665	-78.5675	-78.5681	-78.5683	-78.5681	-78.5676	-78.5669	-78.5659	-78.5647	-78.5633	-78.5618	-78.5602	-78.5586	-78.557	-78.5553	-78.5538	-78.5522	-78.5508	-78.5496	-78.5485	-78.5476	-78.5468	-78.5464	-78.5461	-78.5462	-78.5465	-78.5472	-78.5481	-78.5494	-78.5511	-78.5531	-78.5556	-78.5585	-78.562	-78.5661	-78.5708
4.67	-78.5328	-78.5326	-78.535	-78.5388	-78.5432	-78.5477	-78.552	-78.556	-78.5595	-78.5626	-78.5651	-78.5672	-78.5687	-78.5697	-78.5703	-78.5705	-78.5704	-78.5699	-78.5691	-78.5681	-78.5669	-78.5656	-78.5641	-78.5625	-78.5609	-78.5593	-78.5576	-78.5561	-78.5546	-78.5532	-78.5519	-78.5508	-78.5499	-78.5492	-78.5487	-78.5485	-78.5485	-78.5489	-78.5495	-78.5504	-78.5517	-78.5534	-78.5554	-78.5579	-78.5608	-78.5643	-78.5684	-78.5731
4.675	-78.535	-78.5348	-78.5372	-78.541	-78.5454	-78.5499	-78.5542	-78.5582	-78.5618	-78.5648	-78.5674	-78.5694	-78.5709	-78.5719	-78.5726	-78.5728	-78.5726	-78.5721	-78.5714	-78.5704	-78.5692	-78.5678	-78.5663	-78.5648	-78.5632	-78.5615	-78.5599	-78.5583	-78.5569	-78.5555	-78.5542	-78.5531	-78.5522	-78.5515	-78.551	-78.5508	-78.5508	-78.5512	-78.5518	-78.5528	-78.5541	-78.5557	-78.5577	-78.5602	-78.5631	-78.5666	-78.5707	-78.5754
4.68	-78.5373	-78.5371	-78.5395	-78.5433	-78.5476	-78.5521	-78.5564	-78.5604	-78.564	-78.567	-78.5696	-78.5716	-78.5731	-78.5742	-78.5748	-78.575	-78.5748	-78.5743	-78.5736	-78.5726	-78.5714	-78.5701	-78.5686	-78.5671	-78.5654	-78.5638	-78.5622	-78.5606	-78.5592	-78.5578	-78.5565	-78.5554	-78.5545	-78.5538	-78.5533	-78.5531	-78.5531	-78.5535	-78.5541	-78.5551	-78.5564	-78.558	-78.56	-78.5625	-78.5654	-78.5689	-78.5729	-78.5776
4.685	-78.5395	-78.5393	-78.5417	-78.5455	-78.5498	-78.5543	-78.5586	-78.5626	-78.5662	-78.5692	-78.5718	-78.5738	-78.5753	-78.5764	-78.577	-78.5772	-78.577	-78.5766	-78.5758	-78.5749	-78.5737	-78.5723	-78.5709	-78.5693	-78.5677	-78.5661	-78.5645	-78.5629	-78.5614	-78.5601	-78.5588	-78.5577	-78.5568	-78.5561	-78.5556	-78.5554	-78.5555	-78.5558	-78.5564	-78.5574	-78.5587	-78.5603	-78.5623	-78.5648	-78.5677	-78.5711	-78.5752	-78.5799
4.69	-78.5417	-78.5415	-78.5439	-78.5477	-78.5521	-78.5565	-78.5608	-78.5648	-78.5684	-78.5714	-78.574	-78.576	-78.5775	-78.5786	-78.5792	-78.5794	-78.5793	-78.5788	-78.5781	-78.5771	-78.5759	-78.5746	-78.5731	-78.5716	-78.57	-78.5684	-78.5668	-78.5652	-78.5637	-78.5623	-78.5611	-78.56	-78.5591	-78.5584	-78.5579	-78.5577	-78.5578	-78.5581	-78.5587	-78.5597	-78.561	-78.5626	-78.5646	-78.567	-78.5699	-78.5734	-78.5774	-78.5821
4.695	-78.5439	-78.5438	-78.5461	-78.5499	-78.5543	-78.5587	-78.563	-78.567	-78.5706	-78.5736	-78.5762	-78.5782	-78.5797	-78.5808	-78.5814	-78.5816	-78.5815	-78.581	-78.5803	-78.5793	-78.5781	-78.5768	-78.5754	-78.5738	-78.5722	-78.5706	-78.569	-78.5675	-78.566	-78.5646	-78.5634	-78.5623	-78.5614	-78.5607	-78.5602	-78.56	-78.5601	-78.5604	-78.561	-78.562	-78.5632	-78.5649	-78.5669	-78.5693	-78.5722	-78.5757	-78.5797	-78.5844
4.7	-78.5462	-78.546	-78.5484	-78.5521	-78.5565	-78.5609	-78.5652	-78.5692	-78.5728	-78.5758	-78.5784	-78.5804	-78.5819	-78.583	-78.5836	-78.5838	-78.5837	-78.5832	-78.5825	-78.5815	-78.5804	-78.579	-78.5776	-78.5761	-78.5745	-78.5729	-78.5713	-78.5698	-78.5683	-78.5669	-78.5657	-78.5646	-78.5637	-78.563	-78.5625	-78.5623	-78.5624	-78.5627	-78.5633	-78.5643	-78.5655	-78.5672	-78.5692	-78.5716	-78.5745	-78.5779	-78.5819	-78.5866
4.705	-78.5484	-78.5482	-78.5506	-78.5543	-78.5587	-78.5631	-78.5674	-78.5714	-78.575	-78.578	-78.5806	-78.5826	-78.5841	-78.5852	-78.5858	-78.586	-78.5859	-78.5854	-78.5847	-78.5838	-78.5826	-78.5813	-78.5798	-78.5783	-78.5767	-78.5751	-78.5736	-78.572	-78.5705	-78.5692	-78.5679	-78.5669	-78.566	-78.5653	-78.5648	-78.5646	-78.5646	-78.565	-78.5656	-78.5665	-78.5678	-78.5694	-78.5714	-78.5738	-78.5767	-78.5802	-78.5842	-78.5889
4.71	-78.5506	-78.5504	-78.5528	-78.5565	-78.5609	-78.5653	-78.5696	-78.5736	-78.5771	-78.5802	-78.5827	-78.5848	-78.5863	-78.5874	-78.588	-78.5882	-78.5881	-78.5876	-78.5869	-78.586	-78.5848	-78.5835	-78.5821	-78.5806	-78.579	-78.5774	-78.5758	-78.5743	-78.5728	-78.5714	-78.5702	-78.5691	-78.5683	-78.5676	-78.5671	-78.5669	-78.5669	-78.5673	-78.5679	-78.5688	-78.5701	-78.5717	-78.5737	-78.5761	-78.579	-78.5824	-78.5864	-78.5911
4.715	-78.5528	-78.5526	-78.555	-78.5587	-78.5631	-78.5675	-78.5718	-78.5758	-78.5793	-78.5824	-78.5849	-78.5869	-78.5885	-78.5895	-78.5902	-78.5904	-78.5903	-78.5898	-78.5891	-78.5882	-78.587	-78.5857	-78.5843	-78.5828	-78.5812	-78.5796	-78.5781	-78.5765	-78.5751	-78.5737	-78.5725	-78.5714	-78.5705	-78.5698	-78.5694	-78.5692	-78.5692	-78.5695	-78.5702	-78.5711	-78.5723	-78.574	-78.5759	-78.5783	-78.5812	-78.5846	-78.5887	-78.5933
4.72	-78.555	-78.5548	-78.5572	-78.5609	-78.5652	-78.5697	-78.574	-78.578	-78.5815	-78.5845	-78.5871	-78.5891	-78.5907	-78.5917	-78.5924	-78.5926	-78.5925	-78.592	-78.5913	-78.5904	-78.5892	-78.5879	-78.5865	-78.585	-78.5834	-78.5819	-78.5803	-78.5788	-78.5773	-78.576	-78.5748	-78.5737	-78.5728	-78.5721	-78.5716	-78.5714	-78.5715	-78.5718	-78.5724	-78.5734	-78.5746	-78.5762	-78.5782	-78.5806	-78.5835	-78.5869	-78.5909	-78.5955
4.725	-78.5572	-78.557	-78.5594	-78.5631	-78.5674	-78.5719	-78.5762	-78.5801	-78.5837	-78.5867	-78.5893	-78.5913	-78.5928	-78.5939	-78.5945	-78.5948	-78.5947	-78.5942	-78.5935	-78.5926	-78.5914	-78.5901	-78.5887	-78.5872	-78.5857	-78.5841	-78.5825	-78.581	-78.5796	-78.5782	-78.577	-78.5759	-78.5751	-78.5744	-78.5739	-78.5737	-78.5737	-78.5741	-78.5747	-78.5756	-78.5769	-78.5785	-78.5804	-78.5828	-78.5857	-78.5891	-78.5931	-78.5977
4.73	-78.5594	-78.5592	-78.5615	-78.5653	-78.5696	-78.5741	-78.5783	-78.5823	-78.5858	-78.5889	-78.5914	-78.5935	-78.595	-78.5961	-78.5967	-78.5969	-78.5968	-78.5964	-78.5957	-78.5948	-78.5936	-78.5923	-78.5909	-78.5894	-78.5879	-78.5863	-78.5848	-78.5833	-78.5818	-78.5805	-78.5793	-78.5782	-78.5773	-78.5766	-78.5762	-78.576	-78.576	-78.5763	-78.5769	-78.5779	-78.5791	-78.5807	-78.5827	-78.5851	-78.5879	-78.5913	-78.5953	-78.5999
4.735	-78.5615	-78.5614	-78.5637	-78.5675	-78.5718	-78.5762	-78.5805	-78.5845	-78.588	-78.591	-78.5936	-78.5956	-78.5972	-78.5982	-78.5989	-78.5991	-78.599	-78.5986	-78.5979	-78.597	-78.5958	-78.5946	-78.5931	-78.5917	-78.5901	-78.5885	-78.587	-78.5855	-78.5841	-78.5827	-78.5815	-78.5804	-78.5796	-78.5789	-78.5784	-78.5782	-78.5783	-78.5786	-78.5792	-78.5801	-78.5814	-78.583	-78.5849	-78.5873	-78.5902	-78.5935	-78.5975	-78.6021
4.74	-78.5637	-78.5635	-78.5659	-78.5696	-78.5739	-78.5784	-78.5827	-78.5866	-78.5901	-78.5932	-78.5957	-78.5978	-78.5993	-78.6004	-78.601	-78.6013	-78.6012	-78.6008	-78.6001	-78.5991	-78.598	-78.5967	-78.5953	-78.5939	-78.5923	-78.5908	-78.5892	-78.5877	-78.5863	-78.585	-78.5837	-78.5827	-78.5818	-78.5811	-78.5807	-78.5805	-78.5805	-78.5808	-78.5814	-78.5824	-78.5836	-78.5852	-78.5872	-78.5895	-78.5924	-78.5958	-78.5997	-78.6043
4.745	-78.5659	-78.5657	-78.5681	-78.5718	-78.5761	-78.5805	-78.5848	-78.5888	-78.5923	-78.5953	-78.5979	-78.5999	-78.6015	-78.6025	-78.6032	-78.6034	-78.6033	-78.6029	-78.6022	-78.6013	-78.6002	-78.5989	-78.5975	-78.5961	-78.5945	-78.593	-78.5914	-78.5899	-78.5885	-78.5872	-78.586	-78.5849	-78.5841	-78.5834	-78.5829	-78.5827	-78.5827	-78.5831	-78.5837	-78.5846	-78.5858	-78.5874	-78.5894	-78.5918	-78.5946	-78.598	-78.6019	-78.6065
4.75	-78.5681	-78.5679	-78.5702	-78.574	-78.5783	-78.5827	-78.587	-78.5909	-78.5944	-78.5975	-78.6	-78.6021	-78.6036	-78.6047	-78.6053	-78.6056	-78.6055	-78.6051	-78.6044	-78.6035	-78.6024	-78.6011	-78.5997	-78.5983	-78.5967	-78.5952	-78.5937	-78.5922	-78.5907	-78.5894	-78.5882	-78.5872	-78.5863	-78.5856	-78.5852	-78.5849	-78.585	-78.5853	-78.5859	-78.5868	-78.5881	-78.5897	-78.5916	-78.594	-78.5968	-78.6002	-78.6041	-78.6087
4.755	-78.5702	-78.57	-78.5724	-78.5761	-78.5804	-78.5848	-78.5891	-78.5931	-78.5966	-78.5996	-78.6022	-78.6042	-78.6058	-78.6068	-78.6075	-78.6077	-78.6077	-78.6073	-78.6066	-78.6057	-78.6046	-78.6033	-78.6019	-78.6004	-78.5989	-78.5974	-78.5959	-78.5944	-78.5929	-78.5916	-78.5904	-78.5894	-78.5885	-78.5878	-78.5874	-78.5872	-78.5872	-78.5875	-78.5882	-78.5891	-78.5903	-78.5919	-78.5938	-78.5962	-78.599	-78.6024	-78.6063	-78.6109
4.76	-78.5724	-78.5722	-78.5746	-78.5783	-78.5826	-78.587	-78.5913	-78.5952	-78.5987	-78.6018	-78.6043	-78.6063	-78.6079	-78.609	-78.6096	-78.6099	-78.6098	-78.6094	-78.6087	-78.6078	-78.6067	-78.6055	-78.6041	-78.6026	-78.6011	-78.5996	-78.5981	-78.5966	-78.5952	-78.5938	-78.5927	-78.5916	-78.5907	-78.5901	-78.5896	-78.5894	-78.5895	-78.5898	-78.5904	-78.5913	-78.5925	-78.5941	-78.596	-78.5984	-78.6012	-78.6046	-78.6085	-78.6131
4.765	-78.5746	-78.5744	-78.5767	-78.5804	-78.5847	-78.5891	-78.5934	-78.5973	-78.6009	-78.6039	-78.6064	-78.6085	-78.61	-78.6111	-78.6118	-78.612	-78.612	-78.6116	-78.6109	-78.61	-78.6089	-78.6076	-78.6063	-78.6048	-78.6033	-78.6018	-78.6003	-78.5988	-78.5974	-78.5961	-78.5949	-78.5938	-78.593	-78.5923	-78.5918	-78.5916	-78.5917	-78.592	-78.5926	-78.5935	-78.5947	-78.5963	-78.5982	-78.6006	-78.6034	-78.6067	-78.6107	-78.6152
4.77	-78.5767	-78.5765	-78.5789	-78.5826	-78.5869	-78.5913	-78.5955	-78.5995	-78.603	-78.606	-78.6086	-78.6106	-78.6122	-78.6132	-78.6139	-78.6142	-78.6141	-78.6137	-78.613	-78.6121	-78.6111	-78.6098	-78.6084	-78.607	-78.6055	-78.604	-78.6024	-78.601	-78.5996	-78.5983	-78.5971	-78.596	-78.5952	-78.5945	-78.5941	-78.5938	-78.5939	-78.5942	-78.5948	-78.5957	-78.5969	-78.5985	-78.6004	-78.6028	-78.6056	-78.6089	-78.6128	-78.6174
4.775	-78.5788	-78.5787	-78.581	-78.5847	-78.589	-78.5934	-78.5977	-78.6016	-78.6051	-78.6081	-78.6107	-78.6127	-78.6143	-78.6154	-78.616	-78.6163	-78.6162	-78.6158	-78.6152	-78.6143	-78.6132	-78.612	-78.6106	-78.6092	-78.6077	-78.6061	-78.6046	-78.6032	-78.6018	-78.6005	-78.5993	-78.5982	-78.5974	-78.5967	-78.5963	-78.5961	-78.5961	-78.5964	-78.597	-78.5979	-78.5991	-78.6007	-78.6026	-78.605	-78.6078	-78.6111	-78.615	-78.6196
4.78	-78.581	-78.5808	-78.5831	-78.5868	-78.5911	-78.5955	-78.5998	-78.6037	-78.6072	-78.6103	-78.6128	-78.6148	-78.6164	-78.6175	-78.6182	-78.6184	-78.6184	-78.618	-78.6173	-78.6164	-78.6154	-78.6141	-78.6128	-78.6113	-78.6098	-78.6083	-78.6068	-78.6054	-78.604	-78.6027	-78.6015	-78.6004	-78.5996	-78.5989	-78.5985	-78.5983	-78.5983	-78.5986	-78.5992	-78.6001	-78.6013	-78.6029	-78.6048	-78.6071	-78.6099	-78.6133	-78.6172	-78.6217
4.785	-78.5831	-78.5829	-78.5853	-78.589	-78.5932	-78.5976	-78.6019	-78.6058	-78.6093	-78.6124	-78.6149	-78.617	-78.6185	-78.6196	-78.6203	-78.6206	-78.6205	-78.6201	-78.6195	-78.6186	-78.6175	-78.6163	-78.6149	-78.6135	-78.612	-78.6105	-78.609	-78.6075	-78.6061	-78.6048	-78.6037	-78.6026	-78.6018	-78.6011	-78.6007	-78.6005	-78.6005	-78.6008	-78.6014	-78.6023	-78.6035	-78.6051	-78.607	-78.6093	-78.6121	-78.6154	-78.6193	-78.6239
4.79	-78.5853	-78.5851	-78.5874	-78.5911	-78.5954	-78.5998	-78.604	-78.6079	-78.6115	-78.6145	-78.617	-78.6191	-78.6206	-78.6217	-78.6224	-78.6227	-78.6226	-78.6222	-78.6216	-78.6207	-78.6196	-78.6184	-78.6171	-78.6156	-78.6142	-78.6127	-78.6112	-78.6097	-78.6083	-78.607	-78.6059	-78.6048	-78.604	-78.6033	-78.6029	-78.6027	-78.6027	-78.603	-78.6036	-78.6045	-78.6057	-78.6073	-78.6092	-78.6115	-78.6143	-78.6176	-78.6215	-78.626
4.795	-78.5874	-78.5872	-78.5895	-78.5932	-78.5975	-78.6019	-78.6061	-78.61	-78.6136	-78.6166	-78.6191	-78.6212	-78.6227	-78.6238	-78.6245	-78.6248	-78.6247	-78.6244	-78.6237	-78.6228	-78.6218	-78.6206	-78.6192	-78.6178	-78.6163	-78.6148	-78.6133	-78.6119	-78.6105	-78.6092	-78.608	-78.607	-78.6062	-78.6055	-78.6051	-78.6049	-78.6049	-78.6052	-78.6058	-78.6067	-78.6079	-78.6095	-78.6114	-78.6137	-78.6164	-78.6197	-78.6236	-78.6282
4.8	-78.5895	-78.5893	-78.5917	-78.5953	-78.5996	-78.604	-78.6082	-78.6122	-78.6157	-78.6187	-78.6212	-78.6233	-78.6248	-78.6259	-78.6266	-78.6269	-78.6268	-78.6265	-78.6258	-78.625	-78.6239	-78.6227	-78.6214	-78.6199	-78.6185	-78.617	-78.6155	-78.6141	-78.6127	-78.6114	-78.6102	-78.6092	-78.6084	-78.6077	-78.6073	-78.6071	-78.6071	-78.6074	-78.608	-78.6089	-78.6101	-78.6116	-78.6135	-78.6158	-78.6186	-78.6219	-78.6258	-78.6303
4.805	-78.5916	-78.5914	-78.5938	-78.5975	-78.6017	-78.6061	-78.6103	-78.6143	-78.6178	-78.6208	-78.6233	-78.6254	-78.6269	-78.628	-78.6287	-78.629	-78.6289	-78.6286	-78.628	-78.6271	-78.626	-78.6248	-78.6235	-78.6221	-78.6206	-78.6191	-78.6177	-78.6162	-78.6148	-78.6136	-78.6124	-78.6114	-78.6105	-78.6099	-78.6094	-78.6092	-78.6093	-78.6096	-78.6102	-78.6111	-78.6123	-78.6138	-78.6157	-78.618	-78.6208	-78.624	-78.6279	-78.6324
4.81	-78.5938	-78.5936	-78.5959	-78.5996	-78.6038	-78.6082	-78.6124	-78.6163	-78.6198	-78.6229	-78.6254	-78.6275	-78.629	-78.6301	-78.6308	-78.6311	-78.6311	-78.6307	-78.6301	-78.6292	-78.6282	-78.627	-78.6256	-78.6242	-78.6228	-78.6213	-78.6198	-78.6184	-78.617	-78.6157	-78.6146	-78.6136	-78.6127	-78.6121	-78.6116	-78.6114	-78.6115	-78.6118	-78.6124	-78.6132	-78.6144	-78.616	-78.6179	-78.6201	-78.6229	-78.6262	-78.6301	-78.6345
4.815	-78.5959	-78.5957	-78.598	-78.6017	-78.6059	-78.6103	-78.6145	-78.6184	-78.6219	-78.625	-78.6275	-78.6295	-78.6311	-78.6322	-78.6329	-78.6332	-78.6331	-78.6328	-78.6322	-78.6313	-78.6303	-78.6291	-78.6278	-78.6264	-78.6249	-78.6234	-78.6219	-78.6205	-78.6192	-78.6179	-78.6167	-78.6157	-78.6149	-78.6142	-78.6138	-78.6136	-78.6136	-78.6139	-78.6145	-78.6154	-78.6166	-78.6181	-78.62	-78.6223	-78.625	-78.6283	-78.6322	-78.6367
4.82	-78.598	-78.5978	-78.6001	-78.6038	-78.608	-78.6124	-78.6166	-78.6205	-78.624	-78.627	-78.6296	-78.6316	-78.6332	-78.6343	-78.635	-78.6353	-78.6352	-78.6349	-78.6343	-78.6334	-78.6324	-78.6312	-78.6299	-78.6285	-78.627	-78.6256	-78.6241	-78.6227	-78.6213	-78.62	-78.6189	-78.6179	-78.6171	-78.6164	-78.616	-78.6158	-78.6158	-78.6161	-78.6167	-78.6176	-78.6188	-78.6203	-78.6222	-78.6244	-78.6272	-78.6304	-78.6343	-78.6388
4.825	-78.6001	-78.5999	-78.6022	-78.6059	-78.6101	-78.6145	-78.6187	-78.6226	-78.6261	-78.6291	-78.6317	-78.6337	-78.6353	-78.6364	-78.6371	-78.6374	-78.6373	-78.637	-78.6364	-78.6355	-78.6345	-78.6333	-78.632	-78.6306	-78.6292	-78.6277	-78.6262	-78.6248	-78.6235	-78.6222	-78.621	-78.62	-78.6192	-78.6186	-78.6181	-78.6179	-78.618	-78.6183	-78.6189	-78.6197	-78.6209	-78.6224	-78.6243	-78.6266	-78.6293	-78.6326	-78.6364	-78.6409
4.83	-78.6022	-78.602	-78.6043	-78.6079	-78.6122	-78.6165	-78.6208	-78.6247	-78.6282	-78.6312	-78.6337	-78.6358	-78.6373	-78.6385	-78.6391	-78.6395	-78.6394	-78.6391	-78.6385	-78.6376	-78.6366	-78.6354	-78.6341	-78.6327	-78.6313	-78.6298	-78.6284	-78.6269	-78.6256	-78.6243	-78.6232	-78.6222	-78.6214	-78.6207	-78.6203	-78.6201	-78.6201	-78.6204	-78.621	-78.6219	-78.6231	-78.6246	-78.6264	-78.6287	-78.6314	-78.6347	-78.6385	-78.643
4.835	-78.6043	-78.6041	-78.6064	-78.61	-78.6143	-78.6186	-78.6228	-78.6267	-78.6302	-78.6333	-78.6358	-78.6378	-78.6394	-78.6405	-78.6412	-78.6415	-78.6415	-78.6412	-78.6405	-78.6397	-78.6387	-78.6375	-78.6362	-78.6348	-78.6334	-78.6319	-78.6305	-78.6291	-78.6277	-78.6265	-78.6253	-78.6243	-78.6235	-78.6229	-78.6224	-78.6222	-78.6223	-78.6226	-78.6232	-78.624	-78.6252	-78.6267	-78.6286	-78.6308	-78.6336	-78.6368	-78.6406	-78.6451
4.84	-78.6064	-78.6062	-78.6085	-78.6121	-78.6163	-78.6207	-78.6249	-78.6288	-78.6323	-78.6353	-78.6379	-78.6399	-78.6415	-78.6426	-78.6433	-78.6436	-78.6436	-78.6432	-78.6426	-78.6418	-78.6408	-78.6396	-78.6383	-78.6369	-78.6355	-78.6341	-78.6326	-78.6312	-78.6299	-78.6286	-78.6275	-78.6265	-78.6257	-78.625	-78.6246	-78.6244	-78.6244	-78.6247	-78.6253	-78.6262	-78.6273	-78.6288	-78.6307	-78.633	-78.6357	-78.6389	-78.6427	-78.6472
4.845	-78.6084	-78.6082	-78.6105	-78.6142	-78.6184	-78.6228	-78.627	-78.6309	-78.6344	-78.6374	-78.6399	-78.642	-78.6435	-78.6446	-78.6453	-78.6457	-78.6456	-78.6453	-78.6447	-78.6439	-78.6429	-78.6417	-78.6404	-78.639	-78.6376	-78.6362	-78.6347	-78.6333	-78.632	-78.6307	-78.6296	-78.6286	-78.6278	-78.6272	-78.6267	-78.6265	-78.6266	-78.6269	-78.6274	-78.6283	-78.6295	-78.631	-78.6328	-78.6351	-78.6378	-78.641	-78.6448	-78.6493
4.85	-78.6105	-78.6103	-78.6126	-78.6163	-78.6205	-78.6248	-78.629	-78.6329	-78.6364	-78.6394	-78.642	-78.644	-78.6456	-78.6467	-78.6474	-78.6477	-78.6477	-78.6474	-78.6468	-78.646	-78.645	-78.6438	-78.6425	-78.6412	-78.6397	-78.6383	-78.6368	-78.6355	-78.6341	-78.6329	-78.6317	-78.6308	-78.6299	-78.6293	-78.6289	-78.6287	-78.6287	-78.629	-78.6296	-78.6304	-78.6316	-78.6331	-78.6349	-78.6372	-78.6399	-78.6431	-78.6469	-78.6514
4.855	-78.6126	-78.6124	-78.6147	-78.6183	-78.6226	-78.6269	-78.6311	-78.635	-78.6385	-78.6415	-78.644	-78.6461	-78.6476	-78.6488	-78.6495	-78.6498	-78.6498	-78.6494	-78.6489	-78.648	-78.647	-78.6459	-78.6446	-78.6432	-78.6418	-78.6404	-78.639	-78.6376	-78.6362	-78.635	-78.6339	-78.6329	-78.6321	-78.6314	-78.631	-78.6308	-78.6308	-78.6311	-78.6317	-78.6326	-78.6337	-78.6352	-78.6371	-78.6393	-78.642	-78.6452	-78.649	-78.6535
4.86	-78.6147	-78.6145	-78.6168	-78.6204	-78.6246	-78.629	-78.6331	-78.637	-78.6405	-78.6435	-78.6461	-78.6481	-78.6497	-78.6508	-78.6515	-78.6518	-78.6518	-78.6515	-78.6509	-78.6501	-78.6491	-78.648	-78.6467	-78.6453	-78.6439	-78.6425	-78.6411	-78.6397	-78.6384	-78.6371	-78.636	-78.635	-78.6342	-78.6336	-78.6331	-78.6329	-78.633	-78.6333	-78.6338	-78.6347	-78.6358	-78.6373	-78.6392	-78.6414	-78.6441	-78.6473	-78.6511	-78.6555
4.865	-78.6167	-78.6165	-78.6188	-78.6225	-78.6267	-78.631	-78.6352	-78.6391	-78.6426	-78.6456	-78.6481	-78.6502	-78.6517	-78.6529	-78.6536	-78.6539	-78.6539	-78.6536	-78.653	-78.6522	-78.6512	-78.65	-78.6488	-78.6474	-78.646	-78.6446	-78.6432	-78.6418	-78.6405	-78.6392	-78.6381	-78.6371	-78.6363	-78.6357	-78.6353	-78.635	-78.6351	-78.6354	-78.6359	-78.6368	-78.638	-78.6394	-78.6413	-78.6435	-78.6462	-78.6494	-78.6532	-78.6576
4.87	-78.6188	-78.6186	-78.6209	-78.6245	-78.6287	-78.633	-78.6372	-78.6411	-78.6446	-78.6476	-78.6501	-78.6522	-78.6538	-78.6549	-78.6556	-78.6559	-78.6559	-78.6556	-78.655	-78.6542	-78.6533	-78.6521	-78.6508	-78.6495	-78.6481	-78.6467	-78.6453	-78.6439	-78.6426	-78.6413	-78.6402	-78.6392	-78.6384	-78.6378	-78.6374	-78.6372	-78.6372	-78.6375	-78.6381	-78.6389	-78.6401	-78.6415	-78.6434	-78.6456	-78.6483	-78.6515	-78.6553	-78.6597
4.875	-78.6209	-78.6207	-78.6229	-78.6266	-78.6308	-78.6351	-78.6393	-78.6432	-78.6466	-78.6497	-78.6522	-78.6542	-78.6558	-78.6569	-78.6576	-78.658	-78.658	-78.6577	-78.6571	-78.6563	-78.6553	-78.6542	-78.6529	-78.6516	-78.6502	-78.6488	-78.6474	-78.646	-78.6447	-78.6434	-78.6423	-78.6413	-78.6405	-78.6399	-78.6395	-78.6393	-78.6393	-78.6396	-78.6402	-78.641	-78.6422	-78.6436	-78.6455	-78.6477	-78.6504	-78.6536	-78.6573	-78.6617
4.88	-78.6229	-78.6227	-78.625	-78.6286	-78.6328	-78.6371	-78.6413	-78.6452	-78.6487	-78.6517	-78.6542	-78.6562	-78.6578	-78.659	-78.6597	-78.66	-78.66	-78.6597	-78.6591	-78.6584	-78.6574	-78.6562	-78.655	-78.6536	-78.6523	-78.6508	-78.6494	-78.6481	-78.6468	-78.6455	-78.6444	-78.6435	-78.6426	-78.642	-78.6416	-78.6414	-78.6414	-78.6417	-78.6423	-78.6431	-78.6443	-78.6457	-78.6476	-78.6498	-78.6524	-78.6556	-78.6594	-78.6638
4.885	-78.625	-78.6248	-78.627	-78.6307	-78.6348	-78.6392	-78.6433	-78.6472	-78.6507	-78.6537	-78.6562	-78.6583	-78.6599	-78.661	-78.6617	-78.662	-78.662	-78.6618	-78.6612	-78.6604	-78.6594	-78.6583	-78.6571	-78.6557	-78.6543	-78.6529	-78.6515	-78.6502	-78.6488	-78.6476	-78.6465	-78.6456	-78.6447	-78.6441	-78.6437	-78.6435	-78.6435	-78.6438	-78.6444	-78.6452	-78.6464	-78.6478	-78.6496	-78.6519	-78.6545	-78.6577	-78.6615	-78.6658
4.89	-78.627	-78.6268	-78.6291	-78.6327	-78.6369	-78.6412	-78.6454	-78.6492	-78.6527	-78.6557	-78.6582	-78.6603	-78.6619	-78.663	-78.6637	-78.6641	-78.6641	-78.6638	-78.6632	-78.6624	-78.6615	-78.6603	-78.6591	-78.6578	-78.6564	-78.655	-78.6536	-78.6522	-78.6509	-78.6497	-78.6486	-78.6477	-78.6468	-78.6462	-78.6458	-78.6456	-78.6456	-78.6459	-78.6465	-78.6473	-78.6485	-78.6499	-78.6517	-78.6539	-78.6566	-78.6598	-78.6635	-78.6679
4.895	-78.6291	-78.6288	-78.6311	-78.6347	-78.6389	-78.6432	-78.6474	-78.6513	-78.6547	-78.6577	-78.6603	-78.6623	-78.6639	-78.665	-78.6658	-78.6661	-78.6661	-78.6658	-78.6653	-78.6645	-78.6635	-78.6624	-78.6612	-78.6598	-78.6585	-78.6571	-78.6557	-78.6543	-78.653	-78.6518	-78.6507	-78.6497	-78.6489	-78.6483	-78.6479	-78.6477	-78.6477	-78.648	-78.6486	-78.6494	-78.6505	-78.652	-78.6538	-78.656	-78.6586	-78.6618	-78.6656	-78.6699
4.9	-78.6311	-78.6309	-78.6332	-78.6368	-78.6409	-78.6452	-78.6494	-78.6533	-78.6567	-78.6598	-78.6623	-78.6643	-78.6659	-78.667	-78.6678	-78.6681	-78.6681	-78.6678	-78.6673	-78.6665	-78.6656	-78.6644	-78.6632	-78.6619	-78.6605	-78.6591	-78.6577	-78.6564	-78.6551	-78.6539	-78.6528	-78.6518	-78.651	-78.6504	-78.65	-78.6498	-78.6498	-78.6501	-78.6507	-78.6515	-78.6526	-78.6541	-78.6559	-78.6581	-78.6607	-78.6639	-78.6676	-78.672
4.905	-78.6331	-78.6329	-78.6352	-78.6388	-78.643	-78.6473	-78.6514	-78.6553	-78.6588	-78.6618	-78.6643	-78.6663	-78.6679	-78.6691	-78.6698	-78.6701	-78.6702	-78.6699	-78.6693	-78.6685	-78.6676	-78.6665	-78.6653	-78.6639	-78.6626	-78.6612	-78.6598	-78.6584	-78.6572	-78.656	-78.6549	-78.6539	-78.6531	-78.6525	-78.6521	-78.6519	-78.6519	-78.6522	-78.6527	-78.6536	-78.6547	-78.6561	-78.6579	-78.6601	-78.6628	-78.6659	-78.6697	-78.674
4.91	-78.6352	-78.6349	-78.6372	-78.6408	-78.645	-78.6493	-78.6534	-78.6573	-78.6608	-78.6638	-78.6663	-78.6683	-78.6699	-78.6711	-78.6718	-78.6721	-78.6722	-78.6719	-78.6713	-78.6706	-78.6696	-78.6685	-78.6673	-78.666	-78.6646	-78.6632	-78.6619	-78.6605	-78.6592	-78.658	-78.6569	-78.656	-78.6552	-78.6546	-78.6542	-78.654	-78.654	-78.6543	-78.6548	-78.6556	-78.6568	-78.6582	-78.66	-78.6622	-78.6648	-78.668	-78.6717	-78.676
4.915	-78.6372	-78.637	-78.6392	-78.6428	-78.647	-78.6513	-78.6554	-78.6593	-78.6628	-78.6658	-78.6683	-78.6703	-78.6719	-78.6731	-78.6738	-78.6742	-78.6742	-78.6739	-78.6734	-78.6726	-78.6716	-78.6705	-78.6693	-78.668	-78.6667	-78.6653	-78.6639	-78.6626	-78.6613	-78.6601	-78.659	-78.6581	-78.6573	-78.6566	-78.6562	-78.656	-78.6561	-78.6563	-78.6569	-78.6577	-78.6588	-78.6603	-78.6621	-78.6642	-78.6669	-78.67	-78.6737	-78.6781
4.92	-78.6392	-78.639	-78.6413	-78.6448	-78.649	-78.6533	-78.6574	-78.6613	-78.6648	-78.6678	-78.6703	-78.6723	-78.6739	-78.6751	-78.6758	-78.6762	-78.6762	-78.6759	-78.6754	-78.6746	-78.6737	-78.6726	-78.6714	-78.6701	-78.6687	-78.6673	-78.666	-78.6646	-78.6633	-78.6622	-78.6611	-78.6601	-78.6593	-78.6587	-78.6583	-78.6581	-78.6581	-78.6584	-78.659	-78.6598	-78.6609	-78.6623	-78.6641	-78.6663	-78.6689	-78.672	-78.6758	-78.6801
4.925	-78.6412	-78.641	-78.6433	-78.6469	-78.651	-78.6553	-78.6594	-78.6633	-78.6667	-78.6697	-78.6723	-78.6743	-78.6759	-78.6771	-78.6778	-78.6782	-78.6782	-78.6779	-78.6774	-78.6766	-78.6757	-78.6746	-78.6734	-78.6721	-78.6707	-78.6694	-78.668	-78.6667	-78.6654	-78.6642	-78.6631	-78.6622	-78.6614	-78.6608	-78.6604	-78.6602	-78.6602	-78.6605	-78.661	-78.6618	-78.663	-78.6644	-78.6662	-78.6683	-78.6709	-78.6741	-78.6778	-78.6821
4.93	-78.6432	-78.643	-78.6453	-78.6489	-78.653	-78.6573	-78.6614	-78.6653	-78.6687	-78.6717	-78.6743	-78.6763	-78.6779	-78.679	-78.6798	-78.6801	-78.6802	-78.6799	-78.6794	-78.6786	-78.6777	-78.6766	-78.6754	-78.6741	-78.6728	-78.6714	-78.6701	-78.6687	-78.6674	-78.6663	-78.6652	-78.6642	-78.6635	-78.6628	-78.6624	-78.6622	-78.6623	-78.6625	-78.6631	-78.6639	-78.665	-78.6664	-78.6682	-78.6704	-78.673	-78.6761	-78.6798	-78.6841
4.935	-78.6452	-78.645	-78.6473	-78.6509	-78.655	-78.6593	-78.6634	-78.6673	-78.6707	-78.6737	-78.6762	-78.6783	-78.6799	-78.681	-78.6818	-78.6821	-78.6822	-78.6819	-78.6814	-78.6806	-78.6797	-78.6786	-78.6774	-78.6761	-78.6748	-78.6734	-78.6721	-78.6708	-78.6695	-78.6683	-78.6672	-78.6663	-78.6655	-78.6649	-78.6645	-78.6643	-78.6643	-78.6646	-78.6651	-78.6659	-78.6671	-78.6685	-78.6702	-78.6724	-78.675	-78.6781	-78.6818	-78.6861
4.94	-78.6473	-78.647	-78.6493	-78.6529	-78.657	-78.6613	-78.6654	-78.6693	-78.6727	-78.6757	-78.6782	-78.6803	-78.6819	-78.683	-78.6838	-78.6841	-78.6842	-78.6839	-78.6834	-78.6826	-78.6817	-78.6806	-78.6794	-78.6782	-78.6768	-78.6755	-78.6741	-78.6728	-78.6715	-78.6704	-78.6693	-78.6684	-78.6676	-78.667	-78.6665	-78.6663	-78.6664	-78.6666	-78.6672	-78.668	-78.6691	-78.6705	-78.6723	-78.6744	-78.677	-78.6801	-78.6838	-78.6881
4.945	-78.6493	-78.649	-78.6513	-78.6549	-78.659	-78.6633	-78.6674	-78.6712	-78.6747	-78.6777	-78.6802	-78.6822	-78.6838	-78.685	-78.6857	-78.6861	-78.6861	-78.6859	-78.6854	-78.6846	-78.6837	-78.6826	-78.6815	-78.6802	-78.6788	-78.6775	-78.6761	-78.6748	-78.6736	-78.6724	-78.6713	-78.6704	-78.6696	-78.669	-78.6686	-78.6684	-78.6684	-78.6687	-78.6692	-78.67	-78.6711	-78.6726	-78.6743	-78.6765	-78.679	-78.6821	-78.6858	-78.6901
4.95	-78.6513	-78.651	-78.6533	-78.6568	-78.661	-78.6652	-78.6694	-78.6732	-78.6767	-78.6796	-78.6822	-78.6842	-78.6858	-78.687	-78.6877	-78.6881	-78.6881	-78.6879	-78.6874	-78.6866	-78.6857	-78.6846	-78.6835	-78.6822	-78.6809	-78.6795	-78.6782	-78.6769	-78.6756	-78.6744	-78.6734	-78.6724	-78.6717	-78.671	-78.6706	-78.6704	-78.6705	-78.6707	-78.6713	-78.6721	-78.6732	-78.6746	-78.6763	-78.6785	-78.6811	-78.6842	-78.6878	-78.6921
4.955	-78.6533	-78.653	-78.6553	-78.6588	-78.663	-78.6672	-78.6713	-78.6752	-78.6786	-78.6816	-78.6841	-78.6862	-78.6878	-78.6889	-78.6897	-78.6901	-78.6901	-78.6899	-78.6893	-78.6886	-78.6877	-78.6866	-78.6855	-78.6842	-78.6829	-78.6815	-78.6802	-78.6789	-78.6776	-78.6765	-78.6754	-78.6745	-78.6737	-78.6731	-78.6727	-78.6725	-78.6725	-78.6728	-78.6733	-78.6741	-78.6752	-78.6766	-78.6784	-78.6805	-78.6831	-78.6862	-78.6898	-78.6941
4.96	-78.6552	-78.655	-78.6572	-78.6608	-78.6649	-78.6692	-78.6733	-78.6771	-78.6806	-78.6836	-78.6861	-78.6881	-78.6897	-78.6909	-78.6916	-78.692	-78.6921	-78.6918	-78.6913	-78.6906	-78.6897	-78.6886	-78.6875	-78.6862	-78.6849	-78.6835	-78.6822	-78.6809	-78.6796	-78.6785	-78.6774	-78.6765	-78.6757	-78.6751	-78.6747	-78.6745	-78.6745	-78.6748	-78.6753	-78.6761	-78.6772	-78.6786	-78.6804	-78.6825	-78.6851	-78.6881	-78.6918	-78.6961
4.965	-78.6572	-78.657	-78.6592	-78.6628	-78.6669	-78.6712	-78.6753	-78.6791	-78.6825	-78.6855	-78.688	-78.6901	-78.6917	-78.6928	-78.6936	-78.694	-78.694	-78.6938	-78.6933	-78.6926	-78.6917	-78.6906	-78.6895	-78.6882	-78.6869	-78.6855	-78.6842	-78.6829	-78.6817	-78.6805	-78.6795	-78.6785	-78.6777	-78.6771	-78.6767	-78.6765	-78.6766	-78.6768	-78.6774	-78.6782	-78.6793	-78.6806	-78.6824	-78.6845	-78.6871	-78.6901	-78.6938	-78.6981
4.97	-78.6592	-78.659	-78.6612	-78.6648	-78.6689	-78.6731	-78.6772	-78.6811	-78.6845	-78.6875	-78.69	-78.6921	-78.6936	-78.6948	-78.6956	-78.696	-78.696	-78.6958	-78.6953	-78.6946	-78.6937	-78.6926	-78.6914	-78.6902	-78.6889	-78.6875	-78.6862	-78.6849	-78.6837	-78.6825	-78.6815	-78.6805	-78.6798	-78.6792	-78.6788	-78.6786	-78.6786	-78.6789	-78.6794	-78.6802	-78.6813	-78.6827	-78.6844	-78.6865	-78.6891	-78.6921	-78.6958	-78.7
4.975	-78.6612	-78.661	-78.6632	-78.6667	-78.6708	-78.6751	-78.6792	-78.683	-78.6865	-78.6894	-78.692	-78.694	-78.6956	-78.6968	-78.6975	-78.6979	-78.698	-78.6977	-78.6972	-78.6965	-78.6956	-78.6946	-78.6934	-78.6922	-78.6909	-78.6895	-78.6882	-78.6869	-78.6857	-78.6845	-78.6835	-78.6826	-78.6818	-78.6812	-78.6808	-78.6806	-78.6806	-78.6809	-78.6814	-78.6822	-78.6833	-78.6847	-78.6864	-78.6885	-78.6911	-78.6941	-78.6978	-78.702
4.98	-78.6632	-78.6629	-78.6652	-78.6687	-78.6728	-78.677	-78.6812	-78.685	-78.6884	-78.6914	-78.6939	-78.696	-78.6975	-78.6987	-78.6995	-78.6999	-78.6999	-78.6997	-78.6992	-78.6985	-78.6976	-78.6966	-78.6954	-78.6942	-78.6929	-78.6915	-78.6902	-78.6889	-78.6877	-78.6865	-78.6855	-78.6846	-78.6838	-78.6832	-78.6828	-78.6826	-78.6826	-78.6829	-78.6834	-78.6842	-78.6853	-78.6867	-78.6884	-78.6905	-78.693	-78.6961	-78.6997	-78.704
4.985	-78.6651	-78.6649	-78.6671	-78.6707	-78.6748	-78.679	-78.6831	-78.6869	-78.6903	-78.6933	-78.6958	-78.6979	-78.6995	-78.7007	-78.7014	-78.7018	-78.7019	-78.7016	-78.7012	-78.7005	-78.6996	-78.6985	-78.6974	-78.6961	-78.6948	-78.6935	-78.6922	-78.6909	-78.6897	-78.6885	-78.6875	-78.6866	-78.6858	-78.6852	-78.6848	-78.6846	-78.6846	-78.6849	-78.6854	-78.6862	-78.6873	-78.6887	-78.6904	-78.6925	-78.695	-78.6981	-78.7017	-78.7059
4.99	-78.6671	-78.6669	-78.6691	-78.6726	-78.6767	-78.6809	-78.685	-78.6889	-78.6923	-78.6953	-78.6978	-78.6998	-78.7014	-78.7026	-78.7034	-78.7038	-78.7038	-78.7036	-78.7031	-78.7024	-78.7015	-78.7005	-78.6993	-78.6981	-78.6968	-78.6955	-78.6942	-78.6929	-78.6917	-78.6906	-78.6895	-78.6886	-78.6878	-78.6872	-78.6868	-78.6866	-78.6867	-78.6869	-78.6874	-78.6882	-78.6893	-78.6907	-78.6924	-78.6945	-78.697	-78.7001	-78.7037	-78.7079
4.995	-78.6691	-78.6688	-78.671	-78.6746	-78.6787	-78.6829	-78.687	-78.6908	-78.6942	-78.6972	-78.6997	-78.7018	-78.7034	-78.7045	-78.7053	-78.7057	-78.7058	-78.7055	-78.7051	-78.7044	-78.7035	-78.7025	-78.7013	-78.7001	-78.6988	-78.6975	-78.6962	-78.6949	-78.6937	-78.6925	-78.6915	-78.6906	-78.6898	-78.6892	-78.6888	-78.6886	-78.6887	-78.6889	-78.6894	-78.6902	-78.6913	-78.6926	-78.6944	-78.6964	-78.699	-78.702	-78.7056	-78.7098
5	-78.671	-78.6708	-78.673	-78.6765	-78.6806	-78.6848	-78.6889	-78.6927	-78.6962	-78.6991	-78.7016	-78.7037	-78.7053	-78.7065	-78.7072	-78.7076	-78.7077	-78.7075	-78.707	-78.7063	-78.7054	-78.7044	-78.7033	-78.7021	-78.7008	-78.6995	-78.6982	-78.6969	-78.6957	-78.6945	-78.6935	-78.6926	-78.6918	-78.6912	-78.6908	-78.6906	-78.6907	-78.6909	-78.6914	-78.6922	-78.6933	-78.6946	-78.6963	-78.6984	-78.701	-78.704	-78.7076	-78.7118
5.005	-78.673	-78.6727	-78.6749	-78.6785	-78.6825	-78.6868	-78.6909	-78.6947	-78.6981	-78.7011	-78.7036	-78.7056	-78.7072	-78.7084	-78.7092	-78.7096	-78.7096	-78.7094	-78.709	-78.7083	-78.7074	-78.7064	-78.7052	-78.704	-78.7027	-78.7014	-78.7001	-78.6989	-78.6977	-78.6965	-78.6955	-78.6946	-78.6938	-78.6932	-78.6928	-78.6926	-78.6927	-78.6929	-78.6934	-78.6942	-78.6953	-78.6966	-78.6983	-78.7004	-78.7029	-78.7059	-78.7095	-78.7137
5.01	-78.6749	-78.6747	-78.6769	-78.6804	-78.6845	-78.6887	-78.6928	-78.6966	-78.7	-78.703	-78.7055	-78.7075	-78.7091	-78.7103	-78.7111	-78.7115	-78.7116	-78.7114	-78.7109	-78.7102	-78.7093	-78.7083	-78.7072	-78.706	-78.7047	-78.7034	-78.7021	-78.7009	-78.6996	-78.6985	-78.6975	-78.6966	-78.6958	-78.6952	-78.6948	-78.6946	-78.6946	-78.6949	-78.6954	-78.6962	-78.6972	-78.6986	-78.7003	-78.7024	-78.7049	-78.7079	-78.7115	-78.7157
5.015	-78.6769	-78.6766	-78.6788	-78.6823	-78.6864	-78.6906	-78.6947	-78.6985	-78.7019	-78.7049	-78.7074	-78.7095	-78.7111	-78.7122	-78.713	-78.7134	-78.7135	-78.7133	-78.7128	-78.7122	-78.7113	-78.7103	-78.7091	-78.7079	-78.7067	-78.7054	-78.7041	-78.7028	-78.7016	-78.7005	-78.6995	-78.6986	-78.6978	-78.6972	-78.6968	-78.6966	-78.6966	-78.6969	-78.6974	-78.6982	-78.6992	-78.7006	-78.7023	-78.7043	-78.7068	-78.7098	-78.7134	-78.7176
5.02	-78.6788	-78.6786	-78.6808	-78.6843	-78.6884	-78.6926	-78.6966	-78.7004	-78.7038	-78.7068	-78.7093	-78.7114	-78.713	-78.7141	-78.7149	-78.7153	-78.7154	-78.7152	-78.7148	-78.7141	-78.7132	-78.7122	-78.7111	-78.7099	-78.7086	-78.7073	-78.706	-78.7048	-78.7036	-78.7025	-78.7014	-78.7005	-78.6998	-78.6992	-78.6988	-78.6986	-78.6986	-78.6989	-78.6994	-78.7001	-78.7012	-78.7025	-78.7042	-78.7063	-78.7088	-78.7118	-78.7154	-78.7195
5.025	-78.6807	-78.6805	-78.6827	-78.6862	-78.6903	-78.6945	-78.6986	-78.7023	-78.7058	-78.7087	-78.7112	-78.7133	-78.7149	-78.7161	-78.7168	-78.7173	-78.7173	-78.7171	-78.7167	-78.716	-78.7152	-78.7142	-78.713	-78.7118	-78.7106	-78.7093	-78.708	-78.7067	-78.7056	-78.7044	-78.7034	-78.7025	-78.7018	-78.7012	-78.7008	-78.7006	-78.7006	-78.7008	-78.7013	-78.7021	-78.7032	-78.7045	-78.7062	-78.7082	-78.7107	-78.7137	-78.7173	-78.7215
5.03	-78.6827	-78.6824	-78.6846	-78.6881	-78.6922	-78.6964	-78.7005	-78.7043	-78.7077	-78.7106	-78.7131	-78.7152	-78.7168	-78.718	-78.7188	-78.7192	-78.7193	-78.7191	-78.7186	-78.7179	-78.7171	-78.7161	-78.715	-78.7138	-78.7125	-78.7112	-78.71	-78.7087	-78.7075	-78.7064	-78.7054	-78.7045	-78.7037	-78.7031	-78.7027	-78.7025	-78.7026	-78.7028	-78.7033	-78.7041	-78.7051	-78.7065	-78.7081	-78.7102	-78.7127	-78.7157	-78.7192	-78.7234
5.035	-78.6846	-78.6844	-78.6866	-78.6901	-78.6941	-78.6983	-78.7024	-78.7062	-78.7096	-78.7125	-78.715	-78.7171	-78.7187	-78.7199	-78.7207	-78.7211	-78.7212	-78.721	-78.7205	-78.7199	-78.719	-78.718	-78.7169	-78.7157	-78.7145	-78.7132	-78.7119	-78.7107	-78.7095	-78.7084	-78.7073	-78.7064	-78.7057	-78.7051	-78.7047	-78.7045	-78.7045	-78.7048	-78.7053	-78.706	-78.7071	-78.7084	-78.7101	-78.7121	-78.7146	-78.7176	-78.7212	-78.7253
5.04	-78.6865	-78.6863	-78.6885	-78.692	-78.696	-78.7002	-78.7043	-78.7081	-78.7115	-78.7144	-78.7169	-78.719	-78.7206	-78.7218	-78.7226	-78.723	-78.7231	-78.7229	-78.7224	-78.7218	-78.7209	-78.7199	-78.7188	-78.7177	-78.7164	-78.7151	-78.7139	-78.7126	-78.7114	-78.7103	-78.7093	-78.7084	-78.7077	-78.7071	-78.7067	-78.7065	-78.7065	-78.7067	-78.7072	-78.708	-78.709	-78.7104	-78.712	-78.7141	-78.7166	-78.7195	-78.7231	-78.7272
5.045	-78.6885	-78.6882	-78.6904	-78.6939	-78.6979	-78.7021	-78.7062	-78.71	-78.7134	-78.7163	-78.7188	-78.7209	-78.7225	-78.7237	-78.7245	-78.7249	-78.725	-78.7248	-78.7243	-78.7237	-78.7229	-78.7219	-78.7208	-78.7196	-78.7183	-78.7171	-78.7158	-78.7146	-78.7134	-78.7123	-78.7113	-78.7104	-78.7096	-78.709	-78.7086	-78.7084	-78.7085	-78.7087	-78.7092	-78.71	-78.711	-78.7123	-78.714	-78.716	-78.7185	-78.7215	-78.725	-78.7291
5.05	-78.6904	-78.6901	-78.6923	-78.6958	-78.6999	-78.704	-78.7081	-78.7119	-78.7153	-78.7182	-78.7207	-78.7228	-78.7244	-78.7256	-78.7263	-78.7268	-78.7269	-78.7267	-78.7263	-78.7256	-78.7248	-78.7238	-78.7227	-78.7215	-78.7203	-78.719	-78.7177	-78.7165	-78.7153	-78.7142	-78.7132	-78.7123	-78.7116	-78.711	-78.7106	-78.7104	-78.7104	-78.7107	-78.7112	-78.7119	-78.7129	-78.7143	-78.7159	-78.7179	-78.7204	-78.7234	-78.7269	-78.731
5.055	-78.6923	-78.692	-78.6942	-78.6977	-78.7018	-78.7059	-78.71	-78.7138	-78.7172	-78.7201	-78.7226	-78.7247	-78.7263	-78.7275	-78.7282	-78.7287	-78.7288	-78.7286	-78.7282	-78.7275	-78.7267	-78.7257	-78.7246	-78.7234	-78.7222	-78.7209	-78.7197	-78.7184	-78.7173	-78.7162	-78.7152	-78.7143	-78.7135	-78.713	-78.7126	-78.7124	-78.7124	-78.7126	-78.7131	-78.7139	-78.7149	-78.7162	-78.7178	-78.7199	-78.7223	-78.7253	-78.7288	-78.7329
5.06	-78.6942	-78.694	-78.6961	-78.6996	-78.7037	-78.7078	-78.7119	-78.7156	-78.719	-78.722	-78.7245	-78.7266	-78.7282	-78.7293	-78.7301	-78.7306	-78.7307	-78.7305	-78.7301	-78.7294	-78.7286	-78.7276	-78.7265	-78.7253	-78.7241	-78.7229	-78.7216	-78.7204	-78.7192	-78.7181	-78.7171	-78.7162	-78.7155	-78.7149	-78.7145	-78.7143	-78.7143	-78.7146	-78.715	-78.7158	-78.7168	-78.7181	-78.7198	-78.7218	-78.7243	-78.7272	-78.7307	-78.7348
5.065	-78.6961	-78.6959	-78.698	-78.7015	-78.7056	-78.7097	-78.7138	-78.7175	-78.7209	-78.7239	-78.7264	-78.7284	-78.73	-78.7312	-78.732	-78.7324	-78.7326	-78.7324	-78.732	-78.7313	-78.7305	-78.7295	-78.7284	-78.7273	-78.726	-78.7248	-78.7235	-78.7223	-78.7211	-78.72	-78.719	-78.7182	-78.7174	-78.7168	-78.7164	-78.7162	-78.7163	-78.7165	-78.717	-78.7177	-78.7188	-78.7201	-78.7217	-78.7237	-78.7262	-78.7291	-78.7326	-78.7367
5.07	-78.698	-78.6978	-78.6999	-78.7034	-78.7074	-78.7116	-78.7157	-78.7194	-78.7228	-78.7258	-78.7283	-78.7303	-78.7319	-78.7331	-78.7339	-78.7343	-78.7344	-78.7343	-78.7338	-78.7332	-78.7324	-78.7314	-78.7303	-78.7292	-78.728	-78.7267	-78.7255	-78.7242	-78.7231	-78.722	-78.721	-78.7201	-78.7194	-78.7188	-78.7184	-78.7182	-78.7182	-78.7184	-78.7189	-78.7197	-78.7207	-78.722	-78.7236	-78.7256	-78.7281	-78.731	-78.7345	-78.7386
5.075	-78.6999	-78.6997	-78.7018	-78.7053	-78.7093	-78.7135	-78.7175	-78.7213	-78.7247	-78.7276	-78.7301	-78.7322	-78.7338	-78.735	-78.7358	-78.7362	-78.7363	-78.7362	-78.7357	-78.7351	-78.7343	-78.7333	-78.7322	-78.7311	-78.7299	-78.7286	-78.7274	-78.7262	-78.725	-78.7239	-78.7229	-78.722	-78.7213	-78.7207	-78.7203	-78.7201	-78.7201	-78.7204	-78.7209	-78.7216	-78.7226	-78.7239	-78.7255	-78.7276	-78.73	-78.7329	-78.7364	-78.7405
5.08	-78.7018	-78.7016	-78.7037	-78.7072	-78.7112	-78.7154	-78.7194	-78.7232	-78.7265	-78.7295	-78.732	-78.734	-78.7357	-78.7368	-78.7376	-78.7381	-78.7382	-78.738	-78.7376	-78.737	-78.7362	-78.7352	-78.7341	-78.733	-78.7318	-78.7305	-78.7293	-78.7281	-78.7269	-78.7258	-78.7248	-78.724	-78.7232	-78.7227	-78.7223	-78.7221	-78.7221	-78.7223	-78.7228	-78.7235	-78.7245	-78.7258	-78.7275	-78.7295	-78.7319	-78.7348	-78.7383	-78.7424
5.085	-78.7037	-78.7035	-78.7056	-78.7091	-78.7131	-78.7172	-78.7213	-78.725	-78.7284	-78.7314	-78.7339	-78.7359	-78.7375	-78.7387	-78.7395	-78.74	-78.7401	-78.7399	-78.7395	-78.7389	-78.7381	-78.7371	-78.736	-78.7349	-78.7337	-78.7324	-78.7312	-78.73	-78.7288	-78.7277	-78.7268	-78.7259	-78.7252	-78.7246	-78.7242	-78.724	-78.724	-78.7242	-78.7247	-78.7254	-78.7264	-78.7277	-78.7294	-78.7314	-78.7338	-78.7367	-78.7402	-78.7443
5.09	-78.7056	-78.7053	-78.7075	-78.711	-78.715	-78.7191	-78.7232	-78.7269	-78.7303	-78.7332	-78.7357	-78.7378	-78.7394	-78.7406	-78.7414	-78.7418	-78.7419	-78.7418	-78.7414	-78.7408	-78.7399	-78.739	-78.7379	-78.7368	-78.7356	-78.7343	-78.7331	-78.7319	-78.7307	-78.7297	-78.7287	-78.7278	-78.7271	-78.7265	-78.7261	-78.7259	-78.7259	-78.7262	-78.7266	-78.7274	-78.7284	-78.7297	-78.7313	-78.7333	-78.7357	-78.7386	-78.7421	-78.7462
5.095	-78.7075	-78.7072	-78.7094	-78.7128	-78.7168	-78.721	-78.725	-78.7288	-78.7321	-78.7351	-78.7376	-78.7396	-78.7412	-78.7424	-78.7432	-78.7437	-78.7438	-78.7437	-78.7432	-78.7426	-78.7418	-78.7409	-78.7398	-78.7387	-78.7375	-78.7362	-78.735	-78.7338	-78.7327	-78.7316	-78.7306	-78.7297	-78.729	-78.7284	-78.728	-78.7278	-78.7278	-78.7281	-78.7286	-78.7293	-78.7303	-78.7316	-78.7332	-78.7352	-78.7376	-78.7405	-78.744	-78.748
5.1	-78.7094	-78.7091	-78.7113	-78.7147	-78.7187	-78.7229	-78.7269	-78.7306	-78.734	-78.7369	-78.7394	-78.7415	-78.7431	-78.7443	-78.7451	-78.7455	-78.7457	-78.7455	-78.7451	-78.7445	-78.7437	-78.7428	-78.7417	-78.7406	-78.7394	-78.7381	-78.7369	-78.7357	-78.7346	-78.7335	-78.7325	-78.7316	-78.7309	-78.7303	-78.7299	-78.7298	-78.7298	-78.73	-78.7305	-78.7312	-78.7322	-78.7335	-78.7351	-78.7371	-78.7395	-78.7424	-78.7458	-78.7499
5.105	-78.7112	-78.711	-78.7131	-78.7166	-78.7206	-78.7247	-78.7287	-78.7325	-78.7358	-78.7388	-78.7413	-78.7433	-78.7449	-78.7461	-78.7469	-78.7474	-78.7475	-78.7474	-78.747	-78.7464	-78.7456	-78.7446	-78.7436	-78.7424	-78.7412	-78.74	-78.7388	-78.7376	-78.7365	-78.7354	-78.7344	-78.7335	-78.7328	-78.7323	-78.7319	-78.7317	-78.7317	-78.7319	-78.7324	-78.7331	-78.7341	-78.7354	-78.737	-78.7389	-78.7413	-78.7442	-78.7477	-78.7518
5.11	-78.7131	-78.7129	-78.715	-78.7184	-78.7224	-78.7266	-78.7306	-78.7343	-78.7377	-78.7406	-78.7431	-78.7452	-78.7468	-78.748	-78.7488	-78.7492	-78.7494	-78.7492	-78.7488	-78.7482	-78.7474	-78.7465	-78.7455	-78.7443	-78.7431	-78.7419	-78.7407	-78.7395	-78.7384	-78.7373	-78.7363	-78.7355	-78.7347	-78.7342	-78.7338	-78.7336	-78.7336	-78.7338	-78.7343	-78.735	-78.736	-78.7373	-78.7389	-78.7408	-78.7432	-78.7461	-78.7496	-78.7536
5.115	-78.715	-78.7147	-78.7169	-78.7203	-78.7243	-78.7284	-78.7324	-78.7362	-78.7395	-78.7425	-78.745	-78.747	-78.7486	-78.7498	-78.7506	-78.7511	-78.7512	-78.7511	-78.7507	-78.7501	-78.7493	-78.7484	-78.7473	-78.7462	-78.745	-78.7438	-78.7426	-78.7414	-78.7402	-78.7392	-78.7382	-78.7374	-78.7366	-78.7361	-78.7357	-78.7355	-78.7355	-78.7357	-78.7362	-78.7369	-78.7379	-78.7391	-78.7407	-78.7427	-78.7451	-78.748	-78.7514	-78.7555
5.12	-78.7169	-78.7166	-78.7187	-78.7222	-78.7262	-78.7303	-78.7343	-78.738	-78.7414	-78.7443	-78.7468	-78.7489	-78.7505	-78.7517	-78.7525	-78.7529	-78.7531	-78.7529	-78.7525	-78.7519	-78.7512	-78.7502	-78.7492	-78.7481	-78.7469	-78.7457	-78.7445	-78.7433	-78.7421	-78.7411	-78.7401	-78.7392	-78.7385	-78.738	-78.7376	-78.7374	-78.7374	-78.7376	-78.7381	-78.7388	-78.7398	-78.741	-78.7426	-78.7446	-78.747	-78.7498	-78.7533	-78.7573
5.125	-78.7187	-78.7185	-78.7206	-78.724	-78.728	-78.7321	-78.7361	-78.7399	-78.7432	-78.7462	-78.7487	-78.7507	-78.7523	-78.7535	-78.7543	-78.7548	-78.7549	-78.7548	-78.7544	-78.7538	-78.753	-78.7521	-78.7511	-78.7499	-78.7488	-78.7476	-78.7463	-78.7452	-78.744	-78.743	-78.742	-78.7411	-78.7404	-78.7399	-78.7395	-78.7393	-78.7393	-78.7395	-78.74	-78.7407	-78.7416	-78.7429	-78.7445	-78.7465	-78.7488	-78.7517	-78.7551	-78.7592
5.13	-78.7206	-78.7203	-78.7225	-78.7259	-78.7299	-78.734	-78.738	-78.7417	-78.7451	-78.748	-78.7505	-78.7525	-78.7541	-78.7553	-78.7562	-78.7566	-78.7568	-78.7566	-78.7562	-78.7556	-78.7549	-78.754	-78.7529	-78.7518	-78.7506	-78.7494	-78.7482	-78.747	-78.7459	-78.7449	-78.7439	-78.743	-78.7423	-78.7418	-78.7414	-78.7412	-78.7412	-78.7414	-78.7419	-78.7426	-78.7435	-78.7448	-78.7464	-78.7483	-78.7507	-78.7536	-78.757	-78.761
5.135	-78.7224	-78.7222	-78.7243	-78.7277	-78.7317	-78.7358	-78.7398	-78.7435	-78.7469	-78.7498	-78.7523	-78.7544	-78.756	-78.7572	-78.758	-78.7585	-78.7586	-78.7585	-78.7581	-78.7575	-78.7567	-78.7558	-78.7548	-78.7537	-78.7525	-78.7513	-78.7501	-78.7489	-78.7478	-78.7467	-78.7458	-78.7449	-78.7442	-78.7436	-78.7432	-78.743	-78.7431	-78.7433	-78.7437	-78.7444	-78.7454	-78.7467	-78.7482	-78.7502	-78.7526	-78.7554	-78.7588	-78.7628
5.14	-78.7243	-78.724	-78.7262	-78.7296	-78.7335	-78.7376	-78.7416	-78.7454	-78.7487	-78.7516	-78.7541	-78.7562	-78.7578	-78.759	-78.7598	-78.7603	-78.7604	-78.7603	-78.7599	-78.7593	-78.7586	-78.7577	-78.7566	-78.7555	-78.7543	-78.7532	-78.752	-78.7508	-78.7497	-78.7486	-78.7476	-78.7468	-78.7461	-78.7455	-78.7451	-78.7449	-78.7449	-78.7452	-78.7456	-78.7463	-78.7473	-78.7485	-78.7501	-78.752	-78.7544	-78.7573	-78.7607	-78.7647
5.145	-78.7261	-78.7259	-78.728	-78.7314	-78.7354	-78.7395	-78.7435	-78.7472	-78.7505	-78.7535	-78.756	-78.758	-78.7596	-78.7608	-78.7616	-78.7621	-78.7623	-78.7621	-78.7618	-78.7612	-78.7604	-78.7595	-78.7585	-78.7574	-78.7562	-78.755	-78.7538	-78.7527	-78.7515	-78.7505	-78.7495	-78.7487	-78.748	-78.7474	-78.747	-78.7468	-78.7468	-78.747	-78.7475	-78.7482	-78.7491	-78.7504	-78.752	-78.7539	-78.7563	-78.7591	-78.7625	-78.7665
5.15	-78.728	-78.7277	-78.7298	-78.7332	-78.7372	-78.7413	-78.7453	-78.749	-78.7524	-78.7553	-78.7578	-78.7598	-78.7614	-78.7626	-78.7635	-78.7639	-78.7641	-78.764	-78.7636	-78.763	-78.7622	-78.7613	-78.7603	-78.7592	-78.7581	-78.7569	-78.7557	-78.7545	-78.7534	-78.7523	-78.7514	-78.7505	-78.7498	-78.7493	-78.7489	-78.7487	-78.7487	-78.7489	-78.7494	-78.7501	-78.751	-78.7523	-78.7538	-78.7558	-78.7581	-78.7609	-78.7644	-78.7683
5.155	-78.7298	-78.7296	-78.7317	-78.7351	-78.739	-78.7431	-78.7471	-78.7508	-78.7542	-78.7571	-78.7596	-78.7616	-78.7633	-78.7645	-78.7653	-78.7657	-78.7659	-78.7658	-78.7654	-78.7648	-78.7641	-78.7632	-78.7622	-78.7611	-78.7599	-78.7587	-78.7575	-78.7564	-78.7553	-78.7542	-78.7533	-78.7524	-78.7517	-78.7512	-78.7508	-78.7506	-78.7506	-78.7508	-78.7512	-78.7519	-78.7529	-78.7541	-78.7557	-78.7576	-78.7599	-78.7628	-78.7662	-78.7702
5.16	-78.7317	-78.7314	-78.7335	-78.7369	-78.7409	-78.745	-78.7489	-78.7526	-78.756	-78.7589	-78.7614	-78.7635	-78.7651	-78.7663	-78.7671	-78.7676	-78.7677	-78.7676	-78.7672	-78.7667	-78.7659	-78.765	-78.764	-78.7629	-78.7618	-78.7606	-78.7594	-78.7582	-78.7571	-78.7561	-78.7551	-78.7543	-78.7536	-78.753	-78.7526	-78.7524	-78.7524	-78.7526	-78.7531	-78.7538	-78.7547	-78.756	-78.7575	-78.7594	-78.7618	-78.7646	-78.768	-78.772
5.165	-78.7335	-78.7332	-78.7353	-78.7387	-78.7427	-78.7468	-78.7508	-78.7545	-78.7578	-78.7607	-78.7632	-78.7653	-78.7669	-78.7681	-78.7689	-78.7694	-78.7695	-78.7694	-78.7691	-78.7685	-78.7677	-78.7668	-78.7658	-78.7647	-78.7636	-78.7624	-78.7612	-78.7601	-78.759	-78.7579	-78.757	-78.7561	-78.7554	-78.7549	-78.7545	-78.7543	-78.7543	-78.7545	-78.755	-78.7556	-78.7566	-78.7578	-78.7594	-78.7613	-78.7636	-78.7664	-78.7698	-78.7738
5.17	-78.7353	-78.7351	-78.7372	-78.7406	-78.7445	-78.7486	-78.7526	-78.7563	-78.7596	-78.7625	-78.765	-78.7671	-78.7687	-78.7699	-78.7707	-78.7712	-78.7713	-78.7712	-78.7709	-78.7703	-78.7696	-78.7687	-78.7677	-78.7666	-78.7654	-78.7643	-78.7631	-78.7619	-78.7608	-78.7598	-78.7588	-78.758	-78.7573	-78.7567	-78.7564	-78.7562	-78.7562	-78.7564	-78.7568	-78.7575	-78.7584	-78.7597	-78.7612	-78.7631	-78.7654	-78.7683	-78.7716	-78.7756
5.175	-78.7372	-78.7369	-78.739	-78.7424	-78.7463	-78.7504	-78.7544	-78.7581	-78.7614	-78.7643	-78.7668	-78.7689	-78.7705	-78.7717	-78.7725	-78.773	-78.7732	-78.773	-78.7727	-78.7721	-78.7714	-78.7705	-78.7695	-78.7684	-78.7673	-78.7661	-78.7649	-78.7638	-78.7627	-78.7616	-78.7607	-78.7599	-78.7592	-78.7586	-78.7582	-78.758	-78.758	-78.7582	-78.7587	-78.7593	-78.7603	-78.7615	-78.7631	-78.765	-78.7673	-78.7701	-78.7735	-78.7774
5.18	-78.739	-78.7387	-78.7408	-78.7442	-78.7481	-78.7522	-78.7562	-78.7599	-78.7632	-78.7661	-78.7686	-78.7707	-78.7723	-78.7735	-78.7743	-78.7748	-78.775	-78.7748	-78.7745	-78.7739	-78.7732	-78.7723	-78.7713	-78.7702	-78.7691	-78.7679	-78.7668	-78.7656	-78.7645	-78.7635	-78.7625	-78.7617	-78.761	-78.7605	-78.7601	-78.7599	-78.7599	-78.7601	-78.7605	-78.7612	-78.7621	-78.7634	-78.7649	-78.7668	-78.7691	-78.7719	-78.7753	-78.7792
5.185	-78.7408	-78.7405	-78.7426	-78.746	-78.7499	-78.754	-78.758	-78.7617	-78.765	-78.7679	-78.7704	-78.7724	-78.7741	-78.7753	-78.7761	-78.7766	-78.7768	-78.7766	-78.7763	-78.7757	-78.775	-78.7741	-78.7731	-78.7721	-78.7709	-78.7698	-78.7686	-78.7675	-78.7664	-78.7653	-78.7644	-78.7636	-78.7629	-78.7623	-78.7619	-78.7617	-78.7617	-78.7619	-78.7624	-78.763	-78.764	-78.7652	-78.7667	-78.7686	-78.7709	-78.7737	-78.7771	-78.781
5.19	-78.7426	-78.7424	-78.7445	-78.7478	-78.7518	-78.7558	-78.7598	-78.7635	-78.7668	-78.7697	-78.7722	-78.7742	-78.7758	-78.7771	-78.7779	-78.7784	-78.7785	-78.7785	-78.7781	-78.7775	-78.7768	-78.7759	-78.775	-78.7739	-78.7728	-78.7716	-78.7704	-78.7693	-78.7682	-78.7672	-78.7662	-78.7654	-78.7647	-78.7641	-78.7638	-78.7636	-78.7636	-78.7638	-78.7642	-78.7649	-78.7658	-78.767	-78.7685	-78.7704	-78.7727	-78.7755	-78.7789	-78.7828
5.195	-78.7444	-78.7442	-78.7463	-78.7496	-78.7536	-78.7576	-78.7616	-78.7653	-78.7686	-78.7715	-78.774	-78.776	-78.7776	-78.7788	-78.7797	-78.7802	-78.7803	-78.7802	-78.7799	-78.7794	-78.7786	-78.7777	-78.7768	-78.7757	-78.7746	-78.7734	-78.7723	-78.7711	-78.77	-78.769	-78.7681	-78.7672	-78.7665	-78.766	-78.7656	-78.7654	-78.7654	-78.7656	-78.766	-78.7667	-78.7676	-78.7688	-78.7704	-78.7722	-78.7746	-78.7773	-78.7807	-78.7846
5.2	-78.7463	-78.746	-78.7481	-78.7514	-78.7554	-78.7594	-78.7634	-78.767	-78.7704	-78.7733	-78.7758	-78.7778	-78.7794	-78.7806	-78.7815	-78.782	-78.7821	-78.782	-78.7817	-78.7812	-78.7804	-78.7796	-78.7786	-78.7775	-78.7764	-78.7752	-78.7741	-78.7729	-78.7719	-78.7708	-78.7699	-78.7691	-78.7684	-78.7678	-78.7674	-78.7672	-78.7672	-78.7674	-78.7679	-78.7685	-78.7695	-78.7707	-78.7722	-78.7741	-78.7764	-78.7791	-78.7825	-78.7864
5.205	-78.7481	-78.7478	-78.7499	-78.7532	-78.7571	-78.7612	-78.7652	-78.7688	-78.7722	-78.7751	-78.7775	-78.7796	-78.7812	-78.7824	-78.7832	-78.7837	-78.7839	-78.7838	-78.7835	-78.7829	-78.7822	-78.7814	-78.7804	-78.7793	-78.7782	-78.777	-78.7759	-78.7748	-78.7737	-78.7727	-78.7717	-78.7709	-78.7702	-78.7697	-78.7693	-78.7691	-78.7691	-78.7693	-78.7697	-78.7704	-78.7713	-78.7725	-78.774	-78.7759	-78.7782	-78.7809	-78.7843	-78.7882
5.21	-78.7499	-78.7496	-78.7517	-78.755	-78.7589	-78.763	-78.7669	-78.7706	-78.7739	-78.7768	-78.7793	-78.7814	-78.783	-78.7842	-78.785	-78.7855	-78.7857	-78.7856	-78.7853	-78.7847	-78.784	-78.7832	-78.7822	-78.7811	-78.78	-78.7789	-78.7777	-78.7766	-78.7755	-78.7745	-78.7736	-78.7727	-78.772	-78.7715	-78.7711	-78.7709	-78.7709	-78.7711	-78.7715	-78.7722	-78.7731	-78.7743	-78.7758	-78.7777	-78.78	-78.7827	-78.7861	-78.79
5.215	-78.7517	-78.7514	-78.7535	-78.7568	-78.7607	-78.7648	-78.7687	-78.7724	-78.7757	-78.7786	-78.7811	-78.7831	-78.7847	-78.786	-78.7868	-78.7873	-78.7875	-78.7874	-78.7871	-78.7865	-78.7858	-78.785	-78.784	-78.7829	-78.7818	-78.7807	-78.7795	-78.7784	-78.7773	-78.7763	-78.7754	-78.7746	-78.7739	-78.7733	-78.7729	-78.7727	-78.7727	-78.7729	-78.7733	-78.774	-78.7749	-78.7761	-78.7776	-78.7795	-78.7818	-78.7845	-78.7878	-78.7917
5.22	-78.7535	-78.7532	-78.7553	-78.7586	-78.7625	-78.7666	-78.7705	-78.7742	-78.7775	-78.7804	-78.7829	-78.7849	-78.7865	-78.7877	-78.7886	-78.7891	-78.7893	-78.7892	-78.7888	-78.7883	-78.7876	-78.7867	-78.7858	-78.7847	-78.7836	-78.7825	-78.7813	-78.7802	-78.7791	-78.7781	-78.7772	-78.7764	-78.7757	-78.7751	-78.7748	-78.7746	-78.7745	-78.7747	-78.7752	-78.7758	-78.7767	-78.7779	-78.7794	-78.7813	-78.7836	-78.7863	-78.7896	-78.7935
5.225	-78.7553	-78.755	-78.757	-78.7604	-78.7643	-78.7683	-78.7723	-78.7759	-78.7793	-78.7822	-78.7846	-78.7867	-78.7883	-78.7895	-78.7903	-78.7908	-78.791	-78.7909	-78.7906	-78.7901	-78.7894	-78.7885	-78.7876	-78.7865	-78.7854	-78.7843	-78.7831	-78.782	-78.7809	-78.7799	-78.779	-78.7782	-78.7775	-78.777	-78.7766	-78.7764	-78.7764	-78.7766	-78.777	-78.7776	-78.7785	-78.7797	-78.7812	-78.7831	-78.7853	-78.7881	-78.7914	-78.7953
5.23	-78.757	-78.7568	-78.7588	-78.7622	-78.7661	-78.7701	-78.774	-78.7777	-78.781	-78.7839	-78.7864	-78.7884	-78.79	-78.7913	-78.7921	-78.7926	-78.7928	-78.7927	-78.7924	-78.7919	-78.7912	-78.7903	-78.7894	-78.7883	-78.7872	-78.7861	-78.7849	-78.7838	-78.7827	-78.7817	-78.7808	-78.78	-78.7793	-78.7788	-78.7784	-78.7782	-78.7782	-78.7784	-78.7788	-78.7794	-78.7803	-78.7815	-78.783	-78.7849	-78.7871	-78.7899	-78.7932	-78.7971
5.235	-78.7588	-78.7586	-78.7606	-78.764	-78.7679	-78.7719	-78.7758	-78.7795	-78.7828	-78.7857	-78.7881	-78.7902	-78.7918	-78.793	-78.7939	-78.7944	-78.7946	-78.7945	-78.7942	-78.7936	-78.7929	-78.7921	-78.7911	-78.7901	-78.789	-78.7879	-78.7867	-78.7856	-78.7846	-78.7835	-78.7826	-78.7818	-78.7811	-78.7806	-78.7802	-78.78	-78.78	-78.7802	-78.7806	-78.7812	-78.7821	-78.7833	-78.7848	-78.7867	-78.7889	-78.7917	-78.795	-78.7988
5.24	-78.7606	-78.7603	-78.7624	-78.7657	-78.7696	-78.7737	-78.7776	-78.7812	-78.7845	-78.7874	-78.7899	-78.7919	-78.7936	-78.7948	-78.7956	-78.7961	-78.7963	-78.7962	-78.7959	-78.7954	-78.7947	-78.7939	-78.7929	-78.7919	-78.7908	-78.7897	-78.7885	-78.7874	-78.7864	-78.7853	-78.7844	-78.7836	-78.7829	-78.7824	-78.782	-78.7818	-78.7818	-78.782	-78.7824	-78.783	-78.7839	-78.7851	-78.7866	-78.7884	-78.7907	-78.7934	-78.7967	-78.8006
5.245	-78.7624	-78.7621	-78.7642	-78.7675	-78.7714	-78.7754	-78.7793	-78.783	-78.7863	-78.7892	-78.7917	-78.7937	-78.7953	-78.7965	-78.7974	-78.7979	-78.7981	-78.798	-78.7977	-78.7972	-78.7965	-78.7956	-78.7947	-78.7937	-78.7926	-78.7914	-78.7903	-78.7892	-78.7881	-78.7871	-78.7862	-78.7854	-78.7847	-78.7842	-78.7838	-78.7836	-78.7836	-78.7838	-78.7842	-78.7848	-78.7857	-78.7869	-78.7884	-78.7902	-78.7925	-78.7952	-78.7985	-78.8023
5.25	-78.7642	-78.7639	-78.766	-78.7693	-78.7732	-78.7772	-78.7811	-78.7847	-78.788	-78.7909	-78.7934	-78.7954	-78.7971	-78.7983	-78.7991	-78.7996	-78.7998	-78.7998	-78.7995	-78.7989	-78.7982	-78.7974	-78.7965	-78.7954	-78.7943	-78.7932	-78.7921	-78.791	-78.7899	-78.7889	-78.788	-78.7872	-78.7865	-78.786	-78.7856	-78.7854	-78.7854	-78.7856	-78.786	-78.7866	-78.7875	-78.7887	-78.7902	-78.792	-78.7942	-78.797	-78.8002	-78.8041
5.255	-78.766	-78.7657	-78.7677	-78.771	-78.7749	-78.7789	-78.7828	-78.7865	-78.7898	-78.7927	-78.7952	-78.7972	-78.7988	-78.8	-78.8009	-78.8014	-78.8016	-78.8015	-78.8012	-78.8007	-78.8	-78.7992	-78.7982	-78.7972	-78.7961	-78.795	-78.7939	-78.7928	-78.7917	-78.7907	-78.7898	-78.789	-78.7883	-78.7878	-78.7874	-78.7872	-78.7872	-78.7874	-78.7878	-78.7884	-78.7893	-78.7905	-78.7919	-78.7938	-78.796	-78.7987	-78.802	-78.8058
5.26	-78.7677	-78.7674	-78.7695	-78.7728	-78.7767	-78.7807	-78.7846	-78.7882	-78.7915	-78.7944	-78.7969	-78.7989	-78.8005	-78.8018	-78.8026	-78.8031	-78.8033	-78.8033	-78.803	-78.8025	-78.8018	-78.8009	-78.8	-78.799	-78.7979	-78.7968	-78.7957	-78.7946	-78.7935	-78.7925	-78.7916	-78.7908	-78.7901	-78.7896	-78.7892	-78.789	-78.789	-78.7892	-78.7896	-78.7902	-78.7911	-78.7923	-78.7937	-78.7955	-78.7978	-78.8005	-78.8037	-78.8076
5.265	-78.7695	-78.7692	-78.7712	-78.7746	-78.7784	-78.7824	-78.7863	-78.79	-78.7933	-78.7962	-78.7986	-78.8007	-78.8023	-78.8035	-78.8044	-78.8049	-78.8051	-78.805	-78.8047	-78.8042	-78.8035	-78.8027	-78.8018	-78.8007	-78.7997	-78.7986	-78.7974	-78.7963	-78.7953	-78.7943	-78.7934	-78.7926	-78.7919	-78.7914	-78.791	-78.7908	-78.7908	-78.791	-78.7914	-78.792	-78.7929	-78.794	-78.7955	-78.7973	-78.7995	-78.8022	-78.8055	-78.8093
5.27	-78.7713	-78.771	-78.773	-78.7763	-78.7802	-78.7842	-78.7881	-78.7917	-78.795	-78.7979	-78.8004	-78.8024	-78.804	-78.8052	-78.8061	-78.8066	-78.8068	-78.8068	-78.8065	-78.8059	-78.8053	-78.8045	-78.8035	-78.8025	-78.8014	-78.8003	-78.7992	-78.7981	-78.7971	-78.7961	-78.7952	-78.7944	-78.7937	-78.7932	-78.7928	-78.7926	-78.7926	-78.7927	-78.7931	-78.7938	-78.7946	-78.7958	-78.7973	-78.7991	-78.8013	-78.804	-78.8072	-78.8111
5.275	-78.773	-78.7727	-78.7748	-78.7781	-78.7819	-78.7859	-78.7898	-78.7935	-78.7967	-78.7996	-78.8021	-78.8041	-78.8057	-78.807	-78.8078	-78.8083	-78.8086	-78.8085	-78.8082	-78.8077	-78.807	-78.8062	-78.8053	-78.8043	-78.8032	-78.8021	-78.801	-78.7999	-78.7988	-78.7979	-78.797	-78.7962	-78.7955	-78.7949	-78.7946	-78.7944	-78.7943	-78.7945	-78.7949	-78.7955	-78.7964	-78.7976	-78.799	-78.8008	-78.803	-78.8057	-78.809	-78.8128
5.28	-78.7748	-78.7745	-78.7765	-78.7798	-78.7837	-78.7877	-78.7916	-78.7952	-78.7985	-78.8014	-78.8038	-78.8059	-78.8075	-78.8087	-78.8096	-78.8101	-78.8103	-78.8102	-78.8099	-78.8094	-78.8088	-78.808	-78.807	-78.806	-78.8049	-78.8039	-78.8027	-78.8017	-78.8006	-78.7996	-78.7987	-78.7979	-78.7973	-78.7967	-78.7963	-78.7961	-78.7961	-78.7963	-78.7967	-78.7973	-78.7982	-78.7993	-78.8008	-78.8026	-78.8048	-78.8075	-78.8107	-78.8145
5.285	-78.7765	-78.7762	-78.7783	-78.7816	-78.7854	-78.7894	-78.7933	-78.7969	-78.8002	-78.8031	-78.8055	-78.8076	-78.8092	-78.8104	-78.8113	-78.8118	-78.812	-78.812	-78.8117	-78.8112	-78.8105	-78.8097	-78.8088	-78.8078	-78.8067	-78.8056	-78.8045	-78.8034	-78.8024	-78.8014	-78.8005	-78.7997	-78.799	-78.7985	-78.7981	-78.7979	-78.7979	-78.7981	-78.7985	-78.7991	-78.8	-78.8011	-78.8025	-78.8043	-78.8065	-78.8092	-78.8125	-78.8163
5.29	-78.7783	-78.778	-78.78	-78.7833	-78.7872	-78.7911	-78.795	-78.7987	-78.8019	-78.8048	-78.8073	-78.8093	-78.8109	-78.8121	-78.813	-78.8135	-78.8137	-78.8137	-78.8134	-78.8129	-78.8122	-78.8114	-78.8105	-78.8095	-78.8085	-78.8074	-78.8063	-78.8052	-78.8041	-78.8032	-78.8023	-78.8015	-78.8008	-78.8003	-78.7999	-78.7997	-78.7997	-78.7998	-78.8002	-78.8008	-78.8017	-78.8028	-78.8043	-78.8061	-78.8083	-78.811	-78.8142	-78.818
5.295	-78.78	-78.7797	-78.7818	-78.785	-78.7889	-78.7929	-78.7968	-78.8004	-78.8037	-78.8065	-78.809	-78.811	-78.8126	-78.8139	-78.8147	-78.8152	-78.8155	-78.8154	-78.8151	-78.8146	-78.814	-78.8132	-78.8123	-78.8113	-78.8102	-78.8091	-78.808	-78.8069	-78.8059	-78.8049	-78.804	-78.8032	-78.8026	-78.802	-78.8017	-78.8015	-78.8014	-78.8016	-78.802	-78.8026	-78.8035	-78.8046	-78.806	-78.8078	-78.81	-78.8127	-78.8159	-78.8197
5.3	-78.7818	-78.7815	-78.7835	-78.7868	-78.7906	-78.7946	-78.7985	-78.8021	-78.8054	-78.8083	-78.8107	-78.8127	-78.8144	-78.8156	-78.8164	-78.817	-78.8172	-78.8171	-78.8169	-78.8164	-78.8157	-78.8149	-78.814	-78.813	-78.812	-78.8109	-78.8098	-78.8087	-78.8077	-78.8067	-78.8058	-78.805	-78.8043	-78.8038	-78.8034	-78.8032	-78.8032	-78.8034	-78.8038	-78.8044	-78.8052	-78.8064	-78.8078	-78.8096	-78.8118	-78.8144	-78.8176	-78.8214
5.305	-78.7835	-78.7832	-78.7852	-78.7885	-78.7924	-78.7963	-78.8002	-78.8038	-78.8071	-78.81	-78.8124	-78.8145	-78.8161	-78.8173	-78.8182	-78.8187	-78.8189	-78.8189	-78.8186	-78.8181	-78.8174	-78.8166	-78.8157	-78.8147	-78.8137	-78.8126	-78.8115	-78.8105	-78.8094	-78.8084	-78.8076	-78.8068	-78.8061	-78.8056	-78.8052	-78.805	-78.805	-78.8051	-78.8055	-78.8061	-78.807	-78.8081	-78.8095	-78.8113	-78.8135	-78.8162	-78.8194	-78.8231
5.31	-78.7853	-78.785	-78.787	-78.7903	-78.7941	-78.798	-78.8019	-78.8055	-78.8088	-78.8117	-78.8141	-78.8162	-78.8178	-78.819	-78.8199	-78.8204	-78.8206	-78.8206	-78.8203	-78.8198	-78.8192	-78.8184	-78.8175	-78.8165	-78.8154	-78.8144	-78.8133	-78.8122	-78.8112	-78.8102	-78.8093	-78.8085	-78.8079	-78.8073	-78.8069	-78.8067	-78.8067	-78.8069	-78.8073	-78.8079	-78.8087	-78.8098	-78.8113	-78.813	-78.8152	-78.8179	-78.8211	-78.8249
5.315	-78.787	-78.7867	-78.7887	-78.792	-78.7958	-78.7998	-78.8036	-78.8072	-78.8105	-78.8134	-78.8158	-78.8179	-78.8195	-78.8207	-78.8216	-78.8221	-78.8223	-78.8223	-78.822	-78.8215	-78.8209	-78.8201	-78.8192	-78.8182	-78.8172	-78.8161	-78.815	-78.8139	-78.8129	-78.812	-78.8111	-78.8103	-78.8096	-78.8091	-78.8087	-78.8085	-78.8085	-78.8086	-78.809	-78.8096	-78.8105	-78.8116	-78.813	-78.8148	-78.8169	-78.8196	-78.8228	-78.8266
5.32	-78.7887	-78.7884	-78.7904	-78.7937	-78.7975	-78.8015	-78.8053	-78.809	-78.8122	-78.8151	-78.8175	-78.8196	-78.8212	-78.8224	-78.8233	-78.8238	-78.824	-78.824	-78.8237	-78.8233	-78.8226	-78.8218	-78.8209	-78.8199	-78.8189	-78.8178	-78.8167	-78.8157	-78.8147	-78.8137	-78.8128	-78.812	-78.8114	-78.8108	-78.8105	-78.8102	-78.8102	-78.8104	-78.8108	-78.8114	-78.8122	-78.8133	-78.8147	-78.8165	-78.8187	-78.8213	-78.8245	-78.8283
5.325	-78.7905	-78.7901	-78.7922	-78.7954	-78.7992	-78.8032	-78.8071	-78.8107	-78.8139	-78.8168	-78.8192	-78.8213	-78.8229	-78.8241	-78.825	-78.8255	-78.8257	-78.8257	-78.8254	-78.825	-78.8243	-78.8235	-78.8226	-78.8217	-78.8206	-78.8196	-78.8185	-78.8174	-78.8164	-78.8154	-78.8146	-78.8138	-78.8131	-78.8126	-78.8122	-78.812	-78.812	-78.8121	-78.8125	-78.8131	-78.8139	-78.8151	-78.8165	-78.8182	-78.8204	-78.823	-78.8262	-78.83
5.33	-78.7922	-78.7919	-78.7939	-78.7971	-78.8009	-78.8049	-78.8088	-78.8124	-78.8156	-78.8185	-78.8209	-78.823	-78.8246	-78.8258	-78.8267	-78.8272	-78.8274	-78.8274	-78.8271	-78.8267	-78.826	-78.8253	-78.8244	-78.8234	-78.8223	-78.8213	-78.8202	-78.8192	-78.8181	-78.8172	-78.8163	-78.8155	-78.8148	-78.8143	-78.8139	-78.8137	-78.8137	-78.8139	-78.8142	-78.8148	-78.8157	-78.8168	-78.8182	-78.8199	-78.8221	-78.8247	-78.8279	-78.8317
5.335	-78.7939	-78.7936	-78.7956	-78.7989	-78.8027	-78.8066	-78.8105	-78.8141	-78.8173	-78.8202	-78.8226	-78.8247	-78.8263	-78.8275	-78.8284	-78.8289	-78.8291	-78.8291	-78.8288	-78.8284	-78.8277	-78.827	-78.8261	-78.8251	-78.8241	-78.823	-78.8219	-78.8209	-78.8199	-78.8189	-78.818	-78.8173	-78.8166	-78.8161	-78.8157	-78.8155	-78.8154	-78.8156	-78.816	-78.8166	-78.8174	-78.8185	-78.8199	-78.8217	-78.8238	-78.8264	-78.8296	-78.8334
5.34	-78.7956	-78.7953	-78.7973	-78.8006	-78.8044	-78.8083	-78.8122	-78.8158	-78.819	-78.8219	-78.8243	-78.8263	-78.828	-78.8292	-78.8301	-78.8306	-78.8308	-78.8308	-78.8306	-78.8301	-78.8295	-78.8287	-78.8278	-78.8268	-78.8258	-78.8247	-78.8237	-78.8226	-78.8216	-78.8206	-78.8198	-78.819	-78.8183	-78.8178	-78.8174	-78.8172	-78.8172	-78.8173	-78.8177	-78.8183	-78.8191	-78.8202	-78.8216	-78.8234	-78.8255	-78.8281	-78.8313	-78.835
5.345	-78.7973	-78.797	-78.799	-78.8023	-78.8061	-78.81	-78.8139	-78.8174	-78.8207	-78.8236	-78.826	-78.828	-78.8297	-78.8309	-78.8317	-78.8323	-78.8325	-78.8325	-78.8322	-78.8318	-78.8312	-78.8304	-78.8295	-78.8285	-78.8275	-78.8264	-78.8254	-78.8243	-78.8233	-78.8224	-78.8215	-78.8207	-78.8201	-78.8195	-78.8192	-78.8189	-78.8189	-78.8191	-78.8194	-78.82	-78.8209	-78.822	-78.8233	-78.8251	-78.8272	-78.8298	-78.833	-78.8367
5.35	-78.799	-78.7987	-78.8007	-78.804	-78.8078	-78.8117	-78.8155	-78.8191	-78.8224	-78.8252	-78.8277	-78.8297	-78.8313	-78.8326	-78.8334	-78.834	-78.8342	-78.8342	-78.8339	-78.8335	-78.8328	-78.8321	-78.8312	-78.8302	-78.8292	-78.8282	-78.8271	-78.8261	-78.825	-78.8241	-78.8232	-78.8224	-78.8218	-78.8213	-78.8209	-78.8207	-78.8206	-78.8208	-78.8212	-78.8217	-78.8226	-78.8237	-78.8251	-78.8268	-78.8289	-78.8315	-78.8347	-78.8384
5.355	-78.8008	-78.8004	-78.8024	-78.8057	-78.8095	-78.8134	-78.8172	-78.8208	-78.8241	-78.8269	-78.8294	-78.8314	-78.833	-78.8342	-78.8351	-78.8357	-78.8359	-78.8359	-78.8356	-78.8352	-78.8345	-78.8338	-78.8329	-78.8319	-78.8309	-78.8299	-78.8288	-78.8278	-78.8268	-78.8258	-78.8249	-78.8242	-78.8235	-78.823	-78.8226	-78.8224	-78.8224	-78.8225	-78.8229	-78.8235	-78.8243	-78.8254	-78.8268	-78.8285	-78.8306	-78.8332	-78.8364	-78.8401
5.36	-78.8025	-78.8021	-78.8041	-78.8074	-78.8112	-78.8151	-78.8189	-78.8225	-78.8257	-78.8286	-78.831	-78.8331	-78.8347	-78.8359	-78.8368	-78.8373	-78.8376	-78.8376	-78.8373	-78.8369	-78.8362	-78.8355	-78.8346	-78.8336	-78.8326	-78.8316	-78.8305	-78.8295	-78.8285	-78.8275	-78.8267	-78.8259	-78.8252	-78.8247	-78.8243	-78.8241	-78.8241	-78.8242	-78.8246	-78.8252	-78.826	-78.8271	-78.8285	-78.8302	-78.8323	-78.8349	-78.8381	-78.8418
5.365	-78.8042	-78.8038	-78.8058	-78.8091	-78.8129	-78.8168	-78.8206	-78.8242	-78.8274	-78.8303	-78.8327	-78.8347	-78.8364	-78.8376	-78.8385	-78.839	-78.8393	-78.8392	-78.839	-78.8385	-78.8379	-78.8372	-78.8363	-78.8353	-78.8343	-78.8333	-78.8322	-78.8312	-78.8302	-78.8292	-78.8284	-78.8276	-78.827	-78.8264	-78.8261	-78.8258	-78.8258	-78.826	-78.8263	-78.8269	-78.8277	-78.8288	-78.8302	-78.8319	-78.834	-78.8366	-78.8397	-78.8434
5.37	-78.8059	-78.8055	-78.8075	-78.8108	-78.8145	-78.8185	-78.8223	-78.8259	-78.8291	-78.8319	-78.8344	-78.8364	-78.838	-78.8393	-78.8401	-78.8407	-78.8409	-78.8409	-78.8407	-78.8402	-78.8396	-78.8389	-78.838	-78.837	-78.836	-78.835	-78.8339	-78.8329	-78.8319	-78.831	-78.8301	-78.8293	-78.8287	-78.8281	-78.8278	-78.8276	-78.8275	-78.8277	-78.828	-78.8286	-78.8294	-78.8305	-78.8319	-78.8336	-78.8357	-78.8383	-78.8414	-78.8451
5.375	-78.8076	-78.8072	-78.8092	-78.8125	-78.8162	-78.8201	-78.824	-78.8275	-78.8308	-78.8336	-78.8361	-78.8381	-78.8397	-78.8409	-78.8418	-78.8424	-78.8426	-78.8426	-78.8424	-78.8419	-78.8413	-78.8405	-78.8397	-78.8387	-78.8377	-78.8367	-78.8356	-78.8346	-78.8336	-78.8327	-78.8318	-78.831	-78.8304	-78.8299	-78.8295	-78.8293	-78.8292	-78.8294	-78.8297	-78.8303	-78.8311	-78.8322	-78.8336	-78.8353	-78.8374	-78.84	-78.8431	-78.8468
5.38	-78.8093	-78.8089	-78.8109	-78.8141	-78.8179	-78.8218	-78.8256	-78.8292	-78.8324	-78.8353	-78.8377	-78.8397	-78.8414	-78.8426	-78.8435	-78.844	-78.8443	-78.8443	-78.844	-78.8436	-78.843	-78.8422	-78.8414	-78.8404	-78.8394	-78.8384	-78.8373	-78.8363	-78.8353	-78.8344	-78.8335	-78.8327	-78.8321	-78.8316	-78.8312	-78.831	-78.8309	-78.8311	-78.8314	-78.832	-78.8328	-78.8339	-78.8353	-78.837	-78.8391	-78.8416	-78.8447	-78.8484
5.385	-78.811	-78.8106	-78.8126	-78.8158	-78.8196	-78.8235	-78.8273	-78.8309	-78.8341	-78.837	-78.8394	-78.8414	-78.843	-78.8443	-78.8451	-78.8457	-78.8459	-78.8459	-78.8457	-78.8453	-78.8447	-78.8439	-78.843	-78.8421	-78.8411	-78.8401	-78.839	-78.838	-78.837	-78.8361	-78.8352	-78.8344	-78.8338	-78.8333	-78.8329	-78.8327	-78.8326	-78.8328	-78.8331	-78.8337	-78.8345	-78.8356	-78.8369	-78.8386	-78.8407	-78.8433	-78.8464	-78.8501
5.39	-78.8126	-78.8123	-78.8143	-78.8175	-78.8213	-78.8252	-78.829	-78.8325	-78.8358	-78.8386	-78.841	-78.8431	-78.8447	-78.8459	-78.8468	-78.8474	-78.8476	-78.8476	-78.8474	-78.8469	-78.8463	-78.8456	-78.8447	-78.8438	-78.8428	-78.8418	-78.8407	-78.8397	-78.8387	-78.8378	-78.8369	-78.8362	-78.8355	-78.835	-78.8346	-78.8344	-78.8344	-78.8345	-78.8348	-78.8354	-78.8362	-78.8373	-78.8386	-78.8403	-78.8424	-78.845	-78.8481	-78.8518
5.395	-78.8143	-78.814	-78.816	-78.8192	-78.8229	-78.8268	-78.8306	-78.8342	-78.8374	-78.8403	-78.8427	-78.8447	-78.8463	-78.8476	-78.8485	-78.849	-78.8493	-78.8493	-78.849	-78.8486	-78.848	-78.8473	-78.8464	-78.8455	-78.8445	-78.8434	-78.8424	-78.8414	-78.8404	-78.8395	-78.8386	-78.8379	-78.8372	-78.8367	-78.8363	-78.8361	-78.836	-78.8362	-78.8365	-78.8371	-78.8379	-78.839	-78.8403	-78.842	-78.8441	-78.8466	-78.8497	-78.8534
5.4	-78.816	-78.8157	-78.8176	-78.8208	-78.8246	-78.8285	-78.8323	-78.8359	-78.8391	-78.8419	-78.8444	-78.8464	-78.848	-78.8492	-78.8501	-78.8507	-78.8509	-78.8509	-78.8507	-78.8503	-78.8497	-78.8489	-78.8481	-78.8471	-78.8462	-78.8451	-78.8441	-78.8431	-78.8421	-78.8412	-78.8403	-78.8395	-78.8389	-78.8384	-78.838	-78.8378	-78.8377	-78.8379	-78.8382	-78.8388	-78.8396	-78.8406	-78.842	-78.8437	-78.8457	-78.8483	-78.8514	-78.8551
5.405	-78.8177	-78.8174	-78.8193	-78.8225	-78.8263	-78.8302	-78.834	-78.8375	-78.8407	-78.8436	-78.846	-78.848	-78.8496	-78.8509	-78.8518	-78.8523	-78.8526	-78.8526	-78.8523	-78.8519	-78.8513	-78.8506	-78.8497	-78.8488	-78.8478	-78.8468	-78.8458	-78.8448	-78.8438	-78.8428	-78.842	-78.8412	-78.8406	-78.8401	-78.8397	-78.8395	-78.8394	-78.8396	-78.8399	-78.8405	-78.8413	-78.8423	-78.8437	-78.8453	-78.8474	-78.85	-78.8531	-78.8567
5.41	-78.8194	-78.819	-78.821	-78.8242	-78.8279	-78.8318	-78.8356	-78.8392	-78.8424	-78.8452	-78.8476	-78.8497	-78.8513	-78.8525	-78.8534	-78.854	-78.8542	-78.8542	-78.854	-78.8536	-78.853	-78.8523	-78.8514	-78.8505	-78.8495	-78.8485	-78.8475	-78.8464	-78.8455	-78.8445	-78.8437	-78.8429	-78.8423	-78.8418	-78.8414	-78.8412	-78.8411	-78.8413	-78.8416	-78.8422	-78.8429	-78.844	-78.8453	-78.847	-78.8491	-78.8516	-78.8547	-78.8583
5.415	-78.821	-78.8207	-78.8227	-78.8259	-78.8296	-78.8335	-78.8373	-78.8408	-78.844	-78.8469	-78.8493	-78.8513	-78.8529	-78.8542	-78.855	-78.8556	-78.8559	-78.8559	-78.8557	-78.8552	-78.8546	-78.8539	-78.8531	-78.8521	-78.8512	-78.8502	-78.8491	-78.8481	-78.8471	-78.8462	-78.8454	-78.8446	-78.844	-78.8434	-78.8431	-78.8428	-78.8428	-78.8429	-78.8433	-78.8438	-78.8446	-78.8457	-78.847	-78.8487	-78.8507	-78.8533	-78.8563	-78.86
5.42	-78.8227	-78.8224	-78.8243	-78.8275	-78.8313	-78.8351	-78.8389	-78.8425	-78.8457	-78.8485	-78.8509	-78.853	-78.8546	-78.8558	-78.8567	-78.8573	-78.8575	-78.8575	-78.8573	-78.8569	-78.8563	-78.8556	-78.8547	-78.8538	-78.8528	-78.8518	-78.8508	-78.8498	-78.8488	-78.8479	-78.847	-78.8463	-78.8456	-78.8451	-78.8448	-78.8445	-78.8445	-78.8446	-78.845	-78.8455	-78.8463	-78.8473	-78.8487	-78.8503	-78.8524	-78.8549	-78.858	-78.8616
5.425	-78.8244	-78.824	-78.826	-78.8292	-78.8329	-78.8368	-78.8406	-78.8441	-78.8473	-78.8501	-78.8526	-78.8546	-78.8562	-78.8574	-78.8583	-78.8589	-78.8592	-78.8592	-78.859	-78.8585	-78.8579	-78.8572	-78.8564	-78.8555	-78.8545	-78.8535	-78.8525	-78.8515	-78.8505	-78.8496	-78.8487	-78.848	-78.8473	-78.8468	-78.8464	-78.8462	-78.8462	-78.8463	-78.8466	-78.8472	-78.848	-78.849	-78.8503	-78.852	-78.854	-78.8566	-78.8596	-78.8633
5.43	-78.826	-78.8257	-78.8276	-78.8308	-78.8346	-78.8384	-78.8422	-78.8457	-78.849	-78.8518	-78.8542	-78.8562	-78.8578	-78.8591	-78.86	-78.8605	-78.8608	-78.8608	-78.8606	-78.8602	-78.8596	-78.8589	-78.858	-78.8571	-78.8562	-78.8551	-78.8541	-78.8531	-78.8522	-78.8512	-78.8504	-78.8496	-78.849	-78.8485	-78.8481	-78.8479	-78.8478	-78.848	-78.8483	-78.8489	-78.8496	-78.8507	-78.852	-78.8536	-78.8557	-78.8582	-78.8613	-78.8649
5.435	-78.8277	-78.8274	-78.8293	-78.8325	-78.8362	-78.8401	-78.8438	-78.8474	-78.8506	-78.8534	-78.8558	-78.8578	-78.8595	-78.8607	-78.8616	-78.8622	-78.8624	-78.8624	-78.8622	-78.8618	-78.8612	-78.8605	-78.8597	-78.8588	-78.8578	-78.8568	-78.8558	-78.8548	-78.8538	-78.8529	-78.8521	-78.8513	-78.8507	-78.8502	-78.8498	-78.8496	-78.8495	-78.8496	-78.85	-78.8505	-78.8513	-78.8523	-78.8536	-78.8553	-78.8573	-78.8598	-78.8629	-78.8665
5.44	-78.8294	-78.829	-78.831	-78.8341	-78.8379	-78.8417	-78.8455	-78.849	-78.8522	-78.855	-78.8575	-78.8595	-78.8611	-78.8623	-78.8632	-78.8638	-78.8641	-78.8641	-78.8639	-78.8635	-78.8629	-78.8622	-78.8613	-78.8604	-78.8595	-78.8585	-78.8575	-78.8565	-78.8555	-78.8546	-78.8537	-78.853	-78.8523	-78.8518	-78.8515	-78.8512	-78.8512	-78.8513	-78.8516	-78.8522	-78.8529	-78.854	-78.8553	-78.8569	-78.859	-78.8615	-78.8645	-78.8681
5.445	-78.831	-78.8307	-78.8326	-78.8358	-78.8395	-78.8434	-78.8471	-78.8506	-78.8539	-78.8567	-78.8591	-78.8611	-78.8627	-78.864	-78.8649	-78.8654	-78.8657	-78.8657	-78.8655	-78.8651	-78.8645	-78.8638	-78.863	-78.8621	-78.8611	-78.8601	-78.8591	-78.8581	-78.8571	-78.8562	-78.8554	-78.8547	-78.854	-78.8535	-78.8531	-78.8529	-78.8528	-78.853	-78.8533	-78.8538	-78.8546	-78.8556	-78.8569	-78.8586	-78.8606	-78.8631	-78.8662	-78.8698
5.45	-78.8327	-78.8323	-78.8343	-78.8374	-78.8411	-78.845	-78.8487	-78.8523	-78.8555	-78.8583	-78.8607	-78.8627	-78.8643	-78.8656	-78.8665	-78.8671	-78.8673	-78.8673	-78.8671	-78.8667	-78.8662	-78.8654	-78.8646	-78.8637	-78.8628	-78.8618	-78.8608	-78.8598	-78.8588	-78.8579	-78.8571	-78.8563	-78.8557	-78.8552	-78.8548	-78.8546	-78.8545	-78.8546	-78.855	-78.8555	-78.8563	-78.8573	-78.8586	-78.8602	-78.8622	-78.8647	-78.8678	-78.8714
5.455	-78.8343	-78.834	-78.8359	-78.8391	-78.8428	-78.8466	-78.8504	-78.8539	-78.8571	-78.8599	-78.8623	-78.8643	-78.866	-78.8672	-78.8681	-78.8687	-78.8689	-78.869	-78.8688	-78.8684	-78.8678	-78.8671	-78.8663	-78.8654	-78.8644	-78.8634	-78.8624	-78.8614	-78.8605	-78.8596	-78.8587	-78.858	-78.8573	-78.8568	-78.8564	-78.8562	-78.8562	-78.8563	-78.8566	-78.8571	-78.8579	-78.8589	-78.8602	-78.8618	-78.8639	-78.8664	-78.8694	-78.873
5.46	-78.836	-78.8356	-78.8375	-78.8407	-78.8444	-78.8483	-78.852	-78.8555	-78.8587	-78.8615	-78.864	-78.866	-78.8676	-78.8688	-78.8697	-78.8703	-78.8706	-78.8706	-78.8704	-78.87	-78.8694	-78.8687	-78.8679	-78.867	-78.8661	-78.8651	-78.8641	-78.8631	-78.8621	-78.8612	-78.8604	-78.8596	-78.859	-78.8585	-78.8581	-78.8579	-78.8578	-78.8579	-78.8583	-78.8588	-78.8596	-78.8606	-78.8619	-78.8635	-78.8655	-78.868	-78.871	-78.8746
5.465	-78.8376	-78.8372	-78.8392	-78.8423	-78.846	-78.8499	-78.8536	-78.8571	-78.8603	-78.8632	-78.8656	-78.8676	-78.8692	-78.8704	-78.8713	-78.8719	-78.8722	-78.8722	-78.872	-78.8716	-78.871	-78.8703	-78.8695	-78.8686	-78.8677	-78.8667	-78.8657	-78.8647	-78.8638	-78.8629	-78.862	-78.8613	-78.8606	-78.8601	-78.8598	-78.8595	-78.8595	-78.8596	-78.8599	-78.8604	-78.8612	-78.8622	-78.8635	-78.8651	-78.8671	-78.8696	-78.8726	-78.8762
5.47	-78.8392	-78.8389	-78.8408	-78.844	-78.8477	-78.8515	-78.8552	-78.8588	-78.8619	-78.8648	-78.8672	-78.8692	-78.8708	-78.872	-78.8729	-78.8735	-78.8738	-78.8738	-78.8736	-78.8732	-78.8727	-78.872	-78.8712	-78.8703	-78.8693	-78.8683	-78.8673	-78.8664	-78.8654	-78.8645	-78.8637	-78.8629	-78.8623	-78.8618	-78.8614	-78.8612	-78.8611	-78.8613	-78.8616	-78.8621	-78.8628	-78.8638	-78.8651	-78.8667	-78.8688	-78.8712	-78.8742	-78.8778
5.475	-78.8409	-78.8405	-78.8424	-78.8456	-78.8493	-78.8531	-78.8569	-78.8604	-78.8636	-78.8664	-78.8688	-78.8708	-78.8724	-78.8736	-78.8745	-78.8751	-78.8754	-78.8754	-78.8752	-78.8748	-78.8743	-78.8736	-78.8728	-78.8719	-78.871	-78.87	-78.869	-78.868	-78.8671	-78.8661	-78.8653	-78.8646	-78.8639	-78.8634	-78.8631	-78.8628	-78.8628	-78.8629	-78.8632	-78.8637	-78.8645	-78.8655	-78.8668	-78.8684	-78.8704	-78.8728	-78.8759	-78.8794
5.48	-78.8425	-78.8422	-78.8441	-78.8472	-78.8509	-78.8547	-78.8585	-78.862	-78.8652	-78.868	-78.8704	-78.8724	-78.874	-78.8753	-78.8762	-78.8767	-78.877	-78.8771	-78.8769	-78.8765	-78.8759	-78.8752	-78.8744	-78.8735	-78.8726	-78.8716	-78.8706	-78.8696	-78.8687	-78.8678	-78.867	-78.8662	-78.8656	-78.8651	-78.8647	-78.8645	-78.8644	-78.8645	-78.8648	-78.8654	-78.8661	-78.8671	-78.8684	-78.87	-78.872	-78.8745	-78.8775	-78.881
5.485	-78.8441	-78.8438	-78.8457	-78.8488	-78.8525	-78.8564	-78.8601	-78.8636	-78.8668	-78.8696	-78.872	-78.874	-78.8756	-78.8769	-78.8778	-78.8783	-78.8786	-78.8787	-78.8785	-78.8781	-78.8775	-78.8768	-78.876	-78.8752	-78.8742	-78.8732	-78.8722	-78.8713	-78.8703	-78.8694	-78.8686	-78.8679	-78.8672	-78.8667	-78.8663	-78.8661	-78.8661	-78.8662	-78.8665	-78.867	-78.8677	-78.8687	-78.87	-78.8716	-78.8736	-78.8761	-78.8791	-78.8826
5.49	-78.8458	-78.8454	-78.8473	-78.8505	-78.8541	-78.858	-78.8617	-78.8652	-78.8684	-78.8712	-78.8736	-78.8756	-78.8772	-78.8785	-78.8794	-78.8799	-78.8802	-78.8803	-78.8801	-78.8797	-78.8791	-78.8784	-78.8776	-78.8768	-78.8758	-78.8749	-78.8739	-78.8729	-78.872	-78.8711	-78.8702	-78.8695	-78.8689	-78.8684	-78.868	-78.8678	-78.8677	-78.8678	-78.8681	-78.8686	-78.8694	-78.8703	-78.8716	-78.8732	-78.8752	-78.8777	-78.8807	-78.8842
5.495	-78.8474	-78.847	-78.849	-78.8521	-78.8558	-78.8596	-78.8633	-78.8668	-78.87	-78.8728	-78.8752	-78.8772	-78.8788	-78.8801	-78.881	-78.8815	-78.8818	-78.8819	-78.8817	-78.8813	-78.8807	-78.8801	-78.8793	-78.8784	-78.8774	-78.8765	-78.8755	-78.8745	-78.8736	-78.8727	-78.8719	-78.8711	-78.8705	-78.87	-78.8696	-78.8694	-78.8693	-78.8694	-78.8697	-78.8703	-78.871	-78.872	-78.8732	-78.8748	-78.8768	-78.8793	-78.8823	-78.8858
5.5	-78.849	-78.8487	-78.8506	-78.8537	-78.8574	-78.8612	-78.8649	-78.8684	-78.8716	-78.8744	-78.8768	-78.8788	-78.8804	-78.8816	-78.8825	-78.8831	-78.8834	-78.8835	-78.8833	-78.8829	-78.8823	-78.8817	-78.8809	-78.88	-78.8791	-78.8781	-78.8771	-78.8762	-78.8752	-78.8743	-78.8735	-78.8728	-78.8721	-78.8716	-78.8712	-78.871	-78.871	-78.8711	-78.8714	-78.8719	-78.8726	-78.8736	-78.8748	-78.8764	-78.8784	-78.8809	-78.8839	-78.8874
5.505	-78.8506	-78.8503	-78.8522	-78.8553	-78.859	-78.8628	-78.8665	-78.87	-78.8732	-78.876	-78.8784	-78.8804	-78.882	-78.8832	-78.8841	-78.8847	-78.885	-78.8851	-78.8849	-78.8845	-78.8839	-78.8833	-78.8825	-78.8816	-78.8807	-78.8797	-78.8787	-78.8778	-78.8768	-78.8759	-78.8751	-78.8744	-78.8738	-78.8733	-78.8729	-78.8727	-78.8726	-78.8727	-78.873	-78.8735	-78.8742	-78.8752	-78.8765	-78.878	-78.88	-78.8825	-78.8854	-78.889
5.51	-78.8523	-78.8519	-78.8538	-78.8569	-78.8606	-78.8644	-78.8681	-78.8716	-78.8748	-78.8776	-78.88	-78.882	-78.8836	-78.8848	-78.8857	-78.8863	-78.8866	-78.8867	-78.8865	-78.8861	-78.8856	-78.8849	-78.8841	-78.8832	-78.8823	-78.8813	-78.8804	-78.8794	-78.8785	-78.8776	-78.8767	-78.876	-78.8754	-78.8749	-78.8745	-78.8743	-78.8742	-78.8743	-78.8746	-78.8751	-78.8758	-78.8768	-78.8781	-78.8797	-78.8816	-78.8841	-78.887	-78.8906
5.515	-78.8539	-78.8535	-78.8554	-78.8585	-78.8622	-78.866	-78.8697	-78.8732	-78.8763	-78.8791	-78.8815	-78.8835	-78.8852	-78.8864	-78.8873	-78.8879	-78.8882	-78.8882	-78.8881	-78.8877	-78.8871	-78.8865	-78.8857	-78.8848	-78.8839	-78.8829	-78.882	-78.881	-78.8801	-78.8792	-78.8784	-78.8776	-78.877	-78.8765	-78.8761	-78.8759	-78.8758	-78.8759	-78.8762	-78.8767	-78.8775	-78.8784	-78.8797	-78.8812	-78.8832	-78.8857	-78.8886	-78.8921
5.52	-78.8555	-78.8551	-78.857	-78.8601	-78.8638	-78.8676	-78.8713	-78.8748	-78.8779	-78.8807	-78.8831	-78.8851	-78.8867	-78.888	-78.8889	-78.8895	-78.8898	-78.8898	-78.8896	-78.8893	-78.8887	-78.8881	-78.8873	-78.8864	-78.8855	-78.8845	-78.8836	-78.8826	-78.8817	-78.8808	-78.88	-78.8793	-78.8786	-78.8781	-78.8777	-78.8775	-78.8774	-78.8776	-78.8778	-78.8783	-78.8791	-78.88	-78.8813	-78.8828	-78.8848	-78.8872	-78.8902	-78.8937
5.525	-78.8571	-78.8567	-78.8586	-78.8617	-78.8654	-78.8692	-78.8729	-78.8764	-78.8795	-78.8823	-78.8847	-78.8867	-78.8883	-78.8896	-78.8905	-78.8911	-78.8914	-78.8914	-78.8912	-78.8909	-78.8903	-78.8897	-78.8889	-78.888	-78.8871	-78.8861	-78.8852	-78.8842	-78.8833	-78.8824	-78.8816	-78.8809	-78.8802	-78.8797	-78.8794	-78.8791	-78.8791	-78.8792	-78.8795	-78.88	-78.8807	-78.8816	-78.8829	-78.8844	-78.8864	-78.8888	-78.8918	-78.8953
5.53	-78.8587	-78.8583	-78.8602	-78.8633	-78.867	-78.8708	-78.8745	-78.8779	-78.8811	-78.8839	-78.8863	-78.8883	-78.8899	-78.8911	-78.892	-78.8926	-78.8929	-78.893	-78.8928	-78.8924	-78.8919	-78.8913	-78.8905	-78.8896	-78.8887	-78.8877	-78.8868	-78.8858	-78.8849	-78.884	-78.8832	-78.8825	-78.8819	-78.8814	-78.881	-78.8807	-78.8807	-78.8808	-78.8811	-78.8816	-78.8823	-78.8832	-78.8845	-78.886	-78.888	-78.8904	-78.8933	-78.8969
5.535	-78.8603	-78.8599	-78.8618	-78.8649	-78.8686	-78.8723	-78.876	-78.8795	-78.8827	-78.8855	-78.8878	-78.8899	-78.8915	-78.8927	-78.8936	-78.8942	-78.8945	-78.8946	-78.8944	-78.894	-78.8935	-78.8928	-78.8921	-78.8912	-78.8903	-78.8894	-78.8884	-78.8874	-78.8865	-78.8856	-78.8848	-78.8841	-78.8835	-78.883	-78.8826	-78.8824	-78.8823	-78.8824	-78.8827	-78.8832	-78.8839	-78.8848	-78.8861	-78.8876	-78.8896	-78.892	-78.8949	-78.8984
5.54	-78.8619	-78.8615	-78.8634	-78.8665	-78.8701	-78.8739	-78.8776	-78.8811	-78.8842	-78.887	-78.8894	-78.8914	-78.893	-78.8943	-78.8952	-78.8958	-78.8961	-78.8961	-78.896	-78.8956	-78.8951	-78.8944	-78.8937	-78.8928	-78.8919	-78.8909	-78.89	-78.889	-78.8881	-78.8872	-78.8864	-78.8857	-78.8851	-78.8846	-78.8842	-78.884	-78.8839	-78.884	-78.8843	-78.8848	-78.8855	-78.8864	-78.8876	-78.8892	-78.8912	-78.8936	-78.8965	-78.9
5.545	-78.8635	-78.8631	-78.865	-78.8681	-78.8717	-78.8755	-78.8792	-78.8827	-78.8858	-78.8886	-78.891	-78.893	-78.8946	-78.8959	-78.8968	-78.8973	-78.8977	-78.8977	-78.8976	-78.8972	-78.8967	-78.896	-78.8952	-78.8944	-78.8935	-78.8925	-78.8916	-78.8906	-78.8897	-78.8888	-78.888	-78.8873	-78.8867	-78.8862	-78.8858	-78.8856	-78.8855	-78.8856	-78.8859	-78.8864	-78.8871	-78.888	-78.8892	-78.8908	-78.8927	-78.8951	-78.898	-78.9015
5.55	-78.8651	-78.8647	-78.8666	-78.8697	-78.8733	-78.8771	-78.8808	-78.8842	-78.8874	-78.8902	-78.8926	-78.8946	-78.8962	-78.8974	-78.8983	-78.8989	-78.8992	-78.8993	-78.8991	-78.8988	-78.8982	-78.8976	-78.8968	-78.896	-78.8951	-78.8941	-78.8932	-78.8922	-78.8913	-78.8904	-78.8896	-78.8889	-78.8883	-78.8878	-78.8874	-78.8872	-78.8871	-78.8872	-78.8875	-78.888	-78.8886	-78.8896	-78.8908	-78.8924	-78.8943	-78.8967	-78.8996	-78.9031
5.555	-78.8667	-78.8663	-78.8682	-78.8713	-78.8749	-78.8787	-78.8823	-78.8858	-78.8889	-78.8917	-78.8941	-78.8961	-78.8977	-78.899	-78.8999	-78.9005	-78.9008	-78.9008	-78.9007	-78.9003	-78.8998	-78.8992	-78.8984	-78.8976	-78.8967	-78.8957	-78.8948	-78.8938	-78.8929	-78.892	-78.8912	-78.8905	-78.8899	-78.8894	-78.889	-78.8888	-78.8887	-78.8888	-78.8891	-78.8895	-78.8902	-78.8912	-78.8924	-78.8939	-78.8959	-78.8983	-78.9012	-78.9046
5.56	-78.8683	-78.8679	-78.8698	-78.8728	-78.8765	-78.8802	-78.8839	-78.8874	-78.8905	-78.8933	-78.8957	-78.8977	-78.8993	-78.9005	-78.9014	-78.902	-78.9024	-78.9024	-78.9023	-78.9019	-78.9014	-78.9007	-78.9	-78.8991	-78.8982	-78.8973	-78.8963	-78.8954	-78.8945	-78.8936	-78.8928	-78.8921	-78.8915	-78.891	-78.8906	-78.8904	-78.8903	-78.8904	-78.8907	-78.8911	-78.8918	-78.8928	-78.894	-78.8955	-78.8974	-78.8998	-78.9027	-78.9062
5.565	-78.8699	-78.8695	-78.8714	-78.8744	-78.878	-78.8818	-78.8855	-78.8889	-78.8921	-78.8948	-78.8972	-78.8992	-78.9008	-78.9021	-78.903	-78.9036	-78.9039	-78.904	-78.9038	-78.9035	-78.903	-78.9023	-78.9016	-78.9007	-78.8998	-78.8989	-78.8979	-78.897	-78.8961	-78.8952	-78.8944	-78.8937	-78.8931	-78.8926	-78.8922	-78.892	-78.8919	-78.892	-78.8922	-78.8927	-78.8934	-78.8943	-78.8955	-78.8971	-78.899	-78.9014	-78.9043	-78.9077
5.57	-78.8714	-78.8711	-78.8729	-78.876	-78.8796	-78.8834	-78.887	-78.8905	-78.8936	-78.8964	-78.8988	-78.9008	-78.9024	-78.9036	-78.9046	-78.9052	-78.9055	-78.9055	-78.9054	-78.905	-78.9045	-78.9039	-78.9031	-78.9023	-78.9014	-78.9005	-78.8995	-78.8986	-78.8977	-78.8968	-78.896	-78.8953	-78.8947	-78.8942	-78.8938	-78.8935	-78.8935	-78.8936	-78.8938	-78.8943	-78.895	-78.8959	-78.8971	-78.8986	-78.9006	-78.9029	-78.9058	-78.9093
5.575	-78.873	-78.8727	-78.8745	-78.8776	-78.8812	-78.8849	-78.8886	-78.8921	-78.8952	-78.898	-78.9003	-78.9023	-78.9039	-78.9052	-78.9061	-78.9067	-78.907	-78.9071	-78.9069	-78.9066	-78.9061	-78.9054	-78.9047	-78.9039	-78.903	-78.902	-78.9011	-78.9001	-78.8992	-78.8984	-78.8976	-78.8969	-78.8962	-78.8957	-78.8954	-78.8951	-78.8951	-78.8951	-78.8954	-78.8959	-78.8966	-78.8975	-78.8987	-78.9002	-78.9021	-78.9045	-78.9074	-78.9108
5.58	-78.8746	-78.8742	-78.8761	-78.8791	-78.8827	-78.8865	-78.8902	-78.8936	-78.8967	-78.8995	-78.9019	-78.9039	-78.9055	-78.9067	-78.9077	-78.9083	-78.9086	-78.9086	-78.9085	-78.9081	-78.9076	-78.907	-78.9062	-78.9054	-78.9045	-78.9036	-78.9027	-78.9017	-78.9008	-78.9	-78.8992	-78.8984	-78.8978	-78.8973	-78.8969	-78.8967	-78.8966	-78.8967	-78.897	-78.8975	-78.8981	-78.8991	-78.9002	-78.9018	-78.9037	-78.906	-78.9089	-78.9124
5.585	-78.8762	-78.8758	-78.8776	-78.8807	-78.8843	-78.8881	-78.8917	-78.8952	-78.8983	-78.9011	-78.9034	-78.9054	-78.907	-78.9083	-78.9092	-78.9098	-78.9101	-78.9102	-78.91	-78.9097	-78.9092	-78.9086	-78.9078	-78.907	-78.9061	-78.9052	-78.9042	-78.9033	-78.9024	-78.9015	-78.9007	-78.9	-78.8994	-78.8989	-78.8985	-78.8983	-78.8982	-78.8983	-78.8986	-78.899	-78.8997	-78.9006	-78.9018	-78.9033	-78.9052	-78.9076	-78.9105	-78.9139
5.59	-78.8778	-78.8774	-78.8792	-78.8823	-78.8859	-78.8896	-78.8933	-78.8967	-78.8998	-78.9026	-78.905	-78.907	-78.9086	-78.9098	-78.9107	-78.9113	-78.9117	-78.9117	-78.9116	-78.9112	-78.9108	-78.9101	-78.9094	-78.9085	-78.9077	-78.9067	-78.9058	-78.9049	-78.904	-78.9031	-78.9023	-78.9016	-78.901	-78.9005	-78.9001	-78.8999	-78.8998	-78.8999	-78.9001	-78.9006	-78.9013	-78.9022	-78.9034	-78.9049	-78.9068	-78.9091	-78.912	-78.9154
5.595	-78.8793	-78.8789	-78.8808	-78.8838	-78.8874	-78.8912	-78.8948	-78.8983	-78.9014	-78.9041	-78.9065	-78.9085	-78.9101	-78.9114	-78.9123	-78.9129	-78.9132	-78.9133	-78.9131	-78.9128	-78.9123	-78.9117	-78.9109	-78.9101	-78.9092	-78.9083	-78.9074	-78.9064	-78.9055	-78.9047	-78.9039	-78.9032	-78.9026	-78.9021	-78.9017	-78.9014	-78.9014	-78.9014	-78.9017	-78.9022	-78.9028	-78.9037	-78.9049	-78.9064	-78.9083	-78.9107	-78.9135	-78.917
5.6	-78.8809	-78.8805	-78.8823	-78.8854	-78.889	-78.8927	-78.8964	-78.8998	-78.9029	-78.9057	-78.9081	-78.91	-78.9117	-78.9129	-78.9138	-78.9144	-78.9147	-78.9148	-78.9147	-78.9143	-78.9138	-78.9132	-78.9125	-78.9117	-78.9108	-78.9099	-78.9089	-78.908	-78.9071	-78.9062	-78.9055	-78.9047	-78.9041	-78.9036	-78.9033	-78.903	-78.9029	-78.903	-78.9033	-78.9037	-78.9044	-78.9053	-78.9065	-78.908	-78.9099	-78.9122	-78.9151	-78.9185
5.605	-78.8825	-78.8821	-78.8839	-78.8869	-78.8905	-78.8943	-78.8979	-78.9013	-78.9045	-78.9072	-78.9096	-78.9116	-78.9132	-78.9144	-78.9154	-78.916	-78.9163	-78.9164	-78.9162	-78.9159	-78.9154	-78.9148	-78.914	-78.9132	-78.9123	-78.9114	-78.9105	-78.9096	-78.9087	-78.9078	-78.907	-78.9063	-78.9057	-78.9052	-78.9048	-78.9046	-78.9045	-78.9046	-78.9048	-78.9053	-78.906	-78.9069	-78.908	-78.9095	-78.9114	-78.9137	-78.9166	-78.92
5.61	-78.884	-78.8836	-78.8855	-78.8885	-78.8921	-78.8958	-78.8995	-78.9029	-78.906	-78.9087	-78.9111	-78.9131	-78.9147	-78.916	-78.9169	-78.9175	-78.9178	-78.9179	-78.9178	-78.9174	-78.9169	-78.9163	-78.9156	-78.9148	-78.9139	-78.913	-78.912	-78.9111	-78.9102	-78.9094	-78.9086	-78.9079	-78.9073	-78.9068	-78.9064	-78.9062	-78.9061	-78.9061	-78.9064	-78.9068	-78.9075	-78.9084	-78.9096	-78.9111	-78.9129	-78.9153	-78.9181	-78.9215
5.615	-78.8856	-78.8852	-78.887	-78.8901	-78.8936	-78.8973	-78.901	-78.9044	-78.9075	-78.9103	-78.9127	-78.9146	-78.9162	-78.9175	-78.9184	-78.919	-78.9193	-78.9194	-78.9193	-78.919	-78.9185	-78.9179	-78.9171	-78.9163	-78.9154	-78.9145	-78.9136	-78.9127	-78.9118	-78.9109	-78.9101	-78.9094	-78.9088	-78.9083	-78.908	-78.9077	-78.9076	-78.9077	-78.908	-78.9084	-78.9091	-78.91	-78.9111	-78.9126	-78.9145	-78.9168	-78.9197	-78.9231
5.62	-78.8871	-78.8867	-78.8886	-78.8916	-78.8952	-78.8989	-78.9025	-78.9059	-78.9091	-78.9118	-78.9142	-78.9162	-78.9178	-78.919	-78.9199	-78.9205	-78.9209	-78.921	-78.9208	-78.9205	-78.92	-78.9194	-78.9187	-78.9178	-78.917	-78.9161	-78.9152	-78.9142	-78.9133	-78.9125	-78.9117	-78.911	-78.9104	-78.9099	-78.9095	-78.9093	-78.9092	-78.9093	-78.9095	-78.91	-78.9106	-78.9115	-78.9127	-78.9141	-78.916	-78.9183	-78.9212	-78.9246
5.625	-78.8887	-78.8883	-78.8901	-78.8932	-78.8967	-78.9004	-78.9041	-78.9075	-78.9106	-78.9133	-78.9157	-78.9177	-78.9193	-78.9205	-78.9215	-78.9221	-78.9224	-78.9225	-78.9224	-78.922	-78.9215	-78.9209	-78.9202	-78.9194	-78.9185	-78.9176	-78.9167	-78.9158	-78.9149	-78.914	-78.9133	-78.9126	-78.9119	-78.9114	-78.9111	-78.9108	-78.9107	-78.9108	-78.9111	-78.9115	-78.9122	-78.913	-78.9142	-78.9157	-78.9175	-78.9199	-78.9227	-78.9261
5.63	-78.8902	-78.8898	-78.8917	-78.8947	-78.8983	-78.902	-78.9056	-78.909	-78.9121	-78.9149	-78.9172	-78.9192	-78.9208	-78.9221	-78.923	-78.9236	-78.9239	-78.924	-78.9239	-78.9236	-78.9231	-78.9225	-78.9217	-78.9209	-78.9201	-78.9192	-78.9182	-78.9173	-78.9164	-78.9156	-78.9148	-78.9141	-78.9135	-78.913	-78.9126	-78.9124	-78.9123	-78.9124	-78.9126	-78.913	-78.9137	-78.9146	-78.9157	-78.9172	-78.9191	-78.9214	-78.9242	-78.9276
5.635	-78.8918	-78.8914	-78.8932	-78.8962	-78.8998	-78.9035	-78.9071	-78.9105	-78.9136	-78.9164	-78.9187	-78.9207	-78.9223	-78.9236	-78.9245	-78.9251	-78.9254	-78.9255	-78.9254	-78.9251	-78.9246	-78.924	-78.9233	-78.9225	-78.9216	-78.9207	-78.9198	-78.9189	-78.918	-78.9172	-78.9164	-78.9157	-78.9151	-78.9146	-78.9142	-78.9139	-78.9138	-78.9139	-78.9142	-78.9146	-78.9152	-78.9161	-78.9173	-78.9187	-78.9206	-78.9229	-78.9257	-78.9291
5.64	-78.8933	-78.8929	-78.8948	-78.8978	-78.9013	-78.905	-78.9086	-78.912	-78.9151	-78.9179	-78.9203	-78.9222	-78.9238	-78.9251	-78.926	-78.9266	-78.927	-78.9271	-78.9269	-78.9266	-78.9261	-78.9255	-78.9248	-78.924	-78.9231	-78.9222	-78.9213	-78.9204	-78.9195	-78.9187	-78.9179	-78.9172	-78.9166	-78.9161	-78.9157	-78.9155	-78.9154	-78.9155	-78.9157	-78.9161	-78.9168	-78.9177	-78.9188	-78.9203	-78.9221	-78.9244	-78.9272	-78.9306
5.645	-78.8949	-78.8945	-78.8963	-78.8993	-78.9028	-78.9065	-78.9102	-78.9136	-78.9167	-78.9194	-78.9218	-78.9238	-78.9254	-78.9266	-78.9275	-78.9281	-78.9285	-78.9286	-78.9284	-78.9281	-78.9277	-78.927	-78.9263	-78.9255	-78.9247	-78.9238	-78.9229	-78.922	-78.9211	-78.9202	-78.9195	-78.9188	-78.9182	-78.9176	-78.9173	-78.917	-78.9169	-78.917	-78.9172	-78.9177	-78.9183	-78.9192	-78.9203	-78.9218	-78.9236	-78.9259	-78.9288	-78.9321
5.65	-78.8964	-78.896	-78.8978	-78.9008	-78.9044	-78.9081	-78.9117	-78.9151	-78.9182	-78.9209	-78.9233	-78.9253	-78.9269	-78.9281	-78.929	-78.9297	-78.93	-78.9301	-78.93	-78.9296	-78.9292	-78.9286	-78.9279	-78.9271	-78.9262	-78.9253	-78.9244	-78.9235	-78.9226	-78.9218	-78.921	-78.9203	-78.9197	-78.9192	-78.9188	-78.9186	-78.9185	-78.9185	-78.9188	-78.9192	-78.9198	-78.9207	-78.9219	-78.9233	-78.9252	-78.9275	-78.9303	-78.9336
5.655	-78.898	-78.8976	-78.8994	-78.9024	-78.9059	-78.9096	-78.9132	-78.9166	-78.9197	-78.9224	-78.9248	-78.9268	-78.9284	-78.9296	-78.9305	-78.9312	-78.9315	-78.9316	-78.9315	-78.9312	-78.9307	-78.9301	-78.9294	-78.9286	-78.9277	-78.9268	-78.9259	-78.925	-78.9241	-78.9233	-78.9225	-78.9218	-78.9212	-78.9207	-78.9203	-78.9201	-78.92	-78.9201	-78.9203	-78.9207	-78.9214	-78.9222	-78.9234	-78.9248	-78.9267	-78.929	-78.9318	-78.9351
5.66	-78.8995	-78.8991	-78.9009	-78.9039	-78.9074	-78.9111	-78.9147	-78.9181	-78.9212	-78.9239	-78.9263	-78.9283	-78.9299	-78.9311	-78.9321	-78.9327	-78.933	-78.9331	-78.933	-78.9327	-78.9322	-78.9316	-78.9309	-78.9301	-78.9293	-78.9284	-78.9275	-78.9266	-78.9257	-78.9249	-78.9241	-78.9234	-78.9228	-78.9223	-78.9219	-78.9216	-78.9215	-78.9216	-78.9218	-78.9223	-78.9229	-78.9238	-78.9249	-78.9263	-78.9282	-78.9305	-78.9333	-78.9366
5.665	-78.901	-78.9006	-78.9024	-78.9054	-78.9089	-78.9126	-78.9162	-78.9196	-78.9227	-78.9254	-78.9278	-78.9298	-78.9314	-78.9326	-78.9336	-78.9342	-78.9345	-78.9346	-78.9345	-78.9342	-78.9337	-78.9331	-78.9324	-78.9316	-78.9308	-78.9299	-78.929	-78.9281	-78.9272	-78.9264	-78.9256	-78.9249	-78.9243	-78.9238	-78.9234	-78.9232	-78.9231	-78.9231	-78.9234	-78.9238	-78.9244	-78.9253	-78.9264	-78.9279	-78.9297	-78.932	-78.9348	-78.9381
5.67	-78.9025	-78.9021	-78.9039	-78.9069	-78.9105	-78.9141	-78.9177	-78.9211	-78.9242	-78.9269	-78.9293	-78.9313	-78.9329	-78.9341	-78.9351	-78.9357	-78.936	-78.9361	-78.936	-78.9357	-78.9352	-78.9346	-78.9339	-78.9331	-78.9323	-78.9314	-78.9305	-78.9296	-78.9287	-78.9279	-78.9271	-78.9264	-78.9258	-78.9253	-78.925	-78.9247	-78.9246	-78.9247	-78.9249	-78.9253	-78.9259	-78.9268	-78.9279	-78.9294	-78.9312	-78.9335	-78.9362	-78.9396
5.675	-78.9041	-78.9037	-78.9055	-78.9085	-78.912	-78.9156	-78.9193	-78.9226	-78.9257	-78.9284	-78.9308	-78.9328	-78.9344	-78.9356	-78.9365	-78.9372	-78.9375	-78.9376	-78.9375	-78.9372	-78.9367	-78.9361	-78.9354	-78.9347	-78.9338	-78.9329	-78.932	-78.9311	-78.9303	-78.9294	-78.9287	-78.928	-78.9274	-78.9269	-78.9265	-78.9262	-78.9261	-78.9262	-78.9264	-78.9268	-78.9275	-78.9283	-78.9294	-78.9309	-78.9327	-78.935	-78.9377	-78.9411
5.68	-78.9056	-78.9052	-78.907	-78.91	-78.9135	-78.9172	-78.9208	-78.9241	-78.9272	-78.9299	-78.9323	-78.9343	-78.9359	-78.9371	-78.938	-78.9387	-78.939	-78.9391	-78.939	-78.9387	-78.9382	-78.9376	-78.9369	-78.9362	-78.9353	-78.9344	-78.9335	-78.9327	-78.9318	-78.931	-78.9302	-78.9295	-78.9289	-78.9284	-78.928	-78.9278	-78.9277	-78.9277	-78.9279	-78.9284	-78.929	-78.9298	-78.9309	-78.9324	-78.9342	-78.9365	-78.9392	-78.9426
5.685	-78.9071	-78.9067	-78.9085	-78.9115	-78.915	-78.9187	-78.9223	-78.9256	-78.9287	-78.9314	-78.9338	-78.9358	-78.9374	-78.9386	-78.9395	-78.9402	-78.9405	-78.9406	-78.9405	-78.9402	-78.9397	-78.9391	-78.9385	-78.9377	-78.9368	-78.936	-78.9351	-78.9342	-78.9333	-78.9325	-78.9317	-78.931	-78.9304	-78.9299	-78.9295	-78.9293	-78.9292	-78.9292	-78.9295	-78.9299	-78.9305	-78.9313	-78.9324	-78.9339	-78.9357	-78.9379	-78.9407	-78.944
5.69	-78.9086	-78.9082	-78.91	-78.913	-78.9165	-78.9202	-78.9238	-78.9271	-78.9302	-78.9329	-78.9353	-78.9372	-78.9389	-78.9401	-78.941	-78.9417	-78.942	-78.9421	-78.942	-78.9417	-78.9412	-78.9407	-78.94	-78.9392	-78.9383	-78.9375	-78.9366	-78.9357	-78.9348	-78.934	-78.9332	-78.9325	-78.9319	-78.9314	-78.9311	-78.9308	-78.9307	-78.9308	-78.931	-78.9314	-78.932	-78.9328	-78.934	-78.9354	-78.9372	-78.9394	-78.9422	-78.9455
5.695	-78.9102	-78.9097	-78.9115	-78.9145	-78.918	-78.9217	-78.9252	-78.9286	-78.9317	-78.9344	-78.9368	-78.9387	-78.9403	-78.9416	-78.9425	-78.9431	-78.9435	-78.9436	-78.9435	-78.9432	-78.9427	-78.9421	-78.9415	-78.9407	-78.9398	-78.939	-78.9381	-78.9372	-78.9363	-78.9355	-78.9347	-78.9341	-78.9335	-78.933	-78.9326	-78.9323	-78.9322	-78.9323	-78.9325	-78.9329	-78.9335	-78.9343	-78.9354	-78.9369	-78.9387	-78.9409	-78.9437	-78.947
5.7	-78.9117	-78.9113	-78.913	-78.916	-78.9195	-78.9232	-78.9267	-78.9301	-78.9332	-78.9359	-78.9382	-78.9402	-78.9418	-78.9431	-78.944	-78.9446	-78.945	-78.9451	-78.945	-78.9447	-78.9442	-78.9436	-78.943	-78.9422	-78.9413	-78.9405	-78.9396	-78.9387	-78.9378	-78.937	-78.9363	-78.9356	-78.935	-78.9345	-78.9341	-78.9338	-78.9337	-78.9338	-78.934	-78.9344	-78.935	-78.9358	-78.9369	-78.9384	-78.9402	-78.9424	-78.9452	-78.9485
5.705	-78.9132	-78.9128	-78.9145	-78.9175	-78.921	-78.9247	-78.9282	-78.9316	-78.9347	-78.9374	-78.9397	-78.9417	-78.9433	-78.9445	-78.9455	-78.9461	-78.9465	-78.9466	-78.9465	-78.9462	-78.9457	-78.9451	-78.9445	-78.9437	-78.9428	-78.942	-78.9411	-78.9402	-78.9394	-78.9385	-78.9378	-78.9371	-78.9365	-78.936	-78.9356	-78.9353	-78.9352	-78.9353	-78.9355	-78.9359	-78.9365	-78.9373	-78.9384	-78.9398	-78.9416	-78.9439	-78.9466	-78.9499
5.71	-78.9147	-78.9143	-78.916	-78.919	-78.9225	-78.9262	-78.9297	-78.9331	-78.9361	-78.9389	-78.9412	-78.9432	-78.9448	-78.946	-78.947	-78.9476	-78.9479	-78.948	-78.9479	-78.9477	-78.9472	-78.9466	-78.9459	-78.9452	-78.9443	-78.9435	-78.9426	-78.9417	-78.9409	-78.94	-78.9393	-78.9386	-78.938	-78.9375	-78.9371	-78.9369	-78.9368	-78.9368	-78.937	-78.9374	-78.938	-78.9388	-78.9399	-78.9413	-78.9431	-78.9454	-78.9481	-78.9514
5.715	-78.9162	-78.9158	-78.9175	-78.9205	-78.924	-78.9276	-78.9312	-78.9346	-78.9376	-78.9403	-78.9427	-78.9446	-78.9463	-78.9475	-78.9484	-78.9491	-78.9494	-78.9495	-78.9494	-78.9491	-78.9487	-78.9481	-78.9474	-78.9467	-78.9458	-78.945	-78.9441	-78.9432	-78.9424	-78.9415	-78.9408	-78.9401	-78.9395	-78.939	-78.9386	-78.9384	-78.9383	-78.9383	-78.9385	-78.9389	-78.9395	-78.9403	-78.9414	-78.9428	-78.9446	-78.9468	-78.9496	-78.9529
5.72	-78.9177	-78.9173	-78.9191	-78.922	-78.9255	-78.9291	-78.9327	-78.9361	-78.9391	-78.9418	-78.9442	-78.9461	-78.9477	-78.949	-78.9499	-78.9505	-78.9509	-78.951	-78.9509	-78.9506	-78.9502	-78.9496	-78.9489	-78.9482	-78.9473	-78.9465	-78.9456	-78.9447	-78.9439	-78.943	-78.9423	-78.9416	-78.941	-78.9405	-78.9401	-78.9399	-78.9398	-78.9398	-78.94	-78.9404	-78.941	-78.9418	-78.9429	-78.9443	-78.9461	-78.9483	-78.951	-78.9543
5.725	-78.9192	-78.9188	-78.9205	-78.9235	-78.927	-78.9306	-78.9342	-78.9375	-78.9406	-78.9433	-78.9456	-78.9476	-78.9492	-78.9504	-78.9514	-78.952	-78.9524	-78.9525	-78.9524	-78.9521	-78.9517	-78.9511	-78.9504	-78.9496	-78.9488	-78.948	-78.9471	-78.9462	-78.9454	-78.9445	-78.9438	-78.9431	-78.9425	-78.942	-78.9416	-78.9414	-78.9413	-78.9413	-78.9415	-78.9419	-78.9425	-78.9433	-78.9444	-78.9458	-78.9476	-78.9498	-78.9525	-78.9558
5.73	-78.9207	-78.9203	-78.922	-78.925	-78.9285	-78.9321	-78.9357	-78.939	-78.9421	-78.9448	-78.9471	-78.9491	-78.9507	-78.9519	-78.9528	-78.9535	-78.9538	-78.9539	-78.9538	-78.9536	-78.9531	-78.9526	-78.9519	-78.9511	-78.9503	-78.9494	-78.9486	-78.9477	-78.9469	-78.946	-78.9453	-78.9446	-78.944	-78.9435	-78.9431	-78.9429	-78.9427	-78.9428	-78.943	-78.9434	-78.944	-78.9448	-78.9459	-78.9473	-78.949	-78.9512	-78.954	-78.9572
5.735	-78.9222	-78.9218	-78.9235	-78.9265	-78.93	-78.9336	-78.9371	-78.9405	-78.9435	-78.9462	-78.9486	-78.9505	-78.9521	-78.9534	-78.9543	-78.9549	-78.9553	-78.9554	-78.9553	-78.955	-78.9546	-78.954	-78.9534	-78.9526	-78.9518	-78.9509	-78.9501	-78.9492	-78.9483	-78.9475	-78.9468	-78.9461	-78.9455	-78.945	-78.9446	-78.9444	-78.9442	-78.9443	-78.9445	-78.9449	-78.9455	-78.9463	-78.9473	-78.9487	-78.9505	-78.9527	-78.9554	-78.9587
5.74	-78.9237	-78.9233	-78.925	-78.928	-78.9314	-78.9351	-78.9386	-78.9419	-78.945	-78.9477	-78.95	-78.952	-78.9536	-78.9548	-78.9558	-78.9564	-78.9568	-78.9569	-78.9568	-78.9565	-78.9561	-78.9555	-78.9548	-78.9541	-78.9533	-78.9524	-78.9516	-78.9507	-78.9498	-78.949	-78.9483	-78.9476	-78.947	-78.9465	-78.9461	-78.9459	-78.9457	-78.9458	-78.946	-78.9464	-78.9469	-78.9477	-78.9488	-78.9502	-78.952	-78.9542	-78.9569	-78.9601
5.745	-78.9252	-78.9248	-78.9265	-78.9294	-78.9329	-78.9365	-78.9401	-78.9434	-78.9465	-78.9492	-78.9515	-78.9535	-78.955	-78.9563	-78.9572	-78.9579	-78.9582	-78.9584	-78.9583	-78.958	-78.9576	-78.957	-78.9563	-78.9556	-78.9548	-78.9539	-78.953	-78.9522	-78.9513	-78.9505	-78.9498	-78.9491	-78.9485	-78.948	-78.9476	-78.9473	-78.9472	-78.9473	-78.9475	-78.9478	-78.9484	-78.9492	-78.9503	-78.9517	-78.9534	-78.9556	-78.9583	-78.9616
5.75	-78.9267	-78.9262	-78.928	-78.9309	-78.9344	-78.938	-78.9415	-78.9449	-78.9479	-78.9506	-78.9529	-78.9549	-78.9565	-78.9578	-78.9587	-78.9593	-78.9597	-78.9598	-78.9597	-78.9594	-78.959	-78.9585	-78.9578	-78.957	-78.9562	-78.9554	-78.9545	-78.9537	-78.9528	-78.952	-78.9512	-78.9506	-78.95	-78.9495	-78.9491	-78.9488	-78.9487	-78.9487	-78.9489	-78.9493	-78.9499	-78.9507	-78.9518	-78.9531	-78.9549	-78.9571	-78.9598	-78.963
5.755	-78.9282	-78.9277	-78.9295	-78.9324	-78.9359	-78.9395	-78.943	-78.9463	-78.9494	-78.9521	-78.9544	-78.9564	-78.958	-78.9592	-78.9601	-78.9608	-78.9611	-78.9613	-78.9612	-78.9609	-78.9605	-78.9599	-78.9593	-78.9585	-78.9577	-78.9569	-78.956	-78.9551	-78.9543	-78.9535	-78.9527	-78.952	-78.9515	-78.951	-78.9506	-78.9503	-78.9502	-78.9502	-78.9504	-78.9508	-78.9514	-78.9522	-78.9532	-78.9546	-78.9563	-78.9585	-78.9612	-78.9645
5.76	-78.9296	-78.9292	-78.931	-78.9339	-78.9373	-78.9409	-78.9445	-78.9478	-78.9508	-78.9535	-78.9559	-78.9578	-78.9594	-78.9607	-78.9616	-78.9622	-78.9626	-78.9627	-78.9626	-78.9624	-78.9619	-78.9614	-78.9607	-78.96	-78.9592	-78.9583	-78.9575	-78.9566	-78.9558	-78.955	-78.9542	-78.9535	-78.9529	-78.9524	-78.9521	-78.9518	-78.9517	-78.9517	-78.9519	-78.9523	-78.9528	-78.9536	-78.9547	-78.9561	-78.9578	-78.96	-78.9627	-78.9659
5.765	-78.9311	-78.9307	-78.9324	-78.9354	-78.9388	-78.9424	-78.9459	-78.9493	-78.9523	-78.955	-78.9573	-78.9593	-78.9609	-78.9621	-78.9631	-78.9637	-78.9641	-78.9642	-78.9641	-78.9638	-78.9634	-78.9629	-78.9622	-78.9614	-78.9606	-78.9598	-78.9589	-78.9581	-78.9572	-78.9564	-78.9557	-78.955	-78.9544	-78.9539	-78.9535	-78.9533	-78.9532	-78.9532	-78.9534	-78.9537	-78.9543	-78.9551	-78.9562	-78.9575	-78.9593	-78.9614	-78.9641	-78.9674
5.77	-78.9326	-78.9322	-78.9339	-78.9368	-78.9403	-78.9439	-78.9474	-78.9507	-78.9538	-78.9564	-78.9588	-78.9607	-78.9623	-78.9636	-78.9645	-78.9651	-78.9655	-78.9656	-78.9656	-78.9653	-78.9649	-78.9643	-78.9636	-78.9629	-78.9621	-78.9613	-78.9604	-78.9595	-78.9587	-78.9579	-78.9572	-78.9565	-78.9559	-78.9554	-78.955	-78.9548	-78.9546	-78.9547	-78.9548	-78.9552	-78.9558	-78.9566	-78.9576	-78.959	-78.9607	-78.9629	-78.9656	-78.9688
5.775	-78.9341	-78.9336	-78.9354	-78.9383	-78.9417	-78.9453	-78.9489	-78.9522	-78.9552	-78.9579	-78.9602	-78.9622	-78.9638	-78.965	-78.9659	-78.9666	-78.9669	-78.9671	-78.967	-78.9667	-78.9663	-78.9658	-78.9651	-78.9644	-78.9636	-78.9627	-78.9619	-78.961	-78.9602	-78.9594	-78.9586	-78.958	-78.9574	-78.9569	-78.9565	-78.9562	-78.9561	-78.9561	-78.9563	-78.9567	-78.9572	-78.958	-78.9591	-78.9604	-78.9622	-78.9643	-78.967	-78.9702
5.78	-78.9356	-78.9351	-78.9369	-78.9398	-78.9432	-78.9468	-78.9503	-78.9536	-78.9566	-78.9593	-78.9617	-78.9636	-78.9652	-78.9665	-78.9674	-78.968	-78.9684	-78.9685	-78.9685	-78.9682	-78.9678	-78.9672	-78.9666	-78.9658	-78.965	-78.9642	-78.9633	-78.9625	-78.9617	-78.9609	-78.9601	-78.9594	-78.9588	-78.9583	-78.958	-78.9577	-78.9576	-78.9576	-78.9578	-78.9581	-78.9587	-78.9595	-78.9605	-78.9619	-78.9636	-78.9658	-78.9684	-78.9717
5.785	-78.937	-78.9366	-78.9383	-78.9412	-78.9447	-78.9482	-78.9518	-78.9551	-78.9581	-78.9608	-78.9631	-78.965	-78.9666	-78.9679	-78.9688	-78.9695	-78.9698	-78.97	-78.9699	-78.9696	-78.9692	-78.9687	-78.968	-78.9673	-78.9665	-78.9657	-78.9648	-78.964	-78.9631	-78.9623	-78.9616	-78.9609	-78.9603	-78.9598	-78.9594	-78.9592	-78.959	-78.9591	-78.9592	-78.9596	-78.9602	-78.9609	-78.962	-78.9633	-78.965	-78.9672	-78.9699	-78.9731
5.79	-78.9385	-78.9381	-78.9398	-78.9427	-78.9461	-78.9497	-78.9532	-78.9565	-78.9595	-78.9622	-78.9645	-78.9665	-78.9681	-78.9693	-78.9703	-78.9709	-78.9713	-78.9714	-78.9713	-78.9711	-78.9707	-78.9701	-78.9695	-78.9687	-78.9679	-78.9671	-78.9663	-78.9654	-78.9646	-78.9638	-78.963	-78.9624	-78.9618	-78.9613	-78.9609	-78.9606	-78.9605	-78.9605	-78.9607	-78.9611	-78.9616	-78.9624	-78.9634	-78.9648	-78.9665	-78.9686	-78.9713	-78.9745
5.795	-78.94	-78.9395	-78.9412	-78.9441	-78.9476	-78.9511	-78.9547	-78.958	-78.961	-78.9637	-78.966	-78.9679	-78.9695	-78.9708	-78.9717	-78.9723	-78.9727	-78.9729	-78.9728	-78.9725	-78.9721	-78.9716	-78.9709	-78.9702	-78.9694	-78.9686	-78.9677	-78.9669	-78.966	-78.9652	-78.9645	-78.9638	-78.9632	-78.9627	-78.9624	-78.9621	-78.962	-78.962	-78.9622	-78.9625	-78.9631	-78.9638	-78.9649	-78.9662	-78.9679	-78.9701	-78.9727	-78.9759
5.8	-78.9414	-78.941	-78.9427	-78.9456	-78.949	-78.9526	-78.9561	-78.9594	-78.9624	-78.9651	-78.9674	-78.9694	-78.9709	-78.9722	-78.9731	-78.9738	-78.9742	-78.9743	-78.9742	-78.974	-78.9735	-78.973	-78.9724	-78.9716	-78.9708	-78.97	-78.9692	-78.9683	-78.9675	-78.9667	-78.966	-78.9653	-78.9647	-78.9642	-78.9638	-78.9636	-78.9634	-78.9634	-78.9636	-78.964	-78.9645	-78.9653	-78.9663	-78.9677	-78.9694	-78.9715	-78.9742	-78.9773
5.805	-78.9429	-78.9424	-78.9442	-78.9471	-78.9505	-78.954	-78.9575	-78.9608	-78.9639	-78.9665	-78.9688	-78.9708	-78.9724	-78.9736	-78.9746	-78.9752	-78.9756	-78.9757	-78.9757	-78.9754	-78.975	-78.9744	-78.9738	-78.9731	-78.9723	-78.9715	-78.9706	-78.9698	-78.969	-78.9682	-78.9674	-78.9668	-78.9662	-78.9657	-78.9653	-78.965	-78.9649	-78.9649	-78.9651	-78.9654	-78.966	-78.9667	-78.9678	-78.9691	-78.9708	-78.9729	-78.9756	-78.9788
5.81	-78.9444	-78.9439	-78.9456	-78.9485	-78.9519	-78.9555	-78.959	-78.9623	-78.9653	-78.968	-78.9703	-78.9722	-78.9738	-78.9751	-78.976	-78.9766	-78.977	-78.9772	-78.9771	-78.9768	-78.9764	-78.9759	-78.9753	-78.9745	-78.9737	-78.9729	-78.9721	-78.9712	-78.9704	-78.9696	-78.9689	-78.9682	-78.9676	-78.9671	-78.9667	-78.9665	-78.9663	-78.9664	-78.9665	-78.9669	-78.9674	-78.9682	-78.9692	-78.9705	-78.9722	-78.9743	-78.977	-78.9802
5.815	-78.9458	-78.9454	-78.9471	-78.95	-78.9534	-78.9569	-78.9604	-78.9637	-78.9667	-78.9694	-78.9717	-78.9736	-78.9752	-78.9765	-78.9774	-78.9781	-78.9784	-78.9786	-78.9785	-78.9783	-78.9779	-78.9773	-78.9767	-78.976	-78.9752	-78.9744	-78.9735	-78.9727	-78.9719	-78.9711	-78.9703	-78.9697	-78.9691	-78.9686	-78.9682	-78.9679	-78.9678	-78.9678	-78.968	-78.9683	-78.9689	-78.9696	-78.9706	-78.9719	-78.9736	-78.9758	-78.9784	-78.9816
5.82	-78.9473	-78.9468	-78.9485	-78.9514	-78.9548	-78.9584	-78.9619	-78.9651	-78.9681	-78.9708	-78.9731	-78.9751	-78.9767	-78.9779	-78.9788	-78.9795	-78.9799	-78.98	-78.9799	-78.9797	-78.9793	-78.9788	-78.9781	-78.9774	-78.9766	-78.9758	-78.975	-78.9741	-78.9733	-78.9725	-78.9718	-78.9711	-78.9705	-78.97	-78.9696	-78.9694	-78.9692	-78.9692	-78.9694	-78.9698	-78.9703	-78.9711	-78.9721	-78.9734	-78.9751	-78.9772	-78.9798	-78.983
5.825	-78.9487	-78.9483	-78.95	-78.9528	-78.9562	-78.9598	-78.9633	-78.9666	-78.9696	-78.9722	-78.9745	-78.9765	-78.9781	-78.9793	-78.9803	-78.9809	-78.9813	-78.9814	-78.9814	-78.9811	-78.9807	-78.9802	-78.9796	-78.9788	-78.9781	-78.9772	-78.9764	-78.9756	-78.9747	-78.974	-78.9732	-78.9726	-78.972	-78.9715	-78.9711	-78.9708	-78.9707	-78.9707	-78.9709	-78.9712	-78.9717	-78.9725	-78.9735	-78.9748	-78.9765	-78.9786	-78.9812	-78.9844
5.83	-78.9502	-78.9497	-78.9514	-78.9543	-78.9577	-78.9612	-78.9647	-78.968	-78.971	-78.9737	-78.976	-78.9779	-78.9795	-78.9808	-78.9817	-78.9823	-78.9827	-78.9829	-78.9828	-78.9826	-78.9821	-78.9816	-78.981	-78.9803	-78.9795	-78.9787	-78.9778	-78.977	-78.9762	-78.9754	-78.9747	-78.974	-78.9734	-78.9729	-78.9725	-78.9723	-78.9721	-78.9721	-78.9723	-78.9726	-78.9732	-78.9739	-78.9749	-78.9762	-78.9779	-78.98	-78.9827	-78.9858
5.835	-78.9516	-78.9512	-78.9529	-78.9557	-78.9591	-78.9627	-78.9661	-78.9694	-78.9724	-78.9751	-78.9774	-78.9793	-78.9809	-78.9822	-78.9831	-78.9837	-78.9841	-78.9843	-78.9842	-78.984	-78.9836	-78.983	-78.9824	-78.9817	-78.9809	-78.9801	-78.9793	-78.9784	-78.9776	-78.9769	-78.9761	-78.9754	-78.9749	-78.9744	-78.974	-78.9737	-78.9736	-78.9736	-78.9737	-78.9741	-78.9746	-78.9753	-78.9763	-78.9777	-78.9793	-78.9814	-78.9841	-78.9872
5.84	-78.9531	-78.9526	-78.9543	-78.9572	-78.9605	-78.9641	-78.9676	-78.9708	-78.9738	-78.9765	-78.9788	-78.9807	-78.9823	-78.9836	-78.9845	-78.9852	-78.9855	-78.9857	-78.9856	-78.9854	-78.985	-78.9845	-78.9838	-78.9831	-78.9824	-78.9815	-78.9807	-78.9799	-78.9791	-78.9783	-78.9776	-78.9769	-78.9763	-78.9758	-78.9754	-78.9752	-78.975	-78.975	-78.9752	-78.9755	-78.976	-78.9768	-78.9778	-78.9791	-78.9807	-78.9828	-78.9855	-78.9886
5.845	-78.9545	-78.954	-78.9557	-78.9586	-78.962	-78.9655	-78.969	-78.9723	-78.9753	-78.9779	-78.9802	-78.9821	-78.9837	-78.985	-78.9859	-78.9866	-78.987	-78.9871	-78.9871	-78.9868	-78.9864	-78.9859	-78.9853	-78.9846	-78.9838	-78.983	-78.9821	-78.9813	-78.9805	-78.9797	-78.979	-78.9783	-78.9777	-78.9772	-78.9769	-78.9766	-78.9764	-78.9764	-78.9766	-78.9769	-78.9775	-78.9782	-78.9792	-78.9805	-78.9821	-78.9843	-78.9869	-78.99
5.85	-78.9559	-78.9555	-78.9572	-78.96	-78.9634	-78.9669	-78.9704	-78.9737	-78.9767	-78.9793	-78.9816	-78.9836	-78.9851	-78.9864	-78.9873	-78.988	-78.9884	-78.9885	-78.9885	-78.9882	-78.9878	-78.9873	-78.9867	-78.986	-78.9852	-78.9844	-78.9836	-78.9827	-78.9819	-78.9812	-78.9804	-78.9798	-78.9792	-78.9787	-78.9783	-78.978	-78.9779	-78.9779	-78.978	-78.9784	-78.9789	-78.9796	-78.9806	-78.9819	-78.9836	-78.9857	-78.9883	-78.9914
5.855	-78.9574	-78.9569	-78.9586	-78.9615	-78.9648	-78.9684	-78.9718	-78.9751	-78.9781	-78.9807	-78.983	-78.985	-78.9866	-78.9878	-78.9887	-78.9894	-78.9898	-78.9899	-78.9899	-78.9896	-78.9893	-78.9887	-78.9881	-78.9874	-78.9866	-78.9858	-78.985	-78.9842	-78.9834	-78.9826	-78.9819	-78.9812	-78.9806	-78.9801	-78.9797	-78.9795	-78.9793	-78.9793	-78.9795	-78.9798	-78.9803	-78.981	-78.982	-78.9833	-78.985	-78.9871	-78.9897	-78.9928
5.86	-78.9588	-78.9584	-78.96	-78.9629	-78.9663	-78.9698	-78.9732	-78.9765	-78.9795	-78.9821	-78.9844	-78.9864	-78.988	-78.9892	-78.9902	-78.9908	-78.9912	-78.9913	-78.9913	-78.9911	-78.9907	-78.9901	-78.9895	-78.9888	-78.9881	-78.9873	-78.9864	-78.9856	-78.9848	-78.984	-78.9833	-78.9826	-78.982	-78.9815	-78.9812	-78.9809	-78.9807	-78.9807	-78.9809	-78.9812	-78.9817	-78.9825	-78.9834	-78.9847	-78.9864	-78.9885	-78.9911	-78.9942
5.865	-78.9603	-78.9598	-78.9615	-78.9643	-78.9677	-78.9712	-78.9747	-78.9779	-78.9809	-78.9835	-78.9858	-78.9878	-78.9894	-78.9906	-78.9915	-78.9922	-78.9926	-78.9927	-78.9927	-78.9925	-78.9921	-78.9916	-78.9909	-78.9902	-78.9895	-78.9887	-78.9879	-78.987	-78.9862	-78.9854	-78.9847	-78.9841	-78.9835	-78.983	-78.9826	-78.9823	-78.9822	-78.9822	-78.9823	-78.9826	-78.9831	-78.9839	-78.9848	-78.9861	-78.9878	-78.9899	-78.9924	-78.9956
5.87	-78.9617	-78.9612	-78.9629	-78.9657	-78.9691	-78.9726	-78.9761	-78.9793	-78.9823	-78.9849	-78.9872	-78.9892	-78.9908	-78.992	-78.993	-78.9936	-78.994	-78.9941	-78.9941	-78.9939	-78.9935	-78.993	-78.9923	-78.9916	-78.9909	-78.9901	-78.9893	-78.9884	-78.9876	-78.9869	-78.9861	-78.9855	-78.9849	-78.9844	-78.984	-78.9837	-78.9836	-78.9836	-78.9837	-78.984	-78.9846	-78.9853	-78.9863	-78.9875	-78.9892	-78.9912	-78.9938	-78.997
5.875	-78.9631	-78.9626	-78.9643	-78.9671	-78.9705	-78.974	-78.9775	-78.9807	-78.9837	-78.9864	-78.9886	-78.9906	-78.9922	-78.9934	-78.9943	-78.995	-78.9954	-78.9955	-78.9955	-78.9953	-78.9949	-78.9944	-78.9938	-78.9931	-78.9923	-78.9915	-78.9907	-78.9899	-78.9891	-78.9883	-78.9876	-78.9869	-78.9863	-78.9858	-78.9854	-78.9852	-78.985	-78.985	-78.9852	-78.9855	-78.986	-78.9867	-78.9877	-78.9889	-78.9906	-78.9926	-78.9952	-78.9983
5.88	-78.9645	-78.9641	-78.9657	-78.9686	-78.9719	-78.9754	-78.9789	-78.9821	-78.9851	-78.9877	-78.99	-78.992	-78.9936	-78.9948	-78.9957	-78.9964	-78.9968	-78.9969	-78.9969	-78.9967	-78.9963	-78.9958	-78.9952	-78.9945	-78.9937	-78.9929	-78.9921	-78.9913	-78.9905	-78.9897	-78.989	-78.9883	-78.9877	-78.9872	-78.9869	-78.9866	-78.9864	-78.9864	-78.9866	-78.9869	-78.9874	-78.9881	-78.9891	-78.9903	-78.992	-78.994	-78.9966	-78.9997
5.885	-78.966	-78.9655	-78.9672	-78.97	-78.9733	-78.9768	-78.9803	-78.9835	-78.9865	-78.9891	-78.9914	-78.9934	-78.9949	-78.9962	-78.9971	-78.9978	-78.9982	-78.9983	-78.9983	-78.9981	-78.9977	-78.9972	-78.9966	-78.9959	-78.9951	-78.9943	-78.9935	-78.9927	-78.9919	-78.9911	-78.9904	-78.9897	-78.9892	-78.9887	-78.9883	-78.988	-78.9878	-78.9878	-78.988	-78.9883	-78.9888	-78.9895	-78.9905	-78.9917	-78.9934	-78.9954	-78.998	-79.0011
5.89	-78.9674	-78.9669	-78.9686	-78.9714	-78.9747	-78.9782	-78.9817	-78.9849	-78.9879	-78.9905	-78.9928	-78.9948	-78.9963	-78.9976	-78.9985	-78.9992	-78.9996	-78.9997	-78.9997	-78.9995	-78.9991	-78.9986	-78.998	-78.9973	-78.9965	-78.9957	-78.9949	-78.9941	-78.9933	-78.9925	-78.9918	-78.9912	-78.9906	-78.9901	-78.9897	-78.9894	-78.9893	-78.9893	-78.9894	-78.9897	-78.9902	-78.9909	-78.9919	-78.9931	-78.9947	-78.9968	-78.9994	-79.0025
5.895	-78.9688	-78.9683	-78.97	-78.9728	-78.9762	-78.9796	-78.9831	-78.9863	-78.9893	-78.9919	-78.9942	-78.9961	-78.9977	-78.999	-78.9999	-79.0006	-79.001	-79.0011	-79.0011	-79.0009	-79.0005	-79	-78.9994	-78.9987	-78.9979	-78.9971	-78.9963	-78.9955	-78.9947	-78.9939	-78.9932	-78.9926	-78.992	-78.9915	-78.9911	-78.9908	-78.9907	-78.9907	-78.9908	-78.9911	-78.9916	-78.9923	-78.9933	-78.9945	-78.9961	-78.9982	-79.0007	-79.0038
5.9	-78.9702	-78.9697	-78.9714	-78.9742	-78.9776	-78.981	-78.9845	-78.9877	-78.9907	-78.9933	-78.9956	-78.9975	-78.9991	-79.0004	-79.0013	-79.002	-79.0023	-79.0025	-79.0025	-79.0023	-79.0019	-79.0014	-79.0008	-79.0001	-78.9993	-78.9985	-78.9977	-78.9969	-78.9961	-78.9954	-78.9946	-78.994	-78.9934	-78.9929	-78.9925	-78.9922	-78.9921	-78.9921	-78.9922	-78.9925	-78.993	-78.9937	-78.9947	-78.9959	-78.9975	-78.9996	-79.0021	-79.0052
5.905	-78.9716	-78.9712	-78.9728	-78.9756	-78.979	-78.9824	-78.9859	-78.9891	-78.9921	-78.9947	-78.997	-78.9989	-79.0005	-79.0017	-79.0027	-79.0033	-79.0037	-79.0039	-79.0039	-79.0036	-79.0033	-79.0028	-79.0022	-79.0015	-79.0007	-78.9999	-78.9991	-78.9983	-78.9975	-78.9968	-78.996	-78.9954	-78.9948	-78.9943	-78.9939	-78.9936	-78.9935	-78.9935	-78.9936	-78.9939	-78.9944	-78.9951	-78.996	-78.9973	-78.9989	-79.0009	-79.0035	-79.0066
5.91	-78.973	-78.9726	-78.9742	-78.977	-78.9804	-78.9838	-78.9873	-78.9905	-78.9935	-78.9961	-78.9984	-79.0003	-79.0019	-79.0031	-79.0041	-79.0047	-79.0051	-79.0053	-79.0052	-79.005	-79.0047	-79.0042	-79.0036	-79.0029	-79.0021	-79.0013	-79.0005	-78.9997	-78.9989	-78.9982	-78.9975	-78.9968	-78.9962	-78.9957	-78.9953	-78.995	-78.9949	-78.9949	-78.995	-78.9953	-78.9958	-78.9965	-78.9974	-78.9987	-79.0003	-79.0023	-79.0049	-79.0079
5.915	-78.9745	-78.974	-78.9756	-78.9784	-78.9818	-78.9852	-78.9887	-78.9919	-78.9948	-78.9975	-78.9997	-79.0017	-79.0033	-79.0045	-79.0054	-79.0061	-79.0065	-79.0067	-79.0066	-79.0064	-79.006	-79.0055	-79.0049	-79.0043	-79.0035	-79.0027	-79.0019	-79.0011	-79.0003	-78.9996	-78.9989	-78.9982	-78.9976	-78.9971	-78.9967	-78.9965	-78.9963	-78.9963	-78.9964	-78.9967	-78.9972	-78.9979	-78.9988	-79.0001	-79.0017	-79.0037	-79.0062	-79.0093
5.92	-78.9759	-78.9754	-78.977	-78.9798	-78.9831	-78.9866	-78.9901	-78.9933	-78.9962	-78.9988	-79.0011	-79.0031	-79.0046	-79.0059	-79.0068	-79.0075	-79.0079	-79.008	-79.008	-79.0078	-79.0074	-79.0069	-79.0063	-79.0057	-79.0049	-79.0041	-79.0033	-79.0025	-79.0017	-79.001	-79.0003	-78.9996	-78.999	-78.9985	-78.9981	-78.9978	-78.9977	-78.9977	-78.9978	-78.9981	-78.9986	-78.9993	-79.0002	-79.0014	-79.003	-79.0051	-79.0076	-79.0107
5.925	-78.9773	-78.9768	-78.9784	-78.9812	-78.9845	-78.988	-78.9914	-78.9947	-78.9976	-79.0002	-79.0025	-79.0044	-79.006	-79.0072	-79.0082	-79.0089	-79.0092	-79.0094	-79.0094	-79.0092	-79.0088	-79.0083	-79.0077	-79.007	-79.0063	-79.0055	-79.0047	-79.0039	-79.0031	-79.0024	-79.0017	-79.001	-79.0004	-78.9999	-78.9995	-78.9992	-78.9991	-78.9991	-78.9992	-78.9995	-79	-79.0006	-79.0016	-79.0028	-79.0044	-79.0064	-79.009	-79.012
5.93	-78.9787	-78.9782	-78.9798	-78.9826	-78.9859	-78.9894	-78.9928	-78.996	-78.999	-79.0016	-79.0039	-79.0058	-79.0074	-79.0086	-79.0096	-79.0102	-79.0106	-79.0108	-79.0108	-79.0106	-79.0102	-79.0097	-79.0091	-79.0084	-79.0077	-79.0069	-79.0061	-79.0053	-79.0045	-79.0038	-79.0031	-79.0024	-79.0018	-79.0013	-79.0009	-79.0006	-79.0005	-79.0005	-79.0006	-79.0009	-79.0013	-79.002	-79.003	-79.0042	-79.0058	-79.0078	-79.0103	-79.0134
5.935	-78.9801	-78.9796	-78.9812	-78.984	-78.9873	-78.9908	-78.9942	-78.9974	-79.0004	-79.003	-79.0052	-79.0072	-79.0087	-79.01	-79.0109	-79.0116	-79.012	-79.0122	-79.0121	-79.0119	-79.0116	-79.0111	-79.0105	-79.0098	-79.0091	-79.0083	-79.0075	-79.0067	-79.0059	-79.0052	-79.0044	-79.0038	-79.0032	-79.0027	-79.0023	-79.002	-79.0019	-79.0018	-79.002	-79.0023	-79.0027	-79.0034	-79.0043	-79.0056	-79.0071	-79.0092	-79.0117	-79.0147
5.94	-78.9815	-78.981	-78.9826	-78.9854	-78.9887	-78.9922	-78.9956	-78.9988	-79.0017	-79.0043	-79.0066	-79.0085	-79.0101	-79.0114	-79.0123	-79.013	-79.0134	-79.0135	-79.0135	-79.0133	-79.0129	-79.0125	-79.0119	-79.0112	-79.0105	-79.0097	-79.0089	-79.0081	-79.0073	-79.0065	-79.0058	-79.0052	-79.0046	-79.0041	-79.0037	-79.0034	-79.0033	-79.0032	-79.0034	-79.0036	-79.0041	-79.0048	-79.0057	-79.0069	-79.0085	-79.0105	-79.013	-79.0161
5.945	-78.9829	-78.9824	-78.984	-78.9868	-78.9901	-78.9936	-78.997	-79.0002	-79.0031	-79.0057	-79.008	-79.0099	-79.0115	-79.0127	-79.0137	-79.0143	-79.0147	-79.0149	-79.0149	-79.0147	-79.0143	-79.0138	-79.0132	-79.0126	-79.0118	-79.0111	-79.0103	-79.0095	-79.0087	-79.0079	-79.0072	-79.0066	-79.006	-79.0055	-79.0051	-79.0048	-79.0047	-79.0046	-79.0047	-79.005	-79.0055	-79.0062	-79.0071	-79.0083	-79.0099	-79.0119	-79.0144	-79.0174
5.95	-78.9843	-78.9838	-78.9854	-78.9882	-78.9915	-78.9949	-78.9983	-79.0015	-79.0045	-79.0071	-79.0093	-79.0113	-79.0128	-79.0141	-79.015	-79.0157	-79.0161	-79.0163	-79.0162	-79.016	-79.0157	-79.0152	-79.0146	-79.0139	-79.0132	-79.0124	-79.0117	-79.0109	-79.0101	-79.0093	-79.0086	-79.008	-79.0074	-79.0069	-79.0065	-79.0062	-79.006	-79.006	-79.0061	-79.0064	-79.0069	-79.0075	-79.0084	-79.0097	-79.0112	-79.0132	-79.0157	-79.0188
5.955	-78.9857	-78.9852	-78.9868	-78.9896	-78.9929	-78.9963	-78.9997	-79.0029	-79.0058	-79.0084	-79.0107	-79.0126	-79.0142	-79.0154	-79.0164	-79.0171	-79.0175	-79.0176	-79.0176	-79.0174	-79.017	-79.0166	-79.016	-79.0153	-79.0146	-79.0138	-79.013	-79.0122	-79.0115	-79.0107	-79.01	-79.0093	-79.0088	-79.0083	-79.0079	-79.0076	-79.0074	-79.0074	-79.0075	-79.0078	-79.0082	-79.0089	-79.0098	-79.011	-79.0126	-79.0146	-79.0171	-79.0201
5.96	-78.987	-78.9865	-78.9882	-78.9909	-78.9942	-78.9977	-79.0011	-79.0043	-79.0072	-79.0098	-79.0121	-79.014	-79.0156	-79.0168	-79.0177	-79.0184	-79.0188	-79.019	-79.019	-79.0188	-79.0184	-79.0179	-79.0173	-79.0167	-79.016	-79.0152	-79.0144	-79.0136	-79.0128	-79.0121	-79.0114	-79.0107	-79.0101	-79.0097	-79.0093	-79.009	-79.0088	-79.0088	-79.0089	-79.0091	-79.0096	-79.0103	-79.0112	-79.0124	-79.0139	-79.0159	-79.0184	-79.0215
5.965	-78.9884	-78.9879	-78.9895	-78.9923	-78.9956	-78.999	-79.0024	-79.0056	-79.0086	-79.0112	-79.0134	-79.0153	-79.0169	-79.0182	-79.0191	-79.0198	-79.0202	-79.0203	-79.0203	-79.0201	-79.0198	-79.0193	-79.0187	-79.0181	-79.0173	-79.0166	-79.0158	-79.015	-79.0142	-79.0135	-79.0127	-79.0121	-79.0115	-79.011	-79.0106	-79.0103	-79.0102	-79.0101	-79.0102	-79.0105	-79.011	-79.0116	-79.0125	-79.0137	-79.0153	-79.0173	-79.0198	-79.0228
5.97	-78.9898	-78.9893	-78.9909	-78.9937	-78.997	-79.0004	-79.0038	-79.007	-79.0099	-79.0125	-79.0148	-79.0167	-79.0183	-79.0195	-79.0205	-79.0211	-79.0215	-79.0217	-79.0217	-79.0215	-79.0211	-79.0207	-79.0201	-79.0194	-79.0187	-79.0179	-79.0172	-79.0164	-79.0156	-79.0148	-79.0141	-79.0135	-79.0129	-79.0124	-79.012	-79.0117	-79.0116	-79.0115	-79.0116	-79.0119	-79.0123	-79.013	-79.0139	-79.0151	-79.0167	-79.0186	-79.0211	-79.0241
5.975	-78.9912	-78.9907	-78.9923	-78.9951	-78.9984	-79.0018	-79.0052	-79.0084	-79.0113	-79.0139	-79.0161	-79.018	-79.0196	-79.0209	-79.0218	-79.0225	-79.0229	-79.0231	-79.023	-79.0228	-79.0225	-79.022	-79.0214	-79.0208	-79.0201	-79.0193	-79.0185	-79.0177	-79.017	-79.0162	-79.0155	-79.0149	-79.0143	-79.0138	-79.0134	-79.0131	-79.0129	-79.0129	-79.013	-79.0133	-79.0137	-79.0144	-79.0153	-79.0164	-79.018	-79.02	-79.0225	-79.0255
5.98	-78.9926	-78.9921	-78.9937	-78.9964	-78.9997	-79.0032	-79.0065	-79.0097	-79.0126	-79.0152	-79.0175	-79.0194	-79.021	-79.0222	-79.0232	-79.0238	-79.0242	-79.0244	-79.0244	-79.0242	-79.0238	-79.0234	-79.0228	-79.0221	-79.0214	-79.0207	-79.0199	-79.0191	-79.0183	-79.0176	-79.0169	-79.0162	-79.0156	-79.0152	-79.0148	-79.0145	-79.0143	-79.0143	-79.0144	-79.0146	-79.0151	-79.0157	-79.0166	-79.0178	-79.0193	-79.0213	-79.0238	-79.0268
5.985	-78.994	-78.9935	-78.9951	-78.9978	-79.0011	-79.0045	-79.0079	-79.0111	-79.014	-79.0166	-79.0188	-79.0207	-79.0223	-79.0236	-79.0245	-79.0252	-79.0256	-79.0258	-79.0257	-79.0256	-79.0252	-79.0247	-79.0242	-79.0235	-79.0228	-79.022	-79.0212	-79.0205	-79.0197	-79.0189	-79.0182	-79.0176	-79.017	-79.0165	-79.0161	-79.0158	-79.0157	-79.0156	-79.0157	-79.016	-79.0164	-79.0171	-79.018	-79.0191	-79.0207	-79.0227	-79.0251	-79.0281
5.99	-78.9953	-78.9948	-78.9964	-78.9992	-79.0024	-79.0059	-79.0092	-79.0124	-79.0153	-79.0179	-79.0202	-79.0221	-79.0237	-79.0249	-79.0258	-79.0265	-79.0269	-79.0271	-79.0271	-79.0269	-79.0266	-79.0261	-79.0255	-79.0249	-79.0241	-79.0234	-79.0226	-79.0218	-79.0211	-79.0203	-79.0196	-79.019	-79.0184	-79.0179	-79.0175	-79.0172	-79.017	-79.017	-79.0171	-79.0173	-79.0178	-79.0184	-79.0193	-79.0205	-79.022	-79.024	-79.0265	-79.0295
5.995	-78.9967	-78.9962	-78.9978	-79.0005	-79.0038	-79.0072	-79.0106	-79.0138	-79.0167	-79.0193	-79.0215	-79.0234	-79.025	-79.0262	-79.0272	-79.0279	-79.0283	-79.0285	-79.0284	-79.0282	-79.0279	-79.0274	-79.0269	-79.0262	-79.0255	-79.0247	-79.024	-79.0232	-79.0224	-79.0217	-79.021	-79.0203	-79.0198	-79.0193	-79.0189	-79.0186	-79.0184	-79.0183	-79.0184	-79.0187	-79.0191	-79.0198	-79.0207	-79.0218	-79.0234	-79.0253	-79.0278	-79.0308
6	-78.9981	-78.9976	-78.9992	-79.0019	-79.0052	-79.0086	-79.0119	-79.0151	-79.018	-79.0206	-79.0229	-79.0248	-79.0263	-79.0276	-79.0285	-79.0292	-79.0296	-79.0298	-79.0298	-79.0296	-79.0293	-79.0288	-79.0282	-79.0276	-79.0269	-79.0261	-79.0253	-79.0246	-79.0238	-79.023	-79.0223	-79.0217	-79.0211	-79.0206	-79.0202	-79.0199	-79.0198	-79.0197	-79.0198	-79.0201	-79.0205	-79.0211	-79.022	-79.0232	-79.0247	-79.0267	-79.0291	-79.0321
0 unlabeled lines
