Graph addvar/addexpr lines
48 1201
x node[0].v( 0.5 ) node[1].v( 0.5 ) node[2].v( 0.5 ) node[3].v( 0.5 ) node[4].v( 0.5 ) node[5].v( 0.5 ) node[6].v( 0.5 ) node[7].v( 0.5 ) node[8].v( 0.5 ) node[9].v( 0.5 ) node[10].v( 0.5 ) node[11].v( 0.5 ) node[12].v( 0.5 ) node[13].v( 0.5 ) node[14].v( 0.5 ) node[15].v( 0.5 ) node[16].v( 0.5 ) node[17].v( 0.5 ) node[18].v( 0.5 ) node[19].v( 0.5 ) node[20].v( 0.5 ) node[21].v( 0.5 ) node[22].v( 0.5 ) node[23].v( 0.5 ) node[24].v( 0.5 ) node[25].v( 0.5 ) node[26].v( 0.5 ) node[27].v( 0.5 ) node[28].v( 0.5 ) node[29].v( 0.5 ) node[30].v( 0.5 ) node[31].v( 0.5 ) node[32].v( 0.5 ) node[33].v( 0.5 ) node[34].v( 0.5 ) node[35].v( 0.5 ) node[36].v( 0.5 ) node[37].v( 0.5 ) node[38].v( 0.5 ) node[39].v( 0.5 ) node[40].v( 0.5 ) node[41].v( 0.5 ) node[42].v( 0.5 ) node[43].v( 0.5 ) node[44].v( 0.5 ) node[45].v( 0.5 ) node[46].v( 0.5 ) node[47].v( 0.5 )
0	-80	-80	-80	-80	-80	-80	-80	-80	-80	-80	-80	-80	-80	-80	-80	-80	-80	-80	-80	-80	-80	-80	-80	-80	-80	-80	-80	-80	-80	-80	-80	-80	-80	-80	-80	-80	-80	-80	-80	-80	-80	-80	-80	-80	-80	-80	-80	-80
0.005	-79.9985	-79.9985	-79.9985	-79.9985	-79.9985	-79.9985	-79.9985	-79.9985	-79.9985	-79.9985	-79.9985	-79.9985	-79.9985	-79.9985	-79.9985	-79.9985	-79.9985	-79.9985	-79.9985	-79.9985	-79.9985	-79.9985	-79.9985	-79.9985	-79.9985	-79.9985	-79.9985	-79.9985	-79.9985	-79.9985	-79.9985	-79.9985	-79.9985	-79.9985	-79.9985	-79.9985	-79.9985	-79.9985	-79.9985	-79.9985	-79.9985	-79.9985	-79.9985	-79.9985	-79.9985	-79.9985	-79.9985	-79.9986
0.01	-79.9984	-79.9977	-79.9975	-79.9975	-79.9975	-79.9975	-79.9975	-79.9975	-79.9975	-79.9975	-79.9975	-79.9975	-79.9975	-79.9975	-79.9975	-79.9975	-79.9975	-79.9975	-79.9975	-79.9975	-79.9975	-79.9975	-79.9975	-79.9975	-79.9975	-79.9975	-79.9975	-79.9975	-79.9975	-79.9975	-79.9975	-79.9975	-79.9975	-79.9975	-79.9975	-79.9975	-79.9975	-79.9975	-79.9975	-79.9975	-79.9975	-79.9975	-79.9975	-79.9975	-79.9975	-79.9975	-79.9975	-79.9976
0.015	-79.9984	-79.9972	-79.9968	-79.9967	-79.9967	-79.9967	-79.9967	-79.9967	-79.9967	-79.9967	-79.9967	-79.9967	-79.9967	-79.9967	-79.9967	-79.9967	-79.9967	-79.9967	-79.9967	-79.9967	-79.9967	-79.9967	-79.9967	-79.9967	-79.9967	-79.9967	-79.9967	-79.9967	-79.9967	-79.9967	-79.9967	-79.9967	-79.9967	-79.9967	-79.9967	-79.9967	-79.9967	-79.9967	-79.9967	-79.9967	-79.9967	-79.9967	-79.9967	-79.9967	-79.9967	-79.9967	-79.9967	-79.9969
0.02	-79.9984	-79.9968	-79.9963	-79.9961	-79.9961	-79.996	-79.996	-79.996	-79.996	-79.996	-79.996	-79.996	-79.996	-79.996	-79.996	-79.996	-79.996	-79.996	-79.996	-79.996	-79.996	-79.996	-79.996	-79.996	-79.996	-79.996	-79.996	-79.996	-79.996	-79.996	-79.996	-79.996	-79.996	-79.996	-79.996	-79.996	-79.996	-79.996	-79.996	-79.996	-79.996	-79.996	-79.996	-79.996	-79.996	-79.9961	-79.9961	-79.9962
0.025	-79.9984	-79.9966	-79.9959	-79.9956	-79.9955	-79.9955	-79.9955	-79.9955	-79.9955	-79.9955	-79.9955	-79.9955	-79.9955	-79.9955	-79.9955	-79.9955	-79.9955	-79.9955	-79.9955	-79.9955	-79.9955	-79.9955	-79.9955	-79.9955	-79.9955	-79.9955	-79.9955	-79.9955	-79.9955	-79.9955	-79.9955	-79.9955	-79.9955	-79.9955	-79.9955	-79.9955	-79.9955	-79.9955	-79.9955	-79.9955	-79.9955	-79.9955	-79.9955	-79.9955	-79.9955	-79.9955	-79.9956	-79.9957
0.03	-79.9984	-79.9964	-79.9956	-79.9952	-79.9951	-79.9951	-79.9951	-79.9951	-79.9951	-79.9951	-79.9951	-79.9951	-79.9951	-79.9951	-79.9951	-79.9951	-79.9951	-79.9951	-79.9951	-79.9951	-79.9951	-79.9951	-79.9951	-79.9951	-79.9951	-79.9951	-79.9951	-79.9951	-79.9951	-79.9951	-79.9951	-79.9951	-79.9951	-79.9951	-79.9951	-79.9951	-79.9951	-79.9951	-79.9951	-79.9951	-79.9951	-79.9951	-79.9951	-79.9951	-79.9951	-79.9951	-79.9952	-79.9953
0.035	-79.9984	-79.9962	-79.9953	-79.9949	-79.9948	-79.9947	-79.9947	-79.9947	-79.9947	-79.9947	-79.9947	-79.9947	-79.9947	-79.9947	-79.9947	-79.9947	-79.9947	-79.9947	-79.9947	-79.9947	-79.9947	-79.9947	-79.9947	-79.9947	-79.9947	-79.9947	-79.9947	-79.9947	-79.9947	-79.9947	-79.9947	-79.9947	-79.9947	-79.9947	-79.9947	-79.9947	-79.9947	-79.9947	-79.9947	-79.9947	-79.9947	-79.9947	-79.9947	-79.9947	-79.9947	-79.9947	-79.9948	-79.9949
0.04	-79.9984	-79.9961	-79.995	-79.9946	-79.9944	-79.9944	-79.9943	-79.9943	-79.9943	-79.9943	-79.9943	-79.9943	-79.9943	-79.9943	-79.9943	-79.9943	-79.9943	-79.9943	-79.9943	-79.9943	-79.9943	-79.9943	-79.9943	-79.9943	-79.9943	-79.9943	-79.9943	-79.9943	-79.9943	-79.9943	-79.9943	-79.9943	-79.9943	-79.9943	-79.9943	-79.9943	-79.9943	-79.9943	-79.9943	-79.9943	-79.9943	-79.9943	-79.9943	-79.9943	-79.9943	-79.9944	-79.9944	-79.9945
0.045	-79.9984	-79.9959	-79.9948	-79.9943	-79.9941	-79.994	-79.994	-79.994	-79.994	-79.994	-79.994	-79.994	-79.994	-79.994	-79.994	-79.994	-79.994	-79.994	-79.994	-79.994	-79.994	-79.994	-79.994	-79.994	-79.994	-79.994	-79.994	-79.994	-79.994	-79.994	-79.994	-79.994	-79.994	-79.994	-79.994	-79.994	-79.994	-79.994	-79.994	-79.994	-79.994	-79.994	-79.994	-79.994	-79.994	-79.994	-79.9941	-79.9942
0.05	-79.9984	-79.9958	-79.9946	-79.9941	-79.9939	-79.9938	-79.9937	-79.9937	-79.9937	-79.9937	-79.9937	-79.9937	-79.9937	-79.9937	-79.9937	-79.9937	-79.9937	-79.9937	-79.9937	-79.9937	-79.9937	-79.9937	-79.9937	-79.9937	-79.9937	-79.9937	-79.9937	-79.9937	-79.9937	-79.9937	-79.9937	-79.9937	-79.9937	-79.9937	-79.9937	-79.9937	-79.9937	-79.9937	-79.9937	-79.9937	-79.9937	-79.9937	-79.9937	-79.9937	-79.9937	-79.9937	-79.9938	-79.9939
0.055	-79.9984	-79.9957	-79.9945	-79.9939	-79.9936	-79.9935	-79.9934	-79.9934	-79.9934	-79.9934	-79.9934	-79.9934	-79.9934	-79.9934	-79.9934	-79.9934	-79.9934	-79.9934	-79.9934	-79.9934	-79.9934	-79.9934	-79.9934	-79.9934	-79.9934	-79.9934	-79.9934	-79.9934	-79.9934	-79.9934	-79.9934	-79.9934	-79.9934	-79.9934	-79.9934	-79.9934	-79.9934	-79.9934	-79.9934	-79.9934	-79.9934	-79.9934	-79.9934	-79.9934	-79.9934	-79.9935	-79.9935	-79.9936
0.06	-79.9984	-79.9956	-79.9943	-79.9937	-79.9934	-79.9932	-79.9932	-79.9932	-79.9932	-79.9932	-79.9932	-79.9932	-79.9932	-79.9932	-79.9932	-79.9932	-79.9932	-79.9932	-79.9932	-79.9932	-79.9932	-79.9932	-79.9932	-79.9932	-79.9932	-79.9932	-79.9932	-79.9932	-79.9932	-79.9932	-79.9932	-79.9932	-79.9932	-79.9932	-79.9932	-79.9932	-79.9932	-79.9932	-79.9932	-79.9932	-79.9932	-79.9932	-79.9932	-79.9932	-79.9932	-79.9932	-79.9933	-79.9934
0.065	-79.9984	-79.9955	-79.9941	-79.9935	-79.9932	-79.993	-79.993	-79.9929	-79.9929	-79.9929	-79.9929	-79.9929	-79.9929	-79.9929	-79.9929	-79.9929	-79.9929	-79.9929	-79.9929	-79.9929	-79.9929	-79.9929	-79.9929	-79.9929	-79.9929	-79.9929	-79.9929	-79.9929	-79.9929	-79.9929	-79.9929	-79.9929	-79.9929	-79.9929	-79.9929	-79.9929	-79.9929	-79.9929	-79.9929	-79.9929	-79.9929	-79.9929	-79.9929	-79.9929	-79.9929	-79.993	-79.993	-79.9931
0.07	-79.9984	-79.9955	-79.994	-79.9933	-79.993	-79.9928	-79.9927	-79.9927	-79.9927	-79.9927	-79.9927	-79.9927	-79.9927	-79.9927	-79.9927	-79.9927	-79.9927	-79.9927	-79.9927	-79.9927	-79.9927	-79.9927	-79.9927	-79.9927	-79.9927	-79.9927	-79.9927	-79.9927	-79.9927	-79.9927	-79.9927	-79.9927	-79.9927	-79.9927	-79.9927	-79.9927	-79.9927	-79.9927	-79.9927	-79.9927	-79.9927	-79.9927	-79.9927	-79.9927	-79.9927	-79.9927	-79.9928	-79.9929
0.075	-79.9984	-79.9954	-79.9939	-79.9931	-79.9928	-79.9926	-79.9925	-79.9925	-79.9925	-79.9925	-79.9925	-79.9925	-79.9925	-79.9925	-79.9925	-79.9925	-79.9925	-79.9925	-79.9925	-79.9925	-79.9925	-79.9925	-79.9925	-79.9925	-79.9925	-79.9925	-79.9925	-79.9925	-79.9925	-79.9925	-79.9925	-79.9925	-79.9925	-79.9925	-79.9925	-79.9925	-79.9925	-79.9925	-79.9925	-79.9925	-79.9925	-79.9925	-79.9925	-79.9925	-79.9925	-79.9925	-79.9926	-79.9927
0.08	-79.9984	-79.9953	-79.9937	-79.993	-79.9926	-79.9924	-79.9923	-79.9923	-79.9923	-79.9923	-79.9923	-79.9923	-79.9923	-79.9923	-79.9923	-79.9923	-79.9923	-79.9923	-79.9923	-79.9923	-79.9923	-79.9923	-79.9923	-79.9923	-79.9923	-79.9923	-79.9923	-79.9923	-79.9923	-79.9923	-79.9923	-79.9923	-79.9923	-79.9923	-79.9923	-79.9923	-79.9923	-79.9923	-79.9923	-79.9923	-79.9923	-79.9923	-79.9923	-79.9923	-79.9923	-79.9923	-79.9924	-79.9925
0.085	-79.9984	-79.9952	-79.9936	-79.9928	-79.9924	-79.9922	-79.9921	-79.9921	-79.9921	-79.9921	-79.9921	-79.9921	-79.9921	-79.9921	-79.9921	-79.9921	-79.9921	-79.9921	-79.9921	-79.9921	-79.9921	-79.9921	-79.9921	-79.9921	-79.9921	-79.9921	-79.9921	-79.9921	-79.9921	-79.9921	-79.9921	-79.9921	-79.9921	-79.9921	-79.9921	-79.9921	-79.9921	-79.9921	-79.9921	-79.9921	-79.9921	-79.9921	-79.9921	-79.9921	-79.9921	-79.9921	-79.9922	-79.9923
0.09	-79.9984	-79.9952	-79.9935	-79.9927	-79.9922	-79.992	-79.9919	-79.9919	-79.9919	-79.9919	-79.9919	-79.9919	-79.9919	-79.9919	-79.9919	-79.9919	-79.9919	-79.9919	-79.9919	-79.9919	-79.9919	-79.9919	-79.9919	-79.9919	-79.9919	-79.9919	-79.9919	-79.9919	-79.9919	-79.9919	-79.9919	-79.9919	-79.9919	-79.9919	-79.9919	-79.9919	-79.9919	-79.9919	-79.9919	-79.9919	-79.9919	-79.9919	-79.9919	-79.9919	-79.9919	-79.9919	-79.992	-79.9921
0.095	-79.9984	-79.9951	-79.9934	-79.9925	-79.9921	-79.9919	-79.9918	-79.9917	-79.9917	-79.9917	-79.9917	-79.9917	-79.9917	-79.9917	-79.9917	-79.9917	-79.9917	-79.9917	-79.9917	-79.9917	-79.9917	-79.9917	-79.9917	-79.9917	-79.9917	-79.9917	-79.9917	-79.9917	-79.9917	-79.9917	-79.9917	-79.9917	-79.9917	-79.9917	-79.9917	-79.9917	-79.9917	-79.9917	-79.9917	-79.9917	-79.9917	-79.9917	-79.9917	-79.9917	-79.9917	-79.9918	-79.9918	-79.9919
0.1	-79.9984	-79.995	-79.9933	-79.9924	-79.9919	-79.9917	-79.9916	-79.9916	-79.9915	-79.9915	-79.9915	-79.9915	-79.9915	-79.9915	-79.9915	-79.9915	-79.9915	-79.9915	-79.9915	-79.9915	-79.9915	-79.9915	-79.9915	-79.9915	-79.9915	-79.9915	-79.9915	-79.9915	-79.9915	-79.9915	-79.9915	-79.9915	-79.9915	-79.9915	-79.9915	-79.9915	-79.9915	-79.9915	-79.9915	-79.9915	-79.9915	-79.9915	-79.9915	-79.9915	-79.9915	-79.9916	-79.9916	-79.9917
0.105	-79.9984	-79.995	-79.9932	-79.9923	-79.9918	-79.9916	-79.9914	-79.9914	-79.9914	-79.9914	-79.9913	-79.9913	-79.9913	-79.9913	-79.9913	-79.9913	-79.9913	-79.9913	-79.9913	-79.9913	-79.9913	-79.9913	-79.9913	-79.9913	-79.9913	-79.9913	-79.9913	-79.9913	-79.9913	-79.9913	-79.9913	-79.9913	-79.9913	-79.9913	-79.9913	-79.9913	-79.9913	-79.9913	-79.9913	-79.9913	-79.9913	-79.9913	-79.9914	-79.9914	-79.9914	-79.9914	-79.9915	-79.9916
0.11	-79.9984	-79.9949	-79.9931	-79.9921	-79.9917	-79.9914	-79.9913	-79.9912	-79.9912	-79.9912	-79.9912	-79.9912	-79.9912	-79.9912	-79.9912	-79.9912	-79.9912	-79.9912	-79.9912	-79.9912	-79.9912	-79.9912	-79.9912	-79.9912	-79.9912	-79.9912	-79.9912	-79.9912	-79.9912	-79.9912	-79.9912	-79.9912	-79.9912	-79.9912	-79.9912	-79.9912	-79.9912	-79.9912	-79.9912	-79.9912	-79.9912	-79.9912	-79.9912	-79.9912	-79.9912	-79.9913	-79.9913	-79.9914
0.115	-79.9984	-79.9949	-79.993	-79.992	-79.9915	-79.9913	-79.9911	-79.9911	-79.9911	-79.991	-79.991	-79.991	-79.991	-79.991	-79.991	-79.991	-79.991	-79.991	-79.991	-79.991	-79.991	-79.991	-79.991	-79.991	-79.991	-79.991	-79.991	-79.991	-79.991	-79.991	-79.991	-79.991	-79.991	-79.991	-79.991	-79.991	-79.991	-79.991	-79.991	-79.991	-79.991	-79.991	-79.991	-79.9911	-79.9911	-79.9911	-79.9912	-79.9913
0.12	-79.9984	-79.9949	-79.9929	-79.9919	-79.9914	-79.9911	-79.991	-79.9909	-79.9909	-79.9909	-79.9909	-79.9909	-79.9909	-79.9909	-79.9909	-79.9909	-79.9909	-79.9909	-79.9909	-79.9909	-79.9909	-79.9909	-79.9909	-79.9909	-79.9909	-79.9909	-79.9909	-79.9909	-79.9909	-79.9909	-79.9909	-79.9909	-79.9909	-79.9909	-79.9909	-79.9909	-79.9909	-79.9909	-79.9909	-79.9909	-79.9909	-79.9909	-79.9909	-79.9909	-79.9909	-79.991	-79.991	-79.9911
0.125	-79.9984	-79.9948	-79.9929	-79.9918	-79.9913	-79.991	-79.9909	-79.9908	-79.9908	-79.9908	-79.9907	-79.9907	-79.9907	-79.9907	-79.9907	-79.9907	-79.9907	-79.9907	-79.9907	-79.9907	-79.9907	-79.9907	-79.9907	-79.9907	-79.9907	-79.9907	-79.9907	-79.9907	-79.9907	-79.9907	-79.9907	-79.9907	-79.9907	-79.9907	-79.9907	-79.9907	-79.9907	-79.9907	-79.9907	-79.9907	-79.9907	-79.9907	-79.9908	-79.9908	-79.9908	-79.9908	-79.9909	-79.991
0.13	-79.9984	-79.9948	-79.9928	-79.9917	-79.9912	-79.9909	-79.9907	-79.9907	-79.9906	-79.9906	-79.9906	-79.9906	-79.9906	-79.9906	-79.9906	-79.9906	-79.9906	-79.9906	-79.9906	-79.9906	-79.9906	-79.9906	-79.9906	-79.9906	-79.9906	-79.9906	-79.9906	-79.9906	-79.9906	-79.9906	-79.9906	-79.9906	-79.9906	-79.9906	-79.9906	-79.9906	-79.9906	-79.9906	-79.9906	-79.9906	-79.9906	-79.9906	-79.9906	-79.9906	-79.9906	-79.9907	-79.9907	-79.9908
0.135	-79.9984	-79.9947	-79.9927	-79.9916	-79.9911	-79.9908	-79.9906	-79.9905	-79.9905	-79.9905	-79.9905	-79.9905	-79.9905	-79.9905	-79.9905	-79.9905	-79.9905	-79.9905	-79.9905	-79.9905	-79.9905	-79.9905	-79.9905	-79.9905	-79.9905	-79.9905	-79.9905	-79.9905	-79.9905	-79.9905	-79.9905	-79.9905	-79.9905	-79.9905	-79.9905	-79.9905	-79.9905	-79.9905	-79.9905	-79.9905	-79.9905	-79.9905	-79.9905	-79.9905	-79.9905	-79.9905	-79.9906	-79.9907
0.14	-79.9984	-79.9947	-79.9926	-79.9915	-79.991	-79.9907	-79.9905	-79.9904	-79.9904	-79.9904	-79.9903	-79.9903	-79.9903	-79.9903	-79.9903	-79.9903	-79.9903	-79.9903	-79.9903	-79.9903	-79.9903	-79.9903	-79.9903	-79.9903	-79.9903	-79.9903	-79.9903	-79.9903	-79.9903	-79.9903	-79.9903	-79.9903	-79.9903	-79.9903	-79.9903	-79.9903	-79.9903	-79.9903	-79.9903	-79.9903	-79.9903	-79.9903	-79.9904	-79.9904	-79.9904	-79.9904	-79.9905	-79.9906
0.145	-79.9984	-79.9947	-79.9926	-79.9915	-79.9909	-79.9905	-79.9904	-79.9903	-79.9903	-79.9902	-79.9902	-79.9902	-79.9902	-79.9902	-79.9902	-79.9902	-79.9902	-79.9902	-79.9902	-79.9902	-79.9902	-79.9902	-79.9902	-79.9902	-79.9902	-79.9902	-79.9902	-79.9902	-79.9902	-79.9902	-79.9902	-79.9902	-79.9902	-79.9902	-79.9902	-79.9902	-79.9902	-79.9902	-79.9902	-79.9902	-79.9902	-79.9902	-79.9902	-79.9902	-79.9903	-79.9903	-79.9904	-79.9905
0.15	-79.9984	-79.9946	-79.9925	-79.9914	-79.9908	-79.9904	-79.9903	-79.9902	-79.9901	-79.9901	-79.9901	-79.9901	-79.9901	-79.9901	-79.9901	-79.9901	-79.9901	-79.9901	-79.9901	-79.9901	-79.9901	-79.9901	-79.9901	-79.9901	-79.9901	-79.9901	-79.9901	-79.9901	-79.9901	-79.9901	-79.9901	-79.9901	-79.9901	-79.9901	-79.9901	-79.9901	-79.9901	-79.9901	-79.9901	-79.9901	-79.9901	-79.9901	-79.9901	-79.9901	-79.9901	-79.9902	-79.9902	-79.9903
0.155	-79.9984	-79.9946	-79.9925	-79.9913	-79.9907	-79.9903	-79.9902	-79.9901	-79.99	-79.99	-79.99	-79.99	-79.99	-79.99	-79.99	-79.99	-79.99	-79.99	-79.99	-79.99	-79.99	-79.99	-79.99	-79.99	-79.99	-79.99	-79.99	-79.99	-79.99	-79.99	-79.99	-79.99	-79.99	-79.99	-79.99	-79.99	-79.99	-79.99	-79.99	-79.99	-79.99	-79.99	-79.99	-79.99	-79.99	-79.9901	-79.9901	-79.9902
0.16	-79.9984	-79.9945	-79.9924	-79.9912	-79.9906	-79.9902	-79.9901	-79.99	-79.9899	-79.9899	-79.9899	-79.9899	-79.9899	-79.9899	-79.9899	-79.9899	-79.9899	-79.9899	-79.9899	-79.9899	-79.9899	-79.9899	-79.9899	-79.9899	-79.9899	-79.9899	-79.9899	-79.9899	-79.9899	-79.9899	-79.9899	-79.9899	-79.9899	-79.9899	-79.9899	-79.9899	-79.9899	-79.9899	-79.9899	-79.9899	-79.9899	-79.9899	-79.9899	-79.9899	-79.9899	-79.99	-79.99	-79.9901
0.165	-79.9984	-79.9945	-79.9923	-79.9911	-79.9905	-79.9901	-79.99	-79.9899	-79.9898	-79.9898	-79.9898	-79.9898	-79.9898	-79.9898	-79.9898	-79.9898	-79.9898	-79.9898	-79.9898	-79.9898	-79.9898	-79.9898	-79.9898	-79.9898	-79.9898	-79.9898	-79.9898	-79.9898	-79.9898	-79.9898	-79.9898	-79.9898	-79.9898	-79.9898	-79.9898	-79.9898	-79.9898	-79.9898	-79.9898	-79.9898	-79.9898	-79.9898	-79.9898	-79.9898	-79.9898	-79.9898	-79.9899	-79.99
0.17	-79.9984	-79.9945	-79.9923	-79.9911	-79.9904	-79.99	-79.9899	-79.9898	-79.9897	-79.9897	-79.9897	-79.9897	-79.9897	-79.9897	-79.9897	-79.9897	-79.9897	-79.9897	-79.9897	-79.9897	-79.9897	-79.9897	-79.9897	-79.9897	-79.9897	-79.9897	-79.9897	-79.9897	-79.9897	-79.9897	-79.9897	-79.9897	-79.9897	-79.9897	-79.9897	-79.9897	-79.9897	-79.9897	-79.9897	-79.9897	-79.9897	-79.9897	-79.9897	-79.9897	-79.9897	-79.9897	-79.9898	-79.9899
0.175	-79.9984	-79.9945	-79.9922	-79.991	-79.9903	-79.99	-79.9898	-79.9897	-79.9896	-79.9896	-79.9896	-79.9896	-79.9896	-79.9896	-79.9896	-79.9896	-79.9896	-79.9896	-79.9896	-79.9896	-79.9896	-79.9896	-79.9896	-79.9896	-79.9896	-79.9896	-79.9896	-79.9896	-79.9896	-79.9896	-79.9896	-79.9896	-79.9896	-79.9896	-79.9896	-79.9896	-79.9896	-79.9896	-79.9896	-79.9896	-79.9896	-79.9896	-79.9896	-79.9896	-79.9896	-79.9896	-79.9897	-79.9898
0.18	-79.9984	-79.9944	-79.9922	-79.9909	-79.9902	-79.9899	-79.9897	-79.9896	-79.9895	-79.9895	-79.9895	-79.9895	-79.9895	-79.9895	-79.9895	-79.9895	-79.9894	-79.9894	-79.9894	-79.9894	-79.9894	-79.9894	-79.9894	-79.9894	-79.9894	-79.9894	-79.9894	-79.9894	-79.9894	-79.9894	-79.9894	-79.9894	-79.9894	-79.9894	-79.9894	-79.9894	-79.9895	-79.9895	-79.9895	-79.9895	-79.9895	-79.9895	-79.9895	-79.9895	-79.9895	-79.9895	-79.9896	-79.9897
0.185	-79.9984	-79.9944	-79.9921	-79.9909	-79.9902	-79.9898	-79.9896	-79.9895	-79.9894	-79.9894	-79.9894	-79.9894	-79.9894	-79.9894	-79.9894	-79.9894	-79.9894	-79.9894	-79.9894	-79.9894	-79.9894	-79.9894	-79.9894	-79.9894	-79.9894	-79.9894	-79.9894	-79.9894	-79.9894	-79.9894	-79.9894	-79.9894	-79.9894	-79.9894	-79.9894	-79.9894	-79.9894	-79.9894	-79.9894	-79.9894	-79.9894	-79.9894	-79.9894	-79.9894	-79.9894	-79.9894	-79.9895	-79.9896
0.19	-79.9984	-79.9944	-79.9921	-79.9908	-79.9901	-79.9897	-79.9895	-79.9894	-79.9893	-79.9893	-79.9893	-79.9893	-79.9893	-79.9893	-79.9893	-79.9893	-79.9893	-79.9893	-79.9893	-79.9893	-79.9893	-79.9893	-79.9893	-79.9893	-79.9893	-79.9893	-79.9893	-79.9893	-79.9893	-79.9893	-79.9893	-79.9893	-79.9893	-79.9893	-79.9893	-79.9893	-79.9893	-79.9893	-79.9893	-79.9893	-79.9893	-79.9893	-79.9893	-79.9893	-79.9893	-79.9893	-79.9894	-79.9895
0.195	-79.9984	-79.9943	-79.992	-79.9907	-79.99	-79.9896	-79.9894	-79.9893	-79.9892	-79.9892	-79.9892	-79.9892	-79.9892	-79.9892	-79.9892	-79.9892	-79.9892	-79.9892	-79.9892	-79.9892	-79.9892	-79.9892	-79.9892	-79.9892	-79.9892	-79.9892	-79.9892	-79.9892	-79.9892	-79.9892	-79.9892	-79.9892	-79.9892	-79.9892	-79.9892	-79.9892	-79.9892	-79.9892	-79.9892	-79.9892	-79.9892	-79.9892	-79.9892	-79.9892	-79.9892	-79.9893	-79.9893	-79.9894
0.2	-79.9984	-79.9943	-79.992	-79.9907	-79.9899	-79.9895	-79.9893	-79.9892	-79.9891	-79.9891	-79.9891	-79.9891	-79.9891	-79.9891	-79.9891	-79.9891	-79.9891	-79.9891	-79.9891	-79.9891	-79.9891	-79.9891	-79.9891	-79.9891	-79.9891	-79.9891	-79.9891	-79.9891	-79.9891	-79.9891	-79.9891	-79.9891	-79.9891	-79.9891	-79.9891	-79.9891	-79.9891	-79.9891	-79.9891	-79.9891	-79.9891	-79.9891	-79.9891	-79.9891	-79.9891	-79.9892	-79.9892	-79.9893
0.205	-79.9984	-79.9943	-79.9919	-79.9906	-79.9899	-79.9895	-79.9892	-79.9891	-79.9891	-79.989	-79.989	-79.989	-79.989	-79.989	-79.989	-79.989	-79.989	-79.989	-79.989	-79.989	-79.989	-79.989	-79.989	-79.989	-79.989	-79.989	-79.989	-79.989	-79.989	-79.989	-79.989	-79.989	-79.989	-79.989	-79.989	-79.989	-79.989	-79.989	-79.989	-79.989	-79.989	-79.989	-79.989	-79.989	-79.989	-79.9891	-79.9891	-79.9893
0.21	-79.9984	-79.9943	-79.9919	-79.9906	-79.9898	-79.9894	-79.9892	-79.989	-79.989	-79.9889	-79.9889	-79.9889	-79.9889	-79.9889	-79.9889	-79.9889	-79.9889	-79.9889	-79.9889	-79.9889	-79.9889	-79.9889	-79.9889	-79.9889	-79.9889	-79.9889	-79.9889	-79.9889	-79.9889	-79.9889	-79.9889	-79.9889	-79.9889	-79.9889	-79.9889	-79.9889	-79.9889	-79.9889	-79.9889	-79.9889	-79.9889	-79.9889	-79.9889	-79.9889	-79.989	-79.989	-79.9891	-79.9892
0.215	-79.9984	-79.9942	-79.9919	-79.9905	-79.9897	-79.9893	-79.9891	-79.989	-79.9889	-79.9889	-79.9888	-79.9888	-79.9888	-79.9888	-79.9888	-79.9888	-79.9888	-79.9888	-79.9888	-79.9888	-79.9888	-79.9888	-79.9888	-79.9888	-79.9888	-79.9888	-79.9888	-79.9888	-79.9888	-79.9888	-79.9888	-79.9888	-79.9888	-79.9888	-79.9888	-79.9888	-79.9888	-79.9888	-79.9888	-79.9888	-79.9888	-79.9888	-79.9888	-79.9888	-79.9889	-79.9889	-79.989	-79.9891
0.22	-79.9984	-79.9942	-79.9918	-79.9904	-79.9897	-79.9892	-79.989	-79.9889	-79.9888	-79.9888	-79.9888	-79.9887	-79.9887	-79.9887	-79.9887	-79.9887	-79.9887	-79.9887	-79.9887	-79.9887	-79.9887	-79.9887	-79.9887	-79.9887	-79.9887	-79.9887	-79.9887	-79.9887	-79.9887	-79.9887	-79.9887	-79.9887	-79.9887	-79.9887	-79.9887	-79.9887	-79.9887	-79.9887	-79.9887	-79.9887	-79.9887	-79.9887	-79.9887	-79.9888	-79.9888	-79.9888	-79.9889	-79.989
0.225	-79.9984	-79.9942	-79.9918	-79.9904	-79.9896	-79.9892	-79.9889	-79.9888	-79.9887	-79.9887	-79.9887	-79.9887	-79.9887	-79.9887	-79.9887	-79.9887	-79.9887	-79.9887	-79.9887	-79.9887	-79.9887	-79.9887	-79.9887	-79.9887	-79.9887	-79.9887	-79.9887	-79.9887	-79.9887	-79.9887	-79.9887	-79.9887	-79.9887	-79.9887	-79.9887	-79.9887	-79.9887	-79.9887	-79.9887	-79.9887	-79.9887	-79.9887	-79.9887	-79.9887	-79.9887	-79.9887	-79.9888	-79.9889
0.23	-79.9984	-79.9942	-79.9917	-79.9903	-79.9895	-79.9891	-79.9889	-79.9887	-79.9887	-79.9886	-79.9886	-79.9886	-79.9886	-79.9886	-79.9886	-79.9886	-79.9886	-79.9886	-79.9886	-79.9886	-79.9886	-79.9886	-79.9886	-79.9886	-79.9886	-79.9886	-79.9886	-79.9886	-79.9886	-79.9886	-79.9886	-79.9886	-79.9886	-79.9886	-79.9886	-79.9886	-79.9886	-79.9886	-79.9886	-79.9886	-79.9886	-79.9886	-79.9886	-79.9886	-79.9886	-79.9887	-79.9887	-79.9889
0.235	-79.9984	-79.9942	-79.9917	-79.9903	-79.9895	-79.989	-79.9888	-79.9887	-79.9886	-79.9885	-79.9885	-79.9885	-79.9885	-79.9885	-79.9885	-79.9885	-79.9885	-79.9885	-79.9885	-79.9885	-79.9885	-79.9885	-79.9885	-79.9885	-79.9885	-79.9885	-79.9885	-79.9885	-79.9885	-79.9885	-79.9885	-79.9885	-79.9885	-79.9885	-79.9885	-79.9885	-79.9885	-79.9885	-79.9885	-79.9885	-79.9885	-79.9885	-79.9885	-79.9885	-79.9885	-79.9886	-79.9887	-79.9888
0.24	-79.9984	-79.9941	-79.9917	-79.9902	-79.9894	-79.989	-79.9887	-79.9886	-79.9885	-79.9885	-79.9884	-79.9884	-79.9884	-79.9884	-79.9884	-79.9884	-79.9884	-79.9884	-79.9884	-79.9884	-79.9884	-79.9884	-79.9884	-79.9884	-79.9884	-79.9884	-79.9884	-79.9884	-79.9884	-79.9884	-79.9884	-79.9884	-79.9884	-79.9884	-79.9884	-79.9884	-79.9884	-79.9884	-79.9884	-79.9884	-79.9884	-79.9884	-79.9884	-79.9884	-79.9885	-79.9885	-79.9886	-79.9887
0.245	-79.9984	-79.9941	-79.9916	-79.9902	-79.9894	-79.9889	-79.9887	-79.9885	-79.9884	-79.9884	-79.9884	-79.9884	-79.9883	-79.9883	-79.9883	-79.9883	-79.9883	-79.9883	-79.9883	-79.9883	-79.9883	-79.9883	-79.9883	-79.9883	-79.9883	-79.9883	-79.9883	-79.9883	-79.9883	-79.9883	-79.9883	-79.9883	-79.9883	-79.9883	-79.9883	-79.9883	-79.9883	-79.9883	-79.9883	-79.9883	-79.9883	-79.9883	-79.9884	-79.9884	-79.9884	-79.9884	-79.9885	-79.9886
0.25	-79.9984	-79.9941	-79.9916	-79.9901	-79.9893	-79.9888	-79.9886	-79.9884	-79.9884	-79.9883	-79.9883	-79.9883	-79.9883	-79.9883	-79.9883	-79.9883	-79.9883	-79.9883	-79.9883	-79.9883	-79.9883	-79.9883	-79.9883	-79.9883	-79.9883	-79.9883	-79.9883	-79.9883	-79.9883	-79.9883	-79.9883	-79.9883	-79.9883	-79.9883	-79.9883	-79.9883	-79.9883	-79.9883	-79.9883	-79.9883	-79.9883	-79.9883	-79.9883	-79.9883	-79.9883	-79.9884	-79.9884	-79.9886
0.255	-79.9984	-79.9941	-79.9916	-79.9901	-79.9893	-79.9888	-79.9885	-79.9884	-79.9883	-79.9883	-79.9882	-79.9882	-79.9882	-79.9882	-79.9882	-79.9882	-79.9882	-79.9882	-79.9882	-79.9882	-79.9882	-79.9882	-79.9882	-79.9882	-79.9882	-79.9882	-79.9882	-79.9882	-79.9882	-79.9882	-79.9882	-79.9882	-79.9882	-79.9882	-79.9882	-79.9882	-79.9882	-79.9882	-79.9882	-79.9882	-79.9882	-79.9882	-79.9882	-79.9882	-79.9883	-79.9883	-79.9884	-79.9885
0.26	-79.9984	-79.9941	-79.9915	-79.99	-79.9892	-79.9887	-79.9885	-79.9883	-79.9882	-79.9882	-79.9882	-79.9881	-79.9881	-79.9881	-79.9881	-79.9881	-79.9881	-79.9881	-79.9881	-79.9881	-79.9881	-79.9881	-79.9881	-79.9881	-79.9881	-79.9881	-79.9881	-79.9881	-79.9881	-79.9881	-79.9881	-79.9881	-79.9881	-79.9881	-79.9881	-79.9881	-79.9881	-79.9881	-79.9881	-79.9881	-79.9881	-79.9881	-79.9881	-79.9882	-79.9882	-79.9882	-79.9883	-79.9884
0.265	-79.9984	-79.994	-79.9915	-79.99	-79.9892	-79.9887	-79.9884	-79.9882	-79.9882	-79.9881	-79.9881	-79.9881	-79.9881	-79.9881	-79.9881	-79.9881	-79.9881	-79.9881	-79.9881	-79.9881	-79.9881	-79.9881	-79.9881	-79.9881	-79.9881	-79.9881	-79.9881	-79.9881	-79.9881	-79.9881	-79.9881	-79.9881	-79.9881	-79.9881	-79.9881	-79.9881	-79.9881	-79.9881	-79.9881	-79.9881	-79.9881	-79.9881	-79.9881	-79.9881	-79.9881	-79.9882	-79.9882	-79.9883
0.27	-79.9984	-79.994	-79.9914	-79.99	-79.9891	-79.9886	-79.9883	-79.9882	-79.9881	-79.988	-79.988	-79.988	-79.988	-79.988	-79.988	-79.988	-79.988	-79.988	-79.988	-79.988	-79.988	-79.988	-79.988	-79.988	-79.988	-79.988	-79.988	-79.988	-79.988	-79.988	-79.988	-79.988	-79.988	-79.988	-79.988	-79.988	-79.988	-79.988	-79.988	-79.988	-79.988	-79.988	-79.988	-79.988	-79.988	-79.9881	-79.9882	-79.9883
0.275	-79.9984	-79.994	-79.9914	-79.9899	-79.989	-79.9885	-79.9883	-79.9881	-79.988	-79.988	-79.988	-79.9879	-79.9879	-79.9879	-79.9879	-79.9879	-79.9879	-79.9879	-79.9879	-79.9879	-79.9879	-79.9879	-79.9879	-79.9879	-79.9879	-79.9879	-79.9879	-79.9879	-79.9879	-79.9879	-79.9879	-79.9879	-79.9879	-79.9879	-79.9879	-79.9879	-79.9879	-79.9879	-79.9879	-79.9879	-79.9879	-79.9879	-79.9879	-79.988	-79.988	-79.988	-79.9881	-79.9882
0.28	-79.9984	-79.994	-79.9914	-79.9899	-79.989	-79.9885	-79.9882	-79.9881	-79.988	-79.9879	-79.9879	-79.9879	-79.9879	-79.9879	-79.9879	-79.9879	-79.9879	-79.9879	-79.9879	-79.9879	-79.9879	-79.9879	-79.9879	-79.9879	-79.9879	-79.9879	-79.9879	-79.9879	-79.9879	-79.9879	-79.9879	-79.9879	-79.9879	-79.9879	-79.9879	-79.9879	-79.9879	-79.9879	-79.9879	-79.9879	-79.9879	-79.9879	-79.9879	-79.9879	-79.9879	-79.988	-79.988	-79.9882
0.285	-79.9984	-79.994	-79.9914	-79.9898	-79.9889	-79.9884	-79.9882	-79.988	-79.9879	-79.9878	-79.9878	-79.9878	-79.9878	-79.9878	-79.9878	-79.9878	-79.9878	-79.9878	-79.9878	-79.9878	-79.9878	-79.9878	-79.9878	-79.9878	-79.9878	-79.9878	-79.9878	-79.9878	-79.9878	-79.9878	-79.9878	-79.9878	-79.9878	-79.9878	-79.9878	-79.9878	-79.9878	-79.9878	-79.9878	-79.9878	-79.9878	-79.9878	-79.9878	-79.9878	-79.9879	-79.9879	-79.988	-79.9881
0.29	-79.9984	-79.9939	-79.9913	-79.9898	-79.9889	-79.9884	-79.9881	-79.9879	-79.9878	-79.9878	-79.9878	-79.9877	-79.9877	-79.9877	-79.9877	-79.9877	-79.9877	-79.9877	-79.9877	-79.9877	-79.9877	-79.9877	-79.9877	-79.9877	-79.9877	-79.9877	-79.9877	-79.9877	-79.9877	-79.9877	-79.9877	-79.9877	-79.9877	-79.9877	-79.9877	-79.9877	-79.9877	-79.9877	-79.9877	-79.9877	-79.9877	-79.9877	-79.9877	-79.9878	-79.9878	-79.9878	-79.9879	-79.988
0.295	-79.9984	-79.9939	-79.9913	-79.9897	-79.9888	-79.9883	-79.988	-79.9879	-79.9878	-79.9877	-79.9877	-79.9877	-79.9877	-79.9877	-79.9877	-79.9877	-79.9877	-79.9877	-79.9877	-79.9877	-79.9877	-79.9877	-79.9877	-79.9877	-79.9877	-79.9877	-79.9877	-79.9877	-79.9877	-79.9877	-79.9877	-79.9877	-79.9877	-79.9877	-79.9877	-79.9877	-79.9877	-79.9877	-79.9877	-79.9877	-79.9877	-79.9877	-79.9877	-79.9877	-79.9877	-79.9878	-79.9878	-79.988
0.3	-79.9984	-79.9939	-79.9913	-79.9897	-79.9888	-79.9883	-79.988	-79.9878	-79.9877	-79.9877	-79.9876	-79.9876	-79.9876	-79.9876	-79.9876	-79.9876	-79.9876	-79.9876	-79.9876	-79.9876	-79.9876	-79.9876	-79.9876	-79.9876	-79.9876	-79.9876	-79.9876	-79.9876	-79.9876	-79.9876	-79.9876	-79.9876	-79.9876	-79.9876	-79.9876	-79.9876	-79.9876	-79.9876	-79.9876	-79.9876	-79.9876	-79.9876	-79.9876	-79.9876	-79.9877	-79.9877	-79.9878	-79.9879
0.305	-79.9984	-79.9939	-79.9912	-79.9897	-79.9888	-79.9882	-79.9879	-79.9878	-79.9877	-79.9876	-79.9876	-79.9876	-79.9875	-79.9875	-79.9875	-79.9875	-79.9875	-79.9875	-79.9875	-79.9875	-79.9875	-79.9875	-79.9875	-79.9875	-79.9875	-79.9875	-79.9875	-79.9875	-79.9875	-79.9875	-79.9875	-79.9875	-79.9875	-79.9875	-79.9875	-79.9875	-79.9875	-79.9875	-79.9875	-79.9875	-79.9875	-79.9875	-79.9876	-79.9876	-79.9876	-79.9876	-79.9877	-79.9878
0.31	-79.9984	-79.9939	-79.9912	-79.9896	-79.9887	-79.9882	-79.9879	-79.9877	-79.9876	-79.9875	-79.9875	-79.9875	-79.9875	-79.9875	-79.9875	-79.9875	-79.9875	-79.9875	-79.9875	-79.9875	-79.9875	-79.9875	-79.9875	-79.9875	-79.9875	-79.9875	-79.9875	-79.9875	-79.9875	-79.9875	-79.9875	-79.9875	-79.9875	-79.9875	-79.9875	-79.9875	-79.9875	-79.9875	-79.9875	-79.9875	-79.9875	-79.9875	-79.9875	-79.9875	-79.9875	-79.9876	-79.9877	-79.9878
0.315	-79.9984	-79.9939	-79.9912	-79.9896	-79.9887	-79.9881	-79.9878	-79.9876	-79.9875	-79.9875	-79.9875	-79.9874	-79.9874	-79.9874	-79.9874	-79.9874	-79.9874	-79.9874	-79.9874	-79.9874	-79.9874	-79.9874	-79.9874	-79.9874	-79.9874	-79.9874	-79.9874	-79.9874	-79.9874	-79.9874	-79.9874	-79.9874	-79.9874	-79.9874	-79.9874	-79.9874	-79.9874	-79.9874	-79.9874	-79.9874	-79.9874	-79.9874	-79.9874	-79.9875	-79.9875	-79.9875	-79.9876	-79.9877
0.32	-79.9984	-79.9939	-79.9911	-79.9895	-79.9886	-79.9881	-79.9878	-79.9876	-79.9875	-79.9874	-79.9874	-79.9874	-79.9874	-79.9874	-79.9874	-79.9874	-79.9874	-79.9874	-79.9874	-79.9874	-79.9874	-79.9874	-79.9874	-79.9874	-79.9874	-79.9874	-79.9874	-79.9874	-79.9874	-79.9874	-79.9874	-79.9874	-79.9874	-79.9874	-79.9874	-79.9874	-79.9874	-79.9874	-79.9874	-79.9874	-79.9874	-79.9874	-79.9874	-79.9874	-79.9874	-79.9875	-79.9875	-79.9877
0.325	-79.9984	-79.9938	-79.9911	-79.9895	-79.9886	-79.988	-79.9877	-79.9875	-79.9874	-79.9874	-79.9873	-79.9873	-79.9873	-79.9873	-79.9873	-79.9873	-79.9873	-79.9873	-79.9873	-79.9873	-79.9873	-79.9873	-79.9873	-79.9873	-79.9873	-79.9873	-79.9873	-79.9873	-79.9873	-79.9873	-79.9873	-79.9873	-79.9873	-79.9873	-79.9873	-79.9873	-79.9873	-79.9873	-79.9873	-79.9873	-79.9873	-79.9873	-79.9873	-79.9873	-79.9874	-79.9874	-79.9875	-79.9876
0.33	-79.9984	-79.9938	-79.9911	-79.9895	-79.9885	-79.988	-79.9877	-79.9875	-79.9874	-79.9873	-79.9873	-79.9873	-79.9873	-79.9873	-79.9873	-79.9873	-79.9873	-79.9872	-79.9872	-79.9872	-79.9872	-79.9872	-79.9872	-79.9872	-79.9872	-79.9872	-79.9872	-79.9872	-79.9872	-79.9872	-79.9872	-79.9872	-79.9872	-79.9872	-79.9872	-79.9872	-79.9873	-79.9873	-79.9873	-79.9873	-79.9873	-79.9873	-79.9873	-79.9873	-79.9873	-79.9874	-79.9874	-79.9876
0.335	-79.9984	-79.9938	-79.9911	-79.9894	-79.9885	-79.9879	-79.9876	-79.9874	-79.9873	-79.9873	-79.9872	-79.9872	-79.9872	-79.9872	-79.9872	-79.9872	-79.9872	-79.9872	-79.9872	-79.9872	-79.9872	-79.9872	-79.9872	-79.9872	-79.9872	-79.9872	-79.9872	-79.9872	-79.9872	-79.9872	-79.9872	-79.9872	-79.9872	-79.9872	-79.9872	-79.9872	-79.9872	-79.9872	-79.9872	-79.9872	-79.9872	-79.9872	-79.9872	-79.9872	-79.9873	-79.9873	-79.9874	-79.9875
0.34	-79.9984	-79.9938	-79.991	-79.9894	-79.9884	-79.9879	-79.9876	-79.9874	-79.9873	-79.9872	-79.9872	-79.9872	-79.9871	-79.9871	-79.9871	-79.9871	-79.9871	-79.9871	-79.9871	-79.9871	-79.9871	-79.9871	-79.9871	-79.9871	-79.9871	-79.9871	-79.9871	-79.9871	-79.9871	-79.9871	-79.9871	-79.9871	-79.9871	-79.9871	-79.9871	-79.9871	-79.9871	-79.9871	-79.9871	-79.9871	-79.9871	-79.9871	-79.9872	-79.9872	-79.9872	-79.9872	-79.9873	-79.9874
0.345	-79.9984	-79.9938	-79.991	-79.9894	-79.9884	-79.9878	-79.9875	-79.9873	-79.9872	-79.9872	-79.9871	-79.9871	-79.9871	-79.9871	-79.9871	-79.9871	-79.9871	-79.9871	-79.9871	-79.9871	-79.9871	-79.9871	-79.9871	-79.9871	-79.9871	-79.9871	-79.9871	-79.9871	-79.9871	-79.9871	-79.9871	-79.9871	-79.9871	-79.9871	-79.9871	-79.9871	-79.9871	-79.9871	-79.9871	-79.9871	-79.9871	-79.9871	-79.9871	-79.9871	-79.9871	-79.9872	-79.9873	-79.9874
0.35	-79.9984	-79.9938	-79.991	-79.9893	-79.9884	-79.9878	-79.9875	-79.9873	-79.9872	-79.9871	-79.9871	-79.987	-79.987	-79.987	-79.987	-79.987	-79.987	-79.987	-79.987	-79.987	-79.987	-79.987	-79.987	-79.987	-79.987	-79.987	-79.987	-79.987	-79.987	-79.987	-79.987	-79.987	-79.987	-79.987	-79.987	-79.987	-79.987	-79.987	-79.987	-79.987	-79.987	-79.987	-79.987	-79.9871	-79.9871	-79.9871	-79.9872	-79.9874
0.355	-79.9984	-79.9938	-79.991	-79.9893	-79.9883	-79.9877	-79.9874	-79.9872	-79.9871	-79.9871	-79.987	-79.987	-79.987	-79.987	-79.987	-79.987	-79.987	-79.987	-79.987	-79.987	-79.987	-79.987	-79.987	-79.987	-79.987	-79.987	-79.987	-79.987	-79.987	-79.987	-79.987	-79.987	-79.987	-79.987	-79.987	-79.987	-79.987	-79.987	-79.987	-79.987	-79.987	-79.987	-79.987	-79.987	-79.987	-79.9871	-79.9872	-79.9873
0.36	-79.9984	-79.9937	-79.9909	-79.9893	-79.9883	-79.9877	-79.9874	-79.9872	-79.9871	-79.987	-79.987	-79.9869	-79.9869	-79.9869	-79.9869	-79.9869	-79.9869	-79.9869	-79.9869	-79.9869	-79.9869	-79.9869	-79.9869	-79.9869	-79.9869	-79.9869	-79.9869	-79.9869	-79.9869	-79.9869	-79.9869	-79.9869	-79.9869	-79.9869	-79.9869	-79.9869	-79.9869	-79.9869	-79.9869	-79.9869	-79.9869	-79.9869	-79.9869	-79.987	-79.987	-79.987	-79.9871	-79.9872
0.365	-79.9984	-79.9937	-79.9909	-79.9892	-79.9882	-79.9877	-79.9873	-79.9871	-79.987	-79.9869	-79.9869	-79.9869	-79.9869	-79.9869	-79.9869	-79.9869	-79.9869	-79.9869	-79.9869	-79.9869	-79.9869	-79.9869	-79.9869	-79.9869	-79.9869	-79.9869	-79.9869	-79.9869	-79.9869	-79.9869	-79.9869	-79.9869	-79.9869	-79.9869	-79.9869	-79.9869	-79.9869	-79.9869	-79.9869	-79.9869	-79.9869	-79.9869	-79.9869	-79.9869	-79.9869	-79.987	-79.9871	-79.9872
0.37	-79.9984	-79.9937	-79.9909	-79.9892	-79.9882	-79.9876	-79.9873	-79.9871	-79.987	-79.9869	-79.9869	-79.9868	-79.9868	-79.9868	-79.9868	-79.9868	-79.9868	-79.9868	-79.9868	-79.9868	-79.9868	-79.9868	-79.9868	-79.9868	-79.9868	-79.9868	-79.9868	-79.9868	-79.9868	-79.9868	-79.9868	-79.9868	-79.9868	-79.9868	-79.9868	-79.9868	-79.9868	-79.9868	-79.9868	-79.9868	-79.9868	-79.9868	-79.9868	-79.9869	-79.9869	-79.9869	-79.987	-79.9871
0.375	-79.9984	-79.9937	-79.9909	-79.9892	-79.9882	-79.9876	-79.9872	-79.987	-79.9869	-79.9868	-79.9868	-79.9868	-79.9868	-79.9868	-79.9868	-79.9868	-79.9868	-79.9868	-79.9868	-79.9868	-79.9868	-79.9868	-79.9868	-79.9868	-79.9868	-79.9868	-79.9868	-79.9868	-79.9868	-79.9868	-79.9868	-79.9868	-79.9868	-79.9868	-79.9868	-79.9868	-79.9868	-79.9868	-79.9868	-79.9868	-79.9868	-79.9868	-79.9868	-79.9868	-79.9868	-79.9869	-79.987	-79.9871
0.38	-79.9984	-79.9937	-79.9908	-79.9891	-79.9881	-79.9875	-79.9872	-79.987	-79.9869	-79.9868	-79.9868	-79.9867	-79.9867	-79.9867	-79.9867	-79.9867	-79.9867	-79.9867	-79.9867	-79.9867	-79.9867	-79.9867	-79.9867	-79.9867	-79.9867	-79.9867	-79.9867	-79.9867	-79.9867	-79.9867	-79.9867	-79.9867	-79.9867	-79.9867	-79.9867	-79.9867	-79.9867	-79.9867	-79.9867	-79.9867	-79.9867	-79.9867	-79.9867	-79.9868	-79.9868	-79.9868	-79.9869	-79.987
0.385	-79.9984	-79.9937	-79.9908	-79.9891	-79.9881	-79.9875	-79.9871	-79.9869	-79.9868	-79.9867	-79.9867	-79.9867	-79.9867	-79.9867	-79.9867	-79.9867	-79.9867	-79.9867	-79.9867	-79.9867	-79.9867	-79.9867	-79.9867	-79.9867	-79.9867	-79.9867	-79.9867	-79.9867	-79.9867	-79.9867	-79.9867	-79.9867	-79.9867	-79.9867	-79.9867	-79.9867	-79.9867	-79.9867	-79.9867	-79.9867	-79.9867	-79.9867	-79.9867	-79.9867	-79.9867	-79.9868	-79.9869	-79.987
0.39	-79.9984	-79.9937	-79.9908	-79.9891	-79.9881	-79.9874	-79.9871	-79.9869	-79.9868	-79.9867	-79.9867	-79.9866	-79.9866	-79.9866	-79.9866	-79.9866	-79.9866	-79.9866	-79.9866	-79.9866	-79.9866	-79.9866	-79.9866	-79.9866	-79.9866	-79.9866	-79.9866	-79.9866	-79.9866	-79.9866	-79.9866	-79.9866	-79.9866	-79.9866	-79.9866	-79.9866	-79.9866	-79.9866	-79.9866	-79.9866	-79.9866	-79.9866	-79.9866	-79.9867	-79.9867	-79.9867	-79.9868	-79.9869
0.395	-79.9984	-79.9936	-79.9908	-79.989	-79.988	-79.9874	-79.987	-79.9868	-79.9867	-79.9866	-79.9866	-79.9866	-79.9866	-79.9866	-79.9866	-79.9866	-79.9866	-79.9866	-79.9866	-79.9866	-79.9866	-79.9866	-79.9866	-79.9866	-79.9866	-79.9866	-79.9866	-79.9866	-79.9866	-79.9866	-79.9866	-79.9866	-79.9866	-79.9866	-79.9866	-79.9866	-79.9866	-79.9866	-79.9866	-79.9866	-79.9866	-79.9866	-79.9866	-79.9866	-79.9866	-79.9867	-79.9868	-79.9869
0.4	-79.9984	-79.9936	-79.9907	-79.989	-79.988	-79.9874	-79.987	-79.9868	-79.9867	-79.9866	-79.9866	-79.9865	-79.9865	-79.9865	-79.9865	-79.9865	-79.9865	-79.9865	-79.9865	-79.9865	-79.9865	-79.9865	-79.9865	-79.9865	-79.9865	-79.9865	-79.9865	-79.9865	-79.9865	-79.9865	-79.9865	-79.9865	-79.9865	-79.9865	-79.9865	-79.9865	-79.9865	-79.9865	-79.9865	-79.9865	-79.9865	-79.9865	-79.9865	-79.9866	-79.9866	-79.9866	-79.9867	-79.9868
0.405	-79.9984	-79.9936	-79.9907	-79.989	-79.9879	-79.9873	-79.987	-79.9867	-79.9866	-79.9866	-79.9865	-79.9865	-79.9865	-79.9865	-79.9865	-79.9865	-79.9865	-79.9865	-79.9865	-79.9865	-79.9865	-79.9865	-79.9865	-79.9865	-79.9865	-79.9865	-79.9865	-79.9865	-79.9865	-79.9865	-79.9865	-79.9865	-79.9865	-79.9865	-79.9865	-79.9865	-79.9865	-79.9865	-79.9865	-79.9865	-79.9865	-79.9865	-79.9865	-79.9865	-79.9865	-79.9866	-79.9867	-79.9868
0.41	-79.9984	-79.9936	-79.9907	-79.989	-79.9879	-79.9873	-79.9869	-79.9867	-79.9866	-79.9865	-79.9865	-79.9864	-79.9864	-79.9864	-79.9864	-79.9864	-79.9864	-79.9864	-79.9864	-79.9864	-79.9864	-79.9864	-79.9864	-79.9864	-79.9864	-79.9864	-79.9864	-79.9864	-79.9864	-79.9864	-79.9864	-79.9864	-79.9864	-79.9864	-79.9864	-79.9864	-79.9864	-79.9864	-79.9864	-79.9864	-79.9864	-79.9864	-79.9864	-79.9865	-79.9865	-79.9865	-79.9866	-79.9868
0.415	-79.9984	-79.9936	-79.9907	-79.9889	-79.9879	-79.9872	-79.9869	-79.9867	-79.9865	-79.9865	-79.9864	-79.9864	-79.9864	-79.9864	-79.9864	-79.9864	-79.9864	-79.9864	-79.9864	-79.9864	-79.9864	-79.9864	-79.9864	-79.9864	-79.9864	-79.9864	-79.9864	-79.9864	-79.9864	-79.9864	-79.9864	-79.9864	-79.9864	-79.9864	-79.9864	-79.9864	-79.9864	-79.9864	-79.9864	-79.9864	-79.9864	-79.9864	-79.9864	-79.9864	-79.9864	-79.9865	-79.9866	-79.9867
0.42	-79.9984	-79.9936	-79.9907	-79.9889	-79.9878	-79.9872	-79.9868	-79.9866	-79.9865	-79.9864	-79.9864	-79.9864	-79.9863	-79.9863	-79.9863	-79.9863	-79.9863	-79.9863	-79.9863	-79.9863	-79.9863	-79.9863	-79.9863	-79.9863	-79.9863	-79.9863	-79.9863	-79.9863	-79.9863	-79.9863	-79.9863	-79.9863	-79.9863	-79.9863	-79.9863	-79.9863	-79.9863	-79.9863	-79.9863	-79.9863	-79.9863	-79.9863	-79.9864	-79.9864	-79.9864	-79.9865	-79.9865	-79.9867
0.425	-79.9984	-79.9936	-79.9906	-79.9889	-79.9878	-79.9872	-79.9868	-79.9866	-79.9865	-79.9864	-79.9863	-79.9863	-79.9863	-79.9863	-79.9863	-79.9863	-79.9863	-79.9863	-79.9863	-79.9863	-79.9863	-79.9863	-79.9863	-79.9863	-79.9863	-79.9863	-79.9863	-79.9863	-79.9863	-79.9863	-79.9863	-79.9863	-79.9863	-79.9863	-79.9863	-79.9863	-79.9863	-79.9863	-79.9863	-79.9863	-79.9863	-79.9863	-79.9863	-79.9863	-79.9864	-79.9864	-79.9865	-79.9866
0.43	-79.9984	-79.9936	-79.9906	-79.9888	-79.9878	-79.9871	-79.9868	-79.9865	-79.9864	-79.9863	-79.9863	-79.9863	-79.9862	-79.9862	-79.9862	-79.9862	-79.9862	-79.9862	-79.9862	-79.9862	-79.9862	-79.9862	-79.9862	-79.9862	-79.9862	-79.9862	-79.9862	-79.9862	-79.9862	-79.9862	-79.9862	-79.9862	-79.9862	-79.9862	-79.9862	-79.9862	-79.9862	-79.9862	-79.9862	-79.9862	-79.9862	-79.9862	-79.9863	-79.9863	-79.9863	-79.9864	-79.9864	-79.9866
0.435	-79.9984	-79.9936	-79.9906	-79.9888	-79.9877	-79.9871	-79.9867	-79.9865	-79.9864	-79.9863	-79.9862	-79.9862	-79.9862	-79.9862	-79.9862	-79.9862	-79.9862	-79.9862	-79.9862	-79.9862	-79.9862	-79.9862	-79.9862	-79.9862	-79.9862	-79.9862	-79.9862	-79.9862	-79.9862	-79.9862	-79.9862	-79.9862	-79.9862	-79.9862	-79.9862	-79.9862	-79.9862	-79.9862	-79.9862	-79.9862	-79.9862	-79.9862	-79.9862	-79.9862	-79.9863	-79.9863	-79.9864	-79.9865
0.44	-79.9984	-79.9935	-79.9906	-79.9888	-79.9877	-79.9871	-79.9867	-79.9865	-79.9863	-79.9862	-79.9862	-79.9862	-79.9862	-79.9862	-79.9861	-79.9861	-79.9861	-79.9861	-79.9861	-79.9861	-79.9861	-79.9861	-79.9861	-79.9861	-79.9861	-79.9861	-79.9861	-79.9861	-79.9861	-79.9861	-79.9861	-79.9861	-79.9861	-79.9861	-79.9861	-79.9861	-79.9861	-79.9861	-79.9861	-79.9861	-79.9861	-79.9862	-79.9862	-79.9862	-79.9862	-79.9863	-79.9864	-79.9865
0.445	-79.9984	-79.9935	-79.9906	-79.9887	-79.9877	-79.987	-79.9866	-79.9864	-79.9863	-79.9862	-79.9862	-79.9861	-79.9861	-79.9861	-79.9861	-79.9861	-79.9861	-79.9861	-79.9861	-79.9861	-79.9861	-79.9861	-79.9861	-79.9861	-79.9861	-79.9861	-79.9861	-79.9861	-79.9861	-79.9861	-79.9861	-79.9861	-79.9861	-79.9861	-79.9861	-79.9861	-79.9861	-79.9861	-79.9861	-79.9861	-79.9861	-79.9861	-79.9861	-79.9861	-79.9862	-79.9862	-79.9863	-79.9864
0.45	-79.9984	-79.9935	-79.9905	-79.9887	-79.9876	-79.987	-79.9866	-79.9864	-79.9862	-79.9862	-79.9861	-79.9861	-79.9861	-79.9861	-79.9861	-79.9861	-79.9861	-79.9861	-79.9861	-79.986	-79.986	-79.986	-79.986	-79.986	-79.986	-79.986	-79.986	-79.986	-79.986	-79.986	-79.986	-79.986	-79.986	-79.986	-79.986	-79.9861	-79.9861	-79.9861	-79.9861	-79.9861	-79.9861	-79.9861	-79.9861	-79.9861	-79.9861	-79.9862	-79.9863	-79.9864
0.455	-79.9984	-79.9935	-79.9905	-79.9887	-79.9876	-79.9869	-79.9866	-79.9863	-79.9862	-79.9861	-79.9861	-79.986	-79.986	-79.986	-79.986	-79.986	-79.986	-79.986	-79.986	-79.986	-79.986	-79.986	-79.986	-79.986	-79.986	-79.986	-79.986	-79.986	-79.986	-79.986	-79.986	-79.986	-79.986	-79.986	-79.986	-79.986	-79.986	-79.986	-79.986	-79.986	-79.986	-79.986	-79.986	-79.9861	-79.9861	-79.9861	-79.9862	-79.9864
0.46	-79.9984	-79.9935	-79.9905	-79.9887	-79.9876	-79.9869	-79.9865	-79.9863	-79.9861	-79.9861	-79.986	-79.986	-79.986	-79.986	-79.986	-79.986	-79.986	-79.986	-79.986	-79.986	-79.986	-79.986	-79.986	-79.986	-79.986	-79.986	-79.986	-79.986	-79.986	-79.986	-79.986	-79.986	-79.986	-79.986	-79.986	-79.986	-79.986	-79.986	-79.986	-79.986	-79.986	-79.986	-79.986	-79.986	-79.986	-79.9861	-79.9862	-79.9863
0.465	-79.9984	-79.9935	-79.9905	-79.9886	-79.9875	-79.9869	-79.9865	-79.9862	-79.9861	-79.986	-79.986	-79.986	-79.9859	-79.9859	-79.9859	-79.9859	-79.9859	-79.9859	-79.9859	-79.9859	-79.9859	-79.9859	-79.9859	-79.9859	-79.9859	-79.9859	-79.9859	-79.9859	-79.9859	-79.9859	-79.9859	-79.9859	-79.9859	-79.9859	-79.9859	-79.9859	-79.9859	-79.9859	-79.9859	-79.9859	-79.9859	-79.9859	-79.9859	-79.986	-79.986	-79.986	-79.9861	-79.9863
0.47	-79.9984	-79.9935	-79.9905	-79.9886	-79.9875	-79.9868	-79.9864	-79.9862	-79.9861	-79.986	-79.9859	-79.9859	-79.9859	-79.9859	-79.9859	-79.9859	-79.9859	-79.9859	-79.9859	-79.9859	-79.9859	-79.9859	-79.9859	-79.9859	-79.9859	-79.9859	-79.9859	-79.9859	-79.9859	-79.9859	-79.9859	-79.9859	-79.9859	-79.9859	-79.9859	-79.9859	-79.9859	-79.9859	-79.9859	-79.9859	-79.9859	-79.9859	-79.9859	-79.9859	-79.986	-79.986	-79.9861	-79.9862
0.475	-79.9984	-79.9935	-79.9904	-79.9886	-79.9875	-79.9868	-79.9864	-79.9862	-79.986	-79.9859	-79.9859	-79.9859	-79.9859	-79.9858	-79.9858	-79.9858	-79.9858	-79.9858	-79.9858	-79.9858	-79.9858	-79.9858	-79.9858	-79.9858	-79.9858	-79.9858	-79.9858	-79.9858	-79.9858	-79.9858	-79.9858	-79.9858	-79.9858	-79.9858	-79.9858	-79.9858	-79.9858	-79.9858	-79.9858	-79.9858	-79.9858	-79.9858	-79.9859	-79.9859	-79.9859	-79.986	-79.9861	-79.9862
0.48	-79.9984	-79.9935	-79.9904	-79.9886	-79.9874	-79.9868	-79.9864	-79.9861	-79.986	-79.9859	-79.9859	-79.9858	-79.9858	-79.9858	-79.9858	-79.9858	-79.9858	-79.9858	-79.9858	-79.9858	-79.9858	-79.9858	-79.9858	-79.9858	-79.9858	-79.9858	-79.9858	-79.9858	-79.9858	-79.9858	-79.9858	-79.9858	-79.9858	-79.9858	-79.9858	-79.9858	-79.9858	-79.9858	-79.9858	-79.9858	-79.9858	-79.9858	-79.9858	-79.9858	-79.9859	-79.9859	-79.986	-79.9862
0.485	-79.9984	-79.9934	-79.9904	-79.9885	-79.9874	-79.9867	-79.9863	-79.9861	-79.9859	-79.9859	-79.9858	-79.9858	-79.9858	-79.9858	-79.9858	-79.9857	-79.9857	-79.9857	-79.9857	-79.9857	-79.9857	-79.9857	-79.9857	-79.9857	-79.9857	-79.9857	-79.9857	-79.9857	-79.9857	-79.9857	-79.9857	-79.9857	-79.9857	-79.9857	-79.9857	-79.9857	-79.9857	-79.9857	-79.9857	-79.9858	-79.9858	-79.9858	-79.9858	-79.9858	-79.9858	-79.9859	-79.986	-79.9861
0.49	-79.9984	-79.9934	-79.9904	-79.9885	-79.9874	-79.9867	-79.9863	-79.986	-79.9859	-79.9858	-79.9858	-79.9857	-79.9857	-79.9857	-79.9857	-79.9857	-79.9857	-79.9857	-79.9857	-79.9857	-79.9857	-79.9857	-79.9857	-79.9857	-79.9857	-79.9857	-79.9857	-79.9857	-79.9857	-79.9857	-79.9857	-79.9857	-79.9857	-79.9857	-79.9857	-79.9857	-79.9857	-79.9857	-79.9857	-79.9857	-79.9857	-79.9857	-79.9857	-79.9858	-79.9858	-79.9858	-79.9859	-79.9861
0.495	-79.9984	-79.9934	-79.9904	-79.9885	-79.9874	-79.9867	-79.9863	-79.986	-79.9859	-79.9858	-79.9857	-79.9857	-79.9857	-79.9857	-79.9857	-79.9857	-79.9857	-79.9857	-79.9857	-79.9857	-79.9857	-79.9857	-79.9857	-79.9857	-79.9857	-79.9857	-79.9857	-79.9857	-79.9857	-79.9857	-79.9857	-79.9857	-79.9857	-79.9857	-79.9857	-79.9857	-79.9857	-79.9857	-79.9857	-79.9857	-79.9857	-79.9857	-79.9857	-79.9857	-79.9857	-79.9858	-79.9859	-79.986
0.5	-79.9984	-79.9934	-79.9903	-79.9885	-79.9873	-79.9866	-79.9862	-79.986	-79.9858	-79.9857	-79.9857	-79.9857	-79.9856	-79.9856	-79.9856	-79.9856	-79.9856	-79.9856	-79.9856	-79.9856	-79.9856	-79.9856	-79.9856	-79.9856	-79.9856	-79.9856	-79.9856	-79.9856	-79.9856	-79.9856	-79.9856	-79.9856	-79.9856	-79.9856	-79.9856	-79.9856	-79.9856	-79.9856	-79.9856	-79.9856	-79.9856	-79.9856	-79.9856	-79.9857	-79.9857	-79.9858	-79.9858	-79.986
0.505	-79.9984	-79.9934	-79.9903	-79.9884	-79.9873	-79.9866	-79.9862	-79.9859	-79.9858	-79.9857	-79.9856	-79.9856	-79.9856	-79.9856	-79.9856	-79.9856	-79.9856	-79.9856	-79.9856	-79.9856	-79.9856	-79.9856	-79.9856	-79.9856	-79.9856	-79.9856	-79.9856	-79.9856	-79.9856	-79.9856	-79.9856	-79.9856	-79.9856	-79.9856	-79.9856	-79.9856	-79.9856	-79.9856	-79.9856	-79.9856	-79.9856	-79.9856	-79.9856	-79.9856	-79.9857	-79.9857	-79.9858	-79.9859
0.51	-79.9984	-79.9934	-79.9903	-79.9884	-79.9873	-79.9866	-79.9861	-79.9859	-79.9857	-79.9857	-79.9856	-79.9856	-79.9856	-79.9856	-79.9855	-79.9855	-79.9855	-79.9855	-79.9855	-79.9855	-79.9855	-79.9855	-79.9855	-79.9855	-79.9855	-79.9855	-79.9855	-79.9855	-79.9855	-79.9855	-79.9855	-79.9855	-79.9855	-79.9855	-79.9855	-79.9855	-79.9855	-79.9855	-79.9855	-79.9855	-79.9855	-79.9856	-79.9856	-79.9856	-79.9856	-79.9857	-79.9858	-79.9859
0.515	-79.9984	-79.9934	-79.9903	-79.9884	-79.9872	-79.9865	-79.9861	-79.9859	-79.9857	-79.9856	-79.9856	-79.9855	-79.9855	-79.9855	-79.9855	-79.9855	-79.9855	-79.9855	-79.9855	-79.9855	-79.9855	-79.9855	-79.9855	-79.9855	-79.9855	-79.9855	-79.9855	-79.9855	-79.9855	-79.9855	-79.9855	-79.9855	-79.9855	-79.9855	-79.9855	-79.9855	-79.9855	-79.9855	-79.9855	-79.9855	-79.9855	-79.9855	-79.9855	-79.9855	-79.9856	-79.9856	-79.9857	-79.9859
0.52	-79.9984	-79.9934	-79.9903	-79.9884	-79.9872	-79.9865	-79.9861	-79.9858	-79.9857	-79.9856	-79.9855	-79.9855	-79.9855	-79.9855	-79.9855	-79.9855	-79.9855	-79.9855	-79.9855	-79.9855	-79.9855	-79.9855	-79.9855	-79.9855	-79.9855	-79.9855	-79.9855	-79.9855	-79.9855	-79.9855	-79.9855	-79.9855	-79.9855	-79.9855	-79.9855	-79.9855	-79.9855	-79.9855	-79.9855	-79.9855	-79.9855	-79.9855	-79.9855	-79.9855	-79.9855	-79.9856	-79.9857	-79.9858
0.525	-79.9984	-79.9934	-79.9902	-79.9883	-79.9872	-79.9865	-79.986	-79.9858	-79.9856	-79.9855	-79.9855	-79.9855	-79.9854	-79.9854	-79.9854	-79.9854	-79.9854	-79.9854	-79.9854	-79.9854	-79.9854	-79.9854	-79.9854	-79.9854	-79.9854	-79.9854	-79.9854	-79.9854	-79.9854	-79.9854	-79.9854	-79.9854	-79.9854	-79.9854	-79.9854	-79.9854	-79.9854	-79.9854	-79.9854	-79.9854	-79.9854	-79.9854	-79.9855	-79.9855	-79.9855	-79.9856	-79.9856	-79.9858
0.53	-79.9984	-79.9933	-79.9902	-79.9883	-79.9871	-79.9864	-79.986	-79.9857	-79.9856	-79.9855	-79.9855	-79.9854	-79.9854	-79.9854	-79.9854	-79.9854	-79.9854	-79.9854	-79.9854	-79.9854	-79.9854	-79.9854	-79.9854	-79.9854	-79.9854	-79.9854	-79.9854	-79.9854	-79.9854	-79.9854	-79.9854	-79.9854	-79.9854	-79.9854	-79.9854	-79.9854	-79.9854	-79.9854	-79.9854	-79.9854	-79.9854	-79.9854	-79.9854	-79.9854	-79.9855	-79.9855	-79.9856	-79.9858
0.535	-79.9984	-79.9933	-79.9902	-79.9883	-79.9871	-79.9864	-79.986	-79.9857	-79.9856	-79.9855	-79.9854	-79.9854	-79.9854	-79.9854	-79.9854	-79.9853	-79.9853	-79.9853	-79.9853	-79.9853	-79.9853	-79.9853	-79.9853	-79.9853	-79.9853	-79.9853	-79.9853	-79.9853	-79.9853	-79.9853	-79.9853	-79.9853	-79.9853	-79.9853	-79.9853	-79.9853	-79.9853	-79.9853	-79.9853	-79.9854	-79.9854	-79.9854	-79.9854	-79.9854	-79.9854	-79.9855	-79.9856	-79.9857
0.54	-79.9984	-79.9933	-79.9902	-79.9883	-79.9871	-79.9864	-79.9859	-79.9857	-79.9855	-79.9854	-79.9854	-79.9853	-79.9853	-79.9853	-79.9853	-79.9853	-79.9853	-79.9853	-79.9853	-79.9853	-79.9853	-79.9853	-79.9853	-79.9853	-79.9853	-79.9853	-79.9853	-79.9853	-79.9853	-79.9853	-79.9853	-79.9853	-79.9853	-79.9853	-79.9853	-79.9853	-79.9853	-79.9853	-79.9853	-79.9853	-79.9853	-79.9853	-79.9853	-79.9854	-79.9854	-79.9854	-79.9855	-79.9857
0.545	-79.9984	-79.9933	-79.9902	-79.9882	-79.9871	-79.9863	-79.9859	-79.9856	-79.9855	-79.9854	-79.9853	-79.9853	-79.9853	-79.9853	-79.9853	-79.9853	-79.9853	-79.9853	-79.9853	-79.9853	-79.9853	-79.9853	-79.9853	-79.9853	-79.9853	-79.9853	-79.9853	-79.9853	-79.9853	-79.9853	-79.9853	-79.9853	-79.9853	-79.9853	-79.9853	-79.9853	-79.9853	-79.9853	-79.9853	-79.9853	-79.9853	-79.9853	-79.9853	-79.9853	-79.9854	-79.9854	-79.9855	-79.9856
0.55	-79.9984	-79.9933	-79.9902	-79.9882	-79.987	-79.9863	-79.9859	-79.9856	-79.9855	-79.9854	-79.9853	-79.9853	-79.9853	-79.9852	-79.9852	-79.9852	-79.9852	-79.9852	-79.9852	-79.9852	-79.9852	-79.9852	-79.9852	-79.9852	-79.9852	-79.9852	-79.9852	-79.9852	-79.9852	-79.9852	-79.9852	-79.9852	-79.9852	-79.9852	-79.9852	-79.9852	-79.9852	-79.9852	-79.9852	-79.9852	-79.9852	-79.9852	-79.9853	-79.9853	-79.9853	-79.9854	-79.9855	-79.9856
0.555	-79.9984	-79.9933	-79.9901	-79.9882	-79.987	-79.9863	-79.9858	-79.9856	-79.9854	-79.9853	-79.9853	-79.9852	-79.9852	-79.9852	-79.9852	-79.9852	-79.9852	-79.9852	-79.9852	-79.9852	-79.9852	-79.9852	-79.9852	-79.9852	-79.9852	-79.9852	-79.9852	-79.9852	-79.9852	-79.9852	-79.9852	-79.9852	-79.9852	-79.9852	-79.9852	-79.9852	-79.9852	-79.9852	-79.9852	-79.9852	-79.9852	-79.9852	-79.9852	-79.9852	-79.9853	-79.9853	-79.9854	-79.9856
0.56	-79.9984	-79.9933	-79.9901	-79.9882	-79.987	-79.9862	-79.9858	-79.9855	-79.9854	-79.9853	-79.9852	-79.9852	-79.9852	-79.9852	-79.9852	-79.9852	-79.9852	-79.9852	-79.9852	-79.9852	-79.9852	-79.9852	-79.9852	-79.9852	-79.9852	-79.9852	-79.9852	-79.9852	-79.9852	-79.9852	-79.9852	-79.9852	-79.9852	-79.9852	-79.9852	-79.9852	-79.9852	-79.9852	-79.9852	-79.9852	-79.9852	-79.9852	-79.9852	-79.9852	-79.9852	-79.9853	-79.9854	-79.9855
0.565	-79.9984	-79.9933	-79.9901	-79.9881	-79.9869	-79.9862	-79.9858	-79.9855	-79.9853	-79.9852	-79.9852	-79.9852	-79.9851	-79.9851	-79.9851	-79.9851	-79.9851	-79.9851	-79.9851	-79.9851	-79.9851	-79.9851	-79.9851	-79.9851	-79.9851	-79.9851	-79.9851	-79.9851	-79.9851	-79.9851	-79.9851	-79.9851	-79.9851	-79.9851	-79.9851	-79.9851	-79.9851	-79.9851	-79.9851	-79.9851	-79.9851	-79.9851	-79.9851	-79.9852	-79.9852	-79.9853	-79.9854	-79.9855
0.57	-79.9984	-79.9933	-79.9901	-79.9881	-79.9869	-79.9862	-79.9857	-79.9855	-79.9853	-79.9852	-79.9852	-79.9851	-79.9851	-79.9851	-79.9851	-79.9851	-79.9851	-79.9851	-79.9851	-79.9851	-79.9851	-79.9851	-79.9851	-79.9851	-79.9851	-79.9851	-79.9851	-79.9851	-79.9851	-79.9851	-79.9851	-79.9851	-79.9851	-79.9851	-79.9851	-79.9851	-79.9851	-79.9851	-79.9851	-79.9851	-79.9851	-79.9851	-79.9851	-79.9851	-79.9852	-79.9852	-79.9853	-79.9855
0.575	-79.9984	-79.9933	-79.9901	-79.9881	-79.9869	-79.9862	-79.9857	-79.9854	-79.9853	-79.9852	-79.9851	-79.9851	-79.9851	-79.9851	-79.985	-79.985	-79.985	-79.985	-79.985	-79.985	-79.985	-79.985	-79.985	-79.985	-79.985	-79.985	-79.985	-79.985	-79.985	-79.985	-79.985	-79.985	-79.985	-79.985	-79.985	-79.985	-79.985	-79.985	-79.985	-79.985	-79.9851	-79.9851	-79.9851	-79.9851	-79.9851	-79.9852	-79.9853	-79.9854
0.58	-79.9984	-79.9933	-79.9901	-79.9881	-79.9869	-79.9861	-79.9857	-79.9854	-79.9852	-79.9851	-79.9851	-79.985	-79.985	-79.985	-79.985	-79.985	-79.985	-79.985	-79.985	-79.985	-79.985	-79.985	-79.985	-79.985	-79.985	-79.985	-79.985	-79.985	-79.985	-79.985	-79.985	-79.985	-79.985	-79.985	-79.985	-79.985	-79.985	-79.985	-79.985	-79.985	-79.985	-79.985	-79.985	-79.9851	-79.9851	-79.9851	-79.9852	-79.9854
0.585	-79.9984	-79.9932	-79.99	-79.9881	-79.9868	-79.9861	-79.9856	-79.9854	-79.9852	-79.9851	-79.985	-79.985	-79.985	-79.985	-79.985	-79.985	-79.985	-79.985	-79.985	-79.985	-79.985	-79.985	-79.985	-79.985	-79.985	-79.985	-79.985	-79.985	-79.985	-79.985	-79.985	-79.985	-79.985	-79.985	-79.985	-79.985	-79.985	-79.985	-79.985	-79.985	-79.985	-79.985	-79.985	-79.985	-79.9851	-79.9851	-79.9852	-79.9854
0.59	-79.9984	-79.9932	-79.99	-79.988	-79.9868	-79.9861	-79.9856	-79.9853	-79.9852	-79.9851	-79.985	-79.985	-79.985	-79.9849	-79.9849	-79.9849	-79.9849	-79.9849	-79.9849	-79.9849	-79.9849	-79.9849	-79.9849	-79.9849	-79.9849	-79.9849	-79.9849	-79.9849	-79.9849	-79.9849	-79.9849	-79.9849	-79.9849	-79.9849	-79.9849	-79.9849	-79.9849	-79.9849	-79.9849	-79.9849	-79.9849	-79.9849	-79.985	-79.985	-79.985	-79.9851	-79.9852	-79.9853
0.595	-79.9984	-79.9932	-79.99	-79.988	-79.9868	-79.986	-79.9856	-79.9853	-79.9851	-79.985	-79.985	-79.9849	-79.9849	-79.9849	-79.9849	-79.9849	-79.9849	-79.9849	-79.9849	-79.9849	-79.9849	-79.9849	-79.9849	-79.9849	-79.9849	-79.9849	-79.9849	-79.9849	-79.9849	-79.9849	-79.9849	-79.9849	-79.9849	-79.9849	-79.9849	-79.9849	-79.9849	-79.9849	-79.9849	-79.9849	-79.9849	-79.9849	-79.9849	-79.9849	-79.985	-79.985	-79.9851	-79.9853
0.6	-79.9984	-79.9932	-79.99	-79.988	-79.9868	-79.986	-79.9855	-79.9853	-79.9851	-79.985	-79.9849	-79.9849	-79.9849	-79.9849	-79.9849	-79.9849	-79.9849	-79.9849	-79.9849	-79.9849	-79.9849	-79.9849	-79.9849	-79.9849	-79.9849	-79.9849	-79.9849	-79.9849	-79.9849	-79.9849	-79.9849	-79.9849	-79.9849	-79.9849	-79.9849	-79.9849	-79.9849	-79.9849	-79.9849	-79.9849	-79.9849	-79.9849	-79.9849	-79.9849	-79.9849	-79.985	-79.9851	-79.9853
0.605	-79.9984	-79.9932	-79.99	-79.988	-79.9867	-79.986	-79.9855	-79.9852	-79.9851	-79.985	-79.9849	-79.9849	-79.9848	-79.9848	-79.9848	-79.9848	-79.9848	-79.9848	-79.9848	-79.9848	-79.9848	-79.9848	-79.9848	-79.9848	-79.9848	-79.9848	-79.9848	-79.9848	-79.9848	-79.9848	-79.9848	-79.9848	-79.9848	-79.9848	-79.9848	-79.9848	-79.9848	-79.9848	-79.9848	-79.9848	-79.9848	-79.9848	-79.9849	-79.9849	-79.9849	-79.985	-79.9851	-79.9852
0.61	-79.9984	-79.9932	-79.99	-79.9879	-79.9867	-79.9859	-79.9855	-79.9852	-79.985	-79.9849	-79.9849	-79.9848	-79.9848	-79.9848	-79.9848	-79.9848	-79.9848	-79.9848	-79.9848	-79.9848	-79.9848	-79.9848	-79.9848	-79.9848	-79.9848	-79.9848	-79.9848	-79.9848	-79.9848	-79.9848	-79.9848	-79.9848	-79.9848	-79.9848	-79.9848	-79.9848	-79.9848	-79.9848	-79.9848	-79.9848	-79.9848	-79.9848	-79.9848	-79.9848	-79.9849	-79.9849	-79.985	-79.9852
0.615	-79.9984	-79.9932	-79.9899	-79.9879	-79.9867	-79.9859	-79.9855	-79.9852	-79.985	-79.9849	-79.9848	-79.9848	-79.9848	-79.9848	-79.9848	-79.9848	-79.9848	-79.9847	-79.9847	-79.9847	-79.9847	-79.9847	-79.9847	-79.9847	-79.9847	-79.9847	-79.9847	-79.9847	-79.9847	-79.9847	-79.9847	-79.9847	-79.9847	-79.9847	-79.9847	-79.9847	-79.9847	-79.9847	-79.9848	-79.9848	-79.9848	-79.9848	-79.9848	-79.9848	-79.9848	-79.9849	-79.985	-79.9851
0.62	-79.9984	-79.9932	-79.9899	-79.9879	-79.9867	-79.9859	-79.9854	-79.9851	-79.985	-79.9849	-79.9848	-79.9848	-79.9847	-79.9847	-79.9847	-79.9847	-79.9847	-79.9847	-79.9847	-79.9847	-79.9847	-79.9847	-79.9847	-79.9847	-79.9847	-79.9847	-79.9847	-79.9847	-79.9847	-79.9847	-79.9847	-79.9847	-79.9847	-79.9847	-79.9847	-79.9847	-79.9847	-79.9847	-79.9847	-79.9847	-79.9847	-79.9847	-79.9847	-79.9848	-79.9848	-79.9849	-79.985	-79.9851
0.625	-79.9984	-79.9932	-79.9899	-79.9879	-79.9866	-79.9859	-79.9854	-79.9851	-79.9849	-79.9848	-79.9848	-79.9847	-79.9847	-79.9847	-79.9847	-79.9847	-79.9847	-79.9847	-79.9847	-79.9847	-79.9847	-79.9847	-79.9847	-79.9847	-79.9847	-79.9847	-79.9847	-79.9847	-79.9847	-79.9847	-79.9847	-79.9847	-79.9847	-79.9847	-79.9847	-79.9847	-79.9847	-79.9847	-79.9847	-79.9847	-79.9847	-79.9847	-79.9847	-79.9847	-79.9848	-79.9848	-79.9849	-79.9851
0.63	-79.9984	-79.9932	-79.9899	-79.9879	-79.9866	-79.9858	-79.9854	-79.9851	-79.9849	-79.9848	-79.9847	-79.9847	-79.9847	-79.9847	-79.9847	-79.9846	-79.9846	-79.9846	-79.9846	-79.9846	-79.9846	-79.9846	-79.9846	-79.9846	-79.9846	-79.9846	-79.9846	-79.9846	-79.9846	-79.9846	-79.9846	-79.9846	-79.9846	-79.9846	-79.9846	-79.9846	-79.9846	-79.9846	-79.9846	-79.9846	-79.9847	-79.9847	-79.9847	-79.9847	-79.9847	-79.9848	-79.9849	-79.985
0.635	-79.9984	-79.9932	-79.9899	-79.9878	-79.9866	-79.9858	-79.9853	-79.985	-79.9849	-79.9848	-79.9847	-79.9847	-79.9846	-79.9846	-79.9846	-79.9846	-79.9846	-79.9846	-79.9846	-79.9846	-79.9846	-79.9846	-79.9846	-79.9846	-79.9846	-79.9846	-79.9846	-79.9846	-79.9846	-79.9846	-79.9846	-79.9846	-79.9846	-79.9846	-79.9846	-79.9846	-79.9846	-79.9846	-79.9846	-79.9846	-79.9846	-79.9846	-79.9846	-79.9847	-79.9847	-79.9848	-79.9849	-79.985
0.64	-79.9984	-79.9931	-79.9899	-79.9878	-79.9865	-79.9858	-79.9853	-79.985	-79.9848	-79.9847	-79.9847	-79.9846	-79.9846	-79.9846	-79.9846	-79.9846	-79.9846	-79.9846	-79.9846	-79.9846	-79.9846	-79.9846	-79.9846	-79.9846	-79.9846	-79.9846	-79.9846	-79.9846	-79.9846	-79.9846	-79.9846	-79.9846	-79.9846	-79.9846	-79.9846	-79.9846	-79.9846	-79.9846	-79.9846	-79.9846	-79.9846	-79.9846	-79.9846	-79.9846	-79.9847	-79.9847	-79.9848	-79.985
0.645	-79.9984	-79.9931	-79.9898	-79.9878	-79.9865	-79.9857	-79.9853	-79.985	-79.9848	-79.9847	-79.9846	-79.9846	-79.9846	-79.9846	-79.9846	-79.9846	-79.9845	-79.9845	-79.9845	-79.9845	-79.9845	-79.9845	-79.9845	-79.9845	-79.9845	-79.9845	-79.9845	-79.9845	-79.9845	-79.9845	-79.9845	-79.9845	-79.9845	-79.9845	-79.9845	-79.9845	-79.9845	-79.9845	-79.9845	-79.9846	-79.9846	-79.9846	-79.9846	-79.9846	-79.9846	-79.9847	-79.9848	-79.9849
0.65	-79.9984	-79.9931	-79.9898	-79.9878	-79.9865	-79.9857	-79.9852	-79.9849	-79.9848	-79.9847	-79.9846	-79.9846	-79.9845	-79.9845	-79.9845	-79.9845	-79.9845	-79.9845	-79.9845	-79.9845	-79.9845	-79.9845	-79.9845	-79.9845	-79.9845	-79.9845	-79.9845	-79.9845	-79.9845	-79.9845	-79.9845	-79.9845	-79.9845	-79.9845	-79.9845	-79.9845	-79.9845	-79.9845	-79.9845	-79.9845	-79.9845	-79.9845	-79.9845	-79.9846	-79.9846	-79.9847	-79.9848	-79.9849
0.655	-79.9984	-79.9931	-79.9898	-79.9878	-79.9865	-79.9857	-79.9852	-79.9849	-79.9847	-79.9846	-79.9846	-79.9845	-79.9845	-79.9845	-79.9845	-79.9845	-79.9845	-79.9845	-79.9845	-79.9845	-79.9845	-79.9845	-79.9845	-79.9845	-79.9845	-79.9845	-79.9845	-79.9845	-79.9845	-79.9845	-79.9845	-79.9845	-79.9845	-79.9845	-79.9845	-79.9845	-79.9845	-79.9845	-79.9845	-79.9845	-79.9845	-79.9845	-79.9845	-79.9845	-79.9846	-79.9846	-79.9847	-79.9849
0.66	-79.9984	-79.9931	-79.9898	-79.9877	-79.9865	-79.9857	-79.9852	-79.9849	-79.9847	-79.9846	-79.9845	-79.9845	-79.9845	-79.9845	-79.9845	-79.9844	-79.9844	-79.9844	-79.9844	-79.9844	-79.9844	-79.9844	-79.9844	-79.9844	-79.9844	-79.9844	-79.9844	-79.9844	-79.9844	-79.9844	-79.9844	-79.9844	-79.9844	-79.9844	-79.9844	-79.9844	-79.9844	-79.9844	-79.9844	-79.9845	-79.9845	-79.9845	-79.9845	-79.9845	-79.9845	-79.9846	-79.9847	-79.9848
0.665	-79.9984	-79.9931	-79.9898	-79.9877	-79.9864	-79.9856	-79.9852	-79.9849	-79.9847	-79.9846	-79.9845	-79.9845	-79.9844	-79.9844	-79.9844	-79.9844	-79.9844	-79.9844	-79.9844	-79.9844	-79.9844	-79.9844	-79.9844	-79.9844	-79.9844	-79.9844	-79.9844	-79.9844	-79.9844	-79.9844	-79.9844	-79.9844	-79.9844	-79.9844	-79.9844	-79.9844	-79.9844	-79.9844	-79.9844	-79.9844	-79.9844	-79.9844	-79.9844	-79.9845	-79.9845	-79.9846	-79.9847	-79.9848
0.67	-79.9984	-79.9931	-79.9898	-79.9877	-79.9864	-79.9856	-79.9851	-79.9848	-79.9846	-79.9845	-79.9845	-79.9844	-79.9844	-79.9844	-79.9844	-79.9844	-79.9844	-79.9844	-79.9844	-79.9844	-79.9844	-79.9844	-79.9844	-79.9844	-79.9844	-79.9844	-79.9844	-79.9844	-79.9844	-79.9844	-79.9844	-79.9844	-79.9844	-79.9844	-79.9844	-79.9844	-79.9844	-79.9844	-79.9844	-79.9844	-79.9844	-79.9844	-79.9844	-79.9844	-79.9845	-79.9845	-79.9846	-79.9848
0.675	-79.9984	-79.9931	-79.9898	-79.9877	-79.9864	-79.9856	-79.9851	-79.9848	-79.9846	-79.9845	-79.9844	-79.9844	-79.9844	-79.9844	-79.9844	-79.9843	-79.9843	-79.9843	-79.9843	-79.9843	-79.9843	-79.9843	-79.9843	-79.9843	-79.9843	-79.9843	-79.9843	-79.9843	-79.9843	-79.9843	-79.9843	-79.9843	-79.9843	-79.9843	-79.9843	-79.9843	-79.9843	-79.9843	-79.9843	-79.9843	-79.9844	-79.9844	-79.9844	-79.9844	-79.9844	-79.9845	-79.9846	-79.9847
0.68	-79.9984	-79.9931	-79.9897	-79.9877	-79.9864	-79.9856	-79.9851	-79.9848	-79.9846	-79.9845	-79.9844	-79.9844	-79.9843	-79.9843	-79.9843	-79.9843	-79.9843	-79.9843	-79.9843	-79.9843	-79.9843	-79.9843	-79.9843	-79.9843	-79.9843	-79.9843	-79.9843	-79.9843	-79.9843	-79.9843	-79.9843	-79.9843	-79.9843	-79.9843	-79.9843	-79.9843	-79.9843	-79.9843	-79.9843	-79.9843	-79.9843	-79.9843	-79.9843	-79.9844	-79.9844	-79.9845	-79.9846	-79.9847
0.685	-79.9984	-79.9931	-79.9897	-79.9876	-79.9863	-79.9855	-79.985	-79.9847	-79.9846	-79.9844	-79.9844	-79.9843	-79.9843	-79.9843	-79.9843	-79.9843	-79.9843	-79.9843	-79.9843	-79.9843	-79.9843	-79.9843	-79.9843	-79.9843	-79.9843	-79.9843	-79.9843	-79.9843	-79.9843	-79.9843	-79.9843	-79.9843	-79.9843	-79.9843	-79.9843	-79.9843	-79.9843	-79.9843	-79.9843	-79.9843	-79.9843	-79.9843	-79.9843	-79.9843	-79.9844	-79.9844	-79.9845	-79.9847
0.69	-79.9984	-79.9931	-79.9897	-79.9876	-79.9863	-79.9855	-79.985	-79.9847	-79.9845	-79.9844	-79.9843	-79.9843	-79.9843	-79.9843	-79.9843	-79.9842	-79.9842	-79.9842	-79.9842	-79.9842	-79.9842	-79.9842	-79.9842	-79.9842	-79.9842	-79.9842	-79.9842	-79.9842	-79.9842	-79.9842	-79.9842	-79.9842	-79.9842	-79.9842	-79.9842	-79.9842	-79.9842	-79.9842	-79.9842	-79.9843	-79.9843	-79.9843	-79.9843	-79.9843	-79.9843	-79.9844	-79.9845	-79.9847
0.695	-79.9984	-79.9931	-79.9897	-79.9876	-79.9863	-79.9855	-79.985	-79.9847	-79.9845	-79.9844	-79.9843	-79.9843	-79.9842	-79.9842	-79.9842	-79.9842	-79.9842	-79.9842	-79.9842	-79.9842	-79.9842	-79.9842	-79.9842	-79.9842	-79.9842	-79.9842	-79.9842	-79.9842	-79.9842	-79.9842	-79.9842	-79.9842	-79.9842	-79.9842	-79.9842	-79.9842	-79.9842	-79.9842	-79.9842	-79.9842	-79.9842	-79.9842	-79.9842	-79.9843	-79.9843	-79.9844	-79.9845	-79.9846
0.7	-79.9984	-79.9931	-79.9897	-79.9876	-79.9863	-79.9855	-79.9849	-79.9846	-79.9845	-79.9843	-79.9843	-79.9842	-79.9842	-79.9842	-79.9842	-79.9842	-79.9842	-79.9842	-79.9842	-79.9842	-79.9842	-79.9842	-79.9842	-79.9842	-79.9842	-79.9842	-79.9842	-79.9842	-79.9842	-79.9842	-79.9842	-79.9842	-79.9842	-79.9842	-79.9842	-79.9842	-79.9842	-79.9842	-79.9842	-79.9842	-79.9842	-79.9842	-79.9842	-79.9842	-79.9843	-79.9843	-79.9844	-79.9846
0.705	-79.9984	-79.993	-79.9897	-79.9876	-79.9862	-79.9854	-79.9849	-79.9846	-79.9844	-79.9843	-79.9842	-79.9842	-79.9842	-79.9842	-79.9842	-79.9842	-79.9841	-79.9841	-79.9841	-79.9841	-79.9841	-79.9841	-79.9841	-79.9841	-79.9841	-79.9841	-79.9841	-79.9841	-79.9841	-79.9841	-79.9841	-79.9841	-79.9841	-79.9841	-79.9841	-79.9841	-79.9841	-79.9841	-79.9841	-79.9842	-79.9842	-79.9842	-79.9842	-79.9842	-79.9842	-79.9843	-79.9844	-79.9846
0.71	-79.9984	-79.993	-79.9897	-79.9875	-79.9862	-79.9854	-79.9849	-79.9846	-79.9844	-79.9843	-79.9842	-79.9842	-79.9841	-79.9841	-79.9841	-79.9841	-79.9841	-79.9841	-79.9841	-79.9841	-79.9841	-79.9841	-79.9841	-79.9841	-79.9841	-79.9841	-79.9841	-79.9841	-79.9841	-79.9841	-79.9841	-79.9841	-79.9841	-79.9841	-79.9841	-79.9841	-79.9841	-79.9841	-79.9841	-79.9841	-79.9841	-79.9841	-79.9841	-79.9842	-79.9842	-79.9843	-79.9844	-79.9845
0.715	-79.9984	-79.993	-79.9896	-79.9875	-79.9862	-79.9854	-79.9849	-79.9846	-79.9844	-79.9843	-79.9842	-79.9841	-79.9841	-79.9841	-79.9841	-79.9841	-79.9841	-79.9841	-79.9841	-79.9841	-79.9841	-79.9841	-79.9841	-79.9841	-79.9841	-79.9841	-79.9841	-79.9841	-79.9841	-79.9841	-79.9841	-79.9841	-79.9841	-79.9841	-79.9841	-79.9841	-79.9841	-79.9841	-79.9841	-79.9841	-79.9841	-79.9841	-79.9841	-79.9841	-79.9842	-79.9842	-79.9843	-79.9845
0.72	-79.9984	-79.993	-79.9896	-79.9875	-79.9862	-79.9853	-79.9848	-79.9845	-79.9843	-79.9842	-79.9842	-79.9841	-79.9841	-79.9841	-79.9841	-79.9841	-79.9841	-79.9841	-79.984	-79.984	-79.984	-79.984	-79.984	-79.984	-79.984	-79.984	-79.984	-79.984	-79.984	-79.984	-79.984	-79.984	-79.984	-79.984	-79.984	-79.984	-79.984	-79.9841	-79.9841	-79.9841	-79.9841	-79.9841	-79.9841	-79.9841	-79.9841	-79.9842	-79.9843	-79.9845
0.725	-79.9984	-79.993	-79.9896	-79.9875	-79.9861	-79.9853	-79.9848	-79.9845	-79.9843	-79.9842	-79.9841	-79.9841	-79.9841	-79.984	-79.984	-79.984	-79.984	-79.984	-79.984	-79.984	-79.984	-79.984	-79.984	-79.984	-79.984	-79.984	-79.984	-79.984	-79.984	-79.984	-79.984	-79.984	-79.984	-79.984	-79.984	-79.984	-79.984	-79.984	-79.984	-79.984	-79.984	-79.984	-79.9841	-79.9841	-79.9841	-79.9842	-79.9843	-79.9844
0.73	-79.9984	-79.993	-79.9896	-79.9875	-79.9861	-79.9853	-79.9848	-79.9845	-79.9843	-79.9842	-79.9841	-79.984	-79.984	-79.984	-79.984	-79.984	-79.984	-79.984	-79.984	-79.984	-79.984	-79.984	-79.984	-79.984	-79.984	-79.984	-79.984	-79.984	-79.984	-79.984	-79.984	-79.984	-79.984	-79.984	-79.984	-79.984	-79.984	-79.984	-79.984	-79.984	-79.984	-79.984	-79.984	-79.984	-79.9841	-79.9842	-79.9843	-79.9844
0.735	-79.9984	-79.993	-79.9896	-79.9874	-79.9861	-79.9853	-79.9848	-79.9844	-79.9842	-79.9841	-79.9841	-79.984	-79.984	-79.984	-79.984	-79.984	-79.984	-79.984	-79.984	-79.984	-79.984	-79.984	-79.984	-79.984	-79.984	-79.984	-79.984	-79.984	-79.984	-79.984	-79.984	-79.984	-79.984	-79.984	-79.984	-79.984	-79.984	-79.984	-79.984	-79.984	-79.984	-79.984	-79.984	-79.984	-79.9841	-79.9841	-79.9842	-79.9844
0.74	-79.9984	-79.993	-79.9896	-79.9874	-79.9861	-79.9852	-79.9847	-79.9844	-79.9842	-79.9841	-79.984	-79.984	-79.984	-79.9839	-79.9839	-79.9839	-79.9839	-79.9839	-79.9839	-79.9839	-79.9839	-79.9839	-79.9839	-79.9839	-79.9839	-79.9839	-79.9839	-79.9839	-79.9839	-79.9839	-79.9839	-79.9839	-79.9839	-79.9839	-79.9839	-79.9839	-79.9839	-79.9839	-79.9839	-79.9839	-79.9839	-79.9839	-79.984	-79.984	-79.984	-79.9841	-79.9842	-79.9844
0.745	-79.9984	-79.993	-79.9896	-79.9874	-79.9861	-79.9852	-79.9847	-79.9844	-79.9842	-79.9841	-79.984	-79.984	-79.9839	-79.9839	-79.9839	-79.9839	-79.9839	-79.9839	-79.9839	-79.9839	-79.9839	-79.9839	-79.9839	-79.9839	-79.9839	-79.9839	-79.9839	-79.9839	-79.9839	-79.9839	-79.9839	-79.9839	-79.9839	-79.9839	-79.9839	-79.9839	-79.9839	-79.9839	-79.9839	-79.9839	-79.9839	-79.9839	-79.9839	-79.984	-79.984	-79.9841	-79.9842	-79.9843
0.75	-79.9984	-79.993	-79.9895	-79.9874	-79.986	-79.9852	-79.9847	-79.9844	-79.9842	-79.984	-79.984	-79.9839	-79.9839	-79.9839	-79.9839	-79.9839	-79.9839	-79.9839	-79.9839	-79.9839	-79.9839	-79.9839	-79.9839	-79.9839	-79.9839	-79.9839	-79.9839	-79.9839	-79.9839	-79.9839	-79.9839	-79.9839	-79.9839	-79.9839	-79.9839	-79.9839	-79.9839	-79.9839	-79.9839	-79.9839	-79.9839	-79.9839	-79.9839	-79.9839	-79.984	-79.984	-79.9841	-79.9843
0.755	-79.9984	-79.993	-79.9895	-79.9874	-79.986	-79.9852	-79.9846	-79.9843	-79.9841	-79.984	-79.9839	-79.9839	-79.9839	-79.9839	-79.9838	-79.9838	-79.9838	-79.9838	-79.9838	-79.9838	-79.9838	-79.9838	-79.9838	-79.9838	-79.9838	-79.9838	-79.9838	-79.9838	-79.9838	-79.9838	-79.9838	-79.9838	-79.9838	-79.9838	-79.9838	-79.9838	-79.9838	-79.9838	-79.9838	-79.9838	-79.9838	-79.9839	-79.9839	-79.9839	-79.9839	-79.984	-79.9841	-79.9843
0.76	-79.9984	-79.993	-79.9895	-79.9874	-79.986	-79.9851	-79.9846	-79.9843	-79.9841	-79.984	-79.9839	-79.9839	-79.9838	-79.9838	-79.9838	-79.9838	-79.9838	-79.9838	-79.9838	-79.9838	-79.9838	-79.9838	-79.9838	-79.9838	-79.9838	-79.9838	-79.9838	-79.9838	-79.9838	-79.9838	-79.9838	-79.9838	-79.9838	-79.9838	-79.9838	-79.9838	-79.9838	-79.9838	-79.9838	-79.9838	-79.9838	-79.9838	-79.9838	-79.9839	-79.9839	-79.984	-79.9841	-79.9842
0.765	-79.9984	-79.993	-79.9895	-79.9873	-79.986	-79.9851	-79.9846	-79.9843	-79.9841	-79.984	-79.9839	-79.9838	-79.9838	-79.9838	-79.9838	-79.9838	-79.9838	-79.9838	-79.9838	-79.9838	-79.9838	-79.9838	-79.9838	-79.9838	-79.9838	-79.9838	-79.9838	-79.9838	-79.9838	-79.9838	-79.9838	-79.9838	-79.9838	-79.9838	-79.9838	-79.9838	-79.9838	-79.9838	-79.9838	-79.9838	-79.9838	-79.9838	-79.9838	-79.9838	-79.9839	-79.9839	-79.984	-79.9842
0.77	-79.9984	-79.993	-79.9895	-79.9873	-79.9859	-79.9851	-79.9846	-79.9842	-79.984	-79.9839	-79.9838	-79.9838	-79.9838	-79.9838	-79.9837	-79.9837	-79.9837	-79.9837	-79.9837	-79.9837	-79.9837	-79.9837	-79.9837	-79.9837	-79.9837	-79.9837	-79.9837	-79.9837	-79.9837	-79.9837	-79.9837	-79.9837	-79.9837	-79.9837	-79.9837	-79.9837	-79.9837	-79.9837	-79.9837	-79.9837	-79.9838	-79.9838	-79.9838	-79.9838	-79.9838	-79.9839	-79.984	-79.9842
0.775	-79.9984	-79.9929	-79.9895	-79.9873	-79.9859	-79.9851	-79.9845	-79.9842	-79.984	-79.9839	-79.9838	-79.9838	-79.9837	-79.9837	-79.9837	-79.9837	-79.9837	-79.9837	-79.9837	-79.9837	-79.9837	-79.9837	-79.9837	-79.9837	-79.9837	-79.9837	-79.9837	-79.9837	-79.9837	-79.9837	-79.9837	-79.9837	-79.9837	-79.9837	-79.9837	-79.9837	-79.9837	-79.9837	-79.9837	-79.9837	-79.9837	-79.9837	-79.9837	-79.9838	-79.9838	-79.9839	-79.984	-79.9841
0.78	-79.9984	-79.9929	-79.9895	-79.9873	-79.9859	-79.9851	-79.9845	-79.9842	-79.984	-79.9839	-79.9838	-79.9837	-79.9837	-79.9837	-79.9837	-79.9837	-79.9837	-79.9837	-79.9837	-79.9837	-79.9837	-79.9837	-79.9837	-79.9837	-79.9837	-79.9837	-79.9837	-79.9837	-79.9837	-79.9837	-79.9837	-79.9837	-79.9837	-79.9837	-79.9837	-79.9837	-79.9837	-79.9837	-79.9837	-79.9837	-79.9837	-79.9837	-79.9837	-79.9837	-79.9838	-79.9838	-79.984	-79.9841
0.785	-79.9984	-79.9929	-79.9895	-79.9873	-79.9859	-79.985	-79.9845	-79.9842	-79.984	-79.9838	-79.9838	-79.9837	-79.9837	-79.9837	-79.9837	-79.9837	-79.9837	-79.9837	-79.9837	-79.9837	-79.9837	-79.9837	-79.9837	-79.9837	-79.9837	-79.9837	-79.9837	-79.9837	-79.9837	-79.9837	-79.9837	-79.9837	-79.9837	-79.9837	-79.9837	-79.9837	-79.9837	-79.9837	-79.9837	-79.9837	-79.9837	-79.9837	-79.9837	-79.9837	-79.9838	-79.9838	-79.9839	-79.9841
0.79	-79.9984	-79.9929	-79.9894	-79.9872	-79.9859	-79.985	-79.9845	-79.9841	-79.9839	-79.9838	-79.9837	-79.9837	-79.9837	-79.9836	-79.9836	-79.9836	-79.9836	-79.9836	-79.9836	-79.9836	-79.9836	-79.9836	-79.9836	-79.9836	-79.9836	-79.9836	-79.9836	-79.9836	-79.9836	-79.9836	-79.9836	-79.9836	-79.9836	-79.9836	-79.9836	-79.9836	-79.9836	-79.9836	-79.9836	-79.9836	-79.9836	-79.9836	-79.9837	-79.9837	-79.9837	-79.9838	-79.9839	-79.9841
0.795	-79.9984	-79.9929	-79.9894	-79.9872	-79.9858	-79.985	-79.9844	-79.9841	-79.9839	-79.9838	-79.9837	-79.9837	-79.9836	-79.9836	-79.9836	-79.9836	-79.9836	-79.9836	-79.9836	-79.9836	-79.9836	-79.9836	-79.9836	-79.9836	-79.9836	-79.9836	-79.9836	-79.9836	-79.9836	-79.9836	-79.9836	-79.9836	-79.9836	-79.9836	-79.9836	-79.9836	-79.9836	-79.9836	-79.9836	-79.9836	-79.9836	-79.9836	-79.9836	-79.9837	-79.9837	-79.9838	-79.9839	-79.984
0.8	-79.9984	-79.9929	-79.9894	-79.9872	-79.9858	-79.985	-79.9844	-79.9841	-79.9839	-79.9837	-79.9837	-79.9836	-79.9836	-79.9836	-79.9836	-79.9836	-79.9836	-79.9836	-79.9836	-79.9836	-79.9836	-79.9836	-79.9836	-79.9836	-79.9836	-79.9836	-79.9836	-79.9836	-79.9836	-79.9836	-79.9836	-79.9836	-79.9836	-79.9836	-79.9836	-79.9836	-79.9836	-79.9836	-79.9836	-79.9836	-79.9836	-79.9836	-79.9836	-79.9836	-79.9837	-79.9837	-79.9838	-79.984
0.805	-79.9984	-79.9929	-79.9894	-79.9872	-79.9858	-79.9849	-79.9844	-79.9841	-79.9838	-79.9837	-79.9837	-79.9836	-79.9836	-79.9836	-79.9835	-79.9835	-79.9835	-79.9835	-79.9835	-79.9835	-79.9835	-79.9835	-79.9835	-79.9835	-79.9835	-79.9835	-79.9835	-79.9835	-79.9835	-79.9835	-79.9835	-79.9835	-79.9835	-79.9835	-79.9835	-79.9835	-79.9835	-79.9835	-79.9835	-79.9835	-79.9835	-79.9836	-79.9836	-79.9836	-79.9836	-79.9837	-79.9838	-79.984
0.81	-79.9984	-79.9929	-79.9894	-79.9872	-79.9858	-79.9849	-79.9844	-79.984	-79.9838	-79.9837	-79.9836	-79.9836	-79.9835	-79.9835	-79.9835	-79.9835	-79.9835	-79.9835	-79.9835	-79.9835	-79.9835	-79.9835	-79.9835	-79.9835	-79.9835	-79.9835	-79.9835	-79.9835	-79.9835	-79.9835	-79.9835	-79.9835	-79.9835	-79.9835	-79.9835	-79.9835	-79.9835	-79.9835	-79.9835	-79.9835	-79.9835	-79.9835	-79.9835	-79.9836	-79.9836	-79.9837	-79.9838	-79.9839
0.815	-79.9984	-79.9929	-79.9894	-79.9872	-79.9858	-79.9849	-79.9843	-79.984	-79.9838	-79.9837	-79.9836	-79.9835	-79.9835	-79.9835	-79.9835	-79.9835	-79.9835	-79.9835	-79.9835	-79.9835	-79.9835	-79.9835	-79.9835	-79.9835	-79.9835	-79.9835	-79.9835	-79.9835	-79.9835	-79.9835	-79.9835	-79.9835	-79.9835	-79.9835	-79.9835	-79.9835	-79.9835	-79.9835	-79.9835	-79.9835	-79.9835	-79.9835	-79.9835	-79.9835	-79.9836	-79.9837	-79.9837	-79.9839
0.82	-79.9984	-79.9929	-79.9894	-79.9871	-79.9857	-79.9849	-79.9843	-79.984	-79.9838	-79.9836	-79.9836	-79.9835	-79.9835	-79.9835	-79.9835	-79.9835	-79.9835	-79.9834	-79.9834	-79.9834	-79.9834	-79.9834	-79.9834	-79.9834	-79.9834	-79.9834	-79.9834	-79.9834	-79.9834	-79.9834	-79.9834	-79.9834	-79.9834	-79.9834	-79.9834	-79.9834	-79.9834	-79.9834	-79.9835	-79.9835	-79.9835	-79.9835	-79.9835	-79.9835	-79.9836	-79.9836	-79.9837	-79.9839
0.825	-79.9984	-79.9929	-79.9893	-79.9871	-79.9857	-79.9848	-79.9843	-79.9839	-79.9837	-79.9836	-79.9835	-79.9835	-79.9835	-79.9834	-79.9834	-79.9834	-79.9834	-79.9834	-79.9834	-79.9834	-79.9834	-79.9834	-79.9834	-79.9834	-79.9834	-79.9834	-79.9834	-79.9834	-79.9834	-79.9834	-79.9834	-79.9834	-79.9834	-79.9834	-79.9834	-79.9834	-79.9834	-79.9834	-79.9834	-79.9834	-79.9834	-79.9834	-79.9835	-79.9835	-79.9835	-79.9836	-79.9837	-79.9839
0.83	-79.9984	-79.9929	-79.9893	-79.9871	-79.9857	-79.9848	-79.9843	-79.9839	-79.9837	-79.9836	-79.9835	-79.9835	-79.9834	-79.9834	-79.9834	-79.9834	-79.9834	-79.9834	-79.9834	-79.9834	-79.9834	-79.9834	-79.9834	-79.9834	-79.9834	-79.9834	-79.9834	-79.9834	-79.9834	-79.9834	-79.9834	-79.9834	-79.9834	-79.9834	-79.9834	-79.9834	-79.9834	-79.9834	-79.9834	-79.9834	-79.9834	-79.9834	-79.9834	-79.9835	-79.9835	-79.9836	-79.9837	-79.9838
0.835	-79.9984	-79.9929	-79.9893	-79.9871	-79.9857	-79.9848	-79.9842	-79.9839	-79.9837	-79.9836	-79.9835	-79.9834	-79.9834	-79.9834	-79.9834	-79.9834	-79.9834	-79.9834	-79.9834	-79.9834	-79.9834	-79.9834	-79.9834	-79.9834	-79.9834	-79.9834	-79.9834	-79.9834	-79.9834	-79.9834	-79.9834	-79.9834	-79.9834	-79.9834	-79.9834	-79.9834	-79.9834	-79.9834	-79.9834	-79.9834	-79.9834	-79.9834	-79.9834	-79.9834	-79.9835	-79.9835	-79.9836	-79.9838
0.84	-79.9984	-79.9929	-79.9893	-79.9871	-79.9857	-79.9848	-79.9842	-79.9839	-79.9837	-79.9835	-79.9835	-79.9834	-79.9834	-79.9834	-79.9833	-79.9833	-79.9833	-79.9833	-79.9833	-79.9833	-79.9833	-79.9833	-79.9833	-79.9833	-79.9833	-79.9833	-79.9833	-79.9833	-79.9833	-79.9833	-79.9833	-79.9833	-79.9833	-79.9833	-79.9833	-79.9833	-79.9833	-79.9833	-79.9833	-79.9833	-79.9833	-79.9834	-79.9834	-79.9834	-79.9834	-79.9835	-79.9836	-79.9838
0.845	-79.9984	-79.9928	-79.9893	-79.9871	-79.9856	-79.9847	-79.9842	-79.9838	-79.9836	-79.9835	-79.9834	-79.9834	-79.9833	-79.9833	-79.9833	-79.9833	-79.9833	-79.9833	-79.9833	-79.9833	-79.9833	-79.9833	-79.9833	-79.9833	-79.9833	-79.9833	-79.9833	-79.9833	-79.9833	-79.9833	-79.9833	-79.9833	-79.9833	-79.9833	-79.9833	-79.9833	-79.9833	-79.9833	-79.9833	-79.9833	-79.9833	-79.9833	-79.9833	-79.9834	-79.9834	-79.9835	-79.9836	-79.9837
0.85	-79.9984	-79.9928	-79.9893	-79.987	-79.9856	-79.9847	-79.9842	-79.9838	-79.9836	-79.9835	-79.9834	-79.9833	-79.9833	-79.9833	-79.9833	-79.9833	-79.9833	-79.9833	-79.9833	-79.9833	-79.9833	-79.9833	-79.9833	-79.9833	-79.9833	-79.9833	-79.9833	-79.9833	-79.9833	-79.9833	-79.9833	-79.9833	-79.9833	-79.9833	-79.9833	-79.9833	-79.9833	-79.9833	-79.9833	-79.9833	-79.9833	-79.9833	-79.9833	-79.9833	-79.9834	-79.9835	-79.9836	-79.9837
0.855	-79.9984	-79.9928	-79.9893	-79.987	-79.9856	-79.9847	-79.9841	-79.9838	-79.9836	-79.9835	-79.9834	-79.9833	-79.9833	-79.9833	-79.9833	-79.9833	-79.9832	-79.9832	-79.9832	-79.9832	-79.9832	-79.9832	-79.9832	-79.9832	-79.9832	-79.9832	-79.9832	-79.9832	-79.9832	-79.9832	-79.9832	-79.9832	-79.9832	-79.9832	-79.9832	-79.9832	-79.9832	-79.9832	-79.9833	-79.9833	-79.9833	-79.9833	-79.9833	-79.9833	-79.9834	-79.9834	-79.9835	-79.9837
0.86	-79.9984	-79.9928	-79.9893	-79.987	-79.9856	-79.9847	-79.9841	-79.9838	-79.9836	-79.9834	-79.9833	-79.9833	-79.9833	-79.9832	-79.9832	-79.9832	-79.9832	-79.9832	-79.9832	-79.9832	-79.9832	-79.9832	-79.9832	-79.9832	-79.9832	-79.9832	-79.9832	-79.9832	-79.9832	-79.9832	-79.9832	-79.9832	-79.9832	-79.9832	-79.9832	-79.9832	-79.9832	-79.9832	-79.9832	-79.9832	-79.9832	-79.9832	-79.9833	-79.9833	-79.9833	-79.9834	-79.9835	-79.9837
0.865	-79.9984	-79.9928	-79.9893	-79.987	-79.9856	-79.9847	-79.9841	-79.9837	-79.9835	-79.9834	-79.9833	-79.9833	-79.9832	-79.9832	-79.9832	-79.9832	-79.9832	-79.9832	-79.9832	-79.9832	-79.9832	-79.9832	-79.9832	-79.9832	-79.9832	-79.9832	-79.9832	-79.9832	-79.9832	-79.9832	-79.9832	-79.9832	-79.9832	-79.9832	-79.9832	-79.9832	-79.9832	-79.9832	-79.9832	-79.9832	-79.9832	-79.9832	-79.9832	-79.9833	-79.9833	-79.9834	-79.9835	-79.9836
0.87	-79.9984	-79.9928	-79.9892	-79.987	-79.9855	-79.9846	-79.9841	-79.9837	-79.9835	-79.9834	-79.9833	-79.9832	-79.9832	-79.9832	-79.9832	-79.9832	-79.9832	-79.9832	-79.9832	-79.9832	-79.9832	-79.9832	-79.9832	-79.9832	-79.9832	-79.9832	-79.9832	-79.9832	-79.9832	-79.9832	-79.9832	-79.9832	-79.9832	-79.9832	-79.9832	-79.9832	-79.9832	-79.9832	-79.9832	-79.9832	-79.9832	-79.9832	-79.9832	-79.9832	-79.9833	-79.9833	-79.9834	-79.9836
0.875	-79.9984	-79.9928	-79.9892	-79.987	-79.9855	-79.9846	-79.984	-79.9837	-79.9835	-79.9833	-79.9833	-79.9832	-79.9832	-79.9832	-79.9831	-79.9831	-79.9831	-79.9831	-79.9831	-79.9831	-79.9831	-79.9831	-79.9831	-79.9831	-79.9831	-79.9831	-79.9831	-79.9831	-79.9831	-79.9831	-79.9831	-79.9831	-79.9831	-79.9831	-79.9831	-79.9831	-79.9831	-79.9831	-79.9831	-79.9831	-79.9831	-79.9832	-79.9832	-79.9832	-79.9832	-79.9833	-79.9834	-79.9836
0.88	-79.9984	-79.9928	-79.9892	-79.9869	-79.9855	-79.9846	-79.984	-79.9837	-79.9835	-79.9833	-79.9832	-79.9832	-79.9832	-79.9831	-79.9831	-79.9831	-79.9831	-79.9831	-79.9831	-79.9831	-79.9831	-79.9831	-79.9831	-79.9831	-79.9831	-79.9831	-79.9831	-79.9831	-79.9831	-79.9831	-79.9831	-79.9831	-79.9831	-79.9831	-79.9831	-79.9831	-79.9831	-79.9831	-79.9831	-79.9831	-79.9831	-79.9831	-79.9831	-79.9832	-79.9832	-79.9833	-79.9834	-79.9836
0.885	-79.9984	-79.9928	-79.9892	-79.9869	-79.9855	-79.9846	-79.984	-79.9836	-79.9834	-79.9833	-79.9832	-79.9832	-79.9831	-79.9831	-79.9831	-79.9831	-79.9831	-79.9831	-79.9831	-79.9831	-79.9831	-79.9831	-79.9831	-79.9831	-79.9831	-79.9831	-79.9831	-79.9831	-79.9831	-79.9831	-79.9831	-79.9831	-79.9831	-79.9831	-79.9831	-79.9831	-79.9831	-79.9831	-79.9831	-79.9831	-79.9831	-79.9831	-79.9831	-79.9831	-79.9832	-79.9833	-79.9834	-79.9835
0.89	-79.9984	-79.9928	-79.9892	-79.9869	-79.9855	-79.9846	-79.984	-79.9836	-79.9834	-79.9833	-79.9832	-79.9831	-79.9831	-79.9831	-79.9831	-79.9831	-79.9831	-79.9831	-79.9831	-79.983	-79.983	-79.983	-79.983	-79.983	-79.983	-79.983	-79.983	-79.983	-79.983	-79.983	-79.983	-79.983	-79.983	-79.983	-79.983	-79.983	-79.9831	-79.9831	-79.9831	-79.9831	-79.9831	-79.9831	-79.9831	-79.9831	-79.9832	-79.9832	-79.9833	-79.9835
0.895	-79.9984	-79.9928	-79.9892	-79.9869	-79.9854	-79.9845	-79.984	-79.9836	-79.9834	-79.9832	-79.9832	-79.9831	-79.9831	-79.983	-79.983	-79.983	-79.983	-79.983	-79.983	-79.983	-79.983	-79.983	-79.983	-79.983	-79.983	-79.983	-79.983	-79.983	-79.983	-79.983	-79.983	-79.983	-79.983	-79.983	-79.983	-79.983	-79.983	-79.983	-79.983	-79.983	-79.983	-79.983	-79.9831	-79.9831	-79.9831	-79.9832	-79.9833	-79.9835
0.9	-79.9984	-79.9928	-79.9892	-79.9869	-79.9854	-79.9845	-79.9839	-79.9836	-79.9833	-79.9832	-79.9831	-79.9831	-79.983	-79.983	-79.983	-79.983	-79.983	-79.983	-79.983	-79.983	-79.983	-79.983	-79.983	-79.983	-79.983	-79.983	-79.983	-79.983	-79.983	-79.983	-79.983	-79.983	-79.983	-79.983	-79.983	-79.983	-79.983	-79.983	-79.983	-79.983	-79.983	-79.983	-79.983	-79.9831	-79.9831	-79.9832	-79.9833	-79.9835
0.905	-79.9984	-79.9928	-79.9892	-79.9869	-79.9854	-79.9845	-79.9839	-79.9835	-79.9833	-79.9832	-79.9831	-79.983	-79.983	-79.983	-79.983	-79.983	-79.983	-79.983	-79.983	-79.983	-79.983	-79.983	-79.983	-79.983	-79.983	-79.983	-79.983	-79.983	-79.983	-79.983	-79.983	-79.983	-79.983	-79.983	-79.983	-79.983	-79.983	-79.983	-79.983	-79.983	-79.983	-79.983	-79.983	-79.983	-79.9831	-79.9832	-79.9833	-79.9834
0.91	-79.9984	-79.9928	-79.9891	-79.9868	-79.9854	-79.9845	-79.9839	-79.9835	-79.9833	-79.9832	-79.9831	-79.983	-79.983	-79.983	-79.983	-79.9829	-79.9829	-79.9829	-79.9829	-79.9829	-79.9829	-79.9829	-79.9829	-79.9829	-79.9829	-79.9829	-79.9829	-79.9829	-79.9829	-79.9829	-79.9829	-79.9829	-79.9829	-79.9829	-79.9829	-79.9829	-79.9829	-79.9829	-79.9829	-79.9829	-79.983	-79.983	-79.983	-79.983	-79.9831	-79.9831	-79.9832	-79.9834
0.915	-79.9984	-79.9928	-79.9891	-79.9868	-79.9854	-79.9844	-79.9839	-79.9835	-79.9833	-79.9831	-79.983	-79.983	-79.983	-79.9829	-79.9829	-79.9829	-79.9829	-79.9829	-79.9829	-79.9829	-79.9829	-79.9829	-79.9829	-79.9829	-79.9829	-79.9829	-79.9829	-79.9829	-79.9829	-79.9829	-79.9829	-79.9829	-79.9829	-79.9829	-79.9829	-79.9829	-79.9829	-79.9829	-79.9829	-79.9829	-79.9829	-79.9829	-79.983	-79.983	-79.983	-79.9831	-79.9832	-79.9834
0.92	-79.9984	-79.9928	-79.9891	-79.9868	-79.9853	-79.9844	-79.9838	-79.9835	-79.9832	-79.9831	-79.983	-79.983	-79.9829	-79.9829	-79.9829	-79.9829	-79.9829	-79.9829	-79.9829	-79.9829	-79.9829	-79.9829	-79.9829	-79.9829	-79.9829	-79.9829	-79.9829	-79.9829	-79.9829	-79.9829	-79.9829	-79.9829	-79.9829	-79.9829	-79.9829	-79.9829	-79.9829	-79.9829	-79.9829	-79.9829	-79.9829	-79.9829	-79.9829	-79.983	-79.983	-79.9831	-79.9832	-79.9834
0.925	-79.9984	-79.9927	-79.9891	-79.9868	-79.9853	-79.9844	-79.9838	-79.9835	-79.9832	-79.9831	-79.983	-79.9829	-79.9829	-79.9829	-79.9829	-79.9829	-79.9829	-79.9829	-79.9829	-79.9829	-79.9829	-79.9829	-79.9829	-79.9829	-79.9829	-79.9829	-79.9829	-79.9829	-79.9829	-79.9829	-79.9829	-79.9829	-79.9829	-79.9829	-79.9829	-79.9829	-79.9829	-79.9829	-79.9829	-79.9829	-79.9829	-79.9829	-79.9829	-79.9829	-79.983	-79.983	-79.9832	-79.9833
0.93	-79.9984	-79.9927	-79.9891	-79.9868	-79.9853	-79.9844	-79.9838	-79.9834	-79.9832	-79.9831	-79.983	-79.9829	-79.9829	-79.9829	-79.9828	-79.9828	-79.9828	-79.9828	-79.9828	-79.9828	-79.9828	-79.9828	-79.9828	-79.9828	-79.9828	-79.9828	-79.9828	-79.9828	-79.9828	-79.9828	-79.9828	-79.9828	-79.9828	-79.9828	-79.9828	-79.9828	-79.9828	-79.9828	-79.9828	-79.9828	-79.9828	-79.9829	-79.9829	-79.9829	-79.9829	-79.983	-79.9831	-79.9833
0.935	-79.9984	-79.9927	-79.9891	-79.9868	-79.9853	-79.9844	-79.9838	-79.9834	-79.9832	-79.983	-79.9829	-79.9829	-79.9829	-79.9828	-79.9828	-79.9828	-79.9828	-79.9828	-79.9828	-79.9828	-79.9828	-79.9828	-79.9828	-79.9828	-79.9828	-79.9828	-79.9828	-79.9828	-79.9828	-79.9828	-79.9828	-79.9828	-79.9828	-79.9828	-79.9828	-79.9828	-79.9828	-79.9828	-79.9828	-79.9828	-79.9828	-79.9828	-79.9829	-79.9829	-79.9829	-79.983	-79.9831	-79.9833
0.94	-79.9984	-79.9927	-79.9891	-79.9867	-79.9853	-79.9843	-79.9837	-79.9834	-79.9831	-79.983	-79.9829	-79.9829	-79.9828	-79.9828	-79.9828	-79.9828	-79.9828	-79.9828	-79.9828	-79.9828	-79.9828	-79.9828	-79.9828	-79.9828	-79.9828	-79.9828	-79.9828	-79.9828	-79.9828	-79.9828	-79.9828	-79.9828	-79.9828	-79.9828	-79.9828	-79.9828	-79.9828	-79.9828	-79.9828	-79.9828	-79.9828	-79.9828	-79.9828	-79.9829	-79.9829	-79.983	-79.9831	-79.9833
0.945	-79.9984	-79.9927	-79.9891	-79.9867	-79.9853	-79.9843	-79.9837	-79.9834	-79.9831	-79.983	-79.9829	-79.9828	-79.9828	-79.9828	-79.9828	-79.9828	-79.9828	-79.9828	-79.9828	-79.9828	-79.9828	-79.9828	-79.9828	-79.9828	-79.9828	-79.9828	-79.9828	-79.9828	-79.9828	-79.9828	-79.9828	-79.9828	-79.9828	-79.9828	-79.9828	-79.9828	-79.9828	-79.9828	-79.9828	-79.9828	-79.9828	-79.9828	-79.9828	-79.9828	-79.9829	-79.9829	-79.9831	-79.9832
0.95	-79.9984	-79.9927	-79.9891	-79.9867	-79.9852	-79.9843	-79.9837	-79.9833	-79.9831	-79.983	-79.9829	-79.9828	-79.9828	-79.9828	-79.9827	-79.9827	-79.9827	-79.9827	-79.9827	-79.9827	-79.9827	-79.9827	-79.9827	-79.9827	-79.9827	-79.9827	-79.9827	-79.9827	-79.9827	-79.9827	-79.9827	-79.9827	-79.9827	-79.9827	-79.9827	-79.9827	-79.9827	-79.9827	-79.9827	-79.9827	-79.9827	-79.9828	-79.9828	-79.9828	-79.9828	-79.9829	-79.983	-79.9832
0.955	-79.9984	-79.9927	-79.989	-79.9867	-79.9852	-79.9843	-79.9837	-79.9833	-79.9831	-79.9829	-79.9828	-79.9828	-79.9828	-79.9827	-79.9827	-79.9827	-79.9827	-79.9827	-79.9827	-79.9827	-79.9827	-79.9827	-79.9827	-79.9827	-79.9827	-79.9827	-79.9827	-79.9827	-79.9827	-79.9827	-79.9827	-79.9827	-79.9827	-79.9827	-79.9827	-79.9827	-79.9827	-79.9827	-79.9827	-79.9827	-79.9827	-79.9827	-79.9827	-79.9828	-79.9828	-79.9829	-79.983	-79.9832
0.96	-79.9984	-79.9927	-79.989	-79.9867	-79.9852	-79.9843	-79.9837	-79.9833	-79.983	-79.9829	-79.9828	-79.9828	-79.9827	-79.9827	-79.9827	-79.9827	-79.9827	-79.9827	-79.9827	-79.9827	-79.9827	-79.9827	-79.9827	-79.9827	-79.9827	-79.9827	-79.9827	-79.9827	-79.9827	-79.9827	-79.9827	-79.9827	-79.9827	-79.9827	-79.9827	-79.9827	-79.9827	-79.9827	-79.9827	-79.9827	-79.9827	-79.9827	-79.9827	-79.9827	-79.9828	-79.9829	-79.983	-79.9832
0.965	-79.9984	-79.9927	-79.989	-79.9867	-79.9852	-79.9842	-79.9836	-79.9833	-79.983	-79.9829	-79.9828	-79.9827	-79.9827	-79.9827	-79.9827	-79.9827	-79.9827	-79.9827	-79.9827	-79.9827	-79.9827	-79.9827	-79.9827	-79.9827	-79.9827	-79.9827	-79.9827	-79.9827	-79.9827	-79.9827	-79.9827	-79.9827	-79.9827	-79.9827	-79.9827	-79.9827	-79.9827	-79.9827	-79.9827	-79.9827	-79.9827	-79.9827	-79.9827	-79.9827	-79.9828	-79.9828	-79.983	-79.9831
0.97	-79.9984	-79.9927	-79.989	-79.9867	-79.9852	-79.9842	-79.9836	-79.9832	-79.983	-79.9829	-79.9828	-79.9827	-79.9827	-79.9827	-79.9826	-79.9826	-79.9826	-79.9826	-79.9826	-79.9826	-79.9826	-79.9826	-79.9826	-79.9826	-79.9826	-79.9826	-79.9826	-79.9826	-79.9826	-79.9826	-79.9826	-79.9826	-79.9826	-79.9826	-79.9826	-79.9826	-79.9826	-79.9826	-79.9826	-79.9826	-79.9826	-79.9827	-79.9827	-79.9827	-79.9827	-79.9828	-79.9829	-79.9831
0.975	-79.9984	-79.9927	-79.989	-79.9866	-79.9851	-79.9842	-79.9836	-79.9832	-79.983	-79.9828	-79.9827	-79.9827	-79.9827	-79.9826	-79.9826	-79.9826	-79.9826	-79.9826	-79.9826	-79.9826	-79.9826	-79.9826	-79.9826	-79.9826	-79.9826	-79.9826	-79.9826	-79.9826	-79.9826	-79.9826	-79.9826	-79.9826	-79.9826	-79.9826	-79.9826	-79.9826	-79.9826	-79.9826	-79.9826	-79.9826	-79.9826	-79.9826	-79.9826	-79.9827	-79.9827	-79.9828	-79.9829	-79.9831
0.98	-79.9984	-79.9927	-79.989	-79.9866	-79.9851	-79.9842	-79.9836	-79.9832	-79.983	-79.9828	-79.9827	-79.9827	-79.9826	-79.9826	-79.9826	-79.9826	-79.9826	-79.9826	-79.9826	-79.9826	-79.9826	-79.9826	-79.9826	-79.9826	-79.9826	-79.9826	-79.9826	-79.9826	-79.9826	-79.9826	-79.9826	-79.9826	-79.9826	-79.9826	-79.9826	-79.9826	-79.9826	-79.9826	-79.9826	-79.9826	-79.9826	-79.9826	-79.9826	-79.9827	-79.9827	-79.9828	-79.9829	-79.9831
0.985	-79.9984	-79.9927	-79.989	-79.9866	-79.9851	-79.9841	-79.9835	-79.9832	-79.9829	-79.9828	-79.9827	-79.9826	-79.9826	-79.9826	-79.9826	-79.9826	-79.9826	-79.9826	-79.9826	-79.9826	-79.9826	-79.9825	-79.9825	-79.9825	-79.9825	-79.9825	-79.9825	-79.9825	-79.9825	-79.9825	-79.9825	-79.9825	-79.9825	-79.9826	-79.9826	-79.9826	-79.9826	-79.9826	-79.9826	-79.9826	-79.9826	-79.9826	-79.9826	-79.9826	-79.9827	-79.9827	-79.9828	-79.983
0.99	-79.9984	-79.9927	-79.989	-79.9866	-79.9851	-79.9841	-79.9835	-79.9831	-79.9829	-79.9828	-79.9827	-79.9826	-79.9826	-79.9826	-79.9825	-79.9825	-79.9825	-79.9825	-79.9825	-79.9825	-79.9825	-79.9825	-79.9825	-79.9825	-79.9825	-79.9825	-79.9825	-79.9825	-79.9825	-79.9825	-79.9825	-79.9825	-79.9825	-79.9825	-79.9825	-79.9825	-79.9825	-79.9825	-79.9825	-79.9825	-79.9825	-79.9826	-79.9826	-79.9826	-79.9826	-79.9827	-79.9828	-79.983
0.995	-79.9984	-79.9927	-79.989	-79.9866	-79.9851	-79.9841	-79.9835	-79.9831	-79.9829	-79.9827	-79.9826	-79.9826	-79.9826	-79.9825	-79.9825	-79.9825	-79.9825	-79.9825	-79.9825	-79.9825	-79.9825	-79.9825	-79.9825	-79.9825	-79.9825	-79.9825	-79.9825	-79.9825	-79.9825	-79.9825	-79.9825	-79.9825	-79.9825	-79.9825	-79.9825	-79.9825	-79.9825	-79.9825	-79.9825	-79.9825	-79.9825	-79.9825	-79.9825	-79.9826	-79.9826	-79.9827	-79.9828	-79.983
1	-79.9984	-79.9927	-79.9889	-79.9866	-79.9851	-79.9841	-79.9835	-79.9831	-79.9829	-79.9827	-79.9826	-79.9826	-79.9825	-79.9825	-79.9825	-79.9825	-79.9825	-79.9825	-79.9825	-79.9825	-79.9825	-79.9825	-79.9825	-79.9825	-79.9825	-79.9825	-79.9825	-79.9825	-79.9825	-79.9825	-79.9825	-79.9825	-79.9825	-79.9825	-79.9825	-79.9825	-79.9825	-79.9825	-79.9825	-79.9825	-79.9825	-79.9825	-79.9825	-79.9826	-79.9826	-79.9827	-79.9828	-79.983
1.005	-13.333	-64.4844	-76.3813	-79.1473	-79.7898	-79.9387	-79.9729	-79.9806	-79.9823	-79.9826	-79.9826	-79.9825	-79.9825	-79.9825	-79.9825	-79.9825	-79.9825	-79.9825	-79.9824	-79.9824	-79.9824	-79.9824	-79.9824	-79.9824	-79.9824	-79.9824	-79.9824	-79.9824	-79.9824	-79.9824	-79.9824	-79.9824	-79.9824	-79.9824	-79.9824	-79.9824	-79.9824	-79.9825	-79.9825	-79.9825	-79.9825	-79.9825	-79.9825	-79.9825	-79.9826	-79.9826	-79.9828	-79.9829
1.01	-2.22219	-54.0351	-72.1243	-77.7323	-79.3618	-79.8161	-79.939	-79.9715	-79.9798	-79.9819	-79.9824	-79.9825	-79.9825	-79.9825	-79.9824	-79.9824	-79.9824	-79.9824	-79.9824	-79.9824	-79.9824	-79.9824	-79.9824	-79.9824	-79.9824	-79.9824	-79.9824	-79.9824	-79.9824	-79.9824	-79.9824	-79.9824	-79.9824	-79.9824	-79.9824	-79.9824	-79.9824	-79.9824	-79.9824	-79.9824	-79.9824	-79.9825	-79.9825	-79.9825	-79.9825	-79.9826	-79.9827	-79.9829
1.015	-0.370351	-48.3591	-68.6845	-76.2249	-78.7967	-79.6231	-79.8771	-79.9525	-79.9742	-79.9802	-79.9819	-79.9823	-79.9824	-79.9824	-79.9824	-79.9824	-79.9824	-79.9824	-79.9824	-79.9824	-79.9824	-79.9824	-79.9824	-79.9824	-79.9824	-79.9824	-79.9824	-79.9824	-79.9824	-79.9824	-79.9824	-79.9824	-79.9824	-79.9824	-79.9824	-79.9824	-79.9824	-79.9824	-79.9824	-79.9824	-79.9824	-79.9824	-79.9824	-79.9825	-79.9825	-79.9826	-79.9827	-79.9829
1.02	-0.0616843	-44.8366	-66.0912	-74.8577	-78.1936	-79.3856	-79.7907	-79.9228	-79.9644	-79.9771	-79.9809	-79.982	-79.9823	-79.9824	-79.9824	-79.9824	-79.9824	-79.9824	-79.9824	-79.9824	-79.9824	-79.9824	-79.9824	-79.9824	-79.9824	-79.9824	-79.9824	-79.9824	-79.9824	-79.9824	-79.9824	-79.9824	-79.9824	-79.9824	-79.9824	-79.9824	-79.9824	-79.9824	-79.9824	-79.9824	-79.9824	-79.9824	-79.9824	-79.9825	-79.9825	-79.9826	-79.9827	-79.9829
1.025	16.7023	-37.9986	-63.0734	-73.441	-77.5543	-79.1159	-79.6841	-79.883	-79.9502	-79.9723	-79.9793	-79.9815	-79.9821	-79.9823	-79.9823	-79.9824	-79.9824	-79.9824	-79.9823	-79.9823	-79.9823	-79.9823	-79.9823	-79.9823	-79.9823	-79.9823	-79.9823	-79.9823	-79.9823	-79.9823	-79.9823	-79.9823	-79.9823	-79.9823	-79.9823	-79.9823	-79.9823	-79.9824	-79.9824	-79.9824	-79.9824	-79.9824	-79.9824	-79.9824	-79.9825	-79.9825	-79.9827	-79.9828
1.03	22.3012	-30.8722	-59.7064	-71.8963	-76.8595	-78.8147	-79.5593	-79.8336	-79.9315	-79.9654	-79.9769	-79.9806	-79.9818	-79.9822	-79.9823	-79.9823	-79.9823	-79.9823	-79.9823	-79.9823	-79.9823	-79.9823	-79.9823	-79.9823	-79.9823	-79.9823	-79.9823	-79.9823	-79.9823	-79.9823	-79.9823	-79.9823	-79.9823	-79.9823	-79.9823	-79.9823	-79.9823	-79.9823	-79.9823	-79.9823	-79.9823	-79.9824	-79.9824	-79.9824	-79.9824	-79.9825	-79.9826	-79.9828
1.035	24.5859	-22.391	-55.7897	-70.1442	-76.0816	-78.4755	-79.4156	-79.7747	-79.9082	-79.9565	-79.9735	-79.9794	-79.9814	-79.982	-79.9822	-79.9823	-79.9823	-79.9823	-79.9823	-79.9823	-79.9823	-79.9823	-79.9823	-79.9823	-79.9823	-79.9823	-79.9823	-79.9823	-79.9823	-79.9823	-79.9823	-79.9823	-79.9823	-79.9823	-79.9823	-79.9823	-79.9823	-79.9823	-79.9823	-79.9823	-79.9823	-79.9823	-79.9823	-79.9824	-79.9824	-79.9825	-79.9826	-79.9828
1.04	26.4686	-10.9909	-50.7999	-68.0224	-75.1697	-78.0833	-79.2488	-79.7052	-79.88	-79.9454	-79.9692	-79.9778	-79.9808	-79.9818	-79.9821	-79.9822	-79.9823	-79.9823	-79.9823	-79.9823	-79.9823	-79.9823	-79.9823	-79.9823	-79.9823	-79.9823	-79.9823	-79.9823	-79.9823	-79.9823	-79.9823	-79.9823	-79.9823	-79.9823	-79.9823	-79.9823	-79.9823	-79.9823	-79.9823	-79.9823	-79.9823	-79.9823	-79.9823	-79.9824	-79.9824	-79.9825	-79.9826	-79.9828
1.045	28.732	2.30686	-44.5827	-65.4089	-74.0695	-77.6178	-79.0521	-79.6229	-79.8461	-79.9317	-79.9638	-79.9757	-79.98	-79.9815	-79.982	-79.9822	-79.9822	-79.9822	-79.9822	-79.9822	-79.9822	-79.9822	-79.9822	-79.9822	-79.9822	-79.9822	-79.9822	-79.9822	-79.9822	-79.9822	-79.9822	-79.9822	-79.9822	-79.9822	-79.9822	-79.9822	-79.9822	-79.9823	-79.9823	-79.9823	-79.9823	-79.9823	-79.9823	-79.9823	-79.9824	-79.9824	-79.9826	-79.9827
1.05	30.8144	12.8333	-37.815	-62.3913	-72.7734	-77.0669	-78.8193	-79.5253	-79.8055	-79.9151	-79.9572	-79.973	-79.9789	-79.9811	-79.9818	-79.9821	-79.9822	-79.9822	-79.9822	-79.9822	-79.9822	-79.9822	-79.9822	-79.9822	-79.9822	-79.9822	-79.9822	-79.9822	-79.9822	-79.9822	-79.9822	-79.9822	-79.9822	-79.9822	-79.9822	-79.9822	-79.9822	-79.9822	-79.9822	-79.9822	-79.9822	-79.9823	-79.9823	-79.9823	-79.9823	-79.9824	-79.9825	-79.9827
1.055	32.0562	18.3319	-30.7057	-59.0441	-71.2933	-76.427	-78.5462	-79.4098	-79.7573	-79.8951	-79.949	-79.9698	-79.9776	-79.9805	-79.9816	-79.982	-79.9821	-79.9822	-79.9822	-79.9822	-79.9822	-79.9822	-79.9822	-79.9822	-79.9822	-79.9822	-79.9822	-79.9822	-79.9822	-79.9822	-79.9822	-79.9822	-79.9822	-79.9822	-79.9822	-79.9822	-79.9822	-79.9822	-79.9822	-79.9822	-79.9822	-79.9822	-79.9822	-79.9823	-79.9823	-79.9824	-79.9825	-79.9827
1.06	32.5415	20.9145	-22.0871	-55.1001	-69.5697	-75.6817	-78.2266	-79.274	-79.7001	-79.8713	-79.9392	-79.9657	-79.976	-79.9799	-79.9813	-79.9819	-79.9821	-79.9821	-79.9822	-79.9822	-79.9822	-79.9822	-79.9822	-79.9822	-79.9822	-79.9822	-79.9822	-79.9822	-79.9822	-79.9822	-79.9822	-79.9822	-79.9822	-79.9822	-79.9822	-79.9822	-79.9822	-79.9822	-79.9822	-79.9822	-79.9822	-79.9822	-79.9822	-79.9823	-79.9823	-79.9824	-79.9825	-79.9827
1.065	32.6662	22.7392	-10.709	-50.0732	-67.4554	-74.7875	-77.8472	-79.1131	-79.6322	-79.8428	-79.9274	-79.9609	-79.974	-79.9791	-79.981	-79.9817	-79.982	-79.9821	-79.9821	-79.9821	-79.9821	-79.9821	-79.9821	-79.9821	-79.9821	-79.9821	-79.9821	-79.9821	-79.9821	-79.9821	-79.9821	-79.9821	-79.9821	-79.9821	-79.9821	-79.9821	-79.9822	-79.9822	-79.9822	-79.9822	-79.9822	-79.9822	-79.9822	-79.9822	-79.9823	-79.9824	-79.9825	-79.9826
1.07	32.7056	24.6005	2.21144	-43.8595	-64.8464	-73.6974	-77.3897	-78.9206	-79.5512	-79.8089	-79.9132	-79.955	-79.9716	-79.9781	-79.9806	-79.9816	-79.9819	-79.982	-79.9821	-79.9821	-79.9821	-79.9821	-79.9821	-79.9821	-79.9821	-79.9821	-79.9821	-79.9821	-79.9821	-79.9821	-79.9821	-79.9821	-79.9821	-79.9821	-79.9821	-79.9821	-79.9821	-79.9821	-79.9821	-79.9821	-79.9821	-79.9822	-79.9822	-79.9822	-79.9823	-79.9823	-79.9824	-79.9826
1.075	32.6799	26.1704	12.2491	-37.0752	-61.8237	-72.4053	-76.8434	-78.6904	-79.4544	-79.7682	-79.8962	-79.9479	-79.9687	-79.9769	-79.9801	-79.9813	-79.9818	-79.982	-79.9821	-79.9821	-79.9821	-79.9821	-79.9821	-79.9821	-79.9821	-79.9821	-79.9821	-79.9821	-79.9821	-79.9821	-79.9821	-79.9821	-79.9821	-79.9821	-79.9821	-79.9821	-79.9821	-79.9821	-79.9821	-79.9821	-79.9821	-79.9821	-79.9822	-79.9822	-79.9822	-79.9823	-79.9824	-79.9826
1.08	32.4943	27.0258	17.4956	-29.8	-58.4266	-70.9154	-76.2033	-78.4182	-79.3392	-79.7198	-79.8759	-79.9395	-79.9651	-79.9754	-79.9795	-79.9811	-79.9817	-79.9819	-79.982	-79.9821	-79.9821	-79.9821	-79.9821	-79.9821	-79.9821	-79.9821	-79.9821	-79.9821	-79.9821	-79.9821	-79.9821	-79.9821	-79.9821	-79.9821	-79.9821	-79.9821	-79.9821	-79.9821	-79.9821	-79.9821	-79.9821	-79.9821	-79.9821	-79.9822	-79.9822	-79.9823	-79.9824	-79.9826
1.085	32.1215	27.2736	20.0136	-20.852	-54.3632	-69.1583	-75.4498	-78.0968	-79.2029	-79.6621	-79.8516	-79.9293	-79.9609	-79.9736	-79.9787	-79.9808	-79.9816	-79.9819	-79.982	-79.982	-79.982	-79.982	-79.9821	-79.9821	-79.9821	-79.9821	-79.9821	-79.9821	-79.9821	-79.9821	-79.9821	-79.9821	-79.9821	-79.9821	-79.9821	-79.9821	-79.9821	-79.9821	-79.9821	-79.9821	-79.9821	-79.9821	-79.9821	-79.9821	-79.9822	-79.9823	-79.9824	-79.9826
1.09	31.6107	27.225	21.8312	-9.18619	-49.1746	-66.9878	-74.5381	-77.7122	-79.0403	-79.5935	-79.8227	-79.9172	-79.9558	-79.9715	-79.9779	-79.9804	-79.9814	-79.9818	-79.9819	-79.982	-79.982	-79.982	-79.982	-79.982	-79.982	-79.982	-79.982	-79.982	-79.982	-79.982	-79.982	-79.982	-79.982	-79.982	-79.982	-79.982	-79.982	-79.982	-79.982	-79.982	-79.982	-79.9821	-79.9821	-79.9821	-79.9822	-79.9822	-79.9824	-79.9825
1.095	31.0207	27.0784	23.6291	3.5181	-42.8541	-64.3224	-73.4256	-77.2466	-78.8449	-79.5113	-79.7882	-79.9026	-79.9497	-79.969	-79.9768	-79.9799	-79.9812	-79.9817	-79.9819	-79.982	-79.982	-79.982	-79.982	-79.982	-79.982	-79.982	-79.982	-79.982	-79.982	-79.982	-79.982	-79.982	-79.982	-79.982	-79.982	-79.982	-79.982	-79.982	-79.982	-79.982	-79.982	-79.982	-79.9821	-79.9821	-79.9821	-79.9822	-79.9823	-79.9825
1.1	30.373	26.8386	25.0407	12.8638	-36.0161	-61.2525	-72.1106	-76.6907	-78.6107	-79.4128	-79.7467	-79.8852	-79.9424	-79.9659	-79.9755	-79.9794	-79.9809	-79.9816	-79.9818	-79.9819	-79.982	-79.982	-79.982	-79.982	-79.982	-79.982	-79.982	-79.982	-79.982	-79.982	-79.982	-79.982	-79.982	-79.982	-79.982	-79.982	-79.982	-79.982	-79.982	-79.982	-79.982	-79.982	-79.982	-79.9821	-79.9821	-79.9822	-79.9823	-79.9825
1.105	29.6584	26.4436	25.7241	17.6089	-28.5519	-57.7757	-70.5894	-76.038	-78.3334	-79.2956	-79.6973	-79.8644	-79.9337	-79.9622	-79.974	-79.9787	-79.9807	-79.9814	-79.9818	-79.9819	-79.9819	-79.9819	-79.982	-79.982	-79.982	-79.982	-79.982	-79.982	-79.982	-79.982	-79.982	-79.982	-79.982	-79.982	-79.982	-79.982	-79.982	-79.982	-79.982	-79.982	-79.982	-79.982	-79.982	-79.982	-79.9821	-79.9822	-79.9823	-79.9825
1.11	28.8692	25.8892	25.8404	19.9592	-19.2012	-53.5575	-68.7785	-75.2652	-78.0048	-79.1563	-79.6385	-79.8396	-79.9232	-79.9578	-79.9721	-79.9779	-79.9803	-79.9813	-79.9817	-79.9818	-79.9819	-79.9819	-79.9819	-79.9819	-79.9819	-79.9819	-79.9819	-79.9819	-79.9819	-79.9819	-79.9819	-79.9819	-79.9819	-79.9819	-79.9819	-79.9819	-79.9819	-79.9819	-79.9819	-79.9819	-79.982	-79.982	-79.982	-79.982	-79.9821	-79.9821	-79.9823	-79.9824
1.115	28.0114	25.2201	25.6959	21.7649	-7.18089	-48.1678	-66.5311	-74.3252	-77.6096	-78.9897	-79.5682	-79.81	-79.9107	-79.9526	-79.9699	-79.977	-79.9799	-79.9811	-79.9816	-79.9818	-79.9819	-79.9819	-79.9819	-79.9819	-79.9819	-79.9819	-79.9819	-79.9819	-79.9819	-79.9819	-79.9819	-79.9819	-79.9819	-79.9819	-79.9819	-79.9819	-79.9819	-79.9819	-79.9819	-79.9819	-79.9819	-79.9819	-79.982	-79.982	-79.982	-79.9821	-79.9822	-79.9824
1.12	27.0975	24.4799	25.4592	23.5203	5.23643	-41.7236	-63.7935	-73.1808	-77.131	-78.789	-79.4838	-79.7745	-79.8958	-79.9463	-79.9672	-79.9759	-79.9794	-79.9809	-79.9815	-79.9817	-79.9818	-79.9819	-79.9819	-79.9819	-79.9819	-79.9819	-79.9819	-79.9819	-79.9819	-79.9819	-79.9819	-79.9819	-79.9819	-79.9819	-79.9819	-79.9819	-79.9819	-79.9819	-79.9819	-79.9819	-79.9819	-79.9819	-79.9819	-79.982	-79.982	-79.9821	-79.9822	-79.9824
1.125	26.1354	23.681	25.1146	24.7986	13.7729	-34.8213	-60.6643	-71.8347	-76.5609	-78.5488	-79.3828	-79.732	-79.8779	-79.9388	-79.9641	-79.9745	-79.9789	-79.9806	-79.9814	-79.9817	-79.9818	-79.9818	-79.9818	-79.9819	-79.9819	-79.9819	-79.9819	-79.9819	-79.9819	-79.9819	-79.9819	-79.9819	-79.9819	-79.9819	-79.9819	-79.9819	-79.9819	-79.9819	-79.9819	-79.9819	-79.9819	-79.9819	-79.9819	-79.9819	-79.982	-79.9821	-79.9822	-79.9824
1.13	25.1266	22.8176	24.607	25.3451	17.9687	-27.1303	-57.0913	-70.2737	-75.8913	-78.2642	-79.2624	-79.6812	-79.8565	-79.9298	-79.9603	-79.9729	-79.9782	-79.9803	-79.9812	-79.9816	-79.9817	-79.9818	-79.9818	-79.9818	-79.9818	-79.9818	-79.9818	-79.9818	-79.9818	-79.9818	-79.9818	-79.9818	-79.9818	-79.9818	-79.9818	-79.9818	-79.9818	-79.9818	-79.9818	-79.9819	-79.9819	-79.9819	-79.9819	-79.9819	-79.982	-79.982	-79.9822	-79.9823
1.135	24.0708	21.888	23.9444	25.3725	20.1477	-17.3272	-52.6954	-68.3988	-75.0943	-77.9261	-79.1193	-79.6207	-79.831	-79.919	-79.9557	-79.971	-79.9774	-79.98	-79.9811	-79.9815	-79.9817	-79.9818	-79.9818	-79.9818	-79.9818	-79.9818	-79.9818	-79.9818	-79.9818	-79.9818	-79.9818	-79.9818	-79.9818	-79.9818	-79.9818	-79.9818	-79.9818	-79.9818	-79.9818	-79.9818	-79.9818	-79.9818	-79.9819	-79.9819	-79.9819	-79.982	-79.9821	-79.9823
1.14	22.9697	20.8999	23.1752	25.1769	21.9465	-4.97888	-47.093	-66.066	-74.1215	-77.5181	-78.9476	-79.5484	-79.8005	-79.9061	-79.9503	-79.9687	-79.9764	-79.9796	-79.9809	-79.9814	-79.9816	-79.9817	-79.9818	-79.9818	-79.9818	-79.9818	-79.9818	-79.9818	-79.9818	-79.9818	-79.9818	-79.9818	-79.9818	-79.9818	-79.9818	-79.9818	-79.9818	-79.9818	-79.9818	-79.9818	-79.9818	-79.9818	-79.9818	-79.9819	-79.9819	-79.982	-79.9821	-79.9823
1.145	21.8271	19.8637	22.3388	24.8936	23.652	7.01566	-40.5354	-63.2536	-72.942	-77.0246	-78.7407	-79.4615	-79.764	-79.8908	-79.9438	-79.966	-79.9752	-79.9791	-79.9807	-79.9813	-79.9816	-79.9817	-79.9817	-79.9818	-79.9818	-79.9818	-79.9818	-79.9818	-79.9818	-79.9818	-79.9818	-79.9818	-79.9818	-79.9818	-79.9818	-79.9818	-79.9818	-79.9818	-79.9818	-79.9818	-79.9818	-79.9818	-79.9818	-79.9819	-79.9819	-79.982	-79.9821	-79.9823
1.15	20.6466	18.7856	21.443	24.4884	24.7973	14.6949	-33.5567	-60.06	-71.5618	-76.4384	-78.4935	-79.3574	-79.7202	-79.8723	-79.9361	-79.9627	-79.9738	-79.9785	-79.9804	-79.9812	-79.9815	-79.9817	-79.9817	-79.9817	-79.9817	-79.9817	-79.9818	-79.9818	-79.9818	-79.9818	-79.9818	-79.9818	-79.9818	-79.9818	-79.9818	-79.9818	-79.9818	-79.9818	-79.9818	-79.9818	-79.9818	-79.9818	-79.9818	-79.9818	-79.9819	-79.982	-79.9821	-79.9823
1.155	19.4305	17.6672	20.4821	23.9151	25.2225	18.3759	-25.593	-56.3757	-69.9556	-75.7497	-78.2006	-79.2335	-79.6679	-79.8503	-79.9268	-79.9588	-79.9722	-79.9778	-79.9801	-79.981	-79.9814	-79.9816	-79.9817	-79.9817	-79.9817	-79.9817	-79.9817	-79.9817	-79.9817	-79.9817	-79.9817	-79.9817	-79.9817	-79.9817	-79.9817	-79.9817	-79.9817	-79.9817	-79.9817	-79.9817	-79.9817	-79.9818	-79.9818	-79.9818	-79.9819	-79.9819	-79.9821	-79.9822
1.16	18.1805	16.5099	19.4567	23.1924	25.1825	20.4142	-15.3061	-51.7842	-68.0095	-74.9257	-77.8518	-79.086	-79.6056	-79.824	-79.9157	-79.9541	-79.9702	-79.9769	-79.9797	-79.9809	-79.9814	-79.9816	-79.9816	-79.9817	-79.9817	-79.9817	-79.9817	-79.9817	-79.9817	-79.9817	-79.9817	-79.9817	-79.9817	-79.9817	-79.9817	-79.9817	-79.9817	-79.9817	-79.9817	-79.9817	-79.9817	-79.9817	-79.9818	-79.9818	-79.9818	-79.9819	-79.982	-79.9822
1.165	16.8987	15.3166	18.3762	22.3704	24.9561	22.2109	-2.7083	-45.9712	-65.5878	-73.9176	-77.4298	-78.9087	-79.5309	-79.7925	-79.9024	-79.9485	-79.9678	-79.9759	-79.9793	-79.9807	-79.9813	-79.9815	-79.9816	-79.9817	-79.9817	-79.9817	-79.9817	-79.9817	-79.9817	-79.9817	-79.9817	-79.9817	-79.9817	-79.9817	-79.9817	-79.9817	-79.9817	-79.9817	-79.9817	-79.9817	-79.9817	-79.9817	-79.9817	-79.9818	-79.9818	-79.9819	-79.982	-79.9822
1.17	15.5876	14.091	17.251	21.4837	24.643	23.8509	8.71917	-39.3177	-62.7023	-72.7021	-76.9204	-78.6951	-79.4412	-79.7548	-79.8865	-79.9418	-79.965	-79.9747	-79.9788	-79.9805	-79.9812	-79.9815	-79.9816	-79.9816	-79.9816	-79.9817	-79.9817	-79.9817	-79.9817	-79.9817	-79.9817	-79.9817	-79.9817	-79.9817	-79.9817	-79.9817	-79.9817	-79.9817	-79.9817	-79.9817	-79.9817	-79.9817	-79.9817	-79.9817	-79.9818	-79.9819	-79.982	-79.9822
1.175	14.2498	12.8369	16.0866	20.5362	24.1953	24.8604	15.5443	-32.243	-59.4395	-71.286	-76.3174	-78.4404	-79.3339	-79.7096	-79.8675	-79.9338	-79.9616	-79.9733	-79.9781	-79.9802	-79.981	-79.9814	-79.9815	-79.9816	-79.9816	-79.9816	-79.9816	-79.9816	-79.9816	-79.9816	-79.9816	-79.9816	-79.9816	-79.9816	-79.9816	-79.9816	-79.9816	-79.9816	-79.9816	-79.9816	-79.9817	-79.9817	-79.9817	-79.9817	-79.9818	-79.9818	-79.982	-79.9821
1.18	12.8879	11.5565	14.8848	19.5223	23.5773	25.1761	18.7749	-23.9578	-55.6286	-69.6299	-75.6079	-78.1387	-79.2063	-79.6558	-79.8448	-79.9242	-79.9576	-79.9715	-79.9774	-79.9799	-79.9809	-79.9813	-79.9815	-79.9816	-79.9816	-79.9816	-79.9816	-79.9816	-79.9816	-79.9816	-79.9816	-79.9816	-79.9816	-79.9816	-79.9816	-79.9816	-79.9816	-79.9816	-79.9816	-79.9816	-79.9816	-79.9816	-79.9817	-79.9817	-79.9818	-79.9818	-79.9819	-79.9821
1.185	11.5043	10.2523	13.6475	18.4449	22.817	25.0824	20.7101	-13.1739	-50.8275	-67.6068	-74.7547	-77.7782	-79.054	-79.5914	-79.8177	-79.9128	-79.9527	-79.9695	-79.9765	-79.9795	-79.9807	-79.9812	-79.9814	-79.9815	-79.9816	-79.9816	-79.9816	-79.9816	-79.9816	-79.9816	-79.9816	-79.9816	-79.9816	-79.9816	-79.9816	-79.9816	-79.9816	-79.9816	-79.9816	-79.9816	-79.9816	-79.9816	-79.9816	-79.9817	-79.9817	-79.9818	-79.9819	-79.9821
1.19	10.1014	8.92677	12.3784	17.3144	21.9651	24.8346	22.5043	-0.441226	-44.815	-65.0956	-73.7099	-77.3415	-78.8707	-79.5144	-79.7852	-79.8991	-79.947	-79.9671	-79.9755	-79.979	-79.9805	-79.9811	-79.9814	-79.9815	-79.9815	-79.9816	-79.9816	-79.9816	-79.9816	-79.9816	-79.9816	-79.9816	-79.9816	-79.9816	-79.9816	-79.9816	-79.9816	-79.9816	-79.9816	-79.9816	-79.9816	-79.9816	-79.9816	-79.9817	-79.9817	-79.9818	-79.9819	-79.9821
1.195	8.68182	7.58255	11.0818	16.141	21.0504	24.4971	24.0611	10.2906	-38.0819	-62.1397	-72.4582	-76.8158	-78.6501	-79.4217	-79.7462	-79.8827	-79.94	-79.9641	-79.9743	-79.9785	-79.9803	-79.981	-79.9813	-79.9815	-79.9815	-79.9815	-79.9815	-79.9815	-79.9815	-79.9815	-79.9815	-79.9815	-79.9815	-79.9815	-79.9815	-79.9815	-79.9815	-79.9816	-79.9816	-79.9816	-79.9816	-79.9816	-79.9816	-79.9816	-79.9817	-79.9818	-79.9819	-79.9821
1.2	7.24816	6.22246	9.76135	14.9294	20.0732	24.0135	24.9341	16.3001	-30.8832	-58.8017	-71.0047	-76.1953	-78.3876	-79.311	-79.6996	-79.8631	-79.9318	-79.9606	-79.9728	-79.9779	-79.98	-79.9809	-79.9813	-79.9814	-79.9815	-79.9815	-79.9815	-79.9815	-79.9815	-79.9815	-79.9815	-79.9815	-79.9815	-79.9815	-79.9815	-79.9815	-79.9815	-79.9815	-79.9815	-79.9815	-79.9815	-79.9816	-79.9816	-79.9816	-79.9817	-79.9817	-79.9819	-79.982
1.205	5.80308	4.8491	8.41973	13.6814	19.029	23.36	25.1512	19.1528	-22.2279	-54.8481	-69.294	-75.4635	-78.0765	-79.1793	-79.644	-79.8396	-79.9219	-79.9565	-79.971	-79.9771	-79.9797	-79.9807	-79.9812	-79.9814	-79.9814	-79.9815	-79.9815	-79.9815	-79.9815	-79.9815	-79.9815	-79.9815	-79.9815	-79.9815	-79.9815	-79.9815	-79.9815	-79.9815	-79.9815	-79.9815	-79.9815	-79.9815	-79.9816	-79.9816	-79.9816	-79.9817	-79.9818	-79.982
1.21	4.34916	3.46493	7.05955	12.3996	17.9224	22.573	25.0141	21.0194	-10.9544	-49.8271	-67.1889	-74.5791	-77.7037	-79.022	-79.5776	-79.8116	-79.9101	-79.9515	-79.9689	-79.9762	-79.9793	-79.9806	-79.9811	-79.9813	-79.9814	-79.9814	-79.9815	-79.9815	-79.9815	-79.9815	-79.9815	-79.9815	-79.9815	-79.9815	-79.9815	-79.9815	-79.9815	-79.9815	-79.9815	-79.9815	-79.9815	-79.9815	-79.9815	-79.9816	-79.9816	-79.9817	-79.9818	-79.982
1.215	2.88897	2.07243	5.68361	11.0881	16.7647	21.7014	24.7492	22.8052	1.77234	-43.6328	-64.5894	-73.4969	-77.2517	-78.8325	-79.498	-79.7781	-79.8959	-79.9455	-79.9664	-79.9751	-79.9788	-79.9803	-79.981	-79.9813	-79.9814	-79.9814	-79.9814	-79.9814	-79.9815	-79.9815	-79.9815	-79.9815	-79.9815	-79.9815	-79.9815	-79.9815	-79.9815	-79.9815	-79.9815	-79.9815	-79.9815	-79.9815	-79.9815	-79.9815	-79.9816	-79.9817	-79.9818	-79.982
1.22	1.42509	0.674108	4.29491	9.75124	15.5653	20.7683	24.3878	24.2617	11.7082	-36.8315	-61.5659	-72.2093	-76.7094	-78.6047	-79.4023	-79.7378	-79.879	-79.9384	-79.9633	-79.9738	-79.9782	-79.9801	-79.9809	-79.9812	-79.9813	-79.9814	-79.9814	-79.9814	-79.9814	-79.9814	-79.9814	-79.9814	-79.9814	-79.9814	-79.9814	-79.9814	-79.9814	-79.9814	-79.9814	-79.9814	-79.9815	-79.9815	-79.9815	-79.9815	-79.9816	-79.9817	-79.9818	-79.982
1.225	-0.039949	-0.727538	2.89637	8.39283	14.3281	19.7712	23.8707	25.0001	16.9642	-29.473	-58.1446	-70.7163	-76.0708	-78.3341	-79.2881	-79.6897	-79.8587	-79.9298	-79.9597	-79.9723	-79.9776	-79.9798	-79.9807	-79.9811	-79.9813	-79.9814	-79.9814	-79.9814	-79.9814	-79.9814	-79.9814	-79.9814	-79.9814	-79.9814	-79.9814	-79.9814	-79.9814	-79.9814	-79.9814	-79.9814	-79.9814	-79.9814	-79.9815	-79.9815	-79.9816	-79.9816	-79.9818	-79.9819
1.23	-1.50364	-2.13009	1.49069	7.01573	13.0552	18.707	23.1867	25.1296	19.5102	-20.4024	-54.0316	-68.9461	-75.3152	-78.0131	-79.1522	-79.6323	-79.8345	-79.9196	-79.9554	-79.9705	-79.9768	-79.9795	-79.9806	-79.981	-79.9812	-79.9813	-79.9814	-79.9814	-79.9814	-79.9814	-79.9814	-79.9814	-79.9814	-79.9814	-79.9814	-79.9814	-79.9814	-79.9814	-79.9814	-79.9814	-79.9814	-79.9814	-79.9814	-79.9815	-79.9815	-79.9816	-79.9817	-79.9819
1.235	-2.96358	-3.53122	0.0804244	5.6227	11.7495	17.5821	22.3782	24.9575	21.3364	-8.66989	-48.785	-66.7549	-74.3978	-77.6273	-78.9896	-79.5638	-79.8056	-79.9074	-79.9503	-79.9683	-79.9759	-79.9791	-79.9804	-79.981	-79.9812	-79.9813	-79.9813	-79.9814	-79.9814	-79.9814	-79.9814	-79.9814	-79.9814	-79.9814	-79.9814	-79.9814	-79.9814	-79.9814	-79.9814	-79.9814	-79.9814	-79.9814	-79.9814	-79.9815	-79.9815	-79.9816	-79.9817	-79.9819
1.24	-4.4174	-4.92866	-1.3319	4.21676	10.4153	16.4079	21.4918	24.6771	23.1022	3.8934	-42.4311	-64.0698	-73.2779	-77.1595	-78.7936	-79.4814	-79.7709	-79.8928	-79.9441	-79.9657	-79.9748	-79.9786	-79.9802	-79.9809	-79.9811	-79.9813	-79.9813	-79.9813	-79.9813	-79.9813	-79.9813	-79.9813	-79.9813	-79.9813	-79.9813	-79.9813	-79.9813	-79.9814	-79.9814	-79.9814	-79.9814	-79.9814	-79.9814	-79.9814	-79.9815	-79.9816	-79.9817	-79.9819
1.245	-5.86287	-6.32023	-2.74376	2.80107	9.05712	15.1929	20.5442	24.2907	24.4438	12.9678	-35.5652	-60.9803	-71.9545	-76.6005	-78.5584	-79.3826	-79.7294	-79.8753	-79.9367	-79.9626	-79.9734	-79.978	-79.9799	-79.9807	-79.9811	-79.9812	-79.9813	-79.9813	-79.9813	-79.9813	-79.9813	-79.9813	-79.9813	-79.9813	-79.9813	-79.9813	-79.9813	-79.9813	-79.9813	-79.9813	-79.9813	-79.9814	-79.9814	-79.9814	-79.9815	-79.9815	-79.9817	-79.9818
1.25	-7.29784	-7.70381	-4.15273	1.37863	7.67868	13.9407	19.5316	23.7411	25.0525	17.5467	-28.0051	-57.4655	-70.4197	-75.943	-78.2794	-79.2647	-79.6797	-79.8544	-79.9279	-79.9588	-79.9719	-79.9773	-79.9796	-79.9806	-79.981	-79.9812	-79.9812	-79.9813	-79.9813	-79.9813	-79.9813	-79.9813	-79.9813	-79.9813	-79.9813	-79.9813	-79.9813	-79.9813	-79.9813	-79.9813	-79.9813	-79.9813	-79.9814	-79.9814	-79.9814	-79.9815	-79.9816	-79.9818
1.255	-8.72025	-9.0774	-5.55649	-0.047816	6.28285	12.6532	18.4521	23.0295	25.1053	19.8518	-18.4804	-53.1768	-68.5847	-75.1621	-77.9481	-79.1245	-79.6205	-79.8294	-79.9174	-79.9544	-79.97	-79.9765	-79.9793	-79.9804	-79.9809	-79.9811	-79.9812	-79.9813	-79.9813	-79.9813	-79.9813	-79.9813	-79.9813	-79.9813	-79.9813	-79.9813	-79.9813	-79.9813	-79.9813	-79.9813	-79.9813	-79.9813	-79.9813	-79.9814	-79.9814	-79.9815	-79.9816	-79.9818
1.26	-10.1282	-10.4391	-6.95286	-1.47564	4.87253	11.3336	17.3137	22.2029	24.905	21.658	-6.34466	-47.7039	-66.3045	-74.2103	-77.5487	-78.9564	-79.5496	-79.7995	-79.9048	-79.9491	-79.9677	-79.9756	-79.9789	-79.9803	-79.9808	-79.9811	-79.9812	-79.9812	-79.9812	-79.9813	-79.9813	-79.9813	-79.9813	-79.9813	-79.9813	-79.9813	-79.9813	-79.9813	-79.9813	-79.9813	-79.9813	-79.9813	-79.9813	-79.9813	-79.9814	-79.9815	-79.9816	-79.9818
1.265	-11.5199	-11.7872	-8.33975	-2.90228	3.45089	9.98659	16.128	21.3037	24.6092	23.3882	5.891	-41.2147	-63.5377	-73.0527	-77.0648	-78.7537	-79.4645	-79.7637	-79.8897	-79.9427	-79.965	-79.9744	-79.9784	-79.98	-79.9807	-79.981	-79.9811	-79.9812	-79.9812	-79.9812	-79.9812	-79.9812	-79.9812	-79.9812	-79.9812	-79.9812	-79.9812	-79.9812	-79.9812	-79.9812	-79.9813	-79.9813	-79.9813	-79.9813	-79.9814	-79.9815	-79.9816	-79.9818
1.27	-12.8937	-13.1199	-9.71521	-4.32522	2.02115	8.61665	14.9023	20.3434	24.196	24.6039	14.0747	-34.279	-60.382	-71.6934	-76.4888	-78.511	-79.3624	-79.7208	-79.8716	-79.9351	-79.9618	-79.9731	-79.9778	-79.9798	-79.9806	-79.981	-79.9811	-79.9812	-79.9812	-79.9812	-79.9812	-79.9812	-79.9812	-79.9812	-79.9812	-79.9812	-79.9812	-79.9812	-79.9812	-79.9812	-79.9812	-79.9813	-79.9813	-79.9813	-79.9814	-79.9814	-79.9816	-79.9818
1.275	-14.2481	-14.4359	-11.0774	-5.74206	0.586303	7.22725	13.6398	19.317	23.6146	25.0898	18.0601	-26.4711	-56.7615	-70.1138	-75.8117	-78.2234	-79.2408	-79.6695	-79.85	-79.926	-79.958	-79.9714	-79.9771	-79.9795	-79.9805	-79.9809	-79.9811	-79.9811	-79.9812	-79.9812	-79.9812	-79.9812	-79.9812	-79.9812	-79.9812	-79.9812	-79.9812	-79.9812	-79.9812	-79.9812	-79.9812	-79.9812	-79.9813	-79.9813	-79.9813	-79.9814	-79.9815	-79.9817
1.28	-15.5817	-15.7336	-12.4246	-7.15055	-0.850864	5.82133	12.3424	18.2245	22.8778	25.0765	20.1828	-16.4627	-52.2816	-68.2088	-75.0038	-77.8811	-79.096	-79.6084	-79.8242	-79.9151	-79.9534	-79.9695	-79.9762	-79.9791	-79.9803	-79.9808	-79.981	-79.9811	-79.9811	-79.9812	-79.9812	-79.9812	-79.9812	-79.9812	-79.9812	-79.9812	-79.9812	-79.9812	-79.9812	-79.9812	-79.9812	-79.9812	-79.9812	-79.9813	-79.9813	-79.9814	-79.9815	-79.9817
1.285	-16.8933	-17.0119	-13.7552	-8.54858	-2.28772	4.40187	11.0137	17.0751	22.0351	24.8533	21.9816	-4.00669	-46.5876	-65.8379	-74.0161	-77.4674	-78.9222	-79.5351	-79.7933	-79.9021	-79.9479	-79.9671	-79.9753	-79.9787	-79.9801	-79.9807	-79.981	-79.9811	-79.9811	-79.9811	-79.9811	-79.9811	-79.9811	-79.9811	-79.9811	-79.9812	-79.9812	-79.9812	-79.9812	-79.9812	-79.9812	-79.9812	-79.9812	-79.9812	-79.9813	-79.9814	-79.9815	-79.9817
1.29	-18.1819	-18.2696	-15.0678	-9.9342	-3.72168	2.97211	9.65864	15.8801	21.1242	24.541	23.6579	7.74206	-39.9871	-62.9935	-72.8212	-76.9673	-78.7126	-79.4471	-79.7563	-79.8865	-79.9413	-79.9644	-79.9741	-79.9782	-79.9799	-79.9806	-79.9809	-79.981	-79.9811	-79.9811	-79.9811	-79.9811	-79.9811	-79.9811	-79.9811	-79.9811	-79.9811	-79.9811	-79.9811	-79.9811	-79.9812	-79.9812	-79.9812	-79.9812	-79.9813	-79.9814	-79.9815	-79.9817
1.295	-19.4465	-19.5057	-16.3612	-11.3056	-5.15024	1.53527	8.28139	14.6459	20.1518	24.0995	24.7405	15.0402	-32.9669	-59.7696	-71.4256	-76.374	-78.4622	-79.3418	-79.712	-79.8678	-79.9334	-79.961	-79.9727	-79.9776	-79.9796	-79.9805	-79.9808	-79.981	-79.9811	-79.9811	-79.9811	-79.9811	-79.9811	-79.9811	-79.9811	-79.9811	-79.9811	-79.9811	-79.9811	-79.9811	-79.9811	-79.9811	-79.9812	-79.9812	-79.9813	-79.9813	-79.9815	-79.9816
1.3	-20.6864	-20.7194	-17.6342	-12.661	-6.57104	0.0943412	6.88536	13.3752	19.1124	23.487	25.1125	18.517	-24.8624	-56.0297	-69.7976	-75.6763	-78.1657	-79.2163	-79.6591	-79.8455	-79.924	-79.9571	-79.971	-79.9768	-79.9793	-79.9803	-79.9808	-79.981	-79.981	-79.9811	-79.9811	-79.9811	-79.9811	-79.9811	-79.9811	-79.9811	-79.9811	-79.9811	-79.9811	-79.9811	-79.9811	-79.9811	-79.9811	-79.9812	-79.9812	-79.9813	-79.9814	-79.9816
1.305	-21.9007	-21.91	-18.8858	-13.9989	-7.98187	-1.34791	5.47347	12.0701	18.008	22.7269	25.043	20.5079	-14.3536	-51.3447	-67.8174	-74.8396	-77.8119	-79.0667	-79.5959	-79.8189	-79.9128	-79.9523	-79.969	-79.976	-79.9789	-79.9802	-79.9807	-79.9809	-79.981	-79.981	-79.9811	-79.9811	-79.9811	-79.9811	-79.9811	-79.9811	-79.9811	-79.9811	-79.9811	-79.9811	-79.9811	-79.9811	-79.9811	-79.9812	-79.9812	-79.9813	-79.9814	-79.9816
1.31	-23.0892	-23.0769	-20.115	-15.318	-9.3807	-2.78884	4.04879	10.7347	16.8489	21.8698	24.801	22.3043	-1.68705	-45.4404	-65.3554	-73.8152	-77.3834	-78.8869	-79.5202	-79.787	-79.8993	-79.9466	-79.9666	-79.975	-79.9785	-79.98	-79.9806	-79.9809	-79.981	-79.981	-79.981	-79.981	-79.981	-79.981	-79.981	-79.981	-79.981	-79.981	-79.9811	-79.9811	-79.9811	-79.9811	-79.9811	-79.9811	-79.9812	-79.9813	-79.9814	-79.9816
1.315	-24.2513	-24.2195	-21.3213	-16.6169	-10.7656	-4.22588	2.61457	9.37365	15.6457	20.9477	24.4704	23.9076	9.43162	-38.7497	-62.4378	-72.5834	-76.8668	-78.6703	-79.4293	-79.7487	-79.8832	-79.9399	-79.9637	-79.9737	-79.978	-79.9797	-79.9805	-79.9808	-79.9809	-79.981	-79.981	-79.981	-79.981	-79.981	-79.981	-79.981	-79.981	-79.981	-79.981	-79.981	-79.981	-79.9811	-79.9811	-79.9811	-79.9812	-79.9812	-79.9814	-79.9816
1.32	-25.3867	-25.3375	-22.5039	-17.8947	-12.1349	-5.65655	1.17403	7.99118	14.4041	19.9632	23.999	24.8537	15.8785	-31.6214	-59.1414	-71.1506	-76.256	-78.4121	-79.3205	-79.7029	-79.864	-79.9317	-79.9603	-79.9723	-79.9773	-79.9795	-79.9804	-79.9807	-79.9809	-79.981	-79.981	-79.981	-79.981	-79.981	-79.981	-79.981	-79.981	-79.981	-79.981	-79.981	-79.981	-79.981	-79.9811	-79.9811	-79.9811	-79.9812	-79.9814	-79.9815
1.325	-26.4952	-26.4307	-23.6624	-19.1503	-13.4869	-7.07851	-0.26986	6.59052	13.1261	18.9113	23.3565	25.1218	18.9297	-23.1714	-55.2667	-69.4701	-75.5366	-78.1062	-79.191	-79.6483	-79.8409	-79.922	-79.9562	-79.9705	-79.9766	-79.9791	-79.9802	-79.9807	-79.9808	-79.9809	-79.981	-79.981	-79.981	-79.981	-79.981	-79.981	-79.981	-79.981	-79.981	-79.981	-79.981	-79.981	-79.981	-79.9811	-79.9811	-79.9812	-79.9813	-79.9815
1.33	-27.5767	-27.4987	-24.7963	-20.383	-14.8202	-8.4896	-1.71437	5.17459	11.8145	17.7958	22.5751	25.0054	20.831	-12.162	-50.3654	-67.4098	-74.6693	-77.7403	-79.0365	-79.5831	-79.8134	-79.9104	-79.9513	-79.9685	-79.9757	-79.9787	-79.98	-79.9806	-79.9808	-79.9809	-79.9809	-79.9809	-79.981	-79.981	-79.981	-79.981	-79.981	-79.981	-79.981	-79.981	-79.981	-79.981	-79.981	-79.9811	-79.9811	-79.9812	-79.9813	-79.9815
1.335	-28.6313	-28.5416	-25.9055	-21.592	-16.1335	-9.88783	-3.15688	3.74652	10.4733	16.6277	21.7047	24.7472	22.6225	0.581479	-44.2674	-64.8579	-73.6075	-77.2966	-78.8504	-79.5049	-79.7804	-79.8965	-79.9454	-79.966	-79.9746	-79.9783	-79.9798	-79.9805	-79.9807	-79.9809	-79.9809	-79.9809	-79.9809	-79.9809	-79.9809	-79.9809	-79.9809	-79.9809	-79.9809	-79.981	-79.981	-79.981	-79.981	-79.981	-79.9811	-79.9812	-79.9813	-79.9815
1.34	-29.6589	-29.5593	-26.9897	-22.7769	-17.4257	-11.2713	-4.59481	2.30959	9.10738	15.417	20.7716	24.396	24.1345	10.9528	-37.5023	-61.8707	-72.3393	-76.7634	-78.6266	-79.4109	-79.7409	-79.8799	-79.9384	-79.963	-79.9734	-79.9777	-79.9796	-79.9804	-79.9807	-79.9808	-79.9809	-79.9809	-79.9809	-79.9809	-79.9809	-79.9809	-79.9809	-79.9809	-79.9809	-79.9809	-79.9809	-79.981	-79.981	-79.981	-79.9811	-79.9811	-79.9813	-79.9815
1.345	-30.6597	-30.5519	-28.0487	-23.9372	-18.6958	-12.6384	-6.02571	0.866983	7.72068	14.1683	19.775	23.8938	24.9444	16.6054	-30.2341	-58.4952	-70.8678	-76.1346	-78.3604	-79.2986	-79.6936	-79.86	-79.93	-79.9595	-79.9719	-79.9771	-79.9793	-79.9802	-79.9806	-79.9808	-79.9809	-79.9809	-79.9809	-79.9809	-79.9809	-79.9809	-79.9809	-79.9809	-79.9809	-79.9809	-79.9809	-79.9809	-79.981	-79.981	-79.981	-79.9811	-79.9813	-79.9814
1.35	-31.6339	-31.5194	-29.0827	-25.0726	-19.9429	-13.9876	-7.44727	-0.578388	6.31634	12.8837	18.7108	23.2225	25.1192	19.3088	-21.3914	-54.4697	-69.1302	-75.3921	-78.0448	-79.165	-79.6372	-79.8362	-79.92	-79.9552	-79.9701	-79.9763	-79.979	-79.9801	-79.9805	-79.9807	-79.9808	-79.9809	-79.9809	-79.9809	-79.9809	-79.9809	-79.9809	-79.9809	-79.9809	-79.9809	-79.9809	-79.9809	-79.9809	-79.981	-79.981	-79.9811	-79.9812	-79.9814
1.355	-32.5817	-32.462	-30.0916	-26.1828	-21.1664	-15.3174	-8.85738	-2.02381	4.8973	11.566	17.5847	22.4215	24.9643	21.1543	-9.90131	-49.3445	-66.9857	-74.4926	-77.6662	-79.0053	-79.5699	-79.8078	-79.908	-79.9502	-79.9679	-79.9754	-79.9786	-79.9799	-79.9805	-79.9807	-79.9808	-79.9808	-79.9808	-79.9809	-79.9809	-79.9809	-79.9809	-79.9809	-79.9809	-79.9809	-79.9809	-79.9809	-79.9809	-79.9809	-79.981	-79.9811	-79.9812	-79.9814
1.36	-33.5034	-33.38	-31.0755	-27.2678	-22.3657	-16.6266	-10.2541	-3.46666	3.46674	10.2196	16.4082	21.5388	24.6911	22.9325	2.76647	-43.0737	-64.3462	-73.393	-77.2069	-78.8128	-79.489	-79.7737	-79.8936	-79.9441	-79.9654	-79.9743	-79.9781	-79.9797	-79.9804	-79.9806	-79.9808	-79.9808	-79.9808	-79.9808	-79.9808	-79.9808	-79.9808	-79.9808	-79.9808	-79.9809	-79.9809	-79.9809	-79.9809	-79.9809	-79.981	-79.9811	-79.9812	-79.9814
1.365	-34.3993	-34.2735	-32.0346	-28.3275	-23.5403	-17.9142	-11.6355	-4.90439	2.02794	8.84935	15.1903	20.5947	24.3171	24.337	12.306	-36.2427	-61.292	-72.0888	-76.6569	-78.5816	-79.3919	-79.7329	-79.8764	-79.9369	-79.9623	-79.973	-79.9775	-79.9794	-79.9802	-79.9806	-79.9807	-79.9808	-79.9808	-79.9808	-79.9808	-79.9808	-79.9808	-79.9808	-79.9808	-79.9808	-79.9808	-79.9809	-79.9809	-79.9809	-79.981	-79.981	-79.9812	-79.9814
1.37	-35.2698	-35.1429	-32.9691	-29.3618	-24.69	-19.1792	-13.0001	-6.33456	0.584044	7.45891	13.9348	19.5858	23.7834	25.0142	17.2371	-28.7958	-57.8285	-70.5767	-76.0096	-78.3072	-79.276	-79.6841	-79.8559	-79.9282	-79.9586	-79.9715	-79.9769	-79.9791	-79.9801	-79.9805	-79.9807	-79.9807	-79.9808	-79.9808	-79.9808	-79.9808	-79.9808	-79.9808	-79.9808	-79.9808	-79.9808	-79.9808	-79.9809	-79.9809	-79.9809	-79.981	-79.9812	-79.9813
1.375	-36.1153	-35.9885	-33.8793	-30.371	-25.8143	-20.4209	-14.3463	-7.75491	-0.862076	6.05137	12.6438	18.5097	23.0848	25.1064	19.6639	-19.5182	-53.6357	-68.777	-75.2425	-77.9815	-79.1381	-79.6258	-79.8313	-79.9178	-79.9543	-79.9696	-79.9761	-79.9788	-79.9799	-79.9804	-79.9806	-79.9807	-79.9808	-79.9808	-79.9808	-79.9808	-79.9808	-79.9808	-79.9808	-79.9808	-79.9808	-79.9808	-79.9808	-79.9809	-79.9809	-79.981	-79.9811	-79.9813
1.38	-36.9362	-36.8107	-34.7654	-31.355	-26.9133	-21.6387	-15.6727	-9.16336	-2.30773	4.62969	11.3204	17.3736	22.266	24.9201	21.479	-7.59056	-48.2836	-66.5447	-74.3093	-77.5894	-78.973	-79.5562	-79.8019	-79.9055	-79.9491	-79.9674	-79.9751	-79.9784	-79.9798	-79.9803	-79.9806	-79.9807	-79.9807	-79.9807	-79.9808	-79.9808	-79.9808	-79.9808	-79.9808	-79.9808	-79.9808	-79.9808	-79.9808	-79.9809	-79.9809	-79.981	-79.9811	-79.9813
1.385	-37.7329	-37.6098	-35.6277	-32.3143	-27.9868	-22.8319	-16.9783	-10.558	-3.75031	3.1971	9.96922	16.189	21.3717	24.6322	23.2303	4.83825	-41.8639	-63.8212	-73.1719	-77.1142	-78.7739	-79.4726	-79.7668	-79.8906	-79.9428	-79.9648	-79.974	-79.9779	-79.9795	-79.9802	-79.9805	-79.9806	-79.9807	-79.9807	-79.9807	-79.9807	-79.9807	-79.9807	-79.9807	-79.9808	-79.9808	-79.9808	-79.9808	-79.9808	-79.9809	-79.981	-79.9811	-79.9813
1.39	-38.5061	-38.3862	-36.4666	-33.2488	-29.0349	-24.0002	-18.2619	-11.937	-5.18728	1.75687	8.59487	14.964	20.4163	24.233	24.5142	13.4978	-34.9669	-60.701	-71.8317	-76.5473	-78.5353	-79.3723	-79.7246	-79.8729	-79.9353	-79.9616	-79.9727	-79.9773	-79.9793	-79.9801	-79.9805	-79.9806	-79.9807	-79.9807	-79.9807	-79.9807	-79.9807	-79.9807	-79.9807	-79.9807	-79.9807	-79.9808	-79.9808	-79.9808	-79.9809	-79.9809	-79.9811	-79.9813
1.395	-39.256	-39.1404	-37.2826	-34.1591	-30.0576	-25.1434	-19.5226	-13.2987	-6.61623	0.312093	7.20097	13.7018	19.3951	23.6678	25.0646	17.7893	-27.2971	-57.1385	-70.2765	-75.8808	-78.2523	-79.2527	-79.6742	-79.8516	-79.9264	-79.9578	-79.9711	-79.9766	-79.979	-79.98	-79.9804	-79.9806	-79.9806	-79.9807	-79.9807	-79.9807	-79.9807	-79.9807	-79.9807	-79.9807	-79.9807	-79.9807	-79.9808	-79.9808	-79.9808	-79.9809	-79.9811	-79.9812
1.4	-39.9834	-39.8727	-38.0758	-35.0453	-31.0552	-26.2611	-20.7598	-14.6417	-8.03493	-1.13439	5.79049	12.4046	18.3074	22.9435	25.0851	20.0028	-17.5499	-52.7625	-68.4095	-75.0875	-77.9159	-79.1104	-79.614	-79.8263	-79.9157	-79.9533	-79.9691	-79.9758	-79.9786	-79.9798	-79.9803	-79.9805	-79.9806	-79.9806	-79.9807	-79.9807	-79.9807	-79.9807	-79.9807	-79.9807	-79.9807	-79.9807	-79.9807	-79.9808	-79.9808	-79.9809	-79.981	-79.9812
1.405	-40.6886	-40.5838	-38.8469	-35.9078	-32.0277	-27.3534	-21.9729	-15.9647	-9.44134	-2.57993	4.36646	11.0757	17.1616	22.1084	24.8734	21.8046	-5.25382	-47.1855	-66.0871	-74.1191	-77.5099	-78.9396	-79.5421	-79.796	-79.9029	-79.9479	-79.9669	-79.9748	-79.9782	-79.9796	-79.9802	-79.9805	-79.9806	-79.9806	-79.9806	-79.9807	-79.9807	-79.9807	-79.9807	-79.9807	-79.9807	-79.9807	-79.9807	-79.9808	-79.9808	-79.9809	-79.981	-79.9812
1.41	-41.3723	-41.2739	-39.5961	-36.747	-32.9754	-28.4202	-23.1613	-17.2666	-10.8335	-4.0219	2.9321	9.72001	15.9692	21.2029	24.5699	23.5119	6.77215	-40.6418	-63.2837	-72.9441	-77.0185	-78.7337	-79.4557	-79.7596	-79.8876	-79.9414	-79.9641	-79.9737	-79.9777	-79.9794	-79.9801	-79.9804	-79.9805	-79.9806	-79.9806	-79.9806	-79.9806	-79.9806	-79.9806	-79.9807	-79.9807	-79.9807	-79.9807	-79.9807	-79.9808	-79.9809	-79.981	-79.9812
1.415	-42.035	-41.9438	-40.324	-37.5633	-33.8986	-29.4615	-24.3247	-18.5463	-12.2098	-5.4578	1.49069	8.34181	14.7373	20.236	24.1434	24.6661	14.5392	-33.6691	-60.0966	-71.5679	-76.4345	-78.4875	-79.3521	-79.716	-79.8692	-79.9337	-79.9609	-79.9723	-79.9771	-79.9791	-79.98	-79.9804	-79.9805	-79.9806	-79.9806	-79.9806	-79.9806	-79.9806	-79.9806	-79.9806	-79.9806	-79.9807	-79.9807	-79.9807	-79.9808	-79.9809	-79.981	-79.9812
1.42	-42.6773	-42.5937	-41.031	-38.357	-34.7977	-30.4775	-25.4628	-19.8029	-13.5685	-6.88526	0.0452751	6.94462	13.4686	19.2026	23.5471	25.0976	18.2766	-25.7289	-56.4221	-69.9662	-75.748	-78.1957	-79.2287	-79.664	-79.8473	-79.9245	-79.957	-79.9706	-79.9764	-79.9788	-79.9799	-79.9803	-79.9805	-79.9805	-79.9806	-79.9806	-79.9806	-79.9806	-79.9806	-79.9806	-79.9806	-79.9806	-79.9807	-79.9807	-79.9807	-79.9808	-79.981	-79.9812
1.425	-43.2998	-43.2243	-41.7176	-39.1286	-35.6729	-31.4683	-26.5755	-21.0359	-14.9082	-8.30206	-1.40136	5.53139	12.1653	18.1035	22.7988	25.0568	20.3321	-15.4883	-51.8481	-68.0268	-74.9268	-77.8481	-79.0817	-79.6019	-79.8211	-79.9134	-79.9523	-79.9687	-79.9756	-79.9785	-79.9797	-79.9802	-79.9804	-79.9805	-79.9805	-79.9806	-79.9806	-79.9806	-79.9806	-79.9806	-79.9806	-79.9806	-79.9806	-79.9807	-79.9807	-79.9808	-79.9809	-79.9811
1.43	-43.903	-43.836	-42.3842	-39.8786	-36.5246	-32.4341	-27.6627	-22.2446	-16.2276	-9.7062	-2.84655	4.10517	10.8312	16.9485	21.9488	24.8244	22.1297	-2.91965	-46.0543	-65.6133	-73.9221	-77.4277	-78.9051	-79.5275	-79.7898	-79.9002	-79.9467	-79.9663	-79.9746	-79.978	-79.9795	-79.9801	-79.9804	-79.9805	-79.9805	-79.9805	-79.9806	-79.9806	-79.9806	-79.9806	-79.9806	-79.9806	-79.9806	-79.9807	-79.9807	-79.9808	-79.9809	-79.9811
1.435	-44.4877	-44.4294	-43.0314	-40.6073	-37.3532	-33.3753	-28.7244	-23.4286	-17.5257	-11.0958	-4.28772	2.66924	9.47106	15.7486	21.0323	24.5037	23.7742	8.55017	-39.4096	-62.7344	-72.71	-76.9198	-78.6922	-79.4382	-79.7522	-79.8844	-79.94	-79.9635	-79.9734	-79.9775	-79.9793	-79.98	-79.9803	-79.9804	-79.9805	-79.9805	-79.9805	-79.9805	-79.9805	-79.9806	-79.9806	-79.9806	-79.9806	-79.9806	-79.9807	-79.9808	-79.9809	-79.9811
1.44	-45.0542	-45.005	-43.6596	-41.3153	-38.1592	-34.2921	-29.7606	-24.5874	-18.8014	-12.4691	-5.72237	1.22682	8.08916	14.5099	20.0538	24.0482	24.7932	15.4444	-32.3424	-59.4773	-71.2971	-76.3185	-78.4382	-79.3312	-79.7072	-79.8654	-79.9321	-79.9601	-79.9719	-79.9769	-79.979	-79.9799	-79.9802	-79.9804	-79.9805	-79.9805	-79.9805	-79.9805	-79.9805	-79.9805	-79.9805	-79.9806	-79.9806	-79.9806	-79.9807	-79.9808	-79.9809	-79.9811
1.445	-45.6034	-45.5634	-44.2694	-42.0031	-38.9429	-35.1847	-30.7715	-25.721	-20.054	-13.8246	-7.14816	-0.219078	6.68882	13.2347	19.0081	23.4214	25.1153	18.7124	-24.0827	-55.6764	-69.6451	-75.6108	-78.1374	-79.2039	-79.6534	-79.8428	-79.9225	-79.9561	-79.9702	-79.9762	-79.9787	-79.9797	-79.9802	-79.9804	-79.9804	-79.9805	-79.9805	-79.9805	-79.9805	-79.9805	-79.9805	-79.9805	-79.9806	-79.9806	-79.9807	-79.9807	-79.9809	-79.9811
1.45	-46.1357	-46.105	-44.8612	-42.671	-39.7047	-36.0537	-31.7573	-26.8291	-21.2828	-15.1609	-8.56291	-1.6657	5.27297	11.9255	17.898	22.6509	25.0228	20.6568	-13.3393	-50.8916	-67.6282	-74.76	-77.778	-79.0521	-79.5893	-79.8157	-79.9111	-79.9513	-79.9682	-79.9753	-79.9783	-79.9796	-79.9801	-79.9803	-79.9804	-79.9804	-79.9805	-79.9805	-79.9805	-79.9805	-79.9805	-79.9805	-79.9805	-79.9806	-79.9806	-79.9807	-79.9808	-79.981
1.455	-46.6517	-46.6305	-45.4356	-43.3196	-40.4452	-36.8994	-32.7182	-27.9116	-22.4871	-16.4766	-9.96464	-3.11042	3.84472	10.5863	16.7341	21.7873	24.773	22.4516	-0.619621	-44.8947	-65.124	-73.7182	-77.3425	-78.8693	-79.5125	-79.7834	-79.8975	-79.9455	-79.9657	-79.9743	-79.9778	-79.9794	-79.98	-79.9803	-79.9804	-79.9804	-79.9804	-79.9805	-79.9805	-79.9805	-79.9805	-79.9805	-79.9805	-79.9806	-79.9806	-79.9807	-79.9808	-79.981
1.46	-47.1521	-47.1403	-45.993	-43.9494	-41.1648	-37.7221	-33.6545	-28.9687	-23.6667	-17.7709	-11.3515	-4.55064	2.40734	9.22192	15.5269	20.8599	24.433	24.0143	10.1618	-38.1678	-62.1735	-72.4694	-76.8181	-78.6494	-79.4201	-79.7445	-79.8811	-79.9386	-79.9628	-79.973	-79.9773	-79.9791	-79.9799	-79.9802	-79.9803	-79.9804	-79.9804	-79.9804	-79.9804	-79.9805	-79.9805	-79.9805	-79.9805	-79.9805	-79.9806	-79.9807	-79.9808	-79.981
1.465	-47.6374	-47.635	-46.534	-44.5608	-41.8639	-38.5223	-34.5665	-30.0004	-24.8211	-19.0426	-12.7218	-5.98391	0.964052	7.83644	14.2815	19.8695	23.9472	24.8966	16.2292	-30.9787	-58.8412	-71.0187	-76.199	-78.3875	-79.3097	-79.6981	-79.8615	-79.9304	-79.9593	-79.9715	-79.9767	-79.9788	-79.9798	-79.9801	-79.9803	-79.9804	-79.9804	-79.9804	-79.9804	-79.9804	-79.9804	-79.9805	-79.9805	-79.9805	-79.9806	-79.9807	-79.9808	-79.981
1.47	-48.1081	-48.1151	-47.0591	-45.1544	-42.5431	-39.3004	-35.4546	-31.0068	-25.9502	-20.291	-14.074	-7.40791	-0.482209	6.43306	12.9999	18.8116	23.291	25.1197	19.1086	-22.351	-54.8981	-69.3122	-75.469	-78.0771	-79.1784	-79.6426	-79.8382	-79.9205	-79.9552	-79.9698	-79.9759	-79.9785	-79.9796	-79.9801	-79.9803	-79.9803	-79.9804	-79.9804	-79.9804	-79.9804	-79.9804	-79.9804	-79.9805	-79.9805	-79.9806	-79.9806	-79.9808	-79.981
1.475	-48.5649	-48.5811	-47.5688	-45.7308	-43.2028	-40.0568	-36.319	-31.9881	-27.0538	-21.5155	-15.4067	-8.8205	-1.92871	5.01472	11.6849	17.6909	22.5001	24.9843	20.9802	-11.1136	-49.893	-67.2131	-74.5869	-77.7053	-79.0214	-79.5764	-79.8102	-79.9087	-79.9502	-79.9677	-79.975	-79.9781	-79.9794	-79.98	-79.9802	-79.9803	-79.9804	-79.9804	-79.9804	-79.9804	-79.9804	-79.9804	-79.9804	-79.9805	-79.9805	-79.9806	-79.9808	-79.9809
1.48	-49.0083	-49.0335	-48.0636	-46.2902	-43.8435	-40.7921	-37.1602	-32.9446	-28.1319	-22.7155	-16.7187	-10.2197	-3.37283	3.58455	10.3408	16.5185	21.6238	24.719	22.7669	1.61364	-43.7116	-64.6199	-73.5074	-77.2544	-78.8324	-79.4969	-79.7768	-79.8946	-79.9443	-79.9652	-79.974	-79.9777	-79.9792	-79.9799	-79.9802	-79.9803	-79.9803	-79.9803	-79.9804	-79.9804	-79.9804	-79.9804	-79.9804	-79.9805	-79.9805	-79.9806	-79.9807	-79.9809
1.485	-49.4388	-49.4728	-48.544	-46.8334	-44.4656	-41.5066	-37.9786	-33.8766	-29.1845	-23.8907	-18.009	-11.6038	-4.81201	2.14586	8.97237	15.3042	20.6854	24.3574	24.2304	11.6042	-36.9154	-61.6012	-72.2224	-76.7134	-78.6052	-79.4015	-79.7366	-79.8777	-79.9371	-79.9622	-79.9727	-79.9771	-79.979	-79.9798	-79.9801	-79.9802	-79.9803	-79.9803	-79.9803	-79.9804	-79.9804	-79.9804	-79.9804	-79.9804	-79.9805	-79.9806	-79.9807	-79.9809
1.49	-49.857	-49.8996	-49.0105	-47.3608	-45.0698	-42.2009	-38.7746	-34.7844	-30.2117	-25.0406	-19.2766	-12.9709	-6.24379	0.701809	7.58343	14.0521	19.683	23.8405	24.9777	16.9099	-29.5689	-58.1859	-70.7323	-76.0761	-78.3351	-79.2875	-79.6886	-79.8575	-79.9286	-79.9585	-79.9712	-79.9765	-79.9787	-79.9796	-79.98	-79.9802	-79.9803	-79.9803	-79.9803	-79.9803	-79.9803	-79.9804	-79.9804	-79.9804	-79.9805	-79.9806	-79.9807	-79.9809
1.495	-50.2633	-50.3142	-49.4636	-47.8728	-45.6565	-42.8754	-39.5486	-35.6682	-31.2137	-26.1652	-20.5209	-14.3197	-7.6659	-0.744708	6.17711	12.7642	18.6131	23.1562	25.1126	19.4757	-20.5282	-54.0844	-68.9664	-75.3222	-78.0149	-79.152	-79.6314	-79.8334	-79.9184	-79.9543	-79.9693	-79.9757	-79.9784	-79.9795	-79.98	-79.9802	-79.9802	-79.9803	-79.9803	-79.9803	-79.9803	-79.9803	-79.9804	-79.9804	-79.9805	-79.9805	-79.9807	-79.9809
1.5	-50.6582	-50.7172	-49.9037	-48.3699	-46.2261	-43.5306	-40.3011	-36.5286	-32.1907	-27.2643	-21.741	-15.6488	-9.07624	-2.19099	4.75638	11.4436	17.4821	22.3466	24.9422	21.3043	-8.82725	-48.8533	-66.7812	-74.4072	-77.6301	-78.9898	-79.563	-79.8045	-79.9063	-79.9491	-79.9672	-79.9748	-79.978	-79.9793	-79.9799	-79.9801	-79.9802	-79.9803	-79.9803	-79.9803	-79.9803	-79.9803	-79.9803	-79.9804	-79.9804	-79.9805	-79.9807	-79.9809
1.505	-51.0422	-51.109	-50.3313	-48.8528	-46.7792	-44.167	-41.0325	-37.3658	-33.143	-28.3379	-22.9367	-16.957	-10.4729	-3.63441	3.32443	10.0948	16.3017	21.4584	24.6622	23.0719	3.74888	-42.5101	-64.102	-73.2899	-77.1634	-78.7942	-79.4808	-79.77	-79.8917	-79.943	-79.9646	-79.9736	-79.9775	-79.9791	-79.9798	-79.9801	-79.9802	-79.9802	-79.9803	-79.9803	-79.9803	-79.9803	-79.9803	-79.9804	-79.9804	-79.9805	-79.9806	-79.9808
1.51	-51.4158	-51.49	-50.7468	-49.3217	-47.3163	-44.7851	-41.7434	-38.1804	-34.0708	-29.3861	-24.1073	-18.2433	-11.854	-5.07244	1.88453	8.72231	15.0803	20.5089	24.2766	24.4214	12.8808	-35.649	-61.017	-71.969	-76.6055	-78.5596	-79.3822	-79.7285	-79.8743	-79.9356	-79.9614	-79.9723	-79.9769	-79.9788	-79.9797	-79.98	-79.9801	-79.9802	-79.9802	-79.9803	-79.9803	-79.9803	-79.9803	-79.9803	-79.9804	-79.9805	-79.9806	-79.9808
1.515	-51.7793	-51.8606	-51.1508	-49.7773	-47.8379	-45.3853	-42.4341	-38.9726	-34.9744	-30.4089	-25.2528	-19.5068	-13.218	-6.50265	0.439818	7.33001	13.8216	19.4943	23.7282	25.0385	17.5027	-28.1039	-57.5089	-70.4371	-75.9494	-78.2812	-79.2646	-79.6789	-79.8534	-79.9268	-79.9577	-79.9708	-79.9762	-79.9785	-79.9795	-79.9799	-79.9801	-79.9802	-79.9802	-79.9802	-79.9802	-79.9803	-79.9803	-79.9803	-79.9804	-79.9805	-79.9806	-79.9808
1.52	-52.1333	-52.2213	-51.5436	-50.2199	-48.3444	-45.9682	-43.1052	-39.7429	-35.8542	-31.4065	-26.3729	-20.7468	-14.5633	-7.9228	-1.00686	5.92086	12.5275	18.4126	23.0174	25.0959	19.8224	-18.6109	-53.2325	-68.6067	-75.1703	-77.9506	-79.1247	-79.6198	-79.8284	-79.9163	-79.9533	-79.9689	-79.9754	-79.9782	-79.9794	-79.9799	-79.9801	-79.9801	-79.9802	-79.9802	-79.9802	-79.9802	-79.9803	-79.9803	-79.9804	-79.9804	-79.9806	-79.9808
1.525	-52.478	-52.5725	-51.9256	-50.65	-48.8363	-46.5343	-43.7571	-40.4919	-36.7106	-32.3792	-27.4675	-21.9626	-15.8888	-9.33081	-2.45282	4.49785	11.2014	17.2719	22.1907	24.8971	21.6297	-6.50154	-47.7749	-66.3326	-74.2208	-77.5521	-78.957	-79.5491	-79.7986	-79.9037	-79.948	-79.9666	-79.9745	-79.9778	-79.9792	-79.9798	-79.98	-79.9801	-79.9802	-79.9802	-79.9802	-79.9802	-79.9802	-79.9803	-79.9803	-79.9804	-79.9806	-79.9808
1.53	-52.8139	-52.9145	-52.2973	-51.068	-49.3142	-47.084	-44.3904	-41.2199	-37.5439	-33.3271	-28.5366	-23.1538	-17.1931	-10.7248	-3.89546	3.06421	9.84798	16.0835	21.2911	24.602	23.3627	5.75861	-41.2945	-63.5712	-73.0658	-77.0694	-78.7547	-79.4642	-79.7629	-79.8887	-79.9416	-79.9639	-79.9733	-79.9773	-79.979	-79.9797	-79.98	-79.9801	-79.9801	-79.9802	-79.9802	-79.9802	-79.9802	-79.9803	-79.9803	-79.9804	-79.9805	-79.9807
1.535	-53.1414	-53.2477	-52.659	-51.4745	-49.7784	-47.6179	-45.0054	-41.9274	-38.3546	-34.2507	-29.5802	-24.32	-18.4754	-12.1029	-5.33226	1.62322	8.4717	14.8552	20.3303	24.1903	24.5869	14.0006	-34.364	-60.4201	-71.7089	-76.4945	-78.5126	-79.3624	-79.7201	-79.8707	-79.934	-79.9607	-79.972	-79.9767	-79.9787	-79.9795	-79.9799	-79.98	-79.9801	-79.9801	-79.9802	-79.9802	-79.9802	-79.9802	-79.9803	-79.9804	-79.9805	-79.9807
1.54	-53.4608	-53.5725	-53.0112	-51.8697	-50.2294	-48.1364	-45.6028	-42.6149	-39.1432	-35.1501	-30.5985	-25.4609	-19.7347	-13.4637	-6.76082	0.177947	7.07613	13.5899	19.3034	23.6105	25.0807	18.0228	-26.5742	-56.8071	-70.1324	-75.8188	-78.2256	-79.2411	-79.6689	-79.8491	-79.925	-79.9569	-79.9704	-79.976	-79.9784	-79.9794	-79.9798	-79.98	-79.9801	-79.9801	-79.9801	-79.9802	-79.9802	-79.9802	-79.9803	-79.9804	-79.9805	-79.9807
1.545	-53.7724	-53.8891	-53.3541	-52.2542	-50.6677	-48.64	-46.1829	-43.2829	-39.9099	-36.0259	-31.5917	-26.5765	-20.9704	-14.8055	-8.17892	-1.2688	5.66425	12.2898	18.2102	22.8748	25.0713	20.1562	-16.5991	-52.3404	-68.2323	-75.0127	-77.884	-79.0966	-79.6079	-79.8233	-79.9141	-79.9523	-79.9684	-79.9752	-79.978	-79.9792	-79.9797	-79.98	-79.9801	-79.9801	-79.9801	-79.9801	-79.9802	-79.9802	-79.9803	-79.9804	-79.9805	-79.9807
1.55	-54.0765	-54.1979	-53.6882	-52.6282	-51.0937	-49.1292	-46.7463	-43.9318	-40.6554	-36.8783	-32.56	-27.6665	-22.1818	-16.1272	-9.58454	-2.71436	4.23908	10.9584	17.0601	22.0325	24.8495	21.9553	-4.16275	-46.6611	-65.8675	-74.0275	-77.4714	-78.9231	-79.5348	-79.7926	-79.9011	-79.9468	-79.9661	-79.9742	-79.9776	-79.979	-79.9797	-79.9799	-79.98	-79.9801	-79.9801	-79.9801	-79.9802	-79.9802	-79.9802	-79.9803	-79.9805	-79.9807
1.555	-54.3734	-54.4992	-54.0137	-52.9922	-51.5079	-49.6044	-47.2936	-44.5622	-41.38	-37.7077	-33.5037	-28.731	-23.3685	-17.4277	-10.9758	-4.15613	2.80387	9.60052	15.8641	21.1218	24.5381	23.6357	7.62116	-40.0677	-63.0283	-72.8351	-76.9723	-78.714	-79.447	-79.7556	-79.8856	-79.9403	-79.9633	-79.973	-79.9771	-79.9788	-79.9796	-79.9799	-79.98	-79.98	-79.9801	-79.9801	-79.9801	-79.9802	-79.9802	-79.9803	-79.9805	-79.9807
1.56	-54.6635	-54.7933	-54.331	-53.3465	-51.9107	-50.0661	-47.825	-45.1744	-42.0842	-38.5146	-34.423	-29.7702	-24.5302	-18.7059	-12.3509	-5.59161	1.36188	8.22052	14.629	20.1495	24.0983	24.7272	14.9765	-33.054	-59.8091	-71.4419	-76.3802	-78.4641	-79.3419	-79.7114	-79.8669	-79.9324	-79.96	-79.9716	-79.9765	-79.9786	-79.9794	-79.9798	-79.9799	-79.98	-79.9801	-79.9801	-79.9801	-79.9802	-79.9802	-79.9803	-79.9804	-79.9806
1.565	-54.947	-55.0804	-54.6404	-53.6916	-52.3024	-50.5148	-48.3412	-45.7691	-42.7685	-39.2994	-35.3183	-30.784	-25.6666	-19.961	-13.7083	-7.01844	-0.0838657	6.82178	13.3572	19.1103	23.4876	25.1064	18.4845	-24.9709	-56.0776	-69.8173	-75.684	-78.1682	-79.2167	-79.6586	-79.8447	-79.923	-79.956	-79.9699	-79.9758	-79.9782	-79.9793	-79.9797	-79.9799	-79.98	-79.98	-79.9801	-79.9801	-79.9801	-79.9802	-79.9803	-79.9804	-79.9806
1.57	-55.224	-55.3609	-54.9421	-54.0276	-52.6834	-50.9509	-48.8427	-46.3467	-43.4333	-40.0625	-36.1899	-31.7728	-26.7775	-21.1923	-15.0466	-8.43443	-1.53059	5.40727	12.0511	18.006	22.7287	25.0403	20.4828	-14.4962	-51.4067	-67.8423	-74.8492	-77.8152	-79.0675	-79.5956	-79.8181	-79.9118	-79.9513	-79.9679	-79.9749	-79.9779	-79.9791	-79.9796	-79.9799	-79.98	-79.98	-79.98	-79.9801	-79.9801	-79.9802	-79.9803	-79.9804	-79.9806
1.575	-55.495	-55.6349	-55.2366	-54.3551	-53.0542	-51.3749	-49.3298	-46.9077	-44.0792	-40.8044	-37.0382	-32.7366	-27.863	-22.3993	-16.3646	-9.83759	-2.97566	3.98003	10.7146	16.8468	21.8722	24.7994	22.2793	-1.84101	-45.5163	-65.3864	-73.8273	-77.3878	-78.888	-79.5201	-79.7863	-79.8984	-79.9456	-79.9655	-79.9739	-79.9774	-79.9789	-79.9796	-79.9798	-79.9799	-79.98	-79.98	-79.9801	-79.9801	-79.9802	-79.9802	-79.9804	-79.9806
1.58	-55.7601	-55.9027	-55.5239	-54.6742	-53.4151	-51.787	-49.8031	-47.4525	-44.7067	-41.5255	-37.8637	-33.6759	-28.923	-23.5815	-17.6611	-11.226	-4.41647	2.54336	9.35238	15.6435	20.9506	24.47	23.8879	9.32203	-38.8314	-62.4737	-72.598	-76.8723	-78.6719	-79.4293	-79.7481	-79.8824	-79.9389	-79.9627	-79.9727	-79.9769	-79.9787	-79.9794	-79.9798	-79.9799	-79.98	-79.98	-79.98	-79.9801	-79.9801	-79.9802	-79.9804	-79.9806
1.585	-56.0195	-56.1646	-55.8045	-54.9853	-53.7665	-52.1879	-50.263	-47.9817	-45.3161	-42.2264	-38.6668	-34.591	-29.9575	-24.7387	-18.9352	-12.5981	-5.85056	1.10048	7.96876	14.4016	19.9666	24.0005	24.8431	15.8233	-31.7113	-59.1824	-71.1677	-76.2627	-78.4142	-79.3207	-79.7024	-79.8631	-79.9308	-79.9593	-79.9712	-79.9763	-79.9784	-79.9793	-79.9797	-79.9799	-79.9799	-79.98	-79.98	-79.9801	-79.9801	-79.9802	-79.9803	-79.9805
1.59	-56.2734	-56.4207	-56.0785	-55.2887	-54.1087	-52.5778	-50.7099	-48.4958	-45.9081	-42.9074	-39.4477	-35.482	-30.9669	-25.8705	-20.186	-13.9522	-7.27559	-0.345646	6.56696	13.1234	18.9151	23.3599	25.1177	18.9004	-23.286	-55.3172	-69.4909	-75.5447	-78.109	-79.1916	-79.6479	-79.8401	-79.9211	-79.9552	-79.9695	-79.9755	-79.9781	-79.9792	-79.9796	-79.9798	-79.9799	-79.98	-79.98	-79.98	-79.9801	-79.9802	-79.9803	-79.9805
1.595	-56.522	-56.6712	-56.3462	-55.5846	-54.442	-52.9572	-51.1443	-48.9951	-46.483	-43.569	-40.2072	-36.3495	-31.9512	-26.9769	-21.413	-15.2869	-8.68941	-1.79227	5.1499	11.8114	17.8	22.5796	25.0042	20.8065	-12.3103	-50.4307	-67.4362	-74.6796	-77.7439	-79.0374	-79.5828	-79.8127	-79.9095	-79.9503	-79.9674	-79.9747	-79.9777	-79.979	-79.9795	-79.9798	-79.9799	-79.9799	-79.98	-79.98	-79.9801	-79.9802	-79.9803	-79.9805
1.6	-56.7655	-56.9164	-56.6077	-55.8733	-54.7668	-53.3263	-51.5667	-49.4803	-47.0415	-44.2119	-40.9454	-37.1938	-32.9106	-28.0577	-22.6156	-16.601	-10.09	-3.23675	3.72072	10.4699	16.6321	21.7099	24.7469	22.5985	0.431364	-44.3453	-64.8902	-73.6202	-77.3013	-78.8518	-79.5048	-79.7798	-79.8956	-79.9444	-79.965	-79.9736	-79.9773	-79.9788	-79.9794	-79.9797	-79.9799	-79.9799	-79.98	-79.98	-79.9801	-79.9802	-79.9803	-79.9805
1.605	-57.0041	-57.1564	-56.8634	-56.1552	-55.0834	-53.6857	-51.9774	-49.9517	-47.5839	-44.8363	-41.663	-38.0153	-33.8456	-29.1131	-23.7933	-17.8935	-11.4756	-4.67653	2.28269	9.10356	15.4216	20.7774	24.3972	24.117	10.8543	-37.5852	-61.9077	-72.3545	-76.7691	-78.6284	-79.411	-79.7404	-79.879	-79.9374	-79.962	-79.9724	-79.9767	-79.9786	-79.9793	-79.9797	-79.9798	-79.9799	-79.9799	-79.98	-79.98	-79.9801	-79.9803	-79.9805
1.61	-57.2379	-57.3914	-57.1134	-56.4303	-55.3919	-54.0356	-52.3768	-50.4097	-48.1108	-45.4428	-42.3604	-38.8144	-34.7563	-30.1432	-24.9459	-19.1635	-12.8445	-6.10914	0.839011	7.71644	14.173	19.7814	23.897	24.936	16.5574	-30.3276	-58.5378	-70.8857	-76.1416	-78.3627	-79.2989	-79.6932	-79.8592	-79.9291	-79.9585	-79.9709	-79.9761	-79.9783	-79.9792	-79.9796	-79.9798	-79.9799	-79.9799	-79.98	-79.98	-79.9801	-79.9803	-79.9805
1.615	-57.4671	-57.6216	-57.3579	-56.6989	-55.6929	-54.3763	-52.7653	-50.855	-48.6226	-46.032	-43.0381	-39.5916	-35.6431	-31.148	-26.0731	-20.4101	-14.1952	-7.5323	-0.607399	6.31166	12.8885	18.7179	23.2275	25.1165	19.2817	-21.5128	-54.5229	-69.1521	-75.4007	-78.0479	-79.1656	-79.6369	-79.8354	-79.919	-79.9542	-79.9691	-79.9753	-79.9779	-79.9791	-79.9795	-79.9797	-79.9798	-79.9799	-79.9799	-79.98	-79.9801	-79.9802	-79.9804
1.62	-57.6918	-57.8471	-57.5971	-56.9614	-55.9864	-54.7083	-53.1434	-51.2878	-49.1198	-46.6042	-43.6965	-40.3472	-36.5064	-32.1278	-27.1749	-21.6327	-15.5263	-8.94387	-2.05383	4.89217	11.5708	17.5923	22.4276	24.964	21.1301	-10.0545	-49.413	-67.0134	-74.5034	-77.67	-79.0063	-79.5697	-79.8071	-79.9071	-79.9492	-79.9669	-79.9744	-79.9776	-79.9789	-79.9794	-79.9797	-79.9798	-79.9799	-79.9799	-79.98	-79.9801	-79.9802	-79.9804
1.625	-57.9121	-58.068	-57.8311	-57.2178	-56.2728	-55.0317	-53.5113	-51.7085	-49.6029	-47.1601	-44.3362	-41.0818	-37.3466	-33.0828	-28.2512	-22.8308	-16.8366	-10.3419	-3.49765	3.46114	10.2244	16.4161	21.5456	24.6917	22.9095	2.62212	-43.1534	-64.3797	-73.4064	-77.2119	-78.8143	-79.489	-79.7731	-79.8928	-79.9432	-79.9644	-79.9733	-79.9771	-79.9787	-79.9793	-79.9796	-79.9798	-79.9798	-79.9799	-79.98	-79.9801	-79.9802	-79.9804
1.63	-58.1283	-58.2846	-58.0602	-57.4684	-56.5523	-55.347	-53.8695	-52.1177	-50.0723	-47.7	-44.9575	-41.7959	-38.1641	-34.0134	-29.302	-24.004	-18.1251	-11.7246	-4.93631	2.02187	8.85409	15.1985	20.6021	24.3193	24.3215	12.2183	-36.327	-61.3301	-72.1046	-76.663	-78.5836	-79.3921	-79.7324	-79.8756	-79.9359	-79.9613	-79.972	-79.9765	-79.9784	-79.9792	-79.9796	-79.9797	-79.9798	-79.9799	-79.9799	-79.98	-79.9802	-79.9804
1.635	-58.3404	-58.4969	-58.2844	-57.7133	-56.8251	-55.6543	-54.2183	-52.5157	-50.5285	-48.2244	-45.5611	-42.4898	-38.9593	-34.9198	-30.3275	-25.152	-19.3909	-13.0903	-6.36737	0.577486	7.46356	13.9432	19.594	23.7877	25.0074	17.195	-28.8936	-57.8729	-70.5954	-76.017	-78.3097	-79.2764	-79.6836	-79.8551	-79.9273	-79.9577	-79.9705	-79.9759	-79.9781	-79.9791	-79.9795	-79.9797	-79.9798	-79.9799	-79.9799	-79.98	-79.9802	-79.9804
1.64	-58.5485	-58.705	-58.504	-57.9528	-57.0915	-55.954	-54.558	-52.9029	-50.9719	-48.7338	-46.1474	-43.1641	-39.7326	-35.8024	-31.3277	-26.2746	-20.6332	-14.4376	-7.78859	-0.869124	6.0559	12.6525	18.5186	23.0908	25.1048	19.6382	-19.6467	-53.6919	-68.8001	-75.2516	-77.9847	-79.1389	-79.6255	-79.8306	-79.917	-79.9533	-79.9686	-79.9751	-79.9778	-79.9789	-79.9794	-79.9797	-79.9798	-79.9798	-79.9799	-79.98	-79.9801	-79.9804
1.645	-58.7528	-58.9092	-58.719	-58.1871	-57.3517	-56.2463	-54.8889	-53.2797	-51.4029	-49.2288	-46.7168	-43.8192	-40.4845	-36.6615	-32.3031	-27.3718	-21.8514	-15.765	-9.19786	-2.31527	4.63409	11.3293	17.383	22.2731	24.9204	21.4547	-7.74741	-48.3552	-66.5738	-74.3207	-77.5936	-78.9741	-79.5561	-79.8013	-79.9046	-79.9481	-79.9664	-79.9741	-79.9774	-79.9788	-79.9793	-79.9796	-79.9797	-79.9798	-79.9799	-79.98	-79.9801	-79.9803
1.65	-58.9533	-59.1094	-58.9297	-58.4162	-57.6058	-56.5315	-55.2113	-53.6464	-51.822	-49.7097	-47.2699	-44.4556	-41.2154	-37.4976	-33.2537	-28.4435	-23.045	-17.0714	-10.5933	-3.75834	3.20132	9.97824	16.1988	21.3794	24.6335	23.2083	4.70148	-41.9451	-63.8558	-73.1858	-77.1194	-78.7755	-79.4727	-79.7662	-79.8898	-79.9419	-79.9638	-79.973	-79.9769	-79.9786	-79.9792	-79.9796	-79.9797	-79.9798	-79.9799	-79.98	-79.9801	-79.9803
1.655	-59.1502	-59.3059	-59.1361	-58.6404	-57.8542	-56.8098	-55.5256	-54.0034	-52.2296	-50.177	-47.8072	-45.0739	-41.9258	-38.3111	-34.1799	-29.4897	-24.2137	-18.3559	-11.973	-5.19581	1.7609	8.60398	14.9741	20.4247	24.236	24.5006	13.4202	-35.0529	-60.7402	-71.8482	-76.5537	-78.5374	-79.3726	-79.7241	-79.8721	-79.9344	-79.9606	-79.9717	-79.9763	-79.9783	-79.9791	-79.9795	-79.9797	-79.9798	-79.9799	-79.9799	-79.9801	-79.9803
1.66	-59.3435	-59.4986	-59.3384	-58.8599	-58.0969	-57.0815	-55.832	-54.3511	-52.6261	-50.6312	-48.3291	-45.6744	-42.6162	-39.1023	-35.082	-30.5106	-25.3571	-19.6174	-13.3355	-6.62525	0.31591	7.21013	13.7123	19.4043	23.6729	25.0593	17.7521	-27.3999	-57.1848	-70.2959	-75.8885	-78.255	-79.2533	-79.6738	-79.8509	-79.9255	-79.9569	-79.9701	-79.9757	-79.978	-79.979	-79.9794	-79.9796	-79.9797	-79.9798	-79.9799	-79.9801	-79.9803
1.665	-59.5333	-59.6878	-59.5367	-59.0746	-58.3342	-57.3467	-56.1308	-54.6897	-53.0118	-51.0726	-48.8361	-46.2577	-43.2871	-39.8717	-35.9603	-31.5064	-26.4752	-20.8554	-14.6792	-8.04445	-1.13081	5.79969	12.4154	18.3173	22.9502	25.0843	19.9781	-17.6856	-52.8218	-68.4337	-75.0971	-77.9194	-79.1112	-79.6138	-79.8256	-79.9148	-79.9524	-79.9682	-79.9748	-79.9776	-79.9788	-79.9794	-79.9796	-79.9797	-79.9798	-79.9799	-79.9801	-79.9803
1.67	-59.7198	-59.8735	-59.7311	-59.2849	-58.5662	-57.6058	-56.4222	-55.0195	-53.3872	-51.5018	-49.3287	-46.8243	-43.9389	-40.6199	-36.8153	-32.4772	-27.5677	-22.0692	-16.0029	-9.45135	-2.57659	4.37566	11.0868	17.172	22.1161	24.8742	21.7804	-5.41263	-47.2601	-66.1175	-74.1311	-77.5143	-78.9409	-79.542	-79.7953	-79.902	-79.947	-79.9659	-79.9739	-79.9772	-79.9787	-79.9793	-79.9795	-79.9797	-79.9798	-79.9799	-79.98	-79.9802
1.675	-59.903	-60.0558	-59.9216	-59.4908	-58.7931	-57.8588	-56.7066	-55.341	-53.7526	-51.9191	-49.8073	-47.3747	-44.5721	-41.3471	-37.6473	-33.4234	-28.6348	-23.2584	-17.3055	-10.8441	-4.01883	2.94127	9.73128	15.9801	21.2113	24.5717	23.4912	6.64449	-40.7243	-63.3194	-72.9587	-77.024	-78.7354	-79.4558	-79.7591	-79.8868	-79.9405	-79.9632	-79.9727	-79.9767	-79.9784	-79.9792	-79.9795	-79.9797	-79.9798	-79.9799	-79.98	-79.9802
1.68	-60.0829	-60.2348	-60.1086	-59.6924	-59.015	-58.106	-56.984	-55.6543	-54.1083	-52.325	-50.2724	-47.9093	-45.1871	-42.0539	-38.4567	-34.3452	-29.6765	-24.4225	-18.5858	-12.2208	-5.45502	1.4998	8.35324	14.7486	20.2452	24.1471	24.6543	14.471	-33.7574	-60.137	-71.585	-76.4412	-78.4897	-79.3524	-79.7156	-79.8685	-79.9328	-79.9599	-79.9713	-79.9761	-79.9782	-79.979	-79.9794	-79.9796	-79.9797	-79.9799	-79.98	-79.9802
1.685	-60.2597	-60.4106	-60.2919	-59.89	-59.2322	-58.3475	-57.2549	-55.9598	-54.4547	-52.7198	-50.7245	-48.4286	-45.7846	-42.7408	-39.244	-35.243	-30.6928	-25.5614	-19.8432	-13.58	-6.88277	0.0542956	6.95618	13.4803	19.2125	23.5528	25.0936	18.2432	-25.8374	-56.4707	-69.9866	-75.7561	-78.1986	-79.2293	-79.6637	-79.8466	-79.9236	-79.956	-79.9697	-79.9754	-79.9779	-79.9789	-79.9794	-79.9796	-79.9797	-79.9798	-79.98	-79.9802
1.69	-60.4335	-60.5832	-60.4717	-60.0835	-59.4446	-58.5836	-57.5193	-56.2577	-54.7921	-53.104	-51.1639	-48.9331	-46.365	-43.4082	-40.0095	-36.1171	-31.6841	-26.6748	-21.0768	-14.9202	-8.2999	-1.39245	5.54306	12.1773	18.1141	22.806	25.0566	20.3078	-15.6311	-51.9106	-68.0523	-74.9369	-77.8518	-79.0827	-79.6017	-79.8204	-79.9126	-79.9514	-79.9677	-79.9746	-79.9775	-79.9787	-79.9793	-79.9795	-79.9797	-79.9798	-79.98	-79.9802
1.695	-60.6042	-60.7527	-60.6482	-60.2732	-59.6526	-58.8144	-57.7775	-56.5482	-55.1208	-53.4778	-51.5912	-49.4233	-46.9287	-44.0566	-40.7539	-36.9679	-32.6504	-27.7627	-22.2862	-16.2401	-9.70436	-2.83778	4.1169	10.8435	16.9596	21.957	24.8254	22.1055	-3.07841	-46.1315	-65.645	-73.9346	-77.4323	-78.9064	-79.5275	-79.7892	-79.8994	-79.9458	-79.9654	-79.9736	-79.9771	-79.9785	-79.9792	-79.9795	-79.9797	-79.9798	-79.9799	-79.9802
1.7	-60.772	-60.9192	-60.8213	-60.459	-59.8562	-59.0401	-58.0297	-56.8317	-55.4411	-53.8417	-52.0066	-49.8995	-47.4762	-44.6866	-41.4774	-37.7958	-33.5922	-28.8252	-23.4709	-17.5387	-11.0943	-4.27911	2.681	9.48361	15.7602	21.0412	24.5059	23.7548	8.4327	-39.4932	-62.7712	-72.7251	-76.9256	-78.6941	-79.4384	-79.7517	-79.8836	-79.9392	-79.9625	-79.9724	-79.9766	-79.9783	-79.9791	-79.9794	-79.9796	-79.9798	-79.9799	-79.9801
1.705	-60.9369	-61.0828	-60.9912	-60.6412	-60.0555	-59.2609	-58.2761	-57.1083	-55.7534	-54.196	-52.4107	-50.3624	-48.0081	-45.2985	-42.1806	-38.6012	-34.5096	-29.8623	-24.6304	-18.815	-12.468	-5.71394	1.23859	8.1019	14.5219	20.0634	24.0524	24.783	15.3847	-32.4335	-59.5191	-71.3147	-76.3254	-78.4406	-79.3316	-79.7068	-79.8647	-79.9312	-79.9592	-79.971	-79.9759	-79.9781	-79.979	-79.9794	-79.9796	-79.9797	-79.9799	-79.9801
1.71	-61.099	-61.2436	-61.1579	-60.8198	-60.2506	-59.4768	-58.5168	-57.3784	-56.0579	-54.5411	-52.8037	-50.8123	-48.5248	-45.8929	-42.864	-39.3845	-35.4031	-30.8741	-25.7647	-20.0681	-13.8238	-7.13993	-0.207343	6.70172	13.2471	19.0185	23.4276	25.1123	18.682	-24.1974	-55.7274	-69.6664	-75.6192	-78.1404	-79.2046	-79.6532	-79.8421	-79.9217	-79.9552	-79.9693	-79.9752	-79.9777	-79.9788	-79.9793	-79.9795	-79.9797	-79.9799	-79.9801
1.715	-61.2584	-61.4015	-61.3216	-60.9949	-60.4418	-59.688	-58.7521	-57.642	-56.3548	-54.8772	-53.1862	-51.2496	-49.0268	-46.4702	-43.5279	-40.1463	-36.273	-31.8608	-26.8735	-21.2974	-15.1605	-8.5549	-1.65403	5.28601	11.9383	17.9091	22.6586	25.023	20.6326	-13.4888	-50.9575	-67.6549	-74.7706	-77.7818	-79.0531	-79.5892	-79.8151	-79.9103	-79.9504	-79.9672	-79.9744	-79.9774	-79.9786	-79.9792	-79.9795	-79.9797	-79.9799	-79.9801
1.72	-61.4151	-61.5567	-61.4823	-61.1666	-60.629	-59.8947	-58.9821	-57.8994	-56.6444	-55.2046	-53.5584	-51.6748	-49.5145	-47.031	-44.173	-40.8868	-37.1196	-32.8227	-27.9569	-22.5023	-16.4766	-9.95688	-3.09882	3.85785	10.5994	16.7458	21.7958	24.7743	22.4276	-0.776112	-44.9741	-65.1569	-73.7313	-77.3474	-78.8708	-79.5125	-79.7828	-79.8967	-79.9446	-79.9648	-79.9733	-79.9769	-79.9784	-79.9791	-79.9795	-79.9797	-79.9798	-79.9801
1.725	-61.5691	-61.7092	-61.6401	-61.335	-60.8124	-60.097	-59.207	-58.1509	-56.9269	-55.5238	-53.9208	-52.0883	-49.9884	-47.5758	-44.7997	-41.6067	-37.9434	-33.7601	-29.0147	-23.6825	-17.7713	-11.344	-4.53916	2.42053	9.23524	15.539	20.8691	24.4357	23.9965	10.0552	-38.2527	-62.2114	-72.4851	-76.8242	-78.6513	-79.4204	-79.7441	-79.8804	-79.9377	-79.9619	-79.9721	-79.9764	-79.9782	-79.979	-79.9794	-79.9796	-79.9798	-79.98
1.73	-61.7206	-61.8592	-61.7951	-61.5002	-60.9921	-60.295	-59.4269	-58.3965	-57.2027	-55.8349	-54.2736	-52.4905	-50.449	-48.1049	-45.4084	-42.3063	-38.7448	-34.6732	-30.0472	-24.8375	-19.0434	-12.7146	-5.97255	0.977271	7.84997	14.294	19.8795	23.952	24.888	16.1769	-31.0732	-58.8845	-71.037	-76.2063	-78.39	-79.3102	-79.6977	-79.8608	-79.9295	-79.9584	-79.9706	-79.9758	-79.9779	-79.9789	-79.9793	-79.9796	-79.9798	-79.98
1.735	-61.8695	-62.0065	-61.9472	-61.6623	-61.1683	-60.4888	-59.642	-58.6365	-57.4718	-56.1382	-54.6172	-52.8818	-50.8967	-48.619	-45.9997	-42.9861	-39.5242	-35.5623	-31.0545	-25.9672	-20.2923	-14.067	-7.3967	-0.468992	6.44677	13.0129	18.8224	23.2977	25.1176	19.0804	-22.4725	-54.9518	-69.3344	-75.4778	-78.0803	-79.1791	-79.6424	-79.8375	-79.9197	-79.9543	-79.9689	-79.975	-79.9776	-79.9787	-79.9793	-79.9795	-79.9798	-79.98
1.74	-62.0159	-62.1514	-62.0966	-61.8212	-61.3409	-60.6786	-59.8524	-58.8711	-57.7346	-56.4341	-54.9519	-53.2625	-51.3319	-49.1184	-46.5741	-43.6466	-40.2821	-36.428	-32.0367	-27.0714	-21.5172	-15.4001	-8.80947	-1.91552	5.02856	11.6982	17.7023	22.5081	24.9849	20.9559	-11.269	-49.9622	-67.2411	-74.598	-77.7094	-79.0226	-79.5763	-79.8096	-79.9079	-79.9493	-79.9668	-79.9741	-79.9772	-79.9786	-79.9792	-79.9795	-79.9797	-79.98
1.745	-62.1599	-62.2938	-62.2434	-61.9772	-61.5101	-60.8645	-60.0582	-59.1004	-57.9912	-56.7226	-55.2781	-53.6331	-51.755	-49.6036	-47.132	-44.2884	-41.0189	-37.2705	-32.9942	-28.1501	-22.7177	-16.7124	-10.2089	-3.3597	3.59851	10.3544	16.5306	21.6326	24.7206	22.7435	1.46169	-43.793	-64.6541	-73.5211	-77.2596	-78.834	-79.497	-79.7763	-79.8939	-79.9434	-79.9642	-79.973	-79.9768	-79.9784	-79.9791	-79.9794	-79.9797	-79.9799
1.75	-62.3015	-62.4338	-62.3876	-62.1303	-61.676	-61.0466	-60.2596	-59.3245	-58.2419	-57.0042	-55.596	-53.9938	-52.1665	-50.0752	-47.6739	-44.9118	-41.735	-38.0902	-33.9271	-29.2034	-23.8933	-18.003	-11.5931	-4.79896	2.15989	8.98619	15.3166	20.695	24.3605	24.2143	11.5084	-37.0016	-61.6401	-72.2386	-76.7197	-78.6073	-79.4018	-79.7362	-79.877	-79.9363	-79.9613	-79.9718	-79.9762	-79.9781	-79.979	-79.9794	-79.9797	-79.9799
1.755	-62.4408	-62.5714	-62.5292	-62.2806	-61.8386	-61.2249	-60.4568	-59.5437	-58.4867	-57.279	-55.9058	-54.3451	-52.5668	-50.5334	-48.2003	-45.5173	-42.431	-38.8876	-34.8358	-30.2313	-25.0437	-19.271	-12.9605	-6.23085	0.715873	7.59746	14.065	19.6933	23.8458	24.9707	16.8639	-29.6675	-58.2309	-70.7513	-76.0837	-78.3378	-79.2881	-79.6883	-79.8568	-79.9278	-79.9577	-79.9703	-79.9756	-79.9778	-79.9788	-79.9793	-79.9796	-79.9799
1.76	-62.5778	-62.7068	-62.6684	-62.4281	-61.9981	-61.3996	-60.6498	-59.7581	-58.726	-57.5472	-56.208	-54.6872	-52.9562	-50.9789	-48.7117	-46.1056	-43.1073	-39.663	-35.7207	-31.234	-26.1688	-20.5156	-14.3096	-7.65309	-0.730636	6.19133	12.7775	18.6242	23.1633	25.1113	19.4491	-20.6569	-54.1409	-68.9897	-75.3315	-78.0183	-79.1528	-79.6312	-79.8327	-79.9176	-79.9534	-79.9684	-79.9748	-79.9775	-79.9787	-79.9793	-79.9796	-79.9799
1.765	-62.7125	-62.8398	-62.8052	-62.5728	-62.1545	-61.5708	-60.8387	-59.9678	-58.9598	-57.8091	-56.5026	-55.0205	-53.3352	-51.4119	-49.2086	-46.6769	-43.7644	-40.4171	-36.5821	-32.2118	-27.2684	-21.7361	-15.639	-9.06359	-2.17693	4.77075	11.4572	17.4939	22.3549	24.9431	21.2799	-8.98723	-48.9257	-66.8106	-74.4188	-77.6343	-78.991	-79.563	-79.804	-79.9055	-79.9482	-79.9663	-79.9739	-79.9771	-79.9785	-79.9792	-79.9795	-79.9798
1.77	-62.845	-62.9707	-62.9395	-62.715	-62.3079	-61.7385	-61.0237	-60.1729	-59.1884	-58.0648	-56.7901	-55.3452	-53.704	-51.833	-49.6914	-47.2319	-44.4028	-41.1501	-37.4205	-33.1647	-28.3425	-22.9321	-16.9474	-10.4604	-3.62041	3.3389	10.1087	16.314	21.4675	24.664	23.0492	3.60362	-42.5932	-64.1373	-73.3042	-77.1688	-78.7959	-79.481	-79.7695	-79.891	-79.9421	-79.9637	-79.9728	-79.9766	-79.9783	-79.9791	-79.9795	-79.9798
1.775	-62.9754	-63.0994	-63.0716	-62.8545	-62.4584	-61.903	-61.2048	-60.3736	-59.4118	-58.3146	-57.0706	-55.6618	-54.0631	-52.2425	-50.1605	-47.771	-45.023	-41.8626	-38.2361	-34.0933	-29.3912	-24.1032	-18.234	-11.8417	-5.05851	1.89908	8.73649	15.093	20.5187	24.2802	24.4069	12.7957	-35.7369	-61.057	-71.9857	-76.6121	-78.5618	-79.3826	-79.7281	-79.8735	-79.9348	-79.9606	-79.9715	-79.9761	-79.9781	-79.979	-79.9794	-79.9798
1.78	-63.1036	-63.226	-63.2014	-62.9915	-62.606	-62.0641	-61.3822	-60.5701	-59.6303	-58.5586	-57.3443	-55.9703	-54.4128	-52.6409	-50.6164	-48.2947	-45.6254	-42.555	-39.0295	-34.9977	-30.4145	-25.2491	-19.4978	-13.2059	-6.48882	0.454406	7.3444	13.8347	19.5049	23.734	25.0328	17.4621	-28.2072	-57.5557	-70.4569	-75.9573	-78.284	-79.2653	-79.6787	-79.8527	-79.926	-79.9569	-79.9699	-79.9754	-79.9778	-79.9788	-79.9794	-79.9797
1.785	-63.2298	-63.3506	-63.329	-63.1261	-62.7509	-62.2221	-61.556	-60.7623	-59.8439	-58.797	-57.6116	-56.2712	-54.7534	-53.0284	-51.0596	-48.8035	-46.2106	-43.2278	-39.8011	-35.8783	-31.4127	-26.3695	-20.7381	-14.5515	-7.90909	-0.99226	5.93543	12.5411	18.424	23.0248	25.0953	19.7969	-18.7471	-53.2921	-68.6312	-75.18	-77.9541	-79.1257	-79.6197	-79.8278	-79.9155	-79.9524	-79.968	-79.9746	-79.9774	-79.9787	-79.9793	-79.9797
1.79	-63.3538	-63.473	-63.4544	-63.2583	-62.893	-62.377	-61.7263	-60.9506	-60.053	-59.0301	-57.8725	-56.5647	-55.0852	-53.4056	-51.4905	-49.2978	-46.7789	-43.8815	-40.5513	-36.7355	-32.3859	-27.4645	-21.9542	-15.8772	-9.31724	-2.43824	4.51257	11.2153	17.2839	22.1993	24.8982	21.6051	-6.66454	-47.8504	-66.3634	-74.233	-77.5566	-78.9583	-79.5492	-79.7981	-79.903	-79.9472	-79.9658	-79.9736	-79.977	-79.9785	-79.9792	-79.9796
1.795	-63.4759	-63.5935	-63.5777	-63.3881	-63.0325	-62.5289	-61.8931	-61.1348	-60.2574	-59.2578	-58.1273	-56.851	-55.4085	-53.7727	-51.9095	-49.7781	-47.331	-44.5166	-41.2806	-37.5697	-33.3345	-28.5341	-23.1458	-17.1818	-10.7114	-3.88092	3.07904	9.86219	16.0961	21.3004	24.6042	23.341	5.62189	-41.379	-63.6077	-73.0806	-77.075	-78.7566	-79.4644	-79.7625	-79.888	-79.9408	-79.9631	-79.9725	-79.9765	-79.9783	-79.9791	-79.9795
1.8	-63.596	-63.712	-63.6989	-63.5157	-63.1694	-62.6779	-62.0565	-61.3153	-60.4575	-59.4805	-58.3761	-57.1304	-55.7237	-54.1301	-52.317	-50.2448	-47.8673	-45.1335	-41.9894	-38.3813	-34.2586	-29.5781	-24.3123	-18.4643	-12.0897	-5.31779	1.63812	8.48615	14.8682	20.3404	24.1943	24.5742	13.9256	-34.4539	-60.4613	-71.7263	-76.5013	-78.5149	-79.3628	-79.7197	-79.87	-79.9333	-79.9599	-79.9712	-79.9759	-79.978	-79.979	-79.9795
1.805	-63.7142	-63.8286	-63.818	-63.6409	-63.3038	-62.8239	-62.2167	-61.492	-60.6533	-59.6983	-58.6193	-57.403	-56.0309	-54.4782	-52.7134	-50.6984	-48.3883	-45.7327	-42.6782	-39.1707	-35.1587	-30.5969	-25.4536	-19.7239	-13.4506	-6.74644	0.192887	7.0908	13.6034	19.3143	23.6167	25.0763	17.9866	-26.683	-56.8561	-70.153	-75.827	-78.2285	-79.2418	-79.6687	-79.8485	-79.9242	-79.9561	-79.9695	-79.9752	-79.9777	-79.9788	-79.9794
1.81	-63.8305	-63.9434	-63.9352	-63.764	-63.4358	-62.9673	-62.3738	-61.665	-60.8449	-59.9112	-58.8568	-57.6692	-56.3306	-54.8172	-53.0991	-51.1394	-48.8944	-46.3148	-43.3475	-39.9384	-36.0351	-31.5906	-26.5695	-20.9598	-14.7927	-8.16467	-1.25385	5.67909	12.3036	18.2219	22.8826	25.0712	20.1312	-16.7427	-52.4033	-68.258	-75.0229	-77.8878	-79.0976	-79.6078	-79.8228	-79.9133	-79.9515	-79.9676	-79.9744	-79.9773	-79.9786	-79.9793
1.815	-63.9449	-64.0562	-64.0505	-63.885	-63.5653	-63.1078	-62.5277	-61.8346	-61.0324	-60.1195	-59.089	-57.9291	-56.6228	-55.1475	-53.4745	-51.5681	-49.3862	-46.8802	-43.9978	-40.6848	-36.8881	-32.5593	-27.6599	-22.1716	-16.1147	-9.57043	-2.69942	4.25406	10.9726	17.0723	22.0414	24.8508	21.9306	-4.32681	-46.7394	-65.8996	-74.0402	-77.4761	-78.9246	-79.5349	-79.7921	-79.9004	-79.946	-79.9653	-79.9734	-79.9769	-79.9784	-79.9792
1.82	-64.0575	-64.1673	-64.1638	-64.0039	-63.6925	-63.2458	-62.6786	-62.0007	-61.2161	-60.3233	-59.316	-58.1829	-56.9079	-55.4694	-53.8398	-51.985	-49.864	-47.4294	-44.6296	-41.4103	-37.7182	-33.5034	-28.7248	-23.3586	-17.4153	-10.9618	-4.14124	2.81896	9.61496	15.8769	21.1314	24.5406	23.6153	7.49441	-40.1535	-63.0658	-72.8505	-76.9782	-78.7159	-79.4473	-79.7552	-79.8849	-79.9395	-79.9625	-79.9723	-79.9764	-79.9782	-79.979
1.825	-64.1683	-64.2766	-64.2752	-64.1207	-63.8174	-63.3811	-62.8265	-62.1634	-61.3959	-60.5227	-59.5379	-58.4308	-57.1861	-55.7832	-54.1956	-52.3905	-50.3283	-47.9629	-45.2433	-42.1155	-38.5257	-34.4232	-29.7643	-24.5206	-18.6938	-12.3371	-5.57679	1.37704	8.2352	14.6422	20.1599	24.1028	24.7161	14.9106	-33.1464	-59.8516	-71.4599	-76.3874	-78.4666	-79.3424	-79.7111	-79.8663	-79.9317	-79.9592	-79.9708	-79.9758	-79.9779	-79.9789
1.83	-64.2773	-64.3842	-64.3849	-64.2355	-63.94	-63.5139	-62.9716	-62.3229	-61.5719	-60.7178	-59.7549	-58.6731	-57.4577	-56.0891	-54.542	-52.785	-50.7796	-48.4812	-45.8394	-42.8008	-39.3112	-35.319	-30.7785	-25.6573	-19.9492	-13.6948	-7.00372	-0.0686689	6.83667	13.3709	19.1215	23.4942	25.1031	18.4518	-25.0858	-56.1289	-69.8388	-75.6926	-78.1713	-79.2175	-79.6584	-79.8441	-79.9223	-79.9553	-79.9692	-79.9751	-79.9776	-79.9787
1.835	-64.3846	-64.49	-64.4927	-64.3484	-64.0605	-63.6443	-63.1139	-62.4792	-61.7444	-60.9088	-59.9671	-58.9097	-57.7228	-56.3874	-54.8795	-53.1688	-51.2184	-48.9847	-46.4185	-43.4666	-40.075	-36.1911	-31.7676	-26.7685	-21.1808	-15.0333	-8.41984	-1.51539	5.42233	12.0651	18.0179	22.7369	25.0407	20.4581	-14.6468	-51.4729	-67.8693	-74.8599	-77.8191	-79.0686	-79.5955	-79.8176	-79.9111	-79.9505	-79.9672	-79.9742	-79.9772	-79.9785
1.84	-64.4902	-64.5942	-64.5988	-64.4593	-64.1788	-63.7722	-63.2535	-62.6324	-61.9133	-61.0957	-60.1747	-59.1411	-57.9816	-56.6784	-55.2083	-53.5423	-51.645	-49.4739	-46.9809	-44.1135	-40.8176	-37.0399	-32.7319	-27.8543	-22.388	-16.3515	-9.82313	-2.96047	3.99523	10.7289	16.8593	21.8813	24.801	22.2547	-2.00391	-45.5971	-65.4199	-73.8406	-77.3928	-78.8896	-79.5202	-79.7858	-79.8977	-79.9449	-79.9648	-79.9732	-79.9768	-79.9782
1.845	-64.5941	-64.6967	-64.7032	-64.5684	-64.2951	-63.8978	-63.3904	-62.7826	-62.0788	-61.2787	-60.3777	-59.3672	-58.2344	-56.9623	-55.5287	-53.906	-52.0598	-49.9492	-47.5272	-44.742	-41.5394	-37.8659	-33.6716	-28.9146	-23.5706	-17.6482	-11.2117	-4.40134	2.55866	9.36702	15.6564	20.9604	24.4729	23.8689	9.20617	-38.9183	-62.5123	-72.614	-76.8784	-78.674	-79.4297	-79.7478	-79.8817	-79.9381	-79.9619	-79.972	-79.9762	-79.9779
1.85	-64.6965	-64.7976	-64.8059	-64.6756	-64.4093	-64.0211	-63.5248	-62.9298	-62.2409	-61.4579	-60.5764	-59.5883	-58.4813	-57.2393	-55.8411	-54.26	-52.4632	-50.4112	-48.0579	-45.3525	-42.2409	-38.6694	-34.587	-29.9495	-24.728	-18.9225	-12.584	-5.8355	1.11584	7.98364	14.415	19.9772	24.0055	24.8337	15.7656	-31.8069	-59.2263	-71.1863	-76.2701	-78.4168	-79.3213	-79.7022	-79.8625	-79.93	-79.9585	-79.9705	-79.9755	-79.9776
1.855	-64.7972	-64.897	-64.9069	-64.7811	-64.5215	-64.1422	-63.6566	-63.0742	-62.3998	-61.6333	-60.7708	-59.8045	-58.7226	-57.5097	-56.1456	-54.6048	-52.8558	-50.8602	-48.5735	-45.9455	-42.9227	-39.4509	-35.4784	-30.9592	-25.8601	-20.1736	-13.9382	-7.26062	-0.330245	6.58204	13.1372	18.9266	23.3669	25.1154	18.8704	-23.4076	-55.3712	-69.5134	-75.5537	-78.1123	-79.1925	-79.6478	-79.8396	-79.9204	-79.9544	-79.9688	-79.9748	-79.9771
1.86	-64.8963	-64.9948	-65.0063	-64.8848	-64.6318	-64.261	-63.7859	-63.2158	-62.5555	-61.8052	-60.9611	-60.0159	-58.9584	-57.7737	-56.4426	-54.9407	-53.2377	-51.2967	-49.0744	-46.5215	-43.585	-40.2109	-36.3463	-31.9438	-26.9668	-21.4009	-15.2732	-8.67457	-1.77686	5.16516	11.8257	17.8121	22.588	25.0049	20.7818	-12.4674	-50.5004	-67.4645	-74.6908	-77.7481	-79.0386	-79.5829	-79.8122	-79.9088	-79.9495	-79.9667	-79.9738	-79.9766
1.865	-64.9939	-65.0911	-65.1042	-64.9868	-64.7402	-64.3778	-63.9128	-63.3546	-62.7081	-61.9735	-61.1474	-60.2227	-59.1888	-58.0315	-56.7323	-55.268	-53.6095	-51.7212	-49.561	-47.081	-44.2286	-40.9496	-37.191	-32.9036	-28.0479	-22.6037	-16.5875	-10.0753	-3.22137	3.73611	10.4845	16.6449	21.7192	24.7487	22.5743	0.271976	-44.4283	-64.9249	-73.6342	-77.3066	-78.8534	-79.505	-79.7794	-79.895	-79.9437	-79.9642	-79.9727	-79.976
1.87	-65.09	-65.1859	-65.2005	-65.0871	-64.8468	-64.4925	-64.0374	-63.4908	-62.8577	-62.1384	-61.3298	-60.425	-59.4141	-58.2833	-57.015	-55.587	-53.9713	-52.1339	-50.0339	-47.6244	-44.8537	-41.6678	-38.0129	-33.8389	-29.1036	-23.7817	-17.8803	-11.4611	-4.6612	2.29817	9.1184	15.4347	20.7874	24.4004	24.0997	10.7498	-37.6734	-61.9473	-72.371	-76.7756	-78.6306	-79.4114	-79.7401	-79.8784	-79.9367	-79.9612	-79.9714	-79.9753
1.875	-65.1845	-65.2793	-65.2953	-65.1858	-64.9515	-64.6051	-64.1596	-63.6244	-63.0043	-62.3	-61.5083	-60.623	-59.6343	-58.5292	-57.2909	-55.8979	-54.3237	-52.5354	-50.4935	-48.1524	-45.461	-42.3657	-38.8124	-34.7499	-30.134	-24.9346	-19.1505	-12.8302	-6.0939	0.854554	7.7315	14.1866	19.7922	23.9024	24.9281	16.5069	-30.4269	-58.5833	-70.9051	-76.1494	-78.3655	-79.2996	-79.693	-79.8586	-79.9283	-79.9576	-79.9698	-79.9744
1.88	-65.2777	-65.3712	-65.3886	-65.2829	-65.0544	-64.7157	-64.2797	-63.7555	-63.1481	-62.4583	-61.6832	-60.8167	-59.8497	-58.7695	-57.5601	-56.2011	-54.6669	-52.926	-50.9403	-48.6653	-46.0509	-43.0439	-39.59	-35.6371	-31.1391	-26.0621	-20.3973	-14.1811	-7.51716	-0.591827	6.32692	12.9025	18.7295	23.2349	25.115	19.2537	-21.6416	-54.5797	-69.1757	-75.4101	-78.0513	-79.1666	-79.6368	-79.8349	-79.9183	-79.9534	-79.9679	-79.9734
1.885	-65.3694	-65.4617	-65.4804	-65.3784	-65.1556	-64.8245	-64.3975	-63.8841	-63.2891	-62.6134	-61.8544	-61.0064	-60.0603	-59.0043	-57.823	-56.4968	-55.0012	-53.3061	-51.3746	-49.1635	-46.6239	-43.7028	-40.346	-36.5008	-32.1192	-27.1641	-21.6202	-15.5124	-8.92886	-2.03825	4.9076	11.5852	17.6047	22.4363	24.9649	21.1052	-10.2171	-49.486	-67.0431	-74.5153	-77.6745	-79.0076	-79.5697	-79.8066	-79.9064	-79.9483	-79.9656	-79.9722
1.89	-65.4597	-65.5508	-65.5708	-65.4724	-65.2551	-64.9313	-64.5133	-64.0103	-63.4273	-62.7655	-62.0222	-61.192	-60.2663	-59.2339	-58.0797	-56.7852	-55.327	-53.676	-51.7969	-49.6477	-47.1805	-44.343	-41.081	-37.3413	-33.0745	-28.2407	-22.8185	-16.8229	-10.3271	-3.4821	3.4767	10.2392	16.429	21.5551	24.6937	22.8859	2.46854	-43.2382	-64.4156	-73.4209	-77.2174	-78.8161	-79.4892	-79.7727	-79.8921	-79.9422	-79.9629	-79.9707
1.895	-65.5486	-65.6386	-65.6599	-65.5649	-65.353	-65.0362	-64.6269	-64.1341	-63.563	-62.9145	-62.1865	-61.3737	-60.4679	-59.4582	-58.3305	-57.0667	-55.6445	-54.0362	-52.2076	-50.1181	-47.7211	-44.9649	-41.7955	-38.1591	-34.0054	-29.2918	-23.992	-18.1116	-11.7099	-4.92082	2.03751	8.86911	15.2118	20.6124	24.3229	24.3059	12.1249	-36.4167	-61.3708	-72.1217	-76.6697	-78.5859	-79.3926	-79.7321	-79.8749	-79.9349	-79.9597	-79.969
1.9	-65.6362	-65.7251	-65.7475	-65.6559	-65.4493	-65.1394	-64.7385	-64.2557	-63.696	-63.0606	-62.3475	-61.5516	-60.6652	-59.6776	-58.5754	-57.3414	-55.9541	-54.3868	-52.607	-50.5754	-48.2463	-45.569	-42.4898	-38.9546	-34.9121	-30.3176	-25.1403	-19.3776	-13.0758	-6.35198	0.593187	7.4788	13.9571	19.6051	23.7936	25.001	17.1506	-28.9974	-57.9202	-70.6155	-76.0251	-78.3126	-79.2772	-79.6834	-79.8544	-79.9262	-79.9558	-79.9669
1.905	-65.7224	-65.8103	-65.8338	-65.7454	-65.5439	-65.2408	-64.8482	-64.375	-63.8265	-63.2039	-62.5052	-61.7258	-60.8582	-59.8922	-58.8147	-57.6095	-56.2559	-54.7284	-52.9957	-51.0198	-48.7565	-46.1558	-43.1645	-39.7283	-35.795	-31.3182	-26.2632	-20.6202	-14.4233	-7.7733	-0.853398	6.07133	12.6667	18.5305	23.0986	25.104	19.6116	-19.7829	-53.7517	-68.8248	-75.2615	-77.9883	-79.1399	-79.6254	-79.8299	-79.9158	-79.9512	-79.9644
1.91	-65.8074	-65.8942	-65.9189	-65.8336	-65.637	-65.3405	-64.9559	-64.4922	-63.9545	-63.3443	-62.6598	-61.8965	-61.0471	-60.102	-59.0486	-57.8713	-56.5503	-55.0612	-53.3739	-51.4519	-49.2522	-46.7258	-43.82	-40.4805	-36.6544	-32.2938	-27.3607	-21.8387	-15.7509	-9.1827	-2.29955	4.64968	11.3439	17.3955	22.282	24.9217	21.4297	-7.91391	-48.4314	-66.6049	-74.333	-77.5982	-78.9756	-79.5561	-79.8006	-79.9033	-79.9457	-79.9614
1.915	-65.891	-65.9768	-66.0026	-65.9204	-65.7287	-65.4385	-65.0617	-64.6072	-64.0801	-63.4821	-62.8114	-62.0636	-61.2321	-60.3073	-59.2772	-58.1269	-56.8374	-55.3855	-53.7421	-51.8721	-49.7338	-47.2794	-44.4568	-41.2117	-37.4908	-33.2447	-28.4326	-23.0326	-17.0575	-10.5782	-3.74266	3.21704	9.99316	16.2119	21.3892	24.6357	23.1855	4.5558	-42.0315	-63.8929	-73.2009	-77.1252	-78.7774	-79.4729	-79.7655	-79.8884	-79.9391	-79.9579
1.92	-65.9735	-66.0583	-66.0851	-66.0058	-65.8188	-65.5348	-65.1656	-64.7201	-64.2034	-63.6172	-62.9599	-62.2274	-61.4131	-60.5081	-59.5007	-58.3766	-57.1176	-55.7015	-54.1005	-52.2807	-50.2019	-47.8172	-45.0755	-41.9225	-38.3046	-34.1711	-29.4791	-24.2015	-18.3422	-11.9582	-5.18018	1.7767	8.61917	14.9877	20.4352	24.2401	24.4867	13.3376	-35.1444	-60.7821	-71.8658	-76.5607	-78.5398	-79.373	-79.7235	-79.8705	-79.9312	-79.9536
1.925	-66.0547	-66.1385	-66.1663	-66.0899	-65.9075	-65.6295	-65.2678	-64.831	-64.3244	-63.7497	-63.1055	-62.3878	-61.5904	-60.7046	-59.7192	-58.6205	-57.3911	-56.0096	-54.4495	-52.6782	-50.6568	-48.3397	-45.6764	-42.6132	-39.0961	-35.0735	-30.5003	-25.3452	-19.6041	-13.3208	-6.60972	0.331758	7.22554	13.7264	19.4157	23.6793	25.0542	17.7126	-27.5089	-57.2342	-70.3168	-75.897	-78.258	-79.2539	-79.6732	-79.8491	-79.9217	-79.9485
1.93	-66.1347	-66.2176	-66.2463	-66.1728	-65.9947	-65.7227	-65.3682	-64.94	-64.4432	-63.8797	-63.2482	-62.545	-61.764	-60.8969	-59.9329	-58.8589	-57.6581	-56.3101	-54.7895	-53.065	-51.0989	-48.8472	-46.2601	-43.2844	-39.8658	-35.9521	-31.4964	-26.4635	-20.8423	-14.6648	-8.02903	-1.11494	5.81529	12.4298	18.3294	22.9583	25.0841	19.9523	-17.8295	-52.8848	-68.4596	-75.1074	-77.9231	-79.1121	-79.6132	-79.8236	-79.9104	-79.9424
1.935	-66.2135	-66.2955	-66.3251	-66.2543	-66.0806	-65.8143	-65.4669	-65.047	-64.5598	-64.0072	-63.3882	-62.6991	-61.9341	-61.0851	-60.142	-59.0918	-57.9188	-56.6032	-55.1207	-53.4414	-51.5289	-49.3403	-46.8271	-43.9365	-40.6142	-36.8074	-32.4675	-27.5564	-22.0564	-15.9887	-9.43607	-2.56074	4.39141	11.1016	17.1848	22.1253	24.8756	21.7551	-5.58126	-47.3393	-66.15	-74.144	-77.5191	-78.9421	-79.5415	-79.7931	-79.8968	-79.9351
1.94	-66.2912	-66.3723	-66.4028	-66.3346	-66.1651	-65.9045	-65.5639	-65.1521	-64.6742	-64.1324	-63.5254	-62.8501	-62.1006	-61.2694	-60.3464	-59.3195	-58.1733	-56.8891	-55.4435	-53.8077	-51.9469	-49.8195	-47.3779	-44.57	-41.3418	-37.6396	-33.414	-28.6237	-23.2458	-17.2915	-10.8289	-4.00302	2.95713	9.74638	15.9934	21.2212	24.5743	23.4696	6.50841	-40.812	-63.3576	-72.9743	-77.03	-78.7371	-79.4552	-79.7565	-79.8806	-79.9264
1.945	-66.3677	-66.4479	-66.4794	-66.4137	-66.2484	-65.9931	-65.6592	-65.2553	-64.7866	-64.2552	-63.6601	-62.9981	-62.2638	-61.4498	-60.5465	-59.5421	-58.422	-57.1681	-55.7581	-54.1644	-52.3535	-50.2851	-47.9129	-45.1854	-42.0489	-38.4493	-34.3361	-29.6657	-24.4102	-18.5721	-12.2058	-5.43927	1.51574	8.3686	14.7624	20.2559	24.1516	24.6421	14.3984	-33.8512	-60.1801	-71.6032	-76.4483	-78.4919	-79.3519	-79.7126	-79.8612	-79.916
1.95	-66.4431	-66.5225	-66.5548	-66.4917	-66.3303	-66.0804	-65.753	-65.3568	-64.897	-64.3757	-63.7921	-63.1432	-62.4236	-61.6264	-60.7422	-59.7597	-58.6649	-57.4404	-56.0648	-54.5118	-52.749	-50.7377	-48.4326	-45.7832	-42.736	-39.2369	-35.2341	-30.6823	-25.5493	-19.8297	-13.5652	-6.86712	0.0702834	6.97176	13.4945	19.2241	23.5596	25.0897	18.2079	-25.9522	-56.5223	-70.0082	-75.7646	-78.2013	-79.2288	-79.6602	-79.838	-79.9035
1.955	-66.5174	-66.596	-66.6291	-66.5684	-66.4109	-66.1662	-65.8452	-65.4565	-65.0054	-64.494	-63.9216	-63.2854	-62.5803	-61.7994	-60.9338	-59.9726	-58.9023	-57.7062	-56.3639	-54.8502	-53.1339	-51.1776	-48.9375	-46.3639	-43.4037	-40.0027	-36.1085	-31.6738	-26.663	-21.0636	-14.9056	-8.28436	-1.37645	5.55881	12.192	18.1265	22.8144	25.0568	20.2825	-15.7824	-51.977	-68.0793	-74.9474	-77.8552	-79.0822	-79.5977	-79.8103	-79.8885
1.96	-66.5907	-66.6685	-66.7024	-66.6441	-66.4903	-66.2507	-65.9359	-65.5545	-65.1119	-64.6101	-64.0487	-63.4249	-62.7338	-61.9688	-61.1213	-60.1808	-59.1342	-57.9657	-56.6557	-55.1798	-53.5084	-51.6054	-49.428	-46.9279	-44.0524	-40.7473	-36.9595	-32.6404	-27.7512	-22.2732	-16.2258	-9.68897	-2.8218	4.13281	10.8585	16.9726	21.9664	24.8271	22.0803	-3.24698	-46.2134	-65.6787	-73.9478	-77.4366	-78.9061	-79.5229	-79.7771	-79.8707
1.965	-66.6629	-66.74	-66.7746	-66.7186	-66.5685	-66.3338	-66.0251	-65.6509	-65.2165	-64.7241	-64.1734	-63.5617	-62.8843	-62.1348	-61.3049	-60.3845	-59.361	-58.2192	-56.9403	-55.5011	-53.873	-52.0213	-49.9047	-47.4758	-44.6826	-41.4711	-37.7877	-33.5825	-28.814	-23.4581	-17.5246	-11.0791	-4.26317	2.69701	9.49888	15.7737	21.0514	24.5088	23.7346	8.30748	-39.582	-62.8102	-72.7409	-76.931	-78.6938	-79.4329	-79.7373	-79.8493
1.97	-66.7341	-66.8104	-66.8458	-66.792	-66.6455	-66.4156	-66.1128	-65.7456	-65.3192	-64.8361	-64.2958	-63.6958	-63.0317	-62.2973	-61.4846	-60.5838	-59.5827	-58.4668	-57.2181	-55.8143	-54.228	-52.4259	-50.3679	-48.0079	-45.2948	-42.1746	-38.5933	-34.5002	-29.8513	-24.618	-18.8011	-12.4529	-5.69808	1.25467	8.11742	14.5359	20.0744	24.0574	24.7727	15.3211	-32.53	-59.5634	-71.3332	-76.3318	-78.4404	-79.3253	-79.6897	-79.8237
1.975	-66.8043	-66.8799	-66.916	-66.8644	-66.7214	-66.4961	-66.1991	-65.8387	-65.4202	-64.946	-64.4159	-63.8274	-63.1763	-62.4566	-61.6606	-60.7788	-59.7995	-58.7087	-57.4892	-56.1196	-54.5737	-52.8195	-50.8182	-48.5249	-45.8895	-42.8582	-39.3769	-35.3939	-30.8634	-25.7525	-20.0545	-13.809	-7.12416	-0.191221	6.71745	13.2615	19.0304	23.4348	25.1096	18.6499	-24.3186	-55.7813	-69.6885	-75.627	-78.1403	-79.1971	-79.6328	-79.7931
1.98	-66.8734	-66.9484	-66.9852	-66.9357	-66.7961	-66.5754	-66.284	-65.9302	-65.5194	-65.0539	-64.5337	-63.9565	-63.3181	-62.6127	-61.833	-60.9696	-60.0115	-58.9451	-57.7539	-56.4174	-54.9105	-53.2024	-51.2559	-49.0272	-46.4671	-43.5224	-40.1389	-36.2641	-31.8504	-26.8616	-21.2841	-15.1458	-8.53926	-1.6379	5.30192	11.9531	17.9217	22.6673	25.0237	20.6074	-13.6468	-51.027	-67.6827	-74.7802	-77.7819	-79.0443	-79.5649	-79.7565
1.985	-66.9417	-67.0159	-67.0534	-67.006	-66.8697	-66.6535	-66.3675	-66.0202	-65.6169	-65.16	-64.6494	-64.0831	-63.4571	-62.7657	-62.0018	-61.1564	-60.2189	-59.1762	-58.0123	-56.7078	-55.2386	-53.5751	-51.6815	-49.5152	-47.0281	-44.1677	-40.8797	-37.1109	-32.8126	-27.9452	-22.4893	-16.4622	-9.94138	-3.08271	3.8739	10.6145	16.759	21.8054	24.7762	22.4027	-0.942031	-45.058	-65.1911	-73.7433	-77.3477	-78.8603	-79.4836	-79.7128
1.99	-67.0089	-67.0825	-67.1207	-67.0753	-66.9423	-66.7303	-66.4498	-66.1088	-65.7127	-65.2641	-64.763	-64.2074	-63.5934	-62.9156	-62.1671	-61.3393	-60.4218	-59.402	-58.2647	-56.9912	-55.5584	-53.938	-52.0953	-49.9894	-47.5731	-44.7946	-41.5998	-37.935	-33.7502	-29.0034	-23.6697	-17.7571	-11.3287	-4.5231	2.43669	9.25068	15.5527	20.8795	24.439	23.9779	9.94169	-38.3422	-62.2505	-72.4992	-76.8246	-78.6389	-79.3858	-79.6603
1.995	-67.0752	-67.1483	-67.1871	-67.1436	-67.0137	-66.806	-66.5307	-66.1959	-65.8069	-65.3665	-64.8746	-64.3293	-63.7271	-63.0626	-62.3291	-61.5183	-60.6203	-59.6228	-58.5113	-57.2678	-55.8702	-54.2913	-52.4979	-50.4503	-48.1025	-45.4036	-42.2996	-38.7366	-34.6635	-30.0361	-24.825	-19.0295	-12.6994	-5.95658	0.99349	7.86565	14.3082	19.8907	23.9575	24.8794	16.1214	-31.1724	-58.9291	-71.0535	-76.2068	-78.3752	-79.2689	-79.5975
2	-67.1407	-67.2131	-67.2525	-67.2109	-67.0842	-66.8806	-66.6103	-66.2815	-65.8996	-65.467	-64.9841	-64.449	-63.8582	-63.2067	-62.4878	-61.6937	-60.8145	-59.8387	-58.7522	-57.5377	-56.1741	-54.6353	-52.8895	-50.8982	-48.6168	-45.9951	-42.9797	-39.5163	-35.553	-31.0437	-25.9549	-20.2786	-14.0521	-7.38083	-0.45274	6.46265	13.0275	18.8345	23.3053	25.1158	19.051	-22.5997	-55.0068	-69.3543	-75.4785	-78.0627	-79.1298	-79.5225
2.005	-67.2052	-67.277	-67.3171	-67.2773	-67.1536	-66.954	-66.6887	-66.3658	-65.9906	-65.5658	-65.0917	-64.5665	-63.9869	-63.3479	-62.6434	-61.8654	-61.0047	-60.0499	-58.9876	-57.8012	-56.4705	-54.9705	-53.2706	-51.3337	-49.1165	-46.5697	-43.6405	-40.2744	-36.4189	-32.0262	-27.0594	-21.5038	-15.3853	-8.79373	-1.89927	5.04463	11.7132	17.7152	22.5171	24.986	20.9309	-11.4316	-50.0331	-67.2663	-74.5992	-77.6885	-78.9637	-79.4329
2.01	-67.2688	-67.3401	-67.3807	-67.3428	-67.222	-67.0264	-66.7659	-66.4487	-66.0802	-65.6629	-65.1973	-64.6818	-64.1131	-63.4865	-62.7958	-62.0336	-61.1908	-60.2565	-59.2177	-58.0586	-56.7597	-55.2971	-53.6415	-51.7572	-49.602	-47.1279	-44.2824	-41.0114	-37.2616	-32.9839	-28.1384	-22.7045	-16.6979	-10.1933	-3.34348	3.6147	10.3697	16.544	21.6425	24.7228	22.7193	1.30222	-43.8764	-64.6847	-73.5229	-77.2347	-78.7636	-79.3255
2.015	-67.3316	-67.4023	-67.4436	-67.4074	-67.2894	-67.0976	-66.8419	-66.5303	-66.1682	-65.7583	-65.3011	-64.795	-64.2369	-63.6223	-62.9452	-62.1983	-61.3729	-60.4586	-59.4426	-58.3099	-57.0418	-55.6154	-54.0026	-52.1689	-50.0737	-47.67	-44.906	-41.7278	-38.0816	-33.9171	-29.192	-23.8804	-17.9888	-11.5777	-4.78279	2.17618	9.0018	15.3305	20.7056	24.3643	24.1977	11.408	-37.0891	-61.6744	-72.2404	-76.69	-78.5231	-79.1966
2.02	-67.3935	-67.4637	-67.5055	-67.4711	-67.3559	-67.1678	-66.9168	-66.6106	-66.2548	-65.8521	-65.403	-64.9062	-64.3585	-63.7555	-63.0916	-62.3597	-61.5513	-60.6563	-59.6626	-58.5555	-57.3172	-55.9257	-54.3542	-52.5695	-50.5322	-48.1966	-45.5118	-42.424	-38.8792	-34.8261	-30.2201	-25.0311	-19.257	-12.9453	-6.21477	0.732225	7.61331	14.0793	19.7048	23.8518	24.9638	16.8164	-29.7663	-58.2699	-70.7528	-76.048	-78.237	-79.0425
2.025	-67.4546	-67.5243	-67.5667	-67.5339	-67.4214	-67.237	-66.9905	-66.6897	-66.34	-65.9444	-65.5032	-65.0153	-64.4777	-63.8862	-63.2352	-62.5179	-61.726	-60.8498	-59.8776	-58.7954	-57.5859	-56.2283	-54.6966	-52.9592	-50.9779	-48.7082	-46.1003	-43.1006	-39.6549	-35.7112	-31.2231	-26.1565	-20.5018	-14.2946	-7.63712	-0.714255	6.20738	12.7923	18.6366	23.1714	25.1105	19.4226	-20.7849	-54.1895	-68.9916	-75.2888	-77.8976	-78.8589
2.03	-67.5149	-67.5841	-67.627	-67.5959	-67.4861	-67.3052	-67.0631	-66.7675	-66.4239	-66.035	-65.6017	-65.1225	-64.5948	-64.0144	-63.376	-62.6729	-61.8971	-61.0392	-60.088	-59.0298	-57.8483	-56.5234	-55.0302	-53.3384	-51.4112	-49.2053	-46.6718	-43.7579	-40.4092	-36.5729	-32.2011	-27.2563	-21.7226	-15.6242	-9.04775	-2.16056	4.78696	11.4724	17.507	22.3643	24.9448	21.2563	-9.14562	-48.9879	-66.814	-74.368	-77.4901	-78.6394
2.035	-67.5744	-67.6432	-67.6866	-67.6571	-67.5498	-67.3724	-67.1346	-66.8441	-66.5063	-66.1242	-65.6984	-65.2278	-64.7097	-64.1402	-63.514	-62.8247	-62.0646	-61.2246	-60.2937	-59.259	-58.1046	-56.8113	-55.3553	-53.7075	-51.8325	-49.6883	-47.227	-44.3965	-41.1424	-37.4115	-33.1544	-28.3307	-22.9189	-16.9329	-10.4447	-3.60406	3.35524	10.1242	16.3276	21.4777	24.6669	23.0276	3.46062	-42.6628	-64.1408	-73.2433	-76.9961	-78.3751
2.04	-67.6331	-67.7014	-67.7454	-67.7174	-67.6126	-67.4387	-67.205	-66.9195	-66.5875	-66.2119	-65.7935	-65.3312	-64.8226	-64.2636	-63.6494	-62.9736	-62.2288	-61.4061	-60.495	-59.483	-58.3549	-57.0922	-55.6722	-54.0668	-52.2422	-50.1576	-47.7663	-45.0169	-41.8551	-38.2274	-34.0832	-29.3797	-24.0903	-18.2197	-11.8262	-5.04223	1.91551	8.75227	15.1072	20.5298	24.2848	24.3938	12.7139	-35.806	-61.0576	-71.9119	-76.4051	-78.0579
2.045	-67.691	-67.7589	-67.8034	-67.7769	-67.6746	-67.504	-67.2744	-66.9938	-66.6674	-66.2981	-65.887	-65.4328	-64.9333	-64.3848	-63.7822	-63.1195	-62.3896	-61.5838	-60.692	-59.702	-58.5994	-57.3663	-55.981	-54.4168	-52.6407	-50.6137	-48.2902	-45.6195	-42.5478	-39.021	-34.9879	-30.4033	-25.2364	-19.4838	-13.1906	-6.47263	0.470894	7.36042	13.8493	19.5168	23.7409	25.0288	17.4265	-28.2829	-57.5529	-70.3671	-75.7089	-77.6805
2.05	-67.7482	-67.8157	-67.8606	-67.8357	-67.7358	-67.5684	-67.3428	-67.0669	-66.746	-66.383	-65.9788	-65.5327	-65.0421	-64.5036	-63.9124	-63.2626	-62.5472	-61.7578	-60.8847	-59.9162	-58.8383	-57.6339	-56.2822	-54.7576	-53.0285	-51.0571	-48.7992	-46.2048	-43.2208	-39.7929	-35.8687	-31.4018	-26.3572	-20.7243	-14.5364	-7.89301	-0.975749	5.95165	12.5561	18.4367	23.0337	25.0968	19.7787	-18.8419	-53.288	-68.5225	-74.8821	-77.2319
2.055	-67.8046	-67.8718	-67.9172	-67.8936	-67.7961	-67.6319	-67.4103	-67.139	-66.8233	-66.4665	-66.0692	-65.6308	-65.149	-64.6203	-64.0402	-63.4029	-62.7016	-61.9283	-61.0734	-60.1257	-59.0717	-57.8952	-56.576	-55.0896	-53.4059	-51.4882	-49.2937	-46.7734	-43.8747	-40.5433	-36.7262	-32.3753	-27.4524	-21.9407	-15.8623	-9.30131	-2.42174	4.52895	11.2307	17.2973	22.2094	24.9022	21.5906	-6.77258	-47.8434	-66.2318	-73.8755	-76.692
2.06	-67.8603	-67.9271	-67.973	-67.9509	-67.8556	-67.6945	-67.4767	-67.2099	-66.8995	-66.5486	-66.158	-65.7272	-65.2539	-64.7349	-64.1655	-63.5404	-62.8529	-62.0952	-61.2581	-60.3306	-59.3	-58.1503	-56.8626	-55.4132	-53.7732	-51.9074	-49.7741	-47.3257	-44.51	-41.2728	-37.5607	-33.3241	-28.5222	-23.1325	-17.1671	-10.6956	-3.86446	3.09554	9.87792	16.1101	21.3114	24.6096	23.3305	5.53959	-41.3582	-63.4457	-72.6508	-76.0386
2.065	-67.9153	-67.9817	-68.0281	-68.0073	-67.9144	-67.7563	-67.5422	-67.2798	-66.9745	-66.6294	-66.2454	-65.822	-65.357	-64.8473	-64.2885	-63.6753	-63.0013	-62.2587	-61.4389	-60.5311	-59.5231	-58.3996	-57.1423	-55.7286	-54.1308	-52.3151	-50.241	-47.8622	-45.1271	-41.9818	-38.3725	-34.2485	-29.5666	-24.2993	-18.4499	-12.0741	-5.3014	1.65471	8.50216	14.8827	20.3523	24.2017	24.5716	13.8935	-34.405	-60.2578	-71.2075	-75.2579
2.07	-67.9696	-68.0357	-68.0825	-68.0631	-67.9723	-67.8172	-67.6067	-67.3487	-67.0484	-66.7089	-66.3313	-65.9151	-65.4583	-64.9577	-64.4093	-63.8077	-63.1467	-62.419	-61.6159	-60.7273	-59.7412	-58.643	-57.4152	-56.0361	-54.4791	-52.7116	-50.6948	-48.3833	-45.7266	-42.6709	-39.1622	-35.1488	-30.5857	-25.4409	-19.7097	-13.4353	-6.73014	0.209529	7.10704	13.6184	19.3271	23.6262	25.0815	17.9906	-26.5936	-56.5973	-69.5253	-74.3358
2.075	-68.0232	-68.089	-68.1362	-68.1181	-68.0295	-67.8772	-67.6704	-67.4166	-67.1211	-66.7872	-66.4159	-66.0067	-65.5578	-65.0662	-64.5277	-63.9375	-63.2892	-62.576	-61.7893	-60.9193	-59.9546	-58.881	-57.6816	-56.3359	-54.8183	-53.0975	-51.136	-48.8896	-46.3088	-43.3404	-39.9301	-36.0255	-31.5796	-26.557	-20.946	-14.7775	-8.14849	-1.23719	5.69554	12.319	18.2355	22.8941	25.0824	20.1566	-16.5977	-52.0702	-67.4959	-73.2343
2.08	-68.0762	-68.1416	-68.1893	-68.1725	-68.0859	-67.9365	-67.7331	-67.4834	-67.1928	-66.8642	-66.499	-66.0967	-65.6556	-65.1727	-64.644	-64.0648	-63.429	-62.7298	-61.9591	-61.1073	-60.1632	-59.1135	-57.9418	-56.6284	-55.1488	-53.473	-51.5649	-49.3815	-46.8744	-43.9909	-40.6767	-36.8787	-32.5486	-27.6477	-22.1579	-16.0997	-9.55439	-2.68277	4.27068	10.9884	17.0868	22.0546	24.8666	21.971	-4.12738	-46.3075	-64.9705	-71.89
2.085	-68.1284	-68.1936	-68.2417	-68.2262	-68.1417	-67.995	-67.795	-67.5494	-67.2633	-66.9401	-66.5808	-66.1853	-65.7517	-65.2773	-64.7582	-64.1897	-63.5661	-62.8806	-62.1254	-61.2913	-60.3673	-59.3407	-58.1959	-56.9137	-55.4708	-53.8386	-51.9819	-49.8595	-47.4238	-44.6229	-41.4025	-37.7091	-33.493	-28.7129	-23.3452	-17.4006	-10.946	-4.12463	2.83571	9.63118	15.8921	21.146	24.5594	23.6622	7.70141	-39.5897	-61.9261	-70.2579
2.09	-68.1801	-68.245	-68.2935	-68.2792	-68.1967	-68.0527	-67.8561	-67.6143	-67.3328	-67.0147	-66.6613	-66.2723	-65.8461	-65.38	-64.8703	-64.3123	-63.7005	-63.0284	-62.2883	-61.4714	-60.5671	-59.5629	-58.444	-57.1921	-55.7848	-54.1945	-52.3876	-50.324	-47.9575	-45.2368	-42.1078	-38.5169	-34.413	-29.7527	-24.5075	-18.6793	-12.3214	-5.56025	1.39389	8.25173	14.658	20.1756	24.1231	24.7635	15.0987	-32.375	-58.4365	-68.328
2.095	-68.2311	-68.2957	-68.3446	-68.3315	-68.251	-68.1096	-67.9163	-67.6784	-67.4013	-67.0883	-66.7406	-66.358	-65.939	-65.481	-64.9804	-64.4326	-63.8324	-63.1733	-62.448	-61.6477	-60.7625	-59.7802	-58.6865	-57.4639	-56.0909	-54.541	-52.7822	-50.7755	-48.4759	-45.8331	-42.7933	-39.3026	-35.309	-30.7672	-25.6445	-19.9349	-13.6793	-6.98726	-0.0517553	6.85348	13.3872	19.1382	23.5163	25.155	18.6612	-23.9567	-54.3343	-66.0449
2.1	-68.2814	-68.3458	-68.3951	-68.3832	-68.3046	-68.1658	-67.9756	-67.7415	-67.4688	-67.1607	-66.8186	-66.4422	-66.0303	-65.5802	-65.0884	-64.5507	-63.9617	-63.3154	-62.6044	-61.8205	-60.9538	-59.9927	-58.9234	-57.7292	-56.3893	-54.8787	-53.1661	-51.2144	-48.9796	-46.4123	-43.4594	-40.0666	-36.1814	-31.7566	-26.756	-21.1668	-15.018	-8.4035	-1.49844	5.43938	12.082	18.0358	22.7624	25.1065	20.7409	-13.0168	-49.1502	-63.2434
2.105	-68.3312	-68.3953	-68.4451	-68.4343	-68.3575	-68.2213	-68.0342	-67.8038	-67.5353	-67.232	-66.8953	-66.5251	-66.12	-65.6777	-65.1946	-64.6666	-64.0886	-63.4547	-62.7577	-61.9896	-61.141	-60.2005	-59.155	-57.9882	-56.6805	-55.2076	-53.5398	-51.6411	-49.469	-46.9749	-44.1065	-40.8094	-37.0305	-32.7211	-27.8421	-22.3744	-16.3364	-9.80693	-2.94352	4.01251	10.7465	16.8788	21.9117	24.8849	22.6111	-0.0607371	-42.5909	-59.7328
2.11	-68.3804	-68.4443	-68.4944	-68.4847	-68.4098	-68.276	-68.092	-67.8652	-67.6009	-67.3023	-66.9709	-66.6067	-66.2083	-65.7734	-65.2989	-64.7804	-64.2132	-63.5913	-62.908	-62.1553	-61.3242	-60.4038	-59.3813	-58.2412	-56.9645	-55.5282	-53.9036	-52.0561	-49.9445	-47.5215	-44.7352	-41.5315	-37.8567	-33.6611	-28.9027	-23.5572	-17.6334	-11.1957	-4.38439	2.57617	9.38521	15.6775	20.9946	24.5646	24.2224	10.8891	-35.0169	-55.4646
2.115	-68.4289	-68.4926	-68.5431	-68.5346	-68.4614	-68.3301	-68.1491	-67.9258	-67.6655	-67.3715	-67.0453	-66.6869	-66.2951	-65.8676	-65.4013	-64.8921	-64.3353	-63.7252	-63.0552	-62.3177	-61.5037	-60.6028	-59.6026	-58.4883	-57.2417	-55.8407	-54.2578	-52.4597	-50.4066	-48.0523	-45.3458	-42.2332	-38.6605	-34.5767	-29.9379	-24.7149	-18.9079	-12.5681	-5.81859	1.13355	8.0024	14.4372	20.0131	24.0954	25.1467	17.1141	-26.4086	-50.3359
2.12	-68.4769	-68.5404	-68.5913	-68.5838	-68.5124	-68.3834	-68.2053	-67.9855	-67.7292	-67.4397	-67.1186	-66.7659	-66.3805	-65.9602	-65.5019	-65.0018	-64.4552	-63.8566	-63.1996	-62.4767	-61.6794	-60.7975	-59.819	-58.7298	-57.5123	-56.1454	-54.6027	-52.8524	-50.8558	-48.5681	-45.939	-42.9152	-39.4423	-35.4685	-30.9478	-25.8473	-20.1593	-13.9226	-7.24377	-0.312385	6.6013	13.1605	18.9642	23.4596	25.4377	20.3176	-15.482	-43.7936
2.125	-68.5244	-68.5877	-68.6389	-68.6325	-68.5628	-68.4361	-68.2609	-68.0444	-67.792	-67.5069	-67.1908	-66.8436	-66.4645	-66.0512	-65.6008	-65.1096	-64.5729	-63.9855	-63.3412	-62.6326	-61.8515	-60.988	-60.0306	-58.9657	-57.7765	-56.4425	-54.9388	-53.2344	-51.2924	-49.0691	-46.5152	-43.5778	-40.2024	-36.3366	-31.9327	-26.9542	-21.3868	-15.2577	-8.65779	-1.75886	5.18495	11.8503	17.854	22.6966	25.4033	22.6471	-1.73979	-35.0018
2.13	-68.5712	-68.6344	-68.686	-68.6806	-68.6126	-68.4881	-68.3157	-68.1025	-67.8539	-67.5731	-67.2618	-66.9202	-66.5471	-66.1407	-65.698	-65.2154	-64.6885	-64.112	-63.48	-62.7853	-62.02	-61.1745	-60.2377	-59.1963	-58.0344	-56.7324	-55.2662	-53.6063	-51.717	-49.5559	-47.0749	-44.2215	-40.9414	-37.1815	-32.8928	-28.0357	-22.5899	-16.5723	-10.0586	-3.20321	3.75657	10.5111	16.6928	21.8486	25.2198	24.6677	11.3024	-23.4185
2.135	-68.6176	-68.6805	-68.7325	-68.7281	-68.6617	-68.5395	-68.3698	-68.1599	-67.9149	-67.6384	-67.3318	-66.9955	-66.6284	-66.2286	-65.7935	-65.3193	-64.8019	-64.2361	-63.6161	-62.935	-62.1851	-61.357	-60.4402	-59.4217	-58.2863	-57.0152	-55.5853	-53.9683	-52.1299	-50.029	-47.6186	-44.8469	-41.6598	-38.0037	-33.8283	-29.0916	-23.7682	-17.8652	-11.4445	-4.64287	2.31939	9.14716	15.4882	20.9292	24.8831	26.0366	19.7458	-8.22846
2.14	-68.6633	-68.7261	-68.7784	-68.7751	-68.7103	-68.5903	-68.4232	-68.2164	-67.9751	-67.7027	-67.4008	-67.0697	-66.7084	-66.3152	-65.8873	-65.4214	-64.9132	-64.3579	-63.7496	-63.0818	-62.3468	-61.5358	-60.6383	-59.6421	-58.5324	-57.2911	-55.8963	-54.3208	-52.5315	-50.4887	-48.1467	-45.4543	-42.3579	-38.8034	-34.7397	-30.1223	-24.9213	-19.1356	-12.8137	-6.07538	0.876508	7.76217	14.2441	19.94	24.3788	26.7391	24.6463	9.45962
2.145	-68.7086	-68.7712	-68.8239	-68.8215	-68.7583	-68.6404	-68.476	-68.2723	-68.0345	-67.7661	-67.4688	-67.1427	-66.7871	-66.4003	-65.9796	-65.5217	-65.0226	-64.4774	-63.8805	-63.2257	-62.5053	-61.7108	-60.8322	-59.8576	-58.7728	-57.5605	-56.1996	-54.6641	-52.9222	-50.9356	-48.6597	-46.0444	-43.0363	-39.5812	-35.6271	-31.1277	-26.0491	-20.3827	-14.1647	-7.49847	-0.569173	6.35933	12.9637	18.8843	23.7225	26.9453	27.4617	22.2705
2.15	-68.7533	-68.8158	-68.8688	-68.8674	-68.8057	-68.6899	-68.5281	-68.3274	-68.0931	-67.8287	-67.5357	-67.2146	-66.8646	-66.484	-66.0703	-65.6203	-65.1299	-64.5947	-64.009	-63.3667	-62.6606	-61.8823	-61.022	-60.0684	-59.0078	-57.8235	-56.4954	-54.9986	-53.3024	-51.3701	-49.1581	-46.6176	-43.6955	-40.3375	-36.491	-32.108	-27.1514	-21.6058	-15.4961	-8.91002	-2.01493	4.94169	11.6501	17.7663	22.9326	26.759	28.7077	27.8
2.155	-68.7976	-68.8599	-68.9133	-68.9128	-68.8526	-68.7388	-68.5795	-68.3818	-68.1509	-67.8903	-67.6017	-67.2855	-66.9409	-66.5664	-66.1595	-65.7171	-65.2354	-64.7098	-64.135	-63.505	-62.8128	-62.0502	-61.2078	-60.2746	-59.2374	-58.0804	-56.784	-55.3245	-53.6725	-51.7925	-49.6424	-47.1743	-44.3359	-41.0728	-37.3318	-33.0636	-28.2283	-22.8044	-16.8067	-10.3081	-3.45818	3.51221	10.3065	16.5919	22.0289	26.2816	28.9789	29.5808
2.16	-68.8413	-68.9036	-68.9572	-68.9576	-68.899	-68.7872	-68.6303	-68.4355	-68.2079	-67.9511	-67.6667	-67.3552	-67.016	-66.6475	-66.2473	-65.8124	-65.339	-64.8228	-64.2587	-63.6407	-62.9619	-62.2146	-61.3897	-60.4763	-59.4619	-58.3312	-57.0655	-55.6421	-54.0327	-52.2033	-50.1131	-47.7151	-44.958	-41.7874	-38.1498	-33.9948	-29.2796	-23.9781	-18.0956	-11.6909	-4.89645	2.07388	8.93669	15.3674	21.0326	25.6063	28.7399	29.932
2.165	-68.8845	-68.9467	-69.0007	-69.002	-68.9448	-68.8349	-68.6805	-68.4885	-68.2642	-68.0111	-67.7308	-67.424	-67.09	-66.7272	-66.3335	-65.9059	-65.4408	-64.9338	-64.3801	-63.7737	-63.1082	-62.3758	-61.5678	-60.6737	-59.6814	-58.5763	-57.3403	-55.9517	-54.3835	-52.6029	-50.5704	-48.2405	-45.5623	-42.482	-38.9456	-34.9017	-30.3056	-25.1266	-19.3617	-13.0568	-6.32738	0.629702	7.54453	14.0996	19.9619	24.7982	28.2375	29.7306
2.17	-68.9273	-68.9893	-69.0437	-69.0458	-68.9901	-68.8821	-68.73	-68.5408	-68.3197	-68.0702	-67.794	-67.4917	-67.1628	-66.8057	-66.4184	-65.9979	-65.5408	-65.0428	-64.4992	-63.9042	-63.2515	-62.5337	-61.7421	-60.8669	-59.8961	-58.8157	-57.6085	-56.2537	-54.7252	-52.9917	-51.015	-48.7509	-46.1493	-43.1569	-39.7195	-35.7849	-31.3065	-26.2497	-20.6044	-14.4043	-7.74872	-0.817351	6.13387	12.7947	18.8305	23.8948	27.5828	29.2785
2.175	-68.9696	-69.0315	-69.0862	-69.0892	-69.0348	-68.9288	-68.779	-68.5925	-68.3745	-68.1285	-67.8563	-67.5585	-67.2345	-66.883	-66.5019	-66.0884	-65.639	-65.1498	-64.6161	-64.0322	-63.3921	-62.6884	-61.9129	-61.0559	-60.1061	-59.0497	-57.8704	-56.5481	-55.0581	-53.37	-51.4473	-49.2467	-46.7194	-43.8126	-40.4719	-36.6446	-32.2823	-27.3474	-21.8231	-15.732	-9.15835	-2.2644	4.70845	11.4579	17.6476	22.9167	26.8237	28.683
2.18	-69.0114	-69.0733	-69.1282	-69.1321	-69.0791	-68.9749	-68.8273	-68.6435	-68.4286	-68.1861	-67.9178	-67.6243	-67.3051	-66.9591	-66.584	-66.1773	-65.7356	-65.255	-64.7308	-64.1578	-63.5299	-62.84	-62.0802	-61.241	-60.3114	-59.2784	-58.1261	-56.8354	-55.3825	-53.7383	-51.8676	-49.7285	-47.2732	-44.4496	-41.2034	-37.4812	-33.2335	-28.4196	-23.0173	-17.0389	-10.5543	-3.70869	3.27175	10.0938	16.4201	21.8754	25.9816	27.9849
2.185	-69.0528	-69.1146	-69.1698	-69.1745	-69.1228	-69.0204	-68.8751	-68.6939	-68.482	-68.2429	-67.9783	-67.6891	-67.3747	-67.0339	-66.6648	-66.2648	-65.8305	-65.3582	-64.8435	-64.2811	-63.6651	-62.9887	-62.2441	-61.4222	-60.5123	-59.502	-58.3759	-57.1157	-55.6986	-54.0968	-52.2763	-50.1967	-47.8112	-45.0685	-41.9144	-38.2952	-34.1602	-29.4664	-24.1865	-18.3239	-11.9348	-5.14763	1.82708	8.7062	15.1528	20.7779	25.0674	27.2021
2.19	-69.0937	-69.1554	-69.211	-69.2165	-69.1661	-69.0655	-68.9223	-68.7437	-68.5347	-68.2989	-68.0381	-67.753	-67.4433	-67.1077	-66.7444	-66.3508	-65.9238	-65.4597	-64.9541	-64.402	-63.7976	-63.1344	-62.4046	-61.5996	-60.709	-59.7206	-58.62	-57.3893	-56.0069	-54.446	-52.674	-50.6517	-48.3338	-45.6696	-42.6053	-39.0869	-35.0629	-30.4879	-25.3305	-19.5861	-13.2981	-6.5788	0.377514	7.29886	13.85	19.6291	24.0877	26.3437
2.195	-69.1341	-69.1958	-69.2517	-69.258	-69.2089	-69.11	-68.969	-68.7929	-68.5868	-68.3542	-68.097	-67.816	-67.5108	-67.1803	-66.8226	-66.4354	-66.0155	-65.5594	-65.0627	-64.5207	-63.9277	-63.2772	-62.5619	-61.7733	-60.9014	-59.9344	-58.8584	-57.6563	-56.3074	-54.786	-53.0608	-51.0941	-48.8415	-46.2535	-43.2767	-39.8569	-35.9417	-31.4842	-26.4491	-20.8248	-14.6428	-7.99992	-1.07402	5.87512	12.5152	18.433	23.0471	25.4155
2.2	-69.1742	-69.2358	-69.292	-69.2991	-69.2512	-69.154	-69.0151	-68.8415	-68.6382	-68.4088	-68.1552	-67.8781	-67.5773	-67.2518	-66.8997	-66.5186	-66.1057	-65.6573	-65.1694	-64.6372	-64.0553	-63.4173	-62.7161	-61.9434	-61.0897	-60.1435	-59.0914	-57.9171	-56.6006	-55.1174	-53.4373	-51.5241	-49.3348	-46.8207	-43.929	-40.6056	-36.7972	-32.4556	-27.5423	-22.0394	-15.9676	-9.40891	-2.52476	4.43816	11.1519	17.1933	21.9494	24.4219
2.205	-69.2138	-69.2754	-69.3318	-69.3397	-69.2931	-69.1975	-69.0607	-68.8894	-68.6889	-68.4626	-68.2125	-67.9394	-67.6429	-67.3222	-66.9755	-66.6005	-66.1944	-65.7536	-65.2742	-64.7516	-64.1804	-63.5546	-62.8672	-62.1101	-61.274	-60.3481	-59.3192	-58.1717	-56.8866	-55.4402	-53.8038	-51.9423	-49.8141	-47.3716	-44.5627	-41.3333	-37.6298	-33.4024	-28.61	-23.2293	-17.2713	-10.8038	-3.97209	2.99108	9.76341	15.9133	20.7983	23.3668
2.21	-69.253	-69.3145	-69.3713	-69.3799	-69.3345	-69.2406	-69.1058	-68.9369	-68.7391	-68.5158	-68.2691	-67.9998	-67.7076	-67.3916	-67.0502	-66.6811	-66.2815	-65.8482	-65.3772	-64.8639	-64.3032	-63.6893	-63.0153	-62.2734	-61.4545	-60.5482	-59.5419	-58.4205	-57.1656	-55.7549	-54.1606	-52.349	-50.2799	-47.9068	-45.1784	-42.0406	-38.4397	-34.3248	-29.6523	-24.3943	-18.553	-12.183	-5.41353	1.53686	8.3529	14.5962	19.5969	22.2534
2.215	-69.2918	-69.3533	-69.4103	-69.4197	-69.3755	-69.2832	-69.1503	-68.9837	-68.7886	-68.5683	-68.3249	-68.0593	-67.7713	-67.46	-67.1237	-66.7604	-66.3673	-65.9412	-65.4783	-64.9742	-64.4238	-63.8214	-63.1604	-62.4333	-61.6313	-60.744	-59.7596	-58.6635	-57.438	-56.0617	-54.5081	-52.7447	-50.7326	-48.4266	-45.7763	-42.728	-39.2275	-35.2231	-30.6694	-25.534	-19.8117	-13.5447	-6.84675	0.0783808	6.92356	13.2453	18.3485	21.0852
2.22	-69.3302	-69.3916	-69.4489	-69.459	-69.416	-69.3253	-69.1944	-69.03	-68.8375	-68.6201	-68.3801	-68.1181	-67.8341	-67.5273	-67.1961	-66.8384	-66.4517	-66.0326	-65.5776	-65.0824	-64.5421	-63.951	-63.3028	-62.5901	-61.8043	-60.9357	-59.9725	-58.9009	-57.7039	-56.3609	-54.8465	-53.1296	-51.1727	-48.9317	-46.3572	-43.3959	-39.9936	-36.0978	-31.6613	-26.6484	-21.0468	-14.8876	-8.26957	-1.38157	5.4785	11.8638	17.0564	19.8653
2.225	-69.3681	-69.4296	-69.4872	-69.498	-69.4561	-69.3669	-69.2379	-69.0758	-68.8858	-68.6713	-68.4344	-68.176	-67.8961	-67.5937	-67.2674	-66.9153	-66.5347	-66.1225	-65.6753	-65.1888	-64.6582	-64.0781	-63.4423	-62.7437	-61.9738	-61.1233	-60.1808	-59.133	-57.9636	-56.6528	-55.1763	-53.5043	-51.6005	-49.4224	-46.9214	-44.0448	-40.7385	-36.9492	-32.6284	-27.7373	-22.2577	-16.2103	-9.67996	-2.84033	4.0208	10.4549	15.7238	18.5969
2.23	-69.4057	-69.4672	-69.525	-69.5366	-69.4958	-69.4081	-69.2809	-69.121	-68.9335	-68.7219	-68.4881	-68.2332	-67.9571	-67.6591	-67.3377	-66.9909	-66.6163	-66.2109	-65.7712	-65.2932	-64.7722	-64.2029	-63.5792	-62.8942	-62.1399	-61.3069	-60.3846	-59.3598	-58.2171	-56.9375	-55.4977	-53.869	-52.0166	-49.8992	-47.4694	-44.6753	-41.4625	-37.7777	-33.5709	-28.8008	-23.4439	-17.5119	-11.076	-4.29532	2.55347	9.02182	14.3538	17.2832
2.235	-69.4429	-69.5044	-69.5625	-69.5747	-69.5351	-69.4489	-69.3235	-69.1658	-68.9807	-68.7718	-68.5411	-68.2896	-68.0174	-67.7236	-67.4069	-67.0654	-66.6967	-66.2979	-65.8656	-65.3958	-64.8841	-64.3253	-63.7134	-63.0418	-62.3025	-61.4868	-60.5839	-59.5816	-58.4648	-57.2154	-55.8109	-54.2241	-52.4213	-50.3626	-48.0018	-45.2876	-42.1662	-38.5837	-34.4891	-29.8389	-24.6052	-18.7913	-12.4561	-5.74411	1.07948	7.56779	12.9498	15.9275
2.24	-69.4798	-69.5412	-69.5996	-69.6125	-69.5739	-69.4892	-69.3656	-69.21	-69.0273	-68.8211	-68.5934	-68.3453	-68.0768	-67.7871	-67.475	-67.1387	-66.7757	-66.3834	-65.9583	-65.4966	-64.994	-64.4454	-63.8451	-63.1864	-62.4619	-61.6628	-60.779	-59.7984	-58.7068	-57.4865	-56.1164	-54.5699	-52.815	-50.813	-48.519	-45.8825	-42.8501	-39.3676	-35.3833	-30.8518	-25.7412	-20.0477	-13.8186	-7.1844	-0.398297	6.09601	11.515	14.533
2.245	-69.5162	-69.5776	-69.6363	-69.6499	-69.6124	-69.5291	-69.4073	-69.2537	-69.0733	-68.8698	-68.6451	-68.4003	-68.1354	-67.8498	-67.5422	-67.2109	-66.8536	-66.4675	-66.0494	-65.5957	-65.102	-64.5633	-63.9742	-63.3282	-62.6181	-61.8352	-60.9699	-60.0105	-58.9432	-57.7513	-56.4142	-54.9068	-53.1981	-51.2509	-49.0214	-46.4603	-43.5146	-40.1299	-36.2539	-31.8396	-26.8519	-21.2804	-15.1621	-8.61402	-1.87705	4.60967	10.0529	13.1031
2.25	-69.5523	-69.6137	-69.6727	-69.6869	-69.6505	-69.5685	-69.4485	-69.2969	-69.1189	-68.9179	-68.6961	-68.4545	-68.1932	-67.9115	-67.6084	-67.282	-66.9302	-66.5502	-66.1391	-65.693	-65.2079	-64.6791	-64.1009	-63.4673	-62.7711	-62.0041	-61.1568	-60.218	-59.1743	-58.0098	-56.7048	-55.235	-53.5709	-51.6766	-49.5096	-47.0216	-44.1602	-40.8711	-37.1013	-32.8027	-27.9372	-22.4889	-16.4854	-10.031	-3.35408	3.11194	8.56686	11.6413
2.255	-69.588	-69.6495	-69.7087	-69.7235	-69.6881	-69.6076	-69.4892	-69.3396	-69.1639	-68.9654	-68.7465	-68.508	-68.2502	-67.9724	-67.6736	-67.352	-67.0056	-66.6316	-66.2272	-65.7887	-65.3121	-64.7927	-64.2252	-63.6037	-62.9211	-62.1695	-61.3397	-60.4209	-59.4003	-58.2623	-56.9882	-55.5549	-53.9339	-52.0906	-49.9839	-47.5668	-44.7873	-41.5915	-37.9259	-33.7412	-28.9971	-23.6727	-17.7873	-11.4333	-4.82679	1.60597	7.06026	10.1511
2.26	-69.6234	-69.6849	-69.7444	-69.7598	-69.7254	-69.6462	-69.5295	-69.3819	-69.2083	-69.0124	-68.7962	-68.5609	-68.3065	-68.0325	-67.7379	-67.421	-67.0798	-66.7118	-66.3139	-65.8827	-65.4143	-64.9042	-64.3472	-63.7374	-63.0681	-62.3316	-61.5188	-60.6195	-59.6211	-58.5089	-57.2648	-55.8667	-54.2872	-52.4932	-50.445	-48.0964	-45.3966	-42.2917	-38.7282	-34.6556	-30.0316	-24.8315	-19.067	-12.8194	-6.29269	0.0948391	5.53656	8.63601
2.265	-69.6585	-69.7199	-69.7797	-69.7958	-69.7624	-69.6845	-69.5694	-69.4237	-69.2523	-69.0588	-68.8454	-68.613	-68.362	-68.0918	-67.8013	-67.489	-67.1529	-66.7906	-66.3991	-65.9751	-65.5148	-65.0138	-64.4669	-63.8686	-63.2123	-62.4904	-61.6942	-60.8138	-59.8371	-58.7499	-57.5349	-56.1707	-54.6314	-52.885	-50.8931	-48.6109	-45.9884	-42.9721	-39.5084	-35.546	-31.041	-25.9652	-20.3237	-14.1877	-7.74944	-1.41844	3.99925	7.09969
2.27	-69.6931	-69.7546	-69.8146	-69.8313	-69.7989	-69.7224	-69.6089	-69.465	-69.2958	-69.1047	-68.8939	-68.6645	-68.4168	-68.1502	-67.8638	-67.556	-67.2249	-66.8682	-66.483	-66.066	-65.6136	-65.1213	-64.5845	-63.9973	-63.3536	-62.646	-61.866	-61.004	-60.0484	-58.9854	-57.7985	-56.4673	-54.9667	-53.2662	-51.3287	-49.1107	-46.5632	-43.6333	-40.2671	-36.413	-32.0255	-27.0735	-21.5566	-15.5367	-9.1948	-2.93092	2.45174	5.5458
2.275	-69.7275	-69.789	-69.8493	-69.8666	-69.8351	-69.7598	-69.6479	-69.5059	-69.3388	-69.15	-68.9419	-68.7154	-68.4709	-68.2079	-67.9254	-67.622	-67.2959	-66.9446	-66.5655	-66.1554	-65.7106	-65.227	-64.6998	-64.1236	-63.4922	-62.7984	-62.0342	-61.1901	-60.255	-59.2155	-58.0559	-56.7565	-55.2934	-53.6372	-51.7523	-49.5964	-47.1216	-44.2756	-41.0048	-37.2568	-32.9852	-28.1565	-22.7652	-16.8652	-10.6267	-4.43976	0.897462	3.97801
2.28	-69.7615	-69.8231	-69.8836	-69.9015	-69.8709	-69.7969	-69.6866	-69.5464	-69.3813	-69.1949	-68.9893	-68.7656	-68.5243	-68.2647	-67.9862	-67.6871	-67.3657	-67.0198	-66.6467	-66.2432	-65.806	-65.3308	-64.813	-64.2475	-63.6281	-62.9479	-62.1991	-61.3724	-60.4571	-59.4405	-58.3073	-57.0387	-55.6118	-53.9984	-52.1642	-50.0684	-47.664	-44.8997	-41.7218	-38.0779	-33.9205	-29.2141	-23.9491	-18.1721	-12.0433	-5.94223	-0.660229	2.39999
2.285	-69.7952	-69.8568	-69.9176	-69.936	-69.9064	-69.8337	-69.7248	-69.5864	-69.4233	-69.2392	-69.0361	-68.8153	-68.577	-68.3209	-68.0461	-67.7512	-67.4345	-67.0938	-66.7265	-66.3297	-65.8997	-65.4327	-64.9242	-64.3691	-63.7613	-63.0944	-62.3605	-61.5508	-60.6549	-59.6605	-58.5529	-57.3141	-55.9222	-54.3501	-52.5649	-50.527	-48.1909	-45.5059	-42.4187	-38.8767	-34.8317	-30.2464	-25.108	-19.4565	-13.4427	-7.43573	-2.21805	0.815392
2.29	-69.8286	-69.8903	-69.9512	-69.9703	-69.9416	-69.87	-69.7627	-69.626	-69.4649	-69.283	-69.0824	-68.8643	-68.629	-68.3762	-68.1052	-67.8144	-67.5023	-67.1667	-66.8052	-66.4146	-65.9919	-65.5329	-65.0334	-64.4884	-63.8921	-63.238	-62.5187	-61.7255	-60.8485	-59.8756	-58.7929	-57.583	-56.2249	-54.6927	-52.9547	-50.9729	-48.7028	-46.0947	-43.0959	-39.6536	-35.7191	-31.2537	-26.2416	-20.7175	-14.8233	-8.91779	-3.7728	-0.772205
2.295	-69.8617	-69.9234	-69.9846	-70.0042	-69.9764	-69.906	-69.8001	-69.6652	-69.506	-69.3263	-69.1281	-68.9127	-68.6804	-68.4309	-68.1635	-67.8768	-67.5691	-67.2386	-66.8825	-66.4983	-66.0824	-65.6313	-65.1406	-64.6055	-64.0203	-63.3788	-62.6737	-61.8967	-61.0379	-60.086	-59.0274	-57.8454	-56.5201	-55.0264	-53.3341	-51.4064	-49.2001	-46.6667	-43.7539	-40.4091	-36.5831	-32.2361	-27.3499	-21.9545	-16.1838	-10.3861	-5.32141	-2.35929
2.3	-69.8944	-69.9562	-70.0176	-70.0378	-70.0109	-69.9417	-69.8372	-69.7039	-69.5467	-69.3691	-69.1733	-68.9605	-68.7311	-68.4848	-68.221	-67.9382	-67.635	-67.3093	-66.9587	-66.5805	-66.1715	-65.7281	-65.2459	-64.7205	-64.1462	-63.5169	-62.8257	-62.0643	-61.2234	-60.2918	-59.2566	-58.1018	-56.808	-55.3516	-53.7033	-51.8278	-49.6834	-47.2223	-44.3933	-41.1437	-37.424	-33.1938	-28.4327	-23.1668	-17.5228	-11.8385	-6.86095	-3.94247
2.305	-69.9269	-69.9887	-70.0503	-70.0711	-70.045	-69.977	-69.8739	-69.7423	-69.587	-69.4114	-69.218	-69.0078	-68.7812	-68.5381	-68.2777	-67.9988	-67.6999	-67.3789	-67.0337	-66.6615	-66.2591	-65.8231	-65.3494	-64.8333	-64.2696	-63.6523	-62.9746	-62.2285	-61.4049	-60.4932	-59.4807	-58.3521	-57.089	-55.6685	-54.0628	-52.2378	-50.153	-47.7621	-45.0144	-41.8577	-38.2424	-34.1271	-29.4902	-24.3541	-18.8391	-13.273	-8.38864	-5.51848
2.31	-69.959	-70.0209	-70.0828	-70.104	-70.0788	-70.0119	-69.9103	-69.7803	-69.6268	-69.4533	-69.2621	-69.0545	-68.8307	-68.5907	-68.3337	-68.0586	-67.7638	-67.4476	-67.1075	-66.7411	-66.3453	-65.9166	-65.451	-64.9441	-64.3908	-63.7852	-63.1206	-62.3893	-61.5827	-60.6902	-59.6997	-58.5967	-57.3632	-55.9775	-54.4129	-52.6365	-50.6094	-48.2864	-45.6178	-42.5517	-39.0385	-35.0364	-30.5224	-25.516	-20.1319	-14.6879	-9.90187	-7.08422
2.315	-69.9909	-70.0528	-70.1149	-70.1367	-70.1123	-70.0466	-69.9463	-69.8179	-69.6662	-69.4947	-69.3058	-69.1006	-68.8796	-68.6426	-68.3889	-68.1175	-67.8269	-67.5152	-67.1803	-66.8195	-66.43	-66.0084	-65.5509	-65.053	-64.5097	-63.9155	-63.2637	-62.547	-61.7567	-60.883	-59.914	-58.8356	-57.6309	-56.2788	-54.7538	-53.0245	-51.0531	-48.7958	-46.2039	-43.2261	-39.8128	-35.9219	-31.5294	-26.6524	-21.4002	-16.0815	-11.3982	-8.63676
2.32	-70.0224	-70.0844	-70.1468	-70.1691	-70.1455	-70.0808	-69.9819	-69.8551	-69.7052	-69.5357	-69.349	-69.1462	-68.9279	-68.6938	-68.4435	-68.1757	-67.8891	-67.5818	-67.2519	-66.8967	-66.5134	-66.0988	-65.649	-65.1598	-64.6264	-64.0433	-63.404	-62.7014	-61.9272	-61.0717	-60.1236	-59.0692	-57.8922	-56.5727	-55.086	-53.402	-51.4844	-49.2908	-46.7733	-43.8815	-40.5659	-36.7841	-32.5114	-27.763	-22.6435	-17.4523	-12.8755	-10.1734
2.325	-70.0537	-70.1157	-70.1783	-70.2012	-70.1784	-70.1148	-70.0172	-69.8919	-69.7437	-69.5762	-69.3917	-69.1913	-68.9756	-68.7444	-68.4973	-68.233	-67.9504	-67.6475	-67.3224	-66.9726	-66.5954	-66.1876	-65.7454	-65.2648	-64.741	-64.1687	-63.5416	-62.8528	-62.0942	-61.2564	-60.3285	-59.2975	-58.1475	-56.8594	-55.4097	-53.7695	-51.9039	-49.7717	-47.3264	-44.5182	-41.298	-37.6233	-33.4687	-28.8478	-23.8611	-18.7992	-14.3318	-11.6916
2.33	-70.0847	-70.1468	-70.2096	-70.2329	-70.211	-70.1485	-70.0522	-69.9283	-69.7819	-69.6163	-69.4339	-69.2358	-69.0227	-68.7944	-68.5504	-68.2896	-68.0108	-67.7122	-67.3919	-67.0474	-66.6761	-66.2749	-65.8402	-65.3679	-64.8535	-64.2917	-63.6765	-63.0012	-62.2578	-61.4373	-60.5291	-59.5206	-58.3968	-57.1391	-55.7252	-54.1273	-52.3119	-50.2391	-47.8637	-45.1368	-42.0097	-38.4399	-34.4016	-29.9069	-25.0526	-20.1211	-15.7652	-13.1892
2.335	-70.1154	-70.1776	-70.2406	-70.2645	-70.2433	-70.1818	-70.0868	-69.9644	-69.8197	-69.656	-69.4756	-69.2799	-69.0693	-68.8438	-68.6028	-68.3455	-68.0704	-67.776	-67.4603	-67.121	-66.7555	-66.3608	-65.9333	-65.4692	-64.964	-64.4125	-63.8089	-63.1466	-62.4181	-61.6144	-60.7253	-59.7388	-58.6403	-57.4122	-56.0328	-54.4758	-52.7088	-50.6934	-48.3857	-45.7378	-42.7014	-39.2343	-35.3103	-30.9403	-26.2178	-21.4171	-17.1742	-14.664
2.34	-70.1459	-70.2081	-70.2714	-70.2957	-70.2753	-70.2148	-70.121	-70.0002	-69.8571	-69.6952	-69.5169	-69.3234	-69.1153	-68.8926	-68.6546	-68.4006	-68.1292	-67.8389	-67.5278	-67.1936	-66.8337	-66.4453	-66.0249	-65.5688	-65.0724	-64.531	-63.9387	-63.2892	-62.5751	-61.7878	-60.9174	-59.9522	-58.8783	-57.6787	-56.3328	-54.8152	-53.0949	-51.1351	-48.8929	-46.3216	-43.3737	-40.007	-36.1952	-31.9482	-27.3564	-22.6864	-18.5576	-16.1144
2.345	-70.176	-70.2384	-70.3018	-70.3266	-70.307	-70.2475	-70.155	-70.0356	-69.8941	-69.7341	-69.5578	-69.3665	-69.1608	-68.9407	-68.7058	-68.455	-68.1872	-67.9009	-67.5942	-67.265	-66.9107	-66.5284	-66.115	-65.6666	-65.179	-64.6473	-64.0661	-63.4291	-62.729	-61.9576	-61.1054	-60.1609	-59.1109	-57.939	-56.6254	-55.1459	-53.4708	-51.5645	-49.3857	-46.8887	-44.0269	-40.7584	-37.0567	-32.9307	-28.4683	-23.9286	-19.9141	-17.5388
2.35	-70.2059	-70.2683	-70.332	-70.3573	-70.3384	-70.2799	-70.1886	-70.0706	-69.9307	-69.7725	-69.5982	-69.4091	-69.2058	-68.9883	-68.7563	-68.5087	-68.2445	-67.9621	-67.6597	-67.3353	-66.9864	-66.6102	-66.2035	-65.7627	-65.2836	-64.7615	-64.1911	-63.5662	-62.8798	-62.124	-61.2894	-60.3651	-59.3382	-58.1931	-56.9108	-55.4681	-53.8366	-51.9821	-49.8646	-47.4397	-44.6616	-41.4889	-37.8951	-33.8882	-29.5536	-25.1431	-21.2429	-18.936
2.355	-70.2356	-70.2981	-70.362	-70.3877	-70.3695	-70.3121	-70.2219	-70.1053	-69.967	-69.8105	-69.6381	-69.4512	-69.2502	-69.0354	-68.8061	-68.5617	-68.3009	-68.0224	-67.7243	-67.4046	-67.061	-66.6907	-66.2906	-65.8572	-65.3864	-64.8736	-64.3137	-63.7006	-63.0277	-62.287	-61.4696	-60.5649	-59.5605	-58.4414	-57.1894	-55.7823	-54.1928	-52.3883	-50.33	-47.975	-45.2782	-42.199	-38.7108	-34.8209	-30.6123	-26.3298	-22.5433	-20.3049
2.36	-70.265	-70.3275	-70.3916	-70.4178	-70.4004	-70.3439	-70.2549	-70.1397	-70.0029	-69.8482	-69.6777	-69.4928	-69.2942	-69.0818	-68.8554	-68.614	-68.3566	-68.0818	-67.7879	-67.4729	-67.1344	-66.7699	-66.3762	-65.95	-65.4874	-64.9837	-64.434	-63.8325	-63.1726	-62.4467	-61.646	-60.7604	-59.7778	-58.6839	-57.4613	-56.0885	-54.5397	-52.7834	-50.7824	-48.495	-45.8773	-42.8892	-39.5042	-35.7292	-31.6445	-27.4885	-23.8147	-21.6447
2.365	-70.2941	-70.3568	-70.4211	-70.4477	-70.431	-70.3754	-70.2876	-70.1737	-70.0385	-69.8854	-69.7168	-69.534	-69.3376	-69.1278	-68.904	-68.6657	-68.4116	-68.1405	-67.8506	-67.5401	-67.2067	-66.8478	-66.4605	-66.0413	-65.5866	-65.0918	-64.5522	-63.9619	-63.3147	-62.6031	-61.8188	-60.9517	-59.9904	-58.9209	-57.7267	-56.3872	-54.8777	-53.1679	-51.2222	-49.0003	-46.4593	-43.5599	-40.2758	-36.6134	-32.6505	-28.6192	-25.0569	-22.9547
2.37	-70.323	-70.3857	-70.4502	-70.4773	-70.4613	-70.4067	-70.32	-70.2074	-70.0737	-69.9223	-69.7555	-69.5747	-69.3806	-69.1732	-68.9521	-68.7167	-68.4659	-68.1983	-67.9125	-67.6064	-67.2779	-66.9245	-66.5434	-66.1311	-65.6841	-65.198	-64.6681	-64.0889	-63.454	-62.7565	-61.988	-61.139	-60.1983	-59.1526	-57.9858	-56.6786	-55.207	-53.5421	-51.6499	-49.4912	-47.0247	-44.2116	-41.0261	-37.4738	-33.6306	-29.7219	-26.2697	-24.2347
2.375	-70.3516	-70.4145	-70.4792	-70.5067	-70.4914	-70.4377	-70.3521	-70.2408	-70.1086	-69.9588	-69.7939	-69.615	-69.4231	-69.218	-68.9996	-68.7671	-68.5194	-68.2554	-67.9735	-67.6717	-67.3481	-67.0001	-66.6249	-66.2194	-65.7799	-65.3023	-64.7819	-64.2134	-63.5907	-62.9068	-62.1537	-61.3223	-60.4017	-59.379	-58.239	-56.9628	-55.5279	-53.9065	-52.0658	-49.9684	-47.5739	-44.8448	-41.7554	-38.3109	-34.5849	-30.7968	-27.4529	-25.4843
2.38	-70.38	-70.4429	-70.5079	-70.5358	-70.5212	-70.4684	-70.3839	-70.2739	-70.1431	-69.995	-69.8318	-69.6549	-69.4651	-69.2624	-69.0465	-68.8168	-68.5723	-68.3118	-68.0336	-67.7361	-67.4172	-67.0744	-66.7051	-66.3062	-65.8741	-65.4048	-64.8937	-64.3356	-63.7247	-63.0541	-62.3161	-61.5018	-60.6007	-59.6004	-58.4862	-57.2402	-55.8407	-54.2612	-52.4704	-50.4321	-48.1075	-45.4599	-42.4642	-39.125	-35.514	-31.8441	-28.6067	-26.7035
2.385	-70.4082	-70.4712	-70.5363	-70.5647	-70.5507	-70.4988	-70.4155	-70.3067	-70.1773	-70.0308	-69.8693	-69.6944	-69.5066	-69.3062	-69.0929	-68.866	-68.6245	-68.3673	-68.0929	-67.7996	-67.4853	-67.1477	-66.7841	-66.3916	-65.9667	-65.5054	-65.0034	-64.4556	-63.8561	-63.1985	-62.4752	-61.6775	-60.7954	-59.8169	-58.7278	-57.511	-56.1457	-54.6067	-52.864	-50.8829	-48.626	-46.0575	-43.153	-39.9167	-36.4182	-32.8641	-29.7312	-27.8924
2.39	-70.4361	-70.4992	-70.5645	-70.5934	-70.58	-70.529	-70.4467	-70.3392	-70.2112	-70.0662	-69.9065	-69.7334	-69.5477	-69.3496	-69.1387	-68.9145	-68.6761	-68.4222	-68.1514	-67.8622	-67.5523	-67.2198	-66.8618	-66.4756	-66.0577	-65.6043	-65.1112	-64.5733	-63.985	-63.3401	-62.6311	-61.8497	-60.986	-60.0286	-58.9639	-57.7754	-56.4432	-54.9433	-53.2471	-51.3212	-49.1297	-46.6381	-43.8223	-40.6864	-37.2978	-33.8572	-30.8267	-29.051
2.395	-70.4638	-70.527	-70.5925	-70.6217	-70.6091	-70.5589	-70.4777	-70.3714	-70.2448	-70.1013	-69.9432	-69.772	-69.5884	-69.3924	-69.184	-68.9625	-68.727	-68.4763	-68.2092	-67.9238	-67.6184	-67.2908	-66.9383	-66.5582	-66.1472	-65.7015	-65.217	-64.6888	-64.1115	-63.4789	-62.7839	-62.0183	-61.1726	-60.2357	-59.1946	-58.0335	-56.7334	-55.2713	-53.6199	-51.7474	-49.6192	-47.202	-44.4725	-41.4345	-38.1533	-34.8238	-31.8935	-30.1798
2.4	-70.4912	-70.5546	-70.6203	-70.6499	-70.6379	-70.5885	-70.5083	-70.4033	-70.278	-70.136	-69.9796	-69.8102	-69.6286	-69.4348	-69.2288	-69.0099	-68.7772	-68.5298	-68.2661	-67.9847	-67.6836	-67.3607	-67.0136	-66.6395	-66.2352	-65.7971	-65.321	-64.8023	-64.2357	-63.6151	-62.9336	-62.1834	-61.3552	-60.4383	-59.4202	-58.2856	-57.0165	-55.591	-53.9829	-52.1619	-50.0949	-47.7498	-45.1042	-42.1616	-38.9852	-35.7642	-32.932	-31.279
2.405	-70.5185	-70.5819	-70.6478	-70.6778	-70.6664	-70.6179	-70.5388	-70.4349	-70.311	-70.1705	-70.0157	-69.8481	-69.6684	-69.4767	-69.273	-69.0567	-68.8269	-68.5825	-68.3223	-68.0447	-67.7478	-67.4297	-67.0878	-66.7195	-66.3218	-65.8909	-65.4231	-64.9137	-64.3575	-63.7486	-63.0804	-62.3452	-61.534	-60.6366	-59.6407	-58.5319	-57.2929	-55.9027	-54.3363	-52.5651	-50.5572	-48.282	-45.7178	-42.868	-39.7939	-36.679	-33.9427	-32.3491
2.41	-70.5455	-70.609	-70.6751	-70.7055	-70.6948	-70.6471	-70.5689	-70.4662	-70.3436	-70.2046	-70.0514	-69.8855	-69.7077	-69.5182	-69.3168	-69.1029	-68.8759	-68.6346	-68.3777	-68.1038	-67.8111	-67.4976	-67.1608	-66.7983	-66.4069	-65.9832	-65.5234	-65.023	-64.477	-63.8796	-63.2243	-62.5037	-61.7091	-60.8306	-59.8564	-58.7726	-57.5626	-56.2065	-54.6806	-52.9574	-51.0067	-48.7991	-46.3138	-43.5543	-40.58	-37.5686	-34.926	-33.3905
2.415	-70.5723	-70.6359	-70.7022	-70.733	-70.7229	-70.676	-70.5988	-70.4972	-70.3759	-70.2383	-70.0867	-69.9226	-69.7467	-69.5592	-69.36	-69.1487	-68.9243	-68.686	-68.4325	-68.1622	-67.8735	-67.5645	-67.2327	-66.8758	-66.4906	-66.074	-65.622	-65.1304	-64.5943	-64.0081	-63.3654	-62.659	-61.8806	-61.0205	-60.0673	-59.0078	-57.826	-56.5029	-55.016	-53.3392	-51.4437	-49.3015	-46.8927	-44.2209	-41.3438	-38.4334	-35.8824	-34.4038
2.42	-70.5989	-70.6626	-70.729	-70.7603	-70.7507	-70.7046	-70.6284	-70.528	-70.408	-70.2718	-70.1217	-69.9593	-69.7852	-69.5998	-69.4028	-69.1939	-68.9722	-68.7368	-68.4865	-68.2198	-67.9351	-67.6304	-67.3036	-66.9521	-66.573	-66.1632	-65.7189	-65.2359	-64.7095	-64.1342	-63.5038	-62.8113	-62.0486	-61.2063	-60.2736	-59.2376	-58.0832	-56.7921	-55.3429	-53.7108	-51.8686	-49.7896	-47.455	-44.8685	-42.086	-39.2741	-36.8125	-35.3893
2.425	-70.6252	-70.6891	-70.7557	-70.7873	-70.7783	-70.7331	-70.6578	-70.5585	-70.4397	-70.3049	-70.1564	-69.9956	-69.8233	-69.6399	-69.4451	-69.2385	-69.0195	-68.7869	-68.5398	-68.2766	-67.9958	-67.6954	-67.3733	-67.0272	-66.6541	-66.251	-65.8141	-65.3396	-64.8226	-64.2579	-63.6395	-62.9605	-62.2131	-61.3883	-60.4755	-59.4624	-58.3344	-57.0742	-55.6615	-54.0727	-52.2819	-50.264	-48.0012	-45.4974	-42.807	-40.0911	-37.7166	-36.3478
2.43	-70.6514	-70.7153	-70.7821	-70.8141	-70.8057	-70.7612	-70.6869	-70.5887	-70.4712	-70.3377	-70.1907	-70.0315	-69.8611	-69.6796	-69.4869	-69.2827	-69.0662	-68.8365	-68.5924	-68.3326	-68.0556	-67.7594	-67.4421	-67.1011	-66.7339	-66.3372	-65.9077	-65.4414	-64.9336	-64.3792	-63.7725	-63.1068	-62.3743	-61.5665	-60.673	-59.6821	-58.5798	-57.3496	-55.9721	-54.425	-52.684	-50.7251	-48.5318	-46.1082	-43.5073	-40.8849	-38.5955	-37.2796
2.435	-70.6774	-70.7414	-70.8084	-70.8407	-70.8329	-70.7892	-70.7158	-70.6187	-70.5023	-70.3702	-70.2247	-70.0671	-69.8984	-69.7189	-69.5283	-69.3264	-69.1124	-68.8854	-68.6444	-68.388	-68.1146	-67.8226	-67.5098	-67.1739	-66.8124	-66.4221	-65.9998	-65.5414	-65.0426	-64.4984	-63.9031	-63.2502	-62.5323	-61.7409	-60.8663	-59.897	-58.8196	-57.6184	-56.275	-54.7683	-53.0752	-51.1733	-49.0472	-46.7014	-44.1874	-41.6561	-39.4496	-38.1854
2.44	-70.7031	-70.7672	-70.8344	-70.8671	-70.8599	-70.8169	-70.7445	-70.6484	-70.5332	-70.4024	-70.2583	-70.1024	-69.9354	-69.7577	-69.5692	-69.3695	-69.158	-68.9337	-68.6957	-68.4426	-68.1728	-67.8848	-67.5765	-67.2456	-66.8897	-66.5056	-66.0902	-65.6397	-65.1496	-64.6153	-64.0311	-63.3908	-62.6871	-61.9118	-61.0555	-60.1071	-59.0539	-57.8809	-56.5704	-55.1027	-53.4559	-51.6091	-49.548	-47.2775	-44.8479	-42.4052	-40.2795	-39.0657
2.445	-70.7286	-70.7929	-70.8602	-70.8933	-70.8867	-70.8444	-70.7729	-70.6778	-70.5638	-70.4344	-70.2917	-70.1373	-69.972	-69.7962	-69.6097	-69.4122	-69.2031	-68.9815	-68.7464	-68.4964	-68.2303	-67.9462	-67.6423	-67.3163	-66.9657	-66.5878	-66.1792	-65.7362	-65.2548	-64.7301	-64.1568	-63.5286	-62.8388	-62.0792	-61.2407	-60.3127	-59.283	-58.1372	-56.8587	-55.4286	-53.8265	-52.0329	-50.0345	-47.8369	-45.4892	-43.1326	-41.0856	-39.9211
2.45	-70.754	-70.8183	-70.8859	-70.9193	-70.9132	-70.8717	-70.801	-70.707	-70.5942	-70.466	-70.3247	-70.1719	-70.0083	-69.8342	-69.6497	-69.4544	-69.2477	-69.0287	-68.7964	-68.5496	-68.287	-68.0067	-67.7071	-67.3859	-67.0406	-66.6686	-66.2667	-65.8312	-65.3581	-64.8428	-64.28	-63.6638	-62.9875	-62.2431	-61.422	-60.5139	-59.507	-58.3876	-57.1399	-55.7462	-54.1873	-52.445	-50.5073	-48.3803	-46.1119	-43.839	-41.8686	-40.7521
2.455	-70.7791	-70.8436	-70.9113	-70.9451	-70.9395	-70.8987	-70.8289	-70.7359	-70.6243	-70.4973	-70.3575	-70.2061	-70.0442	-69.8719	-69.6894	-69.4962	-69.2917	-69.0753	-68.8458	-68.6021	-68.3429	-68.0664	-67.771	-67.4544	-67.1144	-66.7482	-66.3527	-65.9245	-65.4596	-64.9534	-64.401	-63.7965	-63.1332	-62.4038	-61.5996	-60.7107	-59.726	-58.6322	-57.4144	-56.0559	-54.5387	-52.8459	-50.9668	-48.908	-46.7165	-44.5249	-42.629	-41.5592
2.46	-70.8041	-70.8687	-70.9365	-70.9707	-70.9656	-70.9256	-70.8566	-70.7646	-70.6541	-70.5284	-70.3899	-70.24	-70.0797	-69.9092	-69.7286	-69.5375	-69.3353	-69.1214	-68.8946	-68.654	-68.3981	-68.1253	-67.8339	-67.5219	-67.187	-66.8264	-66.4373	-66.0162	-65.5593	-65.0621	-64.5198	-63.9266	-63.2761	-62.5612	-61.7734	-60.9034	-59.9401	-58.8712	-57.6824	-56.358	-54.881	-53.236	-51.4135	-49.4206	-47.3036	-45.1908	-43.3673	-42.3429
2.465	-70.8289	-70.8935	-70.9616	-70.9961	-70.9916	-70.9522	-70.8841	-70.7931	-70.6837	-70.5592	-70.422	-70.2736	-70.1149	-69.9461	-69.7674	-69.5783	-69.3784	-69.1669	-68.9429	-68.7052	-68.4525	-68.1834	-67.896	-67.5885	-67.2585	-66.9035	-66.5206	-66.1064	-65.6572	-65.1688	-64.6363	-64.0542	-63.4163	-62.7154	-61.9437	-61.0919	-60.1496	-59.1048	-57.9441	-56.6526	-55.2146	-53.6157	-51.8477	-49.9185	-47.8736	-45.8371	-44.0839	-43.1039
2.47	-70.8534	-70.9182	-70.9864	-71.0213	-71.0173	-70.9786	-70.9114	-70.8213	-70.713	-70.5897	-70.4539	-70.3069	-70.1497	-69.9827	-69.8057	-69.6187	-69.421	-69.2119	-68.9905	-68.7557	-68.5063	-68.2407	-67.9573	-67.6541	-67.3289	-66.9794	-66.6025	-66.1951	-65.7535	-65.2736	-64.7507	-64.1794	-63.5537	-62.8666	-62.1105	-61.2765	-60.3545	-59.3332	-58.1997	-56.94	-55.5396	-53.9853	-52.2699	-50.4022	-48.427	-46.4645	-44.7796	-43.8425
2.475	-70.8778	-70.9427	-71.0111	-71.0463	-71.0428	-71.0048	-70.9384	-70.8493	-70.7421	-70.62	-70.4854	-70.3399	-70.1842	-70.0188	-69.8437	-69.6587	-69.4631	-69.2564	-69.0376	-68.8057	-68.5593	-68.2972	-68.0176	-67.7187	-67.3983	-67.054	-66.6831	-66.2823	-65.8482	-65.3766	-64.863	-64.3023	-63.6884	-63.0148	-62.2739	-61.4572	-60.555	-59.5564	-58.4493	-57.2205	-55.8564	-54.3451	-52.6806	-50.8723	-48.9643	-47.0735	-45.4547	-44.5595
2.48	-70.902	-70.967	-71.0356	-71.0711	-71.0681	-71.0308	-70.9652	-70.8771	-70.7709	-70.65	-70.5167	-70.3725	-70.2184	-70.0546	-69.8813	-69.6982	-69.5048	-69.3004	-69.0841	-68.855	-68.6117	-68.353	-68.0772	-67.7824	-67.4667	-67.1276	-66.7624	-66.3681	-65.9412	-65.4778	-64.9733	-64.4228	-63.8206	-63.1601	-62.434	-61.6342	-60.7512	-59.7747	-58.6932	-57.4943	-56.1653	-54.6955	-53.08	-51.329	-49.4861	-47.6646	-46.1099	-45.2552
2.485	-70.9261	-70.9912	-71.0599	-71.0957	-71.0933	-71.0566	-70.9918	-70.9046	-70.7994	-70.6797	-70.5477	-70.4049	-70.2522	-70.0901	-69.9185	-69.7373	-69.546	-69.3438	-69.1301	-68.9037	-68.6635	-68.4081	-68.1359	-67.8453	-67.5341	-67.2	-66.8405	-66.4525	-66.0326	-65.5772	-65.0816	-64.5412	-63.9502	-63.3025	-62.5909	-61.8075	-60.9432	-59.9883	-58.9316	-57.7616	-56.4666	-55.0369	-53.4687	-51.7729	-49.9928	-48.2382	-46.7456	-45.9302
2.49	-70.9499	-71.0152	-71.084	-71.1202	-71.1182	-71.0822	-71.0182	-70.9319	-70.8278	-70.7092	-70.5784	-70.4369	-70.2858	-70.1252	-69.9554	-69.776	-69.5867	-69.3868	-69.1755	-68.9518	-68.7145	-68.4624	-68.1939	-67.9072	-67.6004	-67.2713	-66.9173	-66.5355	-66.1226	-65.6748	-65.188	-64.6574	-64.0774	-63.4422	-62.7446	-61.9772	-61.1312	-60.1971	-59.1646	-58.0226	-56.7604	-55.3695	-53.8469	-52.2045	-50.4849	-48.795	-47.3624	-46.585
2.495	-70.9736	-71.0389	-71.108	-71.1444	-71.1429	-71.1076	-71.0444	-70.959	-70.8559	-70.7384	-70.6088	-70.4687	-70.319	-70.16	-69.9918	-69.8143	-69.6271	-69.4293	-69.2204	-68.9993	-68.765	-68.516	-68.251	-67.9683	-67.6658	-67.3416	-66.9929	-66.6172	-66.211	-65.7708	-65.2925	-64.7714	-64.2022	-63.5791	-62.8953	-62.1435	-61.3152	-60.4014	-59.3923	-58.2775	-57.0471	-55.6936	-54.2151	-52.624	-50.9628	-49.3354	-47.9608	-47.2202
2.5	-70.9971	-71.0626	-71.1318	-71.1685	-71.1675	-71.1328	-71.0704	-70.9859	-70.8838	-70.7674	-70.639	-70.5002	-70.3519	-70.1944	-70.0279	-69.8523	-69.6669	-69.4714	-69.2648	-69.0463	-68.8148	-68.569	-68.3074	-68.0285	-67.7303	-67.4108	-67.0674	-66.6975	-66.2979	-65.8652	-65.3951	-64.8834	-64.3247	-63.7134	-63.043	-62.3063	-61.4954	-60.6013	-59.6149	-58.5265	-57.3269	-56.0095	-54.5735	-53.032	-51.4272	-49.86	-48.5413	-47.8363
2.505	-71.0204	-71.086	-71.1553	-71.1924	-71.1919	-71.1578	-71.0961	-71.0125	-70.9114	-70.7961	-70.6689	-70.5314	-70.3845	-70.2285	-70.0637	-69.8898	-69.7064	-69.513	-69.3087	-69.0927	-68.864	-68.6212	-68.3631	-68.0879	-67.7939	-67.479	-67.1408	-66.7766	-66.3835	-65.9579	-65.496	-64.9933	-64.4449	-63.8452	-63.1878	-62.4659	-61.6718	-60.797	-59.8326	-58.7698	-57.6	-56.3176	-54.9226	-53.4289	-51.8783	-50.3692	-49.1045	-48.4337
2.51	-71.0436	-71.1093	-71.1788	-71.2162	-71.2161	-71.1826	-71.1217	-71.039	-70.9388	-70.8246	-70.6986	-70.5623	-70.4167	-70.2623	-70.0991	-69.9269	-69.7455	-69.5541	-69.3521	-69.1386	-68.9126	-68.6728	-68.418	-68.1465	-67.8565	-67.5461	-67.213	-66.8544	-66.4676	-66.0491	-65.5951	-65.1013	-64.5629	-63.9744	-63.3298	-62.6223	-61.8445	-60.9884	-60.0456	-59.0075	-57.8666	-56.618	-55.2626	-53.8149	-52.3166	-50.8635	-49.6508	-49.0132
2.515	-71.0666	-71.1324	-71.202	-71.2397	-71.2401	-71.2073	-71.1471	-71.0652	-70.966	-70.8528	-70.728	-70.593	-70.4487	-70.2958	-70.1341	-69.9637	-69.7841	-69.5948	-69.395	-69.184	-68.9606	-68.7238	-68.4722	-68.2043	-67.9183	-67.6123	-67.2841	-66.9311	-66.5504	-66.1387	-65.6924	-65.2073	-64.6787	-64.1012	-63.469	-62.7756	-62.0138	-61.1759	-60.2539	-59.2399	-58.127	-56.911	-55.5938	-54.1906	-52.7427	-51.3434	-50.1808	-49.575
2.52	-71.0894	-71.1553	-71.2251	-71.2631	-71.264	-71.2317	-71.1723	-71.0912	-70.993	-70.8808	-70.7571	-70.6233	-70.4805	-70.3289	-70.1688	-70.0001	-69.8223	-69.635	-69.4374	-69.2288	-69.008	-68.7741	-68.5257	-68.2613	-67.9792	-67.6776	-67.3542	-67.0065	-66.6318	-66.2269	-65.7881	-65.3115	-64.7924	-64.2256	-63.6055	-62.9258	-62.1795	-61.3594	-60.4577	-59.4671	-58.3813	-57.1968	-55.9166	-54.5562	-53.1568	-51.8093	-50.695	-50.1199
2.525	-71.1121	-71.1781	-71.2481	-71.2863	-71.2877	-71.256	-71.1973	-71.117	-71.0197	-70.9086	-70.786	-70.6535	-70.5119	-70.3617	-70.2032	-70.0361	-69.8602	-69.6748	-69.4794	-69.2731	-69.0549	-68.8238	-68.5785	-68.3176	-68.0393	-67.7419	-67.4232	-67.0808	-66.7119	-66.3136	-65.8822	-65.4138	-64.904	-64.3477	-63.7394	-63.0731	-62.3419	-61.539	-60.657	-59.6891	-58.6296	-57.4758	-56.2312	-54.9121	-53.5594	-52.2618	-51.1939	-50.6483
2.53	-71.1346	-71.2008	-71.2709	-71.3094	-71.3112	-71.2801	-71.2221	-71.1427	-71.0463	-70.9362	-70.8147	-70.6833	-70.543	-70.3943	-70.2373	-70.0718	-69.8976	-69.7142	-69.5209	-69.3169	-69.1012	-68.8729	-68.6307	-68.3731	-68.0986	-67.8053	-67.4912	-67.1539	-66.7908	-66.3989	-65.9746	-65.5143	-65.0136	-64.4675	-63.8708	-63.2174	-62.5011	-61.7149	-60.8522	-59.9063	-58.8723	-57.7481	-56.538	-55.2587	-53.9509	-52.7013	-51.678	-51.1607
2.535	-71.157	-71.2232	-71.2935	-71.3323	-71.3345	-71.304	-71.2467	-71.1681	-71.0726	-70.9635	-70.8431	-70.7129	-70.5739	-70.4265	-70.271	-70.1071	-69.9347	-69.7532	-69.5619	-69.3602	-69.147	-68.9214	-68.6822	-68.4279	-68.157	-67.8678	-67.5582	-67.2259	-66.8684	-66.4827	-66.0656	-65.6131	-65.1212	-64.5851	-63.9996	-63.359	-62.657	-61.8872	-61.0431	-60.1187	-59.1095	-58.0139	-56.8371	-55.5962	-54.3317	-53.1283	-52.1477	-51.6576
2.54	-71.1792	-71.2455	-71.3159	-71.355	-71.3577	-71.3277	-71.2711	-71.1933	-71.0987	-70.9906	-70.8712	-70.7422	-70.6045	-70.4585	-70.3044	-70.1421	-69.9714	-69.7917	-69.6025	-69.403	-69.1923	-68.9693	-68.733	-68.4819	-68.2147	-67.9294	-67.6242	-67.2969	-66.9448	-66.5653	-66.1549	-65.7102	-65.2269	-64.7006	-64.126	-63.4978	-62.8098	-62.056	-61.2301	-60.3265	-59.3412	-58.2735	-57.1288	-55.9249	-54.7022	-53.5431	-52.6036	-52.1396
2.545	-71.2012	-71.2677	-71.3382	-71.3776	-71.3807	-71.3513	-71.2954	-71.2184	-71.1246	-71.0175	-70.8992	-70.7713	-70.6348	-70.4901	-70.3375	-70.1768	-70.0077	-69.8299	-69.6427	-69.4453	-69.237	-69.0167	-68.7832	-68.5353	-68.2715	-67.9902	-67.6893	-67.3667	-67.0201	-66.6465	-66.2428	-65.8056	-65.3308	-64.8139	-64.25	-63.6339	-62.9596	-62.2213	-61.4131	-60.5298	-59.5678	-58.5269	-57.4134	-56.2452	-55.0627	-53.9461	-53.0462	-52.6071
2.55	-71.2231	-71.2897	-71.3604	-71.4	-71.4035	-71.3747	-71.3195	-71.2432	-71.1504	-71.0442	-70.9269	-70.8001	-70.6648	-70.5215	-70.3703	-70.2111	-70.0437	-69.8677	-69.6824	-69.4872	-69.2812	-69.0634	-68.8328	-68.588	-68.3277	-68.0501	-67.7534	-67.4356	-67.0941	-66.7264	-66.3293	-65.8994	-65.4328	-64.9252	-64.3718	-63.7674	-63.1064	-62.3833	-61.5923	-60.7287	-59.7893	-58.7745	-57.6911	-56.5574	-55.4135	-54.3379	-53.4758	-53.0607
2.555	-71.2448	-71.3115	-71.3824	-71.4223	-71.4262	-71.3979	-71.3433	-71.2679	-71.1759	-71.0706	-70.9544	-70.8287	-70.6946	-70.5526	-70.4027	-70.2451	-70.0793	-69.9051	-69.7217	-69.5286	-69.3249	-69.1097	-68.8818	-68.6401	-68.383	-68.1092	-67.8166	-67.5034	-67.167	-66.805	-66.4143	-65.9916	-65.533	-65.0344	-64.4912	-63.8983	-63.2504	-62.542	-61.7678	-60.9233	-60.0059	-59.0164	-57.9621	-56.8617	-55.755	-54.7187	-53.8929	-53.5007
2.56	-71.2664	-71.3332	-71.4042	-71.4444	-71.4487	-71.421	-71.3671	-71.2924	-71.2012	-71.0969	-70.9817	-70.8571	-70.7242	-70.5834	-70.4349	-70.2787	-70.1146	-69.9421	-69.7606	-69.5696	-69.3681	-69.1553	-68.9302	-68.6914	-68.4377	-68.1675	-67.879	-67.5702	-67.2389	-66.8824	-66.4979	-66.0822	-65.6315	-65.1417	-64.6085	-64.0268	-63.3915	-62.6975	-61.9396	-61.1138	-60.2178	-59.2528	-58.2266	-57.1583	-56.0875	-55.089	-54.298	-53.9277
2.565	-71.2878	-71.3548	-71.4259	-71.4664	-71.4711	-71.4439	-71.3906	-71.3167	-71.2263	-71.1229	-71.0087	-70.8852	-70.7534	-70.6139	-70.4668	-70.3121	-70.1495	-69.9787	-69.7991	-69.6101	-69.4109	-69.2005	-68.978	-68.7421	-68.4917	-68.225	-67.9404	-67.636	-67.3096	-66.9586	-66.5802	-66.1713	-65.7283	-65.2471	-64.7236	-64.1528	-63.5299	-62.8499	-62.108	-61.3003	-60.425	-59.4838	-58.4848	-57.4476	-56.4113	-55.4491	-54.6915	-54.3421
2.57	-71.3091	-71.3762	-71.4474	-71.4882	-71.4933	-71.4666	-71.414	-71.3408	-71.2513	-71.1488	-71.0355	-70.9131	-70.7825	-70.6442	-70.4984	-70.3451	-70.1841	-70.015	-69.8372	-69.6502	-69.4531	-69.2451	-69.0252	-68.7923	-68.5449	-68.2817	-68.0011	-67.701	-67.3793	-67.0336	-66.6612	-66.259	-65.8234	-65.3507	-64.8366	-64.2765	-63.6657	-62.9993	-62.2728	-61.4828	-60.6277	-59.7096	-58.737	-57.7298	-56.7267	-55.7994	-55.0738	-54.7444
2.575	-71.3303	-71.3975	-71.4688	-71.5098	-71.5153	-71.4892	-71.4372	-71.3647	-71.276	-71.1744	-71.0621	-70.9408	-70.8113	-70.6742	-70.5297	-70.3778	-70.2184	-70.0509	-69.8749	-69.6898	-69.4949	-69.2892	-69.0719	-68.8417	-68.5975	-68.3377	-68.0608	-67.7649	-67.4479	-67.1075	-66.7409	-66.3452	-65.9169	-65.4524	-64.9475	-64.3979	-63.7988	-63.1457	-62.4344	-61.6616	-60.826	-59.9303	-58.9833	-58.005	-57.0339	-56.1402	-55.4452	-55.1349
2.58	-71.3513	-71.4186	-71.4901	-71.5313	-71.5372	-71.5116	-71.4602	-71.3885	-71.3006	-71.1999	-71.0885	-70.9682	-70.8398	-70.7039	-70.5607	-70.4103	-70.2523	-70.0864	-69.9122	-69.7291	-69.5362	-69.3329	-69.118	-68.8906	-68.6494	-68.393	-68.1198	-67.828	-67.5156	-67.1802	-66.8193	-66.4299	-66.0088	-65.5523	-65.0565	-64.517	-63.9294	-63.2893	-62.5927	-61.8366	-61.0201	-60.1461	-59.2239	-58.2736	-57.3334	-56.4719	-55.8062	-55.5141
2.585	-71.3722	-71.4396	-71.5112	-71.5527	-71.559	-71.5339	-71.4831	-71.412	-71.325	-71.2251	-71.1147	-70.9954	-70.8681	-70.7334	-70.5915	-70.4424	-70.2859	-70.1216	-69.9492	-69.7679	-69.5771	-69.376	-69.1636	-68.9389	-68.7007	-68.4475	-68.1779	-67.8902	-67.5822	-67.2518	-66.8965	-66.5134	-66.0992	-65.6505	-65.1635	-64.6339	-64.0575	-63.4301	-62.7478	-62.008	-61.21	-60.3572	-59.4589	-58.5356	-57.6252	-56.7947	-56.157	-55.8824
2.59	-71.3929	-71.4604	-71.5322	-71.5739	-71.5806	-71.556	-71.5058	-71.4355	-71.3492	-71.2502	-71.1407	-71.0224	-70.8962	-70.7626	-70.622	-70.4742	-70.3192	-70.1565	-69.9857	-69.8063	-69.6175	-69.4186	-69.2087	-68.9866	-68.7513	-68.5014	-68.2353	-67.9515	-67.6479	-67.3224	-66.9725	-66.5954	-66.1881	-65.747	-65.2686	-64.7487	-64.1832	-63.5681	-62.8998	-62.1759	-61.396	-60.5636	-59.6886	-58.7914	-57.9097	-57.1089	-56.4982	-56.2402
2.595	-71.4135	-71.4811	-71.553	-71.595	-71.6021	-71.5779	-71.5284	-71.4587	-71.3732	-71.275	-71.1665	-71.0492	-70.924	-70.7916	-70.6522	-70.5058	-70.3522	-70.191	-70.0219	-69.8443	-69.6576	-69.4608	-69.2532	-69.0337	-68.8013	-68.5545	-68.2919	-68.012	-67.7126	-67.3919	-67.0473	-66.6762	-66.2755	-65.8419	-65.3718	-64.8614	-64.3066	-63.7035	-63.0488	-62.3403	-61.5779	-60.7655	-59.9131	-59.0412	-58.1871	-57.4149	-56.83	-56.5878
2.6	-71.434	-71.5017	-71.5737	-71.616	-71.6234	-71.5998	-71.5508	-71.4818	-71.397	-71.2997	-71.1921	-71.0757	-70.9516	-70.8204	-70.6822	-70.537	-70.3848	-70.2252	-70.0578	-69.882	-69.6971	-69.5025	-69.2972	-69.0803	-68.8506	-68.6069	-68.3478	-68.0716	-67.7765	-67.4604	-67.121	-66.7556	-66.3614	-65.9352	-65.4733	-64.972	-64.4276	-63.8363	-63.1949	-62.5014	-61.7561	-60.963	-60.1324	-59.285	-58.4576	-57.7128	-57.1526	-56.9256
2.605	-71.4543	-71.5221	-71.5943	-71.6368	-71.6445	-71.6214	-71.573	-71.5047	-71.4207	-71.3242	-71.2175	-71.1021	-70.979	-70.8489	-70.7118	-70.568	-70.4172	-70.2591	-70.0933	-69.9192	-69.7363	-69.5438	-69.3408	-69.1263	-68.8994	-68.6587	-68.4029	-68.1304	-67.8394	-67.5278	-67.1935	-66.8338	-66.446	-66.0268	-65.5729	-65.0807	-64.5464	-63.9665	-63.3381	-62.6593	-61.9306	-61.1562	-60.3469	-59.5231	-58.7214	-58.0031	-57.4666	-57.254
2.61	-71.4745	-71.5424	-71.6147	-71.6574	-71.6656	-71.6429	-71.5951	-71.5275	-71.4442	-71.3485	-71.2427	-71.1282	-71.0062	-70.8771	-70.7413	-70.5987	-70.4493	-70.2926	-70.1284	-69.9561	-69.775	-69.5846	-69.3838	-69.1718	-68.9476	-68.7099	-68.4573	-68.1884	-67.9014	-67.5943	-67.2649	-66.9108	-66.5292	-66.1169	-65.6709	-65.1874	-64.663	-64.0943	-63.4785	-62.8139	-62.1014	-61.3454	-60.5566	-59.7557	-58.9788	-58.2859	-57.772	-57.5732
2.615	-71.4945	-71.5626	-71.635	-71.678	-71.6865	-71.6643	-71.6171	-71.5501	-71.4675	-71.3726	-71.2677	-71.1542	-71.0331	-70.9051	-70.7705	-70.6292	-70.481	-70.3259	-70.1632	-69.9926	-69.8134	-69.6249	-69.4263	-69.2168	-68.9952	-68.7604	-68.511	-68.2457	-67.9625	-67.6598	-67.3353	-66.9866	-66.611	-66.2056	-65.7671	-65.2922	-64.7775	-64.2197	-63.6161	-62.9655	-62.2687	-61.5304	-60.7616	-59.9828	-59.2299	-58.5614	-58.0693	-57.8836
2.62	-71.5145	-71.5827	-71.6552	-71.6984	-71.7072	-71.6855	-71.6389	-71.5725	-71.4907	-71.3966	-71.2925	-71.1799	-71.0598	-70.9329	-70.7994	-70.6593	-70.5125	-70.3588	-70.1977	-70.0287	-69.8513	-69.6648	-69.4684	-69.2612	-69.0422	-68.8102	-68.564	-68.3021	-68.0229	-67.7244	-67.4046	-67.0612	-66.6915	-66.2927	-65.8617	-65.3952	-64.8899	-64.3427	-63.7512	-63.1141	-62.4326	-61.7116	-60.9621	-60.2048	-59.475	-58.83	-58.3586	-58.1854
2.625	-71.5343	-71.6026	-71.6753	-71.7187	-71.7279	-71.7066	-71.6605	-71.5948	-71.5137	-71.4204	-71.3171	-71.2054	-71.0864	-70.9605	-70.8281	-70.6892	-70.5437	-70.3914	-70.2318	-70.0645	-69.8889	-69.7043	-69.5101	-69.3052	-69.0887	-68.8595	-68.6164	-68.3578	-68.0823	-67.788	-67.4729	-67.1347	-66.7708	-66.3785	-65.9547	-65.4963	-65.0002	-64.4634	-63.8836	-63.2597	-62.5931	-61.8889	-61.1582	-60.4217	-59.7142	-59.0918	-58.6404	-58.4791
2.63	-71.554	-71.6224	-71.6952	-71.7388	-71.7483	-71.7275	-71.682	-71.6169	-71.5365	-71.444	-71.3415	-71.2308	-71.1127	-70.9878	-70.8565	-70.7189	-70.5747	-70.4237	-70.2656	-70.0999	-69.9261	-69.7434	-69.5512	-69.3486	-69.1346	-68.9082	-68.668	-68.4128	-68.141	-67.8508	-67.5402	-67.207	-66.8488	-66.4628	-66.0461	-65.5957	-65.1086	-64.5819	-64.0135	-63.4025	-62.7504	-62.0625	-61.35	-60.6336	-59.9477	-59.347	-58.9147	-58.7648
2.635	-71.5735	-71.6421	-71.715	-71.7588	-71.7687	-71.7483	-71.7033	-71.6389	-71.5592	-71.4674	-71.3658	-71.2559	-71.1388	-71.0149	-70.8848	-70.7483	-70.6053	-70.4557	-70.2991	-70.135	-69.9629	-69.7821	-69.5919	-69.3915	-69.18	-68.9562	-68.7191	-68.4671	-68.1989	-67.9127	-67.6065	-67.2783	-66.9255	-66.5457	-66.136	-65.6934	-65.215	-64.6982	-64.1409	-63.5425	-62.9045	-62.2324	-61.5377	-60.8407	-60.1756	-59.5959	-59.1819	-59.0428
2.64	-71.593	-71.6616	-71.7346	-71.7787	-71.7889	-71.769	-71.7245	-71.6607	-71.5817	-71.4906	-71.3899	-71.2809	-71.1646	-71.0418	-70.9127	-70.7774	-70.6357	-70.4875	-70.3323	-70.1698	-69.9993	-69.8204	-69.6322	-69.434	-69.2249	-69.0037	-68.7694	-68.5207	-68.256	-67.9737	-67.6719	-67.3484	-67.0011	-66.6274	-66.2244	-65.7894	-65.3196	-64.8124	-64.2659	-63.6797	-63.0555	-62.3989	-61.7213	-61.0432	-60.3982	-59.8386	-59.4421	-59.3134
2.645	-71.6123	-71.681	-71.7542	-71.7984	-71.809	-71.7895	-71.7456	-71.6824	-71.604	-71.5137	-71.4138	-71.3056	-71.1903	-71.0685	-70.9405	-70.8063	-70.6658	-70.5189	-70.3652	-70.2042	-70.0354	-69.8583	-69.6721	-69.476	-69.2692	-69.0507	-68.8192	-68.5736	-68.3123	-68.0338	-67.7363	-67.4176	-67.0755	-66.7077	-66.3113	-65.8838	-65.4223	-64.9245	-64.3886	-63.8143	-63.2035	-62.5619	-61.901	-61.2411	-60.6155	-60.0753	-59.6957	-59.5768
2.65	-71.6315	-71.7003	-71.7736	-71.8181	-71.829	-71.8099	-71.7665	-71.7039	-71.6262	-71.5367	-71.4375	-71.3302	-71.2158	-71.095	-70.968	-70.8349	-70.6957	-70.5501	-70.3977	-70.2382	-70.0711	-69.8958	-69.7115	-69.5176	-69.3131	-69.097	-68.8684	-68.6258	-68.3679	-68.0932	-67.7998	-67.4857	-67.1488	-66.7867	-66.3968	-65.9765	-65.5232	-65.0345	-64.509	-63.9463	-63.3485	-62.7215	-62.0768	-61.4347	-60.8278	-60.3062	-59.9427	-59.8333
2.655	-71.6506	-71.7195	-71.7929	-71.8376	-71.8488	-71.8302	-71.7873	-71.7253	-71.6483	-71.5594	-71.461	-71.3546	-71.2411	-71.1213	-70.9953	-70.8633	-70.7253	-70.5809	-70.43	-70.272	-70.1065	-69.9329	-69.7505	-69.5586	-69.3564	-69.1429	-68.9169	-68.6774	-68.4228	-68.1517	-67.8624	-67.5528	-67.221	-66.8645	-66.4809	-66.0677	-65.6223	-65.1426	-64.6271	-64.0757	-63.4907	-62.8779	-62.2489	-61.6239	-61.0352	-60.5316	-60.1835	-60.0831
2.66	-71.6695	-71.7386	-71.8121	-71.857	-71.8685	-71.8503	-71.808	-71.7465	-71.6702	-71.582	-71.4844	-71.3788	-71.2662	-71.1473	-71.0224	-70.8915	-70.7546	-70.6116	-70.462	-70.3054	-70.1415	-69.9696	-69.7891	-69.5993	-69.3993	-69.1882	-68.9649	-68.7283	-68.4769	-68.2094	-67.9241	-67.619	-67.2921	-66.9411	-66.5637	-66.1573	-65.7197	-65.2487	-64.7431	-64.2027	-63.6301	-63.0311	-62.4174	-61.809	-61.2378	-60.7515	-60.4182	-60.3263
2.665	-71.6884	-71.7576	-71.8311	-71.8763	-71.8881	-71.8703	-71.8285	-71.7676	-71.6919	-71.6045	-71.5076	-71.4028	-71.2911	-71.1732	-71.0492	-70.9195	-70.7837	-70.6419	-70.4936	-70.3385	-70.1762	-70.006	-69.8273	-69.6395	-69.4417	-69.2329	-69.0123	-68.7785	-68.5304	-68.2664	-67.9849	-67.6842	-67.3621	-67.0165	-66.6451	-66.2455	-65.8155	-65.353	-64.8569	-64.3273	-63.7667	-63.1811	-62.5823	-61.9901	-61.4357	-60.9661	-60.6471	-60.5633
2.67	-71.7071	-71.7764	-71.8501	-71.8954	-71.9076	-71.8902	-71.8488	-71.7886	-71.7135	-71.6268	-71.5307	-71.4267	-71.3159	-71.1988	-71.0759	-70.9472	-70.8126	-70.672	-70.525	-70.3714	-70.2105	-70.042	-69.8651	-69.6793	-69.4836	-69.2772	-69.0591	-68.8282	-68.5832	-68.3226	-68.045	-67.7484	-67.431	-67.0907	-66.7252	-66.3322	-65.9096	-65.4554	-64.9687	-64.4496	-63.9007	-63.3282	-62.7438	-62.1671	-61.6292	-61.1755	-60.8702	-60.7942
2.675	-71.7257	-71.7951	-71.8689	-71.9145	-71.9269	-71.91	-71.8691	-71.8094	-71.7349	-71.6489	-71.5536	-71.4504	-71.3404	-71.2243	-71.1023	-70.9746	-70.8412	-70.7018	-70.5561	-70.4039	-70.2445	-70.0777	-69.9026	-69.7186	-69.525	-69.321	-69.1054	-68.8772	-68.6353	-68.3781	-68.1041	-67.8117	-67.499	-67.1638	-66.804	-66.4175	-66.0021	-65.556	-65.0784	-64.5695	-64.0321	-63.4723	-62.9019	-62.3404	-61.8182	-61.38	-61.0877	-61.0192
2.68	-71.7442	-71.8137	-71.8876	-71.9334	-71.9461	-71.9296	-71.8892	-71.8301	-71.7562	-71.6709	-71.5763	-71.4739	-71.3648	-71.2495	-71.1285	-71.0019	-70.8696	-70.7313	-70.587	-70.4361	-70.2782	-70.113	-69.9396	-69.7576	-69.566	-69.3642	-69.1511	-68.9257	-68.6867	-68.4328	-68.1625	-67.8742	-67.5659	-67.2358	-66.8816	-66.5014	-66.093	-65.6549	-65.1861	-64.6872	-64.1609	-63.6135	-63.0567	-62.5099	-62.003	-61.5797	-61.2999	-61.2384
2.685	-71.7626	-71.8322	-71.9062	-71.9522	-71.9652	-71.9491	-71.9092	-71.8506	-71.7774	-71.6927	-71.5988	-71.4972	-71.3889	-71.2746	-71.1546	-71.0289	-70.8977	-70.7606	-70.6175	-70.468	-70.3116	-70.1479	-69.9763	-69.7961	-69.6066	-69.407	-69.1963	-68.9735	-68.7375	-68.4868	-68.2201	-67.9358	-67.6319	-67.3067	-66.958	-66.5839	-66.1824	-65.752	-65.2919	-64.8027	-64.2873	-63.7519	-63.2083	-62.6757	-62.1836	-61.7746	-61.5069	-61.4522
2.69	-71.7809	-71.8506	-71.9247	-71.9709	-71.9842	-71.9685	-71.9291	-71.871	-71.7984	-71.7144	-71.6212	-71.5204	-71.4129	-71.2995	-71.1804	-71.0558	-70.9256	-70.7897	-70.6478	-70.4996	-70.3447	-70.1825	-70.0126	-69.8342	-69.6467	-69.4493	-69.241	-69.0208	-68.7877	-68.5402	-68.277	-67.9965	-67.6969	-67.3765	-67.0332	-66.6651	-66.2704	-65.8475	-65.3959	-64.9161	-64.4112	-63.8876	-63.3568	-62.838	-62.3602	-61.965	-61.7089	-61.6606
2.695	-71.7991	-71.8689	-71.9431	-71.9894	-72.0031	-71.9878	-71.9488	-71.8913	-71.8193	-71.736	-71.6435	-71.5434	-71.4367	-71.3242	-71.206	-71.0824	-70.9532	-70.8185	-70.6778	-70.5309	-70.3774	-70.2168	-70.0485	-69.872	-69.6864	-69.4911	-69.2852	-69.0676	-68.8372	-68.5928	-68.3331	-68.0564	-67.761	-67.4453	-67.1073	-66.745	-66.3568	-65.9414	-65.498	-65.0275	-64.5329	-64.0206	-63.5023	-62.9969	-62.5328	-62.151	-61.9059	-61.8638
2.7	-71.8171	-71.8871	-71.9614	-72.0079	-72.0219	-72.0069	-71.9684	-71.9114	-71.84	-71.7573	-71.6656	-71.5662	-71.4604	-71.3487	-71.2314	-71.1088	-70.9807	-70.847	-70.7076	-70.562	-70.4099	-70.2508	-70.0841	-69.9093	-69.7257	-69.5325	-69.3288	-69.1137	-68.8861	-68.6448	-68.3884	-68.1154	-67.8242	-67.5131	-67.1802	-66.8237	-66.4419	-66.0336	-65.5983	-65.1368	-64.6522	-64.151	-63.6449	-63.1523	-62.7017	-62.3327	-62.0982	-62.0619
2.705	-71.8351	-71.9052	-71.9796	-72.0263	-72.0405	-72.0259	-71.9879	-71.9314	-71.8606	-71.7786	-71.6875	-71.5889	-71.4839	-71.373	-71.2566	-71.1349	-71.0079	-70.8754	-70.7371	-70.5928	-70.442	-70.2844	-70.1194	-69.9463	-69.7646	-69.5734	-69.372	-69.1594	-68.9345	-68.6961	-68.443	-68.1737	-67.8865	-67.5799	-67.252	-66.9011	-66.5256	-66.1243	-65.6968	-65.2441	-64.7693	-64.2789	-63.7845	-63.3045	-62.8668	-62.5102	-62.2859	-62.2552
2.71	-71.853	-71.9231	-71.9976	-72.0445	-72.059	-72.0448	-72.0073	-71.9513	-71.8811	-71.7997	-71.7093	-71.6114	-71.5072	-71.3971	-71.2817	-71.1609	-71.0349	-70.9035	-70.7663	-70.6233	-70.4739	-70.3177	-70.1543	-69.9829	-69.803	-69.6139	-69.4147	-69.2045	-68.9823	-68.7468	-68.4969	-68.2311	-67.948	-67.6457	-67.3227	-66.9773	-66.6079	-66.2135	-65.7936	-65.3495	-64.8842	-64.4043	-63.9213	-63.4536	-63.0283	-62.6836	-62.4692	-62.4437
2.715	-71.8707	-71.941	-72.0156	-72.0627	-72.0775	-72.0636	-72.0265	-71.9711	-71.9015	-71.8207	-71.7309	-71.6338	-71.5303	-71.4211	-71.3065	-71.1867	-71.0617	-70.9313	-70.7954	-70.6535	-70.5055	-70.3507	-70.1888	-70.0191	-69.8411	-69.654	-69.4569	-69.2491	-69.0294	-68.7969	-68.5501	-68.2878	-68.0085	-67.7106	-67.3924	-67.0523	-66.6889	-66.3011	-65.8888	-65.453	-64.9969	-64.5273	-64.0554	-63.5995	-63.1863	-62.8531	-62.648	-62.6277
2.72	-71.8884	-71.9587	-72.0335	-72.0807	-72.0958	-72.0823	-72.0456	-71.9907	-71.9217	-71.8415	-71.7524	-71.656	-71.5533	-71.4449	-71.3312	-71.2123	-71.0882	-70.9589	-70.8241	-70.6835	-70.5368	-70.3834	-70.223	-70.055	-69.8788	-69.6936	-69.4987	-69.2932	-69.0761	-68.8463	-68.6027	-68.3438	-68.0683	-67.7745	-67.461	-67.1262	-66.7686	-66.3874	-65.9823	-65.5546	-65.1076	-64.6479	-64.1869	-63.7424	-63.3408	-63.0187	-62.8227	-62.8072
2.725	-71.9059	-71.9764	-72.0512	-72.0986	-72.114	-72.1009	-72.0646	-72.0102	-71.9417	-71.8622	-71.7738	-71.6781	-71.5761	-71.4685	-71.3556	-71.2377	-71.1146	-70.9863	-70.8526	-70.7132	-70.5678	-70.4158	-70.2569	-70.0906	-69.9161	-69.7328	-69.54	-69.3367	-69.1222	-68.8951	-68.6545	-68.399	-68.1272	-67.8376	-67.5286	-67.1989	-66.847	-66.4722	-66.0742	-65.6545	-65.2163	-64.7663	-64.3157	-63.8823	-63.4921	-63.1806	-62.9933	-62.9824
2.73	-71.9234	-71.9939	-72.0689	-72.1164	-72.1321	-72.1193	-72.0835	-72.0296	-71.9617	-71.8827	-71.795	-71.7	-71.5987	-71.4919	-71.3799	-71.2628	-71.1408	-71.0135	-70.8809	-70.7427	-70.5985	-70.4479	-70.2905	-70.1257	-69.953	-69.7716	-69.5808	-69.3798	-69.1677	-68.9434	-68.7057	-68.4535	-68.1853	-67.8997	-67.5953	-67.2705	-66.9242	-66.5556	-66.1646	-65.7526	-65.323	-64.8824	-64.442	-64.0194	-63.6401	-63.3389	-63.1599	-63.1534
2.735	-71.9407	-72.0114	-72.0864	-72.1342	-72.1501	-72.1377	-72.1023	-72.0489	-71.9815	-71.9031	-71.816	-71.7217	-71.6212	-71.5152	-71.404	-71.2878	-71.1667	-71.0405	-70.909	-70.7719	-70.629	-70.4797	-70.3238	-70.1606	-69.9895	-69.81	-69.6212	-69.4224	-69.2127	-68.9911	-68.7563	-68.5073	-68.2427	-67.961	-67.6609	-67.3411	-67.0002	-66.6377	-66.2535	-65.849	-65.4277	-64.9963	-64.5658	-64.1536	-63.7849	-63.4937	-63.3227	-63.3204
2.74	-71.958	-72.0287	-72.1038	-72.1518	-72.168	-72.1559	-72.121	-72.0681	-72.0012	-71.9234	-71.8369	-71.7433	-71.6435	-71.5383	-71.4279	-71.3126	-71.1924	-71.0672	-70.9368	-70.8009	-70.6592	-70.5113	-70.3567	-70.1951	-70.0257	-69.848	-69.6612	-69.4646	-69.2572	-69.0381	-68.8063	-68.5604	-68.2992	-68.0215	-67.7257	-67.4106	-67.0751	-66.7184	-66.3409	-65.9437	-65.5306	-65.1081	-64.6872	-64.2852	-63.9267	-63.645	-63.4817	-63.4834
2.745	-71.9751	-72.046	-72.1212	-72.1693	-72.1857	-72.174	-72.1395	-72.0871	-72.0208	-71.9436	-71.8577	-71.7648	-71.6657	-71.5612	-71.4517	-71.3373	-71.218	-71.0937	-70.9644	-70.8296	-70.6891	-70.5425	-70.3894	-70.2292	-70.0615	-69.8856	-69.7008	-69.5062	-69.3012	-69.0847	-68.8556	-68.6128	-68.3551	-68.0811	-67.7895	-67.479	-67.1487	-66.7979	-66.4268	-66.0368	-65.6316	-65.2178	-64.8063	-64.414	-64.0654	-63.793	-63.6371	-63.6426
2.75	-71.9922	-72.0631	-72.1384	-72.1867	-72.2034	-72.1921	-72.158	-72.106	-72.0402	-71.9636	-71.8784	-71.7861	-71.6877	-71.584	-71.4753	-71.3617	-71.2433	-71.1201	-70.9917	-70.8581	-70.7188	-70.5735	-70.4217	-70.2631	-70.097	-69.9228	-69.7399	-69.5475	-69.3447	-69.1307	-68.9043	-68.6646	-68.4101	-68.1398	-67.8524	-67.5465	-67.2213	-66.8761	-66.5113	-66.1283	-65.7309	-65.3254	-64.923	-64.5403	-64.2013	-63.9378	-63.7889	-63.7981
2.755	-72.0092	-72.0802	-72.1556	-72.204	-72.221	-72.21	-72.1763	-72.1248	-72.0595	-71.9835	-71.8989	-71.8072	-71.7096	-71.6066	-71.4987	-71.3859	-71.2685	-71.1462	-71.0189	-70.8863	-70.7482	-70.6041	-70.4538	-70.2966	-70.1321	-69.9596	-69.7786	-69.5882	-69.3877	-69.1761	-68.9525	-68.7157	-68.4645	-68.1978	-67.9144	-67.613	-67.2927	-66.9531	-66.5944	-66.2183	-65.8283	-65.4311	-65.0376	-64.6641	-64.3343	-64.0794	-63.9374	-63.9501
2.76	-72.026	-72.0972	-72.1727	-72.2213	-72.2385	-72.2278	-72.1945	-72.1435	-72.0787	-72.0033	-71.9193	-71.8283	-71.7313	-71.6291	-71.5219	-71.41	-71.2934	-71.1721	-71.0458	-70.9143	-70.7773	-70.6346	-70.4855	-70.3298	-70.1669	-69.9961	-69.8169	-69.6286	-69.4302	-69.221	-69	-68.7661	-68.5182	-68.2551	-67.9755	-67.6785	-67.3631	-67.0288	-66.6762	-66.3067	-65.9241	-65.5349	-65.1499	-64.7854	-64.4646	-64.218	-64.0825	-64.0985
2.765	-72.0428	-72.1141	-72.1896	-72.2384	-72.2558	-72.2455	-72.2126	-72.1621	-72.0978	-72.0229	-71.9395	-71.8492	-71.7529	-71.6514	-71.545	-71.4339	-71.3182	-71.1978	-71.0725	-70.9421	-70.8063	-70.6647	-70.517	-70.3627	-70.2013	-70.0322	-69.8548	-69.6685	-69.4723	-69.2655	-69.047	-68.816	-68.5712	-68.3115	-68.0358	-67.743	-67.4324	-67.1034	-66.7566	-66.3937	-66.0182	-65.6368	-65.2601	-64.9044	-64.5922	-64.3536	-64.2244	-64.2435
2.77	-72.0595	-72.1308	-72.2065	-72.2554	-72.2731	-72.2631	-72.2306	-72.1805	-72.1168	-72.0424	-71.9596	-71.8699	-71.7743	-71.6735	-71.5679	-71.4576	-71.3428	-71.2233	-71.099	-70.9696	-70.8349	-70.6946	-70.5482	-70.3953	-70.2354	-70.068	-69.8924	-69.7079	-69.5139	-69.3094	-69.0935	-68.8652	-68.6235	-68.3672	-68.0953	-67.8067	-67.5006	-67.1769	-66.8358	-66.4792	-66.1107	-65.7368	-65.3683	-65.021	-64.7172	-64.4863	-64.3631	-64.3853
2.775	-72.0761	-72.1475	-72.2233	-72.2723	-72.2903	-72.2806	-72.2485	-72.1989	-72.1356	-72.0618	-71.9796	-71.8905	-71.7956	-71.6955	-71.5906	-71.4812	-71.3672	-71.2486	-71.1253	-70.9969	-70.8634	-70.7242	-70.5791	-70.4276	-70.2692	-70.1034	-69.9295	-69.747	-69.555	-69.3528	-69.1394	-68.9138	-68.6751	-68.4222	-68.1539	-67.8694	-67.5679	-67.2492	-66.9137	-66.5632	-66.2015	-65.8351	-65.4744	-65.1353	-64.8397	-64.6162	-64.4988	-64.5239
2.78	-72.0926	-72.1641	-72.24	-72.2892	-72.3074	-72.298	-72.2663	-72.2171	-72.1544	-72.0811	-71.9995	-71.911	-71.8167	-71.7173	-71.6132	-71.5046	-71.3914	-71.2737	-71.1513	-71.024	-70.8916	-70.7536	-70.6097	-70.4596	-70.3027	-70.1384	-69.9663	-69.7856	-69.5957	-69.3957	-69.1847	-68.9619	-68.7261	-68.4764	-68.2118	-67.9313	-67.6342	-67.3204	-66.9904	-66.646	-66.2909	-65.9316	-65.5786	-65.2474	-64.9597	-64.7434	-64.6316	-64.6594
2.785	-72.109	-72.1806	-72.2565	-72.3059	-72.3244	-72.3153	-72.284	-72.2353	-72.173	-72.1003	-72.0192	-71.9313	-71.8377	-71.739	-71.6356	-71.5278	-71.4155	-71.2986	-71.1772	-71.0509	-70.9195	-70.7827	-70.6401	-70.4913	-70.3358	-70.1731	-70.0027	-69.8239	-69.6359	-69.4381	-69.2296	-69.0093	-68.7765	-68.53	-68.2689	-67.9923	-67.6996	-67.3905	-67.0658	-66.7273	-66.3787	-66.0264	-65.6809	-65.3574	-65.0772	-64.8679	-64.7614	-64.7919
2.79	-72.1253	-72.1971	-72.273	-72.3226	-72.3413	-72.3325	-72.3016	-72.2533	-72.1915	-72.1193	-72.0388	-71.9515	-71.8586	-71.7606	-71.6579	-71.5508	-71.4393	-71.3234	-71.2029	-71.0776	-70.9473	-70.8116	-70.6702	-70.5227	-70.3686	-70.2075	-70.0388	-69.8617	-69.6758	-69.4801	-69.2739	-69.0562	-68.8262	-68.5828	-68.3252	-68.0524	-67.7639	-67.4596	-67.1401	-66.8074	-66.465	-66.1195	-65.7812	-65.4652	-65.1925	-64.9898	-64.8885	-64.9215
2.795	-72.1416	-72.2134	-72.2895	-72.3392	-72.3581	-72.3496	-72.3191	-72.2712	-72.2099	-72.1382	-72.0583	-71.9716	-71.8793	-71.782	-71.68	-71.5737	-71.463	-71.3479	-71.2283	-71.104	-70.9748	-70.8402	-70.7	-70.5538	-70.4012	-70.2416	-70.0744	-69.8992	-69.7152	-69.5216	-69.3177	-69.1026	-68.8753	-68.635	-68.3808	-68.1117	-67.8274	-67.5277	-67.2133	-66.8861	-66.5499	-66.2111	-65.8798	-65.571	-65.3054	-65.1092	-65.0129	-65.0482
2.8	-72.1577	-72.2296	-72.3058	-72.3556	-72.3748	-72.3667	-72.3365	-72.289	-72.2282	-72.157	-72.0776	-71.9916	-71.8999	-71.8032	-71.702	-71.5964	-71.4865	-71.3723	-71.2536	-71.1303	-71.002	-70.8686	-70.7296	-70.5847	-70.4334	-70.2753	-70.1098	-69.9363	-69.7542	-69.5627	-69.361	-69.1484	-68.9239	-68.6866	-68.4356	-68.1703	-67.89	-67.5948	-67.2853	-66.9636	-66.6333	-66.301	-65.9766	-65.6749	-65.4161	-65.2262	-65.1346	-65.1723
2.805	-72.1738	-72.2458	-72.322	-72.372	-72.3914	-72.3836	-72.3538	-72.3067	-72.2464	-72.1757	-72.0969	-72.0114	-71.9203	-71.8243	-71.7238	-71.6189	-71.5099	-71.3965	-71.2787	-71.1563	-71.0291	-70.8967	-70.7589	-70.6153	-70.4654	-70.3087	-70.1448	-69.973	-69.7927	-69.6033	-69.4039	-69.1937	-68.9718	-68.7375	-68.4898	-68.228	-67.9517	-67.6609	-67.3563	-67.0399	-66.7154	-66.3894	-66.0716	-65.7767	-65.5247	-65.3408	-65.2538	-65.2936
2.81	-72.1898	-72.2619	-72.3382	-72.3883	-72.4079	-72.4004	-72.3709	-72.3243	-72.2645	-72.1943	-72.116	-72.0311	-71.9406	-71.8453	-71.7455	-71.6413	-71.533	-71.4205	-71.3036	-71.1821	-71.0559	-70.9247	-70.788	-70.6456	-70.497	-70.3418	-70.1794	-70.0093	-69.8309	-69.6434	-69.4462	-69.2384	-69.0192	-68.7877	-68.5432	-68.2849	-68.0125	-67.726	-67.4261	-67.1149	-66.7962	-66.4762	-66.1649	-65.8767	-65.6312	-65.453	-65.3705	-65.4124
2.815	-72.2057	-72.2779	-72.3542	-72.4045	-72.4243	-72.4171	-72.388	-72.3418	-72.2824	-72.2128	-72.135	-72.0507	-71.9608	-71.8661	-71.767	-71.6636	-71.556	-71.4443	-71.3283	-71.2078	-71.0826	-70.9523	-70.8168	-70.6756	-70.5284	-70.3746	-70.2137	-70.0453	-69.8687	-69.6832	-69.4881	-69.2826	-69.066	-68.8373	-68.5959	-68.3411	-68.0725	-67.7902	-67.4949	-67.1888	-66.8756	-66.5616	-66.2566	-65.9748	-65.7356	-65.5631	-65.4848	-65.5287
2.82	-72.2215	-72.2938	-72.3702	-72.4206	-72.4407	-72.4338	-72.405	-72.3593	-72.3003	-72.2311	-72.1539	-72.0701	-71.9809	-71.8868	-71.7883	-71.6857	-71.5789	-71.468	-71.3528	-71.2332	-71.109	-70.9798	-70.8454	-70.7054	-70.5595	-70.4071	-70.2477	-70.0809	-69.9061	-69.7225	-69.5295	-69.3264	-69.1122	-68.8864	-68.648	-68.3966	-68.1317	-67.8534	-67.5627	-67.2616	-66.9538	-66.6456	-66.3467	-66.0712	-65.838	-65.6709	-65.5967	-65.6425
2.825	-72.2372	-72.3096	-72.3861	-72.4367	-72.4569	-72.4503	-72.4219	-72.3766	-72.3181	-72.2494	-72.1727	-72.0895	-72.0008	-71.9074	-71.8096	-71.7076	-71.6016	-71.4915	-71.3771	-71.2585	-71.1352	-71.0071	-70.8738	-70.735	-70.5903	-70.4392	-70.2814	-70.1162	-69.9431	-69.7614	-69.5705	-69.3696	-69.158	-68.9348	-68.6994	-68.4513	-68.19	-67.9158	-67.6295	-67.3332	-67.0307	-66.7281	-66.4352	-66.1658	-65.9385	-65.7766	-65.7064	-65.754
2.83	-72.2529	-72.3253	-72.4019	-72.4526	-72.4731	-72.4668	-72.4388	-72.3938	-72.3357	-72.2675	-72.1913	-72.1087	-72.0206	-71.9278	-71.8307	-71.7294	-71.6241	-71.5148	-71.4013	-71.2835	-71.1612	-71.0341	-70.9019	-70.7643	-70.6208	-70.4711	-70.3148	-70.1512	-69.9798	-69.7999	-69.611	-69.4124	-69.2031	-68.9826	-68.7502	-68.5053	-68.2476	-67.9773	-67.6953	-67.4037	-67.1063	-66.8093	-66.5222	-66.2586	-66.0371	-65.8803	-65.8138	-65.8631
2.835	-72.2684	-72.341	-72.4177	-72.4685	-72.4892	-72.4832	-72.4555	-72.4109	-72.3533	-72.2855	-72.2099	-72.1278	-72.0403	-71.9481	-71.8516	-71.751	-71.6465	-71.5379	-71.4253	-71.3084	-71.187	-71.0609	-70.9298	-70.7933	-70.6511	-70.5027	-70.3478	-70.1857	-70.016	-69.8381	-69.6511	-69.4546	-69.2478	-69.0299	-68.8004	-68.5586	-68.3044	-68.0379	-67.7602	-67.4732	-67.1808	-66.8892	-66.6077	-66.3499	-66.1338	-65.982	-65.9191	-65.9701
2.84	-72.2839	-72.3566	-72.4333	-72.4843	-72.5052	-72.4994	-72.4721	-72.4279	-72.3707	-72.3035	-72.2283	-72.1468	-72.0598	-71.9682	-71.8724	-71.7725	-71.6687	-71.5609	-71.4491	-71.333	-71.2126	-71.0875	-70.9574	-70.8221	-70.6811	-70.5341	-70.3805	-70.22	-70.0519	-69.8758	-69.6908	-69.4964	-69.2919	-69.0766	-68.8499	-68.6112	-68.3604	-68.0977	-67.8241	-67.5416	-67.2541	-66.9677	-66.6917	-66.4394	-66.2288	-66.0816	-66.0223	-66.0748
2.845	-72.2994	-72.372	-72.4489	-72.5	-72.5211	-72.5156	-72.4886	-72.4448	-72.3881	-72.3213	-72.2466	-72.1656	-72.0793	-71.9883	-71.8931	-71.7939	-71.6908	-71.5837	-71.4727	-71.3575	-71.238	-71.1138	-70.9848	-70.8506	-70.7108	-70.5651	-70.413	-70.2539	-70.0875	-69.9131	-69.7301	-69.5378	-69.3356	-69.1228	-68.8988	-68.6632	-68.4157	-68.1567	-67.8871	-67.609	-67.3263	-67.045	-66.7743	-66.5275	-66.322	-66.1794	-66.1235	-66.1775
2.85	-72.3147	-72.3875	-72.4644	-72.5156	-72.5369	-72.5317	-72.5051	-72.4616	-72.4053	-72.339	-72.2648	-72.1843	-72.0986	-72.0082	-71.9136	-71.8151	-71.7127	-71.6064	-71.4962	-71.3818	-71.2632	-71.14	-71.012	-70.8789	-70.7403	-70.5958	-70.4451	-70.2876	-70.1227	-69.9501	-69.7689	-69.5787	-69.3787	-69.1684	-68.9471	-68.7145	-68.4703	-68.2148	-67.9492	-67.6754	-67.3974	-67.121	-66.8555	-66.6139	-66.4135	-66.2754	-66.2227	-66.2781
2.855	-72.3299	-72.4028	-72.4798	-72.5312	-72.5527	-72.5478	-72.5214	-72.4784	-72.4225	-72.3566	-72.283	-72.203	-72.1178	-72.0279	-71.934	-71.8361	-71.7344	-71.6289	-71.5194	-71.4059	-71.2882	-71.166	-71.039	-70.907	-70.7695	-70.6263	-70.4769	-70.3208	-70.1576	-69.9866	-69.8074	-69.6192	-69.4214	-69.2135	-68.9949	-68.7651	-68.5241	-68.2722	-68.0104	-67.7409	-67.4673	-67.1958	-66.9354	-66.6989	-66.5033	-66.3695	-66.32	-66.3768
2.86	-72.3451	-72.4181	-72.4951	-72.5466	-72.5683	-72.5637	-72.5377	-72.495	-72.4395	-72.3741	-72.3009	-72.2215	-72.1368	-72.0476	-71.9543	-71.857	-71.756	-71.6512	-71.5426	-71.4299	-71.313	-71.1917	-71.0658	-70.9348	-70.7985	-70.6566	-70.5085	-70.3538	-70.1921	-70.0228	-69.8454	-69.6592	-69.4636	-69.2581	-69.042	-68.8151	-68.5773	-68.3288	-68.0708	-67.8053	-67.5362	-67.2694	-67.0139	-66.7824	-66.5916	-66.4619	-66.4154	-66.4735
2.865	-72.3602	-72.4333	-72.5104	-72.562	-72.5839	-72.5795	-72.5539	-72.5116	-72.4565	-72.3915	-72.3188	-72.2399	-72.1558	-72.0671	-71.9744	-71.8778	-71.7775	-71.6734	-71.5655	-71.4537	-71.3377	-71.2173	-71.0923	-70.9624	-70.8273	-70.6865	-70.5397	-70.3865	-70.2263	-70.0587	-69.883	-69.6988	-69.5053	-69.3021	-69.0886	-68.8645	-68.6298	-68.3846	-68.1303	-67.8689	-67.6041	-67.3419	-67.0912	-66.8645	-66.6783	-66.5526	-66.509	-66.5683
2.87	-72.3753	-72.4484	-72.5255	-72.5773	-72.5994	-72.5953	-72.5699	-72.528	-72.4734	-72.4089	-72.3366	-72.2582	-72.1746	-72.0865	-71.9944	-71.8985	-71.7988	-71.6954	-71.5883	-71.4772	-71.3621	-71.2427	-71.1187	-70.9898	-70.8558	-70.7162	-70.5707	-70.4189	-70.2602	-70.0942	-69.9203	-69.738	-69.5466	-69.3457	-69.1347	-68.9134	-68.6816	-68.4398	-68.189	-67.9315	-67.6709	-67.4132	-67.1672	-66.9452	-66.7634	-66.6416	-66.6008	-66.6613
2.875	-72.3902	-72.4634	-72.5406	-72.5925	-72.6148	-72.611	-72.5859	-72.5444	-72.4901	-72.4261	-72.3543	-72.2764	-72.1933	-72.1058	-72.0143	-71.919	-71.82	-71.7173	-71.6109	-71.5007	-71.3864	-71.2678	-71.1448	-71.017	-70.884	-70.7457	-70.6014	-70.451	-70.2938	-70.1294	-69.9572	-69.7767	-69.5874	-69.3887	-69.1802	-68.9616	-68.7327	-68.4941	-68.2469	-67.9932	-67.7368	-67.4835	-67.242	-67.0245	-66.8471	-66.729	-66.6909	-66.7526
2.88	-72.4051	-72.4784	-72.5557	-72.6077	-72.6302	-72.6266	-72.6019	-72.5607	-72.5068	-72.4432	-72.3719	-72.2945	-72.2119	-72.125	-72.034	-71.9393	-71.841	-71.7391	-71.6334	-71.5239	-71.4105	-71.2928	-71.1707	-71.0439	-70.9121	-70.7748	-70.6319	-70.4827	-70.327	-70.1642	-69.9937	-69.8151	-69.6278	-69.4313	-69.2252	-69.0092	-68.7832	-68.5478	-68.304	-68.0541	-67.8017	-67.5526	-67.3155	-67.1025	-66.9293	-66.8148	-66.7794	-66.8421
2.885	-72.4199	-72.4932	-72.5706	-72.6227	-72.6455	-72.6421	-72.6177	-72.5769	-72.5234	-72.4602	-72.3894	-72.3124	-72.2304	-72.144	-72.0537	-71.9596	-71.8619	-71.7606	-71.6557	-71.547	-71.4344	-71.3176	-71.1964	-71.0706	-70.9399	-70.8038	-70.6621	-70.5143	-70.3599	-70.1986	-70.0299	-69.8531	-69.6678	-69.4734	-69.2697	-69.0563	-68.8331	-68.6008	-68.3604	-68.1141	-67.8656	-67.6207	-67.388	-67.1792	-67.0101	-66.8991	-66.8662	-66.9299
2.89	-72.4346	-72.508	-72.5855	-72.6377	-72.6606	-72.6576	-72.6334	-72.593	-72.5399	-72.4771	-72.4068	-72.3303	-72.2488	-72.1629	-72.0732	-71.9797	-71.8827	-71.7821	-71.6779	-71.5699	-71.4581	-71.3422	-71.222	-71.0971	-70.9674	-70.8325	-70.692	-70.5455	-70.3926	-70.2328	-70.0657	-69.8907	-69.7073	-69.5151	-69.3137	-69.1028	-68.8824	-68.6531	-68.416	-68.1733	-67.9286	-67.6878	-67.4592	-67.2547	-67.0895	-66.982	-66.9515	-67.0162
2.895	-72.4493	-72.5228	-72.6003	-72.6527	-72.6758	-72.6729	-72.6491	-72.609	-72.5563	-72.494	-72.424	-72.3481	-72.2671	-72.1818	-72.0925	-71.9997	-71.9033	-71.8034	-71.6999	-71.5927	-71.4817	-71.3666	-71.2473	-71.1235	-70.9948	-70.8609	-70.7216	-70.5764	-70.4249	-70.2666	-70.1011	-69.9279	-69.7464	-69.5563	-69.3571	-69.1487	-68.9311	-68.7047	-68.4708	-68.2316	-67.9907	-67.7539	-67.5294	-67.3289	-67.1675	-67.0633	-67.0352	-67.1008
2.9	-72.4639	-72.5375	-72.615	-72.6675	-72.6908	-72.6882	-72.6647	-72.6249	-72.5726	-72.5107	-72.4412	-72.3657	-72.2852	-72.2005	-72.1118	-72.0195	-71.9238	-71.8245	-71.7217	-71.6153	-71.5051	-71.3909	-71.2724	-71.1495	-71.0219	-70.8892	-70.751	-70.6071	-70.4569	-70.3001	-70.1362	-69.9647	-69.7851	-69.597	-69.4001	-69.1941	-68.9791	-68.7557	-68.525	-68.2892	-68.052	-67.819	-67.5984	-67.4019	-67.2443	-67.1433	-67.1174	-67.1839
2.905	-72.4784	-72.5521	-72.6297	-72.6823	-72.7057	-72.7034	-72.6802	-72.6408	-72.5889	-72.5273	-72.4583	-72.3833	-72.3033	-72.219	-72.1309	-72.0393	-71.9441	-71.8455	-71.7434	-71.6377	-71.5283	-71.4149	-71.2974	-71.1754	-71.0488	-70.9172	-70.7802	-70.6375	-70.4886	-70.3333	-70.1709	-70.0011	-69.8234	-69.6374	-69.4426	-69.239	-69.0266	-68.806	-68.5784	-68.346	-68.1123	-67.8831	-67.6664	-67.4738	-67.3198	-67.2219	-67.1981	-67.2655
2.91	-72.4928	-72.5666	-72.6443	-72.697	-72.7206	-72.7185	-72.6956	-72.6565	-72.605	-72.5439	-72.4753	-72.4007	-72.3213	-72.2375	-72.15	-72.0589	-71.9643	-71.8664	-71.765	-71.66	-71.5514	-71.4388	-71.3221	-71.2011	-71.0755	-70.9449	-70.8091	-70.6676	-70.5201	-70.3662	-70.2054	-70.0372	-69.8613	-69.6772	-69.4846	-69.2834	-69.0736	-68.8558	-68.6312	-68.402	-68.1718	-67.9463	-67.7334	-67.5445	-67.394	-67.2991	-67.2775	-67.3457
2.915	-72.5072	-72.581	-72.6588	-72.7116	-72.7354	-72.7336	-72.711	-72.6722	-72.6211	-72.5603	-72.4922	-72.4181	-72.3391	-72.2559	-72.1689	-72.0783	-71.9844	-71.8871	-71.7864	-71.6822	-71.5743	-71.4625	-71.3467	-71.2266	-71.102	-70.9724	-70.8377	-70.6975	-70.5513	-70.3987	-70.2395	-70.073	-69.8988	-69.7167	-69.5262	-69.3272	-69.1199	-68.9049	-68.6832	-68.4572	-68.2305	-68.0085	-67.7994	-67.6141	-67.4671	-67.375	-67.3555	-67.4244
2.92	-72.5215	-72.5954	-72.6732	-72.7262	-72.7502	-72.7486	-72.7262	-72.6878	-72.637	-72.5767	-72.509	-72.4354	-72.3568	-72.2741	-72.1877	-72.0977	-72.0044	-71.9077	-71.8077	-71.7041	-71.597	-71.486	-71.3711	-71.2519	-71.1282	-70.9997	-70.8661	-70.7271	-70.5822	-70.431	-70.2732	-70.1083	-69.936	-69.7557	-69.5673	-69.3706	-69.1658	-68.9534	-68.7346	-68.5118	-68.2884	-68.0699	-67.8643	-67.6826	-67.5389	-67.4497	-67.4321	-67.5018
2.925	-72.5358	-72.6097	-72.6876	-72.7407	-72.7648	-72.7635	-72.7414	-72.7033	-72.6529	-72.593	-72.5257	-72.4525	-72.3745	-72.2923	-72.2063	-72.1169	-72.0242	-71.9282	-71.8288	-71.726	-71.6196	-71.5094	-71.3953	-71.277	-71.1543	-71.0268	-70.8943	-70.7564	-70.6128	-70.463	-70.3067	-70.1434	-69.9727	-69.7943	-69.608	-69.4135	-69.2111	-69.0013	-68.7854	-68.5656	-68.3454	-68.1304	-67.9283	-67.7501	-67.6096	-67.5231	-67.5074	-67.5778
2.93	-72.55	-72.624	-72.7019	-72.7551	-72.7794	-72.7783	-72.7565	-72.7188	-72.6687	-72.6092	-72.5423	-72.4696	-72.392	-72.3103	-72.2249	-72.1361	-72.0439	-71.9485	-71.8498	-71.7476	-71.642	-71.5326	-71.4193	-71.3019	-71.1801	-71.0537	-70.9222	-70.7855	-70.6431	-70.4947	-70.3398	-70.1781	-70.0091	-69.8326	-69.6482	-69.4559	-69.2558	-69.0486	-68.8355	-68.6187	-68.4017	-68.19	-67.9914	-67.8165	-67.6792	-67.5953	-67.5815	-67.6525
2.935	-72.5641	-72.6382	-72.7161	-72.7694	-72.7939	-72.793	-72.7716	-72.7341	-72.6844	-72.6253	-72.5589	-72.4866	-72.4095	-72.3282	-72.2434	-72.1551	-72.0635	-71.9687	-71.8706	-71.7692	-71.6642	-71.5556	-71.4432	-71.3267	-71.2058	-71.0803	-70.95	-70.8144	-70.6732	-70.5261	-70.3726	-70.2124	-70.0451	-69.8704	-69.688	-69.4978	-69.3001	-69.0954	-68.885	-68.6711	-68.4573	-68.2488	-68.0535	-67.882	-67.7476	-67.6664	-67.6543	-67.726
2.94	-72.5781	-72.6523	-72.7303	-72.7837	-72.8084	-72.8077	-72.7865	-72.7494	-72.7001	-72.6413	-72.5753	-72.5034	-72.4268	-72.3461	-72.2617	-72.1739	-72.083	-71.9888	-71.8913	-71.7906	-71.6863	-71.5785	-71.4669	-71.3512	-71.2312	-71.1068	-70.9775	-70.843	-70.703	-70.5572	-70.4051	-70.2465	-70.0808	-69.9078	-69.7274	-69.5393	-69.3438	-69.1416	-68.9339	-68.7229	-68.5121	-68.3068	-68.1148	-67.9464	-67.815	-67.7363	-67.7259	-67.7982
2.945	-72.5921	-72.6663	-72.7444	-72.7979	-72.8228	-72.8223	-72.8014	-72.7646	-72.7156	-72.6573	-72.5916	-72.5202	-72.444	-72.3638	-72.2799	-72.1927	-72.1023	-72.0087	-71.9119	-71.8118	-71.7083	-71.6012	-71.4904	-71.3755	-71.2565	-71.133	-71.0047	-70.8714	-70.7326	-70.588	-70.4374	-70.2802	-70.1161	-69.9449	-69.7663	-69.5803	-69.3871	-69.1873	-68.9822	-68.774	-68.5661	-68.364	-68.1751	-68.0099	-67.8814	-67.8051	-67.7963	-67.8692
2.95	-72.606	-72.6803	-72.7585	-72.812	-72.8371	-72.8368	-72.8162	-72.7797	-72.7311	-72.6731	-72.6079	-72.5369	-72.4612	-72.3814	-72.298	-72.2114	-72.1215	-72.0285	-71.9323	-71.8329	-71.7301	-71.6237	-71.5137	-71.3997	-71.2816	-71.159	-71.0318	-70.8995	-70.7619	-70.6186	-70.4693	-70.3136	-70.1511	-69.9816	-69.8049	-69.6209	-69.4298	-69.2324	-69.0299	-68.8244	-68.6195	-68.4204	-68.2346	-68.0724	-67.9468	-67.8727	-67.8656	-67.939
2.955	-72.6199	-72.6942	-72.7724	-72.8261	-72.8513	-72.8513	-72.831	-72.7948	-72.7465	-72.6889	-72.6241	-72.5535	-72.4782	-72.3989	-72.3161	-72.2299	-72.1406	-72.0482	-71.9526	-71.8539	-71.7517	-71.6461	-71.5369	-71.4237	-71.3065	-71.1848	-71.0586	-70.9274	-70.7909	-70.6489	-70.5009	-70.3466	-70.1857	-70.0179	-69.843	-69.661	-69.4721	-69.277	-69.077	-68.8742	-68.6722	-68.476	-68.2933	-68.134	-68.0111	-67.9394	-67.9338	-68.0077
2.96	-72.6336	-72.7081	-72.7863	-72.8401	-72.8655	-72.8657	-72.8456	-72.8098	-72.7618	-72.7046	-72.6401	-72.57	-72.4952	-72.4163	-72.334	-72.2483	-72.1596	-72.0677	-71.9728	-71.8747	-71.7732	-71.6684	-71.5599	-71.4475	-71.3311	-71.2105	-71.0852	-70.9551	-70.8198	-70.6789	-70.5323	-70.3794	-70.22	-70.0539	-69.8808	-69.7007	-69.5139	-69.3211	-69.1235	-68.9234	-68.7241	-68.5309	-68.3511	-68.1947	-68.0745	-68.005	-68.0009	-68.0753
2.965	-72.6474	-72.7219	-72.8002	-72.8541	-72.8796	-72.88	-72.8602	-72.8246	-72.777	-72.7202	-72.6561	-72.5864	-72.512	-72.4337	-72.3518	-72.2667	-72.1785	-72.0872	-71.9928	-71.8954	-71.7946	-71.6904	-71.5827	-71.4712	-71.3557	-71.2359	-71.1116	-70.9825	-70.8483	-70.7087	-70.5633	-70.4119	-70.254	-70.0895	-69.9181	-69.74	-69.5553	-69.3647	-69.1695	-68.972	-68.7755	-68.5851	-68.4081	-68.2546	-68.1369	-68.0695	-68.0669	-68.1418
2.97	-72.661	-72.7356	-72.814	-72.868	-72.8936	-72.8943	-72.8747	-72.8395	-72.7922	-72.7357	-72.672	-72.6027	-72.5288	-72.4509	-72.3695	-72.2849	-72.1972	-72.1065	-72.0128	-71.9159	-71.8158	-71.7124	-71.6054	-71.4946	-71.38	-71.2611	-71.1378	-71.0097	-70.8767	-70.7382	-70.5941	-70.444	-70.2877	-70.1247	-69.9551	-69.7789	-69.5962	-69.4078	-69.215	-69.02	-68.8261	-68.6385	-68.4644	-68.3136	-68.1984	-68.1332	-68.1319	-68.2073
2.975	-72.6746	-72.7493	-72.8277	-72.8818	-72.9076	-72.9085	-72.8892	-72.8542	-72.8073	-72.7511	-72.6879	-72.6189	-72.5454	-72.468	-72.3871	-72.303	-72.2158	-72.1257	-72.0325	-71.9363	-71.8369	-71.7341	-71.6279	-71.5179	-71.4041	-71.2861	-71.1638	-71.0367	-70.9048	-70.7675	-70.6246	-70.4759	-70.321	-70.1597	-69.9918	-69.8173	-69.6366	-69.4504	-69.2599	-69.0674	-68.8761	-68.6912	-68.5199	-68.3717	-68.259	-68.1958	-68.1959	-68.2717
2.98	-72.6882	-72.7629	-72.8413	-72.8955	-72.9215	-72.9226	-72.9035	-72.8689	-72.8223	-72.7665	-72.7036	-72.6351	-72.562	-72.485	-72.4046	-72.321	-72.2344	-72.1448	-72.0522	-71.9566	-71.8578	-71.7558	-71.6502	-71.5411	-71.4281	-71.311	-71.1896	-71.0635	-70.9326	-70.7965	-70.6549	-70.5075	-70.354	-70.1942	-70.028	-69.8554	-69.6767	-69.4925	-69.3043	-69.1142	-68.9255	-68.7433	-68.5746	-68.4291	-68.3188	-68.2575	-68.2589	-68.3351
2.985	-72.7016	-72.7764	-72.8549	-72.9092	-72.9353	-72.9366	-72.9179	-72.8835	-72.8372	-72.7818	-72.7193	-72.6512	-72.5785	-72.5019	-72.422	-72.3389	-72.2528	-72.1637	-72.0717	-71.9767	-71.8786	-71.7772	-71.6724	-71.5641	-71.4519	-71.3356	-71.2151	-71.0901	-70.9602	-70.8253	-70.6849	-70.5388	-70.3867	-70.2285	-70.0639	-69.893	-69.7163	-69.5342	-69.3482	-69.1605	-68.9743	-68.7947	-68.6286	-68.4856	-68.3776	-68.3183	-68.321	-68.3976
2.99	-72.7151	-72.7899	-72.8685	-72.9228	-72.9491	-72.9506	-72.9321	-72.898	-72.8521	-72.797	-72.7348	-72.6671	-72.5949	-72.5188	-72.4393	-72.3567	-72.2711	-72.1826	-72.0912	-71.9968	-71.8993	-71.7986	-71.6945	-71.5869	-71.4755	-71.3601	-71.2405	-71.1165	-70.9877	-70.8538	-70.7146	-70.5698	-70.4191	-70.2624	-70.0994	-69.9303	-69.7554	-69.5754	-69.3916	-69.2062	-69.0225	-68.8454	-68.6819	-68.5414	-68.4357	-68.3782	-68.3821	-68.4591
2.995	-72.7284	-72.8033	-72.8819	-72.9364	-72.9628	-72.9645	-72.9463	-72.9125	-72.8668	-72.8121	-72.7503	-72.683	-72.6112	-72.5355	-72.4565	-72.3743	-72.2893	-72.2013	-72.1105	-72.0166	-71.9198	-71.8198	-71.7164	-71.6095	-71.4989	-71.3844	-71.2657	-71.1426	-71.0148	-70.8821	-70.7441	-70.6006	-70.4513	-70.296	-70.1346	-69.9672	-69.7942	-69.6162	-69.4345	-69.2514	-69.0701	-68.8954	-68.7345	-68.5964	-68.4929	-68.4372	-68.4423	-68.5196
3	-72.7417	-72.8167	-72.8953	-72.9499	-72.9765	-72.9784	-72.9604	-72.9269	-72.8815	-72.8271	-72.7657	-72.6988	-72.6274	-72.5522	-72.4736	-72.3919	-72.3074	-72.2199	-72.1296	-72.0364	-71.9402	-71.8408	-71.7381	-71.632	-71.5222	-71.4085	-71.2907	-71.1686	-71.0418	-70.9101	-70.7733	-70.631	-70.4831	-70.3292	-70.1694	-70.0038	-69.8326	-69.6565	-69.477	-69.2961	-69.1171	-68.9449	-68.7863	-68.6506	-68.5493	-68.4954	-68.5016	-68.5793
3.005	-72.755	-72.83	-72.9087	-72.9633	-72.9901	-72.9922	-72.9744	-72.9412	-72.8962	-72.8421	-72.7811	-72.7145	-72.6435	-72.5687	-72.4906	-72.4094	-72.3253	-72.2384	-72.1487	-72.0561	-71.9604	-71.8617	-71.7597	-71.6543	-71.5453	-71.4324	-71.3155	-71.1943	-71.0686	-70.938	-70.8023	-70.6612	-70.5146	-70.3622	-70.2039	-70.0399	-69.8705	-69.6964	-69.5189	-69.3402	-69.1635	-68.9937	-68.8376	-68.7042	-68.6049	-68.5527	-68.5601	-68.6381
3.01	-72.7681	-72.8432	-72.922	-72.9767	-73.0036	-73.0059	-72.9884	-72.9554	-72.9107	-72.857	-72.7963	-72.7302	-72.6596	-72.5852	-72.5075	-72.4268	-72.3432	-72.2568	-72.1676	-72.0756	-71.9806	-71.8825	-71.7812	-71.6765	-71.5682	-71.4562	-71.3401	-71.2199	-71.0951	-70.9656	-70.831	-70.6912	-70.5459	-70.3949	-70.2381	-70.0757	-69.9081	-69.7359	-69.5604	-69.3838	-69.2094	-69.0419	-68.8881	-68.757	-68.6598	-68.6092	-68.6177	-68.696
3.015	-72.7813	-72.8564	-72.9352	-72.99	-73.017	-73.0195	-73.0023	-72.9696	-72.9252	-72.8718	-72.8115	-72.7457	-72.6755	-72.6016	-72.5243	-72.4441	-72.361	-72.2751	-72.1865	-72.095	-72.0006	-71.9031	-71.8025	-71.6985	-71.591	-71.4798	-71.3646	-71.2452	-71.1214	-70.9929	-70.8595	-70.7209	-70.5768	-70.4272	-70.272	-70.1112	-69.9453	-69.7749	-69.6014	-69.427	-69.2548	-69.0896	-68.938	-68.8091	-68.7139	-68.665	-68.6745	-68.753
3.02	-72.7943	-72.8696	-72.9484	-73.0033	-73.0304	-73.0331	-73.0161	-72.9837	-72.9396	-72.8866	-72.8266	-72.7612	-72.6914	-72.6179	-72.541	-72.4613	-72.3786	-72.2933	-72.2052	-72.1142	-72.0204	-71.9236	-71.8237	-71.7204	-71.6136	-71.5032	-71.3888	-71.2704	-71.1475	-71.0201	-70.8877	-70.7503	-70.6075	-70.4593	-70.3055	-70.1463	-69.9821	-69.8135	-69.642	-69.4696	-69.2996	-69.1366	-68.9873	-68.8605	-68.7673	-68.7199	-68.7305	-68.8093
3.025	-72.8073	-72.8826	-72.9615	-73.0165	-73.0438	-73.0467	-73.0299	-72.9978	-72.954	-72.9013	-72.8416	-72.7766	-72.7072	-72.634	-72.5577	-72.4783	-72.3962	-72.3113	-72.2238	-72.1334	-72.0402	-71.944	-71.8447	-71.7421	-71.6361	-71.5264	-71.4129	-71.2953	-71.1735	-71.047	-70.9157	-70.7795	-70.6379	-70.491	-70.3387	-70.1811	-70.0185	-69.8518	-69.6822	-69.5118	-69.3439	-69.1831	-69.036	-68.9113	-68.82	-68.7741	-68.7857	-68.8647
3.03	-72.8203	-72.8956	-72.9745	-73.0296	-73.0571	-73.0601	-73.0436	-73.0117	-72.9682	-72.9159	-72.8566	-72.7919	-72.7229	-72.6502	-72.5742	-72.4953	-72.4137	-72.3293	-72.2422	-72.1524	-72.0598	-71.9642	-71.8656	-71.7637	-71.6584	-71.5495	-71.4368	-71.3201	-71.1992	-71.0737	-70.9435	-70.8084	-70.6681	-70.5225	-70.3716	-70.2155	-70.0546	-69.8896	-69.7219	-69.5535	-69.3876	-69.229	-69.084	-68.9614	-68.8719	-68.8276	-68.8401	-68.9194
3.035	-72.8332	-72.9086	-72.9875	-73.0427	-73.0703	-73.0736	-73.0572	-73.0257	-72.9825	-72.9304	-72.8715	-72.8072	-72.7385	-72.6662	-72.5907	-72.5122	-72.431	-72.3472	-72.2606	-72.1713	-72.0793	-71.9843	-71.8863	-71.7851	-71.6805	-71.5724	-71.4605	-71.3447	-71.2247	-71.1002	-70.9711	-70.8371	-70.698	-70.5537	-70.4042	-70.2496	-70.0903	-69.927	-69.7611	-69.5947	-69.4309	-69.2744	-69.1315	-69.0109	-68.9232	-68.8803	-68.8938	-68.9733
3.04	-72.846	-72.9215	-73.0005	-73.0557	-73.0834	-73.0869	-73.0708	-73.0395	-72.9966	-72.9448	-72.8863	-72.8223	-72.754	-72.6821	-72.607	-72.529	-72.4483	-72.3649	-72.2789	-72.1902	-72.0987	-72.0043	-71.9069	-71.8064	-71.7025	-71.5952	-71.4841	-71.3691	-71.25	-71.1265	-70.9984	-70.8655	-70.7276	-70.5846	-70.4365	-70.2834	-70.1256	-69.9641	-69.8	-69.6355	-69.4737	-69.3192	-69.1784	-69.0598	-68.9738	-68.9324	-68.9467	-69.0264
3.045	-72.8588	-72.9343	-73.0133	-73.0687	-73.0965	-73.1002	-73.0843	-73.0533	-73.0107	-72.9592	-72.901	-72.8374	-72.7695	-72.698	-72.6233	-72.5457	-72.4655	-72.3826	-72.297	-72.2088	-72.1179	-72.0241	-71.9274	-71.8275	-71.7244	-71.6178	-71.5075	-71.3933	-71.2751	-71.1526	-71.0255	-70.8937	-70.757	-70.6153	-70.4685	-70.3168	-70.1607	-70.0008	-69.8385	-69.6758	-69.516	-69.3635	-69.2247	-69.108	-69.0238	-68.9837	-68.9989	-69.0789
3.05	-72.8716	-72.9471	-73.0262	-73.0816	-73.1096	-73.1134	-73.0978	-73.067	-73.0247	-72.9735	-72.9156	-72.8524	-72.7849	-72.7137	-72.6395	-72.5623	-72.4825	-72.4001	-72.3151	-72.2274	-72.137	-72.0439	-71.9477	-71.8485	-71.7461	-71.6402	-71.5307	-71.4174	-71.3	-71.1785	-71.0524	-70.9217	-70.7861	-70.6456	-70.5002	-70.35	-70.1953	-70.0371	-69.8765	-69.7157	-69.5578	-69.4073	-69.2705	-69.1556	-69.0731	-69.0344	-69.0504	-69.1306
3.055	-72.8842	-72.9599	-73.0389	-73.0944	-73.1226	-73.1266	-73.1112	-73.0806	-73.0386	-72.9878	-72.9302	-72.8673	-72.8002	-72.7294	-72.6556	-72.5789	-72.4995	-72.4175	-72.333	-72.2459	-72.1561	-72.0635	-71.9679	-71.8694	-71.7676	-71.6625	-71.5537	-71.4413	-71.3248	-71.2041	-71.0791	-70.9494	-70.815	-70.6758	-70.5316	-70.3828	-70.2297	-70.073	-69.9142	-69.7552	-69.5992	-69.4506	-69.3157	-69.2027	-69.1218	-69.0844	-69.1013	-69.1816
3.06	-72.8969	-72.9725	-73.0517	-73.1072	-73.1355	-73.1397	-73.1245	-73.0942	-73.0525	-73.002	-72.9447	-72.8822	-72.8154	-72.745	-72.6716	-72.5953	-72.5164	-72.4349	-72.3509	-72.2642	-72.175	-72.0829	-71.988	-71.8901	-71.789	-71.6846	-71.5766	-71.465	-71.3493	-71.2296	-71.1055	-70.9769	-70.8437	-70.7056	-70.5628	-70.4153	-70.2637	-70.1086	-69.9515	-69.7943	-69.6401	-69.4934	-69.3604	-69.2492	-69.1699	-69.1338	-69.1514	-69.2319
3.065	-72.9094	-72.9852	-73.0643	-73.1199	-73.1484	-73.1527	-73.1378	-73.1078	-73.0663	-73.0161	-72.9592	-72.897	-72.8305	-72.7606	-72.6875	-72.6116	-72.5332	-72.4521	-72.3686	-72.2825	-72.1937	-72.1023	-72.008	-71.9107	-71.8103	-71.7065	-71.5993	-71.4885	-71.3737	-71.2549	-71.1318	-71.0042	-70.8721	-70.7352	-70.5936	-70.4475	-70.2974	-70.1439	-69.9884	-69.8329	-69.6806	-69.5357	-69.4045	-69.2951	-69.2174	-69.1825	-69.201	-69.2816
3.07	-72.922	-72.9977	-73.0769	-73.1326	-73.1612	-73.1657	-73.151	-73.1212	-73.08	-73.0301	-72.9735	-72.9117	-72.8456	-72.776	-72.7033	-72.6279	-72.5499	-72.4693	-72.3862	-72.3006	-72.2124	-72.1215	-72.0278	-71.9311	-71.8314	-71.7284	-71.6219	-71.5118	-71.3979	-71.28	-71.1578	-71.0313	-70.9002	-70.7645	-70.6242	-70.4795	-70.3307	-70.1788	-70.0249	-69.8712	-69.7206	-69.5776	-69.4482	-69.3404	-69.2643	-69.2306	-69.2498	-69.3306
3.075	-72.9344	-73.0103	-73.0895	-73.1453	-73.1739	-73.1787	-73.1641	-73.1346	-73.0937	-73.0441	-72.9878	-72.9263	-72.8606	-72.7914	-72.7191	-72.6441	-72.5665	-72.4863	-72.4037	-72.3186	-72.231	-72.1406	-72.0475	-71.9515	-71.8523	-71.75	-71.6443	-71.535	-71.4219	-71.3049	-71.1837	-71.0582	-70.9281	-70.7936	-70.6545	-70.5111	-70.3638	-70.2133	-70.0611	-69.909	-69.7602	-69.6189	-69.4913	-69.3853	-69.3106	-69.2781	-69.2981	-69.379
3.08	-72.9469	-73.0227	-73.102	-73.1578	-73.1866	-73.1916	-73.1772	-73.148	-73.1073	-73.058	-73.0021	-72.9409	-72.8755	-72.8067	-72.7348	-72.6601	-72.583	-72.5033	-72.4212	-72.3366	-72.2494	-72.1596	-72.0671	-71.9716	-71.8732	-71.7715	-71.6666	-71.558	-71.4458	-71.3296	-71.2093	-71.0848	-70.9558	-70.8224	-70.6846	-70.5425	-70.3965	-70.2476	-70.0969	-69.9464	-69.7993	-69.6598	-69.534	-69.4296	-69.3564	-69.325	-69.3457	-69.4267
3.085	-72.9592	-73.0351	-73.1144	-73.1704	-73.1993	-73.2044	-73.1903	-73.1612	-73.1209	-73.0719	-73.0162	-72.9554	-72.8904	-72.8219	-72.7504	-72.6761	-72.5994	-72.5202	-72.4385	-72.3544	-72.2677	-72.1785	-72.0865	-71.9917	-71.8939	-71.7929	-71.6886	-71.5809	-71.4694	-71.3541	-71.2348	-71.1112	-70.9833	-70.851	-70.7144	-70.5735	-70.429	-70.2815	-70.1323	-69.9835	-69.8381	-69.7003	-69.5761	-69.4733	-69.4016	-69.3714	-69.3927	-69.4739
3.09	-72.9715	-73.0475	-73.1268	-73.1828	-73.2119	-73.2171	-73.2032	-73.1745	-73.1344	-73.0856	-73.0303	-72.9698	-72.9051	-72.837	-72.7659	-72.692	-72.6157	-72.5369	-72.4557	-72.3721	-72.286	-72.1973	-72.1058	-72.0116	-71.9144	-71.8141	-71.7106	-71.6036	-71.4929	-71.3785	-71.26	-71.1374	-71.0106	-70.8794	-70.7439	-70.6043	-70.4611	-70.315	-70.1674	-70.0202	-69.8764	-69.7403	-69.6178	-69.5166	-69.4462	-69.4172	-69.4392	-69.5204
3.095	-72.9838	-73.0598	-73.1392	-73.1953	-73.2244	-73.2299	-73.2161	-73.1876	-73.1478	-73.0994	-73.0443	-72.9841	-72.9198	-72.852	-72.7813	-72.7079	-72.6319	-72.5536	-72.4729	-72.3897	-72.3041	-72.2159	-72.1251	-72.0314	-71.9349	-71.8352	-71.7324	-71.6261	-71.5162	-71.4026	-71.2851	-71.1634	-71.0376	-70.9075	-70.7732	-70.6348	-70.493	-70.3483	-70.2021	-70.0565	-69.9144	-69.7799	-69.659	-69.5594	-69.4904	-69.4624	-69.485	-69.5664
3.1	-72.996	-73.0721	-73.1515	-73.2076	-73.2369	-73.2425	-73.229	-73.2007	-73.1612	-73.113	-73.0583	-72.9984	-72.9344	-72.867	-72.7966	-72.7236	-72.6481	-72.5702	-72.4899	-72.4072	-72.3221	-72.2344	-72.1441	-72.0511	-71.9552	-71.8562	-71.754	-71.6485	-71.5394	-71.4266	-71.3099	-71.1892	-71.0644	-70.9354	-70.8022	-70.6651	-70.5245	-70.3812	-70.2365	-70.0925	-69.9519	-69.8191	-69.6998	-69.6017	-69.534	-69.507	-69.5303	-69.6118
3.105	-73.0082	-73.0843	-73.1637	-73.2199	-73.2493	-73.2551	-73.2418	-73.2138	-73.1745	-73.1266	-73.0722	-73.0126	-72.949	-72.8819	-72.8119	-72.7393	-72.6642	-72.5867	-72.5068	-72.4246	-72.34	-72.2529	-72.1631	-72.0706	-71.9753	-71.877	-71.7755	-71.6707	-71.5624	-71.4504	-71.3346	-71.2148	-71.091	-70.963	-70.831	-70.6951	-70.5558	-70.4139	-70.2706	-70.1281	-69.9891	-69.8578	-69.7401	-69.6435	-69.5771	-69.5512	-69.5751	-69.6566
3.11	-73.0203	-73.0965	-73.1759	-73.2322	-73.2617	-73.2677	-73.2546	-73.2267	-73.1877	-73.1401	-73.086	-73.0268	-72.9634	-72.8967	-72.8271	-72.7548	-72.6801	-72.6031	-72.5237	-72.4419	-72.3578	-72.2712	-72.182	-72.0901	-71.9954	-71.8977	-71.7969	-71.6928	-71.5852	-71.4741	-71.3591	-71.2403	-71.1174	-70.9904	-70.8595	-70.7248	-70.5868	-70.4462	-70.3044	-70.1633	-70.0258	-69.8962	-69.78	-69.6848	-69.6197	-69.5948	-69.6193	-69.7009
3.115	-73.0324	-73.1086	-73.1881	-73.2444	-73.2741	-73.2801	-73.2673	-73.2397	-73.2009	-73.1536	-73.0998	-73.0408	-72.9779	-72.9115	-72.8422	-72.7703	-72.696	-72.6194	-72.5404	-72.4592	-72.3755	-72.2894	-72.2007	-72.1094	-72.0153	-71.9182	-71.8181	-71.7147	-71.6079	-71.4975	-71.3834	-71.2655	-71.1436	-71.0176	-70.8878	-70.7543	-70.6175	-70.4782	-70.3378	-70.1982	-70.0622	-69.9341	-69.8194	-69.7257	-69.6619	-69.6379	-69.663	-69.7447
3.12	-73.0444	-73.1207	-73.2001	-73.2566	-73.2863	-73.2926	-73.2799	-73.2525	-73.214	-73.167	-73.1134	-73.0548	-72.9922	-72.9262	-72.8573	-72.7858	-72.7118	-72.6356	-72.5571	-72.4763	-72.3931	-72.3075	-72.2193	-72.1286	-72.035	-71.9386	-71.8391	-71.7364	-71.6304	-71.5208	-71.4075	-71.2905	-71.1695	-71.0446	-70.9159	-70.7835	-70.6479	-70.51	-70.3709	-70.2327	-70.0983	-69.9716	-69.8585	-69.7661	-69.7035	-69.6805	-69.7061	-69.7879
3.125	-73.0564	-73.1327	-73.2122	-73.2687	-73.2986	-73.305	-73.2925	-73.2654	-73.2271	-73.1803	-73.1271	-73.0688	-73.0064	-72.9408	-72.8722	-72.8011	-72.7276	-72.6517	-72.5737	-72.4933	-72.4106	-72.3255	-72.2379	-72.1476	-72.0547	-71.9589	-71.86	-71.758	-71.6527	-71.5439	-71.4315	-71.3153	-71.1953	-71.0714	-70.9437	-70.8125	-70.6781	-70.5414	-70.4037	-70.267	-70.134	-70.0088	-69.8971	-69.8061	-69.7447	-69.7226	-69.7488	-69.8306
3.13	-73.0683	-73.1446	-73.2242	-73.2807	-73.3107	-73.3173	-73.305	-73.2781	-73.2401	-73.1936	-73.1406	-73.0827	-73.0206	-72.9553	-72.8871	-72.8163	-72.7432	-72.6678	-72.5901	-72.5102	-72.428	-72.3434	-72.2563	-72.1666	-72.0742	-71.979	-71.8808	-71.7795	-71.6749	-71.5669	-71.4553	-71.34	-71.2209	-71.098	-70.9713	-70.8412	-70.708	-70.5726	-70.4362	-70.3008	-70.1693	-70.0456	-69.9353	-69.8456	-69.7854	-69.7642	-69.791	-69.8728
3.135	-73.0802	-73.1566	-73.2361	-73.2928	-73.3229	-73.3296	-73.3175	-73.2908	-73.253	-73.2068	-73.1542	-73.0965	-73.0348	-72.9698	-72.9019	-72.8315	-72.7588	-72.6838	-72.6065	-72.527	-72.4453	-72.3611	-72.2746	-72.1854	-72.0936	-71.999	-71.9015	-71.8008	-71.697	-71.5897	-71.4789	-71.3644	-71.2462	-71.1243	-70.9987	-70.8697	-70.7377	-70.6035	-70.4684	-70.3344	-70.2043	-70.082	-69.9731	-69.8847	-69.8257	-69.8054	-69.8326	-69.9146
3.14	-73.092	-73.1684	-73.248	-73.3047	-73.3349	-73.3418	-73.3299	-73.3035	-73.2659	-73.22	-73.1676	-73.1102	-73.0488	-72.9842	-72.9166	-72.8466	-72.7743	-72.6996	-72.6228	-72.5438	-72.4625	-72.3788	-72.2927	-72.2042	-72.1129	-72.0189	-71.922	-71.822	-71.7188	-71.6123	-71.5023	-71.3887	-71.2714	-71.1504	-71.0258	-70.8979	-70.7671	-70.6341	-70.5003	-70.3677	-70.2389	-70.118	-70.0105	-69.9234	-69.8655	-69.8461	-69.8738	-69.9558
3.145	-73.1038	-73.1803	-73.2599	-73.3166	-73.347	-73.354	-73.3423	-73.316	-73.2788	-73.2331	-73.181	-73.1239	-73.0628	-72.9985	-72.9313	-72.8616	-72.7896	-72.7154	-72.639	-72.5604	-72.4796	-72.3964	-72.3108	-72.2228	-72.1321	-72.0387	-71.9424	-71.8431	-71.7406	-71.6348	-71.5256	-71.4128	-71.2964	-71.1764	-71.0528	-70.9259	-70.7962	-70.6645	-70.532	-70.4006	-70.2732	-70.1537	-70.0475	-69.9617	-69.9049	-69.8863	-69.9146	-69.9966
3.15	-73.1155	-73.192	-73.2717	-73.3285	-73.3589	-73.3661	-73.3546	-73.3286	-73.2915	-73.2461	-73.1943	-73.1375	-73.0768	-73.0127	-72.9459	-72.8766	-72.805	-72.7311	-72.6551	-72.577	-72.4966	-72.4139	-72.3288	-72.2413	-72.1511	-72.0583	-71.9626	-71.864	-71.7622	-71.6571	-71.5487	-71.4367	-71.3212	-71.2021	-71.0795	-70.9537	-70.8251	-70.6945	-70.5633	-70.4332	-70.3072	-70.189	-70.0841	-69.9996	-69.9439	-69.9261	-69.9549	-70.0369
3.155	-73.1272	-73.2038	-73.2835	-73.3403	-73.3709	-73.3782	-73.3669	-73.3411	-73.3043	-73.2591	-73.2076	-73.1511	-73.0906	-73.0269	-72.9604	-72.8915	-72.8202	-72.7468	-72.6712	-72.5934	-72.5135	-72.4312	-72.3467	-72.2596	-72.1701	-72.0778	-71.9827	-71.8847	-71.7836	-71.6793	-71.5716	-71.4605	-71.3458	-71.2276	-71.106	-70.9812	-70.8538	-70.7244	-70.5943	-70.4656	-70.3408	-70.224	-70.1204	-70.0371	-69.9824	-69.9655	-69.9947	-70.0767
3.16	-73.1389	-73.2155	-73.2952	-73.3521	-73.3827	-73.3902	-73.3791	-73.3535	-73.3169	-73.272	-73.2208	-73.1646	-73.1044	-73.041	-72.9749	-72.9063	-72.8354	-72.7623	-72.6871	-72.6098	-72.5303	-72.4485	-72.3644	-72.2779	-72.1889	-72.0972	-72.0027	-71.9053	-71.8049	-71.7013	-71.5944	-71.484	-71.3702	-71.253	-71.1323	-71.0086	-70.8822	-70.7539	-70.6251	-70.4976	-70.3741	-70.2586	-70.1563	-70.0742	-70.0205	-70.0044	-70.0341	-70.1161
3.165	-73.1505	-73.2271	-73.3068	-73.3638	-73.3946	-73.4022	-73.3912	-73.3659	-73.3295	-73.2849	-73.2339	-73.178	-73.1181	-73.0551	-72.9893	-72.921	-72.8505	-72.7778	-72.703	-72.6261	-72.547	-72.4657	-72.3821	-72.2961	-72.2076	-72.1165	-72.0226	-71.9258	-71.8261	-71.7231	-71.617	-71.5074	-71.3945	-71.2781	-71.1584	-71.0357	-70.9103	-70.7832	-70.6556	-70.5293	-70.4071	-70.2929	-70.1918	-70.1109	-70.0583	-70.0429	-70.073	-70.1551
3.17	-73.162	-73.2387	-73.3185	-73.3755	-73.4063	-73.4141	-73.4034	-73.3782	-73.3421	-73.2977	-73.247	-73.1913	-73.1318	-73.069	-73.0036	-72.9356	-72.8655	-72.7932	-72.7188	-72.6423	-72.5636	-72.4828	-72.3996	-72.3141	-72.2262	-72.1356	-72.0423	-71.9462	-71.8471	-71.7449	-71.6394	-71.5307	-71.4185	-71.303	-71.1843	-71.0625	-70.9383	-70.8123	-70.6858	-70.5608	-70.4398	-70.3268	-70.227	-70.1472	-70.0956	-70.081	-70.1115	-70.1936
3.175	-73.1736	-73.2503	-73.33	-73.3871	-73.4181	-73.426	-73.4154	-73.3905	-73.3546	-73.3105	-73.26	-73.2046	-73.1454	-73.083	-73.0178	-72.9502	-72.8804	-72.8085	-72.7345	-72.6584	-72.5801	-72.4997	-72.4171	-72.3321	-72.2447	-72.1546	-72.0619	-71.9664	-71.8679	-71.7664	-71.6617	-71.5537	-71.4424	-71.3278	-71.21	-71.0892	-70.966	-70.8411	-70.7158	-70.5919	-70.4722	-70.3605	-70.2619	-70.1832	-70.1326	-70.1187	-70.1497	-70.2318
3.18	-73.185	-73.2618	-73.3416	-73.3987	-73.4298	-73.4379	-73.4274	-73.4027	-73.367	-73.3232	-73.273	-73.2179	-73.1589	-73.0968	-73.032	-72.9647	-72.8953	-72.8237	-72.7501	-72.6744	-72.5966	-72.5166	-72.4345	-72.3499	-72.263	-72.1735	-72.0814	-71.9865	-71.8887	-71.7878	-71.6838	-71.5766	-71.4661	-71.3524	-71.2355	-71.1157	-70.9935	-70.8697	-70.7455	-70.6228	-70.5043	-70.3938	-70.2964	-70.2188	-70.1691	-70.156	-70.1874	-70.2695
3.185	-73.1965	-73.2732	-73.353	-73.4102	-73.4414	-73.4496	-73.4394	-73.4148	-73.3794	-73.3358	-73.2859	-73.2311	-73.1724	-73.1106	-73.0461	-72.9792	-72.9101	-72.8389	-72.7656	-72.6903	-72.6129	-72.5334	-72.4517	-72.3677	-72.2813	-72.1923	-72.1008	-72.0065	-71.9093	-71.8091	-71.7058	-71.5994	-71.4897	-71.3767	-71.2607	-71.1419	-71.0207	-70.898	-70.7749	-70.6534	-70.5361	-70.4268	-70.3305	-70.2541	-70.2053	-70.1929	-70.2247	-70.3068
3.19	-73.2078	-73.2847	-73.3645	-73.4217	-73.453	-73.4614	-73.4513	-73.427	-73.3918	-73.3484	-73.2987	-73.2442	-73.1858	-73.1243	-73.0601	-72.9935	-72.9248	-72.8539	-72.7811	-72.7062	-72.6292	-72.5501	-72.4689	-72.3853	-72.2994	-72.211	-72.12	-72.0263	-71.9297	-71.8302	-71.7277	-71.6219	-71.513	-71.401	-71.2858	-71.1679	-71.0478	-70.9261	-70.8041	-70.6837	-70.5676	-70.4594	-70.3644	-70.289	-70.2411	-70.2294	-70.2616	-70.3437
3.195	-73.2192	-73.296	-73.3759	-73.4332	-73.4646	-73.4731	-73.4632	-73.439	-73.4041	-73.3609	-73.3115	-73.2573	-73.1992	-73.138	-73.0741	-73.0078	-72.9394	-72.8689	-72.7964	-72.7219	-72.6454	-72.5667	-72.4859	-72.4029	-72.3175	-72.2296	-72.1391	-72.046	-71.9501	-71.8512	-71.7493	-71.6444	-71.5362	-71.425	-71.3107	-71.1938	-71.0746	-70.9539	-70.8331	-70.7138	-70.5988	-70.4918	-70.3979	-70.3235	-70.2766	-70.2656	-70.2981	-70.3802
3.2	-73.2305	-73.3074	-73.3872	-73.4446	-73.4761	-73.4847	-73.475	-73.451	-73.4163	-73.3734	-73.3242	-73.2703	-73.2125	-73.1516	-73.088	-73.022	-72.954	-72.8839	-72.8117	-72.7376	-72.6615	-72.5833	-72.5029	-72.4203	-72.3354	-72.248	-72.1581	-72.0656	-71.9703	-71.8721	-71.7709	-71.6666	-71.5593	-71.4488	-71.3355	-71.2194	-71.1012	-70.9815	-70.8617	-70.7436	-70.6298	-70.5239	-70.4311	-70.3577	-70.3117	-70.3014	-70.3342	-70.4163
3.205	-73.2417	-73.3187	-73.3985	-73.456	-73.4875	-73.4963	-73.4867	-73.463	-73.4285	-73.3858	-73.3369	-73.2832	-73.2257	-73.1651	-73.1018	-73.0362	-72.9685	-72.8987	-72.8269	-72.7532	-72.6775	-72.5997	-72.5198	-72.4376	-72.3532	-72.2664	-72.177	-72.0851	-71.9903	-71.8928	-71.7923	-71.6887	-71.5821	-71.4725	-71.36	-71.2449	-71.1276	-71.0089	-70.8902	-70.7732	-70.6604	-70.5557	-70.4639	-70.3916	-70.3465	-70.3368	-70.37	-70.452
3.21	-73.253	-73.3299	-73.4098	-73.4673	-73.4989	-73.5079	-73.4985	-73.4749	-73.4406	-73.3982	-73.3496	-73.2961	-73.2389	-73.1785	-73.1156	-73.0503	-72.9829	-72.9135	-72.8421	-72.7687	-72.6934	-72.616	-72.5366	-72.4549	-72.3709	-72.2846	-72.1958	-72.1044	-72.0103	-71.9134	-71.8135	-71.7107	-71.6048	-71.496	-71.3843	-71.2701	-71.1538	-71.0361	-70.9184	-70.8024	-70.6908	-70.5872	-70.4965	-70.4252	-70.3809	-70.3718	-70.4054	-70.4874
3.215	-73.2641	-73.3411	-73.421	-73.4785	-73.5103	-73.5193	-73.5101	-73.4868	-73.4527	-73.4105	-73.3621	-73.309	-73.252	-73.1919	-73.1293	-73.0643	-72.9972	-72.9282	-72.8571	-72.7842	-72.7092	-72.6323	-72.5532	-72.472	-72.3886	-72.3027	-72.2145	-72.1236	-72.0301	-71.9338	-71.8346	-71.7325	-71.6274	-71.5193	-71.4085	-71.2951	-71.1797	-71.0631	-70.9464	-70.8315	-70.7209	-70.6184	-70.5288	-70.4584	-70.415	-70.4065	-70.4404	-70.5224
3.22	-73.2753	-73.3523	-73.4322	-73.4898	-73.5216	-73.5308	-73.5218	-73.4986	-73.4648	-73.4228	-73.3746	-73.3217	-73.265	-73.2053	-73.1429	-73.0783	-73.0115	-72.9428	-72.8721	-72.7995	-72.725	-72.6484	-72.5698	-72.4891	-72.4061	-72.3208	-72.233	-72.1427	-72.0498	-71.9541	-71.8556	-71.7541	-71.6498	-71.5425	-71.4325	-71.32	-71.2055	-71.0898	-70.9741	-70.8603	-70.7508	-70.6493	-70.5607	-70.4913	-70.4487	-70.4409	-70.4751	-70.5571
3.225	-73.2864	-73.3634	-73.4433	-73.501	-73.5329	-73.5422	-73.5333	-73.5104	-73.4767	-73.435	-73.3871	-73.3345	-73.278	-73.2186	-73.1565	-73.0922	-73.0257	-72.9574	-72.887	-72.8148	-72.7407	-72.6645	-72.5863	-72.506	-72.4235	-72.3387	-72.2515	-72.1617	-72.0694	-71.9743	-71.8764	-71.7756	-71.672	-71.5655	-71.4563	-71.3447	-71.2311	-71.1163	-71.0017	-70.8888	-70.7804	-70.68	-70.5924	-70.524	-70.4821	-70.4749	-70.5095	-70.5914
3.23	-73.2974	-73.3745	-73.4544	-73.5121	-73.5441	-73.5536	-73.5449	-73.5221	-73.4887	-73.4472	-73.3995	-73.3471	-73.291	-73.2318	-73.17	-73.106	-73.0399	-72.9718	-72.9019	-72.83	-72.7562	-72.6805	-72.6027	-72.5229	-72.4408	-72.3565	-72.2698	-72.1806	-72.0888	-71.9943	-71.8971	-71.797	-71.6941	-71.5883	-71.4799	-71.3691	-71.2565	-71.1427	-71.029	-70.9171	-70.8097	-70.7104	-70.6238	-70.5563	-70.5152	-70.5086	-70.5435	-70.6254
3.235	-73.3084	-73.3855	-73.4655	-73.5232	-73.5553	-73.5649	-73.5564	-73.5338	-73.5006	-73.4593	-73.4119	-73.3597	-73.3039	-73.2449	-73.1835	-73.1198	-73.054	-72.9862	-72.9166	-72.8451	-72.7717	-72.6964	-72.6191	-72.5396	-72.4581	-72.3742	-72.288	-72.1993	-72.1081	-72.0143	-71.9176	-71.8182	-71.716	-71.611	-71.5034	-71.3934	-71.2816	-71.1688	-71.056	-70.9452	-70.8388	-70.7405	-70.6549	-70.5883	-70.548	-70.542	-70.5771	-70.659
3.24	-73.3194	-73.3965	-73.4765	-73.5343	-73.5665	-73.5762	-73.5678	-73.5454	-73.5124	-73.4714	-73.4242	-73.3723	-73.3167	-73.2581	-73.1969	-73.1334	-73.068	-73.0006	-72.9313	-72.8602	-72.7872	-72.7122	-72.6353	-72.5563	-72.4752	-72.3918	-72.3061	-72.218	-72.1273	-72.034	-71.9381	-71.8393	-71.7378	-71.6335	-71.5267	-71.4176	-71.3066	-71.1947	-71.0829	-70.973	-70.8677	-70.7703	-70.6857	-70.62	-70.5805	-70.575	-70.6105	-70.6923
3.245	-73.3303	-73.4075	-73.4875	-73.5453	-73.5776	-73.5874	-73.5792	-73.557	-73.5242	-73.4834	-73.4364	-73.3848	-73.3295	-73.2711	-73.2102	-73.1471	-73.0819	-73.0149	-72.9459	-72.8752	-72.8025	-72.728	-72.6514	-72.5729	-72.4922	-72.4093	-72.3241	-72.2365	-72.1464	-72.0537	-71.9583	-71.8602	-71.7594	-71.6559	-71.5498	-71.4415	-71.3314	-71.2204	-71.1095	-71.0007	-70.8963	-70.7999	-70.7162	-70.6514	-70.6127	-70.6078	-70.6435	-70.7253
3.25	-73.3412	-73.4184	-73.4984	-73.5563	-73.5887	-73.5986	-73.5906	-73.5685	-73.5359	-73.4953	-73.4486	-73.3972	-73.3422	-73.2841	-73.2235	-73.1606	-73.0958	-73.0291	-72.9605	-72.89	-72.8178	-72.7436	-72.6675	-72.5894	-72.5091	-72.4267	-72.342	-72.2549	-72.1654	-72.0732	-71.9785	-71.881	-71.7809	-71.6781	-71.5728	-71.4653	-71.356	-71.2459	-71.1359	-71.028	-70.9246	-70.8292	-70.7465	-70.6825	-70.6446	-70.6402	-70.6762	-70.7579
3.255	-73.3521	-73.4293	-73.5093	-73.5672	-73.5997	-73.6098	-73.6019	-73.58	-73.5476	-73.5072	-73.4608	-73.4096	-73.3548	-73.297	-73.2367	-73.1741	-73.1096	-73.0432	-72.9749	-72.9049	-72.833	-72.7592	-72.6835	-72.6058	-72.526	-72.444	-72.3598	-72.2732	-72.1842	-72.0927	-71.9985	-71.9017	-71.8022	-71.7001	-71.5956	-71.4889	-71.3805	-71.2712	-71.1622	-71.0552	-70.9528	-70.8583	-70.7765	-70.7134	-70.6761	-70.6723	-70.7086	-70.7903
3.26	-73.3629	-73.4401	-73.5201	-73.5781	-73.6107	-73.6209	-73.6131	-73.5915	-73.5593	-73.5191	-73.4729	-73.422	-73.3674	-73.3099	-73.2498	-73.1876	-73.1234	-73.0573	-72.9893	-72.9196	-72.8481	-72.7747	-72.6994	-72.6221	-72.5427	-72.4612	-72.3775	-72.2914	-72.203	-72.112	-72.0184	-71.9222	-71.8234	-71.722	-71.6182	-71.5123	-71.4047	-71.2963	-71.1882	-71.0821	-70.9806	-70.8871	-70.8063	-70.744	-70.7074	-70.7041	-70.7407	-70.8223
3.265	-73.3737	-73.4509	-73.531	-73.589	-73.6216	-73.632	-73.6244	-73.6029	-73.5709	-73.5309	-73.4849	-73.4343	-73.38	-73.3227	-73.2629	-73.201	-73.137	-73.0713	-73.0037	-72.9343	-72.8631	-72.7901	-72.7152	-72.6383	-72.5594	-72.4783	-72.3951	-72.3095	-72.2216	-72.1311	-72.0382	-71.9426	-71.8445	-71.7438	-71.6407	-71.5355	-71.4288	-71.3212	-71.214	-71.1089	-71.0083	-70.9157	-70.8357	-70.7743	-70.7384	-70.7356	-70.7724	-70.854
3.27	-73.3844	-73.4617	-73.5417	-73.5998	-73.6325	-73.643	-73.6355	-73.6142	-73.5824	-73.5427	-73.4969	-73.4465	-73.3925	-73.3354	-73.276	-73.2143	-73.1507	-73.0852	-73.0179	-72.9489	-72.8781	-72.8054	-72.7309	-72.6544	-72.5759	-72.4953	-72.4126	-72.3275	-72.2401	-72.1502	-72.0578	-71.9629	-71.8654	-71.7654	-71.663	-71.5586	-71.4527	-71.3459	-71.2396	-71.1354	-71.0357	-70.9441	-70.865	-70.8043	-70.7691	-70.7668	-70.8039	-70.8855
3.275	-73.3951	-73.4724	-73.5525	-73.6105	-73.6434	-73.654	-73.6467	-73.6255	-73.5939	-73.5544	-73.5089	-73.4587	-73.4049	-73.3481	-73.2889	-73.2276	-73.1642	-73.0991	-73.0321	-72.9634	-72.8929	-72.8207	-72.7465	-72.6705	-72.5924	-72.5123	-72.4299	-72.3454	-72.2585	-72.1692	-72.0773	-71.983	-71.8861	-71.7868	-71.6852	-71.5815	-71.4764	-71.3705	-71.265	-71.1617	-71.0629	-70.9722	-70.8939	-70.8341	-70.7996	-70.7978	-70.8351	-70.9166
3.28	-73.4058	-73.4831	-73.5632	-73.6213	-73.6542	-73.6649	-73.6577	-73.6368	-73.6054	-73.5661	-73.5208	-73.4708	-73.4173	-73.3608	-73.3018	-73.2408	-73.1777	-73.1129	-73.0462	-72.9779	-72.9078	-72.8358	-72.7621	-72.6864	-72.6088	-72.5291	-72.4472	-72.3632	-72.2768	-72.188	-72.0967	-72.003	-71.9068	-71.8081	-71.7072	-71.6043	-71.4999	-71.3948	-71.2902	-71.1878	-71.0899	-71	-70.9227	-70.8636	-70.8298	-70.8284	-70.866	-70.9474
3.285	-73.4164	-73.4937	-73.5738	-73.632	-73.665	-73.6758	-73.6688	-73.648	-73.6168	-73.5777	-73.5326	-73.4829	-73.4296	-73.3734	-73.3147	-73.2539	-73.1911	-73.1266	-73.0603	-72.9923	-72.9225	-72.8509	-72.7776	-72.7023	-72.6251	-72.5458	-72.4644	-72.3808	-72.2949	-72.2067	-72.116	-72.0229	-71.9273	-71.8293	-71.7291	-71.6269	-71.5233	-71.419	-71.3152	-71.2136	-71.1167	-71.0277	-70.9511	-70.8929	-70.8597	-70.8588	-70.8966	-70.978
3.29	-73.427	-73.5044	-73.5844	-73.6426	-73.6757	-73.6866	-73.6798	-73.6592	-73.6282	-73.5893	-73.5444	-73.495	-73.4419	-73.3859	-73.3275	-73.267	-73.2045	-73.1403	-73.0743	-73.0066	-72.9371	-72.866	-72.793	-72.7181	-72.6413	-72.5624	-72.4815	-72.3984	-72.313	-72.2253	-72.1352	-72.0426	-71.9476	-71.8503	-71.7508	-71.6493	-71.5465	-71.443	-71.3401	-71.2393	-71.1432	-71.0551	-70.9794	-70.9219	-70.8893	-70.8889	-70.9269	-71.0083
3.295	-73.4375	-73.5149	-73.595	-73.6533	-73.6864	-73.6975	-73.6908	-73.6703	-73.6395	-73.6008	-73.5562	-73.5069	-73.4541	-73.3984	-73.3403	-73.28	-73.2178	-73.1539	-73.0882	-73.0208	-72.9517	-72.8809	-72.8083	-72.7338	-72.6574	-72.579	-72.4985	-72.4159	-72.331	-72.2438	-72.1542	-72.0622	-71.9679	-71.8712	-71.7723	-71.6716	-71.5695	-71.4668	-71.3647	-71.2648	-71.1696	-71.0823	-71.0074	-70.9506	-70.9187	-70.9187	-70.957	-71.0382
3.3	-73.448	-73.5255	-73.6056	-73.6638	-73.6971	-73.7082	-73.7017	-73.6814	-73.6508	-73.6123	-73.5679	-73.5189	-73.4663	-73.4108	-73.3529	-73.293	-73.2311	-73.1674	-73.1021	-73.035	-72.9663	-72.8958	-72.8235	-72.7494	-72.6734	-72.5954	-72.5154	-72.4332	-72.3488	-72.2622	-72.1731	-72.0817	-71.988	-71.8919	-71.7938	-71.6937	-71.5924	-71.4905	-71.3892	-71.2901	-71.1957	-71.1092	-71.0352	-70.9791	-70.9478	-70.9483	-70.9868	-71.068
3.305	-73.4585	-73.536	-73.6161	-73.6744	-73.7077	-73.719	-73.7126	-73.6925	-73.662	-73.6238	-73.5795	-73.5308	-73.4784	-73.4232	-73.3656	-73.3059	-73.2443	-73.1809	-73.1159	-73.0491	-72.9807	-72.9106	-72.8387	-72.765	-72.6894	-72.6118	-72.5322	-72.4505	-72.3666	-72.2804	-72.192	-72.1011	-72.008	-71.9125	-71.815	-71.7157	-71.6151	-71.514	-71.4134	-71.3152	-71.2216	-71.136	-71.0627	-71.0074	-70.9767	-70.9776	-71.0163	-71.0974
3.31	-73.469	-73.5464	-73.6265	-73.6849	-73.7183	-73.7297	-73.7234	-73.7035	-73.6732	-73.6352	-73.5912	-73.5426	-73.4905	-73.4355	-73.3782	-73.3187	-73.2574	-73.1943	-73.1296	-73.0632	-72.9951	-72.9253	-72.8538	-72.7804	-72.7052	-72.6281	-72.5489	-72.4677	-72.3842	-72.2986	-72.2106	-72.1204	-72.0278	-71.933	-71.8362	-71.7375	-71.6376	-71.5373	-71.4375	-71.3401	-71.2473	-71.1625	-71.09	-71.0354	-71.0053	-71.0067	-71.0456	-71.1266
3.315	-73.4794	-73.5569	-73.637	-73.6954	-73.7288	-73.7403	-73.7342	-73.7145	-73.6844	-73.6465	-73.6027	-73.5544	-73.5025	-73.4478	-73.3907	-73.3315	-73.2705	-73.2077	-73.1432	-73.0771	-73.0094	-72.9399	-72.8688	-72.7958	-72.721	-72.6443	-72.5655	-72.4847	-72.4018	-72.3166	-72.2292	-72.1395	-72.0475	-71.9534	-71.8571	-71.7592	-71.66	-71.5604	-71.4614	-71.3648	-71.2729	-71.1888	-71.1171	-71.0632	-71.0337	-71.0355	-71.0746	-71.1555
3.32	-73.4897	-73.5672	-73.6474	-73.7058	-73.7393	-73.7509	-73.745	-73.7254	-73.6955	-73.6578	-73.6142	-73.5661	-73.5145	-73.46	-73.4032	-73.3442	-73.2835	-73.221	-73.1568	-73.091	-73.0236	-72.9545	-72.8837	-72.8111	-72.7367	-72.6604	-72.5821	-72.5017	-72.4193	-72.3346	-72.2477	-72.1585	-72.0671	-71.9736	-71.878	-71.7807	-71.6823	-71.5834	-71.4852	-71.3893	-71.2982	-71.215	-71.144	-71.0908	-71.0618	-71.064	-71.1033	-71.1842
3.325	-73.5001	-73.5776	-73.6577	-73.7162	-73.7498	-73.7615	-73.7557	-73.7363	-73.7066	-73.6691	-73.6257	-73.5778	-73.5264	-73.4722	-73.4156	-73.3569	-73.2964	-73.2342	-73.1704	-73.1049	-73.0378	-72.969	-72.8985	-72.8263	-72.7523	-72.6764	-72.5985	-72.5186	-72.4366	-72.3524	-72.2661	-72.1774	-72.0866	-71.9936	-71.8987	-71.8021	-71.7043	-71.6062	-71.5087	-71.4137	-71.3233	-71.2409	-71.1706	-71.1181	-71.0897	-71.0924	-71.1318	-71.2127
3.33	-73.5104	-73.5879	-73.668	-73.7265	-73.7602	-73.7721	-73.7664	-73.7471	-73.7176	-73.6803	-73.6371	-73.5895	-73.5383	-73.4843	-73.4279	-73.3696	-73.3093	-73.2474	-73.1838	-73.1187	-73.0519	-72.9834	-72.9133	-72.8415	-72.7678	-72.6923	-72.6149	-72.5354	-72.4538	-72.3702	-72.2843	-72.1962	-72.106	-72.0136	-71.9193	-71.8233	-71.7263	-71.6288	-71.5321	-71.4378	-71.3483	-71.2666	-71.1971	-71.1452	-71.1174	-71.1204	-71.1601	-71.2408
3.335	-73.5206	-73.5982	-73.6783	-73.7369	-73.7706	-73.7826	-73.777	-73.7579	-73.7286	-73.6915	-73.6485	-73.6011	-73.5501	-73.4964	-73.4403	-73.3821	-73.3222	-73.2605	-73.1973	-73.1324	-73.0659	-72.9978	-72.928	-72.8565	-72.7833	-72.7082	-72.6311	-72.5521	-72.471	-72.3878	-72.3024	-72.2149	-72.1252	-72.0334	-71.9397	-71.8444	-71.748	-71.6513	-71.5554	-71.4618	-71.373	-71.2921	-71.2233	-71.1721	-71.1449	-71.1483	-71.1881	-71.2688
3.34	-73.5309	-73.6084	-73.6886	-73.7471	-73.781	-73.793	-73.7876	-73.7687	-73.7395	-73.7026	-73.6599	-73.6126	-73.5619	-73.5084	-73.4525	-73.3946	-73.335	-73.2736	-73.2106	-73.146	-73.0799	-73.0121	-72.9427	-72.8715	-72.7986	-72.7239	-72.6473	-72.5687	-72.4881	-72.4053	-72.3205	-72.2335	-72.1443	-72.0531	-71.96	-71.8654	-71.7697	-71.6736	-71.5784	-71.4856	-71.3976	-71.3174	-71.2493	-71.1988	-71.1721	-71.1758	-71.2158	-71.2965
3.345	-73.5411	-73.6187	-73.6988	-73.7574	-73.7913	-73.8035	-73.7982	-73.7794	-73.7504	-73.7137	-73.6712	-73.6241	-73.5736	-73.5203	-73.4647	-73.4071	-73.3477	-73.2866	-73.2239	-73.1596	-73.0938	-73.0263	-72.9572	-72.8865	-72.8139	-72.7396	-72.6634	-72.5852	-72.505	-72.4228	-72.3384	-72.2519	-72.1633	-72.0727	-71.9802	-71.8862	-71.7912	-71.6958	-71.6013	-71.5093	-71.4219	-71.3425	-71.2751	-71.2252	-71.1991	-71.2032	-71.2434	-71.3239
3.35	-73.5512	-73.6288	-73.709	-73.7676	-73.8016	-73.8139	-73.8087	-73.7901	-73.7613	-73.7247	-73.6824	-73.6356	-73.5853	-73.5323	-73.4769	-73.4195	-73.3604	-73.2995	-73.2371	-73.1731	-73.1076	-73.0405	-72.9717	-72.9013	-72.8291	-72.7552	-72.6794	-72.6016	-72.5219	-72.4401	-72.3562	-72.2702	-72.1822	-72.0921	-72.0003	-71.9069	-71.8125	-71.7178	-71.624	-71.5327	-71.4461	-71.3674	-71.3008	-71.2515	-71.2258	-71.2304	-71.2707	-71.3511
3.355	-73.5614	-73.639	-73.7191	-73.7778	-73.8118	-73.8242	-73.8192	-73.8007	-73.7721	-73.7357	-73.6936	-73.647	-73.597	-73.5441	-73.489	-73.4319	-73.373	-73.3124	-73.2503	-73.1866	-73.1214	-73.0546	-72.9861	-72.9161	-72.8443	-72.7707	-72.6953	-72.618	-72.5387	-72.4573	-72.3739	-72.2885	-72.2009	-72.1115	-72.0202	-71.9274	-71.8337	-71.7397	-71.6466	-71.556	-71.4701	-71.3922	-71.3262	-71.2775	-71.2524	-71.2573	-71.2977	-71.3781
3.36	-73.5715	-73.6491	-73.7292	-73.7879	-73.822	-73.8345	-73.8296	-73.8113	-73.7829	-73.7467	-73.7048	-73.6584	-73.6086	-73.5559	-73.501	-73.4442	-73.3855	-73.3252	-73.2634	-73.2	-73.1351	-73.0686	-73.0005	-72.9308	-72.8593	-72.7861	-72.7111	-72.6342	-72.5553	-72.4745	-72.3915	-72.3066	-72.2196	-72.1307	-72.04	-71.9478	-71.8547	-71.7614	-71.669	-71.5791	-71.494	-71.4167	-71.3514	-71.3033	-71.2787	-71.284	-71.3246	-71.4049
3.365	-73.5815	-73.6592	-73.7393	-73.798	-73.8322	-73.8448	-73.84	-73.8219	-73.7936	-73.7576	-73.7159	-73.6697	-73.6201	-73.5677	-73.5131	-73.4564	-73.398	-73.338	-73.2764	-73.2133	-73.1487	-73.0825	-73.0148	-72.9454	-72.8743	-72.8015	-72.7269	-72.6504	-72.5719	-72.4915	-72.4091	-72.3246	-72.2381	-72.1497	-72.0596	-71.9681	-71.8756	-71.783	-71.6913	-71.6021	-71.5176	-71.4411	-71.3764	-71.329	-71.3048	-71.3104	-71.3512	-71.4314
3.37	-73.5916	-73.6692	-73.7493	-73.8081	-73.8423	-73.855	-73.8504	-73.8324	-73.8043	-73.7685	-73.727	-73.681	-73.6316	-73.5794	-73.525	-73.4686	-73.4105	-73.3507	-73.2894	-73.2266	-73.1623	-73.0964	-73.029	-72.9599	-72.8892	-72.8168	-72.7425	-72.6664	-72.5884	-72.5084	-72.4265	-72.3425	-72.2566	-72.1687	-72.0792	-71.9883	-71.8964	-71.8044	-71.7134	-71.6249	-71.5411	-71.4652	-71.4013	-71.3544	-71.3307	-71.3367	-71.3776	-71.4578
3.375	-73.6015	-73.6792	-73.7593	-73.8181	-73.8524	-73.8652	-73.8607	-73.8429	-73.8149	-73.7793	-73.738	-73.6922	-73.643	-73.5911	-73.5369	-73.4808	-73.4229	-73.3634	-73.3024	-73.2398	-73.1758	-73.1102	-73.0431	-72.9744	-72.904	-72.832	-72.7581	-72.6824	-72.6048	-72.5253	-72.4438	-72.3603	-72.2749	-72.1876	-72.0986	-72.0083	-71.917	-71.8257	-71.7353	-71.6475	-71.5645	-71.4892	-71.4259	-71.3796	-71.3565	-71.3627	-71.4038	-71.4839
3.38	-73.6115	-73.6892	-73.7693	-73.8281	-73.8625	-73.8754	-73.871	-73.8534	-73.8256	-73.7901	-73.749	-73.7034	-73.6544	-73.6027	-73.5488	-73.4929	-73.4352	-73.376	-73.3152	-73.253	-73.1892	-73.124	-73.0572	-72.9888	-72.9188	-72.8471	-72.7736	-72.6983	-72.6211	-72.542	-72.461	-72.378	-72.2931	-72.2063	-72.1179	-72.0282	-71.9375	-71.8468	-71.7571	-71.67	-71.5876	-71.5131	-71.4504	-71.4046	-71.382	-71.3886	-71.4298	-71.5098
3.385	-73.6214	-73.6991	-73.7793	-73.8381	-73.8725	-73.8855	-73.8813	-73.8638	-73.8361	-73.8009	-73.7599	-73.7146	-73.6658	-73.6143	-73.5606	-73.5049	-73.4475	-73.3886	-73.3281	-73.2661	-73.2026	-73.1377	-73.0712	-73.0032	-72.9335	-72.8621	-72.789	-72.7141	-72.6374	-72.5587	-72.4781	-72.3956	-72.3112	-72.2249	-72.1371	-72.0479	-71.9579	-71.8678	-71.7788	-71.6923	-71.6106	-71.5367	-71.4746	-71.4295	-71.4073	-71.4142	-71.4556	-71.5355
3.39	-73.6313	-73.709	-73.7892	-73.848	-73.8825	-73.8956	-73.8915	-73.8741	-73.8467	-73.8116	-73.7708	-73.7257	-73.6771	-73.6259	-73.5723	-73.5169	-73.4598	-73.4011	-73.3408	-73.2791	-73.216	-73.1513	-73.0851	-73.0174	-72.9481	-72.8771	-72.8044	-72.7298	-72.6535	-72.5753	-72.4951	-72.4131	-72.3292	-72.2435	-72.1561	-72.0675	-71.9781	-71.8887	-71.8003	-71.7144	-71.6334	-71.5602	-71.4987	-71.4541	-71.4324	-71.4397	-71.4811	-71.5609
3.395	-73.6412	-73.7189	-73.799	-73.8579	-73.8925	-73.9057	-73.9017	-73.8845	-73.8572	-73.8223	-73.7817	-73.7367	-73.6884	-73.6373	-73.5841	-73.5289	-73.472	-73.4135	-73.3535	-73.2921	-73.2292	-73.1649	-73.099	-73.0316	-72.9626	-72.892	-72.8196	-72.7455	-72.6696	-72.5918	-72.5121	-72.4305	-72.3471	-72.2619	-72.1751	-72.0871	-71.9983	-71.9094	-71.8216	-71.7365	-71.6561	-71.5835	-71.5226	-71.4786	-71.4573	-71.4649	-71.5065	-71.5862
3.4	-73.651	-73.7288	-73.8089	-73.8678	-73.9024	-73.9157	-73.9119	-73.8948	-73.8676	-73.8329	-73.7925	-73.7478	-73.6996	-73.6488	-73.5957	-73.5408	-73.4841	-73.4259	-73.3662	-73.305	-73.2424	-73.1784	-73.1128	-73.0457	-72.9771	-72.9068	-72.8348	-72.7611	-72.6855	-72.6081	-72.5289	-72.4478	-72.3648	-72.2802	-72.1939	-72.1064	-72.0182	-71.93	-71.8428	-71.7583	-71.6786	-71.6066	-71.5464	-71.5029	-71.482	-71.4899	-71.5317	-71.6113
3.405	-73.6608	-73.7386	-73.8187	-73.8776	-73.9123	-73.9257	-73.922	-73.905	-73.8781	-73.8435	-73.8033	-73.7587	-73.7108	-73.6602	-73.6073	-73.5526	-73.4962	-73.4382	-73.3788	-73.3179	-73.2556	-73.1918	-73.1266	-73.0598	-72.9915	-72.9215	-72.8499	-72.7765	-72.7014	-72.6245	-72.5456	-72.465	-72.3825	-72.2983	-72.2126	-72.1257	-72.0381	-71.9504	-71.8639	-71.78	-71.7009	-71.6296	-71.5699	-71.527	-71.5066	-71.5148	-71.5566	-71.6361
3.41	-73.6706	-73.7483	-73.8285	-73.8874	-73.9222	-73.9357	-73.9321	-73.9153	-73.8884	-73.8541	-73.814	-73.7697	-73.722	-73.6715	-73.6189	-73.5644	-73.5082	-73.4505	-73.3913	-73.3307	-73.2687	-73.2052	-73.1403	-73.0738	-73.0058	-72.9362	-72.8649	-72.7919	-72.7172	-72.6407	-72.5623	-72.4821	-72.4001	-72.3164	-72.2312	-72.1449	-72.0578	-71.9708	-71.8848	-71.8016	-71.7231	-71.6524	-71.5933	-71.5509	-71.5309	-71.5394	-71.5814	-71.6608
3.415	-73.6804	-73.7581	-73.8382	-73.8972	-73.932	-73.9456	-73.9421	-73.9254	-73.8988	-73.8646	-73.8248	-73.7806	-73.733	-73.6828	-73.6304	-73.5762	-73.5202	-73.4628	-73.4038	-73.3435	-73.2817	-73.2185	-73.1539	-73.0877	-73.0201	-72.9508	-72.8799	-72.8073	-72.7329	-72.6568	-72.5788	-72.4991	-72.4176	-72.3344	-72.2497	-72.1639	-72.0774	-71.9909	-71.9056	-71.823	-71.7451	-71.675	-71.6165	-71.5746	-71.5551	-71.5639	-71.606	-71.6853
3.42	-73.6901	-73.7678	-73.8479	-73.9069	-73.9418	-73.9555	-73.9521	-73.9356	-73.9091	-73.8751	-73.8354	-73.7914	-73.7441	-73.6941	-73.6419	-73.5879	-73.5322	-73.4749	-73.4163	-73.3562	-73.2947	-73.2318	-73.1674	-73.1016	-73.0342	-72.9653	-72.8948	-72.8225	-72.7486	-72.6728	-72.5953	-72.516	-72.4349	-72.3522	-72.2681	-72.1828	-72.0969	-72.011	-71.9263	-71.8442	-71.767	-71.6975	-71.6396	-71.5982	-71.5791	-71.5881	-71.6304	-71.7096
3.425	-73.6997	-73.7775	-73.8576	-73.9166	-73.9516	-73.9654	-73.9621	-73.9457	-73.9194	-73.8855	-73.846	-73.8022	-73.7551	-73.7053	-73.6534	-73.5995	-73.5441	-73.4871	-73.4286	-73.3688	-73.3076	-73.245	-73.1809	-73.1154	-73.0484	-72.9798	-72.9096	-72.8377	-72.7641	-72.6888	-72.6117	-72.5328	-72.4522	-72.37	-72.2864	-72.2016	-72.1162	-72.0309	-71.9468	-71.8654	-71.7887	-71.7198	-71.6625	-71.6216	-71.6029	-71.6122	-71.6546	-71.7337
3.43	-73.7094	-73.7872	-73.8672	-73.9263	-73.9613	-73.9752	-73.972	-73.9558	-73.9296	-73.8959	-73.8566	-73.813	-73.7661	-73.7165	-73.6647	-73.6111	-73.5559	-73.4991	-73.441	-73.3814	-73.3204	-73.2581	-73.1943	-73.1291	-73.0624	-72.9941	-72.9243	-72.8528	-72.7796	-72.7046	-72.628	-72.5495	-72.4694	-72.3877	-72.3045	-72.2203	-72.1354	-72.0507	-71.9672	-71.8863	-71.8103	-71.742	-71.6852	-71.6448	-71.6265	-71.6361	-71.6786	-71.7576
3.435	-73.719	-73.7968	-73.8769	-73.936	-73.971	-73.985	-73.982	-73.9658	-73.9398	-73.9063	-73.8672	-73.8238	-73.777	-73.7276	-73.6761	-73.6227	-73.5677	-73.5112	-73.4532	-73.3939	-73.3333	-73.2712	-73.2077	-73.1428	-73.0764	-73.0085	-72.9389	-72.8678	-72.795	-72.7204	-72.6441	-72.5662	-72.4865	-72.4052	-72.3226	-72.2389	-72.1546	-72.0704	-71.9874	-71.9072	-71.8317	-71.764	-71.7078	-71.6679	-71.65	-71.6599	-71.7024	-71.7813
3.44	-73.7286	-73.8064	-73.8865	-73.9456	-73.9807	-73.9947	-73.9918	-73.9759	-73.95	-73.9166	-73.8777	-73.8344	-73.7879	-73.7387	-73.6874	-73.6342	-73.5794	-73.5232	-73.4655	-73.4064	-73.346	-73.2842	-73.221	-73.1564	-73.0903	-73.0227	-72.9535	-72.8827	-72.8103	-72.7361	-72.6603	-72.5827	-72.5035	-72.4227	-72.3405	-72.2573	-72.1735	-72.0899	-72.0075	-71.9279	-71.853	-71.7859	-71.7302	-71.6908	-71.6733	-71.6834	-71.726	-71.8049
3.445	-73.7382	-73.8159	-73.896	-73.9551	-73.9903	-74.0045	-74.0017	-73.9858	-73.9601	-73.9269	-73.8881	-73.8451	-73.7988	-73.7498	-73.6987	-73.6457	-73.5911	-73.5351	-73.4776	-73.4188	-73.3587	-73.2972	-73.2343	-73.1699	-73.1042	-73.0369	-72.968	-72.8976	-72.8255	-72.7517	-72.6763	-72.5991	-72.5203	-72.44	-72.3584	-72.2757	-72.1924	-72.1094	-72.0275	-71.9484	-71.8742	-71.8076	-71.7524	-71.7135	-71.6964	-71.7068	-71.7495	-71.8283
3.45	-73.7477	-73.8255	-73.9055	-73.9647	-73.9999	-74.0141	-74.0115	-73.9958	-73.9702	-73.9372	-73.8986	-73.8557	-73.8096	-73.7608	-73.7099	-73.6571	-73.6028	-73.547	-73.4898	-73.4312	-73.3713	-73.3101	-73.2475	-73.1834	-73.118	-73.051	-72.9825	-72.9124	-72.8407	-72.7673	-72.6922	-72.6155	-72.5371	-72.4573	-72.3761	-72.2939	-72.2112	-72.1287	-72.0474	-71.9689	-71.8952	-71.8291	-71.7745	-71.7361	-71.7193	-71.73	-71.7728	-71.8515
3.455	-73.7572	-73.835	-73.915	-73.9742	-74.0095	-74.0238	-74.0212	-74.0057	-73.9802	-73.9474	-73.909	-73.8663	-73.8203	-73.7717	-73.721	-73.6685	-73.6144	-73.5588	-73.5018	-73.4435	-73.3839	-73.3229	-73.2606	-73.1968	-73.1317	-73.065	-72.9968	-72.9271	-72.8557	-72.7827	-72.7081	-72.6318	-72.5538	-72.4744	-72.3937	-72.312	-72.2298	-72.1479	-72.0671	-71.9892	-71.916	-71.8505	-71.7964	-71.7585	-71.7421	-71.753	-71.7959	-71.8745
3.46	-73.7666	-73.8444	-73.9245	-73.9837	-74.019	-74.0334	-74.031	-74.0155	-73.9903	-73.9576	-73.9193	-73.8768	-73.831	-73.7827	-73.7322	-73.6798	-73.6259	-73.5706	-73.5139	-73.4558	-73.3964	-73.3357	-73.2736	-73.2102	-73.1453	-73.079	-73.0111	-72.9417	-72.8707	-72.7981	-72.7238	-72.6479	-72.5704	-72.4915	-72.4113	-72.3301	-72.2484	-72.1669	-72.0868	-72.0093	-71.9368	-71.8718	-71.8182	-71.7807	-71.7647	-71.7759	-71.8189	-71.8974
3.465	-73.7761	-73.8539	-73.9339	-73.9931	-74.0285	-74.043	-74.0407	-74.0254	-74.0003	-73.9677	-73.9296	-73.8873	-73.8417	-73.7935	-73.7432	-73.6911	-73.6375	-73.5823	-73.5258	-73.468	-73.4089	-73.3484	-73.2867	-73.2235	-73.1589	-73.0929	-73.0254	-72.9563	-72.8857	-72.8134	-72.7395	-72.664	-72.587	-72.5085	-72.4287	-72.348	-72.2668	-72.1859	-72.1062	-72.0294	-71.9573	-71.8929	-71.8399	-71.8028	-71.7872	-71.7986	-71.8417	-71.92
3.47	-73.7855	-73.8633	-73.9433	-74.0026	-74.038	-74.0526	-74.0504	-74.0352	-74.0102	-73.9778	-73.9399	-73.8978	-73.8524	-73.8044	-73.7543	-73.7024	-73.6489	-73.594	-73.5378	-73.4802	-73.4213	-73.3611	-73.2996	-73.2367	-73.1725	-73.1067	-73.0395	-72.9708	-72.9005	-72.8286	-72.7551	-72.68	-72.6034	-72.5253	-72.446	-72.3658	-72.2851	-72.2047	-72.1256	-72.0493	-71.9778	-71.9139	-71.8614	-71.8247	-71.8095	-71.8211	-71.8643	-71.9426
3.475	-73.7949	-73.8727	-73.9527	-74.012	-74.0475	-74.0621	-74.06	-74.045	-74.0201	-73.9879	-73.9502	-73.9082	-73.863	-73.8152	-73.7653	-73.7136	-73.6603	-73.6057	-73.5496	-73.4923	-73.4337	-73.3737	-73.3125	-73.2499	-73.1859	-73.1205	-73.0536	-72.9852	-72.9153	-72.8438	-72.7707	-72.696	-72.6197	-72.5421	-72.4632	-72.3835	-72.3033	-72.2234	-72.1449	-72.0691	-71.9981	-71.9348	-71.8827	-71.8465	-71.8316	-71.8435	-71.8867	-71.9649
3.48	-73.8042	-73.882	-73.962	-74.0213	-74.0569	-74.0716	-74.0696	-74.0547	-74.03	-73.998	-73.9604	-73.9186	-73.8735	-73.8259	-73.7762	-73.7248	-73.6717	-73.6173	-73.5615	-73.5044	-73.446	-73.3863	-73.3253	-73.263	-73.1993	-73.1342	-73.0677	-72.9996	-72.93	-72.8588	-72.7861	-72.7118	-72.636	-72.5588	-72.4804	-72.4011	-72.3214	-72.242	-72.164	-72.0887	-72.0183	-71.9555	-71.9039	-71.8681	-71.8536	-71.8657	-71.909	-71.9871
3.485	-73.8136	-73.8913	-73.9714	-74.0307	-74.0663	-74.0811	-74.0792	-74.0644	-74.0399	-74.008	-73.9706	-73.9289	-73.8841	-73.8367	-73.7871	-73.7359	-73.683	-73.6288	-73.5732	-73.5164	-73.4582	-73.3988	-73.3381	-73.2761	-73.2127	-73.1479	-73.0816	-73.0139	-72.9446	-72.8738	-72.8015	-72.7275	-72.6521	-72.5754	-72.4974	-72.4186	-72.3394	-72.2605	-72.183	-72.1083	-72.0384	-71.976	-71.9249	-71.8896	-71.8754	-71.8877	-71.9312	-72.0091
3.49	-73.8229	-73.9007	-73.9806	-74.04	-74.0756	-74.0905	-74.0887	-74.0741	-74.0497	-74.0179	-73.9807	-73.9392	-73.8946	-73.8473	-73.798	-73.7469	-73.6943	-73.6403	-73.585	-73.5283	-73.4704	-73.4113	-73.3508	-73.2891	-73.226	-73.1615	-73.0955	-73.0281	-72.9592	-72.8887	-72.8167	-72.7432	-72.6682	-72.5919	-72.5144	-72.436	-72.3573	-72.2789	-72.2019	-72.1277	-72.0583	-71.9965	-71.9458	-71.9109	-71.8971	-71.9096	-71.9531	-72.031
3.495	-73.8321	-73.9099	-73.9899	-74.0492	-74.085	-74.0999	-74.0983	-74.0837	-74.0595	-74.0279	-73.9908	-73.9495	-73.905	-73.858	-73.8089	-73.758	-73.7056	-73.6518	-73.5966	-73.5403	-73.4826	-73.4237	-73.3635	-73.302	-73.2392	-73.175	-73.1093	-73.0423	-72.9737	-72.9036	-72.8319	-72.7588	-72.6842	-72.6083	-72.5312	-72.4533	-72.3751	-72.2972	-72.2206	-72.147	-72.0781	-72.0168	-71.9666	-71.9321	-71.9186	-71.9314	-71.9749	-72.0527
3.5	-73.8414	-73.9192	-73.9991	-74.0585	-74.0942	-74.1093	-74.1077	-74.0933	-74.0692	-74.0378	-74.0008	-73.9597	-73.9154	-73.8686	-73.8196	-73.769	-73.7168	-73.6632	-73.6083	-73.5521	-73.4947	-73.4361	-73.3761	-73.3149	-73.2523	-73.1884	-73.1231	-73.0563	-72.9881	-72.9183	-72.8471	-72.7743	-72.7001	-72.6246	-72.548	-72.4705	-72.3927	-72.3153	-72.2393	-72.1661	-72.0978	-72.0369	-71.9873	-71.9532	-71.94	-71.953	-71.9966	-72.0743
3.505	-73.8506	-73.9284	-74.0083	-74.0677	-74.1035	-74.1187	-74.1172	-74.1029	-74.0789	-74.0476	-74.0109	-73.9699	-73.9258	-73.8791	-73.8304	-73.7799	-73.7279	-73.6745	-73.6199	-73.5639	-73.5068	-73.4483	-73.3887	-73.3277	-73.2655	-73.2018	-73.1368	-73.0704	-73.0024	-72.933	-72.8621	-72.7897	-72.7159	-72.6408	-72.5646	-72.4876	-72.4103	-72.3334	-72.2579	-72.1852	-72.1173	-72.057	-72.0078	-71.9741	-71.9612	-71.9744	-72.0181	-72.0957
3.51	-73.8598	-73.9375	-74.0175	-74.0769	-74.1127	-74.128	-74.1266	-74.1125	-74.0886	-74.0575	-74.0209	-73.9801	-73.9361	-73.8896	-73.8411	-73.7908	-73.739	-73.6859	-73.6314	-73.5757	-73.5188	-73.4606	-73.4012	-73.3405	-73.2785	-73.2152	-73.1504	-73.0843	-73.0167	-72.9476	-72.8771	-72.8051	-72.7317	-72.657	-72.5812	-72.5046	-72.4278	-72.3513	-72.2763	-72.2041	-72.1367	-72.0769	-72.0281	-71.9949	-71.9823	-71.9957	-72.0395	-72.1169
3.515	-73.8689	-73.9467	-74.0266	-74.086	-74.1219	-74.1373	-74.136	-74.122	-74.0983	-74.0673	-74.0308	-73.9902	-73.9464	-73.9001	-73.8518	-73.8017	-73.7501	-73.6971	-73.6429	-73.5874	-73.5307	-73.4728	-73.4136	-73.3532	-73.2915	-73.2284	-73.164	-73.0982	-73.0309	-72.9622	-72.892	-72.8204	-72.7473	-72.673	-72.5977	-72.5216	-72.4452	-72.3692	-72.2946	-72.2229	-72.1561	-72.0967	-72.0483	-72.0155	-72.0032	-72.0169	-72.0607	-72.138
3.52	-73.8781	-73.9558	-74.0358	-74.0952	-74.1311	-74.1465	-74.1454	-74.1314	-74.1079	-74.077	-74.0407	-74.0003	-73.9567	-73.9106	-73.8624	-73.8125	-73.7611	-73.7084	-73.6544	-73.5991	-73.5426	-73.4849	-73.426	-73.3659	-73.3044	-73.2417	-73.1775	-73.112	-73.0451	-72.9767	-72.9068	-72.8355	-72.7629	-72.689	-72.6141	-72.5384	-72.4624	-72.3869	-72.3128	-72.2416	-72.1752	-72.1163	-72.0685	-72.036	-72.024	-72.0379	-72.0817	-72.159
3.525	-73.8872	-73.9649	-74.0448	-74.1043	-74.1403	-74.1557	-74.1547	-74.1409	-74.1175	-74.0868	-74.0506	-74.0104	-73.9669	-73.921	-73.873	-73.8233	-73.7721	-73.7196	-73.6658	-73.6107	-73.5545	-73.497	-73.4384	-73.3785	-73.3173	-73.2548	-73.191	-73.1257	-73.0591	-72.9911	-72.9216	-72.8506	-72.7784	-72.7049	-72.6304	-72.5551	-72.4796	-72.4045	-72.3309	-72.2602	-72.1943	-72.1359	-72.0884	-72.0563	-72.0447	-72.0587	-72.1027	-72.1798
3.53	-73.8962	-73.974	-74.0539	-74.1133	-74.1494	-74.1649	-74.164	-74.1503	-74.127	-74.0965	-74.0605	-74.0204	-73.9771	-73.9313	-73.8835	-73.834	-73.7831	-73.7307	-73.6771	-73.6223	-73.5663	-73.5091	-73.4507	-73.391	-73.3301	-73.2679	-73.2044	-73.1394	-73.0731	-73.0054	-72.9362	-72.8657	-72.7938	-72.7207	-72.6466	-72.5717	-72.4967	-72.4221	-72.349	-72.2787	-72.2132	-72.1553	-72.1083	-72.0766	-72.0652	-72.0794	-72.1234	-72.2005
3.535	-73.9053	-73.983	-74.0629	-74.1224	-74.1585	-74.1741	-74.1733	-74.1597	-74.1365	-74.1061	-74.0703	-74.0304	-73.9873	-73.9417	-73.8941	-73.8447	-73.7939	-73.7418	-73.6884	-73.6338	-73.578	-73.5211	-73.4629	-73.4035	-73.3429	-73.2809	-73.2177	-73.1531	-73.0871	-73.0197	-72.9508	-72.8806	-72.8091	-72.7364	-72.6627	-72.5883	-72.5137	-72.4395	-72.3668	-72.2971	-72.2321	-72.1746	-72.128	-72.0966	-72.0856	-72.1	-72.1441	-72.221
3.54	-73.9143	-73.9921	-74.0719	-74.1314	-74.1675	-74.1832	-74.1825	-74.1691	-74.146	-74.1158	-74.0801	-74.0403	-73.9974	-73.952	-73.9045	-73.8554	-73.8048	-73.7529	-73.6997	-73.6453	-73.5898	-73.533	-73.4751	-73.416	-73.3556	-73.2939	-73.2309	-73.1666	-73.1009	-73.0338	-72.9654	-72.8955	-72.8244	-72.7521	-72.6787	-72.6047	-72.5305	-72.4568	-72.3846	-72.3153	-72.2508	-72.1937	-72.1476	-72.1166	-72.1059	-72.1205	-72.1646	-72.2414
3.545	-73.9233	-74.0011	-74.0809	-74.1404	-74.1766	-74.1923	-74.1917	-74.1784	-74.1555	-74.1254	-74.0899	-74.0502	-74.0075	-73.9622	-73.915	-73.866	-73.8156	-73.7639	-73.7109	-73.6568	-73.6014	-73.5449	-73.4872	-73.4284	-73.3682	-73.3068	-73.2441	-73.1801	-73.1147	-73.048	-72.9798	-72.9103	-72.8396	-72.7676	-72.6947	-72.6211	-72.5473	-72.4741	-72.4023	-72.3335	-72.2694	-72.2128	-72.167	-72.1364	-72.126	-72.1408	-72.1849	-72.2616
3.55	-73.9323	-74.01	-74.0899	-74.1493	-74.1856	-74.2014	-74.2009	-74.1877	-74.1649	-74.1349	-74.0996	-74.0601	-74.0175	-73.9724	-73.9254	-73.8766	-73.8264	-73.7749	-73.7221	-73.6682	-73.613	-73.5568	-73.4993	-73.4407	-73.3808	-73.3197	-73.2573	-73.1936	-73.1285	-73.062	-72.9942	-72.9251	-72.8547	-72.7831	-72.7105	-72.6374	-72.564	-72.4912	-72.4199	-72.3515	-72.2879	-72.2317	-72.1864	-72.1561	-72.146	-72.1609	-72.2051	-72.2818
3.555	-73.9412	-74.019	-74.0988	-74.1583	-74.1946	-74.2105	-74.21	-74.1969	-74.1743	-74.1445	-74.1093	-74.07	-74.0275	-73.9826	-73.9357	-73.8872	-73.8371	-73.7858	-73.7332	-73.6795	-73.6246	-73.5686	-73.5114	-73.453	-73.3934	-73.3325	-73.2704	-73.2069	-73.1422	-73.076	-73.0085	-72.9397	-72.8697	-72.7985	-72.7263	-72.6536	-72.5807	-72.5083	-72.4374	-72.3694	-72.3063	-72.2505	-72.2056	-72.1757	-72.1658	-72.181	-72.2252	-72.3017
3.56	-73.9501	-74.0279	-74.1077	-74.1672	-74.2035	-74.2195	-74.2191	-74.2062	-74.1837	-74.154	-74.1189	-74.0798	-74.0375	-73.9928	-73.9461	-73.8977	-73.8478	-73.7967	-73.7443	-73.6908	-73.6361	-73.5803	-73.5234	-73.4652	-73.4059	-73.3453	-73.2834	-73.2202	-73.1558	-73.0899	-73.0228	-72.9543	-72.8846	-72.8138	-72.742	-72.6697	-72.5972	-72.5252	-72.4548	-72.3873	-72.3245	-72.2692	-72.2247	-72.1952	-72.1856	-72.2009	-72.2452	-72.3216
3.565	-73.959	-74.0368	-74.1165	-74.1761	-74.2124	-74.2285	-74.2282	-74.2154	-74.193	-74.1635	-74.1285	-74.0896	-74.0474	-74.0029	-73.9563	-73.9081	-73.8585	-73.8075	-73.7554	-73.7021	-73.6476	-73.592	-73.5353	-73.4774	-73.4183	-73.358	-73.2964	-73.2335	-73.1693	-73.1038	-73.037	-72.9688	-72.8995	-72.829	-72.7577	-72.6857	-72.6136	-72.5421	-72.4721	-72.405	-72.3427	-72.2878	-72.2437	-72.2145	-72.2052	-72.2206	-72.265	-72.3413
3.57	-73.9679	-74.0456	-74.1254	-74.1849	-74.2213	-74.2375	-74.2373	-74.2246	-74.2023	-74.1729	-74.1381	-74.0993	-74.0574	-74.013	-73.9666	-73.9186	-73.8691	-73.8184	-73.7664	-73.7133	-73.6591	-73.6037	-73.5472	-73.4895	-73.4307	-73.3706	-73.3093	-73.2467	-73.1828	-73.1176	-73.0511	-72.9833	-72.9143	-72.8442	-72.7732	-72.7016	-72.6299	-72.5588	-72.4892	-72.4226	-72.3608	-72.3063	-72.2625	-72.2337	-72.2246	-72.2403	-72.2847	-72.3609
3.575	-73.9767	-74.0545	-74.1342	-74.1937	-74.2302	-74.2464	-74.2463	-74.2337	-74.2116	-74.1823	-74.1477	-74.109	-74.0672	-74.023	-73.9768	-73.929	-73.8797	-73.8291	-73.7774	-73.7245	-73.6704	-73.6153	-73.559	-73.5016	-73.443	-73.3832	-73.3221	-73.2598	-73.1962	-73.1313	-73.0651	-72.9977	-72.929	-72.8593	-72.7886	-72.7175	-72.6462	-72.5755	-72.5063	-72.4401	-72.3787	-72.3246	-72.2813	-72.2528	-72.244	-72.2598	-72.3042	-72.3803
3.58	-73.9856	-74.0633	-74.143	-74.2025	-74.239	-74.2553	-74.2553	-74.2428	-74.2208	-74.1917	-74.1572	-74.1187	-74.0771	-74.033	-73.987	-73.9393	-73.8902	-73.8399	-73.7883	-73.7356	-73.6818	-73.6269	-73.5708	-73.5136	-73.4553	-73.3957	-73.3349	-73.2729	-73.2096	-73.145	-73.0791	-73.012	-72.9436	-72.8743	-72.804	-72.7332	-72.6623	-72.592	-72.5233	-72.4575	-72.3965	-72.3429	-72.2999	-72.2718	-72.2632	-72.2792	-72.3236	-72.3996
3.585	-73.9943	-74.072	-74.1518	-74.2113	-74.2479	-74.2642	-74.2643	-74.2519	-74.23	-74.201	-74.1667	-74.1283	-74.0869	-74.043	-73.9971	-73.9496	-73.9007	-73.8505	-73.7992	-73.7467	-73.6931	-73.6384	-73.5826	-73.5256	-73.4675	-73.4082	-73.3477	-73.2859	-73.2229	-73.1586	-73.093	-73.0262	-72.9582	-72.8892	-72.8193	-72.7489	-72.6784	-72.6085	-72.5402	-72.4749	-72.4143	-72.361	-72.3184	-72.2906	-72.2823	-72.2985	-72.3429	-72.4188
3.59	-74.0031	-74.0808	-74.1605	-74.2201	-74.2566	-74.2731	-74.2733	-74.261	-74.2392	-74.2104	-74.1762	-74.138	-74.0966	-74.0529	-74.0072	-73.9599	-73.9112	-73.8612	-73.81	-73.7577	-73.7043	-73.6498	-73.5942	-73.5375	-73.4797	-73.4206	-73.3604	-73.2989	-73.2361	-73.1721	-73.1069	-73.0404	-72.9727	-72.904	-72.8345	-72.7645	-72.6944	-72.6249	-72.557	-72.4921	-72.4319	-72.3791	-72.3368	-72.3093	-72.3013	-72.3176	-72.3621	-72.4379
3.595	-74.0119	-74.0895	-74.1692	-74.2288	-74.2654	-74.2819	-74.2822	-74.27	-74.2484	-74.2197	-74.1856	-74.1475	-74.1064	-74.0628	-74.0173	-73.9702	-73.9216	-73.8718	-73.8208	-73.7687	-73.7156	-73.6613	-73.6059	-73.5494	-73.4918	-73.433	-73.373	-73.3118	-73.2493	-73.1856	-73.1207	-73.0545	-72.9872	-72.9188	-72.8497	-72.78	-72.7103	-72.6412	-72.5737	-72.5092	-72.4494	-72.397	-72.3551	-72.328	-72.3202	-72.3366	-72.3812	-72.4569
3.6	-74.0206	-74.0982	-74.1779	-74.2375	-74.2741	-74.2907	-74.2911	-74.279	-74.2575	-74.2289	-74.195	-74.1571	-74.1161	-74.0727	-74.0273	-73.9804	-73.932	-73.8824	-73.8316	-73.7797	-73.7267	-73.6727	-73.6175	-73.5612	-73.5038	-73.4453	-73.3856	-73.3246	-73.2624	-73.199	-73.1344	-73.0685	-73.0015	-72.9335	-72.8647	-72.7954	-72.7261	-72.6574	-72.5903	-72.5262	-72.4669	-72.4148	-72.3733	-72.3465	-72.339	-72.3555	-72.4001	-72.4757
3.605	-74.0293	-74.1069	-74.1866	-74.2461	-74.2829	-74.2995	-74.3	-74.288	-74.2666	-74.2381	-74.2044	-74.1666	-74.1258	-74.0825	-74.0373	-73.9905	-73.9423	-73.8929	-73.8423	-73.7906	-73.7378	-73.684	-73.6291	-73.573	-73.5159	-73.4576	-73.3981	-73.3374	-73.2755	-73.2124	-73.148	-73.0825	-73.0158	-72.9482	-72.8797	-72.8108	-72.7418	-72.6736	-72.6069	-72.5431	-72.4842	-72.4325	-72.3914	-72.3649	-72.3576	-72.3743	-72.4189	-72.4944
3.61	-74.0379	-74.1156	-74.1952	-74.2548	-74.2915	-74.3082	-74.3088	-74.2969	-74.2757	-74.2473	-74.2137	-74.1761	-74.1354	-74.0923	-74.0473	-74.0007	-73.9527	-73.9034	-73.853	-73.8015	-73.7489	-73.6953	-73.6406	-73.5848	-73.5278	-73.4698	-73.4105	-73.3501	-73.2885	-73.2257	-73.1616	-73.0964	-73.03	-72.9627	-72.8946	-72.8261	-72.7575	-72.6896	-72.6233	-72.56	-72.5014	-72.4501	-72.4094	-72.3831	-72.3761	-72.393	-72.4376	-72.513
3.615	-74.0466	-74.1242	-74.2038	-74.2634	-74.3002	-74.3169	-74.3176	-74.3059	-74.2847	-74.2565	-74.223	-74.1855	-74.145	-74.1021	-74.0572	-74.0108	-73.9629	-73.9139	-73.8636	-73.8123	-73.76	-73.7065	-73.652	-73.5964	-73.5398	-73.4819	-73.423	-73.3628	-73.3015	-73.2389	-73.1751	-73.1102	-73.0442	-72.9772	-72.9095	-72.8413	-72.7731	-72.7055	-72.6397	-72.5767	-72.5186	-72.4677	-72.4272	-72.4013	-72.3945	-72.4116	-72.4562	-72.5315
3.62	-74.0552	-74.1328	-74.2124	-74.272	-74.3088	-74.3256	-74.3264	-74.3147	-74.2937	-74.2657	-74.2323	-74.195	-74.1546	-74.1118	-74.0671	-74.0208	-73.9732	-73.9243	-73.8742	-73.8231	-73.771	-73.7177	-73.6634	-73.6081	-73.5516	-73.494	-73.4353	-73.3754	-73.3143	-73.2521	-73.1886	-73.124	-73.0583	-72.9916	-72.9242	-72.8564	-72.7886	-72.7214	-72.6559	-72.5934	-72.5356	-72.4851	-72.445	-72.4194	-72.4128	-72.43	-72.4747	-72.5498
3.625	-74.0638	-74.1414	-74.221	-74.2806	-74.3174	-74.3343	-74.3352	-74.3236	-74.3027	-74.2748	-74.2416	-74.2044	-74.1641	-74.1215	-74.077	-74.0309	-73.9834	-73.9347	-73.8848	-73.8339	-73.7819	-73.7289	-73.6748	-73.6197	-73.5634	-73.5061	-73.4476	-73.388	-73.3272	-73.2652	-73.202	-73.1377	-73.0723	-73.006	-72.9389	-72.8714	-72.804	-72.7372	-72.6721	-72.6099	-72.5525	-72.5024	-72.4626	-72.4373	-72.431	-72.4483	-72.493	-72.5681
3.63	-74.0724	-74.1499	-74.2295	-74.2891	-74.326	-74.3429	-74.3439	-74.3324	-74.3117	-74.2839	-74.2508	-74.2137	-74.1736	-74.1312	-74.0868	-74.0408	-73.9935	-73.945	-73.8953	-73.8446	-73.7928	-73.74	-73.6861	-73.6312	-73.5752	-73.5181	-73.4599	-73.4005	-73.34	-73.2782	-73.2153	-73.1513	-73.0863	-73.0203	-72.9535	-72.8864	-72.8193	-72.7529	-72.6882	-72.6264	-72.5694	-72.5196	-72.4802	-72.4552	-72.4491	-72.4665	-72.5113	-72.5862
3.635	-74.0809	-74.1585	-74.238	-74.2976	-74.3346	-74.3516	-74.3526	-74.3413	-74.3206	-74.2929	-74.26	-74.2231	-74.1831	-74.1408	-74.0966	-74.0508	-74.0037	-73.9553	-73.9058	-73.8553	-73.8037	-73.7511	-73.6974	-73.6427	-73.5869	-73.5301	-73.4721	-73.413	-73.3527	-73.2912	-73.2286	-73.1649	-73.1001	-73.0345	-72.9681	-72.9013	-72.8345	-72.7685	-72.7042	-72.6428	-72.5861	-72.5367	-72.4977	-72.4729	-72.467	-72.4846	-72.5294	-72.6042
3.64	-74.0894	-74.167	-74.2465	-74.3061	-74.3431	-74.3602	-74.3613	-74.35	-74.3295	-74.3019	-74.2691	-74.2324	-74.1926	-74.1504	-74.1064	-74.0607	-74.0137	-73.9656	-73.9163	-73.8659	-73.8145	-73.7621	-73.7087	-73.6542	-73.5986	-73.542	-73.4842	-73.4254	-73.3653	-73.3042	-73.2418	-73.1784	-73.114	-73.0486	-72.9825	-72.9161	-72.8497	-72.784	-72.7201	-72.659	-72.6028	-72.5537	-72.515	-72.4905	-72.4849	-72.5026	-72.5474	-72.6221
3.645	-74.0979	-74.1755	-74.255	-74.3146	-74.3516	-74.3687	-74.3699	-74.3588	-74.3383	-74.3109	-74.2783	-74.2416	-74.202	-74.16	-74.1161	-74.0706	-74.0238	-73.9758	-73.9267	-73.8765	-73.8253	-73.7731	-73.7199	-73.6656	-73.6103	-73.5538	-73.4963	-73.4377	-73.3779	-73.317	-73.255	-73.1919	-73.1277	-73.0627	-72.9969	-72.9308	-72.8648	-72.7995	-72.7359	-72.6752	-72.6194	-72.5706	-72.5322	-72.5081	-72.5027	-72.5205	-72.5653	-72.6399
3.65	-74.1064	-74.1839	-74.2634	-74.323	-74.3601	-74.3773	-74.3785	-74.3675	-74.3472	-74.3199	-74.2874	-74.2509	-74.2114	-74.1695	-74.1258	-74.0805	-74.0338	-73.986	-73.9371	-73.8871	-73.8361	-73.784	-73.731	-73.6769	-73.6218	-73.5657	-73.5084	-73.45	-73.3905	-73.3299	-73.2681	-73.2053	-73.1414	-73.0767	-73.0113	-72.9455	-72.8798	-72.8149	-72.7516	-72.6913	-72.6358	-72.5875	-72.5494	-72.5255	-72.5203	-72.5383	-72.5831	-72.6576
3.655	-74.1149	-74.1924	-74.2718	-74.3315	-74.3685	-74.3858	-74.3871	-74.3762	-74.356	-74.3288	-74.2964	-74.2601	-74.2207	-74.179	-74.1354	-74.0903	-74.0438	-73.9962	-73.9474	-73.8976	-73.8468	-73.795	-73.7421	-73.6883	-73.6334	-73.5774	-73.5204	-73.4623	-73.403	-73.3426	-73.2811	-73.2186	-73.155	-73.0906	-73.0255	-72.9601	-72.8948	-72.8302	-72.7673	-72.7074	-72.6522	-72.6042	-72.5665	-72.5428	-72.5378	-72.5559	-72.6008	-72.6751
3.66	-74.1233	-74.2008	-74.2802	-74.3399	-74.377	-74.3943	-74.3957	-74.3849	-74.3648	-74.3377	-74.3055	-74.2693	-74.23	-74.1885	-74.1451	-74.1001	-74.0538	-74.0063	-73.9577	-73.9081	-73.8574	-73.8058	-73.7532	-73.6995	-73.6449	-73.5891	-73.5323	-73.4745	-73.4155	-73.3553	-73.2941	-73.2319	-73.1686	-73.1045	-73.0397	-72.9746	-72.9096	-72.8454	-72.7829	-72.7233	-72.6685	-72.6208	-72.5834	-72.5601	-72.5553	-72.5735	-72.6183	-72.6926
3.665	-74.1317	-74.2092	-74.2886	-74.3482	-74.3854	-74.4027	-74.4043	-74.3935	-74.3736	-74.3466	-74.3145	-74.2784	-74.2393	-74.1979	-74.1547	-74.1098	-74.0637	-74.0164	-73.9679	-73.9185	-73.8681	-73.8166	-73.7642	-73.7108	-73.6563	-73.6008	-73.5443	-73.4866	-73.4278	-73.368	-73.3071	-73.2451	-73.1821	-73.1183	-73.0539	-72.9891	-72.9244	-72.8605	-72.7984	-72.7392	-72.6847	-72.6374	-72.6003	-72.5772	-72.5726	-72.591	-72.6358	-72.71
3.67	-74.1401	-74.2176	-74.2969	-74.3566	-74.3937	-74.4112	-74.4128	-74.4022	-74.3823	-74.3555	-74.3235	-74.2875	-74.2486	-74.2073	-74.1642	-74.1196	-74.0736	-74.0264	-73.9782	-73.9289	-73.8787	-73.8274	-73.7752	-73.722	-73.6677	-73.6124	-73.5561	-73.4987	-73.4402	-73.3806	-73.3199	-73.2582	-73.1955	-73.132	-73.0679	-73.0035	-72.9391	-72.8756	-72.8138	-72.7549	-72.7008	-72.6538	-72.617	-72.5942	-72.5899	-72.6083	-72.6532	-72.7272
3.675	-74.1485	-74.2259	-74.3052	-74.3649	-74.4021	-74.4196	-74.4213	-74.4108	-74.391	-74.3643	-74.3324	-74.2966	-74.2578	-74.2167	-74.1738	-74.1292	-74.0834	-74.0364	-73.9884	-73.9393	-73.8892	-73.8382	-73.7861	-73.7331	-73.6791	-73.624	-73.5679	-73.5107	-73.4525	-73.3931	-73.3327	-73.2713	-73.2089	-73.1457	-73.0819	-73.0178	-72.9538	-72.8906	-72.8291	-72.7706	-72.7169	-72.6702	-72.6337	-72.6112	-72.607	-72.6256	-72.6704	-72.7444
3.68	-74.1568	-74.2342	-74.3135	-74.3732	-74.4104	-74.428	-74.4298	-74.4193	-74.3997	-74.3731	-74.3414	-74.3057	-74.267	-74.2261	-74.1833	-74.1389	-74.0932	-74.0464	-73.9985	-73.9496	-73.8997	-73.8489	-73.797	-73.7442	-73.6904	-73.6356	-73.5797	-73.5227	-73.4647	-73.4056	-73.3455	-73.2843	-73.2222	-73.1593	-73.0958	-73.032	-72.9684	-72.9055	-72.8444	-72.7862	-72.7328	-72.6865	-72.6503	-72.628	-72.624	-72.6427	-72.6876	-72.7614
3.685	-74.1651	-74.2425	-74.3218	-74.3815	-74.4187	-74.4364	-74.4382	-74.4279	-74.4083	-74.3819	-74.3503	-74.3147	-74.2762	-74.2354	-74.1927	-74.1485	-74.103	-74.0564	-74.0086	-73.9599	-73.9102	-73.8595	-73.8079	-73.7553	-73.7017	-73.647	-73.5914	-73.5347	-73.4769	-73.4181	-73.3582	-73.2973	-73.2355	-73.1729	-73.1097	-73.0462	-72.9829	-72.9203	-72.8595	-72.8017	-72.7487	-72.7027	-72.6668	-72.6448	-72.641	-72.6598	-72.7047	-72.7784
3.69	-74.1734	-74.2508	-74.3301	-74.3897	-74.427	-74.4447	-74.4466	-74.4364	-74.417	-74.3906	-74.3591	-74.3237	-74.2854	-74.2447	-74.2022	-74.1581	-74.1128	-74.0663	-74.0187	-73.9702	-73.9206	-73.8701	-73.8187	-73.7663	-73.7129	-73.6585	-73.603	-73.5466	-73.489	-73.4305	-73.3708	-73.3102	-73.2487	-73.1864	-73.1235	-73.0603	-72.9973	-72.9351	-72.8746	-72.8172	-72.7644	-72.7188	-72.6832	-72.6614	-72.6578	-72.6767	-72.7216	-72.7952
3.695	-74.1817	-74.2591	-74.3383	-74.398	-74.4353	-74.453	-74.455	-74.4449	-74.4256	-74.3994	-74.368	-74.3327	-74.2945	-74.2539	-74.2116	-74.1677	-74.1225	-74.0761	-74.0288	-73.9804	-73.931	-73.8807	-73.8295	-73.7773	-73.7241	-73.6699	-73.6147	-73.5584	-73.5011	-73.4428	-73.3834	-73.3231	-73.2618	-73.1998	-73.1372	-73.0743	-73.0116	-72.9498	-72.8897	-72.8325	-72.7801	-72.7348	-72.6995	-72.678	-72.6746	-72.6936	-72.7385	-72.812
3.7	-74.1899	-74.2673	-74.3465	-74.4062	-74.4435	-74.4613	-74.4634	-74.4534	-74.4341	-74.408	-74.3768	-74.3417	-74.3036	-74.2632	-74.2209	-74.1772	-74.1322	-74.086	-74.0388	-73.9906	-73.9414	-73.8913	-73.8402	-73.7882	-73.7352	-73.6812	-73.6262	-73.5702	-73.5132	-73.4551	-73.396	-73.3359	-73.2749	-73.2132	-73.1509	-73.0883	-73.0259	-72.9644	-72.9046	-72.8478	-72.7957	-72.7507	-72.7157	-72.6944	-72.6912	-72.7104	-72.7553	-72.8287
3.705	-74.1982	-74.2755	-74.3547	-74.4143	-74.4517	-74.4696	-74.4717	-74.4618	-74.4427	-74.4167	-74.3856	-74.3506	-74.3126	-74.2724	-74.2303	-74.1867	-74.1418	-74.0958	-74.0487	-74.0007	-73.9517	-73.9018	-73.8509	-73.7991	-73.7463	-73.6925	-73.6377	-73.582	-73.5251	-73.4673	-73.4084	-73.3486	-73.2879	-73.2265	-73.1645	-73.1022	-73.0402	-72.9789	-72.9195	-72.863	-72.8113	-72.7665	-72.7318	-72.7108	-72.7078	-72.727	-72.7719	-72.8452
3.71	-74.2064	-74.2837	-74.3629	-74.4225	-74.4599	-74.4778	-74.4801	-74.4702	-74.4512	-74.4254	-74.3943	-74.3595	-74.3216	-74.2815	-74.2396	-74.1962	-74.1514	-74.1056	-74.0587	-74.0108	-73.962	-73.9122	-73.8616	-73.8099	-73.7573	-73.7038	-73.6492	-73.5937	-73.5371	-73.4795	-73.4209	-73.3613	-73.3009	-73.2397	-73.178	-73.116	-73.0543	-72.9934	-72.9343	-72.8781	-72.8267	-72.7823	-72.7479	-72.7271	-72.7243	-72.7436	-72.7885	-72.8617
3.715	-74.2146	-74.2919	-74.371	-74.4306	-74.4681	-74.4861	-74.4884	-74.4786	-74.4597	-74.434	-74.4031	-74.3683	-74.3306	-74.2907	-74.2489	-74.2056	-74.161	-74.1153	-74.0686	-74.0209	-73.9722	-73.9227	-73.8722	-73.8207	-73.7683	-73.715	-73.6607	-73.6053	-73.549	-73.4916	-73.4333	-73.374	-73.3138	-73.2529	-73.1915	-73.1298	-73.0684	-73.0078	-72.949	-72.8932	-72.8421	-72.798	-72.7638	-72.7433	-72.7406	-72.7601	-72.805	-72.8781
3.72	-74.2227	-74.3	-74.3791	-74.4388	-74.4762	-74.4943	-74.4967	-74.487	-74.4682	-74.4426	-74.4118	-74.3772	-74.3396	-74.2998	-74.2581	-74.215	-74.1706	-74.125	-74.0785	-74.0309	-73.9825	-73.9331	-73.8828	-73.8315	-73.7793	-73.7262	-73.672	-73.6169	-73.5608	-73.5037	-73.4456	-73.3865	-73.3266	-73.266	-73.2049	-73.1435	-73.0824	-73.0221	-72.9637	-72.9082	-72.8574	-72.8136	-72.7797	-72.7594	-72.7569	-72.7764	-72.8214	-72.8943
3.725	-74.2309	-74.3081	-74.3872	-74.4469	-74.4844	-74.5024	-74.5049	-74.4953	-74.4766	-74.4511	-74.4205	-74.386	-74.3486	-74.3089	-74.2673	-74.2243	-74.1801	-74.1347	-74.0883	-74.0409	-73.9926	-73.9434	-73.8933	-73.8422	-73.7902	-73.7373	-73.6834	-73.6285	-73.5726	-73.5157	-73.4578	-73.3991	-73.3394	-73.2791	-73.2182	-73.1572	-73.0964	-73.0364	-72.9782	-72.9231	-72.8726	-72.8291	-72.7955	-72.7754	-72.7731	-72.7927	-72.8377	-72.9105
3.73	-74.239	-74.3162	-74.3953	-74.4549	-74.4925	-74.5106	-74.5131	-74.5036	-74.4851	-74.4597	-74.4291	-74.3948	-74.3575	-74.3179	-74.2765	-74.2337	-74.1896	-74.1443	-74.0981	-74.0509	-74.0028	-73.9537	-73.9038	-73.8529	-73.8011	-73.7484	-73.6947	-73.64	-73.5843	-73.5277	-73.4701	-73.4115	-73.3522	-73.2921	-73.2315	-73.1708	-73.1102	-73.0506	-72.9927	-72.9379	-72.8877	-72.8445	-72.8112	-72.7914	-72.7892	-72.8089	-72.8539	-72.9266
3.735	-74.2471	-74.3243	-74.4033	-74.463	-74.5005	-74.5187	-74.5213	-74.5119	-74.4935	-74.4682	-74.4378	-74.4035	-74.3664	-74.3269	-74.2857	-74.243	-74.199	-74.154	-74.1079	-74.0608	-74.0129	-73.964	-73.9142	-73.8636	-73.812	-73.7594	-73.7059	-73.6515	-73.596	-73.5396	-73.4822	-73.424	-73.3649	-73.305	-73.2448	-73.1843	-73.1241	-73.0647	-73.0072	-72.9526	-72.9028	-72.8598	-72.8268	-72.8072	-72.8052	-72.8251	-72.87	-72.9426
3.74	-74.2552	-74.3324	-74.4114	-74.471	-74.5086	-74.5268	-74.5295	-74.5202	-74.5018	-74.4767	-74.4464	-74.4123	-74.3752	-74.3359	-74.2948	-74.2523	-74.2085	-74.1635	-74.1176	-74.0707	-74.0229	-73.9743	-73.9247	-73.8742	-73.8228	-73.7704	-73.7171	-73.6629	-73.6077	-73.5515	-73.4943	-73.4363	-73.3775	-73.3179	-73.2579	-73.1977	-73.1378	-73.0788	-73.0215	-72.9673	-72.9177	-72.8751	-72.8423	-72.823	-72.8212	-72.8411	-72.886	-72.9585
3.745	-74.2632	-74.3404	-74.4194	-74.479	-74.5166	-74.5349	-74.5377	-74.5285	-74.5102	-74.4851	-74.4549	-74.421	-74.3841	-74.3449	-74.3039	-74.2615	-74.2178	-74.1731	-74.1273	-74.0806	-74.033	-73.9845	-73.9351	-73.8848	-73.8335	-73.7814	-73.7283	-73.6743	-73.6193	-73.5633	-73.5064	-73.4486	-73.39	-73.3308	-73.271	-73.2111	-73.1515	-73.0928	-73.0358	-72.9819	-72.9326	-72.8903	-72.8578	-72.8386	-72.837	-72.857	-72.9019	-72.9743
3.75	-74.2713	-74.3484	-74.4274	-74.487	-74.5246	-74.543	-74.5458	-74.5367	-74.5185	-74.4935	-74.4635	-74.4296	-74.3929	-74.3538	-74.313	-74.2707	-74.2272	-74.1826	-74.137	-74.0904	-74.043	-73.9946	-73.9454	-73.8953	-73.8443	-73.7923	-73.7394	-73.6856	-73.6308	-73.5751	-73.5184	-73.4609	-73.4026	-73.3436	-73.2841	-73.2245	-73.1651	-73.1067	-73.05	-72.9964	-72.9475	-72.9054	-72.8731	-72.8542	-72.8528	-72.8728	-72.9177	-72.9901
3.755	-74.2793	-74.3564	-74.4353	-74.4949	-74.5326	-74.551	-74.5539	-74.5449	-74.5268	-74.502	-74.472	-74.4383	-74.4016	-74.3627	-74.3221	-74.2799	-74.2365	-74.1921	-74.1466	-74.1002	-74.0529	-74.0048	-73.9557	-73.9058	-73.8549	-73.8032	-73.7505	-73.6969	-73.6423	-73.5868	-73.5304	-73.4731	-73.415	-73.3563	-73.2971	-73.2377	-73.1787	-73.1205	-73.0642	-73.0109	-72.9622	-72.9204	-72.8884	-72.8697	-72.8684	-72.8886	-72.9335	-73.0057
3.76	-74.2873	-74.3644	-74.4433	-74.5029	-74.5406	-74.559	-74.562	-74.5531	-74.5351	-74.5103	-74.4805	-74.4469	-74.4104	-74.3716	-74.3311	-74.2891	-74.2458	-74.2015	-74.1562	-74.11	-74.0629	-74.0149	-73.966	-73.9162	-73.8656	-73.814	-73.7615	-73.7081	-73.6538	-73.5985	-73.5423	-73.4853	-73.4274	-73.3689	-73.31	-73.251	-73.1922	-73.1343	-73.0783	-73.0253	-72.9769	-72.9354	-72.9036	-72.8852	-72.884	-72.9043	-72.9492	-73.0213
3.765	-74.2952	-74.3723	-74.4512	-74.5108	-74.5485	-74.567	-74.5701	-74.5612	-74.5433	-74.5187	-74.489	-74.4555	-74.4191	-74.3805	-74.3401	-74.2982	-74.2551	-74.211	-74.1658	-74.1197	-74.0728	-74.0249	-73.9762	-73.9266	-73.8762	-73.8248	-73.7725	-73.7193	-73.6652	-73.6101	-73.5542	-73.4974	-73.4398	-73.3816	-73.3229	-73.2641	-73.2056	-73.1481	-73.0923	-73.0396	-72.9915	-72.9503	-72.9188	-72.9005	-72.8995	-72.9199	-72.9648	-73.0368
3.77	-74.3032	-74.3802	-74.4591	-74.5187	-74.5564	-74.575	-74.5781	-74.5694	-74.5516	-74.527	-74.4975	-74.4641	-74.4278	-74.3893	-74.349	-74.3073	-74.2644	-74.2203	-74.1753	-74.1294	-74.0826	-74.035	-73.9864	-73.937	-73.8867	-73.8356	-73.7835	-73.7305	-73.6766	-73.6217	-73.566	-73.5094	-73.4521	-73.3941	-73.3357	-73.2772	-73.219	-73.1617	-73.1063	-73.0538	-73.006	-72.9651	-72.9338	-72.9158	-72.915	-72.9354	-72.9802	-73.0521
3.775	-74.3111	-74.3882	-74.467	-74.5266	-74.5644	-74.5829	-74.5862	-74.5775	-74.5598	-74.5354	-74.5059	-74.4726	-74.4365	-74.3981	-74.358	-74.3164	-74.2736	-74.2297	-74.1849	-74.1391	-74.0925	-74.0449	-73.9966	-73.9474	-73.8973	-73.8463	-73.7944	-73.7416	-73.6879	-73.6333	-73.5778	-73.5214	-73.4643	-73.4066	-73.3485	-73.2902	-73.2323	-73.1753	-73.1202	-73.068	-73.0205	-72.9798	-72.9488	-72.931	-72.9303	-72.9508	-72.9957	-73.0674
3.78	-74.3191	-74.396	-74.4748	-74.5344	-74.5722	-74.5909	-74.5941	-74.5855	-74.568	-74.5436	-74.5143	-74.4811	-74.4451	-74.4069	-74.3669	-74.3254	-74.2828	-74.239	-74.1943	-74.1487	-74.1022	-74.0549	-74.0067	-73.9577	-73.9077	-73.8569	-73.8053	-73.7527	-73.6992	-73.6448	-73.5895	-73.5334	-73.4765	-73.4191	-73.3612	-73.3032	-73.2456	-73.1889	-73.134	-73.0821	-73.0349	-72.9945	-72.9637	-72.9461	-72.9456	-72.9661	-73.011	-73.0827
3.785	-74.327	-74.4039	-74.4827	-74.5423	-74.5801	-74.5988	-74.6021	-74.5936	-74.5761	-74.5519	-74.5227	-74.4896	-74.4537	-74.4156	-74.3757	-74.3344	-74.2919	-74.2483	-74.2038	-74.1583	-74.112	-74.0648	-74.0168	-73.9679	-73.9182	-73.8676	-73.8161	-73.7637	-73.7104	-73.6562	-73.6012	-73.5453	-73.4887	-73.4315	-73.3738	-73.3161	-73.2588	-73.2023	-73.1477	-73.0962	-73.0492	-73.0091	-72.9785	-72.9611	-72.9607	-72.9814	-73.0262	-73.0978
3.79	-74.3348	-74.4118	-74.4905	-74.5501	-74.5879	-74.6067	-74.6101	-74.6016	-74.5843	-74.5601	-74.531	-74.4981	-74.4623	-74.4243	-74.3846	-74.3434	-74.301	-74.2576	-74.2132	-74.1679	-74.1217	-74.0747	-74.0269	-73.9782	-73.9286	-73.8782	-73.8269	-73.7747	-73.7216	-73.6676	-73.6128	-73.5572	-73.5008	-73.4438	-73.3864	-73.329	-73.2719	-73.2157	-73.1614	-73.1101	-73.0635	-73.0236	-72.9933	-72.9761	-72.9758	-72.9966	-73.0414	-73.1129
3.795	-74.3427	-74.4196	-74.4983	-74.5579	-74.5957	-74.6145	-74.618	-74.6097	-74.5924	-74.5684	-74.5393	-74.5065	-74.4709	-74.433	-74.3934	-74.3524	-74.3101	-74.2668	-74.2226	-74.1774	-74.1314	-74.0846	-74.0369	-73.9883	-73.939	-73.8887	-73.8376	-73.7856	-73.7327	-73.679	-73.6244	-73.569	-73.5128	-73.4561	-73.399	-73.3418	-73.285	-73.2291	-73.1751	-73.124	-73.0776	-73.038	-73.008	-72.9909	-72.9909	-73.0117	-73.0565	-73.1278
3.8	-74.3505	-74.4274	-74.5061	-74.5656	-74.6035	-74.6224	-74.6259	-74.6177	-74.6004	-74.5766	-74.5476	-74.515	-74.4794	-74.4417	-74.4022	-74.3613	-74.3192	-74.276	-74.2319	-74.1869	-74.1411	-74.0944	-74.0469	-73.9985	-73.9493	-73.8992	-73.8483	-73.7965	-73.7438	-73.6903	-73.6359	-73.5807	-73.5248	-73.4683	-73.4115	-73.3546	-73.298	-73.2424	-73.1886	-73.1379	-73.0917	-73.0524	-73.0226	-73.0057	-73.0058	-73.0267	-73.0715	-73.1427
3.805	-74.3583	-74.4352	-74.5138	-74.5734	-74.6113	-74.6302	-74.6338	-74.6256	-74.6085	-74.5847	-74.5559	-74.5234	-74.4879	-74.4503	-74.411	-74.3702	-74.3282	-74.2852	-74.2413	-74.1964	-74.1507	-74.1042	-74.0568	-74.0086	-73.9596	-73.9097	-73.859	-73.8074	-73.7549	-73.7016	-73.6474	-73.5924	-73.5368	-73.4805	-73.4239	-73.3672	-73.3109	-73.2556	-73.2021	-73.1516	-73.1058	-73.0667	-73.0371	-73.0205	-73.0207	-73.0416	-73.0864	-73.1576
3.81	-74.3661	-74.443	-74.5215	-74.5811	-74.6191	-74.638	-74.6417	-74.6336	-74.6166	-74.5929	-74.5642	-74.5317	-74.4964	-74.4589	-74.4197	-74.3791	-74.3372	-74.2944	-74.2505	-74.2058	-74.1603	-74.1139	-74.0667	-74.0187	-73.9699	-73.9202	-73.8696	-73.8182	-73.7659	-73.7128	-73.6588	-73.6041	-73.5487	-73.4927	-73.4363	-73.3799	-73.3238	-73.2688	-73.2156	-73.1654	-73.1198	-73.0809	-73.0516	-73.0351	-73.0355	-73.0565	-73.1013	-73.1723
3.815	-74.3739	-74.4507	-74.5293	-74.5888	-74.6268	-74.6458	-74.6495	-74.6415	-74.6246	-74.601	-74.5724	-74.5401	-74.5049	-74.4675	-74.4284	-74.3879	-74.3462	-74.3035	-74.2598	-74.2153	-74.1699	-74.1236	-74.0766	-74.0288	-73.9801	-73.9306	-73.8802	-73.829	-73.7769	-73.724	-73.6702	-73.6157	-73.5605	-73.5047	-73.4486	-73.3925	-73.3367	-73.2819	-73.2289	-73.179	-73.1337	-73.0951	-73.0659	-73.0497	-73.0502	-73.0713	-73.116	-73.187
3.82	-74.3817	-74.4584	-74.537	-74.5965	-74.6345	-74.6535	-74.6573	-74.6494	-74.6326	-74.6091	-74.5806	-74.5484	-74.5133	-74.4761	-74.4371	-74.3967	-74.3552	-74.3126	-74.269	-74.2246	-74.1794	-74.1333	-74.0865	-74.0388	-73.9903	-73.9409	-73.8908	-73.8397	-73.7878	-73.7351	-73.6816	-73.6273	-73.5723	-73.5168	-73.4609	-73.405	-73.3495	-73.2949	-73.2423	-73.1926	-73.1475	-73.1092	-73.0803	-73.0642	-73.0648	-73.086	-73.1307	-73.2015
3.825	-74.3894	-74.4661	-74.5446	-74.6042	-74.6422	-74.6613	-74.6651	-74.6573	-74.6405	-74.6172	-74.5888	-74.5567	-74.5218	-74.4846	-74.4458	-74.4055	-74.3641	-74.3216	-74.2782	-74.234	-74.1889	-74.143	-74.0963	-74.0488	-74.0004	-73.9513	-73.9013	-73.8504	-73.7987	-73.7462	-73.6929	-73.6388	-73.5841	-73.5288	-73.4731	-73.4175	-73.3622	-73.3079	-73.2555	-73.2061	-73.1613	-73.1232	-73.0945	-73.0786	-73.0794	-73.1006	-73.1454	-73.2161
3.83	-74.3971	-74.4738	-74.5523	-74.6118	-74.6499	-74.669	-74.6729	-74.6651	-74.6485	-74.6252	-74.5969	-74.565	-74.5301	-74.4931	-74.4544	-74.4143	-74.373	-74.3307	-74.2874	-74.2433	-74.1984	-74.1526	-74.1061	-74.0587	-74.0105	-73.9616	-73.9117	-73.8611	-73.8096	-73.7573	-73.7042	-73.6503	-73.5958	-73.5407	-73.4853	-73.4299	-73.3749	-73.3209	-73.2687	-73.2196	-73.175	-73.1371	-73.1087	-73.093	-73.0939	-73.1152	-73.1599	-73.2305
3.835	-74.4048	-74.4815	-74.5599	-74.6195	-74.6575	-74.6767	-74.6807	-74.673	-74.6564	-74.6332	-74.6051	-74.5732	-74.5385	-74.5016	-74.463	-74.423	-74.3819	-74.3397	-74.2966	-74.2526	-74.2078	-74.1622	-74.1158	-74.0686	-74.0206	-73.9718	-73.9222	-73.8717	-73.8204	-73.7683	-73.7154	-73.6617	-73.6074	-73.5526	-73.4974	-73.4423	-73.3875	-73.3337	-73.2818	-73.233	-73.1887	-73.151	-73.1228	-73.1073	-73.1083	-73.1297	-73.1744	-73.2449
3.84	-74.4125	-74.4892	-74.5675	-74.6271	-74.6651	-74.6843	-74.6884	-74.6808	-74.6643	-74.6412	-74.6132	-74.5814	-74.5468	-74.5101	-74.4716	-74.4317	-74.3907	-74.3486	-74.3057	-74.2618	-74.2172	-74.1718	-74.1255	-74.0785	-74.0307	-73.982	-73.9326	-73.8823	-73.8312	-73.7793	-73.7266	-73.6731	-73.619	-73.5644	-73.5095	-73.4546	-73.4001	-73.3466	-73.2949	-73.2463	-73.2022	-73.1649	-73.1368	-73.1215	-73.1227	-73.1441	-73.1888	-73.2591
3.845	-74.4201	-74.4968	-74.5751	-74.6347	-74.6727	-74.692	-74.6961	-74.6886	-74.6722	-74.6492	-74.6213	-74.5896	-74.5552	-74.5185	-74.4802	-74.4404	-74.3995	-74.3576	-74.3148	-74.2711	-74.2266	-74.1813	-74.1352	-74.0883	-74.0407	-73.9922	-73.9429	-73.8928	-73.8419	-73.7902	-73.7377	-73.6845	-73.6306	-73.5762	-73.5215	-73.4668	-73.4126	-73.3593	-73.3079	-73.2596	-73.2158	-73.1786	-73.1508	-73.1357	-73.1369	-73.1584	-73.2031	-73.2734
3.85	-74.4278	-74.5044	-74.5827	-74.6422	-74.6803	-74.6996	-74.7038	-74.6964	-74.6801	-74.6572	-74.6293	-74.5978	-74.5634	-74.5269	-74.4887	-74.4491	-74.4083	-74.3665	-74.3238	-74.2803	-74.2359	-74.1908	-74.1449	-74.0981	-74.0506	-74.0023	-73.9532	-73.9033	-73.8526	-73.8011	-73.7488	-73.6958	-73.6421	-73.588	-73.5335	-73.4791	-73.425	-73.372	-73.3209	-73.2728	-73.2292	-73.1923	-73.1647	-73.1497	-73.1512	-73.1727	-73.2173	-73.2875
3.855	-74.4354	-74.512	-74.5903	-74.6498	-74.6879	-74.7072	-74.7115	-74.7041	-74.6879	-74.6651	-74.6374	-74.606	-74.5717	-74.5353	-74.4972	-74.4577	-74.4171	-74.3754	-74.3328	-74.2894	-74.2452	-74.2002	-74.1545	-74.1079	-74.0606	-74.0125	-73.9635	-73.9138	-73.8633	-73.8119	-73.7598	-73.707	-73.6536	-73.5997	-73.5454	-73.4912	-73.4374	-73.3847	-73.3338	-73.2859	-73.2426	-73.2059	-73.1786	-73.1638	-73.1653	-73.1869	-73.2315	-73.3016
3.86	-74.443	-74.5196	-74.5978	-74.6573	-74.6954	-74.7148	-74.7192	-74.7119	-74.6957	-74.673	-74.6454	-74.6141	-74.5799	-74.5437	-74.5057	-74.4663	-74.4258	-74.3843	-74.3418	-74.2986	-74.2545	-74.2097	-74.164	-74.1177	-74.0705	-74.0225	-73.9738	-73.9242	-73.8739	-73.8227	-73.7708	-73.7182	-73.665	-73.6113	-73.5573	-73.5033	-73.4498	-73.3973	-73.3466	-73.299	-73.256	-73.2195	-73.1923	-73.1777	-73.1794	-73.201	-73.2456	-73.3156
3.865	-74.4506	-74.5271	-74.6053	-74.6648	-74.703	-74.7224	-74.7268	-74.7196	-74.7035	-74.6809	-74.6534	-74.6222	-74.5882	-74.552	-74.5141	-74.4749	-74.4345	-74.3931	-74.3508	-74.3077	-74.2638	-74.2191	-74.1736	-74.1274	-74.0804	-74.0326	-73.984	-73.9346	-73.8844	-73.8335	-73.7818	-73.7294	-73.6764	-73.6229	-73.5691	-73.5154	-73.4621	-73.4098	-73.3594	-73.3121	-73.2692	-73.233	-73.206	-73.1916	-73.1934	-73.2151	-73.2596	-73.3295
3.87	-74.4582	-74.5347	-74.6128	-74.6723	-74.7105	-74.73	-74.7344	-74.7273	-74.7113	-74.6888	-74.6614	-74.6303	-74.5964	-74.5603	-74.5226	-74.4834	-74.4432	-74.4019	-74.3597	-74.3168	-74.273	-74.2284	-74.1831	-74.137	-74.0902	-74.0426	-73.9942	-73.945	-73.895	-73.8442	-73.7927	-73.7405	-73.6877	-73.6345	-73.5809	-73.5274	-73.4743	-73.4223	-73.3722	-73.325	-73.2824	-73.2465	-73.2197	-73.2054	-73.2073	-73.229	-73.2736	-73.3433
3.875	-74.4657	-74.5422	-74.6203	-74.6798	-74.718	-74.7375	-74.742	-74.7349	-74.7191	-74.6967	-74.6693	-74.6383	-74.6045	-74.5686	-74.531	-74.492	-74.4518	-74.4107	-74.3687	-74.3258	-74.2822	-74.2378	-74.1926	-74.1467	-74.1	-74.0525	-74.0043	-73.9553	-73.9055	-73.8549	-73.8036	-73.7516	-73.699	-73.646	-73.5926	-73.5394	-73.4865	-73.4347	-73.3848	-73.338	-73.2956	-73.2598	-73.2333	-73.2191	-73.2212	-73.243	-73.2875	-73.3571
3.88	-74.4733	-74.5497	-74.6278	-74.6872	-74.7254	-74.745	-74.7496	-74.7426	-74.7268	-74.7045	-74.6773	-74.6464	-74.6127	-74.5769	-74.5393	-74.5005	-74.4604	-74.4194	-74.3775	-74.3348	-74.2913	-74.2471	-74.2021	-74.1563	-74.1098	-74.0625	-74.0144	-73.9656	-73.9159	-73.8656	-73.8144	-73.7626	-73.7103	-73.6574	-73.6043	-73.5513	-73.4987	-73.4471	-73.3975	-73.3508	-73.3087	-73.2731	-73.2468	-73.2328	-73.2349	-73.2568	-73.3013	-73.3708
3.885	-74.4808	-74.5571	-74.6352	-74.6947	-74.7329	-74.7525	-74.7571	-74.7502	-74.7345	-74.7123	-74.6852	-74.6544	-74.6208	-74.5851	-74.5477	-74.5089	-74.469	-74.4282	-74.3864	-74.3438	-74.3005	-74.2564	-74.2115	-74.1659	-74.1195	-74.0724	-74.0245	-73.9758	-73.9264	-73.8762	-73.8252	-73.7737	-73.7215	-73.6688	-73.616	-73.5631	-73.5108	-73.4595	-73.41	-73.3636	-73.3217	-73.2864	-73.2602	-73.2464	-73.2487	-73.2706	-73.3151	-73.3845
3.89	-74.4883	-74.5646	-74.6427	-74.7021	-74.7403	-74.76	-74.7647	-74.7578	-74.7422	-74.7201	-74.6931	-74.6624	-74.6289	-74.5933	-74.556	-74.5174	-74.4776	-74.4369	-74.3952	-74.3528	-74.3096	-74.2656	-74.2209	-74.1754	-74.1292	-74.0822	-74.0345	-73.986	-73.9367	-73.8867	-73.836	-73.7846	-73.7326	-73.6802	-73.6275	-73.5749	-73.5228	-73.4717	-73.4225	-73.3764	-73.3347	-73.2996	-73.2736	-73.26	-73.2623	-73.2843	-73.3288	-73.3981
3.895	-74.4957	-74.5721	-74.6501	-74.7095	-74.7477	-74.7674	-74.7722	-74.7654	-74.7499	-74.7279	-74.7009	-74.6703	-74.637	-74.6015	-74.5643	-74.5258	-74.4862	-74.4455	-74.404	-74.3617	-74.3186	-74.2748	-74.2302	-74.1849	-74.1389	-74.0921	-74.0445	-73.9962	-73.9471	-73.8973	-73.8467	-73.7955	-73.7437	-73.6915	-73.6391	-73.5867	-73.5348	-73.484	-73.435	-73.3891	-73.3476	-73.3127	-73.2869	-73.2735	-73.2759	-73.298	-73.3424	-73.4116
3.9	-74.5032	-74.5795	-74.6575	-74.7169	-74.7551	-74.7749	-74.7797	-74.773	-74.7575	-74.7356	-74.7088	-74.6783	-74.645	-74.6097	-74.5726	-74.5342	-74.4947	-74.4542	-74.4128	-74.3706	-74.3277	-74.284	-74.2396	-74.1944	-74.1485	-74.1019	-74.0545	-74.0063	-73.9574	-73.9077	-73.8574	-73.8064	-73.7548	-73.7028	-73.6506	-73.5984	-73.5467	-73.4961	-73.4474	-73.4017	-73.3605	-73.3258	-73.3002	-73.2869	-73.2895	-73.3115	-73.3559	-73.4251
3.905	-74.5106	-74.5869	-74.6648	-74.7242	-74.7625	-74.7823	-74.7871	-74.7805	-74.7652	-74.7433	-74.7166	-74.6862	-74.6531	-74.6178	-74.5809	-74.5426	-74.5032	-74.4628	-74.4216	-74.3795	-74.3367	-74.2932	-74.2489	-74.2039	-74.1581	-74.1116	-74.0644	-74.0164	-73.9677	-73.9182	-73.868	-73.8172	-73.7658	-73.7141	-73.662	-73.6101	-73.5586	-73.5083	-73.4598	-73.4143	-73.3733	-73.3388	-73.3134	-73.3002	-73.3029	-73.3251	-73.3694	-73.4384
3.91	-74.5181	-74.5943	-74.6722	-74.7316	-74.7699	-74.7897	-74.7946	-74.788	-74.7728	-74.751	-74.7244	-74.6941	-74.6611	-74.6259	-74.5891	-74.5509	-74.5117	-74.4714	-74.4303	-74.3884	-74.3457	-74.3023	-74.2581	-74.2133	-74.1677	-74.1213	-74.0743	-74.0265	-73.9779	-73.9286	-73.8786	-73.828	-73.7768	-73.7253	-73.6734	-73.6217	-73.5705	-73.5203	-73.4721	-73.4268	-73.386	-73.3518	-73.3266	-73.3136	-73.3164	-73.3385	-73.3829	-73.4518
3.915	-74.5255	-74.6016	-74.6795	-74.7389	-74.7772	-74.797	-74.802	-74.7955	-74.7804	-74.7587	-74.7322	-74.702	-74.6691	-74.634	-74.5973	-74.5593	-74.5201	-74.48	-74.439	-74.3972	-74.3547	-74.3114	-74.2674	-74.2227	-74.1772	-74.131	-74.0841	-74.0365	-73.9881	-73.939	-73.8892	-73.8388	-73.7878	-73.7364	-73.6848	-73.6333	-73.5823	-73.5323	-73.4843	-73.4393	-73.3987	-73.3647	-73.3396	-73.3268	-73.3297	-73.3519	-73.3962	-73.465
3.92	-74.5328	-74.609	-74.6868	-74.7462	-74.7845	-74.8044	-74.8094	-74.803	-74.7879	-74.7664	-74.7399	-74.7098	-74.677	-74.6421	-74.6055	-74.5676	-74.5285	-74.4885	-74.4477	-74.406	-74.3636	-74.3205	-74.2766	-74.232	-74.1867	-74.1407	-74.094	-74.0465	-73.9983	-73.9493	-73.8997	-73.8495	-73.7987	-73.7475	-73.6961	-73.6448	-73.594	-73.5443	-73.4965	-73.4517	-73.4114	-73.3775	-73.3527	-73.34	-73.343	-73.3652	-73.4095	-73.4782
3.925	-74.5402	-74.6163	-74.6941	-74.7535	-74.7918	-74.8117	-74.8168	-74.8105	-74.7955	-74.774	-74.7477	-74.7177	-74.685	-74.6501	-74.6136	-74.5758	-74.5369	-74.497	-74.4563	-74.4148	-74.3725	-74.3295	-74.2858	-74.2414	-74.1962	-74.1503	-74.1037	-74.0564	-74.0084	-73.9596	-73.9102	-73.8601	-73.8096	-73.7586	-73.7074	-73.6563	-73.6057	-73.5562	-73.5087	-73.4641	-73.424	-73.3903	-73.3656	-73.3531	-73.3562	-73.3785	-73.4228	-73.4913
3.93	-74.5476	-74.6236	-74.7014	-74.7607	-74.7991	-74.8191	-74.8242	-74.8179	-74.803	-74.7816	-74.7554	-74.7255	-74.6929	-74.6582	-74.6218	-74.5841	-74.5453	-74.5055	-74.4649	-74.4235	-74.3814	-74.3385	-74.2949	-74.2506	-74.2057	-74.1599	-74.1135	-74.0663	-74.0185	-73.9699	-73.9206	-73.8708	-73.8204	-73.7696	-73.7186	-73.6677	-73.6174	-73.5681	-73.5207	-73.4764	-73.4365	-73.403	-73.3785	-73.3661	-73.3694	-73.3917	-73.4359	-73.5044
3.935	-74.5549	-74.631	-74.7087	-74.768	-74.8064	-74.8264	-74.8316	-74.8254	-74.8105	-74.7892	-74.7631	-74.7333	-74.7008	-74.6662	-74.6299	-74.5923	-74.5536	-74.514	-74.4735	-74.4322	-74.3902	-74.3475	-74.3041	-74.2599	-74.2151	-74.1695	-74.1232	-74.0762	-74.0285	-73.9801	-73.931	-73.8814	-73.8312	-73.7806	-73.7298	-73.6791	-73.629	-73.5799	-73.5328	-73.4886	-73.449	-73.4157	-73.3914	-73.3791	-73.3825	-73.4048	-73.4491	-73.5174
3.94	-74.5622	-74.6382	-74.7159	-74.7752	-74.8136	-74.8336	-74.8389	-74.8328	-74.818	-74.7968	-74.7707	-74.7411	-74.7086	-74.6741	-74.638	-74.6005	-74.562	-74.5224	-74.4821	-74.4409	-74.399	-74.3565	-74.3131	-74.2691	-74.2244	-74.179	-74.1329	-74.0861	-74.0385	-73.9903	-73.9414	-73.8919	-73.8419	-73.7915	-73.7409	-73.6905	-73.6405	-73.5917	-73.5448	-73.5008	-73.4614	-73.4283	-73.4042	-73.3921	-73.3955	-73.4179	-73.4621	-73.5304
3.945	-74.5695	-74.6455	-74.7232	-74.7824	-74.8208	-74.8409	-74.8462	-74.8402	-74.8255	-74.8044	-74.7784	-74.7488	-74.7165	-74.6821	-74.6461	-74.6087	-74.5702	-74.5308	-74.4906	-74.4496	-74.4078	-74.3654	-74.3222	-74.2784	-74.2338	-74.1885	-74.1426	-74.0959	-74.0485	-74.0005	-73.9517	-73.9024	-73.8526	-73.8024	-73.752	-73.7018	-73.6521	-73.6034	-73.5567	-73.513	-73.4737	-73.4409	-73.4169	-73.405	-73.4085	-73.4309	-73.4751	-73.5432
3.95	-74.5768	-74.6527	-74.7304	-74.7896	-74.8281	-74.8482	-74.8535	-74.8475	-74.8329	-74.8119	-74.786	-74.7565	-74.7243	-74.69	-74.6541	-74.6169	-74.5785	-74.5392	-74.4991	-74.4582	-74.4166	-74.3743	-74.3313	-74.2875	-74.2431	-74.198	-74.1522	-74.1057	-74.0585	-74.0106	-73.962	-73.9129	-73.8633	-73.8133	-73.7631	-73.713	-73.6635	-73.6151	-73.5686	-73.5251	-73.4861	-73.4534	-73.4296	-73.4178	-73.4214	-73.4439	-73.488	-73.5561
3.955	-74.5841	-74.66	-74.7375	-74.7968	-74.8353	-74.8554	-74.8608	-74.8549	-74.8404	-74.8194	-74.7936	-74.7642	-74.7321	-74.698	-74.6621	-74.625	-74.5868	-74.5476	-74.5076	-74.4668	-74.4253	-74.3831	-74.3403	-74.2967	-74.2524	-74.2075	-74.1618	-74.1154	-74.0684	-74.0207	-73.9723	-73.9233	-73.8739	-73.8241	-73.7741	-73.7243	-73.6749	-73.6267	-73.5805	-73.5372	-73.4983	-73.4658	-73.4422	-73.4305	-73.4342	-73.4568	-73.5009	-73.5688
3.96	-74.5913	-74.6672	-74.7447	-74.804	-74.8424	-74.8626	-74.8681	-74.8622	-74.8478	-74.8269	-74.8012	-74.7719	-74.7399	-74.7058	-74.6701	-74.6331	-74.595	-74.5559	-74.5161	-74.4754	-74.4341	-74.392	-74.3492	-74.3058	-74.2617	-74.2169	-74.1713	-74.1252	-74.0783	-74.0307	-73.9825	-73.9337	-73.8845	-73.8348	-73.7851	-73.7354	-73.6863	-73.6383	-73.5923	-73.5492	-73.5105	-73.4782	-73.4548	-73.4432	-73.4471	-73.4696	-73.5137	-73.5815
3.965	-74.5986	-74.6744	-74.7519	-74.8111	-74.8496	-74.8698	-74.8753	-74.8695	-74.8552	-74.8344	-74.8088	-74.7796	-74.7477	-74.7137	-74.6781	-74.6412	-74.6032	-74.5643	-74.5245	-74.484	-74.4427	-74.4008	-74.3582	-74.3149	-74.2709	-74.2262	-74.1809	-74.1348	-74.0881	-74.0407	-73.9927	-73.9441	-73.895	-73.8456	-73.796	-73.7466	-73.6977	-73.6499	-73.604	-73.5611	-73.5227	-73.4906	-73.4673	-73.4559	-73.4598	-73.4824	-73.5264	-73.5942
3.97	-74.6058	-74.6816	-74.759	-74.8183	-74.8567	-74.877	-74.8826	-74.8768	-74.8625	-74.8418	-74.8163	-74.7872	-74.7554	-74.7216	-74.6861	-74.6493	-74.6114	-74.5726	-74.5329	-74.4925	-74.4514	-74.4096	-74.3671	-74.324	-74.2801	-74.2356	-74.1904	-74.1445	-74.0979	-74.0507	-74.0028	-73.9544	-73.9055	-73.8563	-73.8069	-73.7576	-73.7089	-73.6614	-73.6157	-73.573	-73.5348	-73.5029	-73.4798	-73.4685	-73.4725	-73.4951	-73.5391	-73.6068
3.975	-74.613	-74.6887	-74.7662	-74.8254	-74.8638	-74.8841	-74.8898	-74.8841	-74.8699	-74.8493	-74.8239	-74.7949	-74.7632	-74.7294	-74.694	-74.6573	-74.6195	-74.5808	-74.5413	-74.501	-74.46	-74.4184	-74.376	-74.333	-74.2893	-74.2449	-74.1998	-74.1541	-74.1077	-74.0606	-74.013	-73.9647	-73.916	-73.8669	-73.8177	-73.7687	-73.7202	-73.6728	-73.6274	-73.5849	-73.5468	-73.5151	-73.4922	-73.481	-73.4851	-73.5078	-73.5518	-73.6193
3.98	-74.6202	-74.6959	-74.7733	-74.8325	-74.8709	-74.8913	-74.8969	-74.8914	-74.8772	-74.8567	-74.8314	-74.8025	-74.7709	-74.7372	-74.7019	-74.6653	-74.6277	-74.5891	-74.5497	-74.5095	-74.4686	-74.4271	-74.3849	-74.342	-74.2984	-74.2542	-74.2093	-74.1637	-74.1174	-74.0705	-74.023	-73.975	-73.9264	-73.8775	-73.8285	-73.7797	-73.7314	-73.6842	-73.639	-73.5967	-73.5588	-73.5273	-73.5045	-73.4935	-73.4977	-73.5204	-73.5643	-73.6318
3.985	-74.6273	-74.703	-74.7803	-74.8395	-74.878	-74.8984	-74.9041	-74.8986	-74.8845	-74.8641	-74.8389	-74.8101	-74.7785	-74.745	-74.7098	-74.6733	-74.6358	-74.5973	-74.558	-74.518	-74.4772	-74.4358	-74.3937	-74.351	-74.3075	-74.2634	-74.2187	-74.1732	-74.1272	-74.0804	-74.0331	-73.9852	-73.9368	-73.8881	-73.8393	-73.7906	-73.7425	-73.6956	-73.6505	-73.6085	-73.5708	-73.5394	-73.5168	-73.5059	-73.5102	-73.5329	-73.5769	-73.6442
3.99	-74.6345	-74.7101	-74.7874	-74.8466	-74.8851	-74.9055	-74.9113	-74.9058	-74.8918	-74.8715	-74.8463	-74.8176	-74.7862	-74.7527	-74.7177	-74.6813	-74.6438	-74.6055	-74.5663	-74.5264	-74.4858	-74.4445	-74.4025	-74.3599	-74.3166	-74.2727	-74.2281	-74.1828	-74.1368	-74.0903	-74.0431	-73.9954	-73.9472	-73.8987	-73.85	-73.8016	-73.7536	-73.7069	-73.662	-73.6202	-73.5827	-73.5515	-73.5291	-73.5183	-73.5227	-73.5454	-73.5893	-73.6565
3.995	-74.6416	-74.7172	-74.7945	-74.8536	-74.8921	-74.9126	-74.9184	-74.913	-74.8991	-74.8788	-74.8538	-74.8252	-74.7938	-74.7605	-74.7255	-74.6892	-74.6519	-74.6137	-74.5746	-74.5348	-74.4943	-74.4531	-74.4113	-74.3688	-74.3257	-74.2819	-74.2374	-74.1923	-74.1465	-74.1001	-74.0531	-74.0055	-73.9575	-73.9091	-73.8607	-73.8124	-73.7647	-73.7182	-73.6735	-73.6318	-73.5946	-73.5636	-73.5413	-73.5306	-73.5351	-73.5579	-73.6017	-73.6688
4	-74.6487	-74.7243	-74.8015	-74.8606	-74.8992	-74.9196	-74.9255	-74.9202	-74.9064	-74.8862	-74.8612	-74.8327	-74.8015	-74.7682	-74.7333	-74.6972	-74.6599	-74.6218	-74.5829	-74.5432	-74.5028	-74.4618	-74.4201	-74.3777	-74.3347	-74.291	-74.2467	-74.2017	-74.1561	-74.1098	-74.063	-74.0156	-73.9678	-73.9196	-73.8713	-73.8233	-73.7757	-73.7294	-73.6849	-73.6434	-73.6064	-73.5755	-73.5534	-73.5429	-73.5474	-73.5703	-73.6141	-73.6811
4.005	-74.6558	-74.7313	-74.8085	-74.8676	-74.9062	-74.9267	-74.9326	-74.9274	-74.9136	-74.8935	-74.8686	-74.8402	-74.8091	-74.7759	-74.7411	-74.7051	-74.668	-74.6299	-74.5911	-74.5516	-74.5113	-74.4704	-74.4288	-74.3866	-74.3437	-74.3002	-74.256	-74.2112	-74.1657	-74.1196	-74.0729	-74.0257	-73.978	-73.93	-73.882	-73.8341	-73.7867	-73.7406	-73.6963	-73.655	-73.6181	-73.5875	-73.5655	-73.5551	-73.5597	-73.5826	-73.6264	-73.6933
4.01	-74.6629	-74.7384	-74.8155	-74.8746	-74.9132	-74.9337	-74.9397	-74.9345	-74.9208	-74.9008	-74.876	-74.8477	-74.8166	-74.7836	-74.7489	-74.713	-74.6759	-74.638	-74.5993	-74.5599	-74.5198	-74.479	-74.4375	-74.3954	-74.3527	-74.3093	-74.2652	-74.2206	-74.1752	-74.1293	-74.0828	-74.0357	-73.9882	-73.9404	-73.8925	-73.8448	-73.7977	-73.7517	-73.7076	-73.6665	-73.6298	-73.5994	-73.5775	-73.5673	-73.572	-73.5949	-73.6386	-73.7054
4.015	-74.67	-74.7454	-74.8225	-74.8816	-74.9202	-74.9407	-74.9468	-74.9416	-74.928	-74.9081	-74.8834	-74.8551	-74.8242	-74.7912	-74.7567	-74.7208	-74.6839	-74.6461	-74.6075	-74.5682	-74.5282	-74.4875	-74.4462	-74.4042	-74.3616	-74.3184	-74.2745	-74.2299	-74.1847	-74.139	-74.0926	-74.0457	-73.9984	-73.9508	-73.903	-73.8555	-73.8086	-73.7628	-73.7189	-73.678	-73.6415	-73.6112	-73.5895	-73.5794	-73.5842	-73.6071	-73.6508	-73.7175
4.02	-74.677	-74.7524	-74.8295	-74.8886	-74.9271	-74.9477	-74.9538	-74.9487	-74.9352	-74.9153	-74.8907	-74.8626	-74.8317	-74.7989	-74.7644	-74.7287	-74.6919	-74.6542	-74.6157	-74.5765	-74.5366	-74.496	-74.4548	-74.413	-74.3705	-74.3274	-74.2836	-74.2393	-74.1942	-74.1486	-74.1024	-74.0557	-74.0085	-73.9611	-73.9135	-73.8662	-73.8194	-73.7738	-73.7302	-73.6894	-73.6531	-73.623	-73.6015	-73.5915	-73.5963	-73.6192	-73.6629	-73.7295
4.025	-74.6841	-74.7594	-74.8364	-74.8955	-74.9341	-74.9547	-74.9608	-74.9558	-74.9424	-74.9226	-74.8981	-74.87	-74.8392	-74.8065	-74.7721	-74.7365	-74.6998	-74.6622	-74.6238	-74.5847	-74.545	-74.5045	-74.4635	-74.4217	-74.3794	-74.3364	-74.2928	-74.2486	-74.2037	-74.1582	-74.1122	-74.0656	-74.0186	-73.9713	-73.924	-73.8768	-73.8303	-73.7848	-73.7414	-73.7008	-73.6647	-73.6347	-73.6133	-73.6035	-73.6084	-73.6314	-73.675	-73.7415
4.03	-74.6911	-74.7664	-74.8434	-74.9024	-74.941	-74.9616	-74.9679	-74.9629	-74.9495	-74.9298	-74.9054	-74.8774	-74.8467	-74.8141	-74.7798	-74.7443	-74.7077	-74.6702	-74.632	-74.593	-74.5533	-74.513	-74.4721	-74.4305	-74.3883	-74.3454	-74.3019	-74.2578	-74.2131	-74.1678	-74.1219	-74.0755	-74.0287	-73.9816	-73.9344	-73.8874	-73.841	-73.7958	-73.7525	-73.7122	-73.6762	-73.6464	-73.6252	-73.6154	-73.6204	-73.6434	-73.687	-73.7534
4.035	-74.6981	-74.7734	-74.8503	-74.9093	-74.9479	-74.9686	-74.9749	-74.97	-74.9567	-74.937	-74.9127	-74.8848	-74.8542	-74.8216	-74.7875	-74.752	-74.7156	-74.6782	-74.6401	-74.6012	-74.5616	-74.5214	-74.4806	-74.4392	-74.3971	-74.3544	-74.311	-74.2671	-74.2225	-74.1773	-74.1316	-74.0854	-74.0387	-73.9918	-73.9448	-73.898	-73.8518	-73.8067	-73.7636	-73.7235	-73.6877	-73.658	-73.637	-73.6273	-73.6324	-73.6554	-73.699	-73.7653
4.04	-74.7051	-74.7803	-74.8572	-74.9162	-74.9548	-74.9755	-74.9818	-74.977	-74.9638	-74.9442	-74.9199	-74.8921	-74.8617	-74.8292	-74.7951	-74.7598	-74.7234	-74.6862	-74.6481	-74.6094	-74.5699	-74.5299	-74.4892	-74.4478	-74.4059	-74.3633	-74.3201	-74.2763	-74.2319	-74.1868	-74.1413	-74.0952	-74.0487	-74.0019	-73.9551	-73.9085	-73.8625	-73.8176	-73.7747	-73.7347	-73.6991	-73.6696	-73.6487	-73.6392	-73.6443	-73.6674	-73.7109	-73.7771
4.045	-74.7121	-74.7873	-74.8641	-74.9231	-74.9617	-74.9824	-74.9888	-74.984	-74.9709	-74.9514	-74.9272	-74.8995	-74.8691	-74.8367	-74.8028	-74.7675	-74.7313	-74.6941	-74.6562	-74.6175	-74.5782	-74.5383	-74.4977	-74.4565	-74.4147	-74.3722	-74.3292	-74.2855	-74.2412	-74.1963	-74.1509	-74.105	-74.0587	-74.0121	-73.9654	-73.919	-73.8731	-73.8285	-73.7857	-73.7459	-73.7105	-73.6812	-73.6604	-73.651	-73.6562	-73.6793	-73.7228	-73.7889
4.05	-74.719	-74.7942	-74.871	-74.9299	-74.9686	-74.9893	-74.9957	-74.991	-74.9779	-74.9585	-74.9344	-74.9068	-74.8765	-74.8442	-74.8104	-74.7752	-74.7391	-74.702	-74.6642	-74.6257	-74.5865	-74.5466	-74.5062	-74.4651	-74.4234	-74.3811	-74.3382	-74.2946	-74.2505	-74.2058	-74.1605	-74.1147	-74.0686	-74.0222	-73.9757	-73.9294	-73.8837	-73.8393	-73.7967	-73.7571	-73.7218	-73.6927	-73.672	-73.6628	-73.6681	-73.6912	-73.7346	-73.8006
4.055	-74.726	-74.8011	-74.8778	-74.9368	-74.9754	-74.9962	-75.0027	-74.998	-74.985	-74.9657	-74.9417	-74.9141	-74.8839	-74.8517	-74.818	-74.7829	-74.7469	-74.7099	-74.6722	-74.6338	-74.5947	-74.555	-74.5147	-74.4737	-74.4321	-74.39	-74.3472	-74.3038	-74.2598	-74.2152	-74.1701	-74.1245	-74.0785	-74.0322	-73.9859	-73.9398	-73.8943	-73.85	-73.8076	-73.7682	-73.7331	-73.7041	-73.6836	-73.6745	-73.6798	-73.703	-73.7464	-73.8123
4.06	-74.7329	-74.808	-74.8847	-74.9436	-74.9822	-75.0031	-75.0096	-75.005	-74.992	-74.9728	-74.9489	-74.9214	-74.8913	-74.8592	-74.8255	-74.7906	-74.7546	-74.7178	-74.6802	-74.6419	-74.6029	-74.5633	-74.5231	-74.4823	-74.4408	-74.3988	-74.3561	-74.3129	-74.269	-74.2246	-74.1796	-74.1342	-74.0883	-74.0422	-73.9961	-73.9502	-73.9049	-73.8607	-73.8185	-73.7793	-73.7444	-73.7156	-73.6952	-73.6861	-73.6916	-73.7147	-73.7581	-73.8239
4.065	-74.7398	-74.8148	-74.8915	-74.9504	-74.9891	-75.0099	-75.0165	-75.0119	-74.9991	-74.9799	-74.956	-74.9287	-74.8987	-74.8667	-74.8331	-74.7982	-74.7624	-74.7257	-74.6882	-74.65	-74.6111	-74.5716	-74.5315	-74.4908	-74.4495	-74.4076	-74.3651	-74.3219	-74.2782	-74.2339	-74.1891	-74.1438	-74.0981	-74.0522	-74.0062	-73.9605	-73.9154	-73.8714	-73.8294	-73.7903	-73.7556	-73.7269	-73.7067	-73.6977	-73.7033	-73.7264	-73.7698	-73.8355
4.07	-74.7467	-74.8217	-74.8983	-74.9572	-74.9959	-75.0167	-75.0233	-75.0189	-75.0061	-74.987	-74.9632	-74.9359	-74.906	-74.8741	-74.8406	-74.8059	-74.7701	-74.7335	-74.6961	-74.658	-74.6193	-74.5799	-74.5399	-74.4993	-74.4581	-74.4163	-74.374	-74.331	-74.2874	-74.2432	-74.1986	-74.1534	-74.1079	-74.0622	-74.0163	-73.9708	-73.9258	-73.8821	-73.8402	-73.8013	-73.7667	-73.7382	-73.7182	-73.7093	-73.7149	-73.7381	-73.7814	-73.847
4.075	-74.7536	-74.8285	-74.9051	-74.964	-75.0026	-75.0236	-75.0302	-75.0258	-75.013	-74.994	-74.9703	-74.9432	-74.9133	-74.8815	-74.8481	-74.8135	-74.7778	-74.7413	-74.704	-74.666	-74.6274	-74.5882	-74.5483	-74.5078	-74.4668	-74.4251	-74.3828	-74.34	-74.2965	-74.2525	-74.208	-74.163	-74.1177	-74.0721	-74.0264	-73.981	-73.9363	-73.8927	-73.851	-73.8123	-73.7778	-73.7495	-73.7296	-73.7208	-73.7265	-73.7497	-73.7929	-73.8584
4.08	-74.7604	-74.8353	-74.9119	-74.9707	-75.0094	-75.0303	-75.037	-75.0327	-75.02	-75.0011	-74.9775	-74.9504	-74.9206	-74.8889	-74.8556	-74.8211	-74.7855	-74.7491	-74.7119	-74.674	-74.6355	-74.5964	-74.5566	-74.5163	-74.4753	-74.4338	-74.3917	-74.349	-74.3057	-74.2618	-74.2174	-74.1726	-74.1274	-74.082	-74.0365	-73.9912	-73.9466	-73.9032	-73.8617	-73.8232	-73.7889	-73.7607	-73.7409	-73.7323	-73.738	-73.7612	-73.8045	-73.8699
4.085	-74.7673	-74.8421	-74.9187	-74.9775	-75.0162	-75.0371	-75.0439	-75.0396	-75.027	-75.0081	-74.9846	-74.9576	-74.9279	-74.8963	-74.8631	-74.8286	-74.7932	-74.7569	-74.7198	-74.682	-74.6436	-74.6046	-74.5649	-74.5247	-74.4839	-74.4425	-74.4005	-74.3579	-74.3148	-74.271	-74.2268	-74.1821	-74.1371	-74.0918	-74.0465	-74.0014	-73.957	-73.9137	-73.8724	-73.834	-73.7999	-73.7719	-73.7523	-73.7437	-73.7495	-73.7728	-73.8159	-73.8812
4.09	-74.7741	-74.8489	-74.9254	-74.9842	-75.0229	-75.0439	-75.0507	-75.0464	-75.0339	-75.0151	-74.9917	-74.9647	-74.9352	-74.9036	-74.8705	-74.8362	-74.8008	-74.7646	-74.7276	-74.69	-74.6517	-74.6128	-74.5732	-74.5331	-74.4924	-74.4512	-74.4093	-74.3668	-74.3238	-74.2803	-74.2362	-74.1916	-74.1467	-74.1016	-74.0565	-74.0116	-73.9673	-73.9242	-73.8831	-73.8449	-73.8109	-73.7831	-73.7635	-73.7551	-73.761	-73.7842	-73.8274	-73.8926
4.095	-74.7809	-74.8557	-74.9322	-74.9909	-75.0296	-75.0506	-75.0575	-75.0533	-75.0408	-75.0221	-74.9987	-74.9719	-74.9424	-74.911	-74.878	-74.8437	-74.8085	-74.7723	-74.7355	-74.6979	-74.6597	-74.6209	-74.5815	-74.5415	-74.501	-74.4598	-74.4181	-74.3757	-74.3329	-74.2894	-74.2455	-74.2011	-74.1564	-74.1114	-74.0664	-74.0217	-73.9776	-73.9347	-73.8937	-73.8557	-73.8219	-73.7942	-73.7747	-73.7664	-73.7724	-73.7956	-73.8387	-73.9038
4.1	-74.7878	-74.8625	-74.9389	-74.9976	-75.0363	-75.0574	-75.0642	-75.0601	-75.0477	-75.0291	-75.0058	-74.979	-74.9497	-74.9183	-74.8854	-74.8512	-74.8161	-74.78	-74.7433	-74.7058	-74.6677	-74.6291	-74.5898	-74.5499	-74.5094	-74.4684	-74.4268	-74.3846	-74.3419	-74.2986	-74.2548	-74.2105	-74.1659	-74.1211	-74.0763	-74.0317	-73.9878	-73.9451	-73.9043	-73.8664	-73.8328	-73.8052	-73.7859	-73.7777	-73.7837	-73.807	-73.8501	-73.9151
4.105	-74.7945	-74.8692	-74.9456	-75.0043	-75.043	-75.0641	-75.071	-75.0669	-75.0546	-75.036	-75.0128	-74.9862	-74.9569	-74.9256	-74.8928	-74.8587	-74.8236	-74.7877	-74.7511	-74.7137	-74.6757	-74.6372	-74.598	-74.5582	-74.5179	-74.477	-74.4355	-74.3934	-74.3508	-74.3077	-74.264	-74.2199	-74.1755	-74.1309	-74.0862	-74.0418	-73.998	-73.9555	-73.9148	-73.8771	-73.8437	-73.8162	-73.7971	-73.789	-73.795	-73.8183	-73.8614	-73.9262
4.11	-74.8013	-74.876	-74.9523	-75.011	-75.0497	-75.0708	-75.0777	-75.0738	-75.0615	-75.043	-75.0199	-74.9933	-74.9641	-74.9329	-74.9001	-74.8662	-74.8312	-74.7954	-74.7588	-74.7216	-74.6837	-74.6452	-74.6062	-74.5666	-74.5263	-74.4855	-74.4442	-74.4023	-74.3598	-74.3168	-74.2733	-74.2293	-74.185	-74.1405	-74.096	-74.0518	-74.0082	-73.9658	-73.9253	-73.8878	-73.8545	-73.8272	-73.8082	-73.8002	-73.8063	-73.8296	-73.8726	-73.9374
4.115	-74.8081	-74.8827	-74.9589	-75.0176	-75.0563	-75.0775	-75.0845	-75.0805	-75.0683	-75.0499	-75.0269	-75.0003	-74.9712	-74.9401	-74.9075	-74.8736	-74.8387	-74.803	-74.7666	-74.7294	-74.6917	-74.6533	-74.6144	-74.5748	-74.5348	-74.4941	-74.4529	-74.4111	-74.3687	-74.3258	-74.2825	-74.2387	-74.1945	-74.1502	-74.1058	-74.0617	-74.0183	-73.9761	-73.9358	-73.8984	-73.8653	-73.8381	-73.8192	-73.8113	-73.8175	-73.8408	-73.8838	-73.9485
4.12	-74.8148	-74.8894	-74.9656	-75.0243	-75.063	-75.0841	-75.0912	-75.0873	-75.0752	-75.0568	-75.0338	-75.0074	-74.9784	-74.9474	-74.9148	-74.881	-74.8463	-74.8107	-74.7743	-74.7373	-74.6996	-74.6614	-74.6225	-74.5831	-74.5431	-74.5026	-74.4615	-74.4198	-74.3776	-74.3349	-74.2916	-74.248	-74.204	-74.1598	-74.1156	-74.0717	-74.0284	-73.9863	-73.9462	-73.909	-73.876	-73.849	-73.8302	-73.8224	-73.8287	-73.852	-73.8949	-73.9595
4.125	-74.8216	-74.8961	-74.9722	-75.0309	-75.0696	-75.0908	-75.0979	-75.0941	-75.082	-75.0637	-75.0408	-75.0145	-74.9855	-74.9546	-74.9221	-74.8885	-74.8538	-74.8183	-74.782	-74.7451	-74.7075	-74.6694	-74.6306	-74.5914	-74.5515	-74.5111	-74.4701	-74.4286	-74.3865	-74.3439	-74.3008	-74.2573	-74.2134	-74.1694	-74.1253	-74.0816	-74.0385	-73.9966	-73.9566	-73.9195	-73.8867	-73.8599	-73.8412	-73.8335	-73.8398	-73.8632	-73.906	-73.9705
4.13	-74.8283	-74.9027	-74.9789	-75.0375	-75.0762	-75.0974	-75.1046	-75.1008	-75.0888	-75.0706	-75.0478	-75.0215	-74.9926	-74.9618	-74.9294	-74.8958	-74.8613	-74.8258	-74.7897	-74.7528	-74.7154	-74.6774	-74.6388	-74.5996	-74.5598	-74.5195	-74.4787	-74.4373	-74.3953	-74.3528	-74.3099	-74.2665	-74.2228	-74.1789	-74.135	-74.0914	-74.0485	-74.0067	-73.9669	-73.93	-73.8974	-73.8707	-73.8521	-73.8445	-73.8509	-73.8743	-73.9171	-73.9815
4.135	-74.835	-74.9094	-74.9855	-75.0441	-75.0828	-75.104	-75.1112	-75.1075	-75.0956	-75.0774	-75.0547	-75.0285	-74.9997	-74.969	-74.9367	-74.9032	-74.8687	-74.8334	-74.7973	-74.7606	-74.7233	-74.6853	-74.6468	-74.6078	-74.5681	-74.528	-74.4872	-74.4459	-74.4041	-74.3618	-74.319	-74.2757	-74.2322	-74.1884	-74.1447	-74.1013	-74.0585	-74.0169	-73.9772	-73.9405	-73.908	-73.8814	-73.863	-73.8555	-73.8619	-73.8853	-73.9281	-73.9924
4.14	-74.8417	-74.916	-74.9921	-75.0507	-75.0894	-75.1107	-75.1179	-75.1142	-75.1023	-75.0843	-75.0616	-75.0355	-75.0068	-74.9761	-74.944	-74.9106	-74.8762	-74.8409	-74.805	-74.7683	-74.7311	-74.6933	-74.6549	-74.6159	-74.5764	-74.5364	-74.4958	-74.4546	-74.4129	-74.3707	-74.328	-74.2849	-74.2415	-74.1979	-74.1544	-74.1111	-74.0684	-74.027	-73.9875	-73.9509	-73.9186	-73.8921	-73.8739	-73.8664	-73.8729	-73.8963	-73.9391	-74.0033
4.145	-74.8483	-74.9227	-74.9987	-75.0572	-75.096	-75.1172	-75.1245	-75.1209	-75.1091	-75.0911	-75.0685	-75.0425	-75.0139	-74.9833	-74.9512	-74.9179	-74.8836	-74.8484	-74.8126	-74.7761	-74.7389	-74.7012	-74.6629	-74.6241	-74.5847	-74.5447	-74.5042	-74.4632	-74.4217	-74.3796	-74.337	-74.2941	-74.2508	-74.2074	-74.164	-74.1208	-74.0783	-74.0371	-73.9977	-73.9613	-73.9291	-73.9028	-73.8847	-73.8773	-73.8839	-73.9073	-73.95	-74.0141
4.15	-74.855	-74.9293	-75.0052	-75.0638	-75.1025	-75.1238	-75.1311	-75.1276	-75.1158	-75.0979	-75.0754	-75.0494	-75.0209	-74.9904	-74.9584	-74.9252	-74.891	-74.8559	-74.8202	-74.7838	-74.7467	-74.7091	-74.6709	-74.6322	-74.5929	-74.5531	-74.5127	-74.4718	-74.4304	-74.3884	-74.346	-74.3032	-74.2601	-74.2168	-74.1735	-74.1305	-74.0882	-74.0471	-74.0079	-73.9717	-73.9396	-73.9135	-73.8954	-73.8882	-73.8948	-73.9182	-73.9609	-74.0249
4.155	-74.8616	-74.9359	-75.0118	-75.0703	-75.109	-75.1304	-75.1377	-75.1342	-75.1225	-75.1047	-75.0823	-75.0564	-75.0279	-74.9975	-74.9656	-74.9325	-74.8984	-74.8634	-74.8278	-74.7914	-74.7545	-74.717	-74.6789	-74.6403	-74.6012	-74.5614	-74.5212	-74.4804	-74.4391	-74.3973	-74.355	-74.3123	-74.2694	-74.2262	-74.1831	-74.1402	-74.0981	-74.0571	-74.0181	-73.982	-73.9501	-73.9241	-73.9061	-73.899	-73.9057	-73.9291	-73.9717	-74.0356
4.16	-74.8683	-74.9425	-75.0183	-75.0768	-75.1156	-75.1369	-75.1443	-75.1409	-75.1292	-75.1115	-75.0891	-75.0633	-75.035	-75.0046	-74.9728	-74.9398	-74.9057	-74.8709	-74.8353	-74.7991	-74.7623	-74.7249	-74.6869	-74.6484	-74.6093	-74.5697	-74.5296	-74.4889	-74.4478	-74.4061	-74.3639	-74.3214	-74.2786	-74.2356	-74.1926	-74.1499	-74.1079	-74.0671	-74.0282	-73.9923	-73.9605	-73.9346	-73.9168	-73.9098	-73.9165	-73.9399	-73.9825	-74.0463
4.165	-74.8749	-74.949	-75.0248	-75.0833	-75.1221	-75.1435	-75.1509	-75.1475	-75.1359	-75.1182	-75.0959	-75.0702	-75.0419	-75.0117	-74.98	-74.947	-74.9131	-74.8783	-74.8428	-74.8067	-74.77	-74.7327	-74.6949	-74.6565	-74.6175	-74.578	-74.538	-74.4975	-74.4564	-74.4149	-74.3728	-74.3305	-74.2878	-74.2449	-74.2021	-74.1595	-74.1177	-74.077	-74.0383	-74.0025	-73.9709	-73.9451	-73.9275	-73.9205	-73.9273	-73.9507	-73.9932	-74.057
4.17	-74.8815	-74.9556	-75.0314	-75.0898	-75.1286	-75.15	-75.1574	-75.1541	-75.1426	-75.125	-75.1027	-75.0771	-75.0489	-75.0188	-74.9871	-74.9542	-74.9204	-74.8857	-74.8504	-74.8143	-74.7777	-74.7405	-74.7028	-74.6645	-74.6257	-74.5863	-74.5464	-74.506	-74.465	-74.4236	-74.3817	-74.3395	-74.2969	-74.2542	-74.2115	-74.1691	-74.1274	-74.0869	-74.0484	-74.0127	-73.9812	-73.9556	-73.9381	-73.9312	-73.938	-73.9615	-74.0039	-74.0676
4.175	-74.8881	-74.9621	-75.0378	-75.0963	-75.135	-75.1565	-75.164	-75.1607	-75.1492	-75.1317	-75.1095	-75.084	-75.0559	-75.0258	-74.9942	-74.9615	-74.9277	-74.8931	-74.8579	-74.8219	-74.7854	-74.7483	-74.7107	-74.6725	-74.6338	-74.5945	-74.5547	-74.5144	-74.4736	-74.4323	-74.3906	-74.3485	-74.306	-74.2635	-74.2209	-74.1787	-74.1371	-74.0968	-74.0584	-74.0229	-73.9916	-73.9661	-73.9486	-73.9418	-73.9487	-73.9722	-74.0146	-74.0781
4.18	-74.8947	-74.9687	-75.0443	-75.1028	-75.1415	-75.163	-75.1705	-75.1673	-75.1559	-75.1384	-75.1163	-75.0909	-75.0628	-75.0328	-75.0013	-74.9687	-74.935	-74.9005	-74.8653	-74.8295	-74.7931	-74.7561	-74.7186	-74.6805	-74.6419	-74.6027	-74.5631	-74.5229	-74.4822	-74.441	-74.3994	-74.3574	-74.3151	-74.2727	-74.2303	-74.1882	-74.1468	-74.1066	-74.0684	-74.033	-74.0018	-73.9765	-73.9591	-73.9524	-73.9594	-73.9828	-74.0252	-74.0887
4.185	-74.9012	-74.9752	-75.0508	-75.1092	-75.1479	-75.1694	-75.177	-75.1738	-75.1625	-75.1451	-75.1231	-75.0977	-75.0697	-75.0398	-75.0084	-74.9758	-74.9423	-74.9079	-74.8728	-74.8371	-74.8007	-74.7639	-74.7264	-74.6884	-74.6499	-74.6109	-74.5714	-74.5313	-74.4907	-74.4497	-74.4082	-74.3664	-74.3242	-74.2819	-74.2397	-74.1977	-74.1565	-74.1164	-74.0783	-74.0431	-74.0121	-73.9868	-73.9696	-73.963	-73.97	-73.9935	-74.0358	-74.0991
4.19	-74.9078	-74.9817	-75.0573	-75.1156	-75.1544	-75.1759	-75.1835	-75.1804	-75.1691	-75.1518	-75.1298	-75.1045	-75.0766	-75.0468	-75.0155	-74.983	-74.9495	-74.9152	-74.8802	-74.8446	-74.8084	-74.7716	-74.7343	-74.6964	-74.658	-74.6191	-74.5797	-74.5397	-74.4993	-74.4583	-74.417	-74.3753	-74.3333	-74.2911	-74.249	-74.2072	-74.1661	-74.1262	-74.0883	-74.0532	-74.0223	-73.9972	-73.9801	-73.9735	-73.9806	-74.0041	-74.0464	-74.1096
4.195	-74.9143	-74.9882	-75.0637	-75.122	-75.1608	-75.1823	-75.19	-75.1869	-75.1757	-75.1584	-75.1366	-75.1113	-75.0835	-75.0538	-75.0226	-74.9901	-74.9567	-74.9226	-74.8876	-74.8521	-74.816	-74.7793	-74.7421	-74.7043	-74.666	-74.6272	-74.5879	-74.5481	-74.5078	-74.467	-74.4257	-74.3841	-74.3423	-74.3002	-74.2583	-74.2166	-74.1757	-74.1359	-74.0981	-74.0632	-74.0324	-74.0075	-73.9905	-73.984	-73.9911	-74.0146	-74.0569	-74.12
4.2	-74.9208	-74.9946	-75.0701	-75.1284	-75.1672	-75.1887	-75.1964	-75.1934	-75.1823	-75.1651	-75.1433	-75.1181	-75.0904	-75.0608	-75.0296	-74.9973	-74.964	-74.9299	-74.895	-74.8596	-74.8236	-74.787	-74.7499	-74.7122	-74.674	-74.6353	-74.5961	-74.5564	-74.5162	-74.4756	-74.4345	-74.393	-74.3512	-74.3094	-74.2675	-74.226	-74.1852	-74.1456	-74.108	-74.0732	-74.0426	-74.0177	-74.0008	-73.9945	-74.0016	-74.0251	-74.0673	-74.1304
4.205	-74.9273	-75.0011	-75.0765	-75.1348	-75.1736	-75.1952	-75.2029	-75.1999	-75.1888	-75.1717	-75.15	-75.1249	-75.0973	-75.0677	-75.0366	-75.0044	-74.9712	-74.9371	-74.9024	-74.8671	-74.8311	-74.7947	-74.7576	-74.7201	-74.682	-74.6434	-74.6043	-74.5648	-74.5247	-74.4841	-74.4431	-74.4018	-74.3602	-74.3185	-74.2768	-74.2354	-74.1947	-74.1553	-74.1178	-74.0832	-74.0527	-74.0279	-74.0112	-74.0049	-74.0121	-74.0356	-74.0777	-74.1407
4.21	-74.9338	-75.0075	-75.0829	-75.1412	-75.18	-75.2016	-75.2093	-75.2064	-75.1954	-75.1783	-75.1567	-75.1317	-75.1041	-75.0746	-75.0436	-75.0115	-74.9783	-74.9444	-74.9098	-74.8745	-74.8387	-74.8023	-74.7654	-74.7279	-74.69	-74.6515	-74.6125	-74.5731	-74.5331	-74.4927	-74.4518	-74.4106	-74.3691	-74.3275	-74.286	-74.2448	-74.2042	-74.1649	-74.1276	-74.0931	-74.0627	-74.0381	-74.0214	-74.0153	-74.0225	-74.046	-74.0881	-74.151
4.215	-74.9403	-75.014	-75.0893	-75.1476	-75.1863	-75.2079	-75.2157	-75.2129	-75.2019	-75.1849	-75.1633	-75.1384	-75.1109	-75.0815	-75.0506	-75.0185	-74.9855	-74.9517	-74.9171	-74.882	-74.8462	-74.8099	-74.7731	-74.7358	-74.6979	-74.6596	-74.6207	-74.5813	-74.5415	-74.5012	-74.4605	-74.4194	-74.378	-74.3366	-74.2952	-74.2541	-74.2137	-74.1745	-74.1373	-74.103	-74.0727	-74.0483	-74.0317	-74.0256	-74.0329	-74.0564	-74.0985	-74.1612
4.22	-74.9468	-75.0204	-75.0957	-75.1539	-75.1927	-75.2143	-75.2222	-75.2193	-75.2084	-75.1915	-75.17	-75.1451	-75.1177	-75.0884	-75.0576	-75.0256	-74.9926	-74.9589	-74.9244	-74.8894	-74.8537	-74.8175	-74.7808	-74.7436	-74.7058	-74.6676	-74.6288	-74.5896	-74.5498	-74.5097	-74.4691	-74.4281	-74.3869	-74.3456	-74.3043	-74.2634	-74.2231	-74.1841	-74.147	-74.1128	-74.0827	-74.0584	-74.0419	-74.0359	-74.0432	-74.0667	-74.1088	-74.1714
4.225	-74.9532	-75.0268	-75.102	-75.1602	-75.199	-75.2207	-75.2285	-75.2258	-75.2149	-75.198	-75.1766	-75.1518	-75.1245	-75.0953	-75.0645	-75.0326	-74.9998	-74.9661	-74.9317	-74.8968	-74.8612	-74.8251	-74.7885	-74.7514	-74.7137	-74.6756	-74.6369	-74.5978	-74.5582	-74.5181	-74.4777	-74.4368	-74.3958	-74.3545	-74.3134	-74.2726	-74.2325	-74.1937	-74.1567	-74.1226	-74.0927	-74.0685	-74.0521	-74.0461	-74.0535	-74.077	-74.119	-74.1816
4.23	-74.9596	-75.0332	-75.1084	-75.1666	-75.2053	-75.227	-75.2349	-75.2322	-75.2214	-75.2046	-75.1833	-75.1585	-75.1313	-75.1021	-75.0715	-75.0396	-75.0069	-74.9733	-74.939	-74.9041	-74.8687	-74.8327	-74.7962	-74.7591	-74.7216	-74.6836	-74.645	-74.606	-74.5665	-74.5266	-74.4862	-74.4455	-74.4046	-74.3635	-74.3225	-74.2818	-74.2419	-74.2032	-74.1664	-74.1324	-74.1026	-74.0785	-74.0622	-74.0564	-74.0638	-74.0873	-74.1292	-74.1917
4.235	-74.9661	-75.0395	-75.1147	-75.1729	-75.2116	-75.2333	-75.2413	-75.2386	-75.2279	-75.2111	-75.1898	-75.1652	-75.138	-75.1089	-75.0784	-75.0466	-75.0139	-74.9805	-74.9463	-74.9115	-74.8761	-74.8402	-74.8038	-74.7669	-74.7295	-74.6915	-74.6531	-74.6142	-74.5748	-74.535	-74.4948	-74.4542	-74.4134	-74.3724	-74.3316	-74.291	-74.2512	-74.2126	-74.176	-74.1422	-74.1125	-74.0885	-74.0723	-74.0665	-74.074	-74.0975	-74.1394	-74.2018
4.24	-74.9725	-75.0459	-75.121	-75.1792	-75.2179	-75.2396	-75.2476	-75.245	-75.2343	-75.2176	-75.1964	-75.1719	-75.1448	-75.1158	-75.0853	-75.0536	-75.021	-74.9876	-74.9535	-74.9188	-74.8836	-74.8478	-74.8114	-74.7746	-74.7373	-74.6995	-74.6611	-74.6223	-74.5831	-74.5434	-74.5033	-74.4628	-74.4221	-74.3813	-74.3406	-74.3002	-74.2605	-74.2221	-74.1856	-74.1519	-74.1223	-74.0985	-74.0824	-74.0767	-74.0842	-74.1077	-74.1496	-74.2119
4.245	-74.9789	-75.0522	-75.1273	-75.1854	-75.2242	-75.2459	-75.254	-75.2514	-75.2408	-75.2242	-75.203	-75.1785	-75.1515	-75.1226	-75.0922	-75.0606	-75.0281	-74.9948	-74.9608	-74.9261	-74.891	-74.8553	-74.819	-74.7823	-74.7451	-74.7074	-74.6692	-74.6305	-74.5913	-74.5517	-74.5117	-74.4714	-74.4309	-74.3902	-74.3496	-74.3093	-74.2698	-74.2315	-74.1951	-74.1616	-74.1321	-74.1084	-74.0924	-74.0868	-74.0943	-74.1179	-74.1597	-74.2219
4.25	-74.9853	-75.0586	-75.1336	-75.1917	-75.2304	-75.2522	-75.2603	-75.2578	-75.2472	-75.2306	-75.2096	-75.1852	-75.1582	-75.1293	-75.099	-75.0675	-75.0351	-75.0019	-74.968	-74.9334	-74.8984	-74.8628	-74.8266	-74.79	-74.7529	-74.7153	-74.6772	-74.6386	-74.5995	-74.5601	-74.5202	-74.48	-74.4396	-74.399	-74.3585	-74.3184	-74.279	-74.2409	-74.2046	-74.1712	-74.1419	-74.1183	-74.1024	-74.0969	-74.1045	-74.128	-74.1698	-74.2318
4.255	-74.9916	-75.0649	-75.1399	-75.1979	-75.2367	-75.2585	-75.2666	-75.2641	-75.2536	-75.2371	-75.2161	-75.1918	-75.1649	-75.1361	-75.1059	-75.0745	-75.0421	-75.009	-74.9752	-74.9407	-74.9057	-74.8702	-74.8342	-74.7977	-74.7606	-74.7231	-74.6851	-74.6467	-74.6077	-74.5684	-74.5286	-74.4886	-74.4482	-74.4078	-74.3675	-74.3275	-74.2882	-74.2502	-74.2141	-74.1808	-74.1516	-74.1281	-74.1124	-74.1069	-74.1145	-74.1381	-74.1798	-74.2418
4.26	-74.998	-75.0712	-75.1461	-75.2042	-75.2429	-75.2647	-75.2729	-75.2704	-75.26	-75.2436	-75.2226	-75.1984	-75.1716	-75.1429	-75.1127	-75.0814	-75.0491	-75.0161	-74.9823	-74.948	-74.9131	-74.8777	-74.8417	-74.8053	-74.7684	-74.731	-74.6931	-74.6547	-74.6159	-74.5767	-74.537	-74.4971	-74.4569	-74.4166	-74.3764	-74.3366	-74.2974	-74.2595	-74.2236	-74.1904	-74.1614	-74.138	-74.1223	-74.1169	-74.1246	-74.1481	-74.1898	-74.2517
4.265	-75.0043	-75.0775	-75.1524	-75.2104	-75.2492	-75.271	-75.2792	-75.2768	-75.2664	-75.25	-75.2292	-75.2049	-75.1782	-75.1496	-75.1195	-75.0883	-75.0561	-75.0231	-74.9895	-74.9552	-74.9204	-74.8851	-74.8493	-74.8129	-74.7761	-74.7388	-74.701	-74.6628	-74.6241	-74.5849	-74.5454	-74.5056	-74.4655	-74.4254	-74.3853	-74.3456	-74.3066	-74.2688	-74.233	-74.2	-74.171	-74.1478	-74.1322	-74.1269	-74.1346	-74.1581	-74.1998	-74.2616
4.27	-75.0107	-75.0838	-75.1586	-75.2166	-75.2554	-75.2772	-75.2854	-75.2831	-75.2728	-75.2564	-75.2356	-75.2115	-75.1849	-75.1563	-75.1263	-75.0951	-75.063	-75.0302	-74.9966	-74.9624	-74.9277	-74.8925	-74.8568	-74.8205	-74.7838	-74.7466	-74.7089	-74.6708	-74.6322	-74.5932	-74.5538	-74.5141	-74.4741	-74.4341	-74.3941	-74.3546	-74.3157	-74.2781	-74.2424	-74.2095	-74.1807	-74.1575	-74.1421	-74.1368	-74.1446	-74.1681	-74.2097	-74.2714
4.275	-75.017	-75.0901	-75.1648	-75.2228	-75.2616	-75.2834	-75.2917	-75.2894	-75.2791	-75.2629	-75.2421	-75.2181	-75.1915	-75.163	-75.1331	-75.102	-75.07	-75.0372	-75.0037	-74.9697	-74.935	-74.8999	-74.8642	-74.8281	-74.7915	-74.7544	-74.7168	-74.6788	-74.6403	-74.6014	-74.5621	-74.5225	-74.4827	-74.4428	-74.403	-74.3635	-74.3248	-74.2873	-74.2517	-74.219	-74.1903	-74.1673	-74.1519	-74.1467	-74.1545	-74.178	-74.2196	-74.2812
4.28	-75.0233	-75.0963	-75.1711	-75.229	-75.2677	-75.2896	-75.2979	-75.2957	-75.2854	-75.2693	-75.2486	-75.2246	-75.1981	-75.1697	-75.1399	-75.1088	-75.0769	-75.0442	-75.0108	-74.9768	-74.9423	-74.9072	-74.8717	-74.8357	-74.7991	-74.7621	-74.7247	-74.6868	-74.6484	-74.6096	-74.5704	-74.531	-74.4913	-74.4515	-74.4118	-74.3725	-74.3339	-74.2965	-74.2611	-74.2284	-74.1999	-74.1769	-74.1617	-74.1566	-74.1644	-74.1879	-74.2294	-74.2909
4.285	-75.0296	-75.1026	-75.1772	-75.2352	-75.2739	-75.2958	-75.3041	-75.3019	-75.2918	-75.2756	-75.2551	-75.2311	-75.2047	-75.1764	-75.1466	-75.1157	-75.0838	-75.0512	-75.0179	-74.984	-74.9496	-74.9146	-74.8791	-74.8432	-74.8068	-74.7699	-74.7325	-74.6947	-74.6564	-74.6178	-74.5787	-74.5394	-74.4998	-74.4601	-74.4206	-74.3814	-74.3429	-74.3057	-74.2704	-74.2379	-74.2094	-74.1866	-74.1714	-74.1664	-74.1743	-74.1978	-74.2392	-74.3007
4.29	-75.0359	-75.1088	-75.1834	-75.2413	-75.2801	-75.302	-75.3103	-75.3082	-75.2981	-75.282	-75.2615	-75.2376	-75.2113	-75.183	-75.1533	-75.1225	-75.0907	-75.0582	-75.025	-74.9911	-74.9568	-74.9219	-74.8866	-74.8507	-74.8144	-74.7776	-74.7403	-74.7026	-74.6645	-74.6259	-74.587	-74.5477	-74.5083	-74.4687	-74.4293	-74.3902	-74.3519	-74.3148	-74.2796	-74.2473	-74.2189	-74.1962	-74.1811	-74.1762	-74.1841	-74.2076	-74.249	-74.3104
4.295	-75.0421	-75.115	-75.1896	-75.2475	-75.2862	-75.3081	-75.3165	-75.3144	-75.3044	-75.2884	-75.2679	-75.2441	-75.2178	-75.1897	-75.16	-75.1293	-75.0976	-75.0651	-75.032	-74.9983	-74.964	-74.9292	-74.894	-74.8582	-74.822	-74.7853	-74.7481	-74.7105	-74.6725	-74.634	-74.5952	-74.5561	-74.5168	-74.4773	-74.438	-74.3991	-74.3609	-74.3239	-74.2889	-74.2566	-74.2284	-74.2058	-74.1908	-74.1859	-74.1939	-74.2174	-74.2588	-74.32
4.3	-75.0484	-75.1212	-75.1958	-75.2536	-75.2923	-75.3143	-75.3227	-75.3206	-75.3107	-75.2947	-75.2743	-75.2506	-75.2244	-75.1963	-75.1667	-75.1361	-75.1045	-75.0721	-75.039	-75.0054	-74.9712	-74.9365	-74.9014	-74.8657	-74.8296	-74.793	-74.7559	-74.7184	-74.6805	-74.6421	-74.6034	-74.5644	-74.5252	-74.4859	-74.4467	-74.4079	-74.3698	-74.333	-74.2981	-74.266	-74.2379	-74.2154	-74.2005	-74.1956	-74.2036	-74.2272	-74.2685	-74.3296
4.305	-75.0546	-75.1274	-75.2019	-75.2597	-75.2984	-75.3204	-75.3289	-75.3269	-75.3169	-75.301	-75.2807	-75.2571	-75.2309	-75.2029	-75.1734	-75.1428	-75.1113	-75.079	-75.046	-75.0125	-74.9784	-74.9438	-74.9087	-74.8732	-74.8371	-74.8006	-74.7637	-74.7263	-74.6884	-74.6502	-74.6116	-74.5727	-74.5336	-74.4945	-74.4554	-74.4167	-74.3788	-74.3421	-74.3073	-74.2753	-74.2473	-74.2249	-74.2101	-74.2053	-74.2134	-74.2369	-74.2782	-74.3392
4.31	-75.0609	-75.1336	-75.208	-75.2658	-75.3045	-75.3265	-75.335	-75.3331	-75.3232	-75.3073	-75.2871	-75.2635	-75.2374	-75.2095	-75.1801	-75.1496	-75.1181	-75.0859	-75.053	-75.0196	-74.9856	-74.9511	-74.9161	-74.8806	-74.8447	-74.8083	-74.7714	-74.7341	-74.6964	-74.6583	-74.6198	-74.581	-74.542	-74.503	-74.464	-74.4255	-74.3877	-74.3511	-74.3164	-74.2845	-74.2567	-74.2344	-74.2197	-74.215	-74.2231	-74.2466	-74.2878	-74.3488
4.315	-75.0671	-75.1397	-75.2141	-75.2719	-75.3106	-75.3326	-75.3411	-75.3392	-75.3294	-75.3136	-75.2934	-75.2699	-75.2439	-75.2161	-75.1868	-75.1563	-75.1249	-75.0928	-75.06	-75.0266	-74.9927	-74.9583	-74.9234	-74.888	-74.8522	-74.8159	-74.7791	-74.7419	-74.7043	-74.6663	-74.6279	-74.5893	-74.5504	-74.5115	-74.4727	-74.4342	-74.3965	-74.3601	-74.3255	-74.2938	-74.2661	-74.2439	-74.2292	-74.2246	-74.2327	-74.2562	-74.2974	-74.3583
4.32	-75.0733	-75.1459	-75.2202	-75.278	-75.3167	-75.3387	-75.3473	-75.3454	-75.3356	-75.3199	-75.2998	-75.2764	-75.2504	-75.2226	-75.1934	-75.163	-75.1317	-75.0997	-75.067	-75.0337	-74.9998	-74.9655	-74.9307	-74.8954	-74.8597	-74.8235	-74.7868	-74.7497	-74.7122	-74.6743	-74.6361	-74.5975	-74.5588	-74.5199	-74.4812	-74.4429	-74.4054	-74.369	-74.3346	-74.303	-74.2754	-74.2533	-74.2388	-74.2342	-74.2423	-74.2659	-74.307	-74.3678
4.325	-75.0795	-75.152	-75.2263	-75.284	-75.3228	-75.3448	-75.3534	-75.3516	-75.3418	-75.3262	-75.3061	-75.2828	-75.2569	-75.2292	-75.2	-75.1697	-75.1385	-75.1065	-75.0739	-75.0407	-75.0069	-74.9727	-74.938	-74.9028	-74.8671	-74.831	-74.7945	-74.7575	-74.7201	-74.6823	-74.6441	-74.6057	-74.5671	-74.5284	-74.4898	-74.4516	-74.4142	-74.378	-74.3437	-74.3122	-74.2847	-74.2627	-74.2483	-74.2438	-74.2519	-74.2754	-74.3165	-74.3772
4.33	-75.0857	-75.1582	-75.2324	-75.2901	-75.3288	-75.3509	-75.3595	-75.3577	-75.348	-75.3324	-75.3124	-75.2891	-75.2634	-75.2357	-75.2066	-75.1764	-75.1453	-75.1134	-75.0808	-75.0477	-75.014	-74.9799	-74.9453	-74.9101	-74.8746	-74.8386	-74.8021	-74.7653	-74.728	-74.6903	-74.6522	-74.6139	-74.5754	-74.5368	-74.4983	-74.4603	-74.423	-74.3869	-74.3527	-74.3213	-74.2939	-74.2721	-74.2577	-74.2533	-74.2615	-74.285	-74.326	-74.3866
4.335	-75.0918	-75.1643	-75.2385	-75.2961	-75.3348	-75.3569	-75.3656	-75.3638	-75.3542	-75.3387	-75.3187	-75.2955	-75.2698	-75.2422	-75.2132	-75.1831	-75.152	-75.1202	-75.0877	-75.0547	-75.0211	-74.987	-74.9525	-74.9175	-74.882	-74.8461	-74.8098	-74.773	-74.7358	-74.6982	-74.6603	-74.6221	-74.5837	-74.5452	-74.5069	-74.4689	-74.4317	-74.3958	-74.3617	-74.3305	-74.3032	-74.2814	-74.2671	-74.2628	-74.271	-74.2945	-74.3355	-74.396
4.34	-75.098	-75.1704	-75.2445	-75.3021	-75.3409	-75.363	-75.3716	-75.3699	-75.3604	-75.3449	-75.325	-75.3019	-75.2762	-75.2487	-75.2198	-75.1897	-75.1587	-75.127	-75.0946	-75.0617	-75.0282	-74.9942	-74.9597	-74.9248	-74.8894	-74.8536	-74.8174	-74.7807	-74.7436	-74.7061	-74.6683	-74.6302	-74.5919	-74.5536	-74.5154	-74.4775	-74.4404	-74.4046	-74.3707	-74.3396	-74.3124	-74.2907	-74.2765	-74.2722	-74.2805	-74.304	-74.3449	-74.4053
4.345	-75.1041	-75.1765	-75.2506	-75.3082	-75.3469	-75.369	-75.3777	-75.376	-75.3665	-75.3511	-75.3313	-75.3082	-75.2826	-75.2552	-75.2263	-75.1963	-75.1654	-75.1338	-75.1015	-75.0686	-75.0352	-75.0013	-74.9669	-74.9321	-74.8968	-74.8611	-74.825	-74.7884	-74.7514	-74.714	-74.6763	-74.6383	-74.6001	-74.5619	-74.5238	-74.4861	-74.4492	-74.4134	-74.3796	-74.3486	-74.3216	-74.3	-74.2859	-74.2817	-74.29	-74.3135	-74.3543	-74.4147
4.35	-75.1103	-75.1825	-75.2566	-75.3142	-75.3529	-75.375	-75.3837	-75.3821	-75.3727	-75.3573	-75.3376	-75.3145	-75.289	-75.2617	-75.2329	-75.2029	-75.1721	-75.1405	-75.1083	-75.0755	-75.0422	-75.0084	-74.9741	-74.9394	-74.9042	-74.8686	-74.8325	-74.7961	-74.7592	-74.7219	-74.6843	-74.6464	-74.6083	-74.5702	-74.5322	-74.4947	-74.4578	-74.4222	-74.3885	-74.3577	-74.3307	-74.3092	-74.2952	-74.291	-74.2994	-74.3229	-74.3637	-74.424
4.355	-75.1164	-75.1886	-75.2626	-75.3202	-75.3589	-75.381	-75.3898	-75.3882	-75.3788	-75.3635	-75.3438	-75.3208	-75.2954	-75.2681	-75.2394	-75.2095	-75.1788	-75.1473	-75.1152	-75.0825	-75.0492	-75.0155	-74.9813	-74.9467	-74.9116	-74.876	-74.8401	-74.8037	-74.7669	-74.7297	-74.6922	-74.6545	-74.6165	-74.5785	-74.5407	-74.5032	-74.4665	-74.431	-74.3974	-74.3667	-74.3398	-74.3185	-74.3045	-74.3004	-74.3088	-74.3323	-74.3731	-74.4332
4.36	-75.1225	-75.1947	-75.2686	-75.3261	-75.3648	-75.387	-75.3958	-75.3943	-75.3849	-75.3697	-75.3501	-75.3271	-75.3018	-75.2746	-75.2459	-75.2161	-75.1855	-75.154	-75.122	-75.0894	-75.0562	-75.0226	-74.9885	-74.9539	-74.9189	-74.8835	-74.8476	-74.8113	-74.7746	-74.7376	-74.7002	-74.6625	-74.6247	-74.5868	-74.549	-74.5117	-74.4751	-74.4398	-74.4063	-74.3756	-74.3489	-74.3277	-74.3138	-74.3097	-74.3181	-74.3416	-74.3824	-74.4424
4.365	-75.1286	-75.2007	-75.2746	-75.3321	-75.3708	-75.393	-75.4018	-75.4003	-75.391	-75.3758	-75.3563	-75.3334	-75.3081	-75.281	-75.2524	-75.2227	-75.1921	-75.1608	-75.1288	-75.0962	-75.0632	-75.0296	-74.9956	-74.9611	-74.9262	-74.8909	-74.8551	-74.8189	-74.7823	-74.7454	-74.7081	-74.6705	-74.6328	-74.595	-74.5574	-74.5202	-74.4837	-74.4485	-74.4151	-74.3846	-74.358	-74.3368	-74.323	-74.319	-74.3275	-74.351	-74.3916	-74.4516
4.37	-75.1347	-75.2067	-75.2806	-75.338	-75.3767	-75.3989	-75.4078	-75.4063	-75.3971	-75.382	-75.3625	-75.3397	-75.3145	-75.2874	-75.2589	-75.2293	-75.1987	-75.1675	-75.1356	-75.1031	-75.0701	-75.0367	-75.0027	-74.9684	-74.9335	-74.8983	-74.8626	-74.8265	-74.79	-74.7532	-74.716	-74.6785	-74.6409	-74.6033	-74.5657	-74.5286	-74.4923	-74.4572	-74.424	-74.3935	-74.367	-74.3459	-74.3323	-74.3283	-74.3368	-74.3602	-74.4009	-74.4608
4.375	-75.1407	-75.2128	-75.2866	-75.344	-75.3827	-75.4049	-75.4138	-75.4124	-75.4032	-75.3881	-75.3687	-75.346	-75.3208	-75.2938	-75.2654	-75.2358	-75.2054	-75.1742	-75.1423	-75.11	-75.0771	-75.0437	-75.0098	-74.9755	-74.9408	-74.9057	-74.8701	-74.8341	-74.7977	-74.7609	-74.7239	-74.6865	-74.649	-74.6115	-74.5741	-74.5371	-74.5008	-74.4658	-74.4327	-74.4024	-74.376	-74.355	-74.3414	-74.3376	-74.346	-74.3695	-74.4101	-74.4699
4.38	-75.1468	-75.2188	-75.2925	-75.3499	-75.3886	-75.4108	-75.4197	-75.4184	-75.4092	-75.3942	-75.3748	-75.3522	-75.3271	-75.3002	-75.2718	-75.2423	-75.212	-75.1808	-75.1491	-75.1168	-75.084	-75.0507	-75.0169	-74.9827	-74.9481	-74.913	-74.8775	-74.8416	-74.8053	-74.7687	-74.7317	-74.6945	-74.6571	-74.6196	-74.5823	-74.5455	-74.5093	-74.4745	-74.4415	-74.4113	-74.385	-74.3641	-74.3506	-74.3468	-74.3553	-74.3787	-74.4193	-74.479
4.385	-75.1529	-75.2248	-75.2985	-75.3558	-75.3945	-75.4167	-75.4257	-75.4244	-75.4153	-75.4003	-75.381	-75.3584	-75.3334	-75.3065	-75.2782	-75.2488	-75.2185	-75.1875	-75.1558	-75.1236	-75.0909	-75.0577	-75.024	-74.9899	-74.9553	-74.9203	-74.8849	-74.8492	-74.813	-74.7764	-74.7395	-74.7024	-74.6651	-74.6278	-74.5906	-74.5538	-74.5178	-74.4831	-74.4502	-74.4201	-74.3939	-74.3731	-74.3597	-74.3559	-74.3645	-74.3879	-74.4284	-74.488
4.39	-75.1589	-75.2307	-75.3044	-75.3617	-75.4004	-75.4226	-75.4316	-75.4304	-75.4213	-75.4064	-75.3872	-75.3646	-75.3397	-75.3129	-75.2847	-75.2553	-75.2251	-75.1941	-75.1626	-75.1304	-75.0978	-75.0646	-75.031	-74.997	-74.9625	-74.9277	-74.8924	-74.8567	-74.8206	-74.7841	-74.7473	-74.7103	-74.6731	-74.6359	-74.5988	-74.5622	-74.5263	-74.4917	-74.4589	-74.4289	-74.4028	-74.3821	-74.3688	-74.3651	-74.3737	-74.3971	-74.4376	-74.4971
4.395	-75.1649	-75.2367	-75.3103	-75.3676	-75.4063	-75.4285	-75.4376	-75.4363	-75.4273	-75.4125	-75.3933	-75.3708	-75.3459	-75.3192	-75.2911	-75.2618	-75.2317	-75.2008	-75.1693	-75.1372	-75.1046	-75.0716	-75.0381	-75.0041	-74.9697	-74.935	-74.8997	-74.8641	-74.8281	-74.7918	-74.7551	-74.7182	-74.6811	-74.644	-74.6071	-74.5705	-74.5348	-74.5002	-74.4676	-74.4377	-74.4117	-74.3911	-74.3779	-74.3742	-74.3828	-74.4062	-74.4467	-74.5061
4.4	-75.1709	-75.2427	-75.3162	-75.3735	-75.4121	-75.4344	-75.4435	-75.4423	-75.4333	-75.4185	-75.3994	-75.377	-75.3522	-75.3255	-75.2974	-75.2683	-75.2382	-75.2074	-75.1759	-75.144	-75.1115	-75.0785	-75.0451	-75.0112	-74.9769	-74.9422	-74.9071	-74.8716	-74.8357	-74.7995	-74.7629	-74.7261	-74.6891	-74.6521	-74.6153	-74.5788	-74.5432	-74.5088	-74.4762	-74.4464	-74.4206	-74.4001	-74.3869	-74.3833	-74.3919	-74.4154	-74.4557	-74.515
4.405	-75.1769	-75.2486	-75.3221	-75.3794	-75.418	-75.4403	-75.4494	-75.4482	-75.4393	-75.4246	-75.4055	-75.3832	-75.3584	-75.3318	-75.3038	-75.2747	-75.2447	-75.214	-75.1826	-75.1507	-75.1183	-75.0854	-75.0521	-75.0183	-74.9841	-74.9495	-74.9145	-74.8791	-74.8432	-74.8071	-74.7706	-74.7339	-74.6971	-74.6602	-74.6234	-74.5871	-74.5516	-74.5173	-74.4848	-74.4552	-74.4294	-74.409	-74.3959	-74.3923	-74.401	-74.4244	-74.4647	-74.524
4.41	-75.1829	-75.2545	-75.328	-75.3852	-75.4239	-75.4462	-75.4553	-75.4542	-75.4453	-75.4306	-75.4116	-75.3894	-75.3647	-75.3381	-75.3102	-75.2811	-75.2512	-75.2206	-75.1893	-75.1574	-75.1251	-75.0923	-75.0591	-75.0254	-74.9913	-74.9567	-74.9218	-74.8865	-74.8508	-74.8147	-74.7784	-74.7417	-74.705	-74.6682	-74.6316	-74.5954	-74.5599	-74.5257	-74.4934	-74.4639	-74.4382	-74.4179	-74.4049	-74.4014	-74.4101	-74.4335	-74.4737	-74.5329
4.415	-75.1889	-75.2605	-75.3339	-75.391	-75.4297	-75.452	-75.4611	-75.4601	-75.4513	-75.4367	-75.4177	-75.3955	-75.3709	-75.3444	-75.3165	-75.2876	-75.2577	-75.2271	-75.1959	-75.1642	-75.1319	-75.0992	-75.066	-75.0324	-74.9984	-74.964	-74.9291	-74.8939	-74.8583	-74.8223	-74.786	-74.7495	-74.7129	-74.6762	-74.6397	-74.6036	-74.5683	-74.5342	-74.502	-74.4726	-74.447	-74.4268	-74.4138	-74.4104	-74.4191	-74.4425	-74.4827	-74.5418
4.42	-75.1949	-75.2664	-75.3397	-75.3969	-75.4355	-75.4578	-75.467	-75.466	-75.4572	-75.4427	-75.4238	-75.4016	-75.3771	-75.3507	-75.3229	-75.294	-75.2642	-75.2337	-75.2025	-75.1709	-75.1387	-75.106	-75.073	-75.0394	-75.0055	-74.9712	-74.9364	-74.9013	-74.8658	-74.8299	-74.7937	-74.7573	-74.7208	-74.6842	-74.6478	-74.6118	-74.5766	-74.5426	-74.5105	-74.4812	-74.4557	-74.4356	-74.4227	-74.4193	-74.4281	-74.4515	-74.4917	-74.5506
4.425	-75.2008	-75.2723	-75.3456	-75.4027	-75.4413	-75.4637	-75.4729	-75.4719	-75.4632	-75.4487	-75.4298	-75.4077	-75.3832	-75.3569	-75.3292	-75.3004	-75.2706	-75.2402	-75.2092	-75.1776	-75.1455	-75.1129	-75.0799	-75.0465	-75.0126	-74.9783	-74.9437	-74.9086	-74.8732	-74.8374	-74.8014	-74.7651	-74.7286	-74.6922	-74.6559	-74.62	-74.5849	-74.551	-74.5191	-74.4898	-74.4645	-74.4444	-74.4316	-74.4283	-74.437	-74.4604	-74.5006	-74.5594
4.43	-75.2067	-75.2782	-75.3514	-75.4085	-75.4471	-75.4695	-75.4787	-75.4778	-75.4691	-75.4546	-75.4359	-75.4138	-75.3894	-75.3632	-75.3355	-75.3067	-75.2771	-75.2467	-75.2157	-75.1842	-75.1522	-75.1197	-75.0868	-75.0535	-75.0197	-74.9855	-74.9509	-74.916	-74.8807	-74.845	-74.809	-74.7728	-74.7365	-74.7001	-74.6639	-74.6282	-74.5932	-74.5594	-74.5275	-74.4984	-74.4732	-74.4532	-74.4405	-74.4372	-74.446	-74.4694	-74.5094	-74.5682
4.435	-75.2127	-75.284	-75.3572	-75.4143	-75.4529	-75.4753	-75.4845	-75.4836	-75.475	-75.4606	-75.4419	-75.4199	-75.3956	-75.3694	-75.3418	-75.3131	-75.2835	-75.2532	-75.2223	-75.1909	-75.1589	-75.1265	-75.0937	-75.0604	-75.0267	-74.9927	-74.9582	-74.9233	-74.8881	-74.8525	-74.8166	-74.7805	-74.7443	-74.708	-74.672	-74.6363	-74.6014	-74.5678	-74.536	-74.507	-74.4818	-74.462	-74.4493	-74.4461	-74.4549	-74.4783	-74.5183	-74.577
4.44	-75.2186	-75.2899	-75.363	-75.4201	-75.4587	-75.4811	-75.4903	-75.4895	-75.4809	-75.4666	-75.4479	-75.426	-75.4017	-75.3756	-75.348	-75.3194	-75.2899	-75.2597	-75.2289	-75.1975	-75.1656	-75.1333	-75.1006	-75.0674	-75.0338	-74.9998	-74.9654	-74.9306	-74.8955	-74.86	-74.8242	-74.7882	-74.7521	-74.7159	-74.68	-74.6444	-74.6096	-74.5761	-74.5445	-74.5155	-74.4905	-74.4707	-74.4581	-74.4549	-74.4638	-74.4871	-74.5271	-74.5857
4.445	-75.2245	-75.2957	-75.3688	-75.4258	-75.4644	-75.4868	-75.4962	-75.4953	-75.4868	-75.4725	-75.4539	-75.4321	-75.4078	-75.3818	-75.3543	-75.3258	-75.2963	-75.2662	-75.2354	-75.2041	-75.1723	-75.1401	-75.1074	-75.0743	-75.0408	-75.0069	-74.9726	-74.9379	-74.9029	-74.8675	-74.8318	-74.7959	-74.7599	-74.7238	-74.6879	-74.6525	-74.6178	-74.5844	-74.5529	-74.5241	-74.4991	-74.4794	-74.4669	-74.4638	-74.4726	-74.496	-74.5359	-74.5944
4.45	-75.2304	-75.3016	-75.3746	-75.4316	-75.4702	-75.4926	-75.5019	-75.5012	-75.4927	-75.4784	-75.4599	-75.4381	-75.4139	-75.3879	-75.3605	-75.3321	-75.3027	-75.2726	-75.242	-75.2107	-75.179	-75.1469	-75.1143	-75.0812	-75.0478	-75.014	-74.9798	-74.9452	-74.9102	-74.8749	-74.8394	-74.8036	-74.7676	-74.7317	-74.6959	-74.6606	-74.626	-74.5927	-74.5613	-74.5325	-74.5077	-74.4881	-74.4756	-74.4726	-74.4815	-74.5048	-74.5447	-74.6031
4.455	-75.2363	-75.3074	-75.3804	-75.4374	-75.4759	-75.4984	-75.5077	-75.507	-75.4986	-75.4844	-75.4659	-75.4442	-75.42	-75.3941	-75.3668	-75.3384	-75.3091	-75.2791	-75.2485	-75.2173	-75.1857	-75.1536	-75.1211	-75.0882	-75.0548	-75.0211	-74.9869	-74.9524	-74.9176	-74.8824	-74.8469	-74.8112	-74.7753	-74.7395	-74.7038	-74.6686	-74.6342	-74.601	-74.5696	-74.541	-74.5162	-74.4967	-74.4843	-74.4813	-74.4902	-74.5136	-74.5534	-74.6118
4.46	-75.2422	-75.3132	-75.3862	-75.4431	-75.4817	-75.5041	-75.5135	-75.5128	-75.5044	-75.4903	-75.4718	-75.4502	-75.4261	-75.4003	-75.373	-75.3447	-75.3154	-75.2855	-75.255	-75.2239	-75.1924	-75.1603	-75.1279	-75.095	-75.0618	-75.0281	-74.9941	-74.9597	-74.9249	-74.8898	-74.8544	-74.8188	-74.7831	-74.7473	-74.7118	-74.6766	-74.6423	-74.6092	-74.578	-74.5495	-74.5248	-74.5053	-74.493	-74.4901	-74.499	-74.5223	-74.5621	-74.6204
4.465	-75.248	-75.319	-75.3919	-75.4488	-75.4874	-75.5098	-75.5192	-75.5186	-75.5102	-75.4962	-75.4778	-75.4562	-75.4322	-75.4064	-75.3792	-75.3509	-75.3218	-75.2919	-75.2615	-75.2305	-75.199	-75.1671	-75.1347	-75.1019	-75.0687	-75.0352	-75.0012	-74.9669	-74.9322	-74.8972	-74.8619	-74.8264	-74.7907	-74.7551	-74.7197	-74.6846	-74.6504	-74.6174	-74.5863	-74.5579	-74.5333	-74.5139	-74.5017	-74.4988	-74.5078	-74.5311	-74.5708	-74.629
4.47	-75.2539	-75.3248	-75.3977	-75.4545	-75.4931	-75.5155	-75.525	-75.5244	-75.5161	-75.502	-75.4837	-75.4622	-75.4383	-75.4125	-75.3854	-75.3572	-75.3281	-75.2983	-75.2679	-75.237	-75.2056	-75.1738	-75.1415	-75.1088	-75.0757	-75.0422	-75.0083	-74.9741	-74.9395	-74.9046	-74.8694	-74.834	-74.7984	-74.7629	-74.7275	-74.6926	-74.6585	-74.6256	-74.5946	-74.5663	-74.5418	-74.5225	-74.5103	-74.5075	-74.5165	-74.5398	-74.5795	-74.6376
4.475	-75.2597	-75.3306	-75.4034	-75.4602	-75.4988	-75.5212	-75.5307	-75.5301	-75.5219	-75.5079	-75.4896	-75.4682	-75.4443	-75.4186	-75.3916	-75.3634	-75.3344	-75.3047	-75.2744	-75.2435	-75.2122	-75.1804	-75.1482	-75.1156	-75.0826	-75.0492	-75.0154	-74.9813	-74.9468	-74.9119	-74.8768	-74.8415	-74.8061	-74.7706	-74.7354	-74.7006	-74.6665	-74.6338	-74.6028	-74.5746	-74.5502	-74.5311	-74.519	-74.5162	-74.5252	-74.5484	-74.5881	-74.6461
4.48	-75.2655	-75.3364	-75.4091	-75.4659	-75.5045	-75.5269	-75.5364	-75.5359	-75.5277	-75.5138	-75.4956	-75.4741	-75.4503	-75.4247	-75.3977	-75.3697	-75.3407	-75.3111	-75.2808	-75.2501	-75.2188	-75.1871	-75.155	-75.1224	-75.0895	-75.0562	-75.0225	-74.9884	-74.954	-74.9193	-74.8843	-74.849	-74.8137	-74.7784	-74.7432	-74.7085	-74.6746	-74.6419	-74.6111	-74.583	-74.5587	-74.5396	-74.5275	-74.5248	-74.5338	-74.5571	-74.5967	-74.6546
4.485	-75.2714	-75.3421	-75.4148	-75.4716	-75.5101	-75.5326	-75.5422	-75.5416	-75.5335	-75.5196	-75.5014	-75.4801	-75.4564	-75.4308	-75.4039	-75.3759	-75.347	-75.3174	-75.2873	-75.2565	-75.2254	-75.1937	-75.1617	-75.1292	-75.0964	-75.0631	-75.0295	-74.9956	-74.9612	-74.9266	-74.8917	-74.8565	-74.8213	-74.7861	-74.751	-74.7164	-74.6826	-74.65	-74.6193	-74.5913	-74.5671	-74.5481	-74.5361	-74.5334	-74.5424	-74.5657	-74.6052	-74.6631
4.49	-75.2772	-75.3479	-75.4205	-75.4773	-75.5158	-75.5383	-75.5478	-75.5474	-75.5393	-75.5254	-75.5073	-75.486	-75.4624	-75.4369	-75.41	-75.3821	-75.3533	-75.3238	-75.2937	-75.263	-75.2319	-75.2004	-75.1684	-75.136	-75.1033	-75.0701	-75.0366	-75.0027	-74.9684	-74.9339	-74.8991	-74.864	-74.8289	-74.7937	-74.7588	-74.7243	-74.6906	-74.6581	-74.6275	-74.5996	-74.5754	-74.5565	-74.5446	-74.542	-74.551	-74.5743	-74.6138	-74.6715
4.495	-75.283	-75.3536	-75.4262	-75.4829	-75.5214	-75.544	-75.5535	-75.5531	-75.545	-75.5312	-75.5132	-75.492	-75.4684	-75.4429	-75.4161	-75.3883	-75.3595	-75.3301	-75.3001	-75.2695	-75.2385	-75.207	-75.1751	-75.1428	-75.1101	-75.077	-75.0436	-75.0098	-74.9756	-74.9412	-74.9064	-74.8715	-74.8365	-74.8014	-74.7666	-74.7322	-74.6985	-74.6662	-74.6357	-74.6078	-74.5838	-74.565	-74.5531	-74.5505	-74.5596	-74.5829	-74.6223	-74.68
4.5	-75.2887	-75.3594	-75.4319	-75.4886	-75.5271	-75.5496	-75.5592	-75.5588	-75.5508	-75.5371	-75.5191	-75.4979	-75.4743	-75.449	-75.4222	-75.3944	-75.3658	-75.3364	-75.3064	-75.2759	-75.245	-75.2136	-75.1818	-75.1496	-75.1169	-75.084	-75.0506	-75.0169	-74.9828	-74.9484	-74.9138	-74.879	-74.844	-74.8091	-74.7743	-74.74	-74.7065	-74.6742	-74.6438	-74.6161	-74.5921	-74.5734	-74.5616	-74.5591	-74.5682	-74.5914	-74.6308	-74.6884
4.505	-75.2945	-75.3651	-75.4375	-75.4942	-75.5327	-75.5552	-75.5649	-75.5645	-75.5565	-75.5429	-75.5249	-75.5038	-75.4803	-75.455	-75.4283	-75.4006	-75.372	-75.3427	-75.3128	-75.2824	-75.2515	-75.2202	-75.1884	-75.1563	-75.1238	-75.0909	-75.0576	-75.0239	-74.99	-74.9557	-74.9211	-74.8864	-74.8515	-74.8167	-74.782	-74.7478	-74.7144	-74.6822	-74.6519	-74.6243	-74.6005	-74.5818	-74.5701	-74.5676	-74.5767	-74.5999	-74.6393	-74.6967
4.51	-75.3003	-75.3708	-75.4432	-75.4998	-75.5383	-75.5609	-75.5705	-75.5702	-75.5623	-75.5486	-75.5308	-75.5097	-75.4863	-75.461	-75.4344	-75.4067	-75.3782	-75.349	-75.3192	-75.2888	-75.258	-75.2267	-75.1951	-75.163	-75.1306	-75.0977	-75.0645	-75.031	-74.9971	-74.9629	-74.9285	-74.8938	-74.859	-74.8243	-74.7897	-74.7556	-74.7223	-74.6902	-74.66	-74.6325	-74.6087	-74.5901	-74.5785	-74.576	-74.5852	-74.6084	-74.6477	-74.7051
4.515	-75.306	-75.3765	-75.4488	-75.5054	-75.5439	-75.5665	-75.5761	-75.5759	-75.568	-75.5544	-75.5366	-75.5156	-75.4922	-75.467	-75.4405	-75.4129	-75.3844	-75.3552	-75.3255	-75.2952	-75.2645	-75.2333	-75.2017	-75.1697	-75.1374	-75.1046	-75.0715	-75.038	-75.0042	-74.9701	-74.9358	-74.9012	-74.8665	-74.8319	-74.7974	-74.7634	-74.7302	-74.6982	-74.6681	-74.6407	-74.617	-74.5985	-74.5869	-74.5845	-74.5937	-74.6168	-74.6561	-74.7134
4.52	-75.3118	-75.3822	-75.4545	-75.511	-75.5495	-75.5721	-75.5818	-75.5815	-75.5737	-75.5602	-75.5424	-75.5214	-75.4981	-75.473	-75.4465	-75.419	-75.3906	-75.3615	-75.3318	-75.3016	-75.2709	-75.2398	-75.2083	-75.1764	-75.1441	-75.1115	-75.0784	-75.045	-75.0113	-74.9773	-74.943	-74.9086	-74.874	-74.8394	-74.8051	-74.7712	-74.738	-74.7062	-74.6762	-74.6488	-74.6252	-74.6068	-74.5953	-74.5929	-74.6021	-74.6253	-74.6645	-74.7217
4.525	-75.3175	-75.3878	-75.4601	-75.5166	-75.5551	-75.5777	-75.5874	-75.5872	-75.5794	-75.5659	-75.5482	-75.5273	-75.504	-75.479	-75.4526	-75.4251	-75.3968	-75.3677	-75.3381	-75.308	-75.2774	-75.2464	-75.2149	-75.1831	-75.1509	-75.1183	-75.0853	-75.052	-75.0184	-74.9845	-74.9503	-74.9159	-74.8814	-74.847	-74.8127	-74.7789	-74.7459	-74.7141	-74.6842	-74.6569	-74.6334	-74.6151	-74.6037	-74.6013	-74.6105	-74.6337	-74.6728	-74.73
4.53	-75.3232	-75.3935	-75.4657	-75.5222	-75.5607	-75.5832	-75.593	-75.5928	-75.5851	-75.5716	-75.554	-75.5331	-75.5099	-75.485	-75.4586	-75.4312	-75.4029	-75.374	-75.3444	-75.3144	-75.2838	-75.2529	-75.2215	-75.1898	-75.1576	-75.1251	-75.0922	-75.059	-75.0255	-74.9916	-74.9575	-74.9232	-74.8889	-74.8545	-74.8203	-74.7866	-74.7537	-74.722	-74.6922	-74.665	-74.6416	-74.6234	-74.612	-74.6097	-74.6189	-74.6421	-74.6812	-74.7382
4.535	-75.3289	-75.3992	-75.4713	-75.5278	-75.5662	-75.5888	-75.5986	-75.5984	-75.5907	-75.5774	-75.5597	-75.539	-75.5158	-75.4909	-75.4646	-75.4373	-75.4091	-75.3802	-75.3507	-75.3207	-75.2902	-75.2594	-75.2281	-75.1964	-75.1643	-75.1319	-75.0991	-75.066	-75.0325	-74.9988	-74.9648	-74.9306	-74.8963	-74.862	-74.8279	-74.7943	-74.7615	-74.7299	-74.7002	-74.6731	-74.6498	-74.6316	-74.6203	-74.618	-74.6273	-74.6504	-74.6895	-74.7465
4.54	-75.3346	-75.4048	-75.4769	-75.5333	-75.5718	-75.5944	-75.6042	-75.604	-75.5964	-75.5831	-75.5655	-75.5448	-75.5217	-75.4968	-75.4706	-75.4433	-75.4152	-75.3864	-75.357	-75.327	-75.2967	-75.2658	-75.2346	-75.203	-75.171	-75.1387	-75.106	-75.0729	-75.0396	-75.0059	-74.972	-74.9379	-74.9036	-74.8695	-74.8355	-74.802	-74.7693	-74.7378	-74.7081	-74.6812	-74.6579	-74.6398	-74.6286	-74.6264	-74.6356	-74.6587	-74.6977	-74.7546
4.545	-75.3403	-75.4104	-75.4825	-75.5389	-75.5773	-75.5999	-75.6097	-75.6096	-75.602	-75.5888	-75.5713	-75.5506	-75.5276	-75.5028	-75.4766	-75.4494	-75.4213	-75.3925	-75.3632	-75.3334	-75.303	-75.2723	-75.2412	-75.2096	-75.1777	-75.1455	-75.1128	-75.0799	-75.0466	-75.013	-74.9791	-74.9451	-74.911	-74.8769	-74.843	-74.8096	-74.777	-74.7456	-74.7161	-74.6892	-74.6661	-74.648	-74.6368	-74.6347	-74.6439	-74.667	-74.706	-74.7628
4.55	-75.346	-75.416	-75.488	-75.5444	-75.5828	-75.6054	-75.6153	-75.6152	-75.6077	-75.5944	-75.577	-75.5564	-75.5334	-75.5087	-75.4826	-75.4554	-75.4274	-75.3987	-75.3694	-75.3397	-75.3094	-75.2787	-75.2477	-75.2162	-75.1844	-75.1522	-75.1197	-75.0868	-75.0536	-75.0201	-74.9863	-74.9524	-74.9184	-74.8844	-74.8506	-74.8173	-74.7847	-74.7534	-74.724	-74.6972	-74.6741	-74.6562	-74.6451	-74.6429	-74.6522	-74.6753	-74.7142	-74.771
4.555	-75.3517	-75.4217	-75.4936	-75.5499	-75.5883	-75.611	-75.6208	-75.6208	-75.6133	-75.6001	-75.5827	-75.5622	-75.5393	-75.5146	-75.4885	-75.4614	-75.4335	-75.4049	-75.3757	-75.3459	-75.3158	-75.2852	-75.2542	-75.2228	-75.1911	-75.1589	-75.1265	-75.0937	-75.0605	-75.0271	-74.9935	-74.9596	-74.9257	-74.8918	-74.8581	-74.8249	-74.7924	-74.7612	-74.7319	-74.7052	-74.6822	-74.6643	-74.6533	-74.6512	-74.6605	-74.6836	-74.7224	-74.7791
4.56	-75.3573	-75.4272	-75.4991	-75.5554	-75.5938	-75.6165	-75.6264	-75.6264	-75.6189	-75.6058	-75.5884	-75.5679	-75.5451	-75.5205	-75.4945	-75.4674	-75.4396	-75.411	-75.3819	-75.3522	-75.3221	-75.2916	-75.2607	-75.2294	-75.1977	-75.1657	-75.1333	-75.1005	-75.0675	-75.0342	-75.0006	-74.9669	-74.933	-74.8992	-74.8656	-74.8325	-74.8001	-74.769	-74.7398	-74.7132	-74.6903	-74.6724	-74.6615	-74.6594	-74.6687	-74.6918	-74.7306	-74.7872
4.565	-75.363	-75.4328	-75.5047	-75.5609	-75.5993	-75.622	-75.6319	-75.632	-75.6245	-75.6114	-75.5941	-75.5737	-75.5509	-75.5263	-75.5004	-75.4734	-75.4456	-75.4171	-75.3881	-75.3585	-75.3285	-75.298	-75.2672	-75.2359	-75.2043	-75.1724	-75.14	-75.1074	-75.0744	-75.0412	-75.0077	-74.974	-74.9403	-74.9066	-74.8731	-74.84	-74.8078	-74.7768	-74.7476	-74.7211	-74.6983	-74.6805	-74.6696	-74.6676	-74.677	-74.7	-74.7388	-74.7952
4.57	-75.3686	-75.4384	-75.5102	-75.5664	-75.6048	-75.6275	-75.6374	-75.6375	-75.6301	-75.6171	-75.5998	-75.5794	-75.5567	-75.5322	-75.5063	-75.4794	-75.4517	-75.4232	-75.3942	-75.3647	-75.3348	-75.3044	-75.2736	-75.2425	-75.2109	-75.179	-75.1468	-75.1143	-75.0814	-75.0482	-75.0148	-74.9812	-74.9476	-74.9139	-74.8805	-74.8476	-74.8154	-74.7845	-74.7555	-74.729	-74.7063	-74.6886	-74.6777	-74.6758	-74.6852	-74.7082	-74.7469	-74.8033
4.575	-75.3742	-75.444	-75.5157	-75.5719	-75.6103	-75.6329	-75.6429	-75.643	-75.6357	-75.6227	-75.6055	-75.5852	-75.5625	-75.538	-75.5122	-75.4854	-75.4577	-75.4294	-75.4004	-75.371	-75.3411	-75.3108	-75.2801	-75.249	-75.2175	-75.1857	-75.1536	-75.1211	-75.0883	-75.0552	-75.0219	-74.9884	-74.9548	-74.9213	-74.888	-74.8551	-74.8231	-74.7922	-74.7633	-74.7369	-74.7143	-74.6967	-74.6859	-74.6839	-74.6933	-74.7163	-74.755	-74.8113
4.58	-75.3799	-75.4495	-75.5212	-75.5774	-75.6157	-75.6384	-75.6484	-75.6486	-75.6412	-75.6283	-75.6112	-75.5909	-75.5683	-75.5439	-75.5181	-75.4914	-75.4637	-75.4354	-75.4066	-75.3772	-75.3474	-75.3171	-75.2865	-75.2555	-75.2241	-75.1924	-75.1603	-75.1279	-75.0952	-75.0622	-75.0289	-74.9955	-74.9621	-74.9286	-74.8954	-74.8626	-74.8307	-74.7999	-74.771	-74.7448	-74.7222	-74.7047	-74.6939	-74.6921	-74.7015	-74.7245	-74.7631	-74.8193
4.585	-75.3855	-75.4551	-75.5267	-75.5828	-75.6212	-75.6439	-75.6539	-75.6541	-75.6468	-75.6339	-75.6168	-75.5966	-75.574	-75.5497	-75.524	-75.4973	-75.4697	-75.4415	-75.4127	-75.3834	-75.3536	-75.3235	-75.2929	-75.262	-75.2307	-75.199	-75.167	-75.1347	-75.102	-75.0691	-75.036	-75.0027	-74.9693	-74.9359	-74.9028	-74.8701	-74.8382	-74.8076	-74.7788	-74.7526	-74.7302	-74.7127	-74.702	-74.7002	-74.7096	-74.7326	-74.7711	-74.8273
4.59	-75.3911	-75.4606	-75.5322	-75.5883	-75.6266	-75.6493	-75.6594	-75.6596	-75.6523	-75.6395	-75.6225	-75.6023	-75.5798	-75.5555	-75.5299	-75.5032	-75.4757	-75.4476	-75.4188	-75.3896	-75.3599	-75.3298	-75.2993	-75.2684	-75.2372	-75.2056	-75.1737	-75.1415	-75.1089	-75.0761	-75.043	-75.0098	-74.9765	-74.9432	-74.9102	-74.8776	-74.8458	-74.8153	-74.7866	-74.7605	-74.7381	-74.7207	-74.7101	-74.7083	-74.7177	-74.7406	-74.7792	-74.8352
4.595	-75.3966	-75.4661	-75.5376	-75.5937	-75.6321	-75.6548	-75.6648	-75.6651	-75.6579	-75.6451	-75.6281	-75.608	-75.5855	-75.5613	-75.5358	-75.5092	-75.4817	-75.4536	-75.4249	-75.3958	-75.3661	-75.3361	-75.3057	-75.2749	-75.2437	-75.2122	-75.1804	-75.1482	-75.1157	-75.083	-75.05	-75.0169	-74.9836	-74.9505	-74.9175	-74.885	-74.8533	-74.8229	-74.7943	-74.7683	-74.746	-74.7287	-74.7181	-74.7163	-74.7257	-74.7487	-74.7872	-74.8431
4.6	-75.4022	-75.4716	-75.5431	-75.5991	-75.6375	-75.6602	-75.6703	-75.6705	-75.6634	-75.6506	-75.6337	-75.6136	-75.5912	-75.5671	-75.5416	-75.5151	-75.4877	-75.4596	-75.431	-75.4019	-75.3724	-75.3424	-75.312	-75.2813	-75.2503	-75.2188	-75.187	-75.155	-75.1226	-75.0899	-75.057	-75.0239	-74.9908	-74.9577	-74.9249	-74.8925	-74.8609	-74.8305	-74.802	-74.7761	-74.7538	-74.7366	-74.7261	-74.7243	-74.7338	-74.7567	-74.7952	-74.851
4.605	-75.4078	-75.4772	-75.5486	-75.6046	-75.6429	-75.6656	-75.6757	-75.676	-75.6689	-75.6562	-75.6393	-75.6193	-75.597	-75.5729	-75.5474	-75.521	-75.4936	-75.4657	-75.4371	-75.4081	-75.3786	-75.3487	-75.3184	-75.2878	-75.2568	-75.2254	-75.1937	-75.1617	-75.1294	-75.0968	-75.064	-75.031	-74.9979	-74.9649	-74.9322	-74.8999	-74.8684	-74.8381	-74.8097	-74.7838	-74.7617	-74.7445	-74.734	-74.7324	-74.7418	-74.7647	-74.8031	-74.8589
4.61	-75.4133	-75.4827	-75.554	-75.61	-75.6483	-75.671	-75.6811	-75.6815	-75.6744	-75.6617	-75.6449	-75.625	-75.6027	-75.5786	-75.5533	-75.5268	-75.4996	-75.4717	-75.4432	-75.4142	-75.3848	-75.355	-75.3248	-75.2942	-75.2632	-75.2319	-75.2003	-75.1684	-75.1362	-75.1037	-75.0709	-75.038	-75.0051	-74.9722	-74.9395	-74.9072	-74.8758	-74.8457	-74.8173	-74.7916	-74.7695	-74.7524	-74.742	-74.7403	-74.7498	-74.7727	-74.811	-74.8668
4.615	-75.4189	-75.4881	-75.5594	-75.6154	-75.6537	-75.6764	-75.6865	-75.6869	-75.6799	-75.6673	-75.6505	-75.6306	-75.6084	-75.5844	-75.5591	-75.5327	-75.5055	-75.4777	-75.4492	-75.4203	-75.391	-75.3612	-75.3311	-75.3006	-75.2697	-75.2385	-75.207	-75.1751	-75.1429	-75.1105	-75.0779	-75.0451	-75.0122	-74.9793	-74.9468	-74.9146	-74.8833	-74.8532	-74.825	-74.7993	-74.7773	-74.7603	-74.7499	-74.7483	-74.7578	-74.7807	-74.819	-74.8746
4.62	-75.4244	-75.4936	-75.5648	-75.6208	-75.659	-75.6818	-75.6919	-75.6924	-75.6854	-75.6728	-75.6561	-75.6362	-75.614	-75.5901	-75.5649	-75.5386	-75.5114	-75.4836	-75.4553	-75.4264	-75.3972	-75.3675	-75.3374	-75.3069	-75.2762	-75.245	-75.2136	-75.1818	-75.1497	-75.1174	-75.0848	-75.0521	-75.0193	-74.9865	-74.954	-74.922	-74.8907	-74.8607	-74.8326	-74.807	-74.7851	-74.7681	-74.7578	-74.7562	-74.7657	-74.7886	-74.8268	-74.8824
4.625	-75.4299	-75.4991	-75.5702	-75.6261	-75.6644	-75.6871	-75.6973	-75.6978	-75.6908	-75.6783	-75.6616	-75.6418	-75.6197	-75.5958	-75.5706	-75.5444	-75.5173	-75.4896	-75.4613	-75.4325	-75.4033	-75.3737	-75.3437	-75.3133	-75.2826	-75.2515	-75.2201	-75.1884	-75.1564	-75.1242	-75.0917	-75.0591	-75.0263	-74.9937	-74.9613	-74.9293	-74.8982	-74.8682	-74.8402	-74.8147	-74.7928	-74.7759	-74.7657	-74.7642	-74.7737	-74.7965	-74.8347	-74.8902
4.63	-75.4354	-75.5045	-75.5756	-75.6315	-75.6698	-75.6925	-75.7027	-75.7032	-75.6963	-75.6838	-75.6672	-75.6474	-75.6254	-75.6016	-75.5764	-75.5502	-75.5232	-75.4956	-75.4673	-75.4386	-75.4095	-75.3799	-75.35	-75.3197	-75.289	-75.258	-75.2267	-75.1951	-75.1632	-75.131	-75.0986	-75.066	-75.0334	-75.0008	-74.9685	-74.9366	-74.9056	-74.8757	-74.8477	-74.8223	-74.8006	-74.7837	-74.7736	-74.7721	-74.7816	-74.8044	-74.8426	-74.898
4.635	-75.4409	-75.51	-75.581	-75.6368	-75.6751	-75.6979	-75.7081	-75.7086	-75.7017	-75.6893	-75.6727	-75.653	-75.631	-75.6073	-75.5822	-75.5561	-75.5291	-75.5015	-75.4733	-75.4447	-75.4156	-75.3861	-75.3562	-75.326	-75.2954	-75.2645	-75.2333	-75.2017	-75.1699	-75.1378	-75.1054	-75.073	-75.0404	-75.0079	-74.9757	-74.9439	-74.9129	-74.8832	-74.8553	-74.83	-74.8083	-74.7915	-74.7814	-74.7799	-74.7895	-74.8123	-74.8504	-74.9057
4.64	-75.4464	-75.5154	-75.5864	-75.6422	-75.6804	-75.7032	-75.7134	-75.714	-75.7072	-75.6948	-75.6782	-75.6586	-75.6366	-75.6129	-75.5879	-75.5619	-75.535	-75.5074	-75.4793	-75.4507	-75.4217	-75.3923	-75.3625	-75.3323	-75.3018	-75.271	-75.2398	-75.2083	-75.1766	-75.1445	-75.1123	-75.0799	-75.0474	-75.015	-74.9829	-74.9512	-74.9203	-74.8907	-74.8628	-74.8376	-74.816	-74.7993	-74.7892	-74.7878	-74.7973	-74.8201	-74.8582	-74.9134
4.645	-75.4519	-75.5208	-75.5918	-75.6475	-75.6858	-75.7085	-75.7188	-75.7194	-75.7126	-75.7002	-75.6837	-75.6642	-75.6423	-75.6186	-75.5937	-75.5676	-75.5408	-75.5134	-75.4853	-75.4568	-75.4278	-75.3985	-75.3687	-75.3386	-75.3082	-75.2774	-75.2463	-75.2149	-75.1832	-75.1513	-75.1191	-75.0868	-75.0544	-75.0221	-74.99	-74.9584	-74.9276	-74.8981	-74.8703	-74.8452	-74.8236	-74.807	-74.797	-74.7956	-74.8052	-74.828	-74.8659	-74.9211
4.65	-75.4574	-75.5262	-75.5971	-75.6528	-75.6911	-75.7138	-75.7241	-75.7248	-75.718	-75.7057	-75.6892	-75.6697	-75.6479	-75.6243	-75.5994	-75.5734	-75.5467	-75.5192	-75.4913	-75.4628	-75.4339	-75.4046	-75.375	-75.3449	-75.3146	-75.2839	-75.2528	-75.2215	-75.1899	-75.158	-75.1259	-75.0937	-75.0614	-75.0292	-74.9972	-74.9657	-74.935	-74.9055	-74.8778	-74.8528	-74.8313	-74.8147	-74.8048	-74.8034	-74.813	-74.8358	-74.8737	-74.9288
4.655	-75.4628	-75.5316	-75.6025	-75.6582	-75.6964	-75.7192	-75.7295	-75.7301	-75.7234	-75.7111	-75.6947	-75.6753	-75.6535	-75.6299	-75.6051	-75.5792	-75.5525	-75.5251	-75.4972	-75.4688	-75.44	-75.4108	-75.3812	-75.3512	-75.3209	-75.2903	-75.2593	-75.2281	-75.1965	-75.1648	-75.1328	-75.1006	-75.0684	-75.0362	-75.0043	-74.9729	-74.9423	-74.9129	-74.8853	-74.8603	-74.8389	-74.8224	-74.8125	-74.8112	-74.8208	-74.8436	-74.8814	-74.9364
4.66	-75.4683	-75.537	-75.6078	-75.6635	-75.7017	-75.7244	-75.7348	-75.7355	-75.7288	-75.7166	-75.7002	-75.6808	-75.6591	-75.6356	-75.6108	-75.585	-75.5583	-75.531	-75.5032	-75.4748	-75.4461	-75.4169	-75.3874	-75.3575	-75.3273	-75.2967	-75.2658	-75.2346	-75.2032	-75.1715	-75.1395	-75.1075	-75.0753	-75.0433	-75.0114	-74.9801	-74.9496	-74.9203	-74.8928	-74.8679	-74.8465	-74.8301	-74.8202	-74.819	-74.8286	-74.8513	-74.8891	-74.9441
4.665	-75.4737	-75.5424	-75.6132	-75.6688	-75.7069	-75.7297	-75.7401	-75.7408	-75.7342	-75.722	-75.7057	-75.6863	-75.6646	-75.6412	-75.6165	-75.5907	-75.5641	-75.5369	-75.5091	-75.4808	-75.4521	-75.423	-75.3936	-75.3637	-75.3336	-75.3031	-75.2723	-75.2412	-75.2098	-75.1782	-75.1463	-75.1143	-75.0823	-75.0503	-75.0185	-74.9873	-74.9568	-74.9276	-74.9002	-74.8754	-74.8541	-74.8378	-74.8279	-74.8267	-74.8363	-74.859	-74.8968	-74.9517
4.67	-75.4792	-75.5478	-75.6185	-75.674	-75.7122	-75.735	-75.7454	-75.7461	-75.7395	-75.7274	-75.7112	-75.6918	-75.6702	-75.6468	-75.6221	-75.5964	-75.5699	-75.5427	-75.515	-75.4868	-75.4582	-75.4291	-75.3997	-75.37	-75.3399	-75.3095	-75.2787	-75.2477	-75.2164	-75.1848	-75.1531	-75.1211	-75.0892	-75.0573	-75.0256	-74.9944	-74.9641	-74.9349	-74.9076	-74.8829	-74.8617	-74.8454	-74.8356	-74.8344	-74.844	-74.8668	-74.9045	-74.9592
4.675	-75.4846	-75.5531	-75.6238	-75.6793	-75.7175	-75.7403	-75.7507	-75.7514	-75.7449	-75.7328	-75.7166	-75.6973	-75.6758	-75.6524	-75.6278	-75.6022	-75.5757	-75.5486	-75.5209	-75.4928	-75.4642	-75.4352	-75.4059	-75.3762	-75.3462	-75.3158	-75.2852	-75.2542	-75.223	-75.1915	-75.1598	-75.128	-75.0961	-75.0643	-75.0327	-75.0016	-74.9713	-74.9423	-74.915	-74.8903	-74.8692	-74.853	-74.8433	-74.8421	-74.8518	-74.8744	-74.9121	-74.9668
4.68	-75.49	-75.5585	-75.6291	-75.6846	-75.7227	-75.7455	-75.756	-75.7568	-75.7502	-75.7382	-75.722	-75.7028	-75.6813	-75.658	-75.6335	-75.6079	-75.5815	-75.5544	-75.5268	-75.4987	-75.4702	-75.4413	-75.412	-75.3824	-75.3525	-75.3222	-75.2916	-75.2607	-75.2295	-75.1981	-75.1665	-75.1348	-75.1029	-75.0712	-75.0397	-75.0087	-74.9785	-74.9495	-74.9224	-74.8978	-74.8768	-74.8606	-74.8509	-74.8498	-74.8594	-74.8821	-74.9197	-74.9743
4.685	-75.4954	-75.5638	-75.6344	-75.6898	-75.728	-75.7508	-75.7612	-75.7621	-75.7556	-75.7436	-75.7275	-75.7083	-75.6868	-75.6636	-75.6391	-75.6136	-75.5872	-75.5602	-75.5327	-75.5046	-75.4762	-75.4473	-75.4182	-75.3886	-75.3587	-75.3285	-75.298	-75.2672	-75.2361	-75.2048	-75.1732	-75.1415	-75.1098	-75.0782	-75.0467	-75.0158	-74.9857	-74.9568	-74.9297	-74.9052	-74.8843	-74.8682	-74.8586	-74.8575	-74.8671	-74.8898	-74.9273	-74.9819
4.69	-75.5008	-75.5692	-75.6396	-75.6951	-75.7332	-75.756	-75.7665	-75.7673	-75.7609	-75.7489	-75.7329	-75.7138	-75.6923	-75.6692	-75.6447	-75.6192	-75.593	-75.566	-75.5385	-75.5106	-75.4822	-75.4534	-75.4243	-75.3948	-75.365	-75.3348	-75.3044	-75.2736	-75.2426	-75.2114	-75.1799	-75.1483	-75.1167	-75.0851	-75.0538	-75.0229	-74.9929	-74.9641	-74.9371	-74.9126	-74.8918	-74.8757	-74.8662	-74.8651	-74.8747	-74.8974	-74.9349	-74.9893
4.695	-75.5062	-75.5745	-75.6449	-75.7003	-75.7384	-75.7613	-75.7717	-75.7726	-75.7662	-75.7543	-75.7383	-75.7192	-75.6978	-75.6748	-75.6503	-75.6249	-75.5987	-75.5718	-75.5444	-75.5165	-75.4882	-75.4594	-75.4304	-75.401	-75.3712	-75.3411	-75.3108	-75.2801	-75.2491	-75.218	-75.1866	-75.1551	-75.1235	-75.092	-75.0607	-75.03	-75	-74.9713	-74.9444	-74.92	-74.8992	-74.8832	-74.8737	-74.8727	-74.8824	-74.905	-74.9425	-74.9968
4.7	-75.5116	-75.5798	-75.6502	-75.7055	-75.7436	-75.7665	-75.777	-75.7779	-75.7715	-75.7596	-75.7437	-75.7247	-75.7033	-75.6803	-75.6559	-75.6306	-75.6044	-75.5776	-75.5502	-75.5224	-75.4941	-75.4655	-75.4365	-75.4071	-75.3774	-75.3474	-75.3171	-75.2865	-75.2556	-75.2245	-75.1932	-75.1618	-75.1303	-75.0989	-75.0677	-75.037	-75.0072	-74.9785	-74.9517	-74.9274	-74.9067	-74.8908	-74.8813	-74.8803	-74.89	-74.9126	-74.95	-75.0043
4.705	-75.5169	-75.5851	-75.6554	-75.7108	-75.7488	-75.7717	-75.7822	-75.7831	-75.7768	-75.765	-75.7491	-75.7301	-75.7088	-75.6858	-75.6615	-75.6362	-75.6101	-75.5833	-75.556	-75.5283	-75.5001	-75.4715	-75.4425	-75.4132	-75.3836	-75.3537	-75.3235	-75.2929	-75.2621	-75.2311	-75.1999	-75.1685	-75.1371	-75.1058	-75.0747	-75.0441	-75.0143	-74.9857	-74.959	-74.9348	-74.9141	-74.8982	-74.8888	-74.8879	-74.8975	-74.9201	-74.9575	-75.0117
4.71	-75.5223	-75.5904	-75.6607	-75.716	-75.754	-75.7769	-75.7874	-75.7884	-75.7821	-75.7703	-75.7544	-75.7355	-75.7143	-75.6914	-75.6671	-75.6419	-75.6158	-75.5891	-75.5618	-75.5341	-75.506	-75.4775	-75.4486	-75.4194	-75.3898	-75.36	-75.3298	-75.2993	-75.2686	-75.2376	-75.2065	-75.1752	-75.1439	-75.1126	-75.0816	-75.0511	-75.0214	-74.9929	-74.9662	-74.9421	-74.9215	-74.9057	-74.8964	-74.8954	-74.9051	-74.9277	-74.965	-75.0191
4.715	-75.5276	-75.5957	-75.6659	-75.7212	-75.7592	-75.7821	-75.7926	-75.7936	-75.7874	-75.7756	-75.7598	-75.7409	-75.7198	-75.6969	-75.6727	-75.6475	-75.6215	-75.5948	-75.5676	-75.54	-75.5119	-75.4835	-75.4546	-75.4255	-75.396	-75.3662	-75.3361	-75.3057	-75.2751	-75.2442	-75.2131	-75.1819	-75.1506	-75.1195	-75.0885	-75.0581	-75.0285	-75.0001	-74.9735	-74.9494	-74.9289	-74.9132	-74.9038	-74.9029	-74.9126	-74.9352	-74.9725	-75.0265
4.72	-75.533	-75.601	-75.6711	-75.7263	-75.7644	-75.7873	-75.7978	-75.7989	-75.7926	-75.7809	-75.7651	-75.7463	-75.7252	-75.7024	-75.6782	-75.6531	-75.6272	-75.6006	-75.5734	-75.5458	-75.5178	-75.4894	-75.4607	-75.4316	-75.4022	-75.3724	-75.3424	-75.3121	-75.2815	-75.2507	-75.2197	-75.1885	-75.1574	-75.1263	-75.0954	-75.0651	-75.0355	-75.0072	-74.9807	-74.9567	-74.9363	-74.9206	-74.9113	-74.9104	-74.9202	-74.9427	-74.9799	-75.0339
4.725	-75.5383	-75.6062	-75.6763	-75.7315	-75.7696	-75.7924	-75.803	-75.8041	-75.7979	-75.7862	-75.7705	-75.7517	-75.7306	-75.7079	-75.6838	-75.6587	-75.6328	-75.6063	-75.5792	-75.5517	-75.5237	-75.4954	-75.4667	-75.4377	-75.4083	-75.3787	-75.3487	-75.3185	-75.2879	-75.2572	-75.2263	-75.1952	-75.1641	-75.1331	-75.1023	-75.0721	-75.0426	-75.0144	-74.9879	-74.964	-74.9436	-74.928	-74.9188	-74.9179	-74.9277	-74.9502	-74.9874	-75.0412
4.73	-75.5436	-75.6115	-75.6815	-75.7367	-75.7747	-75.7976	-75.8082	-75.8093	-75.8031	-75.7915	-75.7758	-75.7571	-75.7361	-75.7134	-75.6893	-75.6643	-75.6385	-75.612	-75.585	-75.5575	-75.5296	-75.5013	-75.4727	-75.4437	-75.4145	-75.3849	-75.355	-75.3248	-75.2944	-75.2637	-75.2328	-75.2018	-75.1708	-75.1399	-75.1092	-75.079	-75.0496	-75.0215	-74.9951	-74.9713	-74.9509	-74.9354	-74.9262	-74.9254	-74.9351	-74.9576	-74.9948	-75.0486
4.735	-75.5489	-75.6167	-75.6867	-75.7419	-75.7799	-75.8027	-75.8134	-75.8145	-75.8083	-75.7968	-75.7811	-75.7625	-75.7415	-75.7188	-75.6948	-75.6699	-75.6441	-75.6177	-75.5907	-75.5633	-75.5355	-75.5073	-75.4787	-75.4498	-75.4206	-75.3911	-75.3612	-75.3311	-75.3008	-75.2702	-75.2394	-75.2085	-75.1775	-75.1466	-75.116	-75.0859	-75.0566	-75.0285	-75.0023	-74.9785	-74.9582	-74.9428	-74.9336	-74.9328	-74.9426	-74.965	-75.0021	-75.0559
4.74	-75.5542	-75.622	-75.6919	-75.747	-75.785	-75.8079	-75.8185	-75.8197	-75.8136	-75.802	-75.7864	-75.7678	-75.7469	-75.7243	-75.7004	-75.6754	-75.6497	-75.6234	-75.5965	-75.5691	-75.5413	-75.5132	-75.4847	-75.4558	-75.4267	-75.3972	-75.3675	-75.3374	-75.3071	-75.2766	-75.2459	-75.2151	-75.1842	-75.1534	-75.1229	-75.0928	-75.0636	-75.0356	-75.0094	-74.9857	-74.9655	-74.9501	-74.941	-74.9403	-74.95	-74.9725	-75.0095	-75.0632
4.745	-75.5595	-75.6272	-75.6971	-75.7521	-75.7901	-75.813	-75.8237	-75.8248	-75.8188	-75.8073	-75.7917	-75.7732	-75.7523	-75.7297	-75.7059	-75.681	-75.6553	-75.629	-75.6022	-75.5749	-75.5472	-75.5191	-75.4906	-75.4619	-75.4328	-75.4034	-75.3737	-75.3437	-75.3135	-75.2831	-75.2524	-75.2216	-75.1908	-75.1601	-75.1297	-75.0997	-75.0706	-75.0427	-75.0165	-74.9929	-74.9728	-74.9574	-74.9484	-74.9477	-74.9574	-74.9799	-75.0169	-75.0704
4.75	-75.5648	-75.6324	-75.7022	-75.7573	-75.7952	-75.8181	-75.8288	-75.83	-75.824	-75.8125	-75.797	-75.7785	-75.7577	-75.7352	-75.7113	-75.6865	-75.6609	-75.6347	-75.6079	-75.5807	-75.553	-75.525	-75.4966	-75.4679	-75.4389	-75.4095	-75.3799	-75.35	-75.3199	-75.2895	-75.2589	-75.2282	-75.1975	-75.1669	-75.1365	-75.1066	-75.0776	-75.0497	-75.0237	-75.0001	-74.9801	-74.9647	-74.9558	-74.9551	-74.9648	-74.9872	-75.0242	-75.0777
4.755	-75.5701	-75.6376	-75.7074	-75.7624	-75.8003	-75.8232	-75.8339	-75.8352	-75.8292	-75.8178	-75.8023	-75.7838	-75.7631	-75.7406	-75.7168	-75.6921	-75.6665	-75.6403	-75.6136	-75.5864	-75.5588	-75.5309	-75.5025	-75.4739	-75.4449	-75.4157	-75.3861	-75.3563	-75.3262	-75.2959	-75.2654	-75.2348	-75.2041	-75.1736	-75.1433	-75.1135	-75.0845	-75.0567	-75.0307	-75.0073	-74.9873	-74.972	-74.9631	-74.9624	-74.9722	-74.9946	-75.0315	-75.0849
4.76	-75.5753	-75.6428	-75.7125	-75.7675	-75.8054	-75.8283	-75.839	-75.8403	-75.8344	-75.823	-75.8076	-75.7891	-75.7684	-75.746	-75.7223	-75.6976	-75.6721	-75.646	-75.6193	-75.5922	-75.5646	-75.5367	-75.5085	-75.4799	-75.451	-75.4218	-75.3923	-75.3625	-75.3325	-75.3023	-75.2719	-75.2413	-75.2107	-75.1803	-75.1501	-75.1203	-75.0914	-75.0637	-75.0378	-75.0144	-74.9945	-74.9793	-74.9704	-74.9698	-74.9795	-75.0019	-75.0388	-75.0921
4.765	-75.5806	-75.648	-75.7177	-75.7726	-75.8105	-75.8334	-75.8442	-75.8454	-75.8395	-75.8282	-75.8128	-75.7944	-75.7738	-75.7514	-75.7278	-75.7031	-75.6777	-75.6516	-75.625	-75.5979	-75.5704	-75.5426	-75.5144	-75.4859	-75.457	-75.4279	-75.3985	-75.3688	-75.3388	-75.3087	-75.2783	-75.2478	-75.2173	-75.1869	-75.1568	-75.1272	-75.0983	-75.0707	-75.0449	-75.0216	-75.0017	-74.9866	-74.9777	-74.9771	-74.9869	-75.0092	-75.046	-75.0993
4.77	-75.5858	-75.6532	-75.7228	-75.7777	-75.8156	-75.8385	-75.8493	-75.8506	-75.8447	-75.8334	-75.8181	-75.7997	-75.7791	-75.7568	-75.7332	-75.7086	-75.6832	-75.6572	-75.6306	-75.6036	-75.5762	-75.5484	-75.5203	-75.4918	-75.4631	-75.434	-75.4046	-75.375	-75.3451	-75.315	-75.2848	-75.2544	-75.2239	-75.1936	-75.1635	-75.134	-75.1052	-75.0777	-75.0519	-75.0287	-75.0089	-74.9938	-74.985	-74.9844	-74.9942	-75.0165	-75.0533	-75.1065
4.775	-75.5911	-75.6584	-75.7279	-75.7828	-75.8207	-75.8436	-75.8543	-75.8557	-75.8498	-75.8386	-75.8233	-75.805	-75.7844	-75.7622	-75.7386	-75.7141	-75.6888	-75.6628	-75.6363	-75.6093	-75.582	-75.5543	-75.5262	-75.4978	-75.4691	-75.4401	-75.4108	-75.3812	-75.3514	-75.3214	-75.2912	-75.2608	-75.2305	-75.2002	-75.1703	-75.1408	-75.1121	-75.0846	-75.0589	-75.0358	-75.016	-75.001	-74.9923	-74.9917	-75.0015	-75.0238	-75.0605	-75.1136
4.78	-75.5963	-75.6636	-75.733	-75.7878	-75.8257	-75.8486	-75.8594	-75.8608	-75.855	-75.8438	-75.8285	-75.8103	-75.7898	-75.7676	-75.7441	-75.7196	-75.6943	-75.6684	-75.6419	-75.615	-75.5877	-75.5601	-75.5321	-75.5037	-75.4751	-75.4462	-75.4169	-75.3874	-75.3577	-75.3277	-75.2976	-75.2673	-75.2371	-75.2069	-75.177	-75.1476	-75.1189	-75.0916	-75.0659	-75.0428	-75.0232	-75.0082	-74.9995	-74.999	-75.0088	-75.0311	-75.0677	-75.1208
4.785	-75.6015	-75.6687	-75.7381	-75.7929	-75.8308	-75.8537	-75.8645	-75.8659	-75.8601	-75.849	-75.8337	-75.8155	-75.7951	-75.7729	-75.7495	-75.725	-75.6998	-75.674	-75.6476	-75.6207	-75.5935	-75.5659	-75.5379	-75.5097	-75.4811	-75.4522	-75.423	-75.3936	-75.3639	-75.334	-75.304	-75.2738	-75.2436	-75.2135	-75.1837	-75.1543	-75.1258	-75.0985	-75.0729	-75.0499	-75.0303	-75.0154	-75.0067	-75.0062	-75.016	-75.0383	-75.0749	-75.1279
4.79	-75.6067	-75.6739	-75.7432	-75.798	-75.8358	-75.8587	-75.8696	-75.871	-75.8652	-75.8541	-75.839	-75.8208	-75.8004	-75.7783	-75.7549	-75.7305	-75.7053	-75.6795	-75.6532	-75.6264	-75.5992	-75.5717	-75.5438	-75.5156	-75.4871	-75.4583	-75.4292	-75.3998	-75.3702	-75.3404	-75.3104	-75.2803	-75.2501	-75.2201	-75.1903	-75.1611	-75.1326	-75.1054	-75.0799	-75.0569	-75.0374	-75.0225	-75.0139	-75.0134	-75.0233	-75.0455	-75.0821	-75.1349
4.795	-75.6119	-75.679	-75.7483	-75.803	-75.8409	-75.8638	-75.8746	-75.8761	-75.8703	-75.8593	-75.8442	-75.826	-75.8057	-75.7836	-75.7603	-75.7359	-75.7108	-75.6851	-75.6588	-75.6321	-75.6049	-75.5775	-75.5496	-75.5215	-75.493	-75.4643	-75.4352	-75.4059	-75.3764	-75.3466	-75.3167	-75.2867	-75.2566	-75.2267	-75.197	-75.1678	-75.1394	-75.1123	-75.0869	-75.064	-75.0445	-75.0297	-75.0211	-75.0207	-75.0305	-75.0527	-75.0892	-75.142
4.8	-75.6171	-75.6841	-75.7534	-75.808	-75.8459	-75.8688	-75.8796	-75.8811	-75.8755	-75.8644	-75.8493	-75.8313	-75.8109	-75.7889	-75.7656	-75.7414	-75.7163	-75.6906	-75.6644	-75.6377	-75.6106	-75.5832	-75.5555	-75.5274	-75.499	-75.4703	-75.4413	-75.4121	-75.3826	-75.3529	-75.3231	-75.2931	-75.2631	-75.2332	-75.2036	-75.1745	-75.1462	-75.1191	-75.0938	-75.071	-75.0516	-75.0368	-75.0283	-75.0278	-75.0377	-75.0599	-75.0964	-75.1491
4.805	-75.6223	-75.6892	-75.7584	-75.8131	-75.8509	-75.8738	-75.8847	-75.8862	-75.8805	-75.8695	-75.8545	-75.8365	-75.8162	-75.7943	-75.771	-75.7468	-75.7218	-75.6961	-75.67	-75.6434	-75.6163	-75.589	-75.5613	-75.5332	-75.5049	-75.4763	-75.4474	-75.4182	-75.3888	-75.3592	-75.3294	-75.2995	-75.2696	-75.2398	-75.2102	-75.1812	-75.153	-75.126	-75.1007	-75.0779	-75.0586	-75.0439	-75.0354	-75.035	-75.0449	-75.067	-75.1035	-75.1561
4.81	-75.6275	-75.6944	-75.7635	-75.8181	-75.8559	-75.8788	-75.8897	-75.8912	-75.8856	-75.8747	-75.8597	-75.8417	-75.8215	-75.7996	-75.7764	-75.7522	-75.7272	-75.7017	-75.6755	-75.649	-75.622	-75.5947	-75.5671	-75.5391	-75.5108	-75.4823	-75.4534	-75.4243	-75.395	-75.3654	-75.3357	-75.3059	-75.2761	-75.2463	-75.2169	-75.1879	-75.1597	-75.1328	-75.1076	-75.0849	-75.0656	-75.051	-75.0425	-75.0422	-75.052	-75.0742	-75.1106	-75.1631
4.815	-75.6326	-75.6994	-75.7685	-75.8231	-75.8609	-75.8838	-75.8947	-75.8963	-75.8907	-75.8798	-75.8648	-75.8469	-75.8267	-75.8049	-75.7817	-75.7576	-75.7327	-75.7072	-75.6811	-75.6546	-75.6277	-75.6005	-75.5729	-75.545	-75.5168	-75.4883	-75.4595	-75.4304	-75.4012	-75.3717	-75.342	-75.3123	-75.2825	-75.2528	-75.2234	-75.1945	-75.1665	-75.1396	-75.1145	-75.0919	-75.0727	-75.0581	-75.0497	-75.0493	-75.0592	-75.0813	-75.1176	-75.1701
4.82	-75.6378	-75.7045	-75.7736	-75.8281	-75.8659	-75.8888	-75.8997	-75.9013	-75.8958	-75.8849	-75.87	-75.8521	-75.832	-75.8101	-75.7871	-75.763	-75.7381	-75.7127	-75.6867	-75.6602	-75.6334	-75.6062	-75.5786	-75.5508	-75.5227	-75.4942	-75.4655	-75.4365	-75.4073	-75.3779	-75.3483	-75.3186	-75.2889	-75.2593	-75.23	-75.2012	-75.1732	-75.1464	-75.1214	-75.0988	-75.0797	-75.0651	-75.0568	-75.0564	-75.0663	-75.0884	-75.1247	-75.1771
4.825	-75.6429	-75.7096	-75.7786	-75.8331	-75.8708	-75.8938	-75.9047	-75.9063	-75.9008	-75.89	-75.8751	-75.8573	-75.8372	-75.8154	-75.7924	-75.7684	-75.7436	-75.7181	-75.6922	-75.6658	-75.639	-75.6119	-75.5844	-75.5566	-75.5285	-75.5002	-75.4715	-75.4426	-75.4135	-75.3841	-75.3546	-75.325	-75.2953	-75.2658	-75.2366	-75.2078	-75.1799	-75.1532	-75.1282	-75.1057	-75.0866	-75.0722	-75.0638	-75.0635	-75.0734	-75.0955	-75.1317	-75.1841
4.83	-75.6481	-75.7147	-75.7836	-75.8381	-75.8758	-75.8987	-75.9097	-75.9113	-75.9059	-75.8951	-75.8802	-75.8624	-75.8424	-75.8207	-75.7977	-75.7737	-75.749	-75.7236	-75.6977	-75.6714	-75.6447	-75.6176	-75.5902	-75.5624	-75.5344	-75.5061	-75.4775	-75.4487	-75.4196	-75.3903	-75.3609	-75.3313	-75.3018	-75.2723	-75.2431	-75.2145	-75.1866	-75.1599	-75.135	-75.1126	-75.0936	-75.0792	-75.0709	-75.0706	-75.0805	-75.1026	-75.1387	-75.191
4.835	-75.6532	-75.7198	-75.7886	-75.843	-75.8808	-75.9037	-75.9147	-75.9163	-75.9109	-75.9001	-75.8854	-75.8676	-75.8476	-75.8259	-75.803	-75.7791	-75.7544	-75.7291	-75.7032	-75.677	-75.6503	-75.6233	-75.5959	-75.5682	-75.5403	-75.512	-75.4835	-75.4547	-75.4257	-75.3965	-75.3671	-75.3376	-75.3081	-75.2788	-75.2497	-75.2211	-75.1933	-75.1667	-75.1419	-75.1195	-75.1005	-75.0862	-75.0779	-75.0777	-75.0875	-75.1096	-75.1457	-75.1979
4.84	-75.6583	-75.7248	-75.7936	-75.848	-75.8857	-75.9087	-75.9196	-75.9213	-75.9159	-75.9052	-75.8905	-75.8727	-75.8528	-75.8312	-75.8083	-75.7844	-75.7598	-75.7345	-75.7087	-75.6825	-75.6559	-75.6289	-75.6016	-75.574	-75.5461	-75.5179	-75.4895	-75.4608	-75.4318	-75.4027	-75.3733	-75.3439	-75.3145	-75.2852	-75.2562	-75.2276	-75.1999	-75.1734	-75.1487	-75.1264	-75.1075	-75.0931	-75.0849	-75.0847	-75.0946	-75.1166	-75.1527	-75.2048
4.845	-75.6634	-75.7299	-75.7986	-75.853	-75.8907	-75.9136	-75.9246	-75.9263	-75.9209	-75.9102	-75.8956	-75.8779	-75.858	-75.8364	-75.8136	-75.7898	-75.7652	-75.74	-75.7142	-75.6881	-75.6615	-75.6346	-75.6074	-75.5798	-75.552	-75.5238	-75.4954	-75.4668	-75.4379	-75.4088	-75.3796	-75.3502	-75.3209	-75.2916	-75.2627	-75.2342	-75.2066	-75.1801	-75.1554	-75.1332	-75.1144	-75.1001	-75.0919	-75.0917	-75.1016	-75.1236	-75.1597	-75.2117
4.85	-75.6685	-75.7349	-75.8036	-75.8579	-75.8956	-75.9185	-75.9296	-75.9313	-75.9259	-75.9153	-75.9006	-75.883	-75.8632	-75.8416	-75.8189	-75.7951	-75.7705	-75.7454	-75.7197	-75.6936	-75.6671	-75.6402	-75.6131	-75.5856	-75.5578	-75.5297	-75.5014	-75.4728	-75.444	-75.4149	-75.3858	-75.3565	-75.3272	-75.298	-75.2692	-75.2408	-75.2132	-75.1868	-75.1622	-75.14	-75.1213	-75.107	-75.0989	-75.0987	-75.1086	-75.1306	-75.1666	-75.2186
4.855	-75.6736	-75.7399	-75.8086	-75.8628	-75.9005	-75.9235	-75.9345	-75.9362	-75.9309	-75.9203	-75.9057	-75.8881	-75.8683	-75.8469	-75.8241	-75.8004	-75.7759	-75.7508	-75.7252	-75.6991	-75.6727	-75.6459	-75.6188	-75.5913	-75.5636	-75.5356	-75.5073	-75.4788	-75.45	-75.4211	-75.392	-75.3628	-75.3335	-75.3044	-75.2756	-75.2473	-75.2198	-75.1935	-75.169	-75.1469	-75.1281	-75.114	-75.1059	-75.1057	-75.1156	-75.1376	-75.1735	-75.2254
4.86	-75.6787	-75.745	-75.8135	-75.8678	-75.9054	-75.9284	-75.9394	-75.9412	-75.9359	-75.9253	-75.9108	-75.8932	-75.8735	-75.8521	-75.8294	-75.8057	-75.7813	-75.7562	-75.7306	-75.7046	-75.6782	-75.6515	-75.6244	-75.5971	-75.5694	-75.5415	-75.5132	-75.4848	-75.4561	-75.4272	-75.3981	-75.369	-75.3399	-75.3108	-75.2821	-75.2538	-75.2264	-75.2002	-75.1757	-75.1537	-75.135	-75.1209	-75.1128	-75.1127	-75.1226	-75.1446	-75.1805	-75.2323
4.865	-75.6838	-75.75	-75.8185	-75.8727	-75.9103	-75.9333	-75.9443	-75.9462	-75.9409	-75.9304	-75.9158	-75.8983	-75.8786	-75.8573	-75.8346	-75.811	-75.7866	-75.7616	-75.7361	-75.7101	-75.6838	-75.6571	-75.6301	-75.6028	-75.5752	-75.5473	-75.5191	-75.4907	-75.4621	-75.4333	-75.4043	-75.3752	-75.3462	-75.3172	-75.2885	-75.2603	-75.233	-75.2068	-75.1824	-75.1604	-75.1418	-75.1278	-75.1198	-75.1197	-75.1295	-75.1515	-75.1873	-75.2391
4.87	-75.6889	-75.755	-75.8234	-75.8776	-75.9152	-75.9382	-75.9492	-75.9511	-75.9459	-75.9354	-75.9209	-75.9034	-75.8838	-75.8624	-75.8399	-75.8163	-75.7919	-75.767	-75.7415	-75.7156	-75.6894	-75.6627	-75.6358	-75.6085	-75.581	-75.5531	-75.525	-75.4967	-75.4681	-75.4394	-75.4105	-75.3814	-75.3524	-75.3235	-75.2949	-75.2668	-75.2395	-75.2135	-75.1891	-75.1672	-75.1487	-75.1346	-75.1267	-75.1266	-75.1365	-75.1584	-75.1942	-75.2459
4.875	-75.6939	-75.76	-75.8284	-75.8825	-75.9201	-75.9431	-75.9542	-75.956	-75.9508	-75.9404	-75.9259	-75.9085	-75.8889	-75.8676	-75.8451	-75.8215	-75.7973	-75.7724	-75.747	-75.7211	-75.6949	-75.6683	-75.6414	-75.6142	-75.5867	-75.559	-75.5309	-75.5026	-75.4741	-75.4454	-75.4166	-75.3877	-75.3587	-75.3299	-75.3014	-75.2733	-75.2461	-75.2201	-75.1958	-75.174	-75.1555	-75.1415	-75.1336	-75.1335	-75.1434	-75.1653	-75.2011	-75.2527
4.88	-75.699	-75.765	-75.8333	-75.8874	-75.925	-75.9479	-75.959	-75.9609	-75.9558	-75.9454	-75.9309	-75.9136	-75.894	-75.8728	-75.8503	-75.8268	-75.8026	-75.7777	-75.7524	-75.7266	-75.7004	-75.6739	-75.647	-75.6199	-75.5925	-75.5648	-75.5368	-75.5086	-75.4801	-75.4515	-75.4227	-75.3938	-75.365	-75.3362	-75.3077	-75.2798	-75.2526	-75.2267	-75.2025	-75.1807	-75.1622	-75.1483	-75.1405	-75.1404	-75.1503	-75.1722	-75.2079	-75.2594
4.885	-75.704	-75.7699	-75.8382	-75.8923	-75.9299	-75.9528	-75.9639	-75.9658	-75.9607	-75.9503	-75.936	-75.9186	-75.8991	-75.8779	-75.8555	-75.8321	-75.8079	-75.7831	-75.7578	-75.732	-75.7059	-75.6795	-75.6527	-75.6256	-75.5982	-75.5706	-75.5426	-75.5145	-75.4861	-75.4575	-75.4288	-75.4	-75.3712	-75.3425	-75.3141	-75.2862	-75.2591	-75.2333	-75.2091	-75.1874	-75.169	-75.1552	-75.1473	-75.1473	-75.1572	-75.1791	-75.2147	-75.2662
4.89	-75.709	-75.7749	-75.8431	-75.8972	-75.9347	-75.9577	-75.9688	-75.9707	-75.9657	-75.9553	-75.941	-75.9237	-75.9042	-75.8831	-75.8607	-75.8373	-75.8132	-75.7884	-75.7632	-75.7375	-75.7114	-75.685	-75.6583	-75.6312	-75.6039	-75.5763	-75.5485	-75.5204	-75.4921	-75.4636	-75.4349	-75.4062	-75.3774	-75.3488	-75.3205	-75.2927	-75.2656	-75.2398	-75.2158	-75.1941	-75.1758	-75.162	-75.1542	-75.1542	-75.1641	-75.1859	-75.2215	-75.2729
4.895	-75.7141	-75.7799	-75.848	-75.902	-75.9396	-75.9625	-75.9737	-75.9756	-75.9706	-75.9603	-75.946	-75.9287	-75.9093	-75.8882	-75.8659	-75.8425	-75.8185	-75.7938	-75.7686	-75.7429	-75.7169	-75.6906	-75.6639	-75.6369	-75.6096	-75.5821	-75.5543	-75.5263	-75.498	-75.4696	-75.441	-75.4123	-75.3837	-75.3551	-75.3268	-75.2991	-75.2721	-75.2464	-75.2224	-75.2008	-75.1825	-75.1688	-75.161	-75.161	-75.1709	-75.1927	-75.2283	-75.2796
4.9	-75.7191	-75.7848	-75.8529	-75.9069	-75.9444	-75.9674	-75.9785	-75.9805	-75.9755	-75.9652	-75.951	-75.9338	-75.9144	-75.8933	-75.871	-75.8478	-75.8237	-75.7991	-75.7739	-75.7483	-75.7224	-75.6961	-75.6695	-75.6426	-75.6153	-75.5879	-75.5601	-75.5322	-75.504	-75.4756	-75.4471	-75.4185	-75.3899	-75.3614	-75.3332	-75.3055	-75.2786	-75.2529	-75.229	-75.2074	-75.1892	-75.1755	-75.1678	-75.1679	-75.1778	-75.1996	-75.2351	-75.2863
4.905	-75.7241	-75.7898	-75.8578	-75.9117	-75.9492	-75.9722	-75.9834	-75.9854	-75.9804	-75.9701	-75.9559	-75.9388	-75.9195	-75.8985	-75.8762	-75.853	-75.829	-75.8044	-75.7793	-75.7538	-75.7279	-75.7016	-75.675	-75.6482	-75.621	-75.5936	-75.566	-75.538	-75.5099	-75.4816	-75.4531	-75.4246	-75.396	-75.3676	-75.3395	-75.3119	-75.2851	-75.2594	-75.2356	-75.2141	-75.1959	-75.1823	-75.1746	-75.1747	-75.1846	-75.2064	-75.2418	-75.293
4.91	-75.7291	-75.7947	-75.8627	-75.9166	-75.9541	-75.977	-75.9882	-75.9903	-75.9853	-75.9751	-75.9609	-75.9438	-75.9245	-75.9036	-75.8813	-75.8582	-75.8342	-75.8097	-75.7846	-75.7592	-75.7333	-75.7071	-75.6806	-75.6538	-75.6267	-75.5994	-75.5717	-75.5439	-75.5158	-75.4876	-75.4592	-75.4307	-75.4022	-75.3739	-75.3458	-75.3182	-75.2915	-75.266	-75.2421	-75.2207	-75.2026	-75.189	-75.1814	-75.1815	-75.1914	-75.2131	-75.2485	-75.2996
4.915	-75.7341	-75.7996	-75.8676	-75.9214	-75.9589	-75.9818	-75.9931	-75.9951	-75.9902	-75.98	-75.9659	-75.9488	-75.9296	-75.9086	-75.8865	-75.8634	-75.8395	-75.815	-75.79	-75.7646	-75.7388	-75.7126	-75.6862	-75.6594	-75.6324	-75.6051	-75.5775	-75.5497	-75.5217	-75.4935	-75.4652	-75.4368	-75.4084	-75.3801	-75.3521	-75.3246	-75.2979	-75.2724	-75.2487	-75.2273	-75.2093	-75.1957	-75.1881	-75.1882	-75.1982	-75.2199	-75.2553	-75.3063
4.92	-75.7391	-75.8045	-75.8724	-75.9262	-75.9637	-75.9867	-75.9979	-76	-75.9951	-75.9849	-75.9708	-75.9538	-75.9346	-75.9137	-75.8916	-75.8685	-75.8447	-75.8203	-75.7953	-75.7699	-75.7442	-75.7181	-75.6917	-75.665	-75.638	-75.6108	-75.5833	-75.5556	-75.5276	-75.4995	-75.4712	-75.4429	-75.4145	-75.3863	-75.3584	-75.3309	-75.3043	-75.2789	-75.2552	-75.2339	-75.216	-75.2025	-75.1949	-75.195	-75.2049	-75.2266	-75.262	-75.3129
4.925	-75.744	-75.8094	-75.8773	-75.9311	-75.9685	-75.9915	-76.0027	-76.0048	-75.9999	-75.9898	-75.9758	-75.9588	-75.9396	-75.9188	-75.8967	-75.8737	-75.8499	-75.8255	-75.8006	-75.7753	-75.7496	-75.7236	-75.6972	-75.6706	-75.6437	-75.6165	-75.5891	-75.5614	-75.5335	-75.5054	-75.4772	-75.4489	-75.4206	-75.3925	-75.3646	-75.3373	-75.3107	-75.2854	-75.2618	-75.2405	-75.2226	-75.2091	-75.2016	-75.2018	-75.2117	-75.2334	-75.2686	-75.3195
4.93	-75.749	-75.8143	-75.8821	-75.9359	-75.9733	-75.9963	-76.0075	-76.0096	-76.0048	-75.9947	-75.9807	-75.9638	-75.9446	-75.9239	-75.9018	-75.8789	-75.8551	-75.8308	-75.8059	-75.7807	-75.755	-75.729	-75.7028	-75.6762	-75.6493	-75.6222	-75.5948	-75.5672	-75.5394	-75.5114	-75.4832	-75.455	-75.4268	-75.3987	-75.3709	-75.3436	-75.3171	-75.2918	-75.2683	-75.2471	-75.2292	-75.2158	-75.2083	-75.2085	-75.2184	-75.2401	-75.2753	-75.3261
4.935	-75.754	-75.8192	-75.887	-75.9407	-75.9781	-76.001	-76.0123	-76.0144	-76.0096	-75.9996	-75.9856	-75.9687	-75.9497	-75.9289	-75.907	-75.884	-75.8603	-75.836	-75.8112	-75.786	-75.7604	-75.7345	-75.7083	-75.6817	-75.6549	-75.6279	-75.6005	-75.573	-75.5452	-75.5173	-75.4892	-75.461	-75.4329	-75.4048	-75.3771	-75.3499	-75.3235	-75.2983	-75.2748	-75.2537	-75.2358	-75.2225	-75.215	-75.2152	-75.2251	-75.2468	-75.2819	-75.3327
4.94	-75.7589	-75.8241	-75.8918	-75.9455	-75.9828	-76.0058	-76.0171	-76.0193	-76.0145	-76.0045	-75.9905	-75.9737	-75.9547	-75.934	-75.912	-75.8892	-75.8655	-75.8413	-75.8165	-75.7914	-75.7658	-75.7399	-75.7138	-75.6873	-75.6605	-75.6335	-75.6063	-75.5788	-75.5511	-75.5232	-75.4951	-75.467	-75.439	-75.411	-75.3833	-75.3562	-75.3298	-75.3047	-75.2812	-75.2602	-75.2424	-75.2291	-75.2217	-75.2219	-75.2318	-75.2534	-75.2886	-75.3392
4.945	-75.7638	-75.829	-75.8966	-75.9502	-75.9876	-76.0106	-76.0219	-76.0241	-76.0193	-76.0093	-75.9955	-75.9786	-75.9596	-75.939	-75.9171	-75.8943	-75.8707	-75.8465	-75.8218	-75.7967	-75.7712	-75.7454	-75.7192	-75.6928	-75.6661	-75.6392	-75.612	-75.5845	-75.5569	-75.5291	-75.5011	-75.4731	-75.445	-75.4171	-75.3895	-75.3624	-75.3362	-75.3111	-75.2877	-75.2667	-75.249	-75.2357	-75.2283	-75.2286	-75.2385	-75.2601	-75.2952	-75.3458
4.95	-75.7688	-75.8339	-75.9014	-75.955	-75.9924	-76.0153	-76.0266	-76.0289	-76.0241	-76.0142	-76.0004	-75.9836	-75.9646	-75.944	-75.9222	-75.8994	-75.8759	-75.8517	-75.8271	-75.802	-75.7766	-75.7508	-75.7247	-75.6984	-75.6717	-75.6448	-75.6177	-75.5903	-75.5627	-75.5349	-75.507	-75.4791	-75.4511	-75.4233	-75.3957	-75.3687	-75.3425	-75.3175	-75.2942	-75.2732	-75.2556	-75.2423	-75.235	-75.2353	-75.2452	-75.2667	-75.3018	-75.3523
4.955	-75.7737	-75.8387	-75.9062	-75.9598	-75.9971	-76.0201	-76.0314	-76.0336	-76.029	-76.0191	-76.0052	-75.9885	-75.9696	-75.9491	-75.9273	-75.9045	-75.881	-75.8569	-75.8323	-75.8073	-75.7819	-75.7562	-75.7302	-75.7039	-75.6773	-75.6504	-75.6234	-75.596	-75.5685	-75.5408	-75.513	-75.485	-75.4571	-75.4294	-75.4019	-75.375	-75.3488	-75.3238	-75.3006	-75.2797	-75.2621	-75.2489	-75.2416	-75.2419	-75.2518	-75.2734	-75.3084	-75.3588
4.96	-75.7786	-75.8436	-75.911	-75.9645	-76.0019	-76.0248	-76.0362	-76.0384	-76.0338	-76.0239	-76.0101	-75.9934	-75.9746	-75.9541	-75.9323	-75.9096	-75.8862	-75.8621	-75.8376	-75.8126	-75.7873	-75.7616	-75.7356	-75.7094	-75.6828	-75.6561	-75.629	-75.6018	-75.5743	-75.5466	-75.5189	-75.491	-75.4632	-75.4355	-75.4081	-75.3812	-75.3551	-75.3302	-75.307	-75.2862	-75.2687	-75.2555	-75.2482	-75.2485	-75.2584	-75.28	-75.3149	-75.3653
4.965	-75.7835	-75.8484	-75.9158	-75.9693	-76.0066	-76.0296	-76.0409	-76.0432	-76.0386	-76.0287	-76.015	-75.9983	-75.9795	-75.9591	-75.9374	-75.9147	-75.8913	-75.8673	-75.8428	-75.8179	-75.7926	-75.767	-75.7411	-75.7149	-75.6884	-75.6617	-75.6347	-75.6075	-75.5801	-75.5525	-75.5248	-75.497	-75.4692	-75.4416	-75.4142	-75.3874	-75.3614	-75.3365	-75.3134	-75.2927	-75.2752	-75.2621	-75.2548	-75.2551	-75.2651	-75.2866	-75.3215	-75.3717
4.97	-75.7884	-75.8533	-75.9206	-75.974	-76.0113	-76.0343	-76.0456	-76.0479	-76.0433	-76.0335	-76.0199	-76.0033	-75.9845	-75.9641	-75.9424	-75.9198	-75.8964	-75.8725	-75.848	-75.8232	-75.7979	-75.7724	-75.7465	-75.7204	-75.6939	-75.6673	-75.6403	-75.6132	-75.5858	-75.5583	-75.5307	-75.5029	-75.4752	-75.4476	-75.4204	-75.3936	-75.3676	-75.3429	-75.3198	-75.2991	-75.2817	-75.2686	-75.2614	-75.2617	-75.2717	-75.2932	-75.328	-75.3782
4.975	-75.7933	-75.8581	-75.9254	-75.9788	-76.016	-76.039	-76.0504	-76.0527	-76.0481	-76.0384	-76.0247	-76.0081	-75.9894	-75.969	-75.9474	-75.9249	-75.9015	-75.8776	-75.8532	-75.8284	-75.8032	-75.7777	-75.7519	-75.7258	-75.6995	-75.6728	-75.646	-75.6189	-75.5916	-75.5641	-75.5365	-75.5089	-75.4812	-75.4537	-75.4265	-75.3998	-75.3739	-75.3492	-75.3262	-75.3055	-75.2882	-75.2752	-75.268	-75.2683	-75.2782	-75.2997	-75.3345	-75.3847
4.98	-75.7982	-75.8629	-75.9301	-75.9835	-76.0207	-76.0437	-76.0551	-76.0574	-76.0529	-76.0432	-76.0295	-76.013	-75.9943	-75.974	-75.9524	-75.9299	-75.9067	-75.8828	-75.8584	-75.8337	-75.8085	-75.7831	-75.7573	-75.7313	-75.705	-75.6784	-75.6516	-75.6246	-75.5973	-75.5699	-75.5424	-75.5148	-75.4872	-75.4597	-75.4326	-75.406	-75.3801	-75.3555	-75.3325	-75.312	-75.2946	-75.2817	-75.2745	-75.2749	-75.2848	-75.3063	-75.341	-75.3911
4.985	-75.8031	-75.8677	-75.9349	-75.9882	-76.0254	-76.0484	-76.0598	-76.0622	-76.0577	-76.048	-76.0344	-76.0179	-75.9992	-75.979	-75.9574	-75.935	-75.9118	-75.8879	-75.8636	-75.8389	-75.8138	-75.7884	-75.7627	-75.7367	-75.7105	-75.684	-75.6572	-75.6302	-75.6031	-75.5757	-75.5482	-75.5207	-75.4932	-75.4658	-75.4387	-75.4121	-75.3864	-75.3618	-75.3389	-75.3184	-75.3011	-75.2882	-75.281	-75.2814	-75.2914	-75.3128	-75.3475	-75.3975
4.99	-75.808	-75.8725	-75.9396	-75.9929	-76.0301	-76.0531	-76.0645	-76.0669	-76.0624	-76.0527	-76.0392	-76.0228	-76.0042	-75.9839	-75.9624	-75.94	-75.9168	-75.8931	-75.8688	-75.8442	-75.8191	-75.7938	-75.7681	-75.7422	-75.716	-75.6895	-75.6628	-75.6359	-75.6088	-75.5815	-75.5541	-75.5266	-75.4991	-75.4718	-75.4448	-75.4183	-75.3926	-75.368	-75.3452	-75.3248	-75.3075	-75.2947	-75.2876	-75.288	-75.2979	-75.3193	-75.354	-75.4039
4.995	-75.8128	-75.8773	-75.9444	-75.9976	-76.0348	-76.0578	-76.0692	-76.0716	-76.0672	-76.0575	-76.044	-76.0276	-76.009	-75.9888	-75.9674	-75.945	-75.9219	-75.8982	-75.874	-75.8494	-75.8244	-75.7991	-75.7735	-75.7476	-75.7215	-75.6951	-75.6684	-75.6415	-75.6145	-75.5872	-75.5599	-75.5325	-75.5051	-75.4778	-75.4508	-75.4244	-75.3988	-75.3743	-75.3515	-75.3311	-75.314	-75.3011	-75.2941	-75.2945	-75.3044	-75.3258	-75.3604	-75.4103
5	-75.8177	-75.8821	-75.9491	-76.0023	-76.0395	-76.0625	-76.0739	-76.0763	-76.0719	-76.0623	-76.0488	-76.0325	-76.0139	-75.9938	-75.9724	-75.9501	-75.927	-75.9033	-75.8792	-75.8546	-75.8297	-75.8044	-75.7789	-75.753	-75.7269	-75.7006	-75.674	-75.6472	-75.6202	-75.593	-75.5657	-75.5383	-75.511	-75.4838	-75.4569	-75.4305	-75.4049	-75.3805	-75.3578	-75.3375	-75.3204	-75.3076	-75.3005	-75.301	-75.3109	-75.3323	-75.3669	-75.4166
5.005	-75.8225	-75.8869	-75.9538	-76.007	-76.0442	-76.0671	-76.0786	-76.081	-76.0766	-76.0671	-76.0536	-76.0373	-76.0188	-75.9987	-75.9774	-75.9551	-75.932	-75.9084	-75.8843	-75.8598	-75.8349	-75.8097	-75.7842	-75.7584	-75.7324	-75.7061	-75.6796	-75.6528	-75.6259	-75.5987	-75.5715	-75.5442	-75.5169	-75.4898	-75.4629	-75.4366	-75.4111	-75.3868	-75.3641	-75.3438	-75.3268	-75.314	-75.307	-75.3075	-75.3174	-75.3388	-75.3733	-75.423
5.01	-75.8273	-75.8917	-75.9585	-76.0117	-76.0488	-76.0718	-76.0832	-76.0857	-76.0813	-76.0718	-76.0584	-76.0421	-76.0237	-76.0036	-75.9823	-75.9601	-75.9371	-75.9135	-75.8895	-75.865	-75.8402	-75.815	-75.7896	-75.7638	-75.7378	-75.7116	-75.6851	-75.6584	-75.6315	-75.6045	-75.5773	-75.55	-75.5228	-75.4958	-75.469	-75.4427	-75.4173	-75.393	-75.3704	-75.3502	-75.3331	-75.3204	-75.3135	-75.314	-75.3239	-75.3452	-75.3797	-75.4293
5.015	-75.8322	-75.8964	-75.9632	-76.0163	-76.0535	-76.0764	-76.0879	-76.0904	-76.0861	-76.0766	-76.0632	-76.047	-76.0285	-76.0085	-75.9873	-75.9651	-75.9421	-75.9186	-75.8946	-75.8702	-75.8454	-75.8203	-75.7949	-75.7692	-75.7433	-75.7171	-75.6907	-75.664	-75.6372	-75.6102	-75.5831	-75.5559	-75.5287	-75.5017	-75.475	-75.4488	-75.4234	-75.3992	-75.3767	-75.3565	-75.3395	-75.3268	-75.3199	-75.3204	-75.3303	-75.3516	-75.3861	-75.4356
5.02	-75.837	-75.9012	-75.9679	-76.021	-76.0581	-76.0811	-76.0926	-76.0951	-76.0908	-76.0813	-76.068	-76.0518	-76.0334	-76.0134	-75.9922	-75.9701	-75.9472	-75.9237	-75.8997	-75.8753	-75.8506	-75.8256	-75.8002	-75.7746	-75.7487	-75.7226	-75.6962	-75.6696	-75.6428	-75.6159	-75.5888	-75.5617	-75.5346	-75.5076	-75.481	-75.4549	-75.4295	-75.4054	-75.3829	-75.3628	-75.3459	-75.3332	-75.3263	-75.3269	-75.3368	-75.3581	-75.3924	-75.4419
5.025	-75.8418	-75.9059	-75.9726	-76.0257	-76.0628	-76.0857	-76.0972	-76.0997	-76.0955	-76.086	-76.0727	-76.0566	-76.0382	-76.0183	-75.9971	-75.975	-75.9522	-75.9287	-75.9048	-75.8805	-75.8558	-75.8308	-75.8055	-75.7799	-75.7541	-75.728	-75.7017	-75.6752	-75.6485	-75.6216	-75.5946	-75.5675	-75.5405	-75.5136	-75.487	-75.4609	-75.4356	-75.4115	-75.3891	-75.3691	-75.3522	-75.3396	-75.3327	-75.3333	-75.3432	-75.3645	-75.3988	-75.4482
5.03	-75.8466	-75.9107	-75.9773	-76.0303	-76.0674	-76.0903	-76.1018	-76.1044	-76.1001	-76.0907	-76.0775	-76.0614	-76.0431	-76.0232	-76.0021	-75.98	-75.9572	-75.9338	-75.9099	-75.8857	-75.861	-75.8361	-75.8108	-75.7853	-75.7595	-75.7335	-75.7072	-75.6808	-75.6541	-75.6273	-75.6003	-75.5733	-75.5463	-75.5195	-75.493	-75.4669	-75.4417	-75.4177	-75.3953	-75.3753	-75.3585	-75.346	-75.3391	-75.3397	-75.3496	-75.3708	-75.4051	-75.4545
5.035	-75.8514	-75.9154	-75.982	-76.0349	-76.072	-76.095	-76.1065	-76.109	-76.1048	-76.0955	-76.0822	-76.0661	-76.0479	-76.0281	-76.007	-75.9849	-75.9622	-75.9389	-75.915	-75.8908	-75.8662	-75.8413	-75.8161	-75.7906	-75.7649	-75.7389	-75.7127	-75.6863	-75.6597	-75.6329	-75.606	-75.5791	-75.5522	-75.5254	-75.4989	-75.473	-75.4478	-75.4238	-75.4016	-75.3816	-75.3648	-75.3523	-75.3455	-75.3461	-75.356	-75.3772	-75.4115	-75.4608
5.04	-75.8562	-75.9201	-75.9866	-76.0396	-76.0766	-76.0996	-76.1111	-76.1137	-76.1095	-76.1002	-76.087	-76.0709	-76.0527	-76.0329	-76.0119	-75.9899	-75.9672	-75.9439	-75.9201	-75.8959	-75.8714	-75.8465	-75.8214	-75.796	-75.7703	-75.7444	-75.7182	-75.6918	-75.6653	-75.6386	-75.6117	-75.5849	-75.558	-75.5313	-75.5049	-75.479	-75.4539	-75.43	-75.4077	-75.3878	-75.3711	-75.3587	-75.3519	-75.3525	-75.3624	-75.3836	-75.4178	-75.467
5.045	-75.861	-75.9248	-75.9913	-76.0442	-76.0812	-76.1042	-76.1157	-76.1183	-76.1142	-76.1049	-76.0917	-76.0757	-76.0575	-76.0378	-76.0168	-75.9948	-75.9722	-75.9489	-75.9252	-75.9011	-75.8766	-75.8518	-75.8267	-75.8013	-75.7757	-75.7498	-75.7237	-75.6974	-75.6709	-75.6442	-75.6174	-75.5906	-75.5638	-75.5372	-75.5108	-75.485	-75.4599	-75.4361	-75.4139	-75.3941	-75.3774	-75.365	-75.3582	-75.3589	-75.3688	-75.3899	-75.4241	-75.4732
5.05	-75.8657	-75.9295	-75.996	-76.0488	-76.0858	-76.1088	-76.1203	-76.1229	-76.1188	-76.1095	-76.0964	-76.0805	-76.0623	-76.0426	-76.0217	-75.9998	-75.9771	-75.9539	-75.9303	-75.9062	-75.8817	-75.857	-75.8319	-75.8066	-75.781	-75.7552	-75.7292	-75.7029	-75.6765	-75.6499	-75.6231	-75.5964	-75.5696	-75.543	-75.5167	-75.491	-75.466	-75.4422	-75.4201	-75.4003	-75.3836	-75.3713	-75.3646	-75.3652	-75.3751	-75.3962	-75.4304	-75.4794
5.055	-75.8705	-75.9342	-76.0006	-76.0534	-76.0904	-76.1133	-76.1249	-76.1276	-76.1234	-76.1142	-76.1011	-76.0852	-76.0671	-76.0474	-76.0265	-76.0047	-75.9821	-75.959	-75.9353	-75.9113	-75.8869	-75.8622	-75.8372	-75.8119	-75.7864	-75.7606	-75.7346	-75.7084	-75.682	-75.6555	-75.6288	-75.6021	-75.5754	-75.5489	-75.5226	-75.4969	-75.472	-75.4483	-75.4262	-75.4065	-75.3899	-75.3776	-75.3709	-75.3715	-75.3815	-75.4026	-75.4366	-75.4856
5.06	-75.8753	-75.9389	-76.0052	-76.058	-76.095	-76.1179	-76.1295	-76.1322	-76.1281	-76.1189	-76.1058	-76.09	-76.0719	-76.0523	-76.0314	-76.0096	-75.9871	-75.964	-75.9404	-75.9164	-75.892	-75.8674	-75.8424	-75.8172	-75.7917	-75.766	-75.7401	-75.7139	-75.6876	-75.6611	-75.6345	-75.6078	-75.5812	-75.5547	-75.5285	-75.5029	-75.478	-75.4544	-75.4324	-75.4127	-75.3961	-75.3838	-75.3772	-75.3779	-75.3878	-75.4089	-75.4429	-75.4918
5.065	-75.88	-75.9436	-76.0099	-76.0626	-76.0995	-76.1225	-76.1341	-76.1368	-76.1327	-76.1235	-76.1105	-76.0947	-76.0767	-76.0571	-76.0362	-76.0145	-75.992	-75.9689	-75.9454	-75.9214	-75.8971	-75.8725	-75.8476	-75.8225	-75.7971	-75.7714	-75.7455	-75.7194	-75.6931	-75.6667	-75.6401	-75.6135	-75.587	-75.5605	-75.5344	-75.5088	-75.484	-75.4604	-75.4385	-75.4188	-75.4023	-75.3901	-75.3835	-75.3842	-75.3941	-75.4151	-75.4491	-75.498
5.07	-75.8848	-75.9483	-76.0145	-76.0672	-76.1041	-76.1271	-76.1386	-76.1414	-76.1373	-76.1282	-76.1152	-76.0994	-76.0814	-76.0619	-76.0411	-76.0194	-75.9969	-75.9739	-75.9504	-75.9265	-75.9023	-75.8777	-75.8529	-75.8277	-75.8024	-75.7768	-75.7509	-75.7249	-75.6986	-75.6723	-75.6458	-75.6192	-75.5927	-75.5664	-75.5403	-75.5148	-75.49	-75.4665	-75.4446	-75.425	-75.4086	-75.3964	-75.3898	-75.3905	-75.4004	-75.4214	-75.4553	-75.5041
5.075	-75.8895	-75.953	-76.0191	-76.0718	-76.1087	-76.1316	-76.1432	-76.146	-76.1419	-76.1328	-76.1199	-76.1041	-76.0862	-76.0667	-76.0459	-76.0243	-76.0019	-75.9789	-75.9554	-75.9316	-75.9074	-75.8829	-75.8581	-75.833	-75.8077	-75.7821	-75.7563	-75.7303	-75.7042	-75.6778	-75.6514	-75.6249	-75.5985	-75.5722	-75.5462	-75.5207	-75.496	-75.4725	-75.4507	-75.4311	-75.4147	-75.4026	-75.396	-75.3967	-75.4066	-75.4277	-75.4615	-75.5103
5.08	-75.8942	-75.9576	-76.0237	-76.0763	-76.1132	-76.1362	-76.1478	-76.1505	-76.1465	-76.1375	-76.1246	-76.1088	-76.091	-76.0715	-76.0508	-76.0291	-76.0068	-75.9839	-75.9604	-75.9366	-75.9125	-75.888	-75.8633	-75.8382	-75.813	-75.7875	-75.7617	-75.7358	-75.7097	-75.6834	-75.657	-75.6306	-75.6042	-75.5779	-75.552	-75.5266	-75.502	-75.4785	-75.4567	-75.4373	-75.4209	-75.4088	-75.4023	-75.403	-75.4129	-75.4339	-75.4677	-75.5164
5.085	-75.8989	-75.9623	-76.0283	-76.0809	-76.1178	-76.1407	-76.1523	-76.1551	-76.1511	-76.1421	-76.1292	-76.1135	-76.0957	-76.0762	-76.0556	-76.034	-76.0117	-75.9888	-75.9654	-75.9417	-75.9176	-75.8932	-75.8684	-75.8435	-75.8183	-75.7928	-75.7671	-75.7412	-75.7152	-75.6889	-75.6626	-75.6362	-75.6099	-75.5837	-75.5578	-75.5325	-75.5079	-75.4845	-75.4628	-75.4434	-75.4271	-75.415	-75.4085	-75.4092	-75.4192	-75.4401	-75.4739	-75.5225
5.09	-75.9037	-75.9669	-76.0329	-76.0854	-76.1223	-76.1452	-76.1569	-76.1597	-76.1557	-76.1467	-76.1339	-76.1182	-76.1004	-76.081	-76.0604	-76.0389	-76.0166	-75.9938	-75.9704	-75.9467	-75.9227	-75.8983	-75.8736	-75.8487	-75.8235	-75.7981	-75.7725	-75.7467	-75.7206	-75.6945	-75.6682	-75.6419	-75.6156	-75.5895	-75.5637	-75.5384	-75.5139	-75.4905	-75.4689	-75.4495	-75.4332	-75.4212	-75.4147	-75.4155	-75.4254	-75.4463	-75.4801	-75.5286
5.095	-75.9084	-75.9716	-76.0375	-76.09	-76.1268	-76.1497	-76.1614	-76.1642	-76.1603	-76.1513	-76.1385	-76.1229	-76.1051	-76.0858	-76.0652	-76.0437	-76.0215	-75.9987	-75.9754	-75.9517	-75.9277	-75.9034	-75.8788	-75.8539	-75.8288	-75.8034	-75.7779	-75.7521	-75.7261	-75.7	-75.6738	-75.6475	-75.6213	-75.5952	-75.5695	-75.5442	-75.5198	-75.4965	-75.4749	-75.4556	-75.4394	-75.4274	-75.4209	-75.4217	-75.4316	-75.4525	-75.4862	-75.5347
5.1	-75.9131	-75.9762	-76.042	-76.0945	-76.1313	-76.1543	-76.1659	-76.1688	-76.1649	-76.1559	-76.1432	-76.1276	-76.1098	-76.0905	-76.07	-76.0485	-76.0264	-76.0036	-75.9804	-75.9568	-75.9328	-75.9085	-75.8839	-75.8591	-75.8341	-75.8088	-75.7832	-75.7575	-75.7316	-75.7055	-75.6794	-75.6532	-75.627	-75.601	-75.5753	-75.5501	-75.5257	-75.5025	-75.4809	-75.4616	-75.4455	-75.4335	-75.4271	-75.4279	-75.4378	-75.4587	-75.4923	-75.5407
5.105	-75.9177	-75.9808	-76.0466	-76.099	-76.1358	-76.1588	-76.1704	-76.1733	-76.1694	-76.1605	-76.1478	-76.1322	-76.1146	-76.0953	-76.0748	-76.0534	-76.0312	-76.0085	-75.9853	-75.9618	-75.9378	-75.9136	-75.8891	-75.8643	-75.8393	-75.814	-75.7886	-75.7629	-75.737	-75.711	-75.6849	-75.6588	-75.6327	-75.6067	-75.5811	-75.5559	-75.5316	-75.5084	-75.4869	-75.4677	-75.4516	-75.4397	-75.4333	-75.4341	-75.444	-75.4649	-75.4985	-75.5468
5.11	-75.9224	-75.9854	-76.0512	-76.1036	-76.1404	-76.1633	-76.1749	-76.1778	-76.174	-76.1651	-76.1524	-76.1369	-76.1192	-76.1	-76.0796	-76.0582	-76.0361	-76.0134	-75.9903	-75.9668	-75.9429	-75.9187	-75.8942	-75.8695	-75.8445	-75.8193	-75.7939	-75.7683	-75.7425	-75.7165	-75.6905	-75.6644	-75.6383	-75.6124	-75.5868	-75.5618	-75.5375	-75.5144	-75.4929	-75.4738	-75.4577	-75.4458	-75.4395	-75.4403	-75.4502	-75.471	-75.5046	-75.5528
5.115	-75.9271	-75.9901	-76.0557	-76.1081	-76.1448	-76.1678	-76.1794	-76.1823	-76.1785	-76.1697	-76.157	-76.1415	-76.1239	-76.1047	-76.0843	-76.063	-76.041	-76.0183	-75.9952	-75.9717	-75.9479	-75.9238	-75.8994	-75.8747	-75.8498	-75.8246	-75.7992	-75.7737	-75.7479	-75.722	-75.696	-75.67	-75.644	-75.6181	-75.5926	-75.5676	-75.5434	-75.5203	-75.4989	-75.4798	-75.4638	-75.4519	-75.4456	-75.4464	-75.4563	-75.4772	-75.5107	-75.5589
5.12	-75.9318	-75.9947	-76.0603	-76.1126	-76.1493	-76.1722	-76.1839	-76.1869	-76.1831	-76.1743	-76.1616	-76.1462	-76.1286	-76.1095	-76.0891	-76.0678	-76.0458	-76.0232	-76.0002	-75.9767	-75.9529	-75.9288	-75.9045	-75.8799	-75.855	-75.8299	-75.8046	-75.779	-75.7533	-75.7275	-75.7015	-75.6756	-75.6496	-75.6238	-75.5983	-75.5734	-75.5492	-75.5262	-75.5049	-75.4858	-75.4698	-75.458	-75.4517	-75.4526	-75.4625	-75.4833	-75.5167	-75.5649
5.125	-75.9364	-75.9992	-76.0648	-76.1171	-76.1538	-76.1767	-76.1884	-76.1914	-76.1876	-76.1788	-76.1662	-76.1508	-76.1333	-76.1142	-76.0938	-76.0726	-76.0506	-76.0281	-76.0051	-75.9817	-75.958	-75.9339	-75.9096	-75.885	-75.8602	-75.8351	-75.8099	-75.7844	-75.7587	-75.7329	-75.7071	-75.6811	-75.6552	-75.6295	-75.6041	-75.5792	-75.5551	-75.5321	-75.5108	-75.4918	-75.4759	-75.4641	-75.4578	-75.4587	-75.4686	-75.4894	-75.5228	-75.5709
5.13	-75.9411	-76.0038	-76.0693	-76.1216	-76.1583	-76.1812	-76.1929	-76.1959	-76.1921	-76.1834	-76.1708	-76.1554	-76.1379	-76.1189	-76.0986	-76.0774	-76.0555	-76.033	-76.01	-75.9867	-75.963	-75.939	-75.9147	-75.8902	-75.8654	-75.8404	-75.8151	-75.7897	-75.7641	-75.7384	-75.7126	-75.6867	-75.6609	-75.6352	-75.6098	-75.585	-75.5609	-75.538	-75.5168	-75.4978	-75.4819	-75.4702	-75.464	-75.4648	-75.4747	-75.4955	-75.5289	-75.5768
5.135	-75.9457	-76.0084	-76.0739	-76.1261	-76.1628	-76.1857	-76.1974	-76.2004	-76.1967	-76.1879	-76.1754	-76.1601	-76.1426	-76.1236	-76.1033	-76.0822	-76.0603	-76.0378	-76.0149	-75.9916	-75.968	-75.944	-75.9198	-75.8953	-75.8706	-75.8456	-75.8204	-75.7951	-75.7695	-75.7438	-75.7181	-75.6922	-75.6665	-75.6408	-75.6155	-75.5907	-75.5667	-75.5439	-75.5227	-75.5038	-75.488	-75.4763	-75.47	-75.4709	-75.4808	-75.5016	-75.5349	-75.5828
5.14	-75.9504	-76.013	-76.0784	-76.1305	-76.1672	-76.1901	-76.2018	-76.2048	-76.2012	-76.1925	-76.18	-76.1647	-76.1472	-76.1283	-76.108	-76.0869	-76.0651	-76.0427	-76.0198	-75.9965	-75.9729	-75.949	-75.9249	-75.9004	-75.8757	-75.8508	-75.8257	-75.8004	-75.7749	-75.7493	-75.7235	-75.6978	-75.672	-75.6465	-75.6212	-75.5965	-75.5725	-75.5498	-75.5286	-75.5098	-75.494	-75.4823	-75.4761	-75.477	-75.4869	-75.5076	-75.5409	-75.5888
5.145	-75.955	-76.0175	-76.0829	-76.135	-76.1717	-76.1946	-76.2063	-76.2093	-76.2057	-76.197	-76.1845	-76.1693	-76.1519	-76.1329	-76.1128	-76.0917	-76.0699	-76.0475	-76.0247	-76.0015	-75.9779	-75.9541	-75.9299	-75.9055	-75.8809	-75.856	-75.831	-75.8057	-75.7803	-75.7547	-75.729	-75.7033	-75.6776	-75.6521	-75.6269	-75.6022	-75.5783	-75.5556	-75.5345	-75.5157	-75.5	-75.4883	-75.4822	-75.4831	-75.493	-75.5137	-75.5469	-75.5947
5.15	-75.9596	-76.0221	-76.0874	-76.1395	-76.1761	-76.199	-76.2107	-76.2138	-76.2102	-76.2015	-76.1891	-76.1739	-76.1565	-76.1376	-76.1175	-76.0964	-76.0747	-76.0524	-76.0296	-76.0064	-75.9829	-75.9591	-75.935	-75.9106	-75.886	-75.8612	-75.8362	-75.811	-75.7856	-75.7601	-75.7345	-75.7088	-75.6832	-75.6577	-75.6326	-75.608	-75.5841	-75.5615	-75.5404	-75.5217	-75.506	-75.4944	-75.4882	-75.4892	-75.499	-75.5197	-75.5529	-75.6006
5.155	-75.9642	-76.0267	-76.0919	-76.1439	-76.1805	-76.2034	-76.2152	-76.2182	-76.2146	-76.206	-76.1936	-76.1784	-76.1611	-76.1423	-76.1222	-76.1012	-76.0795	-76.0572	-76.0344	-76.0113	-75.9878	-75.9641	-75.94	-75.9157	-75.8912	-75.8664	-75.8415	-75.8163	-75.791	-75.7655	-75.7399	-75.7143	-75.6887	-75.6633	-75.6383	-75.6137	-75.5899	-75.5673	-75.5463	-75.5276	-75.5119	-75.5004	-75.4943	-75.4952	-75.5051	-75.5257	-75.5589	-75.6065
5.16	-75.9688	-76.0312	-76.0964	-76.1484	-76.185	-76.2079	-76.2196	-76.2227	-76.2191	-76.2105	-76.1982	-76.183	-76.1657	-76.1469	-76.1269	-76.1059	-76.0842	-76.062	-76.0393	-76.0162	-75.9928	-75.9691	-75.9451	-75.9208	-75.8963	-75.8716	-75.8467	-75.8216	-75.7963	-75.7709	-75.7453	-75.7198	-75.6943	-75.6689	-75.6439	-75.6194	-75.5957	-75.5731	-75.5522	-75.5335	-75.5179	-75.5064	-75.5003	-75.5013	-75.5111	-75.5318	-75.5649	-75.6124
5.165	-75.9734	-76.0357	-76.1008	-76.1528	-76.1894	-76.2123	-76.224	-76.2271	-76.2236	-76.215	-76.2027	-76.1876	-76.1703	-76.1515	-76.1315	-76.1106	-76.089	-76.0668	-76.0442	-76.0211	-75.9977	-75.9741	-75.9501	-75.9259	-75.9015	-75.8768	-75.8519	-75.8268	-75.8016	-75.7762	-75.7508	-75.7253	-75.6998	-75.6745	-75.6495	-75.6251	-75.6014	-75.5789	-75.558	-75.5394	-75.5238	-75.5124	-75.5063	-75.5073	-75.5172	-75.5378	-75.5708	-75.6183
5.17	-75.978	-76.0403	-76.1053	-76.1572	-76.1938	-76.2167	-76.2285	-76.2316	-76.228	-76.2195	-76.2072	-76.1921	-76.1749	-76.1562	-76.1362	-76.1153	-76.0938	-76.0716	-76.049	-76.026	-76.0027	-75.979	-75.9551	-75.931	-75.9066	-75.882	-75.8571	-75.8321	-75.8069	-75.7816	-75.7562	-75.7307	-75.7053	-75.6801	-75.6552	-75.6308	-75.6072	-75.5847	-75.5639	-75.5453	-75.5298	-75.5183	-75.5123	-75.5133	-75.5232	-75.5437	-75.5767	-75.6242
5.175	-75.9826	-76.0448	-76.1098	-76.1617	-76.1982	-76.2211	-76.2329	-76.236	-76.2325	-76.224	-76.2117	-76.1967	-76.1795	-76.1608	-76.1409	-76.12	-76.0985	-76.0764	-76.0538	-76.0309	-76.0076	-75.984	-75.9601	-75.936	-75.9117	-75.8871	-75.8623	-75.8374	-75.8122	-75.7869	-75.7616	-75.7362	-75.7108	-75.6857	-75.6608	-75.6364	-75.6129	-75.5905	-75.5697	-75.5512	-75.5357	-75.5243	-75.5183	-75.5193	-75.5292	-75.5497	-75.5827	-75.6301
5.18	-75.9872	-76.0493	-76.1142	-76.1661	-76.2026	-76.2255	-76.2373	-76.2404	-76.2369	-76.2285	-76.2163	-76.2012	-76.1841	-76.1654	-76.1455	-76.1247	-76.1032	-76.0812	-76.0586	-76.0357	-76.0125	-75.9889	-75.9651	-75.9411	-75.9168	-75.8922	-75.8675	-75.8426	-75.8175	-75.7923	-75.767	-75.7416	-75.7163	-75.6912	-75.6664	-75.6421	-75.6186	-75.5963	-75.5755	-75.557	-75.5416	-75.5302	-75.5243	-75.5253	-75.5351	-75.5557	-75.5886	-75.6359
5.185	-75.9918	-76.0538	-76.1187	-76.1705	-76.207	-76.2299	-76.2417	-76.2448	-76.2414	-76.2329	-76.2208	-76.2058	-76.1887	-76.17	-76.1502	-76.1294	-76.108	-76.086	-76.0635	-76.0406	-76.0174	-75.9939	-75.9701	-75.9461	-75.9219	-75.8974	-75.8727	-75.8478	-75.8228	-75.7976	-75.7724	-75.7471	-75.7218	-75.6968	-75.672	-75.6478	-75.6243	-75.602	-75.5813	-75.5629	-75.5475	-75.5362	-75.5302	-75.5312	-75.5411	-75.5616	-75.5945	-75.6417
5.19	-75.9963	-76.0583	-76.1231	-76.1749	-76.2114	-76.2342	-76.2461	-76.2492	-76.2458	-76.2374	-76.2253	-76.2103	-76.1933	-76.1746	-76.1548	-76.1341	-76.1127	-76.0907	-76.0683	-76.0454	-76.0223	-75.9988	-75.9751	-75.9511	-75.9269	-75.9025	-75.8779	-75.853	-75.8281	-75.8029	-75.7777	-75.7525	-75.7273	-75.7023	-75.6776	-75.6534	-75.63	-75.6077	-75.5871	-75.5687	-75.5534	-75.5421	-75.5362	-75.5372	-75.5471	-75.5675	-75.6004	-75.6475
5.195	-76.0009	-76.0628	-76.1275	-76.1793	-76.2157	-76.2386	-76.2504	-76.2536	-76.2502	-76.2419	-76.2297	-76.2148	-76.1978	-76.1792	-76.1595	-76.1388	-76.1174	-76.0955	-76.0731	-76.0503	-76.0272	-76.0038	-75.9801	-75.9561	-75.932	-75.9076	-75.883	-75.8583	-75.8333	-75.8083	-75.7831	-75.7579	-75.7328	-75.7078	-75.6831	-75.659	-75.6357	-75.6135	-75.5929	-75.5746	-75.5592	-75.548	-75.5421	-75.5432	-75.553	-75.5734	-75.6062	-75.6534
5.2	-76.0054	-76.0673	-76.132	-76.1837	-76.2201	-76.243	-76.2548	-76.258	-76.2547	-76.2463	-76.2342	-76.2193	-76.2024	-76.1838	-76.1641	-76.1435	-76.1221	-76.1002	-76.0779	-76.0551	-76.032	-76.0087	-75.985	-75.9612	-75.937	-75.9127	-75.8882	-75.8634	-75.8386	-75.8136	-75.7884	-75.7633	-75.7382	-75.7133	-75.6887	-75.6646	-75.6413	-75.6192	-75.5987	-75.5804	-75.5651	-75.5539	-75.548	-75.5491	-75.5589	-75.5793	-75.6121	-75.6591
5.205	-76.01	-76.0718	-76.1364	-76.188	-76.2245	-76.2473	-76.2592	-76.2624	-76.2591	-76.2507	-76.2387	-76.2238	-76.2069	-76.1884	-76.1687	-76.1481	-76.1268	-76.1049	-76.0826	-76.0599	-76.0369	-76.0136	-75.99	-75.9662	-75.9421	-75.9178	-75.8933	-75.8686	-75.8438	-75.8188	-75.7938	-75.7687	-75.7437	-75.7188	-75.6943	-75.6702	-75.647	-75.6249	-75.6044	-75.5862	-75.571	-75.5598	-75.5539	-75.555	-75.5648	-75.5852	-75.6179	-75.6649
5.21	-76.0145	-76.0762	-76.1408	-76.1924	-76.2288	-76.2517	-76.2635	-76.2668	-76.2635	-76.2552	-76.2431	-76.2283	-76.2114	-76.193	-76.1733	-76.1528	-76.1315	-76.1097	-76.0874	-76.0648	-76.0418	-76.0185	-75.9949	-75.9711	-75.9471	-75.9229	-75.8984	-75.8738	-75.849	-75.8241	-75.7991	-75.7741	-75.7491	-75.7243	-75.6998	-75.6758	-75.6526	-75.6306	-75.6102	-75.592	-75.5768	-75.5656	-75.5598	-75.5609	-75.5707	-75.5911	-75.6238	-75.6707
5.215	-76.0191	-76.0807	-76.1452	-76.1968	-76.2332	-76.256	-76.2679	-76.2712	-76.2679	-76.2596	-76.2476	-76.2328	-76.216	-76.1975	-76.1779	-76.1574	-76.1362	-76.1144	-76.0922	-76.0696	-76.0466	-76.0234	-75.9999	-75.9761	-75.9522	-75.928	-75.9036	-75.879	-75.8542	-75.8294	-75.8044	-75.7794	-75.7545	-75.7298	-75.7053	-75.6814	-75.6583	-75.6363	-75.6159	-75.5977	-75.5826	-75.5715	-75.5657	-75.5668	-75.5766	-75.597	-75.6296	-75.6764
5.22	-76.0236	-76.0851	-76.1496	-76.2011	-76.2375	-76.2604	-76.2722	-76.2755	-76.2722	-76.264	-76.252	-76.2373	-76.2205	-76.2021	-76.1825	-76.162	-76.1408	-76.1191	-76.0969	-76.0743	-76.0515	-76.0283	-76.0048	-75.9811	-75.9572	-75.933	-75.9087	-75.8841	-75.8595	-75.8346	-75.8097	-75.7848	-75.7599	-75.7352	-75.7108	-75.687	-75.6639	-75.6419	-75.6216	-75.6035	-75.5884	-75.5773	-75.5715	-75.5727	-75.5825	-75.6028	-75.6354	-75.6822
5.225	-76.0281	-76.0896	-76.154	-76.2055	-76.2419	-76.2647	-76.2766	-76.2799	-76.2766	-76.2684	-76.2565	-76.2418	-76.225	-76.2066	-76.1871	-76.1666	-76.1455	-76.1238	-76.1017	-76.0791	-76.0563	-76.0331	-76.0097	-75.9861	-75.9622	-75.9381	-75.9138	-75.8893	-75.8647	-75.8399	-75.815	-75.7902	-75.7653	-75.7407	-75.7163	-75.6925	-75.6695	-75.6476	-75.6273	-75.6093	-75.5942	-75.5832	-75.5774	-75.5785	-75.5883	-75.6087	-75.6412	-75.6879
5.23	-76.0326	-76.094	-76.1584	-76.2098	-76.2462	-76.269	-76.2809	-76.2842	-76.281	-76.2728	-76.2609	-76.2462	-76.2295	-76.2112	-76.1917	-76.1713	-76.1502	-76.1285	-76.1064	-76.0839	-76.0611	-76.038	-76.0146	-75.991	-75.9672	-75.9431	-75.9189	-75.8944	-75.8698	-75.8451	-75.8203	-75.7955	-75.7707	-75.7461	-75.7218	-75.6981	-75.6751	-75.6533	-75.633	-75.615	-75.6	-75.589	-75.5832	-75.5844	-75.5942	-75.6145	-75.647	-75.6936
5.235	-76.0371	-76.0985	-76.1628	-76.2142	-76.2505	-76.2733	-76.2852	-76.2886	-76.2853	-76.2772	-76.2653	-76.2507	-76.234	-76.2157	-76.1962	-76.1759	-76.1548	-76.1332	-76.1111	-76.0887	-76.0659	-76.0429	-76.0195	-75.996	-75.9722	-75.9482	-75.924	-75.8996	-75.875	-75.8503	-75.8256	-75.8008	-75.7761	-75.7515	-75.7273	-75.7036	-75.6807	-75.6589	-75.6387	-75.6207	-75.6058	-75.5948	-75.5891	-75.5902	-75.6	-75.6203	-75.6527	-75.6993
5.24	-76.0416	-76.1029	-76.1671	-76.2185	-76.2548	-76.2776	-76.2895	-76.2929	-76.2897	-76.2816	-76.2697	-76.2551	-76.2384	-76.2202	-76.2008	-76.1805	-76.1594	-76.1379	-76.1159	-76.0934	-76.0707	-76.0477	-76.0244	-76.0009	-75.9771	-75.9532	-75.929	-75.9047	-75.8802	-75.8556	-75.8309	-75.8061	-75.7815	-75.757	-75.7328	-75.7091	-75.6862	-75.6645	-75.6444	-75.6264	-75.6115	-75.6006	-75.5949	-75.5961	-75.6059	-75.6261	-75.6585	-75.705
5.245	-76.0461	-76.1073	-76.1715	-76.2228	-76.2591	-76.2819	-76.2939	-76.2972	-76.2941	-76.2859	-76.2741	-76.2596	-76.2429	-76.2247	-76.2053	-76.1851	-76.1641	-76.1425	-76.1206	-76.0982	-76.0755	-76.0525	-76.0293	-76.0058	-75.9821	-75.9582	-75.9341	-75.9098	-75.8853	-75.8608	-75.8361	-75.8114	-75.7868	-75.7624	-75.7382	-75.7146	-75.6918	-75.6701	-75.65	-75.6322	-75.6173	-75.6063	-75.6007	-75.6019	-75.6117	-75.6319	-75.6642	-75.7107
5.25	-76.0506	-76.1117	-76.1758	-76.2272	-76.2634	-76.2862	-76.2981	-76.3015	-76.2984	-76.2903	-76.2785	-76.264	-76.2474	-76.2292	-76.2099	-76.1896	-76.1687	-76.1472	-76.1253	-76.1029	-76.0803	-76.0574	-76.0342	-76.0107	-75.9871	-75.9632	-75.9391	-75.9149	-75.8905	-75.866	-75.8414	-75.8167	-75.7922	-75.7678	-75.7437	-75.7201	-75.6973	-75.6757	-75.6557	-75.6378	-75.623	-75.6121	-75.6065	-75.6077	-75.6175	-75.6376	-75.67	-75.7164
5.255	-76.055	-76.1161	-76.1802	-76.2315	-76.2677	-76.2905	-76.3024	-76.3058	-76.3027	-76.2947	-76.2829	-76.2684	-76.2519	-76.2337	-76.2144	-76.1942	-76.1733	-76.1519	-76.13	-76.1077	-76.0851	-76.0622	-76.039	-76.0156	-75.992	-75.9682	-75.9442	-75.92	-75.8956	-75.8711	-75.8466	-75.822	-75.7975	-75.7731	-75.7491	-75.7256	-75.7029	-75.6813	-75.6613	-75.6435	-75.6287	-75.6179	-75.6123	-75.6135	-75.6232	-75.6434	-75.6757	-75.722
5.26	-76.0595	-76.1205	-76.1845	-76.2358	-76.272	-76.2948	-76.3067	-76.3102	-76.3071	-76.299	-76.2873	-76.2729	-76.2563	-76.2382	-76.2189	-76.1988	-76.1779	-76.1565	-76.1346	-76.1124	-76.0898	-76.067	-76.0439	-76.0205	-75.997	-75.9732	-75.9492	-75.9251	-75.9007	-75.8763	-75.8518	-75.8273	-75.8028	-75.7785	-75.7545	-75.7311	-75.7084	-75.6869	-75.6669	-75.6492	-75.6344	-75.6236	-75.618	-75.6192	-75.629	-75.6492	-75.6814	-75.7276
5.265	-76.064	-76.1249	-76.1889	-76.2401	-76.2763	-76.2991	-76.311	-76.3144	-76.3114	-76.3034	-76.2917	-76.2773	-76.2607	-76.2427	-76.2235	-76.2033	-76.1825	-76.1611	-76.1393	-76.1171	-76.0946	-76.0718	-76.0487	-76.0254	-76.0019	-75.9782	-75.9542	-75.9301	-75.9059	-75.8815	-75.857	-75.8326	-75.8081	-75.7839	-75.7599	-75.7365	-75.7139	-75.6924	-75.6726	-75.6548	-75.6401	-75.6293	-75.6238	-75.625	-75.6348	-75.6549	-75.6871	-75.7333
5.27	-76.0684	-76.1293	-76.1932	-76.2444	-76.2805	-76.3033	-76.3153	-76.3187	-76.3157	-76.3077	-76.2961	-76.2817	-76.2652	-76.2472	-76.228	-76.2079	-76.1871	-76.1658	-76.144	-76.1218	-76.0993	-76.0766	-76.0536	-76.0303	-76.0068	-75.9831	-75.9592	-75.9352	-75.911	-75.8866	-75.8622	-75.8378	-75.8134	-75.7892	-75.7654	-75.742	-75.7194	-75.698	-75.6782	-75.6605	-75.6458	-75.635	-75.6295	-75.6307	-75.6405	-75.6606	-75.6927	-75.7389
5.275	-76.0729	-76.1337	-76.1975	-76.2486	-76.2848	-76.3076	-76.3195	-76.323	-76.32	-76.312	-76.3004	-76.2861	-76.2696	-76.2516	-76.2325	-76.2124	-76.1917	-76.1704	-76.1486	-76.1265	-76.1041	-76.0814	-76.0584	-76.0352	-76.0117	-75.9881	-75.9642	-75.9402	-75.9161	-75.8918	-75.8674	-75.843	-75.8187	-75.7946	-75.7707	-75.7474	-75.7249	-75.7035	-75.6837	-75.6661	-75.6515	-75.6407	-75.6352	-75.6365	-75.6462	-75.6663	-75.6984	-75.7445
5.28	-76.0773	-76.1381	-76.2018	-76.2529	-76.2891	-76.3119	-76.3238	-76.3273	-76.3243	-76.3164	-76.3048	-76.2904	-76.274	-76.2561	-76.237	-76.217	-76.1963	-76.175	-76.1533	-76.1312	-76.1088	-76.0861	-76.0632	-76.04	-76.0166	-75.993	-75.9692	-75.9453	-75.9212	-75.8969	-75.8726	-75.8483	-75.824	-75.7999	-75.7761	-75.7529	-75.7304	-75.7091	-75.6893	-75.6717	-75.6571	-75.6464	-75.641	-75.6422	-75.652	-75.672	-75.7041	-75.7501
5.285	-76.0817	-76.1424	-76.2061	-76.2572	-76.2933	-76.3161	-76.3281	-76.3316	-76.3286	-76.3207	-76.3091	-76.2948	-76.2785	-76.2605	-76.2415	-76.2215	-76.2008	-76.1796	-76.1579	-76.1359	-76.1135	-76.0909	-76.068	-76.0449	-76.0215	-75.998	-75.9742	-75.9503	-75.9262	-75.902	-75.8778	-75.8535	-75.8293	-75.8052	-75.7815	-75.7583	-75.7359	-75.7146	-75.6949	-75.6774	-75.6628	-75.6521	-75.6467	-75.6479	-75.6577	-75.6777	-75.7097	-75.7557
5.29	-76.0862	-76.1468	-76.2104	-76.2615	-76.2975	-76.3203	-76.3323	-76.3358	-76.3329	-76.325	-76.3135	-76.2992	-76.2829	-76.265	-76.2459	-76.226	-76.2054	-76.1842	-76.1626	-76.1406	-76.1183	-76.0957	-76.0728	-76.0497	-76.0264	-76.0029	-75.9792	-75.9553	-75.9313	-75.9072	-75.8829	-75.8587	-75.8345	-75.8105	-75.7869	-75.7637	-75.7413	-75.7201	-75.7004	-75.683	-75.6684	-75.6578	-75.6523	-75.6536	-75.6634	-75.6834	-75.7153	-75.7612
5.295	-76.0906	-76.1512	-76.2147	-76.2657	-76.3018	-76.3246	-76.3365	-76.3401	-76.3371	-76.3293	-76.3178	-76.3036	-76.2873	-76.2694	-76.2504	-76.2305	-76.2099	-76.1888	-76.1672	-76.1452	-76.123	-76.1004	-76.0776	-76.0546	-76.0313	-76.0078	-75.9842	-75.9603	-75.9364	-75.9123	-75.8881	-75.8639	-75.8398	-75.8158	-75.7922	-75.7691	-75.7468	-75.7256	-75.706	-75.6885	-75.674	-75.6634	-75.658	-75.6593	-75.6691	-75.689	-75.7209	-75.7668
5.3	-76.095	-76.1555	-76.219	-76.27	-76.306	-76.3288	-76.3408	-76.3443	-76.3414	-76.3336	-76.3221	-76.3079	-76.2917	-76.2738	-76.2549	-76.235	-76.2145	-76.1934	-76.1718	-76.1499	-76.1277	-76.1052	-76.0824	-76.0594	-76.0362	-76.0127	-75.9891	-75.9653	-75.9414	-75.9174	-75.8932	-75.8691	-75.845	-75.8211	-75.7975	-75.7745	-75.7522	-75.7311	-75.7115	-75.6941	-75.6796	-75.6691	-75.6637	-75.665	-75.6747	-75.6947	-75.7265	-75.7723
5.305	-76.0994	-76.1598	-76.2233	-76.2742	-76.3102	-76.333	-76.345	-76.3486	-76.3457	-76.3379	-76.3264	-76.3123	-76.296	-76.2783	-76.2593	-76.2395	-76.219	-76.1979	-76.1764	-76.1545	-76.1324	-76.1099	-76.0872	-76.0642	-76.041	-76.0176	-75.9941	-75.9703	-75.9464	-75.9224	-75.8984	-75.8743	-75.8503	-75.8264	-75.8029	-75.7799	-75.7576	-75.7365	-75.717	-75.6997	-75.6852	-75.6747	-75.6693	-75.6707	-75.6804	-75.7003	-75.7321	-75.7778
5.31	-76.1038	-76.1642	-76.2276	-76.2784	-76.3144	-76.3372	-76.3492	-76.3528	-76.3499	-76.3422	-76.3308	-76.3166	-76.3004	-76.2827	-76.2638	-76.244	-76.2235	-76.2025	-76.181	-76.1592	-76.137	-76.1146	-76.0919	-76.069	-76.0459	-76.0225	-75.999	-75.9753	-75.9515	-75.9275	-75.9035	-75.8794	-75.8555	-75.8317	-75.8082	-75.7852	-75.7631	-75.742	-75.7225	-75.7052	-75.6908	-75.6803	-75.675	-75.6763	-75.686	-75.7059	-75.7377	-75.7834
5.315	-76.1082	-76.1685	-76.2319	-76.2827	-76.3186	-76.3414	-76.3534	-76.357	-76.3542	-76.3464	-76.3351	-76.3209	-76.3048	-76.2871	-76.2682	-76.2485	-76.228	-76.207	-76.1856	-76.1638	-76.1417	-76.1193	-76.0967	-76.0738	-76.0507	-76.0274	-76.0039	-75.9803	-75.9565	-75.9326	-75.9086	-75.8846	-75.8607	-75.8369	-75.8135	-75.7906	-75.7685	-75.7475	-75.728	-75.7108	-75.6964	-75.6859	-75.6806	-75.6819	-75.6917	-75.7116	-75.7433	-75.7889
5.32	-76.1126	-76.1728	-76.2361	-76.2869	-76.3229	-76.3456	-76.3576	-76.3612	-76.3584	-76.3507	-76.3394	-76.3253	-76.3091	-76.2915	-76.2727	-76.2529	-76.2325	-76.2116	-76.1902	-76.1684	-76.1464	-76.124	-76.1014	-76.0786	-76.0555	-76.0323	-76.0089	-75.9853	-75.9615	-75.9376	-75.9137	-75.8898	-75.8659	-75.8422	-75.8188	-75.7959	-75.7739	-75.7529	-75.7335	-75.7163	-75.702	-75.6915	-75.6862	-75.6876	-75.6973	-75.7172	-75.7488	-75.7944
5.325	-76.1169	-76.1771	-76.2404	-76.2911	-76.327	-76.3498	-76.3618	-76.3654	-76.3626	-76.355	-76.3437	-76.3296	-76.3135	-76.2959	-76.2771	-76.2574	-76.237	-76.2161	-76.1948	-76.1731	-76.151	-76.1287	-76.1062	-76.0834	-76.0604	-76.0372	-76.0138	-75.9902	-75.9665	-75.9427	-75.9188	-75.8949	-75.8711	-75.8474	-75.8241	-75.8013	-75.7792	-75.7583	-75.739	-75.7218	-75.7075	-75.6971	-75.6918	-75.6932	-75.7029	-75.7227	-75.7544	-75.7998
5.33	-76.1213	-76.1814	-76.2446	-76.2953	-76.3312	-76.354	-76.366	-76.3696	-76.3669	-76.3592	-76.3479	-76.3339	-76.3178	-76.3002	-76.2815	-76.2619	-76.2415	-76.2207	-76.1993	-76.1777	-76.1557	-76.1334	-76.1109	-76.0882	-76.0652	-76.042	-76.0187	-75.9952	-75.9715	-75.9477	-75.9239	-75.9	-75.8762	-75.8526	-75.8294	-75.8066	-75.7846	-75.7637	-75.7445	-75.7273	-75.7131	-75.7027	-75.6974	-75.6988	-75.7085	-75.7283	-75.7599	-75.8053
5.335	-76.1257	-76.1857	-76.2489	-76.2995	-76.3354	-76.3582	-76.3702	-76.3738	-76.3711	-76.3635	-76.3522	-76.3382	-76.3222	-76.3046	-76.2859	-76.2663	-76.246	-76.2252	-76.2039	-76.1823	-76.1603	-76.1381	-76.1156	-76.0929	-76.07	-76.0469	-76.0236	-76.0001	-75.9765	-75.9528	-75.929	-75.9052	-75.8814	-75.8579	-75.8346	-75.8119	-75.79	-75.7692	-75.7499	-75.7328	-75.7186	-75.7083	-75.703	-75.7044	-75.7141	-75.7339	-75.7654	-75.8108
5.34	-76.13	-76.19	-76.2531	-76.3037	-76.3396	-76.3623	-76.3744	-76.378	-76.3753	-76.3677	-76.3565	-76.3425	-76.3265	-76.309	-76.2903	-76.2707	-76.2505	-76.2297	-76.2085	-76.1869	-76.165	-76.1428	-76.1203	-76.0977	-76.0748	-76.0517	-76.0285	-76.005	-75.9815	-75.9578	-75.934	-75.9103	-75.8866	-75.8631	-75.8399	-75.8172	-75.7953	-75.7746	-75.7553	-75.7383	-75.7241	-75.7138	-75.7086	-75.71	-75.7197	-75.7394	-75.771	-75.8162
5.345	-76.1344	-76.1943	-76.2573	-76.3079	-76.3438	-76.3665	-76.3785	-76.3822	-76.3795	-76.3719	-76.3607	-76.3468	-76.3308	-76.3133	-76.2947	-76.2752	-76.255	-76.2342	-76.213	-76.1915	-76.1696	-76.1474	-76.125	-76.1024	-76.0796	-76.0565	-76.0333	-76.0099	-75.9864	-75.9628	-75.9391	-75.9154	-75.8917	-75.8683	-75.8451	-75.8225	-75.8007	-75.7799	-75.7608	-75.7438	-75.7296	-75.7194	-75.7142	-75.7155	-75.7252	-75.745	-75.7764	-75.8216
5.35	-76.1387	-76.1986	-76.2615	-76.3121	-76.3479	-76.3707	-76.3827	-76.3864	-76.3837	-76.3762	-76.365	-76.3511	-76.3352	-76.3177	-76.2991	-76.2796	-76.2594	-76.2387	-76.2175	-76.196	-76.1742	-76.1521	-76.1297	-76.1072	-76.0844	-76.0614	-76.0382	-76.0149	-75.9914	-75.9678	-75.9441	-75.9205	-75.8969	-75.8734	-75.8503	-75.8278	-75.806	-75.7853	-75.7662	-75.7492	-75.7351	-75.7249	-75.7197	-75.7211	-75.7308	-75.7505	-75.7819	-75.8271
5.355	-76.1431	-76.2029	-76.2658	-76.3163	-76.3521	-76.3748	-76.3869	-76.3906	-76.3879	-76.3804	-76.3692	-76.3554	-76.3395	-76.322	-76.3035	-76.284	-76.2639	-76.2432	-76.2221	-76.2006	-76.1788	-76.1567	-76.1344	-76.1119	-76.0891	-76.0662	-76.043	-76.0198	-75.9963	-75.9728	-75.9492	-75.9255	-75.902	-75.8786	-75.8556	-75.833	-75.8113	-75.7907	-75.7716	-75.7547	-75.7406	-75.7304	-75.7252	-75.7266	-75.7363	-75.756	-75.7874	-75.8325
5.36	-76.1474	-76.2071	-76.27	-76.3204	-76.3562	-76.3789	-76.391	-76.3947	-76.3921	-76.3846	-76.3735	-76.3596	-76.3438	-76.3264	-76.3078	-76.2884	-76.2683	-76.2477	-76.2266	-76.2052	-76.1834	-76.1614	-76.1391	-76.1166	-76.0939	-76.071	-76.0479	-76.0246	-76.0013	-75.9778	-75.9542	-75.9306	-75.9071	-75.8838	-75.8608	-75.8383	-75.8166	-75.796	-75.777	-75.7601	-75.7461	-75.7359	-75.7308	-75.7322	-75.7418	-75.7615	-75.7929	-75.8379
5.365	-76.1517	-76.2114	-76.2742	-76.3246	-76.3604	-76.3831	-76.3951	-76.3989	-76.3962	-76.3888	-76.3777	-76.3639	-76.3481	-76.3307	-76.3122	-76.2928	-76.2728	-76.2522	-76.2311	-76.2097	-76.188	-76.166	-76.1438	-76.1213	-76.0986	-76.0758	-76.0527	-76.0295	-76.0062	-75.9827	-75.9592	-75.9357	-75.9122	-75.8889	-75.866	-75.8436	-75.8219	-75.8014	-75.7824	-75.7655	-75.7515	-75.7414	-75.7363	-75.7377	-75.7474	-75.767	-75.7983	-75.8433
5.37	-76.156	-76.2156	-76.2784	-76.3287	-76.3645	-76.3872	-76.3993	-76.403	-76.4004	-76.393	-76.3819	-76.3682	-76.3524	-76.335	-76.3166	-76.2972	-76.2772	-76.2566	-76.2356	-76.2142	-76.1926	-76.1706	-76.1484	-76.126	-76.1034	-76.0806	-76.0576	-76.0344	-76.0111	-75.9877	-75.9642	-75.9407	-75.9173	-75.8941	-75.8712	-75.8488	-75.8272	-75.8067	-75.7878	-75.771	-75.757	-75.7469	-75.7418	-75.7432	-75.7529	-75.7725	-75.8037	-75.8486
5.375	-76.1604	-76.2199	-76.2826	-76.3329	-76.3686	-76.3913	-76.4034	-76.4072	-76.4046	-76.3972	-76.3861	-76.3724	-76.3566	-76.3393	-76.3209	-76.3016	-76.2816	-76.2611	-76.2401	-76.2188	-76.1972	-76.1752	-76.1531	-76.1307	-76.1081	-76.0853	-76.0624	-76.0393	-76.016	-75.9926	-75.9692	-75.9458	-75.9224	-75.8992	-75.8764	-75.854	-75.8325	-75.812	-75.7931	-75.7764	-75.7624	-75.7523	-75.7473	-75.7487	-75.7584	-75.778	-75.8092	-75.854
5.38	-76.1647	-76.2241	-76.2867	-76.337	-76.3727	-76.3954	-76.4075	-76.4113	-76.4087	-76.4014	-76.3904	-76.3766	-76.3609	-76.3437	-76.3253	-76.306	-76.286	-76.2655	-76.2446	-76.2233	-76.2017	-76.1798	-76.1577	-76.1354	-76.1129	-76.0901	-76.0672	-76.0441	-76.0209	-75.9976	-75.9742	-75.9508	-75.9275	-75.9043	-75.8815	-75.8592	-75.8377	-75.8173	-75.7985	-75.7817	-75.7679	-75.7578	-75.7527	-75.7542	-75.7638	-75.7834	-75.8146	-75.8594
5.385	-76.169	-76.2284	-76.2909	-76.3412	-76.3769	-76.3996	-76.4116	-76.4154	-76.4129	-76.4055	-76.3946	-76.3809	-76.3652	-76.348	-76.3296	-76.3103	-76.2904	-76.27	-76.2491	-76.2278	-76.2063	-76.1844	-76.1624	-76.1401	-76.1176	-76.0949	-76.072	-76.049	-76.0258	-76.0025	-75.9792	-75.9558	-75.9326	-75.9095	-75.8867	-75.8645	-75.843	-75.8226	-75.8038	-75.7871	-75.7733	-75.7632	-75.7582	-75.7597	-75.7693	-75.7889	-75.82	-75.8647
5.39	-76.1733	-76.2326	-76.2951	-76.3453	-76.381	-76.4037	-76.4158	-76.4196	-76.417	-76.4097	-76.3988	-76.3851	-76.3694	-76.3522	-76.3339	-76.3147	-76.2948	-76.2744	-76.2536	-76.2323	-76.2108	-76.189	-76.167	-76.1447	-76.1223	-76.0996	-76.0768	-76.0538	-76.0307	-76.0074	-75.9841	-75.9608	-75.9376	-75.9146	-75.8919	-75.8697	-75.8482	-75.8279	-75.8092	-75.7925	-75.7787	-75.7687	-75.7637	-75.7651	-75.7748	-75.7943	-75.8254	-75.87
5.395	-76.1775	-76.2368	-76.2992	-76.3494	-76.3851	-76.4078	-76.4199	-76.4237	-76.4212	-76.4139	-76.4029	-76.3893	-76.3737	-76.3565	-76.3382	-76.3191	-76.2992	-76.2788	-76.258	-76.2368	-76.2154	-76.1936	-76.1716	-76.1494	-76.127	-76.1044	-76.0816	-76.0586	-76.0355	-76.0124	-75.9891	-75.9658	-75.9427	-75.9197	-75.897	-75.8748	-75.8535	-75.8332	-75.8145	-75.7979	-75.7841	-75.7741	-75.7691	-75.7706	-75.7802	-75.7997	-75.8308	-75.8754
5.4	-76.1818	-76.241	-76.3034	-76.3535	-76.3892	-76.4118	-76.424	-76.4278	-76.4253	-76.418	-76.4071	-76.3935	-76.3779	-76.3608	-76.3426	-76.3234	-76.3036	-76.2833	-76.2625	-76.2413	-76.2199	-76.1982	-76.1762	-76.1541	-76.1317	-76.1091	-76.0863	-76.0634	-76.0404	-76.0173	-75.994	-75.9708	-75.9477	-75.9248	-75.9021	-75.88	-75.8587	-75.8385	-75.8198	-75.8032	-75.7895	-75.7795	-75.7746	-75.776	-75.7856	-75.8051	-75.8361	-75.8807
5.405	-76.1861	-76.2452	-76.3075	-76.3577	-76.3933	-76.4159	-76.428	-76.4319	-76.4294	-76.4222	-76.4113	-76.3977	-76.3822	-76.3651	-76.3469	-76.3278	-76.308	-76.2877	-76.2669	-76.2458	-76.2244	-76.2028	-76.1808	-76.1587	-76.1364	-76.1138	-76.0911	-76.0683	-76.0453	-76.0222	-75.999	-75.9758	-75.9527	-75.9298	-75.9072	-75.8852	-75.8639	-75.8437	-75.8251	-75.8085	-75.7949	-75.7849	-75.78	-75.7815	-75.7911	-75.8105	-75.8415	-75.886
5.41	-76.1904	-76.2494	-76.3117	-76.3618	-76.3973	-76.42	-76.4321	-76.436	-76.4335	-76.4263	-76.4155	-76.4019	-76.3864	-76.3694	-76.3512	-76.3321	-76.3123	-76.2921	-76.2714	-76.2503	-76.2289	-76.2073	-76.1854	-76.1633	-76.141	-76.1185	-76.0959	-76.0731	-76.0501	-76.027	-76.0039	-75.9808	-75.9578	-75.9349	-75.9124	-75.8903	-75.8691	-75.849	-75.8304	-75.8139	-75.8002	-75.7903	-75.7854	-75.7869	-75.7965	-75.8159	-75.8468	-75.8912
5.415	-76.1946	-76.2536	-76.3158	-76.3659	-76.4014	-76.4241	-76.4362	-76.4401	-76.4376	-76.4304	-76.4196	-76.4061	-76.3906	-76.3736	-76.3554	-76.3364	-76.3167	-76.2965	-76.2758	-76.2548	-76.2335	-76.2119	-76.19	-76.168	-76.1457	-76.1233	-76.1006	-76.0779	-76.0549	-76.0319	-76.0088	-75.9858	-75.9628	-75.9399	-75.9175	-75.8955	-75.8743	-75.8542	-75.8357	-75.8192	-75.8056	-75.7957	-75.7908	-75.7923	-75.8019	-75.8213	-75.8522	-75.8965
5.42	-76.1989	-76.2578	-76.32	-76.3699	-76.4055	-76.4281	-76.4403	-76.4442	-76.4417	-76.4346	-76.4238	-76.4103	-76.3948	-76.3779	-76.3597	-76.3407	-76.3211	-76.3009	-76.2802	-76.2592	-76.238	-76.2164	-76.1946	-76.1726	-76.1504	-76.128	-76.1054	-76.0826	-76.0598	-76.0368	-76.0138	-75.9907	-75.9678	-75.945	-75.9226	-75.9006	-75.8795	-75.8594	-75.8409	-75.8245	-75.8109	-75.8011	-75.7962	-75.7977	-75.8073	-75.8267	-75.8575	-75.9018
5.425	-76.2031	-76.262	-76.3241	-76.374	-76.4096	-76.4322	-76.4443	-76.4482	-76.4458	-76.4387	-76.4279	-76.4145	-76.3991	-76.3821	-76.364	-76.345	-76.3254	-76.3052	-76.2847	-76.2637	-76.2424	-76.2209	-76.1992	-76.1772	-76.155	-76.1326	-76.1101	-76.0874	-76.0646	-76.0416	-76.0187	-75.9957	-75.9728	-75.95	-75.9276	-75.9058	-75.8847	-75.8647	-75.8462	-75.8298	-75.8162	-75.8064	-75.8016	-75.8031	-75.8127	-75.832	-75.8628	-75.907
5.43	-76.2074	-76.2662	-76.3282	-76.3781	-76.4136	-76.4362	-76.4484	-76.4523	-76.4499	-76.4428	-76.4321	-76.4187	-76.4033	-76.3863	-76.3683	-76.3493	-76.3298	-76.3096	-76.2891	-76.2682	-76.2469	-76.2255	-76.2037	-76.1818	-76.1597	-76.1373	-76.1148	-76.0922	-76.0694	-76.0465	-76.0236	-76.0006	-75.9777	-75.9551	-75.9327	-75.9109	-75.8898	-75.8699	-75.8514	-75.8351	-75.8216	-75.8118	-75.8069	-75.8084	-75.818	-75.8374	-75.8681	-75.9123
5.435	-76.2116	-76.2703	-76.3323	-76.3822	-76.4177	-76.4403	-76.4524	-76.4564	-76.454	-76.4469	-76.4362	-76.4228	-76.4075	-76.3906	-76.3725	-76.3536	-76.3341	-76.314	-76.2935	-76.2726	-76.2514	-76.23	-76.2083	-76.1864	-76.1643	-76.142	-76.1195	-76.0969	-76.0742	-76.0513	-76.0284	-76.0055	-75.9827	-75.9601	-75.9378	-75.916	-75.895	-75.8751	-75.8567	-75.8404	-75.8269	-75.8171	-75.8123	-75.8138	-75.8234	-75.8427	-75.8734	-75.9175
5.44	-76.2158	-76.2745	-76.3364	-76.3862	-76.4217	-76.4443	-76.4565	-76.4604	-76.4581	-76.451	-76.4403	-76.427	-76.4116	-76.3948	-76.3768	-76.3579	-76.3384	-76.3184	-76.2979	-76.277	-76.2559	-76.2345	-76.2128	-76.191	-76.1689	-76.1467	-76.1243	-76.1017	-76.079	-76.0562	-76.0333	-76.0105	-75.9877	-75.9651	-75.9428	-75.9211	-75.9001	-75.8802	-75.8619	-75.8456	-75.8322	-75.8224	-75.8176	-75.8192	-75.8287	-75.848	-75.8787	-75.9227
5.445	-76.2201	-76.2787	-76.3405	-76.3903	-76.4258	-76.4484	-76.4605	-76.4645	-76.4622	-76.4551	-76.4445	-76.4311	-76.4158	-76.399	-76.381	-76.3622	-76.3427	-76.3227	-76.3023	-76.2814	-76.2603	-76.239	-76.2174	-76.1956	-76.1735	-76.1513	-76.1289	-76.1064	-76.0838	-76.061	-76.0382	-76.0154	-75.9926	-75.9701	-75.9479	-75.9262	-75.9052	-75.8854	-75.8671	-75.8509	-75.8375	-75.8278	-75.823	-75.8245	-75.8341	-75.8533	-75.884	-75.9279
5.45	-76.2243	-76.2828	-76.3446	-76.3944	-76.4298	-76.4524	-76.4645	-76.4685	-76.4662	-76.4592	-76.4486	-76.4353	-76.42	-76.4032	-76.3853	-76.3665	-76.347	-76.327	-76.3066	-76.2859	-76.2648	-76.2435	-76.2219	-76.2001	-76.1781	-76.156	-76.1336	-76.1111	-76.0885	-76.0658	-76.043	-76.0203	-75.9976	-75.9751	-75.9529	-75.9313	-75.9104	-75.8906	-75.8723	-75.8561	-75.8427	-75.8331	-75.8283	-75.8298	-75.8394	-75.8586	-75.8892	-75.9331
5.455	-76.2285	-76.287	-76.3487	-76.3984	-76.4338	-76.4564	-76.4686	-76.4726	-76.4703	-76.4633	-76.4527	-76.4394	-76.4242	-76.4074	-76.3895	-76.3708	-76.3513	-76.3314	-76.311	-76.2903	-76.2692	-76.248	-76.2264	-76.2047	-76.1827	-76.1606	-76.1383	-76.1159	-76.0933	-76.0706	-76.0479	-76.0252	-76.0025	-75.9801	-75.9579	-75.9363	-75.9155	-75.8957	-75.8775	-75.8614	-75.848	-75.8384	-75.8336	-75.8352	-75.8447	-75.8639	-75.8945	-75.9383
5.46	-76.2327	-76.2911	-76.3528	-76.4025	-76.4378	-76.4604	-76.4726	-76.4766	-76.4743	-76.4673	-76.4568	-76.4436	-76.4283	-76.4116	-76.3937	-76.375	-76.3556	-76.3357	-76.3154	-76.2947	-76.2737	-76.2524	-76.2309	-76.2092	-76.1873	-76.1652	-76.143	-76.1206	-76.0981	-76.0754	-76.0527	-76.0301	-76.0074	-75.985	-75.9629	-75.9414	-75.9206	-75.9009	-75.8827	-75.8666	-75.8533	-75.8436	-75.8389	-75.8405	-75.85	-75.8692	-75.8997	-75.9435
5.465	-76.2369	-76.2952	-76.3569	-76.4065	-76.4418	-76.4644	-76.4766	-76.4806	-76.4784	-76.4714	-76.4609	-76.4477	-76.4325	-76.4158	-76.398	-76.3793	-76.3599	-76.34	-76.3197	-76.2991	-76.2781	-76.2569	-76.2355	-76.2138	-76.1919	-76.1699	-76.1477	-76.1253	-76.1028	-76.0802	-76.0576	-76.0349	-76.0124	-75.99	-75.968	-75.9464	-75.9257	-75.906	-75.8879	-75.8718	-75.8585	-75.8489	-75.8442	-75.8458	-75.8553	-75.8745	-75.9049	-75.9487
5.47	-76.2411	-76.2994	-76.3609	-76.4105	-76.4458	-76.4684	-76.4806	-76.4846	-76.4824	-76.4755	-76.465	-76.4518	-76.4366	-76.42	-76.4022	-76.3835	-76.3642	-76.3444	-76.3241	-76.3035	-76.2825	-76.2614	-76.24	-76.2183	-76.1965	-76.1745	-76.1523	-76.13	-76.1075	-76.085	-76.0624	-76.0398	-76.0173	-75.9949	-75.9729	-75.9515	-75.9308	-75.9111	-75.893	-75.877	-75.8637	-75.8542	-75.8495	-75.8511	-75.8606	-75.8797	-75.9101	-75.9538
5.475	-76.2453	-76.3035	-76.365	-76.4145	-76.4498	-76.4724	-76.4846	-76.4886	-76.4865	-76.4795	-76.469	-76.4559	-76.4408	-76.4241	-76.4064	-76.3878	-76.3685	-76.3487	-76.3284	-76.3078	-76.287	-76.2658	-76.2444	-76.2229	-76.2011	-76.1791	-76.157	-76.1347	-76.1123	-76.0898	-76.0672	-76.0446	-76.0222	-75.9999	-75.9779	-75.9565	-75.9358	-75.9163	-75.8982	-75.8822	-75.869	-75.8594	-75.8547	-75.8563	-75.8659	-75.885	-75.9154	-75.959
5.48	-76.2494	-76.3076	-76.369	-76.4186	-76.4538	-76.4764	-76.4886	-76.4927	-76.4905	-76.4836	-76.4731	-76.46	-76.4449	-76.4283	-76.4106	-76.392	-76.3727	-76.353	-76.3328	-76.3122	-76.2914	-76.2703	-76.2489	-76.2274	-76.2056	-76.1837	-76.1616	-76.1394	-76.117	-76.0945	-76.072	-76.0495	-76.0271	-76.0048	-75.9829	-75.9615	-75.9409	-75.9214	-75.9033	-75.8874	-75.8742	-75.8647	-75.86	-75.8616	-75.8711	-75.8902	-75.9205	-75.9641
5.485	-76.2536	-76.3117	-76.3731	-76.4226	-76.4578	-76.4804	-76.4926	-76.4967	-76.4945	-76.4876	-76.4772	-76.4641	-76.449	-76.4325	-76.4148	-76.3962	-76.377	-76.3573	-76.3371	-76.3166	-76.2958	-76.2747	-76.2534	-76.2319	-76.2102	-76.1883	-76.1662	-76.144	-76.1217	-76.0993	-76.0768	-76.0543	-76.0319	-76.0098	-75.9879	-75.9665	-75.946	-75.9265	-75.9085	-75.8925	-75.8794	-75.8699	-75.8652	-75.8669	-75.8764	-75.8954	-75.9257	-75.9692
5.49	-76.2578	-76.3158	-76.3771	-76.4266	-76.4618	-76.4844	-76.4966	-76.5006	-76.4985	-76.4916	-76.4812	-76.4682	-76.4532	-76.4366	-76.419	-76.4004	-76.3812	-76.3615	-76.3414	-76.3209	-76.3002	-76.2791	-76.2579	-76.2364	-76.2147	-76.1929	-76.1709	-76.1487	-76.1264	-76.104	-76.0816	-76.0592	-76.0368	-76.0147	-75.9928	-75.9715	-75.951	-75.9315	-75.9136	-75.8977	-75.8846	-75.8751	-75.8705	-75.8721	-75.8816	-75.9007	-75.9309	-75.9743
5.495	-76.2619	-76.3199	-76.3812	-76.4306	-76.4658	-76.4883	-76.5005	-76.5046	-76.5025	-76.4957	-76.4853	-76.4723	-76.4573	-76.4408	-76.4231	-76.4046	-76.3855	-76.3658	-76.3457	-76.3253	-76.3046	-76.2836	-76.2623	-76.2409	-76.2193	-76.1974	-76.1755	-76.1533	-76.1311	-76.1088	-76.0864	-76.064	-76.0417	-76.0196	-75.9978	-75.9765	-75.956	-75.9366	-75.9187	-75.9029	-75.8898	-75.8803	-75.8757	-75.8773	-75.8868	-75.9059	-75.9361	-75.9794
5.5	-76.2661	-76.324	-76.3852	-76.4346	-76.4698	-76.4923	-76.5045	-76.5086	-76.5065	-76.4997	-76.4893	-76.4764	-76.4614	-76.4449	-76.4273	-76.4089	-76.3897	-76.3701	-76.35	-76.3296	-76.3089	-76.288	-76.2668	-76.2454	-76.2238	-76.202	-76.1801	-76.158	-76.1358	-76.1135	-76.0911	-76.0688	-76.0465	-76.0245	-76.0027	-75.9815	-75.9611	-75.9417	-75.9238	-75.908	-75.8949	-75.8855	-75.8809	-75.8826	-75.892	-75.9111	-75.9412	-75.9845
5.505	-76.2702	-76.3281	-76.3892	-76.4385	-76.4737	-76.4963	-76.5085	-76.5126	-76.5105	-76.5037	-76.4934	-76.4804	-76.4655	-76.449	-76.4315	-76.413	-76.394	-76.3744	-76.3543	-76.334	-76.3133	-76.2924	-76.2712	-76.2499	-76.2283	-76.2066	-76.1847	-76.1626	-76.1405	-76.1182	-76.0959	-76.0736	-76.0514	-76.0294	-76.0077	-75.9865	-75.9661	-75.9467	-75.9289	-75.9131	-75.9001	-75.8907	-75.8861	-75.8878	-75.8972	-75.9162	-75.9464	-75.9896
5.51	-76.2744	-76.3321	-76.3932	-76.4425	-76.4777	-76.5002	-76.5124	-76.5165	-76.5145	-76.5077	-76.4974	-76.4845	-76.4696	-76.4532	-76.4356	-76.4172	-76.3982	-76.3786	-76.3586	-76.3383	-76.3177	-76.2968	-76.2757	-76.2543	-76.2328	-76.2111	-76.1893	-76.1673	-76.1451	-76.1229	-76.1006	-76.0784	-76.0562	-76.0342	-76.0126	-75.9914	-75.9711	-75.9518	-75.934	-75.9183	-75.9053	-75.8959	-75.8913	-75.893	-75.9024	-75.9214	-75.9515	-75.9947
5.515	-76.2785	-76.3362	-76.3973	-76.4465	-76.4816	-76.5042	-76.5164	-76.5205	-76.5185	-76.5117	-76.5015	-76.4885	-76.4737	-76.4573	-76.4398	-76.4214	-76.4024	-76.3829	-76.3629	-76.3426	-76.322	-76.3012	-76.2801	-76.2588	-76.2373	-76.2157	-76.1938	-76.1719	-76.1498	-76.1276	-76.1054	-76.0832	-76.061	-76.0391	-76.0175	-75.9964	-75.9761	-75.9568	-75.9391	-75.9234	-75.9104	-75.9011	-75.8965	-75.8982	-75.9076	-75.9266	-75.9566	-75.9998
5.52	-76.2827	-76.3403	-76.4013	-76.4505	-76.4856	-76.5081	-76.5203	-76.5245	-76.5224	-76.5157	-76.5055	-76.4926	-76.4777	-76.4614	-76.4439	-76.4256	-76.4066	-76.3871	-76.3672	-76.3469	-76.3264	-76.3056	-76.2845	-76.2633	-76.2418	-76.2202	-76.1984	-76.1765	-76.1544	-76.1323	-76.1101	-76.088	-76.0659	-76.044	-76.0224	-76.0014	-75.9811	-75.9619	-75.9441	-75.9285	-75.9155	-75.9062	-75.9017	-75.9034	-75.9128	-75.9317	-75.9617	-76.0048
5.525	-76.2868	-76.3443	-76.4053	-76.4544	-76.4895	-76.512	-76.5242	-76.5284	-76.5264	-76.5197	-76.5095	-76.4966	-76.4818	-76.4655	-76.4481	-76.4298	-76.4108	-76.3913	-76.3715	-76.3512	-76.3307	-76.3099	-76.2889	-76.2677	-76.2463	-76.2247	-76.203	-76.1811	-76.1591	-76.137	-76.1149	-76.0927	-76.0707	-76.0488	-76.0273	-76.0063	-75.986	-75.9669	-75.9492	-75.9336	-75.9207	-75.9114	-75.9069	-75.9085	-75.918	-75.9369	-75.9668	-76.0098
5.53	-76.2909	-76.3484	-76.4093	-76.4584	-76.4935	-76.5159	-76.5282	-76.5324	-76.5304	-76.5237	-76.5135	-76.5007	-76.4859	-76.4696	-76.4522	-76.4339	-76.415	-76.3956	-76.3757	-76.3555	-76.3351	-76.3143	-76.2933	-76.2722	-76.2508	-76.2292	-76.2075	-76.1857	-76.1637	-76.1417	-76.1196	-76.0975	-76.0755	-76.0537	-76.0322	-76.0112	-75.991	-75.9719	-75.9542	-75.9387	-75.9258	-75.9165	-75.912	-75.9137	-75.9231	-75.942	-75.9719	-76.0149
5.535	-76.295	-76.3524	-76.4133	-76.4623	-76.4974	-76.5199	-76.5321	-76.5363	-76.5343	-76.5277	-76.5175	-76.5047	-76.4899	-76.4737	-76.4563	-76.4381	-76.4192	-76.3998	-76.38	-76.3598	-76.3394	-76.3187	-76.2977	-76.2766	-76.2553	-76.2338	-76.2121	-76.1903	-76.1684	-76.1463	-76.1243	-76.1022	-76.0803	-76.0585	-76.037	-76.0161	-75.996	-75.9769	-75.9593	-75.9437	-75.9309	-75.9217	-75.9172	-75.9188	-75.9283	-75.9471	-75.977	-76.0199
5.54	-76.2991	-76.3565	-76.4172	-76.4663	-76.5013	-76.5238	-76.536	-76.5402	-76.5383	-76.5316	-76.5215	-76.5087	-76.494	-76.4778	-76.4604	-76.4422	-76.4234	-76.404	-76.3842	-76.3641	-76.3437	-76.323	-76.3021	-76.281	-76.2597	-76.2383	-76.2166	-76.1949	-76.173	-76.151	-76.129	-76.107	-76.085	-76.0633	-76.0419	-76.021	-76.0009	-75.9819	-75.9643	-75.9488	-75.936	-75.9268	-75.9223	-75.924	-75.9334	-75.9522	-75.9821	-76.0249
5.545	-76.3032	-76.3605	-76.4212	-76.4702	-76.5052	-76.5277	-76.5399	-76.5441	-76.5422	-76.5356	-76.5255	-76.5127	-76.498	-76.4818	-76.4645	-76.4464	-76.4276	-76.4082	-76.3885	-76.3684	-76.348	-76.3274	-76.3065	-76.2854	-76.2642	-76.2428	-76.2212	-76.1994	-76.1776	-76.1557	-76.1337	-76.1117	-76.0898	-76.0681	-76.0468	-76.0259	-76.0059	-75.9868	-75.9693	-75.9538	-75.9411	-75.9319	-75.9274	-75.9291	-75.9385	-75.9573	-75.9871	-76.0299
5.55	-76.3073	-76.3645	-76.4252	-76.4741	-76.5091	-76.5316	-76.5438	-76.5481	-76.5461	-76.5396	-76.5295	-76.5168	-76.5021	-76.4859	-76.4686	-76.4505	-76.4317	-76.4124	-76.3927	-76.3727	-76.3523	-76.3317	-76.3109	-76.2899	-76.2686	-76.2472	-76.2257	-76.204	-76.1822	-76.1603	-76.1384	-76.1164	-76.0946	-76.0729	-76.0516	-76.0308	-76.0108	-75.9918	-75.9743	-75.9589	-75.9461	-75.937	-75.9326	-75.9342	-75.9436	-75.9624	-75.9922	-76.0349
5.555	-76.3114	-76.3686	-76.4292	-76.4781	-76.513	-76.5355	-76.5477	-76.552	-76.5501	-76.5435	-76.5335	-76.5208	-76.5061	-76.49	-76.4727	-76.4546	-76.4359	-76.4166	-76.3969	-76.3769	-76.3566	-76.336	-76.3153	-76.2943	-76.2731	-76.2517	-76.2302	-76.2086	-76.1868	-76.1649	-76.143	-76.1211	-76.0993	-76.0777	-76.0565	-76.0357	-76.0157	-75.9968	-75.9793	-75.9639	-75.9512	-75.9421	-75.9377	-75.9394	-75.9487	-75.9675	-75.9972	-76.0399
5.56	-76.3155	-76.3726	-76.4331	-76.482	-76.5169	-76.5394	-76.5516	-76.5559	-76.554	-76.5475	-76.5374	-76.5248	-76.5101	-76.494	-76.4768	-76.4588	-76.44	-76.4208	-76.4012	-76.3812	-76.3609	-76.3404	-76.3196	-76.2987	-76.2775	-76.2562	-76.2347	-76.2131	-76.1914	-76.1696	-76.1477	-76.1259	-76.1041	-76.0825	-76.0613	-76.0406	-76.0206	-76.0017	-75.9843	-75.9689	-75.9563	-75.9472	-75.9428	-75.9445	-75.9538	-75.9726	-76.0022	-76.0449
5.565	-76.3196	-76.3766	-76.4371	-76.4859	-76.5208	-76.5433	-76.5555	-76.5598	-76.5579	-76.5514	-76.5414	-76.5288	-76.5142	-76.4981	-76.4809	-76.4629	-76.4442	-76.425	-76.4054	-76.3854	-76.3652	-76.3447	-76.324	-76.3031	-76.2819	-76.2607	-76.2392	-76.2177	-76.196	-76.1742	-76.1524	-76.1305	-76.1088	-76.0873	-76.0661	-76.0454	-76.0255	-76.0067	-75.9893	-75.974	-75.9613	-75.9522	-75.9478	-75.9495	-75.9589	-75.9776	-76.0073	-76.0498
5.57	-76.3236	-76.3806	-76.441	-76.4898	-76.5247	-76.5471	-76.5594	-76.5637	-76.5618	-76.5553	-76.5453	-76.5327	-76.5182	-76.5021	-76.485	-76.467	-76.4483	-76.4292	-76.4096	-76.3897	-76.3695	-76.349	-76.3283	-76.3074	-76.2864	-76.2651	-76.2437	-76.2222	-76.2005	-76.1788	-76.157	-76.1352	-76.1136	-76.0921	-76.0709	-76.0503	-76.0304	-76.0116	-75.9943	-75.979	-75.9663	-75.9573	-75.9529	-75.9546	-75.964	-75.9827	-76.0123	-76.0548
5.575	-76.3277	-76.3846	-76.445	-76.4937	-76.5286	-76.551	-76.5633	-76.5676	-76.5657	-76.5593	-76.5493	-76.5367	-76.5222	-76.5062	-76.489	-76.4711	-76.4525	-76.4333	-76.4138	-76.3939	-76.3737	-76.3533	-76.3327	-76.3118	-76.2908	-76.2696	-76.2482	-76.2267	-76.2051	-76.1834	-76.1617	-76.1399	-76.1183	-76.0968	-76.0757	-76.0551	-76.0353	-76.0165	-75.9992	-75.984	-75.9714	-75.9623	-75.958	-75.9597	-75.9691	-75.9877	-76.0173	-76.0597
5.58	-76.3318	-76.3886	-76.4489	-76.4976	-76.5325	-76.5549	-76.5671	-76.5714	-76.5696	-76.5632	-76.5532	-76.5407	-76.5262	-76.5102	-76.4931	-76.4752	-76.4566	-76.4375	-76.418	-76.3981	-76.378	-76.3576	-76.337	-76.3162	-76.2952	-76.274	-76.2527	-76.2312	-76.2096	-76.188	-76.1663	-76.1446	-76.123	-76.1016	-76.0805	-76.06	-76.0402	-76.0214	-76.0042	-75.9889	-75.9764	-75.9674	-75.963	-75.9648	-75.9741	-75.9928	-76.0223	-76.0646
5.585	-76.3358	-76.3926	-76.4528	-76.5015	-76.5363	-76.5587	-76.571	-76.5753	-76.5735	-76.5671	-76.5572	-76.5447	-76.5302	-76.5142	-76.4972	-76.4793	-76.4607	-76.4416	-76.4222	-76.4023	-76.3822	-76.3619	-76.3413	-76.3205	-76.2996	-76.2784	-76.2572	-76.2357	-76.2142	-76.1926	-76.1709	-76.1493	-76.1277	-76.1063	-76.0853	-76.0648	-76.045	-76.0264	-76.0091	-75.9939	-75.9814	-75.9724	-75.9681	-75.9698	-75.9792	-75.9978	-76.0272	-76.0696
5.59	-76.3399	-76.3966	-76.4567	-76.5054	-76.5402	-76.5626	-76.5749	-76.5792	-76.5774	-76.571	-76.5611	-76.5486	-76.5342	-76.5182	-76.5012	-76.4833	-76.4648	-76.4458	-76.4263	-76.4066	-76.3865	-76.3662	-76.3456	-76.3249	-76.304	-76.2829	-76.2616	-76.2402	-76.2187	-76.1972	-76.1755	-76.1539	-76.1324	-76.1111	-76.0901	-76.0696	-76.0499	-76.0312	-76.0141	-75.9989	-75.9864	-75.9774	-75.9731	-75.9749	-75.9842	-76.0028	-76.0322	-76.0745
5.595	-76.3439	-76.4005	-76.4607	-76.5093	-76.5441	-76.5664	-76.5787	-76.583	-76.5813	-76.5749	-76.565	-76.5526	-76.5381	-76.5223	-76.5053	-76.4874	-76.4689	-76.4499	-76.4305	-76.4108	-76.3907	-76.3704	-76.3499	-76.3292	-76.3083	-76.2873	-76.2661	-76.2447	-76.2233	-76.2017	-76.1801	-76.1586	-76.1371	-76.1158	-76.0949	-76.0744	-76.0547	-76.0361	-76.019	-76.0038	-75.9914	-75.9824	-75.9781	-75.9799	-75.9892	-76.0078	-76.0372	-76.0794
5.6	-76.3479	-76.4045	-76.4646	-76.5131	-76.5479	-76.5703	-76.5826	-76.5869	-76.5852	-76.5788	-76.569	-76.5565	-76.5421	-76.5263	-76.5093	-76.4915	-76.473	-76.4541	-76.4347	-76.415	-76.395	-76.3747	-76.3542	-76.3336	-76.3127	-76.2917	-76.2705	-76.2492	-76.2278	-76.2063	-76.1847	-76.1632	-76.1418	-76.1205	-76.0996	-76.0792	-76.0596	-76.041	-76.0239	-76.0088	-75.9963	-75.9874	-75.9832	-75.9849	-75.9942	-76.0128	-76.0421	-76.0843
5.605	-76.352	-76.4085	-76.4685	-76.517	-76.5517	-76.5741	-76.5864	-76.5908	-76.589	-76.5827	-76.5729	-76.5605	-76.5461	-76.5303	-76.5133	-76.4955	-76.4771	-76.4582	-76.4388	-76.4192	-76.3992	-76.379	-76.3585	-76.3379	-76.3171	-76.2961	-76.275	-76.2537	-76.2323	-76.2108	-76.1893	-76.1678	-76.1464	-76.1252	-76.1044	-76.084	-76.0644	-76.0459	-76.0288	-76.0137	-76.0013	-75.9924	-75.9882	-75.9899	-75.9992	-76.0178	-76.0471	-76.0892
5.61	-76.356	-76.4124	-76.4724	-76.5209	-76.5556	-76.578	-76.5902	-76.5946	-76.5929	-76.5866	-76.5768	-76.5644	-76.5501	-76.5343	-76.5173	-76.4996	-76.4812	-76.4623	-76.443	-76.4233	-76.4034	-76.3832	-76.3628	-76.3422	-76.3214	-76.3005	-76.2794	-76.2582	-76.2368	-76.2154	-76.1939	-76.1725	-76.1511	-76.1299	-76.1091	-76.0888	-76.0692	-76.0507	-76.0337	-76.0187	-76.0063	-75.9974	-75.9932	-75.9949	-76.0042	-76.0227	-76.052	-76.094
5.615	-76.36	-76.4164	-76.4763	-76.5247	-76.5594	-76.5818	-76.5941	-76.5984	-76.5967	-76.5905	-76.5807	-76.5683	-76.554	-76.5382	-76.5214	-76.5036	-76.4853	-76.4664	-76.4471	-76.4275	-76.4076	-76.3875	-76.3671	-76.3465	-76.3258	-76.3049	-76.2838	-76.2626	-76.2413	-76.2199	-76.1985	-76.1771	-76.1558	-76.1346	-76.1138	-76.0936	-76.0741	-76.0556	-76.0386	-76.0236	-76.0112	-76.0024	-75.9982	-75.9999	-76.0092	-76.0277	-76.0569	-76.0989
5.62	-76.364	-76.4203	-76.4802	-76.5286	-76.5632	-76.5856	-76.5979	-76.6023	-76.6006	-76.5943	-76.5846	-76.5722	-76.558	-76.5422	-76.5254	-76.5077	-76.4894	-76.4705	-76.4513	-76.4317	-76.4118	-76.3917	-76.3714	-76.3509	-76.3301	-76.3093	-76.2882	-76.2671	-76.2458	-76.2244	-76.2031	-76.1817	-76.1604	-76.1393	-76.1186	-76.0983	-76.0789	-76.0604	-76.0435	-76.0285	-76.0162	-76.0073	-76.0031	-76.0049	-76.0142	-76.0326	-76.0618	-76.1038
5.625	-76.368	-76.4243	-76.4841	-76.5324	-76.5671	-76.5894	-76.6017	-76.6061	-76.6044	-76.5982	-76.5885	-76.5762	-76.5619	-76.5462	-76.5294	-76.5117	-76.4934	-76.4746	-76.4554	-76.4359	-76.416	-76.3959	-76.3756	-76.3551	-76.3345	-76.3136	-76.2926	-76.2715	-76.2503	-76.229	-76.2076	-76.1863	-76.165	-76.144	-76.1233	-76.1031	-76.0836	-76.0653	-76.0483	-76.0334	-76.0211	-76.0123	-76.0081	-76.0099	-76.0192	-76.0376	-76.0667	-76.1086
5.63	-76.372	-76.4282	-76.4879	-76.5363	-76.5709	-76.5932	-76.6055	-76.6099	-76.6083	-76.6021	-76.5924	-76.5801	-76.5658	-76.5502	-76.5334	-76.5158	-76.4975	-76.4787	-76.4595	-76.44	-76.4202	-76.4002	-76.3799	-76.3594	-76.3388	-76.318	-76.297	-76.276	-76.2548	-76.2335	-76.2122	-76.1909	-76.1697	-76.1487	-76.128	-76.1078	-76.0884	-76.0701	-76.0532	-76.0383	-76.026	-76.0172	-76.0131	-76.0148	-76.0241	-76.0425	-76.0716	-76.1134
5.635	-76.376	-76.4321	-76.4918	-76.5401	-76.5747	-76.597	-76.6093	-76.6137	-76.6121	-76.6059	-76.5962	-76.584	-76.5698	-76.5541	-76.5374	-76.5198	-76.5015	-76.4828	-76.4636	-76.4442	-76.4244	-76.4044	-76.3842	-76.3637	-76.3431	-76.3224	-76.3014	-76.2804	-76.2592	-76.238	-76.2167	-76.1954	-76.1743	-76.1533	-76.1327	-76.1126	-76.0932	-76.0749	-76.058	-76.0432	-76.0309	-76.0222	-76.018	-76.0198	-76.0291	-76.0474	-76.0765	-76.1183
5.64	-76.38	-76.4361	-76.4957	-76.5439	-76.5785	-76.6008	-76.6131	-76.6176	-76.6159	-76.6097	-76.6001	-76.5879	-76.5737	-76.5581	-76.5414	-76.5238	-76.5056	-76.4869	-76.4678	-76.4483	-76.4286	-76.4086	-76.3884	-76.368	-76.3474	-76.3267	-76.3058	-76.2848	-76.2637	-76.2425	-76.2212	-76.2	-76.1789	-76.158	-76.1374	-76.1173	-76.098	-76.0797	-76.0629	-76.048	-76.0358	-76.0271	-76.023	-76.0247	-76.034	-76.0523	-76.0814	-76.1231
5.645	-76.384	-76.44	-76.4995	-76.5477	-76.5823	-76.6046	-76.6169	-76.6214	-76.6198	-76.6136	-76.604	-76.5918	-76.5776	-76.562	-76.5453	-76.5278	-76.5096	-76.4909	-76.4719	-76.4524	-76.4327	-76.4128	-76.3926	-76.3723	-76.3517	-76.331	-76.3102	-76.2892	-76.2681	-76.247	-76.2258	-76.2046	-76.1835	-76.1626	-76.1421	-76.122	-76.1027	-76.0845	-76.0677	-76.0529	-76.0407	-76.032	-76.0279	-76.0297	-76.0389	-76.0573	-76.0862	-76.1279
5.65	-76.388	-76.4439	-76.5034	-76.5516	-76.5861	-76.6084	-76.6207	-76.6252	-76.6236	-76.6174	-76.6078	-76.5956	-76.5815	-76.566	-76.5493	-76.5318	-76.5137	-76.495	-76.476	-76.4566	-76.4369	-76.417	-76.3969	-76.3765	-76.356	-76.3354	-76.3146	-76.2936	-76.2726	-76.2514	-76.2303	-76.2092	-76.1881	-76.1673	-76.1467	-76.1267	-76.1075	-76.0893	-76.0725	-76.0578	-76.0456	-76.0369	-76.0328	-76.0346	-76.0438	-76.0621	-76.0911	-76.1327
5.655	-76.392	-76.4478	-76.5072	-76.5554	-76.5899	-76.6122	-76.6245	-76.6289	-76.6274	-76.6213	-76.6117	-76.5995	-76.5854	-76.5699	-76.5533	-76.5358	-76.5177	-76.4991	-76.48	-76.4607	-76.4411	-76.4212	-76.4011	-76.3808	-76.3603	-76.3397	-76.3189	-76.298	-76.277	-76.2559	-76.2348	-76.2137	-76.1927	-76.1719	-76.1514	-76.1314	-76.1122	-76.0941	-76.0774	-76.0626	-76.0505	-76.0418	-76.0377	-76.0395	-76.0488	-76.067	-76.0959	-76.1375
5.66	-76.3959	-76.4517	-76.5111	-76.5592	-76.5937	-76.616	-76.6283	-76.6327	-76.6312	-76.6251	-76.6155	-76.6034	-76.5893	-76.5738	-76.5572	-76.5398	-76.5217	-76.5031	-76.4841	-76.4648	-76.4452	-76.4254	-76.4053	-76.3851	-76.3646	-76.344	-76.3233	-76.3024	-76.2814	-76.2604	-76.2393	-76.2182	-76.1973	-76.1765	-76.1561	-76.1361	-76.117	-76.0988	-76.0822	-76.0674	-76.0553	-76.0467	-76.0426	-76.0444	-76.0536	-76.0719	-76.1008	-76.1423
5.665	-76.3999	-76.4556	-76.5149	-76.563	-76.5974	-76.6197	-76.632	-76.6365	-76.635	-76.6289	-76.6194	-76.6073	-76.5932	-76.5778	-76.5612	-76.5438	-76.5257	-76.5072	-76.4882	-76.4689	-76.4493	-76.4295	-76.4095	-76.3893	-76.3689	-76.3483	-76.3276	-76.3068	-76.2859	-76.2649	-76.2438	-76.2228	-76.2018	-76.1811	-76.1607	-76.1408	-76.1217	-76.1036	-76.087	-76.0723	-76.0602	-76.0516	-76.0475	-76.0493	-76.0585	-76.0768	-76.1056	-76.147
5.67	-76.4038	-76.4595	-76.5188	-76.5668	-76.6012	-76.6235	-76.6358	-76.6403	-76.6388	-76.6327	-76.6232	-76.6111	-76.5971	-76.5817	-76.5651	-76.5477	-76.5297	-76.5112	-76.4923	-76.473	-76.4535	-76.4337	-76.4137	-76.3935	-76.3732	-76.3526	-76.332	-76.3112	-76.2903	-76.2693	-76.2483	-76.2273	-76.2064	-76.1857	-76.1654	-76.1455	-76.1264	-76.1084	-76.0918	-76.0771	-76.065	-76.0565	-76.0524	-76.0542	-76.0634	-76.0816	-76.1104	-76.1518
5.675	-76.4078	-76.4634	-76.5226	-76.5705	-76.605	-76.6272	-76.6395	-76.6441	-76.6426	-76.6365	-76.627	-76.615	-76.601	-76.5856	-76.5691	-76.5517	-76.5337	-76.5152	-76.4963	-76.4771	-76.4576	-76.4379	-76.4179	-76.3978	-76.3774	-76.3569	-76.3363	-76.3156	-76.2947	-76.2737	-76.2528	-76.2318	-76.211	-76.1903	-76.17	-76.1502	-76.1311	-76.1131	-76.0965	-76.0819	-76.0699	-76.0613	-76.0573	-76.0591	-76.0683	-76.0865	-76.1152	-76.1565
5.68	-76.4117	-76.4672	-76.5264	-76.5743	-76.6087	-76.631	-76.6433	-76.6478	-76.6463	-76.6403	-76.6309	-76.6188	-76.6049	-76.5895	-76.573	-76.5557	-76.5377	-76.5193	-76.5004	-76.4812	-76.4617	-76.442	-76.4221	-76.402	-76.3817	-76.3612	-76.3406	-76.3199	-76.2991	-76.2782	-76.2572	-76.2363	-76.2155	-76.1949	-76.1746	-76.1548	-76.1358	-76.1178	-76.1013	-76.0867	-76.0747	-76.0662	-76.0621	-76.064	-76.0732	-76.0913	-76.12	-76.1613
5.685	-76.4157	-76.4711	-76.5302	-76.5781	-76.6125	-76.6347	-76.647	-76.6516	-76.6501	-76.6441	-76.6347	-76.6227	-76.6088	-76.5934	-76.5769	-76.5596	-76.5417	-76.5233	-76.5044	-76.4853	-76.4659	-76.4462	-76.4263	-76.4062	-76.3859	-76.3655	-76.345	-76.3243	-76.3035	-76.2826	-76.2617	-76.2408	-76.2201	-76.1995	-76.1792	-76.1595	-76.1405	-76.1226	-76.1061	-76.0915	-76.0795	-76.071	-76.067	-76.0688	-76.078	-76.0961	-76.1248	-76.166
5.69	-76.4196	-76.475	-76.534	-76.5819	-76.6162	-76.6385	-76.6508	-76.6553	-76.6539	-76.6479	-76.6385	-76.6265	-76.6126	-76.5973	-76.5808	-76.5636	-76.5457	-76.5273	-76.5085	-76.4894	-76.47	-76.4503	-76.4305	-76.4104	-76.3902	-76.3698	-76.3493	-76.3286	-76.3079	-76.287	-76.2662	-76.2453	-76.2246	-76.204	-76.1838	-76.1641	-76.1452	-76.1273	-76.1108	-76.0963	-76.0844	-76.0758	-76.0718	-76.0737	-76.0828	-76.101	-76.1296	-76.1707
5.695	-76.4235	-76.4789	-76.5378	-76.5856	-76.62	-76.6422	-76.6545	-76.6591	-76.6576	-76.6517	-76.6423	-76.6303	-76.6165	-76.6012	-76.5848	-76.5675	-76.5497	-76.5313	-76.5125	-76.4934	-76.4741	-76.4545	-76.4346	-76.4146	-76.3944	-76.3741	-76.3536	-76.333	-76.3122	-76.2914	-76.2706	-76.2498	-76.2291	-76.2086	-76.1884	-76.1688	-76.1499	-76.132	-76.1156	-76.1011	-76.0891	-76.0807	-76.0767	-76.0785	-76.0877	-76.1058	-76.1344	-76.1755
5.7	-76.4275	-76.4827	-76.5416	-76.5894	-76.6237	-76.6459	-76.6583	-76.6628	-76.6614	-76.6555	-76.6461	-76.6342	-76.6203	-76.605	-76.5887	-76.5715	-76.5536	-76.5353	-76.5166	-76.4975	-76.4782	-76.4586	-76.4388	-76.4188	-76.3986	-76.3783	-76.3579	-76.3373	-76.3166	-76.2958	-76.2751	-76.2543	-76.2336	-76.2132	-76.193	-76.1734	-76.1545	-76.1367	-76.1203	-76.1058	-76.0939	-76.0855	-76.0815	-76.0834	-76.0925	-76.1106	-76.1391	-76.1802
5.705	-76.4314	-76.4866	-76.5454	-76.5932	-76.6274	-76.6497	-76.662	-76.6665	-76.6652	-76.6592	-76.6499	-76.638	-76.6242	-76.6089	-76.5926	-76.5754	-76.5576	-76.5393	-76.5206	-76.5015	-76.4822	-76.4627	-76.4429	-76.423	-76.4029	-76.3826	-76.3622	-76.3416	-76.321	-76.3002	-76.2795	-76.2588	-76.2381	-76.2177	-76.1976	-76.178	-76.1592	-76.1414	-76.125	-76.1106	-76.0987	-76.0903	-76.0863	-76.0882	-76.0973	-76.1154	-76.1439	-76.1849
5.71	-76.4353	-76.4904	-76.5492	-76.5969	-76.6312	-76.6534	-76.6657	-76.6703	-76.6689	-76.663	-76.6537	-76.6418	-76.628	-76.6128	-76.5965	-76.5793	-76.5616	-76.5433	-76.5246	-76.5056	-76.4863	-76.4668	-76.4471	-76.4272	-76.4071	-76.3868	-76.3664	-76.3459	-76.3253	-76.3046	-76.2839	-76.2632	-76.2426	-76.2222	-76.2022	-76.1826	-76.1638	-76.1461	-76.1297	-76.1153	-76.1035	-76.0951	-76.0911	-76.093	-76.1021	-76.1201	-76.1486	-76.1896
5.715	-76.4392	-76.4942	-76.553	-76.6007	-76.6349	-76.6571	-76.6694	-76.674	-76.6726	-76.6668	-76.6575	-76.6456	-76.6319	-76.6166	-76.6004	-76.5833	-76.5655	-76.5473	-76.5286	-76.5096	-76.4904	-76.4709	-76.4512	-76.4313	-76.4113	-76.3911	-76.3707	-76.3502	-76.3297	-76.309	-76.2883	-76.2677	-76.2471	-76.2268	-76.2067	-76.1872	-76.1685	-76.1507	-76.1344	-76.1201	-76.1083	-76.0999	-76.096	-76.0978	-76.1069	-76.1249	-76.1534	-76.1942
5.72	-76.4431	-76.4981	-76.5568	-76.6044	-76.6386	-76.6608	-76.6731	-76.6777	-76.6764	-76.6705	-76.6612	-76.6494	-76.6357	-76.6205	-76.6042	-76.5872	-76.5694	-76.5512	-76.5326	-76.5137	-76.4945	-76.475	-76.4554	-76.4355	-76.4155	-76.3953	-76.375	-76.3545	-76.334	-76.3134	-76.2927	-76.2721	-76.2516	-76.2313	-76.2113	-76.1918	-76.1731	-76.1554	-76.1391	-76.1248	-76.113	-76.1047	-76.1007	-76.1026	-76.1117	-76.1297	-76.1581	-76.1989
5.725	-76.447	-76.5019	-76.5606	-76.6081	-76.6423	-76.6645	-76.6768	-76.6814	-76.6801	-76.6743	-76.665	-76.6532	-76.6395	-76.6244	-76.6081	-76.5911	-76.5734	-76.5552	-76.5366	-76.5177	-76.4985	-76.4791	-76.4595	-76.4397	-76.4197	-76.3995	-76.3792	-76.3588	-76.3383	-76.3178	-76.2971	-76.2766	-76.2561	-76.2358	-76.2159	-76.1964	-76.1777	-76.1601	-76.1438	-76.1295	-76.1178	-76.1094	-76.1055	-76.1074	-76.1165	-76.1344	-76.1628	-76.2036
5.73	-76.4509	-76.5057	-76.5643	-76.6119	-76.646	-76.6682	-76.6805	-76.6851	-76.6838	-76.678	-76.6688	-76.657	-76.6433	-76.6282	-76.612	-76.595	-76.5773	-76.5592	-76.5406	-76.5217	-76.5026	-76.4832	-76.4636	-76.4438	-76.4239	-76.4038	-76.3835	-76.3631	-76.3427	-76.3221	-76.3015	-76.281	-76.2606	-76.2403	-76.2204	-76.201	-76.1823	-76.1647	-76.1485	-76.1342	-76.1225	-76.1142	-76.1103	-76.1122	-76.1213	-76.1392	-76.1675	-76.2082
5.735	-76.4548	-76.5096	-76.5681	-76.6156	-76.6497	-76.6719	-76.6842	-76.6888	-76.6875	-76.6817	-76.6725	-76.6608	-76.6471	-76.632	-76.6159	-76.5989	-76.5812	-76.5631	-76.5446	-76.5257	-76.5066	-76.4873	-76.4677	-76.448	-76.428	-76.408	-76.3877	-76.3674	-76.347	-76.3265	-76.3059	-76.2854	-76.265	-76.2448	-76.2249	-76.2056	-76.187	-76.1694	-76.1532	-76.1389	-76.1273	-76.1189	-76.1151	-76.1169	-76.126	-76.1439	-76.1722	-76.2129
5.74	-76.4587	-76.5134	-76.5718	-76.6193	-76.6534	-76.6756	-76.6879	-76.6925	-76.6913	-76.6855	-76.6763	-76.6646	-76.6509	-76.6359	-76.6197	-76.6028	-76.5852	-76.5671	-76.5486	-76.5298	-76.5107	-76.4914	-76.4718	-76.4521	-76.4322	-76.4122	-76.392	-76.3717	-76.3513	-76.3308	-76.3103	-76.2898	-76.2695	-76.2493	-76.2295	-76.2101	-76.1916	-76.174	-76.1579	-76.1436	-76.132	-76.1237	-76.1198	-76.1217	-76.1308	-76.1487	-76.1769	-76.2175
5.745	-76.4625	-76.5172	-76.5756	-76.623	-76.6571	-76.6792	-76.6916	-76.6962	-76.695	-76.6892	-76.68	-76.6683	-76.6547	-76.6397	-76.6236	-76.6066	-76.5891	-76.571	-76.5526	-76.5338	-76.5147	-76.4954	-76.4759	-76.4562	-76.4364	-76.4164	-76.3962	-76.376	-76.3556	-76.3351	-76.3147	-76.2943	-76.2739	-76.2538	-76.234	-76.2147	-76.1961	-76.1786	-76.1625	-76.1483	-76.1367	-76.1284	-76.1246	-76.1264	-76.1355	-76.1534	-76.1816	-76.2221
5.75	-76.4664	-76.521	-76.5793	-76.6267	-76.6608	-76.6829	-76.6953	-76.6999	-76.6987	-76.6929	-76.6838	-76.6721	-76.6585	-76.6435	-76.6274	-76.6105	-76.593	-76.5749	-76.5565	-76.5378	-76.5187	-76.4995	-76.48	-76.4604	-76.4405	-76.4206	-76.4004	-76.3802	-76.3599	-76.3395	-76.319	-76.2986	-76.2784	-76.2583	-76.2385	-76.2192	-76.2007	-76.1832	-76.1672	-76.153	-76.1414	-76.1332	-76.1293	-76.1312	-76.1403	-76.1581	-76.1862	-76.2267
5.755	-76.4703	-76.5248	-76.5831	-76.6304	-76.6645	-76.6866	-76.6989	-76.7036	-76.7024	-76.6966	-76.6875	-76.6759	-76.6623	-76.6473	-76.6313	-76.6144	-76.5969	-76.5789	-76.5605	-76.5418	-76.5228	-76.5035	-76.4841	-76.4645	-76.4447	-76.4247	-76.4047	-76.3845	-76.3642	-76.3438	-76.3234	-76.303	-76.2828	-76.2627	-76.243	-76.2238	-76.2053	-76.1879	-76.1718	-76.1577	-76.1461	-76.1379	-76.134	-76.1359	-76.145	-76.1628	-76.1909	-76.2314
5.76	-76.4741	-76.5286	-76.5868	-76.6341	-76.6681	-76.6903	-76.7026	-76.7073	-76.706	-76.7003	-76.6912	-76.6796	-76.6661	-76.6511	-76.6351	-76.6183	-76.6008	-76.5828	-76.5644	-76.5457	-76.5268	-76.5076	-76.4882	-76.4686	-76.4488	-76.4289	-76.4089	-76.3887	-76.3684	-76.3481	-76.3278	-76.3074	-76.2872	-76.2672	-76.2475	-76.2283	-76.2099	-76.1925	-76.1764	-76.1623	-76.1508	-76.1426	-76.1388	-76.1406	-76.1497	-76.1675	-76.1956	-76.236
5.765	-76.478	-76.5324	-76.5905	-76.6378	-76.6718	-76.6939	-76.7063	-76.7109	-76.7097	-76.704	-76.695	-76.6834	-76.6699	-76.6549	-76.6389	-76.6221	-76.6047	-76.5867	-76.5684	-76.5497	-76.5308	-76.5116	-76.4922	-76.4727	-76.453	-76.4331	-76.4131	-76.3929	-76.3727	-76.3524	-76.3321	-76.3118	-76.2916	-76.2716	-76.252	-76.2328	-76.2144	-76.197	-76.1811	-76.167	-76.1555	-76.1473	-76.1435	-76.1454	-76.1544	-76.1722	-76.2002	-76.2405
5.77	-76.4818	-76.5361	-76.5943	-76.6415	-76.6755	-76.6976	-76.7099	-76.7146	-76.7134	-76.7077	-76.6987	-76.6871	-76.6736	-76.6587	-76.6428	-76.626	-76.6085	-76.5906	-76.5723	-76.5537	-76.5348	-76.5157	-76.4963	-76.4768	-76.4571	-76.4373	-76.4173	-76.3972	-76.377	-76.3567	-76.3364	-76.3162	-76.296	-76.2761	-76.2565	-76.2374	-76.219	-76.2016	-76.1857	-76.1716	-76.1601	-76.152	-76.1482	-76.1501	-76.1591	-76.1768	-76.2048	-76.2451
5.775	-76.4857	-76.5399	-76.598	-76.6452	-76.6791	-76.7012	-76.7136	-76.7183	-76.7171	-76.7114	-76.7024	-76.6908	-76.6774	-76.6625	-76.6466	-76.6298	-76.6124	-76.5945	-76.5763	-76.5577	-76.5388	-76.5197	-76.5004	-76.4809	-76.4612	-76.4414	-76.4215	-76.4014	-76.3812	-76.361	-76.3408	-76.3205	-76.3004	-76.2805	-76.2609	-76.2419	-76.2235	-76.2062	-76.1903	-76.1763	-76.1648	-76.1567	-76.1529	-76.1548	-76.1638	-76.1815	-76.2095	-76.2497
5.78	-76.4895	-76.5437	-76.6017	-76.6488	-76.6828	-76.7048	-76.7172	-76.7219	-76.7207	-76.7151	-76.7061	-76.6946	-76.6812	-76.6663	-76.6504	-76.6337	-76.6163	-76.5984	-76.5802	-76.5616	-76.5428	-76.5237	-76.5044	-76.485	-76.4653	-76.4456	-76.4257	-76.4056	-76.3855	-76.3653	-76.3451	-76.3249	-76.3048	-76.2849	-76.2654	-76.2464	-76.2281	-76.2108	-76.1949	-76.1809	-76.1695	-76.1613	-76.1576	-76.1595	-76.1685	-76.1862	-76.2141	-76.2543
5.785	-76.4933	-76.5475	-76.6054	-76.6525	-76.6864	-76.7085	-76.7208	-76.7256	-76.7244	-76.7188	-76.7098	-76.6983	-76.6849	-76.6701	-76.6542	-76.6375	-76.6201	-76.6023	-76.5841	-76.5656	-76.5468	-76.5277	-76.5085	-76.489	-76.4695	-76.4497	-76.4298	-76.4098	-76.3897	-76.3696	-76.3494	-76.3292	-76.3092	-76.2894	-76.2698	-76.2508	-76.2326	-76.2153	-76.1995	-76.1855	-76.1741	-76.166	-76.1623	-76.1641	-76.1731	-76.1908	-76.2187	-76.2588
5.79	-76.4972	-76.5512	-76.6091	-76.6562	-76.6901	-76.7121	-76.7245	-76.7292	-76.7281	-76.7225	-76.7135	-76.702	-76.6887	-76.6739	-76.658	-76.6413	-76.624	-76.6062	-76.588	-76.5695	-76.5507	-76.5317	-76.5125	-76.4931	-76.4736	-76.4538	-76.434	-76.414	-76.394	-76.3738	-76.3537	-76.3336	-76.3136	-76.2938	-76.2743	-76.2553	-76.2371	-76.2199	-76.2041	-76.1901	-76.1787	-76.1707	-76.1669	-76.1688	-76.1778	-76.1955	-76.2233	-76.2634
5.795	-76.501	-76.555	-76.6128	-76.6598	-76.6937	-76.7157	-76.7281	-76.7328	-76.7317	-76.7261	-76.7172	-76.7057	-76.6924	-76.6776	-76.6618	-76.6451	-76.6279	-76.6101	-76.5919	-76.5734	-76.5547	-76.5357	-76.5165	-76.4972	-76.4777	-76.458	-76.4382	-76.4182	-76.3982	-76.3781	-76.358	-76.3379	-76.3179	-76.2982	-76.2787	-76.2598	-76.2416	-76.2244	-76.2086	-76.1948	-76.1834	-76.1753	-76.1716	-76.1735	-76.1825	-76.2001	-76.2279	-76.2679
5.8	-76.5048	-76.5587	-76.6165	-76.6635	-76.6973	-76.7194	-76.7317	-76.7365	-76.7354	-76.7298	-76.7209	-76.7094	-76.6961	-76.6814	-76.6656	-76.6489	-76.6317	-76.614	-76.5958	-76.5774	-76.5587	-76.5397	-76.5206	-76.5012	-76.4817	-76.4621	-76.4423	-76.4224	-76.4024	-76.3824	-76.3623	-76.3422	-76.3223	-76.3026	-76.2832	-76.2643	-76.2461	-76.229	-76.2132	-76.1993	-76.188	-76.1799	-76.1762	-76.1781	-76.1871	-76.2047	-76.2325	-76.2725
5.805	-76.5086	-76.5625	-76.6202	-76.6671	-76.701	-76.723	-76.7353	-76.7401	-76.739	-76.7335	-76.7246	-76.7132	-76.6999	-76.6851	-76.6694	-76.6528	-76.6355	-76.6178	-76.5997	-76.5813	-76.5626	-76.5437	-76.5246	-76.5053	-76.4858	-76.4662	-76.4465	-76.4266	-76.4066	-76.3866	-76.3666	-76.3466	-76.3267	-76.307	-76.2876	-76.2687	-76.2506	-76.2335	-76.2178	-76.2039	-76.1926	-76.1846	-76.1809	-76.1828	-76.1918	-76.2093	-76.2371	-76.277
5.81	-76.5124	-76.5662	-76.6239	-76.6708	-76.7046	-76.7266	-76.7389	-76.7437	-76.7426	-76.7371	-76.7282	-76.7169	-76.7036	-76.6889	-76.6731	-76.6566	-76.6394	-76.6217	-76.6036	-76.5852	-76.5666	-76.5477	-76.5286	-76.5093	-76.4899	-76.4703	-76.4506	-76.4308	-76.4109	-76.3909	-76.3709	-76.3509	-76.331	-76.3113	-76.292	-76.2732	-76.2551	-76.238	-76.2223	-76.2085	-76.1972	-76.1892	-76.1855	-76.1874	-76.1964	-76.2139	-76.2416	-76.2815
5.815	-76.5162	-76.5699	-76.6276	-76.6744	-76.7082	-76.7302	-76.7426	-76.7473	-76.7463	-76.7408	-76.7319	-76.7205	-76.7073	-76.6926	-76.6769	-76.6604	-76.6432	-76.6255	-76.6075	-76.5891	-76.5705	-76.5517	-76.5326	-76.5134	-76.494	-76.4744	-76.4547	-76.4349	-76.4151	-76.3951	-76.3751	-76.3552	-76.3354	-76.3157	-76.2964	-76.2776	-76.2596	-76.2425	-76.2269	-76.2131	-76.2018	-76.1938	-76.1902	-76.1921	-76.201	-76.2185	-76.2462	-76.286
5.82	-76.52	-76.5737	-76.6312	-76.678	-76.7118	-76.7338	-76.7462	-76.7509	-76.7499	-76.7444	-76.7356	-76.7242	-76.711	-76.6964	-76.6807	-76.6642	-76.647	-76.6294	-76.6114	-76.5931	-76.5745	-76.5556	-76.5366	-76.5174	-76.498	-76.4785	-76.4589	-76.4391	-76.4192	-76.3993	-76.3794	-76.3595	-76.3397	-76.3201	-76.3008	-76.2821	-76.264	-76.247	-76.2314	-76.2177	-76.2064	-76.1984	-76.1948	-76.1967	-76.2056	-76.2231	-76.2508	-76.2905
5.825	-76.5238	-76.5774	-76.6349	-76.6817	-76.7154	-76.7374	-76.7497	-76.7545	-76.7535	-76.748	-76.7392	-76.7279	-76.7147	-76.7001	-76.6844	-76.6679	-76.6508	-76.6332	-76.6153	-76.597	-76.5784	-76.5596	-76.5406	-76.5214	-76.5021	-76.4826	-76.463	-76.4433	-76.4234	-76.4035	-76.3836	-76.3638	-76.344	-76.3244	-76.3052	-76.2865	-76.2685	-76.2515	-76.2359	-76.2222	-76.211	-76.203	-76.1994	-76.2013	-76.2102	-76.2277	-76.2553	-76.295
5.83	-76.5276	-76.5811	-76.6386	-76.6853	-76.719	-76.741	-76.7533	-76.7581	-76.7571	-76.7517	-76.7429	-76.7316	-76.7184	-76.7038	-76.6882	-76.6717	-76.6546	-76.6371	-76.6191	-76.6009	-76.5823	-76.5636	-76.5446	-76.5255	-76.5061	-76.4867	-76.4671	-76.4474	-76.4276	-76.4078	-76.3879	-76.368	-76.3483	-76.3288	-76.3096	-76.2909	-76.273	-76.256	-76.2404	-76.2268	-76.2155	-76.2076	-76.204	-76.2059	-76.2148	-76.2323	-76.2598	-76.2995
5.835	-76.5313	-76.5848	-76.6422	-76.6889	-76.7226	-76.7446	-76.7569	-76.7617	-76.7607	-76.7553	-76.7465	-76.7353	-76.7221	-76.7076	-76.6919	-76.6755	-76.6585	-76.6409	-76.623	-76.6048	-76.5862	-76.5675	-76.5486	-76.5295	-76.5102	-76.4908	-76.4712	-76.4515	-76.4318	-76.412	-76.3921	-76.3723	-76.3526	-76.3331	-76.314	-76.2953	-76.2774	-76.2605	-76.245	-76.2313	-76.2201	-76.2122	-76.2086	-76.2105	-76.2194	-76.2368	-76.2644	-76.3039
5.84	-76.5351	-76.5885	-76.6459	-76.6925	-76.7262	-76.7481	-76.7605	-76.7653	-76.7643	-76.7589	-76.7502	-76.7389	-76.7258	-76.7113	-76.6957	-76.6793	-76.6622	-76.6447	-76.6268	-76.6086	-76.5902	-76.5715	-76.5526	-76.5335	-76.5142	-76.4948	-76.4753	-76.4557	-76.436	-76.4162	-76.3964	-76.3766	-76.3569	-76.3375	-76.3184	-76.2997	-76.2818	-76.265	-76.2495	-76.2358	-76.2247	-76.2168	-76.2132	-76.2151	-76.224	-76.2414	-76.2689	-76.3084
5.845	-76.5389	-76.5922	-76.6495	-76.6961	-76.7298	-76.7517	-76.7641	-76.7689	-76.7679	-76.7625	-76.7538	-76.7426	-76.7295	-76.715	-76.6994	-76.683	-76.666	-76.6486	-76.6307	-76.6125	-76.5941	-76.5754	-76.5565	-76.5375	-76.5183	-76.4989	-76.4794	-76.4598	-76.4401	-76.4204	-76.4006	-76.3809	-76.3612	-76.3418	-76.3227	-76.3041	-76.2863	-76.2694	-76.254	-76.2403	-76.2292	-76.2213	-76.2178	-76.2197	-76.2286	-76.246	-76.2734	-76.3129
5.85	-76.5426	-76.5959	-76.6532	-76.6997	-76.7333	-76.7553	-76.7676	-76.7725	-76.7715	-76.7661	-76.7574	-76.7462	-76.7332	-76.7187	-76.7031	-76.6868	-76.6698	-76.6524	-76.6345	-76.6164	-76.598	-76.5793	-76.5605	-76.5415	-76.5223	-76.503	-76.4835	-76.4639	-76.4443	-76.4246	-76.4048	-76.3851	-76.3655	-76.3461	-76.3271	-76.3085	-76.2907	-76.2739	-76.2584	-76.2449	-76.2338	-76.2259	-76.2223	-76.2242	-76.2331	-76.2505	-76.2779	-76.3173
5.855	-76.5464	-76.5996	-76.6568	-76.7033	-76.7369	-76.7588	-76.7712	-76.776	-76.7751	-76.7697	-76.7611	-76.7499	-76.7368	-76.7224	-76.7069	-76.6905	-76.6736	-76.6562	-76.6384	-76.6202	-76.6019	-76.5833	-76.5644	-76.5454	-76.5263	-76.507	-76.4876	-76.468	-76.4484	-76.4287	-76.409	-76.3894	-76.3698	-76.3504	-76.3314	-76.3129	-76.2951	-76.2783	-76.2629	-76.2494	-76.2383	-76.2305	-76.2269	-76.2288	-76.2377	-76.255	-76.2824	-76.3218
5.86	-76.5502	-76.6033	-76.6604	-76.7069	-76.7405	-76.7624	-76.7748	-76.7796	-76.7787	-76.7733	-76.7647	-76.7535	-76.7405	-76.7261	-76.7106	-76.6943	-76.6774	-76.66	-76.6422	-76.6241	-76.6058	-76.5872	-76.5684	-76.5494	-76.5303	-76.511	-76.4917	-76.4721	-76.4526	-76.4329	-76.4132	-76.3936	-76.3741	-76.3548	-76.3358	-76.3173	-76.2995	-76.2828	-76.2674	-76.2539	-76.2428	-76.235	-76.2314	-76.2334	-76.2422	-76.2596	-76.2869	-76.3262
5.865	-76.5539	-76.607	-76.664	-76.7105	-76.744	-76.766	-76.7783	-76.7832	-76.7822	-76.7769	-76.7683	-76.7572	-76.7442	-76.7298	-76.7143	-76.698	-76.6812	-76.6638	-76.646	-76.628	-76.6096	-76.5911	-76.5723	-76.5534	-76.5343	-76.5151	-76.4957	-76.4762	-76.4567	-76.4371	-76.4174	-76.3978	-76.3783	-76.3591	-76.3401	-76.3216	-76.3039	-76.2872	-76.2719	-76.2584	-76.2473	-76.2395	-76.236	-76.2379	-76.2468	-76.2641	-76.2914	-76.3306
5.87	-76.5577	-76.6107	-76.6677	-76.7141	-76.7476	-76.7695	-76.7819	-76.7867	-76.7858	-76.7805	-76.7719	-76.7608	-76.7478	-76.7334	-76.718	-76.7018	-76.6849	-76.6676	-76.6498	-76.6318	-76.6135	-76.595	-76.5763	-76.5574	-76.5383	-76.5191	-76.4998	-76.4803	-76.4608	-76.4412	-76.4216	-76.4021	-76.3826	-76.3633	-76.3444	-76.326	-76.3083	-76.2916	-76.2763	-76.2628	-76.2518	-76.2441	-76.2405	-76.2425	-76.2513	-76.2686	-76.2958	-76.335
5.875	-76.5614	-76.6143	-76.6713	-76.7177	-76.7512	-76.773	-76.7854	-76.7903	-76.7894	-76.7841	-76.7755	-76.7644	-76.7515	-76.7371	-76.7217	-76.7055	-76.6887	-76.6714	-76.6537	-76.6357	-76.6174	-76.5989	-76.5802	-76.5613	-76.5423	-76.5231	-76.5038	-76.4844	-76.4649	-76.4454	-76.4258	-76.4063	-76.3868	-76.3676	-76.3487	-76.3304	-76.3127	-76.2961	-76.2808	-76.2673	-76.2563	-76.2486	-76.245	-76.247	-76.2558	-76.2731	-76.3003	-76.3394
5.88	-76.5651	-76.618	-76.6749	-76.7212	-76.7547	-76.7766	-76.7889	-76.7938	-76.7929	-76.7877	-76.7791	-76.768	-76.7551	-76.7408	-76.7254	-76.7092	-76.6924	-76.6751	-76.6575	-76.6395	-76.6212	-76.6028	-76.5841	-76.5653	-76.5463	-76.5272	-76.5079	-76.4885	-76.469	-76.4495	-76.43	-76.4105	-76.3911	-76.3719	-76.3531	-76.3347	-76.3171	-76.3005	-76.2852	-76.2718	-76.2608	-76.2531	-76.2496	-76.2515	-76.2603	-76.2776	-76.3047	-76.3438
5.885	-76.5688	-76.6217	-76.6785	-76.7248	-76.7582	-76.7801	-76.7925	-76.7974	-76.7965	-76.7913	-76.7827	-76.7717	-76.7588	-76.7445	-76.7291	-76.7129	-76.6962	-76.6789	-76.6613	-76.6433	-76.6251	-76.6067	-76.588	-76.5692	-76.5503	-76.5312	-76.5119	-76.4926	-76.4731	-76.4537	-76.4342	-76.4147	-76.3953	-76.3762	-76.3574	-76.3391	-76.3214	-76.3049	-76.2896	-76.2763	-76.2653	-76.2576	-76.2541	-76.256	-76.2648	-76.282	-76.3092	-76.3482
5.89	-76.5726	-76.6253	-76.6821	-76.7284	-76.7618	-76.7836	-76.796	-76.8009	-76.8	-76.7948	-76.7863	-76.7753	-76.7624	-76.7481	-76.7328	-76.7167	-76.6999	-76.6827	-76.6651	-76.6471	-76.629	-76.6106	-76.592	-76.5732	-76.5542	-76.5352	-76.516	-76.4966	-76.4772	-76.4578	-76.4383	-76.4189	-76.3996	-76.3804	-76.3617	-76.3434	-76.3258	-76.3093	-76.2941	-76.2807	-76.2698	-76.2621	-76.2586	-76.2605	-76.2693	-76.2865	-76.3136	-76.3526
5.895	-76.5763	-76.629	-76.6857	-76.7319	-76.7653	-76.7872	-76.7995	-76.8044	-76.8036	-76.7984	-76.7899	-76.7789	-76.766	-76.7518	-76.7365	-76.7204	-76.7036	-76.6864	-76.6689	-76.651	-76.6328	-76.6144	-76.5959	-76.5771	-76.5582	-76.5392	-76.52	-76.5007	-76.4813	-76.4619	-76.4425	-76.4231	-76.4038	-76.3847	-76.366	-76.3477	-76.3302	-76.3136	-76.2985	-76.2851	-76.2743	-76.2666	-76.2631	-76.265	-76.2738	-76.291	-76.318	-76.357
5.9	-76.58	-76.6326	-76.6893	-76.7355	-76.7688	-76.7907	-76.803	-76.808	-76.8071	-76.8019	-76.7934	-76.7825	-76.7696	-76.7554	-76.7401	-76.7241	-76.7074	-76.6902	-76.6726	-76.6548	-76.6367	-76.6183	-76.5998	-76.581	-76.5622	-76.5432	-76.524	-76.5048	-76.4854	-76.466	-76.4466	-76.4273	-76.408	-76.389	-76.3702	-76.352	-76.3345	-76.318	-76.3029	-76.2896	-76.2787	-76.271	-76.2676	-76.2695	-76.2783	-76.2954	-76.3225	-76.3614
5.905	-76.5837	-76.6363	-76.6929	-76.739	-76.7724	-76.7942	-76.8066	-76.8115	-76.8107	-76.8055	-76.797	-76.7861	-76.7733	-76.7591	-76.7438	-76.7278	-76.7111	-76.6939	-76.6764	-76.6586	-76.6405	-76.6222	-76.6037	-76.585	-76.5661	-76.5471	-76.528	-76.5088	-76.4895	-76.4701	-76.4508	-76.4314	-76.4122	-76.3932	-76.3745	-76.3563	-76.3389	-76.3224	-76.3073	-76.294	-76.2832	-76.2755	-76.2721	-76.274	-76.2828	-76.2999	-76.3269	-76.3657
5.91	-76.5874	-76.6399	-76.6964	-76.7425	-76.7759	-76.7977	-76.8101	-76.815	-76.8142	-76.809	-76.8006	-76.7896	-76.7769	-76.7627	-76.7475	-76.7314	-76.7148	-76.6977	-76.6802	-76.6624	-76.6443	-76.626	-76.6075	-76.5889	-76.5701	-76.5511	-76.532	-76.5128	-76.4936	-76.4743	-76.4549	-76.4356	-76.4164	-76.3974	-76.3788	-76.3606	-76.3432	-76.3268	-76.3117	-76.2984	-76.2876	-76.28	-76.2765	-76.2785	-76.2872	-76.3043	-76.3313	-76.3701
5.915	-76.5911	-76.6435	-76.7	-76.7461	-76.7794	-76.8012	-76.8136	-76.8185	-76.8177	-76.8126	-76.8041	-76.7932	-76.7805	-76.7663	-76.7511	-76.7351	-76.7185	-76.7014	-76.684	-76.6662	-76.6481	-76.6299	-76.6114	-76.5928	-76.574	-76.5551	-76.536	-76.5169	-76.4976	-76.4783	-76.459	-76.4398	-76.4206	-76.4017	-76.383	-76.3649	-76.3475	-76.3311	-76.3161	-76.3028	-76.292	-76.2844	-76.281	-76.2829	-76.2917	-76.3088	-76.3357	-76.3744
5.92	-76.5948	-76.6472	-76.7036	-76.7496	-76.7829	-76.8047	-76.8171	-76.822	-76.8212	-76.8161	-76.8077	-76.7968	-76.7841	-76.77	-76.7548	-76.7388	-76.7222	-76.7052	-76.6877	-76.67	-76.652	-76.6337	-76.6153	-76.5967	-76.5779	-76.5591	-76.54	-76.5209	-76.5017	-76.4824	-76.4632	-76.4439	-76.4248	-76.4059	-76.3873	-76.3692	-76.3518	-76.3355	-76.3204	-76.3073	-76.2965	-76.2889	-76.2854	-76.2874	-76.2962	-76.3132	-76.3401	-76.3788
5.925	-76.5985	-76.6508	-76.7072	-76.7531	-76.7864	-76.8082	-76.8206	-76.8255	-76.8247	-76.8196	-76.8112	-76.8004	-76.7877	-76.7736	-76.7584	-76.7425	-76.7259	-76.7089	-76.6915	-76.6737	-76.6558	-76.6376	-76.6192	-76.6006	-76.5819	-76.563	-76.544	-76.5249	-76.5058	-76.4865	-76.4673	-76.4481	-76.429	-76.4101	-76.3915	-76.3735	-76.3561	-76.3398	-76.3248	-76.3117	-76.3009	-76.2933	-76.2899	-76.2919	-76.3006	-76.3176	-76.3445	-76.3831
5.93	-76.6022	-76.6544	-76.7107	-76.7567	-76.7899	-76.8117	-76.824	-76.829	-76.8283	-76.8232	-76.8148	-76.804	-76.7913	-76.7772	-76.7621	-76.7461	-76.7296	-76.7126	-76.6952	-76.6775	-76.6596	-76.6414	-76.623	-76.6045	-76.5858	-76.567	-76.548	-76.5289	-76.5098	-76.4906	-76.4714	-76.4522	-76.4332	-76.4143	-76.3958	-76.3778	-76.3605	-76.3441	-76.3292	-76.316	-76.3053	-76.2977	-76.2943	-76.2963	-76.305	-76.322	-76.3488	-76.3874
5.935	-76.6059	-76.658	-76.7143	-76.7602	-76.7934	-76.8152	-76.8275	-76.8325	-76.8318	-76.8267	-76.8183	-76.8075	-76.7949	-76.7808	-76.7657	-76.7498	-76.7333	-76.7163	-76.699	-76.6813	-76.6634	-76.6452	-76.6269	-76.6084	-76.5897	-76.5709	-76.552	-76.533	-76.5138	-76.4947	-76.4755	-76.4564	-76.4373	-76.4185	-76.4	-76.382	-76.3648	-76.3485	-76.3335	-76.3204	-76.3097	-76.3022	-76.2988	-76.3007	-76.3094	-76.3264	-76.3532	-76.3917
5.94	-76.6095	-76.6616	-76.7178	-76.7637	-76.7969	-76.8186	-76.831	-76.836	-76.8353	-76.8302	-76.8219	-76.8111	-76.7984	-76.7844	-76.7693	-76.7535	-76.737	-76.72	-76.7027	-76.6851	-76.6672	-76.649	-76.6307	-76.6123	-76.5936	-76.5749	-76.556	-76.5369	-76.5179	-76.4987	-76.4796	-76.4605	-76.4415	-76.4227	-76.4042	-76.3863	-76.369	-76.3528	-76.3379	-76.3248	-76.3141	-76.3066	-76.3032	-76.3052	-76.3139	-76.3308	-76.3576	-76.3961
5.945	-76.6132	-76.6652	-76.7214	-76.7672	-76.8004	-76.8221	-76.8345	-76.8395	-76.8387	-76.8337	-76.8254	-76.8146	-76.802	-76.788	-76.773	-76.7571	-76.7407	-76.7237	-76.7064	-76.6888	-76.671	-76.6529	-76.6346	-76.6161	-76.5975	-76.5788	-76.5599	-76.5409	-76.5219	-76.5028	-76.4837	-76.4646	-76.4456	-76.4269	-76.4085	-76.3905	-76.3733	-76.3571	-76.3422	-76.3292	-76.3185	-76.311	-76.3076	-76.3096	-76.3183	-76.3352	-76.3619	-76.4004
5.95	-76.6169	-76.6688	-76.7249	-76.7707	-76.8038	-76.8256	-76.8379	-76.8429	-76.8422	-76.8372	-76.8289	-76.8182	-76.8056	-76.7916	-76.7766	-76.7608	-76.7443	-76.7274	-76.7102	-76.6926	-76.6747	-76.6567	-76.6384	-76.62	-76.6014	-76.5827	-76.5639	-76.5449	-76.5259	-76.5068	-76.4878	-76.4687	-76.4498	-76.4311	-76.4127	-76.3948	-76.3776	-76.3614	-76.3466	-76.3335	-76.3229	-76.3154	-76.312	-76.314	-76.3227	-76.3396	-76.3662	-76.4046
5.955	-76.6205	-76.6724	-76.7285	-76.7742	-76.8073	-76.829	-76.8414	-76.8464	-76.8457	-76.8407	-76.8324	-76.8217	-76.8091	-76.7952	-76.7802	-76.7644	-76.748	-76.7311	-76.7139	-76.6963	-76.6785	-76.6605	-76.6423	-76.6239	-76.6053	-76.5866	-76.5678	-76.5489	-76.5299	-76.5109	-76.4918	-76.4728	-76.4539	-76.4352	-76.4169	-76.399	-76.3819	-76.3657	-76.3509	-76.3379	-76.3273	-76.3198	-76.3164	-76.3184	-76.3271	-76.344	-76.3706	-76.4089
5.96	-76.6242	-76.676	-76.732	-76.7777	-76.8108	-76.8325	-76.8449	-76.8499	-76.8492	-76.8442	-76.836	-76.8252	-76.8127	-76.7988	-76.7838	-76.768	-76.7517	-76.7348	-76.7176	-76.7001	-76.6823	-76.6643	-76.6461	-76.6277	-76.6092	-76.5905	-76.5718	-76.5529	-76.5339	-76.5149	-76.4959	-76.4769	-76.4581	-76.4394	-76.4211	-76.4032	-76.3861	-76.37	-76.3552	-76.3422	-76.3316	-76.3242	-76.3208	-76.3228	-76.3315	-76.3483	-76.3749	-76.4132
5.965	-76.6278	-76.6796	-76.7355	-76.7812	-76.8142	-76.836	-76.8483	-76.8533	-76.8527	-76.8477	-76.8395	-76.8288	-76.8163	-76.8023	-76.7874	-76.7717	-76.7553	-76.7385	-76.7213	-76.7038	-76.686	-76.6681	-76.6499	-76.6316	-76.6131	-76.5945	-76.5757	-76.5569	-76.5379	-76.519	-76.5	-76.481	-76.4622	-76.4436	-76.4253	-76.4075	-76.3904	-76.3743	-76.3595	-76.3466	-76.336	-76.3285	-76.3252	-76.3272	-76.3358	-76.3527	-76.3792	-76.4175
5.97	-76.6314	-76.6832	-76.739	-76.7847	-76.8177	-76.8394	-76.8518	-76.8568	-76.8561	-76.8512	-76.843	-76.8323	-76.8198	-76.8059	-76.791	-76.7753	-76.759	-76.7422	-76.725	-76.7075	-76.6898	-76.6719	-76.6537	-76.6354	-76.617	-76.5984	-76.5796	-76.5608	-76.5419	-76.523	-76.504	-76.4851	-76.4663	-76.4477	-76.4294	-76.4117	-76.3946	-76.3786	-76.3638	-76.3509	-76.3403	-76.3329	-76.3296	-76.3316	-76.3402	-76.357	-76.3835	-76.4217
5.975	-76.6351	-76.6867	-76.7425	-76.7881	-76.8212	-76.8428	-76.8552	-76.8602	-76.8596	-76.8547	-76.8465	-76.8358	-76.8233	-76.8095	-76.7946	-76.7789	-76.7626	-76.7458	-76.7287	-76.7113	-76.6936	-76.6756	-76.6575	-76.6392	-76.6208	-76.6023	-76.5836	-76.5648	-76.5459	-76.527	-76.5081	-76.4892	-76.4704	-76.4519	-76.4336	-76.4159	-76.3989	-76.3828	-76.3681	-76.3552	-76.3447	-76.3373	-76.334	-76.3359	-76.3446	-76.3614	-76.3878	-76.426
5.98	-76.6387	-76.6903	-76.7461	-76.7916	-76.8246	-76.8463	-76.8586	-76.8637	-76.8631	-76.8581	-76.85	-76.8393	-76.8269	-76.813	-76.7982	-76.7825	-76.7662	-76.7495	-76.7324	-76.715	-76.6973	-76.6794	-76.6613	-76.6431	-76.6247	-76.6061	-76.5875	-76.5687	-76.5499	-76.531	-76.5121	-76.4933	-76.4745	-76.456	-76.4378	-76.4201	-76.4031	-76.3871	-76.3724	-76.3595	-76.349	-76.3416	-76.3383	-76.3403	-76.3489	-76.3657	-76.3921	-76.4302
5.985	-76.6423	-76.6939	-76.7496	-76.7951	-76.828	-76.8497	-76.8621	-76.8671	-76.8665	-76.8616	-76.8534	-76.8428	-76.8304	-76.8166	-76.8018	-76.7861	-76.7699	-76.7532	-76.7361	-76.7187	-76.701	-76.6832	-76.6651	-76.6469	-76.6285	-76.61	-76.5914	-76.5727	-76.5539	-76.535	-76.5162	-76.4973	-76.4786	-76.4601	-76.442	-76.4243	-76.4073	-76.3913	-76.3767	-76.3638	-76.3533	-76.346	-76.3427	-76.3447	-76.3533	-76.37	-76.3964	-76.4345
5.99	-76.646	-76.6974	-76.7531	-76.7985	-76.8315	-76.8531	-76.8655	-76.8706	-76.87	-76.8651	-76.8569	-76.8464	-76.8339	-76.8202	-76.8053	-76.7897	-76.7735	-76.7568	-76.7398	-76.7224	-76.7048	-76.6869	-76.6689	-76.6507	-76.6324	-76.6139	-76.5953	-76.5766	-76.5578	-76.539	-76.5202	-76.5014	-76.4827	-76.4642	-76.4461	-76.4285	-76.4115	-76.3956	-76.381	-76.3681	-76.3577	-76.3503	-76.347	-76.349	-76.3576	-76.3743	-76.4007	-76.4387
5.995	-76.6496	-76.701	-76.7566	-76.802	-76.8349	-76.8566	-76.8689	-76.874	-76.8734	-76.8685	-76.8604	-76.8499	-76.8375	-76.8237	-76.8089	-76.7933	-76.7771	-76.7605	-76.7434	-76.7261	-76.7085	-76.6907	-76.6727	-76.6545	-76.6362	-76.6178	-76.5992	-76.5805	-76.5618	-76.543	-76.5242	-76.5054	-76.4868	-76.4684	-76.4503	-76.4327	-76.4157	-76.3998	-76.3852	-76.3724	-76.362	-76.3547	-76.3514	-76.3533	-76.362	-76.3787	-76.405	-76.4429
6	-76.6532	-76.7045	-76.7601	-76.8054	-76.8384	-76.86	-76.8723	-76.8774	-76.8768	-76.872	-76.8639	-76.8533	-76.841	-76.8272	-76.8125	-76.7969	-76.7807	-76.7641	-76.7471	-76.7298	-76.7122	-76.6945	-76.6765	-76.6583	-76.6401	-76.6216	-76.6031	-76.5845	-76.5658	-76.547	-76.5282	-76.5095	-76.4909	-76.4725	-76.4544	-76.4368	-76.42	-76.4041	-76.3895	-76.3767	-76.3663	-76.359	-76.3557	-76.3577	-76.3663	-76.383	-76.4092	-76.4471
0 unlabeled lines
