0.0,0.0,0.0,0.0,0.0,0.0,0.0,0.0,0.0,0.0,0.0,0.0,0.0,0.0,0.0,0.0,0.0,0.0,0.0,0.0,0.0,0.0,0.0,0.0,0.0,0.0,0.0,0.0,0.0,0.0,0.0,0.0,0.0,0.0,0.0,0.0,0.0
0.005,-0.0007569321643767162,-0.0007237148201077496,-0.0007110691010254622,-0.0007075001640353193,-0.0007064937585661813,-0.0007062101131083144,-0.0007061302151977597,-0.0007061077226499181,-0.0007061013945780988,-0.000706099615404189,-0.0007060991155272094,-0.0007060989751851866,-0.00070609893581452,-0.0007060989247789227,-0.000706098921688391,-0.0007060989208237484,-0.0007060989205822305,-0.0007060989205153923,-0.0007060989204987989,-0.000706098920501064,-0.0007060989205255238,-0.0007060989206138989,-0.0007060989209176045,-0.0007060989219571701,-0.0007060989255142876,-0.0007060989376857552,-0.0007060989793327356,-0.0007060991218360431,-0.0007060996094389592,-0.0007061012778678293,-0.0007061069867238557,-0.0007061265206924247,-0.0007061933599901904,-0.0007064220637676027,-0.000707204715303387,-0.0007101543158218734
0.01,-0.0012988959546492858,-0.0010506942750849236,-0.0009725282754460692,-0.0009486947790242088,-0.0009414650704451156,-0.0009392817779350939,-0.0009386250704990804,-0.0009384282477939592,-0.0009383694491405001,-0.0009383519357168342,-0.0009383467334774668,-0.0009383451920876862,-0.0009383447364509385,-0.000938344602065909,-0.0009383445625059551,-0.0009383445508869179,-0.0009383445474841708,-0.0009383445464901557,-0.0009383445462168058,-0.00093834454618517,-0.000938344546344824,-0.0009383445469339454,-0.0009383445488681688,-0.0009383445551449261,-0.0009383445753917894,-0.0009383446405485191,-0.0009383448492948944,-0.0009383455150053933,-0.000938347626708588,-0.0009383542838278308,-0.0009383751172401636,-0.0009384397468547884,-0.0009386381149737973,-0.0009392389422044885,-0.0009410284052047302,-0.000946683911423767
0.015000000000000001,-0.0013482040158079782,-0.0011747035772682471,-0.0010959801322111403,-0.0010646989241882387,-0.0010530808548140807,-0.00104894803698118,-0.0010475215993541245,-0.001047040180763723,-0.0010468805055775545,-0.0010468282789127482,-0.0010468113916259523,-0.0010468059836358234,-0.0010468042660064913,-0.0010468037243609178,-0.0010468035546281945,-0.0010468035017324616,-0.0010468034853421727,-0.0010468034803027817,-0.0010468034788147197,-0.0010468034785595334,-0.0010468034791140154,-0.0010468034812447,-0.0010468034879531686,-0.0010468035086428067,-0.0010468035719452254,-0.0010468037643127262,-0.0010468043444009627,-0.0010468060785553807,-0.001046811210903778,-0.001046826223864487,-0.0010468695366528987,-0.001046992439227345,-0.0010473341636986948,-0.0010482603279411411,-0.0010506887731643285,-0.0010572162238461826
0.02,-0.0013587472281728183,-0.0012311674530066635,-0.0011622446196720535,-0.0011300995866079684,-0.001116360271835095,-0.0011108295100856439,-0.0011086986022286567,-0.0011079046736218244,-0.0011076166170886962,-0.0011075143309834624,-0.0011074786536673805,-0.0011074663958547534,-0.0011074622384856063,-0.0011074608441907735,-0.0011074603811567745,-0.001107460228725351,-0.0011074601789499235,-0.0011074601628683002,-0.0011074601578701059,-0.001107460156837607,-0.0011074601582239303,-0.0011074601637658086,-0.001107460180601678,-0.0011074602301731074,-0.0011074603744917026,-0.0011074607905942069,-0.0011074619774202785,-0.0011074653211769927,-0.00110747460935071,-0.0011074999870405724,-0.0011075679823919565,-0.0011077459172612973,-0.0011081981821976254,-0.0011093058652863917,-0.0011118887422659823,-0.0011178555335941461
0.024999999999999998,-0.0013631468402621099,-0.0012624991372259268,-0.0012028692456635107,-0.0011721331026643398,-0.0011576560850788391,-0.0011512698530129423,-0.0011485899018120762,-0.0011475086755150404,-0.0011470861321692188,-0.0011469252945394558,-0.0011468654145693374,-0.0011468435388771975,-0.0011468356766795315,-0.0011468328910341067,-0.001146831916403914,-0.0011468315792073625,-0.0011468314637599177,-0.0011468314247262132,-0.0011468314120300874,-0.001146831409085858,-0.0011468314118644525,-0.0011468314235291309,-0.0011468314578247196,-0.0011468315545817291,-0.0011468318236758119,-0.0011468325628757946,-0.0011468345661251325,-0.001146839911947958,-0.001146853926573132,-0.0011468899131818436,-0.001146980071062607,-0.0011471993000015783,-0.0011477129105259348,-0.0011488596637894515,-0.0011512575806362864,-0.001156046711190848
0.029999999999999995,-0.001366225788278981,-0.0012830558484579323,-0.0012308998917437933,-0.0012021604260188921,-0.0011876533204538214,-0.001180799076880073,-0.0011777245277534508,-0.0011764020874915557,-0.0011758526535587447,-0.0011756309364583275,-0.0011755436616831525,-0.0011755100369869572,-0.0011754973225800958,-0.001175492593539449,-0.0011754908601654766,-0.0011754902331141076,-0.0011754900090255047,-0.0011754899300706711,-0.0011754899033185212,-0.0011754898965660085,-0.0011754899013131895,-0.0011754899224255754,-0.0011754899827366343,-0.001175490146388258,-0.0011754905826947188,-0.001175491729054512,-0.0011754946933110258,-0.0011755022207513126,-0.0011755209410478282,-0.0011755663738700732,-0.0011756734731494564,-0.001175917132308696,-0.0011764472301918193,-0.001177534469981891,-0.0011795864489533322,-0.0011831304069107305
0.034999999999999996,-0.001368832473366846,-0.0012982306058787361,-0.0012520715274672402,-0.0012253686960622008,-0.0012111732134401992,-0.0012041016465421349,-0.0012007575430188406,-0.0011992424123991716,-0.0011985801716816805,-0.001198299447243627,-0.001198183553087517,-0.0011981367985690792,-0.0011981183159444032,-0.0011981111400975438,-0.0011981083986395361,-0.00119810736642585,-0.0011981069830300827,-0.0011981068428209515,-0.0011981067935126245,-0.0011981067801921383,-0.001198106787320802,-0.0011981068214662787,-0.0011981069166174657,-0.0011981071657115715,-0.0011981078045266457,-0.0011981094156382095,-0.0011981134063490345,-0.001198123091408078,-0.0011981460485320566,-0.0011981989820453972,-0.001198317064316567,-0.001198569990148141,-0.0011990843790401471,-0.0012000599033197272,-0.0012017290914156623,-0.0012042040843271108
0.04,-0.001371146333540319,-0.0013103291321214165,-0.0012691293472857539,-0.0012443530402565003,-0.001230631731587474,-0.001223501410448724,-0.0012199819400078534,-0.0012183175414264686,-0.0012175585077464962,-0.0012172230233035819,-0.0012170787342447738,-0.0012170181496960891,-0.001216993247938869,-0.0012169832059537495,-0.0012169792252703353,-0.001216977671706551,-0.0012169770742089254,-0.0012169768481958586,-0.001216976765995876,-0.0012169767424757753,-0.001216976752113608,-0.0012169768027289842,-0.0012169769408557933,-0.0012169772908440036,-0.0012169781568990806,-0.0012169802605613358,-0.0012169852701843786,-0.001216996935476173,-0.0012170234047257,-0.0012170816648601139,-0.0012172052923773132,-0.001217456003062462,-0.0012179354564267962,-0.0012187808153681168,-0.0012200951397392662,-0.0012217375779655973
0.045000000000000005,-0.0013732251591451988,-0.0013204732749018508,-0.0012835136350450242,-0.0012605308225957013,-0.0012473610859384814,-0.0012402736522406882,-0.0012366484000123758,-0.001234871175445914,-0.001234030970032201,-0.001233646069193825,-0.001233474556282026,-0.0012333999816655206,-0.001233368259358662,-0.0012333550289395383,-0.0012333496085672575,-0.001233347423814516,-0.001233346556685536,-0.0012333462184936374,-0.0012333460916705325,-0.0012333460535283868,-0.0012333460653393977,-0.0012333461353994477,-0.0012333463232570797,-0.0012333467853523994,-0.0012333478919069939,-0.0012333504886173565,-0.001233356453514392,-0.0012333698288446789,-0.0012333989959973017,-0.001233460542934177,-0.0012335853573445844,-0.0012338262025518429,-0.0012342615131978518,-0.001234978189458968,-0.001235990243401118,-0.0012370158250699407
0.05000000000000001,-0.0013751002512288066,-0.001329270799365616,-0.0012960430721971673,-0.0012747344283891326,-0.0012621535358038171,-0.001255176348922353,-0.0012514970780225436,-0.0012496369322158843,-0.0012487298310706922,-0.001248301184341922,-0.0012481041779202184,-0.001248015847873809,-0.0012479771152966181,-0.0012479604693340753,-0.0012479534451843902,-0.0012479505305681303,-0.0012479493403133948,-0.0012479488629892584,-0.0012479486789314616,-0.0012479486210638202,-0.0012479486342161436,-0.0012479487259495809,-0.0012479489685139468,-0.0012479495493764685,-0.0012479508990643957,-0.001247953967632489,-0.0012479607876994786,-0.0012479755627854941,-0.0012480066377244952,-0.0012480697449504974,-0.0012481925598454224,-0.0012484190421175882,-0.0012488075933892887,-0.0012494067541638381,-0.001250172269733462,-0.0012507515792686942
0.055000000000000014,-0.001376794535884044,-0.0013370785004744013,-0.0013072125215154054,-0.0012874796214004114,-0.0012755060221299073,-0.001268685773014153,-0.001264991798907029,-0.001263073241100558,-0.0012621119341482167,-0.0012616451286067952,-0.0012614246538534717,-0.0012613230754044793,-0.0012612773116279273,-0.0012612571086765725,-0.0012612483539301265,-0.0012612446245692877,-0.0012612430616860018,-0.0012612424188107973,-0.0012612421644909268,-0.0012612420812964024,-0.0012612420944173093,-0.0012612422091720465,-0.0012612425095181855,-0.001261243211495412,-0.0012612447981882897,-0.0012612483022458006,-0.0012612558583559618,-0.001261271720726173,-0.001261304000039897,-0.0012613673043735884,-0.0012614859611481807,-0.001261695856603907,-0.001262038835210501,-0.0012625350275965938,-0.0012631034928363256,-0.0012633622179461443
0.06000000000000002,-0.0013783268391042132,-0.001344118736645746,-0.0013173351211200543,-0.0012990984897807134,-0.0012877417651559185,-0.0012811124468337643,-0.0012774344569362458,-0.001275477773110976,-0.0012744734426716868,-0.0012739737919627966,-0.0012737320023506271,-0.0012736178624824612,-0.0012735651761471832,-0.0012735413480014855,-0.0012735307711959037,-0.001273526157011885,-0.0012735241772260264,-0.001273523343734661,-0.001273523006170802,-0.0012735228916868314,-0.0012735229028885827,-0.0012735230411296177,-0.0012735234004761546,-0.0012735242222275632,-0.0012735260331992783,-0.0012735299271704626,-0.001273538094410943,-0.0012735547525475647,-0.001273587644123022,-0.0012736501227257231,-0.0012737632651667024,-0.0012739558389582883,-0.0012742563151352444,-0.0012746641025510774,-0.001275075946306896,-0.0012751032218959878
0.06500000000000002,-0.0013797133216587663,-0.0013505369599600514,-0.0013266164165929364,-0.0013098112930027253,-0.0012990766582640185,-0.0012926641730631701,-0.001289026806608142,-0.0012870490385351804,-0.0012860115510025401,-0.0012854840275942734,-0.0012852231066019784,-0.0012850972067275567,-0.0012850378036993863,-0.0012850103429528869,-0.0012849978846456995,-0.0012849923303132921,-0.0012849898952488272,-0.001284988848010822,-0.0012849884145924816,-0.001284988262692974,-0.001284988269614798,-0.0012849884309280605,-0.0012849888488584238,-0.0012849897860908062,-0.0012849918041280724,-0.0012849960379979109,-0.001285004694530823,-0.001285021889305842,-0.001285054913257186,-0.001285115828635578,-0.0012852226800590812,-0.0012853980906295873,-0.0012856598361020166,-0.0012859922807247721,-0.0012862791001344636,-0.001286136878311283
0.07000000000000002,-0.0013809681561760857,-0.0013564325971801006,-0.001335195931901532,-0.0013197680822314957,-0.001309658285742012,-0.001303483088659139,-0.0012999066327745942,-0.0012979223250573796,-0.0012968604380954095,-0.0012963096668142944,-0.0012960317732580845,-0.0012958949845842697,-0.0012958291428053618,-0.001295798091679467,-0.00129578372068069,-0.0012957771848995186,-0.0012957742623386594,-0.001295772980569333,-0.0012957724393316576,-0.0012957722438491617,-0.0012957722437404926,-0.001295772426957317,-0.0012957729016736346,-0.0012957739478718345,-0.0012957761530282004,-0.0012957806757927977,-0.0012957897080087305,-0.00129580721620074,-0.0012958399934205026,-0.0012958988313383445,-0.0012959990093895717,-0.0012961578991235066,-0.0012963847300710664,-0.0012966529059045032,-0.0012968388305041867,-0.001296569808745622
0.07500000000000002,-0.00138210392325647,-0.0013618766138949394,-0.0013431716893248795,-0.001329073984622134,-0.0013195900075261315,-0.0013136686210383577,-0.0013101701109587758,-0.0013081918542248128,-0.0013071133996763592,-0.0013065436775854097,-0.0013062509170393194,-0.0013061041508161352,-0.0013060322013051882,-0.0013059976422739698,-0.001305981351935893,-0.0013059738064328476,-0.0013059703703039152,-0.001305968835739847,-0.0013059681755810092,-0.0013059679304402163,-0.0013059679202634034,-0.0013059681235386357,-0.001305968652146063,-0.0013059697992447606,-0.0013059721701965958,-0.001305976932160468,-0.0013059862370975502,-0.0013060038702182274,-0.001306036106162266,-0.001306092519035668,-0.0013061858962721557,-0.001306329130988195,-0.0013065245868038096,-0.001306737605973977,-0.0013068408851919426,-0.0013064744999062574
0.08000000000000003,-0.0013831318736234018,-0.0013669218934779317,-0.0013506151476267902,-0.0013378050171767727,-0.0013289462649837412,-0.0013232921571711734,-0.00131988608883827,-0.0013179249047786895,-0.0013168369358544608,-0.0013162522600608767,-0.0013159466708840637,-0.0013157908586406027,-0.0013157131713893348,-0.0013156752194782868,-0.0013156570243264302,-0.0013156484527023788,-0.0013156444828692083,-0.0013156426799045837,-0.0013156418907155911,-0.0013156415900473937,-0.001315641566538189,-0.0013156417875158117,-0.0013156423662581843,-0.0013156436051918576,-0.0013156461202366505,-0.001315651074310413,-0.0013156605603596074,-0.0013156781610808076,-0.0013157096292163162,-0.0013157633898206306,-0.0013158499956851374,-0.0013159785105151028,-0.001316145729916182,-0.0013163109854493836,-0.0013163454211902958,-0.0013159021237181753
0.08500000000000003,-0.001384062116756923,-0.0013716095297357609,-0.001357580486706364,-0.0013460181421497798,-0.0013377824602991016,-0.0013324065721313054,-0.0013291053695767949,-0.0013271709812321488,-0.001326079885319344,-0.0013254839801258424,-0.0013251675270484636,-0.0013250036072939364,-0.0013249205807070788,-0.001324879377266521,-0.001324859310022973,-0.0013248497066354976,-0.0013248451886170153,-0.0013248431043160753,-0.001324842177066636,-0.0013248418152977794,-0.001324841775069065,-0.0013248420109746605,-0.0013248426354946165,-0.001324843956605875,-0.0013248465943196152,-0.0013248516967132237,-0.0013248612832352197,-0.001324878720979412,-0.0013249092480463484,-0.001324960214161393,-0.0013250401695670566,-0.0013251548851557049,-0.0013252965887211399,-0.001325420058016498,-0.0013253961655690274,-0.0013248903723336101
0.09000000000000004,-0.0013849037650116352,-0.0013759727141024092,-0.0013641104518235844,-0.001353757718484473,-0.0013461413807542755,-0.0013410524655893506,-0.0013378667964969763,-0.0013359678192281872,-0.0013348794023359777,-0.0013342757423271687,-0.001333950313699196,-0.0013337792226502255,-0.0013336912755005893,-0.0013336469831959888,-0.0013336250922040415,-0.0013336144610671386,-0.0013336093856903494,-0.0013336070097460266,-0.0013336059365640861,-0.001333605508484689,-0.0013336054481003221,-0.0013336056958597401,-0.0013336063613655733,-0.0013336077547426814,-0.0013336104943878413,-0.0013336157048629317,-0.0013336253212497258,-0.0013336424878570923,-0.0013336719417083173,-0.0013337200303500125,-0.001333793506103216,-0.0013338952884446333,-0.0013340138120021968,-0.0013341003472565225,-0.0013340262430237082,-0.0013334683292073432
0.09500000000000004,-0.0013856650493371129,-0.0013800391744451042,-0.0013702400648118469,-0.0013610596605237713,-0.0013540573879698508,-0.0013492622536440723,-0.0013462012528649887,-0.0013443453321335906,-0.0013432648818977823,-0.0013426567104340488,-0.0013423241169313942,-0.00134214678168822,-0.0013420543469008497,-0.0013420071455763048,-0.0013419834925571922,-0.001341971846339235,-0.0013419662093964357,-0.0013419635340632063,-0.0013419623082414041,-0.0013419618090731258,-0.0013419617251178352,-0.001341961981446048,-0.0013419626828802078,-0.0013419641385677477,-0.0013419669603667635,-0.0013419722421819681,-0.001341981826777244,-0.0013419986325905594,-0.0013420269126542092,-0.0013420720819745898,-0.0013421392734454143,-0.001342228919049007,-0.001342326266482069,-0.0013423798430138123,-0.0013422619000240895,-0.001341659528905281
0.10000000000000005,-0.0013863534153312667,-0.0013838327279526836,-0.0013759989976729764,-0.001367954125931747,-0.001361559150344561,-0.0013570628521947638,-0.001354134290095587,-0.0013523282045722566,-0.0013512605379885042,-0.0013506508815708722,-0.0013503128554560539,-0.0013501301887694913,-0.0013500337083430746,-0.0013499837915756565,-0.0013499584497187482,-0.0013499458088269015,-0.0013499396106989912,-0.0013499366306913977,-0.0013499352467158804,-0.0013499346721485763,-0.001349934561271519,-0.0013499348227764092,-0.0013499355549125914,-0.001349937063097695,-0.0013499399483232343,-0.0013499452680899218,-0.00134995476707038,-0.001349971137652174,-0.0013499981677005178,-0.0013500404045361277,-0.0013501015170178184,-0.0013501797516984918,-0.0013502576504537353,-0.0013502815664568609,-0.001350124887763494,-0.0013494838895006568
0.10500000000000005,-0.0013869756050572568,-0.0013873742857071195,-0.0013814131015439433,-0.0013744672560505923,-0.0013686714233437445,-0.0013644774326417933,-0.001361687850484962,-0.0013599375929688826,-0.001358887093626302,-0.001358278773231238,-0.001357936967723827,-0.0013577498637140425,-0.0013576497845815235,-0.0013575973567581977,-0.0013575704089975112,-0.0013575568007105788,-0.00135755004601583,-0.00135754675841475,-0.0013575452119474198,-0.0013575445581649299,-0.0013575444171547773,-0.0013575446803745497,-0.001357545437945766,-0.0013575469890286453,-0.0013575499200929651,-0.001357555247521762,-0.0013575646138895296,-0.0013575804873383417,-0.001357606210107974,-0.0013576455216075,-0.0013577007622673073,-0.0013577682464440285,-0.0013578281979886174,-0.001357825229320669,-0.0013576339852154344,-0.0013569589346365495
0.11000000000000006,-0.0013875377279783314,-0.0013906825146361714,-0.00138650539968485,-0.001380622305016446,-0.0013754162073256041,-0.001371526566594079,-0.0013688813919212372,-0.001367192236138122,-0.0013661628845930136,-0.0013655585248206173,-0.0013652145135692802,-0.0013650238441621537,-0.0013649206146437015,-0.001364865888425835,-0.0013648374259222216,-0.0013648228836191322,-0.0013648155808777215,-0.0013648119849927524,-0.0013648102728494337,-0.001364809536552841,-0.0013648093623724864,-0.0013648096238496425,-0.0013648104016022984,-0.0013648119863050056,-0.0013648149467298811,-0.0013648202543774842,-0.0013648294470679455,-0.0013648447719305128,-0.0013648691451457757,-0.0013649055531350716,-0.0013649551269245034,-0.0013650124633013826,-0.0013650557857437407,-0.001365028303065832,-0.001364805969445704,-0.0013641005650338316
0.11500000000000006,-0.0013880453232869533,-0.001393774283343144,-0.0013912967393156317,-0.0013864403743478356,-0.0013818134992219246,-0.0013782289690028348,-0.0013757326183202049,-0.0013741091767070343,-0.0013731045764222938,-0.001372506613362814,-0.001372161890020719,-0.001371968501915172,-0.0013718625686614235,-0.001371805762757005,-0.0013717758835439908,-0.001371760445976053,-0.0013717526072580984,-0.0013717487045044438,-0.0013717468246388475,-0.0013717460030731635,-0.0013717457928677556,-0.001371746049203898,-0.0013717468419504897,-0.001371748451350568,-0.0013717514257706187,-0.0013717566888033629,-0.001371765671934458,-0.0013717804055214116,-0.0013718033989552686,-0.0013718369361644734,-0.0013718810439622465,-0.0013719287854770466,-0.001371956647906132,-0.0013719067041177986,-0.001371656230518003,-0.001370923543160013
0.12000000000000006,-0.0013885034150827164,-0.0013966649702574611,-0.001395806225514299,-0.0013919408933140743,-0.0013878817798591968,-0.0013846019782824826,-0.001382257950925697,-0.0013807042265135017,-0.0013797276270582316,-0.0013791383153646758,-0.001378794293414284,-0.001378599005504215,-0.0013784908108425654,-0.001378432148040644,-0.0013784009557891962,-0.0013783846664135854,-0.0013783763070090416,-0.0013783721007791915,-0.0013783700522365498,-0.0013783691431796588,-0.0013783688943282881,-0.0013783691422051365,-0.0013783699448831792,-0.0013783715704435906,-0.0013783745445518267,-0.0013783797405277577,-0.0013783884827782828,-0.0013784025898547182,-0.0013784241831502073,-0.0013784548906466616,-0.00137849372851063,-0.001378532385489781,-0.0013785458349771277,-0.0013784752300049952,-0.0013781991582964206,-0.0013774417952704952
0.12500000000000006,-0.001388916561678954,-0.0013993686833492596,-0.0014000515156479087,-0.0013971419355518636,-0.0013936383299185953,-0.001390661864905931,-0.0013884728302153949,-0.0013869922643876206,-0.0013860465828358125,-0.001385468002561688,-0.0013851260153797203,-0.0013849296166206313,-0.0013848195962569132,-0.001384759301650679,-0.0013847269045443695,-0.001384709810871746,-0.0013847009490029717,-0.001384696444530409,-0.0013846942274016913,-0.0013846932291779871,-0.0013846929393072239,-0.0013846931755226062,-0.0013846939832181555,-0.0013846956168075144,-0.0013846985773236066,-0.0013847036859884665,-0.0013847121600743131,-0.0013847256117962112,-0.0013847457928253747,-0.0013847737181626124,-0.0013848074771646947,-0.0013848375233463425,-0.0013848375058025852,-0.0013847478345544897,-0.0013844483833965206,-0.0013836685974511246
0.13000000000000006,-0.0013892888996787868,-0.001401898422126486,-0.0014040490241664608,-0.0014020604305682246,-0.0013990994353885867,-0.0013964240290105453,-0.0013943919076704594,-0.0013929874248224522,-0.001392075266051589,-0.0013915093293512082,-0.0013911706306819534,-0.0013909738783563917,-0.0013908624593507142,-0.0013908007587786983,-0.0013907672684799336,-0.0013907494215064581,-0.0013907400779999755,-0.001390735282218884,-0.0013907328975982253,-0.0013907318090682539,-0.0013907314760593082,-0.0013907316975618094,-0.001390732505528819,-0.0013907341394509617,-0.0013907370740722856,-0.0013907420771766988,-0.00139075025941772,-0.0013907630325208965,-0.0013907817960625982,-0.0013908069919160763,-0.0013908358581852431,-0.001390857735574368,-0.0013908451117174714,-0.0013907377997465777,-0.0013904169253858385,-0.0013896166884122235
0.13500000000000006,-0.0013896241837681388,-0.0014042662015684448,-0.0014078140695693905,-0.0014067123079417481,-0.0014042805221976614,-0.0014019031265454262,-0.0014000291666617245,-0.0013987032162818655,-0.001397826892466158,-0.0013972753504158672,-0.001396941115162311,-0.0013967447335117063,-0.0013966323325684802,-0.0013965694512270987,-0.0013965349819383807,-0.001396516435574065,-0.0013965066335846102,-0.0013965015549992504,-0.001396499004937367,-0.0013964978254694493,-0.0013964974474985656,-0.0013964976513783196,-0.00139649845509166,-0.0013965000820579244,-0.0013965029794129778,-0.0013965078605767734,-0.0013965157305176879,-0.0013965278065926918,-0.0013965451533176694,-0.0013965676764500974,-0.001396591831200149,-0.0013966059538938263,-0.001396581511515711,-0.0013964578417919639,-0.0013961172825535913,-0.0013952983365153162
0.14000000000000007,-0.0013899258222547894,-0.0014064831503468249,-0.001411360983917858,-0.0014111125984222698,-0.0014091962458273157,-0.001407113150164579,-0.0014053979981775149,-0.0014041525946577999,-0.0014033141441006272,-0.0014027785936153118,-0.0014024499190754668,-0.0014022545982793387,-0.001402141620285272,-0.0014020777814570124,-0.0014020424491004947,-0.0014020232596460595,-0.0014020130243694172,-0.0014020076729163308,-0.001402004960351209,-0.0014020036898559469,-0.0014020032653439696,-0.0014020034488905371,-0.0014020042440135304,-0.0014020058571796697,-0.0014020087068119396,-0.0014020134513383533,-0.0014020209914434542,-0.0014020323563589659,-0.0014020482919677967,-0.0014020682023375773,-0.0014020878219284491,-0.001402094579070396,-0.0014020590424776332,-0.0014019201757961887,-0.0014015614853831499,-0.0014007253785436723
0.14500000000000007,-0.0013901969096206312,-0.0014085595914238502,-0.0014147031977704855,-0.0014152755077834385,-0.0014138605527065167,-0.0014120674816563417,-0.0014105112482987407,-0.0014093480085540816,-0.001408549213951364,-0.001408031104875988,-0.0014077090122349342,-0.0014075154077701176,-0.0014074022445687128,-0.0014073376685591792,-0.0014073015899443977,-0.001407281815636117,-0.0014072711740440082,-0.0014072655609639188,-0.0014072626896853646,-0.0014072613285365141,-0.001407260856202727,-0.0014072610168922419,-0.0014072617993275245,-0.0014072633922580775,-0.0014072661845612009,-0.0014072707793568336,-0.0014072779747200824,-0.001407288618125776,-0.001407303152591774,-0.0014073205126463476,-0.0014073357685305625,-0.0014073355266097521,-0.0014072895640157145,-0.00140713655483185,-0.0014067611278301803,-0.0014059092415746011
0.15000000000000008,-0.0013904402554902589,-0.0014105051100890996,-0.001417853308961801,-0.0014192144732098656,-0.0014182867239810398,-0.0014167789269845265,-0.0014153812483829846,-0.0014143014273160642,-0.001413543833425141,-0.001413044475692964,-0.0014127299119280658,-0.0014125386441993678,-0.001412425673590258,-0.0014123605767544078,-0.0014123238689147616,-0.0014123035694734872,-0.0014122925500524434,-0.001412286687745532,-0.0014122836623097336,-0.0014122822113779366,-0.0014122816902214766,-0.001412281825720397,-0.0014122825916058194,-0.0014122841583024367,-0.00141228688447288,-0.001412291317920565,-0.0014122981560050227,-0.0014123080708810297,-0.0014123212178522022,-0.001412336091842448,-0.0014123471505243673,-0.0014123402551785794,-0.001412284484573998,-0.0014121182935768115,-0.0014117273855624613,-0.001410860955014439
0.15500000000000008,-0.0013906584111463497,-0.001412328612953269,-0.0014208231403644717,-0.0014229422087523955,-0.0014224874087424252,-0.001421259740941024,-0.001420019834934071,-0.0014190243588573356,-0.0014183092895744727,-0.00141782986044989,-0.0014175237004465967,-0.0014173353546988335,-0.0014172229396544023,-0.0014171575335944805,-0.0014171203131429606,-0.0014170995493363854,-0.001417088181850815,-0.001417082083772505,-0.0014170789094524031,-0.0014170773700556635,-0.001417076799359474,-0.0014170769075408497,-0.001417077653252036,-0.0014170791881254635,-0.0014170818401424026,-0.0014170861019841593,-0.0014170925724190627,-0.0014171017546926008,-0.0014171135308996975,-0.0014171259843324122,-0.0014171330072453845,-0.0014171197846996784,-0.0014170547786028984,-0.00141687628294395,-0.0014164710267233391,-0.0014155911573538154
0.1600000000000001,-0.0013908536934112046,-0.0014140383799452231,-0.0014236237901938248,-0.00142647074378947,-0.0014264746508221573,-0.0014255216458721612,-0.0014244383637882817,-0.0014235278617203563,-0.0014228564364809346,-0.0014223979878326136,-0.001422101036772212,-0.0014219161632601398,-0.0014218046513219222,-0.001421739142155154,-0.0014217015247297972,-0.0014216803580145228,-0.0014216686732761287,-0.001421662353788723,-0.0014216590365297552,-0.0014216574104127203,-0.0014216567897263452,-0.0014216568686745304,-0.0014216575908331539,-0.0014216590887013447,-0.0014216616592906042,-0.001421665740524352,-0.0014216718348807253,-0.0014216802830745983,-0.0014216907078614509,-0.0014217008069789146,-0.001421703950374316,-0.0014216847086366046,-0.0014216109980591937,-0.001421420999823331,-0.0014210024189518972,-0.001420110100355042
0.1650000000000001,-0.0013910282063187794,-0.0014156421110112706,-0.0014262656769143342,-0.0014298114570695823,-0.0014302599120102975,-0.0014295758472569183,-0.0014286477213067408,-0.0014278225542527095,-0.0014271957037866048,-0.0014267591692872343,-0.0014264721652083193,-0.0014262912795708369,-0.0014261810024145405,-0.0014261155902123518,-0.0014260776899538256,-0.0014260561821176352,-0.00142604421177714,-0.0014260376860468073,-0.001426034232391794,-0.0014260325217064203,-0.0014260318508496706,-0.001426031898852633,-0.0014260325943236316,-0.0014260340504124562,-0.001426036532984675,-0.0014260404257773382,-0.0014260461374095705,-0.0014260538523097343,-0.0014260629471700423,-0.001426070758497314,-0.0014260701733532334,-0.0014260452031956733,-0.0014259632810340196,-0.0014257625144649291,-0.0014253315346682486,-0.0014244276524518803
0.1700000000000001,-0.0013911838607554871,-0.0014171469683616816,-0.00142875858014779,-0.0014329751078083451,-0.0014338540933007792,-0.0014334330477969092,-0.001432658334321007,-0.0014319186225877707,-0.001431337103921681,-0.001430923306171505,-0.0014306469226890522,-0.0014304705065404507,-0.001430361779689316,-0.0014302966579527602,-0.0014302585871005498,-0.0014302367999485162,-0.00143022457628763,-0.0014302178601539228,-0.0014302142771912588,-0.0014302124844663435,-0.0014302117635133118,-0.0014302117790798022,-0.0014302124449786136,-0.0014302138548882518,-0.001430216243522871,-0.0014302199411212343,-0.0014302252649538924,-0.0014302322493491939,-0.0014302400375363932,-0.0014302456274838007,-0.001430241459397829,-0.0014302110352650112,-0.0014301213592151092,-0.0014299104969499334,-0.0014294679560443435,-0.0014285533022578708
0.1750000000000001,-0.0013913223922876773,-0.0014185596151320944,-0.0014311116785519508,-0.0014359718649140096,-0.0014372675550812302,-0.0014371034610649082,-0.0014364801798755135,-0.0014358258284076755,-0.0014352902391445426,-0.0014348998967016642,-0.0014346347457995737,-0.0014344632474424049,-0.0014343563701511197,-0.0014342917254439652,-0.0014342535939160215,-0.0014342315889835583,-0.0014342191447343129,-0.001434212254618449,-0.0014342085499123014,-0.0014342066780279217,-0.0014342059073158186,-0.001434205889152202,-0.001434206522838386,-0.0014342078825430537,-0.0014342101719408873,-0.0014342136685922412,-0.0014342186009826635,-0.0014342248593771797,-0.0014342313655677104,-0.0014342348000480547,-0.0014342271891961366,-0.0014341915699792717,-0.0014340945651653222,-0.0014338742237313287,-0.0014334208803007654,-0.0014324961627440918
0.1800000000000001,-0.0013914453772750802,-0.0014198862509055329,-0.0014333335850920841,-0.0014388113347493117,-0.0014405101368380796,-0.0014405968252126336,-0.0014401227952220718,-0.0014395535171037776,-0.0014390643089912765,-0.001438698043158521,-0.0014384446781092357,-0.0014382785134033893,-0.0014381737686199585,-0.001438109780239914,-0.0014380716953328245,-0.001438049533631726,-0.001438036901792039,-0.0014380298545870098,-0.0014380260361330779,-0.0014380240882984157,-0.0014380232683900008,-0.0014380232154059085,-0.0014380238144755702,-0.0014380251203258982,-0.0014380273057795572,-0.001438030596639499,-0.001438035135222282,-0.0014380406736183406,-0.0014380459235539802,-0.001438047267738645,-0.0014380363487951084,-0.0014379957786072014,-0.0014378918399113665,-0.0014376625846301498,-0.0014371991257075517,-0.0014362649763548629
0.1850000000000001,-0.0013915542475649448,-0.001421132644448828,-0.0014354323802920823,-0.0014415025878669948,-0.0014435911767113224,-0.0014439224169285037,-0.0014435952884296998,-0.0014431106266048158,-0.0014426681182932322,-0.0014423264597665986,-0.0014420853780619566,-0.001441924931402223,-0.0014418225858446193,-0.0014417594256118812,-0.0014417214917026946,-0.0014416992334831793,-0.0014416864471704666,-0.0014416792601360615,-0.001441675336310897,-0.0014416733160222879,-0.0014416724477186698,-0.0014416723590334548,-0.0014416729213081198,-0.0014416741699965038,-0.0014416762473454193,-0.001441679328407009,-0.00144168347196971,-0.0014416882976378308,-0.0014416923178878533,-0.0014416916358900801,-0.0014416775380528591,-0.001441632246926607,-0.0014415217411488347,-0.001441284090514377,-0.0014408111384856526,-0.0014398681211031628
0.1900000000000001,-0.0013916503038016003,-0.0014223041640524614,-0.001437415643521153,-0.001444054184815743,-0.001446519530860533,-0.0014470890659321943,-0.0014469063496175502,-0.0014465056968973546,-0.0014461100860070982,-0.001445793481277201,-0.0014455651275479121,-0.0014454107529129816,-0.0014453110572673182,-0.001445248889358911,-0.0014452112076755862,-0.0014451889122207055,-0.0014451760045291631,-0.0014451686952132955,-0.001445164674697708,-0.0014451625857358082,-0.0014451616700481792,-0.0014451615449750234,-0.0014451620685112662,-0.00144516325705576,-0.00144516522265692,-0.0014451680906804028,-0.0014451718390243737,-0.0014451759603224571,-0.001445178778003671,-0.0014451761326891629,-0.0014451589797025574,-0.0014451091842505573,-0.001444992452088765,-0.0014447468817549009,-0.0014442650005644024,-0.0014433136176344092
0.19500000000000012,-0.0013917347273859667,-0.0014234058056161794,-0.0014392904826019944,-0.0014464742011254794,-0.0014493035928467629,-0.0014501051697206671,-0.0014500642628640095,-0.0014497468802976904,-0.0014493982547300404,-0.0014491070722325251,-0.0014488918411817288,-0.0014487438632958104,-0.001448647052457576,-0.001448586033292175,-0.0014485487017219883,-0.0014485264271880815,-0.0014485134310462762,-0.0014485060171821023,-0.0014485019089445182,-0.00144849975532801,-0.001448498793467473,-0.001448498631500176,-0.0014484991145811148,-0.0014485002403199368,-0.0014485020910117866,-0.001448504743458747,-0.0014485080972915063,-0.001448511523468414,-0.0014485131660564596,-0.0014485086188524485,-0.0014484885290445223,-0.0014484344331325792,-0.0014483117910115027,-0.0014480587374185161,-0.001447568438128788,-0.0014466091371885092
0.20000000000000012,-0.001391808591606133,-0.0014244422187853405,-0.0014410635618001186,-0.001448770251519151,-0.001451951312849023,-0.0014529787087770958,-0.0014530769186025035,-0.0014528419523864378,-0.0014525403008899293,-0.0014522748369306512,-0.001452073076232151,-0.0014519317917196868,-0.00145183808513358,-0.0014517783633499865,-0.001451741476284735,-0.0014517192795253833,-0.001451706227582141,-0.0014516987270177632,-0.0014516945402356957,-0.0014516923262095096,-0.0014516913195735906,-0.0014516911203926095,-0.0014516915615124752,-0.0014516926220902052,-0.0014516943551550676,-0.0014516967901286974,-0.001451699750932595,-0.0014517024920082514,-0.0014517029871105285,-0.0014516965978722959,-0.00145167368424208,-0.0014516154796347465,-0.0014514872213969405,-0.0014512270850782782,-0.0014507288309527585,-0.001449762010327255
0.20500000000000013,-0.0013918728714240824,-0.0014254177311602406,-0.0014427411283930943,-0.0014509495132738418,-0.0014544702167371428,-0.0014557172619254547,-0.001455951826578723,-0.0014557983234758547,-0.0014555435455512007,-0.001455304029921876,-0.0014551160430555632,-0.0014549817216748234,-0.0014548913236945044,-0.0014548330401572072,-0.0014547966883687283,-0.0014547746248183477,-0.001454761549329409,-0.001454753979964977,-0.0014547497239954642,-0.0014547474539817614,-0.0014547464041624548,-0.0014547461676145713,-0.0014547465654686752,-0.001454747558813016,-0.001454749171964102,-0.0014547513881278111,-0.0014547539580949311,-0.0014547560246760743,-0.0014547553999056852,-0.0014547472267747942,-0.0014547215970914585,-0.0014546594640729522,-0.001454525862584056,-0.0014542590112115472,-0.0014537532222615118,-0.0014527792362889203
0.21000000000000013,-0.0013919284525923349,-0.0014263363708362116,-0.0014443290377260962,-0.001453018748869792,-0.001456867424876864,-0.0014583280218638888,-0.001458696129060381,-0.0014586230505067189,-0.0014584149656202477,-0.001458201566957096,-0.0014580276159988084,-0.0014579005018712798,-0.0014578136022088328,-0.0014577568900447156,-0.0014577211606260825,-0.0014576992841587133,-0.0014576862168924026,-0.0014576785965942157,-0.001457674280936714,-0.001457671959536104,-0.001457670868276111,-0.001457670594370491,-0.0014576709478619624,-0.0014576718721665417,-0.0014576733634850529,-0.0014576753600435248,-0.0014576775419591326,-0.0014576789451373636,-0.0014576772279519098,-0.001457667327293625,-0.0014576390842199914,-0.0014575731921777845,-0.0014574345008152494,-0.0014571612719490852,-0.0014566483291197543,-0.0014556674928863176
0.21500000000000014,-0.001391976139769079,-0.0014272018873949933,-0.0014458327769682725,-0.0014549843277397625,-0.0014591496706319678,-0.0014608178107584973,-0.0014613166143265083,-0.001461322849266552,-0.0014611612054188804,-0.0014609740363047956,-0.0014608143446094134,-0.0014606946574767124,-0.0014606114316543792,-0.00146055641636664,-0.0014605213926219445,-0.0014604997554953606,-0.0014604867276584073,-0.0014604790742011385,-0.001460474708447987,-0.001460472340397492,-0.0014604712095853101,-0.0014604708985016005,-0.0014604712067091963,-0.0014604720604227861,-0.0014604734283657328,-0.001460475204968814,-0.001460477002156386,-0.0014604777533794534,-0.0014604749709690246,-0.0014604633972923353,-0.0014604326385088938,-0.0014603631465526018,-0.0014602196005850695,-0.0014599403042385303,-0.0014594205531609859,-0.00145843314676729
0.22000000000000014,-0.0013920166640327414,-0.0014280177713597686,-0.0014472574875894647,-0.001456852247246787,-0.0014613233185317997,-0.0014631930956960873,-0.001463819730260179,-0.0014639041068334315,-0.001463788588494189,-0.001463627710255351,-0.00146348246507936,-0.001463370401561389,-0.0014632910114015481,-0.0014632378109741015,-0.001463203572438781,-0.001463182225187169,-0.001463169267334459,-0.0014631615983523743,-0.0014631571921444651,-0.0014631547823122637,-0.0014631536139775563,-0.0014631532660304215,-0.0014631535282102635,-0.001463154310030245,-0.0014631555533657762,-0.0014631571101010486,-0.0014631585263153934,-0.001463158637318073,-0.00146315481647412,-0.0014631416224017955,-0.0014631084407689355,-0.0014630354982900465,-0.0014628873161649386,-0.0014626022371440578,-0.0014620759915473151,-0.001461082264005995
0.22500000000000014,-0.0013920506896028591,-0.0014287872723723549,-0.001448607986545896,-0.0014586281528049438,-0.0014633943819132268,-0.0014654600040628213,-0.0014662115979804488,-0.0014663728940720686,-0.0014663031295519531,-0.0014661685568108237,-0.0014660379118227166,-0.001465933646651995,-0.0014658582408045044,-0.0014658069658635927,-0.0014657735882627216,-0.0014657525796408582,-0.0014657397216357273,-0.0014657320545571294,-0.0014657276175641073,-0.0014657251709102282,-0.0014657239672026042,-0.0014657235828531045,-0.001465723798425098,-0.001465724507270314,-0.0014657256250733136,-0.0014657269623969246,-0.0014657280017758348,-0.0014657274844628039,-0.0014657226515293466,-0.0014657078877692274,-0.0014656723714879748,-0.0014655961186792453,-0.0014654435032729358,-0.0014651529033075166,-0.001464620448112776,-0.0014636206208125289
0.23000000000000015,-0.0013920788199305461,-0.001429513416018684,-0.0014498887863139485,-0.0014603173571664406,-0.0014653685401697133,-0.0014676243386759831,-0.001468498025371527,-0.0014687349782159017,-0.0014687105464352577,-0.0014686022513743051,-0.0014684863291000811,-0.0014683900163261847,-0.0014683187308052953,-0.0014682694847834986,-0.0014682370400576589,-0.0014682164170188327,-0.001468203687942792,-0.0014681960399693078,-0.0014681915818362484,-0.0014681891034045323,-0.0014681878665850972,-0.0014681874464119197,-0.0014681876149740462,-0.0014681882499650543,-0.001468189241578261,-0.0014681903602840045,-0.001468191027280826,-0.0014681898936578926,-0.0014681840744451878,-0.0014681677897688751,-0.0014681300225496722,-0.0014680505909679467,-0.0014678937306895836,-0.0014675978504111694,-0.0014670594445404645,-0.0014660537144007035
0.23500000000000015,-0.0013921016033612093,-0.0014301990195658189,-0.001451104113782881,-0.0014619248588808014,-0.0014672511554258947,-0.0014696915926203338,-0.0014706845205299825,-0.0014709958353065812,-0.0014710162720721063,-0.0014709341884576964,-0.0014708330825672722,-0.0014707448568048013,-0.0014706778155197553,-0.0014706306948538406,-0.0014705992511927642,-0.0014705790588189322,-0.001470566486946646,-0.0014705588749886688,-0.0014705544053415258,-0.0014705519002193254,-0.0014705506326470798,-0.0014705501773593461,-0.0014705502986437544,-0.001470550859093769,-0.0014705517241341778,-0.0014705526252965881,-0.001470552924629309,-0.0014705511867398274,-0.0014705444064558341,-0.0014705266477319946,-0.0014704867089552652,-0.0014704042220161167,-0.0014702432918665802,-0.0014699423526051878,-0.0014693982315378488,-0.0014683867737988407
0.24000000000000016,-0.0013921195380788166,-0.0014308467065280246,-0.0014522579280780016,-0.0014634553598876388,-0.001469047288662263,-0.0014716669637624177,-0.00147277630493805,-0.001473160662582127,-0.001473225466320863,-0.0014731694932567758,-0.001473083270788316,-0.0014730032483614808,-0.0014729405636757019,-0.0014728956580260613,-0.0014728652798973653,-0.0014728455614131588,-0.0014728331741725744,-0.0014728256148140498,-0.00147282114319794,-0.0014728186165324452,-0.0014728173206511514,-0.0014728168310561612,-0.0014728169049380065,-0.0014728173903523075,-0.0014728181286433563,-0.0014728188136103664,-0.0014728187502108564,-0.0014728164200611621,-0.0014728087032836587,-0.0014727895154753913,-0.0014727474803810908,-0.0014726620538511289,-0.0014724972164206877,-0.0014721914218605915,-0.0014716417998912224,-0.0014706247706690093
0.24500000000000016,-0.0013921330767847795,-0.0014314589202446338,-0.001453353937320418,-0.001464913282349506,-0.0014707617152942916,-0.0014735553688502328,-0.0014747783264346982,-0.0014752343905834822,-0.0014753430276472188,-0.001475313033079203,-0.0014752417365590722,-0.0014751700166526999,-0.0014751117899418195,-0.0014750691823971617,-0.0014750399306279528,-0.0014750207273586048,-0.0014750085512990445,-0.0014750010607895204,-0.0014749965966491055,-0.00147499405359926,-0.0014749927319256464,-0.001474992208939114,-0.0014749922354255994,-0.001474992645474312,-0.0014749932570513689,-0.0014749937273902817,-0.0014749933063536043,-0.0014749903958862051,-0.0014749817665197038,-0.0014749611927108684,-0.001474917132571617,-0.0014748288750134413,-0.0014746602814105583,-0.0014743498190919885,-0.001473794891460769,-0.0014727724299772765
0.25000000000000017,-0.0013921426308118661,-0.0014320379365269761,-0.0014543956144147392,-0.0014663027846255133,-0.0014723989401036746,-0.0014753614572609545,-0.0014766952718646626,-0.001477221695107087,-0.001477373604591851,-0.0014773694285926241,-0.001477313078031391,-0.0014772497438010344,-0.0014771960659827768,-0.0014771558333138894,-0.0014771277651431964,-0.001477109116548421,-0.0014770971773096645,-0.001477089771501552,-0.001477085324181491,-0.0014770827699172183,-0.0014770814250264672,-0.0014770808696597994,-0.0014770808488733073,-0.0014770811833745066,-0.0014770816684723193,-0.0014770819259402274,-0.0014770811524924242,-0.001477077673527416,-0.001477068154771542,-0.0014770462362191082,-0.0014770002185102431,-0.0014769092317442726,-0.0014767370224195884,-0.0014764220651647356,-0.001475862009892769,-0.0014748342405116227
0.25500000000000017,-0.0013921485739658475,-0.0014325858753854001,-0.0014553862119184976,-0.0014676277764612557,-0.0014739632116663815,-0.0014770896242227122,-0.0014785315793964218,-0.0014791270088162984,-0.0014793216069841904,-0.0014793430648079961,-0.0014793016595962825,-0.001479246779238793,-0.0014791977313405136,-0.0014791599442244164,-0.0014791331134052098,-0.0014791150570529674,-0.00147910337936166,-0.001479096073705338,-0.001479091652408133,-0.0014790890920900214,-0.0014790877266125093,-0.0014790871399600917,-0.0014790870721376622,-0.0014790873310533514,-0.0014790876900561195,-0.0014790877365956359,-0.0014790866160443886,-0.0014790825802482787,-0.0014790721945880452,-0.0014790489707419828,-0.0014790010593345277,-0.0014789074388474233,-0.0014787317444170099,-0.0014784124515601644,-0.001477847431181556,-0.0014768144652008712
0.2600000000000002,-0.0013921512458796863,-0.0014331047119318066,-0.0014563287760052412,-0.001468891933464827,-0.0014754585360625212,-0.001478744023652841,-0.001480291450450211,-0.0014809545325907881,-0.001481191216901955,-0.0014812381018200246,-0.001481211622508381,-0.001481165250290773,-0.0014811209039776354,-0.0014810856272608392,-0.0014810600841204152,-0.001481042655732238,-0.0014810312633692982,-0.0014810240729102257,-0.0014810196866793818,-0.0014810171254455195,-0.0014810157420513692,-0.0014810151252806492,-0.001481015010760235,-0.0014810151941843093,-0.0014810154276460171,-0.0014810152653291248,-0.0014810138030511765,-0.0014810092218900748,-0.0014809979910770808,-0.0014809734996452148,-0.001480923754966502,-0.0014808275903159523,-0.001480648532284278,-0.0014803250508618837,-0.0014797552139506685,-0.0014787171511843704
0.2650000000000002,-0.0013921509552308092,-0.0014335962865635724,-0.001457226159572335,-0.0014700987107709204,-0.001476888690081634,-0.0014803285804624042,-0.001481978861291108,-0.0014827082465001687,-0.0014829863992875656,-0.0014830584852034729,-0.001483046895207267,-0.0014830090724723395,-0.0014829694905613923,-0.0014829367834875732,-0.0014829125750562546,-0.0014828958085228666,-0.0014828847243312819,-0.0014828776636605161,-0.001482873321380705,-0.0014828707643233586,-0.001482869365717047,-0.0014828687200643478,-0.0014828685592867155,-0.001482868667430282,-0.0014828687760259306,-0.0014828684070497691,-0.001482866608449164,-0.001482861493186067,-0.0014828494382394578,-0.0014828237152246077,-0.0014827721944315312,-0.0014826735696192017,-0.0014824912610721952,-0.0014821637268752595,-0.0014815892094348826,-0.0014805461396581836
0.2700000000000002,-0.0013921479825060989,-0.0014340623143932866,-0.0014580810345755815,-0.001471251356023682,-0.0014782572337937092,-0.0014818470024430459,-0.001483597574169071,-0.0014843919204781248,-0.001484710912253182,-0.0014848079561419728,-0.0014848112033403783,-0.0014847819594286436,-0.0014847471964254597,-0.0014847171129004119,-0.0014846942829971116,-0.0014846782104054666,-0.0014846674562761716,-0.0014846605395450706,-0.0014846562498980283,-0.001484653702086065,-0.001484652290985929,-0.0014846516177450888,-0.0014846514112286022,-0.0014846514444114569,-0.001484651428940604,-0.0014846508556133169,-0.001484648726094341,-0.0014846430877467288,-0.0014846302289494876,-0.0014846033087129785,-0.0014845500658638273,-0.0014844490596885502,-0.0014842636059321471,-0.0014839321444898104,-0.00148335307117765,-0.0014823050753977973
0.2750000000000002,-0.0013921425825979903,-0.001434504393980223,-0.0014588959035968347,-0.0014723529216717204,-0.0014795675225259069,-0.0014833027916110898,-0.0014851511480943925,-0.0014860091245854315,-0.0014863683170559226,-0.001486490061220298,-0.001486508079433255,-0.0014864874325939126,-0.0014864575351821393,-0.0014864301240220975,-0.001486408713373646,-0.0014863933650311684,-0.001486382961919793,-0.0014863762028087127,-0.0014863719742956036,-0.001486369440716464,-0.0014863680198640202,-0.0014863673203852935,-0.001486367068735091,-0.00148636702736236,-0.0014863668887393424,-0.0014863661134303214,-0.0014863636583931435,-0.0014863575077426591,-0.00148634386462857,-0.001486315779944807,-0.0014862608661456462,-0.001486157552560205,-0.0014859690517007031,-0.0014856337791555106,-0.001485050264464383,-0.0014839974160057465
0.2800000000000002,-0.0013921349871959692,-0.001434924015546551,-0.0014596731107062787,-0.0014734062765626474,-0.001480822718318052,-0.001484699255110217,-0.0014866429491605653,-0.0014875632389269042,-0.0014879619877111554,-0.00148810816183849,-0.0014881408722213754,-0.0014881288304935108,-0.0014881038380295704,-0.001488079143200541,-0.0014880591895467215,-0.0014880445940258177,-0.0014880345619452079,-0.0014880279736698434,-0.001488023814581018,-0.0014880213001731,-0.001488019872308411,-0.0014880191479809588,-0.0014880188518632315,-0.0014880187364530496,-0.0014880184756738348,-0.0014880175008224656,-0.0014880147256290117,-0.0014880080731733984,-0.0014879936645624734,-0.0014879644466838514,-0.001487907910249898,-0.0014878023586512457,-0.0014876109021678921,-0.0014872719260913734,-0.0014866840753297408,-0.0014856264408454013
0.2850000000000002,-0.001392125406816765,-0.0014353225685304883,-0.0014604148515995066,-0.001474414116937935,-0.0014820258007556045,-0.0014860395156121482,-0.0014880761605033984,-0.0014890574631638558,-0.0014894951202494933,-0.0014896654433195367,-0.0014897127556869091,-0.001489709317707128,-0.0014896892626730112,-0.0014896673235553846,-0.0014896488617480318,-0.0014896350459526993,-0.0014896254039870897,-0.0014896189992859904,-0.0014896149176922484,-0.001489612427304858,-0.0014896109951720354,-0.0014896102474345255,-0.0014896099075864555,-0.0014896097187143255,-0.0014896093368593918,-0.0014896081649626628,-0.0014896050749202245,-0.0014895979308874724,-0.001489582774878718,-0.0014895524535744407,-0.0014894943401950191,-0.0014893866157416802,-0.001489192288954887,-0.0014888497091099834,-0.0014882576193254707,-0.0014871952596822715
0.2900000000000002,-0.0013921140327885478,-0.0014357013486101405,-0.0014611231831927634,-0.0014753789767908499,-0.0014831795773139805,-0.0014873265212705065,-0.0014894537917590862,-0.0014904948257147058,-0.0014909707416219731,-0.0014911649236617661,-0.0014912267377069999,-0.001491231893487651,-0.0014912168019509697,-0.0014911976535659478,-0.0014911807157024224,-0.0014911677048861129,-0.0014911584711986498,-0.0014911522623368685,-0.0014911482660856647,-0.0014911458044948704,-0.001491144370825563,-0.001491143601142324,-0.001491143218346342,-0.001491142956680714,-0.0014911424548914051,-0.0014911410884831866,-0.0014911376888354878,-0.0014911300631711324,-0.0014911141771563688,-0.0014910827807870213,-0.0014910231336531252,-0.00149091329754068,-0.0014907161801150592,-0.0014903700891067272,-0.0014897738499223259,-0.0014887068209600667
0.2950000000000002,-0.0013921010390341782,-0.0014360615642949267,-0.0014618000325239057,-0.001476303237637991,-0.0014842866931394298,-0.001488563055203142,-0.0014907786882219123,-0.001491878192468837,-0.0014923917182605119,-0.001492609461917201,-0.0014926856683654805,-0.0014926994000156967,-0.0014926892920781997,-0.0014926729653160175,-0.0014926575808605356,-0.0014926453986799982,-0.0014926365905374114,-0.0014926305892949947,-0.0014926266860175966,-0.0014926242578955243,-0.0014926228254122796,-0.0014926220352712784,-0.0014926216103726304,-0.0014926212766285783,-0.0014926206561120404,-0.0014926190977421695,-0.0014926153936617133,-0.0014926072960110032,-0.0014925906967077744,-0.001492558252273505,-0.0014924971122265906,-0.0014923852219460422,-0.0014921853883061618,-0.0014918358722322649,-0.001491235566588201,-0.001490163919784974
0.3000000000000002,-0.0013920865835852102,-0.0014364043429867385,-0.0014624472051460034,-0.0014771891377638026,-0.0014853496403614884,-0.0014897517445212477,-0.001492053539497733,-0.0014932102752570188,-0.0014937607642360577,-0.0014940017662826326,-0.001494092247917017,-0.0014941145303553093,-0.0014941094205525654,-0.0014940959424296046,-0.0014940821383096618,-0.0014940708068832194,-0.0014940624406623933,-0.0014940566583514579,-0.0014940528554310837,-0.0014940504653692744,-0.0014940490367611537,-0.001494048227676034,-0.0014940477615650255,-0.0014940473565086582,-0.001494046618527628,-0.0014940448707644297,-0.0014940408673314379,-0.001494032307054432,-0.0014940150104950929,-0.0014939815437158303,-0.0014939189493648082,-0.0014938050589605586,-0.0014936025786972823,-0.0014932497176852178,-0.0014926454225013008,-0.0014915692056192685
0.3050000000000002,-0.0013920708101286428,-0.0014367307366259371,-0.0014630663929741025,-0.0014780387808871216,-0.0014863707668828746,-0.001490895068915416,-0.0014932808878447667,-0.0014944936398248426,-0.001495080449121163,-0.0014953444017513713,-0.0014954490344354862,-0.0014954798360403553,-0.0014954797337459848,-0.001495469127610567,-0.0014954569283550717,-0.0014954464683019119,-0.0014954385595093665,-0.0014954330069744837,-0.0014954293115592592,-0.001495426964037378,-0.0014954255419690544,-0.0014954247154742636,-0.0014954242090757166,-0.0014954237335280728,-0.0014954228793880185,-0.0014954209447899105,-0.0014954166469916916,-0.001495407633152547,-0.001495389654720364,-0.0014953551900780465,-0.0014952911779331978,-0.0014951753382313915,-0.001494970276474316,-0.0014946141452241303,-0.0014940059320138644,-0.0014929251895712285
0.3100000000000002,-0.0013920538491820704,-0.0014370417269698231,-0.0014636591816038506,-0.0014788541443728402,-0.001487352284716506,-0.001491995368848013,-0.0014944631360322026,-0.0014957307135530105,-0.0014963532054772604,-0.001496639797537393,-0.0014967584510979333,-0.0014967977343229033,-0.001496802644150646,-0.0014967949298985042,-0.0014967843577242091,-0.0014967747882445113,-0.0014967673515447362,-0.0014967620391412315,-0.0014967584581443464,-0.001496756157539257,-0.001496754744661218,-0.0014967539022869003,-0.0014967533565537771,-0.0014967528113930656,-0.0014967518424110666,-0.0014967497235494856,-0.0014967451362734763,-0.0014967356776376737,-0.0014967170320784153,-0.0014966815928672383,-0.0014966161974833833,-0.0014964984562990296,-0.0014962908740581446,-0.0014959315422852174,-0.001495319477699316,-0.0014942342514678182
0.3150000000000002,-0.0013920358194655332,-0.001437338230473307,-0.0014642270572346606,-0.0014796370869191806,-0.0014882962778847912,-0.0014930548532813015,-0.001495602554938462,-0.001496923792759369,-0.0014975813360029507,-0.001497890254097956,-0.0014980227931751112,-0.0014980705151261332,-0.0014980804372662277,-0.001498075631569655,-0.0014980667065189954,-0.0014980580454157812,-0.00149805109465115,-0.0014980460322851225,-0.0014980425723774584,-0.0014980403229526442,-0.0014980389218638072,-0.0014980380651552592,-0.0014980374810769734,-0.0014980368671954367,-0.001498035784742066,-0.0014980334841568743,-0.0014980286121824287,-0.001498018717228332,-0.0014979994186833444,-0.0014979630270722276,-0.001497896281127677,-0.001497776683492254,-0.001497566637961139,-0.0014972041708571024,-0.001496588317163524,-0.0014954986465506685
0.32000000000000023,-0.0013920168288261594,-0.0014376211028099307,-0.0014647714130509892,-0.001480389355831859,-0.0014892047098582994,-0.0014940756070842022,-0.0014967012906680617,-0.001498075049674788,-0.0014987670203717674,-0.0014990979498462104,-0.0014992442346813376,-0.0014993003476661002,-0.0014993152782408565,-0.0014993133947474862,-0.0014993061347724824,-0.0014992983985329868,-0.001499291946729042,-0.0014992871438588046,-0.0014992838114692702,-0.0014992816173835391,-0.0014992802306437697,-0.0014992793611499906,-0.0014992787397339587,-0.0014992780580622381,-0.0014992768635131723,-0.0014992743837357887,-0.0014992692317266519,-0.0014992589086430478,-0.001499238970653407,-0.0014992016477486634,-0.0014991335821793134,-0.0014990121705043666,-0.0014987997153760218,-0.001498434173968634,-0.0014978145894985714,-0.00149672051191652
0.32500000000000023,-0.0013919969752932265,-0.0014378911431221608,-0.001465293555277305,-0.0014811125938331516,-0.0014900794306198614,-0.0014950595979622134,-0.001497761371407123,-0.0014991865390987006,-0.0014999123217300258,-0.0015002649475681434,-0.0015004248347185323,-0.0015004892867420986,-0.0015005092181429745,-0.0015005102676577202,-0.0015005046887698224,-0.0015004978925908367,-0.0015004919520167758,-0.0015004874176288829,-0.0015004842189605763,-0.001500482084243434,-0.0015004807143761698,-0.0015004798336392653,-0.0015004791759130134,-0.0015004784274134796,-0.0015004771221629023,-0.0015004744656924684,-0.001500469038199404,-0.0015004582948917613,-0.0015004377304218613,-0.0015003994963010837,-0.0015003301404024844,-0.0015002069546721166,-0.0014999921403885052,-0.0014996235819272695,-0.0014990003214624414,-0.001497901872627693
0.33000000000000024,-0.0013919763480373822,-0.001438149097908517,-0.0014657947088029552,-0.0014818083454780798,-0.0014909221833035802,-0.0014960086831249312,-0.0014987847138833138,-0.0015002602047031145,-0.001501019192893877,-0.0015013932005361762,-0.0015015665435247796,-0.001501639278773416,-0.0015016641999684242,-0.0015016681906498816,-0.0015016643069972534,-0.0015016584648631583,-0.0015016530470200982,-0.0015016487896903762,-0.0015016457306817651,-0.001501643659265928,-0.0015016423087434233,-0.001501641418294233,-0.0015016407253097934,-0.0015016399109554638,-0.001501638496405067,-0.0015016356657115164,-0.001501629967167274,-0.001501618811261884,-0.0015015976327288818,-0.0015015585065163138,-0.0015014878880113746,-0.0015013629659520154,-0.0015011458399612591,-0.0015007743182240255,-0.001500147433372577,-0.0014990446475533323
0.33500000000000024,-0.0013919550279988108,-0.0014383956646725079,-0.0014662760224159106,-0.0014824780632086848,-0.0014917346104875015,-0.0014969246155091466,-0.0014997731295002283,-0.0015012978850756542,-0.0015020894822484864,-0.0015024845583055083,-0.0015026712082357536,-0.0015027521675146306,-0.0015027820643364507,-0.001502789001891062,-0.0015027868258521838,-0.0015027819505927045,-0.0015027770662615887,-0.0015027730941191855,-0.001502770180488484,-0.0015027681761723992,-0.0015027668474230447,-0.0015027659487962244,-0.001502765221593855,-0.0015027643423866882,-0.0015027628199416063,-0.0015027598174634992,-0.0015027538521821388,-0.0015027422910185533,-0.0015027205103196534,-0.0015026805102032114,-0.0015026086553826456,-0.0015024820326019507,-0.0015022626395895257,-0.0015018882051911608,-0.001501257744673699,-0.0015001506549550722
0.34000000000000025,-0.0013919330888537524,-0.0014386314953422315,-0.0014667385737730102,-0.0014831231129847106,-0.0014925182601180091,-0.00149780904974596,-0.0015007283301985527,-0.0015023013193850748,-0.0015031249393313078,-0.0015035407722350294,-0.0015037405783482243,-0.0015038296994981755,-0.0015038645549263925,-0.001503874442773232,-0.0015038739850777388,-0.0015038700884021615,-0.0015038657476619814,-0.001503862068424296,-0.0015038593056561985,-0.0015038573721169678,-0.001503856067517684,-0.0015038551622251766,-0.0015038544018748483,-0.0015038534588166699,-0.0015038518298836421,-0.0015038486580151913,-0.0015038424301890552,-0.0015038304708578287,-0.0015038080993673788,-0.0015037672426716582,-0.001503694176449417,-0.0015035658865925688,-0.0015033442686912546,-0.0015029669693447587,-0.0015023329792999884,-0.0015012216177598156
0.34500000000000025,-0.0013919105975153344,-0.0014388571993675684,-0.0014671833739875763,-0.0014837447796450058,-0.0014932745910886506,-0.001498663547749085,-0.0015016519339629772,-0.0015032721528438354,-0.0015041272201979817,-0.0015045635007680364,-0.0015047763109424773,-0.00150487352921031,-0.0015049133236393908,-0.0015049261630689368,-0.0015049274328933968,-0.0015049245254605064,-0.0015049207377076828,-0.001504917358682628,-0.001504914752028885,-0.0015049128928404148,-0.001504911614698605,-0.0015049107042435642,-0.0015049099118141828,-0.0015049089059151384,-0.0015049071719003377,-0.0015049038329954785,-0.0015048973466949111,-0.0015048849960218192,-0.001504862044630545,-0.0015048203478509577,-0.0015047460938575172,-0.0015046161687342285,-0.0015043923657204557,-0.0015040122464872166,-0.001503374770732331,-0.0015022591686072162
0.35000000000000026,-0.00139188761480302,-0.0014390733466805147,-0.0014676113719210287,-0.0014843442718749128,-0.0014940049785115372,-0.001499489584020451,-0.0015025454700603581,-0.0015042119418302714,-0.0015050978924331306,-0.0015055543144001592,-0.0015057799756046275,-0.0015058852240264135,-0.0015059299354988056,-0.0015059457258343354,-0.0015059487308947102,-0.0015059468223468258,-0.0015059435963351987,-0.001505940524437719,-0.0015059380789233287,-0.0015059362975212306,-0.0015059350481109735,-0.0015059341339739738,-0.0015059333105326247,-0.0015059322428137346,-0.0015059304051190784,-0.001505926901481977,-0.0015059201606592105,-0.0015059074252151926,-0.0015058839043433766,-0.0015058413831929855,-0.0015057659638537998,-0.0015056344335759877,-0.001505408483032099,-0.0015050255865554853,-0.0015043846668017862,-0.001503264854653393
0.35500000000000026,-0.0013918641960251857,-0.0014392804703883693,-0.0014680234582210936,-0.001484922726923232,-0.0014947107186829697,-0.0015002885506727101,-0.001503410384014466,-0.0015051221587615794,-0.0015060384399818267,-0.0015065147004236243,-0.0015067530591553954,-0.0015068662688495905,-0.0015069158732969518,-0.0015069346120571128,-0.0015069393586865994,-0.001506938457714704,-0.001506935801577565,-0.001506933043339065,-0.0015069307637668235,-0.0015069290634779973,-0.0015069278450041408,-0.0015069269286497066,-0.0015069260752598001,-0.0015069249467486345,-0.001506923006747881,-0.001506919340652702,-0.0015069123491377623,-0.0015068992352415364,-0.0015068751548696201,-0.0015068318243180996,-0.001506755260924352,-0.001506622154007431,-0.001506394091513594,-0.0015060084582091938,-0.0015053641342745294,-0.0015042401421094722
0.36000000000000026,-0.0013918403914559624,-0.001439479069324829,-0.0014684204690690267,-0.001485481214997115,-0.0014953930337663222,-0.0015010617621603088,-0.0015042480422814686,-0.001506004196732256,-0.0015069502676927436,-0.0015074460674222394,-0.001507696970070959,-0.001507818070569622,-0.0015078725420286706,-0.0015078942250502743,-0.0015079007183051182,-0.0015079008327023708,-0.0015078987539645906,-0.0015078963155425484,-0.0015078942064948979,-0.0015078925905266875,-0.001507891405151386,-0.0015078904880148159,-0.001507889605736168,-0.0015078884174619192,-0.0015078863765273088,-0.0015078825501735013,-0.0015078753116932052,-0.001507861825426444,-0.0015078371951024916,-0.0015077930694144754,-0.0015077153821927425,-0.0015075807256804644,-0.0015073505849493814,-0.0015069622532070425,-0.0015063145631972735,-0.0015051864205635741
0.36500000000000027,-0.0013918162467470923,-0.0014396696103695262,-0.0014688031897074677,-0.0014860207434094549,-0.001496053076185594,-0.0015018104597364244,-0.0015050597367094237,-0.0015068593738849622,-0.001507834705637518,-0.0015083497495382652,-0.0015086130427401213,-0.0015087419622538758,-0.0015088012730766485,-0.0015088258946594844,-0.0015088341383918153,-0.0015088352750868331,-0.001508833780707869,-0.0015088316679011293,-0.0015088297337539104,-0.0015088282051925008,-0.0015088270550010065,-0.00150882613851135,-0.0015088252284000763,-0.0015088239813727774,-0.0015088218408625066,-0.001508817856430442,-0.0015088103745728623,-0.0015087965217942803,-0.0015087713506466705,-0.0015087264434346503,-0.0015086476516102758,-0.0015085114711625444,-0.0015082792841896414,-0.001507888290518845,-0.0015072372710040573,-0.0015061050070906106
0.3700000000000003,-0.0013917918034327902,-0.0014398525306518158,-0.0014691723577259983,-0.0014865422604387565,-0.0014966919327690886,-0.0015025358156995022,-0.001505846688725248,-0.001507688937562571,-0.0015086930131854948,-0.0015092270105229537,-0.0015095025414539331,-0.001509639207147278,-0.0015097033281708822,-0.0015097308812191193,-0.0015097408781542842,-0.0015097430432642188,-0.0015097421396611497,-0.0015097403579226263,-0.0015097386028367285,-0.001509737164653474,-0.0015097360516894175,-0.001509735137227194,-0.001509734200331884,-0.0015097328955734571,-0.0015097306568248594,-0.001509726516421548,-0.0015097187946742318,-0.001509704581011962,-0.0015096788777960953,-0.0015096332020311815,-0.0015095533239020856,-0.0015094156438967164,-0.001509181441073031,-0.0015087878202895144,-0.0015081335064321228,-0.0015069971501401576
0.3750000000000003,-0.0013917670992532858,-0.0014400282395876714,-0.0014695286661095543,-0.0014870466589923983,-0.0014973106286694758,-0.0015032389373364826,-0.0015066100533209902,-0.0015084940682356677,-0.0015095263828941363,-0.0015100790475458784,-0.0015103666642268022,-0.0015105110024258672,-0.001510579903181833,-0.0015106103792982316,-0.0015106221311255751,-0.0015106253299948854,-0.001510625023064194,-0.0015106235775112313,-0.001510622005448669,-0.0015106206605063556,-0.0015106195867359267,-0.0015106186756739933,-0.0015106177130343509,-0.0015106163515491826,-0.0015106140158832858,-0.0015106097215740492,-0.0015106017633078905,-0.0015105871941796098,-0.0015105609672737487,-0.0015105145353319384,-0.00151043358830556,-0.0015102944319225898,-0.001510058242184288,-0.0015096620275149627,-0.0015090044532265806,-0.0015078640332286746
0.3800000000000003,-0.0013917421685083673,-0.0014401971207256264,-0.0014698727661388241,-0.0014875347800054916,-0.0014979101309950233,-0.001503920870728548,-0.001507350922790528,-0.0015092758831977597,-0.0015103359441867763,-0.0015109069948519825,-0.001511206546363423,-0.0015113584828106879,-0.0015114321316596516,-0.0015114655212772224,-0.0015114790287093392,-0.0015114832659759586,-0.0015114835611075776,-0.001511482456535917,-0.0015114810712718231,-0.0015114798223109173,-0.001511478789655016,-0.0015114778833262021,-0.0015114768959732857,-0.0015114754787567634,-0.0015114730474730942,-0.0015114686012645641,-0.0015114604097418442,-0.0015114454903677691,-0.001511418747783236,-0.0015113715714810746,-0.0015112895721519145,-0.001511148961459761,-0.0015109108123582955,-0.0015105120356071174,-0.001509851233647314,-0.0015087067784388109
0.3850000000000003,-0.001391717042358454,-0.0014403595335349161,-0.0014702052700467391,-0.0014880074156502403,-0.001498491352311063,-0.001504582604245317,-0.0015080703302795938,-0.0015100354401001398,-0.001511122766788679,-0.0015117119271817392,-0.0015120232638967512,-0.0015121827239333,-0.0015122610882288368,-0.0015122973807207916,-0.0015123126435683419,-0.0015123179231835275,-0.0015123188253030604,-0.00151231806620898,-0.0015123168713089216,-0.001512315720966941,-0.0015123147312807554,-0.0015123138309936135,-0.0015123128199413536,-0.0015123113479790413,-0.0015123088223582206,-0.001512304226214593,-0.001512295804591106,-0.0015122805399729944,-0.0015122532894013719,-0.001512205380021937,-0.00151212234420347,-0.0015119803002270717,-0.0015117402180591251,-0.0015113389096983742,-0.001510674911784174,-0.0015095264497355834
0.3900000000000003,-0.0013916917491135136,-0.0014405158150347353,-0.0014705267535261573,-0.0014884653123421658,-0.0014990551538610973,-0.0015052250719093778,-0.001508769253147584,-0.0015107737402743609,-0.001511887864056144,-0.00151249486301753,-0.0015128178368211396,-0.001512984745546919,-0.0015130677917927723,-0.001513106975566435,-0.0015131239928073646,-0.001513130318085585,-0.001513131831671976,-0.001513131422233042,-0.001513130421093167,-0.00151312937190047,-0.0015131284269790054,-0.0015131275340184124,-0.001513126500258804,-0.001513124974533364,-0.0015131223558265815,-0.001513117611657794,-0.0015131089629857426,-0.0015130933579357527,-0.0015130656067401528,-0.0015130169750733145,-0.001512932917850704,-0.0015127894606466337,-0.001512547470544186,-0.0015121436598264006,-0.001511476496723178,-0.0015103240561106597
0.3950000000000003,-0.0013916663145363962,-0.0014406662813027291,-0.0014708377580727116,-0.0014889091735450085,-0.0014996023486185412,-0.0015058491565410651,-0.0015094486161159582,-0.001511491731858397,-0.0015126321960587058,-0.0015132567676870046,-0.0015135912321113084,-0.0015137655145924184,-0.0015138532085527832,-0.0015138952711412623,-0.0015139140409888099,-0.0015139214146434933,-0.0015139235437445092,-0.0015139234878771856,-0.001513922683703925,-0.0015139217380718793,-0.001513920839665512,-0.0015139199552782142,-0.0015139188997994582,-0.001513917321270627,-0.0015139146107084338,-0.0015139097203668845,-0.0015139008475920821,-0.0015138849067508951,-0.0015138566619856608,-0.0015138073183445632,-0.001513722254127179,-0.0015135774028468558,-0.0015133335288487933,-0.0015129272438911409,-0.0015122569455290385,-0.001511100554540271
0.4000000000000003,-0.0013916407619990756,-0.0014408112288777151,-0.0014711387931724354,-0.0014893396624161314,-0.0015001337041729678,-0.0015064556927295927,-0.0015101092942465966,-0.0015121903127653911,-0.0015133566725270661,-0.0015139985562499733,-0.0015143443666561455,-0.0015145259480420054,-0.0015146182548728157,-0.001514663183044246,-0.0015146837029902667,-0.0015146921271852755,-0.0015146948754397223,-0.0015146951767753209,-0.0015146945726100417,-0.0015146937328581011,-0.001514692882642557,-0.0015146920080535483,-0.001514690931817294,-0.00151468930143359,-0.0015146865002182918,-0.001514681465514119,-0.001514672371489036,-0.00151465609931859,-0.0015146273677428153,-0.0015145773219873342,-0.0015144912645453934,-0.0015143450374993709,-0.0015140993026391773,-0.0015136905705442924,-0.0015130171660348178,-0.0015118568528253947
0.4050000000000003,-0.0013916151127497745,-0.0014409509360870916,-0.0014714303383366102,-0.0014897574042952993,-0.0015006499454171818,-0.0015070454695997638,-0.0015107521157689773,-0.0015128703335033765,-0.0015140621556372586,-0.001514721096275511,-0.0015150781099594703,-0.0015152669156306986,-0.0015153638000031274,-0.0015154115798286841,-0.0015154338467074752,-0.001515443323076966,-0.0015154466937489404,-0.0015154473556645614,-0.0015154469543788192,-0.0015154462227248003,-0.0015154454223197033,-0.0015154445587154998,-0.0015154434626736967,-0.0015154417813652797,-0.0015154388906805706,-0.0015154337133693359,-0.00151542440084607,-0.0015154078016329595,-0.0015153785897385693,-0.0015153278513163433,-0.001515240813816192,-0.0015150932285275531,-0.0015148456549039875,-0.0015144345018018063,-0.0015137580195613634,-0.001512593812231447
0.4100000000000003,-0.0013915893860803122,-0.001441085664248223,-0.0014717128450276202,-0.0014901629890012344,-0.0015011517570949816,-0.0015076192334793777,-0.0015113778647362186,-0.0015135325997994852,-0.0015147494626162757,-0.0015154252104351254,-0.0015157932867565077,-0.0015159892424432735,-0.0015160906686455971,-0.001516141285569013,-0.001516165295631908,-0.001516175825308564,-0.0015161798213015898,-0.0015161808469215683,-0.0015161806512218622,-0.0015161800297881897,-0.00151617928076079,-0.001516178429296364,-0.0015161773143792597,-0.0015161755830697108,-0.0015161726040688146,-0.0015161672858574882,-0.0015161577574946852,-0.0015161408353674074,-0.0015161111493769595,-0.001516059727328894,-0.0015159717223794716,-0.001515822795627281,-0.001515573404480494,-0.0015151598556274527,-0.001514480323392921,-0.001513312250031633
0.4150000000000003,-0.0013915635995123002,-0.001441215658830926,-0.0014719867384185808,-0.0014905569730192477,-0.0015016397861826558,-0.0015081776903468106,-0.0015119872835225642,-0.0015141778751298631,-0.0015154193682692812,-0.0015161116789635407,-0.0015164906794342965,-0.0015166937113350795,-0.001516799643359155,-0.001516853082289395,-0.0015168788312231074,-0.0015168904149033427,-0.0015168950387699051,-0.0015168964309886094,-0.0015168964434296053,-0.0015168959342304576,-0.0015168952380966345,-0.0015168943998997576,-0.0015168932670189942,-0.0015168914866050525,-0.0015168884204201907,-0.0015168829629664618,-0.0015168732213395324,-0.0015168559802655145,-0.0015168258261524879,-0.00151677372914648,-0.001516684768825029,-0.0015165345167166293,-0.0015162833284630218,-0.0015158674083033778,-0.00151518485321015,-0.0015140129418730222
0.4200000000000003,-0.0013915377690080738,-0.0014413411504836438,-0.0014722524190731135,-0.0014909398815482358,-0.0015021146441185336,-0.0015087215082030432,-0.0015125810752088496,-0.0015148068830569566,-0.0015160726072725851,-0.0015167812419999978,-0.001517171030365678,-0.001517381065243078,-0.0015174914668720245,-0.0015175477122407334,-0.0015175751952428227,-0.0015175878331792863,-0.0015175930871630142,-0.0015175948486353204,-0.0015175950716345096,-0.0015175946765971977,-0.0015175940348086266,-0.0015175932109819938,-0.0015175920610280803,-0.001517590232395951,-0.001517587080128525,-0.0015175814850404237,-0.0015175715326278484,-0.00151755397643365,-0.0015175233599380698,-0.0015174705962875425,-0.001517380692172919,-0.001517229130169021,-0.0015169761644850367,-0.001516557896688478,-0.0015158723453281456,-0.0015146966240571623
0.4250000000000003,-0.001391511908954014,-0.0014414623560310938,-0.0014725102645050214,-0.0014913122103878212,-0.0015025769089362644,-0.0015092513192208486,-0.0015131599057782263,-0.0015154203094674616,-0.001516709876427831,-0.0015174346017759344,-0.0015178350440878396,-0.001518052009350185,-0.0015181668442462684,-0.0015182258800791725,-0.0015182550918893256,-0.0015182687839463554,-0.001518274669982619,-0.0015182768031623067,-0.0015182772389723512,-0.0015182769599339269,-0.0015182763739025305,-0.001518275565495375,-0.0015182743993481394,-0.0015182725233656047,-0.0015182692860902906,-0.0015182635549340765,-0.0015182533941345958,-0.0015182355265021999,-0.001518204453137326,-0.0015181510308154328,-0.0015180601940248204,-0.0015179073369821017,-0.0015176526128448142,-0.0015172320203986627,-0.0015165434988217577,-0.0015153639956418166
0.4300000000000003,-0.0013914860325312482,-0.001441579479394716,-0.0014727606306217272,-0.0014916744277560046,-0.0015030271272106976,-0.0015097677218636706,-0.0015137244062368505,-0.0015160188046697868,-0.0015173318367367051,-0.0015180724247000439,-0.001518483389354705,-0.0015187072131449362,-0.0015188264449246607,-0.0015188882548895044,-0.0015189191898342474,-0.0015189339355193697,-0.0015189404552510962,-0.0015189429623817087,-0.0015189436131385664,-0.0015189434518490966,-0.0015189429229146032,-0.00151894213097397,-0.001518940949481895,-0.001518939026993897,-0.0015189357057596537,-0.0015189298400524064,-0.0015189194731873282,-0.0015189012976682455,-0.0015188697727212348,-0.001518815699392601,-0.0015187239406021776,-0.001518569802826129,-0.0015183133385528414,-0.001517890443786209,-0.0015171989775768972,-0.0015160157204919323
0.43500000000000033,-0.001391460151615684,-0.0014416927124244728,-0.0014730038530915207,-0.0014920269759503392,-0.0015034658159443948,-0.0015102712827827853,-0.0015142751746075498,-0.0015166029853950103,-0.001517939115389939,-0.0015186953433205545,-0.0015191167011223093,-0.001519347312374926,-0.0015194709046653053,-0.001519535472143429,-0.0015195681241791195,-0.0015195839226502387,-0.0015195910774639578,-0.0015195939605906058,-0.0015195948282854667,-0.0015195947864160733,-0.0015195943158822453,-0.0015195935413988575,-0.001519592345405327,-0.001519590377233015,-0.0015195869730757487,-0.0015195809742825875,-0.0015195704035954466,-0.001519551923592792,-0.0015195199521694956,-0.0015194652351939652,-0.0015193725646789414,-0.0015192171599364259,-0.001518958973249297,-0.0015185337978781035,-0.0015178394121680302,-0.001516652429153099
0.44000000000000034,-0.001391434277029063,-0.0014418022357156855,-0.0014732402486184618,-0.0014923702729296056,-0.0015038934642996385,-0.0015107625386900018,-0.001514812777772132,-0.0015171734366551282,-0.00151853230762439,-0.0015193039581834033,-0.0015197355823632686,-0.0015199729108695162,-0.0015201008273857185,-0.0015201681355075725,-0.00152020249825454,-0.0015202193483597989,-0.0015202271393842015,-0.0015202304003797253,-0.0015202314868796626,-0.0015202315660108445,-0.0015202311551251102,-0.0015202303990757996,-0.0015202291893884157,-0.001520227176348697,-0.0015202236902630928,-0.0015202175598188798,-0.001520206787463649,-0.0015201880062806028,-0.0015201555932762105,-0.0015201002397433661,-0.001520006667371524,-0.0015198500089508658,-0.001519590117000496,-0.001519162682180075,-0.00151846540167597,-0.0015172747206931602
0.44500000000000034,-0.0013914084185736968,-0.0014419082193145147,-0.0014734701161165469,-0.0014927047137787235,-0.001504310535238073,-0.0015112419980805223,-0.0015153377532391979,-0.0015177307135147418,-0.0015191119784917747,-0.001519898839583654,-0.00152034060581979,-0.0015205845822845695,-0.0015207167868796802,-0.0015207868185754328,-0.0015208228853490888,-0.0015208407856571596,-0.0015208492137866853,-0.00152085285433789,-0.0015208541613882746,-0.0015208543630375426,-0.0015208540129893898,-0.0015208532763227637,-0.0015208520537288836,-0.0015208499966173508,-0.0015208464295784936,-0.0015208401688644453,-0.0015208291969435917,-0.0015208101177481986,-0.0015207772678804464,-0.0015207212846013068,-0.0015206268198971408,-0.0015204689206205796,-0.0015202073400167912,-0.0015197776663799622,-0.001519077515407379,-0.0015178831643623196
0.45000000000000034,-0.0013913825851385696,-0.0014420108234416461,-0.0014736937378271883,-0.0014930306721049917,-0.0015047174670711587,-0.0015117101428276842,-0.0015158506108120297,-0.0015182753427656454,-0.0015196786645058202,-0.001520480529218152,-0.0015209323156575715,-0.001521182871737534,-0.0015213193284466541,-0.0015213920664914572,-0.00152142983035471,-0.001521448779153233,-0.0015214578450658473,-0.0015214618667094251,-0.0015214633959416495,-0.001521463721530587,-0.0015214634334837665,-0.001521462717095115,-0.0015214614823835942,-0.0015214593819729062,-0.00152145573491737,-0.0015214493452891356,-0.0015214381758156187,-0.0015214188016679268,-0.0015213855194883617,-0.001521328913021608,-0.0015212335651643121,-0.0015210744374216485,-0.0015208111842925512,-0.001520379291967679,-0.0015196762944751792,-0.0015184783012478676
0.45500000000000035,-0.0013913567847586047,-0.0014421101990983991,-0.0014739113803668355,-0.001493348501321581,-0.0015051146749014796,-0.0015121674297332694,-0.0015163518341470166,-0.0015188078244814905,-0.0015202328752381728,-0.0015210495417578129,-0.001521511229007439,-0.0015217682973580576,-0.0015219089704441489,-0.0015219843975031275,-0.0015220238512784318,-0.001522043846628159,-0.0015220535507952898,-0.0015220579548893985,-0.0015220597078344457,-0.001522060158727757,-0.0015220599337716597,-0.0015220592385573395,-0.0015220579924699017,-0.0015220558495166335,-0.0015220521233765877,-0.0015220456061261435,-0.0015220342410590699,-0.0015220145749218726,-0.0015219808648044984,-0.0015219236414767106,-0.0015218274193208668,-0.0015216670750962031,-0.0015214021651096228,-0.001520968073753516,-0.0015202622533483535,-0.0015190606457554919
0.46000000000000035,-0.0013913310247852828,-0.0014422064886944828,-0.0014741232956702395,-0.001493658535866469,-0.0015055025519793359,-0.0015126142919652463,-0.00151684188222016,-0.0015193286335251585,-0.001520775094785068,-0.0015216063663071133,-0.001522077837448456,-0.001522341351746727,-0.0015224862057444547,-0.001522564304410022,-0.0015226054407147473,-0.001522626480446502,-0.0015226368231423689,-0.0015226416109199617,-0.0015226435889925812,-0.0015226441664671824,-0.0015226440056754732,-0.001522643332486066,-0.0015226420757586117,-0.0015226398909901886,-0.0015226360866668182,-0.0015226294430614917,-0.0015226178842962866,-0.0015225979290057199,-0.0015225637951821072,-0.0015225059611006398,-0.0015224088731918585,-0.0015222473240967156,-0.0015219807724662787,-0.0015215445013322905,-0.0015208358812777321,-0.0015196306870671717
0.46500000000000036,-0.0013913053117821355,-0.0014422998265674308,-0.001474329721925244,-0.0014939610923436846,-0.0015058814709967634,-0.0015130511403998285,-0.0015173211907220938,-0.001519838220930361,-0.0015213057831701513,-0.0015221514678096322,-0.0015226326083918843,-0.0015229025033619357,-0.0015230515031250276,-0.0015231322559322114,-0.0015231750672075662,-0.0015231971489502508,-0.0015232081302771516,-0.0015232133028175933,-0.0015232155073435767,-0.001523216212620378,-0.0015232161170026387,-0.0015232154666588258,-0.0015232142000033218,-0.0015232119741504125,-0.0015232080925140768,-0.0015232013237878384,-0.0015231895731463397,-0.0015231693314592687,-0.001523134778004758,-0.0015230763390562461,-0.0015229783936633473,-0.0015228156509448506,-0.001522547472490465,-0.0015221090403902085,-0.0015213976436457104,-0.0015201888905163224
0.47000000000000036,-0.0013912796517735648,-0.0014423903395305146,-0.0014745308844110142,-0.0014942564705790393,-0.001506251785267468,-0.0015134783649114467,-0.0015177901733512062,-0.0015203370152326592,-0.0015218253776618706,-0.001522685288363842,-0.0015231759863759738,-0.0015234521978175783,-0.0015236053085396347,-0.0015236886980172777,-0.0015237331765452877,-0.0015237562977427463,-0.0015237679176378735,-0.0015237734759055506,-0.0015237759080984473,-0.001523776742337523,-0.0015237767128648439,-0.001523776086168099,-0.0015237748102814902,-0.001523772544031522,-0.0015237685859455583,-0.0015237616932733027,-0.001523749752540454,-0.001523729227110517,-0.0015236942579578384,-0.0015236352198312723,-0.0015235364249539432,-0.0015233724995355358,-0.001523102708673344,-0.001522662134053791,-0.0015219479832738795,-0.0015207356988304074
0.47500000000000037,-0.0013912540501535707,-0.0014424781473367965,-0.00147472699627717,-0.0014945449546357203,-0.0015066138298552492,-0.0015138963355403872,-0.0015182492230823843,-0.0015208254236942595,-0.0015223342940165804,-0.0015232082484662789,-0.0015237083943134828,-0.001523990859133265,-0.0015241480463564793,-0.001524234055061442,-0.001524280193003496,-0.0015243043509354866,-0.0015243166091710248,-0.0015243225539955346,-0.001524325214995733,-0.0015243261792902184,-0.0015243262168924744,-0.0015243256146126932,-0.0015243243301686971,-0.0015243220242093572,-0.0015243179904878606,-0.0015243109750412227,-0.0015242988459144911,-0.001524278039314867,-0.001524242658270981,-0.0015241830264682028,-0.0015240833898548707,-0.001523918292321589,-0.0015236469031303082,-0.001523204204071326,-0.0015224873216089679,-0.0015212715333722644
0.48000000000000037,-0.001391228511829345,-0.001442563363135859,-0.0014749182593020152,-0.0014948268137351154,-0.0015069679226521829,-0.0015143054036573455,-0.0015186987132757204,-0.0015213038335050828,-0.0015228329276601438,-0.0015237207481713076,-0.0015242302346759383,-0.0015245188908722532,-0.001524680120551659,-0.0015247687310610968,-0.0015248165204685897,-0.0015248417122607082,-0.0015248546084877317,-0.001524860940578045,-0.0015248638314351922,-0.0015248649268102842,-0.0015248650323865381,-0.0015248644552687584,-0.0015248631629195064,-0.001524860817909967,-0.0015248567093724497,-0.0015248495722582078,-0.001524837256401569,-0.001524816171121954,-0.0015247803818589148,-0.0015247201617031444,-0.001524619690852857,-0.0015244534315048677,-0.001524180457719619,-0.0015237356519382404,-0.0015230160598910171,-0.0015217967952754808
0.4850000000000004,-0.001391203041219018,-0.0014426460938900528,-0.0014751048645750835,-0.0014951023031615023,-0.0015073143653474097,-0.0015147059029898817,-0.0015191389988022253,-0.0015217726128673357,-0.0015233216547983596,-0.0015242231682040168,-0.0015247418905697868,-0.0015250366772461188,-0.0015252019157537546,-0.001525293110718751,-0.0015253425435547742,-0.0015253687662059078,-0.0015253822999263004,-0.0015253890198934712,-0.0015253921415687845,-0.0015253933690107604,-0.001525393543409273,-0.0015253929921707375,-0.0015253916925536118,-0.0015253893091441994,-0.0015253851265663032,-0.0015253778688824808,-0.0015253653678965328,-0.001525344006332327,-0.001525307812410865,-0.0015252470090507506,-0.0015251457112578296,-0.0015249783001140052,-0.0015247037551259098,-0.001524256860037461,-0.0015235345802196208,-0.0015223118665365814
0.4900000000000004,-0.0013911776423208664,-0.0014427264407556814,-0.001475286993167236,-0.001495371665043099,-0.0015076534443926744,-0.0015150981506470477,-0.0015195704170861445,-0.0015222321120397823,-0.001523800833449899,-0.0015247158710208274,-0.0015252437267803426,-0.0015255445841777153,-0.0015257137983118731,-0.0015258075604788672,-0.001525858628626057,-0.0015258858790134497,-0.0015259000496099415,-0.0015259071579609915,-0.0015259105113492586,-0.001525911871775069,-0.0015259121158154622,-0.0015259115911454195,-0.0015259102848773987,-0.0015259078637005596,-0.0015259036078424007,-0.0015258962306413848,-0.0015258835460875747,-0.001525861910565498,-0.0015258253154273153,-0.0015257639338607926,-0.001525661816175367,-0.001525493262996782,-0.0015252171599133887,-0.0015247681926006443,-0.0015240432465791706,-0.0015228171110155198
0.4950000000000004,-0.0013911523187416738,-0.0014428044994740624,-0.0014754648167025197,-0.001495635129171621,-0.0015079854318461054,-0.001515482448033952,-0.0015199932890246298,-0.0015226826643425454,-0.0015242708044503005,-0.001525199201770382,-0.0015257360907847523,-0.0015260429602494082,-0.0015262161172650505,-0.0015263124294707022,-0.0015263651247840202,-0.0015263933996660193,-0.001526408206410609,-0.0015264157035620339,-0.0015264192894770608,-0.001526420783754167,-0.0015264210982157216,-0.0015264206007888504,-0.001526419288468146,-0.0015264168301379946,-0.0015264125017401865,-0.0015264050060466742,-0.0015263921394246612,-0.0015263702322036547,-0.0015263332391783938,-0.0015262712842452064,-0.0015261683535486266,-0.0015259986678251957,-0.0015257210194577456,-0.0015252699967248462,-0.001524542405796486,-0.0015233128754273634
0.5000000000000003,-0.0013911270737194997,-0.0014428803606694395,-0.0014756384979500287,-0.0014958929136998907,-0.0015083105862203057,-0.0015158590817630955,-0.0015204079199488986,-0.0015231245870662002,-0.0015247318923806803,-0.0015256734892445676,-0.0015262193136415549,-0.001526532137637249,-0.0015267092052557202,-0.0015268080504776418,-0.0015268623647559819,-0.0015268916608001727,-0.0015269071028762302,-0.0015269149891397216,-0.0015269188083362288,-0.0015269204372806993,-0.0015269208229120722,-0.001526920353366953,-0.0015269190355767267,-0.0015269165406859703,-0.001526912140479599,-0.0015269045272773916,-0.001526891480062097,-0.001526869303311521,-0.0015268319156340512,-0.0015267693920334178,-0.001526665654992654,-0.0015264948460060443,-0.0015262156648894987,-0.0015257626032437197,-0.0015250323884783185,-0.001523799490231069
0.5050000000000002,-0.0013911019101615506,-0.0014429541101946015,-0.0014758081913519578,-0.0014961452258235653,-0.0015086291532441808,-0.0015162283244492753,-0.0015208146004764827,-0.001523558182336399,-0.0015251844064277712,-0.0015261390467360449,-0.001526693710889976,-0.0015270124330081325,-0.0015271933794204907,-0.0015272947407592046,-0.0015273506657875126,-0.00152738097959507,-0.0015273970560687495,-0.0015274053316863749,-0.0015274093848407647,-0.0015274111492334964,-0.0015274116067382814,-0.0015274111657072704,-0.0015274098430055388,-0.0015274073121388783,-0.001527402840815018,-0.001527395111081728,-0.0015273818846794202,-0.0015273594405209227,-0.0015273216613245323,-0.0015272585736146101,-0.0015271540367358604,-0.0015269821135145446,-0.0015267014119393228,-0.0015262463276228349,-0.0015255135098417758,-0.0015242772704971476
0.5100000000000001,-0.0013910768307237812,-0.001443025829440932,-0.0014759740435206314,-0.0014963922624346934,-0.0015089413665916862,-0.0015165904355235172,-0.001521213607299932,-0.0015239837379676566,-0.0015256286412414545,-0.0015265961728912255,-0.0015271595833787849,-0.0015274841483066783,-0.0015276689421881108,-0.0015277728029107986,-0.0015278303304638843,-0.0015278616585477102,-0.0015278783684119124,-0.00152788703355129,-0.0015278913212847618,-0.0015278932218387926,-0.0015278937519135787,-0.0015278933399879263,-0.0015278920129306044,-0.001527889446638325,-0.001527884904886021,-0.0015278770595546038,-0.001527863655340391,-0.0015278409458292736,-0.0015278027781578112,-0.001527739130765222,-0.0015276338003747546,-0.0015274607717581687,-0.0015271785617481898,-0.0015267214707446952,-0.001525986070542691,-0.001524746516729321
0.515,-0.001391051837731129,-0.0014430955955632514,-0.00147613619369965,-0.0014966342106941448,-0.0015092474485971304,-0.0015169456619511152,-0.0015216052039785219,-0.0015244015282194737,-0.0015260648776904261,-0.0015270451524846565,-0.0015276172180219091,-0.001527947571555305,-0.0015281361820902748,-0.001528242525605289,-0.0015283016474712987,-0.0015283339862883964,-0.001528351328460614,-0.001528360383199455,-0.0015283649060793317,-0.0015283669434932113,-0.0015283675467710363,-0.0015283671645338747,-0.001528365833646678,-0.0015283632324821375,-0.0015283586209602477,-0.001528350660946148,-0.001528337080254235,-0.0015283141073759807,-0.0015282755541842444,-0.0015282113514234088,-0.0015281052336850703,-0.0015279311082954108,-0.001527647401656058,-0.0015271883197004105,-0.0015264503574294694,-0.0015252075156261076
0.5199999999999999,-0.0013910269332951847,-0.0014431634817882388,-0.001476294774194499,-0.0014968712486140257,-0.0015095476108365176,-0.001517294238933441,-0.001521989641635589,-0.001524811814528652,-0.0015264933836213247,-0.0015274862571425538,-0.0015280668885759778,-0.0015284029775998573,-0.0015285953744521921,-0.0015287041843689065,-0.0015287648923374161,-0.001528798238291549,-0.0015288162116134415,-0.0015288256559774322,-0.001528830414507846,-0.0015288325894183216,-0.0015288332665264396,-0.0015288329145345763,-0.0015288315803343644,-0.001528828944831242,-0.0015288242641859698,-0.001528816190367475,-0.001528802434494379,-0.0015287792001902817,-0.0015287402643388015,-0.00152867551040603,-0.0015285686113285482,-0.0015283933976015449,-0.0015281082059123764,-0.0015276471485014295,-0.001526906644302719,-0.0015256605408067979
0.5249999999999998,-0.001391002119304432,-0.0014432295576218552,-0.0014764499107962402,-0.0014971035455694425,-0.0015098420547838061,-0.0015176363905558025,-0.0015223671596499557,-0.0015252148462233347,-0.0015269144145474878,-0.001527919746057962,-0.0015285088563050833,-0.0015288506287790243,-0.0015290467821257577,-0.001529158042218018,-0.0015292203281193715,-0.001529254677570666,-0.0015292732808213977,-0.0015292831147720924,-0.0015292881094086514,-0.0015292904224114255,-0.0015292911739499756,-0.0015292908527360035,-0.0015292895157204226,-0.0015292868463993514,-0.0015292820972572473,-0.0015292739104962462,-0.0015292599807001826,-0.0015292364868413103,-0.0015291971711222838,-0.0015291318701038301,-0.0015290241955516594,-0.0015288479017501943,-0.0015285612363717753,-0.0015280982187602563,-0.0015273551925524818,-0.0015261058534988962
0.5299999999999997,-0.001390977397431719,-0.0014432938890898293,-0.001476601723153727,-0.0014973312628106892,-0.0015101309723678667,-0.0015179723304036992,-0.0015227379862878289,-0.0015256108611427924,-0.0015273282143102045,-0.001528345866643909,-0.001528943370640503,-0.0015292907756082762,-0.0015294906561106973,-0.0015296043503728175,-0.0015296682060558825,-0.0015297035553320279,-0.0015297227872313416,-0.001529733010666828,-0.0015297382418217238,-0.0015297406934852238,-0.0015297415200129698,-0.0015297412300998463,-0.00152973989075269,-0.0015297371881165835,-0.0015297323710839873,-0.0015297240722142282,-0.0015297099697226786,-0.0015296862181276632,-0.0015296465252611178,-0.0015295806811362527,-0.0015294722368401515,-0.0015292948710379315,-0.001529006743130454,-0.0015285417803707713,-0.0015277962518386416,-0.001526543703177414
0.5349999999999996,-0.0013909527691864816,-0.0014433565389482166,-0.001476750325121074,-0.0014975545539078457,-0.0015104145464844407,-0.0015183022621219411,-0.0015231023393199197,-0.0015260000862764792,-0.0015277350156768469,-0.0015287648551632678,-0.0015293706698294648,-0.0015297236573650413,-0.001529927236217566,-0.0015300433488152473,-0.001530108766181242,-0.0015301451115915736,-0.0015301649707983103,-0.0015301755835736537,-0.0015301810516029173,-0.0015301836424577238,-0.001530184544521082,-0.001530184286401667,-0.0015301829451852377,-0.0015301802097223937,-0.001530175325400753,-0.0015301669152379637,-0.0015301526412334562,-0.0015301286336854086,-0.0015300885663102944,-0.0015300221829533096,-0.0015299129745131993,-0.001529734544627825,-0.0015294449651513128,-0.001528978072071634,-0.001528230060702105,-0.0015269743281900723
0.5399999999999995,-0.0013909282358696162,-0.0014434175668577482,-0.0014768958251230716,-0.0014977735651893075,-0.0015106929515192066,-0.0015186263799911509,-0.0015234604265652503,-0.0015263827383299531,-0.0015281350409665794,-0.0015291769373010243,-0.0015297909814790316,-0.0015301495027065085,-0.001530356751593744,-0.0015304752669177862,-0.0015305422379260124,-0.0015305795757321165,-0.0015306000608803626,-0.0015306110627905736,-0.0015306167680142469,-0.0015306194985602068,-0.0015306204766645987,-0.0015306202508205953,-0.0015306189081966083,-0.0015306161403846649,-0.0015306111893465875,-0.0015306026686782198,-0.0015305882243172471,-0.0015305639625458698,-0.001530523523231178,-0.0015304566044346915,-0.0015303466373172898,-0.001530167151107443,-0.001529876130841973,-0.0015294073220587896,-0.001528656847125534,-0.0015273979563269222
0.5449999999999994,-0.001390903798665927,-0.0014434770296032863,-0.001477038326439869,-0.0014979884361574587,-0.0015109663538231597,-0.001518944869410799,-0.0015238124464497411,-0.00152675902428863,-0.0015285285025584245,-0.0015295823287137594,-0.0015302045231459418,-0.0015305685302174812,-0.0015307794213258613,-0.0015309003239667926,-0.0015309688406267474,-0.0015310071671045743,-0.0015310282767725196,-0.001531039667562106,-0.0015310456102597585,-0.0015310484809691752,-0.0015310495356055398,-0.0015310493425004104,-0.0015310479989058838,-0.0015310451992023076,-0.0015310401820135262,-0.001531031551611041,-0.0015310169380215067,-0.0015309924236983402,-0.0015309516149602043,-0.0015308841644091089,-0.0015307734439737465,-0.0015305929090548794,-0.0015303004585940033,-0.0015298297485143474,-0.001529076829082059,-0.0015278148053655773
0.5499999999999993,-0.0013908794586038168,-0.0014435349812316196,-0.0014771779275129513,-0.0014981992998741114,-0.0015112349121362285,-0.0015192579073932753,-0.0015241585884844106,-0.0015271291419048515,-0.0015289156034451058,-0.0015299812355799901,-0.0015306115028569634,-0.0015309809489099592,-0.0015311954549304127,-0.001531318729706237,-0.0015313887840863547,-0.0015314280954924293,-0.0015314498282249605,-0.0015314616076100988,-0.0015314677880234012,-0.001531470799320704,-0.0015314719309608685,-0.001531471771043877,-0.0015314704269032496,-0.0015314675957592316,-0.0015314625129655764,-0.001531453773576507,-0.0015314389918532026,-0.0015314142266202907,-0.0015313730508950453,-0.0015313050722119365,-0.0015311936036885728,-0.001531012027524872,-0.001530718157294111,-0.0015302455601443514,-0.0015294902150586236,-0.0015282250835973136
0.5549999999999992,-0.001390855216560213,-0.0014435914732200024,-0.001477314722216771,-0.0014984062833135294,-0.0015114987780095119,-0.001519565663018425,-0.001524499033768636,-0.0015274932802229208,-0.0015292965377213669,-0.0015303738550735842,-0.0015310121195734189,-0.0015313869587382089,-0.0015316050528646553,-0.0015317306847970591,-0.0015318022690478659,-0.0015318425616376052,-0.0015318649159489686,-0.0015318770836014978,-0.001531883501936466,-0.001531886654228551,-0.0015318878633182524,-0.001531887737011353,-0.0015318863927400795,-0.001531883530599255,-0.0015318783827301854,-0.001531869535086824,-0.0015318545862889373,-0.0015318295717488112,-0.0015317880314303467,-0.0015317195281270772,-0.0015316073166557868,-0.0015314247065720446,-0.0015311294268245976,-0.0015306549566345483,-0.0015298972045471866,-0.0015286289903008194
0.559999999999999,-0.001390831073350582,-0.0014436465546523863,-0.001477448800123337,-0.0014986095076871212,-0.0015117580962246487,-0.0015198682978609,-0.0015248339554177132,-0.0015278516200037298,-0.001529671491026897,-0.0015307603758301115,-0.0015314065636809595,-0.0015317867510630725,-0.0015320084069764344,-0.0015321363813179756,-0.0015322094876635218,-0.0015322507576860133,-0.0015322737320635712,-0.0015322862876206167,-0.0015322929440510856,-0.0015322962377133762,-0.0015322975246811657,-0.001532297432400965,-0.0015322960883957903,-0.0015322931956810665,-0.0015322879832552934,-0.0015322790280702704,-0.0015322639132428824,-0.0015322386509395393,-0.0015321967483553388,-0.0015321277238975015,-0.0015320147744967583,-0.0015318311376901626,-0.0015315344585244486,-0.001531058129132497,-0.0015302979884952354,-0.0015290267162058385
0.564999999999999,-0.0013908070296403652,-0.0014437002723150137,-0.0014775802467496212,-0.0014988090887929535,-0.0015120130051187151,-0.0015201659663840522,-0.0015251635189902821,-0.0015282043341722255,-0.0015300406410072528,-0.0015311409783943582,-0.0015317950174339246,-0.001532180509085422,-0.001532405700952083,-0.001532536003183267,-0.0015326106239169658,-0.0015326528676426999,-0.0015326764605421712,-0.0015326894036085646,-0.0015326962982756007,-0.0015326997336660535,-0.0015327010989173604,-0.00153270104105874,-0.0015326996977133,-0.0015326967748361254,-0.0015326914983647127,-0.001532682436317561,-0.0015326671564741465,-0.0015326416479363772,-0.0015325993853613365,-0.0015325298431099921,-0.0015324161607171045,-0.0015322315042552333,-0.0015319334356154353,-0.001531455260687961,-0.001530692749734587,-0.0015294184439394317
0.5699999999999988,-0.0013907830859966614,-0.0014437526708458276,-0.0014777091437639931,-0.0014990051372992278,-0.0015122636369621252,-0.0015204588163242327,-0.0015254878828945295,-0.0015285515882376205,-0.0015304041577149537,-0.0015315158356370333,-0.0015321776553597615,-0.0015325684082616135,-0.0015327971107403854,-0.0015329297265498974,-0.001533005854050938,-0.001533049067761263,-0.0015330732776273328,-0.0015330866077773663,-0.0015330937407947633,-0.0015330973182418896,-0.0015330987621609432,-0.001533098739110861,-0.001533097396797705,-0.0015330944441626164,-0.0015330891041313327,-0.001533079935906739,-0.0015330644920355228,-0.001533038738732685,-0.0015329961183991624,-0.001532926061663661,-0.0015328116511055185,-0.0015326259819380837,-0.0015323265336163556,-0.0015318465266310835,-0.0015310816634207264,-0.0015298043484250118
0.5749999999999987,-0.0013907592429258275,-0.0014438037928826203,-0.0014778355692180397,-0.0014991977590034088,-0.0015125101182838108,-0.001520746989047194,-0.0015258071987463643,-0.0015288935406484218,-0.001530762204009378,-0.001531885113132392,-0.0015325546446596876,-0.0015329506166925177,-0.0015331828049172367,-0.0015333177202353683,-0.0015333953469744432,-0.0015334395269571595,-0.0015334643522155146,-0.0015334780690013311,-0.0015334854404508444,-0.001533489160263126,-0.00153349068321505,-0.0015334906953439113,-0.001533489354431565,-0.001533486372431826,-0.0015334809693178565,-0.0015334716955729673,-0.0015334560886289368,-0.0015334300920250433,-0.0015333871160955542,-0.0015333165481110497,-0.0015332014141406223,-0.0015330147390923991,-0.0015327139207279201,-0.0015322320950041078,-0.001531464897384589,-0.0015301845972824223
0.5799999999999986,-0.0013907355008145944,-0.0014438536791361414,-0.0014779595977461011,-0.0014993870551353106,-0.0015127525701625533,-0.001521030619890197,-0.001526121611736228,-0.0015292303431871084,-0.0015311149359168866,-0.0015322489695517752,-0.0015329261455735955,-0.0015333272955222576,-0.0015335629450916827,-0.0015337001460700662,-0.0015337792646004786,-0.0015338244071609647,-0.0015338498462275862,-0.001533863949168255,-0.0015338715591222565,-0.0015338754215767868,-0.0015338770239223527,-0.001533877071582389,-0.0015338757324194084,-0.0015338727214329404,-0.001533867255711133,-0.0015338578770826125,-0.001533842108014795,-0.0015338158695096433,-0.0015337725401207694,-0.0015337014640647531,-0.0015335856113287403,-0.0015333979371242952,-0.0015330957582228365,-0.0015326121269037445,-0.001531842612524361,-0.0015305593511820577
0.5849999999999985,-0.001390711860031742,-0.0014439023685303214,-0.0014780813007417269,-0.0014995731225672215,-0.0015129911085397794,-0.00152130983846235,-0.0015264312609640884,-0.0015295621412926932,-0.0015314625029876237,-0.001532607557004885,-0.001533292311738092,-0.0015336985992464784,-0.0015339376862369034,-0.0015340771592425256,-0.0015341577622133007,-0.0015342038636858902,-0.001534229914958463,-0.0015342444035659451,-0.0015342522520533765,-0.0015342562574199357,-0.0015342579394892312,-0.0015342580230227566,-0.0015342566859592181,-0.0015342536463578953,-0.0015342481184801794,-0.0015342386355929741,-0.001534222705320436,-0.001534196226302441,-0.001534152545533739,-0.001534080964508028,-0.0015339643975841438,-0.0015337757308323818,-0.0015334722007738254,-0.0015329867768203095,-0.0015322149631441014,-0.0015309287642064863
0.5899999999999984,-0.001390688320823493,-0.00144394989827373,-0.0014782007465516736,-0.0014997560540705786,-0.001513225844464728,-0.0015215847689701084,-0.0015267362797467567,-0.0015298890744023506,-0.001531805048614457,-0.0015329610213622405,-0.0015336532905066882,-0.0015340646760862687,-0.0015343071770155333,-0.001534448908652626,-0.001534530988800646,-0.0015345780455379811,-0.0015346047074256165,-0.0015346195811698409,-0.0015346276682106498,-0.0015346318167317203,-0.0015346335788515195,-0.0015346336985891623,-0.0015346323639540958,-0.0015346292960950808,-0.001534623706507881,-0.0015346141199781473,-0.0015345980293929402,-0.0015345713112124952,-0.001534527281106358,-0.0015344551981650368,-0.0015343379215396104,-0.0015341482687525059,-0.001533843396763314,-0.0015333561930033935,-0.0015325820972961676,-0.0015312929841683222
0.5949999999999983,-0.0013906648833903817,-0.0014439963039810893,-0.0014783180006172258,-0.001499935938541003,-0.0015134568843598788,-0.001521855530471076,-0.0015270367959192485,-0.0015302112762480978,-0.0015321427103567418,-0.0015333095025804521,-0.001534009223293882,-0.001534425668268788,-0.0015346715601177513,-0.0015348155372060005,-0.001534899087366112,-0.001534947095749116,-0.0015349743666334729,-0.0015349896249906396,-0.001534997950579866,-0.0015350022424858152,-0.0015350040849529073,-0.0015350042412196894,-0.0015350029093348602,-0.0015349998135726936,-0.0015349941627001659,-0.0015349844731229972,-0.0015349682231111952,-0.001534941267090613,-0.001534896889642197,-0.0015348243077751003,-0.0015347063258667277,-0.0015345156934479178,-0.0015342094886393177,-0.0015337205177263658,-0.0015329441570617907,-0.0015316521529311238
0.5999999999999982,-0.0013906415478999272,-0.0014440416197476686,-0.001478433125652277,-0.0015001128611663306,-0.0015136843302827252,-0.0015221222371531343,-0.00152733293211143,-0.0015305288751373356,-0.0015324756202220297,-0.0015336531349905967,-0.0015343602458270892,-0.0015347817123467368,-0.00153503097253155,-0.0015351771821074036,-0.001535262195210513,-0.001535311151655686,-0.0015353390299293623,-0.001535354672342494,-0.0015353632364558459,-0.0015353676719612505,-0.0015353695950722803,-0.0015353697881696753,-0.001535368459343578,-0.0015353653360228672,-0.0015353596242927959,-0.0015353498322520228,-0.0015353334236646585,-0.001535306231103006,-0.0015352615082709793,-0.0015351884304169207,-0.001535069747566911,-0.0015348781418205234,-0.001534570613181115,-0.0015340798876099064,-0.001533301278882048,-0.001532006406692847
0.6049999999999981,-0.0013906183144524228,-0.0014440858782329715,-0.0014785461817789268,-0.001500286903669905,-0.001513908280130027,-0.001522384998581886,-0.0015276248060117233,-0.00153084199423714,-0.001532803904948848,-0.001533992047586026,-0.0015347064884640598,-0.001535132939461009,-0.0015353855458324242,-0.001535533975161989,-0.001535620444238263,-0.0015356703451869828,-0.0015356988292330245,-0.0015357148551400231,-0.0015357236577487423,-0.0015357282370375579,-0.0015357302410665041,-0.0015357304712894347,-0.001535729145838102,-0.0015357259952905897,-0.0015357202231121767,-0.0015357103291776262,-0.001535693762853774,-0.001535666335010943,-0.0015356212687268507,-0.001535547697766817,-0.001535428318246203,-0.00153523574538326,-0.001534926901777113,-0.0015344344338919641,-0.001533653593799625,-0.001532355876271444
0.609999999999998,-0.0013905951830897661,-0.0014441291107389512,-0.0014786572266611432,-0.0015004581444414274,-0.0015141288278626179,-0.0015226439199366908,-0.0015279125306304846,-0.0015311507518347494,-0.001533127686269871,-0.0015343263642791378,-0.0015350480764490496,-0.001535479475626203,-0.0015357354064625753,-0.0015358860430234366,-0.001535973961186844,-0.0015360248031251976,-0.0015360538913333527,-0.0015360703001582887,-0.0015360793412026864,-0.001536084064453759,-0.0015360861496670117,-0.0015360864173098105,-0.0015360850955174078,-0.0015360819180666636,-0.0015360760858495423,-0.0015360660905755345,-0.0015360493673331867,-0.0015360217054642068,-0.0015359762976018849,-0.001535902236369741,-0.0015357821643893492,-0.001535588630529709,-0.0015352784806937426,-0.0015347842826981483,-0.0015340012277513262,-0.0015327006873669519
0.6149999999999979,-0.0013905721538283729,-0.0014441713472836397,-0.0014787663156477107,-0.0015006266587642432,-0.0015143460637005706,-0.0015228991022429405,-0.0015281962145187436,-0.0015314552615640657,-0.00153344708116166,-0.0015346562041432656,-0.0015353851301428791,-0.001535821441966005,-0.0015360806759590368,-0.0015362335074415568,-0.0015363228679204069,-0.001536374647350847,-0.001536404338118129,-0.0015364211292758138,-0.0015364304086791015,-0.001536435276067426,-0.0015364374427201894,-0.0015364377480522012,-0.0015364364302056011,-0.0015364332261719779,-0.0015364273343101312,-0.001536417238241615,-0.0015364003588854503,-0.0015363724641987088,-0.0015363267166122521,-0.0015362521679020572,-0.0015361314075846941,-0.0015359369187698283,-0.0015356254713250433,-0.0015351295552679229,-0.001534344301793268,-0.0015330409608052319
0.6199999999999978,-0.0013905492266460418,-0.001444212616677808,-0.0014788735018789448,-0.0015007925189285264,-0.0015145600743216433,-0.0015231506425544493,-0.0015284759619934225,-0.0015317556326645287,-0.001533762202066688,-0.0015349816816791365,-0.0015357177652832478,-0.0015361589549469758,-0.0015364214711987827,-0.001536576485511271,-0.0015366672816298902,-0.0015367199951020142,-0.0015367502868192618,-0.0015367674597143105,-0.001536776977404212,-0.001536781989079016,-0.001536784237400933,-0.0015367845806949704,-0.001536783267077904,-0.0015367800367647462,-0.0015367740856368618,-0.0015367638893068161,-0.0015367468546284505,-0.0015367187283174364,-0.001536672642829876,-0.0015365976093707921,-0.0015364761647956113,-0.0015362807269698332,-0.0015359679904377872,-0.0015354703682140135,-0.0015346829323633997,-0.0015333768127793114
0.6249999999999977,-0.001390526401480245,-0.0014442529465636088,-0.001478978836410177,-0.00150095579440637,-0.0015147709430250221,-0.0015233986341815309,-0.001528751873349441,-0.0015320519701560683,-0.0015340731571355684,-0.0015353029070021668,-0.0015360460932098126,-0.001536492126623217,-0.0015367579046383425,-0.0015369150898897864,-0.0015370073150678292,-0.0015370609591667834,-0.0015370918502393884,-0.001537109404271397,-0.001537119160145082,-0.001537124316245338,-0.001537126646477314,-0.0015371270279901357,-0.0015371257188662858,-0.0015371224625803652,-0.0015371164525582702,-0.0015371061564889137,-0.0015370889672641393,-0.0015370606105014762,-0.0015370141888866322,-0.001536938673387682,-0.001536816548552057,-0.0015366201675756075,-0.0015363061503653763,-0.00153580683373579,-0.0015350172314654794,-0.0015337083550744774
0.6299999999999976,-0.0013905036782130285,-0.0014442923635041701,-0.0014790823683111375,-0.0015011165519935048,-0.00151497874992601,-0.001523643166867346,-0.0015290240450670932,-0.0015323443750919442,-0.001534380050411003,-0.0015356199860708697,-0.0015363702210630052,-0.0015368210648281267,-0.0015370900844982698,-0.0015372494290151152,-0.0015373430767724645,-0.0015373976481145477,-0.0015374291369581264,-0.0015374470715124387,-0.0015374570654748518,-0.0015374623661222264,-0.0015374647784840447,-0.0015374651984584066,-0.0015374638940945137,-0.00153746061212423,-0.0015374545435870063,-0.0015374441482856385,-0.001537426805263524,-0.0015373982192048497,-0.0015373514632181725,-0.0015372754683226886,-0.0015371526671806536,-0.0015369553488392984,-0.001536640059243616,-0.0015361390598309242,-0.0015353473069219107,-0.0015340356952667535
0.6349999999999975,-0.0013904810567532335,-0.0014443308930293633,-0.0014791841447751352,-0.0015012748559449787,-0.0015151835720970382,-0.001523884326952007,-0.0015292925699818374,-0.001532632944718552,-0.001534682982040985,-0.001535933020898501,-0.0015366902519889346,-0.0015371458733909613,-0.001537418114995637,-0.0015375796073022736,-0.0015376746712423327,-0.0015377301665009094,-0.0015377622515267907,-0.001537780565996597,-0.0015377907979225208,-0.0015377962432418441,-0.001537798737940852,-0.0015377991966215032,-0.0015377978972744178,-0.0015377945899049917,-0.001537788463204323,-0.0015377779691724848,-0.0015377604730996684,-0.0015377316588706938,-0.0015376845702420152,-0.0015376080985512101,-0.001537484625000526,-0.001537286374995923,-0.0015369698212066598,-0.0015364671504816674,-0.0015356732625470533,-0.0015343589369337593
0.6399999999999973,-0.0013904585369336367,-0.0014443685596792384,-0.0014792842112019585,-0.0015014307680933142,-0.0015153854837172286,-0.0015241221975551649,-0.0015295575374770847,-0.0015329177726692512,-0.0015349820484726522,-0.0015362421097123368,-0.0015370062853335862,-0.0015374666523142201,-0.0015377420965092168,-0.0015379057253259662,-0.0015380021991677068,-0.0015380586150402337,-0.0015380912946813736,-0.0015381099884414677,-0.0015381204582145627,-0.0015381260483048021,-0.001538128625543792,-0.001538129123162692,-0.0015381278290784903,-0.0015381244965928934,-0.0015381183120841563,-0.0015381077198128735,-0.0015380900714114785,-0.0015380610301206532,-0.0015380136105396151,-0.001537936664629532,-0.0015378125225008537,-0.00153761334645941,-0.0015372955365615419,-0.0015367912058772719,-0.001535995198341991,-0.0015346781798406648
0.6449999999999972,-0.0013904361185840452,-0.0014444053870665918,-0.001479382611313566,-0.0015015843479726154,-0.0015155845562186963,-0.0015243568587340363,-0.0015298190336379765,-0.0015331989491473063,-0.0015352773426123075,-0.0015365473471605474,-0.001537318416818919,-0.0015377834979641738,-0.001538062125763679,-0.001538227880014631,-0.0015383257575663659,-0.0015383830907906117,-0.0015384163634870468,-0.0015384354359261347,-0.0015384461433999468,-0.0015384518783671975,-0.0015384545383398329,-0.001538455075117794,-0.0015384537865443498,-0.0015384504292095824,-0.0015384441872325371,-0.0015384334972042312,-0.0015384156971885814,-0.0015383864299344185,-0.001538338681068113,-0.0015382612634654133,-0.001538136456537492,-0.0015379363600134545,-0.0015376173019958103,-0.0015371113225559785,-0.0015363132106678105,-0.0015349935201315478
0.6499999999999971,-0.0013904138014956132,-0.001444441397922623,-0.001479479387196564,-0.0015017356529458663,-0.0015157808584325076,-0.001524588387611167,-0.0015300771414238391,-0.0015334765610664485,-0.0015355689540085514,-0.0015368488244714665,-0.0015376267387125677,-0.0015380965032321821,-0.0015383782960196903,-0.0015385461648100543,-0.0015386454399791962,-0.0015387036873421903,-0.0015387375515464078,-0.0015387570020354078,-0.0015387679470744056,-0.0015387738270047314,-0.001538776569890884,-0.0015387771460510153,-0.0015387758632167522,-0.001538772481303839,-0.0015387661821978022,-0.0015387553948794808,-0.0015387374439554088,-0.0015387079517974276,-0.0015386598752983852,-0.0015385819884888752,-0.0015384565204901782,-0.0015382555089619697,-0.001537935210710675,-0.0015374275935929919,-0.0015366273924315077,-0.0015353050504673907
0.654999999999997,-0.001390391585472938,-0.0014444766141381567,-0.0014795745794269463,-0.0015018847382888593,-0.0015159744566865835,-0.0015248168585328527,-0.0015303319408107702,-0.0015337506922312111,-0.0015358569689885074,-0.0015371466296105981,-0.0015379313399930684,-0.0015384057577083892,-0.0015386906972044271,-0.001538860669846958,-0.0015389613366287988,-0.0015390204949511932,-0.0015390549491235495,-0.0015390747770440678,-0.001539085959502156,-0.0015390919844751377,-0.0015390948104461945,-0.0015390954262027607,-0.0015390941493348073,-0.0015390907431084109,-0.0015390843872014977,-0.00153907350305386,-0.0015390554019108417,-0.0015390256859044225,-0.0015389772833808294,-0.001538898929823001,-0.0015387728044344011,-0.0015385708833076197,-0.0015382493526143605,-0.0015377401087586693,-0.001536937833237107,-0.0015356128602206961
0.6599999999999969,-0.0013903694702463642,-0.0014445110567951971,-0.001479668227105983,-0.0015020316572961951,-0.001516165414952126,-0.0015250423432101908,-0.001530583508917222,-0.0015340214234713615,-0.0015361414708430245,-0.0015374408474321617,-0.0015382323065004238,-0.0015387113478241665,-0.001538999416097931,-0.0015391714820740601,-0.0015392735345604411,-0.0015393336007144527,-0.0015393686433378066,-0.0015393888480578152,-0.0015394002677761947,-0.001539406437866272,-0.0015394093470991865,-0.0015394100026500678,-0.0015394087319733972,-0.0015394053016867817,-0.0015393988893008706,-0.0015393879087786297,-0.001539369658091148,-0.001539339719279797,-0.0015392909923157975,-0.0015392121744311341,-0.0015390853952740393,-0.0015388825698883749,-0.001538559814452239,-0.0015380489546794143,-0.0015372446195245112,-0.0015359170356068121
0.6649999999999968,-0.0013903474556015867,-0.00144454474623309,-0.0014797603679655635,-0.0015021764613817124,-0.0015163537949467812,-0.0015252649108153022,-0.0015308319201698258,-0.0015342888327768355,-0.0015364225399237645,-0.001537731559821949,-0.0015385297210806332,-0.0015390133569989977,-0.0015393045364464149,-0.0015394786854358304,-0.0015395821178098277,-0.0015396430887024387,-0.0015396787182658169,-0.0015396992991602463,-0.0015397109559855062,-0.0015397172712484173,-0.0015397202639044337,-0.0015397209594505377,-0.00153971969518084,-0.0015397162410875122,-0.0015397097725399433,-0.0015396986960842345,-0.0015396802965155737,-0.0015396501359174778,-0.001539601086084157,-0.0015395218062570265,-0.0015393943769062624,-0.0015391906525342612,-0.001538866679955417,-0.0015383542149505153,-0.0015375478347382273,-0.0015362176598307227
0.6699999999999967,-0.00139032554124335,-0.001444577702050703,-0.0014798510383910819,-0.0015023192001826983,-0.0015165396562372027,-0.0015254846281204043,-0.0015310772464039975,-0.0015345529954400659,-0.0015367002538251781,-0.001538018845855232,-0.0015388236637263512,-0.0015393118657783657,-0.0015396061391320201,-0.0015397823609793367,-0.0015398871675228686,-0.0015399490400926062,-0.0015399852551067862,-0.0015400062115517518,-0.0015400181053179273,-0.0015400245658153263,-0.0015400276420486727,-0.0015400283777817578,-0.001540027120134896,-0.0015400236424701179,-0.0015400171180689319,-0.0015400059461250818,-0.0015399873983347452,-0.0015399570169417048,-0.001539907645789381,-0.0015398279063656489,-0.0015396998303569566,-0.0015394952122000252,-0.0015391700299844187,-0.0015386559703214702,-0.0015378475594430142,-0.0015365148132413689
0.6749999999999966,-0.001390303726906,-0.0014446099431757134,-0.0014799402735427424,-0.001502459921608038,-0.00151672305634098,-0.0015257015596110853,-0.00153131955698226,-0.001534813984172928,-0.0015369746874715792,-0.0015383027818814826,-0.0015391142116903565,-0.0015396069519752838,-0.0015399043022688,-0.001540082587001059,-0.0015401887620824252,-0.001540251533323639,-0.0015402883322991068,-0.0015403096636787306,-0.0015403217942153483,-0.0015403284000024137,-0.001540331559957495,-0.0015403323360631688,-0.001540331085247524,-0.0015403275842499945,-0.001540321004301486,-0.001540309737297685,-0.0015402910419200307,-0.001540260440732399,-0.0015402107497711223,-0.0015401305530782115,-0.0015400018338904602,-0.0015397963270934341,-0.0015394699426587494,-0.0015389542987826205,-0.0015381438714690745,-0.0015368085734331115
0.6799999999999965,-0.0013902820122783197,-0.0014446414878635035,-0.0014800281073452147,-0.0015025986719427629,-0.0015169040508265612,-0.0015259157675747317,-0.0015315589189357952,-0.001535071869229364,-0.0015372459132602806,-0.0015385834416995323,-0.0015394014396340383,-0.0015398986907683412,-0.001540199101354422,-0.0015403794391730676,-0.0015404869772400547,-0.0015405506441873492,-0.0015405880256637039,-0.0015406097313559253,-0.0015406220984886885,-0.001540628849613501,-0.0015406320934356346,-0.0015406329100933105,-0.0015406316663058822,-0.0015406281422057674,-0.0015406215070130618,-0.0015406101453670868,-0.0015405913030431346,-0.0015405604830281618,-0.001540510473759308,-0.001540429822083745,-0.0015403004631582143,-0.0015400940727910881,-0.0015397664934802672,-0.0015392492756997843,-0.0015384368460243797,-0.0015370990153885332
0.6849999999999964,-0.0013902603970707783,-0.0014446723537589437,-0.0014801145726116537,-0.0015027354959321695,-0.0015170826934037926,-0.0015261273122220854,-0.0015317953970304422,-0.0015353267185022734,-0.0015375140011783784,-0.0015388608966241215,-0.0015396854197274577,-0.0015401871548394782,-0.0015404906093739513,-0.0015406729906418568,-0.0015407818862420005,-0.0015408464459588163,-0.0015408844084968138,-0.0015409064878806249,-0.001540919091430406,-0.0015409259879328387,-0.001540929315757881,-0.0015409301731481545,-0.0015409289365847987,-0.0015409253896182366,-0.001540918699466913,-0.0015409072435943734,-0.0015408882549414623,-0.0015408572170615125,-0.0015408068909643989,-0.0015407257865596932,-0.001540595791298153,-0.0015403885223768804,-0.0015400597554252665,-0.0015395409739477346,-0.0015387265558095846,-0.0015373862115948158
0.6899999999999963,-0.001390238880956313,-0.001444702557907934,-0.0014801997010525723,-0.0015028704368195633,-0.0015172590359892005,-0.0015263362517674022,-0.0015320290539120743,-0.0015355785976528668,-0.001537779018881196,-0.0015391352156367433,-0.001539966221763739,-0.0015404724144915548,-0.0015407788969183731,-0.001540963312154605,-0.0015410735599216045,-0.0015411390095276714,-0.0015411775516843361,-0.0015412000041398507,-0.001541212843939827,-0.0015412198858486775,-0.0015412232978171002,-0.0015412241961033119,-0.0015412229669566578,-0.001541219397341587,-0.0015412126525256092,-0.0015412011028326466,-0.0015411819684704225,-0.0015411507136649143,-0.001541100072199031,-0.0015410185172919327,-0.0015408878890421289,-0.0015406797465231034,-0.0015403497990939734,-0.0015398294639931986,-0.0015390130711487,-0.0015376702321371386
0.6949999999999962,-0.0013902174636258918,-0.001444732116783808,-0.0014802835233353202,-0.0015030035364484251,-0.001517433128818371,-0.0015265426425216885,-0.001532259950164528,-0.0015358275701990067,-0.0015380410318405302,-0.0015394064654470642,-0.0015402439132689739,-0.0015407545377156325,-0.0015410640322658946,-0.0015412504721721086,-0.0015413620668127844,-0.0015414284034658608,-0.0015414675238222333,-0.0015414903487448227,-0.0015415034246036928,-0.0015415106119593665,-0.0015415141081854072,-0.0015415150475379161,-0.0015415138260022386,-0.0015415102339595436,-0.0015415034347583286,-0.0015414917916441045,-0.001541472512172098,-0.0015414410413788716,-0.0015413900859789229,-0.0015413080827695225,-0.001541176824846886,-0.0015409678136154383,-0.0015406366927845255,-0.0015401148140318966,-0.0015392964600577453,-0.0015379511448286684
0.6999999999999961,-0.0013901961447231324,-0.001444761046321891,-0.0014803660691354208,-0.0015031348353045238,-0.001517605020502568,-0.00152674653897743,-0.001532488144424917,-0.001536073697593841,-0.001538300103404077,-0.0015396747106438493,-0.001540518559573691,-0.0015410335903458783,-0.001541346081522758,-0.001541534536949619,-0.0015416474732624574,-0.0015417146941447257,-0.0015417543913094365,-0.0015417775880882567,-0.0015417908998229183,-0.0015417982326522358,-0.0015418018132618615,-0.0015418027938408569,-0.0015418015800954135,-0.0015417979658367243,-0.001541791112526969,-0.0015417793763914055,-0.0015417599524065596,-0.0015417282665382147,-0.001541676998624436,-0.0015415945492829224,-0.0015414626649549509,-0.0015412527898500828,-0.0015409205026111251,-0.001540397090052925,-0.0015395767883859789,-0.0015382290152850832
0.704999999999996,-0.0013901749239223736,-0.0014447893619402854,-0.001480447367172532,-0.0015032643725876936,-0.0015177747580925628,-0.001526947993900268,-0.0015327136934450412,-0.0015363170393526836,-0.0015385562948980439,-0.0015399400137393298,-0.001540790223958101,-0.0015413096361048808,-0.0015416251086937127,-0.0015418155706306816,-0.0015419298435008465,-0.0015419979458452296,-0.0015420382184319803,-0.0015420617864657944,-0.0015420753338919687,-0.0015420828122114077,-0.001542086477321883,-0.0015420874992893032,-0.001542086293509395,-0.0015420826572463205,-0.0015420757501057923,-0.0015420639213379159,-0.0015420443534186917,-0.0015420124533874137,-0.0015419608743584736,-0.001541877981025269,-0.0015417454735213905,-0.0015415347393311065,-0.0015412012925898038,-0.0015406763559620356,-0.0015398541198752163,-0.0015385039070371967
0.7099999999999959,-0.0013901538008641399,-0.001444817078556315,-0.00148052744527763,-0.0015033921862537855,-0.0015179423871773002,-0.0015271470583743867,-0.0015329366522121917,-0.0015365576530997902,-0.0015388096657359062,-0.001540202435285364,-0.001541058967699845,-0.001541582736716732,-0.0015419011757620141,-0.0015420936353617804,-0.001542209239749611,-0.0015422782208278124,-0.001542319067467065,-0.0015423430061553458,-0.0015423567890824545,-0.0015423644129182355,-0.0015423681626462924,-0.0015423692261468188,-0.0015423680285131353,-0.0015423643704586324,-0.0015423574097466637,-0.0015423454887273135,-0.0015423257774586385,-0.0015422936641472217,-0.0015422417753853052,-0.001542158440185991,-0.001542025312699251,-0.0015418137241357112,-0.0015414791247234754,-0.0015409526736568045,-0.001540128516263727,-0.0015387758816101543
0.7149999999999958,-0.0013901327751927465,-0.0014448442106228042,-0.0014806063303870946,-0.0015035183130849281,-0.0015181079519109777,-0.0015273437819116325,-0.0015331570739879304,-0.0015367955946738526,-0.0015390602734537935,-0.0015404620339507782,-0.0015413248501793598,-0.0015418529519925683,-0.0015421743427946873,-0.0015423687913552451,-0.001542485722295753,-0.0015425555794243728,-0.001542596998762926,-0.001542621307508423,-0.0015426353257524607,-0.0015426430951224308,-0.001542646929570714,-0.0015426480347587544,-0.0015426468454419005,-0.001542643165795953,-0.0015426361517808839,-0.0015426241388824154,-0.0015426042848309266,-0.0015425719591307425,-0.0015425197619939328,-0.0015424359870179014,-0.001542302242697234,-0.001542089804435474,-0.001541754059105221,-0.0015412261031127006,-0.001540400037378492,-0.001539044998618203
0.7199999999999956,-0.0013901118465758358,-0.0014448707721463681,-0.0014806840486402775,-0.0015036427887388658,-0.001518271495098242,-0.0015275382124954394,-0.0015333750103928452,-0.0015370309181956753,-0.0015393081738560473,-0.0015407188666062435,-0.0015415879289378339,-0.0015421203399052746,-0.0015424446680243075,-0.0015426410969838628,-0.0015427593495896906,-0.0015428300801135183,-0.0015428720708185824,-0.0015428967490357223,-0.0015429110024062897,-0.0015429189173200965,-0.0015429228365988704,-0.0015429239836157304,-0.001542922802781712,-0.0015429191017431536,-0.0015429120346868862,-0.0015428999302842129,-0.0015428799340104844,-0.001542847396779998,-0.0015427948926269026,-0.0015427106799358599,-0.0015425763219041925,-0.00154236303854722,-0.001542026153978346,-0.0015414967024598527,-0.001540668741208826,-0.0015393113158354516
0.7249999999999955,-0.0013900910146087508,-0.00144489677667782,-0.001480760625352239,-0.0015037656477801251,-0.001518433058252628,-0.0015277303966575889,-0.0015335905114907684,-0.0015372636761401156,-0.0015395534210179353,-0.0015409729883879139,-0.0015418482597889282,-0.0015423849566742094,-0.0015427122079021637,-0.0015429106088435454,-0.0015430301783064477,-0.0015431017796139995,-0.0015431443403635216,-0.001543169387467967,-0.001543183875775549,-0.0015431919362420225,-0.0015431959404540623,-0.001543197129442449,-0.0015431959572557846,-0.0015431922350226987,-0.0015431851151770778,-0.0015431729196340406,-0.0015431527816966433,-0.0015431200337961372,-0.0015430672239509086,-0.0015429825755821059,-0.0015428476069201198,-0.0015426334830364234,-0.0015422954658281989,-0.0015417645280733814,-0.0015409346839792108,-0.0015395748892770306
0.7299999999999954,-0.0013900702789428425,-0.0014449222373758713,-0.0014808360850919156,-0.0015038869237521506,-0.001518592681627826,-0.0015279203795298191,-0.0015338036258453836,-0.0015374939194077477,-0.0015397960674071018,-0.0015412244527824367,-0.0015421058968647548,-0.0015426468568285057,-0.0015429770171997283,-0.0015431773818425142,-0.0015432982634224217,-0.0015433707329379012,-0.0015434138624277984,-0.0015434392778408274,-0.001543454000900023,-0.0015434622069276356,-0.0015434662961689711,-0.0015434675272704137,-0.001543466363892762,-0.0015434626206477133,-0.0015434554482718886,-0.0015434431619454105,-0.0015434228828855045,-0.0015433899251709694,-0.0015433368109443238,-0.0015432517289204848,-0.001543116152668291,-0.0015429011927624132,-0.0015425620494363785,-0.0015420296346463443,-0.0015411979202158443,-0.0015398357732735945
0.7349999999999953,-0.0013900496392040746,-0.0014449471669915072,-0.0014809104516991416,-0.001504006649194767,-0.0015187504043076957,-0.0015281082049157684,-0.0015340144005624413,-0.0015377216973941862,-0.0015400361639371213,-0.001541473311689428,-0.001542360892686927,-0.0015429060932786775,-0.001543239149064328,-0.0015434414692545827,-0.001543563658293927,-0.0015436369934775716,-0.0015436806904226316,-0.0015437064735651838,-0.0015437214311868777,-0.0015437297827788534,-0.001543733957150264,-0.0015437352304949461,-0.001543734076079901,-0.0015437303120260538,-0.0015437230873598835,-0.0015437107106038258,-0.0015436902909683,-0.0015436571242658983,-0.0015436037069640985,-0.0015435181932658866,-0.0015433820124413885,-0.0015431662209697819,-0.0015428259579792335,-0.0015422920752310252,-0.0015414585028493731,-0.0015400940205402484
0.7399999999999952,-0.0013900290950033308,-0.0014449715779032688,-0.0014809837483163025,-0.0015041248557046095,-0.0015189062642182102,-0.0015282939153248574,-0.0015342228813970556,-0.0015379470580386178,-0.0015402737600254581,-0.0015417196154833444,-0.0015426132982491211,-0.0015431627173932956,-0.0015434986550876635,-0.001543702922801052,-0.0015438264147067534,-0.0015439006130512525,-0.0015439448761870483,-0.0015439710264927191,-0.0015439862184861081,-0.0015439947156481316,-0.001543998975237757,-0.0015440002909570768,-0.0015439991456690876,-0.001543995360983424,-0.001543988084269202,-0.0015439756174408846,-0.0015439550577569835,-0.0015439216828955049,-0.001543867963792263,-0.0015437820204032605,-0.0015436452379730557,-0.0015434286193424418,-0.0015430872430608053,-0.0015425519013415067,-0.001541716483240108,-0.001540349682238348
0.7449999999999951,-0.0013900086459701956,-0.0014449954821195952,-0.0014810559973990201,-0.0015042415739618753,-0.0015190602981985176,-0.0015284775520545207,-0.0015344291127505282,-0.0015381700479005426,-0.0015405089036568868,-0.0015419634130858031,-0.0015428631630578006,-0.0015434167790543977,-0.0015437555853654134,-0.0015439617927009842,-0.0015440865829549585,-0.0015441616420006161,-0.0015442064700648286,-0.0015442329869740199,-0.0015442484131479453,-0.0015442570558796762,-0.0015442614007792304,-0.001544262759006277,-0.0015442616229913767,-0.001544257817857251,-0.0015442504893353774,-0.0015442379327795044,-0.001544217233572509,-0.001544183651367313,-0.001544129631739296,-0.001544043260595071,-0.001543905879508073,-0.001543688438073,-0.00154334595480432,-0.0015428091629936577,-0.0015419719112574359,-0.001540602808042266
0.749999999999995,-0.0013899882917209536,-0.0014450188912957186,-0.0014811272207861453,-0.0015043568337776744,-0.0015192125420361504,-0.0015286591552081308,-0.001534633137777351,-0.0015383907122009366,-0.0015407416414439474,-0.00154220475201373,-0.0015431105352101849,-0.0015436683267048075,-0.001544009988563672,-0.0015442181277533246,-0.0015443442118990792,-0.0015444201292055964,-0.001544465520969483,-0.0015444924039209158,-0.0015445080640829473,-0.0015445168523880541,-0.0015445212826805882,-0.0015445226835387085,-0.0015445215569520974,-0.0015445177315474782,-0.0015445103514586528,-0.0015444977055129752,-0.001544476867299089,-0.001544443078563924,-0.0015443887596570628,-0.001544301962689592,-0.0015441639858482323,-0.0015439457259175428,-0.0015436021419019611,-0.0015430639087782591,-0.0015422248353570956,-0.0015408534462016438
0.7549999999999949,-0.0013899680318579205,-0.0014450418167656419,-0.0014811974396870815,-0.0015044706641134812,-0.0015193630305081003,-0.0015288387637695316,-0.001534834998405109,-0.0015386090948948559,-0.0015409720186752847,-0.001542443678440631,-0.0015433554614420137,-0.0015439174074235627,-0.0015442619119665373,-0.0015444719753625197,-0.0015445993490138103,-0.001544676122180364,-0.0015447220764202374,-0.0015447493248558117,-0.0015447652188276884,-0.0015447741527002013,-0.0015447786684761391,-0.0015447801120889082,-0.0015447789950729467,-0.0015447751495753612,-0.0015447677181495974,-0.001544754983155239,-0.0015447340064497755,-0.001544700011972861,-0.0015446453950244865,-0.0015445581741350485,-0.0015444196044189836,-0.001544200530254511,-0.0015438558516564645,-0.001543316185899327,-0.0015424753026087494,-0.0015411016435890091
0.7599999999999948,-0.0013899478660030764,-0.001445064269523798,-0.0014812666747093595,-0.001504583093136564,-0.0015195117974205379,-0.0015290164156278616,-0.001535034735390379,-0.0015388252386911764,-0.0015412000793884235,-0.0015426802372470224,-0.0015435979871724849,-0.001544164066981479,-0.0015445114015401782,-0.0015447233816118797,-0.001544852040440674,-0.0015449296671093406,-0.0015449761826122072,-0.0015450037959934663,-0.0015450199235871374,-0.0015450290030210089,-0.0015450336043566866,-0.0015450350908478574,-0.0015450339835462051,-0.0015450301181339035,-0.0015450226355990218,-0.0015450098118892361,-0.0015449886971918257,-0.0015449544977714448,-0.001544899584006239,-0.001544811941077182,-0.0015446727813301744,-0.001544452897144504,-0.0015441071300562345,-0.0015435660402474108,-0.0015427233587597023,-0.0015413474457682307
0.7649999999999947,-0.0013899277937549069,-0.0014450862602665288,-0.0014813349459098862,-0.0015046941482292342,-0.0015196588756604802,-0.0015291921476293605,-0.001535232388365772,-0.0015390391851270561,-0.001541425866389575,-0.001542914472076963,-0.0015438381565762737,-0.001544408349869136,-0.0015447585019832686,-0.001544972391309555,-0.0015451023310569852,-0.0015451808088985217,-0.0015452278844734644,-0.0015452558622601345,-0.001545272223283905,-0.0015452814482743748,-0.0015452861352577502,-0.0015452876647406076,-0.0015452865672963294,-0.0015452826821367774,-0.0015452751487233555,-0.0015452622366183358,-0.001545240984441517,-0.0015452065808433208,-0.001545151371477342,-0.0015450633083683896,-0.001544923561399604,-0.001544702871363603,-0.0015443560218176685,-0.0015438135164434418,-0.0015429690482934109,-0.0015415908970263011
0.7699999999999946,-0.0013899078147490748,-0.0014451077993940199,-0.0014814022727866276,-0.0015048038560391496,-0.0015198042972145737,-0.0015293659956286698,-0.0015354279958778659,-0.0015392509746130613,-0.0015416494213180744,-0.001543146425380878,-0.0015440760126157575,-0.001544650299371747,-0.0015450032567680344,-0.0015452190480461574,-0.0015453502645164667,-0.0015454295912222104,-0.0015454772257017819,-0.0015455055673556078,-0.0015455221616314128,-0.0015455315321714887,-0.0015455363048694814,-0.0015455378774648938,-0.0015455367900190098,-0.001545532885282055,-0.001545525301213543,-0.0015455123010349578,-0.0015454909118716282,-0.0015454563048688816,-0.0015454008010938648,-0.0015453123196496074,-0.0015451719882449962,-0.0015449504964773683,-0.0015446025704340459,-0.0015440586578827724,-0.0015432124144796626,-0.0015418320404445667
0.7749999999999945,-0.0013898879285587922,-0.0014451288970067323,-0.0014814686743129387,-0.0015049122424911252,-0.001519948093202455,-0.001529537994494154,-0.0015356215954499145,-0.0015394606464640271,-0.0015418707846929216,-0.001543376138452653,-0.001544311597086897,-0.0015448899576070289,-0.0015452457081988954,-0.0015454633942243211,-0.0015455958832853785,-0.0015456760565899761,-0.0015457242488051768,-0.0015457529537996077,-0.0015457697811371662,-0.001545779297226178,-0.0015457841557178255,-0.0015457857715390883,-0.0015457846942254678,-0.0015457807700797546,-0.0015457731355746106,-0.0015457600476528651,-0.0015457385219827327,-0.0015457037123375612,-0.00154564791533685,-0.001545559017379458,-0.0015454181042915275,-0.0015451958148661837,-0.0015448468182217552,-0.001544301506786926,-0.001543453499412874,-0.0015420709179260455
0.7799999999999944,-0.0013898681347941687,-0.00144514956295165,-0.0014815341689515037,-0.0015050193328256223,-0.0015200902939331664,-0.0015297081781877502,-0.001535813223593284,-0.0015396682389387224,-0.0015420899959538987,-0.0015436036514975284,-0.0015445449506840314,-0.0015451273655586165,-0.0015454858974417581,-0.0015457054711282413,-0.0015458392286968297,-0.0015459202463663762,-0.0015459689951691795,-0.0015459980629880315,-0.001546015123202283,-0.0015460247848270501,-0.0015460297291878375,-0.0015460313883469523,-0.0015460303213020422,-0.0015460263779091812,-0.0015460186931886247,-0.001546005517831539,-0.0015459838561406622,-0.0015459488446085952,-0.0015458927555556828,-0.0015458034428818994,-0.00154566195082914,-0.0015454388677823335,-0.0015450888063743599,-0.0015445421042564842,-0.0015436923440480326,-0.001542307570248962
0.7849999999999943,-0.0013898484330819199,-0.0014451698067873512,-0.001481598774693744,-0.0015051251516144625,-0.0015202309289066814,-0.0015298765797689064,-0.0015360029158613061,-0.001539873789304277,-0.0015423070934896326,-0.0015438290036550444,-0.001544776113017266,-0.0015453625631278907,-0.0015457238645786501,-0.0015459453189410198,-0.0015460803409976195,-0.0015461622008263582,-0.0015462115050892127,-0.0015462409352040344,-0.0015462582281216483,-0.0015462680352705622,-0.001546273065573206,-0.0015462747681800823,-0.0015462737115370902,-0.001546269749050955,-0.001546262014335474,-0.0015462487518583324,-0.0015462269546245206,-0.0015461917419444,-0.0015461353620004556,-0.0015460456363917303,-0.0015459035680723172,-0.0015456796953931449,-0.0015453285749860665,-0.0015447804902957067,-0.001543928988272022,-0.001542542037113073
0.7899999999999942,-0.0013898288230092684,-0.0014451896378311405,-0.0014816625090499642,-0.0015052297227922536,-0.00152037002685584,-0.0015300432314402951,-0.0015361907068891431,-0.001540077333839787,-0.0015425221146911927,-0.001544052233033226,-0.001545005122655545,-0.001545595589181164,-0.0015459596486490348,-0.0015461829767940618,-0.0015463192593810847,-0.001546401959187878,-0.0015464518177949955,-0.0015464816097018664,-0.0015464991351335782,-0.0015465090877967065,-0.0015465142041151776,-0.0015465159502763848,-0.0015465149041635792,-0.0015465109227536821,-0.0015465031382488953,-0.0015464897889607343,-0.0015464678566560733,-0.0015464324435690616,-0.0015463757738744116,-0.001546285637095775,-0.0015461429951750443,-0.001545918336808603,-0.0015455661631044795,-0.0015450167038700328,-0.0015441634709111407,-0.0015427743571701865
0.794999999999994,-0.0013898093041789519,-0.0014452090651572212,-0.0014817253890724357,-0.001505333069690287,-0.001520507615796856,-0.0015302081645716906,-0.0015363766304016151,-0.0015402789078963626,-0.0015427350959977915,-0.001544273376764141,-0.0015452320171807966,-0.0015458264815744506,-0.0015461932876810395,-0.0015464184828207536,-0.0015465560220291657,-0.001546639559669149,-0.001546689971516471,-0.0015467201247017339,-0.0015467378824787236,-0.0015467479806480292,-0.0015467531830442756,-0.0015467549728675318,-0.0015467539374151458,-0.001546749937233739,-0.0015467421031506623,-0.0015467286673589225,-0.001546706600445518,-0.0015466709876806892,-0.0015466140293743642,-0.0015465234831668843,-0.0015463802702828087,-0.0015461548301323603,-0.001545801608779218,-0.0015452507829235686,-0.0015443958297988918,-0.001543004568073511
0.7999999999999939,-0.001389789876204514,-0.0014452280975964982,-0.001481787431392593,-0.0015054352150301645,-0.0015206437230072662,-0.0015303714097435995,-0.0015365607192824047,-0.0015404785459284106,-0.0015429460728982678,-0.0015444924710365565,-0.0015454568332173308,-0.0015460552772040609,-0.0015464248187197665,-0.0015466518741717808,-0.0015467906661474947,-0.0015468750395026412,-0.001546926003494905,-0.0015469565174670427,-0.0015469745074054922,-0.0015469847510639644,-0.0015469900396186645,-0.001546991873199733,-0.0015469908485291099,-0.0015469868297474075,-0.001546978946286277,-0.0015469654242904404,-0.0015469432232370064,-0.0015469074115105922,-0.0015468501657147859,-0.001546759211803496,-0.0015466154305684228,-0.0015463892124903253,-0.0015460349490757045,-0.001545482764439357,-0.001544626101788554,-0.001543232706499288
0.8049999999999938,-0.0013897705386716446,-0.0014452467437479615,-0.0014818486522131754,-0.001505536180972035,-0.0015207783750953528,-0.0015305329967631493,-0.0015367430055869301,-0.0015406762815132352,-0.0015431550799990125,-0.00154470955111924,-0.0015456796064531348,-0.0015462820120244324,-0.0015466542778988855,-0.0015468831870532284,-0.0015470232279985645,-0.0015471084349785158,-0.0015471599500473435,-0.0015471908243065264,-0.001547209046233836,-0.0015472194353729064,-0.001547224810135313,-0.0015472266875884773,-0.0015472256738304992,-0.001547221636586751,-0.0015472137039613107,-0.0015472000960566913,-0.00154717776132487,-0.0015471417513528015,-0.0015470842191686047,-0.001546992859267708,-0.0015468485122590119,-0.0015466215200820419,-0.001546266220120645,-0.0015457126844652305,-0.0015448543228034895,-0.0015434588081985835
0.8099999999999937,-0.001389751291193288,-0.0014452650120016744,-0.0014819090673303453,-0.0015056359891235872,-0.0015209115980043511,-0.0015306929547007045,-0.0015369235205625878,-0.0015408721473954962,-0.0015433621510401784,-0.0015449246513989854,-0.00154590037169741,-0.0015465067211023603,-0.0015468817004204473,-0.0015471124567830448,-0.0015472537429455768,-0.0015473397814880754,-0.0015473918465706094,-0.0015474230806293472,-0.0015474415343636977,-0.001547452068969612,-0.0015474575300163521,-0.001547459451437658,-0.0015474584487127651,-0.0015474543931617755,-0.001547446411569234,-0.00154743271805409,-0.001547410250094189,-0.0015473740425773644,-0.0015473162251124649,-0.0015472244609133572,-0.0015470795506834039,-0.001546851788191049,-0.0015464954571487357,-0.0015459405781385691,-0.0015450805278673693,-0.0015436829080181693
0.8149999999999936,-0.0013897321333716788,-0.0014452829105254944,-0.0014819686921482321,-0.0015057346605635044,-0.0015210434170492145,-0.0015308513119081653,-0.0015371022946908633,-0.00154106617551704,-0.0015435673189236178,-0.0015451378054113316,-0.001546119162888721,-0.0015467294386173008,-0.0015471071206440193,-0.0015473397177882384,-0.001547482245472311,-0.0015475691135362305,-0.0015476217275861123,-0.0015476533209602375,-0.0015476720063338995,-0.0015476826863940947,-0.00154768823378427,-0.0015476901992715559,-0.001547689207705187,-0.0015476851339940522,-0.001547677103639669,-0.0015476633248024127,-0.001547640724055692,-0.0015476043196983515,-0.001547546218045201,-0.0015474540512164091,-0.0015473085802946715,-0.0015470800512262532,-0.0015467226945080706,-0.0015461664797341522,-0.0015453047511214237,-0.0015439050399462366
0.8199999999999935,-0.0013897130648148058,-0.001445300447289605,-0.0014820275417084952,-0.001505832215856933,-0.001521173856909705,-0.0015310080960387559,-0.0015372793577145608,-0.0015412583970328508,-0.0015437706157586633,-0.001545349045879818,-0.00154633601313784,-0.0015469501979364475,-0.0015473305720644774,-0.001547565003665196,-0.0015477087692202316,-0.001547796464798152,-0.0015478496267714934,-0.0015478815789895844,-0.001547900495828967,-0.001547911321329232,-0.001547916955126803,-0.0015479189647762586,-0.0015479179844887188,-0.0015479138927658113,-0.0015479058138417779,-0.0015478919499801967,-0.0015478692168928816,-0.001547832616381811,-0.0015477742316158357,-0.0015476816638080933,-0.0015475356347055163,-0.0015473063427641242,-0.001546947965718039,-0.0015463904226723911,-0.0015455270258920295,-0.0015441252371231286
0.8249999999999934,-0.0013896940851082418,-0.0014453176300601661,-0.001482085630671141,-0.0015059286750617456,-0.0015213029416899124,-0.0015311633341036843,-0.0015374547386655152,-0.0015414488423444003,-0.0015439720728705605,-0.0015455584047326624,-0.0015465509547622645,-0.0015471690316103564,-0.0015475520873765517,-0.0015477883471936502,-0.0015479333470149873,-0.0015480218681249024,-0.001548075577000427,-0.0015481078875897451,-0.0015481270357223706,-0.0015481380066445654,-0.0015481437269080918,-0.0015481457808256547,-0.00154814481193091,-0.0015481407023383278,-0.0015481325750538073,-0.001548118626442571,-0.001548095761450979,-0.0015480589654742719,-0.0015480002986559664,-0.0015479073315197954,-0.001547760746708538,-0.0015475306955635496,-0.0015471713034699024,-0.0015466124395820174,-0.0015457473846711056,-0.001544343531893181
0.8299999999999933,-0.0013896751938656674,-0.0014453344664130195,-0.0014821429733478907,-0.0015060240577751463,-0.0015214306949124993,-0.0015313170524544149,-0.0015376284658620953,-0.0015416375411396671,-0.0015441717208310205,-0.0015457659131312325,-0.0015467640192921039,-0.00154738597140333,-0.001547771698494385,-0.0015480097803631907,-0.0015481560108974175,-0.0015482453555768975,-0.001548299610343868,-0.0015483322788357855,-0.0015483516580930155,-0.001548362774433842,-0.0015483685812223637,-0.0015483706794960366,-0.0015483697221119483,-0.0015483655948010928,-0.0015483574193344025,-0.0015483433862659478,-0.0015483203898045707,-0.0015482833990447906,-0.0015482244512275804,-0.0015481310863825306,-0.001547983948314996,-0.0015477531415917793,-0.0015473927396856342,-0.0015468325622888508,-0.0015459658591844882,-0.0015445599558083338
0.8349999999999932,-0.0013896563906847766,-0.001445350963744881,-0.0014821995837105341,-0.0015061183831309498,-0.0015215571395410517,-0.0015314692768137919,-0.0015378005669762686,-0.0015418245223878994,-0.001544369589505966,-0.0015459716014967005,-0.0015469752375178007,-0.001547601048333782,-0.0015479894365719841,-0.0015482293344102076,-0.0015483767921513493,-0.0015484669584621788,-0.001548521758124579,-0.0015485547840522005,-0.0015485743942728156,-0.0015485856560077075,-0.0015485915493846044,-0.0015485936921097716,-0.0015485927463525949,-0.0015485886014631187,-0.001548580378012377,-0.0015485662607635548,-0.001548543133265776,-0.001548505948385898,-0.001548446720625255,-0.001548352959676438,-0.0015482052707773922,-0.0015479737120570132,-0.0015476123055289,-0.0015470508218788928,-0.0015461824803948377,-0.0015447745396803105
0.8399999999999931,-0.0013896376751974973,-0.0014453671292643609,-0.0014822554754122439,-0.001506211669790026,-0.0015216822980249406,-0.001531620032321341,-0.0015379710690148827,-0.0015420098144004256,-0.0015445657080418041,-0.001546175499554784,-0.0015471846395113918,-0.001547814292688712,-0.0015482053320353506,-0.001548447039831588,-0.0015485957213165684,-0.0015486867073562652,-0.0015487420509179347,-0.0015487754338296374,-0.0015487952748436222,-0.0015488066819685522,-0.001548812661991825,-0.0015488148492546368,-0.0015488139152392377,-0.0015488097529145633,-0.001548801481669461,-0.0015487872805119364,-0.0015487640224009964,-0.0015487266440713029,-0.0015486671373944958,-0.0015485729819396652,-0.0015484247446114045,-0.0015481924374551577,-0.0015478300314140465,-0.0015472672486955012,-0.0015463972785390888,-0.0015449873135829724
0.844999999999993,-0.0013896190469521123,-0.0014453829700113632,-0.0014823106617686303,-0.00150630393601633,-0.001521806192260897,-0.0015317693435311468,-0.0015381399983885632,-0.0015421934448102896,-0.0015447601049207544,-0.0015463776363173604,-0.0015473922546369594,-0.001548025734060091,-0.0015484194145869283,-0.0015486629264293223,-0.001548812828231516,-0.0015489046321118078,-0.0015489605186091398,-0.0015489942580467898,-0.001549014329695841,-0.0015490258821843157,-0.0015490319489116354,-0.001549034180806221,-0.0015490332586414737,-0.0015490290790234524,-0.0015490207601696958,-0.0015490064753862509,-0.001548983087081295,-0.0015489455159564743,-0.0015488857313890748,-0.001548791183002861,-0.0015486423996277964,-0.0015484093475452059,-0.0015480459470673784,-0.0015474818723827885,-0.001546610283146005,-0.0015451983068918182
0.8499999999999929,-0.0013896005056086493,-0.0014453984928630844,-0.0014823651557932637,-0.0015063951996291554,-0.0015219288436722125,-0.0015319172344247368,-0.0015383073808673288,-0.0015423754406430359,-0.00154495280797358,-0.0015465780401439889,-0.0015475981115903323,-0.0015482354013462102,-0.0015486317132739512,-0.001548877023311232,-0.0015490281420488937,-0.0015491207619054382,-0.001549177190366715,-0.0015492112858955028,-0.0015492315880092644,-0.0015492432858513056,-0.0015492494393346274,-0.001549251715959011,-0.0015492508057548344,-0.001549246608973989,-0.001549238242702378,-0.001549223874560172,-0.0015492003564863352,-0.001549162593216559,-0.0015491025317774722,-0.0015490075920141537,-0.0015488582649517545,-0.001548624471421303,-0.001548260081526558,-0.0015476947218882636,-0.0015468215230672233,-0.0015454075482991168
0.8549999999999928,-0.0013895820507399917,-0.0014454137045189631,-0.0014824189702176813,-0.001506485478057659,-0.0015220502731824173,-0.0015320637284562614,-0.0015384732416638862,-0.0015425558282848519,-0.0015451438443870704,-0.0015467767387477135,-0.0015478022384170227,-0.0015484433227959627,-0.0015488422564637614,-0.0015490893589128671,-0.0015492416912596,-0.0015493351252427042,-0.0015493920947241575,-0.0015494265458905947,-0.0015494470783154817,-0.0015494589214926542,-0.0015494651617921048,-0.0015494674832279003,-0.0015494665851024866,-0.001549462371295294,-0.001549453957788767,-0.0015494395065567576,-0.0015494158591222867,-0.0015493779043543913,-0.0015493175670494809,-0.0015492222374590343,-0.0015490723690407518,-0.001548837837507109,-0.0015484724631531037,-0.0015479058255160323,-0.0015470310264918163,-0.0015456150658485403
0.8599999999999927,-0.00138956368196313,-0.0014454286115370006,-0.001482472117463714,-0.0015065747883244423,-0.0015221705012551268,-0.0015322088485388156,-0.001538637605408245,-0.00154273463354684,-0.0015453332407527288,-0.001546973759217438,-0.001548004662524453,-0.0015486495260184383,-0.0015490510718847257,-0.0015492999610445988,-0.0015494535037038942,-0.0015495477499954493,-0.0015496052595483567,-0.001549640065923221,-0.0015496608284984756,-0.0015496728169992827,-0.0015496791441642445,-0.0015496815105073168,-0.001549680624556887,-0.0015496763938678965,-0.0015496679333036763,-0.0015496533992482614,-0.0015496296228623575,-0.0015495914772416385,-0.0015495308650620336,-0.0015494351471757421,-0.0015492847397044788,-0.0015490494735910165,-0.0015486831196850092,-0.0015481152109177658,-0.0015472388209701114,-0.0015458208869355782
0.8649999999999926,-0.0013895453988854477,-0.0014454432203293817,-0.0014825246096770084,-0.0015066631470860015,-0.0015222895478956583,-0.0015323526170958654,-0.001538800496195478,-0.0015429118816657156,-0.0015455210230505307,-0.0015471691280362757,-0.0015482054107098402,-0.0015488540380143865,-0.0015492581866595378,-0.001549508856885193,-0.0015496636065991539,-0.001549758663406512,-0.0015498167121047923,-0.0015498518732479543,-0.0015498728658162974,-0.0015498849996258674,-0.0015498914137157037,-0.0015498938250404274,-0.0015498929513831493,-0.0015498887039395253,-0.0015498801964993613,-0.001549865579892186,-0.001549841674957291,-0.0015498033391187689,-0.0015497424530508458,-0.0015496463483829256,-0.0015494954041472134,-0.0015492594068190677,-0.0015488920782267565,-0.0015483229051346731,-0.0015474449334295058,-0.0015460250383471693
0.8699999999999924,-0.0013895272011150504,-0.0014454575371388276,-0.0014825764587452328,-0.0015067505706228637,-0.001522407432657999,-0.0015324950560313712,-0.0015389619375874998,-0.001543087597303581,-0.0015457072167057919,-0.0015473628711020033,-0.001548404509189178,-0.0015490568851761516,-0.0015494636272871773,-0.0015497160730270133,-0.0015498720265759128,-0.0015499678921140907,-0.0015500264790357175,-0.0015500619945282013,-0.0015500832169316335,-0.0015500954960335723,-0.001550101997091994,-0.001550104453499171,-0.0015501035922351042,-0.0015500993281673118,-0.001550090774033,-0.0015500760751285467,-0.0015500520420530495,-0.001550013516620176,-0.0015499523576460973,-0.0015498558676952058,-0.0015497043889621822,-0.00154946766376075,-0.0015490993652925084,-0.0015485289345963287,-0.0015476493902107286,-0.0015462275462704326
0.8749999999999923,-0.001389509088266589,-0.001445471568077229,-0.001482627676275576,-0.0015068370748640802,-0.001522524174687261,-0.0015326361867914271,-0.0015391219526273909,-0.0015432618046093245,-0.0015458918465711372,-0.0015475550137489798,-0.001548601983584958,-0.0015492580933266233,-0.0015496674197142148,-0.0015499216354592272,-0.0015500787896647998,-0.001550175462181564,-0.0015502345864150742,-0.0015502704558334505,-0.0015502919079129244,-0.0015503043322915926,-0.001550310920384312,-0.0015503134219448287,-0.0015503125731807196,-0.0015503082926244655,-0.0015502996919758585,-0.0015502849110340343,-0.0015502607502159446,-0.0015502220358067616,-0.0015501606048918583,-0.001550063731155069,-0.0015499117201569338,-0.0015496742703927332,-0.001549305006810748,-0.0015487333251681286,-0.0015478522170638016,-0.0015464284363173044
0.8799999999999922,-0.0013894910599331115,-0.0014454853191101537,-0.0014826782736310207,-0.0015069226753880874,-0.0015226397927026705,-0.001532776030355186,-0.0015392805638604682,-0.0015434345271906845,-0.001546074936979163,-0.0015477455807616043,-0.0015487978589776013,-0.0015494576877215606,-0.0015498695893062587,-0.001550125569621085,-0.001550283921342664,-0.0015503813990995563,-0.0015504410597435893,-0.0015504772826640475,-0.0015504989642738834,-0.0015505115339154048,-0.0015505182090839473,-0.0015505207558896914,-0.0015505199197342694,-0.0015505156228120922,-0.0015505069758247972,-0.0015504921130979716,-0.0015504678249337676,-0.0015504289221701315,-0.0015503672202780905,-0.0015502699642157224,-0.00155011742318701,-0.0015498792521263553,-0.0015495090281479774,-0.001548936102138216,-0.0015480534391836328,-0.0015466277335481858
0.8849999999999921,-0.0013894731157536343,-0.001445498796092647,-0.0014827282619261728,-0.0015070073874359111,-0.0015227543050286769,-0.0015329146072452686,-0.0015394377933488446,-0.0015436057881620267,-0.0015462565117286007,-0.0015479345963922235,-0.001548992159904688,-0.0015496556930787138,-0.0015500701608867676,-0.0015503279004028222,-0.0015504874465300821,-0.0015505857278065617,-0.001550645923977644,-0.0015506824999903363,-0.0015507044109723924,-0.001550717125860636,-0.001550723888163365,-0.0015507264802914356,-0.0015507256568452245,-0.0015507213436917375,-0.0015507126505298005,-0.001550697706287259,-0.001550673291161034,-0.001550634200653526,-0.0015505722287288792,-0.0015504745918056622,-0.001550321522943573,-0.0015500826338328264,-0.0015497114541191035,-0.0015491372902601767,-0.0015482530812273754,-0.0015468254624544878
0.889999999999992,-0.0013894552553067319,-0.001445512004712561,-0.0014827776520279564,-0.0015070912259364138,-0.001522867729586284,-0.0015330519375594477,-0.0015395936626910016,-0.0015437756101321389,-0.0015464365941142081,-0.001548122084379126,-0.0015491849103870215,-0.0015498521335889938,-0.0015502691587523402,-0.0015505286521609,-0.0015506893896191755,-0.001550788472723894,-0.001550849203531801,-0.0015508861322297309,-0.0015509082724422724,-0.0015509211325582585,-0.001550927982043958,-0.0015509306195724052,-0.0015509298089415712,-0.001550925479683121,-0.0015509167405234135,-0.0015509017150122644,-0.0015508771733119971,-0.0015508378956646392,-0.0015507756546533828,-0.0015506776383164898,-0.0015505240437950819,-0.0015502844398525137,-0.001549912309010204,-0.00154933691374702,-0.001548451167307661,-0.001547021647038349
0.8949999999999919,-0.0013894374782331671,-0.0014455249505625413,-0.0014828264545839497,-0.0015071742054765544,-0.0015229800839411391,-0.0015331880409606964,-0.0015397481930355917,-0.001543944015250172,-0.0015466152069418258,-0.0015483080679553373,-0.0015493761339282317,-0.0015500470329361921,-0.001550466606688919,-0.0015507278487379178,-0.0015508897744981893,-0.0015509896577434758,-0.0015510509223216156,-0.0015510882032954618,-0.0015511105725850524,-0.001551123577917096,-0.0015511305146313481,-0.0015511331976506438,-0.0015511323999327614,-0.001551128054695457,-0.0015511192697096109,-0.0015511041631761056,-0.0015510794952908011,-0.0015510400311069272,-0.0015509775219428312,-0.0015508791276207818,-0.0015507250095937901,-0.001550484693999015,-0.0015501116166030688,-0.0015495349962986724,-0.0015486477210414722,-0.0015472163107704056
0.8999999999999918,-0.0013894197841307755,-0.0014455376391013435,-0.0014828746799969415,-0.0015072563403672132,-0.001523091385266685,-0.0015333229367108596,-0.00153990140507311,-0.0015441110251898321,-0.0015467923725390046,-0.001548492569874042,-0.0015495658535549723,-0.0015502404143047793,-0.001550662527979936,-0.0015509255134784153,-0.0015510886245346574,-0.001551189306268982,-0.001551251103751326,-0.0015512887366000148,-0.0015513113348180803,-0.0015513244853557853,-0.001551331509347878,-0.001551334237933163,-0.0015513334532280614,-0.001551329092139557,-0.0015513202614963906,-0.0015513050741905192,-0.0015512802805018532,-0.0015512406303709006,-0.0015511778539779608,-0.0015510790830940676,-0.0015509244436981238,-0.0015506834195921015,-0.0015503094001730533,-0.0015497315611434955,-0.001548842765538864,-0.0015474094766288792
0.9049999999999917,-0.0013894021726260529,-0.0014455500756593044,-0.0014829223384728635,-0.0015073376445960927,-0.0015232016504018566,-0.001533456643661132,-0.0015400533190813536,-0.0015442766611892293,-0.001546968112773803,-0.0015486756124131406,-0.0015497540918018458,-0.0015504323003946404,-0.0015508569454265558,-0.0015511216692499763,-0.0015512859626312962,-0.001551387441203868,-0.0015514497707409646,-0.0015514877550718996,-0.0015515105820710774,-0.0015515238777927905,-0.0015515309891111395,-0.0015515337633464172,-0.0015515329917544318,-0.001551528614933956,-0.001551519738806208,-0.0015515044709680128,-0.00155147955185819,-0.0015514397163743537,-0.0015513766736667627,-0.0015512775276222198,-0.0015511223689769144,-0.0015508806394795706,-0.001550505682508326,-0.0015499266309936968,-0.001549036323433745,-0.0015476011671133982
0.9099999999999916,-0.0013893846433187856,-0.0014455622654571327,-0.0014829694399779356,-0.0015074181318777374,-0.0015233108958262857,-0.0015335891803014933,-0.0015402039549150585,-0.0015444409440401043,-0.001547142449065277,-0.0015488572173936298,-0.001549940870751557,-0.0015506227134458104,-0.001551049881369684,-0.0015513163384386066,-0.001551481811207333,-0.0015515840849916027,-0.0015516469457386973,-0.0015516852811588665,-0.0015517083367934913,-0.001551721777684727,-0.001551728976384976,-0.0015517317963428042,-0.0015517310379594862,-0.0015517266455355961,-0.0015517177240837849,-0.0015517023759622191,-0.001551677331800632,-0.0015516373115485756,-0.001551574003437527,-0.0015514744836272207,-0.001551318807831625,-0.0015510763760246164,-0.0015507004859318496,-0.0015501202281158074,-0.0015492284168934238,-0.0015477914042588874
0.9149999999999915,-0.0013893671958603365,-0.001445574213609818,-0.001483015994291099,-0.0015074978156325064,-0.0015234191376845671,-0.0015337205647135053,-0.0015403533320323664,-0.0015446038941159808,-0.0015473154023930187,-0.0015490374061974638,-0.0015501262120316257,-0.0015508116752445658,-0.0015512413576852162,-0.0015515095429820191,-0.001551676192229913,-0.0015517792596200252,-0.0015518426507422787,-0.001551881336850902,-0.0015519046209852422,-0.0015519182070330747,-0.0015519254931548694,-0.0015519283589193618,-0.0015519276138423834,-0.0015519232059305363,-0.0015519142393263154,-0.0015518988111632801,-0.0015518736423247356,-0.0015518334378801638,-0.0015517698652648575,-0.0015516699730731506,-0.0015515137821981073,-0.001551270651146918,-0.0015508938323139303,-0.0015503123742990467,-0.0015494190676334848,-0.0015479802096527724
0.9199999999999914,-0.0013893498298308468,-0.001445585925109626,-0.0014830620109763278,-0.001507576709017997,-0.00152352639180447,-0.001533850814633591,-0.0015405014694921282,-0.0015447655313743371,-0.0015474869933231195,-0.0015492161997642199,-0.0015503101368357862,-0.0015509992071339829,-0.0015514313958052562,-0.0015517013043701597,-0.0015518691272193284,-0.0015519729866171797,-0.0015520369072950521,-0.001552075943710741,-0.001552099456201671,-0.00155211318738734,-0.0015521205609833066,-0.0015521234726266556,-0.001552122740952433,-0.0015521183176783842,-0.0015521093060780861,-0.001552093798114038,-0.001552068504963737,-0.0015520281169031363,-0.0015519642806831667,-0.001551864017467876,-0.0015517073135785735,-0.0015514634863025478,-0.0015510857430754371,-0.0015505030909173628,-0.0015496082969172628,-0.0015481676044354453
0.9249999999999913,-0.0013893325448724476,-0.001445597404857869,-0.0014831074994113363,-0.0015076548249208985,-0.001523632673686273,-0.0015339799474435977,-0.0015406483859674788,-0.001544925875387228,-0.0015476572419913148,-0.00154939361862834,-0.001550492665928689,-0.0015511853300311526,-0.0015516200167456555,-0.0015518916436591459,-0.00155206063727545,-0.0015521652871019031,-0.001552229736510042,-0.0015522691228582071,-0.0015522928635555197,-0.0015523067398706622,-0.0015523142009818318,-0.0015523171585882245,-0.001552316440405678,-0.0015523120018902073,-0.0015523029454568354,-0.0015522873579302393,-0.0015522619408364978,-0.0015522213697325247,-0.0015521572707792237,-0.0015520566379082549,-0.001551899423030951,-0.0015516549025353875,-0.0015512762392165499,-0.0015506923988991826,-0.0015497961255921593,-0.0015483536093301724
0.9299999999999912,-0.0013893153405957724,-0.0014456086576374835,-0.0014831524687790908,-0.001507732175964459,-0.001523737998518953,-0.0015341079801700582,-0.001540794099774588,-0.001545084945324738,-0.001547826168158133,-0.0015495696829083787,-0.001550673819673521,-0.0015513700644419228,-0.001551807241091248,-0.0015520805814947425,-0.0015522507430552465,-0.0015523561817582792,-0.0015524211590852528,-0.001552460894983749,-0.001552484863754412,-0.0015524988851750884,-0.0015525064338550625,-0.001552509437493586,-0.0015525087329055854,-0.0015525042792640515,-0.0015524951781621418,-0.001552479511305477,-0.0015524539706321383,-0.001552413217043237,-0.0015523488562461062,-0.0015522478550502503,-0.0015520901312142757,-0.001551844920464879,-0.0015514653413153088,-0.0015508803187541228,-0.0015499825740789273,-0.0015485382446329473
0.9349999999999911,-0.0013892982166345772,-0.0014456196881336278,-0.0014831969280735807,-0.0015078087745334092,-0.0015238423811990607,-0.0015342349295100043,-0.0015409386288613186,-0.0015452427599852805,-0.0015479937911774611,-0.001549744412325162,-0.0015508536180132285,-0.0015515534304543703,-0.001551993089029919,-0.001552268138116118,-0.00155243946483093,-0.0015525456908668822,-0.0015526111953079065,-0.0015526512803836826,-0.0015526754770863241,-0.001552689643604681,-0.0015526972798912103,-0.0015527003296394917,-0.001552699638739532,-0.0015526951700884158,-0.0015526860244745558,-0.001552670278531119,-0.0015526446146327364,-0.0015526036791204021,-0.0015525390573461163,-0.0015524376891642,-0.001552279458365245,-0.0015520335603012776,-0.001551653069533168,-0.0015510668705965892,-0.0015501676624113875,-0.0015487215302531388
0.939999999999991,-0.0013892811726192718,-0.0014456305009397773,-0.0014832408861155573,-0.0015078846327522908,-0.0015239458363220395,-0.001534360811832298,-0.0015410819908283334,-0.0015453993377934749,-0.0015481601300337993,-0.0015499178262196713,-0.0015510320805200016,-0.0015517354477853176,-0.0015521775803420744,-0.0015524543333596138,-0.0015526268224733532,-0.0015527338343033364,-0.001552799865070743,-0.001552840298944378,-0.001552864723446136,-0.0015528790350478694,-0.0015528867589902622,-0.0015528898549171664,-0.0015528891778033894,-0.0015528846942577973,-0.0015528755042907077,-0.0015528596794882018,-0.0015528338927206598,-0.0015527927758497454,-0.001552727893949794,-0.0015526261601050855,-0.0015524674243274472,-0.0015522208418599867,-0.001551839443644956,-0.0015512520741339404,-0.0015503514102108826,-0.0015489034856884638
0.9449999999999908,-0.001389264208152652,-0.0014456411005525033,-0.0014832843515364383,-0.001507959762517938,-0.001524048378209268,-0.0015344856431846862,-0.001541224202923121,-0.0015455546968324598,-0.0015483252033363963,-0.0015500899435526435,-0.001551209226374359,-0.0015519161357492781,-0.0015523607344449667,-0.0015526391866764432,-0.0015528128354581495,-0.001552920631574485,-0.0015529871878735117,-0.001553027970180121,-0.0015530526223457494,-0.0015530670790142886,-0.001553074890656118,-0.0015530780328367635,-0.0015530773695987738,-0.0015530728712739041,-0.0015530636371129509,-0.0015530477336844208,-0.0015530218244035404,-0.0015529805267184764,-0.0015529153855542313,-0.0015528132873510634,-0.001552654048554228,-0.0015524067845727298,-0.00155202448304078,-0.001551435948702736,-0.001550533836720294,-0.001549084130071692
0.9499999999999907,-0.001389247322877994,-0.0014456514913642044,-0.001483327332808184,-0.0015080341754958627,-0.0015241500208994499,-0.0015346094393118596,-0.0015413652820746228,-0.0015457088548212782,-0.001548489029344143,-0.0015502607829234187,-0.0015513850744022486,-0.0015520955133041757,-0.0015525425703650534,-0.001552822717149992,-0.0015529975228960684,-0.001553106101796725,-0.0015531731828475144,-0.0015532143132258969,-0.0015532391929187527,-0.0015532537946363893,-0.001553261694022862,-0.0015532648825335197,-0.0015532642332596728,-0.0015532597202752869,-0.0015532504420729726,-0.0015532344602451015,-0.0015532084288028595,-0.0015531669508494416,-0.0015531015512673676,-0.001552999090001714,-0.0015528393501383338,-0.00155259140749733,-0.0015522082067425185,-0.0015516185132527038,-0.001550714960819379,-0.0015492634821656407
0.9549999999999906,-0.0013892305164125481,-0.001445661677694329,-0.0014833698382245495,-0.001508107883108494,-0.0015242507781559327,-0.0015347322156504851,-0.0015415052448899502,-0.0015458618291447858,-0.0015486516259590284,-0.001550430362577463,-0.0015515596430478932,-0.0015522735990323255,-0.0015527231067727714,-0.001553004943493901,-0.001553180903522924,-0.00155329026372206,-0.0015533578687558132,-0.001553399346845822,-0.0015534244539243756,-0.001553439200682942,-0.0015534471878626513,-0.0015534504227667897,-0.0015534497875503495,-0.0015534452600247373,-0.001553435937934786,-0.001553419877930949,-0.001553393724674098,-0.0015533520669959618,-0.0015532864098401452,-0.0015531835867933592,-0.0015530233477938139,-0.0015527747293212347,-0.0015523906333926773,-0.0015517997863755979,-0.0015508948010196548,-0.0015494415603602165
0.9599999999999905,-0.0013892137884194571,-0.0014456716637572672,-0.0014834118759396637,-0.001508180896576824,-0.0015243506634893896,-0.0015348539873550452,-0.0015416441076446469,-0.0015460136368684826,-0.0015488130107567037,-0.0015505987004094525,-0.0015517329504268684,-0.001552450411162743,-0.0015529023619798633,-0.001553185884065132,-0.001553362995731958,-0.0015534731357569596,-0.0015535412640062687,-0.0015535830894439478,-0.001553608423788204,-0.0015536233155654328,-0.001553631390575242,-0.0015536346719562388,-0.0015536340508804816,-0.0015536295089195315,-0.0015536201431054614,-0.0015536040051485726,-0.0015535777304251505,-0.0015535358935615236,-0.001553469979662304,-0.0015533667961057861,-0.0015532060598780195,-0.0015529567683868662,-0.0015525717812946596,-0.0015519797863161686,-0.0015510733754728512,-0.0015496183827062306
0.9649999999999904,-0.0013891971384796804,-0.0014456814536931404,-0.0014834534539125584,-0.0015082532269065812,-0.0015244496901445203,-0.0015349747692745602,-0.0015417818863255402,-0.0015461642947252406,-0.0015489732009683168,-0.0015507658139877736,-0.001551905014299041,-0.0015526259676063969,-0.0015530803539572993,-0.001553365556884414,-0.0015535438175544713,-0.001553654735954314,-0.0015537233866558281,-0.0015537655590922776,-0.0015537911205661637,-0.0015538061573464289,-0.0015538143202309532,-0.0015538176481552234,-0.0015538170413178349,-0.0015538124850384275,-0.0015538030756416508,-0.00155378685996159,-0.0015537604641118635,-0.0015537184485939477,-0.001553652278773554,-0.0015535487359773486,-0.0015533875044103599,-0.0015531375426782784,-0.0015527516683928803,-0.0015521585309689384,-0.0015512507020083754,-0.0015497939668963235
0.9699999999999903,-0.0013891805662468281,-0.0014456910515466639,-0.0014834945799854682,-0.0015083248848783088,-0.0015245478711184797,-0.0015350945759921974,-0.0015419185966099025,-0.0015463138191366126,-0.0015491322135137541,-0.0015509317205360633,-0.001552075852101529,-0.0015528002859130482,-0.0015532571003398334,-0.0015535439796249613,-0.0015537233867021106,-0.0015538350820287292,-0.001553904254432894,-0.0015539467735129755,-0.0015539725619860157,-0.0015539877437566352,-0.0015539959945575033,-0.001553999369096081,-0.0015539987765843884,-0.0015539942060940315,-0.0015539847532706405,-0.0015539684600892395,-0.001553941943454599,-0.0015538997498037983,-0.0015538333248893313,-0.0015537294241040277,-0.00155356769907649,-0.0015533170698520417,-0.0015529303123085834,-0.0015523360378945116,-0.001551426798092957,-0.0015499683303185992
0.9749999999999902,-0.0013891640713664163,-0.001445700461291885,-0.0014835352618211165,-0.001508395881084416,-0.0015246452191735524,-0.0015352134218267666,-0.001542054253890533,-0.001546462226227752,-0.001549290064988515,-0.0015510964369768452,-0.0015522454809519756,-0.0015529733833131022,-0.0015534326184345314,-0.00155372116964411,-0.001553901720545288,-0.0015540141913669497,-0.0015540838847287433,-0.0015541267501049485,-0.0015541527654403093,-0.0015541680921907764,-0.0015541764309566818,-0.0015541798521761718,-0.001554179274077295,-0.0015541746894834308,-0.0015541651933906778,-0.001554148822920629,-0.0015541221858386338,-0.0015540798145899021,-0.0015540131353907129,-0.0015539088778528485,-0.0015537466612198687,-0.0015534953672323173,-0.001553107730334798,-0.0015525123243218582,-0.0015516016808911305,-0.0015501414900056995
0.9799999999999901,-0.0013891476534624615,-0.0014457096868165742,-0.0014835755069553295,-0.0015084662259081914,-0.0015247417468258495,-0.0015353313208146433,-0.0015421888732670564,-0.0015466095318147938,-0.0015494467717006705,-0.0015512599799079427,-0.0015524139176433956,-0.0015531452767230415,-0.0015536069252262681,-0.0015538971439605818,-0.0015540788361432234,-0.0015541920810388042,-0.0015542622946201688,-0.001554305505941908,-0.001554331748016235,-0.0015543472197345849,-0.0015543556464940986,-0.0015543591144683737,-0.0015543585508685856,-0.001554353952290253,-0.0015543444130658322,-0.001554327965535179,-0.001554301208340522,-0.001554258660004862,-0.0015541917273306615,-0.0015540871142651208,-0.001553924407879273,-0.0015536724518305904,-0.0015532839394272982,-0.0015526874071689373,-0.0015517753672386935,-0.0015503134626912195
0.98499999999999,-0.0013891313121769818,-0.0014457187319375504,-0.0014836153227609145,-0.0015085359295457887,-0.0015248374663623158,-0.0015354482867480424,-0.0015423224695719263,-0.0015467557514302912,-0.0015496023496414139,-0.0015514223656278403,-0.0015525811786564014,-0.0015533159827535751,-0.0015537800373981777,-0.0015540719193062465,-0.0015542547502340534,-0.0015543687677984927,-0.0015544395008627887,-0.0015544830577925257,-0.0015545095264780922,-0.001554525143140873,-0.0015545336579477873,-0.0015545371727407125,-0.0015545366237254893,-0.001554532011272416,-0.0015545224290654015,-0.0015545059046889673,-0.001554479027711131,-0.0015544363028118524,-0.0015543691174507047,-0.0015542641500895093,-0.0015541009557732816,-0.0015538483403308722,-0.0015534589562526458,-0.0015528613030393573,-0.0015519478736652466,-0.0015504842648048495
0.9899999999999899,-0.001389115047130936,-0.0014457276003826793,-0.0014836547164855485,-0.0015086050020015626,-0.001524932389844336,-0.0015355643331638395,-0.0015424550573630122,-0.0015469009003353865,-0.0015497568145163378,-0.0015515836101435258,-0.0015527472801914878,-0.0015534855177115417,-0.0015539519713232068,-0.0015542455120845287,-0.0015544294792533106,-0.0015545442680908804,-0.0015546155199193947,-0.0015546594221092927,-0.0015546861172768514,-0.0015547018788822824,-0.001554710481764123,-0.001554714043455279,-0.0015547135091106591,-0.0015547088828810108,-0.0015546992578492293,-0.001554682656835865,-0.0015546556604096368,-0.0015546127594541438,-0.0015545453222057884,-0.00155444000175237,-0.0015542763213177732,-0.00155402304913465,-0.0015536327971614518,-0.0015530340282317809,-0.0015521192163951037,-0.0015506539124656273
0.9949999999999898,-0.0013890988579858122,-0.001445736295815276,-0.0014836936952444932,-0.0015086734530902984,-0.0015250265291129027,-0.0015356794733429608,-0.0015425866509386728,-0.0015470449934946065,-0.001549910181747687,-0.0015517437291736088,-0.0015529122381409428,-0.0015536538976056939,-0.0015541227430727203,-0.0015544179384256633,-0.001554603039348222,-0.0015547185980766317,-0.0015547903679463207,-0.001554834615062094,-0.0015548615365887728,-0.001554877443109785,-0.0015548861341200964,-0.0015548897427699899,-0.0015548892231749174,-0.0015548845832858928,-0.0015548749155693045,-0.0015548582381383173,-0.0015548311225845653,-0.0015547880460874837,-0.0015547203577351797,-0.0015546146853871387,-0.001554450520631797,-0.001554196594338695,-0.0015538054782122531,-0.0015532055987578551,-0.00155228941136883,-0.0015508224214982388
0.9999999999999897,-0.0013890827443772743,-0.0014457448218359941,-0.001483732265997476,-0.0015087412924537072,-0.0015251198957894159,-0.0015357937203466059,-0.0015427172643281775,-0.0015471880456190495,-0.0015500624664919794,-0.0015519027381410077,-0.0015530760681203625,-0.0015538211381594341,-0.0015542923684494492,-0.0015545892141512897,-0.0015547754463605486,-0.0015548917736257044,-0.001554964060810657,-0.0015550086525176758,-0.0015550358002790674,-0.001555051851709236,-0.0015550606308803664,-0.0015550642865565754,-0.0015550637818083702,-0.001555059128360423,-0.0015550494180999535,-0.001555032664461317,-0.0015550054301050162,-0.00155496217856924,-0.0015548942398931269,-0.0015547882168415847,-0.0015546235695404072,-0.0015543689917412234,-0.001553977015184935,-0.0015533760303327463,-0.0015524584742242441,-0.0015509898074551117
1.0049999999999897,26.730610331547204,7.783058322366843,2.2499112036808517,0.6496955830202127,0.18685341433353095,0.05296386133937532,0.014226235218010672,0.0030158423255669245,-0.00022959938707051522,-0.001169822791017956,-0.0014425917154403801,-0.0015219544811061537,-0.0015451862140917448,-0.0015520737099168405,-0.001554168952031859,-0.0015548385447374034,-0.0015550713627335937,-0.001555162647015373,-0.0015552034472083739,-0.001555223533328895,-0.0015552335277607921,-0.0015552375571214097,-0.0015552371619527638,-0.0015552325224884626,-0.001555222777779966,-0.0015552059504532524,-0.0015551785982868948,-0.001555135172400662,-0.0015550669842370514,-0.0015549606116714706,-0.0015547954835920922,-0.0015545402568742535,-0.0015541474235564348,-0.0015535453383923095,-0.001552626420337299,-0.0015511560856028594
1.0099999999999896,-1.5927159909949768,4.241166080095608,2.0245518362603976,0.8125856437446151,0.2997995338574697,0.10466630398484907,0.034687298374866116,0.010527707879998505,0.0024044818029366304,-0.00027440234741174367,-0.0011449939089138482,-0.0014247728177439827,-0.0015139433533302102,-0.0015422140156192243,-0.0015511646415317527,-0.0015540118339008313,-0.0015549311767784478,-0.0015552375914471956,-0.0015553454941286224,-0.0015553864485704947,-0.001555402926257531,-0.0015554089690026317,-0.0015554091914231746,-0.0015554047227593886,-0.0015553949919250788,-0.0015553781058738894,-0.001555350640733914,-0.001555307042368778,-0.0015552386058963208,-0.0015551318851207952,-0.0015549662780493145,-0.0015547104049745812,-0.0015543167185485761,-0.0015537135381098015,-0.0015527932647934283,-0.0015513212709308646
1.0149999999999895,-31.207505595143925,1.9921527653656046,1.4856488052032113,0.7486029198302436,0.3302544821747687,0.13423901250767972,0.05116541550398652,0.018142101114563023,0.005591826800558182,0.0009790471183934628,-0.000673078240236625,-0.0012527919847764295,-0.0014528784548259405,-0.0015210304332395285,-0.0015440082847836298,-0.001551702204657447,-0.0015542718531276318,-0.0015551333679553999,-0.0015554260797560385,-0.0015555280381569802,-0.0015555645112264713,-0.0015555770674753268,-0.0015555793924097586,-0.0015555755806301213,-0.0015555660217578177,-0.0015555491282085645,-0.0015555215667886933,-0.0015554778016741942,-0.0015554091193178165,-0.00155530205201541,-0.0015551359678548464,-0.001554879451009175,-0.001554484915092881,-0.001553880644370664,-0.0015529590224231786,-0.0015514853781776186
1.0199999999999894,-51.67623877235801,0.320692616547378,1.1166793493425322,0.6532684972324662,0.32466429544880837,0.1470489522797771,0.06206938297254831,0.02444986495344662,0.00869504289202324,0.0023688244476949647,-8.865663816270551e-05,-0.0010180706301971178,-0.0013619124652003915,-0.001486809301592366,-0.0015314913190050041,-0.0015472794822310929,-0.0015528056237105927,-0.0015547283750902093,-0.001555396428788746,-0.0015556294701812375,-0.0015557112257984559,-0.0015557392746415673,-0.0015557468469973806,-0.0015557447806574878,-0.0015557357667090892,-0.001555718992402386,-0.0015556913776145003,-0.0015556474604788545,-0.001555578537719494,-0.0015554711266027557,-0.0015553045675808942,-0.001555047409633091,-0.0015546520278624037,-0.0015540466718085937,-0.001553123707795964,-0.0015516484218035859
1.0249999999999893,-36.248927944713984,0.045065341249695745,1.414639651486603,0.7352000895138381,0.35577556008059197,0.16454266136867518,0.0726148147407301,0.03036835978167028,0.011743723853124102,0.003829064787926422,0.0005711348208728988,-0.0007335953366421002,-0.00124387452665627,-0.0014393986437128846,-0.001513003254682765,-0.0015402931989351892,-0.0015502822589397512,-0.0015539009113747055,-0.0015552019328716922,-0.0015556675657360606,-0.0015558336321744631,-0.001555891873933985,-0.0015559101344207783,-0.0015559117968837472,-0.0015559040414070717,-0.0015558876401814085,-0.0015558600615806196,-0.0015558160240099527,-0.001555746872345523,-0.0015556391222388514,-0.0015554720913111338,-0.0015552142951904234,-0.0015548180712451362,-0.0015542116347884375,-0.0015532873352156944,-0.0015518104160336917
1.0299999999999891,-34.65798847215612,-4.4493555425843985,1.4205571279102385,0.8045138917795092,0.3943727206520811,0.1852305551825344,0.08389289457803471,0.03641891644242504,0.014864424248959701,0.005365694537248549,0.0012945123375917972,-0.00040661235986251673,-0.0011012772810359993,-0.0013791587058348065,-0.0014882880041870662,-0.001530448708946787,-0.0015465034496304503,-0.0015525410947123785,-0.0015547879513454648,-0.0015556170306254022,-0.0015559206164054797,-0.001556030177299767,-0.0015560673441432108,-0.0015560758760496142,-0.0015560705607435236,-0.0015560549712179076,-0.0015560275897995941,-0.0015559834905135015,-0.001555914131587065,-0.0015558060510516406,-0.0015556385525341866,-0.0015553801216086841,-0.0015549830593185037,-0.0015543755474149853,-0.0015534499187355123,-0.0015519713748341577
1.034999999999989,-30.847164137119172,-12.222974209894236,1.4484951173601825,0.9164967884651014,0.45030171921147116,0.21219229487734914,0.09726396648467106,0.043161211154297406,0.018247751106662095,0.007029647312713773,0.002090539175635469,-3.7045235646724446e-05,-0.0009347045529940597,-0.0013061673248318298,-0.0014571540328074946,-0.0015175258322723795,-0.0015413080768086345,-0.0015505518516657694,-0.0015541023523371758,-0.001555451977957047,-0.001555960047927363,-0.0015561487533874041,-0.0015562161349102009,-0.0015562360433277196,-0.0015562349338610313,-0.0015562208373103045,-0.0015561939124943349,-0.0015561498493290417,-0.0015560803200488796,-0.0015559719235067211,-0.0015558039639108423,-0.0015555449023812453,-0.001555147005841524,-0.0015545384235078315,-0.0015536114721611148,-0.0015521313119217697
1.039999999999989,-25.929318343780345,-22.89520292175242,1.36125757290953,1.0920593074053306,0.534839091403349,0.2501226427553964,0.11465050595856527,0.05135934675001379,0.022178451553016364,0.008918229775895617,0.0029894080334208224,0.00038368850526818046,-0.0007417600911999943,-0.001219616111146181,-0.0014192024031422768,-0.0015012769387397205,-0.0015345403675263085,-0.0015478411823386148,-0.001553094537112496,-0.0015551462729679825,-0.0015559391207605716,-0.0015562415990144824,-0.0015563537978870124,-0.0015563911182113227,-0.001556396664464507,-0.0015563850393691427,-0.0015563589563923985,-0.0015563150792789683,-0.001556245437690192,-0.00155613674798536,-0.001555968337129081,-0.0015557086504457054,-0.0015553099242235319,-0.0015547002766080102,-0.0015537720090309497,-0.0015522902407722975
1.0449999999999888,-21.185263699661785,-32.51588661123654,0.37491632345984494,1.2344922127065483,0.6283088716181873,0.2955109431980923,0.1358395329858883,0.06125256867358875,0.026832391352241275,0.011117197406466484,0.004026429700722708,0.0008688249726707402,-0.0005176693960043646,-0.0011177292504169069,-0.0013736988341648037,-0.0014813540160393596,-0.0015260186939186407,-0.0015443111360397821,-0.001551712233466755,-0.001554672842661877,-0.001555844304983769,-0.0015563021890912753,-0.0015564772905667095,-0.001556539727065816,-0.0015565551526975985,-0.0015565473259441295,-0.0015565226229494506,-0.0015564791473585563,-0.001556409479050148,-0.0015563005303800889,-0.0015561316826828563,-0.0015558713781240745,-0.0015554718274678493,-0.0015548611199647077,-0.001553931542632924,-0.0015524481746227675
1.0499999999999887,-17.951451719003007,-36.30941748548823,-2.6853526399516565,1.2514248816599256,0.7058512054681749,0.3408041916570166,0.1587732487636701,0.07238928285145389,0.03215853894561296,0.013647015689855397,0.0052213835439990424,0.0014292196444869471,-0.00025739195806298836,-0.0009982943727516887,-0.0013196656048611744,-0.001457305324427567,-0.001515522971674169,-0.0015398504016393988,-0.0015498983782567058,-0.0015540026133519565,-0.0015556610535268358,-0.001556323417459751,-0.0015565832318626702,-0.001556680304701888,-0.0015567096949829094,-0.0015567073918891666,-0.001556684786825873,-0.0015566420076438292,-0.0015565724325460148,-0.001556463273710756,-0.001556294009661511,-0.0015560330969879646,-0.0015556327281461722,-0.0015550209664983452,-0.00155409008599071,-0.0015526051264572488
1.0549999999999886,-16.018854927162515,-34.9830663481122,-8.72549472384246,1.2253740648356068,0.7970811672781255,0.39275376037768484,0.18484108499108454,0.08506680574208898,0.03824511351048856,0.01654774409802277,0.006595445896782714,0.0020757908682591327,4.440107753614234e-05,-0.0008588073758886428,-0.0012559400932765177,-0.0014285854445691896,-0.0015027914084946169,-0.0015343303598126755,-0.00154758883327731,-0.0015531034940795836,-0.0015553734199468114,-0.0015562974713446067,-0.0015566678649420445,-0.0015568110834083943,-0.0015568594799278432,-0.001556864875977073,-0.0015568452943622948,-0.0015568036002358832,-0.001556734279861513,-0.0015566249777357564,-0.0015564553255714164,-0.0015561938177979368,-0.0015557926383342482,-0.0015551798288059612,-0.0015542476518598273,-0.001552761109019633
1.0599999999999885,-14.579150016017318,-31.238130322954287,-18.10588745981235,1.163275640395782,0.9444172325721912,0.46703058002609826,0.2191375727887055,0.10088434655357427,0.04559703082821866,0.019985220188530998,0.008206651839483808,0.002830319086537582,0.00039639545010261026,-0.0006956392569985023,-0.0011809494435359657,-0.0013944902217106548,-0.0014874990145738204,-0.001527596933425766,-0.0015447090659204223,-0.0015519390233788208,-0.0015549635276789922,-0.0015562156336196523,-0.0015567269866126408,-0.0015569300679398146,-0.0015570035788447503,-0.001557019356845004,-0.0015570039614479854,-0.0015569638501011255,-0.0015568949952284377,-0.0015567856385931267,-0.0015566156361284545,-0.0015563535503729826,-0.0015559515695801975,-0.0015553377191237622,-0.001554404252703031,-0.0015529161348065163
1.0649999999999884,-13.27052271297533,-26.827231307664636,-28.80904631976218,0.6077045337806481,1.1113910647491987,0.5615788704882394,0.263122341275468,0.120872592653798,0.0547041673316092,0.024165410028438968,0.01013771947571733,0.0037256606659834286,0.0008117414091011821,-0.0005034309106577578,-0.00109245603895304,-0.0013540587831810612,-0.0014692207057544647,-0.001519456574094945,-0.0015411687415076928,-0.0015504662652086,-0.001554410754972895,-0.0015560679713489754,-0.001556755830064133,-0.0015570349915116045,-0.0015571409288737776,-0.0015571703460852144,-0.0015571605704901707,-0.001557122665561619,-0.0015570545446957297,-0.0015569452483965409,-0.001556774945036012,-0.0015565123034991244,-0.0015561095328447845,-0.0015554946493057426,-0.0015545599007076604,-0.001553070216049269
1.0699999999999883,-12.165245014000195,-23.194056128773973,-35.67898533279872,-1.5047642858939518,1.1823422555430254,0.649241020626965,0.3101387926405955,0.14360662758107143,0.06536503264727726,0.029115146614688413,0.012430203317481707,0.004787283234920254,0.0013032377371026108,-0.00027623576420856134,-0.0009877868924743653,-0.001306101298073262,-0.0014474247320333882,-0.0015096687769077112,-0.0015368573976255063,-0.001548633720074282,-0.0015536908084624748,-0.001555842945457893,-0.001556748905785042,-0.0015571232521310776,-0.0015572703075615781,-0.0015573172778799982,-0.0015573148659718563,-0.0015572799363340706,-0.0015572128851676244,-0.0015571037947564742,-0.0015569332537601654,-0.0015566700847968636,-0.0015562665384390635,-0.001555650630802288,-0.001554714607749821,-0.0015532233647281885
1.0749999999999882,-11.353069771843437,-20.813193531340797,-36.56406513535416,-6.255815025844525,1.1567823608813677,0.7327497354192481,0.3595535693017265,0.1685826118694777,0.07741787901894129,0.03481641650366342,0.015100782795748575,0.0060318298710270325,0.001881370152906403,-8.432603766583661e-06,-0.0008641575123293054,-0.0012492947135192894,-0.0014214951675134693,-0.001497948854267685,-0.0015316433060242902,-0.001546380102267306,-0.0015527749839528027,-0.0015555270371305366,-0.0015566998288635027,-0.00155719183674801,-0.001557390300362852,-0.0015574594951887472,-0.0015574665485240612,-0.0015574355308646895,-0.0015573699631967336,-0.001557261260226373,-0.0015570905612427499,-0.0015568269006027942,-0.0015564225959664127,-0.001555805674615267,-0.001554868385399621,-0.0015533755925521788
1.079999999999988,-10.74070823999685,-19.128893180925303,-33.79420972854206,-14.304410771503655,1.1056558581171716,0.8561493532260611,0.4248161539767331,0.19961825346793344,0.09194332992219051,0.041590492363253975,0.018255194195353073,0.007498866750733822,0.0025626588648171578,0.0003073477573751688,-0.0007181837623884487,-0.0011820715116436032,-0.0013907054188647152,-0.0014839601689763731,-0.0015253703477153973,-0.0015436328050925606,-0.0015516293807720303,-0.0015551043564748506,-0.0015566011319924522,-0.0015572372351007541,-0.0015574992620484762,-0.0015575962327014684,-0.001557615267412343,-0.0015575892930293864,-0.0015575257134818818,-0.0015574176215764229,-0.0015572468635939277,-0.001556982755792876,-0.0015565777142421315,-0.0015559597912795232,-0.0015550212448887904,-0.001553526910962999
1.084999999999988,-10.215356757802665,-17.679751695772396,-29.596499436605047,-24.87800464358734,0.7981938306021528,1.0238172570048512,0.5139697993277181,0.2405400032303359,0.11045607286832566,0.04999953758094296,0.022098892943885895,0.009264626905569057,0.0033763804142692656,0.000682837579787651,-0.0005449684372632842,-0.0011023187654438532,-0.0013541215565194271,-0.0014672828924609134,-0.001517847519694113,-0.0015403041401921645,-0.0015502134507388125,-0.0015545560467161135,-0.0015564440108186172,-0.0015572553287492791,-0.001557595267945924,-0.0015577265953814468,-0.0015577606110606544,-0.0015577410378991839,-0.0015576800569750192,-0.001557572848955809,-0.0015574021536711058,-0.001557137653625428,-0.0015567319012115932,-0.0015561129908210956,-0.0015551731970924073,-0.0015536773311007098
1.0899999999999879,-9.741300925647495,-16.398519215700134,-25.592390818404937,-33.77491687369233,-0.6124357672862728,1.1401229860122057,0.6075331531579445,0.2875709841902982,0.13249347128256345,0.06013441537293503,0.026739972545435517,0.011391115850145581,0.00435250888792653,0.001131630302917875,-0.0003384888095847474,-0.0010073804540968378,-0.001310567513101048,-0.001447392233368811,-0.001508838573095698,-0.001536286827780121,-0.0015484780911861461,-0.0015538594800927356,-0.0015562179823699826,-0.0015572412445465865,-0.0015576760506419273,-0.0015578495309028113,-0.0015579020949946453,-0.0015578905464294082,-0.0015578328985049682,-0.0015577269048161068,-0.0015575564205909738,-0.0015572915954709676,-0.00155688516384342,-0.0015562652826916154,-0.001555324252525224,-0.0015538268638202826
1.0949999999999878,-9.333092519505927,-15.370732046139697,-22.782193892598222,-36.8839262099294,-4.290018869997563,1.1388877682678156,0.6899404983508309,0.3357589006928029,0.15663564241841255,0.07166726179601617,0.032138948881739425,0.013895210994134032,0.005509071135709091,0.0016648189158446581,-9.293852814847882e-05,-0.0008944286228688592,-0.0012587143732378048,-0.0014236745808983964,-0.0014980622780961335,-0.0015314521813374164,-0.0015463643199883545,-0.0015529875357593531,-0.0015559105314554844,-0.0015571891900672105,-0.001557738925277262,-0.0015579637962370785,-0.0015580391469508636,-0.001558037558832934,-0.0015579841238191378,-0.0015578797425902901,-0.0015577096491465505,-0.001557444580594634,-0.0015570375079955738,-0.0015564166757326462,-0.0015554744212863886,-0.0015539755196602996
1.0999999999999877,-8.987645435065748,-14.558854002155625,-20.902449271021737,-35.26354703502724,-11.083226794733996,1.0923561387672607,0.7945636485401126,0.39394486959269787,0.18508168378253703,0.08516337472148035,0.038463231084001875,0.01683876385372057,0.0068735048791868595,0.002295629420765928,0.00019815816772394143,-0.000760325999884931,-0.0011970664083469271,-0.001395426704687809,-0.0014851912663413033,-0.0015256487102136055,-0.0015438022274463885,-0.0015519079671000619,-0.0015555067708793498,-0.0015570922833199217,-0.0015577807078778238,-0.0015580679195516534,-0.0015581710894202662,-0.0015581817666601848,-0.0015581335960230566,-0.0015580313050582134,-0.0015578618190602133,-0.00155759660576512,-0.0015571889382803585,-0.001556567178082818,-0.0015556237130453108,-0.0015541233088157153
1.1049999999999875,-8.681900627213688,-13.862727946785112,-19.38412986590962,-31.45605674806962,-20.97995936722195,0.9246885118576276,0.9507436999559679,0.4751870191445999,0.22249242290581173,0.1021936687216211,0.046237431531551396,0.020401256360866062,0.008510389493237826,0.0030488451096998635,0.0005449273888776182,-0.0006007266625097327,-0.0011236969052938308,-0.0013617782978180913,-0.0014698285730357931,-0.0015186944780932838,-0.0015407082166573808,-0.001550582296632098,-0.0015549889640084373,-0.001556942337667532,-0.001557797616846272,-0.0015581601549194493,-0.0015582971189030113,-0.001558322803327333,-0.0015582811512512044,-0.0015581815223957697,-0.0015580129040969253,-0.0015577476649035903,-0.0015573394578690517,-0.0015567167971195822,-0.001555772136997324,-0.0015542702411428147
1.1099999999999874,-8.398412639465935,-13.229380249824244,-18.024565179322018,-27.2492076811138,-31.095277685772864,0.028071596475545135,1.098573535582605,0.570696394053589,0.2683254360353236,0.12321874700588241,0.05579825489083982,0.024750705774048625,0.010494437124082462,0.003956397855918333,0.0009609265548065253,-0.0004098237546823378,-0.0010360823025229102,-0.0013216162871068562,-0.0014514770403494322,-0.0015103652675717222,-0.001536980443313188,-0.0015489640233544797,-0.0015543357971860006,-0.0015567295564531559,-0.001557785141075935,-0.0015582384242338538,-0.001558416279991548,-0.001558460232467288,-0.0015584265934172872,-0.0015583303098222598,-0.0015581628709821947,-0.0015578977485469824,-0.0015574890682664598,-0.0015568655393361885,-0.0015559197018189346,-0.0015544163260871116
1.1149999999999873,-8.133918568878265,-12.659399896945235,-16.891844097600604,-23.99724651902859,-36.43513007643618,-2.7318068886552935,1.1351988048196697,0.6561675329283394,0.31613564832923075,0.14669005777237637,0.0668595642032147,0.029878075188316262,0.012854867894794526,0.0050402603950192556,0.0014582739595635757,-0.00018162484195846022,-0.0009313995806117829,-0.0012736400917649686,-0.0014295430959817882,-0.0015003909465032884,-0.0015324959200600464,-0.0015469970465814855,-0.001553521618317022,-0.0015564421824869016,-0.001557737881705117,-0.0015583002461965385,-0.0015585274335130157,-0.0015585935336433908,-0.001558569687782039,-0.001558477564648988,-0.0015583116781134102,-0.0015580468432846526,-0.0015576377690430722,-0.0015570134102167606,-0.0015560664155914385,-0.0015545615726974278
1.1199999999999872,-7.888793830550789,-12.154665712282808,-16.0003139539172,-21.864994633408266,-36.22159773869681,-8.354722168850437,1.0950221348338776,0.7478001162515329,0.3692859858210216,0.17320358359862384,0.07954449161958846,0.03583477566435827,0.015624352588432096,0.006320716611635459,0.0020484201399658354,8.986525754957645e-05,-0.0008066665591384536,-0.0012164150641510944,-0.0014033510470151936,-0.001488457362474008,-0.0015271096624085558,-0.001544614705777418,-0.001552515823494389,-0.0015560661676263315,-0.0015576493876664937,-0.0015583426578509375,-0.0015586292199500668,-0.0015587220854893645,-0.0015587101532653956,-0.0015586231628271193,-0.0015584592739221166,-0.0015581949310339335,-0.0015577855575200391,-0.0015571604141041307,-0.0015562122857431487,-0.0015547059895483634
1.1249999999999871,-7.659144012082066,-11.698092004052125,-15.255332143440903,-20.267082289296248,-32.98815005529496,-17.273158746437037,0.9990118486929007,0.8864478521857174,0.4419122665050607,0.20716077006131062,0.09519783975089167,0.0430412111116426,0.01894256441698997,0.00784844498950205,0.0027515128324249348,0.00041325209340231737,-0.0006580408621881212,-0.0011481870227158654,-0.0013720930273938947,-0.0014741917223005379,-0.0015206497648448528,-0.0015417378369967636,-0.0015512819973212179,-0.0015555847713699155,-0.0015575119653856832,-0.0015583621246175864,-0.001558720017300324,-0.0015588451461472697,-0.0015588476534072868,-0.001558766954784261,-0.0015586055950385517,-0.0015583419881473439,-0.0015579324283516603,-0.0015573065540102442,-0.0015563573189668796,-0.0015548495847059014
1.129999999999987,-7.439623262916827,-11.272139777034042,-14.582644233489964,-18.856568666540895,-28.759856437470283,-27.859631240036606,0.46102744704597987,1.0497977892793682,0.535362972916964,0.2507391855060316,0.11496445692275771,0.05199030735214977,0.023007548649449358,0.00970166924161773,0.0035987868629621684,0.0008013266582715829,-0.0004801276195683078,-0.0010666186291255503,-0.0013347349798708843,-0.001457129842803901,-0.0015129059034992803,-0.0015382705998664764,-0.0015497763206111042,-0.0015549779192460104,-0.001557316407684032,-0.0015583544216324745,-0.001558797887960491,-0.0015589618292317937,-0.0015589817854321597,-0.0015589087604287164,-0.0015587505639642605,-0.0015584879844161548,-0.0015580783730565714,-0.001557451831387007,-0.0015565015210978878,-0.0015549923656630379
1.134999999999987,-7.227290454098547,-10.870043640567037,-13.968634117753428,-17.639413903247963,-25.093057782194222,-35.266577443793146,-1.5227632807730673,1.129629589751247,0.6255864492207617,0.2983861768871665,0.13776442699032715,0.06257741785540584,0.027870495615802505,0.011927369737852571,0.004616819707055864,0.0012671743413230972,-0.0002668329686167923,-0.0009689356190009062,-0.0012900233540822715,-0.0014367056042167497,-0.0015036218187418112,-0.0015340966370705326,-0.0015479458046485063,-0.001554221421203308,-0.001557051650986255,-0.001558314482981605,-0.0015588605118926973,-0.001559071073915836,-0.0015591120667857196,-0.001559048363063573,-0.001558894086348629,-0.0015586328817844696,-0.0015582233794744517,-0.001557596245872997,-0.0015566448969894112,-0.0015551343392624052
1.1399999999999868,-7.0214914751165125,-10.491160846814196,-13.420084195013764,-16.675311092980287,-22.63292739577566,-36.7583365569147,-6.067096939373227,1.104561850885919,0.7103189946891908,0.3484245717579872,0.1629111213492005,0.07461997800633348,0.03351516362846568,0.014544476287579423,0.005823316806221242,0.0018217397078766086,-1.2314567382433169e-05,-0.0008522345705743604,-0.0012365700763742149,-0.001412269545192424,-0.0014924972023562663,-0.0015290779345450013,-0.0015457272007968984,-0.0015532863207383012,-0.0015567044394910418,-0.001558236239270039,-0.0015589051105314678,-0.0015591716098865603,-0.0015592379191026568,-0.0015591855020815378,-0.0015590360476210028,-0.0015587766328384457,-0.0015583674310289208,-0.0015577397949677876,-0.001556787450380428,-0.0015552755115988883
1.1449999999999867,-6.821504782270374,-10.132631607997125,-12.925030258366615,-15.892835402219648,-20.91335672352863,-34.31325930280919,-13.86596659123385,1.0404143611917966,0.8300932939542476,0.412982319322012,0.19379182320711666,0.08907056122944383,0.040227266543692124,0.017649463192411147,0.007255638785208712,0.002481124555670359,0.0002907873566060915,-0.0007130746529045409,-0.0011727604733984098,-0.0013830667461590545,-0.001479181031770939,-0.0015230520819301612,-0.001543045645899432,-0.0015521381960178953,-0.0015562589705167514,-0.0015581124425773163,-0.0015589283625478507,-0.0015592619175331648,-0.0015593586496251966,-0.0015593198643855924,-0.001559176309079176,-0.00155891917900709,-0.0015585105059289347,-0.0015578824736642116,-0.0015569291836891642,-0.0015554158879228259
1.1499999999999866,-6.625993132067644,-9.789739077791623,-12.464271104367617,-15.200658582964895,-19.455166060836824,-30.25096506654646,-24.282652601972956,0.7349473193454048,0.994092057609385,0.5009858054561179,0.23433633413115296,0.10742984924197775,0.04855305599661373,0.02144022134551427,0.00898719409351838,0.00327371153243313,0.0006539793964499023,-0.0005465860973253125,-0.0010964648694780255,-0.0013481452830691836,-0.0014632422454008429,-0.001515822506448408,-0.0015398111915120494,-0.001550735827446004,-0.0015556963454164377,-0.001557934428188735,-0.0015589262970588241,-0.0015593401793055697,-0.0015594734289455451,-0.0015594510741358933,-0.0015593147031799075,-0.0015590604484027385,-0.001558652576178805,-0.0015580242739773745,-0.0015570700977826808,-0.0015555554725027753
1.1549999999999865,-6.433788343152253,-9.459087081951882,-12.027374393993302,-14.56556711772414,-18.163706866629834,-26.254858317198075,-33.35951626962406,-0.6172329947180639,1.1137583666360118,0.5951589259852326,0.2814188311021363,0.12941290127912067,0.05862786331144529,0.026034800355113668,0.01108187112301955,0.004229737795061249,0.0010908779037327866,-0.00034673391929450044,-0.0010050102189222362,-0.0013063145761386273,-0.0014441467557568522,-0.001507148056165967,-0.0015359143967853465,-0.0015490293672269376,-0.0015549938046692856,-0.0015576917893245234,-0.0015588941525932565,-0.0015594042174875641,-0.0015595812631096608,-0.0015595786801861624,-0.0015594510278134327,-0.0015592003532133199,-0.0015587936063766678,-0.0015581651843886977,-0.001557210191734093,-0.0015556942684749955
1.1599999999999864,-6.244392798052225,-9.139430752865854,-11.612939368259457,-13.993999517350492,-17.118560307384236,-23.401244777758443,-36.82028128509863,-4.18070119822333,1.1159116111070002,0.6785663518846584,0.3299116431009995,0.15360765318866704,0.07014017839834917,0.03140145105938698,0.013559321190212543,0.005368109629077792,0.001612847183390807,-0.00010761944203635607,-0.0008955299765299576,-0.0012562265492767712,-0.0014212709791309578,-0.0014967425534959642,-0.0015312243674510608,-0.0015469590071145293,-0.0015541240193785997,-0.0015573720332192988,-0.0015588262166635553,-0.0015594514206541794,-0.0015596809601903937,-0.0015597021408729444,-0.0015595850394131648,-0.0015593387865618798,-0.0015589335522796348,-0.0015583051892087269,-0.0015573494624700319,-0.0015558322776311588
1.1649999999999863,-6.0576346068466,-8.83001189934563,-11.219336770462842,-13.480993304017767,-16.28886457334055,-21.500660443830203,-35.424285212933995,-10.826390165506705,1.065010689386952,0.781697588619678,0.3877866912416586,0.18197110305358066,0.08359234744552703,0.03769231579062983,0.016477988884095993,0.006715600758097807,0.002233027121233786,0.0001772486994048759,-0.0007648638149342498,-0.0011963694904143399,-0.0013939024326058093,-0.0014842738316582272,-0.0015255873835007382,-0.0015444539432510937,-0.0015530544697415919,-0.0015569602483598898,-0.0015587156588766178,-0.0015594786631435414,-0.0015597710922939628,-0.0015598208063685008,-0.0015597164447866188,-0.001559475618768912,-0.0015590723590966215,-0.0015584442677440606,-0.0015574879044161455,-0.001555969500193757
1.1699999999999862,-5.873290879169996,-8.529658768663543,-10.842249047958207,-13.007417089233341,-15.575484785069845,-19.983992694913578,-31.71817089902044,-20.593839195571224,0.8966310487592195,0.9352124527439362,0.4681685774707487,0.21910162003192585,0.1005166131203736,0.04541597559169642,0.020011690436301993,0.008334976816069126,0.002975669826055089,0.0005178596284243901,-0.0006086917644825387,-0.0011248158912973627,-0.0013611661507662123,-0.001469341456880802,-0.001518819613237932,-0.001541429728313101,-0.0015517463781412667,-0.0015564386411486906,-0.001558554321029932,-0.0015594822082424693,-0.0015598499506840476,-0.0015599338978704573,-0.0015598448915357793,-0.0015596106929149226,-0.0015592099594307653,-0.0015585823933783338,-0.001557625509008401,-0.0015561059345678269
1.174999999999986,-5.6911078913622735,-8.237205608115383,-10.47775667672406,-12.558993957889593,-14.923281994377264,-18.629758748127905,-27.531898928163088,-30.75031131461991,0.02902778110604709,1.0839272605069619,0.5635651882224055,0.2647981402170234,0.12145636224070437,0.05492699190203342,0.024331556209301334,0.01030122123801996,0.003872612480115229,0.000927704439911491,-0.0004212300724245812,-0.0010390459506936377,-0.0013219473013419587,-0.0014514460628835741,-0.00151069538800578,-0.0015377837856678383,-0.001550152952932664,-0.0015557858242197006,-0.0015583324181644262,-0.0015594575786547302,-0.0015599154883594558,-0.0015600404817831801,-0.0015599699563160283,-0.0015597438194957381,-0.001559346270854044,-0.0015587195324155737,-0.0015577622641347912,-0.0015562415769765918
1.179999999999986,-5.510969700409198,-7.951986070954355,-10.124178635639923,-12.132196081793914,-14.331255435236317,-17.498136894612422,-24.25198952926855,-36.30589001875268,-2.660433442496576,1.1239478426171101,0.6497050508109738,0.31273374486332334,0.14492290917721382,0.06596175016383184,0.029435845505050174,0.012645679441233177,0.004946393921455951,0.0014190421108267008,-0.00019645120989564909,-0.0009362259349553253,-0.0012749405603604774,-0.0014299914703965202,-0.0015009431493301624,-0.0015333924263073032,-0.0015482178024717292,-0.001554976058656903,-0.0015580381915485785,-0.0015593994000242144,-0.0015599652497432104,-0.0015601394380390895,-0.0015600911304980015,-0.0015598747699146682,-0.0015594811928973957,-0.0015588556427259858,-0.0015578981534909633,-0.0015563764210668495
1.1849999999999858,-5.332916531755091,-7.673713443406259,-9.780934270904018,-11.726328987673766,-13.80157783218116,-16.60782760403069,-22.0982500095432,-36.26641377840999,-8.185005069810032,1.083078014272174,0.7407669726306864,0.36573652347079266,0.17138058470711803,0.07861345880346642,0.03536984816621644,0.015399967030659635,0.006217180111332616,0.002003336630573921,7.165720771961617e-05,-0.0008133637262527047,-0.0012187059561843566,-0.0014042991356125012,-0.0014892472615807215,-0.0015281099492648058,-0.001545873961895255,-0.001553978639351558,-0.0015576575794538313,-0.0015593012375322765,-0.0015599962926855994,-0.0015602294236601946,-0.0015602078033818431,-0.0015600032687575216,-0.0015596146035547211,-0.0015589906720788365,-0.001558033155746925,-0.0015565104574484327
1.1899999999999857,-5.157040455453994,-7.402139298213747,-9.447127678437099,-11.337785856975959,-13.31763665142126,-15.866020243216516,-20.497271020882614,-33.11702716021418,-17.000356396727792,0.9862458862285899,0.8775392261516844,0.43773557033055027,0.20512832503678363,0.09418795597331331,0.0425408874671802,0.01869969221744767,0.0077344556611583255,0.0027004022677722117,0.0003916132686085903,-0.0006666372412225831,-0.001151492508310069,-0.001373560730366458,-0.00147523411693602,-0.001521763913097418,-0.001543042003199982,-0.0015527570513080115,-0.0015571738211807744,-0.0015591554076111636,-0.0015600050992487955,-0.0015603088308439675,-0.0015603192426075563,-0.0015601289847423211,-0.0015597463550437569,-0.0015591245562061266,-0.0015581672436033077,-0.0015566436731115514
1.1949999999999856,-4.983431825092836,-7.136989847802612,-9.121667265890514,-10.962232064101297,-12.861984181679585,-15.196671127779158,-19.08997938433002,-28.913862398750087,-27.570174354576686,0.46386095026171237,1.0406495973751488,0.530799056746113,0.24850974643583618,0.1138634953802155,0.051446836361878225,0.022742903824392608,0.00957603566616104,0.0035412446257344337,0.000776114183862725,-0.0004906841810721648,-0.001070972572838445,-0.0013367444351322084,-0.0014584397225946926,-0.0015141438031685403,-0.0015396259291015635,-0.0015512674027761853,-0.0015565668248682235,-0.0015589527102976921,-0.001559987458353822,-0.001560375734315745,-0.0015604245702624555,-0.0015602515197559836,-0.0015598762688135862,-0.0015592572164627625,-0.0015583003826464326,-0.0015567760507472076
1.1999999999999855,-4.812199979132142,-6.8780761838198945,-8.803845419775714,-10.59729282639491,-12.427816345370113,-14.584398708291642,-17.873681874530348,-25.228655990236348,-35.113652410746425,-1.472505469875769,1.1232408894612202,0.6214172581915004,0.29617632664348814,0.1366282746964611,0.06200374752072789,0.02758657812125941,0.011790378246944747,0.004552776178526349,0.0012383074656061597,-0.00027940387785561297,-0.0009743728553152745,-0.001292597462234361,-0.001438298096649866,-0.0015049932753947181,-0.0015355092899075101,-0.0015494566571307847,-0.0015558123889796791,-0.0015586820887153417,-0.0015599383160519622,-0.001560427824892807,-0.0015605227331247922,-0.001560370395444004,-0.0015600041294100075,-0.0015593885569794425,-0.001558432529956784,-0.0015569075678979504
1.2049999999999854,-4.6434975077457326,-6.625342117054655,-8.493426336367982,-10.242318638788088,-12.014615251296954,-14.035951483384531,-16.90984515000789,-22.74526434054554,-36.75607569901382,-5.943671903302679,1.099210800015502,0.7060353760748763,0.3461486153732474,0.16173206648615257,0.07401770922103815,0.03321309801910346,0.014396482488563084,0.005752821937231764,0.0017891886824161424,-2.6938089935417842e-05,-0.0008587857783061274,-0.001239730695121352,-0.0014141594350794622,-0.0014940118505138654,-0.0015305539783583184,-0.0015472615248093462,-0.001554881547996123,-0.0015583302932951682,-0.0015598516136127744,-0.0015604623337390996,-0.0015606124677406668,-0.0015604850371917964,-0.0015601296771566456,-0.00155951846129049,-0.0015585636324615046,-0.0015570381960226616
1.2099999999999853,-4.477504797740866,-6.378794149721708,-8.1902929902259,-9.89665310281337,-11.619776496889257,-13.539816341063743,-16.129757337613917,-21.017617415641435,-34.390874052635425,-13.65688985674106,1.0345272424182674,0.8244795374703698,0.4102466550385148,0.19245362359836232,0.08840676144911062,0.039897911073999114,0.01748791942661583,0.007177950934565039,0.002444648759676777,0.0002740173284420113,-0.0007207851591002576,-0.0011765332668512477,-0.001385269741515663,-0.0014808486833379994,-0.001524597594446667,-0.0015446071337454717,-0.0015537398802685125,-0.0015578815292578482,-0.0015597201133660667,-0.0015604759484814444,-0.001560692260741051,-0.0015605947556128687,-0.0015602525995333347,-0.0015596467883032502,-0.0015586936249511075,-0.0015571678992649537
1.2149999999999852,-4.314404842605077,-6.138443059974868,-7.8942837154416345,-9.559285550031413,-11.238838157473511,-13.07674165921521,-15.441226424038568,-19.559409046117498,-30.35789958728865,-24.02935448111866,0.7376352777432378,0.9876731031793012,0.4977557837574806,0.23278562759697058,0.10667743872620734,0.04818539047405974,0.021261042976233647,0.008900858778219282,0.0032327930491958916,0.000634870084771273,-0.000555534682103919,-0.001100886383394017,-0.0013506804987660419,-0.0014650737319322185,-0.0015174438563736747,-0.0015414036185780378,-0.0015523461954355575,-0.0015573169142635381,-0.0015595351626714164,-0.0015604647072481057,-0.0015607603005531245,-0.0015606987243288214,-0.0015603725209496885,-0.0015597733675178378,-0.001558822427732971,-0.001557296633070732
1.219999999999985,-4.15437521317713,-5.904304753615788,-7.605271828001147,-9.229415310762286,-10.86864166251835,-12.636035016590219,-14.809390628022383,-18.267223995728767,-26.351711544932428,-33.18779296874629,-0.5813032792593162,1.1092894967649847,0.5920841980521173,0.2798128805428191,0.12860573516208884,0.058227318250680504,0.025837989448358554,0.010986332060791224,0.00418401270781653,0.0010692442997129754,-0.0003570093105160373,-0.0010101237619327833,-0.0013092042697660465,-0.0014461541639798077,-0.0015088520741932524,-0.0015375417039468911,-0.0015506507086368482,-0.001556613717326889,-0.0015592863707369867,-0.0015604238585383812,-0.0015608144154431233,-0.0015607959522222123,-0.0015604889901483358,-0.00155989799320371,-0.0015589499437829708,-0.0015574243424878753
1.224999999999985,-3.9975924422522,-5.676419605418558,-7.323251821219554,-8.90676163061226,-10.508183786624532,-12.216218370395312,-14.240233010395102,-17.219955068064184,-23.473830304685265,-36.78702768942614,-4.086272396884202,1.1134045698584083,0.675633441480722,0.3282848456287543,0.15276430494087906,0.06971310691048119,0.031188549696970568,0.013454726114102216,0.0053174527342038196,0.0015885699581196767,-0.00011929673686054813,-0.0009013778355492627,-0.0012594939355749847,-0.0014234671527476167,-0.001498536464179973,-0.001532890674795347,-0.0015485936913487049,-0.0015557446472363955,-0.0015589612645978213,-0.0015603477011250492,-0.0015608520002915426,-0.0015608852501036619,-0.0015606014650043905,-0.0015600204174064298,-0.0015590760553314453,-0.001557550960135035
1.2299999999999849,-3.844231550787626,-5.454846320683134,-7.048295606495777,-8.591283167506441,-10.15697093958342,-11.815792344783237,-13.729219531910998,-16.389871566206843,-21.560708941899435,-35.476031218301564,-10.657863976968434,1.062389565303481,0.7778607492090981,0.385834139998328,0.18100863155219113,0.08311657600965844,0.03745725343862947,0.016362539686308006,0.006659403777093601,0.0022058669777489763,0.00016406289081263002,-0.000771497678578878,-0.001200041075878332,-0.0013963015162758551,-0.0014861654048741685,-0.0015272970454883413,-0.0015461044433150164,-0.0015546772325129986,-0.0015585449570345673,-0.0015602294175533877,-0.0015608699362237416,-0.0015609651928060152,-0.001560709294851188,-0.0015601403416416893,-0.0015592006197944488,-0.0015576764037703783
1.2349999999999848,-3.6944586423926107,-5.239641452994533,-6.780478354810062,-8.282909311943003,-9.814102743237868,-11.430553560455753,-13.257287292033151,-15.677879239945632,-20.041297546790904,-31.80520228133843,-20.36668638066527,0.8984766228835208,0.9302925045148447,0.4656958470794362,0.2179327633196831,0.09995893498650506,0.04514693464910462,0.019881280765580357,0.008271803155226295,0.002945107002676352,0.0005029662469508223,-0.0006161936818478685,-0.0011289283005479856,-0.0013637857571988856,-0.0014713396951157283,-0.0015205774413213473,-0.0015430986955290312,-0.001553372769846565,-0.001558019687946634,-0.0015600608658180382,-0.0015608644943552706,-0.001561034074462222,-0.0015608116996760305,-0.001560257407160025,-0.0015593234649553438,-0.001557800573385978
1.2399999999999847,-3.548424596524898,-5.030848826489661,-6.519862057106143,-7.981559906730143,-9.478681343530488,-11.056645561093381,-12.809911674320583,-15.027406849066182,-18.685500890798966,-27.617573427026926,-30.559952723533943,0.05394165602221923,1.080078082960851,0.5610223740049454,0.26351301403067634,0.12082952244079764,0.05462309349826835,0.024184354893360127,0.01022998238293498,0.0038381241979633662,0.0009108694135320883,-0.0004297035111305654,-0.0010436458155957062,-0.0013248092665470253,-0.001453561672246076,-0.0015125068700287496,-0.0015394741414832688,-0.001551784578406895,-0.0015573641175396712,-0.0015598322823995323,-0.0015608312070435303,-0.0015610898513850697,-0.0015609077443277995,-0.0015603711830273267,-0.0015594443831375147,-0.0015579233477593963
1.2449999999999846,-3.4062634534166074,-4.828500748361846,-6.266515050255199,-7.687254490102484,-9.150299119659971,-10.692458234140771,-12.383372164468936,-14.436644473379113,-17.550414062896333,-24.314241650563705,-36.241262967371824,-2.587421640425669,1.1224921424258025,0.647425383241029,0.3114435338957159,0.1442602105353225,0.0656313819613925,0.029273332348196915,0.012566312744509691,0.004907735718711991,0.0014000939313307112,-0.00020599094648485845,-0.000941361539672218,-0.0012780689171299283,-0.001432236480759645,-0.0015028144306168862,-0.0015351073939046977,-0.0015498564009916412,-0.0015565525668085117,-0.0015595319355637507,-0.0015607647118395177,-0.0015611300719214954,-0.0015609963068139972,-0.0015604811516003701,-0.0015595631241544473,-0.0015580445802382465
1.2499999999999845,-3.26809240892862,-4.632618997264759,-6.020515617729829,-7.4001101882787825,-8.828919469242205,-10.337533242656933,-11.977010145386659,-13.908087411858153,-16.657625185920033,-22.143681098698814,-36.29786462428183,-8.046369107736666,1.0821049973062484,0.7379623581057642,0.3642360614963171,0.17063203601200255,0.07824435791392252,0.03518869544950908,0.015311362057807077,0.006173890984898888,0.001982057818316535,6.094390756451696e-05,-0.000819088448517674,-0.0012221273365268532,-0.0014066869335007805,-0.001491185167530745,-0.0015298530787595992,-0.0015475214255784042,-0.0015555544011854165,-0.0015591457959316032,-0.0015606585881411173,-0.0015611517985689156,-0.001561076041857577,-0.0015605866914358347,-0.0015596793869103454,-0.0015581640937507707
1.2549999999999844,-3.134010399503179,-4.443210408221366,-5.781933140608074,-7.120260738007833,-8.514532769110787,-9.991117612767708,-11.587289357608356,-13.42534414109035,-15.915346058738189,-20.53725195873723,-33.192301751979706,-16.796332593825614,0.9873179006859873,0.8735843117767748,0.4357456203902713,0.2041940991110906,0.09374667685542067,0.04233010441568756,0.018598191838876312,0.00768526841857947,0.002676325764515297,0.00037954159628466916,-0.0006730293166292883,-0.0011552419751688935,-0.0013761077697828578,-0.001477246667262115,-0.0015235392453545066,-0.0015447004337114157,-0.0015543331975670393,-0.0015586571436128562,-0.0015605051699433073,-0.001561151519047603,-0.0015611453389335523,-0.0015606870574275471,-0.0015597928095480603,-0.0015582816748416911
1.2599999999999842,-3.0040960863957293,-4.260262159762644,-5.55081366867299,-6.8478184009397225,-8.207089129596186,-9.652257039485374,-11.209886382778935,-12.970798823140179,-15.246403625527705,-19.127939835231956,-28.99706364058735,-27.365315291230203,0.4801687020008276,1.0369241060215295,0.5285421281666385,0.24741221809679315,0.11334358135842923,0.05120037453331784,0.022625352569705035,0.009519537497939615,0.003513771037999893,0.0007624325913502478,-0.000497850524702544,-0.0010750967751310182,-0.001339471759532295,-0.0014605367600212587,-0.00151595611419213,-0.001541297730912538,-0.0015528451917676375,-0.0015580459413709101,-0.0015602952801024564,-0.0015611250295878751,-0.0015612022696793845,-0.0015607813565457328,-0.0015599029575575133,-0.0015583970665932507
1.2649999999999841,-2.8784069530260625,-4.083740554779443,-5.327179117052847,-6.58288700275409,-7.906605090841918,-9.320376009561935,-10.84241777954209,-12.537410200710886,-14.634331243935888,-17.907845969957048,-25.29206019883461,-35.01365944005787,-1.4170903191011481,1.1218731679034197,0.619415354285081,0.2950590071959036,0.1360659367105881,0.0617291170325569,0.027453765812665013,0.011726200546749839,0.004521547468646221,0.0012228061277591569,-0.0002874510459712188,-0.000978923028492219,-0.0012955293046725065,-0.0014404911330830527,-0.001506848128764192,-0.001537197222550997,-0.0015510375041733065,-0.0015572880562867571,-0.0015600178906102116,-0.0015610672856158517,-0.0015612445215202567,-0.0015608685176611845,-0.0015600093092070814,-0.0015585099599899714
1.269999999999984,-2.7569796907092967,-3.913592066490448,-5.111030525058753,-6.3255748574213415,-7.613209119004835,-8.995376254131422,-10.484266712296899,-12.12462625939798,-14.085958784218047,-16.940192082288302,-22.787952413418214,-36.765026215875594,-5.829635152462549,1.0990544445683386,0.7038476711452675,0.34491691014060755,0.16110958981234885,0.0737114747286463,0.033063957612672154,0.014324048962863298,0.005717488918523688,0.001771668655998592,-3.5971843181727223e-05,-0.0008638155099806314,-0.0012428934759525635,-0.0014164613588634673,-0.0014959155504451664,-0.0015322611686252392,-0.0015488470188905876,-0.001556354602290972,-0.0015596597862303002,-0.0015609722397941525,-0.0015612693217412353,-0.0015609472560676953,-0.001560111238169773,-0.0015586199835638274
1.274999999999984,-2.639830913160443,-3.749743942752891,-4.902346204019825,-6.075980647529429,-7.327070055616715,-8.677282518311486,-10.134842301194851,-11.729906017231771,-13.590128223304848,-16.158285646329166,-21.051685496169217,-34.45534803743058,-13.47589382965226,1.0351726799219823,0.8212478470603026,0.40859847707570446,0.19167588497649166,0.0880397952961438,0.03972343066484798,0.017404309727637183,0.007137491280574441,0.002424718253461567,0.0002638341718518497,-0.0007263662106402745,-0.001179959834791165,-0.0013876959664913323,-0.0014828086055914068,-0.0015263276436780992,-0.0015461990777213912,-0.0015552112538734536,-0.0015592052136424788,-0.0015608326683081795,-0.00156127335347844,-0.0015610160331564174,-0.0015602079933488419,-0.0015587266912183326
1.2799999999999838,-2.526957812447504,-3.592104289984241,-4.701077804724029,-5.834175331300616,-7.048337355526879,-8.366070438154052,-9.793198779052759,-11.348797604005103,-13.127531235303286,-15.469265097807286,-19.5908150737707,-30.43994878452608,-23.81833404173641,0.7475733974803389,0.9839932744579241,0.4957003705827776,0.23181718369772886,0.10622847984558309,0.04797601188198263,0.021162357415919694,0.008853731168017341,0.0032098415769233448,0.0006232904466375337,-0.0005617702209327194,-0.0011046212920434182,-0.0013532508949858266,-0.0014670990055209263,-0.0015192010805050705,-0.001543004115527209,-0.0015538169489938238,-0.0015586353441110368,-0.0015606399363840672,-0.001561252650003293,-0.0015610730073775695,-0.0015602986747583426,-0.0015588295477290933
1.2849999999999837,-2.418339067204736,-3.440562848708228,-4.507149328060306,-5.600197474366273,-6.777140911651557,-8.061741622800858,-9.458593306620061,-10.978109720875379,-12.68723579279695,-14.837030790506407,-18.29513263583227,-26.420580159647702,-33.05081048885647,-0.5408671810832848,1.1074938126740328,0.5901613885506738,0.2787844766778915,0.12810261940240317,0.05798704728540707,0.02572378718300986,0.01093177933890835,0.004157569487171605,0.0010560284452924996,-0.00036401272560859484,-0.0010142191794547356,-0.0013119427153679337,-0.0014482558014640445,-0.001510641634218687,-0.001539153228933401,-0.0015521220647003531,-0.0015579275146688698,-0.0015603836762042073,-0.001561202454656586,-0.0015611159715114545,-0.0015603822034302457,-0.001558927911010738
1.2899999999999836,-2.3139362648877473,-3.2949928593607467,-4.320459300555015,-5.374057180627089,-6.513609723817741,-7.764409915417399,-9.130806467530597,-10.616826969844373,-12.267659765419861,-14.267287703297978,-17.243314527020434,-23.519367855175823,-36.76793190809937,-3.9937315352834184,1.1135142299918819,0.6737918204618782,0.32720961574067026,0.15221717205561208,0.06944525687475478,0.031059273933638012,0.013392473642085722,0.005287217890448615,0.0015735236910192191,-0.00012717425215426868,-0.0009058874654893045,-0.0012624265353185769,-0.0014256576282185563,-0.0015003643072791985,-0.0015345160896579903,-0.0015500670529543618,-0.0015570545132397263,-0.0015600514422987035,-0.0015611170603637226,-0.0015611422782192737,-0.0015604572852481093,-0.0015590210106819747
1.2949999999999835,-2.213695675108275,-3.1552533606898443,-4.140883216474086,-5.155736788035925,-6.257865768810576,-7.474257866812398,-8.809867291221241,-10.264483232132463,-11.867359091858352,-13.755915595866721,-16.410360680476597,-21.59381290450433,-35.52750942314195,-10.500177495705346,1.062933825469041,0.775211300907267,0.3844414536563302,0.18034081405767272,0.0827995260643626,0.03730652879203864,0.016290517144161125,0.00662461355160616,0.002188674117400964,0.00015517022357792207,-0.0007764868151569734,-0.0012031985084726086,-0.0013985953334079036,-0.0014880384258063692,-0.0015289396585587138,-0.0015475814209670307,-0.001555983960100474,-0.001559628379651702,-0.001560989642640528,-0.0015611487582731147,-0.0015605223696409304,-0.0015591079230189051
1.2999999999999834,-2.1175501078582997,-3.021191410287223,-3.9682752080370443,-4.94518768279761,-6.010004058096987,-7.191460337257009,-8.495777495181693,-9.920211146547528,-11.482157999477973,-13.283931259860335,-15.697198904841505,-20.070515362408408,-31.884460696427844,-20.15931203992367,0.9041010135359804,0.926763756538749,0.46382957397934477,0.2170691501633657,0.09956285278286242,0.04496369121377005,0.01979545405606975,0.008230967811887226,0.0029251982717160736,0.0004928309630354306,-0.0006217573863502621,-0.0011323518521602542,-0.0013662013965491842,-0.0014732663645727789,-0.0015222412157667694,-0.001544581179749009,-0.0015546772700390612,-0.0015590967689286983,-0.0015608120518017866,-0.001561131622853351,-0.0015605756009265698,-0.0015591875414904225
1.3049999999999833,-2.0254207754395797,-2.892644297482623,-3.8024699846010277,-4.742328875505585,-5.770083109879391,-6.916165821007739,-8.18852547344125,-9.583136916176485,-11.108169240143205,-12.836603390993421,-15.046023744625256,-18.711718695646482,-27.69256098394254,-30.389698686169545,0.08188224017254697,1.0776674931651316,0.5590983482040898,0.26253734247256555,0.12036624216555253,0.05440634198605182,0.024082836922742722,0.010181957266346867,0.003814934813883013,0.0008992326185522054,-0.0004359574150642673,-0.0010473869229937196,-0.0013273697663189303,-0.0014555524384516404,-0.0015141966196168038,-0.0015409643879136926,-0.0015530879150068933,-0.0015584353232975209,-0.001560574516654457,-0.001561086333242569,-0.0015606147564671772,-0.0015592585404226465
1.3099999999999832,-1.937219188881404,-2.7694419244990534,-3.6432857693567664,-4.547049305556523,-5.538127621345785,-6.6485150852166965,-7.888194886909083,-9.252875134215447,-10.743747915046468,-12.410042511451902,-14.454350868364827,-17.571895680209863,-24.36577728882031,-36.18766659007111,-2.514140877498748,1.1224187932305472,0.6457340846957231,0.31045196784594914,0.14375827933421714,0.06538804007564664,0.02915712396809452,0.012510859147911564,0.00488094757022428,0.0013867511626625612,-0.00021304430924755412,-0.0009454741943543727,-0.0012807999963189002,-0.001434303407293552,-0.0015045357980489485,-0.0015366080522303453,-0.0015511598126657007,-0.0015576184263745181,-0.001560265296670657,-0.0015610074422869105,-0.001560637170651146,-0.0015593193304081635
1.314999999999983,-1.8528490601702003,-2.6514092645128584,-3.4905277740728926,-4.359211429841299,-5.314131368321791,-6.388644921575974,-7.594964061366523,-8.929420060435262,-10.388440933539668,-12.003616691990542,-13.925013055071835,-16.675359774775856,-22.178519655250447,-36.33227517380809,-7.91169695458123,1.0827184518827733,0.7357735826519454,0.36303349875545293,0.17004246233408754,0.07796186422938421,0.035054181630304306,0.015247208260072576,0.006142962974337062,0.0019667538495886073,5.296696579290636e-05,-0.0008236328809708619,-0.0012250579066166532,-0.0014088437661419026,-0.0014929446552554766,-0.0015313672192402092,-0.0015488263434822523,-0.0015566155137501081,-0.0015598703508403777,-0.0015608884279011193,-0.001560639649940429,-0.0015593680065856532
1.319999999999983,-1.772208105767859,-2.538368662762764,-3.343991503940426,-4.178654033379862,-5.098055112956729,-6.136669363627251,-7.309024006805046,-8.612798058308064,-10.041515333068729,-11.613837918363966,-13.441848501866742,-15.931276561877244,-20.566167336624254,-33.265998276112725,-16.601163620256706,0.9903304871185972,0.8703460927035702,0.43407511443350066,0.20342331652342094,0.09339314090139567,0.042166589535811684,0.018521687613381306,0.007648898105134841,0.002658566526095439,0.0003704414127000935,-0.0006780905958913813,-0.0011584096729476713,-0.0013783715717213996,-0.0014790521323199517,-0.0015250705173510061,-0.001546008535575772,-0.001555390249450754,-0.0015593729460003207,-0.0015607215028609807,-0.0015606183758743346,-0.0015594022890981383
1.3249999999999829,-1.6951896673829792,-2.4301418672038606,-3.2034657870348697,-4.005194846062097,-4.8898245508850255,-5.892665288503127,-7.030538189928704,-8.302993901769707,-9.702028171063782,-11.236366492500563,-12.987101186539721,-15.261425128114876,-19.154130590102667,-29.07657142223091,-27.171037930557514,0.49825831946847954,1.0339703108241656,0.5266191621122767,0.24648231783154073,0.11291286663146811,0.051001948870604934,0.022533360307868476,0.009476294325431858,0.0034929382894594687,0.0007519454942331257,-0.0005035417805299279,-0.0010785508448619315,-0.001341864329139943,-0.0014623980062109666,-0.0015175089779072282,-0.001542611028567367,-0.0015538989858646388,-0.0015587530328295747,-0.0015604973462311916,-0.0015605687787972062,-0.0015594194490591655
1.3299999999999828,-1.6216841238192319,-2.3265517972521286,-3.068735713938486,-3.838633967025769,-4.689331976571623,-5.656672066721264,-6.759654361718402,-8.0000557247563,-9.369408288869401,-10.868774973149115,-12.553516948297958,-14.648332935201964,-17.929601758458112,-25.351385796180626,-34.920594985150046,-1.3610899163144126,1.1212513372245345,0.617735868466868,0.2941056373898793,0.13559203062686492,0.06150266289268293,0.027346881370097154,0.011675644203091256,0.004497251618656072,0.001210707300192879,-0.0002938857934372146,-0.000982717609394619,-0.0012980758192762433,-0.0014424197561508998,-0.0015084279023813295,-0.0015385181091553768,-0.001552088981889939,-0.0015579864650775797,-0.001560204758672789,-0.0015604853765277334,-0.0015594162153295618
1.3349999999999826,-1.5515800919102063,-2.2274240588575624,-2.9395854907099563,-3.6787579833006947,-4.496440337620707,-5.428695849419095,-6.4965175168609415,-7.704142442302288,-9.043567306719497,-10.510434012887396,-12.140516515130894,-14.0989274893063,-16.957507268614474,-22.826527891168805,-36.77681580694865,-5.717023963885266,1.0997215364902844,0.701990928170797,0.3438479641007057,0.1605746235000633,0.07345326178564175,0.032940945275310746,0.014265521145236411,0.0056893421097520885,0.0017577410930452852,-4.326402425703052e-05,-0.0008680076201093701,-0.0012456215610717825,-0.0014184704718175857,-0.0014975283652587236,-0.001533592427585721,-0.0015498972686441436,-0.0015570443358584863,-0.0015598303187831712,-0.00156036159753094,-0.0015593886669299556
1.3399999999999825,-1.4847654059504634,-2.1325881640714566,-2.815800991608273,-3.525343981238319,-4.31098687890923,-5.208709061875467,-6.241255937728531,-7.415452661464026,-8.72454690862869,-10.16076602993623,-11.745620332908775,-13.602411609168497,-16.173123907742816,-21.081392639555613,-34.52018264497209,-13.298838940257877,1.0368190196344351,0.8183953130743269,0.40712304391069615,0.190987666100546,0.08772137228144615,0.03957539066507296,0.017334883569517415,0.007104451311022672,0.002408556264667752,0.00025551422598648504,-0.0007310311000107885,-0.001182903692805905,-0.0013898013209810713,-0.00148446172818759,-0.0015276725496850695,-0.001547249364675743,-0.0015558922935335585,-0.001559358025902147,-0.0015601895905258875,-0.0015593321132472528
1.3449999999999824,-1.4211278661532214,-2.041878421296345,-2.6971718674884895,-3.3781631221102946,-4.132786193332172,-4.996647925122517,-5.993962938942969,-7.13416325361178,-8.412340134613277,-9.818833522226669,-11.364381211164828,-13.139436573787073,-15.482953244254281,-19.61750753462054,-30.521069082633037,-23.612537246554822,0.7584807843219534,0.9807275022701267,0.4938269548692364,0.23094084639861887,0.10582891556203598,0.04779349214962712,0.021078149554509082,0.008814249285869416,0.0031908255209804337,0.0006136896025068202,-0.0005670142229250497,-0.0011078268315137215,-0.001355472759511336,-0.0014688014998748807,-0.0015205636287004384,-0.0015440559543439837,-0.0015544892552599116,-0.0015587687582351236,-0.0015599599710669604,-0.0015592409450556027
1.3499999999999823,-1.3605557661336949,-1.9551345091009669,-2.5834932185426416,-3.236983929135918,-3.961633784876713,-4.792413039314843,-5.754692164720829,-6.860427849714485,-8.10696338414843,-9.483891453332342,-10.993565166997113,-12.698846724617848,-14.849698217638375,-18.3180158741786,-26.488179894987066,-32.917385028318435,-0.5000403056338691,1.1060970498733917,0.588415235732422,0.27784663382374714,0.12764863394307832,0.057773749741946004,0.02562426486902902,0.01088506440217769,0.0041352133819113615,0.0010448995960271983,-0.0003699527248496538,-0.0010177400574574893,-0.0013143054453605496,-0.0014500186558028655,-0.0015120266620278762,-0.0015402084400299258,-0.0015527855788199957,-0.0015580395046350631,-0.0015596614747976807,-0.0015591084388303195
1.3549999999999822,-1.3029382282844397,-1.8722017753329425,-2.4745668834706307,-3.101575386879201,-3.7973104450631223,-4.595873275912419,-5.523461927186551,-6.594395398114293,-7.808544151938569,-9.155719074927028,-10.632128459251796,-12.278962365216927,-14.278792511291952,-17.26134223113036,-23.563500622094175,-36.750492466144124,-3.9017958801933035,1.1140593702032717,0.6721315504900447,0.3262246164970318,0.15171882325498398,0.06920435003913412,0.030944798639609188,0.013338211377779031,0.005261203078271923,0.001560663771818952,-0.00013392054899078322,-0.0009097791173293111,-0.0012649568254430527,-0.0014274933384894194,-0.001501777429383666,-0.0015355767967465041,-0.0015507216773086789,-0.0015571426324553668,-0.0015592805813958116,-0.001558926529550683
1.3599999999999821,-1.2481653816762943,-1.7929313008819188,-2.370202350421054,-2.9717096943000385,-3.6395867131620623,-4.406870009877579,-5.300256637060467,-6.33620440117277,-7.517279254143376,-8.834351965873555,-10.2796114464418,-11.878396537381104,-13.766531808791216,-16.42518866814268,-21.62528957761142,-35.579615573945965,-10.344375984791272,1.0640055504674506,0.772769610669607,0.38314481713139853,0.1797230617203765,0.08250977527039198,0.03717079607242311,0.016226638758967574,0.006594167886811509,0.0021737604721504106,0.0001474729419246308,-0.0007808162524906873,-0.0012059276753769563,-0.0014005184516195604,-0.0014894861820234243,-0.0015300083263509116,-0.001548227000086893,-0.001556045254224034,-0.0015588011479355033,-0.0015586855709206757
1.364999999999982,-1.196128416153106,-1.7171797622154767,-2.2702172808700407,-2.847164494074442,-3.4882268589782868,-4.225220523096032,-5.085024400087329,-6.08596290586558,-7.233357469048494,-8.519800820151586,-9.935155603387098,-11.493001707437228,-13.294023149551617,-15.710529695226974,-20.097890357887294,-31.96374538898634,-19.95451770542259,0.9102329892900864,0.9234615962466102,0.46206482073349564,0.2162572380978925,0.09919462676257394,0.044795699916970834,0.01971793983537317,0.008194600166242402,0.0029076578598616377,0.0004839524670019282,-0.000626621164504124,-0.0011353217848140492,-0.0013682304442418222,-0.0014747568270978386,-0.0015233208302542931,-0.001545217517425617,-0.0015547081841361843,-0.001558203916865223,-0.001558374041824918
1.369999999999982,-1.1467195470479874,-1.6448091334275654,-2.1744376766626257,-2.727724561683295,-3.3429924298008125,-4.050721541996378,-4.87767639214637,-5.843738769011498,-6.956939473993619,-8.212060943793896,-9.59788434092371,-11.118858013614538,-12.846338378009097,-15.05834680671538,-18.735941004432906,-27.767444706564074,-30.220836318802064,0.10997781432355591,1.0754647288281989,0.557270719785135,0.26161203693247126,0.1199305716701172,0.054204886098284784,0.023989737447827283,0.010138502106118968,0.0037941944110495406,0.0008889101708591416,-0.00044147291650931575,-0.0010506497316289877,-0.0013295278298844375,-0.0014570956022915329,-0.0015152908535150846,-0.0015415912665098974,-0.0015530841854277087,-0.0015574657633561778,-0.001557978134822042
1.3749999999999818,-1.099831926793097,-1.5756862769407913,-2.082697755116411,-2.613183027632539,-3.2036455302942803,-3.8831536037649874,-4.678090042843085,-5.6095623936296946,-6.688176125503734,-7.911221195504495,-9.267405252575331,-10.754280178386484,-12.419422547004398,-14.465478939790877,-17.59123591572212,-24.41711008350878,-36.1343695006839,-2.441273213636749,1.122569708813376,0.6441411899833976,0.3095103652870217,0.14328368279613696,0.06515994691645258,0.029049388658833702,0.012460053646830805,0.004856678163030122,0.0013747753840964113,-0.0002193229510118232,-0.0009490846874104508,-0.0012831128701385416,-0.0014359108199568258,-0.0015056489553377916,-0.001537225183502171,-0.0015511163171692643,-0.0015565588658000065,-0.0015574812657848645
1.3799999999999817,-1.0553595382184808,-1.5096824713336532,-1.994839597875306,-2.503342177390771,-3.0699517607157016,-3.7222857650551444,-4.486113587781731,-5.383430020274352,-6.427212680115807,-7.617465899539553,-8.943712678014343,-10.398811765731788,-12.012670980877491,-13.935091892044506,-16.690776624717444,-22.212901162641646,-36.366923445570144,-7.778113557653682,1.083617077960762,0.733702152218921,0.3618854258789489,0.16948129208002588,0.07769490970094506,0.03492826826724036,0.015187790599557945,0.006114621351807575,0.001952866708066268,4.579935459209333e-05,-0.0008276520271460222,-0.0012275545422689457,-0.0014105285620054702,-0.0014940816559065968,-0.0015319741761185375,-0.0015487369132438182,-0.0015554500135049757,-0.0015568635936742765
1.3849999999999816,-1.0131970988627357,-1.446672917219016,-1.9107126262717222,-2.3980138371360873,-2.941682616867636,-3.56787990733039,-4.301569832488651,-5.165302072703909,-6.1741701475920445,-7.330992851109918,-8.626837665913445,-10.051729591197864,-11.622645483492244,-13.451261874091221,-15.94471699285604,-20.59443395049207,-33.339895301234705,-16.407434026138095,0.9936112862773046,0.867237780118588,0.43246341829549134,0.20268235786980845,0.09305563354385733,0.04201187745364116,0.018450029363492493,0.007615185979173711,0.0026422736027513997,0.0003621842939292453,-0.0006826039366940237,-0.0011611276311802947,-0.0013801500592524494,-0.001480218947748562,-0.0015256667778335857,-0.0015458657645547576,-0.0015540997109575428,-0.001556101462853952
1.3899999999999815,-0.9732399989237135,-1.3865362550241795,-1.8301729537417026,-2.297019378084876,-2.818617290453614,-3.419694509256762,-4.124259639927293,-4.955101489810612,-5.929130662580719,-7.051971727751151,-8.316768594252647,-9.712090321243949,-11.244990638147808,-12.996099842638207,-15.273805652748369,-19.179582341542037,-29.156373550928397,-26.977109215984047,0.516356003473343,1.0311238929867792,0.5247496522632604,0.24558100872738775,0.11249797150632604,0.05081234966488739,0.022446277704871165,0.009435768093509227,0.0034736169179690564,0.0007423334337328014,-0.0005086630736326728,-0.0010815392620436358,-0.00134375739967612,-0.001463602192569282,-0.001518094022675686,-0.0015424060683694222,-0.0015524605420610402,-0.0015551665433982795
1.3949999999999814,-0.9353842893308224,-1.3291541234967719,-1.7530826698788253,-2.2001894113718263,-2.7005439397515243,-3.2774880735414906,-3.953966124978095,-4.75271579227265,-5.6921370014790815,-6.780555248292669,-8.01355496998088,-9.379313865116037,-10.87723323633601,-12.562140487589332,-14.659558297462386,-17.95055959110282,-25.411059477959366,-34.82671283088419,-1.3054995618034377,1.120732290761879,0.6161072210013083,0.29317949054532794,0.1351334525109789,0.06128491423460515,0.027244911374343796,0.011627841232587359,0.0044745038061688135,0.0011995122988366887,-0.0002997296207371599,-0.0009860305829815456,-0.0013001075950428238,-0.0014436702371874305,-0.0015090011035450537,-0.0015382403631561804,-0.0015504752420395006,-0.001554024739296778
1.3999999999999813,-0.8995267306188153,-1.2744107820711623,-1.679309108594028,-2.1073632544435736,-2.5872605048341084,-3.141022231784698,-3.790459442438736,-4.55800161193913,-5.4631970442100934,-6.516892517920279,-7.71735736514487,-9.053307242655734,-10.518727566611368,-12.148775728733213,-14.108987135447991,-16.97392284046137,-22.86519450958196,-36.78819498416047,-5.6052215142841115,1.1005420503806551,0.7002006260312251,0.3428099249388691,0.16005581078744702,0.07320395189192645,0.03282292002701624,0.014209793600210048,0.005662779557214246,0.0017447447498237048,-4.994501335147598e-05,-0.0008717019808743907,-0.0012478183813430833,-0.0014197771671734423,-0.001498088746383726,-0.0015332291359562102,-0.0015480754004856356,-0.0015526352139339117
1.4049999999999812,-0.8655649071694038,-1.2221928127080133,-1.608724142676556,-2.0183882344114155,-2.478575092074011,-3.0100643401420433,-3.6335013512252523,-4.370788836072852,-5.242283540870008,-6.2611154295476705,-7.4283774239373335,-8.734114097399,-10.168904879210292,-11.753588369736855,-13.611661677772762,-16.186957794851455,-21.11096865546292,-34.58505257192756,-13.1227998068706,1.0386155956656284,0.8156221043018281,0.405683142383028,0.1903171140699101,0.08741234395491075,0.03943251334684095,0.01726833584726685,0.00707303989701445,0.0023933545039409093,0.0002478260648224051,-0.0007351815042397514,-0.0011852981121689432,-0.001391176135776071,-0.0014850080483829935,-0.0015272083877969694,-0.0015451800392061006,-0.0015509493961841916
1.409999999999981,-0.833397405557713,-1.1723889090848856,-1.5412035361889276,-1.9331188839396016,-2.37430595705659,-2.8843894513825767,-3.482849205848102,-4.19088411264364,-5.0293318211989435,-6.013320248264533,-7.146795284608865,-8.421729855828193,-9.826830878282093,-11.372137131526248,-13.148199814028601,-15.495554668283521,-19.64398296459498,-30.602513380098387,-23.406823382103646,0.7693398352551821,0.9775210952128661,0.49198509314911226,0.23008148501032288,0.1054387074918628,0.04761619251991859,0.020996873993366437,0.008776435473081831,0.003172797693091741,0.0006047410863373455,-0.000571726290117961,-0.0011104627522049318,-0.0013569313448714615,-0.0014693326411440778,-0.0015199803377639613,-0.0015416921167924244,-0.001548909224758955
1.414999999999981,-0.8029240509015425,-1.1248897547171128,-1.476626378434334,-1.851416085796486,-2.2742811547264874,-2.7637817074374955,-3.338259519698443,-4.018074806284355,-4.824240528835371,-5.77356266930849,-6.8727671092181275,-8.116170943252614,-9.491752432628491,-11.001145112775996,-12.707223930505895,-14.861215301613004,-18.34066768143096,-26.556347856295737,-32.78249308209743,-0.4596378511495822,1.1047343584130331,0.5866931838169978,0.2769233621407248,0.12720329905748815,0.05756549884169379,0.025527653975774823,0.01084003370179218,0.004113866386704267,0.0010344417621488862,-0.00037534298786377827,-0.0010206688676876068,-0.0013158666663334686,-0.0014505334318900877,-0.0015113024467635315,-0.0015374937638030924,-0.0015464446259041208
1.4199999999999808,-0.7740461916152712,-1.0795879866689253,-1.414874616687877,-1.7731462206090487,-2.1783379451283986,-2.648035243986593,-3.1994912142290937,-3.852133718062371,-4.626875714756566,-5.541862169157674,-6.606443770365548,-7.817564272970337,-9.163440737268502,-10.63953825967052,-12.286953828018248,-14.289082650157551,-17.27908232928443,-23.6080211399695,-36.73191713562729,-3.8105824713005023,1.1146782364816676,0.6705067046922115,0.32525653195204873,0.1512295360030596,0.06896855331388875,0.030833254945343808,0.013285652839908079,0.005236216698842199,0.00154849273544339,-0.00014009864943670684,-0.0009130535131277252,-0.0012666408117359873,-0.0014279896779743043,-0.0015008860180435431,-0.0015324437604521213,-0.0015434714548750164
1.4249999999999807,-0.7466670205555432,-1.0363782373726953,-1.355832697232475,-1.6981803622324017,-2.0863220305920445,-2.536954651197,-3.0663084128577855,-3.692823841100575,-4.437075321475228,-5.318203625377546,-6.347965609775107,-7.526107587017951,-8.841930855718196,-10.28686120618403,-11.886059220183022,-13.775868757443046,-16.43965240416462,-21.65688579768518,-35.63142929784696,-10.189458200371686,1.0651681513438853,0.7703788607108363,0.3818702413714368,0.1791159357653903,0.08222559927039133,0.03703814071502877,0.016164519593458607,0.00656477951585065,0.002159556306285141,0.00014036424079080746,-0.0007844996370661158,-0.0012077577958884238,-0.0014009934470752036,-0.0014883959398097086,-0.0015263760301120648,-0.0015398899311039036
1.4299999999999806,-0.720691919084606,-0.9951572436372826,-1.2993873164246634,-1.626393552194256,-1.998086684513831,-2.4303550160746363,-2.938482617496827,-3.53990257465615,-4.25465282142712,-5.102535028007752,-6.097442413339893,-7.241991447965399,-8.527235381777663,-9.94226211772304,-11.500422176348067,-13.302778906123464,-15.723440233791012,-20.12526866414655,-32.043213954082646,-19.749935037230156,0.9163155337950195,0.9201984236646303,0.4603207935892973,0.21545608435524527,0.09883216885601971,0.044630896145583736,0.01964224183895983,0.008159322236740998,0.0028908498410902756,0.0004756853596339962,-0.0006308056279846156,-0.0011373303462817875,-0.001368681697695479,-0.001473430141538806,-0.0015190925360491503,-0.0015355812412210946
1.4349999999999805,-0.6960288100469542,-0.9558240096044731,-1.2454272772458153,-1.5576641749652032,-1.9134918284943672,-2.328061605883366,-2.8157942681376067,-3.393125430562526,-4.079400948087505,-4.894766890699257,-5.854943400484016,-6.965377993637321,-8.21934955644032,-9.60485910429194,-11.126090741042294,-12.854690793003021,-15.070217100094194,-18.760163877936602,-27.842913767167328,-30.05039817797185,0.13767407330233272,1.0732629778636524,0.555453785245329,0.2606947019001892,0.11949994419933642,0.05400645493021298,0.023898433952051705,0.010096148391282466,0.003774204732633661,0.0008792227896355772,-0.0004462710209319639,-0.0010528775010013986,-0.0013299534176606884,-0.0014554877923120043,-0.0015103508519957282,-0.00153040150623517
1.4399999999999804,-0.6725885060687034,-0.9182800092764537,-1.193843442452291,-1.4918734486649985,-1.832403113825202,-2.229909281729885,-2.6980337790070212,-3.2522494070604053,-3.911096228339899,-4.69477548818279,-5.620499844084543,-6.696418986208373,-7.918360647171809,-9.274249694427553,-10.761338225321191,-12.427381012015367,-14.476124519749325,-17.610556534116405,-24.469011112847966,-36.07926869584908,-2.3691003297512103,1.1227409868717202,0.6425637519413032,0.308577197585129,0.14281402043209712,0.06493479898031337,0.028943426753776907,0.012410353897563302,0.00483317484004879,0.0013634594445901954,-0.0002248404965679079,-0.000951572977311167,-0.0012835086727424237,-0.0014339679563834496,-0.00149985850401852,-0.0015241770601524538
1.4449999999999803,-0.6502850407136387,-0.882429414076414,-1.1445287722043713,-1.428905038491287,-1.7546910548800414,-2.1357417268451777,-2.5850021168379977,-3.1170359671022494,-3.7495038441952815,-4.502407525779231,-5.394108486090775,-6.435260590411054,-7.624452551631256,-8.95042496114915,-10.405703437842172,-12.020269996555005,-13.944653053474003,-16.706111378430958,-22.247555979802797,-36.400850068646704,-7.645377761946734,1.0845716357022204,0.7316634725974498,0.3607509147727662,0.16892646473600675,0.07743127550728622,0.03480423285154559,0.015129516549892873,0.006087070453349531,0.0019396691431153327,3.944424839504219e-05,-0.0008304453972094021,-0.0012279136345040255,-0.0014081853654707669,-0.001487274402897389,-0.0015167026422170493
1.4499999999999802,-0.6290359716733048,-0.8481793313954277,-1.0973784316068598,-1.368644792337235,-1.6802302482861955,-2.0454105551753496,-2.476510947484397,-2.9872534322547666,-3.5943820681097765,-4.317484029429008,-5.175729987718427,-6.182024909458069,-7.337823984637211,-8.633417335902086,-10.058472021018028,-11.62997050046078,-13.460125334573716,-15.958026033516084,-20.622807602135936,-33.41375977008027,-16.214158793539312,0.9968634909207297,0.8641603013182296,0.4308668163315045,0.20194865659768058,0.09272183474638204,0.04185919402534357,0.01837957713035206,0.007582300248323959,0.0026267071515528994,0.00035480099481659147,-0.0006857680124688166,-0.00116144454287219,-0.0013773289974048934,-0.0014721960567344677,-0.001507735592278553
1.45499999999998,-0.6087626471213583,-0.8154400411326135,-1.052289952104392,-1.310980591550428,-1.608898700248909,-1.9587743579438577,-2.3723823983630146,-2.86267873708775,-3.445486130593861,-4.139803929352874,-4.965287259551755,-5.9367951077974075,-7.058645640863339,-8.32321557817538,-9.718699274695199,-11.252112363156824,-13.004523677360915,-15.286032088194307,-19.205122486043557,-29.236647594666188,-26.781935040380972,0.5341215211022474,1.0282694158670669,0.5228858277544203,0.2446846405015954,0.11208626504473672,0.05062468837023129,0.02236040380204878,0.009396091926962929,0.003455060770219156,0.0007336666956732391,-0.0005122881561938878,-0.0010818117088910576,-0.0013403670789574212,-0.0014541261175974568,-0.0014969811143581493
1.45999999999998,-0.5893904284798176,-0.7841252187747527,-1.0091634303068606,-1.255802305432518,-1.5405772764673127,-1.875697745094943,-2.272448520806784,-2.743098622530335,-3.3025717081374624,-3.9691483293985286,-4.762667506985294,-5.699614714351646,-6.787070742620064,-8.019867412756541,-9.385794844565199,-10.8841762430792,-12.570169793959527,-14.67061708869764,-17.971614035152403,-25.47139904086553,-34.730568371874305,-1.2505761508592017,1.1201978522519496,0.6144814837578588,0.2922568158919753,0.13467748419377198,0.061068916310538755,0.02714410628123381,0.011580896388536868,0.0044525596319131425,0.0011893450498170815,-0.0003039026901435226,-0.0009862512436876634,-0.0012960376641591009,-0.0014324560773803859,-0.0014840800322383934
1.4649999999999799,-0.5708488650425658,-0.7541521354501807,-0.9679017484177128,-1.2030018351660778,-1.475149282007457,-1.7960504326734634,-2.1765505430320644,-2.628310352984952,-3.165398063112165,-3.805285370019747,-4.5677267981534255,-5.470492131586049,-6.52324880830019,-7.723532034022484,-9.059659523005159,-10.525498912068612,-12.156423146237044,-14.118860408550088,-16.99038642042354,-22.90425980696517,-36.798347053082566,-5.4942509932785875,1.1013913696048938,0.698429541492559,0.3417796154442741,0.1595406285828429,0.07295662558646948,0.03270611981939738,0.014154958251296014,0.0056370704468304425,0.0017328745893805788,-5.4746977792570484e-05,-0.0008718539906488743,-0.001242934077553332,-0.0014064828638884709,-0.0014686089163418292
1.4699999999999798,-0.553071818008713,-0.7254418274506803,-0.9284108015895928,-1.1524732308075107,-1.4125001707602078,-1.7197064139728935,-2.0845379860149644,-2.518121991366201,-3.0337306535485102,-3.647974866605629,-4.380294280285481,-5.249400517237611,-6.267312445043556,-7.434411340675527,-8.740337340379682,-10.175519883309601,-11.760929302578143,-13.620704500503836,-16.20078919744502,-21.14071908701601,-34.649627191914355,-12.947425553523193,1.0404057282100836,0.8128753966937149,0.4042547792880231,0.18965162896280174,0.08710579042431615,0.039291029798011676,0.017202755959330737,0.007042552247856392,0.0023793994303881387,0.00024226660243133712,-0.0007352509915185381,-0.0011794391924297262,-0.0013753928973273234,-0.001450073262855811
1.4749999999999797,-0.535997533418434,-0.697919229797661,-0.8905997191210383,-1.1041128637485218,-1.352517377204654,-1.6465432392993318,-1.996267701719736,-2.412352268286156,-2.907343099329819,-3.496972360679702,-4.200175737561064,-5.036275497098603,-6.019358775318293,-7.152686279608352,-8.42782463717085,-9.83330775974565,-11.379254157298423,-13.156740271819702,-15.508129816509973,-19.67057734853774,-30.684244120487673,-23.200421393347213,0.7799553359161697,0.9743108859325649,0.490148400092999,0.22922592226075433,0.10505079106141604,0.04744030267749586,0.020916615381816356,0.008739621080324103,0.0031561590236350127,0.0005982195833574575,-0.0005717131086020236,-0.001103442525704219,-0.0013381717102875675,-0.0014278715425277344
1.4799999999999796,-0.5195686651877682,-0.6715132704477725,-0.8543810683532138,-1.05781963691079,-1.2950902583654353,-1.576441420145637,-1.9116028910939649,-2.310830119803213,-2.786018551152088,-3.352032724219633,-4.027157577687868,-4.83101584566363,-5.779444222195503,-6.878513432380639,-8.122136431579106,-9.498100819787366,-11.00807809232979,-12.71536818874459,-14.872700638024428,-18.363460979009243,-26.625191160476906,-32.64523016345076,-0.41984583353445704,1.103336886716846,0.5849675227770171,0.27600108296588155,0.12675941655395628,0.05735843905701719,0.025432037236533894,0.010796066691496974,0.0040940708121470736,0.0010267653497221642,-0.00037523765732565945,-0.0010122625916574569,-0.001293546064846848,-0.001401259270955281
1.4849999999999794,-0.5037322508650768,-0.6461569236165836,-0.8196710323084688,-1.0134952157641088,-1.2401101308608946,-1.5092839664984337,-1.8304121559024917,-2.213393987031681,-2.669550558522206,-3.212913436592464,-3.8610115831895992,-4.6334875667965045,-5.5475888138853175,-6.61204383792395,-7.823397637572191,-9.169661390230791,-10.646295777720782,-12.294703263622779,-14.299330530949863,-17.296935084437457,-23.653057735750025,-36.711572606698184,-3.7201825206716035,1.115300284254456,0.6688900919961198,0.32429201651151845,0.15074217168766038,0.06873402399149027,0.030722746220398493,0.013234245115821879,0.005212975874497952,0.0015395263211671947,-0.00013985958870873605,-0.0009029828981521449,-0.001240055826952655,-0.0013693584797905424
1.4899999999999793,-0.4884396438616796,-0.6217872223833905,-0.7863895544009786,-0.9710442647179875,-1.1874703859179205,-1.444956058426257,-1.7525686269263616,-2.1198909573045635,-2.5577434860656174,-3.0793773978533605,-3.701499708767513,-4.443528418660722,-5.3237779206622085,-6.3534182933305985,-7.531805604286518,-8.848023209741033,-10.293455541694993,-11.893470992377097,-13.785148046957762,-16.454175990293546,-21.688722574749377,-35.6826336019359,-10.035337511572724,1.066338284732471,0.7680102913462207,0.3806043193536109,0.1785123520891997,0.08194319152673597,0.036906706835443046,0.016103697398911054,0.006537380629254044,0.00214906612096498,0.00014077638251162416,-0.0007724319275115223,-0.0011760674169924389,-0.0013311634881185367
1.4949999999999792,-0.4736464067593128,-0.59834523217574,-0.7544604457595017,-0.9303746752863686,-1.1370666639768254,-1.383344845796448,-1.6779491970531808,-2.0301758094577163,-2.450412506961523,-2.95119511576359,-3.5483783349667255,-4.260951587492576,-5.107959997905925,-6.102747325083051,-7.2475515233415235,-8.533200088630087,-9.948712181753251,-11.507584401684763,-13.311464967486982,-15.736380574014978,-20.152781075406654,-32.12275328795662,-19.545236783199364,0.9222415910521704,0.9169402003294718,0.45858300374888267,0.21465838979066737,0.09847164744166981,0.04446746135256184,0.019568008101281564,0.008126327234676335,0.002878366654274254,0.0004762604676892927,-0.000616359401479016,-0.001099534503566986,-0.001285455728629615
1.4999999999999791,-0.4593121708345127,-0.5757759878684038,-0.7238114527715133,-0.8913977745837566,-1.0887970702472693,-1.3243393644451262,-1.606433877357368,-1.9441100210331976,-2.347383235317869,-2.8281462658061223,-3.401402003588805,-4.085549430474069,-4.900045938732167,-5.860100891501648,-6.97079801036015,-8.225186569707304,-9.611178419583425,-11.133060122194173,-12.862966997917741,-15.082111674078542,-18.78453758485601,-27.918975485988838,-29.877877803950295,0.16485209328255435,1.0710228369287336,0.5536317688912932,0.2597776996945087,0.11907045574924757,0.053809261144076796,0.023808704891269246,0.010056403609054505,0.0037592641412148827,0.0008799573583924414,-0.0004289920306386095,-0.0010077781805446983,-0.0012306900041270915
1.504999999999979,-0.44540046724166504,-0.5540283981068956,-0.6943742843157886,-0.8540285050828882,-1.042562413374739,-1.2678305537314318,-1.5379052868544658,-1.8615607935875436,-2.2484910888354106,-2.7100207192167542,-3.2603268122956477,-3.9170980153856774,-4.699912263840783,-5.625510858442774,-6.701696913924125,-7.924067677597664,-9.280441335288875,-10.768129406667553,-12.435258565948608,-14.486790220263009,-17.630023976677556,-24.521529809551723,-36.021907129528884,-2.297711457522616,1.122891291356654,0.6409858216586504,0.30764479334863115,0.1423453951585249,0.06471087011873204,0.0288391804826462,0.01236364738449078,0.004815583514739794,0.0013644549541888904,-0.00020415463767529496,-0.0008977237074551715,-0.0011650301150784583
1.509999999999979,-0.4318785353461727,-0.5330551210544822,-0.6660845997585322,-0.8181855690318366,-0.9982664508863544,-1.2137113582229675,-1.4722482792760894,-1.78240014330573,-2.153580468564063,-2.596619107494889,-3.124913411037468,-3.755362003433166,-4.507405806459996,-5.39897450584769,-6.4403946573229245,-7.6300262480382095,-8.956488253593367,-10.412325559624946,-12.027782681776431,-13.954222314029982,-16.721541602409115,-22.282531110699587,-36.43378565193502,-7.513498861353243,1.0855366824227122,0.7296414404605802,0.3596224116367094,0.16837417010885142,0.07716934047758581,0.034682226430355324,0.015074734263825999,0.006066473892956788,0.0019410470567337188,6.423301069469396e-05,-0.0007661139284731482,-0.0010864323273957351
1.5149999999999788,-0.41871711358479174,-0.5128124161036964,-0.6388819600956879,-0.7837915333006383,-0.9558161270386099,-1.1618768948216855,-1.4093497026114161,-1.7065040899298047,-2.0625038229927637,-2.487752951548708,-2.99492941141056,-3.600099111995262,-4.322347631670345,-5.18045304664497,-6.187013972252723,-7.343261365999624,-8.639352641931513,-10.064943009502171,-11.637204160581065,-13.4689857750822,-15.97139238462585,-20.651335622849803,-33.487465105279924,-16.021225254919347,1.0000299316167998,0.8610954298601966,0.4292774342523396,0.20121840724444717,0.09239023332228768,0.04170894126799755,0.018313233498422253,0.007557625026645651,0.002628428713440551,0.0003844742523404492,-0.00060890241573776,-0.000992457192510749
1.5199999999999787,-0.40589021793396496,-0.4932599762188675,-0.6127097456214826,-0.750772892593921,-0.9151217909353281,-1.1122246661358344,-1.349098280933661,-1.6337519650777903,-1.9751206550285185,-2.383244403684266,-2.8701511512027413,-3.451064004273315,-4.144536626744254,-4.969869913116172,-5.941638772622941,-7.063944289509253,-8.329023371107992,-9.725035795165066,-11.25913915751445,-13.012938653268867,-15.298305296475204,-19.2308071818122,-29.317356474184443,-26.585270860732592,0.5514854676575531,1.0253851250347803,0.5210190432588016,0.2437892769704593,0.11167632580815999,0.05043965700516371,0.02227930357954604,0.009366111625706136,0.0034570347669755,0.0007691320127580538,-0.0004204377394055744,-0.000879902446658796
1.5249999999999786,-0.3933749126843731,-0.47436074549927776,-0.5875150441967982,-0.7190600909102539,-0.8760973852699334,-1.0646548014528197,-1.291384604002749,-1.5640258528976931,-1.8912965292087256,-2.2829256873266845,-2.7503648920271413,-3.3080117928719694,-3.9737537653503665,-4.767112733929613,-5.704313230991289,-6.792228371019746,-8.02554609960875,-9.392003176786261,-10.891022000266247,-12.57818757743664,-14.681722307426202,-17.992831548885782,-25.532416216843426,-34.63185987318139,-1.1963868423293702,1.119623540487948,0.6128494402927873,0.29133358101311396,0.13422281595783248,0.06085570680727852,0.027048823734967243,0.011545405926343729,0.004455020329362339,0.0012317813958674143,-0.00019409453615058477,-0.0007448761458732436
1.5299999999999785,-0.3811510777363078,-0.45608072634222246,-0.5632485146184436,-0.6885875027575826,-0.8386605986391938,-1.0190703081018393,-1.2361012076532079,-1.4972101688476442,-1.8109021304660373,-2.186638326436641,-2.6353675364885323,-3.170701194467271,-3.809766977043097,-4.572037891671052,-5.475046317535002,-6.528263242014299,-7.729078330203194,-9.065739391437367,-10.532171059897358,-12.164055613929365,-14.128771266405288,-17.006970748903637,-22.94374217153822,-36.807054667729524,-5.384147546018749,1.1022437476806703,0.6966685264299165,0.3407531306081971,0.15902797211649078,0.07271275450759035,0.032595857198955955,0.014113709192228036,0.005640410527016565,0.0017837530385378855,7.659328150516989e-05,-0.0005832130506616242
1.5349999999999784,-0.3692011761200345,-0.43838878025545613,-0.5398642297660433,-0.6592933769596878,-0.8027329768952374,-0.9753773179225833,-1.1831427263178425,-1.4331913746953062,-1.733812412361309,-2.094232238124991,-2.5249669004958304,-3.0388971551829553,-3.6523358046478536,-4.384474764492025,-5.253811781741817,-6.272182010851124,-7.439821942785246,-8.746288633725385,-10.182033934474214,-11.768251445785276,-13.629773858190912,-16.21469552846136,-21.170659300195993,-34.71378981963645,-12.772695084272705,1.042159154201554,0.810145533732594,0.40283413084292696,0.1889903563188584,0.08680371115345199,0.03915739999505172,0.01715335082791795,0.007046683362367013,0.0024403339254670045,0.00039935201650087614,-0.00039012057620366647
1.5399999999999783,-0.3575100249063029,-0.4212564259650998,-0.5173195041758203,-0.6311197468580989,-0.7682399913093049,-0.9334853158104344,-1.1324060981939845,-1.3718578209581138,-1.6599058594494578,-2.00556474861523,-2.418981577042298,-2.91237283034519,-3.5012154736654155,-4.204229292803267,-5.04054585106609,-6.024082537749456,-7.157958481528987,-8.433648043528201,-9.839682302730079,-11.386349462173412,-13.165300643097229,-15.520761280338828,-19.69730847767286,-30.766208830683766,-22.993237952815562,0.7902896847951344,0.9710855642511971,0.4883128555417348,0.22837352503389763,0.10466777847957265,0.04727365181638237,0.020855586969836398,0.00874408115578987,0.0032289342238632276,0.0007860501518878044,-0.00015901226254287702
1.5449999999999782,-0.34606457214007325,-0.4046576380126057,-0.4955747105000876,-0.6040123113716744,-0.7351110633869041,-0.8933073398568528,-1.0837908038129993,-1.3130997032300216,-1.5890638792053755,-1.9204995904156188,-2.3172404658933683,-2.7909109629230047,-3.3561605093035585,-4.0310879562863615,-4.835147836471454,-5.784021941610542,-6.883644783016448,-8.127831126175657,-9.504345905205255,-11.01498762275019,-12.72353018625118,-14.884242477080113,-18.386419674108005,-26.694701194484374,-32.50542347750141,-0.38070787231222036,1.1018907400386784,0.5832337619152599,0.2750793379743718,0.12632029986384496,0.05716202746225766,0.025359222796100228,0.010801315327221719,0.004181077109139321,0.0012514409865464616,0.00011851425174507261
1.549999999999978,-0.3348536819248612,-0.38856864856924656,-0.4745930889876856,-0.5779202917379331,-0.7032795478942231,-0.8547601452438456,-1.0371991199693504,-1.2568091159418824,-1.5211703317689946,-1.8389059351723118,-2.2195820629828154,-2.674304757602022,-3.216928024854174,-3.864822520966836,-4.637484176426611,-5.552020846995132,-6.617031917863903,-7.828960641573598,-9.175777979718777,-10.653028477916983,-12.302468272046324,-14.3096297134976,-17.31492903006463,-23.698617781437836,-36.68928969167359,-3.63063167557587,1.115910483798723,0.6672771853554074,0.3233309447217544,0.15026090661627123,0.06851216980742303,0.030639383131192514,0.01324157180433501,0.005317364873163581,0.0018084410256586783,0.0004510431797383847
1.554999999999978,-0.3238679293103712,-0.3729677547291423,-0.4543405537254005,-0.5527962688790953,-0.6726826770729912,-0.8177643267191362,-0.9925363728202665,-1.2028801851767914,-1.4561111981880939,-1.760657505129592,-2.125853590151875,-2.5623583010591013,-3.0832805489088777,-3.7051948484730732,-4.447392979541569,-5.328065230845922,-6.358261041784666,-7.537233396500403,-8.854010745145064,-10.300023631051092,-11.900895186685098,-13.794467803573927,-16.468790061291436,-21.7208045516006,-35.73312621895126,-9.882026756306214,1.0674998868032182,0.7656596181775226,0.37934745152782406,0.17791756199716735,0.08167630500968606,0.036807755029562066,0.016113040266117252,0.006662536592067187,0.0024708854378261147,0.0008477150269612125
1.5599999999999778,-0.3130994062058805,-0.3578351330921164,-0.43478549891863616,-0.5285960062360301,-0.6432614700403659,-0.7822443969288642,-0.949711176177644,-1.1512092610178692,-1.3937743804494285,-1.6856317919963915,-2.035910028378505,-2.454886557380723,-2.9549882266532217,-3.5519611656760444,-4.2646877123684535,-5.112104190893981,-6.107443373593295,-7.252841107382669,-8.539059167507508,-9.955134671093733,-11.514756304658244,-13.32018353474768,-15.749383295424309,-20.180430939042587,-32.20230859235206,-19.340406539368196,0.9279919518472939,0.9136823851341809,0.45685238160726044,0.2138706767281498,0.09812961784400008,0.044342813475593344,0.019577599926541712,0.008275689753751632,0.003263255895501525,0.0013218282080742576
1.5649999999999777,-0.3025415391638237,-0.3431526630375848,-0.41589860801815376,-0.5052782626639756,-0.6149606120727289,-0.7481288200728885,-0.9086356435293558,-1.1016951497668657,-1.3340496210397517,-1.6137094014263433,-1.949613112656819,-2.351714999939754,-2.8318303915637597,-3.404875811624535,-4.089160933884165,-4.904049230533477,-5.864649609656864,-6.975946798533997,-8.230917070165559,-9.617469096411272,-11.140037586828798,-12.871272898115535,-15.094065545005463,-18.809068112583972,-27.995608386295174,-29.703201665809924,0.19148627981946476,1.0687381930472564,0.5518058682787961,0.2588689629958376,0.11866197837724769,0.05365807626772783,0.023819056024638505,0.010234682183218779,0.004219689427713348,0.0018919096116029746
1.5699999999999776,-0.292188919542204,-0.32890375970449404,-0.3976526680140853,-0.4828045995952109,-0.587728308846592,-0.7153500022256103,-0.8692255650268342,-1.0542393673014012,-1.276828526326554,-1.5447735337924697,-1.8668303450603159,-2.2526789711556443,-2.713596602125086,-3.2636946411892387,-3.920588823745966,-4.703777389205103,-5.629912247558604,-6.706702349232864,-7.929667168303142,-9.286603429437072,-10.774927651468799,-12.443164430625279,-14.497513715493007,-17.649648103496837,-24.57466706126366,-35.96216058620445,-2.227137823953067,1.1230127636700817,0.6394088857182184,0.3067227264294563,0.1419016176061514,0.06454171699600667,0.02885448205164642,0.012577697598697363,0.005366887751945498,0.002576142373970189
1.5749999999999775,-0.28203714628052995,-0.3150732173708533,-0.380022390766795,-0.46113918623449246,-0.5615161208246223,-0.6838442411795786,-0.8314005434133198,-1.0087463965234864,-1.2220046758402932,-1.4787096045897357,-1.7874340736198606,-2.1576228575352068,-2.6000872132998514,-3.128178033184877,-3.758736069838259,-4.511135930863656,-5.403229178152872,-6.445254397493271,-7.635491143043318,-8.9625210464306,-10.418953614615539,-12.035321062965924,-13.96383953366134,-16.73707854096872,-22.317827852344866,-36.46563661598931,-7.382505886443036,1.0865043270997088,0.7276385373440989,0.3585116229232226,0.1678529605464582,0.07697316730330016,0.034703193542475794,0.015331850292911012,0.0067265453852335035,0.003391152340966111
1.5799999999999774,-0.2720826812813706,-0.30164706362124205,-0.362984242808678,-0.44024860603713706,-0.5362787828745048,-0.6535516398236775,-0.7950840854607841,-0.9651239339873635,-1.1694737980994405,-1.415405000109149,-1.7113006704479454,-2.0663991478213255,-2.491113511209658,-2.998093313546873,-3.6033603450551452,-4.3259462820851535,-5.184562271653229,-6.191726284519218,-7.348588388758996,-8.645256390030918,-10.071418744917803,-11.644460781147538,-13.477884865118872,-15.984827765022546,-20.680015840574615,-33.56095247351057,-15.828662600472889,1.0031013635587653,0.8580467866164672,0.4277095784817255,0.20052584459105055,0.09213744217650263,0.041729670828271226,0.018619886834831005,0.008347038161155793,0.0043627708530687755
1.5849999999999773,-0.2623227172100494,-0.2886124244628978,-0.34651628466296147,-0.420101667222128,-0.5119740139164968,-0.6244159878323813,-0.7602036478057649,-0.923283113253898,-1.119133993104291,-1.3547489577315737,-1.6383098304667731,-1.9788674330657494,-2.3864974586824776,-2.8732165325047307,-3.454216208465997,-4.148007619077573,-4.973835617070414,-5.94620268245353,-7.069130698491581,-8.334798455275443,-9.73137604497509,-11.266187165116458,-13.021388064602816,-15.310637737179242,-19.256633872953874,-29.39846303850685,-26.387123905089524,0.5684314921940952,1.022474727756472,0.5191664054322493,0.24293585202299878,0.11135973041821787,0.05045880721072362,0.02264426068455932,0.01031014331826044,0.005532612327324615
1.5899999999999772,-0.252755057365732,-0.2759574003331503,-0.3305980203827496,-0.40066921955887524,-0.48856232100458713,-0.5963846169011849,-0.7266906381027287,-0.8831386952120007,-1.0708859822126848,-1.2966325560647896,-1.5683440038460155,-1.8948934062268208,-2.286071136169959,-2.753333672197183,-3.311058616726968,-3.9771011170177055,-4.770937425022275,-5.708728438636431,-6.797271537092111,-8.031190822525863,-9.398214400221605,-10.897888072512648,-12.586238670239181,-14.692887717564535,-18.01421254759227,-25.59409811907032,-34.53051287927116,-1.1429681325914638,1.1190111039289543,0.6112309716695166,0.29045852617154055,0.13387884049344462,0.06088631937446027,0.027487150291756073,0.01267598234388665,0.006941275248427144
1.594999999999977,-0.24337800716783914,-0.2636709527878484,-0.31521025770950184,-0.3819239791871165,-0.4660068017469384,-0.5694082349071644,-0.6944803740629896,-0.8446092183919937,-1.0246333675818515,-1.2409487976163194,-1.5012879681146276,-1.8143479129647047,-2.189675970376409,-2.6382413720943267,-3.1736460882266053,-3.8129948169813304,-4.575724568212685,-5.479313138730597,-6.5331606300683145,-7.734589241574739,-9.071821297175354,-10.538862619792093,-12.171719318905954,-14.138734648194966,-17.023677985993526,-22.98363593886399,-36.814215871587216,-5.274976592065533,1.103100127502461,0.6949413189388547,0.3397886242967303,0.15864850613072923,0.07276055343865188,0.03312400090958488,0.015468007595106026,0.008616748903851558
1.599999999999977,-0.23419027671808917,-0.25174280152809164,-0.300334979000478,-0.3638403627930132,-0.44427294844719334,-0.5434407443026568,-0.6635120042392902,-0.8076171050072974,-0.9802828853900135,-1.1875927649644524,-1.4370285381120231,-1.7371060919869314,-2.097161824613937,-2.527747208559869,-3.041743341268136,-3.655448294692913,-4.388026842926563,-5.257931188165728,-6.276931578483883,-7.4451955269189884,-8.752241003263485,-10.188566344334387,-11.775602091670368,-13.638885464487647,-16.228678812599192,-21.200779100325548,-34.77744655830707,-12.59872031234363,1.043873973480744,0.8074612145779094,0.4014907380585637,0.18848935205023548,0.08685058378219997,0.03978721458982996,0.018772786231934627,0.010605282025833017
1.604999999999977,-0.2251908938327667,-0.24016333132354142,-0.28595522286315267,-0.34639433205719894,-0.423328456799555,-0.5184390497732181,-0.6337283952939283,-0.7720887209048066,-0.9377446394159561,-1.1364618305291394,-1.3754544050464084,-1.6630466299342233,-2.0083860113225804,-2.4216695644004353,-2.9151232867994437,-3.504216741962016,-4.207650539727793,-5.044519496583895,-6.0286829893137455,-7.163191805692677,-8.439471474407092,-9.846074232271175,-11.393471223395002,-13.173897213784327,-15.533450651125381,-19.72416207871508,-30.848315145571917,-22.785416144922518,0.8003240836534622,0.9678780271299406,0.48656126033188496,0.22771052948972423,0.1047012707034118,0.048019725290784826,0.022790704930860363,0.0130012364332229
1.6099999999999768,-0.21637912691231212,-0.22892350832561736,-0.27205497626475716,-0.3295632489561142,-0.40314304143844953,-0.4943628597853863,-0.6050759910481232,-0.7379543897819544,-0.8969323042125344,-1.0874559002491129,-1.3164560910300767,-1.5920511464751388,-1.923212284747347,-2.3198371621857663,-2.793568417669148,-3.3590545914573475,-4.034382405923575,-4.838978005809175,-5.78847270097824,-6.888735169328757,-8.133524725735683,-9.510607608973547,-11.021922611716612,-12.73172681408061,-14.895842758963644,-18.40953071336986,-26.76480626251809,-32.36310324946105,-0.3423025688478867,1.1004282285764322,0.5815892055627974,0.27437998887561343,0.12637773026062174,0.05805717697737346,0.027676450526541736,0.015902533764260374
1.6149999999999767,-0.2077544169907003,-0.21801480521375138,-0.25861907675513546,-0.31332574218251,-0.3836882601306323,-0.4711744861429145,-0.5775046488167987,-0.7051483638168063,-0.8577632899143032,-1.0404776726892024,-1.2599260025026142,-1.524003718051458,-1.841509868519994,-2.222088355244131,-2.6768716916003807,-3.2197188127577476,-3.8679943833911183,-4.641173693100462,-5.556321966582434,-6.621976714349351,-7.834521328089146,-9.181910472499931,-10.659785882605913,-12.310266404344695,-14.319983044025888,-17.333054715240205,-23.744653630541233,-36.6649220331755,-3.54213543760028,1.116537584045288,0.6657824151673873,0.32263753056509753,0.15037319854670345,0.0695960129167096,0.03341689253430541,0.019350766394975127
1.6199999999999766,-0.1993163183002843,-0.20742913458732612,-0.24563312433866596,-0.29766158471840265,-0.3649373479378165,-0.4488386451249804,-0.5509674585217519,-0.6736087542952331,-0.8201588635003385,-0.9954328969636972,-1.2057585639729993,-1.4587905411362974,-1.7631525614546926,-2.1282702574267676,-2.5648369595250213,-3.085971750976367,-3.7082484252413046,-4.450945128300531,-5.332217409406171,-6.363057949610382,-7.542657501527419,-8.86001338531184,-10.306615485301293,-11.90834987912978,-13.803831288408778,-16.483485451774005,-21.753083032074105,-35.7826506318097,-9.72994554530667,1.0686713371002043,0.763462652596238,0.3784146043948513,0.178032888160425,0.08297013242462428,0.04012840383962024,0.023413468428779786
1.6249999999999765,-0.1910644467002563,-0.19715879001020836,-0.23308340246023018,-0.28255158237361566,-0.34686506225594915,-0.4273222632028121,-0.5254205498276886,-0.6432774268341865,-0.7840442239039482,-0.9522306151524428,-1.1538504123166096,-1.396299728399022,-1.688017950699489,-2.0382377751059972,-2.457278967995822,-2.9575833410094594,-3.5549007777968322,-4.268106173327064,-5.116108818111652,-6.112090791739613,-7.258125472805625,-8.544932465040414,-9.961579965637528,-11.521956295445458,-13.328937705165025,-15.762437021129744,-20.208156844410397,-32.28153754387301,-19.136093615765585,0.9335323346365305,0.9105826990591152,0.4555038056851867,0.21392965868380737,0.09965186063936415,0.04830531444922253,0.028303401874088696
1.6299999999999764,-0.1829984353267783,-0.18719639410964878,-0.22095680752471666,-0.26797747295596885,-0.32944753927123693,-0.4065942897692307,-0.5008228921528913,-0.6140998664648736,-0.7493485306657482,-0.9107833774530014,-1.1041006316815352,-1.336421225572957,-1.61598675070059,-1.9518525996667357,-2.3540229962559867,-2.83433269071468,-3.407705736065571,-4.092449705905672,-4.907908363500403,-5.869146692035713,-6.981088680843983,-8.236660855538164,-9.623781807004352,-11.147041788534938,-12.879611393013638,-15.106065790946218,-18.833688491723187,-28.07245681813341,-29.526872739148946,0.21734754885510954,1.0665762278203137,0.5504188469382387,0.2589660364621059,0.12048089396779256,0.0583995929941368,0.03427685658499428
1.6349999999999763,-0.17511789684572726,-0.17753485314293102,-0.20924078633930637,-0.2539218356023483,-0.3126621620661678,-0.3866255187827028,-0.47713609191117967,-0.5860250181462417,-0.7160048877557955,-0.8710074211087822,-1.056411009961449,-1.2790468332657063,-1.546942278854656,-1.8689822171825354,-2.254904219154831,-2.716009127021948,-3.2664190539438924,-3.9237521336516847,-4.707493666979154,-5.634258802522663,-6.71169903924927,-7.935278958961404,-9.292786927402306,-10.78175190610619,-12.451101798156127,-14.508283305554723,-17.669371670647514,-24.628144480025668,-35.89983951270797,-2.1580916008735866,1.1232627655680703,0.6383532708920157,0.3069994583602702,0.14412005788823762,0.07022955066064043,0.04138659278976088
1.6399999999999761,-0.16742239171437007,-0.16816731746407454,-0.19792328085905506,-0.2403680097187176,-0.2964874403410646,-0.3673884207303461,-0.45432419077068364,-0.5590051083328513,-0.6839502857820476,-0.832822806980453,-1.010686299487762,-1.2240703157243367,-1.4807700713682097,-1.7894989832445745,-2.1597668836981843,-2.6024127758322666,-3.1308009621182187,-3.7617782836614198,-4.514712490144768,-5.4074256502764655,-6.450103396920692,-7.64096725946071,-8.968574580778453,-10.425606845704428,-12.042888685838948,-13.973494131822568,-16.752671058483752,-22.353204367053138,-36.49551804476645,-7.254003477390531,1.0875984142965234,0.7262698721879103,0.35883438178994453,0.17051071932774178,0.08377231936612027,0.04966776872049205
1.644999999999976,-0.15991140188930883,-0.15908714734516227,-0.1869926796192041,-0.22730002291134127,-0.28090290151358815,-0.34885698586996483,-0.43235346813502623,-0.5329954530235558,-0.653125506944013,-0.7961535103076137,-0.9668344667415586,-1.1713875770651356,-1.4173576351284032,-1.7132792967090518,-2.0684633674147404,-2.4933547044032887,-3.000618603829258,-3.606285891087972,-4.329386690368507,-5.188609792198407,-6.196425704990298,-7.353925435938969,-8.65118012629236,-10.077918662977144,-11.651743810848545,-13.48681088482121,-15.998274807122288,-20.708570860241778,-33.63278951959383,-15.63925928140414,1.0060428882962689,0.8557355488529237,0.42784865740253386,0.20362450593263995,0.10023297119249802,0.05958621556142439
1.649999999999976,-0.1525843094463314,-0.15028788363352025,-0.17643777524875612,-0.2147025272509884,-0.2658889927851484,-0.33100657932964844,-0.41119225046272956,-0.5079542573589476,-0.6234749978942355,-0.7609274646159685,-0.9247669183837794,-1.1208968849226069,-1.3565943250202899,-1.6402028939606401,-1.9808531774750295,-2.388656673135206,-2.8756478240601044,-3.457029510090377,-4.151315803541882,-4.97773600873184,-5.9507514037329505,-7.074325818220138,-8.34059271513893,-9.737739553424785,-11.27325938400223,-13.029857873100996,-15.322962101878723,-19.28228179752856,-29.47825368774231,-26.19048421987584,0.5842921194000112,1.0203329683536104,0.5193248898899269,0.2466025485247123,0.12102875315520398,0.07185432230860024
1.6549999999999758,-0.145440379610506,-0.14176322275622255,-0.16624772748272232,-0.2025607432024043,-0.25142699364450705,-0.3138138082994107,-0.3908107294758246,-0.48384241134862854,-0.5949467160749813,-0.7270765598115762,-0.8843986936492082,-1.0724991220317346,-1.2983713319485737,-1.5701522770204943,-1.8968019482385776,-2.2881505807776064,-2.7556743870872737,-3.313764031573721,-3.980281277246111,-4.774693131792151,-5.713126032355474,-6.802321996450368,-8.03685389121044,-9.404448183663366,-10.904777269872703,-12.594308446321445,-14.70404666834549,-18.035458744881872,-25.65495072522431,-34.42705563824762,-1.0927537686097808,1.1191411563433753,0.611976194706515,0.2949729363869491,0.14548655030241642,0.08655027167230211
1.6599999999999757,-0.1384787477306134,-0.13350699561600457,-0.1564120311180103,-0.19086041054110187,-0.237498938181767,-0.2972564012841336,-0.37118079079673094,-0.4606232857524659,-0.5674919552344088,-0.6945365972179807,-0.8456486159954004,-1.0260980477109278,-1.242581764228624,-1.503012281593423,-1.8161804891586733,-2.19167769561035,-2.640494710578589,-3.1762478555101175,-3.8160513334725583,-4.579338565931908,-5.483559810245358,-6.538063792982513,-7.740117631475058,-9.077925158632375,-10.54557656133999,-12.179400473108322,-14.148690215802567,-17.040252726906346,-23.022733757789876,-36.816814618121455,-5.172738258775642,1.1046358120484638,0.6960193117304767,0.34524589638550013,0.1725249844161395,0.10337650506121654
1.6649999999999756,-0.13169840975580555,-0.125513149949325,-0.14692048838574195,-0.179587745597817,-0.22408754653048046,-0.2813130991551468,-0.35227585407108813,-0.43826253152987127,-0.5410651556966368,-0.6632472056129273,-0.8084393996498892,-0.9816005532489747,-1.1891208032621434,-1.4386697834443525,-1.738863921722415,-2.099087747022312,-2.529916153247046,-3.044245540899733,-3.6583856471817793,-4.39150256816001,-5.262027816602398,-6.281685296036419,-7.450585636528981,-8.75821463054327,-10.19512004171614,-11.782966976726808,-13.647977163869196,-16.242475026618653,-21.229817210816634,-34.83462801834972,-12.4369828423353,1.0457669043684854,0.808088464335962,0.40778841287902706,0.20495750981701266,0.12327730608995807
1.6699999999999755,-0.12509821581546599,-0.11777573575782725,-0.13776318524994804,-0.16872940418889254,-0.2111761647185388,-0.26596355756091905,-0.3340707252297312,-0.4167278856877291,-0.5156237046433139,-0.6331517232473208,-0.7726977092444227,-0.9389168975717868,-1.1378859135008275,-1.3770135344506382,-1.6647309306751743,-2.01023793807161,-2.423756891371529,-2.91752981086488,-3.507039438623877,-4.210991822228077,-5.048467662890184,-6.033285857513483,-7.168440588934615,-8.445315305889961,-9.852485944476486,-11.400602613747596,-13.182457114734213,-15.545886027199469,-19.749644597998593,-30.922598230355156,-22.59210971861245,0.808297647032997,0.9683906231819888,0.4938771070400695,0.2473049789210241,0.1482926039725402
1.6749999999999754,-0.11867686652131822,-0.11028889344462603,-0.1289304711756917,-0.15827244962374049,-0.1987487121976214,-0.2511882601272939,-0.3165414611821341,-0.3959889857559018,-0.49112773120531283,-0.6041970513552664,-0.7383541729040608,-0.8979609122638736,-1.0887770868806812,-1.3179341147847372,-1.5936631453910095,-1.9249919370915163,-2.321845457321423,-2.7958829524850186,-3.3617671051819755,-4.037593386691027,-4.8427799461365435,-5.7929240473461245,-6.893839855402241,-8.139237818803029,-9.516887744104896,-11.028863940220374,-12.739878238408178,-14.90717188561082,-18.431289640680497,-26.82777367343511,-32.226173474713434,-0.31261399278491364,1.102739117569435,0.590641131293228,0.29789920677240145,0.1787306468242812
1.6799999999999753,-0.11243291164973782,-0.10304684432647894,-0.12041294194562961,-0.1482043252111983,-0.186789636321535,-0.2369684417769503,-0.2996652469374086,-0.3760171945859282,-0.46753990061090034,-0.576333484893133,-0.7053433510342564,-0.8586501678420423,-1.041697103102265,-1.2613239846534945,-1.5255446599910676,-1.8432189032416504,-2.224020033930665,-2.6790977087558128,-3.222325524383921,-3.8710794229299603,-4.644832210716438,-5.560621767587881,-6.626934592751577,-7.840100658519438,-9.188060544472862,-10.666548608498795,-12.31802050940302,-14.330089946118163,-17.350030194364603,-23.785032913849147,-36.629777958895005,-3.476501728732798,1.1206353722352733,0.6768866355174371,0.3507568037031618,0.21275364471538544
1.6849999999999752,-0.10636475088515662,-0.09604388321610234,-0.11220142514019112,-0.13851283072797316,-0.1752838730650509,-0.22328602143891657,-0.2834202849065615,-0.35678543666819096,-0.44482521103827694,-0.5495145261903888,-0.6736036644917108,-0.8209060960102501,-0.9965517889887685,-1.2070776170118402,-1.460261693242813,-1.7647925896078864,-2.1301275862345825,-2.5669777152326403,-3.0884769030930705,-3.7112120175336267,-4.454463515585475,-5.336366301362977,-6.367866657043339,-7.548099379289072,-8.866032791722962,-10.313211464436312,-11.915758608971633,-13.812946788536413,-16.49703842218803,-21.779760093416396,-35.80717268804209,-9.624535407644387,1.0719823985225931,0.7761220242308176,0.41163664540855427,0.25189613754091533
1.689999999999975,-0.10047063633318977,-0.08927437279861336,-0.10428696792823396,-0.12918610235144434,-0.16421681329912619,-0.2101235433776832,-0.26778569594765433,-0.338268046722154,-0.42295079621073084,-0.5236966869304316,-0.6430772868751367,-0.784654065238537,-0.9532502624508288,-1.1550916914377787,-1.3977023817831271,-1.6895905532860973,-2.040022894239923,-2.4593375098939583,-2.9599910040044564,-3.557747475201703,-4.271488143337426,-5.120108132850055,-6.116748626789918,-7.263426559572746,-8.550821168990078,-9.96802593256627,-11.529098255139658,-13.337395138127574,-15.77412696036879,-20.229162620144564,-32.32478392847798,-19.002271848820822,0.9349999922693568,0.9246243284554274,0.49476284716608215,0.3020424555883789
1.694999999999975,-0.09474867653793281,-0.08273273955072127,-0.09666082685309196,-0.12021259559895275,-0.1535742739774747,-0.19746412636545618,-0.2527414315672543,-0.3204406309388952,-0.40188573616744194,-0.49883928346353074,-0.6137100063388401,-0.749823409338359,-0.9117051491547206,-1.1052653291611028,-1.3377566945294646,-1.61749349107789,-1.9535675450736307,-2.3560021761573364,-2.8366467400670703,-3.4104400826945636,-4.09569931565209,-4.911760109121876,-5.873652698231069,-6.986246032773222,-8.242418232932451,-9.63009057233892,-11.153973294096263,-12.887603375503145,-15.11652993215292,-18.851025567432995,-28.110838553659303,-29.405673514704944,0.2174344986753498,1.082637579304493,0.5972480330351835,0.364885527597005
1.6999999999999749,-0.08919684176130531,-0.0764134709775897,-0.08931445932529262,-0.11158107085847317,-0.14334247362518512,-0.18529141991832504,-0.2382681965904026,-0.30327994093059596,-0.3816008780800909,-0.4749042299138121,-0.5854510626462679,-0.7163474106971365,-0.8718327628254865,-1.0575003500959996,-1.280316452582274,-1.5483847118508745,-1.8706289413084347,-2.2568067099675715,-2.7182332302160166,-3.2690455262399296,-3.9268736964787134,-4.711200457452852,-5.638612720908467,-6.716709908406742,-7.940902760182606,-9.29896359014489,-10.788498273124768,-12.45869244489959,-14.517607605011452,-17.682707580855045,-24.65028666404959,-35.82113532740038,-2.167904470026206,1.1407138383713125,0.6939309622195368,0.4329396729810038
1.7049999999999748,-0.08381297030485427,-0.07031111396312706,-0.0822395165662191,-0.10328058113425181,-0.13350801157151282,-0.17358956684646643,-0.2243473815370139,-0.28676376018252286,-0.36206866846337465,-0.4518558329542933,-0.5582529652247072,-0.6841632414193854,-0.8335532429468531,-1.0117015344190627,-1.225275436632068,-1.4821497492454863,-1.7910793736654271,-2.161595198964633,-2.6045503878207166,-3.133323918567016,-3.764776281107443,-4.51827746313613,-5.411627892256996,-6.454965309527108,-7.64645410980568,-8.97461967530653,-10.432181313372858,-12.050120738604548,-13.981801351791281,-16.76252151895128,-22.361320271871964,-36.43133731802086,-7.302800611845121,1.10168467522103,0.7911346916817447,0.5067535212590293
1.7099999999999747,-0.07859477567498552,-0.06442027405068287,-0.07542783777399589,-0.09530046166936566,-0.12405785040550935,-0.16234317138927792,-0.21096100390339534,-0.270870802590386,-0.34326299766623075,-0.42966059150694547,-0.5320712977724245,-0.653211866819976,-0.796790646344977,-0.9677768733821017,-1.1725295623704732,-1.4186761106607573,-1.7147951921154023,-2.070219882168892,-2.4954090706506133,-3.003042245659992,-3.6091648914886987,-4.332813426936822,-5.192661435444361,-6.201136651651262,-7.359271567363597,-8.657092145456206,-10.084330552363424,-11.658659165919543,-13.494257894388985,-16.005347787859343,-20.7063805502826,-33.548436382762475,-15.755638986382003,1.0033228649041406,0.9305152856705858,0.6031483582269507
1.7149999999999745,-0.07353985441436443,-0.058735615493371016,-0.06887144531025956,-0.08763032114518964,-0.1149793011894105,-0.15153727225683616,-0.19809165753267113,-0.25558062250996627,-0.32515905712463583,-0.4082870040099267,-0.5068645145989483,-0.6234379165033367,-0.7614729915688692,-0.9256377965468253,-1.121977103823776,-1.3578531520666297,-1.6416560972119494,-1.982540149274541,-2.390630839062836,-2.8779761673147273,-3.4597940965053,-4.154608248475532,-4.981638785754917,-5.95530999625656,-7.07952755704442,-8.346369220463439,-9.743995972532911,-11.279896626822822,-13.036592149490788,-15.327865655374726,-19.27267658749447,-29.370498110592937,-26.31770184763801,0.5225974955252131,1.1031100511982563,0.7292659519587402
1.7199999999999744,-0.0686456944370568,-0.05325186192672046,-0.06256254072612052,-0.08026003418980006,-0.10626001100201342,-0.14115731993439712,-0.1857224692611863,-0.24087353562279876,-0.30773320951280253,-0.38770538531004545,-0.48259373337089717,-0.5947895286934577,-0.7275322571027995,-0.8851993653807971,-1.0735189450580838,-1.29957206397541,-1.5715445651600317,-1.8984215374310724,-2.290047406268088,-2.7579112458200115,-3.3164187411778783,-3.9834436637891395,-4.778449417749255,-5.717531673736365,-6.807376347444134,-8.042493218391881,-9.41055954249513,-10.911193051211358,-12.600568629130166,-14.707847799989189,-18.023847654959873,-25.551213393632615,-34.37724531559785,-1.3192443112003054,1.2008870555082296,0.8581691689697827
1.7249999999999743,-0.06390968372712846,-0.047963797538729994,-0.05649350147421814,-0.0731797349616611,-0.09788795243352902,-0.13118915766120937,-0.17383706204577604,-0.22673054984561386,-0.29096287165208573,-0.3678876946979787,-0.4592225283544684,-0.5672181736072881,-0.6949043361689531,-0.8463804260162301,-1.027058842145718,-1.2437259512622945,-1.5043454128930986,-1.8177347775590342,-2.1934998729863056,-2.6426436896429895,-3.178797128819674,-3.8190881045746288,-4.582951326707666,-5.487812717223734,-6.542968453405033,-7.745618199655062,-9.083899941681763,-10.551815288072184,-12.185347363480007,-14.151939789942356,-17.028487422650958,-22.92759381006121,-36.48185989097354,-5.7488057768766945,1.1688650302353147,0.9776955943574577
1.7299999999999742,-0.059329119272059534,-0.042866268621154995,-0.05065687816717562,-0.06637981160397696,-0.08985141469519888,-0.12161900554401664,-0.16241952381656294,-0.21313330546406634,-0.2748264098011516,-0.34880737611645657,-0.4367167276352596,-0.5406784615358131,-0.663528952217955,-0.809103716758525,-0.9825036793030948,-1.1902099877513836,-1.4399455016167806,-1.740354928994439,-2.1008378207304306,-2.5319806481628606,-3.0466936773769655,-3.6613013643173073,-4.394975240930255,-5.26612882879886,-6.2864380311371075,-7.455943374037258,-8.764049060683032,-10.201173531841224,-11.78852819374369,-13.650126297405835,-16.226856251685657,-21.118206529580338,-34.22639138172183,-13.55206806793279,1.040942717941529,1.1311671360520723
1.7349999999999741,-0.05490121611961903,-0.03795418540655007,-0.04504539226683782,-0.05985090139155344,-0.08213899604566038,-0.11243344731365798,-0.15145438133038325,-0.20006402364495718,-0.2593030467790573,-0.33043921114291575,-0.4150442171667401,-0.5151279409669177,-0.6333495401226723,-0.773295928459683,-0.939763705491668,-1.1389216255507488,-1.37823357030744,-1.6661606279512577,-2.011918324674865,-2.425740093891644,-2.919880932551402,-3.5098386916594415,-4.21432818824658,-5.052418096417828,-6.037884331542695,-7.17364901963655,-8.450996577623492,-9.858319696030705,-11.40564487985356,-13.182926302047909,-15.523860458150931,-19.610410124089924,-30.121887016012987,-23.991367797951465,0.5383068705444947,1.323792954786379
1.739999999999974,-0.05062311646072527,-0.03322252410298024,-0.03965193409990553,-0.05358388641728147,-0.07473959727436666,-0.10361941928816211,-0.14092657835828565,-0.18750546248890482,-0.2443727802408307,-0.31275918498673155,-0.39417475390696055,-0.4905268916238722,-0.6043130986460561,-0.7388877181174296,-0.8987527404582076,-1.0897608392836482,-1.3191001857202025,-1.5950334660200987,-1.9266049449667701,-2.323750367089345,-2.7981409822737664,-3.364454449523568,-4.0407975189826235,-4.846581732037504,-5.797366741157712,-6.898894084522313,-8.144760592652155,-9.522509304387912,-11.033479880914912,-12.739281366076511,-14.88263886222941,-18.290023483865852,-26.058000237647132,-32.71425574523772,-1.3866449164687538,1.415556006453901
1.744999999999974,-0.04649189865284314,-0.028666329052961216,-0.03446956111542077,-0.04756988968909363,-0.06764241601723708,-0.09516420114815247,-0.130821457584333,-0.1754408797973871,-0.23001631133213138,-0.2957443654280044,-0.37407978973567824,-0.4668381167202624,-0.5763700199727856,-0.7058136779180335,-0.8593883420467266,-1.0426303865511326,-1.2624377924191652,-1.5268575075208508,-1.844766751458837,-2.225849475631596,-2.681266363481525,-3.2249054423093235,-3.874155666039664,-4.648488050319978,-5.564908641132083,-6.631833035757343,-7.84546963349251,-9.19351159389097,-10.6709414016602,-12.317262817850185,-14.307127570851764,-17.22567541387386,-23.148449793955116,-35.31297099179854,-6.291292860463939,1.2400397634742393
1.7499999999999738,-0.04250458611031888,-0.024280714952367832,-0.02949149630855708,-0.04180027152620947,-0.06083694171232994,-0.08705540818255207,-0.1211247456508734,-0.16385400176421183,-0.21621498289550078,-0.2793727943891972,-0.3547323073414553,-0.4440267381327456,-0.5494739020496388,-0.6740122634209368,-0.8215919294356275,-0.9974360677795191,-1.2081408442196706,-1.4615189466699834,-1.766277424925886,-2.1318842288321123,-2.5690605041076977,-3.090953757453871,-3.7141648845928166,-4.457976658699921,-5.340497969070427,-6.372607149473855,-7.553311297015702,-8.871308787683228,-10.31734024560109,-11.914461215515177,-13.788688997687075,-16.3691368202025,-21.130135603288338,-32.83985284939189,-15.006349290985966,0.5895065160913346
1.7549999999999737,-0.03865815599927626,-0.02006086907506363,-0.024711126749997078,-0.036266626162333455,-0.05431295102882809,-0.07928098470083304,-0.11182254083830172,-0.15272899683970048,-0.20295072636851733,-0.26362339162337467,-0.3361066688133182,-0.42205999755747947,-0.5235813492097514,-0.6434256856324525,-0.7852888595824753,-0.9540869708873339,-1.1561059971851195,-1.3989058981349292,-1.6910144642529708,-2.0417092695740884,-2.461337733904533,-2.962368982791527,-3.5605814958461073,-4.274862047242184,-5.1240850037053045,-6.121326117192009,-7.268465146332553,-8.555869766748966,-9.971688492012206,-11.52639288587158,-13.307925825988896,-15.624317440540286,-19.477393720458497,-28.32433783147394,-25.18812180880516,-1.6516009717005824
1.7599999999999736,-0.034949547684786766,-0.016002053457927136,-0.02012200216928916,-0.030960778481341024,-0.048060503633632096,-0.07182919835137233,-0.10290130291876404,-0.1420504540673098,-0.19020601651446994,-0.24847586986881723,-0.31817847728640775,-0.4009070661132531,-0.4986517661311669,-0.613999772404663,-0.7504084565158498,-0.9124956888080591,-1.1062323441889395,-1.338908309123182,-1.6188585192677842,-1.9551860664037592,-2.3579229351055955,-2.838929825641938,-3.413159734728745,-4.098937652478887,-4.915583003663792,-5.878062855954083,-6.991099317909197,-8.247217872138371,-9.6332724459491,-11.150046550065559,-12.854827248744796,-14.959280985040147,-18.101872551597005,-24.237897982828695,-30.141442738531172,-8.019714409508612
1.7649999999999735,-0.031375670886585355,-0.012099607007355191,-0.015717833550671058,-0.025874780821067922,-0.04206993817912551,-0.06468863512265578,-0.09434784477980761,-0.13180336524390063,-0.177963833135675,-0.23391066070611255,-0.3009244516629751,-0.38053886427174555,-0.47464714964323695,-0.5856838049097224,-0.7168839951082395,-0.8725785007351491,-1.0584216719019413,-1.2814179775057026,-1.5496928607334444,-1.8721819227137115,-2.2586509205878307,-2.7204252014991916,-3.271655247129356,-3.9299805407957833,-4.714871506685079,-5.64285498919007,-6.721378616760838,-7.945478360486216,-9.301818813847431,-10.78411049242135,-12.42619001925259,-14.369857889495771,-17.017705778640074,-21.404903583112137,-28.030639569028132,-18.06331564654895
1.7699999999999734,-0.027933413507047464,-0.008348947496527967,-0.011492491706784722,-0.021000909798336555,-0.0363318684189362,-0.05784819483625139,-0.08614932545678025,-0.12197311031068503,-0.16620762895403757,-0.21990885029233145,-0.284322314162186,-0.3609278934670659,-0.4515318822909942,-0.558430334987503,-0.6846526425752253,-0.834255510789163,-1.0125787226808245,-1.226328657916433,-1.4834029907455866,-1.7925690489368258,-2.1633656181215586,-2.606654831307763,-3.135828098851867,-3.7677561054211126,-4.5218000218211785,-5.415704288955061,-6.4594545159214105,-7.6508320368185085,-8.977253724691792,-10.42767569405471,-12.018753496028069,-13.843969473032825,-16.162953824017407,-19.53281438591229,-24.38412397504325,-24.228398236244495
1.7749999999999733,-0.024619649105549875,-0.004745573428503305,-0.007440005804466805,-0.016331663113490637,-0.030837179374590275,-0.05129708697305663,-0.07829324426490332,-0.11254544544043948,-0.15492130287956196,-0.20645212410916253,-0.26835069024182634,-0.3420480802675119,-0.4292725309466857,-0.532194988960854,-0.6536553621427539,-0.7974507405322134,-0.9686114459509746,-1.173536236224703,-1.4198763893066155,-1.7162237314705027,-2.071919130138359,-2.4974293900715585,-3.0054451963796063,-3.6120224513576287,-4.336191732818355,-5.196575410802085,-6.205452307814159,-7.363473148980176,-8.659578544074726,-10.079928554282292,-11.629019968536602,-13.367663079163131,-15.4724534125844,-18.285385254490038,-22.01841714596736,-24.791301091776447
1.7799999999999732,-0.021431243995067892,-0.0012850657450865985,-0.003554561821681998,-0.011859756307373584,-0.02557702349437483,-0.04502482670081684,-0.07076743576128887,-0.103506493337948,-0.14408917793778733,-0.1935227198473352,-0.2529890202707,-0.32387463357695395,-0.4078376531346643,-0.5069362631341744,-0.6238367841253956,-0.7620921741887874,-0.9264312261926577,-1.1229389522937645,-1.3590023868716632,-1.643025621319491,-1.984170732605709,-2.392570269193567,-2.8802820989475264,-3.4625343663314414,-4.157847379479669,-4.985395568114946,-5.9594615997690195,-7.08358361763371,-8.348818575981001,-9.740093806641932,-11.253448678011026,-12.926967003319454,-14.8856417368807,-17.365767945371744,-20.488290641021717,-23.519597962475785
1.784999999999973,-0.018365063948366615,0.0020369106333719134,0.00016949907900130207,-0.007578119447474829,-0.0205428167580205,-0.03902123099623804,-0.06356006530846262,-0.09484273533156856,-0.13369598318304987,-0.18110338756514321,-0.23821748221379235,-0.306383914990507,-0.3871976131454484,-0.48261531568343796,-0.5951450500986248,-0.7281117575760429,-0.8859530774085498,-1.0744376514725171,-1.3006721483676125,-1.572857156406097,-1.8999858710453637,-2.291909031694786,-2.76012426049573,-3.3190468727181393,-3.9865495116190575,-4.782056126121905,-5.721532523730395,-6.811325511464205,-8.045031001382382,-9.407560044886505,-10.88918901927584,-12.511524289647184,-14.364003159517962,-16.619104553217188,-19.34688701943192,-22.097611428140183
1.789999999999973,-0.01541798050225962,0.005224605447361509,0.003737682271140179,-0.0034798937293466226,-0.015726234693467026,-0.0332764147756214,-0.05665962504743435,-0.08654100487841906,-0.12372683897741733,-0.1691773562790716,-0.22401692451323335,-0.2895533221359222,-0.36732440946453826,-0.4591957590614131,-0.5675316359817961,-0.6954453534791007,-0.8470957968051656,-1.0279360466405665,-1.2447787513057247,-1.505603123426764,-1.8192352036711816,-2.195286644012225,-2.644767760137093,-3.1813183355819863,-3.822067026315759,-4.586415836944877,-5.491675618075089,-6.546839961920934,-7.748316204384279,-9.081944405878748,-10.534278682083464,-12.11471168330143,-13.886480234170486,-15.977857960993905,-18.42338954067776,-20.858721325762396
1.7949999999999728,-0.012586876854321138,0.00828218192418867,0.007155341485771079,0.00044157201617052444,-0.011119208280844187,-0.02778078696700828,-0.050054930118225066,-0.07858848216031163,-0.11416724507505505,-0.1577283061873771,-0.21036880830076793,-0.27336118460305225,-0.3481915145491831,-0.4366434564233467,-0.5409511597145631,-0.664032657550873,-0.8097820732023044,-0.98334097463245,-1.191217338867474,-1.441150357792286,-1.7417937310011724,-2.1025525625529276,-2.5340195809273145,-3.0491130692360904,-3.664159716476811,-4.398304973361251,-5.269862983629299,-6.290244747081279,-7.4588117340387,-8.763066302261935,-10.18745257337947,-11.732316994643156,-13.440950489924868,-15.408829384809701,-17.643687358427073,-19.812736347169384
1.7999999999999727,-0.009868653351696163,0.011213715795109061,0.010427680736801372,0.004192724914054757,-0.00671391973024494,-0.022525046475346908,-0.04373511499953756,-0.07097268948988933,-0.10500307101213452,-0.14674034577209727,-0.1972551580615225,-0.2577866718877349,-0.32977372755577494,-0.4149263249472341,-0.515361178899052,-0.6338170797560316,-0.7739385482466469,-0.9405626333096613,-1.1398853280840133,-1.379387573823913,-1.6675400399037326,-2.013563744121744,-2.4276974986754745,-2.9222033930381746,-3.512582573452436,-4.217529838924163,-5.0560298585526535,-6.041630095590111,-7.176676621122344,-8.450893019930852,-9.84791941759395,-11.36154288013269,-13.019670501972644,-14.892523077721261,-16.966653809649344,-18.921815654934765
1.8049999999999726,-0.007260232574005668,0.014023194502223266,0.01355975635048337,0.00777981173515422,-0.0025027981235521343,-0.017500178002071688,-0.03768962986037824,-0.06368148728942132,-0.0962205483523943,-0.13619799307940478,-0.18465851986900172,-0.2428097126388667,-0.31204704024651436,-0.3940141483248775,-0.49072198329506206,-0.604745596936122,-0.7394958307651269,-0.8995147882487118,-1.0906826534142051,-1.3202053123024742,-1.5963556793919373,-1.9281836398589345,-2.3256296482643846,-2.800371121691463,-3.3670896726298536,-4.043877401540994,-4.8500766476556025,-5.801054410155019,-6.90207485278072,-8.145491194682435,-9.515206876993869,-11.000466501948342,-12.617305526416132,-14.416076220135663,-16.366031642533635,-18.151039429786834
1.8099999999999725,-0.0047585640148672115,0.01671451659703689,0.016556479097321053,0.011208882682178609,0.001521485080325305,-0.01269744769675206,-0.03190823684220186,-0.0567030704421629,-0.08780626440034084,-0.12608616053571234,-0.17256192633574413,-0.22841092440892224,-0.2949885159991401,-0.37387840012971285,-0.46699638650966546,-0.576768582307252,-0.7063884664646747,-0.860114940838423,-1.0435120270437617,-1.2634959888145647,-1.528124676158628,-1.8462812228645342,-2.22765384005493,-2.6834085112238246,-3.2274375445205337,-3.8771199157921736,-4.65187157048224,-5.568541082558257,-6.635161560128102,-7.846990460075125,-9.189063918617228,-10.647751909627278,-12.230024978670045,-13.970438592194668,-15.823788790456044,-17.473645491138623
1.8149999999999724,-0.002360628370961952,0.019291491325142907,0.019422616423345793,0.014485795266435501,0.0053660206750449566,-0.008108398625921796,-0.026381006208788554,-0.05002596485199587,-0.0797471570372336,-0.11639014271534494,-0.1609488674583106,-0.21457155305289535,-0.27857618159169156,-0.35449207925987053,-0.4441495205980318,-0.5498396176520348,-0.674554866655377,-0.8222844523852882,-0.9982791989566183,-1.2091540240265983,-1.462733189918752,-1.7677300899295552,-2.133616700348676,-2.571118708705918,-3.093387981052597,-3.717019421311001,-4.461253961015422,-5.3440767999710515,-6.3760724349012055,-7.555556780444767,-8.86939679386283,-10.302481789842842,-11.85502098283877,-13.548985537309898,-15.326915118969739,-16.869406682838697
1.8199999999999723,-6.3441448697521e-05,0.021757838392924368,0.022162794774441948,0.017616218268236346,0.009037666464372422,-0.0037248460527393654,-0.021098312317902136,-0.04363902407589373,-0.07203051038944307,-0.10709560653540848,-0.14980326658069154,-0.2012734208910111,-0.2627889312360718,-0.3358295581916069,-0.4221486366652121,-0.5239152937043704,-0.6439372007455264,-0.7859486214427365,-0.9548932021115304,-1.1570760359263608,-1.4000693021193256,-1.6924076678583275,-2.0433727068198486,-2.4633157708409192,-2.9647102581646063,-3.5633320021909625,-4.278038124833526,-5.127611328627861,-6.12491597323465,-7.271372404841131,-8.556223941110805,-9.964048363714731,-11.490219135037899,-13.146738350922313,-14.865668311228143,-16.322796939041158
1.8249999999999722,0.002135942300321818,0.024117187909900903,0.024781502008654754,0.020605635771492777,0.012543052137316497,0.00046112747002806376,-0.016050829384587635,-0.03753142592288968,-0.06464395107846142,-0.09818858341030345,-0.1391094607512564,-0.18849888274675758,-0.2476064421916963,-0.31786644439767575,-0.4009629139490122,-0.4989550037970576,-0.6144812579269605,-0.7510367139552642,-0.9132665706864516,-1.10716107401505,-1.340022926412807,-1.6201945450483883,-1.9567831833962457,-2.3598243259667337,-2.8411827804976495,-3.4158116969796293,-4.102017591387526,-4.919058608763037,-5.881768065880699,-6.9946204120978415,-8.249642272734055,-9.632077164284826,-11.134091064978085,-12.759893641652765,-14.432557668082211,-15.821703385254303
1.829999999999972,0.0042404266010472175,0.02637308049983026,0.027283089888234448,0.023459351264046996,0.015888584250930808,0.004457177189176313,-0.011229527016204041,-0.03169266893535206,-0.05757544484151596,-0.08965546295485473,-0.12885218481034116,-0.17623078899398226,-0.23300910117958673,-0.3005794549462463,-0.3805632792786422,-0.47492073530625045,-0.5861362838210517,-0.7174819478153142,-0.8733155221835283,-1.0593108762757608,-1.282485825395768,-1.5509739397542752,-1.8737153101538002,-2.2604789578804425,-2.7225941753005065,-3.2742139651915143,-3.932969575342781,-4.718298953227478,-5.646668559754051,-6.725472653852477,-7.9498009376903696,-9.306370959647062,-10.78552628474421,-12.385523966857859,-14.021726929289034,-15.35656699905168
1.834999999999972,0.006252870519742049,0.028528967572157192,0.029671776645211756,0.02618249179204759,0.019080451304699264,0.008270701409648487,-0.006625665511027397,-0.02611256869137188,-0.050813293353879324,-0.08148298787847673,-0.11901655859799143,-0.1644524547708655,-0.2189779407547474,-0.2839463040297454,-0.36092223826785835,-0.45177686281951135,-0.5588547978765754,-0.6852214350456193,-0.8349600970300664,-1.0134301313055585,-1.227351715504054,-1.484631308170048,-1.7940411936848355,-2.1651233892648882,-2.6087438808421153,-3.1382986407676388,-3.770659462514031,-4.525182134787632,-5.419619510611206,-6.464080385846307,-7.656880365037927,-8.986866823237186,-10.44374037544102,-12.021377352178972,-13.628558641928965,-14.919794579530986
1.8399999999999719,0.00817608595541431,0.030588211744502096,0.031951649610059314,0.02878001215734923,0.02212462889485469,0.011908846910166075,-0.0022307909212215676,-0.02078125388249627,-0.04434613110598132,-0.07365824976002884,-0.1095880767361319,-0.15314763456606928,-0.2054945847528825,-0.2679456029592949,-0.3420137191363948,-0.4294899463411486,-0.5325923971389366,-0.6541960860312002,-0.7981242520284977,-0.9694267301487082,-1.1745164404801807,-1.4210540883628968,-1.7176370327549637,-2.0736095385354134,-2.4994422889847656,-3.0078323311020805,-3.614845151402566,-4.33953114786159,-5.200584902696032,-6.210567141493234,-7.371075260859016,-8.673602183890765,-10.108206291860037,-11.66573586694422,-13.249405443666179,-14.505339770288286
1.8449999999999718,0.010012835443620756,0.03255408740788524,0.034126667897697686,0.031256699148736536,0.02502688493116944,0.015378514497808679,0.001963270115162098,-0.015689162138138937,-0.03816292222880594,-0.06616868544187823,-0.10055260049763017,-0.14230050143228717,-0.19254120192381102,-0.2525567719930475,-0.3238129296283622,-0.4080285372072804,-0.5073075516113582,-0.6243504810339833,-0.762735906481422,-0.9272119948982611,-1.1238781934141149,-1.3601315703205903,-1.644382403624033,-1.9857965171563716,-2.394510511661746,-2.8825902485183357,-3.4652811050217016,-4.161146434331149,-4.989491637695785,-5.96502354803753,-7.092580718183336,-8.36668727363551,-9.778600950821957,-11.317310914783969,-12.881397298083424,-14.108393092189393
1.8499999999999717,0.011765830254231821,0.034429781424669105,0.03620066514000822,0.033617175793258874,0.027792784902286462,0.01868636468503774,0.005964415758940092,-0.010827035579968336,-0.0322529571766983,-0.059002073820143386,-0.09189635132999023,-0.13189563013858313,-0.1801004668678241,-0.23775996325440482,-0.30629622715356875,-0.38736299380549866,-0.48296139593765275,-0.5956327146758984,-0.7287269419545863,-0.8867008739238517,-1.0753377678783091,-1.3017548779195491,-1.5741596796150468,-1.9015496258733826,-2.29377984658276,-2.7623574871347314,-3.3217219962113873,-3.9898103702958507,-4.786231604164893,-5.727503868133189,-6.821580894225571,-8.066282338428987,-9.454762362568651,-10.97516244987235,-12.522296670655571,-13.725145609984674
1.8549999999999716,0.01343772876810529,0.03621839394923907,0.038177352258354245,0.035865905619403574,0.0304276971735353,0.02183882346826007,0.0097802745569825,-0.006185916100792485,-0.026605849204947858,-0.05214653284928178,-0.08360590565807902,-0.12191798363071495,-0.16815552742250217,-0.22353599390694576,-0.28944100198254474,-0.3674653086328953,-0.4595175215473757,-0.5679942192111508,-0.6960331584027963,-0.8478120964150286,-1.0287988199927,-1.2458170455293305,-1.5068535907244935,-1.8207393983452052,-2.1970910188819524,-2.6469297804116745,-3.1839258609018377,-3.825291822757647,-4.590664638514875,-5.498024093594201,-6.558239893086689,-7.77257855818847,-9.136654365268944,-10.638634577322785,-12.170385713149876,-13.352604579108426
1.8599999999999715,0.015031135114883035,0.037922939362608134,0.04006032026611007,0.03800719691988218,0.03293679830278447,0.024842088189615745,0.013418211211779552,-0.0017571403692710277,-0.021211530594195546,-0.045590516611580575,-0.07566819064057721,-0.11235290223183549,-0.15668997768642706,-0.20986628871842564,-0.2732255730970241,-0.34830894773722326,-0.4369417727839033,-0.5413895722893335,-0.6645941907195743,-0.8104682817128762,-0.9841681251850332,-1.1922131700352216,-1.4423509214882086,-1.7432407302282062,-2.1042932730508603,-2.536113792325074,-3.0516567054989396,-3.667350602753482,-4.402622184959762,-5.27656143783896,-6.3026946065697675,-7.485781984412467,-8.824337083154084,-10.307302913161802,-11.824375961918713,-12.988447136361469
1.8649999999999713,0.016548598055707846,0.0395463473102148,0.041853043094978316,0.0400452070051858,0.03532507835971019,0.027702133461790117,0.016885332512415537,0.0024676654271082177,-0.016060248593390343,-0.03932281233001473,-0.06807048060085866,-0.10318609507283082,-0.14568783591306844,-0.1967328311155981,-0.25762909611480034,-0.32986870314506195,-0.4152020499058304,-0.5157762945832166,-0.6343533907153436,-0.7745960014526215,-0.9413558158381489,-1.1408406183132718,-1.3805403390872155,-1.668932121271339,-2.0152433840822046,-2.4297270078844595,-2.9246865451668174,-3.515741664120001,-4.2219114592467495,-5.063055077312013,-6.05504933509248,-7.206100031811588,-8.517941866136077,-9.980930735603133,-11.483334572792057,-12.630902597865036
1.8699999999999712,0.01799261009496713,0.04109146383441049,0.04355888043591057,0.04198394643813434,0.037597346233785814,0.03042471713580195,0.02018849340433458,0.006496591088410525,-0.011142561063117076,-0.033332537235601534,-0.06080039390000666,-0.09440363330203193,-0.1351335265659445,-0.18411812184504356,-0.24263148257546666,-0.312120558515745,-0.39426812125098665,-0.4911146421959923,-0.6052576801020706,-0.7401257948062535,-0.9002755887090452,-1.0915992703874817,-1.321312338785198,-1.597695048027852,-1.9298046489398009,-2.32759729640229,-2.802796877635244,-3.3702189241478777,-4.048319921863203,-4.857407986549058,-5.815372049355499,-6.933730206938238,-8.21764986271928,-9.659431931206347,-11.146623110953206,-12.278656682249183
1.8749999999999711,0.019365606803721166,0.04256105259119465,0.0451810805879457,0.043827283240154565,0.03975823492002038,0.03301538629386901,0.02333430317417568,0.0103374481365298,-0.006449331814799827,-0.027609135216084775,-0.053845890055035026,-0.08599194467851116,-0.12501186588314728,-0.1720051443717961,-0.2282133297799362,-0.2950415679416766,-0.3741114462813825,-0.4673673981930581,-0.5772573802886046,-0.7069921389908274,-0.8608448738561536,-1.0443917795540345,-1.264559290266564,-1.52941347570624,-1.8478459101299012,-2.229562224091502,-2.6857796211458194,-3.2305386122117437,-3.881619872990504,-4.659489701007301,-5.583692171245029,-6.668850851130742,-7.923673631130166,-9.342839335360052,-10.813846103997971,-11.930772756766176
1.879999999999971,0.020669966340840777,0.04395779614356574,0.04672278330799904,0.04557894706214323,0.041812206767938585,0.035479483248647074,0.02632913172726814,0.013997775756583536,-0.001971725649255719,-0.022142373198780783,-0.04719526694426014,-0.07793780920689149,-0.11530805035968703,-0.16037733618695477,-0.21435586032297826,-0.2786097475701312,-0.35470501071206645,-0.4444996669913295,-0.5503060247584499,-0.6751333787014859,-0.8229849596091222,-0.9991238325181422,-1.2101755661383007,-1.4639735097300883,-1.7692406528930176,-2.135468191496029,-2.5734375645243235,-3.0964620836241434,-3.7215729941338824,-4.469139830448269,-5.359999755691371,-6.411613736021306,-7.6362413628679,-9.031277451209588,-10.48480731904464,-11.58662641607057
1.884999999999971,0.02190800915532245,0.04528429732162366,0.04818702265473908,0.04724253331140047,0.04376355868453247,0.037822151532098856,0.029179115933379386,0.01748484691930454,0.002298796894222313,-0.016922337233683395,-0.04083715797166873,-0.07022835551962855,-0.10600764761817258,-0.14921856523827726,-0.2010408704264004,-0.2628039795199556,-0.33602317447356983,-0.42247867471557066,-0.5243601595341316,-0.6444916191962642,-0.7866210707669877,-0.9557043948467377,-1.1580577327512418,-1.4012631809102112,-1.6938662070719743,-2.045169466949361,-2.465584391731592,-2.967758066440177,-3.5679346803600502,-4.286172136557866,-5.14424594844241,-6.1621383872389135,-7.355583410562039,-8.724938793794585,-10.15947223060736,-11.245850568289077
1.8899999999999708,0.023081997856178232,0.046543080641802334,0.04957672982096588,0.04882150722793494,0.04561642727921941,0.04004834185721196,0.031890166018831045,0.020805674659938878,0.0063704850607233035,-0.01193942825922538,-0.034760529089951246,-0.06285105775770235,-0.09709658919479992,-0.1385131107543941,-0.1882506861802097,-0.24760392741899379,-0.3180415328618823,-0.4012735780075918,-0.49937913681362,-0.6150125884528651,-0.7516823995795883,-0.9140459296811823,-1.1081047833743929,-1.3411723528148687,-1.621603074583908,-1.958527180103021,-2.3620443525487893,-2.844204337441994,-3.4204580312336432,-4.110378984051704,-4.936344581776802,-5.920508032354874,-7.081920896042527,-8.42406329506168,-9.837935506958607,-10.908288844669167
1.8949999999999707,0.024194137234436947,0.0477365937763588,0.050894735948100074,0.050319207904602904,0.0473747939427655,0.04216281803891587,0.03446797198358628,0.023967018487877176,0.010251303655769706,-0.007184357543263298,-0.028954675608034094,-0.05579373274333277,-0.08856116482739157,-0.12824564778905212,-0.17596812681474294,-0.23298996278332615,-0.3007367908969847,-0.3808552831964954,-0.47532490632356295,-0.5866454741622237,-0.7181020910805735,-0.8740645804700705,-1.0602183945646255,-1.2835927359558543,-1.5523343940044956,-1.8754083307510818,-2.262651655605948,-2.7255888486098927,-3.2788973966865544,-3.9415359763131956,-4.736174754303476,-5.686767076324673,-6.815456235061896,-8.128920347393798,-9.520392612935341,-10.573955639120573
1.8999999999999706,0.025246574426608888,0.04886720906764866,0.05214377491833732,0.0517388522448342,0.049042489851747015,0.04417016285996769,0.03691801002262026,0.026975390899422552,0.013948939046369749,-0.002648141804655925,-0.02340921872729204,-0.04904453727426965,-0.08038801788548948,-0.11840123487418312,-0.16417647416046383,-0.21894310138979378,-0.2840866506451806,-0.3611962772030622,-0.452161808336054,-0.5593427413648102,-0.6858171859709656,-0.8356803113067022,-1.0143031880989821,-1.22841799070327,-1.4859455454265975,-1.7956848580665983,-2.16724966023146,-2.611710346146883,-3.1430114042498327,-3.779406595402418,-4.543584224950589,-5.460920004609313,-6.55636545748589,-7.8397931731366075,-9.207114837708355,-10.24300146749133
1.9049999999999705,0.026241399203500333,0.0499372250771262,0.053326486119408816,0.05308353885326744,0.05062320088930999,0.04607478386794166,0.03924554893082281,0.029837063968519754,0.01747080536453812,0.0016779019768299944,-0.018114101770260425,-0.04259196540086749,-0.07256414163053322,-0.10896530422763476,-0.1528594474899806,-0.20544494875658087,-0.26806971103556054,-0.3422704710740317,-0.42985637166909185,-0.5330599363478017,-0.6547685254576865,-0.7988170011880404,-0.9702669829634973,-1.1755438993463616,-1.4223238916439978,-1.7192328049482148,-2.0756899401849274,-2.502378540117514,-3.012565424720431,-3.62374668200437,-4.358393437932911,-5.242931603139057,-6.304792229517259,-7.55696529397635,-8.898427224410021,-9.915682641215067
1.9099999999999704,0.02718064437457585,0.05094886816500205,0.054445417177067676,0.0543562518550734,0.05212047247901798,0.047880919096000986,0.041455656477315736,0.03255807599184604,0.020824050883249942,0.005802162041318067,-0.013059586081876455,-0.03642484558006571,-0.06507687604506118,-0.09992365402561221,-0.14200118299609704,-0.19247765383763393,-0.25266537954698143,-0.324053056627948,-0.408377119366331,-0.5077554820471435,-0.6249006232754628,-0.7634024909728295,-0.9280210244098925,-1.1248685872696649,-1.3613586459246767,-1.6459316018243508,-1.9878312861314615,-2.397413893686328,-2.887333462412311,-3.4743086128028353,-4.180399986906641,-5.032728367660884,-6.060843499218745,-7.280708941245105,-8.5946890157682,-9.592334495726524
1.9149999999999703,0.02806628629597168,0.05190429409246414,0.0555030266525763,0.05555986464010344,0.05353771432239992,0.04959264269283432,0.043553205727990665,0.035144238162070345,0.024015564537016268,0.009732737600877728,-0.00823624659259218,-0.030532337621649593,-0.05791390500775602,-0.09126244230517669,-0.13158621720945277,-0.18002387004319834,-0.23785379501205628,-0.3065203763393895,-0.3876943841537159,-0.48339046968842303,-0.5961615105728633,-0.7293685839688993,-0.8874801798710166,-1.0762927737328218,-1.302940852212748,-1.575663484571556,-1.9035387052433708,-2.2966471070811085,-2.76709948261159,-3.330845059400621,-4.009383324518457,-4.830200955463143,-5.824586689813605,-7.011275299424352,-8.296276341836858,-9.273347613806548
1.9199999999999702,0.02890024547080839,0.052805589642318254,0.05650168670058071,0.05669714352881483,0.054878205038171896,0.051213870456296356,0.045542881305533474,0.03760114124946203,0.027051982559843472,0.013477444837387616,-0.0036349670464023015,-0.02490392936868939,-0.05106325363540039,-0.08296818211817142,-0.12159947372267343,-0.16806672273213308,-0.22361576071224312,-0.2896498062997973,-0.3677801352263628,-0.4599284508256262,-0.568502559483326,-0.696651002836758,-0.8485630943684266,-1.0297200340222679,-1.2469634604696243,-1.5083130524485338,-1.8226824666557175,-2.1999183730579763,-2.6516582111717657,-3.1931122427238625,-3.845109528915342,-4.63520751259151,-5.596048358330013,-6.748886510941186,-8.003566967144533,-8.959146646650106
1.92499999999997,0.029684387231716375,0.05365477425029129,0.05744368568503174,0.05777075135753413,0.056145096697845814,0.0527483652621275,0.04742918557036005,0.03993416226867574,0.029939695212502435,0.017043823117742107,0.0007530650956910634,-0.01952943306905134,-0.04451328564003641,-0.07502773761004523,-0.1120262526487795,-0.15658978235433474,-0.20993268688634303,-0.2734196518578407,-0.3486078174115193,-0.43733523330857604,-0.5418782910895092,-0.6651893068497121,-0.8111923008186613,-0.9850570566980732,-1.1933214779545354,-1.4437669644035322,-1.7451372310506303,-2.1070764784913916,-2.540815459062575,-3.060872627692485,-3.6873359518736946,-4.447577692175943,-5.375214221933533,-6.493729392083205,-7.716926986589987,-8.6501714677101
1.92999999999997,0.030420522497704296,0.05445380164492074,0.05833123075031224,0.058783250980544974,0.05734141925461401,0.05419974238037466,0.0492164447124564,0.04214847111241482,0.03268485357103271,0.020439141397414824,0.004936364061548577,-0.014398981413974873,-0.03825270058777471,-0.06742832074395748,-0.10285222230069162,-0.14557704247708608,-0.1967865417583048,-0.25780905535877807,-0.3301522033262172,-0.4155786840856729,-0.5162461731647235,-0.6349267744996157,-0.775294283208241,-0.9422138820428179,-1.141912176461798,-1.3819137658307454,-1.670781292234473,-2.017977821341571,-2.434388037506512,-2.93389703326224,-3.535815593229832,-4.267117166948594,-5.162030432710004,-6.2459508179121705,-7.436699413751108,-8.346860499724926
1.9349999999999699,0.031110408593339346,0.05520456148855822,0.05916645034466056,0.059737108687473575,0.05847008486285611,0.05557147467577535,0.05090881474239036,0.04424903713464093,0.035293376354762485,0.023670404785135518,0.008923151460060084,-0.009503023231573357,-0.03227053096685618,-0.06015748843622633,-0.094063412637891,-0.13501290197897933,-0.1841598101914821,-0.24279791527121813,-0.3123892587691738,-0.39462854113941814,-0.49156641261149225,-0.6058102570118599,-0.7407994928749717,-0.9011041105453823,-1.0926353357164942,-1.3226438330002623,-1.5994959486237572,-1.932485404597331,-2.332203337285309,-2.8119661609608153,-3.3903010722042812,-4.093612433444756,-4.9564059567327465,-6.005654729036497,-7.163194641944279,-8.049636136584109
1.9399999999999697,0.03175575012585327,0.055908881017588105,0.0599513966950881,0.06063469753526045,0.05953389208658845,0.056866897685851035,0.052510287372118825,0.04624063566506973,0.037770956764643544,0.026744361235732567,0.012721362234404059,-0.00483231883520225,-0.026556138999023884,-0.053203139908317376,-0.08564621008363008,-0.12488215075849673,-0.17203545910240992,-0.22836681589510072,-0.2952960212761484,-0.37445623628501334,-0.4678017469566397,-0.5777900085736177,-0.7076423200248836,-0.8616450730709877,-1.045393504180875,-1.2658494187814304,-1.5311650134229522,-1.8504678594235324,-2.234098649128591,-2.694871569473182,-3.2505480961749793,-3.926835707975776,-4.758215887986659,-5.772900697021573,-6.896682777874808,-7.758892239891577
1.9449999999999696,0.032358199908620815,0.05656852667600332,0.060688048230517384,0.06147830059245517,0.06053552999469724,0.058089214573597406,0.0540246957788931,0.048127854443758264,0.04012306931439995,0.02966750834493878,0.016338650848914595,-0.0003779350342644275,-0.02109921314729181,-0.046553514095952445,-0.0775873533686261,-0.11516995836275987,-0.16039690879925955,-0.21449696678552213,-0.2788504915146109,-0.35503473004573877,-0.4449172386497664,-0.550819499044533,-0.67576102411057,-0.8237579571952803,-1.0000922602413902,-1.2114247809766008,-1.4656744643145825,-1.771798539547067,-2.139920301334013,-2.58241614291315,-3.116318359526226,-3.766549725978625,-4.567305505284076,-5.547703959513963,-6.637387850181596,-7.474983725928636
1.9499999999999695,0.03291935992762646,0.057185205740678674,0.06137831195331231,0.06227011409715549,0.06147758214316357,0.05924150095274268,0.055455720243159465,0.0499150999586065,0.04235497663037314,0.03244610021649676,0.019782397678976493,0.003868760175553071,-0.015889764290302928,-0.04019718698976733,-0.06987393010504991,-0.1058618650021044,-0.14922800945850195,-0.20117015100301838,-0.26303153699531573,-0.3363383593600805,-0.42288007528064675,-0.5248552146621405,-0.6450976277702817,-0.7873678868105081,-0.9566404590244055,-1.1592663734153428,-1.4029122267722969,-1.6963547184635268,-2.049522686561746,-2.4744141155765877,-2.9873818373860193,-3.612512275850436,-4.383494863960538,-5.330036804508947,-6.385483881679944,-7.198218272833016
1.9549999999999694,0.03344078234093299,0.05776056793366535,0.062024025757359505,0.06301225052739626,0.0623625304428503,0.06032670958223454,0.056806893657842236,0.05160660367927604,0.04447173620316474,0.035086154376361055,0.023059715575197398,0.007916103223504056,-0.010918121548025413,-0.03412306880731811,-0.06249337384359788,-0.09694377447918892,-0.13851302200602486,-0.18836868129218548,-0.24781880742679685,-0.3183426984819623,-0.4016593782169002,-0.49985645183048233,-0.6155977797371902,-0.7524039545110581,-0.9149504526878035,-1.109273079828209,-1.3427680797347343,-1.6240169108749918,-1.9627672428955407,-2.37069072597545,-2.8635184695307743,-3.4644803253441396,-4.206583706168859,-5.119831148803615,-6.141092786553564,-6.928850170887683
1.9599999999999693,0.03392397050796925,0.05829620701963867,0.06262696069126952,0.06370674158365094,0.06319275891349686,0.061347674929179086,0.05808160690126239,0.05320642817278959,0.046478207071828405,0.03759345870670753,0.02617745656912321,0.011772140848850476,-0.006174927755774391,-0.028320400923836475,-0.05543346140423348,-0.08840194861357455,-0.12823660272758536,-0.17607536331348292,-0.2331926609358148,-0.3010244331017821,-0.38122602157759056,-0.47578510854779754,-0.5872105924657642,-0.7187992082662332,-0.874938274869653,-1.0613464712767926,-1.2851336683647647,-1.5546683303523121,-1.8795214454385416,-2.271081578286806,-2.744519256924792,-3.3222136302173597,-4.036356475690101,-4.9169821229920325,-5.904284014908706,-6.667076313023432
1.9649999999999692,0.03437038004110532,0.058793662384926185,0.06318882316735114,0.06435554108492061,0.06397055732422492,0.06230711759970041,0.05928311407233835,0.054718473096049526,0.048379056427313334,0.03997357837782904,0.029142218693060176,0.015444636234100667,-0.0016511345919707349,-0.022778752508266498,-0.048682310311284324,-0.08022300280253424,-0.1183837909938864,-0.16427346507782617,-0.219134100303009,-0.28436124744431246,-0.36155246292671855,-0.4526054774312836,-0.5598884602855303,-0.6864905955400857,-0.8365237827874191,-1.0153910694326105,-1.2299026058838607,-1.4881944868147092,-1.799657854795216,-2.1754317900964746,-2.6301868161454793,-3.1854777497841633,-3.872587235601535,-4.721352448079966,-5.675075821534415,-6.413034280667396
1.969999999999969,0.03478141987576086,0.05925442059793691,0.06371125711525091,0.06496052777880365,0.06469812472124668,0.06320764863721762,0.06041453758471733,0.05614648105595147,0.0501787661195453,0.042231862754795145,0.03196035288294053,0.018941075355163817,0.0026620026261284027,-0.017488016829122245,-0.04222837619467394,-0.07239390240440577,-0.10893999954515314,-0.15294669178149767,-0.20562471832950807,-0.2683317238788262,-0.3426125865877312,-0.43028404366412276,-0.53358686369357,-0.6554188692289817,-0.7996307532210771,-0.971314600101814,-1.1769706448929609,-1.4244829202564344,-1.7230532583052804,-2.083595002366352,-2.520335454627685,-3.0540464292001084,-3.7150443093542673,-4.532777370773012,-5.453437987701598,-6.166802426641784
1.974999999999969,0.035158453353388956,0.05967991694546272,0.06419584607944817,0.06552350806514835,0.06537757284361725,0.0640517736878703,0.06147887311717952,0.057494043331731484,0.051881639056991204,0.04437345226027089,0.03463796993759747,0.02226867351805184,0.006772930458051732,-0.012438407212205717,-0.03606045005113467,-0.06490195968275767,-0.09989100684306229,-0.14207916529024284,-0.1926466514388313,-0.2529152544188482,-0.32438156006811286,-0.40878929057445046,-0.5082641650346338,-0.6255284606189164,-0.7641869310840624,-0.9290282238955871,-1.126235898146626,-1.3634230613012788,-1.6495879295670612,-1.9954323214939311,-2.4147908419088466,-2.927703341879383,-3.5634944959349997,-4.351069917734927,-5.239295780262816,-5.92840179746392
1.979999999999969,0.03550279931365301,0.060071536946976645,0.0646441152620822,0.06604621863632712,0.0660109294294513,0.06484189703594245,0.062478994421168374,0.05876460545556709,0.05349180548793521,0.046403285172889476,0.03718094750693901,0.02543438205079017,0.010689803143604439,-0.0076204526418783905,-0.030167655282127268,-0.057734831086603,-0.09122295105232758,-0.1316554075726113,-0.18018254062422395,-0.23809196335889174,-0.30683570372631025,-0.38809151495267136,-0.48388140031167337,-0.5967673250280249,-0.7301240314484623,-0.888446733738186,-1.077599089189015,-1.3049062046756055,-1.57914502198602,-1.9108112549799432,-2.313389359027907,-2.806243215454733,-3.417706745395403,-4.176026234860031,-5.032534896022374,-5.697799678532474
1.9849999999999688,0.035815733192194506,0.060430617842666595,0.06505753350995597,0.0665303290337028,0.06660014141242203,0.06558032550731478,0.06341765798198558,0.0599614726460428,0.0550132291542496,0.048326104348095554,0.039594937086086045,0.02844489512058737,0.014420488666506866,-0.0030249930104182393,-0.02453944445043213,-0.05088051468896192,-0.082922325274796,-0.12166032745192012,-0.16821549888596382,-0.22384264022249184,-0.28995237352240244,-0.3681626536652971,-0.46040207129338284,-0.569086765950407,-0.697377697660325,-0.8494887117337085,-1.0309638145499567,-1.2488255784803022,-1.5116101032301272,-1.8296046923623122,-2.2159772101793482,-2.6894723897624324,-3.2774552193170834,-4.0074307955633035,-4.833007115104313,-5.474914493838984
1.9899999999999687,0.03609848811974719,0.060758450054946955,0.06543751524630419,0.06697744412222238,0.06714707801231756,0.06626927224503759,0.0642975075366871,0.06108781509312554,0.056449713309983364,0.05014646384272155,0.041885370990469684,0.031306656645164695,0.017972575047618955,0.0013568259736199753,-0.01916559571323706,-0.04432734762979067,-0.0749759737036361,-0.11207921009750133,-0.15672908433502108,-0.21014868214300808,-0.273709856457806,-0.3489761226228539,-0.4377919414554314,-0.5424412434042045,-0.6658874195510861,-0.8120766407163806,-0.9862368011098284,-1.1950764901597153,-1.446870829753724,-1.7516899724035326,-2.1224093784209788,-2.577208874507105,-3.1425216989032565,-3.8450612902193826,-4.640536378002452,-5.259621752672059
1.9949999999999686,0.03635225602024096,0.06105627862232266,0.06578542234821995,0.06738910648455441,0.06765353371994845,0.06691086035837931,0.0651210784485365,0.062146673092350405,0.057804906598643506,0.051868735434681436,0.044057469292463194,0.034025867270847505,0.021353376837511616,0.005533558198255836,-0.014036208909625869,-0.038064003451685424,-0.06737108842259518,-0.10289770874369827,-0.1457072781942061,-0.196992044782264,-0.2580872781265183,-0.3305066687245992,-0.4160188386804784,-0.5167881718778525,-0.6355964167174013,-0.7761369683808758,-0.9433281446446817,-1.1435565292155772,-1.3848167541285092,-1.676948066745986,-2.0325485013069,-2.469281987473953,-3.0126973388463067,-3.6886930447554733,-4.454925007608956,-5.051760713445891
1.9999999999999685,0.03657818870449446,0.06132530460438665,0.06610256596955512,0.06776679873650265,0.06812123117959326,0.0675071264461358,0.06589080193719142,0.06314096202685976,0.05908230878420684,0.053497115023309505,0.04611624669958715,0.036608491388890115,0.02456994177630792,0.009513462859861078,-0.009141701290263794,-0.032079489235394935,-0.06009520661088251,-0.09410183818007047,-0.1351344669800867,-0.18435520089459667,-0.24306452166801598,-0.3127302350271108,-0.39505246701589347,-0.4920877128028729,-0.6064514924182081,-0.7416001241774963,-0.9021515182715518,-1.0941658068281854,-1.325339252839317,-1.6052628998016631,-1.946263733730291,-2.365531661168608,-2.8877837959734,-3.5381028568181243,-4.275959818684534,-4.851141431276867
2.0049999999999684,0.036777398957556585,0.0615666864574841,0.06639020831041846,0.06811194576469012,0.06855182397093465,0.06806002399796215,0.06660900916979413,0.0640734771969732,0.0602852763309407,0.05503562890218415,0.048066519357528176,0.039060264165872965,0.027629057590920048,0.013304510447049833,-0.004472802890295106,-0.02636314246800668,-0.05313620796077306,-0.08567796961424681,-0.12499542820961619,-0.1722211056648233,-0.22862215731310528,-0.29562383906743517,-0.37486422923924057,-0.46830256593090147,-0.5784028639098894,-0.708400491078331,-0.8626243423695621,-1.0468072135526105,-1.268331558417615,-1.5365208150936909,-1.8634296548035463,-2.2658075074661,-2.767593786629102,-3.3930721794192005,-4.103417890965848,-4.65755187112049
2.0099999999999683,0.03695096161665594,0.061781541380161425,0.06664956433390008,0.0684259168890898,0.06894689929239808,0.06857142667551089,0.06727793521150272,0.06494689849816487,0.06141702783067011,0.05648813989604698,0.049912911561953016,0.04138669856249438,0.030537258896945994,0.016914388965433437,-2.0551555197173554e-05,-0.02090462760031276,-0.046482312147230004,-0.07761282656248754,-0.11527531903477042,-0.1605731679865215,-0.2147413816617676,-0.27916546402561093,-0.35542706144921304,-0.4453977633743435,-0.5514039749970391,-0.6764763358250505,-0.8246679103751744,-1.0013866779424185,-1.2136888772997487,-1.4706101897252162,-1.7839252641549206,-2.1699677267076,-2.651951145215288,-3.2533896218177576,-3.9370718242585667,-4.470764799859699
2.014999999999968,0.037099914638909604,0.06197094662819698,0.06688180343056155,0.0687100279515055,0.06930798054915054,0.06904313147651484,0.06789972283993537,0.0657637949472131,0.06248064927344649,0.057858353354703546,0.05165986236599825,0.04359309232096139,0.03330083417780176,0.02035051037496735,0.0042237123644222815,-0.015693932260870874,-0.04012207622346397,-0.06989348147112304,-0.10595966727096896,-0.14939522689078788,-0.20140396579907466,-0.26333396220362987,-0.33671528045232485,-0.4233404694503659,-0.5254112963402857,-0.6457697023839162,-0.7882074675367935,-0.9578134112025248,-1.161308573427756,-1.4074211914846253,-1.7076331013205366,-2.0778779408275607,-2.5406904681119316,-3.11885277319718,-3.776694341098639,-4.290544214905605
2.019999999999968,0.03722526015561499,0.06213594079849908,0.06708805103185321,0.06896554333176708,0.06963652984728355,0.06947686178370902,0.06847642622494543,0.06652662905909326,0.0634790991625635,0.05914982299906136,0.0533116320712904,0.04568453489898454,0.03592583281219081,0.02362001720552804,0.008268351625937392,-0.01072136311388927,-0.034044391842775225,-0.06250735281950079,-0.0970343643442416,-0.13867153239053312,-0.18859221135489945,-0.24810897015157374,-0.3187044443135942,-0.4020997888480724,-0.50038411864209,-0.6162262740318025,-0.7531722421009871,-0.9160001255918842,-1.1110903973582793,-1.3468456672461004,-1.6344385105410104,-1.9894100204264533,-2.4336564329102743,-2.9892693847888,-3.622062150511204,-4.1166511191095045
2.024999999999968,0.037327965512974265,0.062277525082420244,0.06726939017325104,0.06919367789433302,0.06993395039778857,0.0698742703028766,0.06901001447714093,0.06723776107519056,0.06441521347134814,0.06036595661374924,0.054872308592354195,0.047665914333952876,0.03841807212346551,0.02672978932161208,0.01212143799115184,-0.0059775413581567224,-0.028238482233522745,-0.05544220249573632,-0.08848565973894727,-0.12838673006475193,-0.17628891362641141,-0.2334708346655201,-0.30137122610931,-0.38164658505692095,-0.4762843432991093,-0.5877952098804022,-0.719495430472213,-0.875863217114599,-1.062936741278221,-1.2887771468865976,-1.5642290627818225,-1.9044409642649918,-2.330702883130734,-2.8644579697414554,-3.4729590321941277,-3.9488485072652924
2.029999999999968,0.03740896429671475,0.06239666448681841,0.06742686300783823,0.06939559886593512,0.07020158883155916,0.07023694189137619,0.06950237506726283,0.06789945304611689,0.06529171044435389,0.06151002158491005,0.056345813685784674,0.0495419240203977,0.04078314442626812,0.029686450802989067,0.015790758375646086,-0.001453397871840477,-0.022693898872627204,-0.0486861332733311,-0.08030015658288975,-0.11852584876406247,-0.1644773309174576,-0.2194005488101219,-0.2846933006463157,-0.36195331045939666,-0.4530762745183154,-0.5604289616849255,-0.6871141395214279,-0.8373229059045152,-1.0167529017805006,-1.2331109438547405,-1.4968941374798894,-1.8228518773293392,-2.2316917643752383,-2.744247896764575,-3.329178141288309,-3.786905484009832
2.0349999999999677,0.037469157340656215,0.06249428902531542,0.06756147227238873,0.06957242764726039,0.07044073742950788,0.0705663962815159,0.06995531712028362,0.06851387277021814,0.06611119524099564,0.06258515027882332,0.057735909036364545,0.051317069385373934,0.043026424048066315,0.03249637691320727,0.01928382122138971,0.002859831979963881,-0.017400517825531384,-0.042227586252834445,-0.07246480805751167,-0.10907429088274521,-0.15314115928810845,-0.20587969708096215,-0.2686492436915654,-0.3429938490084587,-0.430726416261777,-0.5340830766209979,-0.6559692904822851,-0.8003033304560713,-0.9724473343116926,-1.1797443317103622,-1.4323246585931826,-1.7445270812016613,-2.1364919901805854,-2.6284790639355164,-3.19052356819274,-3.6306004832295495
2.0399999999999676,0.03750941371688886,0.06257129487695537,0.06767418270483005,0.06972524155950227,0.07065263626856672,0.07086409070112917,0.07037057458702525,0.06908309759223427,0.06687616442568403,0.06359434526157935,0.05904620219497581,0.05299567445191503,0.04515307430505884,0.035165701125474284,0.022607863059998907,0.006970613855560685,-0.012348535730892334,-0.03605533815868839,-0.06496691436863461,-0.10001782470423091,-0.14226451196155995,-0.19289040881334155,-0.2532184430950469,-0.32474337199973957,-0.40920327676213464,-0.508715991326524,-0.6260054896895633,-0.7647325943704466,-0.929931885751221,-1.1285767752873799,-1.3704129731393566,-1.6693533786029975,-2.0449783057398845,-2.5170012433993474,-3.0568112149088673,-3.479723602596641
2.0449999999999675,0.03753057170779249,0.06262854551475047,0.06776592241676943,0.06985507552865572,0.07083847528805691,0.0711314223943633,0.07074980929671304,0.06960911806362642,0.06758901030462358,0.064540484358484,0.06028015236280122,0.05458188827665009,0.04716805441187151,0.0377003221799693,0.02576985523617846,0.010887120240076542,-0.0075284654241451615,-0.030158498409998548,-0.05779412005452857,-0.0913425783797061,-0.1318319026926199,-0.1804153189497706,-0.23838102106004222,-0.30717820708310073,-0.38847718275277343,-0.4842888220186017,-0.597170871906314,-0.7305427664695543,-0.8891219943782809,-1.0795101955389135,-1.3110528554921603,-1.5972194830948718,-1.957030206081056,-2.409673187083679,-2.9278690689234237,-3.3340781025656887
2.0499999999999674,0.03753343975895449,0.06266687280307351,0.06783758422036096,0.06996292370883836,0.07099939627759398,0.07136973104627395,0.0710946138935532,0.07009384146844483,0.06825202511175812,0.06542632555351752,0.0614410760191019,0.05607969125389499,0.04907612631050598,0.04010591114739773,0.028776510758643722,0.014617236513459898,-0.0029311312051053667,-0.024526505906988245,-0.05093441144904989,-0.08303503516207948,-0.12182823246030523,-0.16843753530921268,-0.22411776674054468,-0.29027572037219573,-0.3685201050007395,-0.4607651548984646,-0.5694169221239169,-0.6976698369388996,-0.8499368494109691,-1.0324492483837944,-1.254139617299563,-1.528015615391618,-1.8725309531000813,-2.3063615788373713,-2.803536968043748,-3.1934811464389874
2.0549999999999673,0.0375187974118895,0.0626870780646669,0.0678900269112308,0.07004974104625877,0.07113649478941311,0.07158030111384765,0.07140651466099122,0.07053909521768914,0.06886740504700403,0.06625451172914293,0.06253215238883254,0.057492901279094955,0.050881861402251365,0.04238791847369822,0.0316342912482522,0.01816856725200084,0.001452336241096308,-0.01914912548889794,-0.04437611414981393,-0.07508202956379702,-0.11223877890778584,-0.15694061153651,-0.21041007829030542,-0.27401421126819525,-0.34930549622563506,-0.4381108404367393,-0.5426982816086406,-0.6660536335389617,-0.812299505162009,-0.9873015998953546,-1.1995703008169154,-1.461633259699073,-1.7913667237161508,-2.2069399106156538,-2.6836659557623865,-3.0577638772585085
2.059999999999967,0.03748739621670509,0.06268993311703529,0.0679240765083921,0.0701164447866891,0.07125082197764315,0.07176436406638403,0.0716869742370801,0.07094663011625982,0.06943725416945246,0.06702757524929555,0.06355642874981655,0.05882517976285139,0.052589647168800366,0.04455158098647167,0.03434941395533324,0.02154844273344899,0.005630505247394238,-0.01401644404402503,-0.03810789037674997,-0.06747074416014036,-0.10304918801822427,-0.14590852496420742,-0.19723991347419462,-0.2583728194320548,-0.33080814205128184,-0.41629379449827486,-0.5169725436540769,-0.635637702903088,-0.7761369475142694,-0.9439781827200362,-1.147243932683247,-1.3979650670003574,-1.713425909938946,-2.1112873504254783,-2.568117327375589,-2.9267709390973193
2.064999999999967,0.03743996062438277,0.06267618127973398,0.06794052745264799,0.07016391592668773,0.07134338636736601,0.0719231005388039,0.07193739422414527,0.07131812350515161,0.06996358814739298,0.06774794238459689,0.06451682557764692,0.06008003749330902,0.054203693672730854,0.04660192884204086,0.03692785881644714,0.02476392561238743,0.009611648872315588,-0.009118866257170025,-0.03211873612738675,-0.06018870679916627,-0.09424546756593255,-0.13532565866731505,-0.18458974794917965,-0.24333144319963457,-0.3130040252512481,-0.3952838086466498,-0.4922000440198032,-0.6063691625361253,-0.7413801127917453,-0.9023934215167834,-1.09706181550188,-1.3369048873059959,-1.6385985811279569,-2.019287658556448,-2.4567614634344745,-2.800359555554391
2.069999999999967,0.03737718885767939,0.06264653835149686,0.06794014376423735,0.07019300061213808,0.07141515555504002,0.0720576424004648,0.07215911769644517,0.07165518228310577,0.07044833787107295,0.06841793758536961,0.06541614152886377,0.06126084034022284,0.05572803992571835,0.04854379239612661,0.039375375525984135,0.02782181773472827,0.013403750881458773,-0.004447109997775429,-0.02639797806469931,-0.0532237880261026,-0.085813981947889,-0.12517678705821922,-0.17244254034718057,-0.22887066864113478,-0.2958702032399043,-0.37505237139634406,-0.46834365047595283,-0.5781985293784249,-0.70796386106915,-0.8624654182904878,-1.0489278359077974,-1.2783479094613137,-1.566776109525625,-1.9308281969081356,-2.349476540006439,-2.678398278121989
2.074999999999967,0.03729975376128085,0.06260169355892403,0.0679236601607293,0.07020451148432161,0.07146705784333023,0.07216907474206456,0.07235343160849837,0.07195934581067101,0.07089335292848412,0.06903978760203949,0.06625705826236501,0.062370814800010554,0.05716656011718693,0.05038180898185819,0.041697490597432836,0.030728667060623625,0.017014511974760553,7.79864285301024e-06,-0.0209352700894197,-0.04656419855889009,-0.07774144804614903,-0.1154470644223303,-0.16078170332699213,-0.21497170840557073,-0.2793846984932542,-0.35557250165424215,-0.4453685552481731,-0.5510795307668366,-0.6758269075420134,-0.8241160915386782,-1.0027487699131905,-1.2221908850833385,-1.4978509523422239,-1.845799064555693,-2.2461471956665386,-2.5607655125749043
2.0799999999999668,0.03720830363121413,0.06254231047647943,0.06789178313670365,0.0701992289758608,0.0714999838124632,0.07225843778462865,0.07252156910895433,0.07223208870158947,0.07130040495049463,0.06961562545765614,0.06704214510147688,0.06341305337840758,0.05852296969668592,0.05212042958244441,0.04389951439336607,0.03349077466533054,0.0204513562277443,0.004254530648147396,-0.015720589568662062,-0.04019848669029603,-0.07001493182777611,-0.10612201586222118,-0.14959107980471908,-0.20161634945765408,-0.26352640138904904,-0.3368185951268076,-0.42324207351748405,-0.5249689033718535,-0.644911716708289,-0.7872712660203274,-0.958434569045182,-1.1683324124794252,-1.4317165773223077,-1.7640923815598477,-2.1466632240035532,-2.4473479235036546
2.0849999999999667,0.03710346302217797,0.062469027918676194,0.0678451920062747,0.07017790255873213,0.07151478783006714,0.07232672871174674,0.07266471176107091,0.07247482350329083,0.07167119082712187,0.07014749427517293,0.06777386353664552,0.06439051981072227,0.05980083130359042,0.053763925385121994,0.04598654810192769,0.036114201790199786,0.023721437714610966,0.008301459684417284,-0.010744233204967028,-0.03411553551530839,-0.0626218454290413,-0.09718753017174198,-0.13885492362897756,-0.1887869088152076,-0.24827498479704418,-0.31876628406704566,-0.40193345050645346,-0.49982618525590344,-0.6151643648550387,-0.751860712542535,-0.915898613900788,-1.116673256842452,-1.3682675138580906,-1.6856017327457031,-2.0509183482744797,-2.3380388066951574
2.0899999999999666,0.03698583353468113,0.062382460804731546,0.06778453990879198,0.07014125194505202,0.07151228950223945,0.07237490342947156,0.07278399167527856,0.07268890327197115,0.07200733579981636,0.07063735096267124,0.06845457157287252,0.06530605411834228,0.061003560540213574,0.055316394206198785,0.047963490643372665,0.0386047769171486,0.026831647282122388,0.012156667993833165,-0.005996812543827557,-0.028304559911722378,-0.05554994451613009,-0.08862985422383307,-0.128557884023014,-0.17646619640458866,-0.23361082964058025,-0.3013923103962901,-0.38141367908657275,-0.47561350566128985,-0.586534376718479,-0.7178181393582527,-0.8750579250611294,-1.067116684472293,-1.3073995082836372,-1.6102217739570541,-1.958809122445668,-2.2327365067370457
2.0949999999999664,0.03685599458052928,0.06228320099645718,0.06771045477991941,0.07008996824250355,0.07149327506746712,0.0724038782554032,0.07288049355548104,0.07287562404440112,0.0723103964325714,0.07108706975954193,0.06908652792267136,0.06616237750337625,0.062134431585714966,0.05678176677916335,0.0498350454887863,0.04096810284060795,0.02978861944134529,0.01582795254393924,-0.0014692491262449786,-0.022755103219614742,-0.04878732575228287,-0.08043558850741704,-0.11868499317510157,-0.16463748418517696,-0.2195149605805829,-0.2846744119585428,-0.3616553293021487,-0.4522953765252046,-0.5589745422473062,-0.6850811385425899,-0.8358333246170251,-1.019568791065135,-1.2490097599270817,-1.5378479953265545,-1.8702339905332446,-2.1313429438736176
2.0999999999999663,0.03671450412792415,0.062171818109837684,0.06762354028837707,0.07002471506659214,0.07145849873566765,0.07241453153988951,0.07295525666284125,0.07303622721093991,0.0725818634666689,0.07149844564886124,0.06967189604829103,0.06696209708048366,0.06319658264710462,0.058163812897525674,0.05160572737727051,0.04320956371563668,0.032598739348743015,0.019322831401476732,0.0028472306987258403,-0.017457033584700875,-0.04232242423038744,-0.07259168349993797,-0.10922165642068951,-0.15328448073434603,-0.20596899093152932,-0.2685912214403092,-0.3426323907136641,-0.42983848908035016,-0.5324407192131342,-0.6535910920292664,-0.7981495446926508,-0.9739388070472167,-1.192997213758554,-1.4683766294401701,-1.7850925243305866,-2.0337623002147693
2.1049999999999662,0.03656189942540118,0.06204886030091239,0.06752437673963031,0.06994612961070582,0.07140868397487994,0.07240770522243395,0.07300927670012483,0.07317190179246705,0.07282316456171109,0.07187319763804709,0.0702127480568948,0.06770771045015507,0.064193021247884,0.059466147406908795,0.0532798689189674,0.04533433205970874,0.03526814984665176,0.022648550299975978,0.006961101282013278,-0.012400539946962726,-0.036144010765173026,-0.06508543660974127,-0.1001536445199211,-0.14239131053612752,-0.19295507590670855,-0.25312217732510595,-0.324320128049161,-0.4082115182731926,-0.5068916270401973,-0.6232930428775855,-0.7619352821858127,-0.9301393662829206,-1.139262885943894,-1.4017046870416237,-1.7032848486184995,-1.9398999013886702
2.109999999999966,0.036398697705495295,0.06191485502669831,0.06741352194762876,0.06985482367509183,0.07134452474642217,0.07238420632445665,0.07304350761904364,0.07328378662582524,0.07303566692773195,0.07221297191202296,0.07071106844988126,0.06840161011228889,0.0651266293518062,0.06069223604141955,0.05486162707200726,0.04734737568988838,0.03780275853566501,0.025812089368153032,0.010880543475650435,-0.007576127668730587,-0.030241188961906508,-0.057904489465430586,-0.09146708759068775,-0.1319424972732125,-0.18045587329911916,-0.23824744612119636,-0.30669495028521476,-0.38738493711667776,-0.48228863670385536,-0.5941355378297725,-0.7271232013501224,-0.8880867280471392,-1.087710200123897,-1.3377300990986627,-1.6247112529710985,-1.8496613160595838
2.114999999999966,0.0362253968684403,0.06177030978116643,0.06729151207522815,0.06975138465726811,0.07126668669159372,0.07234480838251743,0.07305886335432521,0.07337297245927095,0.07322067985150842,0.07251934486363792,0.07116875773308426,0.069046087725743,0.0660001683240698,0.06184540110049269,0.056354989484747424,0.049253464578289045,0.04020824485391153,0.02882016998801211,0.014613450701522923,-0.0029746138031866848,-0.024603392001004296,-0.05103682536706297,-0.08314847031439042,-0.12192295047985163,-0.16845451072945494,-0.22394785502541376,-0.2897342929891536,-0.36733084254466664,-0.45859556096606513,-0.5660704473694926,-0.6936498877927694,-0.8477009456833041,-1.0382453146926154,-1.2763519417196232,-1.5492719806149664,-1.7629516828070608
2.119999999999966,0.03604247614556437,0.06161571280805908,0.06715886244515346,0.06963637650433077,0.07117580827107604,0.07229025282280781,0.07305621948669117,0.07344050396375988,0.07337945712079308,0.07279382600381493,0.07158763588831993,0.06964333821413125,0.06681628372907084,0.06292882696466279,0.05776378069548787,0.051057177609926056,0.04249006713922327,0.031679261751156595,0.018167435253974705,0.0014128779809373174,-0.019220379098803628,-0.044470766751582236,-0.07518462808333158,-0.11231795497624165,-0.15693455863298258,-0.21020483413256225,-0.27341651351135343,-0.3480227938254472,-0.4357784485697352,-0.5390527693668228,-0.6614557589151968,-0.8089059787111434,-0.9907774244133891,-1.2174707194928618,-1.4768671775884537,-1.6796752620317932
2.124999999999966,0.0358503967430973,0.06145153378954392,0.06701606832110048,0.06951034062863436,0.0710725018590172,0.07222125028025074,0.07303641483753452,0.07348738166030666,0.0735131993500403,0.07303786075642549,0.07196944571233942,0.07019546372230989,0.06757750996716591,0.06394556544723604,0.059091668182781824,0.05276290923076872,0.04465346965220878,0.034395589485122696,0.021549834807770757,0.005594922802621208,-0.014082231619039598,-0.038194972551348114,-0.06756274380631495,-0.10311316256359065,-0.1458800082046186,-0.19700036727995332,-0.25772079843717743,-0.32943566414988157,-0.4138053853784137,-0.5130404220423149,-0.6304849368011879,-0.7716297481225947,-0.9452190232419233,-1.1609886832320413,-1.4073969799551287,-1.59973520021413
2.1299999999999657,0.035649602466898925,0.061278224512780005,0.0668636056612988,0.06937379678902234,0.0709573547938968,0.07213848186338097,0.07300025299824427,0.07351456376926488,0.0736230562118434,0.07325283314106913,0.07231585602568186,0.07070447742648853,0.06828627475203877,0.06489854098210245,0.06034216826114412,0.054374875973095246,0.046703489541017995,0.03697514032050643,0.02476771909747133,0.009579800274182683,-0.009179348824990607,-0.032198435357558085,-0.0602703451349237,-0.09429458552105331,-0.13527525357811365,-0.1843169506230719,-0.24262708256700258,-0.3115455056332675,-0.3926463048223091,-0.48799403148488635,-0.6006850901083979,-0.7358041371142237,-0.9014861189101859,-1.1068101597453555,-1.3407617130591576,-1.5230334853225724
2.1349999999999656,0.035440520328342835,0.061096219514396546,0.06670193184486327,0.06922724393764301,0.07083093038666542,0.07204260036823637,0.07294850379635476,0.07352296798291506,0.07371012857647351,0.07344006834806664,0.07262846475645884,0.07117230720147515,0.06894490343109842,0.06579055564712627,0.061518651818264956,0.05589712284923867,0.04864496372987096,0.03942367077323396,0.027827896736530758,0.01337550048306807,-0.004502443272328863,-0.026470478317840898,-0.053295301911038206,-0.08584859149792629,-0.12510507757367137,-0.17213755805818198,-0.22811597860450697,-0.29432942765506803,-0.372272809433721,-0.4638767183546818,-0.572007251684473,-0.7013649414948593,-0.8594983934485048,-1.054841873783546,-1.2768621749147622,-1.4494710657503538
2.1399999999999655,0.03522356113098582,0.06090593670290388,0.0665314863712443,0.06907116103437921,0.07069376888962588,0.07193423144216966,0.07288190470129369,0.07351347316468144,0.07377547056375433,0.0736008352086275,0.07290880190142862,0.07160079914856696,0.06955562315123512,0.06662429402446926,0.06262434989171016,0.05733352960505773,0.050482535714846656,0.04174671381748163,0.030736922145624422,0.0169897302188885,-4.253585137545951e-05,-0.02100075172319891,-0.046625823675890354,-0.07776189945414115,-0.11535464041051724,-0.1604456126435697,-0.21416871667280946,-0.2777654882024228,-0.35265800471990066,-0.44065388773842784,-0.5444056184825998,-0.6682517754496295,-0.8191793071729075,-1.0049932456200183,-1.2155999756152758,-1.378948100980325
2.1449999999999654,0.03499912003982103,0.06070777796070053,0.0663526915349523,0.06890600783005808,0.070546388425864,0.07181397470068401,0.07280116217230867,0.07348692097801582,0.07382009151022662,0.07373634856510103,0.07315833237019045,0.07199172098835947,0.07012056687392634,0.06740232789835061,0.06366235908127191,0.058687816825193986,0.05222066225391422,0.043949585926754096,0.033501102559614186,0.02042991941515753,0.004209049502850351,-0.015779229252649483,-0.04025045711013342,-0.07002157634666079,-0.10600947084210238,-0.1492249632214787,-0.20076709274896443,-0.26183259768421424,-0.3337763461592925,-0.41829302545326075,-0.5178373399781114,-0.6364079392747415,-0.780456146598651,-0.9571766513456049,-1.1568779060342,-1.3113643103253414
2.1499999999999653,0.034767577132289035,0.060502129725744175,0.06616595307517029,0.0687322256191759,0.0703892858815777,0.07168240479783931,0.07270695294988143,0.07344411744784027,0.07384495785508766,0.0738477715438064,0.0733784587147723,0.0723467653215743,0.0706417772415921,0.06812712079235789,0.06463564679753017,0.05996355188631466,0.0538636199384572,0.046037394063498625,0.03612650508605184,0.023703227774184592,0.008260691413380733,-0.010796203860592046,-0.034158083303684826,-0.06261503430780506,-0.09705545923178308,-0.1384598654936246,-0.18789342511156482,-0.2465104345329664,-0.31560349969333995,-0.3967635034289615,-0.49226230071973526,-0.6057802561533372,-0.7432600191441308,-0.9113076367728008,-1.100600311753797,-1.2466193863418749
2.154999999999965,0.03452929793191392,0.0602893635532786,0.06597166080217381,0.0685502379639015,0.07022293776292857,0.07154007245344869,0.07259992529460703,0.07338583445675881,0.07385099494760311,0.07393621773470911,0.07357052374927465,0.07266755276286077,0.07112121030009011,0.06880103234888525,0.06554705634666276,0.06116415475281576,0.05541551163595676,0.04801504259710246,0.03861896378577568,0.026816551541528975,0.01212047694767876,-0.00604228330354039,-0.028337914781387648,-0.05553002810553931,-0.08847885214579643,-0.12813496686351583,-0.1755305179033378,-0.2317793718014317,-0.298116215746511,-0.37603639617365586,-0.4676429019857666,-0.5763188851129295,-0.7075257993328659,-0.8673050794734132,-1.0466734517381844,-1.1846134416659477
2.159999999999965,0.03428463392503353,0.06006983665841528,0.06577018919997027,0.06836045138962968,0.07004780101838362,0.07138750543780331,0.07248070017360506,0.0733128111789108,0.07383908877961223,0.07400275328103953,0.07373581306360981,0.0729556349501483,0.07156073907968247,0.06942632255225745,0.06639931184944477,0.06229290361099243,0.05688027279412822,0.04988724013495963,0.040984086753094395,0.029776530400948437,0.015796207761858534,-0.0015083853118233667,-0.022779492228005724,-0.04875465270887652,-0.08026624809499967,-0.1182352944239678,-0.16366163095405264,-0.2176204138922414,-0.28129221652866404,-0.3560843097528415,-0.4439438467826785,-0.5479771170493422,-0.6731920324884468,-0.8250912967930872,-0.9950058254360036,-1.1252474616022352
2.164999999999965,0.03403392306082131,0.059843892440235615,0.06556189800763992,0.06816325605380888,0.06986431382769953,0.07122520951606076,0.07234987239863172,0.0732257554543064,0.07381008764578639,0.07404839888274106,0.07387555743409592,0.07321249743503203,0.0719621570393985,0.07000515580018087,0.06719502299917053,0.06335294034157524,0.05826167760095024,0.05165850625268825,0.043227263171971356,0.032589554456925136,0.019295406468180787,0.0028142675781040252,-0.017472680879013665,-0.04227734082064101,-0.07240459410796585,-0.1087462455225906,-0.15227045504503206,-0.20401514252275801,-0.2651100961401602,-0.3368812241973156,-0.42113193167943064,-0.5207111602086677,-0.6402008026764745,-0.784592100535675,-0.9455084563521248,-1.0684237393708405
2.169999999999965,0.03377749023509567,0.05961186098764691,0.0653471327789001,0.0679590263890996,0.06967289635972085,0.07105366935373225,0.07220801171598588,0.07312534510519861,0.07376480373411083,0.07407413171645243,0.07399093513602936,0.07343956245657278,0.07232718137756315,0.07053960482452798,0.0679366896570407,0.06434727582771936,0.0595633449924227,0.05333317810863999,0.04535367032555298,0.03526177127892353,0.02262532319895212,0.00693415351272926,-0.012407666553762249,-0.03608686026646965,-0.06488118286806781,-0.09965358040937043,-0.1413410918536061,-0.19094567101074778,-0.2495492328365348,-0.3184023498093655,-0.399175848245182,-0.49447992086890424,-0.608497571971565,-0.7457368012957785,-0.898095124374809,-1.0140462759954039
2.1749999999999647,0.03351564775837193,0.05937405956804229,0.06512622542086878,0.06774812172091457,0.06947395149960586,0.07087334938537562,0.07205566385173226,0.07301222919766084,0.07370401465044653,0.07408088727562764,0.0740830741606134,0.07363819160420731,0.07265745621364604,0.07103165446729628,0.06862670628875892,0.06527879509754597,0.06078874450474889,0.0549154169334855,0.047368280541918696,0.03779909297627483,0.025792942328575222,0.010859457104483695,-0.00757495132821915,-0.03017231115627351,-0.05768365018712951,-0.09094341651882551,-0.13085803787119288,-0.17839460598259077,-0.234589712676822,-0.30062399745857954,-0.3780459961710214,-0.46924478420489385,-0.578030998066509,-0.7084581671499681,-0.852682543028686,-0.9620211319639047
2.1799999999999646,0.03324869580861363,0.05913079309870943,0.06489949471332426,0.06753088686164763,0.06926786554628751,0.0706846946468878,0.07189335151314179,0.07288702925040796,0.07362846487860494,0.07406956113398237,0.07415305434046915,0.07380968837180253,0.07295455564402806,0.07148320531287333,0.06926736624388255,0.06615026230315552,0.0619412019660912,0.05640921438449619,0.04927586805779065,0.040207203281768904,0.028804989329468997,0.014598075483200586,-0.0029653488447312637,-0.02452312275704107,-0.050799972631217355,-0.08260222400578328,-0.12080617165137712,-0.1663450156278046,-0.22021226369682767,-0.28352346264522527,-0.357714309540534,-0.44496939953658865,-0.5487527369006234,-0.6726923425780775,-0.8091904811619582,-0.9122567226600669
2.1849999999999645,0.03297692286887144,0.05888235460173322,0.06466724680818874,0.06730765268125662,0.0690550088827095,0.07048813157432285,0.0717215753481412,0.07275034039266996,0.07353886717942924,0.07404101063508886,0.07420190938721384,0.07395530060796855,0.07321998667688728,0.07189607718277649,0.06986086588216053,0.06696432553602444,0.0630239050268176,0.057818398756696046,0.05108101578514248,0.04249156461780245,0.031667937724828996,0.018157624583534503,0.0014300207240727156,-0.019129050035821875,-0.04421846514737417,-0.0746168221985081,-0.11117074380386277,-0.15478040366335644,-0.20639819969753023,-0.2670789228577659,-0.3381540971570888,-0.4216194733580383,-0.5206172364413948,-0.6383787341697564,-0.7675418312982236,-0.8646640538713464
2.1899999999999644,0.032700606150338415,0.058629025643426286,0.06442977571098,0.06707873665590458,0.06883573661813917,0.07028406876897234,0.07154081486521577,0.07260273247331937,0.07343590393071137,0.07399605651087601,0.07423062884383899,0.07407622286590566,0.0734551920492873,0.07227201249462736,0.07040930854807166,0.06772352147946101,0.06403990852529151,0.05914664104471369,0.05278812196750898,0.04465742512309621,0.03438801611186576,0.021545445637848583,0.005619736042201728,-0.013980169847785377,-0.0379277785729525,-0.06697437668847599,-0.10193736921450436,-0.14368468822585084,-0.19312937271808292,-0.2512693475663917,-0.31933989736873897,-0.39916257280435075,-0.4935815270631991,-0.605459869904974,-0.7276626289322123,-0.8191568973002384
2.1949999999999643,0.032420012001293866,0.058371076757584066,0.06418736374410346,0.066844443395151,0.06861038920541138,0.07007289773187263,0.07135152931459353,0.0724447511240716,0.07332022841131379,0.07393548443263379,0.07424015995634325,0.07417359865660247,0.07366155293101942,0.07261267949054077,0.0709147083982706,0.06843027990192084,0.0649921396891066,0.06039746085005441,0.05440140671410663,0.04670982562332653,0.0369712152283789,0.024768611843499183,0.009612080283483683,-0.009066876757399263,-0.031916896933962345,-0.05966239681437238,-0.0930920210282996,-0.133042184957125,-0.18038813326293637,-0.236074420044456,-0.3012473474290993,-0.37756794150366346,-0.4676050132151822,-0.5738812387054524,-0.6894820284664362,-0.7756519088408782
2.199999999999964,0.032135396302361806,0.05810876785468928,0.06394028199282263,0.066605065148568,0.06837929303278119,0.06985499356708127,0.07115415853274347,0.0722769187771181,0.07319246603029268,0.07386004649627617,0.07423140946622497,0.07424852260875128,0.07384039151876222,0.07291967533871256,0.0713789940858487,0.06908692799188554,0.06588340317157253,0.06157423212933145,0.055924918402287215,0.0486536065236516,0.039423295033192106,0.027833935170403716,0.01341504708356317,-0.004379878494253801,-0.02617513446698877,-0.05266873334649837,-0.08462102599105202,-0.12283759361609543,-0.1681572973802222,-0.2214744701238221,-0.2838530671120172,-0.35680632914452615,-0.44264927028749423,-0.5435911165750018,-0.6529322423211456,-0.7340686944522794
2.204999999999964,0.031847004847883276,0.057842348615693547,0.06368879073478302,0.06636088229255765,0.06814276099204218,0.06963071565706253,0.07094912375175304,0.07209973564051955,0.07305321550489653,0.0737704626453399,0.07420524532893903,0.0743020425391296,0.07399297352434223,0.07319452911162326,0.07180401230310827,0.06969569453766829,0.06671638592391589,0.06268018878081069,0.05736253993843895,0.05049341460997452,0.041749791779918846,0.030747973280382063,0.017036346740831744,8.980894884870472e-05,-0.02069213231535587,-0.045981576205759045,-0.07651106080091474,-0.11305598760765494,-0.15642011972045253,-0.2074504169297186,-0.26713455604366276,-0.3368498355414746,-0.41867784981664913,-0.5145403850919168,-0.6179484501089989,-0.6943298298239063
2.209999999999964,0.03155507371533462,0.057572058872732014,0.06343313985326798,0.06611216379817096,0.0679010930237815,0.0694004083090547,0.07073682837465621,0.07191368063263984,0.07290304998862855,0.0736674220336811,0.07416249835891343,0.07433516143700476,0.0741205105615521,0.07343870464560752,0.07219153118909716,0.07025871395581217,0.0674936619056239,0.06371843006794463,0.05871799487296878,0.0522337097448194,0.04395602505796311,0.03351703652600037,0.02048341263602471,0.004350866556855258,-0.01545785487092232,-0.03958945209248754,-0.06874914916637222,-0.10368280588145512,-0.14516027175579266,-0.19398372061750174,-0.25107010402186547,-0.3176717695152543,-0.39565609544265734,-0.4866823473369418,-0.5844686847071445,-0.6563608407742583
2.214999999999964,0.03125982962084141,0.05729812897540672,0.0631735692352368,0.06585916768064307,0.06765457664054202,0.0691644013757214,0.07051765871840253,0.07171921227640884,0.07274251815130461,0.07355158433097347,0.07410396380640619,0.07434883936548004,0.07422416243421052,0.07365360328502644,0.07254324360400105,0.07077803016965198,0.06821769663224095,0.06469192587753851,0.05999485336102611,0.053878771444143034,0.04604710478387054,0.03614719500299607,0.023763407836836836,0.008411677852254523,-0.010462585746231184,-0.033481221922196824,-0.06132265932127402,-0.09470384671819157,-0.13436182439914673,-0.1810563421394241,-0.23563871345597265,-0.2992465225233395,-0.3735509713649926,-0.4599725455854309,-0.5524337017137846,-0.6200901515513473
2.219999999999964,0.030961490263318705,0.057020780144812655,0.06291030915404015,0.06560214143135762,0.0674034874290495,0.06892301084990843,0.07029198472615612,0.07151676955717974,0.07257214521392194,0.07342358097234253,0.07403040286726112,0.07434399528329563,0.07430503933002841,0.07384056651589643,0.0728607702757405,0.07125560034395594,0.06889085156631726,0.06560352181409335,0.061196537966206964,0.055432705325826996,0.04802793812115906,0.03864428562633324,0.026883231857295832,0.012280334745906292,-0.005696923373762493,-0.027646077994643727,-0.05421930178173667,-0.08610526297352518,-0.1240092343166898,-0.16865071009116014,-0.2208200329711188,-0.2815494566638552,-0.35233090444874937,-0.4343685843392576,-0.5217868382100955,-0.5854490080519251
2.2249999999999637,0.03066026465644579,0.056740224814137125,0.06264358063831302,0.06534132243286019,0.06714808953182909,0.06867653943462197,0.07006016064923287,0.07130677274332124,0.07239243393953061,0.07328401635577483,0.07394254412908724,0.07432150879045092,0.07436420392345118,0.0740008784916196,0.07314566282116983,0.07169329847694855,0.0695153883505112,0.06645594412822975,0.062326329303216466,0.05689944942011246,0.04990323631438375,0.041013919207521475,0.02984952753878064,0.01596464365037894,-0.0011517762385963026,-0.02207354084237778,-0.047427127173796574,-0.07787355841318647,-0.11408733330006403,-0.15674969372898753,-0.2065943011685868,-0.2645568064362316,-0.33196564061030664,-0.4098299615143748,-0.4924738660401192,-0.5523713825093856
2.2299999999999636,0.030356353449265253,0.05645666695768387,0.062373595826493496,0.06507693835768552,0.06688863610973,0.06842527708992925,0.06982252570094301,0.07108962417281217,0.07220386558210876,0.07313346898858994,0.07384108495635017,0.0742822218000531,0.0744026733909133,0.07413576845597383,0.07339940664777253,0.07209291885498206,0.07009347288855408,0.06725180448379514,0.06338737151800361,0.05828278033558367,0.051677521422077204,0.04326148750853623,0.03266868802339348,0.019472131824163186,0.00318164223906299,-0.016753455724214134,-0.04093452399316368,-0.06999558481994145,-0.10458132012439401,-0.14533658130307475,-0.19294229951912334,-0.24824559346209404,-0.3124261156795866,-0.38631790990893033,-0.46444284406017367,-0.5207938655664466
2.2349999999999635,0.03004994923542842,0.056170302407471506,0.06210055830828507,0.06480920755145311,0.06662536978552253,0.06816950155700098,0.06957940468311277,0.07086570900654496,0.07200690079525411,0.0729724925847079,0.0737266928165647,0.07422694013993475,0.07442142134205573,0.07424641306610756,0.073623423738107,0.07245617937352386,0.07062717927611044,0.06799360456125726,0.06438267760300227,0.05958631927311971,0.053355132935613774,0.045392170251681394,0.03534686379008504,0.022810053914840506,0.007311819152256482,-0.011675988744398194,-0.03473021618643632,-0.062458539602416624,-0.09547675438218864,-0.13439506290781067,-0.1798453133738092,-0.2325935532425262,-0.29368434056260173,-0.36379525042625405,-0.43764397299920865,-0.4906555508711248
2.2399999999999634,0.02974123685163513,0.05588131915884096,0.06182466345314925,0.06453833940105502,0.06635852306971887,0.06790947886069025,0.0693311085861148,0.07063539594995537,0.07180198050285708,0.07280161711659693,0.07360000655079738,0.07415643508680156,0.07442137966984741,0.07433393861971778,0.07381907532203659,0.07278472472765164,0.07111849358452538,0.0686837405029571,0.06531513454809638,0.060813537884513505,0.054940234272867594,0.047410942065835474,0.03788996972577985,0.025985398669776692,0.011246947860298048,-0.006831622591204525,-0.028803260474605866,-0.055249963684602305,-0.08675955184802403,-0.12390921712224123,-0.16728510010765585,-0.21757907295018047,-0.2757133002461012,-0.3422262579667234,-0.4120294558167044,-0.46189791653749107
2.2449999999999632,0.029430393665823118,0.055589897664720986,0.06154609872632499,0.06426453468830982,0.06608831876910595,0.0676454637913192,0.06907793516417687,0.07039903794405032,0.07158952673191867,0.07262134982122885,0.07346163758959105,0.07407144483516187,0.07440344032362975,0.07439942319019303,0.07398766444042001,0.07308012947734907,0.07156931750287755,0.06932450720088315,0.06618750832631251,0.06196776397033922,0.05643681913676373,0.049322579352178986,0.040303692205802426,0.02900489578023383,0.014994934017261118,-0.0022111518994039764,-0.023143043355836876,-0.04835773948798072,-0.07841598098545015,-0.11386350077574037,-0.15524386345649893,-0.20318113920805664,-0.2584868659545757,-0.3215765404133625,-0.387553365711255,-0.4344647069866949
2.249999999999963,0.029117589854964702,0.05529621111935507,0.06126504399316281,0.06398798592982555,0.06581497037871845,0.06737770036662095,0.06882016948632573,0.07015697282745077,0.07136994341120304,0.07243217616435253,0.07331217111796454,0.07397267590454037,0.07436845700699288,0.07444389867232017,0.07413043840367516,0.07334390099013516,0.07198147183927434,0.06991810242941088,0.06700244871612579,0.06305218701691916,0.05784871773253502,0.051131667054265396,0.042593496160295376,0.03187502283047895,0.01856340184626922,0.002194321750616207,-0.01773927775174773,-0.04177008886047222,-0.07043266026350892,-0.10424274124656505,-0.14370423316688602,-0.18937929480359053,-0.24197971960649406,-0.3018129307201406,-0.3641715232860618,-0.40830181792406284
2.254999999999963,0.028802988673165997,0.05500042573175648,0.06098167181168397,0.06370887770348818,0.06553868245834561,0.06710642227462871,0.06855808446449974,0.06990952397049663,0.07114361713521013,0.07223456076299514,0.07315216719019386,0.07386080448647239,0.07431724680441282,0.07446835274337887,0.07424859114988784,0.07357748226639865,0.0723566998884586,0.07046663082854786,0.06776249396199246,0.06406986356856752,0.05917960283450612,0.05284260531798734,0.04476463210342291,0.03460201231972599,0.02195970062457485,0.00639339517576569,-0.012581999271757065,-0.0354755708357969,-0.06279655600184442,-0.09503213076717991,-0.13264924913874426,-0.17615360329498697,-0.22616728960189253,-0.2829033917896133,-0.3418413838048304,-0.38335718649275496
2.259999999999963,0.028486746710357252,0.05470270098896693,0.060696147714121254,0.0634273869620332,0.06525965099322538,0.06683185329846528,0.06829194135961492,0.06965700088256095,0.07091091789611371,0.07202894826933058,0.07298216179783604,0.07373647773514466,0.07425059173912683,0.07447373074153163,0.0743432655050318,0.07378225465031252,0.07269667066695604,0.07097210773754581,0.06847007527309465,0.06502372243467416,0.06043299569895351,0.0544596160310177,0.04682214310677152,0.037191858730479144,0.025190911351007386,0.010394369253247666,-0.00766156208837683,-0.029463079134151644,-0.05549498050846842,-0.08621722227410376,-0.12206234931665627,-0.16348462050712176,-0.2110256969048235,-0.2648169335582652,-0.32052193498246856,-0.35958068802033705
2.264999999999963,0.028169014141459635,0.05440318991008521,0.06040863047797718,0.06314368333456384,0.06497806374051478,0.06655420772310633,0.06802199026639191,0.06939969979389271,0.07067219978479364,0.07181576421716628,0.07280266789205364,0.07360031500236872,0.07416924026513816,0.07446093746577882,0.07441555535026245,0.07395954043076006,0.07300298202153484,0.07143646288596049,0.06912752116580859,0.06591656973326478,0.0616122718189019,0.05598674923020965,0.04877087169754112,0.03965032561500381,0.028263853558256488,0.014205254871757188,-0.0029686344238653434,-0.023721839340695182,-0.048515590319153715,-0.07778392640269667,-0.11192736065013938,-0.15135337196232806,-0.1965317103512763,-0.24752354151660177,-0.3001736053530712,-0.3369240402319783
2.2699999999999627,0.027849934967041367,0.05410203929055159,0.06011927238647026,0.06285792941583318,0.06469410056202171,0.06627369072611315,0.06774847057780228,0.06913790421278376,0.07042780166176398,0.07159541583124522,0.07261417636228548,0.0734529090203631,0.0740739086960093,0.0744308389001202,0.07446650769847717,0.07411060533660443,0.07327716361385672,0.07186154394319413,0.06973706164959052,0.06675109376943358,0.06272066651678868,0.05742788936973743,0.05061546666694782,0.04198295267623063,0.031185092242476897,0.01783377914181227,0.0015058063367050095,-0.018241405719440495,-0.04184638438210618,-0.06971850928510956,-0.10222849251955488,-0.13974133535382272,-0.1826627101138868,-0.23099411575391643,-0.2807581829379478,-0.31534071534859653
2.2749999999999626,0.02752964724505913,0.05379938993789567,0.05982821947935154,0.06257028104446408,0.06440793374273067,0.06599049875158769,0.0674716114303662,0.0688718854592716,0.07017804779998904,0.07136829280366754,0.07241715697353195,0.07329482703487303,0.07396528257337207,0.07438426386523761,0.0744971246849585,0.07423666092908865,0.07352067978628994,0.07224911993182365,0.07030083226128309,0.06752986975123114,0.06376128037413956,0.058786761442048356,0.05236038977323558,0.04419506281990594,0.033960944876706506,0.02128739183190207,0.0057704788902632545,-0.01301165763640292,-0.03547570206759774,-0.06200759086109352,-0.09295033209167887,-0.12863042723535034,-0.16939665827735145,-0.21520041953187588,-0.2622387436891551,-0.2947858601330164
2.2799999999999625,0.027208283314662053,0.05349537689855533,0.05953561179421199,0.06228088757019567,0.06411972829732641,0.06570481986931691,0.06719163213089886,0.06860190317669716,0.06992324850062068,0.07113476803633617,0.07221205926354168,0.07312661188886123,0.0738440179764859,0.07432200559985286,0.07450836547414263,0.0743388668958129,0.07373493231180049,0.07260088450838226,0.070820877950441,0.0682553643450933,0.06473708449696867,0.06006693694630403,0.05400992232781747,0.046291769157174485,0.03659748848012143,0.02457327199725832,0.009833803591278514,-0.008022795581115877,-0.029392220909493283,-0.05463814346059011,-0.08407784113605342,-0.11800299317739814,-0.15671207552301553,-0.20011503634885305,-0.24457958900535837,-0.2752162236512717
2.2849999999999624,0.026885970011340885,0.05319012967641398,0.05924158359830299,0.06198989211054376,0.06382964226373045,0.06541683411844858,0.0669087425649165,0.06832820582082844,0.06966370068181856,0.07089519835188095,0.07199931340182616,0.07294878306101148,0.07371074277734102,0.07424482327589,0.07450114808674654,0.07441833325007761,0.07392126303287384,0.07291845911479018,0.07129915681895724,0.06892994007153318,0.06565092561598697,0.061271839699774545,0.05556817165337396,0.048277981938905694,0.0391005667160339,0.027698334767164115,0.013703908330297138,-0.0032653367894280375,-0.02358495401203007,-0.047597490461308525,-0.07559635389818574,-0.10784180070988475,-0.1445880229793661,-0.1857113344488463,-0.22774619149995923,-0.2565900923112072
2.2899999999999623,0.02656282887505216,0.0528837724435281,0.05894626361188309,0.06169743179717267,0.06353782698489517,0.06512671383761913,0.06662314358855376,0.06805103112963234,0.06939968844386579,0.07064992517505145,0.07177933101225994,0.07276183765957481,0.07356605784126127,0.07415344344925051,0.0744763511500156,0.07447612243842262,0.07408095639286306,0.07320339600591472,0.07173754371938398,0.06955585954518057,0.06650553102266168,0.06240475148833548,0.05703907740462282,0.05015841540414764,0.041475796990317594,0.030669238259423796,0.01738863468334141,0.0012698895224066212,-0.018043247077692948,-0.04087330486216989,-0.06749157568187629,-0.09813003445055653,-0.13300408836278724,-0.17196343775053197,-0.21170514812880326,-0.23886723159264317
2.294999999999962,0.02623897635022212,0.0525764242425014,0.058649775222925436,0.061403638013128,0.06324442737959474,0.06483462398122836,0.06633502740405112,0.06777060657206624,0.06913148360906535,0.07039927518412185,0.07155250596022114,0.07256625137384852,0.07341053817727088,0.07404856144878304,0.07443481557453549,0.07451325136112441,0.07421524186357381,0.07345718115563768,0.07213783371487023,0.07013528956151861,0.0673035133420425,0.06346881755462343,0.05842641774496937,0.05193759452916428,0.043728577530763556,0.033492390589244206,0.020895544299962772,0.0055917472940431034,-0.012756775026968939,-0.03445360764805469,-0.059749581850535055,-0.08885129288416875,-0.12194037560720591,-0.15884620221605122,-0.19642413976323714,-0.22200883378811143
2.299999999999962,0.025914523978768714,0.052268199182105735,0.058352236693319175,0.06110863662000446,0.06294958220154345,0.06454072242260436,0.06604457791923728,0.06748714977882744,0.06885934623984866,0.07014356093542175,0.07131921510651906,0.07236247938517291,0.07324473403869697,0.07393084270667259,0.0743773461596498,0.07453069330719748,0.07432529627301705,0.07368123704654239,0.0725017454051983,0.07067030503306626,0.06804737514365912,0.06446705192201162,0.059733815372014096,0.05361986166209228,0.04586409442074746,0.036173956942501966,0.024231925493795152,0.009708799100459645,-0.007715538200267248,-0.028326765852449108,-0.05235681700463282,-0.07998958633453249,-0.11137749726099314,-0.1463351967375352,-0.18187189629306239,-0.20597747102779135
2.304999999999962,0.025589578586084946,0.05195920662500957,0.05805376135807424,0.06081254817692466,0.06265342428887365,0.06424516024468002,0.06575197109216664,0.06720086895453531,0.06858352513412917,0.06988308146093565,0.07107981902936072,0.072150957239321,0.073069171977889,0.07380092403197379,0.0743047131313857,0.07452937980937277,0.07441224603699603,0.0738769253469032,0.07283092412279607,0.07116289277977234,0.06873951339321266,0.06540234255307567,0.060964743386447924,0.0552093830333483,0.04788732857198683,0.038719866685456045,0.027404800003434225,0.013629311948200377,-0.002909858143187942,-0.022481490249621913,-0.04530009413808704,-0.07152933572939695,-0.10129656900817224,-0.1344066876945183,-0.1680181663860657,-0.1907370528503708
2.309999999999962,0.02526424246034105,0.051649551369144946,0.057754457815779425,0.06051548815027856,0.0623560808029762,0.06394808201916498,0.06545737526161083,0.0669119632724557,0.06830425830016501,0.06961812284040313,0.07083466271481398,0.0719321016809821,0.07288435585451783,0.07365941483014582,0.0742176536154678,0.07451020242044341,0.0744771692983457,0.07404554947858594,0.0731269450026041,0.07161495517551644,0.06938222374635022,0.06627745634419702,0.06212253100231291,0.056710155131036735,0.04980306261499559,0.04113582048325581,0.030420929889478934,0.017361263353897573,0.0016696270163110635,-0.016906832629781293,-0.03856659361647534,-0.06345537182546877,-0.0916792057493361,-0.12303762641019864,-0.1548336910759173,-0.17625278760059387
2.3149999999999618,0.024938613525052,0.05133933382175129,0.05745443011265622,0.06021756711543129,0.06205767345770987,0.06364962607345226,0.06516095146359714,0.06662062325328723,0.06802177341119414,0.06934895874955731,0.07058407621884806,0.07170631145339762,0.0726907678022359,0.07350689827052151,0.07411687304727407,0.07447401441502863,0.07452109797660944,0.07418835708010552,0.07339131592949641,0.07202831365565143,0.06997770468902834,0.0670950439560396,0.06321036909461279,0.05812601093404325,0.051615887693428196,0.04342729740285385,0.033286824533425144,0.02091234767346021,0.006031967576988519,-0.011592182630888619,-0.032143861854254586,-0.05575293461224859,-0.08250751875385985,-0.11220563882225723,-0.14229018042144165,-0.1624911469740408
2.3199999999999616,0.024612785505307773,0.05102865016733166,0.05715377791912787,0.0599188909506097,0.06175831873978359,0.0633499247471896,0.06486285373450308,0.0663270311270559,0.06773628824069128,0.06907585098461713,0.07032837530029411,0.07147396806336986,0.07248886915353972,0.07334393240431401,0.07400304652244669,0.07442163241955332,0.0745450197328846,0.07430654236876727,0.07362548036815365,0.07240471208935495,0.07052806152546082,0.06785764448123148,0.06423131558171837,0.05946062599438008,0.053330210148578416,0.04559956197876238,0.0360087477108382,0.02428998264497461,0.01018590763650138,-0.006527264115370086,-0.026019809600351794,-0.0484076726667112,-0.0737641134660835,-0.10188901676246137,-0.13036029255111248,-0.14941983308261428
2.3249999999999615,0.024286848088361467,0.05071759252934483,0.05685259670002299,0.059619561023157956,0.06145812811979189,0.06304910463807598,0.06456322940197468,0.06603136118061306,0.06744801107934559,0.06879904996445986,0.07006786202736218,0.07123543651406321,0.07227910132482723,0.07317105123453115,0.07387682009001699,0.07435383797352929,0.0745498798516081,0.07440124840459801,0.07383082007832441,0.07274582001989555,0.07103531021918116,0.06856768995195825,0.06518830064421374,0.060717524365568626,0.05495025808054993,0.0476576712187311,0.03859272470550748,0.027501316112133467,0.01413989079621155,-0.0017021310934238337,-0.020182709766754653,-0.04140564227748286,-0.06543208761722565,-0.09206671032695822,-0.1190176144909421,-0.1370077474785306
2.3299999999999614,0.023960887077677878,0.05040624912558907,0.05655097787757473,0.05931967436798191,0.06115720825491313,0.06274728683729175,0.06426221936332147,0.06573378009009158,0.06715714113446032,0.06851879521203433,0.06980282535819102,0.07099106600604385,0.07206188666425041,0.07298876574055208,0.073738811990059,0.07427137902435199,0.07453658304405494,0.07447356926154457,0.07400865772012805,0.07305323577798048,0.07150138108912307,0.0692275096889794,0.06608413177746066,0.06190008437132286,0.05648008777660748,0.04960648153305899,0.04104454943970344,0.030553232892794067,0.017902066166919604,0.002892836795611163,-0.014621194759672634,-0.034733306194782224,-0.057495029354631896,-0.08271832089411874,-0.10823664425090629,-0.1252249616472091
2.3349999999999613,0.023634984541857564,0.05009470441828449,0.05624900898908507,0.0590193238597349,0.06085566118348785,0.06244458715593198,0.0639599583528078,0.06543444723945895,0.06686386891224473,0.06823531581468943,0.06953354169645401,0.07074119060872797,0.07183762926322707,0.07279756485906204,0.07358961383924728,0.07417497135881869,0.0745059951754633,0.07452455210747465,0.07416025935289951,0.0733284894711805,0.07192812236508607,0.06983933449521361,0.06692149867999127,0.063011544211373,0.057923589998396086,0.051450655570449644,0.043369791594100454,0.03345236176025106,0.021480294640194096,0.00726693922362253,-0.009324253287950182,-0.02837753190203203,-0.04993701515848613,-0.07382409442361283,-0.097992773727059,-0.114042688546822
2.3399999999999612,0.023309218957785816,0.04978303925796973,0.05594677383787479,0.058718598377589325,0.0605535845115542,0.06214111634112309,0.06365657519706895,0.06513351502578613,0.06656837658413642,0.06794883086523013,0.06926027542375424,0.07048612990323855,0.07160671573272392,0.07259791642264088,0.07342979176555312,0.07406529997430182,0.0744589449193452,0.07455519919792578,0.07428683683166687,0.0735730458538926,0.07231730360660252,0.07040530069654058,0.06770297797825733,0.06405500740348033,0.05928449611950364,0.05319466894471007,0.045573803694215584,0.03620508250477964,0.02488215539014651,0.01142916050870238,-0.004281226645522981,-0.022325589333373995,-0.042742607364702215,-0.06536491473814487,-0.08826227205015322,-0.10343325484462662
2.344999999999961,0.022983665348552902,0.049471331022344696,0.055644352638489075,0.05841758296368149,0.06025107159217397,0.061836980284502116,0.06335219306068506,0.0648311291515719,0.06627083833763274,0.06765954988428194,0.06898327940884745,0.07022618959756534,0.0713695159474654,0.07239026805901386,0.07325988749472101,0.07394302039095735,0.0743962253424696,0.07456646978639025,0.07438955010484928,0.07378830708182968,0.07267061898848642,0.07092745403358834,0.06843103778985495,0.06503344805922359,0.06056638410892688,0.054842816841690574,0.04766172814170154,0.03881753304595966,0.028114952570708146,0.015388175314910872,0.0005181955275459088,-0.016565147990476856,-0.03589685116025784,-0.05732229655167785,-0.07902226908529171,-0.09337007356706344
2.349999999999961,0.022658395416334052,0.04915965375001738,0.05534182215679945,0.05811635897562073,0.05994821169701362,0.06153228022075854,0.06304692968094282,0.06452742890481868,0.06597142071196307,0.06736767322466004,0.06870279549553122,0.06996166211568865,0.07112638375722553,0.07217504805104227,0.0730804193900908,0.07380875990878269,0.07431859542174869,0.07455928195411253,0.07446950941660066,0.0739756153546614,0.07298969045737536,0.07140775340723056,0.06910804212702039,0.06594971599404033,0.06177268435456313,0.05639922049370933,0.04963850417240166,0.0412956165670694,0.0311857221724878,0.01915235468183636,0.0050839799873337935,-0.011084273431813403,-0.029385270953019176,-0.04967837806610542,-0.07025073884956713,-0.0838276169415985
2.354999999999961,0.02233347767033803,0.04884807826888485,0.05503925584422414,0.057815004232381895,0.059645090181582684,0.061227112919301815,0.06274089759325124,0.06422254742749317,0.06567028292023899,0.06707339245854467,0.06841905496975158,0.06969282716156486,0.07087765766874268,0.07195266616083794,0.07289188344852846,0.07366311881052688,0.07422678149805312,0.0745345143635233,0.0745277774182147,0.07413625545147075,0.07327607076375312,0.07184807448244579,0.06973625514329146,0.06680654167131514,0.06290668532410833,0.0578678335138387,0.05150887472341964,0.04364500864654427,0.034101239005999616,0.02272977234793854,0.009425755106829907,-0.0058714231307746625,-0.023193866056028647,-0.042415913004287945,-0.061926482673707414,-0.07478138926587968
2.359999999999961,0.02200897754986291,0.04853667232002104,0.05473672396698667,0.05751359315522251,0.05934178864354242,0.06092157086726256,0.06243420434687964,0.06391661197251763,0.06536757715733164,0.0667768907484316,0.06813227900655364,0.0694199522589161,0.07062366149767663,0.07172351441799119,0.07269475425353551,0.07350667151400986,0.07412147866719629,0.07449300793717879,0.07456537119114214,0.07427145716162296,0.0735312463720426,0.0722502131529424,0.07031784522570692,0.06760654098205833,0.06397153906086649,0.05925244808104839,0.0532773931944841,0.045871164361679456,0.03686802377808587,0.02612821133031952,0.013552816541331045,-0.0009154417102182136,-0.017309105651430033,-0.03551826199478361,-0.05402911198710551,-0.06620789969052156
2.3649999999999607,0.02168495754320378,0.04822550067680225,0.054434293730605016,0.05721219690225221,0.059038385074322436,0.06061574244500043,0.062126952711798,0.06360974414997565,0.06506344889501836,0.06647834320196866,0.06784267909832452,0.06914329326828007,0.07036470499337977,0.07148796787442485,0.07248948588731156,0.07333996767463614,0.07400335211263522,0.07443556746627276,0.07458326418536747,0.07438239761619739,0.07375664025465839,0.07261588887238056,0.070854888936775,0.06835221986133716,0.06497026651313863,0.060556700971386504,0.05494843009054712,0.047979325342829886,0.03949235023159333,0.029355170723503604,0.017474133304225606,0.003794444423111616,-0.011717923026536271,-0.028969383256724164,-0.046539030646505206,-0.05808463484217401
2.3699999999999606,0.021361477301480213,0.04791462525948345,0.054132029399209525,0.05691088349831889,0.05873495400540088,0.06030971209503403,0.06181924087715983,0.06330206016339097,0.06475803716494874,0.06617791721220667,0.06755045746478391,0.06886309488157401,0.07010108443649855,0.07124638532703825,0.07227651280489458,0.07316353324142275,0.07387303838111117,0.07436296315062965,0.07458238807674676,0.07447020352259262,0.0739536145720966,0.07294674785351607,0.0713493748082143,0.06904597874352249,0.06590576269593972,0.06178407942933571,0.05652617953516192,0.04997452676068133,0.04198025231824905,0.032417872680397204,0.021198354211660116,0.008268633012689097,-0.006407709090997506,-0.022753822566270725,-0.03943741676968924,-0.05039003125522587
2.3749999999999605,0.021038593748791898,0.04760410524532735,0.05382999241040886,0.05660971795935852,0.058431566647843575,0.06000356048326793,0.06151116264112051,0.06299367103535336,0.06445147482916168,0.06587577278311857,0.06725580744520876,0.06857959109624004,0.06983308321154252,0.0709991100093179,0.07205625066966811,0.07297787146754994,0.07373114660377877,0.07427593207400453,0.07456363454627656,0.0745359533066199,0.07412347324436029,0.07324436614201141,0.0718032069913965,0.0696901168594825,0.06678080168697366,0.06293792687652766,0.05801466564380986,0.05186160422576902,0.044337531379450464,0.03532326953916753,0.024733814655168232,0.012517152414849027,-0.0013663052046354943,-0.016856702511801998,-0.0327062040660594,-0.04310344760626902
2.3799999999999604,0.020716361188137168,0.04729399717530683,0.05352824148617159,0.05630876241220985,0.05812829102668196,0.05969736465419274,0.06120280759319925,0.06268468282452484,0.0641438888394945,0.06557206284145042,0.06695891387471001,0.06829300566845671,0.06956097235458747,0.07074647025357576,0.07182909715412135,0.07278346387798904,0.0735782596660466,0.0741751796162482,0.0745278569840164,0.07458067916512928,0.07426746441718104,0.07351025256721974,0.07221820876766576,0.07028683637759489,0.06759804145511743,0.06402144845397947,0.059417748750387765,0.05364520058834777,0.046569763308710446,0.038078051062180124,0.02808854365963693,0.01654966854502269,0.0034180046472048337,-0.011263711063711108,-0.026328062680905304,-0.03620513677546962
2.3849999999999603,0.020394831403114266,0.04698435505563463,0.053226832738636286,0.05600807620934188,0.05782519210993268,0.05939119817933181,0.06089426128866604,0.06237519683295502,0.06383540048611806,0.06526693353526347,0.06665995344352212,0.06800355254763146,0.06928501107780341,0.0704887801246591,0.0715954327059338,0.07258077119587457,0.07341493532659185,0.07406138080578527,0.07447587212165346,0.07460536903312229,0.0743867828261905,0.07374585157377725,0.07259612592183531,0.07083824639234065,0.06836002852624473,0.0650377163987253,0.06073913148076716,0.05532977262258226,0.048682305674605575,0.04068865175272822,0.03127027118418371,0.020375492259514155,0.007956502280313492,-0.005961089503645066,-0.02028637959151948,-0.02967621777255828
2.38999999999996,0.02007405375612819,0.046675230456434964,0.05292581977246348,0.05570771603924022,0.05752233193217935,0.059085131299869004,0.06058560541609723,0.06206530980498609,0.0635261256353532,0.0649605245200304,0.06635909504198234,0.0677114362919604,0.0690054472716555,0.0702263400268843,0.07135562128148037,0.07237023422882741,0.07324170728929771,0.07393518161433157,0.07440846159516613,0.07461096846793405,0.07448257206392556,0.07395254593947648,0.07293862998410296,0.07134636676400076,0.0690692024850263,0.06598967525121426,0.061982364667103745,0.05691959758597849,0.0506803047837615,0.04316125822130525,0.03428643562413868,0.0240035871207578,0.012260044284907332,-0.0009356197674448077,-0.014565238607778613,-0.023498647585312095
2.39499999999996,0.019754075282809404,0.046366672606436045,0.05262525378324908,0.055407736032676826,0.05721976971328832,0.05877923106335843,0.06027691795759672,0.06175511411773383,0.06321617495762558,0.06465296923242708,0.06605650009022533,0.06741685246673748,0.06872251798565246,0.06995943728493596,0.07111001104793435,0.07215227471802056,0.0730590862291046,0.07379720019676617,0.07432637344232998,0.07459838245472519,0.074555926752341,0.07413165938182528,0.07324732134344088,0.07181313181252434,0.0697279003180067,0.06688014689657974,0.06315085310049422,0.058418779642060624,0.052568702665152726,0.04550181657025876,0.03714419147407085,0.027442577495123806,0.016339071485509137,0.003825388733871518,-0.009149400041510575,-0.017655193013773426
2.39999999999996,0.019434940782741723,0.04605872848348595,0.05232518365153155,0.0551081878641206,0.056917561972298594,0.058473561454633366,0.05996827334269687,0.06144469796359617,0.06290565414584046,0.06434439515252474,0.06575232285417305,0.06711998802527008,0.06843644988845782,0.06968834669962042,0.0708589350552519,0.07192729615061683,0.07286756077432033,0.0736480280780414,0.07423032353574976,0.07456847713563483,0.07460789462514347,0.07428445905823372,0.07352373223678184,0.07224039387017234,0.07033836059897358,0.06771183543802337,0.06424786111826827,0.05983125613910537,0.05435224395967087,0.04771603977133232,0.03985041711226669,0.030700756931918233,0.020203618824690052,0.008334112744021398,-0.004024280116862851,-0.0121294025635404
2.40499999999996,0.019116692907247004,0.045751442902776274,0.052025656034099,0.05480912085003464,0.05661576263694091,0.058168183521868214,0.05965974259573692,0.06113414552529191,0.0625946641244756,0.06403492405526182,0.06544671074814078,0.06682102167379818,0.06814745970851666,0.06941333108065503,0.07060271187990413,0.07169568453732943,0.0726675984466091,0.07348823128920953,0.07412099695529864,0.07452208146538429,0.07463947852232958,0.07441215796289798,0.0737693296177705,0.0726299266954441,0.07090272752034175,0.06848733190588992,0.06527651802551442,0.06116080373940184,0.056035482702550335,0.049809415012969205,0.04241172267113197,0.03378609677232281,0.02386332560638487,0.012602229170978765,0.0008240698023236001,-0.006905578472676047
2.4099999999999597,0.01879937224313264,0.04544485860057149,0.051726715450803325,0.054510582042522536,0.056314423148298,0.0578631554967025,0.05935139347685497,0.060823537143304254,0.06228330124995419,0.06372467225062049,0.06513980462421004,0.06652012422102128,0.06785575465600535,0.06913464175575784,0.0703416462401407,0.0714578091570739,0.07245964656101987,0.07331835145540333,0.07399904930247198,0.07445998879819848,0.07465163830220668,0.07451591722482771,0.07398551790973826,0.07298342875417851,0.07142305477444028,0.0692091188033171,0.06623982334877757,0.06241104439119279,0.05762278898338895,0.051787210993583646,0.04483445795865459,0.036706254941329314,0.027327446036978266,0.016640929400092423,0.005408984091715842,-0.0019687489471816658
2.4149999999999596,0.01848301739402911,0.04513901631552848,0.0514284043689998,0.05421261631981158,0.05601359256185749,0.05755853291037678,0.059043290617950064,0.06051294947662612,0.06197165750256332,0.06341375081446078,0.06483173905003214,0.06621745891240353,0.06756153282632209,0.06885251905897405,0.07007602958627665,0.07121402326970284,0.07224413308763392,0.07313890683698995,0.07386510795811121,0.07438295840563106,0.07464529267169684,0.07459684831033128,0.07417364164645063,0.07330252637026093,0.07190130928782594,0.06987957449086694,0.06714065192304094,0.06358545114205147,0.05911835547659872,0.05365448514294912,0.0471247203990508,0.039468584872313695,0.030604860000252844,0.020460933838525992,0.009743203771941752,0.0026953593190234965
2.4199999999999595,0.01816766505827464,0.04483395486683992,0.051130763283851625,0.0539152664727477,0.055713317643902624,0.05725436870425395,0.05873549565196485,0.06020245565637179,0.061659820670125834,0.06310226580877906,0.06452264257413384,0.06591318175076155,0.06726498358732179,0.06856719279735808,0.06980614066450634,0.07096466479791444,0.07202146747602488,0.07295039332646991,0.07371977328719914,0.07429171693150148,0.07462132094042434,0.07465601513349958,0.07433498800424604,0.07358877675049333,0.07233937481188059,0.07050097741356665,0.06798175881168782,0.06468735378838196,0.06052620383096281,0.055416090752590824,0.04928836296325244,0.04208014452638826,0.03370408400918408,0.024072506618359912,0.013838897368666385,0.007100348270727641
2.4249999999999594,0.01785335010380288,0.0445297112288149,0.05083383079607573,0.053618573288442016,0.055413642964511796,0.05695071333641174,0.05842806733750207,0.05989212543356602,0.06134787452440757,0.06279031849339664,0.06421263798044262,0.0656074418026367,0.06696628794885473,0.06827888269837021,0.06953224605755065,0.07071005698067188,0.07179204144488409,0.07275328540265605,0.0735636197915141,0.07418695978395634,0.07458056470018845,0.07469443607860518,0.07447078923037397,0.07384367088842841,0.07273905537559625,0.0710755101734281,0.06876578406287608,0.06571994436091362,0.06185019091188471,0.05707668400045661,0.051331002062418966,0.04454770545924971,0.0366332822766426,0.027485470390349126,0.017707681651883883,0.011259175195745368
2.4299999999999593,0.017540105640443844,0.04422632060351591,0.05053764368663421,0.05332257562988725,0.05511461098641991,0.056647614883686706,0.05812106167844664,0.059582025320233635,0.06103589898951051,0.06247800552814541,0.0639018425318896,0.06530038149225274,0.0666656189177052,0.06798779883765062,0.06925460070158423,0.07045050899792335,0.07155622973747634,0.07254803704409696,0.07339719721383292,0.07406935246875737,0.07452382943344957,0.07471308593732917,0.07458222497040043,0.07406863635011253,0.07310207860196291,0.0716052634502309,0.06949525730136942,0.06668628244438998,0.0630940148914319,0.05864073085715615,0.053258025380975405,0.04687776190227152,0.03940027785316671,0.03070922114432901,0.021360642191001623,0.01518417894873602
2.434999999999959,0.017227963089585435,0.04392381649011483,0.050242236988294275,0.05302731051313231,0.054816262150729655,0.05634511913936811,0.057814532037748424,0.05927221872479535,0.06072397030374133,0.062165419166857895,0.06359036820351838,0.06499213688237265,0.06636314183636423,0.06769414204883889,0.0689734483815819,0.07018631656938148,0.07131439084505058,0.07233508260321593,0.07322103159428126,0.07393953186550492,0.07445188605342139,0.07471289776477096,0.07467042449926425,0.07426503994653774,0.0734300988942091,0.0720922397751457,0.07017260216067296,0.06758930033104925,0.06426122117933067,0.060112513860975915,0.05507459962643023,0.04907653982092401,0.04201256378160953,0.03375274299417576,0.024808353660359758,0.01888710563659387
2.439999999999959,0.01691695225039741,0.04362223075139452,0.049947644054661997,0.05273281318103508,0.05451863495873991,0.05604326970735211,0.05750852924747736,0.05896276608192756,0.06041216117438602,0.061852647443130765,0.06327832190615959,0.06468283794404493,0.06605901470863598,0.06739810431615488,0.06868902220509462,0.06991776252682272,0.07106686769916695,0.07211483764355667,0.07303562628189189,0.07379810744951844,0.07436547237883326,0.07469476465665692,0.07473646885887525,0.0744341902968281,0.07372470049506158,0.07253835716012418,0.07080014055733645,0.06843180800984044,0.06535520819434384,0.06149613875167981,0.05678567817754283,0.05115000591995291,0.04447731422624312,0.036624622875056224,0.028060899841565422,0.02237913371861984
2.444999999999959,0.016607101364886696,0.04332159367841866,0.04965389662641961,0.052439117174119546,0.05422176605079829,0.055742108091849235,0.05720310171372968,0.05865372497677148,0.06010054092591396,0.06153977434803521,0.06296580570018799,0.06437260881391577,0.06575338851005864,0.06709986914974045,0.06840154505612106,0.06964511736305397,0.07081398833460302,0.07188769974058282,0.07284146290272213,0.07364566246134589,0.07426529454598271,0.07465954145183942,0.0747813929064034,0.07457734028527677,0.07398740042277696,0.07294545258822249,0.07138009681021176,0.06921649799010632,0.06637923296975107,0.06279554095597886,0.058396008613535236,0.053103876566361105,0.0468013955317064,0.03933306509967216,0.03112789327058211,0.025670898479245613
2.449999999999959,0.016298437179297794,0.04302193405224118,0.04936102489521446,0.05214625439882514,0.053925690281943106,0.05544167378411784,0.05689829551765301,0.058345150264320335,0.05978917564232253,0.06122688000068512,0.06265291700043826,0.06406156804138828,0.06544640748612908,0.06679961194538962,0.06811123002948902,0.06936863975624476,0.07055606652350002,0.07165404924865756,0.07263900228668094,0.07348275502659807,0.07415202836034382,0.07460804636233904,0.07480618727664062,0.0746956894176487,0.07421965128948713,0.07331528536713913,0.07191460160841245,0.06994594996445491,0.06733641659672102,0.06401449191747996,0.05991014010994555,0.054943626605800364,0.04899137717921705,0.04188590573099672,0.034018494486844075,0.02877251583742562
2.4549999999999588,0.01599098500360576,0.04272327920313615,0.04906905756470268,0.05185425519288155,0.05363044079437211,0.0551420043449948,0.05659415451166788,0.058037094183329974,0.05947812830306451,0.0609140408112537,0.06233974877255779,0.06374982882508658,0.06513820943730539,0.06649750032870484,0.06781828084665635,0.06908857707285682,0.07029340238286588,0.07141425003490595,0.07242868535452782,0.07330991922766167,0.07402632059064317,0.07454106253410137,0.07481180026123349,0.0747903860785724,0.07442284400409965,0.07364954035213184,0.07240569583200732,0.07062263531009727,0.06822974949918387,0.0651566052648675,0.06133243068814276,0.05667449804949944,0.051053542603815574,0.044290626730202315,0.036741430845366574,0.03169360546387188
2.4599999999999587,0.015684768769064758,0.04242565506821122,0.04877802190962231,0.05156314838826932,0.05333604908708594,0.05484313548450333,0.056290720412255586,0.05772960646591826,0.05916745891373141,0.06060132963740235,0.06202638972072187,0.06343749923899522,0.06482892599217893,0.06619369448481936,0.06752289225375131,0.068805165848114,0.07002628295583713,0.07116865018211958,0.07221093396715982,0.0731276661294988,0.07388879020793107,0.07445933954166326,0.07479913960949215,0.07486252969589106,0.07459831036579319,0.07394983104064616,0.07285533422799106,0.07124892143342201,0.06906209654498295,0.06622534281536041,0.06266705430850697,0.0583015086130432,0.05299389984685951,0.046554369846037204,0.039305014859475136,0.034443313183922165
2.4649999999999586,0.015379811083149893,0.042129086246059974,0.04848794383238769,0.05127296137163655,0.053042545082868084,0.05454510113823871,0.055988032888936334,0.057422734442459475,0.05885722463079119,0.060288815934130775,0.06171292446800381,0.06312468244967068,0.06451868286893231,0.06588834747408433,0.06722525040296554,0.0685186322471519,0.06975498276795858,0.07091758266064233,0.07198615173800836,0.07293648476167346,0.07374002957110772,0.07436359481895391,0.07476907425192314,0.0749131728134755,0.07474732554993276,0.07421770254410091,0.0732653889471404,0.07182707595979365,0.06983620199149629,0.06722402040977898,0.06391800779745707,0.05982946008926142,0.054818192016506,0.048683950214496285,0.041717162048630914,0.03703033264914158
2.4699999999999585,0.015076133282484059,0.0418335960499701,0.048198847917362085,0.05098372014202528,0.0527499571921623,0.054247933540070396,0.05568612964906253,0.057116523142116855,0.05854747988163802,0.05997656589685443,0.061399433728223825,0.06281147692337057,0.06420760012559062,0.06558160553396057,0.06692553321716437,0.06822919250524276,0.06947976436014744,0.07066136597282849,0.0717547248112127,0.07273684305830823,0.0735806055622657,0.07425451502903721,0.07472243595158323,0.07494332307793744,0.07487111049257869,0.07445463444007919,0.07363765294371405,0.07235927077163366,0.0705546942683244,0.0681558135776103,0.06508911760214542,0.061262946542810275,0.056531907536226327,0.050685869644849404,0.04398540826801984,0.03946292626451993
2.4749999999999583,0.014773755483786951,0.0415392065586074,0.04791075748354937,0.05069544936718906,0.05245831237513652,0.053951663292747226,0.055385046519712086,0.056811015389024264,0.05823827647904409,0.059664642599355666,0.06108599447170367,0.062497976625312535,0.06389579239996666,0.0652736083685651,0.06662391073934602,0.06793705335000251,0.06920087879813171,0.07040030476856053,0.07151702260636802,0.07252918875782503,0.07341106067336783,0.07413275737555586,0.0746600208848302,0.07495394514141418,0.074970834175688,0.07466204351009104,0.07397384324447615,0.07284758589866087,0.07122009059796829,0.06902376303099003,0.06618404636686956,0.0626063623132612,0.05814029016340449,0.05256632956982931,0.046116926505849344,0.041748945367888375
2.4799999999999582,0.014472696633169913,0.04124593866516579,0.047623694634545535,0.050408172436605406,0.05216763620028872,0.05365631943488884,0.05508481752579218,0.05650625189479329,0.05792966373110379,0.05935310612474093,0.06077268008280451,0.06218427120976924,0.06358336913897852,0.06496448942571392,0.06632054546712307,0.06764241240552354,0.06891856616100067,0.07013469043544197,0.0712733985306224,0.07231395026362841,0.07323191404572205,0.07399895085794615,0.07458259115502688,0.07494596248390152,0.07504761581733531,0.07484128636510047,0.0742756040884313,0.07329401326393081,0.07183480145787516,0.06983077998680046,0.06720629932646871,0.06386390981735013,0.05964834876133798,0.05433124364410551,0.04811854313420708,0.04389584965647774
2.484999999999958,0.014172974552925627,0.040953812124357655,0.0473376803071984,0.05012191151324191,0.051877952901702565,0.05336192950579212,0.05478547496528165,0.056202271347048735,0.05762168854702303,0.05904201369235742,0.060459560511929876,0.061870446202704904,0.06327043481859135,0.06465437616180075,0.06601559267288451,0.06734545857876269,0.06863305600812575,0.06986480166316317,0.07102419066159338,0.07209153746889407,0.07304366246616312,0.0738536974731404,0.07449087624168306,0.0749202591592085,0.07510252697126223,0.07499366196546486,0.07454450994399063,0.07370046028867291,0.07240113488560196,0.07057965131828349,0.0681592305143899,0.06503960714375079,0.061060866815553255,0.05598624997671754,0.04999675360770717,0.04591072586573469
2.489999999999958,0.01387460598713304,0.04066284559771588,0.047052734317808424,0.049836687582769636,0.051589285433023706,0.05306851960694992,0.054487049480788176,0.05589911049400738,0.05731439553736427,0.05873141977774451,0.060146702420135895,0.06155658317606515,0.06295708915443042,0.06434339029620935,0.06570920071035917,0.06704637243020126,0.06834456782659842,0.0695909049840486,0.07076972239972115,0.07186234254500434,0.07284678131925974,0.07369757336575432,0.07438557438822492,0.07487768146672363,0.07513659353824767,0.07512041403664846,0.07478206840546373,0.07406875336107795,0.07292130063057096,0.07127304453669929,0.06904604878305742,0.06613729543322101,0.062382411681788014,0.05753672298815764,0.051757737604111814,0.047800305703808235
2.494999999999958,0.013577606645265085,0.040373056697223804,0.04676887540706415,0.049552520501235944,0.05130165552030539,0.052776114462040905,0.054189570128981096,0.055596804226045175,0.05700782711131334,0.05842137622894423,0.05983416931854212,0.061242759915384054,0.0626434273031368,0.06403164805408504,0.06540151130811475,0.0667453265278427,0.068053311459148,0.06931325529007537,0.07051030309364874,0.07162674069658387,0.07264172549966115,0.07353112992920528,0.07426735392990969,0.07481903955229906,0.07515079769338631,0.07522273338631619,0.07498972297468837,0.07440064117157655,0.07339741415556325,0.07191351260520003,0.06986982363663226,0.06716064604117444,0.06361734356139312,0.05898778488568738,0.05340737360834285,0.04957098305243506
2.499999999999958,0.013281991244078722,0.0400844620271529,0.04648612128303376,0.049269429040468896,0.05101508371173208,0.052484737473337796,0.05389306444643923,0.05529538565341395,0.05670202356902815,0.05811193237716683,0.05952202170106548,0.060929050579767,0.0623295400556294,0.06371926039960181,0.06509265985081689,0.06644248578702407,0.06775948751435518,0.06903209632833768,0.07024622863817787,0.0713850908845857,0.07242893028471585,0.07335489485927765,0.07413685456570919,0.07474510894153538,0.07514607973266674,0.07530176012554919,0.07516885573047012,0.07469779791996742,0.07383150049150267,0.07250349858658142,0.07063349087437323,0.06811316747914363,0.06476982419748227,0.06034431675185559,0.0549512529407601,0.0512288304455898
2.5049999999999577,0.012987773547891579,0.039797077224359656,0.04620448866229891,0.048987430932149544,0.05072958942627582,0.052194410776814755,0.05359755851333945,0.05499488618119918,0.056397023190727646,0.05780313514302041,0.0592103171722308,0.06061552585532967,0.06201551402176553,0.06340633325847937,0.06478277564790139,0.06613800779493655,0.06746328775878288,0.06874766117479576,0.06997778204696345,0.07113773651746735,0.07220881217005189,0.07316937316322425,0.07399468857546017,0.07465663200739175,0.0751233398417126,0.07535858579855764,0.07532078989076836,0.07496182639694235,0.07422549794844152,0.07304534012748773,0.07133985804812325,0.06899821213441373,0.06584382528955687,0.06161096924572297,0.05639469323531862,0.05277961484008896
2.5099999999999576,0.012694966407509984,0.03951091699699654,0.045923993309687945,0.04870654290959254,0.05044519099950909,0.05190515529443979,0.05330307701393315,0.05469533558056107,0.05609286232143395,0.05749502913823109,0.05889911056904179,0.060302253102155964,0.061701431807421374,0.06309296773177805,0.06447198219163823,0.065832043121865,0.06716489549253334,0.0684601726880256,0.0697052340005714,0.07088500611359029,0.07198176966908408,0.07297504812479541,0.07384144198508333,0.07455431937615724,0.07508343979021645,0.07539425542391906,0.07544679227082968,0.07519426094541336,0.0745812616880438,0.07354127378313918,0.0719916097323905,0.06981898276716823,0.0668431366260549,0.06279217291699574,0.057742751375171604,0.0542288126937581
2.5149999999999575,0.012403581797679983,0.039225995162050456,0.045644650076702285,0.048426780748390436,0.050161905728345016,0.05161699078435125,0.05300964329507784,0.05439676205762915,0.0557895754529516,0.057187656763202574,0.058588454078195996,0.05998929649503078,0.0613873721841051,0.06277926030011707,0.06416039740337418,0.06552473561877292,0.06686448590924837,0.06816984394367315,0.06942884337118005,0.07062721393490026,0.07174818407850381,0.07277238222881047,0.07367767568232403,0.07443885127329347,0.07502720455510148,0.07540976945095741,0.07554807564162894,0.07539657030478848,0.0749005671595817,0.07399343918395218,0.07259131261191183,0.07057853878638842,0.06777137393322334,0.0638921481346906,0.05900023589454678,0.055581624370526314
2.5199999999999574,0.012113630852642467,0.03894232468069267,0.04536647293784327,0.0481481593052657,0.04987974991360397,0.051329935889610635,0.052717279422437,0.054099192319311325,0.055487195301540976,0.056881058300400314,0.05827839734810297,0.05967671715831586,0.06107341025142906,0.062465303019751214,0.06384813387024774,0.06521622270281267,0.06656222643976845,0.06787687864989606,0.06914885772454381,0.0703646605931247,0.07150842021060769,0.07256181804538184,0.07350392648410678,0.07431087881155742,0.07495542387470665,0.075406085634951,0.07562580099165538,0.07557016034192243,0.07518511340433767,0.07440388304953557,0.07314142038807511,0.0712798023059007,0.06863198644433237,0.06491491463631618,0.06017171885769079,0.056842987889980504
2.5249999999999573,0.011825123900919356,0.038659917693282864,0.04508947502629031,0.0478706925553253,0.049598738900998224,0.051044008183903165,0.0524260062334054,0.053802651636042594,0.055185752883185175,0.05657527200389972,0.05796898759611943,0.05936457329491415,0.06075961759225286,0.062151183709762,0.06353529907084621,0.06490663562971358,0.06625827708233678,0.06758147154593419,0.06886551380087,0.0700976336307887,0.07126282709455287,0.07234377907660205,0.07332070815898695,0.07417102522519983,0.07486885373803702,0.07538412083390285,0.0756810796967125,0.07571637667391545,0.07543652623292987,0.0747745630517069,0.07364427850657865,0.07192556398361634,0.06942826419048156,0.06586430070162216,0.06126154722767873,0.05801759204188635
2.529999999999957,0.011538070498265227,0.03837878555208211,0.04481366866742794,0.047594393627909556,0.049318887120287425,0.0507592242165231,0.05213584338930977,0.05350716390269887,0.054885277585221735,0.05627033418496829,0.057660269711597587,0.05905292030993184,0.06044606242193659,0.061836986131609914,0.06322199559203781,0.06459609975566213,0.06595279071754206,0.06728380878232296,0.0685790379747621,0.0698264080764475,0.07101173864740913,0.07211867056696349,0.07312851240551285,0.07401988705097201,0.07476821781048161,0.07534475273042593,0.07571497560028895,0.0758365071849311,0.07565636127765155,0.07510735153251077,0.07410212871188931,0.07251848864599798,0.0701633450168408,0.0667439519580727,0.06227385373789625,0.0591098888880037
2.534999999999957,0.011252479459934883,0.03809893885335894,0.04453906541166434,0.04731927484098368,0.04904020812315156,0.05047559955476751,0.05184680942426376,0.05321275169614488,0.054585797235197034,0.0559662792944124,0.0573522863541827,0.05874181092938835,0.06013280973083281,0.061522790161174644,0.0629083213363033,0.06428473478722758,0.06564591341076723,0.06698406828630837,0.06828964669587671,0.06955124697706415,0.07075547431654591,0.07188688027895196,0.07292780978846759,0.07385803525885806,0.07465420879940282,0.07528882148136919,0.07572850700806165,0.07593178444195406,0.07584610692572773,0.07540403907902968,0.07451711342995296,0.07306112070340122,0.0708402213296956,0.067557339826189,0.06321256728066309,0.060124105670497204
2.539999999999957,0.010968358890815764,0.037820387468043955,0.044265676065900435,0.04704534773443961,0.048762714619347475,0.050193148824752176,0.05155892179250454,0.052919436330938346,0.05428733816648182,0.05566314000118702,0.0570450780484997,0.05843129531320759,0.05981992142080772,0.061208671953330115,0.06259436972034882,0.06397265502116078,0.06533778470130602,0.06668242011056406,0.06799754691017688,0.06927240190643955,0.07049433969409553,0.07164877923547855,0.07271905063593445,0.07368601633491394,0.07452748976205167,0.07521713129860702,0.07572264860067174,0.07600338801292114,0.07600718713672597,0.0756663379612049,0.07489127998542355,0.07355588935844173,0.07146174657897959,0.06830776961287637,0.0640814228277643,0.06106425615034305
2.544999999999957,0.010685716215621475,0.03754314057112939,0.04399351072332127,0.04677262310169941,0.04848641851168327,0.04991188575112248,0.051272196914189376,0.05262723791276243,0.05398992528193883,0.05536094726783333,0.05673868327426029,0.058121421164556555,0.059507456436425944,0.06089470409959308,0.06228022986502592,0.06365996957351655,0.06502853787914702,0.06637902676772989,0.06770293646392002,0.06899011345336274,0.07022862710600088,0.0714047224305288,0.07250266589711692,0.07350435331783882,0.07438869535834446,0.07513045196379584,0.07569833326721308,0.07605244669039737,0.07614096414712596,0.07589588543437767,0.07522658465520783,0.07400511361339238,0.07203064148245598,0.06899838826260607,0.06488397089836802,0.06193415139662427
2.5499999999999567,0.010404558206545952,0.03726720666990951,0.04372257879259657,0.04650111102029551,0.04821133092902546,0.0496318231940735,0.050986650218064214,0.05233617538905432,0.05369358211400703,0.05505973042282172,0.05643313855313481,0.05781223383319468,0.059195470889719236,0.0605809557791704,0.061965986777667216,0.06334678259972001,0.06471830025021512,0.06607404355017574,0.06740600448966716,0.06870461168743786,0.06995861617487972,0.07115504950927204,0.07227906796387518,0.07331354679146079,0.0742384330498264,0.07502952027875914,0.07565645386253732,0.07608004062519344,0.07624874106748754,0.0760942469129164,0.0755248965650672,0.07441100708111512,0.0725494999973885,0.06963219177457475,0.06562358658967812,0.06273741004928832
2.5549999999999566,0.01012489101101263,0.03699259363149272,0.04345288902558615,0.04623082088114266,0.04793746225877123,0.049352973186154545,0.05070229618411414,0.05204626659843185,0.05339833088307627,0.054759517229763605,0.05612847853167309,0.05750377641586495,0.058884018180732585,0.06026749290347745,0.06165172152628742,0.06303319350443147,0.06440719339003503,0.06576761883661908,0.0671069317763716,0.06841611660584165,0.06968457435918812,0.07090008541951509,0.07204865145743641,0.07311407583470024,0.07407728424877402,0.07491504145606194,0.07559786489219725,0.07608720337215022,0.07633176437487761,0.07626291901755639,0.07578800143261377,0.07477568260481735,0.07302079504823096,0.07021203229914541,0.06630347818715032,0.06347746807710995
2.5599999999999565,0.009846720177737594,0.03671930870887735,0.04318444954434017,0.04596176141697684,0.04766482217732637,0.04907534696639583,0.05041914838296996,0.05175752831736042,0.05310419255290982,0.05446033395372145,0.05582473606068284,0.05719608985133495,0.058573149112126854,0.05995437825483413,0.06133751140666971,0.06271929714347314,0.06409533338687294,0.06545989438516263,0.0668058911231739,0.06812483856092112,0.06940675746966955,0.07064014103447676,0.07181179398096546,0.0729063989316692,0.0739058054181268,0.07478769045042842,0.07552338412689126,0.0760749238526689,0.07639122630435378,0.07640333250111815,0.07601760516047155,0.07510115669121989,0.07344688401403807,0.07074062491978797,0.06692669536854381,0.06415758805122639
2.5649999999999564,0.009570050681862077,0.03644735856599565,0.04291726786649456,0.04569394072924966,0.04739341967992152,0.04879895501400966,0.05013721951447561,0.05146997630501702,0.052811186884001965,0.05416220542494111,0.055521942271705746,0.05688921301231821,0.05826291199949121,0.05964167161871888,0.06102343010203609,0.06240518401598144,0.06378283107420653,0.06515100561417574,0.06650304767851087,0.06783097866906694,0.06912541016293769,0.07037551374965478,0.07156885684018757,0.07269095484219727,0.07372452912491063,0.07464811323443689,0.07543379415004284,0.07604414823609265,0.07642826714388001,0.07651685505657527,0.07621533728645521,0.07538935376427063,0.0738300139868048,0.07122055413526615,0.06749613701936003,0.06478086795695454
2.5699999999999563,0.009294886949326484,0.03617674930224157,0.0426513509302295,0.04542736631401356,0.04712326310866218,0.04852380708002864,0.049856521444534244,0.051183625346820014,0.05251933248457053,0.05386515509950305,0.05522012664970433,0.05658318279272405,0.057953352776743364,0.05932942991138185,0.06070954783650259,0.062090940449916046,0.06346979225382636,0.06484108187127482,0.06619855926482687,0.06753472920278031,0.06884076641496474,0.07010648805415304,0.07132018573382826,0.07246816343614461,0.07353396504899015,0.07449692802054944,0.07532984384080811,0.07599578174397303,0.0764439774352956,0.07660479401152198,0.07638275429287858,0.075642110243193,0.07417232680477157,0.07165428004954322,0.0680145586747472,0.0653502495633731
2.574999999999956,0.009021232880046425,0.03590748647556093,0.04238670511802357,0.045162045087271285,0.046854360180137146,0.04824991221816422,0.049577065240322994,0.0508984892954249,0.05222864685981976,0.053569205118211456,0.05491931710326733,0.05627803419210593,0.057644515097118335,0.05901770730084794,0.060395931521397044,0.061776648778102135,0.06315631790881812,0.06453024669046217,0.06589257668836725,0.06723627396515391,0.06855304997319804,0.06983333607699545,0.07106611141337527,0.07223842649169797,0.07333460094962825,0.0743347264320498,0.07521224979551128,0.07593069037982116,0.07643940008569243,0.07666839891345445,0.0765213427819536,0.07586117845187061,0.07447586387030514,0.07204414428203793,0.06848457960276,0.06586852637079985
2.579999999999956,0.008749091870268667,0.03563957512484586,0.04212333627934524,0.044897983408678135,0.04658671801124864,0.04797727881404412,0.04929886120421929,0.050614581110461604,0.051939146458533,0.05327437636197266,0.054619540031356204,0.05597380039558375,0.05733644043011873,0.05870655532412554,0.060082644896037,0.06146238750815893,0.06284250440810694,0.0642186180388808,0.06558524403777757,0.06693578864938521,0.06826247479034188,0.069556318110766,0.07080695031607318,0.0720021284598045,0.07312690359024789,0.07416207462432786,0.07508169768937425,0.07584970258703107,0.07641553239162643,0.07670886400836396,0.07663252251933925,0.07604823036441906,0.07474257075860694,0.0723923756077198,0.06890868954510716,0.06633835115689368
2.584999999999956,0.00847846683426413,0.03537301979160752,0.04186124975278294,0.04463518710483278,0.04632034314462081,0.047705914613597494,0.04902191890628684,0.05033191289672488,0.05165084671833475,0.052980688505850845,0.054320820387709856,0.05567051285147216,0.057029168153895665,0.058396022998188024,0.05976974866171057,0.06114823148413822,0.06252844370166191,0.0639063085522942,0.06527669896782959,0.06663344118204328,0.06796924543913727,0.0692756831125463,0.07054300516991907,0.07175963719650184,0.07291131962491888,0.07397951435901992,0.07493884358178361,0.07575361083841484,0.07637332798042223,0.07672733061838057,0.07671764935338717,0.07620486119300993,0.07497430162547887,0.07270109533867009,0.06928925513045775,0.0667622431386326
2.589999999999956,0.008209360224748913,0.035107824540475244,0.04160045038711749,0.044373661491268264,0.046055241572467064,0.04743582674996012,0.048746247215350126,0.050050495940343415,0.05136376210858889,0.05268816007039871,0.054023181742345376,0.05536820134471622,0.056722735644412686,0.058086156927410766,0.059457300611138464,0.06083425204235777,0.06221422350824819,0.06359342576150205,0.06496707297246543,0.06632939205221128,0.06767355750949838,0.06899166918373109,0.07027456557348115,0.07151130466330868,0.07268827644651514,0.07378756403332713,0.07478431516654889,0.07564317315967037,0.07631369867098824,0.07672488942095722,0.07677801801133738,0.07633259282316315,0.0751728234211887,0.07297232245632189,0.06962852597368738,0.06714259477037839
2.594999999999956,0.007941774053086896,0.03484399297937925,0.041340942561559346,0.044113411393870025,0.04579141875985487,0.04716702176955389,0.04847185432898367,0.04977034074398693,0.0510779061719332,0.05239680847061403,0.05372664634036871,0.05506689406786873,0.056417178360287215,0.057777001405618374,0.05914535575134721,0.06052051715954013,0.06189992749425606,0.06328007230840098,0.06465649164577529,0.06602379462652008,0.06737559798888346,0.06870450402896375,0.07000190855059099,0.07125746759890231,0.07245818300003926,0.07358671966572174,0.07461871297057729,0.07551911458947004,0.07623751625794634,0.0767025826333649,0.07681486478005985,0.07643287710260549,0.0753398199175431,0.07320797850529943,0.06992864047607586,0.06748167819350274
2.5999999999999557,0.007675709908094338,0.034581528278481946,0.04108273020538724,0.04385444116933997,0.04552887966698399,0.04689950565702893,0.04819874780201737,0.049491457060187836,0.05079329156384201,0.05210665006353554,0.053431235158574016,0.05476661768872901,0.056112529924331064,0.05746859851439398,0.05883396642203384,0.06020709159579818,0.06158563544578125,0.06296634615303666,0.0643450749317722,0.06571679545056944,0.0670755456261546,0.06841440539612281,0.06972529908193306,0.07099844816146364,0.07222143056041477,0.07337745584014971,0.0744426115015609,0.07538212857874782,0.07614561422118826,0.07666140610669664,0.07682937007293489,0.07650709898860639,0.07547689555620192,0.0734098922587862,0.07019163134033174,0.06778165135699529
2.6049999999999556,0.007411168974583037,0.03432043318855172,0.04082581681645436,0.04359675472479481,0.04526762877047619,0.046633283859192236,0.04792693457425074,0.049213853923606346,0.0505099300905419,0.05181770019321376,0.053136967959528346,0.05446739741535792,0.05580882220161842,0.05716098821691868,0.058523182408685585,0.05989403703051993,0.06127142343300057,0.06265234077209982,0.06403293736369084,0.06540853453770022,0.06677357128019323,0.0681215814969766,0.06944499061342799,0.07073455454401628,0.07197839347811624,0.07316022661065513,0.07425656034807282,0.0752328783317254,0.07603878936478334,0.07660231133192619,0.07682266088874487,0.07655657955949614,0.0755855791243227,0.07357980416480175,0.0704194308129077,0.06804456382337527
2.6099999999999555,0.007148152050905376,0.03406071005877466,0.04057020547954447,0.0433403555365953,0.04500767008379813,0.0463683613078738,0.04765642099656592,0.048937539681740444,0.05022783274553922,0.051529973234263046,0.052843863343472394,0.054169257058358636,0.05550608537429896,0.05685420844790011,0.058213051051012064,0.05958141219331685,0.060957363967363135,0.062338145348695445,0.06372018829310508,0.06509914564553027,0.06646983825362561,0.06782623141037322,0.06916122554369278,0.07046608156402794,0.0717294298932132,0.07293546636793863,0.07406108523392045,0.07507199809108177,0.07591780338708083,0.07652620736256398,0.07679581316639421,0.07658257889512529,0.07566732726500794,0.07371937058309523,0.07061387566684622,0.06827236227698245
2.6149999999999554,0.006886659566074667,0.03380236085381502,0.04031589888339013,0.04308524666871337,0.044749007177115815,0.046104742442097675,0.047387212856420224,0.048662522024522,0.04994700974445307,0.05124348263321153,0.05255193879799202,0.05387221909036562,0.05520434801324066,0.05654829520007146,0.057903617346685754,0.05926927298891266,0.060643526152807097,0.062023844954298704,0.06340693210923962,0.06478875654053176,0.06616450261241352,0.06752854546803641,0.06887423569007854,0.07019331122730574,0.07147488241893461,0.07270359066923265,0.07385668902726233,0.07490009436868958,0.07578338438548554,0.07643396265583835,0.07674985403927861,0.07658629883224465,0.07572352782950678,0.07383016782190333,0.07077671193777847,0.06846689574858464
2.6199999999999553,0.006626691595860476,0.033545387169909714,0.040062899337537525,0.04283143078996908,0.044491643196022425,0.045842431229132355,0.047119315401997444,0.04838880801261942,0.04966747055848264,0.05095824094846714,0.05226121074558179,0.05357630470323718,0.054903637146579004,0.05624328260633306,0.05759492405074503,0.058957672617148654,0.060329975829888347,0.061709520722779465,0.06309326844903183,0.06447748925148557,0.06585771349148237,0.06722870562407744,0.06858424273541948,0.06991651326884007,0.071215078796733,0.0724649970335926,0.0736438527086182,0.0747177471262824,0.07563622829831144,0.07632640683675299,0.07668576399294741,0.07656888559880634,0.07575550307695134,0.07391369598307762,0.07090959942410599,0.06862992057151682
2.624999999999955,0.006368247878593229,0.033289790250906864,0.03981120878827149,0.04257891019078548,0.044235580879843986,0.045581431184854734,0.04685273336554468,0.048116404104601544,0.04938922394655112,0.05067425988849132,0.05197169458942914,0.053281533862687386,0.054603978325545054,0.05593920301927918,0.057287011771128236,0.058646661687465865,0.06001677571403661,0.06139525001717676,0.06277929239811451,0.0641654603119479,0.06554961338767978,0.06692688580857237,0.06829145865569201,0.06963594566991833,0.07095033252343103,0.07222006570342807,0.07342303629741205,0.0745255109051705,0.07547700028556915,0.07620433238746577,0.07660447893077804,0.07653143233270544,0.07576451272880316,0.07397138262456418,0.07101411596337728,0.06876310508252946
2.629999999999955,0.006111327830160381,0.03303557100303429,0.03956082883397442,0.042327686799365626,0.04398082257884168,0.04532174539318732,0.04658747098565511,0.047845316183063105,0.04911227798591548,0.05039155034826824,0.05168340475701265,0.05298792536097252,0.05430539568752707,0.05563608708672822,0.056979919059520164,0.058336288329092885,0.059703985528357435,0.061081106589453135,0.06246509468366755,0.06385278099300569,0.06524033844058703,0.06662325226664816,0.0679960861294681,0.0693518551541087,0.07068094345204193,0.07196916037418295,0.0731946797400472,0.07432391590935525,0.07530633605240106,0.0760684962649614,0.07650689215049428,0.07647498148971482,0.07575175688413216,0.07400458624846179,0.07109176149546313,0.06886803408036446
2.634999999999955,0.005855930558416985,0.032782730009667874,0.03931176073988304,0.04207776219717304,0.043727370271180885,0.045063376524788396,0.04632353202867987,0.04757554957945894,0.04883664010187308,0.05011012244450623,0.051396354742019326,0.05269549686690034,0.05400791201640966,0.05533396382446686,0.05667368249900749,0.05802659829620707,0.059391662130041364,0.06076716073331404,0.06215076185847954,0.06353955752531594,0.06493001870059066,0.06631796388244533,0.06769831893009516,0.0690644776615098,0.07040719836709138,0.07171262889306096,0.07295920376051096,0.07411346904319864,0.07512484311640177,0.07591962145020031,0.07639385623509665,0.07640052714409813,0.07571837880062245,0.07401459962205917,0.0711439619230799,0.06894621305503544
2.639999999999955,0.005602054877257909,0.03253126754529551,0.039064005452511354,0.04182913763359333,0.04347522557885613,0.04480632685499039,0.04606091980937239,0.04730710909823267,0.04856231709581407,0.04982998554919807,0.05111055714472541,0.05240426497396512,0.05371154880015764,0.0550328606855424,0.05636833678762476,0.05771763506854617,0.05907985963214828,0.060453479430698114,0.06183637647791343,0.06322589131242053,0.06461877838626232,0.06601117249008469,0.06739834230096262,0.06877403880362114,0.07012937153588439,0.0714508039289122,0.07271701067554148,0.07389465490539428,0.07493310202166825,0.07575839843137767,0.07626618486292787,0.07630901718832885,0.07566546754901672,0.07400265294079918,0.07117207277968982,0.06899907219918966
2.6449999999999547,0.005349699319729841,0.032281183588716365,0.03881756361306631,0.041581814040540954,0.04322438978314734,0.04455059828104189,0.045799637210405246,0.0470399990395577,0.048289315172428626,0.04955114832177835,0.05082602371011634,0.05211424524668595,0.05341632628663068,0.05473280362724818,0.05606391481866701,0.057409439948322094,0.05876862951984933,0.06014012649198061,0.06152201726867346,0.06291187913465131,0.06430673613056365,0.0657030231708569,0.06709633331563436,0.06848075429873246,0.06984772523640026,0.07118400361314564,0.0724684851750082,0.07366793674102295,0.07473166750136134,0.07558548662366406,0.07612465453803728,0.07620135543403586,0.07559406054457693,0.07396991683867493,0.07117738271386745,0.06902797021269391
2.6499999999999546,0.005098862151048378,0.03203247783619112,0.03857243557068893,0.041335792045809214,0.042974863839430395,0.044296192338603456,0.04553968670138958,0.04677422322156671,0.048017639965626954,0.04927361874013135,0.05054276536512344,0.051825452264726235,0.053122263536460476,0.054433817174792384,0.0557604477575105,0.05710205215248275,0.05845802076180648,0.05982716269043552,0.061207759290980435,0.06259761334460945,0.06399400521680576,0.06539365453814457,0.06679246122177109,0.06818483038868535,0.06956251026289131,0.07091253215443798,0.07221399507020757,0.07343375735373867,0.07452106959147911,0.07540151572856615,0.0759700062462613,0.0760784036196505,0.07550514596226468,0.0739175052550921,0.07116111679973414,0.0690341979119795
2.6549999999999545,0.004849541380868864,0.03178514971368803,0.03832862139504466,0.041091071986353936,0.04272664839135709,0.044043110217620404,0.045281070357143606,0.04650978500146569,0.047747296563577124,0.048997404130112984,0.05026079225385616,0.0515378996651626,0.052829378473732966,0.05413592448226903,0.0554579651150313,0.056795508901382095,0.05814807991714233,0.0595146458905313,0.06089367409355023,0.06228318205393634,0.06368069380410318,0.06508319901013486,0.06648688777110623,0.06788646423835543,0.06927396641028503,0.07063668042699862,0.07195389201008047,0.07319253997934123,0.0743018146971347,0.07520708703521256,0.07580294703882792,0.07594098332842339,0.07539966504043302,0.07384647816346071,0.07112443968201906,0.0690189816531451
2.6599999999999544,0.004601734774973781,0.03153919838885523,0.0380861208885562,0.04084765392122879,0.042479743784573684,0.04379135277745609,0.0450237898747322,0.046246687295568786,0.04747828953231957,0.048722511193845415,0.04998011377131836,0.05125160018309593,0.0525376879350633,0.05383914739150654,0.05515649481826114,0.056489845503666855,0.05783885123726641,0.05920263117156138,0.06057982986225314,0.06196866931298978,0.06336690514393817,0.06477178307123826,0.06617976753556551,0.06758584431821771,0.06898232293816475,0.07035672653465302,0.0716885121677327,0.0729446891229929,0.07407438661372892,0.07500277466508891,0.07562415154659077,0.07578987782043453,0.0752785142776909,0.07375784416890883,0.07106845856387713,0.06898348657978755
2.6649999999999543,0.0043554398668986995,0.03129462278238192,0.03784493359783834,0.04060553764325608,0.042234150079913726,0.04354092056173922,0.044767846590613336,0.0459849325990838,0.047210622938999296,0.048448946037126746,0.04970073859620382,0.05096656569084842,0.05224720771622553,0.05354350648812833,0.05485606327788677,0.05618509543755333,0.0575303767642872,0.058891170945420214,0.060266291562189184,0.06165415528187003,0.06305273778713262,0.06445952752188211,0.06587124820933729,0.06728315077051303,0.06868779901494329,0.0700729363504217,0.07141817689778401,0.07269059136051136,0.07383924750505538,0.07478912676450775,0.07543426342855236,0.07562583378263649,0.07514254752831367,0.07365256298079645,0.07099422604511194,0.06892881970321584
2.669999999999954,0.004110653968677677,0.031051421579202616,0.03760505882514059,0.04036472269110356,0.04198986706567177,0.04329181381203956,0.04451324149618682,0.04572452300435154,0.04694430037354075,0.048176714195235976,0.04942267472181898,0.05068280723479375,0.051957952616652994,0.053249021155302924,0.054556695452936385,0.05588129042870621,0.05722269642439365,0.05858031506948696,0.059953121074049216,0.06133971639518665,0.06273828578224096,0.06414654771855746,0.06556147089918199,0.06697855576051574,0.06839060414405194,0.06978556403442593,0.07114319336629005,0.0724306161062371,0.0735968388392307,0.07456666664468675,0.07523389675643818,0.07544956299967512,0.07499257799992669,0.07353154776628293,0.07090274281893559,0.06885603282561165
2.674999999999954,0.003867374181407278,0.03080959323886979,0.03736649563896768,0.04012520836029014,0.041746894270052536,0.043044032481540796,0.044259975253490104,0.04546546021900849,0.046679324969795995,0.047905820658226156,0.04914592948590007,0.050400335071385055,0.05166993648258533,0.05295570962523564,0.054258414912701294,0.055578460524864086,0.056915848117920054,0.058270110955072354,0.059640377324558895,0.06102542551919028,0.06242363886538842,0.06383295380294637,0.06525057040152485,0.0666722238123774,0.06809093857123981,0.06949485252916535,0.07086385515410082,0.0721651163484027,0.0733475822855573,0.07433589387339823,0.07502363733892489,0.07526174395041235,0.07482938015893435,0.07339566739040174,0.07079496023399512,0.06876612531271947
2.679999999999954,0.00362559740522524,0.030569136005824296,0.03712924288449166,0.03988699371400851,0.041505230972604314,0.04279757624796566,0.04400804820976896,0.04520774558298451,0.046415699425784905,0.047636269894609076,0.04887050959934992,0.050119158701382165,0.051383172247987705,0.05266358902854555,0.05396124389611156,0.055276634167254216,0.056609867805261144,0.05796060367103025,0.059328116411508175,0.060711352102592465,0.062108882642382644,0.06351885092185287,0.06493867546851165,0.06636431213114019,0.06778899367536494,0.06920103403417358,0.07058044283461377,0.07189442935348164,0.07309188057257296,0.0740972853193106,0.0748040439872397,0.07506302333176491,0.07465369154711965,0.0732457485482817,0.0706717827280764,0.06866004672453982
2.684999999999954,0.003385320349137519,0.03033004791917996,0.03689329919349229,0.0396500775935892,0.04126487621536958,0.04255244452580421,0.04375746041169605,0.044951380084932935,0.04615342602285605,0.047368065874398166,0.048596421173435836,0.049839286902411704,0.05109767197408802,0.052372675441786,0.053665203368884536,0.05497583825907432,0.056304789589536386,0.05765183604318131,0.05901639172334795,0.06039756232091219,0.061794098762783474,0.06320433943784563,0.06462590906266556,0.06605497091131464,0.06748495234270156,0.06890433046100584,0.07029322452746678,0.07161887734038531,0.0728301183097245,0.07385129615102007,0.07457564972543815,0.07485401751393975,0.07446621451339105,0.07308257779442957,0.0705340701407083,0.0685386993117027
2.6899999999999538,0.0031465395401630014,0.03009232682201586,0.03665866299381728,0.03941445862828261,0.04102582881356952,0.04230863647829176,0.04350821161882119,0.04469636437804939,0.04589250664448372,0.047101212091284234,0.04832366974623445,0.049560727760783775,0.05081344688689532,0.05208298393233377,0.05337031307748535,0.054676098231051296,0.05600064579520477,0.057343848749186126,0.058705254054010204,0.06008411921479032,0.061479365086902854,0.0628895151305051,0.06431238860047814,0.06574434363214596,0.06717898932532781,0.06860495386890135,0.0700024564288443,0.07133876812694545,0.07256266277432628,0.07359836079322601,0.07433896294706205,0.07463531393020753,0.07426761786548756,0.07290690347435026,0.07038263991045747,0.06840294038450744
2.6949999999999537,0.0029092513324964937,0.02985597037055823,0.03642533251876677,0.039180135244895484,0.04078808736603278,0.04206615102900094,0.043260301316781206,0.04444269879516714,0.04563294279384771,0.04683571158350065,0.04805226030779148,0.04928348870137761,0.050530507413589304,0.05179452860229061,0.05307659160202089,0.05437743810450253,0.05569746704415094,0.05703668040991941,0.058394751712418716,0.05977108282238755,0.06116475584568255,0.0625744693899472,0.06399822618637041,0.06543256734067934,0.06687127158428045,0.0683031068818641,0.06970838331923043,0.07105439574787199,0.07228986466417038,0.0733388938414758,0.07409446852092784,0.07440747240345486,0.07405853844407917,0.07271943756278809,0.07021826916227913,0.06825358456033535
2.6999999999999535,0.002673451915570669,0.029620976042570656,0.036193305815687526,0.038947105677008584,0.04055165026477239,0.04182498687235928,0.04301372872948776,0.044190383363196646,0.045374735610939215,0.04657156695420532,0.047782197324201726,0.04900757651658185,0.050248863216856496,0.0515073226296929,0.05278405640574743,0.054079880551095985,0.05539528232768628,0.0567303676765131,0.05808493062816837,0.059458510306257324,0.06085034179361541,0.06225928940149412,0.06368352883622896,0.06511977292277607,0.06656195861891571,0.06799898308880645,0.06941123905006288,0.07076604104764116,0.07201205881879956,0.07307329093686715,0.07384262884798125,0.07417102641256566,0.07383958262347343,0.07252085741328325,0.07004169669117484,0.06809140589755472
2.7049999999999534,0.0024391373231156905,0.029387341146140243,0.035962580754635,0.03871536797369059,0.04031651570476277,0.04158514248456371,0.04276849283131248,0.0439394178169809,0.04511788588895091,0.04630878039080595,0.04751348476067156,0.048732997394025424,0.04996852322848762,0.051221378308753195,0.05249272388314387,0.053783446950869,0.05509411907631982,0.056424945314282826,0.05777583445176373,0.05914645607491424,0.06053619035573722,0.061944058323277665,0.06336839869201326,0.0648060853629539,0.06625120278165653,0.06769276742616159,0.06911124700960844,0.07047397224751845,0.0717295649091231,0.07280192960317847,0.07358388487127591,0.07392648430189339,0.07361132774266019,0.07231180742350096,0.06985362484698901,0.06791713991964907
2.7099999999999533,0.002206303440061369,0.02915506282716237,0.03573315503645239,0.038484920008080674,0.04008268169286079,0.04134661613356151,0.042524592358563755,0.04368980161288587,0.04486239408994404,0.0460473536836256,0.047246126103830506,0.048459756942995535,0.04968949568080051,0.05093670708779598,0.05220260940609181,0.05348815744740049,0.054794003226166434,0.05612044628257744,0.057467504651540297,0.05883497189904289,0.06022236576769548,0.06162885545542058,0.06305293322673598,0.06449162399301797,0.06593914958004507,0.06738463654499272,0.0688086205694657,0.07017844548889422,0.07144268809812135,0.07252517004752647,0.07331865704144043,0.07367433043518905,0.07337432346910391,0.07209290061997706,0.0696547213255597,0.06773148553731462
2.7149999999999532,0.001974946010965043,0.028924138077380347,0.035505026200540926,0.038255759485410074,0.039850146056536265,0.04110940588851096,0.04228202582037878,0.043441533941279156,0.04460826035985105,0.04578728824364052,0.04698012438289664,0.04818786022000518,0.04941178813737711,0.05065331960582326,0.051913727367390514,0.05319403100074007,0.054494959282586346,0.05581690181154866,0.057159980605973486,0.05852410702340286,0.05990892921081876,0.06131375640320302,0.06273722544146687,0.06417650273041872,0.06562593796592484,0.067074759162184,0.06850356351179651,0.06987970535334342,0.07115171967288228,0.07224335592616786,0.07304734623905673,0.07341502629776303,0.07312909309886302,0.0718647201667349,0.06944562087039097,0.06753510687273745
2.719999999999953,0.0017450606468155149,0.02869456374167293,0.03527819163251723,0.03802788395094563,0.039618906452325776,0.040873509629411706,0.04204079150939128,0.04319461373889051,0.044355484542893515,0.04552858511955198,0.0467154821900915,0.047917311753080435,0.04913540752225848,0.0503712257280792,0.05162609122354257,0.05290108543805032,0.05419701038131903,0.0555143414756994,0.05685329969211256,0.05821390827311927,0.05959593894055927,0.060998833232352015,0.06242136405370369,0.06386083030663599,0.06531170061234233,0.06676329639734105,0.06819627043896635,0.06957798536054981,0.0708569376494864,0.07195681507677863,0.07277033465653537,0.07314901154778067,0.07287613479590321,0.07162782080081241,0.0692269268904031,0.06732863499083251
2.724999999999953,0.0015166428322721335,0.028466336525209288,0.03505264857133251,0.03780129079741571,0.03938896037390691,0.04063892505580826,0.04180088751183099,0.0429490397006,0.04410406619529803,0.0452712450143519,0.046452201700185033,0.04764811556513285,0.048860360147830816,0.05009043457903196,0.05133971353463465,0.05260933750234505,0.05390017834699221,0.05521279326445672,0.05654749737086258,0.05790442015644491,0.059283450410346196,0.0606841546186501,0.06210543367776229,0.06354471048572079,0.06499656417920714,0.06645040209509301,0.06788692716575236,0.06927350844559817,0.070558607352315,0.07166586021940005,0.07248798664015488,0.07287670502051494,0.07261592277359499,0.071382730198629,0.06899921299674337,0.06711266954362935
2.729999999999953,0.0012896879321393755,0.028239453000072457,0.03482839411630296,0.03757597727221499,0.039160305159632654,0.04040564969531005,0.04156231171729986,0.04270481029078177,0.043854004598856494,0.045015268300780294,0.04619028468905066,0.04738027519635083,0.04858665174181808,0.04981095457504446,0.05105460600331541,0.05231880289889336,0.05360448374888868,0.05491228364918363,0.05624260726767491,0.05759568496251523,0.05897151638956557,0.06036978599050637,0.06178951499799175,0.06322824227419827,0.06468064956730857,0.06613622313408823,0.0675757110947357,0.06896648741507652,0.07025698196789784,0.07137078962594934,0.07220064949537423,0.07259850568622556,0.07234890842054353,0.07112995027663062,0.06876302446377329,0.06688778033076924
2.734999999999953,0.0010641911979770028,0.0280139096120263,0.03460542523366286,0.03735194048433824,0.038932938000263345,0.04017368091196182,0.04132506182797576,0.04246192375392476,0.043605298773232694,0.04476065503651657,0.04592973255182421,0.04711379372563741,0.04831428747284441,0.049532793455058406,0.05077077951187145,0.05202949634006063,0.05330994595504761,0.05461283764845487,0.055938661251088775,0.05728774285544109,0.05866018707730669,0.060055789666189276,0.0614736849340905,0.06291152012117979,0.06436407216180794,0.06582089972269187,0.06726279157626835,0.06865712538468335,0.06995230307536279,0.07107188776137505,0.07190865425567354,0.07231479356474127,0.07207552137421824,0.07086995842901407,0.06851887961736425,0.06665450878145975
2.7399999999999527,0.0008401477743229845,0.02778970268676152,0.03438373876310275,0.03712917741108816,0.038706855945777566,0.03994301591401025,0.04108913536773159,0.04222037812515016,0.04335794748837944,0.0445074049785322,0.045670546319996,0.04684867379123099,0.0480432719751569,0.049255958310204816,0.050488244157667804,0.05174143158772699,0.05301658318343801,0.05431447888949057,0.05563568950671276,0.05698063196404947,0.058349510210549835,0.059742224984977714,0.061158016800176504,0.06259463411147494,0.06404694206607187,0.06550456568292683,0.06694833025295807,0.06834561619757276,0.0696448011539727,0.07076942589614402,0.07161231641764443,0.07202593059817258,0.07179617054357991,0.07060320870588874,0.06826727115478669,0.0664133693615862
2.7449999999999526,0.0006175527043961668,0.027566828435895294,0.0341633314239121,0.03690768490439628,0.03848205591238503,0.03971365176144654,0.040854529690544254,0.04198017124012061,0.043111949276192024,0.044255517597101786,0.04541272667784686,0.04658491761035405,0.04777360937237548,0.04898045561224714,0.050207009287396694,0.05145462149462827,0.052724412551330896,0.054017229667702865,0.05533372060924473,0.056674388468302375,0.058039531168384915,0.05942914843265005,0.06084258045674158,0.06227767014911096,0.0637293643246726,0.06518734872135254,0.06663248138928603,0.06803214482495784,0.06933469606844991,0.07046366269218499,0.07131193664281463,0.07173226148391305,0.07151124508451344,0.07033013293459534,0.0680086673987591,0.06616485090993249
2.7499999999999525,0.00039640093603629436,0.027345282962693094,0.033944199820755715,0.03668745969699357,0.0382585346890946,0.03948558537337852,0.040621241988888064,0.041741300744561685,0.0428673024416412,0.04400499208880919,0.04515627397840424,0.046322526998148886,0.04750530329992953,0.04870629124063036,0.049927083529599375,0.05116907804333271,0.05243345012245587,0.053721111003478365,0.05503278159055079,0.056369046681797264,0.05773029307167099,0.0591166137621426,0.06052744245616074,0.06196071013442827,0.063411439137865,0.0648693706896936,0.06631539218817543,0.0677168877500198,0.06902219753407705,0.07015484476335682,0.07100780142871298,0.07143411446942154,0.07122111532909123,0.07005114178703782,0.06774351348992663,0.06590941790699589
2.7549999999999524,0.00017668732701836207,0.027125062267893508,0.033726340449597186,0.036468498408289876,0.038036288943934474,0.03925881353484456,0.040389269301547084,0.04150376410343504,0.042624005073570066,0.04375582738952003,0.044901188258388486,0.04606150338577134,0.0472383569268303,0.048433470508632094,0.04964847482597398,0.05088481238399873,0.0521437109522511,0.05342614269664324,0.0547328980055881,0.0560646391307912,0.05742183687848492,0.05880467210886913,0.06021266618254475,0.06164383213274507,0.0630932620665433,0.064550747833777,0.06599720309317164,0.06740001333511389,0.06870750556088476,0.06984320721100468,0.07070018374946428,0.07113180211100209,0.07092613367142173,0.06976662579564699,0.06747223252012491,0.06564751168011984
2.7599999999999523,-4.1593349660792867e-05,0.026906162254798086,0.03350974970290237,0.03625079755000368,0.037815315229994,0.03903333290357409,0.04015860852113775,0.041267558609619934,0.04238205505486262,0.04350802218626755,0.04464746925290779,0.04580184783776919,0.04697277297655529,0.0481619981883029,0.049371190461412286,0.05060183487035155,0.051855209131427146,0.053132343378896815,0.054434093995130446,0.05576119663014892,0.05711420147565447,0.058493372101129336,0.059898311985507366,0.06132711053678665,0.06277492422916169,0.06423159103219718,0.06567804807860325,0.06708168217340724,0.06839081087959774,0.06952897413624494,0.07038934366787702,0.07082562199744322,0.07062663541185121,0.06947695631998493,0.06719522660968712,0.06537955154793668
2.764999999999952,-0.0002584464007611212,0.026688578734636717,0.03329442387515016,0.03603435353170194,0.03759560999138484,0.03880914001639135,0.039929256401503625,0.04103268139244823,0.04214145007250766,0.04326157492929446,0.044395116409277714,0.045543561068636024,0.046708553746831465,0.047891878534207774,0.049095237092570784,0.05032015509412625,0.051567957827102565,0.0528397305632991,0.05413639234587915,0.05545874835583676,0.056807423766271396,0.05818275996618013,0.059584437307969536,0.06101061622165752,0.062456512489615035,0.06391200602488048,0.06535805492673799,0.06676204742527014,0.06807229534814227,0.06921235912986264,0.07007552892050854,0.070515857440994,0.0703229395618169,0.06918248646772622,0.0669128779320354,0.06510593590769437
2.769999999999952,-0.0004738772080438193,0.026472307431235506,0.033080359167563536,0.03581916266585707,0.037377169568644904,0.03858623129540199,0.03970120956463772,0.04079912942571924,0.04190218762690172,0.043016483842961264,0.04414412890042363,0.04528664345895242,0.046445701128931996,0.04762311530671353,0.04882062077567254,0.050039781918455074,0.05128196932307079,0.05254832069273284,0.0538398145485945,0.05515732191467811,0.05650153875389407,0.057872879631639354,0.059271096809350235,0.0606944166937487,0.062138109637955574,0.06359209363216123,0.06503734549402043,0.06644125514080797,0.06775213234153779,0.06889356574052477,0.06975897547608903,0.07020277813660133,0.07001534961063705,0.06888355197028136,0.06662554968688295,0.06482704326766088
2.774999999999952,-0.0006878912234656292,0.026257343986089556,0.032867551693277874,0.0356052211730277,0.03715999020406926,0.03836460305366136,0.03947446450725031,0.04056689953534012,0.041664265040999536,0.04277274693666144,0.04389450563758429,0.04503109507041937,0.046184216625844335,0.04735571179366571,0.04854734699266537,0.0497607235093507,0.050997255057690156,0.052258129185590994,0.05354438085298771,0.0548569434109044,0.05619657962293058,0.057563772822838685,0.058958342482832285,0.06037857623300259,0.06181979456306631,0.0632719499645748,0.06471603596531601,0.06611944456798595,0.06743048712415839,0.06857278792230945,0.06943990806904163,0.06988664079048848,0.06970415425645823,0.06858047201676436,0.06633358702645552,0.06454323322811656
2.779999999999952,-0.0009004939650001749,0.02604368396266223,0.03265599748175762,0.03539252518656007,0.03694406804709697,0.03814425150119884,0.03924901760737691,0.040335988406902216,0.041427679468964064,0.04253036201500947,0.04364624528258255,0.04477691566067446,0.04592410136977408,0.047089670831460165,0.04827542067660558,0.04948298736612962,0.05071382566047225,0.051969170479669355,0.053250110320879174,0.054557637509999125,0.055892577815597755,0.05725547915569789,0.058646223768460494,0.06006315602998783,0.06150164241838283,0.06295166662357453,0.06439423709773895,0.06579674844836408,0.06710751720657285,0.06825021046297595,0.06911854070933905,0.06956768972089974,0.06938962810289484,0.06827355004787106,0.0660373179351026,0.06425484741332817
2.7849999999999517,-0.001111691012173139,0.02583132285082208,0.03244569248329628,0.03518107075719776,0.03672939915890478,0.03792517275024772,0.03902486513038198,0.040106392592609494,0.04119242790445779,0.042289326687740283,0.04339934625976349,0.04452410469733428,0.045665356139169916,0.046824994825360046,0.048004846235851883,0.04920658035050981,0.050431690987079204,0.051681458074550865,0.052957020877118094,0.054259427500215174,0.0555895631061021,0.0569480362264194,0.05833478766079197,0.05974821431597116,0.06118372478030706,0.06263133089422789,0.0640720544541144,0.06547329329908302,0.06678337268624492,0.06792600939288629,0.06879507716919642,0.06924615743039483,0.06907203232323358,0.06796307451166067,0.06573705406686414,0.0639622103567271
2.7899999999999516,-0.0013214880021095244,0.025620256071070976,0.032236632573381316,0.034970853857585395,0.03651597951739235,0.037707362820313034,0.03880200323491629,0.03987810851832281,0.04095850718885094,0.04204963837925002,0.04315380676701908,0.04427266137139762,0.045407981374724,0.04656168576885765,0.04773562757745469,0.04893150871484805,0.050150860153176754,0.05139500457190853,0.052665129357994875,0.05396233535090898,0.05528756367123601,0.05664147969666959,0.0580240788126461,0.05943380648887625,0.06086610980045834,0.062311025929412234,0.06374958862636991,0.0651491996839336,0.06645819657406479,0.06760035237649847,0.06846971144810829,0.06892226515226957,0.06875161529269153,0.06764931958226875,0.06543309154041277,0.06366563034210698
2.7949999999999515,-0.0015298906255445414,0.025410478978614936,0.032028813556732816,0.03476187038652759,0.0363038050215448,0.03749081764345627,0.038580427978546494,0.03965113248983759,0.04072591401857392,0.04181129433754466,0.042909624786619846,0.044022584610119445,0.04515197719476316,0.04629974526201378,0.047467768129113366,0.04865777812828517,0.04987134156611062,0.0511098217141269,0.052374451558073416,0.05366638176889836,0.05498660615826614,0.05633584337576646,0.0577141396340979,0.05911998523319566,0.060548862351031275,0.06199083092637083,0.06342693544972511,0.06482458247201472,0.06613212510617467,0.06727339908582945,0.06814262821689206,0.06859622337202642,0.0684286131919023,0.06733254584508222,0.0651257116961371,0.0633654002027061
2.7999999999999514,-0.0017369046231339898,0.02520198686709922,0.03182223117132096,0.034554116172972334,0.03609287149592186,0.03727553306888197,0.038360135323214854,0.03942546069935306,0.04049464495271907,0.04157429164297522,0.042666798095690586,0.04377387308948497,0.04489734341020126,0.04603917452937651,0.04720127086081446,0.04838539370303316,0.049593142956261944,0.050825920421638755,0.05208500227478068,0.05337158625227984,0.054686715749824026,0.05603115929909544,0.05740501038756608,0.05880680063496661,0.06023204416447129,0.06167082129607831,0.06310418620760616,0.06449955108571283,0.06580528804281513,0.06694530155829873,0.06781400324183233,0.06826823232476566,0.06810325058150156,0.06701300094826865,0.06481518181546225,0.06306179808080782
2.8049999999999513,-0.0019425357818510574,0.0249947749724149,0.03161688109211325,0.034347586980094824,0.03588317469476475,0.03706150486768642,0.03814112114035037,0.03920108923135596,0.04026469641991167,0.04133862721657626,0.042425324276070236,0.043526525246005615,0.0446440795386336,0.04577997443702801,0.046936138305101,0.048114360018518015,0.0493162714062093,0.05054331082828557,0.05179679535133174,0.0530779671423546,0.05438791622663449,0.05572745780354891,0.05709672927891566,0.058494300292173146,0.059915713967012535,0.06135106882493159,0.06278142782772966,0.06417420973784921,0.0654778089537045,0.06661620453818544,0.06748400378982675,0.06793848246970696,0.06777574094994532,0.0666909202233125,0.06450175580485555,0.062755088149049
2.809999999999951,-0.00214678993154749,0.02478883847619722,0.031412758934647,0.03414227850885155,0.03567471030599029,0.03684872873707283,0.03792338121600126,0.038978014068448315,0.04003606472519241,0.041104297828105915,0.042185200723813245,0.04328053928807774,0.044392184818037375,0.04552214550886396,0.04667237257682609,0.047844681145129186,0.04904073337930669,0.05026200231558426,0.05150984371771021,0.052785541672696466,0.05409023002683039,0.055424767599536615,0.056789332544694024,0.05818252942031382,0.05959992760664039,0.06103164183011661,0.062458743070217385,0.06384865765862593,0.06514980549124297,0.06628624580314574,0.06715278901524524,0.06760715494296982,0.06744628723536356,0.06636652727542171,0.06418567484660777,0.062445521296392956
2.814999999999951,-0.002349672941594089,0.02458417250940055,0.03120986025878794,0.03393818640188496,0.03546747395513089,0.03663720030475985,0.03770691125548811,0.03875623109685287,0.03980874605638518,0.04087130010358341,0.04194642465821274,0.043035913206841005,0.044141658219708356,0.04526568794218366,0.046409975391725505,0.04757636066670333,0.04876653474666096,0.04998200354509428,0.0512241594299146,0.0524943260166728,0.053793678303059936,0.05512311584001117,0.056482854535556695,0.05787153095365857,0.05928473817603526,0.060712605308250345,0.06213621070745405,0.06352298931326472,0.06482138965205417,0.06595555647668316,0.06682051032925972,0.06727442198973502,0.06711508232330513,0.06604003454608219,0.06386716801735776,0.06213333577962397
2.819999999999951,-0.0025511907179056595,0.02438077215531657,0.031008180571694154,0.03373530624668284,0.03526146120887385,0.03642691513288389,0.0374917068879566,0.038535736111645125,0.03958273649035756,0.040639630532761484,0.04170899313069007,0.0427926447866191,0.043892498460809184,0.04501060162276453,0.04614894808456821,0.04730940170222434,0.04849368081326305,0.049703322490096645,0.05093975370788488,0.0522043353331012,0.05349828097779147,0.05482252818700019,0.05617732779665063,0.05756134564227319,0.05897019612961807,0.0603940210775476,0.061813905696281396,0.06319729460941328,0.06449266802651399,0.06562426132610555,0.0664873117527936,0.06694044737603894,0.06678230952064579,0.06571164384797439,0.06354645287666583,0.06181875784270638
2.824999999999951,-0.0027513491995793836,0.024178632452962787,0.03080771533140573,0.03353363357914214,0.035056667578779,0.03621786872211348,0.03727776367096682,0.03831652482193665,0.03935803199891655,0.040409285476022946,0.04147290303311098,0.042550731615092686,0.0436447040163538,0.04475688613919903,0.045889291626422586,0.047043806926459535,0.0482221763427933,0.049425966465288435,0.05065663697145238,0.051915583809600235,0.05320405679552725,0.054523028874823326,0.055872783144247345,0.05725201214492238,0.05865634939659042,0.06007594791435617,0.061491899343064274,0.06287165909688638,0.06416374203815645,0.06529247904785529,0.06615333025326786,0.06660538678232525,0.06644814300763366,0.06538154687476341,0.06322373602631162,0.06150200230542026
2.8299999999999508,-0.002950154356434918,0.023977748399903385,0.03060845994974022,0.0333331638866328,0.03485308852449767,0.03601005651510086,0.03706507709458513,0.038098592855677356,0.03913462845459436,0.04018026117122316,0.041238151105742624,0.04231017109263542,0.04339827313083765,0.04450454079676986,0.0456310066411453,0.04677957859000455,0.04795202558168731,0.04914994215572458,0.050374818874956095,0.05162808470440314,0.052911023373221885,0.054224640771055196,0.05556924973931447,0.05694356711817671,0.0583432434886234,0.059758441683841174,0.06117025946160778,0.06254616415738377,0.06383470817221128,0.06496032254024123,0.06581869606667984,0.06626938817816005,0.06611274826832357,0.06504992568613313,0.06289921364291015,0.06118327312277186
2.8349999999999507,-0.0031476121858063357,0.023778114955336768,0.030410409795193844,0.03313389261110782,0.03465071945722745,0.035803473900284044,0.03685364258531592,0.03788193576427979,0.03891252163600169,0.03995255374013934,0.04100473394508121,0.04207096044163282,0.043153203828915764,0.0442535646304627,0.04537409342123348,0.0465167185381394,0.04768323228182916,0.048875255644259916,0.05009430834061077,0.05134185038630036,0.05261919724854175,0.05392738543479753,0.05526675515810116,0.056636045301612356,0.058030921602950016,0.05944155546480815,0.06084905052451705,0.06222088718757173,0.06350565819427628,0.06462789916360351,0.06548353300442122,0.065932592180562,0.0657762825010685,0.06471695316945329,0.0625730719836907,0.06086276391682374
2.8399999999999506,-0.0033437287102225854,0.023579727042689094,0.030213560196090262,0.03293581515204715,0.03444955574264549,0.035598116215174926,0.036643455510129846,0.03766654902712559,0.03869170723307564,0.03972615919460777,0.04077264801105163,0.04183309671531354,0.0429094939261606,0.04400395641772222,0.045118551943041964,0.04625522822925342,0.04741579972277605,0.048601912438062625,0.04981511359008364,0.051056892373089656,0.0523285939264086,0.05363128317268698,0.054965325459636234,0.056329479599811765,0.05771942472173231,0.059125339669587634,0.06052833380754717,0.06189590177283079,0.06317667935947746,0.06429531098949914,0.0651479587469696,0.06559513239481227,0.065438895009708,0.06438279347966945,0.062245487868321625,0.06054065848223774
2.8449999999999505,-0.003538509974691249,0.02338257955234581,0.03001790644296056,0.032738926869301924,0.03424959270394091,0.03539397874966836,0.03643451118019525,0.037452428055923595,0.038472180852275606,0.03950107344249267,0.04054188963421667,0.04159657680614481,0.04266714103930543,0.043755714690667684,0.0448643818813167,0.04599510875216825,0.04714973073247972,0.04832991749382161,0.049537242175181045,0.050773221368149914,0.05203922792260262,0.053336353092003796,0.054664985250406355,0.05602390116049768,0.05740879170676422,0.05880984215901772,0.06020816752875134,0.061571277854615296,0.06284785461251388,0.06396265503842058,0.06481208512379558,0.06525713574054548,0.06510072757606639,0.06404760245754629,0.06191662913656749,0.060217131266448995
2.8499999999999504,-0.0037319620442152956,0.023186667344396228,0.02982344379138763,0.03254322308570265,0.034050825624854404,0.03519105674929679,0.03622680485424005,0.03723956819864272,0.03825393802105578,0.03927729229340533,0.04031245502245971,0.04136139745387819,0.042426142595595774,0.04350883774749968,0.04461158262320609,0.04573636084308377,0.04688502770772255,0.04805927524215382,0.04926070100697158,0.05049084729592215,0.05175111280729675,0.053042613152733994,0.05436575774661006,0.05571933944971681,0.05709905939021093,0.05849510835203043,0.05988860698088244,0.06124708189022082,0.06251926277900713,0.06363002350733987,0.06447601838117692,0.06491872276234037,0.0647619148153218,0.0637115280285296,0.06158665508412244,0.059892347826856186
2.8549999999999502,-0.003924091001684784,0.02299198525066632,0.029630167464448035,0.032348699089865374,0.03385324975229308,0.034989345418126136,0.03602033174216164,0.03702796474355863,0.03803697419278039,0.03905481146408781,0.040084340267600715,0.041127555253488816,0.04218649584241458,0.04326332366393897,0.04436015328156436,0.04547898490156242,0.04662169263331755,0.04778998961069282,0.04898549638369065,0.05020977933530968,0.05146426124485126,0.052750080216119405,0.054067664833528525,0.0554158223238025,0.05679026266176888,0.0581811813311463,0.05956970465864178,0.060923377005354606,0.06219097874837473,0.06329750398686883,0.06413985943703338,0.06458000792573608,0.06442258451452704,0.06337471058183818,0.06125571687669233,0.05956646526470251
2.85999999999995,-0.00411490294542698,0.022798528077433385,0.029438072655104206,0.03215535013833939,0.03365686029886222,0.03478883992164979,0.035815087008206736,0.03681761292309674,0.037821284751008044,0.03883362658365518,0.03985754135131859,0.0408950466623086,0.04194819785594424,0.04301917030361478,0.04411009270787736,0.045222981005900095,0.046359727100598956,0.047522064046537485,0.04871163401788633,0.04993002595243469,0.05117868503336049,0.052458770091963425,0.05377072712228986,0.055113376098116035,0.05648243455210697,0.05786810194322166,0.05925151038020496,0.06060022314078686,0.061863073648759974,0.06296517966889509,0.06380370412548281,0.06424109990044297,0.06408285795504247,0.06303728333173261,0.06092395794440681,0.05923963263820364
2.86499999999995,-0.004304403987129702,0.02260629060751141,0.029247154528585145,0.03196317145837009,0.033461652445647486,0.034589535389711976,0.035611065774065594,0.036608507917145275,0.03760686501365909,0.03861373319861691,0.03963205415154599,0.04066386800747742,0.0417112455498348,0.04277637532850861,0.043861399504443704,0.044968348928057164,0.04609913232534948,0.04725550153752501,0.04843911906181862,0.04965159493130793,0.0508943951419779,0.05216869758406749,0.05347496400493971,0.054812025613469054,0.05617560631265813,0.05755590889594789,0.05893407140372041,0.0602776771921122,0.06153561501469693,0.0626331295451503,0.06346764342922534,0.06390210182978472,0.06374285022020948,0.06269937266144059,0.06059151435654095,0.05891199135482276
2.86999999999995,-0.004492600249928689,0.02241526760238967,0.029057408224542964,0.03177215824997831,0.033267621344543544,0.034391426919031035,0.03540826312201328,0.0364006448569181,0.037393710237205335,0.038395126777743455,0.03940787444776751,0.0404340154924665,0.04147563568328274,0.042534936208580634,0.043614072036183574,0.044715088147535234,0.04583990916464871,0.04699030463277674,0.04816795613240549,0.04937449340386499,0.05061140174668626,0.051879876533238924,0.053180393706407925,0.05451179429903722,0.05586980749219655,0.057244638850386886,0.05861743253888804,0.05995579314372677,0.061208666946446305,0.06230142859651834,0.06313176370189544,0.06356311158779375,0.06340267048816887,0.06236109845076801,0.06025851517842391,0.05858367554450886
2.87499999999995,-0.004679497866235489,0.02222545380450189,0.02886882885924299,0.031582305688204346,0.033074762120496703,0.03419450957575049,0.035206674097535084,0.03619401882796317,0.037181815620407135,0.03817780271639846,0.03918499792671336,0.040205485203823964,0.041241364868968275,0.04229485023139957,0.043368108442041656,0.044463197865382116,0.045582058133267156,0.046726475462239514,0.04789814933463169,0.04909872787812748,0.05032971426476425,0.051592319858946,0.05288703333481594,0.054212704233204526,0.055565066010198595,0.05693432650954995,0.05830163625357723,0.05963462219715208,0.06088229026381418,0.06197014797454745,0.06279614688060448,0.06322422202488089,0.06306242231102548,0.06202257438723458,0.059925082810509726,0.05825481241461464
2.8799999999999497,-0.004865102976066972,0.02203684393884657,0.0286814115274625,0.03139360892512549,0.03288306987377579,0.03399877839790936,0.03500629371237911,0.035988624873402854,0.03697117630821767,0.03796175634132468,0.038963420187546845,0.039978273117386214,0.04100842958048668,0.04205611451088843,0.04312350664558343,0.0442126770166118,0.04532557941927844,0.04646401575560907,0.04762970228427094,0.04882430426576344,0.0500493413876652,0.051306039599104236,0.05259489892948146,0.0539147762016582,0.05526140822703574,0.05662500470327619,0.05798672277622492,0.059314212893509966,0.060556542651722015,0.0616393551743658,0.06246087068826225,0.06288552120173047,0.06272220388120874,0.061683908263736396,0.05959133331139984,0.057925522587331836
2.8849999999999496,-0.005049421725259822,0.021849432715157192,0.028495151304640788,0.031206063092065216,0.032692539682189194,0.033804228397813635,0.03480711694690828,0.03578445799710155,0.03676178739514132,0.03774698291449619,0.03874313674693491,0.03975237510426373,0.04077682615961008,0.041818725996243845,0.04288026436564879,0.043963524283218695,0.04507047289912733,0.04620292686031942,0.04736261812983229,0.04855122790823764,0.049770291112674586,0.05102104694807725,0.05230400550720313,0.05361802975312338,0.05495885901132101,0.05631670446930797,0.05767273019350889,0.05899461123095319,0.06023147880068261,0.061309114200087056,0.06212600882716176,0.0625470926125807,0.0623821082846473,0.06134520226036482,0.0592573767048276,0.0575959204203107
2.8899999999999495,-0.005232460263521451,0.021663214829712733,0.028310043248641798,0.03101966330134479,0.03250316660306525,0.033610854564249795,0.0346091387528373,0.03558151316640859,0.03655364392871284,0.03753347763743926,0.03852414304378152,0.039527786936543206,0.04054655082309643,0.041582681479971614,0.042638379126027415,0.04371573810581539,0.04481673815182095,0.04594320975879922,0.04709689957304665,0.04827950360181711,0.04949257077315942,0.050737352293489565,0.05201436710607471,0.05332248325265157,0.05465744180442372,0.0560094551312774,0.05735969454401421,0.058675860776896974,0.05990715054024244,0.06097948572302268,0.06179163116387265,0.06220901539838425,0.062042223742874804,0.06100655321393079,0.05892331727188999,0.05726611431169817
2.8949999999999494,-0.005414224743093534,0.021478184966951586,0.02812608240154338,0.030834404648218055,0.03231494567517897,0.03341865186455596,0.03441235405551,0.03537978531503495,0.036346740912857604,0.0373212356548074,0.038306434443763186,0.03930450429285461,0.04031759966927834,0.041347977605863444,0.042397848265139204,0.04346931669516268,0.04456437447291436,0.04568486508512064,0.04683254888897544,0.04800913562166637,0.049216187067539836,0.050454965250950556,0.05172599682813574,0.05302815393274185,0.0543571786821325,0.055703284373180756,0.0570476499080918,0.05835800277560261,0.05958360696705508,0.060650527232667596,0.06145780390541733,0.061871364549743034,0.06170263384291955,0.06066805287399659,0.05858925382914992,0.056936206990801895
2.8999999999999493,-0.005594721317150637,0.021294337801141247,0.02794326379136625,0.030650282212684808,0.032127871920739,0.03322761524684374,0.03421675775633731,0.03517926934566493,0.03614107331085926,0.0371102520583942,0.03809000624397059,0.03908252276378442,0.040089968684675625,0.041114610876806804,0.04215866894513318,0.043224258043133276,0.0443133808876157,0.04542789314085578,0.04656956794529242,0.04774012774497202,0.04894114608714935,0.05017389469781658,0.05143890687966588,0.052735057942370954,0.054058090413851394,0.05539821831065499,0.056736628493288824,0.058041076250686885,0.05926089456714703,0.06032229318086741,0.06112458976757604,0.0615342111008046,0.06136341775712101,0.06032978814685179,0.05825527999280615,0.056606295793205544
2.904999999999949,-0.005773956138136561,0.021111667998047,0.027761582433793095,0.0304672910610807,0.03194194034710006,0.03303773964181943,0.034022344734892185,0.0349799601326529,0.035936636048611595,0.03690052189055377,0.03787485367704482,0.0388618378566634,0.03986365374961504,0.040882577661747875,0.04192083816066654,0.04298055993327698,0.044063756163371444,0.04517229391027261,0.04630795822031241,0.04747248327290057,0.048667453342898605,0.04989414880542968,0.05115310861032609,0.05244321039418975,0.05376019651949449,0.05509428155945603,0.05642666071711652,0.05772511810385343,0.05893905733301865,0.05999483512004315,0.06079204813605135,0.061197622314076994,0.0610246504520557,0.05999184132793302,0.05792148443099235,0.05627647292391009
2.909999999999949,-0.005951935356485184,0.02093017021653266,0.027581033333672997,0.030285426247822197,0.03175714594848079,0.03284901996466972,0.033829109851084165,0.034781852524253504,0.03573342401704411,0.036692040147442,0.03766097191504254,0.03864244500056359,0.03963865064434097,0.04065187420286853,0.041684352747139046,0.042738219950890534,0.04381549882211486,0.04491806707497905,0.046047720820897226,0.04720620505199084,0.04839511379080888,0.04961573506972099,0.05086861255006646,0.05215262540895209,0.05346351532342852,0.05479149730075071,0.05611777528508394,0.05741016320858422,0.05861813687514064,0.05966820183440641,0.06046023521920291,0.06086166185673837,0.06068640288799673,0.059654290322676384,0.05758795110250093,0.05594682570638969
2.914999999999949,-0.006128665119352714,0.020749839109726637,0.027401611486499028,0.03010468281685301,0.03157348370761766,0.03266145111692735,0.033637047947216295,0.03458494134514017,0.03553143207537751,0.036484801782505044,0.03744835607358136,0.038424339551015395,0.03941495505465249,0.04042249662233899,0.04144920938904861,0.042497235492603855,0.04356860715185712,0.0446652120279112,0.04578885649904355,0.046941295494298416,0.048124131856488485,0.04933866034104495,0.050585428445198394,0.051863316159209506,0.053168064006916115,0.05448988734403641,0.05580999926642745,0.0570962445005194,0.05829817252931225,0.059342439466301494,0.06012920419527209,0.06052638996888996,0.06034874220888636,0.05931720885742011,0.05725475948526251,0.055617436820253094
2.919999999999949,-0.006304151569122589,0.02057066932674132,0.027223311879987288,0.029925055803287547,0.03139094859746928,0.03247502798825462,0.033446153849907054,0.03438922139859666,0.035330655053418474,0.0362788017095085,0.03723700121539394,0.03820751679430857,0.0391925625769103,0.04019444092847182,0.04121540462724643,0.04225760377575127,0.043323079217736274,0.04441372788669247,0.045531365668141734,0.04667775659688368,0.0478545114587864,0.049062930852408045,0.050303565292438956,0.05157529491037347,0.05287385865758655,0.054189472186900525,0.055503358166002124,0.05678339306326829,0.05797920145844464,0.05901759163620555,0.059799005351650864,0.060191863623629153,0.06001173192307903,0.05898066667981331,0.05692198479271475,0.05528838452665052
2.9249999999999488,-0.006478400842352351,0.02039265551383812,0.027046129495332208,0.029746540234674608,0.031209535582556916,0.032289745457950186,0.033256422371947966,0.034194687468602145,0.03513108775416553,0.036074034805481554,0.03702690235396887,0.03799197195180414,0.03897146872347042,0.03996770302210485,0.040982934866823015,0.04201932184717193,0.04307891287287424,0.044163613506605824,0.04527524841862094,0.04641558996064247,0.047586256032044416,0.04878855224659749,0.05002303137159798,0.051288573060243495,0.0525809143175008,0.05389027107277386,0.0551978759933214,0.05647163821117573,0.05766125875082369,0.05869369955783461,0.059469686218860854,0.0598581366805787,0.05967543207647481,0.05864472974978216,0.05658969818054384,0.05495974288364722
2.9299999999999486,-0.006651419068496001,0.02021579231570322,0.02687005930865906,0.029569131132494455,0.031029239620463937,0.0321055983965345,0.033067848313970846,0.03400133432194476,0.03493272495621915,0.035870495913524925,0.03681805445684772,0.037777700184062846,0.038751668927362704,0.039742278702388216,0.04075179638372556,0.04178238659179651,0.04283610576845834,0.04391486749277077,0.04502050453246852,0.046154796807939893,0.04731936854786525,0.048515529602306436,0.049743834277231,0.05100316117709156,0.05228924502867361,0.05359230204584285,0.054893575328757487,0.0561610075678252,0.05734437751305216,0.058370802147582196,0.05914129169771101,0.05952526003139627,0.059339899416299184,0.058309460421456086,0.05625796694267171,0.054631581949701774
2.9349999999999485,-0.006823212368912732,0.020040074376746347,0.026695096292141077,0.029392823513397663,0.030850055663295208,0.031922581667478696,0.03288042646643924,0.033809156710154234,0.03473556141610674,0.03566817984576706,0.036610452449042256,0.037564696594644266,0.03853315854712666,0.03951816367238383,0.040521985331864595,0.0415467947406897,0.04259465536362088,0.043667488212056564,0.04476713349774532,0.04589537799998424,0.04705385153570773,0.04824386745906232,0.049465980948700285,0.050719069035919606,0.051998863876923464,0.05329558200359895,0.0545904773863021,0.055851527141733914,0.05702858895978086,0.05804893612976983,0.05881386418104405,0.0591932817392165,0.059005187548262054,0.057974917616215774,0.05592685469824549,0.054303967978669425
2.9399999999999484,-0.00699378685561118,0.01986549634218466,0.02652123541534404,0.029217612390520096,0.03067197865884208,0.03174069012825738,0.03269415161086851,0.03361814937140065,0.034539591870409406,0.035467081385686175,0.036404091215989566,0.03735295623397715,0.0383159328712308,0.03929535354449398,0.04029349774939115,0.041312542879000436,0.04235455893488438,0.043421473804485834,0.04451513452210461,0.04563733405319603,0.046789707102828586,0.047973569841092495,0.04918947769893522,0.050436305653393826,0.05170978303414267,0.0530001267479265,0.0542886020747039,0.055543221398196,0.056713922498837034,0.057728136136571066,0.05848744366984154,0.05886224717108825,0.058671347085538575,0.0576411569875811,0.055596421569518814,0.053976963604161925
2.9449999999999483,-0.007163148630499274,0.019692052859144972,0.026348471646318018,0.02904349277456436,0.030495003552110843,0.03155991863224897,0.03250901852190846,0.03342830703233307,0.03434481103803358,0.03526719529081173,0.03619896560666041,0.0371424741028909,0.038099987122425995,0.03907384384579073,0.04006632956506431,0.04107962745325869,0.04211581358503393,0.043176822193788225,0.0442645065458443,0.045380665154927675,0.04652693695312774,0.04770464028041917,0.04891433024224903,0.05015487932110875,0.05142201379811092,0.0527059510327072,0.053987968054882006,0.05523611332868947,0.05640040581319892,0.05740843480376255,0.058162067884225496,0.05853219912507684,0.05833842579137903,0.057308231078430756,0.05526672435103398,0.053650628015655955
2.949999999999948,-0.007331303784136405,0.019519738577916525,0.026176799952807025,0.02887045967516225,0.030319125286179,0.03138026202953577,0.032325021968206066,0.03323962440965182,0.034151213621967436,0.03506851629508376,0.035995070436408545,0.03693324515599356,0.03788531646176226,0.03885363002260678,0.03984047660413084,0.04084804477882188,0.04187841625198069,0.042933531098216265,0.044015248254532235,0.04512537117858288,0.04626554240551202,0.04743708183866738,0.04864054372076867,0.049874797637609734,0.051135566631211736,0.052413068610706444,0.053688592795715334,0.05493022451662913,0.05608806493881166,0.057089862862336346,0.057837772369132644,0.05820317795070332,0.058006468714585806,0.056976189470181446,0.054937816670471123,0.05332501712568516
2.954999999999948,-0.007498258394992033,0.019348548152714078,0.026006215303122707,0.02869850810168196,0.030144338803704485,0.031201715168472983,0.03214215671431865,0.033052096211923995,0.03395879431149539,0.034871039111028394,0.035792400489624496,0.03672526430498233,0.03767191599262157,0.038634707445695596,0.03961593459416606,0.04061779104653054,0.041642363716784175,0.04269159804013882,0.0437673580909649,0.04487145169819684,0.04600552441128886,0.04717089712819909,0.0483681227299117,0.04959606753916143,0.050850451197407366,0.05212149227750338,0.05339049262691084,0.05462557520067282,0.05577692433942842,0.05677244922573203,0.057514590595514434,0.057875221664279185,0.05767551831884077,0.05664507892565899,0.05460974914228167,0.05300018372895125
2.959999999999948,-0.007664018528667185,0.019178476242710088,0.025836712667334207,0.02852763306454814,0.02997063904773046,0.031024272896826195,0.031960417521885505,0.0328657171410021,0.03376754778384641,0.03467475843216257,0.03559095052240746,0.03651852642185053,0.03745978076460355,0.03841707141450737,0.039392699170272424,0.04038886232934539,0.04140765261188491,0.04245102035592632,0.04352083426670219,0.04461890600219411,0.04574688357097125,0.04690608833241035,0.04809707134276136,0.04931869532887615,0.05056667639753114,0.05183123391434728,0.05309368278994467,0.05432218433510003,0.0554670069779021,0.0564562210733357,0.05719255405659872,0.05754836605867303,0.05734561460577395,0.05631494352434405,0.05428256951337418,0.05267617765392769
2.964999999999948,-0.007828590236825216,0.019009517513134188,0.025668287018250593,0.028357829576100002,0.029798020962998724,0.030847930062947598,0.03177979915092934,0.03268048189365763,0.033577468705989266,0.03447966893483713,0.03539071526514718,0.0363130263418353,0.03724890577679185,0.038200717161576886,0.03917076588062321,0.04016125458872206,0.041174279428301166,0.04221179520481665,0.04327567477303777,0.04436773310673574,0.04548962015018559,0.0466426572248887,0.04782739313334994,0.049042686705159606,0.05028425040311286,0.05154230452844077,0.05279817748645209,0.054020069647703665,0.05515833438427313,0.05614120393003322,0.0568716923600983,0.05722264480834394,0.05701679523264937,0.05598582479170497,0.05395632280193587,0.052353045906736936
2.969999999999948,-0.007991979556567356,0.018841666635906244,0.025500933332116674,0.028189092651499815,0.029626479496799217,0.03067268151680407,0.0316002963610975,0.032496385162903776,0.033388551736388924,0.03428576528041789,0.03519168942475842,0.036108758866264135,0.03703928598166758,0.03798563985694466,0.03895013019141011,0.03993496368066289,0.04094224052344511,0.04197391957790807,0.0430318773917793,0.04411793176866995,0.04523373409534544,0.046380605188193515,0.04755909119909968,0.04876804678846256,0.05000318068893687,0.051254714292218215,0.05250398992512072,0.05371924769504065,0.054850926721315835,0.05582742174271262,0.056552033316032084,0.05689808956910532,0.0566890956239145,0.0556577618221548,0.05363105142960174,0.052030832808266744
2.9749999999999477,-0.008154192509661054,0.018674918290679743,0.025334646589807254,0.02802141730988831,0.029456009599934677,0.03049852211105602,0.03142190391282389,0.03231342163940967,0.03320079152656414,0.03409304211718923,0.03499386768711661,0.03590571876541962,0.03683091628809799,0.03777183461169329,0.038730787491492565,0.03970998536137076,0.040711532127607156,0.041737390306493455,0.042789439705078654,0.043869500497282075,0.04497922504803142,0.046119933231519916,0.04729216818222294,0.048494780147117104,0.04972347406397934,0.050968472580318766,0.05221113236590675,0.053419733915203965,0.05454480284650547,0.055514896952838295,0.05623360302060419,0.056574730073511686,0.05636254907804149,0.05533079139611022,0.05330679534735165,0.05170958012463595
2.9799999999999476,-0.0083152351018269,0.01850926716550972,0.025169421777476678,0.02785479857489024,0.029286606227727153,0.03032544670214874,0.031244616568524355,0.03213158601277125,0.03301418272257298,0.03390149408209774,0.03479724471921766,0.03570390078109049,0.03662379156463557,0.03755929648219447,0.03851273309716678,0.039486315293087576,0.040482150351022136,0.0415022040702112,0.04254835910557453,0.04362243756662758,0.04472609235943313,0.04586064200768662,0.04702662629033001,0.04822289082228464,0.04944513670134189,0.05068358800556392,0.05191961616296575,0.05312154267898722,0.054239980372062666,0.05520365056585624,0.055916425936372735,0.056252594221950274,0.056037186869266634,0.05500494809180112,0.05298359215522286,0.05138932719143169
2.9849999999999475,-0.008475113322072975,0.018344707957698193,0.025005253887332345,0.027689231475799145,0.029118264340844434,0.03015345015107454,0.031068429093662406,0.03195087297288688,0.032828719966603866,0.03371111580249707,0.03460181517111836,0.03550329962904695,0.03641790664255586,0.03734802047356413,0.038295962256590696,0.039263949049102916,0.040254091190029234,0.04126835740458496,0.04230863280531473,0.04337674102634948,0.04447433510375174,0.045602731829721896,0.04676246731613236,0.047952382351479035,0.0491681741667079,0.05040006845299291,0.051629451805151716,0.05282468733742666,0.053936475721527904,0.054893702217821916,0.05560052496846976,0.05593170816902964,0.055713038344104744,0.054680264391338086,0.05266147721627233,0.051070111031655076
2.9899999999999474,-0.008633833142122696,0.018181235374427535,0.024842137918658087,0.02752471104821763,0.028950978906095617,0.02998252732447535,0.030893336257662433,0.03177127721095062,0.03264439789832242,0.03352190189796916,0.03440757367832066,0.035303910001680205,0.03621325631876507,0.037138001543258255,0.038080470153892605,0.03904288211898607,0.04002735053334997,0.04103584670864931,0.042070257844884995,0.04313240871258419,0.04422395209127406,0.04534620268623872,0.04649969265621082,0.047683257791433634,0.048892591445601645,0.05011792111263233,0.05134064895532742,0.0525291802687985,0.05363430418441137,0.05458507023867581,0.055285921537800015,0.05561209640681023,0.05539013101404654,0.05435677078183963,0.052340483764920974,0.05075196646808447
2.9949999999999473,-0.008791400515577391,0.01801884413364596,0.024680068878243047,0.027361232334733948,0.028784744897356405,0.029812673095469422,0.03071933283507893,0.03159279342073945,0.032461211156106055,0.0333338469817913,0.034214514863217804,0.03510572657001817,0.03600983535855591,0.036929234604299574,0.03786625191339391,0.038823109913650566,0.039801924167955756,0.04080466825192648,0.041833231101939046,0.04288943825821639,0.043974941880671484,0.04509105425659937,0.04623830332927275,0.04741551973982647,0.0486183929696916,0.049837152510890805,0.051053216487606023,0.05223503292279957,0.05333347996843034,0.0542777717128897,0.054972635650582566,0.05529378184323845,0.05506849064338463,0.05403449585211906,0.05202064301049367,0.05043492623039432
2.999999999999947,-0.008947821377670619,0.017857528964496074,0.0245190417812604,0.027198790385785505,0.02861955729616691,0.029643882344381554,0.03054641360635658,0.031415416299618325,0.03227915437854485,0.03314694566246765,0.034022633337298325,0.03490874398611957,0.03580763849829465,0.0367217145287164,0.03765330260329117,0.03860462776966318,0.039577807784769464,0.040574818181254926,0.04159754929946543,0.0426478271029513,0.0437273027911274,0.044837285925335695,0.0459782999934269,0.047149170356142765,0.04834558264174251,0.049557768540489516,0.050767162523254326,0.05194225586264337,0.0530340162489254,0.05397182253731369,0.05466068596475926,0.05497678587772622,0.05474814133299661,0.0537134663842009,0.051701984235458895,0.05011902105680628
3.004999999999947,-0.009103101644612355,0.017697284608005664,0.024359051651875102,0.027037380260309753,0.028455411092597076,0.029476149959671166,0.030374573358909265,0.031239140549623914,0.03209822220546737,0.03296119254523389,0.03383192370268761,0.034712956885149686,0.03560666044793262,0.03651543615032243,0.03744161723947322,0.038387430954032555,0.039354996983891985,0.04034629252738369,0.04136320901356144,0.042407572502632704,0.04348103291372587,0.04458489679591042,0.0457196829627552,0.04688421138176087,0.048074163859748865,0.04927977448938607,0.05048249446476624,0.05165085880582785,0.05273592521671065,0.053667237476488036,0.05435008985357045,0.05466112847283133,0.054429105600415695,0.05339370744090204,0.051384534888914826,0.04980427979114656
3.009999999999947,-0.00925724721297971,0.017538105817794983,0.02420009352389081,0.02687699702634112,0.028292301285858277,0.02930947083853137,0.030203806887680082,0.03106396087840279,0.031918409279132275,0.03277658223342455,0.03364238055396073,0.03451835988736252,0.03540689589353486,0.03631039426796808,0.03723119078912801,0.03817151466836898,0.03913348727997344,0.040119087211024716,0.04113020668092584,0.042168671538362054,0.043236130122285034,0.04433388570389162,0.045462452223352365,0.04662064415903128,0.047804139539797175,0.04900317506797641,0.050199219028676134,0.051360850662907125,0.05243921812358096,0.05336403021555042,0.05404086346611091,0.05434682822266827,0.054111404455978764,0.05307524244915289,0.051068320675873684,0.04949072947479665
3.014999999999947,-0.00941026395936986,0.017379987360499595,0.02404216244136142,0.02671763576175487,0.028130222884997752,0.029143839887772114,0.03003410899628624,0.03088987200018337,0.03173971024548246,0.03259310932978869,0.03345399847956243,0.03432494760003784,0.03520833949951543,0.03610658364813554,0.03702201817407101,0.037956874053020825,0.038913274107089724,0.03989319804919647,0.04089853860639369,0.04193112112534306,0.04299259208405764,0.04408425122963861,0.04520660744838314,0.046358469649573665,0.047535512138186686,0.04872797443579624,0.04991734227715774,0.05107223957448329,0.05214390532558304,0.053062213410462876,0.05373302178497304,0.054033902418303685,0.05379505747535916,0.05275809327916978,0.050753365641967765,0.04917839543467624
3.0199999999999467,-0.009562157739833588,0.01722292401651313,0.023885253459225562,0.026559291554727214,0.027969170909479257,0.028979252024406658,0.0298654744975785,0.030716868636673805,0.03156211975502571,0.032410768437827746,0.03326677206352175,0.034132714619399596,0.035010985910880164,0.03590399902772717,0.036814094273995,0.03774350419104137,0.03869435282351071,0.03966862076049543,0.04066820096935336,0.04169491802100756,0.042750416269668176,0.04383599171049001,0.04495214801300396,0.046097688452112144,0.04726828367263324,0.0484541762266173,0.0496368696477505,0.05078503294672584,0.051849996324744095,0.052761798736483345,0.05342657868179267,0.05372236711011533,0.053480082868829354,0.05244228032030445,0.050439692254351735,0.04886730136667175
3.0249999999999466,-0.009712934389653245,0.01706691058015329,0.023729361643657375,0.02640195950436803,0.02780914038980966,0.02881570217621981,0.02969789821436193,0.030544945517839456,0.03138563246390737,0.03222955416281209,0.0330806958868503,0.033941655532275204,0.03481482975545251,0.0357026351166531,0.03660741392965679,0.037531400111897414,0.03847671871622719,0.0394453509710517,0.04043918983091986,0.041460058833293824,0.04250959996287081,0.04358910525247366,0.04469907300816449,0.045838300819079185,0.04700245574225008,0.04818178357249059,0.049357805982122735,0.05049923748529897,0.05155749980883342,0.05246279693393945,0.0531215469694679,0.053412237166889746,0.053166497547184555,0.05212782255265819,0.050127321478473465,0.048557469415063406
3.0299999999999465,-0.009862599722690216,0.016911941860496424,0.023574482072884605,0.026245634721285528,0.027650126368148332,0.028653185282639472,0.029531374980289873,0.030374097382876396,0.031210243034925568,0.032049461113269014,0.0328957645288209,0.03375176491784636,0.03461986564579656,0.035502486600279874,0.036401971945785774,0.03732055679511469,0.03826036700541295,0.039223384219425936,0.04021150113982933,0.04122654002808432,0.04227014026969897,0.04334358974117416,0.04444738125409889,0.04558030667289773,0.04673802954712124,0.04791079912705392,0.0490801555537851,0.05021485922776796,0.05126642368919891,0.05216521785245527,0.05281793845274041,0.05310352633291009,0.052854317184757034,0.0518147376159436,0.049816272851344316,0.04824892024852313
3.0349999999999464,-0.010011159531172362,0.016758012681630123,0.02342060983736143,0.026090312328112018,0.027492123898777712,0.028491696295029997,0.029365899640271212,0.030204318980744868,0.031035946138396026,0.031870483901715346,0.032711972568477354,0.03356303734920514,0.034426088181212865,0.03530354814174177,0.03619776309402931,0.037110969173781684,0.0380452928485072,0.039002715962009084,0.03998513073891785,0.040994357936634765,0.04203203412745072,0.04309944285286057,0.04419707131319527,0.04532370562133574,0.04647500590674028,0.04764122508760588,0.04880392209410393,0.04993190357475312,0.05097677513710006,0.051869070492664086,0.0525157639762414,0.05279624728176592,0.05254355627910892,0.05150304187467656,0.04950656455133339,0.0479416731316626
3.0399999999999463,-0.010158619585376932,0.01660511788315532,0.02326774004050853,0.025935987459755207,0.027335128048598917,0.02833123017743135,0.029201467051259852,0.03003560507116075,0.030862736453016213,0.031692617145972456,0.03252931458579578,0.03337546739501977,0.0342334919496216,0.03510581438436241,0.03599478211563075,0.036902632137725155,0.0378314913441003,0.038783341577403284,0.039760074370579566,0.04076350876269129,0.04179527831306593,0.04285666206432331,0.043948141502420594,0.0450684969726192,0.04621338527783097,0.04737306321626721,0.0485291088177366,0.04965037531951342,0.05068856061854512,0.051574363046624994,0.0522150334699434,0.05249041166781811,0.05223422820823548,0.051192750480487395,0.04919821346458435,0.04763574599427054
3.044999999999946,-0.010304985633209338,0.016453252320552218,0.02311586779897754,0.02578265526432046,0.027179133897706924,0.028171781907062626,0.02903807208286904,0.029867950425092094,0.030690608666678037,0.03151585547001496,0.03234778516281099,0.03318904962066459,0.03404207152929221,0.034909279953522145,0.03579302372399153,0.03669554053684908,0.03761895753615106,0.03856525637159753,0.03953632768282231,0.040533988589221616,0.041559869451390535,0.04261524466289969,0.04370058990496903,0.044814679749185016,0.04595316777133554,0.04710631486047085,0.04825571844661701,0.04937027867636398,0.05040178592726316,0.05128110293588071,0.05191575599321745,0.05218603017570684,0.05192634528515029,0.05088387743115961,0.04889123524789642,0.04733115549579622
3.049999999999946,-0.010450263399865444,0.016302410865660963,0.02296498824319496,0.02563031090306533,0.027024136539808764,0.02801334647474354,0.028875709617804158,0.029701349825550703,0.03051955747738126,0.031340193505025433,0.032167378885073254,0.03300377859019455,0.03385182149061222,0.03471393945911666,0.03559248260735794,0.03648968918407756,0.03740768641716242,0.0383484555819124,0.03931388623415203,0.04030579338483897,0.041325804022926585,0.042375187755936405,0.04345441438169371,0.044562252701683985,0.04569435316868327,0.04684098097208515,0.04798375323283683,0.04909161730774779,0.050116456216475216,0.05098929684831928,0.051617939776550124,0.051883112566772666,0.05161991880953934,0.050576435627354935,0.04858564438940903,0.04702791708825783
3.054999999999946,-0.010594458587674303,0.0161525884069171,0.022815096517666764,0.025478949551140266,0.026870131082564093,0.027855918885455425,0.028714374552509456,0.029535798068092166,0.030349577593775365,0.03116562589010388,0.031988090342274414,0.032819648867065725,0.03366273639767468,0.03451978749714201,0.03539315343101817,0.03628507285819346,0.037197672932151205,0.03813293438156584,0.03909274549898757,0.040078919009880185,0.04109307837127142,0.042136488279632116,0.04320961258208591,0.04431121432186981,0.04543694093750761,0.04657706212631264,0.04771321498117796,0.04881439435055178,0.049832576029386,0.05069895077287997,0.051321592261117634,0.05158166772430758,0.051314959117332276,0.05027043692622773,0.04828145426554224,0.04672604507501509
3.059999999999946,-0.010737576875770233,0.01600377984977595,0.022666187781441725,0.025328566397833423,0.026717112648167316,0.027699494158749643,0.028554061797672062,0.029371289961585313,0.030180663736069435,0.030992147273514632,0.03180991412979482,0.03263665501575893,0.03347481080975895,0.034326818651843026,0.03519503083968096,0.03608168630676616,0.03698891198168731,0.03791868788359841,0.03887290087255821,0.039853361222702596,0.04086168871039698,0.041899143007799164,0.04296618195432768,0.04406156285503144,0.04518093024642973,0.04631455853935862,0.04744410506966543,0.04853861244036185,0.049550149327726285,0.050410070033153655,0.051026720137063684,0.051281703695856794,0.05101147562792128,0.049965892192767467,0.04797867719574133,0.04642555266721564
3.0649999999999458,-0.010879623919862223,0.01585598011704266,0.02251825720837225,0.025179156647006568,0.026565076373696477,0.027544067329206084,0.028394766278690413,0.02920782032861848,0.03001281063658709,0.030819752313030746,0.03163284484934563,0.03245479160304031,0.03328803928294836,0.03413502749736595,0.034998109459645044,0.03587952424865047,0.036781398425230254,0.037705711144847026,0.03865434767555591,0.03962911568503894,0.040631631131424185,0.041663148560168825,0.04272411975566674,0.04381329631198753,0.044926319979503145,0.046053470085544355,0.04717642447020992,0.04826427373589626,0.04926917951984929,0.050122659319136884,0.05073332937962202,0.05098322773396023,0.05070947688898853,0.04966281134848739,0.04767732449444242,0.04612645203730607
3.0699999999999457,-0.011020605351890558,0.01570918414922461,0.02237129998759232,0.025030715517385428,0.02641401741125744,0.027389633446776113,0.02823648293606195,0.029045384006091593,0.029846013040501114,0.030648435677116344,0.031456877110098425,0.032274053198867676,0.03310241637147354,0.033944408599598304,0.034802383900975294,0.03567858137669892,0.036575127084246706,0.03749399916959645,0.0384370811586465,0.03940617796756619,0.04040290160921264,0.04142850141012703,0.042483423061628355,0.04356641248064904,0.04467310874990182,0.04579379631361123,0.04691017376771414,0.047991379941111516,0.04898966948694587,0.0498367227178448,0.050441425283997886,0.05068624633523731,0.05040897061934636,0.04936120341816681,0.04737740652063759,0.045828754370518254
3.0749999999999456,-0.01116052678005574,0.015563386904580255,0.02222531132362482,0.024883238242898245,0.026263930928678555,0.027236187577196373,0.028079206725899995,0.028883975845757547,0.02968026570627781,0.03047819204535323,0.03128200552942332,0.0320944343776908,0.03291793662911302,0.03375495651779719,0.03460784875939793,0.03547885236005004,0.03637009274512166,0.03728354691319237,0.03822109650681313,0.03918454355520656,0.0401754960087388,0.04119519789266171,0.04224408877533592,0.04332090893679723,0.04442129491294879,0.04553553646233385,0.04664535317862908,0.047719932327374495,0.048711621608418486,0.04955226374218077,0.05015101249794176,0.05039076527693174,0.050109963749790556,0.04906107657375814,0.04707893272478751,0.04553246991289411
3.0799999999999454,-0.01129939378839193,0.015418583359726444,0.022080286436963373,0.02473672007311071,0.026114812109660872,0.02708372480244707,0.027922932620421316,0.028723590714743872,0.02951556340651373,0.030309016109438317,0.03110822473407651,0.031915929719452736,0.03273459461028217,0.03356666580595705,0.03441449861817393,0.035280331846469365,0.03616629016198553,0.037074349285540646,0.03800638884360208,0.038964207852027755,0.039949410091103234,0.04096323421126606,0.042006113636303646,0.043076783054891044,0.044170876578940234,0.04527868947556539,0.04638196256869328,0.04744993175399897,0.048435037786043654,0.04926928535905325,0.049862095053964606,0.050096789652763554,0.04981246246206413,0.04876243817701606,0.04678191169407732,0.04523760801816534
3.0849999999999453,-0.011437211936746471,0.015274768509664385,0.02193622056413855,0.02459115627343409,0.02596665615405125,0.026932240220812236,0.027767655608094036,0.028564223495821172,0.02935190092826206,0.030140902573590846,0.030935529360583233,0.03173853381056846,0.03255238487155439,0.03337953101467027,0.03422232805016684,0.03508301446471136,0.0359637140594103,0.03686640115422796,0.03779295323480384,0.038745166186036295,0.03972463951925595,0.04073260644526003,0.04176949422865657,0.042834032017758046,0.04392185162480808,0.045023254016440604,0.046120001469778384,0.04718137868823534,0.04815991946700099,0.04898779001557479,0.04957467639877885,0.04980432390613829,0.04951647222583269,0.04846529481946516,0.04648635119482778,0.04494417719155069
3.0899999999999452,-0.011573986760511272,0.015131937368070315,0.021793108958014992,0.02444654212526073,0.025819458278230026,0.026781728947600315,0.02761337069423147,0.0284058690880706,0.029189273073700703,0.029973846155342862,0.030763914056300343,0.03156224124486101,0.032371301972631425,0.033193546692227606,0.03403133161933044,0.03488689482648666,0.03576235913499847,0.03665969734779567,0.037580784692593794,0.03852741381390461,0.03950117986365459,0.04050331055615236,0.04153422698943187,0.04259265282658259,0.0436742177060051,0.04476922848115097,0.04585946909620725,0.04691427322415712,0.04788626766601493,0.048707779664668785,0.0492887594226763,0.049513371862647884,0.049221997834206464,0.048169652360755974,0.04619225821345271,0.04465218513166813
3.094999999999945,-0.011709723770540411,0.014990084967531287,0.021650946888124335,0.02430287292647158,0.02567321371527331,0.02663218611507024,0.027460072901187033,0.02824852240707091,0.029027674660403804,0.029807841586093172,0.03059337348011937,0.03138704662460833,0.03219134047753445,0.03300870738619412,0.03384150388241912,0.03469196752852343,0.03556222006185503,0.036454232658644746,0.03736987817887657,0.03831094592512925,0.03927902660742689,0.04027534239434067,0.04130030821597595,0.04235264231005083,0.04342797226738664,0.04451661101221502,0.04560036436024065,0.0466486151010723,0.04761408298652042,0.048429255789194194,0.04900434648634125,0.04922393676035627,0.04892904343720808,0.047875515965145894,0.04589963899515371,0.04436163877087635
3.099999999999945,-0.011844428453000145,0.014849206359774198,0.021509729640928902,0.024160143991606403,0.025527917715419884,0.02648360687292708,0.027307757268776843,0.028092178385473225,0.02886710052210247,0.02964288361170288,0.03042390230316419,0.031212944561210407,0.03201249495565807,0.032825007644587754,0.033652839390786164,0.03449822715465245,0.035363291490980456,0.03625000184594965,0.037160228609058606,0.03809575764656328,0.03905817515169768,0.04004869770501318,0.041067734073582475,0.042113997132999424,0.043183112553746704,0.04426539951071945,0.04534268588678532,0.04638440372053604,0.04734336564057311,0.048152219425022055,0.048721439447649006,0.048936021279428914,0.048637612574303636,0.04758289013643953,0.045608499080934714,0.04407254431305424
3.104999999999945,-0.011978106269212481,0.014709296615807319,0.02136945251986236,0.02401835065204879,0.025383565546075095,0.026335986388525252,0.02715641885454715,0.027936831973225648,0.028707545508981473,0.029478966992978438,0.03025549520934145,0.031039929676183565,0.0318347599827712,0.032642442017232376,0.033465332691730354,0.03430566827748923,0.03516556805348736,0.036046999638438895,0.03695183085504476,0.037881844046089325,0.03883862082014479,0.03982337213420167,0.04083650060238014,0.04187671380518714,0.04293963561997335,0.04401559164855941,0.04508643202769967,0.04612163816330966,0.047074115468466356,0.047876671183199736,0.048440039686055106,0.04864962756956394,0.04834770820449119,0.04729177875078276,0.04531884334273084,0.04378490727000747
3.109999999999945,-0.012110762655664898,0.01457035082606566,0.02123011084564338,0.023877488256161365,0.025240152492147453,0.026189319847143188,0.027006052733990444,0.027782478138021174,0.02854900448798773,0.02931608650627106,0.030088146896157377,0.030867996601808213,0.03165813014198488,0.03246100505685728,0.03327897832988207,0.03411428546027426,0.034969044362822006,0.035845220736993595,0.03674467974875943,0.03766920013686221,0.03862035886400964,0.03959936123435255,0.04060660372433116,0.0416407886892432,0.04269753834082937,0.04376718487997327,0.04483160087536476,0.04586031720503587,0.04680633195679853,0.04760261127100977,0.04816014812696606,0.04836475727694939,0.048059332735978295,0.04700218508873223,0.04503067601698327,0.043498732495987735
3.1149999999999447,-0.01224240302373328,0.014432364100726909,0.021091699956630423,0.02373755216972299,0.025097673856289807,0.02604360245216182,0.026856654000974763,0.02762911186546186,0.028391472343413816,0.02915423694382857,0.029921852075122178,0.030697139981961878,0.031482600024670265,0.03228069132023542,0.033093770848738255,0.033924073258617474,0.03477371501675525,0.035644659817112324,0.03653877008492714,0.03745782088063905,0.03840338446626913,0.03937666046958624,0.040378039249424874,0.04140621800847447,0.0424568174201332,0.04352017645251216,0.04457819027574734,0.045600439331599636,0.04654001425634583,0.047330039512150285,0.04788176526419954,0.04808141156938057,0.0477724880537324,0.04671411186476798,0.04474400073647769,0.043214024220518885
3.1199999999999446,-0.012373032759727056,0.01429533156972102,0.020954215208637703,0.023598537775908753,0.024956124959085127,0.025898829425336025,0.026708217767867307,0.0274767281596245,0.028234943977142615,0.028993413114430603,0.0297566054725598,0.030527354472825792,0.031308164231370186,0.03210149536936333,0.03290970479201628,0.03373502622203239,0.03457957459939448,0.035445311531408896,0.03633409662421491,0.037247701191609986,0.03818769274608556,0.03915526522108933,0.040150802882105464,0.04117299785435116,0.04221746939964656,0.0432745634175265,0.0443261978406076,0.045342002753468,0.0462751611986971,0.047058955365877286,0.047604891181731314,0.04779959116059242,0.04748717554607218,0.046427561256412064,0.044458820560836824,0.04293078607988874
3.1249999999999445,-0.012502657224840966,0.014159248382917617,0.020817651975555802,0.02346044047560669,0.024815501139141816,0.02575499600700188,0.02656073916574278,0.02732532204295978,0.028079414309072764,0.028833609843664898,0.02959240182989356,0.030358634743454224,0.03113481737252504,0.03192341177230199,0.032726774704774954,0.033547138895585187,0.034386617683139636,0.035247170511848225,0.0361306540958182,0.03703883593962961,0.037973278762916875,0.03893517079188302,0.039924890227121236,0.04094112419352874,0.041979490667635594,0.043030342640297814,0.04407562095964395,0.04508500541973735,0.04601177131244407,0.046789357945477054,0.04732952557458977,0.047519296333273335,0.04720339613006371,0.04614253493131981,0.044175138005596,0.04264902114693884
3.1299999999999444,-0.012631281754991857,0.014024109710224344,0.020682005648992353,0.02332325568741641,0.024675797753349216,0.025612097456202364,0.026414213344666683,0.027174888556928622,0.0279248782773051,0.02867482197436671,0.02942923590429158,0.030190975476541516,0.030962554069423276,0.03174643510434559,0.03254497513463938,0.03336040582127977,0.03419483883040388,0.03505023137203273,0.035928437200347774,0.036831219953496024,0.03776013752028672,0.03871637241167245,0.03970029679525029,0.04071059287475075,0.041742877466871116,0.04278751080964997,0.04382645681161422,0.04482944503136293,0.04574984283840435,0.046521246035781665,0.047055667768453095,0.047240526960984505,0.04692115027541935,0.0458590340733043,0.04389295506953108,0.042368731959310325
3.1349999999999443,-0.012758911660759474,0.013889910741812075,0.020547271638943494,0.023186978848009895,0.024537010177113523,0.02547012905091062,0.026268635474011842,0.02702542276208247,0.027771330838705362,0.028517044367146683,0.0292671024691821,0.030024371368994607,0.030791368954820996,0.03157055994883552,0.03236430063312326,0.03317482153951858,0.03400423259538063,0.03485448870918735,0.03572744061224603,0.03662484802409881,0.03754826396974785,0.03849886524127794,0.03947701800880852,0.04048139963546091,0.041507625902715485,0.04254606444740272,0.04357870237548769,0.044575319053776784,0.0454893737444022,0.04625461810993299,0.046783316738670075,0.04696328252928368,0.04664043802766017,0.04557705940724208,0.043612273261267036,0.04208992054689486
3.139999999999944,-0.012885552227487041,0.013756646688050947,0.020413445373530344,0.023051605412121475,0.024399133804289787,0.02532908608822527,0.026124000742403453,0.02687691973828585,0.027618766968898915,0.02836027190050842,0.029105996314592986,0.02985881713241023,0.030621256673721536,0.03139578089813259,0.03218474575640984,0.032990380590415334,0.033814793525654314,0.034659937106189496,0.035527658982266085,0.03641971490726182,0.03733765301431166,0.038282644377065925,0.039255049206675954,0.040253540107855514,0.04127373195019077,0.042305999916826396,0.043332354440573824,0.044322624729150176,0.04523036173930009,0.04598947234530107,0.04651247112815039,0.046687562155629525,0.04636125902985145,0.045296611222561164,0.04333309362401281,0.04181258845725516
3.144999999999944,-0.013011208715144194,0.013624312779774907,0.02028052229929894,0.02291713085271375,0.02426216404753054,0.025188963884415716,0.025980304358045023,0.02672937458488577,0.027467181662681493,0.028204499471338133,0.028945912247660632,0.02969430749365202,0.03045221188396475,0.03122209255426424,0.03200630506677124,0.032807077515115614,0.033626516163777403,0.03446657113368018,0.03532908693984998,0.03621581532687579,0.037128299512015205,0.03806770485509517,0.03903438564965569,0.04002700982512504,0.04104119146151527,0.04206731343152726,0.04308740961676275,0.044071359088001645,0.044972804286259764,0.0457258066388837,0.046243129264733014,0.046413364608583904,0.04608361254369553,0.045017689395856084,0.043055416759744364,0.04153673678045121
3.149999999999944,-0.013135886358320935,0.013492904268209992,0.020148497881327082,0.02278355066115023,0.024126096338284726,0.025049757775183958,0.025837541548876013,0.026582782421085582,0.027316569934392982,0.028049721995290038,0.02878684509302397,0.029530837195514425,0.03028422925703847,0.031049489530080954,0.031828973133244357,0.03262490685701297,0.03343939504888957,0.03427438535162941,0.03513171909534463,0.03601314397725352,0.036920198279125176,0.03785404165497904,0.03881502252479378,0.03980180422689325,0.040810000172575786,0.04183000106321648,0.04284386434373531,0.04382151896014022,0.04471669861567568,0.045463618621840195,0.04597528917747634,0.04614068832583422,0.0458074974692496,0.04474029341227443,0.0427792428516155,0.041262366172337014
3.154999999999944,-0.013259590366133913,0.013362416425265738,0.020017367603307173,0.022650860347183374,0.023990926126962513,0.02491146311569595,0.02569570756267974,0.02643713838592648,0.027166926817862987,0.027895934406896132,0.028628789693217534,0.029368400996997304,0.030117303478486512,0.03087796644959976,0.03165274453277965,0.03244386316291265,0.03325342471795154,0.0340833743112423,0.0349355500421447,0.035811695525998534,0.03671334409330782,0.03764164970392182,0.038596954950445406,0.039577918665019376,0.040580153709785495,0.04159405874960116,0.042601714900340634,0.043573100985443265,0.04446204173735369,0.04520290567334938,0.045708948612271955,0.045869531431705295,0.04553291236387128,0.04446442238599934,0.042504571685948164,0.04098947687688571
3.1599999999999437,-0.013382325922408938,0.013232844543342573,0.019887126967555617,0.022519055439221267,0.023856648883037082,0.024774075280757382,0.02555479766728215,0.026292437638592212,0.027018247366867917,0.027743131659973785,0.02847174090898753,0.029206993673889188,0.02995142924872246,0.030707517949112202,0.03147761385096405,0.032263940984113934,0.03306859970733459,0.03389353255671347,0.034740574358725546,0.035611464616301144,0.036507731696679785,0.03743052388003593,0.03838017798022436,0.03935534840863029,0.04035164759606617,0.0413594823017983,0.04236095741313149,0.04332610162386631,0.04420883045217987,0.04494366493411571,0.045444105046991076,0.045599891753709765,0.04525985546054409,0.04419007507966503,0.04223140267249754,0.04071806874742702
3.1649999999999436,-0.013504098185492173,0.01310418393558373,0.01975777149531529,0.02238813148430017,0.02372326009516987,0.024637589664891102,0.02541480715060634,0.02614867535856958,0.026870526655291316,0.02759130872795697,0.02831569361967015,0.02904661001914172,0.029786601283247,0.030538138677547837,0.031303575683085234,0.032085134877489443,0.032884914553894605,0.033704854626591,0.034546786610637106,0.03541244586959574,0.03630335579876638,0.03722065901624648,0.03816468660749616,0.03913408864915198,0.04012447725704665,0.04112626741141157,0.04212158786476741,0.043080517165247696,0.04395706136329704,0.0446858933187466,0.04518075570545753,0.04533176683820531,0.04498832468479503,0.04391724992297344,0.041959734864374085,0.04044814126682131
3.1699999999999435,-0.013624912288407717,0.01297642993585197,0.01962929672654179,0.022258084048174247,0.023590755271139508,0.02450200168240079,0.025275731320763502,0.02600584674566518,0.026723759777142007,0.027440460603818984,0.02816064272345757,0.028887244843242885,0.029622814313519208,0.03036982329736577,0.031130624634762995,0.03190743940656825,0.03270236379643087,0.03351733505553582,0.034354181352351125,0.03521463388750198,0.03610021107900792,0.0370120499032256,0.03795047576932142,0.03891413450535673,0.039898638026752004,0.04089440965728384,0.041883602101972624,0.042836343738468084,0.0437067308867423,0.04442958752831393,0.044918897571455146,0.04506515396568935,0.044718317671426804,0.043645945030389724,0.04168956697686895,0.0401796935670378
3.1749999999999434,-0.013744773338738896,0.012849577898784464,0.019501698220264645,0.022128908715439793,0.02345912993818044,0.02436730676753656,0.025137565506300592,0.025863947020298164,0.02657794184705063,0.027290582300811973,0.028006583137770144,0.028728892974787305,0.0294600630872141,0.030202566485018276,0.030958755322848065,0.03173084914239638,0.03252094197679001,0.03333096837564012,0.03416275312900778,0.03501802325421564,0.03589829218971241,0.03680469129281838,0.03773754035017861,0.03869548102762396,0.039674125152922554,0.040663904512012225,0.04164699584308683,0.04259357732039767,0.04345783526170554,0.04417474406137361,0.044658527401180405,0.04480005016480138,0.044449831779835046,0.04337615821784262,0.041420897404809566,0.039912724446950834
3.1799999999999433,-0.013863686418701032,0.012723623199860357,0.01937497155439685,0.022000601089560916,0.023328379642828922,0.02423350037455862,0.025000305056204923,0.02572297142349431,0.026433068000039434,0.027141668852187828,0.027853509799526263,0.028571549260605365,0.029298342368779456,0.03003636293164804,0.03078796237603531,0.03155535866443143,0.0323406436408665,0.03314574911792709,0.03397249647819296,0.034822608538589726,0.035697593758423546,0.03659857790113924,0.03752587518589628,0.03847812320263925,0.03945093380252349,0.04043474734811288,0.041411764685418524,0.04235221374422483,0.04321037056013117,0.04392135922556784,0.04439964173610747,0.044536452226421754,0.04418286410936606,0.043107887019070396,0.04115372424014366,0.03964723239047287
3.184999999999943,-0.0139816565852968,0.012598561235362404,0.01924911232599652,0.021873156792950533,0.023198499951049802,0.02410057797769012,0.024863945339909307,0.025582915217090912,0.026289133392078612,0.026993715311668012,0.02770141766528088,0.028415208566186255,0.02913764693979763,0.02987120734356415,0.030618240435711645,0.03138096256157829,0.03216146333998316,0.032961671813636156,0.03378340593163095,0.03462838429602763,0.035498110390312004,0.0363937044112175,0.0373154750668373,0.03826205595744048,0.039229059066602665,0.04020693344406725,0.041177904112235666,0.042112248707781456,0.04296433269617243,0.04366942914785649,0.04414223691460457,0.04427435671644076,0.043917411513088436,0.042841128700533644,0.04088804528769746,0.039383215582754115
3.189999999999943,-0.014098688870076325,0.01247438742250715,0.019124116151148587,0.021746571467024547,0.023069486448418282,0.023968535071348045,0.02472848174749208,0.025443773683802944,0.026146133199834446,0.026846716753600976,0.02755030171163959,0.02825986577611435,0.02897797159955298,0.029707094442788812,0.03044958415653121,0.031207655432840493,0.031983395631597494,0.03277873099536072,0.03359547601643982,0.03443534507041494,0.03529983667055818,0.03619006547616231,0.03710633474160277,0.038047274163492684,0.03900849596503854,0.03998045798983478,0.04094540949929233,0.04187367778097137,0.04271971743492937,0.043418949784655346,0.043886309083196136,0.04401375998829787,0.04365347061176707,0.04257588027637419,0.04062385808085505,0.039120671926333964
3.194999999999943,-0.014214788279481975,0.012351097199282127,0.018999978665078278,0.021620840772217643,0.02294133473991898,0.023837367170033735,0.02459390968973843,0.02530554212724974,0.026004062621055368,0.026700668273004824,0.02740015693539021,0.028105515794156582,0.028819311165201117,0.029544018967600585,0.03028198820701196,0.031035431888232354,0.031806435080564355,0.032596921198618824,0.033408701257058124,0.03424348539599372,0.03510276716652916,0.03598765572152474,0.03689844892003049,0.037833772640633125,0.038789239451331385,0.039755316092402064,0.0407142761212869,0.04163649641338666,0.04247652040101118,0.04316991693148373,0.04363185420738169,0.04375465819492794,0.04339103780639021,0.04231213852199607,0.040361159896160244,0.03885959905615827
3.199999999999943,-0.014329959794620342,0.012228686024668423,0.018876695522222268,0.021495960388042454,0.02281404045020172,0.02370706980850029,0.02446022459806803,0.025168215872090068,0.025862916874592176,0.026555564985885714,0.027250978353705036,0.027952153543682405,0.02866166047230974,0.029381975672877286,0.030115447270191574,0.030864286549397615,0.031630576259793056,0.032416236962487556,0.03322307617625472,0.03405279979899289,0.034906896429881665,0.03578646974807074,0.03669181227633303,0.0376215461605482,0.03857128441678749,0.03953150278100373,0.040484499157958,0.0414006999412851,0.04223473708659123,0.04292232623212591,0.043378868081844685,0.0434970472999439,0.043130109290888105,0.042049899987514266,0.04009994776729477,0.038599994354062334
3.204999999999943,-0.014444208371523017,0.012107149378498343,0.018754262396128832,0.02137192601304784,0.022687599223451118,0.0235776385417529,0.024327421924698785,0.0250317902641864,0.02572269120050933,0.02641140202925811,0.02710276100434865,0.027799773967956003,0.028505014375117647,0.029220959330726142,0.029949956044165067,0.030694214050483837,0.03145581375137769,0.03223667283119812,0.03303859529677543,0.03386328279948033,0.034712218998695296,0.035586502134082085,0.0364864194520751,0.03741058945060128,0.0383546256949056,0.03930901301190872,0.04025607369982146,0.04116628359425763,0.041994362859154484,0.04267617318733345,0.043127346340275666,0.04324092308855378,0.04287068106349812,0.04178916101020204,0.03984021849853297,0.03834185496240356
3.2099999999999427,-0.014557538941075148,0.011986482761545778,0.018632674979657593,0.021248733365018285,0.022562006723603763,0.023449068945063246,0.02419549714274645,0.02489626067045617,0.025583380860147314,0.026268174561290155,0.026955499945938537,0.0276483720302052,0.02834936774689422,0.029060964730750566,0.029785509242659665,0.03052520903865332,0.03128214214727293,0.03205822335484658,0.032855253142460364,0.03367492891258215,0.03451872939910451,0.03538774743774632,0.036282265059007765,0.03720089719695548,0.03813925806522187,0.03908784167333277,0.040028994753801506,0.04093324250182151,0.041755392968883136,0.042431453163324806,0.04287728446476232,0.042986281177715024,0.04261274893823948,0.041529917726649754,0.03958196867736027,0.0380851777973055
3.2149999999999426,-0.014669956409220225,0.0118666816953364,0.01851192898476897,0.02112637818083236,0.022437258634139357,0.023321356613926293,0.02406444574607586,0.024761622479138264,0.02544498113627294,0.026125877761562735,0.026809190257969098,0.02749794271409766,0.028194715480242157,0.02890198668050517,0.029622101595483764,0.03035726617487375,0.031109556050246002,0.0318808830906312,0.032673044239580895,0.03348773265049461,0.03432642214754663,0.03519020019941679,0.036079343681607506,0.03699246404787236,0.03792517625733085,0.03886798358998171,0.03980325724850965,0.04070157169950464,0.041517822555739534,0.04218816139962117,0.04262867779460898,0.04273311702622099,0.0423563085554768,0.04127216608414151,0.03932519468662915,0.03782995956099991
3.2199999999999425,-0.014781465656804027,0.01174774172247057,0.01839202014277562,0.02100485621652186,0.02231335065826965,0.023194497164242964,0.023934263249443765,0.024627871099654492,0.02530748733308705,0.02598450683094123,0.026663827041071522,0.02734848102363302,0.028041052487271474,0.028744020005803197,0.02945972784901841,0.030190380134412404,0.030938050074473623,0.03170464660359416,0.032491963117883195,0.03330168852339959,0.03413529175209815,0.034993854943697666,0.03587764987983001,0.03678528461685674,0.03771237495429159,0.03864943352723561,0.03957885603931489,0.04047126613465907,0.041281646656151146,0.04194629301681496,0.042381521534905625,0.042481425943683246,0.04210135539197256,0.041015901851453596,0.03906989271604025,0.03757619675376213
3.2249999999999424,-0.014892071539765794,0.01162965840623131,0.018272944204159893,0.020884163247222448,0.02219027851886901,0.023068486232205185,0.023804945188496022,0.024495001962765876,0.025170894776268486,0.0258440569918294,0.026519405417092412,0.02719998198370975,0.027888373700103396,0.028587059551203567,0.02929838276667332,0.030024545607422615,0.030767618846365502,0.03152950846760934,0.03231200431193006,0.03311679104126902,0.03394533271456019,0.034798706181548754,0.03567717819160847,0.03657935348558473,0.0375008487964875,0.03843218619539452,0.03935578591314183,0.04024232067215417,0.04104686020939124,0.04170584302357989,0.04213581076457221,0.042231203099670725,0.041847884770757834,0.040761120629544366,0.03881605877325377,0.03732388568520943
3.2299999999999423,-0.015001778889301539,0.011512427330863877,0.018154696938681287,0.020764295067359217,0.02206803795849057,0.022943319474296727,0.023676487119857228,0.024363010520570577,0.02503519881309606,0.02570452348823609,0.026375920529307758,0.027052440640021182,0.027736674070861705,0.028431100180185218,0.029138061129366302,0.02985975729959334,0.0305982570052988,0.031355463266310654,0.0321331623618485,0.03293303471494431,0.033756539531785416,0.0346047484121644,0.03547792313492514,0.03637466520669106,0.037290592384762816,0.03821623625375446,0.03913404159328195,0.040014730099761364,0.04081345806396332,0.04146680632400039,0.04189154044415391,0.04198244353229698,0.0415958918702176,0.04050781786103627,0.038563688694224774,0.037073022485144234
3.234999999999942,-0.015110592511789634,0.01139604410129334,0.018037274135239895,0.02064524749040497,0.021946624739314545,0.022818992567338964,0.023548884620941606,0.02423189224651255,0.0249003948124593,0.025565901585787917,0.026233367542370257,0.026905852059299934,0.02758594857204127,0.028276136775616065,0.028978757735832823,0.029696009932515505,0.030429959204052073,0.031182505593803214,0.03195543181468571,0.032750414057374264,0.03356890669722805,0.03441197612482548,0.03527987921033683,0.03617121430642931,0.037081600283534195,0.03800157831404912,0.03891361774360058,0.039788489133185306,0.04058143498306896,0.04122917772377501,0.04164870542322186,0.041735142156091413,0.04134537173302771,0.04025598884011276,0.03831277815336207,0.036823603113829484
3.239999999999942,-0.0152185171889472,0.011280504343384606,0.01792067160207909,0.020527016349066764,0.021826034643298825,0.02269550120853981,0.023422133290197305,0.024101642635409995,0.024766478164857445,0.02542818657188974,0.026091741642629313,0.02676021132950268,0.027436192196683737,0.028122164239776735,0.028820467403063658,0.02953329824430382,0.03026272010981511,0.03101063005554918,0.03177880722513084,0.032568923584996905,0.03338242870254893,0.03422038380081142,0.035083040903008046,0.0359689952873747,0.036873867024201167,0.03778820694455543,0.038694508972913724,0.039563592421028554,0.04035078565055162,0.04099295193677136,0.041407300447179995,0.04148929376986716,0.04109631927429032,0.0400056287210423,0.03806332267280075,0.03657562337160227
3.244999999999942,-0.015325557677919956,0.011165803703571748,0.017804885166585533,0.02040959749512113,0.02170626347192131,0.022572841115291294,0.023296228746897883,0.02397225720347894,0.024633444282529383,0.025291373755717245,0.025951038038071472,0.02661551355999048,0.027287399958610785,0.027969177494987764,0.028663184966644092,0.029371616989903978,0.03009653440428417,0.030839831268927212,0.03160328315651091,0.03238855781865585,0.0331971000388995,0.03402996591490428,0.03488740268477737,0.03576800263075058,0.036667387107686245,0.03757611667305909,0.03847670983892469,0.03934003454949615,0.04012150467610745,0.04075812359110282,0.04116732016434374,0.04124489306404332,0.0408487292897955,0.039756732527103926,0.03781531763171444,0.03632907890853307
3.249999999999942,-0.01543171871125904,0.011051937849149714,0.01768991067527738,0.02029298679952486,0.02158730704640095,0.02245100802540439,0.023171166631230103,0.023843731488214115,0.024501288599357258,0.02515545846821822,0.025811251958449903,0.026471753881522803,0.02713956689251218,0.027817171483490596,0.02850690528104282,0.029210960941735514,0.029931396784660936,0.030670103864158568,0.03142885418171675,0.0322093112848392,0.03301291519829514,0.03384071693710506,0.03469295901611595,0.035568230798875514,0.0364621550075047,0.037365301990513265,0.03826021485227855,0.03911781004675583,0.03989358660029113,0.040524687234635016,0.04092875913200282,0.041001934627695136,0.04060259646344987,0.039509295158539195,0.037568758274695295,0.03608396523296212
3.2549999999999417,-0.015537004997172428,0.010938902467940282,0.01757574399391916,0.02017718015229462,0.02146916120753055,0.022329997696852823,0.02304694260432017,0.023716061048640026,0.024370006570959557,0.025020436062328268,0.025672378655336094,0.026328927446480254,0.026992688054289445,0.02766614116807492,0.02835162322005271,0.02905132488986629,0.02976730196386131,0.030501442484805227,0.03125551488397224,0.03203117851662283,0.03282986867481855,0.0336526313342339,0.034499704347900534,0.03536967423732724,0.036258165172318474,0.03715575735396595,0.03804501847989693,0.03889691338719803,0.039667025899506006,0.040292637340666904,0.04069161182272191,0.040760412955250805,0.040357915374608005,0.039263311400387024,0.037323639720172365,0.03584027772023532
3.2599999999999416,-0.01564142121954984,0.010826693268447303,0.017462381007311078,0.020062173462547184,0.02135182181563194,0.022209805907908782,0.022923552348076748,0.02358924146506348,0.024239593674687157,0.024886301912740286,0.025534413402233086,0.02618702942896612,0.026846758520996033,0.027516081531810354,0.028197333676923737,0.02889270364260193,0.029604244671270555,0.030333841788503582,0.03108325985763608,0.031854154054695785,0.032647954965909554,0.03346570357128682,0.03430763312344222,0.03517232737711064,0.03605541202852615,0.03694747718978287,0.03783111514889528,0.03867733899565512,0.039441816990612714,0.04006196831312543,0.040455872629974826,0.040520322452766454,0.04011468050488696,0.03901877592987236,0.037079956968224075,0.03559801162068085
3.2649999999999415,-0.01574497203805143,0.010715305979747066,0.01734981761944783,0.019947962658457136,0.02123528475068546,0.022090428457053217,0.02280099156531641,0.02346326833908935,0.02411004540955933,0.024753051416229147,0.025397351494607923,0.026046055024833013,0.02670177339116553,0.027366987578845675,0.028044031564800787,0.028735092026736304,0.02944221965298959,0.030167296447444703,0.030912083708924874,0.031678232448271615,0.03246716857347905,0.03327992811294704,0.034116739779933125,0.034976184636791474,0.03585388998262568,0.03674045589627278,0.03761849924965011,0.038459081251105254,0.03921795423531364,0.03983267449145435,0.0402215358739098,0.04028165744411368,0.039872886244840484,0.03877568332345842,0.03683770490786287,0.035357162067226514
3.2699999999999414,-0.015847662088125894,0.010604736351449163,0.01723804975338221,0.019834543687220454,0.021119545912128335,0.021971861162953504,0.02267925597963678,0.02333813729379506,0.023981357296340215,0.02462067999136449,0.025261188249904948,0.02590599945185043,0.0265577277847921,0.027218854333928823,0.027891711816765676,0.02857848488787232,0.029281221672330472,0.030001801149061633,0.030741981056734525,0.03150340825598043,0.03228750400495851,0.033095299424808156,0.03392701875017745,0.034781240424245734,0.03565359342370566,0.03653468784667896,0.03740716513910923,0.038242134490442795,0.03899543194443774,0.039604750155510224,0.03998859580645158,0.04004441217673618,0.03963252690013547,0.038534028063436594,0.03659687832425268,0.03511772408278884
3.2749999999999413,-0.0159494959812798,0.010494980153580838,0.01712707335114112,0.019721912514963847,0.02100460121892236,0.02185409986440465,0.022558341335378842,0.0232138439733959,0.02385352487751979,0.0244891830787876,0.025125919007612192,0.02576685794971763,0.02641461684357703,0.027071676843209658,0.027740369386344384,0.028422877090889705,0.029121245510405205,0.02983735059652705,0.030572946533211947,0.03132967604674679,0.03210895577445177,0.03291181197477226,0.03373846446417279,0.03458748913879468,0.03545451672542335,0.036330167391596065,0.037197107143924095,0.03802649301205205,0.038774244381932194,0.03937818952995559,0.039757046616343904,0.03980858082705967,0.039393596697584674,0.03829380454465185,0.03635747190565933,0.034879692587327545
3.279999999999941,-0.016050478305062028,0.010386033176496185,0.01701688437373078,0.019610065126840066,0.02089044660946142,0.021737140420342572,0.022438243397704897,0.02309038404355941,0.023726543717269545,0.024358556141048284,0.02499153912932225,0.025628625780093166,0.02627243573095729,0.026925450173929732,0.027589999247477077,0.02826826351997338,0.02896228596625869,0.029673939509169918,0.03040497478438047,0.031157030400516587,0.03193151840362912,0.03272946023422712,0.03355107135056786,0.03439492517278499,0.03525665424845883,0.03612688886167803,0.03698831956322669,0.03781215107914524,0.038554385768665565,0.039152986788693396,0.039526882434071195,0.03957415750592489,0.03915608979081183,0.038055007080172065,0.03611948024955758,0.034643062404353185
3.284999999999941,-0.016150613623166922,0.010277891231089718,0.016907478801181403,0.019498997526825695,0.020777078041503187,0.02162097870965608,0.022318957952388696,0.02296775319107212,0.023600409401388352,0.02422879466264429,0.024858043998682827,0.02549129822677533,0.026131179632160398,0.02678016941481578,0.027440596394925108,0.028114639079276343,0.02880433785746839,0.02951156262313216,0.03023806047087326,0.03098546590909789,0.031755186422702336,0.03254823867908846,0.03336483383797841,0.03420354291323733,0.03506000034211057,0.0359248465697416,0.0367807966715198,0.037599102922905955,0.03833585028620834,0.03892913605896112,0.03929809733628702,0.03934113626342396,0.03892000026559166,0.03781762990732214,0.03588289786897379,0.034407828267292835
3.289999999999941,-0.016249906475629378,0.010170550148336056,0.016798852632368418,0.019388705737797884,0.020664491492207525,0.021505610631382552,0.02220048080588752,0.02284594712394798,0.023475117537375724,0.024099894150005532,0.024725429021427842,0.02535487059563477,0.02599084375444815,0.026635829676137483,0.027292155844262117,0.027961998692781286,0.02864739602033869,0.029350214691662616,0.030072198268385156,0.030814977176843953,0.03157995437135536,0.03236814179115208,0.03317974635643263,0.034013336743727376,0.03486454934662321,0.035724034813370276,0.03657453272128523,0.03738734274569329,0.03811863208020787,0.03870663142522703,0.03907068535027711,0.039109511093802236,0.03868532214513244,0.037581667193198165,0.035647719198276265,0.034173984825541785
3.294999999999941,-0.016348361378781193,0.010064005779542343,0.016691001884994554,0.019279185801452877,0.02055268295807042,0.02139103210446709,0.022082807785294704,0.022724961571417297,0.023350663754304772,0.023971850131597777,0.024593689625509146,0.025219338214729353,0.025851423327078304,0.02649242608986116,0.02714467263234228,0.02781033730482971,0.028491455310254113,0.029189890485581703,0.02990738286829163,0.030645558821397734,0.031405816799574014,0.032189164058910466,0.03299580333871285,0.033824301045686116,0.03467029559483535,0.03552444787689122,0.036369521945573705,0.03717686472388688,0.03790272526383537,0.038485466932942164,0.03884464045805375,0.0388792759398831,0.03845204939484138,0.03734711303984957,0.035413938598838984,0.03394152665028515
3.2999999999999408,-0.016445982825579773,0.00995825399605157,0.016583922595589627,0.01917043377817634,0.020441648454733334,0.021277239067689514,0.021965934738186234,0.02260479228374415,0.023227043702829464,0.02384465815765756,0.024462821260892442,0.025084696434220316,0.025712913601236974,0.02634995380965468,0.02699814181705539,0.027659649880256872,0.028336510602139806,0.029030584793810165,0.029743608978088348,0.03047720547416661,0.031232768268417165,0.032011299978640606,0.032812999221407645,0.03363643019996501,0.034477233413901014,0.03532608003337731,0.03616575856034038,0.03696766301067572,0.03768812392082642,0.03826563659208533,0.03861995660026832,0.03865042469738213,0.03822017592707241,0.037113961489298596,0.03518155036413862,0.033710448239792544
3.3049999999999407,-0.016542775285479875,0.009853290689381832,0.01647761081945414,0.01906244574718041,0.020331384017146934,0.02116422747979753,0.021849857532697022,0.022485435032357688,0.023104253055144717,0.023718313800426716,0.024332819399717487,0.024950940626527425,0.02557530985040979,0.026208408011084008,0.026852558477869277,0.027509931404516616,0.02818255679045449,0.028872292423449686,0.02958087132198764,0.030309911781217683,0.031060803350826546,0.03183454405536124,0.03263132844610807,0.03344971858815194,0.034285357126992606,0.03512892554687601,0.0359632367668528,0.036759731738708425,0.037474822108600585,0.03804713438070049,0.038396627680109596,0.03842295121919797,0.037989695605605354,0.03688220652832644,0.0349505487250364,0.03348074402482189
3.3099999999999405,-0.01663874320470611,0.009749111771014314,0.01637206263055456,0.018955217806227154,0.02022188569934875,0.02105199331924886,0.02173457205736028,0.022366885609604162,0.022982287504952736,0.023592812653938228,0.024203679536184974,0.02481806618628342,0.02543860737022301,0.026067783891776414,0.026707917715776665,0.027361176884088692,0.028029588789740573,0.02871500820048803,0.029419164641283423,0.03014367240362155,0.030889916632456407,0.031658890803779274,0.03245078546065802,0.033264160594114064,0.03409466105508209,0.0349329786741158,0.035761950753835724,0.036553065022743296,0.03726281386119077,0.03782995424792366,0.038174647566770456,0.03819684931910083,0.037760602249767586,0.0366518420929943,0.0347209278544203,0.033252408373365995
3.3149999999999404,-0.01673389100629912,0.009645713172322363,0.016267274121427856,0.018848746071732633,0.020113149574474555,0.0209405325842884,0.02162007422110741,0.022249139828839196,0.02286114276737267,0.023468150334040056,0.024075397186610777,0.02468606853031721,0.02530280147842301,0.02592807667125511,0.026564214653354703,0.02721338134638053,0.02787760153475272,0.028558726969995056,0.029258483694836863,0.029978482018138825,0.030720102712151465,0.03148433474905206,0.03227136472004108,0.03307975060503754,0.03390513951814238,0.0347382336662275,0.03556189469952643,0.03634765696190721,0.0370520931918438,0.03761409011724076,0.03795401009882331,0.03797211277553047,0.03753288963850755,0.036422862072912454,0.03449268187180605,0.03302543559561158
3.3199999999999403,-0.016828223090271665,0.00954309084457119,0.01616324140325055,0.018743026678601254,0.020005171734669022,0.020829841292725887,0.021506359953168974,0.02213219352434506,0.02274081457892892,0.02334432247842374,0.02394796788938381,0.024554943097724873,0.025167887515109226,0.025789281591263764,0.02642144443504929,0.02706653984020248,0.027726589980691795,0.028403443596264337,0.029098823259462777,0.02981433531766297,0.03055135620278031,0.031310870427684254,0.03209306068747201,0.03289648301270857,0.03371678683682315,0.03454468477069345,0.03536306277374361,0.036143501642047535,0.03684265409577071,0.03739953588931518,0.03773470908762669,0.03774873533532408,0.03730655151430024,0.036195260315470434,0.034265804847833876,0.032799819948352474
3.3249999999999402,-0.016921743833687098,0.009441240758786228,0.016059960605698843,0.018638055780247572,0.019897948291045124,0.020719915482113917,0.02139342520305551,0.02201604255117782,0.0226212986974944,0.023221324746522498,0.023821387204951368,0.024424685349781802,0.02503386084259824,0.02565139391560288,0.026279602227144802,0.026920647435613943,0.027576549103364816,0.028249152963360287,0.028940178130287958,0.029651227011789082,0.030383671731806935,0.031138492388243316,0.03191586783526694,0.03271435221481755,0.0335295973338008,0.034352326232803536,0.03516544913977425,0.03594059313794557,0.036634490552562286,0.03718628544482641,0.03751673832034614,0.03752671071678024,0.03708158158670274,0.03596903062953723,0.034040290808112904,0.03257555563898389
3.32999999999994,-0.017014457590826336,0.00934015890566694,0.015957427876859047,0.018533829548516366,0.019791475373575774,0.020610751209390994,0.02128126594038312,0.021900682785196593,0.022502590902216252,0.023099152819402096,0.023695650715696046,0.024295290769965526,0.02490071684547348,0.025514408930402417,0.026138683217930937,0.026775699224284428,0.02742747389953269,0.02809584997526559,0.02878254312128195,0.029489151827242637,0.03021704394183377,0.030967195192175202,0.03173978064588874,0.03253335261571796,0.03334356533490752,0.03416115229720534,0.034969047956162,0.03573892551554696,0.03642759652868452,0.036974332647168234,0.037300091562758896,0.03730603261312426,0.036857973535783115,0.035744166789400705,0.03381613373755087,0.03235263683015804
3.33499999999994,-0.01710636869324214,0.00923984129555186,0.015855639383197048,0.01843034417353419,0.019685749131105747,0.02050234455106635,0.021169878154940924,0.021786110122935173,0.022384686993423192,0.022977802399787965,0.02357075402603967,0.02416675486401509,0.02476845093063932,0.025378321943937056,0.025998682617732596,0.026631690319595572,0.02727935938701281,0.02794352955621871,0.028625913065291678,0.02932810450833697,0.030051467491288394,0.030796973414373423,0.03156479361259751,0.03235347862786653,0.033158685170647156,0.03397115720942271,0.03477385337843678,0.03553849283358289,0.03622196597951323,0.03676367134495044,0.037084762562376056,0.03708669469542896,0.036635721015602224,0.0355206625380834,0.03359332758379037,0.03213105764324888
3.33999999999994,-0.017197481449870006,0.00914028395828733,0.015754591309519936,0.018327595863819584,0.01958076573120379,0.02039469160298569,0.021059257856581547,0.021672320481619323,0.02226758279266334,0.02285726921206328,0.023446692762300707,0.024039073159744354,0.024637058527318435,0.02524312828681012,0.025859595658987062,0.02648861585659206,0.027132200604788194,0.027792186650742925,0.02847028281456111,0.029168079817301934,0.029886937054779825,0.030627821643972885,0.031390901240472904,0.03217472467249779,0.032974951177215925,0.03378233521736107,0.034579859560776575,0.03533928914587699,0.03601759285175045,0.03655429537436878,0.03687074505072781,0.03686869061560999,0.036414817657115905,0.035298511590948586,0.03337186626092805,0.031910812162012824
3.34499999999994,-0.017287800147286255,0.009041482943179444,0.015654279858832366,0.018225580845995425,0.01947652136014841,0.020287788480333035,0.020949401075008076,0.021559309798978403,0.022151274142541075,0.022737549002061902,0.023323462572735557,0.02391224120718595,0.024506535086955463,0.02510882331198967,0.02572141759629986,0.02634647099225512,0.026985992613269387,0.027641816224158143,0.028315647241147393,0.02900907253483922,0.029723447323764453,0.030459734484954627,0.031218098047070972,0.03199708518077041,0.03279235769770246,0.03359468057243227,0.03438706065759272,0.03514130850281615,0.03581447108531649,0.03634619856158577,0.036658032746158156,0.03665201400906114,0.036195257071342746,0.03507770763866487,0.0331517436529318,0.03169189443644567
3.3499999999999397,-0.017377329049621158,0.008943434318929312,0.015554701252362661,0.01812429536486569,0.0193730122227714,0.020181631317467308,0.020840303859898025,0.02144707403324429,0.02203575690666885,0.02261863753713939,0.023201059127353672,0.023786254578445597,0.02437687608333331,0.02497540239467045,0.02558414370658596,0.02620525090564213,0.026840730494411366,0.027492413262666656,0.028162001236920912,0.028851077460372646,0.029560993006887824,0.03029270655664456,0.031046378563175735,0.031820554594526484,0.032610899083100914,0.0334081875310355,0.03419545082485711,0.03494454495332294,0.03561259461529044,0.036139374724840946,0.03644661935617178,0.036436658497439586,0.035977032852063856,0.03485824435037932,0.03293295361677914,0.03147429848576894
3.3549999999999396,-0.017466072398874027,0.008846134173436828,0.015455851729341505,0.018023735683325652,0.019270234542494533,0.020076216268030817,0.020731962280716453,0.021335609163073324,0.021921026969598488,0.02250053060601774,0.023079478117989875,0.023661108867709064,0.024248077012470937,0.024842860932465117,0.02544776928896505,0.02606495079770199,0.02669640935182133,0.027343972773406243,0.02800933971397066,0.028694089412376896,0.029399568830479735,0.030126732494331003,0.030875737333481312,0.031645127367172704,0.03243056969331427,0.03322285035559107,0.034005024221873036,0.034748992546329016,0.035411957373826554,0.03593381767652379,0.03623649857970655,0.03622261769105207,0.03576013857863752,0.03464011537654414,0.03271548998558674,0.031258018301808965
3.3599999999999395,-0.01755403441488,0.008749578613857698,0.015357727547141108,0.01792389808226371,0.01916818456117515,0.01997153950458189,0.02062437242661031,0.021224911187376315,0.021807080236764323,0.022383224018789716,0.022958715258282823,0.02353679969122312,0.02412013339262329,0.024711194345277507,0.025312289664853358,0.02592556589162227,0.02655302431086611,0.027196489784851327,0.027857657604908565,0.028538103228784466,0.029239169539012122,0.02996180694985993,0.03070616891731699,0.03147079796457967,0.03225136389829539,0.033038663315852826,0.033815775012207616,0.034554645332385,0.03521255329193583,0.035729521225272766,0.036027664109243386,0.03600988519121699,0.03554456781845568,0.03442331435172024,0.032499346571587685,0.03104304785209351
3.3649999999999394,-0.017641219295556163,0.008653763766434723,0.015260324981011065,0.017824778860523166,0.01906685853905188,0.0198675972188387,0.020517530406455365,0.021114976125487968,0.02169391263442867,0.022266713606832807,0.022838766283407225,0.023413322687166085,0.023993040764287432,0.024580398075368215,0.02517770017808855,0.025787091432782034,0.02641057051883985,0.027049959346734306,0.027706949862896648,0.028383113767254848,0.0290797898954378,0.02979792459203914,0.030537667889180924,0.031297560865673535,0.032073276078683856,0.03285562068983727,0.03362769736522249,0.03436149736511489,0.035014376301087474,0.035526479177710554,0.03582010963309842,0.03579845459267547,0.03533031412945875,0.03420783489716258,0.032284517168799674,0.03082938108246268
3.3699999999999393,-0.017727631216896703,0.008558685776441127,0.015163640324082493,0.01772637433471585,0.01896625275467817,0.01976438562137642,0.020411432348641855,0.021005800016689974,0.021581520109494486,0.022150995222644087,0.02271962695023394,0.023290673515698825,0.02386679469012972,0.024450467587336253,0.025043996194821398,0.025649522688767006,0.026269043144947005,0.02690437653053678,0.027557211462151777,0.028229115905435302,0.028921424681578545,0.029635080107118038,0.030370228839404434,0.03112541056337503,0.03189630062705008,0.03267371676503171,0.03344078545721986,0.03416954270259434,0.034817420334829305,0.03532468534020071,0.03561382883708979,0.03558831948552552,0.03511737106238949,0.033993670623258206,0.03207099555571499,0.030617011920094698
3.374999999999939,-0.017813274333242986,0.008464340808009863,0.015067669887270737,0.017628680839343623,0.018866363504872002,0.019661900941588255,0.020306074400929103,0.02089737892047609,0.021469898629573977,0.022036064739920223,0.02260129303714357,0.02316884785889799,0.023741390754934692,0.024321398368033934,0.024911173103488397,0.025512854949476037,0.026128437380608254,0.02675973642923419,0.02740843739786221,0.028076104541262525,0.02876406869848407,0.029473268199321244,0.03020384637464383,0.030954341565015267,0.03172043194825756,0.03249294583923366,0.033255033472593995,0.03397877540880715,0.034621679330327476,0.035124133520717,0.03540881540663714,0.035379473457343505,0.034905732162976016,0.03378081513191798,0.031858775497910594,0.030405934275953245
3.379999999999939,-0.01789815277728718,0.008370725044214896,0.014972409999303632,0.01753169472653301,0.01876718710451651,0.01956013942763298,0.020201452730691006,0.020789708916314972,0.02135904418274948,0.02192191805337798,0.02248376034402199,0.023047841420589524,0.023616824565665454,0.024193185926721313,0.02477922631508369,0.02537708352717891,0.02598874843921742,0.026616034157652083,0.02726062268647888,0.02792407459314026,0.028607716766729192,0.029312483591205387,0.030038515118493016,0.030784348393265923,0.03154566446072351,0.032313302221608865,0.033070435604956504,0.03378918955468353,0.03442714722976821,0.034924817530298566,0.035205063028424174,0.03517191009516143,0.034695390974043026,0.03356926201886957,0.03164785075027228,0.03019614204726008
3.384999999999939,-0.017982270660208858,0.008277834686802245,0.014877857006436809,0.017435412366057397,0.018668719886584955,0.019459097346375392,0.02009756352441345,0.02068278610358238,0.021248952777621333,0.02180855107865475,0.02236702469206142,0.022927649926384932,0.02349309175124867,0.024065825794819178,0.02464815126279401,0.025242203756424265,0.02584997155652597,0.026473264852573453,0.027113762365928433,0.027773021000313196,0.02845236372680072,0.029152721023979058,0.02987422971187182,0.030615425586556548,0.031371992596799556,0.03213478023342774,0.03288698605813466,0.03360077921955801,0.03423381798175869,0.03472673118462513,0.035002565392154024,0.03496562298727162,0.034486341037574406,0.0333590048756757,0.0314382150593742,0.029987629120024305
3.389999999999939,-0.01806563207192581,0.008185665956162751,0.014784007272567823,0.01733983014528171,0.01857095820213317,0.019358770983211936,0.019994402987867112,0.020576606601420796,0.021139620443178485,0.021695959752348754,0.022251081923902526,0.022808269123678126,0.02337018796269878,0.02393931352598603,0.024517943402265853,0.02510821099427381,0.025712101990482142,0.026331423672775595,0.02696785149569325,0.027622938722863807,0.028298004439195515,0.02899397525802912,0.029710984813561506,0.03044756769969725,0.0311994108036657,0.031957374209031546,0.032704679047171656,0.03341353849211619,0.034041685542603804,0.03452986830547038,0.03480131619203665,0.03476060572492918,0.034278575896405206,0.03315003729177501,0.03122986216559356,0.02978038937104584
3.3949999999999387,-0.0181482410809535,0.008094215091351635,0.014690857179080967,0.01724494446894358,0.018473898419978655,0.01925915664209696,0.019891967346028803,0.020471166548831327,0.021031043228655847,0.021584140031771535,0.02213592790334113,0.02268969478135472,0.02324810887293708,0.02381364469615943,0.02438859821145305,0.0249751006199928,0.025575135021329024,0.02619050579906562,0.026822885156978362,0.02747382274211563,0.028144633784957546,0.028836241073171853,0.029548775100687368,0.030280769304512022,0.031027913543978086,0.03178107849665268,0.03252350879928305,0.033227461471534846,0.03385074387742226,0.03433422272204777,0.03460130912838944,0.034556851903965326,0.034072089096147985,0.03294235285651762,0.031022785805197295,0.02957441667022545
3.3999999999999386,-0.01823010173487267,0.008003478349767104,0.014598403124688863,0.01715075175924203,0.018377536926835535,0.019160250645356786,0.019790252842727892,0.020366462104322726,0.020923217203525322,0.02147308789504662,0.022021558515421015,0.022571922690063334,0.023126850176857026,0.023688814903416455,0.024260111190740147,0.02484286803547134,0.025439065951782733,0.02605050643449701,0.026678858452818126,0.027325668060731965,0.027992246665707515,0.028679513269023252,0.029387595269038294,0.030115024990281528,0.030857495296411686,0.031605887458994085,0.03234346955470705,0.033042542268579875,0.033660986961642124,0.034139788272400835,0.03440253790910217,0.034354355126491695,0.033866874186748754,0.03273594516072202,0.03081697971219958,0.029369704882454203
3.4049999999999385,-0.018311218060109435,0.00791345200728595,0.014506641525521276,0.01705724845569985,0.01828187012716298,0.01906204933361182,0.019689255740896795,0.020262489445992068,0.020816138457340146,0.021362799340808217,0.021907969666201843,0.02245494866179715,0.0230064075911158,0.0235648197678795,0.02413247786266569,0.024711508664820518,0.025303890106789455,0.02591142080432367,0.02653576650821774,0.027178469702868017,0.027840838003966913,0.02852378666521879,0.029227440033493195,0.02995032936413184,0.030688150556341935,0.031431795474139795,0.03216455556758827,0.03285877500639642,0.03347240878164032,0.033946558804486764,0.03420499625084162,0.03415310900227347,0.033662924724282506,0.032530807798681165,0.03061243762026212,0.0291662478696057
3.4099999999999384,-0.018391594062344464,0.00782413235799667,0.014415568814918083,0.016964431014982143,0.01818689444302204,0.018964549065815475,0.019588972322251652,0.02015924477143379,0.020709803099695452,0.021253270388274306,0.021795157282729943,0.02233876852993759,0.022886776854164775,0.02344165493177008,0.024005693772132315,0.024581017954673108,0.025169602833873823,0.025773244156201656,0.02639360447026151,0.027032222714306615,0.02769040274333405,0.028369056101808947,0.029068304128451135,0.029786677051762238,0.03051987383636435,0.03125879693608736,0.031986761106758674,0.03267615382169283,0.033285003336167414,0.03375452817742857,0.034008677880552146,0.033953107150083095,0.033460234272283854,0.032326934369659395,0.030409153264544374,0.028964039492427093
3.4149999999999383,-0.01847123372642948,0.00773551571425397,0.014325181443376467,0.016872295910988183,0.018092606314052084,0.018867746218982403,0.019489398887303392,0.02005672429752839,0.020604207260095677,0.02114449707716621,0.02168311731310733,0.022223378149402152,0.02276795372620561,0.023319316059385822,0.023879754486314606,0.02445139137395998,0.025036199502834262,0.025635971759999855,0.02625236750811938,0.026886922162712233,0.02754093584875923,0.028215316439434403,0.02891018230803269,0.02962406269758828,0.030352659666824044,0.03108688625544868,0.03181008045629399,0.03249467286527868,0.033098764637169605,0.033563690262765136,0.033813576536527584,0.03375434319922593,0.033258796403218195,0.032124318479367954,0.0302071203831303,0.02876307361204964
3.419999999999938,-0.018550141016641115,0.007647598406438497,0.014235475878472228,0.016780839634636873,0.017999002197428903,0.018771637188170882,0.019390531755219077,0.019954924260546743,0.020499347087899265,0.02103647546751299,0.021571845726140383,0.022108773396198406,0.02264993398904728,0.023197798836897137,0.023754655594515214,0.024322624414030956,0.024903675506031734,0.025499598908078083,0.02611205081324519,0.02674256313756428,0.027392432306601263,0.02806256255967962,0.02875306934656759,0.02946248096533809,0.030186502596406865,0.03091605786010204,0.03163450791679622,0.032314326303270365,0.03291368671074747,0.03337403894517025,0.03361968596953058,0.03355681079050387,0.03305860469991778,0.03192295374154788,0.030006332718774422,0.02856334409191446
3.424999999999938,-0.01862831987671671,0.007560376783002495,0.01414644860482042,0.016690058693827427,0.017906078567617664,0.018676218386496485,0.019292367263703154,0.01985384091578064,0.020395218752205412,0.020929201639562522,0.021461338511389916,0.021994950167576324,0.02253271344605848,0.023077098972413057,0.023630392708263247,0.024194712588566307,0.024772026258162633,0.02536412091518655,0.02597264959940372,0.026599140750492203,0.027244887124922144,0.027910789365174923,0.028596960038816437,0.029301926538366788,0.030021397192427378,0.030746306195616527,0.031460037805250224,0.03213510831747109,0.03272976359804386,0.033185568123752916,0.03342699994415895,0.03336050357778128,0.03285965275679893,0.031722833779336206,0.029806784020420564,0.028364844799127528
3.429999999999938,-0.018705774230045838,0.007473847210292267,0.014058096123882402,0.01659994961338419,0.01781383191649929,0.018581486244855942,0.01919490176901062,0.01975347053772337,0.020291818441701956,0.02082267169378747,0.02135159167914515,0.021881904381863607,0.022416287922134872,0.022957212195885784,0.023506961461135373,0.02406765143354333,0.024641247196429007,0.025229533118571616,0.025834159102697655,0.02645665013522397,0.027098295333589803,0.02775999177993644,0.02844184920020668,0.02914239412006225,0.02985733804146696,0.030577625725928058,0.031286664456357846,0.03195701310641908,0.03254698935609083,0.032998271712810334,0.033235512239470424,0.0331654152287091,0.032661934181119484,0.03152395222655084,0.02960846804451285,0.02816756960598911
3.434999999999938,-0.01878250797969965,0.007388006072461821,0.013970414954026285,0.016510508934915354,0.01772225875311344,0.018487437211975447,0.019098131645743394,0.019653809419739758,0.02018914236464831,0.02071688175070599,0.021242601260186345,0.02176963197842169,0.022300653263552777,0.022838134258994114,0.023384357508849898,0.023941436507327607,0.024511333780459818,0.0250958308779003,0.025696574581610256,0.026315086447718815,0.0269526519843261,0.02761016474938867,0.028287731667134698,0.02898387843396916,0.029694319749551314,0.030410010933742397,0.03111438222270195,0.03178003488592594,0.032365358058575724,0.03281214364284761,0.033045216650292614,0.03297153942604327,0.032465442594033375,0.03132630272894031,0.029411378556386834,0.027971512391478152
3.4399999999999378,-0.018858525008660806,0.007302849771409053,0.013883401630289895,0.01642173321677766,0.017631355603636212,0.01839406775428228,0.019002053286771646,0.019554853874151554,0.020087186748769355,0.020611827950860227,0.02113436330581217,0.021658128917576264,0.022185805337973572,0.02271986093517327,0.023262576529045127,0.02381606339033479,0.02438228149226076,0.02496300957537954,0.02555989131719475,0.026174444866329367,0.026807952151088586,0.0274613032408408,0.028134602297291977,0.028826374224438674,0.029532336942908494,0.03024345632108969,0.03094318547558067,0.03160416788982491,0.03218486379665146,0.032627177861238546,0.032856106987958086,0.032778869868616035,0.03227017163179062,0.031129878945240393,0.029215509331399544,0.027776667042378765
3.4449999999999377,-0.018933829179950682,0.007218374726603031,0.013797052704496358,0.01633361903401652,0.017541119011313062,0.0183013743557674,0.01890666310323206,0.019456600232096728,0.01998594784114533,0.02050750645456003,0.021026873887627667,0.02154739118037628,0.022071740034228807,0.022602388019428665,0.023141614221372758,0.023691527685357018,0.02425408583622462,0.0248310646156567,0.025424104612874667,0.02603472059168041,0.026664190929801483,0.02731340224324337,0.02798245596975242,0.02866987625674085,0.02937138426791059,0.030077956409721805,0.030773068605357726,0.031429406370400745,0.03200550067949873,0.03244336833322748,0.032668177081296934,0.03258740027221904,0.03207611494673933,0.030934674548641003,0.029020854156474873,0.02758302745484919
3.4499999999999376,-0.019008424336575958,0.007134577375133646,0.013711364744907346,0.01624616297816661,0.017451545536342507,0.018209353517991567,0.018811957524283107,0.019359044843267847,0.019885421908019885,0.02040391344202609,0.02092012909758999,0.021437414768660935,0.021958453262388346,0.022485711328356795,0.023021466307355663,0.023567825017313214,0.024126742339117074,0.024699991425852726,0.0252892097946449,0.025895908846978587,0.02652136343892954,0.027166456767795867,0.027831287585233993,0.028514379317204498,0.029211456391672778,0.02991350574147906,0.030604026022004543,0.031255744599185904,0.03182726283517796,0.03226070904248865,0.0324814207773379,0.03239712437050726,0.031883266208215244,0.03074068322733966,0.028827406830874893,0.027390587535262276
3.4549999999999375,-0.019082314301826296,0.007051454171544151,0.01362633433638854,0.016159361657263786,0.017362631755747652,0.018118001759854865,0.018717932997157124,0.019262184076073288,0.019785605234905104,0.02030104511309828,0.020814125047840637,0.021328195705026715,0.021845940953622803,0.02236982670002496,0.022902128530287537,0.023444951033121678,0.024000246550023446,0.024569785455652297,0.02515520221106318,0.02575800487787649,0.02637946481911474,0.02702046184766218,0.027681092066319125,0.02835987821376561,0.0290525480023913,0.029750098878842453,0.030436052155612077,0.03108317686747939,0.03165014441119848,0.032079193991939384,0.0322958319422024,0.03220803591590414,0.03169161910358603,0.030547898686010676,0.028635161167450292,0.02719934120158876
3.4599999999999373,-0.019155502879324153,0.00696900158759722,0.013541958080202827,0.01607321169581481,0.017274374263453483,0.0180273156176229,0.018624585986946083,0.01916601431736261,0.019686494126275142,0.020198897687162425,0.02070885787049543,0.021219730032459173,0.02173419906000083,0.02225472999384769,0.02278359665527414,0.02332290140188395,0.023874594040338953,0.024440442177092514,0.02502207723321766,0.02562100395258503,0.02623849023357942,0.02687541253842977,0.02753186435763163,0.028206367775952715,0.028894653809486935,0.0295877304051116,0.03026914145681414,0.030911697486614764,0.03147413957489196,0.03189881720431899,0.03211140446175683,0.03202012868029291,0.031501167338924205,0.03035631464631961,0.028444110993635984,0.027009282384468446
3.4649999999999372,-0.019227993853179127,0.006887216112465559,0.013458232593885518,0.015987709734568024,0.017186769669913383,0.017937291644803607,0.01853191297655904,0.019070531972346292,0.01958808490560636,0.020097467403156266,0.020604323717845856,0.02111201381450155,0.02162322355460675,0.022140417090629198,0.022665866469019726,0.023201671814605616,0.023749780403695322,0.024311957084716958,0.024889830254705904,0.025484901361911297,0.026098434868064097,0.026731303918016758,0.027383599425963696,0.02805384285523209,0.028737768544008654,0.02942639492496399,0.030103288397200622,0.030741300788862978,0.031299242514315435,0.03171957272291781,0.03192813224223447,0.03183339645590795,0.03131190463998086,0.03016592484811736,0.028254250152414763,0.026820405027894186
3.469999999999937,-0.01929979098810694,0.006806094252384088,0.013375154511291013,0.01590285243047749,0.017099814602339943,0.017847926412014575,0.018439910466664787,0.01897573346459621,0.01949037391516537,0.01999675051935289,0.020500518761847063,0.02100504313505932,0.021513010431257914,0.022026883892301223,0.022548933779931744,0.02308125798426218,0.023625801255940174,0.02418432569546022,0.024758456691780128,0.025349692419281235,0.025959293930859273,0.026588131086861887,0.027236292260448616,0.02790229832524234,0.028581886958806473,0.02926608706443929,0.029938487469634033,0.03057198112744228,0.03112544743847299,0.0315414546119888,0.03174600921101602,0.03164783305580465,0.03112382475294248,0.02997672305010448,0.028065572503177982,0.026632703090723776
3.474999999999937,-0.01937089802939044,0.006725632530745209,0.013292720482406107,0.01581863645674956,0.01701350570438877,0.017759216506957286,0.018348574975504527,0.018881615235829468,0.019393357516009842,0.019896743313322342,0.020397439194433698,0.02089881409825477,0.021403555704536767,0.021914126322106414,0.022432794417884008,0.02296165564572119,0.02350265223503815,0.024057543548659733,0.024627951983158435,0.025215372460780393,0.025821062652995067,0.02644588916804111,0.02708993787263386,0.02775172908172579,0.028427003828816765,0.029106801471636273,0.029774733188712283,0.03040373287726042,0.030952748577992854,0.03136445695751958,0.031565029317232235,0.031463432314850936,0.030936921445024475,0.029788703030733332,0.027878071922664255,0.02644617054702996
3.479999999999937,-0.01944131870334871,0.00664582748776057,0.013210927173299138,0.01573505850254391,0.016927839636140227,0.017671158534261384,0.018257903038849582,0.018788173745818794,0.01929703208784616,0.01979744208177249,0.020295081227113453,0.020793322828478508,0.02129485540963543,0.021802140324142415,0.022317444234185524,0.022842860555558574,0.023380329001101888,0.023931606205991378,0.02449831159011758,0.025081936845113634,0.02568373628811212,0.02630457330720125,0.026944531296720794,0.027602130043039436,0.028273113951263185,0.028948532816692303,0.029612020091029027,0.030236550435168198,0.030781140185491898,0.0311885738675247,0.031385186532115944,0.03128018808996871,0.0307511885052246,0.029601858588761333,0.027691742305661304,0.02626080138723664
3.484999999999937,-0.01951105671699998,0.006566675680738243,0.013129771266022237,0.01565211527306593,0.01684281307409005,0.017583749115431046,0.018167891209911725,0.018695405472425305,0.01920139402888403,0.019698843140566986,0.02019344109103923,0.020688565470085903,0.021186905602291393,0.021690921863579054,0.022202879101569057,0.02272486849216339,0.02325882723627649,0.02380650925144041,0.02436953099642769,0.024949380953603925,0.025547310112609516,0.02616417867284346,0.026800067589632732,0.02745349615017053,0.028120212145997373,0.02879127579220055,0.029450342735524337,0.0300704282203262,0.030610616535990513,0.03101379947265974,0.031206474849839853,0.031098094260996197,0.03056661974491018,0.02941618354401475,0.02750657756575165,0.026076589618918296
3.4899999999999367,-0.01958011575861857,0.0064881736836003845,0.013049249458549978,0.015569803489343842,0.01675842271086171,0.01749698488873408,0.018078536059268378,0.01860330691135672,0.019106439755857817,0.019600942824471168,0.020092515036742246,0.02058453818743093,0.02107970235865797,0.021580466926465657,0.02208909491394774,0.022607675255555376,0.02313814264461843,0.02368224829116018,0.024241605708396383,0.02481770019035458,0.025411779425705848,0.026024700456177045,0.02665654183095416,0.027305822366736454,0.027968293255345285,0.028635025113334413,0.02928969570379746,0.029905360674658096,0.030441171927390202,0.030840127926634077,0.03102888828775041,0.03091714473116538,0.030383208998545505,0.02923167173826786,0.0273225716362158,0.02589352926744883
3.4949999999999366,-0.019648499497482652,0.00641031808710071,0.012969358464725196,0.01548811988832624,0.016674665255398437,0.017410862509101867,0.017989834174642623,0.01851187457608181,0.019012165703715004,0.019503737487143367,0.019992299334292914,0.02048123716475925,0.020973241775236157,0.021470771519615104,0.02197608758658974,0.022491276667331882,0.023018270952260382,0.02355881895373401,0.024114531254720496,0.02468688998195186,0.025277139549289143,0.025886133871359258,0.02651394912334738,0.02715910367932784,0.027817352144677315,0.028479775518204666,0.029130073600319828,0.02974134226304397,0.030272800680794233,0.03066755340662642,0.030852420887003247,0.03073733342746752,0.03020095012402564,0.029048317035483266,0.027139718470536173,0.02571161437688483
3.4999999999999365,-0.019716211584317644,0.006333105498427801,0.012890095014032807,0.015407061222564128,0.016591537432615305,0.017325378648064677,0.017901782160942528,0.018421104997767813,0.018918568325741632,0.019407223500994192,0.019892790272913366,0.02037865860613843,0.020867519968799264,0.021361831670525105,0.021863853055689407,0.022375668570521118,0.022899207907009334,0.023436216889698734,0.023988303186561852,0.024556945777719958,0.025143385828111597,0.025748474155364142,0.0263722845922604,0.02701333509745118,0.02766738370225781,0.028325521767858176,0.02897147105264425,0.0295783674736693,0.03010549714076211,0.030496070113633676,0.03067706671285736,0.030558654301345183,0.03001983700338598,0.0288661133226002,0.026958012043040047,0.02553083901041305
3.5049999999999364,-0.01978325565112228,0.006256532541472903,0.012811455851717833,0.015326624260309514,0.016509035983445695,0.017240529993665845,0.017814376640152157,0.018330994725253378,0.018825644093351225,0.01931139725712869,0.019793984161047468,0.02027679873513168,0.020762533076173404,0.021253643427241613,0.021752387278579675,0.022260846829698106,0.022780949278549213,0.023314437771802213,0.023862917077484933,0.0244278630495941,0.02501051362971614,0.025611716568166507,0.026231543386280108,0.026868511653793517,0.027518382839616995,0.028172258646770188,0.028813882711825112,0.029416430818237926,0.029939255675834876,0.030325672272944793,0.030502819855277905,0.03038110132896999,0.029839863543190303,0.028685054510014896,0.026777446349528528,0.025351197251142685
3.5099999999999363,-0.01984963531141368,0.006180595856443198,0.01273343773856175,0.015246805785410093,0.016427157664780173,0.0171563132503425,0.017727614251142953,0.018241540324789245,0.01873338949596121,0.019216255165230137,0.01969587732621934,0.020175653795074404,0.020658277254331496,0.02114620285840115,0.021641686233489558,0.022146807330647746,0.02266349085827711,0.023193477294803158,0.023738368523348596,0.02429963729206318,0.024878518344392992,0.02547585639257146,0.026091720676992645,0.02672462840416802,0.02737034449148129,0.0280199809626322,0.028657303252392158,0.029255526832395656,0.029774070678610785,0.030156354134325526,0.030329674429018447,0.03020466851170144,0.02966102367492677,0.028505134532067745,0.026598015407771902,0.025172683202639906
3.514999999999936,-0.019915354160439075,0.006105292099868204,0.012656037450834816,0.015167602597132524,0.016345899249274015,0.017072725138807955,0.01764149164969523,0.01815273838005306,0.01864180104091007,0.019121793653311518,0.019598466114850444,0.020075220048577216,0.02055474868005195,0.021039506052949037,0.02153174591949089,0.02203354598048066,0.022546828459161637,0.023073331175416073,0.02361465314228614,0.024172264022131587,0.024747395385247437,0.02534088893451921,0.025952811659186174,0.02658168042769646,0.02722326361605193,0.027868683546815723,0.028501727372708344,0.029095650075771716,0.029609936566188974,0.02998810997248865,0.030157624574263103,0.030029349876513522,0.02948331135557794,0.0283263473475837,0.026419713258200094,0.02499529098950914
3.519999999999936,-0.019980415775080942,0.006030617944590873,0.01257925178023688,0.015089011510100371,0.016265257525287555,0.016989762396004138,0.017556005508238024,0.018064585492007797,0.01855087525340504,0.019028009167883282,0.01950174689231502,0.01997549377775319,0.020451943550131642,0.020933549120185815,0.02142256235636744,0.021921058707441085,0.02243095791577456,0.022953995152309704,0.023491766574720303,0.024045738779426454,0.024617140188149297,0.025206809522794426,0.025814811550755275,0.026439662826803278,0.027077135195009604,0.027718361254429242,0.028347149795136355,0.028936795132398458,0.02944684778036706,0.0298209340872249,0.029986664456731815,0.02985513947625547,0.029306720567912947,0.02814868694012618,0.02624253396415277,0.024819014757935368
3.524999999999936,-0.02004482371413055,0.005956570079522142,0.012503077533791573,0.015011029354342145,0.016185229296893765,0.016907421775059807,0.017471152515998227,0.017977078278828912,0.018460608676367965,0.018934898173658045,0.019405716042668643,0.01987647128385284,0.02034985808090171,0.020828328189580317,0.021314131584605257,0.02180934146085787,0.022315875084160497,0.022835464985968872,0.023369704483221412,0.02392005712600822,0.024487748211740053,0.025073613509234594,0.025677715592779232,0.026298570727285146,0.0269319542336431,0.027569008964299126,0.028193565266030902,0.028778956610592224,0.029284798787837005,0.029654820803862354,0.029816788268187018,0.029682031390093122,0.029131245320855828,0.02797214731865695,0.026066471612519064,0.024643848676094822
3.529999999999936,-0.020108581518298276,0.005883145209677958,0.01242751153377071,0.014933652975046709,0.01610581138369739,0.01682570004506338,0.01738692937866831,0.017890213375796146,0.0183709978703535,0.01884245715346583,0.01931036996869097,0.019778148887365943,0.020248488508449,0.020723839410695485,0.021206449665153462,0.02169839021100063,0.022201575841721395,0.02271773645868155,0.023248462552471972,0.02379521464631738,0.02435921493729944,0.02494129626863365,0.025541519049642414,0.026158399278448437,0.026787715760852305,0.027420621579281223,0.028040968556167976,0.02862212914349979,0.029123784080370668,0.029489764473248515,0.029647990226398066,0.029510019723700785,0.028956879649782493,0.027796722517654956,0.025891520314047352,0.024469786934670952
3.5349999999999357,-0.02017169271045103,0.0058103400560055906,0.012352550617559101,0.014856879232569908,0.01602700062078147,0.016744593991090795,0.017303332818443574,0.017803987435140348,0.018282039413392293,0.018750682608203267,0.019215705091623538,0.019680522927726582,0.020147831088360296,0.02062007895310471,0.021099512679478388,0.02158820094905668,0.022088056087150934,0.022600805374388782,0.023128036489234054,0.023671206947277628,0.024231535868896297,0.024809853198759033,0.02540621720884477,0.026019143652998743,0.026644414829381492,0.027273194026250593,0.027889354460590175,0.028466307389027428,0.028963798175192023,0.029325759472207683,0.0294802645756878,0.029339098609572546,0.02878361761693992,0.027622406597628612,0.025717674203758634,0.02429682374726915
3.5399999999999356,-0.02023416079552511,0.005738151355416488,0.012278191637753181,0.014780705002309397,0.015948793858599243,0.016664100414052165,0.0172203595738555,0.017718397126068684,0.018193729901042167,0.01865957105669689,0.019121717851226443,0.019583589763416828,0.02004788209562185,0.02051704300627734,0.0209933167294096,0.021478769687025473,0.021975311740396394,0.022484667558616327,0.02300842202224147,0.02354802965807678,0.024104706533178206,0.02467927972031235,0.0252718053812094,0.0258807990472317,0.026502046515749306,0.027126721256251027,0.027738717798934068,0.02831148603001117,0.028804835614861635,0.029162800203631267,0.029313605587056722,0.02916926220733211,0.028611453311611114,0.027449193645375142,0.025544927441431102,0.0241249533508109
3.5449999999999355,-0.020295989260824255,0.005666575860508951,0.012204431461826969,0.014705127174696913,0.015871187962911065,0.016584216130613293,0.01713800639976191,0.017633439134495242,0.018106065946049354,0.018569119035594373,0.019028404705518295,0.019487345771632143,0.019948637824534828,0.020414727779447188,0.020887857936938398,0.021370092457546192,0.021863338742540348,0.022369318858545605,0.022889614902144806,0.023425678430189247,0.023978722479464858,0.0245495712769261,0.025138278900664023,0.025743360680887898,0.026360605920288497,0.026981198244456942,0.027589053415441496,0.028157659774478684,0.028646890967799005,0.029000881096739387,0.02914800755833341,0.029000504703924786,0.02844038085039617,0.027277077774272285,0.025373274211747596,0.023954170005940353
3.5499999999999354,-0.020357181576086576,0.005595610339621252,0.012131266972220674,0.01463014265494211,0.015794179814705968,0.01650493797318656,0.017056270067208067,0.017549110163138506,0.01801904417853177,0.01847932309933562,0.018935762130874927,0.019391787348417584,0.0198500945886456,0.020313129501576595,0.020783132444349213,0.021262165313964694,0.021752133055649017,0.02225475514265235,0.022771610901424422,0.023304148937326786,0.02385357927957116,0.024420723335151762,0.025005633124514284,0.025606823797354888,0.02622008816724319,0.026836619990388572,0.027440356179043463,0.02800482335562024,0.028489958828058673,0.02883999660711019,0.028983464814463997,0.028832820313807093,0.02827039437757773,0.027106053124585208,0.02520270872478082,0.023784467997324102
3.5549999999999353,-0.02041774119346175,0.005525251576767667,0.012058695066234604,0.014555748363232738,0.015717766310084594,0.016426262789692635,0.01697514736330004,0.017465406931282144,0.017932661245599425,0.018390179819897275,0.01884378662166407,0.019296910908351072,0.019752248720582465,0.02021224442119475,0.020679136413865193,0.02115498433001738,0.021641690662804577,0.022140972300932413,0.022654405814371312,0.023183436875367013,0.02372927252791311,0.024292731384391236,0.02487386343315763,0.025471183663468656,0.026080488404792858,0.026692981517827712,0.027292620983466655,0.027852971531956046,0.02833403381574001,0.02868014121697811,0.028819971707562713,0.02866620327913013,0.028101488065155333,0.02693611386366419,0.0250332252161199,0.02361584163395196
3.559999999999935,-0.020477671547787485,0.005455496371364684,0.01198671265589188,0.014481941234334468,0.015641944360233744,0.01634818744357964,0.01689463509113578,0.017382326174712723,0.017846913811487397,0.01830168578686929,0.018752474690363476,0.01920271288452391,0.01965509657197408,0.020112068806257367,0.020575866027650786,0.021048545599895708,0.021532007567844458,0.022027966244525705,0.022537995456934946,0.023063537962231255,0.02360579784126411,0.02416559093685317,0.02474296523022111,0.02533643556971656,0.025941801805063735,0.02655027787505007,0.027145842747349023,0.02770209908743772,0.028179110576931878,0.028521309435304343,0.02865752261722148,0.02850064787001859,0.027933656113083252,0.026767254186239334,0.024864817947338455,0.023448285249500458
3.564999999999935,-0.02053697605660935,0.005386341538394213,0.011915316667934677,0.014408718217812722,0.015566710891230939,0.016270708813683834,0.016814730069757096,0.017299864645610202,0.017761798557244718,0.018213837607206036,0.018661822867321223,0.01910918972850895,0.019558634513337163,0.02001259894419265,0.020473317487816438,0.020942845238117534,0.021423079795472942,0.021915732905845718,0.02242237566668392,0.02294444793784957,0.023483150858913407,0.02403929752756702,0.024612933942541985,0.025202574830090196,0.02580402356410874,0.026408504134518125,0.027000016414120857,0.027552200831529768,0.028025183783902837,0.028363495797872222,0.028496111950505262,0.02833614838453828,0.02776689274951883,0.026599468314482656,0.024697481206030727,0.02328179320259398
3.569999999999935,-0.020595658120305445,0.00531778390810533,0.011844504043671569,0.0143360762776944,0.015492062844135315,0.016193823794238105,0.01673542913397299,0.017218019112532342,0.01767731218082235,0.018126631905199034,0.018571827700737592,0.019016337910122097,0.01946285893401391,0.019913831141627997,0.020371487016109864,0.020837879379365785,0.02131490339095046,0.02180426823840453,0.022307542302735548,0.022826162564161444,0.02336132724242524,0.02391384671426966,0.02448376501992969,0.025069596782047045,0.025667148901953492,0.026267655393389558,0.02685513695232804,0.027403271599215195,0.027872248135126718,0.028206694867418985,0.02833573414209045,0.02817269914903914,0.027601192231042345,0.02643275049845077,0.02453120930620973,0.02311635987694752
3.574999999999935,-0.020653721122204694,0.005249820326030446,0.011774271738962979,0.014264012392560891,0.015417997174697733,0.016117529294598063,0.016656729134381314,0.017136786360224372,0.0175934513969038,0.018040065322378184,0.018482485756559246,0.018924153917397334,0.019367766242003565,0.019815761724361888,0.020270370853964315,0.020733644178474054,0.021207474420185966,0.021693568216667986,0.022193491245576877,0.022708677624873767,0.023240322675629546,0.023789234077409495,0.024355453935474124,0.02493749678669774,0.02553117306256622,0.026127726773043883,0.02671119935537637,0.02725530625112525,0.027720298355450094,0.028050901233759497,0.02817638365454196,0.028010294518085215,0.027436548842480195,0.026267095015922948,0.024365996588353228,0.022951979681806175
3.579999999999935,-0.020711168428587775,0.0051824476529410725,0.011704616724065696,0.014192523555378256,0.015344510853452025,0.016041822239341245,0.0165786269371142,0.01705616318956669,0.01751021293672963,0.017954134517376142,0.018393793618196826,0.01883263425647167,0.019273352863846193,0.019718387037264598,0.020169965262373597,0.020630135810227313,0.021100788969476737,0.02158362883607628,0.022080218397126542,0.02259198892557387,0.023120132864601253,0.023665455220010848,0.024227996185173524,0.02480627022848839,0.025396091313900707,0.025988713419440698,0.026568198641784967,0.027108299673555096,0.02756932919601353,0.027896109513809865,0.028018054978094523,0.02784892887478452,0.0272729568974693,0.026102496172917433,0.024201837419797465,0.022788647051939708
3.5849999999999347,-0.020768003389003975,0.005115662764625243,0.011635535983670774,0.014121606773483814,0.015271600865535927,0.01596669956809517,0.0165011194239382,0.01697614641741933,0.01742759354810901,0.01786883616582377,0.018305747886755857,0.018741775451453502,0.01917961524465453,0.01962170344415677,0.020070266521666737,0.02052735046931118,0.02099484314551845,0.021474446112833504,0.02196771968055582,0.02247609229348173,0.02300075353753361,0.023542505767720188,0.024101387288105815,0.024675912515429207,0.02526189894783684,0.025850610502973378,0.026426129855091702,0.02696224677844808,0.027419335434393684,0.027742314351605273,0.027860742631048735,0.027688596630581302,0.027110410738149286,0.025938948303435704,0.02403872619462775,0.022626356447910764
3.5899999999999346,-0.020824229336163083,0.005049462551901711,0.011567026516680472,0.01405125906844914,0.015199264210638158,0.01589215823541531,0.01642420349198654,0.016896732876674897,0.01734558999527004,0.017784166960318534,0.018218345180599615,0.01865157404434614,0.019086549847793927,0.019525707327700786,0.01997127093161558,0.020425284370282088,0.02088963307527459,0.02136601608389787,0.02185599104019275,0.022360983577461625,0.02288218044468128,0.023420381368621568,0.023975622786239496,0.02454641907885291,0.025128591280082362,0.0257134132184637,0.02628498806383416,0.026817142503560855,0.02727031187465761,0.027589510418512982,0.02770444115960879,0.027529292225600313,0.02694890473556088,0.025776445769913253,0.023876657334087108,0.022465102356390966
3.5949999999999345,-0.0208798495861434,0.004983843920568358,0.011499085336273567,0.01398147747603993,0.01512749790292656,0.01581819521082119,0.016347876053827717,0.016817919416021756,0.01726419905879799,0.017700123610236106,0.01813158213543795,0.018562026594945196,0.018994153154966966,0.019430395089297708,0.019872974811068308,0.02032393374725953,0.020785154905845843,0.021258334806839883,0.021745028441387683,0.02224665864789569,0.022764409358284228,0.023299077693286166,0.02385069824448498,0.024417785373556756,0.024996163650373052,0.025577116785245782,0.026144768361749043,0.02667298181231826,0.0271222533473225,0.027437692413125395,0.027549145138020256,0.027371010128606738,0.02678843328956395,0.025614982963115936,0.023715625286599255,0.022304879290080775
3.5999999999999344,-0.02093486743845846,0.004918803791209929,0.011431709469719723,0.013912259046131633,0.015056298970931845,0.015744807478556274,0.01627213403722637,0.016739702899865445,0.017183417535440948,0.017616702841635343,0.018045455404205785,0.018473129680722285,0.01890242166601779,0.019335763148997494,0.0197753744981428,0.02022329485408856,0.020681404804423244,0.021151398359786702,0.0216348278706336,0.022133113396700408,0.022647436072507496,0.0231785904346463,0.023726609250577506,0.024290006877621964,0.024864611422197463,0.02544171644694016,0.0260054658674422,0.02652975969391557,0.02697515470943518,0.027286855061341014,0.02739484916862956,0.027213744836988806,0.026628990828966664,0.025454554302363246,0.023555624527819764,0.022145681787994996
3.6049999999999343,-0.020989286176188577,0.004854339099197111,0.01136489595836836,0.013843600842580728,0.014985664457513257,0.015671992037655902,0.016196974385177126,0.016662080208303905,0.01710324223815344,0.0175339013972805,0.01795996165688763,0.01838487989666577,0.018811351898798283,0.019241807945303467,0.019678466349807387,0.02012336396397692,0.020578378958123523,0.02104520284125762,0.021525385335209583,0.0220203437370496,0.022531256403322875,0.02305891530793849,0.02360335141500196,0.02416307909231978,0.02473392998277816,0.025307207471643174,0.025867075724634564,0.026387471163243068,0.0268290108445585,0.027136993116373957,0.027241547881877194,0.027057490876931375,0.026470571811475167,0.025295154235362674,0.023396649560836032,0.021987504415598987
3.609999999999934,-0.0210431090660734,0.004790446794560206,0.01129864185749709,0.01377549994325358,0.014915591419739187,0.015599745901706976,0.016122394055724742,0.01658504823699798,0.01702366999593459,0.017451716036385553,0.017875097580473,0.01829727385530011,0.01872094038914441,0.019148525935265993,0.019582246742045385,0.020024137369574188,0.020476073573891043,0.02093974437006086,0.021416696863125716,0.021908345603350185,0.02241586618837147,0.022940048050533512,0.0234809203709574,0.024036997542329637,0.02460411474330906,0.02517358515182225,0.025729593102087455,0.026246111261031272,0.026683816662755162,0.026988101358832728,0.027089235936303507,0.02690224280331039,0.026313170723901956,0.025136777238680654,0.023238694916283664,0.02183034176480746
3.614999999999934,-0.021096339358480556,0.004727123841988765,0.011232944236392393,0.01370795343986415,0.014846076928863645,0.015528066098924263,0.016048390021956644,0.01650860389708886,0.016944697653653626,0.017370143534586067,0.017790859878863127,0.01821030818649968,0.018631183690739277,0.01905591359417571,0.019486712069581948,0.019925611382761773,0.020374484878486917,0.020835019085297307,0.021308758503232834,0.021797114951294633,0.02230126128704587,0.022821984422012907,0.023359311774266544,0.023911757775246255,0.024475161138495218,0.02504084480423114,0.025593013193502528,0.026105675053614948,0.026539567100590675,0.02684017459652275,0.02693790801860929,0.026747995199807174,0.026156782082066864,0.02497941781732512,0.023081755152319708,0.0216741884541837
3.619999999999934,-0.021148980287820796,0.004664367220568634,0.011167800178059035,0.013640958437903253,0.014777118070130274,0.015456949671931779,0.015974959271871182,0.01643274411507025,0.016866322072077673,0.017289180683853326,0.017707245272696247,0.018123979537363513,0.018542078374963473,0.018963967415508595,0.019391858745813468,0.019827782334625895,0.020273609118232994,0.020731023146156255,0.021201566324903633,0.021686647757650352,0.022187437580290827,0.02270472020397412,0.02323852130334711,0.023787355361952124,0.02434706462677444,0.024908981769844712,0.025457331217491067,0.02596615763301821,0.026396257121125664,0.026693207664729823,0.026787558843590773,0.026594742678863623,0.02600140043082387,0.0248230705051562,0.02292582485472571,0.021519039128995072
3.624999999999934,-0.021201035072265322,0.004602173923965568,0.011103206779287922,0.013574512056609863,0.014708711942857356,0.015386393677764749,0.01590209880823661,0.01635746583274956,0.016788540127736725,0.017208824292377592,0.017624250499383938,0.018038284572191542,0.018453621030855825,0.018872683910868583,0.019297683202748057,0.019730646575270405,0.020173442559078072,0.02062775273184326,0.02109511641798997,0.021576940020002152,0.022074390970412874,0.02258825120000503,0.023118544659040934,0.02366378589626445,0.024219820690232104,0.024777991413980537,0.025322542417707466,0.025827554117028584,0.02625388171390586,0.026547195425920857,0.0266381831541772,0.026442479881721517,0.025847020344128925,0.024667729864662095,0.022770898637009054,0.02136488846133243
3.6299999999999337,-0.021252506914122865,0.00454054096007576,0.01103916115059133,0.013508611428843686,0.01464085566017503,0.015316395187718254,0.015829805648590677,0.016282766007065144,0.016711348712806655,0.017129071184468127,0.017541872312875056,0.017953219972304927,0.018365808264957834,0.0187820596099125,0.019204181890854585,0.01963420047380291,0.020073981486315156,0.02052520404147974,0.020989404892824026,0.021467987757021415,0.021962117381240077,0.0224725732355431,0.02299937756462994,0.023541044994955483,0.024093424834424143,0.024647869126031896,0.025188642062501907,0.025689859648964492,0.026112435894859162,0.026402132769888627,0.026489775721334142,0.0262912014782549,0.025693636424911306,0.024513390487055114,0.022616971140318187,0.02121173114994155
3.6349999999999336,-0.021303398999778504,0.00447946535114661,0.01097566041606266,0.013443253701101424,0.0145735463491472,0.015246951287372317,0.015758076825197705,0.016208641610205427,0.016634744735048675,0.01704991820044662,0.01746010748352965,0.017868782436000347,0.01827863670121493,0.01869209106009563,0.019111351278927994,0.019538440418094993,0.019975222204639657,0.02042337329401107,0.020884427879906492,0.021359787008028725,0.021850612757750777,0.02235768215786639,0.022881015765693354,0.023419128297597933,0.023967872588325285,0.024518610319488893,0.02505562544513028,0.02555306939772329,0.025971914706378774,0.026258014613709392,0.026342331344147013,0.026140902167198977,0.025541243305220614,0.024360046992326807,0.02246403703361286,0.021059561920641325
3.6399999999999335,-0.021353714499857294,0.004418944133593431,0.010912701713306761,0.013378436033286862,0.014506781150553403,0.015178059076397077,0.01568690938480432,0.016135089629234975,0.016558725117644682,0.016971362196629054,0.017378952798279307,0.017784968678434005,0.018192102980997875,0.018602774826699607,0.019019187854096543,0.019443362814767103,0.01987716103779126,0.020322256727986036,0.020780181530059373,0.02125233383313615,0.021739873066235278,0.022243573835879677,0.02276345503010787,0.02329803146678591,0.023843159504442796,0.02439021043197733,0.02492348788361417,0.025417178557768552,0.025832313217147698,0.02611483590158339,0.026195844849762548,0.02599157667596627,0.025389835646123023,0.024207694029240612,0.02231209101368172,0.020908375526070024
3.6449999999999334,-0.02140345656934083,0.0043589743579363245,0.010850282193394,0.013314155598791597,0.014440557218801768,0.015109715668527654,0.015616300388617972,0.016062107066164313,0.016483286799205153,0.016893400045083717,0.017298405060217372,0.01770177543147597,0.018106203762732788,0.018514107492723527,0.018927688121649147,0.019348964089201986,0.01977979432892126,0.020221850601708138,0.02067666201404588,0.021145624312853842,0.021629894293928312,0.022130244160184134,0.022646691147770546,0.023177750187546146,0.023719281158503164,0.024262664925010467,0.024792224720580076,0.025282182348991,0.025693626522232345,0.0259725916049514,0.02605031109317555,0.025843219760479576,0.025239408137559045,0.024056326275120443,0.022161127804908518,0.020758166745815574
3.6499999999999333,-0.02145262834756815,0.004299553088793219,0.010788399020831578,0.013250409584332372,0.014374871721987703,0.015041918191468029,0.015546246912369137,0.015989690937985912,0.016408426733653936,0.016816028633656607,0.017218461088615966,0.01761919944369251,0.018020935722095687,0.0184260856586799,0.01883684860477082,0.01925524068508662,0.01968311843990608,0.02012215119285314,0.020573865522773217,0.02103965454842504,0.021520672449191255,0.02201768904280424,0.022530719930748035,0.023058280167758672,0.02359623314953021,0.024135969284097093,0.024661831323399032,0.025148076016723527,0.02555584974280012,0.025831276722282102,0.02590572495742819,0.025695826205461778,0.025089955498566366,0.023905938436105573,0.022011142159559904,0.020608930386354935
3.654999999999933,-0.02150123295838479,0.004240677404679113,0.010727049373387285,0.013187195189934785,0.01430972184166062,0.01497466378684121,0.01547674604598649,0.015917838276291472,0.016334141890053604,0.016739244865858496,0.017139117718938748,0.017537237480161012,0.01793629555165875,0.018338705942614296,0.01874666584477165,0.019162189064713633,0.019587129751672424,0.02002315479853429,0.020471788266912087,0.020934420661255646,0.02141220356121784,0.021905904417254016,0.022415537213072694,0.02293961713768202,0.023474011099626168,0.024010119018441432,0.024532303083910408,0.02501485483159783,0.025418978026316243,0.025690886279134288,0.025762081353386805,0.025549390824084885,0.024941472476994575,0.023756525246933172,0.021862128857691565,0.020460661281194035
3.659999999999933,-0.021549273510295258,0.004182344397987303,0.010666230442062573,0.01312450962876729,0.014245104772859854,0.014907949610086632,0.015407794893688695,0.01584654612736987,0.016260429252592294,0.0166630456607327,0.017060371802564256,0.017455886322416802,0.01785227996097513,0.01825196497988279,0.018657136400695863,0.019069805708585373,0.01949182466384353,0.01992485773510932,0.020370426476943808,0.02082991879316985,0.02130448367996135,0.02179488623833185,0.022301138850520732,0.022821756850162564,0.023352610654064562,0.023885109661121947,0.024403635418418265,0.02488251408955392,0.025283006546299596,0.025551415328005846,0.025619375219693243,0.025403908457961057,0.02479395384944667,0.02360808147093294,0.021714082707039287,0.020313354290800428
3.664999999999933,-0.021596753096412274,0.004124551175013754,0.01060593943109651,0.013062350127223956,0.014181017723992943,0.0148417728303167,0.015339390573832525,0.015775811552161963,0.016187285820511963,0.01658742795275937,0.01698222020683647,0.01737514276836827,0.017768885676371925,0.018165859423133326,0.018568256849373705,0.018978087115485466,0.01939719959484557,0.01982725633811675,0.02026977640296289,0.02072614510601797,0.021197508876054663,0.021684630482016336,0.02218752072080997,0.02270469508032807,0.023232027481072195,0.023760936768870262,0.024275823767728397,0.024751049111720234,0.025147930502379845,0.025412858948370372,0.02547760152282686,0.025259373977271612,0.02464739442151642,0.02346060190001377,0.02156699854301458,0.02016700430250908
3.669999999999933,-0.021643674794691446,0.0040672948556931075,0.010546173557806134,0.013000713924702496,0.014117457916771204,0.014776130630390657,0.015271530218814392,0.015705631626002678,0.016114708607887995,0.016512388691808613,0.016904659814842432,0.017295003632167273,0.01768610944089638,0.018080385942183745,0.01848002378519908,0.018887029802169664,0.019303250981556823,0.019730346962201887,0.020169834314750366,0.020623095781874812,0.021091275240822417,0.02157513314551991,0.022074678723222513,0.022588427625571852,0.023112257271750185,0.02363759592190382,0.02414886359684266,0.02462045524429211,0.025013745120052805,0.02527521224645349,0.0253367552567874,0.02511578228038887,0.02450178902726146,0.02331408135464768,0.021420871228820373,0.02002160623065089
3.6749999999999328,-0.021690041667867883,0.004010572573674537,0.010486930052486436,0.012939598273600496,0.014054422586107146,0.014711020206725173,0.01520421097507406,0.015636003438720802,0.016042694643777104,0.016437924843005373,0.016827687525402826,0.01721546574409016,0.017603948014185414,0.017995541223922787,0.018392433820154035,0.01879663030352795,0.019209975279415557,0.01963412598090613,0.02007059650139092,0.020520767022662208,0.020985778885923588,0.021466390246918807,0.021962608778642853,0.02247295030552121,0.02299329574005891,0.023515082724031737,0.024022750395095042,0.024490727858568068,0.024880445650728528,0.02513847035521006,0.025196831443240406,0.02497312829399738,0.02435713252954609,0.023168514683590706,0.02127569565515139,0.019877155016366055
3.6799999999999327,-0.021735856763735836,0.0039543814761496075,0.010428206158446012,0.012879000439249506,0.013991908980122647,0.014646438769220484,0.015137430002929135,0.0155669240944382,0.01597124097186377,0.016364033386710088,0.01675130025300233,0.017136525950488323,0.01752239817237875,0.01791132197212858,0.018305483583574277,0.018706885172234167,0.019117368962158706,0.01953858978662055,0.01997205927138042,0.020419155050184375,0.020881015943501932,0.021358397825320976,0.02185130682945633,0.022358258961839027,0.022875138622631613,0.023393392802410772,0.023897479675925638,0.024361862350737225,0.02474802737162349,0.02500262843435057,0.02505782513134261,0.0248314069730182,0.024213419819667344,0.02302389676404832,0.021131466740379082,0.01973364562776273
3.6849999999999326,-0.021781123115047322,0.003898718723867649,0.010369999131922741,0.012818917699833255,0.013929914359966704,0.014582383541196316,0.015071184476471468,0.015498390711487599,0.015900344650548064,0.016290711318289155,0.01667549492757835,0.01705818111372562,0.01744145670803315,0.01782772490750927,0.018219169722154347,0.018617790978782064,0.019025428521818006,0.019443734790529684,0.019874218952472506,0.02031825610597697,0.020776982565878847,0.021251151940603567,0.021740768839428954,0.022244349458135183,0.02275778167871833,0.02327252180753709,0.02377304697676844,0.024233854141871892,0.02461648558567578,0.02486768167011063,0.02491973139764166,0.024690613300449353,0.02407064581750305,0.02288022250157465,0.020988179430344825,0.019591073059642774
3.6899999999999324,-0.021825843739740346,0.003843581490981109,0.010312306241932558,0.01275934734635856,0.013868435999843397,0.014518851759377517,0.015005471583628143,0.015430400422404116,0.015830002752800176,0.01621795564817865,0.016600268494516436,0.016980428111883886,0.01736112042996657,0.01774474676749901,0.018133488899780045,0.01852934431134898,0.0189341504685651,0.019349557422406405,0.01977707189151012,0.0202180664512545,0.020673674925590198,0.021144648673348938,0.021630990793586248,0.022131217679950552,0.022641220690109987,0.023152465413074256,0.023649447859119602,0.02410669867780088,0.024485815621336553,0.02473362527514746,0.02478254534591416,0.02455074228714351,0.02392880547119526,0.022737486829903637,0.02084582869844557,0.019449432333687164
3.6949999999999323,-0.021870021640882628,0.0037889669650213458,0.010255124770240738,0.01270028668246577,0.01380747118687592,0.014455840673736661,0.014940288525935269,0.015362950373757218,0.01576021236606989,0.0161457634016771,0.016525617914584536,0.0169032638390105,0.01728138616327573,0.017662384306157894,0.018048437797439275,0.018441541775637282,0.018843531330600093,0.019256054130548976,0.019680614454376983,0.02011858236671915,0.020571089215263502,0.021038884124731178,0.02152196869807422,0.02201885953455034,0.02252545146097512,0.02303321931583171,0.02352667790827224,0.02398039142897243,0.024356012832678964,0.02460045448856714,0.024646262107252855,0.024411788972043446,0.023787893757177554,0.02259568471076345,0.020704409545285133,0.01930871849818108
3.6999999999999322,-0.02191365980696885,0.0037348723468076067,0.010198452011332232,0.012641733024538832,0.013747017221038084,0.014393347547433433,0.014875632518526714,0.015296037726138316,0.015690970592205325,0.016074131618924285,0.01645154016369608,0.016826685204627267,0.017202250749073198,0.017580634294097973,0.017964013113129264,0.01835437999489988,0.018753567654103718,0.019163221381733098,0.01958484302589121,0.02001980015254008,0.020469221647358003,0.020933854416398598,0.02141369858019247,0.02190727095096307,0.022410469817917802,0.022914779235643605,0.023404732733291925,0.02385492789044293,0.0242270725991069,0.02446816457569758,0.024510876839770677,0.024273748421708527,0.02364790568006161,0.02245481113411395,0.020563916998981566,0.019168926628145032
3.704999999999932,-0.021956761211774825,0.003681294850384041,0.010142285272311397,0.012583683701474486,0.01368707141512927,0.014331369656783199,0.014811500790046866,0.015229659654013647,0.015622274547392408,0.016003057354772397,0.016378032233029062,0.016750689133981162,0.017123711044565865,0.017499493518451013,0.01788021156175898,0.018267855609645032,0.018664256003035375,0.01907105566096286,0.019489754009598126,0.019921716128080736,0.020368068454256295,0.020829555690428322,0.021306176488113372,0.021796447879607512,0.022296271609539297,0.022797140915186857,0.023283607966838357,0.02373030358170133,0.02409899032537747,0.02433675082805447,0.024376384728620998,0.024136615730520936,0.02350883627256787,0.022314861117705104,0.020424346114760034,0.01903005182515099
3.709999999999932,-0.021999328814563943,0.003628231702950907,0.010086621872841092,0.012526136054682948,0.013627631094684442,0.014269904291134495,0.014747890582585545,0.015163813345710965,0.015554121362005612,0.015932537678742927,0.01630509112870537,0.016675272567712895,0.01704576392279855,0.017418958782618548,0.017797029875004415,0.018181965277732588,0.018575592959111143,0.01897955347150353,0.019395343827813355,0.01982432663208238,0.020267625888069733,0.020725984109138958,0.0211993984909489,0.02168638629249669,0.02218285270669823,0.022680300119968057,0.023163299265265537,0.02360651404662388,0.02397176144139001,0.024206208563209042,0.024242780985755587,0.02400038602027778,0.02337068059533905,0.022175829707226914,0.020285691975074946,0.018892089217305966
3.714999999999932,-0.02204136556017533,0.003575680144785382,0.01003145914506694,0.01246908743811529,0.013568693597852925,0.01420894875284904,0.014684799151544657,0.015098496003297974,0.015486508180663012,0.015862569674913604,0.016232713871914776,0.0166004324618964,0.01696840627270241,0.017339026906274466,0.01771446480129953,0.018096705674098598,0.018487575121634334,0.018888711334694826,0.019301608921467893,0.019727628022267494,0.020167890220457577,0.02062313585501605,0.02109336067843992,0.02157708218296886,0.022070209002235806,0.022564252638206658,0.023043802308213956,0.023483554853281755,0.023845381402196688,0.024076533124682296,0.024110060850028876,0.023865054440380565,0.023233433736809864,0.022037711975990557,0.02014794968940888,0.01875503395910082
3.719999999999932,-0.022082874379099792,0.003523637429152601,0.009976794433574531,0.01241253521797829,0.013510256275419066,0.0141485003571759,0.014622223765676234,0.015033704842486676,0.015419432161937502,0.015793150441801594,0.01616089749864803,0.016526165787833818,0.0168916349988519,0.01725969472526978,0.017632513105583884,0.018012073490775996,0.01840019910749187,0.018798525789910384,0.019208545749876946,0.019631616675329783,0.020068857742691914,0.02052100713062633,0.02098805916100807,0.021468531565561666,0.021958336410849866,0.022448994280704456,0.02292511279871778,0.023361421593883096,0.023719845687752896,0.02394771988180565,0.02397821958680307,0.023730616167425084,0.02309709081319066,0.02190050302497642,0.020011114394162963,0.018618881231423322
3.7249999999999317,-0.022123858187451953,0.003472100822300394,0.009922625095315222,0.012356476772865856,0.01345231649064826,0.014088556432200687,0.014560161706847954,0.01496943709260943,0.015352890478423057,0.01572427709231761,0.01608963905974116,0.016452469532149794,0.016815447021518534,0.017180959091485093,0.017551171569348573,0.01792806543673488,0.01831346155088181,0.01870899339430647,0.019116150790779975,0.019536288986963787,0.01997052476539336,0.020419594158481474,0.020883490069699737,0.02136073047597949,0.02184723086902951,0.022334520880700252,0.02280722646305488,0.023240109884671855,0.023595149802938562,0.02381976422962297,0.02384725248799842,0.023597066405283664,0.02296164696830262,0.021764197982707602,0.01987518125271545,0.018483626241427416
3.7299999999999316,-0.022164319887236616,0.003421067603325486,0.009868948499537337,0.012300909493627898,0.013394871619303535,0.014029114318763542,0.014498610270131967,0.014905689996482289,0.01528688031664973,0.01565594675366302,0.016018935620696808,0.016379340696446445,0.01673983927645504,0.017102816872777375,0.017470436990494317,0.0178446782377617,0.01822735910336903,0.018620110722953852,0.019024420540214214,0.01944164137150371,0.019872887618449225,0.02031889318087925,0.02077964955578159,0.02125367497093052,0.02173688833490749,0.02222082829384988,0.022690139050636694,0.02311961536584598,0.02347128927731113,0.02369266158880754,0.02371715487203744,0.02346440038494614,0.02282709737341142,0.02162879200504563,0.019740145455182795,0.018349264222469235
3.7349999999999315,-0.022204262366274544,0.0033705350641261983,0.009815762027688253,0.012245830783299633,0.013337919049520825,0.013970171370475196,0.014437566763617658,0.01484246081034056,0.01522139887691892,0.015588156567308857,0.015948784261667345,0.01630677629746561,0.01666480871486784,0.017025264952845207,0.017390306183193684,0.017761908636453282,0.0181418884337712,0.018531874368506816,0.018933351512355357,0.0193476702620312,0.01977594265101231,0.02021890045991581,0.02067653379095035,0.021147361128014287,0.021627304788203253,0.022107912397965154,0.022573846333736783,0.02299993370131024,0.02334825966510115,0.023566407405453942,0.023587922083457388,0.023332613364204682,0.022693437227147187,0.02149428027511803,0.019606002218249343,0.018215790433894825
3.7399999999999314,-0.022243688498427398,0.003320500509325393,0.009763063073421707,0.012191238056977576,0.013281456181702917,0.013911724953462733,0.014377028508369822,0.014779746803819417,0.015156443373284697,0.015520903688746495,0.01587918207727745,0.016234773366769314,0.01659035230327998,0.016948300231143073,0.01731077597781256,0.017679753391953823,0.018057046227859076,0.018444280941198234,0.018842940239376018,0.01925437211010693,0.019679686231183408,0.020119612277288982,0.020574138967058668,0.02104178504566343,0.021518476230062363,0.021995769093131563,0.02245834410768203,0.02288106057867212,0.023226056545060533,0.023440997151032192,0.023459549493071878,0.023201700627827605,0.02256066175531925,0.021360658003251196,0.01947274678529354,0.018083200161145556
3.7449999999999313,-0.022282601143470752,0.0032709612562717523,0.009710849042517913,0.012137128741895048,0.013225480428572689,0.013853772446467972,0.014316992838366637,0.014717545259782024,0.015092011033460596,0.015454185287597148,0.015810126176569753,0.016163328950796838,0.01651646702350617,0.016871919622832632,0.017231843220800413,0.017598209280030676,0.017972829188553963,0.01835732706875709,0.018753183271497584,0.019161743385809255,0.019584114746155276,0.020021024934150713,0.02047246129605702,0.02093694284295801,0.021410398682981002,0.0218843943013666,0.022343628190450677,0.022762991709128676,0.023104675520222932,0.02331642632218412,0.023332032497638967,0.023071657487241062,0.02242876621090082,0.021227920426769516,0.019340374426029875,0.01795148871552732
3.749999999999931,-0.022321003147376072,0.0032219146348193995,0.009659117352758477,0.01208350027726059,0.013169989215026684,0.013796311240736997,0.014257457100424127,0.014655853474330464,0.015028099098733115,0.01538799854742151,0.015741613683066005,0.01609244011080269,0.016443149872481033,0.01679612005860669,0.017153504774688265,0.01751727309286389,0.017889234035556985,0.01827100939622925,0.018664077176677465,0.019069780577513566,0.019489224601915853,0.019923134751107782,0.02037149700980388,0.020832830659568383,0.02130306819062477,0.021773783966579644,0.022229694422666247,0.022645722827232647,0.02298411221795159,0.023192690440705113,0.023205366519843534,0.022942479280377393,0.02229774587377398,0.021096062809830694,0.019208880436591014,0.01782065143406217
3.754999999999931,-0.022358897342303095,0.0031733579874643853,0.009607865433942847,0.012030350114201591,0.01311497997807614,0.013739338739896209,0.014198418654125322,0.014594668756677925,0.014964704823888597,0.015322340665632612,0.015673641734403262,0.016022103922581354,0.016370397862219048,0.0167208984847001,0.017075757517792244,0.017436941638957575,0.017806257505421776,0.018185324585938793,0.018575618540669088,0.018978480191822224,0.019395012223168008,0.019825938068017652,0.02027124236006632,0.020729444655619156,0.02119648081782164,0.021663934054505122,0.02211653866754447,0.022529249690921366,0.022864362289760944,0.02306978505334141,0.023079547008117318,0.0228141613715878,0.02216759605061092,0.020965080443445125,0.01907826013923057,0.017690683679530816
3.759999999999931,-0.022396286546582104,0.003125288669126906,0.009557090727784837,0.011977675715722159,0.01306045016676976,0.013682852359927791,0.014139874871715382,0.014533988429031738,0.014901825477124084,0.015257208853463846,0.015606207482485888,0.015952317476610592,0.01629820801968784,0.016646251862605835,0.016998598344324198,0.01735721174306623,0.01772389635135385,0.018100269317367277,0.018487803966843096,0.018887838753464784,0.019301474053288255,0.019729431243947958,0.02017169361833547,0.02062678101156743,0.021090632650301755,0.021554840552539874,0.022004156810631857,0.022413568081244086,0.022745421411096405,0.02294770573158339,0.022954569436466406,0.02268669915155464,0.022038312074803487,0.02083496864520777,0.018948508882321042,0.01756158084020437
3.764999999999931,-0.022433173565035443,0.0030777040471063476,0.009506790687833081,0.011925474556639358,0.01300639724213085,0.013626849529098001,0.014081823138069185,0.014473809826697607,0.0148394583400045,0.01519260033586106,0.015539308093298607,0.01588307787777693,0.016226577386791372,0.01657217716926626,0.016922024164169772,0.017278080246123227,0.017642147343188374,0.018015840287005647,0.018400630076081254,0.018797852805230254,0.019208606554236715,0.01963361065696642,0.02007284707571024,0.02052483592809176,0.02098551979474165,0.021446499469643755,0.021892544759843282,0.02229867380242059,0.02262728528133122,0.022826448071710297,0.02283042930441563,0.022560088037028404,0.021909889306255398,0.020705722759181686,0.018819622040251643,0.0174333383298682
3.7699999999999307,-0.02246956118881875,0.0030306015010989357,0.009456962779483423,0.011873744123538442,0.012952818677216963,0.013571327687903298,0.014024260850622493,0.014414130297716385,0.014777600707313581,0.015128512351395266,0.015472940746821606,0.01581438224541933,0.016155503020161645,0.01649867139673431,0.01684603190284925,0.017199544005020717,0.017561007267189482,0.017932034208361737,0.01831409350667068,0.018708518907702597,0.019116406206232762,0.019538472704125617,0.019974699042854753,0.02042360562600934,0.02088113837851019,0.021338906836162037,0.021781698445135198,0.022184562681481248,0.022509949623550938,0.022706007694535374,0.022707122136782578,0.02243432347080701,0.021782323131267455,0.020577338155859347,0.01869159501318561,0.0173059515876086
3.7749999999999306,-0.022505452195544014,0.002983978423016861,0.009407604479820558,0.011822481914649238,0.012899711956853735,0.01351628428901194,0.013967185419300577,0.014354947203145795,0.014716249887063822,0.015064942152205291,0.01540710263696328,0.015746227713143192,0.016084981991189677,0.016425731552128994,0.016770618501370394,0.017121599892674307,0.017480472926039464,0.017848847811647518,0.018228190914192668,0.018619833639325848,0.019024869507927276,0.01944401380137461,0.019877245849767577,0.020323086346109562,0.020777484549634066,0.021232058703823022,0.021671613818640145,0.02207123056831739,0.022393410184443494,0.02258638024523748,0.02258464348363239,0.02230940092148355,0.02165560896236461,0.020449810231861796,0.018564423227004356,0.01717941607767789
3.7799999999999305,-0.02254084934948935,0.002937832217062295,0.009358713277676928,0.011771685439877002,0.012847074577694937,0.013461716797074946,0.013910594266378496,0.014296257916618567,0.014655403200353528,0.01500188700388504,0.015341790971512174,0.01567861142880161,0.01601501138581758,0.016353354657699225,0.016695780916219132,0.017044244797833022,0.017400541138734276,0.01776627784396673,0.01814291897149306,0.018531793596303896,0.01893399297613712,0.019350230383266952,0.019780483845773834,0.020223274349055916,0.020674554476662003,0.021125951145497535,0.02156228685427507,0.02195867333553254,0.02227766273422081,0.022467561393368658,0.022462988920034233,0.02218531588340449,0.021529742238218783,0.020323134409932667,0.018438102133202038,0.017053727289511125
3.7849999999999304,-0.022575755401442264,0.0028921602995494664,0.009310286673474026,0.01172135222067527,0.012794904048137361,0.013407622688895247,0.013854484826534928,0.014238059824573008,0.014595057981344048,0.01493934418547565,0.015277002971995822,0.015611530554395809,0.015945588304573675,0.01628153775051749,0.01662151611913464,0.016967475624967785,0.017321208740406303,0.017684321068958724,0.018058274368492708,0.018444395392285737,0.01884377314580355,0.019257118903092455,0.019684409399389216,0.020124165915364874,0.020572344348571196,0.021020580255137627,0.02145371354784698,0.021846886878239144,0.022162703066405554,0.02234954683259294,0.02234215404604455,0.022062063876454888,0.021404718423429087,0.0201973061387934,0.018312627208715064,0.016928880737513707
3.7899999999999303,-0.022610173089038194,0.002846960098853163,0.009262322179149764,0.011671479789968974,0.012743197888244531,0.013353999453098377,0.013798854546680365,0.01418035032601219,0.014535211577104929,0.014877310989234626,0.015212735873590311,0.015544982265953525,0.015876709862422702,0.016210277882546226,0.016547821097191176,0.016891289294261473,0.01724247258229679,0.017602974266832834,0.017974253812065494,0.018357635658523407,0.018754206569757653,0.019164675832582603,0.019589018898170156,0.02002575734504099,0.020470850374491333,0.020915942147640226,0.02134588991680405,0.021735867113996228,0.022048526997736594,0.022232332280557803,0.02222213448638917,0.02193964044591078,0.021280533008343063,0.02007232089280525,0.018187993955775805,0.016804871960837936
3.79499999999993,-0.022644105136628914,0.002802229055442876,0.009214817318247233,0.011622065692243923,0.012691953629749661,0.013300844590322831,0.013743700885952424,0.014123126832446231,0.014475861347651985,0.014815784720768116,0.015148986925160667,0.015478963753542794,0.015808373188641128,0.01613957212046252,0.01647469285255905,0.016815682741411465,0.017164329531645827,0.017522234234230383,0.017890854026038645,0.018271511043538215,0.018665289818770265,0.01907289766189527,0.019494308748611,0.019928044957808207,0.020370068783887856,0.02081203295874708,0.02123881200005732,0.021625609982654483,0.021935130368059795,0.022115913478818673,0.022102925890518897,0.021818041162370246,0.02115718150913555,0.019948174172201745,0.018064197901832512,0.016681696523473975
3.79999999999993,-0.022677554255418782,0.0027579646216964455,0.009167769625674102,0.011573107483266358,0.012641168815896348,0.01324815561292965,0.013689021315604316,0.014066386767926882,0.014417004665757037,0.014754762698770246,0.01508575338901519,0.015413472221028807,0.015740575426809327,0.016069417545610386,0.01640212840243036,0.016740652917576503,0.017086776471597415,0.0174420977841518,0.01780807175099467,0.018186018213224842,0.018577019481372168,0.018981780899443326,0.01940027537609422,0.019831025092691613,0.020269995826139753,0.02070884884490981,0.021132475858090992,0.021516111446224978,0.021822509040142497,0.022000286192651836,0.021984523932268726,0.0216972616214372,0.021034659467278113,0.019824861502482326,0.017941234599317936,0.01655935001394584
3.80499999999993,-0.022710523143518603,0.0027141642619513914,0.009121176647781311,0.011524602730179412,0.012590841001417856,0.013195930045097698,0.013634813318995636,0.01401012756886236,0.014358638917019106,0.014694242255102886,0.015023032540953432,0.015348504886163936,0.015673313734685237,0.01599981125392636,0.016330124779040642,0.01666619678934765,0.01700981030103308,0.01736256174576017,0.017725903744258167,0.01810115385054569,0.018489392163726887,0.018891322071819178,0.019306915224630322,0.01973469410803114,0.020170627770601718,0.020606385983148956,0.021026877572508807,0.0214073674887129,0.021710658899524615,0.021885446210885576,0.021866924309847144,0.021577297443792144,0.020912962449733705,0.019702378434640955,0.01781909962562714,0.016437828045211322
3.80999999999993,-0.022743014486100607,0.002670825452330516,0.009075035942229283,0.011476549011415494,0.012540967752522156,0.01314416542266687,0.013581074391425115,0.01395434668398992,0.014300761499579541,0.014634220734553149,0.014960821670141795,0.015284058980397275,0.015606585284106154,0.01593075035577575,0.016258679029418122,0.016592311338524957,0.016933427934632875,0.017283622964436952,0.017644346779649957,0.018016914655584765,0.018402404489588894,0.01880151772374757,0.019214224756978343,0.019639048381451762,0.020071960906462415,0.02050464057096358,0.020922013246212887,0.0212993741161472,0.021599575854509306,0.021771389345864204,0.021750122745694853,0.021458144274819915,0.020792086048580266,0.01958072054480261,0.01769778858292737,0.016317126254682766
3.81499999999993,-0.022775030955338796,0.002627945680821585,0.009029345077985022,0.011428943916625692,0.012491546646785584,0.013092859293163677,0.01352780204016953,0.013899041574280372,0.014243369824289559,0.01457469549489613,0.014899118078958457,0.015220131748802535,0.015540387260941334,0.015862231975944618,0.0161877882154446,0.016518993562160935,0.016857626302590356,0.017205278301556454,0.01756339764756864,0.017933297345351994,0.018316053100118423,0.01871236441783913,0.01912220045424945,0.019544084309486398,0.01997399154250829,0.020403608826187244,0.0208178790030402,0.021192127356181423,0.02148925583587628,0.02165811143323401,0.021634114986200634,0.021339797784658082,0.020672025881021832,0.019459883434206293,0.01757729709796983,0.01619724030381785
3.8199999999999297,-0.022806575210596803,0.0025855224470540373,0.008984101635201153,0.01138178504660482,0.012442575273093146,0.01304200921564611,0.013474993784414918,0.013844209712982246,0.014186461314452462,0.014515663906754277,0.01483791908311578,0.01515672045006709,0.015474716864996877,0.015794253253546008,0.016117449413650158,0.016446240472330127,0.01678240235060013,0.01712752463437474,0.017483053154719392,0.01785029865370592,0.01823033465382987,0.018623858734551742,0.01903083881605752,0.019449798307799856,0.01987671600717974,0.020303286986855053,0.020714470987836995,0.021085623258236954,0.021379694796812152,0.02154560833173215,0.021518896801746578,0.02122225366789135,0.020552777589116264,0.019339862728933777,0.01745762082203331,0.016078165878242047
3.8249999999999296,-0.022837649898390124,0.0025435532623827007,0.008939303205203383,0.011335070013268292,0.012394051231578393,0.012991612760699489,0.013422647155116513,0.013789848585417357,0.014130033405859565,0.014457123353548736,0.014777222011348784,0.015093822356317354,0.015409571309894114,0.015726811341843786,0.016047659715175064,0.016374049096177297,0.016707753039893733,0.01705035885614961,0.01740331012417285,0.01776791533126177,0.018145245826457032,0.018535997272158183,0.01894013636026019,0.019356186810836312,0.019780130648376706,0.020203671311183106,0.02061178536621835,0.02097985789320806,0.0212708887127689,0.021433875923147414,0.021404463986304318,0.02110550764345079,0.020434336839672714,0.019220654079860622,0.017338755430726733,0.015959898687513054
3.8299999999999295,-0.02286825765254196,0.0025020356497583666,0.00889494739046627,0.011288796439610886,0.01234597213362673,0.012941667510345839,0.013370759694927539,0.013735955688938572,0.014074083546680164,0.01439907123141679,0.0147170242055106,0.015031434753102212,0.015344947823049081,0.015659903408342446,0.015978416225700363,0.016302416475735416,0.01663367534691163,0.016973777875752372,0.017324165395134945,0.017686144145304814,0.018060783310882844,0.01844877664646619,0.018850089622851084,0.019263246271735774,0.01968423183325769,0.020104758077216036,0.020509818324333948,0.02087482735327778,0.021162833581341665,0.02132291011220531,0.021290812357652067,0.020989555454541096,0.02031669932406386,0.019102253162441976,0.017220696623871032,0.01584243446497165
3.8349999999999294,-0.022898401094180704,0.002460967143699105,0.00885103180451316,0.011242961959581136,0.012298335601718554,0.012892171058048555,0.013319328958294555,0.013682528532921465,0.014018609197386367,0.01434150494912191,0.014657323020430879,0.014969554939341023,0.015280843645567128,0.015593526634518441,0.01590971606533559,0.016231339667843746,0.016560166263364,0.01689777861772864,0.017245615822907193,0.017604981879613856,0.017976943817001458,0.018362193490877882,0.01876069515791586,0.019170973162280832,0.019589015948258345,0.020006543583021626,0.020408566069024546,0.020770527752040812,0.02105552542212921,0.021212706826347863,0.021177937756845292,0.020874392868342556,0.020199860758126492,0.018984655676566323,0.017103440125293065,0.01572576896755896
3.8399999999999292,-0.02292808283185565,0.002420345290202075,0.008807554071851884,0.011197564218097988,0.012251139269469113,0.012843121008542444,0.013268352511177047,0.013629564638705266,0.013963607830700454,0.014284421928025207,0.014598115823814229,0.014908180227121808,0.015217256032129112,0.015527678215830877,0.0158415563684777,0.01616081574409948,0.016487222796060692,0.016822358022177027,0.017167658278763806,0.01752442533443495,0.01789372407159298,0.0182762444561993,0.018671949537470586,0.01907936397280544,0.019494479398903204,0.019909024146285953,0.02030802482749306,0.020666955224097,0.020948960276541546,0.021103262015558868,0.021065836048301662,0.020760015675961224,0.020083816881938554,0.01886785734647241,0.016986981682860097,0.015609897975846235
3.844999999999929,-0.022957305461614258,0.002380167646674589,0.008764511827927368,0.011152600870972054,0.012204380781464403,0.012794514977857952,0.013217827931159162,0.013577061539394985,0.013909076931534516,0.01422781960197196,0.014539399996234723,0.01484730794177917,0.015154182250978279,0.015462355361644725,0.015773934283893294,0.01609084179072201,0.016414841966917677,0.016747513044703302,0.017090289649918565,0.017444471326381727,0.017811120818348833,0.018190926210523442,0.018583849351368198,0.018988415211956735,0.019400618609694064,0.019812196104328345,0.020208190847163392,0.02056410592504681,0.020843134207745948,0.020994571652310168,0.020954503119582676,0.020646419692267555,0.019968563459796695,0.018751853920500307,0.01687131706805113,0.015494817293738802
3.849999999999929,-0.022986071566995166,0.002340431781966739,0.00872190271913306,0.011108069584849705,0.012158057793376706,0.012746350593266637,0.01316775280729361,0.013525016780004716,0.013855013996894922,0.014171695417245337,0.01448117293100093,0.014786935421699742,0.015091619583730995,0.015397555295091528,0.01570684697438687,0.01602141490852263,0.01634302081275245,0.01667324065622317,0.01701350683935087,0.017365116688270444,0.01772913081751622,0.01810623543917151,0.018496391207166858,0.018898123406710494,0.019307430023971475,0.019716055814001338,0.02010906039569481,0.020461976031394782,0.0207380433004596,0.02088663173142899,0.020843934881288682,0.020533600755662657,0.019854096279782487,0.018636641170938738,0.016756442076073765,0.015380522748370427
3.854999999999929,-0.02301438371910792,0.0023011352762356157,0.008679724402660726,0.011063968037122576,0.012112167971662029,0.012698625493151088,0.013118124740051413,0.013473427917181495,0.01380141653580762,0.014116046832471103,0.01442343203411306,0.014727060018308778,0.01502956532547558,0.01533327525307313,0.01564029161696628,0.015952532212707423,0.016271756385246694,0.016599537842932926,0.016937306765715046,0.01728635826906425,0.017647750846120948,0.018022168844560312,0.018409571730088586,0.01880848510222017,0.019214910103899377,0.01962059965152638,0.020010629760743054,0.020360561740341544,0.02063368366090048,0.020779438269809315,0.020734127266768588,0.02042155472804532,0.019740411153965055,0.018522214894072818,0.016642352525644062,0.015267010190077835
3.859999999999929,-0.02304224447683274,0.0022622757209065556,0.008637974546563326,0.011020293915988895,0.01206670899374978,0.012651337327037902,0.013068941341334767,0.013422292519322065,0.013748282069356013,0.01406087131860013,0.014366174724210763,0.014667679095978652,0.014968016784491557,0.015269512486082194,0.015574265402562371,0.01588419083294591,0.016201045750888775,0.01652640160623661,0.016861686363266654,0.017208192933790292,0.01756697769754367,0.017938723146062322,0.01832338756281129,0.01871949686160828,0.01912305533018109,0.019525824012281826,0.019912895249871287,0.020259859269671616,0.020530051416507995,0.02067298730646432,0.020625076232211725,0.020310277494589468,0.019627503918025674,0.018408570909705192,0.016529044258737302,0.01515427549204862
3.8649999999999287,-0.023069656386671265,0.002223850718559028,0.008596650829523,0.010977044920236413,0.012021678547841521,0.012604483755457169,0.013020200234296477,0.013371608166362164,0.013695608130440391,0.014006166358760957,0.014309398432411354,0.014608790031924095,0.014906971282314899,0.015206264258215037,0.015508765536088256,0.015816387913151136,0.016130885990821194,0.016453828962584346,0.016786642581846072,0.01713061756341105,0.017486808181699776,0.017855895080017642,0.018237835365459917,0.01863115526605378,0.019031862202104375,0.019431725310883555,0.019815853190402622,0.020159864857641825,0.02042714271598087,0.020567274902268142,0.02051677775627753,0.02019976496357032,0.01951537043108574,0.01829570506125082,0.016416513140531684,0.015042314550373017
3.8699999999999286,-0.02309662198298834,0.002185857883067134,0.008555750941028154,0.010934218759358292,0.011977074332897356,0.012558062449955321,0.012971899053354836,0.013321372449820897,0.01364339226381615,0.013951929448262106,0.014253100602388394,0.01455039021623247,0.01484642615359982,0.015143527847000994,0.015443789236230309,0.015749120611470022,0.016061274200788744,0.016381816943447994,0.01671217238661839,0.017053629054729794,0.017407239124689423,0.01777368139944064,0.018152911815362625,0.01854345691445857,0.01894132723732292,0.019338299980919633,0.019719499929353995,0.02006057476285636,0.020324953728999454,0.020462297139772802,0.02040922784007523,0.02009001306627254,0.019404006575663456,0.0181836132155042,0.016304755059284488,0.014931123283849938
3.8749999999999285,-0.023123143787950214,0.0021482948392993304,0.008515272581150805,0.010891813153357997,0.011932894058587228,0.012512071092965994,0.012924035444168223,0.013271582972682112,0.013591632026094272,0.013898158094523692,0.014197278690144881,0.014492477051607895,0.014786378746069055,0.01508130054339155,0.0153793337354917,0.015682386100143605,0.01599220749103766,0.016310362595172465,0.016638272758067146,0.01697722432030453,0.017328267368912,0.01769207887412755,0.018068613607158977,0.018456398423501857,0.018851446971812322,0.019245544474860248,0.019623831833263577,0.01996198526412769,0.020223480646178866,0.020358050123228118,0.020302422506937486,0.019981017756775226,0.019293408257466657,0.018072291262447557,0.016193765926149073,0.014820697633785719
3.8799999999999284,-0.02314922431163256,0.0021111592232425052,0.008475213460540367,0.010849825832816788,0.011889135445233569,0.012466507377820265,0.012876607063444357,0.013222237349347136,0.013540324985504065,0.013844849816904167,0.014141930164047063,0.01443504795349899,0.014726826420417895,0.01501957965168618,0.015315396280011537,0.01561618156548731,0.015923682986218587,0.016239462978974356,0.01656494069198031,0.01690140028835433,0.017249889772804446,0.017611084290404526,0.017984937452487006,0.018369976427503744,0.018762217959670327,0.019153455263969266,0.019528845288061106,0.019864092660311382,0.020122719678883058,0.02025452997827413,0.02019635780232836,0.01987277501187635,0.01918357140523425,0.017961735115205178,0.01608354167495576,0.014711033563925353
3.8849999999999283,-0.023174866052149922,0.002074448681832158,0.008435571300424674,0.01080825453874369,0.01184579622377746,0.012421369008693246,0.01282961157906869,0.01317333320560067,0.013489468722004344,0.013792002146794784,0.014087052504692102,0.01437810034986816,0.014667766550242746,0.014958362489383955,0.015251974129541927,0.015550504207748825,0.01585569782537395,0.016169115170735122,0.016492173199177,0.01682615390263239,0.017172103210873965,0.017530694451091657,0.017901880079944744,0.018284187578196574,0.01867363677309468,0.019062028838108962,0.019434536698969884,0.019766893270251374,0.020022667059106675,0.02015173285186746,0.02009102979373257,0.019765280830873783,0.019074491970593327,0.017851940709799948,0.015974078262296357,0.014602127060290782
3.889999999999928,-0.023200071495608005,0.0020381608729673328,0.008396343832461638,0.010767097022573058,0.011802874135638306,0.012376653700456278,0.01278304666985099,0.013124868178483639,0.013439060827087389,0.013739612627426994,0.014032643204926844,0.014321631681212579,0.014609196521955106,0.014897646387159794,0.015189064557337806,0.015485351241070864,0.015788249161709313,0.01609931626099277,0.016419967305582844,0.01675148212236628,0.01709490457342568,0.017450906175325694,0.017819438235039696,0.01819902854475984,0.018585700002252147,0.018971261705795685,0.019340902490373547,0.019670383432586657,0.019923319039345896,0.020049654912208472,0.01998643457037074,0.019658531235420548,0.0189661659279232,0.017742904005003664,0.015865371667085914,0.014493974131061318
3.894999999999928,-0.02322484311619695,0.002002293465530606,0.008357528798825838,0.010726351046168502,0.011760366932818907,0.012332359178750201,0.012736910025647816,0.01307683991629837,0.01338909890377862,0.01368767881388933,0.013978699769690106,0.01426563940048546,0.014551113734792393,0.014837428688816032,0.015126664850083857,0.015420719893356482,0.015721334162649318,0.01603006335483667,0.01634832005204513,0.016677381922181104,0.01701829076672266,0.017371716298603377,0.01773760868002046,0.018114496013604056,0.01849840425500065,0.01888115039379178,0.01924793910570531,0.019574559505643043,0.019824671892469205,0.019948292348470155,0.01988256824321949,0.01955252226945833,0.018858589274113435,0.017634620982200287,0.015757417890565503,0.014386570806306323
3.899999999999928,-0.023249183376307055,0.0019668441391008356,0.008319123952005382,0.010686014381633718,0.011718272377716086,0.012288483179834714,0.012691199347150373,0.013029246078527816,0.013339580566586382,0.013636198272954153,0.013925219715917878,0.014210120972941415,0.014493515600589441,0.014777706751100479,0.015064772307812124,0.015356607406218416,0.015654950009665713,0.015961353571774604,0.01627722849425417,0.01660385029191603,0.016942258712598898,0.017293121672519333,0.017656388193791204,0.018030586688401677,0.018411746157139725,0.018791691447338197,0.0191556430073056,0.019479417867343436,0.019726721911576053,0.01984764137073871,0.019779426944735824,0.019447249998892507,0.018751758028570462,0.017527087645322847,0.0156502129562504,0.014279913138098465
3.904999999999928,-0.023273094726483385,0.001931810584170943,0.008281127054899272,0.010646084811390141,0.011676588243104791,0.01224502345056719,0.012645912345957964,0.012982084335777251,0.013290503441418538,0.013585168583167412,0.013872200572651806,0.014155073876200628,0.014436399543843398,0.014718477943751876,0.015003384243872292,0.015293011034927237,0.015589093898237785,0.01589318404576731,0.01620668970273517,0.016530884236642212,0.016866805348586866,0.01721511916477601,0.017575773571810095,0.017947297289800577,0.018325722351889284,0.018702881429740838,0.019064010676307808,0.019384954915003885,0.019629465409844636,0.019747698209882803,0.01967700682876496,0.019342710511656085,0.018645668232900082,0.017420300020504504,0.01554375290956148,0.014173997200109204
3.9099999999999278,-0.023296579605623216,0.0018971905019092962,0.008243535880658761,0.010606560128098947,0.011635312312120902,0.012201977748370757,0.01260104674440372,0.012935352369677099,0.013241865165497427,0.013534587334670996,0.013819639880742987,0.014100495600064699,0.014379763001595927,0.01465973964940746,0.014942497984777162,0.015229928048295958,0.015523763037745837,0.015825551924965202,0.016136700762580218,0.01645848077646924,0.01679192762768479,0.017137705659044884,0.017495761626004476,0.017864624555446483,0.018240329500059327,0.018614716922413198,0.018973038612523547,0.01929116706527203,0.019532898720385047,0.01964845911731095,0.01957530407042362,0.019238899917405974,0.018540315950890125,0.017314254156176278,0.015438033817889595,0.014068819087653527
3.9149999999999276,-0.02331964044087406,0.0018629816042161178,0.008206348212662043,0.010567438134564202,0.011594442378248138,0.012159343841164022,0.012556600275611372,0.012889047872901798,0.013193663387321364,0.013484452129127647,0.013767535192979812,0.014046383646537274,0.014323603423307985,0.014601489263369426,0.014882110870153285,0.015167355728568114,0.015458954651366957,0.01575845437177835,0.01606725877355417,0.01638663694656335,0.01671762251835945,0.017060878054827387,0.01741634918459647,0.017782565239807632,0.018155564279773193,0.018527194524691162,0.018882723334305095,0.019198050753970675,0.019437018196265254,0.0195499203650646,0.01947431486592765,0.01913581434740627,0.018435697268239532,0.017208946122688563,0.015333051770297933,0.013964374917425002
3.9199999999999275,-0.02334227964784591,0.0018291816135972139,0.008169561844549252,0.010528716643715366,0.011553976245095753,0.012117119507288318,0.012512570683365112,0.012843168549068166,0.013145895766667737,0.013434760579770812,0.013715884073900115,0.013992735529635323,0.014267918270887579,0.014543724193768717,0.014822220252689568,0.015105291371400173,0.01539466597609169,0.015691888562698306,0.015998360849888142,0.016315349796925206,0.01664388700437115,0.0169846332674757,0.017337533092131475,0.017701116114164226,0.018071423386560013,0.01844031085387154,0.018793061378495936,0.019105602435982492,0.019341820210115525,0.019452078245399636,0.01937403543240475,0.019033449954447577,0.018331808292491442,0.01710437201227911,0.01522880287748997,0.013860660827458942
3.9249999999999274,-0.023364499630559008,0.0017957882631687563,0.008133174580043031,0.010490393478609101,0.011513911726523687,0.01207530253546386,0.012468955722058382,0.01279771211263605,0.01309855997439755,0.013385510311220932,0.013664684099773056,0.013939548775473782,0.014212705018556308,0.014486441861355512,0.01476282349808078,0.015043732285762428,0.015330894262540303,0.015625851688309256,0.015930004120223017,0.016244616392409882,0.016570718084734717,0.016908968227927475,0.017259310209210295,0.017620273966332537,0.017987903532949715,0.01835406254478709,0.01870404930016049,0.019013818585162736,0.01924730115423195,0.019354929070829988,0.019274462007846802,0.01893180291261691,0.018228645152888846,0.01700052793897131,0.015125283271625482,0.013757672976951822
3.9299999999999273,-0.023386302781540868,0.0017627992965804245,0.008097184233035645,0.010452466472292362,0.011474246646572196,0.01203389072478914,0.01242575315669552,0.012752676288947511,0.013051653692502675,0.013336698959504121,0.01361393285855657,0.013886820922091649,0.01415796115279767,0.014429639699400598,0.014703917984823671,0.014982675793840708,0.015267636774843375,0.015560340953020365,0.015862185727546742,0.016174433812616736,0.016498112773578873,0.016833879882787176,0.017181677412555475,0.017540035600789674,0.017905001448668304,0.018268446250018645,0.018615683672643994,0.018922695694101647,0.019153457440278777,0.01925846917392322,0.019175590850896176,0.018830869417187698,0.018126204000136634,0.016897410038270347,0.015022489106095677,0.013655407546080384
3.9349999999999272,-0.02340769148186167,0.0017302124680190927,0.008061588627406944,0.010414933467791281,0.011434978839300223,0.011992881884591078,0.012382960762762551,0.012708058814084962,0.013005174614015916,0.013288324171935493,0.013563627949734031,0.01383454951941256,0.014103684172242578,0.014373315153764912,0.014645501104352155,0.014922119231011229,0.015204890790736562,0.015495353575219046,0.015794902829093068,0.0161047991517309,0.016426068100122773,0.016759365194098295,0.01710463159480464,0.017460397838324607,0.01782271388029794,0.018183458639591147,0.018527961087298633,0.01883223027412759,0.019060285499297815,0.019162694907212882,0.019077418240707824,0.018730645684473364,0.0180244810063708,0.016795014467142176,0.014920416555488675,0.013553860735894718
3.939999999999927,-0.023428668101274315,0.0016980255420292073,0.008026385597097244,0.01037779231811473,0.011396106148876105,0.011952273834515852,0.01234057632625582,0.012663857434881881,0.012959120442975511,0.013240383607127086,0.013513766984444082,0.013782732129201641,0.014049871587721054,0.014317465682619043,0.01458757026071406,0.014862059945654068,0.015142653601329522,0.015430886787002536,0.01572815259616622,0.01603570951848097,0.016354581108492278,0.016685421139259325,0.01702816966441424,0.01738135751612279,0.017741037591331246,0.018099096400945633,0.018440878153533104,0.018742418855141472,0.018967781781451348,0.019067602643007872,0.01897994047684736,0.018631127951665907,0.01792347236488647,0.016693337403880227,0.014819061815495489,0.013453028768280053
3.944999999999927,-0.02344923499812291,0.0016662362936441717,0.007991572986026079,0.010341040886151428,0.011357626429442609,0.01191206440431284,0.01229859764356715,0.01262006990881192,0.012913488894286637,0.013192874934831011,0.01346434758517616,0.013731366324941442,0.013996520922041344,0.014262088756598432,0.014530122870773966,0.014802495299235925,0.015080922511071513,0.015366937834210483,0.01566193221425928,0.015967162036110732,0.01628364885769955,0.016612044711041912,0.01695228854561765,0.01730291148757595,0.01765996936192061,0.018015356238766645,0.018354431498505873,0.01865325798544764,0.018875942756063063,0.01897318877333645,0.018883153879153732,0.01853231247674386,0.017823174290108223,0.01659237504780147,0.01471842110256853,0.013352907885594855
3.949999999999927,-0.023469394519525913,0.0016348425081882329,0.007957148647982321,0.010304677044595516,0.011319537545066594,0.011872251433931738,0.012257022521443383,0.012576694003969702,0.01286827769378258,0.01314579583597879,0.013415367385886438,0.013680449691854108,0.013943629710026217,0.014207181858579573,0.01447315636389022,0.01474342266609684,0.015019694837688924,0.015303503976271324,0.015596238882747407,0.0158991538421578,0.016213268421569355,0.016539232917358003,0.016876985178286265,0.017225056622207517,0.017579505988941986,0.01793223487494525,0.01826861776713866,0.018564744231700323,0.018784764911230656,0.018879449709657575,0.01878705478751237,0.018434195538266057,0.017723583017424823,0.016492123619348684,0.014618490653987948,0.013253494350819153
3.954999999999927,-0.023489149001383144,0.0016038419812949034,0.007923110446660137,0.010268698675984646,0.011281837369736914,0.011832832773326541,0.012215848776921615,0.012533727498965919,0.012823484578070353,0.013099144002533874,0.013366824031873961,0.01362997982675901,0.013891195498442137,0.014152742483646273,0.014416668181984078,0.014684839433430024,0.014958967912056415,0.015240582486140753,0.015531069815019435,0.015831682088492647,0.01614343688850249,0.016466982781228216,0.016802256517841445,0.0171477898055602,0.017499644285698824,0.01784972904837548,0.018183433622018828,0.018476874178725736,0.018694244753993228,0.018786381882989187,0.018691639561878175,0.018336773435243574,0.0176246948029071,0.01639257935967158,0.014519266727571197,0.013154784447098207
3.9599999999999267,-0.023508500768402066,0.0015732325188772688,0.007889456255588588,0.01023310367262482,0.011244523787319053,0.011793806282599,0.012175074237365878,0.012491168183002391,0.012779107294521056,0.013052917137536531,0.013318715179739492,0.013579954338075177,0.013839215845837397,0.014098768139056136,0.014360655779439156,0.014626743001227627,0.014898739078236897,0.015178170650249448,0.015466422238114895,0.01576474394117988,0.016074151361615555,0.016395291340715122,0.01672809953519813,0.017071107939114566,0.017420381082004242,0.017767835514924987,0.0180988757431298,0.018389644429487213,0.01860437881000686,0.01869398174349235,0.0185969045819544,0.01824004248701515,0.017526505923341852,0.016293738530689158,0.014420745601587194,0.013056774477913957
3.9649999999999266,-0.023527452134219626,0.0015430119370126866,0.00785618395807769,0.010197889936520559,0.011207594691475958,0.011755169831755641,0.012134696740273268,0.012449013855634003,0.01273514360122761,0.01300711295494828,0.013271038497276564,0.013530370845684613,0.013787688322651679,0.014045256344137712,0.014305116623032159,0.01456913078219066,0.014839005693282805,0.015116265768440391,0.015402293392988542,0.015698336580383866,0.0160054089584671,0.016324155648780037,0.016654511216520056,0.016995007940121258,0.017341713223881654,0.01768655104729617,0.01801494082793264,0.018303051604818904,0.0185151636234844,0.018602245760514433,0.018502846247208854,0.01814399903310585,0.017429012675960392,0.016195597414852547,0.014322923574728261,0.01295946076676595
3.9699999999999265,-0.02354600540135806,0.0015131780619804958,0.007823291447179206,0.010163055379296867,0.011171047985595185,0.011716921300754829,0.012094714133339223,0.012407262326850521,0.012691591266894522,0.012961729179621724,0.013223791663489245,0.013481226980934619,0.013736610510951803,0.013992204630229918,0.014250048191848433,0.014512000201622528,0.014779765127147206,0.015054865153739513,0.015338680534111115,0.01563245720025904,0.0159372068110199,0.016253572773205216,0.016581488563368572,0.01691948674161784,0.01726363757366639,0.017605872434904673,0.01793162559111837,0.018217092343489314,0.018426595757033593,0.018511170422387004,0.01840946097657538,0.018048639433072,0.01733221137844741,0.01609815231505971,0.014225796965734807,0.01286283965706228
3.9749999999999264,-0.02356416286141111,0.0014837287301410827,0.007790776625644057,0.01012859792228988,0.011134881582854056,0.011679058579500565,0.012055124274382774,0.012365911416999786,0.012648448070818932,0.012916763547261638,0.013176972368431614,0.013432520386544723,0.01368598000452106,0.013939610540652453,0.014195447977225432,0.014455348697389722,0.014721014762763485,0.014993966132545666,0.015275580929645849,0.015567103008994543,0.015869542065610566,0.016183539796536698,0.016509028592386593,0.01684454129224892,0.01718615100976801,0.01752579648381671,0.017848926764528785,0.018131763301908944,0.018338671791646617,0.018420752236418425,0.018316745208582733,0.01795396006637301,0.017236098368584748,0.01600139955442021,0.01412936211349372,0.012766907511995666
3.9799999999999263,-0.023581926794934975,0.0014546617879735517,0.007758637405890505,0.01009451549636698,0.011099093406033345,0.011641579567683531,0.012015925031239001,0.01232495895668411,0.012605711802837982,0.012872213804396456,0.013130578313231386,0.013384248716514,0.013635794408678188,0.01388747163052477,0.014141313482646906,0.014399173719859337,0.014662751995824598,0.014933566044294605,0.015212991861131205,0.015502271228533357,0.01580241188278532,0.01611405381593104,0.016437128335335664,0.016770168556143633,0.01710925042651621,0.01744632001656756,0.017766841097108733,0.018047061154173812,0.018251388326408435,0.018330987728553946,0.01822469540090793,0.01785995733220014,0.017140670004276753,0.015905335476193806,0.014033615376687828,0.012671660714449369
3.984999999999926,-0.02359929947163387,0.0014259750919292844,0.007726871709916219,0.010060806041914252,0.011063681387584836,0.011604482174807564,0.011977114281764765,0.012284402786787135,0.01256338026329466,0.012828077708212673,0.013084607210038492,0.013336409636177686,0.013586051340340964,0.013835785466876584,0.014087642223744626,0.01434347273180929,0.014604974234731878,0.014873662241487865,0.015150910623578746,0.015437959094660308,0.015735813437274697,0.01604511194314071,0.01636578483890793,0.016696365512933898,0.01703293273433779,0.017367439872161727,0.017685365354688662,0.01796298259185526,0.01816474197856987,0.01824187344342736,0.01813330803045125,0.01776662764944279,0.017045922663356937,0.01580995644368504,0.013938553133934167,0.01257709566690312
3.989999999999926,-0.023616283150395358,0.0013976665084240066,0.007695477469345678,0.010027467508866615,0.011028643469519784,0.011567764320151934,0.011938689913793488,0.01224424075834458,0.012521451262927858,0.012784353026655702,0.01303905678190037,0.013289000822007919,0.013536748427858833,0.013784549628430233,0.014034431728179718,0.01428824320837351,0.014547678900624687,0.014814252089687584,0.01508933452535572,0.015374163856844435,0.015669743917845185,0.01597671130437958,0.016294995164731468,0.016623129157496582,0.016957194859258576,0.017289152905828793,0.017604496319930506,0.017879524323817383,0.018078729383196705,0.01815340594417923,0.018042579593130697,0.0176739674563601,0.016951852743423576,0.015715258839939288,0.013844171783302817,0.012483208791066586
3.994999999999926,-0.023632880079217464,0.001369733913902502,0.0076644526252596865,0.00999449785655645,0.010993977603402127,0.011531423932666079,0.011900649825060807,0.012204470732540124,0.012479922622858197,0.012741037538240992,0.01299392476274163,0.013242019961613328,0.013487883310977205,0.013733761705590463,0.013981679535590968,0.014233482636944517,0.0144908634271559,0.014755332967314145,0.015028260888014282,0.015310882778143183,0.015604200527269395,0.015908849040217863,0.01622475638924362,0.016550456500040816,0.01688203374312805,0.017211455989060407,0.017524230792244348,0.01779668307630357,0.01799334719327459,0.018065581812308516,0.017952506603819123,0.017581973210693734,0.016858456661805226,0.015621239067796947,0.013750467742521904,0.012389996528090218
3.999999999999926,-0.02364909249543887,0.0013421751945985679,0.007633795128302999,0.009961895053754596,0.010959681750287257,0.01149545895099574,0.011862991923144264,0.012165090580648158,0.012438792174541354,0.0126981290320578,0.012949208897279758,0.013195464753683175,0.013439453640809987,0.013683419300429326,0.013929383197538127,0.01417918851712248,0.014434525260532183,0.014696902265648445,0.014967687046380906,0.01524811313517184,0.015539180482244777,0.015841522305548236,0.016155065603535274,0.01647834456588075,0.016807446343410908,0.01713434600945034,0.017444565587632768,0.017714455592636215,0.01790859207943268,0.017978397647525606,0.01786308559607256,0.01749064138933714,0.0167657308552732,0.01552789354968401,0.013657437448563667,0.012297455338151617
4.004999999999926,-0.023664922625651726,0.0013149882466222318,0.0076035029385187435,0.009929657078625859,0.010925753880675841,0.011459867323355874,0.01182571412547681,0.012126098183982014,0.012398057759661203,0.012655625307691296,0.012904906941083294,0.013149332907960904,0.013391457079734609,0.01363352002652411,0.013877540277363067,0.014125358360637757,0.014378661859375495,0.01463895738872345,0.014907610348271622,0.01518585221798182,0.015474681013248448,0.015774728269470316,0.01608591991335568,0.016406790395324968,0.016733429632987965,0.017057819870487025,0.017365497538574845,0.017632838633159748,0.017824460729894586,0.017891850067759597,0.017774313122140582,0.017399968488174343,0.016673671779934195,0.015435218727385494,0.0135650773577116,0.012205581700459555
4.009999999999927,-0.023680372685767868,0.0012881709759422033,0.007573574025346477,0.009897781918569439,0.010892191974468727,0.011424647007577532,0.011788814359221387,0.012087491433812226,0.012357717230171813,0.012613524175202718,0.01286101666027304,0.013103622145088837,0.01334389130136558,0.013584061508976867,0.01382614835027814,0.014071989691348362,0.01432327069476702,0.014581495753286445,0.014848028154638248,0.015124097330016075,0.01541069936454083,0.015708464115162565,0.016017316438955608,0.01633579104373109,0.016659980600218574,0.01698187449167666,0.017287023494018616,0.01755182897522829,0.017740949850363414,0.01780593570882376,0.017686185752761537,0.017309951022213783,0.01658227591125442,0.015343211062075965,0.01347338394535788,0.01211437211317503
4.014999999999928,-0.02369544488122102,0.001261721298173161,0.007544006367604087,0.009866267570357107,0.01085899402094717,0.011389795970970468,0.011752290561280476,0.012049268231398423,0.012317768448186188,0.012571823455089694,0.01281753583178824,0.013058330196659144,0.013296753990475817,0.013535041384330336,0.013775205003136708,0.014019080045036287,0.01426834924997349,0.014524514788696891,0.014788937839301781,0.015062845787974762,0.015347232793978498,0.01564272703993643,0.015949252315060718,0.016265343581275266,0.016587096248802415,0.016906506808266514,0.01720914031915933,0.017471423412916853,0.017658056163901835,0.017720651224558667,0.017598700077121728,0.017220585525216422,0.016491539743751935,0.01525186703398112,0.013382353705768379,0.012023823093071958
4.0199999999999285,-0.02371014140677388,0.001235637138758665,0.007514797953445512,0.009835112039993092,0.01082615801872009,0.011355312190370372,0.011716140678239749,0.012011426487852559,0.012278209285888441,0.012530520978135912,0.012774462243027243,0.013013454805053472,0.013250042842900886,0.013486457300414027,0.013724707834421448,0.013966626969423244,0.014213895020553558,0.014468011936831076,0.014730336788987327,0.015002094921845809,0.015284278573046817,0.015577514254909604,0.015881724690703772,0.016195445092880956,0.016514773597563592,0.01683171377112698,0.017131844895315065,0.017391618757032636,0.01757577641072317,0.017635993286407085,0.017511852702553454,0.017131868549520486,0.01640145979089191,0.01516118314249924,0.013291983152157755,0.01193393117564993
4.024999999999929,-0.023724464446738133,0.0012099164327470983,0.007485946780274906,0.00980431334262991,0.01079368197565422,0.011321193651998993,0.011680362666290179,0.01197396412413601,0.012239037625566699,0.012489614585450948,0.012731793691992746,0.012968993723516103,0.013203755565607194,0.013438306916518431,0.013674654454299147,0.013914628024183492,0.01415990551425127,0.014411984652089952,0.014672222403203962,0.014941842074608728,0.015221833986673467,0.015512822985202217,0.01581473072919848,0.0161260926781965,0.016443009680531015,0.016757492346813164,0.017055134119996943,0.017312411835013204,0.01749410734829442,0.017551958583577696,0.017425640254642952,0.017043796666173165,0.016312032584994956,0.015071155905821403,0.013202268816427287,0.011844692914915664
4.02999999999993,-0.023738416174959143,0.0011845571248365575,0.007457450854761465,0.009773869502618708,0.010761563908848106,0.011287438351498674,0.011644954491216612,0.011936879071006563,0.012200251359525963,0.012449102128393216,0.012689527987144586,0.01292494471596018,0.013157889876458974,0.01339058790303516,0.013625042484358623,0.013863080780705427,0.014106378250890245,0.014356430401252436,0.014614592094222893,0.014882084602512275,0.015159896333287088,0.015448650469674006,0.01574826760805878,0.01605728345144713,0.01637180154671511,0.01668383951732267,0.0169790049066371,0.017233799490714883,0.017413045750932818,0.017468543822718844,0.017340059376882985,0.01695636646456594,0.016223254677117428,0.014981781860973573,0.013113207248983953,0.011756104883146054
4.034999999999931,-0.023751998754926538,0.001159557169292186,0.007429308192737612,0.009743778553434961,0.010729801844636518,0.011254044293854262,0.01160991412831525,0.011900169268946655,0.012161848390007573,0.012408981468512586,0.01264766294740278,0.012881305556970406,0.013112443504251609,0.013343297941594983,0.013575869557691706,0.013811982822158207,0.01405331076229743,0.014301346663429956,0.01455744328691804,0.014822819874628499,0.015098462924557408,0.015384993960853662,0.015682332518832227,0.015989014541341048,0.01630114626010698,0.01661075228008555,0.01690345418454405,0.01715577858440547,0.0173325884099601,0.017385745727907007,0.01725510673071348,0.016869574552408263,0.01613512263688595,0.014893057563619343,0.013024795018819174,0.011668163670978518
4.039999999999932,-0.02376521433970755,0.0011349145300000403,0.007401516819252117,0.009714038537622243,0.010698393818465466,0.011221009493345304,0.011575239562437306,0.011863832668183609,0.01212382662919824,0.012369250477523205,0.01260619640204788,0.012838074031813002,0.013067414188727507,0.01329643472500583,0.01352713331877918,0.013761331743387194,0.014000700592347913,0.014246730930013026,0.014500773418805188,0.014764045272977235,0.01503753108542859,0.015321850724899293,0.015616922667126798,0.015921283091017473,0.01623104089946628,0.016538227647709288,0.016828478898760397,0.017078345992611932,0.017252732133460777,0.017303561040549892,0.017170778995334715,0.016783417555586377,0.01604763305233648,0.014804979587863417,0.012937028713141719,0.011580865887098078
4.044999999999932,-0.023778065072064716,0.001110627180250037,0.007374074768441669,0.009684647506766236,0.010667337874917047,0.011188331973517936,0.01154092878780781,0.011827867228540909,0.012086183999134064,0.012329907037177524,0.012565126190662967,0.012795247936258681,0.01302279968039749,0.01324999595706668,0.0134788314233794,0.01371112515078496,0.013948545296646546,0.014192580704563803,0.01444457993981166,0.014705758192432871,0.014977098154070235,0.015259218041565374,0.015552035272414569,0.015854086257885317,0.01616148255835887,0.016466262648161048,0.01675407601008385,0.017001498608044473,0.017173473746090247,0.017221986519116467,0.017087072867564126,0.016697892118028364,0.01596078252988117,0.014717544526252799,0.012849904937411852,0.011494208158260482
4.049999999999933,-0.023790553084574152,0.0010866931028619734,0.007346980083523289,0.009655603521469913,0.010636632067632225,0.011156009767152017,0.011506979808110112,0.011792270919494236,0.012048918431691756,0.012290949039332566,0.012524450163130606,0.012752825076587739,0.0129785977404601,0.013203979352619943,0.013430961538637761,0.013661360662402536,0.013896842442837334,0.014138893502793879,0.014388860312399738,0.014647956040640347,0.01491716148170311,0.015197093204009056,0.015487667568098839,0.015787421213706406,0.01609246834498944,0.01639485432439611,0.01668024249479306,0.016925233339437514,0.017094810089195844,0.017141018939208653,0.01700398506174165,0.016612994901578373,0.015874567694113138,0.014630748989591427,0.012763420315155,0.011408187128995127
4.054999999999934,-0.023802680499488662,0.001063110290049817,0.0073202308167403685,0.009626904651258338,0.010606274459298739,0.011124040916149894,0.011473390636306938,0.011757041720017247,0.012012027868480518,0.012252374385785128,0.012484166179551746,0.01271080326956908,0.012934806140912022,0.013158382637456436,0.01338352134282382,0.013612035907658991,0.013845589610156401,0.014085666852467668,0.014333612011359352,0.014590636237913165,0.014857718432617094,0.01513547351877443,0.015423816801222623,0.015721285144250193,0.016023995382113524,0.016323999734412453,0.016606975344679364,0.01684954711149084,0.017016738020453222,0.01706065509334898,0.016921512309588306,0.0165287225858682,0.01578898518762013,0.01454458960672236,0.012677571487838461,0.011322799461684175
4.059999999999935,-0.023814449428975173,0.0010398767434428775,0.00729382502939745,0.009598548974612733,0.010576263121583619,0.011092423471629283,0.011440159294793346,0.011722177618672587,0.011975510260866138,0.012214180988312066,0.012444272110190313,0.012669180342352938,0.01289142266433814,0.013113203548267047,0.013336508525363425,0.013563148527463771,0.013794784389636104,0.014032898293337141,0.014278832523749256,0.014533796217153871,0.014798766383995477,0.015074356305713917,0.01536048023255052,0.015655675249442117,0.015956060806999073,0.016253695951119904,0.016534271566958338,0.016774436864763976,0.01693925441396027,0.01698089179087348,0.016839651360166824,0.01644507186824552,0.015704031671036848,0.01445906302464453,0.012592355114821624,0.011238041836306532
4.0649999999999356,-0.02382586197503393,0.001016990473962369,0.007267760791724865,0.009570534578923868,0.010546596135107557,0.011061155493724236,0.011407283815112749,0.011687676613407477,0.011939363569867745,0.012176366768528502,0.012404765835396625,0.012627954132442365,0.012848445103926487,0.013068439832529324,0.013289920786802596,0.013514696174065935,0.013744424383926895,0.013980585377061346,0.01422451934889046,0.014477433423864572,0.014740302725929529,0.015013738897894122,0.01529765513645345,0.015590588743149905,0.01588866177126136,0.016183940062265534,0.01646212818399389,0.0166998995555641,0.016862356159974928,0.01690172585780327,0.016758398979640945,0.01636203946355856,0.015619703822743324,0.014374165908080706,0.012507767873059345,0.011153910950353459
4.069999999999936,-0.023836920229615807,0.0009944495018786117,0.007242036182878339,0.009542859560363586,0.010517271589417319,0.011030235051680581,0.011374762238123455,0.011653536711691486,0.011903585766184666,0.012138929657985882,0.012365645245652895,0.012587122487634562,0.01280587126339868,0.01302408924858637,0.013243755838703693,0.013466676510985978,0.013694507207192327,0.013928725667191187,0.014170669998251138,0.014421545315951778,0.014682324861304753,0.01495361864152798,0.015235338800788294,0.015526022853155708,0.01582179544085069,0.016114729170276954,0.01639054223344058,0.01662593215579665,0.01678604016492093,0.01682315413681085,0.016677751951253254,0.01627962210412769,0.015535998338836421,0.014289894939569356,0.012423806457202896,0.011070403518729547
4.074999999999937,-0.02384762627460981,0.0009722518566820933,0.007216649290905779,0.009515522023957244,0.010488287582892797,0.010999660223688538,0.011342592613813422,0.011619755930252728,0.011868174829982347,0.012101867597940043,0.012326908241414329,0.012546683265958695,0.012763698956935481,0.012980149565417242,0.013198011403611057,0.013419087213039917,0.01364503048519712,0.013877316739049978,0.014117281995386277,0.014366129363777637,0.01462483020573773,0.014893992895913005,0.015173528526813793,0.015461974820975413,0.0157554589958573,0.016046060392247603,0.016319510767957558,0.016552531652960775,0.01671030335124962,0.016745173487038325,0.0165977070751716,0.016197816539528537,0.015452911932963808,0.014206246819266176,0.012340467579278383,0.010987516273611142
4.079999999999938,-0.023857982181929926,0.0009503955771305089,0.007191598212729284,0.009488520083482742,0.010459642222807578,0.010969429096982938,0.01131077300135974,0.01158633229526419,0.011833128751106673,0.012065178539432831,0.012288552733077988,0.012506634335667332,0.012721926009184925,0.01293661856274322,0.013152685214981618,0.013371925966154146,0.013595991855078834,0.013826356179681752,0.014064352875825546,0.014311183049968583,0.01456781618745237,0.014834859033307588,0.015112221629201048,0.015398441901969253,0.015689649630587457,0.01597793085981269,0.016249030855216923,0.016479695049982965,0.016635142657267597,0.016667780783940135,0.016518261168400848,0.016116619536633302,0.015370441336244248,0.014123218264849689,0.012257747968747764,0.010905245964331144
4.084999999999939,-0.023867990013545663,0.0009288787111226492,0.0071668810540882096,0.009461851861484964,0.010431333625177357,0.01093953976766613,0.011279301468979604,0.011553263842095136,0.011798445528800256,0.012028860443211298,0.012250576640997733,0.01246697357511788,0.012680550255117197,0.012893494030816246,0.013107775017122672,0.01332519046738079,0.013547388965388311,0.013775841587788348,0.014011880187158599,0.014256703869499805,0.014511280247314942,0.014776214438871008,0.015051415435814706,0.015335421365034602,0.015624364553325353,0.015910337719042083,0.016179099577795116,0.01640741936511545,0.01656055503712743,0.016590972919333084,0.016439411064561246,0.01603602787924399,0.015288583297082884,0.014040806011353112,0.012175644372199156,0.0108235893572614
4.0899999999999395,-0.023877651821523006,0.000907699315740528,0.007142495929459203,0.009435515489155393,0.010403359914795058,0.010909990340751744,0.011248176093994151,0.011520548615430878,0.011764123171777998,0.011992911279662654,0.012212977895398472,0.012427698872763064,0.012639569540025741,0.012850773770490351,0.013063278565137811,0.0132788784248811,0.01349921947598923,0.013725770573721274,0.013959861488756251,0.014202689329459494,0.014455219838657059,0.014718056510665795,0.014991107287758945,0.015272910492658465,0.015559600986305606,0.01584327813039909,0.016109714033031956,0.016335701631867153,0.016486537460699897,0.016514746801117277,0.016361153613942574,0.01595603836820278,0.015207334581106189,0.013959006811095572,0.01209415355344407,0.01074254323576037
4.09499999999994,-0.023886969648081128,0.0008868554571415019,0.007118440962085278,0.009409509106354776,0.01037571922517131,0.010880778930103132,0.01121739496272071,0.011488184669125958,0.011730159698146454,0.011957329028772563,0.012175754436292142,0.012388808127116114,0.012598981719505508,0.012808455593099066,0.013019193624886285,0.013232987557750604,0.013451481058015701,0.013676140759288651,0.013908294351857635,0.014149136949062915,0.014399632427205718,0.014660382659426643,0.014931294539236502,0.01521090658083919,0.01549535616563913,0.01577674926856829,0.01604087133298206,0.016264538898895925,0.016413086913381954,0.016439099353283814,0.016283485683321684,0.01587664782123265,0.0151266919711061,0.013877817433565988,0.01201327229319323,0.010662104399954665
4.099999999999941,-0.023895945525634274,0.0008663452105389562,0.007094714283936373,0.009383830861597279,0.01034840969849676,0.010851903658382924,0.011186956170457701,0.011456170066173653,0.01169655313536096,0.011922111680100355,0.012138904213471271,0.012350299246637126,0.01255878465934776,0.01276653732047083,0.012975517972940017,0.013187515596068556,0.013404171393796079,0.013626949777813549,0.013857176359463552,0.014096044259600038,0.014344515491170072,0.014603190308671084,0.014871974557471544,0.015149406938934174,0.015431627341228113,0.015710748322476986,0.015972568604302368,0.016193928229905577,0.016340200396133008,0.016364027515745085,0.016206404155781867,0.01579785307270136,0.015046652266711646,0.013797234665191694,0.01193299738906106,0.010582269666631365
4.104999999999942,-0.023904581476778552,0.0008461666602240449,0.0070713140356309725,0.009358478911955842,0.010321429485590854,0.01082336265704891,0.011156857821432721,0.011424502878741775,0.011663301520217826,0.011887257232711761,0.012102425186459926,0.012312170149779518,0.012518976235476098,0.012725016784753743,0.012932249396440713,0.013142460280753367,0.013357288176767321,0.013578195274017994,0.013806505106229527,0.014043408804349011,0.014289866520935444,0.014546476894470344,0.014813144722648879,0.015088408889639283,0.015368411776673217,0.01564527249511108,0.01590480298818601,0.01612386670353492,0.016267874925324374,0.016289528244286516,0.016129905930699885,0.01571965097362053,0.014967212284506051,0.013717255309436486,0.01185332565546703,0.010503035869293074
4.109999999999943,-0.023912879514444062,0.0008263178994631919,0.007048238366413245,0.009333451423062888,0.010294776745905019,0.010795154066265985,0.011127098028782213,0.011393181188007116,0.01163040289873956,0.011852763695147678,0.012066315324443709,0.012274418764817527,0.012479554333984814,0.012683891828496763,0.012889385693165376,0.013097819363589778,0.013310829111520796,0.013529874903994535,0.013756278198478324,0.0139912281384835,0.014235683019144699,0.014490239865459355,0.014754802427856827,0.015027909768865018,0.015305706749127573,0.015580319003474931,0.015837571640220646,0.016054351413310585,0.016196107532572612,0.01621559851038027,0.01605398792354796,0.015642038391513187,0.014888368857755647,0.013637876186453023,0.011774253923410916,0.010424399857783172
4.114999999999943,-0.02392084164188144,0.0008067970304073743,0.007025485434121521,0.009308746569048128,0.010268449647421931,0.01076727603488684,0.0110976749144557,0.011362203084225826,0.01159785532620973,0.011818629085350838,0.012030572606250038,0.012237043029943624,0.012440516850948305,0.012643160304490971,0.012846924671384919,0.01305359060709498,0.013264791913592039,0.013481986335081592,0.013706493254058245,0.013939499829028703,0.01418196250059461,0.014434476682724618,0.01469694507894816,0.014967906925705666,0.015243509549377789,0.015515885078523696,0.015770871730379953,0.015985379467510084,0.01612489526470192,0.016142235301160154,0.015978647065917118,0.015565012210232269,0.014810118836381054,0.013559094133128759,0.011695779040492245,0.010346358498453136
4.119999999999944,-0.02392846985262499,0.0007876021642323648,0.007003053405190478,0.009284362532540936,0.010242446366691318,0.010739726720441465,0.011068586609242825,0.011331566666623202,0.011565656867055298,0.01178485143066496,0.011995195020268273,0.01220004089306396,0.012401861692510265,0.012602820075782027,0.01280486414982327,0.013009771784511938,0.01321917430950096,0.013434527245871717,0.013657147902345654,0.013888221454817575,0.014128702492205204,0.014379184819776696,0.01463957009455549,0.014908397722330644,0.015181817481581615,0.015451967964980887,0.01570470044278667,0.01591694798903942,0.016054235183652635,0.016069435619266225,0.015903880305258352,0.015488569329982126,0.014732459086779634,0.013480906002896602,0.011617897870694421,0.010268908673808537
4.124999999999945,-0.023935766130706762,0.0007687314209024482,0.006980940454526862,0.009260297504583986,0.010216765088728938,0.01071250428906158,0.011039831252726659,0.011301270043369598,0.01153380559485624,0.01175142876770964,0.01196018056442132,0.012163410311869684,0.012363586774752567,0.012562869015599894,0.012763201957667602,0.012966360679735535,0.013173974036717245,0.013387495326103924,0.013608239784130588,0.013837390606368013,0.014075900532847144,0.014324361762464157,0.014582674905934121,0.01484937953387467,0.01512062786329541,0.015388564921423889,0.015639054975855313,0.01584905411546285,0.0159841243663606,0.01599719648277359,0.015829684604883827,0.015412706667096626,0.014655386491792169,0.013403308665665048,0.01154060729432668,0.010192047282517864
4.129999999999946,-0.02394273245053719,0.0007501829292651252,0.006959144765574972,0.00923654968466643,0.010191404007041382,0.010685606915441929,0.01101140699318416,0.011271311331547762,0.01150229959229712,0.011718359142493754,0.011925527246156604,0.012127149253746208,0.012325690023670009,0.012523305007299725,0.012721935934428417,0.0129233550872624,0.013129188843481548,0.013340888276620385,0.01355976655157898,0.013787004885875672,0.014023554173388589,0.014270005008880666,0.01452625695694376,0.014790849748474074,0.015059938025373325,0.015325673220021584,0.01557393254195331,0.015781694998740083,0.01591455990467574,0.01592551492508936,0.015756056943787088,0.015337421153952141,0.014578897950542234,0.013326299007668255,0.011463904207923007,0.010115771239365603
4.1349999999999465,-0.02394937077703044,0.0007319548269703311,0.0069376645302175795,0.00921311728059508,0.010166361323479834,0.01065903278282741,0.010983311987593275,0.01124168865710703,0.011471136951073038,0.011685640610156511,0.01189123308229808,0.012091255695712327,0.012288169375110455,0.012484125944311399,0.012681063929896309,0.012880752812117906,0.013084816488867739,0.01329470380932825,0.013511725868170461,0.013737061907157564,0.013971660976573335,0.014216112069279752,0.014470313703925526,0.014732805767078005,0.014999745311864312,0.015263290146560892,0.015509330367493572,0.01571486780528421,0.015845538905229953,0.015854387994842012,0.015682994316619972,0.0152627097388967,0.01450299037824949,0.013249873931351535,0.011387785524059505,0.010040077474989646
4.139999999999947,-0.02395568306562699,0.0007140452604486066,0.006916497948760848,0.009189998508557782,0.010141635248383534,0.010632780082988073,0.010955544401580255,0.0112124001548256,0.01144031577194075,0.011653271235116409,0.011857296099138034,0.01205572762440738,0.012251022774730586,0.01244532973009797,0.012640583804173803,0.012838551669833399,0.013040854742684274,0.013248939647105912,0.013464115408655226,0.013687559295469493,0.013920218516918267,0.014162680466092236,0.014414842615718635,0.014675245003414626,0.01494004707996751,0.015201413000344331,0.01544524569276778,0.015648569715786896,0.015777058489408996,0.015783812755765847,0.015610493733528998,0.015188569386092463,0.01442766070628173,0.013174030355309408,0.011312248171329189,0.009964962935870318
4.144999999999948,-0.023961671262356394,0.0006964523847972737,0.00689564322987171,0.009167191593026355,0.010117224000365776,0.010606847016129935,0.01092810240944029,0.011183443968251511,0.011409834164581,0.011621249090900721,0.011823714332264704,0.01202056303598321,0.012214248177982496,0.01240691427812161,0.01260049342755929,0.01279674948635975,0.012997301385396974,0.013203593523742237,0.013416932858920283,0.013638494687600441,0.013869224380755345,0.014109707733754903,0.014359841173480405,0.014618164883895151,0.014880840699914482,0.015140039094087395,0.015381675771859686,0.01558279792514626,0.01570911579317571,0.01571378628662916,0.015538552220029072,0.015114997075446595,0.014352905881936707,0.013098765214147746,0.01123728909424056,0.00989042458426668
4.149999999999949,-0.023967337303831063,0.0006791743638781479,0.0068750985906167635,0.00914469476673015,0.010093125806376908,0.010581231790880823,0.010900984193976998,0.011154818249726904,0.011379690247629855,0.011589572260161033,0.011790485826580963,0.011985759936153147,0.012177843549971578,0.012368877511721119,0.012560790680470616,0.01275534409807184,0.012954154208129376,0.013158663183951242,0.013370175916084647,0.013589865731738014,0.013818676166065717,0.014057191418695998,0.014305306870666492,0.014561562847565955,0.014822123554906464,0.015079165753795453,0.01531861787261638,0.015517549642376637,0.01564170796705876,0.01564430568113377,0.015467166817002866,0.015041989802534754,0.014278722868374076,0.013024075458366398,0.011162905252995483,0.009816459398034506
4.15499999999995,-0.0239726831172817,0.0006622093702146905,0.006854862256329233,0.009122506270638653,0.010069338901643275,0.010555932624310815,0.010874187946568872,0.011126521160225762,0.01134988214856445,0.011558238834641467,0.01175760863628392,0.011951316340038218,0.012141806865520985,0.012331217364186017,0.01252147345342414,0.012714333351598491,0.012911411012504008,0.013114146383190521,0.01332384228819562,0.013541670087400516,0.01376857148246647,0.014005129079288943,0.014251237212993609,0.014505436346080109,0.014763893041098557,0.01501879031887156,0.015256069276522252,0.01545282209057269,0.015574832176005181,0.015575368047808078,0.015396334580503171,0.014969544578392675,0.014205108644449647,0.012949958054244624,0.011089093623545682,0.00974306437049035
4.15999999999995,-0.023977710620723833,0.0006455555848839858,0.006834932460670446,0.009100624353931228,0.010045861529653363,0.01053094774176299,0.010847711867076754,0.011098550869435645,0.011320408003749732,0.011527246915084735,0.011725080824754795,0.011917230272218856,0.012106136109052854,0.012293931778571996,0.012482539647022664,0.012673715103894825,0.012869069610721455,0.013070040887721473,0.013277929694421617,0.01349390542532989,0.013718907951075535,0.01395351828572592,0.014197629718296275,0.014449782843504854,0.014706146567392307,0.014958910141735546,0.015194027278566911,0.01538861250671713,0.015508485599300674,0.015506970509929061,0.015326052581688135,0.014897658429526188,0.014132060204744877,0.012876409983790124,0.011015851197343052,0.00967023651045151
4.164999999999951,-0.023982421722808654,0.0006292111976190424,0.006815307445536557,0.009079047273919715,0.01002269194206128,0.010506275376976968,0.0108215541638538,0.011070905555665145,0.011291265958339656,0.011496594611222388,0.011692900464568046,0.011883499766621017,0.012070829274567058,0.01225701870773297,0.012443987171826302,0.012633487222142288,0.012827127825376369,0.013026344474471176,0.013232435864835192,0.013446569427577718,0.013669683204608294,0.013902356619988404,0.014144481916551883,0.014394599816356003,0.014648881555505321,0.014899522588052962,0.015132489187284126,0.015324918141719126,0.015442665430488629,0.015439110205386604,0.015256317906716,0.014826328397708085,0.014059574559249109,0.012803428244563002,0.010943174981349654,0.009597972841971418
4.169999999999952,-0.02398681832299819,0.0006131744066797487,0.006795985461027993,0.00905777329608487,0.009999828398737679,0.010481913771943303,0.010795713053665572,0.011043583405833623,0.01126245416624793,0.011466280041746026,0.011661065637424447,0.011850122866479277,0.01203588436557018,0.012220476114271874,0.012405813948371994,0.012593647583647075,0.01278558348953069,0.012983054931041472,0.013187358540426115,0.01339965978729238,0.013620894887120493,0.01385164167577986,0.014091791349693291,0.014339884753476447,0.014592095439788792,0.014840625036433703,0.015071452324586173,0.015261736260171011,0.01537736887728931,0.015371784286652129,0.015187127656682259,0.01475555153999867,0.013987648733507163,0.012731009849609093,0.010871061997835293,0.009526270404380933
4.174999999999953,-0.023990902311555973,0.0005974434188336232,0.006776964765427886,0.009036800693989763,0.009977269167686618,0.010457861176892307,0.010770186761640165,0.011016582615339028,0.011233970790082159,0.011436301334238093,0.01162957443408958,0.011817097624364184,0.012001299395082753,0.012184301970496674,0.012368017907091466,0.012554194075915098,0.012744434446568871,0.012940170055628693,0.01314269547302615,0.0133531742087311,0.013572540654085603,0.013801371058488237,0.014039555571646257,0.01428563515596893,0.014535785667222223,0.014782214878434048,0.015010914025619403,0.015199064140426087,0.015312593161470269,0.015304989920626628,0.015118478947466133,0.014685324928496463,0.013916279768300826,0.012659151827365168,0.010799509284334274,0.009455126252058365
4.1799999999999535,-0.023994675569601085,0.0005820164493507561,0.006758243625202964,0.009016127749245458,0.009955012524965692,0.010434115850246999,0.010744973521297782,0.01098990138814773,0.011205814001184191,0.011406656625109333,0.011598424954403039,0.011784422102039895,0.011967072385551657,0.012148494258284048,0.012330596988243044,0.012515124596447104,0.01270367855015069,0.012897687656916389,0.013098444425194438,0.013307110407189812,0.013524618172246214,0.013751542385005268,0.013987772148221602,0.01423184853716517,0.01447994969729791,0.014724289518576348,0.014950871638920081,0.015136899074455616,0.015248335518796594,0.015238724288570794,0.01505036890967583,0.014615645650390335,0.013845464719670554,0.012587851221532807,0.010728513893570575,0.009384537454429251
4.184999999999954,-0.02399813996914058,0.0005668917219382196,0.006739820314877519,0.008995752751500882,0.009933056754775477,0.01041067605867185,0.010720071574455998,0.010963537936706892,0.01117798197949671,0.011377344059660174,0.011567615307226196,0.011752094370440544,0.011933201368754578,0.012113050969170428,0.012293549141910136,0.012476437052772458,0.01266331366420022,0.012855605554066726,0.013054603170239551,0.01326146610894849,0.01347712511963814,0.013702153283866836,0.0139364386570416,0.014178522422480744,0.014424585001931743,0.014666846374039665,0.014891322526020717,0.01507523836770106,0.01518459319893927,0.015172984586026244,0.014982794688532766,0.014546510807756093,0.013775200658766296,0.01251710509100682,0.010658072893316448,0.009314501095876686
4.189999999999955,-0.02400129737310042,0.0005520674687041162,0.006721693117132967,0.008975673998413704,0.009911400149290069,0.010387540076900192,0.010695479171210352,0.01093749048187751,0.011150472913587981,0.011348361791914298,0.01153714361031918,0.011720112509726422,0.011899684385917451,0.012077970104210325,0.012256872327917535,0.012438129362418582,0.012623337662801746,0.012813921576733335,0.013011169492203286,0.013216239051175386,0.013430059185417502,0.013653201394961477,0.013885552687504035,0.014125654349451702,0.014369689065477457,0.014609882874809093,0.014832264061598542,0.015014079339064273,0.015121363465361557,0.01510776802271222,0.014915753443765856,0.01447791751746295,0.013705484671785655,0.012446910509694029,0.010588183366249462,0.009245014275485696
4.194999999999956,-0.024004149635345,0.0005375419301857642,0.00670386032264519,0.008955889795590468,0.009890041008745219,0.01036470618782308,0.01067119456988527,0.010911757252893674,0.01112328500055274,0.011319707984639077,0.0115070079904157,0.011688474609081958,0.011866519487459605,0.012043249673931668,0.01222056451579781,0.012400199452810547,0.012583748430255524,0.012772633564893481,0.012968141185625984,0.013171426981957798,0.013383418069941267,0.013604684369649196,0.013835111840621275,0.014073241867526053,0.014315259384576586,0.01455339646352896,0.014773693633340919,0.014953419320793006,0.015058643595300687,0.01504307182243753,0.014849242349585602,0.014409862911164981,0.013636313859821638,0.012377264566573875,0.010518842409989971,0.0091760741071895
4.199999999999957,-0.02400669860079961,0.0005233133551895176,0.006686320230105635,0.00893639845659726,0.009868977641296068,0.010342172682377658,0.010647216037060285,0.010886336487406906,0.011096416446081161,0.011291380809306802,0.011477206583077739,0.011657178766809615,0.011833704733098905,0.012008887698362461,0.012184623684736447,0.012362645261261601,0.012544543860865766,0.012731739368803237,0.012925516055685076,0.013127027660139606,0.013337199484561867,0.013556599870571093,0.013785113729136959,0.014021282538139768,0.01426129346808824,0.014497384595341218,0.014715608641846354,0.014893255658478589,0.014996430879536492,0.014978893223000554,0.01478325859450065,0.014342344135094914,0.013567685338808866,0.012308164365430259,0.01045004713682888,0.009107677719483091
4.204999999999957,-0.02400894610536024,0.0005093800009048494,0.006669071146265337,0.008917198302877412,0.009848208363060525,0.010319937859535895,0.01062354184743058,0.010861226431346856,0.011069865464286045,0.011263378446080115,0.011447737532771243,0.011626223090200873,0.011801238191819108,0.011974882206886127,0.012149047823529057,0.012325464734854559,0.012505721859020446,0.012691236849074763,0.012883291918027805,0.013083038855321787,0.01329140115167955,0.013508945571727861,0.013735555977278274,0.013969773934587712,0.014207788837098018,0.014441844738006249,0.014658006500514074,0.014833585710787802,0.014934722622538248,0.014915229476121184,0.014717799381242503,0.01427535835002083,0.013499596239408388,0.0122396070248071,0.010381794673774808,0.009039822255360078
4.209999999999958,-0.024010893976097007,0.0004957401327391848,0.0066521113857522345,0.0088982876637475,0.009827731498070286,0.010298000026301733,0.010600170283860455,0.010836425338950018,0.011043630277759868,0.011235699083680618,0.011418598992684402,0.011595605695522499,0.01176911794164472,0.011941231238282135,0.012113834930514586,0.01228865583051115,0.012467280339069086,0.0126511238764541,0.012841466598727128,0.013039458347813095,0.013246020804628436,0.013461719158196564,0.013686436220759511,0.013918713641890039,0.014154743024723603,0.014386774371553166,0.01460088463553134,0.014774406849609335,0.014873516142111786,0.014852077847348618,0.01465286192677909,0.01420890273118549,0.013432043706910991,0.012171589678027818,0.010314082162407067,0.008972504872330717
4.214999999999959,-0.02401254403110523,0.0004823920243950748,0.006635439271143483,0.008879664876326248,0.009807545378185773,0.010276357497593362,0.010577099637282669,0.010811931472703287,0.011017709117489127,0.011208340919462309,0.01138978912481639,0.011565324708008126,0.01173734206983757,0.011907932840648974,0.012078983013611131,0.012252216514824658,0.01242921722533024,0.012611398331879482,0.012800037934311002,0.01299628392853257,0.013201056187593513,0.013414918326359108,0.013637752106795725,0.013868099256878588,0.014102153576165479,0.014332170988499544,0.014544240485809403,0.014715716459812223,0.014812808769544031,0.014789435615940668,0.01458844346206661,0.014142974468142742,0.01336502490111833,0.012104109472877569,0.01024690675876108,0.008905722742184466
4.21999999999996,-0.024013898079656457,0.0004693339577643285,0.006619053132927762,0.008861328285627839,0.009787648343153349,0.010255008596328866,0.01055432820675373,0.01078774310328888,0.010992100222857671,0.011181302159287355,0.011361306099828473,0.011535378261748545,0.011705908672669551,0.011874985071322241,0.01204449009011911,0.012216144764077197,0.012391530451980924,0.012572058106413608,0.012759003771597813,0.012953513399004864,0.013156505055677923,0.013368540783611547,0.013589501293927022,0.013817928387948835,0.014050018048550935,0.014278032093577819,0.014488071502826595,0.014657511939265993,0.014752597849413216,0.014727300074865186,0.014524541232070542,0.014077570764709344,0.013298536996330369,0.01203716357171822,0.010180265633247266,0.00883947305097424
4.224999999999961,-0.02401495792225941,0.000456564222892618,0.006602951309429415,0.008843276244329458,0.009768038740491994,0.010233951653275557,0.010531854299297764,0.010763858509601246,0.010966801841560549,0.011154581017527775,0.011333148097119968,0.011505764499713671,0.011674815855479453,0.011842385996875931,0.012010354186805938,0.012180438564175519,0.012354217963047838,0.012533101101131464,0.012718361967682883,0.012911144571256456,0.013112365174686929,0.013322584248362915,0.013541681451967694,0.013768198655187708,0.013998334010918864,0.014224355203720725,0.014432375150608957,0.01459979069864493,0.014692880739490322,0.014665668530579056,0.01446115249563084,0.014012688838887864,0.013232577181152318,0.011970749151275587,0.010114155970598974,0.008773752998967778
4.229999999999961,-0.024015725350593632,0.0004440811179933961,0.006587132146780489,0.008825507112931324,0.00974871492551271,0.010213185007113499,0.010509676229992241,0.010740275978643446,0.010941812229606296,0.011128175717021634,0.011305313304664746,0.011476481573679632,0.011644061732608577,0.011810133693105164,0.011976573339836328,0.012145095910632082,0.012317277712357024,0.012494525227163732,0.012678110389944442,0.012869175267806725,0.01306863432115104,0.013277046450067772,0.013494290262027885,0.013718907690143636,0.013947099044162817,0.014171137848103223,0.01437714890570452,0.014542550161542631,0.014633654810739253,0.014604538303115616,0.014398274525441178,0.013948325922714541,0.013167142658465882,0.01190486340258599,0.010048574969720888,0.00870855980041406
4.234999999999962,-0.024016202147653504,0.0004318829494185327,0.006571593998962276,0.008808019259600702,0.009729675261253424,0.010192707004295786,0.010487792321771792,0.010716993805526265,0.010917129651249715,0.01110208448904034,0.011277799919051885,0.011447527644173307,0.011613644427298475,0.011778226244875612,0.011943145594670733,0.012110114808441182,0.012280707663454682,0.012456328405553637,0.012638246915874889,0.012827603321558367,0.013025310282279592,0.01323192512904059,0.013447325416452185,0.013670053135879425,0.013896310740903648,0.014118377567823186,0.01432239025697224,0.014485787764167197,0.014574917447133968,0.014543906725826556,0.014335904607813177,0.013884479262229937,0.013102230645297249,0.011839503530912425,0.00998351984362528,0.008643890683621638
4.239999999999963,-0.024016390087676684,0.0004199680315465572,0.006556335227702399,0.008790811060194144,0.009710918118475964,0.010172515999154697,0.010466200905657861,0.010694010293467972,0.010892752379007614,0.011076305573231358,0.011250606145468703,0.0114189008804806,0.011583562071783075,0.011746661746214538,0.011910069006079391,0.0120754932721441,0.012244505789588632,0.012418508567305564,0.012598769433186656,0.012786426575813577,0.012982390855886995,0.01318721803645431,0.01340078461853927,0.013621632646789526,0.013845966705478382,0.014066071916092717,0.014268096705652643,0.014429500955464728,0.014516666045696779,0.01448377114539481,0.014274040042785364,0.01382114611736538,0.01303783837278401,0.01177466675559166,0.009918987819335081,0.008579742890713185
4.244999999999964,-0.024016290936314362,0.0004083346868225574,0.006541354202427381,0.008773880898223646,0.009692441875620676,0.010152610353743138,0.010444900320435463,0.010671323753689697,0.010868678693539488,0.011050837217590051,0.011223730197517717,0.011390599460532655,0.011553812807063382,0.01171543830016988,0.01187734163806754,0.01204122932567273,0.012208670073669204,0.012381063653233779,0.012559675839571747,0.012745642884156694,0.012939873850304495,0.013142922934334566,0.013354665582842101,0.013573643888691336,0.013796064553819647,0.014014218458028785,0.014214265765222146,0.014373687196895663,0.014458898016304659,0.01442412892181853,0.014212678143864108,0.013758323761846962,0.01297396308598542,0.011710350310023078,0.00985497613782242,0.008516113677720788
4.2499999999999645,-0.02401590645052271,0.0003969812457269633,0.0065266493003545475,0.008757227164811702,0.009674244918737633,0.010132988437835284,0.010423888912799018,0.010648932505399396,0.010844906883680616,0.011025677678433852,0.011197170297410679,0.011362621570975173,0.01152439478306947,0.011684554018775823,0.011844961563825416,0.012007321002373566,0.012173198508167931,0.012343991613957044,0.012520964042838372,0.012705250110430916,0.01289775708442073,0.013099037595402556,0.013308966034794659,0.013526084538632925,0.013746601913490853,0.01396281477059102,0.014160894961336684,0.014318343962472158,0.014401610781711614,0.014364977428137329,0.014151816238037981,0.013696009483123812,0.01291060204391543,0.011646551441548554,0.00979148205387521,0.00845300031429421
4.254999999999965,-0.024015238378691024,0.0003859060466997197,0.006512218906264023,0.00874084825867234,0.009656325641569244,0.01011364862897566,0.01040316503724869,0.010626834875822186,0.010821435246391092,0.011000825220348653,0.011170924675685439,0.011334965407022078,0.011495306158459184,0.011654007023088782,0.011812926865736493,0.011973766344960389,0.012138089095160657,0.012307290409905785,0.012482631960687812,0.01266524612870568,0.01285603838749393,0.013055559803076825,0.013263683710827683,0.013478952284894267,0.013697576423474496,0.013911858442569662,0.014107981831760489,0.014263468738610098,0.014344801777408154,0.01430631405053156,0.014091451665698054,0.013634200582297753,0.012847752519377795,0.011583267411340109,0.009728502836013229,0.00839040008373043
4.259999999999966,-0.024014288460697558,0.0003751074361134773,0.0064980614126602,0.008724742586036175,0.009638682445320798,0.010094589312296242,0.010382727056121577,0.01060502920006685,0.010798262086698169,0.010976278116165295,0.011144991571346477,0.011307629172458554,0.011466545100616213,0.011623795443047515,0.011781235635269125,0.011940563405417041,0.012103339846151983,0.012270958011173975,0.012444677520825403,0.012625628823170556,0.012814715599218733,0.013012487351392609,0.013218816358258001,0.013432244826911613,0.013648985734270931,0.013861347074473633,0.014055523926290532,0.014209059024099193,0.014288468451558007,0.014248136188177687,0.014031581780497036,0.013572894373984496,0.012785411798870142,0.011520495494374927,0.009666035766503957,0.008328310282935595
4.264999999999967,-0.024013058427831198,0.0003645837683123672,0.006484175219645541,0.008708908560747079,0.009621313738905995,0.010075808880662441,0.010362573339481998,0.01058351382115898,0.010775385717666348,0.010952034646920208,0.011119369231742716,0.011280611079604591,0.011438109785704857,0.01159391741751238,0.01174988597295366,0.011907710245008196,0.012068948782190479,0.01223499239755757,0.012407098660802494,0.012586396088133542,0.012773786569584967,0.012969818045033917,0.013174361735223728,0.013385959875238962,0.01360082750772143,0.013811278278470718,0.01400351880671589,0.014155112329978754,0.014232608264904419,0.014190441253130143,0.013972203949289146,0.013512088186251598,0.012723577182528218,0.011458232979217555,0.009604078141064471,0.008266728222193197
4.269999999999968,-0.024011550002954293,0.0003543334054720887,0.006470558734862574,0.008693344604048421,0.009604217938601738,0.010057305734439272,0.010342702265093614,0.010562287090008012,0.010752804460412652,0.010928093101778561,0.01109405591255188,0.011253909349265727,0.011409998398460564,0.011564371094134102,0.011718875988367707,0.011875204934196165,0.012034913933668831,0.012199391558419124,0.01236989332798229,0.012547545827962206,0.012733249158905429,0.012927549699092508,0.013130317610631933,0.01334009515140441,0.013553099416965227,0.013761649678372153,0.013951964046715984,0.01410162617953195,0.014177218690751722,0.014133226670294577,0.013913315552079959,0.013451779360597877,0.012662245984085543,0.01139647716814143,0.009542627269042245,0.008205651225209984
4.274999999999968,-0.024009764900445166,0.0003443547176701124,0.006457210373554022,0.00867804914469693,0.009587393468295236,0.010039078281684023,0.010323112218475686,0.010541347365297743,0.010730516643967193,0.010904451778081165,0.011069049877731848,0.011227522210750015,0.01138220913232554,0.011535154629426536,0.01168820380005902,0.011843045552679381,0.012001233340394485,0.012164153492749038,0.012333059479513464,0.012509075956982665,0.012693101237677099,0.012885680139211906,0.013086681764090478,0.013294648387977752,0.013505799146436959,0.013712458909485227,0.013900857231807666,0.014048598108204887,0.014122297214894325,0.01407648987740354,0.013854913981933354,0.013391965251776326,0.01260141553065675,0.011335225376812533,0.009481680473064129,0.008145076628990127
4.279999999999969,-0.024007704826314674,0.0003346460827539266,0.00644412855849583,0.008663020618898136,0.009570838759270969,0.010021124937912912,0.010303801592746624,0.01052069301353777,0.010708520605341557,0.01088110898125338,0.011044349399495007,0.011201447901709877,0.011354740189289357,0.01150626618859183,0.011657867535527954,0.011811230189194326,0.011967905051471498,0.012129276209033299,0.012296595082320028,0.012470984399532436,0.012653340686606432,0.012844207201419518,0.013043451985936733,0.013249617328414651,0.013458924391704527,0.013663703618602013,0.013850195959282266,0.013996025663475289,0.014067841335416194,0.014020228324757753,0.013796996644858135,0.013332643227733726,0.012541083162784936,0.011274474934393597,0.00942123508916869,0.00808500178371442
4.28499999999997,-0.02400537147812092,0.00032520588642895873,0.006431311719904431,0.00864825747023437,0.009554552250288891,0.010003444126180663,0.010284768788716408,0.010500322409036325,0.01068681468945667,0.010858063024767106,0.011019952758301414,0.011175684668224654,0.011327589779886547,0.011477703945636852,0.011627865331148823,0.01177975694160585,0.011934927125282272,0.012094757725208228,0.012260498112954809,0.012433269089785948,0.012613965396483231,0.012803128732082053,0.013000626076988094,0.013204999727018843,0.013412472859473928,0.01361538146390967,0.013799977838120604,0.013943906404843656,0.014013848562767986,0.01396443947534224,0.013739560959741152,0.013273810669588139,0.0124812462342907,0.011214223183336454,0.009361288466621494,0.008025424052737557
4.289999999999971,-0.024002766545191387,0.00031603252209447394,0.006418758295494922,0.008633758149664564,0.009538532387440485,0.00998603427704036,0.010266012214734745,0.010480233933772282,0.010665397249082637,0.010835312230098045,0.010995858242741541,0.01115023076471075,0.01130075612317412,0.01144946608318702,0.011598195332195476,0.011748623916817129,0.011902297629419786,0.012060596068679845,0.012224766557638538,0.012395927971820412,0.012574973268248715,0.01276244258792035,0.012958201848734578,0.013160793348964903,0.01336644226761681,0.013567490115000372,0.01375020048895987,0.013892237903746458,0.013960316419652981,0.01390912080466947,0.013682604358332857,0.013215464971490615,0.012421902112227028,0.011154467479369006,0.009301837967799372,0.00796634081239328
4.2949999999999715,-0.023999891708431115,0.0003071243909176769,0.006406466730425369,0.008619521115541602,0.009522777624264102,0.009968893828500393,0.010247530286775752,0.010460425977466865,0.01064426664487066,0.010812854926753697,0.010972064149563091,0.011125084453832382,0.011274237446642587,0.011421550792491731,0.011568855692724063,0.011717829230767866,0.011870014640748558,0.01202678927620602,0.012189398412130053,0.012358958999435603,0.012536362212721697,0.012722146635835175,0.012916177123087945,0.013116995970079915,0.013320830344860484,0.01352002725268349,0.01370086154399804,0.0138410177434884,0.013907242440889693,0.013854269800691127,0.013626124285059896,0.013157603540572133,0.01236304817673936,0.011095205191379279,0.009242880968201996,0.007907749452050514
4.299999999999972,-0.023996748640545386,0.00029847990178442484,0.006394435477219372,0.008605544833442802,0.009507286421574328,0.009952021225935895,0.010229321428265251,0.010440896937452643,0.01062342124519026,0.010790689452152936,0.010948568783640188,0.011100244006606452,0.011248031986264949,0.011393956273482646,0.01153984457557871,0.011687371008275084,0.01183807624519538,0.011993335393955246,0.012154391681840473,0.012322360136293963,0.012498130150865802,0.012682238752987967,0.012874549732397109,0.01307360537693401,0.013275634831004694,0.013472990569033734,0.01365195864691679,0.013790243519133412,0.01385462417341635,0.013799883963764496,0.013570118197047721,0.013100223796824313,0.012304681821046893,0.011036433701356728,0.009184414856363735,0.007849647373953906
4.304999999999973,-0.023993339005976066,0.00029009747119296356,0.006382662995818504,0.008591827776326047,0.009492057247543225,0.009935414922189488,0.010211384070220023,0.010421645218751796,0.010602859426268447,0.010768814151644782,0.010925370457891081,0.011075707702224102,0.011222137986361241,0.011366680734571026,0.011511160152323643,0.0116572473831383,0.011806480537784415,0.011960232477282437,0.012119744381549398,0.012286129355650276,0.012460275013421356,0.012642716826671441,0.012833317519457946,0.013030619366723093,0.01323085347665719,0.01342637776725309,0.013603489452888631,0.013739912837559197,0.013802459176204991,0.013745960806539094,0.0135145835639812,0.013043323173076288,0.012246800451330864,0.010978150404271785,0.009126437033617991,0.007792031993090743
4.309999999999974,-0.023989664460942795,0.00028197552334478446,0.0063711477534987935,0.008578368424375513,0.009477088577604199,0.009919073377399598,0.010193716651050844,0.010402669233923691,0.010582579572029354,0.010747227378484218,0.01090246749327325,0.011051473828053764,0.01119655369964288,0.011339722392748903,0.011482800603267791,0.011627456498015942,0.011775225622670225,0.011927478590865695,0.012085454535548625,0.012250264640514997,0.012422794741094138,0.012603578754252063,0.01279247833730289,0.012988035747222395,0.013186484043325744,0.013380186561667149,0.013555451628430387,0.013690023317237805,0.013750745020153356,0.013692497853919284,0.013459517868044522,0.012986899114880476,0.012189401486657916,0.010920352708062938,0.009068944914256524,0.0077349007373109496
4.314999999999975,-0.0239857266535546,0.00027411248998629326,0.006359888224835963,0.008565165264976683,0.00946237889443629,0.009902995059077921,0.010176317616655084,0.010383967403130159,0.010562580074100554,0.010725927493735722,0.010879858218756651,0.011027540679669868,0.011171277387106847,0.011313079473439137,0.011454764117297907,0.011597996504355196,0.011744309612973968,0.011895071808598221,0.01205152017752734,0.012214763983403105,0.012385687284352952,0.012564822443160433,0.012752030049315128,0.012945852336693323,0.013142524303239924,0.013334414677657759,0.013507842851380176,0.013640572588270188,0.013699479288100017,0.013639492642975886,0.013404918603918518,0.012930949080465558,0.012132482358912476,0.010863038033458691,0.009011935925269466,0.007678251046984179
4.319999999999975,-0.023981527223703388,0.0002665068104879603,0.006348882891727765,0.008552216792765556,0.009447926687939711,0.009887178441993043,0.010159185420337863,0.01036553815408025,0.010542859331787061,0.010704912866285334,0.010857540971285249,0.01100390656073687,0.01114630731803132,0.011286750210539206,0.0114270488919824,0.011568865562484992,0.011713730630794762,0.011863010213474382,0.012017939350556119,0.012179625386497793,0.012348950603472263,0.012526445810830279,0.012711970529064077,0.012904066963902845,0.013098972039375115,0.01328905985154317,0.013460660810847477,0.013591558292269169,0.013648659574605322,0.013586942722832247,0.013350783278532397,0.012875470540592298,0.012076040512689096,0.010806203814021389,0.008955407506360088,0.00762208037513858
4.324999999999976,-0.023977067803231094,0.0002591569317432628,0.0063381302433008265,0.008539521509535991,0.009433730455240966,0.00987162200823823,0.010142318522732504,0.010347379921933384,0.010523415751997322,0.010684181872833893,0.010835514095693524,0.010980569783021296,0.01112164176997896,0.011260732846374053,0.0113996531334195,0.011540061841369083,0.011683486807126605,0.011831291897646416,0.011984710106949594,0.012144846861412078,0.012312582668429429,0.012488446784598407,0.01267229766031926,0.012862677468007842,0.013055825045396086,0.013244119830627493,0.013413903207104972,0.013542978082350401,0.013598283486104371,0.013534845654735771,0.013297109411200558,0.012820460978606058,0.012020073405298759,0.010749847495987444,0.008899357109831384,0.0075663861872743545
4.329999999999977,-0.02397235001590804,0.00025206130817699004,0.006327628775924985,0.008527077924185536,0.009419788700566997,0.009856324247083085,0.01012571539186615,0.010329491149376108,0.010504247749325275,0.01066373289778757,0.010813775944712225,0.010957528666266331,0.011097279028644625,0.011235025631552223,0.011372575056264754,0.011511583518766537,0.011653576281947589,0.011799914962344537,0.011951830508359854,0.012110426429261436,0.012276581458898327,0.01245082330173625,0.012633009336943588,0.012821681698534631,0.013013081125462117,0.013199592372972697,0.01336756775156583,0.013494829623006055,0.013548348640603204,0.013483199011791833,0.013243894533392458,0.012765917890203494,0.011964578506532866,0.010693966538181882,0.008843782200464053,0.007511165961334484
4.334999999999978,-0.02396737547743083,0.0002452184016936629,0.00631737699319221,0.008514884552820758,0.009406099935354838,0.009841283655061771,0.010109374503082264,0.01031187028649708,0.010485353745866507,0.01064356433327621,0.010792324878990183,0.010934781538328085,0.011073217387953783,0.011209626825111799,0.011345812883685209,0.011483428781102714,0.011623997204014441,0.011768877517831742,0.011919298625621966,0.01207636212057732,0.01224094496416299,0.012413573309347658,0.012594103462873596,0.012781077515301668,0.012970738094434293,0.013155475247587792,0.013321652166748672,0.01344711059011192,0.013498852667791718,0.013432000379052433,0.013191136188740524,0.012711838783463627,0.01190955329877644,0.010638558411980407,0.00878868025561781,0.007456417187602337
4.3399999999999785,-0.023962145795517947,0.00023862668167527225,0.006307373405844632,0.008502939918515457,0.009392662678075463,0.009826498735840773,0.01009329433896182,0.01029451579078466,0.01046673217124618,0.010623674579134346,0.01077115926693692,0.010912326734970747,0.01104945514994204,0.011184534694329513,0.011319364847263222,0.011455595823347871,0.011594747730876966,0.011738177683333156,0.011887112538766167,0.01204265197529103,0.012205671183115947,0.012376694764327251,0.01255557795208469,0.012740862788392138,0.012928793777556243,0.013111766234098182,0.013276154186129431,0.013399818670757907,0.013449793208918741,0.013381247353380648,0.013138831932945665,0.012658221178784707,0.01185499527678441,0.010583620601265017,0.008734048764888074,0.007402137368646538
4.344999999999979,-0.023956662569930166,0.00023228462489510758,0.00629761653177199,0.00849124255150399,0.009379475454318005,0.009811968000273601,0.01007747338939719,0.01027742612713216,0.010448381462655691,0.010604062042796063,0.010750277484765806,0.01089016259992646,0.01102599062471532,0.011159747514754842,0.011293229187052369,0.011428082849195102,0.011565826028891231,0.011707813587046364,0.011855270336978,0.012009294042629683,0.012170758124140086,0.01234018563330386,0.012517430728507707,0.012701035398073723,0.012887246010546801,0.013068463122902309,0.01323107155416417,0.013352951563310926,0.013401167916644377,0.013330937543380281,0.013086979333710672,0.012605062608738301,0.011800901947705212,0.010529150602240453,0.008679885230276081,0.00734832401923174
4.34999999999998,-0.02395092739248212,0.0002261907155506164,0.006288104896019643,0.008479790989023763,0.009366536796738925,0.009797689966341607,0.010061910151453784,0.010260599767757155,0.01043030006471541,0.010584725139345231,0.010729677916480098,0.010868287484807648,0.011002822130472309,0.011135263570128558,0.011267404151445682,0.011400888070770889,0.01153723027313485,0.01167778336607716,0.011823770118466227,0.011976286381102819,0.012136203805137524,0.012304043892638412,0.012479659725985411,0.012661593234763333,0.012846092639506488,0.013025563714985504,0.01318640202620029,0.013306506977265858,0.01335297445514272,0.013281068569308947,0.013035575970638227,0.012552360618028825,0.011747270830942451,0.01047514592348622,0.008626187166025081,0.007294974666307818
4.354999999999981,-0.023944941847028802,0.0002203434452298079,0.00627883703067661,0.008468583775297252,0.009353845244952507,0.009783663159060211,0.010046603129444545,0.010244035192192148,0.010412486429503529,0.010565662291422744,0.010709358953773684,0.010846699749146742,0.010979947993465779,0.011111081152422752,0.01124188799720687,0.011374009708776858,0.011508958647345887,0.011648085166372845,0.011792609990576328,0.011943627058526444,0.012102006253470783,0.012268267528292364,0.012442262888197908,0.012622534198969812,0.012805331520877592,0.012983065821939787,0.013142143368382809,0.013260482633228548,0.01330521049991452,0.013231638063144481,0.012984619435277628,0.012500112763464598,0.011694099458103877,0.010421604085782757,0.008572952098432885,0.0072420868488204376
4.359999999999982,-0.023938707509630074,0.00021474131279946174,0.006269811474927523,0.008457619461522532,0.009341399345613267,0.009769886110566377,0.010031550834783938,0.010227730887262294,0.010394939016525287,0.010546871929275337,0.01068931899605111,0.010825397760250875,0.010957366547829398,0.011087198561688633,0.0112166789893766,0.01134744599236161,0.011481009343911216,0.011618717142707492,0.01176178806959409,0.01191131415182578,0.012068163505847388,0.012232854535890587,0.012405238168720098,0.01258385620124879,0.01276496052134714,0.012940967265860798,0.01309829335766618,0.01321487626279102,0.013257873737688865,0.01318264366826883,0.01293410733083648,0.012448316613803051,0.011641385372960942,0.01036852262210967,0.008520177566008057,0.00718965811770926
4.3649999999999824,-0.023932225948492026,0.00020938282451509653,0.006261026774997953,0.008446896605894146,0.009329197652367852,0.009756357360014144,0.010016751786071837,0.010211685347046643,0.010377656292628566,0.010528352490552666,0.01066955645032808,0.010804379893274419,0.010935076135769568,0.011063614106154912,0.011191775401304555,0.011321195159105535,0.011453380563855602,0.011589677458664613,0.011731302480796523,0.011879345747126829,0.012034673608353086,0.012197802920551122,0.012368583530821767,0.01254555716215077,0.012724977517878194,0.012899265879314385,0.013054849781742804,0.01316968560858841,0.013210961866550616,0.013134083039677315,0.012884037272358675,0.012396969749770623,0.011589126131310338,0.01031589907751854,0.008467861119205658,0.007137686035910957
4.369999999999983,-0.023925498723952707,0.00020426649385183729,0.006252481484072158,0.008436413773468949,0.009317238725715136,0.009743075453574241,0.010002204509005045,0.010195897072815941,0.010360636732041002,0.01051010242049787,0.010650069731314694,0.01078364453113598,0.010913075107332583,0.011040326102055433,0.011167175514522586,0.011295255455005314,0.011426070516703236,0.011560964286534213,0.01170115135839554,0.011847719939692105,0.012001534616397212,0.012163110696952924,0.012332296947552748,0.012507635012182525,0.012685380397574988,0.012857959505314924,0.01301181043893121,0.013124908424148676,0.013164472595667102,0.013085953843754763,0.012834406886516929,0.012346069763936469,0.011537319300976586,0.010263731009134894,0.008416000320488717,0.00708616817814477
4.374999999999984,-0.02391852738864463,0.00019939084156110534,0.006244174162382087,0.008426169536245278,0.009305521133121258,0.00973003894435075,0.009987907536324595,0.010180364573055474,0.010343878816293525,0.010492120171751322,0.010630857261253499,0.01076319006445705,0.010891361820476373,0.011017332873741275,0.011142877618832418,0.011269625134413305,0.011399077420595583,0.01153257580731197,0.011671332845444263,0.011816434833773527,0.011968744594589537,0.012128775889190454,0.01229637640156175,0.012470087691687969,0.01264616705763377,0.012817045997137864,0.01296917313812607,0.013080542473795675,0.013118403645330724,0.01303825375820501,0.012785213811557755,0.012295614260645595,0.011485962461686889,0.010212015985970817,0.008364592744122077,0.007035102130925945
4.379999999999985,-0.02391131348740456,0.00019475439563580634,0.00623610337707411,0.008416162473066714,0.00929404344894364,0.009717246392464846,0.00997385940787445,0.010165086363437775,0.010327381034217152,0.01047440420435769,0.010611917469976027,0.01074301489159897,0.010869934641017456,0.010994632753462437,0.011118880012082525,0.011244302459960265,0.011372399502069716,0.011504510210679546,0.011641845093863885,0.011785488542713666,0.011936301616839042,0.012094796530831259,0.012260819885205537,0.012432913150902688,0.012607335405355906,0.012776523218463981,0.012926935698820597,0.013036585532736615,0.013072752746908722,0.012990980472064083,0.012736455697278822,0.012245600856006024,0.011435053205031223,0.01016075158898729,0.008313635976236262,0.0069844854924950165
4.384999999999986,-0.023903858557408682,0.0001903556912375209,0.006228267702238637,0.008406391169599911,0.009282804254325712,0.009704696364866988,0.00996005867043091,0.010150060966703636,0.010311141881885984,0.010456952985815504,0.010593248794834855,0.010723117418563128,0.010848791942554392,0.010972224081521998,0.011095181000356707,0.011219285702622527,0.011346034996158319,0.011476765694899693,0.011612686264369745,0.011754879188808718,0.011904203766147498,0.012061170664726104,0.01222562540035066,0.012396109349860419,0.012568883358098203,0.012736389043187659,0.012885095950988329,0.012993035386851764,0.013027517642721873,0.012944131685573772,0.012688130204868697,0.012196027177694285,0.011384589134381057,0.010109935410919426,0.008263127614689725,0.006934315872764343
4.389999999999986,-0.023896164128054693,0.0001861932707451731,0.0062206657188519365,0.008396854218371934,0.009271802137331184,0.009692387435509856,0.00994650387786259,0.010135286912756157,0.0102951598626092,0.010439764990915689,0.010574849680635767,0.010703496059001467,0.010827932106510264,0.010950105206113942,0.011071778897735208,0.01119457314156446,0.011319982146301973,0.011449340466851306,0.011583854526416386,0.011724604903285953,0.011872449134701039,0.012027896343155738,0.012190790958441574,0.01235967425827803,0.01253080884307035,0.01269664135538004,0.012843651735004383,0.012949889832757189,0.012982696086045513,0.01289770511019621,0.012640235007014854,0.012146890865082652,0.011334567864840397,0.010059565056304828,0.00821306526901971,0.006884590893175769
4.394999999999987,-0.02388823172125539,0.00018226568359255282,0.006213296014742353,0.008387550218642015,0.009261035692735637,0.009680318185124846,0.009933193590913712,0.010120762738531268,0.010279433486870358,0.010422838701779406,0.010556718579695971,0.010684149234144125,0.010807353521990902,0.010928274483334159,0.011048672026427979,0.01117016306420501,0.011294239204292662,0.011422232741905994,0.011555348058199232,0.011694663826317129,0.011841035823737934,0.01199497162759769,0.012156314580342664,0.01232360585564808,0.012493109797510447,0.012657278049283804,0.012802600901690053,0.012907146677641368,0.012938285841013152,0.012851698468417726,0.012592767787651947,0.012098189568955892,0.011284987023089894,0.010009638141291861,0.00816344656035967,0.0068353081867096235
4.399999999999988,-0.02388006285114311,0.00017857148639427532,0.006206157184638171,0.008378477776480224,0.009250503522154417,0.009668487201327182,0.00992012637729723,0.010106486988013086,0.010263961272328486,0.010406172607875293,0.010538853951782426,0.010665075372832514,0.010787054585898653,0.010906730277133046,0.01102585871656998,0.011146053766095556,0.011268804430291521,0.011395440743989443,0.01152716504656781,0.011665054106857593,0.011809961943557452,0.011962394588804832,0.01212219429645549,0.012287902131055801,0.012455784168451993,0.012618297029193822,0.012761941312113025,0.012864803739290257,0.012894284682569711,0.012806109493859602,0.012545726242054335,0.012049920951668187,0.011235844247539631,0.009960152293712391,0.008114269121393628,0.006786465397842615
4.404999999999989,-0.023871659024324175,0.00017510924284393995,0.0061992478300697575,0.008369635504649177,0.009240204233880719,0.00965689307848811,0.009907300811599103,0.01009245821221557,0.010248741743782104,0.010389765205850039,0.010521254263947781,0.010646272911381146,0.010767033702725599,0.010885470959307985,0.011003337306343517,0.011122243550934892,0.011243676092721996,0.011368962705473667,0.011499303687013813,0.011635773902717049,0.011779225613442024,0.011930163306704633,0.01208842814647668,0.01225256108318463,0.012418829912794251,0.012579696209531827,0.012721670837682286,0.012822858845995315,0.012850690396381086,0.012760935931059588,0.012499108076628861,0.01200208268687735,0.0111871371879627,0.00991110515289369,0.008065530596260941,0.00673806018234155
4.4099999999999895,-0.02386302173989378,0.00017187752364271206,0.006192566559325488,0.008361022022649947,0.009230136442991872,0.009645534417827591,0.009894715475354279,0.010078674969139436,0.010233773433173403,0.010373614999675923,0.010503917990716309,0.010627740293669594,0.01074728928468327,0.010864494909399051,0.01098110614184196,0.01109873073054544,0.011218852468292722,0.011342796867139212,0.011471762183627752,0.011606821380480033,0.011748824961641213,0.011898275870405574,0.01205501417949091,0.012217580720292281,0.012382244997145768,0.012541473514625725,0.012681787360004583,0.012781309836497595,0.01280750077887349,0.012716175535543295,0.012452911008963752,0.011954672459564598,0.011138863505640733,0.009862494369665447,0.008017228640537425,0.006690090207340866
4.41499999999999,-0.0238541524893324,0.00016887490659319923,0.006186111987470981,0.00835263595664722,0.009220298771205487,0.009634409827266356,0.009882368956834255,0.010065135823709099,0.010219054879436324,0.01035772050046503,0.01048684361393362,0.010609475971007299,0.010727819751517948,0.010843800514764875,0.010959163577078062,0.011075513624776783,0.011194331841900846,0.011316941478170382,0.011444538749053976,0.0115781947154529,0.011718758125302495,0.011866730378052682,0.012021950453871343,0.01218295906015275,0.01234602739789389,0.012503626878761463,0.012642288770837166,0.012740154559962533,0.012764713637053959,0.012671826073650395,0.012407132767748338,0.011907687966068661,0.011091020873303848,0.009814317606291867,0.007969360921120688,0.006642553151276006
4.419999999999991,-0.02384505275674543,0.00016609997639540665,0.006179882736368297,0.008344475939448107,0.009210689846931755,0.00962351792148198,0.009870259851203838,0.010051839347797822,0.010204584628596323,0.010342080226493936,0.010470029622676362,0.010591478402171763,0.01070862353065128,0.01082338617045813,0.010937507973927047,0.011052590561502627,0.011170112506643742,0.01129139479606564,0.011417631604440927,0.011549892091631311,0.011689023250478126,0.011835524936922115,0.011989235037270438,0.012148694129959538,0.012310175101034927,0.012466154246126794,0.012603172972073256,0.012699390875877719,0.012722326788538938,0.012627885322544425,0.012361771092615433,0.011861126913811932,0.01104360697490025,0.009766572536358417,0.007921925116205004,0.0065954467036854775
4.424999999999992,-0.02383572401864547,0.00016355132486098236,0.0061738774344952604,0.00833654061050393,0.009201308305208655,0.009612857321850528,0.009858386760438407,0.010038784120163183,0.010190361233683255,0.010326692703232531,0.010453474513378906,0.010573746053295842,0.01068969905696993,0.010803250279216406,0.010916137702119797,0.01102995987662803,0.011146192763775136,0.011266155086687487,0.011391038979430616,0.011521911701674534,0.011659618492007851,0.01180465766326805,0.011956866006525683,0.01211478396633424,0.012274686102252902,0.012429053570752455,0.01256443787567429,0.012659016654023796,0.012680338061433209,0.012584351070146972,0.012316823734259201,0.011814987021420165,0.01099661950570435,0.009719256844769642,0.007874918915204419,0.006548768565341801
4.429999999999993,-0.023826167744181295,0.000161227550599326,0.00616809471710629,0.008328828615883323,0.009192152787692538,0.00960242665638759,0.009846748293159359,0.010025968726464626,0.010176383254711438,0.010311556463186678,0.01043717678963858,0.010556277397946828,0.010671044772898538,0.010783391251434071,0.010895051139156273,0.011007619913977845,0.011122570922674591,0.011241220624134098,0.011364759112115595,0.011494251746828076,0.011630542013560178,0.01177412668229778,0.01192484144762878,0.012081226615291584,0.01223955840675019,0.012392322816474191,0.012526081403596494,0.012619029774421593,0.012638745294353599,0.01254122111507856,0.012272288454197334,0.011769266018588005,0.010950056172137498,0.009672368227586896,0.007828340018632592,0.006502516447938272
4.434999999999993,-0.023816385395113025,0.0001591272592409614,0.006162533226055578,0.008321338608175816,0.009183221942592756,0.009592224559784016,0.009835343064860438,0.010013391759150213,0.01016264925868899,0.010296670046024387,0.01042113496233885,0.010539070916993703,0.010652659128357524,0.010763807505149624,0.01087424667036015,0.010985569025298706,0.011099245300740359,0.011216589690738297,0.011338790248937185,0.011466910436933792,0.011601791987524632,0.01174393012822723,0.011893159455759328,0.012048020132128858,0.012204790029290404,0.012355959956809333,0.01248810148776183,0.012579428127316074,0.012597546336290196,0.012498493266560258,0.01222816302482045,0.011723961646013841,0.0109039146918177,0.009625904392139903,0.007782186138206224,0.006456688074354925
4.439999999999994,-0.023806378425785448,0.00015724906324294597,0.006157191609861218,0.008314069246584899,0.009174514424712857,0.00958224967334146,0.009824169697643177,0.010001051817529,0.010149157819502938,0.010282031998405213,0.010405347549474975,0.010522125098648614,0.01063454058069923,0.010744497465963558,0.010853722688724659,0.010963805570229716,0.011076214223478174,0.011192260577042906,0.011313130644770885,0.011439885990368086,0.011573366595026547,0.011714066144107204,0.011861818135088168,0.012015162581429331,0.01217037899408668,0.012319962975013327,0.012450496069999987,0.012540209613018076,0.012556739046624927,0.012456165344417614,0.012184445229283303,0.011679071655364096,0.010858192793389053,0.00957986305675937,0.007736454996542123,0.00641128117823654
4.444999999999995,-0.023796148283270098,0.00015559158197133273,0.006152068523628299,0.008307019196779558,0.009166028895366652,0.009572500644935329,0.009813226820326499,0.00998894750764643,0.01013590751794867,0.010267640874031637,0.010389813076236354,0.010505438438391251,0.010616687594714501,0.010725459567059285,0.010833477595003782,0.01094232791627296,0.011053476024350865,0.011168231581756552,0.01128777856276275,0.01141317663395867,0.011545264025812896,0.011684532881812686,0.011830815598911025,0.01198265203705399,0.012136323334848362,0.01228432986399262,0.01241326310201701,0.012501372141980775,0.012516321295007696,0.0124142351789766,0.01214113286145722,0.011634593809155736,0.010812888216487996,0.009534241950868548,0.007691144327333891,0.006366293504252888
4.449999999999996,-0.02378569640723078,0.00015415344159251448,0.0061471626290871655,0.008300187130983785,0.009157764022407847,0.009562976129048294,0.009802513068396617,0.009977077442322657,0.010122896941697254,0.010253495233591762,0.01037453007490063,0.010489009438923516,0.010599098642549907,0.010706692249112987,0.010813509797581715,0.010921134438744751,0.011031029044795828,0.011144501011695066,0.011262732274355026,0.011386780603039083,0.01151748247830768,0.011655328502076163,0.01180014996942462,0.01195048658196618,0.01210262109458412,0.012249058626223027,0.012376400545313426,0.012462913634640981,0.012476290961351253,0.012372700611058269,0.01209822372592933,0.01159052588080528,0.010767998711723136,0.009489038814855515,0.007646251875119952,0.006321722807834166
4.4549999999999965,-0.023775024230152667,0.00015293327508328607,0.006142472594463549,0.008293571727849726,0.009149718480110832,0.009553674786649816,0.009792027083940665,0.00996544024115454,0.010110124685281456,0.010239593644747845,0.01035949708484613,0.010472836610193787,0.010581772203711754,0.010688193960334413,0.010793817712488838,0.010900223520695852,0.011008871634200983,0.011121067181784428,0.011237990059258476,0.011360696141324223,0.011490020159495868,0.011626451174372325,0.011769819377829704,0.011918664308312557,0.012069270325688473,0.012214147273729114,0.01233990637113916,0.012424832021456514,0.012436645935804727,0.012331559491867016,0.012055715637813161,0.011546865654440816,0.010723522040606092,0.009444251400006164,0.0076017753953182676,0.006277566855185537
4.459999999999997,-0.0237641331771653,0.00015192972223121437,0.006137997094539143,0.008287171672489765,0.009141890949238587,0.00954459528523683,0.009781767515614118,0.009954034530357364,0.01009758935002213,0.010225934682063832,0.01034471265251132,0.010456918469372552,0.01056470676504572,0.010669963156350493,0.010774399763359812,0.01087959355297465,0.010987002149841104,0.011097928414981466,0.01121355020539528,0.011334921500947736,0.011462875284888263,0.011597899076911977,0.011739821964266341,0.011887183317381162,0.012036269089886895,0.012179593828058968,0.012303778560493597,0.012387125242766382,0.012397384118584057,0.012290809682952694,0.012013606422836751,0.011503610924959148,0.010679455975462288,0.009399877468484797,0.007557712654101534,0.0062338234232189055
4.464999999999998,-0.023753024666265332,0.00015114142955542382,0.006133734810659821,0.008280985656459558,0.009134280117027566,0.009535736298834134,0.00977173301873165,0.009942858942859355,0.010085289544010733,0.010212516927049324,0.010330175331352854,0.010441253540689711,0.010547900820672917,0.010651998300245612,0.010755254381395235,0.010859242934126701,0.01096541895683413,0.0110750830422752,0.011189411008831815,0.011309454942325832,0.011436046078589118,0.011569670396576586,0.01171015587767199,0.01185604171945705,0.012003615458108676,0.01214539632019751,0.012268015104005926,0.01234979124882748,0.012358503420056594,0.012250449056202819,0.011971893917204766,0.011460759497886556,0.010635798299375387,0.009355914793257487,0.007514061428427712,0.00619049029949661
4.469999999999999,-0.023741700108218793,0.00015056705029006627,0.006129684430534568,0.008275012377650402,0.00912688467701726,0.009527096507854394,0.009761922255047975,0.009931912118243433,0.010073223882131077,0.010199338968051756,0.010315883681862238,0.010425840355602825,0.01053135287197402,0.010634297862474513,0.010736380005337963,0.010839170070410041,0.010944120428189106,0.011052529402628025,0.011165570773788276,0.01128429473419284,0.011409530773066563,0.01154176332889792,0.011680819275840321,0.011825237633849994,0.011971307510498057,0.012111552790556455,0.012232614001954467,0.012312827999702059,0.012320001760601086,0.012210475493701191,0.011930575967535599,0.011418309189328325,0.010592546806145835,0.00931236115798394,0.007470819505878705,0.006147565282173754
4.475,-0.023730160906634757,0.00015020524437927424,0.006125844648433244,0.008269250540404482,0.009119703329193513,0.009518674599188355,0.009752333892897182,0.009921192702687452,0.010061390985970161,0.010186399400263817,0.010301836271401486,0.010410677452584829,0.01051506142755296,0.010616860320883721,0.010717775081401482,0.010819373375657646,0.010923104944621016,0.01103026584294623,0.011142027812612643,0.011259439153579832,0.011383327609284814,0.0115141760780292,0.011651810325359788,0.011794769188849391,0.011939343336361555,0.01207806128888223,0.012197573264121303,0.01227623346521878,0.012281877070598874,0.01217088688776127,0.011889650430866774,0.011376257826002113,0.010549699300223266,0.00926921435702608,0.007427984684673162,0.006105046179918949
4.48,-0.023718408457991697,0.0001500546784593262,0.006122214164986244,0.008263698855322799,0.009112734779863584,0.009510469266128124,0.009742966607091024,0.009910699348937511,0.01004978948382467,0.010173696825740975,0.010288031674403801,0.010395763377273118,0.010499025003249068,0.01059968416064318,0.010699438063335162,0.010799851271372292,0.010902370894680796,0.011008290718053287,0.011118780445696405,0.011234886485718125,0.011357434836572132,0.011486906856647373,0.011623127201547827,0.011764634521669596,0.01190772103413383,0.012044919874233917,0.01216289090987049,0.012240005624944865,0.01224412729032429,0.012131681140822184,0.011849115174525108,0.011334603245026973,0.01050725359666978,0.00922647219539682,0.007385554773563327,0.006062930811918808
4.485000000000001,-0.023706444151672373,0.0001501140257893583,0.006118791687252694,0.008258356039420524,0.009105977741693461,0.009502479208331277,0.009733819078888187,0.009900430716372796,0.010038418010643538,0.010161229853284805,0.01027446847212405,0.010381096682212073,0.010483242122001094,0.010582767874189516,0.010681367412265209,0.010780602186625257,0.010881916674602591,0.01098660239065805,0.011095827001443322,0.011210635024037028,0.011331850712638812,0.011459953886006497,0.01159476808843044,0.01173483177842857,0.011876438711344448,0.012012126614997828,0.012128564968048169,0.012204142468163773,0.012206750370011139,0.012092856165407177,0.011808968076149754,0.01129334329400876,0.010465207521046203,0.009184132488633277,0.00734352759183745,0.006021217007720537
4.490000000000002,-0.023694269369960524,0.00015038196626544808,0.006115575928690758,0.008253220815933883,0.009099430933618601,0.009494703131827207,0.00972488999602713,0.009890385470849137,0.010027275208062738,0.010148997098458195,0.01026114525271458,0.010366675927063753,0.010467711313934253,0.01056610996130019,0.010663561596739845,0.01076162455801491,0.010861740688302843,0.010965199231276493,0.011073165816298273,0.011186683070096421,0.011306573503492255,0.011433315395784772,0.011566731178695926,0.011705359114043561,0.011845494484505727,0.01197967958872725,0.012094593476860642,0.012168641993712412,0.012169744269666332,0.012054409884076984,0.011769207023569098,0.011252475830953672,0.010423558909470266,0.009142193062815171,0.007301900969221448,0.005979902607323145
4.495000000000003,-0.023681885488137426,0.0001508571863352709,0.00611256560907532,0.008248291914409029,0.009093093080848335,0.00948713974895547,0.009716178052576307,0.009880562284733255,0.010016359724293563,0.010136997183565657,0.01024806061119443,0.010352499678423489,0.010452431116275062,0.010549708928897785,0.010646019092692697,0.010742916829697365,0.010841841347423874,0.010944079618276339,0.011050795234625262,0.011163028933622868,0.011281601483428522,0.011406989624163123,0.011539014673605122,0.011676214692265804,0.011814886479148861,0.011947576882162522,0.012060974483929454,0.01213350221007413,0.012133106959102668,0.012016340229377594,0.011729829914788235,0.011211998724098766,0.010382305608379765,0.009100651754403293,0.007260672745771508,0.005938985460937209
4.5000000000000036,-0.023669293874403387,0.00015153837909349759,0.006109759454516013,0.00824356807060055,0.009086962914865378,0.009479787778366826,0.00970768194909103,0.009870959836914057,0.010005670214141461,0.010125228737622904,0.010235213149406612,0.010338566509825288,0.010437400073310357,0.010533563291192989,0.010628738383405162,0.01072447745324997,0.010822217071137348,0.010923241937753278,0.01102871360872383,0.011139670932362048,0.011256932934954876,0.011380974817707886,0.011511616783103772,0.011647396685605745,0.011784612829754178,0.011915816591224562,0.012027706046223755,0.012098721135237463,0.01209683641784651,0.0119786451437521,0.011690834657924327,0.011171909852026908,0.01034144547468073,0.009059506410345166,0.0072198407719608945,0.005898463429100966
4.505000000000004,-0.023656495890049676,0.00015242424411802697,0.006107156197457005,0.008239048026551371,0.00908103917337628,0.009472645945019068,0.00969940039241358,0.00986157681269593,0.009995205339000847,0.010113690396304336,0.010222601475954714,0.01032487500170376,0.010422616736346018,0.01051767156951636,0.010611717959427922,0.010706304887736419,0.01080286628628664,0.010902684583570134,0.011006919298802117,0.011116607392155373,0.011232566148838196,0.011355269231362396,0.011484535725589079,0.011618903275265585,0.011754671679677049,0.011884396820888363,0.011994786230008079,0.012064296796700806,0.012060930635191933,0.011941322579625265,0.011652219171171893,0.011132207103492057,0.010300976375492814,0.009018754887867401,0.0071794029085100125,0.005858334382524546
4.510000000000005,-0.023643492889344284,0.0001535134875040472,0.0061047545765839425,0.008234730530407413,0.009075320600255283,0.009465712980083554,0.009691332095710813,0.009852411903806813,0.009984963766760052,0.010102380801939835,0.010210224206261716,0.010311423741475189,0.010408079663790367,0.010502032292398027,0.010594956318667541,0.010688397599645372,0.010783787427222219,0.01088240595726684,0.010985410672863799,0.011093836646787128,0.01120849942395436,0.011329871128372018,0.011457769727994702,0.011590732651185914,0.011725061181190327,0.011853315685193756,0.011962213110750398,0.012030227231360203,0.01202538760995609,0.011904370499104883,0.011613981382693896,0.011092888377432388,0.01026089618831013,0.008978395054476764,0.007139357026308395,0.0058185962020583905
4.515000000000006,-0.02363028621969848,0.0001548048218445808,0.0061025533368444344,0.008230614336559267,0.00906980594559924,0.009458987620951851,0.009683475778506326,0.00984346380841284,0.009974944171862492,0.010091298603499003,0.010198079962462492,0.010298211323293137,0.010393787420921115,0.01048664399541838,0.010578451966178954,0.010670754062819768,0.010764978935831084,0.010862404468088588,0.010964186106799449,0.011071357038106697,0.011184731067352557,0.011304778780332071,0.011431317025708706,0.011562883011872447,0.011695779495307364,0.011822571307157812,0.011929984773130366,0.011996510485543272,0.011990205350605024,0.011867786874188671,0.011576119230652632,0.01105395158287216,0.01022120280074159,0.008938424787942538,0.007099701006494944,0.005779246778671045
4.520000000000007,-0.02361687722153088,0.00015629696618933752,0.006100551229426633,0.00822669820551682,0.009064493965599942,0.00945246861126344,0.009675830166588528,0.009834731231037097,0.009965145235176446,0.01008044245647605,0.010186167373362146,0.010285236348220204,0.010379738580080218,0.010471505221314011,0.010562203414338495,0.010653372758504925,0.010746439261551452,0.010842678532903587,0.010943243984265215,0.011049166915838866,0.011161259394167863,0.011279990467057223,0.01140517586256403,0.011535352564473479,0.011666824791897406,0.011792161818823454,0.011898099311010442,0.01196314461492503,0.01195538187515423,0.011831569686553307,0.011538630663064273,0.011015394638910403,0.010181894110608719,0.008898841976196184,0.0070604327402655955,0.0057402840133310915
4.5250000000000075,-0.02360326722846238,0.0001579886460726849,0.006098747011724991,0.008222980903937466,0.00905938342262172,0.009446154700790634,0.009668393991982348,0.009826212882548835,0.009955565644090347,0.010069811023034437,0.0101744850745219,0.01027249742410424,0.010365931720466159,0.01045661451981688,0.010546209182629817,0.010636252175212593,0.010728166861167576,0.010823226576167848,0.010922582696633591,0.011027264637582832,0.011138082727556921,0.011255504476552679,0.011379344490731507,0.011508139524699267,0.011638195249509018,0.011762085361109783,0.011866554827338551,0.011930127684455151,0.011920915211101297,0.011795716927594527,0.011501513637873358,0.010977215474607845,0.01014296802576647,0.008859644517316977,0.007021550128964243,0.005701705817072767
4.530000000000008,-0.023589457567241193,0.0001598785933715186,0.0060971394472956065,0.008219461204516887,0.009054473085104126,0.009440044645495152,0.009661165992938042,0.009817907480134858,0.009946204092359558,0.010059402971792166,0.010163031708100916,0.010259993165550891,0.010352365428203843,0.01044197044771572,0.010530467797725238,0.010619390808761016,0.01071016019899661,0.010804047029919314,0.010902200643040316,0.011005648568908932,0.011115199398783754,0.01123131910509672,0.01135382117082744,0.011481242116762987,0.0116098890554365,0.011732340083819492,0.011835349434141945,0.01189745776839389,0.011886803395390014,0.011760226598316735,0.011464766122758584,0.010939412029033532,0.010104422464198197,0.008820830319391923,0.006983051083842678,0.005663510110790505
4.535000000000009,-0.023575449557810508,0.0001619655463756353,0.006095727305848724,0.008216137886099857,0.009049761727606126,0.009434137207417908,0.009654144913944515,0.009809813747283428,0.009937059280143648,0.010049216977888416,0.010151805922903554,0.01024772219392655,0.010339038296256277,0.010427571568782183,0.01051497779343391,0.010602787162253106,0.010692417746704146,0.010785138333759015,0.010882096230269757,0.01098431708309057,0.011092607746985342,0.011207432657037822,0.011328604171669266,0.011454658573370864,0.011581904405602656,0.01170292414559744,0.011804481252438421,0.011865132950139166,0.011853044474359278,0.011725096709284552,0.011428386095191053,0.010901982251091865,0.01006625535380224,0.008782397300583021,0.006944933526156102,0.005625694825287179
4.54000000000001,-0.023561244513313533,0.0001642482497372726,0.006094509363243761,0.008213009733520233,0.009045248130660204,0.009428431154753027,0.009647329505642184,0.00980193041376053,0.009928129914015362,0.010039251722967879,0.010140806374321276,0.010235683137294005,0.010325948924479378,0.010413416453742207,0.01049973771061595,0.010586439745984291,0.0106749379833359,0.010766498934721942,0.010862267872774767,0.010963268561307507,0.011070306119339918,0.011183843444821989,0.011303691770363729,0.01142838713562833,0.011554239504501674,0.011673835713864171,0.011773948412283354,0.01183315132232233,0.011819636503710408,0.011690325280658541,0.01139237154233226,0.01086492409957458,0.01002846463246739,0.008744343388995126,0.006907195387085648,0.005588257901225196
4.545000000000011,-0.023546843740126788,0.00016672545447794567,0.006093484401455742,0.008210075537690615,0.009040931080906063,0.009422925261742529,0.00964071852481502,0.009794256215573074,0.009919414706872211,0.010029505895143509,0.010130031724341609,0.010223874630450653,0.010313095919496062,0.010399503680301073,0.010484746097251463,0.010570347077500136,0.010657719395257684,0.010748127287411924,0.010842713992606522,0.010942501392435968,0.01104829287089486,0.011160549789030284,0.011279082252363033,0.011402426053122298,0.01152689256531811,0.011645072964848515,0.0117437490526081,0.01180151098664313,0.011786577548458922,0.011655910342028808,0.011356720461012531,0.010828235543042354,0.009991048247966516,0.008706666522630876,0.006869834607652299,0.005551197289011095
4.550000000000011,-0.023532248537950017,0.0001693959178461356,0.006092651208490702,0.008207334095472705,0.009036809370954541,0.009417618308681966,0.009634310734423796,0.009786789894960249,0.009910912377939686,0.010019978188923417,0.010119480641468195,0.010212295314801108,0.010300477894719166,0.010385831833018767,0.010470001508319437,0.010554507681433213,0.010640760476130983,0.010730021853793337,0.010823433019435625,0.010922013973125973,0.011026566364615147,0.011137550018272248,0.011254773911163078,0.011376773583726553,0.01149986180965468,0.011616634083448214,0.011713881321283641,0.011770210053917433,0.011753865682854662,0.011621849932486869,0.011321430857661114,0.01079191455985318,0.00995400415790958,0.00866936464941705,0.006832849138687304,0.005514510948816206
4.555000000000012,-0.02351746019971408,0.00017225840346645144,0.006092008578465596,0.008204784209739538,0.00903288179936351,0.009412509081907498,0.009628104903465875,0.009779530200305751,0.00990262165270565,0.010010667305214709,0.010109151800710968,0.010200943838400194,0.010288093470317797,0.010372399503363727,0.010455502505812687,0.010538920089614458,0.010624059726915117,0.010712181103269526,0.010804423390423947,0.010901804707688706,0.01100512497126322,0.011114842469080888,0.011230765048528721,0.011351427993699781,0.011473145467683951,0.011588517263214724,0.011684343374992384,0.011739246643990654,0.011721498990408976,0.011588142100440192,0.011286500748241371,0.010755959137999755,0.009917330329686162,0.008632435727029817,0.0067962369407835645,0.005478196850519111
4.560000000000013,-0.023502480011711385,0.00017531168115325494,0.0060915553115241106,0.008202424689319083,0.009029147170725452,0.009407596373734436,0.00962209980706976,0.009772475886244927,0.009894541262991252,0.010001571951341753,0.010099043883610596,0.010189818855915155,0.010275941273190665,0.010359205289642874,0.010441247658690216,0.010523582840957297,0.010607615655779497,0.010694603512624313,0.010785683550307875,0.010881872008093468,0.010983967069453388,0.011092425486053565,0.01120705397431272,0.011326387557549318,0.011446741777997716,0.011560720706387915,0.01165513337926808,0.01170861888566798,0.011689475563728496,0.011554784903715764,0.01125192815828335,0.010720367275152189,0.00988102474045241,0.008595877722895688,0.006759995984201987,0.005442252973550216
4.565000000000014,-0.02348730925357697,0.00017855452699185644,0.006091290213802879,0.008200254348962337,0.00902560429549874,0.009402878982514209,0.009616294226381541,0.009765625713458941,0.009886669946775655,0.009992690840951704,0.010089155578131392,0.010178919028605429,0.010264019936939286,0.01034624779698546,0.010427235542880008,0.010508494481464379,0.01059142677810838,0.01067728756595931,0.010767211951263827,0.010862214293984733,0.010963091045558903,0.01107029742165144,0.01118363900642664,0.011301650558031562,0.011420648987649702,0.011533242623768829,0.011626249508401815,0.011678324916766812,0.011657793504669032,0.011521776409407287,0.011217711122750508,0.010685136978610026,0.00984508537700796,0.008559688614227928,0.00672412424893175,0.005406677307005787
4.5700000000000145,-0.023471949198333925,0.0001819857232477351,0.006091212097399285,0.008198272009304525,0.009022251990060884,0.009398355712462616,0.009610686948591768,0.009758978448829142,0.009879006448326226,0.009984022693998564,0.010079485578674966,0.010168243024220638,0.0102523281017942,0.01033352563730186,0.01041346474120859,0.01049365356416318,0.010575491616494778,0.010660231754734519,0.010749007052962741,0.010842829992560973,0.010942495293715854,0.011048456636273154,0.011160518470907512,0.011277215286170006,0.011394865352017256,0.011506081234709769,0.011597689945395308,0.011648362883955696,0.011626450924062054,0.011489114693891639,0.011183847686006967,0.010650266265170683,0.009809510235864223,0.008523866387870503,0.006688619724504446,0.005371467849509872
4.575000000000015,-0.02345640111240005,0.00018560405840316058,0.0060913197804302556,0.008196476496908939,0.009019089076710195,0.009394025373820895,0.009605276766936503,0.00975253286528468,0.009871549518070448,0.009975566236757733,0.010070032586078184,0.010157789517099738,0.010240864414676072,0.010321037429270806,0.01039993384338535,0.01047905864910005,0.010559808700630028,0.010643434577661313,0.010731067322445779,0.010823717538580406,0.0109221782157194,0.01102690149812964,0.01113769070172609,0.011253080041069006,0.011369389134833777,0.011479234767044951,0.01156945288193853,0.01161873094275006,0.011595445941843103,0.01145679784272952,0.011150335901803074,0.0106157531611412,0.009774297323056392,0.00848840904022624,0.006653480410048694,0.005336622609143039
4.580000000000016,-0.023440666255665273,0.00018940832707754545,0.006091612086930383,0.008194866644175073,0.009016114383546861,0.00938988678267198,0.009600062480520628,0.009746287741836543,0.009864297912620964,0.009967320201777364,0.010060795307509425,0.0101475571880407,0.010229627529083133,0.010308781798297528,0.010386641445958012,0.010464708303317444,0.010544376567346773,0.010626894540704463,0.010713391234200743,0.010804875374358753,0.010902138221104895,0.01100563038331077,0.011115154040883151,0.011229243130066253,0.011344218608178375,0.011452701457171876,0.011541536518408361,0.011589427257597647,0.011564776686892148,0.01142482395064698,0.011117173833216299,0.010581595702330719,0.009739444654196332,0.008453314577343071,0.006618704314187439,0.005302139603443471
4.585000000000017,-0.023424745881422192,0.0001933973300115308,0.006092087846814351,0.008193441289305737,0.009013326744555336,0.009385938760993298,0.009595042894503414,0.009740241863516498,0.009857250394667364,0.0099592833278055,0.010051772456538656,0.010137544724319034,0.010218616105118768,0.01029675737652061,0.010373586152378496,0.010450601100796323,0.010529193760546382,0.01061061015701254,0.010695977269993866,0.010786301949679753,0.010882373726980851,0.010984641675626483,0.01109290683830747,0.011205702868588876,0.011319352052382978,0.011426479549833002,0.011513939063719609,0.011560450001568986,0.011534441297078795,0.011393191121516662,0.011084359552612645,0.010547791933928827,0.009704950254404736,0.008418581014758751,0.006584289455035578,0.005268016859366069
4.590000000000018,-0.02340864123650565,0.00019756987408782846,0.006092745895940419,0.008192199276393967,0.009010724999510574,0.009382180136641414,0.009590216819950552,0.009734394021422656,0.009850405733113188,0.00995145435988684,0.0100429627530349,0.010127750819621499,0.01020782880941699,0.010284962802705877,0.010360766572820281,0.010436735622456988,0.010514258831208372,0.010594579947007111,0.010678823918980448,0.01076799572182329,0.010862883158135573,0.010963933766754863,0.011070947451848355,0.011182457580037403,0.011294787755947416,0.011400567298182743,0.011486658735416003,0.011531797356606557,0.011504437919195585,0.011361897468270515,0.011051891141531458,0.010514339910439242,0.009670812158197688,0.008384206377439347,0.006550233860077329,0.005234252413183126
4.595000000000018,-0.023392353561256983,0.00020192477222489126,0.006093585075994652,0.008191139455263785,0.009008307994010374,0.009378609743304962,0.009585583073805963,0.009728743012570817,0.009843762702851876,0.009943832049189614,0.010034364923183695,0.010118174174105581,0.010197264315196082,0.0102733967223245,0.010348181324251799,0.010423110456133294,0.010499570337331255,0.01057880243818762,0.010661929677603413,0.010749955155464357,0.010843664946863877,0.01094350505595852,0.011049274247213766,0.011159505595960016,0.011270524015641471,0.011374962963770748,0.011459693759515483,0.011503467513253806,0.011474764708842755,0.011330941112894352,0.011019766690807412,0.010481237695795377,0.009637028409589004,0.008350188699840881,0.006516535566214952,0.0052008443104794595
4.600000000000019,-0.02337588408952755,0.0002064608434853804,0.006094604234529063,0.008190260681491486,0.009006074579351608,0.00937522642045701,0.009581140478928246,0.009723287640029762,0.009837320084931577,0.009936415153078842,0.01002597769942666,0.01010881349427125,0.01018692130210297,0.010262057787402749,0.010335829030375783,0.010409724196470675,0.010485126843888089,0.010563276165211575,0.010645293049537275,0.010732178722716363,0.01082471753306233,0.01092335395029387,0.01102788559794339,0.011136845255863061,0.01124655913634748,0.011349664816440007,0.011433042370590972,0.011475458670799818,0.011445419830525952,0.011300320186308013,0.010987984300295031,0.010448483363077712,0.009603597061850733,0.008316526025758568,0.006483192619647448,0.005167790606123926
4.60500000000002,-0.023359234048800248,0.00021117691284742524,0.006095802224895313,0.008189561816446984,0.009004023612643484,0.009372029013391975,0.00957688786399562,0.009718026712725711,0.00983107666633606,0.009929202435028588,0.010017799820476887,0.010099667492969174,0.010176798456290433,0.01025094465662421,0.01032370832164756,0.010396575445004459,0.01047092692284463,0.01054799966984124,0.010628912545702987,0.010714664903015446,0.01080603936410114,0.010903478864438178,0.011006779885439143,0.01111447490715739,0.011222891431073734,0.011324671134289192,0.011406702811552826,0.011447769037067167,0.011416401457493534,0.01127003282848108,0.0109565420790351,0.010416074994673173,0.009570516177601022,0.008283216408319425,0.00645020307586157,0.00513508936417195
4.610000000000021,-0.02334240466011114,0.00021607181141135128,0.0060971779062845705,0.008189041727203476,0.00900215395669381,0.009369016373155008,0.009572824063584142,0.009712959045598005,0.009825031240196808,0.00992219266468105,0.01000983003123527,0.010090734889432382,0.010166894470388994,0.010240055995203057,0.010311817835169929,0.010383662810070235,0.01045696915307607,0.010532971500873302,0.01061278668419093,0.01069741218315896,0.010787628894814025,0.010883878220643874,0.010985955498754137,0.011092392905233612,0.011199519220914198,0.011299980203740569,0.011380673333840411,0.011420396828489908,0.011387707771694178,0.011240077188153438,0.010925438145069915,0.010384010682114924,0.009537783828731909,0.008250257909915189,0.006417564999565808,0.005102738657834024
4.6150000000000215,-0.023325397138143886,0.00022114437616810485,0.0060987301435919145,0.008188699286519628,0.009000464479967772,0.009366187356485983,0.00956894791799067,0.009708083459370674,0.00981918260547352,0.00991538461773053,0.010002067082832392,0.010082014409147171,0.01015720804340296,0.010229390474855136,0.010300156214705966,0.010370984906753998,0.010443252120391497,0.010518190214161307,0.010596913990323706,0.010680419057257886,0.010769484587508111,0.010864550448836477,0.010965410834817016,0.011070597613357975,0.011176440834997357,0.011275590319307305,0.011354952197199945,0.01139334027008336,0.011359336963861698,0.01121045142307409,0.010894670625512146,0.01035228852608485,0.009505398096362288,0.008217648602229326,0.006385276464673835,0.005070736569440015
4.620000000000022,-0.02330821269120743,0.00022639345015769245,0.006100457807538093,0.008188533372820803,0.008998954056641176,0.009363540825929701,0.009565258273365851,0.009703398780722374,0.009813529567227752,0.009908777075944585,0.009994509732561215,0.010073504783934966,0.010147737880755143,0.010218946773905082,0.010288722110644476,0.010358540356934457,0.010429774417470256,0.010503654372590182,0.010581292996501183,0.010663684026677611,0.010751604911924699,0.01084549398645091,0.010945144298163128,0.011049087402636935,0.011153654610458334,0.011251499783778311,0.01132953766969165,0.011366597595260139,0.011331287233355875,0.01118115369969832,0.010864237656364205,0.010320906636344976,0.009473357070735228,0.008185386566095137,0.006353335554215029,0.00503908119046045
4.625000000000023,-0.023290852521353274,0.0002318178822746002,0.006102359774519854,0.008188542870201381,0.008997621566570711,0.009361075649672887,0.0095617539815939,0.009698903842147368,0.00980807093638879,0.009902368827139055,0.009987156743855748,0.010065204751798531,0.010138482694243715,0.010208723577084532,0.010277514180013237,0.010346327789185455,0.010416534643809226,0.01048936254595575,0.010565922242271264,0.010647205600035549,0.010733988345098729,0.010826707278411512,0.010925154301030297,0.011027860652024917,0.011131158892425972,0.011227706907985708,0.011304428027721226,0.0113401670459634,0.011303556788121949,0.011152182193283714,0.010834137382598965,0.010289863131672398,0.00944165885125342,0.008153469891477689,0.006321740360341788,0.00500777062130799
4.630000000000024,-0.023273317824258025,0.00023741652738636446,0.006104434926643348,0.008188726668372281,0.008996465895166615,0.009358790701555573,0.009558433900317333,0.009694597481968246,0.009802805529802953,0.00989615866511257,0.00998000688622914,0.010057113057018445,0.010129441201958645,0.010198719575569958,0.010266531086370424,0.010334345838780096,0.010403531405748005,0.010475313311053194,0.010550800274197882,0.01063098229315244,0.010716633371494338,0.01080818877719262,0.010905439263275493,0.011006915748212399,0.011108952033947673,0.011204210010933193,0.011279621555903719,0.011314046872526854,0.011276143844726107,0.01112353508786619,0.010804367958058399,0.010259156139921304,0.009410301546440921,0.008121896677490678,0.0062904889842655305,0.0049768029714240165
4.635000000000025,-0.023255609789392336,0.00024318824623297333,0.006106682151728621,0.00818908366267818,0.008995485933501314,0.009356684861104888,0.009555296892866879,0.009690478544284392,0.009797732170251195,0.009890145389700986,0.009973058935380582,0.010049228450088927,0.010120612128361909,0.010188933467013085,0.010255771499826968,0.010322593147661034,0.010390763316450856,0.010461505251599855,0.010535925645987725,0.010615012629026008,0.010699538482857512,0.01078993694268508,0.010885997612373136,0.010986251085683008,0.011087032395968519,0.011181007419624907,0.01125511654711079,0.011288235333697771,0.011249046628264956,0.011095210576133392,0.010774927545430477,0.010228783797822315,0.009379283273741778,0.008090665032257353,0.006259579536134494,0.0049461763592181405
4.640000000000025,-0.02323772959996026,0.00024913190538252165,0.0061091003432217645,0.008189612754018288,0.008994680578228225,0.009354757013440965,0.00955234182827075,0.009686545878974249,0.009792849686307774,0.009884327806657014,0.009966311673000078,0.010041549687639952,0.010111994204175993,0.010179363955450122,0.010245234097042848,0.010311068364411235,0.010378228995767843,0.010447936958133626,0.010521296918281558,0.010599295137819643,0.010682702178240052,0.010771950242219523,0.010866827783352635,0.010965865066599682,0.011065398347321512,0.011158097469102709,0.011230911302358083,0.011262730696514945,0.011222263372331676,0.011067206859433918,0.010745814316185823,0.010198744251102548,0.00934860215976379,0.008059773072978709,0.006229010135204591,0.004915888911978389
4.645000000000026,-0.02321967843292829,0.00025524637731092707,0.00611168840021108,0.008190312848815816,0.008994048731476495,0.009353006049299076,0.009549567581240126,0.009682798341717641,0.00978815691247138,0.00987870472771096,0.009959763886819335,0.010034075532477905,0.010103586166371473,0.01017000975127987,0.010234917561114004,0.010299770144224597,0.01036592707034068,0.010434607028117113,0.01050691265871342,0.01058382835679076,0.010666122963905183,0.01075422715052262,0.01084792821878502,0.010945756100865756,0.01104404826465114,0.011135478502430624,0.011207004130839573,0.011237531236334926,0.01119579231896557,0.011039522147753646,0.010717026450556603,0.010169035654269562,0.009318256339900612,0.008029218925747459,0.006198778909475728,0.004885938765818217
4.650000000000027,-0.023201457459153762,0.000261530540236607,0.00611444522740217,0.008191182859126105,0.008993589301055375,0.009351430865011808,0.009546973032118555,0.009679234793828824,0.009783652688965734,0.009873274970480732,0.009953414370653729,0.010026804753523771,0.010095386758189091,0.010160869571263744,0.010224820581681258,0.010288697148877007,0.010353856173495032,0.010421514065840912,0.010492771441938071,0.010568610830303459,0.01064979935338236,0.010736766149666174,0.010829297368750324,0.010925922605943328,0.01102298053241637,0.011113148870550132,0.011183393349805486,0.011212635236787574,0.01116963171865067,0.011012154659616037,0.010688562137478331,0.010139656170724114,0.009288243958554912,0.007999000725637934,0.006168883995983721,0.004856324065758037
4.655000000000028,-0.023183067843225668,0.0002679832782246667,0.006117369735087936,0.00819222170243337,0.008993301200152641,0.009350030362398952,0.009544557066851103,0.00967585410238531,0.009779335861889178,0.009868037358479246,0.00994726192422511,0.01001973612577466,0.010087394729027093,0.01015194213845669,0.010214941854730077,0.01027784804668793,0.01034201494522175,0.010408656682324519,0.010478871849452875,0.010553641109773415,0.010633729867377525,0.010719565729059816,0.010810933690769726,0.010906363006979626,0.011002193542811886,0.011091106932396986,0.011160077284641762,0.011188040989747553,0.011143779830259165,0.010985102622111869,0.0106604195745898,0.010110603972660382,0.009258563168972282,0.007969116616599195,0.006139323540516682,0.00482704296552006
4.660000000000029,-0.0231645107436982,0.00027460348105697984,0.006120460839132975,0.008193428301763476,0.008993183347522336,0.009348803448893031,0.009542318577021766,0.009672655140117422,0.009775205283059233,0.009862990721097933,0.009941305353287884,0.010012868430353506,0.010079608834518968,0.010143226182246569,0.01020528008269529,0.01026722151252913,0.010330402032197702,0.01039603349545784,0.0104652124697069,0.010538917753620867,0.010617913033726637,0.010702624385385134,0.010792835649803566,0.010887075736668146,0.010981685695780032,0.011069351054709577,0.011137054268702588,0.011163746795222898,0.011118234920950765,0.010958364270785486,0.010632596968107564,0.010081877240976873,0.009229212133232299,0.00793956475141929,0.006110095697660106,0.0047980936275315855
4.665000000000029,-0.023145787312937482,0.00028139004433724553,0.006123717460921914,0.008194801585595367,0.008993234667375628,0.0093477490373819,0.00954025645974334,0.00966963678542504,0.00977125981003179,0.009858133893541687,0.009935543469505348,0.010006200454397146,0.010072027836403336,0.01013472043828176,0.010195833974439421,0.010256816227736774,0.010319016087675416,0.010383643129807848,0.010451791898032853,0.010524439327328883,0.010602347387465027,0.010685940622649085,0.010775001718281496,0.010868059235279753,0.010961455398968534,0.011047879612168906,0.011114322643407107,0.011139750961445014,0.011092995266257377,0.010931937849685507,0.010605092532881699,0.010053474165303316,0.009200189022133872,0.007910343291665322,0.006081198630813191,0.004769474223025187
4.67000000000003,-0.023126898697270994,0.00028834186931791465,0.006127138527410386,0.008196340487856476,0.008993454089345872,0.00934686604628122,0.009538369617743363,0.009666797922360163,0.009767498306149836,0.009853465716889134,0.009929975090479732,0.009999730991061346,0.010064650502584947,0.010126423648398457,0.010186602245094259,0.010246630880139435,0.0103078557715124,0.010371484216656492,0.010438608736524684,0.010510204403254734,0.010587031470634991,0.010669512952026342,0.010757430375925879,0.010849311950547405,0.01094150106766981,0.011026690987152879,0.01109188075807644,0.011116051804687953,0.011068059149948234,0.01090582161121434,0.01057790449228195,0.010025392943907247,0.009171492015284857,0.007881450407686862,0.006052630511997126,0.004741182931774467
4.675000000000031,-0.023107846036940563,0.000295457862964739,0.006130722970999989,0.008198043947881269,0.00899384054852661,0.009346153399425164,0.00953665695919005,0.009664137440518238,0.009763919640368459,0.009848985037930108,0.009924599039680427,0.009993458839495355,0.010057475607084202,0.010118334560728977,0.010177583616188778,0.010236664164036027,0.01029691975015937,0.010359555394002372,0.01042566159416052,0.01049621156077414,0.010571963832425526,0.010653339891915475,0.010740120109818271,0.010830832337753206,0.010921821124786357,0.011005783569881434,0.011069726969971,0.011092647649347032,0.011043424864016308,0.010880013816197886,0.01055103107822001,0.009997631783728174,0.009143119300983013,0.007852884278530974,0.006024389521975995,0.00471321794223023
4.680000000000032,-0.023088630466190956,0.00030273693794091207,0.006134469729595344,0.008199910910454378,0.008994392985369077,0.009345610026104317,0.009535117397824509,0.009661654235122014,0.009760522687357533,0.009844690709264253,0.009919414146465865,0.009987382804836707,0.01005050192995429,0.010110451929554194,0.010168776815530701,0.010226914780092964,0.010286206696556291,0.010347855306481638,0.01041294908668516,0.010482459386133496,0.010557143029012063,0.010637419967914046,0.010723069414364596,0.010812618859572857,0.010902414000851035,0.010985155758315905,0.011047859644280076,0.011069536827869039,0.011019090708651147,0.010854512733787545,0.010524470531053678,0.009970188900231285,0.009115069076154237,0.007824643091962576,0.0059964738501105,0.004685577451359355
4.6850000000000325,-0.023069253113210533,0.00031017801255386196,0.006138377746570349,0.008201940325719359,0.008995110345767996,0.009345234861062826,0.009533749852845844,0.009659347206959105,0.009757306327440035,0.009840581589265738,0.009914419246022791,0.009981501698182942,0.010043728257334844,0.010102774515298327,0.010160180577191494,0.010217381435394378,0.01027571529016566,0.01033638260535659,0.01040046983656162,0.010468946472445496,0.010542567623640035,0.01062175171273822,0.010706276791269741,0.010794669986109652,0.01088327813391229,0.010964805958086144,0.011026277153974643,0.01104671768065699,0.010995054992194886,0.0108293166414035,0.01049822109956915,0.009943062517464893,0.009087339546333026,0.007796725044281817,0.005968881694360002,0.004658259664697241
4.690000000000033,-0.023049715100269954,0.00031778001069421,0.006142445970696719,0.00820413114914319,0.008995991580906068,0.00934502684439493,0.009532553248927858,0.009657215262340228,0.009754269446548188,0.009836656541972359,0.00990961317937544,0.009975814336509082,0.010037153381394617,0.010095301084568872,0.01015179364150951,0.010208062843402414,0.010265444216973068,0.010325135948514504,0.010388222473021713,0.010455671419710986,0.01052823618644445,0.010606333666206728,0.010689740749409064,0.010776984194889544,0.010864411969593483,0.010944732582528977,0.011004977879950487,0.01102418855614213,0.010971316031124782,0.010804423824765048,0.010472281040953138,0.00991625086794312,0.009059928925681861,0.0077691283405190385,0.005941611261226923,0.004631262796271223
4.695000000000034,-0.023030017543660696,0.00032554186190870884,0.006146673356150169,0.008206482341577831,0.008997035647322411,0.009344984921584311,0.009531526516161234,0.009655257313099318,0.009751410936215727,0.009832914437137644,0.009904994793319475,0.00997031954272637,0.010030776100287173,0.010088030410043127,0.010143614755030938,0.0101989577238803,0.010255392169368193,0.010314114000396538,0.010376205631972907,0.01044263283471972,0.010514147294585106,0.01059116437520526,0.010673459804949877,0.010759559970725061,0.010845813960983806,0.010924934052620227,0.010983960210775941,0.011001947810650899,0.010947872149983693,0.010779832577784993,0.010446648620744431,0.009889752192677497,0.009032835436820034,0.00774185119413167,0.00591466076571575,0.004604585068513765
4.700000000000035,-0.023010161553673747,0.0003334625013179933,0.006151058862557978,0.008208992869183852,0.008998241506908169,0.009345108043469327,0.009530668590036932,0.009653472276545857,0.009748729693578671,0.009829354150215717,0.00990056294045175,0.009965016145596074,0.010024595218142569,0.01008096127052453,0.01013564267052668,0.010190064802936775,0.010245557846178234,0.010303315431974122,0.01036441795596105,0.010429829331079658,0.010500299532127994,0.010576242393738852,0.010657432481231827,0.010742395805829221,0.0108274825686314,0.010905408796903276,0.010963222542841905,0.010979993808400812,0.010924721681330761,0.010755541202591314,0.010421322112810862,0.009863564741082208,0.009006057310956387,0.0077148918271660125,0.0058880284313282336,0.004578224712322479
4.705000000000036,-0.022990148234809344,0.0003415408695511984,0.006155601454838788,0.008211661703394655,0.008999608126792676,0.009345395166225056,0.009529978411478084,0.009651859075460853,0.009746224621300372,0.009825974562264288,0.009896316479058951,0.00995990297974554,0.010018609545091517,0.010074092450827634,0.010127876146905962,0.010181382812944569,0.010235939952643913,0.010292738920766178,0.010352858094225557,0.01041725952913111,0.01048669148998111,0.01056156628273658,0.010641657308667271,0.010725490199614648,0.010809416260511347,0.010886155251517773,0.01094276328021984,0.010958324921503584,0.0109018629657853,0.010731548009416348,0.010396299799240727,0.009837686770930157,0.008979592787665077,0.007688248470112036,0.005861712489942699,0.004552179966939799
4.710000000000036,-0.022969978685637094,0.00034977591283640074,0.006160300103282283,0.008214487820930047,0.009001134479417973,0.009345845251327398,0.009529454926770025,0.00965041663810251,0.00974389462756507,0.009822774559975074,0.009892254273210922,0.009954978885603013,0.010012817897116513,0.010067422741847106,0.010120313949238392,0.010172910492520951,0.010226537200373288,0.01028238315078606,0.010341524702590553,0.010404922055954766,0.01047332176594911,0.010547134610194124,0.010626132824916108,0.010708841658831597,0.01079161351201267,0.010867171860162587,0.010922580834715536,0.010936939529882773,0.010879294351910549,0.010707851316656306,0.010371579970452412,0.009812116548418202,0.008953440114995262,0.007661919361893356,0.00583571118190668,0.004526449079920362
4.715000000000037,-0.022949653998843363,0.0003581665828620026,0.0061651537835345355,0.008217470203768732,0.009002819542453643,0.009346457265523304,0.009529097087498332,0.00964914389811888,0.009741738626122771,0.009819753035682516,0.009888375192660037,0.009950242709423619,0.010007219096171168,0.010060950940470877,0.010112954848717635,0.010164646586567943,0.01021734830731425,0.01027224681247169,0.010330416443446256,0.010392815545373798,0.010460188964680501,0.010532945951025384,0.010610857574637957,0.010692448697410699,0.010774072805904244,0.010848457074029995,0.010902673625722453,0.010915836021232393,0.010857014196189244,0.01068444945071436,0.010347160924961584,0.00978685234794274,0.00892759754933547,0.007635902749832504,0.0058100227558405305,0.004501030307173281
4.720000000000038,-0.022929175261338273,0.0003667118368394541,0.0061701614764777726,0.008220607839088508,0.009004662298775825,0.009347230180859938,0.009528903850648014,0.009648039794536763,0.009739755536151324,0.0098169088872362,0.009884678112800147,0.009945693303203525,0.01000181197003298,0.010054675849575345,0.010105797622635426,0.010156589846143635,0.010208371997746064,0.010262328602735567,0.010319531985770783,0.010380938637854296,0.010447291697619154,0.010518998887084656,0.010595830109565232,0.010676309836491784,0.010756792632213567,0.010830009351710784,0.01088304008025594,0.01089501279104839,0.010835020863038981,0.010661340746070551,0.010323040969498024,0.009761892452242644,0.008902063355438508,0.007610196889600688,0.0057846454687157725,0.004475921912778393
4.725000000000039,-0.022908543554211222,0.00037541063739937076,0.006175322168308751,0.008223899719306578,0.009006661736504253,0.009348162974582528,0.009528874178440326,0.009647103271851067,0.009737944282330688,0.00981424101809419,0.009881161914718732,0.009941329524721387,0.009996595352390197,0.010048596277985728,0.010098841054319583,0.01014873902849489,0.010199607002228061,0.01025262722487931,0.01030887000505117,0.010369289980507224,0.010434628582944862,0.010505292007132542,0.010581048988499889,0.010660423604380076,0.01073977148834758,0.01081182715938096,0.010863678632977958,0.010874468242521819,0.010813312724691456,0.010638523545228106,0.01029921841893917,0.009737235152248967,0.00887683580634619,0.007584800045195617,0.005759577585785488,0.004451122169124255
4.7300000000000395,-0.0228877599527626,0.0003842619526642278,0.006180634850477553,0.008227344842006547,0.009008816848920936,0.009349254629183165,0.009529007038418275,0.009646333279818141,0.009736303794746248,0.009811748337204364,0.009877825485100255,0.009937150237462722,0.009991568082699525,0.010042711040471795,0.010092083933176678,0.010141092897036744,0.010191052057603926,0.010243141388608063,0.010298429183274463,0.010357868227069834,0.010422198245628584,0.01049182390679053,0.01056651277722064,0.010644788536492469,0.010723007878953458,0.010793908970498086,0.01084458772600647,0.010854200786540598,0.010791888161289976,0.010615996198588273,0.010275691596196079,0.0097128787471289,0.008851913183338233,0.007559710488876605,0.005734817380487606,0.004426629356665158
4.73500000000004,-0.022866825526535847,0.00039326475614131747,0.006186098519646259,0.008230942209940226,0.009011126634459951,0.009350504132349108,0.009529301403343493,0.009645728773554397,0.009734833008905897,0.009809429759039937,0.009874667716236194,0.009933154310621164,0.009986729006264641,0.010037018957706558,0.010085525054618898,0.010133650221291177,0.010182705906924031,0.010233869809944488,0.01028820820890629,0.010346672037894694,0.010409999317334176,0.01047859318852894,0.010552220048449528,0.010629403175396906,0.010706500315910788,0.010776253265942136,0.010825765809047202,0.010834208841643014,0.010770745560689377,0.01059375706455106,0.010252458832273374,0.009688821544149363,0.008827293775976143,0.007534926501176514,0.005710363134546154,0.004402441764132508
4.740000000000041,-0.022845741339361996,0.0004024180267418248,0.006191712177731067,0.008234690831007595,0.009013590096738888,0.009351910476938247,0.009529756251266154,0.009645288713503007,0.009733530865755855,0.009807284203566918,0.00987168750601992,0.009929340619065538,0.009982076974147666,0.010031518856258274,0.010079163220047965,0.0101264097769119,0.010174567299502491,0.010224811211285382,0.010278205776857941,0.010335700079871547,0.010398030436416647,0.010465598461627435,0.01053816938190183,0.010614266070671428,0.010690247318292174,0.010758858533933055,0.010807211339236391,0.010814490834001295,0.010749883318537221,0.010571804509361578,0.010229518466165828,0.009665061858736525,0.008802975881956589,0.007510446370785789,0.005686213137789971,0.004378557688290903
4.745000000000042,-0.022824508449388402,0.0004117207487495157,0.006197474831794397,0.008238589718224313,0.009016206244411004,0.009353472660932482,0.009530370565390543,0.009645012065387199,0.009732396311557364,0.009805310596209788,0.009868883757865302,0.009925708043320956,0.009977610843187903,0.010026209568530285,0.010072997236838025,0.010119370345592129,0.010166634990780885,0.01021596432127813,0.01026842058845156,0.010324951026440609,0.010386290247885208,0.01045283834215185,0.01052435936418103,0.010599375778980626,0.010674247412365466,0.010741723269993526,0.010788922781173292,0.010795045197321223,0.010729299838198836,0.010550136907118804,0.010206868844880493,0.00964159801436256,0.00877895780713431,0.007486268394584661,0.005662365688166771,0.004354975433983277
4.750000000000043,-0.02280312790902496,0.00042117191181253294,0.006203385494094826,0.008242637889700602,0.009018974091330435,0.009355189687547654,0.00953114333416556,0.0096448978001936,0.009731428297945984,0.009803507867790185,0.009866255380742551,0.00992225546953984,0.009973329475922887,0.010021089932800539,0.010067025918279442,0.010112530715091514,0.010158907742417827,0.010207327874887328,0.010258851351423112,0.010314423557580443,0.010374777403419319,0.01044031145293001,0.010510788588737226,0.010584730863985724,0.010658499131562058,0.010724845976968283,0.010770898606926711,0.010775870372961818,0.010708993530748454,0.010528752639775228,0.010184508323291996,0.00961842834255783,0.00875523786546781,0.007462390877584078,0.005638819091730003,0.004331693314060778
4.755000000000043,-0.022781600765089532,0.00043077051087140835,0.00620944318201354,0.00824683436864537,0.009021892656341955,0.00935706056498599,0.0095320735511883,0.009644944894151233,0.00973062578188639,0.009801874954618279,0.009863801289134203,0.009918981789494276,0.00996923174063119,0.010016158793122142,0.010061248083628415,0.010105889679224628,0.010151384322171822,0.010198900613316606,0.01024949677982252,0.01030411635968206,0.01036349056122024,0.010428016423512227,0.01049745565595302,0.010570329896347815,0.01064300101638874,0.010708225164881797,0.0107531372958634,0.010756964809713374,0.010688962814892278,0.010507650097065065,0.01016243526427645,0.009595551182863739,0.008731814379003573,0.007438812132861081,0.005615571662577227,0.004308709649394652
4.760000000000044,-0.022759928058717085,0.0004405155462284074,0.0062156469180964504,0.008251178183297712,0.009024960963394993,0.00935908430662782,0.009533160215204716,0.009645152328719098,0.009729987725613821,0.009800410798325634,0.00986152040297803,0.009915885900513888,0.009965316511265754,0.01001141499936153,0.010055662557984143,0.010099446037753769,0.010144063503943854,0.010190681283995662,0.010240355594094922,0.010294028125636262,0.010352428386142393,0.010415951890103477,0.010484359172959711,0.01055617145364363,0.010627751614465863,0.010691859351045241,0.010735637334783268,0.010738326963938822,0.010669206116996854,0.010486827676467103,0.010140648038515875,0.009572964882789782,0.008708685677828428,0.007415530481584559,0.005592621722843727,0.004286022768848992
4.765000000000045,-0.02273811082548585,0.0004504060233944179,0.006221995729935969,0.00825566836695132,0.009028178041443206,0.009361259930862915,0.009534402330075797,0.00964551909053311,0.009729513096709545,0.0097991143459732,0.00985941164772886,0.009912966705519116,0.009961582667424414,0.01000685740711578,0.01005026817232693,0.010093198596432734,0.010136944067668782,0.01018266864051432,0.010231426520972845,0.0102841575547672,0.010341589549543277,0.010404116495669108,0.010471497753709914,0.010542254120378023,0.010612749480420555,0.010675747059876513,0.010718397217715342,0.010719955299343473,0.010649721870957706,0.010466283783120407,0.010119145024541594,0.009550667797777105,0.008685850100021947,0.007392544252895978,0.005569967602585725,0.004263631009133242
4.770000000000046,-0.0227161500953528,0.0004604409531918201,0.006228488650268028,0.008260303957923031,0.00903154292446379,0.009363586461184776,0.009535798904803511,0.009646044171439813,0.009729200867964513,0.009797984549921257,0.00985747395421401,0.009910223112936621,0.009958029094348023,0.010002484877754453,0.010045063763522762,0.010087146167004407,0.010130024799412343,0.010174861442681404,0.010222708293463618,0.010274503352787043,0.010330972729315843,0.010392508889726752,0.01045887001893268,0.010528576487991999,0.01059799317594594,0.010659886823014055,0.010701415446055986,0.01070184828714978,0.010630508518275045,0.010446016829976921,0.010097924608694867,0.009528658291150835,0.00866330599160521,0.007369851783941915,0.005547607639869365,0.004241532714941498
4.7750000000000465,-0.022694046892756944,0.0004706193516928812,0.006235124716854463,0.008265083999498086,0.009035054651442742,0.009366062926061774,0.009537348953428802,0.009646726568419988,0.009729050017422802,0.00979702036788328,0.00985570625873107,0.00990765403672441,0.00995465468288282,0.009998296278322662,0.01004004817417096,0.010081287567068262,0.010123304491187014,0.010167258456431193,0.010214199650851363,0.010265064231812199,0.010320576609878342,0.01038112772847618,0.010446474596083544,0.010515137154769063,0.01058348126973805,0.01064427717918822,0.010684690528440089,0.010684004405931747,0.010611564507959099,0.010426025237521083,0.010076985185097986,0.009506934734140288,0.008641051706582121,0.00734745141983097,0.005525540180621163,0.004219726238727397
4.780000000000047,-0.022671802236574834,0.00048094024013402964,0.0062419029724921265,0.008270007539943688,0.00903871226629964,0.009368688359008013,0.009539051495077264,0.009647565283578121,0.009729059528306572,0.00979622076286219,0.009854107502958063,0.009905258396343278,0.009951458329506654,0.009994290481617393,0.010035220252772842,0.010075621620200592,0.010116781941101258,0.010159858453819564,0.010205899338644176,0.010255838910242333,0.01031039988204211,0.010369971674668885,0.010434310119340248,0.010501934725783639,0.010569212337404372,0.010628916674246066,0.010668220980693751,0.010666422141617216,0.010592888296471571,0.010406307433885558,0.010056325155544471,0.009485495505770714,0.008619085606792075,0.007325341513534263,0.005503763578661842,0.004198209940836299
4.785000000000048,-0.022649417140205477,0.0004914026449677517,0.006248822465028265,0.008275073632515624,0.009042514817950506,0.009371461798496145,0.009540905553932125,0.009648559324153911,0.009729228389103263,0.009795584703146787,0.00985267663391964,0.009903035116673018,0.009948438936193581,0.009990466366021064,0.010030578853476324,0.010070147155766724,0.01011045595317149,0.010152660212980252,0.010197806108525258,0.010246826112827088,0.01030044124309105,0.010359039397581248,0.01042237522951471,0.010488967812961577,0.010555184961525103,0.010613803861073245,0.01065200532587647,0.010649099987507401,0.010574478347817138,0.010386861854809665,0.010035942929598387,0.00946433899283842,0.008597406061960092,0.007303520425946487,0.005482276195649685,0.004176982189350713
4.790000000000049,-0.02262689261152362,0.0005020055978218242,0.006255882247260285,0.00828028133533089,0.009046461360178917,0.009374382287964531,0.009542910159152438,0.009649707702478751,0.009729555593405013,0.009795111162268185,0.009851412604014108,0.009900983128077372,0.00994559541048411,0.009986822815588763,0.010026122836243658,0.010064863009040536,0.010104325337413456,0.010145662518122206,0.010189918718414372,0.010238024570659766,0.010290699396757703,0.010348329573081586,0.010410668574126689,0.010476235034991746,0.010541397731542224,0.010598937299583425,0.010636042094195029,0.010632036444140288,0.010556333133336237,0.010367686943586717,0.01001583692443347,0.009443463589949894,0.008576011449626783,0.007281986525740222,0.005461076400994828,0.004156041360124939
4.79500000000005,-0.02260422965297665,0.0005127481355017931,0.006263081377043204,0.008285629711492423,0.009050550951746473,0.009377448875811911,0.009545064344960308,0.00965100943594677,0.009730040139989888,0.009794799119019312,0.009850314370973261,0.009899101366321588,0.009942926665485087,0.009983358720073403,0.010021851066803771,0.010059768021127756,0.010098388909769888,0.010138864159525387,0.01018223593236414,0.010229433021018572,0.010281173053082446,0.01033784088351148,0.010399188807299694,0.010463735017322354,0.010527849243852177,0.010584315556728556,0.010620329822984938,0.010615230019317447,0.010538451131801805,0.0103487811509454,0.009996005564876648,0.00942286769939609,0.0085549001551212,0.007260738189461975,0.005440162571968942,0.004135385836721561
4.8000000000000504,-0.02258142926157674,0.0005236292998838893,0.006270418917070477,0.008291117828950376,0.0090547826562372,0.009380660615337634,0.00954736715049149,0.009652463546969147,0.009730681032754719,0.00979464755738031,0.009849380897787164,0.009897388772590948,0.009940431619735048,0.009980072974678057,0.010017762416483854,0.010054861038899602,0.010092645492092434,0.010132263933434795,0.010174756520504879,0.010221050207485134,0.010271860928531423,0.010327572017675183,0.010387934589726044,0.010451466392090391,0.010514538101589328,0.010569937206374301,0.010604867056680662,0.010598679228128703,0.010520830829349227,0.010330142935181707,0.00997644728333665,0.009402549731167427,0.008534070571511454,0.007239773801367802,0.0054195330934736705,0.00411501401037326
4.805000000000051,-0.02255849242890304,0.0005346481379791886,0.006277893935075951,0.00829674476051291,0.009059155542162804,0.009384016564764877,0.009549817619872409,0.009654069063037753,0.009731477280684664,0.009794655466548754,0.009848611152796052,0.009895844293438804,0.00993810919725376,0.009976964480261157,0.01001385576231247,0.01005014091501025,0.010087093912096497,0.010125860642119892,0.01016747925914943,0.010212874879807992,0.010262761745843263,0.010317521670852668,0.010376904588708196,0.01043942779816576,0.010501462914810791,0.010555800829407855,0.010589652346799908,0.010582382592765317,0.010503470719397522,0.010311770762018323,0.009957160519782874,0.00938250810291087,0.008513521099610177,0.007219091753467436,0.005399186358166448,0.004094924279987496
4.810000000000052,-0.022535420141164983,0.0005458037018740902,0.006285505503669987,0.00830250958389205,0.009063668682824712,0.009387515787138149,0.009552414802134129,0.009655825016595596,0.009732427897857908,0.009794821840839176,0.009848004109513251,0.009894466880708799,0.009935958327528064,0.009974032143244127,0.010010129987030677,0.01004560650788645,0.010081733003365045,0.010119653093793276,0.010160402930618357,0.010204905793959988,0.010253874234130185,0.01030768854473562,0.01036609747806043,0.010427617881009864,0.010488622300248846,0.010541905013542758,0.010574684251893545,0.010566338642716756,0.010486369302716741,0.01029366310455556,0.009938143721716811,0.00936274123988048,0.008493250147879529,0.0071986904454862406,0.005379120766363965,0.004075115052047161
4.815000000000053,-0.022512213379217834,0.0005570950487246088,0.006293252700332412,0.008308411381571634,0.009068321156388023,0.009391157350442745,0.009555157751272005,0.009657730445107343,0.009733531903429732,0.00979514567977547,0.009847558746757478,0.00989325549167947,0.00993397794548408,0.009971274875526551,0.010006583978918225,0.010041256681660685,0.010076561605345646,0.010113640102652867,0.0101535263233323,0.010197141712071167,0.010245197128677361,0.010298071347373847,0.010355511938112764,0.010416035292815491,0.01047601488148475,0.010528248353442717,0.01055996133752336,0.010550545914507924,0.010469525087313728,0.010275818443341442,0.009919395344148561,0.009343247574962561,0.008473256132462786,0.007178568284787367,0.0053593347259880755,0.004055584740636041
4.820000000000054,-0.022488873118551387,0.000568521240727557,0.0063011346074272456,0.008314449240852975,0.009073112045791445,0.009394940327449967,0.009558045526133202,0.009659784390998426,0.009734788321580692,0.00979562598797301,0.009847274048557307,0.009892209088866887,0.009932166991401654,0.009968691594540748,0.010003216631920308,0.010037090306202933,0.010071578563262105,0.010107820488786442,0.01014684823172507,0.010189581402420416,0.01023672917114775,0.010288668793226815,0.010345146655684305,0.010404678692305984,0.01046363928877576,0.010514829450572569,0.010545482176223028,0.010535002951784916,0.010452936588419998,0.010258235266230993,0.009900913849529985,0.009324025548543278,0.008453537477094588,0.007158723686366494,0.005339826652596346,0.004036331767383876
4.825000000000054,-0.022465400329363203,0.0005800813450619674,0.006309150312194326,0.008320622253884085,0.009078040438805453,0.009398863795766302,0.009561077190465525,0.009661985901605476,0.009736196181515402,0.009796261775159736,0.009847149004080161,0.009891326640077653,0.009930524410988507,0.009966281223146866,0.010000026845492256,0.01003310625700395,0.010066782728087798,0.010102193078119548,0.010140367456185021,0.010182223639317364,0.010228469109309135,0.010279479603079705,0.010335000324058558,0.01039354674478026,0.010451494159097437,0.010501646913274989,0.010531245347476103,0.010519708305304711,0.010436602328478298,0.010240912068379272,0.009882697707724234,0.009305073608524207,0.008434092613091401,0.007139155072858155,0.005320594969251536,0.004017354561424477
4.830000000000055,-0.022441795976530534,0.0005917744339741446,0.006317298906697021,0.00832692951749615,0.009083105427926879,0.009402926837774172,0.009564251812829935,0.00966433402921269,0.009737754517408702,0.009797052056117398,0.009847182607702846,0.009890607118364073,0.009929049155250336,0.009964042689709398,0.0099970135247123,0.010029303415253155,0.010062172956628663,0.010096756702530914,0.010134082803126079,0.010175067203255355,0.010220415697193052,0.01027050250403409,0.010325071642923726,0.01038263812213389,0.01043957813609868,0.01048869935662702,0.010517249437703017,0.010504660532850554,0.010420520837100159,0.010223847352303668,0.009864745396038105,0.009286390210341031,0.008414919979320788,0.007119860874376735,0.005301638106595547,0.003998651559362276
4.835000000000056,-0.022418061019686998,0.0006035995845914467,0.006325579487767571,0.00833337013332233,0.009088306110401474,0.009407128540669031,0.009567568466650887,0.009666827830995128,0.009739462368472956,0.009797995850725855,0.009847373858947118,0.00989004950209459,0.009927740180595815,0.009961974928023507,0.009994175580156642,0.010025680667795776,0.010057748111379553,0.010091510199702619,0.010127993084910603,0.010168110880755673,0.01021256769501546,0.010261736229460765,0.010315359318418413,0.010371951502766402,0.010427889870076952,0.01047598540254355,0.010503493040211042,0.010489858199214422,0.010404690651007539,0.01020703962768804,0.009847055399090433,0.00926797381685429,0.00839601802217375,0.007100839528654482,0.005282954502756022,0.003980221205314181
4.840000000000057,-0.022394196413242775,0.0006155558790832967,0.006333991157088874,0.00833994320770275,0.009093641588194831,0.009411467996369816,0.009571026230162724,0.009669466368996781,0.00974131877882645,0.009799092183880854,0.009847721762443161,0.009889652774745277,0.009926596448694265,0.009960076877257099,0.00999151192790279,0.01002223690699986,0.010053507060582646,0.010086452413122428,0.010122097119795774,0.0101613534643531,0.010204923869072471,0.010253179518999829,0.010305862062982203,0.010361485571561463,0.010416428017920084,0.010463503679596564,0.010489974755149475,0.01047529987618788,0.01038911031409946,0.010190487411514796,0.009829626208883504,0.009249822898329735,0.008377385195509342,0.007082089480877048,0.005264542603313728,0.0039620619506977265
4.8450000000000575,-0.022370203106313716,0.0006276424044758067,0.00634253302104829,0.008346647851675125,0.009099110968002094,0.009415944301526239,0.009574624186351788,0.009672248710116238,0.00974332279748887,0.009800340085495218,0.009848225327952856,0.009889415925080565,0.009925616926535584,0.009958347481983125,0.009989021489522349,0.010018971030918259,0.010049448678114838,0.01008158219208018,0.01011639373194383,0.010154793752595398,0.010197482991839067,0.01024483111853102,0.010296578595480443,0.010351239019849334,0.010405191243111284,0.010451252823135117,0.01047669318950872,0.010460984142494995,0.010373778377235786,0.010174189227875302,0.009812456324654866,0.00923193593248109,0.00835901996064211,0.00706360918368459,0.005246400861261321,0.003944172254392073
4.850000000000058,-0.022346082042871983,0.0006398582527794028,0.0063512041908517485,0.008353483180994827,0.009104713361156853,0.009420556557544863,0.009578361423030837,0.009675173926129772,0.009745473478504355,0.009801738590488935,0.009848883570292457,0.009889337946979656,0.009924800586345955,0.009956785692136745,0.00998670319202616,0.010015881943082724,0.010045571843561354,0.01007689839164816,0.01011088175142216,0.010148430550041448,0.010190243841862498,0.010236689780128098,0.010287507641042054,0.010341210545436824,0.010394178215703754,0.010439231475133494,0.010463646957077903,0.010446909583807595,0.01035869339846114,0.01015814360814202,0.009795544252972256,0.009214311404288203,0.008340920786299466,0.00704539709717931,0.005228527737015494,0.003926550582605215
4.855000000000059,-0.022321834161710276,0.0006522025208195851,0.006360003782378687,0.00836044831607211,0.009110447883719905,0.009425303870509024,0.009582237032705287,0.009678241093556559,0.009747769880692177,0.009803286738744785,0.009849695509355145,0.009889417839498009,0.00992414640560677,0.009955390462986649,0.009984555967908341,0.010012968552607669,0.0100418754421236,0.010072399872617634,0.010105560014115262,0.010142262667177444,0.010183205203733272,0.010228754262052202,0.010278647931133623,0.01033139885253969,0.010383387612282392,0.010427438284265405,0.01045083467843591,0.010433074792672487,0.01034385394268641,0.010142349090684757,0.009778888507609388,0.009196947806135452,0.008323086148591462,0.0070274516888275745,0.005210921698395562,0.003909195408899158
4.86000000000006,-0.022297460396470334,0.0006646743103260978,0.006368930916232594,0.008367542381929329,0.00911631365633647,0.009430185351135151,0.009586250112665515,0.009681449293779464,0.00975021106780115,0.009804983575078356,0.009850660170044667,0.009889654606786652,0.009923653367025477,0.00995416075511103,0.009982578755041717,0.010010229774126134,0.010038358364630167,0.010068085501499941,0.010100427361731616,0.010136288920410392,0.010176365868141198,0.010221023328720049,0.010269998203448647,0.010321802651706726,0.01037281811591605,0.010415871905802097,0.010438254980900738,0.010419478368521676,0.010329258581944719,0.01012680422108447,0.00976248760951183,0.00917984363763874,0.008305514530973938,0.0070097714334956575,0.0051935812204576375,0.0038921052140291363
4.865000000000061,-0.022272961675622236,0.0006772727278649066,0.006377984717714356,0.008374764508271066,0.009122309804305336,0.00943520011486781,0.009590399764866465,0.009684797612926425,0.009752796108406552,0.00980682814928377,0.009851776582308474,0.0098900472581614,0.009923320458498416,0.00995309553440582,0.009980770496675367,0.010007664527698405,0.010035019507495775,0.010063954150522669,0.010095482641815008,0.010130508132111998,0.010169724631732283,0.010213495750674033,0.010261557201972709,0.010312420659939191,0.010362468416161586,0.010404531001597096,0.010425906498479335,0.01040611891760931,0.010314905895144187,0.010111507551912742,0.009746340086883899,0.009162997405733517,0.008288204424221363,0.006992354813363223,0.005176504785649769,0.00387527848611521
4.870000000000061,-0.022248338922583374,0.0006899968848635052,0.006387164316780268,0.008382113829358696,0.009128435457521133,0.009440347281737456,0.00959468509595,0.009688285141860818,0.009755524075941612,0.009808819516010864,0.009853043781099483,0.009890594807948672,0.009923146673108996,0.009952193772012815,0.009979130141460561,0.010005271738956632,0.01003185777271493,0.0100600046975854,0.01009072470764002,0.010124919130494965,0.010163280297188493,0.010206170304565729,0.01025332367687835,0.010303251600500125,0.010352337209038146,0.010393414240101161,0.010413787871892786,0.010392995052990468,0.010300794468110741,0.010096457642799235,0.009730444474964517,0.009146407624513695,0.008271154326393568,0.006975200317907302,0.005159690883643812,0.0038587137204274366
4.875000000000062,-0.02222359305567891,0.0007028458974640197,0.006396468848038215,0.008389589484090418,0.009134689750453598,0.009445625976377926,0.009599105217239372,0.009691910976204837,0.009758394048617603,0.009810956734860658,0.009854460806337199,0.009891296275633003,0.009923131009103985,0.009951454444345312,0.009977656643382632,0.010003050338866986,0.01002887206777628,0.010056236026193032,0.01008615241824768,0.010119520749602295,0.010157031673140917,0.010199045773109747,0.010245296384500124,0.010294294202940982,0.010342423196949054,0.010382520296275193,0.010401897748519753,0.010380105394515593,0.010286922893626949,0.010081653060408619,0.009714799316183104,0.009130072815326785,0.008254362742817774,0.006958306443886439,0.005143138011356319,0.003842409419436608
4.880000000000063,-0.022198724988153357,0.0007158188866805046,0.00640589745070862,0.008397190615875325,0.009141071822156913,0.009451035328076347,0.009603659244727258,0.009695674216293838,0.009761405109426111,0.009813238870211755,0.009856026702831845,0.009892150685620004,0.009923272469822783,0.009950876533015313,0.00997634896174038,0.010000999263890462,0.010026061305771277,0.010052647025513513,0.010081764638444153,0.010114311829388406,0.010150977574177648,0.010192120945094908,0.010237474087396893,0.010285547203156753,0.01033272508873449,0.010371847851632775,0.01039023478235435,0.010367448568769986,0.010273289771278083,0.010067092378340997,0.009699403160013729,0.009113991506638249,0.008237828186023956,0.0069416716953053514,0.005126844672933149,0.0038263640928204745
4.885000000000064,-0.022173735628208506,0.0007289149782431271,0.006415449268670827,0.008404916372713704,0.009147580816212034,0.009456574470646044,0.00960834629899964,0.009699573967139767,0.009764556346173747,0.009815664991382204,0.009857740520405027,0.009893157067438544,0.009923570063759489,0.009950459024861604,0.009975206061151728,0.009999117455874743,0.010023424405245032,0.01004923659032643,0.010077560238683772,0.010109291215551217,0.010145116820760604,0.010185394615303722,0.010229855554220001,0.010277009343234068,0.010323241599560756,0.010361395594126464,0.010378797634013026,0.010355023209087294,0.010259893707511295,0.010052774177183794,0.009684254562991476,0.009098162234101606,0.008221549175763593,0.0069252945833528385,0.00511080937966322,0.003810576257327371
4.8900000000000645,-0.022148625879068698,0.0007421333026453097,0.00642512345030215,0.008412765907113429,0.009154215880732728,0.009462242542448355,0.009613165505235262,0.009703609338435296,0.009767846851349106,0.009818234172469426,0.009859601313777142,0.009894314455549572,0.00992402280446697,0.009950200911875434,0.009974226911473913,0.009997403861990878,0.010020960290181138,0.010046003620911282,0.010073538095107602,0.01010445775959904,0.010139448239278554,0.010178865584539586,0.010222439559738061,0.010268679371530611,0.010313971450980458,0.010351162218184672,0.010367584970651685,0.010342827955414118,0.010246733315594081,0.010038697044411836,0.009669352088663551,0.009082583540420344,0.008205524238884803,0.006909173626409845,0.005095030650032993,0.003795044436855375
4.895000000000065,-0.022123396638925888,0.0007554729950666808,0.006434919148628445,0.008420738376094541,0.00916097616833677,0.009468038686445884,0.009618115993255849,0.009707779444521716,0.009771275722209144,0.009820945492362175,0.009861608142506018,0.009895621889422397,0.009924629710575499,0.00995010119126468,0.009973410487870824,0.009995857434833964,0.010018667890083186,0.010042947023208609,0.010069697089557553,0.010099810318781995,0.01013397066199529,0.010172532659588049,0.010215224884837571,0.010260556042556459,0.010304913370785816,0.01034114642465742,0.01035659546601137,0.010330861454481442,0.010233807215543083,0.010024859574406776,0.00965469430756159,0.009067253975421338,0.00818975190947393,0.006893307350010997,0.005079507009565939,0.003779767162338411
4.900000000000066,-0.02209804880103423,0.0007689331954299666,0.00644483552117971,0.00842883294116103,0.009167860836114521,0.009473962050017562,0.009623196897404346,0.009712083404361718,0.0097748420607046,0.009823798034772567,0.009863760071065576,0.00989707841348326,0.009925389805761048,0.00995015886531436,0.009972755770693875,0.009994477132281058,0.010016546139830718,0.010040065708597563,0.010066036109464938,0.010095347756101637,0.010128682926976482,0.010166394653165439,0.010208210316416623,0.010252638117027434,0.010296066093144554,0.010331346920802216,0.010345827800330274,0.01031912235955422,0.010221114034160941,0.010011260368401272,0.00964027979720088,0.009052172095923895,0.008174230728591457,0.0068776942867776105,0.005064236990946663,0.0037647429717579625
4.905000000000067,-0.02207258325367641,0.0007825130482735337,0.006454871730020309,0.0084370487682937,0.009174869045639893,0.009480011785150422,0.009628407356594294,0.009716520341562387,0.009778544973455306,0.009826790888124624,0.009866056168763342,0.009898683077077818,0.00992630211874142,0.009950372941446935,0.009972261745522288,0.009993261917543616,0.010014593979755583,0.010037358593991975,0.010062554047868537,0.010091068940294283,0.010123583878159877,0.010160450383935583,0.010201394647440685,0.01024492436180188,0.010287428358411226,0.010321762420265002,0.01033528066033136,0.01030760933051687,0.010208652404904175,0.00999789803444161,0.009626107141961849,0.009037336465772903,0.008158959244430733,0.006862332976431445,0.005049219133848609,0.0037499704101148276
4.910000000000068,-0.022047000880245568,0.0007962117028542876,0.006465026941738013,0.008445385027948928,0.009181999962956294,0.00948618704821852,0.00963374651425034,0.009721089384282549,0.009782383571778394,0.009829923145648742,0.009868495509715629,0.009900434934454572,0.009927365683177905,0.009950742432185385,0.009971927403127691,0.00999221075906601,0.010012810355492832,0.010034824601799467,0.010059249803409746,0.010086972745719763,0.010118672365201904,0.010154698676421155,0.010194776676877305,0.01023741354984584,0.010278998913234375,0.010312391643014635,0.010324952739215439,0.010296321033873276,0.010196420967989697,0.009984771187389397,0.009612174933204652,0.009022745655817855,0.008143936012251073,0.006847221965739329,0.005034451985039594,0.0037354480293688382
4.915000000000068,-0.02202130255918884,0.0008100283130367879,0.0064753003273864485,0.008453840894942818,0.009189252758473437,0.009492487000097138,0.009639213518319489,0.009725789665297338,0.009786356971611848,0.009833193905252571,0.00987107717287493,0.009902333044788946,0.009928579537781873,0.009951266355128293,0.009971751739444316,0.009991322630638181,0.010011194218148325,0.010032462659878845,0.010056122280262767,0.010083058052451226,0.010113947243602754,0.01014913836106823,0.010188355209673167,0.010230104460231407,0.010270776510402011,0.010303233315338209,0.01031484273661088,0.010285256142656948,0.010184418370250945,0.009971878448873383,0.00959848176909009,0.00900839824383234,0.008129159594233725,0.006832359808501,0.005019934098201903,0.0037211743884421264
4.920000000000069,-0.021995489164099432,0.0008239620372917534,0.006485691062485209,0.008462415548552298,0.009196626607036849,0.009498910806091066,0.009644807521224432,0.009730620321861418,0.00979046429349784,0.009836602269552689,0.009873800241952897,0.009904376472072877,0.009929942726170364,0.009951943732894028,0.009971733755538089,0.009990596511200173,0.01000974452405205,0.010030271701524695,0.010053170388185253,0.01007932374618757,0.010109407374566375,0.010143768274155411,0.01018212905672983,0.01022299587808228,0.010262759908942255,0.01029428616986204,0.010304949358563171,0.010274413336413707,0.010172643265201741,0.009959218447263196,0.009585026254660546,0.008994292814526388,0.008114628559603614,0.006817745065509204,0.005005664034054147,0.003707148053188086
4.92500000000007,-0.02196956156370017,0.0008380120387194766,0.0064961983270312535,0.00847110817244605,0.009204120687898257,0.009505457635913313,0.0096505276798661,0.009735580495846594,0.009794704662620658,0.009840147345831218,0.009876663805413135,0.009906564285196727,0.009931454296946828,0.009952773593169272,0.009971872457611362,0.009990031384976035,0.010008460234920042,0.010028250665441015,0.010050393042401554,0.010075768718248867,0.010105051625006516,0.010138587257764118,0.010176097034905057,0.010216086594592588,0.010254947873998773,0.01028554894542061,0.010295271317465023,0.010263791301184471,0.010161094312893155,0.009946789817628863,0.009571807001740325,0.008980427959477651,0.008100341484531487,0.006803376304499381,0.004991640360197728,0.003693367596305619
4.930000000000071,-0.02194352062191295,0.0008521774849419639,0.006506821305416402,0.008479917954653485,0.009211734184657941,0.009512126663669598,0.00965637315557319,0.009740669333559732,0.00979907720871131,0.00984382824606513,0.009879666956493508,0.009908895557855174,0.009933113303563114,0.009953754968605092,0.009972166856946855,0.009989626241333838,0.010007340317739642,0.010026398495696412,0.010047789163637976,0.010072391865514198,0.010100878867556432,0.01013359415981719,0.010170257966933757,0.01020937540694869,0.010247339176864633,0.010277020387098537,0.01028580733210963,0.010253388729481602,0.01014977018002097,0.009934591201742964,0.009558822628959001,0.008966802277170565,0.008086296952041237,0.006789252100160346,0.004977861651169302,0.0036798315974447483
4.9350000000000716,-0.021917367197792793,0.0008664575482037376,0.006517559186481508,0.008488844087579415,0.009219466285311407,0.009518917067913482,0.00966234311416001,0.009745885985881195,0.009803581066115664,0.009847644086869799,0.009882808793142796,0.009911369368548795,0.009934918804432136,0.00995488689689098,0.009972615969944448,0.009989380074852575,0.010006383744758726,0.010024714141787473,0.010045357678091527,0.010069192090469555,0.010096887980516764,0.010128787833957435,0.010164610681437404,0.010202861118330919,0.01023993259492183,0.010268699246254622,0.010276556127592814,0.01024320432028171,0.010138669539794837,0.009922621248028738,0.009546071761678319,0.0089534143728711,0.008072493552122058,0.006775371034065763,0.004964326488352051,0.00366653864296592
4.940000000000072,-0.02189110214566328,0.0008808514052018161,0.006528411163411275,0.008497885767901805,0.00922731618209194,0.009525828031441318,0.009668436725759889,0.00975122960805876,0.009808215373648005,0.009851593989432255,0.009886088418005293,0.00991398480058482,0.009936869862816647,0.009956168420626988,0.009973218818008478,0.009989291885225089,0.010005589493459978,0.010023196558482302,0.010043097517410409,0.010066168301146261,0.010093077847827312,0.010124167139663834,0.01015915401294354,0.01019654253790584,0.01023272691165494,0.010260584280366603,0.010267516435308202,0.010233236778922565,0.01012779107194689,0.009910878611516474,0.009533553031975705,0.008940262858656888,0.008058929881564696,0.0067617316946757865,0.004951033459984074,0.0036534873261239074
4.945000000000073,-0.02186472631501917,0.0008953582372074214,0.006539376433774819,0.008507042196691277,0.009235283071638331,0.009532858741501145,0.00967465316498546,0.009756699359898029,0.009812979274716402,0.009855677079598951,0.009889504938402629,0.009916740941989601,0.009938965546797813,0.009957598587374442,0.009973974427609184,0.00998936067731196,0.010004956546570557,0.0100218447059251,0.010041007618632435,0.010063319411044382,0.010089447359033894,0.010119730942037296,0.010153886801748946,0.010190418480784542,0.010225720916585811,0.010252674253112281,0.010258686992929329,0.010223484817143762,0.01011713346269763,0.00989936195386812,0.00952126507866954,0.008927346353423111,0.008045604544016175,0.006748332677269975,0.0049379811611357915,0.00364067624691289
4.950000000000074,-0.02183824055065678,0.000909977229993877,0.006550454199515375,0.008516312579243563,0.009243366154832722,0.009540008389610537,0.009680991610771503,0.00976229440556428,0.009817871917182319,0.009859892487750358,0.009893057466312721,0.009919636885575758,0.0099412049293516,0.00995917644963229,0.009974881830204863,0.009989585461065183,0.010004483892037796,0.01002065754952607,0.010039086924228691,0.010060644339235687,0.01008599540934261,0.01011547811199096,0.010148807893998437,0.010184487767937648,0.010218913405207728,0.010244967934271603,0.010250066544366901,0.01021394715307332,0.010106695404759997,0.009888069943273122,0.009509206547168617,0.008914663482753105,0.00803251614989756,0.0067351725839957,0.00492516819366631,0.0036281040120541455
4.955000000000075,-0.021811645692629913,0.000924707573724035,0.006561643666876596,0.008525696125214536,0.00925156463684921,0.009547276171577924,0.009687451246432041,0.009768013913697637,0.009822892453437641,0.009864239348867179,0.009896745118386582,0.009922671728876231,0.00994358708821377,0.00996090106478407,0.009975940062297364,0.009989965251475321,0.010004170522935832,0.010019634059989303,0.010037334382033103,0.010058142010198438,0.010082720899449001,0.010111407526021549,0.010143916141588999,0.010178749226309928,0.010212303179106284,0.010237464099774649,0.010241653839776637,0.010204622511141395,0.010096475597256693,0.009877001254484409,0.009497376089558161,0.008902212878970936,0.008019663316427545,0.006722250023718278,0.004912593166163268,0.0036157692350439734
4.9600000000000755,-0.021784942576283252,0.000939548463115744,0.006572944046447331,0.008535192048428708,0.009259877727100808,0.00955466128753093,0.009694031259581936,0.009773857057263101,0.009828040040291452,0.009868716802433869,0.009900567015858744,0.009925844574135805,0.009946111105940148,0.009962771495082057,0.009977148165281866,0.009990499068668387,0.010004015437512314,0.01001877321326386,0.010035748945201801,0.010055811353902907,0.010079622735669314,0.010107518066337275,0.010139210402224126,0.010173201688646907,0.010205889045798904,0.010230161531603481,0.010233447635461971,0.010195509622079983,0.01008647274573312,0.009866154568771173,0.009485772364545909,0.00888999318108647,0.008007044667536038,0.006709563612104566,0.004900254693973487,0.0036036705360013997
4.965000000000076,-0.02175813203229663,0.0009544990972301132,0.00658435455306443,0.008544799567000235,0.009268304639269906,0.009562162941841743,0.009700730842156618,0.009779823013642533,0.009833313839010586,0.009873323992463568,0.009904522284560497,0.00992915452820943,0.009948776069809068,0.009964786807638017,0.009978505185552431,0.009991185937733228,0.01000401763917292,0.010018073990506035,0.010034329572257507,0.010053651305732426,0.010076699829815166,0.010103808620763904,0.01013468953930521,0.01016784399355927,0.010199669818727478,0.010223059017819188,0.01022544669394441,0.010186607222898096,0.010076685562120097,0.00985552857389775,0.009474394037398718,0.008878003034772682,0.007994658833888047,0.006697111971539807,0.004888151399132242,0.00359180654176545
4.970000000000077,-0.021731214886650328,0.0009695586796383919,0.006595874405908884,0.00855451790325474,0.00927684459122369,0.009569780343145031,0.009707549190443037,0.009785910964587315,0.009838713015326944,0.009878060067485109,0.009908610054938961,0.009932600702726455,0.009951581071935427,0.009966946074433578,0.00998001017442881,0.009992024888881353,0.010004176136429083,0.010017535378129822,0.010033075227005374,0.010051660806468875,0.01007395109922299,0.010100278082730214,0.01013035242195075,0.01016267498549754,0.010193644317301541,0.010216155352504936,0.010217649783869536,0.010177914056888756,0.010067112764718202,0.009845121964080057,0.009463239779946283,0.008866241092312627,0.007982504452829983,0.0066848937310925735,0.004876281910339321,0.0035801758857348354
4.975000000000078,-0.02170419196074553,0.0009847264182003166,0.006607502828326438,0.008564346283732935,0.00928549680505242,0.009577512704305393,0.009714485504919688,0.009792120096130475,0.009844236739310473,0.009882924180496279,0.009912829461977456,0.009936182213864178,0.009954525209063175,0.00996924837220285,0.009981662188105606,0.009993014957216002,0.010004489942862765,0.010017156367688351,0.01003198487854457,0.010049838802286885,0.01007137546669239,0.010096925351265435,0.010126197924993974,0.010157693514675412,0.010187811366802026,0.010209449335754014,0.010210055679964442,0.010169428873492915,0.010057753078116252,0.009834933439926164,0.009452308270506667,0.008854706012614282,0.007970580168318524,0.006672907526505223,0.004864644862946057,0.003568777207967441
4.980000000000079,-0.02167706407132706,0.0010000015252205228,0.006619239047974035,0.00857428393912367,0.00929426050699804,0.009585359242350572,0.00972153899036982,0.009798449598689307,0.009849884185465542,0.009887915488963507,0.009917179645185773,0.009939898182474406,0.009957607582686583,0.00997169278255355,0.009983460287687904,0.009994155182856776,0.01000495807713138,0.010016935955929741,0.010031057501230439,0.010048184244712623,0.010068971860485065,0.010093749330936371,0.010122224928887459,0.010152898437079753,0.010182169798408717,0.010202939773642918,0.010202663163114297,0.010161150428428342,0.010048605233235409,0.009824961708521398,0.00944159819394496,0.008843396461121162,0.007958884631008212,0.006661152000180704,0.004853238898948,0.0035576091551012714
4.985000000000079,-0.021649832030555437,0.0010153832173184858,0.00663108229667757,0.00858433010430086,0.00930313492748829,0.009593319178541775,0.009728708855803257,0.009804898666940755,0.009855654532648896,0.009893033154773412,0.009921659748620745,0.009943747733991724,0.009960827299004665,0.009974278391792983,0.009985403539127278,0.009995444610887841,0.010005579562947717,0.010016873144722705,0.010030292074639685,0.01004669609060642,0.01006673921428795,0.010090748931832833,0.010118432319757606,0.010148288614438353,0.010176718449116226,0.010196625478181731,0.010195471020195055,0.010153077483549402,0.010039667967268795,0.009815205483245203,0.009431108241554048,0.008832311109878307,0.007947416498084796,0.006649625801102661,0.00484206266686613,0.0035466703802411324
4.99000000000008,-0.02162249664600023,0.0010308707154703908,0.00664303181049094,0.008594484018305959,0.009312119301102472,0.009601391738332245,0.009735994314466933,0.009811466499817378,0.009861546964043594,0.009898276344230177,0.00992626892080087,0.009947729998423319,0.009964183468851048,0.009977004291018063,0.009987491013222091,0.009996882291314658,0.01000635342903777,0.010016966941065568,0.01002968758359561,0.010045373302146852,0.010064676467238487,0.010087923069600388,0.010114818989317527,0.010143862914195024,0.010171456161739683,0.010190505267350507,0.010188478044171275,0.0101452088068642,0.010030940023690404,0.00980566348389551,0.009420837111086537,0.008821448637401213,0.007936174433348257,0.006638327584884908,0.004831114821855135,0.0035359595431445276
4.995000000000081,-0.02159505872074686,0.0010464632449490203,0.006655086829638256,0.008604744924250127,0.009321212866511346,0.00960957615127234,0.009743394583767854,0.009818152300564606,0.00986756066721696,0.009903644228096158,0.009931006314792271,0.009951844110366587,0.009967675207715413,0.00997986957605626,0.00998972178562732,0.009998467279054462,0.010007278709167088,0.010017216357052938,0.010029243018102471,0.010044214846795622,0.010062782563822918,0.010085270665351892,0.010111383834912493,0.01013962020951032,0.010166381784973925,0.010184577964994303,0.010181683033976572,0.010137543172458189,0.010022420152129174,0.009796334436581764,0.00941078350673647,0.0088108077287139,0.007925157107106721,0.006627256013657565,0.004820394025548114,0.0035254753099659233
5.000000000000082,-0.02156751905323387,0.001062160035334022,0.006667246598516321,0.00861511206943201,0.00933041486652222,0.009617871651088782,0.009750908885344247,0.009824955276653771,0.00987369483398604,0.009909135981444201,0.009935871088045512,0.009956089208932796,0.009971301635715819,0.009982873347421949,0.009992094936702299,0.010000198633903801,0.010008354442000409,0.010017620409839379,0.010028957373295903,0.010043219697293472,0.010061056453904562,0.010082790645670877,0.010108125759412381,0.010135559379219953,0.010161494173211086,0.010178842400913189,0.010175084794606283,0.01013007936056948,0.010014107108435564,0.009787217073624219,0.009400946138988437,0.008800387075279968,0.00791436319620927,0.006616409756092976,0.004809898946114253,0.0035152163533398594
5.0050000000000825,-0.021539878437494706,0.0010779603204929995,0.006679510365617673,0.008625584705167503,0.009339724548011725,0.009626277475587385,0.009758536444951909,0.009831874639738593,0.00987994866047104,0.009914750783755762,0.009940862402481754,0.00996046443776874,0.009975061877576675,0.009986014710371279,0.0099946095516942,0.010002075420562098,0.010009579671253906,0.010018178121662414,0.010028829649526519,0.010042386831611455,0.010059497092699302,0.010080481942562575,0.010105043671248579,0.010131679307750682,0.010156792186579135,0.010173297410648405,0.010168682136929098,0.010122816157476655,0.010005999654673952,0.009778310133752183,0.009391323724797736,0.008790185375032336,0.007903791383983083,0.006605787487367244,0.004799628258185161,0.003505181352358594
5.010000000000083,-0.021512137663025427,0.0010938633384693767,0.006691877383603855,0.008636162086886301,0.00934914116195374,0.009634792866731069,0.009766276492547507,0.009838909605747768,0.00988632134709235,0.009920487818838293,0.009945979424447386,0.009964968944999996,0.009978955062593081,0.009989292774772437,0.009997264720543122,0.010004096708521159,0.010010953445532845,0.0100188885197609,0.010028858852231502,0.010041715232943673,0.010058103440719852,0.010078343493479212,0.010102136484369398,0.010127978885206376,0.010152274690992415,0.010167941835666707,0.010162473877807946,0.010115752355493144,0.009998096559004311,0.009769612361825015,0.009381914987382162,0.008780201332280036,0.00789344036017868,0.006595387889139978,0.00478958064284032,0.0034953689925069126
5.015000000000084,-0.021484297514858728,0.0011098683316578127,0.006704346909250954,0.008646843474071391,0.009358663963362069,0.009643417070493923,0.00977412826211579,0.009846059394703751,0.00989281209848765,0.009926346274811747,0.009951221324698282,0.009969601883257158,0.009982980324635734,0.009992706655174224,0.010000059537924013,0.010006261572145432,0.010012474818380692,0.010019750636403405,0.010029043991946969,0.010041203889701577,0.010056874463819353,0.010076374241250094,0.010099403118244548,0.010124457007276362,0.010147940558044837,0.01016277452319228,0.010156458839980018,0.010108886752954734,0.009990396595711836,0.009761122508951125,0.009372718656291223,0.008770433657738283,0.00788330882103892,0.006585209649493946,0.00477975478759801,0.0034857779656547196
5.020000000000085,-0.021456358773591765,0.0011259745465790991,0.006716918203342385,0.008657628130207868,0.009368292211234893,0.009652149336963421,0.00978209099187373,0.009853323230881969,0.009899420123544585,0.009932325344140043,0.009956587278350745,0.009974362409648564,0.00998713680212898,0.009996255470761647,0.01000299310328957,0.010008569090605846,0.010014142848205195,0.01002076350884769,0.010029384084318813,0.010040851795456232,0.010055809133072857,0.010074573134091184,0.010096842497774922,0.010121112575213085,0.010143788665009108,0.010157794326269705,0.010150635852103235,0.01010221815417683,0.009982898545182247,0.009752839332453996,0.009363733467332736,0.008760881068446455,0.00787339546916671,0.006575251462963224,0.0047701493863715905,0.003476406970094232
5.025000000000086,-0.021428322215387013,0.0011421812339892938,0.00672959053083964,0.008668515322823304,0.00937802516866072,0.009660988920239939,0.009790163924038184,0.009860700342656611,0.009906144635366968,0.009938424223521045,0.009962076464881215,0.00997924968565909,0.009991423637993971,0.009999938345303914,0.010006064520685387,0.010011018347807663,0.010015956598320806,0.010021926179292344,0.01002987815001537,0.010040657948949344,0.010054906424856559,0.010072939125569955,0.01009445355334987,0.010117944495847467,0.010139817894803557,0.010153000103660503,0.010145003748685719,0.010095745369452621,0.00997560119386037,0.009744761595775113,0.009354958162594476,0.008751542287770378,0.007863699013519531,0.0065655120304314585,0.00476076313942606,0.003467254710326405
5.030000000000086,-0.021400188611997027,0.0011584876488189525,0.006742363160663524,0.008679504323456095,0.009387862102690537,0.009669935078476079,0.00979834630492445,0.009868189962544016,0.009912984851223574,0.009944642113967776,0.009967688068139122,0.009984262877277933,0.009995839979681767,0.010003754407165596,0.010009272898962623,0.010013608432476777,0.010017915136900198,0.010023237694929637,0.010030525214807233,0.010040621354041206,0.010054165320724588,0.0100714711745622,0.01009223522073916,0.01011495168148748,0.010136027135989547,0.01014839071988881,0.010139561370036375,0.010089467215020307,0.009968503334247557,0.009736888068516908,0.009346391490337324,0.008742416045398532,0.007854218169480056,0.006555990059192838,0.004751594753382422,0.003458319897268571
5.035000000000087,-0.021371958730813666,0.0011748930501460128,0.006755235365799712,0.0086905944076076,0.009397802284358579,0.009678987073783292,0.009806637384905345,0.009875791327162927,0.009919939992605466,0.009950978220711136,0.009973421276276548,0.009989401154832276,0.010000384979127133,0.010007702789321669,0.010012617351501907,0.010016338438062643,0.01002001753691326,0.010024697107818038,0.010031324309400569,0.010040741019694556,0.01005358480749584,0.010070168245267857,0.010090186441181091,0.010112133050001356,0.01013241528270663,0.010143965045167359,0.010134307562346363,0.010083382513028087,0.009961603764835725,0.009729217526404172,0.009338032205082208,0.008733501077274247,0.007844951658690884,0.006546684262857652,0.004742642941181104,0.003449601248034578
5.040000000000088,-0.02134363333483335,0.0011913967011785557,0.006768206423265947,0.008701784854750962,0.009407844988645253,0.00968814417231871,0.00981503641838162,0.009883503677240002,0.00992700928512828,0.009957431753210072,0.009979275281736495,0.009994663693067694,0.010005057792689086,0.010011782629210979,0.010016096996401278,0.010019207462711689,0.010022262876163965,0.010026303474954725,0.010032274469541268,0.010041015960004996,0.010053163877130277,0.010069029307170702,0.01008830616124424,0.010109487524705873,0.010128981234706525,0.010139721955404827,0.010129241177530933,0.010077490091480413,0.00995490129010877,0.009721748751214374,0.009329879067486196,0.00872479612560102,0.007835898209106261,0.006537593361339305,0.004733906422035154,0.0034410974860848067
5.045000000000089,-0.02131521318273581,0.0012079978692707241,0.006781275614012315,0.008713074948293693,0.00941798949450976,0.009697405644188117,0.009823542663763564,0.00989132625756435,0.009934191958552756,0.00996400192515113,0.009985249281270743,0.010000049671079094,0.010009857581239526,0.010015993068878227,0.010019710956313424,0.010022214609288337,0.010024650237253498,0.010028055858212863,0.010033374735970792,0.010041445194085178,0.010052901526763879,0.010068053334979834,0.01008659333286744,0.010107014034381629,0.01012572389730053,0.010135660332157887,0.010124361073279567,0.010071788784270818,0.009948394720535589,0.00971448053079791,0.009321930844347081,0.008716299938748947,0.007827056554933966,0.006528716080848393,0.004725383921456454,0.0034328073409927856
5.0500000000000895,-0.021286699028877646,0.0012246958258636561,0.006794442223059663,0.008724463975576833,0.009428235084796668,0.009706770763412103,0.00983215538347803,0.009899258316962591,0.009941487246770285,0.009970687954404207,0.009991342475890017,0.010005558272295776,0.010014783510012368,0.010020333254837518,0.01002345835855421,0.010025358985390148,0.010027178707557018,0.010029953324334602,0.01003462415431956,0.010042027746119415,0.01005279675868251,0.01006723930869945,0.010085046913332752,0.010104711513252242,0.010122642181304094,0.010131779062656198,0.010119666113040287,0.010066277431154128,0.009942082872503434,0.009707411659062973,0.009314186308609815,0.00870801127134451,0.007818425436646206,0.006520051153841484,0.0047170741711469455,0.0034247295486076025
5.05500000000009,-0.02125809162329171,0.0012414898464576097,0.006807705539272247,0.008735951227847597,0.009438581046295328,0.009716238808006603,0.009840873843916926,0.009907299108341051,0.009948894387764607,0.009977489063014218,0.009997554070851605,0.010011188684528109,0.010019834748696855,0.010024802338123676,0.010027338334958162,0.010028639703158055,0.010029847379142195,0.010031994944866536,0.010036021775217048,0.010042762645309993,0.010052848580270364,0.010066586213501661,0.010083665865215193,0.010102578900938023,0.010119735003078122,0.010128077039687199,0.010115155165987181,0.010060954877680639,0.009935964568330095,0.009700540935879753,0.009306644239277597,0.00869992888416709,0.007810003600937249,0.006511597319036878,0.0047089759090538676,0.0034168628509364052
5.060000000000091,-0.021229391711749864,0.0012583792106486392,0.006821064855525991,0.008747536000259161,0.009449026669658375,0.009725809059876972,0.009849697315426249,0.009915447888578701,0.009956412623600173,0.009984404477144333,0.010003883275614339,0.010016940099788495,0.010025010471316886,0.010029399474189443,0.010031350021916255,0.010032055879491771,0.01003265534887332,0.01003417979621087,0.01003756665414886,0.010043648925874112,0.010053056004035995,0.010066093039740242,0.01008244915641199,0.010100615142451301,0.010117001284435503,0.010124553161658447,0.01011082710691591,0.010055819975174157,0.009930038636176225,0.009693867167127689,0.00929930342144012,0.008692051544087542,0.007801789800661686,0.006503353321322278,0.004701087879299959,0.0034092059961328106
5.065000000000092,-0.021200600035747346,0.001275363202084712,0.0068345194686361905,0.00875921759182656,0.009459571249424509,0.009735480804826528,0.00985862507232586,0.009923703918571435,0.009964041200401529,0.009991433427149157,0.010010329303895161,0.01002281171447112,0.010030309856312087,0.010034123822989585,0.01003549256039702,0.01003560663585109,0.010035601718325755,0.010036506959560744,0.010039257851527069,0.010044685626991665,0.010053418047545696,0.010065758783012285,0.01008139576005033,0.010098819188183929,0.010114439952703487,0.01012120633253567,0.010106680816361954,0.010050871580740313,0.009924303910134576,0.009687389164638268,0.009292162646236626,0.008684378024150579,0.007793782794833561,0.006495317911766192,0.004693408832146145,0.0034017577384385395
5.070000000000093,-0.021171717332573226,0.0012924411083717422,0.0068480686792657605,0.008770995305404334,0.009470214083958376,0.009745253332533229,0.009867656392819123,0.009932066463227899,0.00997177936836459,0.009998575147463693,0.010016891373572666,0.010028802729208428,0.010035732086453067,0.01003897454885897,0.010039765095836784,0.010039291098306445,0.010038685593699834,0.010038975520858346,0.010041094432612087,0.010045871792813221,0.010053933733410382,0.010065582443997826,0.010080504654540145,0.010097189993853898,0.010112049940599839,0.010118035461832833,0.010102715180467079,0.010046108557222053,0.009918759230088003,0.009681105746170012,0.009285220710799943,0.008676907103443321,0.007785981348655437,0.006487489847639449,0.00468593752403783,0.0033945168382928815
5.075000000000093,-0.021142744335251276,0.0013096122211957173,0.006861711791964969,0.008782868447724674,0.009480954475523468,0.009755125936560007,0.009876790559084298,0.009940534791384962,0.009979626381689732,0.010005828876639313,0.010023568706691391,0.010034912348856487,0.010041276348808635,0.010043950820588954,0.010044166778158144,0.010043108397483453,0.010041906085881083,0.010041584570828307,0.010043075467487212,0.010047206472402056,0.010054602089274561,0.01006556302848572,0.010079774823477829,0.010095726520507348,0.010109830186290776,0.010115039464584587,0.010098929090980223,0.010041529773158205,0.009913403441707134,0.009675015735378323,0.009278476418268043,0.008669637567136512,0.007778384233362589,0.006479867892275032,0.004678672717458136,0.003387482062046943
5.080000000000094,-0.02111368177263219,0.0013268758361945174,0.006875448115206155,0.00879483632932456,0.009491791730151916,0.00976509791429298,0.009886026857091175,0.00994910817582053,0.009987581498596779,0.010013193857288763,0.010030360529465564,0.010041139782522333,0.010046941834802016,0.010049051811331948,0.01004869676181873,0.010047057668621058,0.010045262310461526,0.010044333204928802,0.010045200031108314,0.010048688719773179,0.010055422147828489,0.0100656995474524,0.010079205255675266,0.010094427734470376,0.010107779633298695,0.01011221726126628,0.01009532144528149,0.010037134102823505,0.009908235396539159,0.009669117961814175,0.009271928577749873,0.008662568206429798,0.007770990226352824,0.006472450815133956,0.004671613181029794,0.003380652182250481
5.085000000000095,-0.021084530369389422,0.0013442312529571585,0.00688927696125028,0.008806898264502724,0.009502725157691147,0.009775168566977528,0.009895364576787089,0.009957785893272631,0.009995643981286627,0.01002066933608618,0.010037266072233505,0.010047484243522413,0.010052727740125193,0.01005427669863904,0.01005335420567503,0.01005113805145159,0.010048753387585282,0.010047220523310706,0.010047467203214887,0.010050317593830294,0.010056392946696226,0.010065991016869861,0.010078794945126516,0.010093292607367896,0.010105897230594478,0.010109567777910665,0.010091891146260993,0.010032920426132646,0.009903253951798578,0.009663411260890249,0.009265576004267653,0.008655697818533786,0.007763798111014255,0.0064652373917730805,0.004664757689404583,0.0033740259773967817
5.090000000000096,-0.0210552908460153,0.0013616777750644312,0.006903197646224368,0.008819053571415976,0.009513754071758175,0.00978533719963039,0.009904803011904417,0.009966567224369352,0.01000381309594824,0.010028254563774878,0.010044284569444199,0.010053944949380653,0.01005863326473189,0.010059624664355029,0.010058138273031578,0.010055348690235635,0.01005237844202192,0.010050245630827993,0.010049876068301478,0.010052092158321644,0.010057513528490214,0.010066436457829987,0.010078542890966082,0.010092320116062804,0.010104181932405016,0.010107089945939068,0.01008863710243157,0.010028887628636601,0.009898457970534829,0.009657894473832442,0.009259417518782873,0.008649025206638534,0.007756806676824097,0.006458226403775777,0.004658105023260167,0.003367602231966197
5.095000000000097,-0.021025963918897026,0.001379214710001911,0.006917209490072097,0.008831301571959172,0.009524877789792854,0.009795603121106831,0.009914341460039406,0.009975451453622726,0.01001208811272112,0.010035948795080784,0.010051415259651671,0.010060521121756805,0.010064657612842252,0.010065094894719968,0.010063048131618124,0.01005968873375262,0.010056136603162435,0.010053407637036906,0.010052425715669382,0.010054011481884525,0.0100587829407916,0.010067034896418638,0.010078448097479934,0.010091509242623255,0.01010263269835897,0.010104782702207304,0.010085558227747466,0.010025034601516998,0.009893846321396572,0.009652566447667342,0.009253451948138093,0.008642549179905937,0.007750014719217842,0.00645141663874311,0.004651653969306599,0.0033613797364692305
5.100000000000097,-0.020996550300248804,0.001396841369178034,0.006931311816492212,0.008843641591741419,0.009536095632907162,0.009805965643975423,0.009923979222595386,0.009984437869453782,0.010020468305681707,0.010043751288773432,0.010058657385500974,0.01006721198647105,0.01007079999288627,0.01007068658025129,0.010068082953539441,0.010064157335227098,0.01006002700490539,0.010056705656113857,0.010055115239344617,0.010056074637966036,0.010060200236068389,0.010067785363770964,0.010078509574030795,0.010090858974380924,0.010101248493334455,0.010102644988968523,0.010082653441708805,0.010021360241553205,0.009889417878833382,0.00964742603523672,0.009247678125037226,0.008636268553428425,0.007743421039665602,0.006444806890299684,0.004645403320201426,0.0033553572872785133
5.105000000000098,-0.02096705069826286,0.0014145570678668696,0.006945503953013967,0.008856072960151187,0.00954740692600244,0.00981642408463221,0.009933715604806645,0.009993525764098572,0.010028952952817152,0.010051661307586642,0.01006601019364799,0.010074016773510464,0.010077059617530434,0.010076398915770923,0.01007324191528269,0.010068753652363574,0.01006404878575337,0.010060138806854727,0.01005794373804085,0.010058280704807474,0.010061764471682657,0.010068686895981935,0.010078726335123135,0.010090368303794877,0.010100028287528231,0.010100675753883296,0.010079921669295389,0.010017863451085438,0.009885171522895106,0.009642472095091092,0.009242094888015969,0.008630182148174242,0.007737024445553403,0.006438395958017985,0.004639351874563254,0.003349533686767464
5.110000000000099,-0.020937465816967663,0.0014323611252746568,0.006959785230888365,0.008868595010288373,0.009558810997673809,0.009826977763189668,0.009943549915654663,0.010002714433664728,0.010037541336016571,0.010059678118224124,0.010073472934846044,0.010080934716962822,0.010083435703655361,0.010082231100386665,0.010078524197731826,0.010073476847331432,0.010068201088673245,0.010063706212706705,0.010060910315231245,0.010060628765493313,0.010063474709923397,0.010069738534154684,0.010079097400275825,0.010090036228521145,0.010098971056359653,0.010098873949901213,0.010077361840905555,0.010014543138013681,0.009881106139281002,0.009637703491526957,0.009236701081434366,0.008624288791048167,0.0077308237501877725,0.006432182647442453,0.004633498437004987,0.0033439077431643227
5.1150000000001,-0.020907796356378034,0.0014502528644074236,0.00697415498515126,0.00888120707893096,0.009570307180226051,0.009837626003474887,0.009953481467902849,0.010012003178056414,0.010046232741090002,0.010067800991360287,0.010081044863846709,0.010087965054980066,0.010089927472221275,0.010088182337408073,0.010083928986026548,0.010078326086664858,0.010072483061177324,0.010067407001679539,0.010064014079022661,0.010063117907809777,0.010065330017914145,0.010070939324344594,0.010079621794077016,0.010089861751334864,0.010098075780520018,0.010097238535392766,0.010074972892393171,0.010011398215740298,0.009877220619333825,0.009633119094595008,0.009231495555467461,0.008618587314781975,0.007724817772846778,0.0064261657700189585,0.004627841817898079,0.0033384782705677464
5.1200000000001005,-0.020878043012475908,0.0014682316121348842,0.006988612554503431,0.008893908506566931,0.009581894809637377,0.009848368133002812,0.009963509578073744,0.010021391300996739,0.010055026457654782,0.010076029201587636,0.01008872523941367,0.010095107029851311,0.010096534148474121,0.01009425183445828,0.010089455469690319,0.010083300541323663,0.01007689385526186,0.010071240306358222,0.010067254142205948,0.010065747224379536,0.01006732946763328,0.010072288317520743,0.0100802985461575,0.010089843880143938,0.010097341445884664,0.010095768473943376,0.010072753764991647,0.010008427603196151,0.00987351385998247,0.009628717779974108,0.009226477165991204,0.008613076557944355,0.007719005338616426,0.006420344143120843,0.004622380833671516,0.0033332440889291036
5.125000000000101,-0.020848206477181004,0.0014862966991527093,0.007003157281417095,0.00890669863733529,0.009593573225540188,0.009859203483039624,0.009973633566422908,0.010030878110015242,0.010063921779221672,0.01008436202740184,0.010096513324271342,0.010102359887878014,0.010103254961707924,0.01010043880332675,0.010095102842531513,0.010088399386682757,0.010081432627367484,0.010075205263887521,0.010070629622182787,0.010068515812435135,0.010069472135798643,0.010073784569505168,0.010081126691093414,0.010089981627938747,0.010096767043532262,0.010094462734518181,0.010070703405360471,0.010005630224777663,0.009869984763692418,0.009624498429008123,0.00922164477467396,0.008607755364903347,0.007713385278467811,0.006414716589936648,0.004617114306464071,0.003328204024015631
5.130000000000102,-0.020818287438472076,0.0015044474599532729,0.0070177885120078845,0.008919576818992244,0.009605341771241841,0.009870131388476169,0.009983852756924181,0.010040462916387754,0.010072918003118693,0.010092798751227167,0.010104408385149958,0.010109722879432534,0.01011008914536355,0.010106742460011454,0.010100870302603869,0.010093621802409965,0.010086098538397786,0.010079301015936064,0.010074139640992423,0.010071422774011853,0.010071757104061087,0.010075427141139412,0.010082105268494164,0.010090274012780953,0.01009635156968733,0.010093320291253264,0.010068820765456636,0.010003005010341104,0.00986663223853328,0.009620459928714601,0.00921699724888342,0.008602622585818115,0.007707956429227352,0.006409281939584663,0.004612041064355039,0.0033233569074309416
5.135000000000103,-0.02078828658029291,0.0015226832327968106,0.007032505596090799,0.00893254240299222,0.00961719979365614,0.0098811511878692,0.009994166477223542,0.01005014503512453,0.010082014430484967,0.010101338659349937,0.010112409692706293,0.010117195258913695,0.010117035936999847,0.010113162024689173,0.010106757052262655,0.010098966972577629,0.010090890753675042,0.010083526708688229,0.010077783325265965,0.0100744672157879,0.010074183458706452,0.010077215098020885,0.010083233322904284,0.010090720057813293,0.010096094025780414,0.010092340123603548,0.0100671048026395,0.010000550895145618,0.00986345519803168,0.00961660117166312,0.009212533461676373,0.008597677076651326,0.007702717633491971,0.006404039026953421,0.0046071599411429765,0.0033187015764825196
5.140000000000104,-0.020758204582622317,0.0015410033597547264,0.007047307887134047,0.008945594744355493,0.00962914664332886,0.00989226222343037,0.010004574058677078,0.01005992378500402,0.010091210366248476,0.010109981041923987,0.010120516521551912,0.010124776284694648,0.010124094578210893,0.010119696721684002,0.010112762298080634,0.010104434085538213,0.010095808442927533,0.010087881492826179,0.010081559806243406,0.010077648249132282,0.010076750290882553,0.010079147510629233,0.010084509903809704,0.010091318791157282,0.01009599341829425,0.010091521216183293,0.010065554479524116,0.009998266819884529,0.009860452561270196,0.009612921056074208,0.009208252291785849,0.008592917699011174,0.007697667739653781,0.0063989866927279225,0.004602469776470949,0.003314236874290404
5.145000000000104,-0.020728042121538386,0.0015594071865976224,0.007062194742236485,0.008958733201705983,0.009641181674371705,0.00990346384096445,0.010015074836283824,0.010069798488511361,0.010100505119118145,0.01011872519292701,0.010128728150165111,0.010132465219174077,0.010131264314707063,0.010126345779513594,0.010118885250856021,0.010110022333965529,0.01010085078026949,0.010092364523479575,0.01008546821966536,0.010080964990006694,0.010079456696408279,0.010081223454257703,0.010085934065613335,0.01009206924600465,0.010096048758855546,0.01009086255884857,0.010064168764037474,0.009996151730631323,0.009857623252775916,0.009609418485679245,0.009204152623569363,0.008588343320285206,0.007692805601865424,0.006394123783390909,0.004597969415693473,0.00330996164966536
5.150000000000105,-0.020697799869154397,0.001577894062860102,0.007077165522128323,0.008971957137245641,0.00965330424451922,0.00991475538990807,0.010025668148726637,0.010079768471808685,0.010109898001567868,0.010127570410192162,0.010137043860990631,0.010140261328690522,0.010138544396217915,0.010133108430748916,0.010125125125594884,0.010115730914826284,0.0101060169441856,0.010096974960241884,0.010089507705830454,0.010084416559071576,0.010082301775832768,0.010083442009019167,0.010087504867594155,0.010092970460463065,0.010096259064137646,0.010090363146576088,0.010062946629376124,0.009994204578807822,0.009854966202548405,0.009606092369776897,0.009200233347038457,0.008583952813536407,0.0076881300800269855,0.006389449151182605,0.004593657709948976,0.0033058747571357515
5.155000000000106,-0.020667478493727034,0.0015964633417580338,0.007092219591121487,0.008985265916751521,0.009665513715027682,0.009926136223281722,0.010036353338273504,0.010089833064805534,0.010119388329850246,0.01013651599535498,0.010145462940282034,0.010148163883548427,0.010145934076481237,0.010139983912112566,0.01013148114147519,0.010121559029316461,0.010111306117475861,0.010101711967129232,0.010093677409578517,0.010088002081516875,0.010085284634412765,0.010085802259808938,0.010089221373931711,0.010094021477658076,0.010096623355906524,0.010090021979547155,0.01006188705399277,0.009992424321192126,0.009852480345984163,0.009602941623163297,0.009196493357745904,0.008579745057464144,0.007683640039690141,0.006384961654021826,0.0045895335160361815,0.003301975056896342
5.160000000000107,-0.02063707865957805,0.0016151143802442512,0.007107356317171808,0.008998658909560815,0.009677809450752445,0.009937605697675576,0.010047129750847253,0.010099991601005236,0.010128975423870605,0.010145561253829712,0.010153984678208744,0.010156172157985793,0.010153432613286745,0.010146971464381855,0.010137952521862021,0.010127505882926385,0.010116717487351034,0.010106574712626729,0.010097976480236486,0.01009172068718565,0.010088404382054694,0.010088303296253345,0.010091082653642666,0.01009522134564549,0.01009714066096029,0.010089838063065137,0.010060989021541684,0.009990809919870615,0.009850164623913374,0.00959996516613215,0.009192931556858264,0.008575718936400497,0.007679334352151351,0.006380660155584966,0.004585595696481974,0.00329826141479631
5.1650000000001075,-0.020606601027168946,0.0016338465389208081,0.007122575071736292,0.009012135488507123,0.009690190820011626,0.009949163173219484,0.010057996735928781,0.010110243417586708,0.010138658607293358,0.01015470549479378,0.010162608368743437,0.010164285430150013,0.010161039268381368,0.010154070332418845,0.01014453849422381,0.010133570685347378,0.01012225024523601,0.010111562369518337,0.010102404071565275,0.010095571510415674,0.010091660133322872,0.010090944212755786,0.010093087780582545,0.010096569117402001,0.010097810011073401,0.010089810407488575,0.010060251520888774,0.00998936034219959,0.00984801798253933,0.00959716192447872,0.00918954685108473,0.008571873340347827,0.007675211894368629,0.006376543525199409,0.004581843119435787,0.0032947327023413802
5.170000000000108,-0.020576046253151827,0.0016526591820427861,0.0071378752298758095,0.009025695029969666,0.00970265719469563,0.00996080801361324,0.010068953646604116,0.010120587855374761,0.010148437207456977,0.010163948031250397,0.010171333309714958,0.010172502982105366,0.010168753307503605,0.010161279765167818,0.010151238290226525,0.010139752650455488,0.010127903586900954,0.010116674115008292,0.010106959341857659,0.010099553690156238,0.010095051007420646,0.010093724108415216,0.010095235833393168,0.010098063850790158,0.010098630443069858,0.010089938028326912,0.010059673546068801,0.00998807456084279,0.00984603937343018,0.009594530829395282,0.009186338152650178,0.008568207164845082,0.007671271548881456,0.006372610637842875,0.004578274658733246,0.0032913877966096535
5.175000000000109,-0.020545414990314436,0.0016715516775239398,0.007153256170161429,0.00903933691377755,0.00971520795016246,0.009972539586062699,0.0100799998395311,0.010131024258817936,0.01015831055541909,0.010173288179838294,0.010180158802734861,0.010180824099763577,0.010176574000321535,0.01016859901551836,0.010158051145571457,0.010146050996357459,0.010133676712360548,0.010121909130690795,0.010111641453795367,0.010103666369832788,0.01009857612814741,0.010096642087027364,0.010097525895518756,0.010099704608552307,0.010099600998672749,0.010090219946093004,0.010059254096269928,0.009986951553675544,0.009844227753480261,0.009592070817511613,0.009183304379266273,0.00856471931101591,0.0076675122039047425,0.006368860374131674,0.0045748891937637285,0.0032882255802623977
5.18000000000011,-0.020514707887643337,0.0016905233968997218,0.007168717274697294,0.009053060523308,0.009727842465249976,0.009984357261256275,0.010091134674863065,0.010141551975916497,0.010168277985807331,0.010182725261009148,0.0101890841532285,0.010189248072916955,0.010184500620449203,0.010176027340443367,0.01016497630007405,0.010152464945312679,0.010139568825912016,0.010127266602427581,0.010116449574480466,0.010107908697377212,0.010102234623907769,0.010099697257100172,0.010099957055189525,0.010101490458325521,0.010100720724642473,0.010090655186419072,0.010058992175837151,0.009985990303831092,0.009842582084886189,0.009589780830850566,0.009180444454141203,0.00856140868552105,0.00766393275317431,0.006365291620271992,0.004571685609556226,0.003285244941544733
5.185000000000111,-0.02048392559032391,0.0017095737153246624,0.007184257929098101,0.009066865245354785,0.009740560122286645,0.009996260413427955,0.010102357516371598,0.010152170358301106,0.010178338836964068,0.010192258598850656,0.01019810867037775,0.01019777419520302,0.010192532445456056,0.01018356400089782,0.010172012997664254,0.010158993723724877,0.010145579136044532,0.010132745720420777,0.010121382875418205,0.01011227982523714,0.010106025627670443,0.010102888731760159,0.010102528405366795,0.010103420472549512,0.010101988672588947,0.010091242779847822,0.010058886794195174,0.009985189799601005,0.00984110133517635,0.009587659816847107,0.009177757305942068,0.008558274200551864,0.0076605320960705815,0.006361903268091292,0.0045686627966930946,0.003282444774229447
5.190000000000111,-0.020453068739803532,0.0017287020115072148,0.0071998775224329315,0.00908075047016718,0.009753360307006376,0.010008248420228774,0.010113667731262644,0.010162878761135431,0.010188492450839678,0.010201887521199472,0.010207231667113837,0.010206401764075945,0.010200668756744963,0.010191208261780441,0.010179160486241816,0.010165636562128775,0.01015170685547354,0.010138345679179128,0.01012644053251413,0.010116778910299879,0.010109948276945347,0.01010621562877729,0.010105239043716333,0.010105493728480866,0.010103403899046669,0.010091981762019057,0.0100589369658866,0.00998454903450786,0.0098397844771147,0.00958570672824729,0.00917524186873618,0.008555314773760932,0.007657309137427326,0.006358694214933629,0.004565819651304255,0.0032798239776012476
5.195000000000112,-0.02042213797373318,0.001747907667749915,0.00721557544728827,0.009094715591439189,0.009766242408626353,0.010020320662799271,0.010125064690279748,0.01017367654316639,0.010198738172970286,0.01021161135950757,0.010216452460140983,0.01021513008081439,0.010208908839651384,0.010198959391981016,0.010186418017827525,0.01017239269518922,0.010157951201134406,0.010144065677472157,0.010131621725984086,0.010121405113878573,0.010114001713798788,0.01010967707056162,0.010108088072649167,0.010107709308165342,0.010104965465478993,0.010092871173489495,0.010059141710482654,0.009984067007198371,0.009838630488711662,0.009583920523126838,0.009172897082019515,0.008552529328318745,0.0076542627876738595,0.006355663363696411,0.004563155075025613,0.0032773814564517768
5.200000000000113,-0.020391133926064127,0.0017671900699065615,0.007231351099657645,0.009108760006255882,0.009779205819715328,0.010032476525706177,0.010136547767619814,0.010184563066625874,0.010209075352505027,0.010221429448930449,0.010225770369837664,0.010223958450483319,0.010217251983352766,0.010206816664324186,0.010193784848407038,0.010179261361661219,0.010164311394116535,0.010149904918356439,0.01013692564044875,0.010126157601754381,0.010118185084765006,0.010113272184102034,0.010111074599219972,0.010110066298464043,0.010106672438170828,0.010093910059811322,0.010059500052644228,0.009983742721453845,0.009837638353205058,0.009582300164906667,0.009170721890653858,0.008549916792810173,0.007651391962690419,0.006352809622791782,0.0045606679749862315,0.003275116120976525
5.205000000000114,-0.020360057226997613,0.0017865486074095957,0.007247203879004917,0.009122883115131441,0.00979224993631185,0.010044715396941961,0.010148116340982092,0.010195537697291375,0.01021950334214242,0.010231341128207751,0.010235184720323406,0.010232886181897983,0.010225697480884224,0.010214779355519937,0.01020126023796153,0.010186241804344234,0.010170786659657139,0.010155862609067833,0.010142351464783235,0.010131035544079155,0.010122497540894226,0.010117000100952204,0.010114197735184478,0.010112563790917635,0.010108523888245643,0.010095097471418922,0.01006001102201799,0.009983575186162079,0.00983680705903851,0.009580844622246952,0.009168715244902408,0.008547476101270648,0.00764869558383257,0.006350131906112286,0.004558357263851501,0.00327302688690836
5.2100000000001145,-0.020328908503054972,0.0018059826731346299,0.007263133188214946,0.00913708432195375,0.00980537415779393,0.010057036667921283,0.010159769791472257,0.010206599804445488,0.010230021498158697,0.010241345739752746,0.01024469483938049,0.010241912587662801,0.01023424462908765,0.010222846746241278,0.010208843450497659,0.010193333270159506,0.010177376227130488,0.010161937961107564,0.010147898392222321,0.010136038115398923,0.01012693823770537,0.01012085995726091,0.01011745659693324,0.010115200881902786,0.010110518891672254,0.010096432463691959,0.010060673653260898,0.009983563415335113,0.009836135599832258,0.009579552869095665,0.009166876100317389,0.00854520619310103,0.007646172577916518,0.006347629133010485,0.004556221859623991,0.0032711126753176964
5.215000000000115,-0.020297688377088712,0.0018254916635074077,0.007279138433539353,0.009151363033953135,0.00981857788690449,0.010069439733425627,0.010171507503666601,0.010217748760840603,0.010240629180374983,0.010251442629538527,0.010254300058476112,0.010251036984109646,0.010242892728654158,0.010231018121009254,0.010216533753918712,0.010200535010002986,0.010184079330060406,0.0101681301901755,0.010153565620235732,0.010141164494636196,0.010131506335192232,0.010124850893666777,0.010120850305453623,0.010117976672391657,0.010112656529214609,0.010097914096912904,0.01006148698604157,0.009983706428026526,0.009835622974352818,0.00957842388462182,0.009165203417768898,0.008543106013114506,0.007643821877171349,0.006345300228299825,0.0045542606858434325,0.00326937241273032
5.220000000000116,-0.02026639746829053,0.001845074978422073,0.007295219024652147,0.009165718661734787,0.00983186052976188,0.01008192399164011,0.010183328865538023,0.010228983942687075,0.01025132575211983,0.01026163114715158,0.010263999712734612,0.010260258691299597,0.010251641084034388,0.010239292768202667,0.010224330420118498,0.010207846278826288,0.010190895206040579,0.01017443851612837,0.010159352350577343,0.010146413865041656,0.010136200997716293,0.01012897205535842,0.010124377986368133,0.010120890268123047,0.010114935886395771,0.010099541436205742,0.010062450064942228,0.009984003248342895,0.009835268186492666,0.009577456653223883,0.00916369616347044,0.008541174511463299,0.007641642419197901,0.006343144122196501,0.004552472671403563,0.003267805031028868
5.225000000000117,-0.020235036392166013,0.0018647320212770446,0.0073113743745962965,0.009180150619242107,0.009845221495806526,0.010094488844087637,0.010195233268453178,0.010240304729668472,0.010262110580212347,0.010271910645723805,0.010273793140854935,0.01026957703296141,0.010260489003476848,0.010247669980080995,0.010232232724914062,0.010215266335576557,0.010197823096758742,0.010180862163000324,0.010165257789247257,0.010151785414191095,0.010141021394088576,0.010133222592008941,0.010128038769856974,0.010123940779487722,0.010117356053525777,0.010101313551525706,0.010063561939501819,0.009984452905423692,0.00983507024529732,0.009576650164508548,0.00916235330883222,0.008539410643636511,0.007639633147049412,0.00634115975030769,0.004550856750586034,0.0032664094674387844
5.230000000000118,-0.020203605760646937,0.0018844621989000793,0.007327603899765531,0.009194658323728733,0.009858660197797887,0.010107133695644813,0.01020722010716612,0.010251710504867832,0.010272983035012399,0.010282280481962664,0.010283679685262526,0.010278991336553425,0.010269435798961961,0.01025614905271548,0.010240239948013485,0.01022279444319733,0.010204862247954574,0.010187400358969622,0.010171281146465021,0.010157278334002392,0.010145966697530834,0.010137601657751717,0.010131831790679634,0.01012712732151112,0.010119916125629725,0.010103229517707849,0.01006482166417152,0.009985054433378639,0.009835028164845232,0.00957600341321636,0.00916117383056967,0.008537813370442697,0.007637793009075729,0.00633934605364901,0.004549411863047229,0.0032651846645315712
5.2350000000001184,-0.02017210618205673,0.0019042649215033434,0.007343907019875591,0.009209241195735901,0.009872176051804748,0.01011985795450814,0.010219288779810383,0.010263200654814857,0.010283942490303812,0.010292740016090677,0.010293658691904758,0.010288500933197438,0.010278480786245513,0.010264729286001075,0.010248351373018647,0.01023042986856846,0.010212011909431074,0.010194052336325045,0.010177421636662569,0.010162891820635364,0.010151036085592464,0.01014210841121365,0.010135756188137446,0.010130449013865823,0.010122615202466774,0.010105288414354286,0.010066228298294356,0.009985806871333307,0.00983514096432293,0.009575515399233285,0.009160156710575598,0.008536381657939018,0.007636120958966819,0.006337701978543616,0.004548136953743884,0.0032641295702041102
5.240000000000119,-0.020140538261054566,0.0019241396028334377,0.00736028315800765,0.00922389865912097,0.009885768477177597,0.010132661032209112,0.010231438687861364,0.01027477456944441,0.01029498832335566,0.010303288611880776,0.01030372951032533,0.010298105157657207,0.010287623284796231,0.01027340998363124,0.010256566287403089,0.010238171882565865,0.010219271335008806,0.01020081733148707,0.010183678478442051,0.01016862507455113,0.010156228740211734,0.01014674201541913,0.010139811106055236,0.010133904980842257,0.010125452388480375,0.010107489325852152,0.010067780906097805,0.009986709263369127,0.009835407667947093,0.00957518512763891,0.009159300935987668,0.008535114477505296,0.007634615955712971,0.006336226476624391,0.004547030972974358,0.003263243137550758
5.24500000000012,-0.02010890259883378,0.0019440856599114945,0.007376731740486279,0.009238630140989763,0.009899436896533975,0.01014554234353273,0.010243669236123968,0.010286431642035972,0.01030611991487526,0.010313925636576892,0.01031389149364376,0.010307803348320661,0.01029686261775554,0.010282190453069096,0.01026488398249921,0.010246019759937195,0.010226639782508361,0.010207694584932685,0.010190050894588916,0.01017447730044436,0.010161543847623165,0.010151501637825596,0.010143995692730503,0.010137494351287434,0.010128426792795887,0.010109831341372454,0.010069478556638572,0.00998776065849363,0.00983582730494047,0.009575011608529251,0.009158605499086321,0.008534010805720317,0.007633276963630496,0.006334918504915328,0.004546092876360892,0.0032625243250694533
5.250000000000121,-0.02007719979297165,0.0019641025132416377,0.007393252197000383,0.009253435071708617,0.009913180735779813,0.010158501306602218,0.010255979832751064,0.01029817126930344,0.010317336648980754,0.010324650460897448,0.010324143998546998,0.010317594847225466,0.010306198112017896,0.010291070005532626,0.010273303753472096,0.010253972779380125,0.010234116513761648,0.01021468334123744,0.010196538112023493,0.01018044770721701,0.010166980598415813,0.010156386450304433,0.010148309100965794,0.0101412162586144,0.010131537529171631,0.010112313554810706,0.01007132032381249,0.009988960110634704,0.009836398909570448,0.009574993857150254,0.009158069397319835,0.008533069624369727,0.007632102952257299,0.0063337770256348905,0.004545321624714897,0.0032619720963819455
5.255000000000122,-0.020045430437538363,0.001984189586620254,0.007409843960428212,0.009268312884895212,0.009926999424002606,0.010171537342755922,0.010268369889150763,0.010309992851223256,0.010328637913212542,0.010335462459078272,0.010334486385227128,0.010327478999988354,0.010315629098092756,0.010300047956028527,0.010281824899315931,0.010262030223495979,0.010241700794535456,0.010221782849008616,0.010203139361821085,0.01018653550807373,0.010172538187446196,0.0101613956290738,0.010152750488073722,0.010145069840843943,0.010134783716051475,0.010114935064775022,0.010073305286341318,0.009990306678606238,0.009837121521026112,0.009575130893775005,0.009157691633288709,0.008532289920486383,0.007631092896386092,0.006332801006305169,0.004544716184161971,0.003261585420381942
5.260000000000122,-0.020013595123055086,0.0020043463072820875,0.007426506466996593,0.009283263017375054,0.009940892393590509,0.010184649876608401,0.010280838820062293,0.010321895791203925,0.010340023098502092,0.010346361008791197,0.010344918017419049,0.010337455155813958,0.010325154910169424,0.010309123623224229,0.010290446722807376,0.010270191378728269,0.010249391894591812,0.010228992360879704,0.010209853879132466,0.010192739920261287,0.010178215813826047,0.010166528354724402,0.010157319015689748,0.01014905424045369,0.010138164476448037,0.010117694974617552,0.01007543252771773,0.009991799426147188,0.009837994183527156,0.009575421743725575,0.00915747121466945,0.008531670686245192,0.007630245776030309,0.006331989419672028,0.004544275526044295,0.0032613632711574712
5.265000000000123,-0.019981694436576204,0.002024572105695614,0.0074432391561178955,0.009298284909194862,0.009954859080058161,0.010197838335989482,0.010293386043487989,0.010333879495923045,0.010351491599160366,0.010357345491111265,0.010355438262329611,0.010347522667500301,0.010334774886084188,0.010318296329547161,0.010299168530518613,0.010278455535387677,0.010257189087585005,0.0102363111335121,0.010216680903241926,0.010199060165366562,0.010184012680984057,0.010171783812188234,0.01016201385000023,0.010153168604477411,0.01014167893797609,0.010120592392319347,0.010077701136185044,0.009993437421738537,0.009839015946137983,0.009575865437322943,0.009157407154263055,0.008531210918974512,0.007629560576426802,0.006331341243697609,0.004543998626857439,0.003261304627960814
5.270000000000124,-0.019949728961655505,0.002044866415736926,0.0074600414704512905,0.009313378003584902,0.009968898922188576,0.010211102151968118,0.010306010980670018,0.010345943375355708,0.010363042812851872,0.01036841529058016,0.010366046490704878,0.010357680891362828,0.010344488367270957,0.010327565401113525,0.010307989632788318,0.010286821987664107,0.010265091651144293,0.010243738427558696,0.010223619677457017,0.01020549546900448,0.010189927996537226,0.010177161190724121,0.010166834161512447,0.01015741208440144,0.010145326232828177,0.010123626430533848,0.010080110204767963,0.009995219738826253,0.009840185862937596,0.009576461009905078,0.009157498469923303,0.008530909621128683,0.007629036287909233,0.0063308554615366455,0.004543884468359873,0.0032614084752000455
5.275000000000125,-0.019917699278398274,0.0020652286745335437,0.007476912855843985,0.009328541746953328,0.009983011361895422,0.01022444075880493,0.010318713056114984,0.010358086842796177,0.010374676140578416,0.010379569795113234,0.010376742076676104,0.01036792918725976,0.010354294698787143,0.010336930167685096,0.010316909343691947,0.010295290033527579,0.010273098866745902,0.010251273507645191,0.01023066944921278,0.010212045060978633,0.010195960972313574,0.01018265968384804,0.010171779125141715,0.010161783836209946,0.010149105497772723,0.010126796206599911,0.010082658831202561,0.009997145455569853,0.009841502992821861,0.009577207501777108,0.009157744184520967,0.008530765800296597,0.007628671906066183,0.0063305310615143625,0.0045439320374020195,0.003261673802429227
5.2800000000001255,-0.019885605963439988,0.0020856583225107262,0.007493852761385347,0.009343775588889448,0.009997195844293993,0.01023785359394408,0.010331491697533177,0.010370309314794433,0.010386390986682313,0.010390808396033246,0.010387524397912972,0.010378266918584952,0.010364193229270135,0.01034638996271082,0.010325926981048127,0.010303858974755355,0.010281210019754879,0.010258915642367802,0.010237829469902928,0.010218708175213743,0.010202110824385682,0.010188278489438483,0.010176847920181618,0.010166283020306085,0.010153015874064815,0.01013010084242016,0.010085346117919475,0.009999213654956741,0.00984296639958716,0.009578103958187388,0.009158143326015809,0.00853077846908693,0.007628466431514421,0.0063303670371042155,0.004544140325980155,0.003262099604281908
5.285000000000126,-0.019853449590006806,0.0021061548033600008,0.007510860639300827,0.009359078982096989,0.010011451817596429,0.01025134009800643,0.01034434633586998,0.01038261021117458,0.010398186758827036,0.010402130488030722,0.010398392835461841,0.010388693452235528,0.010374183310927208,0.010355944123259226,0.010335041866397063,0.010312528116943324,0.010289424399432732,0.010266664104253411,0.010245098995006308,0.010225484049736921,0.01020837677296739,0.010194016809549289,0.010182039730260195,0.010170908801559313,0.010157056507513019,0.01013353946449781,0.010088171172019756,0.010001423424729563,0.009844575151882598,0.009579149429318676,0.009158694927306737,0.008530946645245337,0.0076284188700492875,0.006330362386897769,0.004544508331237698,0.0032626848805069075
5.290000000000127,-0.01982123072790295,0.0021267175640605055,0.007527935945013912,0.00937445138242557,0.01002577873320967,0.010264899714783135,0.010357276405234964,0.01039498895498766,0.010410062867963532,0.010413535469138476,0.010409346773817354,0.010399208158560394,0.010384264299533498,0.010365591990061679,0.010344253324945327,0.01032129676942224,0.010297741298845264,0.01027451816972406,0.010252477283942718,0.010232371926587533,0.010214758042407034,0.01019987385050644,0.010187353743303672,0.0101756603492184,0.010161226548385428,0.010137111203941727,0.010091133105316688,0.010003773857410143,0.009846328323197961,0.009580342970268616,0.009159398026319205,0.008531269351547063,0.00762852823252224,0.00633051611459563,0.004545035055397399,0.0032634286359366584
5.295000000000128,-0.019788949943573778,0.002147346054734692,0.007545078137033411,0.00938989224886045,0.010040176045601923,0.010278531891177682,0.01037028134293994,0.01040744497250397,0.010422018728314185,0.010425022740742218,0.010420385600849149,0.010409810411392061,0.010394435554367778,0.010375332907399355,0.010353560685634994,0.01033016424533116,0.010306160014933405,0.010282477119176245,0.010259963600180402,0.010239371051976533,0.010221253861281985,0.01020584882289421,0.01019278915157366,0.010180536836922854,0.010165525151466535,0.01014081519642702,0.010094231034217265,0.01000626405019676,0.009848224991801645,0.009581683641008776,0.00916025166589993,0.008531745615738622,0.007628793534861893,0.006330827228989436,0.004545719505717509,0.003264329880389133
5.300000000000129,-0.019756607800004523,0.0021680397288375394,0.007562286677106791,0.009405401043456604,0.010054643212391577,0.010292236077248948,0.010383360589470501,0.010419977693233806,0.010434053757370507,0.010436591707546704,0.01043150870786385,0.010420499588051028,0.010404696438264766,0.010385166223202413,0.010362963280976824,0.01033912986144778,0.010314679848387973,0.010290540236826391,0.010267557211088083,0.010246480676071064,0.010227863462226422,0.010211940941452946,0.01019834515163695,0.01018553744268722,0.010169951475954972,0.010144650582117741,0.010097464079789158,0.010008893105021174,0.009850264240774804,0.009583170506379551,0.009161254893851084,0.008532374470606589,0.007629213798001886,0.006331294743923205,0.004546560694564393,0.0032653876287440627
5.305000000000129,-0.01972420485690642,0.0021887980429802665,0.007579561029997636,0.009420977231367261,0.010069179694241653,0.010306011726136606,0.010396513588416378,0.010432586549860158,0.010446167375896686,0.01044824177759517,0.01044271548949281,0.010431275069266275,0.010415046317556256,0.010395091288926829,0.010372460447238002,0.010348192938368752,0.010323300103763873,0.010298706810813588,0.01027525738803494,0.010253700053110552,0.01023458608198209,0.010218149425140106,0.0102040209442795,0.010190661348890672,0.010174504685513706,0.010148616505740672,0.01010083136766803,0.010011660128523133,0.009852445157955483,0.009584802636091547,0.009162406762916664,0.00853315495392104,0.007629788047951081,0.006331917678276055,0.004547557639291894,0.003266600900896033
5.31000000000013,-0.01969174167061872,0.0022096204569388624,0.007596900663635515,0.009436620280828697,0.010083784954926863,0.010319858294105293,0.010409739786548218,0.010445270978258354,0.010458359007861748,0.010459972362173936,0.010454005343733247,0.010442136239162063,0.010425484562037436,0.010405107459612858,0.01038205152422866,0.0103573528003383,0.010332020089323721,0.010306976133066855,0.01028306340627026,0.010261028441325254,0.010241420961399201,0.010224473497063059,0.010209815734564698,0.010195907742210738,0.010179183948178995,0.010152712116513649,0.01010433202808727,0.010014564231943704,0.00985476683591641,0.009586579104637552,0.009163706330667916,0.008534086108349237,0.0076305153156830015,0.0063326950559336025,0.004548709362291714,0.0032679687217026495
5.315000000000131,-0.0196592187941247,0.0022305064337140444,0.007614305049021193,0.00945232966311154,0.010098458461249094,0.010333775240496395,0.01042303863373539,0.01045803041746086,0.010470628080461118,0.010471782875865811,0.010465377671919506,0.010453082485300913,0.010436010545003087,0.010415214093833189,0.010391735855406616,0.010366608775308008,0.010340839117137856,0.010315347499401968,0.010290974544998395,0.010268465102914029,0.010248367345376569,0.01023091238446868,0.01021572873177027,0.010201275813656551,0.010183988436423125,0.010156936568100926,0.010107965195845699,0.010017604531229938,0.009857228371990755,0.009588498991328177,0.009165152659603895,0.008535166981558493,0.00763139463713988,0.0063336259058045085,0.004550014890904264,0.003269490120977114
5.320000000000132,-0.019626636777147627,0.0022514554394049728,0.007631773660187208,0.00946810485254093,0.010113199683075766,0.01034776202770166,0.010436409582962386,0.010470864309651771,0.010482974024111814,0.010483672736545664,0.010476831878757396,0.010464113198639338,0.010446623643187576,0.010425410553689882,0.010401512787840182,0.010375960194874322,0.010349756502993473,0.010323820209419073,0.010298990087273448,0.010276009304065529,0.01025542448286424,0.010237465318746274,0.010221759149401545,0.010206764758548944,0.0101889173270846,0.010161289018671537,0.010111730010281253,0.010020780146930494,0.009859828868173937,0.009590561380269615,0.009166744817078295,0.008536396626098884,0.007632425053247347,0.00633470926176973,0.004551473257457521,0.0032711641334858396
5.3250000000001325,-0.01959399616610516,0.0022724669432994398,0.007649305974310736,0.00948394532647966,0.010128008093292505,0.010361818121177944,0.010449852090261075,0.010483772100168574,0.010495396272409977,0.010495641365294944,0.01048836737216817,0.010475227773461632,0.010457323236757939,0.010435696204780605,0.010411381672125901,0.010385406394292584,0.010358771566399791,0.010332393566541594,0.010307109320052434,0.010283660314942374,0.010262591626882768,0.010244131535413242,0.010227906205147531,0.010212373776428921,0.010193969801309403,0.010165768630773613,0.010115625615223557,0.01002409020417918,0.009862567431165672,0.00959276536031075,0.009168481875234497,0.008537774099397407,0.007633605609839373,0.006335944162625845,0.004553083499233314,0.0032729897988978108
5.330000000000133,-0.01956129750410883,0.002293540417786292,0.007666901471510947,0.00949985056525002,0.01014288316777316,0.010375942989409557,0.010463365614813513,0.010496753237442055,0.010507894262083668,0.010507688186418083,0.010499983563438807,0.010486425607458086,0.010468108709333575,0.01044607041622302,0.010421341862461285,0.010394946712459397,0.010367883630581637,0.010341066877948186,0.010315331534148051,0.010291417409604722,0.010269868034388755,0.01025091027405658,0.010234169120860741,0.010218102071138397,0.01019914504465242,0.010170374571436573,0.010119651159071262,0.01002753383272865,0.00986544317233652,0.009595110025055333,0.009170362911056112,0.008539298463775548,0.007634935357675615,0.006337329652128382,0.004554844658398432,0.0032749661617957303
5.335000000000134,-0.01952854133102566,0.0023146753383811243,0.007684559635014415,0.009515820052237538,0.010157824385459058,0.010390136103903927,0.01047694961878127,0.010509807173025923,0.010520467433109366,0.01051981262748769,0.010511679867112765,0.010497706101631452,0.010478979447913058,0.010456532560559676,0.010431392716583393,0.010404580491883465,0.010377092022458512,0.010349839454609632,0.010323656024201789,0.010299279866028067,0.010277252966397003,0.010257800778311869,0.010240547122549248,0.010223948850746964,0.010204442246964426,0.010175106012062271,0.01012380579462402,0.010031110166847195,0.009868455207682139,0.009597594472810098,0.009172387006300771,0.008540968786384074,0.007636413352397769,0.0063388647789483395,0.004556755782062072,0.003277092271611115
5.340000000000135,-0.019495728183520928,0.002335871183681273,0.0077022799510108216,0.009531853273755135,0.010172831228184645,0.010404396939180275,0.010490603567413163,0.010522933361549794,0.010533115228504622,0.010532014119230148,0.010523455700975563,0.01050906866032045,0.010489934842878754,0.010467082013822914,0.010441533595745775,0.01041430707865976,0.01038639607259282,0.010358710611208247,0.010332082088675427,0.010307246966123488,0.01028474568787472,0.010264802295942765,0.010247039440377605,0.010229913327506722,0.010209860602327373,0.010179962128415819,0.010128088679206506,0.010034818345409363,0.009871602657831494,0.009600217806585081,0.009174553247516445,0.008542784139223148,0.007638038654542279,0.006340548596625837,0.004558815922185393,0.0032793671826895354
5.345000000000136,-0.01946285859500903,0.002357127435345066,0.007720061908689584,0.0095479497191218,0.010187903180827327,0.010418724972750521,0.01050432692897576,0.01053613126070346,0.010545837094482707,0.010544292095561198,0.010535310486075734,0.010520512691143027,0.010500974288008452,0.010477718155485843,0.010451763864711017,0.010424125822476035,0.010395795115251,0.010367679666183084,0.010340609029838107,0.010315317995624188,0.010292345467722517,0.010271914078651039,0.010253645308588046,0.010235994717897063,0.01021539930920783,0.010184942100629512,0.010132498974539697,0.01003865751175441,0.009874884648006677,0.009602979134071342,0.009176860725971077,0.008544743599056319,0.0076398103294424025,0.006342380163579563,0.004561024135576461,0.0032817899540979814
5.350000000000136,-0.019429933095670947,0.0023784435781192123,0.0077379050002500055,0.009564108880577328,0.010203039731171894,0.010433119685097568,0.010518119174743582,0.010549400331301728,0.010558632480341282,0.010556645993577071,0.010547243646682204,0.010532037605043027,0.010512097180423776,0.01048844036844776,0.010462082891739307,0.010434036076585228,0.01040528848826832,0.010376745941664,0.010349236153761066,0.010323492244187004,0.010300051578841861,0.010279135382238236,0.010260363965545818,0.010242192242575028,0.010221057570239236,0.010190045113212174,0.010137035846793437,0.010042626813735868,0.009878300308018019,0.009605877567616054,0.009179308537659784,0.00854684624747826,0.00764172744729226,0.006344358543058157,0.00456337948394024,0.003284359649859587
5.355000000000137,-0.01939695221252814,0.002399819099800934,0.007755808720834473,0.009580330253319861,0.01021824036998748,0.01044758055967919,0.010531979779024751,0.010562740037140502,0.010571500838483624,0.010569075253542714,0.010559254610299397,0.01054364281623086,0.01052330292058696,0.010499248039004257,0.010472490048586733,0.010444037197809869,0.01041487553316927,0.010385908763494218,0.01035796277023631,0.010331769005285466,0.010307863298002562,0.010286465466470716,0.010267194653683774,0.01024850512632432,0.01022683459233391,0.010195270354915357,0.010141698466509808,0.01004672540371167,0.009881848772234133,0.00960891222419779,0.00918189578331451,0.008549091170832926,0.007643789083115884,0.006346482803181785,0.004565881033735678,0.003287075338684598
5.360000000000138,-0.019363916469418374,0.002421253491208348,0.007773772568550304,0.009596613335480172,0.0102335045909198,0.010462107082894006,0.010545908219046687,0.01057614984503838,0.01058444162437155,0.010581579318805058,0.01057134280759565,0.010555327742175385,0.010534590912304383,0.010510140556848733,0.010482984710442397,0.010454128546429907,0.010424555595028867,0.010395167461169075,0.010366788192869049,0.010340147576211229,0.010315779905871859,0.01029390359509592,0.010274136619512729,0.01025493259810826,0.010232729586632487,0.010200617018867134,0.010146486008669183,0.010050952438482547,0.009885529179554358,0.0096120822253962,0.009184621568290221,0.008551477460182463,0.007645994316693884,0.00634875201682407,0.00456852785624817,0.0032899360941004603
5.365000000000139,-0.01933082638702123,0.0024427462461494636,0.00779179604441537,0.00961295762803135,0.01024883189056371,0.010476698744055397,0.01055990397507684,0.010589629224901802,0.010597454296583141,0.010594157635882888,0.010583507672426816,0.01056709180356625,0.010545960562669557,0.010521117315053178,0.010493566255946217,0.010464309486330734,0.010434328022546254,0.01040452136787838,0.010375711738944454,0.010348627258053252,0.010323800687064111,0.010301449035822733,0.010281189113572701,0.010261473890992901,0.010238741768460697,0.0102060843024477,0.01015139765255671,0.01005530707930905,0.009889340673428955,0.009615386697435188,0.009187485002676098,0.008554004211332587,0.007648342232527092,0.006351165261652599,0.004571319027524744,0.0032929409943749633
5.3700000000001396,-0.019297682482882057,0.0024642968614950324,0.007809878652416375,0.009629362634942662,0.010264221768385129,0.010491355035426652,0.010573966530295145,0.010603177649568822,0.010610538316693391,0.010606809654396991,0.010595748641842598,0.01057893442438346,0.01055741128208338,0.01053217771005796,0.01050423406719324,0.010474579384871046,0.010444192167989858,0.010413969820404781,0.010384732729502221,0.010357207355734728,0.010331924929991078,0.010309101060326014,0.010288351390400704,0.010268128242157962,0.010244870357342334,0.010211671407304494,0.010156432581825647,0.010059788491845826,0.00989328240176394,0.009618824771055898,0.009190485201164588,0.00855667052480395,0.007650831919962892,0.006353721620107325,0.004574253628371796,0.003296089122501998
5.37500000000014,-0.019264485271409313,0.0024859048370369464,0.007828019899400586,0.009645827862973393,0.010279673726734792,0.010506075452168303,0.010588095370842238,0.010616794594892232,0.010623693149353259,0.010619534827053412,0.010608065156018524,0.010590855031754425,0.01056894248420916,0.010543321141627583,0.010514987529660205,0.010484937612826584,0.010454147387124477,0.010423512159205409,0.010393850489262843,0.010365887177936498,0.010340151926960936,0.01031685894416814,0.01029562270858639,0.010274894892839757,0.010251114576941013,0.010217377539309033,0.010161589984449854,0.010064395846178095,0.009897353517001174,0.009622395581607757,0.009193621283090227,0.008559475505776053,0.007653462472989881,0.0063564201793972,0.004577330744360128,0.0032993795662075247
5.380000000000141,-0.019231235263902136,0.002507569675588725,0.007846219295147047,0.009662352821796063,0.010295187270865251,0.01052085949231255,0.010602289985739366,0.010630479539670154,0.010636918262202201,0.01063233260963819,0.010620456658277454,0.01060285305604269,0.01058055358598991,0.010554547012880125,0.010525826032235513,0.010495383544542698,0.010464193039337832,0.010433147728342865,0.010403064346634234,0.010374666037057717,0.010348480974089526,0.0103247219668857,0.010303002330694838,0.0102817730883657,0.010257473655070707,0.010223201908589982,0.010166869052720164,0.010069128316771751,0.009901553175975408,0.009626098268900936,0.009196892372340821,0.008562418264081245,0.007656232990339203,0.006359260031381782,0.004580549465726706,0.003302811417882516
5.385000000000142,-0.019197932968567734,0.0025292908828835415,0.007864476352271856,0.009678937023924425,0.010310761908834587,0.010535706656802488,0.010616549867015183,0.010644231965709204,0.010650213125926523,0.010645202460974706,0.010632922595070177,0.01061492793080372,0.010592244007610987,0.01056585473021514,0.010536748967185493,0.010505916557716209,0.010474328487452242,0.010442875875404054,0.010412373633675613,0.01038354324928227,0.01035691137131352,0.010332689411812916,0.010310489523220112,0.010288762078103019,0.010263946823688285,0.010229143729452514,0.010172268983174233,0.010073985082423272,0.009905880540020116,0.009629931977334819,0.009200297597446404,0.008565497914200571,0.007659142575369024,0.006362240272694227,0.004583908887425823,0.0033063837746056387
5.390000000000143,-0.019164578890554135,0.0025510679675936933,0.007882790586288962,0.009695579984682673,0.010326397151569001,0.01055061644941541,0.01063087450950184,0.010658051357696608,0.010663577214179891,0.010658143842989347,0.010645462415936066,0.01062707909270318,0.010604013172479537,0.010577243703355717,0.010547755730113125,0.010516536033559868,0.010484553097870691,0.01045269595163405,0.0104217776861041,0.010392518134511797,0.010365442422378674,0.010340760566249389,0.010318083556653125,0.010295861115433722,0.010270533318843042,0.010235202220387579,0.010177788976648248,0.010078965326324883,0.009910334774868133,0.009633895855782646,0.009203836091487637,0.00856871357527459,0.007662190336186222,0.006365360004603082,0.0045874081090760965,0.0033100957380989594
5.3950000000001435,-0.019131173531915225,0.0025729004413578664,0.007901161515554518,0.009712281222274854,0.010342092512813716,0.010565588376772132,0.010645263410949608,0.010671937203302867,0.01067701000358299,0.010671156220579183,0.0106580755735226,0.010639305981625711,0.010615860507250984,0.010588713345311297,0.010558845720043852,0.010527241356644165,0.010494866240429232,0.010462607311814814,0.01043127584329679,0.010401590016319736,0.010374073434769815,0.01034893472128128,0.010325783705385946,0.010303069457779207,0.010277232380696633,0.010241376604122707,0.010183428238253047,0.010084068235971345,0.009914915050665597,0.009637989057561984,0.009207506992047603,0.008572064370967783,0.007665375385449375,0.006368618333058799,0.004591046234967817,0.003313946414716245
5.400000000000144,-0.019097717391690753,0.0025947878186884047,0.007919588661250022,0.00972904025764964,0.010357847509127587,0.01058062194836741,0.010659716072003018,0.010685888993067369,0.010690510973757183,0.010684239061699304,0.010670761523532083,0.01065160804056629,0.010627785441725426,0.010600263072329294,0.010570018339240064,0.01053803191495827,0.010505267288437552,0.010472609314225214,0.01044086744817925,0.010410758222007595,0.010382803719807864,0.010357211171870308,0.01033358924773894,0.010310386366509402,0.010284043253425877,0.010247666107393867,0.010189185977226296,0.01008929300312312,0.009919620541898275,0.009642210740484165,0.009211309441278378,0.008575549429585487,0.007668696840521561,0.006372014368639691,0.00459482237401713,0.0033179349154436487
5.405000000000145,-0.0190642109658842,0.002616729616999241,0.00793807154738682,0.009745856614592293,0.010373661659860155,0.01059571667646396,0.010674231996128514,0.010699906220454254,0.010704079607241863,0.010697391837314829,0.010683519724767115,0.010663984715621246,0.010639787408924751,0.010611892303912521,0.010581272993356289,0.010548907099908373,0.010515755618704761,0.010482701320711364,0.010450551847312806,0.010420022082497605,0.010391632592464718,0.010365589216782206,0.01034149946593007,0.010317811107035354,0.010290965185342171,0.010254069961232327,0.01019506140714303,0.01009463882390787,0.009924450427468555,0.009646560066763992,0.009215242585800037,0.008579167883959779,0.007672153823285073,0.006375547226548733,0.004598735639721838,0.003322060355794568
5.410000000000146,-0.019030654747460123,0.0026387253565746172,0.007956609700781323,0.009762729819648444,0.010389534487156996,0.01061087207616633,0.010688810689645717,0.010713988381811286,0.0107177153895122,0.010710614021334343,0.01069634963902952,0.010676435456047139,0.01065186584505054,0.010623600462814268,0.010592609091293444,0.010559866306204412,0.010526330611420229,0.010492882696624071,0.01046032839086342,0.010429380932437915,0.010400559371530097,0.010374068158609919,0.010349513646059676,0.010325342948628908,0.010297997428676663,0.010260587400629052,0.010201053745652448,0.01010010489863228,0.009929403890586759,0.009651036203044491,0.009219305576723277,0.008582918871453085,0.0076757454602569405,0.006379216026584254,0.004602785150223875,0.003326321855923144
5.415000000000147,-0.018997049226428118,0.0026607745606067345,0.00797520265103874,0.00977965940213317,0.010405465515903213,0.010626087665355851,0.010703451661676869,0.010728134976343555,0.010731417808991254,0.010723905090696411,0.010709250731183484,0.010688959714114328,0.01066402018941684,0.010635386974993544,0.010604026045278893,0.010570908931947634,0.010536991650211476,0.010503152810786742,0.010470196432504016,0.010438834110031195,0.010409583379423694,0.010382647303670108,0.01035763107805906,0.01033298116457819,0.010305139239797036,0.01026721766478936,0.010207162214658639,0.010105690431933056,0.009934480118796834,0.009655638320365492,0.009223497569642455,0.008586801533991951,0.007679470882486091,0.006383019893130647,0.004606970028208856,0.003330718540511154
5.420000000000147,-0.018963394889779602,0.0026828767550880414,0.00799384993052868,0.009796644894124488,0.010421454273786872,0.01064136296470106,0.010718154424219455,0.010742345506119577,0.010745186356961683,0.010737264525236954,0.010722222469098597,0.010701556945258144,0.010676249884514755,0.010647251269618237,0.010615523270779735,0.010582034378579491,0.010547738122137452,0.010513511035521549,0.010480155329493805,0.010448380957138743,0.010418703942314398,0.01039132596212997,0.01036585105574574,0.010340725032070078,0.010312389878987662,0.010273959996913627,0.010213386040167433,0.010111394632609098,0.009939678303958302,0.009660365594157637,0.009227817724550221,0.008590815017923602,0.007683329225571646,0.006386957955116716,0.004611289400892836,0.0033352495387326733
5.425000000000148,-0.018929692221560424,0.0027050314688610915,0.008012551074426782,0.009813685830419451,0.010437500291202495,0.010656697497624353,0.010732918492003285,0.010756619476053612,0.010759020527646969,0.010750691807812744,0.010735264323649081,0.010714226607901677,0.010688554375955976,0.010659192779036332,0.010627100186534245,0.010593242050853317,0.010558569417631329,0.010523956746589945,0.010490204442609074,0.01045802081923618,0.010427920390027448,0.01040010344784094,0.010374172876734837,0.010348573832184235,0.01031974861053001,0.010280813644291219,0.010219724452350015,0.010117216713709654,0.009944997642190301,0.009665217204161693,0.009232265205917273,0.008594958474187165,0.007687319629646736,0.006391029346043848,0.004615742400094198,0.003339913984351071
5.430000000000149,-0.018895941702862178,0.0027272382336247106,0.0080313056206228,0.009830781748559182,0.010453603101271781,0.010672090790305622,0.010747743382574948,0.010770956393881998,0.010772919818118332,0.010764186424133178,0.010748375768704573,0.01072696816355926,0.010700933112434792,0.010671210938786804,0.010638756214520373,0.010604531356836488,0.010569484930475955,0.010534489323186961,0.010500343136123884,0.010467753045353809,0.010437232056023826,0.010408979078412754,0.010382595842447277,0.010356526849863643,0.010327214702676212,0.010287777858237186,0.010226176685443258,0.010123155892446585,0.00995043733390279,0.009670192334508691,0.009236839182552685,0.0085992310580534,0.0076914412393177065,0.006395233203875996,0.004620328162064374,0.003344711015550233
5.43500000000015,-0.018862143811839933,0.002749496583830908,0.00805011310973669,0.009847932188774496,0.010469762239861092,0.01068754237166899,0.010762628616259337,0.010785355770157917,0.010786883728311,0.0107777478628889,0.010761556281091956,0.01073978107676039,0.010713385545758751,0.010683305187539013,0.010650490779914853,0.010615901707855315,0.010580484057848522,0.01054510814798309,0.010510570777860235,0.010477576988125,0.010446638277453926,0.010417952175165002,0.010391119258115554,0.010364583373961154,0.010334787427629112,0.010294851894100926,0.010232741977839563,0.010129211390229561,0.00995599658372805,0.009675290173612903,0.009241538827701906,0.00860363192932204,0.007695693203675956,0.0063995686711430105,0.004625045827598441,0.0033496397750105277
5.4400000000001505,-0.01882829902371659,0.002771806056756343,0.00806897308514531,0.009865136694008911,0.01048597724549847,0.010703051773328136,0.010777573716098183,0.010799817118224258,0.01080091176100544,0.010791375615621398,0.010774805340593524,0.010752664815038244,0.010725911130801881,0.010695474967114533,0.010662303311109808,0.010627352518525904,0.010591566200230008,0.010555812606994161,0.010520886739053112,0.010487492003693213,0.010456138395045524,0.01042702206310612,0.010399742432697976,0.010372742697145134,0.010342466061477708,0.010302035011218269,0.010239419571982563,0.010135382432602173,0.009961674600541603,0.009680509914187296,0.0092463633189246,0.008608160252164869,0.007700074676286147,0.006404034894794129,0.004629894541950716,0.0033546994098670128
5.445000000000151,-0.01879440781083599,0.002794166192468843,0.008087885092909924,0.009882394809895978,0.010502247659432024,0.010718618529656915,0.010792578207942858,0.01081433995424211,0.010815003421841975,0.010805069176792007,0.010788122429973313,0.010765618848967286,0.010738509325525726,0.010707719722473249,0.010674193239709837,0.01063888320674031,0.010602730761441434,0.010566602089655416,0.01053129039442993,0.010497497451763498,0.010465731753147373,0.01043618807095837,0.01040846467895586,0.010381004115912858,0.010350249884224314,0.010309326472878844,0.010246208714341698,0.010141668249245148,0.009967470597415196,0.009685850753249667,0.009251311838185488,0.008612815195186366,0.007704584815142965,0.006408631026272777,0.004634873454835784,0.003359889071721801
5.450000000000152,-0.018760470642640675,0.002816576533759692,0.008106848681771361,0.009899706084717214,0.010518573025550221,0.01073424217768258,0.010807641620311018,0.010828923797107246,0.010829158219270585,0.010818828043727401,0.010801507034863489,0.01077864265206692,0.010751179590907682,0.010720038901657283,0.010686160000463275,0.01065049319359788,0.010613977148620574,0.010577475988809542,0.010541781122181342,0.010507592695553309,0.01047541769972819,0.010445449531061569,0.010417285313382606,0.01038936693060417,0.010358138179814316,0.010316725546424921,0.010253108655504821,0.010148068073960313,0.009973383791620537,0.009691311892032158,0.009256383571717673,0.008617595931341034,0.007709222782667018,0.006413356221462685,0.00463998172037979,0.0033652079165029042
5.455000000000153,-0.018726487985705316,0.0028390366261860705,0.008125863403186218,0.009917070069425342,0.01053495289044323,0.010749922257129901,0.010822763484462776,0.010843568168480422,0.0108433756645082,0.01083265171658575,0.010814958643857548,0.010791735700862282,0.010763921390989464,0.010732431955857663,0.010698203031308398,0.010662181903460828,0.0106253047722025,0.010588433700615931,0.01055235830390667,0.010517777101779537,0.010485195586277824,0.010454805779425574,0.010426203656172969,0.010397830445325771,0.0103661302359942,0.0103242315030408,0.010260118649988223,0.01015458114466642,0.00997941340461342,0.009696892536068036,0.009261577710089827,0.008622501637943555,0.007713987745669857,0.006418209640645779,0.004645218497164074,0.0033706551046213426
5.460000000000154,-0.01869246030372986,0.0028615460180568663,0.008144928811260655,0.009934486317607289,0.010551386803312472,0.010765658310399032,0.01083794333438758,0.010858272592811491,0.010857655271632467,0.010846539698435248,0.010828476748437857,0.0108048974748004,0.01077673419280058,0.010744898339276499,0.010710321773288867,0.010673948763868495,0.01063671304588493,0.010599474624592979,0.01056302132462812,0.010528050040641291,0.010495064767866286,0.010464256155691265,0.010435219031213088,0.010406393967947422,0.010374225344385023,0.010331843617900887,0.010267237956357244,0.01016120670328491,0.009985558661937942,0.009702591895053247,0.009266893448120725,0.008627531496680163,0.007718878875329395,0.0064231904485088686,0.004650582948125216,0.003376229800829861
5.465000000000154,-0.01865838805760054,0.0028841042603847586,0.008164044462743127,0.009951954385490699,0.01056787431602855,0.0107814498825439,0.010853180706706524,0.010873036597197077,0.010871996557446553,0.010860491495098724,0.010842060842961793,0.010818127456323384,0.010789617466396569,0.010757437509234188,0.010722515670639813,0.010685793205561669,0.010648201386603438,0.010610598163606925,0.010573769572763257,0.010538410885819732,0.010505024603132018,0.010473800003103682,0.010444330766109622,0.010415056810159527,0.010382422800471304,0.010339561170061665,0.010274465837188168,0.010167943995894962,0.009991818793357804,0.009708409182915037,0.009272329984955209,0.008632684693538147,0.007723895347252505,0.006428297814152012,0.0046560742406142955,0.0033819311742362594
5.470000000000155,-0.018624271705327208,0.0029067109068925145,0.008183209917045575,0.009969473831905586,0.010584414983034033,0.010797296521235691,0.010868475140753609,0.010887859711541945,0.01088639904154124,0.010874506615279536,0.01085571042467754,0.010831425130777273,0.010802570684817213,0.010770048926087843,0.010734784170635791,0.01069771466248727,0.01065976921460191,0.01062180372381345,0.010584602440134034,0.010548859014443464,0.010515074454188734,0.010483436668512744,0.010453538192126946,0.010423818287309707,0.010390721903504502,0.010347383442488855,0.010281801558981694,0.010174792272533428,0.009998193032671849,0.009714343617747374,0.009277886523921839,0.008637960418783765,0.007729036341308494,0.006433530910996216,0.004661691546284478,0.0033877583982493435
5.475000000000156,-0.018590111702181777,0.0029293655139936295,0.008202424736175459,0.00998704421828819,0.010601008361398708,0.010813197776813731,0.010883826178531444,0.010902741468390287,0.010900862246257956,0.010888584570421574,0.010869424993672126,0.010844789986386959,0.01081559332408518,0.01078273205321492,0.010747126723713325,0.010709712571715494,0.010671415953301547,0.010633090714680306,0.01059551932186842,0.010559393807044001,0.010525213686675765,0.010493165502326677,0.010462840644127547,0.010432677718534721,0.010399121956576864,0.01035530972201036,0.010289244392192478,0.010181750787335197,0.010004680617833436,0.009720394421845923,0.0092835622726309,0.008643357867026356,0.007734301041725796,0.006438888916827685,0.004667434041189862,0.003393710650680131
5.480000000000157,-0.01855590850056073,0.0029520676407870055,0.008221688484785014,0.010004665108686518,0.010617654010819072,0.010829153202193806,0.010899233364666836,0.01091768140301868,0.010915385696674516,0.010902724874826464,0.010883204052886657,0.010858221514329441,0.01082868486314762,0.010795486357047749,0.01075954278336952,0.010721786373501298,0.010683141029363841,0.010644458548925751,0.010606519616513613,0.01057001464761808,0.01053544166974805,0.010502985858552019,0.010472237460716268,0.01044163442667371,0.010407622266530001,0.010363339299310492,0.010296793611226634,0.010188818798385521,0.01001128079084569,0.009726560821606637,0.009289356442849355,0.008648876237041914,0.007739688637036018,0.006444371013754557,0.004673300905676531,0.0033997871135741722
5.4850000000001575,-0.01852166255013164,0.0029748168490202603,0.008241000730087336,0.010022336069665431,0.010634351493509313,0.010845162352931398,0.010914696246432782,0.010932679053332449,0.010929968920574743,0.010916927045520256,0.010897047108089052,0.01087171920865933,0.010841844783960827,0.010808311306991093,0.010772031806150271,0.010733935511214886,0.010694943872632008,0.010655906642589478,0.010617602725900706,0.010580720923559696,0.010545757775990231,0.010512897094695117,0.010481727984005094,0.01045068773822415,0.01041622214400694,0.010371471468930466,0.010304448494382938,0.01019599556774235,0.010017992797751285,0.009732842047567048,0.00929526825057252,0.008654514731979276,0.007745198320056292,0.006449976388179282,0.004679291324381052,0.0034059869732672296
5.490000000000158,-0.018487374297761414,0.0029976127031114863,0.008260361041919507,0.010040056670441954,0.010651100374317832,0.010861224787147761,0.010930214373741316,0.010947733959951304,0.0109446114484987,0.010931190602305527,0.010910953667849931,0.01088528256628331,0.010855072571345305,0.01082120637546527,0.010784593251705514,0.01074615943135361,0.010706823916143467,0.010667434414937402,0.010628768055230558,0.010591512025625308,0.01055616138147997,0.010522898571813252,0.010491311559755759,0.010459836983356409,0.0104249209033524,0.0103797055291833,0.010312208323853366,0.010203280361481824,0.010024815888666442,0.009739237334382048,0.009301296915946604,0.00866027255908237,0.007750829287851072,0.00645570423079035,0.0046854044862238275,0.0034123094203708263
5.495000000000159,-0.018453044187582535,0.0030204547701064045,0.008279768992678703,0.010057826482684898,0.010667900220588963,0.01087734006552695,0.010945787299077579,0.010962845666115752,0.010959312813614501,0.010945515067737305,0.010924923243575833,0.010898911086985154,0.010868367713079799,0.010834171037838077,0.010797226582655273,0.010758457583487343,0.01071878059610216,0.010679041288422616,0.010640015012942967,0.010602387347931327,0.010566651865690132,0.010532989654475133,0.010500987537347527,0.010469081495948638,0.010433717862677386,0.010388040782257461,0.010320072385727044,0.010210672449611182,0.01003174931770422,0.00974574592078329,0.009307441663298622,0.008666148929897163,0.00775658074176812,0.006461553736559761,0.004691639584407385,0.0034187536497175966
5.50000000000016,-0.01841867266097171,0.0030433426196662,0.008299224157297192,0.010075645080681407,0.010684750602250792,0.010893507751355168,0.010961414577550767,0.010978013717708492,0.010974072551831231,0.010959899967084954,0.01093895534941997,0.010912604273360087,0.010881729699828075,0.010847204772492812,0.010809931264731003,0.010770829420326481,0.010730813351873964,0.010690726688802554,0.010651343010798887,0.010613346288006606,0.010577228611575045,0.010543169710741337,0.010510755269638735,0.010478420613449932,0.010442612343778026,0.010396476534067566,0.010328039969941149,0.010218171106054198,0.010038792342998936,0.009752367049600592,0.009313701721043722,0.008672143060109468,0.007762451887341879,0.0064675241046882,0.004697995816341628,0.003425318860399029
5.505000000000161,-0.018384260156627738,0.003066275824064161,0.008318726113281296,0.01009351204117983,0.010701651091727691,0.010909727410435673,0.010977095766848854,0.010993237663234573,0.010988890201714388,0.010974344828365616,0.010953049502339284,0.010926361630891446,0.010895158025160334,0.010860307060706707,0.010822706766579235,0.010783274397610131,0.010742921625947754,0.010702490044969133,0.010662751463844673,0.010624388246664016,0.010587891005463021,0.010553438112168226,0.010520614113125134,0.010487853676975536,0.010451603672155429,0.010405012094308712,0.010336110370257163,0.010225775608657858,0.010045944226673082,0.009759099967666168,0.009320076321745738,0.008678254169577465,0.007768441934326752,0.006473614538605919,0.004704472383705809,0.0034320042556822035
5.510000000000161,-0.018349807110466944,0.0030892539581882576,0.008338274440669776,0.010111426943495105,0.01071860126398985,0.010925998611114603,0.01099283042721524,0.011008517053819274,0.011003765304470094,0.010988849182287149,0.010967205222030197,0.01094018266781352,0.010908652185495152,0.010873477386704331,0.010835552559918684,0.010795791974167232,0.01075510486392072,0.010714330789023997,0.010674239790346152,0.010635512628064546,0.01059863843707443,0.010563794233740922,0.010530563427777397,0.01049738003124285,0.010460691177004315,0.010413646776431085,0.010344282884274626,0.010233485239178075,0.01005320423476861,0.009765943925876068,0.009326564702043953,0.008684481482319137,0.007774550096665721,0.006479824245956378,0.004711068492323539,0.003438809043022552
5.515000000000162,-0.0183153139557681,0.0031122765994614035,0.008357868721984012,0.010129389369398467,0.010735600696479749,0.01094232092427893,0.01100861812146328,0.01102385144316425,0.011018697403935416,0.011003412562240338,0.010981422030949867,0.010954066895213698,0.010922211680116081,0.010886715237658875,0.010848468119408587,0.010808381611825834,0.010767362514538418,0.01072624835626047,0.010685807411826096,0.010646718839676453,0.010609470299523732,0.01057423745390527,0.010540602577097866,0.010506999024526622,0.010469874191143598,0.010422379897635245,0.010352556813411639,0.010241299283202544,0.010060571637318943,0.009772898179149947,0.009333166102686754,0.008690824226489601,0.007780775592508487,0.006486152438568971,0.004717783352280216,0.003445732434040473
5.520000000000163,-0.018280781123113578,0.003135343327929423,0.00837750854228336,0.01014739890314035,0.010752648969139559,0.010958693923304015,0.01102445841494645,0.011039240387574496,0.0110336860466356,0.011018034504333887,0.010995699454277428,0.010968013826940381,0.010935836011179327,0.010900020103624241,0.010861452922681043,0.010821042775506563,0.010779694029619372,0.010738242185094976,0.010697453753039083,0.010658006292232876,0.01062038598925269,0.010584767154537388,0.010550730928115893,0.01051671000871209,0.010479152051073387,0.010431210778807397,0.010360931462840353,0.010249217030239038,0.010068045708290726,0.009779961986388305,0.009339879768417284,0.008697281634310806,0.007787117644077794,0.00649259833244778,0.004724616177765352,0.0034527736445489274
5.525000000000164,-0.0182462090404126,0.003158453726164216,0.00839719348913622,0.010165455131500523,0.0107697456644097,0.010975117184081487,0.011040350875555775,0.011054683445927464,0.01104873078164552,0.011032714547288476,0.011010037019912492,0.01098202297960971,0.010949524683633529,0.010913391477532758,0.010874506450341334,0.010833774933088819,0.010792098864053577,0.010750311717123958,0.010709178241939584,0.010669374399775253,0.010631384906069857,0.010595382720932564,0.01056094785129815,0.010526512339200073,0.010488524096891282,0.010440138744545158,0.010369406141531826,0.010257237773598552,0.01007562572553067,0.009787134610477135,0.009346704948110606,0.00870385294217616,0.007793575477809302,0.006499161147740982,0.004731566187141144,0.0034599318944089274
5.530000000000165,-0.018211598132924126,0.0031816073792797052,0.008416923152549636,0.01018355764364872,0.010786890367160736,0.010991590284970234,0.011056295073681544,0.011070180179644052,0.011063831160691082,0.01104745223252198,0.011024434258476292,0.010996093872620252,0.0109632772052751,0.010926828855213733,0.01088762818589452,0.010846577555475797,0.010804576475787721,0.010762456397036773,0.010720980309662589,0.010680822579601892,0.010642466453136044,0.01060608354177416,0.01057125272060555,0.010536405374963977,0.010497989672306305,0.01044916312311657,0.010377980162193674,0.010265360810426612,0.010083310970814961,0.009794415318259874,0.009353640894579756,0.008710537390485279,0.007800148324224074,0.006505840108758989,0.004738632602907044,0.00346720640767364
5.535000000000165,-0.018176948823284206,0.0032048038749172103,0.008436697125005268,0.010201706031245775,0.010804082664730248,0.011008112806816121,0.01107229058223378,0.011085730152673126,0.011078986738047645,0.011062247104055343,0.011038890703238713,0.011010226028106971,0.010977093086683012,0.010940331735362066,0.01090081761578552,0.01085945011654796,0.01081712632583736,0.010774675672676329,0.010732859390544212,0.010692350252228776,0.010653630036853148,0.010616869009132548,0.01058164491344216,0.010546388478470826,0.010507548124643402,0.010458283246482559,0.010386652841286733,0.010273585441661655,0.010091100729731435,0.009801803380512683,0.009360686864690338,0.008717334223720626,0.00780683541789974,0.0065126344438972104,0.004745814651674021,0.0034745964124498615
5.540000000000166,-0.01814226153148805,0.003228042803223569,0.008456515001474691,0.010219899888362688,0.01082132214690766,0.011024684332925671,0.011088336976608536,0.011101332931556499,0.011094197070609692,0.011077098708576346,0.011053405890193097,0.011024418970928563,0.010990971841240996,0.01095389961949441,0.0109140742293856,0.010872392093158816,0.010829747878228478,0.010786968994906238,0.010744814922051753,0.010703956841425078,0.010664875067012376,0.0106277385184377,0.010592123810667573,0.010556461015712582,0.010517198804776064,0.010467498450215698,0.010395423498960853,0.010281910972065843,0.010098994291829531,0.009809298071956938,0.009367842119252734,0.008724242690392563,0.007813635997550566,0.006519543385651855,0.004753111564150675,0.0034821011409524307
5.545000000000167,-0.018107536674942366,0.0032513237568716756,0.008476376379321162,0.010238138811513014,0.010838608405879163,0.01104130444903707,0.011104433834692907,0.011116988085282671,0.01110946171779843,0.011092006595349216,0.011067979357993363,0.011038672228671755,0.011004912985083092,0.010967532011993157,0.010927397518920237,0.010885402965115015,0.010842440600006338,0.010799335817746286,0.010756846344833933,0.010715641774163872,0.010676200956581998,0.010638691468457518,0.010602688796514562,0.010566622356138276,0.010526941067135276,0.010476808073527688,0.010404291459078075,0.010290336710117975,0.010106990950400003,0.009816898671200034,0.009375105923108178,0.008731262043067544,0.007820549305930383,0.006526566170605766,0.004760522575082868,0.0034897198294017028
5.550000000000168,-0.018072774668432216,0.00327464633100247,0.008496280858387566,0.010256422399596015,0.01085594103627824,0.01105797274334815,0.011120580736820065,0.011132695185393336,0.011124780241602994,0.011106970316249317,0.011082610647900483,0.011052985331632667,0.011018916037156082,0.010981228420022974,0.010940786979519458,0.010898482215157632,0.010855203961250419,0.010811775598262387,0.01076895310265916,0.01072740448060392,0.010687607121879012,0.010649727261309933,0.010613339258630894,0.010576871872721123,0.010536774269736166,0.010486211459264675,0.010413256049219733,0.010298861968110475,0.010115090002618019,0.009824604460766374,0.00938247754498221,0.008738391538240626,0.007827574589792267,0.006533702039396599,0.004768046923333278,0.003497451718090872
5.5550000000001685,-0.018037975924185396,0.00329801012323033,0.008516228040883016,0.010274750253930407,0.010873319635104902,0.011074688806443581,0.011136777265790614,0.011148453805910761,0.011140152206556212,0.011121989425748331,0.011097299303875343,0.011067357812795298,0.01103298051909107,0.010994988353591759,0.010954242109188344,0.010911629328955185,0.010868037434986445,0.010824287796569012,0.010781134642383047,0.010739244394107013,0.010699092982421733,0.0106608453024276,0.010624074588098935,0.010587208941821866,0.010546697774054299,0.010495707953845357,0.010422316600577441,0.0103074860620214,0.01012329074942342,0.009832414727008966,0.009389956257550278,0.008745630436463939,0.007834711099977569,0.006540950236720672,0.004775683851766974,0.003505296051355444
5.560000000000169,-0.01800314085185738,0.0033214147336446927,0.008536217531452468,0.010293121978187993,0.010890743801776463,0.011091452231359733,0.011153023006855707,0.011164263523345245,0.01115557717969873,0.011137063480875245,0.011112044872445955,0.011081789207812586,0.0110471059552937,0.011008811325490956,0.010967762408750461,0.010924843795100461,0.010880940497233541,0.010836871875777957,0.01079339041400231,0.010751160951196218,0.010710657960978124,0.010672045000538885,0.010634894179299824,0.010597632943301962,0.010556710945114223,0.010505296907262264,0.01043147244802612,0.010316208311579027,0.010131592495567297,0.00984032876015599,0.009397541337420426,0.008752978002206795,0.007841958091279244,0.00654831001126569,0.004783432607267805,0.0035132520774948358
5.56500000000017,-0.017968269858526686,0.0033448597647616927,0.008556248937113908,0.010311537178446866,0.010908213138071313,0.011108262613511218,0.011169317547682736,0.011180123916650393,0.011171054730614189,0.011152192041243441,0.011126846902791447,0.01109627905501248,0.011061291872881695,0.011022696851268846,0.01098134738192055,0.010938125105088355,0.0108939126269733,0.01084952730210166,0.010805719870588593,0.010763153591529412,0.010722301483534296,0.010683325767645795,0.01064579743001532,0.01060814326040195,0.010566813151434394,0.010514977673092653,0.010440722930049433,0.010325028040202829,0.010139994549574349,0.009848345854264976,0.009405232065076406,0.008760433503914965,0.00784931482251294,0.0065557806157613575,0.004791292440746709,0.0035213190488044633
5.570000000000171,-0.01793336334880237,0.003368344821537069,0.008576321867266668,0.01032999546311713,0.010925727248153784,0.011125119550685129,0.011185660478356393,0.011196034567262208,0.01118658443133989,0.011167374668958492,0.011141704946673919,0.011110826895371647,0.011075537801679877,0.011036644449244407,0.010994996535151425,0.010951472753251345,0.010906953306122761,0.010862253544692595,0.010818122468267457,0.010775221757922808,0.010734022979286915,0.010694687019034407,0.01065678374134988,0.010618739279778607,0.010577003764992703,0.010524749608438614,0.0104500673887827,0.010333944574993318,0.010148496223689166,0.00985646530723951,0.009413027724887972,0.008767996213933274,0.007856780556432408,0.006563361306891497,0.0047992626070775275,0.0035294962215751957
5.575000000000172,-0.017898421724667702,0.0033918695113844778,0.008596435933687991,0.010348496442966287,0.010943285738482422,0.01114202264304855,0.011202051391347093,0.011211995059033687,0.011202165856431029,0.011182610928744265,0.011156618558423488,0.011125432272499874,0.011089843274190454,0.011050653640502886,0.011008709377785284,0.010964886236835092,0.010920062019522989,0.010875050075719244,0.010830597666224358,0.010787364896293103,0.010745821880588997,0.010706128173243044,0.010667852517696691,0.010629420391496206,0.010587282161226407,0.010534612073943635,0.010459505169910377,0.010342957246731599,0.01015709683393274,0.009864686420729078,0.009420927605076356,0.008775665408548239,0.007864354559729095,0.006571051345309845,0.004807342365099671,0.0035377828559813285
5.580000000000172,-0.01786344538567496,0.0034154334440786452,0.008616590750508373,0.010367039731104786,0.010960888217932663,0.011158971493156264,0.011218489881569552,0.01122800497828854,0.011217798582915335,0.011197900387774845,0.011171587294989557,0.011140094732655757,0.011104207825625177,0.0110647239488567,0.011022485421920003,0.010978365055936228,0.010933238254960764,0.01088791637036279,0.010843144926731583,0.010799582455685838,0.010757697622996838,0.010717648652049938,0.01067900316683603,0.010640185988970558,0.010597647719006816,0.010544564433741225,0.010469035622731453,0.01035206538982144,0.01016579570001189,0.009873008500205416,0.00942893099769375,0.008783440367899615,0.007872036103082652,0.006578849995671919,0.004815530977623538,0.0035461782162294147
5.585000000000173,-0.017828434728847466,0.003439036231804707,0.008636785934163664,0.010385624942940774,0.010978534297659576,0.011175965705866707,0.011234975546264103,0.011244063913721567,0.011233482190276022,0.011213242615760396,0.01118661071583511,0.011154813824673699,0.01111863099383248,0.011078854900837253,0.011036324182436125,0.01099190871347896,0.010946481503091623,0.010900851906676817,0.010855763714998407,0.010811873888207268,0.010769649645210192,0.010729247880432053,0.010690235099717501,0.010651035468979662,0.010608099820687276,0.010554606055509992,0.01047865810011527,0.010361268342322011,0.01017459214534967,0.00988143085488879,0.009437037198657496,0.008791320376050783,0.007879824461042914,0.006586756526489296,0.004823827711382768,0.0035546815703587017
5.590000000000174,-0.017793390148721812,0.003462677489149026,0.008657021103462873,0.010404251696216189,0.010996223591130002,0.01119300488840695,0.011251507985080709,0.011260171456471266,0.011249216260442757,0.011228637184913272,0.011201688382980097,0.011169589100000817,0.011133112319344421,0.011093046025696315,0.01105022517699866,0.011005516715200473,0.010959791257444094,0.01091385616575319,0.010868453499326976,0.010824238649065902,0.010781677389052459,0.010740925286614031,0.010701547730706274,0.010661968231663186,0.010618637851935685,0.010564736310329996,0.010488371958443033,0.010370565445905882,0.01018348549703312,0.009889952797753582,0.00944524550763364,0.008799304720869839,0.00788771891203873,0.006594770210260955,0.004832231837011606,0.0035632921903381923
5.595000000000175,-0.017758312037391928,0.003486356833035607,0.008677295879495546,0.010422919610957586,0.011013955714145398,0.011210088650316785,0.01126808679997562,0.011276327200042421,0.011265000377791977,0.011244083669914029,0.011216819860992128,0.011184420112677763,0.01114765134529546,0.011107296855357413,0.011064187926000685,0.011019188569689852,0.010973167014494757,0.010926928631586015,0.010881213750984161,0.010836676196513902,0.010793780299502946,0.010752680301960311,0.010712940477307451,0.010672983680462047,0.010629261201904215,0.010574954572819576,0.010498176557649341,0.01037995604583448,0.010192475085840369,0.009898573645485229,0.009453555228107651,0.008807392694117067,0.007895718738431765,0.00660289032333658,0.004840742629049091,0.003572009352004187
5.6000000000001755,-0.01772320078445598,0.0035100738827882894,0.008697609885673079,0.010441628309475747,0.0110317302847826,0.011227216603454727,0.011284711595307733,0.011292530740335541,0.011280834129113062,0.011259581647931964,0.011232004716953637,0.011199306419320848,0.011162247617471838,0.011121606924443993,0.011078211952592613,0.011032923788301095,0.010986608273490973,0.010940068791070418,0.010894043944207942,0.01084918599185516,0.010805957824628185,0.010764512361069409,0.010724412760300011,0.010684081222107641,0.010639969263048058,0.010585260221007276,0.010508071261209668,0.010389439490979419,0.010201560246182882,0.009907292718515953,0.009461965667364979,0.00881558359131882,0.007903823226385314,0.006611116145937967,0.004849359365903832,0.003580832335053426
5.605000000000176,-0.017688056777093602,0.0035338282600270894,0.008717962747709723,0.010460377416372553,0.011049546923383297,0.011244388361956223,0.011301381977707506,0.01130878167562054,0.01129671710360123,0.011275130698576072,0.011247242520432568,0.011214247579081797,0.01117690068429012,0.011135975770262799,0.011092296782642945,0.01104672188516917,0.01100011453656784,0.01095327613403843,0.010906943556227669,0.010861767499430441,0.010818209415608813,0.01077642090163934,0.010735964003740604,0.010695260266685228,0.010650761431247635,0.01059565263632277,0.01051805543603309,0.010399015133723093,0.01021074031610522,0.009916109340933163,0.00947047613637338,0.008823876711854351,0.00791203166594502,0.0066194469622015365,0.004858081329865493,0.0035897604230612527
5.610000000000177,-0.01765288040004371,0.0035576195887493433,0.00873835409356271,0.010479166558498962,0.011067405252587356,0.011261603542278266,0.011318097556169079,0.011325079606498872,0.011312648892864883,0.011290730403889645,0.011262532843516141,0.011229243153679364,0.011191610096700538,0.011150402932743084,0.011106441944744689,0.011060582377233544,0.011013685308687878,0.010966550153178956,0.010919912067212259,0.01087442018658787,0.010830534526675135,0.0107884053645642,0.010747593634832162,0.010706520227511819,0.010661637105703833,0.010606131203683974,0.01052812845257296,0.010408682330045431,0.010220014637260041,0.009925022840521481,0.009479085949890925,0.008832271358861943,0.007920343350963083,0.006627882060055765,0.004866907807038199,0.003598792903378445
5.615000000000178,-0.017617672035640648,0.00358144749524781,0.008758783553494073,0.010497995364936355,0.011085304897251168,0.011278861763138146,0.011334857941976122,0.011341424135955614,0.011328629090899607,0.011306380348393956,0.011277875260767524,0.01124429270735469,0.011206375408305387,0.01116488795446492,0.011120646970163496,0.011074504784155859,0.011027320097607604,0.010979890344091577,0.010932948960256393,0.010887143523667975,0.010842932615156639,0.010800465193838985,0.010759301084003907,0.010717860521172864,0.010672595688918714,0.010616695311330793,0.01053828968469808,0.010418440439433553,0.010229382554906314,0.009934032548726055,0.009487794426357578,0.008840766839244498,0.007928757579087462,0.006636420731287306,0.00487583808738787,0.0036079290672039535
5.620000000000179,-0.01758243206380196,0.0036053116081218393,0.008779250759984763,0.010516863467052096,0.011103245484516756,0.011296162645513672,0.01135166274870526,0.011357814869286189,0.011344657294065212,0.011322080118989714,0.011293269349228861,0.0112593958068828,0.011221196175272377,0.011179430380672302,0.01113491139288004,0.011088488628352964,0.011041018413938609,0.010993296205231387,0.010946053721416254,0.010899936984017526,0.010855403141425267,0.010812599836586789,0.010771085784869423,0.010729280567511356,0.010683636586732236,0.010627344350910914,0.010548538509750592,0.010428288824908118,0.010238843417903092,0.009943137800636034,0.009496600887973333,0.008849362463681891,0.007937273651787462,0.006645062271468428,0.004884871464644934,0.0036171682095022676
5.625000000000179,-0.01754716086206067,0.0036292115582799815,0.008799755347802547,0.010535770498391023,0.011121226643731075,0.011313505812637042,0.011368511592206578,0.011374251414100693,0.011360733101083124,0.011337829305003174,0.011308714688372079,0.01127455202152318,0.01123607195628954,0.01119402975916488,0.011149234749517968,0.011102533434978436,0.011054779771008891,0.01100676723786038,0.0109592258396116,0.010912800043941642,0.010867945568852547,0.0108248087430142,0.010782947174182421,0.010740779789587694,0.010694759208307706,0.010638077717467906,0.010558874308514949,0.010438226852987184,0.010248396578622643,0.009952337934966927,0.009505504660568233,0.00885805754654913,0.007945890874281984,0.006653805979993195,0.004894007236380029,0.003626509629048349
5.63000000000018,-0.01751185880557399,0.003653146978904417,0.008820296953894578,0.010554716094751436,0.01113924800645856,0.011330890889979258,0.011385404090628612,0.011390733380321079,0.011376856113034671,0.01135362749813842,0.011324210860122978,0.011289760923057914,0.011251002312636782,0.011208685640395033,0.01116361657938577,0.011116638731893202,0.011068603684978228,0.011020302946128092,0.0109724648066869,0.010925732182709152,0.010880559363880118,0.010837091366431299,0.010794884691861729,0.0107523576136827,0.010705962966028543,0.01064889480932644,0.010569296465148578,0.010448253893606943,0.0102580413930007,0.009961632294020422,0.00951450507362743,0.008866851405976485,0.007954608555537167,0.006662651159982085,0.004903244703864495,0.0036359526283150576
5.635000000000181,-0.017476526267134446,0.003677117505436134,0.00884087521746632,0.010573699894091952,0.011157309206506887,0.011348317505268324,0.01140233986436859,0.011407260380183845,0.011393025933330808,0.01136947429251461,0.011339757448859795,0.011305022085729307,0.011265986808105616,0.011223397577377208,0.011178056424426219,0.011130804049649723,0.011082489674737172,0.011033902836987772,0.010985770117364551,0.010938732882538299,0.010893243995936556,0.01084944716321392,0.010806897780981916,0.010764013469308848,0.010717247275612907,0.010659795028224202,0.010579804367276792,0.010458369320290085,0.01026777722055901,0.009971020223742001,0.009523601460333828,0.008875743363764559,0.007963426008269974,0.006671597118366745,0.0049125831722202,0.0036454965136015665
5.640000000000182,-0.017441163617174085,0.0037011227756029936,0.008861489779923614,0.010592721536608743,0.011175409879829568,0.011365785288400161,0.011419318536042163,0.011423832028194211,0.011409242167717819,0.011385369284596089,0.011355354041354477,0.011320335086263665,0.01128102500899654,0.0112381651257059,0.011192553829200275,0.011145028921521787,0.011096437261925276,0.011047566420180375,0.010999141269227632,0.010951801628537247,0.010905998937416428,0.01086187559276855,0.010818985887682106,0.01077574678909678,0.010728611555973374,0.010670777779155084,0.010590397405835908,0.010468572509910196,0.010277603424248272,0.00998050107358104,0.009532793157483555,0.008884732745427554,0.007972342548908613,0.006680643165776458,0.004922021950231828,0.003655140594849205
5.6450000000001825,-0.017405771223819932,0.003725162429330346,0.008882140284850565,0.01061178066464422,0.011193549664615075,0.011383293871520378,0.011436339730538007,0.011440447941105207,0.011425504424239832,0.011401312073205619,0.011371000226799,0.011335699503826948,0.011296116484169005,0.011252987843538925,0.011207108340901753,0.01115931288342034,0.011110445970927809,0.011061293208262648,0.01101257776270935,0.010964937908791458,0.010918823663730516,0.010874376117567223,0.010831148461250066,0.010787557008887746,0.010740055229278452,0.010681842470418194,0.010601074975151068,0.010478862842784672,0.01028751937057568,0.009990074196616874,0.009542079505477079,0.008893818880104374,0.00798135749758178,0.006689788616592222,0.004931560350425995,0.0036648841857396374
5.650000000000183,-0.017370349452828254,0.0037492361088461465,0.00890282637802687,0.010630876922720273,0.011211728201191502,0.011400842888942598,0.011453403074966515,0.011457107737981738,0.011441812313254328,0.011417302259537613,0.011386695596778268,0.01135111492005813,0.011311260804919347,0.011267865291597894,0.011221719509328248,0.01117365547394097,0.011124515328844871,0.011075082716555166,0.011026079101073923,0.010978141214221556,0.010931717653213744,0.01088694820310033,0.010843384954057358,0.01079944356768394,0.010751577720935454,0.010692988513638067,0.010611836472945998,0.010489239702706661,0.010297524429515518,0.009999738949421482,0.009551459848330172,0.008903001100617631,0.007990470178135395,0.006699032788879009,0.0049411976890604585,0.0036747266036582585
5.655000000000184,-0.017334898667659263,0.00377334345853572,0.008923547707415226,0.010650009957519883,0.011229945132060175,0.011418431977166923,0.011470508198627674,0.011473811040113328,0.01145816544741695,0.01143333944708989,0.011402439745258869,0.01136658091898537,0.011326457545057752,0.011282797033126322,0.011236386886863525,0.011188056234314776,0.011138644865461754,0.011088934463137004,0.011039644790435985,0.010991411038685766,0.010944680387187797,0.010899591317863081,0.010855694821526193,0.010811405907600666,0.010763178459502856,0.010704215323662324,0.01062268130021218,0.01049970247679145,0.010307617974473118,0.01000949469212917,0.009560933533618164,0.008912278743387335,0.007999679918016873,0.006708375004400008,0.00495093328605417,0.003684667169655655
5.660000000000185,-0.01729941922949882,0.0037974841250292646,0.008944303923114703,0.010669179417856839,0.01124820010188363,0.011436060774892006,0.011487654733041384,0.011490557471006175,0.011474563441647347,0.011449423241700542,0.01141823226856799,0.011382097087103731,0.011341706280875693,0.011297782633881958,0.011251110028470849,0.01120251470841128,0.011152834113291803,0.011102847968853633,0.011053274339697149,0.011004746878868122,0.010957711349870449,0.010912304933360723,0.010868077522170437,0.010823443473900492,0.010774856876800375,0.010715522318620472,0.010633608861278608,0.010510250555582183,0.010317799382343175,0.010019340788320924,0.009570499912506176,0.008921651148488498,0.00800898604841096,0.006717814588588609,0.004960766464994402,0.0036947052084122557
5.665000000000186,-0.017263911497214658,0.003821657757138514,0.00896509467738623,0.010688384954694638,0.011266492757444865,0.011453728922914718,0.011504842311906634,0.011507346656427142,0.011491005913122715,0.011465553251518018,0.011434072765405616,0.011397663013278185,0.01135700659110154,0.011312821662161228,0.011265888491699481,0.011217030442739504,0.011167082607494182,0.01111682275727838,0.011066967260542808,0.011018148234336375,0.010970810028416792,0.010925088524053127,0.010880532517513596,0.010835555714929238,0.010786612407743772,0.010726908919874965,0.010644618563829894,0.010520883333019631,0.010328068033448438,0.010029276605149066,0.009580158339684935,0.008931117659537236,0.00801838790404035,0.00672735087052743,0.004970696553139123,0.0037048400482679543
5.6700000000001864,-0.017228375827434646,0.0038458640058650247,0.008985919624619108,0.010707626221111544,0.01128482274767172,0.011471436064265665,0.011522070571097182,0.011524178224334117,0.011507492481292356,0.01148172908697915,0.011449960836791189,0.01141327828879536,0.011372358056917052,0.01132791368874306,0.011280721836611588,0.01123160298637056,0.01118138988590669,0.011130858354711963,0.011080723067498716,0.011031614607508386,0.010983975912874514,0.010937941567390901,0.010893059272124764,0.010847742082148025,0.010798444490468507,0.010738374551993718,0.010655709818741725,0.010531600206305636,0.010338423311503456,0.01003930151319582,0.009589908173408896,0.008940677623797296,0.00802788482332138,0.00673698318292598,0.004980722881368183,0.003715071021201546
5.675000000000187,-0.017192812574469703,0.003870102524384512,0.009006778421355721,0.01072690287229478,0.011303189723606473,0.011489181844035226,0.0115393391486701,0.01154105180488674,0.01152402276785426,0.011497950360819891,0.011465896086125521,0.011428942507291907,0.011387760261929065,0.011343058286888795,0.011295609625833536,0.011246231891027218,0.01119575548903681,0.011144954290174869,0.011094541277787667,0.011045145503598638,0.010997208496199038,0.010950863543769227,0.010905657253600811,0.010860002030071906,0.010810352566200375,0.010749918642769633,0.010666882040259647,0.010542400576072296,0.010348864603614616,0.010049414886489022,0.00959974877539994,0.008950330392032165,0.008037476148233268,0.006746710862156677,0.004990844784188084,0.0037253974627703282
5.680000000000188,-0.017157222090434385,0.003894372968040334,0.00902767072621964,0.010746214565531015,0.011321593338387836,0.011506965909479139,0.011556647684819319,0.011557967030459302,0.01154059639671266,0.011514216688041024,0.011481878119077634,0.011444655264808782,0.01140321279217216,0.011358255032325,0.011310551424521899,0.011260916710982748,0.011210178959991636,0.011159110095348273,0.011108421411443851,0.011058740430670212,0.011010507274203399,0.010963853936497705,0.010918325932498972,0.010872335016305662,0.010822336079349914,0.010761540623201372,0.01067813464580733,0.010553283846212725,0.010359391300302776,0.01005961610252916,0.009609679510904925,0.008960075318579386,0.008047161224344467,0.006756533248139121,0.005001061599715166,0.0037358187121248913
5.685000000000189,-0.017121604725194084,0.003918674994308796,0.009048596199942418,0.010765560960192464,0.011340033247254036,0.011524787909972627,0.011573995821908213,0.011574923535575692,0.011557212994016878,0.011530527685911757,0.011497906543652401,0.011460416159728575,0.011418715236110587,0.01137350350327354,0.011325546800343665,0.011275657003072034,0.011224659844527744,0.011173325304621843,0.011122362991188016,0.011072398899551207,0.011023871745557133,0.010976912231832676,0.010931064782407822,0.010884740501478658,0.010834394477375607,0.01077323992740929,0.010689467056098165,0.010564249423939628,0.010370002795449473,0.010069904542260488,0.009619699748681447,0.008969911761318899,0.008056939400792187,0.006766449684406974,0.005011372669635632,0.0037463341120135586
5.69000000000019,-0.017085960826349153,0.003943008262828795,0.009069554505361841,0.010784941717746941,0.011358509107527922,0.011542647496973209,0.011591383204399178,0.011591920956943155,0.011573872188096263,0.01154688297395059,0.011513980970155466,0.01147622479276002,0.011434267184549797,0.011388803280372862,0.01134059532344555,0.011290452326696605,0.011239197691007561,0.01118759945505685,0.011136365542520262,0.011086120423892837,0.01103730141179663,0.010990037918930207,0.010943873279845997,0.010897217949257867,0.010846527210868432,0.010785015992726663,0.010700878695046904,0.010575296719775822,0.010380698486274766,0.01008027958996995,0.009629808860905004,0.00897983908163894,0.00806681003029046,0.006776459518077928,0.005021777339234526,0.003756943008717862
5.69500000000019,-0.017050290739376417,0.00396737243533808,0.009090545307393987,0.010804356501717157,0.011377020578620039,0.011560544324028872,0.011608809478906305,0.011608958933427508,0.011590573609503482,0.0115632821739139,0.011530101011169717,0.011492080767003438,0.011449868230749923,0.011404153946693403,0.011355696566507065,0.011305302243814977,0.011253792050398937,0.011201932086377198,0.011150428593626572,0.011099904520090183,0.011050795777282638,0.01100323048985037,0.010956750904318179,0.010909766826355721,0.010858733733518054,0.010796868259622595,0.010712368989785809,0.010586425147466631,0.010391477773305815,0.010090740633396017,0.009640006223200256,0.00898985664439713,0.008076772469018632,0.00678656209978558,0.005032274957308432,0.0037676447520284496
5.700000000000191,-0.01701459480745719,0.00399176717571119,0.009111568273013923,0.010823804977656976,0.011395567321979976,0.011578478046802182,0.011626274294121516,0.011626037106027465,0.011607316890967176,0.011579724909788541,0.011546266281541935,0.011507983687806686,0.011465517970276734,0.011419555087757162,0.01137085010462881,0.011320206318888039,0.011268442476247358,0.011216322740908335,0.01116455167538246,0.01111375070730235,0.011064354349178362,0.011016489439518872,0.0109696971382452,0.010922386602437863,0.010871013502023248,0.010808796171652386,0.010723937370611905,0.010597634124058156,0.010402340060448092,0.01010128706363043,0.009650291214640762,0.008999963817955502,0.00808682607673791,0.006796756783740568,0.005042864876229387,0.0037784386953479297
5.705000000000192,-0.016978873371653123,0.00401619214990883,0.009132623071254517,0.0108432868132095,0.011414149001113844,0.011596448322983906,0.01164377730087387,0.01164315511789207,0.011624101667381087,0.011596210807783832,0.01156247639841197,0.011523933162884107,0.011481216001096412,0.011435006291469898,0.011386055515434758,0.011335164118923933,0.0112831485246748,0.011230770963641307,0.011178734321378558,0.011127658507451373,0.011077976637474117,0.011029814265733068,0.010982711466991443,0.010935076750187095,0.010883365976191575,0.010820799175553765,0.010735583271069929,0.01060892306982835,0.0104132847548658,0.010111918275133577,0.009660663217748739,0.00901015997413917,0.008096970216679097,0.006807042927628598,0.005053546451865388,0.0037893241954957886
5.710000000000193,-0.01694312677082718,0.004040647025986088,0.00915370937320673,0.010862801678007773,0.011432765281563447,0.011614454812360966,0.011661318152045555,0.011660312614283616,0.011640927575811538,0.011612739496307431,0.011578730981139672,0.011539928802239838,0.011496961923508948,0.011450507148150211,0.011401312378945939,0.01135017521340328,0.011297909754357325,0.011245276302168825,0.011192976067860362,0.011141627445171247,0.011091662154934899,0.011043204469128919,0.010995793378820284,0.010947836745287915,0.010895790618836661,0.010832876721099439,0.010747306127775632,0.010620291408250944,0.010424311267026653,0.010122633665717083,0.00967112161839427,0.00902044448821005,0.008107204255557138,0.006817419892706001,0.0050643190436059846,0.003800300612835617
5.7150000000001935,-0.0169073553416696,0.004065131474097742,0.00917482685197378,0.010882349243745794,0.011451415830922643,0.011632497176749407,0.011678896502629205,0.011677509242579999,0.011657794255466434,0.011629310605948451,0.011595029651312563,0.011555970218111498,0.0115127553401384,0.011466057250490111,0.011416620277637807,0.011365239174313198,0.01131272572652136,0.011259838306701618,0.011207276453731476,0.011155657047809377,0.01110541041711179,0.011056659553199712,0.01100894236491673,0.010960666066318684,0.010908286895807232,0.010845028261216725,0.010759105380584808,0.010631738566080379,0.01043541901067829,0.01013343263651756,0.009681665805832877,0.009030816738858173,0.008117527563560002,0.00682788704361175,0.005075182014300365,0.003811367311178016
5.720000000000194,-0.016871559418741966,0.004089645166429987,0.009195975182716141,0.01090192918408185,0.011470100318765372,0.011650575079995767,0.011696512009646451,0.011694744652242545,0.011674701347696331,0.011645923769495109,0.011611372032808528,0.011572057025082034,0.01152859585594617,0.011481656193563538,0.0114319787964268,0.01138035557613118,0.011327596004935747,0.011274456530022826,0.011221635020564674,0.011169746845448712,0.011119220942315388,0.011070179024239594,0.01102215791930066,0.01097356419485839,0.01092085427594809,0.01085725325183611,0.010770980472406563,0.010643263973160129,0.010446607402783043,0.010144314591970016,0.009692295172747022,0.009041276108230897,0.00812793951434074,0.006838443748583926,0.005086134730324737,0.0038225236578131407
5.725000000000195,-0.016835739334443815,0.004114187777271568,0.009217154042585662,0.010921541174734692,0.011488818416710102,0.01166868818799722,0.011714164332211768,0.011712018494849303,0.01169164849599556,0.011662578621904264,0.011627757751639007,0.01158818883994884,0.011544483078208536,0.011497303574802416,0.01144738752264249,0.011395523995788071,0.011342520155851656,0.011289130527478899,0.011236051312511085,0.011183896370821136,0.011133093251611657,0.011083762391381206,0.01103543953892039,0.010986530615391376,0.010933492231089045,0.0108695511519714,0.010782930849306045,0.01065486706259359,0.010457875863577187,0.010155278939823409,0.009703009115091817,0.009051821981798833,0.00813843948494999,0.006849089379211797,0.005097176561447657,0.003833769023468536
5.730000000000196,-0.01679989541907791,0.0041387589829163,0.009238363110734692,0.010941184893367626,0.011507569798358387,0.011686836168645923,0.011731853131450837,0.011729330424048761,0.01170863534594427,0.011679274800281992,0.011644186436079593,0.011604365281795082,0.011560416616495955,0.011512998993997988,0.011462846045979044,0.011410744012657521,0.011357497748094981,0.011303859857022097,0.011250524876412607,0.011198105159365689,0.011147026868774005,0.011097409166504833,0.011048786723543681,0.010999564815320153,0.010946200236062797,0.010881921423665942,0.010794955960444412,0.010666547270642718,0.010469223816524813,0.01016632509110152,0.009713807032215187,0.009062453748468272,0.008149026855890605,0.00685982331055523,0.005108306880913045,0.0038451027822640014
5.735000000000197,-0.016764028000796776,0.004163358461725416,0.00925960206831907,0.010960860019619404,0.011526354139268852,0.011705018691844324,0.01174957807054295,0.011746680095531366,0.011725661545241324,0.01169601194388981,0.011660657716566183,0.01162058597189763,0.011576396082657847,0.011528742053260054,0.011478353958569271,0.011426015208582947,0.011372528352920522,0.01131864407911364,0.011265055261670693,0.011212372749165455,0.011161021320338978,0.01111111886431729,0.011062198975766374,0.011012666284950913,0.010958977768644244,0.010894363532002415,0.01080705525806573,0.010678304036660913,0.010480650688276912,0.010177452460111704,0.009724688326746254,0.009073170800511387,0.008159701011042502,0.006870644921124283,0.005119525065378339,0.003856524311778123
5.740000000000197,-0.01672813740569054,0.00418798589404284,0.009280870598475915,0.01098056623514031,0.011545171117026767,0.011723235429486958,0.011767338814685254,0.011764067167099825,0.011742726743717583,0.01171278969412527,0.01167717122572002,0.011636850533802909,0.011592421090814884,0.011544532357049279,0.011493910854882767,0.01144133716781005,0.011387611544096784,0.011333482756760847,0.01127964202027179,0.011226698680967916,0.011175076135527272,0.011124891002281853,0.011075675801054384,0.011025834517477696,0.01097182430957717,0.010906876945075122,0.01081922819749,0.010690136803192012,0.010492155908682643,0.01018866046436846,0.009735652404655485,0.009083972533538301,0.00817046133770439,0.006881553592793957,0.005130830494912022,0.003868032992979819
5.745000000000198,-0.016692223957728253,0.00421264096226392,0.009302168386281676,0.01100030322349873,0.011564020411155009,0.011741486055492883,0.011785135031095073,0.011781491298531866,0.011759830593214737,0.011729607694515466,0.011693726598349143,0.011653158593247906,0.011608491257368875,0.011560369512101674,0.011509516331752142,0.01145670947700653,0.011402746897856877,0.01134837545551279,0.011294284706817636,0.011241082498147549,0.01118919084624143,0.011138725100571865,0.011089216707652262,0.011039069008969503,0.010984739342497682,0.010919461133954955,0.0108314742371065,0.010702045015895837,0.010503738910795798,0.010199948524691433,0.009746698675186743,0.00909485834648803,0.008181307226512911,0.006892548710854091,0.005142222552954361,0.0038796282101734017
5.750000000000199,-0.016656287978804203,0.004237323350780264,0.009323495118832603,0.011020070670211678,0.011582901703126886,0.01175977024566333,0.01180296638896598,0.011798952151694379,0.011776972747721534,0.01174646559067787,0.011710323471401725,0.0116695097781881,0.011624606200967209,0.01157625312748224,0.01152516998841727,0.011472131725256827,0.0114179339929051,0.011363321743428053,0.011308982878469669,0.011255523746707448,0.01120336498709521,0.011152620682170183,0.01110282120660761,0.011052369258342479,0.010997722354002672,0.010932115572700364,0.010843792838303973,0.010714028123488366,0.010515399130789024,0.010211316065044166,0.00975782655082846,0.009105827641611592,0.008192238071458623,0.006903629663952754,0.00515370062635072,0.0038913093510618254
5.7550000000002,-0.01662032978875905,0.0042620327459398245,0.009344850485111765,0.011039868262761566,0.011601814676342517,0.011778087677861628,0.011820832559507168,0.01181644939045507,0.011794152863229624,0.011763363030364064,0.011726961483979895,0.011685903718747323,0.011640765542479425,0.011592182814541201,0.0115408714263769,0.011487603504035677,0.011433172410367782,0.011378321191026513,0.011323736094906417,0.011270021975246658,0.01121759809534505,0.011166577272736924,0.011116488811762927,0.011065734767367764,0.011010772833581178,0.010944839738335365,0.010856183465539388,0.01072608557779979,0.010527136007985622,0.010222762512624006,0.009769035447354937,0.00911687982448326,0.00820325326989744,0.006914795844110984,0.00516526410528651,0.0039030758066903766
5.7600000000002005,-0.016584349705377706,0.004286768836103282,0.009366234176061718,0.011059695690531564,0.011620759016192668,0.011796438031838859,0.011838733215892955,0.01183398268070919,0.011811370597823355,0.01178029966340427,0.011743640277314053,0.011702340047270995,0.011656968905033274,0.011608158186893628,0.011556620249524922,0.011503124407168016,0.011448461733799917,0.011393373371359618,0.011338543918399467,0.011284576734999857,0.011231889710914492,0.011180594400657431,0.011130219039727043,0.011079165040654999,0.011023890273620196,0.010957633110847858,0.010868645586269711,0.010738216833745306,0.010538948984890195,0.01023428729785349,0.00978032478377951,0.009128014303965145,0.00821435222247431,0.006926046646669326,0.005176912383306788,0.003914926971430424
5.765000000000201,-0.016548348044374175,0.004311531311589938,0.009387645884576376,0.011079552644816198,0.011639734409917578,0.011814820989310656,0.011856668033275031,0.011851551690321784,0.011828625611598418,0.011797275141702633,0.011760359494768648,0.011718818398233603,0.011673215913962885,0.011624178860445747,0.011572416064026874,0.011518694030869369,0.011463801549207689,0.011408477859934374,0.011353405913711105,0.011299187579733479,0.011246239376379306,0.011194671597006546,0.011144011409856665,0.011092659585605295,0.01103707416935201,0.01097049517315966,0.01088117867094936,0.010750421349283302,0.010550837507077578,0.010245889854265937,0.009791693982344649,0.009139230492169675,0.008225534333177964,0.006937381470329293,0.005188644857254165,0.003926862242966879
5.770000000000202,-0.016512325119463385,0.0043363198646792205,0.009409085305426805,0.011099438818845111,0.01165874054674694,0.01183323623394307,0.01187463668876728,0.011869156089205432,0.011845917566691854,0.011814289119247156,0.011777118781806158,0.011735338408282232,0.011689506196776795,0.011640244453326287,0.011588258478372917,0.011534311973716564,0.011479191444975601,0.01142363423470603,0.011368321648131938,0.011313854065824957,0.011260646636892472,0.01120880839555145,0.011157865444258029,0.011106217912452174,0.011050324018903643,0.010983425411071904,0.01089378219299317,0.010762698585399773,0.010562801023222742,0.010257569618585417,0.009803142468474725,0.009150527804471068,0.008236799009252572,0.006948799717067837,0.0052004609273167066,0.003938881022282457
5.775000000000203,-0.016476281242325672,0.004361134189576539,0.009430552135320052,0.011119353907719686,0.011677777117724593,0.011851683451264961,0.011892638861420198,0.01188679554919775,0.011863246127281433,0.011831341252074426,0.011793917786015972,0.01175189971623032,0.011705839383236246,0.011656354585932064,0.011604147103340259,0.011549977836617539,0.011494631011889968,0.011438842076095669,0.011383290691451565,0.011328575752185373,0.011275111040289575,0.011223004332750934,0.01117178066778348,0.01111983953418036,0.011063639323240764,0.010996423313358629,0.010906455628821993,0.01077504800614642,0.010574838985106414,0.01026932603067288,0.009814669670831158,0.009161905659495406,0.00824814566123152,0.0069603007921823345,0.00521235999695613,0.00395098271367003
5.780000000000204,-0.01644021672262547,0.004385973982446771,0.009452046072846278,0.011139297608421127,0.011696843815875107,0.01187016232878281,0.011910674232223507,0.011904469744131918,0.011880610959506068,0.01184843119827565,0.011810756157061855,0.011768501962997821,0.011722215105223614,0.011672508880876297,0.011620081551992319,0.011565691222811418,0.011510119843119402,0.011454100966965156,0.011398312615954684,0.0113433522002752,0.011289632136950787,0.011237258947671335,0.01118575660797426,0.01113352396657991,0.011077019586160666,0.01100948837164255,0.010919198457779021,0.01078746907855669,0.010586950847584724,0.010281158533536684,0.009826275021208971,0.009173363479091786,0.00825957370290825,0.006971884104232101,0.005224341472916899,0.003963166724650249
5.785000000000204,-0.016404131868041395,0.0044108389413702875,0.009473566818478265,0.011159269619818635,0.011715940336043682,0.01188867255586938,0.01192874248411612,0.011922178349824591,0.011898011731533471,0.011865558617968659,0.011827633546664863,0.011785144791630946,0.011738632996834624,0.011688706962968172,0.011636061439632323,0.011581451737850823,0.011525657534207517,0.011469410492558374,0.011413386996396557,0.011358182974106089,0.011304209479868531,0.0112515717820823,0.011199792795077435,0.0111472707281834,0.011090464314274014,0.011022620080446105,0.01093201016216106,0.010799961272665167,0.010599136068546663,0.010293066573236734,0.009837957954595761,0.009184900688290223,0.008271082551315319,0.006983549065041245,0.0052364047652359216,0.00397543246603379
5.790000000000205,-0.016368026984259543,0.00443572876633112,0.009495114074547353,0.011179269642633199,0.011735066374955068,0.011907213823783321,0.011946843301916725,0.0119399210439926,0.011915448113526178,0.011882723173309013,0.011844549608664491,0.01180182784731141,0.011755092694299935,0.011704948459275062,0.01165208638386374,0.01159725898960677,0.011541243683061956,0.011484770240593342,0.01142851341000596,0.011373067640186897,0.011318842624630794,0.01126594238034679,0.011213888762059341,0.011161079340298247,0.0111039730170065,0.011035817937155256,0.01094489022719086,0.010812524061507895,0.010611394108936148,0.010305049599006653,0.009849717909127845,0.009196516715350975,0.0082826716267167,0.006995295089683374,0.005248549287158741,0.003987779351828831
5.795000000000206,-0.016331902374991485,0.004460643159244271,0.009516687545302233,0.011199297379469666,0.011754221631222271,0.011925785825669746,0.011964976372381104,0.011957697506327246,0.011932919777588383,0.011899924528469615,0.01186150399892308,0.011818550777308963,0.011771593836023182,0.011721232999041233,0.011668156004498696,0.011613112588234794,0.0115568778899005,0.011500179801130323,0.011443691436437652,0.0113880057675267,0.011333531129323574,0.011280370289438478,0.011228044044498418,0.011174949326925325,0.011117545206565398,0.011049081441987409,0.010957838140996117,0.010825156921055044,0.010623724432711697,0.01031710706311171,0.00986155432606714,0.009208210991692974,0.008294340352585486,0.0070071215964724294,0.005260774455174832,0.004000206799311035
5.800000000000207,-0.016295758341969106,0.00448558182388686,0.00953828693680876,0.011219352534730049,0.011773405805304334,0.011944388256568536,0.011983141384158916,0.011975507418441403,0.011950426397814792,0.011917162349619082,0.011878496375363227,0.011835313230978294,0.011788136062500228,0.01173756021365005,0.011684269923592042,0.011629012146183948,0.011572559757325927,0.011515638766628023,0.011458920657823585,0.011402996927649383,0.011348274554645052,0.01129485505897223,0.011242258180718273,0.011188880214811788,0.011131180397954823,0.011062410098014877,0.010970853394601196,0.010837859330282088,0.010636126506865148,0.010329238420866924,0.009873466649752468,0.00921998295189149,0.008306088155610807,0.0070190280069395705,0.005273079689022233,0.004012714228950905
5.8050000000002075,-0.016259595185004045,0.004510544465928432,0.009559911956950358,0.011239434814682106,0.01179261859946041,0.011963020813343595,0.012001338027778365,0.011993350463874694,0.011967967650252855,0.011934436304919317,0.011895526397934359,0.011852114859781689,0.011804719016415997,0.011753929736731113,0.01170042776542794,0.011644957278156431,0.011588288890229056,0.01153114673195866,0.01147420065868963,0.011418040694554307,0.011363072463796382,0.011309396241104233,0.01125653071161618,0.011202871533400723,0.011144878108924155,0.011075803411138745,0.010983935481896395,0.010850630771052435,0.010648599801374701,0.010341443130723283,0.009885454327712885,0.009231832033678805,0.008317914465612771,0.007031013745789164,0.005285464411617971,0.004025301064375399
5.810000000000208,-0.016223413201948967,0.004535530792901296,0.009581562315511766,0.011259543927416016,0.011811859717823,0.011981683194714455,0.012019565995630088,0.01201122632804554,0.011985543212887056,0.011951746064523787,0.011912593728621154,0.011868955317211313,0.011821342342519796,0.011770341204018604,0.011716629156498827,0.011660947601126776,0.011604064895815577,0.011546703294287936,0.011489531026000588,0.011433136644696378,0.011377924422528732,0.011323993390648707,0.01127086118077185,0.011216922814828445,0.011158637859973276,0.011089260890053701,0.010997083899665375,0.010863470728172828,0.010661143789179053,0.010353720654078911,0.009897516810515814,0.009243757677934613,0.00832981871564474,0.007043078240964709,0.005297928049065759,0.0040379667324392755
5.815000000000209,-0.016187212688723744,0.004560540514239325,0.009603237724043475,0.011279679582815502,0.011831128866331472,0.01200037510125529,0.012037824982002412,0.012029134698309704,0.012003152765648624,0.011969091300561386,0.011929698031410772,0.011885834258833746,0.011838005687671217,0.011786794253414865,0.011732873725470386,0.01167698273431323,0.011619887383594374,0.011562308053184605,0.0115049113491002,0.011448284357001555,0.011392829999059361,0.01133864606488989,0.011285249134364414,0.011231033593921915,0.01117245917435847,0.011102782046251838,0.011010298147528077,0.010876378689389938,0.010673757946222854,0.010366070455378152,0.00990965355176874,0.009255759328616053,0.008341800341848744,0.007055220923510823,0.005310470030645882,0.004050710663129088
5.82000000000021,-0.016150993939316464,0.004585573341162269,0.009624937895922031,0.011299841492584112,0.011850425752741384,0.01201909623537285,0.0120561146830205,0.01204707526388913,0.012020795990382,0.011986471687118215,0.011946838972315108,0.011902751342291153,0.011854708700841207,0.01180328852498488,0.011749161103248482,0.011693062299173444,0.011635755965361998,0.011577960610550917,0.01152034121974362,0.011463483412821855,0.01140778876414853,0.011353353823723636,0.011299694121173267,0.0112452034081363,0.01118634157803232,0.011116366393992702,0.011023577727942652,0.010889354145289867,0.01068644175137811,0.010378492002106568,0.009921864008191315,0.009267836432810386,0.008353858783554996,0.007067441227698977,0.005323089788804702,0.004063532289585225
5.825000000000211,-0.016114757245831283,0.004610628986773944,0.009646662546350585,0.011320029370223866,0.01186975008659401,0.012037846301269957,0.012074434796652317,0.012065047715880056,0.012038472570848962,0.012003886900230748,0.011964016219315386,0.011919706227209942,0.011871451033072985,0.011819823660870745,0.011765490922849084,0.011709185919377675,0.011651670255170159,0.01159366057058077,0.011535820232046204,0.011478733395955447,0.011422800290997038,0.011368116229578071,0.01131419569261277,0.011259431797623998,0.011200284599666904,0.011130013450325747,0.011036922146198776,0.010902396589387723,0.010699194686449602,0.010390984764716461,0.009934147639532123,0.00927998844069799,0.008365993483163072,0.00707973859087759,0.005335786759114211,0.004076431048089135
5.8300000000002115,-0.016078502898461803,0.004635707166003818,0.00966841139231195,0.011340242931001774,0.011889101579249071,0.01205662500498347,0.01209278502273368,0.012083051747262753,0.012056182192709696,0.01202133661787951,0.01198122944239901,0.01193669857527823,0.011888232337472904,0.011836399305371316,0.01178186281949103,0.011725353220819239,0.01166762986935893,0.01160940753978983,0.011551347982483966,0.011494033892595247,0.01143786415531677,0.011382932847386801,0.011328753402625106,0.011273718305157526,0.011214287770637866,0.011143722735067318,0.011050330910411434,0.010915505518057755,0.010712016236190123,0.01040354821662038,0.009946503908544225,0.009292214805502921,0.008378203886244096,0.00709211245357279,0.005348560380295823,0.004089406378020365
5.835000000000212,-0.016042231185509338,0.004660807595598025,0.009690184152558633,0.01136048189198584,0.01190847994381929,0.01207543205433044,0.012111165062867791,0.012101087052856067,0.012073924543522392,0.012038820519982342,0.011998478313497363,0.011953728050188194,0.01190505226920599,0.01185301510487679,0.011798276430542785,0.011741563831602436,0.01168363442650834,0.01162520112703541,0.011566924069922043,0.01150938449137629,0.011452979935258697,0.011397803244626142,0.011343366807760557,0.011288062476126175,0.01122835062499681,0.011157493770712743,0.011063803531427194,0.010928680430494945,0.010724905888240596,0.01041618183421647,0.009958932281004787,0.009304514983522987,0.008390489441393494,0.007104562259390325,0.00536141009416524,0.004102457721881732
5.840000000000213,-0.016005942393413995,0.004685929994083677,0.00971198054763566,0.01138074597196984,0.01192788489521259,0.01209426715894784,0.012129574620533205,0.012119153329358624,0.012091699312732788,0.012056338288371535,0.012015762506543314,0.011970794317653376,0.011921910485510608,0.011869670707884429,0.011814731395511736,0.011757817381999824,0.01169968354742577,0.011641040943424509,0.011582548095510594,0.011524784783305228,0.011468147211421073,0.011412726991249419,0.011358035467113364,0.01130246385853637,0.011242472699452874,0.011171326082550432,0.011077339522971068,0.010941920828778573,0.01073786313314902,0.010428885096872004,0.009971432225723017,0.009316888434101984,0.008402849600312392,0.007117087455040512,0.005374335345653272,0.004115584525243706
5.845000000000214,-0.01596963680672965,0.0047110740818358905,0.009733800299842457,0.011401034891545907,0.01194731615008017,0.012113130030217632,0.012148013400980495,0.012137250275258625,0.012109506191655024,0.01207388960678818,0.012033081697370041,0.011987897045341311,0.011938806645632544,0.01188636576494561,0.011831227356023261,0.011774113504446744,0.011715776855152646,0.011656926602331932,0.01159821966277053,0.01154023436174652,0.011483365566830942,0.011427703659704299,0.011372758942332454,0.011316922003000614,0.011256653533383927,0.01118521919852228,0.011090938401461293,0.010955226217781899,0.010750887464329223,0.010441657486830099,0.009984003214442951,0.009329334619606815,0.00841528381775815,0.007129687490305008,0.005387335582749312,0.004128786236763479
5.850000000000215,-0.01593331470817403,0.004736239580984977,0.009755643133243787,0.011421348373023986,0.011966773426831783,0.012132020381311764,0.012166481111284048,0.012155377590926065,0.012127344873456538,0.012091474160878662,0.012050435563800335,0.012005035902953105,0.011955740410857877,0.011903099928706046,0.011847763955828068,0.011790451833601797,0.011731913974972643,0.011672857719435133,0.011613938377535367,0.011555732822483311,0.011498634586967265,0.011442732824920674,0.011387536797558422,0.01133143646269946,0.011270892668808838,0.011199172649322551,0.011104599686108567,0.010968596105211514,0.01076397837809972,0.010454498489315435,0.009996644721892918,0.00934185300540745,0.008427791551556122,0.007142361818041913,0.0054004102565291204,0.00414206230813126
5.855000000000215,-0.01589697637861951,0.0047614262154469416,0.009777508773627224,0.01144168614045029,0.011986256445635366,0.012150937927167937,0.012184977460267594,0.01217353497849734,0.012145215053177854,0.012109091638190057,0.012067823785558842,0.012022210562115741,0.011972711444478746,0.01191987285387453,0.011864340840801929,0.011806832006224401,0.011748094534320973,0.011688833912635841,0.011629703847906337,0.011571279763606068,0.011513953859670465,0.011457814064281667,0.011402368599497819,0.011346006793427678,0.01128518965038327,0.011213185968285801,0.011118322898836155,0.010982030001539723,0.01077713537356266,0.010467407592406499,0.010009356225762139,0.00935444305987276,0.008440372262509698,0.007155109894148724,0.0054135588211245336,0.004155412194139979
5.860000000000216,-0.015860622097094393,0.004786633710890507,0.009799396948536869,0.011462047919605063,0.012005764928365616,0.012169882384471016,0.012203502158573958,0.012191722141958109,0.01216311642769183,0.012126741728123664,0.012085246044294187,0.012039420696437259,0.01198971941181093,0.011936684197197572,0.011880957658895006,0.011823253661243717,0.011764318162859187,0.011704854802095583,0.011645515684341525,0.011586874785586275,0.011529322975207285,0.011472946957611143,0.011417253917342511,0.011360632553466816,0.011299544025330614,0.011227258691434426,0.01113210756433426,0.010995527420060852,0.010790357952727665,0.010480384287115656,0.010022137206682113,0.009367104254369464,0.00845302541449312,0.007167931177586158,0.005426780733685242,0.004168835352540735
5.865000000000217,-0.01582425214080317,0.004811861794792081,0.009821307387232333,0.011482433437990372,0.012025298598657967,0.012188853471641387,0.012222054918587976,0.01220993878708932,0.01218104869570235,0.012144424121981048,0.01210270202358579,0.012056665981502379,0.012006763980154524,0.011953533617472787,0.011897614060134015,0.011839716439715502,0.01178058449243841,0.011720920010201403,0.011661373499517468,0.01160251749120803,0.011544741526233693,0.011488131087221624,0.01143219232274617,0.011375313303718966,0.011313955343565198,0.011241390357463254,0.011145953209970881,0.01100908787680975,0.010803645620390948,0.010493428067286946,0.010034987148205327,0.009379836063221176,0.008465750474360986,0.0071808251302988395,0.005440075454409383,0.004182331244139413
5.870000000000218,-0.015787866785142417,0.004837110196331505,0.009843239820680527,0.011502842424796154,0.012044857181818308,0.012207850908841448,0.012240635454453724,0.012228184621422883,0.012199011557733872,0.012162138512912452,0.012120191408875294,0.012073946094790663,0.01202384481880023,0.01197042077552406,0.01191430969666061,0.011856219984818523,0.01179689315705068,0.011737029161542664,0.01167727690840154,0.011618207485584503,0.011560209107764438,0.011503366037779962,0.011447183389897071,0.011390048607578461,0.011328423157490553,0.01125558050768514,0.01115985936582875,0.011022710890597698,0.010816997884158136,0.01050653842967599,0.010047905536794088,0.009392637963691136,0.008478546911933057,0.007193791217251937,0.0054534424464827815,0.004195899332723943
5.8750000000002185,-0.015751466303716207,0.00486237864644535,0.009865193981568817,0.011523274610915171,0.012064440404881721,0.012226874417950395,0.012259243482071313,0.012246459354311836,0.012217004716139877,0.012179884595899845,0.012137713887530995,0.012091260715752202,0.012040961598986832,0.011987345334169808,0.01193104422263598,0.011872763941846201,0.011813243792862792,0.011753181882944008,0.011693225528245726,0.011633944376120656,0.011575725317175921,0.011518651396422863,0.011462226695413337,0.011404838030962528,0.011342947022144936,0.011269828686065343,0.011173825564671558,0.01103639598294277,0.010830414254454015,0.010519714873842434,0.010060891861818229,0.009405509436014951,0.008491414200040737,0.0072068289064123455,0.00546688117610665,0.004209539085081114
5.880000000000219,-0.015715050968315922,0.00488766687777743,0.009887169604274094,0.011543729728951053,0.012084047996581663,0.012245923722559643,0.012277878719074388,0.012264762696851924,0.012235027875053397,0.012197662067795408,0.012155269148781836,0.012108609525724356,0.012058113993953441,0.012004306958279424,0.01194781729430032,0.011889347958170038,0.011829636038182993,0.011769377803411528,0.011709218978502292,0.011649727772544964,0.011591289754181534,0.011533986752632182,0.011477321818360827,0.011419681142314142,0.011357526495117355,0.011284134439160522,0.011187851341946569,0.011050142678136149,0.010843894244464655,0.010532956902215632,0.010073945615491166,0.00941844996332463,0.00850435181445042,0.00721993766870673,0.005480391112448056,0.004223249970965481
5.88500000000022,-0.015678621048975237,0.004912974624733965,0.009909166424857353,0.011564207513149788,0.01210367968733562,0.01226499854797903,0.012296540884848292,0.012283094361918526,0.012253080740431428,0.012215470627265494,0.012172856883721377,0.012125992207985228,0.01207530167887051,0.012021305314684082,0.01196462856993274,0.011905971683281774,0.011846069533470388,0.011785616554124728,0.011725256880875725,0.011665557286836195,0.011606902020855325,0.011549371698336464,0.011492468340272073,0.011434577512561363,0.011372161136543891,0.011298497316168922,0.011201936235748687,0.011063950503161585,0.010857437370155123,0.010546264020014445,0.010087066292944296,0.009431459031689056,0.008517359233874405,0.007233116978044577,0.005493971727640556,0.004237031463065583
5.890000000000221,-0.01564217681393646,0.00493830162338596,0.009931184181048682,0.011584707699456031,0.012123335209229483,0.012284098621193505,0.012315229700467572,0.012301454064130279,0.012271163019978626,0.012233309974796826,0.012190476785317771,0.012143408447697106,0.012092524330857167,0.012038340072206935,0.011981477709827465,0.011922634768714621,0.011862543921276072,0.011801897768454651,0.011741338859324124,0.01168143253327801,0.011622561721585874,0.01156480582780811,0.011507665845099206,0.011449526715095389,0.011386850509099248,0.011312916868845823,0.011216079786828348,0.0110778189876981,0.010871043150235987,0.010559635735287648,0.010100253392153239,0.009444536130038103,0.00853043593994676,0.007246366311263948,0.005507622496772441,0.004250883037043624
5.895000000000222,-0.01560571852969457,0.004963647611525341,0.009953222612285179,0.011605230025473113,0.012143014296032905,0.012303223670905663,0.012333944888722796,0.012319841519831067,0.012289274423203152,0.012251179812694739,0.01220812854838907,0.012160857931910926,0.012109781628955875,0.012055410901670184,0.011998364376319617,0.011939336868106795,0.011879058846300418,0.01181822108190942,0.011757464539939111,0.011697353128395559,0.011638268463063439,0.011580288737675052,0.011522913919198484,0.011464528325815421,0.011401594177990127,0.011327392651558792,0.011230281538567229,0.011091747664112283,0.010884711106165504,0.010573071558851852,0.010113506413883675,0.009457680750203989,0.008543581417230973,0.007259685148149618,0.005521342897867574,0.004264804171473719
5.900000000000222,-0.015569246460971716,0.004989012328646332,0.00997528145959782,0.011625774230415468,0.012162716683140413,0.01232237342745529,0.012352686174130512,0.012338256447127858,0.012307414661377771,0.0122690798450611,0.01222581186957347,0.012178340349561275,0.012127073254141604,0.012072517475820829,0.012015288233745843,0.01195607763713072,0.01189561395533092,0.011834586132197763,0.011773633551105434,0.01171331869096562,0.011654021854284564,0.011595820026944216,0.011538212151340757,0.011479581923049199,0.011416391710908561,0.011341924221188003,0.011244541036957942,0.01110573606746373,0.010898440762103037,0.01058657100432513,0.010126824861797333,0.009470892386881126,0.008556795153187122,0.007273072971413375,0.005535132411884903,0.004278794347838316
5.905000000000223,-0.015532760870789676,0.005014395515882161,0.009997360465719914,0.011646340055201541,0.012182442107647637,0.01234154762286602,0.012371453282875854,0.012356698565828383,0.012325583447515862,0.012287009777786004,0.012243526447342695,0.012195855391452999,0.012144398889292371,0.012089659469401305,0.01203224894843839,0.011972856733494961,0.011912208897238217,0.011850992559098241,0.011789845523321527,0.011729328842005513,0.011669821506531506,0.011611399296943246,0.011553560132689957,0.011494687087569361,0.01143124267806393,0.011356511137234347,0.011258857830601175,0.011119783735438806,0.010912231644989709,0.010600133588091054,0.010140208242335306,0.009484170537643562,0.008570076638147484,0.007286529266629467,0.005548990522664713,0.004292853050537478
5.910000000000224,-0.015496262020397791,0.005039796916105944,0.010019459375009932,0.011666927242331473,0.012202190308248888,0.012360745990833335,0.012390245942843391,0.012375167597450857,0.012343780496370511,0.012304969318549776,0.012261271982027233,0.012213402750256985,0.012161758219202855,0.01210683655907342,0.012049246188714235,0.011989673816934497,0.011928843322957561,0.011867440004564338,0.011806100089299519,0.011745383204759536,0.011685667033360887,0.01162702615130685,0.011568957456777764,0.011509843402608315,0.011446146652161766,0.011371152961681098,0.011273231470718311,0.011133890208412246,0.01092608328438764,0.01061375882925231,0.01015365606470694,0.009497514702857576,0.008583425365319933,0.007300053522315349,0.0055629167169635296,0.004306979766830135
5.915000000000225,-0.015459750169350063,0.005065216273765523,0.010041577933446582,0.011687535535956523,0.012221961025289184,0.012379968266695185,0.012409063883563255,0.012393663265226531,0.012362005524467621,0.012322958176807428,0.012279048175703727,0.01223098212047067,0.012179150930539655,0.012124048423427469,0.012066279624883453,0.012006528549267651,0.01194551688555743,0.011883928112659044,0.01182239688389601,0.011761481404673261,0.011701558050604053,0.011642700196046426,0.011584403719523934,0.011525050453789574,0.011461103208347843,0.011385849259056873,0.01128766151106094,0.01114805502936449,0.010939995212595767,0.010627446249692559,0.010167167840962547,0.0095109243857349,0.00859684083080349,0.007313645229852225,0.005576910484418185,0.004321173986878035
5.9200000000002255,-0.015423225575485403,0.0050906533350279295,0.010063715888639194,0.011708164681821667,0.012241754000717687,0.01239921418740662,0.012427906836275048,0.012412185294078979,0.012380258250002898,0.012340976063747119,0.012296854732299738,0.012248593198458281,0.012196576711846456,0.012141294743000743,0.012083348929196413,0.01202342059424039,0.011962229240088986,0.011900456529529,0.011838735544148877,0.011777623069422155,0.011717494176336583,0.011658421039411738,0.01159989851918697,0.011540307829139647,0.011476111924259295,0.011400599596420084,0.011302147507982325,0.011162277743883363,0.010953966964542523,0.01064119537396721,0.010180743085884039,0.009524399092324663,0.008610322533482553,0.007327303883451269,0.0055909713175110575,0.004335435203674975
5.925000000000226,-0.01538668849493461,0.005116107847678856,0.01008587298980398,0.011728814427296109,0.012261568978130471,0.012418483491589373,0.012446774533825714,0.012430733410605237,0.012398538392958049,0.012359022692351096,0.01231469135751229,0.012266235682407577,0.012214035253573445,0.01215857520023339,0.012100453775896301,0.0120403496176702,0.01197898004370715,0.011917024903441634,0.011855115709187574,0.011793807828837162,0.01173347503086191,0.011674188291970145,0.011615441456354673,0.011555615119109526,0.011491172379954322,0.011415403543300355,0.011316689020383897,0.011176557900198126,0.01096799807787259,0.010655005729388083,0.01019438131702755,0.009537938331435262,0.008623869975115725,0.007341028980204745,0.005605098711593595,0.004349762913049235
5.930000000000227,-0.015350139182135432,0.005141579561141745,0.010108048987770882,0.011749484521334933,0.012281405702685377,0.012437775919449556,0.012465666710754589,0.012449307343106338,0.012416845674957685,0.012377097777313481,0.012332557758834399,0.012283909272317386,0.01223152624799529,0.012175889479454695,0.01211759384114687,0.012057315287320356,0.011995768955573496,0.01193363288473925,0.011871537020350166,0.011810035314946735,0.01174950023673637,0.011690001566565971,0.01163103213396383,0.011570971916493141,0.011506284157947189,0.011430260671745286,0.01133128560972323,0.011190895049139673,0.01098208809281631,0.010668876845931473,0.010208082054657413,0.009551541614661704,0.008637482660260931,0.007354820020034027,0.005619292164867223,0.004364156613714488
5.935000000000228,-0.015313577889862042,0.005167068226452109,0.01013024363495357,0.011770174714494694,0.012301263921183749,0.012457091212862762,0.01248458310319488,0.012467906821517523,0.012435179819364848,0.012395201035088217,0.012350453645496758,0.012301613669995827,0.012249049389247505,0.012193237266901876,0.012134768803047232,0.012074317272942958,0.01201259563687162,0.011950280125830687,0.011887999121007964,0.011826305161951415,0.01176556941872134,0.011705860478329088,0.011646670157289684,0.011586377816500038,0.011521446843173511,0.01144517055625367,0.011345936839936963,0.011205288744057521,0.010996236552295115,0.010682808256281748,0.010221844821835187,0.0095652084564053,0.008651160096274587,0.007368676505685774,0.0056335511783233965,0.004378615807129997
5.940000000000229,-0.015277004869199879,0.005192573596266622,0.01015245668534143,0.011790884758880934,0.012321143381954284,0.012476429115242813,0.012503523448951559,0.012486531577443923,0.01245354055123968,0.012413332183830459,0.012368378728512059,0.012319348579055867,0.012266604373309262,0.012210618250709019,0.012151978341649241,0.01209135524628948,0.01202945975081295,0.011966966281171873,0.011904501656689784,0.011842617006202746,0.011781682203776128,0.01172176464462616,0.011662355133871802,0.011601832416664654,0.011536660022964518,0.011460132773782437,0.01136064227753234,0.011219738540929421,0.011010443001800912,0.01069679949576532,0.010235669144264015,0.009578938373789302,0.008664901793309119,0.007382597942689438,0.005647875255793745,0.004393139997587538
5.945000000000229,-0.015240420369584404,0.00521809542486419,0.01017468789452302,0.011811614408195843,0.012341043834959993,0.012495789371641216,0.012522487487416118,0.012505181344151845,0.012471927597288606,0.012431490943427907,0.012386332720692735,0.012337113704925792,0.012284190897997963,0.012228032120836186,0.012169222138874038,0.012108428881036581,0.012046360962616603,0.011983691007301399,0.011921044275025553,0.011858970486197055,0.011797838221076279,0.011737713685057695,0.01167808667356586,0.011617335316869157,0.011551923287057238,0.011475146903777197,0.011375401491483698,0.011234243998259983,0.011024706989447313,0.010710850102385004,0.010249554550390859,0.009592730886671931,0.00867870726428641,0.0073965838393914,0.005662263903899373,0.004407728692182867
5.95000000000023,-0.015203824638786232,0.005243633468092114,0.01019693701966421,0.011832363417707322,0.012360965031707886,0.012515171728677285,0.012541474959592748,0.012523855856521812,0.012490340685905849,0.01244967703544965,0.012404315336489622,0.012354908754764728,0.012301808662935123,0.012245478569153317,0.012186499878598727,0.012125537852820443,0.012063298939498264,0.012000453962790512,0.011937626625722966,0.011875365242565997,0.01181403710195871,0.011753707221473307,0.011693864388516812,0.011632886119358683,0.011567236227575732,0.011490212528088914,0.01139021405328,0.011248804677099117,0.011039028065954127,0.010724959616778952,0.010263500571337895,0.00960658551767631,0.00869257602488548,0.007410633706901975,0.00567671663202251,0.004422381400764215
5.955000000000231,-0.015167217922952145,0.0052691874834001895,0.010219203819431505,0.011853131544209524,0.012380906725264616,0.012534575934572394,0.012560485608108723,0.012542554851090262,0.012508779547147084,0.0124678901832031,0.01242232629217725,0.012372733437538065,0.012319457369568958,0.012262957289364638,0.01220381124655616,0.01214268183920919,0.012080273350627908,0.01201725480821516,0.011954248360541236,0.01189180091805933,0.011830278479928485,0.011769744877928867,0.011709687893099518,0.011648484428653122,0.011582598439013,0.011505329230988128,0.011405079536854195,0.01126342014103826,0.011053405784613871,0.01073912758220077,0.010277506740910484,0.009620501792106334,0.008706507593533237,0.007424747059112034,0.005691232952352759,0.004437097635938065
5.960000000000232,-0.015130600466583015,0.005294757229805795,0.010241488054101333,0.011873918546048043,0.012400868670243906,0.012554001739078436,0.012579519177171873,0.012561278065986156,0.01252724391272914,0.01248613011164307,0.01244036530571102,0.012390587463972334,0.012337136721149562,0.012280467977007724,0.012221155930389388,0.012159860519734708,0.012097283867187362,0.012034093206191733,0.011970909133330366,0.011908277157553665,0.011846561990691522,0.01178582628072617,0.011725556804028588,0.01166412985161809,0.011598009518223413,0.011520496599170076,0.011419997518639492,0.011278089956165046,0.011067839701257569,0.010753353544535979,0.010291572595550275,0.00963447923797501,0.00872050149138486,0.007438923412659648,0.005705812379800519,0.004451876913086166
5.965000000000233,-0.015093972512555676,0.005320342467912547,0.01026378948545563,0.011894724183115598,0.01242085062281601,0.012573448893547022,0.012598575412564726,0.012580025240982529,0.012545733516004288,0.0125043965474196,0.012458432096784919,0.01240847054654305,0.012354846422701127,0.01229801032947281,0.012238533619590895,0.012177073575778616,0.01211433016228957,0.012050968821332502,0.011987608600009643,0.011924793608017393,0.011862887272041557,0.01180195105832049,0.011741470740179717,0.011679821997404928,0.01161346906442572,0.011535714221746417,0.011434967577499136,0.011292813691086452,0.011082329374331202,0.01076763705228578,0.010305697674375634,0.009648517385996877,0.008734557242330163,0.007453162286893534,0.005720454432036764,0.004466718750278385
5.970000000000233,-0.015057334302140802,0.005345942959870427,0.010286107876835045,0.01191554821681837,0.012440852340680045,0.012592917150870069,0.012617654061673264,0.01259879611744532,0.012564248091973661,0.01252268921885914,0.012476526386764868,0.012426382399440378,0.01237258618104273,0.012315584045953986,0.012255944005549703,0.012194320690710862,0.012131411911018413,0.012067881320256737,0.012004346418491917,0.011941349918494009,0.011879253963967804,0.011818118841371645,0.011757429322718236,0.011695560477447513,0.011628976679131731,0.011550981690198974,0.011449989294748152,0.0113075909168922,0.011096874364755122,0.010781977656494336,0.010319881519125688,0.009662615769550988,0.008748674372951262,0.007467463203928668,0.005735158629454898,0.00448162266835088
5.975000000000234,-0.015020686074994538,0.005371558469385259,0.010308442993073264,0.011936390410098472,0.012460873583046346,0.012612406265438702,0.012636754873402848,0.012617590438308533,0.012582787377219105,0.012541007855934323,0.012494647898751345,0.012444322738650275,0.01239035570477392,0.012333188827468382,0.012273386781477895,0.012211601549727964,0.012148528790378341,0.012084830371551843,0.012021122248760455,0.01195794574012614,0.011895661708536105,0.011834329262713552,0.011773432175012262,0.01171134490547119,0.011644531966231261,0.011566298598356974,0.011465062254110151,0.011322421207143642,0.011111474236024118,0.01079637491082514,0.010334123674175395,0.009676773924680304,0.008762852412528766,0.007481825688570828,0.005749924495173176,0.004496588190826666
5.980000000000235,-0.014984028069201804,0.005397188761692028,0.010330794600542826,0.011957250527383332,0.012480914110672973,0.012631915993258682,0.01265587759828222,0.012636407948142126,0.01260135111000466,0.012559352190270682,0.01251279635749669,0.012462291281810253,0.012408154704244253,0.012350824376832485,0.012290861642447495,0.012228915839944158,0.012165680479333339,0.012101815645809423,0.012037935752800938,0.011974580726105973,0.011912110149964074,0.011850581957341021,0.01178947892263476,0.011727174897436164,0.01166013453189595,0.01158166454247837,0.011480186041750506,0.01133730413789241,0.011126128554120446,0.01081082837148453,0.010348423686471797,0.009690991390059394,0.008777090893000406,0.007496249268312053,0.005764751554979419,0.004511614843902407
5.985000000000236,-0.01494736052122038,0.005422833603591582,0.010353162467116518,0.011978128334608724,0.012500973685809358,0.012651446091792643,0.012675021988317825,0.012655248393039605,0.012619939030163724,0.012577721955140298,0.012530971489459714,0.012480287748319528,0.012425982891551559,0.012368490398658321,0.012308368285378237,0.012246263250384599,0.012182866658749118,0.01211883681556528,0.012054786594632442,0.011991254531714736,0.011928598934557015,0.011866876562411404,0.01180556919340021,0.011743050071575967,0.011675783984601083,0.0115970791211237,0.011495360246204673,0.011352239287607334,0.011140836887556195,0.010825337597249601,0.010362781105611172,0.009705267707017778,0.008791389349002445,0.0075107334733498675,0.005779639337396137,0.004526702156491932
5.9900000000002365,-0.014910683665974473,0.005448492763356911,0.010375546362158991,0.011999023599218374,0.012521052072194675,0.012670996320068687,0.01269418779712718,0.012674111520715108,0.012638550879129455,0.012596116885444084,0.01254917302274429,0.012498311859285936,0.012443839980566777,0.01238618659936649,0.012325906408994673,0.01226364347187664,0.01220008701139991,0.012135893555293351,0.012071674440231984,0.012007966814228535,0.011945127710706075,0.011883212717207657,0.011821702617247708,0.011758970048337616,0.011691479935121101,0.011612541935187005,0.011510584458417053,0.011367226237228313,0.011155598807296574,0.010839902149402156,0.010377195483695895,0.009719602419494032,0.008805747317800167,0.007525277836546163,0.005794587373587937,0.004541849660163367
5.995000000000237,-0.014873997736805677,0.005474166010824742,0.010397946056512428,0.012019936090110914,0.012541149035077697,0.012690566438590836,0.012713374779794489,0.012692997080398689,0.012657186399930378,0.012614536717714325,0.012567400687135787,0.012516363337486076,0.01246172568684777,0.012403912687087069,0.012343475713839796,0.012281056197146907,0.012217341221959699,0.012152985541467766,0.012088598957631258,0.012024717233013953,0.011961696128900497,0.011899590063137951,0.011837878826358682,0.011774934450429686,0.011707221996489561,0.011628052587937462,0.011525858271713985,0.01138226457009369,0.011170413886815438,0.010854521591766798,0.01039166637548726,0.009733995074044365,0.008820164339299752,0.0075398818934012445,0.005809595197383807,0.0045570568891170875
6.000000000000238,-0.014837302965488856,0.005499853117316482,0.010420361322540019,0.012040865577691478,0.012561264341193252,0.012710156209381705,0.01273258269298765,0.01271190482288951,0.012675845337192673,0.012632981190098551,0.012585654214043795,0.012534441907386375,0.01247963972773072,0.012421668371769942,0.012361075902258668,0.01229850112075144,0.012234628977022504,0.012170112452426853,0.012105559816761868,0.012041505449422193,0.011978303841700972,0.01191600824375723,0.011854097455033638,0.011790942902743245,0.01172300978402898,0.011643610684907081,0.011541181281769553,0.011397353871977446,0.011185281702040755,0.010869195490687395,0.010406193338229104,0.009748445219809096,0.008834639956048374,0.007554545182082337,0.005824662345261645,0.004572323380208836
