0.0,-80.0,-80.0,-80.0,-80.0,-80.0,-80.0,-80.0,-80.0,-80.0,-80.0,-80.0,-80.0,-80.0,-80.0,-80.0,-80.0,-80.0,-80.0,-80.0,-80.0,-80.0,-80.0,-80.0,-80.0,-80.0,-80.0,-80.0,-80.0,-80.0,-80.0,-80.0,-80.0,-80.0,-80.0,-80.0,-80.0
0.005,-79.99846947822505,-79.99819681914498,-79.9981028696784,-79.99807501445252,-79.99806675561258,-79.99806430693607,-79.9980635809241,-79.99806336566768,-79.99806330184595,-79.99806328292335,-79.99806327731295,-79.99806327564953,-79.99806327515633,-79.9980632750101,-79.99806327496675,-79.99806327495389,-79.99806327495008,-79.99806327494895,-79.9980632749486,-79.9980632749485,-79.99806327494849,-79.99806327494848,-79.99806327494848,-79.99806327494848,-79.99806327494848,-79.99806327494849,-79.99806327494852,-79.99806327494865,-79.99806327494906,-79.99806327495044,-79.99806327495513,-79.99806327497092,-79.9980632750242,-79.99806327520386,-79.99806327580986,-79.99806327749111
0.01,-79.99829044267373,-79.9973422813983,-79.99700755049294,-79.99689922057004,-79.99686440802591,-79.99685328775988,-79.99684975390466,-79.99684863594011,-79.99684828365747,-79.99684817303701,-79.99684813840912,-79.99684812759972,-79.99684812423396,-79.99684812318836,-79.99684812286421,-79.99684812276391,-79.99684812273291,-79.99684812272336,-79.99684812272042,-79.99684812271951,-79.99684812271924,-79.99684812271916,-79.99684812271913,-79.99684812271913,-79.99684812271914,-79.9968481227192,-79.99684812271937,-79.99684812271995,-79.99684812272177,-79.9968481227274,-79.99684812274488,-79.99684812279872,-79.99684812296293,-79.99684812345818,-79.9968481249309,-79.99684812871138
0.015000000000000001,-79.99826197609806,-79.99687213596361,-79.99632301321678,-79.99612381993862,-79.99605309502046,-79.99602840639197,-79.99601990645516,-79.9960170135475,-79.9960160385191,-79.99601571263834,-79.99601560451181,-79.99601556886495,-79.99601555717959,-79.99601555336844,-79.99601555213111,-79.99601555173105,-79.99601555160218,-79.99601555156082,-79.99601555154757,-79.99601555154335,-79.99601555154202,-79.99601555154159,-79.99601555154146,-79.99601555154143,-79.99601555154148,-79.99601555154166,-79.9960155515422,-79.99601555154382,-79.99601555154862,-79.99601555156278,-79.99601555160417,-79.99601555172397,-79.99601555206678,-79.99601555303559,-79.9960155557355,-79.99601556268078
0.02,-79.99825555169183,-79.9965685335325,-79.99585002120459,-79.99556733504613,-79.99545896290954,-79.99541830703653,-79.99540333170316,-79.99539790130753,-79.99539595857,-79.99539527169757,-79.99539503135288,-79.99539494802282,-79.99539491936736,-79.99539490958566,-79.99539490626874,-79.99539490515075,-79.995394904776,-79.99539490465102,-79.99539490460953,-79.99539490459581,-79.9953949045913,-79.99539490458983,-79.99539490458936,-79.99539490458925,-79.99539490458935,-79.99539490458976,-79.99539490459102,-79.99539490459465,-79.995394904605,-79.99539490463444,-79.99539490471729,-79.99539490494863,-79.99539490558911,-79.99539490734742,-79.99539491213606,-79.99539492499892
0.024999999999999998,-79.99825295699638,-79.99634473872085,-79.99549049859525,-79.99513472383899,-79.99499034158751,-79.99493306276395,-79.99491078726507,-79.9949022749207,-79.99489907204715,-79.99489788341349,-79.99489744768871,-79.9948972897171,-79.99489723301248,-79.99489721284105,-79.9948972057242,-79.99489720323201,-79.99489720236531,-79.99489720206577,-79.99489720196286,-79.9948972019277,-79.99489720191575,-79.99489720191173,-79.9948972019104,-79.99489720191006,-79.99489720191022,-79.9948972019111,-79.99489720191367,-79.99489720192096,-79.99489720194128,-79.9948972019977,-79.99489720215328,-79.99489720258015,-79.99489720374535,-79.99489720691228,-79.99489721549031,-79.99489723946274
0.029999999999999995,-79.99825124006972,-79.99616402141619,-79.99519617500547,-79.9947760831537,-79.99459814827425,-79.99452443067965,-79.99449449342683,-79.99448255267362,-79.99447786682627,-79.99447605484822,-79.9944753634639,-79.99447510284163,-79.99447500568083,-79.99447496982442,-79.99447495671447,-79.99447495196206,-79.99447495025285,-79.99447494964262,-79.99447494942622,-79.99447494934998,-79.99447494932328,-79.994474949314,-79.99447494931086,-79.99447494930997,-79.99447494931024,-79.99447494931192,-79.99447494931688,-79.99447494933068,-79.99447494936864,-79.99447494947249,-79.99447494975561,-79.99447495052459,-79.99447495260685,-79.99447495823026,-79.99447497338346,-79.99447501653208
0.034999999999999996,-79.99824986727512,-79.9960096061392,-79.99494273601434,-79.99446487855562,-79.99425566946495,-79.99416598161702,-79.99412826870848,-79.99411268994747,-79.994106358657,-79.99410382385467,-79.99410282290518,-79.99410243263023,-79.99410228223016,-79.9941022248937,-79.99410220325314,-79.99410219516078,-79.99410219216068,-79.99410219105735,-79.9941021906546,-79.99410219050861,-79.99410219045608,-79.99410219043732,-79.99410219043078,-79.99410219042886,-79.99410219042926,-79.99410219043234,-79.99410219044147,-79.99410219046658,-79.99410219053489,-79.99410219071984,-79.99410219121903,-79.99410219256218,-79.99410219616568,-79.99410220580587,-79.99410223152094,-79.9941023048236
0.04,-79.99824871344077,-79.9958731677863,-79.99471741919639,-79.99418662585295,-79.99394800947486,-79.99384285309728,-79.99379736105004,-79.99377801623395,-79.99376992061393,-79.99376658264622,-79.99376522522545,-79.99376468026375,-79.99376446408061,-79.99376437927278,-79.99376434634725,-79.99376433368796,-79.99376432886473,-79.99376432704264,-79.9937643263598,-79.9937643261058,-79.99376432601201,-79.99376432597771,-79.99376432596546,-79.99376432596173,-79.99376432596233,-79.99376432596779,-79.99376432598395,-79.99376432602796,-79.9937643261464,-79.99376432646363,-79.99376432731033,-79.99376432956232,-79.99376433553084,-79.99376435128903,-79.99376439272277,-79.99376450971758
0.045000000000000005,-79.99824772912739,-79.99575018824574,-79.99451312945492,-79.99393308178387,-79.9936665556077,-79.99354638348058,-79.9934931498723,-79.99346995588958,-79.99346000581342,-79.99345579890772,-79.99345404430139,-79.99345332178852,-79.99345302781822,-79.99345290954889,-79.99345286246768,-79.9934528439108,-79.99345283666482,-79.99345283386026,-79.99345283278377,-79.9934528323738,-79.99345283221889,-79.99345283216091,-79.99345283213975,-79.99345283213316,-79.99345283213408,-79.99345283214343,-79.99345283217093,-79.99345283224513,-79.99345283244237,-79.99345283296424,-79.99345283433917,-79.99345283794646,-79.99345284736846,-79.99345287185864,-79.99345293517776,-79.99345311132447
0.05000000000000001,-79.99824688325229,-79.9956379729249,-79.99432562883234,-79.99369927798863,-79.99340607139831,-79.9932712776958,-79.99321035269425,-79.99318325110406,-79.99317137500398,-79.99316624391784,-79.99316405639868,-79.99316313546318,-79.9931627523316,-79.99316259471753,-79.99316253056129,-79.9931625047071,-79.99316249438647,-79.99316249030343,-79.9931624887018,-79.99316248807861,-79.99316248783806,-79.99316248774615,-79.99316248771193,-79.99316248770111,-79.99316248770263,-79.99316248771807,-79.9931624877631,-79.99316248788314,-79.99316248819828,-79.99316248902076,-79.99316249115698,-79.99316249667785,-79.99316251087029,-79.99316254714425,-79.99316263927487,-79.99316289116912
0.055000000000000014,-79.99824615217037,-79.99553475721216,-79.99415217327218,-79.99348200381499,-79.99316316686696,-79.99301410050963,-79.9929455382877,-79.99291448553399,-79.99290062431389,-79.99289452145152,-79.99289186919636,-79.9928907306689,-79.99289024761478,-79.9928900449247,-79.9928899607662,-79.99288992617049,-79.99288991208341,-79.99288990639884,-79.9928899041246,-79.99288990322219,-79.99288990286706,-79.99288990272876,-79.99288990267638,-79.99288990265963,-79.9928899026622,-79.99288990268681,-79.99288990275772,-79.99288990294438,-79.99288990342782,-79.99288990467156,-79.99288990785391,-79.99288991595041,-79.99288993642536,-79.99288998786677,-79.9928901162009,-79.99289046077426
0.06000000000000002,-79.99824551690593,-79.99543928391009,-79.99399083722265,-79.99327902405768,-79.99293548941623,-79.99277247005962,-79.99269632806032,-79.99266129127882,-79.99264539500112,-79.99263827858456,-79.99263513287524,-79.99263375901806,-79.99263316583877,-79.99263291250621,-79.99263280543288,-79.99263276062354,-79.99263274204758,-79.99263273441593,-79.9926327313075,-79.99263273005187,-79.99263272954887,-79.99263272934955,-79.99263272927291,-79.99263272924821,-79.99263272925256,-79.99263272929038,-79.99263272939798,-79.99263272967751,-79.99263273039139,-79.99263273220137,-79.99263273676274,-79.99263274818634,-79.99263277660668,-79.9926328468113,-79.99263301891216,-79.9926334727164
0.06500000000000002,-79.99824496199007,-79.99535059392389,-79.99384017035672,-79.99308867009873,-79.99272129196781,-79.99254462227209,-79.99246096262175,-79.99242191799404,-79.99240394415561,-79.9923957771381,-79.99239211183092,-79.99239048613286,-79.9923897731298,-79.99238946375282,-79.9923893308792,-79.99238927436727,-79.9923892505563,-79.99238924061312,-79.99238923649648,-79.99238923480623,-79.99238923411804,-79.992389233841,-79.99238923373295,-79.99238923369802,-79.99238923370511,-79.99238923376132,-79.99238923391903,-79.9923892343233,-79.99238923534135,-79.99238923788526,-79.99238924420057,-79.99238925977367,-79.9923892979041,-79.99238939056065,-79.99238961389742,-79.99239019252872
0.07000000000000002,-79.99824447472893,-79.99526791750975,-79.9936990176104,-79.99290962192636,-79.99251919910635,-79.99232917252411,-79.99223806336954,-79.9921949954275,-79.99217490803441,-79.99216565746197,-79.99216144865322,-79.99215955569049,-79.99215871362749,-79.99215834296575,-79.99215818144124,-79.99215811172864,-79.99215808191809,-79.992158069283,-79.99215806397312,-79.99215806176005,-79.99215806084548,-79.99215806047191,-79.99215806032439,-79.99215806027667,-79.99215806028782,-79.99215806036878,-79.9921580605927,-79.99215806115915,-79.99215806256599,-79.99215806603168,-79.99215807451023,-79.99215809510605,-79.9921581447643,-79.99215826354653,-79.99215854527587,-79.99215926295797
0.07500000000000002,-79.99824404466086,-79.9951906147116,-79.99356642117186,-79.99274078869007,-79.99232807772724,-79.9921249827705,-79.99202649892995,-79.99197940009317,-79.99195716908648,-79.99194680570028,-79.99194203151423,-79.99193985686054,-79.99193887693667,-79.99193843991013,-79.99193824692487,-79.99193816251045,-79.9919381259215,-79.99193811020059,-79.99193810350266,-79.99193810067237,-79.99193809948657,-79.99193809899573,-79.99193809879971,-79.99193809873636,-79.99193809875328,-79.99193809886656,-79.99193809917546,-79.9919380999468,-79.99193810183694,-79.99193810642929,-79.99193811750641,-79.99193814402882,-79.991938207041,-79.99193835551688,-79.99193870231764,-79.99193957163735
0.08000000000000003,-79.99824366313263,-79.99511814073199,-79.99344156453192,-79.99258124081065,-79.99214696332554,-79.99193108549221,-79.99182530843747,-79.99177417852184,-79.99174977933299,-79.99173827728751,-79.99173291773255,-79.99173044790041,-79.99172932173394,-79.99172881342372,-79.99172858621417,-79.9917284855989,-79.99172844144208,-79.99172842222997,-79.99172841394049,-79.99172841039291,-79.99172840888762,-79.99172840825683,-79.99172840800234,-79.99172840792032,-79.99172840794509,-79.99172840809943,-79.99172840851466,-79.99172840953848,-79.99172841201501,-79.99172841795247,-79.99172843208112,-79.99172846544587,-79.99172854360799,-79.99172872516827,-79.99172914312791,-79.99173017490124
0.08500000000000003,-79.99824332296275,-79.99505002443058,-79.9933237386971,-79.99243016954539,-79.9919750162892,-79.99174663859057,-79.99163365595646,-79.99157850159652,-79.99155191473787,-79.99153925136852,-79.99153328822713,-79.99153051062616,-79.99152923024515,-79.99152864589631,-79.99152838175068,-79.9915282634424,-79.99152821092072,-79.99152818780249,-79.99152817771026,-79.99152817334004,-79.99152817146381,-79.99152817066863,-79.99152817034488,-79.99152817024084,-79.99152817027593,-79.99152817048127,-79.99152817102657,-79.99152817235483,-79.99152817552792,-79.991528183039,-79.99152820068176,-79.99152824179993,-79.99152833684646,-79.99152855465256,-79.99152904919899,-79.99153025244051
0.09000000000000004,-79.99824301817185,-79.99498585403572,-79.99321232045541,-79.99228686151596,-79.9918114946611,-79.99157089739242,-79.99145080221254,-79.9913916362167,-79.99136284687607,-79.99134900248559,-79.99134241921875,-79.99133932212196,-79.99133787995798,-79.991337214983,-79.99133691124666,-79.99133677376446,-79.99133671207639,-79.9913366846293,-79.9913366725164,-79.99133666721346,-79.99133666491181,-79.99133666392605,-79.99133666352132,-79.99133666339176,-79.99133666343998,-79.99133666370739,-79.99133666440868,-79.99133666609707,-79.99133667008255,-79.99133667940231,-79.99133670102425,-79.99133675078821,-79.99133686436782,-79.99133712131682,-79.99133769718756,-79.99133907915578
0.09500000000000004,-79.99824274376557,-79.99492526702021,-79.9931067574561,-79.99215068163889,-79.99165573616081,-79.99140319631505,-79.99127608613547,-79.99121292681117,-79.99118192444695,-79.99116688209821,-79.99115966375516,-79.9911562362678,-79.99115462515049,-79.99115387513265,-79.99115352921311,-79.99115337109146,-79.99115329943375,-79.99115326722892,-79.99115325287146,-79.99115324652142,-79.99115324373709,-79.9911532425329,-79.9911532420347,-79.9911532418759,-79.99115324194042,-79.99115324228195,-79.99115324316706,-79.9911532452744,-79.99115325019226,-79.99115326155925,-79.99115328762151,-79.99115334689358,-79.99115348055149,-79.99115377925577,-79.99115444049583,-79.99115600679004
0.10000000000000005,-79.99824249555911,-79.99486794251939,-79.99300655732533,-79.99202106095744,-79.99150714558074,-79.9912429361396,-79.99110891211029,-79.99104178259236,-79.99100856053474,-79.99099230584768,-79.99098443897694,-79.99098067100533,-79.99097888415628,-79.9909780448525,-79.99097765422391,-79.99097747401649,-79.99097739158668,-79.99097735419058,-79.99097733735974,-79.99097732984427,-79.99097732651741,-79.99097732506542,-79.99097732446043,-79.99097732426846,-79.99097732435276,-79.99097732478138,-79.99097732587981,-79.9909773284674,-79.99097733444037,-79.9909773480937,-79.99097737904825,-79.99097744865186,-79.99097760381783,-79.99097794659644,-79.9909786965773,-79.99098045126618
0.10500000000000005,-79.99824227003477,-79.99481359539715,-79.99291127930547,-79.9918974874695,-79.99136518543004,-79.99108957466049,-79.99094874066384,-79.9908776682702,-79.99084222333583,-79.99082474428873,-79.99081621684967,-79.99081209906892,-79.99081013009446,-79.99080919743703,-79.99080875964412,-79.99080855592725,-79.9908084619261,-79.990808418902,-79.9908083993647,-79.99080839056204,-79.99080838663039,-79.99080838489975,-79.99080838417393,-79.99080838394461,-79.99080838405246,-79.99080838458192,-79.9908083859246,-79.99080838905553,-79.99080839620785,-79.9908084123847,-79.99080844866991,-79.99080852938297,-79.9908087073642,-79.99080909624328,-79.99080993769614,-79.99081188346331
0.11000000000000006,-79.99824206422625,-79.99476197144568,-79.9928205275671,-79.99177949888708,-79.99122936863826,-79.99094261945906,-79.99079508130752,-79.9907200969363,-79.99068242906208,-79.99066371579937,-79.9906545170744,-79.9906500408951,-79.99064788377764,-79.99064685387494,-79.99064636653614,-79.99064613791177,-79.99064603154537,-79.9906459824548,-79.99064595997454,-79.99064594975988,-79.990645945159,-79.99064594311749,-79.99064594225602,-79.990645941985,-79.99064594212037,-79.99064594276514,-79.99064594438403,-79.99064594812275,-79.9906459565789,-79.99064597551238,-79.99064601754955,-79.99064611009989,-79.99064631207767,-79.99064674879749,-79.99064768385577,-79.99064982215111
0.11500000000000006,-79.99824187562403,-79.99471284340915,-79.9927339456956,-79.99166667671429,-79.99109925263778,-79.99080162208375,-79.99064748680048,-79.99056862437615,-79.9905287362759,-79.99050878092413,-79.99049890143236,-79.9904940589662,-79.99049170805417,-79.99049057719031,-79.99049003800032,-79.99048978309865,-79.99048966358048,-79.99048960798437,-79.99048958232198,-79.99048957056783,-79.99048956523129,-79.99048956284538,-79.99048956183283,-79.99048956151547,-79.99048956168257,-79.99048956245764,-79.9904895643856,-79.9904895687972,-79.99048957868094,-79.9904896005983,-79.99048964878892,-79.99048975385125,-79.99048998088077,-79.99049046690753,-79.99049149715462,-79.99049382834394
0.12000000000000006,-79.99824170209806,-79.99466600763405,-79.9926512120476,-79.99155864127682,-79.99097443442155,-79.99066617321283,-79.99050554839887,-79.99042284436995,-79.99038074121577,-79.9903595377089,-79.99034896912195,-79.99034375314687,-79.99034120314359,-79.99033996777713,-79.99033937450862,-79.99033909199039,-79.99033895854299,-79.99033889600297,-79.99033886691724,-79.99033885349384,-79.99033884735337,-79.9903388445884,-79.9903388434086,-79.99033884304013,-79.99033884324324,-79.99033884416407,-79.99033884643451,-79.99033885158433,-79.9903388630177,-79.99033888813884,-79.99033894286266,-79.990339061057,-79.9903393140694,-79.9903398506102,-79.99034097712929,-79.99034350063761
0.12500000000000006,-79.99824154183429,-79.99462128121404,-79.99257203578082,-79.99145504747283,-79.99085454632737,-79.99053589854012,-79.99036889182557,-79.99028238471318,-79.99023807384229,-79.99021561775716,-79.99020435281778,-79.99019875674304,-79.99019600269457,-79.99019465945621,-79.9901940099611,-79.99019369851938,-79.990193550376,-79.99019348045533,-79.99019344770373,-79.99019343247939,-79.99019342546515,-79.99019342228534,-79.99019342092153,-79.99019342049687,-79.9901934207404,-79.99019342182275,-79.9901934244695,-79.99019343042258,-79.9901934435252,-79.99019347206148,-79.9901935336751,-79.99019366556621,-79.99019394537238,-79.99019453339218,-79.9901957568163,-79.99019847126166
0.13000000000000006,-79.99824139328265,-79.99457849953593,-79.99249615342363,-79.99135558109357,-79.99073925238811,-79.99041045521801,-79.99023717379167,-79.99014690378696,-79.99010039443318,-79.99007668283554,-79.9900647152794,-79.99005873311074,-79.99005577039323,-79.9900543160828,-79.99005360829284,-79.99005326665457,-79.99005310306048,-79.9900530253251,-79.99005298866436,-79.99005297150585,-79.99005296354659,-79.99005295991512,-79.99005295834993,-79.99005295786381,-79.9900529581522,-79.99005295941205,-79.99005296246898,-79.99005296928978,-79.99005298417816,-79.99005301633146,-79.99005308516738,-79.99005323126518,-79.99005353856083,-79.99005417880045,-79.9900554993613,-79.9900584026778
0.13500000000000006,-79.99824125511401,-79.99453751415746,-79.99242332588896,-79.99125995560908,-79.9906282451389,-79.99028952874686,-79.99011007895716,-79.99001608756397,-79.98996739061344,-79.98994242191435,-79.98992974639552,-79.989923372701,-79.98992019700725,-79.98991862859013,-79.98991786051702,-79.98991748744419,-79.98991730765786,-79.98991722167729,-79.98991718086396,-79.98991716163678,-79.98991715266001,-79.98991714853916,-79.98991714675469,-79.98991714620156,-79.98991714653926,-79.98991714799271,-79.98991715149363,-79.98991715924558,-79.98991717603255,-79.98991721199458,-79.98991728836079,-79.98991744912142,-79.98991778449292,-79.98991847748745,-79.98991989506196,-79.98992298461124
0.14000000000000007,-79.99824112618467,-79.99449819096361,-79.99235333586087,-79.99116790934181,-79.99052124280374,-79.9901728302321,-79.98998731725221,-79.98988964697183,-79.98983877474106,-79.98981254856379,-79.9897991605838,-79.98979239046027,-79.98978899778633,-79.98978731238925,-79.98978648212436,-79.98978607641489,-79.989785879709,-79.98978578505705,-79.98978573984803,-79.98978571841681,-79.98978570834898,-79.98978570370018,-79.989785701678,-79.98978570105209,-79.98978570144348,-79.98978570310662,-79.98978570708509,-79.9897857158303,-79.98978573462458,-79.98978577457636,-79.98978585875626,-79.98978603458357,-79.98978639851448,-79.98978714461158,-79.98978865876576,-79.98979193143715
0.14500000000000007,-79.9982410055071,-79.99446040855945,-79.99228598549814,-79.99107920297034,-79.99041798680325,-79.99006009395242,-79.98986862150204,-79.98976731555582,-79.98971428159108,-79.98968679864782,-79.98967269448866,-79.98966552352933,-79.9896619101607,-79.98966010506717,-79.98965921078077,-79.98965877126913,-79.98965855693145,-79.98965845318698,-79.98965840334,-79.98965837956874,-79.98965836833534,-79.98965836311933,-79.98965836084052,-79.98965836013578,-79.98965836058517,-79.989658362474,-79.98965836696317,-79.98965837676216,-79.98965839766797,-79.98965844177957,-79.9896585340321,-79.9896587252797,-79.9896591181575,-79.98965991753525,-79.98966152756492,-79.98966497986466
0.15000000000000008,-79.99824089222562,-79.99442405686489,-79.99222109441044,-79.99099361731685,-79.99031823953858,-79.98995107519387,-79.98975374531085,-79.98964884739752,-79.98959366629374,-79.9895649282719,-79.98955010493283,-79.9895425291958,-79.9895386916937,-79.98953676433914,-79.98953580427944,-79.98953532983701,-79.98953509717107,-79.9895349839186,-79.98953492919266,-79.98953490294498,-79.98953489047082,-79.98953488464761,-79.98953488209277,-79.98953488130292,-79.9895348818145,-79.98953488394488,-79.98953488897727,-79.98953489988881,-79.98953492300558,-79.9895349714359,-79.98953507199595,-79.98953527896946,-79.9895357010925,-79.98953655377662,-79.98953825874509,-79.98954188687509
0.15500000000000008,-79.9982407855962,-79.99438903588329,-79.99215849786987,-79.99091095138081,-79.99022178241496,-79.989845548315,-79.98964246117087,-79.98953401525463,-79.98947670249242,-79.98944671194992,-79.98943116708804,-79.98942318306608,-79.98941911825386,-79.98941706622043,-79.98941603871225,-79.98941552824753,-79.98941527657317,-79.9894151534034,-79.98941509355913,-79.9894150646986,-79.9894150509079,-79.98941504443692,-79.98941504158626,-79.98941504070477,-79.98941504128254,-79.98941504367008,-79.98941504927754,-79.98941506135833,-79.98941508678058,-79.98941513967726,-79.98941524875634,-79.98941547171586,-79.98941592330024,-79.98941682918041,-79.98941862795279,-79.98942242788004
0.1600000000000001,-79.99824068496947,-79.99435525461982,-79.99209804522768,-79.990831020588,-79.99012841407506,-79.9897433050142,-79.98953455876749,-79.989422608894,-79.98936318069326,-79.98933194096239,-79.9893156728369,-79.98930727742847,-79.9893029823782,-79.98930080338945,-79.9892997068327,-79.98929915929126,-79.9892988879451,-79.98929875445536,-79.98929868925549,-79.98929865764579,-79.98929864246227,-79.98929863530249,-79.98929863213579,-79.98929863115586,-79.98929863180366,-79.98929863446364,-79.98929864067719,-79.98929865398183,-79.98929868179894,-79.9892987392985,-79.98929885708544,-79.98929909624813,-79.98929957743454,-79.98930053627993,-79.9893024275544,-79.98930639507145
0.1650000000000001,-79.99824058977694,-79.99432263012999,-79.9920395985098,-79.99075365522813,-79.99003794881688,-79.98964415277474,-79.98942984345729,-79.98931443359452,-79.98925290678322,-79.98922042188238,-79.98920342930248,-79.98919461978409,-79.98919009180334,-79.98918778371882,-79.98918661658672,-79.98918603095105,-79.98918573928684,-79.98918559508152,-79.98918552429105,-79.98918548979624,-79.98918547314335,-79.98918546525324,-79.98918546174994,-79.98918546066454,-79.98918546138597,-79.98918546433332,-79.98918547118306,-79.98918548576388,-79.98918551606005,-79.989185578288,-79.98918570494985,-79.98918596049265,-79.98918647135295,-79.98918748282657,-79.98918946516272,-79.98919359594038
0.1700000000000001,-79.998240499519,-79.99429108668076,-79.99198303116921,-79.99067869905889,-79.98995021517462,-79.98954791346713,-79.98932813489884,-79.9892093087999,-79.98914570069684,-79.98911197524978,-79.98909425752605,-79.98908503152583,-79.98908026814479,-79.98907782895454,-79.98907658979181,-79.98907596508096,-79.98907565246972,-79.98907549716064,-79.98907542054721,-79.98907538303192,-79.9890753648329,-79.9890753561706,-79.98907535230983,-79.98907535111164,-79.98907535191005,-79.98907535515926,-79.9890753626743,-79.98907537858126,-79.98907541143548,-79.98907547850652,-79.98907561418953,-79.98907588625183,-79.98907642679553,-79.98907749046768,-79.98907956231193,-79.98908385194471
0.1750000000000001,-79.99824041375525,-79.99426055501011,-79.99192822697576,-79.99060600805669,-79.98986505464381,-79.98945442209093,-79.9892292658189,-79.98910706690478,-79.9890413952147,-79.98900643437679,-79.98898799127578,-79.98897834674847,-79.98897334570752,-79.98897077352652,-79.9889694609473,-79.98896879621645,-79.98896846204671,-79.9889682952533,-79.98896821258747,-79.98896817191707,-79.98896815209511,-79.98896814261843,-79.988968138379,-79.98896813706045,-79.98896813793894,-79.98896814150402,-79.98896814971242,-79.98896816699306,-79.98896820247909,-79.98896827449747,-79.98896841932805,-79.98896870801435,-79.98896927819473,-79.98897039355549,-79.98897255326382,-79.98897699730905
0.1800000000000001,-79.99824033209615,-79.9942309716721,-79.99187507902714,-79.99053544929745,-79.9897823205348,-79.9893635256406,-79.98913308089924,-79.98900755215877,-79.98893983487928,-79.98890364427011,-79.98888447597216,-79.98887441117533,-79.9888691704129,-79.98886646347562,-79.98886507616139,-79.98886437050129,-79.98886401417907,-79.9888638355287,-79.98886374658409,-79.98886370262488,-79.98886368110318,-79.98886367076973,-79.98886366613014,-79.98886366468346,-79.98886366564481,-79.98886366953928,-79.98886367846795,-79.98886369716736,-79.98886373535382,-79.98886381241361,-79.98886396649944,-79.98886427188212,-79.98886487160192,-79.98886603807256,-79.98886828393086,-79.98887287794203
0.1850000000000001,-79.99824025419603,-79.99420227845684,-79.99182348886642,-79.99046689995232,-79.98970187694015,-79.98927508208189,-79.98903943577076,-79.98891061967632,-79.98884087501499,-79.988803460657,-79.98878356771706,-79.98877308118871,-79.9887675988296,-79.98876475548451,-79.98876329218193,-79.98876254471824,-79.98876216566708,-79.98876197479518,-79.98876187934873,-79.98876183196808,-79.98876180867,-79.98876179743716,-79.98876179237573,-79.98876179079285,-79.98876179183956,-79.9887617960764,-79.98876180575107,-79.98876182591185,-79.98876186686226,-79.98876194904777,-79.98876211247888,-79.98876243460067,-79.98876306371768,-79.98876428066114,-79.9887666109032,-79.98877135045826
0.1900000000000001,-79.99824017974727,-79.99417442187605,-79.99177336569367,-79.99040024638576,-79.98962359780374,-79.98918895942693,-79.98894819610388,-79.98881613454057,-79.98874438084157,-79.98870574910426,-79.98868513241554,-79.98867422295282,-79.98866849729703,-79.98866551600129,-79.98866397551987,-79.98866318541248,-79.98866278307332,-79.98866257962351,-79.98866247745565,-79.98866242652214,-79.98866240137123,-79.9886623891963,-79.98866238369109,-79.98866238196372,-79.98866238309797,-79.98866238768956,-79.98866239813482,-79.98866241979707,-79.98866246357001,-79.98866255095614,-79.98866272380602,-79.98866306268258,-79.98866372101475,-79.98866498774521,-79.9886674005686,-79.98867228129369
0.19500000000000012,-79.99824010847517,-79.99414735270588,-79.99172462566085,-79.99033538334443,-79.98954736608059,-79.98910503489752,-79.98885923678452,-79.98872397099154,-79.9886502266708,-79.98861038421998,-79.98858904498034,-79.98857771161966,-79.98857174113155,-79.98856862044568,-79.9885670016556,-79.98856616809779,-79.98856574192885,-79.98856552555304,-79.9885654164478,-79.98856536183133,-79.98856533475153,-79.98856532159171,-79.98856531562059,-79.98856531374021,-79.98856531496385,-79.98856531992199,-79.98856533116118,-79.9885653543625,-79.98856540101173,-79.98856549366448,-79.9885656759911,-79.9885660316134,-79.98856671894367,-79.98856803473524,-79.98857052831531,-79.98857554590447
0.20000000000000012,-79.99824004013388,-79.99412102558021,-79.99167719123996,-79.99027221322693,-79.98947307297749,-79.98902319416749,-79.98877244116711,-79.98863401168983,-79.98855829517787,-79.98851724892974,-79.98849518861049,-79.98848343060865,-79.98847721390669,-79.98847395248946,-79.98847225431928,-79.98847137653692,-79.98847092601346,-79.98847069637198,-79.9884705801171,-79.98847052168901,-79.98847049260459,-79.9884704784171,-79.98847047195778,-79.98847046991563,-79.98847047123016,-79.98847047656604,-79.98847048862129,-79.98847051339688,-79.9884705629714,-79.9884706609483,-79.98847085279526,-79.98847122513189,-79.98847194121267,-79.98847330530718,-79.98847587780922,-79.9884810280407
0.20500000000000013,-79.99823997450262,-79.99409539862823,-79.99163099065667,-79.99021064542563,-79.98940061726633,-79.98894333067558,-79.98868770039665,-79.98854614704783,-79.98846847673971,-79.98842623381915,-79.98840345413639,-79.988391270953,-79.98838480679984,-79.98838140340328,-79.98837962483766,-79.98837870208826,-79.98837822670244,-79.98837798346389,-79.98837785985098,-79.98837779748416,-79.9883777663199,-79.98837775106193,-79.988377744092,-79.98837774187909,-79.9883777432857,-79.98837774900984,-79.98837776190207,-79.9883777882847,-79.98837784082903,-79.9883779441795,-79.98837814557709,-79.98837853457648,-79.98837927913374,-79.98838069074795,-79.98838334033779,-79.98838861908713
0.21000000000000013,-79.9982399113827,-79.99407043315092,-79.99158595738159,-79.9901505957326,-79.9893299046621,-79.98886534500213,-79.98860491279247,-79.98846027462206,-79.98838066883337,-79.98833723653637,-79.98831373942441,-79.98830113070532,-79.98829441799852,-79.98829087146302,-79.98828901154036,-79.98828804311222,-79.98828754237277,-79.9882872852142,-79.98828715403872,-79.98828708760767,-79.98828705428889,-79.98828703791773,-79.98828703041464,-79.98828702802176,-79.98828702952123,-79.98828703564361,-79.98828704939247,-79.98828707741254,-79.98828713296687,-79.9882872417328,-79.98828745269896,-79.98828785829144,-79.98828863102857,-79.98829008936038,-79.98829281421351,-79.98829821746408
0.21500000000000014,-79.99823985059483,-79.99404609333196,-79.99154202967273,-79.99009198580303,-79.98926084725902,-79.98878914430243,-79.98852398328795,-79.98837629855974,-79.98829477548851,-79.98825016124816,-79.98822594883511,-79.98821291439693,-79.98820595215993,-79.98820226140955,-79.98820031921986,-79.98819930443113,-79.988198777863,-79.98819850646977,-79.98819836753117,-79.9881982969121,-79.9881982613647,-79.98819824383773,-79.98819823577885,-79.98819823319658,-79.98819823478941,-79.98819824131928,-79.98819825594323,-79.98819828562888,-79.98819834422919,-79.98819845844532,-79.98819867898669,-79.98819910108645,-79.98819990168776,-79.9882014059219,-79.98820420423134,-79.98820972808234
0.22000000000000014,-79.99823979197681,-79.99402234597886,-79.99149915016376,-79.99003474266986,-79.98919336301891,-79.98871464179165,-79.98844482292009,-79.98829412909492,-79.98821070678834,-79.9881649181443,-79.9881399927296,-79.98812653254518,-79.98811931991887,-79.9881154839568,-79.98811345863942,-79.98811239683712,-79.98811184398123,-79.98811155804695,-79.98811141114871,-79.98811133621955,-79.98811129837009,-79.98811127964485,-79.98811127100744,-79.98811126822619,-79.9881112699125,-79.9881112768585,-79.98811129237481,-79.98811132375191,-79.98811138543023,-79.98811150512464,-79.9881117352375,-79.9881121737444,-79.98811300187836,-79.98811455119144,-79.9881174211743,-79.98812306184686
0.22500000000000014,-79.99823973538163,-79.99399916029095,-79.99145726549264,-79.98997879830426,-79.98912737530625,-79.98864175627568,-79.98836734836429,-79.98821368208856,-79.98812837841452,-79.98808142298545,-79.98805578701926,-79.9880419012042,-79.98803443743884,-79.98803045534305,-79.98802834608445,-79.9880272366435,-79.98802665705634,-79.98802635628286,-79.98802620123242,-79.98802612187296,-79.98802608164867,-79.9880260616829,-79.98802605244417,-79.98802604945415,-79.98802605123366,-79.98802605860385,-79.98802607502859,-79.98802610812086,-79.98802617290545,-79.98802629809995,-79.98802653777115,-79.98802699257247,-79.98802784789459,-79.98802944145953,-79.98803238136266,-79.98803813520412
0.23000000000000015,-79.99823968067572,-79.99397650765098,-79.99141632596655,-79.9899240892172,-79.98906281246539,-79.98857041172352,-79.98829148150972,-79.98813487860878,-79.98804771123136,-79.98799959669029,-79.98797325275451,-79.98795894155448,-79.98795122600218,-79.98794709692112,-79.98794490295283,-79.9879437452751,-79.98794313852837,-79.98794282262561,-79.98794265923449,-79.98794257532634,-79.98794253265525,-79.98794251140686,-79.98794250154398,-79.98794249833519,-79.98794250020737,-79.98794250800911,-79.98794252535718,-79.9879425601863,-79.9879426281018,-79.98794275881245,-79.98794300802022,-79.98794347899226,-79.98794436114778,-79.98794599813772,-79.9879490062423,-79.9879548697289
0.23500000000000015,-79.99823962773743,-79.9939543614378,-79.99137628525894,-79.98987055609773,-79.98899960743553,-79.98850053687711,-79.98821714907153,-79.9880576445471,-79.98796863090583,-79.98791936495805,-79.98789231574898,-79.987877579528,-79.9878696116354,-79.98786533478405,-79.98786305538056,-79.98786184889387,-79.98786121457407,-79.98786088325997,-79.98786071134373,-79.9878606227704,-79.98786057758126,-79.98786055500841,-79.98786054449856,-79.98786054106084,-79.98786054302475,-79.98786055126483,-79.98786056955004,-79.98786060613564,-79.98786067720333,-79.98786081344078,-79.98786107215562,-79.98786155916515,-79.98786246779143,-79.98786414738315,-79.98786722200848,-79.98787319174686
0.24000000000000016,-79.99823957645587,-79.99393269685756,-79.99133710013538,-79.98981814348444,-79.98893769739985,-79.98843206489506,-79.98814428223606,-79.98798191026728,-79.98789106755953,-79.98784065792293,-79.98781290623533,-79.98779774546482,-79.98778952476638,-79.98778509942234,-79.98778273389905,-79.98778147805626,-79.98778081576431,-79.98778046876461,-79.98778028814286,-79.98778019478976,-79.98778014701219,-79.98778012307329,-79.98778011189363,-79.98778010821665,-79.98778011027105,-79.98778011895561,-79.98778013819064,-79.98778017655047,-79.98778025078843,-79.98778039255839,-79.98778066074384,-79.98778116364946,-79.98778209837816,-79.98778381975501,-79.98778695926158,-79.9877930319891
0.24500000000000016,-79.99823952672959,-79.99391149079153,-79.99129873020526,-79.98976679946651,-79.98887702346529,-79.98836493302679,-79.98807281633604,-79.98790761028361,-79.98781495545009,-79.98776340983751,-79.98773495855015,-79.9877193737987,-79.98771089991028,-79.98770632541009,-79.98770387312138,-79.98770256739935,-79.98770187675021,-79.98770151379838,-79.9877013242947,-79.9877012260492,-79.9877011756136,-79.9877011502674,-79.98770113839508,-79.98770113446838,-79.98770113661166,-79.98770114574627,-79.98770116594278,-79.98770120609272,-79.98770128351603,-79.9877014308196,-79.98770170843298,-79.98770222708637,-79.98770318754542,-79.98770494989994,-79.98770815269175,-79.9877143252759
0.25000000000000017,-79.9982394784658,-79.99389072165869,-79.99126113769626,-79.98971647541144,-79.98881753037016,-79.9882990823142,-79.98800269055307,-79.98783468296583,-79.98774023267862,-79.98768755878238,-79.98765841084467,-79.98764240276866,-79.98763367538147,-79.98762895111706,-79.98762641145433,-79.98762505535306,-79.98762433597524,-79.98762395681236,-79.98762375825432,-79.9876236550057,-79.98762360184338,-79.9876235750489,-79.98762356246111,-79.98762355827405,-79.98762356050433,-79.98762357009397,-79.98762359126258,-79.98762363321678,-79.98762371383769,-79.9876238666718,-79.98762415366483,-79.98762468791203,-79.98762567372728,-79.98762747626334,-79.98763074078971,-79.98763701022675
0.25500000000000017,-79.99823943157936,-79.99387036929129,-79.99122428724972,-79.98966712571675,-79.98875916621662,-79.98823445731855,-79.9879338476445,-79.9877630702684,-79.98766684092132,-79.98761304639933,-79.98758320481934,-79.98756677415408,-79.987557793029,-79.98755291844436,-79.98755029083424,-79.98754888387593,-79.98754813541112,-79.98754773978563,-79.98754753200473,-79.98754742364427,-79.9875473676874,-79.98754733940397,-79.98754732607797,-79.98754732161977,-79.98754732393485,-79.98754733398393,-79.98754735613423,-79.98754739990522,-79.98754748373337,-79.98754764209107,-79.9875479384106,-79.98754848809294,-79.98754949888979,-79.98755134082444,-79.98755466558133,-79.98756102899416
0.2600000000000002,-79.99823938599208,-79.99385041482226,-79.99118814573437,-79.98961870758349,-79.98870188222597,-79.98817100586973,-79.98786623369271,-79.98769271748156,-79.98759472518265,-79.98753981764627,-79.98750928547967,-79.98749243303132,-79.98748319799358,-79.98747817258152,-79.98747545648406,-79.98747399821215,-79.98747322031484,-79.98747280798241,-79.98747259081405,-79.98747247723496,-79.98747241841663,-79.98747238860398,-79.98747237451704,-79.98747236977681,-79.98747237217415,-79.98747238268652,-79.98747240582722,-79.9874724514259,-79.98747253846845,-79.98747270233936,-79.9874730079279,-79.987473572883,-79.98747460828776,-79.98747648885276,-79.98747987238356,-79.98748632701928
0.2650000000000002,-79.99823934163196,-79.99383084058303,-79.99115268207673,-79.98957118080904,-79.98864563251422,-79.9881086788362,-79.9877997978746,-79.98762357300247,-79.9875238335682,-79.98746782057155,-79.98743660091166,-79.98741932754972,-79.98740983848387,-79.98740466178299,-79.98740185668998,-79.98740034666831,-79.98739953900525,-79.98739910972866,-79.98739888301205,-79.9873987641095,-79.98739870236372,-79.98739867098189,-79.98739865611137,-79.98739865107811,-79.98739865355492,-79.98739866453391,-79.98739868867274,-79.98739873610856,-79.98739882637044,-79.98739899574092,-79.9873993105373,-79.98739989059992,-79.98740095024094,-79.98740286868411,-79.9874063095801,-79.98741285280694
0.2700000000000002,-79.99823929843274,-79.99381163001063,-79.99111786710644,-79.98952450759778,-79.98859037388647,-79.9880474299134,-79.98773449224953,-79.98755558812427,-79.98745411707557,-79.98739700610622,-79.98736510207489,-79.9873474087252,-79.98733766557044,-79.98733233716221,-79.9873294425955,-79.98732788040743,-79.98732704265734,-79.98732659620623,-79.98732635978435,-79.98732623545548,-79.98732617071715,-79.9873261377266,-79.98732612204992,-79.98732611671251,-79.98732611926569,-79.98732613071411,-79.98732615585796,-79.98732620513898,-79.98732629862295,-79.98732647347653,-79.98732679741633,-79.98732739241923,-79.98732847592805,-79.98733043151421,-79.98733392841466,-79.98734055771862
0.2750000000000002,-79.99823925633322,-79.9937927675633,-79.99108367341509,-79.98947865238745,-79.98853606564785,-79.98798721542938,-79.98767027156391,-79.98748871684191,-79.98738552940146,-79.98732732787232,-79.98729474261171,-79.98727663025005,-79.98726663299578,-79.98726115250184,-79.98725816801176,-79.98725655325934,-79.98725568511243,-79.98725522126317,-79.98725497498273,-79.9872548451266,-79.98725477733156,-79.98725474269312,-79.98725472618783,-79.98725472053502,-79.9872547231612,-79.98725473508136,-79.9872547612363,-79.98725481236922,-79.98725490907611,-79.98725508939376,-79.9872554224098,-79.98725603218443,-79.98725713919661,-79.98725913120845,-79.98726268280042,-79.98726939578174
0.2800000000000002,-79.99823921527687,-79.99377423864352,-79.99105007522718,-79.98943358169024,-79.98848266942991,-79.98792799416549,-79.98760709307113,-79.98742291567284,-79.9873180267637,-79.98725874200598,-79.9872254786712,-79.98720694831734,-79.98719669699909,-79.98719106407862,-79.98718798924249,-79.9871863215456,-79.98718542270313,-79.98718494123861,-79.98718468494998,-79.98718454946753,-79.98718447855259,-79.98718444222749,-79.98718442487119,-79.98718441889167,-79.98718442158724,-79.987184433981,-79.98718446115227,-79.98718451414257,-79.98718461407142,-79.98718479983177,-79.98718514185461,-79.98718576623168,-79.98718689638764,-79.9871889241263,-79.98719252914431,-79.98719932351361
0.2850000000000002,-79.99823917521137,-79.99375602952787,-79.99101704828198,-79.98938926394665,-79.9884301490309,-79.98786972719131,-79.9875449163653,-79.9873581434914,-79.98725156773678,-79.98719120699398,-79.98715726874637,-79.98713832145862,-79.98712781615417,-79.98712203050141,-79.98711886492205,-79.98711714391763,-79.98711621409163,-79.98711571480105,-79.98711544835815,-79.98711530715227,-79.98711523305516,-79.98711519500503,-79.98711517677543,-79.98711517045784,-79.98711517321891,-79.98711518608764,-79.98711521427978,-79.98711526913175,-79.98711537227996,-79.98711556345957,-79.98711591441781,-79.987116553228,-79.98711770617366,-79.98711976895925,-79.98712342618452,-79.98713029975887
0.2900000000000002,-79.99823913608819,-79.99373812730296,-79.99098456972531,-79.98934566939144,-79.98837847026857,-79.98781237771232,-79.98748370322772,-79.98729436137587,-79.98718611309978,-79.9871246835227,-79.98709007352379,-79.9870707103939,-79.98705995121966,-79.98705401256163,-79.98705075586602,-79.98704898120728,-79.98704802012004,-79.98704750279879,-79.98704722605903,-79.98704707903448,-79.98704700169388,-79.98704696188075,-79.9870469427557,-79.98704693608853,-79.987046938911,-79.98704695225565,-79.98704698147246,-79.98704703818936,-79.98704714455276,-79.9870473411264,-79.98704770094714,-79.98704835402154,-79.98704952940892,-79.98705162658068,-79.98705533484045,-79.98706228553938
0.2950000000000002,-79.99823909786238,-79.99372051980679,-79.9909526180105,-79.98930276993019,-79.98832760084453,-79.98775591092917,-79.98742341748496,-79.98723153246685,-79.98712162569572,-79.98705913433805,-79.98702385574418,-79.98700407789275,-79.98699306500046,-79.9869869730947,-79.9869836249326,-79.98698179628832,-79.986980803672,-79.98698026812146,-79.98697998094569,-79.98697982800908,-79.98697974736459,-79.98697970575093,-79.98697968570838,-79.98697967868011,-79.98697968155965,-79.98697969538074,-79.98697972562532,-79.98697978420935,-79.98697989378245,-79.98698009572327,-79.98698046433243,-79.98698113150297,-79.98698232899065,-79.98698445990725,-79.98698821807373,-79.98699524391515
0.3000000000000002,-79.99823906049211,-79.9937031955751,-79.99092117280695,-79.9892605390258,-79.98827751021908,-79.98770029390768,-79.9873640248775,-79.9871696218361,-79.98705807030106,-79.98699452411593,-79.98695858007339,-79.98693838864565,-79.98692712221916,-79.98692087685171,-79.9869174368944,-79.98691555394817,-79.98691452954449,-79.9869139755718,-79.9869136778242,-79.98691351888397,-79.98691343487612,-79.9869133914248,-79.98691337044288,-79.98691336304191,-79.98691336597395,-79.98691338027162,-79.98691341154647,-79.98691347199889,-79.98691358477491,-79.98691379205466,-79.98691416937729,-79.9869148504772,-79.98691606973065,-79.98691823377021,-79.98692204075958,-79.98692913985568
0.3050000000000002,-79.99823902393854,-79.99368614379219,-79.99089021491667,-79.98921895159373,-79.98822816949571,-79.98764549545852,-79.98730549293798,-79.9871085963651,-79.98699541350493,-79.986930819342,-79.98689421298269,-79.98687360914458,-79.98686208939695,-79.98685569038037,-79.98685215831946,-79.98685022076897,-79.98684916432883,-79.98684859174674,-79.98684828329475,-79.98684811826112,-79.98684803083138,-79.98684798550573,-79.98684796356265,-79.98684795577734,-79.98684795875714,-79.98684797353111,-79.98684800583811,-79.98684806815935,-79.98684818413035,-79.98684839671962,-79.98684878268013,-79.98684947754425,-79.98685071823627,-79.98685291479623,-79.9868567695675,-79.98686394012068
0.3100000000000002,-79.99823898816544,-79.99366935424578,-79.9908597261971,-79.98917798390549,-79.98817955131415,-79.98759148602589,-79.98724779087856,-79.98704842463228,-79.9869336235969,-79.98686798820007,-79.9868307226377,-79.98680970757225,-79.98679793474307,-79.98679138191456,-79.98678775746083,-79.98678576501725,-79.9867846763003,-79.98678408492702,-79.98678376564126,-79.98678359442624,-79.986783503517,-79.98678345628076,-79.9867834333549,-79.98678342517356,-79.98678342819615,-79.98678344344583,-79.98678347678631,-79.98678354097592,-79.98678366013297,-79.98678387800129,-79.98678427252378,-79.98678498098887,-79.98678624279972,-79.98678847129679,-79.98679237285049,-79.98679961314943
0.3150000000000002,-79.99823895313902,-79.99365281728554,-79.99082968949001,-79.98913761349954,-79.98813162975156,-79.9875382375842,-79.98719088948621,-79.98698907680837,-79.98687267046277,-79.98680600046846,-79.98676807879517,-79.98674665369924,-79.98673462805205,-79.98672792127172,-79.98672420415403,-79.98672215654133,-79.98672103531568,-79.98672042497465,-79.98672009472885,-79.98671991724619,-79.98671982280074,-79.98671977361808,-79.98671974968795,-79.98671974109887,-79.9867197441591,-79.98671975988357,-79.9867197942583,-79.98671986031513,-79.98671998264835,-79.98672020576439,-79.98672060877283,-79.98672133067785,-79.98672261329548,-79.9867248731654,-79.98672882054238,-79.98673612895799
0.32000000000000023,-79.99823891882775,-79.99363652378487,-79.99080008855623,-79.9890978190988,-79.98808438023099,-79.98748572354243,-79.98713476102562,-79.98693052455916,-79.98681252548776,-79.98674482742366,-79.98670625270691,-79.98668441878824,-79.98667214060819,-79.98666527975746,-79.9866614697217,-79.98665936667607,-79.98665821271793,-79.98665758323764,-79.98665724190856,-79.98665705807367,-79.98665696003624,-79.98665690887177,-79.98665688391604,-79.98665687490744,-79.98665687800005,-79.98665689419802,-79.9866569296073,-79.98665699752948,-79.98665712302817,-79.98665735135987,-79.98665776277832,-79.98665849796468,-79.98665980108484,-79.9866620917821,-79.98666608406216,-79.98667345904377
0.32500000000000023,-79.99823888520216,-79.9936204651058,-79.99077090801511,-79.9890585805345,-79.98803777943651,-79.9874339186553,-79.98707937914881,-79.98687274095508,-79.98675316146641,-79.98668444175064,-79.98664521703067,-79.98662297550511,-79.98661044509676,-79.98660343007678,-79.98659952688487,-79.98659736815407,-79.98659618124745,-79.98659553246131,-79.98659517992861,-79.98659498965864,-79.9865948879743,-79.98659483479304,-79.98659480879054,-79.98659479935068,-79.9865948024702,-79.98659481914008,-79.98659485558375,-79.98659492536878,-79.9865950540215,-79.98659528753625,-79.98659570728906,-79.98659645560073,-79.98659777892705,-79.98660009992452,-79.98660413622514,-79.98661157629675
0.33000000000000024,-79.99823885223466,-79.99360463306664,-79.99074213328875,-79.98901987867568,-79.98799180523453,-79.98738279894059,-79.98702471881136,-79.98681570038704,-79.98669455251871,-79.98662481745933,-79.98658494574684,-79.98656229783587,-79.98654951552116,-79.98654234625141,-79.98653834968037,-79.98653613502319,-79.9865349149595,-79.98653424670569,-79.9865338828519,-79.98653368606558,-79.98653358068033,-79.98653352544774,-79.98653349837747,-79.98653348849456,-79.98653349163536,-79.98653350877531,-79.98653354625272,-79.98653361789756,-79.98653374969221,-79.98653398835694,-79.98653441636887,-79.98653517765264,-79.98653652089666,-79.9865388716853,-79.98654295116016,-79.98655045491677
0.33500000000000024,-79.9982388198994,-79.99358901991201,-79.99071375055038,-79.98898169536366,-79.9879464366008,-79.98733234160254,-79.98697075619415,-79.98675937848806,-79.98663667401193,-79.98656592980687,-79.98652541408099,-79.9865023610095,-79.9864893271259,-79.98648200354278,-79.98647791338381,-79.98647564256954,-79.98647438914738,-79.98647370126858,-79.98647332597902,-79.98647312259669,-79.98647301345737,-79.98647295613934,-79.98647292798044,-79.98647291764269,-79.986472920799,-79.9864729384069,-79.98647297691707,-79.98647305041808,-79.98647318534202,-79.98647342912334,-79.98647386531972,-79.98647463942525,-79.98647600230647,-79.98647838239484,-79.98648250423254,-79.98649007033661
0.34000000000000025,-79.99823878817212,-79.99357361828524,-79.9906857466766,-79.98894401335157,-79.98790165355243,-79.98728252496045,-79.98691746863065,-79.98670375206028,-79.9865795024878,-79.98650775522502,-79.98646659843159,-79.9864431414258,-79.98642985632452,-79.9864223783801,-79.98641819443777,-79.98641586724568,-79.98641458027045,-79.98641387261381,-79.98641348577645,-79.98641327572004,-79.98641316277435,-79.98641310333718,-79.98641307406899,-79.9864130632646,-79.98641306643053,-79.98641308450402,-79.98641312404553,-79.98641319939863,-79.98641333743868,-79.98641358630297,-79.98641403060985,-79.98641481738984,-79.9864161996356,-79.98641860854947,-79.98642277197216,-79.98643039915018
0.34500000000000025,-79.99823875703004,-79.99355842120293,-79.9906581092031,-79.98890681624799,-79.98785743708493,-79.98723332838212,-79.9868648345391,-79.98664879900674,-79.98652301559447,-79.98645027125244,-79.98640847630261,-79.98638461658818,-79.98637108063261,-79.98636344829339,-79.98635917038487,-79.98635678660368,-79.98635546588731,-79.9863547383042,-79.98635433980968,-79.9863541230026,-79.9863540061991,-79.98635394460953,-79.98635391421152,-79.98635390292871,-79.98635390609826,-79.9863539246347,-79.98635396520581,-79.98635404240646,-79.98635418354903,-79.98635443746254,-79.98635488980679,-79.986355689117,-79.98635709046249,-79.98635952774437,-79.9863637320064,-79.98637141904562
0.35000000000000026,-79.99823872645173,-79.99354342203121,-79.99063082628363,-79.98887008846468,-79.98781376911342,-79.98718473222198,-79.98681283335931,-79.98659449826792,-79.98646719202308,-79.98639345647149,-79.98635102624041,-79.98632676504086,-79.986312978605,-79.98630519185086,-79.98630081980505,-79.98629837923248,-79.98629702459321,-79.9862962769391,-79.98629586668056,-79.98629564304773,-79.98629552233577,-79.98629545856099,-79.9862954270128,-79.98629541523978,-79.98629541840683,-79.9862954374034,-79.98629547900205,-79.98629555804533,-79.98629570227645,-79.98629596120534,-79.98629642151477,-79.98629723321413,-79.98629865340226,-79.98630111861087,-79.98630536299747,-79.98631310874276
0.35500000000000026,-79.99823869641708,-79.99352861446387,-79.99060388665201,-79.98883381516805,-79.98777063241796,-79.98713671776342,-79.98676144549356,-79.98654082976229,-79.98641201144848,-79.9863372904491,-79.98629422777493,-79.98626956631001,-79.98625552977718,-79.98624758860032,-79.9862431222572,-79.9862406246995,-79.98623923596156,-79.98623846809586,-79.98623804596889,-79.98623781543671,-79.98623769076646,-79.98623762477403,-79.9862375920555,-79.9862375797805,-79.98623758293883,-79.98623760239249,-79.9862376450163,-79.98623772589691,-79.98623787320234,-79.98623813711286,-79.98623860531622,-79.98623942926685,-79.98624086804813,-79.98624336075801,-79.986247644584,-79.98625544793477
0.36000000000000026,-79.99823866690704,-79.99351399250216,-79.99057727958665,-79.9887979822339,-79.98772801059268,-79.98708926716483,-79.98671065225155,-79.98648777433088,-79.98635745447373,-79.9862817536815,-79.9862380613646,-79.986213000849,-79.98619871461054,-79.98619061901441,-79.9861860582244,-79.98618350349592,-79.98618208048927,-79.98618129227519,-79.98618085817778,-79.98618062067403,-79.98618049199649,-79.98618042375438,-79.98618038984552,-79.98618037705677,-79.98618038020005,-79.98618040010759,-79.98618044375392,-79.98618052646627,-79.98618067683147,-79.98618094568994,-79.98618142171705,-79.98618225778431,-79.98618371491679,-79.98618623471769,-79.98619055732617,-79.9861984172335
0.36500000000000027,-79.99823863790368,-79.99349955043581,-79.99055099487775,-79.98876257620535,-79.98768588799823,-79.98704236340936,-79.98666043579884,-79.98643531368535,-79.9863035025783,-79.98622682754254,-79.98618250834478,-79.98615704998694,-79.98614251444097,-79.98613426443947,-79.98612960906274,-79.9861269969855,-79.9861255395456,-79.98612473085001,-79.98612428468243,-79.98612404013632,-79.98612390740323,-79.98612383687983,-79.9861238017608,-79.98612378844659,-79.98612379156843,-79.9861238119264,-79.98612385659237,-79.98612394113054,-79.9861240945408,-79.9861243683137,-79.98612485209557,-79.98612570014802,-79.98612717539709,-79.98612972189352,-79.98613408265467,-79.98614199811853
0.3700000000000003,-79.9982386093901,-79.9934852828257,-79.99052502279676,-79.98872758425367,-79.98764424971752,-79.98699599025792,-79.98661077910873,-79.98638343035948,-79.98625013806947,-79.98617249423532,-79.98612755087953,-79.98610169588054,-79.98608691143096,-79.98607850704751,-79.98607375695333,-79.98607108735669,-79.98606959532421,-79.98606876601751,-79.98606830768232,-79.98606805602434,-79.98606791918823,-79.98606784635234,-79.98606781000345,-79.9860677961521,-79.98606779924602,-79.98606782005086,-79.98606786573333,-79.98606795209116,-79.98606810853158,-79.98606838718565,-79.9860688786544,-79.98606973856387,-79.98607123170207,-79.98607380451284,-79.98607820282267,-79.98608617288932
0.3750000000000003,-79.99823858135025,-79.99347118448749,-79.9904993540679,-79.98869299414164,-79.98760308151437,-79.98695013220532,-79.9865616659172,-79.98633210766373,-79.9861973440369,-79.98611873674672,-79.98607317191644,-79.98604692146901,-79.98603188852448,-79.98602332979122,-79.9860184848575,-79.98601575757769,-79.98601423079838,-79.98601338075431,-79.98601291015619,-79.98601265131819,-79.98601251033234,-79.98601243515314,-79.98601239755493,-79.98601238315474,-79.98601238621417,-79.98601240746218,-79.98601245415782,-79.98601254232892,-79.98601270178453,-79.9860129852867,-79.98601348437572,-79.98601435601722,-79.98601586682418,-79.9860184655818,-79.98602290086103,-79.98603092462045
0.3800000000000003,-79.99823855376901,-79.99345725047657,-79.9904739798416,-79.98865879418962,-79.9875623697948,-79.98690477443914,-79.98651308068068,-79.98628132964265,-79.98614510430997,-79.986065538805,-79.98601935514417,-79.9859927104318,-79.98597742940484,-79.98596871636195,-79.98596377647455,-79.98596099135439,-79.98595942967876,-79.9859585587744,-79.98595807582011,-79.98595780973518,-79.98595766455361,-79.98595758700066,-79.98595754813383,-79.98595753317318,-79.9859575361915,-79.98595755787879,-79.98595760558406,-79.98595769556186,-79.98595785801758,-79.98595814633516,-79.98595865297905,-79.98595953623082,-79.98596106449298,-79.98596368884321,-79.98596816053613,-79.98597623711964
0.3850000000000003,-79.998238526632,-79.99344347607392,-79.99044889166991,-79.98862497324353,-79.98752210157102,-79.98685990280136,-79.98646500853658,-79.98623108103497,-79.98609340341791,-79.98601288483984,-79.98596608495266,-79.98593904714897,-79.98592351845514,-79.98591465115001,-79.98590961620239,-79.98590677309089,-79.98590517637405,-79.98590428448956,-79.98590378908793,-79.98590351569041,-79.98590336626782,-79.9859032863111,-79.98590324615651,-79.98590323062379,-79.98590323359434,-79.98590325571692,-79.9859033044281,-79.98590339620588,-79.98590356164655,-79.98590385474718,-79.98590436888185,-79.98590526362526,-79.98590680913577,-79.98590945873714,-79.98591396631046,-79.98592209488845
0.3900000000000003,-79.99823849992559,-79.9934298567731,-79.9904240814834,-79.98859152064527,-79.9874822644275,-79.9868155037523,-79.98641743526629,-79.98618134723623,-79.9860422265522,-79.985960759945,-79.98591334639599,-79.98588591666393,-79.985870140721,-79.98586111920773,-79.98585598910036,-79.98585308785245,-79.98585145595386,-79.98585054297247,-79.98585003503422,-79.98584975425969,-79.98584960055152,-79.98584951816134,-79.98584947670004,-79.9858494605837,-79.98584946349973,-79.9858494860535,-79.98584953576673,-79.98584962933755,-79.98584979774807,-79.98585009559977,-79.98585061716238,-79.98585152328194,-79.98585308584043,-79.9858557603637,-79.9858603033056,-79.9858684830854
0.3950000000000003,-79.99823847363685,-79.99341638826793,-79.9903995415696,-79.98855842620486,-79.98744284648949,-79.986771564337,-79.98637034726033,-79.98613211426353,-79.9859915595315,-79.98590914984314,-79.9858611251571,-79.98583330464851,-79.98581728187585,-79.9858081062145,-79.98580288085444,-79.98579992133064,-79.98579825411399,-79.98579731992177,-79.98579679935956,-79.98579651114471,-79.98579635310708,-79.98579626825418,-79.98579622546735,-79.98579620875587,-79.98579621161062,-79.98579623459136,-79.98579628530263,-79.98579638065948,-79.98579655202474,-79.98579685459593,-79.98579738352495,-79.98579830090826,-79.98579988032068,-79.98580257944843,-79.98580715726744,-79.98581538749123
0.4000000000000003,-79.99823844775345,-79.99340306644112,-79.990375264553,-79.9885256801744,-79.98740383639334,-79.9867280721535,-79.98632373148594,-79.98608336872277,-79.98594138876848,-79.9858580408528,-79.98580940751509,-79.98578119737006,-79.98576492818793,-79.98575559844411,-79.98575027774457,-79.98574725981068,-79.98574555714364,-79.98574460162948,-79.98574406835779,-79.98574377264049,-79.98574361023017,-79.98574352288561,-79.98574347875467,-79.98574346143657,-79.98574346422323,-79.9857434876266,-79.98574353933176,-79.98574363646752,-79.98574381077243,-79.985744118032,-79.98574465426725,-79.98574558280487,-79.9857471788833,-79.98574990230941,-79.9857545145335,-79.98576279447641
0.4050000000000003,-79.99823842226374,-79.99338988735366,-79.9903512433762,-79.9884932732239,-79.98736522325875,-79.9866850153233,-79.98627757545636,-79.98603509777755,-79.98589170123888,-79.98580741985745,-79.9857581803141,-79.98572958166065,-79.98571306648967,-79.98570358273388,-79.98569816661389,-79.9856950901407,-79.98569335189478,-79.98569237495023,-79.98569182888532,-79.98569152560454,-79.98569135877895,-79.98569126891417,-79.98569122342067,-79.98569120548454,-79.98569120819626,-79.98569123201786,-79.98569128471266,-79.9856913836201,-79.98569156084965,-79.98569187276694,-79.9856924162495,-79.985693355835,-79.98569496839742,-79.98569771582665,-79.9857023620023,-79.98571069097054
0.4100000000000003,-79.99823839715653,-79.99337684723484,-79.99032747128238,-79.98846119641836,-79.98732699666282,-79.98664238246346,-79.98623186720218,-79.98598728912008,-79.98584248445229,-79.98575727427624,-79.98570743093433,-79.98567844488801,-79.98566168414858,-79.9856520464558,-79.98564653483973,-79.98564339970284,-79.98564162575317,-79.98564062727239,-79.9856400683322,-79.98563975742798,-79.98563958614521,-79.98563949373198,-79.98563944685763,-79.98563942829212,-79.985639430922,-79.98563945515737,-79.98563950883744,-79.98563960950928,-79.98563978964854,-79.98564010619334,-79.98564065686566,-79.9856416073955,-79.98564323626564,-79.98564600741315,-79.98565068710442,-79.98565906443356
0.4150000000000003,-79.99823837242121,-79.993363942473,-79.99030394179891,-79.98842944119649,-79.9872891466156,-79.98660016266054,-79.98618659524433,-79.9859399309439,-79.9857937264246,-79.98570759203662,-79.98565714726458,-79.9856277749282,-79.98561076904006,-79.98560097748924,-79.98559537030651,-79.985592176386,-79.98559036661123,-79.98558934649085,-79.98558877459497,-79.98558845600839,-79.98558828022715,-79.9855881852376,-79.9855881369643,-79.98558811775808,-79.98558812029924,-79.98558814494379,-79.98558819960469,-79.9855883020336,-79.98558848506775,-79.98558880621036,-79.98558936401612,-79.98559032538961,-79.98559197039675,-79.98559476498772,-79.98559947777542,-79.98560790282879
0.4200000000000003,-79.99823834804765,-79.99335116960674,-79.9902806487219,-79.98839799935074,-79.98725166353726,-79.98655834544604,-79.98614174856874,-79.98589301191808,-79.98574541565233,-79.98565836154849,-79.9856073176765,-79.98557756013986,-79.98556030952166,-79.98555036419536,-79.98554466138009,-79.98554140856028,-79.9855395628424,-79.9855385209814,-79.98553793605107,-79.9855376097242,-79.98553742940378,-79.9855373318104,-79.98553728212022,-79.98553726226201,-79.98553726470753,-79.98553728975665,-79.98553734539382,-79.98553744957245,-79.98553763548678,-79.98553796119799,-79.98553852608218,-79.98553949820142,-79.9855411591802,-79.98554397694936,-79.98554872243022,-79.9855571945973
0.4250000000000003,-79.99823832402615,-79.99333852531693,-79.9902575861018,-79.98836686300851,-79.98721453823659,-79.98651692077333,-79.98609731660244,-79.98584652116307,-79.98569754108813,-79.9856095716799,-79.98555793100033,-79.98552778934004,-79.9855102944089,-79.98550019539289,-79.98549439688357,-79.98549108505289,-79.98548920327703,-79.98548813957669,-79.98548754153465,-79.98548720741057,-79.98548702251087,-79.98548692228647,-79.9854868711616,-79.98548685064023,-79.98548685298317,-79.98548687843218,-79.98548693504102,-79.98548704096196,-79.9854872297419,-79.98548755999302,-79.98548813190193,-79.98548911467168,-79.98549079146193,-79.98549363215321,-79.9854984099391,-79.98550692863412
0.4300000000000003,-79.99823830034741,-79.99332600641893,-79.99023474822991,-79.98833602461453,-79.98717776189073,-79.98647587899602,-79.98605328919113,-79.98580044822785,-79.98565009211802,-79.9855612117341,-79.98550897650202,-79.9854784517813,-79.98546071295254,-79.98545046033541,-79.98544456607463,-79.98544119512526,-79.98543927717964,-79.9854381915435,-79.98543758031394,-79.98543723833669,-79.98543704881817,-79.98543694593587,-79.98543689335874,-79.98543687216302,-79.98543687439646,-79.98543690024061,-79.98543695781649,-79.98543706547231,-79.98543725710346,-79.9854375918663,-79.98543817074744,-79.98543916407512,-79.98544085652166,-79.98544371988773,-79.98544852960495,-79.98545709426546
0.43500000000000033,-79.99823827700261,-79.99331360985562,-79.99021212962568,-79.98830547691439,-79.98714132602633,-79.9864352108475,-79.98600965657806,-79.9857547830685,-79.98560305853974,-79.98551327142796,-79.98546044386163,-79.9854295371303,-79.98541155481703,-79.98540114868986,-79.98539515862406,-79.98539172845184,-79.98538977422757,-79.98538866656119,-79.98538804206981,-79.98538769218435,-79.98538749800805,-79.9853873924413,-79.98538733839442,-79.98538731651331,-79.98538731863027,-79.98538734486479,-79.98538740340298,-79.98538751278629,-79.98538770725438,-79.9853880465013,-79.98538863230344,-79.98538963609903,-79.98539134405148,-79.98539422985344,-79.985399071142,-79.98540768122756
0.44000000000000034,-79.99823825398325,-79.99330133269058,-79.99018972502483,-79.98827521293897,-79.98710522250158,-79.98639490742187,-79.98596640938412,-79.98570951602794,-79.98555643054237,-79.98546574087167,-79.98541232315304,-79.98538103544739,-79.98536281006031,-79.98535225051636,-79.98534616459548,-79.98534267509973,-79.9853406844907,-79.98533955470172,-79.98533891687558,-79.98533855902774,-79.98533836015524,-79.98533825187782,-79.98533819634392,-79.98533817376637,-79.9853381757599,-79.98533820237996,-79.98533826187573,-79.98533837297911,-79.98533857027005,-79.98533891397389,-79.98533950664705,-79.98534052082302,-79.98534224413565,-79.98534515214264,-79.9853500246555,-79.98535867964657
0.44500000000000034,-79.99823823128119,-79.99328917210184,-79.99016752936828,-79.98824522598987,-79.98706944348956,-79.98635496015572,-79.98592353858905,-79.9856646378169,-79.98551019868724,-79.98541861054944,-79.98536460482481,-79.98533293716756,-79.98531446911461,-79.9853037562491,-79.98529757442643,-79.98529402550967,-79.98529199841241,-79.98529084641045,-79.98529019517794,-79.98528982931441,-79.98528962570786,-79.98528951469385,-79.98528945765578,-79.98528943437081,-79.98528943623398,-79.98528946323472,-79.98528952368324,-79.98528963649936,-79.98528983659921,-79.98529018473336,-79.98529078422872,-79.98529180869996,-79.98529354723152,-79.98529647722037,-79.98530138062296,-79.98531008001956
0.45000000000000034,-79.99823820888862,-79.99327712537605,-79.99014553779143,-79.9882155096257,-79.98703398146235,-79.98631536081122,-79.98588103551383,-79.98562013949588,-79.98546435388977,-79.98537187130147,-79.98531727968198,-79.9852852330823,-79.98526652276854,-79.98525565667828,-79.98524937891018,-79.98524577047806,-79.98524370679164,-79.98524253248817,-79.98524186777897,-79.98524149384734,-79.98524128546937,-79.98524117169312,-79.98524111313392,-79.98524108913064,-79.98524109085649,-79.98524111823302,-79.9852411796295,-79.98524129415098,-79.98524149704602,-79.98524184958437,-79.9852424558543,-79.98524349053804,-79.98524524415159,-79.9852481959065,-79.98525312987591,-79.98526187319673
0.45500000000000035,-79.99823818679803,-79.99326518990287,-79.99012374561457,-79.98818605764917,-79.98699882917619,-79.98627610146005,-79.98583889180397,-79.98557601245827,-79.98541888740232,-79.98532551430678,-79.98527033886904,-79.98523791432252,-79.98521896214992,-79.98520794293312,-79.98520156917886,-79.98519790113993,-79.98519580076587,-79.98519460407414,-79.9851939258192,-79.98519354376786,-79.98519333058162,-79.9851932140178,-79.98519315392065,-79.9851931291882,-79.98519313076977,-79.98519315851719,-79.9851932208568,-79.98519333707632,-79.98519354275298,-79.98519389966998,-79.985194512668,-79.98519555748375,-79.98519732604646,-79.98520029935865,-79.98520526358328,-79.98521405036452
0.46000000000000035,-79.99823816500223,-79.9932533631698,-79.99010214833343,-79.98815686409493,-79.98696397965749,-79.98623717446829,-79.98579709941382,-79.98553224841422,-79.98537379079823,-79.98527953106706,-79.9852237738538,-79.9851909723426,-79.98517177870973,-79.98516060646583,-79.98515413668731,-79.98515040895292,-79.98514827179501,-79.98514705263007,-79.98514636076156,-79.98514597053966,-79.98514575250879,-79.98514563313235,-79.98514557148057,-79.98514554600818,-79.98514554743855,-79.98514557555193,-79.98514563882979,-79.98514575674011,-79.98514596518503,-79.9851463264556,-79.98514694613634,-79.98514800100584,-79.98514978438891,-79.98515277905634,-79.9851577732351,-79.98516660302961
0.46500000000000036,-79.99823814349429,-79.99324164275731,-79.99008074161056,-79.98812792321817,-79.9869294261896,-79.98619857248215,-79.98575565059168,-79.98548883937565,-79.98532905595647,-79.98523391339145,-79.9851775764121,-79.98514439890491,-79.98512496420696,-79.98511363903634,-79.985107073198,-79.98510328568207,-79.98510111164639,-79.98509986992491,-79.98509916437612,-79.98509876593363,-79.98509854302222,-79.98509842080844,-79.98509835758549,-79.98509833136245,-79.98509833263468,-79.98509836110908,-79.98509842532034,-79.9850985449142,-79.98509875611424,-79.98509912171383,-79.98509974803306,-79.98510081288013,-79.98510261095858,-79.98510562678561,-79.98511065062763,-79.9851195230039
0.47000000000000036,-79.99823812226752,-79.99323002633422,-79.99005952126701,-79.98809922948384,-79.9868951623004,-79.98616028841452,-79.98571453786589,-79.98544577764184,-79.98528467504718,-79.98518865338211,-79.9851317386134,-79.9850981860656,-79.9850785106942,-79.98506703269801,-79.98506037076656,-79.98505652338555,-79.98505431238027,-79.98505304802053,-79.98505232872593,-79.9850519220135,-79.98505169418617,-79.98505156911054,-79.98505150430006,-79.98505147731572,-79.98505147842289,-79.98505150725337,-79.98505157239316,-79.9850516936634,-79.98505190760557,-79.98505227751014,-79.98505291042466,-79.98505398517526,-79.98505579782774,-79.98505883462495,-79.98506388784892,-79.98507280239028
0.47500000000000037,-79.99823810131555,-79.99321851165337,-79.99003848327476,-79.98807077755646,-79.98686118175054,-79.98612231543228,-79.98567375403145,-79.98540305578604,-79.98524064051826,-79.98514374342054,-79.98508625280719,-79.98505232616093,-79.98503241050398,-79.98502077978401,-79.98501402172833,-79.98501011440106,-79.98500786633635,-79.98500657925818,-79.98500584615331,-79.98500543112237,-79.98500519834417,-79.98500507038246,-79.98500500396821,-79.98500497621198,-79.98500497714721,-79.9850050063288,-79.98500507239225,-79.98500519533172,-79.9850054120033,-79.98500578618928,-79.98500642565696,-79.985007510239,-79.98500933734779,-79.98501239493154,-79.98501747726534,-79.98502643356917
0.48000000000000037,-79.99823808063212,-79.99320709654754,-79.9900176237493,-79.98804256229057,-79.98682747852237,-79.98608464694436,-79.98563329213769,-79.98536066664263,-79.98519694508232,-79.98509917615468,-79.98504111161004,-79.98500681179435,-79.98498665623598,-79.98497487289445,-79.98496801868545,-79.98496405133295,-79.98496176612093,-79.98496045624569,-79.98495970926714,-79.9849592858698,-79.9849590481062,-79.98495891723448,-79.98495884920038,-79.98495882066173,-79.98495882141813,-79.98495885094587,-79.98495891792811,-79.98495904252978,-79.98495926191819,-79.9849596403625,-79.98496028634227,-79.98496138068558,-79.98496322213629,-79.98496630032864,-79.98497141150882,-79.98498040918582
0.4850000000000004,-79.99823806021132,-79.99319577892565,-79.98999693894282,-79.98801457872175,-79.9867940468095,-79.98604727659027,-79.98559314547633,-79.98531860329517,-79.98515358170464,-79.98505494448676,-79.98499630789343,-79.98496163582438,-79.98494124074485,-79.98492930488433,-79.98492235449471,-79.98491832704018,-79.98491600459485,-79.98491467184527,-79.98491391093064,-79.98491347911973,-79.98491323633665,-79.9849131025312,-79.9849130328613,-79.98491300352978,-79.98491300410049,-79.98491303396939,-79.98491310186559,-79.98491322812245,-79.98491345021534,-79.98491383289542,-79.98491448534712,-79.98491558938343,-79.984917445065,-79.98492054369333,-79.98492568346472,-79.98493472213815
0.4900000000000004,-79.99823804004735,-79.99318455676915,-79.98997642523778,-79.98798682205802,-79.98676088100684,-79.9860101982296,-79.98555330757038,-79.98527685906484,-79.98511054359153,-79.98501104156175,-79.98495183477213,-79.984916791353,-79.98489615712865,-79.98488406885185,-79.98487702225609,-79.98487293462472,-79.98487057486184,-79.98486921916208,-79.98486844424995,-79.9848680039789,-79.9848677561427,-79.98486761938008,-79.98486754805857,-79.98486751792379,-79.98486751830197,-79.98486754850707,-79.98486761731236,-79.98486774521751,-79.98486797000272,-79.98486835689644,-79.98486901578094,-79.98487012944379,-79.98487199924823,-79.9848751181451,-79.98488028626042,-79.98488936556545
0.4950000000000004,-79.99823802013468,-79.99317342812853,-79.98995607914073,-79.98795928767187,-79.98672797570144,-79.98597340593167,-79.98551377216356,-79.98523542749979,-79.98506782417957,-79.98496746075631,-79.98490768559341,-79.98487227171479,-79.98485139871795,-79.98483915812768,-79.98483201530183,-79.98482786742072,-79.98482547025777,-79.98482409153327,-79.98482330256321,-79.98482285378613,-79.98482260086355,-79.98482246112056,-79.98482238813178,-79.98482235718339,-79.9848223573622,-79.98482238789857,-79.98482245760812,-79.98482258715468,-79.98482281462026,-79.98482320570601,-79.98482387098507,-79.98482499420973,-79.98482687803214,-79.98483001703495,-79.98483521325441,-79.98484433283755
0.5000000000000003,-79.99823800046794,-79.99316239112018,-79.98993589727654,-79.98793197109259,-79.98669532566352,-79.98593689396624,-79.98547453321024,-79.98519430236476,-79.98502541712514,-79.9849241956686,-79.98486385392653,-79.98482807046649,-79.98480695906555,-79.98479456626451,-79.98478732718611,-79.9847831189842,-79.9847806843403,-79.98477928251778,-79.98477847943026,-79.98477802210186,-79.98477776406006,-79.98477762131374,-79.98477754664214,-79.9847775148699,-79.98477751484255,-79.98477754570519,-79.98477761631419,-79.9847777474954,-79.98477797762959,-79.98477837288617,-79.98477904452253,-79.98478017724594,-79.98478207498424,-79.98478523393516,-79.98479045802613,-79.98479961754454
0.5050000000000002,-79.9982379810419,-79.99315144392332,-79.98991587638304,-79.98790486799916,-79.9866629258382,-79.98590065679416,-79.98543558486605,-79.98515347763161,-79.98498331629473,-79.98488124010832,-79.98482033355296,-79.98478418137731,-79.98476283193655,-79.98475028702734,-79.98474295167533,-79.98473868308325,-79.98473621087905,-79.98473478588649,-79.98473396862286,-79.98473350269848,-79.98473323950498,-79.98473309373261,-79.98473301736279,-79.98473298475649,-79.98473298451621,-79.98473301570017,-79.98473308720384,-79.98473322001297,-79.98473345280424,-79.98473385221088,-79.98473453016813,-79.98473567232885,-79.98473758388381,-79.98474076262946,-79.98474601436608,-79.9847552134871
0.5100000000000001,-79.99823796185154,-79.99314058477717,-79.9898960133058,-79.98787797421342,-79.98663077133763,-79.98586468905904,-79.98539692147894,-79.98511294746994,-79.98494151575568,-79.98483858808746,-79.9847771184571,-79.98474059841948,-79.98471901129916,-79.98470631438411,-79.98469888273867,-79.98469455368874,-79.98469204384641,-79.98469059561296,-79.98468976411544,-79.98468928955099,-79.98468902117371,-79.9846888723528,-79.98468879426946,-79.98468876081897,-79.98468876035902,-79.98468879185937,-79.98468886425292,-79.98468899868334,-79.98468923412032,-79.98468963765674,-79.9846903218993,-79.98469147343752,-79.98469339871254,-79.98469659710382,-79.98470187626673,-79.98471111466735
0.515,-79.99823794289203,-79.99312981197814,-79.98987630499333,-79.98785128569362,-79.98659885743348,-79.98582898557902,-79.98535853758057,-79.98507270623853,-79.98490000976737,-79.98479623381154,-79.98473420281746,-79.98469731575958,-79.98467549131587,-79.98466264249699,-79.9846551145395,-79.98465072496558,-79.9846481774087,-79.98464670586466,-79.9846458600763,-79.98464537682825,-79.9846451032355,-79.98464495134377,-79.98464487153176,-79.98464483722701,-79.98464483654065,-79.98464486835248,-79.98464494163116,-79.9846450776763,-79.98464531574785,-79.98464572339418,-79.98464641388733,-79.98464757474467,-79.98464951364575,-79.98465273153766,-79.98465803791369,-79.98466731528003
0.5199999999999999,-79.9982379241586,-79.99311912387742,-79.98985674849246,-79.9878247985285,-79.98656717954988,-79.98579354133909,-79.98532042787839,-79.985032748477,-79.98485879277285,-79.98475417167113,-79.98469158099822,-79.98465432775002,-79.98463226633503,-79.98461926571395,-79.98461164142691,-79.98460719126432,-79.9846046059179,-79.98460311099466,-79.98460225085928,-79.9846017588847,-79.98460148004507,-79.9846013250605,-79.98460124350478,-79.98460120833576,-79.9846012074163,-79.98460123953467,-79.98460131369377,-79.98460145134719,-79.98460169204233,-79.9846021037791,-79.98460280048894,-79.9846039706085,-79.98460592304407,-79.98460916029558,-79.98461449367741,-79.98462380970432
0.5249999999999998,-79.99823790564676,-79.99310851887846,-79.98983734094392,-79.98779850893133,-79.98653573325682,-79.98575835148385,-79.98528258724797,-79.98499306889813,-79.984817859391,-79.984712396234,-79.98464924754136,-79.98461162892123,-79.984589330883,-79.9845761785609,-79.98456845792778,-79.98456394711326,-79.9845613239036,-79.98455980553364,-79.98455893099589,-79.98455843025232,-79.98455814613483,-79.98455798803556,-79.98455790472127,-79.984557868678,-79.98455786751877,-79.98455789993879,-79.98455797497361,-79.98455811422888,-79.98455835753686,-79.98455877334499,-79.98455947623842,-79.98456065556472,-79.9845626214456,-79.98456587791938,-79.98457123810533,-79.9845805924959
0.5299999999999997,-79.99823788735205,-79.99309799543468,-79.98981807957838,-79.98777241323464,-79.98650451426367,-79.98572341131062,-79.98524501072569,-79.98495366238038,-79.98477720440901,-79.98467090223755,-79.98460719715905,-79.98456921397403,-79.98454667965655,-79.98453337573409,-79.98452555873932,-79.98452098721098,-79.98451832606565,-79.98451678418242,-79.9845158951877,-79.98451538563324,-79.98451509620722,-79.98451493497163,-79.98451484988395,-79.98451481295658,-79.98451481155095,-79.98451484426772,-79.9845149201736,-79.98451506102437,-79.98451530693461,-79.98451572679546,-79.9845164358401,-79.98451762431903,-79.98451960355828,-79.98452287912066,-79.98452826591439,-79.98453765837957
0.5349999999999996,-79.99823786927016,-79.99308755204734,-79.98979896171241,-79.98774650788498,-79.98647351841335,-79.98568871626277,-79.98520769350208,-79.98491452396078,-79.98473682277528,-79.98462968458163,-79.98456542472655,-79.9845270777725,-79.98450430751576,-79.984490852093,-79.9844829387219,-79.9844783064191,-79.98447560726689,-79.98447404180489,-79.9844731382993,-79.98447261989254,-79.98447232512765,-79.98447216073433,-79.9844720738586,-79.9844720360373,-79.98447203437865,-79.9844720673873,-79.9844721441596,-79.98447228659965,-79.98447253510174,-79.98447295899703,-79.98447367416128,-79.98447487173998,-79.98447686425288,-79.98448015877358,-79.98448557198388,-79.98449500224211
0.5399999999999995,-79.99823785139692,-79.99307718726347,-79.98977998474489,-79.98772078943804,-79.98644274167646,-79.98565426192373,-79.98517063091505,-79.9848756488284,-79.98469670959257,-79.98458873832183,-79.98452392527535,-79.98448521533719,-79.98446220947719,-79.98444860265357,-79.98444059289224,-79.9844358997556,-79.98443316252646,-79.9844315734211,-79.98443065535147,-79.98443012805151,-79.98442982791777,-79.98442966034546,-79.98442957166712,-79.98442953294214,-79.98442953102389,-79.98442956431958,-79.98442964195368,-79.98442978597684,-79.98443003706058,-79.9844304649724,-79.98443118622532,-79.98443239285226,-79.98443439855616,-79.98443771190821,-79.98444315134876,-79.98445261912559
0.5449999999999994,-79.99823783372835,-79.99306689967393,-79.98976114615341,-79.98769525455411,-79.98641218014599,-79.98562004401091,-79.98513381844393,-79.9848370323179,-79.98465686011174,-79.98454805866292,-79.98448269398678,-79.98444362183864,-79.98442038070738,-79.98440662258173,-79.98439851641702,-79.98439376238827,-79.98439098701331,-79.98438937420094,-79.98438844151481,-79.9843879052812,-79.98438759974886,-79.98438742897656,-79.9843873384812,-79.98438729884282,-79.98438729665843,-79.9843873302363,-79.98438740872764,-79.98438755432784,-79.98438780798315,-79.984388239894,-79.98438896720538,-79.98439018283017,-79.98439220164448,-79.98439553370406,-79.98440099919317,-79.98441050422099
0.5499999999999993,-79.99823781626051,-79.99305668791159,-79.98974244349111,-79.98766989999353,-79.98638183003217,-79.98558605837022,-79.98509725170346,-79.98479866990355,-79.9846172697255,-79.98450764095284,-79.98444172618574,-79.98440229259124,-79.98437881651677,-79.98436490718726,-79.98435670460667,-79.98435188962868,-79.98434907604008,-79.98434743945796,-79.98434649210348,-79.98434594689625,-79.98434563593594,-79.98434546194282,-79.9843453696161,-79.98434532905469,-79.9843453265976,-79.98434536045289,-79.9843454397969,-79.9843455869681,-79.98434584318517,-79.98434627907785,-79.98434701241813,-79.98434823699161,-79.98435026883762,-79.98435361948397,-79.98435911084442,-79.98436865286203
0.5549999999999992,-79.99823779898955,-79.99304655064951,-79.98972387438339,-79.98764472261267,-79.98635168765759,-79.9855523009707,-79.98506092643834,-79.98476055719352,-79.98457793396268,-79.9844674806767,-79.98440101733497,-79.98436122304739,-79.9843375123539,-79.98432345191789,-79.98431515290962,-79.98431027692632,-79.9843074250573,-79.98430576464354,-79.98430480256953,-79.98430424834918,-79.98430393193178,-79.98430375469718,-79.98430366052487,-79.98430361903085,-79.98430361629461,-79.98430365042249,-79.98430373061468,-79.98430387935096,-79.98430413812007,-79.98430457797778,-79.98430531731803,-79.98430655079216,-79.98430859559303,-79.98431196470827,-79.98431748176714,-79.98432706051952
0.559999999999999,-79.9982377819118,-79.99303648659935,-79.98970543652497,-79.9876197193599,-79.9863217494526,-79.9855187678995,-79.98502483851777,-79.98472268992441,-79.98453884848274,-79.98442757345143,-79.98436056302951,-79.98432040879193,-79.98429646379978,-79.98428225235389,-79.98427385690671,-79.98426891986303,-79.98426602964781,-79.98426434534133,-79.98426336849727,-79.98426280522469,-79.9842624833214,-79.98426230282487,-79.98426220679288,-79.9842621643567,-79.98426216133483,-79.98426219573055,-79.98426227676644,-79.98426242706194,-79.98426268837358,-79.98426313217982,-79.98426387749177,-79.98426511981957,-79.98426717750029,-79.9842705649693,-79.98427610755768,-79.98428572279576
0.564999999999999,-79.99823776502365,-79.99302649450982,-79.9896871276771,-79.98759488727185,-79.98629201195094,-79.98548545535712,-79.98498898393058,-79.98468506395608,-79.98450000907044,-79.9843879150203,-79.98432035899127,-79.98427984553688,-79.98425566656258,-79.98424130420271,-79.98423281230592,-79.98422781414773,-79.98422488552151,-79.98422317726207,-79.98422218559799,-79.98422161323455,-79.98422128581684,-79.98422110203808,-79.98422100413241,-79.98422096074464,-79.9842209574307,-79.9842209920895,-79.98422107396465,-79.98422122581358,-79.9842214896584,-79.984221937397,-79.98422268865298,-79.98422393978854,-79.98422601027576,-79.9842294159861,-79.98423498393905,-79.98424463541936
0.5699999999999988,-79.99823774832159,-79.9930165731651,-79.98966894566486,-79.98757022346987,-79.98626247178554,-79.98545235965278,-79.98495335878032,-79.98464767526673,-79.98446141163096,-79.98434850124814,-79.98428040106411,-79.98423952911637,-79.98421511647265,-79.98420060329391,-79.98419201493732,-79.98418695561146,-79.98418398851037,-79.98418225623848,-79.98418124970502,-79.98418066821249,-79.9841803352521,-79.98418014817102,-79.98418004837777,-79.98418000402897,-79.98418000041657,-79.98418003533375,-79.98418011804374,-79.9841802714404,-79.98418053780918,-79.98418098946429,-79.98418174663722,-79.98418300653563,-79.98418508975769,-79.9841885135995,-79.98419410675578,-79.98420379424023
0.5749999999999987,-79.9982377318022,-79.99300672138347,-79.98965088837457,-79.98754572515661,-79.98623312568456,-79.98541947720017,-79.98491795928076,-79.98461051994825,-79.98442305218508,-79.98430932811628,-79.98424068520909,-79.98419945548186,-79.98417480947779,-79.98416014557448,-79.98415146074836,-79.98414634020253,-79.98414333456358,-79.98414157822052,-79.9841405567689,-79.98413996610942,-79.98413962757843,-79.98413943717506,-79.98413933548042,-79.98413929016125,-79.98413928624403,-79.98413932141486,-79.98413940495531,-79.98413955989407,-79.98413982877777,-79.98414028433389,-79.98414104739722,-79.98414231601456,-79.98414441190137,-79.98414785376725,-79.98415347196918,-79.98416319522487
0.5799999999999986,-79.99823771546218,-79.99299693801598,-79.98963295375138,-79.9875213896128,-79.98620397046767,-79.9853868045133,-79.98488278175158,-79.98457359420169,-79.98438492686465,-79.98427039171824,-79.98420120749977,-79.98415962069758,-79.98413474163858,-79.98411992710415,-79.98411114579922,-79.98410596398196,-79.98410291974307,-79.98410113927083,-79.98410010285285,-79.98409950298898,-79.98409915885962,-79.98409896511421,-79.98409886150448,-79.98409881520567,-79.98409881097729,-79.98409884639706,-79.98409893076365,-79.98409908723895,-79.9840993586287,-79.98409981807056,-79.98410058699831,-79.9841018642916,-79.98410397277462,-79.9841074325595,-79.98411307565287,-79.98412283445182
0.5849999999999985,-79.99823769929831,-79.99298722194516,-79.98961513979701,-79.9874972141942,-79.98617500304239,-79.98535433820255,-79.98484782261417,-79.98453689433315,-79.98434703190829,-79.98423168825528,-79.98416196411797,-79.98412002093622,-79.9840949091241,-79.98407994405117,-79.98407106625852,-79.98406582311921,-79.98406274021909,-79.98406093556042,-79.98405988412836,-79.98405927502306,-79.98405892526789,-79.9840587281608,-79.9840586226224,-79.98405857533469,-79.98405857078883,-79.98405860645292,-79.98405869164132,-79.98405884964767,-79.98405912353472,-79.98405958684741,-79.98406036161414,-79.9840616475413,-79.98406376855343,-79.9840672461545,-79.9840729139884,-79.98408270810734
0.5899999999999984,-79.99823768330745,-79.99297757208379,-79.98959744456747,-79.98747319632872,-79.98614622040076,-79.98532207497097,-79.98481307838777,-79.98450041674955,-79.98430936365739,-79.98419321403223,-79.9841229513496,-79.9840806524747,-79.9840553082077,-79.98404019268811,-79.98403121839921,-79.98402591388798,-79.98402279226619,-79.98402096336446,-79.98401989687117,-79.98401927848775,-79.98401892307956,-79.98401872259136,-79.98401861511076,-79.98401856682497,-79.98401856195537,-79.98401859785913,-79.98401868386509,-79.98401884339702,-79.9840191197728,-79.98401958694166,-79.98402036752243,-79.98402166204225,-79.98402379551786,-79.98402729083448,-79.98403298326113,-79.98404281248136
0.5949999999999983,-79.99823766748653,-79.99296798737373,-79.98957986617103,-79.98744933351357,-79.98611761961602,-79.9852900116107,-79.98477854568566,-79.98446415795495,-79.98427191855204,-79.9841549654537,-79.98408416558071,-79.9840415116903,-79.98401593526316,-79.98400066938787,-79.98399159859454,-79.98398623266229,-79.98398307225914,-79.98398121905844,-79.98398013745725,-79.9839795097594,-79.98397914867122,-79.98397894478262,-79.98397883534642,-79.98397878605343,-79.98397878085382,-79.98397881699265,-79.98397890381192,-79.98397906486412,-79.98397934372015,-79.98397981473077,-79.98398060110118,-79.98398190417328,-79.98398405004805,-79.98398756298171,-79.9839932798564,-79.98400314396353
0.5999999999999982,-79.99823765183257,-79.99295846678484,-79.98956240276624,-79.98742562331265,-79.98608919783959,-79.98525814499963,-79.98474422121166,-79.98442811454676,-79.9842346931274,-79.98411693902018,-79.9840456032937,-79.98400259505682,-79.98397678676089,-79.98396137062004,-79.9839522033144,-79.98394677591273,-79.9839435766693,-79.98394169911434,-79.98394060235911,-79.98393996531082,-79.98393959851597,-79.9839393912078,-79.98393927980268,-79.9839392294934,-79.98393922395759,-79.98393926032689,-79.98393934795526,-79.98393951052243,-79.98393979185043,-79.98394026668872,-79.98394105882477,-79.98394237040962,-79.98394452862057,-79.98394805907476,-79.98395380025566,-79.9839636990395
0.6049999999999981,-79.99823763634261,-79.99294900931392,-79.98954505256002,-79.98740206335408,-79.98606095229803,-79.98522647209813,-79.98471010175669,-79.98439228321233,-79.98419768401016,-79.98407913132452,-79.98400726106374,-79.98396389914106,-79.98393785926429,-79.98392229294714,-79.98391302912165,-79.98390754020284,-79.98390430206095,-79.98390240009708,-79.98390128814212,-79.98390064170779,-79.98390026917974,-79.98390005843302,-79.98389994504578,-79.98389989371118,-79.98389988783298,-79.98389992442817,-79.98390001286147,-79.98390017693842,-79.98390046073021,-79.98390093938228,-79.98390173726048,-79.98390305731932,-79.98390522780474,-79.98390877568487,-79.98391454103297,-79.98392447428736
0.609999999999998,-79.99823762101387,-79.99293961398372,-79.98952781380582,-79.98737865132775,-79.98603288029037,-79.98519498994598,-79.98467618419554,-79.98435666072552,-79.98416088791504,-79.9840415390485,-79.98396913555538,-79.98392542059933,-79.98389914942635,-79.98388343302138,-79.9838740726687,-79.98386852218572,-79.9838652450879,-79.98386331866107,-79.98386219146117,-79.9838615356055,-79.98386115731802,-79.98386094311388,-79.98386082773138,-79.98386077536249,-79.98386076913573,-79.98386080595229,-79.98386089518637,-79.98386106076794,-79.98386134701548,-79.98386182946774,-79.98386263306506,-79.98386396155989,-79.98386614425927,-79.9838697094726,-79.98387549885159,-79.98388546637423
0.6149999999999979,-79.99823760584357,-79.992930279842,-79.98951068480199,-79.98735538498303,-79.98600497918525,-79.98516369565947,-79.98464246548377,-79.9843212439436,-79.98412430164169,-79.98400415895964,-79.98393122351926,-79.98388715617423,-79.98386065398638,-79.98384478758119,-79.98383533069429,-79.98382971860075,-79.98382640249018,-79.98382445154695,-79.98382330905737,-79.9838226437454,-79.98382225967241,-79.9838220419922,-79.98382192460136,-79.98382187118926,-79.98382186460783,-79.98382190164125,-79.983821991672,-79.98382215875309,-79.98382244744847,-79.98382293368755,-79.98382374298136,-79.98382507987492,-79.98382727472892,-79.98383085718457,-79.98383667046072,-79.983846672053
0.6199999999999978,-79.998237590829,-79.99292100596055,-79.98949366389004,-79.98733226212669,-79.98597724641857,-79.98513258642852,-79.98460894265477,-79.98428602980417,-79.9840879220715,-79.9839669879079,-79.98389352178897,-79.98384910269144,-79.98382236976693,-79.98380635344827,-79.98379680002033,-79.98379112627043,-79.98378777109103,-79.98378579557848,-79.98378463775491,-79.98378396295202,-79.98378357306771,-79.98378335189284,-79.98378323248072,-79.98378317801654,-79.98378317107434,-79.9837832083201,-79.98378329914345,-79.98378346771905,-79.98378375885449,-79.98378424886725,-79.98378506383536,-79.98378640909108,-79.98378861604155,-79.98379221565028,-79.98379805269239,-79.9838080881593
0.6249999999999977,-79.99823757596752,-79.99291179143442,-79.98947674945317,-79.98730928062065,-79.98594967949089,-79.98510165951414,-79.98457561281695,-79.98425101532223,-79.98405174616472,-79.98393002282297,-79.98385602727804,-79.98381125705683,-79.98378429367067,-79.9837681275245,-79.9837584775489,-79.98375274209748,-79.98374934779373,-79.98374734765959,-79.98374617445815,-79.98374549013,-79.98374509440876,-79.98374486972081,-79.98374474827453,-79.98374469274944,-79.9837446854404,-79.98374472289404,-79.98374481450595,-79.98374498457109,-79.9837452781389,-79.98374577191247,-79.98374659253308,-79.9837479461151,-79.98375016510492,-79.98375378177923,-79.98375964245845,-79.98376971160842
0.6299999999999976,-79.99823756125659,-79.992902635381,-79.98945993991472,-79.9872864383802,-79.98592227596521,-79.98507091224576,-79.98454247315102,-79.98421619758747,-79.98401577095761,-79.9838932607112,-79.98381873697717,-79.98377361625353,-79.98374642267767,-79.98373010678911,-79.98372036025945,-79.9837145630619,-79.98371112957898,-79.98370910477144,-79.98370791614869,-79.98370722226126,-79.9837068206777,-79.98370659245835,-79.98370646896511,-79.98370641237035,-79.98370640468843,-79.98370644234551,-79.98370653474196,-79.98370670629173,-79.98370700228438,-79.98370749980609,-79.9837083260578,-79.98370968793088,-79.98371191890404,-79.98371555255801,-79.98372143674786,-79.98373153939262
0.6349999999999975,-79.99823754669367,-79.99289353693932,-79.98944323373675,-79.9872637333719,-79.98589503346469,-79.98504034201883,-79.98450952090745,-79.9841815737616,-79.98397999355971,-79.983856698653,-79.98378164795143,-79.98373617733925,-79.98370875384262,-79.98369228829598,-79.98368244520607,-79.98367658621831,-79.98367311350196,-79.98367106396981,-79.9836698598827,-79.98366915640226,-79.98366874893117,-79.98366851716227,-79.98366839160937,-79.9836683339362,-79.98366832587541,-79.98366836373147,-79.98366845690849,-79.98366862993807,-79.98366892834811,-79.98366942960548,-79.98367026146731,-79.98367163159688,-79.98367387449834,-79.9836775250476,-79.98368343262382,-79.98369356857836
0.6399999999999973,-79.99823753227633,-79.99288449526925,-79.98942662941872,-79.98724116361198,-79.98586794967053,-79.98500994629256,-79.98447675340401,-79.98414714107578,-79.98394441115137,-79.98382033380024,-79.98374475733772,-79.98369893744369,-79.98367128429221,-79.98365466917099,-79.9836447295148,-79.9836388086933,-79.9836352966899,-79.98363322238238,-79.9836320027883,-79.9836312896814,-79.98363087629778,-79.98363064096132,-79.98363051333611,-79.98363045457585,-79.9836304461302,-79.98363048418085,-79.9836305781345,-79.98363075263907,-79.98363105345919,-79.98363155844,-79.98363239589126,-79.98363377424337,-79.9836360290191,-79.98363969638078,-79.98364562722128,-79.98365579630367
0.6449999999999972,-79.9982375180022,-79.99287550955077,-79.98941012549615,-79.98721872716442,-79.98584102232003,-79.9849797225876,-79.98444416802339,-79.98411289682825,-79.9839090209812,-79.98378416337374,-79.98370806234219,-79.98366189376594,-79.98363401122268,-79.98361724660955,-79.98360721038122,-79.98360122768301,-79.98359767633944,-79.98359557720636,-79.98359434206303,-79.98359361929656,-79.9835931999756,-79.98359296105366,-79.98359283134359,-79.98359277148761,-79.98359276265116,-79.98359280089201,-79.98359289561836,-79.98359307159322,-79.98359337481621,-79.98359388350835,-79.98359472652882,-79.9835961130701,-79.983598379667,-79.98360206375968,-79.98360801774444,-79.98361821977572
0.6499999999999971,-79.99823750386888,-79.9928665789833,-79.98939372053941,-79.98719642213945,-79.98581424920454,-79.98494966848396,-79.98441176221102,-79.98407883838199,-79.98387382036371,-79.9837481846609,-79.98367156023798,-79.98362504357223,-79.98359693189735,-79.98358001787425,-79.98356988506805,-79.98356384045064,-79.9835602497144,-79.983558125706,-79.9835568749716,-79.98355614251265,-79.98355571722975,-79.98355547470454,-79.98355534289713,-79.98355528193686,-79.98355527270367,-79.98355531113039,-79.98355540662554,-79.983555584066,-79.98355588968475,-79.98355640207642,-79.98355725064611,-79.98355864534378,-79.9835609237097,-79.98356462445335,-79.98357060146438,-79.98358083626852
0.654999999999997,-79.9982374898741,-79.99285770278499,-79.98937741315255,-79.9871742466919,-79.98578762816766,-79.984919781619,-79.98437953347292,-79.98404496316252,-79.98383880667716,-79.98371239501346,-79.98363524836282,-79.98358838419355,-79.98356004364445,-79.9835429802925,-79.9835327509029,-79.98352664432424,-79.98352301414337,-79.98352086521041,-79.98351959884343,-79.98351885665944,-79.98351842539014,-79.98351817924403,-79.98351804532687,-79.98351798325376,-79.98351797361794,-79.98351801222617,-79.98351810848627,-79.98351828738771,-79.98351859539522,-79.98351911147473,-79.98351996557406,-79.98352136839588,-79.98352365847956,-79.9835273757955,-79.98353337571675,-79.98354364312051
0.6599999999999969,-79.99823747601566,-79.99284888019223,-79.98936120197207,-79.98715219901966,-79.9857611571035,-79.98489005968545,-79.98434747937354,-79.98401126865576,-79.98380397736128,-79.98367679184527,-79.98359912411695,-79.9835519130235,-79.98352334385483,-79.98350613125439,-79.98349580527595,-79.98348963669457,-79.98348596701763,-79.98348379311129,-79.98348251107062,-79.98348175912923,-79.9834813218493,-79.98348107206473,-79.98348093602552,-79.98348087283105,-79.98348086278673,-79.98348090157216,-79.98348099859338,-79.98348117895124,-79.98348148934062,-79.9834820090965,-79.98348286870618,-79.98348427962047,-79.98348658137147,-79.98349031518232,-79.98349633789965,-79.9835066377325
0.6649999999999968,-79.99823746229136,-79.99284011045887,-79.98934508566596,-79.98713027736237,-79.98573483395494,-79.98486050042958,-79.98431559753395,-79.98397775240605,-79.9837693299153,-79.9836413726303,-79.98356318496091,-79.98351562751624,-79.98348682997994,-79.98346946821063,-79.98345904563807,-79.98345281501287,-79.98344910578892,-79.98344690686089,-79.98344560910577,-79.9834448473749,-79.98344440406028,-79.98344415061983,-79.98344401244628,-79.98344394812203,-79.98344393766338,-79.98344397662171,-79.98344407440024,-79.98344425620999,-79.98344456897445,-79.9834450923954,-79.98344595749644,-79.98344737647204,-79.9834496898408,-79.98345344007046,-79.98345948547154,-79.98346981756556
0.6699999999999967,-79.99823744869906,-79.99283139285579,-79.98932906293257,-79.98710847999986,-79.98570865671202,-79.98483110164939,-79.98428388562982,-79.98394441201418,-79.98373486189597,-79.98360613490053,-79.98352742841371,-79.98347952518438,-79.98345049952978,-79.98343298867046,-79.9834224694986,-79.98341617678898,-79.98341242796761,-79.98341020397001,-79.98340889046001,-79.98340811890785,-79.98340766953463,-79.98340741242099,-79.98340727210093,-79.98340720663849,-79.98340719575968,-79.98340723488664,-79.98340733341871,-79.9834075166759,-79.9834078318087,-79.9834083588836,-79.98340922945737,-79.98341065646362,-79.98341298140134,-79.98341674797494,-79.98342281594918,-79.98343318013906
0.6749999999999966,-79.9982374352367,-79.99282272667027,-79.98931313249969,-79.98708680525098,-79.9856826234104,-79.98480186119292,-79.98425234138973,-79.9839112451355,-79.98370057091556,-79.98357107624413,-79.98349185205073,-79.98344360359712,-79.98341435007102,-79.98339669019981,-79.9833860744236,-79.98337971958935,-79.98337593112063,-79.98337368200602,-79.98337235270108,-79.98337157129605,-79.98337111584051,-79.9833708550365,-79.98337071255781,-79.9833706459488,-79.98337063464406,-79.9833706739354,-79.98337077321726,-79.98337095791744,-79.98337127541201,-79.98337180612991,-79.983372682158,-79.98337411716474,-79.98337645362345,-79.98338023646726,-79.98338632690583,-79.98339672302866
0.6799999999999965,-79.99823742190222,-79.99281411120546,-79.98929729312353,-79.98706525147225,-79.98565673212985,-79.98477277695662,-79.98422096259341,-79.9838782494782,-79.98366645464021,-79.98353619430361,-79.983456453502,-79.98340786037849,-79.98337837922507,-79.98336057041939,-79.98334985803392,-79.98334344103527,-79.98333961286977,-79.9833373385911,-79.98333599345148,-79.98333520216225,-79.98333474060084,-79.98333447608938,-79.98333433144002,-79.98333426367611,-79.98333425193968,-79.98333429139116,-79.98333439141909,-79.98333457755791,-79.98333489740769,-79.9833354317578,-79.98333631322217,-79.9833377561997,-79.98334010413214,-79.98334390317362,-79.98335001596931,-79.98336044386464
0.6849999999999964,-79.99823740869361,-79.9928055457799,-79.98928154358784,-79.98704381705664,-79.98563098099291,-79.98474384688379,-79.98418974707003,-79.98384542280155,-79.98363251078808,-79.98350148677407,-79.9834212304504,-79.98337229320542,-79.98334258466645,-79.983324627003,-79.98331381800342,-79.98330733880105,-79.98330347088978,-79.98330117140043,-79.98329981038671,-79.9832990091822,-79.98329854149155,-79.98329827325564,-79.98329812642365,-79.98329805749655,-79.9832980453227,-79.98329808493013,-79.98329818570042,-79.98329837327353,-79.98329869547209,-79.98329923344379,-79.98330012032662,-79.9833015712457,-79.98330393060539,-79.98330774577309,-79.98331388082033,-79.98332434033001
0.6899999999999963,-79.99823739560894,-79.99279702972703,-79.98926588270304,-79.9870225004325,-79.98560536816336,-79.98471506896307,-79.98415869269668,-79.98381276291431,-79.9835987371277,-79.98346695140145,-79.98338618062999,-79.98333689980616,-79.98330696412096,-79.98328885767576,-79.98327795205736,-79.9832714106123,-79.98326750290676,-79.98326517816052,-79.98326380123363,-79.98326299008299,-79.98326251623985,-79.98326224426263,-79.98326209523609,-79.98326202513756,-79.98326201252058,-79.98326205227976,-79.98326215378874,-79.98326234279189,-79.98326266733285,-79.98326320891567,-79.98326410119942,-79.98326556003131,-79.98326793077241,-79.983271761996,-79.98327791919077,-79.9832884101589
0.6949999999999962,-79.99823738264631,-79.99278856239474,-79.98925030930539,-79.98700130006233,-79.98557989184508,-79.98468644122701,-79.98412779739684,-79.9837802676731,-79.98356513147641,-79.98343258598105,-79.98335130182434,-79.98330167795862,-79.98327151536415,-79.98325326021252,-79.98324225797067,-79.98323565424441,-79.98323170669651,-79.98322935664758,-79.98322796376873,-79.98322714264134,-79.98322666262264,-79.98322638688735,-79.9832262356544,-79.98322616437628,-79.98322615131046,-79.98322619121721,-79.98322629346124,-79.98322648389019,-79.9832268107673,-79.98322735595092,-79.98322825361831,-79.98322972033465,-79.98323210241206,-79.9832359496222,-79.98324212886202,-79.98325265113493
0.6999999999999961,-79.99823736980382,-79.99278014314487,-79.98923482225615,-79.98698021444176,-79.98555455028065,-79.98465796175066,-79.98409705913888,-79.98374793498097,-79.98353169169879,-79.98339838835584,-79.983316591865,-79.98326662548884,-79.98323623621971,-79.98321783243634,-79.9832067335665,-79.98320006752087,-79.98319608008299,-79.98319370468596,-79.98319229581669,-79.98319146468212,-79.98319097846496,-79.98319069895494,-79.98319054550382,-79.98319047303791,-79.98319045951762,-79.98319049956777,-79.98319060254325,-79.98319079439379,-79.98319112360088,-79.98319167237509,-79.98319257540912,-79.98319404998196,-79.98319644335128,-79.98320030647966,-79.98320650766348,-79.98321706108963
0.704999999999996,-79.99823735707965,-79.99277177135282,-79.9892194204408,-79.98695924209852,-79.98552934175031,-79.9846296286503,-79.98406647593472,-79.98371576278588,-79.9834984157052,-79.98336435641507,-79.98328204863009,-79.98323174026945,-79.98320112455804,-79.98318257221689,-79.98317137671467,-79.98316464831187,-79.9831606209368,-79.98315822014663,-79.98315679524876,-79.98315595407686,-79.98315546163849,-79.98315517833716,-79.98315502265615,-79.98315494899433,-79.98315493501393,-79.98315497520338,-79.98315507890669,-79.98315527217467,-79.9831556037056,-79.98315615606039,-79.98315706444427,-79.98315854684611,-79.98316095146352,-79.98316483044285,-79.9831710534711,-79.98318163790104
0.7099999999999959,-79.998237344472,-79.99276344640715,-79.98920410276838,-79.9869383815915,-79.98550426457065,-79.98460144008212,-79.98403604583847,-79.98368374907939,-79.98346530145037,-79.98333048809279,-79.9832476700427,-79.98319702021826,-79.9831661782947,-79.98314747746915,-79.98313618533018,-79.98312939453281,-79.98312532717378,-79.9831229009458,-79.98312145998146,-79.98312060874225,-79.98312011006004,-79.98311982295097,-79.98311966502841,-79.9831195901626,-79.98311957571647,-79.98311961604111,-79.9831197204687,-79.98311991515,-79.98312024899873,-79.98312080492418,-79.9831217186414,-79.98312320884511,-79.98312562466745,-79.98312951943139,-79.98313576420587,-79.98314637949218
0.7149999999999958,-79.99823733197914,-79.99275516770919,-79.98918886817073,-79.98691763150971,-79.98547931709355,-79.98457339424104,-79.98400576694507,-79.98365189189524,-79.98343234693205,-79.98329678136655,-79.98321345406967,-79.98316246329689,-79.98313139538911,-79.9831125461519,-79.98310115737193,-79.98309430414294,-79.9830901967536,-79.9830877450435,-79.98308628797511,-79.98308542663884,-79.98308492169033,-79.98308463075713,-79.98308447058146,-79.98308439450362,-79.98308437958616,-79.98308442004188,-79.98308452519016,-79.98308472128075,-79.98308505744131,-79.9830856169277,-79.98308653596192,-79.98308803394077,-79.98309046092551,-79.98309437140863,-79.9831006378325,-79.98311128382973
0.7199999999999956,-79.99823731959934,-79.99274693467258,-79.98917371560175,-79.98689699047148,-79.98545449770518,-79.9845454893595,-79.9839756373892,-79.98362018930813,-79.98339955018969,-79.98326323425599,-79.98317939872015,-79.98312806750943,-79.98309677384324,-79.98307777626648,-79.98306629084135,-79.98305937514402,-79.98305522767838,-79.98305275044225,-79.9830512772325,-79.98305040576963,-79.98304989453253,-79.98304959975894,-79.9830494373186,-79.9830493600207,-79.98304934462637,-79.98304938520909,-79.98304949107457,-79.98304968857038,-79.98305002703691,-79.98305059007455,-79.98305151440972,-79.98305302013736,-79.98305545824253,-79.98305938438031,-79.98306567235805,-79.9830763489227
0.7249999999999955,-79.99823730733091,-79.992738746723,-79.98915864403683,-79.98687645712349,-79.98542980482488,-79.98451772370639,-79.9839456553439,-79.9835886394325,-79.9833669093032,-79.98322984482164,-79.98314550204442,-79.98309383090113,-79.98306231170027,-79.98304316585545,-79.98303158378107,-79.98302460557908,-79.98302041799157,-79.98301791518583,-79.9830164257977,-79.9830155441789,-79.983015026631,-79.98301472800085,-79.98301456328437,-79.98301448475846,-79.9830144688817,-79.98301450958736,-79.98301461616653,-79.98301481506358,-79.98301515583024,-79.98301572240966,-79.98301665202992,-79.98301816548033,-79.98302061466457,-79.9830245563934,-79.98303086583076,-79.98304157282118
0.7299999999999954,-79.99823729517222,-79.99273060329779,-79.9891436524722,-79.98685603013996,-79.98540523690423,-79.9844900955859,-79.98391581901961,-79.98355724042129,-79.98333442239172,-79.98319661116366,-79.98311176213262,-79.98305975155726,-79.98302800704337,-79.98300871300144,-79.98299703427381,-79.98298999353113,-79.98298576577659,-79.98298323735797,-79.98298173175473,-79.98298083995084,-79.98298031607014,-79.98298001356734,-79.98297984656332,-79.98297976680145,-79.98297975043675,-79.98297979126133,-79.9829798985507,-79.98298009884502,-79.98298044190607,-79.98298101201786,-79.98298194690757,-79.98298346805512,-79.98298592827761,-79.9829898855347,-79.9829962163387,-79.9830069536151
0.7349999999999953,-79.99823728312163,-79.99272250384557,-79.98912873992425,-79.9868357082219,-79.98538079242608,-79.98446260333648,-79.98388612666295,-79.98352599046487,-79.98330208761251,-79.98316353142074,-79.98307817711355,-79.98302582760184,-79.9829938579946,-79.98297441582588,-79.98296264044112,-79.98295553712208,-79.98295126915568,-79.98294871508129,-79.98294719322647,-79.98294629120858,-79.98294576097314,-79.98294545458171,-79.9829452852788,-79.98294520427307,-79.98294518741494,-79.98294522835438,-79.9829453363505,-79.98294553803818,-79.98294588338791,-79.98294645702285,-79.98294739716655,-79.98294892598597,-79.98295139720642,-79.98295536992984,-79.98296172200874,-79.98297248943308
0.7399999999999952,-79.99823727117759,-79.99271444782599,-79.98911390542911,-79.98681549009628,-79.98535646990368,-79.98443524532996,-79.9838565765557,-79.98349488778989,-79.98326990315982,-79.9831306037689,-79.98304474515362,-79.98299205719658,-79.98295986271368,-79.98294027248797,-79.98292840044222,-79.98292123451147,-79.98291692628881,-79.9829143465161,-79.98291280837344,-79.98291189611281,-79.98291135950089,-79.98291104920493,-79.98291087759183,-79.98291079533436,-79.98291077797732,-79.98291081902767,-79.98291092772708,-79.98291113080423,-79.98291147843702,-79.98291205558591,-79.98291300096841,-79.9829145374347,-79.98291701961341,-79.98292100774205,-79.98292738100527,-79.9829381784413
0.7449999999999951,-79.99823725933852,-79.99270643470935,-79.98909914804189,-79.98679537451527,-79.98533226787974,-79.98440801997046,-79.98382716701376,-79.98346393065826,-79.98323786726378,-79.98309782642042,-79.98301146445569,-79.98295843853975,-79.98292601939697,-79.98290628118347,-79.982894312473,-79.9828870838955,-79.98288273537256,-79.98288012985925,-79.98287857539283,-79.98287765286089,-79.98287710985086,-79.98287679563455,-79.98287662170003,-79.982876538183,-79.98287652032161,-79.98287656147885,-79.98287667087813,-79.98287687534088,-79.9828772252512,-79.98287780590503,-79.98287875651127,-79.98288030059979,-79.98288279369756,-79.98288679717108,-79.98289319152919,-79.98290401884239
0.749999999999995,-79.99823724760292,-79.99269846397635,-79.98908446683626,-79.98677536025559,-79.98530818492563,-79.98438092569346,-79.98379789638624,-79.98343311736613,-79.98320597818943,-79.98306519762286,-79.98297833325803,-79.98292496986514,-79.98289232627637,-79.98287244014377,-79.98286037476491,-79.98285308350599,-79.98284869463902,-79.98284606334323,-79.98284449251733,-79.9828435596857,-79.98284301025609,-79.9828426921037,-79.98284251583657,-79.98284243105218,-79.982842412681,-79.98284245394115,-79.98284256403691,-79.98284276988147,-79.9828431220638,-79.98284370621364,-79.98284466202877,-79.9828462137152,-79.98284871769332,-79.98285273645217,-79.9828591518169,-79.98287000887437
0.7549999999999949,-79.9982372359693,-79.99269053511777,-79.98906986090394,-79.98675544611774,-79.98528421964056,-79.98435396096502,-79.98376876305443,-79.98340244624292,-79.98317423423563,-79.983032715658,-79.98294534983334,-79.98289164944107,-79.98285878161835,-79.98283874763479,-79.98282658558395,-79.9828192316092,-79.98281480235485,-79.982812145235,-79.98281055801418,-79.9828096148547,-79.9828090589841,-79.98280873688002,-79.98280855826913,-79.98280847220961,-79.98280845332324,-79.98280849468236,-79.98280860547122,-79.98280881269379,-79.98280916714269,-79.98280975477972,-79.98281071578909,-79.98281227504944,-79.98281478986966,-79.98281882385507,-79.98282526013925,-79.98283614680972
0.7599999999999948,-79.99823722443615,-79.99268264763418,-79.98905532935413,-79.98673563092537,-79.98526037065082,-79.98432712428082,-79.98373976543093,-79.98337191565038,-79.98314263373425,-79.98300037884087,-79.98291251248781,-79.98285847556934,-79.98282538372293,-79.98280520195604,-79.98279294322973,-79.98278552650504,-79.98278105682036,-79.98277837383513,-79.98277677018419,-79.98277581666886,-79.98277525433605,-79.98277492826467,-79.98277474729896,-79.9827746599566,-79.98277464054966,-79.9827746820038,-79.9827747934824,-79.98277500207921,-79.98277535878931,-79.98277594990483,-79.98277691609395,-79.9827784829045,-79.98278100852912,-79.98278505768299,-79.98279151480052,-79.98280243095435
0.7649999999999947,-79.99823721300211,-79.99267480103572,-79.98904087131305,-79.98671591352465,-79.98523663660899,-79.98430041416538,-79.98371090195882,-79.98334152398168,-79.98311117504913,-79.98296818551884,-79.9828798195601,-79.98282544658443,-79.98279213092276,-79.9827718014397,-79.98275944603446,-79.98275196652607,-79.9827474563684,-79.98274474747681,-79.98274312736079,-79.9827421634618,-79.98274159464563,-79.98274126459152,-79.98274108125997,-79.98274099262706,-79.98274097269417,-79.98274101423941,-79.9827411264044,-79.98274133637175,-79.98274169533771,-79.98274228992311,-79.98274326127769,-79.98274483561501,-79.98274737200677,-79.98275143627176,-79.98275791413762,-79.98276885964671
0.7699999999999946,-79.99823720166576,-79.99266699484177,-79.9890264859235,-79.98669629278366,-79.98521301619323,-79.98427382917124,-79.98368217111074,-79.98331126966059,-79.98307985657524,-79.98293613407077,-79.98284726942046,-79.98279256085245,-79.98275902158227,-79.98273854444963,-79.98272609236217,-79.98271855003657,-79.98271399936361,-79.98271126452498,-79.98270962790916,-79.98270865359885,-79.98270807827835,-79.9827077442261,-79.98270755851775,-79.98270746858661,-79.98270744812243,-79.98270748975487,-79.98270760260291,-79.98270781393708,-79.98270817515366,-79.98270877320043,-79.98270974970632,-79.98271133154729,-79.98271387866939,-79.98271795798887,-79.98272445651902,-79.98273543125681
0.7749999999999945,-79.9982371904257,-79.99265922858079,-79.98901217234443,-79.98667676759176,-79.9851895081066,-79.98424736787823,-79.98365357138813,-79.98328115114052,-79.98304867673781,-79.98290422290603,-79.98281486046996,-79.98275981677034,-79.98272605409669,-79.98270542938066,-79.98269288060769,-79.98268527543168,-79.98268068420147,-79.9826779233754,-79.9826762702253,-79.9826752854762,-79.98267470363048,-79.98267436556479,-79.9826741774687,-79.98267408623171,-79.98267406523092,-79.98267410694666,-79.98267422047446,-79.98267443317181,-79.98267479663376,-79.98267539813348,-79.98267637977673,-79.9826779690985,-79.98268052691458,-79.98268462123258,-79.98269114034404,-79.98270214418545
0.7799999999999944,-79.9982371792806,-79.99265150179001,-79.98899792975041,-79.98665733685903,-79.98516611107638,-79.98422102889266,-79.98362510132044,-79.98325116690384,-79.98301763399152,-79.98287245046377,-79.9827825911395,-79.98272721276508,-79.98269322689131,-79.98267245465756,-79.98265980919591,-79.9826521411366,-79.98264750930747,-79.98264472245388,-79.98264305273524,-79.98264205752005,-79.98264146912837,-79.982641127034,-79.98264093653931,-79.98264084398888,-79.98264082244616,-79.98264086424132,-79.9826409784456,-79.98264119250247,-79.98264155820462,-79.98264216314898,-79.9826431499158,-79.98264474669581,-79.98264731516991,-79.98265142443115,-79.9826579640419,-79.98266899686334
0.7849999999999943,-79.99823716822912,-79.99264381401521,-79.98898375733134,-79.98663799951572,-79.98514282385338,-79.98419481084674,-79.98359675946432,-79.98322131546104,-79.9829867268197,-79.9828408152121,-79.98275045988913,-79.98269474729277,-79.98266053842063,-79.98263961873438,-79.98262687658092,-79.9826191456057,-79.98261447313635,-79.98261166021544,-79.98260997389423,-79.98260896818582,-79.98260837322752,-79.98260802708933,-79.98260783418522,-79.98260774031374,-79.98260771822383,-79.98260776009455,-79.98260787497202,-79.98260809038482,-79.98260845832208,-79.98260906670284,-79.9826100585796,-79.9826116627955,-79.98261424189215,-79.982618366042,-79.982624926071,-79.98263598775027
0.7899999999999942,-79.99823715726998,-79.9926361648105,-79.98896965429194,-79.98661875451171,-79.98511964521138,-79.98416871239772,-79.983568544403,-79.98319159534998,-79.98295595373358,-79.98280931564726,-79.9827184652072,-79.98266241883793,-79.98262798716756,-79.98260692009359,-79.98259408124531,-79.98258628732184,-79.98258157417125,-79.98257873514348,-79.98257703218592,-79.9825760159573,-79.98257541441188,-79.98257506421479,-79.98257486889048,-79.98257477369044,-79.98257475104805,-79.98257479299049,-79.9825749085379,-79.98257512530304,-79.98257549547034,-79.98257610727937,-79.98257710425256,-79.98257871588233,-79.98258130556646,-79.98258544455089,-79.98259202491802,-79.98260311533438
0.794999999999994,-79.99823714640189,-79.99262855373813,-79.98895561985141,-79.986599600816,-79.98509657394646,-79.98414273222734,-79.9835404547455,-79.98316200513517,-79.98292531327148,-79.98277795029293,-79.98268660560962,-79.98263022591273,-79.98259557164272,-79.98257435724531,-79.98256142169929,-79.9825535647955,-79.98254881092299,-79.98254594574914,-79.98254422612162,-79.98254319934603,-79.98254259119307,-79.98254223692204,-79.98254203916684,-79.98254194263072,-79.9825419194306,-79.98254196144093,-79.98254207765503,-79.98254229576898,-79.9825426681613,-79.98254328339054,-79.98254428544682,-79.98254590446867,-79.98254850470558,-79.98255265847125,-79.98255925909734,-79.9825703781314
0.7999999999999939,-79.99823713562361,-79.99262098036822,-79.98894165324309,-79.98658053741623,-79.98507360887646,-79.98411686904117,-79.98351248912597,-79.98313254340711,-79.98289480399822,-79.98274671769948,-79.98265487963916,-79.98259816705624,-79.9825632903836,-79.98254192872668,-79.98252889648006,-79.98252097656419,-79.98251618192937,-79.98251329057045,-79.98251155423962,-79.98251051689039,-79.9825099021096,-79.98250954374974,-79.98250934355295,-79.98250924567328,-79.9825092219102,-79.9825092639846,-79.98250938086217,-79.98250960032138,-79.98250997493376,-79.98251059357524,-79.98251160070147,-79.9825132270938,-79.98251583784923,-79.98252000634338,-79.98252662715014,-79.98253777468386
0.8049999999999938,-79.9982371249339,-79.99261344427862,-79.98892775371402,-79.98656156331816,-79.98505074884044,-79.98409112156796,-79.98348464620307,-79.9831032087815,-79.98286442450431,-79.98271561644333,-79.9826232858647,-79.98256624083375,-79.982531141954,-79.98250963310106,-79.98249650415106,-79.98248852119158,-79.9824836857544,-79.98248076817171,-79.98247901510443,-79.98247796715508,-79.98247734572625,-79.98247698326271,-79.98247678061371,-79.98247668138305,-79.9824766570518,-79.98247669918646,-79.9824768167243,-79.98247703752524,-79.98247741435277,-79.98247803639863,-79.98247904858175,-79.98248068232327,-79.98248330356331,-79.98248748673377,-79.98249412764382,-79.98250530356049
0.8099999999999937,-79.99823711433156,-79.99260594505469,-79.98891392052464,-79.98654267754524,-79.98502799269802,-79.98406548855907,-79.98345692465931,-79.98307399989874,-79.98283417340534,-79.98268464512616,-79.98259182288068,-79.98253444583605,-79.98249912494327,-79.98247746895738,-79.98246424330132,-79.982456197267,-79.98245132098765,-79.98244837714279,-79.98244660730612,-79.98244554873028,-79.98244492063337,-79.98244455405137,-79.98244434893958,-79.98244424835049,-79.98244422344588,-79.982444265637,-79.98244438383192,-79.98244460597114,-79.98244498500893,-79.98244561045135,-79.98244662767847,-79.98244826874813,-79.98245090043926,-79.98245509823447,-79.98246175917127,-79.98247296335546
0.8149999999999936,-79.99823710381543,-79.99259848228913,-79.98890015294843,-79.98652387913813,-79.98500533932904,-79.98403996878791,-79.98342932320041,-79.98304491542314,-79.98280404934134,-79.98265380237434,-79.98256048930625,-79.98250278067889,-79.98246723796566,-79.98244543490948,-79.98243211254476,-79.98242400340462,-79.98241908624365,-79.98241611609842,-79.98241432945963,-79.98241326023116,-79.98241262544617,-79.98241225473102,-79.98241204714591,-79.98241194519099,-79.98241191970786,-79.98241196195167,-79.98241208080047,-79.98241230427452,-79.98241268551773,-79.982413314349,-79.98241433660736,-79.98241598498431,-79.98241862709341,-79.98242283946234,-79.98242952035024,-79.98244075268782
0.8199999999999935,-79.99823709338432,-79.99259105558171,-79.98888645027162,-79.98650516715429,-79.98498278763286,-79.98401456104932,-79.98340184055479,-79.98301595404244,-79.98277405097616,-79.98262308683834,-79.98252928378476,-79.98247124400218,-79.98243547965971,-79.9824135295955,-79.9824001105196,-79.98239193824293,-79.98238698016115,-79.98238398367766,-79.98238218020421,-79.9823811002971,-79.98238045880417,-79.98238008394121,-79.9823798738723,-79.9823797705442,-79.98237974447737,-79.98237978677011,-79.98237990626966,-79.9823801310751,-79.98238051451894,-79.98238114673141,-79.98238217400839,-79.982383829672,-79.98238648216629,-79.98239070905852,-79.98239740982265,-79.98240867020075
0.8249999999999934,-79.99823708303711,-79.99258366453924,-79.98887281179285,-79.98648654066758,-79.98496033652799,-79.98398926415912,-79.98337447547293,-79.98298711446722,-79.98274417699683,-79.98259249719206,-79.98249820498316,-79.98243983446952,-79.98240384868758,-79.98238175167728,-79.98236823588776,-79.98236000044409,-79.98235500140261,-79.98235197854319,-79.98235015820278,-79.98234906759116,-79.98234841937052,-79.9823480403452,-79.98234782778205,-79.98234772307342,-79.98234769641776,-79.98234773875568,-79.9823478589028,-79.98234808503624,-79.98234847067597,-79.98234910626208,-79.98235013854517,-79.98235180147506,-79.9823544643221,-79.98235870568774,-79.98236542625409,-79.98237671456106
0.8299999999999933,-79.9982370727727,-79.99257630877528,-79.98885923682279,-79.98646799876781,-79.98493798495159,-79.98396407695347,-79.98334722672685,-79.98295839543017,-79.98271442611306,-79.98256203213222,-79.98246725159139,-79.9824085507675,-79.98237234373457,-79.98235009983968,-79.98233648733418,-79.98232818869332,-79.98232314865352,-79.98232009938079,-79.98231826214129,-79.98231716079941,-79.98231650583145,-79.98231612262924,-79.98231590756146,-79.98231580146499,-79.98231577421538,-79.98231581659473,-79.98231593738632,-79.98231616484435,-79.98231655267527,-79.98231719162752,-79.98231822890438,-79.98231989908035,-79.98232257224808,-79.98232682803778,-79.98233356833313,-79.9823448844585
0.8349999999999932,-79.99823706258994,-79.99256898791003,-79.98884572468401,-79.98644954056036,-79.984915731859,-79.98393899828852,-79.98332009310958,-79.98292979568573,-79.98268479705659,-79.98253169037787,-79.98243642232178,-79.98237739160524,-79.98234096350839,-79.98231857279008,-79.98230486356634,-79.98229650169834,-79.9822914206219,-79.98228834489872,-79.98228649072821,-79.98228537863051,-79.98228471689563,-79.98228432950216,-79.98228411191937,-79.98228400442777,-79.98228397657911,-79.98228401899618,-79.98228414042909,-79.98228436920836,-79.9822847592258,-79.98228540153676,-79.98228644379516,-79.98228812119727,-79.98229080465396,-79.9822950748189,-79.98230183477081,-79.98231317860531
0.8399999999999931,-79.9982370524878,-79.99256170157014,-79.98883227471055,-79.98643116516581,-79.9848935762233,-79.98391402703977,-79.98329307343461,-79.98290131400948,-79.98265528858069,-79.9825014706698,-79.98240571590851,-79.98234635571376,-79.98230970673877,-79.98228716925783,-79.98227336331368,-79.98226493818885,-79.98225981603773,-79.98225671382717,-79.98225484269393,-79.98225371981496,-79.98225305129375,-79.98225265969462,-79.98225243958652,-79.98225233069255,-79.98225230223974,-79.9822523446908,-79.98225246676195,-79.98225269685912,-79.98225308905845,-79.9822537347208,-79.9822547819486,-79.98225646655708,-79.98225916027133,-79.9822634447632,-79.98227022430002,-79.98228159573553
0.844999999999993,-79.99823704246519,-79.9925544493886,-79.98881888624771,-79.9864128717196,-79.98487151703485,-79.98388916210168,-79.98326616653543,-79.9828729491976,-79.98262589945962,-79.98247137177002,-79.98237513110713,-79.98231544184543,-79.9822785721768,-79.9822558879937,-79.98224198532702,-79.98223349691594,-79.98222833365234,-79.98222520491778,-79.98222331679028,-79.98222218310475,-79.98222150777782,-79.98222111195875,-79.98222088931507,-79.98222077901151,-79.9822207499495,-79.98222079243084,-79.98222091513712,-79.98222114654887,-79.98222154092551,-79.98222218993195,-79.98222324211717,-79.98222493391248,-79.98222763785319,-79.98223193662422,-79.98223873567503,-79.98225013460461
0.8499999999999929,-79.99823703252109,-79.99254723100452,-79.98880555865178,-79.98639465937163,-79.98484955330095,-79.98386440238723,-79.98323937126504,-79.98284470006638,-79.98259662848817,-79.9824413924612,-79.98234466669393,-79.98228464877353,-79.98224755859447,-79.98222472776932,-79.98221072837813,-79.98220217665158,-79.98219697223803,-79.98219381694302,-79.98219191178991,-79.98219076727268,-79.9821900851208,-79.98218968506755,-79.9821894598781,-79.9821893481577,-79.98218931848145,-79.98218936098938,-79.9821894843277,-79.98218971705074,-79.98219011360013,-79.98219076594343,-79.98219182307423,-79.982193522037,-79.98219623617342,-79.9822005491763,-79.98220736767095,-79.98221879398876
0.8549999999999928,-79.99823702265448,-79.99254004606307,-79.9887922912897,-79.98637652728593,-79.98482768404536,-79.98383974682743,-79.98321268649549,-79.98281656545181,-79.98256747448109,-79.98241153154623,-79.9823143214656,-79.98225397529167,-79.98221666478416,-79.98219368737678,-79.98217959125915,-79.98217097618817,-79.98216573058743,-79.9821625486958,-79.98216062648594,-79.98215947111197,-79.98215878211597,-79.9821583778144,-79.98215815006895,-79.98215803692459,-79.98215800662902,-79.98215804915989,-79.9821581731272,-79.98215840715824,-79.98215880587584,-79.98215946154889,-79.9821605236135,-79.98216222972454,-79.98216495402627,-79.9821692812142,-79.98217611908325,-79.98218757268455
0.8599999999999927,-79.99823701286435,-79.99253289421526,-79.98877908353893,-79.98635847464034,-79.98480590830796,-79.98381519437088,-79.98318611111738,-79.982788544209,-79.98253843627266,-79.98238178784777,-79.98228409423854,-79.98222342021334,-79.98218588955817,-79.98216276562799,-79.98214857278212,-79.98213989433799,-79.98213460751309,-79.9821313989889,-79.98212945969131,-79.98212829343574,-79.98212759757656,-79.98212718901257,-79.98212695870099,-79.98212684412549,-79.9821268132056,-79.98212685575574,-79.98212698034898,-79.98212721568474,-79.9821276165661,-79.9821282755618,-79.98212934254859,-79.98213105578894,-79.98213379022586,-79.98213813155249,-79.98214498872724,-79.98215646950835
0.8649999999999926,-79.9982370031497,-79.99252577511785,-79.98876593478717,-79.98634050062617,-79.98478422514434,-79.98379074398343,-79.98315964403949,-79.9827606352118,-79.98250951271628,-79.98235216020767,-79.98225398384864,-79.98219298237147,-79.98215523174818,-79.98213196135437,-79.98211767177851,-79.98210892993275,-79.982103601847,-79.98210036665454,-79.98209841023842,-79.9820972330765,-79.9820965303352,-79.98209611749473,-79.98209588460693,-79.98209576859317,-79.98209573704395,-79.9820957796097,-79.98209590482583,-79.98209614146309,-79.98209654450378,-79.98209720681511,-79.98209827871251,-79.98209999906341,-79.98210274360567,-79.98210709902517,-79.9821139754376,-79.98212548329596
0.8699999999999924,-79.99823699350958,-79.99251868843322,-79.98875284443204,-79.98632260444789,-79.98476263362544,-79.98376639464773,-79.9831332841883,-79.98273283735239,-79.98248070268389,-79.98232264748661,-79.98222398915057,-79.98216266061792,-79.98212469020488,-79.9821012734063,-79.98208688709879,-79.98207808182318,-79.98207271244011,-79.98206945054388,-79.98206747697866,-79.9820662888858,-79.98206557924347,-79.98206516211258,-79.98206492663849,-79.98206480917936,-79.98206477699581,-79.98206481957354,-79.9820649454095,-79.98206518334507,-79.98206558854066,-79.98206625416066,-79.98206733095729,-79.98206905840011,-79.9820718130182,-79.98207618248516,-79.98208307806796,-79.98209461290203
0.8749999999999923,-79.99823698394304,-79.99251163382924,-79.98873981188096,-79.98630478532286,-79.98474113283723,-79.98374214536283,-79.98310703050763,-79.98270514954075,-79.98245200506567,-79.98229324856364,-79.98219410901756,-79.98213245382303,-79.98209426379752,-79.98207070065267,-79.98205621761194,-79.9820473488785,-79.98204193816193,-79.98203864952667,-79.98203665878192,-79.98203545973364,-79.98203474317151,-79.98203432173626,-79.98203408366588,-79.98203396475432,-79.98203393193147,-79.98203397451753,-79.98203410097034,-79.98203434020097,-79.9820347475471,-79.98203541646889,-79.9820364981534,-79.98203823266975,-79.98204099733442,-79.98204538080391,-79.98205229549043,-79.9820638571997
0.8799999999999922,-79.99823697444916,-79.99250461097907,-79.98872683655087,-79.98628704248098,-79.98471972188032,-79.98371799514382,-79.98308088195819,-79.98267757070433,-79.98242341876953,-79.98226396233572,-79.98216434234082,-79.98210236087527,-79.98206395141341,-79.98204024198053,-79.98202566220512,-79.98201672998603,-79.98201127790006,-79.98200796249075,-79.9820059545362,-79.98200474450815,-79.98200402100754,-79.98200359525411,-79.98200335457743,-79.9820032342064,-79.98200320073929,-79.98200324333006,-79.98200337039671,-79.98200361091924,-79.98200402041154,-79.98200469262827,-79.98200577918948,-79.9820075207611,-79.98201029544342,-79.98201469287093,-79.98202162659523,-79.9820332150802
0.8849999999999921,-79.99823696502698,-79.99249761956119,-79.98871391786801,-79.98626937516444,-79.98469839986964,-79.98369394302145,-79.98305483751722,-79.98265009978763,-79.98239494272075,-79.9822347877174,-79.9821346880292,-79.98207238068078,-79.98203375195754,-79.9820098962946,-79.98199521978313,-79.98198622405087,-79.98198073055978,-79.98197738834162,-79.9819753631472,-79.98197414211516,-79.98197341165748,-79.98197298157206,-79.98197273827915,-79.98197261644162,-79.98197258232531,-79.98197262491719,-79.98197275259467,-79.98197299440594,-79.9819734060401,-79.98197408154499,-79.9819751729718,-79.98197692158064,-79.9819797062519,-79.98198411759343,-79.98199107029016,-79.98200268545233
0.889999999999992,-79.99823695567564,-79.99249065925915,-79.98870105526778,-79.98625178262743,-79.98467716593416,-79.98366998804183,-79.98302889617811,-79.98262273575185,-79.98236657586156,-79.98220572364032,-79.9821051450088,-79.98204251216293,-79.98200366435222,-79.98197966251688,-79.98196488926806,-79.98195582999531,-79.9819502950637,-79.98194692600207,-79.98194488353789,-79.98194365147778,-79.98194291404451,-79.98194247961338,-79.98194223369435,-79.9819421103833,-79.98194207561288,-79.98194211820226,-79.98194224648759,-79.98194248958441,-79.98194290335618,-79.98194358214255,-79.98194467842393,-79.98194643405206,-79.98194922868392,-79.9819536538958,-79.9819606255003,-79.98197226724216
0.8949999999999919,-79.9982369463942,-79.99248372976149,-79.9886882481944,-79.98623426413592,-79.98465601921649,-79.98364612926599,-79.98300305695008,-79.9825954775744,-79.9823383171508,-79.98217676905286,-79.9820757122225,-79.98201275426202,-79.98197368753664,-79.9819495395863,-79.98193466959894,-79.98192554675862,-79.98191997035129,-79.98191657441181,-79.98191451464815,-79.981913271536,-79.98191252710872,-79.98191208831823,-79.9819118397632,-79.98191171497166,-79.9819116795422,-79.98191172212549,-79.9819118510157,-79.98191209539497,-79.98191251130008,-79.98191319336124,-79.9819142944863,-79.981916057116,-79.98191886168033,-79.98192330071936,-79.98193029116761,-79.98194195939259
0.8999999999999918,-79.99823693718183,-79.99247683076167,-79.98867549610091,-79.9862168189673,-79.98463495887266,-79.98362236576966,-79.98297731885772,-79.9825683242487,-79.98231016556352,-79.98214792291981,-79.98204638862966,-79.98198310593479,-79.9819438204665,-79.9819195264583,-79.98190455973129,-79.98189537329654,-79.98188975537853,-79.98188633252707,-79.98188425543435,-79.98188300124633,-79.98188224980672,-79.98188180664323,-79.98188155544238,-79.9818814291634,-79.98188139306998,-79.98188143564363,-79.98188156513575,-79.98188181079435,-79.9818822288286,-79.98188291415794,-79.98188402011587,-79.98188578972956,-79.9818886041985,-79.9818930570219,-79.9819000662505,-79.98191176086301
0.9049999999999917,-79.99823692803767,-79.99246996195795,-79.98866279844876,-79.98619944641024,-79.98461398407179,-79.98359869664283,-79.98295168094077,-79.9825412747837,-79.98228212009057,-79.98211918422193,-79.98201717320575,-79.98195356615415,-79.98191406211369,-79.9818896221045,-79.9818745586368,-79.98186530858098,-79.98185964911761,-79.98185619932018,-79.98185410486902,-79.9818528395814,-79.98185208111123,-79.9818516335612,-79.98185137970475,-79.98185125193139,-79.98185121516914,-79.98185125772957,-79.98185138782064,-79.98185163475549,-79.98185205491467,-79.98185274350564,-79.98185385428572,-79.98185563086602,-79.98185845521196,-79.98186292177739,-79.98186994972352,-79.98188167062891
0.9099999999999916,-79.99823691896088,-79.99246312305324,-79.98865015470781,-79.98618214576436,-79.98459309399577,-79.98357512098956,-79.98292614225372,-79.98251432820356,-79.98225417973838,-79.98209055195566,-79.98198806494194,-79.98192413390875,-79.98188441146584,-79.98185982551226,-79.98184466530299,-79.98183535159964,-79.98182965055646,-79.98182617377933,-79.9818240619405,-79.98182278552972,-79.98182202001078,-79.98182156806074,-79.98182131153892,-79.98182118226427,-79.98182114482834,-79.98182118737198,-79.98182131805908,-79.98182156626706,-79.98182198854704,-79.98182268039314,-79.98182379598474,-79.98182557951439,-79.98182841371002,-79.98183289397547,-79.98183994057698,-79.98185168768146
0.9149999999999915,-79.99823690995062,-79.99245631375504,-79.98863756435603,-79.98616491634003,-79.98457228783904,-79.98355163792756,-79.98290070186549,-79.98248748354736,-79.98222634352847,-79.98206202513275,-79.98195906284484,-79.98189480820275,-79.9818548675261,-79.98183013568446,-79.98181487873276,-79.98180550135572,-79.98179975869849,-79.9817962549081,-79.98179412565256,-79.98179283809513,-79.98179206550937,-79.98179160914587,-79.98179134994896,-79.98179121916614,-79.98179118105166,-79.98179122357497,-79.98179135485518,-79.98179160433322,-79.98179202872984,-79.98179272382464,-79.98179384421726,-79.98179563467916,-79.98179847869739,-79.9818029726213,-79.98181003781656,-79.9818218110273
0.9199999999999914,-79.99823690100608,-79.99244953377536,-79.98862502687939,-79.98614775745813,-79.98455156480831,-79.98352824658794,-79.98287535885915,-79.98246073986876,-79.98219861049724,-79.9820336027799,-79.98193016593606,-79.98186558805534,-79.98182542931264,-79.98180055163907,-79.9817851979442,-79.98177575686749,-79.9817699725622,-79.98176644172526,-79.98176429502406,-79.98176299629665,-79.9817622166261,-79.98176175583573,-79.98176149395408,-79.98176136165621,-79.98176132285833,-79.98176136535778,-79.98176149722815,-79.98176174797325,-79.98176217448241,-79.98176287281947,-79.98176399800268,-79.98176579537989,-79.98176864919388,-79.98177315673506,-79.98178024046307,-79.98179203968814
0.9249999999999913,-79.99823689212643,-79.99244278283052,-79.98861254177164,-79.98613066844983,-79.98453092412228,-79.98350494611495,-79.98285011233159,-79.98243409623566,-79.98217097969557,-79.9820052839385,-79.98190137325203,-79.98183647250048,-79.98179609585847,-79.98177107240885,-79.98175562197018,-79.981746117168,-79.9817402911809,-79.98173673326427,-79.9817345690887,-79.98173325916805,-79.98173247239478,-79.98173200716424,-79.9817317425882,-79.98173160876846,-79.98173156928237,-79.98173161175441,-79.98173174421204,-79.98173199622113,-79.98173242483877,-79.98173312641178,-79.98173425637519,-79.98173606065092,-79.98173892423411,-79.98174344535174,-79.98175054755207,-79.9817623727004
0.9299999999999912,-79.99823688331094,-79.99243606064125,-79.98860010853421,-79.98611364865639,-79.98451036501135,-79.98348173566565,-79.9828249613932,-79.98240755172993,-79.98214345018857,-79.98197706766427,-79.98187268384349,-79.9818074605866,-79.9817668662111,-79.98174169704103,-79.98172614985802,-79.98171658130481,-79.98171071360237,-79.98170712857309,-79.98170494689458,-79.98170362575759,-79.98170283186377,-79.9817023621798,-79.98170209489975,-79.98170195955132,-79.9817019193722,-79.98170196181333,-79.98170209485531,-79.98170234812537,-79.98170277884743,-79.98170348365011,-79.98170461838346,-79.98170642954108,-79.98170930286707,-79.98171383752077,-79.98172095813355,-79.98173280911493
0.9349999999999911,-79.9982368745588,-79.99242936693241,-79.988587726676,-79.98609669742888,-79.98448988671743,-79.9834586144097,-79.98279990516767,-79.98238110544709,-79.98211602105525,-79.98194895302697,-79.98184409677536,-79.98177855137627,-79.98173773943213,-79.98171242459703,-79.98169678066921,-79.98168714833962,-79.98168123888854,-79.9816776267139,-79.98167542750402,-79.98167409512767,-79.98167329409559,-79.98167281994495,-79.9816725499513,-79.9816724130674,-79.98167237219045,-79.98167241459716,-79.98167254822059,-79.98167280274863,-79.9816732355711,-79.98167394359716,-79.98167508309031,-79.9816769011133,-79.98167978415601,-79.98168433230569,-79.98169147127162,-79.98170334799669
0.939999999999991,-79.99823686586925,-79.99242270143299,-79.98857539571321,-79.98607981412808,-79.98446948849372,-79.98343558152904,-79.98277494279158,-79.98235475649604,-79.9820886913882,-79.98192093911011,-79.98181561112635,-79.98174974394594,-79.98170871459708,-79.98168325415213,-79.98166751347911,-79.98165781734802,-79.9816518661152,-79.98164822676269,-79.98164600999314,-79.98164466635457,-79.98164385816652,-79.98164337953608,-79.98164310681932,-79.98164296839315,-79.98164292681358,-79.98164296918236,-79.98164310338439,-79.9816433591674,-79.98164379408628,-79.98164450532954,-79.98164564957239,-79.9816474744444,-79.98165036717795,-79.9816549287839,-79.98166208604422,-79.98167398842446
0.9449999999999908,-79.99823685724154,-79.99241606387602,-79.98856311516923,-79.98606299812417,-79.98444916960436,-79.98341263621762,-79.9827500734143,-79.98232850399874,-79.98206146029338,-79.98189302501063,-79.98178722598871,-79.98172103738558,-79.981679790795,-79.98165418479516,-79.9816383473767,-79.98162858741915,-79.98162259437173,-79.981618927809,-79.98161669345168,-79.98161533852812,-79.98161452316653,-79.98161404004317,-79.98161376459379,-79.9816136246186,-79.98161358233162,-79.98161362465902,-79.98161375943675,-79.98161401647175,-79.98161445348306,-79.98161516793738,-79.9816163169199,-79.98161814862473,-79.98162105102347,-79.98162562604637,-79.98163280154286,-79.98164472949058
0.9499999999999907,-79.99823684867492,-79.99240945399848,-79.98855088457448,-79.98604624879661,-79.98442892932432,-79.98338977768125,-79.98272529619754,-79.98230234709004,-79.98203432688975,-79.98186520983869,-79.98175894046793,-79.98169243079845,-79.98165096712829,-79.98162521562827,-79.98160928146417,-79.98159945765545,-79.98159342276081,-79.9815897289557,-79.98158747698265,-79.98158611075142,-79.9815852881988,-79.98158480056946,-79.981584522378,-79.98158438084707,-79.98158433784792,-79.98158438013043,-79.981584515481,-79.98158477376505,-79.98158521286486,-79.98158593052409,-79.98158708423638,-79.98158892275794,-79.98159183479645,-79.9815964231973,-79.98160361687229,-79.98161557030062
0.9549999999999906,-79.99823684016869,-79.99240287154119,-79.98853870346626,-79.98602956553393,-79.98440876693915,-79.98336700513725,-79.98270061031525,-79.98227628491725,-79.98200729030908,-79.98183749271728,-79.98173075368241,-79.98166392330077,-79.98162224271228,-79.98159634576662,-79.98158031485681,-79.98157042717239,-79.98156435039809,-79.98156062931865,-79.98155835970206,-79.98155698214062,-79.98155615237953,-79.98155566023122,-79.98155537928822,-79.98155523619485,-79.9815551924788,-79.98155523471294,-79.98155537063352,-79.98155563016364,-79.98155607134802,-79.98155679220613,-79.98155795063833,-79.98155979596068,-79.98156271761374,-79.98156731935394,-79.98157453115024,-79.98158650997311
0.9599999999999905,-79.99823683172214,-79.99239631624883,-79.98852657138863,-79.98601294773353,-79.98438868174473,-79.98334431781427,-79.98267601495327,-79.98225031664005,-79.98198034969565,-79.9818098727821,-79.98170266476336,-79.98163551402158,-79.98159361667511,-79.98156757433813,-79.9815514466826,-79.98154149509817,-79.981535376412,-79.98153162802649,-79.98152934073867,-79.98152795182459,-79.98152711483769,-79.98152661815746,-79.98152633445353,-79.98152618979101,-79.98152614535333,-79.98152618753565,-79.98152632402338,-79.98152658479664,-79.98152702806169,-79.98152775211267,-79.981528915255,-79.98153076736234,-79.98153369860498,-79.98153831364623,-79.9815455435072,-79.98155754763931
0.9649999999999904,-79.99823682333454,-79.99238978786974,-79.98851448789222,-79.9859963948015,-79.98436867304709,-79.98332171495203,-79.98265150930914,-79.98222444143013,-79.98195350420599,-79.98178234918119,-79.98167467285435,-79.98160720210232,-79.98156508815741,-79.9815389004832,-79.98152267608208,-79.9815126605735,-79.98150649994346,-79.98150272422029,-79.98150041923375,-79.9814990189447,-79.9814981747147,-79.98149767348966,-79.98149738701542,-79.98149724077709,-79.98149719561304,-79.9814972377401,-79.98149737479213,-79.98149763680561,-79.9814980821475,-79.98149880938533,-79.98149997722813,-79.98150183610478,-79.9815047769122,-79.98150940521656,-79.98151665308608,-79.98152868244293
0.9699999999999903,-79.99823681500521,-79.9923832861559,-79.98850245253416,-79.98597990615252,-79.98434874016216,-79.98329919580114,-79.98262709259183,-79.98219865847102,-79.98192675300864,-79.98175492107474,-79.98164677711115,-79.98157898669668,-79.98153665631199,-79.9815103233545,-79.98149400220795,-79.98148392275132,-79.98147772014565,-79.9814739170534,-79.98147159434076,-79.98147018265452,-79.98146933116423,-79.98146882538151,-79.98146853612766,-79.98146838830687,-79.98146834241174,-79.98146838448007,-79.9814685220936,-79.98146878534439,-79.98146923275922,-79.98146996317801,-79.98147113571164,-79.98147300134208,-79.98147595168975,-79.98148059321957,-79.98148785904199,-79.98149991353986
0.9749999999999902,-79.99823680673349,-79.9923768108629,-79.98849046487791,-79.98596348120954,-79.98432888241568,-79.98327675962283,-79.98260276402155,-79.98217296695778,-79.98190009528393,-79.9817275876348,-79.98161897670151,-79.98155086697034,-79.9815083203037,-79.98148184211662,-79.98146542422495,-79.98145528079655,-79.98144903618366,-79.98144520569116,-79.98144286522518,-79.98144144211963,-79.98144058335194,-79.98144007299875,-79.98143978095597,-79.98143963154608,-79.9814395849152,-79.98143962692137,-79.98143976509355,-79.98144002957876,-79.98144047906274,-79.98144121265659,-79.98144238987152,-79.98144426224029,-79.98144722210384,-79.98145187682186,-79.98145916054204,-79.98147124009796
0.9799999999999901,-79.99823679851868,-79.99237036174975,-79.98847852449317,-79.98594711940378,-79.98430909914286,-79.98325440568875,-79.98257852282953,-79.98214736609683,-79.98187353022372,-79.9817003480451,-79.98159127080487,-79.98152284210066,-79.98148007930912,-79.98145345594601,-79.98143694130958,-79.98142673388587,-79.98142044723441,-79.9814165893106,-79.98141423106422,-79.98141279651735,-79.98141193045521,-79.9814114155188,-79.98141112067782,-79.98141096967223,-79.9814109223009,-79.9814109642415,-79.98141110296955,-79.98141136868628,-79.98141182023558,-79.98141255699865,-79.9814137388854,-79.98141561797723,-79.98141858733253,-79.98142325520176,-79.98143055676508,-79.98144266129677
0.98499999999999,-79.99823679036012,-79.99236393857896,-79.98846663095573,-79.98593082017442,-79.98428938968831,-79.98323213328085,-79.98255436825771,-79.9821218551057,-79.98184705703116,-79.98167320150077,-79.98156365861213,-79.98149491127657,-79.98145193251636,-79.98142516403054,-79.98140855264982,-79.98139828120748,-79.98139195248632,-79.98138806710034,-79.9813856910466,-79.98138424503651,-79.98138337166294,-79.98138285213062,-79.98138255448221,-79.98138240187433,-79.9813823537579,-79.98138239562948,-79.9813825349106,-79.98138280185599,-79.98138325546682,-79.9813839953933,-79.98138518194247,-79.9813870677422,-79.98139004656531,-79.9813947275491,-79.98140204690137,-79.98141417632735
0.9899999999999899,-79.99823678225722,-79.99235754111639,-79.98845478384733,-79.98591458296855,-79.98426975340583,-79.98320994169104,-79.98253029955863,-79.98209643321282,-79.98182067492053,-79.98164614720814,-79.98153613932548,-79.98146707369824,-79.9814238791248,-79.9813969655694,-79.98138025744501,-79.98136992196086,-79.98136355113903,-79.98135963826023,-79.98135724437235,-79.98135578687723,-79.98135490617533,-79.98135438203447,-79.9813540815694,-79.98135392735267,-79.98135387848646,-79.98135392028564,-79.981354060117,-79.98135432828819,-79.98135478395682,-79.98135552704095,-79.98135671824323,-79.9813586107358,-79.98136159900297,-79.98136629306498,-79.98137363015248,-79.98138578439199
0.9949999999999898,-79.99823677420929,-79.99235116913118,-79.98844298275561,-79.98589840724098,-79.98425018965816,-79.98318783022107,-79.98250631599521,-79.98207109965728,-79.98179438311693,-79.98161918438448,-79.98150871215812,-79.98143932857694,-79.9813959183449,-79.98136885977291,-79.98135205490547,-79.98134165535659,-79.98133524240333,-79.98133130200122,-79.98132889025251,-79.98132742125068,-79.98132653320363,-79.98132600444163,-79.98132570115074,-79.98132554531861,-79.98132549569796,-79.98132553742134,-79.98132567780017,-79.9813259471943,-79.98132640491698,-79.98132715115302,-79.98132834699919,-79.98133024616966,-79.98133324385734,-79.98133795096153,-79.98134530573107,-79.98135748470403
0.9999999999999897,-79.9982367662157,-79.99234482239571,-79.98843122727396,-79.98588229245411,-79.98423069781688,-79.98316579818234,-79.98248241684051,-79.98204585368865,-79.98176818085616,-79.98159231225792,-79.98148137633403,-79.98141167513471,-79.98136804939796,-79.98134084586219,-79.98132394425245,-79.98131348061607,-79.98130702550084,-79.9813030575451,-79.98130062790905,-79.98129914737892,-79.98129825196995,-79.98129771857424,-79.98129741244838,-79.98129725499435,-79.98129720461463,-79.9812972462588,-79.98129738718232,-79.98129765779657,-79.9812981175696,-79.98129886695186,-79.9813000674327,-79.98130197326628,-79.98130498035111,-79.98130970046178,-79.98131707286056,-79.98132927648763
1.0049999999999897,-17.658893882685305,-61.06326712416475,-74.37611906873235,-78.32186988786573,-79.49085150859865,-79.8368671855111,-79.93908891351302,-79.96916198062914,-79.97792957699461,-79.98043516176469,-79.9811189872973,-79.98128474555804,-79.98131081010236,-79.98130418803139,-79.98129333485969,-79.98128462910229,-79.98127867199771,-79.9812748366234,-79.98127243656113,-79.98127095856081,-79.98127005994772,-79.98126952314348,-79.98126921454053,-79.98126905556686,-79.98126900445573,-79.98126904602687,-79.98126918749513,-79.9812694593275,-79.98126992114743,-79.98127067367035,-79.98127187877678,-79.98127379125879,-79.9812768077176,-79.98128154079932,-79.98128893077501,-79.98130115897753
1.0099999999999896,-3.523546485241178,-51.199319119400016,-69.6201895336815,-76.36896528717521,-78.7508996770094,-79.56975247660957,-79.84572923879671,-79.93726969356655,-79.96721174406262,-79.97686976833796,-79.97993333017526,-79.98088137880609,-79.9811620642508,-79.98123761393732,-79.98125307443901,-79.98125272924871,-79.98124940395863,-79.98124638603694,-79.9812442340775,-79.9812428279774,-79.98124194807912,-79.9812414147613,-79.98124110583981,-79.98124094601819,-79.98124089438261,-79.98124093594322,-79.98124107797392,-79.98124135102795,-79.98124181489305,-79.98124257055163,-79.98124378027478,-79.9812456993907,-79.98124872520054,-79.98125347121817,-79.98126087871891,-79.9812731314189
1.0149999999999895,1.7717363788141978,-46.39155891488879,-66.4269890068903,-74.72180024328117,-78.00249474351678,-79.25519979881375,-79.72037050737843,-79.88920495677725,-79.94931137007353,-79.97034672686071,-79.97758962863583,-79.98004078422733,-79.98085276062635,-79.98111338247875,-79.98119250722368,-79.98121381895844,-79.98121778405888,-79.98121719422365,-79.98121584096332,-79.9812146931606,-79.98121389454393,-79.9812133855551,-79.98121308321019,-79.98121292480646,-79.98121287338579,-79.9812129151749,-79.98121305784396,-79.98121333214223,-79.98121379805706,-79.98121455684833,-79.98121577118008,-79.98121769691568,-79.98122073205387,-79.9812254909726,-79.98123291594698,-79.98124519306714
1.0199999999999894,4.654290775970676,-43.228891538441545,-64.13712002506803,-73.394234082569,-77.32600892358997,-78.93877217766011,-79.5811984651635,-79.83077587722825,-79.92565385430564,-79.96103693211309,-79.97400373244736,-79.9786767470086,-79.98033183731921,-79.9809063155149,-79.98110036683933,-79.98116315933771,-79.9811819039683,-79.98118651727907,-79.98118697433841,-79.98118644847888,-79.98118586028082,-79.9811854209907,-79.98118514101026,-79.98118498947066,-79.98118494012834,-79.98118498277817,-79.98118512629776,-79.98118540190978,-79.98118586989487,-79.98118663182137,-79.98118785075545,-79.98118978309729,-79.98119282754149,-79.98119759932688,-79.9812050417239,-79.98121734318761
1.0249999999999893,19.53708664880901,-35.35758281987853,-60.722206826575686,-71.81349879785176,-76.58391057580609,-78.59544648880981,-79.426545824555,-79.76314558083332,-79.89690889877485,-79.94912790553789,-79.96917516036078,-79.97674949663316,-79.97956642296778,-79.98059680712787,-79.98096656707453,-79.98109600095643,-79.98113965817943,-79.98115346222664,-79.98115726808557,-79.98115794767145,-79.98115778791106,-79.98115749871039,-79.98115727038964,-79.98115713627676,-79.9811570927842,-79.981157137629,-79.98115728246651,-79.98115755955358,-79.98115802966218,-79.98115879473801,-79.98116001827229,-79.98116195720843,-79.98116501093699,-79.98116979555502,-79.98117725532421,-79.98118958105552
1.0299999999999891,24.403846442607882,-27.414029069622305,-56.91977771029111,-70.02404303016596,-75.74996344575958,-78.21101369644917,-79.25203556995255,-79.68540220215668,-79.86297042105478,-79.93460789252725,-79.96307740269224,-79.97422725526522,-79.97853154923605,-79.98016904717151,-79.98078232421095,-79.98100787704942,-79.98108891667229,-79.98111706194408,-79.98112629968931,-79.98112901170244,-79.98112960331122,-79.9811295884537,-79.98112945897022,-79.98112935998238,-79.98112932890628,-79.98112937835768,-79.98112952538992,-79.98112980426693,-79.98113027660933,-79.98113104486956,-79.98113227300959,-79.98113421853091,-79.98113728152335,-79.98114207894062,-79.98114955603207,-79.9811619059557
1.034999999999989,26.668487952844966,-17.120192581964936,-52.216117541888735,-67.8747481886252,-74.768784704922,-77.76432171901844,-79.05001134616796,-79.59496642164771,-79.82300622031964,-79.91719831440454,-79.95560162319629,-79.97105791824251,-79.97719899287422,-79.9796073926498,-79.98053921295185,-79.98089444612293,-79.98102754030302,-79.98107630433755,-79.98109360690344,-79.9810994356876,-79.98110121785689,-79.98110165253986,-79.98110169081485,-79.98110165372096,-79.98110164533674,-79.9811017032961,-79.98110185398887,-79.98110213520035,-79.98110260997521,-79.98110338148851,-79.98110461425257,-79.98110656635478,-79.98110963859253,-79.9811144487766,-79.98112194314099,-79.98113431718241
1.039999999999989,28.91224920694181,-3.4182246934761515,-46.00609710290731,-65.13179623725634,-73.55122333559545,-77.22152460212189,-78.80778152831337,-79.48716495490072,-79.77531818789632,-79.89627881798496,-79.94651288493341,-79.96714629333056,-79.97552694143772,-79.97889222175952,-79.98022768739443,-79.9807510265468,-79.98095325610532,-79.98103010699673,-79.98105868588695,-79.98106899040599,-79.98107252941216,-79.98107364620031,-79.98107394645378,-79.98107400894223,-79.9810740381468,-79.9810741104369,-79.98107426704195,-79.98107455144918,-79.98107502898115,-79.98107580386576,-79.98107704129139,-79.98107899997771,-79.98108208144515,-79.98108690436489,-79.98109441595375,-79.98110681403915
1.0449999999999888,31.249149355761393,10.003498787654209,-38.73007367946023,-61.838540692849065,-72.07751837721507,-76.56458140102261,-78.51545648446223,-79.35738627644861,-79.71791734823354,-79.8710243555941,-79.93547300641887,-79.9623523195996,-79.97345580510236,-79.97799729521806,-79.97983582330237,-79.98057208161191,-79.98086346910785,-79.98097725507456,-79.98102097267623,-79.9810374173145,-79.98104342108567,-79.98104551724062,-79.98104620274444,-79.98104641532504,-79.98104650257841,-79.98104659739677,-79.98104676316422,-79.98104705204223,-79.98104753282509,-79.98104831126756,-79.98104955341955,-79.98105151870408,-79.98105460939001,-79.98105944501616,-79.981066973782,-79.98107939583846
1.0499999999999887,32.78831340481586,18.011606369609133,-31.128299631137757,-58.211441096549216,-70.3991746619117,-75.80079112901119,-78.17122251233069,-79.20330312648062,-79.64935039019267,-79.84068597073761,-79.92212748434466,-79.95651480139492,-79.97091337988576,-79.97689026883629,-79.9793490176638,-79.98035095357413,-79.98075512104872,-79.98091633930841,-79.98097981887601,-79.98100441969407,-79.98101375813629,-79.9810172049552,-79.98101843246535,-79.981018860606,-79.98101903296235,-79.98101916137442,-79.98101934078498,-79.98101963592995,-79.98102012067547,-79.98102090295245,-79.98102214993256,-79.98102412184433,-79.98102722174363,-79.98103207004957,-79.98103961594623,-79.98105206190169
1.0549999999999886,33.43679382853372,21.60265506964964,-22.077517204467053,-53.96772384910058,-68.44362321178153,-74.90886595556664,-77.76729269146105,-79.0214800109875,-79.56797011959434,-79.80446480698934,-79.90609479643564,-79.94945498892021,-79.96781713708843,-79.9755333557124,-79.97875002014243,-79.98007976389326,-79.98062460776993,-79.98084570923761,-79.980934469212,-79.98096965286308,-79.98098338394435,-79.98098863851263,-79.9809906036665,-79.9809913303096,-79.98099162260017,-79.98099179909586,-79.98099199812141,-79.98099230197155,-79.98099279166486,-79.98099357816812,-79.98099483012602,-79.98099680871397,-79.98099991782978,-79.98100477879238,-79.98101234177535,-79.98102481155887
1.0599999999999885,33.680335878741424,23.799311490494954,-9.89266437356647,-48.445495505352895,-65.98778960140304,-73.81429124471644,-77.27832089536356,-78.80293387261914,-79.47041252327935,-79.76102782906494,-79.88682108038918,-79.94093480325417,-79.96406246319037,-79.97387995618423,-79.97801789219477,-79.97974904922378,-79.98046763521019,-79.9807634117818,-79.98088403470021,-79.98093271252777,-79.98095211503431,-79.98095973485776,-79.98096267878879,-79.98096380737545,-79.98096426360311,-79.98096450674277,-79.98096473314571,-79.98096504891949,-79.98096554488245,-79.9809663361477,-79.9809675932941,-79.98096957863274,-79.98097269697895,-79.9809775705797,-79.98098515060661,-79.98099764414839
1.0649999999999884,33.83908411782292,25.858370765090427,4.0830345540295925,-41.533879138645474,-62.91871946559336,-72.45694456794514,-76.67731537575122,-78.53633437418286,-79.3520380291663,-79.70847988465329,-79.86352462502673,-79.93062678632889,-79.95950986099075,-79.97186970732528,-79.97712616330394,-79.97934707681283,-79.98027896042603,-79.98066709045985,-79.98082745233928,-79.98089311832965,-79.98091973427451,-79.98093039587998,-79.98093461347719,-79.98093627165633,-79.98093694667686,-79.98093727985862,-79.98093754354329,-79.98093787540041,-79.98093837936524,-79.98093917610561,-79.98094043872723,-79.98094243092352,-79.9809455585278,-79.98095044475407,-79.98095804178523,-79.98097055901694
1.0699999999999883,33.87605693585029,27.41846900651799,14.480329413477016,-34.04073859854657,-59.423626735912805,-70.86766276514771,-75.96291265448893,-78.21693548661163,-79.20966234384451,-79.64514598309857,-79.83540430998853,-79.9181644773846,-79.95399519368017,-79.96942972504488,-79.97604252889148,-79.97885950348478,-79.98005219414102,-79.98055388891926,-79.9807634412056,-79.98085029454194,-79.98088598254029,-79.98090050484487,-79.98090635505862,-79.98090869926804,-79.98090966084239,-79.98091011322752,-79.98091042665948,-79.98091077989146,-79.98091129408722,-79.9809120972325,-79.98091336570994,-79.98091536491121,-79.9809185018185,-79.98092340066519,-79.98093101466422,-79.98094355551915
1.0749999999999882,33.6848238630799,28.132355929602177,19.543008950267094,-25.675713849701385,-55.4574536386241,-69.03682352965211,-75.12953804450552,-77.84064527172163,-79.0406702273767,-79.56955220529707,-79.80169673934604,-79.9031736895455,-79.94734149422435,-79.96647820508214,-79.97472970263397,-79.97826947163134,-79.9797797467149,-79.98042039611848,-79.98069046886029,-79.98080355255283,-79.98085055026779,-79.98086992249715,-79.98087784078973,-79.98088106181321,-79.98088239309432,-79.9808830007241,-79.98088337943341,-79.98088376069073,-79.98088428794621,-79.98088509868931,-79.98088637351792,-79.98088837992128,-79.98089152619806,-79.98089643766941,-79.98090406860408,-79.98091663301747
1.079999999999988,33.30532416961678,28.31720046124106,22.076754100479516,-14.71442817388966,-50.44989880141773,-66.78806087522429,-74.12130821589953,-77.38873976083839,-78.83827970038813,-79.47903627665926,-79.76128720577026,-79.88516787054854,-79.9393316484917,-79.96291734335507,-79.9731435061091,-79.97755703057618,-79.97945261919342,-79.98026255782716,-79.98060671041492,-79.98075207141373,-79.98081306824548,-79.98083848276359,-79.98084899588306,-79.98085332548641,-79.98085512799928,-79.98085593513414,-79.98085639831787,-79.98085681588164,-79.98085735974773,-79.98085817959989,-79.9808594614147,-79.98086147527823,-79.98086463101755,-79.98086955512932,-79.98087720297248,-79.98088979088189
1.084999999999988,32.828239464440806,28.33154844531293,24.137574625245115,-0.9835035609442166,-43.974860793005185,-63.9321591278147,-72.86202563683756,-76.83170814255541,-78.59114678064027,-79.36918615837244,-79.71242009518711,-79.86342925903293,-79.92966449225896,-79.95861801142378,-79.9712276653956,-79.97669737672877,-79.97905979717207,-79.98007545984521,-79.98050996701116,-79.98069486554091,-79.9807730942343,-79.98080598702931,-79.98081973100908,-79.98082544997219,-79.98082784720705,-79.98082890793722,-79.9808294791827,-79.98082994328965,-79.98083050818563,-79.98083133904235,-79.98083262864762,-79.98083465030369,-79.98083781563106,-79.98084275241322,-79.98085041714397,-79.98086302848968
1.0899999999999879,32.28958963844397,28.246443584989503,25.880166930264355,11.181138146622029,-36.603475457989624,-60.56381405962768,-71.35085607610432,-76.15827491178281,-78.29167266736144,-79.23607362645322,-79.65325417608416,-79.837131375574,-79.91797584722885,-79.95342069138904,-79.96891228028494,-79.97565977974604,-79.97858771411781,-79.97985308867166,-79.98039756387128,-79.98063074193077,-79.98073009499758,-79.98077219652767,-79.98078993903871,-79.9807973870364,-79.98080052883614,-79.98080190903697,-79.98080261719551,-79.98080314042943,-79.98080373181858,-79.98080457603832,-79.98080587444305,-79.98080790431422,-79.98081107939477,-79.98081602889467,-79.98082371049962,-79.98083634522519
1.0949999999999878,31.670858316729554,27.969324408100125,26.807539610706947,17.913037128043864,-28.65904130879047,-56.790631789745284,-69.61313309874865,-75.370084870336,-77.93702868557212,-79.07724018197113,-79.58231831874895,-79.8055077385914,-79.90389318957676,-79.94715122006671,-79.96611772111639,-79.9744082882616,-79.9780202475886,-79.9795882371448,-79.98026628276602,-79.98055826349015,-79.98068342839636,-79.98073682403394,-79.98075949129003,-79.98076907885242,-79.98077314673205,-79.98077492643276,-79.98077580667652,-79.98077640444045,-79.98077702904132,-79.98077788954026,-79.98077919800055,-79.98078123661854,-79.9807844216655,-79.98078938395163,-79.98079708242668,-79.98080974047947
1.0999999999999877,30.964811667357893,27.50152869981071,27.059723256194133,21.02700487212268,-18.721889701662494,-52.19563574618334,-67.52837311539332,-74.42990435472515,-77.51436762602448,-78.8876870761287,-79.49748079519564,-79.76760193209935,-79.88697879029924,-79.9396086181983,-79.96275205990361,-79.97290109286163,-79.97733848336367,-79.97927238426499,-79.98011229609988,-79.98047571401332,-79.98063232565295,-79.98069952524217,-79.98072823346098,-79.98074045612356,-79.98074566961273,-79.98074794583476,-79.98074904092587,-79.98074973200974,-79.98075039805023,-79.98075127841595,-79.98075259848592,-79.98075464651447,-79.98075784179937,-79.9807628169659,-79.9807705323181,-79.98078321365007
1.1049999999999875,30.187885027034586,26.917889293661503,27.03852152628145,23.15310538366691,-5.687759056752618,-46.19518729410171,-64.87993242016942,-73.25967671805272,-76.99557167122344,-78.65707007091598,-79.3948014800145,-79.72185163512773,-79.86658926777505,-79.93051971299904,-79.95869675490447,-79.97108602546389,-79.976519271884,-79.97889521082956,-79.97993099347204,-79.98038103147707,-79.9805758640446,-79.98065988707798,-79.98069598049229,-79.98071143579446,-79.98071806004376,-79.98072095020416,-79.98072231201766,-79.98072311927977,-79.98072383680193,-79.9807247414299,-79.98072607502286,-79.980728133285,-79.98073133914993,-79.98073632732213,-79.98074405957206,-79.98075676414064
1.1099999999999874,29.356937800686914,26.26724803143649,26.919277161317122,25.049008259634995,7.619832501875429,-39.01256573833476,-61.65312473774498,-71.82640712035831,-76.36053098850786,-78.37556983966574,-79.26987026963077,-79.66634334960902,-79.84190377547084,-79.9195322735183,-79.95379979325749,-79.96889698831014,-79.97553366362276,-79.97844395994697,-79.97971672686772,-79.98027170661118,-79.9805129259992,-79.98061741087542,-79.98066250950338,-79.98068191802997,-79.98069027312738,-79.98069391917859,-79.98069561054623,-79.98069656173573,-79.98069734296327,-79.98069827722104,-79.98069962668283,-79.98070169619382,-79.98070491306605,-79.98070991440683,-79.98071766359135,-79.98073039136052
1.1149999999999873,28.474412175251217,25.544571390011335,26.632191876201905,26.242199701058976,16.15364564155755,-31.32159993782668,-58.02519331147196,-70.16607502203003,-75.61137058499082,-78.03985789656771,-79.11995505960397,-79.59951339266702,-79.81213491526046,-79.906273332599,-79.94789009666248,-79.96625683703665,-79.9743471720626,-79.97790327473459,-79.97946266640332,-79.98014470147704,-79.98044215917314,-79.98057149397057,-79.98062755154746,-79.98065178256887,-79.98066225489717,-79.98066682836534,-79.98066892531446,-79.98067005406782,-79.9806709138501,-79.9806718842755,-79.98067325247301,-79.98067533447977,-79.98067856288942,-79.98068357760714,-79.98069134378285,-79.98070409472442
1.1199999999999872,27.537605894424708,24.7401402487753,26.139469095461227,26.64697206538039,20.108976318974094,-22.21566883463786,-53.760504826415946,-68.21465324052569,-74.72757483562548,-77.64185427441821,-78.94138449747543,-79.51959876137573,-79.77643212052901,-79.89033811582587,-79.94077827915581,-79.96307826907338,-79.97292001012244,-79.97725516975306,-79.97916072609226,-79.97999639312131,-79.9803619434339,-79.98052141249535,-79.98059078320644,-79.980620884773,-79.9806339405039,-79.9806396485202,-79.98064224296509,-79.98064359000647,-79.9806445463539,-79.98064556089376,-79.98064695132156,-79.98064904735027,-79.98065228795153,-79.98065731630939,-79.98066509955669,-79.98067787365177
1.1249999999999871,26.54864334904431,23.864969041454682,25.504689321980813,26.655033579766357,22.384230412834395,-10.119267329392674,-48.238823156561786,-65.76332204334398,-73.63884776337166,-77.15728067457664,-78.72538269171329,-79.42324611156819,-79.73344343858268,-79.87115762898651,-79.93221771713108,-79.95925249032935,-79.97120374020908,-79.97647799109548,-79.9788012129731,-79.97982244268263,-79.98027033746588,-79.98046629824051,-79.98055181624142,-79.98058905093991,-79.98060525208828,-79.98061234458427,-79.98061554754636,-79.98061716212703,-79.98061823685413,-79.98061930515155,-79.98062072206001,-79.98062283397338,-79.98062608757002,-79.98063112989746,-79.98063893032536,-79.98065172756634
1.129999999999987,25.51302701038784,22.935625468080584,24.792278046695426,26.539402295078546,24.377903448144426,3.6895980512226467,-41.33837741817802,-62.70010590781904,-72.2865785832687,-76.55986860745864,-78.46086828291027,-79.30587897849408,-79.68128045989862,-79.84794502645155,-79.9218759154273,-79.95463697191839,-79.96913650433801,-79.97554463320476,-79.97837216763267,-79.97961754889901,-79.98016498428734,-79.98040510123546,-79.9805101822707,-79.98055607184634,-79.98057609600005,-79.98058487446825,-79.98058881997532,-79.98059076161162,-79.98059198111214,-79.98059311485238,-79.98059456340212,-79.98059669346834,-79.98059996104445,-79.9806050177507,-79.98061283550278,-79.98062565589544
1.134999999999987,24.434423845288197,21.958446711609504,24.011548859808972,26.28504603787834,25.836173453821672,14.023870753978674,-33.80555425259535,-59.19396890484456,-70.69669238268077,-75.8470143258564,-78.14279105800449,-79.164233228095,-79.61824178670686,-79.81988759178196,-79.90938055782664,-79.94906462123886,-79.96664401871924,-79.97442218848879,-79.97785901925312,-79.97937525425051,-79.98004301799209,-79.98033654765986,-79.9804653142856,-79.98052169470722,-79.9805463593024,-79.98055718752754,-79.98056203736962,-79.98056437795495,-79.98056577414123,-79.98056698746994,-79.98056847391825,-79.98057062489397,-79.98057390765099,-79.98057897924156,-79.98058681450301,-79.98059965806921
1.1399999999999868,23.313870858426146,20.932552391534998,23.149375159818224,25.820771098198207,26.448993450868812,19.115610087583264,-25.333150292677733,-55.18742653712967,-68.8542765840686,-75.01116737179873,-77.76636640401325,-78.99545602013399,-79.54277086502202,-79.78619192786594,-79.89434594257403,-79.94235384902159,-79.96364259404189,-79.97307261816343,-79.97724462892499,-79.9790878772776,-79.97990100611847,-79.98025910600121,-79.98041652928016,-79.98048561483081,-79.98051590590504,-79.98052922280647,-79.98053517225914,-79.98053799861229,-79.98053961004986,-79.98054092007831,-79.98054245200422,-79.98054462723492,-79.98054792663626,-79.98055301373263,-79.98056086673884,-79.9805737335198
1.1449999999999867,22.152537811399363,19.859682859265046,22.21151802070904,25.1877651174578,26.531147673921193,21.677869223863155,-14.251826008706315,-50.11740682303012,-66.58312826264968,-73.99578471454038,-77.31242730446644,-78.79254756693882,-79.45210987455783,-79.74570343982191,-79.87626920410602,-79.93428092949544,-79.96003177338686,-79.97145070179732,-79.97650865378257,-79.97874628280977,-79.97973485423631,-79.98017094400842,-79.98036300819733,-79.98044746623944,-79.98048457220956,-79.98050090703659,-79.98050819167429,-79.9805116085874,-79.9805134818563,-79.98051490926895,-79.98051649584409,-79.98051869938487,-79.98052201720976,-79.9805271205733,-79.98053499162005,-79.98054788168027
1.1499999999999866,20.952847847612137,18.74499933443319,21.215356283950374,24.46023185079292,26.43374161378871,23.732674403349602,-0.5354775113393316,-43.590625855992286,-63.703349212731254,-72.72708579349481,-76.75199151150039,-78.54423347679192,-79.34182998477024,-79.69664604423959,-79.85442022540724,-79.9245385241405,-79.95567961764584,-79.96949896490322,-79.97562580652752,-79.97833927467414,-79.97953958655093,-79.98006984568353,-79.98030376296613,-79.98040680801552,-79.9804521612717,-79.9804721520881,-79.9804810560197,-79.98048518993141,-79.98048738126508,-79.9804889510507,-79.98049060336561,-79.98049284012662,-79.98049617853492,-79.98050129909554,-79.98050918855144,-79.98052210198327
1.1549999999999865,19.71755729288647,17.59308267839635,20.171390473577034,23.665455871878674,26.222543910173478,25.421862597247134,11.395032706935773,-36.191856979925774,-60.316234795494644,-71.20684921604185,-76.07468170541073,-78.24318421796193,-79.20806925904604,-79.63718821786608,-79.82797008384661,-79.91275922809722,-79.9504245645925,-79.96714645795997,-79.97456487742673,-79.97785308628544,-79.97930911353714,-79.97995311080571,-79.98023759388676,-79.98036310626581,-79.98041843512006,-79.98044285166733,-79.98045371764051,-79.98045872111531,-79.9804612983905,-79.98046304072751,-79.98046477218575,-79.98046704810784,-79.98047040971812,-79.98047554860895,-79.98048345693036,-79.98049639385977
1.1599999999999864,18.44884266609738,16.406124495600817,19.080149823743202,22.79099867077121,25.811186343275207,26.282302539717946,17.919595288420886,-28.163748453949463,-56.50701050642944,-69.45460297917512,-75.28069661981031,-77.88621839230761,-79.0482798404621,-79.5658324290495,-79.7961423112088,-79.89856594111323,-79.94409021121747,-79.96431246996826,-79.97328941637403,-79.97727137826878,-79.97903614000992,-79.979817488472,-79.98016305327087,-79.98031571625525,-79.98038310642217,-79.9804128775325,-79.98042611912757,-79.98043217627583,-79.98043522142196,-79.98043717274987,-79.9804389995448,-79.98044132181165,-79.98044470979566,-79.98044986839481,-79.9804577961438,-79.98047075673716
1.1649999999999863,17.148616680914852,15.185857954127991,17.942546646732797,21.836018275556526,25.208296963874187,26.480380327234673,20.96690847182536,-18.051745679423874,-51.8381232556587,-67.34190309905765,-74.32998204486638,-77.45953692278096,-78.85714899063883,-79.48034329217629,-79.75794542106333,-79.88150852692442,-79.93647094630768,-79.96090325989817,-79.97175688373105,-79.976574940825,-79.97871202750656,-79.97965910632476,-79.98007840903837,-79.98026386424712,-79.98034582971144,-79.98038207536412,-79.98039819141044,-79.98040552434654,-79.98040913623161,-79.9804113405387,-79.98041328222752,-79.98041565952146,-79.9804190777179,-79.98042425769879,-79.98043220556492,-79.98044519003719
1.1699999999999862,15.81907295341044,13.93490822610065,16.76349036027876,20.81668269143402,24.489425961284553,26.41340790322353,23.08742254815557,-4.8959209448471706,-45.75018877756916,-64.65641306559759,-73.14477333184517,-76.93478016179473,-78.62415194994787,-79.37669062608786,-79.71177771617762,-79.86092732275067,-79.92728701563115,-79.95679764362893,-79.96991405223577,-79.97574020147201,-79.9783262898845,-79.97947328958281,-79.97998157530571,-79.98020661923553,-79.98030618935326,-79.98035025949741,-79.98036985141697,-79.98037872801106,-79.98038302590508,-79.98038553627498,-79.98038761646887,-79.9803900592786,-79.98039351233022,-79.98039871572239,-79.9804066845489,-79.98041969317356
1.174999999999986,14.462717927616593,12.656356424887928,15.54854850099864,19.747242571158548,23.700473662610857,26.241911842635325,24.95095487105448,8.215629897884247,-38.5256844185478,-61.401831411163,-71.69745547428306,-76.29330393561746,-78.33982820674551,-79.25053532422403,-79.65573164074455,-79.83599704880663,-79.91618237621,-79.95184147817827,-79.96769379459442,-79.9747377487476,-79.97786597286887,-79.9792543092179,-79.979870010882,-79.98014285167177,-79.98026368248286,-79.98031720573675,-79.98034099899519,-79.98035174236615,-79.9803568701551,-79.9803597506407,-79.98036199783917,-79.98036451883138,-79.98036801235031,-79.98037324161255,-79.9803812324278,-79.98039426554885
1.179999999999986,13.082079374297953,11.352880900422846,14.30093993677749,18.630621453462226,22.835516226316695,25.892731311273252,26.081300258009275,16.407618754235592,-30.782437838416996,-57.744335245695446,-70.02237204784947,-75.53718259045677,-78.00093317160186,-79.09918585811965,-79.58825444608696,-79.80593087709174,-79.90278249522682,-79.9458623318631,-79.9650181541896,-79.97353267663016,-79.97731552099376,-79.97899524693507,-79.9797406404072,-79.98007119411983,-79.98021770066676,-79.98028264308014,-79.98031151323433,-79.98032451329601,-79.98033064460384,-79.98033397250195,-79.98033642110367,-79.98033903557256,-79.98034257634019,-79.98034783444903,-79.98035584850469,-79.980368906551
1.1849999999999858,11.6796110676581,10.026801356590138,13.022718548518224,17.466967012246485,21.887135710871775,25.336392297044554,26.43848595582254,20.195281909657762,-21.51162586745116,-53.412911972303554,-68.0445748859029,-74.64266674661202,-77.59845576614649,-78.91870545946551,-79.5075061157065,-79.76985457877043,-79.88667459022017,-79.93866778987707,-79.96179857598574,-79.97208465398778,-79.97665670907864,-79.9786879119545,-79.9795897960734,-79.97999000779919,-79.98016751256156,-79.98024624525155,-79.98028124847896,-79.98029697563837,-79.98030431995119,-79.98030818853469,-79.98031088005517,-79.98031360646472,-79.98031720267285,-79.98032249322924,-79.98033053204622,-79.98034361554902
1.1899999999999857,10.257810862184883,8.680537698773955,11.716616531519978,16.26038579725114,20.868124769484503,24.6397445449635,26.420018365553332,22.440668928540333,-9.214755069359793,-47.79021840225849,-65.55246198596798,-73.53757483521149,-77.10725412206556,-78.69997428287037,-79.41000501802895,-79.7263696858087,-79.86727284988996,-79.93000505121998,-79.95792393269885,-79.97034433370922,-79.97586751880887,-79.97832246265473,-79.97941307796647,-79.97989732642901,-79.98011223989707,-79.98020762005966,-79.98025002953837,-79.98026905101761,-79.98027786099517,-79.98028238278317,-79.98028536731545,-79.98028822795109,-79.98029188949224,-79.98029721685008,-79.98030528227397,-79.98031839188776
1.1949999999999856,8.819298354124138,7.316732985311911,10.386045519960616,15.01696920397627,19.79533162600059,23.864818358613608,26.281139643474205,24.416731430253723,4.519830471012902,-40.82253063608869,-62.452784872642795,-72.16808828502774,-76.50215946229952,-78.43211284156476,-79.29118862373477,-79.67357521105488,-79.84378058669276,-79.91953642062533,-79.95324927758628,-79.96824879520678,-79.97492039025599,-79.97788674815612,-79.97920510494194,-79.97979076002581,-79.98005081923945,-79.98016629372822,-79.98021764508762,-79.98024064500596,-79.98025122539221,-79.98025653611327,-79.98025987409274,-79.98026289584762,-79.98026663466491,-79.98027200408609,-79.98028009835393,-79.98029323488181
1.1999999999999855,7.366763442674948,5.938051236506213,9.034179759031096,13.740968387049207,18.6749972177347,23.018137377614174,25.994356932666385,25.815943694830484,14.470773092949576,-33.256125726458194,-58.92006489065933,-70.56316803773754,-75.78176782266355,-78.11047159000498,-79.14790854615264,-79.60979714715829,-79.81538891439433,-79.90688859677587,-79.94760626701581,-79.96572296808868,-79.97378200636187,-79.9773660025146,-79.97895933112692,-79.9796674040225,-79.97998196029255,-79.98012169239466,-79.98018383956698,-79.9802116435876,-79.98022436211102,-79.98023062553389,-79.98023438988274,-79.98023760521059,-79.98024143572124,-79.9802468535628,-79.98025497938377,-79.98026814380799
1.2049999999999854,5.9028937535982475,4.547047344533537,7.663701180416561,12.434781865485338,17.50704510490874,22.087600916181497,25.49521556650195,26.375317338303155,19.29720966858019,-24.653698556636144,-54.85935247879294,-68.69783721306446,-74.93593686113896,-77.72962176072595,-78.97715419755491,-79.53343874360898,-79.78129266669697,-79.89167158099711,-79.94081142110802,-79.96268225805655,-79.97241388996049,-79.97674287824627,-79.97866797837864,-79.97952378230549,-79.97990411231791,-79.98007312478562,-79.98014830482012,-79.980181909269,-79.98019720966097,-79.98020462339963,-79.98020890211198,-79.98021235017762,-79.98021628978434,-79.98022176372476,-79.98022992437748,-79.98024311789634
1.2099999999999853,4.430365743966324,3.1462347972898246,6.277239770484068,11.101090400744932,16.29440313872306,21.080724021119323,24.83082260257409,26.431754532058676,21.78772753892049,-13.345197106985859,-49.689902456752876,-66.38745328523135,-73.90480750327193,-77.269210738608,-78.77152336189673,-79.44160898746182,-79.74029326245605,-79.87336768113094,-79.93263580738736,-79.95902427814391,-79.9707700645682,-79.97599672260617,-79.97832178065852,-79.97935574434,-79.97981541893277,-79.98001976152023,-79.98011067050861,-79.98015127665076,-79.98016969406123,-79.98017849648646,-79.9801833957199,-79.98018712377954,-79.98019119348545,-79.98019673279698,-79.98020493224705,-79.98021815631932
1.2149999999999852,2.9518621133148284,1.7381609617949114,4.877618440205909,9.743416937465526,15.043144411775039,20.015322631461977,24.07406077626152,26.321485317000484,23.831300848401668,0.4282718301603631,-43.072056274262806,-63.464849260475425,-72.61719368545775,-76.70061483880865,-78.51970976526279,-79.32982369947428,-79.6905828368446,-79.85123205488905,-79.92276580552196,-79.95461449638027,-79.96879199449288,-79.97510181220457,-79.97790936095456,-79.97915823865243,-79.97971363227067,-79.97996060108464,-79.98007049006736,-79.98011954644555,-79.98014172623755,-79.98015220484393,-79.98015785264906,-79.98016191771299,-79.98016614286226,-79.98017175873893,-79.98018000178027,-79.98019325817879
1.219999999999985,1.470063842521948,0.3253852893562645,3.467710333514796,8.365308881200246,13.75845285883294,18.901450188408244,23.248289801264523,26.091074305361797,25.47100702124199,12.01713602027264,-35.64070337539897,-60.049730446440556,-71.08097787789428,-76.01532176138119,-78.21490639894112,-79.19435101233941,-79.63035564402085,-79.82443771110951,-79.91083217607535,-79.94928981389576,-79.96640786663932,-79.97402651269972,-79.97741675657946,-79.97892508813395,-79.97959601375709,-79.97989442720576,-79.98002722252382,-79.98008647770055,-79.98011319867055,-79.9801257003387,-79.98013225120724,-79.98013672205931,-79.98014113323394,-79.98014683918828,-79.98015513161391,-79.9801684224903
1.224999999999985,-0.012382022984113106,-1.0895834244486289,2.0502501949640375,6.969767999661697,12.44319219747735,17.739745830239663,22.34070421212703,25.65588939160173,26.270645970943747,18.19153259199051,-27.52254022786217,-56.198526363367186,-69.30910369534936,-75.21215958420838,-77.85368183025805,-79.0326048820232,-79.55810844787169,-79.7922059536164,-79.8964560765517,-79.94287260945164,-79.96353624353813,-79.97273398504049,-79.97682743413091,-79.97864890530624,-79.97945927002287,-79.97981977312713,-79.97998021474785,-79.98005177945666,-79.98008398158932,-79.98009892494382,-79.98010656530457,-79.98011152494522,-79.98011615905023,-79.98012197139276,-79.98013032020135,-79.9801436481641
1.2299999999999849,-1.4928871883909542,-2.5043063480132175,0.6278576591702022,5.559579092950757,11.099928816292458,16.531845808299423,21.352232359184764,25.032797866750375,26.43633709412478,21.110247672192042,-17.193265650531632,-51.44067599999668,-67.16135312719021,-74.24717952584184,-77.42100916699562,-78.83889623632089,-79.47149142461289,-79.75350990037626,-79.87917590352593,-79.93515327730046,-79.96008187198285,-79.97118107383957,-79.97612192023313,-79.97832093581209,-79.9792994772414,-79.9797348839206,-79.9799286829269,-79.98001510185445,-79.98005391879398,-79.98007180881035,-79.98008076357432,-79.98008631214535,-79.98009121371221,-79.98009715212892,-79.98010556577351,-79.9801189339823
1.2349999999999848,-2.9689324215324007,-3.916403434906376,-0.7968732933016288,4.137670566072484,9.732101983529324,15.28329884375725,20.299731921487027,24.297935370212123,26.35813915074707,23.21389977247635,-3.8779004477098313,-45.24650320423679,-64.43011875333592,-73.04270372840428,-76.88814514521262,-78.6024611149213,-79.36636485594343,-79.70670312734798,-79.85831461537461,-79.92584541559087,-79.95592101037593,-79.96931354902163,-79.97527623919092,-79.97793052727576,-79.97911189066603,-79.97963764383059,-79.97987168320529,-79.9799760237289,-79.98002282225825,-79.9800442678793,-79.98005480830761,-79.98006106660516,-79.98006628935818,-79.98007237760473,-79.98008086629227,-79.98009427857141
1.2399999999999847,-4.4380765440983,-5.3235545625890595,-2.221368195013364,2.707068249743767,8.343477263290064,14.000006590924158,19.19690204599271,23.493106567007164,26.174289019929912,25.04202288380592,8.99752188617891,-37.975200950623766,-61.14275981514489,-71.57796899394975,-76.23829732858523,-78.31429332023171,-79.23848315956367,-79.64988930063618,-79.83304386024743,-79.9145896048202,-79.95089755379148,-79.9670633192112,-79.97426053780912,-79.97746452948512,-79.97889069564228,-79.9795254744897,-79.979808069946,-79.9799340352775,-79.97999046481632,-79.98001620074764,-79.98002865409264,-79.98003576784419,-79.98004137659933,-79.98004764334084,-79.9800562193938,-79.98006968036921
1.2449999999999846,-5.897972479524875,-6.723522042837823,-3.643134011617945,1.2706720859151228,6.937332218828528,12.685469805348896,18.046264130032615,22.610439001742144,25.8059495481262,26.107644406675465,16.782532464312546,-30.175610915892417,-57.45231010425329,-69.88553277708681,-75.4735650098858,-77.97128425677897,-79.08521799962358,-79.58153511008119,-79.80258041622042,-79.90101082076424,-79.94483809830973,-79.96435174762478,-79.97303953162003,-79.97690719688961,-79.97862888358532,-79.97939525906231,-79.97973645706709,-79.97988851981358,-79.97995657186448,-79.97998748496093,-79.98000224617114,-79.9800103912288,-79.98001646419738,-79.98002294402563,-79.98003162231971,-79.98004513758454
1.2499999999999845,-7.346384817438783,-8.114171540617855,-5.059792892349443,-0.16878455658905575,5.516568537836156,11.342188622422558,16.848365032946855,21.644057906652517,25.23276657643107,26.422846345996167,20.372222281691705,-20.71938142495371,-53.0465417961187,-67.87779593099687,-74.56648851841643,-77.56337052255788,-78.90233954555181,-79.4997184172154,-79.76602598484136,-79.88468854334819,-79.9375474150359,-79.9610891326373,-79.97157238645057,-79.97624007590322,-79.9783181590665,-79.97924328195755,-79.97965518415575,-79.97983873630328,-79.97992081283896,-79.97995797299723,-79.97997551858766,-79.97998490713108,-79.97999153868462,-79.97999827334273,-79.98000707183445,-79.9800206481489
1.2549999999999844,-8.781202637581659,-9.493480577881419,-6.469073680157928,-1.6086439964630737,4.084149655749749,9.97339298895868,15.607803230190386,20.607828637340944,24.524627304152652,26.389872183767203,22.58083747629819,-8.202953113844112,-47.31321232052029,-65.34048622696635,-73.44288709564957,-77.06447711699364,-78.68035578056457,-79.4008198091479,-79.72193283342224,-79.86501948593082,-79.92876642044787,-79.95716201997618,-79.96980885869681,-79.97544078848921,-79.9779485309688,-79.97906507950258,-79.97956225729149,-79.97978379439908,-79.97988279026723,-79.97992748737113,-79.97994839198367,-79.97995927993325,-79.97996658391438,-79.97997362376594,-79.97998256412673,-79.97999620965845
1.2599999999999842,-10.200448270037505,-10.85954280364341,-7.868804563000432,-3.046287002058528,2.6431771967462,8.582918514945646,14.330864647336323,19.518225770941402,23.740179662228435,26.242381822489303,24.535365410372425,5.433757433929869,-40.27635967219714,-62.20196722647179,-72.05454039845014,-76.4507490776485,-78.40864326326093,-79.280303823952,-79.66839051139173,-79.84119788271192,-79.9181524311032,-79.95242311425551,-79.9676849888815,-79.97448132667648,-79.97750765660193,-79.97885518833235,-79.97945525108737,-79.97972261535571,-79.97984202373797,-79.97989581388919,-79.97992077070037,-79.97993346676397,-79.97994158050292,-79.97994898630849,-79.97995809469006,-79.97997181930405
1.2649999999999841,-11.602285363157655,-12.210576229987767,-9.256928205469617,-4.479184033252856,1.1966740807207168,7.174283566967159,13.021832656252482,18.380753584531423,22.88257814561247,25.9393599619986,25.87201097758772,14.967081150567177,-32.67399796088623,-58.640860575482016,-70.43326826819418,-75.72199649451608,-78.08297414053662,-79.13514816363717,-79.60375647741117,-79.8124201509701,-79.9053316755622,-79.94670299814653,-79.96512497914944,-79.97332798156165,-79.97698057826925,-79.9786069732241,-79.97933122045627,-79.97965389079101,-79.97979793140019,-79.97986269349457,-79.97989253920443,-79.97990741593095,-79.97991650513883,-79.97992435021419,-79.97993365817642,-79.9799474737861
1.269999999999984,-12.985026684863483,-13.544933188267807,-10.631521804007868,-5.904944044044878,-0.2525289520866363,5.750505152154951,11.683285278870677,17.195433974557957,21.940598612766937,25.423857444327822,26.379342308524794,19.518598165912238,-23.92827018886902,-54.521159958349685,-68.54293401376853,-74.86517150058356,-77.69719101788208,-78.96216327616355,-79.52638896336755,-79.7778684536953,-79.88990977440501,-79.93981633775951,-79.96204335977903,-79.97194185047222,-79.97634974329233,-79.97831255890243,-79.97918664416495,-79.97957604934577,-79.9797498126841,-79.97982781389018,-79.97986355817649,-79.97988106513345,-79.97989132977457,-79.97989970259026,-79.9799092482207,-79.97992316921162
1.274999999999984,-14.347139732523816,-14.861106574959678,-11.99080469821806,-7.321313874513857,-1.7017202610734927,4.314545727267306,10.31818946823799,15.9656173285067,20.92320075213861,24.748696640908328,26.41476050665172,21.937245579705536,-12.380436856076445,-49.246149255591924,-66.19060944571123,-73.81704588344424,-77.22971403718856,-78.75352590255353,-79.43325691597965,-79.73629798705261,-79.87135354825236,-79.93152881853949,-79.95833577261895,-79.97027619194739,-79.97559418627083,-79.9779625465013,-79.97901731384634,-79.97948720912842,-79.97969682690392,-79.9797907997311,-79.97983366000521,-79.97985433940008,-79.97986602068629,-79.97987502797609,-79.97988485723263,-79.97989890097185
1.2799999999999838,-15.687249259179762,-16.157731943778998,-13.333138103457145,-8.726164811717913,-3.1482418919763155,2.869522317163726,8.930317702754065,14.697556525920701,19.848184799381695,23.984802488944197,26.29712604414757,23.9672934078541,1.4315430353514718,-42.537060429719965,-63.22403216715232,-72.50964527402436,-76.6524453226831,-78.49794101936966,-79.31983133872916,-79.6858715210991,-79.84890394630014,-79.92152064063526,-79.95386511100581,-79.96827141094784,-79.97468774635666,-79.97754537625626,-79.97881810060755,-79.97938508905413,-79.97963795815468,-79.97975119818038,-79.97980264265688,-79.97982714842836,-79.97984053730048,-79.97985030781558,-79.97986047614502,-79.9798746635944
1.2849999999999837,-17.00413741400028,-17.43358803195497,-14.657026901491546,-10.117499216254911,-4.589519820700057,1.418540823542026,7.5233858548854595,13.396358041937132,18.724734627309864,23.15127864423944,26.053296790156622,25.553385772842006,12.650421259657168,-35.073557958945905,-59.780450482933574,-70.95689409390104,-75.95877130917967,-78.18914739064873,-79.18252052726547,-79.62481280986657,-79.82173716902756,-79.90942113468238,-79.9484668642126,-79.96585486726327,-79.97359837389929,-79.97704689067912,-79.97858273899845,-79.97926691116382,-79.97957197275481,-79.97970846060336,-79.97977026180577,-79.97979938318308,-79.97981483070998,-79.97982551979797,-79.97983609410277,-79.97985045056276
1.2899999999999836,-18.296742258284823,-18.687596826895557,-15.961124369697586,-11.493469468372199,-6.023123558449057,-0.03548331416600726,6.100550346492801,12.06488960005793,17.553270263310573,22.235048677951163,25.601531609809957,26.292506718403633,18.475253330522634,-26.855262048233307,-55.883921040989165,-69.16409143371894,-75.14585104093807,-77.82338385561435,-79.01868019491609,-79.5516082469892,-79.78907133578483,-79.89484956760843,-79.94196218939648,-79.96294440689788,-79.9722888458935,-79.97645036345882,-79.97830374878586,-79.97912933879888,-79.97949738414954,-79.97966192493783,-79.97973622248837,-79.97977091206644,-79.97978884194228,-79.97980063707278,-79.97981169808848,-79.97982625409755
1.2949999999999835,-19.564154589883927,-19.918822054014054,-17.244234236827744,-12.8523869319817,-7.44677829086577,-1.4897914719407235,4.664769940021643,10.705872740741798,16.33578636021211,21.23870678665384,24.966774864476168,26.428442224754658,21.27189548703989,-16.297900389804475,-51.032182609570384,-66.97929409322687,-74.16576183763188,-77.38434763920336,-78.82222466274068,-79.4637862133444,-79.74984173208294,-79.87733211496113,-79.93413726598263,-79.9594432028557,-79.97071537403504,-79.97573605229542,-79.97797225749784,-79.97896839541126,-79.97941241374824,-79.97961079674931,-79.97970017007235,-79.97974157668595,-79.97976250000151,-79.97977562734405,-79.97978727248336,-79.97980206489709
1.2999999999999834,-20.805612840840713,-21.126465329638414,-18.505308228532268,-14.19271982824607,-8.858349445940522,-2.941696621451058,3.219138275860452,9.322906019410432,15.078057946440042,20.179546407399897,24.225190827553085,26.341538263978173,23.35942459453626,-2.8361584672338624,-44.73153219883914,-64.20146220562975,-72.94142227439286,-76.84304510960199,-78.58218321684436,-79.35710460308829,-79.70235852963742,-79.85617450677987,-79.92469901933198,-79.95522492879046,-79.96882271134152,-79.97487957183404,-79.97757744345932,-79.97877926467034,-79.9793149149825,-79.97955411874739,-79.9796616774651,-79.97971118631817,-79.97973571942241,-79.9797504517663,-79.97976279853827,-79.97977787182643
1.3049999999999833,-22.02049625350855,-22.309860498093794,-19.7434414504916,-15.513090490809272,-10.255840770489892,-4.38858516063096,1.766808926035468,7.919836507830754,13.785901138040991,19.070470826580795,23.41420006701931,26.147187414464558,25.14789193400686,9.771882942156699,-37.416622898241286,-60.88183758242636,-71.45914508210019,-76.18464259684515,-78.29004533191085,-79.227425655406,-79.6447412001459,-79.83054670302201,-79.91328504861248,-79.95013162376722,-79.96654182805314,-79.9738506319756,-79.97710596049578,-79.97855604546073,-79.97920227156187,-79.97949072866595,-79.97962022753029,-79.97967951046796,-79.97970839707081,-79.9797250635364,-79.97973825371315,-79.9797536615345
1.3099999999999832,-23.208316841863446,-23.46846699083021,-20.95786760314796,-16.812276421415618,-11.637410843652537,-5.827979185854423,0.31077465071371396,6.499991099084793,12.462708538442072,17.913465964474213,22.524196050029218,25.76238811300539,26.148243695729008,17.151066078814182,-29.55353056080024,-57.156320221000605,-69.74860695438942,-75.41097808285402,-77.94276769966096,-79.07216803052376,-79.57547256808147,-79.79966855260788,-79.89951980372788,-79.9439889334735,-79.96379342071778,-79.97261357458254,-79.97654187388648,-79.97829163859856,-79.9790713246456,-79.97941922131182,-79.97957519494622,-79.97964627054724,-79.97968040839687,-79.97969940620398,-79.97971361087528,-79.97972941798788
1.314999999999983,-24.368710523842175,-24.60186244252385,-22.147953463329767,-18.08921035977897,-13.001384760635393,-7.257564559655142,-1.14615824141554,5.066347414473087,11.111045744687626,16.70932762152594,21.550886458686342,25.176035364618144,26.423638370566778,20.554766483123338,-19.900750468551983,-52.67181148317063,-67.70931785230727,-74.49072255934043,-77.52916620086602,-78.88678384196037,-79.4925400515026,-79.76261509160953,-79.88297425759365,-79.93659859612958,-79.9604865805953,-79.97112704560566,-79.97586649654866,-79.97797764211424,-79.97891830993798,-79.97933791408076,-79.9795258285736,-79.97961113128073,-79.97965160337093,-79.9796734117685,-79.97968883737113,-79.97970512192087
1.319999999999983,-25.50142764012046,-25.709734502819543,-23.313191689756422,-19.342975933405974,-14.346252741076341,-8.675178304284922,-2.6012785818474047,3.6219565866037424,9.734258742484283,15.46294151798156,20.50904890196496,24.460470973702463,26.377984688500632,22.73109877617036,-7.171010871819014,-46.826520996082905,-65.12580954080164,-73.34807315368305,-77.02232051462707,-78.66142648624546,-79.39218892184442,-79.71788921119938,-79.86302736857179,-79.92769509299742,-79.95650546159125,-79.9693398799726,-79.97505708134672,-79.97760391175032,-79.97873869844896,-79.97924478463341,-79.97947122548534,-79.97957368942286,-79.97962180145727,-79.97964699839096,-79.97966389392133,-79.97968075018197
1.3249999999999829,-26.60632309126901,-26.79187202106472,-24.453192242299544,-20.57280047439086,-15.67066485376503,-10.078799223368065,-4.051940701205971,2.169987386636715,8.336235175826054,14.180564387010111,19.41461599174344,23.670614020929165,26.222426171980956,24.6606870056455,6.334921702180174,-39.725083653878656,-61.94935799989891,-71.9409058286257,-76.39986239892811,-78.38578450313072,-79.26992785485452,-79.66357593056405,-79.83886563825227,-79.91693109424567,-79.95170049751395,-79.96718709331034,-79.97408517287874,-79.97715791171333,-79.97852694351515,-79.97913737146358,-79.97941029109754,-79.97953345737118,-79.97959078470376,-79.97962006738825,-79.97963873321984,-79.97965627492454
1.3299999999999828,-27.683346412735478,-27.84815602130309,-25.56767334411203,-21.778047639159684,-16.973429435967844,-11.466560067172633,-5.495618803435798,0.7135024793831105,6.920491481262356,12.866310154996535,18.272302383771343,22.806454855501222,25.90391819711681,25.93303843420796,15.444344432003673,-32.08323164771692,-58.358980567825064,-70.30297220865717,-75.66259888727245,-78.05600566310805,-79.12285246504717,-79.59806330478477,-79.80969094393032,-79.90393250630952,-79.94590126272065,-79.96459218265267,-79.97291667650029,-79.97662449357396,-79.97827632029944,-79.9790126884946,-79.97934169845897,-79.97948984467946,-79.97955828951237,-79.97959249956119,-79.97961329820762,-79.97963166260953
1.3349999999999826,-28.73253209552904,-28.8785508087772,-26.656452429840197,-22.958210014986346,-18.253512448668072,-12.836762046412966,-6.929951272411203,-0.7446383747791084,5.490063610954008,11.522747667984822,17.08219584313049,21.857821299956214,25.373709376887664,26.39030910237952,19.736204243851066,-23.18300114236183,-54.17642039833058,-68.38634165356125,-74.79432463125437,-77.66511624237283,-78.94756612928019,-79.51965607709191,-79.77467035151673,-79.88829990433187,-79.9389203939441,-79.96146875758886,-79.97151225210442,-79.97598589592546,-79.97797885504403,-79.97886716865129,-79.97926385502224,-79.97944214078183,-79.97952399820875,-79.97956415118674,-79.97958752010362,-79.9796068728359
1.3399999999999825,-29.753990366402864,-29.883095365511636,-27.719437020579637,-24.11290063439482,-19.510032984602816,-14.187876103413226,-8.3527359424554,-2.2016994244851484,4.047958708743669,10.152934528727974,15.847976779081984,20.835014980680143,24.689748008146285,26.406630720705838,22.09148358680054,-11.395345052966226,-48.79327430601178,-65.99083861152894,-73.72866311987502,-77.19034532432346,-78.73582608894796,-79.42518088836381,-79.73251139290392,-79.86948398527517,-79.93051795073788,-79.95771040198045,-79.96982436343283,-79.97522083048679,-79.97762501239276,-79.97869654423994,-79.97917485253792,-79.97938949281279,-79.97948752895287,-79.97953484934007,-79.97956131611404,-79.97958185697277
1.3449999999999824,-30.747898567461228,-30.861895141022842,-28.756615565180525,-25.24184331135198,-20.742255265152664,-15.518536820960266,-9.761915492612127,-3.6550097559182086,2.597331813844447,8.760694951476001,14.575958975685616,19.755679092821676,23.920565261399922,26.282008676032994,24.106597000015224,2.4258148071014727,-41.997112736603086,-62.98102461480881,-72.40148050413507,-76.6043154809452,-78.47640574908584,-79.31007985137668,-79.68135164743232,-79.84671249927,-79.92036816782681,-79.9531774678727,-79.96779235558678,-79.97430269511689,-79.97720304727595,-79.97849560751219,-79.97907237574513,-79.97933086943834,-79.97944842085043,-79.97950438550862,-79.97953458647551,-79.97955655645497
1.3499999999999823,-31.71449324530385,-31.815114380653856,-29.768048551068436,-26.34486266346368,-21.949579986972125,-16.827538754644273,-11.155583416802891,-5.101999120134157,1.1413033737805849,7.349726314370718,13.271067453604537,18.628086540380707,23.08110085371917,26.024636437503368,25.63606950416446,13.256691411447417,-34.501888549691174,-59.509227170915075,-70.83221948436399,-75.90221945239765,-78.16358037805419,-79.17090363004539,-79.61944628859443,-79.81916570176384,-79.90809925935051,-79.94770413213995,-79.96534278895194,-79.97319903116475,-79.9766986081156,-79.97825800417898,-79.9789536065366,-79.97926501844246,-79.97940611549505,-79.97947250750839,-79.97950721071064,-79.97953090064223
1.3549999999999822,-32.654063031785434,-32.74296912519782,-30.753860181934204,-27.421874458049555,-23.131536075022616,-18.113835427205835,-12.532000218783049,-6.540254955963093,-0.31720624645292145,5.923170555151329,11.936090823241633,17.45246623394929,22.158299547008223,25.557013415932065,26.31617582492823,18.746984606135456,-26.173249823496363,-55.56424704582536,-69.01753288151923,-75.07922674147184,-77.79316280460668,-79.00492230387648,-79.54526394021588,-79.78605663138579,-79.89332814205353,-79.9411102250185,-79.96239276974873,-79.97187222623036,-79.97609477395962,-79.9779761603006,-79.9788151640738,-79.9791904321688,-79.97935993938074,-79.97943891097647,-79.97947904342291,-79.97950480431894
1.3599999999999821,-33.56694234721305,-33.645720940354735,-31.714230720479385,-28.472876273684363,-24.28777184098054,-19.37653555210102,-13.889598528000786,-7.967530188160997,-1.7754318405252818,4.484005718729517,10.573815995470182,16.23114136257706,21.156382709206426,24.911700155100245,26.424563876319038,21.43399484841121,-15.382024167839665,-50.615134514333974,-66.79430930692621,-74.08350106570985,-77.34756136265632,-78.80564108608829,-79.45620518080966,-79.74628037865037,-79.8755679304655,-79.93317743000125,-79.95884380644733,-79.97027783018493,-79.9753715241893,-79.97764108191784,-79.97865301738415,-79.97910530663233,-79.97930908438926,-79.97940322999858,-79.97944990959255,-79.97947816484208
1.364999999999982,-34.45350590343802,-34.52367136948067,-32.64938949543301,-29.497938392226335,-25.41804505243121,-20.61489522747393,-15.226977679340147,-9.381726690587149,-3.230681841563906,3.035350622908777,9.187903352757388,14.970047462612575,20.092948838219534,24.164358578490717,26.32966569978153,23.506925465878222,-1.7952207128995212,-44.2104436949406,-63.97007882339618,-72.83915834426132,-76.79770268243287,-78.56192817119764,-79.34793688405995,-79.69810625971724,-79.8541075958502,-79.92360604408888,-79.95456697051816,-79.96835956407233,-79.97450405594765,-79.97724177431859,-79.97846227640669,-79.97900746229183,-79.97925257607575,-79.97936502369969,-79.9794195983974,-79.97945085857798
1.369999999999982,-35.31416394970497,-35.377157079787104,-33.55960859926725,-30.497195104266293,-26.522212582548924,-21.828308714934956,-16.542898371929248,-10.78089399769649,-4.6803472981249685,1.5803647567136907,7.782186633430035,13.674854653345403,18.98004471117026,23.347952877303893,26.124359869582108,25.25198768096517,10.516643864726818,-36.85563760854539,-60.61924285977586,-71.33956428756358,-76.13075842229648,-78.26579648244336,-79.21644071793848,-79.6396737098049,-79.82811675801746,-79.91203108693628,-79.94940255436362,-79.96604748579564,-79.97346164676665,-79.97676469505058,-79.97823695217704,-79.97889424266171,-79.97918923115026,-79.9793237581603,-79.979387855023,-79.97942273629118
1.3749999999999818,-36.149358185817285,-36.20654566395522,-34.44519732387475,-31.47083670362918,-27.600220440456773,-23.016299710049854,-17.83628109244156,-12.163245054921799,-6.12196413034152,0.12203421096051097,6.359959081690442,12.348814116016019,17.819170214612992,22.45149007074218,25.723286094846223,26.187595668871676,17.49990466957144,-28.921152137560192,-56.85652507656327,-69.6103285977387,-75.34797365978268,-77.91417987592872,-79.05916021736422,-79.56947651181187,-79.79681723668817,-79.89807628172571,-79.94317522621448,-79.963261624188,-79.97220826524385,-79.97619371968989,-79.97796985357743,-79.97876244436311,-79.97911762009782,-79.97927878805528,-79.97935437156772,-79.97939361775195
1.3799999999999817,-36.959558253152515,-37.01223203914855,-35.306497331032425,-32.41910227169275,-28.652094309176352,-24.178512468453608,-19.10620330581426,-13.527165586975256,-7.553236791012065,-1.3368382826304492,4.924199501682364,10.994522260321414,16.611380985181896,21.472313039215752,25.12448897514649,26.42559457922489,20.73346973711468,-19.06266106810022,-52.289391133964365,-67.53811655607761,-74.41405955966704,-77.49471948364442,-78.8712067222673,-79.48540337379448,-79.75925463602616,-79.881303218963,-79.93568342479335,-79.9599097838879,-79.97070201359385,-79.97550991988909,-79.97765246852656,-79.97860825083961,-79.9790360317233,-79.97922933840596,-79.9793187774942,-79.97936328581045
1.3849999999999816,-37.745258702412364,-37.79463536219835,-36.14387849531834,-33.34227320959008,-29.677930439846396,-25.314701940854867,-20.351892441940517,-14.871210688714651,-8.972023983753166,-2.793541972288162,3.4779777328397556,9.61539605816152,15.361813040192992,20.425991773175745,24.402151038360895,26.368486780652997,22.882527344836063,-6.131264485093561,-46.332380964367275,-64.90797998441545,-73.25205981872298,-76.97976853228414,-78.6424063303627,-79.38356953563486,-79.7138831159247,-79.86107300467702,-79.92665507970943,-79.95587366612698,-79.96889077903309,-79.97469016854554,-79.97727449427225,-79.97842706303716,-79.9789424073855,-79.97917447709618,-79.9792806269528,-79.9793314790411
1.3899999999999815,-38.5069763332246,-38.55419636973705,-36.95773533944362,-34.24066748289942,-30.677886973969617,-26.424723287250917,-21.57271656157186,-16.194098371934306,-10.376330297702753,-4.245435968684799,2.024468178465014,8.215327498425827,14.07665140506749,19.327830564616818,23.60722432353277,26.204459406634317,24.78378947306406,7.209857318840405,-39.17171285117804,-61.69494322906833,-71.82633807613354,-76.34859697016469,-78.36281224745407,-79.25954479314086,-79.65878829840665,-79.83656586373091,-79.91573859790822,-79.95100152426934,-79.96670856920257,-79.97370556341532,-79.97682319913055,-79.97821324619957,-79.97883424017303,-79.97911307371744,-79.9792393807203,-79.97929788178679
1.3949999999999814,-39.245247806340984,-39.29137505548784,-37.748483989946735,-35.11463458770975,-31.65217595025986,-27.508521657342442,-22.768175260082064,-17.49470700239205,-11.76431892569807,-5.690006414715263,0.5667227059208875,6.797791363373213,12.75982562050582,18.181794499920642,22.736843133952615,25.87026044489711,25.990935538593664,15.894988381492592,-31.485974751498006,-58.074312006483076,-70.17150010216359,-75.6027411497449,-78.028886061279,-79.11052987417762,-79.59238667350982,-79.80698894394536,-79.9025596219315,-79.94512196670247,-79.96407819215975,-79.97252162786361,-79.97628324261441,-79.97795998097862,-79.97870849214256,-79.97904375873125,-79.97919438611909,-79.9792621123705
1.3999999999999813,-39.960627440489034,-40.00664860384212,-38.51655958089083,-35.96455122420807,-32.60105613709812,-28.566122564030074,-23.93789081932506,-18.772073318767127,-13.134324844001288,-7.1249068745546555,-0.8924086677985622,5.365809317236422,11.413888208346705,16.988078723712654,21.78205813636744,25.325843325513738,26.40050819809599,19.94512356363928,-22.420587080859754,-53.82511717606092,-68.22735265376329,-74.72261860556503,-77.63275448789523,-78.93289282322583,-79.5129205691178,-79.77149154326392,-79.88671291574704,-79.93804538797342,-79.96091227820013,-79.97109856712545,-79.97563664730737,-79.97765918785467,-79.97856153695886,-79.97896488937162,-79.97914485787673,-79.97922371080234
1.4049999999999812,-40.653685119156016,-40.70050950496267,-39.262414023088276,-36.7908176077068,-33.5248266538332,-29.597622699712396,-25.08159854926664,-20.025386561232594,-14.484854580034263,-8.547951026274724,-2.350193993551416,3.9224017750486144,10.041969107352847,15.750676467012239,20.754415893790732,24.63363796319094,26.399482395269416,22.24575604174264,-10.395944159063978,-48.33212749769895,-65.78772859184434,-73.6389983788468,-77.15051427666492,-78.71797940173087,-79.41707378384159,-79.72873250903713,-79.8676325049479,-79.9295259910394,-79.95710226541571,-79.96938801753168,-79.97486178802868,-79.97730118424802,-79.97838903076435,-79.97887449583837,-79.979089852949,-79.97918212390236
1.409999999999981,-41.32500424706216,-41.373463784964144,-39.98651405369794,-37.59385432412398,-34.423821314284496,-30.603181166284124,-26.19913631532207,-21.253979408217287,-15.814579458356658,-9.957098783638536,-3.803966842421456,2.4707323318679,8.64791962955748,14.475928047642398,19.671295923586054,23.859400199425504,26.26781718957918,24.244201604665946,3.402325711486239,-41.45395185090713,-62.73578404212383,-72.29219579510534,-76.55570431184825,-78.45469100525519,-79.30027669648965,-79.67682889068526,-79.84453411749288,-79.91923231115514,-79.95250601203865,-79.96732826599371,-79.97393161475212,-79.97687402923678,-79.97818566714494,-79.97877018633467,-79.97902823049546,-79.97913668382903
1.414999999999981,-41.975179712010494,-42.02602929710757,-40.689339490772966,-38.374099648616294,-35.298403678101884,-31.58301133839818,-27.290434113473417,-22.457318583643662,-17.122331711163866,-11.350463601490562,-5.251167434050605,1.0139112838276654,7.23539828550917,13.168564112975002,18.54006877694217,23.014083253757533,25.996410271702363,25.714592281623506,13.831316662392092,-33.92665634798699,-59.235916187542706,-70.70648243056286,-75.84518318624686,-78.13781685318837,-79.1592210443778,-79.61406832719338,-79.81660272241444,-79.90679171474243,-79.94695647251139,-79.96484509783589,-79.9728132616021,-79.97636316801132,-79.9779449802589,-79.97864905181584,-79.97895860615115,-79.97908658180782
1.4199999999999808,-42.60481582407858,-42.65873403411989,-41.37138163066226,-39.132007256670086,-36.1489628003131,-32.53737355061982,-28.355504243680993,-23.634995982059774,-18.407102922569514,-12.726328121371097,-6.6893970716276145,-0.44515451931924327,5.807518857149055,11.831299607304175,17.360834927780537,22.084941300006882,25.513220489952268,26.337603671387217,19.004441311675397,-25.477282866528828,-55.2392578954081,-68.86894902109607,-75.01182054569689,-77.76264633961449,-78.99106246258866,-79.53889358637564,-79.78304411631225,-79.89181821669682,-79.94027201413897,-79.96185484471775,-79.97146871331513,-79.97575147052936,-79.977659274426,-79.97850760588972,-79.97887931403498,-79.97903084253932
1.4249999999999807,-43.214524219111176,-43.27211443482011,-42.03314173630128,-39.868044253096016,-36.975909618185526,-33.46656860569737,-29.394432004200198,-24.786719264949674,-19.668039456247243,-14.083147977583893,-8.11642245682864,-1.903706558446699,4.367265737929304,10.466982862915534,16.13624731750542,21.07777266938418,24.857878269752437,26.420630565584315,21.594237044643734,-14.448323605794439,-50.189715902140016,-66.60605298996126,-73.99998190786584,-77.31030146532511,-78.7888886104727,-79.44857239306084,-79.74271102391874,-79.87381105598094,-79.93222953996332,-79.95825725335246,-79.9698528206839,-79.9750186132368,-79.9773193981176,-79.97834168853446,-79.97878835953759,-79.97896829507276
1.4299999999999806,-43.804921726143874,-43.866713669578445,-42.675129573345366,-40.58268944163698,-37.77967388126183,-34.37093202432879,-30.40736679452704,-25.912301520691326,-20.904434021762526,-15.419545772044012,-9.530159149786936,-3.359057551133433,2.9177693306987935,9.079323075735767,14.872373352711117,20.01036317458254,24.1050411597619,26.31821094041051,23.65354736721279,-0.7609640193598312,-43.68428996106593,-63.735927209129414,-72.735607992859,-76.75181244770874,-78.54145723659987,-79.33869371966036,-79.6938350239232,-79.85204308738292,-79.92252281103492,-79.95392078531346,-79.96790825316872,-79.97413935121205,-79.97691414086337,-79.97814624602677,-79.97868333093186,-79.97889752689207
1.4349999999999805,-44.3766282087193,-44.443079899406214,-43.29786196194371,-41.276431766672125,-38.560701537469996,-35.25082900089204,-31.394513784851785,-27.011650700036146,-22.115716103363646,-16.734305787301466,-10.928671935918057,-4.808607433253288,1.4621827792837578,7.672128122508469,13.574719554514228,18.893870793064856,23.28321329502382,26.10132906580335,25.351676691734532,11.22830912155839,-36.292805765842395,-60.35489168537771,-71.21895135874493,-76.07636494183669,-78.24132296622145,-79.20536803121269,-79.63457919434428,-79.82568485116575,-79.91078465715277,-79.94868409244864,-79.96556417424675,-79.97308251369628,-79.97642971659488,-79.97791509412562,-79.97856129086318,-79.97881682387606
1.4399999999999804,-44.930264398060906,-45.001764512576884,-43.90186132391744,-41.94976887293772,-39.31945250470182,-36.10665005896031,-32.35612638088876,-28.08475957445436,-23.301442967368036,-18.02637229406719,-12.31019077793975,-6.249905194280373,0.0034768179078828974,6.248652087497696,12.246404538153103,17.729378345433833,22.38037277033176,25.68403305734371,26.223518504906266,17.828283484373582,-28.278412791697033,-56.55263650326082,-69.47037846894266,-75.28427078878035,-77.88530322137858,-79.04603933051355,-79.56344228603895,-79.79395877254805,-79.89663779127144,-79.94237081018784,-79.96273992625892,-79.97181166933167,-79.97584975316657,-79.97764082013605,-79.97841870076425,-79.97872411624785
1.4449999999999803,-45.466449741617176,-45.54332034991705,-44.48765421544481,-42.603205740440295,-40.05639875834868,-36.93880736024907,-33.29249953365167,-29.131696283420986,-24.46129049615636,-19.29484624358385,-13.67311902723294,-7.680668487675916,-1.4555553045665277,4.811870836468579,10.890060229441884,16.5182229560118,21.39552791244843,25.07328656572426,26.426579586946595,20.907460423683215,-18.20601755214586,-51.89914895040208,-67.36390963971073,-74.33623242853818,-77.45982066370333,-78.85545773061803,-79.47820642840625,-79.75587828745934,-79.87963352665027,-79.93477579268598,-79.95934192838382,-79.97028431989496,-79.97515500363139,-79.97731464362204,-79.97825134172653,-79.97861692451735
1.4499999999999802,-45.98580029354688,-46.068299934891535,-45.05576984325117,-43.237253359818666,-40.77202266134092,-37.74773157711337,-34.203963817636996,-30.152595307451875,-25.595043073926544,-20.53897778480783,-15.01602927403194,-9.098768336802882,-2.9122073928145813,3.3648671025910337,9.509168290032079,15.2657689186733,20.344923192035317,24.34451291110484,26.359085218914437,23.03357655085538,-5.0875225088275045,-45.831386897808024,-64.68694308206632,-73.15465418128244,-76.93663742886336,-78.62315484005309,-79.37486384705583,-79.7098499822606,-79.85911516059403,-79.92562033208499,-79.95524936108096,-79.96844734369141,-79.97432186750265,-79.97692591205677,-79.97805412283444,-79.97849226342912
1.45499999999998,-46.48892667454775,-46.57725372761212,-45.60673856861158,-43.852427422162165,-41.46681546888619,-38.53386923607677,-35.09088022112038,-31.14764894289652,-26.702582969295268,-21.758156712072353,-16.33765695776208,-10.50222232523604,-4.363845795085537,1.91081449641487,8.10761569211871,13.978106562906763,19.243164306973807,23.544510551719775,26.186064084061226,24.902988449625006,8.05518495985286,-38.61677308748815,-61.438723101658994,-71.71068656416988,-76.29679137475439,-78.33959659003713,-79.24906162943887,-79.653965136306,-79.83425811524263,-79.91454896446827,-79.95030837581933,-79.96623371564257,-79.97332089714756,-79.97646147058127,-79.977820811486,-79.9783465007515
1.45999999999998,-46.97643212748447,-47.07072842336332,-46.14109040879073,-44.44924700745203,-42.141275953997514,-39.297680458353604,-35.953635639710406,-32.11709952030581,-27.783880082841044,-22.95190327371169,-17.636897945537207,-11.889208221097515,-5.807968805401747,0.4527496963786231,6.688832464733519,12.658986655928617,18.09352203873122,22.66789542478816,25.835954896267463,26.044488797802575,16.318983558388524,-30.881864436790867,-57.78660815249538,-70.03864593397371,-75.54225460424945,-78.00148758702072,-79.09808994580324,-79.58666565057355,-79.80427437067365,-79.90118705042862,-79.9443466167101,-79.96356551314078,-79.97211711583114,-79.97590551324745,-79.97754387759704,-79.97817523918931
1.4649999999999799,-47.44891069293325,-47.54926531632377,-46.65935354950132,-45.028233264938265,-42.79590911229904,-40.03963702991821,-36.79263904219248,-33.061232477727884,-28.838982326384297,-24.119859174449317,-18.91280625505326,-13.25807626433431,-7.242243106092618,-1.006489449226072,5.255825935734845,11.310955744932118,16.89634262957016,21.707083928576672,25.277752284597423,26.408835303127983,20.14542212424854,-21.6409872335892,-53.46698127387943,-68.0657398385531,-74.64987813087566,-77.59997772386009,-78.91805407973926,-79.50612248007819,-79.76829269494502,-79.88512271848943,-79.93717197575428,-79.96035425691177,-79.97067010880568,-79.97523951123348,-79.97721439388228,-79.97797322520013
1.4699999999999798,-47.906945525395145,-48.01339874801121,-47.16205288416128,-45.58990808536951,-43.431224912662806,-40.76022072949787,-37.60831822755949,-33.980370232316154,-29.8680064686299,-25.26177774611962,-20.16458777224952,-14.60734801098493,-8.66449431854312,-2.46417648252949,3.8116279795269845,9.937214694806077,15.655919412319374,20.674764838670907,24.577716975374575,26.39209691278748,22.39938435877593,-9.384450423304559,-47.86296041414643,-65.58119903954609,-73.54791870239448,-77.11010604874828,-78.69990121670025,-79.40887745262093,-79.72492260676523,-79.86577285647695,-79.92853255595081,-79.95648907755401,-79.96893047736808,-79.97444109474952,-79.97682163763298,-79.97773415695882
1.4749999999999797,-48.35110736683676,-48.46365465784593,-47.64970859648869,-46.13479276988057,-44.04773706781278,-41.459921845070625,-38.40111707700984,-34.874866776626014,-30.871129432709594,-26.377513375815216,-21.39159098677245,-15.935709498610203,-10.072694210076817,-3.9176507692181635,2.3594072245203406,8.541634355642396,14.378593233532321,19.58795588701525,23.79848593979342,26.253199489961656,24.378965395891587,4.357565916442249,-40.90816243025998,-62.488375288430795,-72.18171540883876,-76.50651873550787,-78.43272042264033,-79.29036684541347,-79.67226553806212,-79.84234243434649,-79.91809145474139,-79.95182530485896,-79.96683524370327,-79.97348228447841,-79.97635239274055,-79.97745034338715
1.4799999999999796,-48.78195318978645,-48.900549250441266,-48.12283480267995,-46.66340670434916,-44.6459618081949,-42.139237821786494,-39.17149322118992,-35.74510298072557,-31.84858026820931,-27.467011068471262,-22.593297573497527,-17.242007631214054,-11.464969454373584,-5.364363422116106,0.9022611214874543,7.127830917788213,13.068898219354367,18.453148069536244,22.947248367244136,25.967282992895857,25.788217532357507,14.374293784854038,-33.34750644898339,-58.960351056900336,-70.57955910281278,-75.7875631329008,-78.11178164826934,-79.14741920565889,-79.60864184496096,-79.81402157472114,-79.90547536328398,-79.94619463716349,-79.96430918427572,-79.97232923219987,-79.97579059435428,-79.9771124294228
1.4849999999999794,-49.200025017723945,-49.32458779110619,-48.581938268415854,-47.17626605112336,-45.226416651369554,-42.79867199777888,-39.9199160551268,-36.591482582248396,-32.80063296940641,-28.5302966381948,-23.769313456925,-18.52524850780903,-12.839616823557472,-6.801928808227192,-0.5569179196797641,5.698891543418226,11.72948908139666,17.270376302233057,22.011832096371847,25.468817277153644,26.356249405386606,19.248326210416813,-24.766840350737564,-54.90864288437313,-68.71816050269467,-74.94351589496166,-77.73175512899641,-78.9770464845515,-79.53245997382005,-79.78000647555241,-79.89029471842903,-79.93941368365654,-79.96126750527698,-79.97094280974768,-79.97511732990155,-79.97670927087493
1.4899999999999793,-49.60584892618718,-49.73626353775181,-49.02751721423365,-47.67388247173042,-45.789619165887416,-43.43873239328171,-40.64686503069781,-37.414428796132746,-33.727600120260085,-29.567467423559275,-24.919359284812284,-19.78459247684591,-14.195105935194627,-8.228125665291453,-2.0153784910024046,4.2578074201466345,10.363278545328933,16.042623784648388,20.999548456459358,24.80391142466808,26.41602338884449,21.752567283828025,-13.497817320053063,-49.755925529718645,-66.41441876620011,-73.91510434255925,-77.27249252293689,-78.77191409303671,-79.4408507033365,-79.73910552128822,-79.87203404156025,-79.93125412325396,-79.95760772241334,-79.96927629780313,-79.97431008314457,-79.9762275845263
1.4949999999999792,-49.9999342240337,-50.13605681408445,-49.46006022057792,-48.156761894582644,-46.33608573327465,-44.059930525561185,-41.35282815553519,-38.214381447371586,-34.62982728280003,-30.578683428941304,-26.043259999654897,-21.01934546863191,-15.530072917198343,-9.640880866723005,-3.4704381727132936,2.807718699150431,8.974018859880001,14.776064103509507,19.928256435886443,24.045745807501103,26.306409387874634,23.79854264384709,0.263280443005925,-43.1536392896698,-63.49909091478042,-72.63073252129163,-76.70531850177181,-78.52072337355494,-79.3293395082175,-79.68951608384913,-79.84995077067583,-79.92140311828665,-79.95319524401222,-79.96727029148934,-79.97334088289752,-79.97565111137918
1.4999999999999791,-50.38277281077549,-50.52443422583482,-49.88004524130016,-48.62540334122366,-46.86633031548499,-44.66278023064692,-42.03830063714837,-38.991794540481735,-35.50768809403603,-31.5641590634848,-27.14093426670061,-22.22894940691377,-16.843315413186307,-11.038271518472849,-4.919506216342116,1.3517700761714928,7.565487260064217,13.476028592628182,18.808205547814726,23.21841044840324,26.07732654930875,25.446416335859006,11.906255145618672,-35.727970210655116,-60.088713956976115,-71.09724242068975,-76.02140534043555,-78.21657942231323,-79.19417263439142,-79.62942796575297,-79.82321740432211,-79.90949143664072,-79.94786664186009,-79.96485185483547,-79.97217533836229,-79.9749599155295
1.504999999999979,-50.7548387029139,-50.90184801889656,-50.28793873179334,-49.0802978236747,-47.380863238232934,-45.24779648195811,-42.70378362529978,-39.74713419616274,-36.36158006142565,-32.52415569605535,-28.212384462616065,-23.41297321430198,-18.133790948222302,-12.418541053092103,-6.360144398540829,-0.10708352550036347,6.140900218680803,12.1455165268398,17.640132804727223,22.30920394607675,25.643900070374727,26.25577288802849,18.137294717665664,-27.624590296003134,-56.244357783737584,-69.32861960224436,-75.21979147976687,-77.85608675400734,-79.03276855822119,-79.55733821308702,-79.79105526039784,-79.89514013579958,-79.94144378588467,-79.96193814428518,-79.97077327904856,-79.97413030686229
1.509999999999979,-51.11658771978116,-51.26873557573755,-50.684194895360626,-49.521927323923656,-47.88019000250208,-45.81549420317783,-43.349783015992465,-40.48087688637715,-37.1919210043684,-33.45897505906412,-29.25768724920732,-24.57110356144613,-19.400613302419497,-13.780106365947955,-7.790082703488146,-1.5660581416855839,4.703232485672066,10.787202581067318,16.425675014280355,21.318807701252773,25.02167987465596,26.426321971961386,21.077167801160577,-17.33099660302216,-51.500914552161284,-67.18657361648364,-74.25716057545314,-77.42441615222461,-78.83949817840961,-79.4709149640979,-79.75244279709273,-79.87788900760233,-79.93371686697635,-79.95843232797117,-79.96908760750264,-79.97313433383532
1.5149999999999788,-51.46845731754403,-51.625519044324115,-51.06925504898836,-49.95076386470001,-48.3648101371313,-46.36638707773227,-43.97680828757905,-41.19350789592305,-37.99914604871712,-34.36895341979922,-30.276984575991985,-25.70313466603632,-20.643044747125412,-15.12155309186769,-9.207203319929768,-3.022452234768802,3.2555790576607335,9.404629597835097,15.1704028232068,20.264022362756137,24.286751410735953,26.349364343209295,23.18385660839737,-4.042485752246022,-45.32397094249412,-64.46275516331261,-73.05582737020873,-76.89288773898032,-78.60363618752622,-79.36603593034523,-79.70574047945739,-79.8570633024264,-79.92439954445506,-79.95420888062252,-79.96705936301998,-79.97193772873679
1.5199999999999787,-51.810866558723724,-51.972605092083334,-51.44354710743381,-50.36726867848496,-48.83521610506887,-46.9009863610266,-44.58537134738596,-41.88551994526662,-38.78370508201979,-35.25445646557601,-31.27047520725922,-26.808957660184802,-21.8604864424768,-16.4416294173857,-10.609535495122621,-4.473639759151091,1.8011109121460105,8.00167362932835,13.880292132649181,19.15869448870713,23.481617637215855,26.166772518899243,25.017790986272693,8.869277648895238,-38.060394622335316,-61.1807214054586,-71.59392898692454,-76.24441221542506,-78.31610352263712,-79.23844037540415,-79.64904987468817,-79.83183458764879,-79.9131317313563,-79.94910934045355,-79.96461460901797,-79.97049792975672
1.5249999999999786,-52.14421620375918,-52.31038477611027,-51.80748518255257,-50.771891479500034,-49.29189227505475,-47.41979970479903,-45.175985376394195,-42.55741192350392,-39.54606059608062,-36.11587489330389,-32.23840701366751,-27.888550374054606,-23.052469278764274,-17.739243869071093,-11.995269957376005,-5.917131150612105,0.34284900328297807,6.581720342360564,12.558923888256052,18.00546212974983,22.598728993873973,25.80059139101284,26.093597356870987,16.71751685028308,-30.270169282229904,-57.495623167015694,-69.90431093146304,-75.4810851645843,-77.97376974347345,-79.08548965080087,-79.58083421532207,-79.80141838569645,-79.89953702875147,-79.94295723603807,-79.96166759711845,-79.9687643932076
1.5299999999999785,-52.46888891078952,-52.63923351990922,-52.16146929312334,-51.165069841236416,-49.735313969204455,-47.92333000517146,-45.74916366747413,-43.20968769223127,-40.28668584908977,-36.953620667413084,-33.181070123204236,-28.941967749893948,-24.218644829859073,-19.01346280591419,-13.362770288156158,-7.350605736063089,-1.1163805480528501,5.1477653392667655,11.208849786728385,16.804861831247564,21.63198128665533,25.229035084991793,26.4152249495159,20.337929929345865,-20.843835779161456,-53.101746459986295,-67.90137390724777,-74.57603319684286,-77.56673748411588,-78.90299992820492,-79.49918390371892,-79.76491938626611,-79.88319440351194,-79.93555394853874,-79.9581202756617,-79.96667839771432
1.5349999999999784,-52.78524952981361,-52.9595111863693,-52.505885179055454,-51.54722868004776,-50.16594659529081,-48.41207428691793,-46.30541845823375,-43.842854928756424,-41.00606327555007,-37.768123861335596,-34.09879086723009,-29.96933271573904,-25.358775438232307,-20.26350381714317,-14.710570943021994,-8.771900435453563,-2.573856553141569,3.70285234558187,9.833340947332633,15.561472572768956,20.595097619500056,24.5215495614667,26.384279958908007,22.55232585624856,-8.36267147329747,-47.38599814130173,-65.37125313488302,-73.45538688263646,-77.06907761938174,-78.68153728601465,-79.40050068293847,-79.72089663783183,-79.86350123952838,-79.9266367761002,-79.95384926791942,-79.96416808452946
1.5399999999999783,-53.0936454777214,-53.2715622364325,-52.84110421282389,-51.91877984342474,-50.584244870534214,-48.88652263639136,-46.84525976357876,-44.45742398450001,-41.70468307545768,-38.559829986100915,-34.99192645046915,-30.97082752547052,-26.472723612294537,-21.488726348736353,-16.037370438057412,-10.178998219052053,-4.026924434929378,2.250153492338933,8.436281582794317,14.281611126654678,19.504642162294044,23.73734580646868,26.237858623870782,24.51041910992655,5.289001650515269,-40.360127796077606,-62.2388884908562,-72.07003678409332,-76.45672556887624,-78.41043681755572,-79.28024399861235,-79.667439940672,-79.83965064958441,-79.91585816749333,-79.94869490911871,-79.96114245503871
1.5449999999999782,-53.39440718124877,-53.57571596290066,-53.167483400205725,-52.28012179991229,-50.990652141651964,-49.34715719485698,-47.36919421643244,-45.05390674339014,-42.38304192709402,-39.32919772720309,-35.860860328105055,-31.946685794801457,-27.560441622224378,-22.688622327137466,-17.342028043072293,-11.570038235086207,-5.473046372872124,0.7927525049633315,7.021244015320402,12.96961605170676,18.366258930578645,22.880107401933426,25.937009827869723,25.8568678915741,14.886496378069813,-32.763846417958206,-58.682359223498985,-70.45137992846477,-75.72930722586011,-78.08540574379977,-79.13537148175986,-79.60290051098242,-79.81083517691056,-79.90283757884568,-79.94247253977736,-79.95749303415144
1.549999999999978,-53.68784857565297,-53.872286789061114,-53.48536546191706,-52.6316394262154,-51.385599803878186,-49.794451222874095,-47.87772392765078,-45.63281547362205,-43.04164178107017,-40.076697021971114,-36.70599826843305,-32.89718539054799,-28.621961733470314,-23.8628072104674,-18.62356200421309,-12.943330452012347,-6.909849555354255,-0.6664722193593922,5.591291609748517,11.628095647619402,17.17997657206875,21.938472231079754,25.423590810152362,26.372167184954773,19.479801798938,-24.041241163990595,-54.57209421577283,-68.56503588251493,-74.87423385908609,-77.70040208140031,-78.96272142462509,-79.525642169301,-79.776235381887,-79.88717322330612,-79.93497908661037,-79.9530965901002
1.554999999999978,-53.97426764779168,-54.16157462221428,-53.79507898750695,-52.973703885904186,-51.76950681974837,-50.22886824483151,-48.37134537748111,-46.19466167243855,-43.68098870196177,-40.80280740671174,-37.52776502869236,-33.82264214262616,-29.657386952046878,-25.011010382484674,-19.881144264619042,-14.297357397650373,-8.335124342855543,-2.124775939630285,4.149423669843249,10.260029783070502,15.949105826759087,20.921188747546694,24.749569012687818,26.410695251318998,21.909277303127936,-12.53141201487053,-49.31377518245619,-66.21934600205603,-73.82879782528533,-77.23403625205056,-78.7545353461524,-79.43265380806083,-79.73460935908388,-79.86832467257807,-79.92595950977478,-79.94780361738763
1.5599999999999778,-54.253947013252905,-54.443865252722986,-54.09693865284222,-53.306672593252806,-52.14277933662634,-50.65086128087746,-48.8505483510951,-46.73995490793905,-44.3015917309459,-41.508016562753134,-38.32660154652939,-34.72340429623324,-30.66688220194634,-26.1330646752438,-21.114091617577408,-15.630767601242168,-9.746808560040478,-3.5794812111253074,2.6987890476294623,8.86920833495127,14.679900839457744,19.84607817167229,23.986204685455835,26.294077830439406,23.941527356801213,1.274613360339549,-42.61897826027347,-63.259667639303665,-72.52450570881648,-76.65812237968518,-78.49951377575272,-79.31941058880095,-79.68411902886027,-79.8455231244073,-79.91506795071425,-79.94141956834532
1.5649999999999777,-54.52715451819038,-54.71943078984545,-54.391245492668894,-53.63088925510516,-52.5058104003542,-51.060872171466954,-49.3158149301857,-47.26920166547675,-44.90396175143635,-42.19281900119175,-39.102962561927825,-35.599847673067835,-31.650666120802633,-27.2288958191946,-22.32185614243325,-16.94237092339566,-11.14299129652595,-5.028006893809617,1.2425227297187051,7.459374210766145,13.37750889371034,18.722472754944995,23.15326559366885,26.052189040039966,25.536068485743215,12.550560339587495,-35.1607880538026,-59.82060958750099,-70.97436174298473,-75.96575496050218,-78.19130993691053,-79.18229616520205,-79.62297705228531,-79.81792965280364,-79.90190090391894,-79.93370950864895
1.5699999999999776,-54.794143857531246,-54.98853012630331,-54.678287220029134,-53.94668398327417,-52.85897976103014,-51.45933099774786,-49.76761855164363,-47.78290420906691,-45.48861034870354,-42.857714840353395,-39.857314600336146,-36.452371529804765,-32.60900368257016,-28.298512478611688,-23.504016229802037,-18.231136964678807,-12.521929001296753,-6.467927486219924,-0.21643596145625954,6.0337086115558645,12.0448239546019,17.550834549082882,22.237705661319165,25.6027748729109,26.28447162053525,18.428333174553877,-26.958849838695556,-55.93136425733712,-69.1848888426381,-75.15436335171333,-77.82621591006783,-79.01867287773482,-79.54966400159473,-79.78474573300319,-79.88603973181108,-79.92441467210664
1.5749999999999775,-55.05515520222771,-55.25140942428359,-54.95833858472436,-54.254373469779864,-53.20265376579952,-51.84665559907809,-50.20642314291733,-48.28155946995439,-46.0560486615159,-43.50320864000747,-40.5901342476624,-37.2813950569438,-33.542199666032,-29.341996859422608,-24.660267265160172,-19.49619112869259,-13.882051546557038,-7.8969850159122625,-1.67531176787441,4.5951873079486125,10.684570036969495,16.333113756771798,21.241866474223656,24.969554295885338,26.42487616267715,21.243206762414367,-16.43774540644646,-51.09450458633834,-67.00594990527188,-74.17664068608039,-77.38812618884536,-78.82251312664395,-79.46171827967281,-79.74489230250417,-79.86696753249112,-79.91322765620016
1.5799999999999774,-55.31041582917634,-55.508302616306224,-55.23166176350333,-54.55426121723247,-53.537185332667676,-52.22325118716286,-50.632682341890366,-48.765657974973045,-46.6067862286552,-44.1298082634788,-41.30190664511306,-38.087354423347726,-34.45059288570526,-30.359495743839517,-25.79041136328302,-20.736806610748545,-15.221957008015416,-9.313072592973224,-3.1314077419310036,3.1469171642344476,9.300347425543984,15.075064450724629,20.18298665506162,24.22872000520723,26.339232962484438,23.333162959255862,-2.998737521119747,-44.81051762329897,-64.23541423614355,-72.95539117277596,-76.84807803177337,-78.5828718105303,-79.35490212299577,-79.69666099413631,-79.84393557601668,-79.8997338984677
1.5849999999999773,-55.56014074834071,-55.759431915133966,-55.49850677520823,-54.84663781680533,-53.862913998704215,-52.589510054656394,-51.04683880710644,-49.23568282696385,-47.141329836901456,-44.738023746870006,-41.99312413946532,-38.87070027519112,-35.33455113575053,-31.351212067218466,-26.894346739879623,-21.95239477586371,-16.54040572260664,-10.714230980448038,-4.582105780043647,1.6920650371917794,7.896015904551345,13.7825303220964,19.07410247863361,23.418381894368835,26.1464605356776,25.127959118283897,9.651091314866068,-37.50250978171678,-60.9208394903933,-71.47582810219635,-76.19092917400869,-78.29115430956493,-79.22504678242161,-79.63813734153543,-79.81604269040582,-79.8834179169093
1.5899999999999772,-55.804533322452826,-56.00500832761492,-55.75911191468581,-55.13178126650625,-54.18016603558258,-52.94581137465846,-51.4493236221751,-49.692108748665206,-47.66018238019043,-45.32836616376045,-42.66428503864706,-39.63189561676548,-36.194466837809856,-32.31739727460663,-27.972057542166237,-23.14249604397756,-17.836318266179205,-12.098663664623231,-6.024928552550346,0.23363598399047963,6.474917842102679,12.458933045294353,17.917285090800164,22.529185748387235,25.764108609882033,26.138383020466353,17.092041647266967,-29.649987734451823,-57.20095983643326,-69.76812470813512,-75.41856904853246,-77.9443035849996,-79.0695480892836,-79.56776514152992,-79.782426881837,-79.86373396043638
1.594999999999977,-56.04378587544067,-56.24523216802132,-56.01370419987742,-55.40995732282771,-54.489254625184934,-53.292521086361766,-51.84055579621921,-50.135401200196824,-48.163841741769076,-45.90134648155238,-43.315892434065006,-40.37141400498017,-37.03075335256311,-33.25834453628346,-29.023604302339358,-24.306770800360585,-19.10877270262018,-13.46474726182112,-7.457567837278602,-1.225554988148257,5.040039846373701,11.106839891075833,16.713295422073305,21.556592346084887,25.1796442151212,26.419805084794575,20.523588440339353,-20.028649498015234,-52.72897611467332,-67.73379283034835,-74.50027042585693,-77.53130335587602,-78.88388922830906,-79.48350361853939,-79.74207410654569,-79.84006101551898
1.599999999999977,-56.27808028643226,-56.48029356709196,-56.26249982708814,-55.6814198792817,-54.79048008796087,-53.6299918611822,-52.22094186039211,-50.566015578586565,-48.6527997120121,-46.457474411052296,-43.948453058682055,-41.089737985546684,-37.843841867621826,-34.17438275226224,-30.049114841742842,-25.444989406308782,-20.356997680653972,-14.811028778893519,-8.877871654041694,-2.682791703914145,3.5944378694658026,9.729590993420759,15.466981610089354,20.515247320814307,24.46506422965393,26.37602501766812,22.704644410582528,-7.332310375687305,-46.901254003061965,-65.1574839352208,-73.36046041769228,-77.02534972106713,-78.65825406702558,-79.38156585977535,-79.69337489084705,-79.81152340152548
1.604999999999977,-56.5075885668093,-56.71037297357045,-56.50570463002802,-55.94641136582167,-55.08413015683992,-53.95856314300571,-52.59087555878919,-50.98439650582354,-49.12754095440174,-46.99725725483583,-44.56247615737027,-41.78735770289267,-38.63417876588018,-35.065871278265476,-31.04877565408649,-26.557021579048065,-21.58036297717763,-16.136218877414205,-10.283834103968516,-4.135425935788375,2.1412861032199357,8.331077886386103,14.184612698278933,19.421176062967394,23.67588359075757,26.221699896330076,24.638270749211753,6.19464749466504,-39.809826956128795,-61.986865628450595,-71.95604264978908,-76.4038231262724,-78.38225051455463,-79.25738533471751,-79.63425950592998,-79.7769714519749
1.6099999999999768,-56.73247341834435,-56.9356416455719,-56.74351453876895,-56.205163163660195,-55.3704802897205,-54.278561255707196,-52.950737630589074,-51.39097720989722,-49.58854203144373,-47.52119876327396,-45.15847235513058,-42.46476962920432,-39.40222339673131,-35.933195358681424,-32.02282400287861,-27.64282602891056,-22.778370172204788,-17.439188864145564,-11.673606746107035,-5.580931162899591,0.68365389026668,6.914828121497149,12.87033489420532,18.27921662601917,22.812569078220786,25.905554594652358,25.920641389320313,15.369206177245637,-32.17457173197979,-58.40107175375488,-70.32050758419713,-75.66737072346989,-78.05193474861032,-79.1079605737244,-79.5629361000502,-79.7352400046694
1.6149999999999767,-56.95288877093771,-57.1562621295966,-56.976116035295654,-56.45789603052877,-55.64979401389946,-54.5902995708435,-53.30089567902146,-51.786179001292496,-50.036270501132584,-48.02979800957504,-45.73695251722391,-43.12247537102645,-40.14844618239278,-36.77676224166737,-32.97154087579611,-28.702440737591928,-23.950643685996567,-18.718968780840573,-13.045512586580791,-7.016947294990444,-0.775593856336851,5.483884210708014,11.526723511431252,17.089446349125456,21.86477599981631,25.377535902540682,26.385551462056366,19.700194939527297,-23.29918469274866,-54.228430677323956,-68.40776858551612,-74.80026777148564,-77.66042193074414,-78.9298388390061,-79.47752584148124,-79.68510751785702
1.6199999999999766,-57.16898029889839,-57.37238872544864,-57.20368660281865,-56.7048205319465,-55.92232329619599,-54.89407872832233,-53.641704121748404,-52.170410845516095,-50.4711840930057,-48.52354829642594,-46.29842660137362,-43.760980520269634,-40.87332698817835,-37.5969979005497,-33.8952447557518,-29.735973734751077,-25.096921097590673,-19.97474179716413,-14.398046848941464,-8.441276135843411,-2.2337186337659443,4.041254781064942,10.156827542842162,15.85549770899025,20.842604398203292,24.694832676424742,26.40473547450515,22.064832039522695,-11.549232939111791,-48.86215544565327,-66.01871367552846,-73.73659122263014,-77.18507316862576,-78.71473095030521,-79.37462795850317,-79.62475624566473
1.6249999999999765,-57.38088591507464,-57.58416793570192,-57.42639516647654,-56.94613747459256,-56.18830893298978,-55.190186902933014,-53.97350421649574,-52.54406903048393,-50.893729970924454,-49.00293610690607,-46.84340250647894,-44.38079352365799,-41.57735368624553,-38.394344263821914,-34.79428612797687,-30.74359431282361,-26.21704262797721,-21.205835207064606,-15.729870259499197,-9.851866403322166,-3.6880481425140097,2.5900962829862686,8.76446888200453,14.583679759282106,19.76373031333946,23.926371759327846,26.2811834861039,24.08236443268885,2.271295868539199,-42.07925441932473,-63.0151832270819,-72.41154891941075,-76.59832376701023,-78.45124956397319,-79.24934754773221,-79.55157812931152
1.6299999999999764,-57.588736242452946,-57.79173889869899,-57.644402523465445,-57.18203833836462,-56.44798095487365,-55.47890010981495,-54.29662415521936,-52.907536926019404,-51.304344087678075,-49.46844011175749,-47.37238492579086,-44.982424553342405,-42.26102085362987,-39.16925686999024,-35.66904269579418,-31.725524879378746,-27.31094061943721,-22.41171090046883,-17.03980470968496,-11.246819181726726,-5.136011188842805,1.1335328618455516,7.353352955792,13.278949180230306,18.63656990906469,23.087732175139706,26.02591363398505,25.62076568588184,13.16243799864438,-34.58884649468823,-59.54725162812679,-70.84370893636441,-75.89500876036763,-78.13341223301819,-79.09782853523082,-79.46301826070989
1.6349999999999763,-57.79265506310225,-57.995233804363664,-57.85786176101394,-57.41270570418841,-56.70155904112656,-55.76048254224575,-54.611379219782606,-53.26118483140376,-51.70345063450344,-49.92053024407118,-47.885874215296695,-45.56638437035332,-42.924828559483785,-39.92220287846957,-36.51991529148243,-32.68203364503752,-28.378629619493623,-23.591956404927377,-18.326831673714906,-12.624403872147402,-6.575195000212758,-0.3255114607193752,5.926628259220206,11.944108924966319,17.461379638582272,22.165839934766126,25.560700062459837,26.3099429256371,18.703464858896435,-26.27751646060833,-55.60923037971473,-69.03104210368264,-75.07052173188829,-77.75691024453353,-78.91696096489203,-79.3567711005551
1.6399999999999761,-57.99275974456311,-58.194778292367765,-58.06691866095328,-57.63831367507367,-56.9492529397214,-56.03518693551133,-54.918071991974124,-53.60536990583102,-52.09146158666545,-50.359666850978314,-48.38436528968467,-46.13318317942687,-43.569281206118625,-40.65365936676174,-37.34732442132413,-33.61342815258094,-29.42019702308482,-24.746275502798834,-19.590087954478587,-13.98306318685197,-8.003353485891685,-1.7842695709699727,4.487273608518881,10.581938158719293,16.240433020338315,21.164667954769353,24.916954390927756,26.42251978103704,21.406916326777743,-15.522323075917535,-50.67437745335705,-66.81205361402388,-74.07350645626748,-77.30411437509785,-78.69980176174506,-79.2291819861597
1.644999999999976,-58.18916164395541,-58.39049183240726,-58.271712089932784,-57.85902828833031,-57.1912628890779,-56.303254951062314,-55.21699261073301,-53.94043617578661,-52.46877634444342,-50.78629993012549,-48.868346558664065,-46.6833294784692,-44.19488639555279,-41.3641118420292,-38.151707349023766,-34.52004956281632,-30.435794140344967,-25.874477907233498,-20.82885744296153,-15.321407501665936,-9.41839060066992,-3.2400491013395083,3.0384072304293754,9.196090509090041,14.979643893930824,20.10177560917754,24.170445219053697,26.328867251677732,23.482218615732894,-1.9536681546161023,-44.284365213185886,-63.99275663951381,-72.8277048580316,-76.74562594512014,-78.43448612879216,-79.07425114074175
1.649999999999976,-58.381966490227015,-58.58248808653474,-58.472374374593194,-58.07500791722024,-57.42778003825119,-56.56491757562896,-55.508419069613424,-54.26671461276721,-52.835781467228905,-51.20086845667201,-49.33829891598057,-47.21732890959087,-44.80215380145686,-42.054052903568106,-38.933515627542114,-35.40226765229766,-31.425627824353867,-26.976468645054844,-22.04256149215716,-16.638209189641866,-10.818358665024062,-4.690240271724002,1.583190403024503,7.790404382368229,13.684707336895938,18.989344747857267,23.354824249254573,26.125292062062,25.234216912174247,10.404460376373653,-36.933826726149405,-60.643860591554215,-71.32518306948528,-76.06789944341327,-78.11207126119002,-78.88610372808652
1.6549999999999758,-58.57127474508125,-58.77087525364617,-58.66903166123678,-58.28640366066982,-57.6589868627063,-56.8203955304741,-55.79261754779333,-54.584523274366916,-53.19285049703396,-51.60379980453148,-49.79469479258223,-47.735683121736265,-45.39159403557164,-42.72398100707,-39.693213007686694,-36.260476513854194,-32.38995289198434,-28.052237936291565,-23.23074984388324,-17.932400756797144,-12.201473926155339,-6.132378120757411,0.12461218767182894,6.368180193650836,12.358897169203724,17.828947552166753,22.459294632631195,25.72671126397393,26.17976276359936,17.4474404765462,-29.007704399077873,-56.88311189058722,-69.59190976361387,-75.27183743478244,-77.72867791577838,-78.66066048906036
1.6599999999999757,-58.75718194321175,-58.95575639635524,-58.861804259732835,-58.493359719958285,-57.885057573256105,-57.06989968645429,-56.06984276830014,-54.89416750157174,-53.54034386655035,-51.99550926358737,-50.23799728403526,-48.23888865692942,-45.96371750529006,-43.3743992927701,-40.431273655039234,-37.09509091566315,-33.32906540187624,-29.101851686607525,-24.393091491655092,-19.20307182810712,-13.566125952073428,-7.564166748316096,-1.3345228978110142,4.932398289487261,11.004806315823958,16.621600863311546,21.48095330791439,25.129805373655024,26.42352087671633,20.706787431446525,-19.17608891782453,-52.32331243894808,-67.51606038642852,-74.32219334953447,-77.27108014142281,-78.39099938282408
1.6649999999999756,-58.93977901253779,-59.13722975058699,-59.05080697156453,-58.69601376157477,-58.106158516135096,-57.313631481065435,-56.340338377548136,-55.19594016508708,-53.878608885993245,-52.376399652772314,-50.66865936057963,-48.72743587292156,-46.51903326437546,-44.005814446980416,-41.14818060306522,-37.90654322929511,-34.243296714816296,-30.12544242235577,-25.52936461991681,-20.449461954758725,-14.910874191202549,-8.98346515963453,-2.7915034461922374,3.4861272282890696,9.625842656961442,15.37240558022948,20.435259362528583,24.408515189326575,26.36835649206578,22.860814981644612,-6.269604625295568,-46.37590429722034,-64.882026827848,-73.1413580243379,-76.71002108711886,-78.06319687606867
1.6699999999999755,-59.119152575190284,-59.3153890183146,-59.23614940206514,-58.89449726566897,-58.32244856254943,-57.551783334122824,-56.60433734075412,-55.490121953654636,-54.20797980228056,-52.74686102718414,-51.087123166215974,-49.20180791479597,-47.05804786269946,-44.618735574195675,-41.844424375210544,-38.695280831723004,-35.13300827315944,-31.12320071841705,-26.63944597336538,-21.670951093476763,-16.23444136778732,-10.388278618777106,-4.243687910992477,2.032541764166041,8.225898781999994,14.087558497742194,19.3376107489937,23.614373424433097,26.205783462738186,24.766934827293817,7.0976502269004005,-39.21473740970642,-61.66066178045659,-71.69168442479912,-76.02241775308717,-77.66282311369272
1.6749999999999754,-59.29538523002515,-59.49032364392664,-59.417936257015604,-59.0889358597286,-58.53407948636983,-57.78453905919038,-56.86206234829339,-55.776981697564764,-54.52877792365041,-53.10727047594223,-51.49381941116551,-49.66247974731585,-47.581264204163276,-45.21367306606256,-42.52050172246218,-39.46176390502313,-35.99858708678054,-32.095367357576194,-27.72330053877353,-22.867050335539474,-17.53571075443592,-11.776771153273275,-5.688561366238136,0.5746961088725222,6.808456297367701,12.77101583686581,18.192077936848182,22.74491048043953,25.873941925559222,25.983595739415957,15.842111872112408,-31.521358466836674,-58.02631417385032,-70.00634006952768,-75.20786151814464,-77.18329493361327
1.6799999999999753,-59.46855581746619,-59.66211907476199,-59.59626762386808,-59.2794496372918,-58.7411963289303,-58.012074268301,-57.1137262285542,-56.05677672090923,-54.84131180257407,-53.45799200623349,-51.88916686004453,-50.10991725859651,-48.08918042435531,-45.79113746182313,-43.17691443556527,-40.20646356599012,-36.840441897237326,-33.042226348944226,-28.7809718673183,-24.037392922711458,-18.81372409513429,-13.147278774122455,-7.123776389220102,-0.8845577682706333,5.37653997721207,11.425334302697417,16.998846678252516,21.79102958916798,25.331684528702954,26.400384961435652,19.92748471493007,-22.454961081278114,-53.760955739722576,-68.02484608396723,-74.24490165321177,-76.61300904373381
1.6849999999999752,-59.63873966748993,-59.830857006394396,-59.77123923794696,-59.466153461661605,-58.943937750162874,-58.234556767914306,-57.35953236335776,-56.32975321653589,-55.1458774697525,-53.799376508021474,-52.273571916194086,-50.54457644406627,-48.5822888006386,-46.3516383007887,-43.81416819925504,-40.92986025419258,-37.658999941087934,-33.964098756395884,-29.812572881781744,-25.18172448860026,-20.067675668282746,-14.498309301938225,-8.547146043994951,-2.3424869803717376,3.9331697372422827,10.053636760862078,15.76187554652291,20.76413500005413,24.64093321394604,26.40294048140452,22.240544876642584,-10.430803255790835,-48.247435325262444,-65.53908746770077,-73.06041729454475,-75.91944181286387
1.689999999999975,-59.80600883156278,-59.99661561326572,-59.94294273403951,-59.64915725470997,-59.142436365523324,-58.45214694442506,-57.59967510249376,-56.596146638129,-55.44275871208791,-54.131761793138644,-52.64742830084696,-50.96690267775046,-49.061074707377855,-46.89568297160612,-44.432771463141094,-41.6324423085047,-38.45470421483345,-34.861337259052206,-30.818277129881665,-26.299892508213564,-21.296903147382974,-15.828535572727256,-9.956629892174524,-3.796424439976353,2.4815087444135044,8.659771513887721,14.487499724610755,19.68162536681624,23.867713149937956,26.273301873766535,24.24485407397407,3.3837613904729467,-41.33528589970852,-62.42704682376855,-71.58860207809967,-75.06457153736001
1.694999999999975,-59.9704322993369,-60.15946976529387,-60.11146588383999,-59.82856627097507,-59.33681906837191,-58.66499813786844,-57.83434017438785,-56.85618210432555,-55.73222738772197,-54.4554727019562,-53.01111682424916,-51.37733007585341,-49.526015628383426,-47.423775566544876,-45.033234312669066,-42.31470467404211,-39.228011159328965,-35.734321420287074,-31.79831069501609,-27.391835813152692,-22.500878124463668,-17.136791464031365,-11.350341123045334,-5.243809449713466,1.0246683004001118,7.247399701867356,13.180463893434762,18.550942416406258,23.023308169077133,26.00383331325051,25.721578479392882,13.844708052130954,-33.74895788606746,-58.84585690088134,-69.84788165558865,-74.03839431389088
1.6999999999999749,-60.13207620089903,-60.31949123108253,-60.27689281974918,-60.004481357338356,-59.527207337645706,-58.873257002772235,-58.06370509036119,-57.110074810288836,-56.0145437715698,-54.77082127052902,-53.36500524454121,-51.77628095559406,-49.97758023758607,-47.93641575175379,-45.616067332448296,-42.97714769527818,-39.9793886951914,-36.583453649202376,-32.752944949417305,-28.457574724505868,-23.679197161438132,-18.422070275402106,-12.726562148118958,-6.68224216648879,-0.43444301984620814,5.819638876671763,11.843494927578805,17.37222478376631,22.09507794626937,25.52268557285084,26.35114658907972,19.047529559581232,-25.20012719807818,-54.73598023125572,-67.81793401336822,-72.82635279457878
1.7049999999999748,-60.29100399534779,-60.476748868365256,-60.43930424555803,-60.17699919864421,-59.71371753080613,-59.0770638553701,-58.2879395403502,-57.358030442661615,-56.28995692516038,-55.07810695098869,-53.70944820913404,-52.16416539031014,-50.416227557452096,-48.43409766598054,-46.18178046091272,-43.62027596049594,-40.70931453899087,-37.409155789574136,-33.682490142229014,-29.497201726108003,-24.831572328169294,-19.68352011461856,-14.083748415389321,-8.109488048921257,-1.89306476944244,4.37947692909192,10.479449663144887,16.148147542353936,21.08887564286363,24.86962336513495,26.441428879853174,21.667103269795366,-14.024882192360016,-49.526335143399706,-65.31093937749336,-71.35044624574495
1.7099999999999747,-60.447276646458896,-60.631308802314805,-60.5987776345649,-60.3462125496797,-59.89646116217813,-59.276553006630266,-58.50720577833334,-57.60024559431877,-56.558705085057,-55.37761687801036,-54.044787272494354,-52.5413808600332,-50.84240620279531,-48.9173088605389,-46.730881839877476,-44.24459716980286,-41.41827472857221,-38.211866239714986,-34.58728973867539,-30.510872564294058,-25.95782081993187,-20.92043543963027,-15.420522422052956,-9.52346148866547,-3.348508034885692,2.9300461901601373,9.092039225853673,14.884775546296336,20.022450863652907,24.11908132793024,26.345789019216706,23.750904652051645,-0.2302965660569719,-42.80918854430816,-62.1277841160713,-69.50360530553716
1.7149999999999745,-60.60095278616737,-60.78323459233528,-60.75538741568193,-60.51221045397687,-60.07554516689253,-59.471853080754926,-58.72165899605499,-57.83690817581121,-56.82101606461074,-55.66962617435917,-54.37135098365821,-52.908311995106935,-51.25655371560495,-49.38652929287072,-47.26387666622685,-44.85062100732805,-42.10676229511789,-38.99203751517245,-35.467715471241405,-31.49879793028294,-27.057854367386657,-22.132247484463246,-16.735668513052165,-10.922226478161777,-4.798172311676501,1.4744974840284564,7.685058454142059,13.587560045623453,18.90673414005139,23.298608003055673,26.131009473930668,25.448693087345355,11.69659863399343,-35.13339557973368,-58.34410914258078,-67.26527591483944
1.7199999999999744,-60.75208886658006,-60.93258738794902,-60.90920514809722,-60.675078449934965,-60.25107215074393,-59.66308731898956,-58.93144768394658,-58.06819782085222,-57.07710766431147,-55.954398288818545,-54.68945503642966,-53.2653304090277,-51.65909599446439,-49.84223038508547,-47.781266055966476,-45.43885800734263,-42.77527603388874,-39.75013418339503,-36.32416309278074,-32.46123594850565,-28.131669174000844,-23.318515241569866,-18.028131160467417,-12.304012395638841,-6.23960636741485,0.015799706678639235,6.261754825997456,12.259606731142037,17.74281717758766,22.396484463625942,25.71369905283344,26.31362516229642,18.216986904591998,-26.618740691100527,-53.98471817158156,-64.62408384815208
1.7249999999999743,-60.900739301196225,-61.07942607437049,-61.06029968505195,-60.83489876478006,-60.423140626332966,-59.850373868730266,-59.13671397842213,-58.294286283608656,-57.32718808650475,-56.23218536017429,-54.999402475039176,-53.612794615535954,-52.05044682016258,-50.28487415750992,-48.283545932791064,-46.0098184114401,-43.42431933622008,-40.486631101173415,-37.1570487815377,-33.398485514622976,-29.179336437147935,-24.478916229498903,-19.297011493913594,-13.667221688679362,-7.670526076918775,-1.443249610844671,4.825120533918971,10.903618576714015,16.532347018266435,21.413072197513884,25.10685035397673,26.531151268445626,21.3539859057761,-15.711170842644075,-48.51143812857806,-61.36122859183002
1.7299999999999742,-61.0469565959922,-61.22380740834513,-61.20873732728916,-60.99175049689636,-60.591845235926584,-60.03382605804697,-59.33759399496937,-58.51533782595597,-57.57145635074714,-56.50322860137244,-55.30148394804804,-53.951050024094144,-52.43100747724038,-50.71491244549774,-48.77120595396854,-46.56401101906324,-44.054399052747044,-41.20201188251755,-37.966806106626365,-34.31088040680555,-30.20099330087457,-25.613236324778303,-20.5415597385187,-15.010425651534586,-9.088799455174065,-2.899937099206246,3.3782586560793035,9.523137671662411,15.28085621038934,20.364995952608187,24.386117664854048,26.493833603100487,23.605363135372734,-1.8244575083284427,-41.31189327525527,-57.141289623699805
1.7349999999999741,-61.190791470997645,-61.36578614481258,-61.35458196672147,-61.1457097870713,-60.75727696150667,-60.213552655847295,-59.53421814666813,-58.731509593206425,-57.81010270655896,-56.7677586984487,-55.59597800342158,-54.280429007221784,-52.80116646952494,-51.13278620576339,-49.24472848608392,-47.101942037547836,-44.66602436578651,-41.8967675311192,-38.75388346204308,-35.1987841184424,-31.196834335687747,-26.721359162340647,-21.76116581963545,-16.33235873017515,-10.492442495282248,-4.351628574253533,1.924334335658603,8.121993038968224,13.994130573685934,19.26537302743238,23.59112954471472,26.331479491236397,25.481021638618735,11.05233359602103,-32.621223920558684,-51.86044464107431
1.739999999999974,-61.33229297295938,-61.505415154931086,-61.4978952208526,-61.2968499791977,-60.91952332251332,-60.389658117996525,-59.72671144795705,-58.94295197714589,-58.04330904079098,-57.02599621932954,-55.883151417961216,-54.601251032721805,-53.16129932623038,-51.53892491644314,-49.70458764239054,-47.62411394113458,-45.25970565800535,-42.571395185307594,-39.518741894783695,-36.06258540118254,-32.167103776970016,-27.80325591675699,-22.955350297598375,-17.631916419633963,-11.879633205892832,-5.7958270284049,0.46636300184147844,6.703538119403574,12.67567144112648,18.11674719210811,22.714867337225158,25.972542211191556,26.547132678667705,18.619832450661566,-22.368289324862467,-45.30306720821349
1.744999999999974,-61.47150857966459,-61.64274553598241,-61.63873655847115,-61.44524177097246,-61.07866856180584,-60.56224281977534,-59.91519380362535,-59.14980896549308,-58.271249277255016,-57.278152028114896,-56.163259554641144,-54.91382285360521,-53.511768493976646,-51.933746073082666,-50.15124839225855,-48.13102435062738,-45.835953372393746,-43.22639693488499,-40.26185325699213,-36.90269447779102,-33.11208860407547,-28.858975639388248,-24.123755196691434,-18.90815224875098,-13.248720847346174,-7.230197239867774,-0.992808152150673,5.270836088453523,11.328327503272432,16.920987990085102,21.75722695008401,25.42299450538257,26.943113066364777,22.51745810441742,-8.870764140702931,-36.37249775670094
1.7499999999999738,-61.60848429646737,-61.7778267136543,-61.777163417123596,-61.59095335512701,-61.23479382038215,-60.73140327512124,-60.09978028313956,-59.35221847715733,-58.49408976667334,-57.52442770096438,-56.43654674181407,-55.21843874846521,-53.852923309107744,-52.31765478085617,-50.58516575155126,-48.62316494638798,-46.39527686432057,-43.86227867728088,-40.98369860934945,-37.71953984136744,-34.03211240721632,-29.888636033619655,-25.26613397546481,-20.160270987010666,-14.598223719852689,-8.652555718732474,-2.450423387454472,3.8270180190306817,9.95562904362393,15.683416853421285,20.733707149452982,24.75400139730378,27.049374867728396,25.28545420505787,7.042971678338494,-23.733990158016148
1.7549999999999737,-61.7432647455312,-61.91070653717225,-61.91323131284772,-61.73405055170708,-61.38797730139879,-60.89723234313094,-60.28058138052718,-59.550312682888126,-58.7119896653622,-57.76501594019554,-56.70324666873023,-55.51538080516668,-54.18510004395446,-52.69104344156028,-51.00678406081941,-49.10102042736586,-46.93818325077654,-44.479548988695676,-41.68476680844226,-38.51356555253054,-34.927530000245774,-30.892414765203704,-26.382341077826624,-21.387620068894563,-15.926825419330154,-10.060870495687267,-3.9038208559344976,2.3752219429137704,8.561214858551072,14.409062264569494,19.654561698097893,23.994234081774593,26.95215137991883,27.2670957761469,19.389342147067882,-6.468110167696076
1.7599999999999736,-61.87589324827825,-62.04143136773655,-62.04699394263826,-61.87459693191586,-61.538294424038725,-61.05981942234457,-60.457703260133634,-59.74421831110303,-58.92510130139892,-58.00010098367713,-56.96358279230378,-55.80491924093352,-54.50862202018133,-53.054291532395936,-51.41653635616094,-49.565067528249536,-47.46517626547062,-45.07871799493818,-42.365553222625515,-39.28522895690662,-35.79872276029346,-31.870541496961376,-27.472321701572017,-22.58968081082966,-17.233372814548993,-11.453272404992068,-5.350474279201647,0.9184536476020793,7.148369050518888,13.101348322604824,18.522945145409313,23.14304181756886,26.624916760714207,28.32915222557595,26.15514830625529,13.398430953196005
1.7649999999999735,-62.00641190150919,-62.170046160694696,-62.178503280089394,-62.01265393401002,-61.685817967766276,-61.21925063334411,-60.631247988639075,-59.934056938847895,-59.13357052732407,-58.22985900704353,-57.217768750582856,-56.08731275225966,-54.82379978206873,-53.407765472240094,-51.8148438355657,-50.01577410567917,-47.976755130906426,-45.66029623465376,-43.02655853181382,-40.034998748720525,-36.64609465054903,-32.82329072771847,-28.536101981493974,-23.766059230086356,-18.516872769675846,-12.828062476660216,-6.788011955298346,-0.540425596528455,5.720156746544559,11.763215114392308,17.34138431664973,22.203433351107872,26.085626588098062,28.646679299678528,29.197372027563492,25.8992303369395
1.7699999999999734,-62.13486164762979,-62.29659454185905,-62.3078096646433,-62.14828097172451,-61.830618207498624,-61.37560899021645,-60.801313753781585,-60.1199452679806,-59.33753705868507,-58.45445851666603,-57.46600877888022,-56.362808888465274,-55.1309313224805,-53.75181857005984,-52.20211542161919,-50.45359830289444,-48.47341345988673,-46.22479351391798,-43.6682875756312,-40.76335330664638,-37.470068852100795,-33.75097542378724,-29.57377961003938,-24.91647617821579,-19.77648618059657,-14.183712490750905,-8.214217608419323,-1.9986679002149836,4.279599295436802,10.397769455009216,16.113572759763525,21.18403601158576,25.374051459904024,28.447129214851348,30.128278136667916,30.09193206285841
1.7749999999999733,-62.26128233939938,-62.42111887835894,-62.43496188485326,-62.28153553568679,-61.97276304021598,-61.528974561435085,-60.96799507027943,-60.30199538679081,-59.53713479797046,-58.67406073169612,-57.70849812502815,-56.63164444318727,-55.430302354319956,-54.086791049314826,-52.5787474196282,-50.87898780031111,-48.95563819918688,-46.772717755976565,-44.29124822281994,-41.47077923238599,-38.271084918003034,-34.65394140367459,-30.58551495347618,-26.040756921411454,-21.01151970604388,-15.518861211802516,-9.627026293626875,-3.453614478385669,2.829762123406881,9.008482639109435,14.844478222675814,20.097236517055528,24.53823827774128,27.95402399568628,30.145380763729314,31.026808880837457
1.7799999999999732,-62.38571279959148,-62.543660344395576,-62.56000725604708,-62.412473288255235,-62.11231810351185,-61.67942462071327,-61.131382973474146,-60.48031501735902,-59.732492143676204,-58.888819953841306,-57.94542346069719,-56.8940458585801,-55.722186620479974,-54.41301014160935,-52.945123268623604,-51.29237915748858,-49.42390862767684,-47.304573853686286,-44.89595024360186,-42.15777003194332,-39.04959636604497,-35.5325624421272,-31.571522794146585,-27.138820612702204,-22.221416362331038,-16.832309723717646,-11.024525262624199,-4.902701696590337,1.37372286212851,7.598987019009763,13.53925919459119,18.954171476307547,23.613036995900185,27.298268571548252,29.799117267861835,31.006718313830486
1.784999999999973,-62.50819087593432,-62.66425898224891,-62.682991692763196,-62.54114815220223,-62.24934688657294,-61.82703378837898,-61.29156520124132,-60.655007749042234,-59.92373228442329,-59.09888392383859,-58.176963286171414,-57.1502296375196,-56.00684623558769,-54.73079024251168,-53.30161338130869,-51.69419724990976,-49.87869542019428,-47.820862535018236,-45.482904175079334,-42.824824891208195,-39.806068634288714,-36.387236058776615,-32.53206482773203,-28.210670077269434,-23.405745786979917,-18.123016983264826,-12.404959553968053,-6.3434844981205645,-0.0854992114156456,6.172851987651707,12.202578130399457,17.762987821974324,22.618251752474404,26.53859627271239,29.282717816158026,30.67830537495676
1.789999999999973,-62.62875349167685,-62.782953758864615,-62.80395977630468,-62.66761239364148,-62.38391083405634,-61.971874163806824,-61.44862636472893,-60.82617325853134,-60.110973478194374,-59.30439416387037,-58.40328832639635,-57.400402759608745,-56.28453205323242,-55.04043312229297,-53.64857506789446,-52.084854802015684,-50.32045978703416,-48.32207925376717,-46.052620177022696,-43.47244750846554,-40.54097732912997,-37.21837994077023,-33.46744298212015,-29.25638215114795,-24.564194404107127,-19.390094966721815,-13.766737878847252,-7.77365939530377,-1.5449945546983008,4.733488502772953,10.838517812898807,16.529458505497164,21.56454485174601,25.699422819426726,28.658733578601773,30.204575105276973
1.7949999999999728,-62.747436692108074,-62.899782618332544,-62.92295481774306,-62.79191669957612,-62.5160694433143,-62.114015449433815,-61.60264810848523,-60.99390751697434,-60.294329316876734,-59.505486305404006,-58.62456191650562,-57.64476309729517,-56.55548405281419,-55.34222818435361,-53.986352537888976,-52.46475201610797,-50.74965269718324,-48.80871311835403,-46.60560688100157,-44.101144955888884,-41.254806699853496,-38.026428929489846,-34.37799355772625,-30.276098672958955,-25.696555490272175,-20.632802624123414,-15.108435800406998,-9.191079925759436,-3.001988013349942,3.2841429355083673,9.450739849226174,15.257983377303031,20.45821491219432,24.79176826417515,27.948969513305407,29.629316480396657
1.7999999999999727,-62.86427568733292,-63.014782530548516,-63.0400189166836,-62.914110250428,-62.645880355396194,-62.253525066867525,-61.753709260543545,-61.15830298469348,-60.4739089764045,-59.70229040215209,-58.840940375383724,-57.88349982889279,-56.81993174063071,-55.636452764263844,-54.31527697325783,-52.83427629505657,-51.166714191463555,-49.28124587140915,-47.142370239899165,-44.711426550354176,-41.94804827911628,-38.811832489187736,-35.2640821464285,-31.270018171612442,-26.8027191768846,-21.850538377704503,-16.4287955008428,-10.593765086810036,-4.453848211906356,1.8279190130115317,8.04265025374628,13.952280751346162,19.303693952249816,23.821790329743507,27.16304005427021,28.96755922389019
1.8049999999999726,-62.97930489159412,-63.12798953633659,-63.15519301608578,-63.03424078788813,-62.773399440236204,-62.390468265577425,-61.90188597301838,-61.31944879404765,-60.649817452874274,-59.89493122803114,-59.05257336615125,-58.116793845766985,-57.07809456033554,-55.92337246261729,-54.63566666596333,-53.19380205530958,-51.57207278968902,-49.74015093192942,-47.663412387692716,-45.30380272144875,-42.62119963653794,-39.57505257253402,-36.12609926601841,-32.23838828072538,-27.88266252458236,-23.04283134881434,-17.72672261669412,-11.979903218312176,-5.898091787101162,0.36779686743367224,6.617506425737736,12.615756284059461,18.10464621970757,22.793863247421047,26.306723475440272,28.226856139487268
1.8099999999999725,-63.09255795940679,-63.2394387892869,-63.26851695341461,-63.15235467840722,-62.898680876415845,-62.52490822464182,-62.0472518537638,-61.47743092100933,-60.82215578507427,-60.08352856014721,-59.259604242730354,-58.344818151368884,-57.330182308407274,-56.20324150525889,-54.94782721267121,-53.54369062548158,-51.96614499390991,-50.18589251040028,-48.169230521139184,-45.87878387132073,-43.274763202056846,-40.316561802009325,-36.964456638631276,-33.18149890452652,-28.93643985911174,-24.20933168701832,-19.001280861493726,-13.347853179227238,-7.332387100901772,-1.0933585054908133,5.178471473998038,11.251676106701833,16.86441900825499,21.71165268507392,25.384401519530602,27.412415943714645
1.8149999999999724,-63.20406781875908,-63.3491645945554,-63.38002950838356,-63.26849697262849,-63.021777225867005,-62.65690614800081,-62.189878089625346,-61.632332346025926,-60.99102126391867,-60.2681974469745,-59.46217038191585,-58.567738250214795,-57.57639555078657,-56.47630312488015,-55.252051759372456,-53.88429022483441,-52.34933488790202,-50.618924805517224,-48.66031581588699,-46.436879226911955,-43.90924512584205,-41.03684189370182,-37.77958403757244,-34.09967614571562,-29.96417355568198,-25.349800389739347,-20.251685020740485,-14.696143698205741,-8.75455846605745,-2.5527976962237284,3.7286354738278704,9.863241522390027,15.58622635778817,20.578506864457804,24.399828351843876,26.528474270614367
1.8199999999999723,-63.313866701613485,-63.457200444850386,-63.48976844753195,-63.38271146104634,-63.14273950386462,-62.78652135364594,-62.32983356180543,-61.78423320474139,-61.15650762931537,-60.449048461996185,-59.660403500587115,-58.78571252526347,-57.816926037323434,-56.742789958448064,-55.54862128878364,-54.215936015240516,-52.72203383131528,-51.03969128921978,-49.13715238959687,-46.978595689867184,-44.525154151327314,-41.73638225931807,-38.5719266247269,-34.99327698449448,-30.96604542340158,-26.464098947449735,-21.477292734122756,-16.02347118647449,-10.162590462219818,-4.007892707385864,2.271018806008145,8.453617892861555,14.273226894468783,19.39761674474168,23.35641837958897,25.578744112393995
1.8249999999999722,-63.42198617192895,-63.56357905382101,-63.59777056586706,-63.49504072615825,-63.26161724463492,-62.913811357155005,-62.467184953837794,-61.93321092914372,-61.3187052550221,-60.62618794316574,-59.85442995788953,-58.99889260247967,-58.05195711115289,-57.00292445543624,-55.83780494362608,-54.53895021972984,-53.084620245370715,-51.4486240847033,-49.60021632405058,-47.50443669295803,-45.12300048677241,-42.41567873200804,-39.34194270023796,-35.862684675404736,-31.942288795289063,-27.552179085924436,-22.677595373741294,-17.32869607422381,-11.554631629385621,-5.456145275486994,0.8085665137390465,7.025942474360433,12.928558740870828,18.172094178783603,22.257384087536586,24.566615191664205
1.829999999999972,-63.52845715140843,-63.66833238704479,-63.704071725782796,-63.60552619135779,-63.37845856288783,-63.038831949959125,-62.60199685265239,-62.07934037969713,-61.47770132206324,-60.79971821862017,-60.044371042379616,-59.207423701670606,-58.28166411056133,-57.25691929234441,-56.119860379220796,-54.85364230044981,-53.43745948571297,-51.84614344006533,-50.04997475705173,-48.014901074228604,-45.70329466839964,-43.07523237154352,-40.090101788067045,-36.70830480910054,-32.89318138472664,-28.614072821839038,-23.852208279540996,-18.610837705632452,-12.928996959955064,-6.89519580552556,-0.6558615726904825,5.583322200018112,11.555355386825505,16.905017036468152,21.10581914175615,23.495270789478056
1.834999999999972,-63.63330994316343,-63.771491690802726,-63.80870689345657,-63.71420816680275,-63.49331021155968,-63.161637272706464,-62.73433184318642,-62.22269396900075,-61.63357998128523,-60.969737819127815,-60.23034324426428,-59.41144497293946,-58.50621476131033,-57.50497778949559,-56.39503413924882,-55.16030918877121,-53.78090379699229,-52.232657298306954,-50.48688505333022,-48.51048198131232,-46.26654641446476,-43.71554831414716,-40.81688298537981,-37.53056197181944,-33.819038930521145,-29.649883001691364,-25.000860595215308,-19.86906787778014,-14.284168828261183,-8.322831784628569,-2.1195024783193115,4.128826288783917,10.156751745252025,15.599458088233382,19.90475625746309,22.36776936481496
1.8399999999999719,-63.73657425347257,-63.87308751881334,-63.91171017291139,-63.82112589247792,-63.60621763604096,-63.28227988406864,-62.86425059697685,-62.36334177750161,-61.78642250563174,-61.1363416777971,-60.41245851297735,-59.61108981833335,-58.72576955776934,-57.74729432661189,-56.663562048991736,-55.45923556035298,-54.11529234296154,-52.60856096261837,-50.911394061809446,-48.991665818721216,-46.81326347464512,-44.33713464158485,-41.52277351034106,-38.329896926513996,-34.720209620990346,-30.65977445358031,-26.12338493792016,-21.10270317185959,-15.618796184859121,-9.736995007666172,-3.579702164036152,2.6654759748246666,8.735884208419188,14.258503939974357,18.657210138475804,21.187106497811445
1.8449999999999718,-63.83827921180047,-63.97314975708918,-64.01311483791602,-63.926317578655166,-63.7172250251377,-63.400810825311815,-62.99181195514802,-62.501351661769355,-61.9363074327146,-61.29962131759918,-60.59082450043328,-59.80648619846338,-58.94048213154658,-57.984054754138995,-56.92566962086219,-55.75069414817605,-54.440951305313675,-52.974236854297686,-51.32393746457573,-49.45893125044482,-47.34395048287019,-44.940501252750984,-42.208267391154,-39.106764235854634,-35.597069262262124,-31.643965843970456,-27.21970712163045,-22.31119627648338,-16.93169198326542,-11.135787224237408,-5.033927263798747,1.1962325744073432,7.295886507193485,12.88526674555052,17.366209738297336,19.95626329650876
1.8499999999999717,-63.93845338922895,-64.07170764706595,-64.11295336188662,-64.02982044393984,-63.826375359004906,-63.51727968093624,-63.117073006183425,-62.63678935581854,-62.08331069824463,-61.459665027279726,-60.765544790374285,-59.99775692404527,-59.15049960661651,-58.215436797745305,-57.18157246754729,-56.03494608687122,-54.75819404415836,-53.330054359290784,-51.7249392208513,-49.91274826913934,-47.85910782430501,-45.52615872865256,-42.873864248512355,-39.86163024789431,-36.45001713682558,-32.60272229669967,-28.28983613367041,-23.494126536253216,-18.221828907912162,-12.51747398521597,-6.479775967383422,-0.27601534934068056,5.839882400494243,11.482890126655919,16.034821955462327,18.678244186103093
1.8549999999999716,-64.03712481544366,-64.16878980714388,-64.21125744594195,-64.13167075108288,-63.93371045427217,-63.63173463566933,-63.240089158851546,-62.76971856594473,-62.227505760877264,-61.616558026241,-60.93671911428126,-60.18501993245178,-59.35596294021272,-58.44161045384586,-57.43147671860246,-56.31224128205722,-55.06732131288049,-53.67636975822351,-52.11481110729141,-50.353577341685686,-48.359230528683156,-46.09461718827197,-43.52006813329995,-40.594971369126455,-37.27947248476869,-33.53634879920806,-29.33385453668729,-24.65118997465133,-19.48833354495378,-13.880486580078085,-7.91498768383866,-1.7484651686426236,4.370975903977349,10.054550211946843,14.666168014947553,17.356105706587904
1.8599999999999715,-64.13432099440733,-64.26442425277271,-64.30805804525066,-64.2319038407206,-64.03927100656534,-63.74422252807616,-63.36091421063055,-62.90020105951611,-62.36896371900521,-61.77038261897994,-61.104443554371,-60.36838854949604,-59.55700724900055,-58.66273837438525,-57.67557943683836,-56.582818798854206,-55.368621520156005,-54.01352623393344,-52.493952354078154,-50.78186863906585,-48.84480720276069,-46.64638513816724,-44.14738639095064,-41.30727255621129,-38.08587153157676,-34.44518439217774,-30.351909436383423,-25.78218904103154,-20.730479189888037,-15.223422040839948,-9.337451213862021,-3.218413269663098,2.8922396241566526,8.603452476802495,13.263433393341996,15.992977350974213
1.8649999999999713,-64.23006891884133,-64.35863841519988,-64.40338539380345,-64.33055416319661,-64.14309663061604,-63.854788901035235,-63.47960041195716,-63.02829674814048,-62.50775342001813,-61.921218339666574,-61.26881073422729,-60.54797173675748,-59.75376212024662,-58.87897623946889,-57.91406903132748,-56.846907264227575,-55.66237103206341,-54.34185394987942,-52.862749374624975,-51.198061356529,-49.31631901441092,-47.18196832281462,-44.756328532862725,-41.99902596593585,-38.86966498241854,-35.32959711413519,-31.3442041206057,-26.887022319816072,-21.947677522220488,-16.545041257798196,-10.745211230857661,-4.683267641082682,1.4067016913564219,7.132824952425851,11.829871947832874,14.592075179315431
1.8699999999999712,-64.32439508362714,-64.45145915899414,-64.49726902772953,-64.42765530860649,-64.24522589813499,-63.96347804931054,-63.59619852660519,-63.1540637656041,-62.643941562521675,-62.069142087431146,-61.42990999763997,-60.72387432484896,-59.94635190788756,-59.090473116751404,-58.14712566432225,-57.10472527832657,-55.94883450750678,-54.66167019240442,-53.22157558527381,-51.602583127973766,-49.77423874000564,-47.701868585649066,-45.3474051033461,-42.67072971233543,-39.63131590281603,-36.18997965264358,-32.31099044041353,-27.965674418720145,-23.13946939967912,-17.844265311507602,-12.136472933413254,-6.140559635251446,-0.08266825748862784,5.645908314491572,10.36880480661401,13.156708791982942
1.8749999999999711,-64.417325498232,-64.54291279844843,-64.58973780727074,-64.52324003519749,-64.3456963736138,-64.07033306443273,-63.71075788847564,-63.277558540954836,-62.77759279199171,-62.21422825292557,-61.58782757623652,-60.89619723308552,-60.13489601355055,-59.297371806771466,-58.374921649804016,-57.35648183049448,-56.22826526053919,-54.97327956962448,-53.57079131017323,-51.99584953645275,-50.21902988533743,-48.206582752612206,-45.92112653761612,-43.32288668973978,-40.371297908937464,-37.026745638762534,-33.25256197017986,-29.01820622432673,-24.305515034297198,-19.120170176171342,-13.509604791995711,-7.587954608656057,-1.5729736245594874,4.145943331457591,8.883614528271218,11.6902821727647
1.879999999999971,-64.50888569825325,-64.6330251129572,-64.68081993751736,-64.61734029624483,-64.44454464820724,-64.17539587708909,-63.8233264550647,-63.39883586708292,-62.90876979031319,-62.356548836698664,-61.74264674649509,-61.06503767606304,-60.319509152707525,-59.49980917367563,-58.597621841785426,-57.60237671614191,-56.500905643608306,-55.27697425969162,-53.910743765580385,-52.37826372082163,-50.65114588861692,-48.69660155087289,-46.47800201212681,-43.956003430228016,-41.09009359665902,-37.840326511400534,-34.169247953246,-30.044745680068452,-25.44558381070545,-20.37197999140447,-14.863139370851336,-9.023261192363588,-3.061405527000539,2.636156138709004,7.377735019243296,10.196288886892413
1.884999999999971,-64.59910075616914,-64.7218213614571,-64.77054298800122,-64.70998726551686,-64.54180637183705,-64.27870729720662,-63.93395085785627,-63.51794896512587,-63.037533359631205,-62.49617355991237,-61.894447976723406,-61.230489357691035,-60.50030160625326,-59.69791646099046,-58.815384010846245,-57.84260095115838,-56.76698744622332,-55.57303430130353,-54.24176711713891,-52.750216076838164,-51.07102941212962,-49.17240857538189,-47.01853829309495,-44.57058897322776,-41.78819314642733,-38.63116887274968,-35.061408013131384,-31.045479205971986,-26.559543994958712,-21.599059131621264,-16.19577226251593,-10.444438988844725,-4.5452572264783155,1.1197417999866346,5.854637700181939,8.678302122931122
1.8899999999999708,-64.68799529137578,-64.80932629601155,-64.85893391123533,-64.80121136143391,-64.63751628364551,-64.38030705189716,-64.04267644986763,-63.63494954500692,-63.163942500916924,-62.633169967902106,-62.04330906458692,-61.39264265325219,-60.67737945788086,-59.89181959229351,-59.028359207722055,-58.077337181016425,-57.02673230404815,-55.861727919578925,-54.564182603201594,-53.112084049502336,-51.479111727106826,-49.634479315237826,-47.54323859239602,-45.16715373340036,-42.466093050040506,-39.39973225474706,-35.92942758847658,-32.02064384336176,-27.64735256124276,-22.8009033240789,-17.506359225356398,-11.849604539723579,-6.0219379584759265,-0.4001533811123281,4.3178144272338095,7.139960091024228
1.8949999999999707,-64.77559347958386,-64.89556417461486,-64.94601906028191,-64.89104227001594,-64.73170824092244,-64.4802338214248,-64.14954735056061,-63.749887862393656,-63.28805448763043,-62.76760352706402,-62.18930526574891,-61.55158478006905,-60.850844817700676,-60.08163945679046,-59.23669211304724,-58.30676008215813,-57.280352113942506,-56.143311880766824,-54.878298717018176,-53.46423201216814,-51.87581219433314,-50.08328025059747,-48.052601442196476,-45.74620836033412,-43.124294915182986,-40.14648721874886,-36.77371403315901,-32.97052017292572,-28.709045335959487,-23.97713007749873,-18.793911662822225,-13.23703545929177,-7.488985832639724,-1.9204503338917427,2.77075769784909,5.58494732593258
1.8999999999999706,-64.86191906164193,-64.98055877328484,-65.03182420542605,-64.97950896670984,-64.82441524661292,-64.57852527333823,-64.25460648831523,-63.86281277234366,-63.409924934836035,-62.89953771552776,-62.33250941417669,-61.707399957371116,-61.02079603259978,-60.267492179947595,-59.440521372625625,-58.53103675366416,-57.528049450979175,-56.418031869666116,-55.18441144052355,-53.80701122693976,-52.261537841080354,-50.519268029227405,-48.547119600838094,-46.308262589720115,-43.763304313344555,-40.871913715748796,-37.59469331124866,-33.8954260224644,-29.74472762583889,-25.12746868338277,-20.057590624786084,-14.605172680792831,-8.944079504643177,-3.4381560087809455,1.2169386990709434,4.0169724873909285
1.9049999999999705,-64.94699535184786,-65.06433339750673,-65.11637455002169,-65.06663973717521,-64.91566947550993,-64.67521809490475,-64.35789564064815,-63.973771779887315,-63.529607864105884,-63.02903410804901,-62.47299203464493,-61.86016955595122,-61.187327883877046,-60.44948937943565,-59.63997991782021,-58.75032709758189,-57.77001798397021,-56.68612288410912,-55.482804522547234,-54.140759880088034,-52.6366830331842,-50.94288872990625,-49.02727900273101,-46.853824090632756,-44.38362964616008,-41.57649964175338,-38.392807209547925,-34.795710952564754,-30.754565461074115,-26.25175004208993,-21.29669954481738,-15.95262081489963,-10.385048354135948,-4.950382012328889,-0.3402162138773263,2.4397432984647183
1.9099999999999704,-65.03084524580332,-65.14691089308634,-65.19969474557723,-65.1524621971071,-65.00550229922572,-64.77034802396852,-64.45945547234318,-64.08281108777646,-63.647155764523525,-63.156152455534134,-62.61082144794965,-62.00997223819598,-61.35053177272277,-60.6277384067426,-59.8351952708631,-58.96478418662918,-58.006442886510186,-56.94780964135372,-55.77374979447676,-54.4658031856856,-53.001629239496566,-51.35457721787118,-49.49355776453384,-47.38339731723207,-44.985781013894005,-42.2607395316432,-39.16851098783016,-35.67175148486039,-31.738777547796477,-27.34989654682365,-22.51067595134756,-17.27814667134299,-11.809880942970207,-6.454362625538181,-1.8973499929087139,0.8569393112871114
1.9149999999999703,-65.11349122786216,-65.22831365646664,-65.28180890613831,-65.23700331116363,-65.09394431002927,-64.86394987834727,-64.5593255716505,-64.18997564161405,-63.762619650081554,-63.28095075958547,-62.746063869322626,-62.15688408906186,-61.51049589412026,-60.802342574873826,-60.02628983504123,-59.174554618292056,-58.237501240992316,-57.2033069917451,-56.057507516724606,-54.782453550338225,-53.35674488461774,-51.7547565954547,-49.94642525879046,-47.8974823757103,-45.57026907747078,-42.925133344416956,-39.92227138805049,-36.5239470190069,-32.69762798853676,-28.42191223231643,-23.69908240456472,-18.58067604350418,-13.216731573331137,-7.947471754866674,-3.451199687601825,-0.7278167648220846
1.9199999999999702,-65.19495537821842,-65.30856364455455,-65.36274062202185,-65.32028941106218,-65.1810253436274,-64.95605758387248,-64.65754448469495,-64.29530917256203,-63.876049113742475,-63.403485342428795,-62.87878350051319,-62.30097873855648,-61.667305399764906,-60.97340137263045,-60.213381169873294,-59.379778854611125,-58.463362433479276,-57.45282033552233,-56.33432674974603,-55.091010791756524,-53.70238528470598,-52.14383774909488,-50.38634126467823,-48.39657391877413,-46.13760391199644,-43.570185302466356,-40.654564928009,-37.35271637105918,-33.63141979600538,-29.46787336324916,-24.861596914325858,-19.8592889000004,-14.60392481609179,-9.427238387935095,-4.998620898461054,-2.3109883996205136
1.92499999999997,-65.2752593796756,-65.38768238410363,-65.44251297295173,-65.4023462129036,-65.26677450096571,-65.04670420116867,-64.75414974822748,-64.39885423780876,-63.98749237841648,-63.52381091256682,-63.00904261598033,-62.44232747626303,-61.821042550589745,-61.14101066598942,-60.39658225150024,-59.58059154718428,-58.68418853768979,-57.696546039148494,-56.604445743809556,-55.39176240394917,-54.03889266031753,-52.522218992062534,-50.81375520368223,-48.88116008043979,-46.6882938550101,-44.19640275708138,-41.36587641157295,-38.1584948573463,-34.54048919578962,-30.487919602143894,-25.998003087777825,-21.113213165157315,-15.96995793497236,-10.891360160041932,-6.536611238922952,-3.8891544426207214
1.92999999999997,-65.3544245241335,-65.46569098069268,-65.5211485406421,-65.48319883377903,-65.35122016911514,-65.13592195126229,-64.84917792083921,-64.50065225896675,-64.09699634509012,-63.64198062647652,-63.13690164361551,-62.58099935843028,-61.971786859485995,-61.30526288714417,-60.57600171861708,-59.7771218471224,-58.90013468671681,-57.934671848026554,-56.868092342210126,-55.68498386199413,-54.36659621962568,-52.890285800615466,-51.22910546603239,-49.35172146364459,-47.22284435675678,-44.80429506126215,-42.05669759580335,-38.941731843902986,-35.42520068833996,-31.482245859833085,-27.10818023969274,-22.341817300346438,-17.31350119044595,-12.337714684560149,-8.06233216702827,-5.459037378038816
1.9349999999999699,-65.43247171882719,-65.54261012733657,-65.5986694208686,-65.56287180770697,-65.43439004130627,-65.22374224009877,-64.94266461274958,-64.6007435585529,-64.20460663832202,-63.75804614664857,-63.26241924039122,-62.71706130812489,-62.11961522479837,-61.4662472117863,-60.75174410435329,-59.96949369987641,-59.11134943140845,-58.16737729292653,-57.12548439313077,-55.970938959630885,-54.68581230497066,-53.24841063986595,-51.632818831670896,-49.808730192240255,-47.74175684263947,-45.394372438907666,-42.72752596464047,-39.70288868140991,-36.285942820266825,-32.45109489531472,-28.192093675119576,-23.54460191899075,-18.63339606651882,-13.764368360418981,-9.57312858218756,-7.0175298351391495
1.9399999999999697,-65.509421492348,-65.61846011276316,-65.67509723506795,-65.64138910094842,-65.51631113616824,-65.31019568204465,-65.03464451427008,-64.69916739469623,-64.31036764930631,-63.87205769624486,-63.38565236330538,-62.85057820892169,-62.26460205515663,-61.62404972521812,-60.92391005456891,-60.15782612499717,-59.317975084623896,-58.39483408787297,-57.37683016586457,-56.249880173293704,-54.99684459551077,-53.596952874478305,-52.025309987539146,-50.252649037516456,-48.245527599745365,-45.96714484630839,-43.3788635684665,-40.44243694882653,-37.12312459979323,-33.39475069758731,-29.249785324679642,-24.72119067929782,-19.928651521820953,-15.16958244267333,-11.066545638803895,-8.561718591578979
1.9449999999999696,-65.5852940004725,-65.69326082938618,-65.75045314149877,-65.71877412674026,-65.59700981622453,-65.39531212244144,-65.12515142303795,-64.79596199420236,-64.41432257668758,-63.98406411063229,-63.506656335972124,-62.981612992582285,-62.406819386190755,-61.77875357788793,-61.09259653308158,-60.342233481025396,-59.520148050822314,-58.61720651764546,-57.62232876762938,-56.52204904664253,-55.299984358731145,-53.9362587583884,-52.40698114106927,-50.68393062765258,-48.73464670011616,-46.52312082752838,-44.01121589846963,-41.16085693472011,-37.937172481017846,-34.313532651190094,-30.28136487952415,-25.871320700124656,-21.19843842047029,-16.551816245829283,-12.540342308137063,-10.088905373202566
1.9499999999999695,-65.66010903182499,-65.76703178100212,-65.82475784599774,-65.79504975948626,-65.67651180569352,-65.47912065927572,-65.21421827010464,-64.89116458409606,-64.51651346529883,-64.09411288603093,-63.6254849111837,-63.110226721151044,-62.546336989659174,-61.93043913094015,-61.25789701437749,-60.522825715808345,-59.71799914066451,-58.834651813399766,-57.862170557685644,-56.78767659013,-55.59551074369875,-54.26666149705058,-52.778221728066015,-51.103016746526905,-49.20959697336592,-47.06280636967961,-44.62509077382262,-41.858636293088914,-38.728527836207775,-35.207790460607995,-31.28700153777588,-26.994832737460353,-22.442082346181586,-17.909727441304877,-13.992501322142825,-11.596623849862443
1.9549999999999694,-65.73388601339278,-65.83979209023417,-65.89803161235773,-65.87023834843978,-65.75484220763748,-65.56164966402119,-65.30187714495833,-64.98481142175211,-64.61698124297767,-64.20225022549648,-63.74219032974626,-63.23647866386955,-62.68322247549211,-62.079184092363185,-61.41990166437956,-60.69970860262864,-59.911653870488564,-59.04732051524993,-58.09653755594626,-57.04698369065032,-55.883691109209686,-54.5884813752678,-53.139408211676106,-51.5103377262694,-49.67085304047505,-47.58670376728268,-45.22099722794211,-42.536268819463714,-39.49764483408446,-36.07789978707556,-32.26691643895565,-28.091661342783315,-23.659055042136124,-19.242169505896403,-15.421235255192116,-13.082652352904418
1.9599999999999693,-65.80664401591456,-65.91156050574779,-65.97029427235722,-65.94436173091144,-65.8320255205005,-65.64292680170578,-65.38815931955142,-65.076937823715,-64.71576575560591,-64.30852108244224,-63.85682337587479,-63.36042636929113,-62.81754138723701,-62.22506364430207,-61.57869750986128,-60.872983962594034,-60.101232746682534,-59.25535682093712,-58.32560384370132,-57.300181526826165,-56.16478138032311,-54.90202594340596,-53.49090396788283,-51.906311935911724,-50.118880419313086,-48.09531050698986,-45.79944438731552,-43.19425330271271,-40.24498864443442,-36.924258534878845,-33.22137582919722,-29.161825201507853,-24.848964747828514,-20.548186472823737,-16.824988637284967,-14.545021992721312
1.9649999999999692,-65.87840175915873,-65.98235540925674,-66.04156523546384,-66.01744124503068,-65.90808565407188,-65.72297905025297,-65.47309527139966,-65.16757819330073,-64.81290580050366,-64.41296920188701,-63.969433429407566,-63.48212573294755,-62.94935729136163,-62.36815056209114,-61.73436859709952,-61.04274987379434,-60.28685153511216,-59.45889891997653,-58.54953595448723,-57.5474719860074,-56.43902642719921,-55.207590254734164,-53.83305925196775,-52.29134536656517,-50.55413471077665,-48.5891181850045,-46.36094034244308,-43.83309241771094,-40.97103389465702,-37.747283713024366,-34.150684969329596,-30.20541782154445,-26.01154572100532,-21.827005225256265,-18.202436138462993,-15.982020027487948
1.969999999999969,-65.9491776171033,-66.05219482233646,-66.11186349823328,-66.08949774208814,-65.9830459449089,-65.80183271913958,-65.55671470581159,-65.2567660470638,-64.9084391582994,-64.51563715960359,-64.08006851508478,-63.60163106090442,-63.07873186085304,-62.50851532554021,-61.88699614036081,-61.20910086776589,-60.4686215158725,-59.65807931289264,-58.76849325350518,-57.78904807954603,-56.70666046062379,-55.50545714671797,-54.16621123961431,-52.6658313117701,-50.97706087249776,-49.068611469695384,-46.90599101526487,-44.453291633425316,-41.67626331136778,-38.54740879185163,-35.05518277126061,-31.222598710559474,-27.14664723758703,-23.078025649175025,-19.552477010265342,-17.392188518155745
1.974999999999969,-66.01898962303459,-66.12109641306385,-66.18120765342589,-66.16055159848361,-66.05692917125042,-65.87951346741275,-65.6390465773057,-65.34453404021018,-65.00240262338784,-64.61656639932623,-64.18877534911726,-63.71899512951356,-63.20572495352178,-62.646226222986826,-62.036658660804996,-61.37212811383185,-60.646649723721296,-59.853025115353255,-58.982628304327804,-58.02509435339258,-56.96790743910876,-55.79589755931721,-54.490684135813375,-53.030150140120924,-51.38809258506921,-49.534267121382655,-47.435099031068916,-45.05535811962153,-42.36116648914062,-39.32508147226339,-35.93523712599921,-32.21358514752757,-28.25422235536102,-24.300809023314905,-20.874226107281075,-18.774318488731584
1.979999999999969,-66.0878554745709,-66.18907750249451,-66.24961589885733,-66.23062272730313,-66.12975756744953,-65.95604632110094,-65.72011911026318,-65.43091399102245,-65.09483203307546,-64.71579726816292,-64.29559938325148,-63.83426924165071,-63.330394685397366,-62.78134944860573,-62.18343211638117,-61.53191959190614,-60.82103917462942,-60.04385834717846,-59.19208722193726,-58.25578729150236,-57.222981482961465,-56.0791708836598,-54.80678934441282,-53.384669155928435,-51.787651713688085,-49.98655308013265,-47.948762605351966,-45.63979964315151,-43.02623873836967,-40.080761787279904,-36.79124086977346,-33.1786446214661,-29.334316709342144,-25.495065065361995,-22.16700193089777,-20.12743998268923
1.9849999999999688,-66.15579253862414,-66.25615507099263,-66.31710604600052,-66.29973058954431,-66.20155283795054,-66.03145569005387,-65.79995981886279,-65.5159369043654,-65.185762295508,-64.81336905034819,-64.40058484652545,-63.94750327971038,-63.452797499580555,-62.913949193442974,-62.32739002327613,-61.688560254351735,-60.99188907893611,-60.230696206343886,-59.397010011406934,-58.48129570996273,-57.47208729123764,-56.35552533486593,-55.11482569103857,-53.729742542609834,-52.17614786615484,-50.425927630874604,-48.44747445754712,-46.207123451365185,-43.67197997433138,-40.81492046068857,-37.623608322677555,-34.11808797906445,-30.387057579538673,-26.660638073616408,-23.43031223071811,-21.45080855455972
1.9899999999999687,-66.22281785630545,-66.32234576442455,-66.38369552835456,-66.36789420501067,-66.27233617083618,-66.10576538424337,-65.87859552634167,-65.59963299432967,-65.27522741646479,-64.90931999945805,-64.50377478488993,-64.05874575560243,-63.5729882308887,-63.044087730616596,-62.46860356945381,-61.84213217748882,-61.15929504164016,-60.41365132821391,-59.59753089177224,-58.70178114012956,-57.71542055798978,-56.625198343251554,-55.41507969215846,-54.065711382664375,-52.55397804635811,-50.85283865333037,-48.93172076404382,-46.757835145596374,-44.298893619441266,-41.52803745506209,-38.43277232713334,-35.03226329456721,-31.412643437501714,-27.79749260152385,-24.663837760995452,-22.74388885018255
1.9949999999999686,-66.28894814778228,-66.3876659002249,-66.44940140959267,-66.43513216289037,-66.34212825096427,-66.17899862955107,-65.95605238361688,-65.68203170606644,-65.36326052509597,-65.00368736920029,-64.60521109885937,-64.16804385798537,-63.691020166615765,-63.17182549510346,-62.60714172080752,-61.992714703342074,-61.323349250390905,-60.59283203033884,-59.79377860484208,-58.91739819941299,-57.9531683847063,-56.88841695863313,-55.707825863245674,-54.39290374750582,-52.921526400758005,-51.267722962279386,-49.40198016267888,-47.29243755185231,-44.907485499974385,-42.220600650538735,-39.2191817106343,-35.92155045052925,-32.41133413883023,-28.905699080471503,-25.867414817127422,-24.006336003155372
1.9999999999999685,-66.35419981709286,-66.45213147334589,-66.51424039150363,-66.50146263203806,-66.41094927271715,-66.25117808307174,-66.03235588730702,-65.76316173686459,-65.44989389867511,-65.0965074428827,-64.70493457934109,-64.27544349694644,-63.80694510369772,-63.29722115850587,-62.74307132042184,-62.140384572204034,-61.48414065175899,-60.76834254322905,-59.98587670887961,-59.12829494866456,-58.1855096862952,-57.14539826296764,-55.993327059294494,-54.711634850050984,-53.27916405399517,-51.671005741672396,-49.85872282000187,-47.81142959881303,-45.49826272684367,-42.89310460578146,-39.98329909811138,-36.78635639747083,-33.38344188701054,-29.98541976654184,-27.04101717096854,-25.23797560558911
2.0049999999999684,-66.4185889569218,-66.51575816209609,-66.57822882173606,-66.56690337097133,-66.4788189523798,-66.32232584795503,-66.10753089718264,-65.8430510565125,-65.5351589864305,-65.18781556165423,-64.80298494177958,-64.3809893463256,-63.92081340256255,-63.42033169916905,-62.876457181420655,-62.285216046581404,-61.641755116379045,-60.94028322757788,-60.17394385722684,-59.33461323539565,-58.41261558839328,-57.39634978707467,-56.27183484131876,-55.022207252793336,-53.62724902860697,-52.06310007414822,-50.30240957126353,-48.315305215157125,-46.071732557253824,-43.546049362906324,-40.7255990032352,-37.62711104432466,-34.329323051994464,-31.03689533360237,-28.184737986374827,-26.438782999235162
2.0099999999999683,-66.4821313533411,-66.57856133387715,-66.6413827013567,-66.63147173759778,-66.54575654016531,-66.39246348780767,-66.18160165307722,-65.92172692698827,-65.6190864325156,-65.27764615160378,-64.89940085874184,-64.48472488386597,-64.03267403791745,-63.541212467997234,-63.007362173849394,-62.427281027068226,-61.796275593560104,-61.108750778454926,-60.35809406207861,-59.53648902230492,-58.63464981417301,-57.64146992769782,-56.5435898629142,-55.3249111240982,-53.96612624294718,-52.4444065656729,-50.733491141401906,-48.80455225911242,-46.62840123995425,-44.179939268246905,-41.44656613423984,-38.44426371988429,-35.24937088673359,-32.06043237256243,-29.298772233448,-27.60886258303685
2.014999999999968,-66.54484249052088,-66.64055605082385,-66.70371769223243,-66.69518469868333,-66.611780831903,-66.46161204067616,-66.25459179128369,-65.99921592151291,-65.70170609816927,-65.36603274979612,-64.99421999105839,-64.58669242935406,-64.1425746467082,-63.65991725028906,-63.13584730601986,-62.566649160675176,-61.94778225595264,-61.273838417021274,-60.53843694370774,-59.7340527008034,-58.85176905918051,-57.880948361647214,-56.80882227144324,-55.62002453560284,-54.29612758074823,-52.815313063368215,-51.152407453398055,-49.27965149318302,-47.16877285147657,-44.79528179030019,-42.146693857787525,-39.23828013807859,-36.14400914825427,-33.056391989516385,-30.383400038125128,-28.748427752464572
2.019999999999968,-66.60673755540884,-66.7017570753517,-66.7652491242426,-66.75805883907441,-66.67691018040364,-66.52979203262946,-66.32652436046318,-66.075543943003,-65.7830470831182,-65.45300802931553,-65.08747901762484,-64.68693318090597,-64.25056157347235,-63.77649832390033,-63.261971800719635,-62.70338794211924,-62.096352634858604,-61.4356360703464,-60.71507796553384,-59.92742938941316,-59.06412335306294,-58.11496645423957,-57.06775211891722,-55.907813793875796,-54.617572025347634,-53.176194463148704,-51.55958702841275,-49.7410756163493,-47.69334813407641,-45.392586324622414,-42.82648277328615,-40.00963979644796,-37.013686598119115,-34.025179628183366,-31.43897131044811,-29.85778198353284
2.024999999999968,-66.66783144238356,-66.76217887561862,-66.82599200233071,-66.8201103706827,-66.74116250651527,-66.59702349095822,-66.39742183708734,-66.15073624195313,-65.86313774626439,-65.5386038233831,-65.17921366396007,-64.78548724953752,-64.35667991328351,-63.89100651400928,-63.385793166661486,-62.8375628085552,-62.242061746748924,-61.59423053991241,-60.88811865548972,-60.116739217072194,-59.271856407330674,-58.343697659683485,-57.320589778161185,-56.18853379984757,-54.93076585137139,-53.52741260259035,-51.95544648013353,-50.18928836481296,-48.20262334827262,-45.97236298274614,-43.48643935935927,-40.758833737210814,-37.858872331071275,-34.96723617828855,-32.46589189738437,-30.937301459607774
2.029999999999968,-66.7281387578806,-66.82183563090344,-66.88596101340272,-66.88135514124471,-66.80455530988232,-66.6633259570068,-66.46730614043605,-66.22481743377604,-65.94200572569751,-65.62285114860654,-65.26945872960876,-64.88239369214732,-64.46097355247542,-64.00349124474978,-63.50736726553147,-62.96923722820853,-62.38498221154442,-61.749705659403595,-61.05765681419208,-60.30209759151051,-59.47510594855801,-58.56730791146393,-57.567536360367235,-56.4624284299642,-55.236002866633335,-53.86931623348381,-52.34039010389243,-50.62474369074238,-48.69708915393858,-46.53512136812847,-44.12707466335411,-41.486362603238355,-38.68005186079899,-35.88303037429168,-33.464611410668674,-31.987419520930807
2.0349999999999677,-66.78767382499312,-66.88074123690501,-66.94517053307594,-66.94180864286143,-66.86710567941869,-66.72871849865213,-66.53619864716822,-66.29781151562842,-66.01967795807158,-65.7057802274171,-65.35824811446798,-64.9776905430309,-64.56348520731339,-64.11400058795037,-63.626748374962084,-63.09847278334285,-62.52518436319261,-61.902142442371485,-61.22378671046177,-60.48361545297167,-59.67400403664824,-58.78595600115401,-57.80878413063186,-56.72973093348074,-55.53356469711723,-54.20224106780555,-52.714809559378985,-51.0478850265787,-49.17722953404307,-47.08136934675865,-44.74890301346335,-42.19273492648645,-39.47772387813426,-36.773052440191854,-34.435612792043,-33.00861310255161
2.0399999999999676,-66.84645068804696,-66.93890931096475,-67.00363463228662,-67.0014860203294,-66.92883030350586,-66.79321972244354,-66.60412020548566,-66.36974188274422,-66.09618069737772,-65.78742050974239,-65.44561484410984,-65.0714148440327,-64.66425646077381,-64.22258130920702,-63.74398924774313,-63.22532924797139,-62.66273635305156,-62.051619220362966,-61.38659926476311,-60.66139951364735,-59.868677367984056,-58.99979394441409,-58.044516918554564,-56.99066434082637,-55.82372110814376,-54.526509890345245,-53.07908364424672,-51.45914464042915,-49.64352077448181,-47.611611823370765,-45.35244074091482,-42.87846559335205,-40.25239758918914,-37.63780889719321,-35.37940360113177,-34.00139122225898
2.0449999999999675,-66.9044831171495,-66.99635319721502,-67.0613670837602,-67.06040207927,-66.98974547992748,-66.85684778541719,-66.67109114890474,-66.44063134429942,-66.17153953314518,-65.86780069396043,-65.53159109416819,-65.16360267343379,-64.76332779756974,-64.32927891149085,-63.8591411675562,-63.34986466069839,-62.79770424657116,-62.198211772084065,-61.54618222114884,-60.83555248325855,-60.05924756345091,-59.208967333239855,-58.27491052142136,-57.24544187848624,-56.10673035516272,-54.84243273093496,-53.43357815459335,-51.858943086008935,-50.09643051218758,-48.12634953629541,-45.938204906551626,-43.544074439415425,-41.00459053847451,-38.47781842215841,-36.2965089471914,-34.96628548983836
2.0499999999999674,-66.96178461271293,-67.05308597165562,-67.1183813683487,-67.11857129406174,-67.0498671255466,-66.91962040659415,-66.73713130965102,-66.51050213882708,-66.24577940809799,-65.9469487471751,-65.61620821384827,-65.25428917366588,-64.86073863756008,-64.4341376764848,-63.97225400149936,-63.472135393051865,-62.93015211373756,-62.341993444157325,-61.702620308303835,-61.00617328127769,-60.24583144145799,-59.41361567378948,-58.500133097911714,-57.494267386360406,-56.38283955801441,-55.150307089120965,-53.77864582723109,-52.247688748586185,-50.53641686198313,-48.62607788499248,-46.50671203186961,-44.19008493456492,-41.73482682409175,-39.293608625764854,-37.18746593625575,-35.90384253508694
2.0549999999999673,-67.01836840995043,-67.10912044716017,-67.17469068123958,-67.17600781558518,-67.1092107857364,-66.98155487817596,-66.80226003169135,-66.57937594920163,-66.31892463529385,-66.02489192485147,-65.69949674861465,-65.34350857793234,-64.95652736765895,-64.53720070382226,-64.08337624965105,-63.59219621364525,-63.06014211372147,-62.483035264012514,-61.85599539028258,-61.17335723632541,-60.428541276202836,-59.6138727093514,-58.720345550649476,-57.73733573406355,-56.652285092975056,-55.4504182041778,-54.11462635782018,-52.62577748651259,-50.96392763062982,-49.11128580436552,-47.05847683912845,-44.81702292808725,-42.443635617756,-40.08571360924834,-38.05281946957821,-36.81461819511947
2.059999999999967,-67.07424748334537,-67.16446917841388,-67.23030793804105,-67.23272547878466,-67.16779164357207,-67.04266807644584,-66.86649618341649,-66.64727391721048,-66.39099891476867,-66.10165678984389,-65.78148646210812,-65.43129423581087,-65.05073137235671,-64.63850994838857,-64.19255509190045,-63.71010034848503,-63.18773457414816,-62.62140604542985,-62.006386607527126,-61.33719627330329,-60.60748504151841,-59.809866728219625,-58.93570189626707,-57.97483323311224,-56.91529299738242,-55.743039363542394,-54.441846488345135,-52.993592366237905,-51.3793996243435,-49.582454699253674,-47.594011008542516,-45.42541543155354,-43.13154991083371,-40.854672156496285,-38.89311920696474,-37.699173261410095
2.064999999999967,-67.1294345510913,-67.21914446678377,-67.28524578074538,-67.28873781005251,-67.22562452879113,-67.10297647238669,-66.92985816998663,-66.71421665772732,-66.46202534970786,-66.17726923084842,-65.86220635733643,-65.51767863790626,-65.14338706295365,-64.7381062558337,-64.29983643225708,-63.82589953771717,-63.312988065381184,-62.75717248723092,-62.15387050874508,-61.497779088849505,-60.782766640719885,-60.001720856416995,-59.14634962196017,-58.2069380424012,-57.17207938215793,-56.028432243043014,-54.76062015701563,-53.3515034872413,-51.783258053828035,-50.04005745117594,-48.113821962822904,-46.01578942489364,-43.79910541780265,-41.60102642271033,-39.70891749827168,-38.55807056244858
2.069999999999967,-67.18394207950242,-67.27315836512199,-67.33951658357502,-67.3440580344421,-67.2827239265292,-67.1624961420235,-66.99236394534985,-66.78022427250308,-66.53202646216576,-66.25175448030755,-65.94168469718035,-65.6026934396135,-65.2345299055972,-64.8360293964296,-64.40526494083302,-63.939644089086045,-63.43595947019008,-62.89039926559256,-62.29852117420927,-61.655191315704926,-60.95448612292878,-60.18955333535292,-59.35243002778855,-58.433820564792114,-57.42285084804866,-56.306847272673316,-55.071248703491904,-53.699867892100094,-52.17591603872691,-50.484557507639664,-48.61841169062145,-46.5886706777674,-44.4468395798436,-42.32532099044873,-40.50076808621812,-39.39187314719534
2.074999999999967,-67.23778228739322,-67.32652268250435,-67.39313245871378,-67.39869908271302,-67.33910398583812,-67.22124277649924,-67.05403102394563,-66.84531636358733,-66.60102420834977,-66.32513713179307,-66.01994902425275,-65.68636948404864,-65.32419444820734,-64.93231809739724,-64.5088840936788,-64.05138292835933,-63.55670404914599,-63.021149120430294,-62.440410331025625,-61.809515676586976,-61.12273988639791,-60.37347778463184,-59.55407855422349,-58.655643833037225,-57.66780490191644,-56.57852402209442,-55.37402112230642,-54.03902955595186,-52.557774211361725,-50.91640806227432,-49.10827562078911,-47.144582583999075,-45.075290622846445,-43.0281021772634,-41.26922539199706,-40.20114333564061
2.0799999999999668,-67.2909671504258,-67.37924898890337,-67.44610526192635,-67.45267359821453,-67.39477852799214,-67.27923169189253,-67.11487649210213,-66.90951204639323,-66.6690399934877,-66.39744115689194,-66.09702618014666,-65.7687368241985,-65.41241434636513,-65.02701007381657,-64.6107362106367,-64.16116364695344,-63.6752755020685,-63.149482936278176,-62.57960746089472,-61.9608321281629,-61.28762086939272,-60.55360345032204,-59.75142509464945,-58.87256388360246,-57.90713036988179,-56.843691600517374,-55.66921435747395,-54.36931944887765,-52.929220417815,-51.33605133184909,-49.58390155900689,-47.6840450114461,-45.68499663547904,-43.70991749502465,-42.01484420994514,-40.986442413542306
2.0849999999999667,-67.34350840542326,-67.43134861979638,-67.49844659806767,-67.50599394361072,-67.44976105458973,-67.33647783878389,-67.1749170191379,-66.97282996241785,-66.7360946862929,-66.468689921615,-66.17294232410083,-65.84982474433421,-65.4992223882359,-65.1201420582209,-64.71086249136275,-64.26903254697551,-63.7917260258245,-63.275459818063226,-62.716179900868866,-62.109217995701364,-61.44921872920771,-60.73003543908519,-59.94459429271551,-59.084730117287975,-58.14100780459896,-57.102569066127145,-55.957093631535635,-54.6910556642598,-53.29062951283429,-51.743917933994936,-50.04576869737554,-48.20757317314165,-46.27649464357578,-44.371315178264155,-42.73817965710892,-41.748330766660224
2.0899999999999666,-67.39541755464838,-67.48283268071069,-67.550167826486,-67.55867220745172,-67.50406475545446,-67.39299581157795,-67.23416886817508,-67.03528829162816,-66.80220863304169,-66.53890620234897,-66.2477229511138,-65.92966178073324,-65.58465051858802,-65.21174982897212,-64.80930304965672,-64.37503468388243,-63.90610636875809,-63.39913716215302,-62.85019293758851,-62.25474809897332,-61.607620009909404,-60.90287493862639,-60.13370582458272,-59.29228564582053,-58.36960988435665,-57.35536584069696,-56.237912802605685,-55.00454360588705,-53.642363243716126,-52.14042636728915,-50.494346706138835,-48.71567652802026,-46.85031966669665,-45.012843716410266,-43.43978724605861,-42.48736827345416
2.0949999999999664,-67.44670587004526,-67.5337120517039,-67.60128006632003,-67.61072021059502,-67.55770251634176,-67.44879985758897,-67.29264790667405,-67.09690476452455,-66.86740167127759,-66.60811220137197,-66.32139290953192,-66.00827574174599,-65.66872986196589,-65.30186823750137,-64.90609694622718,-64.47921390694066,-64.01846588201104,-63.52057072302734,-62.98170989545184,-62.39749486995316,-61.762908299400685,-61.072219424978414,-60.31887466624823,-59.495367623848374,-58.593101802107476,-57.6022821255565,-56.5119147434084,-55.3100762264973,-53.98477021728498,-52.525982593344075,-50.93009491499015,-49.20885772099312,-47.40700375098646,-45.6350513418766,-44.120222973389936,-43.20411480227626
2.0999999999999663,-67.49738439744414,-67.58399739178137,-67.65179420169379,-67.66214951247986,-67.6106869264564,-67.50390388589477,-67.35036961669626,-67.15769667389004,-66.9316931431534,-66.67632956194609,-66.39397641813441,-66.08569372724416,-65.7514907450709,-65.39053123449384,-65.00128222000666,-64.58161289765573,-64.1288525679749,-63.6398146759039,-63.11079221915054,-62.53752846285153,-61.915164376400234,-61.238162857166806,-60.500211346230145,-59.694107565987345,-58.81164164288562,-57.84350931555399,-56.77933173674273,-55.60793431052385,-54.31818594329735,-52.90097971872471,-51.35346158950053,-49.68761157277802,-47.947074979399744,-46.23848544193572,-44.7800433406829,-43.899130687919325
2.1049999999999662,-67.54746396072542,-67.63369914324987,-67.7017208868102,-67.71297141725961,-67.66303028578557,-67.55832147596716,-67.40734910490363,-67.21768088623543,-66.9951019084236,-66.7435793830057,-66.46549708273889,-66.16194214748063,-65.83296271839372,-65.4777718950887,-65.0948959181241,-64.68227320632774,-64.23731312609526,-63.75692167562568,-63.237499550980424,-62.67491685699061,-62.064466347921694,-61.40079585983057,-60.67782218398896,-59.88863164875675,-59.02538074840493,-58.07923040811883,-57.04038588230257,-55.89838679402746,-54.64293294707869,-53.265797772968384,-51.764883306247874,-50.15242412977596,-48.471056465785004,-46.823691876636374,-45.41980524814201,-44.572977091341734
2.109999999999966,-67.59695516594459,-67.68282753600874,-67.75107055094547,-67.76319697979366,-67.71474461225182,-67.61206588608277,-67.4636011123004,-67.27687385294804,-67.05764635709804,-66.80988223345368,-66.53597791234604,-66.23704674139239,-65.91317457714695,-65.5636224431603,-65.18697412463175,-64.78123528687375,-64.34389299623402,-63.87194291209645,-63.36188980331001,-62.80972595301061,-62.210889777826885,-61.560205894385604,-60.85180951452778,-60.07906099740807,-59.23446406792161,-58.3096204049736,-57.2952895102882,-56.18169111511128,-54.95932094389282,-53.62080357766817,-52.16478442826799,-50.60377178358492,-48.97946534337884,-47.39121419744431,-46.04006572292869,-45.22621617436429
2.114999999999966,-67.64586840541371,-67.7313925917772,-67.7998534033461,-67.8128370115038,-67.76584164869095,-67.665150061521,-67.5191400237258,-67.3352916211537,-67.11934442176675,-66.87525816608049,-66.60544133484231,-66.31103259437091,-65.99215438153216,-65.64811427473727,-65.27755198807301,-64.87853853004906,-64.44863639977822,-63.98492816252855,-63.48401922656728,-62.94201966287187,-62.354507807009895,-61.71647741932766,-61.02227189967193,-60.26551195778313,-59.43903049470871,-58.53484670444471,-57.544245597741515,-56.458093588520875,-55.26764706745485,-53.96635070057238,-52.553576680626264,-51.04212046858721,-49.472811760961825,-47.94159277157506,-46.64138146363587,-45.859411046972724
2.119999999999966,-67.69421386174088,-67.77940412825924,-67.84807943802983,-67.86190208609669,-67.81633286965895,-67.71758664255455,-67.57397987710293,-67.39294984429837,-67.18021358960532,-66.93972673111723,-66.67390921227828,-66.38392415552582,-66.06992947638109,-65.73127798061637,-65.36666374797359,-64.97422129518559,-64.55158637866954,-64.09592584075044,-63.6039424730805,-63.071859994090225,-62.49539126575061,-61.869692040268134,-61.18930432656239,-60.448096353456954,-59.639213187718035,-58.75506948270357,-57.787448184041786,-56.72782979859185,-55.56819614506513,-54.30277948788575,-52.931658824228634,-51.467924944553104,-49.95159790138957,-48.47536382508263,-47.224308199066485,-46.473125467940356
2.124999999999966,-67.74200151182444,-67.82687176324531,-67.8957584384922,-67.91040254515647,-67.86622948807184,-67.76938797223762,-67.62813437245023,-67.44986379245738,-67.24027091407119,-67.00330698943579,-66.74140285573726,-66.45574525446303,-66.14652651020135,-65.81314336821647,-65.45434276032859,-65.06832094055726,-64.65278483251262,-64.20498304380023,-63.72171265708914,-63.19930712862527,-62.633608778755594,-62.01992865029173,-61.35299839393209,-60.62692172850817,-59.83513987820128,-58.97044206260293,-58.02508278247074,-56.99112500520814,-55.86124101207514,-54.63041716745836,-53.2994164245342,-51.881628169512425,-50.41631703763105,-48.99305842368653,-47.78939987313827,-47.067923299186866
2.1299999999999657,-67.78924113080205,-67.87380491865133,-67.94289998232085,-67.95834850360933,-67.9155424616824,-67.82056610399567,-67.68161688066215,-67.50604836238011,-67.29953302629744,-67.06601752540514,-66.80794303980993,-66.52651911759868,-66.22197145365739,-65.89373948272073,-65.54062152215197,-65.16087385247113,-64.75227255391016,-64.31214559601698,-63.837381411215524,-63.324419496809085,-62.769226863381185,-62.16726356121331,-61.51344248674799,-60.80209157634066,-60.02693316123914,-59.18111126908699,-58.25732678521426,-57.24819455795238,-56.14704285871744,-54.94957801526796,-53.65722171058492,-52.28366076634174,-50.86745264092949,-49.49520141421337,-48.33720767835587,-47.64436773038473
2.1349999999999656,-67.8359422959527,-67.92021282449505,-67.98951344571749,-68.00574985506385,-67.96428249939896,-67.87113280902435,-67.73444045206398,-67.56151808727542,-67.35801614619427,-67.12787645941572,-66.87355001668635,-66.59626838402633,-66.29628961751341,-65.97309462754382,-65.62553169514936,-65.25191547317586,-64.85008926215733,-64.4174580908211,-63.95099893966921,-63.447253846683466,-62.902310021510765,-62.3117706262962,-61.67072193981042,-60.97370555503478,-60.21471077226718,-59.38721777042668,-58.48434985959004,-57.49924431415766,-56.42585160276475,-55.26056357752355,-54.0054335187821,-52.67444058472193,-51.305477554471516,-49.98231035151975,-48.8682789678485,-48.20302030272783
2.1399999999999655,-67.88211439055124,-67.96610452280949,-68.03560800793102,-68.05261627702902,-68.01246006744779,-67.921099583499,-67.78661782474737,-67.61628714634587,-67.41573609326466,-67.1889014600802,-66.93824352988047,-66.66501512095601,-66.36950567006377,-66.05123638416386,-65.70910412856934,-65.34148032766953,-64.94627363541977,-64.52096393036474,-64.06261406843804,-63.567865309091694,-63.032920825533175,-62.45352135497654,-61.824919190906726,-61.141859689751904,-60.39858584880902,-59.588896404765556,-58.70631433368346,-57.74447105708427,-56.69790628195747,-55.563662940806054,-54.34439731507028,-53.05437235837766,-51.73085324416309,-50.454894436132335,-49.383156080695585,-48.744439769485254
2.1449999999999654,-67.92776660767423,-68.0114888714939,-68.08119265560096,-68.09895723601247,-68.0600853953844,-67.9704776556016,-67.83816143269077,-67.67036937407585,-67.47270829714148,-67.24910975612032,-67.00204282759718,-66.73278083873986,-66.44164365407221,-66.12819163135066,-65.79136888128323,-65.42960204948281,-65.04086334150544,-64.62270536321317,-64.17227429269641,-63.68630745884357,-63.16111999884669,-62.59258502011781,-61.97611392410799,-61.306646562749705,-60.57866717773392,-59.78627649168569,-58.92337556993468,-57.98406291095273,-56.96343546067122,-55.85915304289918,-54.6744452886582,-53.42384745591262,-52.1440291359448,-50.91345348682813,-49.88237511740006,-49.2691808363068
2.1499999999999653,-67.97290795395621,-68.05637454810297,-68.12627618701482,-68.1447819925024,-68.10716848195682,-68.01927799236854,-67.8890834136714,-67.72377826928093,-67.52894780785485,-67.30851814794863,-67.06496667575274,-66.79958650549982,-66.51272700324209,-66.20398656382169,-65.8723552431397,-65.51631340550588,-65.13389506733382,-64.72272352020985,-64.28002582164785,-63.80263237225328,-63.28696649128478,-62.72902875829659,-62.12438320378756,-61.468155491581925,-60.75505942842804,-59.97948212867148,-59.13568232554208,-58.21819975003061,-57.22265764582611,-56.14729901729331,-54.99589651007416,-53.78324372210894,-52.54544204668017,-51.35847697024486,-50.366464702245956,-49.7777928264513
2.154999999999965,-68.01754725329572,-68.10077005357277,-68.1708672162784,-68.19009960583402,-68.15371910082429,-68.06751130636452,-67.93939561697262,-67.77652700392267,-67.58446930583409,-67.36714301895235,-67.1270333706591,-66.86545256136979,-66.58277855823592,-66.27864671035317,-65.95209175563457,-65.60164631992103,-65.22540454719595,-64.82105844866062,-64.38591362099959,-63.91689068132931,-63.41051754984116,-62.86291766359957,-62.26980159993111,-61.62647269607628,-60.92786337234174,-60.168632472516066,-59.34337709883939,-58.447053599428486,-57.47578170759433,-56.428354564776505,-55.30905714621338,-54.132925405338405,-52.93551571319734,-51.790443106695385,-50.83594476733936,-50.27081831570858
2.159999999999965,-68.06169315051004,-68.14468371588517,-68.21497417740186,-68.23491893894435,-68.19974680613413,-68.11518806218493,-67.98910961089221,-67.82862843169649,-67.63928711165313,-67.42500034648785,-67.18826075138266,-66.93039893236717,-66.65182058226141,-66.35219695137206,-66.03060623193448,-65.68563189729873,-65.31542658988992,-64.91774914496534,-64.48998145325241,-64.02913162487289,-63.53182878504296,-62.99431487538584,-62.412441305285135,-61.78168145467846,-61.097176089418355,-60.35384200583856,-59.54659646105672,-58.670789025663915,-57.72300730099639,-56.70256234599892,-55.61422072504607,-54.47324316570226,-53.31466042162106,-52.209818067867445,-51.291325389703715,-50.74879177913433
2.164999999999965,-68.10535411493902,-68.1881236936707,-68.258605328303,-68.27924866301706,-68.24526093796153,-68.16231848279268,-68.03823669005628,-67.88009509639606,-67.69341519552411,-67.4821057125934,-67.2486662117849,-66.99444504390262,-66.7198747762413,-66.42466153605125,-66.10792577628885,-65.76830044490805,-65.40399510480943,-65.01283358581036,-64.592271915974,-64.13940309672473,-63.65095423329986,-63.12328166044482,-62.55237224487474,-61.93386225075635,-61.263091161952225,-60.53522078899412,-59.74547137310574,-58.8895635154339,-57.964525284988945,-56.97015438941568,-55.91166844280724,-54.80453415772562,-53.68327273685977,-52.61705527835067,-51.733105708387804,-51.212238287449225
2.169999999999965,-68.14853844399548,-68.23109797974902,-68.30176875472728,-68.32309726201959,-68.29027062761338,-68.20891255569254,-68.08678788254402,-67.93093924006175,-67.74686718654586,-67.53847431442613,-67.30826671225446,-67.05760983394109,-66.78696229358027,-66.49606409893038,-66.1840768028604,-65.84968149428816,-65.49114312705629,-65.1063487580282,-64.69282647820984,-64.2477516913808,-63.76794641553726,-63.24987748995569,-62.689662178399345,-62.08309290944591,-61.425698856442075,-60.71287469774355,-59.94012748721611,-59.10352784137488,-58.20051813614426,-57.23135250954522,-56.20166950674844,-55.12712218084769,-54.04173533002745,-53.01259482909257,-52.16177294346712,-51.6616722854726
2.1749999999999647,-68.19125426666427,-68.27361440460847,-68.34447237408773,-68.36647303713472,-68.33478480280118,-68.25498003894684,-68.13477395682627,-67.98117281091615,-67.79965638171352,-67.59412097443136,-67.36707879113891,-67.11991176582357,-66.85310375454442,-66.56642767608102,-66.2590850540038,-65.92980382212454,-65.57690284164102,-65.19833068721985,-64.79168551517247,-64.3542227471799,-63.88285639239491,-63.37416011163072,-62.82437679599123,-62.22944872560926,-61.58508629402779,-60.88690564712504,-60.13068543342489,-59.312826413893525,-58.43116035447103,-57.48636873101083,-56.48448150687525,-55.44131789057134,-54.39041689979707,-53.396863007215565,-52.577801533483076,-52.09759647880409
2.1799999999999646,-68.2335095469471,-68.31568063982485,-68.38672393922485,-68.40938411108898,-68.37881219268472,-68.30053046703652,-68.18220542852407,-68.03080747109348,-67.85179575469446,-67.64906015025049,-67.42511857588386,-67.18136884076023,-66.91831926026443,-66.63577472083367,-66.33297561801774,-66.00869547046777,-65.66130560682959,-65.28881446522806,-64.88888834134107,-64.45886038725243,-63.99573381625737,-63.49618561740024,-62.9565798078001,-62.37300258345977,-61.74133761010207,-61.057411802020475,-60.31726109105176,-59.51759761841723,-58.65661885935191,-57.73540571436627,-56.76035081050532,-55.747419062945085,-54.729672182166915,-53.7702719431975,-52.98165240256367,-52.52050084855504
2.1849999999999645,-68.27531208725465,-68.35730420141898,-68.42853104208862,-68.45183843238037,-68.42236133279036,-68.34557315657133,-68.22909256699124,-68.07985460416732,-67.90329796437628,-67.70330594437264,-67.48240179388574,-67.24199861000199,-66.9826284063759,-66.7041271190842,-66.40577294639539,-66.08638376633046,-65.74438197669004,-65.37783427653997,-64.98447324208566,-64.56170755840012,-64.10662698035962,-63.616008506973735,-63.086333027839785,-62.513825068389835,-61.894534103687214,-61.22448777495355,-60.499965845416845,-59.71797413765284,-58.877053373957445,-57.97865718020582,-57.02951297393716,-56.04571090503309,-55.059842041958305,-54.133219373408856,-53.37377236344377,-52.93086180760885
2.1899999999999644,-68.31666953174448,-68.39849245315374,-68.46990111734218,-68.49384377940626,-68.46544056980599,-68.39011721185227,-68.27544540172366,-68.12832532248028,-67.95417536319235,-67.75687211353815,-67.53894378306808,-67.30181818670185,-67.0460502963072,-66.77150620419404,-66.47750087059285,-66.16289534069544,-65.82616172288692,-65.46542342369357,-65.07847750392851,-64.66280606806784,-64.2155828651943,-63.733681747590055,-63.21369645251197,-62.65198457151707,-62.044754377165546,-61.38822481168403,-60.67890683014817,-59.91408325863856,-59.09261679684078,-58.21630832854434,-57.29219316600272,-56.3364664041485,-55.38125363848193,-54.48608851341813,-53.7545936580613,-53.32914150597621
2.1949999999999643,-68.35758936960558,-68.4392526097718,-68.51084144589049,-68.53540776449475,-68.50805806625648,-68.43417153029057,-68.32127372860184,-68.1762304742826,-68.00444000523039,-67.80977207789846,-67.59475950218447,-67.36084425747191,-67.10860355422459,-66.83793277149843,-66.54818261833796,-66.23825614696257,-65.90667385576735,-65.55161435175299,-65.17093744353953,-64.76219661955209,-64.32264718243009,-63.849256830248216,-63.33872833419594,-62.78754738744147,-62.19207446693767,-61.54871096518211,-60.85418715550466,-60.106047164550844,-59.303455559725194,-58.44853625090476,-57.54860659877391,-56.61994670887277,-55.694220657244216,-54.82924803540495,-54.12453363345756,-53.71578728749057
2.199999999999964,-68.39807893828815,-68.47959174017328,-68.55135915833375,-68.57653783784123,-68.55022180506138,-68.47774480768592,-68.36658711596864,-68.22358065068244,-68.05410365412862,-67.86201892993856,-67.64986354085892,-67.41909309364593,-67.17030633764597,-66.9034270924352,-66.61784082949555,-66.31249147886258,-65.98594664477854,-65.63643867191227,-65.26188843555474,-64.85991884557751,-64.42786441653229,-63.962783822687065,-63.4614852502685,-62.9205778056833,-62.33656796556787,-61.70603125857415,-61.02590612319969,-60.293983211372456,-59.50970997077369,-58.67551033296625,-57.79895896119832,-56.896401535233764,-55.999043599277044,-55.163052141429965,-54.483994547430505,-54.09123129552531
2.204999999999964,-68.43814542668,-68.51951677053417,-68.59146123834702,-68.61724129135168,-68.59193959397832,-68.52084554336801,-68.41139491054766,-68.27038619241264,-68.10317779076524,-67.91362544316776,-67.70427012936618,-67.47658056225283,-67.23117634973163,-66.96800892830753,-66.68649757150759,-66.38562598786181,-66.0640076382544,-65.71992718428444,-65.35136493930234,-64.95601134036605,-64.5312778642641,-64.07431141936685,-63.58202216789837,-63.05113819624768,-62.478306135962995,-61.860267837657915,-61.1941594282518,-60.478004189649596,-59.71151454286505,-58.897392646014154,-58.04344685193111,-57.16606959183389,-56.296010119606485,-55.487840723196776,-54.83336349580704,-54.45589022165216
2.209999999999964,-68.47779587822826,-68.55903448736659,-68.6311545259878,-68.6575252623947,-68.63321906993423,-68.56348204520347,-68.45570624320513,-68.31665719641961,-68.15167362074551,-67.96460408058368,-67.75799314815983,-67.5333221367094,-67.29123085125981,-67.03169754369054,-66.75417435442293,-66.45768370007951,-66.14088368260214,-65.80210989992283,-65.43940052450931,-65.0505116903083,-64.63292967223063,-64.18388698868326,-63.70039250493252,-63.1792890897356,-62.61735801810266,-62.01150011357182,-61.35903934842595,-60.65821857166604,-59.90899830660986,-59.11433832577771,-58.282258208104196,-57.4291790181988,-56.58539540654128,-55.80393959825785,-55.173012451286,-54.810165188229895
2.214999999999964,-68.5170371940074,-68.59815154052053,-68.67044572093175,-68.69739673746524,-68.67406770324816,-68.60566243447403,-68.49953003456004,-68.36240352227678,-68.19960208169226,-68.0149670029164,-67.81104613715583,-67.58933290724038,-67.3504866722979,-67.09451171949331,-66.82089214553137,-66.52868803273955,-66.2166009409202,-65.88301606212116,-65.52602789605753,-65.14345650333877,-64.73286087261496,-64.29155661762753,-63.81664818717335,-63.305089252401146,-62.7537905288267,-62.15980489620561,-61.52063492184541,-60.83473074444152,-60.10228510801875,-59.326495937560345,-58.515572727242905,-57.68594783113699,-56.86746259377016,-56.111660812320615,-55.50329840251349,-55.154441753764665
2.219999999999964,-68.55587613573286,-68.63687444612818,-68.70934138563884,-68.73686255576004,-68.71449280174582,-68.64739465062524,-68.54287500044487,-68.4076347984284,-68.2469738503424,-68.0647260766548,-67.86344230477351,-67.64462759102942,-67.4089602235745,-67.15646976568564,-66.88667138361433,-66.59866181017335,-66.29118491107613,-65.96267416703557,-65.61127891785114,-65.2348814371088,-64.83111141724308,-64.39736515409106,-63.9308397023225,-63.42859575652518,-62.88766855515246,-62.30525651891419,-61.6790321133685,-61.007641229023136,-60.29149389088236,-59.53400782684457,-58.74356227996101,-57.93658437442941,-57.142463197719,-56.41130299733015,-55.824563581318955,-55.48909002846488
2.2249999999999637,-68.59431932872154,-68.6752095894908,-68.74784794845043,-68.7759294126684,-68.75450151477166,-68.68868645589279,-68.58574965722252,-68.45236042826717,-68.29379934945729,-68.1138928818646,-67.91519453674361,-67.69922054211021,-67.46666750756104,-67.2175895336992,-66.95153199282632,-66.66762727939307,-66.36466044326595,-66.0411119836606,-65.69518463585041,-65.32482122604029,-64.9277202101035,-64.50135624699662,-64.04301615084904,-63.54986404645663,-63.01905504157982,-62.44792695508575,-61.83431397032271,-61.17704688658912,-60.476738964055386,-59.73701045480229,-58.96639131147292,-58.18128776771202,-57.41063757315991,-56.70315177529836,-56.13713576578774,-55.81446488663269
2.2299999999999636,-68.6323732647979,-68.71316322791006,-68.78597170661855,-68.81460386317919,-68.79410083709794,-68.72954543980619,-68.62816232696113,-68.49658959604928,-68.34008875454802,-68.16247871979863,-67.96631540468543,-67.75312576100266,-67.5236241292709,-67.27788842851173,-67.01549339621664,-66.73560612524989,-66.43705175708271,-66.1183565731999,-65.7777753003263,-65.41330970733917,-65.02272513843549,-64.60357238442202,-64.1532252940189,-63.66894800064828,-63.14801107181005,-62.587885927095236,-61.986560768196156,-61.343041111917714,-60.65813025393764,-59.93563471836479,-59.18421723033703,-58.420248350948015,-57.67221538068656,-56.98748019835059,-56.44132864698432,-56.130906262286715
2.2349999999999635,-68.67004430514717,-68.75074149346226,-68.82371882926833,-68.85289232520596,-68.83329761273464,-68.76997902357549,-68.67012114247127,-68.54033127265228,-68.38585200042256,-68.21049462030709,-68.01681717446127,-67.80635690410007,-67.57984530678146,-67.33738342042349,-67.07857452890386,-66.80261948519194,-66.50838245811039,-66.1944343078567,-65.85908038737801,-65.50037984603594,-65.11616310249045,-64.70405492987096,-64.26151359930547,-63.785899989989915,-63.27459594528495,-62.725201008149995,-62.135850146864186,-61.50571401479404,-60.83577354252872,-60.130006254685185,-59.39719078317454,-58.6536481213974,-57.927416060316965,-57.26454921610035,-56.73744224758354,-56.438739514608145
2.2399999999999634,-68.70733868311561,-68.78795039571827,-68.86109536029562,-68.8908010828321,-68.87209853864293,-68.8099944643619,-68.71163405220872,-68.58359422117768,-68.43109878755797,-68.25795134905222,-68.06671181431183,-67.8589272928138,-67.63534588148686,-67.3960910565321,-67.14079385091215,-66.86868796363642,-66.5786755540657,-66.26937088907593,-65.93912861975936,-65.58606375911984,-65.20807004406228,-64.8028441568304,-64.3679262833836,-63.9007709327246,-63.39886724892795,-62.85993771751376,-62.28225723792746,-61.66515258994772,-61.00977069150972,-60.320245730002654,-59.605456414425404,-58.88166116048472,-58.1764493061568,-57.534608162228174,-57.02576338136015,-56.73827585034112
2.2449999999999632,-68.74426250695747,-68.82479582440844,-68.89810722119971,-68.92833628947777,-68.9105101683535,-68.84959885943631,-68.7527088250466,-68.62638700240409,-68.47583858830214,-68.30485941453014,-68.11601100277764,-67.91084992248024,-67.69014032808721,-67.45402747191542,-67.20216935967825,-66.9338316459671,-66.64795347050439,-66.34319136526268,-66.01794798705133,-65.67039273882337,-65.29848097387404,-64.89997928174537,-64.47250735289487,-64.01361034620798,-63.52088092444112,-62.99215960956899,-62.425854783714435,-61.82144087611442,-61.18021985284763,-60.506469113043714,-59.809152610466846,-59.10445404842289,-58.41951553771594,-57.7978952529501,-57.306566143322996,-57.02981279106186
2.249999999999963,-68.78082176253037,-68.8612835520337,-68.93476021385354,-68.96550397099051,-68.94853891549265,-68.88879915022792,-68.79335305491874,-68.66871798009319,-68.52008065290907,-68.35122907490724,-68.16472613641263,-67.962137471037,-67.74424276432183,-67.51120840052907,-67.26271860224108,-66.99807011217055,-66.71623806610792,-66.41592014900048,-66.0955657652154,-65.7533972751094,-65.38742999789937,-64.9954984955263,-64.57529964315401,-64.1244663957575,-63.64069133149535,-63.121928357156705,-62.56671324848644,-61.97466010481695,-61.34721566646551,-60.68878793322165,-60.008412227672274,-59.322186264878205,-58.65680636411677,-58.05463809090271,-57.58011242124044,-57.31363467420596
2.254999999999963,-68.81702231593819,-68.89741923642333,-68.97106002321118,-69.00231002866013,-68.98619105721785,-68.92760212626636,-68.83357416533963,-68.7105953261528,-68.56383401541216,-68.39707034467328,-68.21286833729367,-68.01280230747166,-67.79766696045023,-67.56764918582456,-67.32245868711834,-67.06142245012038,-66.78355064756566,-66.48758103379005,-66.17200853555923,-65.83510707740977,-65.474950342691,-65.08943899369865,-64.67634485495556,-64.23338594081376,-63.7583513071225,-63.24930382960374,-62.704900922358,-62.12488883945122,-61.51084944554571,-60.867309523986144,-60.2033628041929,-59.53501057434302,-58.88850503803756,-58.30505416881353,-57.846652420299876,-57.590013177797445
2.259999999999963,-68.85286991612266,-68.93320842324015,-69.00701221995529,-69.03876024216139,-69.02347273756592,-68.96601442901927,-68.87337941380241,-68.7520270256604,-68.60710749933891,-68.44239300111678,-68.26044846033126,-68.06285650005019,-67.85042634848875,-67.62336479109607,-67.38140629588112,-67.12390726852095,-66.84991198406682,-66.55819721033014,-66.2473022031454,-65.91555109565911,-65.56107437978329,-65.18183700529237,-64.77568358962513,-64.34041457862399,-63.87391222160132,-63.37434416582814,-62.840484018426885,-62.27220310525595,-61.67120935005424,-61.04213725175481,-60.39412685543195,-59.74307339523541,-59.114786896808596,-58.549351368140016,-58.106425193670006,-57.8592078599603
2.264999999999963,-68.8883701974041,-68.968656548434,-69.04262226308421,-69.07486027242436,-69.06038997071481,-69.00404255562862,-68.9127758960585,-68.79302088175156,-68.64990972327193,-68.48720659062666,-68.30747710038628,-68.11231182432935,-67.90253403120798,-67.67836980956231,-67.43957769443378,-67.18554270951998,-66.91534232141495,-66.62779128235735,-66.32147201466869,-65.9947575406622,-65.6458336492267,-65.27272782056042,-64.87335538244638,-64.4455966856378,-63.9874240311045,-63.49710584288535,-62.97352676358264,-62.41667651072518,-61.82838054908097,-61.21337073092178,-60.580822153340435,-59.946515152053124,-59.33581978859979,-58.787728448633146,-58.359659172721145,-58.121466705404565
2.2699999999999627,-68.92352868197156,-69.00376894064395,-69.07789550244088,-69.11061566443523,-69.09694864416183,-69.04169286254755,-68.9517705502822,-68.83358452037463,-68.6922491062587,-68.53152043482507,-68.3539645991974,-68.16117977095873,-67.95400279089613,-67.73267847418843,-67.49698874400497,-67.24634646099884,-66.97986139577628,-66.69638528206094,-66.39454257582472,-66.07275390383217,-65.7292588823096,-65.36214581760886,-64.96939873458764,-64.54897545679293,-64.0989353273581,-63.617643740297304,-63.104091483436996,-62.558380361009405,-61.982445372597184,-61.381106025482275,-60.76356198978884,-60.14547061018016,-59.55176448211671,-59.02037552550876,-58.60657269162936,-58.377026672189636
2.2749999999999626,-68.95835078232311,-69.0385508235501,-69.112837181184,-69.14603184996821,-69.13315452181986,-69.0789715690809,-68.99037016112253,-68.87372539491746,-68.73413387307536,-68.57534363653377,-68.39992105212306,-68.20947155327596,-68.00484509789419,-67.78630466725578,-67.55365491185908,-67.30633576854912,-67.04348844707435,-66.76400068509011,-66.4665378681952,-66.14956697633261,-65.81138002351743,-65.45012448801158,-65.06385114363502,-64.65059294285098,-64.20849338454242,-63.736011200481386,-63.2322386817986,-62.69738376382578,-62.13348345322201,-61.54543583785151,-60.94245542438715,-60.34006919318444,-59.762775058640216,-59.24747453156278,-58.84737450197058,-58.62611423310616
2.2799999999999625,-68.99284180365619,-69.07300731817556,-69.14745243820306,-69.18111415025106,-69.16901324703456,-69.11588476083213,-69.02858136364604,-68.91345079070756,-68.77557205934686,-68.6186850855801,-68.44535631470373,-68.25719811470191,-68.05507311890787,-67.83926192968408,-67.60959128173268,-67.3655274471445,-67.10624223204005,-66.83065842516545,-66.53748126566732,-66.22522286765206,-65.8922262517724,-65.53669646147905,-65.15674913283736,-64.75049008593327,-64.31614420364967,-63.85226008557835,-63.3580271150874,-62.83375372838206,-62.28157185858789,-61.70644968547683,-61.11760751720964,-60.53043528264287,-59.968999285627525,-59.4691996621729,-59.08226427374426,-58.868945906990156
2.2849999999999624,-69.02700694621026,-69.10714344514,-69.18174631047805,-69.215867778565,-69.20453034552287,-69.15243839305789,-69.06641064717326,-68.95276782939055,-68.81657151652811,-68.66155346444584,-68.4902800090469,-68.30437013593892,-68.10469872510184,-67.89156347011313,-67.66481256400462,-67.42393789251472,-67.16814103692766,-66.89637890830967,-66.60739555040651,-66.29974702363936,-65.97182600099585,-65.62189352964087,-65.24812827915153,-64.8487067533926,-64.4219325544929,-63.9664408309523,-63.48151386206155,-62.967555257791666,-62.42678521487682,-61.864234065858035,-61.28911954695047,-60.716688500703484,-60.17057897141306,-59.68571780165874,-59.31143308001498,-59.10572877618942
2.2899999999999623,-69.06085130756044,-69.1409641268648,-69.21572373538466,-69.25029784278036,-69.23971122823619,-69.18863829393361,-69.10386435901026,-68.99168347318856,-68.8571399167494,-68.703957253762,-68.53470153004129,-68.35099804197779,-68.15373349998136,-67.9432221737473,-67.71933310560411,-67.48158309222896,-67.22920268990632,-66.96118202670858,-66.67630292840082,-66.3731642440244,-66.05020698003042,-65.70574666899918,-65.33802324017452,-64.94528177014494,-64.52590201554821,-64.07860249561979,-63.60275438920588,-63.09885143543502,-62.56919582208577,-62.01887261059696,-61.45708921509634,-60.89894397573764,-60.36765030083225,-59.897188929940285,-59.53506386302004,-59.33666098719022
2.294999999999962,-69.09437988486354,-69.1744741897301,-69.2493895529469,-69.28440934783075,-69.27456119414983,-69.22449016773251,-69.14094870808022,-69.03020452904263,-68.89728475752908,-68.74590473765511,-68.57863005140298,-68.39709200891774,-68.20218874706592,-67.99425061097172,-67.7731668996647,-67.53847863649779,-67.2894445731348,-67.0250871722147,-66.74422504459123,-66.44549869944684,-66.12739619195537,-65.78828606310404,-65.42646778003859,-65.04025294957569,-64.62809501179669,-64.18879280984548,-63.72180261210908,-63.22770350570058,-62.70887376155922,-62.170446229094715,-61.62161083673572,-61.077312591547674,-60.56034415182752,-60.10376650884265,-59.75333188018885,-59.56193223214479
2.299999999999962,-69.12759757705756,-69.20767836618639,-69.28274850803717,-69.31820719812559,-69.30908543297996,-69.25999959791906,-69.17766976845584,-69.06833765264172,-68.93701336635728,-68.78740400894692,-68.62207453155784,-68.44266197060328,-68.25007549735966,-68.04466104574183,-67.82632759492853,-67.59463972869735,-67.34888363452922,-67.08811324950337,-66.81118299760323,-66.51677394801402,-66.20341995282556,-65.86954112399576,-65.51349479433689,-65.13365712312333,-64.72855285071829,-64.29705822012217,-63.838710953133756,-63.35417094951107,-62.84588699630978,-62.31903324251272,-61.78277551865605,-61.25190122068959,-60.74878639329572,-60.305597847742185,-59.96640512902856,-59.78172420966216
2.304999999999962,-69.16050918701481,-69.2405812968196,-69.31580525252575,-69.35169619990296,-69.34328902783018,-69.2951720501607,-69.21403348279604,-69.10608935234178,-68.97633290515455,-68.82846297421257,-68.66504371936465,-68.48771762508375,-68.29740451662428,-68.0944654437544,-67.87882850490837,-67.65008119562519,-67.40753639922954,-67.15027868889172,-66.87719735409269,-66.58701295140645,-66.27830390986335,-65.94954051295768,-65.5991363341471,-65.22553016863782,-64.82731575657851,-64.40344393173825,-63.95353039566209,-63.478311555019545,-62.98030146461838,-62.464709508595114,-61.940671325392245,-61.42281294254044,-60.93309816459795,-60.50282444854386,-60.17444475026661,-59.996211063768186
2.309999999999962,-69.19311942364925,-69.27318753237118,-69.34856434738015,-69.38488106352493,-69.37717695777025,-69.33001287525872,-69.25004566568951,-69.14346599297714,-69.01525037460763,-68.86908935870063,-68.70754615968283,-68.53226844089848,-68.34418631245805,-68.14367548040349,-67.93068261681091,-67.70481749749295,-67.46541898077588,-67.21160145883039,-66.94228816271894,-66.65623809054915,-66.35207305912796,-66.0283121606171,-65.6834236292066,-65.3159070375977,-64.92442290313542,-64.50799394911863,-64.06631053518326,-63.60018148383656,-63.11218116739147,-62.60754853794344,-62.09538343390084,-61.590147246792895,-61.11339613728491,-60.69558233021994,-60.37760540901917,-60.20555980041387
2.3149999999999618,-69.22543290397904,-69.30550153571382,-69.38103026471542,-69.4177664057157,-69.41075410034718,-69.36452731200094,-69.28571200690669,-69.18047379956738,-69.053772618386,-68.90929071111708,-68.74959019878791,-68.57632366319214,-68.390431141186,-68.19230254852674,-67.98190260022932,-67.75886273766181,-67.52254709199727,-67.27209907807553,-67.00647496775673,-66.72447118086475,-66.42475176268555,-66.10588328642872,-65.7663871102944,-65.40482178126604,-65.01991244488467,-64.61075111411027,-64.17709962746349,-63.71983533312442,-63.241588249720024,-62.74762160230785,-62.24699427753038,-61.75400022309572,-61.28979275969251,-60.8840023333463,-60.57603565405888,-60.40993068129322
2.3199999999999616,-69.25745415514454,-69.33752768378339,-69.4132073897966,-69.45035675174404,-69.44402523403173,-69.39872048993823,-69.32103807456411,-69.21711886092285,-69.09190632724295,-68.94907440827984,-68.79118398964033,-68.61989231966535,-68.43614901456576,-68.24035776594754,-68.03250081560782,-67.8122306721271,-67.5789360556239,-67.33178862755126,-67.06977682235686,-66.79173348712277,-66.49636376530243,-66.1822804175731,-65.84805643086645,-65.49230757585717,-65.11382154694971,-64.71175714237054,-64.28594463402808,-63.83732619387635,-63.36858307706904,-62.88499783544277,-62.39558367994968,-61.914464737579735,-61.462396485138974,-61.068210405221976,-60.76987825551375,-60.609477595064995
2.3249999999999615,-69.2891876163834,-69.36927026946906,-69.44510002299461,-69.48265653755233,-69.47699504060138,-69.4325974320871,-69.35602931820227,-69.2534071331503,-69.1296580430028,-68.98844765964353,-68.83233549700893,-68.66298322636321,-68.48134970631378,-68.28785198281658,-68.08248932248621,-67.86493471875889,-67.63460081462729,-67.39068676190963,-67.13221230146775,-66.85804573789947,-66.56693221068032,-66.25752940729866,-65.9284604879875,-65.57839674677972,-65.20618641371547,-64.81105265800231,-64.39289126516228,-63.95270570567186,-63.493224306494525,-63.019744327051406,-62.54122897968484,-62.07163059702164,-61.631311984510134,-61.24832786629048,-60.95927052152864,-60.8043484063354
2.3299999999999614,-69.32063764096205,-69.40073350346007,-69.47671238169585,-69.51467011183199,-69.50966810746135,-69.46616305755924,-69.39069107177937,-69.28934444306336,-69.16703416243925,-69.02741751170049,-68.87305250245475,-68.70560499330703,-68.52604275845533,-68.33479578875895,-68.13187988752675,-67.91698796630118,-67.6895559422952,-67.4488097207953,-67.19379951442559,-66.92342813966128,-66.63647965725121,-66.33165545273337,-66.00762744259953,-65.66312079201381,-65.29704231629448,-64.90867722656841,-64.49798402062464,-64.06602410818529,-63.61556895326765,-63.15192621031716,-62.684005145896805,-62.225584701395874,-61.79664034405585,-61.42447165866471,-61.144344594585796,-60.99468528296718
2.3349999999999613,-69.35180849806554,-69.43192151605245,-69.50804860216692,-69.54640173804792,-69.54204892990582,-69.499422184122,-69.42502855658414,-69.32493649149777,-69.20404094104538,-69.0659908522603,-68.91334260917762,-68.74776602997197,-68.570237487504,-68.38119951983015,-68.18068399233081,-67.96840318313966,-67.74381565204853,-67.50617333982368,-67.25455611722326,-66.9879003904824,-66.70502809354961,-66.40468311219047,-66.08558473916273,-65.74651040468,-65.38642361890722,-65.00466938660804,-64.60126622825106,-64.17733028969911,-63.73567245325751,-63.28160674349755,-62.823984886008574,-62.376411185557764,-61.95847924923974,-61.59675457762969,-61.325227728297726,-61.18062500245172
2.3399999999999612,-69.38270437464561,-69.46283835891462,-69.53911274137573,-69.57785559641204,-69.57414191331937,-69.53237953068876,-69.45904688406871,-69.36018885653668,-69.24068449670065,-69.10417441461094,-68.95321324672992,-68.78947455061578,-68.61394299047343,-68.42707326528661,-68.22891284104885,-68.01919282583928,-67.7973938070044,-67.562793061278,-67.31449932446603,-67.05148169340953,-66.7725989531766,-66.47663632199023,-66.16235912470079,-65.82859549484503,-65.47436380425101,-65.09906667976416,-64.70278008061209,-64.28667183285823,-63.85358872140317,-63.40884738602821,-62.96123874576828,-62.52419155078649,-62.1169231554914,-61.76528548703567,-61.50204254557627,-61.362299238199455
2.344999999999961,-69.41332937722834,-69.4934880068135,-69.56990877876908,-69.60903578580825,-69.60595137532263,-69.56503971974436,-69.49275105860471,-69.39510699664606,-69.27697081323542,-69.14197478156498,-68.99267167560026,-68.83073857946161,-68.65716815072633,-68.47242687417435,-68.27657736778875,-68.06936904745974,-67.85030392929346,-67.6186839445335,-67.37364592102239,-67.11419076948259,-66.83921312936972,-66.54753841281797,-66.23797666728134,-65.90940521061232,-65.56089549792472,-65.19190567962508,-64.80256666987403,-64.39409505788396,-63.969370206584614,-63.533707869561326,-63.095835202308685,-62.66900478689409,-62.272063446704216,-61.93016951951898,-61.674907279140996,-61.539834826692505
2.349999999999961,-69.44368753368138,-69.52387435930156,-69.60044061800842,-69.63994632566907,-69.63748154786143,-69.59740727970443,-69.52614598016386,-69.42969625372453,-69.31290574389774,-69.17939838939387,-69.03172499167023,-68.87156595573799,-68.69992164366438,-68.5172699617405,-68.32368824382755,-68.11894370565226,-67.90255920913486,-67.67386067621364,-67.43201227337835,-67.17604587042202,-66.90489098919231,-66.61741212563649,-66.31246277395839,-65.98896795853695,-65.64605049197128,-65.28322201937242,-64.90066602100181,-64.49964506344755,-64.08306794317674,-63.65624626433442,-63.22784075073333,-62.81092748558334,-62.42398858230843,-62.09150826249427,-61.84393599536599,-61.713354016509946
2.354999999999961,-69.47378279494228,-69.55400124236603,-69.6307120886649,-69.67059115780566,-69.66873657924144,-69.62948664721219,-69.55923644692581,-69.46396185606852,-69.34849501472344,-69.21645153165274,-69.07038013054866,-68.91196433858129,-68.74221194226335,-68.56161191567207,-68.3702558846311,-68.16792837054413,-67.95417251367682,-67.72833758008683,-67.48961434070134,-67.23706479099158,-66.96965238735427,-66.68627962716987,-66.38584220820096,-66.06731142340162,-65.72985976759408,-65.37305041831954,-64.9971171234297,-64.6033657653895,-64.19473159955527,-63.776519041242565,-63.35731998473395,-62.95003394570827,-62.57278423372802,-62.249399930854615,-62.00923880247676,-61.88297470025831
2.359999999999961,-69.50361903670819,-69.58387241004036,-69.66072694787343,-69.70097414819222,-69.69972053611085,-69.66128216937378,-69.59202715781497,-69.49790892125621,-69.38374422781311,-69.25314036289987,-69.10864387178579,-68.95194121180292,-68.78404732245704,-68.60546190216625,-68.4162904566862,-68.21633433241509,-68.00515639560646,-67.78212862670699,-67.54646768562208,-67.297264881046,-67.03351667967561,-66.75416252497573,-66.45813910683155,-66.14446258738879,-65.81235351709816,-65.46142470741832,-65.09195796131587,-64.70529993345501,-64.3044095237995,-63.894581129962155,-63.48433567171383,-63.08639627106164,-62.7185334110001,-62.40393952729999,-62.170922044112466,-62.04881063046279
2.3649999999999607,-69.53320006108734,-69.61349154597914,-69.6904888819478,-69.73109908870563,-69.73043740539063,-69.69279810593342,-69.6245227149675,-69.53154245895159,-69.41865886451822,-69.28947090231212,-69.14652284297057,-68.99150388852475,-68.82543586837322,-68.64882887183555,-68.46180188414948,-68.26417260917016,-68.05552310153476,-67.83524744280669,-67.60258748474027,-67.35666305727041,-67.09650273620312,-66.82108188211784,-66.52937699649468,-66.22044774867776,-65.89356116510226,-65.54837785380406,-65.18522554248507,-64.80548922620228,-64.41214878682092,-64.01048597344742,-63.60894882286112,-63.220084461277416,-62.861316580304944,-62.55521899118633,-62.32908847924877,-62.21097162046774
2.3699999999999606,-69.56252959821356,-69.64286226499694,-69.72000150795758,-69.76096969882225,-69.76089109615525,-69.72403863139115,-69.65672762613212,-69.56486737363132,-69.45324428853857,-69.32544903720012,-69.18402352371388,-69.030659515687,-68.86638547742746,-68.69172156545334,-68.50679985531784,-68.31145395361513,-68.10528458016219,-67.88770732044678,-67.65798853886216,-67.41527581462128,-67.15862895399093,-66.8870582314552,-66.59957880967451,-66.29529253949744,-65.97351138906527,-65.63394198444321,-65.27695592615916,-64.9039742242274,-64.51799522312699,-64.12428557910317,-63.73121875859023,-63.35116649640845,-63.001211773119614,-62.70332733675698,-62.483837449457084,-62.36956373137357
2.3749999999999605,-69.59161130782435,-69.67198811457207,-69.74926837526685,-69.79058962727169,-69.79108544146445,-69.75500783706329,-69.68864630700463,-69.59788846723642,-69.48750574893438,-69.36108052642633,-69.2211522495225,-69.06941507843162,-68.90690386527551,-68.73414851954267,-68.55129382892503,-68.35818886053764,-68.15445249022989,-67.93952122592852,-67.71268528297414,-67.47311923747431,-67.21991326955343,-66.95211158955838,-66.66876690027935,-66.36902194365766,-66.052232139163,-65.71814840894073,-65.36718424955879,-65.00079446183766,-64.62199346941465,-64.23603056690915,-63.85120316973906,-63.4797084157014,-63.13829468767003,-62.8483507815794,-62.63526503443587,-62.52468944601404
2.3799999999999604,-69.62044878080341,-69.70087257631597,-69.7782929670368,-69.81996245364972,-69.82102420014742,-69.78570973308845,-69.7202830834993,-69.63061044175083,-69.52144838305414,-69.39637100372684,-69.25791521556346,-69.10777740436335,-68.94699857063033,-68.77611807181215,-68.59529304026677,-68.40438757359952,-68.20303820826088,-67.99070180847426,-67.76669179596036,-67.53020901048846,-67.28037317099997,-67.01626147026529,-66.73696305880901,-66.44166031358453,-66.12975065755407,-65.80102764156206,-65.45594475346188,-65.09598845729465,-64.72418700117176,-64.34577021475526,-63.96895817488188,-63.605774391057146,-63.272638783315394,-62.99037286596711,-62.78346419671591,-62.676447830939146
2.3849999999999603,-69.6490455406876,-69.72951906740839,-69.80707870169213,-69.84909168999076,-69.85071105854058,-69.81614825037916,-69.7516421939582,-69.66303790170915,-69.55507721938164,-69.43132598094174,-69.2943184803253,-69.14575316769381,-68.9866769599458,-68.81763836644329,-68.63880650716153,-68.45006009204455,-68.25105283609699,-68.04126140868135,-67.82002181007023,-67.58656042919198,-67.34002570986007,-67.07952689788723,-66.80418852712008,-66.51323138688062,-66.20609349706328,-65.88260942251686,-65.54327080678786,-65.18959374173576,-64.82461816744825,-64.45355250122279,-64.08453837409466,-63.72942679563546,-63.40431536846331,-63.129474564126575,-62.92852491639233,-62.82493468732379
2.38999999999996,-69.67740504514,-69.75793094199993,-69.83562893435229,-69.87798078230107,-69.88014963218045,-69.84632724252252,-69.78272779130077,-69.69517535663465,-69.5883971803037,-69.46595085115514,-69.33036796917654,-69.18334889326962,-69.02594623197147,-68.85871735923338,-68.68184303574837,-68.49521617722613,-68.29850720823617,-68.09121206675516,-67.87268872014026,-67.64218841029692,-67.39888751260621,-67.14192642007563,-66.87046401280244,-66.58375830242925,-66.28128653931354,-65.96292273854824,-65.62919493027665,-65.28164688687528,-64.92332822394789,-64.55942414602994,-64.19799689947905,-63.850726268025376,-63.53339368257052,-63.26573438772142,-63.07053431669351,-62.97024269167911
2.39499999999996,-69.70553068738913,-69.78611149258222,-69.86394695822892,-69.90663311205383,-69.90934346745262,-69.8762504876292,-69.8135439451142,-69.72702722341056,-69.62141308480103,-69.50025089174744,-69.36606947782518,-69.22057096048867,-69.06481342218072,-68.89936282259671,-68.72441122612776,-68.53986535895952,-68.34541189897402,-68.1405655305253,-67.92470559257744,-67.69710750174929,-67.45697479188276,-67.203478120359,-66.93580970318109,-66.65326361606154,-66.35535501233223,-66.04199584286856,-65.7137488193224,-65.37218353157746,-65.0203573645763,-64.6634306483422,-64.3093854627313,-63.96973177237333,-63.659940972746654,-63.399228482500305,-63.20957678114254,-63.112461527189254
2.39999999999996,-69.73342579763512,-69.81406395132588,-69.89203600598923,-69.93505199764678,-69.93829604319808,-69.90592169013384,-69.84409464368804,-69.75859782858632,-69.65412965106485,-69.53423126736298,-69.40142867568191,-69.25742560710832,-69.10328540707708,-68.93958235042794,-68.76651947784771,-68.58401694170196,-68.39177722935517,-68.1893332632515,-67.97608517410882,-67.75133189252075,-67.51430335744777,-67.26419963035832,-67.00024527895312,-66.72176931580282,-66.42832350765723,-66.1198562744767,-65.79696336601651,-65.46123840738342,-65.11574475157096,-64.76561632312878,-64.41875440001579,-64.08650065483029,-63.784022565440054,-63.53003071859203,-63.34573406302199,-63.25167800644804
2.40499999999996,-69.7610936444236,-69.84179149138802,-69.91989925108713,-69.96324069582332,-69.96701077227782,-69.93534448254708,-69.87438379599246,-69.78989141061955,-69.68655149904045,-69.56789703279507,-69.43645110912922,-69.2939189329462,-69.14136890838044,-68.97938336283197,-68.80817599524059,-68.62768001056581,-68.43761327393918,-68.23752645122288,-68.02683990030314,-67.80487542214779,-67.57088862683536,-67.32410814169138,-67.06378992747362,-66.7892968367139,-66.50021599696369,-66.19653087689201,-65.87886868045155,-65.54884536306952,-65.2095285443255,-64.86602433573347,-64.52615271438427,-64.2010886966501,-63.90570193364678,-63.65821277502465,-63.479085387800765,-63.38797618631639
2.4099999999999597,-69.78853743598808,-69.86929722818937,-69.94753980906243,-69.99120240305834,-69.99549100309679,-69.96452242716111,-69.90441523360352,-69.82091212205717,-69.71868315290006,-69.60125313578992,-69.4711422046994,-69.33005690347876,-69.17907049709713,-69.01877311072272,-68.84938879261345,-68.67086343716909,-68.48292986738413,-68.28515601115622,-68.07698190386931,-67.85775159002455,-67.62674563574463,-67.38322041757212,-67.12646235569876,-66.8558670753403,-66.57105584823185,-66.27204581633207,-65.95949411132945,-65.63503738830364,-65.30174592701198,-64.96469673481072,-64.63162811595673,-64.31355016424133,-64.02504076004804,-63.78384421898277,-63.609707549132494,-63.521437475569165
2.4149999999999596,-69.81576032156119,-69.89658422066123,-69.97496073880836,-70.01894025690945,-70.02374002108893,-69.99345901771001,-69.93419271257602,-69.85166403165586,-69.75052904344764,-69.63430441977293,-69.50550727216385,-69.365845353339,-69.21639659747703,-69.05775868029485,-68.89016569929554,-68.7135758853257,-68.52773661085331,-68.33223259739677,-68.12652302273729,-67.90997356445448,-67.68188904816198,-67.44155280411411,-67.18828080279683,-66.92150040378444,-66.64086584147606,-66.34642659936567,-66.0388682659178,-65.71984663646485,-65.39243313509573,-65.06167448376723,-64.73522706006632,-64.42393785645348,-64.1420989964503,-63.9069925802769,-63.73767499899001,-63.65214073595161
2.4199999999999595,-69.8427653926557,-69.92365547246409,-70.00216504380955,-70.0464573373344,-70.05176105016335,-70.02215768098584,-69.9637199152656,-69.88215112644481,-69.78209351045673,-69.66705562649955,-69.53955150753607,-69.40128998971696,-69.2533534908601,-69.09634699737178,-68.93051436454776,-68.75582581658185,-68.57204287824943,-68.37876660892834,-68.17547480792642,-67.96155419146703,-67.73633316622337,-67.4991212413452,-67.24926305243663,-66.98621668341195,-66.70966818405088,-66.41969809006235,-66.1170190293899,-65.80330444668039,-65.48162548082611,-65.15699749083187,-64.83699478354677,-64.53230314934767,-64.25693491986577,-64.02772342145742,-63.86305993245107,-63.78016237721368
2.4249999999999594,-69.8695556843158,-69.95051393317746,-70.02915567334962,-70.07375666797606,-70.07955725411381,-70.05062177841192,-69.99300045210134,-69.91237731373143,-69.81338080494336,-69.6995113986307,-69.57327999599083,-69.43639639566493,-69.28994731941651,-69.13454483163288,-68.97044226233582,-68.79762149559953,-68.6158578222796,-68.424768196195,-68.223848531206,-68.012506003405,-67.79009193982252,-67.5559412739404,-67.30942644476175,-67.05003527820368,-66.77748452555059,-66.49188452666442,-66.19397358358313,-65.88544136513278,-65.56935737778177,-65.25070463787016,-64.93697533932789,-64.63869603868362,-64.36960518554204,-64.14610040396747,-63.98593236761003,-63.905576446647
2.4299999999999593,-69.8961341763392,-69.97716249946188,-70.05593552368983,-70.10084121741468,-70.10713173799107,-70.07885460757439,-70.02203786331076,-69.94234642305227,-69.84439509137611,-69.73167628223801,-69.60669771470138,-69.47117003331007,-69.3261840897813,-69.17235880072303,-69.00995669597211,-68.83897099539436,-68.65919038035643,-68.47024726774035,-68.27165519255279,-68.06284122728633,-67.84317897597053,-67.61202806168012,-67.36878788805913,-67.11297506776425,-66.84433597231637,-66.56300953780014,-66.26975842520756,-65.96628716568343,-65.65566236453881,-65.34283380804493,-65.03521162948716,-64.7431651803294,-64.48016487722337,-64.26218535069721,-64.10636022104869,-64.02845471360128
2.434999999999959,-69.92250379447121,-70.00360401619393,-70.08250743921964,-70.12771390038944,-70.13448754944024,-70.1068594037132,-70.05083562059792,-69.97206220807033,-69.87514044982532,-69.76355472923873,-69.63980953559822,-69.50561624697777,-69.3620696765886,-69.20979537424867,-69.04906480262957,-68.87988220242832,-68.70204928033826,-68.5152134966679,-68.31890552741069,-68.11257179294778,-67.89560754791387,-67.66739638963995,-67.42736387012944,-67.1750544599967,-66.91024310156511,-66.63309615825878,-66.34439938353185,-66.04587086985435,-65.74057312752555,-65.43342191241628,-65.1317454368925,-64.84575792878502,-64.58866755489655,-64.37603830526216,-64.22440937925508,-64.1488667494153
2.439999999999959,-69.9486674115706,-70.02984127757502,-70.10887421357984,-70.1543775789897,-70.16162768000416,-70.13463934117381,-70.07939712877638,-70.00152834842048,-69.9056208780523,-69.79515109976245,-69.67262022804985,-69.5397402662273,-69.39760982590681,-69.24686087766146,-69.08777355772979,-68.92036282156299,-68.74444304611295,-68.5596763269279,-68.36561001375725,-68.16170934097349,-67.94739060401423,-67.72206067811898,-67.4851704693678,-67.23629140345483,-66.97522597515292,-66.70216684434492,-66.41792163757253,-66.12422076620643,-65.8241215231199,-65.52250491556357,-65.22661745555568,-64.94652037398605,-64.69516530025038,-64.48771758830428,-64.34014376635285,-64.26688000316112
2.444999999999959,-69.97462784874868,-70.05587702821363,-70.13503859075784,-70.1808350638162,-70.18855506639254,-70.1621975348203,-70.10772572735813,-70.03074845150452,-69.93584029354119,-69.82646966445255,-69.70513446146963,-69.57354720880295,-69.4328101585775,-69.283561496035,-69.12608977920998,-68.96042038087637,-68.7863800030296,-68.60364497943357,-68.41177887898068,-68.2102652304152,-67.99854077639884,-67.77603499231209,-67.54222336556099,-67.29670339937833,-67.03930415298335,-66.77024348882728,-66.49034973281026,-66.20136442914814,-65.90633859904081,-65.61011786030679,-65.31986731980598,-65.04549737654249,-64.79970876005632,-64.59727985108042,-64.45362540845818,-64.38255987355821
2.449999999999959,-70.00038787648123,-70.08171396418264,-70.16100326615792,-70.207089115114,-70.21527259171906,-70.18953704141151,-70.13582469209963,-70.05972605423675,-69.96580253547454,-69.85751460670339,-69.73735680784871,-69.60704208350175,-69.46767617346133,-69.31990327773494,-69.16402013167087,-69.0000622363461,-68.8278682831809,-68.6471284580116,-68.45742210657323,-68.25825054630778,-68.0490703893833,-67.82933305173319,-67.59853785040914,-67.35630751342292,-67.10249670607314,-66.8373474354982,-66.56170759745366,-66.27732873720662,-65.9872546150791,-65.6962948915916,-65.41153363238095,-65.14273260154795,-64.90234718765467,-64.70478012657831,-64.56491449495968,-64.49596977738328
2.4549999999999588,-70.02595021569522,-70.10735473405185,-70.18677088764444,-70.23314244387652,-70.2417830867063,-70.21666086094073,-70.16369723650648,-70.08846462474251,-69.99551136665457,-69.88829002483541,-69.76929174421947,-69.64022979296199,-69.50221325059282,-69.3558921379873,-69.20157113040999,-69.03929557640443,-68.86891583054111,-68.69013555519136,-68.50254944264464,-68.3056761069852,-68.09899146767486,-67.8819682393942,-67.65412883777731,-67.41512038709169,-67.16482222928478,-66.90349949335682,-66.63201855827081,-66.35213989078822,-66.06689906321026,-65.78106927960151,-65.50165399152179,-65.238268551083,-65.00312848271254,-64.8102718783752,-64.67406943698023,-64.60717121466895
2.4599999999999587,-70.05131753882935,-70.13280193989635,-70.21234405656138,-70.25899771292298,-70.26808933086043,-70.24357193794029,-70.19134651329749,-70.11696756400993,-70.02497047537112,-69.91879993420976,-69.80094365504911,-69.67311513637299,-69.53642665424712,-69.39153386234734,-69.23874914534193,-69.07812742636578,-68.90953040596246,-68.73267485783616,-68.54717040225941,-68.35255247120196,-68.14831574435968,-67.93395361074649,-67.70901087368524,-67.47315824887541,-67.22629885373546,-66.96871995042848,-66.70130535600542,-66.42582342945482,-66.14530068712449,-65.86447344214939,-65.59026501715063,-65.33214659552071,-65.10209922940307,-64.91380704743257,-64.78114692325804,-64.71622383095361
2.4649999999999586,-70.07649247087048,-70.1580581382811,-70.23772532872628,-70.28465753794873,-70.2941940536152,-70.27027316275165,-70.21877561582983,-70.1452382074969,-70.05418347721863,-69.9490482692841,-69.83231683456734,-69.70570281210962,-69.57032153592098,-69.42683411007056,-69.27556040480968,-69.1165646527324,-68.94971959203433,-68.7747547526207,-68.59129427560393,-68.39888994506435,-68.19705466867919,-67.98530190238877,-67.76319814603963,-67.53043692510956,-67.28694425889188,-67.03302858723309,-66.76959016039433,-66.49840424873807,-66.22248750120902,-65.94653896639716,-65.6774023761997,-65.42440700373189,-65.19930473313599,-65.01543609699846,-64.88620197365736,-64.82318547682148
2.4699999999999585,-70.10147759036498,-70.18312584122248,-70.26291721540096,-70.31012448854955,-70.32009993544712,-70.29676737276256,-70.24598757948533,-70.17327982669431,-70.08315391686259,-69.9790388856118,-69.86341548902853,-69.7379974202926,-69.60390293722966,-69.46179841739034,-69.31201099928995,-69.15461396737985,-68.98949079780772,-68.8163834313588,-68.63493013398573,-68.44469858877628,-68.24521941360219,-68.03602554054967,-67.81670449411658,-67.58697185055536,-67.34677568435906,-67.09644468991253,-66.83689458480123,-66.56990661651369,-66.29848680901137,-66.02729662994699,-65.76310080715311,-65.51508897227745,-65.29478905595938,-65.11520805577089,-64.98928799049732,-64.92811226494385
2.4749999999999583,-70.12627543040736,-70.20800751712747,-70.28792218423881,-70.33540108922077,-70.34580960896207,-70.32305735361146,-70.27298538302061,-70.20109563064685,-70.11188526975805,-70.00877556178531,-69.89424373891136,-69.77000346527778,-69.63717579272377,-69.4964322007032,-69.34810688499418,-69.1922819316266,-69.02885126338977,-68.85756889618459,-68.67808683566979,-68.48998822320351,-68.29282088319472,-68.08613664934659,-67.86954341779894,-67.64277807871018,-67.40580994137171,-67.15898706302771,-66.90323970047959,-66.64035418895293,-66.37332522121105,-66.10677642134257,-65.84739414385767,-65.60423065366352,-65.38859505073647,-65.21317055946041,-65.09045680786825,-65.03105862481141
2.4799999999999582,-70.15088847960463,-70.23270559171057,-70.31274266020935,-70.36048982033174,-70.37132565995435,-70.34914584036059,-70.29977194988052,-70.22868876743249,-70.14038094382059,-70.03826200132599,-69.92480562105669,-69.80172535807527,-69.6701449326262,-69.53074075966535,-69.38385388737007,-69.2295749601901,-69.06780806441071,-68.89831896459225,-68.72077303155655,-68.53476843626142,-68.33986971979485,-68.13564705882897,-67.92172808657457,-67.69787029185598,-67.46406342399537,-67.22067404203484,-66.96864605047821,-66.70977002606949,-66.44702867312374,-66.18500756001409,-65.93031533864892,-65.69186918372692,-65.48076439418809,-65.30936989087124,-65.18975873908549,-65.13207735533047
2.484999999999958,-70.17531918301906,-70.25722244888944,-70.33738102650081,-70.38539311907617,-70.39665062843868,-70.3750355186387,-70.32635014947701,-70.25606232560216,-70.16864428105153,-70.06750183452188,-69.9551050907466,-69.83316741870155,-69.70281508549294,-69.56472928020206,-69.41925770450385,-69.26649932503236,-69.10636811636725,-68.938641274336,-68.76299717070434,-68.57904858913064,-68.386376310996,-68.18456831281013,-67.97327134830232,-67.75226281085007,-67.52155212004469,-67.28152350544948,-67.03313366319996,-66.77817660687805,-66.51962244175915,-66.2620185156979,-66.01189648483808,-65.77804070821334,-65.5713376188861,-65.40385101861128,-65.287242622415,-65.2312196754321
2.489999999999958,-70.19956994308814,-70.28156043165943,-70.36183962540105,-70.41011338039915,-70.42178700965609,-70.40072902575344,-70.35272279843362,-70.28321933558036,-70.1966785591189,-70.09649862021399,-69.98514602372487,-69.86433387846532,-69.73519088079956,-69.59840283743304,-69.45432391042867,-69.30306115909876,-69.14453817884478,-68.97854328819548,-68.80476750570155,-68.62283782230395,-68.43235079644332,-68.23291167649164,-68.02418573774894,-67.80596960466596,-67.57829162172719,-67.34155288670858,-67.09672206562554,-66.84559584417646,-66.59113116245193,-66.33783702735785,-66.09216883859587,-65.8627804085973,-65.66035414426702,-65.49665763452346,-65.38295586518929,-65.32853527283204
2.494999999999958,-70.2236431205232,-70.30572184294762,-70.38612075915725,-70.43465295790118,-70.44673725505422,-70.42622895177536,-70.37889266179721,-70.31016277102759,-70.22448699289482,-70.1252558475343,-70.01493221816204,-69.89522888219037,-69.76727685145504,-69.63176639851605,-69.4890579583395,-69.339266459952,-69.18232485962328,-69.01803229860923,-68.8460920978902,-68.66614506146905,-68.47780307444795,-68.28068814388669,-68.07448348490396,-67.85900429968827,-67.63429713601676,-67.40077918573512,-67.15943029621148,-66.91204909896682,-66.66157884508422,-66.41249012163236,-66.17116284026694,-65.94612252719404,-65.74785230673096,-65.58783218992674,-65.47694448642184,-65.42407235106182
2.499999999999958,-70.24754103518688,-70.32970894644677,-70.41022669081535,-70.45901416472026,-70.47150377324301,-70.45153784059345,-70.40486245421742,-70.33689555016689,-70.25207273595157,-70.15377693759531,-70.04446739656574,-69.9258564903754,-69.79907743624497,-69.66482482541014,-69.52346518371849,-69.37512109330504,-69.21973461866746,-69.05711543218025,-68.88697882244793,-68.7089790232321,-68.52274280842363,-68.32790844504656,-68.12417652307767,-67.91138018876977,-67.6895834947655,-67.45921898021705,-67.22127691747168,-66.97755719452574,-66.73098888991372,-66.4860041308283,-66.2489081351466,-66.02810039160232,-65.83386938888168,-65.67741593073686,-65.56925315801107,-65.51787767487957
2.5049999999999577,-70.2712659669502,-70.35352396742996,-70.4341596450393,-70.48319927439216,-70.49608893092619,-70.47665819094365,-70.43063484109497,-70.36342053707396,-70.27943888201604,-70.18206524513282,-70.07375520763748,-69.9562206812947,-69.83059698220765,-69.69758287756261,-69.55755080737241,-69.4106307964544,-69.25677377200728,-69.09579965405646,-68.92743537332848,-68.75134822068384,-68.5671794331491,-68.37458305309391,-68.17327649678565,-67.96311024005405,-67.74416516455986,-67.51688843660416,-67.28228002825131,-67.04214043013562,-66.79938410302313,-66.55840471048191,-66.32543359374299,-66.10874643851446,-65.91844164795675,-65.76544893153759,-65.65992524462105,-65.60999661415681
2.5099999999999576,-70.29482015652907,-70.37716909354609,-70.45792180891088,-70.50721052168971,-70.52049505380899,-70.50159245741031,-70.45621243969974,-70.38974054293298,-70.30658846638524,-70.21012406010428,-70.10279922807902,-69.98632535303945,-69.861839746942,-69.73004521451938,-69.59131993838531,-69.44580118161863,-69.29344849550914,-69.13409177218932,-68.96746926806676,-68.79326096881508,-68.61112216086188,-68.42072219106932,-68.22179476942725,-68.01420710557065,-67.7980562563257,-67.57380332083245,-67.34245727570108,-67.10581859448578,-66.86678671140258,-66.62971685650211,-66.40076733154964,-66.18809223692601,-66.0016043434917,-65.85197012865707,-65.7490028423113,-65.70047318632766
2.5149999999999575,-70.31820580630183,-70.40064647559652,-70.48151533271044,-70.53105010344154,-70.5447244274837,-70.5263430514024,-70.48159782025928,-70.41585832725892,-70.33352446730332,-70.23795660924294,-70.13160296434816,-70.01617432550306,-69.89280990085246,-69.76221639846338,-69.62477757698815,-69.48063773918165,-69.32976482854193,-69.17199844147478,-69.0070878524514,-68.83472538978299,-68.65457998718678,-68.46633583859446,-68.26974243076121,-68.06468312960696,-67.8512705346899,-67.6299790087803,-67.4018258669601,-67.16861097875469,-66.93321837767789,-66.69996492191251,-66.47493672834892,-66.26616851077182,-66.08339176425623,-65.93701735230324,-65.83652681598262,-65.78935009747667
2.5199999999999574,-70.34142508110689,-70.42395822829388,-70.50494233067896,-70.55472017933081,-70.56877929829227,-70.55091234210408,-70.50679350701878,-70.44177659908677,-70.36024980730116,-70.26556605756932,-70.16016985436606,-70.04577134231062,-69.92351152933054,-69.79410089668131,-69.65792861734847,-69.51514584084711,-69.36572867754106,-69.20952616777798,-69.04629830506708,-68.87574941803271,-68.69756169690287,-68.51143373835563,-68.3171303041827,-68.11455035686292,-67.90382142710293,-67.68543049646516,-67.4604025805534,-67.23053638937913,-66.99870021449334,-66.76917263320566,-66.54796844706264,-66.34300516101344,-66.1638372544956,-66.02062735780285,-65.92253683569913,-65.87666878213649
2.5249999999999573,-70.36448010902214,-70.44710643100295,-70.52820488176228,-70.57822287267452,-70.59266187416782,-70.57530265740102,-70.53180197927288,-70.46749801812922,-70.38676735449951,-70.2929555098614,-70.18850326917767,-70.07512007269516,-69.95394863487583,-69.82570308396166,-69.69077785028115,-69.54933074270286,-69.40134581947254,-69.246681311847,-69.08510764171238,-68.9163408052791,-68.74007586955412,-68.5560254024141,-68.36396895380919,-68.16382054039332,-67.95572203272904,-67.74017240998445,-67.51820377751241,-67.291613160521,-67.06325279856101,-66.83736310632086,-66.61988845216796,-66.4186312871995,-66.24297323950687,-66.10283585598472,-66.00707141193703,-65.96246944185376
2.529999999999957,-70.38737298212622,-70.47009312846448,-70.55130503033729,-70.60156027118373,-70.61637432545491,-70.59951628478319,-70.55662567237128,-70.4930251959036,-70.41307992387719,-70.32012801208482,-70.21660651456617,-70.1042241133217,-69.98412513915748,-69.85702724492523,-69.72332996588399,-69.58319758820058,-69.43662190520025,-69.28347009311658,-69.12352271969384,-68.95650712535007,-68.78213088490651,-68.60012011834561,-68.41026869137669,-68.21250514934191,-68.00698513110775,-67.79421901520814,-67.57524541222291,-67.35185916623678,-67.12689618438327,-66.90455886225712,-66.69072202769016,-66.49307520851727,-66.32083125057663,-66.18367754274344,-66.09016792980981,-66.04679108258253
2.534999999999957,-70.41010575724133,-70.49292033150162,-70.57424478692144,-70.62473442770556,-70.63991878570909,-70.62355547222423,-70.58126697869713,-70.51836069682889,-70.4391902785052,-70.34708655278394,-70.2444828326234,-70.13308699006116,-70.01404488501859,-69.88807757629105,-69.75558955609894,-69.61675141105101,-69.47156246275868,-69.3198985934059,-69.16155024200167,-68.99625577889758,-68.82373492825607,-68.6437269552138,-68.45603958295212,-68.26061537647337,-68.05762319059352,-67.84758422722827,-67.63154304300973,-67.41129183235891,-67.18964991765814,-66.97078184233105,-66.76049379478776,-66.5663644843529,-66.39744194930235,-66.26318612781512,-66.17186268231087,-66.12967155095215
2.539999999999957,-70.43268045665926,-70.51559001771044,-70.59702612886484,-70.647747360947,-70.66329735247706,-70.64742242903836,-70.60572824862051,-70.54350703929326,-70.46510113074724,-70.373834064435,-70.27213540327674,-70.1617121597144,-70.04371163842487,-69.9188581890787,-69.78756111720206,-69.64999713803905,-69.50617290053447,-69.35597276051324,-69.19919676136824,-69.03559399797696,-68.86489599559111,-68.6868547693819,-68.501291455467,-68.30816214550693,-68.10764837657808,-67.90028161957056,-67.68711184246064,-67.46992814809413,-67.25153304837444,-67.03605342308866,-66.82922772893765,-66.63852593437433,-66.47283515131817,-66.34139436279352,-66.25219090261118,-66.21114756945694
2.544999999999957,-70.45509906885012,-70.53810413213417,-70.6196510010268,-70.67060105618128,-70.6865120880571,-70.671119326716,-70.63001179142687,-70.56846669669375,-70.4908151434284,-70.40037342476285,-70.29956734577426,-70.19010301168953,-70.07312909035885,-69.94937311074906,-69.81924905222299,-69.68293959175872,-69.54045851035819,-69.39169841171001,-69.236468684215,-69.07452885050071,-68.90562189861342,-68.72951221016675,-68.54603390307533,-68.35515611825728,-68.15707255950015,-67.95232443317374,-67.74196660749797,-67.52778467734535,-67.3125641436033,-67.10039443087888,-66.89694717673443,-66.70958565815135,-66.54703984944396,-66.41833406841356,-66.33118679544808,-66.29125477060849
2.5499999999999567,-70.47736354915482,-70.56046458792176,-70.6421213164355,-70.69329746593728,-70.70956502024079,-70.69464829973748,-70.6541198762215,-70.59324209844833,-70.51633493097218,-70.4267074580213,-70.32678172012916,-70.2182628696322,-70.10230085866172,-69.97962628728565,-69.85065767329782,-69.71558349327294,-69.57442447051034,-69.42708123713692,-69.27337227448784,-69.11306724456823,-68.94592026962071,-68.77170772533863,-68.59027629334133,-68.40160770158622,-68.2059073226479,-68.00372558514236,-67.79612176920203,-67.58487756976356,-67.37276129999388,-67.1638251560966,-66.96367487230854,-66.77956905432217,-66.62008423627232,-66.49403616112247,-66.40888356763516,-66.37002773008699
2.5549999999999566,-70.49947582046079,-70.58267326697086,-70.66443895693283,-70.71583851067197,-70.73245814303618,-70.71801144636653,-70.67805473281062,-70.61783563098138,-70.54166306050752,-70.4528389362396,-70.35378152852495,-70.24619499301131,-70.13123048982398,-70.00962158521763,-69.8817912039551,-69.74793346469733,-69.60807584864203,-69.46212680310528,-69.30991365738653,-69.15121593267534,-68.98579856625462,-68.8134495664708,-68.63402777325942,-68.44752705416991,-68.25416396975811,-68.05449767727617,-67.84959140239228,-67.64122257153512,-67.43214215597803,-67.22636536710213,-67.02943295337523,-66.84850083931987,-66.69199572620985,-66.5685306789627,-66.48531345772189,-66.44749999892755
2.5599999999999565,-70.52143777386264,-70.60473202055647,-70.68660577380395,-70.73822607942726,-70.75519341737353,-70.74121082942347,-70.70181855255935,-70.64224963868294,-70.5668020529457,-70.47877058043463,-70.38056971668196,-70.27390257866128,-70.15992146072657,-70.03936279358652,-69.91265378133866,-69.77999403171248,-69.64141760461473,-69.49684055530562,-69.34609882298943,-69.18898151580716,-69.02526407611802,-68.85474579414348,-68.67729727511283,-68.49292409308663,-68.30185353241781,-68.10465300438389,-67.90238923497084,-67.6968350359097,-67.49072390369034,-67.28803432382344,-67.09424297691957,-66.9164050656666,-66.76280097698512,-66.64184680678378,-66.5605077648303,-66.52370413477183
2.5649999999999564,-70.5432512693069,-70.62664266994452,-70.70862358839156,-70.76046203047049,-70.77777277179307,-70.76424847703936,-70.72541348922826,-70.66648642484337,-70.5917543840292,-70.50450506179077,-70.40714917518686,-70.30138876228139,-70.18837718033386,-70.06885362585868,-69.94324945836794,-69.81176962600584,-69.67445459325968,-69.5312278219266,-69.38193362977715,-69.22637044741643,-69.06432392126436,-68.89560428300474,-68.72009352217317,-68.53780850022906,-68.34898677727226,-68.15420356238381,-67.95452865703496,-67.75172993347478,-67.54852330061,-67.34885079104724,-67.15812593452564,-66.98330513984448,-66.8325259106352,-66.71401290080004,-66.63449687669099,-66.59867173221541
2.5699999999999563,-70.5649181362219,-70.6484070069913,-70.73049419269657,-70.78254819192001,-70.8001981031165,-70.78712638339054,-70.74884165978762,-70.69054825256305,-70.6165224853523,-70.53004500280797,-70.43352274078593,-70.3286566198944,-70.2166009913395,-70.09809772178387,-69.97358220583833,-69.84326458764488,-69.7071915670607,-69.56529381668658,-69.41742380805763,-69.26338903729213,-69.10298506256261,-68.93603272669263,-68.76242503424514,-68.58218972854483,-68.39557421304413,-68.2031610561968,-68.0060227297604,-67.80592186218105,-67.60555668092815,-67.40883305140495,-67.22110226735546,-67.04922383975219,-66.90119573398319,-66.78505651251277,-66.70731029690303,-66.67243345227702
2.574999999999956,-70.58644017413314,-70.67002679472944,-70.75221934996408,-70.80448636235548,-70.82247127710161,-70.80984650941518,-70.77210514521141,-70.71443734563846,-70.64110874535477,-70.55539297841896,-70.45969319764333,-70.35570916926527,-70.24459617176736,-70.12709864920264,-70.00365591446261,-69.87448316738414,-69.73963317876111,-69.59904364178009,-69.45257496329545,-69.30004345531884,-69.14125430394188,-68.97603864262177,-68.80430013306064,-68.62607700811012,-68.4416260973675,-68.25153690743706,-68.05688419406447,-67.85942505712435,-67.66183996664691,-67.4679989180581,-67.28319188078505,-67.11418333175378,-66.96883495861572,-66.85500441200902,-66.77897667143655,-66.74501905101592
2.579999999999956,-70.60781915326424,-70.69150376793979,-70.77380079525616,-70.82627831141399,-70.84459412908102,-70.83241078351173,-70.79520599125082,-70.73815588942547,-70.66551551028921,-70.58055151707634,-70.48566327856504,-70.38254937128072,-70.27236593652808,-70.15585990580374,-70.0334743968558,-69.90542952890763,-69.77178398389778,-69.63248229074145,-69.48739257934739,-69.33633973513231,-69.17913829651728,-69.01562937663915,-68.84572694752659,-68.66947935204021,-68.48715244344233,-68.2993422619037,-68.10712547904976,-67.91225340008847,-67.71738867841518,-67.52636574708913,-67.34441415870155,-67.17820518732731,-67.03546742037071,-66.92388261065366,-66.8495238143999,-66.81645740732158
2.584999999999956,-70.62905681512382,-70.7128396337107,-70.79524023601081,-70.84792578037165,-70.86656846458551,-70.85482110222001,-70.8181462091879,-70.76170603167974,-70.68974508516293,-70.60552310181093,-70.51143566618985,-70.40918013129148,-70.2999134389328,-70.18438492083263,-70.06304138946449,-69.93610775100862,-69.80364844326466,-69.6656146512288,-69.52188202160832,-69.37228377767262,-69.21664354260214,-69.05481210754975,-68.88671341882828,-68.71240556224056,-68.53216302651226,-68.34658799687868,-68.15675871023522,-67.96442042885376,-67.77221794610503,-67.58395044960257,-67.40478797746893,-67.24131039932024,-67.10111629834522,-66.99171638318606,-66.91897873308776,-66.88677654989701
2.589999999999956,-70.65015487307917,-70.73403607198391,-70.81653935258832,-70.86943048271165,-70.88839605995197,-70.87707933088538,-70.84092777657018,-70.78508988337583,-70.7137997346551,-70.63031017126171,-70.53701299414877,-70.4356043004179,-70.32724177216537,-70.21267705675251,-70.0923605544427,-69.96652182970864,-69.8352309253068,-69.69844550772925,-69.55604854006833,-69.40788135463775,-69.25377639960759,-69.09359385151896,-68.92726730539452,-68.75486423500332,-68.57666739017117,-68.39328472823544,-68.2057957175793,-68.0159393462767,-67.82634251913501,-67.64076950354142,-67.46433171956613,-67.30351939781715,-67.16580413343077,-67.05853028923546,-66.98736765233016,-66.95600368345967
2.594999999999956,-70.67111501291627,-70.75509473608817,-70.83769979880476,-70.89079410467858,-70.91007866291676,-70.8991873043062,-70.86355263792673,-70.80830951950482,-70.7376816840098,-70.65491512067854,-70.56239784819198,-70.46182467681989,-70.35435397071414,-70.24073961086027,-70.12143548147577,-69.99667568031721,-69.86653570844743,-69.73097954418903,-69.58989727228398,-69.44313811184058,-69.29054308383414,-69.13198146635175,-68.96739618772547,-68.79686376645162,-68.62067485250128,-68.4394428173618,-68.25424804329816,-68.06682302914346,-67.8797767765429,-67.69683896522248,-67.52306328690341,-67.3648520656277,-67.22955284638705,-67.12434819426726,-67.05471603815758,-67.02416521417793
2.5999999999999557,-70.69193889338695,-70.7760172532607,-70.85872320245316,-70.91201830581983,-70.9316179931944,-70.92114682736548,-70.88602270546583,-70.83136697985147,-70.76139311990552,-70.679340302898,-70.58759276728676,-70.4878440069327,-70.38125301176487,-70.26857581685698,-70.15026968955299,-70.02657313943412,-69.89756698335036,-69.7632213465693,-69.62343324626714,-69.47805957247284,-69.32694967415806,-69.16998165565484,-69.00710747308908,-68.83841235783717,-68.6641945120482,-68.48507237790206,-68.30212694948408,-68.11708403680402,-67.93253473681449,-67.75217448059733,-67.5810001138221,-67.42532775339878,-67.29238375545853,-67.1891932899706,-67.12104862079953,-67.09128677436495
2.6049999999999556,-70.71262814674357,-70.79680522515649,-70.87961116581266,-70.93310471951447,-70.95301574304293,-70.94295967564685,-70.90833985975546,-70.8542642697514,-70.78493619130212,-70.70358802929344,-70.61260024468532,-70.513664986669,-70.40794181655485,-70.29618884637546,-70.17886662869208,-70.05621796689618,-69.92832885511858,-69.79517540533067,-69.65666138329186,-69.51265114027639,-69.36300211561368,-69.20760097288183,-69.04640840008773,-68.87951802069342,-68.70723525363564,-68.5301832823221,-68.34944342552937,-68.16673461958946,-67.98463006747149,-67.80679129624136,-67.63815917978228,-67.4849652943589,-67.35431759354611,-67.2530881141003,-67.18638941703145,-67.15739324644771
2.6099999999999555,-70.73318437926127,-70.81746022834615,-70.90036526614576,-70.95405495348912,-70.97427357781508,-70.96462759603544,-70.93050595038622,-70.87700336082905,-70.80831301026595,-70.72766057070027,-70.63742272896428,-70.5392902625885,-70.43442325169084,-70.32358181046625,-70.2072296816152,-70.08561384766969,-69.95882534543192,-69.82684611784816,-69.68958650062343,-69.54691810262669,-69.39870622287691,-69.24484582526742,-69.08530604309952,-68.92018858184838,-68.74980575402456,-68.57478516830173,-68.39620819535789,-68.21578672701715,-68.03607609442315,-67.86070427007705,-67.69455702174355,-67.54378301869906,-67.41537452493866,-67.31605456978369,-67.25076175188669,-67.22250878623082
2.6149999999999554,-70.75360917174838,-70.83798381480233,-70.9209870561845,-70.97487059032215,-70.9953931364964,-70.98615230730397,-70.95252279661804,-70.89958619171637,-70.83152565277281,-70.75156015831644,-70.66206262503633,-70.56472243303604,-70.46070013043075,-70.35075776104209,-70.23536216537862,-70.11476439368994,-69.9890603946248,-69.85823779075851,-69.72221331417059,-69.58086563352995,-69.43406768365102,-69.28172247765154,-69.12380731659678,-68.96043168830121,-68.7919144874198,-68.61888744495836,-68.4424317244701,-68.26425201578944,-68.08688581108714,-67.91392788183524,-67.75020974624418,-67.60179876759716,-67.47557416161366,-67.37811394430292,-67.31418827974663,-67.28665684547178
2.6199999999999553,-70.7739040800448,-70.858377512375,-70.941478064605,-70.99555318793615,-71.01637603223075,-71.00753550068431,-70.9743921880105,-70.92201466875383,-70.8545761594912,-70.77528898457945,-70.68652229513506,-70.58996404924918,-70.48677521393041,-70.3777196922834,-70.26326733295816,-70.14367314565042,-70.01903786370595,-69.88935464224176,-69.75454644106323,-69.6144987965354,-69.46909206195762,-69.3182370561975,-69.16191897934587,-69.0002548119653,-68.83356973082866,-68.66249929890503,-68.48812422680513,-68.31214185758758,-68.1370718872813,-67.96647624325847,-67.80513304118253,-67.65902990689065,-67.53493557911395,-67.43928692736385,-67.37669100482432,-67.3498601937854
2.624999999999955,-70.79407063550923,-70.87864282525602,-70.96183979649156,-71.01610428007851,-71.0372238528328,-71.02877884042543,-70.99611588503736,-70.94429066667281,-70.87746653654412,-70.79884920402036,-70.71080405977347,-70.61501761643585,-70.51265121245696,-70.40447054200482,-70.29094837478993,-70.17234357474173,-70.0487615363222,-69.92020080423917,-69.78659040215837,-69.64782254756699,-69.50378480133581,-69.35439555200615,-69.19964763849018,-69.03966525428127,-68.87477956927441,-68.70562970014862,-68.53329567142366,-68.3594673466677,-68.18664667789454,-68.01836310805206,-67.85934218730667,-67.71549334040456,-67.59347733200892,-67.49959362886266,-67.43829130105674,-67.41214093989541
2.629999999999955,-70.81411034549525,-70.89878123443313,-70.98207373378983,-71.03652537679123,-71.0579381612887,-71.04988396433751,-71.01769561968612,-70.9664160292616,-70.90019875625246,-70.82224293409566,-70.73491019867753,-70.63988559482321,-70.53833078656866,-70.43101319298486,-70.31840842026948,-70.2007790843426,-70.07823512066737,-69.95078032460918,-69.8183496244756,-69.68084173767548,-69.5381512279522,-69.39020382463019,-69.2369997535207,-69.07867015070384,-68.91555190086906,-68.74828740782988,-68.57795578901644,-68.4062393072613,-68.23562223133708,-68.06960188158621,-67.91285206941626,-67.77120552293935,-67.6512174689473,-67.55905359615895,-67.49900993141782,-67.47352055224849
2.634999999999955,-70.83402469381635,-70.91879419813395,-71.00218133575004,-71.05681796486957,-71.07852049624493,-71.07085248432294,-71.03913309604238,-70.98839257001379,-70.92277475785836,-70.84547225599701,-70.75884295169438,-70.66457040067868,-70.56381654826399,-70.45735047425946,-70.34565053920947,-70.22898301166418,-70.10746225133795,-69.98109716922305,-69.84982844356485,-69.71356111571322,-69.57219655362347,-69.42566760548988,-69.27398164013688,-69.11727647506582,-68.95589444174799,-68.79048097581044,-68.62211407824077,-68.45246830078432,-68.28401029777675,-68.12020563035398,-67.96567718728244,-67.82618247292585,-67.708173547309,-67.61768583086815,-67.55886706666752,-67.53401987900735
2.639999999999955,-70.85381514120053,-70.9386831522593,-71.02216403935947,-71.0769835083103,-71.09897237248515,-71.09168598689456,-71.06042999085992,-71.01022207276067,-70.94519644823023,-70.86853921544025,-70.78260451967736,-70.68907440730324,-70.58911106209835,-70.48348516237924,-70.37267774325709,-70.25695862934877,-70.13644649113753,-70.01115522400228,-69.88103110580722,-69.74598533093439,-69.60592587875473,-69.46079250119377,-69.31059947399925,-69.1554910438211,-68.9958147308708,-68.83221875810997,-68.66577981189114,-68.49816463286001,-68.33182233716502,-68.1701870911901,-68.01783166628955,-67.88043978475112,-67.76436264746401,-67.675508805181,-67.61788230354931,-67.59365916743938
2.6449999999999547,-70.87348312573447,-70.95844951080738,-71.04202325976586,-71.09702344874924,-71.11929528139626,-71.1123860336812,-71.08158795411688,-71.03190629228811,-70.96746570255027,-70.89144582343398,-70.80619706534699,-70.71339994599872,-70.6142168462717,-70.50941998263409,-70.39949298727325,-70.28470914702481,-70.16519133283121,-70.04095829689894,-69.91196177065216,-69.77811893552236,-69.63934419519543,-69.49558399676661,-69.34685929437926,-69.19332052017195,-69.0353201346912,-68.87350891419719,-68.70896204290558,-68.5433383601585,-68.3790695270565,-68.21955868025395,-68.06932926780439,-67.9339926407637,-67.81980138664564,-67.73254047772232,-67.67607468245049,-67.65245808271541
2.6499999999999546,-70.89303006329789,-70.9780946662883,-71.06176039069078,-71.11693920588925,-71.13949069142332,-71.13295416192142,-71.10260860955815,-71.05344695493731,-70.98958436498407,-70.9141940570282,-70.82962271413037,-70.73754930700953,-70.63913637368702,-70.53515761024363,-70.42609917067344,-70.31223771281837,-70.19370020085093,-70.0705101198212,-69.94262451279191,-69.80996638704613,-69.67245638901568,-69.53004745878758,-69.38276700770655,-69.23077141808147,-69.07441785169951,-68.91435941413853,-68.75166961021309,-68.58799929705754,-68.42576277022658,-68.26833250178201,-68.120183399278,-67.98685582296199,-67.8745059324463,-67.78879830895798,-67.73346270453706,-67.71043572613482
2.6549999999999545,-70.91245734798753,-70.99761999012895,-71.08137680483398,-71.13673217791795,-71.15956004851377,-71.15339188494485,-71.12349355522427,-71.07484575919105,-71.0115542493331,-70.93678586004337,-70.85288355497742,-70.76152474043893,-70.66387207297996,-70.56070067151582,-70.45249913873255,-70.33954741482398,-70.22197645295427,-70.09981435050501,-69.97302332427505,-69.84153205084836,-69.70526724320442,-69.56418813844016,-69.41832839101862,-69.26785010617607,-69.11311491684073,-68.95477804360686,-68.79391114442451,-68.6321570221279,-68.4719127020906,-68.31652035661378,-68.17040712408388,-68.03904372437243,-67.92849201594173,-67.84429927616027,-67.79006434837729,-67.76761065279132
2.6599999999999544,-70.9317663525321,-71.01702683306927,-71.10087385426807,-71.15640374191617,-71.17950477655134,-71.1737006926427,-71.14424436396786,-71.09610437624504,-71.03337713967102,-70.95922314378129,-70.87598164115698,-70.7853284571417,-70.68842632952114,-70.58605174497416,-70.47869568385389,-70.36664128253433,-70.25002338183688,-70.12887457433429,-70.00316211656161,-69.87282020236647,-69.73778144029288,-69.59801117447788,-69.45354909531392,-69.30456281153984,-69.15141820581195,-68.9947724087556,-68.83569507337214,-68.67582088444767,-68.51752969792979,-68.36413375049626,-68.22001317109941,-68.09057036012423,-67.98177494445407,-67.89905988794243,-67.84589708606643,-67.8240008886951
2.6649999999999543,-70.95095842869756,-71.03631652554937,-71.12025287082508,-71.17595525425673,-71.19932627777979,-71.19388205192652,-71.16486258395726,-71.11722445056569,-71.0550547909638,-70.98150778771735,-70.89891899103148,-70.80896262959278,-70.71280148639218,-70.61121336245482,-70.50469154680378,-70.39352228823122,-70.27784421670073,-70.15769430610989,-70.03304472252037,-69.90383502938904,-69.77000356490389,-69.63152159610618,-69.48843464881182,-69.34091562340362,-69.1893344392414,-69.03434994095986,-68.87702962749987,-68.71900000974932,-68.56262387992686,-68.41118390217022,-68.2690139440338,-68.14144937822516,-68.03436961395846,-67.9530961983717,-67.90097789886484,-67.87962394736478
2.669999999999954,-70.97003490768358,-71.05549037808822,-71.13951516647393,-71.19538805099484,-71.219025933217,-71.21393740717654,-71.1853497391679,-71.1382076004332,-71.0765889296741,-71.00364164017513,-70.92169758881192,-70.83242939273353,-70.73699984533499,-70.63618801017378,-70.53048941791263,-70.42019334833837,-70.3054421247791,-70.18627699177011,-70.06267489837107,-69.93458063424926,-69.80193810623071,-69.66472432578473,-69.52299046012182,-69.37691449673248,-69.2268701867533,-69.07351790142873,-68.91792284510899,-68.76170330640312,-68.60720512401613,-68.45768175124353,-68.31742153050797,-68.19169407004509,-68.08629052114236,-68.00642382066974,-67.9553232923615,-67.93449684590374
2.674999999999954,-70.98899710051052,-71.07454968165374,-71.15866203368937,-71.21470344824864,-71.2386051030592,-71.23386818067895,-71.20570732986202,-71.15905541847218,-71.09798125435084,-71.025626518984,-70.94431938529293,-70.85573084479546,-70.76102366767671,-70.66097812976606,-70.55609193824344,-70.44665732473717,-70.33282021281941,-70.21462601006327,-70.09205632557197,-69.9650610359567,-69.83358946044578,-69.69762418195083,-69.55722182132449,-69.41256525571322,-69.26403187092006,-69.11228338569205,-68.95838257746225,-68.8039394712405,-68.65128306655171,-68.50363796585587,-68.36524771089219,-68.24131738051383,-68.13755177512517,-68.0590579405125,-68.00894931117675,-67.98863612057599
2.679999999999954,-71.00784629839853,-71.09349570802489,-71.1776947458131,-71.2339027425722,-71.25806512707601,-71.25367577305313,-71.22593683305648,-71.1797694721684,-71.11923343620354,-71.04746421211979,-70.9667862985695,-70.87886904810284,-70.78487517522949,-70.68558611929643,-70.58150170072912,-70.47291702604697,-70.35998152852585,-70.24274467417455,-70.12119261265599,-69.99528017227054,-69.86496193304318,-69.73022588166701,-69.5911339109666,-69.44787359714567,-69.3008257711065,-69.1506533279642,-68.9984164937492,-68.84571699522124,-68.6948671107979,-68.54906295013912,-68.41250396690538,-68.29033191803835,-68.1881671088451,-68.11101332893737,-68.06187155321463,-68.04205784189335
2.684999999999954,-71.02658377313773,-71.11232971014569,-71.19661455740653,-71.2529872113193,-71.27740732499659,-71.27336156366906,-71.24603970297999,-71.2003513043739,-71.14034711966306,-71.06915647832948,-70.9891002147347,-70.90184602985404,-70.80855655116729,-70.7100143342438,-70.60672125127859,-70.49897520886992,-70.38692906196187,-70.27063623330717,-70.15008729701478,-70.02524190171425,-69.89605974111468,-69.76253404319485,-69.62473179697271,-69.48284509373939,-69.33725802720699,-69.18863450538842,-69.03803208591765,-68.8870441689483,-68.73796643324579,-68.59396685147748,-68.45920148998175,-68.33874996414556,-68.23814989012082,-68.16230435486712,-68.1141051834774,-68.09477762922909
2.6899999999999538,-71.04521077744994,-71.13105292247126,-71.21542270459588,-71.27195811299934,-71.29663299688646,-71.29292691105437,-71.26601737151859,-71.22080243379872,-71.16132392292756,-71.09070504773986,-71.01126298855982,-70.92466378288277,-70.83206994087891,-70.73426508845911,-70.63175308985359,-70.52483457900267,-70.41366574691472,-70.29830387422085,-70.17874384663419,-70.05495000553456,-69.92688701556318,-69.79455318849669,-69.65802043947566,-69.51748519731906,-69.37333464328039,-69.22623354216546,-69.07723667337312,-68.9279290880334,-68.78058998975997,-68.63835956757167,-68.50535118940914,-68.38658348285688,-68.2875131323956,-68.2129449972616,-68.16566494745425,-68.14681066497037
2.6949999999999537,-71.06372854534297,-71.14966656130642,-71.23412040540939,-71.29081668762535,-71.31574342351611,-71.31237315329234,-71.28587124865115,-71.24112435549141,-71.1821654384957,-71.1121116224511,-71.03327644415694,-70.94732426639943,-70.85541745279882,-70.75834065509767,-70.65659967151642,-70.55049779261485,-70.44019446222252,-70.32575072272714,-70.2071656617811,-70.08440818960608,-69.95744780325391,-69.82628774566795,-69.69100469356843,-69.55179924194091,-69.40906149108362,-69.26345691356768,-69.11603740755027,-68.96837965831745,-68.82274652155891,-68.68225075331264,-68.55096370024499,-68.43384412980068,-68.33626950517186,-68.26294885690554,-68.21656518409492,-68.19817170822343
2.6999999999999535,-71.0821382924566,-71.16817182513702,-71.25270886010784,-71.30956415705433,-71.33473986672129,-71.3317016084106,-71.30560272287424,-71.2613185413076,-71.20287323368629,-71.13337787711549,-71.0551423756251,-70.96982940671366,-70.87860115921676,-70.78224326752712,-70.68126340744963,-70.57596745739586,-70.46651803306516,-70.35297984514432,-70.23535607664438,-70.11362008628288,-69.98774606910604,-69.85774205130113,-69.72368931197867,-69.58579244692221,-69.44444431350821,-69.30031094984395,-69.15444127635955,-69.00840360094868,-68.86444456103352,-68.725649827467,-68.59604939101365,-68.48054326106791,-68.3844313441422,-68.31232916784123,-68.26681983838041,-68.24887510808306
2.7049999999999534,-71.10044121640101,-71.18656989495368,-71.27118925150675,-71.32820172531927,-71.35362356975463,-71.35091357476074,-71.32521316161703,-71.2813864403674,-71.22344885114536,-71.15450545950127,-71.07686254767935,-70.99218109793784,-70.90162309706544,-70.80597512021114,-70.70574666594857,-70.6012461336706,-70.49263923222018,-70.37999424971208,-70.2633183609298,-70.14258925619878,-70.01778569812599,-69.88892035278427,-69.7560789476695,-69.61946991978685,-69.47948872792102,-69.3368018400159,-69.19245510851152,-69.04800845732261,-68.90569243740684,-68.76856597918069,-68.64061837119117,-68.52669194181739,-68.43201066102527,-68.36109880845666,-68.31644247350138,-68.29893481647993
2.7099999999999533,-71.11863849708782,-71.20486193456874,-71.28956274529244,-71.34673057895512,-71.37239575762982,-71.37001033138905,-71.34470391164638,-71.30132947950169,-71.24389380934046,-71.17549599104301,-71.09843869626464,-71.01438120267292,-70.92448526868846,-70.82953836957027,-70.73005177338743,-70.62633633548542,-70.51856078128452,-70.40679688796769,-70.29105572141144,-70.1713191900177,-70.04757049738404,-69.91982681053548,-69.78817815636715,-69.65283665912864,-69.51420022941252,-69.3729356355698,-69.230085577723,-69.08720159388666,-68.94649828223898,-68.81100817430303,-68.68468049848101,-68.57230095463622,-68.47901915311397,-68.40927031223752,-68.36544628265523,-68.34836440061743
2.7149999999999532,-71.13673129705373,-71.22304909092595,-71.30783049033062,-71.36515188731616,-71.39105763745785,-71.38899313839912,-71.36407629946252,-71.32114906368778,-71.26420960304355,-71.19635106737786,-71.11987252915344,-71.0364315526765,-70.94718964258773,-70.85293513481955,-70.7541810151596,-70.65124053166467,-70.54428535186301,-70.43339065608416,-70.31857130344041,-70.19981331013577,-70.07710419793634,-69.95046550017476,-69.81999139901872,-69.68589755739539,-69.54858419395562,-69.4087182540469,-69.26733920680704,-69.12599020681297,-68.98687003478139,-68.85298516153664,-68.72824538588713,-68.6173808076614,-68.52546821254151,-68.45685587819096,-68.41384410047267,-68.39717705501045
2.719999999999953,-71.15472076177741,-71.2411324944042,-71.32599361896865,-71.38346680288741,-71.40961039877553,-71.40786323730548,-71.38333163168515,-71.34084657647465,-71.28439770380137,-71.21707225886875,-71.14116572652905,-71.05833394951368,-70.96973815415184,-70.87616749878465,-70.77813663659319,-70.67596114683904,-70.56981556672494,-70.45977839617245,-70.3458681924119,-70.22807497233633,-70.1063904566935,-69.98084041463609,-69.85152304418129,-69.71865740359537,-69.58264588147567,-69.44415548253359,-69.30422237165021,-69.16438132654272,-69.02681544718337,-68.89450547841749,-68.77132240858798,-68.66194174246831,-68.57136893527469,-68.50386738095148,-68.46164841408483,-68.44538561313755
2.724999999999953,-71.17260801998899,-71.25911325911369,-71.34405324733093,-71.40167646158854,-71.42805521386694,-71.42662185137983,-71.402471195431,-71.36042338039798,-71.30445956039505,-71.23766111111472,-71.16231994155395,-71.08009016519195,-70.99213270636571,-70.89923750869663,-70.80192084384227,-70.70050056244652,-70.59515400092936,-70.48596289754792,-70.37294941519222,-70.25610746739905,-70.13543285823724,-70.01095546622007,-69.88277737034444,-69.75112088592792,-69.61639043883596,-69.47925298105538,-69.34074130508033,-69.20238182220517,-69.066342089555,-68.93557745712765,-68.81392071061677,-68.7059937417317,-68.61673212983966,-68.55031638057733,-68.5088713738401,-68.49300255871839
2.729999999999953,-71.19039418397287,-71.27699248318649,-71.36201047560803,-71.4197819830714,-71.44639323807745,-71.445270185989,-71.42149625868231,-71.37988081738564,-71.32439659928815,-71.25811914544859,-71.18333680092391,-71.10170194277919,-71.0143751705019,-70.9221471769659,-70.8255358047548,-70.72486111770644,-70.62030318291983,-70.5119468979623,-70.39981794150664,-70.28391402266512,-70.1642349165869,-70.04081448859043,-69.91375856818846,-69.78329259434202,-69.64982290274025,-69.51401628587708,-69.37690210062718,-69.23999840591478,-69.10545735488967,-68.97620923014641,-68.85604921135251,-68.74954653666487,-68.66156832578756,-68.59621413204454,-68.55552480368215,-68.54004003662712
2.734999999999953,-71.20808034986446,-71.2947712490605,-71.3798663883397,-71.43778447101126,-71.46462561012096,-71.46380942892522,-71.44040807064658,-71.3992202091532,-71.34421022506434,-71.27844785942246,-71.20421790540843,-71.12317099700681,-71.03646738679411,-70.94489848193597,-70.84898364971728,-70.7490451105679,-70.64526559559029,-70.53773308480261,-70.42647668528946,-70.31149780355913,-70.1928000769172,-70.07042123871418,-69.94447074277947,-69.81517702302276,-69.68294820255467,-69.5484508127107,-69.41271071617854,-69.27723763694878,-69.1441684638498,-69.01640873574334,-68.89771661182651,-68.79260961424269,-68.70588778190749,-68.64157159444862,-68.6016202111979,-68.5865098634528
2.7399999999999527,-71.22566759793995,-71.31245062375754,-71.39762205469175,-71.45568501339123,-71.48275345238031,-71.48224075072928,-71.45920786210873,-71.4184428575903,-71.36390182085422,-71.29864872728142,-71.22496483037769,-71.14449901485725,-71.05841116509367,-70.96749336861812,-70.87226647247785,-70.77305479863284,-70.67004367732179,-70.56332409625733,-70.45292850599728,-70.33886191506937,-70.22113171722827,-70.09977939874888,-69.97491791570373,-69.84677857280887,-69.71577116305056,-69.5825618598348,-69.4481729775353,-69.31410592580907,-69.18248246941933,-69.05618372331585,-68.93893140084893,-68.8351922242141,-68.74970049419287,-68.68639943992135,-68.64716879734605,-68.63242353771867
2.7449999999999526,-71.24315699289973,-71.33003165915497,-71.41527852872649,-71.47348468278078,-71.50077787120087,-71.50056530500594,-71.47789684577435,-71.43755004513828,-71.38347274875201,-71.31872320042562,-71.2455791263167,-71.1656876561367,-71.080208285509,-70.98993374940643,-70.89538633094739,-70.79689240005473,-70.69463982299189,-70.58872252245122,-70.47917620988602,-70.36600940318723,-70.24923314997012,-70.12889257787698,-70.0051040271427,-69.87810155354325,-69.74829650707186,-69.61635461112715,-69.48329458186761,-69.35060953817117,-69.22040626142626,-69.09554175857788,-68.97970186095989,-68.8773033859083,-68.79301620356722,-68.73070806227068,-68.69218146587522,-68.67779224976908
2.7499999999999525,-71.26054958414639,-71.34751539225235,-71.43283684966836,-71.49118453660842,-71.51869995717803,-71.51878422873264,-71.49647621660563,-71.45654303515836,-71.40292435022275,-71.33867270786145,-71.26606231932635,-71.18673855403365,-71.10186049902914,-71.01222150477501,-70.91834524798013,-70.82056009441366,-70.71905638495704,-70.61393090654948,-70.50522255125415,-70.39294325630766,-70.27710762362199,-70.15776431409002,-70.03503293789058,-69.90915018635827,-69.780528858128,-69.64983413901274,-69.5180811010751,-69.38675459872337,-69.2579465709384,-69.13449022860034,-69.02003607420976,-68.91895189484295,-68.83584440337832,-68.77450758535224,-68.73666883244115,-68.7226268913356
2.7549999999999524,-71.27784640605589,-71.3649028454316,-71.4502980421632,-71.50878561742809,-71.53652078543792,-71.53689864256118,-71.5149471521494,-71.4754230722918,-71.42225794649917,-71.35849865664149,-71.2864159116126,-71.2076533156636,-71.12336952813149,-71.034358483957,-70.94114521213338,-70.84406002356812,-70.74329567400862,-70.63895174583256,-70.53107023365135,-70.41966640659071,-70.30475832422826,-70.18639807592281,-70.0647084313156,-69.93992860589705,-69.81247274291441,-69.68300540733017,-69.55253798505323,-69.422547094898,-69.29510997453589,-69.17303634670957,-69.05994192777268,-68.96014632913551,-68.87819434666355,-68.81780787117863,-68.78064123343144,-68.76693806479123
2.7599999999999523,-71.29504847824371,-71.38219502671257,-71.46766311653215,-71.52628895318017,-71.55424141591234,-71.55490965111238,-71.5333108128577,-71.49419138281135,-71.44147483896947,-71.37820243229376,-71.30664138196327,-71.22843352260006,-71.14473706737395,-71.05634650560631,-70.96378817840825,-70.86739429248476,-70.76735996030388,-70.66378749274143,-70.55672191105496,-70.44618173128679,-70.33218837689256,-70.21479726414066,-70.09413421526746,-69.97044086247371,-69.84413259376348,-69.71587327411768,-69.58667056486867,-69.45799288049885,-69.33190289846311,-69.2111871572462,-69.09942711939802,-69.00089505572664,-68.92007505319589,-68.86061852777682,-68.82410873450807,-68.81073609210384
2.764999999999952,-71.31215680582476,-71.39939293000215,-71.4849330690202,-71.54369555744675,-71.57186289360769,-71.572818343265,-71.55156834240137,-71.5128491749649,-71.46057630955626,-71.39778539924131,-71.32674018621366,-71.24908073139221,-71.16596478397219,-71.07818735844228,-70.98627606897085,-70.89056497004634,-70.79125147427231,-70.688440555896,-70.58218018901464,-70.47249205402507,-70.35940084723053,-70.24296521337929,-70.12331392393175,-70.0006909241732,-69.87551275102693,-69.74844249432229,-69.62048405584606,-69.49309767922726,-69.3683316226644,-69.24894954018839,-69.13849916270367,-69.04120623641862,-68.96149531631497,-68.90294891679807,-68.86708113887502,-68.8540310234968
2.769999999999952,-71.32917237966774,-71.41649753533885,-71.50210888203962,-71.56100642970152,-71.58938624886797,-71.59062579243731,-71.56972086797602,-71.5313976393108,-71.47956362108624,-71.41724890121118,-71.34671375770073,-71.26959647407043,-71.18705431836291,-71.09988280187846,-71.00861077385473,-70.91357408983833,-70.81497240749752,-70.71291330108514,-70.6074476257658,-70.49860014606743,-70.38639874278334,-70.2709051937402,-70.15225111963314,-70.03068267889323,-69.90661746539236,-69.78071772243314,-69.65398356056916,-69.5278670881089,-69.4044022847051,-69.28633021564306,-69.1771653923159,-69.0810878337343,-69.00246370954974,-68.9448081608899,-68.90956799527989,-68.89683264582693
2.774999999999952,-71.34609617664475,-71.43350980913225,-71.51919152440823,-71.57822255555429,-71.60681249763213,-71.60833305686317,-71.58776950060181,-71.54983794904604,-71.49843801765132,-71.43659426163383,-71.36656350770583,-71.2899822586386,-71.20800728475257,-71.12143456663487,-71.03079415164588,-70.93642365091547,-70.83852491357653,-70.7372080522313,-70.6325267333138,-70.52450872752824,-70.41318501439196,-70.29862041234192,-70.18094929458883,-70.06041993632954,-69.93745090013515,-69.81270351504149,-69.6871740717971,-69.56230658082448,-69.44012088358168,-69.32333574820845,-69.21543296885925,-69.12054761660205,-69.04298859303915,-68.98620515083577,-68.95157860575792,-68.93915049068863
2.779999999999952,-71.36292915987474,-71.45043070439694,-71.53618195158235,-71.59534490699035,-71.62414264168586,-71.62594117986166,-71.60571533541594,-71.56817126032645,-71.5172007249614,-71.45582278403323,-71.38629082588749,-71.31023956955482,-71.22882527165234,-71.14284435533503,-71.05282803014947,-70.95911561854807,-70.86191110895618,-70.76132709232898,-70.65741997848828,-70.55022046856087,-70.43976255753455,-70.32611401482878,-70.2094118726136,-70.08990642990615,-69.96801713330788,-69.84440433332945,-69.72006047530004,-69.59642151094684,-69.47549328342436,-69.35997255121171,-69.2533088838007,-69.15959316587036,-69.08307811975483,-69.02714855247034,-68.99312203312626,-68.98099384225246
2.7849999999999517,-71.37967227896237,-71.46726116098219,-71.55308110588555,-71.61237444260497,-71.64137766890799,-71.643451190101,-71.62355945195881,-71.58639871257982,-71.53585295068892,-71.47493575240746,-71.40589708070307,-71.33036986820028,-71.24950984240036,-71.16411384308802,-71.07471420703988,-70.98165192494915,-70.88513307374772,-70.78527266435857,-70.68212978396986,-70.57573799051266,-70.4661342136271,-70.35338908683845,-70.23764221077798,-70.11914581865213,-69.99832015986905,-69.87582454548941,-69.75264755261507,-69.63021711508718,-69.51052521709425,-69.39624689082444,-69.29079996415285,-69.19823187965842,-69.12274024153463,-69.06764681337658,-69.03420710823636,-69.02237174484749
2.7899999999999516,-71.39632647023193,-71.48400210579659,-71.5698899167321,-71.62931210783263,-71.6585185535117,-71.66086410185679,-71.64130291445407,-71.60452142881199,-71.55439588480557,-71.49393443160078,-71.42538361982118,-71.35037459333675,-71.27006253567055,-71.18524467805587,-71.09645445049449,-71.00403446998297,-70.90819285252005,-70.80904697217609,-70.70665852928936,-70.60106386704854,-70.492302771289,-70.3804486554291,-70.2656436010208,-70.14814168902682,-70.02836389375274,-69.90696842907597,-69.78493998372475,-69.66369851595242,-69.54522228967866,-69.43216489006026,-69.32791287703843,-69.23647097854564,-69.16198271492908,-69.10770816937138,-69.07484243699189,-69.0632930102949
2.7949999999999515,-71.4128926569559,-71.50065445302772,-71.58660930084581,-71.6461588351716,-71.67556625628049,-71.67818091526429,-71.65894677208217,-71.62254051590601,-71.5728306999111,-71.51282006766638,-71.44475177052327,-71.37025516155286,-71.2904848659691,-71.20623848200668,-71.11805049981066,-71.02626512185489,-70.93109245507227,-70.83265218137913,-70.73100855180004,-70.62620062524417,-70.51827096757408,-70.40729569046805,-70.2934192717175,-70.17689755669451,-70.05815216988077,-69.93784017329246,-69.81694234966153,-69.69687072531664,-69.57958998188676,-69.4677325326566,-69.36465413412135,-69.27431751060568,-69.20081310686885,-69.14734065078616,-69.11503640714004,-69.10376622500127
2.7999999999999514,-71.42937174957906,-71.51721910435786,-71.60324016247473,-71.66291554440411,-71.69252172479929,-71.69540261656581,-71.67649205924792,-71.64045706491417,-71.59115855155457,-71.53159388822121,-71.46400284009644,-71.39001296769962,-71.31077832411881,-71.22709685085401,-71.13950406600794,-71.04834571778409,-70.95383385718641,-70.8560904201505,-70.75518214762442,-70.65115074665034,-70.54404148916846,-70.4339331059819,-70.32097238920508,-70.20541686824986,-70.08768874611921,-69.96844388121404,-69.84865913503852,-69.72973864690852,-69.61363365334822,-69.5029556668444,-69.40103009590744,-69.31177835628951,-69.23923880015712,-69.18655208854925,-69.15479719484296,-69.14379975681913
2.8049999999999513,-71.44576464593787,-71.5336969491748,-71.619783393601,-71.67958314281138,-71.70938589368046,-71.71253017835225,-71.69393979584224,-71.65827215134445,-71.60938057854858,-71.55025710279241,-71.48313811621668,-71.40964938531555,-71.33094437773146,-71.24782135518308,-71.16081683241438,-71.0702780646587,-70.97641900136043,-70.87936378007957,-70.7791815725758,-70.67591666832827,-70.56961697355607,-70.46036376147065,-70.34830605926594,-70.23370300289639,-70.11697730518061,-69.9987835719482,-69.88009473050937,-69.76230707921746,-69.64735854581838,-69.53784000900947,-69.4370469759184,-69.34886023316093,-69.2772669987926,-69.22535012007499,-69.19413277103675,-69.18340176168293
2.809999999999951,-71.46207223147529,-71.55008886477866,-71.63623987414674,-71.69616252538472,-71.72615968478529,-71.72956455979974,-71.71129098749829,-71.67598683543933,-71.62749790327587,-71.56881090315551,-71.50215886732299,-71.42916576704155,-71.35098447166854,-71.2684135407633,-71.18199045523858,-71.09206393967443,-70.99884979752218,-70.90247431696208,-70.80300904305564,-70.70050078385788,-70.59500001015276,-70.48659046318566,-70.37542332857069,-70.26175927407853,-70.14602145647383,-70.02886318273595,-69.91125343515971,-69.79458071822043,-69.68076978629182,-69.5723911472473,-69.47271084474318,-69.38556970049001,-69.31490473312778,-69.26374219496664,-69.23305090758367,-69.22258019002642
2.814999999999951,-71.47829537945113,-71.56639571658424,-71.65261047217547,-71.71265457503199,-71.74284400744074,-71.74650670690117,-71.72854662584183,-71.69360216244955,-71.64551163198936,-71.587256463665,-71.5210663429828,-71.44856344502588,-71.3709000284913,-71.28887492904909,-71.2030265641271,-71.11370509095705,-71.02112812372555,-70.92542405157904,-70.82666673692687,-70.72490544431861,-70.62019314140989,-70.51261596537309,-70.40232718608137,-70.28958893106838,-70.17482473790238,-70.05868657099423,-69.94213945883148,-69.82656416003191,-69.71387239002665,-69.60661454481495,-69.508027633969,-69.42191316370719,-69.35215886486806,-69.30173558053859,-69.27155918322678,-69.26134279299089
2.819999999999951,-71.49443495114816,-71.58261835831942,-71.66889604408956,-71.7290601627799,-71.75943975865154,-71.76335755269282,-71.74570768873619,-71.71111916290104,-71.6634228551054,-71.60559494157727,-71.53986177424889,-71.4678437313195,-71.39069244889946,-71.30920701766752,-71.22392676270823,-71.13520323816856,-71.04325582682797,-70.9482149704559,-70.8501567943649,-70.74913295924473,-70.64519886388841,-70.53844297148389,-70.42902056441709,-70.31719516050983,-70.20339061761356,-70.08825751630157,-69.97275692438215,-69.85826190347883,-69.74667126348304,-69.64051554348322,-69.54300313999717,-69.45789687872345,-69.38903609191564,-69.33933736716284,-69.3096649893499,-69.2996971284279
2.824999999999951,-71.51049179607386,-71.59875763221942,-71.68509743482365,-71.74538014797216,-71.77594782330817,-71.78011801747624,-71.76277514052217,-71.72853885285636,-71.68123264748995,-71.62382747736618,-71.55854637400795,-71.48700791826182,-71.41036311215912,-71.32941128089448,-71.24469262912201,-71.15656007309893,-71.06523472315129,-70.97084902660114,-70.87348131868562,-70.7731855975551,-70.67001962930422,-70.56407413535094,-70.45550634118212,-70.34458108791976,-70.23172249569896,-70.11757972232857,-70.00310986988056,-69.88967835260291,-69.77917120717703,-69.67409936679095,-69.57764302774558,-69.49352695611996,-69.42554295306444,-69.37655447344683,-69.34737553555219,-69.33765056670717
2.8299999999999508,-71.52646675215799,-71.6148143692171,-71.70121547803424,-71.76161537846349,-71.79236907439014,-71.79678900903505,-71.7797499322524,-71.74586223417025,-71.69894206873931,-71.64195519503153,-71.57712133732105,-71.50605727885784,-71.42991337652118,-71.34948917011917,-71.26532571653723,-71.17777726024224,-71.08706659912532,-70.99332814022692,-70.89664237715215,-70.79706558845797,-70.6946578455453,-70.58951206233422,-70.48178734025764,-70.37174977914809,-70.25982370584826,-70.14665681871487,-70.03320225074155,-69.92081781909235,-69.81137691845345,-69.70737112320549,-69.61195283424146,-69.52880936521056,-69.46168583254814,-69.4133936512457,-69.38469785504182,-69.37521029633251
2.8349999999999507,-71.54236064594629,-71.63078938912959,-71.7172509962851,-71.77776669080993,-71.80870437316558,-71.81337142284802,-71.79663300192101,-71.76309029473957,-71.71655216345353,-71.6599792024001,-71.59558784175604,-71.52499306714583,-71.449344579629,-71.36944211429706,-71.28582755365564,-71.1988564373588,-71.10875321191527,-71.01565419945,-70.91964200176062,-70.82077512233283,-70.71911587766236,-70.61475931043613,-70.50786633305908,-70.39870424179834,-70.28769751695737,-70.17549236289406,-70.06303794180097,-69.95168452464453,-69.8432929941789,-69.74033580919075,-69.64593797210824,-69.56374993798147,-69.4974709644483,-69.44986149051672,-69.421638809855,-69.41238332937463
2.8399999999999506,-71.5581742927904,-71.64668350084115,-71.7332048012296,-71.79383491045498,-71.82495456938611,-71.82986614229668,-71.81342527468817,-71.780224008748,-71.73406396150436,-71.67790059142048,-71.6139470477127,-71.54381651855671,-71.46865803891659,-71.38927152039217,-71.30619964520355,-71.21979921602268,-71.13029629003294,-71.0378290609755,-70.94248219000514,-70.84431635158802,-70.74339604883232,-70.63981839138557,-70.5337460397591,-70.4254474266092,-70.31534713469279,-70.20408984186781,-70.09262073933223,-69.98228260326229,-69.87492393335815,-69.77299831218667,-69.679603732949,-69.59835437291174,-69.5329044369653,-69.48596442401836,-69.45820509590568,-69.44917650672507
2.8449999999999505,-71.5739084970333,-71.66249750248201,-71.74907769378869,-71.8098208519123,-71.84112050147839,-71.84627403886947,-71.83012766310004,-71.79726433690513,-71.75147847829727,-71.69572043845078,-71.63220009873996,-71.56252885026517,-71.4878550519975,-71.40897877380841,-71.32644347241191,-71.24060718215677,-71.15169753393336,-71.05985455076284,-70.96516490562323,-70.86769139149663,-70.76750064129719,-70.66469177169408,-70.55942913047733,-70.45198222879858,-70.34277570301249,-70.23245267393153,-70.12195436300702,-70.01261610348526,-69.9062741396754,-69.80536341350133,-69.71295529062928,-69.63262823867831,-69.56799219655709,-69.52170873186144,-69.49440324787297,-69.48559650317932
2.8499999999999504,-71.58956405219178,-71.67823218160422,-71.76487046432587,-71.82572531894441,-71.85720299673115,-71.86259597236106,-71.84674106730407,-71.81421222668082,-71.76879671502758,-71.71343980454027,-71.65034812184639,-71.58113126153206,-71.5069368970444,-71.42856523881082,-71.34656049348386,-71.2612818965528,-71.1729586165951,-71.08173246467474,-70.98769207932227,-70.89090232101043,-70.79143189727748,-70.68938187368337,-70.58491822643863,-70.47831148937101,-70.36998630564551,-70.26058421035147,-70.1510424578011,-70.04268899055822,-69.9373479239629,-69.83743579111966,-69.74599770446301,-69.66657697774784,-69.60274005194928,-69.55710054591486,-69.53023964392894,-69.52164983235271
2.8549999999999502,-71.60514174113455,-71.6938883153536,-71.78058389281834,-71.84154910473805,-71.87320287147874,-71.87883279106786,-71.86326637525939,-71.83106861253391,-71.78601965893074,-71.7310597357042,-71.66839222780311,-71.5996249340397,-71.52590483315944,-71.44803225893638,-71.3665521440517,-71.28182489538024,-71.19408118408704,-71.10346456910969,-71.01006560948638,-70.91395118355206,-70.81519201986168,-70.71389107648541,-70.61021590109961,-70.50443799638963,-70.3969819675306,-70.2884877369961,-70.17988859584686,-70.07250514853834,-69.9681495065992,-69.86922002243027,-69.77873592230391,-69.70020590986121,-69.6371536780215,-69.59214585407244,-69.56572051031466,-69.5573428514357
2.85999999999995,-71.62064233625732,-71.70946667063835,-71.79621874902499,-71.857292992076,-71.88912093128101,-71.8949853319795,-71.87970446294331,-71.8478344161366,-71.80314828352769,-71.74858126319324,-71.68633351144013,-71.61801103221846,-71.54476010073628,-71.46738115739535,-71.38641983762217,-71.3022376906815,-71.21506685612069,-71.12505260161832,-71.03228736286606,-70.93683998778732,-70.83878317387251,-70.738221717016,-70.63532468124534,-70.53036448621376,-70.42376565621623,-70.31616647592212,-70.20849627823421,-70.10206838234237,-69.99868301983807,-69.90072058687242,-69.8111747835449,-69.73352023541062,-69.67123861957202,-69.62685050438357,-69.6008519257683,-69.59268176579435
2.86499999999995,-71.6360665996542,-71.72496800429454,-71.81177579265099,-71.87295775350542,-71.90495797109952,-71.911054420966,-71.8960561945532,-71.86451054659383,-71.8201835488645,-71.76600540375622,-71.70417305193588,-71.6362907035667,-71.56350392181359,-71.48661323746262,-71.40616496601112,-71.32252177085542,-71.23591722658834,-71.1464982715042,-71.05435917524959,-70.9595707083768,-70.86220748671018,-70.76237609092263,-70.66024704805639,-70.55609364470293,-70.45034028322154,-70.34362358691703,-70.23686893676151,-70.13138241973739,-70.02895251007195,-69.93194186850727,-69.84331902202926,-69.76652503871627,-69.70500029496733,-69.66122020905377,-69.63563982580986,-69.62767263342015
2.86999999999995,-71.65141528328547,-71.74039306324798,-71.82725577350898,-71.88854415150284,-71.92071477546993,-71.92704087296181,-71.91232242270418,-71.88109790065788,-71.8371264017467,-71.78333315989738,-71.72191191310046,-71.65446507896291,-71.58213750042029,-71.50572978286048,-71.42578889976807,-71.342678601129,-71.25663386408863,-71.16780326040978,-71.07628285211734,-70.98214528670852,-70.8854670491738,-70.78635645350712,-70.68498543814748,-70.58162810838837,-70.47670870536088,-70.3708621689991,-70.26500993563758,-70.16045091327412,-70.05896194002965,-69.96288815851281,-69.87517326887472,-69.79922529120208,-69.73844399967693,-69.6952605483179,-69.67009000688799,-69.66232136923485
2.87499999999995,-71.66668912914226,-71.7557425846732,-71.8426594316774,-71.904052938636,-71.93639211867142,-71.94294549214531,-71.92850398862272,-71.89759736293857,-71.8539777759689,-71.80056552012809,-71.73955114365214,-71.67253527297085,-71.60066202291237,-71.52473205813153,-71.44529298859004,-71.36270962401731,-71.27721831243831,-71.1889692228872,-71.09806016927978,-71.00456563161153,-70.90856391626131,-70.81016502062408,-70.70954224457856,-70.6069704656132,-70.50287372603209,-70.39788526187603,-70.29292257313656,-70.18927744216676,-70.08871519091197,-69.99356365760771,-69.90674205521421,-69.83162585447653,-69.77157490970016,-69.72897697419137,-69.70420813039345,-69.69663374925567
2.8799999999999497,-71.68188886940804,-71.77101729614952,-71.85798749765567,-71.91948485772248,-71.95199076489223,-71.95876907211542,-71.94460172233643,-71.91400980610915,-71.87073859253951,-71.81770345921312,-71.757091777488,-71.6905023841376,-71.61907865830274,-71.54362130900333,-71.46467856172563,-71.38261625977248,-71.29767209117189,-71.20999778695499,-71.11969287349895,-71.02683362005111,-70.93150010794855,-70.83380396955543,-70.73391981783875,-70.63212325764172,-70.52883809646971,-70.42469584736384,-70.32061008320663,-70.21786551411951,-70.11821606446593,-70.02397247840383,-69.93802981485574,-69.86373148331931,-69.80439808488568,-69.76237481410205,-69.7379997265428,-69.73061541462418
2.8849999999999496,-71.69701522661661,-71.78621791581327,-71.87324069251595,-71.93484064198495,-71.96751146839242,-71.97451239606403,-71.96061644285957,-71.93033609110742,-71.88740975990012,-71.83474793841093,-71.77453483394848,-71.70836749528526,-71.63738855858247,-71.56239876274448,-71.48394692836997,-71.402399906822,-71.31799669602886,-71.23089055464105,-71.14118268309424,-71.04895109780621,-70.954277609948,-70.85727543986248,-70.75812046680424,-70.65708897973894,-70.55460451696419,-70.45129685076655,-70.34807563703431,-70.24621856710164,-70.14746828499992,-70.05411864769071,-69.9690408868627,-69.8955468285783,-69.83691847214925,-69.79545927440786,-69.7714701981376,-69.76427187550486
2.8899999999999495,-71.71206891380731,-71.80134515250808,-71.8884197280527,-71.95012101520408,-71.98295497366298,-71.99017623694535,-71.97654895837518,-71.9465770673334,-71.90399217414088,-71.85169990570945,-71.7918813180761,-71.72613167379573,-71.65559285903596,-71.58106562851222,-71.5030993780494,-71.42206194219563,-71.33819359942883,-71.25164910251185,-71.16253128853319,-71.07091988012976,-70.97689837444835,-70.88058153421501,-70.78214645967101,-70.68187008222145,-70.58017563804844,-70.4776911422185,-70.37532234456543,-70.27433997107329,-70.1764755013417,-70.08400610865401,-69.99977951805883,-69.92707643997855,-69.86914090859122,-69.82823544380369,-69.80462482420305,-69.797608514857
2.8949999999999494,-71.72705063467696,-71.81639970593156,-71.90352530692864,-71.96532669186752,-71.99832201558216,-72.00576135764163,-71.99240006641315,-71.96273357284201,-71.92048671921076,-71.86856029605649,-71.80913222086842,-71.7437959718891,-71.67369267854743,-71.59962309769213,-71.52213718099797,-71.44160372194321,-71.35826425093535,-71.27227498218863,-71.18374035300683,-71.09274175239152,-70.99936432083439,-70.90372431919947,-70.80600002486285,-70.70646897148006,-70.60555406165199,-70.50388153798949,-70.40235325598375,-70.30223302966229,-70.2052412887401,-70.11363872302923,-70.03024986545812,-69.95832476884645,-69.90107012451836,-69.86070829661952,-69.83746876350925,-69.83063059208462
2.8999999999999493,-71.74196108372907,-71.83138226677956,-71.9185581228184,-71.98045837731698,-72.01361331956839,-72.02126851112602,-72.00817055402493,-71.97880643453257,-71.93689426712385,-71.88533003158508,-71.82628851952538,-71.76136142689597,-71.69168911990151,-71.61807234422966,-71.54106158852433,-71.4610265815415,-71.37821007770823,-71.29276972085103,-71.20481151299163,-71.11441847070571,-71.02167733638869,-70.92670582610538,-70.82968335191498,-70.73088801097484,-70.63074234222391,-70.52987080175468,-70.42917136314912,-70.32990098179432,-70.233769150713,-70.14302027319322,-70.06045599862341,-69.98929617075177,-69.93271074637231,-69.89288269601639,-69.8700070579807,-69.86334324656798
2.904999999999949,-71.75680094641999,-71.84629351688723,-71.93351886054899,-71.99551676789162,-72.0288296017305,-72.03669844062136,-72.02386119795459,-71.99479646833375,-71.9532156781609,-71.90201002183419,-71.8433511776915,-71.77882906152381,-71.70958327007666,-71.6364145249544,-71.55987383337057,-71.48033183629187,-71.39803248494488,-71.31313482172797,-71.22574637879617,-71.13595176254147,-71.04383927697539,-70.94952805169197,-70.85319859233539,-70.75512952220474,-70.65574298782622,-70.55566164582993,-70.4557796009956,-70.35734700327728,-70.26206252084262,-70.17215446419533,-70.0904019019557,-70.01999490807016,-69.96406729956746,-69.92476339708057,-69.9022446359955,-69.89575150108107
2.909999999999949,-71.77157089930219,-71.86113412936795,-71.94840819623808,-72.01050255106927,-72.04397156901487,-72.05205187975679,-72.03947276480618,-72.01070447938498,-71.96945180106677,-71.91860116396452,-71.86032114569262,-71.79619988411712,-71.72737620053199,-71.6546507798967,-71.57857513006226,-71.4995207817083,-71.41773285631135,-71.33337176457687,-71.24654653509532,-71.15734332731905,-71.0658519677063,-70.9721929589344,-70.8765478604425,-70.77919578565012,-70.6805584611971,-70.58125673237346,-70.48218084889147,-70.38457420834162,-70.2901247645198,-70.20104492572932,-70.12009147691482,-70.05042515246762,-69.99514421124155,-69.95635504982098,-69.93418631558052,-69.92786026509955
2.914999999999949,-71.78627161016509,-71.8759047687492,-71.96322679742927,-72.0254164056047,-72.05903991934971,-72.06732955272044,-72.05500601120848,-72.0265312622145,-71.98560347324404,-71.93510434296981,-71.87719936076735,-71.81347488891194,-71.74506896748753,-71.67278223259692,-71.59716667525072,-71.51859469389625,-71.4373125543624,-71.35348200615081,-71.26721354145029,-71.17859483699034,-71.08771720359007,-70.9947024777513,-70.89973323418214,-70.80308904169166,-70.70519118078624,-70.60665867455468,-70.50837793196149,-70.41158565113746,-70.3179591806389,-70.22969521404877,-70.14952854417571,-70.08059098731145,-70.02594581292209,-69.98766220207257,-69.96583680750355,-69.95967433800143
2.919999999999949,-71.80090373817258,-71.89060609110575,-71.97797532322495,-72.0402590016653,-72.07403534178675,-72.08253217440988,-72.07046168397541,-72.04227760091302,-72.00167152094221,-71.95152043188378,-71.89398674729395,-71.83065505628501,-71.7626626121984,-71.69080999040791,-71.61564964804688,-71.53755482992264,-71.45677292095216,-71.37346698065464,-71.28774893281663,-71.19970793660491,-71.10943675016509,-71.01705850571302,-70.92275675592201,-70.82681149150392,-70.72964352176233,-70.6318700376921,-70.53437362237327,-70.4383843271901,-70.34556900324453,-70.25810881382716,-70.17871684572087,-70.11049641000746,-70.05647634311028,-70.01868930230872,-69.99720071826769,-69.99119841216496
2.9249999999999488,-71.81546793399869,-71.905238744191,-71.99265442441659,-72.0550310009642,-72.08895851663993,-72.09766045057889,-72.08584052026423,-72.0579442693046,-72.01765675944318,-71.9678502919827,-71.91068421701198,-71.84774135299702,-71.78015816122264,-71.70873514479052,-71.63402521034794,-71.55640242817722,-71.47611527763448,-71.3933281001899,-71.30815422003903,-71.22068424486214,-71.13101234411569,-71.03926290873197,-70.94562043322625,-70.8503652979259,-70.75391781699325,-70.65689334035933,-70.56017064058764,-70.46497317481487,-70.37295740313175,-70.28628913996391,-70.20766004687093,-70.14014533426781,-70.0867399497861,-70.04944070236557,-70.02828255301034,-70.02243707596756
2.9299999999999486,-71.82996483996001,-71.919803367565,-72.00726474361267,-72.06973305689081,-72.10381011562157,-72.11271507798206,-72.10114324773,-72.0735320311135,-72.03355999324283,-71.98409477298321,-71.92729266923928,-71.86473473243106,-71.7975566266835,-71.72655877160223,-71.65229450715623,-71.5751387087251,-71.49534092605394,-71.41306675518892,-71.32843089033445,-71.24152535464961,-71.15244569387389,-71.06131752173549,-70.96832623960995,-70.873752586309,-70.77801635800107,-70.68173105546255,-70.58577165657577,-70.49135507649314,-70.40012748940124,-70.31423953933906,-70.23636173825614,-70.16954159231061,-70.11674069283642,-70.07992066008133,-70.05908671831028,-70.05339481668892
2.9349999999999485,-71.84439509014594,-71.93430059272076,-72.02180691536411,-72.08436581463884,-72.11859080197603,-72.12769674451603,-72.11637058467727,-72.08904164012823,-72.04938201622905,-72.00025471323691,-71.94381299108451,-71.8816361348256,-71.81485900652555,-71.74428193137966,-71.67045866689072,-71.59376487365155,-71.51445114832772,-71.4326843148384,-71.34858040776321,-71.26223283356777,-71.1737384802048,-71.083224149321,-70.99087611527347,-70.89697544534198,-70.80194139589076,-70.70638561128796,-70.61117929100237,-70.51753286020947,-70.42708231097016,-70.34196329251688,-70.26482543772974,-70.19868893699353,-70.14648254640903,-70.11013334185323,-70.08961752490573,-70.0840760233205
2.9399999999999484,-71.85875931054645,-71.94873104320764,-72.03628156628757,-72.09892991133235,-72.13330123061057,-72.14260612935828,-72.13152324020837,-72.10447384036172,-72.06512361185594,-72.01633093992008,-71.96024605765501,-71.89844648750234,-71.83206628476506,-71.7619056696144,-71.68851880169166,-71.61228210739857,-71.53344720741826,-71.45218212749326,-71.36860421368873,-71.28280822444208,-71.19489235677835,-71.10498456639507,-71.01327196781872,-70.92003592785515,-70.82569514225504,-70.73085939252158,-70.63639611637683,-70.54350930075223,-70.45382485804087,-70.36946361540122,-70.29305459222508,-70.22759104388331,-70.17596940119468,-70.14008282511517,-70.11987919032703,-70.11448498928631
2.9449999999999483,-71.87305811917729,-71.96309533475299,-72.05068931518603,-72.1134259761487,-72.14794204822418,-72.15744390310337,-72.14660191436967,-72.11982936620889,-72.08078555331456,-72.03232426921981,-71.97659273226009,-71.91516670508952,-71.8491794317355,-71.77943101702286,-71.70647600771802,-71.63069157709366,-71.55233034749727,-71.47156152107999,-71.38850372722591,-71.30325304582225,-71.215908950726,-71.12660051879602,-71.0355156729464,-70.94293605160316,-70.84927977005489,-70.75515474124171,-70.6614246581732,-70.56928712097822,-70.48035806352823,-70.39674366084273,-70.32105257955904,-70.25625151326457,-70.20520506663964,-70.16977310073801,-70.14987584144534,-70.14462591507639
2.949999999999948,-71.88729212620301,-71.97739407538117,-72.06503077316783,-72.12785463044,-72.16251389343347,-72.17221072789624,-72.161607298294,-72.1351089426005,-72.0963686037001,-72.04823550651655,-71.9928538666106,-71.93179768974004,-71.86619940432689,-71.79685898980999,-71.72433136543832,-71.64899443287099,-71.57110179430117,-71.49082380349094,-71.4082803456789,-71.32356879246935,-71.23678986318399,-71.14807372390058,-71.05760907513543,-70.96567780002746,-70.87269741447697,-70.77927395788481,-70.68626739591964,-70.59486899304225,-70.50668480444645,-70.42380652020073,-70.34882271018215,-70.28467387208725,-70.23419327309071,-70.19920807535553,-70.17961151694209,-70.17450291079759
2.954999999999948,-71.90146193405756,-71.99162786553023,-72.0793065437625,-72.14221648785164,-72.1770173968965,-72.1869072575632,-72.17654007434083,-72.1503132851545,-72.11187351617603,-72.06406544656224,-72.00903030101375,-71.94834033134525,-71.88312714622063,-71.81419058992748,-71.74208593991516,-71.6671918081854,-71.58976275547818,-71.5099702629688,-71.4279354449682,-71.34375693583071,-71.25753666982277,-71.1694058712157,-71.07955398830526,-70.98826312299923,-70.89595017376857,-70.80321930218545,-70.71092676425829,-70.62025753959293,-70.53280790325773,-70.45065522485986,-70.37636822887812,-70.31286157585727,-70.2629376738754,-70.2283915736188,-70.20909016970056,-70.20411999864287
2.959999999999948,-71.91556813756272,-72.0057972981671,-72.0935172230356,-72.15651215443901,-72.19145318143418,-72.20153413774034,-72.19140091623386,-72.16544310032398,-72.1273010341344,-72.07981487365537,-72.02512286456417,-71.96479550774394,-71.8999635881189,-71.83142680532586,-71.75974078108277,-71.68528482011892,-71.60831442092756,-71.52900216848234,-71.4474703800474,-71.3638189245038,-71.27815092136379,-71.19059862295515,-71.1013521964615,-71.01069393754307,-70.91904011005052,-70.82699299409143,-70.73540515397663,-70.64545533493558,-70.55873012918272,-70.47729274770406,-70.40369231641357,-70.34081801047037,-70.29144184731891,-70.25732734038029,-70.23831566912196,-70.23348111528239
2.964999999999948,-71.92961132404432,-72.01990295889995,-72.10766339970078,-72.17074222878212,-72.20582186214955,-72.21609200599961,-72.20619048919548,-72.18049908554258,-72.14265189135355,-72.09548456181231,-72.04113237533087,-71.98116408492726,-71.91670964796901,-71.8485686102013,-71.77729692401898,-71.70327456968072,-71.62675796313073,-71.54792077009326,-71.46688648531048,-71.38375618468848,-71.29863414408308,-71.21165361460187,-71.1230054543242,-71.03297212854154,-70.94196925010904,-70.85059721465458,-70.75970491301094,-70.67046490616326,-70.58445419947442,-70.50372200454827,-70.43079809114023,-70.36854649399176,-70.31970929869968,-70.28601904281113,-70.26729180336986,-70.26259011417991
2.969999999999948,-71.94359207344617,-72.03394542608876,-72.12174565522966,-72.18490730209768,-72.2201240465447,-72.23058149197242,-72.22090945007913,-72.19548192936674,-72.15792681215218,-72.11107527493522,-72.05705964054049,-71.99744691723868,-71.9333662311832,-71.8656169652369,-71.79475538921075,-71.7211621420997,-71.64509453747483,-71.56672729931422,-71.48618507498828,-71.4035701206279,-71.31898784030274,-71.23257245545608,-71.14451548794123,-71.0550995494224,-70.96473958616677,-70.87403410689815,-70.78382834742283,-70.69528873425679,-70.6099827806566,-70.52994585552898,-70.45768861055025,-70.39605027838311,-70.34774346214688,-70.31447027245319,-70.29602228154434,-70.29145076783578
2.9749999999999477,-71.95751095844226,-72.04792527095415,-72.13576456396045,-72.19900795834977,-72.23436033463558,-72.24500321747098,-72.23555844749885,-72.21039231161531,-72.1731265115407,-72.12658776697626,-72.07290545675664,-72.01364484757059,-71.94993423085369,-71.88257281783888,-71.81211718281395,-71.73894860711127,-71.66332528256925,-71.58542296945878,-71.50536744353721,-71.42326211503999,-71.3392134888701,-71.2533567291701,-71.1658839952859,-71.07707802282765,-70.98735307663375,-70.8973057766605,-70.80777772234936,-70.719929255155,-70.63531848972775,-70.5559671064566,-70.48436687278699,-70.4233325511786,-70.37554770247944,-70.34268454720801,-70.32451073578827,-70.3200667699599
2.9799999999999476,-71.97136854454632,-72.06184305768383,-72.14972069320366,-72.21304477435781,-72.24853131906467,-72.25935779660726,-72.25013812195644,-72.22523090350654,-72.18825169536922,-72.1420227820988,-72.08867061005554,-72.02975870755613,-71.96641452796305,-71.89943710236756,-71.82938329690734,-71.75663501923675,-71.68145132055412,-71.60400897598285,-71.52443486601693,-71.44283352953694,-71.35931254562557,-71.27400799426948,-71.18711264683905,-71.09890934126568,-71.00981164683904,-70.92041429341789,-70.83155526292816,-70.74438886079524,-70.66046389533201,-70.58178851012832,-70.5108358181115,-70.45039643711145,-70.40312531699095,-70.37066531326505,-70.35276072332852,-70.34844173757642
2.9849999999999475,-71.98516539022003,-72.0756993435372,-72.16361460334669,-72.22701831990325,-72.2626375852116,-72.27364583591,-72.26464910596626,-72.2399983677923,-72.20330306047327,-72.15738105483562,-72.10435587619818,-72.04578931775725,-71.9828079915901,-71.91621074036308,-71.84655470974099,-71.77422241805735,-71.69947375740244,-71.62248649681884,-71.5433885984607,-71.46228570503617,-71.37928644385892,-71.29452778466174,-71.20820308615738,-71.12059526774678,-71.03211718974345,-70.94336169108439,-70.85516315519718,-70.76866990012627,-70.68542151889693,-70.6074127676044,-70.53709833032761,-70.47724499969242,-70.43047953718019,-70.39841594697089,-70.38077572845359,-70.37657921306277
2.9899999999999474,-71.99890204697881,-72.08949467894834,-72.17744684795618,-72.24092915783375,-72.27667971130194,-72.2878679344392,-72.27909202417767,-72.25469535888983,-72.21828129481585,-72.17266331024314,-72.11996202079906,-72.06173748784913,-71.99911547911151,-71.93289464076697,-71.86363238597933,-71.79171182848128,-71.71739368321505,-71.64085669270119,-71.56222987823598,-71.48161996216037,-71.39913659475422,-71.31491761013201,-71.22915693042665,-71.1421375364025,-71.05427156663349,-70.96614996879154,-70.878603546971,-70.79277468009312,-70.71019383574018,-70.63284252944847,-70.56315723816515,-70.50388124274258,-70.45761353043022,-70.42593975664168,-70.40855916443067,-70.40448266612547
2.9949999999999473,-72.01257905949574,-72.10322960762696,-72.19121797387854,-72.25477784416574,-72.29065826851348,-72.30202468389881,-72.29346749349503,-72.2693225230109,-72.23318707762749,-72.18787026405359,-72.1354897994912,-72.07760401680021,-72.01533783639937,-71.9494897001382,-71.88061727693884,-71.80910426100583,-71.73521217250914,-71.65912070748537,-71.58095992439708,-71.50083760162855,-71.4188643878246,-71.33517895682716,-71.24997577100198,-71.16353785308952,-71.07627660779808,-70.98878109164723,-70.90187854869359,-70.81670546659552,-70.73478327614605,-70.658080396933,-70.5890153166241,-70.53030811188036,-70.48453040163733,-70.45323998432019,-70.43611437536299,-70.43215549571408
2.999999999999947,-72.02619696570383,-72.11690466665746,-72.20492852133872,-72.26856492818534,-72.30457382108128,-72.31611666874716,-72.30777612319578,-72.28388049828855,-72.24802107954295,-72.20300262282348,-72.15093995808813,-72.09338969304922,-72.03147589801422,-71.9659968028651,-71.89751032082054,-71.82640071197278,-71.75293028450014,-71.67727966845901,-71.59957993802972,-71.51993990463805,-71.43847119133608,-71.35531328772753,-71.27066117393404,-71.18479789597797,-71.09813411318753,-71.01125699147529,-70.92499023426856,-70.84046448542072,-70.75919222641177,-70.68312892321082,-70.61467528828003,-70.55652849596578,-70.51123319479123,-70.48031980748003,-70.46344463799063,-70.45960103187647
3.004999999999947,-72.03975629689626,-72.1305203865964,-72.21857902403734,-72.28229095254706,-72.31842692640018,-72.33014446630541,-72.32201851504578,-72.29836991490126,-72.2627839627358,-72.21806108407934,-72.16631323274252,-72.10909529467797,-72.04753048739438,-71.98241682137262,-71.91431244293756,-71.84360216381876,-71.77054906337723,-71.69533468664605,-71.61809110258716,-71.53892813323695,-71.4579583527214,-71.37532204310737,-71.2912146804825,-71.20591931612492,-71.11984585305535,-71.03357956753538,-70.94794064186745,-70.86405392315062,-70.7834230298653,-70.70799061445378,-70.64013982455204,-70.58254522850244,-70.53772489450867,-70.50718234067801,-70.49055316343609,-70.48682253755649
3.009999999999947,-72.05325757782475,-72.14407729156814,-72.2321700092459,-72.29595645337113,-72.33221813512621,-72.34410864686411,-72.33619526341332,-72.31279139519528,-72.27747638105006,-72.23304633646075,-72.18161035010166,-72.12472158958101,-72.0635024170412,-71.99875061632524,-71.93102455593764,-71.86070958531984,-71.7880695385728,-71.71328685710391,-71.63649458421894,-71.55780353068812,-71.47732719898416,-71.39520664098438,-71.31163780761686,-71.22690373803408,-71.14141356858485,-71.05575068722447,-70.97073177471648,-70.88747592804499,-70.8074779878556,-70.73266793095993,-70.66541154693508,-70.60836108899846,-70.56400842752109,-70.53383063715665,-70.51744309889612,-70.51382321033616
3.014999999999947,-72.06670132679639,-72.15757589935873,-72.24570199790038,-72.30956196033874,-72.34594799127515,-72.35800977378757,-72.35030695537989,-72.32714555380379,-72.29209898012938,-72.24795905986025,-72.19683202745972,-72.1402693356318,-72.07939248870055,-72.01499903682564,-71.94764756002117,-71.87772393183089,-71.80549272502591,-71.73113725921418,-71.65479153209175,-71.57656732182463,-71.4965790370929,-71.4149684775577,-71.33193204850484,-71.24775276020084,-71.16283897249835,-71.07777218675999,-70.99336560186299,-70.91073261090091,-70.83135936071517,-70.7571632882295,-70.69049302819668,-70.63397880428853,-70.59008666411891,-70.5602676903988,-70.54411752928253,-70.54060618412487
3.0199999999999467,-72.08008805576867,-72.1710167215084,-72.2591755046933,-72.32310799678585,-72.35961703232032,-72.37184840361671,-72.36435417085022,-72.34143299776483,-72.30665239754397,-72.26279992556104,-72.21197897290726,-72.15573928084538,-72.09520149354053,-72.03116292060912,-71.96418234315418,-71.89464614551973,-71.82281962343993,-71.74888695696649,-71.67298307870313,-71.59522071339683,-71.51571515436618,-71.4346089276363,-71.35209887298902,-71.268467955644,-71.18412374965195,-71.09964587184561,-71.01584405892152,-70.93382604588909,-70.85506936869714,-70.78147905801117,-70.71538679354009,-70.65940104981692,-70.61596241955259,-70.58649643563555,-70.57057947881272,-70.56717453079628
3.0249999999999466,-72.09341827044283,-72.18440026340225,-72.27259103816418,-72.33659507979553,-72.37322578928814,-72.38562508616982,-72.37833748265935,-72.35565432663626,-72.32113726291486,-72.27756959637138,-72.22705188547744,-72.1711321635378,-72.1109302123256,-72.04724309423402,-71.980629781277,-71.91147715559609,-71.84005122053433,-71.7665369992362,-71.69107034018822,-71.6137648944117,-71.53473681884854,-71.45412934505607,-71.37213972805145,-71.28905087242431,-71.2052695576151,-71.12137351831987,-71.03816904880021,-70.95675827136819,-70.87861019288637,-70.80561756931928,-70.74009532173447,-70.68463045088413,-70.64163845539291,-70.6125197513087,-70.59683191255237,-70.59353126177568
3.0299999999999465,-72.10669247035518,-72.1977270243592,-72.28594910078803,-72.35002372028804,-72.3867747868521,-72.39934036464152,-72.3922574566779,-72.36981013260892,-72.3355541980359,-72.29226872675693,-72.24205145528974,-72.18644871248242,-72.12657941558696,-72.06324037326819,-71.99699073850866,-71.92821787853596,-71.85718848929143,-71.78408842005585,-71.70905441661901,-71.63220103646371,-71.55364527967753,-71.4735310630876,-71.3920560382672,-71.30950303415017,-71.22627802723531,-71.14295687278799,-71.06034244240882,-70.97953129067704,-70.9019839760859,-70.82958110942288,-70.76462104621297,-70.7096695838574,-70.66711748085113,-70.63834046048987,-70.62287773791105,-70.61967932957876
3.0349999999999464,-72.1199111489676,-72.21099749771962,-72.29925018906297,-72.36339442311,-72.400264543425,-72.4129947756999,-72.40611465191591,-72.38390100061777,-72.34990381699359,-72.30689796297037,-72.2569783636907,-72.20168964706338,-72.14214986379004,-72.0791555624716,-72.01326606734668,-71.9448692183007,-71.87423238919702,-71.80154223888047,-71.7269363922973,-71.65053029405881,-71.57244176744202,-71.49281539483398,-71.41184920624703,-71.32982594047078,-71.24715076318886,-71.16439765323778,-71.08236607934778,-71.00214707290648,-70.92519282367971,-70.85337192480772,-70.78896635614034,-70.73452097734652,-70.69240215406097,-70.6639613322578,-70.64871980609357,-70.64562162930419
3.0399999999999463,-72.1330747937559,-72.22421217093165,-72.31249479359573,-72.37670768712165,-72.41369557124963,-72.42658884958226,-72.4199096206242,-72.39792750845062,-72.36418672628434,-72.32145794317833,-72.27183328339164,-72.21685567742529,-72.15764230749782,-72.09498945597528,-72.02945660886293,-71.96143206655174,-71.8911838664764,-71.81889946084699,-71.74471733604064,-71.66875380493032,-71.59112749453243,-71.51198363361927,-71.43152061306913,-71.35002106755742,-71.26788934451788,-71.18569754963987,-71.1042417685796,-71.02460755365044,-70.9482388044721,-70.87699222211153,-70.81313359745016,-70.75918711334594,-70.71749508332245,-70.68938508303424,-70.67436091350702,-70.6713610000805
3.044999999999946,-72.1461838862964,-72.2373715256353,-72.32568339918603,-72.38996400528278,-72.42706837648802,-72.44012311018862,-72.43364290839433,-72.41189022685538,-72.37840352492996,-72.33594929758628,-72.28661687860424,-72.23194750462063,-72.17305748753125,-72.11074283745623,-72.0455631928951,-71.97790730286069,-71.9080438543249,-71.83616107702822,-71.76239830146223,-71.68687269034795,-71.6097036554826,-71.53103705336777,-71.45107161870065,-71.37008986857249,-71.28849532515373,-71.20685822453235,-71.12597128908287,-71.04691463573704,-70.97112395150427,-70.90044416903362,-70.8371250738533,-70.78367042834422,-70.74239882831016,-70.71461437788047,-70.69980380312606,-70.69690022646971
3.049999999999946,-72.15923890235186,-72.25047603774594,-72.33881648490939,-72.40316386473705,-72.44038345930875,-72.45359807517411,-72.44731505425653,-72.42578971964478,-72.39255480459074,-72.35037264856096,-72.30132980517324,-72.24696582075417,-72.18839613512672,-72.12641648030932,-72.06158663823469,-71.99429579491495,-71.92481327313371,-71.85332806468088,-71.77998032724435,-71.70488805541987,-71.62817142730384,-71.54997690897413,-71.47050356240898,-71.39003377412759,-71.30897023442773,-71.22788131359114,-71.14755639048961,-71.06907018994086,-70.99385026284958,-70.9237298952201,-70.86094304781817,-70.80797331440216,-70.76711590124665,-70.73965183175596,-70.7250511658175,-70.72224203982883
3.054999999999946,-72.17224031195512,-72.2635261775358,-72.35189452419846,-72.41630774689487,-72.45364131397316,-72.46701425603936,-72.46092659077595,-72.43962654379983,-72.40664114967639,-72.36472861075008,-72.31597271070638,-72.26191130912413,-72.20365897208987,-72.14201114781532,-72.07752775281044,-72.01059839871888,-71.94149303071067,-71.87040138748844,-71.7974644374058,-71.72280098938765,-71.64653196981115,-71.56880443666509,-71.48981776316322,-71.40985419273004,-71.32931557756888,-71.24876842618569,-71.16899879370584,-71.09107605567657,-71.01641970238693,-70.94685149312427,-70.88458974152367,-70.83209812020016,-70.79164876804109,-70.7645000107397,-70.75010564162537,-70.74738911963026
3.059999999999946,-72.18518857949154,-72.2765224097143,-72.36491798492307,-72.42939612751485,-72.46684242891973,-72.48037215821941,-72.47447804414716,-72.4534012495707,-72.42066313745512,-72.37901779120037,-72.33054623470218,-72.27678464436099,-72.21884671094679,-72.15752759330537,-72.09338733386845,-72.02681595879093,-71.95808402249631,-71.88738199579849,-71.81485164156307,-71.74061256591452,-71.664786425942,-71.58752085435238,-71.50901552002611,-71.429552511219,-71.34953283618962,-71.26952114592063,-71.19030019151674,-71.11293404167394,-71.038834200554,-70.96981101884414,-70.90806733778577,-70.85604715205595,-70.81599984939619,-70.78916143321601,-70.77496982101793,-70.77234409474326
3.0649999999999458,-72.19808416378011,-72.28946519350691,-72.377887329469,-72.44242947678408,-72.4799872868473,-72.49367228117116,-72.48796993428714,-72.46711438057636,-72.43462133816051,-72.39324078947307,-72.34505100867524,-72.29158649256361,-72.23396005509166,-72.17296656032256,-72.10916616814848,-72.04294930835658,-71.97458713177544,-71.90427082685531,-71.83214293518635,-71.75832384336758,-71.68293592206794,-71.6061273619779,-71.52809811253675,-71.4491300951906,-71.36962346875937,-71.29014103116418,-71.2114622491759,-71.13464592663595,-71.06109565508025,-70.99261049293702,-70.93137798095849,-70.87982267491365,-70.84017152188233,-70.81363857102582,-70.79964624609819,-70.79710954467703
3.0699999999999457,-72.21092751815328,-72.30235498273292,-72.39080301481502,-72.45540825939665,-72.49307636479655,-72.50691511845915,-72.50140277492635,-72.48076647390215,-72.44851631509671,-72.40739819775742,-72.35948765627897,-72.30631751143243,-72.24899969893235,-72.18832878278029,-72.12486503205677,-72.05899926953715,-71.9910032298841,-71.92106880502682,-71.84933929984943,-71.77593586509329,-71.70098156829894,-71.6246251418504,-71.54706680108433,-71.46858828941328,-71.38958891106678,-71.31062961556287,-71.23248660497991,-71.15621345987933,-71.08320593170063,-71.01525190121225,-70.95452377780988,-70.9034269133051,-70.86416611898176,-70.837933850584,-70.82413741177811,-70.82168800078678
3.0749999999999456,-72.22371909053511,-72.31519222588143,-72.40366549260924,-72.46833293463123,-72.50611013423051,-72.52010115784019,-72.51477707369848,-72.49435806019562,-72.46234862474141,-72.42149060098185,-72.37385679342613,-72.32097835040042,-72.26396632803235,-72.20361498511683,-72.14048469183494,-72.07496665353489,-72.00733317641229,-71.93777684202716,-71.8664417034742,-71.79344965968681,-71.71892445878088,-71.64301535897471,-71.56592282727259,-71.48792841823281,-71.4094305766705,-71.33098840854421,-71.2533748708283,-71.1776383619588,-71.10516686485045,-71.03773719550254,-70.97750679837426,-70.92686205228411,-70.88798593210241,-70.8620496539649,-70.84844576691908,-70.8460819474449
3.0799999999999454,-72.23645932351816,-72.32797736618656,-72.4164752092436,-72.48120395642697,-72.51908906111309,-72.5332308813458,-72.52809333222832,-72.50788966376079,-72.4761188168472,-72.43551857692337,-72.38815902840715,-72.33556965076126,-72.27886061925032,-72.21882588244749,-72.15602590372592,-72.09085226081413,-72.02357781940233,-71.95439583713447,-71.88345110056996,-71.81086624125571,-71.73676567198619,-71.66129916137307,-71.58466741427625,-71.50715178596782,-71.42914985733864,-71.35121889580586,-71.27412863276908,-71.19892232527495,-71.12698025834172,-71.06006829441421,-71.00032907678042,-70.95013023833462,-70.91163321156326,-70.88598831995625,-70.87257371543866,-70.87029382317674
3.0849999999999453,-72.24914865443937,-72.34071084170108,-72.42923260592755,-72.4940217734586,-72.53201360598696,-72.54630476536416,-72.5413520462185,-72.52136180265049,-72.48982743454089,-72.44948269631476,-72.4023949620061,-72.35009204579517,-72.2936832408767,-72.2339621807134,-72.17148941413633,-72.10665688127865,-72.03973799554299,-71.97092667740363,-71.90036843246727,-71.82818660967719,-71.7545062709982,-71.67947768039936,-71.6033017671891,-71.52625967729608,-71.44874812347865,-71.37132253979394,-71.29474945153117,-71.22006701466692,-71.14864788602222,-71.08224708405812,-71.02299261205837,-70.97323358025403,-70.93511016755163,-70.90975214508266,-70.89652361738516,-70.89432602176386
3.0899999999999452,-72.26178751545436,-72.35339308536892,-72.44193811876009,-72.50678682920977,-72.5448842240496,-72.55932328071992,-72.55455370553425,-72.53477498875733,-72.50347501442111,-72.46338352294987,-72.41656518761471,-72.36454616089254,-72.3084348527681,-72.24902457682758,-72.1868759597956,-72.12238129444552,-72.05581453035983,-71.98737023787484,-71.91719462754729,-71.84541175085056,-71.77214730378901,-71.69755203104624,-71.62182707336359,-71.5452533576311,-71.46822672455536,-71.39130078016834,-71.31523886304258,-71.24107406798946,-71.17017149241703,-71.10427541876052,-71.04549936892279,-70.99617415001104,-70.95841897105339,-70.9333433845998,-70.92029778998098,-70.91818089331446
3.094999999999945,-72.2743763336104,-72.36602452509638,-72.45459217880102,-72.51949956204533,-72.55770136522816,-72.5722868927531,-72.56769879428707,-72.54812972790302,-72.5170620866543,-72.47722161378692,-72.43067029134393,-72.37893261367495,-72.32311610647876,-72.26401375881802,-72.20218626791184,-72.13802626961538,-72.07180823840129,-72.00372738177781,-71.93393060146543,-71.86254263694332,-71.78968980349086,-71.71552331224487,-71.64024450274296,-71.56413407349042,-71.48758698950013,-71.41115503425746,-71.3355983789362,-71.26194509667545,-71.19155279335321,-71.12615512175498,-71.06785127853638,-71.01895398358089,-70.98156175475707,-70.95676425346049,-70.94389850863615,-70.94186074530327
3.099999999999945,-72.28691553091872,-72.37860558382245,-72.46719521214075,-72.5321604052827,-72.5704654742534,-72.58519606139623,-72.58078779091679,-72.5614265199259,-72.53058917506881,-72.49099751905024,-72.4447108521338,-72.39325201411387,-72.3377276453893,-72.27893040596777,-72.21742105632481,-72.1535925660393,-72.08771992342116,-72.01999896073126,-71.95057725737074,-71.87958022663223,-71.80713478866183,-71.7333926071581,-71.65855520818538,-71.58290305285499,-71.50683022710973,-71.43088669750158,-71.35582948704307,-71.28268168628425,-71.21279347656879,-71.14788798585658,-71.09005023925181,-71.04157508175685,-71.00454061393248,-70.98001692725265,-70.96732800793203,-70.96536784358064
3.104999999999945,-72.29940552442469,-72.39113667958742,-72.47974763996893,-72.5447697872616,-72.583176990732,-72.59805124125076,-72.59382116827224,-72.57466585876729,-72.54405679724742,-72.50471178232952,-72.45868744186095,-72.4075049646475,-72.35227010483352,-72.29377518895271,-72.23258103365559,-72.16908093308214,-72.10355037855719,-72.03618581493879,-71.96713548612047,-71.89652546533925,-71.8244832635455,-71.75116098346716,-71.67676032578085,-71.60156150551987,-71.52595772643556,-71.45049714388541,-71.37593365187297,-71.30328539703582,-71.2338952023054,-71.16947577411747,-71.11209811733391,-71.06403941093961,-71.02735760728507,-71.00310354311131,-70.99058848257746,-70.98870441335306
3.109999999999945,-72.31184672627782,-72.403618225601,-72.49224987864234,-72.55732813141304,-72.59583634921775,-72.61085288166151,-72.60679939369044,-72.58784823255588,-72.5574654646181,-72.51836494067796,-72.47260062544446,-72.42169206029507,-72.36674411222239,-72.30854876997645,-72.24766689945358,-72.18449211038268,-72.11930038650598,-72.0522887733801,-71.98360616648992,-71.91337928546213,-71.84173621832501,-71.76882949365162,-71.69486097516065,-71.62011062343727,-71.54497075716382,-71.46998772636002,-71.39591231508349,-71.3237577643317,-71.25485960388598,-71.19092022046581,-71.13399674766279,-71.0863489039052,-71.05001475778622,-71.02602620060424,-71.01368208833692,-71.01187264013515
3.1149999999999447,-72.32423954379983,-72.41605063030885,-72.50470233975102,-72.56983585632673,-72.60844397928163,-72.62360142679049,-72.61972292907475,-72.60097412369124,-72.57081568254337,-72.53195752470835,-72.48645096094954,-72.4358138887691,-72.38115028716594,-72.32325180290248,-72.26267934434038,-72.1998268280106,-72.13497071969438,-72.06830865399864,-71.99999016537807,-71.93014260660009,-71.85889462937118,-71.78639917526333,-71.71285825980013,-71.63855158105125,-71.56387056998679,-71.48935977725485,-71.41576689593713,-71.34410029926256,-71.27568828827751,-71.21222303032775,-71.15574793441748,-71.10850546055163,-71.07251405348028,-71.04878696259314,-71.03661094293297,-71.03487467067437
3.1199999999999446,-72.33658437955205,-72.42843429745814,-72.51710543018386,-72.58229337581784,-72.62100030558089,-72.63629731568896,-72.63259223097123,-72.61404400892538,-72.58410795040794,-72.54549005868735,-72.50023899968944,-72.44987103058575,-72.39548924159264,-72.33788493338396,-72.27761905015093,-72.21508580662046,-72.15056214044759,-72.08424626388529,-72.01628833800874,-71.94681633577473,-71.87595945948563,-71.80387105119404,-71.73075326731399,-71.65688553562461,-71.58265839696502,-71.50861460867957,-71.43549879174768,-71.36431448910332,-71.29638283663957,-71.23338588123289,-71.177353451742,-71.13051094862583,-71.09485744827012,-71.07138785607036,-71.05937712692229,-71.05771261384929
3.1249999999999445,-72.3488816314014,-72.44076962616218,-72.52945955219293,-72.59470109899242,-72.63350574792662,-72.6489409823687,-72.64540775064422,-72.62705835944304,-72.5973427617048,-72.55896306062817,-72.51396528632543,-72.4638640591729,-72.40976157986664,-72.35244879899115,-72.29248669007193,-72.23026975760202,-72.16607540115338,-72.10010239945808,-72.03250152812765,-71.96340136764616,-71.89293165813838,-71.8212461299373,-71.74854706974543,-71.67511362755853,-71.60133545188107,-71.52775351291635,-71.45510937831529,-71.38440179779562,-71.31694480485842,-71.25441042340458,-71.19881504439337,-71.15236720443028,-71.1170468626801,-71.09383087297222,-71.08198268454758,-71.08038854154267
3.1299999999999444,-72.36113169258572,-72.45305701096392,-72.54176510345678,-72.60705943031172,-72.64596072135036,-72.66153285587181,-72.65816993415017,-72.64001764094095,-72.61052060411997,-72.57237704238176,-72.52763035896511,-72.47779354097639,-72.42396789890282,-72.36694402933591,-72.30728292877745,-72.24537938322842,-72.18151124442332,-72.1158778466383,-72.04863056819498,-71.97989858472454,-71.90981216170022,-71.8385254058443,-71.76624072384843,-71.69323698070468,-71.61990293058508,-71.54677776280275,-71.47460001035085,-71.4043636664184,-71.33737572406794,-71.27529828033433,-71.22013442837269,-71.17407603351089,-71.13908418459859,-71.11611797096987,-71.10442962456533,-71.10290448948949
3.1349999999999443,-72.37333495177741,-72.46529684189824,-72.55402247714264,-72.61936876965562,-72.65836563617003,-72.67407336033955,-72.67087922241046,-72.65292231370502,-72.62364195961558,-72.58573250972611,-72.54123474925879,-72.49166003556421,-72.43810878827962,-72.38137124619442,-72.32200842256219,-72.26041537680088,-72.19687040325103,-72.13157338102324,-72.06467627957454,-71.99630885757706,-71.92660189367028,-71.85570985937437,-71.78383527136401,-71.71125670267023,-71.63836201133246,-71.5656886121057,-71.49397202189057,-71.42420151364695,-71.3576771011574,-71.2960510493416,-71.24131329153914,-71.1956392113265,-71.16097127000025,-71.1382510742381,-71.1267199210501,-71.12526245810079
3.139999999999944,-72.38549179314657,-72.47748950455357,-72.56623206196778,-72.63162951238496,-72.67072089805384,-72.6865629150798,-72.68353605128307,-72.66577283268711,-72.63670730451172,-72.59902996245437,-72.55477898249423,-72.50546409572901,-72.45218483035009,-72.39573106362735,-72.3366638194719,-72.27537842279074,-72.21215360116672,-72.14718976805507,-72.08063947271852,-72.0126330450307,-71.94330176489846,-71.87280045733971,-71.80133173928999,-71.7291738851157,-71.6567138551131,-71.58448729588603,-71.51322672669978,-71.44391673620022,-71.37785041926597,-71.31667030211928,-71.26235329420854,-71.21705848390016,-71.18270994364832,-71.16023207420288,-71.14885551417669,-71.14746441326515
3.144999999999944,-72.3976025964229,-72.48963538013221,-72.57839424225966,-72.64384204940269,-72.6830269080842,-72.69900193463377,-72.69614085163298,-72.67856964757964,-72.64971710956658,-72.61226989446077,-72.5682635776897,-72.5192062675883,-72.4661966003503,-72.41002408809766,-72.3512497594313,-72.2902691969787,-72.2273615523889,-72.16272776318645,-72.09652094734852,-72.02887199437045,-71.95991267380317,-71.88979815314485,-71.81873114014483,-71.74698960404645,-71.67495960597351,-71.60317503085514,-71.53236541866788,-71.46351070927761,-71.39789713826512,-71.33715758526483,-71.28325606973556,-71.23833556845331,-71.20430199977825,-71.18206283026852,-71.17083831098024,-71.1695122871269
3.149999999999944,-72.4096677369565,-72.50173484550987,-72.59050939801539,-72.65600676721444,-72.69528406281995,-72.71139082884122,-72.7086940494013,-72.69131320288959,-72.66267184005552,-72.62545279382584,-72.58168904768542,-72.53288709068347,-72.48014466650625,-72.42425091858614,-72.36576687436978,-72.30508836659136,-72.24249496197325,-72.17818811204287,-72.11232149263299,-72.04502654153369,-71.97643550658472,-71.90670388702112,-71.83603447222572,-71.76470492009736,-71.69310039133157,-71.6217530157227,-71.55138937219279,-71.48298478698452,-71.41781869522903,-71.35751442079832,-71.30402322508124,-71.2594721540229,-71.22574920276257,-71.20374517052453,-71.19267018609571,-71.19140797884326
3.154999999999944,-72.42168758577803,-72.51378827329438,-72.60257790496006,-72.66812404798777,-72.70749275435784,-72.72373000290494,-72.72119606567337,-72.70400393801091,-72.67557195584884,-72.6385791428996,-72.59505589923326,-72.54650709807649,-72.49402959013867,-72.43841214670525,-72.38021578834463,-72.31983659043514,-72.25755452595828,-72.19357155058168,-72.12804188736105,-72.06109751130043,-71.99287113743357,-71.92351858625561,-71.85324271986103,-71.78232087881084,-71.71113732228346,-71.64022243153644,-71.57029984255703,-71.50234030274805,-71.43761650489304,-71.37774230666689,-71.32465634136553,-71.28046990206242,-71.2470532877578,-71.22528089243359,-71.21435298247643,-71.21315335532007
3.1599999999999437,-72.4336625096574,-72.5257960318828,-72.61460013460406,-72.68019426961057,-72.71965337039279,-72.73601985745402,-72.7336473167457,-72.71664228729583,-72.68841791148769,-72.65164941838346,-72.60836463308492,-72.56006681644504,-72.50785192576586,-72.4525083568103,-72.39459711766173,-72.33451451902751,-72.27254093150835,-72.2088788052477,-72.14368290011258,-72.07708571747952,-72.00922042873474,-71.94024316541577,-71.8703568536569,-71.7998385109091,-71.72907149390417,-71.65858444201396,-71.58909806629453,-71.52157856972207,-71.45729196010078,-71.39784271723647,-71.34515697440546,-71.3013304470268,-71.26821596133448,-71.24667176350061,-71.23588851209325,-71.2347502519275
3.1649999999999436,-72.4455928711619,-72.53775848551861,-72.62657645429975,-72.69221780574864,-72.73176629427753,-72.74826078860602,-72.7460482141918,-72.72922868012486,-72.70121015625932,-72.66466409141069,-72.62161574407865,-72.57356676617611,-72.52161222120478,-72.46654012610887,-72.4089114709943,-72.34912279472597,-72.28745485705372,-72.22411059312628,-72.15924528942502,-72.09299196309081,-72.02548423126758,-71.95687852656842,-71.88737783073876,-71.81725883256013,-71.746903985541,-71.67684019386688,-71.60778526154861,-71.54070088118293,-71.4768464322403,-71.41781710377144,-71.36552665523986,-71.32205539694232,-71.2892389020899,-71.26791952192367,-71.25727855661468,-71.25620047319589
3.1699999999999435,-72.45747902871341,-72.54967599434725,-72.63850722729713,-72.70419502590221,-72.743831905081,-72.76045318802832,-72.75839916492698,-72.74176354097587,-72.7139491342708,-72.67762362762574,-72.6348097212244,-72.58700746145774,-72.53531101767007,-72.48050802476813,-72.42315944949907,-72.36366205185413,-72.30229697242801,-72.2392676220927,-72.17472980395657,-72.108817040544,-72.04166338440142,-71.9734255594949,-71.90430659498723,-71.83458284563733,-71.76463586109993,-71.69499081711724,-71.62636262842165,-71.55970851091517,-71.49628127166939,-71.43766689490162,-71.38576689064011,-71.3426463339612,-71.31012376124465,-71.28902587722732,-71.27852486806776,-71.27750579349211
3.1749999999999434,-72.46932133664441,-72.56154891447116,-72.65039281279843,-72.71612629546154,-72.75585057764586,-72.77259744299839,-72.77070057127197,-72.7542472894917,-72.72663528452131,-72.69052848726164,-72.64794704778728,-72.60038941036923,-72.54894884987166,-72.49441261602026,-72.4373416469306,-72.37813291682592,-72.31706793900288,-72.25435059095908,-72.19013718264667,-72.12456173181374,-72.05775871628728,-71.98988514190103,-71.92114407726942,-71.8518115379743,-71.78226816932639,-71.71303742540688,-71.64483134931628,-71.57860271358823,-71.51559780813027,-71.45739349707792,-71.40587916360792,-71.36310481490193,-71.33087216322367,-71.3099925108793,-71.2996291694822,-71.29866795767873
3.1799999999999433,-72.48112014525344,-72.5733775980037,-72.66223356601219,-72.72801197576189,-72.76782268264525,-72.78469393646313,-72.78295283101586,-72.7666803405471,-72.73926904097354,-72.70337912521678,-72.66102820137002,-72.61371311496963,-72.56252624611025,-72.5082544562658,-72.45145864975335,-72.39253600826693,-72.33176840982024,-72.26936018961807,-72.20546815487245,-72.14022680861063,-72.07377104404532,-72.00625813962277,-71.93789119566456,-71.86894588361301,-71.79980194407895,-71.73098111629965,-71.66319258926907,-71.59738472512409,-71.53479735115458,-71.47699829501671,-71.4258649338609,-71.38343237177598,-71.35148570622168,-71.33082107689023,-71.32059315551595,-71.31968868175365
3.184999999999943,-72.49287580085935,-72.58516239312239,-72.67402983820625,-72.73985242413745,-72.77974858663849,-72.79674304709702,-72.79515633747731,-72.77906310431403,-72.75185083262382,-72.71617599112986,-72.67405365399351,-72.62697907138484,-72.5760437283712,-72.52203409517526,-72.46551103725146,-72.40687193713377,-72.34639902972167,-72.28429709918409,-72.22072344060267,-72.15581303254949,-72.08970117394864,-72.02254540682785,-71.95454885568537,-71.88598684304738,-71.81723820459725,-71.74882297157656,-71.68144749627594,-71.61605576305612,-71.55388119045807,-71.49648265213304,-71.44572563830522,-71.4036305122999,-71.37196596275358,-71.3515132023977,-71.34141849306478,-71.34056965347366
3.189999999999943,-72.5045886458549,-72.59690364412131,-72.68578197675991,-72.75164799397426,-72.79162865212601,-72.80874514935991,-72.80731147956557,-72.79139598632618,-72.76438108357077,-72.72891952945373,-72.68702387217641,-72.64018776989313,-72.58950181241704,-72.53575207578893,-72.47949938163705,-72.42114130683129,-72.36096043547586,-72.29916199213152,-72.2359037505485,-72.17132115531368,-72.1055499016032,-72.03874778621255,-71.97111795049425,-71.9029353634608,-71.83457795576365,-71.76656405752438,-71.69959720161006,-71.63461702687925,-71.57285059632585,-71.51584791096259,-71.46546269149657,-71.42370072039562,-71.39231448019122,-71.3720704882347,-71.36210682185498,-71.36131253296068
3.194999999999943,-72.51625901875954,-72.60860169146267,-72.69749032521551,-72.7633990347627,-72.8034632376032,-72.82070061355314,-72.81941864183993,-72.80367938754262,-72.77686021308337,-72.74161017952812,-72.69993931701293,-72.6533396950091,-72.6029010078778,-72.54940893461462,-72.4934242481558,-72.43534471332707,-72.37545325590295,-72.31395553243014,-72.25100978631109,-72.18675191881636,-72.121318012124,-72.054866109195,-71.98759936111512,-71.91979237895907,-71.85182218835949,-71.78420542521745,-71.71764282013264,-71.65306969839223,-71.59170681998842,-71.5350953935742,-71.48507748608964,-71.44364445667655,-71.41253278128524,-71.3924945094831,-71.38265975502063,-71.38191895329189
3.199999999999943,-72.52788725427139,-72.62025687182746,-72.70915522332895,-72.77510589214884,-72.81525269761383,-72.8326098058755,-72.83147820456874,-72.81591370441002,-72.7892886356674,-72.75424837565104,-72.71280044424975,-72.66643532556624,-72.6162418183403,-72.56300520172388,-72.50728619519123,-72.44948274526462,-72.38987811199718,-72.32867837567848,-72.26604224052645,-72.20210605535844,-72.13700628030779,-72.07090119610406,-72.00399395664081,-71.93655881079785,-71.86897187931542,-71.80174811079347,-71.73558545059639,-71.6714149420314,-71.61045109398857,-71.55422640197162,-71.50457139327632,-71.46346315892252,-71.43262236467416,-71.41278681601273,-71.40307887966543,-71.4023905210739
3.204999999999943,-72.53947368331804,-72.63186951816552,-72.72077700711948,-72.78676890798515,-72.82699738280213,-72.84447308847773,-72.84349054378683,-72.82809932892418,-72.80166676113099,-72.7668345471488,-72.7256077043613,-72.67947513479821,-72.62952474143535,-72.57654140084651,-72.52108577436672,-72.46355598407354,-72.40423561704658,-72.34333116923379,-72.28100179700732,-72.21738428778342,-72.15261547080198,-72.08685385636417,-72.02030259443534,-71.9532355676054,-71.8860279919559,-71.8191931357226,-71.75342617594163,-71.68965390519674,-71.62908463253953,-71.57324221848553,-71.52394576321274,-71.48315824254155,-71.45258470537979,-71.43294893300603,-71.42336575740953,-71.42272881700205
3.2099999999999427,-72.55101863310706,-72.64343995974474,-72.73235600891893,-72.7983884203803,-72.83869763996444,-72.85629081951642,-72.85545603135257,-72.84023664869022,-72.81399499464925,-72.7793691184454,-72.73836154262388,-72.69245959041832,-72.6427502689239,-72.59001804946321,-72.53482353064577,-72.47756500407826,-72.41852637675095,-72.35791455234036,-72.29588913088244,-72.23258732962897,-72.16814633827057,-72.10272488867696,-72.03652612033325,-71.96982354560055,-71.90299147623907,-71.83654150707103,-71.77116606358652,-71.70778771857057,-71.64760863187445,-71.59214410615606,-71.54320192543588,-71.50273110102079,-71.47242125529033,-71.45298236146935,-71.44352192492218,-71.44293539640455
3.2149999999999426,-72.56252242717551,-72.6549685221994,-72.74389255741991,-72.8099647637484,-72.85035381210001,-72.86806335320732,-72.86737503500392,-72.85232604698231,-72.82627373682749,-72.79185250912991,-72.75106239918853,-72.70538915469812,-72.65591888678136,-72.60343565889679,-72.54850000243059,-72.49151037260482,-72.43275098933738,-72.37242915625478,-72.3107049087332,-72.24771588527582,-72.18359962755622,-72.1185150811983,-72.05266536883336,-71.98632362880595,-71.91986326899071,-71.85379421775842,-71.78880616570972,-71.72581749642833,-71.66602427058766,-71.610933309106,-71.56234118926987,-71.52218310636566,-71.49213344363076,-71.47288857873087,-71.46354889444042,-71.46301178977252
3.2199999999999425,-72.57398538543862,-72.66645552757797,-72.75538697772353,-72.82149826885738,-72.86196623846081,-72.87979103987712,-72.8792479184133,-72.86436790280194,-72.83850338376365,-72.8042851340238,-72.76371070915272,-72.71826428454418,-72.66903107528053,-72.61679473440158,-72.5621157216587,-72.50539265008526,-72.44691004567366,-72.386875604369,-72.32544978872708,-72.26277065009349,-72.19897607383952,-72.13422521171245,-72.06872116328947,-72.00273668925655,-71.9366442941333,-71.87095224680934,-71.8063475195272,-71.74374433694278,-71.6843327099678,-71.62961105290492,-71.5813648442222,-71.54151560952816,-71.51172267742145,-71.49266903892557,-71.48344815427413,-71.482959503276
3.2249999999999424,-72.58540782423766,-72.67790129439008,-72.76683959138602,-72.83298926287637,-72.87353525460063,-72.89147422601518,-72.89107504124188,-72.87636259093553,-72.85068432710982,-72.81666740324617,-72.77630690263072,-72.73108543157412,-72.68208730907322,-72.63009577525136,-72.57567121389786,-72.51921239016039,-72.4610041293794,-72.40125451233125,-72.34012442074926,-72.27775231058312,-72.21427640279468,-72.14985604780237,-72.08469431609659,-72.01906358720416,-71.95333546291039,-71.88801655959985,-71.8237911475626,-71.76156932248054,-71.70253509432348,-71.648178544925,-71.60027416037047,-71.56072994082439,-71.53119034192525,-71.51232517346801,-71.50322116929803,-71.50278001926667
3.2299999999999423,-72.59679005638746,-72.68930613765271,-72.7782507164651,-72.84443806942272,-72.88506119242368,-72.90311325432398,-72.902856759193,-72.88831048201097,-72.86281695413231,-72.82899972227844,-72.78885140482288,-72.74385304219074,-72.69508805727027,-72.64333927482569,-72.58916699843937,-72.5329701397807,-72.47503381693555,-72.41556648816446,-72.35472944653128,-72.2926615445177,-72.2295013307425,-72.16540834701635,-72.10058562887343,-72.03530517131708,-71.96993767410561,-71.90498810809787,-71.84113805791155,-71.77929351989218,-71.72063255130033,-71.6666369746875,-71.61907038873937,-71.57982741034185,-71.5505378010829,-71.5318583915128,-71.52286938143115,-71.52247479676723
3.234999999999942,-72.60813239122274,-72.70067036893576,-72.78962066756537,-72.85584500860845,-72.89654438023219,-72.91470846376893,-72.91459342406452,-72.90021194255345,-72.87490164777138,-72.84128249202804,-72.80134463608366,-72.75656755765527,-72.70803378352028,-72.65652572069496,-72.60260358838968,-72.54666643930537,-72.48899967779126,-72.4298121323825,-72.36926549977719,-72.3074990210794,-72.2446515647999,-72.18088285703163,-72.11639589264122,-72.05146227887609,-71.98645181425748,-71.92186783109884,-71.85838924450003,-71.79691798079567,-71.73862619219184,-71.68498751420172,-71.6377547616686,-71.59880930833627,-71.56976639793778,-71.55127008040324,-71.5423942101034,-71.54204527194838
3.239999999999942,-72.61943513464404,-72.71199429640698,-72.8009497558831,-72.86721039708529,-72.90798514277323,-72.9262601896274,-72.9262853838007,-72.91206733504036,-72.8869387866994,-72.85351610889074,-72.81378701198885,-72.76922941415951,-72.72092494608712,-72.6696555947035,-72.6159814907604,-72.5603018225995,-72.50290227446948,-72.44399203810417,-72.38373320628754,-72.32226540099425,-72.25972780302676,-72.19628031581445,-72.13212588799858,-72.0675357359659,-72.00287875786927,-71.93865665445587,-71.87554568733697,-71.81444374185324,-71.75651711224216,-71.70323131829558,-71.65632849317198,-71.6176769056193,-71.58887745505015,-71.57056160610881,-71.56179705271103,-71.56149285859362
3.244999999999942,-72.63069858916272,-72.72327822487614,-72.8122382892502,-72.87853454808975,-72.91938380128514,-72.9377687635371,-72.93793298254306,-72.92387701795509,-72.89892874537865,-72.86570096481222,-72.82617894340117,-72.7818390428963,-72.73376199792592,-72.68272937305181,-72.62930120655668,-72.57387681712956,-72.51674216267001,-72.45810679116543,-72.39813318408102,-72.33696133666449,-72.27473073456993,-72.2116014517771,-72.14777638529331,-72.08352635766282,-72.01921936761455,-71.95535549130513,-71.89260835276121,-71.83187182504187,-71.77430639094203,-71.72136952493834,-71.6747927792879,-71.63643145393617,-71.60787227490086,-71.58973431365166,-71.58107928505983,-71.58081894855172
3.249999999999942,-72.64192305394562,-72.73452245583847,-72.82348657217769,-72.88981777148716,-72.93074067354294,-72.94923451354356,-72.94953656068034,-72.93564134584028,-72.91087189411766,-72.87783744734841,-72.83852083653527,-72.79439687012913,-72.74654538675783,-72.6957475263768,-72.64256323086393,-72.58739194405727,-72.53051989137124,-72.47215697022925,-72.41246604351349,-72.3515874722979,-72.28966103980419,-72.22684698393172,-72.16334814479002,-72.09943494821839,-72.03547449453828,-71.97196524228607,-71.9095781936831,-71.84920323791815,-71.79199509231812,-71.73940325555589,-71.69314879842123,-71.65507418633426,-71.62675214028506,-71.60878952752226,-71.60024226179745,-71.60002491217803
3.2549999999999417,-72.65310882485848,-72.7457272875176,-72.83469490589859,-72.90106037381511,-72.9420560739031,-72.96065776414687,-72.96109645489797,-72.94736066935008,-72.92276859912702,-72.88992593972516,-72.8508130930213,-72.80690331726063,-72.7592755551435,-72.70871051983111,-72.65576805293328,-72.60084771833168,-72.54423600292942,-72.48614314689313,-72.42673238739508,-72.36614444403492,-72.30451939047036,-72.24201762204096,-72.17884191683486,-72.1152623012393,-72.05164497825373,-71.98848679575734,-71.92645614982067,-71.86643897387641,-71.80958426521558,-71.7573336153386,-71.71139771167724,-71.67360631752285,-71.64551831469613,-71.62772855208465,-71.61928731683463,-71.61911209876462
3.2599999999999416,-72.66425619450939,-72.75689301490775,-72.84586358840984,-72.91226265832628,-72.95333031334783,-72.97203883634799,-72.9726129982265,-72.9590353353016,-72.9346192225742,-72.9019668208967,-72.86305610996774,-72.81935880089974,-72.77195294055555,-72.721618813161,-72.66891615626542,-72.6142446487796,-72.55789103317662,-72.50006588579532,-72.44093281110494,-72.38063288007356,-72.3193064498114,-72.25711406676588,-72.19425844201683,-72.13100919986374,-72.06773164713523,-72.00492102800744,-71.94324314793062,-71.88358001240172,-71.82707494357389,-71.7751616935418,-71.72954066318734,-71.6920290442241,-71.66417204270051,-71.64655267197148,-71.63821576375574,-71.63808183695923
3.2649999999999415,-72.6753654522911,-72.76801992981548,-72.85699291451411,-72.92342492503063,-72.96456369952854,-72.98337804769395,-72.98408652008959,-72.97066568672572,-72.94642412263741,-72.91396046560327,-72.87525028002291,-72.83176373292787,-72.7845779754494,-72.73447286078245,-72.68200801869295,-72.62758323819459,-72.57148551151694,-72.51392574471883,-72.455067902704,-72.39505340079151,-72.33402287270503,-72.2721370098107,-72.20959845132563,-72.1466764169337,-72.08373531850688,-72.02126880346145,-71.95994010203422,-71.90062731931704,-71.84446814669697,-71.7928885637798,-71.74757878042743,-71.71034354551546,-71.68271455030309,-71.66526315246976,-71.65702889621954,-71.65693543517395
3.2699999999999414,-72.68643688442278,-72.77910832090038,-72.86808317586036,-72.93454747073685,-72.97575653680857,-72.99467571232265,-72.99551734635102,-72.98225206291676,-72.95818365355885,-72.92590724442779,-72.88739599143587,-72.84411852056392,-72.79715108733322,-72.74727311185661,-72.69504411246128,-72.64086398342432,-72.58501996102056,-72.52772327469322,-72.4691382430455,-72.40940661886611,-72.34866930579412,-72.2870871340647,-72.22486266630655,-72.1622647151643,-72.09965679882725,-72.03753097488311,-71.97654791363858,-71.91758184702465,-71.86176487951658,-71.81051528431232,-71.76551317452851,-71.72855098316398,-71.70114704530373,-71.68386123989654,-71.67572798834959,-71.67567418198378
3.2749999999999413,-72.69747077399133,-72.79015847371573,-72.87913466098436,-72.94563058909337,-72.9869091263056,-73.00593214100701,-73.00690579936101,-72.99379479948179,-72.96989816569678,-72.93780752385165,-72.89949362811589,-72.85642356642843,-72.80967269883668,-72.76002001036363,-72.70802490430813,-72.65408737545603,-72.59849489851652,-72.54145902009483,-72.48314440588346,-72.42369313939231,-72.36324638761499,-72.30196511374176,-72.24005179921222,-72.17777484730912,-72.11549688387043,-72.05370838357248,-71.99306747195266,-71.93444453474261,-71.87896613285021,-71.82804289832498,-71.78334494058005,-71.74665250195278,-71.71947071764502,-71.70234816196563,-71.69431429511481,-71.69429934651494
3.279999999999941,-72.7084674009919,-72.80117067074816,-72.8901476553483,-72.9566745706286,-72.99802176593302,-73.0171476411981,-73.0182521980019,-73.0052942283889,-72.98156800557715,-72.94966166630967,-72.91154356969125,-72.86867926860636,-72.82214322777854,-72.77271399517525,-72.7209508555421,-72.6672538995014,-72.61191083468385,-72.55513351874544,-72.49708695797933,-72.43791355999794,-72.37775474872251,-72.31677161451661,-72.2551665531514,-72.19320755632266,-72.13125635890316,-72.06980185955975,-72.00949965409913,-71.95121630873594,-71.896072883653,-71.84547243420329,-71.80107515792645,-71.76464922999946,-71.73768673975228,-71.72072512814552,-71.71278905270131,-71.71281217882395
3.284999999999941,-72.7194270423679,-72.81214519145678,-72.90112244137988,-72.96767970279078,-73.009094750441,-73.02832251706808,-73.02955685773317,-73.01675067801487,-72.99319351594413,-72.96147003024402,-72.92354619156706,-72.88088602070891,-72.83456308723298,-72.78535550012623,-72.733822422119,-72.68036403507878,-72.62526827414074,-72.56874730200857,-72.51096645920643,-72.45206847095727,-72.39219501181353,-72.33150729365876,-72.2702076222347,-72.20856357551926,-72.14693599885817,-72.08581222179454,-72.02584532532114,-71.96789808254229,-71.91308609526398,-71.86280490579998,-71.81870489045623,-71.78254227906726,-71.75579626686448,-71.7389933300082,-71.73115347887446,-71.73121391026699
3.289999999999941,-72.73034997205033,-72.82308231231188,-72.91205929851095,-72.9786462699869,-73.02012837145676,-73.03945706955227,-73.04082009063566,-73.02816447319195,-73.00477503580996,-72.9732329701575,-72.93550186498219,-72.89304421193481,-72.84693268559501,-72.79794495408456,-72.74664005471774,-72.69341825609504,-72.63856771553252,-72.58230089488457,-72.52478346265282,-72.46615845530218,-72.40656779184724,-72.34617280016377,-72.28517569171733,-72.22384362872876,-72.16253656850454,-72.10174027833175,-72.04210533918526,-71.98449075719343,-71.93000671764689,-71.88004131269673,-71.83623518688512,-71.80033274486874,-71.77380043735786,-71.75715394156998,-71.74940877333236,-71.7495057538603
3.294999999999941,-72.74123646099669,-72.83398230683304,-72.92295850321527,-72.98957455362145,-73.03112291752446,-73.05055159639048,-73.05204220545524,-73.0395359352542,-73.01631290050408,-72.98495083666589,-72.94741095706502,-72.90515422712984,-72.85925242664482,-72.81048278102043,-72.75940419881456,-72.7064170309253,-72.65180965161777,-72.59579481610368,-72.53853851472189,-72.4801840889315,-72.42087369616424,-72.36076877488206,-72.30007143813947,-72.2390484304493,-72.17805882261396,-72.11758682651306,-72.05828053777948,-72.00099522143125,-71.94683568762589,-71.89718264045968,-71.85366708103187,-71.8180217073624,-71.79170037306203,-71.77520811962394,-71.767556118051,-71.76768890463244
3.2999999999999408,-72.75208677722915,-72.84484544562642,-72.9338203290462,-73.00046483213434,-73.04207867414418,-73.06160639216796,-73.06322350764573,-73.0508653820828,-73.02780744172158,-72.99662397654942,-72.95927383088868,-72.91721644684598,-72.87152270961084,-72.82296940007438,-72.77211529475592,-72.71936082249168,-72.66499456935328,-72.60922957821768,-72.55223215523152,-72.49414594071801,-72.43511332460214,-72.37529585064514,-72.3148955294636,-72.25417868599689,-72.19350350612373,-72.13335265314501,-72.07437175190762,-72.01741235191946,-71.9635739291153,-71.91422986088918,-71.87100159208848,-71.83561023104247,-71.80949717956771,-71.7931570040641,-71.78559667762065,-71.78576453996669
3.3049999999999407,-72.76290118587215,-72.8556719964219,-72.94464504667334,-73.01131738103832,-73.05299592381057,-73.07262174835563,-73.07436429941126,-73.06215312815088,-73.03925898757045,-73.00825273280347,-72.9710908455252,-72.92923124739946,-72.88374392923217,-72.83540522562377,-72.78477377783035,-72.73225008834048,-72.67812294997736,-72.62260568768974,-72.56586491751109,-72.50804457261374,-72.44928726961018,-72.38975465238961,-72.32964862520909,-72.26923509165209,-72.20887135429692,-72.14903853467322,-72.09037980127914,-72.0337430134508,-71.98022235334543,-71.93118393226436,-71.88823972488382,-71.85309936522172,-71.82719194652833,-71.81100171820249,-71.80353159957437,-71.80373381993644
3.3099999999999405,-72.77367994918968,-72.86646222410944,-72.95543292391895,-73.02213247295589,-73.06387494605094,-73.08359795334965,-73.0854648797479,-73.07339948456763,-73.0506678626188,-73.01983744468865,-72.98286235609885,-72.9411990009277,-72.89591647581952,-72.8477906673486,-72.7973800783391,-72.74508528071824,-72.69119526909138,-72.63592364498271,-72.57943732849714,-72.52188053975337,-72.4633961163609,-72.40414579727839,-72.34433137658435,-72.28421833480371,-72.22416309287867,-72.16464523735301,-72.10630549469523,-72.04998805914926,-71.99678185908249,-71.94804579958178,-71.90538247014138,-71.87049014430809,-71.84478574795371,-71.82874336907825,-71.82136201470874,-71.82159788763181
3.3149999999999404,-72.78442332662175,-72.8772163907749,-72.96618422579385,-73.0329103776557,-73.07471601746276,-73.09453529251061,-73.0965255444848,-73.08460475912179,-73.06203438794071,-73.03137844777973,-72.99458871383868,-72.95312007544571,-72.90804073531558,-72.86012613029611,-72.80993462166543,-72.75786684664635,-72.70421199674067,-72.64918394464604,-72.59294990882695,-72.53565439055555,-72.47744044286016,-72.4184698948203,-72.35894442661633,-72.29912909408971,-72.23937943824976,-72.18017351741676,-72.12214963023115,-72.06614833066888,-72.01325333284431,-71.96481639478894,-71.9224308047313,-71.88778358807483,-71.86227964249747,-71.84638304775955,-71.83908903739672,-71.83935786947869
3.3199999999999403,-72.79513157482042,-72.88793475573543,-72.97689921453254,-73.04365136208828,-73.08551941175037,-73.10543404820183,-73.1075465863245,-73.09576925632433,-73.07335888116194,-73.04287607401436,-73.0062702661301,-72.9649948349011,-72.92011708935418,-72.87241201494427,-72.82243782834294,-72.77059522799446,-72.71717359749313,-72.66238707540083,-72.60640317293075,-72.54936666682255,-72.49142082005497,-72.43272754698691,-72.37348841027774,-72.31396803953552,-72.25452109757705,-72.19562412123742,-72.1379129954143,-72.0822246583875,-72.02963764911097,-71.98149663701253,-71.93938569191637,-71.9049807019242,-71.87967467373738,-71.86392182963856,-71.85671376589337,-71.85701487555014
3.3249999999999402,-72.80580494768533,-72.89861757557439,-72.98757814962815,-73.05435569042153,-73.09628539976154,-73.11629449982745,-73.11852829488295,-73.10689327745057,-73.08464165650435,-73.05433065174037,-73.01790735656583,-72.97682363922866,-72.93214591531851,-72.88464871726428,-72.83489011412257,-72.78327086155252,-72.73008053051727,-72.67553352022377,-72.61979762912198,-72.56301790383789,-72.50533781193926,-72.44691934832728,-72.38796395461148,-72.32873583268936,-72.26958876896074,-72.21099778548923,-72.15359636739896,-72.09821786159678,-72.04593567053129,-71.99808743278217,-71.95624808159322,-71.92208247714564,-71.89697187044938,-71.88136077471917,-71.87423728263418,-71.87456999987042
3.32999999999994,-72.8164436963989,-72.90926510417569,-72.99822128786663,-73.06502362407535,-73.10701424952333,-73.12711692386974,-73.12947095672874,-73.11797712058181,-73.09588302483023,-73.0657425057629,-73.02950032499595,-72.98860684440389,-72.94412758639858,-72.8968366287821,-72.84729189003872,-72.79589417910198,-72.74293324965832,-72.68862375642937,-72.63313377968635,-72.5766086304626,-72.51919197565798,-72.46104588608064,-72.40237167885302,-72.34343312675519,-72.28458314157903,-72.22629523730483,-72.1692005131374,-72.11412874868816,-72.06214824812447,-72.01458967624833,-71.97301891052732,-71.93908989116765,-71.91417224687531,-71.89870092789847,-71.89166065452642,-71.89202432071181
3.33499999999994,-72.8270480694605,-72.9198775927575,-73.00882888336056,-73.07565542175601,-73.11770622627735,-73.13790159392583,-73.14037485542164,-73.12902108064617,-73.10708329368563,-73.07711195739067,-73.0410495075773,-73.00034480249566,-72.9560624716475,-72.90897613663887,-72.85964356247416,-72.80846560748539,-72.7557322035135,-72.70165825575087,-72.64641212096899,-72.59013936922933,-72.53298386160905,-72.47510774028697,-72.41671219455033,-72.35806056672287,-72.29950489582944,-72.24151719442905,-72.1847261895474,-72.12995811733512,-72.07827622147789,-72.03100424939647,-71.98969910258334,-71.95600390780447,-71.93127680298461,-71.91594331924134,-71.90898493323385,-71.90937890088476
3.33999999999994,-72.83761831272066,-72.93045528990581,-73.01940118758249,-73.08625133948998,-73.12836159251455,-73.14864878074405,-73.15124027155082,-73.1400254494587,-73.11824276734298,-73.08843932448126,-73.05255523682182,-73.01203786171808,-72.96795093603708,-72.92106762365043,-72.87194553322382,-72.82098556867506,-72.76847783550572,-72.71463748441973,-72.65963314346008,-72.60361063643501,-72.54671401354348,-72.4891054838956,-72.43098610568147,-72.37261878949606,-72.31435470346803,-72.25666436537036,-72.20017414367643,-72.14570675467122,-72.09432041894033,-72.04733202225597,-72.00628956895025,-71.97282547749668,-71.94828652472998,-71.93308896424922,-71.92621115545467,-71.92663478802079
3.34499999999994,-72.84815466941458,-72.9409984416073,-73.02993844939778,-73.09681163065723,-73.1389806080097,-73.15935875225976,-73.16206748277247,-73.15099051576139,-73.12936174684343,-73.09972492148616,-73.0640178416446,-73.02368636648167,-72.97979334051254,-72.93311146836585,-72.88419819955759,-72.83345447984047,-72.78117058395623,-72.72756190324384,-72.67279733187952,-72.61702294223188,-72.56038296866393,-72.50303968287146,-72.44519400877029,-72.38710842401751,-72.32913322774533,-72.27173744954835,-72.21554511286224,-72.16137543746488,-72.11028165781106,-72.06357385310464,-72.02279120836141,-71.98955553754685,-71.96520238429709,-71.95013886412181,-71.94334034319289,-71.94379301484906
3.3499999999999397,-72.85865738019505,-72.95150729128163,-73.04044091509687,-73.10733654602417,-73.1495635298551,-73.17003177363048,-73.17285676384667,-73.16191656526198,-73.14044053003809,-73.11096905949466,-73.07543764741078,-73.0352906574435,-72.99159004204613,-72.94510804512505,-72.8964019542822,-72.84587275341471,-72.79381088215577,-72.74043196768419,-72.68590516525917,-72.63037679071695,-72.57399125772103,-72.51691089629983,-72.45933649299941,-72.40153009139188,-72.34384112353985,-72.28673713743918,-72.2308398248906,-72.17696493229023,-72.12616074452527,-72.07973058866868,-72.0392049073098,-72.00619501234968,-71.98202534034904,-71.967094006014,-71.96037350402398,-71.96085459946681
3.3549999999999396,-72.86912668316515,-72.96198207981355,-73.05090882842732,-73.11782633377588,-73.16011061249395,-73.1806681072707,-73.18360838667397,-73.1728038806726,-73.151479411629,-73.12217204627748,-73.0868149759818,-73.04685107155663,-73.00334139369012,-72.95705772411554,-72.90855718580183,-72.85824079715947,-72.80639915843489,-72.75324812793043,-72.6989571170246,-72.6436726800194,-72.58753940510846,-72.53071967648903,-72.4734141403217,-72.41588440500644,-72.35847903748888,-72.30166411071728,-72.24605899814948,-72.19247599569464,-72.14195847483553,-72.09580306431911,-72.05553154025903,-72.02274481361746,-71.99875633826493,-71.98395536328592,-71.97731163135387,-71.97782054560311
3.3599999999999395,-72.87956281391021,-72.97242304558443,-73.0613424306253,-73.12828123954819,-73.17062210775329,-73.19126801288601,-73.19432262033123,-73.1836527417477,-73.16247868320941,-73.1333341863296,-73.09815014576127,-73.05836794211912,-73.01504774462903,-72.96896087142815,-72.92066427817818,-72.87055901422973,-72.81893583623287,-72.76601082897508,-72.71195365507492,-72.65691110238734,-72.60102792895614,-72.54446656907109,-72.48742752556926,-72.43017197064937,-72.37304760811709,-72.31651904239496,-72.26120334178037,-72.20790937436254,-72.15767563398904,-72.11179210426286,-72.07177196984898,-72.03920584059995,-72.01539631037343,-72.00072389574802,-71.99415570467242,-71.99469184287688
3.3649999999999394,-72.88996600552959,-72.9828304245032,-73.07174196044642,-73.13870150645907,-73.18109826487627,-73.20183174750692,-73.20499973110711,-73.19446342532144,-73.17343863330333,-73.14445578091221,-73.10944347173971,-73.06984159882161,-73.02670944023068,-72.98081784911182,-72.93272361118896,-72.88282780323637,-72.83142133416548,-72.77872051068651,-72.72489524186133,-72.67009254427221,-72.61445734122151,-72.5581521131006,-72.50137721656054,-72.44439338662586,-72.38754746596217,-72.33130259695893,-72.27627355582644,-72.22326580527647,-72.17331299690201,-72.12769852173089,-72.08792704709776,-72.05557898029998,-72.03194617618098,-72.01740054990034,-72.01090668980098,-72.01146946704893
3.3699999999999393,-72.90033648866778,-72.99320445003717,-73.08210765419645,-73.1490873751397,-73.19153933055426,-73.21235956552208,-73.21563998253693,-73.20523620534455,-73.18435954740464,-73.15553712809452,-73.12069526553887,-73.08127236779497,-73.03832682209686,-72.99262901522795,-72.9447355603861,-72.8950475583085,-72.8438560660918,-72.79137760788059,-72.73778233446431,-72.68321748641206,-72.62782814777954,-72.57177684115199,-72.51526377420554,-72.45854924387196,-72.40197923369855,-72.34601543050428,-72.29127033137785,-72.23854601587415,-72.18887132832937,-72.14352311916167,-72.10399761159898,-72.07186510768419,-72.04840684259504,-72.03398625916648,-72.02756553913446,-72.02815438026855
3.374999999999939,-72.91067449154517,-73.00354535324206,-73.0924397457615,-73.1594390837651,-73.20194554895821,-73.22285171871113,-73.2262436354371,-73.2159713529206,-73.19524170801556,-73.16657852279441,-73.13190583545534,-73.09266057165645,-73.04990022811303,-73.00439472390318,-72.95670049715255,-72.90721866915469,-72.85624044117971,-72.8039825503912,-72.75061538466963,-72.69628640391356,-72.6411408485112,-72.58534127941509,-72.52908775260907,-72.47264012606642,-72.41634352625844,-72.36065819086592,-72.30619435071418,-72.25375072420294,-72.20435138303206,-72.1592666883811,-72.11998449171485,-72.08806508588914,-72.06477920414238,-72.05048194412244,-72.04413319187806,-72.04474753131407
3.379999999999939,-72.92098023998834,-73.01385336279188,-73.10273846663765,-73.16975686808411,-73.21231716176975,-73.23330845627684,-73.23681094793898,-73.22666913634191,-73.20608539468462,-73.17758025681893,-73.1430754865034,-73.10400652955559,-73.06142999249705,-73.01611532538197,-72.96861878875835,-72.91934152112277,-72.8685748639704,-72.81653576313975,-72.763394839043,-72.70929976633228,-72.65439593738998,-72.59884594778853,-72.54284969917191,-72.48666660974025,-72.43064095095063,-72.37523151774711,-72.32104628744385,-72.26888063907076,-72.21975390594008,-72.17493001077857,-72.13588850476519,-72.104179766423,-72.08106414318276,-72.0668885127205,-72.06061057427846,-72.06124985582859
3.384999999999939,-72.93125395746,-73.02412870500821,-73.11300404596028,-73.18004096144942,-73.22265440821177,-73.24373002487714,-73.24734217552228,-73.23732982112455,-73.21689088404393,-73.18854261890388,-73.1542045204575,-73.11531055721953,-73.07291644584765,-73.02779116607809,-72.9804907984158,-72.9314164952592,-72.88085973444194,-72.8290376662032,-72.77612113900328,-72.7222580377516,-72.66759390256706,-72.61229135997183,-72.55655015469047,-72.50062926438461,-72.44487210757717,-72.38973604284611,-72.33582680664114,-72.28393646019443,-72.23507963231269,-72.19051385747926,-72.15171045721225,-72.12020998936276,-72.09726253011748,-72.08320686050766,-72.07699859984994,-72.07766227654986
3.389999999999939,-72.94149586508838,-73.03437160388934,-73.12323671053308,-73.19029159484671,-73.23295752507872,-73.25411666865645,-73.25783757104817,-73.24795367004339,-73.22765844984615,-73.19946589475299,-73.16529323589347,-73.12657296699699,-73.08435991519157,-73.03942258862533,-72.99231688533375,-72.94344396836706,-72.89309544807163,-72.84148867488112,-72.78879472089467,-72.73516167686061,-72.68073522645528,-72.62567802355605,-72.57018965345436,-72.51452865255631,-72.45903758854776,-72.4041723899798,-72.35053656498025,-72.29891887834464,-72.25032928789507,-72.20601898951328,-72.16745114484218,-72.13615658354763,-72.11337522359406,-72.09943787084005,-72.09329816959594,-72.09398570353548
3.3949999999999387,-72.95170618169635,-73.04458228113856,-73.13343668485636,-73.2005089969236,-73.24322674676615,-73.2644686292766,-73.2682973847915,-73.2585409431662,-73.23838836300058,-73.21035036707646,-73.17634192823006,-73.13779406790243,-73.09576072403043,-73.05100993192737,-73.00409740477103,-72.95542431306355,-72.90528239589746,-72.85388919976171,-72.80141601605767,-72.74801113703036,-72.69382038581129,-72.63900644011237,-72.58376872334253,-72.52836532998167,-72.47313797899197,-72.41854117520543,-72.36517621086689,-72.31382857548829,-72.26550358907197,-72.22144615798089,-72.18311135294225,-72.15202036676806,-72.12940307070616,-72.11558241509212,-72.10951017222507,-72.1102210343832
3.3999999999999386,-72.9618851238301,-73.05476095619255,-73.1436041911554,-73.21069339401815,-73.2534623053003,-73.27478614594744,-73.27872186447291,-73.26909189788735,-73.24908089160901,-73.22119631562882,-73.18735088976905,-73.1489741656589,-73.10711919238668,-73.06255353120687,-73.01583270808906,-72.96735789783608,-72.91742096457841,-72.86623964678672,-72.8139854508988,-72.76080686638872,-72.70684985181649,-72.65227710527921,-72.59728788591718,-72.54213984565824,-72.48717385686946,-72.43284300693968,-72.3797463845672,-72.32866622492803,-72.28060324301833,-72.23679610421443,-72.1986918564744,-72.16780214595063,-72.14534690718915,-72.13164135286137,-72.12563548436292,-72.12636915444602
3.4049999999999385,-72.97203290578715,-73.06490784624894,-73.15373944940791,-73.22084501018702,-73.26366443036675,-73.2850694554568,-73.2891112552905,-73.27960678896126,-73.25973630100093,-73.2320040172465,-73.19832040973505,-73.16011356274053,-73.11843563684887,-73.07405371805413,-73.02752314280364,-72.9792450870979,-72.92951153645406,-72.87854041731502,-72.82650344695902,-72.77354930789438,-72.71982409015621,-72.66549050884817,-72.61074765651648,-72.55585274195488,-72.50114579307815,-72.44707848607578,-72.39424771833447,-72.34343249143885,-72.29562894784665,-72.2520695599373,-72.21419342024531,-72.1835027173394,-72.16120755761169,-72.14761553216904,-72.14167497075901,-72.14243093704277
3.4099999999999384,-72.98214973964463,-73.07502316629389,-73.16384267737159,-73.23096406723317,-73.27383334933918,-73.29531879220028,-73.2994657999507,-73.29008586853497,-73.27035485376827,-73.24277374588458,-73.20925077431487,-73.17121255841435,-73.12971037061631,-73.08551082047448,-73.0391690526358,-72.99108624124247,-72.94155448960291,-72.89079190818565,-72.83897042098134,-72.7862388994093,-72.73274356109825,-72.67864713484822,-72.62414854434545,-72.56950455470982,-72.51505435156014,-72.46124820609808,-72.4086808365329,-72.35812803140213,-72.31058139275152,-72.26726724741891,-72.22961679907284,-72.1991228666729,-72.17698583556313,-72.16350578965591,-72.1576294844895,-72.1584072436643
3.4149999999999383,-72.99223583528631,-73.08510712912899,-73.17391409061095,-73.24105078473328,-73.28396928730739,-73.30553438821045,-73.30978573869912,-73.30052938618061,-73.28093680979957,-73.25350577265313,-73.220142266696,-73.1822714487814,-73.1409437035429,-73.09692516293522,-73.05077077756204,-73.00288171669725,-72.95355019789996,-72.90299451177928,-72.85138678497701,-72.79887607376992,-72.74560871956929,-72.69174746162813,-72.63749105256505,-72.5830958133274,-72.52890008940628,-72.47535275319495,-72.42304635575957,-72.37275349293725,-72.32546125815148,-72.28238987962767,-72.24496273794945,-72.21466336935835,-72.19268254383697,-72.1793129507744,-72.1734998671551,-72.17429892417495
3.419999999999938,-73.0022914004299,-73.09515994539778,-73.18395390252398,-73.25110538006457,-73.29407246710507,-73.31571647318569,-73.32007130935072,-73.31093758892733,-73.29148242631378,-73.26420036585306,-73.23099516710487,-73.19329052681731,-73.15213594218037,-73.10829706641195,-73.0623286538638,-73.01463186597677,-72.96549903107353,-72.91514861607918,-72.86375294629079,-72.81146125885745,-72.75842001523054,-72.70479196193816,-72.65077567838011,-72.59662704087218,-72.54268355695798,-72.489392706369,-72.43734488496376,-72.38730951603016,-72.34026921582775,-72.29743816037973,-72.26023197220161,-72.23012499064117,-72.20829847461056,-72.1950378299763,-72.18928694907525,-72.1901068170097
3.424999999999938,-73.01231664065381,-73.1051818236123,-73.1939623243683,-73.26112806843157,-73.30414310933715,-73.32586527451862,-73.33032274731958,-73.32131072129258,-73.30199195789342,-73.2748577910113,-73.24180975284412,-73.20427008241225,-73.16328738982106,-73.11962684843391,-73.07384301417588,-73.02633703773415,-72.97740135476064,-72.92725460473079,-72.87606930766508,-72.82399487766658,-72.77117789255178,-72.71778110300976,-72.6640029131254,-72.61009875416237,-72.5564052979079,-72.50336863754562,-72.45157702556406,-72.40179673266002,-72.35500592906044,-72.3124127844855,-72.27542522764656,-72.24550848577185,-72.22383440962085,-72.2106812308967,-72.20499154947777,-72.20583174936714
3.429999999999938,-73.02231175942333,-73.1151729701787,-73.20393956528706,-73.27111906289221,-73.31418143240674,-73.33598101732416,-73.34054028564833,-73.33164902531306,-73.31246565651743,-73.28547831091564,-73.25258629832976,-73.21521040241028,-73.17439834653977,-73.13091482312893,-73.0853141875345,-73.0379975768128,-72.98925753056209,-72.93931285710056,-72.88833626730286,-72.83647734837339,-72.78388279088426,-72.73071534663403,-72.67717324235004,-72.62351146386092,-72.57006584939839,-72.51728111167955,-72.46574337156326,-72.4162157669232,-72.36967205276211,-72.32731443789295,-72.29054322074542,-72.26081460016891,-72.23929112033673,-72.22624394653397,-72.22061447668487,-72.22147453739865
3.434999999999938,-73.03227695811678,-73.12513358942303,-73.21388583233446,-73.28107857438386,-73.3241876525418,-73.34606392446716,-73.3507241550371,-73.34195274057538,-73.3229037715933,-73.29606218564895,-73.26332507512744,-73.22611177064817,-73.18546910923489,-73.14216130126725,-73.09674249942414,-73.04961382429646,-73.00106791609626,-72.95132374833386,-72.90055421893013,-72.84890908440208,-72.79653514453264,-72.74359514923894,-72.69028714590098,-72.63686567456537,-72.58366574211847,-72.53113068685919,-72.47984450966113,-72.43056723515456,-72.38426823360854,-72.34214379782823,-72.30558665875385,-72.27604406957889,-72.25466936812758,-72.24172675942617,-72.23615652829486,-72.23703598639302
3.4399999999999378,-73.04221243605096,-73.13506388361621,-73.2238013305009,-73.29100681174855,-73.33416198382135,-73.3561142165898,-73.36087458387212,-73.35222210424604,-73.33330654998919,-73.30660967262303,-73.27402635198848,-73.2369744679935,-73.19649997166948,-73.15336659030534,-73.1081282718244,-73.06118611755907,-73.01283286505254,-72.96328764941185,-72.91272355185649,-72.8612904944904,-72.80913538282508,-72.7564209619653,-72.70334509800455,-72.65016188489572,-72.5972055003986,-72.54491791440923,-72.49388101936512,-72.444851746047,-72.39879511016714,-72.35690153293324,-72.3205562398689,-72.2911976202326,-72.26996990442836,-72.25713044182321,-72.2516184913601,-72.25251689095768
3.4449999999999377,-73.05211839050648,-73.14496405299907,-73.23368626273785,-73.30090398175857,-73.34410463820132,-73.36613211213822,-73.37099179825384,-73.36245735110118,-73.34367423606496,-73.31712102661169,-73.28469039488515,-73.24779877238242,-73.20749122451123,-73.16453099442849,-73.1194718232554,-73.07271479031358,-73.02455272724318,-72.97520492720736,-72.92484465103554,-72.87362198275417,-72.82168393018287,-72.76919323074114,-72.71634756734679,-72.6634005875812,-72.61068564230418,-72.55864333899136,-72.5078534730989,-72.45906990076841,-72.41325331302284,-72.37158830340077,-72.33545265337357,-72.30627596899863,-72.28519347090153,-72.27245575585614,-72.26700114256161,-72.26791803519565
3.4499999999999376,-73.06199501675282,-73.15483429580686,-73.24354082998221,-73.3107702891409,-73.35401582554015,-73.37611782738931,-73.38107602202477,-73.37265871355581,-73.35400707170338,-73.32759649978375,-73.29531746704545,-73.25858495885662,-73.21844315537182,-73.17565481459296,-73.13077346882272,-73.08420017266,-73.03622784865507,-72.98707594454027,-72.93691789712383,-72.88590394875077,-72.8341812061885,-72.78191239635515,-72.72929501715232,-72.6765822695451,-72.62410667972719,-72.57230749870308,-72.52176243630886,-72.47322229307646,-72.42764346490152,-72.38620476110702,-72.350276579778,-72.3212798235337,-72.30034079959549,-72.28770345370256,-72.28230524837954,-72.28324019287919
3.4549999999999375,-73.07184250807265,-73.16467480829327,-73.25336523118058,-73.32060593660199,-73.36389575362386,-73.38607157647674,-73.39112747679677,-73.38282642169264,-73.36430529634056,-73.33803634173535,-73.30590782898763,-73.26933329959991,-73.2293560488461,-73.18673834856752,-73.14203352026189,-73.09564259113264,-73.0478585715003,-72.99890106023149,-72.94894366653904,-72.89813678754129,-72.8466276256524,-72.79457889452864,-72.74218790526199,-72.68970741198854,-72.63746911847633,-72.58591092517479,-72.53560846756893,-72.48730950943113,-72.44196618079113,-72.40075154974127,-72.3650286909586,-72.33620988242983,-72.3154126130998,-72.3028742777489,-72.29753156526054,-72.29848412761967
3.4599999999999373,-73.08166105578634,-73.17448578475452,-73.26315966331308,-73.3304111248517,-73.373744628191,-73.39599357141677,-73.40114638197828,-73.39296070329056,-73.37456914699595,-73.3484407995217,-73.31646173855395,-73.28004406397432,-73.24023018655028,-73.1977818909743,-73.15325228598203,-73.10704236874709,-73.05944523426597,-73.01068062915648,-72.9609223315172,-72.91032088975236,-72.85902359867931,-72.80719315598648,-72.75502668420901,-72.70277649047233,-72.65077345836521,-72.59945414366514,-72.54939211868299,-72.50133212910539,-72.45622206806033,-72.41522930493309,-72.37970965029325,-72.35106683535854,-72.33040962469715,-72.31796896074883,-72.31268083978128,-72.31365059303404
3.4649999999999372,-73.09145084927572,-73.18426741755276,-73.27292432141677,-73.34018605262729,-73.38356265295708,-73.40588402213368,-73.41113295480064,-73.40306178385262,-73.38479885830202,-73.35881011768856,-73.32697945094398,-73.29071751855547,-73.25106584715977,-73.20878573332918,-73.16443007110865,-73.11839982504563,-73.07098817176329,-73.02241500229778,-72.97285426016892,-72.92245664163609,-72.87136953073276,-72.81975560652666,-72.76781180129393,-72.7157899749978,-72.66402019329945,-72.61293767315445,-72.56311393478578,-72.51529072429356,-72.47041172657525,-72.42963865437756,-72.39432011279524,-72.36585136321256,-72.34533253851274,-72.33298822597922,-72.32775380880916,-72.32874033290776
3.469999999999937,-73.10121207600766,-73.19401989713921,-73.28265939860889,-73.34993091671687,-73.39335002963873,-73.41574313648493,-73.42108741034471,-73.41312988663383,-73.39499466253349,-73.3691445383033,-73.33746121874753,-73.30135392716748,-73.26186330644637,-73.21975016408132,-73.17556717752626,-73.12971527614296,-73.08248771517613,-73.03410452679681,-72.9847398165349,-72.93454442512967,-72.883665822699,-72.83226666708886,-72.78054369865833,-72.72874833008595,-72.67720981136196,-72.62636202643674,-72.57677445444199,-72.52918586021781,-72.48453574881366,-72.44398021795728,-72.40886072524356,-72.3805641382443,-72.36018204966008,-72.34793278739231,-72.34275119965919,-72.3437540813545
3.474999999999937,-73.11094492155745,-73.20374341207736,-73.29236508610978,-73.35964591198264,-73.40310695797756,-73.42557112028588,-73.43100996156646,-73.42316523266824,-73.40515678963615,-73.3794443009853,-73.34790729197718,-73.31195355091772,-73.27262283731505,-73.23067546865242,-73.18666390391986,-73.14098903477036,-73.09394419210827,-73.0457495460046,-72.99657936064031,-72.94658461791371,-72.89591287094952,-72.84472675382177,-72.79322281335716,-72.74165201485545,-72.69034279489684,-72.63972771021021,-72.59037420974332,-72.54301809523272,-72.4985947199771,-72.4582546078629,-72.42333212631111,-72.39520582420175,-72.37495884438424,-72.36280334976517,-72.35767373024785,-72.35869256297232
3.479999999999937,-73.12064956963172,-73.21343814906531,-73.3020415732654,-73.36933123138367,-73.41283363576366,-73.4353681773342,-73.44090081932275,-73.43316804079592,-73.41528546725529,-73.38970964293608,-73.35831791810003,-73.32251664823046,-73.28334470984,-73.24156192947517,-73.1977205458161,-73.15222141031977,-73.10535792663049,-73.05735039953196,-73.00837324854857,-72.95857759346988,-72.90811106740296,-72.85713627814937,-72.80584957742998,-72.75450148309912,-72.70341962059157,-72.65303522516544,-72.60391372640373,-72.55678798092768,-72.51258921810118,-72.47246242871059,-72.43773494669028,-72.4097770764619,-72.38966360020216,-72.37760060884604,-72.37252210924427,-72.37355649299714
3.484999999999937,-73.13032620209104,-73.22310429295807,-73.31168904756957,-73.37898706599859,-73.42253025885881,-73.44513450943398,-73.45076019239647,-73.44313852768961,-73.42538092076367,-73.39994079896904,-73.36869334206935,-73.33304347488045,-73.29402919130028,-73.25240982603104,-73.20873739562371,-73.16341270888678,-73.11672923932667,-73.06890742329895,-73.02012183241413,-72.97052372113747,-72.92026079958568,-72.86949564683611,-72.81842441797096,-72.76729718335926,-72.71644075955827,-72.6662850660729,-72.61739352385345,-72.57049606222773,-72.52651981416338,-72.48660427765796,-72.45206980921638,-72.42427854216132,-72.4042969860403,-72.39232525149782,-72.3872970362178,-72.38834657745282
3.4899999999999367,-73.13997499897229,-73.23274202678974,-73.32130769468601,-73.38861360504781,-73.43219702121935,-73.4548703164194,-73.4605882875214,-73.45307690788064,-73.43544337328917,-73.41013800153866,-73.37903380635555,-73.34353428402606,-73.30467654621498,-73.26321943488801,-73.21971474267349,-73.17456323331339,-73.12805844733913,-73.08042094958333,-73.03182546053444,-72.9824233661689,-72.93236245069146,-72.88180526205075,-72.83094775719766,-72.7800395590016,-72.72940667741301,-72.67947772186848,-72.63081411533076,-72.58414287749235,-72.54038707218912,-72.50068074451724,-72.4663373289882,-72.4387108603243,-72.41885966236937,-72.40697795583857,-72.40199920178279,-72.40306351329822
3.4949999999999366,-73.14959613851072,-73.2423515317951,-73.33089769846998,-73.39821103591551,-73.44183411491883,-73.46457579617832,-73.47038530940662,-73.46298339378488,-73.44547304574208,-73.42030148076935,-73.38933955097683,-73.35398932624152,-73.31528703637774,-73.27399102973713,-73.23065287325736,-73.18567328322975,-73.13934586441357,-73.09189130706848,-73.04348447740105,-72.99427688978476,-72.94441639964032,-72.89406552142975,-72.84342001251876,-72.79272904828802,-72.74231783435422,-72.69261367573732,-72.64417600797243,-72.59772895861248,-72.554191549356,-72.51469241186666,-72.48053811348692,-72.4530746619885,-72.43335228133664,-72.42155939137956,-72.41662928774088,-72.41770798857151
3.4999999999999365,-73.15918979716163,-73.25193298743095,-73.34045924098963,-73.4077795441713,-73.4514417301701,-73.47425114467536,-73.480151460761,-73.47285819572824,-73.45547015684188,-73.43043146448395,-73.39961081352928,-73.3644088495492,-73.32586092089093,-73.28472488142887,-73.24155207066724,-73.19674315509542,-73.15059180094286,-73.10331882089032,-73.0550992237501,-73.00608464922756,-72.95642302113616,-72.906276818139,-72.85584159660057,-72.80536608444805,-72.75517468523933,-72.70569340519661,-72.65747970290253,-72.6112548311059,-72.5679337960957,-72.52863985515974,-72.49467276269218,-72.4673705703281,-72.44777548689544,-72.43607021916016,-72.4311879672199,-72.43228068253136
3.5049999999999364,-73.16875614962196,-73.26148657139746,-73.34999250254712,-73.4173193135916,-73.4610200553475,-73.48389655597464,-73.4898869423167,-73.48270152197149,-73.46543492314375,-73.44052817823167,-73.40984782921673,-73.3747930994512,-73.33639845619915,-73.295421258009,-73.25241261523307,-73.20777314224014,-73.16179656401067,-73.11470381268386,-73.0666700366119,-73.01784699781493,-72.96838268572381,-72.91843954093491,-72.86821291743256,-72.8179510957492,-72.76797767966039,-72.71871738217679,-72.67072569531955,-72.62472101421075,-72.58161435619449,-72.54252364283238,-72.50874186919629,-72.48159920077497,-72.46212991493258,-72.45051109188039,-72.44567590481037,-72.44678226579565
3.5099999999999363,-73.17829536885132,-73.27101245965875,-73.35949766169962,-73.42683052618088,-73.47056927700847,-73.49351222226223,-73.49959195285291,-73.49251357873537,-73.4753675590648,-73.45059184531587,-73.42005083088002,-73.38514231896029,-73.34689989612242,-73.30608042475374,-73.26323478436045,-73.21876353490379,-73.17296045743409,-73.12604660062878,-73.07819724935953,-73.02956428499165,-72.98029575984482,-72.93055407422429,-72.88053437839159,-72.83048450556595,-72.78072726201826,-72.73168607310109,-72.68391447458202,-72.63812802097756,-72.59523376689154,-72.55634433640806,-72.52274601831631,-72.49576116113685,-72.47641619339274,-72.46488265403093,-72.46009375669935,-72.4612134004772
3.514999999999936,-73.18780762609296,-73.28051082646378,-73.36897489527956,-73.43631336219232,-73.4800895799148,-73.50309833386858,-73.50926668921905,-73.50229457022473,-73.48526827690971,-73.46062268682122,-73.43022004902586,-73.39545674863095,-73.35736549188881,-73.31670264420451,-73.2740188525675,-73.22971462027583,-73.18408378180578,-73.13734749949431,-73.08968119175717,-73.04123685638139,-72.9921626058927,-72.94262079812361,-72.89280637830537,-72.84296673244798,-72.79342387159576,-72.7445999389641,-72.69704652429279,-72.65147635835926,-72.60879255897557,-72.57010249060116,-72.53668578820377,-72.50985705171415,-72.490634942401,-72.47918554202036,-72.47444217080145,-72.47557474031693
3.519999999999936,-73.19729309089426,-73.28998184436632,-73.37842437841509,-73.4457680001484,-73.48958114705397,-73.5126550792902,-73.51891134635761,-73.5120446986527,-73.49513728689614,-73.47062092164066,-73.44035571185547,-73.40573662658926,-73.36779549216658,-73.3272881762023,-73.28476509152142,-73.24062668253428,-73.19516683453539,-73.1486068206837,-73.10112219000736,-73.05286505383708,-73.003983582267,-72.95464008851687,-72.90502931151472,-72.85539819018672,-72.80606794262921,-72.75745943540882,-72.71012232238162,-72.66476652730005,-72.62229125687983,-72.58379865341814,-72.5505617499526,-72.52388746541365,-72.50478677438267,-72.49342038430028,-72.48872178688758,-72.48986693081433
3.524999999999936,-73.20675193112726,-73.29942568424525,-73.3878462845501,-73.4551946168613,-73.49904415965982,-73.52218264521134,-73.52852611732685,-73.52176416426448,-73.50497479717995,-73.4805867665019,-73.45045804529262,-73.41598218856308,-73.37819014309603,-73.33783727792121,-73.29547377007452,-73.25150000288387,-73.20620990989046,-73.15982487227765,-73.11252056679749,-73.06444921549092,-73.01575904342675,-72.96661231711279,-72.9172035679348,-72.86777928788125,-72.81865990437906,-72.77026501280214,-72.72314234118647,-72.67799902282246,-72.63573037877542,-72.59743336625742,-72.56437446770501,-72.5378529878608,-72.5188722941811,-72.50758780148773,-72.502933236711,-72.50409060935583
3.529999999999936,-73.21618431300853,-73.30884251532414,-73.39724078546386,-73.46459338745277,-73.5084787972332,-73.53168121652546,-73.53811119332292,-73.53145316536073,-73.5147810138797,-73.49052043599349,-73.46052727301127,-73.4261936679112,-73.38854968832061,-73.34835020390186,-73.30614515429946,-73.26233485959386,-73.2172132990366,-73.17100195907732,-73.12387664134573,-73.07598967580323,-73.02748933994275,-72.97853785150107,-72.92932953311532,-72.88011043000283,-72.83120018119925,-72.78301711630961,-72.73610704753321,-72.69117433411296,-72.64911043666268,-72.61100716400679,-72.57812449875541,-72.55175419750954,-72.53289209917295,-72.52168840648542,-72.51707714413119,-72.51824640534002
3.5349999999999357,-73.22559040111912,-73.31823250519098,-73.40660805129069,-73.47396448537403,-73.51788523756214,-73.54115097635602,-73.54766676370207,-73.5411118983207,-73.52455614110124,-73.50042214259084,-73.47056361646311,-73.43637129565263,-73.39887436901779,-73.35882720608407,-73.31677950752415,-73.27313152803518,-73.22817729007718,-73.18213838264664,-73.13519072944624,-73.08748676561086,-73.03917481854947,-72.99041705520771,-72.94140758829998,-72.8923920164586,-72.84368919260547,-72.79571618596823,-72.7490169028143,-72.7042929446058,-72.6624319364611,-72.62452057513933,-72.59181239365218,-72.56559166575006,-72.54684677938174,-72.53572280459964,-72.53115412523482,-72.5323349403009
3.5399999999999356,-73.23497035842388,-73.32759581981706,-73.41594825053888,-73.48330808242507,-73.527263656742,-73.5505921060774,-73.55719301600223,-73.55074055762498,-73.53430038096162,-73.51029209668135,-73.48056729490428,-73.44651530049495,-73.40916442392945,-73.36926853383923,-73.32737709036621,-73.283890280717,-73.23910216809232,-73.19323444135398,-73.14646314351363,-73.09894081217487,-73.05081582219586,-73.00225028774952,-72.9534381104847,-72.90462444265394,-72.85612735334196,-72.80836265675867,-72.7618723630656,-72.71735533206581,-72.6756953780977,-72.63797412180776,-72.60543869629795,-72.5793659570148,-72.56073691758878,-72.54969159365608,-72.54516478845524,-72.54635682802892
3.5449999999999355,-73.24432434629104,-73.33693262357647,-73.42526155011004,-73.49262434877407,-73.53661422919511,-73.56000478533534,-73.5666901359643,-73.56033933587807,-73.54401393361289,-73.52013050658981,-73.49053852542218,-73.45662590886265,-73.41942008939189,-73.37967443400217,-73.33793816076692,-73.29461138732302,-73.2499882151774,-73.20429043041312,-73.15769419262679,-73.11035213922712,-73.06241269009537,-73.01403790468758,-72.96542147247509,-72.91680809955432,-72.86851507344791,-72.82095695867586,-72.77467387904242,-72.73036196866943,-72.68890125559376,-72.65136831993688,-72.61900394404806,-72.59307762888237,-72.57456308944249,-72.56359536411313,-72.55910973468886,-72.56031267468914
3.5499999999999354,-73.25365252451095,-73.34624307926447,-73.4345481153176,-73.50191345297628,-73.54593712769028,-73.56938919206713,-73.57615830755348,-73.56990842383054,-73.55369699726546,-73.52993757860283,-73.50047752296145,-73.46670334492487,-73.4296415993653,-73.39004515090251,-73.34846297402449,-73.30529511474681,-73.26083571048096,-73.21530664192382,-73.16888418257207,-73.12172106701644,-73.07396575777521,-73.02578025768015,-72.9773580429428,-72.92894337374531,-72.88085275832188,-72.83349951679841,-72.78742189629382,-72.74331332108456,-72.70205005715017,-72.66470367931456,-72.63250866780673,-72.60672723217948,-72.58832586356536,-72.57743469917352,-72.57298955741008,-72.5742030789378
3.5549999999999353,-73.26295505131502,-73.35552734811607,-73.44380810990525,-73.51117556199276,-73.55523252336206,-73.57874550252164,-73.58559771298009,-73.57944801040088,-73.56334976821115,-73.5397135169935,-73.51038450034994,-73.47674783062284,-73.43982918546287,-73.40038092639554,-73.35895178282698,-73.31594172712697,-73.27164493024208,-73.22628336491138,-73.18003341588567,-73.13304791235416,-73.08547535712509,-73.03747769453442,-72.98924818648128,-72.9410306474926,-72.89314080878583,-72.84599075135708,-72.80011685523591,-72.75620985054874,-72.71514226523078,-72.6779807036807,-72.64595339212208,-72.62031531108104,-72.60202580165895,-72.59121017489348,-72.58680484278347,-72.58802863203621
3.559999999999935,-73.27223208339413,-73.36478558982444,-73.45304169606548,-73.52041084120889,-73.5645005857297,-73.58807389127888,-73.59500853271993,-73.58895828269715,-73.5729724408461,-73.54945852404535,-73.52025966832427,-73.48675958569696,-73.44998307697952,-73.41068199989294,-73.36940483728492,-73.32655148588167,-73.28241614782706,-73.23722088536624,-73.19114219189566,-73.14433298865865,-73.09694181644466,-73.04913055925772,-73.00109226366037,-72.95307029880028,-72.90537962114777,-72.8584310778021,-72.8127591912239,-72.76905201294635,-72.72817835664517,-72.69119989081517,-72.65933863527917,-72.63384240320865,-72.61566345860733,-72.60492236029013,-72.60055616977417,-72.60178991796278
3.564999999999935,-73.28148377591707,-73.37401796255877,-73.46224903445724,-73.52961945445267,-73.5737414827159,-73.5973745312695,-73.60439094553482,-73.5984394260383,-73.58256520769308,-73.55917280007611,-73.53010323555488,-73.49673882771343,-73.4601035009202,-73.42094860839256,-73.37982238496303,-73.33712464974263,-73.29314963376576,-73.24811948628229,-73.20221080676313,-73.15557660599946,-73.10836546049087,-73.06073919210783,-73.01289063108011,-72.96506270146855,-72.91756958726357,-72.87082090686897,-72.82534933462269,-72.78184025888423,-72.74115880262919,-72.70436173262377,-72.67266490939124,-72.64730903972706,-72.6292393825781,-72.61857181744661,-72.61424411025618,-72.61548751352295
3.569999999999935,-73.29071028254836,-73.38322462298218,-73.47143028422396,-73.53880156401264,-73.58295538066527,-73.60664759379392,-73.61374512849238,-73.60789162397509,-73.59212825942372,-73.56885654346111,-73.53991540867078,-73.50668577209049,-73.47019068202786,-73.43118098650837,-73.39020467091204,-73.34766147478881,-73.30384565578746,-73.25897944769521,-73.21323955352277,-73.16677907114055,-73.11974661052409,-73.07230392964249,-73.02464364142385,-72.9770082251505,-72.92971109459756,-72.88316064464374,-72.83788771087659,-72.7945750337661,-72.75408406892429,-72.71746671522284,-72.68593272048967,-72.66071574543878,-72.64275411512185,-72.63215910161564,-72.62786922911869,-72.62912198845683
3.574999999999935,-73.29991175546625,-73.39240572626922,-73.48058560301095,-73.54795733065576,-73.5921424443626,-73.6158932485413,-73.62307125698598,-73.61731505831102,-73.6016617848804,-73.57850995065643,-73.54969639228419,-73.51660063212451,-73.48024484281083,-73.44137936649948,-73.40055193769955,-73.35816221447926,-73.31450447885574,-73.26980104671975,-73.22422872212293,-73.17794068758317,-73.13108558435385,-73.08382510476805,-73.03635164351017,-72.98890723540772,-72.94180452628234,-72.89545069262682,-72.85037474057768,-72.80725677786556,-72.76695461585595,-72.73051531902246,-72.69914256861225,-72.67406303887755,-72.65620819127005,-72.64568476132112,-72.64143208437035,-72.6426939055452
3.579999999999935,-73.30908834538023,-73.40156142612322,-73.4897151469828,-73.55708691364484,-73.60130283705087,-73.62511166360817,-73.63236950475425,-73.62670990912264,-73.61116597109782,-73.58813321622166,-73.55944638901451,-73.52648361901537,-73.4902662035701,-73.45154397829903,-73.41086442544072,-73.36862711968598,-73.32512636520353,-73.28058455758689,-73.23517859946506,-73.18906175560777,-73.14238269638366,-73.09530304678763,-73.0480149823444,-73.00076009376546,-72.95385026117751,-72.90769144779593,-72.86281083953311,-72.81988592639826,-72.77977089841005,-72.74350801880811,-72.71229494788948,-72.68735143239952,-72.66960213963058,-72.65914933845734,-72.65493322724161,-72.65620382071327
3.5849999999999347,-73.31824020154832,-73.4106918747934,-73.49881907084044,-73.56619047075591,-73.61043672044899,-73.6343030055168,-73.6416400439001,-73.63607635477975,-73.62064100332411,-73.59772653284242,-73.5691655995121,-73.53633494189177,-73.500254982426,-73.46167504954269,-73.42114237182858,-73.37905643872578,-73.33571157436705,-73.29133025168025,-73.24608946944254,-73.20014257231551,-73.15363825765526,-73.10673808144826,-73.05963399916911,-73.01256715776644,-72.96584867392747,-72.91988330266778,-72.87519641883115,-72.83246290959225,-72.7925333663085,-72.75644528382084,-72.72539034662996,-72.70058143227305,-72.68293648248203,-72.67255336838717,-72.6683732022854,-72.66965228313275
3.5899999999999346,-73.32736747179422,-73.41979722309175,-73.50789752783805,-73.57526815829539,-73.61954425476935,-73.6434674392335,-73.65088304490989,-73.64541457196542,-73.6300870650421,-73.60729009135243,-73.57885422248194,-73.54615480783617,-73.51021139534463,-73.47177280559656,-73.43138601216366,-73.38945041739215,-73.34626036321974,-73.30203839757189,-73.25696161297894,-73.211183431669,-73.16485257589227,-73.11813053098747,-73.07120903151375,-73.02432878102414,-72.97780013501836,-72.93202664535923,-72.88753188490642,-72.84498815275785,-72.80524246408329,-72.76932757783618,-72.73842924740391,-72.71375353876712,-72.6962117358662,-72.68589738003804,-72.68175254747567,-72.68303983532185
3.5949999999999345,-73.3364703025242,-73.42887762040972,-73.51695066979967,-73.58432013111688,-73.62862559873521,-73.65260512818647,-73.66009867667212,-73.65472473569564,-73.63950433798995,-73.61682408075555,-73.58851245470656,-73.55594342190922,-73.52013565616383,-73.48183746958479,-73.44159557938342,-73.39980929898636,-73.35677298600517,-73.31270926105766,-73.26779530806554,-73.22218462453259,-73.17602595554295,-73.1294807141791,-73.08274041324366,-73.03604531327518,-72.98970501083399,-72.94412185964691,-72.89981763960377,-72.85746207635567,-72.81789863114935,-72.78215535924168,-72.75141212712532,-72.72686824623776,-72.70942840967892,-72.69918189599633,-72.69507179430457,-72.69636701324376
3.5999999999999344,-73.34554883874385,-73.43793321473466,-73.52597864713567,-73.59334654263786,-73.63768090959772,-73.6617162342835,-73.66928710649593,-73.6640070193387,-73.64889300218137,-73.62632868824727,-73.59814049106905,-73.565700987174,-73.53002797661891,-73.49186926241698,-73.4517713040912,-73.4101333243482,-73.3672496943701,-73.32334310519221,-73.27859082979877,-73.23314643871193,-73.18715869782255,-73.14078894637834,-73.09422847460829,-73.0477171004307,-73.00156366371085,-72.95616932502607,-72.91205408024123,-72.869885096064,-72.83050230187615,-72.7949290811131,-72.76433945713275,-72.73992604321333,-72.72258700775895,-72.71240743259972,-72.70833146787736,-72.70963434640291
3.6049999999999343,-73.3546032240744,-73.44696415266607,-73.53498160885893,-73.60234754485607,-73.64671034315275,-73.6708009179296,-73.67844850012925,-73.67326159463423,-73.65825323592611,-73.63580409923601,-73.60773852457544,-73.57542770471986,-73.53988856636796,-73.50186840281494,-73.46191341458471,-73.42042273188652,-73.37769073739658,-73.33394019032322,-73.28934845041663,-73.24406915899291,-73.19825110075494,-73.15205553956632,-73.10567354228868,-73.05934448462725,-73.01337645199258,-72.96816941676876,-72.92424159967189,-72.8822576228448,-72.84305390565824,-72.80764919128919,-72.77721170326856,-72.75292741247824,-72.73568802797607,-72.7255745000286,-72.72153208700603,-72.72284235794015
3.609999999999934,-73.36363360076905,-73.45597057943158,-73.54395970260092,-73.61132328836577,-73.65571405375759,-73.67985933804398,-73.687583021777,-73.6824886317123,-73.66758521584967,-73.64525049736415,-73.61730674637712,-73.58512377368608,-73.54971763301671,-73.51183510733912,-73.47202213688425,-73.43067775760892,-73.38809636163373,-73.34450077412535,-73.30006843933471,-73.25495306718022,-73.20930345921352,-73.16328080239369,-73.11707593944413,-73.0709278042766,-73.02514373008296,-72.98012250598063,-72.9363805863448,-72.8945800630087,-72.85555386698432,-72.82031613244538,-72.79002932595698,-72.76587283115492,-72.74873196231685,-72.73868360239514,-72.73467416430111,-72.73599156472544
3.614999999999934,-73.37264010972899,-73.46495263890291,-73.55291307462753,-73.6202739223739,-73.6646921943475,-73.68889165207744,-73.69669083411871,-73.69168829911197,-73.676889116913,-73.65466806452882,-73.62684534579262,-73.59478939128495,-73.55951538214332,-73.52176959041486,-73.48209769476041,-73.44089863515133,-73.39846681112923,-73.35502511163342,-73.31075106318185,-73.26579844213515,-73.22031606496164,-73.17446504022381,-73.1284359857583,-73.08246739411497,-73.0368658484987,-72.99202895965716,-72.94847142436505,-72.90685281827902,-72.86800260550568,-72.83293034216622,-72.80279278028068,-72.77876277078482,-72.76171929696937,-72.75173523783138,-72.74775820626185,-72.74908247744955
3.619999999999934,-73.38162289051924,-73.4739104736114,-73.56184186985465,-73.62919959471566,-73.6736449164517,-73.69789801602883,-73.7057720983261,-73.70086076379964,-73.68616511243182,-73.66405698090223,-73.63635451032923,-73.6044247528247,-73.56928201732251,-73.5316720643581,-73.49214030976135,-73.45108559580707,-73.40880232746008,-73.36551345527556,-73.32139658583509,-73.27660555981291,-73.23128920669252,-73.18560855517528,-73.13975399748425,-73.09396358525115,-73.04854315392095,-73.00388914073868,-72.96051449355241,-72.91907628585447,-72.8804005361027,-72.84549225301637,-72.81550251605618,-72.79159769740761,-72.77465051240618,-72.76472989857524,-72.76078471336471,-72.76211560071377
3.624999999999934,-73.39058208138425,-73.48284422476337,-73.57074623186352,-73.63810045187034,-73.68257237020961,-73.70687858446188,-73.71482697408038,-73.71000619118729,-73.69541337409585,-73.67341742495198,-73.64583442570445,-73.61403005173223,-73.57901774014958,-73.54154273940078,-73.50215020123993,-73.46123886855548,-73.41910314976319,-73.37596605490545,-73.33200526845421,-73.28737469329941,-73.24222317006821,-73.19671164616344,-73.1510302874895,-73.10541670521454,-73.06017598924626,-73.01570340816492,-72.9725101694995,-72.93125085847105,-72.89274806895095,-72.85800229261062,-72.82815897790778,-72.80437807163932,-72.78752608346609,-72.77766807105536,-72.77375418015048,-72.77509143311806
3.6299999999999337,-73.39951781926332,-73.49175403225551,-73.57962630291608,-73.64697663897661,-73.69147470438654,-73.71583351052142,-73.72385561958939,-73.7191247451504,-73.70463407198757,-73.68274957346087,-73.65528527586699,-73.62360547957522,-73.58872275026411,-73.55138182371597,-73.51212758638019,-73.47135868009025,-73.42936951476536,-73.38638315783427,-73.34257736951564,-73.29810611284742,-73.2531182377583,-73.2077746089419,-73.1622651652995,-73.11682707800176,-73.07176469363667,-73.02747211692834,-72.98445882362877,-72.94337692446292,-72.90504560958603,-72.87046088368261,-72.84076260534039,-72.8171043487489,-72.80034647943432,-72.79055023597437,-72.78666709530978,-72.78801046734799
3.6349999999999336,-73.4084302398058,-73.50064003468984,-73.58848222396995,-73.65582829984778,-73.70035206638927,-73.7247629459497,-73.73285819160441,-73.72821658804557,-73.71382737460085,-73.69205360154665,-73.66470724301755,-73.63315122608424,-73.5983972453731,-73.56118952344247,-73.52207268022367,-73.48144525484715,-73.43960165681287,-73.3967650088623,-73.35311314484613,-73.30880008591241,-73.263974689478,-73.21879773614286,-73.17345893714128,-73.12819502412299,-73.08330960256895,-73.03919561812673,-72.99636082324879,-72.9554548678223,-72.917293558967,-72.8828684441526,-72.8533138328112,-72.82977697873376,-72.81311216412152,-72.80337686839076,-72.7995239417669,-72.80087319025947
3.6399999999999335,-73.41731947738621,-73.50950236938849,-73.59731413469319,-73.6646555769868,-73.70920460228164,-73.73366704110224,-73.74183484543691,-73.73728188072809,-73.72299344885947,-73.70132968268129,-73.67410050762929,-73.64266747917445,-73.60804142127412,-73.57096604270927,-73.5319856956952,-73.49149881503169,-73.44979980790076,-73.40711185030986,-73.36361284765567,-73.31945687718746,-73.27479280202559,-73.22978131731719,-73.1846119059858,-73.13952086064728,-73.09481104788307,-73.05087425901507,-73.00821653160932,-72.96748506825816,-72.92949231353919,-72.8952253871938,-72.86581308979989,-72.84239640639366,-72.825823595941,-72.81614843779931,-72.8123251967627,-72.81368008296292
3.6449999999999334,-73.42618566511898,-73.51834117240841,-73.606122173479,-73.67345861160119,-73.71803245679956,-73.74254594496367,-73.75078573497484,-73.74632078256909,-73.73213246013505,-73.71057798871027,-73.68346524846815,-73.65215442496702,-73.61765547187792,-73.5807115836596,-73.54186684362845,-73.50151958064606,-73.45996419770152,-73.41742392204802,-73.37407672857009,-73.33007674863823,-73.28557284931928,-73.24072563897371,-73.1957243715901,-73.15080490124747,-73.10626935783017,-73.06250838305651,-73.0200263079557,-72.97946790125437,-72.94164226529598,-72.90753212129792,-72.8782608008779,-72.85496307140359,-72.83848122798518,-72.82886540821,-72.8250713319353,-72.82643162090505
3.6499999999999333,-73.43502893487313,-73.52715657855595,-73.61490647746022,-73.68223754361755,-73.72683577336613,-73.75139980516312,-73.75971101269896,-73.75533345147255,-73.7412445722651,-73.71979868987138,-73.6928016426127,-73.66161224781007,-73.62723958923075,-73.59042634647464,-73.55171633279113,-73.5115077695159,-73.47009505359357,-73.42770146152859,-73.38450503566321,-73.34065995953702,-73.29631510243372,-73.25163098461807,-73.20679663053855,-73.16204745624418,-73.11768485711941,-73.07409832997244,-73.0317905075824,-72.99140373812654,-72.95374380183911,-72.91978905033935,-72.89065738577644,-72.86747740838547,-72.85108550810038,-72.84152823822576,-72.83776281340003,-72.83912827394995
3.654999999999933,-73.44384941728671,-73.53594872140089,-73.62366718252356,-73.69099251169615,-73.73561469410653,-73.7602287679898,-73.76861082969879,-73.76432004389216,-73.75032994757066,-73.72899195481331,-73.70210986547386,-73.67104113029976,-73.63679396353656,-73.6001105293969,-73.56153436990982,-73.5214635973167,-73.48019260068915,-73.43794470381415,-73.39489801448836,-73.35120676649628,-73.30701982963576,-73.2624976347908,-73.21782897628351,-73.17324883264936,-73.12905786696436,-73.08564443579205,-73.04350948188575,-73.00329294607805,-72.96579730643842,-72.9319965736386,-72.90300325945331,-72.87993984697847,-72.86363687896048,-72.85413738111887,-72.85040010182777,-72.85177050645828
3.659999999999933,-73.45264724178108,-73.54471773329072,-73.63240442332366,-73.69972365324507,-73.74436935986247,-73.769032978408,-73.7774853356885,-73.77328071484781,-73.75938874687363,-73.73815795061408,-73.71139009081433,-73.68044125330063,-73.6463187831786,-73.60976432875327,-73.5713211596943,-73.53138727759962,-73.49025706186194,-73.44815388160711,-73.40525590810965,-73.361717423502,-73.31768729641983,-73.27332586710511,-73.2288216991857,-73.18440933420896,-73.14038870512866,-73.09714703290076,-73.05518357841561,-73.0151358882555,-72.97780315809078,-72.94415508602445,-72.91529883215888,-72.89235081190827,-72.87613577813917,-72.86669328490595,-72.86298365252193,-72.86435877736548
3.664999999999933,-73.46142253657501,-73.55346374536457,-73.64111833329709,-73.70843110443448,-73.7530999102068,-73.77781258007207,-73.78633467902239,-73.78221561794201,-73.76842112951411,-73.74729684279922,-73.72064249076784,-73.6898127959661,-73.65581423474106,-73.61938793897787,-73.58107690486193,-73.54127902181735,-73.50028865777435,-73.45832922527875,-73.41557895713271,-73.37219218194629,-73.32831776554266,-73.28411595628377,-73.23977508655334,-73.19552926144512,-73.15167768597085,-73.10860645008839,-73.06681314092651,-73.02693292380276,-72.98976173157733,-72.95626497789506,-72.92754450950063,-72.90471072305516,-72.8885826381813,-72.87919639242176,-72.8755139154942,-72.8768935402584
3.669999999999933,-73.47017542869858,-73.56218688756692,-73.64980904467608,-73.71711500021037,-73.76180648345778,-73.78656771534122,-73.7951590067104,-73.79112490537595,-73.77742725336732,-73.75640879535963,-73.729867235858,-73.6991559357583,-73.66528050303017,-73.62898155263434,-73.59080180616118,-73.55113903934912,-73.51028760690424,-73.46847096289771,-73.42586739973498,-73.38263129065975,-73.33891149705781,-73.29486817419587,-73.25068942268142,-73.20660891169749,-73.16292512048871,-73.12002301259601,-73.07839850942784,-73.03868440791457,-73.00167339752078,-72.96832663527846,-72.93974069250683,-72.9170199955208,-72.90097788667273,-72.8916471413917,-72.8879913355387,-72.88937524345057
3.6749999999999328,-73.4789060440069,-73.57088728866111,-73.65847668850202,-73.72577547430849,-73.77048921669311,-73.79529852529419,-73.80395846443335,-73.80000872796553,-73.78640727486034,-73.76549397076934,-73.73906449501689,-73.7084708484679,-73.6747177710952,-73.63854536043827,-73.6004960623954,-73.56096753752585,-73.52025412557146,-73.47857932025809,-73.43612147169551,-73.39303499594303,-73.34946874834918,-73.30558278989271,-73.26156498888984,-73.21764857916439,-73.17413131636256,-73.13139704216239,-73.0899400202332,-73.05039069188904,-73.01353852244101,-72.98034043989158,-72.95188777768921,-72.92927903969444,-72.91332194630915,-72.90404596450317,-72.90041635230556,-72.90180433005659
3.6799999999999327,-73.48761450719373,-73.57956507624284,-73.66712139463888,-73.7344126592677,-73.77914824576388,-73.8040051497435,-73.81273319655779,-73.8088672351571,-73.79536134898875,-73.7745525300028,-73.74823443560369,-73.71775770823358,-73.68412622024891,-73.64807955127878,-73.61015987044586,-73.57076472165464,-73.53018842796385,-73.48865452090718,-73.44634140642458,-73.40340354159838,-73.35998977416459,-73.31626006964333,-73.27240206356142,-73.2286485549429,-73.18529657799856,-73.14272885706995,-73.10143800600922,-73.06205212317954,-73.0253574688102,-72.99230676919873,-72.9639861571045,-72.94148826131726,-72.92561523496383,-72.91639328947568,-72.91278940037255,-72.91418123806494
3.6849999999999326,-73.49630094180472,-73.58822037675338,-73.67574329178652,-73.74302668644356,-73.78778370530824,-73.81268772724977,-73.82148334615097,-73.81770057504286,-73.80428962933286,-73.78358463255223,-73.75737722342265,-73.72701668756122,-73.69350603008812,-73.65758431224027,-73.61979342529452,-73.5805307950429,-73.54009072616311,-73.49869678617273,-73.45652743499264,-73.41373716896038,-73.37047482664852,-73.32690027696943,-73.2832009221788,-73.23960912706843,-73.19642120657056,-73.15401877218956,-73.11289279582336,-73.0736690454456,-73.03713059510687,-73.00422599646882,-72.97603621841505,-72.9536480615463,-72.937858165754,-72.92868953912979,-72.92511090931576,-72.92650640040937
3.6899999999999324,-73.50496547025081,-73.59685331549262,-73.68434250749367,-73.75161768602146,-73.79639572876509,-73.82134639513568,-73.83020905499538,-73.82650889437633,-73.81319226807385,-73.79259043644458,-73.76649302274122,-73.73624795734304,-73.70285737851364,-73.66705982862354,-73.62939692004677,-73.59026595902247,-73.54996123017006,-73.50870633519004,-73.46667978615889,-73.42403611692652,-73.38092415537453,-73.33750367267974,-73.29396183736145,-73.25053058055401,-73.20750550006193,-73.1652670990247,-73.1243047151911,-73.0852417986031,-73.04885825586929,-73.01609849083174,-72.98803834494831,-72.96575883701713,-72.95005114710649,-72.94093513145505,-72.93738130377947,-72.93878024503977
3.6949999999999323,-73.51360821382113,-73.60546401663191,-73.69291916817082,-73.76018578702971,-73.80498444838736,-73.82998128949988,-73.83891046360326,-73.83529233858737,-73.82206941600974,-73.80157009825834,-73.77558199630766,-73.74545168687607,-73.71218044175014,-73.6765062839669,-73.63897054595351,-73.59997041297308,-73.5598001479297,-73.5186833849283,-73.47679868639958,-73.4343006219869,-73.3913380073771,-73.34807051490424,-73.30468507890158,-73.26141319742851,-73.2185497533065,-73.17647414575549,-73.13567408612248,-73.09677071887364,-73.06054080174776,-73.0279246173342,-72.99999291575568,-72.97782097990529,-72.96219458282192,-72.95313047967639,-72.9496010035441,-72.95100319499096
3.6999999999999322,-73.52222929269597,-73.61405260322692,-73.70147339910302,-73.76873111735249,-73.81354999525527,-73.83859254523075,-73.84758771123087,-73.84405105179727,-73.83092122257104,-73.81052377313999,-73.78464430536845,-73.7546280438808,-73.7214753943657,-73.68592386006681,-73.64851449243321,-73.60964435434562,-73.56960768535598,-73.52862815021706,-73.48688435993591,-73.4445309182543,-73.40171662718319,-73.3586010591273,-73.3153709137999,-73.27225725677484,-73.22955425802901,-73.18764021728146,-73.14700122716776,-73.1082561388333,-73.07217857955638,-73.03970473699407,-73.01190030566997,-72.98983487798704,-72.97428887213817,-72.96527599232003,-72.96177042359379,-72.96317566845121
3.704999999999932,-73.53082882595946,-73.62261919723026,-73.71000532446249,-73.77725380374247,-73.82209249928935,-73.8471802960197,-73.85624093589247,-73.85278517683334,-73.83974783583628,-73.81945161482038,-73.79368010968568,-73.76377719451939,-73.73074240929105,-73.6953127369983,-73.6580289470934,-73.61928797868516,-73.57938404635593,-73.53854084377183,-73.49693702876131,-73.45472723749288,-73.41206025684319,-73.36909555822096,-73.3260196063007,-73.28306303476715,-73.24051930288472,-73.19876561526381,-73.15828645346244,-73.11969838746025,-73.08377193232376,-73.05143920685447,-73.0237608853625,-73.00180091469916,-72.98633440979258,-72.97737207327782,-72.97388997418233,-72.97529807882908
3.709999999999932,-73.5394069316121,-73.63116391950362,-73.71851506732092,-73.78575397183356,-73.8306120892635,-73.85574467437472,-73.86487027437437,-73.86149485524356,-73.84854940254728,-73.82835377563092,-73.80268956755403,-73.77289930341364,-73.73998165783877,-73.7046730931352,-73.66751409575218,-73.62890147965352,-73.58912943285395,-73.5484216762198,-73.50695691266867,-73.4648898091472,-73.4223691359614,-73.37955426247724,-73.3366314179264,-73.29383080470761,-73.2514451734987,-73.2098506381672,-73.16953007677158,-73.1310977901821,-73.09532119934305,-73.06312838003642,-73.0355750213986,-73.0137194691974,-72.99833158608324,-72.98941912187074,-72.9859600608985,-72.98737083481942
3.714999999999932,-73.54796372658322,-73.63968688983039,-73.72700274966184,-73.79423174615323,-73.83910889281753,-73.8642858116335,-73.87347586224847,-73.87018022731094,-73.8573260681243,-73.83723040651947,-73.81167283581755,-73.78199453366274,-73.74919330972186,-73.71400510516999,-73.6769701224593,-73.6384850490516,-73.59884404481528,-73.55827085612474,-73.51694422927689,-73.47501886037045,-73.4326435017264,-73.38997741964027,-73.34720660751162,-73.3045608370628,-73.26233215250443,-73.22089558130091,-73.18073240553366,-73.14245466892224,-73.10682671622119,-73.07477260579122,-73.04734307629289,-73.02559091641434,-73.01028078692931,-73.00141753291138,-72.99798108472967,-72.99939434046796
3.719999999999932,-73.55649932674318,-73.64818822692753,-73.73546849239264,-73.80268725013474,-73.8475830364698,-73.87280383797636,-73.88205783388604,-73.87884143206773,-73.86607797668101,-73.84608165706602,-73.82063006988625,-73.79106304686083,-73.75837753307246,-73.72330894813336,-73.68639720951674,-73.64803887684145,-73.60852808026948,-73.568088590012,-73.52689919405731,-73.48511461605257,-73.44288358894052,-73.40036527493783,-73.35774543123684,-73.31525339949938,-73.27318051958176,-73.2319007368591,-73.19189374490344,-73.15376934214555,-73.11828881492744,-73.08637222955164,-73.05906540856328,-73.03741562711622,-73.02218239393028,-73.01336769676521,-73.00995344212501,-73.0113689952352
3.7249999999999317,-73.56501384691548,-73.65666804845768,-73.74391241535666,-73.81112060612938,-73.85603464562963,-73.88129888243915,-73.89061632247093,-73.88747860730939,-73.8748052710391,-73.85490767549825,-73.8295614237525,-73.80010500311425,-73.76753449445997,-73.73258479541366,-73.69579553749948,-73.65756315116809,-73.61818173533345,-73.57787508239282,-73.53682202035961,-73.49517729884754,-73.45308963004923,-73.4107180711125,-73.36824814266149,-73.32590875691932,-73.2839905514945,-73.24286639396088,-73.20301439679433,-73.16504212490338,-73.1297078238409,-73.09792759298234,-73.07074237278435,-73.04919396795893,-73.03403678442444,-73.02526999941121,-73.02187752505728,-73.02329519405922
3.7299999999999316,-73.57350740088872,-73.66512647104085,-73.75233463734492,-73.81953193541833,-73.86446384460962,-73.88977107292598,-73.89915146001283,-73.89609188960844,-73.88350809274284,-73.86370860870683,-73.83846705000717,-73.80912056105872,-73.77666435890931,-73.741832818776,-73.70516528527556,-73.66705805838068,-73.62780520423408,-73.58763053578849,-73.54671291943738,-73.50520712920087,-73.46326185517007,-73.42103604845244,-73.37871499275651,-73.33652717149464,-73.29476252212723,-73.25379283868931,-73.21409465992019,-73.17627332887788,-73.14108406779783,-73.10943903402978,-73.08237431963936,-73.06092630154279,-73.04584433154614,-73.03712482250111,-73.033753721084,-73.03517332741716
3.7349999999999315,-73.58198010142829,-73.67356361026619,-73.76073527610778,-73.82792135822453,-73.8728707566377,-73.89822053622164,-73.90766337736032,-73.90468141432814,-73.8921865820735,-73.87248460226044,-73.84734709985553,-73.81810987787603,-73.78576728991855,-73.75105318838106,-73.71450663002608,-73.67652378305397,-73.63739867933089,-73.5973551507542,-73.55657210047349,-73.51520432537615,-73.47340049212102,-73.43131944482151,-73.38914622993664,-73.34710890270152,-73.30549670252171,-73.26468035413032,-73.22513482983638,-73.18746326242562,-73.15241786813759,-73.12090688697093,-73.0939615959725,-73.07261298646712,-73.05760540428243,-73.04893254341803,-73.04558241340693,-73.04700378138605
3.7399999999999314,-73.59043206028815,-73.6819795807035,-73.76911444836657,-73.83628899372437,-73.88125550386906,-73.90664739800408,-73.91615220421377,-73.91324731563593,-73.90084087806346,-73.88123580042092,-73.85620172313305,-73.82707310931076,-73.79484344947662,-73.76024607280371,-73.72381974726501,-73.68596050800906,-73.6469623511379,-73.60704912590234,-73.56639977060473,-73.52516910348162,-73.48350576644859,-73.44156849568918,-73.39954210009209,-73.35765420735416,-73.31619336091266,-73.2755292204107,-73.23613519898026,-73.19861223062064,-73.16370954274845,-73.13233148246172,-73.10550454483925,-73.0842543773832,-73.06932036752866,-73.06069353533391,-73.05736398093161,-73.05878693770256
3.7449999999999313,-73.59886338822224,-73.69037449591458,-73.77747226982481,-73.84463496005917,-73.88961820739809,-73.91505178285657,-73.92461806913809,-73.92178972651686,-73.90947111851024,-73.88996234615774,-73.86503106832099,-73.83601040968676,-73.80389299808064,-73.76941163905141,-73.73310481085844,-73.69536841433393,-73.65649640834563,-73.61671265792583,-73.5761961349467,-73.53510167749621,-73.49357790145557,-73.45178343415989,-73.40990284661972,-73.36816333963792,-73.32685276276328,-73.28633971473562,-73.24709605671114,-73.2097205352967,-73.17495940611228,-73.14371314758421,-73.11700350555638,-73.09585082504694,-73.08098958214316,-73.07240816726632,-73.06909879832489,-73.07052317382164
3.749999999999931,-73.60727419499575,-73.6987484684644,-73.78580885517958,-73.85295937434657,-73.89795898726989,-73.9234338142797,-73.93306109957518,-73.93030877878662,-73.91807743999028,-73.89866438116273,-73.87383528256164,-73.84492193192321,-73.81291609475292,-73.77855005258226,-73.74236199304393,-73.70474768140382,-73.66600103784253,-73.62634594162091,-73.58596139661775,-73.54500225929523,-73.50361711822829,-73.46196449100213,-73.4202287104539,-73.37863655114194,-73.33747517079978,-73.29711211142568,-73.25801768934946,-73.220788475089,-73.18616776934881,-73.15505220589351,-73.12845881375146,-73.10740267637053,-73.09261340500127,-73.08407680413406,-73.08078723607231,-73.0822128629745
3.754999999999931,-73.61566458939645,-73.7071016099323,-73.79412431813252,-73.86126235269177,-73.90627796249186,-73.93179361470344,-73.94148142185645,-73.93880460310453,-73.92665997787259,-73.90734204586438,-73.88261451167351,-73.8538078275507,-73.82191289705811,-73.787661477323,-73.75159146444933,-73.71409848690126,-73.6754764247363,-73.63594916990951,-73.59569575676302,-73.55487105867573,-73.51362363566348,-73.47211189467696,-73.43051993009688,-73.3890740908917,-73.34806084504588,-73.30784668195334,-73.26890038021557,-73.23181634547531,-73.19733494025922,-73.16634897746368,-73.13987080141104,-73.11891027447308,-73.10419218904808,-73.09569980681206,-73.0924296605342,-73.09385637422528
3.759999999999931,-73.62403467924578,-73.71543403092298,-73.80241877140095,-73.86954401019875,-73.91457525104516,-73.94013130549875,-73.94987916121498,-73.9472773289864,-73.93521886633215,-73.91599547944196,-73.89136890016628,-73.86266824672705,-73.83088356111968,-73.79674607568653,-73.76079339411159,-73.72342100683596,-73.68492275237483,-73.64552253386162,-73.60539941457793,-73.5647082833814,-73.52359767049484,-73.48222587136613,-73.44077674164882,-73.39947620538061,-73.3586100428566,-73.31854369497881,-73.27974440966786,-73.24280443881632,-73.20846122336881,-73.17760377893306,-73.15123979692862,-73.13037395873098,-73.11572628335088,-73.10727753218536,-73.10402643400097,-73.10545407252721
3.764999999999931,-73.6323845714096,-73.72374584107719,-73.81069232672853,-73.87780446098103,-73.92285096989576,-73.94844700698933,-73.95825444179769,-73.95572708481723,-73.94375423836343,-73.92462481983962,-73.90009859125558,-73.87150333825277,-73.83982824163641,-73.80580400858935,-73.76996794949495,-73.7327154155641,-73.69434020236675,-73.65506622271715,-73.61507256733142,-73.57451413912743,-73.53353943731929,-73.49230664499994,-73.45099937883705,-73.40984313860145,-73.36912301895141,-73.3292034163855,-73.29055005514029,-73.25375304439567,-73.21954691996942,-73.18881692354887,-73.1625661251514,-73.14179406482697,-73.12721603315035,-73.11881033320233,-73.11557791474767,-73.11700631877761
3.7699999999999307,-73.64071437180917,-73.73203714908254,-73.818945094896,-73.88604381817265,-73.93110523500572,-73.95674083846303,-73.96660738667734,-73.9641539978636,-73.95226622579311,-73.9332302037801,-73.90880372687751,-73.88031324958658,-73.8487470918988,-73.81483543546884,-73.77911529650942,-73.74198188580772,-73.70372895460208,-73.6645804239076,-73.62471541038897,-73.58428882962464,-73.54344914862266,-73.50235443728478,-73.46118807304553,-73.42017513207726,-73.3796000254473,-73.3398261093148,-73.30131759117948,-73.26466244845892,-73.2305923281608,-73.19998872121108,-73.17385010742676,-73.15317092479877,-73.1386617799114,-73.13029855892695,-73.12708445708748,-73.12851346987242
3.7749999999999306,-73.64902418543176,-73.74030806268401,-73.82717718573187,-73.89426219393889,-73.93933816134397,-73.96501291818309,-73.9749381178641,-73.97255819428615,-73.96075495929352,-73.94181176677851,-73.91748444770309,-73.8890981268605,-73.85764026380494,-73.82384051430017,-73.7882355995285,-73.75122058867379,-73.7130891872721,-73.67406532307727,-73.63432813723512,-73.59403255660362,-73.55332701480516,-73.51236946772985,-73.47134305334323,-73.43047242489179,-73.390041311891,-73.35041203420053,-73.31204728948111,-73.27553293425258,-73.24159774289178,-73.21111947851593,-73.18509206164775,-73.16450486708685,-73.1500638613727,-73.14174255459012,-73.13854641142426,-73.13997587875909
3.7799999999999305,-73.657314116341,-73.74855868869436,-73.83538870812268,-73.90245969948668,-73.94754986289729,-73.97326336339951,-73.98324675631743,-73.98093979915159,-73.96922056839503,-73.9503696431556,-73.9261408931523,-73.89785811489486,-73.86650790787643,-73.83281940161301,-73.79732902140708,-73.76043169367283,-73.72242107688945,-73.68352110410447,-73.64391093949571,-73.60374551983826,-73.56317324420667,-73.52235195367412,-73.48146454651256,-73.4407352537197,-73.40044712529092,-73.36096144880283,-73.32273941892595,-73.28636478206195,-73.25256345600042,-73.22220949879808,-73.19629230229788,-73.1757962165813,-73.1614226115958,-73.15314266164073,-73.1499641243049,-73.15139389448959
3.7849999999999304,-73.66558426768752,-73.75678913300445,-73.84357977002338,-73.91063644507524,-73.955740452681,-73.98149229036001,-73.99153342195744,-73.98929893644487,-73.9776631814989,-73.95890396605121,-73.93477320140835,-73.90659335721314,-73.87535017327396,-73.84177225250808,-73.80639572349875,-73.76961536873758,-73.73172479830748,-73.69294794912217,-73.65346400696018,-73.61342791716918,-73.57298804313112,-73.53230211031227,-73.49155277707725,-73.45096385285588,-73.41081771014858,-73.3714746082414,-73.33339424561525,-73.29715826924881,-73.26348975625389,-73.2332590821731,-73.20745114049545,-73.18704529466851,-73.1727383610135,-73.16449921779528,-73.16133793847006,-73.16276786227185
3.7899999999999303,-73.67383474171913,-73.76499950059348,-73.85175047846755,-73.91879254002617,-73.96391004274938,-73.98969981432091,-73.99979823367636,-73.99763572908111,-73.9860829258897,-73.9674148674374,-73.94338150943133,-73.91530399605651,-73.88416720781288,-73.8506992206735,-73.81543586567321,-73.77877178024102,-73.74100052473982,-73.70234603853851,-73.6629875276029,-73.62307994452664,-73.58277161587135,-73.54222015072095,-73.50160796732989,-73.46115845424487,-73.42115330848958,-73.38195176502855,-73.34401203290551,-73.30791367028831,-73.27437692938754,-73.24426852557848,-73.21856888403697,-73.19825241927637,-73.18401143647715,-73.17581255708706,-73.17266819290442,-73.1740981235208
3.79499999999993,-73.68206563979089,-73.77318989553895,-73.85990093957743,-73.92692809273392,-73.97205874420622,-73.99788604955802,-74.0080413093497,-74.00595029891717,-73.99447992774772,-73.97590247813136,-73.951965952972,-73.92399017239835,-73.8929591579782,-73.85960045840086,-73.82444960633318,-73.7879010930146,-73.75024842777925,-73.71171555105698,-73.67248168760482,-73.63270179595337,-73.59252416473285,-73.55210628588408,-73.51163033735898,-73.47131928750971,-73.4314541598943,-73.3923931691016,-73.35459304144317,-73.31863125680562,-73.28522525814354,-73.25523812281442,-73.22964583744015,-73.20941790491955,-73.19524216130371,-73.18708300991463,-73.18395522288664,-73.18538501590848
3.79999999999993,-73.6902770623751,-73.78136042102656,-73.86803125857377,-73.93504321067553,-73.98018666721508,-74.00605110937713,-74.01626276584734,-74.01424276676337,-74.00285431216093,-73.98436692780817,-73.96052666658508,-73.93265202595833,-73.90172616893982,-73.86847611660114,-73.8334371024313,-73.797003470366,-73.75946867741675,-73.72105666369647,-73.6819466713746,-73.64229366362696,-73.60224589005772,-73.56196072471818,-73.52162010507567,-73.48144657998006,-73.44172050152787,-73.40279906785479,-73.36513752919818,-73.32931129761153,-73.29603502230884,-73.26616816458406,-73.2406823019859,-73.22054206274348,-73.20643085532168,-73.19831090308936,-73.19519936003775,-73.19662887341336
3.80499999999993,-73.69846910907133,-73.78951117936015,-73.87614153978576,-73.94313800042082,-73.9882939210095,-74.01419510612472,-74.02446271904448,-74.02251325239489,-74.01120620313722,-73.99280834501354,-73.96906378364284,-73.94128969521657,-73.91046838456734,-73.87732634482032,-73.84239850948663,-73.80607907409653,-73.76866144205981,-73.73036955181078,-73.69138266156938,-73.65185573788185,-73.61193699024791,-73.57178367409708,-73.53157748624018,-73.49154055672035,-73.45195256816986,-73.41316970617083,-73.37564575149771,-73.33995405873816,-73.30680649875261,-73.27705893853287,-73.25167857576022,-73.23162520056815,-73.2175778349165,-73.20949655988244,-73.20640093236916,-73.20783002636901
3.80999999999993,-73.70664187861603,-73.79764227197123,-73.8842318866607,-73.95121256764205,-73.99638061390306,-74.0223181511982,-74.03264128383248,-74.03076187456308,-74.01953572361609,-74.00122685717625,-73.97757743634803,-73.94990331742765,-73.91918594744466,-73.88615129125495,-73.85133398160107,-73.81512806451863,-73.77782688855106,-73.73965438910822,-73.70078983911533,-73.66138820723121,-73.62159766178858,-73.58157533887669,-73.54150269448782,-73.50160144055745,-73.46215059224367,-73.42350532645195,-73.38611796105886,-73.35055980347369,-73.31753996146314,-73.28791072928766,-73.2626349536949,-73.24266762293078,-73.22868341307532,-73.22064030007097,-73.21756026433025,-73.21898880151194
3.81499999999993,-73.7147954688923,-73.8057537994286,-73.89230240177349,-73.95926701712371,-74.0044468532992,-74.03042035505625,-74.04079857412945,-74.03898875100664,-74.02784299548048,-74.00962259062044,-73.986067755747,-73.95849302863395,-73.92787899888441,-73.89495110276742,-73.8602436714756,-73.82415060047292,-73.78696518218615,-73.7489113476706,-73.71016838322808,-73.67089125838845,-73.6312280992707,-73.59133592191893,-73.55139594135456,-73.51162945210771,-73.47231480384534,-73.4338061686505,-73.39655440802119,-73.36112879239671,-73.32823568158422,-73.29872381849496,-73.27355172760804,-73.25366963112829,-73.23974789943091,-73.23174243998352,-73.2286776768547,-73.23010552202862
3.8199999999999297,-73.72292997693934,-73.8138458614479,-73.90035318683616,-73.967301452772,-74.01249274570114,-74.03850182722886,-74.0489347028909,-74.04719399846263,-74.03612813956833,-74.01799567057783,-73.99453487174246,-73.96705896367955,-73.93654767894242,-73.90372592490104,-73.86912773042609,-73.83314683934502,-73.79607648673172,-73.75814059797229,-73.7195184714326,-73.68036507628842,-73.64082849541364,-73.60106562411568,-73.56125743630238,-73.52162480980387,-73.48244543077207,-73.44407247029922,-73.40695533997878,-73.37166128341022,-73.33889392745097,-73.30949848485884,-73.28442918624376,-73.26463152325894,-73.25077160030511,-73.24280329254492,-73.23975348740626,-73.241180507602
3.8249999999999296,-73.73104549896179,-73.82191855690075,-73.90838434270725,-73.97531597762445,-74.02051839672153,-74.04656267632745,-74.05704978212007,-74.05537773267739,-74.0443912756839,-74.0263462211997,-74.00297891310613,-73.97560125622333,-73.94519212643156,-73.9124759018949,-73.8779863083991,-73.8421169370822,-73.80516096444292,-73.76734230889872,-73.72884027958304,-73.68980984410837,-73.65039904108733,-73.61076464441233,-73.57108738674425,-73.53158772992154,-73.49254269855014,-73.45430446654083,-73.41732100201166,-73.3821575317749,-73.3495149646251,-73.32023500417797,-73.29526761531135,-73.27555359426322,-73.26175481875161,-73.25382316732035,-73.25078801002412,-73.25221407445709
3.8299999999999295,-73.73914213033919,-73.8299719838242,-73.91639596940091,-73.9833106938591,-74.02852391109205,-74.05460301005476,-74.06514392287829,-74.0635400684172,-74.05263252260922,-74.03467436556882,-74.01140000749132,-73.98412003875227,-73.95381247893589,-73.92120117669857,-73.8868195539875,-73.85106104820991,-73.8142187760809,-73.77651664776495,-73.73813398188216,-73.69922574328848,-73.65993992533406,-73.62043317983087,-73.58088599806858,-73.54151842660521,-73.50260683046267,-73.46450239015752,-73.42765163671693,-73.39261779014208,-73.36009905592975,-73.33093364938262,-73.30606729752391,-73.2864361359643,-73.27269785459772,-73.26480237055881,-73.26178155536728,-73.26320653540606
3.8349999999999294,-73.747219965635,-73.83800623942952,-73.92438816609608,-73.99128570280378,-74.03650939267284,-74.0626229352145,-74.0732172352951,-74.07168111947905,-74.060851998115,-74.042980225711,-74.01979828144516,-73.9926154425945,-73.96240887282427,-73.92990189098678,-73.89562761444569,-73.85997932584796,-73.82325008092998,-73.78566378033368,-73.74739975090064,-73.70861295355242,-73.66945133539024,-73.63007142549293,-73.59065347366369,-73.5514171118941,-73.51263804757694,-73.47466647159978,-73.43794748423947,-73.40304230858614,-73.37064646148369,-73.34159469057053,-73.31682851263638,-73.29727943710799,-73.28360100448614,-73.275741205236,-73.27273443075829,-73.27415819989251
3.8399999999999292,-73.75527909860568,-73.8460214201115,-73.93236103114558,-73.99924110494528,-74.04447494446177,-74.07062255772108,-74.0812698285783,-74.07980099870105,-74.06904981897196,-74.05126392260695,-74.02817386042095,-74.00108759793207,-73.97098144326392,-73.93857818517357,-73.90441063570488,-73.8688719217265,-73.83225503681444,-73.7947838708333,-73.75663775759602,-73.71797165292737,-73.6789334567076,-73.63967957464224,-73.6003900149416,-73.5612839957474,-73.52263656877123,-73.484796939015,-73.44820878230209,-73.41343133463663,-73.3811574387353,-73.35221839504283,-73.32755153748293,-73.30808378340171,-73.29446456191566,-73.28663997109642,-73.28364694022653,-73.2850693740351
3.844999999999929,-73.76331962220975,-73.8540176214572,-73.94031466208486,-74.00717699993838,-74.05242066860386,-74.07860198260923,-74.08930181102384,-74.08789981797277,-74.07722610096141,-74.05952557620343,-74.03652686878996,-74.00953663381364,-73.97953032423392,-73.94723019842641,-73.91316876238788,-73.87773898620185,-73.84123380011553,-73.80387708197551,-73.76584817133146,-73.72730201776383,-73.68838647297424,-73.649257818667,-73.61009582136165,-73.5711192860694,-73.53260261076137,-73.49489401827547,-73.45843576623527,-73.42378511330948,-73.39163224249559,-73.36280502733885,-73.33823664601394,-73.31884945755333,-73.30528881728125,-73.29749896469487,-73.29451938455061,-73.29594036067063
3.849999999999929,-73.77134162861645,-73.8619949382547,-73.94824915564084,-74.01509348661457,-74.06034666640014,-74.0865613140432,-74.09731329002562,-74.09597768824551,-74.08538095888613,-74.06776530542466,-74.04485742985356,-74.01796267816711,-73.9880556485383,-73.95585806868031,-73.92190213782398,-73.88658066827209,-73.85018652578756,-73.81294357497283,-73.77503115989414,-73.73660422275516,-73.69781056613526,-73.65880634712167,-73.6197710904539,-73.58092318873418,-73.54253638812686,-73.50495793300621,-73.46862866900658,-73.43410388713843,-73.4020711249713,-73.37335484927098,-73.34888410933237,-73.32957673930918,-73.31607405791391,-73.30831847943745,-73.3053520613002,-73.30677145939624
3.854999999999929,-73.77934520921474,-73.86995346450183,-73.95616460774069,-74.02299066299112,-74.06825303831685,-74.09450065532626,-74.10530437208524,-74.1040347195424,-74.09351450658087,-74.07598322818352,-74.05316566585485,-74.02636585781191,-73.99655754781931,-73.96446193265163,-73.93061090406351,-73.89539711559249,-73.85911336737458,-73.82198350955584,-73.78418688951362,-73.74587844095707,-73.70720591641339,-73.66832534774885,-73.62941601784192,-73.59069590760981,-73.55243811333679,-73.51498890461227,-73.47878772124967,-73.44438789620541,-73.41247433579717,-73.3838681199587,-73.35949419572961,-73.3402659054916,-73.32682056811954,-73.31909880562179,-73.3161452648773,-73.31756296661125
3.859999999999929,-73.78733045462157,-73.87789329341473,-73.96406111352027,-74.03086862627953,-74.07613988399432,-74.10242010890975,-74.11327516282141,-74.11207102096841,-74.10162685692299,-74.08417946139241,-74.06145169799015,-74.0347462984712,-74.00503615257001,-73.9730419258515,-73.93929520189216,-73.90418847449071,-73.86801447702628,-73.8309970439901,-73.79331552487982,-73.75512484380647,-73.71657270232903,-73.67781500650058,-73.63903079726559,-73.60043764458253,-73.56230799677512,-73.52498715230561,-73.4889131512927,-73.4546373781708,-73.42284212206769,-73.39434509586214,-73.37006717072077,-73.35091723003579,-73.33752862921745,-73.3298402304769,-73.32689928655697,-73.32831517555822
3.8649999999999287,-73.79529745469063,-73.88581451743623,-73.97193876733265,-74.03872747289424,-74.08400730225556,-74.11031977640226,-74.1212257669795,-74.12008670072017,-74.1097181218426,-74.09235412097422,-74.06971564642066,-74.04310412478407,-74.0134915921473,-73.98159818259944,-73.94795517084529,-73.91295488998179,-73.87689000551383,-73.83998433509304,-73.80241722916061,-73.76434360114037,-73.72591110072021,-73.68727550755935,-73.64861562060341,-73.61014859958034,-73.57214624676595,-73.5349528931319,-73.49900518518662,-73.46485256830329,-73.43317472836878,-73.40478603081532,-73.38060329707956,-73.36153098402637,-73.34819851957822,-73.34054303820211,-73.33761441452711,-73.33902837636342
3.8699999999999286,-73.80324629852075,-73.89371722824434,-73.97979766275651,-74.04656729846106,-74.09185539111519,-74.11819975857853,-74.12915628844084,-74.1280818660957,-74.11778841233297,-74.10050732187311,-74.0779576302836,-74.05143946031727,-74.02192399478426,-73.99013083603649,-73.95659094922176,-73.921696505783,-73.88574010224565,-73.84894553825048,-73.81149216401961,-73.77353488121445,-73.73522128676234,-73.69670703335912,-73.65817067789449,-73.61982897059636,-73.58195306959807,-73.54488634199642,-73.50906404673276,-73.47503369950903,-73.44347239680862,-73.41519117605868,-73.3911028348726,-73.37210743573318,-73.35883051466107,-73.35120751000571,-73.34829093392811,-73.34970285607672
3.8749999999999285,-73.81117707446414,-73.9016015167604,-73.98763789260434,-74.05438819782553,-74.0996842477879,-74.12606015538833,-74.13706683023193,-74.13605662350419,-74.12583783846043,-74.10863917806495,-74.08617776770339,-74.05975242757708,-74.0303334876027,-73.9986400181385,-73.96520267409802,-73.93041346432842,-73.89456491528279,-73.85788080743302,-73.82054048963337,-73.78269885072143,-73.74450343398745,-73.70610976460561,-73.6676961573604,-73.62947895371197,-73.59172866954954,-73.55478771169014,-73.51908995751032,-73.48518100236072,-73.45373536704815,-73.42556078027147,-73.40156604149311,-73.38264685064678,-73.36942488705073,-73.36183392414299,-73.35892912689161,-73.3603388987109
3.8799999999999284,-73.81908987013466,-73.9094674731572,-73.99545954893074,-74.0621902650613,-74.1074939686969,-74.13390106596523,-74.14495749453349,-74.14401107847524,-74.13386650937451,-74.116749802568,-74.09437617580281,-74.06804314802103,-74.03872019662546,-74.00712585972893,-73.97379048134155,-73.93910590678338,-73.90336459135418,-73.86679029521207,-73.82956236470827,-73.7918356748089,-73.7537577143033,-73.71548388029677,-73.67719224542658,-73.63909874311939,-73.6014732489117,-73.56465721291522,-73.52908313690331,-73.49529470512616,-73.46396387633146,-73.4358950896032,-73.41199317169442,-73.39314949151317,-73.37998190649357,-73.37242255595358,-73.36952927257872,-73.3709367852803
3.8849999999999283,-73.82698477241578,-73.91731518686723,-74.00326272304032,-74.06997359347815,-74.11528464948235,-74.14172258863522,-74.15282838268949,-74.15194533566846,-74.14187453331763,-74.1248393074531,-74.10255297071369,-74.07631174206915,-74.04708424678829,-74.0155884904916,-73.98235450562449,-73.94777397305879,-73.91213927587181,-73.87567415277594,-73.83855794649779,-73.80094551709747,-73.7629842980125,-73.72482955774261,-73.68665912674344,-73.64868853114415,-73.61118700801286,-73.57449505430993,-73.53904380212714,-73.50537503379626,-73.47415815951521,-73.4461943477053,-73.42238447762277,-73.40361561836824,-73.39050183993335,-73.38297367789833,-73.38009164721782,-73.38149679383912
3.889999999999928,-73.83486186746883,-73.92514474659045,-74.01104750549584,-74.07773827563021,-74.12305638500955,-74.14952482092518,-74.16067959521607,-74.1598594988827,-74.14986201763497,-74.13290780385394,-74.11070826758778,-74.08455832911541,-74.05542576195198,-74.02402803898337,-73.99089488043688,-73.95641780182505,-73.92088911294547,-73.88453252994553,-73.84752739081868,-73.81002853969814,-73.77218335383084,-73.73414697258498,-73.69609698420739,-73.65824850826728,-73.62087014524187,-73.58430144247376,-73.54897216825479,-73.51542221211278,-73.48431844909803,-73.45645879576155,-73.43274020884957,-73.41404548857157,-73.40098495154653,-73.3934875595958,-73.39061652414165,-73.39201919951878
3.894999999999928,-73.84272124074064,-73.93295624030222,-74.01881398612595,-74.08548440332385,-74.13080926937725,-74.15730785957149,-74.16851123181024,-74.16775367106511,-74.15782906878391,-74.14095540197711,-74.11884218060739,-74.09278302753896,-74.06374486491416,-74.03244463264664,-73.99941173809991,-73.96503753052617,-73.92961424539756,-73.8933655751897,-73.85647085206773,-73.81908490322985,-73.78135504890592,-73.74343629881714,-73.70550599898134,-73.66777886314716,-73.63052285707103,-73.59407658199154,-73.55886844824289,-73.52543646159583,-73.49444497524931,-73.46668867251873,-73.44306061240351,-73.42443935683997,-73.41143150277694,-73.40396446785785,-73.40110417382404,-73.40250427456516
3.899999999999928,-73.85056297697157,-73.94074975526104,-74.02656225403307,-74.09321206762559,-74.13854339592562,-74.16507180052822,-74.17632339135851,-74.17562795432035,-74.16577579234372,-74.14898221111221,-74.1269548229958,-74.10098595471514,-74.0720416774209,-74.04083839782153,-74.00790520977874,-73.97363329539328,-73.93831481477743,-73.90217343564078,-73.86538848323777,-73.82811476683639,-73.79049954883511,-73.75269770880278,-73.71488635051506,-73.67727978264084,-73.64014533807904,-73.60382067545791,-73.56873285295704,-73.53541800157069,-73.5045379658378,-73.47688421431661,-73.45334593280198,-73.43479747528018,-73.42184175236987,-73.4144046667251,-73.41155486391587,-73.41295228837498
3.904999999999928,-73.85838716020314,-73.94852537801634,-74.03429239760104,-74.10092135886991,-74.14625885724415,-74.17281673897543,-74.18411617194562,-74.1834824499194,-74.17370229302468,-74.15698833964147,-74.13504630702765,-74.10916722702639,-74.08031632017828,-74.04920945975812,-74.0163754254955,-73.98220523145834,-73.9469909613758,-73.91095625710963,-73.87428043593378,-73.83711828820358,-73.79961701768356,-73.76193137329504,-73.72423821656523,-73.68675145182547,-73.64973778097342,-73.61353392350081,-73.57856559119708,-73.54536704919445,-73.51459764645955,-73.48704565511737,-73.46359641208196,-73.44512009342137,-73.43221595640593,-73.4248084175017,-73.42196885928068,-73.42336350753187
3.9099999999999278,-73.86619387378559,-73.95628319441587,-74.0420045045027,-74.10861236666695,-74.15395574517973,-74.18054276932727,-74.19188967086285,-74.19131725830849,-74.18160867467756,-74.16497389504961,-74.1431167440392,-74.117326959873,-74.08856891286364,-74.0575579426284,-74.02482251414185,-73.99075347256729,-73.9556428242389,-73.91971418410053,-73.88314686038866,-73.84609562357579,-73.80870761800185,-73.7711374614553,-73.73356177321523,-73.69619405401912,-73.6593003766127,-73.62321652480514,-73.58836686972178,-73.55528381948224,-73.52462424046563,-73.49717322653484,-73.47381228983076,-73.45540745824721,-73.44255436833427,-73.43517597878954,-73.43234642202972,-73.43373819584167
3.9149999999999276,-73.87398320038554,-73.96402328961338,-74.0496986617075,-74.11628517991011,-74.1616341508443,-74.18824998524008,-74.19964398461634,-74.19913247911772,-74.18949504030265,-74.1729389839335,-74.15116624443844,-74.1254652676838,-74.09679957413687,-74.06588396953809,-74.03324660349148,-73.99927815139353,-73.96427054118236,-73.928447359826,-73.8919879054787,-73.85504692777249,-73.81777151084341,-73.78031614087152,-73.74285719489478,-73.70560777080168,-73.66883331402825,-73.63286867613581,-73.59813689327353,-73.56516852533306,-73.53461796898935,-73.50726715786308,-73.48399380321608,-73.4656598142272,-73.45285723900517,-73.44550760652207,-73.44268781155655,-73.44407661436749
3.9199999999999275,-73.88175522199333,-73.9717457480759,-74.0573749554887,-74.12393988678348,-74.16929416462251,-74.19593847962021,-74.20737920893555,-74.2069282111698,-74.19736149205883,-74.18088371201151,-74.15919491771498,-74.13358226392661,-74.10500842165152,-74.07418766253835,-74.04164782021249,-74.00777939945074,-73.97287424880501,-73.93715592622128,-73.90080371873914,-73.8639723542045,-73.82680885578168,-73.78946757757646,-73.75212465439901,-73.71499278203494,-73.67833678044593,-73.64249057236061,-73.60787586460235,-73.57502137755543,-73.54457905097331,-73.51732767610491,-73.49414118701576,-73.47587740334788,-73.46312481670252,-73.4558035539977,-73.452993284571,-73.45437902146409
3.9249999999999274,-73.88951001993037,-73.97945065359109,-74.06503347143101,-74.13157657476944,-74.17693587617948,-74.20360834463204,-74.21509543878116,-74.21470455248847,-74.20520813127249,-74.18880818413291,-74.16720287244998,-74.14167806111874,-74.11319557206575,-74.08246914263735,-74.05002628987951,-74.01625734710578,-73.98145408250241,-73.9458400239587,-73.90959444637922,-73.87287205489012,-73.83581981092728,-73.79859193606573,-73.7613643229076,-73.72434926588294,-73.68781096130732,-73.65208240647277,-73.61758398448964,-73.58484258489226,-73.55450770319578,-73.52735500599968,-73.50425467364715,-73.48606046514347,-73.47335734717564,-73.46606407191251,-73.46326309513275,-73.46464567281186
3.9299999999999273,-73.89724767485646,-73.98713808927447,-74.07267429443752,-74.13919533065582,-74.18455937446814,-74.21125967170558,-74.22279276835332,-74.22246160030694,-74.21303505844628,-74.19671250428725,-74.17519021632593,-74.14975277083715,-74.12136114105309,-74.0907285298117,-74.05838213698581,-74.02471212359148,-73.99001017648034,-73.95449979246195,-73.91836023329724,-73.88174618047081,-73.8448045329445,-73.80768937931543,-73.77057637000357,-73.73367739883173,-73.69725604029087,-73.66164436961317,-73.62726145177189,-73.59463235404603,-73.56440414029696,-73.53734937005089,-73.51433449319588,-73.49620923672593,-73.48355507367042,-73.47628940839267,-73.47349749468445,-73.4748768214501
3.9349999999999272,-73.9049682667769,-73.99480813757656,-74.08029750873712,-74.1467962405433,-74.19216474773674,-74.21889255154423,-74.2304712910995,-74.23019945107622,-74.2208423732679,-74.20459677561333,-74.18315705613615,-74.1578065037286,-74.12950524331312,-74.09896594301762,-74.06671548495524,-74.03314385701914,-73.99854266376806,-73.96313536991991,-73.92710122309526,-73.89059488022703,-73.85376317706807,-73.81676006879971,-73.77976096369166,-73.74297735570896,-73.70667219933236,-73.67117665109214,-73.63690846336361,-73.60439088970287,-73.57426857480476,-73.54731098855328,-73.5243808734445,-73.50632395281484,-73.49371823696059,-73.48647980902636,-73.4836967320843,-73.4850727178103
3.939999999999927,-73.91267187504958,-74.00246088028986,-74.08790319789134,-74.15437938985244,-74.19975208353617,-74.22650707413229,-74.23813109972244,-74.2379182004733,-74.22863017461869,-74.21246110040835,-74.19110349779446,-74.16583936951963,-74.13762799258204,-74.10718150020207,-74.07502645615368,-74.04155267439091,-74.00705167623136,-73.97174689330068,-73.93581755809393,-73.89941830209352,-73.8626958971194,-73.82580416450803,-73.7889182704168,-73.75224930970332,-73.71605961864564,-73.68067943841126,-73.64652521428032,-73.61411839455708,-73.58410121716025,-73.55724007961966,-73.53439403990039,-73.51640484576674,-73.50384707537793,-73.49663551689517,-73.49386105363813,-73.49523360974827
3.944999999999927,-73.92035857839201,-74.01009639855596,-74.09549144480152,-74.16194486333085,-74.20732146872719,-74.23410332874244,-74.24577228618786,-74.24561794340939,-74.23639856058207,-74.22030558013682,-74.19902964634436,-74.17385147702649,-74.14572950164309,-74.11537531831385,-74.08331517190102,-74.04993870161202,-74.01553734458543,-73.98033449836507,-73.94450937934661,-73.90821659267469,-73.87160284552273,-73.83482182496219,-73.79804845508198,-73.7614934323834,-73.72541847674262,-73.69015291728455,-73.65611189766108,-73.62381506933455,-73.59390227574272,-73.56713685920735,-73.54437421582372,-73.52645214560405,-73.51394182484248,-73.50675677260509,-73.50399070313114,-73.5053597425765
3.949999999999927,-73.9280284548882,-74.01771477287228,-74.10306233171559,-74.16949274506014,-74.21487298948763,-74.24168140394319,-74.25339494173213,-74.25329877403767,-74.2441476284521,-74.22813031543934,-74.20693560596843,-74.1818429341649,-74.15380988233683,-74.12354751331438,-74.09158175248233,-74.05830206350288,-74.02399979840774,-73.98889831968015,-73.95317682665389,-73.91698989725955,-73.88048417332095,-73.84381320723314,-73.80715168106609,-73.7707098937168,-73.73474895045322,-73.69959727165963,-73.66566870479073,-73.63348111281663,-73.60367195689453,-73.57700154114414,-73.55432162225449,-73.53646608004358,-73.52400271889219,-73.51684381431714,-73.51408592185918,-73.51545135909551
3.954999999999927,-73.93568158199554,-74.02531608309903,-74.11061594023496,-74.17702311846284,-74.22240673131938,-74.24924138760616,-74.26099915686987,-74.26096078576141,-74.25187747474142,-74.23593540614124,-74.21482147999744,-74.18981384795966,-74.16186924557122,-74.13169820018824,-74.09982631715917,-74.06664288381099,-74.03243916615051,-73.99743849063248,-73.96182003857744,-73.92573835983666,-73.88934003019145,-73.85277846695766,-73.8162281102415,-73.77989886208842,-73.74405121494505,-73.7090126837385,-73.67519582512186,-73.64311672186298,-73.61341046494547,-73.58683433715403,-73.56423647803963,-73.5464468745247,-73.53402998871205,-73.52689687777756,-73.52414694865942,-73.525508699625
3.9599999999999267,-73.94331803655142,-74.03290040846575,-74.11815235132124,-74.1845360663093,-74.22992277905553,-74.2567833669132,-74.26858502140156,-74.26860407124185,-74.25958819518989,-74.24372095126137,-74.22268737091949,-74.19776432455414,-74.16990770133188,-74.1398274929541,-74.10804898418091,-74.07496128522268,-74.0408555751532,-74.00595514344131,-73.97043915245396,-73.93446212310869,-73.89817056446148,-73.8617177583547,-73.82527790299137,-73.78906050431893,-73.75332544374274,-73.71839933399781,-73.68469344629635,-73.65272209143464,-73.62311800223681,-73.5966354568825,-73.57411899985955,-73.55639475223715,-73.54402386316302,-73.53691619634735,-73.53417401994082,-73.53553200203478
3.9649999999999266,-73.95093789478003,-74.04046782757804,-74.12567164530289,-74.19203167072432,-74.23742121686708,-74.26430742836372,-74.2761526244207,-74.27622872240572,-74.26727988477232,-74.2514870490204,-74.23053338038875,-74.20569446921972,-74.17792535869162,-74.14793550467483,-74.1162498707957,-74.0832573893749,-74.04924915165482,-74.01444840917159,-73.9790343044089,-73.94316132850693,-73.90697592312354,-73.87063123424154,-73.83430121822686,-73.79819498568297,-73.76257180874714,-73.72775740120947,-73.69416175416691,-73.66229741461639,-73.63279476914511,-73.60640510792162,-73.58396940225434,-73.56630993414826,-73.55398456881034,-73.54690200103167,-73.54416736971403,-73.54552150177472
3.9699999999999265,-73.95854123229881,-74.04801841842414,-74.13317390188182,-74.19951001319392,-74.24490212826998,-74.2718136577815,-74.28370205432135,-74.28383483045297,-74.27495263770669,-74.25923379684937,-74.23835960923452,-74.2136043863652,-74.18592232582063,-74.15602234746804,-74.12442909326114,-74.09153131686638,-74.05762002080593,-74.02291841774661,-73.98760562936995,-73.9518361162057,-73.91575625185051,-73.8795190460498,-73.8432982134038,-73.80730246992668,-73.7717904802541,-73.73708706246012,-73.7036009328179,-73.67184288263908,-73.64244096410565,-73.61614349583459,-73.59378789764956,-73.57619263903001,-73.56391232995156,-73.55685452050871,-73.55412722962078,-73.55547743190475
3.9749999999999264,-73.96612812412516,-74.05555225838138,-74.14065920013991,-74.20697117457179,-74.25236559613157,-74.27930214032175,-74.29123339880526,-74.29142248586447,-74.28260654746195,-74.26696129139786,-74.24616615746976,-74.22149417954574,-74.19389870999588,-74.16408813251614,-74.13258676685533,-74.09978318726934,-74.06596830668076,-74.03136529796076,-73.99615326108042,-73.96048662513627,-73.92451169501041,-73.8883813438411,-73.85226904453951,-73.81638311928569,-73.7809816269732,-73.74638849317125,-73.71301116458639,-73.68135868490161,-73.6520567836355,-73.62585082418005,-73.60357469638177,-73.58604308348566,-73.5738073686443,-73.56677398115824,-73.5640538289632,-73.56540002312425
3.9799999999999263,-73.97369864468264,-74.06306942422262,-74.14812761854533,-74.21441523508597,-74.25981170267765,-74.28677296047813,-74.29874674488904,-74.2989917784092,-74.29024170676588,-74.27466962854227,-74.25395312429974,-74.22936395147211,-74.2018546176108,-74.17213297007653,-74.14072300588735,-74.10801311914054,-74.074294132289,-74.03978917749207,-74.00467733211241,-73.96911299300092,-73.9332423956813,-73.89721827632283,-73.86121386622925,-73.8254370945022,-73.79014541604595,-73.75566186711828,-73.72239263008244,-73.69084500899241,-73.66164242235634,-73.63552729453603,-73.6133300067236,-73.59586148197589,-73.58366990473328,-73.57666060708945,-73.57394739473227,-73.57528950380105
3.984999999999926,-73.9812528678074,-74.07056999212251,-74.155579234959,-74.22184227434518,-74.26724052949872,-74.2942262020893,-74.30624217891122,-74.30654279715175,-74.29785820761275,-74.28235890339387,-74.26172060813069,-74.23721380401956,-74.20979015418469,-74.18015696949142,-74.14883792370776,-74.11622123003225,-74.08259761958742,-74.0481901829144,-74.0131779738798,-73.97771535628662,-73.94194849566573,-73.90602999086332,-73.87013283166245,-73.83446455484238,-73.79928201306416,-73.76490735644994,-73.73174550820951,-73.70030204071107,-73.67119807301702,-73.6451731065238,-73.62305403490869,-73.60564804684482,-73.59350015587741,-73.58651462016897,-73.58380815163628,-73.5851460999999
3.989999999999926,-73.9887908667545,-74.07805403766378,-74.16301412664086,-74.22925237134524,-74.2746521575567,-74.30166194834582,-74.31371978653918,-74.31407563045966,-74.30545614127095,-74.29002921030678,-74.26946870657798,-74.24504383823667,-74.2177054243719,-74.18816023919766,-74.15693163271888,-74.12440763650326,-74.09087888949132,-74.05656843970962,-74.02165531665116,-73.98629385027864,-73.950630135505,-73.91481663350694,-73.87902609263855,-73.84346565811306,-73.80839158208761,-73.77412513170714,-73.74106997618429,-73.70972996408906,-73.68072392651567,-73.65478845783086,-73.63274698515592,-73.61540298834547,-73.60329833757608,-73.59633624004795,-73.59363632212863,-73.59497003551091
3.994999999999926,-73.99631271420398,-74.08552163584346,-74.17043237025607,-74.23664560447531,-74.2820466671912,-74.30908028179665,-74.3211796527761,-74.32159036601048,-74.31303559829054,-74.29768064288596,-74.27719751647467,-74.25285415435415,-74.22560053197124,-74.19614288673654,-74.16500424438509,-74.13257245412969,-74.09913806188617,-74.0649240722798,-74.0301094895624,-73.994848609074,-73.95928745449346,-73.92357834898938,-73.8878937995831,-73.85244056067867,-73.8174742856619,-73.78331536184145,-73.75036620955647,-73.71912896141072,-73.69022017192162,-73.66437354423428,-73.64240905969373,-73.62512651466487,-73.61306466319544,-73.60612568418908,-73.60343212643534,-73.60476153187712
3.999999999999926,-74.00381848226715,-74.09297286107896,-74.17783404188098,-74.24402205152411,-74.28942413812605,-74.31648128435592,-74.32862186196782,-74.32908709079904,-74.32059666851073,-74.30531329399494,-74.28490713387947,-74.26064485179342,-74.23347557993496,-74.2041050187633,-74.17305586924299,-74.14071579751558,-74.10737525563859,-74.0732572039588,-74.03854062062926,-74.00337976559456,-73.96792059069243,-73.93231528075205,-73.89673610156314,-73.86138941747764,-73.82653028483581,-73.79247821423382,-73.75963438222823,-73.72849921323385,-73.69968699649694,-73.67392855962314,-73.65204045878377,-73.63481883194893,-73.62279934399409,-73.61588316789309,-73.61319578258227,-73.61452080842209
4.004999999999926,-74.01130824249252,-74.10040778721405,-74.1852192170095,-74.25138178968606,-74.29678464947546,-74.32386503730912,-74.33604649780939,-74.3365658911442,-74.32813944106715,-74.3129272557635,-74.29259765408501,-74.2684160291751,-74.24133067037779,-74.21204674105658,-74.18108661691123,-74.14883778030351,-74.11559058860763,-74.08156795702426,-74.04694883675981,-74.01188745160029,-73.97652968094408,-73.94102757095689,-73.90555314630276,-73.8703123820386,-73.83555973917844,-73.80161385471256,-73.76887466647331,-73.7378408984096,-73.70912458571786,-73.68345369602106,-73.6616413807444,-73.644480144327,-73.63250258914857,-73.62560890432505,-73.62292750642172,-73.62424808227681
4.009999999999927,-74.01878206587178,-74.10782648752489,-74.19258797055876,-74.25872489556738,-74.30412827975024,-74.33123162131976,-74.34345364335195,-74.34402685269617,-74.33566400439912,-74.32052261959538,-74.3002691716258,-74.27616778432757,-74.24916590458571,-74.2199681585278,-74.18909659610051,-74.15693851518486,-74.12378417765562,-74.08985645270899,-74.05533426376648,-74.02037179770191,-73.98511486088483,-73.94971536050073,-73.91434508019827,-73.87920960649667,-73.84456280679628,-73.81072244757121,-73.778087232956,-73.74715419410288,-73.71853312329567,-73.69294914360832,-73.67121202197391,-73.65411065393592,-73.6421746057783,-73.63530310454006,-73.6326275116589,-73.63394356840642
4.014999999999928,-74.02624002284571,-74.1152290347259,-74.1999403768752,-74.26605144519202,-74.31145510686399,-74.33858111643555,-74.35084338100911,-74.351470060443,-74.34317044625692,-74.32809947617574,-74.30792178028615,-74.28390021429514,-74.2569813830248,-74.22786937523038,-74.19708591462319,-74.16501811391018,-74.13195613865904,-74.09812281121248,-74.06369702637839,-74.02883293337393,-73.99367626495909,-73.95837878902947,-73.9231120483331,-73.88808124160909,-73.8535396443499,-73.81980415558645,-73.78727225074985,-73.7564392758116,-73.72791279119757,-73.70241509074351,-73.68075257697325,-73.66371056094388,-73.65181559897046,-73.6449659775088,-73.64229600987794,-73.64360747963644
4.0199999999999285,-74.03368218331006,-74.1226155009756,-74.20727650974045,-74.27336151400762,-74.31876520813907,-74.34591360209475,-74.35821579256356,-74.3588955987176,-74.35065885370875,-74.33565791547865,-74.31555557310797,-74.29161341534633,-74.26477720534986,-74.23575049436887,-74.20505467940299,-74.17307668729924,-74.14010658651922,-74.10636715171218,-74.07203724825293,-74.03727098696699,-74.00221402643231,-73.96701799495207,-73.93185419449274,-73.89692743677095,-73.86249040707058,-73.82885914003533,-73.79642988735597,-73.7656963173865,-73.73726376966704,-73.7118517239852,-73.69026323836864,-73.67328006357396,-73.66142577180426,-73.6545977301427,-73.65193321056753,-73.65324002667886
4.024999999999929,-74.04110861662117,-74.12998595788224,-74.21459644237693,-74.28065517689139,-74.32605866031275,-74.3532291571323,-74.36557095917345,-74.36630355120433,-74.35812931314784,-74.34319802677437,-74.32317064239842,-74.29930748298202,-74.27255347041299,-74.24361161830792,-74.21300299648442,-74.18111434525117,-74.14823563517297,-74.11458959237461,-74.0803550519878,-74.04568608572032,-74.01072827740425,-73.9756331154545,-73.94057166117946,-73.9057483400308,-73.87141524877651,-73.83788756071269,-73.80556030872141,-73.77492549105006,-73.74658623724407,-73.72125922811301,-73.69974419693371,-73.68281935812733,-73.67100532537508,-73.66419856731859,-73.66153932114622,-73.66284141815754
4.02999999999993,-74.0485193916019,-74.13734047650972,-74.22190024745372,-74.28793250815588,-74.33333553954299,-74.3605278597859,-74.37290896137876,-74.37369400094562,-74.36558191029931,-74.35071989863671,-74.33076707973775,-74.30698251194343,-74.28031027627199,-74.25145284858118,-74.22093097104225,-74.18913119675426,-74.15634339760278,-74.12279025036634,-74.08865055913245,-74.05407835577412,-74.01921914882186,-73.98422428651331,-73.94926458962648,-73.91454409810561,-73.88031432188897,-73.8468895759481,-73.81466367925697,-73.78412696741557,-73.75588037078512,-73.73063778614859,-73.70919564161147,-73.69232863900598,-73.68055445881811,-73.67376869190332,-73.6711145469874,-73.67241186063353
4.034999999999931,-74.05591457654698,-74.14467912738294,-74.22918799709213,-74.2951935815546,-74.34059592141425,-74.36780978770213,-74.38022987910747,-74.3810670303485,-74.37301673022706,-74.35822361895009,-74.3383449759866,-74.31463859622012,-74.28804772019878,-74.25927428590025,-74.22883870739065,-74.19712734989565,-74.16442998584746,-74.13096924186496,-74.09692389019965,-74.0624479221816,-74.02768677049211,-73.99279164290928,-73.9579331198125,-73.92331485639613,-73.8891877774483,-73.85586534262265,-73.82374016185497,-73.79330091550574,-73.76514634548272,-73.73998757937635,-73.71861775953596,-73.70180809873538,-73.69007336933186,-73.6833083047777,-73.68065909144389,-73.6819515586299
4.039999999999932,-74.06329423922875,-74.15200198049362,-74.2364597628713,-74.3024384702879,-74.34783988094355,-74.37507501794238,-74.38753379168193,-74.38842272119118,-74.38043385734049,-74.36570927491672,-74.34590442129358,-74.32227582905773,-74.2957658986875,-74.26707603016305,-74.23672630899242,-74.20510291187108,-74.17249551101197,-74.13912668206976,-74.10517516467684,-74.07079490892092,-74.0361312710945,-74.0013353182406,-73.96657739047565,-73.93206075900164,-73.8980357651295,-73.86481501618552,-73.83278991790672,-73.8024475027711,-73.77438433488481,-73.74930878736366,-73.7280107360535,-73.71125792798686,-73.69956225220113,-73.69281760486032,-73.69017315587222,-73.69146071465626
4.044999999999932,-74.07065844690261,-74.15930910530551,-74.24371561583372,-74.30966724700828,-74.35506749258583,-74.3823236269887,-74.39482077782482,-74.39576115462924,-74.38783337540116,-74.37317695306359,-74.3534455051026,-74.32989430296576,-74.30346490746288,-74.27485818046273,-74.24459387846802,-74.21305798899452,-74.18054008327773,-74.14726268521225,-74.11340450103717,-74.0791194389069,-74.04455277819369,-74.0098554449361,-73.9751975391274,-73.94078194873455,-73.90685843325775,-73.87373875067034,-73.8418131073198,-73.8115668951083,-73.78359451091411,-73.75860158798118,-73.73737475474395,-73.72067831559932,-73.7090213008199,-73.70229678913121,-73.69965693965656,-73.7009395292331
4.049999999999933,-74.07800726631241,-74.16660057076007,-74.25095562649058,-74.3168799838261,-74.36227883023979,-74.38955569074972,-74.40209091566531,-74.40308241120212,-74.39521536752956,-74.38062673924938,-74.36096831616018,-74.33749410972523,-74.31114484148807,-74.28262083509587,-74.25244151760452,-74.22099268670735,-74.18856381191242,-74.15537736456677,-74.12161201675066,-74.08742163400288,-74.0529514182516,-74.01835215426816,-73.98379370206627,-73.94947856713492,-73.91565592882372,-73.88263669871137,-73.85080988853503,-73.82065925687795,-73.79277704388674,-73.76786615742246,-73.74670999744112,-73.73006944860101,-73.71845070671372,-73.71174605265465,-73.70911064023248,-73.71038820091546
4.054999999999934,-74.0853407636958,-74.17387644528159,-74.25817986482728,-74.32407675231501,-74.36947396725358,-74.39677128456634,-74.40934428274494,-74.41038657083921,-74.4025799162113,-74.38805871867123,-74.36847294252253,-74.3450753403962,-74.31880579497269,-74.29036409157106,-74.26026932736436,-74.22890710958782,-74.19656680527982,-74.16347083246076,-74.1297978282951,-74.09570161503216,-74.06132731663982,-74.02682557636568,-73.99236601439137,-73.95815075448488,-73.92442839749867,-73.89150901155935,-73.85978041854332,-73.82972475092234,-73.80193210253098,-73.77710267022366,-73.75601664425362,-73.73943151223101,-73.72785065956197,-73.72116558860228,-73.71853445311007,-73.71980692631665
4.059999999999935,-74.09265900478955,-74.1811367967827,-74.26538840030874,-74.33125762351736,-74.37665297643008,-74.40397048321746,-74.41658095602362,-74.41767371286608,-74.4099271033039,-74.39547297587163,-74.37595947156272,-74.35263808532534,-74.32644786138073,-74.29808804661708,-74.26807740789413,-74.23680136136016,-74.20454917084943,-74.1715432002849,-74.1379620511668,-74.1039595017892,-74.06968059765138,-74.0352758402267,-74.0009146100159,-73.96679864982258,-73.93317598364933,-73.90035583909726,-73.86872485290228,-73.83876353858298,-73.81105985400565,-73.78631129928283,-73.76529487358489,-73.7487646899601,-73.73722134721959,-73.73055558827544,-73.72792857189705,-73.72919590013143
4.0649999999999356,-74.09996205483482,-74.18838169266942,-74.27258130188453,-74.33842266794937,-74.38381593003251,-74.41115336092558,-74.42380101188543,-74.4249439160106,-74.41725701004297,-74.40286959474501,-74.38342798997773,-74.36018243415306,-74.33407113343819,-74.30579279619103,-74.27586585853304,-74.24467554490369,-74.21251101520616,-74.17959457850338,-74.14610479989125,-74.11219541305117,-74.07801138451272,-74.04370307373081,-74.00943962168009,-73.97542239095625,-73.94189883035263,-73.909177329856,-73.87764334575259,-73.84777577971788,-73.82016046391833,-73.79549221587898,-73.77454486215323,-73.75806916351175,-73.74656295573875,-73.73991624112749,-73.73729318832136,-73.7385553151588
4.069999999999936,-74.10724997858222,-74.19561119984647,-74.27975863799412,-74.34557195560654,-74.39096289978973,-74.41831999136242,-74.43100452614442,-74.43219725840896,-74.42456971704858,-74.4102486585444,-74.39087858379533,-74.36770847582112,-74.34167570314084,-74.31347843548647,-74.28363477782172,-74.25252976226176,-74.22045244405962,-74.18762507666369,-74.15422618803362,-74.12040946658875,-74.08631979939538,-74.05210740365163,-74.01794118096458,-73.98402211447801,-73.95059707941033,-73.91797363102951,-73.88653604983406,-73.85676163271835,-73.82923409634314,-73.80464558969084,-73.78376678501148,-73.7673451128826,-73.75587566939012,-73.74924773478567,-73.74662849225359,-73.74788536232485
4.074999999999937,-74.11452284029698,-74.20282538472225,-74.28692047657213,-74.35270555596895,-74.39809395690169,-74.4254704476543,-74.43819157405026,-74.43943381761149,-74.4318653043314,-74.41761024988787,-74.39831133838082,-74.37521629857952,-74.34926166176174,-74.32114505894138,-74.29138426351022,-74.26036411465063,-74.22837356225362,-74.19563480340653,-74.1623263282091,-74.12860177917722,-74.09460596342748,-74.06048895566896,-74.02641941830299,-73.99259795577721,-73.9592708713631,-73.92674488848992,-73.89540311650178,-73.86572125452615,-73.83828091383853,-73.81377158881547,-73.79296081556635,-73.77659271636259,-73.76515967068396,-73.75855025507282,-73.75593467172911,-73.75718623070482
4.079999999999938,-74.12178070376409,-74.21002431321403,-74.29406688505333,-74.35982353800617,-74.40520917204462,-74.43260480238771,-74.44536223029392,-74.44665367058867,-74.43914385129892,-74.424954450765,-74.40572633844411,-74.38270598999384,-74.35682909985877,-74.32879276024603,-74.29911441256667,-74.26817870246816,-74.23627447377527,-74.20362386647552,-74.17040533209322,-74.13677246660721,-74.10286999670525,-74.06884785438076,-74.0348744629948,-74.00115004905415,-73.96792034550496,-73.93549124680263,-73.9042446957417,-73.87465480064982,-73.84730107746462,-73.82287037978655,-73.80212712559768,-73.78581215055507,-73.77441514039059,-73.76782398602853,-73.76521191296968,-73.76645810754528
4.084999999999939,-74.12902363229311,-74.21720805075284,-74.3011979303775,-74.36692597018248,-74.41230861537619,-74.43972312761463,-74.45251656901324,-74.45385689373693,-74.44640543676154,-74.43228134254332,-74.41312366804603,-74.39017763695219,-74.364378107282,-74.33642163235073,-74.3068253211852,-74.2759736253025,-74.24415528176408,-74.21159237272686,-74.178463310432,-74.14492164369551,-74.11111201830425,-74.07718422331517,-74.04330644321782,-74.00967852733308,-73.97654563989708,-73.9442128492409,-73.91306093618614,-73.88356242518108,-73.85629474680054,-73.83194212759247,-73.81126588527742,-73.79500359039658,-73.78364225756116,-73.77706910993042,-73.77446040040505,-73.7757011782856
4.0899999999999395,-74.13625168872319,-74.22437666228842,-74.30831367899468,-74.37401292046195,-74.41939235654078,-74.44682549485779,-74.45965466379847,-74.46104356288433,-74.45365013893851,-74.43959100597455,-74.42050341060524,-74.39763132567211,-74.37190877318095,-74.34403176747361,-74.3145170847943,-74.28374898194063,-74.25201608852097,-74.21954042813863,-74.18650037305173,-74.15304942429535,-74.11933214629035,-74.08549818494205,-74.05171548604064,-74.01818352247547,-73.98514689138167,-73.9529098378005,-73.92185198512935,-73.89244428081118,-73.8652620799614,-73.84098699569417,-73.82037726318816,-73.80416720917617,-73.79284119954757,-73.78628580731471,-73.78368031669415,-73.78491562657977
4.09499999999994,-74.1434649354279,-74.23153021229406,-74.31541419686981,-74.38108445631326,-74.42646046467448,-74.45391197511597,-74.46677658769762,-74.46821375329633,-74.46087803546386,-74.44688352120076,-74.4278656489045,-74.40506714170749,-74.37942118601195,-74.35162325710809,-74.32218979806456,-74.2915048703767,-74.25985699551727,-74.22746813782032,-74.19451662886912,-74.16115592130711,-74.12753049773102,-74.09378986068488,-74.06010171743482,-74.02666516519275,-73.9937242355955,-73.96158235321401,-73.93061798854247,-73.90130051884657,-73.87420323361498,-73.85000514604266,-73.82946142634164,-73.81330317855462,-73.80201214202248,-73.79547425699681,-73.79287184274595,-73.79410163431712
4.099999999999941,-74.1506634343201,-74.23866876477156,-74.32249954948777,-74.3881406447148,-74.43351300841009,-74.46098263886915,-74.47388241322196,-74.47536753968122,-74.46808920339237,-74.45415896776063,-74.43521046509737,-74.4124851699553,-74.38691543354507,-74.35919619203051,-74.3298435549167,-74.29924138782046,-74.26767810340328,-74.23537560602212,-74.20251218590093,-74.16924124668846,-74.13570718870587,-74.10205937093185,-74.068465262287,-74.03512358505917,-74.00227780698343,-73.9702305349651,-73.93935909108846,-73.91013128922481,-73.88311836299829,-73.85899673909657,-73.83851854019689,-73.82241166858347,-73.81115525899891,-73.80463463609152,-73.80203515774018,-73.80325938164331
4.104999999999942,-74.15784724685663,-74.2457923832558,-74.32956980185806,-74.39518155215934,-74.44055005588221,-74.46803755608371,-74.4809722123512,-74.48250499619587,-74.47528371920525,-74.46141742459551,-74.44253794071443,-74.41988549466238,-74.39439160287135,-74.36675066230748,-74.33747844852951,-74.30695863070542,-74.27547951201713,-74.24326293614388,-74.21048715127355,-74.1773055114645,-74.14386233431763,-74.11030683504747,-74.07680624441082,-74.04355891052438,-74.01080773881168,-73.97885452130241,-73.94807543613709,-73.9189367405302,-73.89200762193413,-73.86796193383918,-73.84754876867818,-73.83149284772362,-73.82027072284974,-73.813767120033,-73.81117043914753,-73.81238904698097
4.109999999999943,-74.16501643404304,-74.25290113081961,-74.3366250185195,-74.40220724465898,-74.44757167473207,-74.47507679621742,-74.48804605653893,-74.48962619645114,-74.48246165881596,-74.46865897005533,-74.44984815666966,-74.42726819943195,-74.4018497804096,-74.37428675730321,-74.34509457134725,-74.31465669469705,-74.28326132039325,-74.2511302307443,-74.2184416312327,-74.18534882573793,-74.15199604870256,-74.11853237138362,-74.08512478655867,-74.05197126892578,-74.01931416318097,-73.98745444925346,-73.9567671657792,-73.92771702000883,-73.90087116284685,-73.87690088779527,-73.85655227419277,-73.84054688286395,-73.82935870432671,-73.82287188259443,-73.82027786274986,-73.82149080704981
4.114999999999943,-74.17217105643822,-74.25999507007825,-74.34366526354499,-74.40921778774981,-74.45457793211237,-74.48210042822447,-74.49510401671762,-74.4967312135172,-74.48962309757576,-74.47588368190458,-74.45714119326654,-74.43463336723023,-74.40929005191353,-74.38180456568679,-74.35269201508758,-74.32233567470068,-74.29102362677084,-74.25897759154968,-74.22637573115256,-74.19337129869874,-74.160108445041,-74.12673609729048,-74.09342101043343,-74.06036078650095,-74.02779721103941,-73.99603045463829,-73.9654344208413,-73.93647227358403,-73.90970913677857,-73.885813757048,-73.86552921764832,-73.8495739393393,-73.83841937257927,-73.8319490959074,-73.82935760266005,-73.83056483688691
4.119999999999944,-74.17931117415895,-74.2670742631942,-74.35069060054613,-74.4162132464966,-74.46156889469212,-74.4891085205604,-74.50214616330392,-74.50382011992897,-74.49676811027938,-74.48309163732816,-74.46441713020435,-74.44198108039288,-74.41671250247818,-74.38930417543928,-74.36027087074889,-74.3299956648696,-74.2987665286022,-74.2668051194629,-74.23428955554526,-74.20137303863419,-74.16819963556752,-74.13491812912757,-74.10169503669981,-74.06872758839953,-74.03625701219525,-74.00458267208289,-73.97407734089973,-73.94520264587112,-73.91852169340484,-73.89470069625528,-73.8744797584702,-73.85857418094854,-73.84745289517336,-73.84099893048118,-73.83840983134148,-73.83961130986629
4.124999999999945,-74.1864368468845,-74.27413877188148,-74.35770109267774,-74.42319368549745,-74.46854462866135,-74.49610114118708,-74.5091725662036,-74.51089298769143,-74.50389677117057,-74.4902829129373,-74.4716760465842,-74.44931142063137,-74.424117216547,-74.39678567386083,-74.3678312286179,-74.33763675861273,-74.30649012256109,-74.27461291457206,-74.24218320807006,-74.2093541529385,-74.17626973158143,-74.14307858227444,-74.10994698499577,-74.07707179869536,-74.04469369532951,-74.01311123503254,-73.9826960642946,-73.95390828019225,-73.92730898104999,-73.90356185866608,-73.88340405461842,-73.86754776997243,-73.85645943810964,-73.85002155522155,-73.84743471962726,-73.84863039771838
4.129999999999946,-74.19354813386104,-74.28118865741037,-74.36469680264237,-74.43015916888847,-74.47550519973589,-74.50307835757742,-74.51618329481671,-74.51794988828482,-74.51100915394754,-74.49745758477508,-74.478918020915,-74.45662446903937,-74.43150427791826,-74.40424914757766,-74.37537317827687,-74.34525904860256,-74.31419450455077,-74.28240107615896,-74.25005679154225,-74.21731474812216,-74.18431884345661,-74.15121757114132,-74.11817697394376,-74.0853935403983,-74.05310738800858,-74.02161627576496,-73.99129072814368,-73.96258931859097,-73.93607114670264,-73.91239739613651,-73.89230226260459,-73.87649486719097,-73.86543916584166,-73.85901713744938,-73.85643243673938,-73.85762227054926
4.1349999999999465,-74.20064509390612,-74.2882239806117,-74.37167779269483,-74.43710976034808,-74.48245067316188,-74.51004023672033,-74.52317841804242,-74.5249908926698,-74.51810533176835,-74.50461572832221,-74.48614313111949,-74.46392030609883,-74.43887376975171,-74.41169468254894,-74.38289680861091,-74.3528626267825,-74.32187976971206,-74.29016970270776,-74.25791040794219,-74.22525492982162,-74.19234708065146,-74.15933520917956,-74.12638512116172,-74.09369293546588,-74.06149821669642,-74.03009792540327,-73.99986146835614,-73.97124590184661,-73.94480833603076,-73.92120745914559,-73.9011745375083,-73.88541563190064,-73.87439224129385,-73.86798584291932,-73.86540315030757,-73.86658709685985
4.139999999999947,-74.207727785413,-74.29524480188127,-74.37864412464656,-74.44404552310175,-74.48938111372046,-74.51698684512515,-74.53015800428399,-74.53201607129256,-74.52518537725629,-74.51175741850264,-74.49335145453995,-74.47119901168632,-74.44622577457496,-74.41912236407357,-74.39040220781519,-74.36044758437477,-74.32954601243142,-74.29791889191328,-74.26574415842421,-74.23317480280852,-74.20035455171885,-74.16743160889203,-74.134571543274,-74.10197010481468,-74.06986630676661,-74.03855631392872,-74.00840841964586,-73.97987816948834,-73.9535206933965,-73.92999219681109,-73.91002103299371,-73.8943102219317,-73.88331882587909,-73.87692783583775,-73.87434702638764,-73.87552504356435
4.144999999999948,-74.21479626635498,-74.30225118118418,-74.38559585987001,-74.45096651992625,-74.49629658573224,-74.5239182488267,-74.5371221214536,-74.53902549408984,-74.53224936250507,-74.51888272968904,-74.50054306794418,-74.47846066507908,-74.45356037429009,-74.4265322767971,-74.39788946340204,-74.36801401188767,-74.33719332634874,-74.30564874068936,-74.27355814332526,-74.24107447099883,-74.20834136431573,-74.17550688184332,-74.14273635592222,-74.11022516833192,-74.07821178251447,-74.0469915701935,-74.01693171554494,-73.98848625980946,-73.96220836187105,-73.9387517569047,-73.91884190132551,-73.90317879366471,-73.89221907951621,-73.88584327888074,-73.88326422947995,-73.88443627600896
4.149999999999949,-74.22185059428965,-74.30924317805909,-74.39253305930289,-74.45787281315413,-74.5031971530618,-74.53083451338962,-74.54407083697713,-74.54601923049403,-74.53929735908415,-74.52599173570827,-74.50771804753114,-74.48570534496093,-74.46087765017975,-74.43392450471808,-74.40535866220787,-74.37556199912301,-74.34482180436505,-74.31335934517688,-74.28135246217357,-74.24895403746203,-74.21630762521279,-74.18356113866993,-74.15087967377588,-74.11845824488657,-74.08653476716897,-74.05540382193301,-74.02543148841674,-73.99707030988097,-73.97087148324903,-73.94748628586751,-73.92763729338495,-73.91202150204737,-73.90109316064708,-73.89473233321185,-73.89215492254735,-73.89332095798996
4.15499999999995,-74.22889082636318,-74.31622085162255,-74.39945578345255,-74.46476446467793,-74.51008287912214,-74.53773570391304,-74.5510042177989,-74.55299734943796,-74.54632943804377,-74.5330845098468,-74.51487646893668,-74.49293312942835,-74.46817768291358,-74.44129913119495,-74.41280989040021,-74.38309163518332,-74.35243153865031,-74.321050800752,-74.28912721369711,-74.25681360443006,-74.2242534403038,-74.19159448909011,-74.15900161054286,-74.12666945234047,-74.09483538290422,-74.06379319577839,-74.03390786946883,-74.00563045556544,-73.97951019806305,-73.95619592882507,-73.93640735868567,-73.92083850061074,-73.90994122625375,-73.9035951584995,-73.90101926703309,-73.90217925177171
4.15999999999995,-74.23591701931443,-74.32318426057307,-74.40636409240007,-74.47164153595456,-74.51695382687899,-74.54462188503511,-74.55792233038642,-74.55995991935993,-74.55334566992022,-74.54016112485607,-74.52201840723893,-74.5001440959963,-74.47546055255422,-74.44865623895235,-74.42024323348444,-74.39060300847923,-74.36002262065084,-74.32872320203413,-74.2968824958321,-74.26465327330618,-74.23217891461512,-74.19960704191381,-74.16710227897983,-74.13485890755926,-74.10311375085118,-74.07215981726857,-74.04236098876596,-74.01416683153033,-73.98812464559774,-73.96488082960205,-73.94515224538905,-73.92962994148559,-73.91876343187513,-73.91243191293428,-73.90985742287835,-73.91101131810458
4.164999999999951,-74.242929229479,-74.33013346319537,-74.41325804580458,-74.47850408800957,-74.52381005885528,-74.55149312093738,-74.56482524073485,-74.56690700820839,-74.56034612474072,-74.54722165295765,-74.52914393696418,-74.50733832160408,-74.48272633856368,-74.45599591008765,-74.4276587763107,-74.39809620673643,-74.36759514109701,-74.33637664289371,-74.30461840573123,-74.27247314467371,-74.24008415231482,-74.20759890505252,-74.17518179090261,-74.14302672642333,-74.11136999110906,-74.08050381086231,-74.05079097524258,-74.02267957126142,-73.99671496390371,-73.97354113073709,-73.95387210031976,-73.93839597541826,-73.92755993162359,-73.92124275324599,-73.91866954853968,-73.91981731624239
4.169999999999952,-74.24992751279345,-74.33706851736429,-74.42013770290714,-74.48535218144113,-74.5306516371352,-74.55834947534932,-74.57171301437177,-74.57383868344677,-74.56733087202844,-74.55426616584863,-74.53625313209204,-74.51451588262096,-74.48997511980906,-74.46331822607715,-74.43505660308034,-74.40557131700275,-74.37514919001057,-74.3440112164602,-74.31233503977198,-74.2802733183048,-74.2479692567218,-74.2155701855286,-74.18324025719618,-74.15117302383834,-74.11960422275654,-74.08882529995013,-74.05919795671535,-74.0311688070759,-74.00528128981148,-73.98217697349718,-73.96256706898063,-73.94713675178647,-73.93633087820118,-73.93002783472039,-73.92745580100605,-73.92859740395959
4.174999999999953,-74.25691192479921,-74.34398948054901,-74.42700312253506,-74.49218587642436,-74.53747862336861,-74.56519101155256,-74.57858571636159,-74.58075501205823,-74.57429998080748,-74.56129473470662,-74.54334606606103,-74.52167685485203,-74.4972069745688,-74.47062326778254,-74.44243679735274,-74.4130284256551,-74.38268485671178,-74.35162701512961,-74.32003249356467,-74.28805389316881,-74.25583433031498,-74.22352098948507,-74.19127778782466,-74.15929791374587,-74.12781656386288,-74.09712440686594,-74.06758205989563,-74.03963467013544,-74.01382375894507,-73.99078849789207,-73.9712372955679,-73.95585241861491,-73.94507642291585,-73.93878731121583,-73.93621633581577,-73.9373517375685
4.1799999999999535,-74.26388252064663,-74.35089640981701,-74.43385436310577,-74.49900523271533,-74.54429107877522,-74.57201779238537,-74.5854434113101,-74.58765606055024,-74.5812535196077,-74.56830743019495,-74.5504228117739,-74.52882131354367,-74.50442198053837,-74.47791111545699,-74.44979944205171,-74.42046761840636,-74.390202229827,-74.35922413057219,-74.3277108619605,-74.29581496744089,-74.26367947474193,-74.23145142219481,-74.19929449184139,-74.16740150913382,-74.13600713149891,-74.10540125289867,-74.07594341040141,-74.04807729045885,-74.02234250573541,-73.99937584268828,-73.9798829229858,-73.96454312259048,-73.95379671569737,-73.94752133517945,-73.94495130707315,-73.94608047193614
4.184999999999954,-74.27083935509883,-74.35778936183796,-74.44069148263085,-74.50581030965512,-74.55108906414854,-74.57882988024672,-74.59228616336873,-74.59454189495926,-74.5881915564695,-74.57530432246767,-74.55748344160276,-74.53594933338918,-74.51162021483627,-74.4851818487513,-74.45714461947206,-74.42788898031212,-74.39770139729544,-74.36680265373994,-74.33537023905942,-74.30355663851032,-74.27150479082788,-74.23936158806994,-74.20729047739857,-74.17548392204675,-74.14417604174801,-74.11365595830371,-74.08428213276953,-74.05649679693488,-74.0308376634337,-74.00793914542302,-73.98850409286109,-73.9732090090776,-73.96249190511288,-73.95623005766357,-73.95366086746516,-73.9547837605009
4.189999999999955,-74.27778248253568,-74.36466839288765,-74.44751453871997,-74.51260116617378,-74.55787263986024,-74.58562733710072,-74.59911403623916,-74.60141258085521,-74.5951141589486,-74.58228548117454,-74.56452802739454,-74.54306098853417,-74.51880175400964,-74.49243554671992,-74.46447241128573,-74.43529259577744,-74.40518244637653,-74.37436267487402,-74.34301071821795,-74.31127900298861,-74.27931037858427,-74.24725159067091,-74.21526585175688,-74.1835452635959,-74.15232340971659,-74.12188864231413,-74.09259835046761,-74.06489331733468,-74.03930936412459,-74.01647854241816,-73.9971009455576,-73.98185022213316,-73.97116213838265,-73.96491362834149,-73.96234516827737,-73.96346175528868
4.194999999999956,-74.2847119569575,-74.37153355885182,-74.45432358858474,-74.51937786079432,-74.56464186586398,-74.59241022448055,-74.60592709317743,-74.60826818334606,-74.6020213941208,-74.58925097546583,-74.57155664047595,-74.55015635258202,-74.52596667403999,-74.49967228782707,-74.47178289854835,-74.44267854856345,-74.4126454636567,-74.38190428351211,-74.35063239205716,-74.31898215671787,-74.28709633721743,-74.25512153271555,-74.2232207212951,-74.19158564396945,-74.16044934954485,-74.1300994231519,-74.10089218590556,-74.07326697832411,-74.04775773873904,-74.02499416879353,-74.0056736201903,-73.99046690452118,-73.97980756139516,-73.97357219552326,-73.9710043594103,-73.9721146069295
4.199999999999957,-74.29162783198899,-74.37838491523004,-74.46111868904264,-74.52614045163662,-74.57139680169944,-74.59917860349276,-74.6127253969983,-74.61510876708218,-74.6089133285865,-74.59620087399747,-74.5785693516587,-74.55723549859935,-74.53311505034888,-74.5068921499524,-74.47907616170532,-74.45004692179381,-74.42009053505636,-74.38942756849572,-74.35823535246989,-74.3266661947787,-74.29486276513707,-74.26297151608806,-74.23115519151948,-74.19960517244229,-74.16855397441718,-74.13828841803888,-74.10916376044737,-74.08161790547591,-74.05618291706703,-74.0334861584805,-74.01422225463926,-73.99905919772758,-73.98842831872234,-73.98220590617127,-73.97963858939511,-73.98074246467328
4.204999999999957,-74.29853016088292,-74.38522251713943,-74.46789989652065,-74.53288899642124,-74.57813750649638,-74.60593253482129,-74.61950901007954,-74.62193439626084,-74.61579002847542,-74.60313524493554,-74.58556623124448,-74.5642984991211,-74.54024695780349,-74.51409521039714,-74.48635228059798,-74.45739779796133,-74.42751774583668,-74.39693261797721,-74.36581969062864,-74.33433121149815,-74.30260975996451,-74.2708016418477,-74.239069367073,-74.20760395738587,-74.17663739657246,-74.14645574320762,-74.11741319442247,-74.08994622328184,-74.06458502777049,-74.04195464423516,-74.02274698556366,-74.00762724197438,-73.99702455363438,-73.99081490591547,-73.98824800540918,-73.98934547640565
4.209999999999958,-74.30541899652381,-74.39204641931842,-74.4746672670592,-74.53962355247323,-74.58486403897847,-74.6126720787315,-74.626277994366,-74.6287451346305,-74.62265155945101,-74.6100541559612,-74.59254734902999,-74.57134542615593,-74.547362470722,-74.52128154588961,-74.49361133446966,-74.46473125893428,-74.4349271806063,-74.40441951942704,-74.37338549699281,-74.34197730045761,-74.31033741854107,-74.27861201023768,-74.24696335174465,-74.21558210627786,-74.18469972731435,-74.15460151391221,-74.12564060713699,-74.09825205516442,-74.07296419839547,-74.05039975765142,-74.03124794841536,-74.01617117623412,-74.00559640811453,-73.99939933906857,-73.99683275329168,-73.99792378866351
4.214999999999959,-74.31229439143162,-74.39885667613038,-74.48142085631578,-74.54634417672598,-74.5915764574671,-74.61939729507404,-74.63303241137375,-74.6355410454951,-74.6294979867151,-74.61695767427535,-74.59951277431179,-74.57837635119132,-74.55446166287915,-74.52845123259112,-74.50085340197175,-74.47204738596267,-74.442318923328,-74.41188835964057,-74.38093286131623,-74.34960455450057,-74.31804583693626,-74.28640272069364,-74.25483724847841,-74.22353972571172,-74.1927410770212,-74.16272584443882,-74.13384611688501,-74.10653552348873,-74.08132055538465,-74.05882162917398,-74.03972527745238,-74.02469113824377,-74.01414402287361,-74.00795934864101,-74.00539297755883,-74.0064775466505
4.21999999999996,-74.31915639776533,-74.4056533415673,-74.4881607195686,-74.55305092572489,-74.59827481988525,-74.62610824328897,-74.63977232219415,-74.64232219171826,-74.63632937501218,-74.62384586660333,-74.6064625758913,-74.58539134519872,-74.5615446075115,-74.5356043461015,-74.5080785611696,-74.47934625968456,-74.44969305732529,-74.41933922474522,-74.38846187265433,-74.35721306574028,-74.32573511045574,-74.29417387185222,-74.26269115938221,-74.23147692140607,-74.20076155515606,-74.17082884811612,-74.14202984095954,-74.11479674957405,-74.08965422408939,-74.0672203881109,-74.04817910575218,-74.03318726451859,-74.02266753736438,-74.01649507635572,-74.01392882141869,-74.01500689425212
4.224999999999961,-74.32600506732656,-74.41243646925338,-74.49488691172023,-74.55974385563101,-74.60495918376134,-74.63280498240958,-74.64649778749799,-74.64908863572775,-74.64314578863396,-74.63071879919943,-74.61339682207948,-74.59239047863846,-74.56861137732278,-74.54274096146469,-74.5152868895483,-74.48662796013218,-74.4570496652888,-74.42677220020705,-74.39597261937138,-74.36480292556733,-74.33340533364947,-74.30192556155946,-74.27052518573691,-74.2393937982142,-74.20876127027664,-74.17891063732576,-74.15019189566338,-74.1230358537052,-74.0979653287819,-74.07559616264639,-74.05660956522495,-74.04165969036592,-74.03116708979564,-74.02500666266253,-74.02244042678628,-74.02351197405068
4.229999999999961,-74.33284045156314,-74.41920611244862,-74.50159948730129,-74.56642302222487,-74.6116296062328,-74.63948757106616,-74.6532088675394,-74.65584043951921,-74.64994729142349,-74.63757653785139,-74.62031558070164,-74.599373821465,-74.57566204448922,-74.54986115317428,-74.52247846401863,-74.49389256673803,-74.46438882928283,-74.43418737083773,-74.40346518914758,-74.37237422465708,-74.34105660031943,-74.3096578868791,-74.27833942800491,-74.24729046013306,-74.21674033004477,-74.18697132351245,-74.1583323963199,-74.13125295514389,-74.10625399266685,-74.08394907985308,-74.06501678662643,-74.05010854989861,-74.03964281714627,-74.03349424675278,-74.03092793429809,-74.03199292734021
4.234999999999962,-74.33966260157247,-74.42596232405226,-74.50829850047386,-74.57308848090979,-74.61828614404993,-74.64615606748993,-74.65990562215977,-74.66257766466062,-74.65673394677962,-74.64441914788507,-74.62721891910216,-74.60634144313158,-74.58269668066455,-74.55696499517896,-74.52965336092267,-74.50114015834095,-74.47171063075156,-74.44158482080103,-74.41093966898603,-74.37992705297715,-74.34868900352747,-74.31737094410062,-74.28613398583883,-74.25516701031249,-74.22469884123615,-74.1950110171941,-74.16645145728359,-74.13944817213985,-74.1145203378933,-74.0922792657044,-74.07340089957081,-74.05853397604822,-74.04809485517903,-74.04195796657332,-74.03939148332655,-74.04044989414098
4.239999999999963,-74.34647156810507,-74.43270515660632,-74.51498400503502,-74.57974028671575,-74.6249288535794,-74.65281052951673,-74.66658811079175,-74.66930037229619,-74.66350581766118,-74.65124669416869,-74.63410690414909,-74.61329341259535,-74.58971535698534,-74.56405256088789,-74.53681165603949,-74.50837081319203,-74.47901515052543,-74.4489646336195,-74.41839614521984,-74.38746149979464,-74.35630263560302,-74.32506482874773,-74.29390895809006,-74.26302355106425,-74.23263690974979,-74.20302982797186,-74.17454919195065,-74.14762162194191,-74.12276448556621,-74.10058684508664,-74.08176203254344,-74.06693610057856,-74.05652333845413,-74.05039795884065,-74.04783121199446,-74.04888301321401
4.244999999999964,-74.35326740156799,-74.43943466229906,-74.5216560544204,-74.58637849430269,-74.63155779080797,-74.65945101459076,-74.67325639246297,-74.67600862315044,-74.67026296659117,-74.65805924111731,-74.64097960223884,-74.62022979832203,-74.59671814407584,-74.571123923176,-74.54395342459075,-74.51558460896045,-74.48630246882723,-74.45632689218102,-74.42583470351882,-74.39497765368338,-74.36389758815065,-74.33273963558592,-74.30166444281714,-74.27086018387071,-74.2405546406173,-74.21102786453976,-74.1826257127693,-74.15577342080884,-74.13098655575783,-74.10887194181089,-74.09010031291317,-74.07531505409833,-74.06492840034282,-74.05881435905467,-74.05624725718886,-74.05729242207522
4.2499999999999645,-74.36005015202814,-74.44615089296828,-74.52831470170747,-74.59300315796413,-74.63817301134603,-74.66607757976819,-74.67991052579995,-74.68270247753209,-74.67700545566092,-74.66485685269724,-74.64783707930066,-74.62715066829074,-74.60370511205315,-74.57817915438929,-74.55107874124627,-74.52278162273944,-74.4935726652783,-74.46367167874517,-74.43325542889622,-74.40247560253106,-74.3714739520576,-74.34039545863074,-74.30940053729414,-74.27867700939377,-74.24845213801221,-74.21900523469466,-74.1906811312499,-74.16390368402008,-74.13918666751896,-74.11713467862488,-74.0984158669448,-74.0836709660741,-74.07331017304054,-74.06720730151233,-74.0646397545751,-74.06567825700947
4.254999999999965,-74.36681986921559,-74.45285390010476,-74.53495999961906,-74.59961433163055,-74.64477457043104,-74.67269028172093,-74.68655056903187,-74.68938199533808,-74.68373334653421,-74.6716395924301,-74.65467940080104,-74.63405608999868,-74.61067633053207,-74.58521832635,-74.5581876801294,-74.52996193105186,-74.50082581890445,-74.47099907494955,-74.44065840571558,-74.40995543354623,-74.37903181750123,-74.34803239115533,-74.31711733801892,-74.28647412748357,-74.25632950525902,-74.22696204534572,-74.19871555797523,-74.17201252588637,-74.14736493889016,-74.1253751772247,-74.1067088198113,-74.092003964843,-74.0816687875801,-74.07557691932121,-74.07300883861055,-74.07404065308448
4.259999999999966,-74.37357660252702,-74.45954373485557,-74.54159200052669,-74.60621206887275,-74.65136252293117,-74.67928917674016,-74.6931765799942,-74.69604723605735,-74.69044670045119,-74.6784075233973,-74.6615066317484,-74.64094613046582,-74.6176318686301,-74.59224151036176,-74.56528031482246,-74.53712560985589,-74.50806200814206,-74.47830916181614,-74.44804371769725,-74.41741723326545,-74.3865712739563,-74.35565052569832,-74.32481494072113,-74.29425163718686,-74.26418684484217,-74.23489840252383,-74.20672910261035,-74.18010005976025,-74.15552148691272,-74.13359355826627,-74.11497929560576,-74.10031417762524,-74.0900043738446,-74.08392334441272,-74.08135464255815,-74.08237974416458
4.264999999999967,-74.3803204010288,-74.46622044802734,-74.54821075645376,-74.6127964229054,-74.65793692334861,-74.68587432073984,-74.69978861613255,-74.70269825877482,-74.69714557823256,-74.68516070824413,-74.66831883669718,-74.64782085623952,-74.62457179497218,-74.59924877721464,-74.57235671837213,-74.54427273455083,-74.51528131084399,-74.48560201975756,-74.45541144792496,-74.42486108755982,-74.39409241020219,-74.36324995407138,-74.33249344037037,-74.3020096367556,-74.27202425841512,-74.24281441139121,-74.21472187391248,-74.18816639804642,-74.16365642763951,-74.14178994137671,-74.12322741735328,-74.10860173053642,-74.09831706058026,-74.09224670755532,-74.08967729849988,-74.09069566292413
4.269999999999968,-74.38705131346026,-74.47288409008951,-74.55481631907904,-74.61936744659015,-74.66449782582312,-74.69244576926029,-74.7063867345062,-74.70933512217506,-74.70383004028345,-74.69189920918379,-74.67511607975243,-74.65468033339903,-74.63149617769555,-74.60624019719026,-74.57941696329472,-74.55140337998247,-74.52248380428524,-74.49287772858304,-74.46276167885226,-74.43228708164216,-74.40159531433015,-74.3708307673668,-74.34015293118405,-74.30974822365529,-74.2798418468089,-74.25071017625035,-74.22269397974064,-74.19621165221184,-74.17176987614566,-74.14996444516561,-74.13145330702275,-74.11686674859978,-74.10660697540904,-74.10054713836743,-74.09797693734983,-74.09898854086094
4.274999999999968,-74.39376938823693,-74.47953471117751,-74.56140873973966,-74.62592519243904,-74.67104528413522,-74.69900357747164,-74.71297099179169,-74.71595788454604,-74.71050014659733,-74.69862308800177,-74.68189842457393,-74.66152462755998,-74.63840508445425,-74.61321584006657,-74.5864611215812,-74.55851762044855,-74.52966956516893,-74.50013636750462,-74.47009449230883,-74.43969530007342,-74.4090800737503,-74.37839305596482,-74.34779350663526,-74.31746749457321,-74.28763971004106,-74.25858580055345,-74.23064552706552,-74.20423593279605,-74.17986194653926,-74.15811718723604,-74.13965708553842,-74.12510935575816,-74.11487424484106,-74.1088247653303,-74.10625368886741,-74.10725850830943
4.279999999999969,-74.40047467345363,-74.48617236109597,-74.56798806943455,-74.63246971261776,-74.6775793517097,-74.70554780017727,-74.71954144428646,-74.7225666037829,-74.71715595675984,-74.70533240605955,-74.68866593438055,-74.66835380387894,-74.64529858242412,-74.62017577512297,-74.59348926470267,-74.56561552970432,-74.53683866963185,-74.50737801514312,-74.47740996950697,-74.44708582676957,-74.41654677519864,-74.38593690954124,-74.35541525946051,-74.32516754542655,-74.29541794732401,-74.2664413869112,-74.23857662197867,-74.212239349421,-74.18793275197183,-74.16624828419567,-74.14783887279131,-74.13332967488608,-74.12311899428698,-74.11707971580067,-74.11450768167018,-74.11550569445366
4.28499999999997,-74.4071672168875,-74.49279708932183,-74.57455435882746,-74.6390010589488,-74.68410008161884,-74.71207849181725,-74.72609814791231,-74.7291613373916,-74.72379752995273,-74.71202722429894,-74.69541867195439,-74.67516792705767,-74.65217673830722,-74.62712007114503,-74.60050146361519,-74.57269718096782,-74.54399119325016,-74.51460274953405,-74.48470819104766,-74.45445874500791,-74.42399550474389,-74.3934624170743,-74.3630182816673,-74.33284847137044,-74.3031766570736,-74.27427703710183,-74.24648736970201,-74.22022201080087,-74.19598240464853,-74.17435785166742,-74.15599878765053,-74.14152782780133,-74.13134134807012,-74.12531211602321,-74.12273904324651,-74.12373022734009
4.289999999999971,-74.41384706600127,-74.49940894500753,-74.58110765825012,-74.64551928291476,-74.6906075265857,-74.71859570647163,-74.73264115821891,-74.73574214249253,-74.73042492495755,-74.71870760324575,-74.70215669964483,-74.68196706134755,-74.65903961833634,-74.63404879642925,-74.60749778876492,-74.57976264692508,-74.55112721104494,-74.5218106481334,-74.49198923692677,-74.46181413743376,-74.43142634779443,-74.40096966685223,-74.37060266454183,-74.34051036680603,-74.31091593691758,-74.28209285207993,-74.25437787459721,-74.2281840247519,-74.20401101583843,-74.18244600430027,-74.16413694797441,-74.14970393527659,-74.13954142943844,-74.13352209114281,-74.13094789996836,-74.13193223389048
4.2949999999999715,-74.4205142679461,-74.50600797698392,-74.58764801770539,-74.65202443566139,-74.69710173898721,-74.72509949786377,-74.73917053038726,-74.74230907582407,-74.73703820015942,-74.72537360301385,-74.70888007937289,-74.68875127055395,-74.66588728827978,-74.64096201878797,-74.61447831009313,-74.58681199973554,-74.55824679748768,-74.52900178782355,-74.49925318654117,-74.46915208606671,-74.43883938910494,-74.40845874648008,-74.37816849865635,-74.34815332538818,-74.31863588370366,-74.28988893198506,-74.26224824017457,-74.23612549820197,-74.2120186958847,-74.19051285577967,-74.17225347062164,-74.15785811705094,-74.14771936057645,-74.14170976521694,-74.13913437710342,-74.14011183991416
4.299999999999972,-74.42716886956467,-74.51259423376335,-74.59417548687023,-74.65851656800068,-74.70358277085762,-74.73158991936373,-74.74568631923313,-74.74886219374625,-74.74363741355073,-74.73202528330907,-74.71558887263504,-74.69552061804029,-74.67271981344545,-74.64785980555388,-74.62144309704102,-74.59384531103714,-74.56535002650573,-74.5361762449189,-74.5065001186947,-74.4764726723071,-74.44623471278308,-74.41592974288689,-74.38571587387655,-74.35577744003338,-74.32633659350788,-74.29766537615046,-74.2700985691023,-74.24404653720008,-74.22000555421434,-74.19855851883818,-74.18034847146191,-74.16599049184119,-74.15587526261682,-74.14987526122746,-74.14729859882756,-74.14826917012051
4.304999999999973,-74.43381091739413,-74.5191677635428,-74.60069011509883,-74.66499573041405,-74.71005067389143,-74.73806702399142,-74.75218857921028,-74.75540155224411,-74.75022262273482,-74.738662703433,-74.7222831405072,-74.70227516673242,-74.67953725868558,-74.65474222358468,-74.62839221855472,-74.60086265195133,-74.57243697148765,-74.54333409517157,-74.51373011160425,-74.48377597694214,-74.45361240229614,-74.42338274233256,-74.3932448793689,-74.36338280292726,-74.33401816164256,-74.30542228311144,-74.27792896321537,-74.25194724692568,-74.22797169934826,-74.20658310526561,-74.18842206538694,-74.174101177353,-74.16400925565209,-74.15801870109266,-74.15544068823684,-74.15640434813132
4.309999999999974,-74.44044045766906,-74.52572861420661,-74.60719195142552,-74.67146197305537,-74.71650549944657,-74.74453086441984,-74.75867736441397,-74.76192720693125,-74.75679388492955,-74.74528592228664,-74.72896294364895,-74.70901497912267,-74.68633968840092,-74.6616093392677,-74.63532574308995,-74.60786409308828,-74.57950770528858,-74.55047541377691,-74.52094324290539,-74.49106208015213,-74.4609725404775,-74.43081783041475,-74.40075560360778,-74.37096950553234,-74.34168068266436,-74.31315975061376,-74.28573952352427,-74.25982773169801,-74.23591723891077,-74.21458672591919,-74.19647436632091,-74.18219029029191,-74.17212145874593,-74.16614020567884,-74.16356076735941,-74.16451749649252
4.314999999999975,-74.44705753632428,-74.53227683332959,-74.6136810445678,-74.67791534575386,-74.72294729854754,-74.75098149297831,-74.76515272858418,-74.76843921305327,-74.76335125697094,-74.75189499837434,-74.73562834230722,-74.71574011727397,-74.693127166545,-74.66846121852447,-74.64224373861686,-74.61484970455174,-74.58656230023537,-74.55760027537909,-74.52813958965837,-74.49833106151658,-74.46831520953289,-74.43823509207546,-74.40824813438273,-74.3785376385954,-74.34932425038208,-74.32087787562212,-74.29353035022378,-74.26768809498523,-74.24384227963944,-74.22256949073369,-74.20450548723097,-74.19025794637432,-74.18021198994451,-74.17423989481205,-74.17165895716751,-74.17260873668646
4.319999999999975,-74.45366219899782,-74.53881246817983,-74.62015744292918,-74.6843558980172,-74.72937612188844,-74.7574189616555,-74.77161472510885,-74.77493762549109,-74.76989479531666,-74.75848998980737,-74.74227939632019,-74.72245064282399,-74.69989975662861,-74.67529792681503,-74.64914627262469,-74.62181955594409,-74.59360082813194,-74.56470875407655,-74.53531922835381,-74.50558300002028,-74.47564049104707,-74.44563461160793,-74.41572255880526,-74.38608729215491,-74.35694895786453,-74.32857675432801,-74.30130154270151,-74.27552843941346,-74.25174692739427,-74.23053150873125,-74.21251554013764,-74.19830426033816,-74.18828096628752,-74.18231788728936,-74.1797353775889,-74.18067818914336
4.324999999999976,-74.46025449103364,-74.54533556572157,-74.62662119460218,-74.6907836790344,-74.7357920198359,-74.76384332210264,-74.77806340702713,-74.78142249876436,-74.7764245560495,-74.76507095430757,-74.74891616512117,-74.72914661698901,-74.7066575217238,-74.68211952914255,-74.65603341212645,-74.62877371637114,-74.60062336026424,-74.57180092342735,-74.54248223491835,-74.51281797405919,-74.48294846598982,-74.4530164726631,-74.42317896331599,-74.39361855554834,-74.36455489744809,-74.33625648215812,-74.30905319954657,-74.28334886677565,-74.25963128716725,-74.23847288803128,-74.22050463612494,-74.20632934595352,-74.19632850381934,-74.19037430089026,-74.18779014751837,-74.18872597325307
4.329999999999977,-74.46683445748455,-74.55184617261811,-74.63307234737111,-74.69719873767873,-74.74219504243221,-74.77025462563664,-74.78449882703258,-74.78789388703476,-74.78294059488096,-74.77163794921111,-74.75553870774243,-74.73582810056809,-74.71340052446814,-74.68892609005755,-74.66290522366356,-74.63571225444701,-74.60762996740544,-74.57887685645454,-74.54962868472028,-74.52003606144638,-74.49023921472232,-74.46038075825624,-74.4306174336915,-74.40113151741943,-74.37214216074447,-74.34391715378213,-74.31678541855776,-74.29114947804048,-74.2674954630916,-74.24639373586004,-74.22847288535068,-74.21433331603326,-74.20435471759977,-74.19840925238785,-74.19582338482932,-74.19675220737658
4.334999999999978,-74.47340214311492,-74.55834433523452,-74.63951094871496,-74.70360112251065,-74.7485852393981,-74.77665292324289,-74.79092103747622,-74.79435184410927,-74.78944296715443,-74.77819103147189,-74.76214708281881,-74.74249515394672,-74.72012882706879,-74.69571767366226,-74.66976177331014,-74.64263523829881,-74.61462071982086,-74.5859366256514,-74.55675865257497,-74.52723733941781,-74.49751281700311,-74.46772755077325,-74.43803805505098,-74.40862626572526,-74.37971083864812,-74.35155886312069,-74.32449829675197,-74.298930373361,-74.27533955845084,-74.25429415856021,-74.23642039705622,-74.22231628244326,-74.21235972171469,-74.20642285755963,-74.20383520638477,-74.20475700885721
4.3399999999999785,-74.47995759240332,-74.5648300996404,-74.6459370458101,-74.70999088178058,-74.75496266013585,-74.78303826557864,-74.7973300903699,-74.80079642344349,-74.79593172784895,-74.78473025766522,-74.7687413485916,-74.74914783710102,-74.72684249130667,-74.7024943436149,-74.67660312667789,-74.64954273557146,-74.62159568727294,-74.59298030298667,-74.56387221275057,-74.5344218846382,-74.50476935199436,-74.47505693197725,-74.44544091186303,-74.41610288774329,-74.38726102134363,-74.35918170335313,-74.33219193037239,-74.3066916520833,-74.28316367568786,-74.26217426160052,-74.24434727957643,-74.23027835611269,-74.22034362928679,-74.21441523119864,-74.21182572804845,-74.21274049403183
4.344999999999979,-74.4865008495454,-74.57130351161264,-74.6523506855332,-74.71636806343173,-74.761327353732,-74.78941070297566,-74.80372603738901,-74.80722767814464,-74.80240693158211,-74.7912556839912,-74.77532156291204,-74.7557862096013,-74.73354157854033,-74.70925616313403,-74.68342934892016,-74.65643481343226,-74.62855493902623,-74.60000795990966,-74.57096943897324,-74.5415897732066,-74.51200889826762,-74.48236898301464,-74.45282608795233,-74.42356147007844,-74.39479279831313,-74.36678576692535,-74.33986641489658,-74.31443341275498,-74.29096791641379,-74.27003414958475,-74.2522536403495,-74.23821964704418,-74.22830655248602,-74.22238648712408,-74.21979506469584,-74.22070277824201
4.34999999999998,-74.49303195845643,-74.57776461663822,-74.65875191446386,-74.72273271510295,-74.7676793689603,-74.7957702854433,-74.81010892987587,-74.813645660975,-74.8088686326137,-74.7977673662782,-74.781887783245,-74.76241033061602,-74.74022614971004,-74.71600319500243,-74.6902405047365,-74.66331153857553,-74.63549854385204,-74.60701966735537,-74.57805040443246,-74.54874108066203,-74.51923153380993,-74.48966378442147,-74.46019366650607,-74.4310020986698,-74.40230625834347,-74.37437114555723,-74.3475218450444,-74.32215575313347,-74.29875238141676,-74.27787392626111,-74.2601395859262,-74.24614026432371,-74.23624860253976,-74.2303367381919,-74.22774333022488,-74.22864397584472
4.354999999999981,-74.49955096277395,-74.5842134599167,-74.66514077888729,-74.72908488413138,-74.77401875428451,-74.80211706267141,-74.81647881884255,-74.82005042435487,-74.81531688484877,-74.80426535998636,-74.78844006667255,-74.76902025891545,-74.74689626534169,-74.72273550157149,-74.69703665837702,-74.6701729772272,-74.64242657003341,-74.61401549574953,-74.58511518178652,-74.55587588198911,-74.52643733602956,-74.49694141612952,-74.46754373008045,-74.43842485879762,-74.40980148953341,-74.3819379302502,-74.3551583147861,-74.32985877019453,-74.30651717067084,-74.28569369453145,-74.26800522197988,-74.25404031613054,-74.24416988974318,-74.23826609630524,-74.23567063756676,-74.23656420022334
4.359999999999982,-74.5060579058605,-74.59065008636303,-74.67151732479712,-74.73542461755532,-74.78034555786124,-74.80845108403321,-74.822835754974,-74.82644202036569,-74.82175174184107,-74.81074972021091,-74.79497846989752,-74.77561605287542,-74.75355198555069,-74.7294531447652,-74.70381787364661,-74.67701919514924,-74.64933908536969,-74.62099551501348,-74.59216384316748,-74.56299425162342,-74.53362638176178,-74.50420195747243,-74.47487636060714,-74.44582983508984,-74.41727857930064,-74.38948621129484,-74.3627759173499,-74.33754256014018,-74.31426238334427,-74.29349355646005,-74.27585065331547,-74.26191990974694,-74.25207052346927,-74.24617467242489,-74.24357709869622,-74.24446356379805
4.3649999999999824,-74.51255283080606,-74.59707454061012,-74.67788159789798,-74.74175196211681,-74.78665982754262,-74.81477239858815,-74.82917978863077,-74.83282050075319,-74.82817325679605,-74.8172205016855,-74.80150304924705,-74.78219777048102,-74.76019337004576,-74.73615618608419,-74.71058421390923,-74.68385025764422,-74.65623615718141,-74.6279597945692,-74.59919646018668,-74.57009626345713,-74.54079874727466,-74.51144548719166,-74.48219163939952,-74.45321711152897,-74.42473761438892,-74.39701607827793,-74.37037474522985,-74.34520721840705,-74.32198811780816,-74.30127361328259,-74.28367598387891,-74.26977915156783,-74.25995061217871,-74.25406257657941,-74.25146282464227,-74.25234217803657
4.369999999999983,-74.51903578043056,-74.60348686701133,-74.684233643608,-74.74806696426427,-74.79296161087909,-74.82108105508465,-74.83551096985214,-74.83918591693033,-74.83458148257411,-74.82367775878556,-74.80801386067587,-74.78876546933013,-74.76682047813287,-74.74284468660969,-74.717335742092,-74.69066622955948,-74.66311785231464,-74.6349084033441,-74.60621310393944,-74.5771819908442,-74.54795450827461,-74.51867208344248,-74.48948964715893,-74.46058677145835,-74.43217868087463,-74.40452762008992,-74.37795489019344,-74.35285283967418,-74.32969447164493,-74.30903396541495,-74.29148131676621,-74.27761814711027,-74.26781026342982,-74.26192991787528,-74.25932792549817,-74.26020015346424
4.374999999999984,-74.52550679728667,-74.60988710964315,-74.69057350706157,-74.75436967015526,-74.79925095512212,-74.82737710196304,-74.84182934835896,-74.84553831998035,-74.84097647169372,-74.83012154553148,-74.81451095976995,-74.7953192066371,-74.77343336871883,-74.7495187070075,-74.72407252068948,-74.69746717529178,-74.66998423714574,-74.64184140977582,-74.61321384501039,-74.58425150660568,-74.555093739912,-74.52588182379974,-74.49677046398091,-74.46793889758894,-74.43960186417402,-74.4120209249321,-74.38551644328908,-74.36047951787113,-74.33738154165648,-74.31677471246184,-74.29926675423259,-74.28543700102283,-74.27564958388817,-74.26977680450679,-74.26717251043179,-74.26803759967459
4.379999999999985,-74.53196592366203,-74.61627531230774,-74.69690123311186,-74.76066012565897,-74.80552790722676,-74.8336605873581,-74.84813497355644,-74.85187776065972,-74.84735827633457,-74.83655191559197,-74.82099440174974,-74.8018590392363,-74.7800321003151,-74.7561783075319,-74.73079461176762,-74.70425315879137,-74.67683537758586,-74.64875888181705,-74.62019875347836,-74.5913048830351,-74.56221651678666,-74.53307478526368,-74.50403416936113,-74.47527357200548,-74.44700724904968,-74.41949608032353,-74.39305949485353,-74.36808734618549,-74.34504942387235,-74.32449595322532,-74.3070323977013,-74.2932358170949,-74.28346867933622,-74.27760334376597,-74.2749966876955,-74.27585462533916
4.384999999999986,-74.53841320158176,-74.62265151853528,-74.70321686633328,-74.76693837635891,-74.81179251385451,-74.83993155910201,-74.85442789453698,-74.8582042894011,-74.85372694834058,-74.84296892228714,-74.82746424147354,-74.80838502358549,-74.78661673104146,-74.76282354802956,-74.73750207696793,-74.71102424356633,-74.68367133908532,-74.65566088694003,-74.62716789892136,-74.59834219190348,-74.56932291295338,-74.54025104426582,-74.51128084220164,-74.48259087617303,-74.45439491961729,-74.42695317310819,-74.40058413451935,-74.37567641707086,-74.35269821355786,-74.33219778571329,-74.31477834777247,-74.30101469826585,-74.29126765468278,-74.28540964205229,-74.28280056463625,-74.28365133821782
4.389999999999986,-74.54484867281104,-74.62901577158657,-74.7095204510241,-74.77320446755536,-74.8180448213757,-74.84619006472688,-74.86070816008309,-74.86451795631625,-74.86008253922286,-74.84937261859176,-74.83392053344082,-74.81489721576943,-74.79318731862965,-74.7694544879432,-74.74419497751138,-74.71778049268676,-74.69049218663811,-74.66254749214139,-74.63412135042125,-74.6053635044645,-74.5764130019272,-74.54741067667437,-74.51851056081664,-74.48989089094307,-74.46176495935212,-74.4343922894618,-74.40809045122205,-74.38324682225436,-74.36032800522212,-74.33988030714787,-74.32250470423183,-74.30877374663399,-74.2990466139723,-74.2931958048821,-74.290584247705,-74.29142784516816
4.394999999999987,-74.55127237885735,-74.63536811445547,-74.71581203120881,-74.77945844426793,-74.82428487587218,-74.85243615146747,-74.86697581866997,-74.87081881119884,-74.86642510016283,-74.85576305713829,-74.84036333179553,-74.82139567150327,-74.79974392042693,-74.77607118631546,-74.75087337420244,-74.72452196878889,-74.69729798478616,-74.66941876394664,-74.64105917656896,-74.61236889145972,-74.58348685668876,-74.55455375780002,-74.52572340293835,-74.49717369655971,-74.46911745109563,-74.4418135148987,-74.41557853320732,-74.39079865274422,-74.36793889262583,-74.34754361397358,-74.33021156605945,-74.31651306346572,-74.30680566039422,-74.30096193689847,-74.29834784246678,-74.29918425215575
4.399999999999988,-74.55768436097291,-74.6417085898713,-74.72209165064062,-74.7857003512381,-74.83051272313999,-74.85866986626391,-74.87323091846838,-74.87710690352735,-74.87275468201511,-74.86214029022003,-74.84679269032925,-74.82788044613592,-74.80628659339968,-74.78267370179266,-74.75753732743294,-74.73124873407932,-74.70408879762375,-74.67627476841473,-74.6479814454688,-74.6193584231233,-74.5905445496897,-74.56168036240138,-74.53291944572305,-74.50443937266591,-74.47645247706181,-74.44921693427854,-74.4230484680381,-74.3983319988371,-74.3755309687892,-74.35518780186561,-74.33789903143789,-74.32423274920411,-74.314544896292,-74.30870814188019,-74.30609145361,-74.30692066426342
4.404999999999989,-74.56408466015712,-74.64803724030115,-74.7283593528039,-74.79193023293159,-74.83672840869158,-74.86489125576409,-74.87947350734721,-74.88338228246784,-74.87907133531048,-74.86850436979424,-74.8532086624845,-74.8343515946534,-74.8128153941368,-74.78926209262842,-74.76418689718598,-74.73796085033891,-74.71086468880176,-74.6831155711425,-74.65488822474344,-74.6263321691872,-74.59758615285759,-74.56879056469046,-74.5400987657566,-74.51168799830944,-74.48377011884361,-74.45660263181304,-74.43050034260158,-74.40584695012551,-74.38310432599957,-74.36281296573769,-74.34556719776096,-74.33193290347772,-74.32226442317214,-74.31643452275114,-74.31381518495581,-74.31463718570086
4.4099999999999895,-74.57047331715872,-74.6543541079524,-74.7346151809166,-74.79814813354088,-74.84293197775865,-74.87110036632653,-74.88570363287631,-74.88964499687673,-74.88537511025874,-74.87485534748502,-74.85961130135783,-74.84080917168217,-74.81933037885341,-74.7958364166873,-74.77082214303965,-74.7446583789269,-74.71762572153179,-74.68994123726908,-74.66177958153854,-74.6332901988859,-74.60461173760129,-74.57588443833806,-74.5472614390601,-74.51891965194875,-74.49107045741914,-74.46397069107253,-74.43793424311615,-74.4133435955052,-74.39065905581899,-74.37041919975026,-74.35321616164185,-74.33961362510937,-74.32996434171322,-74.32414118158964,-74.32151913946772,-74.32233391981413
4.41499999999999,-74.57685037247822,-74.66065923477494,-74.74085917793253,-74.8043540969876,-74.84912347529443,-74.87729724402267,-74.89192134232903,-74.89589509530366,-74.89166605675156,-74.88119327458641,-74.86600065970293,-74.84725323149242,-74.82583160339398,-74.80239673144847,-74.777443124171,-74.75134138078484,-74.72437195859044,-74.69675183148041,-74.66865558252724,-74.64023258096131,-74.61162137481594,-74.58296205647919,-74.55440754109571,-74.52613441145911,-74.49835357315791,-74.47132119499247,-74.44535025513825,-74.42082202318207,-74.39819524909177,-74.37800659731813,-74.36084601892132,-74.34727501212433,-74.33764475177445,-74.3318282196371,-74.32920341926042,-74.3300109690947
4.419999999999991,-74.58321586637017,-74.66695266246349,-74.74709138654376,-74.81054816692495,-74.8553029459762,-74.88348193463956,-74.89812668268483,-74.90213262599403,-74.89794422436546,-74.8875182020654,-74.87237678993381,-74.85368382800128,-74.83231912323609,-74.80894309400922,-74.78404989935957,-74.75800991644054,-74.73110346232333,-74.70354741801334,-74.67551629391475,-74.64715938366754,-74.61861513488799,-74.59002349171814,-74.56153714677205,-74.53333235413821,-74.50561954582696,-74.47865422587986,-74.45274846356908,-74.42828232067944,-74.40571299595197,-74.3855752511184,-74.36845686467582,-74.354917161759,-74.34530575240453,-74.33949573730723,-74.33686812560899,-74.33766843518877
4.424999999999992,-74.58956983884532,-74.67323443245999,-74.75331184918298,-74.81673038673999,-74.8614704342077,-74.8896544836823,-74.90431970063192,-74.90835763689175,-74.90420966236438,-74.89383018056462,-74.87873974412781,-74.86010101477609,-74.83879299349344,-74.81547556108848,-74.7906425269912,-74.76466404601193,-74.73782029464928,-74.71032806066007,-74.6823617814429,-74.65407067477562,-74.62559308770018,-74.597068816134,-74.56865033044966,-74.540513556712,-74.51286845459686,-74.48596986541965,-74.46012895266128,-74.43572457484508,-74.41321238583068,-74.39312525309803,-74.3760487932255,-74.36254017046916,-74.35294744185022,-74.34714383419475,-74.34451335895805,-74.34530641890639
4.429999999999993,-74.59591232967297,-74.6795045859557,-74.75952060802568,-74.82290079955607,-74.86762598412149,-74.89581493637654,-74.91050044256984,-74.91457017564203,-74.91046241970265,-74.90012926040558,-74.88508957402864,-74.86650484503745,-74.84525326891941,-74.82199418903033,-74.79722106506172,-74.77130382921088,-74.74452251706425,-74.71709382277237,-74.68919211039457,-74.66096652157817,-74.6325553026364,-74.60409810128552,-74.57574716594652,-74.5476780953405,-74.52010037804776,-74.49326819468095,-74.46749180602554,-74.44314887185794,-74.42069350746318,-74.40065669448151,-74.3836218981421,-74.37014413393808,-74.36056991756477,-74.3547726090841,-74.35213921893035,-74.35292502023016
4.434999999999993,-74.60224337838306,-74.68576316389363,-74.76571770499257,-74.82905944823503,-74.87376963958133,-74.90196333767081,-74.91666895461184,-74.92077028959379,-74.91670254502766,-74.90641549159122,-74.89142633104942,-74.87289537166252,-74.8517000039102,-74.82849903380746,-74.80378557118044,-74.77792932534696,-74.75121019064537,-74.72384476726569,-74.69600734559796,-74.66784699089393,-74.63950184858658,-74.61111141821635,-74.58282772654329,-74.55482604562317,-74.52731539417528,-74.50054929412336,-74.47483710663718,-74.45055529723525,-74.42815644889632,-74.40816966577825,-74.39117627225674,-74.37772914708472,-74.36817327621635,-74.36238215995796,-74.35974580433565,-74.36052433832421
4.439999999999994,-74.60856302426839,-74.69201020697055,-74.77190318175171,-74.83520637537963,-74.87990144418457,-74.90809973223911,-74.92282528258762,-74.92695802580249,-74.92293008668256,-74.91268892380891,-74.89775006627546,-74.87927264718795,-74.8581332525082,-74.83499015102451,-74.81033610257386,-74.78454059333141,-74.75788337605486,-74.73058095662343,-74.70280755143114,-74.67471214907249,-74.64643279395148,-74.61810883746011,-74.58989208498868,-74.56195748260477,-74.53451358039634,-74.50781324360302,-74.48216493684254,-74.45794393583905,-74.43560129749534,-74.41566425678997,-74.39871200766768,-74.38529530407166,-74.37575761369622,-74.36997258400582,-74.3673332131793,-74.36810447154296
4.444999999999995,-74.61487130638676,-74.69824575563932,-74.77807707972076,-74.84134162333568,-74.88602144126449,-74.9142241644832,-74.9289694720456,-74.93313343103252,-74.9291450927089,-74.91894960643326,-74.90406083046746,-74.88563672381308,-74.86455306840514,-74.8414675959215,-74.81687271608908,-74.79113769168053,-74.76454213354391,-74.73730245290078,-74.70959279182608,-74.68156206199863,-74.65334820664735,-74.62509042904527,-74.59694031350467,-74.5690724807806,-74.54169501355491,-74.51506012237863,-74.48947537836527,-74.465314871883,-74.44302813995112,-74.42314055661815,-74.40622919574785,-74.39284269831312,-74.38332302512698,-74.37754397763239,-74.37490154267088,-74.37566551743954
4.449999999999996,-74.62116826356312,-74.704469850111,-74.78423944006919,-74.84746523419433,-74.89212967389247,-74.920336678535,-74.93510156825543,-74.93929655175984,-74.9353476108494,-74.92519758852882,-74.91035867406423,-74.89198765340292,-74.87095950494526,-74.84793142337718,-74.8233954681974,-74.79772067851954,-74.77118652295655,-74.74400931772901,-74.71636313027321,-74.68839679509692,-74.66024815411079,-74.63205626250014,-74.6039724837917,-74.57617111410211,-74.54885976992784,-74.52229000911763,-74.49676851231278,-74.47266818893888,-74.45043706228692,-74.43059865367117,-74.41372792715251,-74.40037142248262,-74.39086960487064,-74.3850964364658,-74.38245088923262,-74.38320757277461
4.4549999999999965,-74.62745393439164,-74.71068253035702,-74.79039030372041,-74.85357724979433,-74.8982261848804,-74.92643731825883,-74.9412216162105,-74.94544743417448,-74.94153768855055,-74.93143291885283,-74.9166436471856,-74.89832548749115,-74.8773526151285,-74.85438168791224,-74.82990441499773,-74.80428961158616,-74.77781660373344,-74.75070161231933,-74.72311862982528,-74.69521641333597,-74.6671327033032,-74.63900640685767,-74.61098866703367,-74.58325345598216,-74.55600792523033,-74.5295029819019,-74.50404441918235,-74.48000396994327,-74.4578281498652,-74.43803863567138,-74.42120829182655,-74.40788156852093,-74.39839744653662,-74.39263005536587,-74.38998134850759,-74.39073073352448
4.459999999999997,-74.6337283572378,-74.71688383611121,-74.79652971135398,-74.85967771172412,-74.90431101678283,-74.93252612725392,-74.94732966063022,-74.95158612418305,-74.9477153729651,-74.93765564585799,-74.92291579963528,-74.90465027728315,-74.88373245161354,-74.86081844369264,-74.83639961221998,-74.81084454823423,-74.78443243491567,-74.75737939746693,-74.72985935310179,-74.70202098123293,-74.6740019207154,-74.64594093066036,-74.6179889339031,-74.59031957930036,-74.56313955462164,-74.53669911823374,-74.5113031788673,-74.48732229720376,-74.46520148739448,-74.44546058966226,-74.4286703790119,-74.4153732276434,-74.40590664298958,-74.4001449284321,-74.397493015368,-74.39823509488944
4.464999999999998,-74.63999157024044,-74.72307380687202,-74.8026577034077,-74.86576666132409,-74.91038421189921,-74.93860314885653,-74.95342574596245,-74.95771266741114,-74.95388071095472,-74.94386581769507,-74.9291751809036,-74.9109620736588,-74.89009906672098,-74.8672417445328,-74.84288111522847,-74.81738554543719,-74.79103407514839,-74.76404273355475,-74.73658536229291,-74.70881056285772,-74.68085587237222,-74.65285990196487,-74.62497335456618,-74.59736955640838,-74.57025473271045,-74.54387849504162,-74.51854487066305,-74.49462325240562,-74.47255715893596,-74.45286460201531,-74.43611427725483,-74.42284649034778,-74.41339728635715,-74.40764114901172,-74.40498598392341,-74.40572075130216
4.469999999999999,-74.6462436113138,-74.72925248190451,-74.80877432007968,-74.87184413968862,-74.91644581227615,-74.94466842614231,-74.95950991638585,-74.96382710920588,-74.96003374909255,-74.95006348221567,-74.93542184017033,-74.91726092717546,-74.89645251243623,-74.87365164389882,-74.84934897902527,-74.82391265979162,-74.79762158268461,-74.77069168055748,-74.74329671916364,-74.7155852218373,-74.68769462383689,-74.65976338834682,-74.63194199868752,-74.60440345913501,-74.57735353356051,-74.55104118868594,-74.52576957327314,-74.50190691661771,-74.47989524791004,-74.46025075843698,-74.44354007441306,-74.43030144642151,-74.42086946803775,-74.41511880970761,-74.41246034752872,-74.4131877964356
4.475,-74.65248451814956,-74.73541990024242,-74.81487960133053,-74.87791018766836,-74.9224958597095,-74.95072200192845,-74.96558221581223,-74.9699294946382,-74.96617453366564,-74.95624868697465,-74.94165582630751,-74.92354688807096,-74.90279284041267,-74.88004819491158,-74.85580325825349,-74.83042594752068,-74.8041950153887,-74.77732629804528,-74.74999348505771,-74.72234502135993,-74.69451824021554,-74.66665145690546,-74.63889493543516,-74.61142135879142,-74.58443603069585,-74.55818727496464,-74.5329773648152,-74.5091733702991,-74.48721583710291,-74.46761914397548,-74.45094785766288,-74.43773818494903,-74.42832327870813,-74.42257800238598,-74.41991619879204,-74.42063632321108
4.48,-74.65871432821872,-74.74157610069015,-74.82097358688524,-74.8839648458722,-74.92853439574658,-74.95676391877603,-74.97164268788875,-74.97601986850538,-74.97230311067754,-74.96242147923294,-74.94787718788191,-74.92982000626616,-74.90912010197452,-74.88643145034992,-74.86224400720062,-74.83692546447763,-74.81075443074015,-74.78394664518763,-74.75667572090171,-74.72909002417923,-74.7013267861615,-74.67352417426815,-74.64583223348534,-74.61842332617611,-74.59150229710622,-74.56531682911881,-74.54016832282667,-74.51642269330488,-74.49451900867298,-74.47496984302741,-74.45833771350615,-74.44515679431927,-74.43575880833087,-74.43001881818418,-74.42735362958257,-74.4280664238062
4.485000000000001,-74.66493307877371,-74.74772112182488,-74.82705631623541,-74.89000815466936,-74.93456146168828,-74.96279421899207,-74.97769137600028,-74.9820982753333,-74.97841952585073,-74.96858190596006,-74.95408597315806,-74.93608033136807,-74.91543434811985,-74.8928014626537,-74.86867127980163,-74.84341126614912,-74.81729988583697,-74.790552780757,-74.76334348720879,-74.73582029261833,-74.70812032587968,-74.68038160659499,-74.65275396102733,-74.62540943157997,-74.59855240525224,-74.57242992583814,-74.54734252427082,-74.52365496489243,-74.50180484415716,-74.48230293934454,-74.46570972777718,-74.45255736223261,-74.44317614616173,-74.43744134751822,-74.43477273103836,-74.43547818966266
4.490000000000002,-74.6711408068502,-74.7538550019984,-74.83312782864115,-74.89604015419144,-74.94057709859115,-74.96881294463188,-74.9837283232716,-74.98816475937878,-74.98452382462894,-74.97473001383653,-74.9602822301006,-74.94232791267241,-74.92173562952344,-74.89915828392674,-74.8750851296423,-74.84988340765854,-74.8238314373993,-74.79714476313256,-74.7699968440827,-74.74253588857401,-74.71489892313073,-74.68722381958321,-74.65966018576805,-74.63237974479118,-74.60558642707063,-74.5795266392665,-74.55450004554221,-74.53087026372737,-74.50907342447725,-74.48961851604022,-74.47306398564962,-74.45993997570805,-74.45057538075713,-74.44484568009047,-74.44217359357391,-74.44287171149385
4.495000000000003,-74.67733754926914,-74.75997777933917,-74.83918816313304,-74.90206088433452,-74.94658134726953,-74.97482013750098,-74.98975357256975,-74.99421936463196,-74.9906160521797,-74.98086584925647,-74.96646600637709,-74.94856279916647,-74.9280239965397,-74.90550196594005,-74.88148560996225,-74.8563419437694,-74.83034914177287,-74.80372265030388,-74.77663585122157,-74.74923687352069,-74.72166264123545,-74.69405087847176,-74.6665509749368,-74.63933433510029,-74.61260443397947,-74.58660704300718,-74.56164096247252,-74.53806866788946,-74.51632482994604,-74.49691665559602,-74.4804005716432,-74.46730472109024,-74.45795659998129,-74.45223190489678,-74.4495563068878,-74.4502470792927
4.5000000000000036,-74.6835233426385,-74.76608949175423,-74.84523735851417,-74.90807038476109,-74.95257424829751,-74.98081583915743,-74.99576716650597,-75.00026213481853,-74.99669625339668,-74.98698945833021,-74.97263734936054,-74.95478503953177,-74.9342994992055,-74.9118325601347,-74.88787277365823,-74.86278692888855,-74.83685305493238,-74.81028649987444,-74.78326056792172,-74.75592330851431,-74.72841154307876,-74.7008628480455,-74.6734263952898,-74.6462732713047,-74.61960649688302,-74.59367121012839,-74.56876535033616,-74.54525025487848,-74.52355914027352,-74.50419743986807,-74.48771956963043,-74.47465168405647,-74.46531989101332,-74.45960011023404,-74.45692095997009,-74.457604382339
4.505000000000004,-74.68969822335534,-74.77219017693115,-74.85127545336212,-74.9140686949021,-74.95855584201111,-74.98680009091385,-75.00176914743817,-75.00629311340202,-75.00276447290206,-74.99310088688651,-74.97879630613198,-74.96099468214675,-74.9405621872429,-74.91815011762466,-74.89424667328701,-74.86921841706952,-74.84334323248503,-74.81683636906529,-74.78987105308127,-74.76259525419636,-74.73514569111398,-74.70765979263972,-74.68028651311481,-74.6531966217138,-74.62659268617702,-74.60071921316843,-74.57587328385567,-74.55241510162004,-74.53077643457296,-74.51146095009327,-74.49502106284312,-74.48198094962332,-74.47266534035447,-74.46695038370746,-74.46426764110969,-74.46494370920693
4.510000000000005,-74.69586222760755,-74.77827987233985,-74.85730248603078,-74.92005585395889,-74.9645261685102,-74.99277293383945,-75.00775955747285,-75.01231234358599,-75.0088207550488,-74.99920018047516,-74.98494292348308,-74.96719177508952,-74.94681211006214,-74.9244546891999,-74.90060736106862,-74.8756364620156,-74.84981972967373,-74.8233723147185,-74.79646736520412,-74.76925277079772,-74.74186514736684,-74.7144417761443,-74.68713139423562,-74.6601044541535,-74.63356307175343,-74.60775112414083,-74.58296483720724,-74.55956328447127,-74.53797679136677,-74.51870726689583,-74.50230513387899,-74.48929260215365,-74.47999303383499,-74.47428281223756,-74.47159643790177,-74.47226514777245
4.515000000000006,-74.70201539137567,-74.78435861523452,-74.8633184946523,-74.92603190090509,-74.97048526766052,-74.99873440876215,-75.0137384384674,-75.01831986831634,-75.014865143923,-75.00528738436935,-74.9910772479185,-74.97337636614037,-74.9530493167642,-74.93074632532924,-74.90695488888932,-74.88204111708308,-74.85628260138057,-74.82989439330076,-74.8030495624033,-74.77589591814258,-74.74856997343952,-74.72120886200797,-74.69396110401647,-74.6669968359709,-74.64051772300546,-74.61476701453962,-74.59004008402613,-74.56669487922649,-74.54516028859257,-74.52593647029315,-74.50957186470802,-74.49658672536309,-74.48730305662089,-74.4815974820673,-74.47890743725473,-74.47956878522041
4.520000000000007,-74.70815775043475,-74.79042644265552,-74.86932351713907,-74.9319968744887,-74.97643317909565,-75.00468455627065,-75.01970583203212,-75.02431573028343,-75.0208976833462,-75.01136254356807,-74.99719932565854,-74.97954850278441,-74.95927385614358,-74.93702507616305,-74.9132893083045,-74.88843243528432,-74.86273190212995,-74.83640266090667,-74.80961770240485,-74.78252475565219,-74.75526023051465,-74.72796111324254,-74.7007757073664,-74.67387383403903,-74.64745670883241,-74.62176695534437,-74.597099097412,-74.57380996112282,-74.55232700360894,-74.5331486397021,-74.5168213366789,-74.5038634023268,-74.49459549322113,-74.4888944787692,-74.48620072539754,-74.48685470805196
4.5250000000000075,-74.71428934035623,-74.79648339143115,-74.87531759118542,-74.93795081323381,-74.98236994221902,-75.01062341671643,-75.02566177953236,-75.03029997192426,-75.02691841687756,-75.01742570279832,-75.00330920264155,-74.98570823221422,-74.96548577669104,-74.94329099153624,-74.91961067054173,-74.89481046929099,-74.869167686092,-74.84289717326232,-74.8161718425512,-74.7891393423485,-74.76193597935924,-74.73469859242701,-74.7075752687437,-74.68073551476125,-74.65438009764435,-74.62875101702522,-74.60414194993416,-74.58090860484567,-74.55947701320129,-74.5403438539451,-74.52405363052527,-74.5111227154859,-74.50187042749397,-74.49617388725203,-74.49347638788664,-74.49412300209141
4.530000000000008,-74.72041019650948,-74.80252949817947,-74.88130075426963,-74.94389375544259,-74.9882955962057,-75.01655103021558,-75.0316063220905,-75.03627263542457,-75.03292738781619,-75.02347690651771,-75.00940692452635,-74.99185560133232,-74.97168512659627,-74.94954412097105,-74.92591902650368,-74.90117527143698,-74.87559000708568,-74.8493779857285,-74.82271203980478,-74.79573973685811,-74.76859728032866,-74.74142136171166,-74.71435985216013,-74.68758194407592,-74.66128795736704,-74.63571926954783,-74.61116871363679,-74.58799088453426,-74.56661039358747,-74.54752219125595,-74.53126882637198,-74.51836474665396,-74.50912794265392,-74.50343579176788,-74.50073450961294,-74.50137375249335
4.535000000000009,-74.72652035406381,-74.80856479931009,-74.88727304365558,-74.94982573919715,-74.99421018000453,-75.02246743665107,-75.03753950058808,-75.04223376272112,-75.03892463920332,-75.0295161989166,-75.01549253669465,-74.99799065675371,-74.97787195375047,-74.95578451367973,-74.932214426771,-74.90752689372155,-74.881998918582,-74.8558451533042,-74.82923835075164,-74.80232599741576,-74.77524419337033,-74.74812948282208,-74.72112952118525,-74.6944131874607,-74.66818035544635,-74.6426717823783,-74.61817946004406,-74.5950568737869,-74.5737272204235,-74.55468372928576,-74.53846700374113,-74.52558957702334,-74.51636812127808,-74.51068027591869,-74.50797517480868,-74.50860704374962
4.54000000000001,-74.73261984799007,-74.81458933102606,-74.89323449639478,-74.95574680236138,-75.00011373233984,-75.02837267567448,-75.04346135566783,-75.04818339550363,-75.04491021382444,-75.03554362392028,-75.02156608425341,-75.00411344480835,-74.98404630574898,-74.96201221856731,-74.9384969216052,-74.9138653878123,-74.88839447370717,-74.8622987306298,-74.83575083160468,-74.808898181868,-74.78187677802767,-74.75482301706323,-74.72788433895047,-74.7012293099371,-74.67505735885324,-74.64960862448808,-74.62517426016538,-74.60210664566651,-74.58082756880914,-74.56182854510884,-74.54564824155823,-74.53279728717146,-74.52359104531278,-74.51790742266301,-74.5151984670541,-74.51582295969595
4.545000000000011,-74.7387087130624,-74.82060312932543,-74.89918514932796,-74.96165698258271,-75.00600629171338,-75.03426678670797,-75.04937192773558,-75.05412157521687,-75.05088415421154,-75.04155922519149,-75.02762761203728,-75.01022401154367,-74.99020822989382,-74.96822728423425,-74.94476656095145,-74.92019080504804,-74.89477672524569,-74.86873877199035,-74.8422495382073,-74.81545634767683,-74.78849509344381,-74.76150202532334,-74.7346243681534,-74.70803037607482,-74.68191903408801,-74.65652986435866,-74.63215318450015,-74.60914027270569,-74.58791151329335,-74.56895671522848,-74.55281261815823,-74.53998795706723,-74.53079679608003,-74.52511731432264,-74.52240446928434,-74.52302158351895
4.550000000000011,-74.74478698385991,-74.82660623000318,-74.90512503908688,-74.96755631729403,-75.01188789640614,-75.04014980894625,-75.0552712569623,-75.06004834306285,-75.05684650264524,-75.04756304613242,-75.03367716461081,-75.01632240272691,-74.99635777319641,-74.9744297589792,-74.95102339444139,-74.92650319644186,-74.90114572564346,-74.87516533131883,-74.84873452603661,-74.82200055192322,-74.79509919836535,-74.76816656807786,-74.74134967106181,-74.71481644999594,-74.68876544718499,-74.6634355699864,-74.639116303043,-74.61615782691204,-74.59497912787981,-74.57606831558255,-74.55996021129133,-74.5471616660768,-74.53798545428371,-74.53231003258895,-74.52959326379586,-74.53020299776264
4.555000000000012,-74.75085469476838,-74.8325986686528,-74.91105420209624,-74.97344484371541,-75.01775858448029,-75.04602178135846,-75.06115938328607,-75.06596374000269,-75.06279730115689,-75.05355512988712,-75.03971478627088,-75.02240866384773,-75.00249498237984,-74.98061969080166,-74.95726747139594,-74.932802612684,-74.90750152701077,-74.88157846219929,-74.85520585020687,-74.82853085131063,-74.80168915114605,-74.77481670539326,-74.74806030951773,-74.72158759537928,-74.69559666371698,-74.67032580888718,-74.6460636852885,-74.62315937977334,-74.60203048603228,-74.58316342154912,-74.56709109812896,-74.55431849297004,-74.54515710001597,-74.53948565852951,-74.5367649322531,-74.53736728433506
4.560000000000013,-74.75691187998196,-74.83858048066806,-74.9169726745752,-74.97932259885587,-75.02361839378088,-75.05188274268997,-75.06703634641397,-75.0718678067587,-75.06873659153057,-75.05953551934346,-75.0457405210489,-75.0284828401203,-75.00861990388162,-74.98679712740443,-74.96349884082788,-74.93908910414468,-74.91384418112538,-74.88797821787004,-74.86166356547281,-74.83504730216845,-74.80826500975039,-74.781452496931,-74.75475634494146,-74.72834387546462,-74.70241274879962,-74.67720064810109,-74.65299540023624,-74.63014500226258,-74.60906566067992,-74.59024210795218,-74.57420535526941,-74.5614585159263,-74.5523118127634,-74.54664427259432,-74.54391955569486,-74.54451452451482
4.565000000000014,-74.76295857350472,-74.84455170124468,-74.92288049253916,-74.98518961951514,-75.0294673619377,-75.05773273146437,-75.07290218582409,-75.07776058381647,-75.07466441530539,-75.06550425713547,-75.05175441271312,-75.03454497648603,-75.01473258385597,-74.99296211619641,-74.96971755144486,-74.94536272087696,-74.92017373943546,-74.89436465122682,-74.86810772623282,-74.84154996045551,-74.81482683175727,-74.7880740019511,-74.76143783833552,-74.7350853530568,-74.70921376709582,-74.684060154197,-74.65991151639545,-74.63711476484302,-74.61608472422253,-74.59730444906695,-74.5813030587438,-74.56858181254047,-74.5594496714131,-74.55378595462216,-74.55105721454079,-74.55164479895753
4.5700000000000145,-74.76899480915232,-74.850512365382,-74.92877769180156,-74.9910459422854,-75.03530552636701,-75.06357178598512,-75.0787569407673,-75.0836421114267,-75.08058081377736,-75.07146138564543,-75.05775650477081,-75.04059511761558,-75.02083306817636,-74.999114704295,-74.9759236516518,-74.95162351261952,-74.92649025306252,-74.9007378148258,-74.87453838653232,-74.84803888176334,-74.82137467436357,-74.79468127931604,-74.76810485028871,-74.74181209052996,-74.71599978282009,-74.69090439327695,-74.66681210178986,-74.64406873747312,-74.62308774853587,-74.60435051862535,-74.5883842840214,-74.57568845982865,-74.5665707542588,-74.56091078384671,-74.55817798859759,-74.55875818770213
4.575000000000015,-74.77502062055366,-74.85646250788459,-74.9346643079754,-74.99689160355297,-75.04113292427337,-75.06939994433755,-75.08460065026925,-75.08951242960718,-75.08648582800146,-75.07740694700603,-75.06374684047053,-75.04663330791135,-75.02692140243792,-75.00525493852872,-74.98211718955366,-74.95787152879956,-74.93279377280433,-74.9070977608866,-74.88095560006676,-74.85451412131972,-74.82790859438754,-74.8012743874944,-74.77475744097971,-74.74852414983143,-74.72277085974275,-74.69773343098085,-74.67369722396225,-74.6510069896115,-74.63007480497662,-74.61138038982152,-74.59544910601562,-74.58277853423432,-74.57367513900678,-74.56801883890277,-74.5652819570653,-74.56585477017721
4.580000000000016,-74.78103604115245,-74.86240216336398,-74.94054037647501,-75.00272663950005,-75.04694959265133,-75.07521724439056,-75.09043335313218,-75.0953715781448,-75.0923794987937,-75.08334098310235,-75.06972546280433,-75.0526595915097,-75.03299763195972,-75.01138286543966,-74.98829821295809,-74.96410681853531,-74.9390843491378,-74.91344454129549,-74.887359420185,-74.86097573399182,-74.8344286482725,-74.80785338456458,-74.78139567018124,-74.75522159248584,-74.7295270611942,-74.70454733249076,-74.6805669499793,-74.65792959022184,-74.63704596438762,-74.61839413531692,-74.60249759908913,-74.58985211163363,-74.58076290278184,-74.57511019783222,-74.57236919854347,-74.57293462520725
4.585000000000017,-74.78704110420871,-74.86833136624008,-74.9464059325177,-75.00855108610635,-75.05275556828715,-75.08102372379837,-75.09625508793668,-75.10121959659736,-75.09826186673305,-75.089263535574,-75.0756924145098,-75.05867401228326,-75.03906180178733,-75.01749853128601,-74.99446676937792,-74.97032943063901,-74.94536203222185,-74.91977820760819,-74.89374989989237,-74.86742377428956,-74.84093489209006,-74.81441832821827,-74.7880195972636,-74.76190447959918,-74.73626845006905,-74.71134616253529,-74.68742134643597,-74.66483660777759,-74.64400129710282,-74.6253918272457,-74.60952983705961,-74.59690926734135,-74.5878341221331,-74.58218493809011,-74.57943979103722,-74.5799978310187
4.590000000000018,-74.79303584280039,-74.87425015074302,-74.95226101112526,-75.01436497915076,-75.0585508877605,-75.08681942000231,-75.10206589304367,-75.10705652429556,-75.10413297216346,-75.0951746458173,-75.0816477380724,-75.06467661384318,-75.04511395669503,-75.02360198204448,-75.00062290603384,-74.97653941361942,-74.95162687190025,-74.92609881105292,-74.90012709185366,-74.87385829636892,-74.84742738154372,-74.82096927576413,-74.79462928119848,-74.76857287186259,-74.74299508883027,-74.718129985394,-74.69426047946021,-74.67172811026674,-74.65094087295223,-74.63237353721985,-74.61654589320501,-74.60395007611632,-74.59488887303975,-74.58924313655046,-74.58649381196318,-74.58704446524604
4.595000000000018,-74.79902028982497,-74.88015855091457,-74.9581056471257,-75.02016835421306,-75.06433558744622,-75.09260437023266,-75.10786580659611,-75.11288240034476,-75.10999285519577,-75.10107435498703,-75.08759147572745,-75.07066743954123,-75.05115414118819,-75.02969326341274,-75.00676666985696,-74.98273681568465,-74.95787891770429,-74.93240640253329,-74.90649104839629,-74.880279354035,-74.85390617197213,-74.82750628413135,-74.80122478056282,-74.77522682955639,-74.74970703951332,-74.72489886490158,-74.70108441471736,-74.67860416519665,-74.65786476126688,-74.63933933633425,-74.62354584026887,-74.61097461216707,-74.60192723091677,-74.5962848695122,-74.59353133815566,-74.59407460493787
4.600000000000019,-74.80499447800084,-74.88605660060968,-74.9639398751548,-75.02596124667545,-75.07010970351591,-75.09837861151021,-75.11365486652075,-75.11869726362697,-75.11584155570962,-75.1069627039987,-75.09352366946216,-75.07664653247215,-75.05718239950552,-75.03577242081181,-75.01289810749111,-74.98892168474455,-74.96411821885572,-74.9387010326312,-74.91284182151335,-74.88668700074533,-74.86037131835239,-74.83402940987307,-74.80780615354224,-74.78186641255381,-74.75640436373007,-74.73165286445213,-74.70789321741454,-74.68546483959845,-74.66477303088371,-74.64628929517191,-74.63052975046573,-74.6179829491573,-74.60894927062064,-74.60331021270495,-74.60055244587231,-74.60108832656269
4.60500000000002,-74.81095843986886,-74.89194433349813,-74.96976372965766,-75.0317436917242,-75.07587327193959,-75.10414218064803,-75.11943311052997,-75.12450115280251,-75.12167911335546,-75.11283973353042,-75.09944436101793,-75.08261393547573,-75.06319877562134,-75.04183949938844,-75.01901726529556,-74.99509406841354,-74.97034482426922,-74.94498275160964,-74.91917946286657,-74.89308128961297,-74.86682287530347,-74.84053870916982,-74.81437345793486,-74.78849168032481,-74.76308712267287,-74.73839204700334,-74.7146869523051,-74.69231020003181,-74.67166575015017,-74.6532234838088,-74.63749769548612,-74.62497516021108,-74.61595506645476,-74.61031924129458,-74.60755721079994,-74.60808570601489
4.610000000000021,-74.81691220779396,-74.89782178306604,-74.9755772448903,-75.03751572435128,-75.08162632848736,-75.10989511425316,-75.1252005761235,-75.13029410631201,-75.12750556755628,-75.1187054840249,-75.10535359189218,-75.08856969113894,-75.06920331324784,-75.04789454401742,-75.02512418934741,-75.00125401401304,-74.97655878255541,-74.9512516094157,-74.92550402378922,-74.8994622734096,-74.87326089708934,-74.84703423783306,-74.8209267511547,-74.79510269193987,-74.76975537711847,-74.74511647508062,-74.72146568369294,-74.69914031258942,-74.67854298692924,-74.66014197181892,-74.64444974650193,-74.63195131791852,-74.6229446921751,-74.61731202988906,-74.6145457080604,-74.6150668186204
4.6150000000000215,-74.82285581396643,-74.90368898261723,-74.98138045492111,-75.04327737935587,-75.08736890873107,-75.11563744872835,-75.13095730059015,-75.13607616237806,-75.13332095750964,-75.12455999569133,-75.11125140334056,-75.09451384179812,-75.07519605583734,-75.05393759930399,-75.03121892544392,-75.00740156857411,-74.9827601420233,-74.95750765568313,-74.93181555528913,-74.90583000456859,-74.87968543762227,-74.85351605130842,-74.82746609023545,-74.80169950607379,-74.77640918743201,-74.75182621078115,-74.72822947543678,-74.70595524290151,-74.6854048086039,-74.66704482827909,-74.65138597417136,-74.63891149434069,-74.62991822099552,-74.62428865254388,-74.62151801221611,-74.62203173914251
4.620000000000022,-74.8287892904035,-74.90954596527497,-74.98717339363257,-75.04902869134597,-75.09310104804581,-75.12136922027356,-75.13670332100949,-75.14184735900707,-75.1391253221894,-75.13040330850745,-75.11713783637883,-75.10044642954105,-75.0811770465844,-75.05996870958609,-75.03730151910511,-75.01353677883992,-74.98894895068298,-74.96375093973523,-74.93811410805158,-74.91218453518808,-74.88609655046605,-74.85998420467912,-74.83399153183377,-74.80828218100919,-74.78304861357066,-74.758521315778,-74.73497839095442,-74.7127550561402,-74.69225128208184,-74.67393212177382,-74.65830644864393,-74.6458557610151,-74.63687572559323,-74.63124918276762,-74.62847419727566,-74.62898054178753
4.625000000000023,-74.83471266895074,-74.91539276398326,-74.99295609472253,-75.05476969473992,-75.09882278161159,-75.12709046488779,-75.14243867425355,-75.14760773399095,-75.14491870034762,-75.1362354622213,-75.1230129317849,-75.10636749620902,-75.08714632842812,-75.06598791893656,-75.04337201557591,-75.01965969126822,-74.99512525624823,-74.96998151058759,-74.94439973244206,-74.91852591703395,-74.89249428883895,-74.86643875266925,-74.84050313223283,-74.81485077464019,-74.78967371508756,-74.76520185132402,-74.7417124932268,-74.71953981702393,-74.69908247380005,-74.68080392040014,-74.66521123956561,-74.6527841889607,-74.6438172781141,-74.63819369352737,-74.6354143366995,-74.63591330021019
4.630000000000024,-74.84062598128351,-74.92122941150839,-74.99872859170586,-75.06050042376795,-75.1045341444148,-75.13280121837045,-75.14816339698862,-75.153357324909,-75.1507011305163,-75.1420564963532,-75.12887673010084,-75.1122770833989,-75.09310394405409,-75.07199527116555,-75.04943045982874,-75.02577035203389,-75.00128910613914,-74.97619941695075,-74.95067247850929,-74.92485420154277,-74.89887870561711,-74.87287974964708,-74.84700094734585,-74.82140534447619,-74.79628455113566,-74.77186787825593,-74.7484318448024,-74.7263095898218,-74.70589844972933,-74.68766029177227,-74.67210041608358,-74.65969684868307,-74.65074295017787,-74.64512225725417,-74.64233850340527,-74.64283008751949
4.635000000000025,-74.84652925890832,-74.92705594044031,-75.00449091791585,-75.06622091247365,-75.11023517124997,-75.13850151632323,-75.15387752567669,-75.15909616912941,-75.15647265100928,-75.14786645019764,-75.1347292716348,-75.11817523246516,-75.0990499358968,-75.07799080982261,-75.05547689656562,-75.03186880703127,-75.0074405474846,-74.98240470723292,-74.95693239598786,-74.93116943982483,-74.90524985333742,-74.87930724962818,-74.85348503271923,-74.82794594764513,-74.80288118047136,-74.7785194569981,-74.75513650780103,-74.73306443835786,-74.71269927537878,-74.69450130302631,-74.67897404685112,-74.66659381017938,-74.65765281288334,-74.65203494584829,-74.64924676977321,-74.64973097628379
4.640000000000025,-74.85242253316426,-74.93287238319415,-75.01024310650571,-75.07193119471555,-75.11592589672104,-75.1441913941515,-75.15958109657726,-75.1648243038112,-75.16223329992391,-75.15366536282501,-75.14057059646287,-75.12406198452196,-75.10498434614145,-75.08397457819898,-75.06151137022071,-75.03795510187669,-75.01357962712493,-74.98859742954258,-74.9631795343011,-74.93747168266695,-74.91160778420061,-74.88572130627877,-74.85995544353618,-74.83447264089726,-74.8094636614582,-74.78515664756642,-74.76182654391806,-74.73980442601528,-74.71948501580023,-74.70132702082482,-74.68583220003248,-74.67347514294343,-74.66454693681355,-74.65893183068441,-74.65613920765159,-74.65661603853646
4.645000000000026,-74.85830583522439,-74.93867877201163,-75.01598519045004,-75.07763130416845,-75.1216063552431,-75.14987088706597,-75.16527414574891,-75.17054176590574,-75.16798311514287,-75.15945327308356,-75.14640074443108,-75.129937380445,-75.11090721672626,-75.08994661932968,-75.06753392496242,-75.04402928191077,-75.0197063916142,-74.99477763169115,-74.96941394256373,-74.94376098053536,-74.91795255007433,-74.89212197291872,-74.86641223461983,-74.84098548060842,-74.8160320520704,-74.79177950957218,-74.76850201442838,-74.74652961574058,-74.72625573559255,-74.70813751136141,-74.69267494330752,-74.68034091597049,-74.67142539204082,-74.66581298261694,-74.66301588836191,-74.66348534578101
4.650000000000027,-74.86417919609708,-74.94447513896239,-75.0217172025462,-75.08332127432512,-75.12727658104379,-75.1555400300842,-75.1709567090509,-75.17624859215849,-75.17372213433586,-75.16523021960116,-75.1522197551573,-75.13580146087362,-75.11681858934445,-75.09590697599577,-75.07354460469573,-75.05009139220081,-75.025820887223,-75.00094536119559,-74.97563566958468,-74.95003738357863,-74.92428420249604,-74.8985093025248,-74.8728554604366,-74.84748452278366,-74.82258640989673,-74.7983881022258,-74.77516298019039,-74.75324007004781,-74.73301149890604,-74.71493284036531,-74.69950234387647,-74.68719119776222,-74.6782882481317,-74.67267847198511,-74.6698768827041,-74.67033896899655
4.655000000000028,-74.87004264662738,-74.95026151594544,-75.0274391754158,-75.0890011384975,-75.1329366081648,-75.16119885803212,-75.17662882214479,-75.18194481911061,-75.17945039496136,-75.17099624078705,-75.15802766803306,-75.14165426621271,-75.12271850544622,-75.10185569072644,-75.07954345306437,-75.05614147754315,-75.03192315994055,-75.00710066528086,-74.98184476386972,-74.95630094163043,-74.93060279267607,-74.90488334773372,-74.87928517509943,-74.85396982306042,-74.82912679214385,-74.80498248434066,-74.78180950164975,-74.75993585102256,-74.73975236944672,-74.72171307310565,-74.7063144684646,-74.69402605633145,-74.68513557415208,-74.67952836861804,-74.67672226096185,-74.67717697864285
4.660000000000029,-74.87589621749834,-74.95603793469053,-75.03315114150602,-75.09467092981834,-75.13858647046341,-75.16684740554567,-75.18229052049603,-75.18763048310066,-75.18516793426835,-75.17675137483367,-75.16382452222531,-75.14749583663463,-75.12860700624088,-75.10779280580107,-75.08553051345314,-75.06217958246542,-75.03801325547732,-75.01324359088257,-74.98804127362415,-74.96255170421229,-74.93690837150042,-74.91124416084521,-74.88570143237101,-74.86044143671215,-74.83565325563987,-74.8115627143366,-74.78844163884348,-74.76661702032605,-74.74647841048048,-74.72847827439608,-74.71311138332669,-74.700845559207,-74.69196743867197,-74.6863627418397,-74.6835520929075,-74.6839994446655
4.665000000000029,-74.88173993923232,-74.9618044267595,-75.03885313309111,-75.10033068124245,-75.14422620161386,-75.17248570707214,-75.1879418393754,-75.19330562026619,-75.19087478929788,-75.18249565971844,-75.16961035667852,-75.1533262120812,-75.13448413269882,-75.11371836325144,-75.09150582898997,-75.06820575122893,-75.04409121926741,-75.01937418464944,-74.99422524675539,-74.96878972053639,-74.94320098953374,-74.91759179382504,-74.89210428566689,-74.86689941865137,-74.84216585683785,-74.81812885024372,-74.79505945140359,-74.77328363919912,-74.75318968483735,-74.73522850859902,-74.7198931542517,-74.70764977343823,-74.69878390977028,-74.69318166047397,-74.69036644780721,-74.69080643650108
4.67000000000003,-74.88757384219232,-74.96756102354759,-75.04454518227361,-75.10598042554824,-75.14985583510881,-75.17811379687178,-75.1935828138607,-75.19897026654532,-75.19657099688489,-75.1882291332054,-75.17538521011623,-75.15914543226545,-75.14034992555341,-75.11963240486364,-75.09746944254816,-75.07422002783083,-75.05015709647087,-75.02549249294577,-75.00039673087556,-74.9750150395083,-74.94948069702212,-74.923926298308,-74.89849378805869,-74.87334382343315,-74.84866465181929,-74.82468094970599,-74.80166299856093,-74.77993576846615,-74.7598862549155,-74.74196383962996,-74.72665984656713,-74.71443876559982,-74.70558505503983,-74.69998519284947,-74.69716539442584,-74.69759802308204
4.675000000000031,-74.89339795658327,-74.9733077562849,-75.0502273209859,-75.11162019533909,-75.15547540426087,-75.1837317090193,-75.19921347883827,-75.20462445767832,-75.20225659365977,-75.193951832847,-75.18114912104295,-75.16495353667355,-75.14620442530298,-75.12553497218026,-75.10342139674852,-75.08022245600641,-75.05621093197608,-75.03159856185395,-75.00655577330414,-74.98122770972958,-74.95574754389594,-74.93024772560076,-74.90486999227704,-74.87977470525826,-74.85514969629743,-74.83121906998473,-74.808252339149,-74.78657346853905,-74.76656818268549,-74.74868433096172,-74.73341152514351,-74.72121260179631,-74.71237094159181,-74.7067734068044,-74.703949001032,-74.70437427284172
4.680000000000032,-74.89921231245337,-74.97904465603752,-75.0558995809914,-75.11725002304465,-75.16108494220394,-75.18933947740517,-75.20483386900442,-75.2102682292093,-75.20793161605,-75.19966379598583,-75.18690212774591,-75.1707505645668,-75.15204767221292,-75.13142610650233,-75.10936173396142,-75.08621307923124,-75.06225277040201,-75.03769243717682,-75.0127024210704,-74.98742777950056,-74.96200157977262,-74.93655612668505,-74.9112329507149,-74.8861921179764,-74.86162104562075,-74.83774326796208,-74.81482753160748,-74.79319679942103,-74.77323552969418,-74.7553900456287,-74.74014825439876,-74.72797134766657,-74.71914163606063,-74.71354636969141,-74.71071733540283,-74.71113525371936
4.6850000000000325,-74.90501693969517,-74.98477175370898,-75.06156199388596,-75.12286994092229,-75.16668448189456,-75.19493713573723,-75.21044401886691,-75.2159016164876,-75.21359610028185,-75.20536505975618,-75.19264426829686,-75.17653655498323,-75.15787970631733,-75.13730584889136,-75.11529049630899,-75.09219194072354,-75.06828265610062,-75.04377416444005,-75.01883672091604,-74.99361529682292,-74.96824285395948,-74.94285155222029,-74.91758271543037,-74.89259611508943,-74.86807875477616,-74.84425360014482,-74.82138863398602,-74.79980582071049,-74.77988835706874,-74.76208104623102,-74.74687009830255,-74.7347150683884,-74.7258972046085,-74.72030414838224,-74.71747046482885,-74.71788103316486
4.690000000000033,-74.91081186804702,-74.9904890800415,-75.0672145910992,-75.12847998105845,-75.17227405611342,-75.20052471754204,-75.21604396274662,-75.22152465466938,-75.2192500823818,-75.21105566108588,-75.19837558055377,-75.18231154673963,-75.16370056742115,-75.1431742401713,-75.12120772566709,-75.09815908344613,-75.07430063315904,-75.04984378889465,-75.02495871929752,-74.99979030940229,-74.97447141545636,-74.94913405254658,-74.92391933814982,-74.89898674975444,-74.87452287839247,-74.8507501226674,-74.82793570394779,-74.80640059160477,-74.78652672552072,-74.76875739493865,-74.75357712038051,-74.74144382868285,-74.73263771292999,-74.72704680927245,-74.72420845611859,-74.72461167814342
4.695000000000034,-74.91659712709425,-74.99619666561723,-75.07285740389577,-75.1340801753699,-75.17785369746666,-75.20610225616639,-75.2216337347787,-75.22713737871922,-75.22489359817835,-75.21673563669785,-75.20409610216262,-75.1880755784332,-75.16951029510187,-75.14903132093056,-75.12711346366746,-75.10411455010869,-75.08030674540188,-75.05590135551924,-75.03106846238866,-75.0059528646508,-74.98068731295841,-74.95540367768754,-74.93024287027073,-74.90536407478692,-74.88095347074344,-74.85723289129562,-74.83446879877306,-74.81298117090388,-74.79315069534972,-74.77541915349542,-74.76026938371855,-74.74815769281875,-74.7393632262565,-74.73377441828598,-74.73093137560352,-74.73132725514056
4.700000000000035,-74.92237274627033,-75.00189454085958,-75.07849046337662,-75.13967055560514,-75.18342343838721,-75.21166978477852,-75.22721336891442,-75.23273982341156,-75.23052668330342,-75.22240502311169,-75.209805870559,-75.1938286884434,-75.17530892871154,-75.15487713152388,-75.13300775169968,-75.11005838316994,-75.08630103639337,-75.06194690902232,-75.03716599608312,-75.01210300968977,-74.98689059485869,-74.96166047735302,-74.93655336286483,-74.91172814266379,-74.88737058575119,-74.86370196142994,-74.84098797536275,-74.81954761701421,-74.79976032644748,-74.7820663832231,-74.76694695096693,-74.75485672461681,-74.74607380936082,-74.74048704087977,-74.73763928914245,-74.73802783016664
4.705000000000036,-74.92813875485818,-75.00758273603441,-75.08411380048045,-75.14525115334565,-75.18898331113621,-75.21722733636976,-75.23278289892225,-75.2383320233322,-75.23614937319398,-75.22806385664543,-75.21550492296984,-75.19957091493373,-75.1810965073785,-75.16071171207423,-75.13889063091315,-75.11599062483958,-75.09228354943959,-75.06798049384463,-75.04325136599655,-75.01824079135206,-74.99308130925088,-74.96790450094201,-74.94285086668077,-74.91807900552644,-74.89377427698915,-74.87015738810874,-74.8474932902419,-74.82609998795213,-74.80635567830151,-74.78869914502539,-74.77360988434454,-74.76154098745417,-74.75276952656145,-74.74718474204832,-74.74433226212636,-74.7447134687616
4.710000000000036,-74.93389518199125,-75.01326128125129,-75.08972744598469,-75.1508220000073,-75.1945333478043,-75.22277494375567,-75.23834235838952,-75.24391401287981,-75.24176170309356,-75.233712173417,-75.2211932964151,-75.20530229585334,-75.18687307000913,-75.16653510247482,-75.1447621422192,-75.12191131708049,-75.09825432759075,-75.07400215416148,-75.04932461746928,-75.02436625618469,-74.99925950393187,-74.97413579754526,-74.94913543214714,-74.92441671518378,-74.90016459768553,-74.8765992260117,-74.85398479956316,-74.83263834134776,-74.81293680999907,-74.79531749939181,-74.78025824564283,-74.76821054426838,-74.75945044172707,-74.75386758632807,-74.75101035948275,-74.75138423599928
4.715000000000037,-74.93964205665485,-75.01893020646474,-75.09533143050707,-75.15638312684146,-75.20007358031295,-75.22831263957755,-75.2438917807237,-75.24948582626732,-75.24736370805377,-75.23935000934588,-75.22687102770935,-75.21102286893894,-75.1926386552899,-75.1723473423909,-75.15062232629293,-75.12782050161084,-75.10421341364324,-75.08001193388492,-75.0553857955685,-75.0304794504512,-75.00542522640427,-74.98035441594801,-74.9554071093753,-74.9307413231152,-74.90654160072621,-74.88302752946309,-74.86046255911012,-74.83916273444827,-74.81950378023066,-74.80192150640154,-74.7868920962299,-74.77486545756179,-74.76611661828063,-74.76053563780185,-74.75767364568014,-74.75804019649222
4.720000000000038,-74.94537940768724,-75.02458954147549,-75.10092578450659,-75.16193456493647,-75.20560404041576,-75.23384045630377,-75.24943119915383,-75.25504749752344,-75.25295542293583,-75.24497740015468,-75.23253815346361,-75.21673267171637,-75.1983933016889,-75.17814847126168,-75.1564712235753,-75.13371821990592,-75.1101608501417,-75.08600987666598,-75.0614349450906,-75.03658042013424,-75.01157852387911,-74.98656040463275,-74.96166594816206,-74.93705288047344,-74.91290533865785,-74.88944235243493,-74.86692662430077,-74.8456732241217,-74.82605664729388,-74.80851122572743,-74.79351149705468,-74.78150578940556,-74.77276811920392,-74.76718896010328,-74.76432218473266,-74.76468141439604
4.725000000000039,-74.95110726378081,-75.03023931593152,-75.10651053828491,-75.1674763452187,-75.21112475969977,-75.23935842623102,-75.25496064673194,-75.2605990604941,-75.25853688241206,-75.25059438137068,-75.23819471008669,-75.22243174150238,-75.20413704745775,-75.1839385283021,-75.16230887427483,-75.13960451320035,-75.11609667938127,-75.09199602589693,-75.06747211056357,-75.04266921093779,-75.01771944327824,-74.99275381178172,-74.96791199799262,-74.94335143808763,-74.91925586369092,-74.89584374855015,-74.8733770501909,-74.85216986686027,-74.83259546909699,-74.81508671663956,-74.80011650865049,-74.78813160144375,-74.77940500704152,-74.773827616421,-74.77095604020424,-74.77130795341377
4.7300000000000395,-74.95682565348318,-75.03587955932944,-75.11208572198753,-75.17300849845397,-75.21663576958667,-75.24486658148575,-75.26048015633445,-75.26614054884385,-75.26410812096734,-75.25620098832734,-75.24384073378698,-75.22812011540621,-75.2098699306333,-75.18971755250469,-75.16813531836976,-75.14547942249001,-75.12202094340962,-75.09797042471338,-75.07349733624919,-75.04874586828979,-75.02384803123695,-74.99893468527975,-74.97414530804326,-74.94963704646605,-74.92559322770288,-74.90223177108584,-74.87981389147713,-74.85865271878382,-74.83912030316257,-74.82164803800927,-74.80670719113934,-74.7947429548975,-74.78602734390518,-74.78045166950301,-74.77757527521308,-74.77791987680031
4.73500000000004,-74.96253460519844,-75.04151030101556,-75.11765136560497,-75.17853105524864,-75.22213710133425,-75.25036495402539,-75.26598976066333,-75.2716719960572,-75.26966917290054,-75.26179725616583,-75.249476260574,-75.23379783033134,-75.21559198903934,-75.1954855826414,-75.17395059560981,-75.151342988534,-75.12793368402896,-75.10393311599654,-75.0795106661454,-75.05481043734433,-75.02996433410641,-75.00510307271657,-74.98036592718397,-74.95590975579904,-74.9319174822409,-74.90860647297632,-74.88623720250052,-74.86512183564341,-74.84563120663108,-74.82819524831268,-74.8132836042356,-74.80133991056888,-74.79263519147771,-74.78706118166086,-74.78417995243592,-74.78451724736678
4.740000000000041,-74.96823414718818,-75.04713157018698,-75.12320749897397,-75.18404404605096,-75.22762878603739,-75.25585357563968,-75.2714894922477,-75.27719343544007,-75.27522007232602,-75.2673832198366,-75.25510132625989,-75.23946492297708,-75.22130326028837,-75.20124265726534,-75.17975474551798,-75.15719525185655,-75.13383494279815,-75.10988414237525,-75.08551214398838,-75.06086296298402,-75.03606839795603,-75.01125902138968,-74.98657390398132,-74.9621696159618,-74.93822867852508,-74.91496790681624,-74.8926470372496,-74.87157727282448,-74.85212823626433,-74.83472840563441,-74.8198458072498,-74.80792252884491,-74.79922861101727,-74.79365621477382,-74.79077013411214,-74.7911001274847
4.745000000000042,-74.97392430757269,-75.05274339589295,-75.12875415177867,-75.18954750115218,-75.23311085462956,-75.26133247795194,-75.27697938344495,-75.28270490012126,-75.28076085317511,-75.27295891410076,-75.26071596646108,-75.24512142984013,-75.2270037817832,-75.20698881471259,-75.18554780739255,-75.1630362527491,-75.13972476103467,-75.11582354622819,-75.09150181325488,-75.06690348982234,-75.042160268576,-75.0174025783067,-74.99276928670096,-74.96841667651718,-74.94452686745112,-74.92131612486364,-74.89904344936359,-74.87801908535035,-74.85861144844901,-74.84124756767118,-74.82639385909248,-74.81449086970137,-74.80580766336124,-74.80023683029296,-74.79734588204812,-74.79766857909017
4.750000000000043,-74.97960511433202,-75.05834580703592,-75.13429135355186,-75.19504145068784,-75.23858333788387,-75.26680169242037,-75.28245946644225,-75.28820642305365,-75.28629154919739,-75.27852437353167,-75.2663202165998,-75.25076738721631,-75.23269359071872,-75.21272409310399,-75.19132982030888,-75.16886603127206,-75.14560317981679,-75.12175136968592,-75.09747971716442,-75.07293206220594,-75.04823999147966,-75.0235337901879,-74.99895212331026,-74.97465098671842,-74.95081209959338,-74.9276511790429,-74.90542649213555,-74.88444732788535,-74.86508089920012,-74.8477527917355,-74.83292781827787,-74.82104499270687,-74.81237240893027,-74.80680308924532,-74.8039072576213,-74.80422266368824
4.755000000000043,-74.98527659530704,-75.0639388323725,-75.13981913367599,-75.20052592463885,-75.24404626641443,-75.27226125033933,-75.28792977325763,-75.29369803701564,-75.29181219396219,-75.28407963251631,-75.2719141119055,-75.25640283120212,-75.23837272408353,-75.21844853034672,-75.19710082312106,-75.17468462725675,-75.15147023998517,-75.12766765463292,-75.10344589868131,-75.07894872421689,-75.05430761190583,-75.02965270346874,-75.00512246148102,-74.98087259551185,-74.95708442520764,-74.93397312094781,-74.91179621851556,-74.8908620547383,-74.87153664416441,-74.85424413475917,-74.83944774292756,-74.82758495702642,-74.81892290773219,-74.81335505223788,-74.81045432178423,-74.8107624423568
4.760000000000044,-74.99093877820053,-75.06952250051485,-75.14533752138438,-75.2060009528327,-75.24949967067742,-75.27771118284048,-75.29339033574145,-75.2991797746125,-75.29732282085999,-75.28962472525683,-75.27749768741653,-75.26202779769622,-75.24404121866154,-75.22416216413616,-75.20286085446392,-75.18049208030729,-75.15732598214525,-75.13357244270972,-75.10940040051705,-75.08495351967487,-75.06036317482119,-75.0357593643023,-75.01128034859197,-74.9870815515397,-74.96334389423397,-74.94028200184455,-74.91815268111382,-74.89726331986556,-74.87797873862371,-74.86072165329679,-74.8459536907743,-74.83411082142543,-74.82545921936595,-74.81989277946147,-74.81698713506877,-74.81728797575087
4.765000000000045,-74.99659169057831,-75.07509683993158,-75.15084654576239,-75.21146656494467,-75.25494358097237,-75.28315152089407,-75.29884118557756,-75.30465166827759,-75.30282346310372,-75.29515968577185,-75.28307097798151,-75.2676423224011,-75.24969911103364,-75.22986503195756,-75.20860995275468,-75.18628842980243,-75.16317044666891,-75.13946577531487,-75.1153432651322,-75.09094649213954,-75.06640672492266,-75.0418538185617,-75.0174258317313,-74.99327790314261,-74.9695905562995,-74.94657787267448,-74.92449593220357,-74.90365117687432,-74.88440723749831,-74.86718540352919,-74.85244571916539,-74.84062264427328,-74.8319814030254,-74.82641633069481,-74.82350575758983,-74.82379932410632
4.770000000000046,-75.00223535987027,-75.08066187894896,-75.1563462357485,-75.21692279049896,-75.26037802744331,-75.28858229531022,-75.30428235428465,-75.31011375027381,-75.3083141537302,-75.30068454789797,-75.28863401826082,-75.27324644082455,-75.25534643757929,-75.23555717108766,-75.2143481561947,-75.19207371489749,-75.16900367369654,-75.14534769360702,-75.12127453473862,-75.0969276849125,-75.07243830663954,-75.04793611184253,-75.02355895769924,-74.99946169836237,-74.97582446072114,-74.95286078405712,-74.93082602372425,-74.91002567902572,-74.89082219535015,-74.8736354412669,-74.85892388506643,-74.84712048354713,-74.8384895175031,-74.83292576530839,-74.8300102490496,-74.83029654724432
4.7750000000000465,-75.00786981337134,-75.08621764575199,-75.16183662013546,-75.22236965886981,-75.26580304008002,-75.29400353674009,-75.30971387321752,-75.31556605269488,-75.31379492560148,-75.30619934529122,-75.29418684272808,-75.27884018828121,-75.26098323447819,-75.24123861859644,-75.2200755027713,-75.19784797452596,-75.17482570313872,-75.15121823850671,-75.1271942513014,-75.10289714103972,-75.07845796413596,-75.0540062894652,-75.02967977301047,-75.0056329849445,-74.98204565650843,-74.95913078629304,-74.93714300728445,-74.91638687923799,-74.89722366638628,-74.88007182195358,-74.86538824506468,-74.85360439683545,-74.84498362119415,-74.8394211422683,-74.83650066874124,-74.8367797045748
4.780000000000047,-75.01349507824267,-75.0917641683854,-75.16731772757132,-75.22780719928262,-75.27121864871906,-75.29941527567699,-75.31513577356812,-75.32100860746648,-75.31926581140607,-75.3117041114283,-75.29972948567166,-75.28442359989407,-75.26660953771166,-75.24690941134867,-75.22579203025936,-75.2036112474015,-75.18063657467846,-75.15707745069862,-75.13310245654117,-75.1088549033135,-75.08446574131307,-75.06006439647734,-75.03578832389668,-75.01179181034081,-74.98825419236613,-74.9653879293666,-74.9434469341649,-74.92273483008954,-74.90361170446187,-74.88649460066935,-74.87183885537272,-74.86007444134175,-74.85146377209975,-74.84590252013996,-74.84297707555287,-74.84324885510064
4.785000000000048,-75.01911118151249,-75.09730147475477,-75.17278958656057,-75.23323544081506,-75.27662488304497,-75.30481754245771,-75.32054808636705,-75.32644144634772,-75.32472684366049,-75.31719887960806,-75.30526198119603,-75.28999671059603,-75.27222538306444,-75.25256958600566,-75.23149777622318,-75.20936357201963,-75.18643632777267,-75.16292537063326,-75.13899919193591,-75.1148010142747,-75.09046168181119,-75.06611047765611,-75.04188465630895,-75.01793822171201,-74.99445011669688,-74.97163226294877,-74.94973785532123,-74.929069583822,-74.90998636308352,-74.8929038321341,-74.87827577183178,-74.86653067388806,-74.8579300278311,-74.852369957092,-74.84943952797136,-74.84970405742145
4.790000000000049,-75.02471815007729,-75.1028295926276,-75.17825222546527,-75.23865441239828,-75.28202177259153,-75.31021036726361,-75.32595084248463,-75.33186460093222,-75.33017805471029,-75.32268368295288,-75.31078436322323,-75.29555955513129,-75.27783080612609,-75.25821917902674,-75.237192778018,-75.21510498665947,-75.1922250016543,-75.16876203852908,-75.14488449872303,-75.1207355162148,-75.09644582901207,-75.07214457751043,-75.04796881592014,-75.02407226593017,-75.00063347760396,-74.97786383639992,-74.95601582138711,-74.9353911923432,-74.9163476954124,-74.89929957071075,-74.88469904991518,-74.87297315091851,-74.86438244561288,-74.85882351089988,-74.85588808408608,-74.85614536973728
4.79500000000005,-75.03031601070266,-75.10834854963429,-75.18370567250597,-75.24406414281783,-75.28740934674268,-75.31559378012179,-75.33134407263204,-75.33727810264948,-75.33561947673155,-75.32815855440995,-75.31629666549419,-75.30111216805685,-75.28342584229252,-75.2638582266709,-75.24287707279174,-75.22083552938558,-75.19800263533396,-75.1745874943742,-75.15075841790137,-75.12665845117799,-75.10241822604114,-75.07816674028342,-75.05404084812736,-75.03019398958126,-75.00680432289377,-74.98408269877257,-74.96228088267694,-74.94169970723033,-74.92269575426728,-74.90568187040854,-74.89110874473177,-74.87940192850284,-74.87082108228682,-74.86526323894971,-74.86232280159268,-74.86257284985254
4.8000000000000504,-75.03590479002443,-75.1138583732692,-75.18914995576289,-75.24946466071489,-75.29278763473374,-75.32096781090625,-75.33672780736266,-75.3426819827661,-75.34105114173217,-75.33362352675269,-75.32179892157029,-75.30665458374398,-75.28901052676756,-75.26948676499848,-75.24855069748672,-75.22655523804954,-75.20376926760186,-75.18040177792847,-75.15662099023318,-75.13256986096322,-75.10837891576952,-75.08417700995456,-75.06010079805424,-75.03630343896762,-75.01296270007855,-74.99028889881407,-74.96853308918868,-74.9479951797326,-74.92903059212777,-74.9120507848863,-74.89750491102915,-74.88581706233975,-74.87724599431539,-74.87168919824167,-74.86874373779676,-74.86898655517969
4.805000000000051,-75.04148451454954,-75.1193590908917,-75.19458510317693,-75.25485599458729,-75.29815666565256,-75.32633248933902,-75.34210207707319,-75.34807627238698,-75.34647308155304,-75.33907863258199,-75.3272911648345,-75.3121868363796,-75.29458489456445,-75.27510482987257,-75.25421368884116,-75.23226415029177,-75.20952493702947,-75.1862049287252,-75.16247225624606,-75.1384697871263,-75.11432794081631,-75.09017543024184,-75.06614871055334,-75.04240066011035,-75.01910865637883,-74.99648248496923,-74.97477249060678,-74.95427766077454,-74.93535226113727,-74.91840636745547,-74.903887603197,-74.89221860776044,-74.88365723778516,-74.8781014453938,-74.87515094961745,-74.87538654274265
4.810000000000052,-75.04705521065712,-75.12485072972717,-75.20001114255074,-75.26023817279054,-75.30351646844055,-75.33168784499136,-75.34746691200478,-75.35346100245653,-75.35188532786931,-75.34452390432754,-75.33277342849306,-75.31770895996785,-75.30014898050732,-75.2807124569607,-75.25986608339092,-75.23796230354323,-75.21526968197144,-75.19199698607311,-75.16831225623486,-75.14435827098183,-75.12026534355059,-75.09616204460416,-75.07218463020838,-75.04848569875179,-75.02524223872595,-75.00266350538308,-74.98099913630479,-74.9605472009585,-74.94166081310594,-74.92474867108335,-74.91025687527043,-74.89860661973186,-74.89005486841042,-74.88450003664546,-74.88154449359116,-74.88177286918088
4.815000000000053,-75.05261690459938,-75.13033331686792,-75.20542810154966,-75.26561122353897,-75.30886707189373,-75.33703390728475,-75.35282234224421,-75.35883620375985,-75.35728791219174,-75.34995937424918,-75.33824574557653,-75.32322098833131,-75.30570281923262,-75.28630968173624,-75.26550791747101,-75.24364973502699,-75.22100354056715,-75.19777798905801,-75.1741410302636,-75.15023535360524,-75.12619116609348,-75.10213689624334,-75.07820860133666,-75.05455860035792,-75.03136349376469,-75.0088320079034,-74.9872130753482,-74.96680385056783,-74.9479562995138,-74.93107774839619,-74.91661278093315,-74.90498115286019,-74.89643894153647,-74.89088502786082,-74.88792442587504,-74.88814559075267
4.820000000000054,-75.05816962250253,-75.1358068792743,-75.21083600770278,-75.27097517490667,-75.31420850466391,-75.34237070549206,-75.35816839772505,-75.364201906924,-75.3626808658678,-75.35538507443817,-75.34370814894126,-75.32872295511251,-75.31124644519063,-75.29189653948006,-75.27113922721719,-75.24932648175994,-75.22672655074267,-75.20354797654483,-75.17995861816749,-75.15610107583478,-75.13210545032038,-75.10810002810638,-75.08422066799118,-75.0606194101207,-75.0374724678557,-75.0149880400833,-74.99341435649711,-74.97304765956947,-74.95423877151363,-74.93739365168224,-74.92295537352055,-74.91134226139394,-74.90280951214314,-74.8972564745324,-74.89429080225054,-74.89450476333876
4.825000000000054,-75.06371339036781,-75.14127144377558,-75.21623488840403,-75.27633005482863,-75.31954079525966,-75.34769826873871,-75.36350510822885,-75.3695581424191,-75.36806422008299,-75.36080103681837,-75.34916067127077,-75.33421489377531,-75.31677989264686,-75.29747306528189,-75.27676004856764,-75.25499258055449,-75.23243875021228,-75.20930698717919,-75.18576505955456,-75.16195547827353,-75.13800823786286,-75.1140514828876,-75.09022087396293,-75.0666681729604,-75.0435692070778,-75.02113164918386,-74.99960302820895,-74.97927867761697,-74.96050827993388,-74.94369643289488,-74.92928470602308,-74.91768999922745,-74.90916663484806,-74.90361443178453,-74.9006436781269,-74.9008504424459
4.830000000000055,-75.06924823407239,-75.14672703707097,-75.22162477091302,-75.28167589110163,-75.3248639720474,-75.35301662600364,-75.36883250338612,-75.37490494055949,-75.37343800586201,-75.36620729314764,-75.35460334507692,-75.33969683760614,-75.3223031956835,-75.30303929404192,-75.28237041726436,-75.26064806802009,-75.23814017648023,-75.21505505938927,-75.19156039380765,-75.16779860129112,-75.14389957011068,-75.11999130303073,-75.09620926278318,-75.07270493352794,-75.0496537572306,-75.02726288217663,-75.00577913864103,-74.98549695405308,-74.96676487528148,-74.94998614365544,-74.93560083108919,-74.92402441990396,-74.91551036391002,-74.9099589543766,-74.90698310854462,-74.90718268321025
4.835000000000056,-75.0747741793703,-75.1521736857306,-75.22700568235618,-75.28701271138537,-75.33017806325248,-75.35832580612053,-75.37415061267755,-75.38024233150496,-75.37880225406998,-75.37160387501899,-75.3600362027014,-75.34516881971557,-75.32781638820083,-75.30859526047222,-75.28797036885481,-75.26629298056486,-75.24383086684244,-75.22079223138759,-75.19734466008629,-75.17363048502591,-75.14977948821391,-75.125919530731,-75.10218587772555,-75.07872973620718,-75.05572616383681,-75.03338178574604,-75.01194273565328,-74.99170253791252,-74.97300860774489,-74.95626283525633,-74.94190380102843,-74.93034557661878,-74.92184075323229,-74.91629009670653,-74.91330914817881,-74.9135015404009
4.840000000000057,-75.08029125189333,-75.15761141619642,-75.23237764972757,-75.29234054320347,-75.33548309696009,-75.36362583777867,-75.37945946543513,-75.38557034526181,-75.38415699541362,-75.37699081386185,-75.36545927631678,-75.35063087303946,-75.33331950391859,-75.3141409990982,-75.29355993869338,-75.27192735439723,-75.24951085838816,-75.22651854117268,-75.20311789732843,-75.17945116938674,-75.15564803308483,-75.13183620793718,-75.1081507618082,-75.08474262511712,-75.06178647214463,-75.03948840629211,-75.01809386681077,-74.99789547792479,-74.9792395271968,-74.96252655866394,-74.94819366781465,-74.93665352222261,-74.92815785636581,-74.92260791281419,-74.91962185134267,-74.91980706842321
4.8450000000000575,-75.08579947715194,-75.16304025478316,-75.23774069989001,-75.29765941394432,-75.34077910111641,-75.3689167495242,-75.38475909084315,-75.39088901168407,-75.38950226044238,-75.3823681409433,-75.37087259792797,-75.3560830303404,-75.33881257637742,-75.31967654426008,-75.29913916194296,-75.27755122552752,-75.25518018800159,-75.23223402653083,-75.20888014425225,-75.18526069405482,-75.16150524539991,-75.13774137635372,-75.11410395779613,-75.09074364411431,-75.06783472713008,-75.04558278993265,-75.0242325793863,-75.0040758225167,-74.98545768319684,-74.96877736452151,-74.95447048308878,-74.94294830922446,-74.93446172651241,-74.92891245638447,-74.9259212719907,-74.92609932132224
4.850000000000058,-75.09129888053614,-75.16846022767926,-75.24309485957598,-75.30296935086228,-75.34606610352958,-75.37419856976105,-75.39004951793935,-75.39619836047447,-75.39483807954969,-75.38773588736922,-75.37627619937346,-75.36152532420897,-75.34429563894017,-75.32520193011428,-75.30470807357636,-75.2831646297694,-75.26083889236345,-75.23793872503781,-75.21463143935792,-75.19105909848564,-75.16735116560172,-75.14363507744277,-75.12004550820306,-75.09673283679491,-75.07387097349938,-75.0516649825059,-75.03035892036291,-75.01024361981516,-74.99166312499453,-74.97501530315209,-74.96073429816205,-74.94922998979493,-74.94075241652803,-74.93520378075061,-74.93220746372208,-74.93237835278597
4.855000000000059,-75.09678948731644,-75.17387136094784,-75.24844015538847,-75.30827038107847,-75.35134413187066,-75.379471326752,-75.39533077561599,-75.40149842118578,-75.4001644829741,-75.39309408408563,-75.38167011232649,-75.36695778706505,-75.34976872479328,-75.33071719063489,-75.31026670837785,-75.28876760274154,-75.26648700795278,-75.2436326740605,-75.22037182092942,-75.19684642191068,-75.17318583390089,-75.14951735242606,-75.12597545529373,-75.102710246497,-75.07989525569116,-75.05773502957275,-75.03647293643651,-75.01639891764972,-74.99785590153186,-74.98124042456126,-74.96698516401881,-74.95549861576907,-74.94702997892574,-74.94148193889752,-74.93848047978386,-74.9386442161486
4.86000000000006,-75.10227132264464,-75.17927368052753,-75.25377661380207,-75.31356253158182,-75.3566132136747,-75.38473504861973,-75.40060289262085,-75.4067892232217,-75.40548150080033,-75.39844276187974,-75.3870543682963,-75.37238045115913,-75.35523186694815,-75.33622235961504,-75.31581510094455,-75.29436017986902,-75.27212457104828,-75.2493159107586,-75.22610132703622,-75.20262270333942,-75.17900929027805,-75.15538824228707,-75.13189384108587,-75.1086759163026,-75.08590761787879,-75.06379297641926,-75.0425746740181,-75.02254176355517,-75.00403606144612,-74.98745277844009,-74.97322313131944,-74.96175423864955,-74.95329446587907,-74.94774698346478,-74.94474037307432,-74.94489696439393
4.865000000000061,-75.10774441155478,-75.18466721223344,-75.25910426116386,-75.31884582923003,-75.36187337634169,-75.38998976334781,-75.4058658975584,-75.41207079583805,-75.41078916296051,-75.40378195138113,-75.39242899862944,-75.3777933485736,-75.36068509824246,-75.34171747066826,-75.32135328568795,-75.29994239638498,-75.27775161773009,-75.25498847208623,-75.23181999553503,-75.208387981561,-75.18482157448555,-75.16124778777285,-75.13780070735228,-75.11462988904005,-75.09190810397259,-75.06983886805895,-75.04866417923655,-75.02867220477408,-75.01020365307241,-74.99365241416771,-74.97944825040334,-74.9679969096096,-74.95954592922482,-74.95399896674994,-74.950987196146,-74.95113665015842
4.870000000000061,-75.11320877896398,-75.19005198175799,-75.26442312369424,-75.32412030075047,-75.36712464713746,-75.39523549878172,-75.4111198188907,-75.41734316814383,-75.4160874992352,-75.40911168306305,-75.39779403451087,-75.38319651122393,-75.36612845134141,-75.34720255722988,-75.32688129683531,-75.305514287332,-75.28336818388127,-75.26065039479366,-75.23752786407151,-75.21414229514599,-75.19062272604957,-75.16709602939603,-75.14369609562291,-75.12057220728585,-75.09789675762208,-75.07587274923509,-75.05474149794078,-75.03479028825944,-75.01635872444645,-74.99983938081435,-74.98566057129163,-74.97422667949589,-74.9657844204663,-74.96023794071151,-74.95722100120895,-74.95736332573439
4.875000000000062,-75.11866444967323,-75.19542801467192,-75.26973322748793,-75.32938597274116,-75.3723670531948,-75.40047228262978,-75.4163646849385,-75.42260636910231,-75.42137653925465,-75.41443198724345,-75.40314950696526,-75.38858997086,-75.37156195873916,-75.3526776525584,-75.33239916843107,-75.31107588756367,-75.28897430518931,-75.26630171542875,-75.24322497008191,-75.2198856824483,-75.19641278427176,-75.17293300743677,-75.14958004718684,-75.12650291336708,-75.10387362221829,-75.08189466442309,-75.0608066757023,-75.04089606067704,-75.02250132330711,-75.0060137271438,-74.99186014369016,-74.9804435988316,-74.97200999077624,-74.96646395697209,-74.96344184013383,-74.9635770430733
4.880000000000063,-75.12411144836835,-75.20079533642507,-75.2750345985149,-75.33464287167172,-75.37760062151425,-75.40570014246428,-75.42160052388233,-75.42786042753205,-75.42665631249976,-75.41974289408614,-75.40849544685817,-75.39397375906732,-75.37698565276003,-75.35814278973686,-75.33790693433826,-75.316627231746,-75.29457001714776,-75.27194247033879,-75.24891135079484,-75.22561818160673,-75.20219178823109,-75.17875876194461,-75.15545260309426,-75.13242204936329,-75.10983874089568,-75.08790465783268,-75.06685975781753,-75.04698956840807,-75.02863149709904,-75.01217550161624,-74.99804701699215,-74.98664771781915,-74.9782226909998,-74.97267706682146,-74.96964976445496,-74.96977785378864
4.885000000000064,-75.12954979962072,-75.2061539723472,-75.28032726262117,-75.33989102388416,-75.38282537896518,-75.4109191057223,-75.42682736376334,-75.433105372108,-75.43192684830318,-75.42504443360197,-75.41383188489708,-75.39934790726831,-75.38239956555981,-75.3635980016741,-75.34340462823995,-75.32216835435885,-75.3001553550577,-75.27757269567186,-75.25458704323277,-75.23133983054687,-75.20795977678578,-75.18457333274041,-75.16131380415841,-75.13832965710853,-75.11579215653457,-75.09390277341028,-75.07290078931018,-75.05307085755149,-75.03474929297515,-75.01832475239094,-75.00422124028105,-74.99283908634315,-74.98442257165745,-74.9788773212194,-74.97584482537346,-74.97596580915922
4.8900000000000645,-75.13497952788812,-75.21150394764898,-75.28561124552971,-75.34513045559397,-75.38804135228666,-75.41612919970683,-75.43204523248447,-75.43834123136244,-75.43718817585047,-75.43033663564994,-75.41915885163282,-75.40471244672335,-75.38780372912696,-75.36904332110616,-75.34889228364051,-75.32769928969745,-75.30573035402914,-75.28319242737848,-75.2602520842138,-75.23705066698267,-75.21371678857491,-75.19037675941817,-75.16716369095764,-75.14422577819356,-75.12173391176306,-75.09988905484111,-75.07892981493357,-75.05913997392646,-75.04085475779925,-75.02446152732873,-75.01038286233326,-74.99901775397328,-74.99060968294796,-74.98506477079887,-74.98202707376011,-74.982140960132
4.895000000000065,-75.14040065751566,-75.21684528742277,-75.29088657284143,-75.35036119289093,-75.39324856808842,-75.42133045158755,-75.43725415781137,-75.44356803368613,-75.44244032418113,-75.43561952993824,-75.42447637746046,-75.4100674085322,-75.393198175284,-75.3744787805975,-75.35436993386706,-75.33322007187373,-75.31129504898269,-75.2888017012132,-75.26590651035325,-75.24275072841824,-75.21946286202038,-75.1961690813469,-75.1730023038373,-75.15011045396767,-75.12766404895928,-75.10586354555146,-75.08494687917293,-75.06519696307484,-75.04694793814849,-75.03058587399475,-75.01653193162073,-75.00518376996688,-74.99678407475119,-74.99123946586883,-74.98819656015849,-74.98830335732525
4.900000000000066,-75.1458132127364,-75.22217801664351,-75.29615327003589,-75.35558326173994,-75.39844705285168,-75.42652288840192,-75.44245416737333,-75.44878580732926,-75.44768332218962,-75.44089314602542,-75.42978449262063,-75.41541282363498,-75.39858293568861,-75.37990441254239,-75.35983761207082,-75.33873073481782,-75.31684947465087,-75.29440055273614,-75.27155035806521,-75.24844005214946,-75.22519803532849,-75.20195033767249,-75.17882968291154,-75.1559837255409,-75.13358261025344,-75.11182628871087,-75.09095202624768,-75.07124187026346,-75.05302888031585,-75.03669783966099,-75.02266849631377,-75.01133718327192,-75.002945796631,-74.99740145641721,-74.99435333478783,-74.99445305103148
4.905000000000067,-75.15121721767234,-75.22750216016945,-75.30141136247231,-75.36079668798203,-75.4036368329302,-75.43170653705613,-75.4476452886644,-75.4539945804025,-75.4529171986265,-75.44615751332151,-75.4350832272006,-75.42074872281358,-75.40395804183497,-75.38532024916614,-75.36529535122841,-75.34423131227936,-75.32239366557971,-75.2999890173144,-75.27718366356424,-75.2541186752657,-75.23092234649181,-75.20772056731944,-75.18464586806542,-75.16184563378583,-75.13948963752988,-75.11777732723426,-75.09694530011369,-75.07727474048652,-75.0590976303126,-75.04279747130886,-75.02879260428365,-75.01747804252967,-75.00909489783803,-75.0035507921137,-75.00049744754601,-75.0005900912203
4.910000000000068,-75.15661269633512,-75.23281774274317,-75.30666087539032,-75.36600149733516,-75.40881793455112,-75.43688142432592,-75.45282754904419,-75.45919438087792,-75.4581419820993,-75.45141266108902,-75.44037261113542,-75.42607513669265,-75.40932352505492,-75.39072632252636,-75.3707431841432,-75.34972183782898,-75.32792765613004,-75.30556713012366,-75.28280646286677,-75.25978663465136,-75.23663583329075,-75.2134798089927,-75.19045089895653,-75.16769621933956,-75.14538517242906,-75.12371670378413,-75.10292674446552,-75.08329561846793,-75.0651542338707,-75.04888481563162,-75.03490430310518,-75.02360639607737,-75.0152314273125,-75.00968752231269,-75.00662894801236,-75.00671452754146
4.915000000000068,-75.16199967262679,-75.23812478899218,-75.31190183391085,-75.37119771539516,-75.41399038381584,-75.44204757685756,-75.45800097573895,-75.46438523659009,-75.4633577010738,-75.45665861844407,-75.44565267420897,-75.43139209574078,-75.41467941651918,-75.39612266451425,-75.37618114344662,-75.35520234485953,-75.33345148047904,-75.31113492614966,-75.28841879179278,-75.26544396698758,-75.24233853329537,-75.21922810117941,-75.19624481501701,-75.1735355226058,-75.15126925634975,-75.12964446077257,-75.10889640273857,-75.08930454866356,-75.07119873644527,-75.05495991903699,-75.04100364005934,-75.02972229195095,-75.02135543368694,-75.01581169605602,-75.01274788545055,-75.01282640932762
4.920000000000069,-75.16737817034068,-75.24342332342987,-75.31713426303692,-75.37638536763643,-75.41915420670088,-75.44720502116884,-75.46316559584243,-75.46956717523695,-75.46856438387478,-75.46189541435736,-75.4509234460551,-75.43669963027172,-75.4200257472385,-75.40150930685581,-75.38160926159941,-75.36067286658759,-75.33896517262157,-75.31669244018964,-75.29402068596738,-75.27109070875386,-75.24803048386705,-75.22496548215076,-75.20202765545542,-75.17936358375664,-75.15714193045088,-75.13556064036342,-75.11485431811134,-75.0953015752636,-75.07723118321685,-75.0610228276496,-75.04709066213591,-75.03582577788761,-75.02746696528894,-75.0219233620758,-75.01885430881147,-75.01892578559723
4.92500000000007,-75.17274821316207,-75.24871337045631,-75.32235818765456,-75.38156447941303,-75.42430942905885,-75.45235378364983,-75.4683214363169,-75.47474022438092,-75.47376205868724,-75.46712307765537,-75.45618495615878,-75.44199777044547,-75.42536254806494,-75.40688628111312,-75.387027570893,-75.36613343605467,-75.34446876637162,-75.32223970685386,-75.2996121808222,-75.27672689622956,-75.2537117221601,-75.23069198996357,-75.2077994592584,-75.18518044273443,-75.16300323565355,-75.14146528447442,-75.12080053350762,-75.10128674219474,-75.08325161909387,-75.06707358731333,-75.05316541603577,-75.04191690132856,-75.03356607014376,-75.0280225687971,-75.02494826673588,-75.02501270505736
4.930000000000071,-75.17810982466897,-75.253994954359,-75.32757363253351,-75.38673507595932,-75.42945607661922,-75.45749389056388,-75.47346852399399,-75.47990441144974,-75.47895075355729,-75.47234163702123,-75.4614372338571,-75.44728654626942,-75.43068984969297,-75.41225361868551,-75.39243610345069,-75.37158408612865,-75.3499622953637,-75.32777676056699,-75.30519331159694,-75.28235256549554,-75.25938228512344,-75.23640766246207,-75.21356026519251,-75.19098613925378,-75.16885321264306,-75.1473584347791,-75.12673509159846,-75.10726009312245,-75.08926008871491,-75.07311224359385,-75.05922794817366,-75.04799570942141,-75.03965279597713,-75.03410936434075,-75.03102980755729,-75.03108721610644
4.9350000000000716,-75.18346302833295,-75.25926809931369,-75.33278062232817,-75.39189718239088,-75.43459417498926,-75.46262536804853,-75.47860688557569,-75.48505976373741,-75.4841304963931,-75.4775511209959,-75.46668030834034,-75.45256598759946,-75.43600768266066,-75.41761135081083,-75.39783489122898,-75.37702484950502,-75.35544579305414,-75.33330363556952,-75.31076411334098,-75.28796775243578,-75.26504220950221,-75.24211253727971,-75.21931011180617,-75.19678071280332,-75.17469190187073,-75.1532401327088,-75.13265803480449,-75.11322167145319,-75.095256636451,-75.07913884178102,-75.06527830468055,-75.05406224902302,-75.0457271902178,-75.04018379652597,-75.0370989793047,-75.03714936683703
4.940000000000072,-75.18880784751987,-75.26453282938508,-75.33797918157825,-75.39705082370533,-75.43972374965486,-75.4677482421163,-75.4837365476352,-75.49020630840529,-75.4893013149661,-75.48275155797906,-75.47191420865313,-75.45783612414104,-75.4413160773508,-75.42295950856656,-75.40322396601877,-75.38245575870822,-75.36091929272253,-75.33882036591925,-75.31632462091467,-75.29357249273872,-75.27069153183942,-75.24780665184069,-75.22504903743122,-75.20256420264757,-75.18051934355597,-75.15911041945492,-75.13856940529787,-75.11917152033651,-75.10124130640789,-75.08515342689105,-75.07131653140607,-75.06011656670174,-75.05178930000011,-75.04624591287306,-75.04315582970521,-75.04319920503855
4.945000000000073,-75.19414430549047,-75.26978916852777,-75.34316933470971,-75.40219602478315,-75.44484482598133,-75.47286253865559,-75.48885753661793,-75.49534407248291,-75.49446323691166,-75.48794297623022,-75.47713896369535,-75.46309698545038,-75.44661506399208,-75.4282981228711,-75.40860335944662,-75.3878768460929,-75.36638282747302,-75.34432698549267,-75.32187486899097,-75.29916682189906,-75.27633028847754,-75.25349004336172,-75.2307770801847,-75.20833664782877,-75.18633557768808,-75.16496933597064,-75.14446924500443,-75.12510968266733,-75.10721414242835,-75.09115604366914,-75.07734267392102,-75.06615870874008,-75.05783917216661,-75.05229576060599,-75.04920040618676,-75.04923677819991
4.950000000000074,-75.19947242540137,-75.27503714058686,-75.34835110603548,-75.40733281038852,-75.44995742921436,-75.47796828343164,-75.49396987884224,-75.50047308286888,-75.49961628973023,-75.49312540386967,-75.48235460222334,-75.46834860093544,-75.45190467266019,-75.43362722448485,-75.41397310297593,-75.39328814384523,-75.3718364302357,-75.34982352798632,-75.32741489205678,-75.30475077521906,-75.28195851555999,-75.25916274885361,-75.23649427797064,-75.21409808716868,-75.19214064402814,-75.17081692297299,-75.1503575956057,-75.131036201088,-75.11317518809429,-75.09714673659158,-75.08335677751967,-75.0721887211372,-75.0638768532707,-75.05833338665515,-75.05523275588072,-75.05526213351231
4.955000000000075,-75.20479223030559,-75.28027676929882,-75.35352451975628,-75.4124612051701,-75.45506158448072,-75.4830655020872,-75.49907360050042,-75.50559336633192,-75.50476050078834,-75.49829886887949,-75.48756115285076,-75.47359099985702,-75.4571849332789,-75.43894684401145,-75.41933322790828,-75.39868968398414,-75.37728013376784,-75.3553100269182,-75.33294472441445,-75.31032438781014,-75.28757624903285,-75.26482480512296,-75.24220066848177,-75.21984855927029,-75.19793458211089,-75.17665322094477,-75.1562344985409,-75.1369511179904,-75.11912448672912,-75.10312554986811,-75.08935888722219,-75.07820664961122,-75.06990238957894,-75.0643588376597,-75.0612529256246,-75.06127531787172
4.9600000000000755,-75.2101037431533,-75.28550807829215,-75.35868959996127,-75.41758123366179,-75.46015731678912,-75.4881542201436,-75.50416872765963,-75.51070494951165,-75.50989589731932,-75.5034633991045,-75.49275864404973,-75.47882421132984,-75.46245587562129,-75.4442570118989,-75.42468376538451,-75.40408149836263,-75.38271397065526,-75.36078651562909,-75.33846440018311,-75.31588769459434,-75.2931835246463,-75.2704762487737,-75.2478962892011,-75.22558810251972,-75.20371743124656,-75.18247827013657,-75.16209999500906,-75.14285447551815,-75.12506208139979,-75.10909252744412,-75.09534904777703,-75.08421253960185,-75.07591582707373,-75.07037215997028,-75.06726096196451,-75.06727637788154
4.965000000000076,-75.21540698679262,-75.29073109108819,-75.363846370629,-75.4226929202836,-75.46524465103111,-75.49323446300141,-75.50925528626266,-75.51580785891957,-75.51502250642449,-75.5086190222533,-75.49794710415179,-75.48404826432356,-75.46771752931066,-75.44955775844065,-75.43002474638588,-75.40946361866884,-75.38813797331359,-75.36625302728395,-75.34397395330024,-75.32144073030582,-75.29878037795622,-75.27611711620888,-75.25358117740377,-75.23131675508789,-75.20948923052273,-75.18829211056851,-75.1679541259709,-75.14874631556856,-75.13098801491905,-75.11504771300311,-75.10132730366315,-75.0902064362726,-75.08191721145572,-75.07637339965149,-75.07325691115781,-75.0732653598552
4.970000000000077,-75.22070198397027,-75.2959458311018,-75.36899485562812,-75.42779628934234,-75.47032361198173,-75.49830625594139,-75.51433330212883,-75.52090212093995,-75.52014035507392,-75.51376576589912,-75.50312656134895,-75.48926318766392,-75.47296992382182,-75.45484911377682,-75.43535620173539,-75.41483607642753,-75.39355217398956,-75.37170959487317,-75.34947341752284,-75.32698352949218,-75.30436684432561,-75.28174744363194,-75.25925537015854,-75.23703455493217,-75.21525001880612,-75.19409478203227,-75.17379693215084,-75.15462667979472,-75.13690232984749,-75.12099114996862,-75.10729369909244,-75.09618838451335,-75.08790658814625,-75.08236260248441,-75.0792408191756,-75.07924230981872
4.975000000000078,-75.22598875733227,-75.3011523216422,-75.37413507871801,-75.4328913650325,-75.47539422430046,-75.50336962412526,-75.51940280095485,-75.52598776183072,-75.52524947010747,-75.51890365748096,-75.50829704369463,-75.49446901003365,-75.47821308848202,-75.4601311078953,-75.44067816209879,-75.4201989030011,-75.39895660476229,-75.37715625121403,-75.354962826429,-75.33251612651611,-75.30994295892627,-75.28736726704857,-75.26491890432945,-75.24274153979825,-75.22099983474429,-75.19988632409282,-75.1796284540389,-75.16049560960755,-75.14280506849575,-75.12692288150656,-75.11324827801187,-75.10215842894246,-75.09388400228968,-75.08833981396899,-75.08521273170524,-75.08520727351312
4.980000000000079,-75.23126732942464,-75.30635058591359,-75.37926706354968,-75.43797817143697,-75.48045651253197,-75.5084245925965,-75.5244638083157,-75.53106480772426,-75.53034987823557,-75.52403272430433,-75.51345857910464,-75.49966575997352,-75.48344705247204,-75.46540377063278,-75.44599065798587,-75.42555212959086,-75.4043512975445,-75.3825930289519,-75.36044221341918,-75.3380385555567,-75.31550875674006,-75.29297662226813,-75.27057181657757,-75.24843774722173,-75.22673871676757,-75.20566677609041,-75.18544873189275,-75.16635314617774,-75.14869627292647,-75.13284295052748,-75.11919108410588,-75.10811661390932,-75.09984949875599,-75.09430507932656,-75.09117269415277,-75.09116029639706
4.985000000000079,-75.23653772269407,-75.31154064701587,-75.38439083366642,-75.44305673252772,-75.48551050110682,-75.51347118628121,-75.5295163496654,-75.53613328462835,-75.5354416060402,-75.52915299354228,-75.51861119535822,-75.50485346588347,-75.48867184482731,-75.47066713167592,-75.45129371975158,-75.4308957872382,-75.40973628408379,-75.38801996056155,-75.36591161171756,-75.34355085061074,-75.32106427256058,-75.29857554490519,-75.27621414336247,-75.25412321452984,-75.23246670309067,-75.21143617714229,-75.19125780573941,-75.17219933043783,-75.15457598495652,-75.13875139968846,-75.12512216079841,-75.11406298349647,-75.10580312214286,-75.1002584435022,-75.09712075164549,-75.09710142364918
4.99000000000008,-75.2417999594886,-75.31672252794543,-75.38950641250459,-75.44812707216674,-75.49055621434233,-75.51850942998892,-75.53456045033788,-75.54119321842707,-75.54052467997579,-75.53426449223639,-75.52375492009891,-75.51003215602341,-75.49388749443885,-75.47592122056248,-75.45658737759702,-75.43622990682583,-75.41511159596385,-75.39343707834847,-75.37137105437347,-75.34905304549437,-75.32660954099453,-75.3041640703811,-75.28184592094384,-75.25979797884305,-75.23818383171447,-75.21719456614457,-75.19705571537737,-75.17803420308414,-75.16044424615897,-75.14464827139558,-75.13104155125534,-75.11999758152201,-75.11174491677824,-75.10619995116714,-75.1030569490342,-75.10303070017063
4.995000000000081,-75.24705406205835,-75.3218962515958,-75.3946138233943,-75.45318921410662,-75.4955936764433,-75.52353934841334,-75.53959613554784,-75.54624463488157,-75.5455991263701,-75.53936724729755,-75.52888978083561,-75.5152018585144,-75.49909403005444,-75.48116606668232,-75.46187166157075,-75.4415545190789,-75.42047726460571,-75.39884441445014,-75.37682057426254,-75.3545451738443,-75.33214459646307,-75.30974223392546,-75.28746718538311,-75.26546207707675,-75.24389014042774,-75.22294198177401,-75.20284250037825,-75.18385780457865,-75.1663010978651,-75.15053360780571,-75.13694929838651,-75.12592045154186,-75.11767492672266,-75.1121296467212,-75.10898133089574,-75.10894817058742
5.000000000000082,-75.25230005255608,-75.32706184075833,-75.39971308956015,-75.45824318199135,-75.5006229115029,-75.52856096613313,-75.54462343039147,-75.55128755963095,-75.55066497142508,-75.54446128550703,-75.53401580494346,-75.52036260133956,-75.50429148027949,-75.48640169927847,-75.46714660156984,-75.44686965456616,-75.42583332126885,-75.40424200083717,-75.38226020408815,-75.36002726911916,-75.33766947320345,-75.31531007057758,-75.29307797254494,-75.27111554594286,-75.2495856668088,-75.22867846248971,-75.20861820008882,-75.18967017515104,-75.17214658116644,-75.15640745082875,-75.14284544484792,-75.13183163685183,-75.12359319577128,-75.11804757429502,-75.11489394153533,-75.11485387925286
5.0050000000000825,-75.25753795303797,-75.33221931812291,-75.40480423412194,-75.46328899935708,-75.50564394350319,-75.5335743076128,-75.54964235984735,-75.55632201819309,-75.55572224121768,-75.54954663351725,-75.5391330196648,-75.525514412345,-75.5094798735782,-75.49162814744821,-75.47241222734085,-75.45217534370113,-75.43117979705261,-75.40962986931481,-75.38768997638276,-75.36549936460094,-75.34318420527025,-75.32086761518802,-75.29867831809888,-75.2767584219515,-75.25527044822725,-75.23440404653496,-75.21438285363264,-75.1954713548005,-75.17798073691671,-75.16226984212967,-75.14873003304386,-75.13773118048994,-75.12949976745641,-75.12395377775239,-75.12079482498888,-75.12074787024986
5.010000000000083,-75.26276778546418,-75.33736870627867,-75.4098872800954,-75.4683266896328,-75.51065679631608,-75.53857939720334,-75.55465294877722,-75.56134803596544,-75.5607709617009,-75.55462331785273,-75.54424145211004,-75.53065731924086,-75.51465923827448,-75.49684544014411,-75.47766856848119,-75.4574716167432,-75.4365167228971,-75.4150080515239,-75.393109923509,-75.37096149339625,-75.34868882653691,-75.32641490242004,-75.30426825752073,-75.28239074141243,-75.2609445218456,-75.24011877193897,-75.22013649991207,-75.20126138329766,-75.1838036057338,-75.16812082313052,-75.15460310512903,-75.14361912523857,-75.13539468504962,-75.12984830069256,-75.12668402502528,-75.12663018739329
5.015000000000084,-75.26798957169954,-75.34251002771464,-75.41496225039289,-75.47335627614113,-75.51566149370402,-75.5435762591431,-75.55965522192676,-75.566365638226,-75.56581115870442,-75.559691364911,-75.54934112925874,-75.53579134960232,-75.51982960255297,-75.50205360617511,-75.48291565443989,-75.46275850379882,-75.4418441295846,-75.42037657894224,-75.39852007766122,-75.37641368843781,-75.354183370697,-75.33195196675103,-75.30984782609416,-75.28801254043682,-75.26660792462096,-75.24582267651851,-75.22587917760993,-75.20704030018643,-75.18961522800177,-75.17396043501255,-75.16046470301066,-75.14949551362672,-75.14127799156401,-75.13573118645255,-75.13256158514885,-75.13250087423238
5.020000000000085,-75.2732033335142,-75.3476433048204,-75.42002916782397,-75.47837778209896,-75.52065805932064,-75.54856491755844,-75.5646492039264,-75.57137485013395,-75.57084285793565,-75.56475080096347,-75.55443207796033,-75.54091653087032,-75.52499099446001,-75.50725267420746,-75.48815351451888,-75.46803603482253,-75.44716204774056,-75.42573548288581,-75.40392047086652,-75.38185598248552,-75.35966787126564,-75.33747884247393,-75.31541705891212,-75.29362385493866,-75.27226069330649,-75.25151579787966,-75.23161092519126,-75.21280814478592,-75.19541564387265,-75.17978871871796,-75.16631486835048,-75.15536038793196,-75.14714972975645,-75.14160247810926,-75.13842754860136,-75.1383599740528
5.025000000000086,-75.27840909258424,-75.35276855988675,-75.4250880550963,-75.48339123061817,-75.5256465167116,-75.55354539646466,-75.56963491929208,-75.57637569673054,-75.5758660849803,-75.5698016521562,-75.55951432493515,-75.5460328903528,-75.53014344190467,-75.51244267276586,-75.49338217787398,-75.47330423961816,-75.45247050783486,-75.4310847945099,-75.40931113498614,-75.38728840812799,-75.36514236158095,-75.3429955636987,-75.32097599087852,-75.2992247206364,-75.27790286445334,-75.25719817341954,-75.23733178090521,-75.21856495619213,-75.2012048932685,-75.1856057149522,-75.17215364256693,-75.1612137901827,-75.15300994212953,-75.14746221848188,-75.14428195836457,-75.14420752987917
5.030000000000086,-75.28360687049228,-75.35788581510646,-75.43013893481613,-75.4883966447064,-75.5306268893153,-75.55851771976651,-75.57461239242605,-75.58136820293986,-75.58088086530356,-75.57484394451095,-75.5645878967753,-75.55114045522541,-75.53528697265963,-75.51762363023433,-75.49860167351598,-75.47856314783978,-75.45776954018294,-75.43642454481035,-75.41469210171661,-75.39271099778371,-75.37060687480525,-75.34850216435363,-75.32652465670944,-75.3048151730544,-75.28353447441194,-75.26286984032785,-75.24304178278665,-75.22431077327988,-75.20698301588313,-75.19141146418568,-75.17798106683698,-75.16705576216015,-75.15885867093395,-75.15331045013383,-75.15012485716215,-75.15004358447703
5.035000000000087,-75.28879668872818,-75.36299509257478,-75.43518182948914,-75.49339404726766,-75.53559920046352,-75.56348191125915,-75.57958164761759,-75.58635239356974,-75.58588722425064,-75.57987770392585,-75.56965281994549,-75.55623925253249,-75.54042161436227,-75.52279557485728,-75.50381203031162,-75.48381278899296,-75.46305917494682,-75.4417547646247,-75.42006340259104,-75.39812378370236,-75.37606144392646,-75.35399867818691,-75.33206309093478,-75.31039524752451,-75.28915555933374,-75.26853083558865,-75.24874096865788,-75.23004563470458,-75.21275005118407,-75.19720600665582,-75.18379718209829,-75.17288634540046,-75.16469595817057,-75.15914721537517,-75.15595628746217,-75.15586818035534
5.040000000000088,-75.29397856868958,-75.36809641429018,-75.44021676152096,-75.49838346110305,-75.54056347338219,-75.56843799462874,-75.58454270904383,-75.59132829331237,-75.59088518704772,-75.58490295617638,-75.57470912078401,-75.56132930918808,-75.54554739451548,-75.52795853474058,-75.50901327698466,-75.48905319243572,-75.46833944213635,-75.44707548463337,-75.4254250689803,-75.40352679796605,-75.38150610175941,-75.35948513876775,-75.33759132789953,-75.31596497918758,-75.29476615517271,-75.27418119598192,-75.25442937613047,-75.23576957890398,-75.2185060384144,-75.20298938236887,-75.18960202905119,-75.17870558119682,-75.17052184559245,-75.1649725562646,-75.16177629147901,-75.1616813597684
5.045000000000089,-75.29915253168257,-75.37318980215494,-75.44524375321791,-75.50336490891145,-75.54551973119209,-75.57338599345324,-75.58949560077045,-75.59629592674521,-75.59587477880271,-75.58991972691614,-75.57975682550352,-75.56641065197671,-75.55066434048871,-75.53311253785236,-75.51420544211695,-75.49428438737968,-75.47361037161028,-75.4523867353608,-75.43077713209422,-75.40892007249063,-75.38694088094724,-75.364961579488,-75.34310940176535,-75.32152440299487,-75.30036629768696,-75.2798209580852,-75.26010704260676,-75.24148264409989,-75.22425101659448,-75.208761631102,-75.19539564816051,-75.18451351060139,-75.17633637470698,-75.17078651461159,-75.16758491117572,-75.16748316471818
5.0500000000000895,-75.3043185989222,-75.37827527797589,-75.45026282678762,-75.50833841329022,-75.55046799690949,-75.5783259312031,-75.59444034675242,-75.6012553183317,-75.60085602450606,-75.5949280416777,-75.58479596019195,-75.57148330755429,-75.55577247951882,-75.53825761202414,-75.51938855414933,-75.499506402891,-75.47887199307729,-75.4576885471766,-75.4361196229828,-75.4143036390269,-75.39236581396248,-75.3704280335633,-75.34861734651183,-75.32707355370952,-75.30595602244017,-75.2854501582751,-75.26577400528168,-75.24718486829998,-75.22998502452393,-75.21452279240488,-75.20117807965767,-75.19031017442734,-75.18213958677796,-75.17658913197862,-75.17338218826605,-75.17327363695652
5.05500000000009,-75.30947679153324,-75.38335286346489,-75.45527400433981,-75.51330399673581,-75.55540829344697,-75.58325783124198,-75.59937697083487,-75.60620649242205,-75.60582894903156,-75.59992792587342,-75.58982655081338,-75.57654730244913,-75.56087183871112,-75.5433937849517,-75.52456264138274,-75.50471926789152,-75.48412433609717,-75.46298095029674,-75.44145257253743,-75.4196775291618,-75.39778093310856,-75.37588453403457,-75.35411519593805,-75.33261246590814,-75.3115353648032,-75.29106883272905,-75.27143030114429,-75.25287628929944,-75.23570810078326,-75.22027290560179,-75.2069493635425,-75.1960956132508,-75.1879315228276,-75.18238044968302,-75.17916816421653,-75.17905281798704
5.060000000000091,-75.3146271305506,-75.38842258023955,-75.46027730788667,-75.51826168164452,-75.56034064361398,-75.58818171682749,-75.60430549675358,-75.61114947325397,-75.61079357713716,-75.60491940479623,-75.59484862320879,-75.58160266306271,-75.56596244504016,-75.54852108419611,-75.52972773197912,-75.50992301115974,-75.48936743008183,-75.46826397478449,-75.44677601149195,-75.4250417743197,-75.403186270521,-75.38133111376922,-75.3596029836638,-75.33814117398207,-75.31710435995554,-75.29667701742676,-75.27707596697948,-75.25855694468274,-75.24142028373569,-75.22601200979334,-75.21270953958519,-75.20186986741287,-75.19371222363847,-75.18816050879926,-75.18494288024867,-75.18482074906737
5.065000000000092,-75.31976963692009,-75.39348444982383,-75.46527275934379,-75.52321149031299,-75.56526507011755,-75.59309761111179,-75.60922594813592,-75.61608428495349,-75.61574993346568,-75.60990250362062,-75.59986220309705,-75.58664941567056,-75.57104432535067,-75.55363953718458,-75.53488385396248,-75.51511766133191,-75.4946013042964,-75.47353765055176,-75.45208997042386,-75.43039640576359,-75.40858185816857,-75.38676780546253,-75.36508074313109,-75.34365971213897,-75.3226630428868,-75.30227474815175,-75.28271103936959,-75.26422687182527,-75.24712161152895,-75.23174014385833,-75.21845864732822,-75.20763297702159,-75.1994817297557,-75.19392935016083,-75.19070637734086,-75.19057747121121
5.070000000000093,-75.3249043314988,-75.39853849364866,-75.4702603805306,-75.52815344493905,-75.57018159556301,-75.59800553714243,-75.61413834850147,-75.62101095153558,-75.62069804254565,-75.61487724740311,-75.60486731607561,-75.59168758642319,-75.57611750635857,-75.55874917121147,-75.5400310352198,-75.52030324690296,-75.49982598786025,-75.47880200736006,-75.45739447975551,-75.43574145459621,-75.41396772785465,-75.39219464163892,-75.37054850760536,-75.34916811440407,-75.32821144839824,-75.30786206049297,-75.28833555469593,-75.269886107895,-75.25281212209693,-75.2374573464555,-75.22419672608805,-75.21338498195375,-75.20524008148871,-75.19968701436231,-75.1964586962306,-75.19632302519042
5.075000000000093,-75.33003123505588,-75.40358473305251,-75.47524019317106,-75.53308756762223,-75.57509024245462,-75.60290551786292,-75.6190427212628,-75.62592949690507,-75.62563792879205,-75.6198436610834,-75.60986398762144,-75.59671720134686,-75.5811820146517,-75.56385001343918,-75.54516930350206,-75.52547979622756,-75.50504150974812,-75.4840570748216,-75.46268956975523,-75.4410769517613,-75.41934391121848,-75.39761165465325,-75.37600631017695,-75.35466641462166,-75.3337496111041,-75.3134389898462,-75.29394954914046,-75.27553468985423,-75.25849185316147,-75.24316365602539,-75.22992381495722,-75.21912592185693,-75.21098731891328,-75.2054335417614,-75.2021998774163,-75.20205745153699
5.080000000000094,-75.33515036827302,-75.40862318928205,-75.48021221889432,-75.53801388036452,-75.57999103319624,-75.60779757611351,-75.62393908972608,-75.63083994485717,-75.63056961650702,-75.6248017694849,-75.61485224309176,-75.60173828634453,-75.5862378766908,-75.56894209089916,-75.55029868642515,-75.53064733752106,-75.51024789879105,-75.48930288240047,-75.46797527053833,-75.44640292804476,-75.42471043973622,-75.40301887669204,-75.3814541837623,-75.36015464645656,-75.3392775654332,-75.31900557141572,-75.29955305868737,-75.28117265446105,-75.26416084223402,-75.24885911079198,-75.23563995280588,-75.22485583615119,-75.21672348187353,-75.21116897248075,-75.20792996115951,-75.20778079054504
5.085000000000095,-75.34026175174498,-75.41365388349269,-75.48517647923522,-75.54293240507086,-75.58488399009192,-75.61268173463178,-75.62882747709185,-75.63574231907842,-75.63549312988069,-75.62975159731565,-75.6198321077249,-75.6067508671966,-75.59128511881039,-75.57402543049265,-75.55541921147082,-75.53580589886059,-75.51544518367743,-75.4945394594135,-75.4732516120684,-75.45171941407581,-75.43006734472236,-75.40841633977483,-75.38689216110545,-75.3656328433953,-75.3447953456303,-75.32456184021564,-75.30514611912444,-75.28680003827108,-75.26981912661732,-75.25454374876459,-75.2413451782839,-75.23057476403118,-75.2224486099837,-75.21689334641012,-75.21364898748672,-75.21349308227292
5.090000000000096,-75.3453654059802,-75.41867683674919,-75.49013299563508,-75.54784316354983,-75.58976913534671,-75.61755801605337,-75.63370790645571,-75.64063664314719,-75.64040849299188,-75.634693169169,-75.62480360664111,-75.61175496956183,-75.59632376721956,-75.57910005899174,-75.56053090598763,-75.54095550818587,-75.52063339295414,-75.49976683503156,-75.47851862415824,-75.45702644032811,-75.43541465733085,-75.41380407575538,-75.39232027477914,-75.37110103874763,-75.35030298575747,-75.33010783107144,-75.31072876604482,-75.29241687763903,-75.27546674340705,-75.26021760773945,-75.24703952982239,-75.23628274446779,-75.22816274263015,-75.22260670320814,-75.21935699619138,-75.21919436654504
5.095000000000097,-75.35046135140139,-75.42369207002625,-75.49508178944211,-75.55274617751435,-75.59464649106717,-75.6224264429126,-75.63858040080898,-75.64552294053455,-75.64531572980889,-75.63962650952449,-75.62976676484331,-75.61675061897812,-75.60135384800294,-75.58416600304014,-75.56563379719194,-75.54609619330037,-75.52581255502733,-75.50498503828048,-75.48377633647108,-75.46232403712088,-75.44075240855616,-75.41918211632286,-75.39773855718622,-75.37655926564773,-75.35580051969549,-75.33564357862151,-75.31630103484844,-75.29802320872032,-75.28110372949348,-75.26588072530151,-75.25272304563562,-75.24197981621,-75.2338659189732,-75.2283090823043,-75.22505402683588,-75.22488468295388
5.100000000000097,-75.35554960834605,-75.42869960420914,-75.50002288191216,-75.55764146858222,-75.59951607926199,-75.62728703764314,-75.64344498303943,-75.65040123460493,-75.65021486419016,-75.64455164274851,-75.63472160721793,-75.62173784086335,-75.6063753871215,-75.58922328915418,-75.57072791216868,-75.55122798187207,-75.53098269816365,-75.51019409804206,-75.48902477852162,-75.46761223462018,-75.44608062923463,-75.42455049300311,-75.40314704056084,-75.3820075570557,-75.36128798114542,-75.34116911731842,-75.3218629607435,-75.3036190674726,-75.28673012156317,-75.27153313882611,-75.25839576372275,-75.2476660177868,-75.23955817794898,-75.23400052290086,-75.2307401187534,-75.23056407086203
5.105000000000098,-75.36063019706697,-75.43369946009419,-75.50495629420925,-75.56252905827674,-75.60437792184275,-75.63213982257875,-75.64830167593189,-75.65527154861678,-75.65510591988503,-75.64946859309511,-75.63966815853564,-75.62671666051615,-75.61138841041333,-75.59427194372364,-75.5758132778724,-75.5563509014346,-75.53614385049109,-75.5153940430552,-75.49426397967704,-75.4728910628398,-75.45139935004555,-75.42990923715989,-75.40854575696984,-75.38744594575876,-75.3667654036297,-75.34668448143049,-75.32741457874798,-75.30920448965728,-75.29234595610049,-75.27717488548065,-75.26405772186952,-75.25334138750883,-75.24523955827124,-75.23968106397454,-75.23641531104983,-75.23623256940384
5.110000000000099,-75.36570313773284,-75.43869165838936,-75.50988204740617,-75.56740896802734,-75.60923204062448,-75.63698481995382,-75.65315050216897,-75.66013390572333,-75.65998892053449,-75.65437738470669,-75.64460644345218,-75.6316871031168,-75.61639294359456,-75.59931199301259,-75.58088992112813,-75.56146497938798,-75.54129604,-75.52058490191683,-75.49949396915822,-75.47816055164255,-75.45670860151229,-75.43525837999601,-75.4139347383139,-75.39287446437258,-75.37223282049366,-75.3521897050432,-75.33295592369116,-75.31477951084116,-75.29795126938927,-75.28280600222624,-75.26970895765005,-75.25900596347029,-75.25091009843324,-75.2453507442787,-75.24207964260559,-75.24189021748748
5.1150000000001,-75.3707684504287,-75.44367621971487,-75.51480016248503,-75.57228121917014,-75.61407845732622,-75.64182205190399,-75.65799148433169,-75.66498832897324,-75.66486388967185,-75.65927804161484,-75.6495364865091,-75.63664919372795,-75.6213890122602,-75.60434346316029,-75.58595786863229,-75.56657024299976,-75.54643929454409,-75.52576670308301,-75.5047147760406,-75.48342073074122,-75.46200841400355,-75.4405979525546,-75.4193140163288,-75.39829314534263,-75.37769026490695,-75.35768482206049,-75.33848703021498,-75.3203441663979,-75.30354609751433,-75.28842652581933,-75.27534950842842,-75.26465978355056,-75.2565698367094,-75.25100960234482,-75.24773315207764,-75.24753705379688
5.1200000000001005,-75.37582615515663,-75.44865316460377,-75.5197106603379,-75.5771458329486,-75.61891719357168,-75.6466515404669,-75.6628246449002,-75.66983484131129,-75.66973085072343,-75.66417058774097,-75.65445831213455,-75.6416029572954,-75.62637664188489,-75.60936638018202,-75.59101714695358,-75.57166671940581,-75.55157364184136,-75.5309394748698,-75.50992642925532,-75.48867162969982,-75.46729881773435,-75.44592798572022,-75.42468362258664,-75.40370202094532,-75.3831377698646,-75.36316986620625,-75.34400793277561,-75.32589849150949,-75.30913047636314,-75.29403649281335,-75.28097941136038,-75.270302885416,-75.26221881115725,-75.2566576764846,-75.25337587790115,-75.25317311679342
5.125000000000101,-75.38087627183612,-75.4536225135024,-75.52461356176737,-75.5820028305141,-75.62374827088995,-75.6514733075828,-75.66765000625438,-75.67467346557903,-75.67458982700937,-75.66905504689706,-75.65937194464395,-75.64654841864892,-75.63135585782376,-75.61438076996997,-75.59606778253374,-75.57675443561126,-75.556699109475,-75.53610324545438,-75.51512895759025,-75.49391327793448,-75.4725798427672,-75.45124851022004,-75.43004358849711,-75.40910112328942,-75.38857536818865,-75.36864487102567,-75.34951866564478,-75.33144252116779,-75.31470444162724,-75.2996359395603,-75.28659870339511,-75.27593530652166,-75.26785705961908,-75.26229500479154,-75.2590078582914,-75.25879844471781
5.130000000000102,-75.38591882030465,-75.45858428677099,-75.52950888748705,-75.58685223292652,-75.62857171071596,-75.65628737509506,-75.67246759067446,-75.67950422451551,-75.67944084174418,-75.67393144278645,-75.66427740824085,-75.65148560250302,-75.63632668531325,-75.61938665829399,-75.60110980168864,-75.58183341849143,-75.5618157248945,-75.54125804287598,-75.52032238969105,-75.49914570471462,-75.47785151901331,-75.45655955662505,-75.43539394530868,-75.41449048431727,-75.39400309252929,-75.37410986988661,-75.35501926291127,-75.336976290176,-75.32026802880391,-75.30522490221242,-75.29220742127679,-75.28155708411298,-75.27348461972372,-75.26792162514288,-75.26462913124554,-75.2644130755919
5.135000000000103,-75.39095382031827,-75.46353850468428,-75.53439665812229,-75.5916940611548,-75.63338753439116,-75.66109376475093,-75.67727742034174,-75.68432714075792,-75.68428391803751,-75.67879979900447,-75.66917472701759,-75.65641453345778,-75.64128914947185,-75.62438407080253,-75.60614323060899,-75.58690369479271,-75.56692351541639,-75.54640389503683,-75.52550675406209,-75.50436893916401,-75.48311387623352,-75.4618611553511,-75.44073472410963,-75.41987013580597,-75.39942097536614,-75.37956489598092,-75.36050975848228,-75.34249983315006,-75.32582127319756,-75.31080341672363,-75.29780560154619,-75.28716825522739,-75.2791015288882,-75.27353757520122,-75.27023973454449,-75.27001704722059
5.140000000000104,-75.39598129155196,-75.4684851874319,-75.5392768942105,-75.59652833607754,-75.63819576316409,-75.6658924982021,-75.68207951733918,-75.68914223684217,-75.68911907889483,-75.68366013903916,-75.67406392495604,-75.66133523599942,-75.64624327530095,-75.6293730330234,-75.61116809536125,-75.59196529113349,-75.57202250822527,-75.55154082970319,-75.53068207906752,-75.50958301026179,-75.48836694403954,-75.46715333666018,-75.44606595582954,-75.42524010936864,-75.4048290490096,-75.38500998232576,-75.36599018608474,-75.34801318452021,-75.33136420992138,-75.3163715188512,-75.30339328054237,-75.29276885669616,-75.28470782431961,-75.27914289241637,-75.27583970575446,-75.27561039719333
5.145000000000104,-75.40100125360028,-75.47342435511904,-75.54414961620196,-75.6013550784836,-75.64299641819098,-75.67068359700527,-75.68687390365203,-75.6939495352037,-75.69394634721813,-75.68851248627209,-75.67894502592846,-75.66624773450134,-75.65118908768564,-75.6343535703646,-75.61618442188843,-75.59701823400492,-75.57711273037474,-75.55666887450619,-75.53584839293225,-75.51478794684347,-75.49361075189489,-75.47243613066135,-75.4513876712402,-75.43060043645568,-75.41022734560211,-75.39044516176497,-75.37146057926695,-75.35351637853233,-75.33689687389862,-75.3219292441572,-75.30897049440422,-75.29835892514585,-75.29030354301658,-75.28473761402702,-75.28142908222897,-75.28119316288617
5.150000000000105,-75.40601372597783,-75.47835602776692,-75.54901484446019,-75.6061743090726,-75.64778952053632,-75.6754670826228,-75.6916606011685,-75.698749058178,-75.6987657458065,-75.69335686397883,-75.68381805369799,-75.67115205322462,-75.65612661139538,-75.6393257081151,-75.621192236011,-75.60206254977199,-75.58219420878828,-75.56178805694293,-75.54100572374291,-75.519983777602,-75.49884532911608,-75.47770956731202,-75.45669990095683,-75.43595114835591,-75.41561589711941,-75.39587046697041,-75.37692097139956,-75.35900944924937,-75.34241929986428,-75.32747662801017,-75.31453727907207,-75.303938497,-75.2958887217711,-75.29032177706243,-75.28700790111037,-75.28676538146331
5.155000000000106,-75.41101872811971,-75.48328022531338,-75.55387259926256,-75.61098604845552,-75.65257509117345,-75.68024297642334,-75.69643963168025,-75.70354082800127,-75.70357729735689,-75.69819329532989,-75.68868303191958,-75.67604821631892,-75.66105587108494,-75.64428947144569,-75.62619156342767,-75.60709826467416,-75.5872669702601,-75.56689840437727,-75.54615409944884,-75.52517053108875,-75.50407070487358,-75.48297367641901,-75.46200267543932,-75.44129227619779,-75.42099473537166,-75.40128593044314,-75.38237139567728,-75.36449243055283,-75.34793152236642,-75.33301370558648,-75.3200936702892,-75.30950760848083,-75.3014633971702,-75.29589541834416,-75.2925761993317,-75.29232708987894
5.160000000000107,-75.41601627938213,-75.48819696761329,-75.55872290080087,-75.61579031715526,-75.65735315098516,-75.68501129968233,-75.70121101688322,-75.70832486681111,-75.70838102446471,-75.70302180339118,-75.69353998414053,-75.6809362478231,-75.665976891295,-75.64924488540974,-75.63118242971625,-75.61212540482647,-75.59233104145613,-75.57199994404087,-75.55129354786315,-75.53034823571463,-75.50928690819299,-75.48822848763959,-75.46729602499326,-75.44662385095062,-75.4263638920049,-75.40669158451477,-75.38781188511999,-75.36996535614401,-75.35343357576772,-75.3385405118719,-75.32563970360347,-75.31506629561068,-75.30702760559737,-75.30145857448768,-75.29813401361825,-75.2978783248788
5.1650000000001075,-75.42100639904274,-75.49310627443914,-75.56356576918179,-75.62058713560721,-75.66212372076424,-75.68977207358273,-75.70597477837806,-75.71310119664713,-75.71317694962453,-75.70784241112486,-75.69838893380134,-75.68581617166605,-75.67088969645302,-75.65419197494408,-75.63616486033446,-75.61714399622016,-75.59738644891489,-75.57709270303408,-75.55642409666348,-75.5355169197509,-75.51449396795594,-75.4934740304826,-75.47257997977113,-75.45194590342571,-75.4317233985021,-75.41208746134879,-75.39324247257409,-75.37542825954553,-75.35892549424678,-75.34405708166305,-75.33117541436879,-75.32061459421372,-75.31258138323444,-75.3070112819041,-75.30368138048925,-75.30341912300196
5.170000000000108,-75.42598910630122,-75.4980081654816,-75.56840122442746,-75.62537652415975,-75.66688682121399,-75.6945253192154,-75.71073093767076,-75.71786983945152,-75.71796509523068,-75.71265514138992,-75.70322990423631,-75.69068801166735,-75.67579431087391,-75.65913076486959,-75.64113888062073,-75.62215406472363,-75.60243321904825,-75.58217670832678,-75.56154577339312,-75.54067661133033,-75.51969191290117,-75.4987103343095,-75.47785456977334,-75.45725846427753,-75.43707328618441,-75.41747359294175,-75.39866319071398,-75.38088117410258,-75.36440731179965,-75.34956344956893,-75.33670083774669,-75.32615253991749,-75.31812476606304,-75.3125535768017,-75.30921833625966,-75.3089495205825
5.175000000000109,-75.43096442027971,-75.50290266034987,-75.57322928647599,-75.63015850307482,-75.67164247294892,-75.69927105757989,-75.71547951617333,-75.72263081706976,-75.72274548357797,-75.71746001694288,-75.70806291867429,-75.69555179153805,-75.68069075876087,-75.66406127989215,-75.64610451579497,-75.62715563608334,-75.60747137814246,-75.5872519867594,-75.56665860546185,-75.54582733844802,-75.52488077162558,-75.50393742833543,-75.48311982484945,-75.46256156400484,-75.4424135862124,-75.4228500111245,-75.40407407204313,-75.38632413298438,-75.36987906224115,-75.35505965001234,-75.34221600870777,-75.33168016815436,-75.32365778986619,-75.31808549518767,-75.31474491704168,-75.3144695537511
5.18000000000011,-75.43593236002334,-75.50778977857236,-75.57804997518203,-75.63493309252846,-75.6763906964951,-75.70400930958489,-75.72022053520432,-75.72738415125117,-75.7275181368622,-75.72225706043847,-75.71288800023932,-75.7004075348813,-75.68557906420605,-75.66898354460332,-75.65106179095949,-75.6321487359244,-75.61250095235889,-75.59231856504368,-75.57176262014696,-75.5509691289625,-75.5300605725852,-75.50915534163033,-75.48837577469916,-75.46785523295189,-75.44774432958721,-75.42821674756348,-75.4094751488955,-75.39175716918541,-75.37534077920631,-75.36054571723128,-75.34772096203318,-75.33719751416318,-75.32918049022997,-75.32360707286966,-75.32026115874639,-75.31997925843673
5.185000000000111,-75.44089294450072,-75.51266953959708,-75.58286331031715,-75.63970031261134,-75.68113151229096,-75.70874009604884,-75.72495401598944,-75.73212986364953,-75.73228307718091,-75.72704629443014,-75.7177051719513,-75.7052552651931,-75.6904592511913,-75.67389758348115,-75.65601073109961,-75.63713338975171,-75.61752196773497,-75.59737646976372,-75.5768578445941,-75.55610201059669,-75.53523134409626,-75.51436410311992,-75.49362244887342,-75.47313950130948,-75.45306554715168,-75.43357383376191,-75.41486645343676,-75.39718031552681,-75.38079249615176,-75.36602168528037,-75.35321573231616,-75.34270461299074,-75.33469290254496,-75.3291183454573,-75.3257670970854,-75.3254786703682
5.190000000000111,-75.44584619260428,-75.5175419627922,-75.58766931157058,-75.64446018332929,-75.68586494068762,-75.71346343770047,-75.72967997966212,-75.73686797582373,-75.73704032653396,-75.73182774137098,-75.72251445672671,-75.71009500586304,-75.69533134358892,-75.67880342089086,-75.66095136108463,-75.6421096229505,-75.62253445018496,-75.60242572737671,-75.58194430581823,-75.5612260109387,-75.54039311433604,-75.51956374158667,-75.49885987677557,-75.47841439911608,-75.4583772695916,-75.43892130106101,-75.42024801766559,-75.40259360465761,-75.38623424635698,-75.37148758803242,-75.35870035396348,-75.34820149949326,-75.34019506200778,-75.33461934836387,-75.33126276757241,-75.33096782507582
5.195000000000112,-75.45079212315089,-75.52240706744645,-75.5924679985495,-75.64921272460386,-75.69059100194953,-75.71817935517937,-75.73439844726416,-75.7415985092383,-75.74178990682414,-75.73660142361409,-75.72731587737931,-75.71492678017488,-75.70019536516234,-75.68370108108569,-75.66588370566843,-75.6470774607873,-75.62753842550083,-75.60746636421392,-75.58702203070447,-75.56634115744296,-75.54554591134396,-75.5247542856709,-75.50408808766227,-75.48367995625902,-75.4636795274368,-75.44425918064118,-75.42561987341489,-75.40799706905612,-75.39166606292581,-75.37694345917959,-75.36417486119682,-75.35368820833787,-75.34568700362276,-75.34011011680781,-75.33674820552477,-75.33644675789293
5.200000000000113,-75.45573075488223,-75.5272648727697,-75.59725939077964,-75.65395795627272,-75.69530971625501,-75.7228878690366,-75.73910943974617,-75.74632148526403,-75.7465318398578,-75.74136736341339,-75.73210945662068,-75.71975061130732,-75.70505133956686,-75.68859058820753,-75.67080778949041,-75.65203692841065,-75.63253391935308,-75.61249840648148,-75.59209104600909,-75.57144747743105,-75.55068976302255,-75.5299357638718,-75.50930711064467,-75.48893620247553,-75.46897235106236,-75.44958750352322,-75.43098205235304,-75.41339074103115,-75.39708797878762,-75.38238933223492,-75.36963928805423,-75.35916477400417,-75.35116876220324,-75.34559068581423,-75.34222344606506,-75.34191550395754
5.205000000000114,-75.46066210646525,-75.5321153978934,-75.60204350770576,-75.65869589809034,-75.7000211036968,-75.72758899973518,-75.74381297796832,-75.75103692517861,-75.7512661473455,-75.74612558292421,-75.73689521706096,-75.72456652233471,-75.70989929035039,-75.69347196628775,-75.67572363707606,-75.65698805085198,-75.63752095729161,-75.61752188026122,-75.59715137836034,-75.57654499809259,-75.55582469713836,-75.53510820454845,-75.51451697468944,-75.49418316735378,-75.47425577068964,-75.45490630056949,-75.43633458598514,-75.41877465272333,-75.40250002669876,-75.38782524053367,-75.37509366839163,-75.36463123078556,-75.35664037237328,-75.3510610902165,-75.34768852412269,-75.34737409821383
5.2100000000001145,-75.46558619649267,-75.53695866187108,-75.60682036869221,-75.6634265697284,-75.70472518428245,-75.73228276765055,-75.74850908270068,-75.75574485016712,-75.75599285090253,-75.75087610420385,-75.74167318120949,-75.72937453622765,-75.71473924095405,-75.69834523924786,-75.68063127283791,-75.66193085302629,-75.64249956474643,-75.62253681151164,-75.60220305425933,-75.5816337464863,-75.56095074132301,-75.54027163592069,-75.51971770861974,-75.49942088033401,-75.4795298163875,-75.46021560248508,-75.44167750565413,-75.4241488361063,-75.40790223924378,-75.39325121723468,-75.38053803588404,-75.37008761279078,-75.36210186856897,-75.35652136465774,-75.35314347443527,-75.35282257541364
5.215000000000115,-75.47050304348339,-75.54179468367873,-75.61158999302333,-75.66814999077629,-75.70942197793508,-75.73696919307133,-75.75319777462401,-75.7604452813227,-75.76071197204953,-75.75561894921233,-75.74644337147548,-75.7341746758537,-75.71957121471296,-75.70321043090023,-75.68553072107615,-75.66686535973298,-75.64746976702854,-75.62754322606862,-75.60724610008099,-75.58671374954078,-75.566067923074,-75.54542608607026,-75.52490934111627,-75.50464937070963,-75.48479451807331,-75.46551543981894,-75.44701084254213,-75.429513322988,-75.4132946488368,-75.39866729532164,-75.38597242402716,-75.37553395394532,-75.36755328503997,-75.36197154359219,-75.35858833155024,-75.35826097011808
5.220000000000116,-75.47541266588294,-75.54662348221547,-75.61635239990399,-75.67286618074168,-75.71411150449367,-75.7416482961997,-75.75787907433019,-75.76513823964707,-75.7654235322132,-75.7603541398129,-75.7512058101686,-75.738966963978,-75.72439523485689,-75.70806756494889,-75.69042200597937,-75.67179159565664,-75.65243158933075,-75.63254114964631,-75.61228054207471,-75.59178503405543,-75.57117626975571,-75.55057158294161,-75.53009190071833,-75.50986866762815,-75.49004990551418,-75.47080584296506,-75.45233462767153,-75.43486814501196,-75.41867728772273,-75.40407350760458,-75.3913968661386,-75.38097028799277,-75.37299465585095,-75.36741166128692,-75.3640231298264,-75.36368931669898
5.225000000000117,-75.48031508206392,-75.55144507630378,-75.62110760846002,-75.67757515905096,-75.71879378371372,-75.74632009715192,-75.76255300232275,-75.76982374605112,-75.77012755272673,-75.76508169777267,-75.75596051949961,-75.743751423264,-75.72921132451096,-75.71291666499015,-75.69530515162545,-75.67670958536779,-75.6573850567284,-75.63753060783795,-75.61730640636547,-75.59684762670142,-75.57627580860039,-75.55570815434307,-75.53526541582475,-75.5150788000924,-75.49529600832788,-75.47608684216358,-75.45764889190619,-75.44021333365842,-75.42405018797854,-75.40946988672101,-75.39681139535928,-75.38639664849629,-75.37842601488296,-75.37284175182307,-75.36944790343529,-75.36910764934044
5.230000000000118,-75.48521031032645,-75.55625948469013,-75.62585563773875,-75.68227694504976,-75.72346883526774,-75.75098461595898,-75.76721957901744,-75.77450182135547,-75.77482405483046,-75.76980164476328,-75.76070752158104,-75.74852807627404,-75.73401950669627,-75.7177577545133,-75.70018018198206,-75.68161935332367,-75.66233019418026,-75.64251162611669,-75.62232371895456,-75.60190155402245,-75.58136656670897,-75.56083582794757,-75.54042991469498,-75.5202797969614,-75.50053285598406,-75.48135846750192,-75.46295366595261,-75.4455489202456,-75.4294133815146,-75.4148564651373,-75.40221604465478,-75.39181306883997,-75.38384739583502,-75.37826184909747,-75.37486268636269,-75.37451600204017
5.2350000000001184,-75.49009836889863,-75.56106672604534,-75.63059650670948,-75.68697155800345,-75.72813667874564,-75.75564187256697,-75.77187882474286,-75.77917248629103,-75.77951305967247,-75.77451400236137,-75.7654468384278,-75.75329694547005,-75.7388198043306,-75.72259085690138,-75.70504712090757,-75.6865209238689,-75.66726702652916,-75.6474842298364,-75.62733250572042,-75.60694684243576,-75.58644857105203,-75.5659546312938,-75.54558542544996,-75.52547168695149,-75.50576047780528,-75.48662074891588,-75.46824898036107,-75.45087493593091,-75.43476690007584,-75.42023327515003,-75.40761084681675,-75.39721958223024,-75.38925883222534,-75.38367198682388,-75.3802675124101,-75.37991440861116
5.240000000000119,-75.49497927593691,-75.56586681896513,-75.63533023426389,-75.69165901709756,-75.73279733365538,-75.76029188683773,-75.77653075974087,-75.78383576149955,-75.78419458830913,-75.77921879204938,-75.77017849195775,-75.75805805321417,-75.74361224022914,-75.72741599543178,-75.70990599215162,-75.69141432123632,-75.6721955785029,-75.65244844423243,-75.63233279241943,-75.61198351823286,-75.59152184847075,-75.571064591787,-75.55073197607317,-75.53065449863733,-75.51097890296799,-75.49187371619074,-75.47353486552686,-75.45619141171213,-75.440110775243,-75.42560034888713,-75.41299583446407,-75.40261622169713,-75.39466035739282,-75.38907219853468,-75.38566241519612,-75.3853029026829
5.24500000000012,-75.49985304952651,-75.57065978197049,-75.64005683921658,-75.69633934143842,-75.73745081942347,-75.76493467854931,-75.78117540416719,-75.78849166753417,-75.7888686617057,-75.78391603521591,-75.77490250399237,-75.76281142176936,-75.74839683710503,-75.73223319327704,-75.714756819356,-75.6962995695477,-75.67711587471489,-75.65740429442255,-75.6373246046869,-75.61701160758054,-75.59658642567769,-75.57616573670002,-75.5558695944116,-75.53582826045287,-75.51618816050372,-75.49711739896239,-75.47881135169122,-75.46149837842849,-75.44544503843387,-75.43095771830929,-75.41837104004428,-75.40800302009578,-75.4000520044984,-75.39446251758196,-75.39104742815799,-75.39068151770297
5.250000000000121,-75.5047197076819,-75.57544563350811,-75.64477634030547,-75.70101255005342,-75.74209715539531,-75.76957026739643,-75.78581277809191,-75.79314022485998,-75.79353530073686,-75.78860575315649,-75.77961889625735,-75.76755707330004,-75.75317361757007,-75.73704247350538,-75.71959962605517,-75.70117669281447,-75.68202793966509,-75.66235180540748,-75.64230796803768,-75.62203113652157,-75.60164232925773,-75.58125809317409,-75.56099830817674,-75.54099300069238,-75.52138827929994,-75.50235182671831,-75.48407846894271,-75.46679586676204,-75.45076972090446,-75.43630541521107,-75.42373649583483,-75.41338001010756,-75.40543380652642,-75.39984297713913,-75.39642258455281,-75.39605028693836
5.255000000000122,-75.50957926834722,-75.58022439195094,-75.64948875619234,-75.70567866189165,-75.74673636083581,-75.77419867299112,-75.7904429015,-75.79778145385455,-75.7981945261873,-75.79328796707405,-75.78432769038317,-75.77229502987282,-75.75794260413542,-75.7418438590815,-75.72443443567713,-75.70604571493837,-75.68693179774054,-75.66729100207193,-75.64728290786714,-75.62704213097565,-75.606689585669,-75.58634168821986,-75.56611814494536,-75.54614874751138,-75.52657928810126,-75.50757702879876,-75.4893362472181,-75.47208390723858,-75.45608485375031,-75.44164347122229,-75.42909223394437,-75.41874722424156,-75.41080579628594,-75.40521361020228,-75.40178791745913,-75.40140924347699
5.260000000000122,-75.51443174939666,-75.58499607559851,-75.6541941054632,-75.71033769582432,-75.75136845492985,-75.77881991486305,-75.79506579429189,-75.8024153748085,-75.80284635875225,-75.79796269807956,-75.78902890790569,-75.77702531345695,-75.76270381921215,-75.74663737286717,-75.72926127154393,-75.71090665971234,-75.69182747321628,-75.67222190918528,-75.6522494494519,-75.63204461674025,-75.6117282212437,-75.59141654871824,-75.57122913216068,-75.55129552892775,-75.53176121551037,-75.51279303439779,-75.49458471630362,-75.477362530229,-75.46139046790749,-75.44697191780915,-75.43443828631406,-75.42410469483585,-75.41616800641218,-75.41057444959148,-75.40714345977817,-75.40675842022891
5.265000000000123,-75.51927716863484,-75.58976070267738,-75.65889240662878,-75.71498967064524,-75.75599345678273,-75.7834340124602,-75.7996814762839,-75.80704200792597,-75.80749081903807,-75.80262996719256,-75.79372257026685,-75.78174794592502,-75.7674572851119,-75.75142303762192,-75.73408015687254,-75.71575955082103,-75.69671499025598,-75.67714455140226,-75.65720761795063,-75.63703861949129,-75.61675826218892,-75.59648270142132,-75.57633129713315,-75.55643337282255,-75.53693408998902,-75.51799987256422,-75.499823905836,-75.48263176595025,-75.46668659415397,-75.45229078627547,-75.43977468471873,-75.42945245405875,-75.42152046936774,-75.41592552795208,-75.41248924423527,-75.41209784992786
5.270000000000124,-75.52411554379728,-75.59451829134163,-75.66358367812495,-75.71963460507122,-75.76061138542069,-75.78804098514924,-75.8042899672088,-75.8116613733252,-75.81212792756271,-75.80728979534176,-75.7984086988151,-75.78646294905357,-75.77220302404758,-75.75620087600372,-75.73889111477538,-75.72060441184168,-75.70159437291278,-75.68205895326385,-75.66215743840486,-75.64202416478422,-75.62177973458759,-75.60154017295325,-75.58142466704146,-75.56156230694108,-75.54209793985905,-75.5231975722028,-75.50505384530348,-75.48789164446657,-75.47197326311063,-75.45760010776392,-75.44510146076821,-75.43479053391015,-75.42686321744397,-75.42126687775621,-75.4178253033813,-75.41742756513256
5.275000000000125,-75.52894689255083,-75.59926885967327,-75.66826793831325,-75.7242725177426,-75.76522225979137,-75.792640852216,-75.80889128671632,-75.81627349103898,-75.8167577047564,-75.81194220336558,-75.80308731480608,-75.7911703445237,-75.77694105813393,-75.76097091056958,-75.7436941682611,-75.72544126624466,-75.70646564512988,-75.68696513919794,-75.66709893573973,-75.64700127805462,-75.62679266439928,-75.60658898981112,-75.58650926893334,-75.56668235889379,-75.54725279330341,-75.52838616207517,-75.51027456404702,-75.49314219569058,-75.47725050524254,-75.4628999132572,-75.45041864590854,-75.44011896622268,-75.43219628276225,-75.42659853130395,-75.42315166959386,-75.42274759822799
5.2800000000001255,-75.53377123249393,-75.60401242568264,-75.67294520548121,-75.7289034272237,-75.76982609876424,-75.7972336328661,-75.81348545437362,-75.82087838101535,-75.82138017096204,-75.81658721201268,-75.80775843940316,-75.79587015392163,-75.78167140938812,-75.76573316377622,-75.74848934023517,-75.73027013739436,-75.7113288307414,-75.69186313352012,-75.6720321347648,-75.65196998461903,-75.63179707746096,-75.61162917836585,-75.59158512972664,-75.57179355615722,-75.55239867836711,-75.53356567080088,-75.51548609126128,-75.49838344938433,-75.48251835085999,-75.46819023357924,-75.45572627142317,-75.44543778266312,-75.43751969727523,-75.4319205207247,-75.42846837507868,-75.4280579814268
5.285000000000126,-75.53858858115719,-75.60874900730882,-75.67761549784288,-75.73352735200321,-75.77442292113116,-75.80181934622527,-75.81807248966581,-75.82547606311788,-75.82599534643583,-75.82122484194261,-75.81242209367807,-75.80056239873934,-75.78639409973046,-75.77048765798068,-75.7532766535006,-75.73509104854969,-75.71618395347296,-75.69675296043444,-75.67695706017483,-75.65693030967589,-75.636792999488,-75.61666076486303,-75.59665227621005,-75.57689592607498,-75.55753562295818,-75.53873612685841,-75.52068845599563,-75.50361543516047,-75.48777683011966,-75.47347109939629,-75.46102436843417,-75.45074701473351,-75.44283349276823,-75.43723287797852,-75.43377545187093,-75.43335874677068
5.290000000000127,-75.54339895600364,-75.61347862242008,-75.6822788335392,-75.73814431049472,-75.77901274560672,-75.80639801133994,-75.82265241199649,-75.83006655712633,-75.83060325134777,-75.82585511372622,-75.81707829861138,-75.80524710037513,-75.7911091509849,-75.77523441544105,-75.7580561307586,-75.73990402286485,-75.72103103694258,-75.70163464403409,-75.68187373655051,-75.66188227830618,-75.64178045607484,-75.62168377542378,-75.60171073504412,-75.58198949585858,-75.56266365484865,-75.54389755858617,-75.52588168715529,-75.50883818248325,-75.49302597302581,-75.4787425412182,-75.46631296790346,-75.45604669377246,-75.4481377008604,-75.44253563485734,-75.43907293183653,-75.43864992613157
5.295000000000128,-75.54820237442924,-75.6182012888143,-75.68693523063853,-75.74275432103713,-75.78359559082881,-75.81096964717764,-75.82722524068811,-75.83464988273714,-75.83520390578215,-75.83047804784636,-75.82172707509315,-75.80992428013418,-75.79581658487973,-75.77997345831692,-75.76282779460912,-75.74470908338998,-75.72587010466108,-75.70650820830214,-75.68678218835925,-75.6668259154743,-75.64675947269593,-75.6266982360456,-75.60676053276208,-75.58707429258848,-75.56778280167549,-75.54904999418352,-75.53106581350227,-75.51405172066961,-75.49826580943129,-75.4840045893995,-75.471592100634,-75.46133685095634,-75.45343235300592,-75.44782882298625,-75.44436084667342,-75.44393155121296
5.300000000000129,-75.5529988537631,-75.62291702421935,-75.6915847071369,-75.74735740189503,-75.788171475359,-75.81553427262753,-75.83179099498261,-75.8392260595639,-75.83979732973813,-75.83509366469826,-75.8263684439234,-75.81459395922924,-75.80051642304814,-75.78470480867018,-75.7675916675517,-75.74950625307183,-75.7307011800331,-75.71137367711233,-75.69168243995587,-75.67176124602878,-75.65173007470642,-75.63170417260325,-75.61180169577074,-75.59215034321491,-75.57289309094159,-75.55419346171169,-75.53624086365643,-75.51925607889032,-75.50349636903863,-75.48925727414054,-75.4768617972709,-75.46661751730049,-75.45871748049544,-75.45311247382483,-75.44963922791288,-75.4492036535512
5.305000000000129,-75.55778841126808,-75.62762584629353,-75.6962272809586,-75.75195357125925,-75.79274041768302,-75.82009190650078,-75.83634969404179,-75.84379510713786,-75.84438354313023,-75.83970198459019,-75.83100242581273,-75.81925615878102,-75.80520868702874,-75.7894284884656,-75.77234777198589,-75.75429555475448,-75.73552428635756,-75.71623107422968,-75.69657451558342,-75.67668829470311,-75.65669228734306,-75.63670161084954,-75.6168342503513,-75.59721767455878,-75.57799455001667,-75.55932798909481,-75.54140686609651,-75.5244512861709,-75.5087176814013,-75.49450062548864,-75.48212208830263,-75.4718887236604,-75.46399311445704,-75.45838661866829,-75.4549081069207,-75.45446626451682
5.31000000000013,-75.56257106414098,-75.6323277726259,-75.70086296995652,-75.7565428472472,-75.79730243621123,-75.82464256753117,-75.84090135694782,-75.8483570449084,-75.84896256578882,-75.84430302774395,-75.83562904138287,-75.82391089981894,-75.80989339826633,-75.7941445195713,-75.77709613021204,-75.75907701117994,-75.74033944682846,-75.72108042331128,-75.70145843937385,-75.6816070861165,-75.66164613572492,-75.64169057641612,-75.62185822266032,-75.60227631331257,-75.5830872061382,-75.56445360412086,-75.5465638491611,-75.52963737139277,-75.51392977592452,-75.49973467333913,-75.48737300406219,-75.47715050073296,-75.46925928585772,-75.46365128864879,-75.4601675148985,-75.45971941531567
5.315000000000131,-75.56734682951304,-75.63702282073676,-75.70549179191258,-75.76112524790335,-75.80185754927898,-75.82918627437543,-75.8454460027038,-75.85291189224358,-75.85353441746066,-75.84889681429533,-75.84024831116719,-75.82855820328157,-75.8145705781123,-75.79885292375954,-75.78183676443186,-75.7638506449888,-75.74514668453553,-75.72592174790694,-75.70633423534878,-75.68651764477458,-75.66659164485425,-75.64667109481441,-75.62687363873047,-75.60732628604124,-75.58817108641233,-75.56957033444257,-75.55171184104961,-75.53481436329422,-75.5191326818666,-75.50495944743658,-75.49261457472818,-75.48240287905755,-75.47451602550434,-75.46890651473659,-75.46541748288492,-75.46496313699029
5.320000000000132,-75.5721157244503,-75.64171100807806,-75.71011376453816,-75.76570079119965,-75.8064057751472,-75.83372304561371,-75.84998365023404,-75.85745966843062,-75.85809911780939,-75.85348336429475,-75.84486025561124,-75.83319809001726,-75.81924024782529,-75.8035537227072,-75.78656969674904,-75.76861647872092,-75.74994602246483,-75.73075507145995,-75.71120192742022,-75.69141999507019,-75.67152883961717,-75.65164319143628,-75.6318805244714,-75.61236761918315,-75.59324621781481,-75.57467820757851,-75.55685086982338,-75.53998229047143,-75.52432642833975,-75.51017497737581,-75.49784683032604,-75.48764588901722,-75.47976336404497,-75.47415232774131,-75.47065804175695,-75.470197460421
5.3250000000001325,-75.57687776595387,-75.64639235203369,-75.7147289054745,-75.7702694950359,-75.81094713200268,-75.83825289975009,-75.85451431838474,-75.86200039267632,-75.86265668641606,-75.85806269770767,-75.84946489507333,-75.8378305807847,-75.82390242857184,-75.80824693799647,-75.79129494916991,-75.77337453481599,-75.7547374834996,-75.7355804173077,-75.71606153939129,-75.69631416128418,-75.67645774478456,-75.65660689155499,-75.63687890567063,-75.61740033905075,-75.59831262719186,-75.57977725091385,-75.56198096340644,-75.54514118137952,-75.52951104431136,-75.51538129260298,-75.50306980072905,-75.49287956083988,-75.48500133197003,-75.47938875831318,-75.47588922223098,-75.4754224163273
5.330000000000133,-75.58163297096044,-75.65106686991999,-75.71933723229306,-75.77483137724028,-75.81548163795858,-75.84277585521299,-75.8590380259243,-75.86653408410757,-75.86720714277952,-75.8626348344152,-75.85406224982503,-75.8424556962534,-75.82855714142684,-75.81293259111538,-75.79601254360402,-75.7781248356143,-75.75952109042066,-75.74039780868242,-75.72091309495691,-75.70120016758604,-75.68137838501274,-75.66156222032588,-75.64186880799427,-75.62242447183165,-75.60337034126111,-75.58486749170139,-75.56710214958667,-75.55029106433352,-75.53468655860486,-75.5205784224167,-75.50828351565951,-75.49810392459949,-75.49022995961347,-75.4846158369441,-75.48111105486419,-75.48063803526894
5.335000000000134,-75.58638135634253,-75.65573457898607,-75.72393876249598,-75.77938645556964,-75.82000931105487,-75.84729193035561,-75.86355479154383,-75.87106076177186,-75.87175050631711,-75.86719979421454,-75.8586523400517,-75.8470734570043,-75.8332044073741,-75.81761070345839,-75.80072250186481,-75.78286740335723,-75.76429686590733,-75.74520726871182,-75.7257566177045,-75.70607803803473,-75.68629078484425,-75.66650920278717,-75.64685025698795,-75.62744004358937,-75.60841938661247,-75.58994895706248,-75.57221445601665,-75.55543196750935,-75.53985299990079,-75.52576639596904,-75.51348800468983,-75.50331901021701,-75.49544927715392,-75.48983359396892,-75.48632357005559,-75.48584434764715
5.340000000000135,-75.59112293890895,-75.66039549641417,-75.72853351351648,-75.78393474771002,-75.82453016925876,-75.85180114345637,-75.86806463385766,-75.87558044463769,-75.87628679636492,-75.87175759681948,-75.86323518585301,-75.85168388353027,-75.837844247307,-75.82228129632695,-75.80542484567007,-75.787602260188,-75.76906483253788,-75.75000882041981,-75.73059213111476,-75.71094779657936,-75.69119496870864,-75.67144786386085,-75.65182327807754,-75.63244708026421,-75.61345978970898,-75.5950216739879,-75.57731791021467,-75.56056391894487,-75.54501039673792,-75.53094524226665,-75.5186832972436,-75.50852484746167,-75.50065931461576,-75.49504205956657,-75.4915267980472,-75.49104138370579
5.345000000000136,-75.59585773540509,-75.6650496393201,-75.73312150271921,-75.78847627127696,-75.82904423046503,-75.85630351271936,-75.87256757140368,-75.88009315159509,-75.88081603217846,-75.87630826186096,-75.86781080724344,-75.85628699623669,-75.84247668202906,-75.82694439093018,-75.81011959664272,-75.79232942815214,-75.77382501279023,-75.75480248672713,-75.73541965856224,-75.71580946705987,-75.69609096092313,-75.6763782283533,-75.65678789657007,-75.63744560767407,-75.61849157688769,-75.6000856693388,-75.58241253956561,-75.56568694654077,-75.55015877751417,-75.53611499017175,-75.52386942259669,-75.51372146595206,-75.50586010187038,-75.50024126376117,-75.49672076892534,-75.49622917353263
5.350000000000136,-75.6005857625133,-75.66969702475363,-75.73770274740069,-75.79301104381602,-75.83355151249653,-75.86079905627479,-75.87706362264389,-75.8845989014561,-75.88533823293298,-75.88085180888753,-75.87237922415288,-75.86088281544198,-75.84710173225426,-75.83160000838531,-75.81480677631124,-75.79704892919827,-75.77857742904268,-75.75958829045199,-75.74023922331607,-75.72066307320783,-75.70097878569341,-75.68130032095615,-75.6617441376544,-75.64243565151527,-75.62351477436059,-75.60514096984755,-75.58749837132191,-75.57080107806155,-75.5552981704875,-75.54127566840316,-75.52904640987828,-75.51890889515718,-75.51105166863725,-75.50543123642329,-75.50190551262169,-75.50140774706043
5.355000000000137,-75.60530703685325,-75.67433766969873,-75.74227726478964,-75.7975390828031,-75.83805203310467,-75.86528779217937,-75.88155280596476,-75.88909771295515,-75.88985341772411,-75.8853882573658,-75.87694045642698,-75.86547136137807,-75.8517194186079,-75.83624816971835,-75.81948640611039,-75.80176078517863,-75.78332210357443,-75.76436625431077,-75.74505084854071,-75.7255086386471,-75.70585846711447,-75.68621416624708,-75.6666920264021,-75.64741723736341,-75.62852940821536,-75.61018760211867,-75.59257543260445,-75.57590634113657,-75.56042860377718,-75.54642730553742,-75.53421428807195,-75.52408716439751,-75.51623404448497,-75.51061200727096,-75.50708105891447,-75.5065771340681
5.360000000000138,-75.61002157498226,-75.6789715910742,-75.74684507204746,-75.80206040564481,-75.8425458099697,-75.8697697384168,-75.8860351396778,-75.89358960474958,-75.8943616055682,-75.88991762668107,-75.88149452382785,-75.87005265419096,-75.85632976162698,-75.84088889586457,-75.8241585073817,-75.80646501784965,-75.78805905856623,-75.76913640091871,-75.74985455729654,-75.7303461868945,-75.71073002917113,-75.69111978869047,-75.67163158776822,-75.65239039067417,-75.63353550441627,-75.61522559262967,-75.59764375040352,-75.58100276326086,-75.56555010536455,-75.55156993000965,-75.53937308601674,-75.52925630284619,-75.52140725883245,-75.51578360587087,-75.51224743742956,-75.51173736418184
5.365000000000139,-75.6147293933957,-75.68359880573377,-75.75140618626855,-75.806575029679,-75.84703286070115,-75.87424491289816,-75.8905106420198,-75.89807459542004,-75.89886281540288,-75.8944399361376,-75.88604144603441,-75.87462671394131,-75.86093278176074,-75.84552220766913,-75.82882310137411,-75.8111616488726,-75.79278831610101,-75.77389875279042,-75.75465037254061,-75.73517574136056,-75.71559349573886,-75.6960172126382,-75.67656284659203,-75.65735513678409,-75.63853308880506,-75.620254967732,-75.60270335157972,-75.58609037179615,-75.57066270309403,-75.5567035701147,-75.54452283240812,-75.53441633953,-75.52657134095001,-75.5209460616394,-75.51740467764162,-75.51688846687632
5.3700000000001396,-75.61943050852726,-75.68821933046658,-75.75596062448068,-75.81108297217502,-75.85151320283826,-75.87871333346229,-75.8949793311535,-75.90255270347104,-75.90335706608742,-75.89895520495934,-75.89058124264298,-75.87919356060482,-75.86552849937121,-75.85014812588761,-75.83348020924448,-75.8158506998142,-75.79750989816453,-75.77865333234065,-75.75943831712719,-75.73999732535022,-75.72044889058454,-75.70090646233042,-75.68148582759784,-75.66231150091144,-75.64352218710164,-75.62527575365176,-75.60775426286474,-75.59116919397174,-75.57576642467416,-75.56182825400803,-75.54966355579907,-75.53956730333043,-75.5317263199604,-75.52609940384386,-75.52255280887518,-75.52203047147569
5.37500000000014,-75.62412493674935,-75.6928331819976,-75.76050840364536,-75.81558425033415,-75.85598685385041,-75.88317501787625,-75.8994412251678,-75.90702394733128,-75.90784437640333,-75.90346345229014,-75.8951139331677,-75.88375321407287,-75.87011693473376,-75.85476667118654,-75.83812985205827,-75.82053219214716,-75.80222382664597,-75.78340016188488,-75.7642184138085,-75.74481096206343,-75.72529623736709,-75.70578756189627,-75.68640055539574,-75.6672595081569,-75.64850282490508,-75.63028797649072,-75.61279651086244,-75.5962392568855,-75.58086129767844,-75.56694400970682,-75.55479528460116,-75.54470922298472,-75.53687222483988,-75.5312436616034,-75.52769186030581,-75.5271634071548
5.380000000000141,-75.62881269437342,-75.69744037698788,-75.76504954065831,-75.82007888129007,-75.86045383113745,-75.88762998383577,-75.90389634207834,-75.91148834535414,-75.91232476505469,-75.90796469719447,-75.89963953704111,-75.88830569415289,-75.87469810803759,-75.85937786414391,-75.84277205078993,-75.82520614725077,-75.8069301233385,-75.78813926363993,-75.76899068523541,-75.74961667459588,-75.73013555963823,-75.71066053535455,-75.6913070544823,-75.67219918350449,-75.65347502769431,-75.6352916622271,-75.61783012204957,-75.60130058750472,-75.58594734954637,-75.5720508650908,-75.55991804708538,-75.54984212708692,-75.5420090844193,-75.5363788638902,-75.53282186096116,-75.53228730294023
5.385000000000142,-75.63349379765029,-75.70204093203499,-75.76958405234971,-75.82456688210912,-75.86491415203018,-75.89207824896563,-75.90834469982784,-75.91594591581817,-75.91679825066869,-75.91245895865771,-75.90415807361448,-75.89285102056903,-75.87927203938632,-75.86398172524986,-75.84740682632362,-75.82987258641154,-75.81162880993995,-75.7928706597246,-75.773755153958,-75.7544144859397,-75.73496688084315,-75.7155254066145,-75.69620534924144,-75.67713055182222,-75.65843882082896,-75.64028683671638,-75.62285512277673,-75.60635321266702,-75.5910246075844,-75.57714884790335,-75.5650318713833,-75.55496604408891,-75.54713692738521,-75.54150503953059,-75.53794283972204,-75.53740218771138
5.390000000000143,-75.6381682627705,-75.70663486367333,-75.77411195548466,-75.82904826979073,-75.86936783379065,-75.89651983082,-75.91278631628657,-75.9203966769274,-75.92126485179601,-75.91694625558678,-75.90866956215852,-75.89738921296251,-75.88383874879841,-75.868578274907,-75.85203419945371,-75.83453153082371,-75.81631990805332,-75.79759437216028,-75.77851184242621,-75.75920441898408,-75.73979022432117,-75.72038219947662,-75.70109546394511,-75.68205363786292,-75.66339422955019,-75.64527352569219,-75.62787153926917,-75.61139715908126,-75.59609309896672,-75.5822379857524,-75.57013678548803,-75.56008100230144,-75.55225578228077,-75.54662221720591,-75.5430548253235,-75.54250809020157
5.3950000000001435,-75.64283610586462,-75.71122218837446,-75.77863326676348,-75.83352306126781,-75.87381489361266,-75.90095474688295,-75.91722120925277,-75.92484064681193,-75.92572458691134,-75.9214266068104,-75.9131740218637,-75.90192029089224,-75.88839825620774,-75.87316753343111,-75.8566541908853,-75.83918300158982,-75.82100343918745,-75.8023104228716,-75.78326077299053,-75.76398649651594,-75.74460561330649,-75.7252309376331,-75.70597742275402,-75.686968466265,-75.66834127898147,-75.6502517547671,-75.63287939762773,-75.61643245332841,-75.60115285073634,-75.58731830611136,-75.57523281725516,-75.56518702989509,-75.55736567750685,-75.55173042545377,-75.54815784635592,-75.54760503899914
5.400000000000144,-75.6474973430036,-75.71580292254755,-75.7831480028221,-75.83799127340713,-75.87825534862206,-75.90538301456877,-75.92164939645299,-75.9292778435282,-75.93017747441377,-75.92590003107975,-75.91767147184069,-75.90644427383513,-75.89295058146408,-75.87774952105164,-75.8612668212348,-75.84382701972133,-75.82567942475758,-75.80701883368698,-75.78800196790259,-75.76876074122058,-75.74941307092885,-75.7300716446688,-75.71085124971837,-75.69187506155328,-75.6732799941293,-75.6552215494334,-75.63787872382962,-75.6214591218625,-75.60620388980591,-75.59238983632011,-75.5803199944037,-75.57028415490124,-75.56246664132311,-75.55682969266901,-75.55325193126599,-75.55269306254837
5.405000000000145,-75.65215199019912,-75.72037708253963,-75.78765618023242,-75.84245292300969,-75.88268921587715,-75.90980465122244,-75.9260708955426,-75.93370828505955,-75.93462353262723,-75.93036654706873,-75.92216193112101,-75.91096118118685,-75.89749574433364,-75.88232425791212,-75.86587211103048,-75.84846360613913,-75.83034788608592,-75.81171962633923,-75.79273544931578,-75.77352717568232,-75.75421262021412,-75.73490434406182,-75.71571696877861,-75.6967734481396,-75.67821039988414,-75.66018293506406,-75.64286954372926,-75.62647719101135,-75.61124624295866,-75.59745260358595,-75.58539834451715,-75.57537240521319,-75.5675587018489,-75.56192004710468,-75.5583371083578,-75.55777218915071
5.410000000000146,-75.65680006340382,-75.72494468463597,-75.79215781550272,-75.84690802681106,-75.8871165123691,-75.91421967411996,-75.93048572410615,-75.93813198931656,-75.93906277980099,-75.93482617337465,-75.9266454186573,-75.91547103226208,-75.90203376449956,-75.88689176407085,-75.87047008071296,-75.85309278167415,-75.83500884440221,-75.81641282246626,-75.79746123928594,-75.77828582238519,-75.7590042840851,-75.73972905918419,-75.7205746037661,-75.70166365032364,-75.68313252102104,-75.66513593691332,-75.64785188305918,-75.63148668697758,-75.61627993684925,-75.60250663498441,-75.59046789504436,-75.58045180858699,-75.57264188706431,-75.5670015168731,-75.56341340579391,-75.56284244696566
5.415000000000147,-75.66144157851176,-75.72950574506044,-75.79665292507788,-75.8513566014818,-75.89153725502233,-75.91862810046878,-75.93489389965772,-75.9425489741375,-75.94349523411,-75.9392789285184,-75.9311219533239,-75.91997384629502,-75.90656466156236,-75.89145205950123,-75.87506075063578,-75.85771456706783,-75.83966232084435,-75.82109844361152,-75.80217935977181,-75.78303670371353,-75.76378808536208,-75.74454581330264,-75.72542417840388,-75.70654569229367,-75.68804638220045,-75.67008058011766,-75.65282576743076,-75.6364876358394,-75.62130499800473,-75.60755195746026,-75.59552867330052,-75.5855223926425,-75.57771622481118,-75.57207412994688,-75.56848085159623,-75.56790386401184
5.420000000000147,-75.66607655135859,-75.73406027997572,-75.80114152533986,-75.85579866362775,-75.89595146069479,-75.92302994740817,-75.9392954396415,-75.9469592572887,-75.94792091365538,-75.94372483094517,-75.93559155391728,-75.92446964244003,-75.91108845504046,-75.89600516409247,-75.87964414106592,-75.86232898297274,-75.84430833645892,-75.82577651122469,-75.8068898326359,-75.78777984195264,-75.76856404676359,-75.74935462957914,-75.73026571630736,-75.71141959812732,-75.69295200796905,-75.67501688969652,-75.65779122233509,-75.64148006355146,-75.62632145282535,-75.61258859782846,-75.6005807064681,-75.59058418486437,-75.58278174279413,-75.57713791415996,-75.57353947364722,-75.57295646816812
5.425000000000148,-75.67070499772198,-75.73860830548387,-75.80562363260802,-75.86023422979044,-75.90035914617846,-75.9274252320096,-75.94369036143192,-75.95136285646507,-75.95233983646483,-75.94816389902464,-75.9400542391565,-75.92895843977189,-75.9156051643707,-75.90055109764991,-75.88422027218434,-75.86693604995308,-75.84894691220175,-75.83044704666223,-75.8115926796448,-75.79251525928933,-75.77333219090691,-75.75415553107173,-75.735099240985,-75.71628539179221,-75.69784942276041,-75.67994489055307,-75.66274827314382,-75.64646399594568,-75.63132932758546,-75.61761658277497,-75.6056240215977,-75.59563721260287,-75.58783846858135,-75.58219289720847,-75.57858929969075,-75.57800028717443
5.430000000000149,-75.6753269333219,-75.74314983762645,-75.8100992631394,-75.86466331644748,-75.90476032819966,-75.93181397127717,-75.94807868233433,-75.95575978929035,-75.95675202049307,-75.95259615105161,-75.94451002768368,-75.9334402572864,-75.9201148089088,-75.90508987989563,-75.88878916408645,-75.87153578848523,-75.85357806893848,-75.83511007118796,-75.81628792247,-75.79724297781269,-75.77809254030885,-75.75894854073505,-75.73992477583899,-75.72114309714667,-75.7027386508958,-75.684864607475,-75.6676969451099,-75.65143945873211,-75.63632864843436,-75.62263593885764,-75.61065864560913,-75.60068150307498,-75.59288642960578,-75.58723910665182,-75.58363035733309,-75.5830353486329
5.43500000000015,-75.67994237382092,-75.74768489238495,-75.81456843312915,-75.86908594001284,-75.9091550234194,-75.93619618214788,-75.95246041958515,-75.9601500733177,-75.96115748362223,-75.95702160524633,-75.94895893806438,-75.93791511390083,-75.92461740792982,-75.9096215304689,-75.89335083678269,-75.87612821895836,-75.85820182744509,-75.83976560597358,-75.82097558268836,-75.80196301951455,-75.78284511738632,-75.76373368142112,-75.74474234416603,-75.7259927379406,-75.70761971658486,-75.68977606513535,-75.67263726336839,-75.65640647749974,-75.64131944139717,-75.62764669250716,-75.61568460529213,-75.60571708336522,-75.59792565316593,-75.59227656991365,-75.58866267404403,-75.5880616800088
5.4400000000001505,-75.68455133482448,-75.75221348568114,-75.81903115871084,-75.87350211683724,-75.91354324843378,-75.94057188149218,-75.95683559035241,-75.96453372602994,-75.96555624366229,-75.96144027975497,-75.95340098878815,-75.94238302845432,-75.92911298062864,-75.91414606892675,-75.89790531019902,-75.88071336167481,-75.86281820840853,-75.84441367209936,-75.82565568178278,-75.80667540629018,-75.78758994445695,-75.76851097587986,-75.74955196915785,-75.73083433781602,-75.71249264392641,-75.69467928809311,-75.67756925293727,-75.66136507771733,-75.64630173237568,-75.63264887002785,-75.62070192730738,-75.61074398042665,-75.60295616642689,-75.59730531428279,-75.5936862771577,-75.59307930863152
5.445000000000151,-75.68915383188128,-75.7567356333773,-75.82348745595674,-75.87791186320852,-75.91792501977437,-75.94494108611417,-75.96120421173612,-75.96891076484,-75.96994831835144,-75.96585219265003,-75.95783619826885,-75.94684401970841,-75.93360154612047,-75.91866351474434,-75.9024526041774,-75.88529123685068,-75.86742723242719,-75.84905429055463,-75.83032824114274,-75.81138015993892,-75.7923270437398,-75.77328044675995,-75.7543536739021,-75.73566792030783,-75.71735745690916,-75.69957430079413,-75.68249293871824,-75.66631528473422,-75.65127554714918,-75.63764249759866,-75.6257106381874,-75.61576222108174,-75.60797799642127,-75.6023253669142,-75.59870119387361,-75.59808826169554
5.450000000000152,-75.69374988048358,-75.76125135127661,-75.82793734087828,-75.88231519535195,-75.9223003539085,-75.9493038127521,-75.96556630076856,-75.97328120709142,-75.97433372535662,-75.97025736193078,-75.96226458484522,-75.95129810634744,-75.93808312344133,-75.92317388731556,-75.90699273847625,-75.88986186461642,-75.87202892001142,-75.8536874822383,-75.83499328206493,-75.8160773021647,-75.79705643735592,-75.77804211660926,-75.75914748138278,-75.74049350884457,-75.72221417941238,-75.70446112757182,-75.68740834549743,-75.67125712378113,-75.65624091137528,-75.64262760127389,-75.63071076433742,-75.62077183202325,-75.61299117005004,-75.60733675482994,-75.60370745125759,-75.60308856626138
5.455000000000153,-75.69833949606738,-75.7657606551235,-75.83238082942624,-75.8867121294306,-75.92666926723963,-75.95366007807864,-75.96992187441478,-75.97764507005857,-75.97871248227376,-75.97465580552364,-75.9666861667812,-75.95574530697903,-75.9425577315484,-75.9276772059534,-75.9115257327711,-75.89442526501728,-75.87662329158412,-75.85831326795949,-75.83965082575367,-75.82076685457666,-75.80177814732893,-75.78279600787563,-75.76393341448116,-75.74531112674892,-75.72706283520668,-75.70933979264792,-75.69231549794623,-75.67619061997088,-75.66119785059072,-75.64760420698411,-75.63570233203619,-75.62577283981527,-75.61799571408358,-75.61233950492009,-75.60870507624276,-75.60808024925656
5.460000000000154,-75.70292269401286,-75.77026356060387,-75.83681793749122,-75.89110268154569,-75.9310317761078,-75.95800989870132,-75.97427094957291,-75.98200237094719,-75.98308460662828,-75.97904754128267,-75.97110096226645,-75.96018564013453,-75.94702538932067,-75.93217348989053,-75.91605160665497,-75.89898145801384,-75.8812103674813,-75.86293166843802,-75.84430089332167,-75.82544883868981,-75.80649219558573,-75.78754214290738,-75.76871149597615,-75.7501207972386,-75.7319034479547,-75.71421032013313,-75.69721442062202,-75.68111579829939,-75.66614639021226,-75.652572340537,-75.64068536743696,-75.6307652708939,-75.62299165516251,-75.61733364394365,-75.61369409563042,-75.61306333747658
5.465000000000154,-75.70749948964462,-75.77476008334547,-75.84124868090383,-75.89548686773686,-75.93538789678986,-75.96235329116281,-75.97861354307453,-75.98635312689464,-75.98745011587552,-75.98343258698992,-75.9755089894167,-75.96461912426942,-75.95148611555919,-75.93666275827977,-75.92057037963885,-75.90353046348247,-75.88579016795248,-75.86754270430502,-75.84894350579056,-75.83012327592549,-75.81119860395704,-75.79228054395412,-75.77348174854524,-75.75492254342696,-75.73673604121178,-75.71907273402796,-75.70210513796894,-75.68603268364616,-75.67108655553744,-75.65753202761816,-75.64565989656826,-75.63574915156835,-75.62797901979864,-75.62231919852954,-75.61867453609102,-75.61803785758576
5.470000000000155,-75.71206989823193,-75.77925023891824,-75.84567307543513,-75.89986470398262,-75.93973764549985,-75.9666902719414,-75.98294967168508,-75.9906973549704,-75.99180902740103,-75.98781096035587,-75.97991026627425,-75.96904577776382,-75.95593992898773,-75.94114503019446,-75.92508207115226,-75.9080723012159,-75.89036271316135,-75.8721463961034,-75.8535786840913,-75.8347901876121,-75.81589739417804,-75.79701123316717,-75.77824419476492,-75.7597163883236,-75.7415606384267,-75.72392705822337,-75.70698767431864,-75.69094130077539,-75.67601837174536,-75.66248329379195,-75.65062594533481,-75.64072450802165,-75.63295783437583,-75.62729619517741,-75.62364642416506,-75.62300383611829
5.475000000000156,-75.71663393498912,-75.78373404283454,-75.8500911367969,-75.9042362062006,-75.94408103838943,-75.97102085745125,-75.98727935210418,-75.99503507217642,-75.99616135852105,-75.99218267901983,-75.98430481080831,-75.97346561892286,-75.96038684825305,-75.94562032462903,-75.92958670054368,-75.91260699092372,-75.89492802318622,-75.87674276428844,-75.85820644906497,-75.83944959498551,-75.82058858788888,-75.80173423260035,-75.7829988571115,-75.76450235483507,-75.7463772629423,-75.72877331650153,-75.711862053891,-75.69584167433642,-75.68094186389749,-75.66742616450234,-75.65558353951832,-75.64569136631162,-75.63792812515084,-75.63226466025863,-75.62860978626401,-75.62796129947901
5.480000000000157,-75.72119161507581,-75.78821151054954,-75.85450288064199,-75.90860139024788,-75.94841809154812,-75.97534506404278,-75.99160260096609,-75.99936629544749,-76.00050712648289,-75.99654776055034,-75.98869264091553,-75.97787866597716,-75.96482689192547,-75.95008866049938,-75.93408428708103,-75.91713455223281,-75.89948611802052,-75.8813318292283,-75.86282682146305,-75.84410151918976,-75.8252722066354,-75.80644956421052,-75.7877457579616,-75.76928046576565,-75.75118593799634,-75.73361153253653,-75.71672830079493,-75.70073382886473,-75.68585705693849,-75.67236066507373,-75.66053270477838,-75.6506497523717,-75.64288991825431,-75.63722462001712,-75.63356464867121,-75.63291027394442
5.4850000000001575,-75.7257429535972,-75.7926826574615,-75.85890832256457,-75.9129602719214,-75.95274882100364,-75.97966290800306,-75.99591943483992,-76.0036910416516,-76.0048463484653,-76.00090622244561,-75.99307377442031,-75.98228493708324,-75.96926007849926,-75.95455005664346,-75.9385748499522,-75.92165500468789,-75.90403701757334,-75.88591361120456,-75.86743982194824,-75.84874598127763,-75.82994827186964,-75.81115724985813,-75.79248491959287,-75.77405074381774,-75.75598668672191,-75.73844172989509,-75.72158643902895,-75.70561778878258,-75.69076397569697,-75.67728682071167,-75.66547346665318,-75.65559969201182,-75.64784323969164,-75.6421761005703,-75.63851103754274,-75.63785078566355
5.490000000000158,-75.73028796560435,-75.797147498912,-75.86330747810052,-75.91731286695821,-75.95707324272232,-75.98397440555607,-76.00022987023014,-76.00800932759032,-76.00917904157888,-76.00525808213382,-75.99744822907525,-75.98668445032389,-75.9736864263931,-75.95900453182156,-75.94305840826544,-75.92616836775203,-75.90858074166995,-75.8904881304127,-75.87204547109481,-75.8533830022111,-75.83461680495046,-75.81585731130797,-75.79721636418458,-75.77881321159276,-75.76077953214833,-75.74326393203721,-75.72643649248216,-75.71049357839978,-75.69566264488626,-75.68220465650376,-75.67040585056048,-75.66054121091913,-75.65278811534364,-75.64711912790985,-75.64344897890837,-75.64278286065883
5.495000000000159,-75.73482666609449,-75.80160605018635,-75.86770036272772,-75.92165919103579,-75.96139137260943,-75.98827957286316,-76.00453392357687,-76.01232116999917,-76.01350522286637,-76.00960335697366,-76.00181602256154,-75.9910772237087,-75.97810595395049,-75.96345210471692,-75.9475349810499,-75.93067466080706,-75.91311731005227,-75.8950554069627,-75.87664378938922,-75.85801260286196,-75.83927782714402,-75.82054977022959,-75.80194011381825,-75.78356789159173,-75.76556449720172,-75.74807816231689,-75.73127848493469,-75.71536122191443,-75.70055308910518,-75.68711419742037,-75.67532988179838,-75.66547433465904,-75.6577245709677,-75.65205372790278,-75.6483784986724,-75.647706524827
5.50000000000016,-75.73935907001125,-75.80605832651383,-75.87208699186635,-75.92599925977245,-75.96570322650942,-75.99257842602329,-76.00883161125623,-76.01662658554801,-76.01782490930317,-76.01394206425458,-76.00617717248946,-75.99546327517443,-75.98251867944022,-75.96789279393612,-75.95200458725606,-75.93517390315408,-75.91764674237935,-75.89961546087942,-75.88123479723063,-75.86263480401237,-75.8439313596245,-75.8252346481981,-75.80665619047832,-75.7883148062158,-75.77034160470565,-75.7528844439828,-75.73611244005856,-75.72022074341369,-75.70543533283882,-75.69201546831546,-75.68024558554599,-75.6703990886759,-75.66265263219837,-75.65697992629208,-75.65329962261453,-75.65262180393998
5.505000000000161,-75.74388519224506,-75.81050434306802,-75.87646738087922,-75.93033308872756,-75.97000882020635,-75.99687098107343,-76.01312294958072,-76.0209255908414,-76.02213811779768,-76.01827422119729,-76.01053169639863,-75.99984262258543,-75.98692462105681,-75.97232661800946,-75.95646724575617,-75.93966611401396,-75.92216905822794,-75.90416831210334,-75.88581851493143,-75.86724962635546,-75.84857742347461,-75.82991196669455,-75.81136461605263,-75.79305397776697,-75.77511087738186,-75.75768280017903,-75.74093838141837,-75.72507216687445,-75.7103094004592,-75.69690849392738,-75.68515298686448,-75.67531549829384,-75.66757232454836,-75.6618977486977,-75.65821237639068,-75.6575287236457
5.510000000000161,-75.74840504763327,-75.81494411496703,-75.88084154507204,-75.93466069340194,-75.97430816942419,-76.00115725398891,-76.01740795479952,-76.02521820241894,-76.02644486519155,-76.02259984495406,-76.01487961175854,-76.004215283734,-75.99132379692088,-75.9767535953915,-75.96092297534476,-75.94415131252781,-75.92668427709289,-75.90871398049077,-75.8903949627178,-75.87185709049578,-75.85321603968606,-75.83458174710668,-75.81606541233315,-75.79778542844875,-75.77987233785083,-75.76247325394564,-75.745756332472,-75.72991551616411,-75.71517531622618,-75.70179329887958,-75.69005211069765,-75.68022358871767,-75.67248367340932,-75.66680722061736,-75.66311678553396,-75.66242730946901
5.515000000000162,-75.75291865096052,-75.81937765727386,-75.88520949969376,-75.93898208923807,-75.97860128982711,-76.00543726068368,-76.02168664309893,-76.02950443675562,-76.03074516826021,-76.02691895260917,-76.01922093596886,-76.00858127634088,-75.99571622507958,-75.9811737444614,-75.96537179473904,-75.94862951775741,-75.93119241838772,-75.91325248581467,-75.89496416073017,-75.87645721694982,-75.85784722916028,-75.83924401072936,-75.8207586010165,-75.80250918036671,-75.78462600863253,-75.76725582821952,-75.75056631657125,-75.73475081504127,-75.72003310428808,-75.70666990768146,-75.69494298187288,-75.68512338503353,-75.67738670405261,-75.67170836742734,-75.66801287545539,-75.6673175868125
5.520000000000163,-75.757426016959,-75.8238049849967,-75.88957125993687,-75.9432972916206,-75.98288819701983,-76.00971101701076,-76.02595903060265,-76.03378431026222,-76.03503904371316,-76.03123156117927,-76.0235556863599,-76.01294061805564,-76.00010192350707,-75.9855870835235,-75.9698137225794,-75.95310074868573,-75.935693501445,-75.91778384776487,-75.89952612902374,-75.88105002614672,-75.86247101270881,-75.8438987787653,-75.82544420370458,-75.80722525552915,-75.78937191214693,-75.77203054583478,-75.7553683569626,-75.73957808715645,-75.72488278868246,-75.71153834472901,-75.6998256251018,-75.69001491220992,-75.68228144163025,-75.67660121438345,-75.67290067144484,-75.67219958095738
5.525000000000164,-75.76192716030872,-75.82822611308912,-75.89392684093767,-75.9476063158764,-75.98716890654798,-76.01397853876244,-76.03022513337206,-76.03805783928563,-76.03932650819434,-76.03553768761371,-76.02788388019293,-76.01729332645704,-76.00448091010496,-75.98999363080762,-75.97424877742984,-75.95756502421735,-75.94018754551692,-75.9223080859487,-75.90408088756911,-75.88563553842857,-75.867087411054,-75.84854607232548,-75.83012224190519,-75.81193367584763,-75.79411007071474,-75.77679742952363,-75.76016247678781,-75.74439735605272,-75.72972439333685,-75.71639863430569,-75.70470006498105,-75.69489819509828,-75.68716791117565,-75.68148578662172,-75.67778019867177,-75.67707331706427
5.530000000000165,-75.76642209563771,-75.83264105645047,-75.8982762577766,-75.95190917727508,-75.9914434338983,-76.0182398416707,-76.0344849674067,-76.0423250401092,-76.0436075782825,-76.03983734879503,-76.03220553466065,-76.02163941905343,-76.00885320270255,-75.99439340446953,-75.97867697777838,-75.96202236317893,-75.94467456977576,-75.92682521989147,-75.90862845625259,-75.89021377405113,-75.87169644482945,-75.85318591242985,-75.83479273703256,-75.81663446313769,-75.79884050655797,-75.78155650191698,-75.76494869908467,-75.74920864516655,-75.7345579420694,-75.7212508005831,-75.70956632599324,-75.69977325843384,-75.69204613760436,-75.68636210915923,-75.68265148218615,-75.68193882017401
5.535000000000165,-75.77091083752244,-75.83704982992607,-75.90261952547851,-75.95620589102924,-75.9957117944991,-76.02249494140756,-76.03873854864453,-76.04658592895315,-76.04788227049161,-76.04413056153919,-76.0365206668875,-76.02597891328327,-76.01321881905746,-75.99878642259135,-75.98309834203752,-75.96647278431968,-75.94915459331426,-75.931335269037,-75.9131688548769,-75.89478475318427,-75.87629813458061,-75.85781832000781,-75.83945571040793,-75.82132763911936,-75.8035632418006,-75.78630778554502,-75.7697270467876,-75.75401197782837,-75.73938345858967,-75.72609486762174,-75.71442443250743,-75.70464012683647,-75.69691614571497,-75.69123020689501,-75.6875145469192,-75.6867961152086
5.540000000000166,-75.77539340048794,-75.8414524483076,-75.90695665901298,-75.96049647229465,-75.99997400372054,-76.02674385358526,-76.04298589296225,-76.05084052197478,-76.05215060127108,-76.04841734259603,-76.0408292939301,-76.03031182651533,-76.01757777685586,-76.00317270318205,-75.98751288854473,-75.97091630631178,-75.9536276351462,-75.93583825274801,-75.9177021031615,-75.89934849591239,-75.88089250076527,-75.86244331589879,-75.8441111832602,-75.8260132254178,-75.80827829846915,-75.79105130283791,-75.77449754272834,-75.75880737726328,-75.74420096649933,-75.73093085937165,-75.7192744087801,-75.70949882481139,-75.70177796018984,-75.69609010461076,-75.69236941768425,-75.69164522697184
5.545000000000167,-75.77986979900811,-75.84584892633325,-75.91128767329458,-75.96478093617077,-76.00423007687479,-76.0309865937568,-76.04722701617567,-76.05508883526896,-76.05641258700628,-76.05269770864963,-76.04513143277757,-76.03463817604926,-76.02193009371302,-76.0075522641778,-75.99192063556276,-75.97535294775088,-75.9580937142068,-75.9403341903066,-75.92222822074326,-75.90390502223514,-75.88547956375415,-75.86706092085274,-75.84875917672639,-75.83069124356389,-75.81298569849335,-75.79578707612644,-75.7792602096367,-75.7635948665918,-75.74901048929291,-75.73575879967333,-75.72411627895578,-75.71434937674991,-75.7066316055959,-75.70094182697167,-75.69721611917748,-75.69648618015027
5.550000000000168,-75.78434004750602,-75.85023927868808,-75.91561258318318,-75.96905929770085,-76.00848002921659,-76.03522317741601,-76.05146193404005,-76.05933088486842,-76.06066824401879,-76.05697167631867,-76.04942710035198,-76.03895797911584,-76.02627578717362,-76.01192512344241,-75.9963216012802,-75.97978272715645,-75.96255284935323,-75.94482310091485,-75.92674722717676,-75.90845435206776,-75.89005934383131,-75.8716711555308,-75.8533997118523,-75.8353617149948,-75.8176854637067,-75.8005151276426,-75.78401507014104,-75.7683744688305,-75.75381205035835,-75.74057871225828,-75.72895006706786,-75.71919180693025,-75.7114771063854,-75.70578539852713,-75.70205467597881,-75.70131899931395
5.5550000000001685,-75.7888041603541,-75.85462352000428,-75.91993140348423,-75.97333157187232,-76.01272387594331,-76.03945361999806,-76.05569066225033,-76.06356668674402,-76.06491758856677,-76.06123926215675,-76.05371631350863,-76.04327125287745,-76.03061487471213,-76.01629129876767,-76.00071580381183,-75.98420566297233,-75.96700505936504,-75.94930500369513,-75.93125914193496,-75.9129965052417,-75.89463186119485,-75.87627404050572,-75.85803280959301,-75.84002466105457,-75.8223776158471,-75.80523547952023,-75.788762146769,-75.77314620689258,-75.75860567297785,-75.74539062074982,-75.73377579703927,-75.7240261395183,-75.71631448689675,-75.71062084371168,-75.7068851125526,-75.70614370891717
5.560000000000169,-75.79326215187447,-75.85900166486147,-75.92424414894904,-75.97759777361712,-76.01696163219546,-76.04367793687973,-76.0599132164416,-76.06779625680522,-76.06916063684534,-76.06550048265278,-76.05799908903651,-76.04757801442845,-76.0349473737333,-76.0206508078739,-76.00510326119904,-75.98862177356713,-75.97145036294454,-75.95377991769071,-75.93576398440955,-75.91753150150502,-75.89919713595731,-75.8808695962625,-75.86265849081349,-75.84468010299472,-75.82706217655746,-75.80994815379566,-75.79350146194821,-75.77791010358871,-75.76339138032843,-75.75019454866371,-75.73859349268324,-75.72885239856825,-75.72114377135516,-75.71544818684565,-75.71170745324845,-75.7109603332993
5.56500000000017,-75.79771403633914,-75.86337372778691,-75.92855083427513,-75.98185791781191,-76.02119331305686,-76.04789614337963,-76.06412961218932,-76.07201961090026,-76.07339740498688,-76.06975535423135,-76.06227544365863,-76.0518782807955,-76.03927330157249,-76.0250036684103,-76.00948399141033,-75.9930310772346,-75.9758887787174,-75.95824786186614,-75.94026177391149,-75.92205936052295,-75.90375518814616,-75.88545784319881,-75.86727677628909,-75.84932806197476,-75.8317391673862,-75.81465317240826,-75.79823303800679,-75.78266618162752,-75.7681691954827,-75.75499051940896,-75.743403177704,-75.73367060802352,-75.72596498387351,-75.72026745213596,-75.71652172230203,-75.71576889668559
5.570000000000171,-75.8021598279703,-75.8677397232558,-75.93285147410637,-75.98611201927841,-76.02541893355499,-76.05210825475866,-76.06833986500966,-76.07623676481658,-76.07762790906138,-76.07400389325308,-76.06654539403236,-76.05617206893803,-76.04359267549607,-76.02934989795523,-76.01385801234161,-75.99743359219414,-75.98032032523295,-75.9627088551077,-75.94475252967149,-75.92658010187834,-75.90830603770439,-75.8900388016256,-75.87188768670613,-75.85396855906282,-75.83640860978801,-75.81935055720112,-75.80295689717406,-75.7874144636164,-75.7729391414095,-75.75977855628841,-75.74820487569751,-75.73848079171727,-75.73077814845303,-75.72507866367684,-75.72132794383577,-75.72056942318788
5.575000000000172,-75.8065995409405,-75.87209966569156,-75.93714608303334,-75.99036009278366,-76.02963850866128,-76.0563142862202,-76.07254399035986,-76.08044773428122,-76.08185216507675,-76.07824611601491,-76.07080895674984,-76.0604593957485,-76.04790551270179,-76.03368951401679,-76.01822534181669,-76.00182933659123,-75.98474502096471,-75.96716291622394,-75.94923627084044,-75.93109374507226,-75.91284970449101,-75.89461249176765,-75.87649124266248,-75.8586016152362,-75.8410705251242,-75.82404032992164,-75.8076730615812,-75.792154972062,-75.77770124097452,-75.76455868249946,-75.75299861015216,-75.74328297337328,-75.73558328898406,-75.7298818454507,-75.72612614185967,-75.7253619368054
5.580000000000172,-75.81103318937303,-75.8764535694661,-75.94143467559368,-75.99460215304035,-76.03385205329141,-76.06051425291044,-76.07674200363849,-76.08465253496097,-76.08607018897933,-76.08248203875057,-76.0750661483383,-76.06474027805284,-76.05221183031918,-76.0380225340331,-76.02258599758767,-76.00621832849774,-75.98916288431082,-75.97161006394603,-75.95371301648996,-75.93560030952428,-75.9173862082815,-75.89917893376395,-75.88108746466798,-75.86322725138189,-75.84572493466352,-75.82872251222209,-75.81238155326176,-75.79688772937095,-75.78245551694107,-75.7693309211348,-75.75778440444947,-75.74807717660669,-75.74038042924683,-75.73467702132878,-75.73091634027202,-75.73014646142548
5.585000000000173,-75.81546078734202,-75.88080144890004,-75.94571726627221,-75.99883821470702,-76.03805958230559,-76.06470816991875,-76.0809339201858,-76.0888511824628,-76.09028199665394,-76.08671167763079,-76.07931698526043,-76.06901473261088,-76.05651164540994,-76.04234897537279,-76.02693999733535,-76.0106005859125,-75.9935739335944,-75.9760503169283,-75.95818278561276,-75.94009981457319,-75.9219155687683,-75.9037381476684,-75.88567637314506,-75.86784548829712,-75.85037185958258,-75.83339712566023,-75.81708239415235,-75.80161275785053,-75.78720199197065,-75.77409529518305,-75.76256228186479,-75.75286342492457,-75.74516959291209,-75.73946421507185,-75.73569856286021,-75.7349230208244
5.590000000000174,-75.81988234887281,-75.88514331826302,-75.94999386950131,-76.00306829238843,-76.04226111050887,-76.06889605227785,-76.08511975528398,-76.09304369233422,-76.09448760392446,-76.09093504876371,-76.08356148391476,-76.07328277611656,-76.06080497496836,-76.04666885533524,-76.03128735866964,-76.01497612676167,-75.99797818706408,-75.98048369374865,-75.96264559712323,-75.94459227947729,-75.92643780556145,-75.90829015345021,-75.89025798842934,-75.87245634668999,-75.85501132096643,-75.83806419169991,-75.82177560609324,-75.80633007970923,-75.79194068862363,-75.77885182752938,-75.76733226556799,-75.75764174172676,-75.7499508035419,-75.74424345033106,-75.74047283330135,-75.73969163866799
5.595000000000175,-75.82429788794211,-75.88947919177393,-75.95426449966116,-76.00729240063585,-76.04645665265144,-76.07307791496424,-76.08929952415761,-76.09723008006348,-76.09868702655399,-76.09515216819527,-76.08779966063595,-76.07754442519841,-76.06509183592152,-76.05098219115114,-76.03562809912995,-76.01934496889903,-76.00237566289438,-75.98491021290894,-75.96710146985772,-75.94907772341497,-75.93095293818884,-75.91283497099441,-75.89483233076996,-75.87705984717996,-75.85964333980918,-75.84272373171159,-75.82646121082897,-75.81103971705735,-75.79667162935984,-75.78360054095627,-75.77209437862415,-75.76241215030647,-75.75472408459035,-75.74901475064857,-75.74523917516315,-75.7444523385125
5.6000000000001755,-75.82870741847829,-75.89380908360114,-75.95852917108003,-76.01151055394723,-76.05064622342886,-76.07725377289846,-76.09347324197373,-76.10141036108,-76.10288028024532,-76.09936305190945,-76.09203153169523,-76.0817996964199,-76.06937224512993,-76.05528899998275,-76.03996223618553,-76.02370713010663,-76.00676637918613,-75.98932989283551,-75.9715504225752,-75.95355616548514,-75.93546098609691,-75.91737262010237,-75.89939942033025,-75.88165601029831,-75.86426793701453,-75.847375766973,-75.83113923000892,-75.81574169190777,-75.8013948365393,-75.78834145814409,-75.77684864399419,-75.7671746738511,-75.75948945940425,-75.75377813945836,-75.74999761190455,-75.7492051438053
5.605000000000176,-75.83311095436163,-75.89813300786291,-75.96278789803449,-76.01572276676757,-76.05482983748239,-76.08142364094533,-76.09764092384236,-76.10558455075466,-76.10706738064114,-76.10356771582863,-76.09625711330065,-76.08604860627979,-76.07364621938764,-76.05958929892435,-76.04428978723602,-76.02806262809497,-76.01115035396691,-75.99374275187964,-75.97599247395756,-75.95802762470765,-75.93996196865103,-75.9219031204923,-75.90395927718824,-75.88624485648884,-75.86888513339632,-75.85202031866969,-75.83580968518787,-75.82043602617638,-75.80611033242279,-75.79307460167179,-75.78159508453565,-75.77192933544276,-75.7642469512238,-75.75853364008685,-75.75474816687642,-75.75395007788549
5.610000000000177,-75.83750850942445,-75.9024509786274,-75.96704069474977,-76.01992905348914,-76.05900750939927,-76.08558753391429,-76.10180258481671,-76.10975266439998,-76.1112483433244,-76.10776617581399,-76.1004764215975,-76.0902911712124,-76.0779137754228,-76.0638831050026,-76.04861076961168,-76.03241148050353,-76.0155276051915,-75.99814880831784,-75.9804276426101,-75.96249212002388,-75.94445590513598,-75.92642649179977,-75.90851192133711,-75.8908264061083,-75.87349494967907,-75.85665740789554,-75.84047259782672,-75.82512274168278,-75.81081813917257,-75.79779999401761,-75.78633372300325,-75.77667615805915,-75.76899658318338,-75.76328127575366,-75.75949086332238,-75.75868716398477
5.615000000000178,-75.84190009745153,-75.90676300991312,-75.97128757539988,-76.02412942845181,-76.06317925371306,-76.08974546655973,-76.10595823989351,-76.11391471727066,-76.11542318381868,-76.11195844766576,-76.10468947266861,-76.09452740758809,-76.0821749298979,-76.06817043517688,-76.05292520057388,-76.03675370490114,-76.01989815074214,-76.00254808035237,-75.98485594706197,-75.96694967029708,-75.94894281475649,-75.93094275357817,-75.91305737268573,-75.89540067942693,-75.87809740649857,-75.86128705565343,-75.84512798929296,-75.82980186015088,-75.81551827885279,-75.80251765755953,-75.7910645820496,-75.78141516457406,-75.77373837831212,-75.76802106957227,-75.76422572437943,-75.76341642522806
5.620000000000179,-75.84628573218019,-75.9110691156891,-75.97552855410802,-76.02832390594331,-76.06734508490376,-76.09389745358116,-76.11010790401323,-76.11807072456374,-76.11959191758838,-76.11614454712358,-76.10889628253463,-76.09875733171356,-76.08642969941025,-76.07245130633972,-76.05723309731542,-76.04108931878638,-76.02426200842916,-76.00694058611171,-75.98927740576666,-75.97140029431289,-75.95342271663762,-75.93545192529922,-75.91759565105922,-75.89996769662896,-75.88269252440237,-75.86590928285572,-75.84977588086123,-75.8344734032095,-75.82021077343038,-75.80722761457614,-75.79578768422581,-75.78614637775813,-75.77847235953472,-75.77275304455083,-75.76895277307864,-75.76813788463423
5.625000000000179,-75.85066542730061,-75.91536930987513,-75.97976364494674,-76.03251250019942,-76.07150501739825,-76.09804350962362,-76.11425159206051,-76.1222207014189,-76.12375456003926,-76.12032448986687,-76.11309686715458,-76.10298095983215,-76.09067810049216,-76.07672573531714,-76.06153447696094,-76.04541833958794,-76.02861919599128,-76.01132634365094,-75.99369203710238,-75.97584401077975,-75.95789562982527,-75.93995402635342,-75.92212677619933,-75.90452747781315,-75.8872803238503,-75.87052411032482,-75.85441629371404,-75.83913739239296,-75.82489564477548,-75.8119298872471,-75.80050305198223,-75.79086982027953,-75.78319854967195,-75.77747722359267,-75.77367203234589,-75.77285156511682
5.63000000000018,-75.85503919645596,-75.91966360634206,-75.98399286193828,-76.03669522540432,-76.07565906557049,-76.1021836492779,-76.11838931886432,-76.1263646629188,-76.12791112651847,-76.12449829151505,-76.1172912424259,-76.10719830812431,-76.09492014961148,-76.08099373886904,-76.06582935656735,-76.0497407846651,-76.03296973109596,-76.01570537095212,-75.99809985937253,-75.98028083832938,-75.96236157328669,-75.94444907605055,-75.92665076776503,-75.90908004299334,-75.89186082521512,-75.87513155879373,-75.85904924894214,-75.84379384914163,-75.82957291466208,-75.81662449765386,-75.80521070766899,-75.79558551470454,-75.78791697144153,-75.78219362949712,-75.77838352500258,-75.77755748948472
5.635000000000181,-75.85940705324283,-75.92395201891196,-75.98821621905473,-76.0408720956908,-76.07980724374175,-76.10631788708083,-76.12252109919834,-76.1305026240894,-76.1320616323151,-76.12866596762795,-76.12147942418503,-76.11140939270778,-76.09915586317187,-76.0852553336895,-76.07011775312411,-76.05405667130805,-76.03731363133994,-76.02007768592476,-76.00250089080606,-75.98471079551722,-75.96682056591085,-75.94893709362016,-75.93116764533296,-75.91362541209892,-75.8964340487829,-75.8797316489066,-75.86367476754525,-75.84844279480261,-75.83424260476868,-75.82131146778028,-75.8099106735367,-75.8002934834983,-75.79262764745869,-75.78690228496014,-75.78308727376623,-75.78225568044279
5.640000000000182,-75.86376901121126,-75.92823456135851,-75.99243373021835,-76.04504312514064,-76.08394956618106,-76.11044623751557,-76.1266469477812,-76.13463459990027,-76.13620609266033,-76.1328275337061,-76.12566142820752,-76.11561422963804,-76.10338525751312,-76.08951053640726,-76.07439968355366,-76.05836601673826,-76.04165091424952,-76.0244433064062,-76.00689514955799,-75.98913390082284,-75.97127262650896,-75.953418098212,-75.93567742839798,-75.91816360497533,-75.90100001475362,-75.88432440121933,-75.86829287043254,-75.85308425063018,-75.83890473667886,-75.82599081951312,-75.81460297173712,-75.80499374902539,-75.79733060023673,-75.79160321257501,-75.78778330125121,-75.78694616059263
5.6450000000001825,-75.868125083865,-75.93251124740702,-75.99664540930179,-76.04920832778467,-76.08808604710522,-76.11456871501188,-76.13076687927683,-76.13876060526476,-76.14034452272782,-76.13698300519106,-76.12983727020855,-76.11981283490861,-76.10760834891163,-76.09375936358596,-76.07867516471183,-76.06266883810893,-76.04598159728097,-76.02880225016203,-76.01128265370978,-75.99355017265042,-75.9757177738149,-75.95789210889657,-75.94018013637357,-75.92269464138458,-75.9055587432417,-75.8889098362,-75.8729035784232,-75.85771823778646,-75.8435593318818,-75.83066257464289,-75.81928762432364,-75.80968633355052,-75.80202585218792,-75.79629643483298,-75.79247162996941,-75.79162895243323
5.650000000000183,-75.87247528466186,-75.93678209073494,-76.0008512701284,-76.05336771760318,-76.09221670067926,-76.11868533394642,-76.13488090829466,-76.14288065504047,-76.14447693763398,-76.14113239746568,-76.13400696584314,-76.12400522445141,-76.11182515358054,-76.09800183172456,-76.08294421338809,-76.06696515250533,-76.05030569782102,-76.0331545348865,-76.01566342126976,-75.99795962932917,-75.9801560264857,-75.9623591446655,-75.94467578859232,-75.92721854100571,-75.91011025427645,-75.89348797422946,-75.877506912247,-75.86234477734196,-75.848206411773,-75.83532675486416,-75.82396465325208,-75.8143712592391,-75.80671342562393,-75.8009819741239,-75.79715228233094,-75.79630407836162
5.655000000000184,-75.8768196270138,-75.94104710497182,-76.00505132647234,-76.05752130852616,-76.09634154101666,-76.12279610864293,-76.13898904938995,-76.1469947640294,-76.14860335243834,-76.14527572585448,-76.13817053070649,-76.12819141413704,-76.11603568767026,-76.10223795725769,-76.08720684630607,-76.0712549769452,-76.05462323318717,-76.037500178203,-76.02003747017359,-76.00236228911379,-75.98458740310191,-75.96681922443202,-75.94916440430652,-75.93173532343539,-75.91465456780267,-75.89805883560186,-75.88210289254482,-75.86696389027617,-75.85284599765475,-75.83998338177639,-75.82863408038115,-75.81904854815795,-75.81139334275656,-75.80565985273691,-75.80182528064466,-75.80097156067352
5.660000000000185,-75.88115812428723,-75.9453063036998,-76.00924559205902,-76.06166911443353,-76.1004605821796,-76.12690105337268,-76.14309131706406,-76.15110294697838,-76.15272378214378,-76.14941300562396,-76.14232798033436,-76.1323714197752,-76.12023996726874,-76.10646775655599,-76.0914630801238,-76.07553832837907,-76.05893422062806,-76.04183919766423,-76.02440481828454,-76.00675817018481,-75.98901192216815,-75.97127236703147,-75.95364600268846,-75.93624500818824,-75.91919170368107,-75.90262244052515,-75.88669153986919,-75.87157559747803,-75.85747811073674,-75.84463247688448,-75.83329592747323,-75.82371822227589,-75.81606562569844,-75.81033009286115,-75.80649064711903,-75.80563142156407
5.665000000000186,-75.88549078980317,-75.94955970045366,-76.01343408056518,-76.06581114915535,-76.10457383817919,-76.13100018235457,-76.1471877257648,-76.15520521857921,-76.15683824169675,-76.1535442519828,-76.14647933020326,-76.1365452571149,-76.12443800840184,-76.11069124592643,-76.0957129314341,-76.0798152236907,-76.06323867732388,-76.04617161075288,-76.02876548339408,-76.01114729064909,-75.99342960211345,-75.97571859122174,-75.95812060283107,-75.94074761469749,-75.92372168168885,-75.90717880912167,-75.89127287468487,-75.8761799197466,-75.86210277213668,-75.84927406159927,-75.83795021619481,-75.82838030346433,-75.82073029646351,-75.81499271658625,-75.8111484038626,-75.81028368312842
5.6700000000001864,-75.88981763683752,-75.95380730872111,-76.01761680561921,-76.06994742647218,-76.10868132297581,-76.1350935097555,-76.15127828988658,-76.15930159346907,-76.16094674598779,-76.15766948008233,-76.15062459573096,-76.14071294184491,-76.12862982703359,-76.11490844161278,-76.09995641676495,-76.08408567969742,-76.06753662038682,-76.05049743488186,-76.03311948322218,-76.01552966854024,-75.99784046129177,-75.98015791568368,-75.9625882237483,-75.94524316231532,-75.9282445215201,-75.91172796142853,-75.89584691736933,-75.88077687779155,-75.86672000288083,-75.85390815723821,-75.8425969681172,-75.83303481349796,-75.82538737696785,-75.81964774590311,-75.81579857288472,-75.81492836736231
5.675000000000187,-75.89413867862129,-75.9580491419431,-76.02179378080139,-76.07407796011523,-76.1127830504793,-76.13918104969062,-76.15536302377079,-76.1633920862307,-76.16504930985158,-76.16178870501668,-76.15476379227658,-76.14487448959395,-76.1328154390666,-76.11911935979576,-76.10419355257991,-76.0883497131505,-76.07182806686131,-76.0548166873947,-76.0374668354177,-76.01990532181902,-76.00224451798233,-75.98459035902155,-75.96704888437549,-75.94973167031347,-75.93276024278644,-75.91626991739824,-75.90041368821329,-75.8853664922337,-75.87132982390452,-75.85853478502591,-75.84723620471708,-75.8376817740553,-75.83003688903008,-75.82429520270443,-75.82044117609617,-75.81956549616291
5.680000000000188,-75.89845392834074,-75.96228521351395,-76.02596501964412,-76.07820276376664,-76.11687903454921,-76.14326281622351,-76.15944194170599,-76.16747671139277,-76.16914594806747,-76.16590194182322,-76.15889693514106,-76.14902991593114,-76.13699486034238,-76.12332401659356,-76.10842435527834,-76.09260734073553,-76.07611303372457,-76.059129385566,-76.04180755755888,-76.02427426837373,-76.00664179039018,-75.98901593976358,-75.97150260357006,-75.95421315788359,-75.93726886501737,-75.9208046968992,-75.90497320742128,-75.88994878360559,-75.87593225605282,-75.86315396609473,-75.85186794737712,-75.84232120671935,-75.83467885437216,-75.82893510878546,-75.82507623530974,-75.82419509132923
5.685000000000189,-75.90276339913767,-75.9665155367816,-76.03013053563213,-76.08232185105977,-76.12096928899518,-76.14733882336658,-76.16351505792828,-76.1715554834301,-76.17323667535952,-76.17000920548274,-76.16302403956738,-76.15317923636624,-76.14116810664162,-76.12752242806205,-76.11264884119586,-76.09685857907273,-76.08039153788678,-76.06343554660175,-76.04614166715365,-76.02863652602065,-76.01103229664646,-75.9934346763622,-75.97594940011173,-75.9586876441378,-75.94177040766083,-75.92533231971612,-75.90952549511212,-75.89452377235197,-75.88052732008096,-75.86776572148528,-75.8564922173865,-75.84695313297811,-75.83931329461991,-75.83356748584447,-75.82970377224099,-75.8288171745629
5.69000000000019,-75.90706710410959,-75.97074012504785,-76.03429034220275,-76.08643523557936,-76.12505382757698,-76.15140908508121,-76.16758238662148,-76.17562841676401,-76.177321506397,-76.1741105109198,-76.16714512074097,-76.15732246635001,-76.1453351936846,-76.13171461019525,-76.11686702660465,-76.10110344471735,-76.08466359619163,-76.0677351876398,-76.05046918164007,-76.03299211250447,-76.01541605480897,-75.99784658719464,-75.98038929270312,-75.96315514810905,-75.94626489008361,-75.9298528055507,-75.91407057131946,-75.89909147883044,-75.88511503665498,-75.87237007214716,-75.86110903594161,-75.8515775742253,-75.84394023130366,-75.83819235548347,-75.83432380850871,-75.83343176746871
5.69500000000019,-75.91136505631,-75.97495899156864,-76.03844445274619,-76.09054293086189,-76.12913266400496,-76.15547361527815,-76.17164394191747,-76.17969552576253,-76.18140045579455,-76.17820587300302,-76.17126019378989,-76.16145962127445,-76.1494961371314,-76.13590057892547,-76.12107892771378,-76.10534195416007,-76.08892922541659,-76.07202832575013,-76.0547901183867,-76.03734104549869,-76.01979308286246,-76.00225169056336,-75.98482229997013,-75.96761568875175,-75.95075233157199,-75.93436617402186,-75.91860845599224,-75.90365192331181,-75.88969542635226,-75.87696703893933,-75.86571842414652,-75.85619455176084,-75.84855968585879,-75.84280973920877,-75.83893636563565,-75.83803889155527
5.700000000000191,-75.91565726874849,-75.97917214955416,-76.04259288060561,-76.09464495039568,-76.13320581194017,-76.15953242781757,-76.17569973789637,-76.18375682474066,-76.18547353811248,-76.18229530654538,-76.17536927378521,-76.16559071647318,-76.1536509525823,-76.14008035012385,-76.12528456066961,-76.10957412382724,-76.09318844227329,-76.07631497793527,-76.05910449469306,-76.04168334260595,-76.02416339871918,-76.00665000469634,-75.98924844046245,-75.97206928494208,-75.95523275133198,-75.93887244466646,-75.92313916899528,-75.9082051259808,-75.89426850966201,-75.88155664263071,-75.87032040301358,-75.86080408679149,-75.85317167962639,-75.84741965843163,-75.84354146504909,-75.84263856823566
5.705000000000192,-75.91994375439103,-75.98337961216914,-76.04673563907761,-76.09874130762124,-76.13727328499473,-76.16358553650954,-76.17974978858689,-76.18781232796071,-76.18954076785714,-76.18637882630452,-76.1794723757413,-76.16971576722175,-76.15779965557813,-76.14425393960057,-76.12948394155605,-76.11379997008132,-76.0974412634079,-76.08059516113072,-76.06341232778988,-76.0460190213585,-76.02852702021922,-76.0110415477477,-75.9936677326539,-75.97651595547852,-75.95970616849004,-75.94337163693973,-75.92766273010977,-75.91275110693641,-75.89883430698585,-75.88613890390087,-75.87491499346403,-75.86540620043141,-75.85777623385384,-75.85202213446885,-75.84813912808144,-75.84723081882792
5.710000000000193,-75.92422452616015,-75.9875813925331,-76.05087274141218,-76.10283201593147,-76.14133509673192,-76.16763295511413,-76.18379410796653,-76.19186204963252,-76.19360215948106,-76.19045644698296,-76.18356951461607,-76.17383478873789,-76.16194226160053,-76.1484213631052,-76.133677086395,-76.1180195092212,-76.10168770540153,-76.0848688922053,-76.06771363483962,-76.05034809921861,-76.03288396513085,-76.01542633779795,-75.99808019494297,-75.98095571908229,-75.96417260209337,-75.94786377021566,-75.93217915903365,-75.91728988619258,-75.90339283863835,-75.8907138433404,-75.8795022163285,-75.87000091370278,-75.8623733696954,-75.85661718854334,-75.85272937597085,-75.8518156645558
5.7150000000001935,-75.92849959693518,-75.99177750372048,-76.05500420081312,-76.10691708867186,-76.14539126066653,-76.17167469734171,-76.18783270996192,-76.19590600391378,-76.19765772738333,-76.19452818322848,-76.18766070531136,-76.17794779618193,-76.16607878607222,-76.15258263632704,-76.13786401114656,-76.12223275748258,-76.10592778477044,-76.08913618796147,-76.07200843293678,-76.0546705935789,-76.0372342511511,-76.01980439285454,-76.00248584565318,-75.98538859439778,-75.96863207111045,-75.9523488637876,-75.93668847538233,-75.92182148367856,-75.90794412484753,-75.89528148145156,-75.88408209234763,-75.87458824753627,-75.86696310821276,-75.86120484178467,-75.85731222986182,-75.85639312654921
5.720000000000194,-75.93276897955238,-75.99596795876099,-76.05913003043821,-76.11099653914086,-76.1494417902651,-76.17571077685326,-76.19186560844899,-76.19994420491024,-76.20170748590986,-76.19859404963438,-76.1917459626732,-76.18205480465693,-76.1702092443574,-76.1567377748954,-76.14204473170952,-76.12643973103822,-76.1101615179666,-76.09339706513576,-76.07629673910826,-76.05898652176278,-76.04157789590599,-76.02417573085216,-76.00688470303353,-75.98981459999294,-75.97308459443146,-75.95682693686867,-75.9411906986889,-75.9263459192395,-75.91248818575538,-75.89984183864877,-75.88865464217255,-75.87916822277174,-75.8715454703756,-75.86578511522976,-75.86188771080575,-75.86096322584496
5.725000000000195,-75.93703268680524,-76.00015277063966,-76.06325024339945,-76.11507038058987,-76.15348669894612,-76.17974120726049,-76.19589281725325,-76.203976666676,-76.20575144935361,-76.20265406073968,-76.19582530149204,-76.18615582920914,-76.17433365176207,-76.16088679437998,-76.1462192639215,-76.1306404459984,-76.11438892137784,-76.09765154039908,-76.08057857031383,-76.06329590102479,-76.04591491695103,-76.02854036965333,-76.01127678525899,-75.99423375435997,-75.97753019086875,-75.96129800859222,-75.94568584840488,-75.93086321263698,-75.9170250414184,-75.90439493525918,-75.89321988636553,-75.88374086015868,-75.87612047706226,-75.87035802982342,-75.86645583976157,-75.86552598338722
5.730000000000196,-75.94129073144457,-76.00433195229719,-76.06736485276323,-76.11913862622379,-76.15752600008035,-76.18376600212622,-76.19991435015011,-76.2080034032138,-76.20978963195493,-76.20670823102952,-76.1998987365031,-76.19025088482822,-76.17845202353423,-76.16502971029115,-76.15038762355944,-76.13483491841114,-76.11861001132839,-76.10189963035711,-76.08485394344638,-76.06759874855108,-76.05024533177159,-76.03289832704856,-76.0156621104308,-75.99864607591536,-75.98196887915734,-75.96576209801235,-75.95017394390055,-75.93537338354938,-75.9215547118081,-75.90894079152315,-75.8977778454004,-75.88830618035688,-75.88068814906023,-75.87492360641892,-75.87101663759628,-75.87008142002816
5.735000000000197,-75.94554312617882,-76.00850551663011,-76.0714738715506,-76.12320128920092,-76.16155970699094,-76.18778517496453,-76.20393022086502,-76.2120244284752,-76.21382204790176,-76.21075657493535,-76.20396628238665,-76.19433998644752,-76.18256437486431,-76.16916653808029,-76.15454982633985,-76.1390231642627,-76.12282480407902,-76.10614135155066,-76.08912287533238,-76.07189508145966,-76.0545691577833,-76.03724962075697,-76.02004069657701,-76.00305158300068,-75.98640067795529,-75.97021922410435,-75.95465500446548,-75.93987645157254,-75.92607721681152,-75.91347942759484,-75.90232853966317,-75.89286420393688,-75.88524850706675,-75.87948186577847,-75.8755701250856,-75.87462955652855
5.740000000000197,-75.94978988367423,-76.012673476491,-76.07557731273748,-76.12725838263344,-76.1655878329537,-76.19179873924107,-76.20794044307382,-76.21603975636097,-76.21784871132992,-76.21479910683529,-76.20802795376832,-76.19842314894446,-76.18667072088537,-76.17329729314007,-76.15870588791914,-76.14320519947769,-76.12703331582759,-76.110376720456,-76.0933853827322,-76.07618491680088,-76.05888641233244,-76.04159426842659,-76.02441256165287,-76.00745029388288,-75.99082560584425,-75.97466940576516,-75.95912904930897,-75.94437243622016,-75.93059257623176,-75.9180108635427,-75.90687198945261,-75.89741495138057,-75.88980157168928,-75.88403282857401,-75.8801163229144,-75.87917041355828
5.745000000000198,-75.95403101655498,-76.0168358446887,-76.0796751892549,-76.13130991958752,-76.16961039119745,-76.1958067083732,-76.21194503040297,-76.22004940072121,-76.22186963632345,-76.21883584105431,-76.21208376521932,-76.20250038714072,-76.19077107667347,-76.17742199080476,-76.16285582389396,-76.14738103991961,-76.13123556270926,-76.11460575348528,-76.09764148234049,-76.08046827155778,-76.06319711269634,-76.04593228763486,-76.02877772354114,-76.01184222675464,-75.99524368132978,-75.97911266181379,-75.96359609756057,-75.94886135692428,-75.93510080978844,-75.92253511934997,-75.91140821498065,-75.90195844308175,-75.89434736344622,-75.88857651538748,-75.88465525167744,-75.88370401169698
5.750000000000199,-75.95826653740345,-76.02099263398854,-76.0837675139892,-76.13535591308357,-76.17362739490409,-76.19980909573044,-76.21594399642976,-76.22405337535574,-76.22588483691472,-76.22286679186458,-76.21613373125675,-76.20657171580261,-76.19486545724796,-76.18154064635063,-76.16699964980151,-76.15155070139106,-76.13543156079687,-76.11882846698676,-76.10189119078656,-76.0847451626464,-76.06750127608366,-76.05026369588882,-76.03313620005264,-76.01622739973487,-75.99965492284187,-75.98354901099188,-75.96805616827054,-75.95334323303578,-75.93960193711818,-75.92705221491522,-75.91593723637303,-75.9064946993466,-75.89888590276726,-75.89311294671165,-75.8891869318798,-75.88823037143456
5.7550000000002,-75.96249645876036,-76.02514385711247,-76.0878542997822,-76.13939637609646,-76.17763885720893,-76.20380591463449,-76.21993735468259,-76.22805169401421,-76.22989432708486,-76.22689197348564,-76.22017786634387,-76.2106371496413,-76.1989538775717,-76.18565327499607,-76.17113738111985,-76.15571419963406,-76.13962132610126,-76.12304487724526,-76.1061345246347,-76.08901560691628,-76.071798919635,-76.05458851062575,-76.0374880089266,-76.0206058308692,-76.00405934873535,-75.98797847196401,-75.97250928041028,-75.95781808382486,-75.94409597777519,-75.93156217005281,-75.92045907366969,-75.91102374039428,-75.90341720999412,-75.8976421429505,-75.89371138393747,-75.89274951317174
5.7600000000002005,-75.96672079312506,-76.02928952673935,-76.09193555943152,-76.14343132155577,-76.18164479120091,-76.2077971783595,-76.2239251186412,-76.23204437039645,-76.23389812076391,-76.23091140008482,-76.22421618489045,-76.21469670331317,-76.20303635255152,-76.1897598919021,-76.17526903326817,-76.15987155033045,-76.14380487457164,-76.1272550004825,-76.11037150038457,-76.09327962115067,-76.07609006042301,-76.05890674921345,-76.0418331678311,-76.0249775381303,-76.00845697729038,-75.99240106331831,-75.97695545287284,-75.96228592848158,-75.94858295123167,-75.9360650044935,-75.92497374682547,-75.9155455863575,-75.90794130538096,-75.90216412441983,-75.89822862817797,-75.89726145722062
5.765000000000201,-75.97093955295561,-76.03342965550517,-76.09601130569072,-76.14746076234596,-76.1856452099228,-76.21178290013245,-76.22790730173693,-76.23603141815275,-76.23789623183113,-76.23492508577743,-76.22824870125295,-76.21875039142002,-76.20711289703831,-76.19386051217256,-76.1793946216072,-76.16402276910219,-76.14798222209586,-76.13145885285738,-76.11460213447154,-76.09753722206709,-76.08037471545302,-76.06321842895059,-76.04617169436338,-76.02934253941825,-76.01284782671273,-75.99681680356669,-75.98139470447333,-75.9667467861162,-75.95306287687832,-75.94056073788484,-75.92948127571046,-75.92006025728286,-75.9124582090949,-75.90667891134775,-75.90273868484077,-75.90176622380531
5.770000000000202,-75.97515275066905,-76.03756425600317,-76.10008155126947,-76.15148471130661,-76.1896401263714,-76.21576309313326,-76.23188391735295,-76.24001285088399,-76.2418886741152,-76.23893304462695,-76.23227542973483,-76.2227982285094,-76.21118352582752,-76.19795515085443,-76.18351416143948,-76.16816787151167,-76.15215338450086,-76.13565645046637,-76.11882644326698,-76.10178842631748,-76.0846529016632,-76.06752356706714,-76.05050360605034,-76.03370085256114,-76.01723191513436,-76.0012257111455,-75.9858270539494,-75.97120067575979,-75.95753577402485,-75.94504938979169,-75.93398168011058,-75.9245677731316,-75.91696794121668,-75.91118652387534,-75.90724157407797,-75.90626383306234
5.775000000000203,-75.97936039864156,-76.04169334078408,-76.1041463088339,-76.15550318123267,-76.19362955349787,-76.21973777049503,-76.23585497882446,-76.24398868214197,-76.24587546139458,-76.24293529064542,-76.23629638458684,-76.22684022907492,-76.21524825365924,-76.20204382293807,-76.1876276680096,-76.17230687306191,-76.15631837755281,-76.1398478093438,-76.12304444307878,-76.10603325048868,-76.08892463592508,-76.07182218072478,-76.05482892034887,-76.0380524953153,-76.02160926061379,-76.00562780441581,-75.99025251996169,-75.97564761636454,-75.96200166190043,-75.9495309796968,-75.93847497972811,-75.92906815377995,-75.92147052174109,-75.91568698205705,-75.91173731595472,-75.91075430504128
5.780000000000204,-75.98356250920862,-76.04581692235631,-76.10820559100665,-76.15951618487468,-76.19761350420788,-76.22370694530431,-76.23982049943902,-76.24795892542969,-76.2498566073976,-76.24693183779361,-76.24031158000722,-76.23087640755642,-76.21930709521865,-76.20612654335768,-76.1917351565046,-76.17643978919712,-76.1604772169576,-76.1440329454623,-76.12725615015148,-76.11027171110278,-76.09318993504382,-76.07611428701725,-76.05914765464628,-76.04239748536577,-76.0259798811365,-76.01002310166393,-75.99467112109426,-75.98008762680436,-75.96646055965418,-75.95400552700121,-75.94296119418213,-75.9335614190198,-75.9259659705775,-75.92018030586131,-75.91622593044988,-75.91523765970527
5.785000000000204,-75.98775909466524,-76.04993501318621,-76.11225941036722,-76.16352373493886,-76.20159199136181,-76.22767063060132,-76.24378049243674,-76.25192359420151,-76.25383212580297,-76.25092269998136,-76.2443210301421,-76.23490677834035,-76.22336006513623,-76.2102033269914,-76.19583664205423,-76.18056663530277,-76.1646299183611,-76.148211874733,-76.13146158066678,-76.1145038246175,-76.09744881575867,-76.08039990297074,-76.06345982626067,-76.0467358403267,-76.03034379461538,-76.0144116211018,-75.99908287585507,-75.98452072587529,-75.97091248635562,-75.95847305102473,-75.94744034300906,-75.938047588559,-75.93045430755038,-75.924666515171,-75.92070743745639,-75.91971391693157
5.790000000000205,-75.99195016726614,-76.05404762569825,-76.11630777945206,-76.16752584408754,-76.20556502777504,-76.2316288393802,-76.2477349710105,-76.25588270186341,-76.25780203023973,-76.25490789106776,-76.24832474908564,-76.23893135575999,-76.22740717798806,-76.21427418866176,-76.19993213973123,-76.18468742670608,-76.16877649734947,-76.15238461300592,-76.1356607507438,-76.1187296074264,-76.10170129474322,-76.08467904554422,-76.06776545244138,-76.0510675777418,-76.03470101889107,-76.01879338086742,-76.00348780267637,-75.98894693229592,-75.97535746099516,-75.96293357100643,-75.95191244566314,-75.94252668202203,-75.93493555239988,-75.92914562978405,-75.92518185678192,-75.92418309651202
5.795000000000206,-75.99613573922598,-76.05815477227507,-76.12035071075486,-76.17152252493916,-76.20953262621809,-76.23558158458917,-76.25168394830615,-76.25983626177332,-76.2617663342877,-76.25888742486147,-76.25232275088034,-76.24295015409578,-76.23144844829606,-76.21833914313584,-76.2040216645517,-76.18880217867621,-76.17291696944949,-76.15655117607032,-76.13985367643942,-76.12294907585945,-76.10594738860588,-76.08895173162988,-76.07206455036922,-76.05539271508465,-76.03905157173246,-76.02316839902531,-76.0078859199152,-75.99336626470789,-75.97979550248458,-75.96738710610522,-75.9563775215169,-75.94699871895051,-75.93940972478221,-75.93361766941382,-75.92964920814939,-75.92864521815358
5.800000000000207,-76.00031582271943,-76.06225646525795,-76.12438821672671,-76.17551379006866,-76.2134947994169,-76.23952887913079,-76.25562743742286,-76.26378428724122,-76.26572505147769,-76.26286131512092,-76.25631504951737,-76.24696318757552,-76.23548389052841,-76.22239820512564,-76.2081052314753,-76.19291090642464,-76.1770513501289,-76.16071157965504,-76.14404037374867,-76.12716224618318,-76.11018711389016,-76.09321797805345,-76.07635713715705,-76.05971126975909,-76.04339547083713,-76.02753669356686,-76.01227724585377,-75.99777874167633,-75.98422662965746,-75.97183367540018,-75.9608355898617,-75.95146371880355,-75.94387684427032,-75.9380826536898,-75.93410951119736,-75.93310030147893
5.8050000000002075,-76.00449042988144,-76.06635271694674,-76.12842030977632,-76.17949965200752,-76.21745156005308,-76.2434707358622,-76.25956545141322,-76.26772679152948,-76.26967819529166,-76.2668295755546,-76.26030165893664,-76.25097047037468,-76.23951351909959,-76.22645138928834,-76.21218285540562,-76.19701362510541,-76.18117965479665,-76.1648658394287,-76.14822085860496,-76.13136913460109,-76.11442048707502,-76.0974778015746,-76.08064322984998,-76.06402325909978,-76.04773273383154,-76.03189828241081,-76.01666179869987,-76.00218438169024,-75.98865086126962,-75.97627329789107,-75.96528666990818,-75.95592170095837,-75.94833693035422,-75.94254060215802,-75.93856278548077,-75.93754836602692
5.810000000000208,-76.0086595728074,-76.07044353960019,-76.13244700227017,-76.18348012324414,-76.221402920764,-76.24740716759534,-76.2634980032836,-76.27166378785307,-76.2736257791631,-76.2707922198213,-76.26428259302729,-76.25497201661666,-76.2435373483709,-76.23049871022663,-76.21625455119042,-76.2011103498155,-76.18530189880325,-76.16901397100014,-76.15239514688052,-76.13556975725406,-76.11864752457528,-76.10173121888727,-76.0849228454259,-76.06832870037233,-76.05206337827165,-76.0362531834036,-76.02103959658739,-76.00658320316302,-75.99306821599961,-75.98070599249887,-75.9697307807867,-75.96037268471078,-75.95279000244159,-75.94699153428142,-75.94300905047115,-75.94198943125305
5.815000000000209,-76.01282326355332,-76.07452894543616,-76.13646830653283,-76.18745521622387,-76.2253488941431,-76.25133818709716,-76.26742510599423,-76.27559528937978,-76.27756781647714,-76.27474926153039,-76.26825786562782,-76.25896784037306,-76.24755539265058,-76.23454018248887,-76.22032033362198,-76.20520109559502,-76.1894180974411,-76.17315598991875,-76.1565632543867,-76.1397641302206,-76.12286824274189,-76.10597824662004,-76.0891960007957,-76.07262761077389,-76.05638742164327,-76.04060141431988,-76.02541065757664,-76.01097522443285,-75.99747871244917,-75.98513177806616,-75.9741679415479,-75.96481668927557,-75.95723607985823,-75.95143546944065,-75.94744832555743,-75.94642351653002
5.82000000000021,-76.01698151413599,-76.07860894663169,-76.14048423484701,-76.19142494334936,-76.22928949274008,-76.25526380708982,-76.27134677245955,-76.27952130923046,-76.28150432057089,-76.27870071424195,-76.27222749052635,-76.26295795566392,-76.2515676661941,-76.23857582056952,-76.2243802174374,-76.20928587742765,-76.19352826594482,-76.1772919116747,-76.16072519687427,-76.14395226951721,-76.1270826578624,-76.11021890133654,-76.09346271280377,-76.07692000743346,-76.06070488136238,-76.04494299286281,-76.02977499965489,-76.01536046376314,-76.00188236914362,-75.98955067335761,-75.97859817116311,-75.96925373378713,-75.96167518184862,-75.95587242693429,-75.9518806300462,-75.95085064114824
5.825000000000211,-76.02113433653321,-76.08268355532334,-76.14449479945388,-76.19538931698074,-76.23322472906113,-76.25918404025096,-76.27526301554835,-76.28344186047927,-76.28543530473362,-76.28264659146723,-76.27619148146088,-76.26694237645802,-76.25557418320452,-76.24260563890932,-76.2284342173187,-76.2133647102408,-76.19763241949141,-76.1814217516993,-76.16488099003371,-76.14813419109876,-76.13129078616114,-76.11445319953572,-76.09772299822829,-76.08120590741221,-76.06501577477557,-76.04927793666457,-76.03413264073662,-76.01973893934299,-76.00627920453236,-75.99396269706043,-75.98302148852478,-75.97368383729982,-75.96610732757632,-75.96030242597955,-75.95630598316237,-75.95527082431634
5.8300000000002115,-76.02528174268393,-76.0867527836073,-76.14850001255319,-76.1993483494357,-76.23715461556908,-76.26309889921386,-76.27917384808407,-76.28735695615389,-76.28936078220704,-76.28658690666867,-76.28014985211959,-76.27092111667311,-76.25957495783263,-76.2466296518956,-76.23248234789338,-76.21743760890598,-76.20173057320073,-76.18554552536534,-76.16903064949562,-76.15230991085875,-76.13549264379975,-76.11868115765225,-76.10197687378164,-76.08548532770396,-76.06932011916044,-76.05360626328661,-76.03848359866407,-76.02411066928754,-76.01066923698929,-75.99836786778481,-75.98743791244704,-75.97810701878842,-75.97053253612445,-75.96472548571255,-75.96072440404951,-75.95968408516157
5.835000000000212,-76.02942374448841,-76.09081664353951,-76.15249988630349,-76.20330205298987,-76.24107916468368,-76.26700839656769,-76.28307928284498,-76.29126660923573,-76.2932807661855,-76.2905216732603,-76.28410261614103,-76.27489419017616,-76.26357000417731,-76.25064787386252,-76.23652462373452,-76.22150458823907,-76.20582274213572,-76.18966324798733,-76.173174190831,-76.1564794446297,-76.13968824687733,-76.1229027920569,-76.10622435611073,-76.08975828523552,-76.07361793172598,-76.0579279902202,-76.04282789120765,-76.02847567163845,-76.01505248481325,-76.00276620406443,-75.99184746166614,-75.98252329714879,-75.97495082649625,-75.96914162518897,-75.96513591177052,-75.9640904427304
5.840000000000213,-76.03356035380844,-76.094875147136,-76.15649443282237,-76.2072504398769,-76.2449983887818,-76.2709125448577,-76.28697933256434,-76.29517083266025,-76.29719526981621,-76.2944509046079,-76.2880497871144,-76.27886161078365,-76.26755933628574,-76.25466031909139,-76.24056105936113,-76.2255656630006,-76.2099089413026,-76.19377493482185,-76.17731162955155,-76.1606428081834,-76.14387761143091,-76.12711811905686,-76.11046546179736,-76.09402479686705,-76.0779092296129,-76.06224313488676,-76.04716553606623,-76.03283396436431,-76.0194289662284,-76.0071577243568,-75.99625015484078,-75.98693269119808,-75.97936221761547,-75.97355086338445,-75.96954052530792,-75.96848991598891
5.845000000000214,-76.03769158246747,-76.09892830637294,-76.16048366418653,-76.21119352228867,-76.2489123001975,-76.27481135658545,-76.29087400993075,-76.29906963931701,-76.30110430619958,-76.29837461402924,-76.29199137857981,-76.28282339226183,-76.27154296815375,-76.25866700181093,-76.24459166923837,-76.2296208478961,-76.21398918565141,-76.19788060106784,-76.18144298110998,-76.16480001723134,-76.14806075343574,-76.131327154896,-76.11470020735864,-76.09828487939235,-76.0821940298941,-76.06655171463824,-76.05149655086767,-76.03718556536107,-76.02379869938473,-76.01154244704378,-76.00064601055279,-75.99133521967539,-75.98376672832693,-75.97795321919517,-75.97393826356455,-75.97288252382342
5.850000000000215,-76.0418174422508,-76.10297613318694,-76.16446759243209,-76.2151313123756,-76.25282091122249,-76.27870484420903,-76.29476332758827,-76.30296304205011,-76.30500788838928,-76.30229281479443,-76.29592740402845,-76.2867795483269,-76.27552091372596,-76.26266793619753,-76.2486164677779,-76.23367015757626,-76.21806349007608,-76.20198026186695,-76.18556826090038,-76.16895108742497,-76.15223768880567,-76.13552991575538,-76.11892860924722,-76.1025385495394,-76.08647234957498,-76.07085374675752,-76.05582095316913,-76.04153049245242,-76.02816170235842,-76.01592039043203,-76.00503504730735,-75.99573090124214,-75.9881643773969,-75.98234871143816,-75.97832914536379,-75.97726828504074
5.855000000000215,-76.04593794490577,-76.10701863947507,-76.16844622955476,-76.21906382224667,-76.2567242341061,-76.28259302014324,-76.29864729813669,-76.30685105365824,-76.30890602939259,-76.30620552012596,-76.29985787690296,-76.29073009264536,-76.27949318689606,-76.26666313637547,-76.25263546933806,-76.23771360663733,-76.2221318694148,-76.20607393230381,-76.18968748425844,-76.17309603435599,-76.15640843339334,-76.13972641775347,-76.12315068385175,-76.10678582397058,-76.09074420559384,-76.07514924845886,-76.06013876045755,-76.04586876339022,-76.03251799315235,-76.02029157275335,-76.00941728353357,-76.00011975448253,-75.99255518351356,-75.98673735885191,-75.98271318945021,-75.98164721836889
5.860000000000216,-76.05005310214189,-76.11105583709525,-76.17241958750998,-76.22299106396973,-76.26062228105556,-76.28647589675982,-76.30252593413168,-76.31073368689498,-76.31279874217064,-76.3101127431991,-76.30378281059755,-76.29467503883419,-76.28345980150716,-76.2706526164173,-76.2566486882243,-76.24175120962136,-76.22619433845033,-76.21016162740625,-76.19380066646183,-76.17723487355676,-76.16057300299065,-76.1439166769465,-76.12736644749718,-76.11102671928307,-76.09500961482223,-76.07943823688814,-76.06444999015,-76.05020039585496,-76.03686758969643,-76.0246560121652,-76.01379273758491,-76.004501797904,-75.99693916528759,-75.99111918009675,-75.98709041449007,-75.98601934245735
5.865000000000217,-76.05416292563108,-76.11508773786625,-76.1763876782131,-76.22691304957166,-76.26451506423628,-76.29035348638766,-76.30639924808509,-76.31461095446903,-76.31668603963855,-76.31401449714207,-76.30770221845829,-76.29861440046109,-76.287420771352,-76.27463639034396,-76.2606561386893,-76.24578298101643,-76.23025091191028,-76.21424336214575,-76.19790782273049,-76.18136762050048,-76.16473141332905,-76.14810070932886,-76.13157591644512,-76.1152612520092,-76.09926859406536,-76.08372072912336,-76.06875465959406,-76.054525407456,-76.041210509848,-76.02901372675107,-76.01816142773956,-76.00887704993768,-76.00131634125245,-75.99549419375532,-75.9914608390716,-75.99038467587776
5.870000000000218,-76.05826742700772,-76.11911435356795,-76.18035051353968,-76.2308297910386,-76.26840259577189,-76.29422580131296,-76.31026725246504,-76.31848286904432,-76.3205679346657,-76.31791079503628,-76.31161611378342,-76.30254819104482,-76.29137611017313,-76.27861447212518,-76.26465783493329,-76.24980893525705,-76.23430160446735,-76.2183191514376,-76.20200896822695,-76.18549429060168,-76.16888368007986,-76.15227853083334,-76.13577910689419,-76.11948943861688,-76.10352116006241,-76.08799674217502,-76.07305278606823,-76.05884381573217,-76.04554677139235,-76.03336473452102,-76.02252337220096,-76.01324552893881,-76.00568672986495,-75.99986241833314,-75.99582448170568,-75.9947432371242
5.8750000000002185,-76.06236661786897,-76.12313569594154,-76.18430810532551,-76.23474130031609,-76.27228488774462,-76.29809285377947,-76.31412995969625,-76.32234944324041,-76.32444444007598,-76.32180164991658,-76.3155245098234,-76.30647642405535,-76.29532583166329,-76.28258687567966,-76.26865379110434,-76.25382908672431,-76.2383464307397,-76.2223890101413,-76.20610411805653,-76.18961489921637,-76.17302981885454,-76.15645015733159,-76.13997603498036,-76.1237112955098,-76.10776732948698,-76.09226629298642,-76.07734438678231,-76.06315563815208,-76.04987639204306,-76.03770905341189,-76.0268785890982,-76.01760725318731,-76.01005034950565,-76.00422387225886,-76.0001813608261,-75.99909504461358
5.880000000000219,-76.0664605097748,-76.1271517766896,-76.18826046536694,-76.23864758930928,-76.27616195219532,-76.30195465598878,-76.31798738216023,-76.32621068963257,-76.32831556864798,-76.32568707477145,-76.31942741978143,-76.31039911291411,-76.29926994946558,-76.28655361487527,-76.27264402129856,-76.25784344974622,-76.24238540529115,-76.22645295306073,-76.21019328726783,-76.19372946164245,-76.17716984520513,-76.1606156046343,-76.14416671677725,-76.12792683902794,-76.11200711894732,-76.09652939843406,-76.0816294788778,-76.06746089211447,-76.05419938944243,-76.04204670128793,-76.03122709648642,-76.02196224088797,-76.01440721847933,-76.00857857388489,-76.00453149479013,-76.00344011668643
5.88500000000022,-76.07054911424821,-76.13116260747638,-76.19220760542098,-76.2425486698831,-76.28003380112376,-76.30581122010032,-76.32183953219541,-76.33006662075202,-76.33218133311522,-76.32956708254324,-76.32332485681339,-76.31431627099431,-76.30320847717364,-76.2905147035295,-76.27662853956048,-76.26185203859795,-76.24641854263149,-76.23051099494454,-76.21427649085282,-76.19783799311993,-76.18130377462435,-76.1647748884916,-76.14835116829651,-76.13213608544778,-76.11624054498682,-76.10078607532802,-76.08590807942824,-76.07175959494869,-76.05851578116183,-76.0463776959411,-76.03556891234723,-76.02631051017114,-76.01875735501545,-76.01292654148779,-76.00887490187895,-76.00777847160695
5.890000000000221,-76.0746324427754,-76.13516819992796,-76.19614953720547,-76.24644455386255,-76.28390044648887,-76.30966255823174,-76.32568642209745,-76.33391724908616,-76.33604174616632,-76.33344168612838,-76.32721683402818,-76.31822791162105,-76.30714142833209,-76.29447015540948,-76.28060735988319,-76.26585486750213,-76.25044585721676,-76.23456315048644,-76.21835374374727,-76.20194050883134,-76.18543162254622,-76.16892802459344,-76.15252940548818,-76.1363390509828,-76.12046762408427,-76.10503634041234,-76.09018020543964,-76.07605176391499,-76.06282558470215,-76.05070205509149,-76.03990405458921,-76.030652079093,-76.02310077726852,-76.01726779326867,-76.0132116002981,-76.0121101275638
5.895000000000222,-76.07871050680592,-76.13916856563236,-76.20008627239937,-76.25033525303267,-76.28776190020876,-76.31350868245899,-76.32952806411936,-76.33776258707877,-76.33989682044535,-76.3373108983777,-76.33110336448807,-76.32213404807172,-76.31106881643659,-76.29841998423244,-76.2845804962087,-76.26985195062908,-76.25446736344954,-76.23860943432535,-76.22242506083099,-76.20603702390193,-76.18955340434604,-76.17307502856976,-76.15670144424094,-76.14053575178364,-76.12468837265426,-76.10928021036538,-76.09444587385082,-76.08033741620504,-76.06712881749425,-76.0550197963878,-76.04423254104823,-76.034986965636,-76.02743750331855,-76.0216023473537,-76.01754160817795,-76.0164351026703
5.900000000000222,-76.0827833177529,-76.14316371613974,-76.2040178226428,-76.25422077913903,-76.29161817416107,-76.31734960481663,-76.33336447047172,-76.34160264713023,-76.3437465685519,-76.34117473209649,-76.3349844612088,-76.32603469357606,-76.3149906549342,-76.30236420366577,-76.28854796242808,-76.27384330209715,-76.25848307567918,-76.2426498610459,-76.2264904569282,-76.21012755340007,-76.193669135341,-76.17721591599098,-76.16086730038246,-76.1447262039386,-76.12890280704754,-76.11351770180015,-76.09870510153378,-76.08461656894217,-76.07142549689918,-76.0593309374076,-76.04855438948793,-76.0393151877094,-76.03176755117157,-76.0259302217945,-76.021864943574,-76.02075341496501
5.905000000000223,-76.08685088699309,-76.14715366296262,-76.20794419953731,-76.25810114388761,-76.29546928018311,-76.32118533729795,-76.33719565332294,-76.34543744159774,-76.34759100304134,-76.3450332000449,-76.33886013715984,-76.32992986131654,-76.31890695722358,-76.30630282732744,-76.29250977238182,-76.27782893597288,-76.26249300820214,-76.2466844451785,-76.23054994680763,-76.2142121123374,-76.19777883079023,-76.18135070236818,-76.1650269896798,-76.14891042347384,-76.13311094355133,-76.11774883126468,-76.1029579052941,-76.08888923918184,-76.07571564020877,-76.06363549565792,-76.05286961760014,-76.04363676314956,-76.03609093875995,-76.03025143456857,-76.02618162446751,-76.02506508241211
5.910000000000224,-76.09091322586707,-76.15113841757599,-76.211865414646,-76.26197635894515,-76.29931523007205,-76.32501589185514,-76.3410216247994,-76.34926698279546,-76.35143013642515,-76.348886314938,-76.34273040526459,-76.33381956442855,-76.32281773665518,-76.31023586878614,-76.2964659398601,-76.28180886627135,-76.26649717526222,-76.25071320119973,-76.23460354518306,-76.21829071566938,-76.20188250589533,-76.18547940315352,-76.16918052783969,-76.15308842635382,-76.13731279838967,-76.1219736152424,-76.10720430187128,-76.09315544391198,-76.07999926464593,-76.0679334885755,-76.05717824300524,-76.04795170972044,-76.04040768394292,-76.03456600357976,-76.03049166876583,-76.02937012290181
5.915000000000225,-76.09497034567944,-76.15511799141748,-76.21578147949373,-76.26584643593934,-76.30315603558506,-76.32884128039957,-76.34484239698563,-76.35309128299481,-76.35526398117089,-76.3527340894461,-76.34659527840066,-76.33770381600057,-76.32672300653158,-76.31416334156157,-76.30041647860294,-76.28578310695639,-76.27049559105077,-76.25473614353261,-76.23865126671336,-76.22236337829526,-76.20598017580048,-76.18960203374046,-76.17332793050879,-76.1572602284816,-76.14150838772383,-76.12619207015246,-76.11144430793908,-76.09741520005343,-76.08427638736502,-76.07222493352724,-76.06148028325255,-76.05226004511394,-76.04471780450687,-76.03887394665867,-76.03479509430284,-76.03366855425091
5.9200000000002255,-76.09902225769898,-76.15909239588755,-76.21969240556732,-76.26971138645891,-76.30699170843958,-76.33266151480191,-76.34865798192463,-76.35691035442466,-76.3590925497027,-76.35657653619495,-76.35045476940006,-76.34158262907447,-76.33062278010765,-76.31808525912466,-76.30436140230051,-76.28975167194089,-76.27448826970715,-76.25875328654685,-76.24269312600302,-76.2264301150586,-76.21007185559287,-76.19371860946416,-76.17746921327411,-76.16142584569917,-76.1456977276525,-76.1304042123501,-76.115677940106,-76.10166852446022,-76.08854702545224,-76.07650984781061,-76.06577575582081,-76.05656178695037,-76.04902131816588,-76.04317528156307,-76.03909191883933,-76.03796039420303
5.925000000000226,-76.10306897315873,-76.1630616423497,-76.22359820431566,-76.27357122205392,-76.31082226031347,-76.33647660689238,-76.35246839161793,-76.36072420927138,-76.36291585440121,-76.36041366776593,-76.35430889104944,-76.34545601664576,-76.33451707059082,-76.32200163489782,-76.30830072459338,-76.29371457508694,-76.27847522531867,-76.26276464455911,-76.24672913760217,-76.23049094074754,-76.21415756030298,-76.19782914560169,-76.18160439166326,-76.16558529378774,-76.14988083421234,-76.13461005812704,-76.11990521491542,-76.10591543391996,-76.09281119592605,-76.08078824865402,-76.07006467811854,-76.06085695277886,-76.0533182425621,-76.04747002597831,-76.04338216006359,-76.04224566042922
5.930000000000227,-76.10711050325624,-76.16702574213053,-76.22749888714992,-76.27742595423581,-76.31464770284518,-76.34028656846088,-76.35627363802587,-76.36453285967936,-76.36673390760403,-76.36424549669628,-76.35815765609028,-76.3493239916637,-76.33840589114133,-76.32591248225522,-76.3122344590728,-76.29767183020626,-76.28245647192124,-76.26677023183336,-76.25075931600709,-76.23454587009498,-76.21823730490479,-76.2019336573724,-76.18573348114478,-76.1697385884681,-76.15405772337807,-76.13880962371168,-76.1241261488462,-76.11015594515428,-76.09706891573747,-76.08506015321717,-76.07434706748445,-76.06514556007774,-76.05760859526612,-76.05175819751781,-76.04766583559157,-76.04652437052829
5.935000000000228,-76.11114685915366,-76.17098470652004,-76.23139446544374,-76.28127559447772,-76.31846804763389,-76.34409141125722,-76.36007373306774,-76.36833631775082,-76.37054672160576,-76.36807203547929,-76.36200107721918,-76.35318656703168,-76.34228925487241,-76.32981781452295,-76.31616261928087,-76.30162345106031,-76.2864320234993,-76.27077006258104,-76.25478367566033,-76.23859491777894,-76.22231110431618,-76.20603215993822,-76.18985649712847,-76.17388574540095,-76.15822841106304,-76.14300292526964,-76.12834075831287,-76.1143900748191,-76.10132020177055,-76.08932557859151,-76.07862294118776,-76.06942762625496,-76.06189239377746,-76.05603981372337,-76.05194296296759,-76.05079654202716
5.940000000000229,-76.11517805197798,-76.17493854677163,-76.23528495053336,-76.28512015421452,-76.32228330623981,-76.34789114699129,-76.36386868862199,-76.37213459554634,-76.37435430865828,-76.37189329656456,-76.36583916708793,-76.35704375560731,-76.34616717485054,-76.33371764497939,-76.32008521871086,-76.30556945136063,-76.29040189398631,-76.27476415096133,-76.25880223095108,-76.24263809842289,-76.22637897339916,-76.21012466840399,-76.19397345496574,-76.17802678018724,-76.16239291311938,-76.14718997890398,-76.13254905966603,-76.11861783950505,-76.10556507084267,-76.09358454180061,-76.08289231642871,-76.07370316864846,-76.0661696555249,-76.06031489206565,-76.05621355966446,-76.05506219238146
5.945000000000229,-76.11920409282106,-76.17888727410241,-76.23917035371777,-76.2889596448431,-76.32609349018432,-76.35168578733325,-76.3676585165265,-76.37592770508486,-76.37815668097093,-76.3757092923582,-76.36967193830391,-76.36089557020274,-76.35003966409569,-76.33761198685522,-76.32400227080736,-76.30950984476905,-76.29436609726483,-76.27875251108154,-76.26281499621535,-76.24667542659589,-76.23044092696023,-76.21421119781766,-76.1980843699498,-76.1821617083684,-76.16655124533844,-76.15137080065551,-76.13675106919273,-76.12283925573777,-76.10980353970494,-76.09783705980044,-76.08715521033888,-76.07797220452659,-76.07044039786693,-76.06458344994452,-76.06047764308414,-76.05932133897578
5.95000000000023,-76.12322499273985,-76.18283089969329,-76.24305068625895,-76.2927940777225,-76.32989861095004,-76.35547534391372,-76.37144322857863,-76.379715658344,-76.38195385071073,-76.37952003522295,-76.3734994034302,-76.36474202358482,-76.35390673558155,-76.34150085333394,-76.32791378896664,-76.31344464489788,-76.29832464716694,-76.28273515699722,-76.26682198573637,-76.250706916813,-76.23449697975053,-76.21829176317068,-76.20218925731605,-76.18629054542676,-76.17070342345103,-76.15554540650328,-76.14094680311673,-76.12705433997843,-76.11403562504259,-76.10208314947988,-76.09141163998157,-76.08223475108849,-76.07470463809214,-76.06884550468955,-76.06473523055801,-76.06357399912415
5.955000000000231,-76.12724076275656,-76.18676943468911,-76.24692595938203,-76.29662346417408,-76.33369867998113,-76.359259828324,-76.37522283653553,-76.38349846726011,-76.38574583000259,-76.38332553747854,-76.37732157498577,-76.36858312847534,-76.35776840223569,-76.34538425755186,-76.33181978653683,-76.31737386531033,-76.30227755747437,-76.28671210271254,-76.27082321374476,-76.25473258353556,-76.23854714646627,-76.22236637939825,-76.20628813224238,-76.19041330678577,-76.17484946312787,-76.15971381236464,-76.14513627759895,-76.13126310862378,-76.11826134347525,-76.10632282766103,-76.09566162235221,-76.08649082546451,-76.07896239341954,-76.07310107356032,-76.06898633934728,-76.0678201900704
5.960000000000232,-76.13125141385875,-76.19070289019896,-76.25079618427537,-76.3004478154817,-76.33749370868348,-76.36303925211617,-76.37899735211424,-76.38727614372864,-76.38953263092947,-76.38712581140177,-76.38113846544582,-76.37241889755126,-76.36162467693993,-76.34926221259845,-76.33572027681815,-76.32129751952057,-76.30622484191879,-76.29068336218049,-76.27481869441881,-76.2587524411713,-76.242591441749,-76.22643506137965,-76.21038100984948,-76.1945300078104,-76.17898937997971,-76.16387603409594,-76.14931950873773,-76.1354655780068,-76.12248071155739,-76.11055611109954,-76.09990517437869,-76.09074044471654,-76.08321368099914,-76.0773501737469,-76.07323098664344,-76.07205992898865
5.965000000000233,-76.13525695699957,-76.1946312772961,-76.25466137209081,-76.30426714289186,-76.34128370842477,-76.3668136268033,-76.38276678699198,-76.39104869960421,-76.39331426553255,-76.3909208692268,-76.3849500872418,-76.37624934344488,-76.36547557253036,-76.35313473151659,-76.33961527306312,-76.32521562099406,-76.31016651418213,-76.29464894930311,-76.27880844188476,-76.26276650407483,-76.24662988018575,-76.23049782393848,-76.21446790520108,-76.19864066380737,-76.18312318955786,-76.16803208749252,-76.15349651256922,-76.1396617643969,-76.12669374577862,-76.11478301648506,-76.10414231292182,-76.0949836258385,-76.08745851791211,-76.08159282237017,-76.07746918956863,-76.07629323298357
5.970000000000233,-76.13925740309783,-76.1985546070183,-76.25852153394382,-76.30808145761397,-76.34506869053476,-76.37058296385972,-76.38653115280623,-76.39481614670083,-76.39709074581161,-76.39471072314525,-76.38875645276185,-76.3800744787442,-76.3693211017978,-76.35700182730272,-76.34350478847688,-76.32912818314782,-76.3141025878967,-76.29860887793185,-76.28279247021712,-76.26677478654781,-76.25066247630951,-76.234554681843,-76.21854883330435,-76.20274529002552,-76.18725090735437,-76.17218198828922,-76.15766730506765,-76.14385168400032,-76.13090046256413,-76.11900356044153,-76.10837305477561,-76.09922038575654,-76.09169692117135,-76.08582903648227,-76.08170096517605,-76.08052011909093
5.975000000000234,-76.14325276303813,-76.20247289036793,-76.26237668091363,-76.31189077082037,-76.34884866630537,-76.37434727472105,-76.39029046115498,-76.39857849679213,-76.40086208372497,-76.39849538530656,-76.39255757435076,-76.3838943159929,-76.37316127748778,-76.36086351290713,-76.34738883621735,-76.33303521935058,-76.31803307664553,-76.30256316186772,-76.2867707934388,-76.27077730283918,-76.25468924459935,-76.23860564980635,-76.22262380911008,-76.20684390165607,-76.1913725488024,-76.17632575216068,-76.16183190214576,-76.14803535296039,-76.13510087827493,-76.12321775952759,-76.11259741666773,-76.10345074132958,-76.09592890772178,-76.0900588330669,-76.08592633045032,-76.08474060427784
5.980000000000235,-76.14724304767115,-76.20638613831215,-76.26622682404344,-76.31569509364662,-76.35262364699098,-76.3781065707845,-76.39404472359686,-76.40233576161147,-76.40462829118987,-76.40227486781801,-76.3963534643104,-76.38770886769072,-76.37699611230094,-76.36471980123413,-76.3512674293955,-76.33693674292314,-76.32195799396263,-76.30651181486161,-76.29074342552151,-76.2747740671455,-76.25871019948076,-76.24265074248694,-76.22669284751305,-76.21093651383298,-76.19548812927653,-76.18046339472157,-76.16599031965502,-76.15221278735797,-76.13929500920831,-76.12742563023697,-76.11681541525977,-76.10767470934967,-76.10015449444076,-76.09428222903989,-76.09014530230787,-76.08895470544327
5.985000000000236,-76.15122826781361,-76.21029436178299,-76.27007197434051,-76.31949443719162,-76.3563936438084,-76.38186086340899,-76.39779395165144,-76.40608795285219,-76.40838938008261,-76.40604918274504,-76.40014413489976,-76.3915181462937,-76.38082561889318,-76.36857070514235,-76.3551405810756,-76.34083276713847,-76.32587735333313,-76.3104548506145,-76.29471038038595,-76.27876509361121,-76.26272535532598,-76.24668997448867,-76.23075596335228,-76.21502314163318,-76.199597664093,-76.18459493152707,-76.17014257338606,-76.1563840032117,-76.1434828715981,-76.13162718899869,-76.12102706714772,-76.1118923065423,-76.10437369813843,-76.09849924124936,-76.09435789759742,-76.0931624394184
5.9900000000002365,-76.15520843424851,-76.21419757167756,-76.27391214277641,-76.32328881251772,-76.36015866793731,-76.38561016391537,-76.40153815679923,-76.40983508216786,-76.41214536223872,-76.40981834211142,-76.40392959833525,-76.39532216421425,-76.38464980987585,-76.37241623744484,-76.35900830427532,-76.34472330522203,-76.32979116819364,-76.31439228277776,-76.29867167190207,-76.28275039632884,-76.26673472645413,-76.25072336036114,-76.23481317141143,-76.21910380007688,-76.20370116851018,-76.18872037807301,-76.17428867906892,-76.16054901647844,-76.14766448161507,-76.13582245217765,-76.12523238886229,-76.1161035495668,-76.10858653555813,-76.10270988647625,-76.09856413310018,-76.09736382296694
5.995000000000237,-76.15918355772531,-76.21809577885824,-76.2777473402871,-76.32707823065105,-76.3639187305202,-76.38935448358653,-76.40527735048207,-76.41357716117227,-76.41589624945317,-76.41358235789946,-76.40770986679091,-76.39912093382145,-76.38846869781605,-76.37625641090948,-76.36287061196617,-76.34860837035204,-76.3336994519324,-76.3183241249533,-76.3026273138893,-76.28672998933932,-76.27073832713164,-76.25475091460007,-76.23886448641885,-76.22317850412793,-76.20779865772865,-76.19283974979635,-76.17842865237344,-76.1647078430535,-76.15183985536723,-76.1400114360748,-76.12943139686924,-76.12030845501666,-76.11279302337675,-76.10691418143465,-76.10276402553043,-76.10155887278555
6.000000000000238,-76.16315364895999,-76.22198899415275,-76.28157757777315,-76.33086270258148,-76.36767384266258,-76.39309383366762,-76.40901154410308,-76.41731420143981,-76.41964205348056,-76.41734124205018,-76.41148495239851,-76.40291446744126,-76.39228229523673,-76.380091238259,-76.36672751707354,-76.35248797565961,-76.33760221788962,-76.32225039069392,-76.30657732011689,-76.29070388663224,-76.27473617157241,-76.2587726516475,-76.24290992304815,-76.22724726869404,-76.21189014689173,-76.19695306207534,-76.18256250890948,-76.16886049877105,-76.15600900890023,-76.14419415692754,-76.13362410756972,-76.12450703942,-76.11699317820512,-76.11111214277216,-76.10695759153577,-76.10574760550428
