0.0,-80.0,-80.0,-80.0,-80.0,-80.0,-80.0,-80.0,-80.0,-80.0,-80.0,-80.0,-80.0,-80.0,-80.0,-80.0,-80.0,-80.0,-80.0,-80.0,-80.0,-80.0,-80.0,-80.0,-80.0,-80.0,-80.0,-80.0,-80.0,-80.0,-80.0,-80.0,-80.0,-80.0,-80.0,-80.0,-80.0
0.005,-79.99850648698413,-79.99820683283549,-79.99810151220399,-79.99806727565982,-79.99805614602079,-79.99805252786662,-79.99805135159392,-79.99805096917085,-79.99805084483526,-79.99805080440916,-79.99805079126465,-79.99805078699058,-79.99805078560075,-79.99805078514882,-79.99805078500185,-79.99805078495405,-79.9980507849385,-79.99805078493345,-79.99805078493179,-79.99805078493128,-79.9980507849311,-79.99805078493104,-79.99805078493102,-79.99805078493102,-79.99805078493104,-79.99805078493108,-79.99805078493118,-79.99805078493156,-79.99805078493264,-79.998050784936,-79.9980507849462,-79.99805078497717,-79.9980507850713,-79.99805078535739,-79.99805078622686,-79.99805078848401
0.01,-79.9983683672117,-79.99739111899923,-79.99702580240657,-79.99689593918266,-79.99685011158282,-79.99683403932613,-79.99682843249535,-79.99682648554283,-79.99682581219382,-79.9968255801457,-79.99682550043053,-79.99682547312355,-79.99682546379313,-79.9968254606124,-79.99682545953036,-79.99682545916296,-79.99682545903843,-79.9968254589963,-79.99682545898206,-79.99682545897726,-79.99682545897564,-79.99682545897508,-79.99682545897491,-79.99682545897487,-79.99682545897493,-79.99682545897512,-79.99682545897566,-79.99682545897726,-79.99682545898175,-79.99682545899435,-79.99682545902955,-79.99682545912695,-79.99682545939397,-79.99682546011731,-79.99682546204751,-79.99682546649629
0.015000000000000001,-79.99834422885117,-79.99695284505304,-79.9963653970284,-79.99613179577618,-79.99604082547954,-79.9960059850802,-79.9959928225345,-79.99598790616577,-79.99598608754742,-79.99598542041105,-79.99598517745373,-79.99598508953792,-79.99598505790505,-79.99598504658087,-79.9959850425454,-79.99598504111326,-79.99598504060691,-79.99598504042851,-79.99598504036584,-79.9959850403439,-79.99598504033624,-79.99598504033358,-79.99598504033267,-79.99598504033241,-79.99598504033251,-79.99598504033303,-79.99598504033452,-79.99598504033854,-79.9959850403492,-79.99598504037733,-79.99598504045066,-79.99598504063948,-79.99598504111877,-79.99598504231525,-79.9959850452436,-79.99598505150985
0.02,-79.99833810613623,-79.99667245005085,-79.99591399474387,-79.99558807270651,-79.99545139211527,-79.99539524361028,-79.99537258036786,-79.99536357045415,-79.9953600353814,-79.99535866429501,-79.99535813790452,-79.99535793763273,-79.99535786205132,-79.99535783373437,-79.99535782319494,-79.99535781929562,-79.99535781786084,-79.99535781733553,-79.9953578171441,-79.9953578170746,-79.99535781704951,-79.9953578170405,-79.99535781703732,-79.99535781703632,-79.99535781703636,-79.99535781703739,-79.99535781704037,-79.9953578170481,-79.99535781706767,-79.99535781711661,-79.99535781723746,-79.9953578175317,-79.99535781823676,-79.99535781989633,-79.99535782372453,-79.995357831542
0.024999999999999998,-79.99833550435095,-79.99646607968867,-79.99557244008332,-79.99516741738668,-79.99498815900363,-79.99491047809289,-79.99487743989872,-79.99486362043417,-79.99485792501876,-79.99485560869768,-79.99485467780666,-79.99485430769367,-79.99485416196438,-79.9948541050894,-79.99485408307058,-79.9948540746088,-79.99485407137891,-79.99485407015375,-79.9948540696917,-79.99485406951838,-79.9948540694537,-79.9948540694297,-79.99485406942094,-79.994854069418,-79.99485406941763,-79.99485406941929,-79.99485406942432,-79.99485406943697,-79.99485406946778,-79.9948540695417,-79.99485406971654,-79.99485407012426,-79.99485407106015,-79.99485407317187,-79.99485407784908,-79.99485408714341
0.029999999999999995,-79.99833384932539,-79.99629924478957,-79.99529313123145,-79.9948193846528,-79.99460117379888,-79.99450267380061,-79.99445902338434,-79.99444000197894,-79.99443183901325,-79.99442838446237,-79.9944269410152,-79.99442634487572,-79.99442610128857,-79.99442600272938,-79.99442596320974,-79.99442594749515,-79.99442594129447,-79.99442593886529,-79.99442593791994,-79.99442593755435,-79.99442593741378,-79.9944259373601,-79.99442593733988,-79.9944259373327,-79.99442593733114,-79.99442593733336,-79.9944259373409,-79.99442593735958,-79.99442593740373,-79.99442593750614,-79.99442593774046,-79.99442593826934,-79.99442593944583,-79.9944259420234,-79.99442594758192,-79.9944259585055
0.034999999999999996,-79.99833259434892,-79.99615649299169,-79.99505259889598,-79.99451757948194,-79.99426349481199,-79.99414509385018,-79.99409088372967,-79.99406646585442,-79.99405563257527,-79.9940508931712,-79.99404884649046,-79.99404797320994,-79.99404760472932,-79.99404745085013,-79.99404738720484,-79.99404736111556,-79.99404735051006,-79.99404734623235,-79.99404734451947,-79.99404734383832,-79.99404734356919,-79.99404734346362,-79.9940473434227,-79.99404734340752,-79.99404734340338,-79.99404734340585,-79.99404734341627,-79.99404734344205,-79.99404734350156,-79.99404734363615,-79.99404734393657,-79.99404734459873,-79.99404734604019,-79.99404734913897,-79.9940473557191,-79.99404736869191
0.04,-79.99833157380094,-79.99603025050423,-79.99483873341359,-79.99424782275362,-79.9939602771702,-79.9938228221026,-79.99375820309827,-79.99372829719762,-79.99371465830886,-79.99370852307003,-79.99370579851626,-79.99370460307657,-79.993704084442,-79.99370386180028,-79.99370376716557,-79.99370372731272,-79.99370371067555,-79.99370370378682,-79.99370370095644,-79.99370369980196,-79.99370369933436,-79.99370369914632,-79.99370369907155,-79.99370369904285,-79.99370369903394,-79.99370369903602,-79.99370369904956,-79.99370369908354,-79.99370369916083,-79.99370369933246,-79.99370369970872,-79.993703700525,-79.99370370227845,-79.99370370600988,-79.99370371388395,-79.99370372963905
0.045000000000000005,-79.99833071265824,-79.99591643910067,-79.99464488800434,-79.99400215878524,-79.99368304620748,-79.99352725435894,-79.9934523939451,-79.99341695689255,-79.99340041719032,-79.99339279976199,-79.99338933537564,-79.99338777837104,-79.99338708639695,-79.99338678209854,-79.99338664961061,-79.99338659246793,-79.99338656804048,-79.99338655768574,-79.99338655333123,-79.99338655151381,-79.99338655076079,-79.99338655045109,-79.99338655032506,-79.99338655027529,-79.99338655025845,-79.9933865502591,-79.99338655027597,-79.99338655031947,-79.99338655041774,-79.99338655063322,-79.99338655110029,-79.99338655210421,-79.9933865542467,-79.99338655879124,-79.99338656838523,-79.99338658800775
0.05000000000000001,-79.99832996769366,-79.99581263631364,-79.99446712472887,-79.99377584462492,-79.99342670820393,-79.99325318632445,-79.99316824380593,-79.99312725502939,-79.99310774298296,-79.99309857348682,-79.99309431670984,-79.9930923633573,-79.99309147681139,-79.99309107862604,-79.99309090154907,-79.99309082353942,-79.99309078947913,-79.99309077473377,-79.99309076840166,-79.99309076570334,-79.99309076456203,-79.99309076408292,-79.99309076388383,-79.9930907638032,-79.99309076377429,-79.99309076377205,-79.99309076379238,-79.9930907638472,-79.9930907639708,-79.99309076424,-79.99309076481988,-79.99309076606116,-79.99309076870615,-79.99309077432396,-79.9930907862339,-79.9930908111823
0.055000000000000014,-79.99832931128327,-79.99571725608132,-79.9943029018659,-79.99356583441808,-79.99318799229013,-79.99299727093754,-79.99290239584231,-79.99285584723576,-79.99283330645068,-79.99282252639408,-79.99281743162433,-79.99281505081372,-79.99281395015463,-79.99281344650717,-79.9928132182876,-79.99281311583398,-79.99281307024756,-79.99281305013565,-79.99281304133437,-79.9928130375126,-79.9928130358655,-79.99281303516103,-79.99281303486268,-79.99281303473919,-79.99281303469294,-79.99281303468594,-79.99281303470997,-79.99281303477848,-79.99281303493348,-79.99281303527013,-79.99281303599358,-79.99281303754124,-79.99281304084366,-79.99281304788182,-79.99281306288113,-79.99281309498544
0.06000000000000002,-79.99832872482033,-79.99562916465128,-79.99415043296534,-79.99337000975483,-79.99296463591605,-79.9927571983631,-79.99265253553571,-79.99260042853331,-79.99257481377487,-79.9925623731933,-79.99255640020262,-79.99255356378094,-79.9925522309042,-79.99255161082195,-79.99255132510402,-79.99255119465724,-79.9925511356226,-79.99255110913036,-79.99255109733745,-79.99255109212847,-79.99255108984488,-79.9925510888514,-79.99255108842331,-79.99255108824266,-79.9925510881727,-79.99255108815866,-79.99255108818672,-79.99255108827214,-79.9925510884667,-79.99255108888929,-79.99255108979733,-79.99255109174196,-79.99255109590135,-79.99255110479669,-79.9925511238335,-79.9925511652696
0.06500000000000002,-79.99832819526229,-79.99554749192602,-79.99400836527667,-79.99318678329551,-79.99275495579076,-79.99253125745709,-79.99241695228368,-79.99235929749815,-79.9923305729546,-79.99231642889752,-79.99230954188893,-79.99230622418604,-79.99230464223184,-79.99230389529079,-79.99230354591712,-79.99230338397084,-79.99230330955146,-79.9923032756371,-79.99230326030487,-79.9923032534266,-79.99230325036396,-79.99230324901062,-79.9923032484182,-79.99230324816389,-79.99230324806274,-79.99230324803897,-79.99230324807165,-79.99230324817822,-79.992303248423,-79.99230324895542,-79.99230325010036,-79.99230325255562,-79.99230325781718,-79.99230326909425,-79.99230329327892,-79.99230334652222
0.07000000000000002,-79.99832771312386,-79.99547153437283,-79.99387561330488,-79.99301489058645,-79.99255761894987,-79.99231809886001,-79.99219430074173,-79.99213111811824,-79.99209925658631,-79.9920833723021,-79.99207553936255,-79.99207171689761,-79.99206987012373,-79.99206898640898,-79.99206856741861,-79.99206837051888,-79.99206827877389,-79.99206823637495,-79.99206821693505,-79.99206820808962,-79.99206820409464,-79.99206820230393,-79.99206820150864,-79.99206820116198,-79.99206820102108,-79.99206820098455,-79.99206820102276,-79.99206820115596,-79.99206820146446,-79.9920682021365,-79.9920682035826,-79.99206820668559,-79.99206821333908,-79.99206822760392,-79.99206825818814,-79.99206832595202
0.07500000000000002,-79.99832727126459,-79.99540070242617,-79.99375126936098,-79.9928532777674,-79.99237151821076,-79.99211660499087,-79.99198346901153,-79.99191478777034,-79.99187977012514,-79.9918621145611,-79.99185330732763,-79.99184895862892,-79.99184683233227,-79.99184580241459,-79.99184530804337,-79.9918450727965,-79.9918449617886,-79.99184490982796,-79.99184488569504,-79.99184487457082,-79.9918448694806,-79.99184486716884,-79.99184486612845,-79.99184486566865,-79.99184486547838,-79.99184486542573,-79.99184486547077,-79.99184486563746,-79.9918448660262,-79.9918448668739,-79.99184486869757,-79.99184487260824,-79.99184488098491,-79.9918448989151,-79.99184493726501,-79.99184502243077
0.08000000000000003,-79.99832686414001,-79.99533449026208,-79.99363455319893,-79.99270103879832,-79.99219570249647,-79.9919258170213,-79.99178350428282,-79.99170936250879,-79.9916711771993,-79.99165172461863,-79.99164191804509,-79.99163702353135,-79.99163460399993,-79.99163341892395,-79.99163284360795,-79.99163256668803,-79.99163243449068,-79.99163237188161,-79.99163234245667,-79.99163232873006,-79.99163232237308,-79.99163231945084,-79.99163231811961,-79.99163231752385,-79.99163231727358,-79.99163231720124,-79.99163231725488,-79.99163231746338,-79.99163231795212,-79.99163231901781,-79.99163232130729,-79.99163232620701,-79.99163233667497,-79.99163235900706,-79.99163240657289,-79.99163251211698
0.08500000000000003,-79.99832648732942,-79.9952724572276,-79.9935247819976,-79.9925573786883,-79.99202933632127,-79.99174489247078,-79.99159356959927,-79.99151401354479,-79.99147265604034,-79.99145138566853,-79.99144055783202,-79.99143509972242,-79.99143237420273,-79.99143102548193,-79.99143036386292,-79.99143004201956,-79.99142988672352,-79.99142981237435,-79.99142977704754,-79.99142976038486,-79.99142975258181,-79.99142974895446,-79.9914297472833,-79.99142974652685,-79.99142974620497,-79.99142974610912,-79.99142974617367,-79.99142974643388,-79.99142974704561,-79.99142974837778,-79.99142975123253,-79.99142975732194,-79.99142977028023,-79.99142979779575,-79.99142985608032,-79.99142998500402
0.09000000000000004,-79.9983261372302,-79.99521421559079,-79.99342135125156,-79.99242159067038,-79.99187167501415,-79.99157307945659,-79.99141291766395,-79.99132800087861,-79.9912834730664,-79.99126036873673,-79.99124850065543,-79.99124246288962,-79.99123941956022,-79.99123789917452,-79.99123714610619,-79.99123677617202,-79.99123659589154,-79.9912365087101,-79.99123646686364,-79.99123644692254,-79.99123643748726,-79.99123643305529,-79.99123643099205,-79.9912364300483,-79.99123642964231,-79.99123642951896,-79.99123642959727,-79.99123642992066,-79.99123643068158,-79.99123643233466,-79.99123643586427,-79.99123644336053,-79.99123645923274,-79.99123649274348,-79.99123656327146,-79.99123671853681
0.09500000000000004,-79.99832581085425,-79.99515942188552,-79.9933237217292,-79.99229304106592,-79.9917220486183,-79.99140970015898,-79.99124087411678,-79.9911506565022,-79.99110296605988,-79.99107801585359,-79.99106509130515,-79.99105845946482,-79.99105508741054,-79.99105338780386,-79.99105253835752,-79.99105211725532,-79.99105191013406,-79.99105180903177,-79.99105176004244,-79.99105173647357,-79.99105172521384,-79.99105171987337,-79.99105171736296,-79.9910517162036,-79.99105171570012,-79.99105171554511,-79.99105171564062,-79.99105171604025,-79.99105171697961,-79.9910517190134,-79.99105172333641,-79.99105173247024,-79.99105175169755,-79.99105179203127,-79.9910518763208,-79.99105206079496
0.10000000000000005,-79.99832550568814,-79.99510777041765,-79.9932314099641,-79.99217115854562,-79.99157985071348,-79.99125413951084,-79.99107682619241,-79.99098137305235,-79.99093053282073,-79.9909037287066,-79.99088973404527,-79.99088249527392,-79.99087878445829,-79.99087689853468,-79.99087594800393,-79.99087547275289,-79.99087523696932,-79.99087512086497,-79.9908750641066,-79.99087503655497,-79.99087502327338,-79.99087501691656,-79.99087501390123,-79.99087501249632,-79.99087501188113,-79.99087501169018,-79.99087501180692,-79.99087501229728,-79.99087501344722,-79.99087501592636,-79.99087502116889,-79.9908750321813,-79.9908750552158,-79.9908751032027,-79.99087520274014,-79.99087541914956
0.10500000000000005,-79.99832521959358,-79.99505898815508,-79.99314398091961,-79.9920554260229,-79.99144453014287,-79.99110583694925,-79.99092021452718,-79.99081959565731,-79.99076562303259,-79.99073696051309,-79.99072188448683,-79.99071402740714,-79.99070996864221,-79.99070788975978,-79.99070683366362,-79.99070630138473,-79.99070603515686,-79.99070590298025,-79.99070583782606,-79.99070580593252,-79.99070579042719,-79.99070578294265,-79.99070577936217,-79.99070577768022,-79.99070577693834,-79.99070577670702,-79.9907057768496,-79.99070577744665,-79.99070577884186,-79.99070578183522,-79.99070578812936,-79.99070580126846,-79.99070582856663,-79.99070588502717,-79.99070600124577,-79.99070625214028
0.11000000000000006,-79.99832495073446,-79.9950128305619,-79.9930610420764,-79.99194537421508,-79.99131558453898,-79.99096428004206,-79.99077052688489,-79.99066481572653,-79.99060773208485,-79.99057720985478,-79.99056104342468,-79.99055255805426,-79.99054814296797,-79.99054586493057,-79.99054469901498,-79.9905441069353,-79.99054380852499,-79.99054365922002,-79.99054358504479,-79.99054354844733,-79.99054353051275,-79.99054352178598,-79.99054351757789,-79.99054351558597,-79.9905435147017,-79.9905435144255,-79.99054351459901,-79.99054351532001,-79.99054351699748,-79.99054352057739,-79.99054352805975,-79.99054354357763,-79.99054357559449,-79.99054364132873,-79.99054377559106,-79.99054406331749
0.11500000000000006,-79.99832469752174,-79.99496907811708,-79.99298223851245,-79.99184057632776,-79.9911925550311,-79.99082899932539,-79.9906272931114,-79.99051656598073,-79.99045639614232,-79.9904240157639,-79.9904067519283,-79.99039762959508,-79.99039285059636,-79.99039036764324,-79.99038908788108,-79.99038843333713,-79.99038810105363,-79.99038793358126,-79.9903878497633,-79.99038780809829,-79.99038778752605,-79.99038777743984,-79.99038777253963,-79.99038777020351,-79.99038776916045,-79.99038776883474,-79.99038776904479,-79.99038776990811,-79.99038777190678,-79.99038777614832,-79.99038778495847,-79.99038780310836,-79.99038784029204,-79.99038791607074,-79.99038806965508,-79.99038839633951
0.12000000000000006,-79.99832445857112,-79.99492753335538,-79.99290724871788,-79.99174064354561,-79.9910750217782,-79.99069956397149,-79.99049008092258,-79.99037441631863,-79.99031118805468,-79.99027695365204,-79.99025858727695,-79.9902488205349,-79.99024367077746,-79.99024097757109,-79.99023958016063,-79.99023886060061,-79.9902384928036,-79.99023830614442,-79.99023821206733,-79.99023816497075,-79.99023814155022,-79.99023812998504,-79.9902381243264,-79.99023812161064,-79.99023812039177,-79.99023812001182,-79.9902381202644,-79.99023812128945,-79.99023812364987,-79.99023812863014,-79.99023813890922,-79.99023815994272,-79.99023820272993,-79.99023828928718,-79.99023846337747,-79.99023883091509
0.12500000000000006,-79.99832423266905,-79.9948880183228,-79.99283578098125,-79.99164522113493,-79.99096260011382,-79.99057557806155,-79.99035849229219,-79.99023797028222,-79.99017171386498,-79.99013563183892,-79.9901161594961,-79.99010574204253,-79.99010021538751,-79.99009730700001,-79.99009578836223,-79.99009500134743,-79.99009459644945,-79.99009438960579,-79.99009428466024,-79.99009423176871,-79.99009420528773,-79.99009419212219,-79.99009418563715,-79.99009418250522,-79.99009418109293,-79.9900941806539,-79.99009418095537,-79.99009418216238,-79.99009418492635,-79.99009419072374,-79.99009420261307,-79.99009422677783,-79.99009427558994,-79.99009437361738,-79.99009456929647,-79.99009497934776
0.13000000000000006,-79.99832401874615,-79.99485037237133,-79.99276757023786,-79.99155398503287,-79.99085493716929,-79.99045667732364,-79.99023216029619,-79.99010686197421,-79.99003760976943,-79.98999968853299,-79.9899791083463,-79.9899680349412,-79.98996212591972,-79.989958997818,-79.98995735459259,-79.98995649779806,-79.98995605426643,-79.98995582626435,-79.98995570984944,-79.98995565080126,-79.98995562104679,-79.9899556061579,-79.98995559877717,-79.98995559519153,-79.98995559356763,-79.98995559306454,-79.98995559342158,-79.98995559483146,-79.98995559804166,-79.9899556047352,-79.98995561837512,-79.98995564591276,-79.98995570115248,-79.98995581129516,-79.98995602954069,-79.98995648353278
0.13500000000000006,-79.99832381585513,-79.99481445023696,-79.99270237530227,-79.99146663883747,-79.99075170888631,-79.99034252624513,-79.99011074632119,-79.98998075333424,-79.98990853943371,-79.9898687891683,-79.98984710066885,-79.98983536705695,-79.9898290708323,-79.98982571886249,-79.9898239479032,-79.98982301911751,-79.9898225354757,-79.98982228536659,-79.98982215689122,-79.98982209132733,-79.98982205808599,-79.98982204134963,-79.9898220330027,-79.9898220289249,-79.9898220270707,-79.98982202649847,-79.98982202691798,-79.98982202855208,-79.98982203225177,-79.9898220399205,-79.98982205544921,-79.98982208659349,-79.98982214864247,-79.9898222714957,-79.98982251317857,-79.98982301231075
0.14000000000000007,-79.99832362315283,-79.99478012035776,-79.99263997642657,-79.99138291113641,-79.99065261735603,-79.990232815497,-79.9899939375739,-79.98985933171039,-79.98978419160208,-79.9897426240334,-79.98971982802352,-79.98970743085943,-79.98970074318987,-79.98969716356115,-79.98969526193011,-79.98969425905462,-79.98969373388323,-79.98969346074507,-79.98969331962908,-79.98969324719384,-79.98969321025255,-79.98969319154374,-79.9896931821591,-79.98969317754995,-79.9896931754463,-79.98969317479967,-79.98969317528865,-79.98969317716873,-79.98969318140136,-79.98969319012376,-79.98969320767635,-79.98969324265175,-79.98969331186852,-79.98969344797614,-79.98969371386073,-79.9896942591132
0.14500000000000007,-79.99832343988551,-79.99474726339774,-79.99258017313876,-79.99130255312701,-79.99055738843848,-79.99012725962427,-79.98988144484673,-79.98974230768064,-79.9896642779539,-79.98962090614678,-79.98959700457284,-79.98958394134931,-79.98957685855152,-79.9895730478194,-79.98957101278103,-79.9895699338285,-79.98956936576586,-79.9895690687044,-79.98956891437953,-79.98956883472154,-79.989568793868,-79.98956877306124,-79.98956876256656,-79.98956875738615,-79.98956875501347,-79.98956875428705,-79.9895687548526,-79.98956875700053,-79.98956876180956,-79.98956877166295,-79.98956879137062,-79.98956883039108,-79.98956890710964,-79.98956905696312,-79.98956934770932,-79.98956993985396
0.15000000000000008,-79.99832326537634,-79.99471577094775,-79.99252278232399,-79.99122533648952,-79.99046576962566,-79.99002559496779,-79.9897730005049,-79.98962941309043,-79.98954853117328,-79.98950336934442,-79.98947836517824,-79.98946463415807,-79.98945715307126,-79.98945310812091,-79.98945093713515,-79.98944978022801,-79.98944916797035,-79.98944884611983,-79.98944867803068,-79.98944859080339,-79.98944854582653,-79.98944852279614,-79.9894485111185,-79.98944850532631,-79.98944850266463,-79.98944850185283,-79.98944850250206,-79.98944850493976,-79.98944851036825,-79.9894485214284,-79.98944854341765,-79.98944858668568,-79.98944867121462,-79.98944883525303,-79.98944915141932,-79.98944979103234
0.15500000000000008,-79.9983230990152,-79.99468554438005,-79.99246763651796,-79.99115105148272,-79.99037752811903,-79.98992757778896,-79.98966835666805,-79.98952039927917,-79.9894367032051,-79.98938976655258,-79.98936366368133,-79.98934926383262,-79.98934138178392,-79.98933709981327,-79.9893347905286,-79.98933355389666,-79.98933289619802,-79.98933254872188,-79.98933236632652,-79.98933227118891,-79.98933222187934,-79.98933219649967,-79.98933218356571,-79.98933217712074,-79.98933217414971,-79.9893321732468,-79.98933217398671,-79.989332176736,-79.9893321828264,-79.98933219516712,-79.98933221955923,-79.98933226726513,-79.98933235988702,-79.98933253849773,-79.9893328805453,-79.98933356802074
0.1600000000000001,-79.99832294024992,-79.9946564938364,-79.99241458238636,-79.9910795052358,-79.99029244909656,-79.9898329825746,-79.98956728356406,-79.9894150354742,-79.98932856367578,-79.9892798682243,-79.98925267134838,-79.98923760228337,-79.98922931705428,-79.9892247955573,-79.98922234580338,-79.98922102778127,-79.98922032345311,-79.98921994954436,-79.989219752315,-79.98921964893209,-79.9892195950825,-79.98921956722832,-79.9892195529643,-79.98921954582518,-79.98921954252411,-79.98921954152414,-79.98921954236167,-79.98921954544404,-79.98921955223801,-79.98921956593074,-79.98921959284127,-79.98921964516263,-79.98921974613398,-79.98921993965375,-79.9892203079514,-79.98922104351513
0.1650000000000001,-79.99832278857902,-79.99462853733274,-79.99236347936795,-79.99101052021362,-79.99021033414833,-79.98974160050199,-79.98946956803601,-79.98931310733336,-79.98922389846037,-79.9891734609211,-79.98914517545965,-79.9891294373771,-79.98912074717116,-79.98911598392141,-79.98911339170157,-79.98911199072592,-79.98911123863645,-79.98911083751793,-79.98911062494142,-79.9891105129847,-79.98911045439024,-79.98911042393682,-79.98911040826898,-79.98911040039394,-79.9891103967419,-79.98911039563869,-79.98911039658056,-79.98911040001717,-79.98911040755532,-79.98911042266887,-79.98911045220724,-79.9891105093087,-79.98911061886,-79.98911082757667,-79.98911122240598,-79.98911200613003
0.1700000000000001,-79.99832264354541,-79.99460159996555,-79.99231419846208,-79.99094393283643,-79.99013099986263,-79.98965323804705,-79.98937501218639,-79.98921441562064,-79.98912250838026,-79.9890703460242,-79.98904097802817,-79.98902457165914,-79.989015475071,-79.98901046810539,-79.98900773158888,-79.98900624619533,-79.9890054452687,-79.98900501619316,-79.98900478777131,-79.98900466691917,-79.98900460337777,-79.98900457020126,-79.98900455305576,-79.98900454440285,-79.98900454037862,-79.98900453916579,-79.98900454021846,-79.98900454402997,-79.98900455235167,-79.98900456895196,-79.98900460122124,-79.98900466325422,-79.98900478159041,-79.98900500574484,-79.9890054273059,-79.98900625912245
0.1750000000000001,-79.99832250473126,-79.99457561320746,-79.99226662114378,-79.99087959223675,-79.99005427654656,-79.9895677157212,-79.98928343214422,-79.98911877500117,-79.98902420801844,-79.98897033856228,-79.9889398946341,-79.9889228211912,-79.98891331717707,-79.98890806477999,-79.98890518229447,-79.98890361111428,-79.98890276032952,-79.98890230257955,-79.98890205782948,-79.98890192776757,-79.98890185908016,-79.98890182305772,-79.9889018043609,-79.98890179488797,-79.9889017904701,-79.98890178914105,-79.9889017903107,-79.98890179451719,-79.98890180366047,-79.9889018218103,-79.98890185690695,-79.98890192400968,-79.98890205131076,-79.98890229109907,-79.98890273951616,-79.9889036192314
0.1800000000000001,-79.99832237175336,-79.99455051428117,-79.9922206383919,-79.99081735913873,-79.989980007067,-79.98948486692333,-79.98919465694289,-79.98902601294354,-79.98892882463963,-79.98887326614322,-79.98884175336336,-79.98882401449318,-79.98881410234262,-79.98880860303058,-79.98880557305434,-79.98880391481111,-79.98880301320096,-79.9888025260888,-79.98880226454311,-79.98880212496458,-79.98880205093542,-79.9888020119454,-79.9888019916239,-79.98880198128869,-79.9888019764555,-79.98880197500343,-79.9888019762959,-79.98880198091676,-79.98880199091812,-79.98880201067703,-79.98880204869081,-79.98880212098848,-79.98880225741024,-79.9888025129862,-79.98880298831367,-79.9888039156209
0.1850000000000001,-79.99832224425937,-79.99452624560209,-79.99217614981738,-79.99075710484674,-79.9899080457999,-79.98940453689582,-79.98910852749756,-79.98893596871869,-79.98883619720577,-79.9887789679802,-79.9887463938396,-79.98872799157836,-79.98871767088758,-79.98871192339432,-79.9887087445486,-79.98870699805477,-79.98870604470434,-79.98870552757161,-79.98870524877847,-79.98870509938422,-79.98870501982111,-79.98870497774325,-79.98870495572405,-79.98870494448431,-79.988704939214,-79.98870493763181,-79.98870493905255,-79.98870494410643,-79.98870495500078,-79.98870497642496,-79.98870501743882,-79.98870509504371,-79.98870524071873,-79.98870551219623,-79.98870601442425,-79.98870698891668
0.1900000000000001,-79.99832212192443,-79.99450275428146,-79.99213306288055,-79.9906987103317,-79.98983825767651,-79.98932658177394,-79.98902489567259,-79.98884849248617,-79.98874617547686,-79.98868729400226,-79.98865366634071,-79.98863460307295,-79.9886238737194,-79.98861787698146,-79.98861454802308,-79.98861271217629,-79.98861170622165,-79.98861115843893,-79.98861086196212,-79.988610702461,-79.98861061717544,-79.98861057189104,-79.9886105481016,-79.98861053591511,-79.98861053018572,-79.98861052846608,-79.98861053002017,-79.98861053552487,-79.98861054734543,-79.98861057048755,-79.98861061457774,-79.98861069758958,-79.98861085262814,-79.98861114008383,-79.98861166914403,-79.98861269032658
0.19500000000000012,-79.99832200444837,-79.99447999168288,-79.99209129218735,-79.99064206540488,-79.98977051731723,-79.98925086771975,-79.98894362343005,-79.98876344445918,-79.98865861918917,-79.98859810404153,-79.98856343099136,-79.9885437094116,-79.98853257153002,-79.98852632467293,-79.98852284448674,-79.98852091826637,-79.98851985889299,-79.98851927985932,-79.98851896527823,-79.98851879538717,-79.98851870419452,-79.98851865558656,-79.98851862995498,-79.9885186167796,-79.98851861056905,-79.98851860870437,-79.9885186103964,-79.98851861636886,-79.98851862914707,-79.98851865405632,-79.98851870129235,-79.98851878979865,-79.9885189542899,-79.98851925776573,-79.98851981353675,-79.9885208808373
0.20000000000000012,-79.99832189155316,-79.99445791302587,-79.99205075885598,-79.99058706796997,-79.98970470824389,-79.98917727013226,-79.98886458205193,-79.988680694141,-79.98857339730344,-79.98851126708966,-79.98847555702449,-79.98845518010154,-79.98844363406137,-79.98843713638638,-79.98843350397813,-79.98843148644163,-79.9884303728828,-79.98842976202515,-79.98842942893468,-79.98842924837874,-79.98842915109842,-79.98842909905164,-79.98842907150669,-79.98842905730045,-79.98842905058657,-79.98842904856903,-79.98842905040311,-79.98842905685939,-79.98842907062485,-79.9884290973469,-79.98842914779166,-79.98842924186813,-79.98842941588119,-79.98842973538704,-79.98843031769977,-79.98843143047962
0.20500000000000013,-79.99832178298085,-79.99443647703096,-79.99201138994628,-79.99053362334544,-79.98964072216307,-79.98910567292636,-79.98878765142867,-79.98860011962597,-79.98849038731662,-79.98842666061691,-79.98838992210504,-79.98836889304911,-79.98835693943326,-79.98835019040456,-79.98834640489386,-79.98834429517312,-79.98834312670839,-79.98834248348102,-79.98834213149142,-79.98834194000388,-79.9883418364594,-79.98834178086051,-79.98834175133167,-79.98834173605282,-79.98834172881337,-79.98834172663491,-79.98834172861469,-79.98834173556983,-79.98834175035029,-79.98834177892725,-79.9883418326372,-79.98834193234825,-79.98834211593339,-79.98834245144963,-79.9883430600922,-79.98834421765572
0.21000000000000013,-79.99832167849158,-79.99441564560165,-79.99197311794492,-79.99048164365009,-79.98957845831333,-79.98903596787422,-79.98871271940803,-79.98852160695915,-79.98840947463069,-79.98834416994794,-79.98830641171025,-79.98828473394249,-79.9882723735273,-79.98826537276003,-79.98826143337347,-79.98825923067135,-79.98825800662469,-79.98825733050846,-79.98825695924518,-79.98825675656757,-79.9882566465867,-79.98825658732432,-79.98825655574198,-79.98825653934898,-79.98825653156166,-79.98825652921398,-79.98825653134256,-79.98825653881069,-79.98825655463202,-79.9882565851025,-79.9882566421278,-79.988256747527,-79.98825694071685,-79.98825729219679,-79.98825792691945,-79.988259128523
0.21500000000000014,-79.99832157786199,-79.99439538353894,-79.99193588030049,-79.99043104724495,-79.98951782287018,-79.98896805400308,-79.98863968119873,-79.98844504954906,-79.98833055197407,-79.98826368768935,-79.98822491856109,-79.98820259568546,-79.98818982942204,-79.98818257667068,-79.98817848273525,-79.98817618632198,-79.98817490606024,-79.98817419656189,-79.98817380566534,-79.9881735915474,-79.98817347496217,-79.98817341192705,-79.98817337822246,-79.9881733606741,-79.98817335231662,-79.98817334979114,-79.98817335207113,-79.98817336006532,-79.98817337695151,-79.9881734093507,-79.98817346973537,-79.98817358086602,-79.98817378367671,-79.98817415104905,-79.9881748115686,-79.98817605642871
0.22000000000000014,-79.99832148088379,-79.9943756582848,-79.99189961900326,-79.99038175822663,-79.98945872840316,-79.98890183704431,-79.9885684388236,-79.98837034762883,-79.98825351887005,-79.98818511320378,-79.9881453421002,-79.9881223778777,-79.98810920687443,-79.98810170202188,-79.98809745295857,-79.98809506216834,-79.98809372509939,-79.98809298175081,-79.98809257087608,-79.98809234507574,-79.98809222172251,-79.98809215480756,-79.98809211891292,-79.9880921001683,-79.98809209121838,-79.98809208850629,-79.98809209093977,-79.9880920994721,-79.98809211744525,-79.9880921518049,-79.98809221558714,-79.98809233248278,-79.9880925449152,-79.98809292808633,-79.98809361409033,-79.9880949013912
0.22500000000000014,-79.99832138736241,-79.99435643969119,-79.99186428020487,-79.99033370596601,-79.98940109338024,-79.98883722892867,-79.98849890061797,-79.98829740776118,-79.98817828114852,-79.9881083521268,-79.98806758801219,-79.98804398633706,-79.98803041184325,-79.98802265489044,-79.98801825020814,-79.98801576443569,-79.98801437000681,-79.98801359236424,-79.98801316118077,-79.98801292346411,-79.98801279318359,-79.9880127222839,-79.98801268413244,-79.98801266415107,-79.98801265458637,-79.98801265167866,-79.98801265426718,-79.9880126633487,-79.98801268242907,-79.98801271877764,-79.98801278598998,-79.98801290867495,-79.98801313071583,-79.98801352957209,-79.98801424072285,-79.98801556962304
0.23000000000000015,-79.99832129711594,-79.99433769981215,-79.99182981387355,-79.99028682468862,-79.98934484171465,-79.98877414732401,-79.98843098076891,-79.98822614238345,-79.98810475049673,-79.98803331592235,-79.98799156778233,-79.98796733266035,-79.98795335605098,-79.9879453471071,-79.98794078639665,-79.987938205094,-79.98793675279009,-79.9879359404333,-79.98793548862463,-79.98793523876574,-79.98793510140301,-79.9879350264159,-79.98793498594189,-79.98793496468366,-79.98793495448199,-79.98793495136933,-79.98793495411391,-79.98793496375465,-79.98793498396066,-79.9879350223234,-79.98793509299297,-79.98793522148299,-79.98793545310608,-79.9879358675158,-79.98793660345402,-79.98793797309274
0.23500000000000015,-79.99832120997402,-79.99431941271598,-79.99179617348175,-79.99024105309228,-79.98928990235065,-79.98871251521092,-79.98836459889202,-79.98815646938905,-79.98803284404596,-79.98795992147356,-79.98791719829025,-79.98789233381878,-79.98787795658038,-79.98786969585355,-79.9878649787822,-79.9878623014554,-79.98786079079731,-79.98785994332879,-79.98785947059217,-79.98785920837307,-79.98785906377759,-79.98785898460267,-79.98785894174148,-79.98785891916671,-79.98785890830585,-79.9878589049788,-79.98785890787987,-79.98785891808889,-79.98785893943712,-79.98785897983619,-79.98785905398498,-79.9878591882877,-79.98785942945483,-79.98785985927042,-79.98786061961856,-79.98786202912115
0.24000000000000016,-79.99832112577701,-79.99430155431573,-79.99176331572211,-79.99019633399806,-79.98923620888417,-79.98865226049351,-79.98829967964205,-79.98808831174199,-79.98796248399067,-79.98788809070564,-79.9878444014356,-79.98781891178548,-79.98780413550293,-79.98779562329156,-79.98779074959747,-79.98778797580351,-79.98778640634639,-79.9877855233905,-79.98778502943655,-79.98778475464702,-79.98778460267263,-79.98778451921179,-79.98778447389991,-79.98778444996941,-79.98778443842724,-79.98778443487606,-79.9877844379336,-79.98778444871891,-79.9877844712242,-79.98778451367875,-79.9877845913239,-79.9877847314394,-79.9877849821016,-79.98778542716137,-79.9877862115268,-79.98778766000966
0.24500000000000016,-79.99832104437512,-79.99428410221577,-79.99173120024965,-79.99015261403201,-79.98918369921537,-79.98859331564162,-79.9882361523546,-79.9880215971218,-79.9878935972373,-79.98781775023824,-79.98777310379288,-79.98774699319185,-79.98773181953621,-79.98772305622074,-79.9877180257079,-79.98771515505172,-79.98771352638329,-79.9877126075855,-79.98771209213776,-79.98771180457528,-79.9877116450801,-79.98771155723755,-79.98771150941263,-79.98771148408767,-79.98771147184215,-79.98771146805696,-79.98771147127039,-79.98771148263904,-79.98771150631448,-79.98771155084079,-79.98771163199481,-79.98771177791625,-79.9877120380147,-79.98771249814465,-79.9877133061225,-79.98771479269762
0.25000000000000017,-79.99832096562773,-79.9942670355729,-79.99169978944691,-79.99010984333417,-79.98913231522998,-79.98853561736203,-79.9881739507161,-79.98795625759615,-79.98782611508035,-79.98774883106451,-79.98770323629276,-79.98767650901043,-79.98766093972768,-79.98765192576289,-79.98764673829625,-79.98764377042777,-79.98764208216676,-79.98764112719269,-79.98764058998735,-79.9876402894569,-79.98764012230332,-79.98764002998561,-79.98763997958645,-79.98763995282883,-79.98763993985804,-79.98763993582872,-79.98763993919692,-79.987639951155,-79.98763997601206,-79.98764002262365,-79.9876401072947,-79.98764025900877,-79.9876405284758,-79.98764100349128,-79.98764183466709,-79.98764335844591
0.25500000000000017,-79.99832088940266,-79.99425033497032,-79.99166904821026,-79.99006797529238,-79.98908200250689,-79.98847910629581,-79.98811301245962,-79.9878922293186,-79.9877599729032,-79.98768126825469,-79.98763473392785,-79.98760739426201,-79.98759143116261,-79.9875821670704,-79.9875768225712,-79.9875737571826,-79.98757200897717,-79.98757101751185,-79.98757045829726,-79.98757014461114,-79.98756996966576,-79.98756987278176,-79.98756981974837,-79.98756979152037,-79.98756977780252,-79.98756977351877,-79.98756977704016,-79.9875697895928,-79.98756981564134,-79.98756986434908,-79.98756995254129,-79.98757011002871,-79.9875703887887,-79.987570878496,-79.98757173244807,-79.98757329254502
0.2600000000000002,-79.99832081557564,-79.99423398230329,-79.99163894375478,-79.99002696629884,-79.98903271004967,-79.98842372673985,-79.9880532790842,-79.98782945224956,-79.98769510990168,-79.98761500068223,-79.98756753548054,-79.98753958774496,-79.98752323269422,-79.98751371905688,-79.98750821749825,-79.9875050543212,-79.9875032458474,-79.98750221759443,-79.98750163613067,-79.98750130910835,-79.98750112624201,-79.98750102470287,-79.98750096897643,-79.98750093924092,-79.9875009247543,-79.98750092020568,-79.98750092387817,-79.9875009370296,-79.9875009642779,-79.9875010150902,-79.98750110680386,-79.98750127003993,-79.98750155801022,-79.98750206220791,-79.98750293850951,-79.98750453404512
0.2650000000000002,-79.99832074402968,-79.99421796067514,-79.99160944543648,-79.98998677552689,-79.98898439003982,-79.9883694263901,-79.98799469559593,-79.98776786989843,-79.98763146882844,-79.98754997077026,-79.98750158327141,-79.98747303178465,-79.98745628669393,-79.98744652414776,-79.98744086555055,-79.98743760435374,-79.98743573531401,-79.98743466999468,-79.98743406605325,-79.98743372552117,-79.98743353460873,-79.98743342832792,-79.98743336985086,-79.98743333857122,-79.98743332329433,-79.98743331847017,-79.9874333222912,-79.98743333604476,-79.98743336449962,-79.98743341742254,-79.9874335126544,-79.98743368160943,-79.98743397870115,-79.98743449718148,-79.98743539540274,-79.98743702550625
0.2700000000000002,-79.9983206746546,-79.99420225430264,-79.99158052458966,-79.98994736472633,-79.98893699760966,-79.98831615610493,-79.9879372102686,-79.98770742908512,-79.98756899575632,-79.98748612425699,-79.98743682292617,-79.98740767200157,-79.98739053882012,-79.98738052804964,-79.98737471247853,-79.9873713530651,-79.98736942318678,-79.98736832053936,-79.98736769390273,-79.98736733969407,-79.98736714061447,-79.98736702950772,-79.98736696822364,-79.98736693536385,-79.98736691927529,-79.98736691416482,-79.98736691813139,-79.98736693248958,-79.98736696215636,-79.98736701719369,-79.98736711593722,-79.98736729057704,-79.98736759669583,-79.98736812924591,-79.98736904895569,-79.98737071276742
0.2750000000000002,-79.99832060734663,-79.9941868484298,-79.99155215437821,-79.98990869803575,-79.9888904906334,-79.98826386968666,-79.98788077442262,-79.98764807971924,-79.98750763985932,-79.98742340997843,-79.98737320315978,-79.98734345709653,-79.98732593780409,-79.98731567953648,-79.9873097070962,-79.98730624930147,-79.98730425833541,-79.98730311811435,-79.98730246857548,-79.98730210053004,-79.98730189316613,-79.98730177715146,-79.98730171300517,-79.98730167852979,-79.98730166160831,-79.98730165620064,-79.98730166030924,-79.98730167527373,-79.98730170615646,-79.98730176330993,-79.98730186555552,-79.98730204584189,-79.98730236088866,-79.98730290729162,-79.98730384805897,-79.98730554473234
0.2800000000000002,-79.99832054200787,-79.99417172924925,-79.99152430965952,-79.98987074180994,-79.98884482953473,-79.98821252367995,-79.98782534222033,-79.98758977459579,-79.98744735320952,-79.98736177966687,-79.98731067557617,-79.98728033865139,-79.98726243525134,-79.98725193025136,-79.98724580108325,-79.98724224477242,-79.98724019249171,-79.98723901446682,-79.98723834182879,-79.98723795979276,-79.98723774403128,-79.98723762302889,-79.9872375559664,-79.98723751984053,-79.98723750206513,-79.98723749634918,-79.98723750059597,-79.98723751616758,-79.98723754826901,-79.98723760753836,-79.9872377132736,-79.98723789916461,-79.98723822303623,-79.98723878307224,-79.98723974446791,-79.98724147317111
0.2850000000000002,-79.99832047854603,-79.9941568838304,-79.99149696685978,-79.98983346446138,-79.98879997710917,-79.9881620771854,-79.98777087047672,-79.98753246920572,-79.98738809058878,-79.98730118776389,-79.9872491944827,-79.98721827094424,-79.98719998545737,-79.98718923452269,-79.98718294880135,-79.98717929386741,-79.98717718006597,-79.98717596402167,-79.98717526809735,-79.98717487192307,-79.98717464765447,-79.9871745215868,-79.98717445155536,-79.98717441374471,-79.9871743950945,-79.98717438905909,-79.98717439343974,-79.98717440961866,-79.98717444294026,-79.9871745043234,-79.98717461353333,-79.98717480498381,-79.98717513757371,-79.98717571102088,-79.98717669261853,-79.987178452536
0.2900000000000002,-79.99832041687398,-79.99414230005381,-79.99147010385963,-79.98979683631431,-79.98875589836048,-79.98811249168725,-79.98771731848394,-79.98747612156022,-79.98732980931405,-79.98724159124696,-79.98718871671755,-79.98715721077775,-79.98713854523662,-79.98712754919336,-79.98712110712363,-79.98711735348527,-79.98711517797665,-79.9871139237113,-79.98711320432285,-79.98711279386869,-79.98711256098711,-79.98711242977869,-79.98711235672674,-79.98711231719759,-79.9871122976519,-79.98711229128575,-79.98711229579563,-79.98711231258117,-79.98711234712331,-79.98711241061645,-79.98711252328371,-79.98711272024562,-79.98711306144443,-79.98711364807968,-79.987114649457,-79.98711643979061
0.2950000000000002,-79.99832035690945,-79.9941279665511,-79.99144369988905,-79.98976082947041,-79.98871256034943,-79.98806373089388,-79.98766464784877,-79.98742069202775,-79.98727246907507,-79.98718294946812,-79.98712920148957,-79.98709711731968,-79.98707807376351,-79.9870668334622,-79.98706023527619,-79.98705638287599,-79.98705414549215,-79.98705285281729,-79.98705210979581,-79.98705168492583,-79.98705144332902,-79.98705130690655,-79.98705123078368,-79.98705118950288,-79.98705116904125,-79.98705116233302,-79.987051166967,-79.98705118435795,-79.9870512201199,-79.98705128571757,-79.98705140182271,-79.98705160424545,-79.9870519539415,-79.98705255354137,-79.98705357428102,-79.98705539425104
0.3000000000000002,-79.99832029857473,-79.99411387264996,-79.99141773543101,-79.98972541768505,-79.98866993205414,-79.9880157605903,-79.9876128223419,-79.98736614318275,-79.98721603178363,-79.98712522400426,-79.98707061022931,-79.98703795195469,-79.98701853242463,-79.98700704873647,-79.98700029469096,-79.98699634349342,-79.9869940440836,-79.98699271282324,-79.98699194600837,-79.98699150659228,-79.98699125618141,-79.98699111447365,-79.98699103523063,-79.98699099216564,-79.9869909707678,-79.986990963706,-79.98699096845874,-79.98699098645311,-79.98699102343308,-79.98699109112844,-79.98699121065003,-79.98699141848083,-79.98699177656063,-79.98699238890194,-79.98699342859241,-79.98699527743834
0.3050000000000002,-79.99832024179638,-79.99410000832364,-79.99139219213274,-79.98969057625307,-79.98862798424094,-79.98796854850119,-79.9875618077579,-79.987312439665,-79.98716046143345,-79.98706837851772,-79.98701290645045,-79.98697967814631,-79.98695988468127,-79.9869481584947,-79.98694124886845,-79.98693719885839,-79.98693483728798,-79.986933467278,-79.98693267651757,-79.98693222243037,-79.98693196311002,-79.98693181604776,-79.9869317336365,-79.98693168875538,-79.98693166640126,-79.98693165897438,-79.98693166384014,-79.98693168243537,-79.98693172063062,-79.98693179041543,-79.98693191333032,-79.98693212651446,-79.98693249286323,-79.98693311772371,-79.98693417596003,-79.98693605294116
0.3100000000000002,-79.99832018650496,-79.99408636414462,-79.99136705272393,-79.98965628190345,-79.98858668934488,-79.98792206416425,-79.98751157178538,-79.98725954804891,-79.98710572396973,-79.98701237862652,-79.98695605562081,-79.98692226130862,-79.98690209594143,-79.9868901281589,-79.9868830632504,-79.98687891443127,-79.98687649058076,-79.98687508166823,-79.98687426681784,-79.98687379793972,-79.98687352961775,-79.98687337713373,-79.98687329150731,-79.98687324477868,-79.98687322144843,-79.98687321364488,-79.9868732186176,-79.98687323781056,-79.9868732772175,-79.98687334908223,-79.9868734753657,-79.98687369384689,-79.98687406834895,-79.98687470550776,-79.98687578189217,-79.98687768628804
0.3150000000000002,-79.99832013263486,-79.99407293124213,-79.99134230094165,-79.98962251270204,-79.98854602135924,-79.98787627881248,-79.98746208388627,-79.98720743672196,-79.98705178716787,-79.9869571917837,-79.98690002504223,-79.9868656686865,-79.98684513344054,-79.98683292497567,-79.98682570510088,-79.9868214574932,-79.9868189712572,-79.98681752329979,-79.98681668422245,-79.98681620043858,-79.98681592302599,-79.98681576505493,-79.98681567616748,-79.98681562756057,-79.98681560323456,-79.9868155950427,-79.98681560011605,-79.98681561990306,-79.98681566051721,-79.98681573445124,-79.98681586407716,-79.98681608779779,-79.98681647033688,-79.9868171195752,-79.98681821371763,-79.98682014482831
0.32000000000000023,-79.99832008012388,-79.99405970126293,-79.991317921461,-79.98958924796153,-79.98850595573286,-79.98783116526499,-79.98741331518356,-79.98715607577157,-79.9869986205203,-79.9869027871647,-79.98684478373852,-79.9868098692443,-79.98678896613043,-79.98677651790523,-79.98676914339555,-79.98676479703552,-79.98676224832177,-79.98676076118711,-79.9867598977529,-79.98675939895323,-79.98675911236407,-79.98675894884255,-79.98675885664937,-79.98675880613395,-79.98675878079277,-79.9867587722009,-79.98675877736831,-79.98675879774514,-79.98675883956129,-79.98675891555293,-79.98675904849397,-79.9867592773953,-79.98675966785503,-79.98676032895644,-79.98676144047491,-79.98676339762126
0.32500000000000023,-79.99832002891324,-79.99404666633532,-79.991293899831,-79.9895564681584,-79.98846646927538,-79.9877866978256,-79.98736523835696,-79.98710543687973,-79.98694619513125,-79.98684913556245,-79.98679030235115,-79.98675483356172,-79.98673356457557,-79.98672087751804,-79.98671334871838,-79.98670890365649,-79.986706292385,-79.98670476595011,-79.9867038780359,-79.98670336411486,-79.98670306826618,-79.98670289913265,-79.98670280359009,-79.98670275113649,-79.98670272476097,-79.98670271575739,-79.98670272101198,-79.986702741974,-79.98670278498616,-79.98670286302276,-79.98670299925051,-79.98670323327298,-79.9867036315371,-79.98670430428791,-79.98670543280902,-79.98670741533266
0.33000000000000024,-79.99831997894728,-79.99403381903593,-79.99127022241561,-79.98952415485576,-79.98842754006897,-79.98774285218862,-79.98731782754575,-79.98705549322482,-79.9868944836185,-79.9867962092896,-79.98673655304171,-79.9867005337369,-79.98667890085642,-79.98666597589835,-79.98665829316535,-79.98665374946509,-79.98665107556721,-79.98664950971799,-79.98664859720702,-79.9866480680635,-79.98664776287521,-79.98664758806987,-79.9866474891353,-79.98664743471447,-79.98664740728564,-79.9866473978586,-79.98664740319329,-79.98664742473537,-79.98664746893694,-79.986647549005,-79.98664768849014,-79.9866479275735,-79.9866483335262,-79.98664901771589,-79.98665016287495,-79.98665217013831
0.33500000000000024,-79.99831993017328,-79.99402115235918,-79.99124687633906,-79.98949229063217,-79.98838914738661,-79.9876996053512,-79.98727105825829,-79.98700621939015,-79.98684346002176,-79.98674398208702,-79.98668350940109,-79.98664694329574,-79.98662494847916,-79.98661178655402,-79.98660395025442,-79.98659930799109,-79.98659657140874,-79.9865949660394,-79.986594028821,-79.98659348435808,-79.98659316975284,-79.9865929892176,-79.98659288684945,-79.98659283043285,-79.986592801932,-79.98659279206979,-79.98659279747724,-79.98659281959384,-79.9865928649776,-79.98659294706287,-79.98659308977527,-79.98659333385886,-79.98659374738503,-79.98659444280646,-79.98659560424778,-79.98659763563397
0.34000000000000025,-79.99831988254122,-79.99400865968893,-79.99122384943543,-79.9894608590155,-79.98835127161621,-79.98765693553177,-79.9872249072878,-79.98695759127858,-79.98679309971719,-79.9866924290387,-79.9866311463645,-79.98659403710741,-79.98657168229124,-79.98655828433239,-79.9865502948415,-79.98654555410107,-79.98654275478597,-79.98654110979858,-79.98654014776784,-79.9865395878926,-79.98653926379568,-79.9865390774742,-79.9865389716319,-79.98653891319155,-79.9865388836002,-79.98653887329102,-79.98653887876375,-79.98653890144897,-79.98653894800714,-79.98653903209468,-79.98653917800354,-79.98653942702641,-79.98653984801183,-79.98654055446156,-79.98654173183863,-79.9865437867512
0.34500000000000025,-79.99831983600379,-79.99399633477248,-79.99120113020182,-79.98942984442162,-79.98831389418991,-79.98761482209423,-79.98717935263372,-79.98690958603294,-79.98674337933753,-79.9866415264919,-79.98657944013202,-79.98654179130519,-79.98651907840268,-79.98650544534165,-79.98649730304194,-79.98649246392002,-79.98648960183291,-79.98648791713684,-79.98648693019433,-79.98648635481769,-79.98648602115699,-79.98648582899453,-79.98648571963848,-79.98648565914695,-79.98648562844681,-79.98648561767897,-79.98648562320926,-79.98648564645684,-79.98648569418111,-79.98648578025539,-79.98648592932938,-79.98648618323048,-79.9864866115621,-79.9864873288405,-79.98648852181607,-79.98649059967882
0.35000000000000026,-79.99831979051606,-79.9939841716964,-79.99117870775515,-79.98939923209755,-79.9882769975186,-79.9875732454772,-79.98713437342853,-79.98686218196161,-79.98669427669746,-79.98659125198284,-79.98652836809453,-79.9864901832125,-79.98646711411224,-79.98645324687723,-79.98644495215706,-79.98644001475787,-79.98643708986786,-79.98643536537939,-79.98643435343088,-79.9864337624674,-79.98643341917327,-79.98643322111664,-79.98643310820825,-79.9864330456386,-79.98643301381165,-79.98643300257339,-79.98643300815341,-79.98643303195675,-79.98643308083841,-79.98643316888332,-79.98643332109069,-79.98643357980902,-79.98643401537505,-79.98643474328658,-79.98643595153271,-79.98643805178935
0.35500000000000026,-79.99831974603545,-79.9939721648643,-79.99115657179202,-79.98936900806865,-79.9882405649308,-79.98753218712817,-79.98708994986936,-79.98681535846916,-79.98664577072397,-79.98654158416699,-79.98647790876417,-79.98643919127385,-79.98641576783851,-79.98640166735304,-79.98639322060542,-79.98638818504092,-79.98638519732478,-79.98638343296666,-79.98638239592279,-79.98638178929056,-79.9863814362957,-79.98638123229328,-79.98638111579483,-79.98638105112069,-79.98638101814913,-79.98638100642873,-79.9863810120505,-79.9863810364027,-79.98638108643259,-79.9863811764316,-79.98638133174023,-79.98638159521498,-79.98638203790514,-79.9863827762584,-79.9863839994565,-79.98638612157032
0.36000000000000026,-79.99831970252157,-79.99396030897611,-79.9911347125515,-79.98933915908952,-79.98820458061587,-79.98749162944218,-79.98704606315415,-79.98676909599142,-79.98659784139106,-79.98649250275388,-79.9864280417095,-79.98638879498998,-79.98636501905534,-79.98635068623697,-79.98634208785855,-79.98633695424752,-79.98633390368914,-79.98633209939011,-79.98633103716618,-79.98633041478662,-79.98633005202602,-79.98632984202763,-79.98632972190232,-79.98632965509782,-79.98632962096409,-79.98632960874988,-79.98632961440525,-79.9863296392992,-79.98632969046776,-79.98632978240393,-79.98632994078149,-79.98633020895213,-79.98633065865774,-79.98633140726565,-79.98633264510642,-79.9863347885599
0.36500000000000027,-79.99831965993607,-79.99394859900897,-79.99111312078064,-79.98930967259841,-79.9881690295711,-79.98745155570445,-79.98700269542206,-79.98672337593486,-79.98655046965885,-79.98644398844618,-79.98637874749458,-79.98633897485735,-79.98631484823137,-79.98630028399074,-79.98629153438063,-79.98628630284794,-79.9862831894377,-79.98628134513216,-79.98628025764788,-79.98627961944557,-79.98627924685637,-79.9862790308133,-79.98627890702524,-79.98627883806496,-79.98627880275171,-79.98627879003207,-79.98627879571279,-79.98627882114107,-79.98627887343845,-79.98627896729452,-79.9862791287085,-79.98627940151493,-79.98627985812907,-79.98628061680888,-79.98628186899231,-79.98628403328665
0.3700000000000003,-79.99831961824249,-79.99393703019949,-79.99109178770239,-79.98928053667471,-79.98813389755242,-79.98741195003704,-79.98695982969785,-79.98667818061982,-79.9865036374164,-79.98639602288264,-79.98633000762212,-79.98628971231126,-79.98626523677349,-79.98625044201319,-79.98624154157221,-79.98623621224803,-79.98623303598222,-79.98623115160984,-79.98623003878902,-79.98622938469158,-79.98622900221305,-79.98622878007792,-79.98622865259206,-79.98622858145113,-79.98622854494128,-79.98622853170458,-79.98622853740231,-79.9862285633573,-79.98622861677337,-79.98622871253177,-79.98622887694961,-79.98622915433225,-79.98622961774976,-79.98623038632323,-79.98623165255847,-79.98623383721318
0.3750000000000003,-79.99831957740632,-79.99392559802739,-79.99107070498583,-79.98925173999963,-79.98809917102841,-79.98737279734887,-79.98691744983975,-79.98663349322746,-79.98645732742833,-79.98634858858458,-79.98628180448002,-79.98624098967268,-79.98621616697365,-79.9862011425874,-79.98619209171721,-79.98618666473632,-79.98618342561672,-79.98618150112202,-79.9861803628924,-79.98617969283033,-79.98617930040375,-79.98617907213053,-79.98617894091264,-79.98617886756665,-79.98617882984333,-79.98617881607802,-79.98617882178429,-79.98617884825819,-79.98617890278254,-79.9861790004255,-79.98617916781463,-79.9861794497145,-79.98617991983218,-79.9861806981255,-79.9861819781308,-79.98618418268322
0.3800000000000003,-79.99831953739465,-79.99391429820004,-79.99104986471855,-79.9892232718192,-79.9880648371375,-79.98733408328917,-79.98687554049081,-79.98658929775006,-79.98641152328472,-79.98630166890568,-79.98623412129142,-79.98619279009837,-79.98616762195917,-79.98615236883114,-79.9861431679334,-79.98613764343453,-79.98613434146785,-79.98613237679994,-79.98613121309293,-79.9861305269995,-79.98613012456802,-79.98612989011195,-79.98612975512863,-79.98612967955366,-79.9861296406002,-79.98612962629481,-79.98612963200108,-79.98612965898592,-79.98612971460791,-79.98612981411748,-79.98612998444537,-79.98613027080418,-79.98613074752085,-79.98613153536468,-79.98613282886723,-79.98613505287202
0.3850000000000003,-79.99831949817629,-79.99390312663844,-79.99102925938075,-79.98919512191019,-79.98803088364792,-79.98729579420394,-79.9868340870334,-79.98654557894456,-79.98636620935417,-79.98625524798517,-79.98618694206776,-79.98614509753406,-79.98611958564604,-79.9861041046501,-79.98609475412582,-79.98608913225112,-79.98608576744854,-79.98608376256081,-79.98608257331128,-79.98608187112231,-79.98608145863098,-79.98608121794857,-79.98608107916715,-79.9860810013397,-79.9860809611397,-79.98608094628275,-79.98608095198047,-79.9860809794681,-79.98608103617693,-79.986081137535,-79.98608131076932,-79.98608160152952,-79.98608208474599,-79.98608288197553,-79.9860841887113,-79.98608643173996
0.3900000000000003,-79.99831945972154,-79.99389207946402,-79.99100888182143,-79.98916728054806,-79.98799729892036,-79.98725791709523,-79.98679307554654,-79.98650232228886,-79.98632137073992,-79.9862093107036,-79.98614025156472,-79.98609789667059,-79.98607204269511,-79.98605633469428,-79.98604683494318,-79.98604111583765,-79.98603768821444,-79.98603564306417,-79.98603442821027,-79.98603370986409,-79.98603328725966,-79.98603304030858,-79.98603289769721,-79.98603281759424,-79.98603277613152,-79.98603276071164,-79.98603276639213,-79.9860327943743,-79.98603285215897,-79.98603295534741,-79.98603313145594,-79.9860334265608,-79.98603391618,-79.98603472263495,-79.98603604234854,-79.9860383039889
0.3950000000000003,-79.9983194220022,-79.99388115298625,-79.99098872523594,-79.98913973847722,-79.98796407187311,-79.98722043958308,-79.98675249276602,-79.98645951394109,-79.98627699323849,-79.98616384264162,-79.986094035241,-79.98605117290258,-79.98602497847101,-79.98600904431697,-79.9859993957369,-79.98599357954784,-79.98599008912296,-79.98598800367108,-79.98598676315405,-79.9859860285913,-79.98598559582226,-79.9859853425613,-79.98598519608888,-79.98598511368775,-79.98598507094633,-79.98598505495221,-79.98598506060681,-79.9859850890751,-79.98598514792454,-79.98598525292513,-79.98598543187587,-79.98598573126951,-79.98598622719656,-79.98598704272102,-79.98598837516552,-79.98599065502118
0.4000000000000003,-79.99831938499139,-79.9938703436914,-79.99096878314528,-79.98911248688323,-79.98793119194949,-79.98718334986984,-79.986712326047,-79.98641714070125,-79.98623306330109,-79.98611883004108,-79.98604827921945,-79.98600491228987,-79.98597837900346,-79.98596221953616,-79.98595242252262,-79.98594650939914,-79.98594295619489,-79.98594083040572,-79.98593956416963,-79.98593881333322,-79.98593837034964,-79.98593811073873,-79.98593796037477,-79.98593787565333,-79.98593783161745,-79.98593781503787,-79.98593782065785,-79.9859378496038,-79.98593790950677,-79.98593801630129,-79.98593819806258,-79.98593850169003,-79.98593900383213,-79.98593982827467,-79.9859411732114,-79.98594347090126
0.4050000000000003,-79.99831934866357,-79.99385964823176,-79.99094904937661,-79.98908551736683,-79.9878986490873,-79.98714663670694,-79.98667256332904,-79.98637518997529,-79.9861895679972,-79.9860742597687,-79.98600297025075,-79.98595910152112,-79.98593223095111,-79.98591584699832,-79.98590590194395,-79.9858998920367,-79.98589627607825,-79.98589410991929,-79.98589281791091,-79.98589205074585,-79.98589159749932,-79.9858913314994,-79.9858911772142,-79.98589109015069,-79.9858910448048,-79.9858910276286,-79.9858910332052,-79.98589106262027,-79.98589112356548,-79.98589123213573,-79.98589141667615,-79.98589172448342,-79.98589223274999,-79.98589306596348,-79.98589442316188,-79.9858967383196
0.4100000000000003,-79.99831931299441,-79.99384906341584,-79.99092951804523,-79.98905882191974,-79.98786643369048,-79.98711028936357,-79.98663319310317,-79.98633364974152,-79.98614649498066,-79.98603011928174,-79.98595809567914,-79.9859137278796,-79.9858865215673,-79.98586991394447,-79.98585982123868,-79.98585371469925,-79.98585003601447,-79.98584782945603,-79.98584651162473,-79.985845728078,-79.9858452645216,-79.98584499209468,-79.98584483385912,-79.98584474443216,-79.98584469776098,-79.98584467997703,-79.98584468550153,-79.98584471537708,-79.9858447773532,-79.98584488768101,-79.98584507496956,-79.9858453869036,-79.9858459012062,-79.98584674304789,-79.98584811228523,-79.98585044455871
0.4150000000000003,-79.9983192779607,-79.99383858619908,-79.9909101835377,-79.98903239290195,-79.9878345366023,-79.98707429759749,-79.98659420438123,-79.98629250851887,-79.98610383245747,-79.98598639659595,-79.98591364341029,-79.98586877921113,-79.98584123866819,-79.98582440817805,-79.98581416820664,-79.98580796518735,-79.98580422380643,-79.98580197682152,-79.985800633119,-79.98579983313948,-79.98579935922771,-79.98579908033672,-79.98579891812236,-79.98579882631098,-79.98579877829937,-79.98579875989671,-79.98579876536033,-79.98579879568769,-79.98579885868331,-79.98579897075064,-79.98579916075666,-79.98579947676544,-79.98579999701784,-79.9858008473492,-79.98580222841036,-79.9858045774613
0.4200000000000003,-79.99831924354042,-79.9938282136753,-79.990891040496,-79.98900622302061,-79.98780294908049,-79.9870386516276,-79.98655558666692,-79.98625175533728,-79.98606156915584,-79.98594308025531,-79.98586960188096,-79.98582424389392,-79.98579637060247,-79.98577931803497,-79.98576893117979,-79.98576263183327,-79.98575882778847,-79.98575654035254,-79.98575517073274,-79.98575435427114,-79.98575386995978,-79.9857535845686,-79.98575341834761,-79.98575332413122,-79.98575327476429,-79.98575325573198,-79.98575326112598,-79.98575329189644,-79.98575335590019,-79.98575346968903,-79.98575366238227,-79.98575398241479,-79.98575450853293,-79.98575536721958,-79.98575675989697,-79.98575912540021
0.4250000000000003,-79.99831920971253,-79.99381794306858,-79.99087208380293,-79.98898030531018,-79.98777166277382,-79.98700334210827,-79.98651732992869,-79.98621137970977,-79.9860196942979,-79.98590015930364,-79.9858259600308,-79.98578011081005,-79.98575190622311,-79.98573463235525,-79.98572409899393,-79.98571770347286,-79.98571383679823,-79.98571150888894,-79.98571011330792,-79.98570928031661,-79.98570878556271,-79.98570849363612,-79.9857083233813,-79.98570822673967,-79.98570817600272,-79.98570815632993,-79.98570816164555,-79.98570819285038,-79.98570825785085,-79.98570837334339,-79.98570856869401,-79.98570889270033,-79.9857094246023,-79.98571029151395,-79.98571169560712,-79.98571407725034
0.4300000000000003,-79.99831917645695,-79.9938077717259,-79.99085330856822,-79.98895463311398,-79.9877406697003,-79.9869683601052,-79.98647942457431,-79.98617137160635,-79.98597819757312,-79.98585762325789,-79.98578270727536,-79.98573636931896,-79.9857078348606,-79.98569034045634,-79.98567966096203,-79.98567316941887,-79.98566924015,-79.98566687174716,-79.98566545016286,-79.98566460059581,-79.98566409535768,-79.98566379686135,-79.98566362254601,-79.98566352345927,-79.98566347133779,-79.98566345101379,-79.9856634562423,-79.98566348787276,-79.98566355385854,-79.98566367103709,-79.98566386901575,-79.98566419694694,-79.98566473455298,-79.98566560956334,-79.98566702487892,-79.98566942236198
0.43500000000000033,-79.99831914375454,-79.99379769710993,-79.99083471011576,-79.98892920006674,-79.98770996222655,-79.9869336970729,-79.98644186142701,-79.98613172142925,-79.98593706911336,-79.98581546208297,-79.98573983348112,-79.98569300923205,-79.98566414629794,-79.98564643210814,-79.9856356068493,-79.98562901943602,-79.98562502760988,-79.98562261869507,-79.9856211710673,-79.98562030488003,-79.9856197891171,-79.98561948401745,-79.98561930561553,-79.98561920406415,-79.98561915054383,-79.98561912955797,-79.98561913469068,-79.985619166738,-79.98561923369779,-79.9856193525448,-79.9856195531226,-79.9856198849308,-79.98562042816329,-79.98562131114998,-79.98562273750133,-79.98562515053592
0.44000000000000034,-79.99831911158711,-79.99378771679268,-79.9908162839715,-79.98890400007839,-79.98767953304866,-79.98689934483336,-79.98640463170304,-79.98609241998994,-79.98589629946937,-79.98577366616817,-79.98569732894164,-79.98565002078918,-79.9856208307469,-79.98560289750932,-79.98559192684955,-79.9855852437174,-79.98558118937206,-79.98557873992864,-79.98557726621891,-79.98557638336834,-79.98557585704113,-79.98557554530544,-79.98557536279134,-79.98557525875614,-79.98557520382289,-79.98557518216461,-79.98557518719284,-79.9855752196483,-79.98557528757075,-79.98557540806893,-79.98557561121743,-79.98557594685587,-79.98557649563921,-79.98557738648371,-79.98557882369077,-79.98558125199985
0.44500000000000034,-79.9983190799372,-79.99377782844927,-79.9907980258522,-79.98887902731894,-79.98764937517413,-79.98686529555627,-79.98636772699057,-79.9860534584873,-79.9858558795887,-79.98573222630486,-79.98565518435538,-79.98560739463632,-79.9855778788258,-79.98555972726513,-79.98554861156298,-79.9855418328623,-79.98553771603676,-79.98553522604968,-79.98553372622105,-79.98553282666545,-79.98553228973556,-79.98553197133182,-79.98553178468049,-79.98553167814264,-79.98553162178253,-79.98553159944136,-79.98553160435645,-79.98553163721132,-79.98553170608523,-79.98553182821739,-79.98553203390868,-79.98553237333165,-79.98553292759237,-79.98553382617982,-79.98553527406891,-79.98553771738628
0.45000000000000034,-79.99831904878819,-79.9937680298522,-79.99077993165493,-79.9888542762041,-79.98761948190496,-79.98683154174019,-79.98633113922985,-79.98601482848716,-79.98581580079481,-79.98569113366553,-79.98561339080462,-79.98556512180454,-79.9855352815385,-79.98551691236636,-79.98550565197525,-79.98549877785528,-79.98549459858934,-79.98549206804493,-79.98549054206198,-79.98548962576089,-79.98548907819088,-79.98548875308784,-79.98548856227471,-79.98548845321565,-79.98548839541496,-79.98548837238054,-79.9854883771739,-79.9854884104195,-79.98548848023367,-79.98548860398287,-79.98548881218956,-79.98548915535235,-79.985489715019,-79.9854906212382,-79.98549207964173,-79.98549453771166
0.45500000000000035,-79.99831901812422,-79.99375831886604,-79.9907619974471,-79.98882974138192,-79.9875898468217,-79.98679807619507,-79.98629486069461,-79.985976521903,-79.98577605476761,-79.98565037978403,-79.98557193973568,-79.98552319369021,-79.9854930302547,-79.98547444416975,-79.98546303943778,-79.98545607004652,-79.98545182838056,-79.98544925726644,-79.9854477050951,-79.98544677200928,-79.98544621376269,-79.98544588192975,-79.98544568693073,-79.98544557533226,-79.98544551607742,-79.98544549233947,-79.98544549700254,-79.9854455306302,-79.98544560137356,-79.9854457267231,-79.98544593741826,-79.98544628427727,-79.98544684928038,-79.98544776302366,-79.98544923177997,-79.9854517043567
0.46000000000000035,-79.9983189879301,-79.99374869344237,-79.9907442194573,-79.98880541772033,-79.98756046376865,-79.98676489202572,-79.98625888397457,-79.98593853097792,-79.98573663352492,-79.98560995653706,-79.98553082294029,-79.98548160203634,-79.98545111669115,-79.98543231437918,-79.98542076564912,-79.98541370113318,-79.98540939710803,-79.98540678541299,-79.98540520702046,-79.98540425711182,-79.98540368815304,-79.98540334956029,-79.98540315035177,-79.98540303619596,-79.9854029754736,-79.98540295102192,-79.98540295554622,-79.98540298954732,-79.98540306120886,-79.98540318814224,-79.98540340129951,-79.98540375181219,-79.98540432208421,-79.9854052432473,-79.9854067222005,-79.98540920904779
0.46500000000000036,-79.99831895819136,-79.99373915161506,-79.9907265940665,-79.98878130029529,-79.98753132683974,-79.98673198261622,-79.98622320195885,-79.98590084826755,-79.98569752940513,-79.98556985612652,-79.98549003253797,-79.98544033891501,-79.98540953289424,-79.98539051502827,-79.98537882263747,-79.9853716631419,-79.98536729679871,-79.9853646445126,-79.9853630398673,-79.98536207309877,-79.98536149339309,-79.98536114801122,-79.98536094457003,-79.98536082783922,-79.98536076563616,-79.9853607404607,-79.98536074483775,-79.98536077920372,-79.98536085177251,-79.98536098027351,-79.98536119586699,-79.9853615499918,-79.98536212546716,-79.98536305394913,-79.98536454294877,-79.9853670438396
0.47000000000000036,-79.9983189288941,-79.99372969149589,-79.99070911780004,-79.98875738437977,-79.9875024303655,-79.98669934161543,-79.98618780782053,-79.98586346662391,-79.98565873505082,-79.98553007106307,-79.98544956095945,-79.98539939671076,-79.98536827122327,-79.98534903846371,-79.98533720274408,-79.98532994841229,-79.98532551979241,-79.98532282690597,-79.98532119597739,-79.98532021231294,-79.98531962182643,-79.98531926962681,-79.98531906193018,-79.98531894260701,-79.9853188789102,-79.98531885300099,-79.9853188572224,-79.9853188919447,-79.98531896540999,-79.98531909546257,-79.98531931346693,-79.98531967116335,-79.98532025177832,-79.98532118748146,-79.98532268638245,-79.98532520109853
0.47500000000000037,-79.99831890002505,-79.99372031127042,-79.99069178731988,-79.98873366543339,-79.98747376890054,-79.98666696292318,-79.98615269500202,-79.98582637918034,-79.9856202433933,-79.9854905941505,-79.9854094009311,-79.98535876810492,-79.9853273243349,-79.98530787732967,-79.98529589860762,-79.98528854958126,-79.98528405872612,-79.98528132523099,-79.98527966798966,-79.98527866739418,-79.98527806609374,-79.98527770704824,-79.9852774950738,-79.98527737314119,-79.98527730793779,-79.98527728128492,-79.98527728534233,-79.98527732041255,-79.98527739476363,-79.98527752635204,-79.98527774674244,-79.985278107971,-79.98527869366364,-79.98527963649342,-79.98528114515571,-79.98528367348719
0.48000000000000037,-79.99831887157157,-79.9937110091941,-79.9906745994175,-79.98871013909265,-79.98744533721208,-79.9866348406774,-79.9861178572013,-79.9857895793372,-79.98558204763813,-79.9854514184711,-79.98536954546006,-79.98531844606083,-79.98528668516836,-79.98526702455311,-79.9852549031495,-79.98524745956838,-79.98524290651943,-79.98524013240791,-79.98523844882531,-79.98523743126465,-79.98523681911782,-79.98523645319891,-79.98523623692472,-79.98523611236583,-79.98523604564315,-79.98523601823682,-79.98523602212198,-79.9852360575317,-79.985236132758,-79.98523626586673,-79.98523648861891,-79.98523685334106,-79.98523744405126,-79.98523839391613,-79.98523991220466,-79.98524245394968
0.4850000000000004,-79.99831884352146,-79.99370178358863,-79.9906575510071,-79.98868680116178,-79.98741713026891,-79.9866029692419,-79.98608328835894,-79.98575306074846,-79.9855441412513,-79.98541253737172,-79.98532998782038,-79.98527842380999,-79.98524634693152,-79.9852264733297,-79.98521420955993,-79.98520667156198,-79.98520205636049,-79.98519924162562,-79.9851975316741,-79.98519649711486,-79.98519587408995,-79.98519550127062,-79.98519528067511,-79.98519515347334,-79.98519508521885,-79.98519505704938,-79.98519506075407,-79.98519509649495,-79.98519517258605,-79.98519530719987,-79.98519553229,-79.98519590046826,-79.98519649613762,-79.98519745294897,-79.98519898073339,-79.98520153569777
0.4900000000000004,-79.99831881586312,-79.99369263283853,-79.99064063911936,-79.9886636476041,-79.9873891432311,-79.98657134319495,-79.98604898264595,-79.98571681730898,-79.98550651794638,-79.98537394445071,-79.98529072153988,-79.9852386948388,-79.98520630308768,-79.98518621711086,-79.98517381128477,-79.98516617900594,-79.98516150169301,-79.98515864632836,-79.9851569099811,-79.98515585839071,-79.98515522445668,-79.98515484471042,-79.98515461977236,-79.9851544899114,-79.98515442011269,-79.98515439117051,-79.98515439468656,-79.98515443075036,-79.98515450769592,-79.98515464379986,-79.98515487120468,-79.98515524280245,-79.98515584337429,-79.98515680704635,-79.98515834420084,-79.98516091219778
0.4950000000000004,-79.99831878858537,-79.99368355538795,-79.9906238608954,-79.988640674534,-79.98736137144034,-79.98653995731853,-79.98601493445217,-79.98568084314257,-79.98546917167222,-79.98533563354563,-79.98525174038777,-79.98519925287611,-79.98516654734318,-79.98514624959115,-79.98513370201316,-79.98512597558737,-79.98512123620382,-79.98511834020344,-79.98511657743437,-79.98511550878102,-79.98511486390741,-79.98511447720821,-79.98511424790674,-79.9851141153705,-79.98511404401536,-79.98511401429094,-79.98511401761029,-79.98511405398882,-79.98511413177869,-79.98511426935798,-79.98511449905476,-79.98511487403641,-79.98511547945567,-79.98511644990542,-79.98511799630853,-79.98512057715824
0.5000000000000003,-79.99831876167757,-79.99367454973762,-79.99060721358124,-79.9886178782092,-79.98733381041086,-79.98650880658808,-79.98598113837552,-79.9856451325907,-79.98543209660149,-79.98529759872149,-79.98521303836277,-79.98516009188158,-79.98512707363568,-79.98510656469665,-79.98509387566575,-79.98508605522483,-79.98508125381115,-79.98507831716955,-79.98507652795327,-79.98507544220583,-79.98507478636284,-79.98507439268512,-79.9850741589997,-79.98507402377231,-79.98507395084869,-79.98507392033261,-79.98507392344725,-79.98507396013242,-79.98507403875652,-79.98507417779673,-79.9850744097632,-79.98507478809405,-79.98507539830725,-79.98507637545433,-79.98507793098882,-79.98508052451818
0.5050000000000002,-79.99831873512943,-79.99366561444207,-79.99059069452254,-79.9885952550237,-79.98730645582077,-79.98647788616294,-79.98594758921169,-79.9856096802019,-79.9853952871197,-79.98525983425981,-79.98517460968226,-79.98512120603446,-79.98508787612296,-79.98506715657386,-79.9850543263836,-79.98504641205729,-79.98504154865354,-79.9850385713656,-79.98503675567737,-79.98503565280538,-79.98503498596375,-79.98503458528239,-79.98503434719281,-79.98503420925863,-79.98503413475457,-79.98503410343756,-79.98503410633954,-79.98503414332332,-79.98503422277173,-79.98503436325866,-79.98503459747309,-79.98503497911932,-79.98503559407457,-79.98503657784114,-79.98503814239382,-79.98504074843615
0.5100000000000001,-79.99831870893117,-79.99365674810689,-79.99057430115961,-79.98857280150094,-79.98727930350401,-79.98644719137745,-79.98591428194449,-79.98557448072161,-79.9853587378151,-79.98522233464817,-79.98513644877161,-79.98508258972325,-79.98504894917255,-79.98502801957919,-79.98501504851777,-79.98500704043367,-79.98500211507947,-79.98499909714039,-79.98499725495603,-79.9849961349296,-79.98499545706062,-79.98499504935096,-79.98499480683729,-79.98499466618091,-79.98499459008463,-79.98499455795744,-79.98499456063891,-79.98499459791334,-79.9849946781763,-79.98499482009602,-79.98499505653714,-79.98499544146583,-79.98499606111275,-79.98499705142348,-79.98499862488498,-79.98500124327971
0.515,-79.99831868307334,-79.9936479493863,-79.99055803102284,-79.98855051428748,-79.98725234944271,-79.98641671773221,-79.9858812117368,-79.9855395290828,-79.98532244346875,-79.98518509457041,-79.98509855025445,-79.9850442375356,-79.98501028735173,-79.98498914826897,-79.98497603661932,-79.9849679349029,-79.98496294763736,-79.98495988904253,-79.98495802033844,-79.98495688312833,-79.98495619420378,-79.98495577944149,-79.9849555324842,-79.98495538909035,-79.9849553113902,-79.9849552784437,-79.98495528089687,-79.98495531845411,-79.984955399522,-79.98495554286082,-79.98495578150784,-79.98495616968694,-79.9849567939766,-79.98495779075849,-79.98495937302322,-79.98496200361564
0.5199999999999999,-79.9983186575469,-79.9936392169807,-79.99054188172823,-79.98852839014698,-79.98722558976,-79.98638646088624,-79.98584837392188,-79.98550482039695,-79.98528639904545,-79.98514810889729,-79.98506090894315,-79.98500614424908,-79.98497188541815,-79.9849505373902,-79.98493728543001,-79.98492909020456,-79.98492404106621,-79.98492094181131,-79.98491904656436,-79.98491789214184,-79.98491719213398,-79.98491677029519,-79.9849165188749,-79.98491637272862,-79.98491629341308,-79.98491625963825,-79.98491626185537,-79.98491629968765,-79.98491638155095,-79.98491652629548,-79.98491676712811,-79.9849171585264,-79.98491778741128,-79.98491879059365,-79.98492038155955,-79.98492302420051
0.5249999999999998,-79.99831863234317,-79.99363054963449,-79.99052585097328,-79.98850642595463,-79.9871990207132,-79.98635641664923,-79.98581576399532,-79.98547034994559,-79.98525059968514,-79.98511137267776,-79.98502351983016,-79.98496830482225,-79.98493373831099,-79.9849121818716,-79.98489878987338,-79.98489050126004,-79.98488539028683,-79.98488225036766,-79.98488032855518,-79.98487915689203,-79.9848784457736,-79.98487801683478,-79.98487776093248,-79.9848776120189,-79.9848775310766,-79.9848774964645,-79.98487749843792,-79.98487753653757,-79.98487761918693,-79.98487776532399,-79.9848780083224,-79.98487840290947,-79.98487903634344,-79.98488004585786,-79.98488164542626,-79.98488429997194
0.5299999999999997,-79.99831860745377,-79.99362194613401,-79.99050993653307,-79.98848461869166,-79.98717263868753,-79.98632658097452,-79.9857833776073,-79.98543611317228,-79.98521504069454,-79.9850748811306,-79.98498637807948,-79.98493071438622,-79.98489584114249,-79.98487407681519,-79.9848605450464,-79.98485216316412,-79.9848469903934,-79.98484380980588,-79.98484186140561,-79.98484067247412,-79.98483995021829,-79.98483951415625,-79.98483925375315,-79.98483910205766,-79.98483901947733,-79.9848389840191,-79.98483898574125,-79.98483902410065,-79.98483910752687,-79.98483925504355,-79.98483950018839,-79.98483989793465,-79.98484053587292,-79.984841551653,-79.98484315972856,-79.98484582604021
0.5349999999999996,-79.99831858287072,-79.9936134053055,-79.99049413625667,-79.9884629654405,-79.98714644018987,-79.98629694995228,-79.98575121055543,-79.98540210567512,-79.98517971753948,-79.98503862963658,-79.98494947901884,-79.98489336823684,-79.9848581891901,-79.98483621748842,-79.9848225462115,-79.98481407117704,-79.98480883664546,-79.98480561538562,-79.98480364037572,-79.98480243414859,-79.98480170072897,-79.98480125752086,-79.98480099259845,-79.98480083810658,-79.98480075387708,-79.98480071756397,-79.98480071902735,-79.984800757639,-79.98480084183298,-79.98480099071666,-79.98480123798898,-79.98480163886562,-79.98480228126465,-79.98480330324615,-79.98480491973662,-79.9848075976804
0.5399999999999995,-79.99831855858628,-79.99360492601323,-79.99047844806357,-79.98844146337994,-79.98712042184329,-79.98626751980309,-79.98571925877776,-79.98536832319948,-79.98514462583763,-79.98500261373098,-79.98491281813213,-79.98485626182702,-79.98482077788887,-79.98479859931655,-79.98478478878901,-79.984776220717,-79.98477092446058,-79.98476766252448,-79.9847656608834,-79.98476443733381,-79.98476369272436,-79.98476324234765,-79.98476297288767,-79.98476281558513,-79.98476272969546,-79.98476269251877,-79.98476269371595,-79.98476273257242,-79.98476281752525,-79.98476296776354,-79.98476321714486,-79.98476362112382,-79.98476426794133,-79.98476529606194,-79.9847669208781,-79.98476961032475
0.5449999999999994,-79.99831853459304,-79.9935965071578,-79.9904628699405,-79.98842010978065,-79.98709458038147,-79.98623828687198,-79.98568751834647,-79.98533476163135,-79.98510976135141,-79.98496682909665,-79.98487639105238,-79.98481939075971,-79.98478360282432,-79.98476121787557,-79.98474726835006,-79.984738607353,-79.98473324940701,-79.98472994679075,-79.98472791849731,-79.9847266775988,-79.98472592177386,-79.98472546420638,-79.98472519019074,-79.98472503006343,-79.98472494250271,-79.98472490445386,-79.98472490537749,-79.98472494447145,-79.98472503017433,-79.98472518175508,-79.98472543322735,-79.98472584028129,-79.98472649147621,-79.98472752567551,-79.98472915873106,-79.98473185955574
0.5499999999999993,-79.99831851088388,-79.99358814767447,-79.99044739993829,-79.98839890200095,-79.98706891264376,-79.98620924762265,-79.98565598546159,-79.98530141699086,-79.98507511998154,-79.98493127155723,-79.98484019355497,-79.98478275078114,-79.98474665972576,-79.98472406888546,-79.98470998060989,-79.98470122679808,-79.98469580719717,-79.98469246389679,-79.98469040893009,-79.98468915065656,-79.98468838359088,-79.98468791881068,-79.98468764022161,-79.98468747725558,-79.98468738801301,-79.98468734908347,-79.98468734972627,-79.9846873890505,-79.9846874754948,-79.98468762840605,-79.98468788195167,-79.98468829205395,-79.9846889475864,-79.98468998780581,-79.98469162901718,-79.98469434109928
0.5549999999999992,-79.99831848745187,-79.99357984653153,-79.99043203616898,-79.9883778374829,-79.98704341557028,-79.98618039863213,-79.98562465644532,-79.9852682854263,-79.9850406977608,-79.98489593707086,-79.98480422155134,-79.98474633777438,-79.98470994445977,-79.98468714820369,-79.98467292142134,-79.98466407490302,-79.98465859368103,-79.98465520969259,-79.984653128032,-79.98465185235773,-79.98465107402633,-79.98465060201181,-79.98465031883168,-79.98465015301313,-79.98465006207807,-79.98465002225943,-79.98465002261419,-79.9846500621615,-79.98465014933869,-79.98465030356881,-79.98465055917055,-79.98465097229526,-79.98465163212646,-79.98465267830915,-79.98465432759542,-79.98465705081838
0.559999999999999,-79.99831846429048,-79.9935716027289,-79.99041677680306,-79.98835691374846,-79.98701808619738,-79.98615173658565,-79.98559352773647,-79.98523536320828,-79.98500649084802,-79.98486082172423,-79.98476847108287,-79.98471014775336,-79.98467345302424,-79.9846504518193,-79.98463608676883,-79.98462714765016,-79.98462160484021,-79.98461818015969,-79.98461607178479,-79.9846147786844,-79.98461398906268,-79.98461350979245,-79.9846132220039,-79.98461305331918,-79.98461296068108,-79.98461291996497,-79.98461292002457,-79.98461295978792,-79.98461304768962,-79.98461320322716,-79.9846134608682,-79.9846138769901,-79.98461454108234,-79.98461559317319,-79.984617250456,-79.98461998470708
0.564999999999999,-79.99831844139325,-79.99356341529668,-79.99040162006685,-79.9883361283959,-79.98699292165344,-79.98612325827183,-79.98556259588533,-79.98520264672436,-79.98497249552273,-79.98482592172691,-79.98473293831522,-79.98467417685706,-79.98463718154261,-79.98461397584705,-79.98459947276265,-79.98459044114767,-79.98458483678216,-79.98458137140545,-79.98457923629609,-79.9845779257445,-79.98457712480813,-79.9845766382611,-79.98457634584693,-79.98457617428258,-79.98457607993096,-79.98457603830916,-79.98457603806649,-79.9845760780389,-79.98457616665688,-79.98457632349063,-79.98457658315458,-79.98457700224903,-79.98457767056567,-79.98457872851118,-79.9845803937146,-79.98458313888472
0.5699999999999988,-79.99831841875411,-79.99355528329384,-79.99038656424007,-79.98831547909646,-79.98696791915464,-79.9860949605781,-79.98553185754866,-79.98517013247395,-79.98493870817967,-79.98479123340596,-79.98469761953291,-79.9846384213441,-79.98460112625833,-79.98457771652195,-79.98456307563343,-79.98455395162418,-79.98454828573476,-79.98454477965768,-79.98454261779385,-79.98454128976627,-79.98454047749122,-79.98453998364656,-79.98453968658977,-79.98453951213243,-79.98453941605696,-79.98453937352126,-79.98453937296938,-79.98453941314393,-79.98453950247008,-79.98453966058906,-79.98453992225986,-79.98454034430291,-79.98454101680831,-79.98454208055655,-79.98454375360696,-79.98454650959057
0.5749999999999987,-79.99831839636708,-79.99354720580699,-79.99037160765353,-79.9882949635912,-79.98694307600124,-79.98606684048637,-79.98550130948519,-79.98513781706338,-79.98490512532382,-79.98475675320081,-79.98466251113413,-79.98460287758758,-79.98456528352975,-79.98454167019415,-79.984526891727,-79.98451767542352,-79.98451194804105,-79.98450840125932,-79.98450621262121,-79.98450486709315,-79.98450404345569,-79.98450354229274,-79.98450324057654,-79.984503063213,-79.98450296540345,-79.98450292194573,-79.9845029210777,-79.98450296144762,-79.98450305147396,-79.9845032108674,-79.98450347452939,-79.98450389949768,-79.9845045761572,-79.98450564565773,-79.98450732648375,-79.98451009317861
0.5799999999999986,-79.99831837422647,-79.99353918194917,-79.99035674868686,-79.9882745796879,-79.98691838957392,-79.98603889506896,-79.98547094855103,-79.98510569720123,-79.98487174356576,-79.98472247765851,-79.98462760962593,-79.98456754207017,-79.98452964982522,-79.98450583332395,-79.98449091749951,-79.98448160899981,-79.98447582015442,-79.98447223266363,-79.98447001723164,-79.98446865417883,-79.98446781915546,-79.98446731065386,-79.98446700426162,-79.98446682397879,-79.984466724425,-79.98446668003724,-79.98446667884622,-79.98446671940476,-79.98446681012346,-79.98446697078083,-79.98446723641868,-79.98446766428945,-79.9844683450694,-79.98446942027324,-79.98447110880562,-79.9844738861127
0.5849999999999985,-79.99831835232678,-79.99353121085878,-79.99034198576649,-79.98825432525824,-79.98689385733024,-79.98601112148468,-79.98544077169564,-79.9850737696941,-79.984838559617,-79.98468840342905,-79.98459291161957,-79.98453241137943,-79.98449422171844,-79.98447020247724,-79.98445514951268,-79.98444574891289,-79.98443989863397,-79.98443627042955,-79.98443402818417,-79.98443264758264,-79.98443180115011,-79.98443128528969,-79.98443097420494,-79.98443079098989,-79.98443068968183,-79.98443064435607,-79.98443064283525,-79.9844306835758,-79.98443077497913,-79.98443093689008,-79.98443120448886,-79.98443163523993,-79.98443232010747,-79.98443340096703,-79.98443509713861,-79.98443788496188
0.5899999999999984,-79.99831833066266,-79.9935232916984,-79.99032731736368,-79.98823419823512,-79.9868694768015,-79.98598351697518,-79.98541077595775,-79.9850420314423,-79.98480557028586,-79.98465452726106,-79.98455841382608,-79.98449748220347,-79.98445899588393,-79.98443477432096,-79.9844195844295,-79.98441009182378,-79.98440418013993,-79.98440051121722,-79.98439824213908,-79.98439684396503,-79.98439598610037,-79.98439546286117,-79.98439514706763,-79.98439496090755,-79.98439485783524,-79.98439481156359,-79.98439480970629,-79.98439485062227,-79.98439494270265,-79.98439510585706,-79.98439537540216,-79.9843958090119,-79.98439649793511,-79.98439758440412,-79.98439928814967,-79.98440208639606
0.5949999999999983,-79.99831830922898,-79.99351542365395,-79.99031274199257,-79.98821419661002,-79.98684524558955,-79.98595607886146,-79.98538095846169,-79.985010479436,-79.98477277247326,-79.9846208459977,-79.98452411305217,-79.98446275132667,-79.98442396909297,-79.98439954561897,-79.98438421900987,-79.98437463449051,-79.98436866142966,-79.98436495178376,-79.98436265585364,-79.98436124008354,-79.98436037076397,-79.98435984012625,-79.98435951960779,-79.98435933048998,-79.98435922564356,-79.9843591784182,-79.98435917621778,-79.98435921730272,-79.98435931005267,-79.98435947444062,-79.98435974591776,-79.98436018236507,-79.98436087531287,-79.98436196734636,-79.98436367860252,-79.98436648718173
0.5999999999999982,-79.99831828802081,-79.9935076059336,-79.99029825820851,-79.98819431843064,-79.98682116136385,-79.98592880454056,-79.98535131641378,-79.98497911075147,-79.98474016316902,-79.98458735657272,-79.98449000619621,-79.98442821562581,-79.98438913820952,-79.98436451322803,-79.98434905010673,-79.98433937376419,-79.98433333935347,-79.9843295889794,-79.98432726617817,-79.98432583278866,-79.98432495199165,-79.98432441393582,-79.98432408867649,-79.98432389658836,-79.98432378995804,-79.98432374177125,-79.98432373922111,-79.98432378046863,-79.98432387388081,-79.98432403949255,-79.9843243128878,-79.9843247521521,-79.98432544909423,-79.98432654664846,-79.98432826535368,-79.98433108417804
0.6049999999999981,-79.99831826703333,-79.99349983776698,-79.99028386460631,-79.98817456179859,-79.98679722185875,-79.98590169148241,-79.98532184709897,-79.9849479225475,-79.98470773944808,-79.98455405600667,-79.9844560902445,-79.98439387206615,-79.98435450018648,-79.98432967409398,-79.98431407466222,-79.98430430658514,-79.98429821085098,-79.98429441974356,-79.98429207005216,-79.98429061902009,-79.98428972672332,-79.98428918123003,-79.98428885121398,-79.98428865614306,-79.98428854771917,-79.98428849856326,-79.98428849565687,-79.98428853706066,-79.98428863112787,-79.98428879795387,-79.98428907325356,-79.98428951531479,-79.98429021622178,-79.98429131925418,-79.98429304534865,-79.98429587433303
0.609999999999998,-79.99831824626186,-79.9934921184042,-79.99026955981869,-79.9881549248671,-79.9867734248708,-79.98587473722685,-79.98529254787756,-79.98491691206213,-79.98467549846711,-79.98452094140355,-79.98442236226771,-79.98435971769796,-79.98432005206203,-79.98429502524823,-79.98427928970405,-79.98426942997934,-79.9842632729474,-79.98425944110127,-79.98425706450077,-79.98425559580318,-79.9842546919845,-79.98425413903452,-79.9842538042461,-79.98425360618006,-79.98425349595298,-79.98425344582033,-79.98425344255125,-79.98425348410511,-79.98425357882019,-79.9842537468511,-79.98425402404192,-79.98425446888048,-79.98425517372362,-79.98425628219277,-79.98425801561834,-79.98426085468002
0.6149999999999979,-79.998318225702,-79.99348444711515,-79.99025534251473,-79.98813540583912,-79.98674976825625,-79.98584793938085,-79.98526341618228,-79.9848860766093,-79.98464343746114,-79.9844880099472,-79.98438881941742,-79.98432574965305,-79.98428579095625,-79.98426056380418,-79.9842446923421,-79.98423474105488,-79.98422852275019,-79.9842246501598,-79.98422224663132,-79.98422076024542,-79.98421984488289,-79.98421928445723,-79.98421894488087,-79.98421874380745,-79.98421863176766,-79.98421858065073,-79.98421857701258,-79.98421861871033,-79.98421871406629,-79.98421888329295,-79.98421916236185,-79.98421960995867,-79.98422031870994,-79.98422143257554,-79.9842231732756,-79.9842260223342
0.6199999999999978,-79.99831820534934,-79.99347682318869,-79.99024121139847,-79.98811600296516,-79.98672624992865,-79.98582129561575,-79.98523444951523,-79.98485541357589,-79.98461155374054,-79.98445525889832,-79.98435545892295,-79.98429196514152,-79.98425171406784,-79.98422628695405,-79.98421027976515,-79.98420023699886,-79.98419395744568,-79.98419004410535,-79.98418761363008,-79.98418610953324,-79.98418518260512,-79.98418461468488,-79.9841842703052,-79.98418406621226,-79.9841839523503,-79.98418390024163,-79.98418389622809,-79.98418393806364,-79.98418403405361,-79.98418420446703,-79.98418448540126,-79.98418493573767,-79.9841856483698,-79.98418676759255,-79.98418851551205,-79.98419137448938
0.6249999999999977,-79.99831818519972,-79.99346924593188,-79.99022716520751,-79.98809671454153,-79.98670286785662,-79.98579480366482,-79.98520564544529,-79.98482492041886,-79.98457984468783,-79.98442268559133,-79.98432227808827,-79.98425836144865,-79.98421781867103,-79.98419219196582,-79.98417604923775,-79.98416591507419,-79.98415957429611,-79.98415562019993,-79.98415316275914,-79.9841516409289,-79.98415070241359,-79.9841501269801,-79.98414977778182,-79.98414957065731,-79.98414945496383,-79.98414940185596,-79.98414939746077,-79.98414943942814,-79.98414953604534,-79.9841497076367,-79.98414999042379,-79.9841504434816,-79.98415115996795,-79.98415228450959,-79.98415403959491,-79.98415690841492
0.6299999999999976,-79.99831816524905,-79.99346171466931,-79.9902132027118,-79.98807753890858,-79.98667962006168,-79.98576846132067,-79.98517700160535,-79.98479459466243,-79.98454830775509,-79.98439028743142,-79.98428927428907,-79.98422493593202,-79.98418410211262,-79.98415827618012,-79.9841419980973,-79.98413177261665,-79.98412537063658,-79.98412137577847,-79.98411889135346,-79.98411735176751,-79.9841164016436,-79.98411581867829,-79.98411546464627,-79.98411525447824,-79.98411513694394,-79.98411508282955,-79.9841150780465,-79.98411512013973,-79.9841152173775,-79.98411539013817,-79.98411567476593,-79.98411613052731,-79.98411685084196,-79.98411798066519,-79.98411974286411,-79.98412262145274
0.6349999999999975,-79.99831814549341,-79.99345422874248,-79.99019932271224,-79.98805847444896,-79.9866565046162,-79.98574226643312,-79.98514851568996,-79.98476443389552,-79.98451694046112,-79.984358061892,-79.98425644497001,-79.98419168601863,-79.9841505618092,-79.98412453700762,-79.9841081237512,-79.98409780703204,-79.98409134387222,-79.98408730824593,-79.98408479681808,-79.98408323945424,-79.98408227770047,-79.98408168718495,-79.98408132830416,-79.98408111508077,-79.98408099569642,-79.9840809405682,-79.98408093539113,-79.9840809776044,-79.98408107545617,-79.98408124937765,-79.98408153583414,-79.98408199428174,-79.98408271839932,-79.98408385346782,-79.98408562272948,-79.9840885110146
0.6399999999999973,-79.99831812592899,-79.99344678750911,-79.99018552403972,-79.98803951958597,-79.98663351964149,-79.98571621690691,-79.98512018545286,-79.9847344357692,-79.98448574038885,-79.98432600651184,-79.98422378764205,-79.98415860920235,-79.98411719524441,-79.98409097192615,-79.98407442367422,-79.9840640157936,-79.9840574914756,-79.9840534150747,-79.98405087662539,-79.98404930146161,-79.98404832805691,-79.98404772997291,-79.98404736622845,-79.98404714993794,-79.98404702869439,-79.98404697254513,-79.98404696696797,-79.98404700929547,-79.98404710775476,-79.98404728282873,-79.98404757110225,-79.98404803221908,-79.98404876011492,-79.9840499003932,-79.98405167666799,-79.98405457457936
0.6449999999999972,-79.99831810655205,-79.99343939034257,-79.99017180555381,-79.98802067278213,-79.98661066330588,-79.9856903106996,-79.98509200870477,-79.98470459799442,-79.98445470518298,-79.98429411889275,-79.98419129987988,-79.98412570304124,-79.98408399996646,-79.98405757847831,-79.9840408954059,-79.98403039643934,-79.98402381098411,-79.98401969380194,-79.98401712831264,-79.98401553532703,-79.98401455025044,-79.98401394457987,-79.98401357595694,-79.98401335658762,-79.98401323347579,-79.9840131762983,-79.98401317031502,-79.98401321275101,-79.98401331181148,-79.98401348802977,-79.9840137781089,-79.98401424187838,-79.9840149735283,-79.98401611898178,-79.98401790222137,-79.98402080969048
0.6499999999999971,-79.99831808735904,-79.99343203663129,-79.9901581661419,-79.98800193253766,-79.98658793382306,-79.98566454581967,-79.98506398331124,-79.98467491833964,-79.98442383254763,-79.98426239669718,-79.9841589793196,-79.98409296515524,-79.9840509735857,-79.98402435426894,-79.98400753654812,-79.98399694656969,-79.98399029999754,-79.98398614202732,-79.98398354947949,-79.98398193865025,-79.98398094188099,-79.98398032860585,-79.98397995508977,-79.98397973263008,-79.98397960764095,-79.9839795494281,-79.9839795430327,-79.98397958557156,-79.98397968522696,-79.98397986258155,-79.98398015445508,-79.98398062086098,-79.98398135624142,-79.98398250683633,-79.9839842969935,-79.98398721395357
0.654999999999997,-79.99831806834646,-79.99342472577827,-79.99014460471795,-79.98798329738909,-79.9865653294503,-79.98563892032456,-79.98503610719058,-79.98464539462876,-79.98439312024408,-79.98423083764587,-79.9841268236564,-79.98406039322384,-79.98401811377225,-79.98399129696286,-79.98397434476281,-79.98396366384516,-79.98395695617579,-79.9839527574105,-79.98395013778567,-79.98394850909114,-79.98394750060852,-79.98394687971097,-79.98394650128716,-79.98394627572561,-79.98394614885024,-79.98394608959497,-79.98394608278154,-79.98394612541767,-79.9839462256618,-79.98394640414483,-79.98394669780178,-79.98394716682824,-79.98394790591618,-79.98394906161954,-79.98395085864829,-79.98395378503412
0.6599999999999969,-79.99831804951097,-79.99341745720048,-79.9901311202218,-79.987964765908,-79.98654284848696,-79.98561343231889,-79.985008378312,-79.98461602473904,-79.9843625660887,-79.98419943951579,-79.98409483064236,-79.98402798498384,-79.98398541825387,-79.98395840428263,-79.98394131776976,-79.98393054598408,-79.98392377723657,-79.98391953766908,-79.98391689094879,-79.98391524436741,-79.98391422415094,-79.98391359561322,-79.98391321226723,-79.98391298359238,-79.98391285482188,-79.9839127945172,-79.98391278727988,-79.98391283000774,-79.98391293083452,-79.98391311043827,-79.98391340586791,-79.98391387749939,-79.98391462027232,-79.98391578105193,-79.98391758490727,-79.98392052065527
0.6649999999999968,-79.99831803084928,-79.99341023032841,-79.99011771161801,-79.98794633669972,-79.98652048927289,-79.98558807995275,-79.98498079469364,-79.9845868065992,-79.98433216795097,-79.98416820013807,-79.9840629980844,-79.9839957382273,-79.98395288481379,-79.98392567400646,-79.9839084533444,-79.98389759076059,-79.98389076095344,-79.9838864805764,-79.98388380674223,-79.98388214225255,-79.98388111028181,-79.98388047408633,-79.98388008580378,-79.98387985400433,-79.98387972332988,-79.9838796619688,-79.98387965430176,-79.98387969711592,-79.98387979851937,-79.98387997923624,-79.98388027642802,-79.98388075064936,-79.98388149708526,-79.98388266290969,-79.98388447354772,-79.98388741859573
0.6699999999999967,-79.99831801235817,-79.99340304460566,-79.99010437789512,-79.98792800840212,-79.98649825018698,-79.98556286142006,-79.98495335440089,-79.98455773818746,-79.98430192375142,-79.98413711739596,-79.98403132384229,-79.98396365079957,-79.98392051128874,-79.98389310396617,-79.98387574931593,-79.98386479600254,-79.9838579051537,-79.98385358395959,-79.98385088299311,-79.98384920057383,-79.98384815682856,-79.98384751295782,-79.98384711972443,-79.98384688478909,-79.98384675220194,-79.98384668977756,-79.98384668167503,-79.9838467245701,-79.98384682654431,-79.98384700836684,-79.98384730731048,-79.9838477841068,-79.98384853418416,-79.98384970502264,-79.98385152240044,-79.98385447668778
0.6749999999999966,-79.9983179940346,-79.99339589948838,-79.99009111806484,-79.98790977968449,-79.98647612964587,-79.98553777495704,-79.98492605554468,-79.98452881752993,-79.98427183145995,-79.98410618922307,-79.98399980582673,-79.98393172059731,-79.98388829556707,-79.98386069204533,-79.98384320356533,-79.9838321595896,-79.98382520771642,-79.98382084569758,-79.98381811758044,-79.98381641721029,-79.98381536167034,-79.98381471010698,-79.98381431190857,-79.98381407382618,-79.98381393931763,-79.9838138758231,-79.98381386727937,-79.98381391024999,-79.98381401278915,-79.98381419571002,-79.98381449639537,-79.98381497575215,-79.98381572944992,-79.98381690527236,-79.98381872934802,-79.98382169281534
0.6799999999999965,-79.99831797587552,-79.9933887944449,-79.99007793116115,-79.98789164924642,-79.98645412610252,-79.98551281884065,-79.98489889627983,-79.98450004269874,-79.98424188909405,-79.98407541360153,-79.98396844199759,-79.9838999455667,-79.98385623558686,-79.98382843617733,-79.98381081402353,-79.98379967945145,-79.98379266657079,-79.98378826371936,-79.98378550843317,-79.98378379009102,-79.9837827227364,-79.98378206346311,-79.98378166028563,-79.98378141904506,-79.98378128260646,-79.98378121803498,-79.98378120904437,-79.98378125208528,-79.98378135518365,-79.98378153919568,-79.98378184161281,-79.9837823235158,-79.98378308081337,-79.98378426159039,-79.98378609232284,-79.98378906491216
0.6849999999999964,-79.99831795787804,-79.99338172895533,-79.99006481623964,-79.98787361581685,-79.986432238045,-79.98548799138723,-79.9848718748036,-79.98447141181052,-79.98421209471708,-79.98404478856031,-79.98393723036216,-79.98386832370174,-79.98382432933415,-79.98379633434382,-79.98377857866963,-79.983767353566,-79.98376027969415,-79.98375583600212,-79.98375305352857,-79.98375131719338,-79.98375023800412,-79.9837495710038,-79.98374916283322,-79.98374891842344,-79.98374878004623,-79.98374871439101,-79.98374870494793,-79.9837487480539,-79.98374885170583,-79.98374903680191,-79.98374934094113,-79.98374982537635,-79.98375058625358,-79.98375177195638,-79.98375360930554,-79.9837565909601
0.6899999999999963,-79.99831794003937,-79.99337470251115,-79.9900517723767,-79.98785567815295,-79.98641046399533,-79.98546329095119,-79.98484498935417,-79.98444292302484,-79.98418244643669,-79.98401431217356,-79.98390616897345,-79.98383685304255,-79.9837925748414,-79.98376438457281,-79.98374649552933,-79.98373517995773,-79.98372804511047,-79.98372356056967,-79.98372075089043,-79.98371899654127,-79.98371790549758,-79.98371723075314,-79.98371681757558,-79.98371656998565,-79.98371642966126,-79.98371636291562,-79.98371635301447,-79.98371639618033,-79.98371650038025,-79.98371668655345,-79.98371699240519,-79.98371747935899,-79.98371824379612,-79.98371943439655,-79.98372127832312,-79.98372426898739
0.6949999999999962,-79.99831792235666,-79.99336771461482,-79.9900387986689,-79.98783783503927,-79.98638880250826,-79.9854387159236,-79.98481823820923,-79.9844145745428,-79.98415294240334,-79.98398398255908,-79.98387525592875,-79.98380553167375,-79.98376097018581,-79.98373258493721,-79.98371456267323,-79.9837031566961,-79.98369596088867,-79.98369143549083,-79.98368859858759,-79.98368682620358,-79.98368572328579,-79.98368504078027,-79.9836846225819,-79.9836843718009,-79.98368422952089,-79.98368416167814,-79.9836841513134,-79.98368419453405,-79.98368429927646,-79.98368448651995,-79.98368479407483,-79.9836852835338,-79.98368605151151,-79.98368724698197,-79.98368909744752,-79.9836920970671
0.6999999999999961,-79.99831790482727,-79.99336076477952,-79.99002589423235,-79.98782008528676,-79.98636725217021,-79.98541426473106,-79.98479161968466,-79.9843863646055,-79.98412358080883,-79.98395379787685,-79.98384448936801,-79.98377435772309,-79.98372951348777,-79.98370093355328,-79.98368277821533,-79.98367128189396,-79.98366402514118,-79.98365945887781,-79.9836565947323,-79.98365480429267,-79.9836536894812,-79.98365299919776,-79.98365257596485,-79.98365232198195,-79.98365217773788,-79.98365210879142,-79.9836520979576,-79.98365214122796,-79.98365224650746,-79.98365243481449,-79.98365274406335,-79.98365323601432,-79.98365400751368,-79.98365520782714,-79.98365706479403,-79.9836600733157
0.704999999999996,-79.99831788744862,-79.99335385252866,-79.9900130582019,-79.98780242773198,-79.98634581159827,-79.98538993583445,-79.98476513213329,-79.98435829149281,-79.98409435988485,-79.9839237563276,-79.98381386747242,-79.98374332935981,-79.9836982029095,-79.98366942857918,-79.98365114031161,-79.98363955370621,-79.98363223602239,-79.98362762888488,-79.98362473747882,-79.9836229289629,-79.98362180223826,-79.98362110416015,-79.98362067587904,-79.98362041868347,-79.983620272467,-79.98362020241024,-79.98362019110189,-79.98362023441697,-79.9836203402282,-79.98362052959216,-79.98362084052594,-79.98362133495607,-79.98362210995847,-79.98362331508851,-79.98362517851982,-79.98362819589141
0.7099999999999959,-79.99831787021812,-79.99334697739563,-79.99000028973076,-79.98778486123621,-79.98632447943908,-79.98536572772781,-79.98473877394363,-79.984330353522,-79.98406527790178,-79.9838938561514,-79.98378338846312,-79.9837124447934,-79.98366703665351,-79.98363806821354,-79.98361964715855,-79.9836079703283,-79.9836005917273,-79.9835959437069,-79.98359302502205,-79.98359119840924,-79.98359005975205,-79.9835893538626,-79.98358892051971,-79.98358866010079,-79.98358851190358,-79.98358844072996,-79.98358842894172,-79.98358847229656,-79.98358857863423,-79.98358876904862,-79.98358908165847,-79.98358957855508,-79.98359035704236,-79.983591566963,-79.9835934368226,-79.98359646299295
0.7149999999999958,-79.99831785313329,-79.99334013892354,-79.98998758798976,-79.98776738468467,-79.98630325436798,-79.98534163893731,-79.98471254353872,-79.98430254904657,-79.9840363331673,-79.98386409562649,-79.98375305059974,-79.98368170227218,-79.9836360129615,-79.98360685069416,-79.98358829699191,-79.98357652999492,-79.98356909049014,-79.983564401578,-79.98356145559613,-79.98355961086591,-79.98355846025684,-79.98355774653949,-79.98355730812136,-79.98355704446843,-79.9835568942822,-79.98355682198527,-79.98355680971174,-79.98355685310146,-79.98355695996034,-79.98355715141878,-79.98355746569597,-79.98355796504669,-79.98355874700097,-79.9835599616868,-79.9835618379392,-79.9835648728582
0.7199999999999956,-79.99831783619176,-79.99333333666482,-79.9899749521669,-79.98774999698581,-79.98628213508809,-79.98531766802019,-79.98468643937501,-79.98427487645507,-79.98400752402522,-79.98383447306789,-79.98372285217928,-79.98365110008208,-79.98360513011282,-79.98357577429674,-79.98355708808538,-79.98354523097873,-79.98353773058315,-79.98353300077024,-79.98353002747317,-79.9835281646051,-79.983527002025,-79.98352628046325,-79.98352583695643,-79.98352557005892,-79.98352541787547,-79.98352534444875,-79.98352533168465,-79.98352537510438,-79.98352548247934,-79.98352567497548,-79.98352599091149,-79.98352649270412,-79.98352727810789,-79.98352849753394,-79.98353038014443,-79.98353342376286
0.7249999999999955,-79.99831781939115,-79.993326570181,-79.98996238146673,-79.9877326970705,-79.98626112032937,-79.98529381356371,-79.9846604599413,-79.98424733416992,-79.98397884885432,-79.9838049868263,-79.98369279153485,-79.98362063654548,-79.98357438642348,-79.98354483733361,-79.9835260187493,-79.98351407158917,-79.98350651031534,-79.98350173959253,-79.98349873896204,-79.98349685793578,-79.98349568336555,-79.98349495394302,-79.98349450533416,-79.98349423518154,-79.9834940809927,-79.9834940064298,-79.98349399316982,-79.98349403661476,-79.98349414450072,-79.98349433802836,-79.98349465561476,-79.98349515983737,-79.98349594867345,-79.98349717281525,-79.98349906174971,-79.98350211401933
0.7299999999999954,-79.99831780272915,-79.9933198390424,-79.9899498751099,-79.9877154838914,-79.98624020884779,-79.98527007418437,-79.98463460375768,-79.98421992064642,-79.98395030606723,-79.98377563528697,-79.98366286703448,-79.98359031001992,-79.98354378024482,-79.98351403815259,-79.98349508732963,-79.9834830501712,-79.98347542803126,-79.98347061638931,-79.98346758840724,-79.98346568920249,-79.98346450262312,-79.9834637653235,-79.98346331159935,-79.98346303818116,-79.9834628819788,-79.98346280627332,-79.98346279251226,-79.98346283597762,-79.98346294436959,-79.98346313892262,-79.98346345815114,-79.98346396479198,-79.98346475704349,-79.98346598587703,-79.98346788110197,-79.98347094197543
0.7349999999999953,-79.99831778620359,-79.9933131428279,-79.98993743233268,-79.98769835642231,-79.9862193994246,-79.98524644852678,-79.98460886937463,-79.98419263437164,-79.98392189410937,-79.98374641686854,-79.98363307708007,-79.98356011889706,-79.98351330996243,-79.98348337513588,-79.98346429220669,-79.98345216510423,-79.98344448210993,-79.98343962953948,-79.98343657418766,-79.98343465678424,-79.98343345817683,-79.98343271298391,-79.98343225413124,-79.98343197743709,-79.98343181921312,-79.98343174235876,-79.98343172809138,-79.98343177157244,-79.98343188046547,-79.98343207603784,-79.98343239690037,-79.98343290594792,-79.98343370159832,-79.98343493510001,-79.98343683658257,-79.98343990601333
0.7399999999999952,-79.99831776981223,-79.99330648112468,-79.98992505238643,-79.98768131365743,-79.98619869086548,-79.98522293526295,-79.984583255372,-79.98416547386344,-79.9838936114579,-79.9837173300221,-79.9836034201063,-79.98353006160163,-79.9834829739952,-79.98345284669895,-79.98343363179416,-79.98342141480104,-79.98341367096378,-79.98340877745532,-79.98340569471569,-79.98340375909343,-79.98340254843916,-79.9834017953368,-79.98340133134248,-79.98340105136201,-79.9834008911084,-79.98340081309885,-79.98340079831999,-79.9834008418121,-79.98340095120129,-79.98340114778709,-79.9834014702756,-79.98340198171853,-79.98340278075155,-79.98340401889821,-79.98340592660614,-79.98340900454855
0.7449999999999951,-79.99831775355301,-79.99329985352792,-79.98991273453721,-79.98766435461086,-79.98617808199981,-79.98519953309142,-79.98455776035814,-79.9841384376696,-79.9838654566208,-79.98368837323007,-79.98357389457968,-79.98350013659035,-79.98345277079406,-79.98342245128954,-79.98340310453801,-79.98339079770679,-79.98338299303754,-79.98337805858148,-79.98337494843591,-79.9833729945748,-79.98337177185492,-79.98337101082706,-79.98337054167803,-79.98337025840095,-79.98337009610972,-79.98337001693871,-79.98337000164325,-79.98337004514178,-79.98337015502229,-79.98337035261564,-79.98337067672229,-79.98337119054945,-79.98337199294912,-79.98337323571802,-79.98337514961962,-79.98337823602878
0.749999999999995,-79.9983177374238,-79.99329325964065,-79.98990047806535,-79.9876474783159,-79.98615757168002,-79.98517624073642,-79.98453238296902,-79.98411152436678,-79.98383742813587,-79.9836595450053,-79.98354449899742,-79.98347034235101,-79.98342269884121,-79.98339218738664,-79.98337270891558,-79.98336031229789,-79.9833524468073,-79.98334747139398,-79.98334433382439,-79.98334236170442,-79.98334112690031,-79.98334035793097,-79.98333988361424,-79.98333959703031,-79.9833394326935,-79.98333935235482,-79.98333933653767,-79.98333938003802,-79.98333949040506,-79.9833396890002,-79.98334001471726,-79.9833405309177,-79.98334133666827,-79.9833425840371,-79.98334450410121,-79.98334759893304
0.7549999999999949,-79.99831772142261,-79.99328669907348,-79.98988828226496,-79.98763068382463,-79.98613715878085,-79.98515305694718,-79.98450712186747,-79.9840847325598,-79.98380952456982,-79.98363084389018,-79.9835152318867,-79.98344067740146,-79.98339275664908,-79.9833620534996,-79.9833424434345,-79.98332995708121,-79.98332203077959,-79.98331701439923,-79.98331384938754,-79.98331185898883,-79.98331061208191,-79.9833098351552,-79.98330935565784,-79.98330906575686,-79.98330889936653,-79.98330881785402,-79.98330880151013,-79.98330884500776,-79.9833089558566,-79.98330915544786,-79.98330948276768,-79.98331000133065,-79.98331081041673,-79.98331206236348,-79.98331398855946,-79.98331709177062
0.7599999999999948,-79.99831770554742,-79.99328017144437,-79.98987614644366,-79.98761397020724,-79.9861168421987,-79.98512998049712,-79.98448197574226,-79.98405806088067,-79.9837817445175,-79.9836022684557,-79.98348609180361,-79.98341114028881,-79.9833629427594,-79.98333204816714,-79.98331230663192,-79.98329973059307,-79.98329174349037,-79.98328668613311,-79.98328349366132,-79.98328148496402,-79.98328022593581,-79.9832794410359,-79.98327895634503,-79.98327866311689,-79.9832784946652,-79.98327841197269,-79.98327839509703,-79.9832784385874,-79.98327854991338,-79.98327875049515,-79.98327907941024,-79.98327960032516,-79.98328041273155,-79.98328166923463,-79.9832836015324,-79.9832867130802
0.7649999999999947,-79.99831768979637,-79.9932736763785,-79.98986406992209,-79.98759733655156,-79.98609662085106,-79.98510701018319,-79.98445694330746,-79.98403150798784,-79.98375408660095,-79.98357381730061,-79.98345707733239,-79.98338172958842,-79.98333325574237,-79.98330216995652,-79.9832822970735,-79.9832696313984,-79.98326158350427,-79.98325648516015,-79.98325326521024,-79.98325123819461,-79.98324996702671,-79.98324917413787,-79.98324868424069,-79.98324838767527,-79.9832482171544,-79.98324813327577,-79.98324811586335,-79.98324815934201,-79.98324827114051,-79.98324847270723,-79.98324880321022,-79.98324932646666,-79.98325014217843,-79.98325140321663,-79.98325334158658,-79.9832564614291
0.7699999999999946,-79.99831767416754,-79.99326721350798,-79.9898520520336,-79.98758078196258,-79.98607649367581,-79.98508414482511,-79.98443202330165,-79.98400507256547,-79.98372654946867,-79.98354548905066,-79.98342818708456,-79.98335244390317,-79.9833036941958,-79.9832724174627,-79.98325241335269,-79.9832396580899,-79.98323154941366,-79.98322641007262,-79.98322316262663,-79.98322111727298,-79.98321983394708,-79.98321903305362,-79.9832185379374,-79.98321823802468,-79.98321806542684,-79.98321798035599,-79.98321796240187,-79.98321800586437,-79.98321811813084,-79.98321832067707,-79.98321865276064,-79.98321917834836,-79.98321999735084,-79.98322126290324,-79.98322320731624,-79.98322633541221
0.7749999999999945,-79.99831765865909,-79.99326078247171,-79.98984009212387,-79.98756430556192,-79.98605645963075,-79.98506138326492,-79.98440721448719,-79.98397875332262,-79.98369913179486,-79.98351728235772,-79.9833994196981,-79.98332328186267,-79.98327425674434,-79.98324278930752,-79.98322265408986,-79.98320980928719,-79.98320163983787,-79.9831964594898,-79.98319318452978,-79.98319112081849,-79.98318982531636,-79.98318901640269,-79.98318851605475,-79.98318821278473,-79.98318803810217,-79.98318795183306,-79.9831879333323,-79.98318797677426,-79.98318808950415,-79.9831882930245,-79.98318862668152,-79.98318915459042,-79.98318997686914,-79.98319124691518,-79.9831931973426,-79.9831963336514
0.7799999999999944,-79.99831764326923,-79.99325438291517,-79.98982818955061,-79.98754790648739,-79.98603651769294,-79.98503872436606,-79.98438251564963,-79.98395254899258,-79.98367183227865,-79.98348919589915,-79.98337077383677,-79.9832942421224,-79.98324494203867,-79.98321328413896,-79.98319301793151,-79.98318008363607,-79.9831718534224,-79.98316663205713,-79.98316332956519,-79.98316124747672,-79.98315993978017,-79.98315912283078,-79.98315861723849,-79.98315831060123,-79.98315813382624,-79.98315804635286,-79.98315802730056,-79.98315807071761,-79.98315818390647,-79.98315838839561,-79.98315872361901,-79.98315925383913,-79.98316007937989,-79.98316135389936,-79.98316331031297,-79.98316645479464
0.7849999999999943,-79.9983176279962,-79.99324801449026,-79.98981634368316,-79.98753158389258,-79.98601666685825,-79.98501616701306,-79.98435792559694,-79.98392645833215,-79.98364464964341,-79.98346122837692,-79.98334224818929,-79.98326532336307,-79.98321574875474,-79.98318390063034,-79.98316350354958,-79.9831504798078,-79.98314218883826,-79.98313692644551,-79.98313359640375,-79.9831314959186,-79.9831301760096,-79.98312935100901,-79.98312884015982,-79.98312853014545,-79.98312835127034,-79.9831282625867,-79.983128242978,-79.98312828636581,-79.9831284000092,-79.9831286054619,-79.9831289422447,-79.98312947476629,-79.98313030355506,-79.98313158252806,-79.9831335449001,-79.98313669751523
0.7899999999999942,-79.99831761283829,-79.99324167685515,-79.98980455390227,-79.98751533694637,-79.98599690614081,-79.98499371011073,-79.98433344315899,-79.98390048012106,-79.98361758263606,-79.98343337851712,-79.9833138414687,-79.98323652428986,-79.98318667559316,-79.98315463747963,-79.98313410964066,-79.98312099649833,-79.98311264478109,-79.98310734135055,-79.9831039837411,-79.9831018648399,-79.98310053270042,-79.98309969963327,-79.98309918351467,-79.98309887011332,-79.98309868913047,-79.98309859923062,-79.98309857906068,-79.98309862241496,-79.98309873650852,-79.98309894291955,-79.98309928125491,-79.9830998160683,-79.98310064809134,-79.98310193149823,-79.98310389980135,-79.9831070605112
0.794999999999994,-79.99831759779384,-79.99323536967408,-79.98979281959973,-79.98749916483258,-79.98597723457254,-79.98497135258374,-79.9843090671869,-79.98387461316123,-79.98359063002644,-79.98340564506907,-79.98328555241164,-79.9832078436317,-79.98315772127836,-79.98312549340878,-79.98310483492537,-79.98309163242759,-79.98308321997058,-79.98307787549187,-79.98307449029694,-79.98307235296035,-79.98307100857247,-79.98307016742345,-79.98306964602298,-79.98306932922486,-79.98306914612667,-79.98306905500466,-79.98306903426871,-79.98306907758518,-79.98306919212456,-79.98306939948884,-79.98306973936997,-79.98307027646567,-79.98307111170935,-79.98307239953084,-79.98307437373812,-79.98307754250449
0.7999999999999939,-79.99831758286115,-79.99322909261717,-79.98978114017808,-79.98748306674952,-79.98595765120257,-79.98494909337604,-79.98428479655246,-79.98384885627623,-79.98356379060667,-79.98337802680486,-79.98325737977774,-79.98317928014069,-79.98312888455803,-79.98309646716304,-79.98307567814766,-79.98306238633893,-79.98305391314982,-79.98304852761248,-79.98304511481432,-79.98304295902307,-79.98304160236893,-79.9830407531228,-79.98304022642809,-79.98303990622344,-79.98303972100234,-79.98303962865228,-79.98303960734552,-79.98303965061996,-79.98303976560088,-79.98303997391334,-79.98304031533355,-79.98304085470221,-79.98304169315317,-79.98304298537022,-79.98304496545511,-79.98304814224035
0.8049999999999938,-79.99831756803867,-79.99322284536036,-79.98976951505038,-79.98746704190964,-79.98593815509692,-79.98492693145035,-79.98426063014757,-79.98382320831067,-79.98353706319048,-79.9833505225186,-79.98322932234893,-79.98315083259145,-79.9831001642025,-79.9830675575103,-79.98304663807414,-79.98303325699837,-79.9830247230846,-79.98301929647815,-79.98301585605897,-79.98301368179389,-79.98301231285573,-79.9830114554973,-79.98301092349602,-79.98301059987513,-79.9830104125236,-79.98301031893963,-79.98301029705728,-79.98301034028552,-79.98301045570372,-79.98301066495935,-79.98301100791208,-79.98301154954444,-79.98301239118949,-79.98301368778336,-79.98301567371972,-79.98301885848673
0.8099999999999937,-79.99831755332482,-79.9932166275852,-79.9897579436399,-79.98745108953912,-79.98591874533795,-79.98490486578761,-79.98423656688375,-79.98379766812964,-79.98351044661277,-79.98332313102593,-79.9832013789289,-79.98312249978041,-79.98307155900403,-79.98303876324049,-79.98301771349355,-79.98300424319402,-79.98299564856279,-79.9829901808767,-79.98298671281881,-79.98298452006078,-79.9829831388209,-79.98298227333507,-79.98298173601493,-79.98298140896813,-79.98298121947866,-79.98298112465494,-79.9829811021923,-79.98298114537015,-79.98298126122143,-79.98298147141529,-79.98298181589402,-79.982982359781,-79.98298320460715,-79.98298450555934,-79.9829864973214,-79.98298969003362
0.8149999999999936,-79.99831753871804,-79.9932104389787,-79.98974642537983,-79.98743520887759,-79.98589942102404,-79.98488289538662,-79.98421260569155,-79.98377223461819,-79.98348393972888,-79.98329585116335,-79.98317354834245,-79.98309428052538,-79.98304306777632,-79.98301008316501,-79.98298890321607,-79.98297534373552,-79.98296668839382,-79.98296117961748,-79.98295768390325,-79.98295547263318,-79.98295407907398,-79.98295320544568,-79.98295266279447,-79.98295233231214,-79.98295214067727,-79.98295204460798,-79.98295202156035,-79.9829520646837,-79.98295218096385,-79.9829523920911,-79.98295273808941,-79.98295328422202,-79.98295413221645,-79.98295543750878,-79.98295743507111,-79.98296063569248
0.8199999999999935,-79.99831752421684,-79.99320427923324,-79.98973495971312,-79.98741939917772,-79.98588018126908,-79.98486101926345,-79.98418874552009,-79.98374690668078,-79.9834575414142,-79.98326868178772,-79.98314582943502,-79.9830661736649,-79.98301468935388,-79.98298151611617,-79.9829602060728,-79.9829465574534,-79.982937841408,-79.98293229153082,-79.98292876814259,-79.98292653834153,-79.98292513244543,-79.9829242506597,-79.98292370266526,-79.9829233687378,-79.9829231749501,-79.9829230776295,-79.9829230539922,-79.9829230970569,-79.98292321376184,-79.98292342581759,-79.98292377332915,-79.98292432169855,-79.98292517284864,-79.98292648246313,-79.9829284858007,-79.98293169429564
0.8249999999999934,-79.99831750981974,-79.99319814804639,-79.98972354609212,-79.98740365970494,-79.9858610252021,-79.98483923645107,-79.98416498533659,-79.98372168324074,-79.9834312505635,-79.98324162177573,-79.98311822107206,-79.98303817805765,-79.98298642259151,-79.98295306094654,-79.98293162091524,-79.98291788319865,-79.98290910645608,-79.98290351546737,-79.98289996438758,-79.9828977160366,-79.98289629778616,-79.98289540782808,-79.98289485447827,-79.98289451709616,-79.98289432114824,-79.98289422257052,-79.98289419833893,-79.98289424134093,-79.98289435846652,-79.98289457144602,-79.98289492046459,-79.98289547106205,-79.98289632535531,-79.98289763927426,-79.98289964836236,-79.98290286469579
0.8299999999999933,-79.9983174955253,-79.99319204512081,-79.98971218397847,-79.98738798973702,-79.9858419519669,-79.98481754599888,-79.98414132412587,-79.98369656323986,-79.98340506609058,-79.98321467002339,-79.98309072213856,-79.98301029258204,-79.98295826636374,-79.98292471652859,-79.98290314661467,-79.982889319842,-79.98288048240862,-79.9828748502977,-79.98287127150881,-79.98286900458909,-79.98286757396687,-79.9828666758216,-79.98286611710436,-79.9828657762581,-79.98286557814258,-79.98286547830203,-79.9828654534715,-79.98286549640676,-79.98286561394897,-79.98286582784749,-79.98286617836686,-79.98286673118378,-79.98286758860795,-79.98286890681386,-79.9828709216281,-79.98287414576544
0.8349999999999932,-79.99831748133211,-79.99318597016413,-79.98970087284276,-79.98737238856393,-79.98582296072169,-79.98479594697235,-79.98411776088996,-79.98367154563786,-79.98337898692766,-79.98318782544544,-79.98306333153855,-79.98298251613558,-79.98293021956435,-79.98289648175397,-79.98287478206173,-79.9828608662736,-79.98285196815556,-79.98284629491171,-79.98284268839622,-79.98284040288898,-79.98283895987764,-79.9828380535304,-79.98283748943373,-79.98283714511383,-79.9828369448234,-79.98283684371432,-79.98283681828028,-79.98283686114475,-79.98283697909956,-79.98283719391243,-79.98283754592653,-79.98283810095435,-79.9828389614973,-79.98284028397296,-79.98284230448931,-79.98284553639638
0.8399999999999931,-79.99831746723879,-79.99317992288879,-79.98968961216437,-79.98735685548736,-79.9858040506387,-79.98477443845256,-79.98409429464758,-79.98364662941196,-79.98335301202499,-79.98316108697504,-79.98303604819453,-79.98295484763449,-79.9829022811059,-79.98286835553318,-79.98284652616584,-79.98283252140236,-79.98282356260566,-79.98281784821813,-79.98281421395858,-79.98281190984511,-79.98281045442742,-79.98280953986348,-79.98280897037542,-79.98280862257248,-79.98280842009981,-79.98280831771655,-79.9828082916744,-79.9828083344641,-79.9828084528275,-79.98280866855012,-79.98280902205289,-79.98280957928324,-79.98281044293299,-79.98281176966141,-79.98281379585612,-79.98281703549921
0.844999999999993,-79.99831745324397,-79.99317390301195,-79.98967840143125,-79.98734138982059,-79.98578522090386,-79.98475301953582,-79.98407092443382,-79.98362181355645,-79.98332714035033,-79.98313445356318,-79.98300887104715,-79.98292728601318,-79.98287444991915,-79.98284033679508,-79.98281837785481,-79.98280428415562,-79.98279526468606,-79.98278950914407,-79.98278584712305,-79.98278352438473,-79.9827820565435,-79.98278113374819,-79.98278055885682,-79.98278020756146,-79.98278000289932,-79.98277989923618,-79.9827798725814,-79.98277991529234,-79.9827800340604,-79.98278025068818,-79.98278060567368,-79.98278116509827,-79.982782031843,-79.98278336280737,-79.98278539465701,-79.98278864200289
0.8499999999999929,-79.99831743934631,-79.9931679102554,-79.98966724013972,-79.9873259908881,-79.98576647071648,-79.98473168933332,-79.98404764929967,-79.98359709708224,-79.98330137088855,-79.98310792417823,-79.98298179905463,-79.98289983022376,-79.98284672495276,-79.98281242448631,-79.98279033607433,-79.98277615347858,-79.98276707334179,-79.98276127663456,-79.98275758683472,-79.98275524545299,-79.98275376517108,-79.98275283412983,-79.98275225382328,-79.98275189902614,-79.98275169216728,-79.98275158721864,-79.9827515599467,-79.98275160257495,-79.98275172174374,-79.98275193927216,-79.98275229573449,-79.98275285734513,-79.98275372717319,-79.98275506235694,-79.98275709983842,-79.98276035485421
0.8549999999999928,-79.99831742554451,-79.99316194434542,-79.98965612779423,-79.98731065802536,-79.9857477992889,-79.98471044697078,-79.98402446831165,-79.98357247901647,-79.98327570264127,-79.98308149780559,-79.98295483119237,-79.98287247923568,-79.98281910517271,-79.98278461757099,-79.98276239978749,-79.98274812833394,-79.98273898753538,-79.98273314965208,-79.98272943205612,-79.98272707201248,-79.98272557927285,-79.98272463997111,-79.98272405423758,-79.98272369592938,-79.98272348686658,-79.98272338062684,-79.98272335273323,-79.98272339527487,-79.9827235148405,-79.98272373326506,-79.9827240911984,-79.98272465498702,-79.98272552788688,-79.98272686727366,-79.98272891036413,-79.9827321730174
0.8599999999999927,-79.99831741183735,-79.99315600501271,-79.98964506390726,-79.98729539057854,-79.98572920584616,-79.98468929158805,-79.98400138055143,-79.98354795840211,-79.98325013462632,-79.98305517344723,-79.98292796645259,-79.98284523203527,-79.98279158956193,-79.9827569150302,-79.98273456797443,-79.98272020770133,-79.98271100624633,-79.98270512717615,-79.98270138176682,-79.98269900304284,-79.98269749782853,-79.98269655025179,-79.98269595907954,-79.982695597251,-79.98269538597708,-79.98269527844066,-79.98269524992091,-79.98269529237204,-79.98269541233064,-79.98269563164692,-79.98269599104555,-79.98269655700412,-79.9826974329644,-79.98269877653806,-79.98270082521498,-79.9827040954737
0.8649999999999926,-79.99831739822349,-79.99315009199225,-79.989634047999,-79.98728018790426,-79.98571068962573,-79.98466822233887,-79.9839783851155,-79.98352353429759,-79.98322466587744,-79.98302895012127,-79.98290120384375,-79.98281808762532,-79.98276417711992,-79.98272931586158,-79.98270683963187,-79.98269239057711,-79.98268312847082,-79.9826772082029,-79.98267343496299,-79.98267103754034,-79.9826695198344,-79.98266856396829,-79.98266796734558,-79.98266760198749,-79.98266738849527,-79.98266727965665,-79.98266725050627,-79.98266729286303,-79.98266741321079,-79.98266763341438,-79.98266799427257,-79.98266856239323,-79.98266944140272,-79.98267078914729,-79.9826728433884,-79.98267612122093
0.8699999999999924,-79.99831738470176,-79.99314420502319,-79.98962307959734,-79.9872650493694,-79.98569224987726,-79.98464723839038,-79.98395548111478,-79.9834992057764,-79.98319929544387,-79.98300282686161,-79.98287454239036,-79.98279104502465,-79.98273686686225,-79.98270181907897,-79.98267921377274,-79.98266467597375,-79.9826553532212,-79.9826493917447,-79.98264559065703,-79.98264317451742,-79.98264164430304,-79.9826406801332,-79.98264007804836,-79.98263970915151,-79.98263949343392,-79.98263938328753,-79.98263935350211,-79.98263939576063,-79.98263951649375,-79.98263973758031,-79.98264009989245,-79.98264067016738,-79.98264155221497,-79.9826429041147,-79.982644963898,-79.9826482492731
0.8749999999999923,-79.99831737127096,-79.99313834384883,-79.9896121582375,-79.98724997435076,-79.9856738858622,-79.98462633892296,-79.98393266767427,-79.98347497192677,-79.98317402239,-79.9829768027176,-79.98284798113245,-79.9827641032678,-79.98270965782032,-79.98267442371198,-79.98265168942575,-79.9826370629196,-79.98262767952565,-79.98262167682972,-79.9826178478772,-79.98261541300242,-79.98261387026284,-79.98261289777494,-79.98261229021637,-79.9826119177716,-79.98261169982153,-79.98261158836186,-79.98261155793699,-79.98261160009346,-79.98261172120817,-79.98261194317338,-79.98261230693389,-79.98261287935539,-79.9826137644301,-79.98261512046943,-79.9826171857732,-79.98262047865997
0.8799999999999922,-79.99831735792986,-79.99313250821643,-79.98960128346205,-79.98723496223495,-79.9856555968536,-79.98460552312986,-79.98390994393277,-79.98345083185131,-79.983148845795,-79.98295087675359,-79.98282151912531,-79.9827372614046,-79.98268254904079,-79.98264712880564,-79.98262426563505,-79.98260955045839,-79.9826001064278,-79.98259406250159,-79.98259020566715,-79.98258775203908,-79.98258619675757,-79.9825852159374,-79.98258460289351,-79.98258422689175,-79.98258400670211,-79.98258389392367,-79.98258386285494,-79.98258390490555,-79.98258402639811,-79.98258424923772,-79.9825846144411,-79.98258518900153,-79.98258607709253,-79.98258743725607,-79.98258950805884,-79.98259280842677
0.8849999999999921,-79.99831734467733,-79.99312669787722,-79.98959045482061,-79.98722001241808,-79.98563738213582,-79.9845847902169,-79.98388730904253,-79.98342678466665,-79.98312376475245,-79.9829250480486,-79.98279515543902,-79.98271051849981,-79.98265553958542,-79.98261993342,-79.9825969414599,-79.98258213764899,-79.98257263298638,-79.98256654781902,-79.98256266308569,-79.98256019068623,-79.98255862284617,-79.98255763367955,-79.98255701513882,-79.98255663557094,-79.9825564131347,-79.98255629903207,-79.9825562673151,-79.98255630925607,-79.98255643112277,-79.98255665483254,-79.98255702147331,-79.98255759816513,-79.98255848926173,-79.98255985353428,-79.98256192981482,-79.98256523763378
0.889999999999992,-79.99831733151227,-79.99312091258622,-79.98957967186976,-79.98720512430559,-79.9856192410043,-79.98456413940221,-79.98386476216892,-79.98340282950319,-79.98309877837006,-79.98289931569605,-79.9827688891582,-79.98268387363287,-79.98262862853063,-79.98259283662983,-79.9825697159742,-79.98255482356495,-79.98254525827483,-79.98253913185548,-79.98253521920627,-79.98253272801746,-79.98253114760227,-79.98253015007508,-79.98252952602603,-79.982529142883,-79.98252891819317,-79.98252880276085,-79.98252877039131,-79.98252881221887,-79.98252893445603,-79.98252915903176,-79.98252952710456,-79.98253010592032,-79.98253100001193,-79.98253236837844,-79.98253445011579,-79.98253776535596
0.8949999999999919,-79.9983173184335,-79.99311515210222,-79.98956893417287,-79.98719029731203,-79.98560117276526,-79.9845435699159,-79.98384230249019,-79.98337896550468,-79.98307388576931,-79.98287367880334,-79.98274271938165,-79.98265732589738,-79.9826018149671,-79.98256583752425,-79.98254258826626,-79.98252760729424,-79.98251798138098,-79.98251181369879,-79.98250787311684,-79.98250536312072,-79.98250377011392,-79.98250276421206,-79.98250213464328,-79.9825017479161,-79.98250152096567,-79.98250140419829,-79.98250137117181,-79.98250141288223,-79.98250153548618,-79.98250176092371,-79.9825021304232,-79.98250271135552,-79.98250360843167,-79.98250498087731,-79.98250706805074,-79.98251039068265
0.8999999999999918,-79.99831730543993,-79.99310941618769,-79.9895582412999,-79.98717553086084,-79.98558317673547,-79.98452308099985,-79.9838199291971,-79.98335519182801,-79.98304908608515,-79.9828481364916,-79.98271664522197,-79.98263087440097,-79.98257509799956,-79.98253893520639,-79.98251555743845,-79.98250048793888,-79.98249080140674,-79.98248459245087,-79.98248062391934,-79.98247809509806,-79.98247648948322,-79.98247547519269,-79.98247484009278,-79.98247444977247,-79.9824742205545,-79.98247410244663,-79.9824740687589,-79.98247411034848,-79.98247423331559,-79.9824744596108,-79.98247483053169,-79.98247541357327,-79.98247631362361,-79.98247769013368,-79.98247978272272,-79.98248311271722
0.9049999999999917,-79.99831729253052,-79.99310370460863,-79.9895475928274,-79.98716082438419,-79.9855652522421,-79.98450267190744,-79.98379764149276,-79.98333150764287,-79.98302437846566,-79.98282268789531,-79.98269066580534,-79.98260451826484,-79.98254847674637,-79.98251212879313,-79.98248862260687,-79.98247346461457,-79.98246371746775,-79.98245746722736,-79.9824534707295,-79.98245092306524,-79.98244930482598,-79.98244828213286,-79.98244764149048,-79.98244724756809,-79.98244701607562,-79.98244689662191,-79.98244686226865,-79.98244690373366,-79.9824470270603,-79.98244725420915,-79.98244762654618,-79.98244821168984,-79.98244911470411,-79.98245049526412,-79.98245259324847,-79.98245593057678
0.9099999999999916,-79.99831727970421,-79.99309801713463,-79.98953698833819,-79.98714617732278,-79.98554739862239,-79.98448234190323,-79.98377543859219,-79.9833079121315,-79.98299976207183,-79.98279733216206,-79.98266478027115,-79.98257825662353,-79.98252195033933,-79.98248541741472,-79.982461782901,-79.98244653645054,-79.98243672869309,-79.98243043715735,-79.9824264126764,-79.98242384615149,-79.98242221527151,-79.98242118416188,-79.98242053796574,-79.98242014043237,-79.98241990665854,-79.9824197858536,-79.98241975083052,-79.98241979216728,-79.9824199158499,-79.98242014384829,-79.98242051759631,-79.98242110483488,-79.98242201080298,-79.98242339539854,-79.98242549875819,-79.98242884339182
0.9149999999999915,-79.99831726695993,-79.99309235353863,-79.98952642742134,-79.98713158912564,-79.98552961522346,-79.98446209026281,-79.98375331972224,-79.98328440448832,-79.9829752360772,-79.98277206845225,-79.98263898777174,-79.98255208862456,-79.98249551792324,-79.98245880021452,-79.98243503746346,-79.98241970258907,-79.98240983422495,-79.98240350138305,-79.98239944890237,-79.98239686349915,-79.98239521996221,-79.98239418042225,-79.98239352866108,-79.98239312750785,-79.98239289144577,-79.98239276928426,-79.98239273358712,-79.98239277479196,-79.982392898827,-79.98239312767095,-79.9823935028248,-79.98239409215122,-79.98239500106314,-79.98239638968005,-79.98239849839517,-79.98240185030596
0.9199999999999914,-79.9983172542967,-79.99308671359702,-79.98951590967201,-79.98711705924995,-79.98551190140212,-79.9844419162725,-79.98373128412119,-79.98326098391979,-79.98295079966763,-79.98274689593877,-79.98261328747206,-79.98252601342824,-79.9824691786557,-79.98243227634866,-79.98240838544972,-79.98239296218529,-79.98238303321838,-79.98237665905951,-79.9823725785625,-79.98236997426338,-79.98236831805335,-79.98236727006926,-79.98236661273185,-79.98236620794992,-79.98236596959272,-79.98236584606936,-79.98236580969387,-79.98236585076319,-79.9823659751471,-79.9823662048326,-79.98236658138723,-79.98236717279451,-79.98236808464033,-79.98236947726454,-79.98237159131556,-79.98237495047562
0.9249999999999913,-79.99831724171348,-79.99308109708944,-79.98950543469132,-79.9871025871609,-79.98549425652466,-79.98442181922917,-79.9837093310386,-79.98323764964408,-79.98292645204104,-79.98272181380679,-79.98258767854949,-79.98250003020732,-79.98244293170686,-79.98240584498586,-79.98238182602773,-79.98236631440687,-79.98235632484098,-79.98234990935437,-79.98234580082449,-79.98234317761195,-79.98234150871272,-79.98234045227078,-79.98233978934597,-79.98233938092655,-79.9823391402674,-79.98233901537687,-79.98233897831884,-79.98233901924897,-79.98233914397825,-79.98233937450136,-79.98233975245172,-79.98234034593294,-79.98234126070285,-79.98234265732047,-79.982344776688,-79.98234814306977
0.9299999999999912,-79.99831722920933,-79.99307550379875,-79.98949500208622,-79.9870881723315,-79.98547667996662,-79.98440179843993,-79.98368745973497,-79.98321440089084,-79.9829021924071,-79.98269682125341,-79.98256216019348,-79.98247413814667,-79.98241677625902,-79.9823795053071,-79.98235535837779,-79.98233975843382,-79.98232970827263,-79.98232325144753,-79.98231911486826,-79.98231647272489,-79.98231479112042,-79.98231372620694,-79.98231305768363,-79.98231264561794,-79.98231240265004,-79.98231227638706,-79.98231223864227,-79.98231227942964,-79.98231240450079,-79.98231263585758,-79.9823130151987,-79.982313610747,-79.9823145284313,-79.98231592902859,-79.98231805369342,-79.98232142726965
0.9349999999999911,-79.99831721678326,-79.99306993351097,-79.98948461146934,-79.98707381424236,-79.98545917111265,-79.984381853222,-79.9836656694816,-79.98319123690091,-79.98287801998701,-79.98267191748752,-79.98253673160534,-79.98244833644316,-79.98239071150648,-79.98235325650525,-79.98232898169215,-79.98231329345809,-79.98230318270525,-79.98229668453088,-79.98229251988585,-79.98228985879426,-79.98228816446856,-79.98228709106995,-79.98228641693703,-79.98228600121632,-79.9822857559329,-79.98228562829223,-79.98228558985649,-79.98228563049749,-79.98228575590706,-79.98228598809366,-79.98228636882057,-79.98228696642917,-79.98228788701827,-79.98228929158161,-79.98229142152478,-79.98229480226848
0.939999999999991,-79.99831720443433,-79.9930643860152,-79.98947426245893,-79.98705951238169,-79.98544172935624,-79.98436198290244,-79.98364395956031,-79.98316815692614,-79.98285393401328,-79.98264710172941,-79.98251139199793,-79.98242262430527,-79.98236473665527,-79.98232709778505,-79.98230269517482,-79.98228691868343,-79.98227674734247,-79.98227020780814,-79.98226601508095,-79.98226333502387,-79.98226162796104,-79.98226054606373,-79.98225986631017,-79.98225944692575,-79.98225919932004,-79.98225907029644,-79.98225903116555,-79.98225907165663,-79.98225919740115,-79.98225943041372,-79.98225981252153,-79.98226041218372,-79.9822613356681,-79.98226274418403,-79.98226487938676,-79.98226826727125
0.9449999999999908,-79.99831719216157,-79.99305886110362,-79.98946395467874,-79.98704526624495,-79.98542435409962,-79.98434218681801,-79.98362232926327,-79.98314516022911,-79.9828299337294,-79.98262237321065,-79.98248614059551,-79.98239700095294,-79.98233885092286,-79.98230102836263,-79.98227649804134,-79.98226063332508,-79.98225040139948,-79.98224382049447,-79.98223959966887,-79.98223690062905,-79.98223518081325,-79.98223409040372,-79.98223340501853,-79.98223298196172,-79.982232732027,-79.98223260161524,-79.98223256178507,-79.98223260212266,-79.98223272819871,-79.98223296203342,-79.98223334551726,-79.98223394722639,-79.98223487359665,-79.98223628605184,-79.98223842649556,-79.98224182149441
0.9499999999999907,-79.99831717996415,-79.99305335857133,-79.98945368775787,-79.98703107533485,-79.9854070447535,-79.98432246431489,-79.9836007778927,-79.98312224608298,-79.98280601838975,-79.98259773117377,-79.9824609766334,-79.98237146561728,-79.98231305353795,-79.9822750474654,-79.98225038951847,-79.98223443660957,-79.98222414410274,-79.9822175218164,-79.98221327287608,-79.98221055483639,-79.98220882225186,-79.98220772331663,-79.98220703228888,-79.98220660555101,-79.98220635328059,-79.98220622147547,-79.98220618094187,-79.98220622112244,-79.98220634752661,-79.98220658217967,-79.98220696703474,-79.98220757078421,-79.98220850003102,-79.9822099164123,-79.9822120620786,-79.98221546416568
0.9549999999999906,-79.9983171678411,-79.99304787821634,-79.98944346133067,-79.98701693916111,-79.98538980073697,-79.98430281474852,-79.98357930476077,-79.98309941377119,-79.98278218725926,-79.98257317487207,-79.98243589935785,-79.9823460175403,-79.9822873437402,-79.98224915433177,-79.982224368844,-79.98220832777443,-79.98219797468971,-79.98219131101136,-79.98218703394019,-79.98218429688352,-79.98218255151454,-79.98218144404024,-79.982180747359,-79.98218031693148,-79.98218006231865,-79.98217992911498,-79.98217988787384,-79.98217992789387,-79.9821800546228,-79.98218029009041,-79.98218067631194,-79.98218128209521,-79.98218221420939,-79.98218363450367,-79.98218578537436,-79.98218919452377
0.9599999999999905,-79.99831715579153,-79.99304241983953,-79.98943327503662,-79.98700285724037,-79.98537262147728,-79.98428323748344,-79.98355790918927,-79.98307666258725,-79.98275843961322,-79.98254870356942,-79.98241090802573,-79.98232065597473,-79.98226172078004,-79.98222334821094,-79.98219843526653,-79.98218230606797,-79.98217189240864,-79.9821651873277,-79.98216088210955,-79.98215812601889,-79.9821563678498,-79.98215525182307,-79.98215454947746,-79.9821541153517,-79.98215385838984,-79.98215372378246,-79.98215368182966,-79.98215372168563,-79.98215384873596,-79.98215408501439,-79.98215447259764,-79.98215508040826,-79.98215601538065,-79.98215743957502,-79.98215959563207,-79.98216301181822
0.9649999999999904,-79.9983171438146,-79.9930369832446,-79.98942312852031,-79.98698882909606,-79.98535550640975,-79.98426373189311,-79.98353659050953,-79.98305399183465,-79.9827347747371,-79.98252431654,-79.98238600190432,-79.98229538018388,-79.98223618391845,-79.98219762836264,-79.98217258804517,-79.98215637074914,-79.98214589651843,-79.98213915002425,-79.98213481664311,-79.9821320415015,-79.98213027051673,-79.98212914592428,-79.98212843790347,-79.98212800007094,-79.98212774075337,-79.98212760473714,-79.98212756206858,-79.98212760175703,-79.9821277291254,-79.98212796621092,-79.98212835515123,-79.98212896498279,-79.98212990280435,-79.98213133088602,-79.98213349211157,-79.9821369153091
0.9699999999999903,-79.99831713190943,-79.99303156823791,-79.98941302143126,-79.9869748542582,-79.98533845497745,-79.98424429735964,-79.98351534806221,-79.9830314008265,-79.9827111919263,-79.98250001306808,-79.98236118027116,-79.98227018944125,-79.98221073242671,-79.98217199405698,-79.98214682644951,-79.98213052108719,-79.98211998628827,-79.98211319837031,-79.98210883681016,-79.98210604260072,-79.98210425878476,-79.98210312561332,-79.98210241190655,-79.98210197035871,-79.98210170867884,-79.98210157124863,-79.98210152786024,-79.98210156737768,-79.98210169506076,-79.98210193294972,-79.98210232324242,-79.98210293508856,-79.98210387575033,-79.98210530770663,-79.98210747408304,-79.98211090426683
0.9749999999999902,-79.99831712007521,-79.99302617462858,-79.98940295342383,-79.98696093226333,-79.98532146663126,-79.98422493327371,-79.98349418119702,-79.98300888888545,-79.98268769048602,-79.9824757924479,-79.98233644241375,-79.98224508303048,-79.9821853655862,-79.9821464445742,-79.98212114975914,-79.98210475636155,-79.98209416099752,-79.98208733164527,-79.98208294189018,-79.98208012859611,-79.9820783319335,-79.98207719016989,-79.98207647076639,-79.98207602549475,-79.98207576144598,-79.9820756225967,-79.98207557848441,-79.98207561782739,-79.98207574582187,-79.9820759845106,-79.98207637615107,-79.98207699000552,-79.98207793349863,-79.98207936931699,-79.98208154082678,-79.98208497797198
0.9799999999999901,-79.9983171083111,-79.99302080222837,-79.98939292415713,-79.9869470626544,-79.98530454082955,-79.98420563903439,-79.98347308927265,-79.98298645534342,-79.98266426973095,-79.98245165398336,-79.9823117876295,-79.98222006024501,-79.98216008268827,-79.98212097920441,-79.98209555726369,-79.9820790758616,-79.98206841993552,-79.98206154913845,-79.9820571311726,-79.98205429877716,-79.9820524892525,-79.98205133888355,-79.98205061377263,-79.98205016476875,-79.98204989834451,-79.98204975807104,-79.98204971323081,-79.9820497523959,-79.98204988069851,-79.98205012018335,-79.98205051316702,-79.98205112902353,-79.98205207533921,-79.9820535150072,-79.98205569163305,-79.98205913571505
0.98499999999999,-79.99831709661626,-79.99301545085153,-79.98938293329499,-79.98693324498053,-79.98528767703807,-79.98418641404895,-79.98345207165653,-79.98296409954155,-79.98264092898519,-79.9824275969879,-79.98228721522533,-79.98219512038803,-79.9821348830339,-79.98209559724752,-79.98207004826247,-79.98205347888644,-79.9820427624013,-79.98203585014899,-79.98203140395655,-79.98202855244308,-79.98202673004101,-79.98202557105368,-79.98202484022467,-79.9820243874801,-79.98202411867388,-79.98202397697113,-79.98202393139893,-79.98202397038268,-79.98202409899014,-79.98202433926748,-79.98202473358985,-79.98202535144225,-79.98202630057176,-79.98202774407707,-79.98202992580184,-79.98203337679625
0.9899999999999899,-79.99831708498994,-79.99301012031495,-79.98937298050576,-79.98691947879705,-79.98527087472988,-79.98416725773268,-79.98343112772471,-79.98294182082982,-79.98261766758202,-79.98240362078434,-79.98226272451762,-79.98217026277217,-79.9821097659336,-79.98207029801293,-79.98204462206436,-79.98202796474473,-79.98201718770355,-79.98201023398553,-79.98200575955077,-79.98200288890268,-79.98200105360796,-79.98199988598917,-79.98199914943143,-79.98199869293778,-79.98199842174303,-79.98199827860599,-79.98199823229777,-79.98199827109678,-79.98199840000586,-79.98199864107214,-79.98199903672865,-79.9819996565708,-79.98200060850553,-79.98200205583599,-79.98200424264266,-79.98200770052539
0.9949999999999898,-79.99831707343131,-79.99300481043795,-79.98936306546231,-79.98690576366525,-79.98525413338514,-79.9841481695088,-79.98341025686163,-79.98291961856704,-79.98259448486375,-79.98237972470456,-79.98223831483205,-79.98214548671936,-79.98208473070727,-79.9820450808194,-79.98201927798763,-79.98200253275454,-79.9819916951602,-79.98198469996609,-79.98198019727336,-79.98197730747411,-79.98197545927152,-79.98197428300828,-79.98197354071124,-79.98197308046015,-79.98197280687036,-79.98197266229397,-79.98197261524575,-79.98197265385663,-79.98197278306407,-79.9819730249157,-79.98197342190193,-79.98197404372776,-79.98197499845917,-79.98197644960268,-79.98197864147443,-79.98198210622155
0.9999999999999897,-79.99831706193959,-79.9929995210423,-79.98935318784191,-79.98689209915236,-79.98523745249098,-79.98412914880826,-79.98338945846001,-79.98289749212063,-79.98257138018145,-79.98235590808946,-79.98221398550326,-79.98212079156066,-79.98205977668393,-79.9820199449949,-79.98199401535966,-79.98197718224303,-79.98196628409845,-79.98195924741789,-79.9819547164516,-79.98195180748472,-79.9819499463591,-79.9819487614385,-79.98194801339159,-79.98194754937471,-79.98194727338343,-79.98194712736266,-79.98194707957043,-79.98194711798979,-79.98194724749239,-79.98194749012585,-79.98194788843733,-79.98194851224085,-79.98194946976045,-79.98195092470505,-79.98195312162522,-79.98195659321306
1.0049999999999897,-14.84351990792469,-58.537738602900696,-72.98160675409694,-77.69787842400972,-79.23750282683451,-79.73984932848379,-79.90357036959638,-79.95680441667618,-79.9740301843798,-79.97954888086582,-79.9812802530564,-79.98179897267448,-79.98193777650272,-79.98196314697849,-79.98195845874893,-79.98194852149754,-79.98193984541109,-79.98193351333676,-79.98192919796938,-79.98192634954559,-79.98192450154612,-79.9819233164766,-79.98192256545538,-79.98192209857537,-79.981921820474,-79.98192167310127,-79.98192162459291,-79.98192166282782,-79.98192179262577,-79.98192203603865,-79.98192243567138,-79.98192306144671,-79.98192402174615,-79.98192548048,-79.9819276824321,-79.9819311608372
1.0099999999999896,-2.570056083055125,-47.968698576426014,-67.3237176360517,-75.12998732219611,-78.1636595642963,-79.31229260680212,-79.7388116953735,-79.89477435814528,-79.95107346634173,-79.97115824053711,-79.97823671991142,-79.98069454858805,-79.98152962121166,-79.98180293233183,-79.98188590476454,-79.98190675966423,-79.981908831164,-79.98190622405471,-79.98190318793903,-79.98190077271117,-79.98189906781123,-79.98189792774359,-79.98189718937536,-79.98189672502185,-79.98189644666213,-79.9818962985705,-79.98189624956068,-79.9818962876825,-79.98189641779815,-79.98189666199565,-79.98189706294822,-79.98189769069045,-79.98189865376176,-79.98190011627321,-79.98190232324092,-79.98190580844008
1.0149999999999895,0.543447726227192,-42.982427621873164,-63.67424665552438,-73.0541824948276,-77.12334841341394,-78.83004376339383,-79.52687057909878,-79.80518251782279,-79.91430403914258,-79.95640969804866,-79.97242351251691,-79.97842970957335,-79.98064930315054,-79.98145495585422,-79.98174007030828,-79.9818368560865,-79.98186717629484,-79.98187498573942,-79.98187575749863,-79.98187472141028,-79.98187351040598,-79.98187254443813,-79.98187186591106,-79.98187142122711,-79.98187114880189,-79.9818710022163,-79.98187095349967,-79.98187099178996,-79.98187112232138,-79.98187136733591,-79.98187176961665,-79.98187239932437,-79.98187336516087,-79.98187483143884,-79.98187704340614,-79.98188053537639
1.0199999999999894,1.7323633340367905,-39.54142165166787,-61.04131595958042,-71.40625531379844,-76.20685731583644,-78.35994213855554,-79.29962592830286,-79.70021108509762,-79.86752093632005,-79.93615145995985,-79.96385217424191,-79.97486745245783,-79.97918541937305,-79.98085331829371,-79.98148693905696,-79.98172258192913,-79.98180753424191,-79.98183659680429,-79.98184555132286,-79.9818476348442,-79.98184760143084,-79.98184707517683,-79.98184655867793,-79.9818461726359,-79.98184592089218,-79.98184578135275,-79.98184573499637,-79.98184577422084,-79.98184590544898,-79.98184615138153,-79.98184655502436,-79.98184718670569,-79.98184815530425,-79.98184962533902,-79.98185184229051,-79.98185534100926
1.0249999999999893,17.430532353854563,-30.639323934769777,-56.897387653741525,-69.36972941216784,-75.18427880816341,-77.84945370268389,-79.04979469376771,-79.58096533226352,-79.81204149496773,-79.91095283521398,-79.95265136833058,-79.96997959602493,-79.97708220287561,-79.97995434166451,-79.9810996478788,-79.98154931311423,-79.98172252945822,-79.98178753113967,-79.981810949743,-79.98181879188995,-79.98182102770207,-79.98182138658504,-79.9818212116709,-79.98182095587224,-79.98182075308486,-79.98182063165828,-79.98182059195821,-79.98182063377148,-79.98182076632816,-79.981821013417,-79.98182141850917,-79.98182205219278,-79.98182302355819,-79.98182449734315,-79.98182671926466,-79.98183022470992
1.0299999999999891,23.00383606932204,-21.068227771098144,-52.00140858118283,-66.94948512615865,-73.99208557206198,-77.26394978418875,-78.76449239412017,-79.44366654326336,-79.74698045481736,-79.88063560884981,-79.93875946681287,-79.96371337433298,-79.97429315922314,-79.97872366563264,-79.98055610982014,-79.98130419755155,-79.98160520916944,-79.98172423004631,-79.98177020876732,-79.98178736727102,-79.98179340970589,-79.98179530817123,-79.98179574968913,-79.98179573816036,-79.98179563111401,-79.98179554680243,-79.98179552140489,-79.98179556885684,-79.98179570394805,-79.9817959526652,-79.98179635938813,-79.98179699514036,-79.98179796929242,-79.98179944682686,-79.98180167370661,-79.98180518585733
1.034999999999989,26.19904542102282,-8.801971818191827,-45.767266739236454,-63.93592006124771,-72.53855437088475,-76.56231350292262,-78.42630881139551,-79.28144962527203,-79.66978066949082,-79.84426665099504,-79.92182120879843,-79.95591703597903,-79.97074357496311,-79.97712069997712,-79.97983351379413,-79.98097453018268,-79.98144869106952,-79.98164308697265,-79.98172149914338,-79.98175246058072,-79.9817643158989,-79.98176863784622,-79.98177007991247,-79.98177047748233,-79.98177053608703,-79.98177051822401,-79.98177051931461,-79.98177057742005,-79.98177071709102,-79.98177096826255,-79.98177137694547,-79.98177201489375,-79.98177299187725,-79.98177447317067,-79.98177670500104,-79.98178022383776
1.039999999999989,29.202471812305866,4.985205660227912,-38.067344248615164,-60.20459529342695,-70.74999052279173,-75.70627706817285,-78.01686834575207,-79.08600247112285,-79.57684686884484,-79.80033202986257,-79.90120158555723,-79.94631823121804,-79.96631127519436,-79.97508757052657,-79.97890312354936,-79.98054562249227,-79.98124539160789,-79.98154020329132,-79.98166284237311,-79.98171308492458,-79.98173326314561,-79.9817411434188,-79.9817440926253,-79.98174512271477,-79.9817454443855,-79.98174553499076,-79.98174558051181,-79.9817456568591,-79.98174580428973,-79.98174605923577,-79.98174647042053,-79.98174711078282,-79.98174809068074,-79.98174957575863,-79.9817518125385,-79.98175533804425
1.0449999999999888,31.532876976746614,15.089142528929408,-29.706878633877636,-55.94663332010903,-68.65864968744913,-74.69203016450278,-77.52828583761477,-78.85179239530558,-79.46509311180772,-79.74727749965152,-79.87615740063465,-79.9345695326581,-79.96083418308854,-79.97254776638229,-79.97772813808241,-79.97999943900038,-79.98098634995246,-79.98141109785904,-79.98159199870538,-79.98166812761349,-79.98169970405762,-79.9817125587632,-79.98171766002844,-79.98171961317139,-79.98172032741847,-79.98172058363875,-79.9817206985613,-79.98172080396014,-79.98172096378768,-79.9817212244796,-79.98172163899571,-79.98172228211568,-79.9817232650654,-79.9817247539765,-79.98172699571451,-79.98173052787597
1.0499999999999887,32.76796159714025,20.244421392478202,-20.090326388008165,-50.96989701968891,-66.20283050466381,-73.49515122745244,-76.94887179169172,-78.57273979991076,-79.33133507094482,-79.68347066181337,-79.84587283240954,-79.92027127201969,-79.95411878803104,-79.96940794413575,-79.97626342100405,-79.97931402289078,-79.98066081317748,-79.98125047744918,-79.98150635670955,-79.98161630174712,-79.9816630071079,-79.98168257597993,-79.98169063317995,-79.9816938773703,-79.98169515108579,-79.98169564791414,-79.98169586563286,-79.98169601482331,-79.98169619349797,-79.98169646273413,-79.98169688178429,-79.98169752817226,-79.98169851438485,-79.98170000721005,-79.98170225392849,-79.98170579273754
1.0549999999999886,33.380693928946314,23.294049430107346,-7.7376203229962455,-44.604375670969645,-63.13550925976994,-72.02457578458616,-76.24401009533834,-78.23506136888852,-79.1698011179372,-79.60638540640059,-79.8092051068072,-79.90289489416506,-79.94591708580964,-79.9655505720272,-79.97445282880442,-79.97846236588362,-79.98025570731261,-79.98105198127385,-79.98140281145378,-79.98155608988446,-79.98162243143776,-79.98165083443263,-79.9816628372985,-79.98166783102025,-79.98166987489716,-79.9816707083731,-79.98167107231089,-79.98167128476811,-79.9816714909548,-79.98167177255947,-79.98167219781706,-79.9816728481973,-79.98167383798005,-79.98167533484308,-79.98167758658272,-79.98168113203825
1.0599999999999885,33.78851159540531,25.827525834220737,5.591217500643521,-36.830448619107464,-59.35606910468051,-70.21512761565309,-75.38012292907113,-77.82281448549875,-78.97316197670175,-79.51268454294437,-79.76463239820991,-79.88174177022856,-79.93590559378511,-79.9608245347128,-79.9722251659545,-79.9774106620784,-79.97975486833086,-79.98080783538235,-79.98127760740888,-79.981485672565,-79.9815770945433,-79.98161690627624,-79.98163406533291,-79.9816413741708,-79.98164445070243,-79.98164574180778,-79.98164630732911,-79.9816466082074,-79.98164685325199,-79.98164715230511,-79.98164758602692,-79.98164824139243,-79.98164923517537,-79.98165073625525,-79.98165299308108,-79.98165654519121
1.0649999999999884,33.98368992866529,27.59592087856084,14.976688320719822,-28.31695493130594,-55.01434292437124,-68.08810022040873,-74.35121708365173,-77.32805999681796,-78.73609370528523,-79.39938418877688,-79.71060960828085,-79.85604367005874,-79.92371052533757,-79.95504996922183,-79.96949430072819,-79.9761177091404,-79.97913856476795,-79.98050857004918,-79.98112618874207,-79.98140285341047,-79.98152593609265,-79.98158027938716,-79.98160407003964,-79.98161438757234,-79.98161882102578,-79.98162072048233,-79.98162155721727,-79.98162197848183,-79.9816222769642,-79.98162260007193,-79.9816230452301,-79.98162370690683,-79.98162470527372,-79.98162621081963,-79.98162847282764,-79.98163203161243
1.0699999999999883,33.902751519984996,28.451586873386773,19.78256077917492,-18.265851204374115,-49.829554717352586,-65.54919668794577,-73.1215252478315,-76.73534635217874,-78.4513131877359,-79.26291138975067,-79.64536529681479,-79.824924737019,-79.90890183735549,-79.94801721027889,-79.96615858067784,-79.97453440684625,-79.97838312940455,-79.98014278631256,-79.98094306514261,-79.98130498690627,-79.98146768079084,-79.9815403388862,-79.98157255500715,-79.98158672838971,-79.9815929170415,-79.98159561118241,-79.9815968058551,-79.98159738765001,-79.98159775804744,-79.98159811366433,-79.98159857410305,-79.98159924382597,-79.981600247551,-79.98160175789984,-79.98160402522502,-79.98160759071965
1.0749999999999882,33.63012281501851,28.826991045729915,22.74262198799421,-5.537271627995946,-43.18329778530308,-62.356736292284126,-71.59796441390544,-76.00814964993711,-78.1040005779767,-79.0970133493428,-79.56616133839438,-79.78714864077824,-79.89090855551378,-79.93945850337907,-79.96209121194454,-79.97260034806311,-79.9774596745848,-79.97969663600912,-79.9807215870296,-79.98118887631455,-79.9814007906047,-79.98149634445349,-79.9815391638359,-79.98155822504594,-79.98156665612366,-79.981570374054,-79.98157203392292,-79.98157282622812,-79.98157329171538,-79.9815736905314,-79.9815741711542,-79.9815748511578,-79.98157586124935,-79.98157737684654,-79.98157964967265,-79.9815832219311
1.079999999999988,33.25396570857749,29.009558637509553,25.13094296614878,7.338544545070789,-35.24001221360238,-58.46830101697927,-69.73307282860395,-75.11787815653061,-77.67944156535415,-78.89457977101296,-79.46965179586583,-79.74115526327135,-79.86900364853915,-79.92903388018544,-79.95713244641443,-79.97024009577828,-79.97633241881475,-79.97915308412882,-79.98045362015837,-79.98105062856908,-79.98132339911746,-79.9814474002202,-79.98150346617706,-79.98152867069813,-79.98153993878249,-79.98154496116011,-79.98154721822009,-79.98154828286751,-79.98154887228638,-79.98154932769398,-79.98154983468898,-79.981550527816,-79.98155154556889,-79.98155306699341,-79.98155534556442,-79.98155892466413
1.084999999999988,32.780668062344915,28.971493892195767,26.653933906904573,15.77458899796274,-26.516988375909037,-53.99705937036656,-67.5410610575446,-74.05757005574691,-77.16967485166496,-78.65030847390312,-79.35283970734793,-79.6853756160559,-79.84239893288952,-79.91635654218244,-79.95109495894233,-79.96736357906532,-79.97495820675147,-79.97849148219554,-79.98012928628944,-79.98088551560846,-79.98123324164527,-79.98139242060208,-79.98146494129423,-79.98149781539539,-79.98151264493916,-79.98151931471492,-79.9815223308283,-79.98152374395802,-79.98152449299513,-79.98152502165507,-79.98152556276708,-79.98152627259941,-79.98152729965783,-79.98152882765218,-79.98153111228606,-79.98153469833335
1.0899999999999879,32.20177998938954,28.695869384426054,27.32168935315797,20.0876490013819,-15.945474707697334,-48.55091474243914,-64.88885442187323,-72.77845859879513,-76.55496390691502,-78.35550037231863,-79.21167211358596,-79.61786709346626,-79.81015310576299,-79.9009695199799,-79.94375733028053,-79.96386382793139,-79.97328550188548,-79.97768705267382,-79.97973668938786,-79.98068783037728,-79.98112758114213,-79.98133009297864,-79.9814229595892,-79.98146535705288,-79.98148462955753,-79.98149336498328,-79.98149733810601,-79.98149919314781,-79.98150014576366,-79.9815007682905,-79.98150135315022,-79.98150208416699,-79.98150312260032,-79.98150465810664,-79.98150694921205,-79.9815105423486
1.0949999999999878,31.53622048675,28.266030926304218,27.58287575301403,22.92462274296676,-2.8513510770296255,-41.58735535046571,-61.546077009632384,-71.1869068932379,-75.79721272419636,-77.99435590042584,-79.03941379257999,-79.53567403760385,-79.770935099495,-79.8822609414915,-79.93483407705745,-79.9596062960972,-79.97125048172013,-79.97670939900975,-79.97926131679873,-79.98045063330531,-79.9810030960377,-79.98125882644234,-79.98137675868712,-79.9814309301555,-79.98145571727414,-79.98146702772078,-79.9814721994668,-79.9814746107601,-79.9814758209229,-79.98147656271601,-79.98147720323854,-79.98147796100733,-79.98147901340171,-79.98148055760537,-79.98148285570166,-79.98148645611246
1.0999999999999877,30.804296150934494,27.740816577181956,27.653337869664927,25.160770891178917,9.37307120664653,-33.47145501192199,-57.53531598326071,-69.25581869190229,-74.87379148642545,-77.55373283759795,-78.82929053223256,-79.43548130062949,-79.723160507781,-79.85948098326713,-79.92397133510931,-79.9544238804192,-79.96877407355363,-79.9755210127667,-79.9786853349729,-79.98016542845174,-79.98085573227173,-79.98117668399621,-79.98132541215332,-79.98139409121237,-79.98142569558814,-79.9814402009674,-79.98144686586336,-79.98144997307448,-79.98145150687097,-79.98145239912454,-79.98145310999303,-79.98145390140151,-79.98145497097079,-79.98145652535295,-79.98145883109447,-79.98146243901732
1.1049999999999875,30.00928377266209,27.1189930190804,27.48591253118243,26.462630162979522,16.77532613683056,-24.47957809080246,-52.90533548383638,-66.9841375669821,-73.77442530751718,-77.02500045007817,-78.57585242230908,-79.31423837844014,-79.6652287305541,-79.83182115236298,-79.91077008083863,-79.94812242326911,-79.96576260709858,-79.97407692570454,-79.97798721331583,-79.97982191991824,-79.98068056836249,-79.98108131298122,-79.98126779494557,-79.98135430195265,-79.98139430677978,-79.98141276118426,-79.98142127794628,-79.98142525145012,-79.98142718965595,-79.98142827058746,-79.9814290698407,-79.98142990337784,-79.98143099409788,-79.98143256049944,-79.98143487470468,-79.98143849044173
1.1099999999999874,29.151084717527812,26.40121554428304,27.092554644940186,26.988455527921495,20.61859643688265,-13.324613643886506,-47.15764081700476,-64.19909846293365,-72.4363569663295,-76.38362968781234,-78.26877361361235,-79.16733413589543,-79.5949993697487,-79.79826635498756,-79.89474405580452,-79.94046816918137,-79.96210367150451,-79.97232313090686,-79.97714103671454,-79.97940768604201,-79.98047165512405,-79.9809698655102,-79.98120254405771,-79.98131091000567,-79.98136123849996,-79.98138455870001,-79.98139536387146,-79.98140041127385,-79.98140285247231,-79.98140416881387,-79.98140507855962,-79.98140596465677,-79.9814070814284,-79.98140866212722,-79.98141098581442,-79.98141460974611
1.1149999999999873,28.235212554520256,25.60699083977404,26.56123969416247,27.178158773147743,23.33254902330366,0.0026335685844945944,-39.879218092929996,-60.69841447291778,-70.77050392922384,-75.59145246533947,-77.89169885199877,-78.98766606231085,-79.50932921005817,-79.75739826707502,-79.87524227807289,-79.93115830147545,-79.95765502701833,-79.97019236814431,-79.97611486116661,-79.97890751369559,-79.980221734954,-79.98083887552569,-79.98112800299683,-79.9812631232626,-79.98132611175669,-79.98135541203102,-79.98136903660128,-79.98137541067459,-79.98137847504765,-79.98138008385784,-79.98138113113896,-79.981382082584,-79.9813832314308,-79.98138482923541,-79.98138716366556,-79.98139079626748
1.1199999999999872,27.267471356745276,24.75060500573191,25.935720441430608,27.17242719651128,25.38887711147824,11.35193494183619,-31.601897419164544,-56.5633045633767,-68.76958556657414,-74.63207256167763,-77.43327437582897,-78.76890152758033,-79.4049775222247,-79.70762475923625,-79.85149807883927,-79.91982709044258,-79.95224286022909,-79.96760210283273,-79.97486947517369,-79.97830275418478,-79.97992192835267,-79.98068411051231,-79.98104215237937,-79.98120997745167,-79.98128846573294,-79.98132510074669,-79.98134219053924,-79.98135019893041,-79.98135403288681,-79.98135600375907,-79.98135722160796,-79.98135825404886,-79.98135944235726,-79.98136106072072,-79.98136340744975,-79.98136704931316
1.1249999999999871,26.249944983245076,23.83405023779134,25.21068864376916,26.91726917043502,26.48006023588061,17.74927840091951,-22.265544927948085,-51.74412539190518,-66.40611490899124,-73.48837850995082,-76.88312812176272,-78.50512915728655,-79.27875244137867,-79.64729039665298,-79.82267698052617,-79.9060620511944,-79.94566594813689,-79.96445501680743,-79.9733580701314,-79.97757096845392,-79.97956149913406,-79.98050043873812,-79.98094254030653,-79.9811503010998,-79.98124774056906,-79.98129335712612,-79.98131469751924,-79.98132471454956,-79.98132949635587,-79.98133191410591,-79.98133334282743,-79.98133447538467,-79.98133571219607,-79.98133735535421,-79.98133971629635,-79.9813433681531
1.129999999999987,25.183979104533623,22.85966339210173,24.39259866217082,26.451390766768757,26.892911431748967,21.20689641862947,-10.500158923256521,-45.66437953815306,-63.473345128666516,-72.08440104934088,-76.21186843836695,-78.18428017166221,-79.12542114354183,-79.57402965472016,-79.78767960216742,-79.88934386337907,-79.93767688580655,-79.96063279630401,-79.97152399372129,-79.97668502773303,-79.97912746149927,-79.98028164728883,-79.98082619545755,-79.98108267350109,-79.9812032569784,-79.98125985628818,-79.98128640204143,-79.9812988829778,-79.9813048295817,-79.98130779750835,-79.98130948623768,-79.98131074224823,-79.98131203861367,-79.98131371175303,-79.98131608925779,-79.9813197520105
1.134999999999987,24.07221923640722,21.833624130285994,23.502208873863786,25.86132857341033,27.029486566513103,23.800740732251878,2.845909919470139,-38.096933150970116,-59.816655204654026,-70.3421335791215,-75.38333470268222,-77.79007937354316,-78.93769995557372,-79.48456366367307,-79.74501396532112,-79.86898567218637,-79.92795614796827,-79.95598554851931,-79.96929649188621,-79.97561138856678,-79.97860386666515,-79.98002013870712,-79.98068949426087,-79.9810053650161,-79.98115418885114,-79.98122420342881,-79.98125711526626,-79.98127261375411,-79.98127998909992,-79.98128363295382,-79.98128564155111,-79.98128704947287,-79.98128841888419,-79.98129012834615,-79.98129252529182,-79.98129620005054
1.1399999999999868,22.91742466695686,20.760872819356493,22.550815161523275,25.175883792748024,26.959223820228644,25.652785586238817,13.143793700495943,-29.656982556523847,-55.55428717752978,-68.26905637335483,-74.38634844330664,-77.31282187986973,-78.70970786194263,-79.37574467123906,-79.69309018652892,-79.84420809701905,-79.91612762450627,-79.95033321600351,-79.96658968477252,-79.97430914746427,-79.97797123709356,-79.97970663504294,-79.98052801483989,-79.9809162669137,-79.98109952995118,-79.9811859180785,-79.98122660757558,-79.98124579699116,-79.98125492218662,-79.98125939501506,-79.98126179637555,-79.98126339088896,-79.9812648498035,-79.98126660333243,-79.98126902323979,-79.9812727113666
1.1449999999999867,21.721573554151377,19.643702181913866,21.539874103531158,24.388785411666213,26.63578491341771,26.549833199225404,18.638203966062868,-19.89062477235281,-50.51152483781511,-65.80111083008947,-73.19338347435651,-76.73919728129403,-78.43468841449705,-79.24412102884492,-79.63016265828578,-79.81414044409158,-79.90176246995618,-79.9434666867782,-79.96330235766743,-79.9727295673624,-79.97720618598348,-79.979329938749,-79.98033640293482,-79.9808128208126,-79.98103805817863,-79.98114441642666,-79.98119459995962,-79.98121829921665,-79.98122956486165,-79.98123505289445,-79.98123793575742,-79.98123975910562,-79.98124132758454,-79.98124313462979,-79.98124558180035,-79.98124928496361
1.1499999999999866,20.48654375595792,18.48448307856255,20.47324791023808,23.511746778215368,26.12045326242473,26.873299644635566,21.802656482092196,-7.5379008504722425,-44.081270907686815,-62.709648881664265,-71.71806479462461,-76.03549449859715,-78.09888922908549,-79.08382152396302,-79.55362459143731,-79.77759068718312,-79.8843046866748,-79.93512346260462,-79.95930973465536,-79.97081313218364,-79.97628028180789,-79.97887646083792,-79.98010816337907,-79.98069192258825,-79.98096829020255,-79.98109898964603,-79.98116075361214,-79.9811899583742,-79.98120383948847,-79.9812105692731,-79.98121404163068,-79.98121614524678,-79.98121784773069,-79.98121971981345,-79.98122219949747,-79.98122591973774
1.1549999999999865,19.21459928738369,17.286453913790165,19.357705474622176,22.56531291733497,25.49235803665681,26.963762444395556,24.268370323208302,5.562173076063709,-36.263584634030614,-58.90429099460666,-69.89961783365254,-75.16970338947395,-77.6868227082238,-78.8876040084881,-79.46012822708931,-79.73301211256833,-79.8630365055759,-79.92496844167475,-79.95445444696432,-79.9684855735849,-79.97515834123595,-79.97832948802915,-79.97983534170103,-79.98054978155051,-79.98088841799218,-79.9810487748016,-79.98112465641611,-79.981160577483,-79.98117765177935,-79.98118589889,-79.98119009214052,-79.98119253862868,-79.98119440488111,-79.98119635604075,-79.98119887464158,-79.98120261445168
1.1599999999999864,17.908109282431145,16.052579619037196,18.1978510076587,21.5578269164323,24.766672248112293,26.83203907110094,25.900123381551815,14.710633819939218,-27.63641200450003,-54.5056661747004,-67.7509134563207,-74.13347149135939,-77.18986943586083,-78.64992261378887,-79.34660065953761,-79.67881666825555,-79.83716708129928,-79.91261582409514,-79.94855044263143,-79.965657726545,-79.97379776815325,-79.9776687006901,-79.97950824964961,-79.98038177843591,-79.98079623860245,-79.98099272091,-79.98108580671665,-79.98112991691674,-79.98115088712719,-79.98116098679927,-79.98116606081483,-79.98116892636514,-79.98117099262203,-79.98117303995942,-79.98117560528212,-79.98117936770468
1.1649999999999863,16.569337865067794,14.785263072058022,16.996195839641402,20.490766753476198,23.938959899344912,26.451157765490077,26.62511364336206,19.441069320712483,-17.35663279496001,-49.20269588857319,-65.16484249978305,-72.8860505703592,-76.590705661636,-78.36279356857017,-79.20920134337597,-79.61312659223827,-79.80577622512332,-79.89761626988195,-79.94137943161911,-79.96222406572052,-79.97214775444534,-79.97686970948702,-79.97911520446719,-79.98018232494285,-79.98068908124459,-79.98092955210686,-79.98104359508075,-79.9810976854921,-79.98112340629108,-79.98113576629349,-79.98114191556816,-79.98114529289067,-79.98114760325778,-79.98114976759607,-79.98115238915003,-79.98115617789608
1.1699999999999862,15.200600708125178,13.486961861258973,15.755779088695958,19.369281568157408,23.025308516786968,25.898707433245598,26.878159221088485,22.389932731337144,-4.50030030583436,-42.418354967383365,-61.90824774463094,-71.33540079322916,-75.85250230868729,-78.01105219664723,-79.04146886560457,-79.53309651361678,-79.76757601755469,-79.87937475024071,-79.93266264197645,-79.95805282980487,-79.97014569892524,-79.97590268701795,-79.97864197393979,-79.97994462575791,-79.98056370063206,-79.9808577183767,-79.980997281113,-79.98106352944939,-79.98109504013367,-79.98111015638582,-79.98111761749632,-79.98112161938306,-79.98112422753357,-79.98112653422127,-79.98112922358774,-79.98113304318086
1.174999999999986,13.804379220707203,12.160374468830629,14.480285873267496,18.200270660845966,22.044701045209067,25.241750363530784,26.923242754983217,24.708160106028572,8.072590757255089,-34.39151329449724,-57.96353791049865,-69.44212374484607,-74.94908971969062,-77.58062273987917,-78.8364175276488,-79.43537953474548,-79.7209863597497,-79.85714867877898,-79.92205096622989,-79.95297950244606,-79.96771384733023,-79.97473078539092,-79.97807105717891,-79.97966035490705,-79.98041613089673,-79.98077532902123,-79.98094596282961,-79.98102701821324,-79.98106558294613,-79.98108405866121,-79.98109311938443,-79.98109788305378,-79.98110085429607,-79.98110333418455,-79.98110610546408,-79.98110996141577
1.179999999999986,12.383244945628316,10.80817021893404,13.172907606347003,16.987908020682724,21.00280865248162,24.484687347807064,26.730843227283476,26.114422552445347,16.05805231429777,-25.5270888332892,-53.411626912865565,-67.21210214732596,-73.87144379981295,-77.06302591968353,-78.58859441383272,-79.31691968496887,-79.66440845389172,-79.83013338469527,-79.90914856382506,-79.94681199370923,-79.96475972983673,-79.97330969501398,-79.97738127514906,-79.97931940201889,-79.98024154817693,-79.98068008276489,-79.98088854224434,-79.9809876277398,-79.98103478446261,-79.98105735346392,-79.98106836388972,-79.9810740562818,-79.98107747007913,-79.98108016071322,-79.98108303107036,-79.9810869300936
1.1849999999999858,10.939800169367487,9.432921859273442,11.836383829168161,15.734925174444585,19.901604085848035,23.626980035502076,26.300120280487214,26.692376695803876,20.173735104787873,-14.666184659262294,-47.81284057559397,-64.49392060283375,-72.56413913415288,-76.4361713489622,-78.28847224277803,-79.17336775338582,-79.59578973931399,-79.79734459375715,-79.89348072372076,-79.939321216807,-79.96117296603407,-79.97158634655447,-79.97654716522769,-79.978909570594,-79.98003411765185,-79.98056919058156,-79.98082368687994,-79.98094472154564,-79.98100234060087,-79.98102989541192,-79.98104328137984,-79.98105010557464,-79.98105405860397,-79.98105700566883,-79.98105999599441,-79.98106394626326
1.1899999999999857,9.47670622925459,8.03724564824679,10.47359330570864,14.444861336729295,18.747252045437737,22.6878482979283,25.717661503616423,26.88904747445893,22.96084494579728,-1.4556498797576864,-40.68727327237271,-61.07086998816601,-70.93576079814521,-75.66190804725497,-77.91995658754226,-78.99779111338398,-79.51207153021517,-79.75740211420128,-79.8744130163711,-79.93021148400754,-79.9568144200495,-79.9694948616509,-79.97553741613699,-79.97841594578628,-79.97978672614956,-79.98043925791795,-79.98074977623996,-79.98089752584785,-79.98096788175836,-79.98100150784288,-79.98101778728581,-79.98102599030352,-79.98103060017229,-79.98103385925147,-79.98103699496765,-79.9810410064329
1.1949999999999856,7.996701215666728,6.623839578531037,9.087578053435877,13.12163417148553,17.546393152063423,21.683708803342682,25.035561831542093,26.88612316756252,25.106093884746524,10.328961104492327,-32.48361078994663,-56.99461062119032,-68.96899432022565,-74.72066500120702,-77.47076976309198,-78.78361958509888,-79.40996617118088,-79.7087121558664,-79.8511841772721,-79.91912142157744,-79.95151284899109,-79.96695406688121,-79.97431350486694,-79.97782022101234,-79.97949066360002,-79.98028613650142,-79.98066483311713,-79.98084509764053,-79.98093095790166,-79.98097197581227,-79.98099177879796,-79.98100166113709,-79.98100707091915,-79.98101070963767,-79.98101402167822,-79.9810181064516
1.1999999999999855,6.502569297048055,5.195410017465561,7.681272777071256,11.768542274265565,16.302751909919312,20.618158449628876,24.25119462005545,26.634112163218532,26.292508247760836,17.2118554720939,-23.310518994821336,-52.2644146607579,-66.64938983159706,-73.59866077544463,-76.93136696142574,-78.52515042176152,-79.28634086201916,-79.64964052147505,-79.82296945634464,-79.90564358706021,-79.9450697169006,-79.96386806138877,-79.97282935738707,-79.97710033250097,-79.97913538384371,-79.98010479043786,-79.980566453925,-79.98078628984236,-79.98089102151268,-79.98094103785255,-79.98096513091059,-79.98097705814862,-79.98098344190585,-79.98098754253938,-79.98099106854336,-79.98099524136539
1.2049999999999854,4.997113037597353,3.754646197137386,6.257511026902213,10.388569074731631,15.019289375869286,19.494019851141964,23.369040370574112,26.159885855926372,26.748831946550315,20.854272105553616,-11.830496160487245,-46.339155328482555,-63.785888723910226,-72.22606515887985,-76.27461610106023,-78.21112053979833,-79.13624711096992,-79.57792296665471,-79.78870658291213,-79.88927287334283,-79.93724336242614,-79.9601209813815,-79.97102941684328,-79.97622965963707,-79.97870814318769,-79.97988912436004,-79.98045172517999,-79.980719710478,-79.9808474076737,-79.98090837629823,-79.98093769174253,-79.98095210855983,-79.98095967803167,-79.98096434067254,-79.98096812643418,-79.98097240524261
1.2099999999999853,3.483147090087377,2.3042440800454465,4.819157660175471,8.984890571281662,13.699893883317694,18.318160049402746,22.410006044732075,25.551679667248294,26.898103503050553,23.50805056902764,1.5223755808482136,-38.900800198679775,-60.20017823285789,-70.51921299154846,-75.46325275163811,-77.82515832408015,-78.95246358855152,-79.49033494747005,-79.74693406291854,-79.86933740104493,-79.92772123857486,-79.95556612668011,-79.96884438897472,-79.97517533234259,-79.97819330758902,-79.97963169006285,-79.98031709507323,-79.98064366483636,-79.98079930744677,-79.98087360484784,-79.9809092766679,-79.98092672395276,-79.98093573670056,-79.98094108310896,-79.98094518434056,-79.9809495909616
1.2149999999999852,1.9634889166327634,0.8469045906221377,3.369105048869403,7.560766735132777,12.34854012533148,17.09669417051647,21.38735742246553,24.84567490624215,26.843237015457692,25.455302671764596,12.310906078675997,-30.53406372963741,-55.995409512341475,-68.47923961383877,-74.48378373144796,-77.3568079958307,-78.72889653950378,-79.38368130453355,-79.69605816340508,-79.84506212842146,-79.91613124873047,-79.95002594332391,-79.96618976148909,-79.97389715007145,-79.97757175017732,-79.9793233821274,-79.98015822621397,-79.98055608557428,-79.98074573493072,-79.98083625305463,-79.9808796610017,-79.98090079680921,-79.9809115661742,-79.9809177444793,-79.98092222896081,-79.98092678995131
1.219999999999985,0.44093706382683884,-0.6146961422294737,1.9101983039030048,6.119304192946036,10.96854584390679,15.832975457975701,20.303376986397232,24.036137620009544,26.533814611389616,26.436639546279217,18.205755922702316,-20.967770843425285,-51.05542643663376,-66.05935026162727,-73.31363491361171,-76.79416239032986,-78.45919209517275,-79.25463231134565,-79.63437436830704,-79.81559228805075,-79.90205153776175,-79.943294635195,-79.96296594874778,-79.9723471845129,-79.97682048559447,-79.97895320165112,-79.97996986236721,-79.98045446262003,-79.9806854918362,-79.9807957488468,-79.98084857149773,-79.98087419640787,-79.98088710359556,-79.9808942940097,-79.98089924420363,-79.98090399187596
1.224999999999985,-1.0817499315608552,-2.0779252411739555,0.44522599064227025,4.663519812441759,9.563060344268855,14.530215514537511,19.16193495280645,23.13278213020048,26.02172343079363,26.795014836252737,21.497404495971608,-8.873943184585194,-44.78211121279279,-63.03943388758763,-71.8707621738055,-76.10536240234889,-78.13033135069611,-79.09759715032958,-79.55938210122767,-79.77977653414325,-79.88494211236167,-79.93511623765043,-79.95905095218181,-79.97046714564534,-79.9759116407778,-79.97850782017036,-79.97974563201977,-79.98033575126459,-79.98061712363004,-79.98075139742956,-79.9808156761766,-79.98084676392025,-79.98086227262066,-79.98087069436335,-79.98087621058703,-79.98088118425336
1.2299999999999849,-2.6018689118136846,-3.540199179673163,-1.0230585461354889,3.196452104080002,8.135446027929955,13.192523679097198,17.970261660614792,22.15672036760821,25.39021111849762,26.90107341978209,24.023360025488874,4.360684150645821,-37.070916492310694,-59.299027312203066,-70.08614577292772,-75.25634161142251,-77.72640289578756,-78.90528988030681,-79.46775547312085,-79.73608937942248,-79.86409779408572,-79.92516212299374,-79.95429054261643,-79.96818425102761,-79.9748107303231,-79.9779708525586,-79.97947773580417,-79.98019623463823,-79.98053885766367,-79.98070235291966,-79.98078057113116,-79.98081830620585,-79.9808369804711,-79.9808469002138,-79.98085310450297,-79.98085835198945
1.2349999999999848,-4.116787732983881,-4.99899615904065,-2.4919497899733036,1.721123358559045,6.689070417672157,11.823817273091272,16.733803210875266,21.117924292535207,24.660500046801026,26.790536992974015,25.7537685512746,14.021847383807142,-28.529660316448943,-54.961537373957725,-67.97131880839041,-74.23776809993716,-77.23837125482382,-78.67202906312617,-79.3563897684447,-79.68294137240807,-79.83873223812228,-79.91305044335259,-79.94850115143532,-79.96541071051324,-79.97347587275041,-79.9773223380662,-79.97915666231592,-79.98003137977086,-79.98044853291319,-79.98064758465347,-79.98074276449509,-79.98078858819946,-79.98081111430818,-79.98082285649126,-79.98082989731522,-79.98083547680898
1.2399999999999847,-5.623963356032114,-6.451875059571103,-3.9588198713624347,0.240471809542692,5.227128065413904,10.427395433540156,15.45567341909165,20.01813380179388,23.827231833081225,26.427119982533625,26.551295726036432,19.074463367019796,-18.483494660111784,-49.77626378423215,-65.43853793907829,-73.0149241679436,-76.65076453910133,-78.39040176603778,-79.22162560035552,-79.61851584708093,-79.80794776677395,-79.8983409945903,-79.94146850847436,-79.96204286464665,-79.97185715143443,-79.9765383188381,-79.97877093856908,-79.97983570042798,-79.98034352822748,-79.98058584086672,-79.98070165845107,-79.98075732411864,-79.98078453696083,-79.98079849628834,-79.98080655427282,-79.98081253656572
1.2449999999999846,-7.120958842818438,-7.896490942153078,-5.421132133652514,-1.2426448305196764,3.752744846361757,9.006525482160145,14.139348139022424,18.86230265891332,22.904831632800736,25.882130817309577,26.832091527104872,22.11249211927917,-5.8363513355706935,-43.14614153915599,-62.25456902416112,-71.49766035112629,-75.92795618243274,-78.04581879875023,-79.05724918004884,-79.54006927121988,-79.77049779908683,-79.8804556526976,-79.932920897537,-79.95795197793483,-79.96989329988594,-79.97558957132958,-79.97830661123578,-79.97960253211521,-79.98022066036415,-79.98051560116083,-79.98065652671136,-79.98072416670203,-79.98075708174869,-79.98077373833102,-79.98078303319768,-79.98078950440879
1.2499999999999845,-8.605457647953317,-9.330606440633447,-6.8764463326360215,-2.725433595447151,2.2690582148149576,7.564675265525901,12.789047648026546,17.65768655715262,21.913255197529207,25.228467906914673,26.895108014036722,24.498529889693373,6.995224954752114,-35.20623520843286,-58.36959950276279,-69.6369279639351,-75.04107604916949,-77.62352678033703,-78.8561398941832,-79.44424617117862,-79.72481395829544,-79.85866168120177,-79.92251498290726,-79.95297653273505,-79.96750804161498,-79.9744399584379,-79.9777465178879,-79.97932370959794,-79.980076039861,-79.98043501120432,-79.98060648452419,-79.98068869326026,-79.98072854591398,-79.98074848381985,-79.98075928286387,-79.98076634775992
1.2549999999999844,-10.075276530667617,-10.75210359019411,-8.32243156921811,-4.2051872309006715,0.7791543524691195,6.105246247790577,11.408570271797878,16.4090316056939,20.859443184389164,24.474937829302643,26.72638311049675,26.0029699070875,15.483014219761785,-26.45183738138084,-53.88659455561961,-67.44308423627669,-73.98180707833828,-77.115100224105,-78.61283433733563,-79.32799035706581,-79.66930355429695,-79.83216058470676,-79.90985923933505,-79.94692701225202,-79.96461031459108,-79.9730459023138,-79.97706984798864,-79.9789893044714,-79.97990493163014,-79.9803418126679,-79.98055045443868,-79.980650389179,-79.98069868270304,-79.98072261258605,-79.98073524101778,-79.9807430270634
1.2599999999999842,-11.528377455773034,-12.158995949844439,-9.756882428304083,-5.679311734792201,-0.7139861899349956,4.631468425334731,10.001193792984122,15.119358056821431,19.745264142904993,23.619192149928715,26.3133515363829,26.641620127614363,19.849721191614776,-15.84960202439505,-48.419809112893816,-64.78376830020073,-72.70116078213863,-76.50057291737414,-78.31850174224809,-79.1871840191199,-79.60199371442084,-79.7999971702218,-79.8944903550639,-79.93957912330612,-79.9610918713596,-79.97135531971577,-79.97625160516243,-79.97858734326745,-79.97970160807552,-79.98023326809206,-79.98048712858336,-79.98060862925651,-79.9806671922085,-79.9806959785684,-79.98071083201808,-79.9807194942827
1.2649999999999841,-12.96287740703222,-13.549438298468747,-11.177729758831626,-7.145335573193054,-2.2074754172623745,3.146526681234638,8.570276338013048,13.792399357610156,18.576648804474992,22.679319826610357,25.73962402550492,26.860822085954172,22.703149014680083,-2.772721846449247,-41.43957458562265,-61.43264902975526,-71.10667169098775,-75.74213280429615,-77.9573833227302,-79.01508025525746,-79.51991337782822,-79.76083005383283,-79.87579070799953,-79.93064445367217,-79.95681676173352,-79.9693037509353,-79.9752611212323,-79.97810320735755,-79.9794590942062,-79.9801060479079,-79.98041491698156,-79.98056265354776,-79.98063370990107,-79.98066840425088,-79.98068596395986,-79.98069569107622
1.269999999999984,-14.377055562429874,-14.921733562815325,-12.583047786234518,-8.600914597898074,-3.6985098263424296,1.6536043786022212,7.119335601262412,12.43239210078013,17.360574130741966,21.67301870675503,25.06406392195396,26.878135949760708,24.926635256789904,9.378960127366586,-33.309659380331524,-57.41260527573672,-69.17161976116591,-74.8173326026466,-77.51639667548439,-78.8049150352415,-79.4197433079303,-79.71306910690414,-79.85300630831388,-79.91976666130299,-79.95161656203567,-79.96681147268686,-79.97406058906545,-79.97751893638844,-79.97916884573593,-79.97995608277806,-79.98033187966163,-79.98051153593056,-79.98059779192016,-79.98063967363284,-79.98066052508749,-79.98067154654284
1.274999999999984,-15.769358111550249,-16.274338062431323,-13.971061534142985,-10.04384487107818,-5.184397069014965,0.1558061927998052,5.6517654059129905,11.042993929452066,16.101147968894868,20.604774098115634,24.286659891390226,26.650422444334037,26.20678469267381,16.726715252252394,-24.2792223510906,-52.76267727548772,-66.89183066843994,-73.7149196440651,-76.98660175003685,-78.55113585874189,-79.2983957568686,-79.65509857559164,-79.825321857427,-79.90654348574112,-79.94529554975226,-79.96378406771859,-79.97260469527583,-79.97681284798637,-79.9788205046128,-79.97977842838554,-79.98023565690583,-79.98045414939845,-79.9805588980945,-79.98060952389399,-79.98063437947452,-79.98064697448491
1.2799999999999838,-17.13840081518605,-17.605865008352573,-15.340153305454239,-11.47207559625277,-6.662579455123278,-1.3438792228938659,4.1708052003644545,9.627476671001201,14.801429765624038,19.477087161885247,23.409683608920236,26.192738152307648,26.712558260721803,20.55808629441086,-13.06869706740123,-46.9812864851434,-64.09244740987421,-72.37113056950012,-76.34303731475651,-78.2432398229229,-79.1511879820006,-79.58474881139689,-79.7917100243454,-79.89048340241177,-79.93761764974407,-79.96010809129679,-79.97083897359671,-79.97595882692258,-79.97840156525734,-79.97956710240437,-79.98012338867626,-79.98038912626755,-79.98051637234119,-79.98057763566075,-79.98060736191687,-79.9806218701424
1.2849999999999837,-18.482969097575563,-18.915085585204814,-16.688865991530733,-12.883715736143321,-8.13063957572363,-2.8425606033108854,2.6796700681197114,8.189271326816032,13.465379323100125,18.296648160267758,22.453528271572072,25.593485459680128,26.881224621725284,23.267875969570934,0.25024741337624756,-39.673582094172026,-60.576103675195,-70.69811268803956,-75.54778328598574,-77.86489022839739,-78.97099806096172,-79.49885969359241,-79.75074247605704,-79.87093021140046,-79.92827748305612,-79.95564008898218,-79.9686956033096,-79.97492467755399,-79.97789670524357,-79.97931480167955,-79.9799915906115,-79.98031480210614,-79.98046941666239,-79.98054362058876,-79.98057927157609,-79.98059610618205
1.2899999999999836,-19.802015664159708,-20.200927618138678,-18.015903645006276,-14.277037712265994,-9.586305668477598,-4.337444887498578,1.1815567305884525,6.731907390950686,12.097172098131441,17.06991628379965,21.432897594957222,24.89572326831222,26.848738541162117,25.303207060359917,11.486770100438742,-31.377017458676324,-56.42673070327457,-68.68975785723498,-74.58487437498489,-77.40486857875618,-78.75152676899384,-79.39419407372955,-79.70082421870869,-79.84711427637102,-79.91690737525644,-79.95020515917844,-79.96609149026929,-79.97367091669781,-79.97728715001591,-79.97901259081958,-79.97983600599724,-79.98022914616277,-79.98041705843207,-79.98050700573519,-79.9805498640277,-79.98056952771523
1.2949999999999835,-21.094655921021257,-21.462472262561093,-19.3201304237844,-15.650481261929775,-11.027464048278095,-5.825866785902486,-0.3204372286026751,5.258751471007278,10.70033143064142,15.80048815669469,20.350581767100323,24.094621223788945,26.563048922943274,26.370559698256606,17.790272791304215,-21.990441441221854,-51.581033828714155,-66.31442835246456,-73.43596239642149,-76.85243334960117,-78.48674842410698,-79.26752182275683,-79.64028543255753,-79.81819502862193,-79.90309203265463,-79.94360072864073,-79.9629286616372,-79.97215042184901,-79.97655031326971,-79.97864966630176,-79.97965147261802,-79.98012969146211,-79.98035811503064,-79.98046721582328,-79.98051884194138,-79.98054194634683
1.2999999999999834,-22.360161482118595,-22.698948914103624,-20.600567736317803,-17.002655507460783,-12.45216900550051,-7.305307395316122,-1.8233330834018815,3.7730428192020384,9.278144549719784,14.49156605816901,19.210026106854112,23.19768449523703,26.065844269079953,26.76834632873384,21.2197944616184,-10.157059023724813,-45.459209228133,-63.3629015137743,-72.02387303418745,-76.17768000272007,-78.16438848490641,-79.11352939933334,-79.56672886497847,-79.7830603689862,-79.88630688107008,-79.93557715051135,-79.95908782044691,-79.97030610188348,-79.97565886910148,-79.97821295381885,-79.97943173740677,-79.98001344659991,-79.98029115111758,-79.98042355214476,-79.98048584401454,-79.98051313308562
1.3049999999999833,-23.597952009291834,-23.90972841755531,-21.856389205357853,-18.33233766018714,-13.8586463046317,-8.773397400278261,-3.3242510508484466,2.278010751624458,7.834099375567858,13.14728269956879,18.018390108331573,22.22613083860587,25.44326487939036,26.892607192318412,23.8014497092657,3.160933054966645,-37.86011754508231,-59.68785273246093,-70.27253718394263,-75.344901641827,-77.76824903563208,-78.92493043987324,-79.4768636408579,-79.74020985856073,-79.86586039486413,-79.92581254981303,-79.95441794314365,-79.96806667171033,-79.97457902858329,-79.97768639225015,-79.9791691510582,-79.979876761725,-79.98021441812148,-79.98037516427901,-79.98045043072779,-79.9804828094494
1.3099999999999832,-24.80758570660616,-25.09431485658872,-23.08691380200346,-19.63846936961097,-15.245294730130013,-10.22792352898469,-4.820420132224102,0.7768464359029013,6.371711243378219,11.771695580689721,16.781463940698035,21.191356879606268,24.72274986751702,26.80613083775956,25.62674743269344,13.315941102436138,-29.397056674153017,-55.40843079566234,-68.19023176337788,-74.34329056363136,-77.28875889110779,-78.69588211956557,-79.36754878189316,-79.68805233766558,-79.84097094317174,-79.91392918041142,-79.94873801041078,-79.96534573880183,-79.9732696299428,-79.97705037824709,-79.97885437462281,-79.97971518277078,-79.9801257836661,-79.98032101588774,-79.98041206683372,-79.98045063647491
1.314999999999983,-25.98874887064693,-26.252336333283647,-24.29159770844489,-20.920151704320748,-16.610687577370133,-11.66684040777675,-6.309207996910877,-0.7273721585191643,4.8943135340662005,10.368217935917917,15.502494935119328,20.09526479410453,23.89841559340402,26.46509361504507,26.500340126428565,18.711322626598466,-19.56713526107098,-50.332875272306396,-65.70753745302693,-73.14367544185849,-76.71210613959578,-78.41947271189169,-79.23528224843666,-79.62482445259116,-79.81076090667766,-79.89949522406768,-79.9418375470988,-79.96204144166329,-79.97168162569595,-79.97628137574317,-79.97847613770449,-79.97952331637451,-79.98002266024426,-79.9802598478585,-79.98037010157435,-79.98041620191604
1.319999999999983,-27.141244888717026,-27.383535081188427,-25.470025155169264,-22.176638512887312,-17.953571776271524,-13.088277860101204,-7.788134650402233,-2.23168416903459,3.405143794942769,8.940172021567033,14.184895049704295,18.942368375169142,22.982776024878703,25.933281775922826,26.81220899656424,21.84834019254603,-7.1467189168324,-43.856061524380586,-62.594650937332915,-71.65877890893542,-76.00412510806977,-78.08175081008172,-79.07411078252005,-79.54788632139574,-79.77402488378831,-79.88194918069615,-79.93345173158407,-79.95802799583291,-79.9697550511262,-79.97535074928027,-79.9780207554605,-79.97929461719298,-79.97990190716796,-79.98019013124805,-79.98032374436124,-79.98037900476288
1.3249999999999829,-28.264983035824745,-28.487757204013562,-26.62189841755952,-23.40732801873206,-19.272863784393888,-14.490542370564176,-9.254874532012794,-3.7332286547242397,1.9074358586284905,7.491085449088872,12.832900936567992,17.73997428402361,21.996445414020194,25.288596667954895,26.89380805836868,24.29679236117339,5.891792238572923,-36.00920000254637,-58.77049715276651,-69.83049960772392,-75.13351420287394,-77.66739050684532,-78.87681650458966,-79.45388653717819,-79.72921023236248,-79.86056936566568,-79.92324333482142,-79.95314696506149,-79.96741512194886,-79.97422306993761,-79.97747139627339,-79.97902106811414,-79.97975968823955,-79.98011000191892,-79.98027203241476,-79.98033843529709
1.3299999999999828,-29.359967398061716,-29.564942352777113,-27.7470273337674,-24.611753194609808,-20.567643601680363,-15.872117516653136,-10.707264407328326,-5.2292625727917725,0.4043643776744301,6.024442487632319,11.450418434277834,16.493149482361332,20.94762039050667,24.544789297672505,26.750117210764873,25.89859554917457,14.882640592768427,-27.352706159807273,-54.352061120822306,-67.6712516877973,-74.09196240291155,-77.16782480339965,-78.63787353894413,-79.33975560958329,-79.6747273121014,-79.83456281572832,-79.91082503187448,-79.94721138912924,-79.96457217994258,-79.97285548654604,-79.97680760979985,-79.97869290823522,-79.97959132950503,-79.98001718857924,-79.98021379302298,-79.98029375111211
1.3349999999999826,-30.4262862181996,-30.61511364542447,-28.845318732088394,-25.789571457450332,-21.837147638203252,-17.231663989814916,-12.143314415628586,-6.717188812008751,-1.1010175285949593,4.543545009923414,10.040784180136303,15.204960725703094,19.838051682407478,23.697969274568162,26.357614895713006,26.602243028924054,19.524533021790585,-16.997168799733917,-49.010326568546404,-65.06789718309513,-72.83676218254912,-76.56510281059201,-78.34909688280084,-79.20158678998362,-79.60867543114678,-79.80300078871568,-79.8957440187359,-79.94000147098303,-79.96112000998257,-79.97119686445973,-79.9760048461084,-79.97829836674237,-79.97939117628465,-79.97990893722803,-79.98014760212243,-79.98024404989265
1.3399999999999825,-31.46410189916618,-31.63836806770582,-29.916766037489836,-26.940553892437624,-23.080760117166086,-18.56801683898751,-13.561213204683582,-8.194565421404764,-2.6057698184716958,3.0516302695988173,8.607369011104801,13.879057937789753,18.673282182639543,22.76481185166847,25.79555535289998,26.846211106340547,22.45061598271501,-4.085841162613686,-42.178463592536566,-61.78854257101194,-71.27565428064668,-75.8221230379393,-77.9951677581454,-79.03284636529136,-79.52817771922324,-79.76458201784253,-79.87739962569975,-79.93123602576108,-79.95692579786072,-79.96918413122877,-79.97503305783076,-79.97782309626926,-79.97915234983934,-79.97978190040038,-79.98007172908616,-79.9801882349903
1.3449999999999824,-32.47364183191667,-32.63486752954185,-30.96143926544477,-28.064574212431236,-24.298003063831224,-19.880179769671795,-14.959328206232609,-9.659107805850162,-4.107054318730552,1.5519294195735513,7.153721356727876,12.51970636432766,17.46045322084542,21.764101839961082,25.12915542411083,26.883524045268075,24.746930396482608,8.388486185500714,-34.126219195539385,-57.82547676001448,-69.37229963977414,-74.91360282359419,-77.56224295005757,-78.82659863627624,-79.42989239646084,-79.71772330810576,-79.85504622054422,-79.92056406996558,-79.95182402453861,-79.96673902685198,-79.97385514376296,-79.97724945788852,-79.97886642243435,-79.9796319874318,-79.97998406304643,-79.98012497040482
1.3499999999999823,-33.45519015326768,-33.60483070698927,-31.979475610265972,-29.161597805355232,-25.488525510733886,-21.16731797018714,-16.336205562679435,-11.108698023253256,-5.602159059111452,0.04759417466525333,5.683284856582211,11.130649520168081,16.203945419160352,20.701297262709147,24.36170913111026,26.681005883268902,26.122364743718574,16.216136555879494,-25.223204185769706,-53.250268536836415,-67.13039590990844,-73.83005413680252,-77.04175334542637,-78.57737234087898,-79.31075710966216,-79.66082194058103,-79.82787651390787,-79.90758814689028,-79.94562167789016,-79.96376858220025,-79.97242652761544,-79.976556118458,-79.97852316414657,-79.97945422373756,-79.97988203494576,-79.9800526297405
1.3549999999999822,-34.40908048280301,-34.54852575249663,-32.971070795244096,-30.231671180048334,-26.65209237512269,-22.428749886684436,-17.69056914465933,-12.541394732730613,-7.088522849934054,-1.4583487185754531,4.199335560239819,9.715183562777613,14.906798474744273,19.57858363565014,23.493380607425134,26.241742270639815,26.681963062838438,20.259509680155645,-14.277912141236127,-47.607450324308566,-64.39266357043661,-72.51399351868939,-76.41090687087402,-78.27540338310524,-79.16634200035534,-79.59179704963714,-79.79489578499113,-79.89182943773008,-79.93808794758205,-79.96016164990813,-79.9706937763793,-79.97571741921566,-79.97811023142124,-79.97924259094336,-79.97976253017882,-79.9799692384857
1.3599999999999821,-35.33568963294944,-35.466263900266775,-33.93647127684237,-31.274911989582723,-27.788573166895304,-23.663937615300128,-19.02131652158854,-13.955436538973544,-8.563740952040598,-2.9629810216014634,2.7051118835313503,8.276733439950867,13.572892495208382,18.402363172559475,22.543756324119187,25.65298763551996,26.871256685529858,23.02761644767177,-1.0364380487771225,-40.43650812448867,-60.94663012633422,-70.87471156902456,-75.63155535599864,-77.90452114465903,-78.98966287721288,-79.50756350106643,-79.75471154413646,-79.87264801042967,-79.92892470714378,-79.95577800326248,-79.96859050659656,-79.97470178737842,-79.97761252257446,-79.9789897499308,-79.97962175732481,-79.97987239501204
1.364999999999982,-36.235432238931786,-36.358393945661355,-34.87596734003911,-32.29149976416378,-28.897930743719144,-24.872476139779213,-20.327512342179993,-15.349241653782967,-10.025568300350836,-4.463489917915128,1.203836035852222,6.818849171451612,12.206449490459145,17.179346747642345,21.5288901687365,24.964667202410745,26.86062168036933,25.146611736105942,10.616643460292165,-32.21000710294286,-56.85239917532628,-68.89776168855677,-74.68503430157482,-77.45270973523341,-78.77421506501814,-79.40484521612854,-79.70572927925335,-79.84928035047564,-79.91776894822208,-79.95044545519305,-79.96603503518858,-79.9734704087091,-79.97701150991554,-79.97868671673102,-79.97945508476816,-79.97975916988891
1.369999999999982,-37.10875622061749,-37.22529754381138,-35.789887089675936,-33.281667481199726,-29.980210442115627,-26.054082063416466,-21.60838053071767,-16.721407569666564,-11.471929858681197,-5.9571963526586424,-0.3013668633194291,5.34493028317215,10.811060106989782,15.913337394137447,20.45220280074283,24.173532019502165,26.599502746235064,26.303223485520153,17.35272762309345,-22.986687663615275,-52.09456673637,-66.56472815300693,-73.55652889959832,-76.91015922439922,-78.51422540706749,-79.28048807882584,-79.64630673269922,-79.8208979760561,-79.9042113152982,-79.94396445929864,-79.96293091693741,-79.97197688719163,-79.9762848728485,-79.97832261610652,-79.97925688983088,-79.97962600154551
1.3749999999999818,-37.956138964759376,-38.06738524656564,-36.6785913078688,-34.24569405083209,-31.03552982572144,-27.208582193346054,-22.863295426650275,-18.07070924958232,-12.900929187951492,-7.4415751844018345,-1.8074961927673705,3.858234229776564,9.390013754818392,14.607471500281306,19.316711819304444,23.28482938796479,26.118558450862324,26.744404674559448,20.93960346141026,-11.4193279247275,-46.12123296850041,-63.67975719676381,-72.17432354734177,-76.24903870792414,-78.19817920731916,-79.12945364124718,-79.57414708061661,-79.78642644019526,-79.8877419349118,-79.93609137985482,-79.95916140806466,-79.97016521362922,-79.97540566241827,-79.9778843003951,-79.97902036346562,-79.9794685708089
1.3799999999999817,-38.778084101948565,-38.885093176733385,-37.54246911119037,-35.183897727950374,-32.064069170275566,-28.335902106858086,-24.091771588741995,-19.39609414838658,-14.3108503427093,-8.914258396183216,-3.311656001196419,2.3620007323285375,7.9467867790624505,13.265821251528829,18.12941700740233,22.319606825719383,25.505704403888448,26.887240939904462,23.57573933400745,1.9311626839890723,-38.642086563882415,-60.071730478388396,-70.45645962122646,-75.43240941480198,-77.80972810757696,-78.94449820251567,-79.48600742449044,-79.74439402211348,-79.8676838819938,-79.92651128902264,-79.95457867986396,-79.96796550669818,-79.97434059246312,-79.97735563750612,-79.9787371865026,-79.9792816132597
1.3849999999999816,-39.57511874793212,-39.67888022756982,-38.38193431767153,-36.09663042329973,-33.066062778401,-29.43605493692513,-25.293452650969524,-20.696675025947147,-15.700157282108986,-10.373039936318982,-4.8110609328461535,0.8594373493840571,6.484913155211623,11.892506050855262,16.896410596270055,21.290690752660694,24.79493366279769,26.82435399678813,25.493256573187864,12.56444428958364,-30.25219628924214,-55.848682733362025,-68.4060862103601,-74.44750436445882,-77.33864921554888,-78.71959272623609,-79.37870626902473,-79.69320752354868,-79.84326038633772,-79.91485062259703,-79.94900424910549,-79.96529267199868,-79.97304899368099,-79.97671690417206,-79.97839719450472,-79.97905870297161
1.3899999999999815,-40.34779108334637,-40.44922567399657,-39.19742242283944,-36.98427286637201,-34.04179120954967,-30.509130683553337,-26.468099852014685,-21.97172175194256,-17.067493325708707,-11.815886593884725,-6.303066033869373,-0.646359195934205,5.007749644241016,10.490988227180996,15.621071701733333,20.20026904676436,23.98039268050082,26.50659843486737,26.447195367806472,18.330632811363117,-20.623055913352815,-50.876072504403595,-65.97098720188953,-73.27019222046766,-76.77259240311771,-78.44825520097112,-79.24887450191406,-79.63114887676527,-79.81361130955696,-79.90068511109989,-79.94223111826216,-79.96204643211097,-79.97148238394205,-79.97594439798432,-79.97798810487772,-79.97879204919246
1.3949999999999814,-41.09666815721322,-41.19662708701304,-39.98938807832946,-37.84723054820687,-34.99157445632305,-31.555286240690968,-27.61558050795308,-23.220651995329163,-18.411678556913643,-13.240944990434697,-7.785182139540757,-2.1524134315412438,3.5185422630248273,9.064578290733413,14.306719594917684,19.052395022419315,23.07252236460658,25.989010793801516,26.793429248394073,21.58137706299087,-8.446450618253742,-44.55239306446805,-62.92817600568983,-71.8170027656863,-76.07909399881532,-78.11722801330068,-79.09083001055924,-79.55568280476744,-79.77757192655551,-79.88346942986699,-79.93400106808946,-79.95810369612164,-79.96958172378193,-79.97500935252572,-79.97749502444952,-79.978472203675
1.3999999999999813,-41.82233381548749,-41.92159845225682,-40.758302965130525,-38.685930349255045,-35.915766040797976,-32.57473622639165,-28.73585655499429,-24.44302063155275,-19.73170408866359,-14.646542367134076,-9.255077805435857,-3.6558523188677543,2.0205304280553045,7.616794080107045,12.9575583616834,17.85435360636933,22.092361674016963,25.353665163867305,26.893336687821098,24.088588047895907,4.746629268131185,-36.80637399850369,-59.1666969462981,-70.02150176140951,-75.22472408012541,-77.71072685203653,-78.89729746031081,-79.46347501043182,-79.73360933758636,-79.86249406093214,-79.92398318445763,-79.95330897856441,-79.96727331964826,-79.97387618835494,-79.97689965689291,-79.97808760903236
1.4049999999999812,-42.52538667489178,-42.62466840708969,-41.504653958704495,-39.50081774778364,-36.814747978793065,-33.56774469386906,-29.82897342487854,-25.638508383097776,-21.02672449575275,-16.03118595275673,-10.710585997454945,-5.15391983582206,0.5169020410594001,6.15113931445561,11.577564302556375,16.611523834100883,21.049441916153633,24.61984819327559,26.774453990406414,25.78715842796218,14.24073908596824,-28.237956343322775,-54.80955180388793,-67.89578747624158,-74.20050111408023,-77.21985839555178,-78.66264050057197,-79.35143098582455,-79.68013430050003,-79.83697099410193,-79.91179413902854,-79.94747762348473,-79.96446841489647,-79.97250173542207,-79.97617972505287,-79.97762417537945
1.409999999999981,-43.20643808283965,-43.306378526850885,-42.228941493963376,-40.29235450422882,-37.688926545887504,-34.53461778589308,-30.895049535934437,-26.806910254822924,-22.296049318597884,-17.39356212769039,-12.149714886828725,-6.644005896300185,-0.9892750460647157,4.670932859988667,10.17010517521964,15.327031285546996,19.945497858281392,23.782503384609686,26.403452718458137,26.560543530095337,19.186231570781132,-18.117070778909337,-49.586397468628974,-65.34585141790784,-72.96976536400219,-76.62855638710569,-78.37926323604796,-79.21583316846373,-79.6153103887148,-79.80599514753361,-79.8969905796574,-79.94039373495728,-79.96106211947394,-79.97083450699796,-79.97530846398087,-79.97706488993616
1.414999999999981,-43.86611002471031,-43.967281608155304,-42.93167805124069,-41.061016719275685,-38.53872875891169,-35.47569733707104,-31.93426655051154,-27.94812396307549,-23.539133378725236,-18.73253304441728,-13.570653191432763,-8.123657194204329,-2.495049398645428,3.1794152875295496,8.738532341703348,14.004424317689578,18.785646197551504,22.856657408961304,25.853846883816963,26.8317083446098,22.194588585422334,-5.4005808372224955,-42.90579989584058,-62.13820525346173,-71.44166730144283,-75.90077763972887,-78.03238169575394,-79.05038490181518,-79.53636016332658,-79.76830614842237,-79.87898860868036,-79.93178290209781,-79.95692395387833,-79.96881124728512,-79.97425321420039,-79.97638905980922
1.4199999999999808,-44.505032958788036,-44.60793991397547,-43.61338669861391,-41.807293168741225,-39.36459947087159,-36.39135538002459,-32.94686047107542,-29.06213850269336,-24.755565891068418,-20.04713027871749,-14.971770186534041,-9.59057897849498,-3.9975718768736823,1.6798224621452316,7.286390002427229,12.647966624127745,17.577136085102282,21.86201157189883,25.196721391298247,26.88835880723732,24.558993038928925,7.349028633525251,-34.937026607962416,-58.23356855335766,-69.5702869759221,-75.00851904409558,-77.60745677398612,-78.84800667466759,-79.43992973422895,-79.72233123296144,-79.85705188423383,-79.92129940008947,-79.95189049062454,-79.96635329905219,-79.97297364712779,-79.97557126633276
1.4249999999999807,-45.123843575945465,-45.22892336104803,-44.27459964116489,-42.53168382858495,-40.166998974486006,-37.28198949381533,-33.933113646749746,-30.14902313601736,-25.945058975471678,-21.336546982898398,-16.35161511582663,-11.042643492453273,-5.494117460573582,0.1753185818414743,5.8171420351570955,11.261472637130398,16.324633576677822,20.80512367083038,24.439399155480185,26.711125582511904,26.03110896516484,15.670025929603817,-26.14779560567167,-53.72832828115213,-67.36471285686216,-73.94328988743604,-77.09606162097833,-78.60324275604093,-79.32296391513077,-79.6664757576407,-79.83037963119867,-79.90854974022413,-79.94577025596226,-79.96336683369931,-79.97142112882118,-79.97458067745178
1.4299999999999806,-45.72318249509625,-45.830807644254165,-44.91585674306292,-43.23469851681819,-40.9464010133849,-38.14801892015328,-34.89334773646343,-31.208917059254198,-27.10743604689349,-22.6001291143721,-17.708915946342326,-12.477900122534813,-6.982111390070591,-1.331056907904484,4.334076488753349,9.84825280908579,15.031173667084559,19.68793336324994,23.5801221233734,26.29128224757715,26.649257924594444,19.951552267643294,-15.461613642497323,-48.218650156484344,-64.68626277015721,-72.65398421130533,-76.47753596771577,-78.30703594407306,-79.18126984520246,-79.59874089387881,-79.79800690891848,-79.8930662551638,-79.93833605393468,-79.95974011844842,-79.96953743070355,-79.97338020238948
1.4349999999999805,-46.3036919162284,-46.4141723044489,-45.537704002447896,-43.91685559285567,-41.7032911048996,-38.989881354515695,-35.827917615091636,-32.24201986637284,-28.242620234253895,-23.837365415022916,-19.042575216002753,-13.894579144320943,-8.459136134704421,-2.8363757229449216,2.8404326142018714,8.411709952806792,13.70054165311875,18.51650265109829,22.637399370603113,25.71357699447129,26.86069246931241,22.782685186820974,-2.338238828543368,-41.190198459595194,-61.311421085830126,-71.04836908014916,-75.71392105573592,-77.94350639042483,-79.00803632370888,-79.51612567542779,-79.75857893415315,-79.87422494103535,-79.92929543575465,-79.95533276043385,-79.96725053155912,-79.97192437594147
1.4399999999999804,-46.86601326035244,-46.97959875544597,-46.14069197146235,-44.57868066860345,-42.43816508600035,-39.80803030802088,-36.73720616907097,-33.24858287650443,-29.350623001891467,-25.047876296753245,-20.351663188677822,-15.29109126347136,-9.922933959115122,-4.337813973566902,1.3394382921027164,6.95539678591632,12.33698704827879,17.29775560786857,21.628541641255598,25.03468382499798,26.871125828587395,24.98084899182443,9.694898940235692,-33.03583978174527,-57.27280502907606,-69.10287141007784,-74.78372215337491,-77.49983518840378,-78.79656164145305,-79.41532031756975,-79.71050360305793,-79.85126834144758,-79.91828837888426,-79.94997125037166,-79.96447153634749,-79.97015724099691
1.4449999999999803,-47.410784830154995,-47.52766829254493,-46.72537412425686,-45.22070529928219,-43.15152780571433,-40.602932936746356,-37.621619915012225,-34.22890139292141,-30.431533269971034,-26.231402275039997,-21.635409780456946,-16.666027059876594,-11.371416743255486,-5.832679069336376,-0.1657688947822002,5.482732766346136,10.94416451333541,16.035726585986506,20.557747935334035,24.25366453697303,26.63497582366671,26.229738626930814,16.886327398937073,-23.959981634522897,-52.59693370494181,-66.81013228037352,-73.67491946903897,-76.96690374044373,-78.54124990460662,-79.29322374111705,-79.65215900631061,-79.82337700689932,-79.90490853482368,-79.94345391333749,-79.96109501372537,-79.9680116162952
1.4499999999999802,-47.938639526828666,-48.058960109211775,-47.29230518426555,-45.84346563488692,-43.84389190094598,-41.375068240375064,-38.481585361271364,-35.18330792490684,-31.48550725762288,-27.387792339199436,-22.893195511633422,-18.018155211150017,-12.802675022309224,-7.318431805852452,-1.6721768398226329,3.996983171298106,9.525363188914586,14.733498153984707,19.4276434988121,23.373524491580564,26.17126100119903,26.71865479882964,20.652756262513865,-12.660885667234153,-46.76845150813322,-63.98977602236646,-72.32171206522969,-76.31902915474004,-78.23134737467946,-79.14506576658434,-79.58134393549665,-79.78951081985618,-79.8886570367742,-79.93553676549624,-79.95699401741862,-79.96540662620994
1.45499999999998,-48.45020265787709,-48.57404935050019,-47.84203942828109,-46.44750102443599,-44.515776605842696,-42.12492553782424,-39.31754601511585,-36.112166344891214,-32.512759145668824,-28.516992382901396,-24.12454117775931,-19.346417600835288,-14.214980305276024,-8.792690434014414,-3.1768799632319538,2.501387837051849,8.08403879873575,13.395066905113396,18.24500855222512,22.414867679150152,25.568470570738025,26.88071598537403,23.343868473713975,0.6729674072262111,-39.41697094252888,-60.450388845611364,-70.63751039119482,-75.51846772674443,-77.85049279650755,-78.96368729180257,-79.49487500195501,-79.748228460273,-79.86886886528382,-79.92590460570132,-79.95200842904691,-79.96224183536611
1.45999999999998,-48.94608986811542,-49.07350523181273,-48.37512898896673,-47.03335257451989,-45.16770655772677,-42.85300313634517,-40.12995993039872,-37.01586692148302,-33.51355262352239,-29.619033904363555,-25.329096561522352,-20.64992207877231,-15.606784400198974,-10.253234695103137,-4.677081236847309,0.999161661222373,6.62373468528701,12.024602856394553,17.016218230618648,21.3919378397281,24.867382375483185,26.840741051745958,25.350390377377924,11.76277014912209,-31.09751434271555,-56.282783790375774,-68.61873488831363,-74.55010251040494,-77.38772582679377,-78.74285737955883,-79.38952787017686,-79.6979331575873,-79.8447681969369,-79.91417918084176,-79.9459433732917,-79.95839431068288
1.4649999999999799,-49.42690522206299,-49.55788924999597,-48.89212217964084,-47.601561671273984,-45.80021057520407,-43.559807123073355,-40.91929769369846,-37.89482215841567,-34.488193383496565,-30.69402327300507,-26.50662882069901,-21.927934180158275,-16.9767188104804,-11.698016475289073,-6.170121652761434,-0.506586127930706,5.147825943405358,10.625620028406058,15.744813280386223,20.307352297372283,24.06280187769207,26.546921640946262,26.388807726017305,17.927595732275027,-21.653289891649962,-51.406554801954954,-66.22889396726947,-73.39424793523646,-76.83194042653494,-78.4764483218213,-79.26204052626879,-79.63694179380923,-79.81550471679628,-79.89993210275134,-79.93857228620006,-79.95371856975277
1.4699999999999798,-49.893239460942375,-50.02775351092844,-49.39356186570251,-48.15266848064532,-46.413820395530216,-44.24585022140683,-41.68604075250083,-38.74946335447616,-35.43702257915853,-31.742131753119654,-27.657010852873963,-23.17986779046562,-18.323592322751775,-13.125167414473951,-7.653497634802719,-2.0128694065942314,3.6595629872399376,9.20141730160197,14.434026868600125,19.16470746790835,23.162980771528627,26.044438351925766,26.773087760441488,21.309362804184605,-9.733204211163722,-45.2348363488733,-63.25488943526306,-71.9720487020972,-76.15256901987571,-78.15193556728785,-79.10700592972614,-79.5628199931866,-79.77994707201064,-79.88262044620583,-79.92961566642835,-79.9480374464269
1.4749999999999797,-50.345668451964585,-50.48363919404532,-49.87998390616933,-48.68721044568386,-47.0090693680244,-44.9116506674095,-42.430679995396545,-39.58023778356457,-36.36041120883718,-32.763586364774326,-28.78020975557014,-24.405274536470078,-19.646385434830655,-14.533000048643727,-9.124863345864423,-3.5168053999680433,2.1621858841047708,7.755496621913278,13.088015203636887,17.971206044751693,22.189136180462896,25.418588347562128,26.89124084699462,23.872715589956037,3.5616045673373673,-37.59793188311764,-59.558039902122346,-70.20966848625929,-75.31441023240286,-77.75320234973884,-78.91713185877524,-79.47226024598653,-79.73657834394433,-79.86153170426549,-79.91871498613482,-79.94112771430592
1.4799999999999796,-50.78475184186514,-50.926075169964044,-50.35191568676722,-49.20572080170703,-47.58649110828594,-45.55773107387523,-43.153714504090516,-40.38760638949407,-37.25875536107204,-33.75866164739831,-29.87627562591546,-25.603832368475707,-20.94424280416754,-15.920007098993711,-10.582036545184984,-5.015625662848842,0.658891626912658,6.2913763954689434,11.710819822864064,16.732538559244475,21.152194532739124,24.69470726330824,26.796748640849877,25.666713435080936,13.55312441371635,-29.109815183936444,-55.25964025288975,-68.11666954537147,-74.30720036003609,-77.27086802418803,-78.68663008374682,-79.36212972188706,-79.68379853106376,-79.83586274583763,-79.90544930546604,-79.93272140024715
1.4849999999999794,-51.211031921057256,-51.35557678284532,-50.80987476313464,-49.70872713085544,-48.146618124285084,-46.18461726173584,-43.855650410029774,-41.17204189460759,-38.13247224875879,-34.72767238221495,-30.945330985394058,-26.775333923437532,-22.216464757879194,-17.284860694810156,-12.023009454232634,-6.50670563370424,-0.847239567165799,4.812391159857535,10.305844803249663,15.451918718827978,20.053995828348523,23.867033020953595,26.448084975279734,26.514558739829184,18.831380698424343,-19.20999509190402,-50.14846114503185,-65.61764206655667,-73.09997246022252,-76.69058736454812,-78.40842694613804,-79.22887113094028,-79.61981593910234,-79.80470563319987,-79.88933429088924,-79.92250519458712
1.4899999999999793,-51.62503269953952,-51.77264480461233,-51.25436762929592,-50.19674997692479,-48.68998042997867,-46.79283704916409,-44.53699980165009,-41.934027227015584,-38.98199694245373,-35.67096727556044,-31.98756098783362,-27.919674893752358,-23.462497660768356,-18.62640925301237,-13.445954766889635,-7.987577355481098,-2.35324619991272,3.3217833161831183,8.87642234083506,14.132793726741587,18.89920765574965,22.94873687327248,25.91167476107411,26.81576255587419,21.934029465896227,-6.712839752876866,-43.620858856063286,-62.48128998856116,-71.60439528654916,-75.97768182046543,-78.06834975178224,-79.06643674349746,-79.54194215751114,-79.76681215920452,-79.86974190746358,-79.9100863536403
1.4949999999999792,-52.0272591910161,-52.17776456383374,-51.685888622835755,-50.6703015397507,-49.21710416499169,-47.38291899770091,-45.198279640902214,-42.67405417836289,-39.80777969939428,-36.5889235553753,-33.003204480397734,-29.03684253386409,-24.68192305845211,-19.943671305191522,-14.849225912104297,-9.455931172170516,-3.856268960344551,1.8227907958080933,7.426087583589298,12.779411112791454,17.695132881550048,21.960241789575033,25.263841672654465,26.891202710127573,24.362158010846287,6.261626157444808,-35.74254712633554,-58.636824937227296,-69.76531293023605,-75.1016282768712,-77.65124820082502,-78.86762899154508,-79.44680598430695,-79.72058795507849,-79.84587053816666,-79.89496753246968
1.4999999999999791,-52.41819689765987,-52.571405248155216,-52.104918974403375,-51.12988446596871,-49.72851024024169,-47.9553911219725,-45.840010659976336,-43.39262221480294,-40.61028378312639,-37.481942414921015,-33.99254598419017,-30.126904577308437,-25.874446166544264,-21.235827695163838,-16.231356400706552,-10.909623430290521,-5.353569668032001,0.31858838010154417,5.958322479617123,11.395655834127963,16.44673793301347,20.909320388060195,24.516628777083355,26.739169633922067,25.931620566815393,15.084495673860864,-27.054946671273807,-54.19741049155523,-67.5947070375217,-74.0541845841548,-77.14861797126196,-78.62693823780383,-79.331322874786,-79.66439909158204,-79.81683439581782,-79.87657372541702
1.504999999999979,-52.79831148464677,-52.95401937569407,-52.511926005480866,-51.57599075003432,-50.22471302947046,-48.510779575261694,-46.46271622086215,-44.09023737715198,-41.389983673878874,-38.3504452269899,-34.9559086410078,-31.18999882862892,-27.039884222116882,-22.502212864867726,-17.591058729818236,-12.346686948412417,-6.842558794019366,-1.1877724805177394,4.476427425257623,9.984858504153825,15.157078186942275,19.79775470601292,23.666623240684405,26.339684155018407,26.613164034618464,19.631824178713313,-16.61904227718501,-48.81492494257421,-64.9730448506884,-72.79057329634804,-76.54184523249292,-78.33595850608644,-79.19149311898205,-79.59626963536395,-79.781588226305,-79.8542291979063
1.509999999999979,-53.16804863102344,-53.32604242791846,-52.90736247492236,-52.009100756151845,-50.70621912564899,-49.049607327171834,-47.06692113058848,-44.76741121931194,-42.14736357574289,-39.19487043486964,-35.893648114396996,-32.22632355905359,-28.17815486487807,-23.742304921870648,-18.927220519421276,-13.765335411192499,-8.320803978705092,-2.693353798666439,2.9836419094837807,8.550399292713324,13.829838803761323,18.63122377074156,22.730998272309076,25.773598246568838,26.84865964984341,22.532833096267456,-3.65001274481104,-41.93359663346615,-61.66986685354143,-71.21833656288527,-75.79354825090782,-77.9791998128803,-79.02067875993984,-79.51322639050763,-79.73868178752976,-79.82704648590148
1.5149999999999788,-53.527834041629625,-53.687892634196885,-53.29166607168309,-52.429682368383254,-51.17352617932872,-49.572392851987054,-47.653150413443285,-45.42465974656034,-42.882916134527086,-40.015671014870875,-36.806147390552525,-33.23612877049695,-29.289264707103595,-24.955714570498852,-20.23889782907862,-15.16396305444866,-9.786032148121881,-4.195320874238685,1.4831978285206762,7.095829614415487,12.469284247440344,17.416823204942816,21.72819681592413,25.104064628560206,26.87938935413049,24.805458907014085,8.72135425214675,-33.85522639966567,-57.68776999219623,-69.30433658736447,-74.87936966364605,-77.54304786143067,-78.81196046905299,-79.41185412132059,-79.68636063472395,-79.79392713324337
1.5199999999999787,-53.87807360360426,-54.03997089644732,-53.66525904852451,-52.83819027293571,-51.627121833506834,-50.07964884726972,-48.221928048316414,-46.062502327535476,-43.59714129183807,-40.813312406028885,-37.693812410859195,-34.21970839435025,-30.373298383445636,-26.142173537532916,-21.525307142629625,-16.54114407866199,-11.23613878932426,-5.690967313203043,-0.021755583864790175,5.624588304537032,11.07913640502436,16.158844335381353,20.663341210668655,24.333201745374115,26.668459287272785,26.149057213119395,16.387607977421894,-24.911644167833735,-53.08829836852528,-67.04990626893706,-73.78930445061424,-77.01881226975607,-78.55980120889193,-79.2889891429726,-79.62282216171815,-79.7536649768017
1.5249999999999786,-54.219153670432135,-54.38266084110353,-54.02854798929449,-53.23506537352334,-52.06748276666353,-50.57188100199791,-48.77377568454446,-46.68146056516376,-44.290545214361735,-41.58827080826413,-38.55706845562729,-35.177393459870444,-31.43040831685932,-27.30152292041226,-22.78581640844877,-17.89563109226774,-12.669197502404126,-7.177738963313749,-1.5281947404393026,4.139949449862994,9.66268951855832,14.860334672953435,19.538716457046966,23.46185849933976,26.22293339709566,26.690287042853882,20.357787162512107,-13.879144145202616,-47.40003842768406,-64.29179602100827,-72.46375345649936,-76.38295539475759,-78.25413899847567,-79.14000521315057,-79.54572103076752,-79.70477511847199
1.5299999999999785,-54.551441456402365,-54.71632898488741,-54.381923700687906,-53.62073433791475,-52.495073852513954,-51.04958683229272,-49.30921135319652,-47.28205712158928,-44.9636392503226,-42.34103175640592,-39.39635718148166,-36.109546207566666,-32.460805305093665,-28.433701589700924,-24.01993481184565,-19.226350509589455,-14.083462892149326,-8.653239088373791,-3.0332044762850234,2.645152557130922,8.223377083483005,13.525205319128803,18.36082798750429,22.5099201811968,25.63059145838199,26.872589967562167,23.106122946507092,-0.6079771030194878,-40.18307525696026,-60.822119359758425,-70.81279812119787,-75.59732623344459,-77.87866534706163,-78.95772418254207,-79.45164074237223,-79.64521252196405
1.5349999999999784,-54.875285524706385,-55.0413250005925,-54.72576121814617,-53.99560927135395,-52.91034744186666,-51.51325460073302,-49.82874819271116,-47.86481450024028,-45.61693887755765,-43.07208888616195,-40.212134206320215,-37.01655508821346,-33.46474999099342,-29.538734839403343,-25.227301532084574,-20.532395448829423,-15.477369946112917,-10.115231703805733,-4.533976205842377,1.1434186903550292,6.764748623900736,12.157667621498348,17.13630870267837,21.493002282183078,24.93908488756315,26.854774882892045,25.19780059843634,10.90987585313017,-31.93318918125354,-56.70929808605436,-68.82483123255605,-74.64413073886193,-77.42154492746879,-78.7355317986366,-79.3369474851261,-79.57262127717216
1.5399999999999783,-55.19101635309821,-55.35798206916956,-55.060419914748145,-54.36008751052724,-53.31374276895685,-51.96336233267551,-50.3328932084304,-48.430253794645516,-46.25096261977892,-43.78194282050423,-41.004867138441014,-37.898830577068736,-34.44254528065876,-30.616723582571325,-26.40767412749086,-21.813017520339702,-16.849533451839584,-11.561651940247074,-6.0278366028720285,-0.36213067317764513,5.290198042695144,10.761292839795956,15.868891921105808,20.414301215558456,24.144563526335556,26.58543256364771,26.324436139469956,17.499542488807776,-22.657265389322195,-51.9225528661888,-66.47721980078965,-73.50739852470541,-76.87257939605475,-78.46737247090837,-79.19804652963107,-79.48452151446605
1.5449999999999782,-55.498946961975385,-55.666617304782434,-55.38624370151096,-54.71455153015582,-53.705685481818485,-52.40037694003761,-50.822146085050285,-48.978893418460416,-46.866230918745785,-44.47110011842165,-41.775033952358044,-38.75680171886277,-35.39452973096377,-31.667834296414465,-27.560916886101694,-23.067617599106594,-18.198745855650976,-12.990614288447736,-7.512267049476355,-1.8684985203160969,3.802981237272449,9.339372422286857,14.561736300795499,19.276974599350336,23.253027128148926,26.09896514957658,26.750784481593513,21.031939416082043,-11.00106147521843,-45.899715832847214,-63.569377310522384,-72.11347423318726,-76.20311073810792,-78.14122342822031,-79.02928281258896,-79.37750200601437
1.549999999999978,-55.799373590865486,-55.96753224011729,-55.70356130742076,-55.05936895310142,-54.08658729378272,-52.824753459948106,-51.29699806954259,-49.51124783435224,-47.46326495947996,-45.14007224084596,-42.523121620205075,-39.59091330283954,-36.32107187077093,-32.69228980273241,-28.68698925999862,-24.295735317335936,-19.523971961523287,-14.400414203968076,-8.984906552158307,-3.3727923584323287,2.306338356461005,7.8953898444021995,13.218937348680134,18.088082924210767,22.285609832419727,25.482822386530735,26.88742287208166,23.65007756110601,2.3437171807091555,-38.37918580495423,-59.937675987141695,-70.38213469873199,-75.37640023036847,-77.74044057577694,-78.82269553257314,-79.24682837200058
1.554999999999978,-56.092576410545846,-56.26101336003298,-56.012686627710835,-55.394892654084956,-54.456845751069075,-53.236934412576524,-51.75793093988894,-50.027826301011146,-48.04258545338255,-45.78937450097764,-43.2496249172906,-40.40162356152736,-37.22256539291832,-33.69036094788737,-29.7859346128818,-25.497037684739293,-20.824341493139766,-15.789527387546059,-10.443556792052773,-4.872231412748741,0.8034746152784988,6.432875923622246,11.844596483677075,16.85362072663169,21.254663276473003,24.76878714848398,26.81677055178556,25.53727495552978,12.819556139504694,-29.964283340770333,-55.694372038157276,-68.31827254105927,-74.3801665379466,-77.25463123570458,-78.57152175707863,-79.08774062870981
1.5599999999999778,-56.37882025930192,-56.54733267253475,-56.31391912928643,-55.721460946651675,-54.816844109707645,-53.63734927955194,-52.20541607225938,-50.52913165790065,-48.60471139023488,-46.41952497827484,-43.955045333258994,-41.18940229105983,-38.099425144067204,-34.66235924106171,-30.857869572283118,-26.671307449929397,-22.099140684302856,-17.156609091666343,-11.886192972199881,-6.364176425976328,-0.702517360713819,4.955181966784091,10.442160796277983,15.576921179528867,20.162266601547092,23.950935028886846,26.491202783993515,26.46409619793396,18.459403177765278,-20.268115972835414,-50.68584106392734,-65.86386014949228,-73.18838781727773,-76.6705159980132,-78.26824890007443,-78.89508933144556
1.5649999999999777,-56.65835539314993,-56.826748307055816,-56.60754430279919,-56.03939784288746,-55.166951313714044,-54.026414101712405,-52.63991361628357,-51.01565916657973,-49.15015877454599,-47.03104338616798,-44.639890033750895,-41.95472929680022,-38.95208382390396,-35.60863045832225,-31.90297415790279,-27.818431458312183,-23.347802765660433,-18.500491302639702,-13.310970518259554,-7.846144352712517,-2.2086657328616797,3.465553116057856,9.014946047345306,14.261335019068525,19.01262824866038,23.040415490734294,25.96880526943225,26.798645902963468,21.671011014159472,-8.006562573212443,-44.30793416660138,-62.79303475385844,-71.71588651717789,-75.95443241768281,-77.89815341533416,-78.66052851101306
1.5699999999999776,-56.9314182411187,-57.099505131036835,-56.89383415156193,-56.34901337549253,-55.50752206546908,-54.40453119260542,-53.06187178496203,-51.48789542575457,-49.679439364517044,-47.6244498926065,-45.304670830177635,-42.69809307492934,-39.780989290446435,-36.52954916760566,-32.9214827592687,-28.93838913082514,-24.569897201684377,-19.820176807534757,-14.71622567630398,-9.315810181419227,-3.7121011014577645,1.9672286279698885,7.566475136540661,12.911079702306456,17.81304723423925,22.058150143025905,25.330345357995252,26.89257299325716,24.159254939657565,5.140952559330999,-36.52314683593343,-59.004304983186394,-69.89847134720264,-75.07282892234541,-77.4439796991202,-78.37344345265872
1.5749999999999775,-57.19823215791059,-57.36583537681837,-57.173047708294284,-56.65060397214831,-55.838896978672864,-54.77208896219276,-53.471726262717475,-51.94631737483007,-50.19305943319404,-48.20026389989776,-45.94990312762206,-43.41998965121502,-40.58660236548562,-37.425514109097186,-33.91367602853556,-30.03124132493761,-25.765118208869474,-21.114831487057955,-16.1004748252578,-10.771013862953732,-5.210072229033923,0.4633932286138137,6.100246695943453,11.53010906659852,16.56879798887754,21.01321468826953,24.593192580742514,26.765472488358263,25.82558554029789,14.466075499108676,-27.919568425593116,-54.61861951313518,-67.74787512308868,-74.0160540418119,-76.89526471824028,-78.02509409657152
1.5799999999999774,-57.459008167420315,-57.62595927185505,-57.44543157151774,-56.944452872603414,-56.16140280395282,-55.1294618436522,-53.86989973223479,-52.39139139793776,-50.69151857144666,-48.75900279609691,-46.5761048327359,-44.120921511473156,-41.36939503927881,-38.296944355198036,-34.87987373899144,-31.09711985223146,-26.933273105240914,-22.38377569373499,-17.46241353026301,-12.20977101342415,-6.699974642595304,-1.042889422255729,4.619574897451763,10.121780833483083,15.282984909271825,19.90734185383813,23.752656480780594,26.387247908639555,26.575339282541854,19.307383676982035,-17.71033180700248,-49.34425076107584,-65.16259187211072,-72.74419999324424,-76.23326402628193,-77.60381149959153
1.5849999999999773,-57.71394569165331,-57.88008566621028,-57.71122045428306,-57.230830579513984,-56.47535271718852,-55.4770103149861,-54.2568015181571,-52.823572537347765,-51.17530855138441,-49.30118069428498,-47.18379521393569,-44.80139657150027,-42.12984897955758,-39.1442761575397,-35.82042860285894,-32.13621779329927,-28.074270680658877,-23.62647444226182,-18.800912993319372,-13.630277986598754,-8.179360853463658,-2.548671387622802,3.1277001489745992,8.689454003469898,13.95919253531834,18.745799410559787,22.824355459978058,25.833529659716156,26.83762994684045,22.288976615186925,-4.914235797734004,-42.59590270126871,-61.90804993039274,-71.16412447400327,-75.4184230423539,-77.08811433056596
1.5899999999999772,-57.963233260565126,-58.128412652188324,-57.97063773875676,-57.50999533477679,-56.78104666083168,-55.81508100633328,-54.63282734347216,-53.24330382205856,-51.6449122669422,-49.827307178524435,-47.773493714851654,-45.46192714691313,-42.868454257484665,-39.96796037600635,-36.73572099622601,-33.14878067609991,-29.188109734374873,-24.84252642233769,-20.115013573691787,-15.030911771356653,-9.645942195267622,-4.051107307534783,1.6278575019406512,7.236675220593628,12.601686481901194,17.53580243719879,21.82768283704219,25.173392328831923,26.88813884285966,24.631534475977194,7.7473732417605845,-34.57675731518183,-57.954157435097066,-69.23096363620911,-74.41986965974831,-76.45640341834586
1.594999999999977,-58.20704919922347,-58.371128171791305,-58.22389603102242,-57.782193613831055,-57.078771728891994,-56.144006883410526,-54.998359192581844,-53.65101571433507,-52.10080276584948,-50.33788607628341,-48.34571872902475,-46.10302889566894,-43.58570821464059,-40.76846038458173,-37.62615452348356,-34.135098584369146,-30.274868064442206,-26.031652445016874,-21.40391685831895,-16.410229382125628,-11.097597484110908,-5.547477113308208,0.12320732544429996,5.766901843054609,11.21425637471452,16.281914956342238,20.768799412178726,24.41268788487025,26.702359907731985,26.070193792414596,15.893789308123026,-25.715145604394554,-53.38476687097134,-66.94875626834813,-73.22484313344191,-75.69415658411913
1.599999999999977,-58.44556228947692,-58.60841060844171,-58.471197711240535,-58.04766063119191,-57.368802586790025,-56.4641074973231,-55.35376527358403,-54.047125674143246,-52.543442384289676,-50.83341427690333,-48.90098634923416,-46.72521971765381,-44.28211440856038,-41.54625035445584,-38.49215234210535,-35.09549923583799,-31.33469215754837,-27.19368378815147,-22.666976805394352,-17.766966508013994,-12.532382996064568,-7.0352115631639,-1.3832150005534567,4.283418468556767,9.800208920080832,14.987177365404916,19.64974687009041,23.550408139065727,26.276101224877117,26.668847813352798,20.094530565506997,-14.885144857541356,-47.770340077823754,-64.16696471634819,-71.77395381447506,-74.7696454536654
1.604999999999977,-58.67893240401511,-58.84042936011193,-58.71273547504832,-58.30662085124039,-57.651401917911215,-56.77568929106845,-55.69940007123291,-54.43203783893362,-52.97328199245005,-51.31438061443722,-49.43980910857441,-47.329018605779865,-44.95818158750491,-42.30181382084681,-39.33415415141075,-36.030342010715195,-32.36778769340968,-28.32855058548085,-23.90368963666764,-19.10003321550881,-13.948535964531011,-8.511898696520038,-2.888484427025517,2.78946506539103,8.362956905476135,13.655414309325531,18.476725621705278,22.605501660145734,25.695183853975863,26.874675313851498,22.911481732831444,-1.6718645543867277,-40.61230637406556,-60.659984268007896,-69.96641989087387,-73.62745882940284
1.6099999999999768,-58.90731111130343,-59.0673453916017,-58.948692862765164,-58.55928849905547,-57.92682088939367,-57.07904595332663,-56.03560448133249,-54.80614281406525,-53.3907603560252,-51.78126483111749,-49.962694732481026,-47.91494445131733,-45.61442265769651,-43.03564244841997,-40.152613739273704,-36.94001287285803,-33.374410927458214,-29.43627043892535,-25.113682662888245,-20.408507018161966,-15.344474082905942,-9.975286663746578,-4.389781018977836,1.2882678181101797,6.906051772907166,12.290861656620692,17.256563387450306,21.594733942396065,25.013415125506548,26.878542983087844,25.08218417225722,10.21532423133208,-32.32681850482739,-56.4618810710836,-67.77182674418289,-72.23203690988927
1.6149999999999767,-59.13084225040615,-59.28931176426602,-59.179244773600885,-58.80586806680106,-58.19529963041318,-57.374458810591705,-56.36270601694249,-55.16981756742186,-53.796303615741145,-52.234536635077085,-50.47014492161664,-48.48351481284963,-46.25135361851943,-43.748234922322254,-40.947996982654054,-37.824920114020145,-34.354861017154285,-30.516937550044812,-26.296702683816243,-21.691624751625604,-16.718794943426158,-11.423293714473456,-5.884417365823505,-0.21704027760964267,5.432904785985174,10.89714696375663,15.993199036556089,20.52199451430319,24.228994985220382,26.63338674742466,26.29505704559245,17.216773594810313,-23.019338186580192,-51.55775088999784,-65.16222552418958,-70.55448543745649
1.6199999999999766,-59.34966247516448,-59.506474141967416,-59.4045579626229,-59.046554811862244,-58.4570677169827,-57.662197249257325,-56.68101907668065,-55.52342542040402,-54.19032488419771,-52.67465486294582,-50.96265418505661,-49.035244663289205,-46.86949245251626,-44.44009590539393,-41.720780203678906,-38.68549083812986,-35.30947331867668,-31.570712587230666,-27.452604333798927,-22.948773453785922,-18.070274127859587,-12.854016927542386,-7.369859623646778,-1.7234506531264497,3.9467804449753077,9.47756711021314,14.689765990008528,19.390182718957348,23.346306931026387,26.164943169028287,26.7718145640287,20.937572173173116,-11.35862076190829,-45.38554541541874,-61.92332346441182,-68.48956407025253
1.6249999999999765,-59.563901767569874,-59.71897127244292,-59.62479151875278,-59.28153524356075,-58.712344658013464,-57.942519159937,-56.9908452655531,-55.86731612651265,-54.573223956889564,-53.10206675481412,-51.440708741741645,-49.57064513271696,-47.46935796665329,-45.111735015075105,-42.47144878927353,-39.522168085933174,-36.238613622722276,-32.59781338210219,-28.5813384971389,-24.179479965821564,-19.397860181043853,-14.265734308973336,-8.843731277911285,-3.2280602799814146,2.4509212245847114,8.035592306389395,13.350306014270304,18.20619555201964,22.386137123878598,25.561032191103216,26.93514687295553,23.63716703292855,2.129651913466863,-37.6040328365729,-57.84289013669482,-65.90296186730491
1.6299999999999764,-59.77368392050233,-59.9269354436453,-59.840097322508775,-59.51098759586769,-58.96134037810289,-58.21567139699936,-57.29247375908295,-56.201826028124955,-54.94538713220843,-53.517207345909064,-51.90478550594967,-50.09022226657683,-48.051468589247314,-45.76366578605013,-43.20049599168975,-40.33540849367101,-37.14267326829489,-33.59850652045429,-29.682941013030554,-25.383399613623688,-20.700667340502356,-15.65690422150601,-10.30381787579402,-4.728076519151834,0.9485381508873052,6.574755236102875,11.978937038207665,16.976160212141767,21.361601456741624,24.857363129159385,26.886846971310792,25.596716915409708,12.908360236315435,-28.717818766357954,-52.96376817932463,-62.74909236379839
1.6349999999999763,-59.97912699026565,-60.130492914913155,-60.05062048260683,-59.735082284056624,-59.20425569320015,-58.4818902470471,-57.58618170201181,-56.52727828176451,-55.30718713355311,-53.92049897636771,-52.35535116976187,-50.59447581916515,-48.61634113327105,-46.3964045968264,-43.90842184001355,-41.125680382952275,-38.02206506253005,-34.57309988839415,-30.757521961543585,-26.560304582570815,-21.97796722354633,-17.026164762379445,-11.748077652775445,-6.220846015092144,-0.5572654721227115,5.098420163468774,10.579145176599887,15.703554778266115,20.27528010625527,24.049573738041268,26.583337984231058,26.5925656380057,18.83246308455454,-18.257488929088954,-47.028668534298134,-58.87812836931653
1.6399999999999761,-60.180343719573756,-60.32976432309732,-60.2564997508745,-59.95398234371734,-59.44128277592302,-58.74140190080146,-57.872234633450006,-56.84398314215783,-55.65898312542937,-54.312350917783185,-52.79286139247201,-51.08389810164639,-49.16448954139464,-47.010469549402934,-44.595732106150464,-41.893462184696276,-38.877219919034374,-35.52193618520239,-31.805255710445035,-27.710072260146944,-23.229179396514343,-18.372331099138087,-13.174648428078935,-7.703869876564412,-2.0635045065847093,3.609846827634136,9.154275548918683,14.391806064546262,19.13156309981735,23.149148313527665,26.08293458210974,26.99160660493509,22.28325897453431,-5.070635593505085,-39.296536495422714,-53.88034963259679
1.644999999999976,-60.37744193181272,-60.52486506397714,-60.457867915233464,-60.16784385097711,-59.67260560790134,-58.99442292358453,-58.150886931034016,-57.15223829556697,-56.00112081451777,-54.69315911283569,-53.217760103696804,-51.55897290214841,-49.696423631086674,-47.606379300439194,-45.26293728163305,-42.63924110688803,-39.708584112507516,-36.445387362620984,-32.82637180552417,-28.832673686694882,-24.453860704758252,-19.694389795061188,-14.5818487260078,-9.174806715786938,-3.567296949486635,2.112281615380587,7.707847987487932,13.045090786857687,17.937537117568194,22.176042325896272,25.462252317295945,27.12800122976739,24.89007050958228,8.387260404227643,-29.587040173691335,-47.41998000977262
1.649999999999976,-60.570524897549156,-60.7159056494874,-60.654852170747425,-60.37681632313653,-59.898400417043575,-59.24116072028861,-58.4223822673846,-57.452329233299245,-56.33393262617313,-55.06330602233872,-53.630478923840016,-52.02017449312333,-50.21264785954592,-48.18465184992369,-45.910551534145746,-43.36351196629634,-40.516617043997705,-37.343849928002754,-33.821146775186115,-29.92816237672537,-25.651693872276994,-20.991491360199007,-15.96817756401764,-10.63148032693041,-5.065880578363502,0.6089094832499043,6.24333764303585,11.667275495822654,16.698200125339106,21.138504399403875,24.736414320106064,27.016809285924776,26.558396569792937,17.44777575916104,-17.793245075476193,-39.030352230802116
1.6549999999999758,-60.759691674355395,-60.90299204141587,-60.84757446895635,-60.58104309926109,-60.118836098115466,-59.48181399137379,-58.686954072892675,-57.74452965681978,-56.65773794659635,-55.42316057246894,-54.03143670262682,-52.467966738306835,-50.71366012836703,-48.74580329926846,-46.53909162456717,-44.06677611726569,-41.301789415013914,-38.21774103537086,-34.7898968973593,-30.996663767964414,-26.822475855339235,-22.2629416862067,-17.332313377356662,-12.071889219898173,-6.556636488372521,-0.8971939503239228,4.7640797197839575,10.261805980845912,15.417071668496208,20.04017658036684,23.909500379419168,26.669284284284785,27.398231321342465,22.584672512414706,-2.7451010883890015,-27.24617778949368
1.6599999999999757,-60.94503742110945,-61.08622596235403,-61.03615184588396,-60.780661700537706,-60.33407461543925,-59.71657317706017,-58.94482599962048,-58.029101906546934,-56.972843420963805,-55.77307819376235,-54.421039173790085,-52.90280230849805,-51.199950646884545,-49.29034659501678,-47.14907577590368,-44.749540423890124,-42.06458171431773,-39.06749527184179,-35.73297192419946,-32.03836544450888,-27.96610616555455,-23.50819222984723,-18.67311037915363,-13.494211270802966,-8.03709859312567,-2.4030589771351445,3.2733560787979994,8.832156186795249,14.098077212581298,18.887265150837923,22.99919584770085,26.161949048097387,27.804672753132685,26.05948704961546,12.968961155765214,-10.587346742015733
1.6649999999999756,-61.12665368797429,-61.265705184762666,-61.22069672925414,-60.975804170444825,-60.54427138690544,-59.94562088742212,-59.19621238180892,-58.30629740710672,-57.27954329807676,-56.113400942672925,-54.79967872170215,-53.32512201222019,-51.67200087129772,-49.818790276965814,-47.74102249440421,-45.41231623484829,-42.80548292948263,-39.89356203679482,-36.650749722540645,-33.05350822973236,-29.082575392501404,-24.72682919409728,-19.989592676999425,-14.896805489050903,-9.504961734303608,-3.905830189240075,1.7743912434358997,7.381780649823825,12.745034636674037,17.684976860446167,22.016046755373434,25.524651770860583,27.874958759547592,28.231470478056277,23.598706514538733,9.767285532363132
1.6699999999999755,-61.304628683304095,-61.44152379909395,-61.40131722556873,-61.166597394982034,-60.749575648813256,-60.16913231661899,-59.44131868918503,-58.576357122568076,-57.57811981252818,-56.44445769603439,-55.1677342538592,-53.73535424420717,-52.13028253415901,-50.331637250633264,-48.31544935038956,-46.05561833270963,-43.52498940659302,-40.696403409695705,-37.54363176656526,-34.04237821913366,-30.171954188752284,-25.918562159171383,-21.28094687530133,-16.278212476430294,-10.95809180056547,-5.402787727503436,0.27030917663735454,5.914000358592688,11.361321868365017,16.43677201559438,20.963878210700177,24.7624740999252,27.621737031876687,29.199540630008354,28.641238593392057,24.48001935476127
1.6749999999999754,-61.47904751873952,-61.61377246194662,-61.57811738778125,-61.3531634033648,-60.950130801337814,-60.38727563993309,-59.68034196990002,-58.83951201594277,-57.86884359596846,-56.766564408624525,-55.52557117164119,-54.133914551807074,-52.575256775895475,-50.82938360389491,-48.87287173188302,-46.679963841067014,-44.22360379410548,-41.47649240526881,-38.4120393998744,-35.0052997781557,-31.234382910132716,-27.083212456514225,-22.546513254374165,-17.63715259793777,-12.394532713144713,-6.891360568642311,-1.2358747205269964,4.4320476150255,9.95019316550986,15.14595811001877,19.84713422596557,23.887861275462058,27.106751574062837,29.331991746087173,30.332396208437665,29.890287764262705
1.6799999999999753,-61.64999243375832,-61.782538625271485,-61.75119746438093,-61.53561964972661,-61.146074734665106,-60.60021239269628,-59.91347128053028,-59.09598350797016,-58.15197410971212,-57.080024424140134,-55.87354143069245,-54.521205316803254,-53.00737338687195,-51.31251748639042,-49.41380158794045,-47.28587108293085,-44.90183401978506,-42.2343115203339,-39.25641076842841,-35.94262948339453,-32.27006202993598,-28.220701490125244,-23.785775555166122,-18.972521253794866,-13.812508614299803,-8.36913078311213,-2.741242228121064,2.9391428464357787,8.515056390506086,13.816489455351249,18.672620717947876,22.921195720568313,26.4136321333594,29.017112099498593,30.618468344147548,31.196850273691958
1.6849999999999752,-61.817543000939246,-61.947906747653505,-61.92065413074016,-61.714079276468766,-61.33754013602826,-60.80809783053116,-60.14088810111038,-59.34598393092805,-58.42776009165885,-57.38512883020074,-56.21198368154236,-54.89761554796596,-53.427070165326256,-51.78151806827721,-49.93874618081759,-47.8738583923148,-45.560192262493004,-42.97035148585677,-40.077198319040036,-36.854750956944464,-33.279243416449404,-29.331039260943545,-24.998349749566096,-20.28338190852044,-15.210423479598,-9.833837750900562,-4.242974257588464,1.4385005536058557,7.059452358659754,12.45264738231968,17.447468625056526,21.880589805423348,25.602299358670525,28.47807646805646,30.389913571239376,31.291114234611822
1.689999999999975,-61.98177631317946,-62.10995848870552,-62.086580703617656,-61.88865135998763,-61.52465477805386,-61.01108127063457,-60.36276673366319,-59.58971697389984,-58.696440011261465,-57.682156848510665,-56.54122348073265,-55.26352077784205,-53.834772393449086,-52.23685459227644,-50.44820686694591,-48.44444288783367,-46.199193893106745,-43.685110149987274,-40.87486675947443,-37.74207052733868,-34.262222543489315,-30.414313377590634,-26.183972319427394,-21.56895773681042,-16.58685981133006,-11.283385528708292,-5.73836859756838,-0.06671238203707884,5.5869257346026595,11.05860103376626,16.177748473750704,20.77832398266736,24.704849150387556,27.810268898809575,29.947454184786608,31.014479484062182
1.694999999999975,-62.14276715407901,-62.26877288760034,-62.249067339724384,-62.059441139558096,-61.70754178894962,-61.209306414085745,-60.57927468311657,-59.827378116552254,-58.95824252702171,-57.97137625187912,-56.861573562614566,-55.61928305589316,-54.230892431054436,-52.678985529962745,-50.942677926331775,-48.99813922238439,-46.81935637038217,-44.37909143143972,-41.649891381702155,-38.60501363662833,-35.21933166748299,-31.470678783745466,-27.342488458757277,-22.828622312398565,-17.94057635467466,-12.715850999820763,-7.224861647494,-1.573420345998184,4.100937054974877,9.63824648653217,14.86836479352161,19.622170026707668,23.736952405529628,27.050381385511148,29.38260320897749,30.576772833220826
1.6999999999999749,-62.30058815267088,-62.42442652675415,-62.40820121926859,-62.226550230203024,-61.88631990517547,-61.40291164937839,-60.79057301988334,-60.05915504907224,-59.21338694175639,-58.25304380052486,-57.17333416216231,-55.965251029107144,-54.615829423802076,-53.10835785008657,-51.42264545860891,-49.53545832653843,-47.421198087576805,-45.05280429604581,-42.40275665721975,-39.44402190003834,-36.15093395884586,-32.500348347345,-28.4738404669555,-24.06188946503466,-19.270504180305785,-14.129489970264874,-8.700046167995398,-3.078667582484422,2.604832720754265,8.195233593813581,13.52343180672325,18.41740146450895,22.706783353475977,26.213260106803208,28.724449758292824,30.031874260569666
1.7049999999999748,-62.45530992363882,-62.576993681652276,-62.56406671539032,-62.39007682039467,-62.06110370731919,-61.592030337549154,-60.996816723706424,-60.28522807643244,-59.46208365157818,-58.52740569081198,-57.47679337951364,-56.30176010057393,-54.98996912082554,-53.525406403565924,-51.88858636182775,-50.056906165233364,-48.00523717381309,-45.70676172199771,-43.13395502238772,-40.25955071575108,-37.05741853539215,-33.503584385617785,-29.578056522476913,-25.268402413215288,-20.575740770922867,-15.522739989463384,-10.161683374141226,-4.579634349094531,1.1018434121641012,6.733040751183324,12.14663151708033,17.168114412549127,21.61947419812473,25.306269070466968,27.98441370748911,29.396806612070456
1.7099999999999747,-62.60700119411985,-62.72654645778005,-62.71674555038331,-62.55011585545587,-62.23200383995415,-61.77679107942041,-61.19815500865233,-60.50577050563273,-59.70453458521984,-58.79469801033784,-57.77222757746636,-56.62913265622008,-55.35368379491018,-53.93055342676628,-52.340967407325536,-50.56298252786996,-48.57199026057768,-46.34147963111804,-43.843985782670586,-41.05206732000822,-37.93919631813098,-34.480691152271255,-30.655240000508805,-26.447922379392566,-21.85554219110407,-16.894219928274946,-11.607710507322919,-6.07364707700138,-0.40491242321459564,5.255033578714964,10.741435905177264,15.87789807881803,20.478973165316464,24.33420780728778,27.168739437651013,28.679418044725615
1.7149999999999745,-62.75572891814454,-62.87315491559253,-62.86631693958828,-62.70675920751889,-62.39912721629455,-61.957317965584,-61.39473162937336,-60.7209490149798,-59.94093363095252,-59.05514719405366,-58.05990180379656,-56.947678349874934,-55.70733225706516,-54.32420816193415,-52.78024442095634,-51.05417987124932,-49.1219712283847,-46.957475774141024,-44.533354077067266,-41.822049186570034,-38.79669661404624,-35.43200828045176,-31.70555948353092,-27.60031697232612,-23.10931368021224,-18.242726805814026,-13.036245241117697,-7.558186547990571,-1.9124291856584603,3.764495944401512,9.311219835719369,14.550136679917607,19.28876429004452,23.300927558440033,26.28194690131572,27.884880970771523
1.7199999999999744,-62.90155837971705,-63.01688718441701,-63.01285772380881,-62.860095832900214,-62.56257720849221,-62.133730809843826,-61.58668516895733,-60.93092400483274,-60.17146704891973,-59.30897047684742,-58.34007023098153,-57.25769443706823,-56.05125995642753,-54.706766591227144,-53.20686157775534,-51.53098223313643,-49.65568995168857,-47.555268567385,-45.202569857200395,-42.56998267806131,-39.630364322925196,-36.35790514866684,-32.72923958838336,-28.725548639331883,-24.33659908743351,-19.567230372290332,-14.445587707945615,-9.030895446519182,-3.4178198786454357,2.264639862039654,7.859310091844522,13.188137768330773,18.052145080063678,22.209879696610656,25.327845425281264,27.017348685627624
1.7249999999999743,-63.04455328549043,-63.157809566148295,-63.15644249108004,-63.01021191772955,-62.722453824422054,-62.306145366890924,-61.7741493088348,-61.13584992955076,-60.3963138672269,-59.55637633872334,-58.61297660665462,-57.55946614836518,-56.38579915587666,-55.07861127876001,-53.621250813957936,-51.99386423191419,-50.17365106172653,-48.13537588602067,-45.852146848487806,-43.29636186800335,-40.440657663404004,-37.258776113644,-33.72655269649176,-29.82366346448646,-25.53706955520972,-20.866865856921123,-15.834220453353254,-10.489585247605733,-4.918325311697647,0.7586026859848463,6.3890016042639814,11.795184893708342,16.772339948213574,21.06432442822527,24.30988180298774,26.08046241367025
1.7299999999999742,-63.184775847937644,-63.29598662955298,-63.29714368858152,-63.15719101264581,-62.8788538718045,-62.47467353503,-61.95725308135017,-61.335875610652415,-60.61564626058605,-59.79756493938468,-58.87885470889753,-57.853267093595534,-56.71126917351536,-55.440111313469146,-54.023831357328376,-52.4432901649534,-50.676352747231476,-48.6983138253049,-46.48260147295892,-44.00168746515023,-41.22804631565229,-38.13503653438038,-34.69781163165705,-30.894780540367364,-26.71051181562133,-22.140925215747405,-17.20080640516427,-11.932241960255562,-6.411324817821242,-0.7505624083428557,4.903557614351141,10.374557555093826,15.452551614643829,19.867426996137862,23.231293909899325,25.07755912072276
1.7349999999999741,-63.322286859871234,-63.43148129596019,-63.435031725455005,-63.3011141573521,-63.03187111050211,-62.639423544802824,-62.13612110569142,-61.53114453140762,-60.829629910714665,-60.032728539637965,-59.13792880123383,-58.13935968899683,-57.02797668020559,-55.79162234437969,-54.4150093740541,-52.87971321522841,-51.16428561210324,-49.24459544559242,-47.09445172404558,-44.686465785055546,-41.99300988387644,-38.98711949681235,-35.643363288971905,-31.939082086303095,-27.85681641982234,-23.388847184782037,-18.5441849078213,-13.35703025252721,-7.8943470212258635,-2.2598990882243775,3.4062019415583378,8.929536194491224,14.09598694244228,18.622312185653133,22.0951989537897,24.01178733229584
1.739999999999974,-63.45714576111215,-63.564354917073146,-63.57017506724926,-63.442059995784255,-63.18159639380628,-62.8005001343597,-62.31087380795007,-61.72179511327254,-61.038424348039,-60.26205190759633,-59.390414082931535,-58.41799560001708,-57.33621604362282,-56.133486699041484,-54.795177728155885,-53.303574772522666,-51.63793160735884,-49.77472951975305,-47.68821599287508,-45.35120772707166,-42.73603659045699,-39.81547313939309,-36.56358318289371,-32.95680443286786,-28.97596617815043,-24.610206440492558,-19.863365919332864,-14.762295631413457,-9.365079683266242,-3.7665616524841465,1.900107249968568,7.463399509380595,12.70587034801815,17.332099982939404,20.904654193847513,22.8861866338768
1.744999999999974,-63.58941069805532,-63.694667345592144,-63.70264032267452,-63.58010488261453,-63.32811779950652,-62.95800471243051,-62.48162762612767,-61.907960974717724,-61.24218327455422,-60.48571270816951,-59.63651713092696,-58.68941619328242,-57.6362697097399,-56.466033575424,-55.16471584740608,-53.71530387244831,-52.09776305223224,-50.2892193029092,-48.26441185301882,-45.996427727556906,-43.45762212436675,-40.62055847636331,-37.45887085402243,-33.948229943249515,-30.068025046352936,-25.804702172074414,-21.157522537487544,-16.146564510119006,-10.821378010624683,-5.267828776426195,0.38838125435301946,5.979417213995912,11.28544979298069,15.99993034196628,19.662702487846996,21.703748086314185
1.7499999999999738,-63.719138576834695,-63.822476999299866,-63.83249232331422,-63.71532298178142,-63.471520751504414,-63.11203550973794,-62.648495200941085,-62.089771173114805,-61.4410548679381,-60.7038818747626,-59.876436330333924,-58.953852992013935,-57.92840861323643,-56.78957929740079,-55.52398968825038,-54.11531675360274,-52.54424175639838,-50.78856134441023,-48.82355481639046,-46.62264267171143,-44.15826857882472,-41.40284761718569,-38.32964605313611,-34.91367989826586,-31.133127649890977,-26.972146366204175,-22.425982085025428,-17.508542130276762,-12.261271044224287,-6.76111648382874,-1.1259480525174994,4.480839764745326,9.837997500996902,14.6289801997786,18.37240734951644,20.46746190967565
1.7549999999999737,-63.84638511073799,-63.94784091921584,-63.9597941968996,-63.847786357689735,-63.611888132699704,-63.262687719665486,-62.811585553284544,-62.267350430433744,-61.63518206723203,-60.9167239625086,-60.11036229111441,-59.2115281299345,-58.21289260900473,-57.10442762404747,-55.87335179109092,-54.504016530569935,-52.97781825214554,-51.27324436083786,-49.36615707693759,-47.230370756672045,-44.838483426145004,-42.1628222865153,-39.1763456071617,-35.853508333905324,-32.17146959324635,-28.112452090319113,-23.668216029867086,-18.84710841353557,-13.682965904584004,-8.243989848304631,-2.6399474463265347,2.9708859323840136,8.366806503784769,13.222474216672472,17.03687962285281,19.180355237480605
1.7599999999999736,-63.971204862475474,-64.07081482238858,-64.08460743471528,-63.9775650596948,-63.74930038984038,-63.41005362897749,-62.97100424921573,-62.44081934355718,-61.82470284056208,-61.12439748268292,-60.33847824902809,-59.462654799448224,-58.48997091767019,-57.4108701032986,-56.21314141655423,-54.88179297823351,-53.39893114213979,-51.74374818689147,-49.892726261208914,-47.82013030722622,-45.49877849072784,-42.90097255820605,-39.999420864473024,-36.768096788674846,-33.1832986558741,-29.225622034659377,-24.883829044337666,-20.16131190057466,-15.084849784310954,-9.714173060829337,-4.150793260365008,1.452728848075374,6.875183724599157,11.783690092552629,15.65929690146846,17.845521388484027
1.7649999999999735,-64.09365128186228,-64.19145314984989,-64.20699195366757,-64.1047272004443,-63.88383563099266,-63.554222739351346,-63.12685355331765,-62.61029458006574,-62.00975043551629,-61.32705521824458,-60.560960449474024,-59.70743769056331,-58.75988257880927,-57.7091864609907,-56.54368475296766,-55.2490224210283,-53.80800656533407,-52.20054281840826,-50.40376420581966,-48.39243855251993,-46.13966889356581,-43.61779572824677,-40.79933561525053,-37.6578498930775,-34.16890693267522,-30.31173753831603,-26.072547517232536,-21.45036200009866,-16.46548967106193,-11.169557593251218,-5.655785477873386,-0.07051895945771408,5.366440148247399,10.315959054993424,14.242916403603525,16.466141511923166
1.7699999999999734,-64.21377673942898,-64.30980911022237,-64.32700615350775,-64.22933902861082,-64.01556971624349,-63.695281880442806,-63.27923257126715,-62.7758890603607,-62.190453612889385,-61.52484452068343,-60.77797851326663,-59.9460734176844,-59.02285690632135,-57.999645016929634,-56.86529518516901,-55.60606771931876,-54.2054577807219,-52.64408755879535,-50.899765781552844,-48.94781037742662,-46.76167195297173,-44.31379526419669,-41.576564385861495,-38.523191715305344,-35.12862393628864,-31.370948283120654,-27.234207826591405,-22.71361981792617,-17.823629864102884,-12.608208264683531,-7.152360748524241,-1.5958210719575363,3.8438785591649833,8.822662003900694,12.79108182199712,15.04549918160818
1.7749999999999733,-64.33163255643414,-64.42593471942982,-64.4447069696692,-64.35146499651604,-64.14457634221482,-63.833315315176435,-63.428237382419226,-62.937712127003664,-62.36693686458531,-61.71790758854877,-60.98969578376803,-60.178750931987324,-59.27911394117635,-58.28250312032111,-57.17827361492623,-55.953278344072466,-54.59168486610403,-53.07483027697257,-51.38121778250946,-49.48675706589705,-47.36530603621081,-44.989479781891696,-42.331591013215785,-39.36456276548689,-36.062810642781656,-32.40346279434521,-28.368744661550046,-23.950587868054093,-19.15818741801724,-14.028367089725949,-8.6381040007382,-3.120232803075623,2.31077930024226,7.307221751485135,11.307224580734196,13.58698838026716
1.7799999999999732,-64.44726903171122,-64.53988083692592,-64.56014992213906,-64.4711678231061,-64.27092712092521,-63.96840483790518,-63.573961163179234,-63.095869702139616,-62.53932061651768,-61.906381728194,-61.19626965511912,-60.40565191762704,-59.52886489748081,-58.55800759764326,-57.482908823600276,-56.29099053031725,-54.967074526875,-53.49320678175812,-51.84859789660759,-50.00978505566529,-47.951089365082915,-45.64536201318471,-43.0649074149678,-40.18241755513049,-36.971854432410254,-33.40953984178384,-29.476179651253588,-25.160898984008558,-20.468245708272736,-15.42845485821716,-10.11075837173353,-4.640916526632586,0.7703844930902864,5.7730917818586525,9.794859898730902,12.094115259324221
1.784999999999973,-64.56073546574595,-64.65169719882418,-64.67338916075855,-64.5885085527077,-64.39469165349871,-64.10062986604794,-63.716494301902564,-63.25046443385967,-62.707721417380434,-62.090399597398964,-61.39785188159137,-60.626951170506594,-59.77231259849901,-58.826395206829595,-57.77947786820661,-56.61952749956244,-55.33200000810003,-53.899640314574754,-52.30237377103207,-50.51739472436872,-48.5195387851525,-46.28195774073012,-43.777012483247496,-40.977222607993426,-37.85616485362383,-34.38948079101465,-30.556610520403215,-26.34430475043121,-21.753046363991295,-16.807070466012,-11.568233230444529,-6.155156329672495,-0.7741188431697917,4.223741958509479,8.257578058740622,10.570494048742828
1.789999999999973,-64.67208018234412,-64.76143244827534,-64.78447750730513,-64.70354660995642,-64.5159375991839,-64.23006752577098,-63.855924506018155,-63.40159583232747,-62.87225211417302,-62.27008943261632,-61.59458886830131,-60.84281695875561,-60.00965189989232,-59.087893092391994,-58.06824650266245,-56.93919974131406,-55.68682110179189,-54.29454115956801,-52.74300218320225,-51.010079226595124,-49.07116851326749,-46.899784686922644,-44.46841104252493,-41.74945482281991,-38.71617012170302,-35.34362291471212,-31.610200947441566,-27.500663763107575,-23.01197985195505,-18.162988083746118,-13.008610126003314,-7.660371636038214,-2.3196163386519792,2.6626416220770897,6.699031299956692,9.019837509365606
1.7949999999999728,-64.7813505482144,-64.86913416341419,-64.89346649468874,-64.81633985126106,-64.63473074010764,-64.35679273223975,-63.9923369020346,-63.54936039646742,-63.03302201536582,-62.445575260666594,-61.786621943726345,-61.053411364431845,-60.241070098033724,-59.3427192368709,-58.34946961671661,-57.25030534402025,-56.03188424037427,-54.678306367785304,-53.17092832463635,-51.4883233998548,-49.60648888127552,-47.49936135372055,-45.13961282539452,-42.499600096073074,-39.55231425293695,-36.27233363909148,-32.63717125548797,-28.629930001891903,-24.24457502121497,-19.495152313423223,-14.430146555878252,-9.15412947861083,-3.863084049766385,1.0932405420620133,5.122916785021422,7.445942357449017
1.7999999999999727,-64.8885929907598,-64.97484888316123,-65.00040640355853,-64.92694461313253,-64.75113504215705,-64.48087826492785,-64.12581412904458,-63.69385173197456,-63.190137042579615,-62.61697709574079,-61.97408761459744,-61.25889060626769,-60.46674732176468,-59.59108290472711,-58.62339168582666,-57.553130366188476,-56.367522666718436,-55.051319589992396,-53.58658520193573,-51.95260275521448,-50.126005095601684,-48.081205818078196,-45.79113143297123,-43.22815212322097,-40.36505473076822,-37.17600567185826,-33.63779002045865,-29.73214156775691,-25.450487929129427,-20.802671538439924,-15.83127751200181,-10.634155136751291,-5.401606034513278,-0.48105178918987135,3.532956134328729,5.8526701416268505
1.8049999999999726,-64.99385301434417,-65.07862213114448,-65.10534629659566,-65.03541575768298,-64.86521271234834,-64.60239483843282,-64.25643642630126,-63.835160661365244,-63.34369987162765,-62.7844111226001,-62.1571178038697,-61.45940534355132,-60.68685690643277,-59.83318507545392,-58.89024722601327,-57.84794923895627,-56.69405667089336,-55.41395101104387,-53.99039315611243,-52.40338256553433,-50.630216032725265,-48.64583449397982,-46.423483258576255,-43.93561130922944,-41.1548606009859,-38.05505293594514,-34.61236663749302,-30.807409994862653,-26.629490267277937,-22.084809718863134,-17.210614828329614,-12.098340900311245,-6.9323913014676055,-2.056888006113132,1.932872068707052,4.243924112696735
1.8099999999999725,-65.09717521526808,-65.18049843797672,-65.20833405073819,-65.14180671556767,-64.97702425300807,-64.72141116920905,-64.38428171539685,-63.973375326747856,-63.493810063744284,-62.94798986686589,-62.33584007254955,-61.65510096144537,-60.90156574945658,-60.06921886332739,-59.150261248505444,-58.13502519205604,-57.011793883785856,-55.76655737748909,-54.38275949877129,-52.84111706116623,-51.11961308981506,-49.19376087660781,-47.03718636418075,-44.62248373194583,-41.922210898043936,-38.909907217847426,-35.56124484775025,-31.85591030388394,-27.781457690468407,-23.34097691846555,-18.566944417048518,-13.544752772871075,-8.45278972170875,-3.6310053246435934,0.3263627534278331,2.623622693127646
1.8149999999999724,-65.19860329566522,-65.2805213621005,-65.30941638756148,-65.24616952662134,-65.08662851306813,-64.83799403859732,-64.50942567753643,-64.10858128594951,-63.64056418778655,-63.10782235329221,-62.510377826221074,-61.84611783822432,-61.11103464701136,-60.29936992176663,-59.40364970973026,-58.41461069584563,-57.32102961800255,-56.109482109217666,-54.76407826129365,-53.26624873978149,-51.594679108084115,-49.725494287116,-47.63275930834646,-45.28928011521929,-42.667593312972215,-39.74101543024297,-36.48479719396701,-32.87787191656411,-28.9063583257174,-24.570718871624887,-19.899221540462847,-14.971634983953864,-9.96030651484097,-5.200248043591831,-1.2829255113309315,0.995670223138071
1.8199999999999723,-65.2981800765079,-65.3787335093933,-65.40863890201896,-65.34855487841419,-65.19408273674415,-64.95220835249297,-64.631941826357,-64.24086160258828,-63.784055934155774,-63.26401425289326,-62.68085050715121,-62.032591595051876,-61.31541861173513,-60.5238168307952,-59.65061995291269,-58.68694791283495,-57.62204724690123,-56.443055485459155,-55.13473005118417,-53.67920779385074,-52.05588738401173,-50.24153863788016,-48.2107199319765,-45.93651478130054,-43.39150302414592,-40.548837385223045,-37.38342034582338,-33.87357050586177,-30.004241702703162,-25.773705906273378,-21.206564318678076,-16.377412241717874,-11.452614951856564,-6.76158952187245,-2.8914265595517494,-0.6360742703742884
1.8249999999999722,-65.39594750988392,-65.47517655170127,-65.50604608972117,-65.44901214293267,-65.29944260984085,-65.06411719796509,-64.75190157670369,-64.37029693064136,-63.9243762211453,-63.41666801977241,-62.84737377287047,-62.214653329023726,-61.51486717160088,-60.7427314665453,-59.89137113822867,-58.9522691529228,-57.9151186131767,-56.76759489525173,-55.495082008194416,-54.08041165637448,-52.50370078071177,-50.742391238203,-48.771584114086316,-46.56470456381612,-44.09444162454943,-41.333843976092105,-38.2575312153802,-34.84332081342903,-31.07522830547297,-26.949721533721906,-22.48824571733148,-17.760689722117682,-12.927566959801291,-8.312153059177183,-4.495682852076619,-2.2678294706258755
1.829999999999972,-65.49194669069236,-65.56989124445464,-65.60168137291997,-65.54758941156905,-65.40276230390882,-65.17378189711165,-64.86937430974363,-64.49696559401538,-64.06161329437751,-63.56588301847051,-63.01005966213286,-62.3924298302851,-61.709524650313796,-60.956279352136725,-60.12609465904806,-59.21079732732289,-58.20050445910002,-57.08340514257953,-55.84548785166579,-54.47026466280863,-52.938570948595405,-51.22854165943551,-49.3158645139461,-47.17436767304523,-44.77691609222176,-42.096515671460395,-39.10756376873256,-35.78747042793274,-32.11949989973943,-28.098650998471996,-23.74368429251375,-19.120250855662682,-14.383201366914648,-9.84923112063805,-6.092373427754394,-3.895924467044808
1.834999999999972,-65.5862178678822,-65.66291744349705,-65.69558712534023,-65.64433352858308,-65.50409451844806,-65.28126205840353,-64.98442743475664,-64.62094366158193,-64.19585281994608,-63.71175564260995,-63.16901674914493,-62.566043784077465,-61.89953042975236,-61.16461998960545,-60.354974542378,-59.46274639690365,-58.478454871251785,-57.390778796670666,-56.18628800976444,-54.849157824851,-53.36093766128243,-51.700470676599735,-49.84406931852476,-47.76602251410127,-45.4394377636441,-42.837341234267974,-39.9339664320801,-36.70639448525729,-33.13729074365545,-29.220470052932917,-24.972433990526184,-20.455053035515228,-15.817749591120393,-11.370302376060803,-7.6783405358667745,-5.516830845257351
1.8399999999999719,-65.67880045534524,-65.75429412124879,-65.78780469599046,-65.73929012318588,-65.60349052134032,-65.38661562575035,-65.09712644791533,-64.74230501810555,-64.32717797183773,-63.85437942557132,-63.32435028693551,-62.73561395860993,-62.08501919511308,-61.36790717284862,-60.57818783210075,-59.70832181136522,-58.74920973335813,-57.68999657842642,-56.51780982084771,-55.21746870987463,-53.77122826961145,-52.1586493010491,-50.35670101523721,-48.340186465806795,-46.08252128230749,-43.55681658953061,-40.737199988088264,-37.60049122548067,-34.12887974465696,-30.315234185340767,-26.174173307446804,-21.764221428457592,-17.2296386489333,-12.873046074452443,-9.250614183643366,-7.1271932491174965
1.8449999999999718,-65.7697330425553,-65.84405938230437,-65.87837443206655,-65.83250364037671,-65.70100018766773,-65.48989892549207,-65.20753498833294,-64.86112143144948,-64.45566951416198,-63.99384514389607,-63.476162340711475,-62.90125537965725,-62.26612116350528,-61.56628928178592,-60.79590495404774,-59.94772093633452,-59.01299918161803,-57.98132777455157,-56.84036779708199,-55.57556141832155,-54.169857273726414,-52.60353791576422,-50.85425520984011,-48.89737463352141,-46.70668350612392,-44.25544377708749,-41.51773586094143,-38.470178322081054,-35.094583583090355,-31.38306848693586,-27.348694108034675,-23.047041119841015,-18.61749144290398,-14.355353345507002,-10.806433871306883,-8.723857506123968
1.8499999999999717,-65.85905340503416,-65.93225047855742,-65.96733570104958,-65.92401737064851,-65.79667203706171,-65.59116671150365,-65.31571489163323,-64.9774626164124,-64.58140587867518,-64.13024091406466,-63.62455191200581,-63.063079492792276,-62.44296229682919,-61.75990955814361,-61.00829006232729,-60.181133466058505,-59.27004405767509,-58.265030671649555,-57.15426394055346,-55.92378665029442,-54.557226010632434,-53.03558552170557,-51.33721950806042,-49.43809859293873,-47.31244236742698,-44.93372993870554,-42.276054694894306,-39.31588988594093,-36.03475078622677,-32.4241582991202,-28.49589038626715,-24.302947863106574,-19.980124371112957,-15.815335111639811,-12.34326685707675,-10.303895455914597
1.8549999999999716,-65.94679851471338,-66.0189038239285,-66.05472691208796,-66.01387347866877,-65.89055326970797,-65.69047220857531,-65.42172624126543,-65.09139629551326,-64.70446323804416,-64.26365228324902,-63.76961505438794,-63.22119431414147,-62.61566449980426,-61.948906363418615,-61.215501366655886,-60.408741819916415,-59.520556355117854,-58.541353003292414,-57.45978810246816,-56.26248185189948,-54.93372245243529,-53.45522910046492,-51.8060724774969,-49.96286514408209,-47.90031568774712,-45.59218630176511,-43.01264514053254,-40.138074039981426,-36.94975670514527,-33.438740735548095,-29.615747222513473,-25.5315177316835,-21.31654238718552,-17.25132640449022,-13.858822397288957,-11.864625709437215
1.8599999999999715,-66.03300455024586,-66.10405500876463,-66.14058553674198,-66.10211303102659,-65.98268980112262,-65.78786715421886,-65.52562741777119,-65.20298825701053,-64.82491557525407,-64.39416231460253,-63.911444981463255,-63.37570457053312,-62.784345804050155,-62.13341341970793,-61.41769144071898,-60.63072152145953,-59.7647396560918,-58.8105324038572,-57.757218376531654,-56.59197143152283,-55.29972110867591,-53.86289309538316,-52.261282703671334,-50.47217509548944,-48.470819956351065,-46.23132713403383,-43.72800277441082,-40.937190959032456,-37.83999932236766,-34.42709713014238,-30.708330157292394,-26.732455985189635,-22.625931719966907,-18.66188700469252,-15.351061541328374,-13.403629695028556
1.8649999999999713,-66.11770690731291,-66.18773881396466,-66.22494812915743,-66.18877602312497,-66.0731262957958,-65.88340183902548,-65.62747514617648,-65.31230241041304,-64.94283474953066,-64.52185166759614,-64.05013216784134,-63.526711829876206,-62.94912053913067,-62.31356003417996,-61.61500751181675,-60.8472415591091,-60.0027895552412,-59.07279686368769,-58.04682151823066,-56.91256703616844,-55.65558302479697,-54.258989010484875,-52.7033079510784,-50.96652209813068,-49.024469086561375,-46.85166865512694,-44.422629090413366,-41.71371127301631,-38.7058958003459,-35.38954642183835,-31.77377516122224,-27.905585462717738,-23.90765053345879,-20.045798456601954,-16.818202222988162,-14.918762515213775
1.8699999999999712,-66.2009402089674,-66.26998922488265,-66.3078503457303,-66.27390140529477,-66.16190619979531,-65.97712514569625,-65.7273245416772,-65.41940083971376,-65.05829055910442,-64.64679867387244,-64.18576444371143,-63.67431462257018,-63.11009949146588,-62.48947130802908,-61.80759173224014,-61.05846472801443,-60.23489406879317,-59.328365180906715,-58.32885338244888,-57.224567878166155,-56.001655867784784,-54.643915124087556,-53.13259443690522,-51.44639154716036,-49.561773167302775,-47.4537278999797,-45.097030514231655,-42.46811473875877,-39.54787966971,-36.3264394518338,-32.812279337712944,-29.05083480428762,-25.16121786603524,-21.402057643508353,-18.258719571558814,-16.408158337796753
1.8749999999999711,-66.28273831603647,-66.35083944504576,-66.38932696431013,-66.35752710818585,-66.2490717724033,-66.0690845868423,-65.82522915375249,-65.52434385454829,-65.17135080112239,-64.76907940904805,-64.31842708361232,-63.81860855470585,-63.26739005200075,-62.661268330796666,-61.99558143297276,-61.26454795288953,-60.46123402712122,-59.577447405924886,-58.603559372595804,-57.52826110293434,-56.338274089423685,-55.01805631183409,-53.54957622189707,-51.91225956737347,-50.083237229153,-48.0380215377679,-45.75171740526536,-43.20088909585803,-40.36639855108463,-37.23815412028296,-33.82409245164535,-30.168226778649817,-26.386301229901584,-22.729867234473357,-19.67134155678782,-17.870230266603414
1.879999999999971,-66.36313433761018,-66.43032190972136,-66.46941190298837,-66.43969006749623,-66.33466411685822,-66.15932634164712,-65.92124100883592,-65.62719003946476,-65.28208132897191,-64.88876776085142,-64.44820288994077,-63.95968641377291,-63.421096353496665,-62.82906836096724,-62.17910936042639,-61.46564259191133,-60.681983449596466,-59.82024527537797,-58.871174895218154,-57.82392218902681,-56.66575915730131,-55.38178397219638,-53.95467471984009,-52.36459209549201,-50.5893600446987,-48.605064656141145,-46.38720302234,-43.91252903406244,-41.161912304698276,-38.12509132723746,-34.8095093358743,-31.257866963737435,-27.582703275266102,-24.028623423840227,-21.05504026944948,-19.303664867006862
1.884999999999971,-66.4421606416286,-66.50846829936106,-66.5481382385091,-66.52042624808284,-66.41872321026005,-66.24789529147016,-66.01541065165327,-65.72799630146352,-65.3905461072577,-65.00593549395126,-64.57517227170078,-64.09763826754434,-63.57131939827181,-62.992984993749374,-62.358303897009016,-61.661894721987345,-60.897309900951036,-60.056952632850894,-59.131925814825806,-58.111815372330824,-56.98441984370265,-55.73545604620691,-54.348298324367406,-52.80384406932694,-51.080632982301715,-49.15536952536545,-47.00400244061406,-44.60353521269828,-41.934891506884824,-38.987671607181454,-35.76886318961143,-32.319932987316086,-28.75034792798408,-25.29790147055538,-22.409019310040996,-20.70741174286015
1.8899999999999708,-66.51984886558134,-66.58530955294187,-66.62553822433158,-66.59977066749653,-66.50128793269106,-66.33483505445896,-66.10778718532443,-65.82681791595076,-65.49680726464689,-65.12065231179193,-64.69941331894803,-64.23255155676335,-63.71815717719056,-63.15312831694957,-62.53328926637955,-61.85344540587358,-61.107374828731764,-60.28775583432352,-59.386028904421586,-58.392194087011454,-57.29455256275916,-56.07941712227407,-54.730842149394874,-53.230458730673995,-51.55753893078476,-49.68944436010282,-47.60263141658767,-45.274413286124805,-42.68581616113545,-39.82633235756501,-36.70251974985258,-33.354664492456386,-29.889266395050612,-26.537439601889954,-23.732697900119724,-22.0806687587058
1.8949999999999707,-66.59622992732005,-66.66087588122022,-66.70164330837304,-66.6777574189761,-66.58239609559828,-66.42018801923219,-66.19841831031343,-65.9237085712308,-65.60092514477044,-65.23298591572068,-64.82100187334579,-64.36451118220835,-63.861704780644565,-63.30960505582134,-62.704185724281125,-62.040430941769905,-61.31233388172674,-60.51283413678992,-59.63369228793841,-58.665301416557234,-57.59644174664436,-56.41399861640071,-55.10268787747165,-53.64486704565485,-52.02055131020934,-50.20779209816454,-48.18360520603392,-45.92567290225988,-43.41517456251124,-40.64152555863646,-37.61087228995442,-34.36235394781373,-30.99958340133147,-27.747121871799834,-25.025692433962345,-23.42286365920909
1.8999999999999706,-66.67133403598952,-66.73519677991328,-66.77648415045292,-66.75441969393307,-66.66208446947847,-66.50399537768608,-66.28735036230294,-66.01872041164843,-65.70295835535083,-65.34300206166229,-64.94001159520963,-64.49359958666881,-64.00205450223719,-63.4625187077513,-62.871109735867385,-62.22298309612794,-61.51233720950564,-60.732360068956034,-59.87511587146193,-58.93137054906036,-57.89036025216389,-56.73951901790291,-55.46420370874155,-54.04748724327365,-52.470133181128446,-50.71090921589809,-48.74743734592774,-46.55782665345784,-44.12346224707708,-41.43371588383752,-38.49433737847653,-35.343338378497215,-32.08150397605782,-28.926960557887526,-26.28779624662479,-24.733632946367706
1.9049999999999705,-66.745190703074,-66.80830104281442,-66.85009063945697,-66.82978980395212,-66.74038881089838,-66.58629715696999,-66.37462834905566,-66.11190407947734,-65.80296381570317,-65.45076461457,-65.05651402738035,-64.61989683231994,-64.1392959358281,-63.611969667603226,-63.03417414043064,-62.40122932048115,-61.707529743423,-60.946499783325294,-60.110491760728294,-59.190625231633966,-58.17656978976039,-57.056284190781305,-55.81574440199415,-54.43872447027938,-52.90673646160538,-51.199284599046315,-49.29463841597656,-47.17138897000103,-44.81118097167924,-42.20337910613433,-39.35335131664842,-36.29799205178693,-33.13530105276706,-30.07707864545218,-27.51895838637877,-26.012798928237082
1.9099999999999704,-66.8178287535544,-66.88021677484889,-66.92249191023564,-66.9038992023312,-66.81734388888182,-66.66713225067204,-66.460295986322,-66.20330875563833,-65.90099680273858,-65.55633560085015,-65.17057865623183,-64.74348067394054,-64.2735160665494,-63.7580553445044,-63.1934883044386,-62.57529295316823,-61.89805145960573,-61.15541338932464,-60.34000466295324,-59.443280219618146,-58.45532136768785,-57.36458772118066,-56.15765139850279,-54.81897055812974,-53.330801258148846,-51.67339848620594,-49.82571479829955,-47.766874955905806,-45.47883768309429,-42.95100071492631,-40.188367163887726,-37.22672011442074,-34.161304085334294,-31.197692887014995,-28.719262147499652,-27.260345850696286
1.9149999999999703,-66.8892763371684,-66.95097140507202,-66.99371636024824,-66.97677850517849,-66.89298351068932,-66.74653844924875,-66.54439573284027,-66.292982199322,-65.99711099558702,-65.65977525894361,-65.28227297008534,-64.86442662837842,-64.40479935636426,-63.90087027081651,-63.34915826375843,-62.74529340684783,-62.08403762457642,-61.35925526741459,-60.563832271548705,-59.689541716926755,-58.72685574487775,-57.66471130182523,-56.49025301887224,-55.18860389595127,-53.742755313635755,-52.13372149964199,-50.341167455247934,-48.344799174506974,-46.12694344870271,-43.67707466961032,-40.999852257234316,-38.129953146119234,-35.15988881964927,-32.289097847366264,-29.888904049914867,-28.476395971352968
1.9199999999999702,-66.95956093976538,-67.02059169961157,-67.0637916659632,-67.0484575120857,-66.96734054701389,-66.82455246973053,-66.62696882447415,-66.38097078657839,-66.09135851893643,-65.76114208821829,-65.39166251527699,-64.98280804062952,-64.53322782468317,-64.04050620398587,-63.501286855921514,-62.91134634271806,-62.26561902426916,-61.5581743643761,-60.78214563272947,-59.929607804554884,-58.99140388679699,-57.956925144921875,-56.81386472297835,-55.547989401885154,-54.143013572428224,-52.58071377538848,-50.84149074549347,-48.905674397256774,-46.75601233289105,-44.382102228609135,-41.7882861315974,-39.008142567985644,-36.131468298993916,-33.35165125455866,-31.028173854026445,-29.661186340836014
1.92499999999997,-67.02870939474515,-67.08910377455015,-67.13274479901919,-67.11896522638706,-67.04044695661094,-66.90120998472923,-66.7080553075243,-66.46731954792963,-66.1837899851755,-65.86049289631255,-65.4988109500936,-65.09869614685819,-64.65888112451806,-64.17705222192006,-63.649973843242115,-63.07356383235301,-62.442922177264094,-61.752314470163014,-60.995109493394764,-60.16366885486492,-59.24918741937103,-58.241488415701156,-57.128789423201574,-55.89747858412405,-54.53197786032853,-53.014824201487514,-51.32717129753474,-49.45001033342589,-47.36656021398234,-45.0665908058674,-42.55415875259452,-39.86175682494595,-37.07648512438124,-34.38576088330676,-32.137436082340386,-30.815046933517245
1.92999999999997,-67.09674789456889,-67.15653310874889,-67.2006020421555,-67.18832987502027,-67.11233381038157,-66.97654565077053,-66.78769407124531,-66.552072205054,-66.27445453541667,-65.95788284504796,-65.60378009676904,-65.21216013465556,-64.7818366146065,-64.3105948124951,-63.7953160275676,-63.23205450805874,-62.61606953311944,-61.941814476876864,-61.20288263001255,-60.391907929824846,-59.50041907677868,-58.51864967952374,-57.43531784148233,-56.23740968223049,-54.910036674815956,-53.43648977011147,-51.79868695792598,-49.97831236095716,-47.959103545401916,-45.73105281977124,-43.29796898157569,-40.69127824830674,-37.995404941389694,-35.39187310507922,-33.21711339433512,-31.938380628765856
1.9349999999999699,-67.16370200232886,-67.22290455660324,-67.26738900491176,-67.25657892799738,-67.18303131492362,-67.05059313597155,-66.86592287959711,-66.63527120658112,-66.36339987946324,-66.0533654950209,-65.70662999171147,-65.32326720080037,-64.90216942790056,-64.44121795774657,-63.93740735738848,-63.386923702620024,-62.78517965670541,-62.12680862054032,-61.405618158504325,-60.614501161856246,-59.74530313962495,-58.788647356247886,-57.73372890122713,-56.568107878952574,-55.277565079207086,-53.84613504626339,-52.256505829008724,-50.491080279796506,-48.53415807191749,-46.3760045116736,-44.020223202380905,-41.49720049759263,-38.888711084021324,-36.37046315401849,-34.26767203647243,-33.031645397671035
1.9399999999999697,-67.22959666336442,-67.28824236072937,-67.33313063910217,-67.32373911749222,-67.25256883556254,-67.12338514708252,-66.94277840225445,-66.7169577630355,-66.45067233477654,-66.14699284896048,-65.80741893410895,-65.43208260675488,-65.01995253677416,-64.56900321325571,-64.07633902799478,-63.538273579284855,-62.95036739945147,-62.3074267064417,-61.603463825372756,-60.83161811638693,-59.984035860653,-59.05171017634334,-58.024290145718375,-56.88988557267285,-55.63492469298331,-54.244171752953356,-52.701085408003046,-50.98880710877383,-49.092237517065605,-47.001964722213174,-44.72143405065799,-42.28002647937494,-39.75690027456614,-37.322027083212134,-35.28960947256365,-34.095338907908584
1.9449999999999696,-67.29445621691023,-67.35257016457332,-67.3978512540635,-67.38983645655536,-67.32097491887549,-67.19495345590703,-67.01829624489623,-66.79717188095896,-66.53631686449295,-66.23881539393466,-65.90620353304489,-65.53866973210687,-65.13525681527098,-64.69402978319533,-64.21219957531568,-63.68620325279373,-63.11174405842474,-62.483794318895974,-61.79656228050257,-61.0434221355743,-60.21680587574112,-59.30805763399025,-58.307258175383375,-57.20304270079929,-55.982463769515576,-54.63099847023223,-53.13287183614056,-51.471977945755256,-49.63385226140581,-47.609453623185026,-45.4021191984182,-43.04026664404402,-40.600479256496286,-38.24707532425005,-36.283444196386945,-35.12998562932913
1.9499999999999695,-67.35830440776186,-67.41591102493612,-67.46157453167896,-67.45489625745923,-67.38827731471848,-67.26532892511582,-67.092510978793,-66.87595239623819,-66.62037711453236,-66.32888214247278,-66.00303875323603,-65.64309012613926,-65.24815109867603,-64.81637459145924,-64.34507496403377,-63.83080890221698,-63.26941752412744,-62.65603301630351,-61.985051332219,-61.25007066299043,-60.44379459847615,-59.55790043314708,-58.582879097042486,-57.50786710478094,-56.32051735178537,-55.00700044332609,-53.55229926333844,-51.941068908596165,-50.15950803312148,-48.19899141060018,-46.062800158334156,-43.77843756847024,-41.419962224548854,-39.14612771532257,-37.24970764167609,-36.13612640972161
1.9549999999999694,-67.42116439794583,-67.478287424409,-67.52432354117639,-67.51894314968081,-67.45450299776458,-67.33454153346584,-67.16545616971001,-66.95333700666214,-66.70289544983267,-66.41724067266384,-66.09797795949329,-65.74540355769153,-65.35870224066913,-64.93611234925974,-64.47504867051708,-63.97218387632126,-63.42349241788706,-62.82426051241461,-62.169064185304165,-61.45171554932835,-60.66517659706782,-59.8014409232495,-58.85138897903374,-57.80463492795295,-56.64940749637466,-55.37254949336719,-53.95978933082316,-52.39654617160676,-50.66970463290089,-48.77109697076399,-46.704001083566475,-44.49506074233302,-42.21586891148916,-40.01970982948001,-38.188938035984606,-37.11431039712752
1.9599999999999693,-67.48305877838058,-67.53972128371088,-67.58612075370095,-67.58200109752553,-67.51967818856409,-67.40262040043763,-67.23716440613941,-67.02936230372767,-66.78391298974323,-66.50393716728072,-66.1910729599894,-65.84566806345379,-65.46697516828554,-65.05331561953824,-64.60220176106984,-64.11041879214075,-63.574070219674056,-62.988590844719205,-62.34872966276878,-61.64850333941959,-60.88111995278806,-60.038873521845005,-59.113014306887806,-58.09361103806487,-56.96944355597311,-55.72800402286581,-54.355750771272014,-52.83886510904753,-51.16493471419668,-49.32628653563492,-47.326247549191834,-45.190661487545455,-42.98872319328779,-40.86835041405076,-39.10167599464968,-38.065089112991984
1.9649999999999692,-67.54400958051187,-67.60023397391903,-67.64698805666072,-67.64409341739632,-67.58382837413126,-67.46959381029872,-67.30766732687496,-67.10406380371185,-66.8634696426031,-66.58901645197518,-66.28237404840785,-65.9439399948159,-65.57303293488498,-65.16805487849994,-64.72661296595678,-64.24560162737835,-63.72124938714393,-63.14913453086507,-62.52417241222509,-61.840575541030134,-61.091786599485424,-60.27038512205151,-59.36797243498779,-58.375049467055646,-57.28092251085052,-56.073709107104655,-54.74057912352638,-53.268469553822975,-51.64568263813246,-49.86507234654087,-47.93006531035013,-45.86576795289504,-43.73905208236004,-41.692579743406796,-39.98846161806115,-38.989012428999665
1.969999999999969,-67.60403828791321,-67.65984632858928,-67.70694676784368,-67.70524279471147,-67.64697832806701,-67.5354892356052,-67.37699564794212,-67.17747597802779,-66.94160413952552,-66.67252203257969,-66.37193004503857,-66.04027406338435,-65.67693677130599,-65.28039857455101,-64.84835874961392,-64.37781780721774,-63.865125466662484,-63.30599871400005,-62.695513097759736,-62.02806887605071,-61.297332644031215,-60.496155483245936,-59.61647203036519,-58.649193861399134,-57.58412934013787,-56.40999666203617,-55.1146565567827,-53.68579117619018,-52.1124234197104,-50.38796134660484,-48.51597903978415,-46.52091013892014,-44.46738499061748,-42.49292868839398,-40.849832838180326,-39.8866261681125
1.974999999999969,-67.66316584783573,-67.71857865575478,-67.76601764930595,-67.76547130047535,-67.7091521302243,-67.60033336014932,-67.44517918889395,-67.24963228287615,-67.0183540674119,-66.75449613154966,-66.45978833687174,-66.13472338525376,-65.77874613536173,-65.39041318488387,-64.96751337741966,-64.5071502860785,-64.0057911970187,-63.459287297895195,-62.86286857821382,-62.2111155148099,-61.49790866782046,-60.71635760385876,-59.8587135054661,-58.916277937123844,-57.87933742430483,-56.73718567897533,-55.4783517974409,-54.09124898413391,-52.56562177886752,-50.89545392219174,-49.08451105345062,-47.15661892060266,-45.174253159136846,-43.269928315058294,-41.686324756542206,-40.75847103514071
1.979999999999969,-67.72141268269647,-67.77645074979917,-67.82422092102851,-67.82480040750447,-67.77037318592036,-67.66415210136175,-67.51224689848233,-67.32056518820559,-67.09375590120932,-66.83497972357253,-66.54599491674047,-66.2273395241206,-65.87851875981242,-65.49816326993373,-65.08414897936697,-64.63367962480667,-64.14333660649434,-63.60910107268247,-63.02635207279,-62.389843294317366,-61.6936600096596,-60.93115807554925,-60.09488943733711,-59.17652593437264,-58.166808970858554,-57.055582516371985,-55.83202015045977,-54.48524894416448,-53.005731306524346,-51.38804271252206,-49.63618003727905,-47.7734250470781,-45.86018916800463,-44.02410984081692,-42.49846972361123,-41.60508258166157
1.9849999999999688,-67.77879870149127,-67.83348190319374,-67.88157627433988,-67.88325100630998,-67.83066424470404,-67.72697063217616,-67.57822687971566,-67.39030620599439,-67.16784503542905,-66.91401257036726,-66.63059442154868,-66.31817253330338,-65.97631069893423,-65.60371152589684,-65.19833561093373,-64.7574840637419,-64.27784910390315,-63.755537831992164,-63.18607331488922,-62.56437592130421,-61.88472703055175,-61.14071741839488,-60.32518497125272,-59.43015306711744,-58.44679545601451,-57.365481239175246,-56.176003606138195,-54.86818371876733,-53.43319375228447,-51.86621150453185,-50.17149979102309,-48.37185810798763,-46.525726457361635,-44.756004796284614,-43.286797926030275,-42.42699192177435
1.9899999999999687,-67.8353433111245,-67.88969091809763,-67.9381028851071,-67.94084342064401,-67.8900474186837,-67.78881340236524,-67.64314641430995,-67.45888591786205,-67.24065581493895,-66.99163325469586,-66.7136301696211,-66.40727099673285,-66.0721763737866,-65.70711883548395,-65.3101413114251,-64.87863959206844,-64.40941356417044,-63.89869248223745,-63.34213869506451,-62.73483316095901,-62.07124536102579,-61.34519039701886,-60.549778207308876,-59.67736596434345,-58.71953807583162,-57.66716399670107,-56.51063102267123,-55.24043251463085,-53.8484384370698,-52.33043422737178,-50.69097800658797,-48.95244546498112,-47.17139880797604,-45.46614526388725,-44.05183827177402,-43.224726936450445
1.9949999999999686,-67.89106542764145,-67.94509611780829,-67.99381942668894,-67.99759742270766,-67.94854420042041,-67.84970415935456,-67.70703198654532,-67.5263340020229,-67.31222156504177,-67.06787921360288,-66.79514419720422,-66.49468206896115,-66.1661686162677,-65.80844431705714,-65.41963216002685,-64.99722001381365,-64.53811240897525,-64.03865714474422,-63.494651393947,-62.901331012277225,-62.25334613176006,-61.544726317834,-60.768840568957835,-59.91836309968567,-58.98526820107965,-57.960901430471246,-56.83621837458017,-55.6023610340823,-54.251881790822694,-52.78117405779799,-51.19511509840459,-49.51571115414539,-47.797739746099026,-46.155064088767624,-44.79411939138631,-43.99881373271919
1.9999999999999685,-67.94598348735609,-67.99971535806262,-68.04874408265454,-68.05353224802705,-68.00617548039355,-67.90966596852248,-67.76990930653247,-67.59267925958923,-67.38257462085032,-67.14278677089929,-66.87517729414057,-66.58045151423472,-66.25833871203504,-65.9077453722824,-65.52687232978263,-65.11329701082413,-64.66402568293562,-64.17552125138226,-63.64371150596565,-63.06398187093687,-62.43115618832489,-61.73946930778069,-60.9825371528479,-60.15333520709626,-59.24420783085022,-58.24695310413606,-57.15306905714725,-55.95432152092209,-54.64392701260362,-53.21888264442353,-51.68440310253767,-50.06217477068946,-48.40528185241352,-46.82329498215596,-45.51417060458192,-44.749778157399476
2.0049999999999684,-68.00011545786388,-68.05356603817857,-68.10289455926292,-68.10866660999827,-68.06296156404403,-67.96872123299364,-67.83180333290183,-67.65794964023436,-67.45174635597036,-67.21639116890402,-66.95376903874259,-66.6646237446686,-66.34873644235708,-66.0050777324113,-65.63192413968325,-65.22694020301194,-64.78723112577157,-64.30937163430029,-63.78941615463885,-63.22289468060773,-62.60479829092416,-61.92955857510956,-61.191027059673296,-60.382465680679694,-59.49657004066619,-58.525567948315484,-57.4614742372413,-56.29665289099158,-55.02496384801209,-53.64399945545268,-52.159324659483296,-50.59235035111835,-48.99455596814575,-47.47137246124129,-46.21252273372583,-45.47814720136761
2.0099999999999683,-68.05347884893064,-68.10666511203573,-68.15628809770574,-68.16301871410579,-68.11892218840084,-68.02689171293399,-67.89273829492073,-67.72217226722408,-67.51976721050093,-67.28872659945573,-67.03095783187909,-66.74724185755176,-66.43741012495265,-66.10049550329018,-65.7348481050335,-65.33821720613547,-64.90780424084035,-64.44029261032586,-63.931859600175606,-63.37817507356992,-62.77439130003849,-62.115128652876884,-61.394463706015,-60.60593095731409,-59.742559421524504,-58.79698471394133,-57.76171324136858,-56.62968093733521,-55.39536847690937,-54.05695125138168,-52.620352093283536,-51.10674527047064,-49.56609030260794,-48.09983159190581,-46.88970867778908,-46.18445016782045
2.014999999999968,-68.10609072325053,-68.1590290988879,-68.20894148611023,-68.21660627181599,-68.17407653829709,-68.08419854435392,-67.95273771404761,-67.78537346182416,-67.58666671835981,-67.35982623420469,-67.10678093029506,-66.82834767181356,-66.52440665386607,-66.19405120918313,-65.83570298624085,-65.44719368734725,-65.02581836040294,-64.56836606054293,-64.07113334007475,-63.529925501494795,-62.94005034889057,-62.296309625924756,-61.59299511739985,-60.82390088111922,-59.98237250695952,-59.061432428450324,-58.05405397235953,-56.95371859966528,-55.75550350291598,-54.45815168125452,-53.06794659683379,-51.60585917310864,-50.120409455449376,-48.70920752075085,-47.546263690998046,-46.86921951484835
2.019999999999968,-68.15796770706572,-68.21067409400585,-68.26087107130449,-68.26944651415035,-68.22844326218058,-68.14066225742732,-68.01182442493307,-67.84757876709426,-67.65247353394443,-67.42972225419574,-67.18127447917448,-66.90798176367207,-66.60977153841976,-66.28579583548164,-65.9345458361524,-65.55393341871584,-65.14134470793914,-64.69367150551643,-64.20732620336642,-63.67824535719888,-63.101887003646446,-62.47322734218884,-61.78676420299422,-61.03653904919939,-60.2161981858031,-59.31913084992897,-58.33875334678924,-57.26906628796467,-56.105718035094505,-54.84800099854335,-53.502557530334215,-52.090182955269036,-50.65803337364067,-49.30003480019901,-48.18272533859489,-47.53299131767009
2.024999999999968,-68.20912600064068,-68.26161577914493,-68.31209277034297,-68.32155620494093,-68.28204048752653,-68.19630279433547,-68.07002059587454,-67.90881297107616,-67.71721545813698,-67.49844587875137,-67.25447354396248,-66.98618350148539,-66.6935489412796,-66.37577887036423,-66.03143204605115,-65.65849832890355,-65.25445245780064,-64.81628617658897,-64.34052443908855,-63.82323108814054,-63.2600094122503,-62.64600360921018,-61.97590901250491,-61.24400313842074,-60.44421809885393,-59.57029091504004,-58.616057745971375,-57.57601225040994,-56.446347851571396,-55.22688589062791,-53.92462183688792,-52.56019781628301,-51.17947626776194,-49.8728465247682,-48.79963312709313,-48.176305327870274
2.029999999999968,-68.25958138858608,-68.31186943283531,-68.36262208179421,-68.37295165377192,-68.33488583585694,-68.25113952664151,-68.12734774873428,-67.96910012938483,-67.78091946366193,-67.56602739366494,-67.32641214145467,-67.06299107982136,-66.77578171566182,-66.46404834546048,-66.12641539040452,-65.76094855316215,-65.365208792457,-64.93628508363898,-64.47081179955129,-63.96497630238726,-63.414522442769616,-62.814756376769594,-62.16056297598052,-61.446445213251316,-60.666607018151616,-59.81511517725118,-58.88620347414449,-57.874832976331994,-56.777715634556486,-55.595179414173316,-54.33456357642291,-53.016374393316944,-51.68524551463433,-50.428173307641394,-49.39752782751686,-48.79970463501883
2.0349999999999677,-68.30934925002578,-68.36144994049171,-68.41247409679055,-68.42364872861101,-68.38699643737318,-68.30519127220558,-68.18382677832892,-68.02846358721094,-67.84361171980304,-67.63249617870964,-67.39712327016524,-67.13844155276205,-66.85651144170731,-66.55065087556352,-66.21954807044885,-65.86134248178297,-65.47367895756034,-65.05374107964366,-64.59826961888845,-64.10357186773136,-63.56552781208893,-62.979599906551954,-62.34085512729483,-61.64401201492117,-60.88353320796639,-60.053798232522674,-59.14941721825488,-58.165793625580996,-57.10013126622818,-55.95324102747901,-54.732793576532444,-53.45917199187722,-52.17584057393159,-50.966542134418134,-49.97695052692151,-49.4037349593961
2.0399999999999676,-68.35844456860342,-68.41037180434083,-68.46166350984088,-68.47366286813434,-68.43838894520908,-68.35847631164621,-68.23947797129865,-68.08692600074437,-67.90531761649135,-67.69788073447593,-67.46663893998365,-67.21257086645556,-66.93577846204647,-66.6356316974332,-66.31088075667921,-65.95973680712645,-65.57992631503122,-65.16872492236416,-64.72297688735775,-64.23910600458642,-63.71312420575622,-63.14064492975708,-62.516910312160206,-61.836845232346136,-61.09515876699154,-60.28652713020961,-59.405916504515965,-58.44914847642592,-57.41389217523683,-56.30141671004203,-55.11970919655093,-53.88903792138603,-52.651751945387296,-51.48847513547981,-50.53844145585324,-49.98894362283604
2.0449999999999675,-68.40688194232436,-68.45864915316383,-68.51020462940701,-68.52300909374918,-68.48907954930948,-68.4110124043581,-68.29432102446728,-68.1445093580285,-67.96606178777151,-67.7622087085426,-67.53499020112709,-67.28541389092523,-67.01362191656865,-66.71903470772014,-66.40046263030608,-66.05618656933585,-65.68401239434162,-65.28130533342934,-64.84501032180589,-64.37166437324981,-63.857407389742576,-63.29799879354751,-62.688849381556025,-62.025081755406624,-61.30163995153694,-60.513481767460625,-59.65591014766107,-58.72514138490065,-57.71928372404094,-56.640039159121635,-55.49569419927217,-54.30640694206682,-53.11346019087808,-51.99448831999241,-51.08253864725882,-50.55587825756296
2.0499999999999674,-68.45467559322866,-68.50629575185373,-68.5581113882466,-68.57170202131799,-68.53908398994102,-68.46281680409257,-68.34837506269946,-68.20123499925229,-68.02586813465491,-67.82550692099107,-67.60220717239893,-67.35700445114837,-67.09007977641853,-66.80090250004075,-66.48834142373008,-66.15074520082773,-65.78599694215008,-65.39154905506828,-64.96444443267588,-64.50133015606792,-63.99847031482776,-63.451765597196434,-62.85678937148088,-62.20885391128791,-61.50312747978739,-60.73483526587101,-59.89959868951133,-58.9940062493503,-58.01657962793191,-56.969428052953646,-55.86111872317018,-54.711700826316154,-53.56143504232538,-52.48509031355908,-51.60977648597361,-51.10508532059254
2.0549999999999673,-68.50183937689236,-68.55332501078446,-68.60539735352172,-68.61975587258857,-68.58841757084275,-68.5139062741108,-68.4016586562652,-68.25712363649171,-68.08475984736924,-67.88780138927181,-67.66831906876008,-67.42737535741271,-67.16518887722685,-66.88127640122659,-66.57456346007702,-66.24346456963623,-65.88593797042533,-65.49952090471155,-65.08135158789793,-64.62818413499919,-64.13640321428258,-63.602046318770505,-63.020843669939424,-62.388289684672806,-61.69976681741836,-60.9507543295762,-60.13717482412979,-59.25596747473824,-58.3060423973311,-57.2898903703951,-56.2163393468108,-55.10532803485553,-53.99613461234484,-52.96078113835363,-52.12068420771737,-51.6371084839915
2.059999999999967,-68.54838679175565,-68.59974999499353,-68.65207573667784,-68.66718448633536,-68.63709517202211,-68.56429710191594,-68.45418983772223,-68.31219537290895,-68.1427594270141,-67.94911735243065,-67.73335422822288,-67.4965584349601,-67.2389849515916,-66.96019650676806,-66.6591736918341,-66.33439502168103,-65.98389180317538,-65.60528382765767,-65.19580207396564,-64.75230476502237,-64.27129369546591,-63.74893893313579,-63.18112217206999,-62.5635129226381,-61.89169844503642,-61.161399584326105,-60.368823807424064,-59.51124043207271,-58.58792379574524,-57.60172075712368,-56.56169923632938,-55.487683505311125,-54.418004720193665,-53.42205106973607,-52.61578440308585,-52.15248696971463
2.064999999999967,-68.59433098827473,-68.64558343317567,-68.69815940309205,-68.71400132921417,-68.68513126220269,-68.61400511357425,-68.50598611832321,-68.3664697214197,-68.19988870663182,-68.00947929470476,-67.79734013807371,-67.56458455292533,-67.31150266081949,-67.0377017154707,-66.742215738615,-66.42358542201518,-66.07991312188443,-65.70889894797331,-65.30786415447221,-64.873768243799,-64.40322682591307,-63.89253852203917,-63.33773142429403,-62.73464352514103,-62.07905810805537,-61.36692589739686,-60.594723849594345,-59.76003190906385,-58.86246530659666,-57.90520192903116,-56.89752836634446,-55.859148548571696,-54.82747834109227,-53.86937959740012,-53.095591576087855,-52.65175389260661
2.069999999999967,-68.63968477789554,-68.69083772648835,-68.74366088149554,-68.7602195063377,-68.73253991093158,-68.66304568763252,-68.5570645039592,-68.41996562283767,-68.25616887170193,-68.06891096849645,-67.86030346043502,-67.63148365257908,-67.38277562593613,-67.1138297633387,-66.82373192408397,-66.51108319510458,-66.17405500974822,-65.8104256177815,-65.41760412634824,-64.99264857795758,-64.53228521444011,-64.03293737696539,-63.490774758347435,-62.90179762200611,-62.261977049737105,-61.56748267846096,-60.815046489298865,-60.00254054882855,-59.12989860297811,-58.2006051040859,-57.22414380447527,-56.22009084634027,-55.22497518267626,-54.3032345125386,-53.56061079905378,-53.135434667327594
2.074999999999967,-68.68446064184957,-68.73552495716984,-68.78859237317182,-68.80585177157481,-68.7793348003525,-68.71143376864069,-68.60744151064767,-68.47270146350706,-68.3116204800724,-68.12743541673495,-67.92227005717402,-67.69728477488151,-67.452836457976,-67.18861725669733,-66.90376331205864,-66.59693436417805,-66.26636899477982,-65.90992146506538,-65.52508637401488,-65.10901764633113,-64.65854908774715,-64.17022509542811,-63.64035241601138,-63.06508773731937,-62.440582228198046,-61.763214161750255,-61.0299569488202,-60.2389572741016,-59.39044601519609,-58.488190454649285,-57.541850049658876,-56.57086454176933,-55.61090138835457,-54.724071135802596,-54.01133649704032,-53.604045525443304
2.0799999999999668,-68.72867073977025,-68.77965689696912,-68.83296576093127,-68.8509105375784,-68.8255292366511,-68.75918388028765,-68.65713317957479,-68.5246950924324,-68.36626348133386,-68.18507499463435,-67.98326501416554,-67.76201608735664,-67.52171678755927,-67.26209970456914,-66.98234974181432,-66.6811835896864,-66.35690509185493,-66.00744244010475,-65.63037342164216,-65.22294526044551,-64.78209636296118,-64.30448867130434,-63.786561665326786,-63.22462294212987,-62.61499651824655,-61.9542596700236,-61.23961446987314,-60.46946569499542,-59.64432099174303,-58.76820757300221,-57.850939414714276,-56.911810413936195,-55.98564936385532,-55.132331694377775,-54.44825138579108,-54.05809217846601
2.0849999999999667,-68.77232691812893,-68.82324501539009,-68.876792617869,-68.89540788554798,-68.87113616117996,-68.80631013815905,-68.70615509170204,-68.57596383791616,-68.42011723564944,-68.24185139085996,-68.04331266492119,-67.82570491029357,-67.5894472937637,-67.33431155031019,-67.05952986260291,-66.76387420689925,-66.44571184375108,-66.1030428606418,-65.73352598367927,-65.33449922252345,-64.90300271651675,-64.43581257977405,-63.929496909029716,-63.38050899633869,-62.785338898945824,-62.140753860989946,-61.4441726299982,-60.694242498869656,-59.891728550068564,-59.04089594361864,-58.15169244400654,-57.243256126174,-56.34959772030081,-55.52844485058679,-54.87182557854263,-54.498068652144575
2.0899999999999666,-68.81544071849208,-68.86630048774936,-68.92008421590488,-68.93935557473036,-68.91616816127018,-68.85282626212559,-68.75452238194613,-68.62652452371461,-68.4732005320497,-68.29778564810958,-68.10243661359003,-67.88837774228469,-67.65605773230033,-67.40528620251875,-67.13534116740409,-66.84504826266608,-66.53283636122644,-66.19677545586285,-65.83460301380171,-65.44374538123894,-65.0213416497322,-64.5642788573828,-64.06924978590074,-63.53284848062367,-62.9517246278158,-62.322826956939515,-61.64377963973437,-60.91345782132454,-60.13286571419162,-59.30648541650852,-58.444378357616394,-57.565516537879674,-56.703111324858625,-55.91282537930195,-55.28251586886267,-54.92445630729823
2.0949999999999664,-68.85802338559796,-68.9088342030503,-68.96285153411043,-68.98276505166454,-68.96063748073539,-68.89874558836975,-68.80224975294242,-68.67639348472197,-68.52553160620339,-68.35289818312238,-68.16065975734355,-67.95006028510704,-67.72157696299998,-67.47505606522235,-67.20982002591742,-66.92474655136243,-66.61832436218224,-66.28869140926896,-65.93366175240293,-65.55074768543152,-65.13718455140769,-64.68996717770007,-64.20590926567473,-63.681740919214654,-63.11426540258499,-62.50060495841658,-61.838578620974616,-61.127275597732535,-60.36792193681195,-59.565196676713335,-58.729255514053165,-57.87889406935586,-57.046541448305234,-56.28587398720013,-55.680765189643495,-55.33772305353134
2.0999999999999663,-68.9000858752553,-68.95085677167452,-69.00510526682682,-69.02564745917553,-69.00455603007616,-68.94408108105947,-68.84935148840054,-68.72558658219303,-68.57712815767465,-68.40720880612527,-68.21800430815254,-68.01077746795843,-67.78603297661934,-67.5436525673551,-67.28300171681033,-67.00300865004024,-66.70222020993913,-66.37884040049867,-66.03075777274161,-65.65556823596516,-65.25060075773222,-64.81295492300254,-64.33956173811112,-63.82728289429389,-63.2730695113954,-62.67420984281308,-62.02870786706752,-61.33585389505209,-60.5970795041287,-59.817241705782656,-59.00657188428029,-58.18367910944704,-57.380225997742315,-56.64797726358259,-56.067002242479724,-55.7383227544452
2.1049999999999662,-68.94163886206383,-68.99237853289222,-69.04685583157504,-69.06801364512161,-69.04793539639131,-68.98884534367768,-68.89584146606266,-68.77411921851436,-68.62800736667646,-68.46073673972614,-68.27449181396642,-68.07055347105457,-67.84945292097379,-67.61110619152949,-67.35492045922904,-67.0798729527989,-66.78456695066042,-66.4672706461553,-66.12594502583786,-65.75826733588974,-65.36165760975861,-64.93331725237188,-64.47029109677534,-63.96956815274947,-63.42824197233395,-62.843759748795286,-62.214301085362436,-61.53934522396081,-60.82051392206408,-60.06282423173499,-59.27656553055508,-58.4801504561611,-57.704489822134285,-56.999507750107234,-56.44164128704957,-56.126694816735366
2.109999999999966,-68.98269274695755,-69.03340956219279,-69.08811337676279,-69.10987417090082,-69.0907868530021,-69.03305063001527,-68.94173317027342,-68.82200635153603,-68.67818591033281,-68.51350063726571,-68.33014317930387,-68.1294117485973,-67.91186312640552,-67.6774465021118,-67.42560944358226,-67.15537670438835,-66.86540634994208,-66.55402893968635,-66.21927588420323,-65.85890353905108,-65.47042050867675,-65.0511271665607,-64.59817881804216,-64.10868770596812,-63.579884663140156,-63.00936914748633,-62.39548762298448,-61.73789683157144,-61.03839428302465,-60.30214016467181,-59.53946508437635,-58.76857578108147,-58.01964507822834,-57.34082411523532,-56.80508207671895,-56.50326395076127
2.114999999999966,-69.02325766457287,-69.07395967843964,-69.12888778919233,-69.15123931972241,-69.13312136879759,-69.07670885483603,-68.98703970417108,-68.86926250847176,-68.72767997845872,-68.56551860063882,-68.38497868526852,-68.1873750511247,-67.97328913059614,-67.74270217261079,-67.49510086160626,-67.22955603305942,-66.94477892859543,-66.63916069035153,-66.31080118447471,-65.95753369726927,-65.57695296908578,-65.1664555699392,-64.72330403578142,-64.24472992330459,-63.728096441897286,-63.171149001320124,-62.572392676699124,-61.931650975194046,-61.25088361269931,-60.53537801578832,-59.79549021859372,-59.049212109122315,-58.32599164470854,-57.67227141842665,-57.15770992434368,-56.86844008677938
2.119999999999966,-69.06334349044282,-69.11403845084847,-69.16918870137033,-69.1921191046458,-69.17494961730648,-69.11983160422186,-69.03177380150952,-68.9159017993795,-68.77650528886991,-68.61680819759549,-68.439018008996,-68.24446544725059,-68.03375570273113,-67.80690101238402,-67.56342593571951,-67.30244598266971,-67.02272399763655,-66.72270996131583,-66.40057026901222,-66.05421300619396,-65.68131667044656,-65.27937132980796,-64.84574361215034,-64.37778061981695,-63.87297325947582,-63.329206911473456,-62.745137487766485,-62.12074517775491,-61.458139196724005,-60.762719298076945,-60.044852109486165,-59.32230630600722,-58.62381757302256,-57.994181448978765,-57.49989588100649,-57.22261842889275
2.124999999999966,-69.10295984801928,-69.1536552057952,-69.2090254986269,-69.23252327639537,-69.21628198550263,-69.16243014560621,-69.07594783811997,-68.96193793023272,-68.82467710223244,-68.66738647853272,-68.49228024254563,-68.30070434480481,-68.09328686702615,-67.87006999267297,-67.63061494767416,-67.37408054405468,-67.09927969249877,-66.80471950689018,-66.48863102651201,-66.14899504992813,-65.78357150686932,-65.3899413333276,-64.96557220487284,-64.5079231388136,-64.01460826445174,-63.48364725474998,-62.91383952271105,-62.30531246560504,-61.66031288730764,-60.984338907497424,-60.28775388534362,-59.588095566750695,-58.91339956415795,-58.306873124799054,-57.83199701003832,-57.566179627710504
2.1299999999999657,-69.1421161155252,-69.19281903345217,-69.24840732604366,-69.27246133095396,-69.25712858235099,-69.20451543750374,-69.11957384302197,-69.00738421559116,-68.87221023646339,-68.71726999278881,-68.54478391124728,-68.35611251138451,-68.15190592562406,-67.93223527197296,-67.69669726651217,-67.4444926856736,-67.1744830064821,-66.88523080894885,-66.57502993168048,-66.24193184450068,-65.8837756353741,-65.49823054228759,-65.08286233134872,-64.63523842970999,-64.15309190117625,-63.63457131075963,-63.07861264093556,-62.48548158953386,-61.857551390141346,-61.20040548381528,-60.5243910587534,-59.84680789931347,-59.19500346161659,-58.610652937164524,-58.15435673896358,-57.89949005254417
2.1349999999999656,-69.18082143263767,-69.23153879425688,-69.28734309519741,-69.31194251694139,-69.29749924710083,-69.24609813894416,-69.16266350919294,-69.0522535908832,-68.91911908069399,-68.76647480445074,-68.59654699151343,-68.41071009432629,-68.2096354808721,-67.99342222074824,-67.76170137583428,-67.51371438353829,-67.24836982345,-66.96428411253964,-66.659812084005,-66.33307388025523,-65.98198552274346,-65.60430204591339,-65.1976844299037,-64.7598051216504,-64.28851200162855,-63.78207738020302,-63.23956725010633,-62.66137722987158,-62.04999653210228,-61.41108175069229,-60.75495194042865,-60.09866259851094,-59.46888475193583,-58.905815428619476,-58.467305272835375,-58.222902144503294
2.1399999999999655,-69.21908470700666,-69.26982312521716,-69.32584149072099,-69.35097584278145,-69.33740355733109,-69.28718861861826,-69.20522820400514,-69.09655862430803,-68.96541760880437,-68.81501650768608,-68.64758692812904,-68.46451664011008,-68.26649745698911,-68.05365544549838,-67.82565490038867,-67.5817766504324,-67.32097494978505,-67.04191846070671,-66.74302124565422,-66.42247016321596,-66.07825599107274,-65.7082171118853,-65.31010691845454,-64.88169959330881,-64.42095387163005,-63.926260895016675,-63.39681045021157,-62.833120186597185,-62.23778551040716,-61.61652483493027,-60.97961803298386,-60.34387070610748,-59.73528906522184,-59.192643692402974,-58.77116005362758,-58.53675483291504
2.1449999999999654,-69.25691462060934,-69.30768044605335,-69.36391097668768,-69.38957008366506,-69.37685083675673,-69.32779696374342,-69.24727897933845,-69.1403115283687,-69.01111939254187,-68.86291024160937,-68.69792065102851,-68.51755111320547,-68.3225131211334,-68.1129588121888,-67.88858463198909,-67.64870956442877,-67.39233214561082,-67.11817172853755,-66.82469987853256,-66.51016825547721,-66.17264026210398,-65.81003523572089,-65.42019625083618,-65.00099603924232,-64.55050037196031,-64.06721452110175,-63.55044616717357,-63.00082755539492,-62.4210511239896,-61.816886565051,-61.19856440357451,-60.58263545385356,-59.994452669305566,-59.47140988318265,-59.066226251800956,-58.84137399891866
2.1499999999999653,-69.29431963594354,-69.34511896518082,-69.40155980281904,-69.42773378831139,-69.41585016280013,-69.3679329886566,-69.28882658137894,-69.1835241710457,-69.05623761423428,-68.91017070469694,-68.74756459157335,-68.56983191437256,-68.37770310388015,-68.17135546905007,-67.95051655476854,-67.71454229671306,-67.46247415529102,-67.19308065645079,-66.90488918051534,-66.5962143146614,-66.26519000042397,-65.90981418865564,-65.52801697100789,-65.11776653313561,-64.67723199486373,-64.20502825430302,-63.70057527685501,-63.164612890601745,-62.59992198796015,-62.01231374962403,-61.41196003477841,-60.815152686970535,-60.24660295221495,-59.74237573026704,-59.352797277762164,-59.137072971739784
2.154999999999965,-69.33130800206283,-69.38214668553726,-69.43879601052443,-69.4654752855343,-69.45441037393444,-69.4076062431417,-69.32988146011051,-69.22620808662015,-69.10078507910582,-68.95681216875785,-68.79653469833976,-68.62137689842632,-68.4320874191211,-68.22886786876018,-68.01147586977832,-67.77930313872021,-67.53143273721136,-67.2666808827318,-66.98362912087967,-66.68065313248084,-66.3559553555901,-66.00761006413559,-65.63363176533144,-65.23208108823586,-64.80122693639578,-64.33978951026411,-63.847295720266914,-63.32458635598351,-62.77452273207088,-62.202948435945125,-61.61996815348006,-61.04161126627267,-60.49195888870285,-60.005793045864586,-59.63115530257264,-59.42415304492169
2.159999999999965,-69.36788776045638,-69.41877141025567,-69.47562743877208,-69.50280269061805,-69.4925400768064,-69.44682602049996,-69.37045377850957,-69.26837448615709,-69.1447742272096,-69.00284849247434,-68.84484645242847,-68.672203391478,-68.4856854833944,-68.28551779001577,-68.07148701894108,-67.84301952859376,-67.59923869285514,-67.33900697533045,-67.06095847495104,-66.76352817243388,-66.4449850032426,-66.10347732302493,-65.7371015130901,-65.3440077152509,-64.92256116501433,-64.47158320873352,-63.990702610736726,-63.48085486425632,-62.94497418414219,-62.38892814981518,-61.82274653787125,-61.26219344773484,-60.73073148752867,-60.26190422228357,-59.901571778917415,-59.702904001590205
2.164999999999965,-69.40406675077425,-69.45500074818666,-69.51206172979757,-69.53972391150683,-69.53024765314225,-69.4856013653685,-69.41055342144995,-69.31003426765741,-69.18821714498395,-69.04829313452153,-68.89251488230822,-68.72232820766335,-68.5385161346587,-68.34132635850526,-68.13057370836634,-67.90571807697276,-67.66592189517584,-67.41009246292516,-67.13691485797678,-66.84488160666062,-66.5323261852496,-66.19746883761321,-65.83848533539866,-65.45361247794996,-65.04130848678578,-64.60049185285219,-64.13088833375292,-63.63352220624082,-63.111393539432925,-62.57038611729295,-62.02044780294966,-61.47707523883765,-60.96312421705951,-60.510942713214604,-60.16430795489275,-59.97360463957922
2.169999999999965,-69.4398526164043,-69.49084211927375,-69.54810633465321,-69.57624665481322,-69.56754126644435,-69.52394108129683,-69.45019000432664,-69.35119802588876,-69.23112557644538,-69.0931591662784,-68.93955457820391,-68.7717676653698,-68.59059765052038,-68.39631406729289,-68.18875893103896,-67.96742459211866,-67.73151131627984,-67.47996986526685,-67.21153475824151,-66.92475435198106,-66.6180247489269,-66.28963593449924,-65.93784064263112,-65.56095954667931,-65.15754060753521,-64.72659560391014,-64.26794264015727,-63.78268917050561,-63.27389451693667,-62.74745146937495,-62.21321966514395,-61.686426731496304,-61.18933340753338,-60.75313349537238,-60.419615374659294,-60.23652328892376
2.1749999999999647,-69.47525280989967,-69.52630275978387,-69.58376851860143,-69.61237843165051,-69.60442886848378,-69.56185373808509,-69.48937288140681,-69.39187606190312,-69.27351093402584,-69.13745928413962,-68.98597970604062,-68.82053760297353,-68.64194776592525,-68.45050079662445,-68.24606498888905,-68.02816410438625,-67.79603505442049,-67.54867072280592,-67.28485356943379,-67.00318610513358,-66.7021251853678,-66.38002843641294,-66.03522318048255,-65.66611124998255,-65.27132719223921,-64.84997235201331,-64.40195273330478,-63.928453654314914,-63.43258750357924,-62.9202494306188,-62.401205186870705,-61.89041241176062,-61.409548628998905,-60.98869350778591,-60.66773636132389,-60.49191831573749
2.1799999999999646,-69.51027459826369,-69.5613897273964,-69.61905536635645,-69.6481265632932,-69.6409182055944,-69.59934767889396,-69.528111153916,-69.43207839225188,-69.31538430906642,-69.18120582143933,-69.03180402095472,-68.86865339409877,-68.69258369032784,-68.5039058331657,-68.30251351425373,-68.0879608900513,-67.85952036031821,-67.61622562561436,-67.35690562227366,-67.08021537723096,-66.78467066691084,-66.4686947030326,-66.13068707475905,-65.76912812448904,-65.38273592192554,-64.97069778306465,-64.53300335077033,-64.07091076664985,-63.58757968726763,-63.088901492758566,-62.5845430019743,-62.089191446798665,-61.62395304453088,-61.217832066927976,-60.90890447863097,-60.74003860791523
2.1849999999999645,-69.5449250680911,-69.59610990615347,-69.65397378717698,-69.6834981866694,-69.67701682477433,-69.63643102713046,-69.5664136778658,-69.4718147579048,-69.35675648197464,-69.22441075999794,-69.077040880384,-68.91612996240937,-68.74252212434727,-68.55654788868465,-68.35812549074112,-68.14683849450164,-67.9219936628092,-67.68266424160697,-67.4277242154105,-67.15587952744451,-66.86570308377127,-66.55568167084284,-66.22428487498516,-65.87006896321886,-65.49183254831719,-65.08884544242406,-64.66117684112935,-64.21015292403254,-63.73897517971811,-63.253525574380575,-62.76336752310973,-62.28291794993766,-61.83272373880069,-61.44075125663535,-61.143344969079834,-60.98112403930518
2.1899999999999644,-69.5792111305717,-69.63047001127482,-69.68853051981506,-69.71850025969184,-69.71273207960013,-69.67311169311786,-69.60428907163356,-69.511094632884,-69.397637932058,-69.26708574130151,-69.1217032567461,-68.96298179594548,-68.79177927592309,-68.60844511818851,-68.41292127350674,-68.20481975480232,-67.98348059383405,-67.74801534407189,-67.49734164560047,-67.2302147959334,-66.94526307985863,-66.64103489207271,-66.31606759689576,-65.96899086242784,-65.59868094643079,-65.20448679557488,-64.78655323630336,-64.34626993983174,-63.88687512994743,-63.4142361677192,-62.93780913219659,-62.47174122473621,-62.03603202248676,-61.65764629243067,-61.371275166997755,-61.21540591008143
2.1949999999999643,-69.6131395263579,-69.66447659384087,-69.72273213732345,-69.75313956642935,-69.7480711359594,-69.70939738055516,-69.64174572329836,-69.54992723261991,-69.43803884704045,-69.30924207732477,-69.16580374971842,-69.00922296101615,-68.84037087598165,-68.65961513752643,-68.4669206089533,-68.2619268216438,-68.04400601277355,-67.81230683851632,-67.56578923716825,-67.30325633602465,-67.02339008779695,-66.72479857274982,-66.40608476388036,-66.06594926710652,-65.70334316531337,-65.31769128609224,-64.90921031990959,-64.47934910768055,-64.03137782927246,-63.57114447362113,-63.1079943551147,-62.6558059892135,-62.234043713324205,-61.86870586039031,-61.59290488585932,-61.44310736195784
2.199999999999964,-69.64671683029866,-69.69813604534508,-69.75658505172485,-69.78742272212502,-69.78304097760632,-69.74529559277268,-69.67879179774279,-69.58832152203772,-69.47796913227265,-69.35089076100662,-69.20935459812779,-69.05486711565825,-68.88831219362463,-68.71007504047043,-68.52014265386435,-68.31818118068355,-68.10359403014147,-67.87556578883714,-67.63309737076516,-67.37503824565684,-67.100122363163,-66.80701560989563,-66.49438444742877,-66.16099801522518,-65.80587947708239,-65.42852639117615,-65.0292236920226,-64.609475279593,-64.17257880861733,-63.724358525696694,-63.274046021836,-62.83525258146989,-62.42691939484234,-62.07411243113538,-61.808436779769465,-61.664443767640904
2.204999999999964,-69.67994945604447,-69.73145460212123,-69.79009551854793,-69.82135617806384,-69.81764841154552,-69.78081363878968,-69.71543524352667,-69.62628622338272,-69.51743841964435,-69.39204247639032,-69.252367691463,-69.09992752267448,-68.9356180508517,-68.75984141528468,-68.57260599398298,-68.37360367329151,-68.16226803064261,-67.93781844282253,-67.69929551142792,-67.44559359809512,-67.17549701795795,-66.88772762789071,-66.58101330662821,-66.25418938081164,-65.9063484244116,-65.5370576749864,-65.1466668307113,-64.7367309393182,-64.31057092887903,-63.87398330463677,-63.43608341317413,-63.01021714799455,-62.61481465402181,-62.27404254987092,-62.01806667954601,-61.87962309455614
2.209999999999964,-69.71284366052421,-69.76443834964616,-69.82326964123176,-69.85494622629504,-69.85190007325022,-69.81595863918069,-69.75168379953939,-69.66382982379216,-69.55645607620835,-69.43270760843504,-69.29485458101921,-69.14441706226076,-68.98230283682793,-68.80893036079574,-68.62432866204743,-68.42821451670962,-68.22005069560663,-67.99909025699485,-67.76441223594699,-67.51495447192521,-67.24955005332197,-66.96697501402625,-66.66601662674621,-66.34557411593136,-66.0048068665885,-65.64334883998545,-65.2616111506797,-64.86119627142232,-64.44544446504715,-64.02012084363076,-63.594222395319875,-63.180831815996704,-62.797880299227884,-62.46866710364836,-62.22198390422713,-62.0888462433675
2.214999999999964,-69.74540554829876,-69.79709322672277,-69.85611337540408,-69.88819900421336,-69.88580243171832,-69.85073753175507,-69.78754500143909,-69.70096058262165,-69.59503121252366,-69.47289625251089,-69.33682649068474,-69.18834824423415,-69.02838052170858,-68.85735750197453,-68.67532815529383,-68.48203332363649,-68.27696402480659,-68.05940592080246,-67.82847525955208,-67.58315198033577,-67.32231639150379,-67.04479695326371,-66.7494383569368,-66.43520149163196,-66.10131002425291,-65.74746177647565,-65.37412605931057,-64.98294922655293,-64.57728718473359,-64.16287032577078,-63.74857554329149,-63.34722485109108,-62.97626255985301,-62.65815156721123,-62.42037154913556,-62.292307362201605
2.219999999999964,-69.77764107579213,-69.82942502954454,-69.88863253303411,-69.92112049900166,-69.91936179437144,-69.88515707705703,-69.82302618788293,-69.73768653853293,-69.63317269072753,-69.51261822358578,-69.3782943273808,-69.23173321987139,-69.07386467003073,-68.90513800504198,-68.72562145243829,-68.53507912124712,-68.33302935767209,-68.1187893801686,-67.89151146192334,-67.65021629969546,-67.39382990709419,-67.12123146221406,-66.83132114709454,-66.52311933790438,-66.19591152291173,-65.84945661049403,-65.48427901037343,-65.10206558329065,-64.70618442170343,-64.30232817427104,-63.899252254384294,-63.509520801662916,-63.150103269142704,-62.84265622891033,-62.61340675185139,-62.49019413777406
2.2249999999999637,-69.80955605540578,-69.86143941564674,-69.92083278646636,-69.95371655194047,-69.95258431180253,-69.91922386369014,-69.85813450655759,-69.77401551635208,-69.67088913234441,-69.55188306511339,-69.41926869116446,-69.27458379337058,-69.11876845368577,-68.95228659210996,-68.7752250301497,-68.58737036966076,-68.38826739390908,-68.17726386040938,-67.95354691253533,-67.71617669743331,-67.46412345753227,-67.1963154223536,-66.91170638388337,-66.60937408270648,-66.28866343531179,-65.94939175020579,-65.59213555563385,-65.21861900695765,-64.83221914495918,-64.43858813627475,-64.0463588526448,-63.66784063118375,-63.319540031676134,-63.02233639823347,-62.801260937582725,-62.68268806481446
2.2299999999999636,-69.84115615951566,-69.89314190774417,-69.9527196723354,-69.98599286258745,-69.98547598237502,-69.95294431347273,-69.89287692001385,-69.80995513370313,-69.70818892583868,-69.59070005763076,-69.45975988500358,-69.31691143294482,-69.163104664481,-68.99881755536876,-68.82415487902458,-68.63892497986585,-68.44269821353424,-68.23485188852734,-68.01460689534343,-67.78106155922987,-67.53322891289302,-67.27008461248566,-66.99063422595921,-66.69401079008813,-66.37961632274248,-66.0473239309221,-65.69775939457278,-65.33268110571505,-64.95547202387806,-64.57174136096532,-64.18999868534034,-63.82230183971394,-63.484706376951294,-63.19734259652452,-62.984100045511816,-62.8699646953127
2.2349999999999635,-69.8724469243579,-69.924537897461,-69.98429859536769,-70.01795499283122,-70.01804265668018,-69.98632468642927,-69.92726021131278,-69.8455128074254,-69.7450802339215,-69.6290782270758,-69.49977792423448,-69.35872728155891,-69.2068857263034,-69.04474477083315,-68.87242651907633,-68.68976033111561,-68.49634129633768,-68.29157531489194,-68.07471593282061,-67.8448984155273,-67.60117718496467,-67.34257374045973,-67.06814363840489,-66.77707319745006,-66.46881927532951,-66.14330825885389,-65.80121242240072,-65.44432148424593,-65.07602148985326,-64.70187647263607,-64.33027221232103,-63.97301857574773,-63.64573190047209,-63.36782073245004,-63.162084737725316,-63.05219386918174
2.2399999999999634,-69.90343375380384,-69.95563264895426,-70.01557483207152,-70.04960837082187,-70.0502900418543,-70.01937108562261,-69.96129098948992,-69.88069575978191,-69.78157100061672,-69.66702635283158,-69.53933254571189,-69.4000421673197,-69.25012370689544,-69.09008171165678,-68.92005501474883,-68.7398932878039,-68.54921554078186,-68.34745533431794,-68.13389780935395,-67.90771396736527,-67.66799825562136,-67.41381647415695,-67.1442724263918,-66.85860375196373,-66.55631995137117,-66.23739825369178,-65.90255477652885,-65.55360779528725,-65.19394379485018,-64.82907963932061,-64.46727708911025,-64.12010173949615,-63.80274239367721,-63.53391226372968,-63.33537059232846,-63.22953992794651
2.2449999999999632,-69.93412192302802,-69.98643130243315,-70.04655353431862,-70.0809582947829,-70.08222370576206,-70.05208946183177,-69.99497569484103,-69.91551102446361,-69.81766895809554,-69.70455297550676,-69.57843321665857,-69.4408666135296,-69.29283032925417,-69.13484146102866,-68.96705498946766,-68.78934021583389,-68.6013392823508,-68.40251250655002,-68.19217559401075,-67.96953411155353,-67.73372120450294,-67.4838454717528,-67.21905726808369,-66.93864364617927,-66.64216461576432,-66.32964589009848,-66.00184488163917,-65.66060578924572,-65.30931306724146,-64.9534346375245,-64.60110824448529,-64.26365907861987,-63.95585996396516,-63.69575434658359,-63.50410828230024,-63.40216191304826
2.249999999999963,-69.96451658207164,-70.01693887757811,-70.07723973282147,-70.11200993670829,-70.11384908104976,-70.08448561808136,-70.02832060403753,-69.94996545239808,-69.85338163328647,-69.74166640446016,-69.61708914322668,-69.48121084841323,-69.33501698266406,-69.17903672466066,-69.0134406397399,-68.83811699849149,-68.6527303113591,-68.45676677616599,-68.24957166268247,-68.03038396518654,-67.7983742360063,-67.55269241126268,-67.29253374679153,-67.01723285283916,-66.72639817755635,-66.42010163818088,-66.09913949347767,-65.76537936210332,-65.42220136524804,-65.07502291354953,-64.7318579532468,-64.40379527734488,-64.10520314599131,-63.853479974267806,-63.6684437415847,-63.57021375030295
2.254999999999963,-69.9946227593047,-70.04716027686207,-70.10763834050769,-70.14276834594632,-70.1451714690714,-70.11656521402544,-70.06133183507595,-69.98406571736732,-69.88871635426715,-69.77837472507797,-69.65530927877694,-69.52108481452737,-69.37669473337411,-69.22267984287886,-69.05922574881382,-68.88623905183385,-68.70340589023235,-68.51023749190932,-68.30610771961891,-68.09028788951224,-67.86198470559805,-67.62038801938095,-67.36473638239387,-67.09441015891707,-66.80906422665792,-66.50881450300547,-66.19449374147798,-65.86799060179334,-65.53267872827561,-65.19392364184866,-64.85961590480275,-64.54061203981213,-64.25088700531555,-64.00721810597746,-63.828518319824454,-63.73384442197661
2.259999999999963,-70.02444536478875,-70.07710028877567,-70.13775415579532,-70.17323845267595,-70.17619604369266,-70.14833377019231,-70.09401535206644,-70.01781832144175,-69.92368025644602,-69.81468580580986,-69.69310233188624,-69.56049817786294,-69.41787433492875,-69.26578280232764,-69.10442369990942,-68.93372133960615,-68.75338277027177,-68.56294342546076,-68.36180481836023,-68.14926951316164,-67.92457914545672,-67.68696209962098,-67.43569866202938,-67.17021319889682,-66.89020506974158,-66.59583206320534,-66.28796117030744,-65.96849983320513,-65.64081322639967,-65.3102137807991,-64.98446926813325,-64.67420816843322,-64.39302323539125,-64.15709378729981,-63.984468927051374,-63.893198127849224
2.264999999999963,-70.05398919354244,-70.10676359095886,-70.16759186577131,-70.20342507127661,-70.2069278549762,-70.17979667209309,-70.1263769698661,-70.05122960023594,-69.95828028854014,-69.85060730497436,-69.73047677409102,-69.59946033664927,-69.4585662381646,-69.30835724729964,-69.14904748903217,-68.98057838769631,-68.80267720791225,-68.6149027896617,-68.4166833820791,-68.20735175475068,-67.98618328945226,-67.75244355976294,-67.50545307007184,-67.2446784873056,-66.9698617653551,-66.6812005087264,-66.37959378041651,-66.066965661954,-65.7466710082236,-65.42396812623988,-65.1065027536358,-64.80467963794014,-64.53172024878529,-64.30322826328964,-64.13642816953822,-64.04841443653885
2.2699999999999627,-70.0832589287143,-70.13615475324386,-70.19715604927684,-70.23333290359629,-70.23737183275155,-70.21095917419987,-70.1584223585621,-70.08430572799166,-69.99252321835526,-69.88614667733735,-69.7674408473746,-69.63798042986815,-69.49878060087971,-69.35041449069985,-69.19310973738001,-69.02682429814111,-68.85130498048801,-68.6661332562001,-68.47076322334352,-68.26455684486264,-68.04682209747234,-67.81686043861949,-67.57403111739754,-67.31784145051279,-67.04807415826532,-66.76496467774905,-66.46944206765852,-66.1634450170326,-65.85031634730025,-65.53525936307106,-65.22579867229595,-64.93211966574754,-64.66708326343354,-64.4457390851446,-64.28452447791302,-64.1996284282455
2.2749999999999626,-70.11225914466335,-70.16527824060823,-70.22645117990075,-70.26296654212025,-70.26753279007436,-70.24182640379638,-70.19015704780925,-70.11705272249468,-70.02641563837578,-69.92131118047418,-69.80400257140823,-69.676067345489,-69.53852729718885,-69.39196552465647,-69.23662270335595,-69.07247276269464,-68.89928140151628,-68.71665197277079,-68.5240635633105,-68.3209063474227,-68.106519779105,-67.88023993212668,-67.64146336995162,-67.38973645780578,-67.12488091305163,-66.847168092815,-66.55755506203619,-66.25799319244658,-65.95181168728733,-65.64415811518138,-65.34243699257007,-65.05661877916805,-64.79921438464119,-64.58474021134887,-64.42888222852568,-64.3469708299698
2.2799999999999625,-70.14099430995049,-70.19413841604333,-70.25548162888475,-70.292330473043,-70.29741542657636,-70.27240336470545,-70.22158643102627,-70.1494764498296,-70.0599639711694,-69.95610788092078,-69.84016975055117,-69.71372972843153,-69.5778159265711,-69.43302103078727,-69.27959829419555,-69.11753707596891,-68.94662133550963,-68.76647557972075,-68.57660305036228,-68.37642118047373,-68.1652998166856,-67.94260841876849,-67.70777947662332,-67.46039685175234,-67.20031954696529,-66.92785299618973,-66.64398036562596,-66.35066388791795,-66.05121768597603,-65.75073299392439,-65.45649539531857,-65.17826487995589,-64.92821268345581,-64.7203421040569,-64.56962185894743,-64.49056814414305
2.2849999999999624,-70.16946879024398,-70.22273954333946,-70.28425166794281,-70.32142907924758,-70.32702433171198,-70.30269494089853,-70.25271576945677,-70.18158262897929,-70.09317447461355,-69.99054366012014,-69.8759499806193,-69.75097598826567,-69.61665582262087,-69.47359139013132,-69.32204807722127,-69.16203014816013,-68.99333921233108,-68.81562022619184,-68.62839977819678,-68.43112163636471,-68.2231849877186,-68.00399148434298,-67.77300819643608,-67.52985497785899,-67.2744264620668,-67.0070603844798,-66.72876418971832,-66.44150924872802,-66.14859325831489,-65.85505064534038,-65.56804932707868,-65.29714330658906,-65.05417427195711,-64.85265182139251,-64.70685997838497,-64.63054277150844
2.2899999999999623,-70.19768685114052,-70.25108578978997,-70.31276547199684,-70.35026664319365,-70.35636398790317,-70.33270589998915,-70.28355019609822,-70.21337683627262,-70.12605324694844,-70.02462522017233,-69.91135065542906,-69.78781430665619,-69.65505606151079,-69.51368669275794,-69.36398329073428,-69.20596451737097,-69.03944904110085,-68.86410158577294,-68.67947130338275,-68.48502740136243,-68.28019738668483,-68.06441394608194,-67.83717742506471,-67.59814221353471,-67.34723697665346,-67.08483004252638,-66.81195139121,-66.53057990476086,-66.24399561853201,-65.957175796285,-65.67717205192449,-65.41333689464341,-65.17719237593636,-64.9817731062537,-64.84070947368791,-64.76701312898183
2.294999999999962,-70.2256526609039,-70.27918122881678,-70.34102712183144,-70.37884734971823,-70.38543877358599,-70.36244089661515,-70.31409471950303,-70.24486450968703,-70.15860623166402,-70.05835908939314,-69.9463789731238,-69.8242526445613,-69.6930254701756,-69.55331674706026,-69.40541485455296,-69.24935236153887,-69.08496442366798,-68.9119348716721,-68.72983466239181,-68.53815757469765,-68.33635844624366,-68.12389987612947,-67.90031422068321,-67.66528899636599,-67.41878535598585,-67.16120057658877,-66.8935855082732,-66.61792500879552,-66.33748032143663,-66.05717129960001,-65.78393470212184,-65.52692603555691,-65.29735740536746,-65.10780647212644,-64.97127961154023,-64.9000937631298
2.299999999999962,-70.25337029312472,-70.30702984251937,-70.36904060667003,-70.40717528875096,-70.4142529661625,-70.391904475714,-70.34435422745722,-70.27605095300952,-70.19083922222447,-70.09175162768862,-69.98104194229025,-69.86029874919178,-69.73057263422533,-69.59249108874418,-69.44635338020984,-69.29220550998308,-69.1298985676577,-68.95913485142073,-68.77950638811915,-68.59053068705676,-68.39168895784015,-68.18247262439152,-67.9624448291558,-67.73132485171466,-67.48910484232455,-67.23620944683293,-66.97370879532662,-66.70359227408642,-66.42910130297011,-66.15509817844071,-65.88840632775178,-65.63798873403411,-65.4147570230075,-65.23084928633675,-65.09867613733772,-65.02989545981188
2.304999999999962,-70.2808437293023,-70.3346355241494,-70.39680982667413,-70.43525445794697,-70.44281074486028,-70.42110107569222,-70.37433349053923,-70.30694133986128,-70.22275786663722,-70.12480903175074,-70.0153463878713,-69.89596016073914,-69.76770590559696,-69.63121898952174,-69.4868091808161,-69.3345354545793,-69.17426429910553,-69.00571586112278,-68.82850252590403,-68.64216471853038,-68.44620909172929,-68.24015484076604,-68.02359470857795,-67.79627841964533,-67.55822768428507,-67.3098929991359,-67.05236225732645,-66.78762801126535,-66.51891092006282,-66.2510156698486,-65.99065394544236,-65.74660066429823,-65.52947621141233,-65.35099585110402,-65.22300137118036,-65.15652535045136
2.309999999999962,-70.30807686135142,-70.36200208051359,-70.42433859536908,-70.46308876523958,-70.47111619350314,-70.45003503149519,-70.40403716556403,-70.33754071759044,-70.25436767187033,-70.15753734008045,-70.04929895688144,-69.93124421887953,-69.80443340995211,-69.66950946551799,-69.52679228060371,-69.37635336057453,-69.21807407468985,-69.0516918192578,-68.8768386490622,-68.69307711603065,-68.499938416427,-68.2969684967623,-68.08378855317716,-67.8601774811886,-67.6261851655186,-67.3822864962156,-67.12958568339145,-66.87007716459003,-66.60695998983938,-66.3449812676449,-66.0907425863259,-65.85283522535828,-65.64159733859547,-65.46833748268914,-65.34435430133354,-65.28008701532502
2.3149999999999618,-70.33507349403632,-70.3891332343059,-70.45163064199778,-70.49068203131603,-70.49917330319568,-70.47871057757953,-70.43346979891585,-70.36785401103725,-70.28567400812415,-70.18994243784401,-70.08290612393294,-69.96615806906183,-69.84076305382897,-69.70737128540033,-69.56631242415511,-69.41767007705059,-69.26133999357329,-69.09707624005178,-68.92452987394131,-68.74328481018833,-68.55289591759988,-68.35293490652158,-68.14305031658172,-67.92304898395142,-67.69300763272547,-67.45342414809522,-67.20541767977417,-66.95098334755772,-66.69329782820552,-66.43705076469857,-66.18873534330858,-65.95676359542543,-65.7512002225195,-65.58296258888646,-65.46283067545204,-65.40068058419675
2.3199999999999616,-70.36183734733308,-70.41603262637219,-70.47868961380412,-70.51803799201748,-70.5269859749243,-70.50713185078935,-70.46263582977264,-70.39788602617647,-70.31668211296245,-70.22203006156835,-70.11617419657706,-70.00070866858584,-69.87670253155689,-69.74481297823814,-69.60537908532936,-69.45849614704774,-69.30407380886457,-69.14188224642623,-68.97159087451193,-68.79280423174161,-68.60510001640486,-68.4080747472492,-68.20140323446941,-67.98491906708142,-67.75872452301131,-67.52333914190754,-67.27989570218702,-67.03038887789944,-66.7779722878431,-66.52727829461239,-66.28469341772046,-66.05845478558037,-65.85836219456637,-65.69495674505043,-65.57852308980672,-65.51840283455958
2.3249999999999615,-70.38837205872326,-70.4427038179083,-70.50551907824912,-70.54516030066623,-70.55455802207703,-70.53530289314347,-70.49153959322702,-70.4276414536394,-70.34739709530612,-70.25380580367984,-70.14910932046776,-70.03490279247767,-69.91225933194045,-69.78184284110293,-69.64400147589458,-69.4988418173578,-69.34628693871055,-69.18612258253621,-69.01803589650513,-68.84165132742898,-68.65656858728941,-68.46240807906729,-68.25886984660255,-68.04581308559338,-67.82336439059029,-67.59206367104926,-67.35305608749226,-67.10833481196521,-66.86102979562878,-66.61571637285705,-66.37867616539873,-66.1579756927719,-65.96315816209737,-65.80440276880877,-65.69152107670044,-65.63334728769982
2.3299999999999614,-70.41468118542083,-70.46915029259405,-70.53212252516137,-70.5720525303226,-70.58189317288553,-70.56322765453237,-70.52018532330636,-70.45712487212258,-70.37782393929582,-70.28527511689248,-70.18171748435287,-70.06874703916895,-69.94744074472068,-69.81846894641511,-69.68218855387565,-69.53871704799735,-69.38799047703053,-69.22980962590964,-69.06387877110798,-68.8898415753961,-68.70731897526493,-68.51595436430155,-68.31547201826221,-68.10575563406675,-67.88695493284439,-67.65962896368791,-67.42493408475994,-67.18486097850722,-66.94251538949025,-66.7024159373744,-66.47074114223514,-66.2553911521995,-66.0656606701882,-65.91138079358015,-65.80191119022263,-65.74560430275143
2.3349999999999613,-70.44076820653372,-70.49537545866522,-70.55850336882342,-70.5987181759733,-70.60899507279129,-70.59090999533072,-70.54857715589529,-70.48634075168361,-70.40796750802716,-70.31644331845112,-70.2140045248997,-70.10224783598747,-69.98225386682171,-69.85469914904769,-69.71994903162548,-69.57813152136964,-69.429195203901,-69.27295539919797,-69.10913292822926,-68.9373900001305,-68.75736801266417,-68.56873248621143,-68.37123096109005,-68.16477056972438,-67.94952301574598,-67.72606531062908,-67.49556388569897,-67.26000601186543,-67.02247275470454,-66.78742638866008,-66.5609441492119,-66.35076398911735,-66.16593996259391,-66.01596834097714,-65.90977709045256,-65.85526116887108
2.3399999999999612,-70.46663652516172,-70.52138265092434,-70.58466494999672,-70.62516065665382,-70.63586728673837,-70.61835368892724,-70.57671913156473,-70.51529345693031,-70.43783254716273,-70.34731559423304,-70.24597613135907,-70.13541144446344,-70.01670560838761,-69.89054109319216,-69.7572913836295,-69.61709465112602,-69.4699115956038,-69.3155715815496,-69.15381140934652,-68.98431118693452,-68.8067320353949,-68.62076076717545,-68.42616725334963,-68.22288103489926,-68.01109469865013,-67.79140209254882,-67.56497865446414,-67.33380738455777,-67.10094425964138,-66.87079562933104,-66.64933927693332,-66.44415507008024,-66.26406404198231,-66.11824039215466,-66.01519962619354,-65.96240219562944
2.344999999999961,-70.492289470434,-70.5471751326933,-70.61061053788609,-70.65138331750578,-70.66251330139526,-70.64556242417412,-70.60461519830923,-70.54398725010573,-70.46742368842531,-70.3778970027139,-70.27763785007457,-70.16824396545925,-70.05080269861884,-69.92600221899666,-69.79422385405044,-69.65561559073416,-69.51014983434493,-69.35766951961597,-69.19792687994408,-69.03061929594801,-68.85542689870104,-68.67205698634395,-68.48030085961665,-68.28010947890137,-68.07169525846564,-67.85566780659752,-67.63321055684453,-67.40630143927619,-67.17797099095124,-66.95257010317562,-66.73597894965675,-66.53562335363728,-66.36009872945114,-66.21826945813659,-66.11825691629069,-66.06710880169096
2.349999999999961,-70.51773029948625,-70.57275609770863,-70.6363433320469,-70.67738943177353,-70.68893652730821,-70.67253980775945,-70.63226921419698,-70.5724262940725,-70.49674545297599,-70.40819247880268,-70.30899508884139,-70.20075134412762,-70.08455169141318,-69.96108976898233,-69.83075446402309,-69.69370324176411,-69.54991981765579,-69.39926023820283,-69.24149164155678,-69.07632807573296,-68.90346799244284,-68.72263839676903,-68.53365114990959,-68.33647767929205,-68.1313492132114,-67.91889009237904,-67.70029078883258,-67.47752342028824,-67.25359278819451,-67.03279483368352,-66.82091396881589,-66.62522594047225,-66.45410772333695,-66.31612564914093,-66.21902442957038,-66.16945960182686
2.354999999999961,-70.54296219938024,-70.59812867196146,-70.66186646423472,-70.703182202739,-70.71514030098774,-70.69928936650504,-70.65968494993477,-70.6006146552007,-70.52580225468157,-70.43820683754872,-70.34005312112,-70.23293937470437,-70.11795897081765,-69.99581079424513,-69.86689101870567,-69.73136626189977,-69.58923116748535,-69.44035445057355,-69.28451764342614,-69.12145087643148,-68.95087025590885,-68.77252174202462,-68.58623691827103,-68.39200676257634,-68.19008034496687,-67.98109575731219,-67.76624960457941,-67.5475075042413,-67.32784827790536,-67.11151346204316,-66.9041935560241,-66.7130181229766,-66.54615265730492,-66.41187674290289,-66.31757506341413,-66.26953049229274
2.359999999999961,-70.56798828896711,-70.62329591548388,-70.68718300020113,-70.72876476559901,-70.74112788693117,-70.72581454959168,-70.6868660913505,-70.6285563061615,-70.55459840327467,-70.46794477772721,-70.37081709011012,-70.26481370514128,-70.15103075629963,-70.03017216045102,-69.90264111409665,-69.76861307268504,-69.62809323899371,-69.48096256841879,-69.32701649378329,-69.16600066250773,-68.99764819216948,-68.82172327232772,-68.63807640081197,-68.44671722432462,-68.24791172222537,-68.0423108013797,-67.83111634373599,-67.61628683037056,-67.40077490708563,-67.18876828459703,-66.9858653955439,-66.79905343423921,-66.63629315770628,-66.50558825199188,-66.41397922097684,-66.36739473458319
2.3649999999999607,-70.59281162069657,-70.64826082408302,-70.71229594143614,-70.75414018928582,-70.76690247958274,-70.75211873071447,-70.71381624179676,-70.65625512863056,-70.58313810741002,-70.4974108853052,-70.40129201268839,-70.29637984158406,-70.18377310784008,-70.06418055363037,-69.93801214362401,-69.80545186701191,-69.66651512905463,-69.52109471149912,-69.36899947076735,-69.20999002508631,-69.04381588198578,-68.8702587601724,-68.68918729322897,-68.50062894873135,-68.30486572165708,-68.10256044127145,-67.89491945818557,-67.68389353010556,-67.47240897612018,-67.26460028974086,-67.06597567620089,-66.883383696428,-66.72458690017771,-66.59732349010172,-66.50830488703798,-66.46312303756797
2.3699999999999606,-70.61743518237243,-70.67302633102447,-70.7372082268593,-70.77931147823317,-70.79246720523345,-70.77820521017091,-70.74053892447746,-70.68371491590362,-70.61142547762117,-70.52660963679378,-70.43148278321614,-70.32764315270127,-70.21619193085776,-70.0978424857788,-69.9730113045148,-69.8418906163608,-69.70450568447812,-69.5607607169723,-69.4104775329903,-69.25343119389642,-69.08938699728299,-68.91814351548837,-68.73958676780643,-68.55376122762374,-68.36096404929211,-68.16186913392605,-67.95768653816707,-67.75035875607618,-67.5427856711057,-67.33904919425275,-67.14456913272356,-66.96605906853843,-66.81108966545798,-66.68714363729306,-66.60061770247646,-66.55678363800659
2.3749999999999605,-70.6418618988578,-70.69759530866693,-70.76192273446091,-70.80428157408885,-70.8178251238628,-70.80407721688316,-70.76703758470022,-70.71093937542751,-70.63946452917973,-70.55554540248933,-70.4613941772201,-70.35860887386846,-70.24829298096809,-70.1311643002707,-70.00764560395146,-69.87793707779831,-69.74207350995935,-69.59997014841353,-69.45146132975854,-69.29633604883449,-69.13437481420175,-68.96539240033503,-68.78929148991419,-68.60613277892875,-68.41622776113248,-68.22026059948107,-68.01944433779573,-67.81571271051448,-67.61193909558632,-67.41215347903741,-67.22168908648527,-67.04712809348078,-66.89585539438914,-66.77510780416056,-66.69098103734828,-66.64844237942695
2.3799999999999604,-70.66609463372953,-70.72197057004884,-70.78644228289487,-70.82905335737624,-70.84297923092389,-70.82973791035747,-70.7933155920576,-70.73793213125003,-70.6672591848623,-70.58422244960865,-70.49103085495159,-70.38928211121367,-70.2800818685833,-70.16415217709132,-70.04192186502284,-69.91359880074315,-69.77922697576548,-69.63873230453984,-69.49196121096168,-69.33871613115505,-69.17879222573741,-69.01201984314363,-68.83831763401318,-68.65776176461071,-68.4706772832011,-68.27775784363449,-68.08021879998088,-67.87998467305144,-67.67990230168773,-67.48395042426931,-67.29737748562601,-67.12663774447452,-66.97893624206951,-66.8612730948938,-66.77945606254579,-66.73816278935774
2.3849999999999603,-70.69013619088524,-70.7461548704296,-70.81076963302495,-70.85362964910581,-70.86793245907377,-70.85519038258198,-70.81937624253824,-70.76469672639011,-70.69481327762612,-70.61264494531966,-70.52039736482676,-70.41966784552685,-70.3115640633584,-70.1968121378937,-70.07584673247545,-69.94888313350515,-69.81597422516604,-69.67705622764545,-69.53198723663861,-69.3805826543012,-69.22265175397911,-69.05803985251794,-68.88668089917947,-68.70866580808978,-68.52433243103862,-68.33438317942827,-68.14003508074842,-67.9432030279086,-67.74670732064175,-67.55447614392148,-67.37167494453158,-67.20463347072561,-67.06038263112895,-66.94569466920416,-66.8661018200166,-66.82600615489645
2.38999999999996,-70.71398931610243,-70.7701509087843,-70.83490748942477,-70.87801321233852,-70.89268767985148,-70.88043765986599,-70.84522276057201,-70.79123662513243,-70.7221305531987,-70.64081695967415,-70.54949814675449,-70.4497709360408,-70.34274489848974,-70.22915005088757,-70.10942667827318,-69.98379722960604,-69.85232318161567,-69.71495071175839,-69.57154918622881,-69.42194651438358,-69.26596556195884,-69.10346603060505,-68.93439652415802,-68.75886201115112,-68.57721242865678,-68.39015824845974,-68.19891757296837,-68.00539529048196,-67.81238519269702,-67.6237656196667,-67.44462078264968,-67.28115924235252,-67.1402433040904,-67.02842580308362,-66.95097529151644,-66.91203159659646
2.39499999999996,-70.73765669855308,-70.79396132925726,-70.85885850183509,-70.9022067537025,-70.91724770530455,-70.90548270462175,-70.8708583010097,-70.81755521524768,-70.74921467258226,-70.6687424684427,-70.57833753535263,-70.47959612408492,-70.37362957486873,-70.26117163556255,-70.1426680069697,-70.01834805388937,-69.88828155569875,-69.75242431052754,-69.6106565675208,-69.46281830031992,-69.30874546512206,-69.14831158604792,-68.98147930195867,-68.8083669703578,-68.62933592695896,-68.44510404152842,-68.25688992949596,-68.06658813332172,-67.87696599640798,-67.69185273413589,-67.51625306261901,-67.35625759453617,-67.21856537478877,-67.10951794836949,-67.03413146587538,-66.99629614065817
2.39999999999996,-70.76114097227367,-70.81758872257133,-70.88262526657716,-70.92621292486491,-70.94161528956589,-70.93032841709076,-70.89628595104061,-70.84365581014244,-70.77606921447759,-70.69642535585773,-70.6069197630594,-70.50914803661857,-70.4042231650977,-70.29288246725548,-70.17557686090234,-70.05254238842593,-69.92385685184193,-69.78948534484772,-69.64931862530612,-69.50320830364468,-69.35100294243082,-69.19258934653062,-69.02794359400401,-68.857196792976,-68.68072102163674,-68.49924091872768,-68.3139750857287,-68.1268074115058,-67.94047887729916,-67.75877030352348,-67.5866086276958,-67.42996967086879,-67.2953943788168,-67.18902079108567,-67.1156234047563,-67.07885478940874
2.40499999999996,-70.78444471759244,-70.84103562739784,-70.90621032792544,-70.95003432395914,-70.96579313038332,-70.9549776370171,-70.92150873204955,-70.86954165093944,-70.80269767762927,-70.72386941726678,-70.63524896314112,-70.53843118964686,-70.43453061737213,-70.32428798156376,-70.2081592252112,-70.086386838221,-69.95905637480213,-69.8261419102312,-69.68754434974768,-69.54312652799788,-69.39274914710886,-69.23631177092703,-69.07380334384146,-68.90536711242562,-68.73138527055403,-68.5525886289886,-68.3701952815862,-68.18607818740918,-68.00295207589917,-67.82455010953066,-67.65572313845902,-67.5023352658766,-67.37077432297288,-67.26698230853629,-67.19550230688584,-67.1597605900592
2.4099999999999597,-70.80757046251522,-70.86430453168592,-70.92961617944,-70.9736734969704,-70.98978387060224,-70.97943314526862,-70.9465296014156,-70.89521590849225,-70.82910348309485,-70.75107836169838,-70.66332917260155,-70.56744999152276,-70.46455675923279,-70.35539347861175,-70.24042093269041,-70.11988783673155,-69.99388723593835,-69.86240188393394,-69.72534248447059,-69.58258269830316,-69.4339949170396,-69.27949096106384,-69.11907209042992,-68.95289310326551,-68.78134571062814,-68.60516632908583,-68.42557208292,-68.24442475487498,-68.0644129551438,-67.88922293063449,-67.72363110877696,-67.5733928666948,-67.44474773368465,-67.34344882512923,-67.27381757074374,-67.23906470172741
2.4149999999999596,-70.83052068407069,-70.8873978739535,-70.9528452652599,-70.99713293907986,-71.01359009960387,-71.00369766540854,-70.97135145425429,-70.92068168533527,-70.85528997644114,-70.77805581434491,-70.69116433499525,-70.59620874614083,-70.49430630119382,-70.38620412717414,-70.27236766847706,-70.15305165119766,-70.02835635927347,-69.89827293184459,-69.76272153438605,-69.62158626964495,-69.47475078482745,-69.32213867310934,-69.16376298101325,-68.99978949572588,-68.83061887421847,-68.65699260211336,-68.48012640235754,-68.3018706627845,-68.12488802714428,-67.9528185726778,-67.7903659410239,-67.6431796938774,-67.51735570438852,-67.41846506691218,-67.3506168556989,-67.31681646072558
2.4199999999999595,-70.85329780961735,-70.91031804454171,-70.97589998135905,-71.02041509596891,-71.0372143546997,-71.02777386521849,-70.99597712510537,-70.94594201757154,-70.88126042986947,-70.80480531896482,-70.71875830314862,-70.6247116560242,-70.52378384024917,-70.41672496866234,-70.30400497458349,-70.18588438779622,-70.06247048735361,-69.93376251514383,-69.79968977325598,-69.66014643585409,-69.51502698753237,-69.36426632859721,-69.20788878358974,-69.0460705897973,-68.87922080503257,-68.70808547543997,-68.53387851958965,-68.35843873803569,-68.1844029793225,-68.01536589877291,-67.8559599605336,-67.71173174132426,-67.58863794184703,-67.4920742148042,-67.42594614158095,-67.39306344410193
2.4249999999999594,-70.87590421811157,-70.93306738683191,-70.99878267676557,-71.04352236508517,-71.06065912248418,-71.05166435817449,-71.02040938956762,-70.97099987670141,-70.90701804427268,-70.83133034020562,-70.74611484179167,-70.65296282531058,-70.55299386326347,-70.44696092097699,-70.3353382542773,-70.21839199662139,-70.09623618691084,-69.96887789674102,-69.83625525100555,-69.69827213780974,-69.55483347608617,-69.40588502509735,-69.25146189899,-69.09175026888842,-68.92716707356111,-68.75846243815356,-68.58684810110799,-68.41415110792995,-68.24298269991111,-68.07689285851514,-67.92044444928204,-67.77908381531253,-67.65863281138827,-67.56431795651176,-67.49984978668508,-67.4678515314456
2.4299999999999593,-70.89834224133986,-70.95564819842879,-71.02149565474545,-71.06645709687115,-71.08392684014679,-71.07537170487844,-71.04465096588282,-70.99585817139264,-70.93256595122642,-70.85763426585298,-70.77323763010364,-70.68096626263892,-70.58194075025033,-70.47691678223343,-70.3663727763154,-70.25058027649884,-70.1296598543368,-70.00362614749669,-69.872425800793,-69.73597207146751,-69.59417992440243,-69.44700554654214,-69.29449437257297,-69.13684201306266,-68.97447279205223,-68.8081404580051,-68.63905421940096,-68.46902922197714,-68.300651302823,-68.137426516503,-67.98384967878847,-67.84526957262109,-67.72737738105761,-67.63523653712213,-67.57237058420723,-67.54122496495253
2.434999999999959,-70.92061416511503,-70.97806273230867,-71.04404117395259,-71.08922159595636,-71.10701989674492,-71.09889841444523,-71.06870451647067,-71.02051974919468,-70.95790721491643,-70.88372040900627,-70.8001302641756,-70.70872588394177,-70.61062877754088,-70.5065972343613,-70.39711367903685,-70.2824548796384,-70.16274772097316,-70.03801415223604,-69.90820904584417,-69.77325469562233,-69.63307573818692,-69.48763837321947,-69.33699790555036,-69.18135891186417,-69.02115262903448,-68.8571359978597,-68.69051537161529,-68.52309387312033,-68.35743215189021,-68.1969930801644,-68.04620494223448,-67.91032155774143,-67.79490746467162,-67.70486880836745,-67.64354981711061,-67.61322640776373
2.439999999999959,-70.94272223043748,-71.00031319793507,-71.06642144954449,-71.11181812231476,-71.12994063443801,-71.12224694584803,-71.09257264941579,-71.04498739819962,-70.9830448340043,-70.9095920101837,-70.82679625939245,-70.73624551514526,-70.63906212084905,-70.53600684658593,-70.42756597431834,-70.31402131613133,-70.19550585822411,-70.07204861556193,-69.94361240605906,-69.81012823941376,-69.67153006345966,-69.52779369144187,-69.37898386595127,-69.22531367674516,-69.06722082340042,-68.90546503166713,-68.74124949769313,-68.57636521838926,-68.41334788447679,-68.2556179268871,-68.10753858579194,-67.97427123916545,-67.86125766376931,-67.77325227655965,-67.71342731143203,-67.68389700058482
2.444999999999959,-70.96466863462447,-71.02240176234271,-71.08863865426696,-71.13424889238851,-71.15269134968574,-71.14541970922231,-71.11625791990883,-71.06926384864967,-71.00798174343399,-70.93525223936007,-70.85323905273769,-70.76352889478079,-70.66724485823428,-70.56515007879321,-70.45773455139799,-70.34528495829709,-70.22794018249891,-70.10573606747347,-69.9786431043983,-69.84660070958267,-69.70955179479598,-69.56748140290141,-69.4204632992351,-69.26871865310298,-69.11269119806077,-68.95314305996044,-68.7912739979932,-68.62886279898973,-68.46842043447118,-68.31332563045781,-68.16787803916418,-68.03714904475265,-67.92646140845916,-67.84042314919736,-67.78204148803373,-67.75327641660424
2.449999999999959,-70.98645553240469,-71.0443305511893,-71.11069491950661,-71.15651608017833,-71.17527429441016,-71.1684190671307,-71.13976283164332,-71.09335177449552,-71.03272081618049,-70.9607041979385,-70.87946200502293,-70.7905796765109,-70.69518097296695,-70.59403128478301,-70.48762418057183,-70.37625104488434,-70.26005645998778,-70.13908286879618,-70.013308173056,-69.88267989748674,-69.74714958329683,-69.60671113372011,-69.46144693856532,-69.3115858319398,-69.1575771731797,-69.00018512489291,-68.84060575040444,-68.68060555983485,-68.52267105466159,-68.37013998680966,-68.22724984533545,-68.09898439616995,-67.99055099716107,-67.90641638025043,-67.84942941281514,-67.82140291472442
2.4549999999999588,-71.00808503698296,-71.06610164977876,-71.13259233631344,-71.17862181830233,-71.19769167712296,-71.19124733578904,-71.16308983816893,-71.11725379490534,-71.05726486494375,-70.98595092065928,-70.90546840304529,-70.81740143157242,-70.72287435629922,-70.62265471541457,-70.5172395167668,-70.4069246851321,-70.29186031127848,-70.1720952164309,-70.04761445942714,-69.91837338588283,-69.78433184429537,-69.64549224320399,-69.50194521475086,-69.35392686115254,-69.20189177900082,-69.0466058248244,-68.88926112696312,-68.73161186852784,-68.5761203385018,-68.42608403908463,-68.28567968953547,-68.15980574241084,-68.0535576352484,-67.97126571413085,-67.91562684539784,-67.88831339112815
2.4599999999999587,-71.02955922107422,-71.08771710405394,-71.15433295639399,-71.20056819902403,-71.21994566402017,-71.21390678625603,-71.18624134420394,-71.14097247572654,-71.08161664378784,-71.0109953774471,-70.93126146167504,-70.84399765114037,-70.75032881014509,-70.651024521648,-70.54658510299527,-70.43731086269513,-70.32335721581877,-70.20477914842644,-70.08156863187487,-69.95368855548358,-69.82110676480873,-69.6838338323112,-69.54196826586742,-69.39575305646567,-69.24564766827626,-69.09241932846562,-68.93725600998104,-68.78189953380416,-68.62878824127418,-68.48118010201402,-68.34319242741914,-68.21964059239349,-68.11551147259289,-68.03500372835785,-67.98066828630276,-67.95404342920268
2.4649999999999586,-71.05088011790728,-71.10917892156222,-71.17591879307646,-71.22235727525066,-71.24203838004362,-71.2363996455869,-71.20921970690694,-71.16451033090243,-71.10577884972986,-71.03584047519986,-70.95684432587562,-70.8703717486138,-70.77754804967154,-70.679144757485,-70.5756653736944,-70.46741443943807,-70.3545525162287,-70.23714054888326,-70.11517718530564,-69.98863259129575,-69.85748231074398,-69.72174475184224,-69.58152594656717,-69.43707541201506,-69.28885712830731,-69.13763938859296,-68.98460580769678,-68.83148582344208,-68.68069410065806,-68.53544978562574,-68.3998121124696,-68.27851554664646,-68.17644164002407,-68.09766187493506,-68.04458702263858,-68.01862734784748
2.4699999999999585,-71.07204972220042,-71.13048907239259,-71.19735182224754,-71.24399106150243,-71.263971909912,-71.25872809795216,-71.23202723710973,-71.18786982384457,-71.1297541242775,-71.06048905951987,-70.98222007265872,-70.89652706182854,-70.80453570580549,-70.70701938281215,-70.60448465795467,-70.49724015910373,-70.38545142246998,-70.2691851526926,-70.1484464465578,-70.02321248874715,-69.89346623386409,-69.75923361036085,-69.62062783708579,-69.47790461059385,-69.331532092607,-69.18227935534179,-69.03132546945841,-68.88038748165138,-68.73185665671036,-68.5889140182827,-68.45556202262911,-68.33645632808677,-68.23637628471033,-68.15927052045049,-68.10741517232503,-68.08209824819251
2.4749999999999583,-71.09306999110825,-71.15164949008651,-71.21863398326275,-71.2654715348535,-71.28574829912097,-71.28089428572338,-71.25466620051324,-71.21105336876317,-71.15354505491938,-71.08494391639057,-71.00739171297651,-70.92246685519711,-70.83129532765881,-70.73465226615187,-70.63304718264163,-70.52679265085841,-70.41605901587498,-70.30091855011683,-70.18138257960932,-70.05743505960888,-69.92906607852346,-69.79630878185424,-69.65928325195601,-69.51825103356886,-69.37368415219568,-69.22635218908982,-69.07742950044856,-68.92862074594885,-68.78229407126902,-68.64159306906348,-68.51046468616745,-68.39348781190117,-68.2953426044752,-68.21985898492152,-68.16918372687455,-68.14448805875699
2.4799999999999582,-71.1139428451436,-71.17266207252423,-71.23976717983163,-71.28680063584629,-71.30736955491399,-71.30290031052591,-71.27713881884647,-71.23406333195595,-71.17715417656773,-71.10920777379958,-71.03236219355314,-70.94819432177968,-70.85783038487293,-70.76204718732035,-70.66135707541383,-70.55607643271978,-70.44638025304153,-70.33234619121723,-70.21399159061271,-70.09130693772131,-69.96428918818,-69.832978413141,-69.69750124843732,-69.55812477047836,-69.41532456653859,-69.26987047294044,-69.12293197596125,-68.97620136353132,-68.83202394678757,-68.6935065694915,-68.56454190679548,-68.44963405454044,-68.35336688106291,-68.27945557940002,-68.22992259275902,-68.20582757907893
2.484999999999958,-71.13467016907063,-71.19352868278368,-71.26075328087667,-71.30798026937967,-71.32883764722553,-71.32474823426115,-71.29944727099038,-71.25690203305712,-71.20058397295672,-71.13328330331039,-71.05713439865717,-70.97371258528783,-70.8841442698883,-70.78920784000087,-70.68941836764135,-70.58509591487078,-70.47641996959848,-70.36347339013348,-70.24627933276089,-70.12483458452759,-69.99914271168987,-69.86925043103385,-69.7352906346698,-69.59753562831928,-69.45646427413556,-69.31284642481606,-69.16784655524197,-69.02314460715654,-68.88106334461163,-68.74467353462595,-68.61781478803616,-68.50491832183904,-68.4104745123677,-68.33808764236255,-68.28966063138922,-68.26614652185
2.489999999999958,-71.15525381277428,-71.21425114997697,-71.28159412136856,-71.3290123055707,-71.35015450959551,-71.34644008009754,-71.32159369406845,-71.27957174624875,-71.22383687799703,-71.15717312158476,-71.08171115181824,-70.99902470202437,-70.91024030013921,-70.81613783423052,-70.71723499722783,-70.61385540286345,-70.50618288384479,-70.39430532922013,-70.27825151098982,-70.15802429442266,-70.03363360939329,-69.9051325492657,-69.7726599775601,-69.63649314053374,-69.49711390277247,-69.35529190917138,-69.21218649490001,-69.06946529054134,-68.92942880270675,-68.79511238352043,-68.6703037568615,-68.5593631162723,-68.46669004364527,-68.39578157490604,-68.34842569773676,-68.32547355358784
2.494999999999958,-71.17569559210463,-71.23483127006294,-71.3022915031377,-71.34989858059289,-71.37132204005854,-71.367977833433,-71.34358018450367,-71.30207470143469,-71.24691527708829,-71.18087979185727,-71.10609521748849,-71.02413366275961,-70.93612172017761,-70.84284069880682,-70.74481081133928,-70.64235910071625,-70.5356736002682,-70.42484706304538,-70.30991368652535,-70.19088219992445,-70.06776865899832,-69.94063227518696,-69.8096176104093,-69.67500657570409,-69.53728377944464,-69.39721844833761,-69.25596466190449,-69.11517778328817,-68.97713635284869,-68.84484095906492,-68.72202858661007,-68.61299020336666,-68.52203719772257,-68.45256287477352,-68.40624467762748,-68.38383633387957
2.499999999999958,-71.19599728969739,-71.25527080663656,-71.32284719566292,-71.37064089748998,-71.39234210200624,-71.38936344282854,-71.36540879904429,-71.32441308537844,-71.26982150839088,-71.2044058253629,-71.13028930265118,-71.04904239454841,-70.96179170372787,-70.86931988361525,-70.7721495690434,-70.6706111139098,-70.56489661294678,-70.45510352225602,-70.34127128127747,-70.22341427667205,-70.1015544612678,-69.97575691624047,-69.84617164028961,-69.71308494596363,-69.57698393995962,-69.43863723350508,-69.29919354617284,-69.16029602535025,-69.02420153728711,-68.89387654721911,-68.77300841919607,-68.66582063727704,-68.57653890422672,-68.50845616923439,-68.4631435237394,-68.44126155323642
2.5049999999999577,-71.21616065577122,-71.27557149169671,-71.34326293683789,-71.39124102696644,-71.41321652502559,-71.41059882091461,-71.38708155575878,-71.34658904280681,-71.29255786405871,-71.22775368272107,-71.15429605837879,-71.07375376248837,-70.98725335567542,-70.89557876188069,-70.79925494386194,-70.69861545228221,-70.59385630883698,-70.48507951731395,-70.37232958208725,-70.25562634825633,-70.13499744551726,-70.01051358622112,-69.88232995517711,-69.75073701513367,-69.6162241382314,-69.47955913535712,-69.3418852727638,-69.20483354104694,-69.07063942489346,-68.94223589565097,-68.82326178662434,-68.71787478554796,-68.63021732785279,-68.5634852468457,-68.51914729033486,-68.4977749695904
2.5099999999999576,-71.23618740890302,-71.29573502639224,-71.36354043371651,-71.41170070815613,-71.43394710571229,-71.4316858452708,-71.40860043500071,-71.36860467747982,-71.3151265914333,-71.25092577527496,-71.17811808134118,-71.09827057142229,-71.01250971399081,-70.92162063234584,-70.82613052623947,-70.72637603283033,-70.62255697095355,-70.51477974210808,-70.40309374483381,-70.28752409089071,-70.16810387493001,-70.04490921132906,-69.91810023085065,-69.78797130659375,-69.6550138552723,-69.51999471436282,-69.38405161368388,-69.24880345263858,-69.11646462680584,-68.98993523179227,-68.87280663182439,-68.76917235307448,-68.68309389569062,-68.61767308812017,-68.57428016676174,-68.55340144347329
2.5149999999999575,-71.2560792367805,-71.31576308174691,-71.38368136323635,-71.43202164936847,-71.45453560846144,-71.45262635927982,-71.42996738034577,-71.39046205322839,-71.33752989420228,-71.27392446639078,-71.20175791526715,-71.122595567586,-71.03756375159199,-70.9474487213786,-70.85277982593125,-70.75389668241718,-70.65100278144317,-70.5442087774463,-70.43356879840245,-70.319113037925,-70.20087985169455,-70.07895053602088,-69.95348993756215,-69.82479611089441,-69.69336230789355,-69.55995423073844,-69.42570399931776,-69.29221849347299,-69.16169131157962,-69.03699028032355,-68.92166032881889,-68.819732405281,-68.73518932363285,-68.67104189512908,-68.62856550975448,-68.60816497191352
2.5199999999999574,-71.27583779693434,-71.335657299365,-71.40368737292319,-71.45220552881435,-71.47498376623533,-71.47342217295687,-71.45118429950016,-71.4121631949607,-71.35976993352133,-71.29675207271521,-71.22521805235878,-71.1467314402037,-71.06241837814694,-70.97306618501158,-70.87920627431315,-70.78118114039162,-70.6791978245569,-70.57337109443114,-70.46375964852199,-70.35039858420936,-70.23333132197101,-70.11264412866618,-69.98850634648541,-69.86121949311925,-69.73127845712163,-69.59944765408727,-69.46685352949292,-69.33509102071326,-69.2063332198584,-69.08341628010179,-68.96983970224044,-68.86957339053451,-68.78652364188609,-68.72361312006593,-68.68202587457034,-68.66208872108739
2.5249999999999573,-71.29546471745047,-71.35541929211671,-71.4235600815753,-71.47225399531105,-71.49529328130878,-71.49407506375425,-71.47225306518249,-71.43371008963845,-71.38184882910308,-71.3194108653952,-71.24850093466279,-71.17068082303328,-71.0870764418183,-70.99847611091515,-70.90541322661593,-70.80823306112126,-70.70714608952429,-70.60227105772364,-70.49367108147374,-70.3813859903123,-70.26546408069223,-70.14599638701696,-70.02315653595333,-69.89724930000467,-69.76877101634031,-69.63848467272747,-69.50751098418826,-69.37743302765874,-69.25040367857538,-69.12922800054366,-69.01736104621213,-68.9187131618119,-68.83711621960693,-68.7754074928004,-68.73468304499208,-68.71519505776358
2.529999999999957,-71.31496159766118,-71.37505064480486,-71.4433010799289,-71.49216866896761,-71.51546582599445,-71.51458677734337,-71.49317551597973,-71.45510468722347,-71.4037686602714,-71.34190307125893,-71.27160895539794,-71.1944462958623,-71.11154073095214,-71.02368152030701,-70.93140396408766,-70.83505601644259,-70.73485147333292,-70.63091292869898,-70.523307767677,-70.41208038659835,-70.29728377620457,-70.17901354349422,-70.0574473974862,-69.93289316682497,-69.8058484591653,-69.6770747027158,-69.54768683389598,-69.41925615566855,-69.29391561469672,-69.17443975747703,-69.064240142607,-68.96716899763751,-68.88698578868635,-68.82644504744893,-68.7865580622318,-68.76750557957553
2.534999999999957,-71.33433000881777,-71.39455291481292,-71.46291193130484,-71.511951141851,-71.53550304334642,-71.53495902837419,-71.51395345717815,-71.47634890159665,-71.42553146698506,-71.36423087396172,-71.29454446024197,-71.21803038595692,-71.13581397571328,-71.04868536980034,-70.95718169608458,-70.86165349803068,-70.76231778341621,-70.659300868498,-70.5526742651562,-70.44248677717052,-70.3287959147547,-70.21170167029948,-70.09138564162217,-69.96815852405072,-69.84251902706092,-69.7152268965772,-69.58739124964828,-69.46057170569965,-69.33688156852058,-69.21906542847564,-69.11049227870255,-69.01495762231212,-68.93615046670503,-68.87674514799153,-68.83767125276799,-68.8190411441592
2.539999999999957,-71.35357149474471,-71.41392763273582,-71.48239417223839,-71.5316029786342,-71.55540654784468,-71.55519350121212,-71.53458866156967,-71.49744461144914,-71.44713925082988,-71.3863964150954,-71.3173097485775,-71.24143556946487,-71.15989884966832,-71.07349055319258,-70.98274956209542,-70.88802891969159,-70.78954874025256,-70.68743894097696,-70.58177502289215,-70.47261004368063,-70.36000586482642,-70.24406668435543,-70.12497780355248,-70.00305260378619,-69.87879073670577,-69.75295015174858,-69.62663411271548,-69.50139064946903,-69.37931370654029,-69.26311846768745,-69.15613226424436,-69.06209522544998,-68.98462777908173,-68.92632651296084,-68.88804225515017,-68.86982189719343
2.544999999999957,-71.37268757247513,-71.43317630299265,-71.50174931309047,-71.55112571722512,-71.57517792605975,-71.57529185065447,-71.55508287023481,-71.51839366114702,-71.46859397598087,-71.40840179526515,-71.33990707470055,-71.26466427277528,-71.18379797131821,-71.09809990319678,-71.00811063369953,-70.91418561958042,-70.81654797987987,-70.71533111556109,-70.61061438406297,-70.50245494901408,-70.39091886133356,-70.27611435208303,-70.158230248571,-70.03758244599406,-69.91467138711604,-69.79025311874537,-69.66542502398809,-69.5417236402507,-69.42122383388677,-69.30661192017327,-69.20117444793601,-69.10859748084344,-69.03243468043934,-68.97520723923387,-68.93769004580274,-68.91986729937707
2.5499999999999567,-71.39167973286932,-71.45230040442327,-71.52097883864305,-71.5705208693795,-71.59481873729894,-71.59525570262633,-71.57543779330302,-71.53919786157105,-71.48989757013577,-71.43024907513244,-71.36233864899039,-71.28771887383498,-71.2075139055829,-71.1225161931175,-71.03326791646218,-70.94012686234662,-70.84331905632719,-70.74298127000326,-70.63919658917675,-70.53202614085116,-70.42154000967331,-70.30785029401929,-70.1911491773414,-70.07175490451367,-69.95016856653291,-69.82714420905937,-69.70377331305039,-69.58158102331808,-69.4626234063597,-69.34955843576665,-69.24563273337007,-69.15447956467374,-69.07958757520868,-69.0234048249507,-68.98663296385996,-68.96919615237921
2.5549999999999566,-71.41054944121557,-71.47130139086813,-71.54008420867795,-71.58978992129592,-71.61433051423458,-71.61508665485636,-71.59565511069052,-71.55985899093068,-71.5110519254204,-71.45194027642692,-71.38460663904479,-71.31060170342477,-71.23104916523886,-71.14674213847363,-71.05822435176884,-70.96585584121028,-70.86986544396697,-70.77039319305243,-70.66752577910202,-70.56132815511121,-70.45187428964493,-70.33927998928164,-70.2237406309906,-70.10557665288025,-69.98528965908265,-69.86363160279541,-69.74168804695421,-69.62097284604171,-69.50352354205934,-69.39197028246895,-69.28952059441593,-69.19975617308738,-69.12610233749585,-69.0709361915907,-69.03488873506498,-69.01782662379641
2.5599999999999565,-71.42929813781544,-71.49018069173289,-71.55906685853978,-71.60893433419481,-71.63371476351463,-71.63478627753359,-71.6157364728176,-71.58037879555515,-71.53205889926723,-71.47347738292733,-71.40671317077917,-71.33331504639487,-71.25440621231117,-71.17078039856936,-71.08298281860024,-70.99137567997046,-70.8961905397908,-70.7975705870339,-70.69560599799694,-70.5903654192821,-70.4819265592378,-70.37040877988355,-70.25601049603202,-70.13905418995033,-70.02004185121618,-69.89972325605619,-69.77917803870326,-69.65990886765194,-69.54393503263034,-69.43385935939256,-69.33285109007956,-69.24444153915536,-69.17199433023372,-69.11781770523145,-69.08247449476396,-69.06577627115261
2.5649999999999564,-71.44792723855205,-71.5089397125371,-71.57792819968385,-71.62795554488149,-71.65297296635597,-71.65435611394574,-71.63568350130454,-71.60075899066086,-71.55292031526771,-71.49486234141318,-71.42866032949273,-71.35586114286312,-71.27758745942248,-71.19463357801564,-71.10754613525104,-71.01668943494934,-70.92229766561034,-70.82451707034576,-70.72344119614257,-70.61914225563964,-70.5117015582946,-70.4012418749069,-70.2879645091252,-70.17219384534042,-70.05443213793403,-69.93542690808158,-69.81625185545614,-69.69839856867758,-69.5838683541299,-69.47523720926596,-69.37563687885107,-69.28854944923447,-69.21727842363974,-69.16406519701758,-69.1294068100254,-69.11306206497304
2.5699999999999563,-71.46643813544345,-71.52757983544848,-71.59666962020893,-71.64685496629396,-71.67210657912189,-71.67379768109946,-71.6554977896483,-71.62100126109655,-71.57363796399918,-71.51609706258714,-71.45045016090205,-71.37824218937537,-71.30059527109891,-71.21830422820265,-71.13191706099316,-71.04180009687319,-70.94819007018785,-70.85123617987297,-70.75103523268302,-70.6476628843609,-70.54120391205257,-70.4317843545365,-70.31960826167841,-70.20500178468566,-70.0884673288061,-69.97075008815203,-69.8529178264567,-69.73645116006875,-69.623333677529,-69.51611503051274,-69.41789023255531,-69.332093258749,-69.2619690130031,-69.20969398286442,-69.17570170091479,-69.15970041096544
2.574999999999956,-71.48483219718072,-71.54610241980251,-71.61529248537575,-71.66563398803564,-71.69111703388305,-71.69311247032279,-71.6751809038791,-71.64110726206677,-71.59421360382773,-71.5371834219704,-71.47208467214315,-71.40046034003062,-71.32343196503626,-71.24179484872678,-71.15609829768628,-71.06671059269289,-70.97387093129643,-70.87773137332258,-70.77839187827482,-70.67593142653392,-70.5704381345674,-70.46204117395948,-70.35094720429647,-70.23748401472255,-70.12215405378964,-70.00570012226042,-69.88918405069876,-69.77407559201497,-69.6623408788603,-69.55650368891716,-69.45962304971935,-69.3750859074098,-69.30608003582189,-69.25471888242494,-69.22137466095523,-69.20570717134242
2.579999999999956,-71.5031107696513,-71.56450880260817,-71.63379813811159,-71.68429397689367,-71.71000573896367,-71.71230194785201,-71.69473438319913,-71.66107861983468,-71.61464896168744,-71.55812326077151,-71.49356583274314,-71.42251770757126,-71.3460998133261,-71.26510788877262,-71.18009249133749,-71.09142378734649,-70.9993433577144,-70.90400603148365,-70.8055148176504,-70.7039519070692,-70.59940863202362,-70.49201716713544,-70.38198665108187,-70.26964638820324,-70.15549876885467,-70.04028413956323,-69.92505840433664,-69.81128056246618,-69.70089954902139,-69.59641372888936,-69.50084686847366,-69.4175399338901,-69.34962498831179,-69.29915423734204,-69.26644067680196,-69.25109768531257
2.584999999999956,-71.52127517644901,-71.58280029904034,-71.65218789950127,-71.7028362773429,-71.7287740794717,-71.7313675554003,-71.71415974060237,-71.68091693240422,-71.63494573383625,-71.57891838672829,-71.5148955755625,-71.44441636444022,-71.36860104364396,-71.28824574845078,-71.20390223361082,-71.11594248546479,-71.02461039115498,-70.9300634604126,-70.8324076520969,-70.73172825751492,-70.62811970593663,-70.52171705044321,-70.41273178379349,-70.3014946086467,-70.1885077614217,-70.07450907861576,-69.96054854784629,-69.84807452536757,-69.73901900324462,-69.63585538434236,-69.54157287899949,-69.4594674899736,-69.39261694130745,-69.34301392881316,-69.31091424715869,-69.29588678877369
2.589999999999956,-71.53932671936863,-71.60097820291836,-71.6704630692651,-71.72126221203706,-71.74742341781561,-71.75031071071206,-71.7334584634775,-71.70062377018264,-71.65510558659032,-71.59957057492583,-71.53607579770946,-71.46615834380572,-71.39093784040122,-71.31121078009497,-71.22753006328949,-71.14026943302268,-71.04967500813397,-70.95590689354826,-70.85907390185434,-70.75926431877949,-70.65657555624767,-70.55114542620481,-70.44318765586578,-70.3330342349307,-70.22118715561818,-70.10838169339904,-69.9956619329461,-69.88446569861563,-69.77670829024466,-69.67483858919233,-69.58181193553776,-69.50088035419327,-69.43506855557682,-69.3863113944896,-69.35480940096367,-69.34008883323622
2.594999999999956,-71.55726667888908,-71.6190437871728,-71.68862492622382,-71.73957308228594,-71.76595509420645,-71.76913280810139,-71.75263201419345,-71.72020067662447,-71.67513015703652,-71.62008156858963,-71.55710836142596,-71.48774564055469,-71.41311234586095,-71.33400528951783,-71.25097846769198,-71.16440731893779,-71.07454012177696,-70.98153949375828,-70.88551700843517,-70.78656384376465,-70.6847802843175,-70.58030678609352,-70.47335919629568,-70.36427068573214,-70.25354291735923,-70.14190855914494,-70.03040580928595,-69.92046207174535,-69.81397620105227,-69.71337298749482,-69.62157456797357,-69.54178994497693,-69.47699209656724,-69.42905964473503,-69.39813971487186,-69.3837177040055
2.5999999999999557,-71.57509631464231,-71.63699830429897,-71.70667472875154,-71.75777016852,-71.78437042714626,-71.78783521897549,-71.77168183066901,-71.73964916885701,-71.69502105372506,-71.64045307985585,-71.57799509494826,-71.5091802122565,-71.43512666121971,-71.35663153722798,-71.27424988404377,-71.18835877661891,-71.09920858356921,-71.00696435531904,-70.9117403368687,-70.81363049991315,-70.71273789582165,-70.60920551442982,-70.50325121340029,-70.39520924381931,-70.28558085925991,-70.17509607796664,-70.06478723091021,-69.95607141335637,-69.85083127754571,-69.75146794322791,-69.66087099300964,-69.58220733331612,-69.51839944860502,-69.47127127826577,-69.44091833005943,-69.4267868376507
2.6049999999999556,-71.5928168658701,-71.65484298679884,-71.72461371521639,-71.77585473074294,-71.80267071390398,-71.8064192923443,-71.7906093269259,-71.75897073828777,-71.7147798573412,-71.66068679051853,-71.59873779334104,-71.53046398009694,-71.45698284765633,-71.37909173960945,-71.29734670080535,-71.21212638546434,-71.12368318504934,-71.03218450583239,-70.93774717787255,-70.8404678716721,-70.74045230354984,-70.63784589136795,-70.53286839844996,-70.42585506020094,-70.31730664538269,-70.20795048429999,-70.09881306250344,-69.99130127828695,-69.88728182068837,-69.78913254973399,-69.69971112494277,-69.62214325497487,-69.55930212856637,-69.5129584971953,-69.48315796837525,-69.46930923878831
2.6099999999999555,-71.61042955186885,-71.67257904761122,-71.74244310440984,-71.79382800897164,-71.82085723097737,-71.82488635531556,-71.80941589362703,-71.77816685119488,-71.7344081213582,-71.68078435275545,-71.61933821930737,-71.55159882978487,-71.47868292734888,-71.40138807006478,-71.32027125896005,-71.23571267231397,-71.14796665944876,-71.05720290808021,-70.96354074995338,-70.86707946287648,-70.76792733011415,-70.66623209597721,-70.56221532918094,-70.4562131581378,-70.34872579582617,-70.24047785016246,-70.13248998542488,-70.02615901454305,-69.9233358984827,-69.8263756388313,-69.73810458605519,-69.66160812225255,-69.599711299037,-69.55413312150407,-69.52487094786467,-69.51129749620533
2.6149999999999554,-71.62793557242219,-71.69020768053076,-71.76016409596431,-71.81169122366501,-71.83893123454374,-71.84323771357678,-71.82810289859957,-71.79723894930109,-71.7539073726713,-71.70074738983233,-71.6397981039741,-71.57258661243095,-71.50022888445979,-71.42352266012229,-71.34302585326012,-71.25912011285487,-71.17206168327941,-71.0820224618194,-70.98912420144003,-70.89346869905484,-70.79516671056803,-70.69436820922229,-70.59129647319193,-70.48628843702117,-70.37984369116175,-70.27268409023588,-70.16582450353923,-70.06065176999209,-69.95900135364995,-69.86320578960563,-69.77606071663534,-69.70061203531816,-69.63963778098108,-69.59480660295665,-69.56606919768818,-69.5527637983472
2.6199999999999553,-71.64533610822238,-71.70773006061562,-71.7777778707603,-71.82944557614121,-71.85689396089796,-71.86147465186399,-71.8466716873433,-71.8161884503312,-71.7732791122138,-71.72057749678706,-71.66011914765473,-71.59342914540058,-71.52162266609248,-71.44549760051015,-71.3656127334355,-71.28235113298314,-71.19597087787047,-71.10664600551983,-71.01450061245085,-70.91963892966018,-70.8221740949397,-70.72225821684498,-70.62011619122809,-70.51608567612126,-70.41066557672103,-70.30457496677774,-70.19882294885016,-70.09478649882705,-69.99428581104361,-69.89963133689332,-69.8135885846392,-69.73916479312847,-69.6790920659346,-69.63499003848506,-69.60676427245876,-69.59371994819664
2.624999999999955,-71.66263232128077,-71.72514734458487,-71.79528559132238,-71.84709224898374,-71.87474662687853,-71.87959843441773,-71.86512358352577,-71.83501674855425,-71.79252481555521,-71.7402762410935,-71.68030302058949,-71.61412821314113,-71.542866183218,-71.46731494219729,-71.38803410536433,-71.30540811012281,-71.21969681085724,-71.13107631804608,-71.0396729967975,-70.94559343022807,-70.8489530506829,-70.74990601215158,-70.64867874035717,-70.54560953821303,-70.44119656674089,-70.33615609436849,-70.23149148694273,-70.12856996781001,-70.02919668480625,-69.93566037946529,-69.85069699500514,-69.77727590394707,-69.71808432774266,-69.67469418306017,-69.64696736601962,-69.6341773775652
2.629999999999955,-71.67982535532654,-71.74246067120517,-71.81268840220534,-71.86463240643728,-71.89249043028333,-71.89761030542694,-71.88345988946293,-71.85372521531043,-71.81164593348319,-71.75984516330715,-71.7003513636638,-71.63468556798465,-71.56396131157389,-71.48897669740198,-71.41029213220747,-71.32829337450376,-71.24324199762218,-71.15531612028646,-71.0646443038278,-70.97133540446505,-70.87550706504737,-70.77731539870842,-70.67698827703987,-70.57486457307995,-70.47144164836949,-70.36743294449859,-70.26383612224228,-70.16200876230234,-70.0637411852785,-69.97130078792298,-69.88739449863367,-69.81495459547622,-69.75662443385397,-69.71392946206821,-69.68668932468417,-69.67414716082092
2.634999999999955,-71.69691633619614,-71.75967116166764,-71.82998743037002,-71.88206719479291,-71.91012655027328,-71.91551148946071,-71.90168188658747,-71.87231519952341,-71.83064389256826,-71.77928577769141,-71.72026578910588,-71.65510293092704,-71.58490989253701,-71.5104848405708,-71.43238893550857,-71.35100921039981,-71.26660890269133,-71.1793680767294,-71.08941742020944,-70.99686798626992,-70.90183954737294,-70.80449009294985,-70.70504886009971,-70.60385522090252,-70.50140568553923,-70.39841085000153,-70.29586270309389,-70.19510929208676,-70.09792632566709,-70.00656021231501,-69.92368940104461,-69.85220982461662,-69.79472195619303,-69.75270598321299,-69.72594065995854,-69.7136400280748
2.639999999999955,-71.7139063722121,-71.77677991995517,-71.84718378554955,-71.89939774276345,-71.92765614776633,-71.93330319188883,-71.91979083590388,-71.89078802819864,-71.84952009571295,-71.79859957282609,-71.74004788116422,-71.67538199238406,-71.60571373396894,-71.53184130932725,-71.45432659625945,-71.3735578573286,-71.28979994108676,-71.20323479699084,-71.11399517165677,-71.02219424168935,-70.92795383130796,-70.83143372669991,-70.73286445359511,-70.63258581553444,-70.53109342271038,-70.42909500933837,-70.32757692667077,-70.22787779699205,-70.13175892848216,-70.04144608948478,-69.95958977072111,-69.88905028686716,-69.83238618162102,-69.79103354795997,-69.76473156076732,-69.75266637784763
2.6449999999999547,-71.73079655455156,-71.79378803319972,-71.86427856060631,-71.91662516184907,-71.94508036582033,-71.95098659929087,-71.9377879784318,-71.90914500690775,-71.86827592268601,-71.81778801219914,-71.75969919676506,-71.69552441292527,-71.62637461103733,-71.55304800539169,-71.47610715593409,-71.39594151121369,-71.31281747963612,-71.22691883729212,-71.13838032460183,-71.0473171708103,-70.95385317695663,-70.85814984961213,-70.76043892959623,-70.6610605876701,-70.56050948848977,-70.4594904907378,-70.35898434371515,-70.26032035232234,-70.16524563174984,-70.07596565015804,-69.99510344715391,-69.92548442537942,-69.86962612200429,-69.82892166254037,-69.80307190520101,-69.79123628923561
2.6499999999999546,-71.74758795760584,-71.8106965720307,-71.8812728318788,-71.93375054669293,-71.96240033000625,-71.96856287985429,-71.95567453563625,-71.92738742025959,-71.88691273064076,-71.83685253478106,-71.7792212661515,-71.71553182398642,-71.64689426701227,-71.5741067954742,-71.49773261748999,-71.41816232551147,-71.33566383824201,-71.25042270189235,-71.16257558781335,-71.07223970959272,-70.97954077295672,-70.88464193153027,-70.78777607087218,-70.68928366790742,-70.58965839912906,-70.4896022361973,-70.39009036311896,-70.29244287410154,-70.19839289500815,-70.1101259257789,-70.03023804859382,-69.96152043967678,-69.90645052390198,-69.86637954853299,-69.8409712718049,-69.82935953359734
2.6549999999999545,-71.76428163933026,-71.82750659091481,-71.8981676595215,-71.95077497542873,-71.97961714877192,-71.98603318376244,-71.97345170984778,-71.94551653235857,-71.90543185461985,-71.85579455558303,-71.79861559350365,-71.73540582856089,-71.66727441403881,-71.59501951213996,-71.51920494633983,-71.44022241230307,-71.35834129111176,-71.27374884447539,-71.18658361396321,-71.0969647316426,-71.00501973848999,-70.91091336477125,-70.81487957348855,-70.71725908970984,-70.61854456190665,-70.51943506534977,-70.420900256349,-70.32425112413723,-70.23120700509476,-70.14393375510417,-70.06500097952457,-69.99716629405279,-69.9428678778895,-69.90341615303818,-69.87843895042622,-69.86704558577875
2.6599999999999544,-71.78087864158523,-71.84421912848663,-71.91496408783411,-71.96769951001852,-71.99673191379588,-72.00339864357214,-71.99112068467042,-71.9635335872507,-71.92383460804612,-71.87461546620001,-71.81788365754166,-71.7551480018715,-71.68751673388796,-71.61578795464905,-71.5405260712934,-71.46212384335296,-71.38085206794861,-71.29689966949314,-71.2104070011441,-71.12149504992844,-71.0302931252276,-70.93696746633458,-70.84175304932067,-70.74499079226999,-70.64717227839637,-70.54899367920062,-70.45141916172145,-70.35575071491019,-70.26369408173223,-70.1773957905632,-70.09939943786569,-70.03242972565913,-69.97888642753026,-69.94004015846096,-69.91548395263824,-69.90430363489703
2.6649999999999543,-71.79737999046847,-71.86083520787105,-71.93166314558343,-71.98452519658191,-72.01374570033222,-72.02066037458098,-72.00868262537888,-71.98143980935717,-71.94212228319883,-71.89331663533768,-71.83702691211099,-71.77475989202253,-71.70762287868408,-71.63641388977143,-71.56169788547125,-71.48386865113515,-71.40319835510665,-71.3198775334669,-71.23404829433875,-71.14583341844394,-71.05536391921383,-70.96280748004017,-70.8684000284847,-70.77248262327949,-70.67554574762913,-70.57828266373942,-70.48165208853209,-70.38694711429626,-70.29586008291864,-70.21051850439238,-70.13344042191412,-70.06731825229447,-70.01451417800816,-69.9762599919176,-69.95211502175654,-69.94114259469829
2.669999999999954,-71.81378669663856,-71.87735583699757,-71.94826584631711,-72.00125306571736,-72.03065956754686,-72.03781947518603,-72.02613867930576,-71.99923640389638,-71.9602961516783,-71.91189940932541,-71.8560467867514,-71.79424302063316,-71.72759447161233,-71.65689905257764,-71.58272224719079,-71.5054588298281,-71.42538229670983,-71.34268474624854,-71.25750998684323,-71.16998253381642,-71.08023504268824,-70.98843657859646,-70.89482396168927,-70.79973834160741,-70.70366906914758,-70.60730649343017,-70.51160392104597,-70.41784565012597,-70.32771081013006,-70.24330819455145,-70.1671307370349,-70.10183917990607,-70.04975890443569,-70.01208383428154,-69.9883406424651,-69.97757111350855
2.674999999999954,-71.83009975563051,-71.89378200890656,-71.96477318866927,-72.017884132815,-72.04747455884483,-72.05487702723222,-72.04348997621778,-72.01692455729487,-71.97835746485693,-71.93036511261492,-71.87494468725,-71.81359888345253,-71.74743310760459,-71.677245147206,-71.60360098082592,-71.52689633627949,-71.44740599573689,-71.36532357224239,-71.28079452164549,-71.19394503686533,-71.10490935585032,-71.013857865602,-70.9210282225103,-70.82676161989052,-70.73154624596103,-70.6360695345848,-70.54127942235195,-70.44845151458752,-70.35925191334192,-70.27577099043005,-70.20047700210951,-70.13599960981395,-70.08462815984805,-70.04751962888021,-70.02416905006626,-70.01359758379222
2.679999999999954,-71.84632014816314,-71.91011470204798,-71.98118615665837,-72.03441939836154,-72.06419170218949,-72.07183409635212,-72.06073762868247,-72.03450543758673,-71.996307454318,-71.94871504826448,-71.89372199617847,-71.83282895095732,-71.76714035400583,-71.69745384760729,-71.62433587764102,-71.54818309094189,-71.46927151507236,-71.38779623158854,-71.30390429276032,-71.21772351411067,-71.12938965856718,-71.03907437748302,-70.94701610959245,-70.85355604703922,-70.7591811874019,-70.66457604862407,-70.5706832380869,-70.47876976847822,-70.3904888958746,-70.3079128583517,-70.2334856557512,-70.16980644566809,-70.11912928289576,-70.08257508985939,-70.05960823937102,-70.04923015133629
2.684999999999954,-71.86244884043865,-71.92635488057232,-71.99750571997771,-72.05085984823758,-72.08081201041313,-72.08869173229705,-72.07788273242562,-72.05198019480306,-72.0141473322831,-71.96695049841064,-71.9123800734153,-71.85193466893246,-71.78671775122136,-71.71752679826756,-71.64492869659975,-71.56932097877997,-71.49098087852663,-71.41010490131079,-71.3268416465236,-71.241320499235,-71.1536786920278,-71.0640890853678,-70.97279084877842,-70.88012513066015,-70.78657771188706,-70.69283019522858,-70.59981990003328,-70.50880534531046,-70.42142711907022,-70.33973960688193,-70.26616296229496,-70.20326640014927,-70.1532694052482,-70.11725771022562,-70.09466597324217,-70.08447672407259
2.6899999999999538,-71.87848678443477,-71.94250349461477,-72.01373283427905,-72.06720645400772,-72.09733648152056,-72.10545096925946,-72.09492636667854,-72.06934996135034,-72.03187829202717,-71.98507272472628,-71.93092025665328,-71.87091745903496,-71.80616681334504,-71.7374656149099,-71.66538116515048,-71.59031185015061,-71.51253607182372,-71.4322517164282,-71.349608882845,-71.26473847449786,-71.17777914034332,-71.08890489690172,-70.99835559516995,-70.90647229940114,-70.81373954958936,-70.72083603538525,-70.6286938295955,-70.53856305527599,-70.45207180680639,-70.37125689194858,-70.29851501757084,-70.2363860014218,-70.18705545871772,-70.15157476958076,-70.12934979080622,-70.11934498055528
2.6949999999999537,-71.8944349181894,-71.95856148057169,-72.02986844144853,-72.08346017320294,-72.11376609898434,-72.12211282618743,-72.1118695945173,-72.08661585237965,-72.04950150828337,-72.00308296886672,-71.94934386189371,-71.88977871934262,-71.82548902877018,-71.75727188517585,-71.68569497998814,-71.61115752165702,-71.53393904356022,-71.45423877103345,-71.37220825642292,-71.28797987210692,-71.2016936320978,-71.11352465800326,-71.02371343512117,-70.932600905218,-70.84067034501935,-70.74859753433147,-70.65730934115813,-70.56804758907522,-70.48242804985279,-70.40247022177972,-70.33054775446799,-70.26917159934807,-70.22049418211539,-70.1855333415594,-70.16366701534524,-70.15384237810538
2.6999999999999535,-71.91029416607815,-71.97452976137086,-72.0459134698763,-72.0996219495964,-72.13010183203278,-72.13867830709061,-72.12871346319224,-72.10377896614516,-72.0670181376364,-72.02098245290334,-71.96765218392554,-71.90851982488626,-71.844685860782,-71.77694716928687,-71.70587180779381,-71.63185977697651,-71.5551917061345,-71.47606811933724,-71.39464197792094,-71.31104707554609,-71.22542474184938,-71.13795115456504,-71.04886738816884,-70.95851422556842,-70.86737365952308,-70.77611856440191,-70.6856706453314,-70.59726352161441,-70.51250081007534,-70.43338496166699,-70.36226694829861,-70.30162937147516,-70.25359212784987,-70.21914030098294,-70.1976247618832,-70.18797616063733
2.7049999999999534,-71.92606543908485,-71.99040924673433,-72.06186883471916,-72.11569271347211,-72.1463446359308,-72.155148401339,-72.14545900444986,-72.12084038435444,-72.08442931890563,-72.03877237974542,-71.98584649679246,-71.92714212816765,-71.86375874813393,-71.79649300068664,-71.72591328595239,-71.6524203676647,-71.57629593664838,-71.49774177668186,-71.4169122151089,-71.33394242086189,-71.2489749915841,-71.16218711409985,-71.0738204088999,-70.98421546553433,-70.89385297369736,-70.80340290777929,-70.71378185208663,-70.6262153155767,-70.54229492449498,-70.4640063385601,-70.39367822196715,-70.33376532879919,-70.28635566827778,-70.25240233073887,-70.23122994447792,-70.22175336617987
2.7099999999999533,-71.94174963506596,-72.00620083343566,-72.07773543815712,-72.13167338188715,-72.16249545225394,-72.17152408395376,-72.16210723484583,-72.13780117250835,-72.10173617351795,-72.0564539335509,-72.00392805424687,-71.94564695966325,-71.88270910560767,-71.81591088666511,-71.74582102324986,-71.67284101393511,-71.59725357778134,-71.5192617205231,-71.43902109396777,-71.35666819790981,-71.27234685212413,-71.18623520733425,-71.09857538875816,-71.00970775987463,-70.92011168972508,-70.83045425915479,-70.7416469737859,-70.65490732487028,-70.57181510920368,-70.4943394454976,-70.4247870509528,-70.36558532131822,-70.31879100181526,-70.28532592839814,-70.26448928323086,-70.25518083410309
2.7149999999999532,-71.95734763900741,-72.02190540555037,-72.09351416964329,-72.14756485892751,-72.1785552091551,-72.18780631589091,-72.17865915605033,-72.15466238023333,-72.11893980587085,-72.07402828012559,-72.02189809019094,-71.96403562831294,-71.90153832455654,-71.8352023089645,-71.7655966005494,-71.69312340541609,-71.61806643863893,-71.54062989138274,-71.46097069976156,-71.37922665156215,-71.29554274449178,-71.21009804975247,-71.123135157795,-71.03499417501261,-70.94615313363497,-70.85727622829951,-70.76926992811006,-70.68334379795988,-70.60106596314641,-70.52438924588233,-70.45559876811306,-70.39709504338121,-70.35090415882168,-70.31791741258,-70.29740931102617,-70.28826521206489
2.719999999999953,-71.97286032327565,-72.03752383469994,-72.10920590614798,-72.1633680359574,-72.19452482162549,-72.20399604431798,-72.19511575514547,-72.17142504160412,-72.13604130368608,-72.09149656731253,-72.03975781910671,-71.98230942199683,-71.92024777343498,-71.85436872436833,-71.78524157144885,-71.71326920188564,-71.638736295576,-71.56184819377283,-71.48276307807636,-71.40161998287896,-71.31856504123111,-71.23377820309048,-71.14750248636199,-71.06007771095781,-70.97198055748686,-70.88387234255096,-70.79665454088843,-70.71152888108351,-70.63005197177,-70.55416057760476,-70.4861185683137,-70.42830003884005,-70.38270100726187,-70.35018292907436,-70.32999638000963,-70.32101296268692
2.724999999999953,-71.98828854786278,-72.05305698029082,-72.12481151239685,-72.17908379186277,-72.21040519174814,-72.2200942028834,-72.21147800491521,-72.18809017545865,-72.15304173835375,-72.10885992537007,-72.05750843647327,-72.00046960799709,-71.93883879831175,-71.87341156527287,-71.8047574629185,-71.7332800339843,-71.65926489299481,-71.582918497091,-71.50440023582695,-71.42385035024166,-71.3414160676874,-71.25727817678359,-71.1716800867509,-71.08496130316654,-70.99759714148507,-70.91024604921672,-70.82380454883253,-70.73946662135936,-70.65877751054613,-70.58365815702058,-70.51635151289136,-70.4592057060117,-70.41418725815706,-70.38212845673122,-70.36225666781793,-70.35343036997149
2.729999999999953,-72.00363316062518,-72.06850568974679,-72.1403318411031,-72.1947129932889,-72.2261972089461,-72.23610171197981,-72.22774686412815,-72.20465878570499,-72.1699421652676,-72.12611946734032,-72.07515111917373,-72.01851743344851,-71.95731272336992,-71.89233224024345,-71.82414577592097,-71.75315750390764,-71.67965394412047,-71.60384263649011,-71.52588414223399,-71.44591987045315,-71.36409810324801,-71.28060042936825,-71.1956706147811,-71.10964782434236,-71.02300599602364,-70.93640071789918,-70.85072360217889,-70.76716096978747,-70.68724684837208,-70.61288658278812,-70.54630253395692,-70.48981730245997,-70.44536847083205,-70.41375981312726,-70.39419618356877,-70.38552354547079
2.734999999999953,-72.01889499751663,-72.08387079873599,-72.15576773319438,-72.21025649487198,-72.24190175022434,-72.25201947900044,-72.24392327781311,-72.22113186162005,-72.18674362415175,-72.14327628940815,-72.09268702589061,-72.03645412577616,-71.97567085139228,-71.91113213455434,-71.84340798601286,-71.77290318607841,-71.6999051317529,-71.62462241372127,-71.54721672977088,-71.46783061980358,-71.38661338254441,-71.30374736984012,-71.21947667133625,-71.13414008617875,-71.0482101636646,-70.96233964274327,-70.87741526724344,-70.79461578414893,-70.7154641508539,-70.64185033957068,-70.57597643854312,-70.52013994960068,-70.4762500579672,-70.44508266001645,-70.42582077362064,-70.41729843421597
2.7399999999999527,-72.03407488281537,-72.09915313139267,-72.17112001803373,-72.22571513946532,-72.25751968040525,-72.26784839858917,-72.26000817752751,-72.23751037814087,-72.20344713937864,-72.16033147125023,-72.11011729749109,-72.05428089312122,-71.9939144642338,-71.92981261071382,-71.86254554393,-71.7925186277994,-71.72002010899676,-71.64525959795174,-71.56839989508205,-71.48958463510324,-71.40896409661612,-71.32672135896894,-71.24310080385253,-71.1584408410451,-71.07321262105157,-70.98806604461002,-70.9038830288898,-70.82183483180673,-70.74343348347614,-70.67055380160834,-70.60537791260435,-70.55017863714016,-70.50683729046203,-70.47610250857586,-70.45713612711234,-70.44876082041948
2.7449999999999526,-72.04917362934637,-72.1143535005336,-72.18638951363619,-72.24108975836043,-72.27305185235915,-72.28358935288463,-72.27600248161971,-72.2537952961488,-72.22005372027901,-72.17728607637517,-72.12744305740158,-72.07199892475532,-72.01204482328079,-71.94837500897438,-71.8815598761553,-71.81200534988712,-71.74000049997021,-71.66575592655889,-71.58943549987424,-71.51118391468484,-71.43115239404007,-71.34952471057316,-71.26654550775996,-71.18255278362012,-71.09801628076222,-71.01358307317889,-70.93013029291582,-70.84882179241121,-70.77115881466163,-70.69900123616414,-70.63451152487214,-70.57993822734936,-70.53713530211765,-70.50682472445182,-70.48814778129011,-70.47991633295648
2.7499999999999525,-72.06419203869739,-72.12947270786886,-72.20157702687932,-72.2563811715021,-72.28849910722903,-72.29924321175832,-72.29190709548435,-72.26998756274615,-72.23656436144417,-72.194141152455,-72.14466541197285,-72.08960939148372,-72.03006316989752,-71.96682064782881,-71.90045238547073,-71.83136484728772,-71.75984790049296,-71.68611310590057,-71.6103253717803,-71.53263041937467,-71.45318038202463,-71.3721596927545,-71.28981322787808,-71.20647855247182,-71.12262399310005,-71.03889380898124,-70.95616038836039,-70.87558026051434,-70.79864401872666,-70.72719680684946,-70.66338173057385,-70.6094234591848,-70.56714909414613,-70.53725453261737,-70.51886112663284,-70.5107704506367
2.7549999999999524,-72.07913090143053,-72.14451154420834,-72.2166833537091,-72.27159018769916,-72.3038622746497,-72.31481083304699,-72.30772291181161,-72.28608811152617,-72.25298004301999,-72.21089773164759,-72.16178545083497,-72.10711344603753,-72.04797072586092,-71.98515082449256,-71.9192244514943,-71.85059858967512,-71.77956387875446,-71.70633281206277,-71.63107130519795,-71.55392607343458,-71.4750501274697,-71.39462852909408,-71.31290635976815,-71.23022073158825,-71.14703854782843,-71.06400126536664,-70.98197656973328,-70.90211374809546,-70.82589287873374,-70.75514457683295,-70.69199287501773,-70.63863895225774,-70.59688353951272,-70.56739702204598,-70.54928141178057,-70.54132850727368
2.7599999999999523,-72.09399099728834,-72.15947078966295,-72.23170927934113,-72.28671760482965,-72.31914217296197,-72.33029306277922,-72.32345081083024,-72.302097862836,-72.26930173099394,-72.2275568309112,-72.17880424724343,-72.12451222345553,-72.06576869378296,-72.0033668153725,-71.9378774312012,-71.869708022032,-71.7991499759623,-71.7264166915852,-71.65167506210298,-71.57507276547582,-71.49676365799556,-71.41693339981198,-71.33582725104192,-71.25378185185836,-71.17126267584885,-71.08890839040512,-71.00758201917105,-70.92842568700131,-70.85290908924667,-70.78284851193622,-70.72034919705006,-70.66758921065954,-70.62634338711713,-70.59725715021038,-70.57941374827676,-70.57159569656004
2.764999999999952,-72.10877309539508,-72.17435121384086,-72.24665557845685,-72.30176421004151,-72.33433960942153,-72.34569073539673,-72.3390916605448,-72.31801772403355,-72.28553037747479,-72.24411945231083,-72.1957228584159,-72.14180684145627,-72.08345825752208,-72.02146987652327,-71.95641265943074,-71.88869456521421,-71.81860770697257,-71.746366362166,-71.67213837283883,-71.59607234934512,-71.51832296293928,-71.4390764428906,-71.3585782026312,-71.27716439250717,-71.19529905082551,-71.11361806872786,-71.03297984852216,-70.95451943130467,-70.87969625899098,-70.81031248362326,-70.74845483239027,-70.69627862664915,-70.65553326582109,-70.62683974741233,-70.60926311513084,-70.60157707675754
2.769999999999952,-72.12347795445359,-72.18915357603989,-72.26152301539557,-72.31673077994854,-72.34945538040303,-72.36100467397031,-72.35464631696709,-72.33384858973766,-72.30166692096482,-72.26058658331624,-72.21254232586013,-72.15899840079913,-72.10104058258321,-72.03946124409066,-71.97483144937925,-71.9075596164996,-71.83793856090169,-71.76618341334567,-71.69246293688244,-71.61692664498436,-71.53972999432143,-71.46105975516367,-71.38116147001598,-71.30037078248466,-71.21915029075721,-71.1381331233071,-71.0581731013615,-70.98039825958274,-70.90625791342346,-70.83754027188363,-70.77631381684662,-70.7247114842064,-70.68445768832727,-70.65614952095136,-70.6388343632078,-70.63127757520829
2.774999999999952,-72.13810632293647,-72.20387862543446,-72.27631234434115,-72.33161808082137,-72.36449027159928,-72.37623569041061,-72.37011562434171,-72.34959134207192,-72.3177122866259,-72.27695919709318,-72.2292636756938,-72.17608798563722,-72.1185168165072,-72.05734213474308,-71.99313509307906,-71.92630455012129,-71.85714400172108,-71.78586940717126,-71.71265042358806,-71.63763743926462,-71.56098666778362,-71.4828853933719,-71.40357926441601,-71.32340340181162,-71.24281895949967,-71.16245631717915,-71.08316475494063,-71.00606537711974,-70.93259749721368,-70.86453556801644,-70.80393008941779,-70.75289196245679,-70.71312105491616,-70.68519105913737,-70.66813221945259,-70.66070199267423
2.779999999999952,-72.15265893927418,-72.21852710125903,-72.29102430950569,-72.3464268687748,-72.37944505821599,-72.39138458567396,-72.38550041536665,-72.36524685090318,-72.33366738653841,-72.29323825278664,-72.24588791895573,-72.19307666386034,-72.13588808925002,-72.07511374609157,-72.01132486186476,-71.94493071778535,-71.87622546883418,-71.8054258788413,-71.73270247290871,-71.6582064867954,-71.58209486349733,-71.50455537518613,-71.4258337539439,-71.34626458288241,-71.26630756823845,-71.18659035511058,-71.10795772207172,-71.03152391803539,-70.9587183766411,-70.8913019773177,-70.83130749528576,-70.78082413897359,-70.74152765704498,-70.71396883515385,-70.6971612909552,-70.68985500751329
2.7849999999999517,-72.16713653203756,-72.23309973298677,-72.30565964530768,-72.36115788994991,-72.3943205051614,-72.40645214996327,-72.4008015114084,-72.3808159740739,-72.34953311995417,-72.30942469579729,-72.26241605190913,-72.20996548742873,-72.15315551355124,-72.0927772570978,-72.0294020068257,-71.96343944917518,-71.89518437763833,-71.82485433733235,-71.7526206960968,-71.67863551070951,-71.60305642704574,-71.52607168019951,-71.44792706472418,-71.36895661172751,-71.28961857691591,-71.21053788521162,-71.13255485295117,-71.05677694734271,-70.98462384191065,-70.91784302167379,-70.85844978870176,-70.80851199296094,-70.76968168081666,-70.74248721077885,-70.72592606886407,-70.71874117969713
2.7899999999999516,-72.18153982011674,-72.2475972405042,-72.3202190765468,-72.37581188069251,-72.4091173672323,-72.42143916292424,-72.41601972271147,-72.39629955762834,-72.36531037354251,-72.32551945805048,-72.27884905633705,-72.22675549269864,-72.17032018529378,-72.1103338284719,-72.04736775924749,-71.98183205244102,-71.91402212006973,-71.8441562660072,-71.77240667638465,-71.69892620342583,-71.6238731702795,-71.54743625088965,-71.46986128197652,-71.3914817292363,-71.31275439561219,-71.23430150049674,-71.1569589369224,-71.08182746293626,-71.01031710938932,-70.94416214206586,-70.88536063577152,-70.8359594083227,-70.79758721032064,-70.77075043996703,-70.7544309321519,-70.74736495467802
2.7949999999999515,-72.19586951289554,-72.26202033428218,-72.33470331857468,-72.3903895677275,-72.4238363892949,-72.43634639383684,-72.43115584860372,-72.4116984360343,-72.38100002163114,-72.34152345825935,-72.29518789983072,-72.24344770073932,-72.18738318385311,-72.12778460305888,-72.0652233310399,-72.00010981467584,-71.93274006513342,-71.86333312320629,-71.79206196964478,-71.71908022738833,-71.64454687214622,-71.56865099355129,-71.49163845106648,-71.41384213234181,-71.33571738588272,-71.25788374039512,-71.18117270418139,-71.10667839751508,-71.03580132376706,-70.97026270098749,-70.91204361714182,-70.86317017662091,-70.82524823085271,-70.79876267229976,-70.7826801512417,-70.77573066711064
2.7999999999999514,-72.21012631042198,-72.2763697155423,-72.34911307746142,-72.40489166832886,-72.43847830646253,-72.45117460180272,-72.4462106776964,-72.42701343239862,-72.39660292644017,-72.35743760218048,-72.31143353607004,-72.26004311764169,-72.204345572438,-72.14513070621544,-72.08296991515454,-72.01827400237879,-71.95133955941834,-71.88238634282168,-71.81158810503148,-71.73909921578438,-71.66507927949563,-71.58971777920105,-71.51326057852388,-71.43603997516864,-71.35850986205367,-71.28128709221342,-71.20519882742687,-71.13133262044124,-71.06107956014513,-70.99614798477897,-70.9385022305935,-70.89014799993005,-70.85266863201863,-70.82652795630865,-70.81067789149766,-70.80384254443382
2.8049999999999513,-72.22431090357496,-72.29064607642017,-72.36344905015861,-72.41931889048627,-72.45304384426804,-72.46592453592768,-72.46118498807925,-72.44224535867808,-72.41211993831119,-72.3732627828638,-72.32758690509726,-72.27654273481912,-72.22120839842216,-72.16237324617595,-72.1006086859903,-72.03632586190528,-71.96982192759847,-71.90131733485515,-71.83098658560387,-71.75898477324152,-71.6854721078612,-71.6106384444551,-71.53472963302964,-71.45807737014502,-71.38113409247605,-71.30451399255044,-71.22903992345609,-71.15579293953738,-71.08615482605305,-71.02182120588184,-70.96473989354293,-70.91689649358788,-70.87985221072388,-70.85405024267646,-70.83842821658627,-70.83170471031913
2.809999999999951,-72.23842397422682,-72.30485010012458,-72.37771192465861,-72.43367193306749,-72.46753371883331,-72.48059693550037,-72.47607954751145,-72.45739501588493,-72.4275518959305,-72.38899988089615,-72.34364893358385,-72.29294752930078,-72.237972693667,-72.17951331440946,-72.11814079978828,-72.0542666199051,-71.98818847291943,-71.92012748596055,-71.85025888893091,-71.77873847650442,-71.70572704221823,-71.63141479238043,-71.55604754637379,-71.47995638908114,-71.40359230074131,-71.32756682866778,-71.25269855470937,-71.1800621028241,-71.11103006339886,-71.04728550501603,-70.99075994545734,-70.94341918884986,-70.9068026740569,-70.88133338732105,-70.86593509171334,-70.8593211879913
2.814999999999951,-72.2524661954025,-72.3189824610932,-72.39190238015003,-72.44795148597731,-72.48194863703435,-72.4951925301667,-72.49089511360803,-72.47246319428783,-72.44289962654686,-72.40464976463869,-72.35962053509044,-72.30925846401705,-72.25463947483657,-72.19655198596716,-72.1355673950164,-72.07209748374859,-72.00644047767176,-71.93881815997064,-71.86940646767941,-71.79836187509184,-71.72584573771981,-71.65204859332013,-71.57721621438273,-71.50167906421355,-71.42588666685789,-71.35044793981636,-71.27617723076469,-71.20414280020111,-71.13570815035311,-71.07254395328185,-71.01656565018465,-70.96971953544909,-70.9335236420679,-70.90838115436672,-70.89320238674111,-70.88669590342487
2.819999999999951,-72.26643823143486,-72.33304382514476,-72.40602108717032,-72.46215823031307,-72.49628929666297,-72.5097120401005,-72.50563243402185,-72.48745067360798,-72.45816394618427,-72.42021329045878,-72.3755026103206,-72.32547648807818,-72.27120974370399,-72.21349031982034,-72.15288959274302,-72.08981964194102,-72.02457920365153,-71.95739069840948,-71.88843075018521,-71.81785649193485,-71.7458298204111,-71.67254158569523,-71.59823749782004,-71.52324738921801,-71.44801932839225,-71.37315961852111,-71.29947840978332,-71.22803766507205,-71.1601919031697,-71.09759955419149,-71.04216019820348,-70.99580090406543,-70.96001865044762,-70.93519721900745,-70.92023387919173,-70.91383268842273
2.824999999999951,-72.2803407381165,-72.3470348496279,-72.42006870775417,-72.47629283851641,-72.51055638658454,-72.52415617616977,-72.52029224662128,-72.5023582232103,-72.4733456598493,-72.4356913029563,-72.39129604736819,-72.34160253704567,-72.28768448744998,-72.23032935919012,-72.17010849700146,-72.10743426452605,-72.04260589260802,-71.97584642099035,-71.90733314100798,-71.83722382399647,-71.76568088792317,-71.69289547678177,-71.61911322325905,-71.54466332019106,-71.46999238157285,-71.39570411182443,-71.3226044999097,-71.25174927591642,-71.18448407794641,-71.12245524563036,-71.06754670879472,-71.02166658870829,-70.98629115311049,-70.96178517026583,-70.94703325713927,-70.94073528358157
2.8299999999999508,-72.29417436284831,-72.36095618356656,-72.43404589557913,-72.49035597452165,-72.52475058689213,-72.53852564009951,-72.53487527966381,-72.5171866022906,-72.48844556173383,-72.45108463518379,-72.40700172195832,-72.35763753319678,-72.30406467895406,-72.24707013186796,-72.18722519514425,-72.12494250347831,-72.0605217666791,-71.99418662609996,-71.92611502147096,-71.85646534287402,-71.78540051014576,-71.71311194346535,-71.63984518392992,-71.56592877660178,-71.49180788236144,-71.41808362249111,-71.34555786062602,-71.2752801578107,-71.20858737232689,-71.14711390175287,-71.09272823213841,-71.04731980901506,-71.01234452468582,-70.98814851365266,-70.97360412199662,-70.96740734114773
2.8349999999999507,-72.30793974478453,-72.37480846780227,-72.44795329610797,-72.50434829390129,-72.53887256905782,-72.55282112463104,-72.54938225196595,-72.53193656005814,-72.50346443541297,-72.46639410886247,-72.42262049768325,-72.37358238578284,-72.32035127707816,-72.26371365052853,-72.20424075818845,-72.1423454930852,-72.0783280288149,-72.01241259126917,-71.9447777501849,-71.87558249538378,-71.80499022988182,-71.73319263297338,-71.66043514054101,-71.58704564221456,-71.51346784749032,-71.44030031017518,-71.36834080406337,-71.29863278389921,-71.23250442714534,-71.17157833481285,-71.1177077513375,-71.07276371246913,-71.0381820629192,-71.0142906737299,-70.9999499912009,-70.99385242776827
2.8399999999999506,-72.32163751497428,-72.38859233513296,-72.4617915467276,-72.51827044400774,-72.55292299607983,-72.56704331367732,-72.56381387306907,-72.54660883591403,-72.51840305403786,-72.48162053459161,-72.43815322623136,-72.38943799128042,-72.33654522694296,-72.28026091303398,-72.22115624115163,-72.15964435031908,-72.0960258631902,-72.03052557363088,-71.96332266355753,-71.89457670412916,-71.82445156348173,-71.7531391635859,-71.68088482207554,-71.60801576598368,-71.53497425546763,-71.46235629254949,-71.3909555962712,-71.32180957681699,-71.25623782801736,-71.19585129693355,-71.14248818437373,-71.09800137654089,-71.06380699099043,-71.0402149965823,-71.02607430080144,-71.02007402714293
2.8449999999999505,-72.33526829650091,-72.40230841044958,-72.47556127688533,-72.53212306411224,-72.56690252262692,-72.58119288247501,-72.57817084340128,-72.56120415962533,-72.53326218052437,-72.49676471205422,-72.45360074761145,-72.40520523363693,-72.35264746019752,-72.29671290273082,-72.23797268337967,-72.17684017519888,-72.11361643560515,-72.0485268103652,-71.98175107628904,-71.91344936805291,-71.84378600146043,-71.77295312532554,-71.7011959265654,-71.62884096292139,-71.5563290475523,-71.48425364640109,-71.41340445844592,-71.34481291006725,-71.2797901068784,-71.21993548181732,-71.16707238599501,-71.12303581075335,-71.08922245974763,-71.06592475219956,-71.05198040795354,-71.04607554257744
2.8499999999999504,-72.34883270461707,-72.41595731086846,-72.48926310822188,-72.54590678554081,-72.58081179517959,-72.59527049773331,-72.592453854436,-72.57572325149562,-72.54804256773761,-72.5118274302173,-72.46896389037143,-72.42088498451001,-72.36865889528187,-72.31307058873892,-72.25469110886503,-72.19393405114269,-72.13110089387574,-72.06641751913257,-72.00006428185357,-71.93220186297376,-71.86299500909624,-71.79263608062713,-71.72137012184092,-71.64952301493918,-71.57753412869835,-71.50599440869172,-71.43568956812157,-71.3676451093541,-71.30316374347085,-71.24383352639794,-71.19146314953893,-71.1478699586767,-71.11443154986391,-71.09142313677415,-71.0776715933226,-71.07186029944617
2.8549999999999502,-72.36233134687731,-72.4295396458619,-72.50289765470173,-72.559622231807,-72.59465145216781,-72.60927681777895,-72.60666358884674,-72.59016682253106,-72.56274495867149,-72.52680946752703,-72.48424347181138,-72.43647810350099,-72.38458043768364,-72.32933492623357,-72.27131252655788,-72.21092704531108,-72.14848036821381,-72.08419889849526,-72.01826355296777,-71.950835542108,-71.88208002701292,-71.8121895649888,-71.74140904625983,-71.67006367166472,-71.59859136847159,-71.52758057758528,-71.45781306032144,-71.39030845387161,-71.32636116678322,-71.26754801243816,-71.21566320869448,-71.17250669985361,-71.13943727391727,-71.11671327491662,-71.10315106340198,-71.09743154756434
2.85999999999995,-72.37576482326806,-72.44305601738515,-72.51646552274026,-72.57327001874206,-72.60842212410618,-72.62321249269867,-72.62080072065854,-72.60453557460323,-72.57737008662468,-72.54171159210009,-72.49944029819197,-72.45198543838242,-72.40041298018714,-72.34550685671968,-72.28783793066859,-72.22782020894103,-72.16575597159657,-72.10187212832707,-72.03635014204582,-71.96935173657599,-71.90104247174462,-71.83161508760276,-71.76131430941327,-71.6904646512331,-71.61950260193659,-71.54901411344416,-71.47977702867446,-71.41280517755247,-71.34938475644117,-71.2910814680734,-71.23967523920341,-71.19694885165785,-71.1642425783984,-71.14179822179267,-71.12842195274717,-71.12279246347573
2.86499999999995,-72.38913372633436,-72.4565070200013,-72.52996731132862,-72.58685075462175,-72.6221244337259,-72.63707816447797,-72.63486591539584,-72.61883020060786,-72.59191867537203,-72.55653456190963,-72.51455516493733,-72.46740782532042,-72.41615740311765,-72.36158730830003,-72.30426830096255,-72.24461457767158,-72.1829288001267,-72.11943837021256,-72.05432528164278,-71.98775175589564,-71.91988373628568,-71.85091413196955,-71.7810874928126,-71.71072764105561,-71.64026963051856,-71.57029693979382,-71.50158352649582,-71.43513747027612,-71.37223684405437,-71.31443636930489,-71.26350186050459,-71.22119917108904,-71.18885034564765,-71.1666809651846,-71.15348732613106,-71.14794615265804
2.86999999999995,-72.40243864130377,-72.46989324100285,-72.54340361215559,-72.60036504029124,-72.6357589961038,-72.65087446713738,-72.64885983022721,-72.63305138462006,-72.60639143933268,-72.57127912496782,-72.52958885683405,-72.48274608909175,-72.43181457457885,-72.37757719593607,-72.32060460304781,-72.2613111718608,-72.19999993338277,-72.13689876783485,-72.07219018488497,-72.00603688846087,-71.9386051906242,-71.87008815649328,-71.8007301505551,-71.73085429856529,-71.66089422283815,-71.59143094425875,-71.52323456783422,-71.45730747903835,-71.3949197145185,-71.33761514144267,-71.28714563732251,-71.24526035650655,-71.21326339572538,-71.19136442747994,-71.1783501806216,-71.172895651649
2.87499999999995,-72.41568014620799,-72.48321526053105,-72.55677500972703,-72.61381346928655,-72.64932641878899,-72.66460202686505,-72.66278311410692,-72.64719980204644,-72.62078908373375,-72.58594601950352,-72.5445421482244,-72.49800104329515,-72.44738535068461,-72.39347742170253,-72.3368477886549,-72.27791099689458,-72.21697043476038,-72.15425444735361,-72.08994604588945,-72.02420840200786,-71.95720818226076,-71.8891385950607,-71.82024380997076,-71.75084625194035,-71.68137811552164,-71.61241797946921,-71.54473212848613,-71.47931730908398,-71.4174356072756,-71.36062016050109,-71.3106090812026,-71.26913504930285,-71.2374844882164,-71.21585146759024,-71.20301344758666,-71.19764393009704
2.8799999999999497,-72.42885881200144,-72.49647365169277,-72.5700820814826,-72.62719662795392,-72.66282730192624,-72.67826146214726,-72.6766364079134,-72.6612761197732,-72.63511230477064,-72.60053597413597,-72.5594158031956,-72.51317349055802,-72.46287057578506,-72.40928887503546,-72.35299879590983,-72.29441504348776,-72.23384135180483,-72.171506517773,-72.10759404017163,-72.04226754406801,-71.9756940367131,-71.90806685760361,-71.83962997225042,-71.77070510080624,-71.7017230139863,-71.6332598639398,-71.56607814697871,-71.50116902500318,-71.43978671753372,-71.38345375454888,-71.33389465199525,-71.29282583552134,-71.26151632397327,-71.24014488280315,-71.22747999462744,-71.22219389273936
2.8849999999999496,-72.4419752026776,-72.50966898067442,-72.5833253979102,-72.6405150955664,-72.6762622383773,-72.69185338389543,-72.69042034458438,-72.67528099631164,-72.64936178976363,-72.61504970804468,-72.57421057576477,-72.52826422273813,-72.47827108268763,-72.42501243297477,-72.36905854960058,-72.31082428797704,-72.25061371653435,-72.18865607129943,-72.1251353250423,-72.06021554240863,-71.99406405800615,-71.92687433064535,-71.85889011305571,-71.7904324169176,-71.72193059320267,-71.6539583829225,-71.58727452552162,-71.5228646517933,-71.46197519744673,-71.40611820501445,-71.35700475929002,-71.3163352474181,-71.28536154679838,-71.26424741056914,-71.25175262744412,-71.2465483813096
2.8899999999999495,-72.45502987538246,-72.5228018068538,-72.59650552265786,-72.65376944443818,-72.68963181383903,-72.7053783955709,-72.7041355492496,-72.68921508193975,-72.6635382173109,-72.62948793113517,-72.58892721005913,-72.54327402112038,-72.49358769287207,-72.44064896039987,-72.38502796143635,-72.32713969260699,-72.26728854575573,-72.20570418369036,-72.14257103999363,-72.07805360546166,-72.01231952914858,-71.94556237783122,-71.87802568311115,-71.81002974481935,-71.74200249843413,-71.6745152892323,-71.60832313093026,-71.54440617588759,-71.48400315725743,-71.42861574794854,-71.37994176380212,-71.3396657649713,-71.30902274506917,-71.28816173022676,-71.27583409163614,-71.27071017637881
2.8949999999999494,-72.46802338052613,-72.5358726829099,-72.6096230126434,-72.66696024003596,-72.70293660695968,-72.71883709330677,-72.71778263936002,-72.7030790188411,-72.67764225743821,-72.64385134420127,-72.60356644049216,-72.55820365660914,-72.50882121670088,-72.45619931026044,-72.40090793030063,-72.34336220580842,-72.28386684137143,-72.22265191459353,-72.15990230707507,-72.09578292274044,-72.03046171259662,-71.96413234044523,-71.89703810877977,-71.8294986024894,-71.76194034595416,-71.69493230404935,-71.62922579552024,-71.56579554615118,-71.50587266640264,-71.45094857524593,-71.40270797871321,-71.36281981734018,-71.3325024533075,-71.31189046466814,-71.2997270744397,-71.29468199913157
2.8999999999999493,-72.4809562618915,-72.54888215492949,-72.62267841816156,-72.68008804108906,-72.71617718945211,-72.73223006602703,-72.73136222481482,-72.71687344124072,-72.69167457174507,-72.65814063908321,-72.61812899193612,-72.57305388991584,-72.5239724536243,-72.47166432380105,-72.41669934249803,-72.35949276247017,-72.30034959067888,-72.23950030787796,-72.17713023125918,-72.11340466524567,-72.0484918507044,-71.9825855379112,-71.9159287926222,-71.84884048196234,-71.78174572374303,-71.71521111769604,-71.64998431797397,-71.58703467484611,-71.52758575458411,-71.47311883582744,-71.42530567096816,-71.38579978427427,-71.35580315369548,-71.33543618194685,-71.3234342064044,-71.31846651307991
2.904999999999949,-72.49382905674102,-72.56183076251241,-72.63567228298925,-72.69315339969589,-72.72935412620492,-72.74555789556356,-72.7448749080855,-72.73059897553783,-72.70563581354811,-72.67235649882281,-72.63261557989004,-72.58782547174233,-72.53904219238066,-72.48704483078035,-72.43240307199493,-72.37553228420322,-72.31673776666196,-72.2562503919554,-72.19425590079793,-72.13091998585992,-72.06641116616267,-72.00092326828063,-71.93469911393939,-71.8680568499348,-71.80142019216316,-71.7353533903909,-71.67060046418153,-71.60812543856633,-71.54914441280533,-71.49512863678383,-71.44773706252795,-71.40860799747588,-71.37892727753983,-71.35880139683054,-71.34695806301241,-71.34206632571795
2.909999999999949,-72.5066422959209,-72.57471903887436,-72.6486051444885,-72.70615686142956,-72.74246797539166,-72.75882115677041,-72.75832128433689,-72.74425624043555,-72.71952662802052,-72.68649959781455,-72.64702691064402,-72.6025191429598,-72.55403121119176,-72.50234164968516,-72.44801998065412,-72.39148167959918,-72.33303232827535,-72.2729031800944,-72.21128038756956,-72.14833001973221,-72.08422086242476,-72.01914680870632,-71.95335042930066,-71.8871491483539,-71.82096528461534,-71.75536075298004,-71.69107596805515,-71.62906967914357,-71.57055059437491,-71.51698004448262,-71.47000433158321,-71.43124674191743,-71.4018772066873,-71.38198857230105,-71.37030116624149,-71.36548399011889
2.914999999999949,-72.51939650396328,-72.587547510947,-72.66147753370683,-72.71909896544005,-72.75551928857668,-72.7720204176356,-72.77170194154625,-72.75784584706838,-72.73334765232927,-72.70057060195376,-72.66136368144008,-72.6171356347841,-72.5689402779542,-72.51755558793958,-72.46355091846408,-72.4073418444818,-72.34923422072144,-72.28945967072552,-72.22820474741594,-72.1656358846516,-72.10192212412197,-72.03725741590385,-71.9718840730567,-71.90611879498853,-71.84038250817547,-71.77523480764708,-71.71141253231961,-71.64986920452519,-71.59180621587916,-71.5386750856395,-71.49210961372658,-71.45371825711436,-71.42465527489136,-71.40500012100239,-71.39346598607403,-71.38872200647708
2.919999999999949,-72.53209219918654,-72.600316699477,-72.67428997547644,-72.73198024455532,-72.76850861082005,-72.78515623939076,-72.78501746061953,-72.77136839912627,-72.74709951576885,-72.71457016878128,-72.6756265806291,-72.631675668946,-72.58377015042542,-72.53268744210862,-72.47899672376234,-72.42311366215239,-72.36534437572058,-72.30592084773934,-72.24503002047167,-72.18283868141107,-72.11951611746659,-72.05525632659953,-71.99030135783791,-71.92496718398439,-71.85967334421258,-71.79497712860113,-71.73161182927822,-71.67052578962517,-71.61291315812346,-71.56021574835549,-71.51405500308795,-71.47602473835693,-71.44726376913434,-71.42783840664052,-71.41645494195491,-71.41178282359668
2.9249999999999488,-72.54472989379289,-72.61302711912224,-72.68704298851057,-72.74480122537963,-72.7814364807794,-72.79822917661832,-72.79826841550475,-72.78482449297636,-72.76078283989192,-72.72849894762474,-72.689816287824,-72.64613995785855,-72.59852157640574,-72.54773799809722,-72.49435822345329,-72.43879800362905,-72.38136371177406,-72.32228768077651,-72.26175723148467,-72.19993949416254,-72.13700399064484,-72.07314475796602,-72.00860357503872,-71.94369568640298,-71.87883924898964,-71.81458926274603,-71.75167550155614,-71.69104117714842,-71.63387326704448,-71.58160398312097,-71.53584255343232,-71.49816833790048,-71.46970493090446,-71.4505057453356,-71.43927040419976,-71.43466884033032
2.9299999999999486,-72.55731009396449,-72.62567927854631,-72.6997370854983,-72.7575624283903,-72.79430343081013,-72.81123977735672,-72.81145537330418,-72.79821471778213,-72.77439823863773,-72.7423575797371,-72.70393347405019,-72.66052920478006,-72.61319529391659,-72.56270803134481,-72.50963623322136,-72.45439572788034,-72.39729313442095,-72.33856112551037,-72.27838739012769,-72.21693939076108,-72.15438687419926,-72.09092390804693,-72.02679199528923,-71.96230565074585,-71.89788165424598,-71.8340727303279,-71.77160516282106,-71.71141707839084,-71.65468835459411,-71.60284170378804,-71.55747427922263,-71.52015116611729,-71.4919809574307,-71.47300440692824,-71.46191469535442,-71.45738240696723
2.9349999999999485,-72.56983329995751,-72.6382736805113,-72.7123727731973,-72.77026436803217,-72.80710998706341,-72.82418858320321,-72.82457889438267,-72.81153965561994,-72.78794631845722,-72.75614669843205,-72.71797880189197,-72.67484410397367,-72.62779203137389,-72.57759830701485,-72.52483155773844,-72.46990768205286,-72.41313353648833,-72.35474212392255,-72.29492149130269,-72.2338394231015,-72.17166588140033,-72.1085949561689,-72.04486786891276,-71.9807984034633,-71.9168019677638,-71.85342902556545,-71.79140239848272,-71.73165517401394,-71.67536019959573,-71.62393078851191,-71.57895215664801,-71.54197529261069,-71.51409400287697,-71.49533661624264,-71.48439009150994,-71.47992582657567
2.9399999999999484,-72.58230000619389,-72.65081082196849,-72.72495055252492,-72.78290755281056,-72.81985666958222,-72.83707612941457,-72.83763953247502,-72.82479988159334,-72.80142767843584,-72.76986692921616,-72.73195292563604,-72.68908534086286,-72.6423125077579,-72.5924095801802,-72.53994499086667,-72.4853347016936,-72.4288857983354,-72.37083160457168,-72.31136051543697,-72.2506406274452,-72.18884210860864,-72.12615906334294,-72.06283242637144,-71.99917524944964,-71.9356015739181,-71.87265961726061,-71.81106876637101,-71.75175711479663,-71.6958905485737,-71.6448730806628,-71.60027812461954,-71.56364274729272,-71.53604617949665,-71.51750455430741,-71.50669882357245,-71.50230135629951
2.9449999999999483,-72.59471070135166,-72.66329119414706,-72.73747091864719,-72.79549248538203,-72.83254399239553,-72.84990294500598,-72.85063783479032,-72.83799596394442,-72.81484291041335,-72.78351888991857,-72.74585649141147,-72.70325359218411,-72.65675743277919,-72.60714259600427,-72.55497731585645,-72.5006776109668,-72.4445507880917,-72.38683048285523,-72.32770542877154,-72.26734402473889,-72.2059166356275,-72.14361737265511,-72.08068687869942,-72.01743747252385,-71.95428183421086,-71.89176594939228,-71.83060579739455,-71.77172452236414,-71.71628111655814,-71.66567038970904,-71.62145408573375,-71.58515552142713,-71.55783955874908,-71.53951035953541,-71.52884307849047,-71.5245112086107
2.949999999999948,-72.60706586845333,-72.67571528264129,-72.74993436106585,-72.80801966264316,-72.84517246361033,-72.86266955284752,-72.86357434211443,-72.85112846416347,-72.82819259910131,-72.7971031908175,-72.7596901373273,-72.71734952613565,-72.67112750704048,-72.62179808991746,-72.56992930553956,-72.51593722286565,-72.46012936188914,-72.40273966126507,-72.3439571836429,-72.28395062092521,-72.22289052604597,-72.16097100964623,-72.09843241792395,-72.03558633589716,-71.9728440877902,-71.9107494416923,-71.85001499617962,-71.79155898989482,-71.7365335878644,-71.6863244920733,-71.642481907206,-71.6065155686383,-71.57947617238005,-71.5613561288654,-71.55082500044163,-71.54655755252051
2.954999999999948,-72.61936598495231,-72.68808356749615,-72.76234136370452,-72.82048957581826,-72.85774258550214,-72.87537646975923,-72.87644958891042,-72.86419793709601,-72.84147732219817,-72.81062043476446,-72.77345449360638,-72.73137380252297,-72.68542342219516,-72.63637678779016,-72.58480172251784,-72.53111433941868,-72.47562236408878,-72.41856002963618,-72.36011671875688,-72.30046140724505,-72.23976482757311,-72.17822108268197,-72.11607021747533,-72.05362308262762,-71.99128965195462,-71.9296114902052,-71.86929784169004,-71.811262082806,-71.75664961684859,-71.70683713196081,-71.66336342177395,-71.62772480588866,-71.60095801346642,-71.5830439188651,-71.57264669198004,-71.56844251475006
2.959999999999948,-72.63161152281744,-72.70039652329045,-72.77469240499201,-72.83290271054443,-72.87025485460337,-72.88802420660359,-72.88926410341682,-72.87720493104763,-72.8546976505017,-72.8240712173052,-72.78715018271656,-72.74532707290128,-72.69964586110207,-72.65087940610128,-72.59959531934749,-72.54620975189142,-72.49103062750166,-72.43429246538948,-72.3761849594558,-72.31687736053212,-72.25654057236336,-72.19536868331258,-72.13360143258564,-72.07154893606204,-72.00961982264343,-71.94835346783142,-71.8884557878293,-71.83083533941922,-71.7766308286407,-71.7272100221635,-71.68410042857298,-71.64878511442363,-71.62228703742741,-71.60457574679873,-71.59431021514507,-71.59016818086194
2.964999999999948,-72.6438029486167,-72.71265461921935,-72.78698795794483,-72.8452595469557,-72.88270976179048,-72.90061326837667,-72.90201840774394,-72.89014998788684,-72.8678541480193,-72.83745612679886,-72.80077781949923,-72.75920998071449,-72.7137954979766,-72.66530665210311,-72.61431083871905,-72.56122424098358,-72.50635497360493,-72.44993783376921,-72.39216281797954,-72.33319944350028,-72.27321877733367,-72.21241488662349,-72.15102720067664,-72.08936510026591,-72.02783587491302,-71.96697672485544,-71.90749026402479,-71.85028027160558,-71.796478819855,-71.7474448448382,-71.70469469398357,-71.66969834068739,-71.64346516300316,-71.62595359165992,-71.61581759253488,-71.61173659635475
2.969999999999948,-72.65594072359801,-72.72485831917449,-72.79922849024774,-72.85756055976519,-72.89510779236855,-72.91314415429731,-72.91471301796813,-72.90303364314533,-72.88094737207574,-72.85077574453395,-72.81433801129491,-72.77302316143175,-72.7278729985391,-72.6796592239826,-72.62894901363329,-72.57615857702079,-72.52159621275204,-72.46549698807341,-72.408051193719,-72.34942860502319,-72.28980044447208,-72.22936075157658,-72.16834864173723,-72.1070727604415,-72.04593906339986,-71.98548258945864,-71.92640267579525,-71.86959836541222,-71.81619515927935,-71.76754325226132,-71.72514795245277,-71.6904662972093,-71.66449427320151,-71.6471793951703,-71.63717080834331,-71.63314976772136
2.9749999999999477,-72.66802530376951,-72.73700808182286,-72.81141446433283,-72.86980621834566,-72.90744942615505,-72.92561735789451,-72.92734844422439,-72.91585642611702,-72.89397787341888,-72.86403064484203,-72.82783135806609,-72.78676724268043,-72.74187902015922,-72.69393781101864,-72.64351056757269,-72.59101352014261,-72.53675514437838,-72.48097076987973,-72.42385097346435,-72.36556578040742,-72.30628656113865,-72.24620732134208,-72.18556685869073,-72.12467308333399,-72.06393062277085,-72.00387236821739,-71.94519440530172,-71.88879108167016,-71.83578138854352,-71.78750686756072,-71.74546190728985,-71.71109076346222,-71.68537621621483,-71.6682550627463,-71.65837180936441,-71.65440966347269
2.9799999999999476,-72.68005713997742,-72.74910436068413,-72.82354633745686,-72.88199698680833,-72.91973513756146,-72.93803336709291,-72.93992519079687,-72.92861885995414,-72.90694619632309,-72.87722139520918,-72.84125845251725,-72.80044284437598,-72.75581421199708,-72.70814309373588,-72.65799621466935,-72.60578982048561,-72.55183255720188,-72.49636000926516,-72.43956303164627,-72.38161189165793,-72.32267810035852,-72.26295562362264,-72.20268293775285,-72.14216721762783,-72.08181176816112,-72.02214734658789,-71.9638668118828,-71.90785985658447,-71.85523902276783,-71.80733728542484,-71.76563823143753,-71.73157348669422,-71.70611280630774,-71.6891824644349,-71.67942250596325,-71.67551821512794
2.9849999999999475,-72.69203667798298,-72.76114760420627,-72.83562456177754,-72.8941333240807,-72.93196539567344,-72.95039266429698,-72.95244375620766,-72.94132146176214,-72.91985287869068,-72.890348556385,-72.85461988021308,-72.81405057885011,-72.76967921514209,-72.72227574405538,-72.67240665986908,-72.62048821836254,-72.56682922941883,-72.51166552502083,-72.45518823057202,-72.3975678477375,-72.33897602110744,-72.2796066709678,-72.21969794877936,-72.15955629433083,-72.09958369559942,-72.04030878937604,-71.98242123257411,-71.92680610230678,-71.87456955119201,-71.82703607279052,-71.78567856821893,-71.7519161827335,-71.72670582467599,-71.70996343581902,-71.70032477301595,-71.69647731817298
2.9899999999999474,-72.7039643585376,-72.77313825584007,-72.84764958442771,-72.90621568398218,-72.94414066432935,-72.96269572647307,-72.96490463330379,-72.95396474269222,-72.93269845215102,-72.90341268248936,-72.86791621969336,-72.82759105097493,-72.78347466274805,-72.73633642544159,-72.68674259909143,-72.63510944443722,-72.58174592889523,-72.5268881248615,-72.47072742065495,-72.41343454481954,-72.35518126859019,-72.29616146108143,-72.23661294560509,-72.17684142714916,-72.11724758242241,-72.0583579411954,-72.0008589826134,-71.94563120749162,-71.89377443778596,-71.8466047695101,-71.80558453206217,-71.7721205367692,-71.74715702027939,-71.73059977889451,-71.7210804508198,-71.71728883298789
2.9949999999999473,-72.71584061745645,-72.78507675411178,-72.85962184758868,-72.9182445152989,-72.95626140219744,-72.97494302523037,-72.97730830934252,-72.96654920803208,-72.94548344215785,-72.91641432111705,-72.88114804258583,-72.84106485828526,-72.79720118016529,-72.75032579304602,-72.70100471938635,-72.64965421989515,-72.59658341335313,-72.54202860562978,-72.48618144063909,-72.42921286653448,-72.37129477451182,-72.31262097712052,-72.25342896637417,-72.19402371285169,-72.134804587677,-72.07629602691166,-72.01918135593088,-71.96433653783625,-71.91285512184209,-71.86604488899857,-71.82535770920268,-71.7921882041075,-71.76746811064727,-71.75109326291867,-71.74169134597311,-71.73795458574415
2.999999999999947,-72.72766588569085,-72.79696353269462,-72.8715417885618,-72.93022026185658,-72.9683280628515,-72.98713502689999,-72.9896552660752,-72.97907535729512,-72.95820836808457,-72.92935401343986,-72.89431591371655,-72.85447259109782,-72.81085938507029,-72.7642444938481,-72.71519369908721,-72.66412325661074,-72.61134243055372,-72.55708775349636,-72.5015511178181,-72.44490368421042,-72.38731745734225,-72.32898618798663,-72.2701470338611,-72.21110423162456,-72.1522558525122,-72.09412425207512,-72.03738962562646,-71.98292343660542,-71.93181301855036,-71.88535791886119,-71.84499965836412,-71.81212081090437,-71.78764078266005,-71.77144562523279,-71.76215923222857,-71.75847636927391
3.004999999999947,-72.73944058939921,-72.80879902047907,-72.88340983983892,-72.94214336259229,-72.98034109484485,-72.9992721926123,-73.00194597982883,-72.99154368430752,-72.97087374331758,-72.94223229430743,-72.90742039121814,-72.86781483262823,-72.82444988759218,-72.77809316679246,-72.72931020796051,-72.67851725731016,-72.6260237184746,-72.57206634415401,-72.51683726824822,-72.46050785710686,-72.40325022257379,-72.34525804860975,-72.2867681557838,-72.22808404741656,-72.1696025005602,-72.11184380334092,-72.05548504443213,-72.00139322514022,-71.95064951955659,-71.90454532150217,-71.86451191141835,-71.83191995487581,-71.80767669330555,-71.79165857205813,-71.78248585131844,-71.77885594391118
3.009999999999947,-72.75116515001636,-72.82058364164142,-72.89522642917129,-72.95401425162497,-72.99230094178316,-73.0113549783734,-73.01418092158688,-73.00395467729393,-72.98348007534766,-72.95504969234477,-72.92046202663546,-72.88109215910544,-72.8379732904369,-72.79187244292353,-72.74335490735196,-72.69283691573071,-72.64062800548434,-72.58696514300857,-72.53204069695762,-72.47602623264446,-72.41909396297271,-72.36143750022498,-72.3032933251087,-72.24496420827548,-72.1868456383071,-72.1294558488779,-72.07346884516284,-72.01974720335306,-71.96936599350433,-71.92360853471604,-71.88389597402633,-71.85158720598668,-71.82757747041214,-71.8117337792672,-71.80267291375425,-71.79909503830636
3.014999999999947,-72.76283998432203,-72.83231781571126,-72.90699197963718,-72.96583335832409,-73.00420804239586,-73.02338383513974,-73.0263605570678,-73.01630881896102,-72.99602786585943,-72.96780673004895,-72.93344136502947,-72.89430513988358,-72.85143018900821,-72.80558294551723,-72.75732845032984,-72.70708291677693,-72.65515601051231,-72.60178490536435,-72.5471621981491,-72.49145964662736,-72.43484955882458,-72.3775254706421,-72.31972352034717,-72.26174574667507,-72.20398635545372,-72.14696153876628,-72.0913422411539,-72.03798665020852,-71.98796378656112,-71.94254897226087,-71.90315332625869,-71.87112410711805,-71.84734471335965,-71.83167289313155,-71.8227220996014,-71.81919535021571
3.0199999999999467,-72.77446550450745,-72.84400195763779,-72.91870690970855,-72.97760110737754,-73.01606283060582,-73.03535920889082,-73.0384853468024,-73.02860658657984,-73.00851761081974,-72.98050392388346,-72.94635894507866,-72.9074543375518,-72.86482117152646,-72.81922529020935,-72.77123148182443,-72.72125593667249,-72.66960844321468,-72.61652637660569,-72.562202555399,-72.50680892346125,-72.45051787817289,-72.39352287450875,-72.3360597058454,-72.27842967983392,-72.2210257252667,-72.16436200538439,-72.10910642668644,-72.05611282419032,-72.00644422292962,-71.96136802441507,-71.92228542319904,-71.89053217471478,-71.86697999376784,-71.85147753104518,-71.84263505922945,-71.83915854726511
3.0249999999999466,-72.78604211824123,-72.85563647785474,-72.93037163331601,-72.98931791885815,-73.02786573559855,-73.04728154070182,-73.05055574620981,-73.0408484520665,-73.0209498005632,-72.99314178437025,-72.95921529917855,-72.9205403080415,-72.8781468191447,-72.83280008512183,-72.78506463876523,-72.73535664310921,-72.68398600413666,-72.63119029237428,-72.57716254185108,-72.52207487636583,-72.46609977705246,-72.40943061356599,-72.35230283206599,-72.29501701002597,-72.2379648049205,-72.181658363785,-72.12676257740137,-72.07412696375525,-72.02480860534398,-71.98006705851762,-71.94129369552833,-71.90981289941362,-71.88648485616461,-71.87114928222711,-71.86241341403898,-71.85898626769085
3.0299999999999465,-72.79757022873345,-72.8672217823439,-72.9419865599128,-73.00098420828877,-73.0396171818892,-73.05915126681346,-73.06257220567156,-73.05303488206084,-73.03332491987696,-73.00572081618056,-72.97201095353907,-72.93356360073136,-72.89140770606245,-72.84630793098584,-72.79882855021445,-72.74938569539258,-72.69828938487139,-72.64577737874231,-72.59204292040594,-72.53725830758223,-72.48159609971707,-72.42524957689912,-72.36845383586295,-72.3115087248827,-72.25480463583001,-72.19885171206126,-72.14431185070129,-72.0920302877742,-72.04305821555198,-71.99864741949287,-71.9601795500924,-71.9289677466522,-71.90586081863333,-71.8906897084015,-71.88205875716666,-71.87868012105726
3.0349999999999464,-72.80905023479919,-72.87875827269806,-72.95355209453786,-73.0126003867064,-73.0513175893888,-73.07096881870119,-73.07453517060476,-73.06516633800432,-73.04564344808318,-73.0182415182234,-72.98474642828005,-72.94652475855051,-72.90460439963698,-72.85974942126218,-72.81252383749793,-72.76334374458406,-72.71251926821454,-72.66028835238124,-72.60684444390553,-72.55236000857512,-72.49700767886102,-72.44098064118036,-72.38451364074919,-72.32790579768762,-72.27154624397457,-72.21594313170309,-72.16175538614208,-72.10982399596104,-72.06119431478346,-72.01711043035988,-71.97894437045262,-71.94799815725958,-71.92510937344076,-71.91010034445699,-71.9015726541677,-71.89824168895215
3.0399999999999463,-72.82048253092022,-72.890246346182,-72.96506863787697,-73.02416686072459,-73.06296737346906,-73.08273462314341,-73.08644508153353,-73.07724327621573,-73.0579058591204,-73.03070438373284,-72.99742223752476,-72.95942431807924,-72.91773746049212,-72.87312514225961,-72.82615111433337,-72.77723143364031,-72.72667632831623,-72.67472392072759,-72.62156785531421,-72.5673807602306,-72.51233533583599,-72.45662467090733,-72.40048315715794,-72.34420918766328,-72.28819064021354,-72.23293368794404,-72.17909430581331,-72.12750926928953,-72.07921814420558,-72.03545739272727,-71.99758951742106,-71.9669055480303,-71.9442319876464,-71.92938269908684,-71.92095664367835,-71.91767252566066
3.044999999999946,-72.83186750730601,-72.90168639579299,-72.97653658632377,-73.03568403259582,-73.07456694502643,-73.09444910228778,-73.09830237415929,-73.08926614796574,-73.07011262162288,-73.04310990035292,-73.01003888949148,-72.97226280964776,-72.93080744262518,-72.88643567325006,-72.83971098695524,-72.79104939754914,-72.74076123082888,-72.68908478214414,-72.63621388789468,-72.58232133304904,-72.52757988086225,-72.4721825186342,-72.41636328269678,-72.36041984025098,-72.3047388205934,-72.24982443009836,-72.19632971470875,-72.14508727039885,-72.09713092536514,-72.05368958727392,-72.01611632957881,-71.98569131228025,-71.96323010369315,-71.94853825540847,-71.94021223805767,-71.93697415881913
3.049999999999946,-72.84320554995331,-72.91307881031992,-72.98795633203875,-73.04715230027129,-73.08611671054418,-73.10611267371648,-73.11010747942956,-73.10123539955026,-73.08226419899876,-73.05545855022135,-73.02259688658336,-72.98504075743304,-72.94381489351139,-72.89968158658179,-72.85320405423766,-72.8047982634628,-72.75477463305205,-72.70337162607774,-72.65078326538047,-72.59718248733323,-72.54274211323461,-72.4876550251979,-72.43215490239606,-72.37653868738293,-72.32119176664709,-72.26661639189003,-72.21346270108624,-72.16255914398745,-72.11493386061865,-72.07180827421568,-72.0345261237807,-72.00435682038713,-71.98210513998079,-71.96756847156556,-71.95934092400991,-71.95614809004839
3.054999999999946,-72.85449704070479,-72.9244239744011,-72.99932826300764,-73.05857205746074,-73.09761707215402,-73.1177257505105,-73.12186082360552,-73.1131514723618,-73.09436104950652,-73.06775081005154,-73.03509672547638,-72.99775867955351,-72.95676035420621,-72.9128634477903,-72.86663090781427,-72.81847865082781,-72.76871718407413,-72.71758513321362,-72.66527670214413,-72.61196497337242,-72.55782282152407,-72.50304301993884,-72.44785888895052,-72.39256664774796,-72.3375504456854,-72.28331059177209,-72.23049433681862,-72.17992601719666,-72.13262813355003,-72.0898146937591,-72.0528201956444,-72.02290342031456,-72.00085849142239,-71.98647478131171,-71.9783441631887,-71.97519579556865
3.059999999999946,-72.86574235730669,-72.93572226858188,-73.01065276309893,-73.06994369369082,-73.10906842769646,-73.12928874131251,-73.13356282832854,-73.12501480296015,-73.10640362632998,-73.07998715121278,-73.0475388972057,-73.01041708816201,-72.96964435944544,-72.92598181570625,-72.87999213219548,-72.83209117151297,-72.78258952491083,-72.73172597562623,-72.67969490336186,-72.62666953162224,-72.5728227837743,-72.51834732091615,-72.46347610295575,-72.40850462705043,-72.35381581108128,-72.29990803323867,-72.24742567773455,-72.19718899998344,-72.15021490937714,-72.10771006654214,-72.07099982002585,-72.04133243812089,-72.01949152998367,-72.0052585945763,-71.99722339278219,-71.99411872679528
3.0649999999999458,-72.87694187346503,-72.9469740693699,-73.02193021211971,-73.08126759436202,-73.12047117077962,-73.14080205038873,-73.14521391068497,-73.13682582314118,-73.11839237765184,-73.09216803980893,-73.05992388725011,-73.0230164895368,-72.98246743774354,-72.93903724256202,-72.89328830488348,-72.8456364299335,-72.79639228864053,-72.74579481692652,-72.69403856517395,-72.64129689287952,-72.58774276769307,-72.5335687351174,-72.47900739313772,-72.42435351826241,-72.36998880254603,-72.31640970512768,-72.26425776395077,-72.21434918548346,-72.16769533534689,-72.1254955940627,-72.08906625148138,-72.05964517845376,-72.03800560520787,-72.0239212980143,-72.01598002608186,-72.01291831091724
3.0699999999999457,-72.8880959589013,-72.95817974929065,-73.03316098587113,-73.09254414080547,-73.13182569083784,-73.15226607768949,-73.15681448327021,-73.14858496000467,-73.13032774672611,-73.10429393675604,-73.07225217561509,-73.03555738417074,-72.99523011148982,-72.95203027409532,-72.90651999648496,-72.85911502317326,-72.81012610053685,-72.75979231240609,-72.7083083748419,-72.65584777845426,-72.60258353083994,-72.54870805866375,-72.49445359657757,-72.44011420186965,-72.38607034639935,-72.33281658191684,-72.2809916201954,-72.23140765036364,-72.18507054111922,-72.14317245909497,-72.10702072471621,-72.07784292503031,-72.05640204472456,-72.04246425553983,-72.03461545303378,-72.03159595145834
3.0749999999999456,-72.89920497940687,-72.96933967694113,-73.04434545620258,-73.10377371033765,-73.14313237318821,-73.16368121890889,-73.16836495425164,-73.1602926360211,-73.1422101719487,-73.11636529785775,-73.08452423691392,-73.04804026685878,-73.00793289704266,-72.96496144965121,-72.9196877708207,-72.87252754110392,-72.82379157819804,-72.77371910917819,-72.72250501090217,-72.67032290033663,-72.61734582080912,-72.5637660770098,-72.5098155389306,-72.45578754611157,-72.40206135583192,-72.34912962401094,-72.29762825612252,-72.24836545516605,-72.20234163914107,-72.1607418260942,-72.12486445502057,-72.09592694110299,-72.07468215474312,-72.06088880884349,-72.05313104077352,-72.05015302882107
3.0799999999999454,-72.91026929689622,-72.98045421704298,-73.05548399106472,-73.11495667631502,-73.15439159908696,-73.17504786554323,-73.17986572742981,-73.17194926909639,-73.15404008692714,-73.1283825738797,-73.09674054044743,-73.0604656267834,-73.02057630482173,-72.9778313022815,-72.93279218503383,-72.88587456650193,-72.83738933167406,-72.78757584631548,-72.7366291433158,-72.68472296136096,-72.63203037540774,-72.57874356513918,-72.52509403463976,-72.47137440721521,-72.41796273116177,-72.36534977802236,-72.31416866661858,-72.26522364464181,-72.21950972500974,-72.17820484159046,-72.14259863869367,-72.11389846991297,-72.09284722053303,-72.07919627789522,-72.0715281341461,-72.06859090081588
3.0849999999999453,-72.92128926945965,-72.99152373049454,-73.06657695456222,-73.12609340818722,-73.16560374578432,-73.18636640494837,-73.19131720229905,-73.18355527263627,-73.16581792054849,-73.14034621062244,-73.1089015502822,-73.07283394759905,-73.03316083939862,-72.99064035884271,-72.94583378969533,-72.89915667516287,-72.85091996359044,-72.8013631549847,-72.75068143361536,-72.69904865536533,-72.64663792283086,-72.59364128775499,-72.54028988714441,-72.48687562962333,-72.43377536008366,-72.38147797704433,-72.33061383210104,-72.28198324807686,-72.23657587782677,-72.19556263457135,-72.16022445345534,-72.13175873512992,-72.1108985068901,-72.09738796143249,-72.08980805621019,-72.08691090317376
3.0899999999999452,-72.93226525141485,-73.00254857442206,-73.07762470700482,-73.13718427154934,-73.17676918657857,-73.19763722039626,-73.20271977410688,-73.19511105560908,-73.17754409704652,-73.15225664899297,-73.12100772532729,-73.08514570751406,-73.04568699958543,-73.0033891400915,-72.95881312890718,-72.91237443601311,-72.86438406926949,-72.81508165857878,-72.7646625350483,-72.71330066734774,-72.6611691818315,-72.6084599994659,-72.55540388908354,-72.50229204621694,-72.44950011791289,-72.397515140917,-72.34696471880889,-72.29864527960845,-72.25354116054167,-72.21281631685416,-72.1777430588466,-72.14950894128006,-72.12883725858887,-72.11546513743424,-72.10797210872754,-72.10511435004416
3.094999999999945,-72.9431975933573,-73.01352910222982,-73.08862760495781,-73.1482296281934,-73.18788829086927,-73.20886069113027,-73.21407383391221,-73.20661702260738,-73.18921903606729,-73.16411432507486,-73.13305951940906,-73.09740137937163,-73.05815527852175,-73.01607816077862,-72.97173074040397,-72.92552841121993,-72.8777822368495,-72.82873197284557,-72.77857309271715,-72.72747967361917,-72.67562486188726,-72.62320044496798,-72.57043682249451,-72.51762447853251,-72.46513786782248,-72.41346217648675,-72.36322227908575,-72.31521073853354,-72.27040662028718,-72.22996698344805,-72.1951555966191,-72.16715027416168,-72.1466647008228,-72.13342906358145,-72.12602157263913,-72.12320253447923
3.099999999999945,-72.9540866422104,-73.02446566364985,-73.09958600129194,-73.15922983615908,-73.19896142420922,-73.22003719241961,-73.22537976864261,-73.21807357390875,-73.2008431527336,-73.17591967019708,-73.14505738134532,-73.10960143072904,-73.0705661637598,-73.02870792974045,-72.98458715565191,-72.9386191562982,-72.8911150474006,-72.84231470601388,-72.79241374371662,-72.74158634195241,-72.6900056633632,-72.63786335922218,-72.58538945900698,-72.53287373697374,-72.48068946107466,-72.42931997785941,-72.37938745165603,-72.3316806096094,-72.2871732887051,-72.24701571290645,-72.21246319111374,-72.18468390124929,-72.16438203963155,-72.15128097770437,-72.14395770852673,-72.14117672890286
3.104999999999945,-72.96493274127386,-73.03535860478986,-73.11050024523176,-73.17018524978307,-73.20998894835589,-73.23116709561275,-73.23663796115059,-73.22948110553516,-73.21241685770825,-73.18767311100163,-73.15700175501759,-73.12174632393521,-73.08292013734801,-73.0412789499893,-72.9973828999459,-72.95164722021596,-72.90438307503885,-72.85583045891735,-72.80618511726787,-72.75562133172836,-72.70431227767023,-72.65244946762776,-72.60026256003194,-72.54804062101832,-72.49615573724664,-72.44508942664635,-72.3954611618932,-72.34805586334566,-72.30384218226351,-72.26396356766959,-72.22966694962886,-72.20211097208656,-72.1819904623167,-72.16902209821733,-72.16178175706189,-72.15903818556774
3.109999999999945,-72.97573623027199,-73.04620826818139,-73.12137068240382,-73.181096219748,-73.22097122132156,-73.24225076818982,-73.24784879026855,-73.24084000931134,-73.22394055725627,-73.19937506950977,-73.16889307944169,-73.13383651620669,-73.09521767591268,-73.05379171880145,-73.01011849250486,-72.96461314549687,-72.91758688703734,-72.86927982511496,-72.8198878348495,-72.76958529407844,-72.71854538742123,-72.66695948619166,-72.61505687694678,-72.56312591941968,-72.51153752445114,-72.46077139220492,-72.41144432208216,-72.36433745628966,-72.32041430256578,-72.28081159439834,-72.24676796277853,-72.21943261866832,-72.19949113784546,-72.18665362454087,-72.17949493944191,-72.17678813699807
3.1149999999999447,-72.98649744540099,-73.05701499282657,-73.1321976548836,-73.19196309313054,-73.23190859742311,-73.25328857381461,-73.25901263086332,-73.25215067292217,-73.2354146533057,-73.211025963187,-73.18073178883789,-73.14587245970253,-73.10745925073857,-73.06624672780374,-73.0227944465651,-72.97751746832161,-72.93072704393587,-72.88266339100949,-72.83352251032616,-72.78347887202425,-72.73270566658252,-72.681394121694,-72.62977315127573,-72.57813041040392,-72.52683563955097,-72.47636673187313,-72.42733783167436,-72.3805263313034,-72.33689063665118,-72.29756082429853,-72.26376730484098,-72.23664995581198,-72.21688521724347,-72.20417673751295,-72.19709845781377,-72.19442779642094
3.1199999999999446,-72.99721671937493,-73.067779114244,-73.14298150124179,-73.20278621344819,-73.24280142733029,-73.26428087238466,-73.27012985388924,-73.2634134799691,-73.24683954350773,-73.22262620500709,-73.1925183126988,-73.15785460159763,-73.11964532784748,-73.07864446305814,-73.03541126947144,-72.9903607186259,-72.94380409964693,-72.89598173596269,-72.84708975007372,-72.79730270061395,-72.7467937806222,-72.69575407184968,-72.64441211486579,-72.59305486186175,-72.54205088836859,-72.49187629119751,-72.44314257753642,-72.39662341783443,-72.35327215728789,-72.31421227343718,-72.28066603409773,-72.25376408151911,-72.23417383397648,-72.22159259978723,-72.21459349568586,-72.21195835818438
3.1249999999999445,-73.00789438147162,-73.07850096451412,-73.15372255658988,-73.21356592070607,-73.25365005811368,-73.27522802008146,-73.28120082644051,-73.2746288100254,-73.2582156212952,-73.23417620351474,-73.20425307585661,-73.16978338415439,-73.13177636807542,-73.090985405145,-73.04796946276694,-73.00314342019747,-72.95681860156061,-72.90923543240919,-72.86059015310245,-72.81105740705566,-72.7608103866554,-72.71004002546627,-72.6589744900593,-72.60790003153674,-72.5571840658911,-72.50730090415675,-72.45885943419317,-72.41262963217899,-72.36955982325837,-72.33076694305016,-72.29746519316379,-72.27077607732691,-72.2513581043218,-72.23890235622189,-72.23198121832833,-72.22938099816463
3.1299999999999444,-73.01853075757708,-73.0891808723237,-73.16442115262453,-73.22430255144188,-73.26445483329157,-73.2861303694192,-73.2922259118026,-73.2857970386906,-73.26954327594055,-73.24567636288691,-73.21593649854898,-73.18165924479337,-73.14385282714835,-73.10327002924419,-73.0604695222805,-73.01586609077097,-72.96977109064734,-72.9224250459669,-72.87402431117702,-72.824743610848,-72.77475613358618,-72.72425266259867,-72.67346098986161,-72.62266666720777,-72.57223595646934,-72.52264139337854,-72.4744892640636,-72.42854587773884,-72.38575457963698,-72.34722581984154,-72.31416580930825,-72.28768700865002,-72.26843912772927,-72.25610713425645,-72.24926277316249,-72.24669687416181
3.1349999999999443,-73.02912617022983,-73.09981916300934,-73.17507761767189,-73.23499643877108,-73.27521609287624,-73.29698826929314,-73.30320546950298,-73.29691853764383,-73.28082289261239,-73.25712708299368,-73.22756899648348,-73.19348261616236,-73.1558751557565,-73.11549880521565,-73.07291193821338,-73.02852924212071,-72.98266210155786,-72.93555113554599,-72.8873928089344,-72.83836192390778,-72.78863166224617,-72.73839265469981,-72.68787231810595,-72.63735550686854,-72.58720733401309,-72.53789857035184,-72.49003291769196,-72.44437304527155,-72.40185735806104,-72.36358987627558,-72.33076889476781,-72.30449792511385,-72.28541798717282,-72.27320804427922,-72.26643929013939,-72.26390712628456
3.139999999999944,-73.03968093866382,-73.11041615860086,-73.18569227673063,-73.24564791243077,-73.28593417341929,-73.30780206502645,-73.31413985536048,-73.30799367469626,-73.29205485243126,-73.268528759457,-73.23915098090086,-73.20525392620436,-73.16784379962711,-73.12767219767683,-73.08529719522285,-73.04113338015149,-72.99549216272143,-72.94861425345486,-72.90069622399886,-72.851912950695,-72.80243760553044,-72.75246066476822,-72.70220916961324,-72.65196727890202,-72.60209896218124,-72.55307323563417,-72.50549123397231,-72.46011201313439,-72.41786907699444,-72.3798600708607,-72.34727544705046,-72.32120986087817,-72.30229574949217,-72.29020617998387,-72.28351188210769,-72.28101287732375
3.144999999999944,-73.05019537885119,-73.12097217786314,-73.19626545151438,-73.25625729882302,-73.29660940805611,-73.31857209841698,-73.32502942153394,-73.31902281384245,-73.30323953252422,-73.27988178370941,-73.25068285863762,-73.21697359822426,-73.17975919959606,-73.13979066608024,-73.0976257725054,-73.0536790049879,-73.00826179644235,-72.9616149455043,-72.91393512709453,-72.8653972883349,-72.81617458852989,-72.7664573474921,-72.71647223034958,-72.66650270225132,-72.61691159456765,-72.56816617905325,-72.52086504036815,-72.47576364752206,-72.4337906419845,-72.39603734842605,-72.3636864492321,-72.33782383495225,-72.31907346572547,-72.30710261871702,-72.3004816451721,-72.29801523311693
3.149999999999944,-73.06066980354385,-73.13148753633787,-73.2067974604935,-73.26682492105716,-73.30724212654988,-73.32929870778281,-73.33587451657071,-73.33000631531154,-73.31437730607875,-73.29118654305111,-73.26216503218667,-73.2286420509538,-73.1916217916777,-73.1518546647882,-73.10989814387757,-73.0661666110615,-73.02097151899397,-72.97455375110947,-72.92711008215598,-72.87881552673771,-72.82984322866123,-72.78038334939066,-72.730662177579,-72.68096248658598,-72.63164597488193,-72.58317817990392,-72.53615515312633,-72.49132880269877,-72.44962294591298,-72.4121226403915,-72.38000287024535,-72.35434085150243,-72.33575217143326,-72.3238984218163,-72.31734965904161,-72.3149152829018
3.154999999999944,-73.07110452231476,-73.14196254638438,-73.21728861893625,-73.2773510989918,-73.31783265533451,-73.33998222800724,-73.3466754854533,-73.34094453561623,-73.32546854239536,-73.30244342070601,-73.27359789975772,-73.2402596986165,-73.20343200713408,-73.16386464314722,-73.12211477785537,-73.07859668719658,-73.03362184071122,-72.98743120338965,-72.94022164643623,-72.89216824871554,-72.84344413579396,-72.79423930895157,-72.74477968001372,-72.69534733246537,-72.64630283712702,-72.5981100071409,-72.55136237748565,-72.5068083212241,-72.46536686923977,-72.42811686503006,-72.39622566516044,-72.37076190015051,-72.35233288701322,-72.34059463493882,-72.33411698736842,-72.33171409966072
3.1599999999999437,-73.08149984159802,-73.15239751721981,-73.22773923894903,-73.28783614927596,-73.32838131755739,-73.35062299058283,-73.35743266964577,-73.35183782760241,-73.33651360693953,-73.3136527958772,-73.28498185533591,-73.25182695099,-73.21519027254209,-73.17582104556016,-73.13427613773247,-73.0909697166942,-73.04621326608132,-73.00024782926623,-72.95327037061233,-72.90545603009707,-72.85697791237453,-72.8080258567662,-72.75882539796034,-72.70965793149749,-72.66088290577191,-72.61296241956651,-72.56648750788095,-72.52220303417396,-72.48102328024157,-72.44402092772421,-72.41235577545942,-72.38708795626495,-72.36881661800739,-72.35719228838168,-72.35078467807779,-72.34841274045571
3.1649999999999436,-73.09185606472897,-73.16279275495859,-73.23814962951607,-73.29828038538945,-73.33888843312063,-73.36122132365489,-73.36814640713946,-73.36268654049675,-73.34751286139263,-73.32481504380075,-73.29631728873967,-73.26334421346807,-73.2268970098598,-73.18772431155735,-73.14638268165639,-73.10328617741419,-73.05874629383212,-73.01300414955826,-72.96625679888922,-72.9186794398397,-72.87044515354796,-72.8217436156611,-72.77279998346293,-72.72389496649444,-72.67538689592061,-72.62773616601383,-72.58153132814152,-72.53751376135521,-72.49659303524356,-72.45983572121494,-72.4283941293025,-72.40331998124441,-72.38520435540062,-72.3736923973934,-72.36735376368952,-72.36501224675499
3.1699999999999435,-73.10217349198291,-73.17314856265132,-73.24852009653874,-73.3086841176827,-73.34935431872249,-73.371777552064,-73.37881703249762,-73.37349101995414,-73.35846666370206,-73.33593053579946,-73.30760458567771,-73.27481188712154,-73.23855263649172,-73.19957487586659,-73.15843486270363,-73.11554654185626,-73.07122141701953,-73.0257006790766,-72.97918146910112,-72.93183904013937,-72.88384644727658,-72.83539320082714,-72.78670408044323,-72.73805911162464,-72.68981551347703,-72.64243198552583,-72.59649461168539,-72.55274131151596,-72.51207697884588,-72.47556212584553,-72.44434164178868,-72.41945892279406,-72.40149707591158,-72.39009596247726,-72.38382526162998,-72.38151364474962
3.1749999999999434,-73.1124524206137,-73.18346524032299,-73.25885094287388,-73.31904765341591,-73.35977928789721,-73.38229199738817,-73.38944487689929,-73.38425160810394,-73.36937536813016,-73.34699963933464,-73.31884412780448,-73.28623036875769,-73.25015756535224,-73.21137316848143,-73.17043312895318,-73.1277512772386,-73.0836391231123,-73.03833792671568,-72.99204491281057,-72.94493538653784,-72.89718237445676,-72.84897521994579,-72.80053832483756,-72.75215103256114,-72.70416945530609,-72.65705060753027,-72.61137812170858,-72.56788648255004,-72.52747594414437,-72.49120100979816,-72.4601992152086,-72.43550571519417,-72.41769574227612,-72.40640396968699,-72.40020017453665,-72.3979179456633
3.1799999999999433,-73.12269314489144,-73.19374308501065,-73.26914246837141,-73.32937129679745,-73.37016365105525,-73.39276497798396,-73.40003026818283,-73.39496864359589,-73.38023932530312,-73.35802271805807,-73.33003629277529,-73.29760005097879,-73.26171220492857,-73.22311961472823,-73.18237792355853,-73.13990084557595,-73.09599989407594,-73.05091639554352,-73.00484765540617,-72.95796902802809,-72.91045350903251,-72.86249027331249,-72.81430334473029,-72.76617138662694,-72.71844940939154,-72.67159275201034,-72.62618261137004,-72.58295006169698,-72.54279075294629,-72.50675322932558,-72.47596773929178,-72.45146127956262,-72.43380130352318,-72.42261739091424,-72.4164794905547,-72.41422614605281
3.184999999999943,-73.13289595613965,-73.20398239080015,-73.2793949699117,-73.3396553490218,-73.38050771552176,-73.40319680902708,-73.41057353088823,-73.40564246164463,-73.39105888225784,-73.36900013186187,-73.34118145429983,-73.30892132223964,-73.27321695934212,-73.23481463533238,-73.19426968481861,-73.15199570375549,-73.10830420645453,-73.06343658289049,-73.01759021619777,-72.97094050715738,-72.9236604181072,-72.87593895395732,-72.82799976048514,-72.7801208229369,-72.73265605498963,-72.68605912967138,-72.6409088239722,-72.59793282573702,-72.55802221597975,-72.52221962897613,-72.49164809144735,-72.46732652411032,-72.44981469524392,-72.438737184169,-72.43266418362516,-72.43043922810135
3.189999999999943,-73.14306114277183,-73.21418344886281,-73.28960874144207,-73.34990010830674,-73.39081178557525,-73.41358780255237,-73.42107498629915,-73.41627339407417,-73.4018343824892,-73.3799322369288,-73.35227998219528,-73.3201945669041,-73.28467222840897,-73.24645864648278,-73.20610884624715,-73.16403630361127,-73.12055253145093,-73.07589898043548,-73.03027310850997,-72.98385036012822,-72.93680366205268,-72.88932184776345,-72.8416281848732,-72.79399998253642,-72.74679006277948,-72.70045044210393,-72.655557493137,-72.61283554118134,-72.57317113309918,-72.5376010418139,-72.50724113699872,-72.48310234439013,-72.46573683985352,-72.45476429385252,-72.44875521376632,-72.4465581599037
3.194999999999943,-73.15318899032731,-73.22434654749097,-73.29978407401283,-73.36010586993015,-73.40107616248544,-73.42393826749313,-73.43153495248394,-73.42686176936091,-73.4125661659956,-73.39081938578055,-73.36333224243813,-73.33142016530036,-73.29607840769907,-73.25805205989553,-73.21789583664093,-73.17602309199779,-73.13274533500572,-73.08830407429078,-73.04289683977325,-72.996699116897,-72.94988379461617,-72.9026395335825,-72.8551892231979,-72.80780949853744,-72.76085209501024,-72.71476738194298,-72.67012934297838,-72.62765896445796,-72.58823829348538,-72.55289828963335,-72.52274772941274,-72.49878962353971,-72.48156864684665,-72.47069965102348,-72.46475352734755,-72.46258389574433
3.199999999999943,-73.16327978150699,-73.23447197213352,-73.30992125581278,-73.37027292626583,-73.41130114455012,-73.43424850971958,-73.44195374433616,-73.43740791267663,-73.42325456932423,-73.40166192732575,-73.37433859721524,-73.3425984937756,-73.3074358885946,-73.26959528287595,-73.22963108014632,-73.18795651086147,-73.14488307787418,-73.1006523450855,-73.05546191161437,-73.0094873012712,-72.96290136302494,-72.91589258334807,-72.86868347341787,-72.82154999625084,-72.77484280564472,-72.72901063302322,-72.68462508827027,-72.64240384209322,-72.60322447584035,-72.56811218316818,-72.53816871052253,-72.51438923251791,-72.49731101304634,-72.48654417365718,-72.48066005735609,-72.47851737636843
3.204999999999943,-73.1733337962075,-73.24456000543032,-73.32002057220396,-73.38040156681917,-73.42148702713179,-73.4445188320769,-73.45233167361444,-73.44791214593026,-73.43389992561563,-73.41246020690737,-73.38529940497402,-73.35372992474916,-73.31874505834686,-73.28108871838015,-73.24131499632529,-73.19983699731142,-73.15696621570245,-73.11294426804696,-73.06796881994372,-73.02221543100396,-72.97585690808876,-72.92908156218652,-72.88211152626702,-72.83522209331653,-72.78876284049983,-72.7431808705311,-72.69904543461054,-72.65707091088865,-72.61813044857799,-72.58324352229577,-72.55350491074535,-72.52990203033573,-72.51296482284664,-72.50229876689814,-72.4964757236571,-72.4943595292456
3.2099999999999427,-73.18335131155607,-73.25461092724625,-73.33008230575592,-73.39049207826213,-73.43163410269376,-73.45474953442272,-73.46266904898141,-73.458374787809,-73.44450256464691,-73.42321456634863,-73.39621502047167,-73.36481482676561,-73.33000630013294,-73.29253276507511,-73.25294800021979,-73.21166498368845,-73.16899519910147,-73.12518031308062,-73.08041805504175,-73.03488401788722,-72.98875096430041,-72.94220702852519,-72.89547396537124,-72.84882639982997,-72.80261283738413,-72.75727876115378,-72.71339107858206,-72.67166089809419,-72.63295697001014,-72.59829309623639,-72.56875714929518,-72.54532886428137,-72.52853094844913,-72.51796432330651,-72.5122014332471,-72.51011126882712
3.2149999999999426,-73.19333260194392,-73.26462501470502,-73.34010673627957,-73.40054474446737,-73.44174266083546,-73.46494091366378,-73.47296617604255,-73.46879615381913,-73.45506281287504,-73.43392534399887,-73.40708579482377,-73.37585356454599,-73.34121999311023,-73.30392781739731,-73.26453050241449,-73.22344089763261,-73.18097047371988,-73.13736094484851,-73.09281010164318,-73.04749356784264,-73.00158405993376,-72.95526953419889,-72.90877136736401,-72.86236351846715,-72.81639342623221,-72.77130496322377,-72.7276627079088,-72.68617452157707,-72.64770478852809,-72.61326168374748,-72.5839262343897,-72.56067057013944,-72.54401025009359,-72.53354172309804,-72.52783808050097,-72.52577349679693
3.2199999999999425,-73.20327793905945,-73.27460254222217,-73.35009414086045,-73.41055984654227,-73.45181298832715,-73.47509326379232,-73.48322335738386,-73.47917655632575,-73.46558099347888,-73.44459287477808,-73.41791207555154,-73.38684649903848,-73.35238651247101,-73.315274265611,-73.2760629090994,-73.23516516215027,-73.19289248031588,-73.14948662284624,-73.10514543902005,-73.06004458101087,-73.01435671714039,-72.96826962455398,-72.92200430199827,-72.87583404460536,-72.83010522923564,-72.78526012686129,-72.74186100160955,-72.70061248998682,-72.66237464278,-72.62815005331376,-72.5990129634527,-72.57592797240548,-72.55940357628313,-72.54903183437847,-72.54338654741302,-72.54134710231583
3.2249999999999424,-73.2131875919209,-73.28454378153725,-73.36004479389125,-73.42053766286219,-73.46184536914438,-73.48520687592138,-73.4934408926092,-73.48951630459212,-73.47605742640066,-73.45521749022097,-73.42869420662896,-73.39779398746872,-73.36350622949575,-73.32657249586507,-73.28754562213058,-73.24683819567908,-73.20476165482683,-73.16155780147822,-73.11742454106287,-73.0725375518392,-73.02706945204355,-72.98120783855,-72.93517333225675,-72.88923856644249,-72.84374886097197,-72.79914489411271,-72.75598663014729,-72.71497550291642,-72.67696726184383,-72.6429589633321,-72.61401812331113,-72.59110188449448,-72.57471176400334,-72.56443551337155,-72.55884770383143,-72.55683296225959
3.2299999999999423,-73.22306182690849,-73.29444900174653,-73.36995896710432,-73.43047846910329,-73.47184008450168,-73.49528203832013,-73.50361907837696,-73.49981570481812,-73.48649242838668,-73.46579951852034,-73.4394325285287,-73.40869638338835,-73.37457951160509,-73.3378228902489,-73.29897903908993,-73.25846041215217,-73.21657842843845,-73.17357493013176,-73.12964787635988,-73.0849729691671,-73.0397227748311,-72.99408470885963,-72.94827901445969,-72.90257766511338,-72.85732492853012,-72.81295989908656,-72.77004025557562,-72.72926425105987,-72.69148336539651,-72.65768916229273,-72.62894249038794,-72.60619310894472,-72.58993563893647,-72.57975360464182,-72.57422240768756,-72.5722319414517
3.234999999999942,-73.23290090779601,-73.30431846933362,-73.37983692960296,-73.44038253827455,-73.48179741288556,-73.5053190364483,-73.5137582084362,-73.51007506017847,-73.49688631302783,-73.4763392845694,-73.4501273782671,-73.41955403672334,-73.38560672241127,-73.34902582684714,-73.31036355334392,-73.27003222106116,-73.22834322765225,-73.1855384532496,-73.14181590827562,-73.09735131631034,-73.05231718984568,-73.00690076196635,-72.96132189837016,-72.91585191480371,-72.8708340316336,-72.8267057680862,-72.78402253168204,-72.74347941636627,-72.70592366387918,-72.6723413889556,-72.64378683088992,-72.62120243761699,-72.60507601567038,-72.59498694131207,-72.58951150521932,-72.58754489288994
3.239999999999942,-73.24270509578197,-73.31415244820136,-73.38967894789312,-73.45025014074996,-73.49171763008763,-73.51531815299015,-73.52385857366232,-73.52029467086,-73.50723939079866,-73.48683711000395,-73.46077908944909,-73.43036729382139,-73.39658822176887,-73.36018167979383,-73.32169955410141,-73.28155402751794,-73.2400564743518,-73.19744881040096,-73.15392909502687,-73.10967307114318,-73.06485319567354,-73.01965651825998,-72.97430252729755,-72.92906188286142,-72.88427676276065,-72.84038311973933,-72.79793410412735,-72.75762167218983,-72.72028885865858,-72.68691637252313,-72.65855190099137,-72.63613065188832,-72.62013369790216,-72.61013634527487,-72.60471583118888,-72.6027726579671
3.244999999999942,-73.25247464952032,-73.32395119970181,-73.39948528591374,-73.46008154429944,-73.5016010092364,-73.52527966788772,-73.53392046209163,-73.53047483409826,-73.51755196909644,-73.49729331324322,-73.47138799231145,-73.44113649749836,-73.40752436582407,-73.37129081932521,-73.33298742647014,-73.2930262323154,-73.25171858586789,-73.2093064363515,-73.16598788975811,-73.12193870617946,-73.07733128523166,-73.03235249213077,-72.9872214381984,-72.94220812990577,-72.89765370726191,-72.85399256512518,-72.81177561058279,-72.77169168343727,-72.73457964218464,-72.70141483280871,-72.67323844701313,-72.65097852284164,-72.63510947863705,-72.62520262739963,-72.61983620909548,-72.61791606668703
3.249999999999942,-73.26220982515044,-73.33371498266645,-73.40925620506705,-73.46987701411966,-73.51144782082903,-73.53520385837402,-73.5439441589562,-73.54061584421406,-73.52782435227932,-73.50770820953039,-73.4819544137659,-73.45186198708394,-73.4184155070637,-73.3823536118318,-73.34422755151239,-73.30444923198658,-73.26332997504201,-73.22111176113188,-73.17799274061514,-73.13414868865163,-73.08975194585308,-73.04498919206117,-73.00007916177594,-72.95529120993443,-72.91096544347587,-72.86753470789876,-72.82554768086351,-72.78569010671143,-72.74879669814449,-72.71583748040095,-72.68784720559788,-72.665746811451,-72.65000414038262,-72.64018658773432,-72.63487345138259,-72.63297593787487
3.2549999999999417,-73.27191087632694,-73.34344405343602,-73.41899196424865,-73.47963681286468,-73.5212583327629,-73.5450909990053,-73.55392994671745,-73.5507179926487,-73.53805684170385,-73.51808211097263,-73.49247867744155,-73.46254409846674,-73.42926199436288,-73.39337041990964,-73.35542030629976,-73.31582341886386,-73.27489105028955,-73.23286521010489,-73.1899440908171,-73.14630348058826,-73.10211565937009,-73.05756712071549,-73.01287622257655,-72.96831167042781,-72.92421254284142,-72.88101014441203,-72.8392509370594,-72.79961759045159,-72.76294070161315,-72.73018501682473,-72.70237890388074,-72.68043626876175,-72.66481845533818,-72.6550890157024,-72.64982835964047,-72.64795307938222
3.2599999999999416,-73.28157805424905,-73.35313866588942,-73.42869281987653,-73.48936120067549,-73.53103281036576,-73.55494136169283,-73.56387810509953,-73.56078156799921,-73.54824973576207,-73.52841532657999,-73.50296110372638,-73.47318316413853,-73.44006417303238,-73.40434160241034,-73.36656606396664,-73.32714918113565,-73.28640221566083,-73.24456720403147,-73.20184237872739,-73.15840353889051,-73.11442290219671,-73.07008677502887,-73.02561313908544,-72.98127005245172,-72.93739557000843,-72.89441946383327,-72.85288599366318,-72.81347477507104,-72.77701231920055,-72.74445813469832,-72.71683425965648,-72.69504763606736,-72.67955318557979,-72.66991069029518,-72.66470172480382,-72.66284828828788
3.2649999999999415,-73.29121160768918,-73.36279907147261,-73.4383590259202,-73.49905043520947,-73.54077151642623,-73.56475521573431,-73.57378891112225,-73.57080685605293,-73.55840332991795,-73.5387081623041,-73.5134020098079,-73.4837795132374,-73.45082238486452,-73.41526751449058,-73.37766519376312,-73.33842690290338,-73.2978638709018,-73.25621815913544,-73.21368803792335,-73.17044931540656,-73.12667414540861,-73.08254864629305,-73.03829042381922,-72.99416689075754,-72.95051508294561,-72.90776324826295,-72.86645345769504,-72.82726229309122,-72.79101220919543,-72.75865751788675,-72.7312139815424,-72.70958164508144,-72.69420908324106,-72.68465238025925,-72.67949432734436,-72.67766235109292
3.2699999999999414,-73.30081178302137,-73.37242551922674,-73.44799083392896,-73.50870477166944,-73.55047471122383,-73.57453282784515,-73.58366263913335,-73.58079413982126,-73.56851791674292,-73.54896092107592,-73.52380170971364,-73.49433347159088,-73.46153696817917,-73.42614850766061,-73.3887180611068,-73.3496569642366,-73.30927641151335,-73.26781848716713,-73.22548149726408,-73.18244125700492,-73.13886985482195,-73.09495322024154,-73.05090858341742,-73.0070027138805,-72.96357163304656,-72.9210420728479,-72.87995392882564,-72.84098076927337,-72.80494102170611,-72.77278384165194,-72.74551876913795,-72.72403901810617,-72.70878689068931,-72.6993148442801,-72.69420693745937,-72.69239604391223
3.2749999999999413,-73.3103788242494,-73.38201825581628,-73.45758849306009,-73.51832446283225,-73.56014265255801,-73.58427446218835,-73.59349956084027,-73.59074369957322,-73.5785937859516,-73.55917390284328,-73.53416051435065,-73.50484536175789,-73.47220825786816,-73.43698492983202,-73.39972502763358,-73.36083974122737,-73.32064022880921,-73.27936859546561,-73.2372231809577,-73.19437980564635,-73.15101049107085,-73.10730097713241,-73.06346811873182,-73.01977804423602,-72.97656576523302,-72.93425650589253,-72.89338799949539,-72.85463082074679,-72.81879939879778,-72.78683777279932,-72.75974931318015,-72.7384204681966,-72.72328734069798,-72.71389883116068,-72.70884031525542,-72.70705013266037
3.279999999999941,-73.31991297303408,-73.39157752555623,-73.46715225010641,-73.52790975907656,-73.56977559577705,-73.59398038040486,-73.60329994534145,-73.60065581286834,-73.58863122443601,-73.56934740460729,-73.54447873154427,-73.51531550306973,-73.48283658543939,-73.44777712536452,-73.41068645124776,-73.37197560604385,-73.33195570997363,-73.2908688870203,-73.24891350862707,-73.20626539845442,-73.1630965096828,-73.11959239182994,-73.07596952491413,-73.0324933982138,-72.98949801805662,-72.94740710896812,-72.90675625503187,-72.8682130571344,-72.83258797462702,-72.80081996982126,-72.77390629569616,-72.75272669932144,-72.73771115661509,-72.72840507999658,-72.72339521092769,-72.72162537323389
3.284999999999941,-73.32941446872033,-73.40110357043922,-73.47668234952357,-73.53746090841102,-73.5793737938068,-73.60365084164317,-73.61306405915738,-73.61053075458894,-73.59863051630006,-73.57948172045869,-73.55475666607668,-73.52574421167121,-73.49342227905989,-73.45852543511188,-73.42160268617106,-73.38306492698271,-73.34322323811708,-73.30231976053052,-73.26055289537383,-73.21809846778443,-73.17512836115314,-73.13182793388441,-73.08841329150177,-73.04514928627036,-73.00236892379804,-72.96049443701958,-72.92005927376461,-72.88172808067604,-72.84630737557326,-72.81473108303713,-72.78799039015149,-72.76695840651962,-72.7520590525274,-72.74283432034659,-72.73787236493588,-72.73612251168922
3.289999999999941,-73.33888354836414,-73.41059663016232,-73.48617903345675,-73.54697815650121,-73.58893749717846,-73.61328610258805,-73.62279216626062,-73.62036879697217,-73.60859194289299,-73.58957714161315,-73.56499461972398,-73.53613180056024,-73.50396566359849,-73.46923019646745,-73.43247408299118,-73.3941080685209,-73.35444319233174,-73.31372161046534,-73.27214175184234,-73.22987944129163,-73.18710649101793,-73.1440080676103,-73.10079990250198,-73.05774621301948,-73.01517900856439,-72.9735190384698,-72.93329762713705,-72.89517648634856,-72.8599582203676,-72.82857175473038,-72.80200226159594,-72.78111627605429,-72.76633173342128,-72.75718727239929,-72.75227250817478,-72.75054228441591
3.294999999999941,-73.34832044675868,-73.42005694215305,-73.49564254176705,-73.55646174669643,-73.59846695405625,-73.62288641748944,-73.6324845281061,-73.6301702096412,-73.61851578284238,-73.59963395644648,-73.57519289129405,-73.54647857962746,-73.51446706066781,-73.4798917434087,-73.44330098870923,-73.40510539136608,-73.36561594774555,-73.32507482712064,-73.28368048428102,-73.24160874199754,-73.19903133992541,-73.15613325216333,-73.1131298364747,-73.07028467732087,-73.02792879238464,-72.98648145532236,-72.94647187981676,-72.90855886198356,-72.87354112021842,-72.84234261928262,-72.81594256680543,-72.79520098556218,-72.78052989533968,-72.7714646471364,-72.76659636214197,-72.76488541830665
3.2999999999999408,-73.35772539646032,-73.42948474159547,-73.50507311205766,-73.56591192005637,-73.6079624102647,-73.63245203819062,-73.64214140366022,-73.63993525963657,-73.62840231208723,-73.60965245052897,-73.58535177666242,-73.55678485569483,-73.5249267886651,-73.49051040654086,-73.45408374678618,-73.41605725250662,-73.37674187557538,-73.33637979667682,-73.29516949460395,-73.25328678835552,-73.2109033437062,-73.1682039416154,-73.12540356661292,-73.08276517236708,-73.04061878930266,-72.99938222326159,-72.95958258980261,-72.92187578838256,-72.88705667893453,-72.85604430330467,-72.82981195442112,-72.8092132042005,-72.79465422553557,-72.78566714649168,-72.7808446391012,-72.7791526309226
3.3049999999999407,-73.36709862781399,-73.43888026145542,-73.51447097969935,-73.57532891537718,-73.6174241093154,-73.641983214156,-73.65176304943017,-73.64966421144595,-73.63825180390909,-73.61963290665908,-73.59547156880835,-73.56705093255366,-73.5353451628129,-73.50108651314005,-73.46482269718899,-73.42696400526043,-73.38782134317947,-73.34763690125428,-73.30660918045041,-73.26491399431467,-73.22272293344183,-73.18022058502862,-73.13762156082224,-73.09518818576876,-73.05324950746909,-73.01222187175097,-72.97263030853055,-72.93512783942987,-72.90050549304554,-72.86967742576478,-72.8436110650852,-72.82315359279004,-72.80870540262177,-72.79979546350664,-72.79501804224218,-72.79334463065572
3.3099999999999405,-73.3764403689785,-73.44824373250596,-73.52383637785587,-73.58471296921718,-73.62685229243341,-73.65148019249851,-73.66134971949232,-73.65935732703483,-73.64806452896462,-73.62957560489708,-73.60555255784999,-73.57727711100189,-73.5457224951986,-73.51162038719552,-73.47551817643551,-73.43782599932327,-73.3988547141087,-73.35884651896859,-73.31799993524388,-73.27649076938306,-73.23449053553259,-73.19218362652776,-73.1497842817987,-73.10755419963793,-73.06582144923064,-73.02500092412886,-72.98561558097624,-72.94831558220291,-72.91388815191985,-72.883242598114,-72.85734053157384,-72.83702280395526,-72.8226840967177,-72.81385028248279,-72.80911726583665,-72.80746211688685
3.3149999999999404,-73.38575084595136,-73.45757538335174,-73.53316953750868,-73.59406431592201,-73.63624719858336,-73.66094321800664,-73.6709016655205,-73.66901486587564,-73.6578407553162,-73.63948082259783,-73.61559503107952,-73.58746368888148,-73.55605909481386,-73.52211234945156,-73.48617051763897,-73.4486435808157,-73.40984234815706,-73.37000902398424,-73.3293421482494,-73.28801751868946,-73.24620657176365,-73.20409350537143,-73.16189218710505,-73.11986369067017,-73.07833511121841,-73.03771989770352,-72.99853894575662,-72.9614395770803,-72.92720523787992,-72.89674042440906,-72.87100097892757,-72.85082148226158,-72.83659096959283,-72.82783227913012,-72.82314299539085,-72.82150578014001
3.3199999999999403,-73.39503028259296,-73.46687544045373,-73.54247068748174,-73.6033831876498,-73.645609064495,-73.67037253317078,-73.68041913681361,-73.67863708497678,-73.66758074846238,-73.64934883444292,-73.6255992729969,-73.59761096111409,-73.56635526759298,-73.53256271744817,-73.49678005055158,-73.45941709232982,-73.42078460141117,-73.38112478656764,-73.3406362046307,-73.2994946430439,-73.25787145937005,-73.21595065602156,-73.17394572924543,-73.13211713022466,-73.0907909844335,-73.05037930384482,-73.01140093522831,-72.97450037784746,-72.94045732631508,-72.91017150143219,-72.88459302457784,-72.8645502643489,-72.85042667480654,-72.84174212071255,-72.83709590779493,-72.83547630223426
3.3249999999999402,-73.40427890065095,-73.47614412815305,-73.55174005446545,-73.61266981439564,-73.65493812468854,-73.6797683782098,-73.68990238032295,-73.68822423891167,-73.67728477136849,-73.65917991247268,-73.6355655653438,-73.60771921973708,-73.57661131645074,-73.54297180556134,-73.5073471016074,-73.47014687297504,-73.43168182629942,-73.39219417313949,-73.35188248550558,-73.3109225389975,-73.26948561110066,-73.22775550821193,-73.18594535573864,-73.14431498440281,-73.1031895543315,-73.06297964807473,-73.02420207558457,-72.98749853180034,-72.95364498579208,-72.92353641880881,-72.89811727847182,-72.87820977906298,-72.86419185784561,-72.85558046619018,-72.8509766714687,-72.84937435643094
3.32999999999994,-73.41349691978382,-73.48538166869476,-73.56097786304065,-73.62192442401592,-73.6642346114996,-73.68913099109659,-73.69935164067937,-73.69777657984652,-73.68695308449598,-73.66897432611744,-73.64549418713678,-73.61778875393863,-73.58682754131983,-73.55333992504286,-73.51787199396422,-73.48083325842272,-73.44253437163952,-73.40321754632559,-73.36308136800064,-73.32230159890064,-73.28104943528042,-73.23950848701503,-73.1978915091902,-73.15645771412562,-73.11553130090554,-73.07552143015639,-73.0369428869505,-73.00043457984698,-72.96676877816333,-72.93683575912254,-72.91157434319422,-72.8918006475836,-72.87788715625787,-72.86934796635803,-72.86478594650399,-72.86320060757829
3.33499999999994,-73.42268455758428,-73.49458828225121,-73.57018433570207,-73.6311472422522,-73.67349875510362,-73.69846060758344,-73.70876716021952,-73.70729435756844,-73.69658594583191,-73.67873234222846,-73.65538541469972,-73.62781985009225,-73.59700423918736,-73.56366738405912,-73.52835504754546,-73.49147658095048,-73.45334258268551,-73.41419526500732,-73.37423322530512,-73.33363221096072,-73.2925633358724,-73.25121001290856,-73.2097846273631,-73.16854577520905,-73.12781669876706,-73.08800514418051,-73.04962388347576,-73.01330905660662,-72.97982925867268,-72.95007009802764,-72.92496481408618,-72.90532348354975,-72.89151319978349,-72.88304526398211,-72.87852438480427,-72.87695571225288
3.33999999999994,-73.43184202960242,-73.5037641869451,-73.5793596928816,-73.6403384927547,-73.68273078354021,-73.70775746122736,-73.71814917901206,-73.71677781951271,-73.7061836109175,-73.68845422510815,-73.66523952169608,-73.6378127917907,-73.60714170413102,-73.57395448772962,-73.53879657908078,-73.50207716948553,-73.46410680117431,-73.42512768437089,-73.38533842672345,-73.34491475929842,-73.30402771253783,-73.26286050183951,-73.22162514324684,-73.18057961843856,-73.14004621722526,-73.10043127865079,-73.06224557342574,-73.02612249050716,-72.99282697605936,-72.96324000435935,-72.93828927936207,-72.91877889318273,-72.9050706104834,-72.89667299393237,-72.89219263022115,-72.89064031889764
3.34499999999994,-73.44096954936829,-73.51290959887214,-73.5885041529709,-73.64949839710572,-73.69193092273699,-73.71702178341467,-73.7274979348835,-73.72622721078973,-73.71574633287673,-73.69814023654017,-73.67505677916058,-73.64776785987974,-73.61724022735478,-73.58420153816463,-73.54919690214614,-73.51263534964765,-73.47482736537121,-73.43601515595597,-73.39639733772738,-73.35614962400311,-73.31544296069534,-73.27446036528761,-73.23341348512537,-73.1925596896417,-73.15222032036543,-73.11280031656734,-73.07480845927084,-73.0388754038805,-73.0057624726593,-72.9763460402417,-72.95154832022352,-72.93216747540592,-72.9185600028646,-72.91023178331287,-72.90579131868755,-72.90425506795711
3.3499999999999397,-73.45006732841442,-73.5220247321233,-73.59761793234412,-73.6586271748422,-73.70109939653295,-73.72625380338518,-73.73681366344354,-73.7356427742117,-73.72527436244424,-73.70779063581901,-73.68483745553024,-73.65768533249084,-73.62730009722361,-73.59440883450213,-73.5595563272032,-73.5231514437909,-73.48550461011455,-73.44685802770343,-73.40741032000646,-73.36733718118734,-73.32680947157928,-73.286010010328,-73.2451500766438,-73.20448642975941,-73.16433946712507,-73.12511273550848,-73.08731303777388,-73.0515683130558,-73.01863628450474,-72.98938876119307,-72.96474251097113,-72.94548982196238,-72.9319819840031,-72.9237222515888,-72.91932107834823,-72.9178005920096
3.3549999999999396,-73.45913557629781,-73.53110979880718,-73.60670124538012,-73.66772504347868,-73.71023642670181,-73.7354537482565,-73.74609659811001,-73.7450247503187,-73.7347679479927,-73.71740567977857,-73.69458181667501,-73.66756548507381,-73.63732159929775,-73.60457667294445,-73.56987516163814,-73.5336257710448,-73.49613886685943,-73.45765664400209,-73.41837773151858,-73.37847780304023,-73.33812763229699,-73.29750983969208,-73.256835336874,-73.21636027491641,-73.17640411136902,-73.13736900771089,-73.09975980007583,-73.06420172845108,-73.03144894142166,-73.00236871622987,-72.97787241911412,-72.95874651753017,-72.94533715366407,-72.93714501071128,-72.93278252968766,-72.93127751589645
3.3599999999999395,-73.4681745006219,-73.54016500907156,-73.61575430448424,-73.67679221852936,-73.71934223297482,-73.74462184304751,-73.7553469701337,-73.75437337740466,-73.74422733556025,-73.72698562282122,-73.70429012592813,-73.67740859042867,-73.64730501636711,-73.61470534679448,-73.58015370980016,-73.54405864735546,-73.50673046372141,-73.46841134573505,-73.42929992653899,-73.38957185787999,-73.34939782588462,-73.30896025182756,-73.26846968037863,-73.22818165648957,-73.18841470196287,-73.14956960014825,-73.11214923177998,-73.07677615466285,-73.04420096712519,-73.01528644796755,-72.99093860547688,-72.97193813983455,-72.95862610441952,-72.95050066523892,-72.94617628565463,-72.94468645684874
3.3649999999999394,-73.4771843070578,-73.5491905711249,-73.62477732010996,-73.68582891352995,-73.7284170330633,-73.75375831070176,-73.76456500862245,-73.76368889154277,-73.75365276887705,-73.73653071694581,-73.71396264411588,-73.6872149187373,-73.65725062848419,-73.6247951464906,-73.59039227303857,-73.55445038552493,-73.51727972551886,-73.47912247032473,-73.44017725570839,-73.40061971020567,-73.36062043136253,-73.32036164095744,-73.28005351727418,-73.23995100117553,-73.20037168284522,-73.16171497460863,-73.12448181303427,-73.08929209055394,-73.05689287931312,-73.02814249272,-73.00394162430422,-72.98506525975839,-72.97184942176322,-72.96378981245722,-72.95950295178456,-72.95802802461101
3.3699999999999393,-73.4861651993657,-73.55818669125755,-73.63377050078017,-73.69483534005958,-73.7374610426808,-73.76286337211037,-73.7737509405653,-73.77297152661035,-73.76304448939155,-73.74604121177535,-73.7235996295867,-73.69698473759408,-73.66715871299695,-73.63484635964164,-73.60059114974004,-73.56480129525082,-73.52778697381456,-73.48979035177763,-73.45101006608071,-73.4116217207476,-73.37179582378921,-73.33171439713796,-73.29158725329303,-73.25166873105687,-73.2122754930985,-73.17380558776982,-73.13675801861199,-73.10175002933978,-73.06952518975751,-73.04093738059674,-73.01688202336405,-72.99812844145023,-72.98500768422377,-72.97701304249523,-72.97276312631946,-72.97130282156247
3.374999999999939,-73.49511737941556,-73.56715357386247,-73.64273405310816,-73.70381170776193,-73.74647447556507,-73.7719372461348,-73.78290499085597,-73.78222151431392,-73.7724027362967,-73.75551735458444,-73.7332013382402,-73.70671831203684,-73.67702954458125,-73.64485927106139,-73.61075063536504,-73.57511168316506,-73.53825252695721,-73.5004153207281,-73.4617987011699,-73.42257824651749,-73.38292437431473,-73.3430189063152,-73.30307128984388,-73.26333526366686,-73.22412656701809,-73.18584189127353,-73.14897831799097,-73.11415045867264,-73.08209840439474,-73.0536716355982,-73.02976034404794,-73.01112824242998,-72.99810146347471,-72.9901709384399,-72.98595740032457,-72.98451144283554
3.379999999999939,-73.50404104720779,-73.5760914214561,-73.6516681818184,-73.71275822436633,-73.75545754349963,-73.78098014962917,-73.79202738231614,-73.79143908421308,-73.7817277465551,-73.76495939032615,-73.7427680235555,-73.71641590457651,-73.68686339527252,-73.654834162802,-73.62087102248334,-73.58538185287163,-73.54867670012152,-73.51099770448126,-73.47254350099531,-73.4334896408571,-73.39400645023282,-73.35427555038116,-73.31450602407175,-73.27495101205363,-73.23592533418088,-73.19782433179837,-73.16114317543136,-73.12649386072432,-73.09461302341307,-73.06634577570883,-73.04257712146953,-73.02406521369208,-73.01113132444254,-73.00326407644789,-72.99908635780338,-72.99765447643216
3.384999999999939,-73.51293640089366,-73.58500043469833,-73.66057308976688,-73.72167509570856,-73.7644104563351,-73.78999229746228,-73.80111833571848,-73.80062446374508,-73.79101975492482,-73.77436756165858,-73.75229993661927,-73.72607777522688,-73.69666053449734,-73.66477131418729,-73.63095260080952,-73.59561210498406,-73.55905980534824,-73.5215378270555,-73.48324480212734,-73.4443562534865,-73.40504241503217,-73.36548470722838,-73.3258918489163,-73.28651638484223,-73.24767221951167,-73.20975335113106,-73.17325305005167,-73.13878071226765,-73.10706954133917,-73.0789603129886,-73.05533288456124,-73.03693989980762,-73.02409782541294,-73.01629302585513,-73.01215057580963,-73.01073250333712
3.389999999999939,-73.5218036367951,-73.59388081241273,-73.66944897796138,-73.73056252575138,-73.77333342201023,-73.79897390253947,-73.8101780698094,-73.80977787824814,-73.80027899398368,-73.78374210897115,-73.76179732615344,-73.73570418153399,-73.70642122910395,-73.6746710018456,-73.64099565723754,-73.60580273716258,-73.56940215158332,-73.53203600922414,-73.49390293773166,-73.45517843055144,-73.41603262844701,-73.37664675080391,-73.3372291531693,-73.29803178629636,-73.25936764334907,-73.22162938623646,-73.18530839590345,-73.15101148475563,-73.11946844712263,-73.09151575366285,-73.06802815616874,-73.04975283902291,-73.03700151813372,-73.02925834928381,-73.02515062455721,-73.02374609762961
3.3949999999999387,-73.53064294942465,-73.60273275160628,-73.67829604558113,-73.73942071660457,-73.78222664657261,-73.80792517582393,-73.81920680133094,-73.81889955098475,-73.8095056941541,-73.79308327041005,-73.77126043854213,-73.74529537860441,-73.71614574339289,-73.68453349974163,-73.6510004758748,-73.61595404414986,-73.57970404471621,-73.54249256855636,-73.50451823761264,-73.46595651466967,-73.4269774465067,-73.3877620511622,-73.34851832153129,-73.30949761637856,-73.27101202150975,-73.23345286932627,-73.19730966204453,-73.16318664439947,-73.13181022421861,-73.10401259820942,-73.08066345314339,-73.06250456335714,-73.04984294791706,-73.04216060274805,-73.03808706752807,-73.03669582659228
3.3999999999999386,-73.53945453150489,-73.61155644748878,-73.68711448999657,-73.74824986854487,-73.79109033419904,-73.81684632635769,-73.82820474504312,-73.82798970316492,-73.81870008372701,-73.80239128190408,-73.78068951785865,-73.75485161913377,-73.72583433914672,-73.69435907920844,-73.66096733807584,-73.626066317807,-73.58996578761781,-73.55290781945722,-73.51509102825646,-73.47669084497682,-73.43787722158427,-73.39883097451691,-73.35975973466694,-73.32091427080954,-73.28260576535168,-73.24522422792656,-73.20925729261101,-73.17530665224531,-73.14409535066963,-73.11645134144571,-73.09323928643366,-73.07519559869783,-73.06262265373846,-73.05500033575613,-73.05096046157709,-73.04958225081761
3.4049999999999385,-73.54823857398776,-73.62035209349213,-73.69590450678879,-73.7570501800359,-73.79992468721576,-73.82573756128293,-73.83717211374577,-73.83704855396864,-73.82786238888586,-73.81166637718923,-73.79008480589184,-73.76437315343465,-73.73548727565971,-73.70414800897852,-73.6708965224753,-73.63613984714847,-73.60018768017791,-73.56328207320789,-73.52562163287303,-73.48738175717088,-73.44873230244431,-73.40985388329213,-73.37095376925947,-73.33228214112602,-73.29414928183608,-73.25694388494388,-73.2211517268878,-73.1873719642493,-73.15632429918463,-73.128832472612,-73.10575616117347,-73.087826464894,-73.07534116833429,-73.06777809141155,-73.06377135703579,-73.06240592431267
3.4099999999999384,-73.55699526607337,-73.62911988128938,-73.70466628976831,-73.76582184774715,-73.80872990611844,-73.83459908586211,-73.84610911829945,-73.84607632056839,-73.83699283372988,-73.82090878783363,-73.79944654217188,-73.77386022946402,-73.74510480976672,-73.71390055521447,-73.68078830502066,-73.64617491837664,-73.61037001934164,-73.57361563800404,-73.53611037143786,-73.49802958355703,-73.45954303429023,-73.42083113617248,-73.3821007980643,-73.34360161473816,-73.30564297358846,-73.26861225873006,-73.23299339937745,-73.19938303135069,-73.16849753721736,-73.14115647545496,-73.11821457676977,-73.10039767584762,-73.08799901829727,-73.08049440651165,-73.07652029781315,-73.0751673946015
3.4149999999999383,-73.56572479522883,-73.63786000081328,-73.71340003099424,-73.7745650665734,-73.81750618959158,-73.84343110349843,-73.8550159676469,-73.85507321815106,-73.84609164029732,-73.83011874326186,-73.80877496399623,-73.78331309285001,-73.75468719587164,-73.72361698153928,-73.69064295900408,-73.65617181491601,-73.62051309914578,-73.58390881899453,-73.54655756073247,-73.50863465309047,-73.47030975881033,-73.43176308815241,-73.39320118996137,-73.35487307498539,-73.3170872389582,-73.28022976314597,-73.2447827398683,-73.2113402995445,-73.18061552704307,-73.15342382830822,-73.13061502698791,-73.1129097396038,-73.1005967241701,-73.09314981164464,-73.08920782149488,-73.08786720282518
3.419999999999938,-73.57442734720667,-73.64657264027475,-73.72210592079266,-73.78328002965358,-73.82625373452805,-73.8522338157559,-73.8638928688338,-73.86403945993985,-73.85515902858829,-73.83929647077883,-73.81807030645467,-73.79273198691911,-73.76423468597602,-73.73329754906625,-73.70046075509407,-73.66613081744634,-73.63061721075412,-73.59416191831903,-73.55696351438456,-73.51919729141939,-73.48103281422337,-73.44265009058469,-73.4042553100071,-73.36609690119154,-73.32848247207733,-73.29179680762431,-73.25652017350109,-73.2232442099522,-73.19267872583359,-73.16563500417223,-73.14295800003563,-73.12536315843828,-73.11313480053697,-73.10574483128407,-73.10183445944025,-73.1005058838405
3.424999999999938,-73.5831031060631,-73.65525798618137,-73.730784147775,-73.79196692838919,-73.83497273604803,-73.8610074223788,-73.87274002702921,-73.87297525721557,-73.86419521658719,-73.84844219559355,-73.82733280245431,-73.80211715272185,-73.77374752970634,-73.74294251642824,-73.71024196136655,-73.67605220393574,-73.64068264249235,-73.60437523514511,-73.56732854290782,-73.52971782092696,-73.49171253532306,-73.453492491228,-73.41526351948485,-73.37727346871885,-73.33982906291831,-73.30331379723067,-73.26820612083415,-73.23509519889099,-73.20468758573091,-73.17779047079208,-73.15524397864513,-73.13775842894374,-73.12561375611321,-73.11827998388173,-73.11440073687741,-73.11308396631576
3.429999999999938,-73.59175225417593,-73.6639162233549,-73.73943489885609,-73.80062595246288,-73.84366338751808,-73.86975212131168,-73.88155764554593,-73.88188081933785,-73.87320042028475,-73.85755614084218,-73.83656268274403,-73.8114688290592,-73.78322597434149,-73.75255213980641,-73.71998684333542,-73.6859362496731,-73.65070967988265,-73.61454906570482,-73.57765295374023,-73.54019656077246,-73.50234925352218,-73.46429063429353,-73.42622617595488,-73.38840314902129,-73.35112739735047,-73.31478113272412,-73.2798409979078,-73.2468936979424,-73.21664255391985,-73.18989069073399,-73.16747344015363,-73.15009604211444,-73.13803409383395,-73.13075578195881,-73.12690717299637,-73.12560197282545
3.434999999999938,-73.60037497226243,-73.67254753494949,-73.74805835927205,-73.80925728985645,-73.85232588056945,-73.87846810871795,-73.89034592586034,-73.89075635376612,-73.88217485370014,-73.86663852761119,-73.84576017593871,-73.82078725250754,-73.79267026483983,-73.76212667295901,-73.72969566398274,-73.69578322730011,-73.66069860567745,-73.62468370333063,-73.5879370512827,-73.55063382693216,-73.51294329689601,-73.47504486049141,-73.43714363330344,-73.39948630969657,-73.36237785719568,-73.32619921061618,-73.29142521630703,-73.25864013401872,-73.22854407269841,-73.20193612146018,-73.17964685658231,-73.16237648342889,-73.15039631093984,-73.14317273219518,-73.13935428104057,-73.13806041994259
3.4399999999999378,-73.60897143939668,-73.68115210246893,-73.756654712598,-73.81786112686886,-73.86096040511671,-73.88715557899928,-73.89910506763225,-73.89960206607998,-73.89111872890236,-73.87568957496,-73.85492550854302,-73.83007265744425,-73.80208064386555,-73.77166636724917,-73.73936868378853,-73.70559340684255,-73.67064969989286,-73.6347794384909,-73.59818113693629,-73.5610299322388,-73.52349499022415,-73.48575550707558,-73.44801624179078,-73.41052331453743,-73.37358082028287,-73.33756842322906,-73.30295918322363,-73.27033492942894,-73.24039257954797,-73.21392721540292,-73.19176469471418,-73.1746002329312,-73.16270089906193,-73.1555313355165,-73.15174256839612,-73.15045981832918
3.4449999999999377,-73.617541833027,-73.68973010578395,-73.7652241407653,-73.82643764813386,-73.86956714937558,-73.8958147248141,-73.90783526872417,-73.90841815999951,-73.9000322560315,-73.8847094999433,-73.86405890497501,-73.83932527607222,-73.81145735181488,-73.78117147167266,-73.74900616075965,-73.7153670557413,-73.68056323984126,-73.64483655882451,-73.6083855091396,-73.57138518642157,-73.53400465503316,-73.49642290788827,-73.45884434809851,-73.4215145235821,-73.38473666050172,-73.34888915875273,-73.31444330151659,-73.28197850194319,-73.25218850720127,-73.22586442003619,-73.20382741616977,-73.18676776531082,-73.17494834430468,-73.16783208718051,-73.1640725366799,-73.1628006728254
3.4499999999999376,-73.62608632899293,-73.6982817231494,-73.7737668240788,-73.83498703663734,-73.87814629988108,-73.90444573709611,-73.91653672522062,-73.91720483740549,-73.90891564331982,-73.893698517633,-73.87316058758925,-73.84854533844442,-73.82080062684197,-73.79064223288515,-73.75860835045893,-73.7251044388829,-73.69043950016392,-73.65485534917525,-73.61855046340462,-73.58169989614399,-73.54447260963678,-73.50704739340391,-73.46962829537614,-73.43246029316376,-73.39584574785536,-73.36016180130086,-73.32587796977181,-73.29357126485596,-73.2639322837095,-73.23774817794676,-73.2158354774818,-73.19887954998045,-73.1871391273272,-73.1800754768605,-73.17634468182526,-73.17508348253624
3.4549999999999375,-73.63460510154198,-73.70680713122081,-73.78228294123362,-73.84350947373458,-73.8866980415049,-73.91304880507262,-73.92520963144716,-73.92596229835895,-73.91776909711233,-73.90265684114001,-73.8822307766996,-73.85773307248785,-73.83011070488415,-73.80007889522886,-73.76817550603346,-73.73480581862944,-73.7002787528626,-73.66483609162556,-73.62867629235299,-73.59197436504255,-73.5548991691772,-73.51762929077195,-73.48036842328685,-73.44336097595931,-73.40690844851225,-73.37138673096612,-73.33726358236076,-73.30511362704806,-73.27562433250804,-73.24957892690365,-73.22778933016825,-73.21093605115284,-73.19927372342319,-73.19226198872838,-73.18855949416671,-73.18730874091736
3.4599999999999373,-73.64309832334646,-73.71530650507148,-73.79077266933217,-73.85200513916728,-73.89522255747298,-73.92162411628219,-73.93385417998863,-73.93469074112087,-73.92659282188725,-73.91158468163566,-73.89126969060173,-73.86688870402722,-73.83938781968688,-73.80948170075922,-73.77770787824235,-73.74447145484817,-73.71008126733082,-73.67477906552955,-73.63876328575105,-73.6022088937638,-73.56528464566412,-73.52816892385917,-73.49106506805236,-73.45421692103697,-73.41792512485678,-73.382564323874,-73.34860052949763,-73.31660599304776,-73.2872650724811,-73.2613570999263,-73.23968942080425,-73.22293772791596,-73.21135260259899,-73.20439210153492,-73.20071745852236,-73.1994769358583
3.4649999999999372,-73.65156616551985,-73.72378001820853,-73.79923618390043,-73.86047421108029,-73.90372002938255,-73.9301718565927,-73.94247056170808,-73.943390362171,-73.93538702027604,-73.92048224837272,-73.90027754559554,-73.87601245680858,-73.84863220282864,-73.81885088927069,-73.78720571548457,-73.75410160494074,-73.71984731038494,-73.68468454754614,-73.6488117305445,-73.61240378000127,-73.57562934801419,-73.53866661329121,-73.50171856249712,-73.4650284739034,-73.42889613553946,-73.39369495223609,-73.35988919729604,-73.32804876309066,-73.2988549180251,-73.27308312535155,-73.25153619109254,-73.23488503430676,-73.2233762296507,-73.2164662886895,-73.21281905427514,-73.21158854976487
3.469999999999937,-73.66000879763276,-73.73222784258913,-73.80767365890435,-73.86891686603815,-73.91219063721928,-73.93869221021866,-73.95105896576464,-73.95206135622726,-73.94415189308341,-73.92934974870637,-73.90925455600679,-73.8851045525222,-73.85784408374515,-73.82818669832257,-73.79666926382582,-73.76369652387183,-73.72957714629428,-73.6945528116706,-73.65882191089247,-73.62255931853157,-73.58593358208937,-73.54912267649352,-73.51232923609177,-73.47579597654995,-73.43982183552599,-73.40477898440213,-73.37112996782415,-73.33944233317825,-73.31039427911071,-73.28475742689926,-73.26333007793232,-73.24677841938345,-73.23534506423898,-73.22848501833752,-73.22486475545234,-73.2236440596396
3.474999999999937,-73.6684263877291,-73.74065014863648,-73.81608526676578,-73.87733327904135,-73.92063455937382,-73.94718535973864,-73.95961957963156,-73.9607039162642,-73.95288763930671,-73.93818738811463,-73.91820093420887,-73.89416521082529,-73.86702368975321,-73.83748936326432,-73.80609876702528,-73.77325646419726,-73.73927103681125,-73.70438412926688,-73.66879410820131,-73.63267580125022,-73.59619765073481,-73.55953742773139,-73.52289741499592,-73.48651976749791,-73.45070257614543,-73.41581678491163,-73.38232321915962,-73.350787095136,-73.32188356134434,-73.29638042373695,-73.27507151348752,-73.25861832729652,-73.24725956096346,-73.24044875343694,-73.23685503080377,-73.23564393716066
3.479999999999937,-73.67681910234191,-73.74904710525597,-73.82447117837866,-73.88572362354269,-73.9290519726584,-73.95565148611212,-73.96815258911386,-73.96931823353162,-73.96159445615537,-73.94699537021869,-73.92711689064392,-73.90319464936452,-73.87617124607459,-73.84675911726033,-73.81549446656206,-73.78278167609201,-73.74892924120068,-73.71417876909838,-73.67872860115754,-73.6427535172067,-73.60642185381634,-73.56991117814988,-73.53342342210019,-73.49720018184344,-73.46153870513777,-73.42680871454378,-73.39346932544245,-73.36208343666962,-73.3333231660276,-73.30795253054276,-73.28676092525276,-73.2704051973585,-73.25912016943485,-73.25235795183299,-73.248790343878,-73.24758864875928
3.484999999999937,-73.68518710650889,-73.75741887985022,-73.83283156312439,-73.89408807146292,-73.93744305232312,-73.96409076869651,-73.97665817836591,-73.97790449757264,-73.97027253907007,-73.95577389680297,-73.93600263384408,-73.91219308379793,-73.88528697585897,-73.8559961913146,-73.82485660166111,-73.79227240737764,-73.75855201626882,-73.72393699735878,-73.6886256657604,-73.65279275263883,-73.61660648825656,-73.58024423581222,-73.54390757706732,-73.50783755130105,-73.47233056670044,-73.43775513036728,-73.40456865692798,-73.37333174142108,-73.34471349021655,-73.31947415756792,-73.29839873611917,-73.28213946411212,-73.27092733434611,-73.26421306633162,-73.26067115309779,-73.25947865569567
3.4899999999999367,-73.69353056378766,-73.76576563833474,-73.84116658888736,-73.90242679320659,-73.94580797207216,-73.97250338526365,-73.98513652990856,-73.98646289624178,-73.97892208174125,-73.96452316783454,-73.94485837045197,-73.92116072781701,-73.89437110020728,-73.86520081429504,-73.83418540931869,-73.80172890354913,-73.7681396163919,-73.7336590777023,-73.69848557535384,-73.66279379100685,-73.62675184807138,-73.59053690573842,-73.55435019637308,-73.51843220424716,-73.48307850153428,-73.448656385789,-73.41562158003843,-73.38453238902315,-73.35605492677946,-73.33094571069762,-73.30998536443832,-73.2938215573977,-73.28268149554238,-73.27601454477141,-73.27249791183336,-73.27131441413363
3.4949999999999366,-73.70184963627109,-73.77408754515325,-73.8494764220706,-73.91073995767763,-73.95414690407947,-73.98088951201635,-73.9935878246463,-73.99499361572263,-73.98754327612788,-73.97324338148299,-73.95368430524135,-73.93009779316799,-73.90342383819403,-73.8743732129571,-73.84348112432762,-73.81115140780174,-73.77769229354448,-73.7433452712736,-73.70830860065833,-73.67275691302687,-73.63685822440516,-73.60078948994281,-73.56475159334612,-73.52898446576243,-73.49378284688856,-73.45951283060168,-73.42662845741337,-73.39568575515308,-73.36734786445356,-73.34236759151091,-73.32152122408527,-73.30545190241881,-73.29438308808935,-73.28776283009452,-73.28427106847508,-73.28309637521363
3.4999999999999365,-73.7101444846024,-73.7823847632925,-73.8577612276103,-73.9190277322946,-73.96246001900464,-73.98924932360433,-74.00201224188388,-74.0034968405455,-73.99613631247573,-73.98193473413934,-73.96248064113706,-73.9390044896732,-73.9124454068899,-73.8835136119676,-73.85274397930233,-73.82054016105714,-73.78721029732705,-73.75299583673709,-73.71809500980159,-73.68268239670384,-73.64692590556602,-73.61100228747118,-73.57511207820724,-73.53949465767326,-73.50444393660514,-73.47032481103093,-73.43758964795985,-73.40679221158551,-73.37859268790096,-73.35374019733972,-73.33300672452035,-73.31703091980692,-73.30603254234063,-73.29945836041593,-73.29599106650433,-73.29482498512483
3.5049999999999364,-73.71841526798981,-73.79065745429725,-73.86602116899128,-73.9272902830059,-73.97074748600839,-73.99758299314054,-74.01040995934304,-74.01197275360445,-74.00470137933546,-73.99059742043502,-73.97124757923501,-73.94788102525172,-73.9214360213835,-73.89262223392767,-73.86197420470289,-73.82989540198916,-73.79669387499317,-73.76261103030559,-73.7278450683495,-73.69257051736396,-73.6569551770598,-73.62117559443712,-73.58543195810817,-73.54996309859321,-73.51506210116223,-73.48109266978165,-73.44850550690134,-73.41785212624423,-73.38978977776323,-73.36506392132613,-73.34444227084965,-73.32855902568504,-73.31763028400344,-73.3111015690913,-73.30765834456268,-73.30650068517478
3.5099999999999363,-73.7266621442211,-73.79890577828458,-73.87425640826126,-73.9355277743045,-73.9790094727678,-74.00589069221671,-74.01878115317884,-74.02042153617471,-74.01323866358045,-73.99923163326073,-73.97998531882187,-73.95672760594029,-73.93039589480335,-73.90169929939593,-73.87117202885962,-73.83921736704947,-73.80614327147683,-73.77219110576931,-73.73755903933615,-73.70242154768646,-73.66694632162417,-73.6313097040579,-73.59571153716948,-73.56039010396299,-73.52563766771712,-73.49181674608315,-73.45937638582559,-73.4288658632532,-73.40093951071542,-73.37633915247973,-73.35582826388497,-73.34003663172979,-73.3291767342038,-73.3226928847843,-73.31927333652085,-73.3181239118594
3.514999999999936,-73.73488526967836,-73.80712989395897,-73.88246710604587,-73.94374036924309,-73.9872461454914,-74.01417259091895,-74.02712599799591,-74.02884336792931,-74.02174835042436,-74.00783756378462,-73.9886940573942,-73.96554443591346,-73.93932523833894,-73.9107450269106,-73.88033767799654,-73.84850629049257,-73.81555872941864,-73.78173631452339,-73.74723718329336,-73.7122357577353,-73.67689961926182,-73.6414049066898,-73.6059511165182,-73.57077598609052,-73.53617096014821,-73.5024973757339,-73.47020263273231,-73.43983378298645,-73.41204225951894,-73.38756627573301,-73.36716510020217,-73.35146414523292,-73.34067230954977,-73.33423273153171,-73.33083647154525,-73.32969509693017
3.519999999999936,-73.74308479935199,-73.8153299586259,-73.8906534215625,-73.95192822944821,-73.99545766893415,-74.02242885784318,-74.03544466686418,-74.03723842695554,-74.03023062343856,-74.0164154014707,-73.9973739906779,-73.9743317175038,-73.94822426126227,-73.91975963301228,-73.889471376255,-73.85776240440053,-73.82494048919197,-73.79124690559578,-73.75687975828016,-73.72201341498979,-73.6868153472732,-73.65146148986295,-73.61615099432453,-73.58112105418981,-73.54666229909671,-73.5131348911457,-73.48098459207954,-73.45075624211769,-73.42309839307354,-73.39874567199614,-73.37845317219862,-73.36284196916101,-73.35211742219403,-73.34572152880804,-73.342348174164,-73.34121466746093
3.524999999999936,-73.75126088685496,-73.82350612820647,-73.8988155126349,-73.96009151513503,-74.00364420641225,-74.03065966011046,-74.04373733133495,-74.04560688977173,-74.0386856645691,-74.02496533409655,-74.00602531264657,-73.98308965122152,-73.9570931709483,-73.92874333226544,-73.89857334571673,-73.86698593870746,-73.83428878892896,-73.80072312567448,-73.76648701991138,-73.73175478437548,-73.69669378028904,-73.66147973831545,-73.62631146583819,-73.59142561441946,-73.5571120020071,-73.52372962138656,-73.4917226048293,-73.46163359366817,-73.43410827646812,-73.40987771821086,-73.3896928681499,-73.37417050221494,-73.36351247989533,-73.35715969158889,-73.35380886433167,-73.35268304591328
3.529999999999936,-73.75941368443664,-73.83165855725103,-73.90695353570702,-73.96823038512134,-74.01180591981749,-74.03886516338176,-74.05200416145614,-74.0539489313432,-74.047113654154,-74.03348754777144,-74.01464821554062,-73.99181843577414,-73.96593217289556,-73.93769633728016,-73.90764380642659,-73.87617712122349,-73.84360386454564,-73.81016521913428,-73.77605922138609,-73.74146012829362,-73.70653519030164,-73.67145993402691,-73.63643282342402,-73.60168996992039,-73.56752038316736,-73.53428189222323,-73.50241700849264,-73.4724661870546,-73.44507227103145,-73.42096278740328,-73.40088457226493,-73.38545013888739,-73.37485788607849,-73.3685476304129,-73.3652189574925,-73.36410065020068
3.5349999999999357,-73.76754334299665,-73.8397873989531,-73.91506764585692,-73.97634499684172,-74.01994296963197,-74.04704553187301,-74.06024532578799,-74.06226472509832,-74.05551477093957,-74.04198222695344,-74.02324288988521,-74.00051826808578,-73.9747414707468,-73.94661885873374,-73.9166829764152,-73.8853361776584,-73.85288594976706,-73.8195734280632,-73.78559661351562,-73.75112970665131,-73.71633984669677,-73.6814023562518,-73.64651535659699,-73.61191442085304,-73.5778877537482,-73.54479202616298,-73.51306813717372,-73.4832543681356,-73.4559907343809,-73.43200124873569,-73.41202866474062,-73.39668126952006,-73.38615403989348,-73.37988575144263,-73.37657886464298,-73.37546789375153
3.5399999999999356,-73.77565001209835,-73.84789280516294,-73.9231579968104,-73.98443550636136,-74.0280555149419,-74.05520092836949,-74.06846099141788,-74.07055444294436,-74.06388919209718,-74.05044955446682,-74.03180952450856,-74.00918934331608,-73.98352126630847,-73.95551110539135,-73.92569107172098,-73.89446333164526,-73.86213527615202,-73.82894799228859,-73.79509944475102,-73.76076377689023,-73.72610801628403,-73.69130728155201,-73.65655935205704,-73.62209926443406,-73.58821442184221,-73.55526034249463,-73.52367632161348,-73.49399847925791,-73.4668640204713,-73.44299346755777,-73.4231255218155,-73.4078642803595,-73.39740133627389,-73.39117445652452,-73.38788899239259,-73.38678518557067
3.5449999999999355,-73.7837338399823,-73.85597492640098,-73.93122474095448,-73.99250206838975,-74.03614371345182,-74.0633315142405,-74.07665132397558,-74.078818255283,-74.07223709323932,-74.05888971151916,-74.04034830655972,-74.01783185487886,-73.99227175957057,-73.96437328412702,-73.93466830641198,-73.90355880476314,-73.87135207311727,-73.83828914940284,-73.80456796121013,-73.77036259401542,-73.73583996332738,-73.70117498382872,-73.66656509372277,-73.63224479497237,-73.59850069250167,-73.56568715732908,-73.53424188923209,-73.50469885930131,-73.47769247964254,-73.45393980545681,-73.43417551582232,-73.41899955361212,-73.4086001659934,-73.40241414324784,-73.39914974302435,-73.39805293030074
3.5499999999999354,-73.79179497357958,-73.86403391187105,-73.93926802935088,-74.0005448362943,-74.04420772149851,-74.07143744945351,-74.08481648764793,-74.08705633102569,-74.08055864843578,-74.067302877718,-74.04885942152626,-74.02644599446093,-74.00099314872631,-73.97320559994384,-73.94361489260744,-73.91262281656005,-73.88053656796151,-73.84759713478847,-73.81400240670443,-73.77992641062359,-73.74553594957497,-73.71100573435461,-73.6765328627652,-73.64235130390446,-73.60874686777616,-73.57607278363885,-73.54476516417127,-73.51535584372327,-73.48847645866628,-73.46484062030667,-73.44517901523955,-73.43008746749807,-73.41975091572247,-73.41360520500214,-73.41036151455361,-73.40927152828142
3.5549999999999353,-73.79983355852482,-73.87206990947358,-73.94728801174902,-74.00856396211358,-74.0522476940647,-74.07951889258841,-74.09295664519351,-74.09526883760911,-74.08885403022975,-74.07568923108774,-74.05734305325167,-74.03503195204001,-74.00968563019106,-73.98200825599457,-73.9525310404993,-73.92165558457526,-73.88968898588907,-73.85687218164328,-73.8234030227652,-73.7894554769309,-73.75519623428859,-73.72079980180439,-73.68646293764048,-73.65241907982943,-73.61895324674956,-73.5864175312972,-73.55524646733532,-73.52596976460231,-73.49921630079196,-73.47569626631645,-73.45613638474224,-73.44112839630431,-73.43085396808284,-73.42474803103441,-73.42152470078592,-73.42044137560805
3.559999999999935,-73.80784973916933,-73.88008306581855,-73.95528483659936,-74.01655959657087,-74.06026378479241,-74.08757600085131,-74.10107195795702,-74.10345594100988,-74.097123409653,-74.08404894808558,-74.06579938395255,-74.04358991590317,-74.01834939862157,-73.99078145360126,-73.96141695837274,-73.93065732436139,-73.89880955003306,-73.86611452100487,-73.83277004866967,-73.79895004080025,-73.76482107427262,-73.73055745228574,-73.69635559412254,-73.66244840854311,-73.62912012557632,-73.59672170711674,-73.56568611643215,-73.53654095068111,-73.50991234579227,-73.48650709407802,-73.46704798525218,-73.45212271043664,-73.44190970170183,-73.43584300650426,-73.4326396913741,-73.43156286418926
3.564999999999935,-73.81584365859358,-73.88807352623824,-73.96325865106589,-74.02453188908669,-74.06825614599641,-74.09560893008825,-74.10916258588347,-74.11161780575944,-74.10536695624168,-74.09238220361813,-74.07422859423531,-74.05212007266397,-74.02698464693421,-73.9995253922748,-73.97027285262703,-73.93962824950609,-73.90789848147838,-73.87532438177475,-73.84210372146637,-73.80841034776861,-73.7744107239027,-73.74027894936941,-73.70621110533489,-73.67243957307215,-73.63924779751736,-73.60698561488702,-73.57608442601274,-73.54706972740883,-73.52056493000752,-73.49727345061301,-73.47791417398659,-73.46307077647111,-73.45291849126545,-73.44689051253916,-73.44370687187406,-73.44263638180358
3.569999999999935,-73.82381545861993,-73.89604143479977,-73.97120960103902,-74.03248098779207,-74.07622492867742,-74.103617834799,-74.11722868753246,-74.11975459495898,-74.11358483805165,-74.1006891710573,-74.08263086311348,-74.06062260728079,-74.03559156632382,-74.00824026973464,-73.97909892779614,-73.94856857165374,-73.91695599928448,-73.8845019907422,-73.8514042760005,-73.81783664107328,-73.78396543515365,-73.74996455411919,-73.71602974178215,-73.6823928537071,-73.64933655297511,-73.61720955541202,-73.58644170751118,-73.5575564169825,-73.53117438638944,-73.50799567941849,-73.48873530450669,-73.47397295720427,-73.46388070757084,-73.45789092628804,-73.45472662379994,-73.45366231215485
3.574999999999935,-73.83176527982552,-73.90398693431804,-73.97913783114845,-74.04040703954138,-74.0841702825352,-74.11160286815024,-74.12527042009191,-74.12786647029347,-74.12177722167337,-74.10897002225578,-74.09100636802366,-74.06909770307361,-74.04417034628175,-74.01692628192757,-73.98789538656855,-73.95747850052645,-73.9259823205076,-73.89364757260813,-73.8606719449387,-73.8272291616783,-73.79348545762734,-73.75961452512087,-73.72581177138102,-73.69230852803523,-73.65938667952818,-73.62739382654651,-73.59675826928256,-73.56800133838769,-73.54174104454417,-73.51867412051254,-73.49951172676492,-73.4848296117025,-73.47479671757735,-73.46884462097422,-73.46569932467774,-73.46464103492676
3.579999999999935,-73.83969326155403,-73.91191016636756,-73.9870434847751,-74.04831018992462,-74.09209235598128,-74.11956418198903,-74.13328793939183,-74.13595359204635,-74.12994427224683,-74.11722492756293,-74.09935528484202,-74.07754554174129,-74.05272117461381,-74.02558362304691,-73.99666242980723,-73.96635824394498,-73.93497766022256,-73.90276135000788,-73.86990695879355,-73.8365881483004,-73.80297103858005,-73.76922911851139,-73.73555745949083,-73.70218687097277,-73.66939846196566,-73.6375387232323,-73.60703441664178,-73.57840480743917,-73.55226523077475,-73.52930911047868,-73.51024378715158,-73.4956410953508,-73.48566688445702,-73.4797519659472,-73.47662534809865,-73.47557292583647
3.5849999999999347,-73.84759954192822,-73.91981127129492,-73.99492670406356,-74.05619058328007,-74.09999129615186,-74.1275019268559,-74.14128139991804,-74.14401611911333,-74.13808615347648,-74.12545405584007,-74.10767778790049,-74.08596630337838,-74.06124423745788,-74.03421248555077,-74.00540025656923,-73.97520800784932,-73.94394223154478,-73.91184354353426,-73.87910954594771,-73.84591383743424,-73.81242242294923,-73.77880858800705,-73.74526706894342,-73.71202815479667,-73.67937218232032,-73.64764453753365,-73.61727045190064,-73.58876713682004,-73.56274726812254,-73.53990098250935,-73.52093182854063,-73.50640775990044,-73.49649156764407,-73.49061332673399,-73.48750506377121,-73.48645835668775
3.5899999999999346,-73.85548425786209,-73.92769038823091,-74.00278762993449,-74.06404836270659,-74.10786724892039,-74.13541625199773,-74.14925095482545,-74.15205420901655,-74.14620302764543,-74.13365757447556,-74.11597405000259,-74.09436016649197,-74.06973971930172,-74.04281306018078,-74.01410906412495,-73.98402799631924,-73.95287624565172,-73.92089437176026,-73.88827993267765,-73.85520646337767,-73.82183985337997,-73.78835318493161,-73.75494086007285,-73.7218326491758,-73.68930811990194,-73.65771155867202,-73.62746667440456,-73.59908863612071,-73.57318747640834,-73.5504500664493,-73.53157619033492,-73.5171299535162,-73.50727112288395,-73.50142906508911,-73.4983388375724,-73.49729769542219
3.5949999999999345,-73.86334754507224,-73.93554765510231,-74.01062640209626,-74.07188367007576,-74.11572035890985,-74.14330730538049,-74.15719675595118,-74.16006801791819,-74.15429505563009,-74.14183564940005,-74.12424424243915,-74.10272730801795,-74.07820780299978,-74.05138553597988,-74.02278904797723,-73.99281841159399,-73.96177991180355,-73.92991405126094,-73.89741834317715,-73.86446625825633,-73.83122357025124,-73.79786315824376,-73.76457909074446,-73.73160062120196,-73.69920655132987,-73.6677400730608,-73.63762338056935,-73.60936961187717,-73.58358617227252,-73.56095668883769,-73.54217720851025,-73.5278080208222,-73.51800590228096,-73.51219953904385,-73.50912703159788,-73.50809130617017
3.5999999999999344,-73.87118953809049,-73.94338320864384,-74.01844315905701,-74.0796966460438,-74.1235507695051,-74.15117523370199,-74.1651189538279,-74.16805770063418,-74.16236239691416,-74.14998844510107,-74.13248853500374,-74.11106790333731,-74.08664866979068,-74.05993010031052,-74.03144040188008,-74.00157945409224,-73.97065343736443,-73.93890279663574,-73.90652499958041,-73.8736934520482,-73.84057381170153,-73.8073387545645,-73.77418201638375,-73.74133233541987,-73.70906775056484,-73.67773036433883,-73.6477408639164,-73.61961036760864,-73.59394366921474,-73.57142117294974,-73.55273521565907,-73.53844230294776,-73.52869625434538,-73.52292510295499,-73.51987000421181,-73.51883954930106
3.6049999999999343,-73.8790103702748,-73.95119718440955,-74.02623803813628,-74.08748743006356,-74.13135862286512,-74.15902018240448,-74.17301769769671,-74.17602341064757,-74.1704052096028,-74.1581161246376,-74.14070709600809,-74.11938212629215,-74.09506249931366,-74.06844693887206,-74.04006331785732,-74.01031132243175,-73.97949702782282,-73.94786082052978,-73.91560012198484,-73.88288827260752,-73.84989081365431,-73.8167802182036,-73.78374989000434,-73.75102805385734,-73.7188919889407,-73.68768271340377,-73.65781941510822,-73.6298112038546,-73.60426027763289,-73.58184383883764,-73.56325054103341,-73.54903313757167,-73.53934252403992,-73.5336061075523,-73.5305681100952,-73.52954278147243
3.609999999999934,-73.88681017382105,-73.95898971678467,-74.03401117547662,-74.09525616039622,-74.13914405993485,-74.16684229568673,-74.18089313551971,-74.18396530012181,-74.17842365043622,-74.16621884965473,-74.14890009229704,-74.12767014920162,-74.10344946962553,-74.07693623571843,-74.04865798622089,-74.01901421344833,-73.98831088681179,-73.95678833365555,-73.92464392847354,-73.8920509456886,-73.85917480984305,-73.82618779118648,-73.79328296223626,-73.76068803605443,-73.72867953519523,-73.69759739844487,-73.6678593219827,-73.63997241821131,-73.61453630486152,-73.59222500337087,-73.5737235105869,-73.5595808589664,-73.54994505282515,-73.54424289998543,-73.5412217002939,-73.54020135567818
3.614999999999934,-73.89458907977459,-73.9667609389968,-74.041762706055,-74.10300297412294,-74.14690722045714,-74.17464171651635,-74.18874541399282,-74.19188351991392,-74.18641787480358,-74.1742967803978,-74.15706768926356,-74.13593214287741,-74.1118097572167,-74.08539817327512,-74.05722459558892,-74.02768832221508,-73.99709521612904,-73.96568554481351,-73.93365663513742,-73.90118169496895,-73.86842603183561,-73.8355617132796,-73.80278148135288,-73.7703125390927,-73.73843065550112,-73.70747469497543,-73.67786086958745,-73.65009430536763,-73.62477205520952,-73.60256498027597,-73.58415444701627,-73.57008579804113,-73.56050417870424,-73.55483582386998,-73.5518311222655,-73.55081562129607
3.619999999999934,-73.9023472180411,-73.97451098312716,-74.04949276369422,-74.11072800715624,-74.15464824298454,-74.18241858664196,-74.1965746785583,-74.19977821958733,-74.19438803675638,-74.18235007572659,-74.16521005086365,-74.14416827663926,-74.12014353702766,-74.09383293235625,-74.06576333290339,-74.03633384206087,-74.00585021575644,-73.97455266091319,-73.9426384560972,-73.91028074207273,-73.87764470905887,-73.84490222201656,-73.81224569329834,-73.77990181762338,-73.74814561349565,-73.71731487586432,-73.68782434021308,-73.66017715714024,-73.63496782999732,-73.61286408017514,-73.59454366980208,-73.58054828238434,-73.57102023626693,-73.56538521933282,-73.56239671992573,-73.56138592413467
3.624999999999934,-73.91008471739814,-73.98223998012183,-74.05720148107406,-74.11843139425143,-74.1623672648907,-74.19017304660503,-74.20438107341691,-74.20764954742494,-74.20233428902185,-74.19037889312906,-74.17332733963055,-74.1523787183302,-74.12845098246477,-74.10224069218143,-74.07427438344808,-74.04495096458918,-74.01457608387969,-73.98338988699346,-73.95158960352464,-73.91934830659282,-73.88683106882232,-73.85420955272306,-73.82167584171405,-73.78945612389585,-73.7578246703107,-73.72711821136735,-73.69775001342626,-73.6702212625085,-73.64512392759322,-73.62312261062485,-73.60489149524888,-73.59096863630552,-73.5814935567332,-73.57589142305675,-73.57291883369372,-73.57191260647897
3.6299999999999337,-73.91780170550574,-73.98994805980259,-74.06488898974226,-74.12611326901782,-74.17006442238198,-74.19790523575159,-74.21216474154015,-74.21549765044138,-74.21025678301605,-74.1983833887353,-74.18141971668933,-74.16056363433147,-74.13673226541601,-74.11062163039199,-74.08275793086547,-74.05353987969596,-74.0232730169074,-73.99219742624285,-73.96051028766423,-73.92838460611391,-73.89598533634192,-73.86348393854189,-73.83107216796489,-73.79897570778503,-73.76746808460172,-73.73688496915835,-73.70763816610233,-73.68022690764867,-73.65524064344974,-73.63334087615361,-73.61519823652486,-73.60134718087633,-73.59192446799521,-73.58635476832393,-73.58339780053679,-73.58239600713577
3.6349999999999336,-73.9254983089175,-73.99763535087796,-74.07255542012551,-74.13377376392967,-74.17773985050876,-74.20561529224402,-74.21992582468242,-74.22332267439587,-74.21815566885698,-74.20636371733099,-74.18948734177114,-74.16872318957769,-74.14498755626684,-74.11897592306772,-74.09121415717428,-74.06210077558798,-74.03194120949009,-74.00097548001942,-73.96940071685373,-73.93738985623406,-73.9051077347634,-73.87272561045758,-73.84043491116512,-73.80846081681896,-73.7770761125767,-73.74661541435901,-73.71748907245713,-73.69019437596748,-73.66531827013863,-73.64351917829896,-73.6254642037002,-73.61168423397105,-73.60231329465992,-73.5967755850596,-73.59383395401453,-73.59283646147811
3.6399999999999335,-73.93317465309131,-74.0053019809539,-74.08020090154032,-74.14141301033723,-74.18539368317649,-74.21330335307245,-74.22766446339281,-74.23112476380447,-74.22603109537734,-74.21432003237092,-74.19753037322712,-74.17685754757123,-74.15321702391519,-74.12730374474275,-74.09964324278621,-74.07063383880033,-74.04058085453872,-74.00972424787025,-73.9782610975452,-73.94636427058677,-73.91419848518488,-73.88193479732034,-73.84976430820397,-73.81791169620541,-73.7866490080244,-73.75630980956927,-73.7273030040785,-73.70012394813537,-73.67535709738593,-73.65365781564397,-73.63568970378586,-73.62198011030638,-73.61266035808967,-73.60715419987385,-73.60422762432177,-73.60323430148863
3.6449999999999334,-73.9408308624,-74.01294807654445,-74.08782556220366,-74.14903113847771,-74.19302605315697,-74.22096955406606,-74.23538079702675,-74.23890406195207,-74.23388321013725,-74.22225248599207,-74.20554896804222,-74.18496687039676,-74.16142083578684,-74.13560526842137,-74.1080453665227,-74.07913925421416,-74.04919214324325,-74.01844392755105,-73.98709163432503,-73.95530806086225,-73.92325780667979,-73.89111172587008,-73.85906059377066,-73.82732858885852,-73.79618702234228,-73.76596841489646,-73.73708022995741,-73.71001590211915,-73.68535741210623,-73.66375708385353,-73.64587504077073,-73.63223512148053,-73.6229659764432,-73.61749093610376,-73.61457913833128,-73.61358985580299
3.6499999999999333,-73.94846706014162,-74.02057376308214,-74.09542952924348,-74.15662827748574,-74.20063709209897,-74.22861402990453,-74.24307496375786,-74.24666071090476,-74.24171215943697,-74.23016122902695,-74.21354328184904,-74.19305131873581,-74.16959915785051,-74.1438806655941,-74.11642070563133,-74.08761720507391,-74.05777526509085,-74.02713471504516,-73.99589252993444,-73.96422143682868,-73.93228591631902,-73.90025662075969,-73.86832400037906,-73.8367117354249,-73.80569040456413,-73.77559148798441,-73.74682101651848,-73.7198705132141,-73.69531949843655,-73.67381727570941,-73.65602051565888,-73.64244957601174,-73.63323046471518,-73.6277861138542,-73.62488881963563,-73.6239034497517
3.654999999999933,-73.95608336855011,-74.02817916492855,-74.10301292870913,-74.16420455540403,-74.20822693053947,-74.2362369141291,-74.25074710058941,-74.25439485152165,-74.2495180883291,-74.23804641101638,-74.22151346894127,-74.20111105188052,-74.1777521546324,-74.15213010625287,-74.12476943580228,-74.09606787300433,-74.06633040788368,-74.03579680458246,-74.00466398528907,-73.97310460635316,-73.94128302919297,-73.90936970457857,-73.87755475839231,-73.84606137430923,-73.81515940138704,-73.78517928404193,-73.7565256276499,-73.72968805407554,-73.70524363776927,-73.68383868114512,-73.6661264265058,-73.65262377937604,-73.64345413477561,-73.63804005003806,-73.63515698858825,-73.63417540540205
3.659999999999933,-73.96367990880555,-74.03576440538451,-74.11057588558197,-74.17176009919397,-74.21579569791389,-74.2438383391534,-74.25839734336546,-74.26210662346655,-74.25730114063091,-74.24590818022222,-74.22945968228692,-74.20914622774791,-74.18587998923107,-74.16035375890654,-74.13309173118417,-74.10449143802751,-74.07485775775687,-74.04443038865801,-74.01340619949862,-73.98195777542226,-73.95024935843327,-73.91845119787503,-73.88675309604673,-73.85537774169975,-73.82459425719813,-73.7947320558711,-73.7661943247333,-73.73946879475011,-73.71513010878519,-73.6938215872805,-73.6761930684546,-73.66275803404523,-73.65363729540843,-73.64825305841623,-73.64538396234394,-73.64440604159876
3.664999999999933,-73.9712568010439,-74.04332960670021,-74.11811852378511,-74.17929503474585,-74.22334352256713,-74.2514184362745,-74.2660258267824,-74.26979616521976,-74.26506145893654,-74.2537466836402,-74.23738207354171,-74.21715700289361,-74.1939828233318,-74.16855179059587,-74.14138776440012,-74.11288807857935,-74.08335749919567,-74.05303565805023,-74.02211936988613,-73.99078114816226,-73.959185115234,-73.9275013191792,-73.89591923947573,-73.86466107159337,-73.83399521410108,-73.80425005389476,-73.77582736667259,-73.74921300270637,-73.72497918748562,-73.70376627845525,-73.68622073377074,-73.67285263952255,-73.66378025234964,-73.65842544963671,-73.65557005489875,-73.65459567400433
3.669999999999933,-73.97881416436768,-74.05087489008538,-74.1256409661941,-74.18680948688915,-74.23087053176356,-74.2589773356836,-74.27363268439967,-74.2774636140895,-74.27279918462894,-74.26156206701239,-74.24528079306215,-74.22514353252551,-74.20206081722083,-74.1767243669087,-74.14965770656327,-74.12125797152613,-74.09182981505309,-74.06161280183936,-74.03080369200714,-73.99957492685918,-73.96809050887295,-73.93652028502486,-73.90505341273284,-73.87391159581979,-73.84336251194175,-73.81373352618415,-73.78542500992323,-73.75892094286516,-73.73479114722403,-73.71367303626216,-73.69620971187723,-73.68290789237959,-73.67388330832432,-73.66855753127253,-73.66571557712898,-73.66474461513852
3.6749999999999328,-73.9863521168555,-74.05840037571929,-74.13314333464636,-74.19430357940257,-74.23837685169765,-74.26651516647657,-74.28121804865123,-74.28510910622327,-74.28051445789156,-74.26935447483925,-74.25315598991813,-74.23310597051704,-74.21011412979944,-74.1848716519945,-74.15790172729244,-74.12960129218068,-74.10027488656644,-74.07016200742498,-74.0394593596683,-74.0083393119787,-73.9769657467323,-73.94550830997169,-73.91415583781513,-73.88312954406636,-73.85269638833397,-73.82318271848561,-73.79498750852005,-73.76859287762927,-73.74456625873752,-73.72354213958,-73.70616028938854,-73.6929240862915,-73.68394676308372,-73.67864960786007,-73.67582083682998,-73.67485317441727
3.6799999999999327,-73.99387077557188,-74.06590618276019,-74.14062574995145,-74.2017774350243,-74.2458626075042,-74.27403205666455,-74.2887820508559,-74.29273277661926,-74.28820741772023,-74.27712405039213,-74.26100781190587,-74.24104446942073,-74.21814291859776,-74.19299380857898,-74.16611999472717,-74.13791821431842,-74.10869289337477,-74.07868346054393,-74.04808656494617,-74.0170745021857,-73.98581103431931,-73.95446560662664,-73.92322673468576,-73.89231514390178,-73.86199707868467,-73.832597874247,-73.80451511410536,-73.7782290669127,-73.75430479017743,-73.73337386460582,-73.71607275014448,-73.70290151207227,-73.69397091344148,-73.68870198093614,-73.68588613875386,-73.68492165819119
3.6849999999999326,-74.00137025657716,-74.07339242935551,-74.14808833190062,-74.20923117546148,-74.2533279232682,-74.28152813318434,-74.2963248212284,-74.3003347591373,-74.29587820193476,-74.28487093572531,-74.2688364055605,-74.24895918048112,-74.22614733978885,-74.20109099797854,-74.17431267554291,-74.14620891019307,-74.11708401353486,-74.08717734528767,-74.05668549820543,-74.02578069436323,-73.99462657528636,-73.96339238566524,-73.9322663212963,-73.90146862079946,-73.87126481621867,-73.84197923464407,-73.81400807595645,-73.78782976816962,-73.76400700713957,-73.74316848488611,-73.7259473752431,-73.71284045770884,-73.70395605330924,-73.69871494907456,-73.6959117846471,-73.69495036978314
3.6899999999999324,-74.00885067493682,-74.08085923265119,-74.15553119927662,-74.21666492140041,-74.26077292203509,-74.28900352190858,-74.3038464888899,-74.30791518650983,-74.30352694719012,-74.2925952716877,-74.27664191616844,-74.25685025364812,-74.23412754820204,-74.20916338011449,-74.182479934966,-74.15447355055247,-74.125448423538,-74.09564384411952,-74.06525634811676,-74.03445808363169,-74.00341257145102,-73.97228885585271,-73.9412748136091,-73.91059019816124,-73.88049983200324,-73.8513270386061,-73.82346664101267,-73.79739523642297,-73.77367317269436,-73.7529262713489,-73.73578444307346,-73.7227412083952,-73.71390247373152,-73.70868880792226,-73.70589807328713,-73.70493960952555
3.6949999999999323,-74.01631214473142,-74.08830670880134,-74.1629544698632,-74.22407879251604,-74.26819772582041,-74.29645834765587,-74.31134718187836,-74.31547419035296,-74.31115378898802,-74.30029719793481,-74.28442448777966,-74.26471783758929,-74.2420836973363,-74.21721111352713,-74.19062193678826,-74.16271230465387,-74.13378629832596,-74.10408313789144,-74.07379930167497,-74.0431068633676,-74.01216922281576,-73.98115522406462,-73.95025242561896,-73.91968009733998,-73.88970235497223,-73.86064152284132,-73.8328910539021,-73.80692572429217,-73.78330354741591,-73.76264749233395,-73.74558422934777,-73.73260404656595,-73.72381046292062,-73.7186238502347,-73.71584530051838,-73.71488967479645
3.6999999999999322,-74.02375477906558,-74.0957349729776,-74.1703582604545,-74.2314729074815,-74.2756024556198,-74.30389273420109,-74.31882702715912,-74.32301190117704,-74.31875886168787,-74.30797685294019,-74.29218426321987,-74.272562079703,-74.25001593937368,-74.22523435538943,-74.19873884338158,-74.17092534027918,-74.14209781130717,-74.11249540586103,-74.08231454421636,-74.05172722522192,-74.02089672758726,-73.98999169530718,-73.95919936937426,-73.92873853766203,-73.89887261194956,-73.86992292186176,-73.84228155696773,-73.81642148202103,-73.79289838941129,-73.77233241362326,-73.75534700713301,-73.74242925192898,-73.73368030629058,-73.72852036591112,-73.72575375928828,-73.724800860056
3.704999999999932,-74.03117869007747,-74.10314413937834,-74.17774268686452,-74.23884738397764,-74.28298723141847,-74.31130680428484,-74.32628615063499,-74.33052844839732,-74.32634229851799,-74.3156343740072,-74.2999213841024,-74.28038312613073,-74.25792442519226,-74.23323326152104,-74.20683081571228,-74.17911282374995,-74.15038313437216,-74.12088082570789,-74.09080225943619,-74.06031935913842,-74.02959528219571,-73.9987984727376,-73.96811585499886,-73.93776573645025,-73.90801082767327,-73.87917146800827,-73.85163839029366,-73.82588275750489,-73.80245795434894,-73.78198129847102,-73.76507304688204,-73.75221710149785,-73.74351228649019,-73.73837864202835,-73.73562373968181,-73.73467345688148
3.709999999999932,-74.03858398894795,-74.11053432123812,-74.18510786393637,-74.2462023387025,-74.29035217220087,-74.31870067962382,-74.33372467715644,-74.33802396034457,-74.33390423158635,-74.32326989728008,-74.30763599084024,-74.28818112176941,-74.26580930437909,-74.24120798640142,-74.21489801335521,-74.18727491994234,-74.15864243790942,-74.12923957355011,-74.09926262940587,-74.06888345337173,-74.03826508131374,-74.00757575768395,-73.97700209071242,-73.94676190904504,-73.91711722481807,-73.88838739147441,-73.86096179173032,-73.8353097963173,-73.81198249548653,-73.79159440763279,-73.77476261646437,-73.76196786962389,-73.75330668343666,-73.74819896287524,-73.7454555289564,-73.7445077540024
3.714999999999932,-74.04597078590972,-74.11790563083647,-74.19245390555128,-74.25353788738033,-74.29769739596009,-74.32607448092003,-74.34114273053154,-74.34549856427526,-74.34144479189146,-74.33088355775546,-74.3153282226576,-74.29595621028392,-74.2736707252432,-74.24915868318375,-74.22294059450779,-74.19541179230166,-74.16687589082068,-74.13757182396027,-74.10769583458983,-74.07741969450494,-74.04690631787497,-74.0163237496647,-73.98585828285125,-73.95572726882664,-73.92619202401835,-73.89757092033074,-73.87025199691993,-73.84470284173663,-73.82147226369922,-73.80117199939471,-73.78441598119619,-73.77168182802723,-73.76306377434757,-73.75798160998573,-73.75524941157582,-73.75430403733466
3.719999999999932,-74.05333919025634,-74.12525817950731,-74.19978092463782,-74.260854144771,-74.30502301970726,-74.33342832787073,-74.34854043353606,-74.35295238638201,-74.34896410933307,-74.33847548929315,-74.32299821760152,-74.30370853411871,-74.28150883482785,-74.25708550370757,-74.2309587160039,-74.20352360285693,-74.17508366053606,-74.1458777499815,-74.11610205386211,-74.08592826746724,-74.05551918309243,-74.02504264640798,-73.9946846358887,-73.96466202723649,-73.9352354438908,-73.90672228054824,-73.87950923932105,-73.85406213477202,-73.83092750750643,-73.81071432960199,-73.79403340387066,-73.78135924582826,-73.77278383377305,-73.76772686217166,-73.76500566924335,-73.76406259001429
3.7249999999999317,-74.06068931035107,-74.13259207764742,-74.20708903318072,-74.2681512246789,-74.31232915948074,-74.34076233917776,-74.35591790792304,-74.36038555180362,-74.35646231272264,-74.34604582462744,-74.33064611255344,-74.31143823451036,-74.28932377892343,-74.26498859851233,-74.23895253332748,-74.21161051223528,-74.18326591302906,-74.15415752314283,-74.12448146452293,-74.09440935555119,-74.06410386647683,-74.03373264387085,-74.00348135245507,-73.97356639379792,-73.94424770105623,-73.91584169602166,-73.88873375023333,-73.86338791418902,-73.84034847309893,-73.8202216516868,-73.80361514478636,-73.79100038957752,-73.78246713362724,-73.7774349955552,-73.77472458093501,-73.7737836924307
3.7299999999999316,-74.0680212536356,-74.13990743472557,-74.21437834222985,-74.27542923996201,-74.31961593035533,-74.34807663255697,-74.36327527443264,-74.36779818463523,-74.36393952979384,-74.3535946953778,-74.33827204324032,-74.31914545149893,-74.2971157020795,-74.27286811684995,-74.24692220062602,-74.21967267967584,-74.19142281283146,-74.16241131347533,-74.13283424231521,-74.10286314042993,-74.07266055585448,-74.04239393625811,-74.01224863335743,-73.98244057613731,-73.95322901016175,-73.92492938859252,-73.89792575882127,-73.8726804165349,-73.84973540436557,-73.82969421669645,-73.81316146177717,-73.80060552328624,-73.79211394321939,-73.7871062836007,-73.78440642293205,-73.78346762225945
3.7349999999999315,-74.07533512663912,-74.1472043592912,-74.22164896190893,-74.28268830254069,-74.32688344645125,-74.35537132474752,-74.37061265280174,-74.37519040793813,-74.37139588721278,-74.36112223205963,-74.345876144246,-74.32683032393966,-74.30488474761697,-74.28072420669764,-74.25486787072383,-74.22771026304382,-74.19955452304775,-74.17063928952687,-74.14116056144019,-74.11128980217376,-74.08118943738496,-74.05102671604074,-74.02098667759927,-73.99128478000456,-73.96217958390218,-73.93398557807166,-73.9070854921383,-73.88193987616374,-73.85908854291891,-73.83913227332029,-73.82267261024003,-73.81017490845547,-73.80172452928412,-73.79674099714595,-73.79405146885254,-73.79311465449464
3.7399999999999314,-74.08263103498645,-74.15448295898287,-74.22890100142409,-74.28992852340646,-74.33413182094317,-74.36264653152114,-74.37793016177326,-74.38256234374967,-74.37883151058831,-74.3686285640948,-74.35345854902215,-74.33449298951467,-74.31263105764035,-74.28855701477062,-74.26278969513538,-74.23572341884436,-74.20766120536972,-74.17884161837745,-74.14946059457363,-74.11968951926717,-74.08969069557853,-74.05963117397444,-74.02969568239965,-74.00009920929311,-73.97109963304128,-73.94301048226171,-73.91621317515003,-73.89116652526077,-73.86840812812136,-73.84853606791674,-73.83214884316325,-73.8197088041055,-73.81129915601178,-73.80633940443305,-73.8036599896831,-73.80272506148043
3.7449999999999313,-74.08990908340681,-74.16174334053706,-74.23613456907275,-74.2971500126308,-74.34136116606894,-74.36990236769103,-74.3852279191057,-74.38991411309284,-74.386246524482,-74.37611381982231,-74.3610193898992,-74.34213358474443,-74.32035477304967,-74.29636668653453,-74.2706878240783,-74.24371230223606,-74.21574302009073,-74.18701846565425,-74.1577345128814,-74.12806246862478,-74.09816451331342,-74.0682074991176,-74.03837584321234,-74.00888406606029,-73.9799893664328,-73.95200431697894,-73.92530903075752,-73.90036059386672,-73.87769439711049,-73.85790584453989,-73.8415904111542,-73.82920746680442,-73.82083808507807,-73.81590177113895,-73.81323225380974,-73.81229911294224
3.749999999999931,-74.0971693757424,-74.16898560979637,-74.24334977225175,-74.30435287937365,-74.34857159313856,-74.377138947121,-74.39250604158235,-74.39724583598604,-74.39364105241812,-74.38357812650841,-74.36855879809721,-74.34975224499875,-74.32805603355199,-74.30415336621759,-74.27856240648597,-74.25167706704453,-74.22380012611976,-74.19516999554627,-74.16598248603475,-74.13640882560806,-74.10661107185291,-74.07675587884923,-74.04702735374434,-74.01763955054652,-73.98884899104111,-73.96096729607505,-73.93437327981985,-73.90952230990169,-73.88694758482384,-73.86724184496548,-73.85099756246628,-73.83867115069631,-73.830341575673,-73.8254283604053,-73.82276852704855,-73.82183707601799
3.754999999999931,-74.10441201495652,-74.17620987171809,-74.250546717466,-74.31153723189189,-74.35576321254263,-74.38435638273437,-74.39976464502044,-74.4045576314525,-74.40101521689361,-74.39102161035716,-74.37607690373653,-74.35734910450815,-74.33573497767321,-74.31191719682286,-74.2864135900206,-74.25961786577564,-74.23183268099524,-74.20329637081889,-74.17420468222599,-74.14472876404106,-74.1150305508621,-74.08527649888649,-74.05565040597453,-74.02636586119509,-73.99767871196156,-73.96989963145873,-73.94340614117682,-73.91865189918873,-73.89616792402383,-73.87654430871686,-73.86037054302614,-73.84810010752932,-73.83980988453001,-73.83491943286805,-73.83226907267544,-73.83133921528787
3.759999999999931,-74.11163710314197,-74.18341623038233,-74.25772551033661,-74.31870317754776,-74.36293613376105,-74.39155478652273,-74.40700384428023,-74.41184961752958,-74.40836913938766,-74.39844439652028,-74.38357383584832,-74.36492429637478,-74.34339174276953,-74.31965832014018,-74.29424152108541,-74.26753484962843,-74.23984084089895,-74.21139775282835,-74.1824012681831,-74.15302245622624,-74.1234231284243,-74.09376954330214,-74.064245190172,-74.03506319467134,-74.00647873244071,-73.97880153311634,-73.95240783167084,-73.92774958547697,-73.9053556453218,-73.8858134730901,-73.86970959645974,-73.85749458668282,-73.84924326595393,-73.84437524668637,-73.84173415145601,-73.84080579280453
3.764999999999931,-74.11884474152919,-74.19060478900039,-74.2648862556094,-74.32585082281727,-74.37009046537142,-74.39873426955462,-74.41422375327403,-74.41912191127822,-74.41570294037149,-74.40584660910743,-74.39104972238505,-74.37247795258332,-74.35102646503884,-74.32737687675817,-74.30204634483742,-74.27542816850855,-74.24782476066947,-74.21947430153587,-74.19057240918505,-74.16129007296024,-74.13178898105795,-74.10223519454193,-74.07281189491401,-74.04373174588136,-74.01524925389616,-73.98767320913328,-73.96137856616897,-73.93681559046469,-73.91451097720233,-73.89504957317934,-73.87901496411877,-73.86685483519477,-73.85864197184911,-73.85379605757149,-73.85116402167459,-73.85023706812257
3.7699999999999307,-74.12603503049426,-74.19777564992255,-74.27202905716261,-74.33298027329829,-74.37722631505758,-74.40589494198419,-74.42142448497505,-74.42637462879215,-74.42301673931789,-74.41322837119588,-74.3985046902308,-74.38001020401181,-74.35863927953194,-74.33507300607583,-74.30982820519942,-74.28329797104064,-74.25578459381566,-74.22752617552182,-74.19871826907624,-74.16953178354906,-74.14012828373201,-74.11067363344124,-74.08135070710371,-74.05237170799079,-74.02399047593597,-73.99651486571416,-73.97031855758449,-73.94585013382157,-73.92363414604625,-73.90425284190101,-73.88828688510586,-73.87618109778798,-73.86800625174693,-73.86318211881478,-73.86055893916307,-73.85963329832728
3.7749999999999306,-74.13320806956709,-74.20492891464635,-74.27915401801535,-74.34009163371877,-74.38434378961772,-74.41303691305964,-74.42860615142615,-74.43360788520668,-74.43031065471051,-74.42058980484057,-74.40593886521145,-74.3875211804422,-74.36623032016367,-74.34274684631426,-74.31758724487216,-74.29114440458127,-74.26372049252994,-74.23555353199949,-74.20683901028109,-74.17774775582349,-74.14844120988248,-74.11908503924175,-74.08986181198772,-74.06098327244314,-74.03270259637813,-74.00532670720324,-73.97922801689786,-73.95485343321128,-73.93272537615466,-73.91342351001873,-73.89752559630055,-73.88547361689682,-73.87733635283291,-73.8725336813156,-73.86991915732906,-73.86899473806355
3.7799999999999305,-74.14036395743922,-74.2120646838245,-74.2862612403354,-74.3471850079449,-74.39144299497273,-74.42016029113181,-74.43576886374862,-74.44082179470809,-74.43758480405336,-74.42793103108365,-74.41335237210487,-74.39501101057094,-74.37379971972378,-74.35039853452794,-74.32532360534638,-74.29896761523132,-74.27163260770126,-74.24355652682871,-74.21493479381849,-74.18593815615402,-74.15672793142798,-74.12746958960835,-74.0983453931735,-74.06956662897817,-74.04138581126975,-74.01410893610428,-73.98810715317806,-73.96382570431328,-73.9417848897715,-73.9225618061669,-73.90673133238369,-73.89473263269278,-73.88663251997338,-73.88185099360875,-73.87924492718393,-73.87832163956354
3.7849999999999304,-74.14750279197159,-74.21918305727259,-74.29335082544698,-74.35426049898882,-74.39852403617431,-74.42726518366226,-74.44291273215063,-74.44801647054224,-74.44483930387986,-74.43525216996392,-74.42074533465065,-74.40247982201925,-74.38134760988792,-74.35802820661624,-74.33303742691466,-74.30676774784838,-74.27952108892812,-74.25153531452968,-74.22300577931578,-74.1941031494658,-74.1649886187854,-74.13582746064532,-74.10680163264648,-74.07812196564952,-74.05004031490546,-74.0228617531005,-73.9969561736031,-73.97276716084451,-73.95081290710601,-73.93166795687418,-73.91590432586216,-73.90395838310997,-73.89589499574171,-73.89113430189143,-73.88853649737007,-73.88761425267488
3.7899999999999303,-74.15462467020254,-74.22628413397695,-74.3004228738388,-74.36131820901684,-74.40558701741293,-74.43435169723179,-74.45003786593584,-74.45519202502346,-74.45207426976215,-74.44255334052676,-74.42811787556033,-74.40992774134367,-74.38887412122824,-74.3656359973345,-74.34072884868296,-74.31454494605904,-74.28738608453145,-74.25949004829604,-74.23105212502297,-74.20224289925312,-74.17322344088507,-74.14415882691213,-74.11523071078686,-74.08664946884277,-74.05866629984645,-74.0315853570738,-74.00577528348025,-73.98167801458064,-73.95980964635541,-73.94074218658714,-73.92504480709337,-73.91315110387055,-73.90512402044448,-73.90038385004969,-73.89779411418826,-73.89687282488772
3.79499999999993,-74.16172968835534,-74.23336801210239,-74.30747748517155,-74.36835823935695,-74.41263204202598,-74.4414199375485,-74.45714437351184,-74.46234856954332,-74.45928981631992,-74.44983466083302,-74.43547011652691,-74.41735489404591,-74.39637938322413,-74.37322204030517,-74.3483980085824,-74.32229935227087,-74.29522774156709,-74.26742088000827,-74.23907398782633,-74.210357567594,-74.18143256518601,-74.15246386143966,-74.12363280638635,-74.09514932329256,-74.06726395693848,-74.04027994512398,-74.0145646862664,-73.99055847537726,-73.96877532372679,-73.94978471769315,-73.93415300430881,-73.92231102850918,-73.91431983214696,-73.90959987968506,-73.90701802162422,-73.90609760136181
3.79999999999993,-74.1688179418457,-74.24043478899975,-74.31451475828577,-74.37538069050684,-74.41965921250538,-74.4484700094558,-74.4642323623984,-74.46948621457915,-74.46648605722963,-74.45709624796874,-74.44280217823464,-74.42476140458326,-74.40386352427264,-74.38078646802875,-74.35604504338052,-74.33003110768445,-74.30304620583829,-74.27532796024666,-74.24707152326239,-74.21844731516462,-74.18961615769109,-74.16074273574583,-74.13200809666445,-74.10362171210008,-74.07583347532997,-74.04894571258792,-74.02332458358777,-73.99940875119061,-73.97771015345886,-73.95879577054295,-73.94322914363805,-73.93143838839781,-73.92348266669828,-73.91878263013999,-73.91620846137481,-73.91528882495287
3.80499999999993,-74.1758895252895,-74.2474845612134,-74.32153479120919,-74.38238566214132,-74.42666863050567,-74.45550201694047,-74.47130193923574,-74.4766050697025,-74.47366310523303,-74.4643382180539,-74.45011418036843,-74.4321473963782,-74.41132667169879,-74.38832941189449,-74.36367008869261,-74.33774035230505,-74.31084162190795,-74.28321143830408,-74.25504488553095,-74.22651230125327,-74.19777438296161,-74.16899561985099,-74.14035675728496,-74.11206681674999,-74.08437504249012,-74.05758285305808,-74.03205517525966,-74.0082290480981,-73.98661434784322,-73.96777556347305,-73.95227344913158,-73.94053341276944,-73.9326127577563,-73.92793233852353,-73.9253656728742,-73.92444673623898
3.80999999999993,-74.18294453251006,-74.25451742448872,-74.32853768116435,-74.3893732531199,-74.43366039685147,-74.46251606314064,-74.47835320979266,-74.4837052435878,-74.48082107214594,-74.47156068625183,-74.45740624162339,-74.43951299182842,-74.41876895176595,-74.39585100219129,-74.37127327899294,-74.34542722495445,-74.3186141331113,-74.29107146219914,-74.26299422750894,-74.23455268377428,-74.20590740413192,-74.17722268229335,-74.14867896237183,-74.1204848171272,-74.09288884422611,-74.0661915584009,-74.04075665930544,-74.01701957031833,-73.9954881172456,-73.97672431282778,-73.96128614278395,-73.94959632874212,-73.94171033681218,-73.9370492397364,-73.93448989331907,-73.93357157354606
3.81499999999993,-74.18998305654559,-74.26153347377954,-74.33552352457602,-74.39634356149453,-74.44063461154525,-74.4695122503534,-74.48538627897469,-74.49078684402045,-74.48796006886724,-74.47876376677807,-74.46467847971418,-74.44685831231651,-74.4261904896859,-74.40335136811811,-74.3788547476257,-74.35309186328232,-74.32636388156723,-74.29890817868832,-74.27091970076317,-74.24256861928195,-74.21401538292393,-74.18542409014401,-74.15697488452503,-74.12887589153357,-74.10137506470075,-74.07477201877515,-74.04942923197599,-74.0257805202314,-74.00433167012683,-73.98564223298085,-73.97026744455633,-73.95862736134227,-73.95077563321443,-73.94613356649579,-73.94358135769421,-73.94266357297357
3.8199999999999297,-74.19700518965654,-74.26853280325534,-74.34249241707839,-74.40329668451669,-74.44759137377484,-74.47649068004279,-74.49240125083188,-74.49784997790516,-74.4950802053869,-74.48594757290917,-74.47193101138423,-74.45418347821959,-74.43359140962875,-74.41083063779445,-74.38641462681593,-74.36073440377767,-74.33409100819061,-74.30672173327861,-74.27882145556362,-74.25056026298402,-74.22209847966143,-74.19360000902198,-74.16524469483619,-74.13724021670411,-74.1098338864496,-74.0833244226498,-74.05807308776814,-74.03451209839811,-74.01314521306304,-73.99452953635708,-73.97921757239875,-73.96762673352774,-73.95980887419277,-73.95518554935963,-73.9526402987971,-73.95172296841943
3.8249999999999296,-74.20401102333271,-74.2755155063086,-74.34944445352252,-74.41023271864495,-74.45453078192098,-74.48345145284733,-74.49939822856692,-74.50489475127422,-74.50218159079485,-74.49311221699159,-74.47916395241475,-74.46148860891881,-74.44097183473316,-74.41828893827076,-74.39395304768043,-74.36835498178019,-74.3417956527041,-74.31451227023993,-74.28669964089615,-74.25852776875531,-74.23015685328394,-74.20175060310874,-74.17348856290404,-74.14557796782337,-74.11826549039777,-74.09184895682179,-74.0666884194436,-74.04321450357992,-74.0219289507663,-74.00338643345326,-73.98813674227219,-73.9765946662106,-73.96881028488166,-73.96420541675084,-73.96166694726229,-73.96074999160459
3.8299999999999295,-74.21100064830041,-74.2824816755618,-74.35637972798335,-74.41715175955217,-74.46145293356462,-74.49039466858761,-74.50637731454275,-74.51192126929541,-74.50926433328925,-74.5002578104504,-74.48637741763406,-74.46877382280876,-74.44833188711583,-74.42572639553865,-74.40147014023833,-74.37595373149122,-74.34947795364957,-74.32227993261705,-74.29455440447529,-74.26647128915079,-74.23819066136089,-74.20987603516302,-74.1817066568496,-74.15388931854118,-74.12667005587686,-74.10034580643351,-74.07527541804693,-74.05188793275765,-74.03068308610439,-74.01221313285922,-73.99702516817014,-73.9855313782798,-73.97778008834348,-73.97319339498097,-73.97066153158573,-73.96974487209752
3.8349999999999294,-74.2179741545296,-74.28943140287457,-74.36329833376699,-74.42405390213273,-74.46835792549435,-74.49732042627393,-74.51333861029052,-74.51892963628005,-74.51632854018459,-74.50738446379775,-74.49357152092621,-74.47603923730675,-74.45567168788133,-74.43314313454088,-74.40896603342158,-74.38353078598497,-74.35713804839973,-74.33002486224173,-74.30238589275662,-74.27439097541887,-74.2462000601051,-74.21797646653502,-74.18989914333136,-74.16217444098857,-74.13504776064123,-74.1088151549902,-74.08383427292395,-74.06053258115055,-74.03940782012069,-74.02100984127821,-74.00588306214003,-73.99443708662291,-73.98671850559107,-73.98214970827345,-73.97962427814859,-73.97870783733835
3.8399999999999292,-74.22493163124096,-74.29636477935094,-74.37020036341765,-74.4309392405095,-74.47524585371347,-74.50422882411348,-74.520282216517,-74.52591995569098,-74.52337431792007,-74.51449228664156,-74.50074637524006,-74.48328496886211,-74.4629913571317,-74.4405392791815,-74.41644085508543,-74.39108627721909,-74.36477607316931,-74.3377471997445,-74.31019425094941,-74.28228697751425,-74.25418520438652,-74.2260520571806,-74.19806618755995,-74.17043350579313,-74.14339878088438,-74.11725718437667,-74.09236517173927,-74.069148642235,-74.04810335205347,-74.0297767635474,-74.01471063430436,-74.00331200614836,-73.9956257556106,-73.99107457878692,-73.98855541124053,-73.98763911266214
3.844999999999929,-74.23187316691269,-74.30328189534588,-74.37708590872457,-74.43780786804109,-74.48211681344739,-74.5111199595179,-74.52720823311233,-74.53289233015022,-74.53040177206768,-74.52158138769373,-74.50790209259794,-74.49051113296521,-74.47029101397592,-74.44791495233568,-74.42389473201878,-74.39862033604581,-74.37239216302662,-74.34544708456654,-74.31797962302878,-74.29015944411086,-74.26214624774555,-74.23410296567548,-74.20620795331297,-74.1786666820947,-74.15172329125511,-74.12567207487461,-74.10086830049414,-74.07773630776283,-74.05676987935529,-74.03851410265762,-74.02350809288153,-74.01215634980677,-74.00450205538371,-73.99996822663773,-73.99745515308284,-73.9965389213224
3.849999999999929,-74.23879884928725,-74.31018284047231,-74.38395506072897,-74.44465987732866,-74.4889708991506,-74.5179939291105,-74.53411675915737,-74.53984686144689,-74.5374110073402,-74.52865187477866,-74.5150387841042,-74.49771784415634,-74.47757077653922,-74.45527027585943,-74.43132778995428,-74.40613309222226,-74.37998645190441,-74.35312465497118,-74.32574215174776,-74.29800852261442,-74.2700833424064,-74.24212934922886,-74.21432460294957,-74.18687413756028,-74.16002146487335,-74.13406000517874,-74.10934384354363,-74.08629576777946,-74.06540759771183,-74.04722205977345,-74.03227564420612,-74.02097032861228,-74.01334761990915,-74.00883086992256,-74.00632372385155,-74.00540748451441
3.854999999999929,-74.24570876537851,-74.31706770360809,-74.39080790973095,-74.45149536022296,-74.49580820451372,-74.52485082873349,-74.54100789293128,-74.5467836505448,-74.5444021275991,-74.53570385484136,-74.52215655995403,-74.50490521603497,-74.48483076197252,-74.46260537059935,-74.43874015357854,-74.41362467442107,-74.38755907261077,-74.3607800480553,-74.33348197864942,-74.30583435917515,-74.27799663929008,-74.25013136369736,-74.22241629742442,-74.19505603839907,-74.16829347334577,-74.14242115241355,-74.11779198361391,-74.094827210642,-74.07401670106066,-74.05590083425238,-74.04101349274951,-74.02975415166338,-74.0221626622248,-74.01766272474056,-74.01516134169957,-74.0142450213974
3.859999999999929,-74.25260300147822,-74.32393657290255,-74.39764454529615,-74.45831440783111,-74.50262882247054,-74.53169075345502,-74.5478817319187,-74.55370279759002,-74.55137523586247,-74.54273743395565,-74.52925552944163,-74.51207336126824,-74.49207108646127,-74.46992035640216,-74.4461319465419,-74.42109521024094,-74.39511015684023,-74.36841339976083,-74.34119924407845,-74.3136370986998,-74.28588628802731,-74.25810916359833,-74.23048319630225,-74.2032125493773,-74.1765394867813,-74.15075569214927,-74.1262129018193,-74.10333082303669,-74.08259738160972,-74.0645506236643,-74.04972184113957,-74.03850802616387,-74.03094739342855,-74.0264640052148,-74.02396822277898,-74.02305174911713
3.8649999999999287,-74.25948164316274,-74.33078953578327,-74.40446505626254,-74.46511711052331,-74.50943284520477,-74.53851379757634,-74.55473837281718,-74.56060440191845,-74.55833043431281,-74.54975271733225,-74.53633580096883,-74.51922239159974,-74.49929186523501,-74.47721535212408,-74.45350329146854,-74.42854482621661,-74.40263983518427,-74.3760248448857,-74.34889408719312,-74.32141688486415,-74.29375243697135,-74.26606290212325,-74.23852545777163,-74.21134383383284,-74.18475967380645,-74.159063798418,-74.1346067776785,-74.11180678999658,-74.09114982985545,-74.07317162381035,-74.05840089018058,-74.04723215744298,-74.03970202269952,-74.03523492351425,-74.03274458126289,-74.03182788282793
3.8699999999999286,-74.26634477529964,-74.33762667896255,-74.41126953074682,-74.47190355793958,-74.51622036415692,-74.54532005463875,-74.56157791154423,-74.56748856206309,-74.56526782430456,-74.55674980932667,-74.54339748205321,-74.52635241785829,-74.506493212576,-74.4844904756403,-74.46085430996588,-74.43597364782926,-74.41014823714207,-74.3836145170951,-74.35656664597663,-74.32917386012495,-74.30159523321059,-74.2739927311511,-74.24654323865879,-74.21945005368968,-74.19295420158058,-74.16734564372958,-74.14297378913182,-74.12025529491865,-74.09967423460091,-74.08176402874167,-74.06705083887245,-74.05592674897555,-74.04842675731882,-74.04397568987476,-74.0414906293672,-74.04057363571464
3.8749999999999285,-74.27319248205416,-74.34444808844404,-74.41805805615132,-74.47867383899643,-74.52299147003107,-74.55210961743043,-74.56840044324443,-74.57435537576156,-74.57218750637182,-74.56372881344723,-74.55044067933648,-74.5334635499663,-74.51367524182805,-74.49174584385413,-74.4681851226346,-74.44338179951647,-74.4176354911309,-74.3911825489325,-74.36421705724874,-74.33690816573205,-74.30941482258103,-74.28189880126106,-74.25453669444117,-74.22753136947205,-74.20112323581023,-74.1756013990868,-74.15131411255682,-74.12867651958084,-74.10817078297333,-74.0903280307778,-74.07567188443008,-74.06459200240211,-74.05712180268999,-74.05268651262007,-74.05020657737168,-74.04928921901374
3.8799999999999284,-74.28002484689581,-74.35125384952929,-74.42483071917025,-74.48542804189334,-74.52974625280163,-74.55888257799353,-74.5752060622966,-74.58120493996327,-74.57908958023596,-74.57068983236273,-74.55746549859244,-74.54055589694833,-74.52083806540567,-74.49898157270631,-74.47549584907797,-74.45076940468222,-74.42510172449653,-74.39872907183019,-74.37184545667684,-74.34461994173985,-74.31721134967871,-74.28978126174583,-74.26250597926115,-74.23558794031867,-74.20926694076465,-74.18383123400127,-74.15962792278475,-74.13707064415885,-74.11663966044186,-74.09886382052505,-74.0842642223023,-74.07322811754813,-74.06578736235906,-74.06136759818236,-74.05889263364092,-74.05797484203485
3.8849999999999283,-74.28684195260463,-74.35804404682392,-74.43158760579614,-74.49216625411937,-74.53648480171974,-74.56563902763057,-74.58199486232068,-74.58803735083673,-74.58597414481297,-74.5776329679103,-74.564472044735,-74.54762956693925,-74.52798179480232,-74.50619777718376,-74.48278660791122,-74.45813658570663,-74.43254706352347,-74.40625421612016,-74.37945197878729,-74.35230932701928,-74.32498495787162,-74.29764026062394,-74.27045124593906,-74.24361992399653,-74.21738547928967,-74.19203531650835,-74.1679153931164,-74.14543784724279,-74.12508105083454,-74.10737158689439,-74.09282804619035,-74.0818352924435,-74.0744236380345,-74.07001915112272,-74.06754900464522,-74.06663071218128
3.889999999999928,-74.29364388127765,-74.36481876424426,-74.43832880132639,-74.49888856245951,-74.54320720532002,-74.57237905691152,-74.58876693618473,-74.59485270377655,-74.59284129822082,-74.58455832110306,-74.57146042182636,-74.55468466719277,-74.53510654059933,-74.51339457132886,-74.49005751677097,-74.4654834639557,-74.4399716334451,-74.41375811104469,-74.38703675697639,-74.35997645926916,-74.33273578931208,-74.30547594465261,-74.27837264598642,-74.25162747691476,-74.22547901282243,-74.20021381318222,-74.17617669533772,-74.1537783058535,-74.13349513635585,-74.11585151711931,-74.10136354806653,-74.09041372334173,-74.08303082960694,-74.0786413741513,-74.07617589498092,-74.07525703497096
3.894999999999928,-74.30043071433495,-74.37157808502337,-74.4450543903694,-74.50559505300112,-74.549913551427,-74.57910275568018,-74.59552237601152,-74.60165109341057,-74.5996911377868,-74.59146599213754,-74.5784307330845,-74.56172130408939,-74.54221241247424,-74.52057206824803,-74.49730869232452,-74.47281015979097,-74.44737555845369,-74.42124088476669,-74.3945999235213,-74.3676214750277,-74.34046398494836,-74.31328845934003,-74.28627032961904,-74.25961075413801,-74.2335477014055,-74.20836688915058,-74.1844119997352,-74.16209219545861,-74.14188209760312,-74.12430379677326,-74.10987091819239,-74.0989636047386,-74.09160913516857,-74.08723446814709,-74.08477350739064,-74.0838540140565
3.899999999999928,-74.30720253252622,-74.37832209171738,-74.45176445685078,-74.51228581114005,-74.55660392716148,-74.5858102130609,-74.60226127318556,-74.60843261360682,-74.60652376005486,-74.59835608040139,-74.58538308089138,-74.56873958314463,-74.54929951920933,-74.5277303801207,-74.50454025027878,-74.48011679257903,-74.45475896171037,-74.42870266438017,-74.40214160959079,-74.37524450968363,-74.34816968453664,-74.32107794895784,-74.29414444576982,-74.26756990940005,-74.24159170370075,-74.21649470810956,-74.19262147511137,-74.17037968998864,-74.15024211358332,-74.13272860978694,-74.11835034513653,-74.10748512939082,-74.100158751032,-74.09579863217735,-74.09334204278301,-74.09242185124549
3.904999999999928,-74.31395941593662,-74.38505086621169,-74.45845908401975,-74.5189609215872,-74.56327841894692,-74.59250151746505,-74.60898371835975,-74.61519735748043,-74.6133392607925,-74.60522868448052,-74.5923175668002,-74.57573960901695,-74.55636796869979,-74.53486961820789,-74.51175230538935,-74.48740348070076,-74.46212196535477,-74.43614357592038,-74.40966194525603,-74.38284569748748,-74.35585302665257,-74.32884455655297,-74.3019951421013,-74.27550509511701,-74.24961117700342,-74.22459743233803,-74.20080528879987,-74.17864096185278,-74.15857536172948,-74.14112613846555,-74.1268020157926,-74.11597848833436,-74.10867987174949,-74.10433406351706,-74.10188170025236,-74.1009607465199
3.9099999999999278,-74.32070144399287,-74.3917644897269,-74.46513835445502,-74.52562046837441,-74.56993711251585,-74.59917675659743,-74.61568980146187,-74.62194541740043,-74.62013773499808,-74.6120839021668,-74.59923429154352,-74.58272148551573,-74.5634178679621,-74.5419898928606,-74.51894497146955,-74.49467034156088,-74.46946469051488,-74.44356374437389,-74.41716105950096,-74.39042517156241,-74.36351414870255,-74.33658842395985,-74.30982256501828,-74.28341646240034,-74.25760627725566,-74.23267522271185,-74.20896360668024,-74.1868761819544,-74.16688201791706,-74.14949656350555,-74.13522611539643,-74.12444387090238,-74.11717269013124,-74.11284095766803,-74.11039267709803,-74.10947089805593
3.9149999999999276,-74.32742869546955,-74.3984630428251,-74.47180235007109,-74.53226453486081,-74.57658009291588,-74.60583601746269,-74.62237961170126,-74.6286768849967,-74.62691927690776,-74.618921830465,-74.60613335504028,-74.58968531560903,-74.57044932314204,-74.54909131352865,-74.52611836139918,-74.50191749159694,-74.47678725731654,-74.45096329368855,-74.42463908023272,-74.39798306391516,-74.37115318693544,-74.34430969181228,-74.31762685968026,-74.29130416106983,-74.26557715906002,-74.24072823871803,-74.21709659319266,-74.19508551970624,-74.17516225647964,-74.15784006401121,-74.14362282754368,-74.13288146474345,-74.12563739726406,-74.12131950837757,-74.1188751688437,-74.11795250224316
3.9199999999999275,-74.33414124849472,-74.40514660541561,-74.47845115212388,-74.53889320373875,-74.58320744451606,-74.6124793863716,-74.62905323757522,-74.63539185116632,-74.63368398000239,-74.62574256560013,-74.61301485640364,-74.59663120143138,-74.57746243952296,-74.55617398876888,-74.53327258713334,-74.50914504628862,-74.48408978489307,-74.45834234678364,-74.43209613429221,-74.405519505447,-74.3787702764535,-74.35200849955493,-74.32540817001357,-74.29916833966645,-74.27352397569288,-74.2487566384687,-74.22520441135276,-74.20326914304599,-74.18341625022502,-74.16615681751128,-74.15199233420664,-74.14129145583883,-74.13407418252929,-74.1297699076571,-74.127329369256,-74.12640575370366
3.9249999999999274,-74.34083918055612,-74.41181525676103,-74.48508484121712,-74.54550655703974,-74.58981925101278,-74.6191069489473,-74.63571076687558,-74.6420904060807,-74.64043193701447,-74.63254620302459,-74.6198788939482,-74.60355924429146,-74.58445732153349,-74.56323802625334,-74.54040775971077,-74.51635312016644,-74.49137239139436,-74.46570102555931,-74.43953234746398,-74.413034625964,-74.38636555122372,-74.35968498545523,-74.33316663872364,-74.30700914546486,-74.28144687911768,-74.25676057871485,-74.2332872227656,-74.21142721845084,-74.19164417045067,-74.17444699997498,-74.16033481575117,-74.14967402852001,-74.1424832336208,-74.1381923458005,-74.1357554703632,-74.13483084531047
3.9299999999999273,-74.34752256850685,-74.41846907548303,-74.49170349730795,-74.55210467614063,-74.59641559543623,-74.62571879013164,-74.64235228669494,-74.64877263919165,-74.6471632399348,-74.63933283742503,-74.62672556519729,-74.61046954467969,-74.5914340727556,-74.57028353277765,-74.54752398926277,-74.5235418268209,-74.49863519399639,-74.47303945090641,-74.44694784448646,-74.42052855418778,-74.39393914408858,-74.36733928661461,-74.34090240730657,-74.31482672448587,-74.28934601999768,-74.26474021485986,-74.24134518764004,-74.21955991095247,-74.19984618695915,-74.1827107858282,-74.16865045095331,-74.15802936548586,-74.15086473656262,-74.14658701140202,-74.14415366247344,-74.1432279682065
3.9349999999999272,-74.35419148857126,-74.42510813956828,-74.49830719971281,-74.55868764176924,-74.60299656015574,-74.63231499419105,-74.64897788343302,-74.65543863923818,-74.65387798001935,-74.64610256272957,-74.63355496689039,-74.61736220227576,-74.59839279593244,-74.57731061426907,-74.55462138502146,-74.53071127891124,-74.50587830891034,-74.48035774271602,-74.4543427490619,-74.4280014177659,-74.40149118677697,-74.37497153897985,-74.3486156160615,-74.32262122150905,-74.29722154770928,-74.27269570097309,-74.24937846480296,-74.22766738415187,-74.20802246807341,-74.19094834796923,-74.17693941701556,-74.16635764781962,-74.1592188757265,-74.1549540913744,-74.15252413419307,-74.15159731182224
3.939999999999927,-74.3608460163507,-74.43173252637402,-74.50489602711325,-74.5652555340104,-74.60956222688645,-74.63889564472291,-74.6555876428029,-74.66208849425291,-74.66057624779582,-74.65285547211445,-74.64036719499002,-74.62423731595608,-74.605333592976,-74.58431937579456,-74.5617000553282,-74.5378615881741,-74.51310185139158,-74.48765601988892,-74.46171718386627,-74.4354533432821,-74.40902180991498,-74.3825818773543,-74.35630640410174,-74.33039278008448,-74.30507361035428,-74.28062718980304,-74.25738721171277,-74.23574980023348,-74.21617318065184,-74.1991598577844,-74.18520188958337,-74.17465905500569,-74.16754583384885,-74.16329377096619,-74.16086707244439,-74.1599390638943
3.944999999999927,-74.36748622682907,-74.43834231263388,-74.51147005756147,-74.57180843231153,-74.61611267669454,-74.64546082466121,-74.66218164983721,-74.66872229156839,-74.66725813307035,-74.65959165801117,-74.64716234468904,-74.63109498380093,-74.61225656497469,-74.59130992156881,-74.56876010764185,-74.54499286543209,-74.52030593574872,-74.49493440034492,-74.46907127055886,-74.44288445626636,-74.41653114303635,-74.39017043540893,-74.36397490936672,-74.3381415425452,-74.31290235477279,-74.28853483279046,-74.26537158447329,-74.2438073199794,-74.22429849010298,-74.20734548516361,-74.1934380427608,-74.18293376494589,-74.17584579204807,-74.17160623377937,-74.16918266248344,-74.16825341048315
3.949999999999927,-74.37411219437861,-74.44493757446348,-74.5180293684863,-74.57834641548855,-74.62264799000341,-74.65201061628282,-74.66875998889421,-74.67534011782332,-74.67392372493386,-74.66631121211287,-74.65394051041757,-74.63793530310222,-74.6191618122011,-74.59828235496195,-74.57580164854689,-74.55210522060248,-74.52749067535258,-74.50219300103215,-74.47640512979213,-74.45029488120515,-74.42401931459317,-74.39773734569329,-74.37162126863316,-74.34586765001885,-74.32070792655547,-74.29641878008144,-74.27333173784723,-74.25184010278387,-74.23239856040024,-74.21550539851543,-74.20164804912665,-74.1911819539762,-74.18411892984109,-74.1798916617862,-74.17747108791708,-74.1765405359902
3.954999999999927,-74.38072399276548,-74.45151838736612,-74.52457403669861,-74.58486956173138,-74.62916824659942,-74.6585451012132,-74.67532274366388,-74.68194205896904,-74.68057311176874,-74.67301422538134,-74.66070178584994,-74.6447583703701,-74.62604943411927,-74.60523677850736,-74.58282478376165,-74.55919876270548,-74.53465618264472,-74.50943193793607,-74.483718881221,-74.45768474155113,-74.43148645196598,-74.40528273964624,-74.37924561752651,-74.35357124243953,-74.32849047005587,-74.30427918054009,-74.28126782526962,-74.25984830666684,-74.24047355409657,-74.22363976478222,-74.2098320797497,-74.19940379688242,-74.19236542516006,-74.18815023534654,-74.18573253072057,-74.18480062317575
3.9599999999999267,-74.38732169515508,-74.45808482623802,-74.53110413839669,-74.59137794860962,-74.63567352563743,-74.66506436043238,-74.68186999717395,-74.68852820027548,-74.68720638125501,-74.67970078805347,-74.66744626391157,-74.65156428134061,-74.63291952939224,-74.61217329390952,-74.58982961814623,-74.5662735998726,-74.54180256914634,-74.51665132608875,-74.49101264351252,-74.46505415973321,-74.43893268147427,-74.41280674760674,-74.38684809053187,-74.36125245855952,-74.33625012840258,-74.31211618176118,-74.28917999886079,-74.26783208828785,-74.24852363233846,-74.23174874945497,-74.21799030420449,-74.20759946691652,-74.2005854543686,-74.1963821332242,-74.19396717125441,-74.19303385317568
3.9649999999999266,-74.39390537411784,-74.46463696537417,-74.53761974917212,-74.59787165307812,-74.64216390564656,-74.67156847428045,-74.6884018317957,-74.69509862633738,-74.69382362037683,-74.68637098964786,-74.67417403678574,-74.65835313098232,-74.63977219588936,-74.61909200205149,-74.5968162557105,-74.57332983935497,-74.5489299454668,-74.52385127957753,-74.49828653435499,-74.47240325716615,-74.44635812838636,-74.42030949882427,-74.3944288210052,-74.36891143596056,-74.34398704351118,-74.31992993008294,-74.2970684094397,-74.2757916029596,-74.25654895488032,-74.23983251658801,-74.22612289058615,-74.21576913581198,-74.20877919227812,-74.20458753260382,-74.20217518828112,-74.20124040551866
3.9699999999999265,-74.40047510163431,-74.47117487847349,-74.54412094401499,-74.60435075148244,-74.64863946453578,-74.67805752246367,-74.69491832924999,-74.70165342108044,-74.70042491542877,-74.69302491897137,-74.68088519592045,-74.66512501350374,-74.64660753069363,-74.6259930030026,-74.6037847996219,-74.58036758753153,-74.55603842131207,-74.53103191155408,-74.50554067046728,-74.4797321542601,-74.45376291692963,-74.42779112146944,-74.40198794118425,-74.37654831106542,-74.35170135609614,-74.32772057059884,-74.30493320653656,-74.28372700466134,-74.26454968009823,-74.24789122881349,-74.23423000552572,-74.22391297379946,-74.21694681216353,-74.21276660910685,-74.21035675898169,-74.20942045814247
3.9749999999999264,-74.40703094910074,-74.47769863864423,-74.55060779731923,-74.6108153195643,-74.6551002795994,-74.68453158405988,-74.70141957061308,-74.7081926677671,-74.7070103520218,-74.69966266412547,-74.68757983203491,-74.67188002235989,-74.65342563010864,-74.63287639602575,-74.6107353522132,-74.58738694991692,-74.56312810549325,-74.53819333424323,-74.51277516760803,-74.48704097043027,-74.46114717030036,-74.43525174264424,-74.40952558219917,-74.38416321914904,-74.35939320568248,-74.33548824717039,-74.31277453840572,-74.29163844605219,-74.272525965004,-74.25592504735567,-74.24231181420485,-74.23203114962214,-74.22508848577917,-74.22091953680774,-74.218512058972,-74.21757418741069
3.9799999999999263,-74.41357298733438,-74.48420831840951,-74.55708038288819,-74.617265432467,-74.66154642752258,-74.69099073752409,-74.70790563632227,-74.71471644900275,-74.71358001508976,-74.70628431251258,-74.6942580351262,-74.67861825025925,-74.66022658966594,-74.63974227958488,-74.61766801499024,-74.59438803116971,-74.5701991059348,-74.54533565895132,-74.51999014058447,-74.49432982410622,-74.46851101067342,-74.4426914883922,-74.41704187408315,-74.39175629434955,-74.36706273061729,-74.34323310243883,-74.3205925520381,-74.29952607848406,-74.2804779652585,-74.26393413204515,-74.25036848037054,-74.24012383055091,-74.23320438337441,-74.22904648824998,-74.22664126231898,-74.22570176812904
3.984999999999926,-74.42010128657863,-74.49070398971223,-74.56353877393963,-74.6237011647407,-74.66797798438684,-74.69743506069422,-74.71437660618166,-74.72122484674144,-74.72013398889511,-74.71288995084248,-74.70091989447592,-74.6853397891707,-74.667010504132,-74.64659075135233,-74.6245828886395,-74.60137093510023,-74.57725152968288,-74.5524589960751,-74.52718570326151,-74.50159883274111,-74.47585455921211,-74.45011048370857,-74.42453694578315,-74.39932766967947,-74.37471006808138,-74.35095527783733,-74.32838739317388,-74.30739005201498,-74.28840583518536,-74.27191864133285,-74.2584001663495,-74.24819118239907,-74.24129467370878,-74.23714763446159,-74.23474454155652,-74.23380337356112
3.989999999999926,-74.42661591650833,-74.4971857239207,-74.56998304311125,-74.63012259034784,-74.67439502567524,-74.70386463079646,-74.72083255936793,-74.72771794229168,-74.72667235703523,-74.71947966513844,-74.70756549865644,-74.69204473032993,-74.6737774675151,-74.65342190821606,-74.63148007303558,-74.60833576467829,-74.5842854829133,-74.55956345511001,-74.53436196857052,-74.50884811282107,-74.48317793607761,-74.45750885255029,-74.43201092517015,-74.40687747703633,-74.38233535410038,-74.35865491360252,-74.33615920631452,-74.31523051542138,-74.29630972778415,-74.27987873230363,-74.26640703306262,-74.25623336953734,-74.24935952406726,-74.24522314497068,-74.2428220677011,-74.24187917544467
3.994999999999926,-74.433116946235,-74.50365359183346,-74.57641326246569,-74.63652978266822,-74.68079762627798,-74.7102795244508,-74.72727357443578,-74.73419581632241,-74.73319520244823,-74.7260535407434,-74.71419493553748,-74.6987331642464,-74.68052757307233,-74.66023584628675,-74.63835966724878,-74.61528262204108,-74.59130107093979,-74.5666491446586,-74.54151904851804,-74.51607777987411,-74.49048126043866,-74.46488671784581,-74.4394639390494,-74.41440584721349,-74.3899387235561,-74.36633214878638,-74.34390813473506,-74.32304761621117,-74.30418979474352,-74.28781456069015,-74.27438924003874,-74.2642505549082,-74.25739910027517,-74.25327318782072,-74.25087401026742,-74.2499293440067
3.999999999999926,-74.43960444431177,-74.51010766368455,-74.58282950349572,-74.64292281450427,-74.68718586049735,-74.71667981767631,-74.73369972932349,-74.74065854886851,-74.7397026074189,-74.73261166232626,-74.72080829229239,-74.70540518070969,-74.68726091331634,-74.66703266090497,-74.64522176955236,-74.62221160850075,-74.59829839822186,-74.57371617243886,-74.54865705419445,-74.52328794847928,-74.49776465048065,-74.47224420150499,-74.44689611317081,-74.42191290991082,-74.39752031019736,-74.37398712126759,-74.351634320496,-74.33084150063601,-74.31204618645425,-74.29572628088636,-74.28234694542923,-74.27224290004075,-74.26541356671335,-74.26129792958594,-74.25890053728386,-74.2579540479795
4.004999999999926,-74.44607847873858,-74.51654800914862,-74.5892318371293,-74.64930175808625,-74.69355980205333,-74.7230655858966,-74.7401111013585,-74.74710621933657,-74.74619465358454,-74.73915411388765,-74.72740565540435,-74.71206086879602,-74.69397758002216,-74.67381244664811,-74.65206647742981,-74.62912282455196,-74.60527756837264,-74.58076464529243,-74.55577609578248,-74.53047873227541,-74.50502822341508,-74.47958142442857,-74.45430757223879,-74.42939879374511,-74.4050802466512,-74.38161996776294,-74.35933790445527,-74.33861231370359,-74.31987905202197,-74.30361404596046,-74.290280306021,-74.28021056506421,-74.27340308633218,-74.26929753538576,-74.26690181530738,-74.26595345461563
4.009999999999927,-74.45253911696723,-74.52297469734587,-74.59562033373469,-74.6556666850772,-74.69991952408844,-74.72943690394513,-74.74650776726281,-74.75353890651049,-74.7526714219408,-74.74568097876615,-74.73398711067276,-74.71870031687489,-74.70067766423388,-74.68057529733747,-74.65889388758224,-74.63601636987957,-74.61223868416693,-74.5877946691927,-74.56287628256571,-74.53765024397002,-74.5122720954887,-74.48689850651782,-74.46169843992227,-74.43686362626042,-74.41261866443338,-74.3892308238387,-74.36701902627985,-74.34636019919003,-74.32768853928,-74.31147800766861,-74.29818947725079,-74.28815370872263,-74.28136782066633,-74.27727216889991,-74.27487800943854,-74.27392772970286
4.014999999999928,-74.45898642590619,-74.52938779684719,-74.60199506312539,-74.66201766657805,-74.70626509917302,-74.73579384607028,-74.75288980315828,-74.75995668855698,-74.75913299284744,-74.75219233964411,-74.7405527432192,-74.7253236126152,-74.70736125627113,-74.68732130604498,-74.66570409593524,-74.64289234336582,-74.61918184754857,-74.59480634925293,-74.5699577229369,-74.54480259534797,-74.51949638199255,-74.49419556668403,-74.46906883886466,-74.44430753393834,-74.42013569395937,-74.39681982392166,-74.37467782445755,-74.35408529965187,-74.33547479480175,-74.31931831646746,-74.30607461321821,-74.29607248838845,-74.2893079298491,-74.2852219923828,-74.28282928333643,-74.28187703757926
4.0199999999999285,-74.46542047192573,-74.5357873756788,-74.60835609456521,-74.66835477313275,-74.71259659931036,-74.74213648594076,-74.75925728457214,-74.76635964303111,-74.7655794460338,-74.75868827855359,-74.7471026374936,-74.7319308429918,-74.71402844573595,-74.6940505651001,-74.67249719764631,-74.64975084309789,-74.62610715963844,-74.6017997897341,-74.57702052440634,-74.55193589728022,-74.52670119727097,-74.50147272285778,-74.47641889069335,-74.4517306422082,-74.42763146455464,-74.4043871013101,-74.38231443630814,-74.3617877564378,-74.34323796391313,-74.32713512152723,-74.31393586669927,-74.3039670600762,-74.2972235726263,-74.29314716667803,-74.29075579923311,-74.28980154114797
4.024999999999929,-74.47184132086261,-74.54217350132738,-74.6147034967729,-74.67467807473298,-74.71891409594156,-74.74846489665065,-74.76561028644208,-74.77274784688167,-74.77201086060468,-74.76516887688216,-74.7536368772803,-74.73852209429155,-74.72067932151893,-74.70076316609654,-74.67927328711156,-74.65659196637503,-74.63301472074174,-74.60877509405279,-74.58406479360991,-74.5590502597321,-74.53388665473037,-74.50873009199816,-74.48374871602951,-74.45913307545696,-74.43510610446526,-74.41193278818469,-74.3899289979949,-74.36946770970071,-74.3509781907048,-74.33492857074434,-74.32177338915928,-74.31183757845618,-74.3051149063702,-74.30104785123257,-74.2986577179481,-74.29770140189136
4.02999999999993,-74.47824903802504,-74.54854624074486,-74.62103733792729,-74.68098764082318,-74.7252176599507,-74.75477915072435,-74.77194888312157,-74.77912137645663,-74.77842731504572,-74.77163421537854,-74.76015554570394,-74.74509745211962,-74.72731397180587,-74.70745919989895,-74.68603245797279,-74.66341580971587,-74.6399046303557,-74.615732364789,-74.59109063631725,-74.5661457917719,-74.54105286684813,-74.51596779010198,-74.49105843449752,-74.46651495703927,-74.44255974086823,-74.41945701561937,-74.39752164453589,-74.37712529840915,-74.35869561804424,-74.34269881075387,-74.32958733076616,-74.31968419686785,-74.3129820870935,-74.30892420411072,-74.30653519890268,-74.30557677988594
4.034999999999931,-74.48464368819741,-74.55490566035309,-74.62735768567191,-74.68728354030544,-74.73150736166964,-74.76107932012201,-74.77827314838515,-74.78548030750856,-74.78482888722912,-74.77808437415857,-74.76665872523549,-74.75165700140559,-74.73393248408398,-74.71413875664948,-74.69277480312432,-74.67022246886546,-74.64677698717676,-74.62267170369385,-74.59809815743981,-74.57322260157929,-74.54819994518127,-74.52318593221285,-74.4983481647346,-74.47387640928724,-74.44999249988159,-74.42695991359173,-74.40509250981476,-74.38476066035888,-74.36639038758776,-74.35044598694225,-74.33737784040288,-74.32750706733287,-74.32082526946256,-74.31677638200796,-74.31438840013364,-74.31342783381582
4.039999999999932,-74.49102533564495,-74.56125182604877,-74.63366460711985,-74.6935658415442,-74.73778327088293,-74.76736547624411,-74.78458315543332,-74.79182471519974,-74.79121565441883,-74.7845194327106,-74.77314649769792,-74.7582008264095,-74.74053494514835,-74.72080192577434,-74.69950041471975,-74.67701203880233,-74.6536318891081,-74.62959321169721,-74.6050874610387,-74.58028079645332,-74.55532800037491,-74.53038463242997,-74.50561802439978,-74.48121755352005,-74.45740450657455,-74.43444161099372,-74.41264172659181,-74.39237393218428,-74.37406263979226,-74.35817024345911,-74.34514506568043,-74.33530634056838,-74.32864460681104,-74.3246045402648,-74.32221747830765,-74.3212547209874
4.044999999999932,-74.49739404411865,-74.56758480320805,-74.63995816885854,-74.69983461237112,-74.74404545683277,-74.77363768993666,-74.79087897689783,-74.79815467410745,-74.7975876932762,-74.79093946990115,-74.77961894427219,-74.76472901072788,-74.74712144110802,-74.72744879599024,-74.70620938417876,-74.68378461374564,-74.66046943326687,-74.63649698891524,-74.61205865033273,-74.58732048282094,-74.56243714217096,-74.53756400391708,-74.51286813018326,-74.48853851005362,-74.46479588497759,-74.44190223564193,-74.42016942651486,-74.39996524936963,-74.38171251392696,-74.36587172322966,-74.35288915295023,-74.34308216599975,-74.33644025115316,-74.3324088328803,-74.33002258873468,-74.32905759734277
4.049999999999933,-74.50374987685976,-74.57390465669116,-74.64623843695412,-74.70608992008972,-74.75029398822358,-74.779896031496,-74.79716068484659,-74.8044702582292,-74.80394507986514,-74.79734456398063,-74.78607614550289,-74.77124163729975,-74.75369205739223,-74.73407945531088,-74.71290180219361,-74.69054028716182,-74.66728971599123,-74.6433831346579,-74.61901182770586,-74.59434176624471,-74.56952747941641,-74.5447241589112,-74.52009859781565,-74.49583939821005,-74.47216675809211,-74.44934191428803,-74.42767574012991,-74.40753474626005,-74.38934014808484,-74.37355056796663,-74.36061024731649,-74.35083469177343,-74.34421235319657,-74.34018941252512,-74.33780388538159,-74.33683661747351
4.054999999999934,-74.51009289660432,-74.58021145084712,-74.65250547695656,-74.71233183148018,-74.75652893322699,-74.78614057067368,-74.80342835078875,-74.8107715409879,-74.81028788965766,-74.80373479258857,-74.79251818130389,-74.77773878841236,-74.76024687875653,-74.74069399105316,-74.71957775873592,-74.69727915177158,-74.67409283284763,-74.65025174743623,-74.62594709471513,-74.60134475143101,-74.57659912007159,-74.55186520873127,-74.52730954207675,-74.50312033632703,-74.47951724790045,-74.45676077262874,-74.43516079689165,-74.4150825560726,-74.39694567919415,-74.3812069181819,-74.36830849264847,-74.35856406476957,-74.35196106235564,-74.34794643055518,-74.3455615208856,-74.34459193463418
4.059999999999935,-74.51642316558794,-74.58650524951823,-74.65875935390373,-74.71856041280373,-74.76275035948642,-74.79237137668136,-74.80968204567958,-74.81705859523692,-74.81661619753888,-74.81011023275929,-74.79894513096407,-74.78422054570717,-74.76678598928885,-74.74729248984364,-74.72623734306303,-74.70400129955672,-74.6808788786378,-74.65710292496982,-74.63286455209825,-74.60832954223793,-74.58365217121856,-74.55898726378676,-74.53450107680473,-74.51038144176707,-74.48684747537533,-74.46415893531594,-74.44262472517396,-74.42260881090728,-74.40452924302963,-74.38884091319848,-74.37598403159255,-74.3662704306144,-74.35968652676397,-74.35568003702441,-74.35329564656745,-74.35232370075558
4.0649999999999356,-74.52274074555007,-74.59278611604459,-74.66500013232634,-74.72477572980746,-74.76895833412173,-74.7985885181954,-74.8159218399254,-74.823331493265,-74.82293007781237,-74.81647096092699,-74.8053570731528,-74.79068699018562,-74.7733094724154,-74.75387503762458,-74.73288064372453,-74.71070682176672,-74.68764794740565,-74.66393676419385,-74.63976429978095,-74.61529624168305,-74.59068673906916,-74.56609043358607,-74.54167331490467,-74.51762283092681,-74.49415756048953,-74.47153652596661,-74.45006765228015,-74.43011364175744,-74.41209097422377,-74.39645269116191,-74.38363700558438,-74.37395393369275,-74.3673888932872,-74.36339038069782,-74.36100641244468,-74.3600320664581
4.069999999999936,-74.5290456977388,-74.59905411326872,-74.67122787625226,-74.73097784772887,-74.77515292373391,-74.80479206336169,-74.82214780338828,-74.82959030680139,-74.82922960420524,-74.82281705293136,-74.81175408592544,-74.79713820221471,-74.77981741090666,-74.76044171966011,-74.7395077485686,-74.71739580892536,-74.69440013244417,-74.67075336126646,-74.6466464368847,-74.62224495195123,-74.59770292897304,-74.57317482674495,-74.54882636835744,-74.52484461924593,-74.50144762222527,-74.47889366717276,-74.45748970445345,-74.43759717852078,-74.41963100627764,-74.4040423890516,-74.39126755486022,-74.38161471715982,-74.37506830753532,-74.37107760906409,-74.36869396724424,-74.3677171810645
4.074999999999937,-74.53533808291492,-74.60530930353983,-74.67744264921095,-74.73716683130019,-74.7813341944096,-74.81098207980038,-74.82836000539112,-74.83583510702083,-74.83551484987332,-74.8291485840227,-74.81813624672894,-74.80357426153276,-74.78630988688329,-74.76699262054248,-74.74611874474847,-74.72406835083746,-74.70113552630238,-74.67755281157577,-74.65351106173381,-74.62917577440224,-74.60470084542571,-74.58024055099474,-74.55596034822824,-74.53204692121614,-74.50871777858352,-74.48623048051088,-74.46489100688672,-74.4450595500095,-74.42714947157194,-74.41161014269237,-74.39887581846907,-74.3892529229536,-74.38272491387518,-74.37874186834834,-74.37635845841561,-74.3753791926131
4.079999999999938,-74.54161796135665,-74.61155174871833,-74.68364451423797,-74.74334274475292,-74.78750221172561,-74.81715863461034,-74.83455851472213,-74.84206596454825,-74.84178588740608,-74.83546562886721,-74.82450363240707,-74.80999524725509,-74.7927869818219,-74.77352782419793,-74.75271371872843,-74.73072453659516,-74.70785422079192,-74.68433520974676,-74.66035827186295,-74.63608880957838,-74.6116805920764,-74.58728771319078,-74.56307536467533,-74.53922985039016,-74.51596814659337,-74.49354708655187,-74.47227168373276,-74.45250088396094,-74.43464650137777,-74.41915608676533,-74.40646193428398,-74.39686869180657,-74.39035885544259,-74.38638330352431,-74.38400003214304,-74.38301824787001
4.084999999999939,-74.5478853928638,-74.61778151018017,-74.6898335338794,-74.74950565182243,-74.7936570407535,-74.8233217943739,-74.84074339963975,-74.8482829494638,-74.84804278883176,-74.8417682615521,-74.83085631920599,-74.81640123787939,-74.79924877656082,-74.78004741389277,-74.75929275629035,-74.73736445458458,-74.71455630699386,-74.69110064964846,-74.66718816402418,-74.64298415721196,-74.6186422717358,-74.59431641932018,-74.57017152695818,-74.54639351939049,-74.52319884232108,-74.50084360487035,-74.4796318581141,-74.45992130704778,-74.44212222586722,-74.42668035481911,-74.41402603901359,-74.40446216325753,-74.39797027415442,-74.39400205832706,-74.3916188333584,-74.39063449234223
4.0899999999999395,-74.55414043676217,-74.62399864882119,-74.69600977019601,-74.75565561575203,-74.7997987460639,-74.82947162516133,-74.84691472787704,-74.85448613130751,-74.85428562562235,-74.84805655559082,-74.83719438277927,-74.8227923112914,-74.80569535130572,-74.7865514722392,-74.7658559425395,-74.74398819249201,-74.72124187526522,-74.69784922440066,-74.67400083419423,-74.64986191623267,-74.62558598638383,-74.60132677451014,-74.57724894344614,-74.55353803991811,-74.53040998087904,-74.50812015405415,-74.48697165213277,-74.46732094488813,-74.44957677412394,-74.43418307928076,-74.42156826821333,-74.41203347566324,-74.40555931072053,-74.40159827526473,-74.39921500575325,-74.3982280702897
4.09499999999994,-74.56038315190779,-74.63020322506127,-74.7021732847677,-74.76179269929754,-74.80592739173106,-74.8356081925354,-74.8530725666467,-74.86067557908422,-74.86051446869836,-74.85433058392806,-74.84351789819353,-74.82916854477023,-74.81212678563544,-74.79304008120126,-74.77240336191089,-74.75059583731027,-74.72791101524562,-74.70458102638071,-74.68079637758153,-74.65672218477506,-74.6325118371774,-74.60831888303586,-74.58430772162642,-74.56066352276095,-74.53760167643492,-74.51537685171346,-74.49429118687982,-74.47469992205555,-74.45701027415348,-74.44166439146642,-74.42908875629651,-74.41958276620971,-74.41312610465555,-74.4091720956309,-74.4067886917912,-74.40579912473774
4.099999999999941,-74.56661359669114,-74.63639529884883,-74.70832413869769,-74.76791696473147,-74.81204304133709,-74.84173156155575,-74.85921698264534,-74.86685136126823,-74.86672938843382,-74.86059041894481,-74.8498269399332,-74.83553001499382,-74.81854315850741,-74.79951332210052,-74.77893509817508,-74.75718747534506,-74.73456381586365,-74.71129614723033,-74.68757488863318,-74.66356506018582,-74.6394199244578,-74.61529284832827,-74.5913479681124,-74.56777007780246,-74.54477404222035,-74.52261381449024,-74.50159058244508,-74.48205836208899,-74.4644228528937,-74.44912442159209,-74.4365876365454,-74.42711017092378,-74.42067079429034,-74.4167236595161,-74.41434003271975,-74.41334779748902
4.104999999999942,-74.57283182904139,-74.64257492966476,-74.71446239261675,-74.77402847384734,-74.81814575797634,-74.84784179678338,-74.86534804205802,-74.87301354580781,-74.87293045466096,-74.86683613246325,-74.85612158190602,-74.84187679804424,-74.82494454826316,-74.80597127562191,-74.78545123444427,-74.76376319222098,-74.74120036534343,-74.7179946778623,-74.69433646104193,-74.67039063903073,-74.64631034775815,-74.62224877298188,-74.59836978865182,-74.57485781403018,-74.55192719053971,-74.52983115806715,-74.50886995792654,-74.48939638750281,-74.47181463622496,-74.45656329878415,-74.44406504112222,-74.43461582468423,-74.42819351678385,-74.42425310581987,-74.4218691685824,-74.42087422913573
4.109999999999943,-74.57903790643051,-74.64874217652668,-74.72058810668739,-74.78012728796385,-74.82423560425973,-74.85393896228497,-74.87146581056292,-74.87916220013,-74.87911773667513,-74.87306779575185,-74.86240189744808,-74.84820896941297,-74.83133103263407,-74.8124140218194,-74.79195185317812,-74.77032307288775,-74.7478207512109,-74.724676708467,-74.70108118775308,-74.6771990171021,-74.65318320581108,-74.62918675876256,-74.60537328813464,-74.58192683954385,-74.55906123277875,-74.53702899717665,-74.51612943143974,-74.49671411979617,-74.47918574898,-74.46398115108974,-74.45152110107973,-74.44209986123285,-74.43569440813417,-74.4317605722622,-74.42937623823023,-74.42837855907123
4.114999999999943,-74.5852318858775,-74.65489709799324,-74.726701340608,-74.78621346792913,-74.8303126423188,-74.86002312163725,-74.87757035333563,-74.88529739114519,-74.88529130323944,-74.87928547953013,-74.86866795932872,-74.85452660400624,-74.8377026887465,-74.8188416401216,-74.79843703618974,-74.77686720162627,-74.75442506030005,-74.73134232851896,-74.70780916097102,-74.68399028942568,-74.6600385965558,-74.63610690661504,-74.61235857060095,-74.58897726156368,-74.56617627941321,-74.54420744560977,-74.52336912012687,-74.50401167946285,-74.48653631495417,-74.4713781054872,-74.45895594637206,-74.44956241318549,-74.4431736031899,-74.43924619539503,-74.43686137933369,-74.43586092550204
4.119999999999944,-74.59141382395235,-74.66103975216792,-74.73280215361693,-74.79228707412474,-74.83637693381027,-74.86609433793137,-74.88366173505368,-74.89141918525155,-74.89145122258945,-74.8854892539735,-74.87491983975566,-74.86082977615007,-74.84405959312726,-74.82525420933729,-74.80490686465124,-74.78339566205466,-74.76101337875926,-74.73799162678331,-74.71452047216636,-74.69076455026763,-74.66687661714543,-74.64300931667051,-74.61932573924892,-74.59600918643866,-74.57327244001736,-74.55136661622514,-74.53058914016617,-74.5112891860007,-74.49386645691506,-74.47875428789614,-74.46636970586512,-74.45700361204291,-74.45063123566136,-74.44671011061365,-74.44432472839397,-74.44332146545902
4.124999999999945,-74.59758377678007,-74.66717019670324,-74.73889060449658,-74.79834816646995,-74.84242853991984,-74.87215267377698,-74.8897400199008,-74.89752764833962,-74.89759756243785,-74.8916791887182,-74.88115761038003,-74.86711855959553,-74.85040182170901,-74.83165180766105,-74.81136141909965,-74.78990853713401,-74.76758579205737,-74.74462469132226,-74.72121521208223,-74.69752189314151,-74.67369736395423,-74.6498940882541,-74.62627489644252,-74.60302271965453,-74.58034982327224,-74.55850662095749,-74.5377896067807,-74.51854675792097,-74.50117629661236,-74.48610982318749,-74.47376250734702,-74.4644235882014,-74.45806743813144,-74.45415245216783,-74.45176642075445,-74.45076031480926
4.129999999999946,-74.60374180004487,-74.6732884888048,-74.7449667515774,-74.80439680442568,-74.84846752136657,-74.87819819130667,-74.89580527157133,-74.90362284579675,-74.903730389979,-74.89785535286582,-74.88738134230111,-74.87339302752372,-74.85672944983547,-74.83803451267868,-74.81780077944246,-74.79640590917455,-74.77414238498989,-74.75124160950129,-74.72789347074098,-74.70426241081499,-74.68050093258475,-74.6567613198923,-74.63320614371919,-74.61001796584165,-74.58740853697404,-74.56562757082641,-74.54497063424755,-74.5257845127577,-74.50846595478744,-74.49344483519366,-74.48113447753846,-74.47182247096339,-74.4654823420665,-74.46157335317291,-74.45918659061182,-74.45817760826687
4.1349999999999465,-74.60988794899393,-74.67939468523522,-74.75103065274193,-74.81043304699854,-74.8544939384068,-74.88423095217992,-74.90185755327444,-74.9097048425114,-74.90984977189352,-74.90401781498815,-74.89359110607126,-74.8796532525509,-74.86304255226665,-74.84440240137256,-74.82422502496333,-74.80288785984119,-74.78068324168494,-74.75784246799564,-74.73455533745083,-74.71098619531676,-74.68728741787466,-74.6636111093201,-74.64011958179739,-74.61699502878304,-74.59444868804229,-74.57272957594469,-74.55213233590652,-74.53300256707684,-74.51573555118291,-74.50075944671818,-74.48848574210278,-74.47920038854808,-74.47287607782714,-74.46897294562076,-74.46658537102735,-74.46557347940467
4.139999999999947,-74.61602227844138,-74.685488842318,-74.7570823654287,-74.81645695274489,-74.86050785083833,-74.8902510175874,-74.90789692773843,-74.91577370287776,-74.91595577435274,-74.91016664313187,-74.89978697170089,-74.88589930673345,-74.869341203184,-74.85075555012708,-74.83063423432765,-74.80935447015955,-74.78720844560934,-74.76442735279639,-74.7412009008121,-74.71769333794316,-74.69405691390388,-74.67044355348841,-74.64701531058415,-74.62395401142213,-74.60147038252786,-74.57981274552695,-74.55927482416885,-74.54020103648523,-74.52298520455199,-74.50805377954566,-74.49581642565616,-74.48655746810161,-74.48024877467886,-74.47635136039071,-74.47396289393778,-74.472948060665
4.144999999999948,-74.62214484277227,-74.69157101594146,-74.76312194663615,-74.82246857977468,-74.86650931800435,-74.896258448255,-74.9139234572149,-74.92182949079974,-74.92204846302324,-74.91630190482299,-74.90596900866292,-74.89213126157277,-74.87562547619557,-74.85709403473388,-74.83702848558795,-74.81580582052148,-74.79371807957442,-74.77099634921659,-74.74783024872372,-74.72438392926483,-74.70080951400145,-74.6772587485711,-74.65389342918259,-74.63089501587056,-74.60847372562125,-74.58687718789793,-74.56639821052609,-74.54738003563996,-74.53021503266794,-74.51532795445128,-74.5031266517775,-74.49389383570745,-74.48760056080243,-74.48370872726011,-74.48131929016601,-74.48030148337048
4.149999999999949,-74.62825569594644,-74.6976412615628,-74.76914945292651,-74.82846798575552,-74.87249839879746,-74.90225330444785,-74.9199372034829,-74.92787226969557,-74.92812790307133,-74.92242366707166,-74.91213728589787,-74.89834918802026,-74.88189544434105,-74.86341793039722,-74.84340785618943,-74.82224199069081,-74.80021222574203,-74.77754954189741,-74.7544434683896,-74.7310580591332,-74.70754531075238,-74.68405678997226,-74.66075403589917,-74.63781814341576,-74.61545882166033,-74.5939230105007,-74.5735026055585,-74.55453967825689,-74.53742515233313,-74.52258209121044,-74.51041654301828,-74.5012096163965,-74.49493156330445,-74.49104517491496,-74.48865468943217,-74.48763387773514
4.15499999999995,-74.63435489150218,-74.70369963421157,-74.77516494042973,-74.83445522791644,-74.87847515166368,-74.90823564597461,-74.92593822785317,-74.93390210250186,-74.93419415916719,-74.92853199637649,-74.91829187181828,-74.90455315648212,-74.88815118009686,-74.86972731173911,-74.84977242297539,-74.8286630598089,-74.80669096563024,-74.78408701481418,-74.76104064632477,-74.73771581668724,-74.71426439600432,-74.69083777233296,-74.66759722825104,-74.64472349452848,-74.62242577413825,-74.60095031990485,-74.58058811894357,-74.56168007711955,-74.54461567938824,-74.52981630860792,-74.51768622091231,-74.50850493415706,-74.5022419082275,-74.49836083096044,-74.4959692203639,-74.49494537287495
4.15999999999995,-74.64044248256026,-74.70974618849378,-74.78116846484714,-74.84043036305174,-74.88443963460621,-74.91420553219106,-74.93192659117207,-74.93991905167785,-74.94024729548947,-74.93462695872914,-74.92443283431349,-74.91074323682415,-74.89439275538096,-74.87602225280445,-74.85612226219249,-74.83506910640028,-74.81315438011913,-74.79060885128234,-74.7676218683617,-74.74435729035957,-74.72096686087431,-74.69760178953841,-74.67442310297322,-74.65161116887039,-74.62937468571121,-74.60795922181458,-74.5876548594644,-74.56880134408793,-74.55178672872141,-74.5370307244478,-74.52493580598544,-74.51577991194479,-74.50953172056039,-74.50565582193127,-74.50326301050708,-74.5022360968183
4.164999999999951,-74.64651852182745,-74.71578097859552,-74.78716008145534,-74.84639344752483,-74.89039190518933,-74.92016302200432,-74.93790235382582,-74.94592317920971,-74.9462873757295,-74.94070861961883,-74.9305602407541,-74.91691949837643,-74.90062024155802,-74.88230282706613,-74.86245744949602,-74.841460208378,-74.81960254945653,-74.79711513396335,-74.77418721965628,-74.75098256788306,-74.7276527957553,-74.7043489347247,-74.68123175602575,-74.6584812653015,-74.63630565820635,-74.61494982107678,-74.5947029350181,-74.57590359010699,-74.55893841427678,-74.544225455562,-74.53216541776482,-74.52303467169247,-74.51680112424799,-74.51293027330186,-74.51053618633613,-74.50950617651662
4.169999999999952,-74.65258306160038,-74.72180405828679,-74.79313984510998,-74.85234453727207,-74.89633202054237,-74.92610817387667,-74.94386557574424,-74.95191454661438,-74.95231446309543,-74.94677704403647,-74.93667415799672,-74.92308200993834,-74.90683370944416,-74.88856910743021,-74.86877805995536,-74.84783644304916,-74.82603555326355,-74.80360594487057,-74.78073678469413,-74.75759173629703,-74.73432229032288,-74.71107930028566,-74.68802328260074,-74.66533388188735,-74.64321879262903,-74.62192222168876,-74.60173245262392,-74.5829869252154,-74.56607084906379,-74.55140061781988,-74.53937517478866,-74.53026933431977,-74.5240502422015,-74.52018430949644,-74.51778887326412,-74.51675573785452
4.174999999999953,-74.65863615376927,-74.72781548092499,-74.79910781024921,-74.85828368780632,-74.90226003736335,-74.93204104582945,-74.94981631640509,-74.95789321494405,-74.9583286203167,-74.95283229647937,-74.94277465238825,-74.92923083978279,-74.91303322931174,-74.89482116624077,-74.87508416805893,-74.85419788712032,-74.83245347054032,-74.81008136537498,-74.78727064729641,-74.76418488195355,-74.74097543354158,-74.71779297787967,-74.6947977771294,-74.67216911590637,-74.65011418917067,-74.62887652680622,-74.60874351843134,-74.5900514585536,-74.57318414516563,-74.55855632613714,-74.54656519461543,-74.53748401974279,-74.53127919630796,-74.5274180538992,-74.52502119565318,-74.52398490566016
4.1799999999999535,-74.66467784982147,-74.73381529945885,-74.80506403089774,-74.86421095422094,-74.90817601192278,-74.93796169544696,-74.9557546348377,-74.96385924478987,-74.96432990964804,-74.95887444095531,-74.94886178977058,-74.93536605566115,-74.91921887089427,-74.90105907528505,-74.88137584771947,-74.8605446167028,-74.83885637967138,-74.81654147621103,-74.79378889062586,-74.77076209052365,-74.74761231367145,-74.72449005843615,-74.70155533328898,-74.67898706385718,-74.65699194721606,-74.63581283875098,-74.61573623772816,-74.5970972983724,-74.58027841374785,-74.56569269448465,-74.55373559383291,-74.54467884688354,-74.53848810744016,-74.53463162886402,-74.53223327682424,-74.53119380371523
4.184999999999954,-74.67070820084503,-74.73980356643176,-74.81100856067015,-74.87012639119315,-74.91408000006753,-74.94387017988018,-74.9616805896271,-74.96981269628616,-74.97031839287364,-74.96490354098695,-74.95493563548482,-74.94148772480776,-74.92539070339099,-74.90728290579808,-74.887653172279,-74.86687670731787,-74.84524435843126,-74.82298635748228,-74.80029159719268,-74.77732344700337,-74.75423301827429,-74.73117063216226,-74.70829604400959,-74.68578782146552,-74.66385216535078,-74.6427312590186,-74.62271071494847,-74.60412455204126,-74.58735376506714,-74.57280983589743,-74.56088648806752,-74.55185393367923,-74.54567709546612,-74.54182515572435,-74.53942523906723,-74.538382554765
4.189999999999955,-74.67672725753248,-74.74578033398566,-74.81694145277464,-74.87603005298787,-74.9199720572243,-74.94976655585056,-74.9675942389176,-74.9757536291143,-74.97629413131126,-74.97091965961604,-74.96099625437577,-74.94759591394438,-74.93154879547184,-74.91349272846789,-74.89391621451408,-74.87319423390214,-74.85161748398987,-74.82941608866697,-74.80677884886038,-74.78386903571979,-74.76083763421991,-74.73783478854948,-74.71502000148092,-74.69257148369141,-74.67069494136858,-74.64963188828605,-74.62966705368056,-74.61113332605626,-74.59441030847952,-74.57990786248335,-74.5680179919933,-74.55900939709176,-74.55284627925865,-74.54899875480288,-74.54659720365063,-74.54555128052809
4.194999999999956,-74.68273507018424,-74.75174565386438,-74.82286276001659,-74.88192199346126,-74.92585223840345,-74.95565087965382,-74.97349564041701,-74.98168210250675,-74.98225718581637,-74.97692285940757,-74.96704371079639,-74.95369068928488,-74.93769321528181,-74.91968861344017,-74.90016504664065,-74.8794972708127,-74.85797583291784,-74.8358307486237,-74.81325072685165,-74.79039894033716,-74.76742624769257,-74.74448261637994,-74.72172729715902,-74.69933814473596,-74.67752037227848,-74.6565148264192,-74.63660535667468,-74.61812372604835,-74.60144815244894,-74.58698688543181,-74.5751302193408,-74.5661453531168,-74.55999577670491,-74.55615254542118,-74.55374929083145,-74.55270010170645
4.199999999999957,-74.68873168871217,-74.7576995774173,-74.8287725348021,-74.88780226606436,-74.93172059820262,-74.9615232071636,-74.97938485140018,-74.98759817525097,-74.98820761678607,-74.98291320245393,-74.97307806861174,-74.95977211653938,-74.94382403044575,-74.92587063032298,-74.90639974031903,-74.8857858918322,-74.86431948119193,-74.84223041559687,-74.81970731175386,-74.79691324386279,-74.77399894419698,-74.75111420373304,-74.72841802177307,-74.70608789804855,-74.6843285543121,-74.66338017248012,-74.64352572585058,-74.62509585679125,-74.6084674045553,-74.59404701502216,-74.58222328290589,-74.57326191679272,-74.56712570471531,-74.56328664590909,-74.56088161986453,-74.55982913799475
4.204999999999957,-74.69471716264309,-74.76364215560277,-74.83467082914153,-74.89367092384646,-74.93757719081016,-74.96738359383512,-74.98526192871277,-74.99350190569312,-74.99414548416314,-74.98889075037914,-74.97909939120368,-74.96584026091907,-74.94994130807287,-74.93203884819152,-74.91262036665873,-74.89206017017388,-74.87064850420018,-74.84861516722219,-74.826148683525,-74.8034120286529,-74.78055580856439,-74.75772963799149,-74.73509226533162,-74.71282083633342,-74.69111958293063,-74.67022802473461,-74.65042826230545,-74.63204982220938,-74.61546817150294,-74.60108836063232,-74.58929729455846,-74.58035920220978,-74.57423617923308,-74.570401173614,-74.56799430901224,-74.56693850809017
4.209999999999958,-74.70069154112217,-74.76957343899159,-74.84055769465287,-74.89952801945881,-74.94342207000885,-74.97323209470882,-74.99112692877509,-74.99939335174214,-75.00007084744001,-74.99485556434288,-74.98510774147478,-74.97189518714013,-74.95604511476124,-74.93819333559298,-74.9188269962235,-74.89832017848683,-74.87696297674725,-74.85498508053202,-74.83257492149905,-74.8098953764184,-74.78709692495872,-74.76432900584786,-74.74175011712943,-74.71953705155646,-74.6978935528318,-74.67705848065948,-74.65731306632136,-74.63898572538581,-74.62245055912848,-74.60811103074714,-74.59635236525124,-74.58743732251894,-74.58132731524326,-74.57749624491039,-74.57508747555376,-74.57402832970166
4.214999999999959,-74.70665487291646,-74.77549347777048,-74.84643318256529,-74.90537360515799,-74.94925528917953,-74.97906876441411,-74.99697990758574,-75.00527257087337,-75.00598376566268,-75.00080770504447,-74.99110318185267,-74.97793695942852,-74.96213551660233,-74.94433416055094,-74.92501969903599,-74.90456598886064,-74.88326297305949,-74.86134023196085,-74.83898610439175,-74.81636336823081,-74.7936223768825,-74.77091239331064,-74.74839166575381,-74.72623663495206,-74.70465055795704,-74.68387163694963,-74.66418023737258,-74.64590366856976,-74.62941467240908,-74.61511513296664,-74.60338860502813,-74.5944963899406,-74.58839922678159,-74.5845719752088,-74.58216123579444,-74.58109871955935
4.21999999999996,-74.71260720641821,-74.78140232174549,-74.85229734372257,-74.91120773280942,-74.95507690130432,-74.98489365717273,-75.00282092072524,-75.01113962013238,-75.01188429743449,-75.0067472327269,-74.99708577429405,-74.9839656415238,-74.96821257918542,-74.95046139057011,-74.9311985445825,-74.9107976728307,-74.8895485667901,-74.86768069735052,-74.84538231030601,-74.82281608452784,-74.80013224718282,-74.7774798857104,-74.75501699909101,-74.73291967702951,-74.71139069149808,-74.69066758952519,-74.67102987413311,-74.65280375318447,-74.63636061547015,-74.62210077401419,-74.61040612303277,-74.60153651577332,-74.59545202694342,-74.59162847896478,-74.5892157050749,-74.58814979342392
4.224999999999961,-74.71854858964821,-74.78730002034524,-74.85815022858631,-74.91703045389062,-74.96088695897025,-74.99070682680235,-75.00865002335973,-75.01699455613874,-75.01777250092015,-75.01267420718096,-75.00305558028897,-74.98998129668382,-74.97427636760199,-74.95657509264086,-74.93736360181782,-74.91701530138279,-74.89581983102427,-74.8740065519555,-74.85176361673729,-74.82925360511916,-74.80662661805718,-74.78403156770598,-74.76162620433239,-74.73958626757975,-74.71811404590399,-74.69744643353876,-74.677862074484,-74.65968607983467,-74.64328849159327,-74.62906805974471,-74.61740502751692,-74.6085578104025,-74.60248582789278,-74.59866586968819,-74.59625099778019,-74.59518166609546
4.229999999999961,-74.72447907025914,-74.7931866226244,-74.86399188723951,-74.92284181949478,-74.96668551437268,-74.99650832672016,-75.01446727024451,-75.02283743508966,-75.02364843384943,-75.01858868774886,-75.00901266086471,-74.99598398768858,-74.98032694645006,-74.96267533324368,-74.94351493916976,-74.92321894495811,-74.90207683828405,-74.88031787044807,-74.85813010057913,-74.83567600919179,-74.81310557105935,-74.79056752329043,-74.76821936798099,-74.74623649568179,-74.7248207128878,-74.70420826338216,-74.68467693552057,-74.66655074831417,-74.65019840322405,-74.6360170951526,-74.62438542584869,-74.61556038330875,-74.60950074087071,-74.60568425995177,-74.60326722734867,-74.60219445142273
4.234999999999962,-74.73039869553898,-74.79906217726706,-74.86982236938977,-74.92864188033403,-74.9724726193187,-75.00229820994626,-75.02027271572756,-75.02866831276364,-75.02951215352094,-75.0244907333285,-75.01495707658994,-75.00197377684454,-74.98636437983858,-74.96876217835373,-74.94965262454399,-74.92940867345801,-74.90831966053344,-74.88661472692353,-74.86448183812841,-74.84208337531592,-74.819569187105,-74.79708783579696,-74.77479657585744,-74.75287044970908,-74.73151078343314,-74.71095317269351,-74.69147455355963,-74.67339785761324,-74.65709045197983,-74.64294798437979,-74.63134742452073,-74.62254434307641,-74.6164968762042,-74.61268376140018,-74.6102645062811,-74.60918826231214
4.239999999999963,-74.73630751241411,-74.80492673258973,-74.87564172437257,-74.93443068674276,-74.97824832523052,-75.00807652910714,-75.0260664137533,-75.03448724452417,-75.03536371680593,-75.03038040237709,-75.02088888757869,-75.00795072598888,-74.9923887313916,-74.97483569344526,-74.9557767253283,-74.93558455624874,-74.91454836918328,-74.8928971949053,-74.87081890509074,-74.84847578145025,-74.82601754647759,-74.80359258790486,-74.78135791310616,-74.75948821733596,-74.738184347801,-74.71768125436405,-74.69825502414648,-74.68022750592603,-74.66396473865704,-74.64986083072354,-74.63829112915836,-74.62950979740185,-74.62347434331446,-74.61966448475839,-74.61724294614916,-74.6161632107364
4.244999999999964,-74.7422055674527,-74.8107803365449,-74.88145000115456,-74.9402082886809,-74.98401268314885,-75.01384333643917,-75.03184841786572,-75.0402942853233,-75.04120318015195,-75.03625775291496,-75.02680815349424,-75.01391489649333,-74.99840006425265,-74.98089594349591,-74.96188730839754,-74.94174666216615,-74.92076303509612,-74.89916534734992,-74.87714137658563,-74.85485330494743,-74.83245072883382,-74.8100818616455,-74.78790346420155,-74.76608988554386,-74.74484149553595,-74.72439260054485,-74.70501844206206,-74.68703979065774,-74.67082136323909,-74.65675573664421,-74.64521664452765,-74.63645685310172,-74.63043325072559,-74.62662653984053,-74.62420265760434,-74.62311940774342
4.2499999999999645,-74.74809290686775,-74.81662303672404,-74.88724724833682,-74.94597473573728,-74.98976574373604,-75.01959868379173,-75.03761878121215,-75.04608948970511,-75.04703059958652,-75.04212284252952,-75.03271493355311,-75.01986634926841,-75.00439844108874,-74.98694299299109,-74.96798444011769,-74.94789505952036,-74.92696372859112,-74.90541925665217,-74.88344932715161,-74.86121602255942,-74.83886881320927,-74.81655573840789,-74.7944333129539,-74.77267554062774,-74.75148231547301,-74.73108730265356,-74.71176490132974,-74.69383480843183,-74.67766042490351,-74.66363280377298,-74.65212407454324,-74.64338561612111,-74.6373737060727,-74.63357003555826,-74.63114375038658,-74.630056963465
4.254999999999965,-74.75396957652053,-74.82245488036097,-74.89303351415805,-74.95173007713268,-74.99550755727955,-75.02534262263087,-75.04337755654659,-75.05187291180951,-75.05284603072081,-75.04797572837889,-75.03860928652894,-75.02580514476738,-75.01038392409461,-74.99297690592839,-74.97406818635075,-74.95402981610044,-74.93315051944873,-74.91165899464986,-74.88974283075154,-74.86756401044298,-74.84527187802406,-74.82301429894461,-74.80094754251537,-74.779245268202,-74.75810689574378,-74.73776545138111,-74.71849449522243,-74.70061265509734,-74.68448202202956,-74.67049213291949,-74.65901352227618,-74.65029619154159,-74.64429581611031,-74.64049507992917,-74.6380663333326,-74.63697598712513
4.259999999999966,-74.75983562192347,-74.8282759143349,-74.89880884649772,-74.95747436172321,-75.00123817369517,-75.03107520404248,-75.04912479623309,-75.05764460537532,-75.05864952875325,-75.0538164671957,-75.04449127075631,-75.03173134299023,-75.01635657499699,-74.99899774582165,-74.9801386124588,-74.96015099917886,-74.9393234769154,-74.91788463262883,-74.89602196077762,-74.87389734416473,-74.85166000108815,-74.82945762337735,-74.8074462353858,-74.78579915320675,-74.76471532378284,-74.74442713669816,-74.72520731626912,-74.7073734257357,-74.69128625220537,-74.6773338240794,-74.66588508996188,-74.65718868358915,-74.65119968672057,-74.64740178008516,-74.64497051438443,-74.64387658704882
4.264999999999967,-74.76569108824344,-74.83408618517358,-74.90457329287919,-74.96320763800344,-75.00695764253011,-75.03679647873548,-75.05486055224911,-75.06340462374412,-75.06444114847301,-75.05964511529065,-75.05036094413451,-75.03764500348761,-75.02231645505844,-75.00500557570538,-74.9861957833086,-74.9662586755162,-74.94548266970855,-74.92409624132797,-74.90228679005642,-74.88021609870657,-74.8580332596069,-74.83588579120268,-74.81392947341867,-74.79233727991378,-74.77130768633405,-74.75107244786174,-74.73190345626192,-74.71411721466787,-74.69807321223533,-74.68415797644175,-74.67273887900767,-74.66406319564234,-74.65808542292119,-74.65429024228071,-74.65185640059781,-74.6507588706704
4.269999999999968,-74.77153602030482,-74.83988573905641,-74.91032690047292,-74.96892995410941,-75.01266601296639,-75.04250649704535,-75.06058487618903,-75.06915301986353,-75.07022094426368,-75.06546172855639,-75.05621836413144,-75.04354618536482,-75.02826362508158,-75.01100045813884,-74.99223976327588,-74.9723529113654,-74.95162816602088,-74.93029389094379,-74.9085373908539,-74.88652034847075,-74.8643917301863,-74.8422988812975,-74.82039733782686,-74.79885973193275,-74.77788406945679,-74.75770147342155,-74.73858300626244,-74.72084411546112,-74.70484299814689,-74.69096468839633,-74.67957499000033,-74.67091983023971,-74.66495312887349,-74.66116057190082,-74.6587240981503,-74.65762294454159
4.274999999999968,-74.77737046259251,-74.84567462181761,-74.9160697160995,-74.97464135782197,-75.01836333382383,-75.04820530893706,-75.06629781926713,-75.07488984629059,-75.07598897010665,-75.07126636247085,-75.06206358778724,-75.04943494728552,-75.03419814541293,-75.01698245521014,-74.99827061624947,-74.97843377247644,-74.95776003352518,-74.93647765113535,-74.91477383488038,-74.8928101672851,-74.87073548883849,-74.84869697192455,-74.8268499091883,-74.80536659221681,-74.784444558532,-74.76431430122642,-74.74524605660862,-74.72755422093606,-74.71159570519819,-74.69775405754133,-74.68639352271389,-74.67775868908792,-74.67180290789045,-74.66801287346935,-74.66557371234951,-74.66446891433992
4.279999999999969,-74.78319445925511,-74.85145287894908,-74.92180178623268,-74.98034189656968,-75.02404965356331,-75.05389296400851,-75.07199943232128,-75.08061515519523,-75.08174527958471,-75.07705907210114,-75.06789667171805,-75.05531134747572,-75.04012007594704,-75.0229516285405,-75.00428840563582,-74.98450132410069,-74.96387833937888,-74.94264759102897,-74.92099619329544,-74.89908562840797,-74.87706461098685,-74.85508014073805,-74.83328726745172,-74.8118579430688,-74.79098923826842,-74.7709110184307,-74.75189269692117,-74.73424762317327,-74.71833142788459,-74.70452618069008,-74.69319457611675,-74.68457987306913,-74.67863486244428,-74.67484725065675,-74.67240534764119,-74.67129688487678
4.28499999999997,-74.78900805410777,-74.85722055560365,-74.92752315700248,-74.98603161743206,-75.02972502028986,-75.05956951149358,-75.07768976581582,-75.08632899836341,-75.08748992588534,-75.08283991210682,-75.07371767211964,-75.06117544372745,-75.0460294761303,-75.0289080392881,-75.01029319436299,-74.99055563099502,-74.96998315022839,-74.94880377922279,-74.92720453671267,-74.90534680453338,-74.88337917147128,-74.86144846478891,-74.83970949194212,-74.8183338661467,-74.79751819270857,-74.77749171150039,-74.75852301611015,-74.74092441352005,-74.72505025994586,-74.71128115387856,-74.69997824837935,-74.69138348224864,-74.68544909417447,-74.68166380628816,-74.67921910761717,-74.67810696010552
4.289999999999971,-74.79481129063524,-74.86297769659788,-74.93323387419814,-74.99171056714245,-75.03538948175567,-75.06523500026528,-75.08336886984502,-75.0920314272008,-75.09322296180436,-75.08860893674361,-75.07952664477114,-75.06702729340262,-75.05192640496486,-75.03485174815238,-75.01628504488488,-74.9965967574265,-74.97607453221387,-74.95494628379164,-74.93339893520465,-74.91159376779599,-74.88967924455343,-74.86780202053016,-74.84611666136655,-74.82479444246984,-74.80403150523468,-74.78405646621937,-74.7651371023812,-74.74758468259705,-74.7317522943729,-74.71801907237233,-74.70674463688125,-74.69816961588258,-74.69224570389527,-74.68846264235104,-74.68601509502332,-74.68489924312931
4.2949999999999715,-74.8006042119949,-74.86872434641514,-74.93893398327114,-74.99737879209106,-75.04104308536326,-75.07088947883892,-75.08903679413623,-75.09772249273561,-75.09894443974898,-75.09436619986684,-75.08532364503851,-75.07286695343677,-75.05781092101259,-75.04078281537777,-75.02226401918546,-75.00262476717653,-74.98215255097348,-74.96107517229144,-74.93957945830759,-74.91782658977596,-74.89596490392167,-74.87414088382226,-74.85250885381939,-74.83123975242418,-74.81052925857458,-74.79060536769549,-74.77173504324207,-74.7542285203049,-74.73843762341465,-74.72474003067363,-74.71349383821854,-74.70493837242502,-74.69902479160328,-74.69524386000302,-74.69279341176731,-74.69167383620909
4.299999999999972,-74.80638686101958,-74.87446054920851,-74.94462352933813,-75.00303633832799,-75.04668587816828,-75.07653299537516,-75.09469358805295,-75.10340224562222,-75.1046544117415,-75.10011175493489,-75.0911087278783,-75.07869448034262,-75.06368308239875,-75.04670130075787,-75.02823017878285,-75.00863972354497,-74.98821727164778,-74.96719051176382,-74.94574617502616,-74.924045341504,-74.90223622269637,-74.88046512993846,-74.85888614678792,-74.83766987576823,-74.81701153480765,-74.79713850036677,-74.77831692550878,-74.76085601583058,-74.7451063385847,-74.73144412252826,-74.72022594821085,-74.71168984953556,-74.70578645648511,-74.7020075595795,-74.6995541589264,-74.69843084077135
4.304999999999973,-74.81215928022056,-74.88018634880376,-74.95030255718386,-75.00868325156624,-75.05231790688288,-75.0821655976831,-75.1003393005981,-75.10907073614428,-75.11035292942239,-75.10584565501257,-75.09688194784096,-75.08450993021387,-75.0695429468159,-75.05260726363923,-75.03418358473328,-75.01464168935456,-74.9942687588841,-74.97329236874064,-74.95189915383796,-74.93025009346599,-74.90849327343469,-74.8867748335697,-74.86524861715773,-74.84408489163856,-74.82347841537057,-74.80365594800723,-74.78488283531196,-74.76746725765403,-74.75175853066818,-74.73813144093253,-74.7269410619085,-74.71842414408648,-74.71253079692465,-74.70875384060119,-74.70629743675511,-74.70517035741574
4.309999999999974,-74.8179215117904,-74.88590178870213,-74.95597111126406,-75.01431957718447,-75.05793921787829,-75.08778733322326,-75.10597398041699,-75.11472801421773,-75.11604004405372,-75.11156795277464,-75.10264335907455,-75.09031335872878,-75.07539057152755,-75.05850076292525,-75.04012429763507,-75.02063072695483,-75.00030707684094,-74.97938080924851,-74.9580384626984,-74.93644091560797,-74.91473612813571,-74.89307006883014,-74.87159634121795,-74.85048487855529,-74.82992998106305,-74.81015779373297,-74.79143285810287,-74.77406233355438,-74.758394289728,-74.74480207813993,-74.73363927359954,-74.72514135217,-74.71925791051054,-74.71548280178168,-74.7130233446927,-74.71189248592287
4.314999999999975,-74.82367359760576,-74.89160691208325,-74.9616292357084,-75.01994536023008,-75.0635498571881,-75.09339824911066,-75.11159767580051,-75.12037412939429,-75.12171580652232,-75.11727870050905,-75.1083930153281,-75.09610482115376,-75.08122601337196,-75.06438185708006,-75.04605237763283,-75.02660689822648,-75.0063322891922,-74.98545589881313,-74.96416416904513,-74.94261787734082,-74.92096485824533,-74.89935090926203,-74.87792939466667,-74.85686991442765,-74.83636631205351,-74.81664412000798,-74.79796707865962,-74.7806413306164,-74.7650137051117,-74.75145612566803,-74.74032067681658,-74.73184156910537,-74.72596789404336,-74.72219454103474,-74.71973198137084,-74.71859732526167
4.319999999999975,-74.82941557923031,-74.897301761808,-74.96727697432318,-75.02556064542195,-75.06914987051086,-75.09899839211766,-75.11721043468818,-75.12600913086428,-75.12738026734301,-75.12297795012036,-75.11413096995514,-75.10188437234693,-75.0870493287658,-75.07025060413234,-75.05196788442126,-75.03257026458527,-75.01234445913121,-74.99151770246363,-74.97027633980261,-74.94878104754494,-74.92717953466112,-74.90561742784082,-74.8842478526161,-74.86324007655932,-74.84278748788476,-74.82311500865003,-74.80448558109318,-74.78720433523661,-74.77161686545774,-74.75809367430512,-74.7469853643438,-74.7385248894459,-74.73266084354302,-74.72888915548184,-74.72642344462085,-74.72528497359693
4.324999999999976,-74.83514749791753,-74.90298638042128,-74.9729143705943,-75.03116547715341,-75.07473930321326,-75.10458780867718,-75.12281230467109,-75.13163306746,-75.13303347666199,-75.12866575313303,-75.11985727591703,-75.10765206676169,-75.09286057370775,-75.07610706167904,-75.057870877249,-75.03852088698618,-75.01834364937527,-74.99756628473703,-74.97637504138665,-74.954930494575,-74.93338022773713,-74.91186969698022,-74.89055178959778,-74.86959544165397,-74.84919358747953,-74.82957054083643,-74.81098844885328,-74.79375143312949,-74.77820385870189,-74.76471481411664,-74.75363342822361,-74.74519140698602,-74.73933685425565,-74.73556674145921,-74.73309783148123,-74.7319555282968
4.329999999999977,-74.84086939461338,-74.90866081015484,-74.97854146769004,-75.03675989949494,-75.08031820033285,-75.1101665448853,-75.12840333299495,-75.13724598765862,-75.13867548425975,-75.13434216069463,-75.12557198578642,-75.11340795845018,-75.09865980378221,-75.08195128688924,-75.06376141492265,-75.04445882592738,-75.02432992216956,-75.00360170968257,-74.98246033970881,-74.96106628626443,-74.93956700728874,-74.9181077885371,-74.89684127956774,-74.87593608582044,-74.85558468914597,-74.83601079710975,-74.81747576473445,-74.80028270933381,-74.78477477208365,-74.7713196344519,-74.76026495976345,-74.75184121476802,-74.7459960206608,-74.74222739452507,-74.73975523820474,-74.73860908593993
4.334999999999978,-74.84658130995908,-74.91432509292994,-74.98415830846373,-75.042343956197,-75.08588660658089,-75.11573464650441,-75.13398356656312,-75.14284793958531,-75.14430633955442,-75.14000722357918,-75.13127515175049,-75.11915210106665,-75.10444707416282,-75.08778333650768,-75.06963955581058,-75.05038414145422,-75.03030333929138,-75.00962404086586,-74.98853230018085,-74.96718848993014,-74.94573994259743,-74.92433177381636,-74.9031163959116,-74.88226208457806,-74.86196087058323,-74.84243585738345,-74.82394761088185,-74.80679824821841,-74.79132969215252,-74.77790822395045,-74.76688004954241,-74.75847440508913,-74.75263843647848,-74.7488712094669,-74.74639576026577,-74.74524574232281
4.3399999999999785,-74.85228328429396,-74.91997927036029,-74.98976493545659,-75.04791769069288,-75.09144456634512,-75.1212921589659,-75.13955305193936,-75.1484389710163,-75.14992609160477,-75.14566099219029,-75.13696682561442,-75.12488454787113,-75.11022243961608,-75.09360326685866,-75.07550535784665,-75.05629689316314,-75.03626396205405,-75.01563334137306,-74.99459098771912,-74.9732971723769,-74.95189910241524,-74.9305417235759,-74.90937721144945,-74.88857351286181,-74.86832220888664,-74.84884580094744,-74.83040406879697,-74.8132981334884,-74.79786870477409,-74.78448067054865,-74.77347878741791,-74.76509106950807,-74.75926419467595,-74.7554982803083,-74.75301949236741,-74.75186559246698
4.344999999999979,-74.85797535765813,-74.92562338375448,-74.99536139090048,-75.05348114610148,-75.09699212369274,-75.12683912737322,-75.14511183535102,-75.15401912938175,-75.15553478911332,-75.15130351656438,-75.14264705880461,-75.13060535173265,-75.1159859545047,-75.09941113384947,-75.08135887853403,-75.06219714020563,-75.04221185131124,-75.02162967381526,-75.00063646674887,-74.97939239990198,-74.95804455496976,-74.93673770803143,-74.91562379844122,-74.89487044502772,-74.87466878055338,-74.85524070647385,-74.83684521934354,-74.81978244819098,-74.80439189513632,-74.79103706148572,-74.78006126253219,-74.77169129885185,-74.76587338747468,-74.76210870031605,-74.75962652844842,-74.75846873062599
4.34999999999998,-74.86365756979498,-74.93125747411895,-75.00094771672049,-75.05903436522979,-75.10252932237293,-75.13237559650443,-75.15065996269173,-75.15958846176889,-75.16113248042947,-75.15693484637389,-75.14831590237188,-75.13631456513264,-75.12173767279127,-75.10520699297406,-75.0872001749489,-75.06808494129196,-75.04814706746066,-75.0276131003325,-75.00666880120856,-74.98547423829949,-74.96417636796848,-74.94291979686112,-74.92185622859118,-74.90115295485771,-74.88100066148749,-74.86162065202228,-74.84327114275314,-74.82625127472143,-74.81089934775552,-74.7975774833103,-74.78662756331867,-74.77827518322239,-74.77246610635707,-74.76870256200695,-74.76621696169036,-74.76505525029256
4.354999999999981,-74.86932996015402,-74.93688158216048,-75.00652395453766,-75.06457739057583,-75.10805620581978,-75.13790161081528,-75.15619747952432,-75.16514701492487,-75.16671921355245,-75.1625550309303,-75.15397340699475,-75.14201224016824,-75.1274776480417,-75.11099089931676,-75.09302930374425,-75.07396035469526,-75.05406967044826,-75.03358368259782,-75.01268805455402,-74.99154275286477,-74.97029460860347,-74.94908805921048,-74.92807457305312,-74.90742111556482,-74.88731792700537,-74.86798571504536,-74.8496819186308,-74.83270469482893,-74.81739114648248,-74.80410202188652,-74.7931777775085,-74.78484281200312,-74.77904244207318,-74.77527995715472,-74.77279088452433,-74.77162524420542
4.359999999999982,-74.87499256789349,-74.9424957482889,-75.0120901456717,-75.07011026433132,-75.11357281715495,-75.14341721444184,-75.16172443108377,-75.1706948352597,-75.1722950361344,-75.16816411918728,-75.15961962298272,-75.14769842855576,-75.13320593342848,-75.11676290755555,-75.09884632115337,-75.07982343825503,-75.0599797197721,-75.03954148182144,-75.01869428976279,-74.99759800839888,-74.9763993435559,-74.95524256369697,-74.93427890243518,-74.91367499979826,-74.89362065184088,-74.87433597239418,-74.85607762596068,-74.83914278962224,-74.8238673745083,-74.8106107624001,-74.79971199213676,-74.79139427386541,-74.78560248464736,-74.78184097679674,-74.77934838863793,-74.77817880435622
4.3649999999999824,-74.88064543188284,-74.94810001261959,-75.01764633114355,-75.07563302838412,-75.11907919919024,-75.14892245120315,-75.16724086227975,-75.1762319688491,-75.17785999548322,-75.17376215974384,-75.1652546002794,-75.1533731816338,-75.13892258173428,-75.12252307196582,-75.10465128299369,-75.08567424938104,-75.06587727448606,-75.04548655875477,-75.02468756933833,-75.00364006921286,-74.98249063900047,-74.96138337841465,-74.94046928680454,-74.91991467964829,-74.89990891015042,-74.8806715003235,-74.86245834311148,-74.84556563957557,-74.83032811437043,-74.81710378936471,-74.80623029354895,-74.79792965677507,-74.7921463233849,-74.7883857112407,-74.78588956498204,-74.78471602199642
4.369999999999983,-74.88628859070545,-74.95369441497627,-75.02319255167798,-75.08114572432113,-75.12457539443052,-75.15441736460416,-75.17274681769976,-75.18175846143744,-75.18341413856575,-75.17934920084723,-75.1708783884655,-75.15903655036654,-75.1446276453551,-75.12827144642375,-75.11044424467023,-75.09151284505704,-75.07176239320395,-75.05141897369435,-75.03066795531392,-75.0096689991319,-74.98856856060988,-74.96751057093877,-74.94664579569226,-74.92614022665119,-74.90618277551819,-74.88699237449717,-74.86882414784205,-74.85197332453404,-74.83677344795846,-74.82358118662762,-74.81273276740686,-74.80444904799869,-74.79867404687838,-74.7949142500712,-74.79241450377744,-74.7912369876439
4.374999999999984,-74.89192208266117,-74.95927899489335,-75.02872884770618,-75.08664839343069,-75.13006144507611,-75.15990199783826,-75.17824234161161,-75.18727435844053,-75.18895751201042,-75.18492529039608,-75.17649103676222,-75.16468858534702,-75.15032117630383,-75.13400808440966,-75.1162252611792,-75.09733928184454,-75.07763513410326,-75.0573387864858,-75.03663550925701,-75.0156848614998,-74.99463317355925,-74.9736242083303,-74.95280849809798,-74.93235171179415,-74.91244232096113,-74.89329866999333,-74.87517511730667,-74.85836592371952,-74.84320345651996,-74.83004303737604,-74.81921949869502,-74.81095253410987,-74.80518574301432,-74.80142668215643,-74.79892329452139,-74.7977417910897
4.379999999999985,-74.8975459457687,-74.96485379161868,-75.03425525936831,-75.09214107670526,-75.1355373930255,-75.16537639379003,-75.18372747796627,-75.1927797049484,-75.19449016211033,-75.19049047594334,-75.18209259403413,-75.1703293368003,-75.15600322621344,-75.13973303901165,-75.12199438711157,-75.10315361588634,-75.08349555492892,-75.06324605652792,-75.04259029227315,-75.02168771918296,-75.00068454253037,-74.97972435714053,-74.95895746249462,-74.93854920552019,-74.91868761893406,-74.89959046130953,-74.88151132806053,-74.86474351573597,-74.849618220666,-74.83648942414274,-74.82569057172664,-74.81744020099568,-74.81168149897942,-74.8079230956546,-74.80541602599448,-74.80423052140469
4.384999999999986,-74.90316021776836,-74.97041884411598,-75.0397718265161,-75.09762381484394,-75.14100327987808,-75.17084059503784,-75.18920227040063,-75.1982745457283,-75.20001213482615,-75.19604480469923,-75.1876831087923,-75.17595885458654,-75.16167384634015,-75.14544636292874,-75.1277516766565,-75.10895590291015,-75.08934371299692,-75.06914084277619,-75.04853236500999,-75.02767763457467,-75.00672273171604,-74.98581108341534,-74.96509275683293,-74.94473277773278,-74.92491874133445,-74.90586782236797,-74.88783285606493,-74.87110617857503,-74.85601782037725,-74.8429204288121,-74.83214607014968,-74.82391213386263,-74.81816140126693,-74.81440357802029,-74.8118927862668,-74.81070326694596
4.389999999999986,-74.9087649361244,-74.97597419106728,-75.04527858871529,-75.10309664825509,-75.1464591469365,-75.17629464385662,-75.1946667622402,-75.20375892522715,-75.20552347578884,-75.20158832353421,-75.1932626291973,-75.18157718820429,-75.16733308756682,-75.15114810847437,-75.13349718360487,-75.11474619823221,-75.09517966519823,-75.07502320374707,-75.05446178766138,-75.03365466959923,-75.01274780482457,-74.99188445269992,-74.97121444854618,-74.95090249780074,-74.93113575950755,-74.9121308265205,-74.89413977669278,-74.8774539896216,-74.86240233500912,-74.84933613262585,-74.8385860769528,-74.83036841724291,-74.82462553568291,-74.82086821601094,-74.81835366270457,-74.81716011536336
4.394999999999987,-74.9143601380275,-74.98151987087552,-75.05077558524812,-75.10855961705867,-75.15190503520928,-75.18173858222023,-75.20012099650155,-75.20923288757446,-75.21102423030251,-75.20712107898196,-75.19883120306237,-75.18718438679343,-75.17298100040608,-75.15683832757973,-75.13923096135275,-75.1205245567609,-75.1010034680024,-75.08089319752153,-75.06037861997126,-75.03961888571601,-75.01875982508372,-74.99794453004293,-74.97732260455459,-74.95705843456288,-74.9373387442511,-74.91837954655377,-74.9004321647335,-74.88378702565895,-74.86877184329775,-74.85573661618882,-74.84501067447131,-74.83680913500034,-74.83107398735237,-74.82731709569305,-74.8247987419764,-74.82360115360606
4.399999999999988,-74.91994586039722,-74.98705592166687,-75.0562628551158,-75.11401276108896,-75.15734098541353,-75.18717245180423,-75.20556501589533,-75.21469647658509,-75.21651444334731,-75.21264311724201,-75.2043888778561,-75.19278049913845,-75.1786176350036,-75.16251707179691,-75.14495306290462,-75.12629103300023,-75.1068151774612,-75.08675088174877,-75.06628292123739,-75.04557034392346,-75.02475885524493,-75.00399138000088,-74.98341729126999,-74.9632006563327,-74.94352776582024,-74.92461405469412,-74.90671009439843,-74.89010536287428,-74.87512642336523,-74.8621219594746,-74.85141994439299,-74.84323437033657,-74.83750684072551,-74.83375030244845,-74.83122811005973,-74.83002646792862
4.404999999999989,-74.92552213988444,-74.99258238129329,-75.06174043704107,-75.1194561198968,-75.16276703797719,-75.19259629398843,-75.21099886282859,-75.22014973576185,-75.22199415958207,-75.21815448418292,-75.20993570070566,-75.19836557367132,-75.18424304114113,-75.16818439230235,-75.15066354087706,-75.13204568105331,-75.11261484921228,-75.09259631365028,-75.07217475031561,-75.05150910476317,-75.03074495758761,-75.01002506664244,-74.98949857459999,-74.96932923090284,-74.9497028939322,-74.93083442261248,-74.91297363932577,-74.89640907686389,-74.88146615272517,-74.86849224183116,-74.85781396776379,-74.84964420579678,-74.8439241795837,-74.84016792098058,-74.83764185224697,-74.83643614389749
4.4099999999999895,-74.93108901287377,-74.9980992873349,-75.06720836947038,-75.12488973275214,-75.16818323304159,-75.19801014985916,-75.21642257940739,-75.22559270829817,-75.22746342334715,-75.22365522534496,-75.21547171839963,-75.20393965847458,-75.18985726823973,-75.17384033989993,-75.15636244750172,-75.13778855462579,-75.1184025384826,-75.09842955002317,-75.07805416562329,-75.05743522832381,-75.0367181939232,-75.01604565355277,-74.99556651995265,-74.97544422554986,-74.95586419777113,-74.93704072142948,-74.91922287258579,-74.90269824263852,-74.88779110828814,-74.87484754198641,-74.86419282499372,-74.85603872327573,-74.8503260870455,-74.84657003532037,-74.8440400531517,-74.84283026639704
4.41499999999999,-74.93664651548592,-75.0036066771023,-75.07266669057657,-75.13031363864654,-75.17358961046405,-75.2034140602122,-75.22183620743961,-75.23102543708079,-75.23292227866706,-75.22914538594283,-75.2209969773908,-75.2095028012843,-75.19546036536279,-75.17948496502423,-75.16204983462897,-75.14351970702937,-75.12417830009221,-75.10425064724423,-75.08392122514341,-75.0633487742452,-75.04267862559921,-75.0220532038376,-75.00162119224079,-74.98154570703869,-74.96201174599275,-74.94323302172006,-74.9254578666858,-74.90897293462844,-74.89410136636701,-74.88118793805388,-74.87055659586248,-74.86241800402352,-74.85671264557266,-74.8529567288325,-74.85042279671485,-74.84920891963593
4.419999999999991,-74.94219468357997,-75.00910458763906,-75.07811543826102,-75.13572787629553,-75.17898620982017,-75.20880806555503,-75.22723978843733,-75.23644796469237,-75.23837076925331,-75.23462501086858,-75.22651152379916,-75.21505504949315,-75.20105238121911,-75.18511831774369,-75.167725753731,-75.14923919118517,-75.12994218845768,-75.11005966127316,-75.08977598642815,-75.06924980172201,-75.0486263135033,-75.02804778012762,-75.00766265588635,-74.98763374162708,-74.968145606729,-74.94941139351845,-74.93167869357511,-74.91523322668866,-74.90039700268221,-74.88751350753806,-74.87690535952513,-74.86878212865145,-74.86308393697597,-74.85932808422132,-74.85679016621071,-74.85557218715309
4.424999999999992,-74.94773355275589,-75.01459305572399,-75.08355465015617,-75.1411324841408,-75.18437307040628,-75.2141922061092,-75.23263336361924,-75.24186033341405,-75.24380893850693,-75.24009414469445,-75.23201540341474,-75.2205964501532,-75.20663336416595,-75.19074044776379,-75.17339025590506,-75.154947059627,-75.13569425759535,-75.11585664765651,-75.09561850660272,-75.07513836950771,-75.05456131806724,-75.03402944458242,-75.0136909748245,-74.99370839507002,-74.97426584759248,-74.95557590632278,-74.93788542464985,-74.92147919210396,-74.90667809236704,-74.89382432733971,-74.88323919451743,-74.87513117713758,-74.86944004242115,-74.8656841835368,-74.86314224425287,-74.86192015182367
4.429999999999993,-74.95326315835668,-75.0200721178735,-75.08898436362776,-75.14652750035283,-75.18975023124187,-75.21956652181305,-75.23801697391347,-75.24726258522811,-75.24923682952124,-75.24555283167528,-75.23750866170039,-75.22612704997897,-75.21220336221208,-75.19635140443009,-75.17904339187682,-75.16064336450485,-75.14143456112521,-75.12164166153109,-75.10144884236902,-75.08101453591847,-75.06048369927093,-75.03999825889468,-75.01970621250807,-74.99976973262427,-74.98037253568135,-74.96172662909994,-74.9440781307581,-74.92771090359393,-74.9129447099728,-74.90012047376149,-74.88955817876176,-74.88146522883248,-74.87578104243454,-74.87202510818028,-74.86947911280036,-74.86825289586525
4.434999999999993,-74.95878353547076,-75.02554181034382,-75.09440461577721,-75.15191296283317,-75.19511773107199,-75.22493105232392,-75.24339065995976,-75.25265476182041,-75.25465448508439,-75.25100111575158,-75.24299134379457,-75.23164689535021,-75.21776242302076,-75.20195123673146,-75.1846852120034,-75.16632815758807,-75.14716315227398,-75.12741475762749,-75.10726705000933,-75.08687835883683,-75.06639351664627,-75.04595428429428,-75.02570843191175,-75.0058178190526,-74.98646573758353,-74.9678636302901,-74.95025688220441,-74.93392843331806,-74.91919692947403,-74.90640202251306,-74.89586238957217,-74.88778436246486,-74.88210701690889,-74.87835093891057,-74.8758008531633,-74.8745705008435
4.439999999999994,-74.96429471893426,-75.03100216913343,-75.09981544344386,-75.15728890921662,-75.20047560836953,-75.23028583702066,-75.2487544621121,-75.258036904583,-75.260061947682,-75.25643904055198,-75.2484634945142,-75.23715603231486,-75.22331059391261,-75.2075399933029,-75.19031576627668,-75.17200149026871,-75.1528800838786,-75.1331759902737,-75.11307318538991,-75.09272989571555,-75.07229082928112,-75.05189758155228,-75.03169769553621,-75.01185271862813,-74.99254551938125,-74.97398697781155,-74.9564217487549,-74.94013185288058,-74.92543482427355,-74.9126690487164,-74.90215190366008,-74.89408865614702,-74.88841804510906,-74.88466175584942,-74.88210754600888,-74.88087304767826
4.444999999999995,-74.96979674333312,-75.0364532299852,-75.10521688320728,-75.16265537687372,-75.20582390133761,-75.2356309150059,-75.25410842044104,-75.26340905461649,-75.2654592594997,-75.26186664939591,-75.25392515835735,-75.24265450659182,-75.22884792186866,-75.21311772242886,-75.19593510432634,-75.17766341356474,-75.1585854083897,-75.13892541339848,-75.11886730396458,-75.0985692035813,-75.07817569582306,-75.05782821098485,-75.03767406541223,-75.0178744951387,-74.99861194665564,-74.98009673906505,-74.96257279964173,-74.9463212333354,-74.93165846720757,-74.918921626911,-74.90842679713948,-74.9003781873805,-74.89471420567756,-74.89095763848745,-74.88839927136708,-74.88716061664911
4.449999999999996,-74.97528964300555,-75.04189502838867,-75.11060897138952,-75.1680124029128,-75.21116264791178,-75.24096632510852,-75.2594525747363,-75.26877125273285,-75.27084646242585,-75.26728398529647,-75.2593763795059,-75.2481423635738,-75.23437445353326,-75.21868447204606,-75.201543275423,-75.18331397812332,-75.16427917787473,-75.14466308053494,-75.12464946077839,-75.10439633903836,-75.08404817448326,-75.06374623245733,-75.04363760310478,-75.02388321189083,-75.0046650844908,-74.98619298093845,-74.96871010356793,-74.9524966451909,-74.93786793055064,-74.92515983105915,-74.91468714553234,-74.9066530330613,-74.90099557664006,-74.89723866568956,-74.89467610863638,-74.89343328740132
4.4549999999999965,-74.98077345204406,-75.04732759958235,-75.11599174405738,-75.17336002418243,-75.21649188576254,-75.246292105886,-75.264786964509,-75.27412353945752,-75.27622359805378,-75.27269109096271,-75.26481720182835,-75.25361964832999,-75.23989023521675,-75.22424028974648,-75.20714032848133,-75.18895323422393,-75.1699614440214,-75.15038904482378,-75.13041971047103,-75.1102113582723,-75.08990832304038,-75.06965170538811,-75.04958836971716,-75.02987893171432,-75.01070499747846,-74.99227576981127,-74.97483372871203,-74.95865815841483,-74.94406328602064,-74.93138373455082,-74.92093302377377,-74.91291326948551,-74.9072622354111,-74.90350491570082,-74.90093813658949,-74.89969113895155
4.459999999999997,-74.98624820429781,-75.05275097855585,-75.12136523702455,-75.17869827727364,-75.22181165229742,-75.25160829562662,-75.27011162899407,-75.279465955032,-75.28159070768463,-75.27808800880243,-75.27024766888249,-75.25908640560908,-75.24539531289867,-75.22978522278044,-75.21272631206311,-75.19458123178148,-75.17563225814098,-75.15610335901684,-75.13617810728046,-75.1160143170535,-75.09575619884409,-75.07554468875253,-75.05552642589491,-75.03586171696618,-75.01673174972213,-74.99834517155904,-74.98094374273263,-74.964805842439,-74.95024460478365,-74.93759341020895,-74.92716450621727,-74.91915897235442,-74.91351425879928,-74.90975646615169,-74.90718543337877,-74.90593424969326
4.464999999999998,-74.99171393337458,-75.05816520005202,-75.12672948585386,-75.18402719852203,-75.22712198466327,-75.25691493235189,-75.2754266071526,-75.28479853941631,-75.28694783232955,-75.28347478092468,-75.27566782391791,-75.26454267984171,-75.25088973223018,-75.2353193180593,-75.21830127438011,-75.20019802034957,-75.18129167117132,-75.16180607548029,-75.14192470504616,-75.12180527074082,-75.10159185881896,-75.08142524108672,-75.06145183182987,-75.04183162953467,-75.02274540484133,-75.00440125155772,-74.98704021277301,-74.97093976616402,-74.95641195745894,-74.94378893029432,-74.93338166663997,-74.92539021678004,-74.91975172301285,-74.91599339406382,-74.913418076542,-74.91216269740247
4.469999999999999,-74.99717067264311,-75.06357029856918,-75.13208452585945,-75.18934682401006,-75.23242291974853,-75.26221205381867,-75.2807319376743,-75.29012133229132,-75.29229501271237,-75.28885144914234,-75.28107770987882,-75.26998851514341,-75.2563735385373,-75.24084262215858,-75.22386526329733,-75.20580364912351,-75.18693973368035,-75.16749724619798,-75.14765955721283,-75.12758427428523,-75.10741535946805,-75.08729342049129,-75.06736464726413,-75.04778873084359,-75.02874602597595,-75.0104440746882,-74.9931232054656,-74.97705999796398,-74.9625654141236,-74.94997036651051,-74.93958457824753,-74.93160707729008,-74.92597470366499,-74.9222157758552,-74.91963614300771,-74.91837655924321
4.475,-75.00261845523511,-75.0689663083633,-75.13743039210891,-75.1946571895692,-75.23771449418544,-75.26749969752164,-75.28602765897956,-75.29543437306118,-75.29763228927206,-75.29421805497468,-75.28647736940644,-75.2754239553171,-75.26184677682333,-75.2463551813208,-75.22941832633576,-75.21139816694343,-75.19257649586903,-75.17317692277493,-75.15338271683356,-75.13335138223319,-75.11322675687666,-75.09314928463537,-75.07326493149384,-75.05373308185614,-75.03473367579028,-75.01647370534045,-74.9991927869365,-74.983166605691,-74.9687050443175,-74.95613779000897,-74.94577331367947,-74.93780962783336,-74.93218327577908,-74.92842368734577,-74.92583970910066,-74.92457591177306
4.48,-75.00805731404745,-75.07435326345005,-75.14276711942543,-75.19995833078205,-75.24299674435215,-75.27277790069533,-75.29131380922198,-75.30073770085555,-75.30295970216484,-75.29957463964965,-75.29186684484185,-75.28084904385591,-75.26730949177175,-75.25185704145814,-75.23496051067546,-75.21698162229724,-75.1982020075746,-75.17884515644037,-75.15909423657348,-75.13910664873022,-75.11902610671578,-75.09899289076003,-75.07915274337314,-75.05966474307911,-75.04070841647733,-75.02249020741796,-75.00524902280993,-74.98925965667995,-74.97483091704788,-74.96229127139377,-74.95194794501387,-74.94399794178476,-74.93837751379401,-74.93461720376264,-74.93202885054733,-74.93076083094854
4.485000000000001,-75.01348728174428,-75.07973119760693,-75.14809474238993,-75.20525028298455,-75.24826970637507,-75.27804670031651,-75.29659042629054,-75.30603135453207,-75.308277291267,-75.30492124410655,-75.29724617822822,-75.28626382394569,-75.27276172774899,-75.25734824815548,-75.24049186315838,-75.22255406332373,-75.20381631827367,-75.184501998051,-75.16479416871276,-75.14485012752438,-75.12481346424586,-75.10482429568226,-75.08502814131808,-75.06558377456666,-75.04667030976272,-75.02849364434185,-75.01129197821253,-74.99533921775291,-74.98094310079411,-74.96843088072636,-74.95810854377255,-74.95017209195046,-74.94455749156919,-74.94079639974534,-74.93820364248111,-74.9369313921304
4.490000000000002,-75.01890839075898,-75.08510014437542,-75.15341329534319,-75.21053308126814,-75.25353341613084,-75.28330613310622,-75.30185754781182,-75.31131537267866,-75.31358509617705,-75.31025790899858,-75.30261541131368,-75.2916683384678,-75.27820352880704,-75.26282884667307,-75.24601243029132,-75.22811553781564,-75.20941947708545,-75.19014749809433,-75.17048256515025,-75.15058187196959,-75.13058888432022,-75.11064355579848,-75.09089118331029,-75.07149023592434,-75.0526194169089,-75.03448407905522,-75.0173217177778,-75.0014053552236,-74.98704166351224,-74.97455668753052,-74.96425518092597,-74.95633215057286,-74.95072328239,-74.94696134935106,-74.9443641594476,-74.94308767008903
4.495000000000003,-75.0243206732963,-75.09046013706289,-75.1587228123878,-75.21580676048163,-75.25878790924851,-75.28855623553213,-75.30711521115235,-75.31658979361578,-75.31888315621809,-75.315584674695,-75.30797458555358,-75.2970626300015,-75.28363493868615,-75.26829888194939,-75.25152225824878,-75.23366609322244,-75.21501153277457,-75.19578170669162,-75.17615947740646,-75.15630193502916,-75.13635242138861,-75.11645072708825,-75.09674192690079,-75.07738418631313,-75.05855579871924,-75.04046157402722,-75.02333830565041,-75.00745813490191,-74.99312667263978,-74.98066876079695,-74.97038792689797,-74.9624781893357,-74.95687495897265,-74.95311212605992,-74.95051047541,-74.94922973900965
4.5000000000000036,-75.0297241613345,-75.09581120874492,-75.16402332739034,-75.22107135523359,-75.2640332211118,-75.29379704381051,-75.31236345342063,-75.32185465539861,-75.32417151044021,-75.32090158128368,-75.31332374211304,-75.30244674082664,-75.2890560008176,-75.27375839860379,-75.25702139287579,-75.23920577665332,-75.22059253375429,-75.20140467360125,-75.18182495662708,-75.16201036927907,-75.14210412950078,-75.12224586511785,-75.1025804292138,-75.08326568445298,-75.06447951554182,-75.0464261912572,-75.02934180549038,-75.0134976220983,-74.99919819509999,-74.98676716898801,-74.97650685157076,-74.96861027936876,-74.96301259346922,-74.95924880277997,-74.95664266375408,-74.95535767249756
4.505000000000004,-75.03511888662709,-75.101153392267,-75.16931487398342,-75.22632689989419,-75.26926938686096,-75.29902859390846,-75.3176023114695,-75.32710999581948,-75.32945019762278,-75.32620866857356,-75.31866292186957,-75.30782071292626,-75.2944667583262,-75.27920744093933,-75.26250987969071,-75.24473463488023,-75.22616252808947,-75.20701644822178,-75.1874790535861,-75.1677072269114,-75.14784406230973,-75.12802902504389,-75.10840674695028,-75.08913478862692,-75.07039062727361,-75.05237799227886,-75.0353322804774,-75.0195238816282,-75.0052562973066,-74.99285198004245,-74.98261202428945,-74.97472849125306,-74.96913625747278,-74.96537145185238,-74.96276079729348,-74.96147154358334
4.510000000000005,-75.04050488070513,-75.10648672024679,-75.1745974855677,-75.23157342859736,-75.27449644139499,-75.30425092154614,-75.32283182189829,-75.33235585241,-75.33471925627673,-75.33150597609692,-75.32399216541523,-75.3131845879889,-75.29986725403289,-75.2846460529454,-75.2679877638881,-75.25025271434062,-75.23172156349958,-75.21261707959489,-75.19312181868895,-75.17339255973747,-75.15357227307531,-75.13380026161677,-75.11422093639172,-75.09499155668473,-75.07628919336419,-75.0583170381642,-75.04130979331501,-75.02553697781629,-75.01130104516822,-74.99892326137986,-74.98870351386712,-74.98083289502549,-74.97524602202233,-74.97148014505638,-74.96886494827473,-74.9675714247279
4.515000000000006,-75.04588217487904,-75.11181122507605,-75.17987119531382,-75.23681097524276,-75.27971441937376,-75.30946406219871,-75.32805202105482,-75.33759226244327,-75.33997872464687,-75.33679354311167,-75.32931151305931,-75.31853840741138,-75.30525753045748,-75.2900742783004,-75.27345509034132,-75.2557600611404,-75.23726968736166,-75.21820661640868,-75.19875330197574,-75.1790664191913,-75.15928881466756,-75.13955962918426,-75.12002305340373,-75.1008360460467,-75.08217527281977,-75.06424338952768,-75.04727440623473,-75.0315369745008,-75.01733250409275,-75.00498107990533,-74.99478138858922,-74.98692356018358,-74.9813419576075,-74.97757495361421,-74.97495518838218,-74.97365738782749
4.520000000000007,-75.05125080024062,-75.11712693892262,-75.18513603616451,-75.24203957349788,-75.28492335521992,-75.31466805109844,-75.33326294503779,-75.34281926293609,-75.3452286407141,-75.34207140860389,-75.33462100483065,-75.32388221230107,-75.31063762982102,-75.29549216037434,-75.27891190360546,-75.26125672105664,-75.24280694671313,-75.22378510700051,-75.20437355312436,-75.18472885633271,-75.16499373957004,-75.14530718169495,-75.12581315343964,-75.10666831370735,-75.08804892420694,-75.07015710652998,-75.05322618100016,-75.03752393503777,-75.02335073899172,-75.01102550201394,-75.00084571621828,-74.99300055569057,-74.9874241341737,-74.98365594819622,-74.98103158874316,-74.97972950421884
4.5250000000000075,-75.05661078766504,-75.12243389373232,-75.19039204083644,-75.24725925679992,-75.29012328312098,-75.3198629232369,-75.33846462969862,-75.34803689065113,-75.35046904219763,-75.34733961128988,-75.33992068047988,-75.32921604347844,-75.31600759404853,-75.30089974223168,-75.28435824791995,-75.26674273954053,-75.24833338825486,-75.22935259936003,-75.20998262145352,-75.19037992185064,-75.1706870998832,-75.15104297270167,-75.13159129154403,-75.11248841623916,-75.09391020565664,-75.07605824888222,-75.05916517891112,-75.04349792230526,-75.02935581428468,-75.01705659359519,-75.00689656399857,-74.99906394997969,-74.9934926211267,-74.98972319892559,-74.98709421993289,-74.98578784468407
4.530000000000008,-75.06196216781262,-75.12773212123093,-75.19563924182228,-75.2524700583578,-75.29531423703132,-75.32504871336675,-75.34365711064376,-75.35324518209909,-75.35569996655734,-75.35259818961869,-75.34521057948203,-75.33453994147949,-75.32136746477133,-75.30629706663363,-75.28979416721123,-75.27221816172005,-75.25384905835394,-75.23490914113223,-75.21558055592605,-75.19601966606629,-75.17636894732759,-75.15676705536492,-75.1373575223563,-75.11829640979613,-75.09975917486778,-75.0819468758497,-75.06509146080758,-75.04945899870754,-75.03534779390361,-75.02307442003755,-75.01293399866066,-75.00511381095917,-74.99954748733755,-74.99577677538332,-74.99314315197928,-74.9918324794556
4.535000000000009,-75.06730497113095,-75.13302165292619,-75.20087767139253,-75.25767201115414,-75.30049625067417,-75.3302254560041,-75.3488404232366,-75.35844417354086,-75.3609214509958,-75.35784718177423,-75.35049074103873,-75.33985394655811,-75.32671728332966,-75.31168417604098,-75.29521970509549,-75.2776830324028,-75.25935400304662,-75.24045477962039,-75.22116740515172,-75.20164813893625,-75.18203933324729,-75.16247948245633,-75.14311190011416,-75.12409235011758,-75.10559588911104,-75.08782304625578,-75.07100508707381,-75.05540722617914,-75.04132674129694,-75.0290790462327,-75.01895808642584,-75.0111502060167,-75.00558880114717,-75.00181674661279,-74.99917845436786,-74.99786347822102
4.54000000000001,-75.07263922785664,-75.13830252010962,-75.20610736159767,-75.26286514794724,-75.30566935754354,-75.33539318543025,-75.35401460259972,-75.36363390098956,-75.36613353246052,-75.36308662567751,-75.35576120408045,-75.3451580986886,-75.33205709077515,-75.31706111261649,-75.30063490488125,-75.28313739607873,-75.264848268041,-75.24598956178896,-75.22674321739038,-75.20726539005571,-75.18769830861294,-75.16818030636189,-75.14885447865716,-75.1298762925315,-75.11142040523261,-75.09368681848566,-75.07690611764221,-75.06134266618908,-75.04729271943397,-75.03507053657998,-75.02496889301065,-75.01717320202398,-75.01161663037111,-75.00784318112473,-75.00520019604646,-75.00388091012788
4.545000000000011,-75.07796496801718,-75.1435747538584,-75.2113283442697,-75.26804950127291,-75.3108335909063,-75.34055193569384,-75.3591796836168,-75.3688144002127,-75.37133624764617,-75.36831655898892,-75.36102200726899,-75.35045243756787,-75.33738692787318,-75.32242791822752,-75.30603980957208,-75.2885812969228,-75.27033189872004,-75.25151353426645,-75.232308040555,-75.21287146866153,-75.19334592402518,-75.17386957908528,-75.15458531142994,-75.13564829195826,-75.11723277965777,-75.09953825049041,-75.08279461199727,-75.06726537974471,-75.05324579080892,-75.04104895499066,-75.03096648363129,-75.02318286534141,-75.01763104230407,-75.01385614690189,-75.0112084454301,-75.00988484378856
4.550000000000011,-75.083282221433,-75.14883838503737,-75.21654065102433,-75.27322510344645,-75.31598898380396,-75.34570174061274,-75.3643357009346,-75.37398570673426,-75.37652963299661,-75.3735370191105,-75.36627318899959,-75.35573700261796,-75.34270683510543,-75.32778463444855,-75.31143446186903,-75.2940147787977,-75.27580494014416,-75.25702674334835,-75.23786192221436,-75.21846642363516,-75.1989822297176,-75.17954735225126,-75.16030445148583,-75.14140840291411,-75.12303306839469,-75.10537739979047,-75.08867062917953,-75.07317542739602,-75.05918601744521,-75.04701436489219,-75.036950923008,-75.0291792618224,-75.02363210372468,-75.01985571140358,-75.01720327040572,-75.015875347285
4.555000000000012,-75.08859101771903,-75.15409344430073,-75.22174431326273,-75.27839198656449,-75.3211355690547,-75.35084263377608,-75.36948268896516,-75.37914785583675,-75.38171372470701,-75.37874804318794,-75.37151478740321,-75.3610118329882,-75.3480168526722,-75.33313130256352,-75.31681890417336,-75.29943788525648,-75.28126743705394,-75.26252923499989,-75.24340490959649,-75.22405030350602,-75.2046072755601,-75.18521367710888,-75.16601195149013,-75.14715667951461,-75.12882132703787,-75.1112043234795,-75.09453422778931,-75.0790728692394,-75.06511346089952,-75.05296682923249,-75.04292227536949,-75.03516245681794,-75.02961988089987,-75.0258419415704,-75.02318473833664,-75.0218524881732
4.560000000000013,-75.09389138628677,-75.15933996209394,-75.22693936217338,-75.28355018250686,-75.32627337925523,-75.35597464854612,-75.37462068188754,-75.38430088256318,-75.38688855872616,-75.38394966811295,-75.3767468403489,-75.36627696755767,-75.3533170204948,-75.33846796356848,-75.32219317858896,-75.30485065954524,-75.28671943387313,-75.26802105485899,-75.24893704959113,-75.22962315645418,-75.2102211110618,-75.1908686045346,-75.17170786372344,-75.15289317547813,-75.13459761077178,-75.11701907822801,-75.10038546599061,-75.08495776492155,-75.07102818226568,-75.05890641048404,-75.04888060445704,-75.04113251518102,-75.03559443958935,-75.03181490382879,-75.0291529160674,-75.02781633348813
4.565000000000014,-75.09918335634595,-75.16457796865554,-75.23212582873393,-75.2886997229385,-75.33140244678269,-75.36109781806023,-75.37974971365001,-75.38944482171915,-75.39205417075824,-75.38914193052527,-75.38196938544588,-75.37153244493746,-75.35860737821798,-75.34379465817398,-75.32755732692507,-75.31025314460567,-75.2921609747111,-75.27350224823894,-75.25445838875284,-75.23518503031362,-75.21582378537433,-75.19651218503564,-75.177392240085,-75.15861794412932,-75.14036197437447,-75.12282172028728,-75.10622440151496,-75.09083017364362,-75.07693024217903,-75.06483317064817,-75.05482597352895,-75.0470895012708,-75.04155584505027,-75.03777466409548,-75.03510786992824,-75.03376694974818
4.5700000000000145,-75.10446695690644,-75.16980749401907,-75.237303743713,-75.29384063931133,-75.33652280379643,-75.3662121752327,-75.38486981797183,-75.39457970787488,-75.39721059626511,-75.39432486681484,-75.3871824600458,-75.37677830347283,-75.36388796521224,-75.34911142680738,-75.33291139069847,-75.31564538307768,-75.29759210336555,-75.27897286013122,-75.25996897330383,-75.24073597257488,-75.2214153472948,-75.20214446875322,-75.18306513209608,-75.16433103840242,-75.14611447222104,-75.12861230549255,-75.11205109166504,-75.09669015416492,-75.08281970082017,-75.07074717125903,-75.06075844536475,-75.0530334789573,-75.04750416204145,-75.04372128778205,-75.04104966573958,-75.03970440295974
4.575000000000015,-75.10974221677988,-75.17502856801465,-75.24247313767202,-75.29897296286585,-75.34163448224001,-75.37131775275681,-75.38998102834535,-75.39970557536716,-75.40235787046828,-75.39949851312397,-75.39238610124481,-75.38201458124558,-75.36915882057608,-75.35441830961543,-75.3382554111363,-75.321027417302,-75.30301286332522,-75.28443293520826,-75.26546884913677,-75.24627603038837,-75.22699584526882,-75.2077655054653,-75.18872659090286,-75.17003251084456,-75.15185515828699,-75.13439088926701,-75.11786559331844,-75.10253776480675,-75.08869661791894,-75.07664847338775,-75.06667808226928,-75.0589645116253,-75.05343945482777,-75.04965483979943,-75.04697836881665,-75.04562875862167
4.580000000000016,-75.1150091645816,-75.18024122027093,-75.24763404096696,-75.30409672463328,-75.34673751384295,-75.37641458310654,-75.39508337803782,-75.40482245830135,-75.40749602835102,-75.40466290534933,-75.39758034588586,-75.38724131607623,-75.37441998313838,-75.35971534646654,-75.34358942917837,-75.32639928932271,-75.30842329777263,-75.2898825178261,-75.27095806181768,-75.251805250567,-75.2325653273936,-75.21337534459029,-75.19437666728021,-75.17572241361943,-75.15758408615189,-75.14015752662513,-75.12366796293134,-75.10837306345623,-75.09456105275842,-75.0825371376464,-75.07258494607686,-75.06488266217885,-75.05936178718459,-75.05557538456209,-75.0528940439738,-75.0515400817299
4.585000000000017,-75.12026782873222,-75.18544548021673,-75.25278648375013,-75.30921195543705,-75.35183193012259,-75.3815026985385,-75.4001769000933,-75.40993039055326,-75.41262510466017,-75.40981807914405,-75.4027652305608,-75.39245854552621,-75.37967149146075,-75.36500257695312,-75.34891348547946,-75.33176104088965,-75.31382344958637,-75.29532165202714,-75.27643665658863,-75.25732367958919,-75.2381238414208,-75.21897403518965,-75.2000154116344,-75.18140079851011,-75.16330130900256,-75.14591227217619,-75.12945825654221,-75.11419610757004,-75.10041306417875,-75.08841322419214,-75.07847909815558,-75.07078799304539,-75.06527122240198,-75.06148298599268,-75.05879675552899,-75.05743843678175
4.590000000000018,-75.1255182374596,-75.19064137708294,-75.25793049597199,-75.31431868589482,-75.35691776238579,-75.38658213109368,-75.4052616273345,-75.41502940577111,-75.41774513390835,-75.4149640699199,-75.40794079161253,-75.39766630690013,-75.38491338383967,-75.37028004039404,-75.354227620412,-75.33711271346111,-75.31921336134403,-75.30075038154285,-75.28190467837051,-75.26283136360169,-75.24367143475966,-75.2245616259712,-75.20564287400654,-75.18706771692271,-75.16900687963675,-75.15165518012807,-75.13523652977537,-75.12000695417821,-75.10625271058099,-75.09427679273092,-75.08436059941103,-75.07668056617986,-75.07116782328903,-75.06737770752618,-75.06468656730817,-75.06332388778033
4.595000000000018,-75.13076041880024,-75.19582893990409,-75.2630661073828,-75.31941694642,-75.36199504173088,-75.39165291259948,-75.41033759236483,-75.42011953737754,-75.42285615037585,-75.4201009128491,-75.41310706513693,-75.4028646372478,-75.39014569830867,-75.37554777583676,-75.35953187406835,-75.34245434820616,-75.32459307532457,-75.30616874979636,-75.28736217176589,-75.26832834842247,-75.24920815447973,-75.23013816529196,-75.21125910407554,-75.19272321988936,-75.17470085046617,-75.15738630429033,-75.14100283784455,-75.12580565988782,-75.11208004993101,-75.1001279025217,-75.09022951029064,-75.0825604430689,-75.07705165217797,-75.0732596121141,-75.07056354264948,-75.06919649823888
4.600000000000019,-75.13599440060126,-75.20100819752004,-75.26819334753439,-75.3245067672237,-75.36706379904926,-75.39671507467129,-75.41540482757003,-75.42520081857143,-75.42795818811248,-75.42522864286647,-75.41826408698509,-75.40805357336657,-75.39536847264085,-75.38080582205981,-75.36482628626311,-75.34778598600715,-75.3299626335109,-75.31157679990497,-75.29280918106154,-75.27381467954338,-75.25473404731397,-75.23570370116146,-75.21686415116142,-75.19836735807174,-75.18038327351998,-75.1631056980778,-75.14675723555648,-75.1315922808865,-75.11789513976308,-75.10596661238012,-75.09608589078756,-75.08842768473495,-75.08292277092842,-75.079128762229,-75.07642774440775,-75.07505633118522
4.60500000000002,-75.14122021052195,-75.20617917857791,-75.27331224578184,-75.32958817831634,-75.3721240650273,-75.40176864871434,-75.42046336512017,-75.43027328232982,-75.4330512809398,-75.4303472946715,-75.42341189276542,-75.41323315180328,-75.40058174435067,-75.38605421757491,-75.37011089653542,-75.35310766746211,-75.33532207759237,-75.31697457468306,-75.29824575023135,-75.27929040213317,-75.26024915966153,-75.24125828124438,-75.22245806422815,-75.20400018176383,-75.18605420044814,-75.16881341451412,-75.1524997773144,-75.13736687294636,-75.12369803718387,-75.11179298068244,-75.10192980044447,-75.09428235174028,-75.08878124093145,-75.08498521986834,-75.08227923495846,-75.08090344916579
4.610000000000021,-75.14643787603542,-75.21134191153354,-75.27842283128525,-75.33466120950942,-75.37717587014802,-75.40681366592564,-75.42551323697143,-75.43533696140973,-75.43813546245269,-75.43545690273018,-75.4285505178456,-75.4184034088565,-75.40578555069655,-75.39129300062942,-75.37538574415167,-75.3584194328873,-75.34067144896727,-75.3223621166443,-75.30367192293869,-75.28475556103994,-75.26575353759053,-75.24680195286366,-75.22804089188689,-75.20962174089547,-75.19171368252451,-75.17450950623484,-75.15823051712158,-75.1431294914273,-75.1294887988759,-75.1176070653694,-75.10776129835784,-75.100124504191,-75.0946271231138,-75.090829046559,-75.08811807620222,-75.08673791425002
4.6150000000000215,-75.1516474244303,-75.21649642465312,-75.28352513301125,-75.33972589041714,-75.38221924469273,-75.4118501572955,-75.43055447486775,-75.44039188835005,-75.44321076602152,-75.4405575012771,-75.4336799973546,-75.42356438057861,-75.41097992868269,-75.39652220920836,-75.38065086810732,-75.36372132231942,-75.34601078874543,-75.32773946800451,-75.30908774253942,-75.29021020079423,-75.27124722684106,-75.25233476300352,-75.23361268239896,-75.21523208503523,-75.1973617706502,-75.18019402549102,-75.16394950858466,-75.14888019128065,-75.13526748110135,-75.12340892394982,-75.11358044318143,-75.10595420174099,-75.10046047794187,-75.09666030336108,-75.09394432956881,-75.09255978803452
4.620000000000022,-75.15684888281247,-75.22164274601516,-75.28861917973495,-75.3447822504582,-75.38725421874298,-75.41687815360945,-75.43558711034291,-75.4454380954734,-75.44827722479396,-75.4456491243173,-75.4388003661848,-75.42871610277777,-75.41616491506149,-75.40174188103677,-75.38590630712946,-75.36901337551801,-75.35134013775041,-75.33310667068402,-75.31449325208423,-75.29565436561143,-75.27673027282782,-75.25785675831213,-75.23917348367875,-75.22083126339366,-75.20299851535673,-75.18586702415237,-75.16965680491717,-75.15461902705279,-75.14103413970571,-75.12919861350458,-75.11938729313043,-75.11177150359588,-75.10628136542562,-75.10247905087209,-75.09975805602114,-75.09836913164703
4.625000000000023,-75.16204227810641,-75.22678090351174,-75.29370500004126,-75.34983031885734,-75.39228082218196,-75.42189768544988,-75.44061117472204,-75.45047561488789,-75.45333487169674,-75.4507318056282,-75.44391165899378,-75.43385861102016,-75.42134054633539,-75.40695205358186,-75.39115209967902,-75.37429563196791,-75.35665953652216,-75.33846376631027,-75.31988849432133,-75.30108809939458,-75.28220272064303,-75.26336798510465,-75.24472334329688,-75.22641932482627,-75.20862396680927,-75.19152855371063,-75.17535245894283,-75.1603460528886,-75.14678883012132,-75.13497619069024,-75.1251819059852,-75.11757646851706,-75.11208984512275,-75.1082853492312,-75.10555931605973,-75.10416600575088
4.630000000000024,-75.16722763705714,-75.2319109248504,-75.29878262232678,-75.35487012464718,-75.39729908469643,-75.42690878319782,-75.44562669912348,-75.45550447848896,-75.4583837394377,-75.45580557876167,-75.44901391020659,-75.43899194063177,-75.42650685875921,-75.41215276405514,-75.39638828395314,-75.37956813088155,-75.36196902531937,-75.34381079622021,-75.32527351169904,-75.30651144573707,-75.28766461505903,-75.268868489366,-75.25026230848287,-75.23199631783655,-75.21423817480967,-75.19717866528272,-75.18103652309907,-75.16606132253489,-75.15253160737103,-75.14074171174258,-75.13096433909482,-75.12336915482534,-75.11788597614257,-75.11407925812297,-75.11134816972645,-75.10995047054881
4.635000000000025,-75.17240498623154,-75.23703283755557,-75.30385207480128,-75.35990169666958,-75.40230903577815,-75.43191147703455,-75.45063371446058,-75.46052471796116,-75.46342386050755,-75.46087047704567,-75.45410715401742,-75.44411612670069,-75.43166388834217,-75.41734404941467,-75.4016148978871,-75.38483091120108,-75.36726864412168,-75.3491478014628,-75.3306483463683,-75.31192444792522,-75.29311600053119,-75.27435831675376,-75.25579042612836,-75.23756229057909,-75.21984118879965,-75.20281740961407,-75.18670904944024,-75.17176488934383,-75.15826252607164,-75.14649523248053,-75.13673464938125,-75.12914962040502,-75.12366981714992,-75.11986083678144,-75.1171246766086,-75.11572258578698
4.640000000000025,-75.17757435202019,-75.24214666897038,-75.30891338548935,-75.3649250635775,-75.40731070472575,-75.43690579694335,-75.45563225144329,-75.46553636477998,-75.46845526718158,-75.46592653358633,-75.45919142439162,-75.44923120407891,-75.43681167084988,-75.4225259463671,-75.40683197915686,-75.39008401160088,-75.37255843263235,-75.35447482280152,-75.33601304018524,-75.31732714894092,-75.29855692120049,-75.27983751260086,-75.26130774278974,-75.24311729086251,-75.22543305786387,-75.20844483708177,-75.19237008964082,-75.17745680627648,-75.1639816404375,-75.15223680830951,-75.14249289334269,-75.13491792270742,-75.12944142636898,-75.12563014399404,-75.12288889584289,-75.12148241075916
4.645000000000026,-75.1827357606386,-75.24725244625795,-75.31396658223198,-75.3699402538365,-75.41230412064621,-75.44189177271116,-75.46062234058003,-75.47053945021347,-75.4734779915217,-75.47097378126979,-75.46426675506778,-75.45433720738444,-75.44195024180654,-75.42769849136994,-75.41203956518112,-75.39532747048978,-75.37783843028033,-75.35979190071669,-75.34136763471363,-75.32271959146418,-75.30398742089615,-75.28530612191848,-75.26681430469124,-75.24866136615246,-75.23101383073305,-75.2140609976977,-75.19801969499888,-75.18313712590597,-75.16968900428391,-75.15796649422514,-75.14823912705745,-75.14067411875489,-75.13520086158717,-75.1313872381055,-75.12864088611948,-75.1272300043105
4.650000000000027,-75.18788923812909,-75.25235019640319,-75.31901169268816,-75.3749472957264,-75.41728931245655,-75.44686943393023,-75.4656040121791,-75.47553400532404,-75.47849206537795,-75.47601225276394,-75.46933317955948,-75.45943417100315,-75.44707963649685,-75.43286172063351,-75.41723769312335,-75.4005613260132,-75.38310867622273,-75.36509907540793,-75.34671217122747,-75.32810181787572,-75.30940754313845,-75.29076418939857,-75.27231015772756,-75.25419456357447,-75.23658355578692,-75.2196659411117,-75.20365791643921,-75.18880590042097,-75.17538467103056,-75.16368434481674,-75.15397340618743,-75.1464182651444,-75.14094818015896,-75.13713217702175,-75.13438070568574,-75.13296542484156
4.655000000000028,-75.19303481036212,-75.25743994621429,-75.32404874433645,-75.37994621734278,-75.42226630888548,-75.45183880999976,-75.47057729635081,-75.48052006097035,-75.48349752039059,-75.48104198052032,-75.4743907311572,-75.46452212909091,-75.45219988996804,-75.438015670123,-75.42242639989418,-75.40578561605548,-75.38836920934709,-75.37039638679653,-75.35204669071324,-75.33347387025955,-75.31481733114121,-75.29621175941688,-75.2777953474668,-75.2597169299169,-75.24214228105731,-75.22525971661473,-75.20928480451653,-75.19446318162896,-75.18106869370507,-75.16939041427091,-75.15969578598184,-75.15215041805122,-75.14668343900954,-75.14286501821367,-75.14010841235014,-75.13868873031215
4.660000000000029,-75.19817250303792,-75.26252172232422,-75.32907776447641,-75.38493704659858,-75.42723513847491,-75.45679993012752,-75.47554222300873,-75.48549764780877,-75.48849438799158,-75.486062996776,-75.47943944293016,-75.46960111557522,-75.45731103703194,-75.44316037556075,-75.42760572215344,-75.41100037824204,-75.39362006827362,-75.37568387452782,-75.3573712338726,-75.33883579040545,-75.32021682781449,-75.30164887603537,-75.28326991915324,-75.26522851163386,-75.24769005423093,-75.23084237314177,-75.21490040941868,-75.20010902095957,-75.18674112494628,-75.17508475637499,-75.16540632128084,-75.15787063323272,-75.15240669463874,-75.14858581872096,-75.1458240634862,-75.14439997824525
4.665000000000029,-75.20330234168794,-75.26759555119222,-75.33409878023032,-75.3899198112257,-75.4321958295815,-75.46175282333148,-75.48049882187155,-75.49046679629521,-75.4934826994065,-75.4910753335553,-75.48447934772832,-75.47467116415747,-75.46241311226686,-75.44829587242805,-75.43277569631222,-75.41620564994152,-75.39886129135748,-75.38096157797344,-75.36268584112457,-75.3441876198115,-75.3256060757672,-75.30707558300509,-75.28873391771005,-75.270729354848,-75.25322692265263,-75.2364139592751,-75.22050478096982,-75.20574346946776,-75.19240201700754,-75.1807674245204,-75.17110506651886,-75.16357896603182,-75.1581180031246,-75.1542946351558,-75.15152771603607,-75.15009922573063
4.67000000000003,-75.20842435167634,-75.27266145910538,-75.33911181854458,-75.39489453877651,-75.43714841037834,-75.46669751844136,-75.48544712246465,-75.49542753668675,-75.49846248565619,-75.49607902267152,-75.48951047818409,-75.47973230831468,-75.46750615001966,-75.45342219596733,-75.437936358535,-75.42140146826804,-75.40409291669104,-75.38622953623369,-75.3679905526081,-75.34952939968643,-75.33098511730938,-75.31249192376866,-75.29418738774217,-75.27621950535351,-75.25875293332811,-75.24197452324715,-75.22609796863345,-75.21136657783698,-75.19805142176008,-75.1864384717062,-75.17679207572836,-75.16927547138069,-75.16381742012702,-75.15999152370661,-75.15721942651454,-75.15578652942888
4.675000000000031,-75.21353855820153,-75.27771947218017,-75.34411690619126,-75.39986125662531,-75.44209290885641,-75.47163404410027,-75.49038715412175,-75.50037989904335,-75.50343377755851,-75.50107409572882,-75.49453286671412,-75.4847845813012,-75.47259018440758,-75.45853938118404,-75.44308774474173,-75.42658787008335,-75.40931498210615,-75.39148778813995,-75.3732854081844,-75.35486117095232,-75.3363539944552,-75.31789794146303,-75.29963037353882,-75.28169900861862,-75.26426813292694,-75.24752411294362,-75.23168002151566,-75.21697839638261,-75.20368939069641,-75.19209795054235,-75.18246740254308,-75.17496020380433,-75.16950500089142,-75.16567654014189,-75.16289925101263,-75.16146194557506
4.680000000000032,-75.21864498629753,-75.2827696163638,-75.34911406976956,-75.40481999196996,-75.44702935282619,-75.47656242876626,-75.49531894598655,-75.50532391322955,-75.50839660573011,-75.50606058412397,-75.49954654552134,-75.489828016151,-75.47766524932025,-75.4636474628488,-75.44822989060994,-75.4317648919988,-75.41452752517613,-75.39673637225671,-75.37857044743915,-75.3601829742468,-75.34171274892516,-75.32329367892206,-75.30506291907628,-75.2871679097886,-75.2697725677852,-75.25306277590629,-75.23725098836793,-75.22257897505479,-75.20931597493349,-75.19774591325327,-75.1881311002017,-75.18063321742393,-75.17518080025233,-75.17134973981356,-75.1685672452012,-75.16712552998229
4.6850000000000325,-75.22374366083554,-75.28781191743572,-75.35410333570728,-75.40977077183324,-75.4519577699191,-75.48148270071384,-75.50024252701421,-75.5102596089159,-75.51335100058787,-75.51103851904797,-75.50455154659636,-75.49486264567904,-75.48273137842158,-75.46874647549923,-75.45336283157668,-75.43693257037765,-75.41973058321827,-75.40197532688406,-75.38384570968506,-75.36549484992555,-75.34706142214858,-75.32867917867895,-75.31048506802061,-75.29262625368854,-75.27526628390869,-75.25859055933614,-75.2428109175905,-75.22816836344187,-75.21493122521586,-75.20338241168095,-75.1937832215511,-75.18629456596067,-75.180844872637,-75.17701117766087,-75.17422346433472,-75.1727773380455
4.690000000000033,-75.22883460652535,-75.29284640100923,-75.3590847302624,-75.41471362306449,-75.45687818758907,-75.48639488803559,-75.50515792597304,-75.51518701558085,-75.51829699235087,-75.51600793148785,-75.50954790171967,-75.49988850248356,-75.48778860515165,-75.47383645344199,-75.45848660284065,-75.44209094133706,-75.42492419329568,-75.40720469005977,-75.38911123396402,-75.37079683806476,-75.3524000552662,-75.33405448296901,-75.31589686373026,-75.29807408482593,-75.28074932697545,-75.26410751009622,-75.24835985723519,-75.23374661077327,-75.22053519191901,-75.20900749728825,-75.19942381904976,-75.19194430273883,-75.18649727206892,-75.18266090821383,-75.17986796325498,-75.1784174247453
4.695000000000034,-75.23391784791671,-75.29787309253265,-75.36405827952437,-75.4196485723409,-75.46179063311398,-75.49129901864357,-75.51006517144596,-75.5201061625121,-75.52323461104181,-75.52096885222835,-75.51453564246304,-75.5049056189475,-75.49283696272856,-75.47891743075463,-75.46360123936407,-75.44724004075016,-75.43010839221968,-75.41242449956161,-75.39436705904944,-75.37608897846334,-75.3577286891326,-75.33941963373206,-75.32129834925863,-75.30351144739356,-75.28622174233875,-75.26961367471442,-75.25389785500839,-75.23931376592274,-75.22612792505254,-75.21462122116242,-75.20505294477118,-75.1975824806895,-75.19213805217126,-75.18829898559682,-75.18550079639449,-75.18404584465122
4.700000000000035,-75.23899340940083,-75.30289201729107,-75.36902400941575,-75.42457564616923,-75.46669513359723,-75.49619512027103,-75.51496429183221,-75.52501707880847,-75.52816388648881,-75.52592131185374,-75.51951480019162,-75.50991402724064,-75.49787648415035,-75.48398944128768,-75.46870677587484,-75.45237990424806,-75.43528321655171,-75.41763479290935,-75.3996132234485,-75.38137131064539,-75.36304736431856,-75.34477467261496,-75.32668956735674,-75.30893838527194,-75.29168357502968,-75.27510909938647,-75.25942495827398,-75.24486987741129,-75.2317094742631,-75.220223634018,-75.21067065040721,-75.2032091523538,-75.19776726617037,-75.19392546353208,-75.1911220177801,-75.18966265192546
4.705000000000036,-75.24406131521161,-75.30790320040734,-75.37398194569336,-75.4294948708869,-75.47159171596913,-75.50108322047367,-75.51985531534875,-75.52991979338124,-75.53308484832696,-75.53086534074926,-75.52448540606531,-75.51491375932108,-75.50290720219681,-75.48905251866633,-75.47380324686829,-75.45751056722202,-75.44044870260555,-75.42283560736725,-75.40484976540442,-75.38664387386252,-75.36835612111355,-75.35011964097419,-75.33207056047576,-75.31435494203224,-75.29713486976014,-75.28059382997876,-75.26494121405638,-75.25041499341022,-75.23727988883782,-75.22581478620027,-75.21627698727123,-75.20882436988644,-75.20338496689934,-75.1995403953433,-75.19673168103662,-75.19526790032643
4.710000000000036,-75.24912158942735,-75.31290666684401,-75.37893211394996,-75.43440627266376,-75.47648040698837,-75.50596334663132,-75.52473827003183,-75.53481433495581,-75.53799752599996,-75.53580096910298,-75.52944749104068,-75.5199048469372,-75.50792914943125,-75.49410669629259,-75.47889068660938,-75.46263206482537,-75.44560488644953,-75.42802697994595,-75.41007672289878,-75.3919067070961,-75.37365499952804,-75.35545457987807,-75.33744137076955,-75.31976116093868,-75.30257567092528,-75.28606791203103,-75.27044666904345,-75.25594916174427,-75.24283921770711,-75.23139472768831,-75.22187200630154,-75.21442818505882,-75.2089912068011,-75.20514383395886,-75.20232983939022,-75.20086164321236
4.715000000000037,-75.25417425597179,-75.31790244140429,-75.38387453961558,-75.43930987750332,-75.48136123324352,-75.51083552594935,-75.52961318373846,-75.53970073207324,-75.54290194876162,-75.54072822690732,-75.53440108587267,-75.52488732162941,-75.51294235820248,-75.49915200734691,-75.4839691291345,-75.46774443197556,-75.45075180390835,-75.43320894740478,-75.4152941336535,-75.39715984905955,-75.37894403929589,-75.36077953010951,-75.34280204009723,-75.32515708495133,-75.30800602260639,-75.29153139075932,-75.27594136958922,-75.2614724298944,-75.248387509448,-75.2369635080982,-75.22745575806447,-75.2200206492625,-75.21458603793215,-75.21073583191549,-75.20791654567182,-75.20644393354448
4.720000000000038,-75.25921933861562,-75.32289054873353,-75.38880924795875,-75.44420571124421,-75.48623422115439,-75.51569978546007,-75.534480084148,-75.54457901309186,-75.54779814567766,-75.54564714396076,-75.53934622111619,-75.5298612147318,-75.51794686064638,-75.50418848479009,-75.48903860825331,-75.47284770335602,-75.45588949056521,-75.43838154625368,-75.42050203513325,-75.40240333820067,-75.38422327987672,-75.3660945321682,-75.34815261002564,-75.33054275672858,-75.31342596857353,-75.29698431105867,-75.2814253617169,-75.26698484500078,-75.25392481228681,-75.24252117668608,-75.23302829275768,-75.22560181351245,-75.22016951196565,-75.21631644136153,-75.21349185232071,-75.21201482389078
4.725000000000039,-75.2642568609779,-75.32787101332072,-75.39373626408818,-75.44909379956157,-75.4910993969735,-75.5205561520243,-75.53933899876355,-75.54944920618863,-75.55268614562698,-75.55055774986944,-75.54428292712781,-75.53482655737392,-75.52294268868783,-75.50921616136525,-75.49409915755078,-75.47794191341828,-75.46101798176392,-75.44354481275552,-75.42570046454748,-75.40763721270379,-75.38949276045818,-75.37139962627317,-75.3534931218318,-75.33591821862974,-75.3188355522882,-75.30242671750578,-75.28689869112159,-75.27248645386582,-75.25945117410255,-75.24806778235131,-75.23858966021331,-75.23117172845036,-75.22574168019491,-75.22188571406033,-75.21905581138783,-75.21757436642933
4.7300000000000395,-75.26928684652721,-75.3328438594997,-75.39865561295379,-75.45397416796843,-75.49595678678743,-75.52540465233268,-75.54418995491349,-75.55431133936084,-75.5575659773035,-75.55546007404874,-75.5492112340675,-75.53978338048248,-75.52792987404248,-75.51423506959956,-75.49915081038905,-75.48302709638388,-75.46613731261087,-75.44869878292802,-75.43088945885268,-75.41286151049209,-75.39475251995826,-75.376694852365,-75.35882361650549,-75.34128351271764,-75.32423481690593,-75.30785865436192,-75.29236140317322,-75.27797730295687,-75.26496664242963,-75.25360337363954,-75.24413990990114,-75.23673044434767,-75.23130259353648,-75.2274437013936,-75.22460847453915,-75.22312261295161
4.73500000000004,-75.27430931858319,-75.33780911145062,-75.40356731934833,-75.45884684181708,-75.50080641651829,-75.53024531290718,-75.5490329797529,-75.55916544042752,-75.56243766921759,-75.5603541457249,-75.55413117190015,-75.54473171478298,-75.5329084482184,-75.51924524180603,-75.50419359990926,-75.48810328624621,-75.471247517977,-75.4538434925459,-75.43606905475447,-75.41807626922974,-75.40000259702765,-75.38198025010836,-75.36414413475154,-75.34663868076105,-75.32962380527881,-75.31328016557532,-75.29781354291912,-75.28345743840927,-75.2704712644609,-75.25912799874563,-75.24967909093161,-75.24227801110895,-75.23685230253355,-75.23299045436461,-75.23014989305896,-75.22865961486578
4.740000000000041,-75.27932430031771,-75.34276679320115,-75.4084714079086,-75.46371184630041,-75.50564831192504,-75.53507816010254,-75.55386810026499,-75.56401153703088,-75.56730124969751,-75.56523999393654,-75.5590427703973,-75.54967159080155,-75.5378784425179,-75.52424671008531,-75.50922755903333,-75.49317051677254,-75.47634863249984,-75.45897897714295,-75.44123928870965,-75.42328152632409,-75.40524303005182,-75.38725585889414,-75.3694547169923,-75.35198376423718,-75.33500255995828,-75.31869129478422,-75.30325515508702,-75.28892690602912,-75.27596508705058,-75.2646417055169,-75.2552072520591,-75.24781447827495,-75.24239085735917,-75.2385260236017,-75.23568011785326,-75.23418542320017
4.745000000000042,-75.2843318147561,-75.34771692862776,-75.41336790311675,-75.46856920645338,-75.51048249860487,-75.5399032201075,-75.5586953432626,-75.56884965663784,-75.57215674689104,-75.57011764753629,-75.56394605913862,-75.55460303886643,-75.54283988803921,-75.5292395063275,-75.51425272046602,-75.49822882150579,-75.48144069058534,-75.46410527201394,-75.44640019692842,-75.4284773189279,-75.41047385715356,-75.39252171784207,-75.37475540337007,-75.35731880433424,-75.34037112319746,-75.32409208531907,-75.30868628408754,-75.29438575129599,-75.28144815671715,-75.2701445414557,-75.26072444168469,-75.2533398950258,-75.24791830781933,-75.24405045936126,-75.24119919945299,-75.23970008860664
4.750000000000043,-75.28933188477875,-75.3526595414573,-75.4182568293017,-75.47341894715412,-75.51530900199458,-75.54472051894638,-75.56351473538953,-75.57367982654148,-75.57700418876694,-75.57498713519232,-75.56884106751367,-75.55952608910975,-75.54779281567819,-75.53422366221389,-75.51926911669644,-75.50327823376658,-75.48652372641003,-75.46922241221667,-75.45155181537629,-75.43366368394139,-75.41569511619481,-75.39777786580265,-75.38004623374945,-75.3626438419539,-75.3457295369538,-75.32948258020555,-75.31410697401712,-75.29983401936585,-75.28692051964619,-75.27563655372288,-75.26623070785959,-75.25885431018413,-75.25343470335628,-75.24956381153106,-75.24670718801733,-75.24520366136353
4.755000000000043,-75.2943245331221,-75.35759465526796,-75.42313821064036,-75.4782610931254,-75.52012784737191,-75.5495300824803,-75.56832630312199,-75.57850207386248,-75.58184360311648,-75.57984848538985,-75.57372782472336,-75.56444077146907,-75.55273725613003,-75.53919920921871,-75.52427678000016,-75.50831878665491,-75.49159777392266,-75.47433043257405,-75.45669417977636,-75.43884065801447,-75.42090684477924,-75.40302434135971,-75.38532724771967,-75.36795891771352,-75.35107784289164,-75.3348628221669,-75.31951726866046,-75.3052717550738,-75.29238222169333,-75.28111778914027,-75.27172609828777,-75.26435777221799,-75.25894009305159,-75.25506612963346,-75.25220413333683,-75.25069619137926
4.760000000000044,-75.29930978237996,-75.36252229349078,-75.4280120711589,-75.48309566893599,-75.52493905985682,-75.55433193640864,-75.57313007277001,-75.58331642555056,-75.58667501755484,-75.58470172643266,-75.57860635978153,-75.56934711568903,-75.55767323989086,-75.54416617861078,-75.52927574244076,-75.51335051305213,-75.49666286684635,-75.47942936767595,-75.46182732561111,-75.44400827754866,-75.42610908025411,-75.40826118283245,-75.39059848459688,-75.37326407194885,-75.35641608238456,-75.34023285362665,-75.32491721149337,-75.31069900293677,-75.29783330838694,-75.28658829419389,-75.27721066032919,-75.26985032924415,-75.26443452562916,-75.2605574628285,-75.25769008483661,-75.25617772819511
4.765000000000045,-75.30428765500483,-75.36744247941077,-75.43287843473423,-75.48792269900183,-75.52974266441292,-75.5591261062704,-75.57792607047888,-75.58812290838591,-75.59149845952258,-75.58954688644464,-75.58347670151662,-75.57424515132301,-75.56260079725952,-75.54912460145542,-75.53426603587172,-75.5183734456227,-75.5017190386804,-75.48451925188127,-75.46695128812463,-75.4491665786995,-75.43130185971265,-75.4134884282779,-75.39585998342663,-75.37855934471624,-75.36174429651798,-75.34559271671104,-75.3303068456853,-75.31611580715622,-75.30327382493094,-75.29204811503666,-75.28268444100266,-75.27533202903086,-75.26991804945848,-75.26603785991706,-75.26316509157965,-75.26164832098884
4.770000000000046,-75.30925817330909,-75.37235523616829,-75.43773732509499,-75.49274220758747,-75.53453868584876,-75.56391261744548,-75.58271432223036,-75.59292154898058,-75.59631395628725,-75.59438399337127,-75.58833887857298,-75.57913490773466,-75.56751995833912,-75.55407450861593,-75.5392476919381,-75.52338761681605,-75.50676632270212,-75.48960011931973,-75.47206610232452,-75.45431559737833,-75.4364852199961,-75.41870611549295,-75.40111178298594,-75.38384477579497,-75.36706252609149,-75.35094245325163,-75.335686214102,-75.32152221162096,-75.30870381620772,-75.29749729749125,-75.28814748698868,-75.28080291900112,-75.27539071255764,-75.27150736934404,-75.26862920226972,-75.26710801857759
4.7750000000000465,-75.3142213594663,-75.37726058676023,-75.442588765823,-75.49755421880715,-75.539327148819,-75.56869149515599,-75.58749485384415,-75.59771237377981,-75.60112153494454,-75.59921307498108,-75.59319291941272,-75.58401641409948,-75.5724307530387,-75.55901593075536,-75.54422074207847,-75.52839305886843,-75.51180475196881,-75.494672003894,-75.47717180298386,-75.45945536925444,-75.44165919769594,-75.4239142820166,-75.40635392178571,-75.3891204046897,-75.37237081162134,-75.35628210478778,-75.34105535930803,-75.3269182599096,-75.31412332678077,-75.30293588705307,-75.29359984463258,-75.28626304623533,-75.28085256259627,-75.27696603920126,-75.27408246525464,-75.27255686942094
4.780000000000047,-75.31917723551234,-75.3821585540412,-75.44743278035442,-75.50235875662621,-75.54410807782583,-75.5734627644676,-75.59226769097921,-75.6024954090636,-75.60592122241997,-75.60403415886718,-75.59803885231689,-75.58888969940645,-75.57733321107482,-75.56394889833828,-75.54918521752633,-75.5333898038045,-75.51683435931943,-75.49973493928144,-75.48226842464332,-75.4645859297572,-75.44682382915585,-75.42911296513218,-75.41158643807296,-75.39438627063278,-75.37766919334284,-75.3616117125691,-75.34641432356942,-75.33230399529334,-75.31953240089736,-75.30836392889286,-75.29904155994714,-75.29171245747452,-75.28630364689846,-75.28241391723057,-75.2795249285292,-75.27799492162414
4.785000000000048,-75.32412582334662,-75.38704916072484,-75.45226939198105,-75.50715584486228,-75.54888149722015,-75.57822645029086,-75.59703285913513,-75.60727068094782,-75.61071304547012,-75.60884727244854,-75.60287670538723,-75.59375479245948,-75.5822273619732,-75.56887344163219,-75.55414114931204,-75.53837788343928,-75.52185517737655,-75.50478895893596,-75.48735600161284,-75.46970731407788,-75.45197915047379,-75.43430220186941,-75.41680936983299,-75.39964241258659,-75.3829577112128,-75.36693131755801,-75.35176314885611,-75.33767946073866,-75.32493108249129,-75.31378146785957,-75.30447267861554,-75.29715119912305,-75.29174401244606,-75.28785105082694,-75.28495663973843,-75.28342222294121
4.790000000000049,-75.32906714473337,-75.39193242938508,-75.4570986238515,-75.51194550718657,-75.553647431203,-75.58298257738244,-75.60179038365338,-75.61203821538587,-75.61549703068412,-75.6136524429717,-75.60770650654753,-75.59861172187892,-75.5871132350702,-75.5737895907094,-75.55908856826444,-75.54335732937983,-75.52686723854805,-75.50983409609003,-75.49243456797389,-75.47481955717184,-75.45712519750425,-75.43948202900671,-75.42202275479164,-75.40488886924558,-75.3882364049117,-75.37224096043205,-75.35710187684454,-75.34304469890965,-75.33031941518561,-75.31918854848308,-75.30989324599418,-75.30257931725166,-75.29717370588135,-75.29327748704145,-75.29037764618042,-75.28883882077777
4.79500000000005,-75.33400122130274,-75.39680838245715,-75.46192049897245,-75.51672776712508,-75.5584059038266,-75.58773117034654,-75.60654028971872,-75.61679803816972,-75.62027320448506,-75.61844969751196,-75.61252828354513,-75.6034605161033,-75.59199085951458,-75.57869737544858,-75.56402750501259,-75.54832817302703,-75.53187057502916,-75.51487038375647,-75.49750415758112,-75.47992269376044,-75.4622620058602,-75.44465248307313,-75.42722663041747,-75.41012567903884,-75.39350531384616,-75.37754068158634,-75.36243054892012,-75.34839975217083,-75.33569744229519,-75.32458521497703,-75.31530330711558,-75.30799685760024,-75.30259277350996,-75.29869327258409,-75.29578799480934,-75.29424476219427
4.8000000000000504,-75.33892807455203,-75.40167704223896,-75.46673504020984,-75.52150264805978,-75.56315693899573,-75.59247225363592,-75.6112826023604,-75.62155017493151,-75.6250415931313,-75.62323906297496,-75.61734206395244,-75.60830120339061,-75.59686026426893,-75.58359682553628,-75.56895798998731,-75.55329044557723,-75.53686521880394,-75.51989785473033,-75.50256480406443,-75.48501675833296,-75.46738961091495,-75.44981360035047,-75.43242103392389,-75.41535288013226,-75.39876447715135,-75.38283052113599,-75.36774920617967,-75.35374466258965,-75.34106520682938,-75.32997151124131,-75.32070290669094,-75.31340386558065,-75.30800126130391,-75.30409845382685,-75.30118773223852,-75.29964009390869
4.805000000000051,-75.3438477258467,-75.40653843089213,-75.47154227029,-75.52627017322986,-75.56790056046884,-75.59720585155331,-75.61601734645352,-75.62629465114473,-75.62980222271786,-75.628020566098,-75.62214787516825,-75.6131338118199,-75.60172147811117,-75.58848797046863,-75.57388005342294,-75.558244178024,-75.54185120164719,-75.5249165415905,-75.5076165408308,-75.49010178514858,-75.4725080478045,-75.45496541687548,-75.43760600227142,-75.42057051043066,-75.40401393369307,-75.3881105189185,-75.37305788943388,-75.3590794719389,-75.34642275149463,-75.33534748086494,-75.326092089113,-75.31880038627962,-75.31339921490432,-75.30949307680656,-75.30657690474322,-75.30502486229983
4.810000000000052,-75.34876019642185,-75.41139257044333,-75.47634221180093,-75.53103036573293,-75.57263679185945,-75.60193198825273,-75.6207445467202,-75.6310314921255,-75.63455511917772,-75.63279423345143,-75.62694574441936,-75.6179583692928,-75.60657452963623,-75.59337083955289,-75.57879372535895,-75.5631894011598,-75.5468285551262,-75.5299264767019,-75.51265940106607,-75.49517780823838,-75.47761735142926,-75.46010796844189,-75.44278157216971,-75.42577860758,-75.40925372207023,-75.39338071449605,-75.37835663920983,-75.36440422169933,-75.35177011869708,-75.34071316712858,-75.3314708984588,-75.32418646446142,-75.31878667962437,-75.3148771872278,-75.31195555826373,-75.31039911341001
4.815000000000053,-75.35366550738301,-75.41623948278526,-75.48113488719338,-75.53578324852617,-75.57736565663724,-75.60665068774058,-75.62546422773104,-75.63576072303398,-75.63930030828321,-75.63756009144005,-75.6317356987618,-75.62277490353478,-75.61141944725748,-75.59824546190903,-75.58369903564157,-75.56812614557771,-75.55179731060244,-75.53492769221693,-75.51769341773695,-75.50024486140705,-75.48271755645611,-75.46524129060235,-75.44794778007966,-75.43097720896967,-75.41448388061691,-75.39864114715785,-75.38364549575323,-75.36971895306212,-75.35710735054496,-75.34606861300729,-75.33683937849233,-75.32956214457072,-75.32416370045202,-75.32025083046575,-75.31732373840806,-75.31576289294804
4.820000000000054,-75.35856367970749,-75.42107918967797,-75.4859203187821,-75.54052884442757,-75.58208717812917,-75.61136197387687,-75.63017641390617,-75.64048236887562,-75.64403781564742,-75.64231816630449,-75.63651776508239,-75.6275834420969,-75.61625625920816,-75.60311186647125,-75.58859601392534,-75.57305444167297,-75.55675749923329,-75.53992022007735,-75.52271862359271,-75.50530297823514,-75.48780869732042,-75.47036541867061,-75.45310466221562,-75.43616635173454,-75.41970444740481,-75.40389185592245,-75.38892449903092,-75.37502370693119,-75.36243448885143,-75.351413861173,-75.34219757266723,-75.33492747073534,-75.32953032205293,-75.325614051569,-75.3226814904549,-75.321116246292
4.825000000000054,-75.36345473424544,-75.4259117127498,-75.490698528747,-75.54526717611704,-75.58680137952084,-75.6160658703766,-75.63488112951667,-75.64519645450241,-75.64876766672535,-75.64706848412256,-75.64129197010007,-75.63238401235704,-75.62108499354301,-75.60797008198949,-75.5934846896747,-75.57797431964472,-75.56170915197374,-75.54490409201614,-75.52773505116708,-75.51035219208046,-75.49289080822795,-75.47548038772332,-75.4582522545473,-75.44134607275726,-75.42491546024526,-75.40913287954008,-75.39419368873321,-75.38031852392587,-75.36775157513674,-75.35674895399718,-75.34754552412936,-75.34028248676879,-75.33488658877309,-75.33096689526245,-75.32802885935655,-75.32645921849223
4.830000000000055,-75.36833869172091,-75.4307370734987,-75.49546953913415,-75.54999826613756,-75.59150828385759,-75.62076240081069,-75.63957839868557,-75.64990300461416,-75.65348988681524,-75.65181107081052,-75.64605834036736,-75.63717664152145,-75.62590567813974,-75.61282013703112,-75.59836509216562,-75.58288580949764,-75.5666522995781,-75.54987933955906,-75.53274273278008,-75.51539253608045,-75.49796392315673,-75.48058623260229,-75.46339059280204,-75.44651640867018,-75.43011695669158,-75.4143642564948,-75.3994531042762,-75.3856034443832,-75.373058650631,-75.36207393355339,-75.35288327571953,-75.34562723617316,-75.3402325446416,-75.33630940594988,-75.33336588974146,-75.33179185427407
4.835000000000056,-75.37321557273305,-75.43555529329325,-75.500233371857,-75.55472213689644,-75.59620791404564,-75.62545158860743,-75.64426824538933,-75.6546020437597,-75.65820450106004,-75.65654595212463,-75.65081690227161,-75.64196135662606,-75.63071834070034,-75.61766205998225,-75.60323725048731,-75.58778894104357,-75.57158697260164,-75.55484599402656,-75.5377417005397,-75.52042404315368,-75.50302807585905,-75.48568298791626,-75.46851971246664,-75.4516773958576,-75.43530897404115,-75.41958602500691,-75.40470278480419,-75.39087850836029,-75.37835575627649,-75.36738884161976,-75.35821086997605,-75.35096176214165,-75.34556823337331,-75.34164162771687,-75.33869262591726,-75.33711419804072
4.840000000000057,-75.37808539775709,-75.44036639337371,-75.50499004869752,-75.55943881066625,-75.60090029285325,-75.63013345705355,-75.64895069345889,-75.65929359633829,-75.66291153444847,-75.66127315366217,-75.65556768203648,-75.64673818453802,-75.63552300875273,-75.62249587904938,-75.60810119354336,-75.59268374390302,-75.57651320140226,-75.55980408653538,-75.54273198634372,-75.5254467460017,-75.50808329986322,-75.49077068804287,-75.47363964878951,-75.45682907045783,-75.44049154933761,-75.424798223035,-75.40994276919176,-75.39614375563674,-75.38364293273017,-75.37269371968158,-75.36352834913727,-75.35628610756133,-75.35089369837182,-75.34696360433365,-75.34400911187346,-75.34242629387586
4.8450000000000575,-75.38294818714562,-75.44517039485332,-75.50973959130732,-75.56414830958612,-75.6055854429119,-75.6348080292953,-75.65362576658093,-75.66397768660069,-75.66761101181636,-75.66599270086293,-75.66031070572312,-75.65150715195693,-75.64031970965203,-75.62732162226084,-75.61295695005371,-75.59757024750684,-75.58143101614215,-75.56475364800025,-75.54771362188151,-75.53046067711111,-75.51312962847568,-75.4958493671307,-75.47875043678258,-75.46197146836525,-75.44566471937307,-75.43000088827834,-75.41517309604632,-75.40139922571696,-75.388920220366,-75.37798860893373,-75.36883575514426,-75.36160031501558,-75.35620898273166,-75.35227537925743,-75.34931539128411,-75.34772818554654
4.850000000000058,-75.38780396112934,-75.44996731871912,-75.51448202120868,-75.56885065566281,-75.61026338671745,-75.63947532833983,-75.65829348829905,-75.6686543386504,-75.672302957848,-75.67070461901051,-75.6650459992318,-75.65626828541642,-75.6451084705821,-75.63213931746813,-75.61780454855594,-75.60244848109774,-75.58634044678934,-75.56969470913562,-75.55268663863572,-75.535465868755,-75.51816709478261,-75.5009190591011,-75.48385211122338,-75.46710462523231,-75.45082852069002,-75.4351940581789,-75.42039380371016,-75.40664495783253,-75.39418765927755,-75.38327355028318,-75.37413312964324,-75.36690442678683,-75.3615141292413,-75.35757699563541,-75.35461150751054,-75.3530199165059
4.855000000000059,-75.39265273981847,-75.45475718583324,-75.51921735979565,-75.57354587077175,-75.61493414663113,-75.6441353770561,-75.6629538820149,-75.67332357644497,-75.6769873970773,-75.67540893323353,-75.66977358830296,-75.66102161128536,-75.64988931855697,-75.63694899234767,-75.6226440174068,-75.60731847373195,-75.59124152311938,-75.57462730045727,-75.55765106788395,-75.54046235299501,-75.52319573165187,-75.50597979765013,-75.48894470665702,-75.47222857647172,-75.45598298958373,-75.44037776992366,-75.42560493026289,-75.41188099094451,-75.39944528928012,-75.38854858435145,-75.37942051398807,-75.37219848485914,-75.36680918038572,-75.36286849630733,-75.35989750360405,-75.35830152989575
4.86000000000006,-75.39749454320355,-75.45954001693387,-75.5239456283352,-75.57823397665823,-75.6195977448808,-75.64878819817622,-75.66760697098943,-75.67798542379707,-75.68166435388896,-75.68010566850698,-75.67449349851864,-75.66576715576922,-75.6546622804221,-75.64175067440196,-75.62747538478374,-75.61218025428063,-75.59613427471703,-75.57955145228408,-75.56260694070066,-75.54545016168302,-75.52821557173489,-75.51103161625049,-75.49402825739797,-75.47734335725825,-75.461128162104,-75.44555206044664,-75.43080651352345,-75.41710736374576,-75.40469314991336,-75.39381375147703,-75.38469794924289,-75.37748253092059,-75.37209417834882,-75.36814992380803,-75.36517342230857,-75.36357306854934
4.865000000000061,-75.40232939115661,-75.46431583263636,-75.52866684796824,-75.58291499493842,-75.62425420356205,-75.65343381429645,-75.67225277834399,-75.68263990437582,-75.6863338525199,-75.6847948496534,-75.67920575530377,-75.67050494491154,-75.6594273828559,-75.64654439096121,-75.63229867868645,-75.61703385143156,-75.60101873097763,-75.5844671947395,-75.56755428795859,-75.55042932646285,-75.53322664746837,-75.51607454815327,-75.49910279753219,-75.48244900253093,-75.46626407405753,-75.45071696643113,-75.43599859105237,-75.42232411466304,-75.4099312804433,-75.39906909171766,-75.38996547618433,-75.38275660636592,-75.37736916501615,-75.37342132037026,-75.37043930606333,-75.36883457499398
4.870000000000061,-75.40715730343214,-75.46908465343417,-75.53338103971068,-75.58758894710046,-75.62890354463917,-75.6580722478784,-75.67689132706153,-75.68728704170788,-75.69099591706022,-75.68947650134422,-75.6839103839275,-75.67523500459517,-75.66418465237103,-75.65133016918467,-75.63711392693817,-75.62187929369047,-75.6058949211088,-75.58937455775332,-75.57249314033062,-75.55539987877202,-75.53822899107615,-75.52110862638993,-75.50416836091894,-75.48754554699487,-75.47139076100976,-75.45587252431179,-75.44118120015412,-75.42753128185954,-75.41515971986503,-75.40431464485296,-75.39522313530424,-75.38802075229906,-75.38263418197747,-75.37868272792699,-75.37569519700537,-75.37408609145369
4.875000000000062,-75.41197829966808,-75.47384649970004,-75.53808822445446,-75.59225585450555,-75.63354578994633,-75.66270352125004,-75.68152263998763,-75.6919268591786,-75.6956505714547,-75.69415064810094,-75.68860740950441,-75.67995736054354,-75.6689341153159,-75.65610803606204,-75.64192115718735,-75.62671660938271,-75.61076287413199,-75.59427357106313,-75.57742352829145,-75.5603618498435,-75.54322263457101,-75.52613388377414,-75.5092249811927,-75.49263302512337,-75.47650825828701,-75.46101877027665,-75.44635437787905,-75.43272890323689,-75.4203785069047,-75.4095504503866,-75.40047096681192,-75.39327500953553,-75.3878892705292,-75.38393418811424,-75.38094113697231,-75.37932765985174
4.880000000000063,-75.416792399387,-75.47860139168701,-75.54278842296863,-75.59691573838896,-75.63818096118867,-75.6673276566069,-75.68614673983181,-75.69655938003321,-75.70029783950368,-75.69881731429639,-75.69329685699581,-75.68467203832213,-75.67367579787584,-75.66087801841493,-75.64672039690896,-75.6315458266547,-75.61562261888407,-75.59916426421613,-75.5823454821191,-75.56531527070737,-75.54820760975626,-75.53115035290338,-75.5142726917651,-75.49771147115966,-75.48161660097843,-75.46615574026933,-75.45151816102563,-75.43791701643738,-75.42558768002189,-75.41477654754863,-75.40570901063657,-75.39851941860495,-75.39313447167696,-75.38917574227345,-75.38617716750468,-75.38455932181324
4.885000000000064,-75.42159962199695,-75.48334934952922,-75.54748165590038,-75.60156861986118,-75.64280907994335,-75.67194467601314,-75.69076364916842,-75.70118462737803,-75.7049377448644,-75.70347652415587,-75.69797875121101,-75.68937906333966,-75.6784097260745,-75.66564014289816,-75.6515116734059,-75.63636697347533,-75.62047418401873,-75.60404666657045,-75.58725903189664,-75.57026017219248,-75.55318394822771,-75.5361580661611,-75.51931152582674,-75.50278091911913,-75.48671582393798,-75.47128346999094,-75.45667258614257,-75.44309565884627,-75.43078727741194,-75.41999297529794,-75.4109373064297,-75.40375401975339,-75.39836982613804,-75.39440743145407,-75.39140332984869,-75.38978111866783
4.8900000000000645,-75.42639998679243,-75.48809039324333,-75.55216794377608,-75.60621451990879,-75.6474301676605,-75.67655460140254,-75.69537339043791,-75.7058026241815,-75.70957031105225,-75.70812830175853,-75.70265311680853,-75.69407846084934,-75.68313592577532,-75.67039443600117,-75.65629501381056,-75.64118007763754,-75.62531759800811,-75.60892080729695,-75.5921642075138,-75.57519658492825,-75.55815168137524,-75.54115705571819,-75.52434151634897,-75.5078414027909,-75.49180596178645,-75.47640199490225,-75.46181768953087,-75.44826486759393,-75.43597733700807,-75.4251997723245,-75.41615589356749,-75.40897885294594,-75.40359537434384,-75.399629296416,-75.39661966495852,-75.39499309145197
4.895000000000065,-75.43119351295549,-75.49282454272901,-75.55684730700222,-75.61085345939564,-75.65204424566448,-75.68115745457973,-75.69997598594796,-75.71041339327542,-75.71419556144177,-75.71277267103838,-75.7073199782974,-75.69877025595027,-75.68785442268259,-75.6751409240495,-75.6610704450861,-75.64598516675973,-75.63015288914424,-75.61378671538068,-75.59706103866868,-75.58012453934626,-75.56311084038464,-75.54614735353493,-75.52936269608588,-75.51289295574001,-75.49688704891349,-75.48151135022569,-75.4669535072461,-75.4534246795579,-75.4411578964837,-75.43039697705149,-75.421364811153,-75.41419395786887,-75.40881115644231,-75.4048413776321,-75.40182621349908,-75.40019528091165
4.900000000000066,-75.4359802195567,-75.49755181777049,-75.56151976586646,-75.6154854590638,-75.65665133515473,-75.68575325722111,-75.7045714578744,-75.71501695735594,-75.71881351926793,-75.71740965578557,-75.71197936003831,-75.70345447358852,-75.69256524234298,-75.67987963320587,-75.66583799402785,-75.65078226828713,-75.63498008554058,-75.61864441962233,-75.60194955486912,-75.58504406568186,-75.56806145623923,-75.55112899136275,-75.53437509757596,-75.51793561130907,-75.5019591194793,-75.48661157094726,-75.47208007510015,-75.45857513136507,-75.44632899325457,-75.43558462763788,-75.42656409801874,-75.41939937393228,-75.41401721230046,-75.41004371529067,-75.40702301584824,-75.40538772750477
4.905000000000067,-75.44076012555603,-75.50227223803701,-75.56618534053868,-75.62011053953456,-75.66125145720689,-75.690342030876,-75.70915982826237,-75.71961333898476,-75.72342420762715,-75.72203927964763,-75.71663128624492,-75.70813113855866,-75.69726841014673,-75.68461058947177,-75.67059768726479,-75.65557140949336,-75.63979921513341,-75.62349394863988,-75.60682978543441,-75.58995519397583,-75.57300355972151,-75.55610200074584,-75.53937875314405,-75.52296940262029,-75.50702220741684,-75.4917026918186,-75.47719742866354,-75.46371625939385,-75.45149066448091,-75.44076276198025,-75.43175379272871,-75.42459514027219,-75.41921358150663,-75.41523634929781,-75.41221011209942,-75.41057047140367
4.910000000000068,-75.44553324980377,-75.50698582308412,-75.5708440510718,-75.62472872130951,-75.66584463277376,-75.69492379696754,-75.7137411190275,-75.72420256059023,-75.72802764947856,-75.72666156613049,-75.72127578098491,-75.71280027550472,-75.70196395132902,-75.68933381868868,-75.67534955126081,-75.66035261748173,-75.6446103056834,-75.62833533087012,-75.61170175949688,-75.59485795407596,-75.57793718141495,-75.56106641302306,-75.54437369490299,-75.52799436257723,-75.51207634643352,-75.49678474735893,-75.48230560326732,-75.46884809977612,-75.45664294706965,-75.4459314177154,-75.4369339335808,-75.42978129575302,-75.42440030337283,-75.42041931927987,-75.41738754206396,-75.41574355249753
4.915000000000068,-75.45029961104169,-75.51169259235463,-75.57549591740296,-75.62934002477137,-75.6704308826864,-75.69949857679397,-75.71831535195679,-75.7287846444684,-75.73262386764499,-75.73127653859969,-75.72591286818133,-75.71746190892159,-75.70665189097109,-75.69404934653942,-75.68009361231616,-75.66512591918674,-75.64941338477703,-75.63316859457,-75.61656550600341,-75.5997523756388,-75.58286235170561,-75.56602225932946,-75.54935995475552,-75.53301052386662,-75.5171215700133,-75.50185777185708,-75.48740463400516,-75.4739706883995,-75.46178587767652,-75.45109063222228,-75.44210455860903,-75.43495787896983,-75.42957741693733,-75.42559266458584,-75.42255534527365,-75.42090701039483
4.920000000000069,-75.45505922790382,-75.51639256517942,-75.5801409593544,-75.63394447018514,-75.67501022765505,-75.70406639152941,-75.72288254870973,-75.73335961278411,-75.73721288481423,-75.73588422028159,-75.73054257161374,-75.72211606315616,-75.71133225400162,-75.69875719854936,-75.68482989656867,-75.66989134137536,-75.65420847982796,-75.63799376781836,-75.62142105371693,-75.60463848813103,-75.58777910078364,-75.57096957059818,-75.55433756439588,-75.53801791896029,-75.52215791141828,-75.50692179937325,-75.4924945557353,-75.4790840609093,-75.46691949270829,-75.45624044262438,-75.44726570558583,-75.44012492825065,-75.43474496096668,-75.4307564242897,-75.42771356098291,-75.42606088442564
4.92500000000007,-75.45981211891734,-75.5210857607785,-75.58477919663437,-75.63854207769907,-75.67958268827017,-75.70862726222498,-75.72744273081942,-75.73792748757207,-75.74179472354001,-75.74048463426448,-75.7351649149193,-75.72676276240861,-75.71600506519795,-75.70345740008784,-75.68955842999527,-75.67464891064853,-75.65899561807854,-75.64281087851715,-75.62626843121804,-75.60951632083122,-75.59268745864509,-75.57590837756189,-75.55930655531168,-75.54301658011683,-75.5271854036909,-75.51197686374105,-75.49757540308254,-75.48418825271052,-75.4720438283246,-75.46138088579164,-75.45241741202412,-75.4452824816588,-75.43990297395828,-75.43591063719275,-75.43286222817132,-75.43120521364409
4.930000000000071,-75.46455830250365,-75.52577219826193,-75.58941064883813,-75.64313286734549,-75.6841482850034,-75.7131812098098,-75.73199591969349,-75.74248829073794,-75.74636940624316,-75.74507780349963,-75.73977992159402,-75.73140203073348,-75.72067034918729,-75.70814997636936,-75.69427923841316,-75.67939865344246,-75.66377482660118,-75.64761995439305,-75.63110766690635,-75.61438590283122,-75.59758745509345,-75.58083871075478,-75.5642669587856,-75.5480065393834,-75.53220407965539,-75.51702299856943,-75.50264721044014,-75.48928329896995,-75.47715892044029,-75.46651199834282,-75.4575597151797,-75.45043057699496,-75.44505149414252,-75.44105534182599,-75.43800138554592,-75.43634003683083
4.9350000000000716,-75.46929779697915,-75.53045189663067,-75.59403533544892,-75.64771685904184,-75.68870703820856,-75.71772825509204,-75.73654213661516,-75.7470420440593,-75.75093695521261,-75.74966375080251,-75.7443876149939,-75.73603389204108,-75.72532813044805,-75.71283495245487,-75.69899234748117,-75.68414059602996,-75.66854613229977,-75.65242102299888,-75.63593878900221,-75.61924726303785,-75.60247911974123,-75.58576060051378,-75.56921880589701,-75.55298782859754,-75.53721397191997,-75.52206023724445,-75.50771001197188,-75.49436923461806,-75.48226480472735,-75.47163381664753,-75.4626926520532,-75.45556925179953,-75.45019055948508,-75.44619057645235,-75.44313107154358,-75.44146539249513
4.940000000000072,-75.47403062055622,-75.5351248747776,-75.59865327583883,-75.65229407259164,-75.69325896812254,-75.72226841875975,-75.7410814027443,-75.75158876918681,-75.75549739260659,-75.75424249885377,-75.74898801833598,-75.74065837009832,-75.7299784333109,-75.71751235325307,-75.70369778270101,-75.68887476452186,-75.67330956191103,-75.65721411171495,-75.64076182554797,-75.62410043017444,-75.60736248201164,-75.59067407698063,-75.5741621275237,-75.5579604793889,-75.54221511287844,-75.52708861293131,-75.51276384161396,-75.49944609435124,-75.48736151661709,-75.47674637682827,-75.46781625939246,-75.46069854335484,-75.45532020768918,-75.45131637906898,-75.44825132433311,-75.44658131887736
4.945000000000073,-75.47875679134414,-75.53979115148843,-75.6032644892698,-75.65686452768547,-75.69780409486638,-75.72680172138205,-75.74561373911833,-75.75612848764516,-75.76005074045352,-75.75881407020051,-75.75358115469967,-75.7452754885303,-75.73462128196012,-75.72218220352163,-75.7083955694187,-75.69360118486824,-75.67806514200592,-75.66199924775066,-75.64557680440963,-75.6289454327822,-75.61223757113997,-75.5955791701033,-75.57909695434374,-75.56292452318097,-75.54720753471196,-75.53210815857592,-75.5178087330768,-75.50451391263346,-75.49244909130194,-75.48184971476263,-75.47293057369448,-75.46581848868723,-75.46044047619775,-75.45643278740953,-75.45336218181778,-75.45168785395121
4.950000000000074,-75.48347632734986,-75.5444507454425,-75.60786899489445,-75.66142824390177,-75.70234243844615,-75.73132818340993,-75.75013916665338,-75.76066122083411,-75.76459702065334,-75.76337848725726,-75.75816704702767,-75.74988527082114,-75.73925670043468,-75.72684452786834,-75.71308573282566,-75.69831988285988,-75.68281289899103,-75.66677645814572,-75.65038375327813,-75.63378229922183,-75.61710441617532,-75.60047590963751,-75.5840233168368,-75.5678799911928,-75.55219126939092,-75.53711890690705,-75.52284471984701,-75.5095727236984,-75.49752756373766,-75.4869438660853,-75.47803563120773,-75.47092912456944,-75.46555140219591,-75.46153983894645,-75.45846368163751,-75.45678503542602
4.955000000000075,-75.48818924647905,-75.54910367521384,-75.61246681175703,-75.66598524070784,-75.70687401875382,-75.73584782517723,-75.75465770614503,-75.76518699002948,-75.76913625497818,-75.76793577230694,-75.76274571812714,-75.75448774031526,-75.74388471262952,-75.73149935075251,-75.71776829796015,-75.70303088412939,-75.68755285910981,-75.67154576977171,-75.65518269967097,-75.63861105767512,-75.62196304598217,-75.60536432514853,-75.58894124528612,-75.57282691444068,-75.55716634867663,-75.54212089043794,-75.52787183518929,-75.5146225615513,-75.50259696864528,-75.49202886619011,-75.48313146793406,-75.47603048752244,-75.47065302261275,-75.46663757089316,-75.46355586117106,-75.46187290074899
4.9600000000000755,-75.49289556653679,-75.55374995927191,-75.61705795879438,-75.67053553746081,-75.7113988555684,-75.7403606669018,-75.75916937826955,-75.76970581638422,-75.7736684650738,-75.77248594750226,-75.76731719067085,-75.75908292021848,-75.74850534229662,-75.736146696486,-75.72244328970834,-75.70773421415272,-75.6922850484441,-75.67630720933337,-75.65997367093348,-75.64343173614613,-75.6268134892417,-75.61024444601264,-75.59385076977993,-75.57776532373988,-75.56213280412318,-75.5471141414682,-75.53289011214828,-75.51966345997097,-75.50765734051299,-75.49710475023204,-75.48821811963084,-75.4811226138178,-75.47574537412373,-75.47172602020616,-75.46863875753829,-75.4669514871074
4.965000000000076,-75.49759530522859,-75.55838961598252,-75.6216424548367,-75.6750791534084,-75.71591696855661,-75.7448667286861,-75.76367420358474,-75.77421772092943,-75.77819367246026,-75.7770290348664,-75.77188148719827,-75.76367083359919,-75.75311861304633,-75.74078658923455,-75.72711073280576,-75.71242989825028,-75.69700949291531,-75.6810608033699,-75.6647566942403,-75.64824436246293,-75.63165577445348,-75.61511630141868,-75.59875192021316,-75.58269524970628,-75.56709066707901,-75.55209869208555,-75.53789958355034,-75.52469545251166,-75.51270871359823,-75.50217155312932,-75.49329562181315,-75.48620553947978,-75.48082849315294,-75.47680522358736,-75.47371240760232,-75.47202083143091
4.970000000000077,-75.50228848016108,-75.56302266360873,-75.62622031860856,-75.67961610768998,-75.72042837727395,-75.74936603051842,-75.76817220253085,-75.77872272457516,-75.78271189853312,-75.78156505629431,-75.77643863011657,-75.76825150338942,-75.7577245483483,-75.7454190530189,-75.73177065183839,-75.71711796158829,-75.7017262182858,-75.68580657825653,-75.66953179659686,-75.653048964279,-75.6364899299369,-75.61997992036966,-75.60364472628906,-75.58761672275799,-75.57203996868869,-75.55707457416756,-75.54290028200539,-75.52971857250478,-75.51775112192948,-75.50722930956526,-75.49836400975565,-75.49127930028727,-75.48590241587489,-75.48187521748616,-75.4787768479718,-75.47708097039367
4.975000000000078,-75.50697510884308,-75.56764912031177,-75.63079156872968,-75.68414641933737,-75.72493310116565,-75.75385859227373,-75.7726633954317,-75.78322084811164,-75.78722316456445,-75.78609403355364,-75.78098864170175,-75.77282495238606,-75.7623231715329,-75.7500441117161,-75.73642307124388,-75.72179842917998,-75.70643525016008,-75.69054456020572,-75.67429900484069,-75.65784556907451,-75.64131598383278,-75.62483533168434,-75.60852921752077,-75.59252977311718,-75.57698073989467,-75.56204181938354,-75.54789223990883,-75.53473285306107,-75.52278459930834,-75.51227805399046,-75.50342331849467,-75.49634393177604,-75.49096717821695,-75.48693603810162,-75.48383211500295,-75.48213194041642
4.980000000000079,-75.51165520868628,-75.5722690041517,-75.63535622371583,-75.68867010727574,-75.7294311595674,-75.75834443371454,-75.77714780249539,-75.78771211221006,-75.79172749170381,-75.79061598828586,-75.78553154409978,-75.7773912032517,-75.76691450579203,-75.7546617890604,-75.74106801531285,-75.72647132588696,-75.71113661398634,-75.69527477526847,-75.67905834564279,-75.662634204158,-75.64613396410464,-75.62968256399857,-75.61340542323282,-75.59743443081146,-75.58191301143891,-75.56700045919602,-75.55287548944317,-75.53973832707216,-75.52780917931132,-75.51731782062451,-75.50847358283026,-75.5013994692407,-75.49602281586131,-75.49198772138455,-75.4888782448019,-75.4871737776689
4.985000000000079,-75.5163287970061,-75.5768823330885,-75.63991430197972,-75.69318719032445,-75.73392257170642,-75.76282357449183,-75.78162544381541,-75.79219653742364,-75.79622490097917,-75.79513094200715,-75.79006735932748,-75.78195027851604,-75.7714985741805,-75.75927210864482,-75.74570550819003,-75.73113667642026,-75.71583033505748,-75.69999724933577,-75.68380984550903,-75.66741489666761,-75.65094389854029,-75.63452164576702,-75.61827337256285,-75.60233072567563,-75.58683681386454,-75.57195052486283,-75.55785006257997,-75.54473502721262,-75.53282489529178,-75.52234864345819,-75.5135148373282,-75.50644594773668,-75.50106936424704,-75.49703030303961,-75.49391527322653,-75.49220651807174
4.99000000000008,-75.52099589102245,-75.58148912498272,-75.6444658218318,-75.69769768719797,-75.73840735670215,-75.76729603414603,-75.78609633937154,-75.7966741441885,-75.80071541329806,-75.79963891610954,-75.79459610927366,-75.78650220057673,-75.77607539961708,-75.76387509392191,-75.75033557387543,-75.73579450534186,-75.72051643851246,-75.70471200813981,-75.68855353078156,-75.67218767357251,-75.65574581475335,-75.63935260526459,-75.62313309446306,-75.60721868735328,-75.59175217751752,-75.57689204743848,-75.56281599108146,-75.54972298594161,-75.53783178038175,-75.52737055625515,-75.51854711632183,-75.51148340208246,-75.5061068585722,-75.50206381852757,-75.49894323588889,-75.49723019729863
4.995000000000081,-75.52565650786072,-75.58608939759644,-75.64901080148117,-75.70220161650678,-75.74288553356742,-75.77176183210784,-75.79056050903066,-75.80114495282469,-75.8051990494483,-75.80413993186187,-75.79911781570026,-75.7910469917006,-75.78064500488557,-75.76847076820509,-75.75495823622555,-75.7404448370655,-75.72519494933766,-75.70941907725535,-75.69328942764008,-75.67695256167437,-75.66053974018453,-75.64417547058788,-75.6279846177017,-75.61209834529839,-75.59665913254833,-75.581825057776,-75.56777330650235,-75.5547022355048,-75.54282986749382,-75.53238359255397,-75.52357045391415,-75.51651186686134,-75.51113533379579,-75.50708830306714,-75.50396216815702,-75.50224485077851
5.000000000000082,-75.53031066455242,-75.59068316859396,-75.65354925903628,-75.70669899675804,-75.74735712120892,-75.77622098769912,-75.79501797254785,-75.80560898353707,-75.80967583009922,-75.80863401041066,-75.80363250024313,-75.79558467402454,-75.78520741263581,-75.77305915466978,-75.75957351895455,-75.74508769585832,-75.72986589236801,-75.71411848210093,-75.69801756210323,-75.6817095876087,-75.66532570210309,-75.64899026965665,-75.6328279708647,-75.61696972877675,-75.60155770891349,-75.58674958652864,-75.57272204019156,-75.55967280793608,-75.54781918932309,-75.53738778567002,-75.5285848839797,-75.52153137642352,-75.5161548246399,-75.5121037916371,-75.50897210515724,-75.50725051369754
5.0050000000000825,-75.53495837803611,-75.59527045554282,-75.65808121250602,-75.71118984635666,-75.75182213842842,-75.78067352013382,-75.79946874956717,-75.8100662564163,-75.8141457758024,-75.81312117278138,-75.8081401844133,-75.80011526955677,-75.78976264538503,-75.77764027635448,-75.76418144563549,-75.74972310584178,-75.73452929228829,-75.71881024794025,-75.7027379600298,-75.68645877784614,-75.67010372760843,-75.65379703021533,-75.63766318235713,-75.62183286686778,-75.60644793637734,-75.59166566415148,-75.57766222329398,-75.56463473505941,-75.5527997783487,-75.54238316869728,-75.53359044016648,-75.5265419648881,-75.5211653655916,-75.51711031897834,-75.51397308177603,-75.51224722100129
5.010000000000083,-75.5395996651581,-75.5998512759144,-75.66260667980028,-75.71567418360597,-75.75628060392346,-75.78511944851881,-75.8039128596225,-75.81451679143969,-75.81860890699281,-75.81760143987913,-75.81264088959782,-75.80463880017761,-75.7943107255186,-75.78221415616187,-75.76878203970122,-75.75435109099287,-75.73918517363425,-75.7234943998833,-75.70745064712008,-75.6912001586939,-75.67487384363127,-75.6585957798345,-75.64249028040466,-75.62668778846589,-75.61132984451345,-75.59657332090313,-75.58259388675212,-75.56958804849049,-75.55777166683599,-75.5473697745103,-75.53858715589787,-75.53154366614488,-75.52616699090493,-75.5221079195959,-75.5189651326621,-75.51723500739662
5.015000000000084,-75.5442345426733,-75.60442564708484,-75.66712567873088,-75.72015202670866,-75.76073253628817,-75.78955879185479,-75.8083503221386,-75.81896060847204,-75.82306524398953,-75.82207483248978,-75.81713463706085,-75.80915528764085,-75.79885167529133,-75.78678081685995,-75.77337532444584,-75.75897167514543,-75.74383356079403,-75.7281709628878,-75.71215564891743,-75.69593375629712,-75.67963607693505,-75.66338654591215,-75.64730929305516,-75.63153452228202,-75.6162034627063,-75.60147258684724,-75.58751706130771,-75.57453277963849,-75.56273488683797,-75.55234763576594,-75.54357506437452,-75.53653651385663,-75.53115973460301,-75.52709662776098,-75.52394829222848,-75.52221390735379
5.020000000000085,-75.54886302724587,-75.60899358633577,-75.67163822701235,-75.72462339376749,-75.76517795401416,-75.79399156903703,-75.81278115643177,-75.82339772726685,-75.82751480699694,-75.82654137128088,-75.82162144794452,-75.81366475357446,-75.80338551682848,-75.7913402810831,-75.77796132302562,-75.76358488199115,-75.74847447800919,-75.73283996176033,-75.71685299080909,-75.70065959664014,-75.68439045411745,-75.6681693556753,-75.65212024817998,-75.63637309684529,-75.62106882015284,-75.60636349185427,-75.59243177750353,-75.57946895970787,-75.56768947019735,-75.55731678490524,-75.54855419857618,-75.54152054146051,-75.53614363047973,-75.53207647751276,-75.52892259465447,-75.52718395510848
5.025000000000086,-75.55348513545025,-75.61355511085523,-75.67614434226277,-75.72908830278618,-75.76961687549138,-75.79841779885643,-75.81720538171098,-75.82782816746679,-75.83195761610538,-75.83100107680266,-75.82610134327017,-75.81816721948178,-75.80791227212667,-75.7958925713332,-75.78254005846017,-75.76819073508084,-75.75310794937592,-75.73750142115752,-75.72154269802786,-75.70537770554786,-75.6891370016117,-75.67294423618134,-75.65692317347563,-75.64120354050432,-75.62592594586405,-75.61124606560303,-75.59733806568508,-75.58439661970002,-75.57263544854813,-75.56227725415519,-75.55352459126364,-75.54649578217037,-75.54111871210196,-75.5370475026607,-75.53388807388762,-75.53214518466373
5.030000000000086,-75.55810088377159,-75.61811023773824,-75.68064404200453,-75.73354677167023,-75.7740493190089,-75.80283750000012,-75.82162301707852,-75.83225194860499,-75.83639369129229,-75.83545396948885,-75.83057434393902,-75.82266270674246,-75.81243196305513,-75.80043770998064,-75.78711155363357,-75.77278925782551,-75.7577339988463,-75.74215536558735,-75.72622479565314,-75.71008810868697,-75.69387574568785,-75.67771121431936,-75.661718096465,-75.64602588142878,-75.63077486866646,-75.61612033758229,-75.602235956002,-75.58931579041501,-75.57757285331743,-75.56722907553062,-75.55848627498047,-75.55146226897845,-75.54608501281133,-75.54200973678606,-75.53884476364566,-75.53709762979206
5.035000000000087,-75.5627102886068,-75.62265898398772,-75.68513734366506,-75.73799881822764,-75.77847530275565,-75.80725069105247,-75.8260340815309,-75.83666909010563,-75.84082305242302,-75.8399000696578,-75.83504047073336,-75.82715123661355,-75.81694461135658,-75.80497571926543,-75.79167583129545,-75.77738047349759,-75.76235265022946,-75.74680181941042,-75.73089930861227,-75.71479083156741,-75.69860671245422,-75.68247031681165,-75.66650504449896,-75.65084014761105,-75.63561561720364,-75.62098633709229,-75.60712547840994,-75.59422650245311,-75.58250171572718,-75.57217228083584,-75.56343928205489,-75.55642003465734,-75.55104256572608,-75.5469632132441,-75.54379269741852,-75.54204132403711
5.040000000000088,-75.5673133662651,-75.62720136651527,-75.68962426457777,-75.74244446016978,-75.78289484482137,-75.81165739049584,-75.83043859395983,-75.84107961128494,-75.84524571925161,-75.84433939751317,-75.83949974431737,-75.83163283023026,-75.82145023864824,-75.80950662129825,-75.79623291406206,-75.7819644052319,-75.76696392719268,-75.75144080684099,-75.73556626168175,-75.71948589954347,-75.7033299278587,-75.68722157021502,-75.67128404475773,-75.6556463668674,-75.64044821993787,-75.62584409324637,-75.61200666267199,-75.59912878621668,-75.58742206679585,-75.57710690166653,-75.56838364460164,-75.56136911176164,-75.555991403743,-75.55190796516594,-75.54873190847015,-75.54697630071595
5.045000000000089,-75.57191013296892,-75.63173740214178,-75.69410482198263,-75.74688371511213,-75.78730796319734,-75.81605761671142,-75.83483657315284,-75.84548353135206,-75.84966171142192,-75.84877197314509,-75.84395218523817,-75.8361075086073,-75.82594886642302,-75.81403043806152,-75.80078282441745,-75.78654107602694,-75.77156785326261,-75.75607235194832,-75.74022567948847,-75.72417333781517,-75.70804541768992,-75.69196500092207,-75.6760551242522,-75.66044456683966,-75.64527270515141,-75.63069363497257,-75.61687953836042,-75.60402267191162,-75.59233393734013,-75.58203296941136,-75.57331939452357,-75.56630953263007,-75.56093155953936,-75.55684402546046,-75.55366242984054,-75.55190259292068
5.0500000000000895,-75.5765006048545,-75.63626710759839,-75.6985790330271,-75.75131660057511,-75.79171467577719,-75.82045138798006,-75.83922803779434,-75.84988086940986,-75.85407104846837,-75.85319781653092,-75.84839781392668,-75.84057529263943,-75.83044051605032,-75.81854719141033,-75.80532558471428,-75.7911105087458,-75.77616445182636,-75.76069647865775,-75.74487758651092,-75.72885317142945,-75.71275320757877,-75.69670063516271,-75.68081830982553,-75.66523477499653,-75.65008910094821,-75.63553499101499,-75.6217441348582,-75.60890818954917,-75.5972373579766,-75.58695051525383,-75.5782465635137,-75.57124132938704,-75.56586306557463,-75.56177142681605,-75.55858429434757,-75.55682023352054
5.05500000000009,-75.58108479797275,-75.64079049952711,-75.70304691476679,-75.75574313398475,-75.79611500035767,-75.82483872248302,-75.8436130064663,-75.85427164445586,-75.85847374981677,-75.85761694753619,-75.85283665069856,-75.84503620310277,-75.83492520877705,-75.82305690307363,-75.80986121717534,-75.79567272611759,-75.78075374613265,-75.76531321075197,-75.7495220070805,-75.73352542528161,-75.71745332299967,-75.70142849900542,-75.68557362815427,-75.67001701863511,-75.65489743525517,-75.64036818993547,-75.62660048136055,-75.61378536894736,-75.60213235912346,-75.59185957017391,-75.58316518305668,-75.57616453394452,-75.57078595409236,-75.5666902017026,-75.56349753458883,-75.56172925516373
5.060000000000091,-75.5856627282898,-75.64530759448151,-75.70750848416617,-75.76016333267354,-75.80050895463943,-75.82921963830279,-75.8479914976491,-75.858655875383,-75.86286983478533,-75.86202938591549,-75.8572687157552,-75.84949026065553,-75.83940296572877,-75.82755959465511,-75.81438974389411,-75.8002277507381,-75.785335759293,-75.76992257187209,-75.75415896538259,-75.73819012411623,-75.72214578927162,-75.70614861835841,-75.69032110574986,-75.67479132488218,-75.65969773582383,-75.6451932601151,-75.63144860687657,-75.61865423973279,-75.60701897100219,-75.5967601649498,-75.58807528443079,-75.58107917800392,-75.5757002571221,-75.57160038237335,-75.56840218294357,-75.5666296902792
5.065000000000092,-75.59023441168789,-75.64981840892757,-75.7119637580994,-75.76457721388117,-75.80489655622776,-75.83359415342399,-75.85236352972238,-75.86303358098044,-75.86725932258541,-75.86643515131342,-75.86169402918459,-75.85393748583915,-75.84387380791046,-75.8320552876342,-75.81891118683606,-75.80477560507119,-75.78991051428272,-75.77452458551883,-75.75878848545776,-75.7428472925287,-75.72683063155974,-75.71086101897133,-75.6950607689601,-75.67955772069578,-75.66449003023163,-75.6500102297556,-75.6362885402307,-75.62351483134206,-75.61189722363903,-75.60165233015961,-75.5929768987095,-75.58598529305773,-75.58060600648103,-75.57650200086664,-75.57329827157446,-75.57152157107862
5.070000000000093,-75.59479986396597,-75.65432295924434,-75.71641275335116,-75.7689847947553,-75.80927782263348,-75.83796228573394,-75.85672912096578,-75.86740477993456,-75.87164223232242,-75.87083426326537,-75.86611261096215,-75.85837789907903,-75.84833775620764,-75.83654400336722,-75.82342556783965,-75.80931631144972,-75.79447803394211,-75.77911927505363,-75.76341059120298,-75.74749695496627,-75.73150787487639,-75.71556572643615,-75.69979264397031,-75.68431623286644,-75.66927434588345,-75.6548191268809,-75.64112031006425,-75.6283671730235,-75.61676714686679,-75.60653609618288,-75.59787005676324,-75.59088291039134,-75.58550323377584,-75.58139508900774,-75.5781858324295,-75.57640492955817
5.075000000000093,-75.59935910084045,-75.65882126172464,-75.72085548661707,-75.77338609235218,-75.81365277127352,-75.84232405302357,-75.86108828955979,-75.87176949082954,-75.87601858299664,-75.87522674119842,-75.87052448095181,-75.86281152068557,-75.8527948313873,-75.84102576308821,-75.82793290861736,-75.81384989207663,-75.7990383409775,-75.78370666369986,-75.7680253063728,-75.75213913572928,-75.73617754408248,-75.72026276618871,-75.70451675680474,-75.68906688801864,-75.67405071001296,-75.65961997933852,-75.64594394483703,-75.63321129383856,-75.62162877032637,-75.61141149320247,-75.6027547892611,-75.59577206108474,-75.59039197040454,-75.58627967841075,-75.5830648972438,-75.58127979750037
5.080000000000094,-75.60391213794588,-75.66331333257584,-75.72529197450473,-75.7777811236376,-75.81802141947185,-75.84667947298821,-75.86544105358652,-75.87612773214842,-75.88038839350403,-75.87961260443225,-75.87492965890675,-75.86723837085509,-75.85724505409875,-75.84550058791002,-75.83243323075665,-75.81837636902603,-75.80359145796238,-75.78828677454383,-75.7726326545805,-75.75677385897244,-75.74083966388868,-75.72495216350984,-75.70923313332783,-75.69380971261215,-75.67881914968414,-75.66441281480118,-75.65075947282877,-75.63804722266352,-75.62648212346834,-75.61627855120602,-75.60763112667249,-75.60065277601424,-75.59527224755801,-75.59115580048012,-75.58793549754131,-75.58614620647586
5.085000000000095,-75.60845899083566,-75.6677991879205,-75.72972223353425,-75.7821699054874,-75.82238378446006,-75.85102856322835,-75.86978743103053,-75.88047952227372,-75.88475168263717,-75.88399187217993,-75.87932816447027,-75.87165846967075,-75.86168844487474,-75.8499684988252,-75.836926555721,-75.82289576424418,-75.80813740733842,-75.79285963053603,-75.77723265929926,-75.7614011487059,-75.74549425885657,-75.72963394352682,-75.71394179924563,-75.6985447329434,-75.68357969179252,-75.66919766076809,-75.65556692214054,-75.64287498819095,-75.63132723555464,-75.62113729998772,-75.6124990992689,-75.60552508585425,-75.60014409622204,-75.59602348641262,-75.59279766463666,-75.59100418784514
5.090000000000096,-75.61299967498267,-75.67227884379713,-75.7341462801391,-75.78655245468838,-75.82673988337825,-75.85537134125029,-75.8741274397795,-75.88482487948826,-75.88910846908597,-75.88836456354883,-75.8837200171768,-75.87607183710338,-75.86612502413216,-75.85442951670706,-75.84141290485096,-75.82740809955055,-75.81267621141654,-75.79742525449205,-75.78182534386323,-75.76602102879654,-75.75014135340001,-75.7343081312144,-75.71864278010709,-75.70327197514683,-75.68833236306672,-75.67397454456645,-75.66036632069637,-75.64769461893125,-75.63616413565991,-75.62598776914969,-75.61735873712536,-75.61038902107886,-75.6050075471788,-75.60088276719912,-75.59765142963694,-75.59585377276042
5.095000000000097,-75.61753420577993,-75.67675231616076,-75.73856413066662,-75.79092878793884,-75.83108973327562,-75.85970782446697,-75.87846109762506,-75.8891638219761,-75.89345877143852,-75.89273069754144,-75.88810523645269,-75.88047849301248,-75.8705548121732,-75.85888366231045,-75.84589229936505,-75.83191339663887,-75.81720789237806,-75.80198366909387,-75.78641073146865,-75.77063352296902,-75.75478097178627,-75.7389747513963,-75.72333610130522,-75.70799146519617,-75.69307719006977,-75.67874349335283,-75.66515769624459,-75.65250614321411,-75.64099285267336,-75.63082998810394,-75.62221007012224,-75.61524461196355,-75.60986263100867,-75.6057336736262,-75.6024968234434,-75.60069499216742
5.100000000000097,-75.62206259854149,-75.68121962088381,-75.74297580137896,-75.7952989218495,-75.83543335111129,-75.86403803019873,-75.88278842226362,-75.89349636782315,-75.89780260818192,-75.89709029305614,-75.89248384161705,-75.88487845714702,-75.87497782918615,-75.86333095627302,-75.85036476036076,-75.83641167707812,-75.82173247227567,-75.80653489689084,-75.79098884517514,-75.77523865480707,-75.7594131381372,-75.7436338287462,-75.72802178807848,-75.71270322890582,-75.69781419920042,-75.68350453411465,-75.66994107635941,-75.65730958919005,-75.64581341530005,-75.63566398607358,-75.62705312794687,-75.6200918885869,-75.61470937809187,-75.61057623627788,-75.60733387675326,-75.60552787680695
5.105000000000098,-75.62658486850273,-75.6856807737566,-75.74738130845355,-75.79966287294397,-75.83977075375508,-75.86836197567403,-75.88710943129703,-75.89782253501804,-75.90213999770306,-75.9014433688882,-75.89685585188263,-75.88927174914637,-75.87939409524627,-75.86777141911578,-75.85483030881561,-75.84090296231348,-75.82624997303442,-75.81107896030073,-75.79555970790652,-75.77983644775445,-75.76403787643038,-75.74828538778914,-75.732699865512,-75.71740729193209,-75.70254341669454,-75.68825769367155,-75.67471648844224,-75.66210498483197,-75.65062585206253,-75.64048979209464,-75.63188794009507,-75.62493088083221,-75.6195478186102,-75.61541048553735,-75.61216262006124,-75.61035245721679
5.110000000000099,-75.6311010308213,-75.69013579048813,-75.75178066798391,-75.80402065765962,-75.84410195798797,-75.87267967803015,-75.8914241422333,-75.90214234145283,-75.90647095828939,-75.90578994373031,-75.90122128635663,-75.89365838854113,-75.88380363031679,-75.87220507124431,-75.85928896558788,-75.84538727366737,-75.8307604164528,-75.81561588161084,-75.80012334245224,-75.78442692511628,-75.76865521050044,-75.75292945290265,-75.7373703585389,-75.72210367977456,-75.70726486862647,-75.6930029986766,-75.67948395972316,-75.66689235793652,-75.65543019130236,-75.64530743501746,-75.63671453587277,-75.62976161838907,-75.62437798254865,-75.62023645158867,-75.61698308366151,-75.61516876373325
5.1150000000001,-75.63561110057765,-75.69458468670663,-75.75617389598028,-75.80837229234821,-75.8484269805031,-75.87699115431394,-75.89573257248756,-75.90645580492387,-75.9107955081298,-75.91013003617371,-75.90558016404164,-75.89803839475404,-75.88820645424975,-75.87663193294962,-75.8637407514179,-75.84986463234048,-75.83526382420384,-75.82014568297903,-75.80467977146812,-75.78901011006006,-75.77326516404005,-75.75756604831798,-75.74203329194135,-75.72679241777732,-75.71197858091027,-75.69774047561799,-75.68424351726233,-75.67167173612549,-75.66022646118147,-75.65011694350831,-75.64153294439758,-75.63458413075507,-75.62919989969704,-75.6250541644184,-75.6217952976492,-75.61997682649304
5.1200000000001005,-75.64011509277573,-75.69902747796039,-75.76056100837032,-75.81271779327655,-75.85274583790634,-75.88129642148252,-75.90003473938246,-75.91076294313247,-75.91511366531529,-75.91446366470879,-75.90993250383629,-75.90241178710082,-75.8926025867869,-75.88105202440896,-75.86818568692873,-75.8543350594127,-75.83976021783592,-75.82466838643478,-75.8092290174778,-75.79358602561682,-75.77786776060123,-75.76219519812125,-75.74668869035207,-75.73147353113029,-75.71668457930113,-75.7024701508201,-75.68899518795138,-75.67644314684745,-75.66501468968387,-75.65491834605103,-75.64634319460046,-75.63939844723735,-75.63401359965177,-75.62986365381735,-75.62659929192215,-75.62477667543484
5.125000000000101,-75.64461302234353,-75.70346417971824,-75.7649420209998,-75.81705717662723,-75.85705854671691,-75.885595496404,-75.90433066014914,-75.91506377368565,-75.91942544783976,-75.91879084772593,-75.9142783245363,-75.90677858479104,-75.8969920475605,-75.88546536568684,-75.87262379262718,-75.85879857584405,-75.84424961877397,-75.8291840138802,-75.81377110287347,-75.79815469468215,-75.78246302359632,-75.76681692625469,-75.75133657825533,-75.7361470448704,-75.72138288939665,-75.70719205044506,-75.69373899851485,-75.68120661737905,-75.66979490461704,-75.65971167094834,-75.65114531522715,-75.64420459695421,-75.6388191118172,-75.63466494938201,-75.63139509618253,-75.62956834030089
5.130000000000102,-75.64910490413394,-75.70789480737045,-75.76931694963316,-75.8213904584993,-75.86136512336816,-75.88988839585816,-75.90862035192794,-75.91935831409693,-75.92373087360085,-75.9231116035163,-75.91861764483508,-75.91113880692893,-75.90137485609438,-75.88987197673589,-75.87705508890477,-75.86325520247568,-75.84873204832033,-75.83369258709108,-75.81830604991711,-75.80271614001747,-75.78705097629933,-75.77143125651786,-75.75597697998828,-75.74081298388295,-75.72607353663808,-75.71190620049383,-75.69847497551149,-75.6859621748265,-75.67456713361325,-75.66449694632342,-75.65593933483974,-75.64900260883664,-75.64361646540749,-75.63945808051638,-75.6361827399385,-75.63435185063885
5.135000000000103,-75.65359075292504,-75.71231937622892,-75.77368580995426,-75.82571765490889,-75.86566558420829,-75.89417513653727,-75.91290383176903,-75.9236465817871,-75.92802996040065,-75.92742595027268,-75.92295048332466,-75.91549247251416,-75.90575103180458,-75.8942718773978,-75.88147959603863,-75.86770496003085,-75.85320752765587,-75.8381941277179,-75.82283388074157,-75.80727038425086,-75.79163164184685,-75.7760382125686,-75.76060991974207,-75.74547137290274,-75.73075654631164,-75.71661262680784,-75.70320314533565,-75.69070984612691,-75.67933140413122,-75.66927420012145,-75.66072528181819,-75.65379251162992,-75.6484056894481,-75.64424307643358,-75.64096225250582,-75.6391272358032
5.140000000000104,-75.658070583421,-75.71673790152835,-75.77804861756702,-75.83003878178982,-75.86995994550094,-75.89845573504657,-75.91718111663312,-75.92792859408479,-75.93232272594642,-75.93173390609017,-75.92727685849644,-75.91983960044278,-75.91012059400035,-75.89866508740403,-75.8858973341924,-75.8721478691159,-75.85767607784082,-75.84268865728687,-75.82735461735149,-75.81181744987842,-75.79620504323927,-75.78063781792434,-75.76523542156308,-75.75012223651538,-75.7354319435498,-75.72131135507006,-75.70792353421871,-75.6954496580497,-75.68408774345737,-75.67404346011101,-75.6655031843619,-75.65857433389515,-75.65318681277728,-75.64901996615725,-75.64573366300945,-75.64389452495703
5.145000000000104,-75.66254441025256,-75.72115039842646,-75.78240538799604,-75.8343538549944,-75.87424822342585,-75.90273020790508,-75.92145222339227,-75.93220436822742,-75.93660918785143,-75.93603548896704,-75.9315967887421,-75.92418020950807,-75.91448356188496,-75.90305162637692,-75.89030832341707,-75.876583950221,-75.86213771981576,-75.84717619720085,-75.83186828162442,-75.81635735926507,-75.80077120334191,-75.78523009596334,-75.76985350935412,-75.75476559915839,-75.74009975333246,-75.72600241080634,-75.71263616823029,-75.700181637198,-75.6888361787074,-75.67880475388563,-75.67027307049112,-75.66334810401084,-75.65795986404787,-75.65378877852343,-75.65049700038522,-75.64865374707362
5.150000000000105,-75.66701224797771,-75.72555688200487,-75.78675613668715,-75.838662890294,-75.8785304340796,-75.90699857154638,-75.9257171688305,-75.93647392136172,-75.9408893636356,-75.9403307168054,-75.93591029235424,-75.92851431840116,-75.91883995455652,-75.90743151383045,-75.89471258365205,-75.88101322372131,-75.86659247440272,-75.85165676874037,-75.83637489531175,-75.82089013464585,-75.80533014488601,-75.78981506992557,-75.77446420687556,-75.75940148512265,-75.74476000048836,-75.73068581938682,-75.71734107327964,-75.70490581001009,-75.6935767368276,-75.68355810886513,-75.67503496804858,-75.66811385017432,-75.66272487172849,-75.65854954218185,-75.6552522933814,-75.65340493093798
5.155000000000106,-75.67147411108218,-75.72995736726955,-75.79110087900821,-75.84296590337965,-75.88280659347625,-75.91126084231904,-75.92997596964447,-75.9407372705446,-75.94516327072628,-75.94461960741201,-75.94021738752717,-75.93284194571198,-75.92318979100885,-75.91180476917103,-75.89911013472593,-75.88543570987775,-75.87104036230589,-75.85613039306467,-75.84087448003989,-75.82541579812677,-75.80988189046995,-75.794392762914,-75.77906753774653,-75.76402991855333,-75.7494127096961,-75.73536160602698,-75.72203827511697,-75.70962220276057,-75.69830944459626,-75.68830355229714,-75.67978890470079,-75.6728716004034,-75.66748186410547,-75.6633022855976,-75.6599995705601,-75.65814810514837
5.160000000000107,-75.67593001398023,-75.73435186915152,-75.79543963024966,-75.84726290986275,-75.8870767175479,-75.9155170364875,-75.93422864244421,-75.9449944327437,-75.94943092645897,-75.94890217849903,-75.94451809235778,-75.93716310993008,-75.92753309013221,-75.91617141169847,-75.90350099635737,-75.88985142883801,-75.87548140411283,-75.86059709121264,-75.84536705731117,-75.82993437168598,-75.81442646256019,-75.79896319789566,-75.78366352544599,-75.76865092345116,-75.75405790548552,-75.74002979578917,-75.72672779933475,-75.71433084156192,-75.70303432862505,-75.69304111125848,-75.68453490793952,-75.6776213825376,-75.672230869284,-75.66804703705273,-75.66473886029915,-75.66288329811808
5.1650000000001075,-75.68037997101501,-75.73874040250749,-75.79977240562505,-75.85155392527565,-75.89134082214548,-75.91976717023259,-75.93847520375381,-75.94924542483817,-75.95369234807805,-75.95317844768473,-75.9488124248463,-75.94147782944532,-75.9318698707143,-75.92053146060674,-75.90788518815597,-75.89426040063734,-75.87991562029515,-75.86505688410372,-75.84985264850476,-75.83444587717477,-75.81896388349243,-75.80352639770274,-75.78825219331392,-75.77326452367367,-75.75869561223888,-75.74469041358364,-75.73140967136898,-75.71903175236572,-75.7077514153605,-75.6977708126566,-75.68927300508346,-75.68236322423996,-75.6769719151899,-75.67278382464765,-75.66947019079328,-75.6676105380767
5.170000000000108,-75.68482399645931,-75.74312298212033,-75.80409922027178,-75.85583896507232,-75.89559892303923,-75.9240112596523,-75.94271567001202,-75.95349026361944,-75.95794755273751,-75.95744843249429,-75.95310040289688,-75.94578612254872,-75.93620015144083,-75.92488493498493,-75.91226272962321,-75.89866264519951,-75.88434303120968,-75.86950979253898,-75.85433127487778,-75.83895033631848,-75.82349417547256,-75.80808238503373,-75.79283356455247,-75.77787074293634,-75.76332585419206,-75.74934348416993,-75.73608391650046,-75.72372496096388,-75.71246073108516,-75.70249268323093,-75.69400322327938,-75.68709715299829,-75.68170502957105,-75.67751267630278,-75.67419359005592,-75.6723298530719
5.175000000000109,-75.6892621045161,-75.74749962269979,-75.8084200892517,-75.86011804462892,-75.89985103591948,-75.92824932076233,-75.94695005757298,-75.95772896579173,-75.96219655750153,-75.96171215036044,-75.95738204431859,-75.95008800743321,-75.94052395089658,-75.92923185381788,-75.91663364015317,-75.9030581823377,-75.88876365709913,-75.87395583720189,-75.85880295756627,-75.8434477707177,-75.82801736057789,-75.81263118245442,-75.79740766222706,-75.78246960481373,-75.76794865543576,-75.75398903215803,-75.74075055985615,-75.72841049299014,-75.71716230191912,-75.70720674955436,-75.69872558950371,-75.69182319612663,-75.6864302399988,-75.68223361976,-75.67890908592055,-75.67704127097073
5.18000000000011,-75.69369430931908,-75.75187033888308,-75.81273502755162,-75.8643911792445,-75.90409717639724,-75.93248136949683,-75.9511783827069,-75.96196154797288,-75.9664393793454,-75.96596961862427,-75.96165736682602,-75.95438350219445,-75.94484128756595,-75.93357223598719,-75.92099793903358,-75.90744703175542,-75.89317751809322,-75.87839503865945,-75.86326771758607,-75.84793820184915,-75.83253346075797,-75.81717281239902,-75.80197450926748,-75.78706113274052,-75.77256403991657,-75.75862708200962,-75.7454096264103,-75.7330883739213,-75.72185615382129,-75.71191303803448,-75.70344013056388,-75.69654138076682,-75.6911475738695,-75.68694668258406,-75.68361670604241,-75.68174481946144
5.185000000000111,-75.69812062493324,-75.75623514523534,-75.81704405008395,-75.86865838414151,-75.90833736000468,-75.93670742170893,-75.95540066160068,-75.966188026695,-75.97067603515607,-75.9702208545359,-75.96592638804007,-75.95867262483152,-75.94915217983399,-75.93790610027192,-75.92535564544646,-75.91182921304721,-75.89758463420941,-75.88282741736299,-75.86772557583389,-75.85242165106666,-75.8370424978358,-75.8217072971712,-75.80653412846891,-75.79164535001289,-75.77717203143837,-75.76325765803928,-75.75006114098576,-75.73775862907846,-75.72654231259074,-75.71661157491509,-75.70814687309978,-75.70125173388975,-75.6958570584059,-75.69165189216419,-75.68831647789975,-75.68644052605461
5.190000000000111,-75.70254106535553,-75.76059405625037,-75.82134717168734,-75.87291967446642,-75.912571602196,-75.94092749317142,-75.95961691035845,-75.97040841840497,-75.97490654173282,-75.97446587525519,-75.97018912548866,-75.96295539324773,-75.9534566459869,-75.94223346534942,-75.92970677846903,-75.91620474569977,-75.90198502535392,-75.88725299364921,-75.87217655308818,-75.8568981396023,-75.84154449350869,-75.82623465894517,-75.81108654249317,-75.79622227978933,-75.78177265366324,-75.76788078441564,-75.75470512825531,-75.74242128362832,-75.73122080386793,-75.72130238627743,-75.7128458435851,-75.70595428229697,-75.70055872065872,-75.69634927571542,-75.69300842879538,-75.69112841808489
5.195000000000112,-75.70695564451529,-75.76494708635111,-75.82564440712717,-75.87717506529034,-75.9167999183478,-75.94514159957748,-75.96382714500253,-75.97462273946545,-75.97913091578805,-75.97870469785246,-75.97444559660748,-75.96723182525136,-75.95775470421313,-75.94655434979624,-75.93405135707464,-75.92057364909253,-75.90637871132256,-75.89167178774095,-75.87662067001021,-75.86136768856721,-75.84603946934948,-75.83075491976676,-75.8156317738697,-75.80079194509212,-75.78636593011281,-75.7724964851627,-75.75934161274269,-75.74707636258444,-75.73589165313614,-75.72598549804157,-75.7175370683287,-75.71064905262195,-75.70525258750786,-75.70103886028016,-75.69769258585822,-75.69580852271235
5.200000000000113,-75.71136437627479,-75.76929424989024,-75.82993577109627,-75.88142457160968,-75.92102232375986,-75.94934975654108,-75.96803138147365,-75.97883100615515,-75.98334917394784,-75.98293733930919,-75.97869581874066,-75.9715019385564,-75.96204637260394,-75.95086877208877,-75.9383894001334,-75.92493594249873,-75.9107657118016,-75.89608381974818,-75.88105794714477,-75.86583031895256,-75.85052744680725,-75.83526810155433,-75.82016984499663,-75.80535436880814,-75.79095188416935,-75.77710478416087,-75.76397061882406,-75.75172389080855,-75.74055488572266,-75.73066093596775,-75.72222057347604,-75.71533607133149,-75.70993868566404,-75.70572067272953,-75.70236897604465,-75.70048086692395
5.205000000000114,-75.71576727442991,-75.77363556115073,-75.83422127821535,-75.88566820834664,-75.92523883365561,-75.95355197959785,-75.97222963563195,-75.98303323466976,-75.98756133275272,-75.98716381651866,-75.98293980914154,-75.97576575078331,-75.96633166915413,-75.95517675060412,-75.9427209264132,-75.92929164508615,-75.91514604636865,-75.90048910966892,-75.8854884049213,-75.87028605163067,-75.85500844720859,-75.8397742260999,-75.8247007781418,-75.80990957369004,-75.79553053907676,-75.78170570514816,-75.76859217072885,-75.75636389301165,-75.74521052680012,-75.73532872565765,-75.72689638501033,-75.72001536472715,-75.71461704167007,-75.7103947397649,-75.70703762614,-75.70514547753504
5.2100000000001145,-75.72016435271063,-75.77797103434638,-75.83850094303364,-75.88990599034979,-75.92944946318289,-75.95774828420545,-75.97642192325736,-75.98722944112242,-75.99176740865825,-75.99138414628673,-75.98717758497338,-75.98002327945969,-75.97061061176291,-75.95947830362084,-75.94704595458032,-75.93364077591794,-75.91951973449352,-75.90488767739006,-75.88991206365476,-75.8747349073557,-75.85948249175838,-75.84427331507015,-75.82922459544397,-75.81445758235738,-75.8001019179419,-75.78629927172142,-75.7732062925414,-75.76099639375546,-75.74985860138777,-75.73998889255573,-75.73156452875416,-75.72468695894658,-75.71928768190229,-75.71506108791917,-75.71169856275999,-75.70980238119073
5.215000000000115,-75.7245556247815,-75.7823006836225,-75.84277478002946,-75.89413793239471,-75.93365422741435,-75.96193868574436,-75.98060826005036,-75.99141964154454,-75.99596741803579,-75.99559834533244,-75.99140916330995,-75.98427454202105,-75.97488321823471,-75.96377344931977,-75.95136450320032,-75.93798335395348,-75.9238867955391,-75.90927954268831,-75.8943289435465,-75.87917690676494,-75.86394960154094,-75.8487653900074,-75.83374131891371,-75.81899841729772,-75.80466604373561,-75.79088550733745,-75.77781300820176,-75.76562141745342,-75.75449913435266,-75.7446414619505,-75.73622503037059,-75.72935087996491,-75.72395063257194,-75.71971974355823,-75.71635181235206,-75.71445160436741
5.220000000000116,-75.72894110424228,-75.78662452305626,-75.84704280361078,-75.89836404918451,-75.93785314134811,-75.96612319951836,-75.98478866163255,-75.99560385188626,-76.00016137717304,-75.99980643028877,-75.99563456113647,-75.98851955581154,-75.97914950627963,-75.9680622057847,-75.9556765907389,-75.9423193980492,-75.92824724876219,-75.91366472523103,-75.89873906468522,-75.88361207037944,-75.86840979752088,-75.85325047233063,-75.83825097043442,-75.82353210086757,-75.80922293929376,-75.79546443531405,-75.78241234150708,-75.77023898837199,-75.75913215041098,-75.7492864589758,-75.74087791536456,-75.73400715359601,-75.72860591972653,-75.7243707328824,-75.72099740119688,-75.71909317337399
5.225000000000117,-75.73332080462833,-75.79094256665735,-75.85130502811573,-75.90258435535046,-75.94204621990839,-75.97030184075517,-75.98896314354721,-75.99978208801708,-76.0043493022747,-76.00400841770316,-75.99985379535,-75.9927583380846,-75.98340949351449,-75.97234459100324,-75.95998223556256,-75.94664892695933,-75.93260111331426,-75.9180432445771,-75.90314244704781,-75.88804041860504,-75.87286310054401,-75.85772858333641,-75.84275357176345,-75.82805865529359,-75.8137726273184,-75.80003607883128,-75.78700431611276,-75.77484913063195,-75.76375767412922,-75.75392390861214,-75.74552320908414,-75.73865580549392,-75.73325356925116,-75.72901408192773,-75.72563535540962,-75.72372711435341
5.230000000000118,-75.73769473941128,-75.7952548283685,-75.85556146781315,-75.90679886545246,-75.94623347794607,-75.97447462460708,-75.99313172126,-76.0039543657267,-76.0085312094632,-76.00820432403832,-76.00406688276034,-75.99699090600379,-75.98766319746345,-75.97662062286753,-75.96428145593947,-75.9509719593368,-75.9369484082424,-75.92241512017785,-75.9075391105003,-75.89246197173337,-75.87730953133845,-75.86219974420004,-75.84724914453311,-75.83257810267347,-75.81831513037883,-75.80460046093253,-75.79158895553346,-75.7794518682094,-75.76837572992548,-75.7585538356878,-75.75016093672194,-75.74329686115414,-75.73789360686995,-75.73364981656736,-75.73026570094137,-75.72835345328396
5.2350000000001184,-75.74206292199946,-75.79956132206603,-75.85981213690326,-75.91100759397966,-75.95041493023919,-75.9786415661515,-75.99729441015953,-76.00812070072536,-76.01270711477926,-76.01239416567282,-76.00827384009062,-76.00121727664333,-75.99191063555868,-75.98089031917496,-75.96857427004022,-75.95528851373398,-75.9412891524901,-75.92678037137775,-75.91192907479866,-75.89687674994265,-75.88174911051551,-75.86666397597638,-75.85173771025163,-75.83709046497718,-75.8228504709127,-75.80915760452554,-75.79616628314437,-75.7840472249371,-75.77298634207052,-75.76317626488026,-75.75479112331618,-75.7479303459148,-75.7425260581472,-75.73827796251291,-75.73488846358057,-75.73297221598071
5.240000000000119,-75.74642536573842,-75.80386206156034,-75.86405704951801,-75.91521055535101,-75.95459059149356,-75.98280268039146,-76.00145122555789,-76.01228110864459,-76.01687703418251,-76.0165779589017,-76.01247468397798,-76.00543746698894,-75.99615182514113,-75.98515369762896,-75.97286069593848,-75.95959860860344,-75.94562336489805,-75.93113901741545,-75.91631235958981,-75.90128477329861,-75.88618185857051,-75.87112129960079,-75.85621929030405,-75.84159576404781,-75.82737867122701,-75.81370753238365,-75.80073632218237,-75.78863522450553,-75.77758953468923,-75.7677912207173,-75.75941379375222,-75.75255628495823,-75.74715094848894,-75.74289854531575,-75.73950366895427,-75.73758342809683
5.24500000000012,-75.75078208391147,-75.80815706059643,-75.86829621972176,-75.91940776391577,-75.95876047634333,-75.98695798225634,-76.00560218269133,-76.01643560503791,-76.0210409835522,-76.02075571993724,-76.01666943097422,-76.00965149393835,-76.00038678346117,-75.98941077583966,-75.97714075161197,-75.96390226229887,-75.94995106420498,-75.93549107742446,-75.92068898441231,-75.90568606175545,-75.89060779588382,-75.8755717358902,-75.86069390595351,-75.8460940216027,-75.83189975349927,-75.81825026714675,-75.80529909574703,-75.79321589046407,-75.78218533176151,-75.77239872757826,-75.76402897276354,-75.75717470331203,-75.75176830314412,-75.74751159036849,-75.74411134252954,-75.74218711512499
5.250000000000121,-75.75513308974014,-75.8124463328545,-75.87252966151176,-75.92359923395409,-75.96292459935152,-75.99110748660222,-76.00974729672073,-76.02058420538121,-76.02519897868774,-76.02492746490952,-76.02085809754657,-76.01385937430223,-76.0046155276794,-75.99366157132471,-75.98141445494304,-75.9681994930757,-75.95427226904847,-75.93983657043418,-75.92505896869736,-75.91008063515669,-75.8950269427218,-75.88001530554403,-75.86516157834191,-75.85058525923445,-75.83641373977841,-75.82278583132248,-75.8098546268018,-75.7977892462222,-75.78677375712365,-75.77699880969533,-75.7686366849332,-75.76178562585034,-75.75637814720577,-75.75211712290609,-75.74871150961472,-75.74678330239857
5.255000000000122,-75.7594783963847,-75.81672989195036,-75.87675738881866,-75.92778497967755,-75.96708297501057,-75.9952512082127,-76.01388658273234,-76.0247269250735,-76.0293510353093,-76.02909320986696,-76.02504070007811,-76.0180611248046,-76.00883807486731,-75.99790610150991,-75.98568182371945,-75.97249031909189,-75.95858699796564,-75.94417551537039,-75.92942233176953,-75.91446851323599,-75.89943931923762,-75.88445202914504,-75.86962232849103,-75.85506949841181,-75.84092065198593,-75.82731424728719,-75.81440293817512,-75.80235531505058,-75.7913548344695,-75.7815914911546,-75.77323695469494,-75.76638907729524,-75.7609805056126,-75.75671516800728,-75.75330419536077,-75.75137201509308
5.260000000000122,-75.76381801694471,-75.82100775143597,-75.88097941550699,-75.93196501522955,-75.97123561774292,-75.99938916179929,-76.0180200557382,-76.02886377943743,-76.03349716905848,-76.03325297077713,-76.02921725486868,-76.02225676208373,-76.01305444200794,-76.00214438373003,-75.98994287563511,-75.97677475840878,-75.96289526939405,-75.94850793105637,-75.93377909284777,-75.9188497156181,-75.90384494547217,-75.88888192716036,-75.87407617730348,-75.85954676048078,-75.84542051191683,-75.83183553728712,-75.81894405256148,-75.80691412008223,-75.79592858735154,-75.7861767958974,-75.77782980633448,-75.77098508221788,-75.76557540314994,-75.7613057505958,-75.75788942476255,-75.75595327822741
5.265000000000123,-75.76815196445939,-75.82527992479997,-75.88519575537579,-75.93613935468612,-75.97538254190152,-76.00352136200203,-76.02214773067683,-76.03299478371997,-76.03763739549893,-76.03740676352727,-76.03338777813539,-76.02644630269263,-76.01726464599658,-76.00637643522938,-75.9941976282909,-75.98105282899179,-75.96719710167255,-75.95283383621366,-75.9381292710461,-75.92322426181974,-75.90824384135503,-75.89330501994237,-75.8785231455637,-75.86401706666561,-75.84991334124068,-75.83634972343923,-75.82347799252248,-75.81146568431355,-75.8004950391821,-75.7907547477215,-75.78241526399083,-75.77557366503981,-75.77016286445125,-75.76588889544172,-75.76246722266022,-75.76052711666517
5.270000000000124,-75.77248025190826,-75.82954642546824,-75.88940642215907,-75.94030801205616,-75.97952376177031,-76.00764782338995,-76.02626962241368,-76.03711995309293,-76.0417717301169,-76.04155460392495,-76.03755228601322,-76.03062976309978,-76.02146870364139,-76.01060227316263,-75.99844609919526,-75.98532454871122,-75.9714925130418,-75.95715324946268,-75.94247288537437,-75.92759217125034,-75.91263602670527,-75.8977213277296,-75.88296325393877,-75.86848043806967,-75.8543991615027,-75.84085682773252,-75.82800478048803,-75.81601003060558,-75.80505421323446,-75.79532537028203,-75.78699335165712,-75.78015485003411,-75.77474291399925,-75.7704646271627,-75.76703761374043,-75.76509355511607
5.275000000000125,-75.77680289221139,-75.83380726680411,-75.89361142952622,-75.94447100128212,-75.98365929156489,-76.0117685604617,-76.03038574574171,-76.0412393026534,-76.04590018832178,-76.04569650769852,-76.0417107945557,-76.03480715968979,-76.02566663166424,-76.0148219145955,-76.002688305765,-75.98958993534288,-75.9757815216453,-75.9614661893237,-75.94680995473938,-75.931953463213,-75.91702152123241,-75.90213087064768,-75.88739652297946,-75.87293689567656,-75.8588779941246,-75.84535687202894,-75.83252443875726,-75.82054718168493,-75.80960613264394,-75.7998886870929,-75.79156409318222,-75.78472866132665,-75.7793155761272,-75.77503297022528,-75.77160062253746,-75.7696526181369
5.2800000000001255,-75.78111989823012,-75.8380624621093,-75.89781079108269,-75.94862833624047,-75.98778914543287,-76.01588358764613,-76.03449611538207,-76.04535284742458,-76.05002278544673,-76.049832490498,-76.04586331973563,-76.03897850876403,-76.02985844670121,-76.0190353765053,-76.00692426532594,-75.99384900656891,-75.98006414553001,-75.96577267421758,-75.95114049794536,-75.9363081569053,-75.9214003445372,-75.90653366871027,-75.89182297312118,-75.87738646035096,-75.86334986040569,-75.84984987806433,-75.8370369894996,-75.825077160145,-75.8141508204092,-75.80444472152794,-75.79612751227167,-75.78929512289736,-75.78388087502006,-75.77959394894597,-75.77615627343478,-75.77420433013313
5.285000000000126,-75.78543128276736,-75.84231202462405,-75.90200452037037,-75.95278003074219,-75.99191333745455,-76.01999291930265,-76.0386007459845,-76.04946060235616,-76.05413953674939,-76.0539625678955,-76.05000987744552,-76.04314382654127,-76.0340441653033,-76.02324267578186,-76.01115399511367,-75.99810177997857,-75.98434040264719,-75.97007272246655,-75.95546453369502,-75.94065627142008,-75.92577251611254,-75.91092974181981,-75.89624262468477,-75.88182915283961,-75.86781478152383,-75.85433586744955,-75.84154245475598,-75.829599988447,-75.8186882993931,-75.80899349682188,-75.80068363248901,-75.79385425858133,-75.78843883471585,-75.78414758749273,-75.78070459066602,-75.77874871535994
5.290000000000127,-75.78973705856819,-75.84655596752766,-75.90619263086803,-75.95692609853327,-75.9960318816433,-76.02409656972189,-76.04269965212791,-76.05356258232496,-76.05825045741226,-76.05808675538576,-76.05415048349828,-76.0473031291583,-76.03822380393714,-76.02744382922795,-76.0153775122743,-76.0023482730688,-75.988610310853,-75.97436635229495,-75.95978208059019,-75.94499782574637,-75.93013805534432,-75.9153191097685,-75.90065549787752,-75.88626499377223,-75.8722727785364,-75.85881486167142,-75.84604085643974,-75.83411568892102,-75.82321859232404,-75.81353503607157,-75.80523247725671,-75.79840609207005,-75.79298947910668,-75.78869390988596,-75.7852455983164,-75.7832857979236
5.295000000000128,-75.79403723832016,-75.85079430393914,-75.91037513599196,-75.96106655329528,-76.00014479194623,-76.02819455312631,-76.04679284832098,-76.05765880213544,-76.06235556254337,-76.06220506838692,-76.05828515362792,-76.05145643267065,-76.04239737898564,-76.03163885356022,-76.01959483386511,-76.00658850324515,-75.99287388790948,-75.97865358183005,-75.96409315713268,-75.94933283877012,-75.93449698151221,-75.91970179223918,-75.90506161279404,-75.89069400366247,-75.87672387238123,-75.8632868820938,-75.85053221633756,-75.83862428376706,-75.82774172179684,-75.81806936223727,-75.8097740698576,-75.80295064691256,-75.79753283194013,-75.7932329399999,-75.78977932032376,-75.78781560178253
5.300000000000129,-75.79833183465394,-75.85502704691746,-75.91455204909633,-75.96520140864574,-76.00425208224448,-76.03228688367047,-76.05088034900263,-76.06174927652026,-76.06645486717687,-76.06631752224094,-76.06241390349,-76.05560375305302,-76.04656490674844,-76.03582776540956,-76.02380597685509,-76.01082248782222,-75.997131151485,-75.98293442910274,-75.96839778172509,-75.95366132927505,-75.93884931379064,-75.92407780880619,-75.90946098941717,-75.89511620290895,-75.88116808387765,-75.86775194995843,-75.85501655611068,-75.84312579505618,-75.83225771027392,-75.82259649814327,-75.81430843343576,-75.8074879465166,-75.80206891682026,-75.7977647015637,-75.79430578048002,-75.79233815074876
5.305000000000129,-75.80262086014359,-75.85925420946216,-75.91872338347373,-75.96933067813876,-76.0083537663539,-76.03637357544171,-76.05496216854256,-76.06583402014085,-76.07054838627353,-76.0704241322143,-76.06653674866234,-76.05974510620014,-76.05072640344287,-76.04001058132205,-76.02801095812582,-76.01505024402461,-76.00138211915517,-75.98720891204833,-75.97269597267149,-75.95798331594341,-75.9431950712495,-75.92844717893622,-75.91385364761884,-75.89953161179595,-75.88560543372732,-75.87221008638605,-75.85949389729585,-75.84762024473142,-75.83676658008646,-75.8271164664796,-75.81883559099781,-75.81201801414988,-75.80659775720893,-75.80228921816268,-75.79882500243218,-75.79685346848889
5.31000000000013,-75.80690432730712,-75.86347580451381,-75.92288915235561,-75.97345437526536,-76.01244985802556,-76.04045464246076,-76.05903832124181,-76.06991304758793,-76.0746361347213,-76.07452491349852,-76.07065370464561,-76.06388050792718,-76.05488188520427,-76.0441873177594,-76.03220979447208,-76.01927178898748,-76.0056268084036,-75.99147704850736,-75.97698774817833,-75.96229881735688,-75.94753427285497,-75.93280992198915,-75.91823960716094,-75.90394025049447,-75.89003594251528,-75.87666131237731,-75.86396426130621,-75.85210765460894,-75.84126835343531,-75.83162928980272,-75.82335556541396,-75.81654087294102,-75.81111937642689,-75.80680651323951,-75.80333700968356,-75.80136157852547
5.315000000000131,-75.8111822486069,-75.86769184495436,-75.92704936891282,-75.97757251345409,-76.01654037094605,-76.04453009868195,-76.06310882133329,-76.0739863733821,-76.07871812733593,-76.0786198812107,-76.07476478686381,-76.06800997397045,-76.05903136808686,-76.04835799109969,-76.03640250260256,-76.02348713975732,-76.00986523662247,-75.99573885622621,-75.98127312635512,-75.96660785199721,-75.95186693747043,-75.93716605721886,-75.9226188876963,-75.9083421390632,-75.89445963071083,-75.88110564881373,-75.86842766943242,-75.85658804637893,-75.84576305239206,-75.83613499053676,-75.82786837941917,-75.82105654588086,-75.81563379765487,-75.81131661009529,-75.80784182559496,-75.80586250423806
5.320000000000132,-75.8154546364501,-75.87190234360776,-75.93120404625593,-75.98168510607144,-76.02062531873813,-76.04859995799397,-76.06717368298209,-76.07805401197417,-76.0827943788614,-76.08270905039412,-76.07887001066494,-76.07213351998797,-76.06317486806427,-76.05252261763806,-76.04058909914039,-76.0276963132926,-76.01409742111335,-75.99999435285785,-75.98555212521514,-75.97091043824719,-75.95619308385722,-75.9415156037742,-75.92699150876938,-75.91273729744915,-75.89887651866839,-75.88554311645866,-75.8728841428436,-75.86106144160672,-75.8502506989002,-75.84063359097448,-75.83237405561417,-75.82556505582353,-75.82014104393495,-75.81581953189091,-75.81233947338603,-75.81035626886454
5.3250000000001325,-75.81972150318913,-75.87610731324018,-75.93535319743586,-75.9857921664223,-76.02470471496122,-76.05266423422026,-76.07123292028635,-76.08211597774599,-76.08686490397065,-76.0867924360188,-76.0829693913216,-76.07625116156017,-76.06731240103005,-76.05668121358727,-76.04476960062401,-76.03189932646444,-76.01832337908785,-76.00424355596276,-75.98982476267634,-75.97520659439125,-75.96051273067539,-75.9458585806997,-75.93135748981732,-75.9171257454889,-75.90328662662856,-75.88997373595825,-75.87733370258834,-75.86552786173378,-75.85473131477607,-75.8451251132785,-75.83687261646662,-75.83006642548754,-75.82464113817144,-75.82031530164795,-75.8168299761361,-75.81484289550208
5.330000000000133,-75.82398286112206,-75.88030676656074,-75.93949683544423,-75.98989370775051,-76.0287785731118,-76.05672294111949,-76.07528654727749,-76.0861722850107,-76.09092971726587,-76.09087005298208,-76.08706294403152,-76.08036291419032,-76.07144398279847,-76.06083379507832,-76.04894402350759,-76.03609619605727,-76.0225431276683,-76.0084864830093,-75.99409105656191,-75.97949633861633,-75.9648258964846,-75.95019500693641,-75.9357168501706,-75.92150750290911,-75.9076899747189,-75.89439752784236,-75.8817763695956,-75.86998732807868,-75.8592049217099,-75.84960957948218,-75.8413640843122,-75.83456067745688,-75.82913410313218,-75.82480394225009,-75.82131335678562,-75.81932240710854
5.335000000000134,-75.82823872249307,-75.88450071622165,-75.94363497321383,-75.99398974323921,-76.03284690662387,-76.06077609238615,-76.07933457792079,-76.0902229480135,-76.09498883327925,-76.09494191610912,-76.0911506839181,-76.08446879330519,-76.075569629105,-76.06498037816114,-76.05311238416186,-76.0402869387696,-76.02675668388851,-76.01272315137483,-75.99835102460119,-75.98377968901258,-75.96913259974478,-75.95452490132271,-75.94006960905406,-75.92588258932766,-75.9120865829549,-75.89881451252543,-75.88621216467567,-75.87443986183801,-75.8636715412668,-75.85408701149076,-75.84584848135557,-75.83904783418214,-75.83361996144949,-75.82928547644396,-75.82578963813712,-75.82379482650339
5.340000000000135,-75.83248909949288,-75.88868917481896,-75.94776762361911,-75.99808028601134,-76.03690972886955,-76.06482370165088,-76.08337702611593,-76.09426798093189,-76.0990422664734,-76.09900804015346,-76.09523262603109,-76.0885688142557,-76.07968935560697,-76.06912097880519,-76.05727469887465,-76.04447157121449,-76.0309640646944,-76.01695357834605,-76.00260468443024,-75.98805666357423,-75.97343285881705,-75.9588482825952,-75.9444157855876,-75.9302510242544,-75.91647647124078,-75.90322471030755,-75.89064110852114,-75.8788854840875,-75.8681311948878,-75.85855743108243,-75.85032582967158,-75.84352791798162,-75.83809873562146,-75.83375992684041,-75.83025884285645,-75.82826017636904
5.345000000000136,-75.8367340042591,-75.89287215489277,-75.95189479947659,-76.00216534913017,-76.04096705315943,-76.06886578248111,-76.08741390569742,-76.09830739787637,-76.10309003124188,-76.10306843979757,-76.09930878534693,-76.09266299231733,-76.08380317788409,-76.0732556129,-76.06143098385158,-76.04865010992046,-76.03516528694472,-76.02117778111993,-76.00685205359267,-75.99232728020017,-75.9777266919644,-75.96316516938938,-75.94875539878704,-75.934612827092,-75.92085965937058,-75.90762814137521,-75.8950632217079,-75.88332421578289,-75.87258390389083,-75.86302085990924,-75.8547961512062,-75.84800095104232,-75.84257044801292,-75.8382273159157,-75.83472099347378,-75.8327184792518
5.350000000000136,-75.84097344887671,-75.89704966892764,-75.95601651354526,-76.00624494559968,-76.04501889274304,-76.07290234838135,-76.09144523043514,-76.10234121289089,-76.10713214190973,-76.10712312965333,-76.10337917676951,-76.09675134269087,-76.08791111143914,-76.07738429625591,-76.06558125521663,-76.05282257133192,-76.03936036741163,-76.02539577680439,-76.01109314954037,-75.99659155669487,-75.98201411735249,-75.96747558024056,-75.95308846756501,-75.93896801713683,-75.92523616702874,-75.91202482580233,-75.899478524696,-75.88775607776093,-75.87702968947174,-75.86747731949819,-75.85925946777768,-75.85246695542115,-75.8470351208566,-75.84268766601245,-75.83917611238489,-75.83716975756312
5.355000000000137,-75.84520744537848,-75.90122172935324,-75.96013277852711,-76.01031908836491,-76.04906526080941,-76.07693341279388,-76.09547101403474,-76.10636943995331,-76.11116861273403,-76.11117212426275,-76.1074438151307,-76.1008338805029,-76.09201317169847,-76.0815070446046,-76.06972552901284,-76.05698897180991,-76.04354932278152,-76.02960758241885,-76.01532798963413,-76.000849510769,-75.98629515305042,-75.97177953358454,-75.95741501073167,-75.94331661357977,-75.92960601379119,-75.916414783551,-75.90388703783054,-75.89218109074034,-75.88146857270524,-75.87192683125228,-75.86371580107745,-75.85692595304585,-75.85149277625415,-75.84714099934075,-75.84362422185208,-75.84161403358058
5.360000000000138,-75.84943600574535,-75.90538834854452,-75.9642436070675,-76.01438779031268,-76.05310617048735,-76.080958989099,-76.0994912701383,-76.110392092976,-76.11519945790434,-76.11521543809822,-76.11150271519074,-76.10491062080632,-76.09610937401267,-76.08562387359966,-76.07386382120283,-76.0611493276327,-76.0477321696555,-76.03381321489503,-76.01955659114442,-76.00510116004016,-75.99056981703143,-75.97607704775842,-75.96173504699554,-75.94765863550707,-75.93396921912611,-75.92079803447261,-75.9082887813427,-75.89659927532273,-75.88590057454593,-75.87636941645138,-75.86816517267124,-75.86137796571603,-75.85594343617718,-75.8515873379794,-75.8480653440054,-75.84605132944908
5.365000000000139,-75.8536591419068,-75.90954953882232,-75.96834901175565,-76.01845106427177,-76.0571416348461,-76.08497909061569,-76.10350601232457,-76.1144091858062,-76.11922469154322,-76.11925308556322,-76.11555589163893,-76.10898157858097,-76.10019973365698,-76.0897347988172,-76.07799614766955,-76.06530365499658,-76.05190892455022,-76.03801269107764,-76.02377897125203,-76.00934652203368,-75.99483812717375,-75.98036814100152,-75.96604859496443,-75.9519941019012,-75.93832580239494,-75.92517459830853,-75.91268377535063,-75.90101065199356,-75.89032571582922,-75.8808050962534,-75.87260760400008,-75.86582301510434,-75.86038712246842,-75.8560267038767,-75.85249950084366,-75.85048166718192
5.3700000000001396,-75.85787686574132,-75.91370531245369,-75.97244900512493,-76.02250892301345,-76.0611716668956,-76.08899373060184,-76.1075152541096,-76.11842073222657,-76.12324432770676,-76.12328508099277,-76.11960335909407,-76.1130467687341,-76.10428426583205,-76.09383983575655,-76.08212252421674,-76.06945197001619,-76.05607960389841,-76.04220602772493,-76.02799514704883,-76.01358561418324,-75.9991001012612,-75.98465283145582,-75.97035567314593,-75.9563230316416,-75.94267578285296,-75.92954449469107,-75.91707203986023,-75.90541524112305,-75.89474401727227,-75.88523389169505,-75.87704311638126,-75.87026112275738,-75.86482385684272,-75.8604591188518,-75.8569267142355,-75.85490506866181
5.37500000000014,-75.86208918907684,-75.91785568165231,-75.97654359965345,-76.02656137925186,-76.06519627958703,-76.093002922255,-76.11151900894713,-76.12242674595566,-76.12725838038504,-76.12731143865396,-76.1236451321051,-76.11710620610107,-76.10836298566447,-76.0979389998407,-76.08624296656964,-76.07359428872543,-76.06024422404953,-76.04639324150958,-76.0322051355385,-76.01781845383172,-76.00335575698413,-75.98893113716709,-75.97465629994859,-75.96064544350554,-75.94701917965028,-75.93390774314423,-75.9214535947661,-75.90981306296705,-75.89915549947493,-75.889655823693,-75.8814717310094,-75.87469231009682,-75.86925366088803,-75.86488460459562,-75.8613470059205,-75.85932155564198
5.380000000000141,-75.8662961236909,-75.92200065857884,-75.98063280776437,-76.03060844564459,-76.06921548581322,-76.09700667871253,-76.11551729022916,-76.12642724064841,-76.13126686350266,-76.1313321727465,-76.12768122515148,-76.12115990544575,-76.11243590820717,-76.10203230641685,-76.09035749037554,-76.07773062707791,-76.06440280127042,-76.05057434901904,-76.03640895363706,-76.02204505823178,-76.00760511193994,-75.99320307608541,-75.97895049368235,-75.9649613561689,-75.95135601183277,-75.93826436308474,-75.92582845985255,-75.91420413766808,-75.9035601829208,-75.89407091304483,-75.8858934689574,-75.87911659842024,-75.87367655606651,-75.86930318267179,-75.86576039751024,-75.86373114974732
5.385000000000142,-75.87049768131126,-75.92614025534145,-75.9847166418263,-76.03465013479291,-76.07322929840916,-76.10100501305226,-76.11951011128627,-76.13042222989658,-76.1352697909192,-76.13534729740311,-76.13171165264379,-76.12520788146102,-76.11650304844014,-76.10611977075719,-76.09446611120434,-76.08186100094764,-76.06855535174597,-76.05474936675644,-76.04060661817361,-76.02626544454654,-76.01184818363386,-75.99746866606597,-75.98323827255948,-75.969270788207,-75.95568629834266,-75.94261437382278,-75.9301966547943,-75.91858848525615,-75.90795808797796,-75.89847918042982,-75.89030835117735,-75.88353400890234,-75.87809256371544,-75.87371487451787,-75.87016691048919,-75.86813387247517
5.390000000000143,-75.8746938736163,-75.93027448399619,-75.98879511415377,-76.0386864592423,-76.07723773015225,-76.10499793829281,-76.12349748538817,-76.13441172722928,-76.13926717642974,-76.13935682669012,-76.13573642892426,-76.12925014876946,-76.1205644212709,-76.11020140805928,-76.09856884454929,-76.08598542612957,-76.07270189157978,-76.05891831114121,-76.04479814589108,-76.03047962985042,-76.01608498947976,-76.0017279248698,-75.98751965469532,-75.97357375809531,-75.9600100580195,-75.94695779456286,-75.9345581991574,-75.92296612564964,-75.91234923490005,-75.9028806464101,-75.89471639850169,-75.88794456259583,-75.88250170504844,-75.87811970144637,-75.87456656621602,-75.87252974519672
5.3950000000001435,-75.8788847122352,-75.93440335654721,-75.99286823700768,-76.04271743148284,-76.08124079376293,-76.10898546739409,-76.1274794257441,-76.13839574611337,-76.14325903376526,-76.14336077460793,-76.13975556826722,-76.13328672192377,-76.12462004153504,-76.1142772334466,-76.10266570582735,-76.0901039183403,-76.0768424367946,-76.0630811985096,-76.0489835534468,-76.03468763112963,-76.02031554680076,-76.00598087016454,-75.99179465810904,-75.97787028421034,-75.96432730960096,-75.95129464440465,-75.9389131124002,-75.9273370786562,-75.91673364382719,-75.90727533143145,-75.89911763164395,-75.89234828043237,-75.88690400115628,-75.88251768464555,-75.87895938592433,-75.87691878915773
5.400000000000144,-75.88307020874853,-75.93852688494742,-75.99693602259555,-76.04674306394965,-76.08523850190493,-76.11296761325771,-76.1314559455033,-76.14237429995394,-76.14724537659319,-76.14735915509148,-76.1437690848797,-76.13731761540735,-76.12866992399694,-76.11834726196935,-76.10675671037991,-76.0942164932186,-76.08097700333317,-76.06723804511537,-76.05316285741321,-76.03888946528309,-76.02453987282998,-76.01022751952522,-75.99606330072442,-75.98216038483038,-75.96863807172357,-75.95562494234379,-75.94326141387403,-75.93170136397367,-75.92111133478674,-75.91166325582432,-75.90351207119987,-75.89674518322364,-75.8912994730079,-75.88690884518067,-75.8833453907239,-75.8813010254797
5.405000000000145,-75.88725037468843,-75.94264508109866,-76.00099848307202,-76.0507633690232,-76.08923086718583,-76.11694438872745,-76.13542705775549,-76.14634740209485,-76.15122621851785,-76.15135198201078,-76.14777699290183,-76.14134284363477,-76.13271408334997,-76.12241150860466,-76.11084187347332,-76.09832316632586,-76.08510560705868,-76.0713888671305,-76.05733607427841,-76.04308514912287,-76.02875798471119,-76.01446789043476,-76.00032560037052,-75.9864440781362,-75.97294236292358,-75.95994870727279,-75.94760312282418,-75.93605900119096,-75.92548232769435,-75.91604443980468,-75.9078997376483,-75.90113529166223,-75.89568814145147,-75.89129320399486,-75.88772460160158,-75.8856764751609
5.410000000000146,-75.89142522153918,-75.94675795685227,-76.00505563053927,-76.0547783590299,-76.0932179021574,-76.12091580658961,-76.13939277553125,-76.150315065819,-76.15520157308096,-76.15533926917135,-76.15177930640739,-76.14536242095227,-76.13675253421728,-76.12646998825741,-76.1149212102995,-76.10242395314704,-76.08922826375543,-76.07553368064572,-76.06150322044707,-76.047274699375,-76.03296989949958,-76.01870200028495,-76.00458157478242,-75.99072138221189,-75.97724020163773,-75.96426595798172,-75.95193825839067,-75.94041000978882,-75.92984664235473,-75.92041890347502,-75.91228065135199,-75.90551862632265,-75.90007002721528,-75.8956707819101,-75.89209703942225,-75.89004515907726
5.415000000000147,-75.89559476073741,-75.95086552400926,-76.00910747704738,-76.0587880462423,-76.09719961931603,-76.12488187957348,-76.14335311180243,-76.15427730434894,-76.15917145376203,-76.15932103031476,-76.15577603940432,-76.14937636163832,-76.1407852911523,-76.13052271576065,-76.11899473597644,-76.1065188690909,-76.09334498912943,-76.0796725016712,-76.0656643122407,-76.05145813268007,-76.03717563416237,-76.02292986637697,-76.00883124160208,-75.9949923150456,-75.98153160620396,-75.96857671315912,-75.95626683960913,-75.94475440914077,-75.93420429846265,-75.92478666682511,-75.91665483255883,-75.90989520766222,-75.90444515090877,-75.90004159962831,-75.89646272492992,-75.89440709798345
5.420000000000147,-75.89975900367251,-75.95496779432086,-76.01315403459462,-76.06279244287957,-76.10117603110311,-76.12884262035178,-76.14730807948267,-76.15823413084723,-76.16313587397882,-76.16329727911898,-76.15976720583507,-76.1533846799041,-76.14481236863911,-76.13456970587613,-76.12306246554877,-76.11060792949074,-76.097455798809,-76.08380534613707,-76.06981936589855,-76.05563546559391,-76.04137520557953,-76.02715150592222,-76.01307461837891,-75.99925689453025,-75.98581659486233,-75.97288099139274,-75.96058888541155,-75.94909221851393,-75.93855531560372,-75.92914774973312,-75.92102230140253,-75.91426505602216,-75.90881353302352,-75.90440567773221,-75.90082167874868,-75.89876231251388
5.425000000000148,-75.90391796168704,-75.95906477948881,-76.01719531512798,-76.06679156110793,-76.10514714990545,-76.13279804154102,-76.15125769142782,-76.16218555841694,-76.16709484708788,-76.16726802919894,-76.16375281957735,-76.15738738989403,-76.14883378109315,-76.13861097329492,-76.12712441398834,-76.11469114960491,-76.10156070834527,-76.08793222989408,-76.07396839757823,-76.05980671458828,-76.04556863054442,-76.03136693604291,-76.01731172257057,-76.0035151384644,-75.99009518575566,-75.97717881117035,-75.9649044146272,-75.95342345706989,-75.94289971325531,-75.9335021719663,-75.92538307790355,-75.91862819162831,-75.91317519393414,-75.90876303668638,-75.90517392138362,-75.90311082318361
5.430000000000149,-75.90807164607702,-75.96315649116575,-76.02123133054347,-76.07078541304102,-76.10911298805573,-76.13674815570197,-76.1552019604362,-76.16613160010206,-76.17104838638494,-76.17123329410704,-76.1677328944444,-76.16138450568621,-76.1528495428616,-76.14264653263784,-76.13118059619472,-76.11876854461745,-76.10565973321296,-76.0920531687143,-76.07811142335615,-76.06397189605143,-76.04975592576446,-76.03557617377282,-76.02154257154366,-76.00776706455278,-75.9943673969303,-75.98147019088051,-75.96921344598339,-75.95774814386559,-75.9472375107874,-75.93784995318197,-75.92973718197011,-75.92298463459221,-75.91753015389912,-75.91311369683804,-75.90951947322183,-75.9074526503893
5.43500000000015,-75.91222006809228,-75.96724294095559,-76.02526209268657,-76.07477401074024,-76.11307355783283,-76.14069297534004,-76.15914089924931,-76.1700722688879,-76.17499650510536,-76.17519308733355,-76.17170744418546,-76.16537604129292,-76.15685966822387,-76.14667639845602,-76.13523102699581,-76.12284012963859,-76.10975288881073,-76.0961681782915,-76.08224845922831,-76.0681310262888,-76.05393710786188,-76.03977923605798,-76.02576718257446,-76.01201269040715,-75.99863324633695,-75.98575514881341,-75.97351599810612,-75.96206629785392,-75.95156872746337,-75.94219111292836,-75.93408463339898,-75.92733440491193,-75.92187843306199,-75.91745767841822,-75.91385835453336,-75.91178781441033
5.4400000000001505,-75.9163632389369,-75.9713241404139,-76.0292876133525,-76.07875736621521,-76.11702887146224,-76.14463251290564,-76.16307452055194,-76.17400757770159,-76.17893921642457,-76.17914742230701,-76.17567648248638,-76.1693620106612,-76.16086417139226,-76.15070058523149,-76.13927572114834,-76.12690591970531,-76.11384019046199,-76.10027727424205,-76.08637952111087,-76.07228412152361,-76.05811219337423,-76.04397613975723,-76.02998557284951,-76.01625203354702,-76.00289275183137,-75.99003370316156,-75.97781208952128,-75.96637793788487,-75.95589338244096,-75.94652567064554,-75.93842545187645,-75.93167752247307,-75.92622005145206,-75.92179500154255,-75.9181905854721,-75.91611633540955
5.445000000000151,-75.92050116976947,-75.9754001010482,-76.03330790428666,-76.08273549142406,-76.12097894111648,-76.14856678079472,-76.16700283697284,-76.17793753941243,-76.18287653345848,-76.18309631239468,-76.1796400229699,-76.17334242767318,-76.16486306651232,-76.15471910737759,-76.14331469333838,-76.13096592978187,-76.1179216534152,-76.10438047210513,-76.09050462484076,-76.07643119789753,-76.06228119875513,-76.04816690164311,-76.03419775946654,-76.02048511140043,-76.00714593117516,-75.99430587202058,-75.98210173865499,-75.97068308270606,-75.96021149477305,-75.95085364566619,-75.9427596569792,-75.93601400704956,-75.93055502898537,-75.92612568621226,-75.9225161860769,-75.92043823343434
5.450000000000152,-75.92463387170342,-75.97947083431835,-76.03732297718497,-76.08670839827387,-76.12492377891543,-76.15249579134893,-76.17092586108492,-76.18186216683232,-76.18680846926405,-76.18703977090331,-76.18359807919644,-76.17731730614669,-76.16885636766338,-76.15873197923956,-76.14734795818192,-76.13502017476048,-76.1219972928447,-76.10847778734367,-76.09462378617626,-76.08057227147137,-76.06644414037491,-76.05235153840235,-76.03840375943489,-76.02471194130443,-76.01139280203637,-75.99857167338996,-75.98638496383455,-75.97498175096368,-75.9645230834084,-75.9551750572165,-75.94708726817511,-75.94034387830466,-75.9348833854657,-75.93044975231507,-75.92683517627228,-75.92475352841755
5.455000000000153,-75.92876135580745,-75.98353635163697,-76.04133284369422,-76.09067609862106,-76.12886339692676,-76.15641955685625,-76.17484360540581,-76.18578147271623,-76.19073503683948,-76.19097781107901,-76.18755066466409,-76.18128665983565,-76.17284408885902,-76.16273921509494,-76.15137553022531,-76.13906866946164,-76.12606712385103,-76.11256923534464,-76.09873702079756,-76.08470735822547,-76.07060103452118,-76.05653006663653,-76.04260358967635,-76.02893254050603,-76.01563338199033,-76.00283112517386,-75.9906617832894,-75.97927396120332,-75.96882816719261,-75.95948992441699,-75.9514083048242,-75.94466715579166,-75.93920514058532,-75.93476721962605,-75.93114757586939,-75.92906224017827
5.460000000000154,-75.93288363310575,-75.98759666436966,-76.04533751541251,-76.09463860427161,-76.13279780716628,-76.16033808955129,-76.17875608239817,-76.1896954697626,-76.1946562491249,-76.19491044610817,-76.19149779280944,-76.18525050243059,-76.17682624404763,-76.16674082915422,-76.1553974239459,-76.14311142863482,-76.13013116146173,-76.11665483141988,-76.10284434430744,-76.08883647406057,-76.07475189739948,-76.06070250286284,-76.04679726702582,-76.03314692616279,-76.01986768852045,-76.00708424518179,-75.99493221515156,-75.98355973187063,-75.97312676486888,-75.96379826628336,-75.95572278617944,-75.94898385895506,-75.94352031392604,-75.93907810780864,-75.9354534045671,-75.933364388423
5.465000000000154,-75.93700071457843,-75.99165178383545,-76.04933700388948,-76.09859592698172,-76.1367270215984,-76.16425140161564,-76.18266330447015,-76.19360417061371,-76.19857211900259,-76.19883768911771,-76.19543947700791,-76.18920884755912,-76.1808028471128,-76.17073683556121,-76.15941365375244,-76.147148466959,-76.13418942063167,-76.12073459080646,-76.10694577223187,-76.09295963479825,-76.07889674513403,-76.0648688635147,-76.05098480823195,-76.03735511534349,-76.02409573901872,-76.01133105112933,-75.9991962774567,-75.98783908131226,-75.97741889507883,-75.9681001017274,-75.96003073138759,-75.95329400713112,-75.94782892496,-75.94338243641555,-75.93975268195278,-75.93765999274636
5.470000000000155,-75.94111261116184,-75.99570172130714,-76.05333132062677,-76.10254807845787,-76.14065105213638,-76.16815950517832,-76.18656528397572,-76.19750758785615,-76.20248265929754,-76.20275955317553,-76.19937573057422,-76.1931617087863,-76.18477391187382,-76.17472724839358,-76.1634242339856,-76.15117979904306,-76.13824191624369,-76.12480852866736,-76.11104132002045,-76.09707685618166,-76.08303559376824,-76.06902916494236,-76.05516622995779,-76.04155712502887,-76.0283175507866,-76.01557156063896,-76.00345398814463,-75.99211202777649,-75.98170457636323,-75.97239544955765,-75.96433215949014,-75.9575976195489,-75.9521309930505,-75.94768022488944,-75.94404542750308,-75.94194907263208
5.475000000000156,-75.9452193337488,-75.99974648801151,-76.05732047707835,-76.10649507035735,-76.14456991064276,-76.17206241231608,-76.19046203321514,-76.20140573402115,-76.20638788277779,-76.20667605129096,-76.2033065667627,-76.19710909961525,-76.18873945208625,-76.17871208166342,-76.16742917891858,-76.15520543942647,-76.14228866310916,-76.12887666009199,-76.11513100304714,-76.10118815387594,-76.08716845926524,-76.07318342341351,-76.05934154878148,-76.0457529721123,-76.03253314103563,-76.0198057912407,-76.00770536506022,-75.99637858941416,-75.98598382716293,-75.97668432848033,-75.968627089424,-75.96189471533108,-75.95642653745296,-75.95197149256403,-75.94833166058508,-75.94623164745384
5.480000000000157,-75.94932089318905,-76.00378609512985,-76.06130448465082,-76.11043691428856,-76.14848360892972,-76.17596013505384,-76.19435356443525,-76.20529862158502,-76.21028780215481,-76.2105871964151,-76.20723199876794,-76.20105103348747,-76.19269948144222,-76.18269134931762,-76.1714285027576,-76.1592254025797,-76.14632967596847,-76.13293900009671,-76.1192148366107,-76.10529354346892,-76.09129535750864,-76.07733165511397,-76.06351078119692,-76.04994267340042,-76.03674252688818,-76.0240337603728,-76.01195042595411,-76.0006387842793,-75.99025666581953,-75.98096675710012,-75.97291554002248,-75.96618531349485,-75.9607155773158,-75.95625625866495,-75.9526114004569,-75.95050773647615
5.4850000000001575,-75.95341730028953,-76.00782055379814,-76.06528335470374,-76.11437362181132,-76.1523921587594,-76.179852685365,-76.19823988982988,-76.20918626296952,-76.21418243008395,-76.21449300144141,-76.21115203972509,-76.20498752378336,-76.19665401357103,-76.18666506523832,-76.17542221964214,-76.16323970290475,-76.15036496949163,-76.13699556362546,-76.1232928359354,-76.10939304047182,-76.09541630430317,-76.08147387614831,-76.06767394361437,-76.05412624561389,-76.04094572537814,-76.02825548538263,-76.01618918848338,-76.00489263032992,-75.9945231105762,-75.985242753921,-75.97719753001601,-75.97046943295264,-75.9649981316812,-75.96053454231043,-75.95688466626883,-75.95477735885541
5.490000000000158,-75.95750856581465,-76.01184987510756,-76.06925709855011,-76.1183052044374,-76.1562955718444,-76.18374007517201,-76.20212102154039,-76.21306867054234,-76.21807177916494,-76.21839347920594,-76.21506670271033,-76.20891858382265,-76.20060306203959,-76.19063324324355,-76.17941034364583,-76.16724835473572,-76.15439455827863,-76.14104636555021,-76.12736501617142,-76.11348666031952,-76.09953131537506,-76.08561010254047,-76.07183105236106,-76.05830370538787,-76.0451427534515,-76.03247098352713,-76.02042167021233,-76.00914014542876,-75.99878317957842,-75.98951233734695,-75.98147307803298,-75.97474709251304,-75.96927421948601,-75.96480636251239,-75.961151477064,-75.95904053364048
5.495000000000159,-75.96159470048661,-76.01587407010452,-76.07322572745653,-76.12223167363061,-76.16019385984794,-76.18762231634639,-76.20599697165578,-76.21694585661737,-76.22195586194219,-76.22228864248792,-76.21897600074129,-76.21284422686485,-76.2045466403528,-76.19459589708757,-76.1833928887766,-76.1712513723392,-76.15841845686022,-76.14509142067159,-76.13143139239556,-76.11757441837152,-76.10364040637286,-76.08974035023435,-76.07598212368198,-76.06247506927295,-76.04933362796716,-76.03668027197372,-76.02464788861325,-76.0133813473441,-76.0030368908748,-75.99377552568279,-75.98574220260048,-75.9790183108816,-75.97354385956258,-75.9690717381771,-75.96541185177932,-75.96329727977374
5.50000000000016,-75.96567571498579,-76.01989314979129,-76.07718925264363,-76.12615304080734,-76.1640870343844,-76.19149942070939,-76.2098677522133,-76.22081783345516,-76.22583469090509,-76.22617850401,-76.22287994677745,-76.21676446610962,-76.20848476195405,-76.19855304046135,-76.18736986897736,-76.17524876991484,-76.16243667969815,-76.14913074371933,-76.13549197961174,-76.12165632991221,-76.10774359286795,-76.09386463509446,-76.08012717374032,-76.06664035373554,-76.05351836569753,-76.0408833678009,-76.02886786106701,-76.01761625375042,-76.00728426241784,-75.99803233713504,-75.99000492214527,-75.98328310666162,-75.97780707063959,-75.97333068810615,-75.96966580924632,-75.96754761609195
5.505000000000161,-75.96975161995098,-76.02390712512613,-76.08114768528642,-76.13006931733683,-76.1679751070195,-76.19537140003223,-76.21373337519859,-76.22468461326322,-76.2297082784886,-76.23006307643873,-76.22677855372058,-76.22067931469732,-76.21241744022574,-76.20250468699311,-76.19134129812645,-76.1792405615959,-76.16644924118587,-76.15316434935288,-76.13954679275143,-76.1257324101515,-76.11184089035503,-76.09798297290645,-76.08426621861821,-76.07079957515867,-76.05769698332922,-76.0450802879989,-76.03308160486387,-76.02184488222913,-76.0115253120646,-76.0022827898125,-75.9942612549944,-75.987541498355,-75.9820638713428,-75.97758323099721,-75.97391336819202,-75.97179156132695
5.510000000000161,-75.9738224259797,-76.0279160070237,-76.08510103651456,-76.13398051454153,-76.1718580892708,-76.19923826603645,-76.21759385254632,-76.22854620819658,-76.23357663707357,-76.23394237238504,-76.23067183441525,-76.22458878570937,-76.21634468848957,-76.20645085024864,-76.19530719003801,-76.18322676144962,-76.170456155649,-76.15719225216188,-76.1435958466744,-76.1298026742255,-76.11593231425286,-76.10209537937777,-76.08839927431728,-76.07495274984257,-76.06186949746373,-76.04927104947048,-76.03728913720414,-76.02606725026938,-76.0157600575776,-76.00652690172723,-75.99851121937611,-75.99179350436306,-75.98631428019605,-75.9818293854449,-75.97815454723971,-75.97602913410667
5.515000000000162,-75.97788814362856,-76.03191980635538,-76.08904931741269,-76.13788664369733,-76.17573599260788,-76.2031000303943,-76.22144919614033,-76.23240263035792,-76.23743977898707,-76.23781640440461,-76.23455980164906,-76.22849289216869,-76.22026652000712,-76.21039154373193,-76.19926755846257,-76.18720738347783,-76.17445743734581,-76.16121446666665,-76.14763915616906,-76.13386713719697,-76.12001787990474,-76.10620187013824,-76.09252635675935,-76.07909989400532,-76.066035924618,-76.05345566903152,-76.0414904751989,-76.0302833752687,-76.01998851662535,-76.01076469079513,-76.00275483342052,-75.99603914298729,-75.99055831562193,-75.98606916994159,-75.98238936490978,-75.98026035295584
5.520000000000163,-75.9819487834135,-76.03591853394953,-76.09299253902083,-76.14178771603412,-76.17960882845288,-76.20695670472907,-76.2252994178141,-76.23625389179814,-76.24129771650281,-76.2416851849981,-76.23844246815321,-76.23239164704013,-76.22418294798028,-76.21432678088551,-76.2032224170875,-76.1911824416173,-76.17845310046769,-76.16523100731884,-76.15167673595315,-76.13792581405589,-76.1240976025791,-76.11030246074073,-76.09664748178692,-76.08324102378344,-76.07019628122515,-76.05763416341168,-76.04568563587068,-76.03449327453367,-76.02421070678324,-76.01499617483688,-76.00699211516049,-76.00027843243006,-75.99479599594252,-75.99030260287823,-75.98661783962064,-75.98448523629689
5.525000000000164,-75.98600435581004,-76.03991220059173,-76.09693071233457,-76.14568374273583,-76.18347660818068,-76.21080830061543,-76.22914452935105,-76.24010000451665,-76.24515046184158,-76.2455487266118,-76.24231984660283,-76.23628506323084,-76.22809398555152,-76.21825657509088,-76.20717177953739,-76.19515194974034,-76.18244315913968,-76.16924188850177,-76.15570860067417,-76.14197871972002,-76.12817149747003,-76.1143971666615,-76.10076266516391,-76.08737615523265,-76.07435058363512,-76.06180654925512,-76.04987463615417,-76.0386969652808,-76.02842664553424,-76.01922137157847,-76.01122308253227,-76.00451139079567,-75.99902733938039,-75.99452970254514,-75.9908399896894,-75.98870380245069
5.530000000000165,-75.9900548712537,-76.04390081702533,-76.10086384830545,-76.14957473494096,-76.18733934311925,-76.21465482957981,-76.23298454248496,-76.24394098046172,-76.24899802717152,-76.24940704163781,-76.24619194961736,-76.24017315359077,-76.23199964580454,-76.22218093966904,-76.21111565937456,-76.19911592165514,-76.18642762742097,-76.17324712453102,-76.15973476490996,-76.1460258690354,-76.13223957969792,-76.11848600330111,-76.10487192257614,-76.09150530432828,-76.0784988481153,-76.06597284312114,-76.05405749289682,-76.042894464637,-76.03263635026958,-76.02344029865208,-76.0154477533764,-76.00873803609078,-76.00325236405918,-75.9987504871328,-75.99505583333278,-75.99291606963749
5.535000000000165,-75.99410034014024,-76.0478843939515,-76.1047919578414,-76.1534607037429,-76.19119704455008,-76.21849630310075,-76.2368194689003,-76.24777683153087,-76.2528404246086,-76.25326014241456,-76.25005878976101,-76.24405593091305,-76.23589994176459,-76.22609988788088,-76.21505407009957,-76.20307437110645,-76.19040651930538,-76.17724672965494,-76.1637552431691,-76.15006727677697,-76.13630186430991,-76.1225689859847,-76.108975269632,-76.09562848696602,-76.0826410908511,-76.07013306148478,-76.05823422285957,-76.04708578964048,-76.03683983828952,-76.02765297359684,-76.01966614543836,-76.01295838622543,-76.00747108800459,-76.00296497473269,-75.99926538866784,-75.99712205597754
5.540000000000166,-75.99814077282585,-76.05186294202969,-76.10871505180683,-76.15734166019013,-76.19504972370841,-76.22233273260912,-76.24064932023252,-76.25160756957125,-76.2566776662169,-76.25710804122706,-76.25392037954309,-76.24793340793428,-76.23979488639874,-76.23001343292754,-76.21898702515159,-76.20702731177583,-76.19437984872184,-76.18124071805518,-76.16777004989164,-76.15410295764896,-76.14035836628052,-76.12664612996271,-76.11307272186299,-76.09974571896248,-76.08677732794662,-76.07428722073755,-76.06240484271753,-76.05127095724129,-76.04103712680396,-76.03185941385945,-76.02387827636935,-76.01717245901378,-76.01168352914492,-76.00717318333804,-76.0034686737128,-76.00132177949209
5.545000000000167,-76.00217617962758,-76.05583647187778,-76.11263314102304,-76.16121761528662,-76.19889739178362,-76.22616412948861,-76.24447410806843,-76.25543320637992,-76.26050976400902,-76.26095075030746,-76.25777673141849,-76.25180559733522,-76.24368449261671,-76.23392158795107,-76.22291453790889,-76.2109747572822,-76.19834762953481,-76.18522910384704,-76.17177919944942,-76.15813292628562,-76.14440910051216,-76.13071745041145,-76.11716429472428,-76.10385701605584,-76.09090757542535,-76.07843533718798,-76.06656936906066,-76.0554499843021,-76.04522823293324,-76.03605963679495,-76.028084163727,-76.02138027217464,-76.01588970531206,-76.0113751308446,-76.00766570638787,-76.00551525810398
5.550000000000168,-76.00620657082361,-76.05980499407262,-76.11654623626855,-76.1650885799921,-76.20274005991946,-76.22999050507596,-76.24829384394661,-76.25925375370431,-76.26433672994646,-76.2647882818353,-76.26162785778804,-76.25567251174085,-76.24756877327083,-76.2378243660346,-76.22683662168922,-76.21491672118232,-76.20230987554483,-76.1892119010801,-76.17578270614662,-76.16215719725156,-76.14845408183571,-76.13478296243355,-76.12125000359538,-76.10796239390635,-76.09503184923064,-76.08257742706239,-76.07072781839436,-76.05962288759879,-76.04941317370883,-76.04025365966743,-76.03228382497613,-76.02558184333245,-76.02008963424203,-76.01557083505139,-76.01185650451588,-76.00970250963856
5.5550000000001685,-76.01023195665339,-76.06376851915002,-76.12045434827941,-76.1689545652224,-76.20657773921451,-76.23381187066136,-76.25210853935766,-76.2630692232425,-76.26815857593998,-76.2686206479379,-76.26547377099882,-76.25953416372104,-76.25144774115677,-76.24172178020291,-76.23075328975035,-76.21885321697124,-76.20626660048899,-76.1931891237387,-76.17978058422037,-76.16617578504237,-76.15249332501094,-76.13884268105862,-76.12532986378062,-76.112061868097,-76.09915016522639,-76.0867135065053,-76.07488020714008,-76.06378968382121,-76.0535919660739,-76.04444149965077,-76.03647727748948,-76.02977719001802,-76.024283333576,-76.01976031366158,-76.01604108582325,-76.01388355182439
5.560000000000169,-76.01425234731803,-76.06772705760527,-76.12435748774942,-76.17281558184983,-76.2104104407224,-76.2376282374887,-76.2559182057446,-76.26687962664349,-76.27197531384986,-76.2724478606907,-76.26931448334459,-76.26339056579076,-76.25532140901367,-76.24561384342279,-76.23466455529044,-76.22278425808267,-76.21021781804133,-76.19716078574233,-76.18377284784106,-76.17018870408506,-76.15652684472727,-76.14289662124379,-76.12940389050978,-76.11615545413413,-76.10326253919767,-76.09084359158031,-76.07902655163615,-76.06795038957375,-76.05776462688416,-76.0486231738293,-76.04066453854847,-76.03396632966911,-76.02847082086076,-76.02394358428306,-76.02021946794063,-76.01805840229406
5.56500000000017,-76.01826775298063,-76.07168061989331,-76.12825566533047,-76.17667164070332,-76.2142381754521,-76.24143961675595,-76.25972285450312,-76.27068497550779,-76.27578695548645,-76.27626993211774,-76.2731500070662,-76.2672417304106,-76.2591897895249,-76.24950056860352,-76.23857043144845,-76.22670985788949,-76.21416354181335,-76.20112690094615,-76.18775951111297,-76.17419596873866,-76.16055465560399,-76.14694479787416,-76.13347209893861,-76.1202431674479,-76.10736898685128,-76.09496769827054,-76.08316686813819,-76.07210502137606,-76.06193117290849,-76.05279869919849,-76.04484562534375,-76.03814927963131,-76.03265211354969,-76.02812066442942,-76.02439166840367,-76.02222707858493
5.570000000000171,-76.02227818376642,-76.07562921642916,-76.1321488916329,-76.1805227525688,-76.2180609543683,-76.2452460196155,-76.26352249698203,-76.27448528138751,-76.27959351261032,-76.2800868741919,-76.27698035435193,-76.27108766998704,-76.26305289531808,-76.25338196859724,-76.24247093130464,-76.23063002970426,-76.21810378535443,-76.20508748314148,-76.19174058807468,-76.17819759329457,-76.164576772191,-76.15098722576344,-76.13753450414937,-76.12432502339294,-76.11146952381631,-76.09908584247921,-76.08730117281992,-76.07625359566372,-76.0660916208295,-76.05696809266568,-76.04902055497608,-76.04232605715865,-76.03682722900335,-76.03229157152047,-76.0285577046538,-76.02638959813986
5.575000000000172,-76.02628364976302,-76.07957285758789,-76.13603717722563,-76.18436892818963,-76.22187878839172,-76.24904745717434,-76.26731714448343,-76.27828055578676,-76.28339499693273,-76.2838986988353,-76.28080553733788,-76.27492839687301,-76.26691073896583,-76.25725805619936,-76.24636606788094,-76.23454478677952,-76.22203856215233,-76.2090425460563,-76.19571609269968,-76.18219359197731,-76.1685932089693,-76.15502391965441,-76.14159112115145,-76.12840103724892,-76.11556416564486,-76.10319804003058,-76.09142948177372,-76.08039612878878,-76.07024598724432,-76.06113137105072,-76.05318934445697,-76.04649667941429,-76.04099618449025,-76.03645632288313,-76.03271759403901,-76.03054597830806
5.580000000000172,-76.03028416102089,-76.08351155370529,-76.13992053263665,-76.18821017826664,-76.22569168839942,-76.25284394049457,-76.2711068082632,-76.2820708101621,-76.28719142011592,-76.28770541791974,-76.28462556810835,-76.27876392336805,-76.27076333298585,-76.26112884414901,-76.2502558541414,-76.23845414230833,-76.22596788563368,-76.2129921033556,-76.19968603889674,-76.18618397894473,-76.17260398035145,-76.15905489421954,-76.14564196488186,-76.13247122422116,-76.1196529278125,-76.10730430667004,-76.0955518110112,-76.08453263702057,-76.07439428866529,-76.06528855108672,-76.0573520107094,-76.05066116347149,-76.04515899718763,-76.04061493575209,-76.03687135381443,-76.03469623634561
5.585000000000173,-76.03427972755345,-76.08744531507789,-76.14379896835312,-76.19204651345868,-76.22949966522499,-76.25663548059366,-76.27489149953121,-76.28585605592278,-76.29098279377352,-76.2915070432669,-76.28844045869614,-76.28259426171881,-76.27461068984151,-76.26499434512931,-76.25414030299257,-76.24235810942461,-76.22989176916425,-76.21693616864198,-76.20365044051029,-76.19016876828874,-76.17660910068206,-76.1630801640614,-76.14968705020578,-76.136535599441,-76.12373582571885,-76.11140465806517,-76.0996681764639,-76.0886631365461,-76.07853654152039,-76.06943964942059,-76.06150857056836,-76.05481952631398,-76.04931568418208,-76.04476742727057,-76.04101900114327,-76.03884038941645
5.590000000000174,-76.03827035933736,-76.0913741519633,-76.14767249482182,-76.19587794438269,-76.23330272965903,-76.26042208844461,-76.27867122945172,-76.28963630443101,-76.29476912947082,-76.29530358664883,-76.29225022108295,-76.28641942411946,-76.27845282194214,-76.26885457176793,-76.25801942728393,-76.24625670120365,-76.23381022604948,-76.22087475545595,-76.20760931132114,-76.19414797403562,-76.18060858423837,-76.1670997437133,-76.15372639191715,-76.14059417796658,-76.12781287468822,-76.115499109806,-76.10377859398386,-76.09278764347091,-76.08267276215419,-76.0735846826138,-76.06565904078175,-76.05897178483676,-76.05346626247025,-76.048913814491,-76.04516055309739,-76.04297845459293
5.595000000000175,-76.04225606631276,-76.09529807458048,-76.15154112244927,-76.19970448161415,-76.23710089244922,-76.26420377497638,-76.2824460091436,-76.2934115670024,-76.29855043872507,-76.29909505978812,-76.29605486719979,-76.29023942271198,-76.28228974164348,-76.27270953663745,-76.26189323980827,-76.25014993066246,-76.23772326953507,-76.22480787727652,-76.21156266504674,-76.1981216101466,-76.18460244523065,-76.17111364763963,-76.15776000473909,-76.14464697478327,-76.13188408997017,-76.11958767740578,-76.10788307934422,-76.09690617381968,-76.08680296682829,-76.07772366714309,-76.069803438011,-76.06311795584693,-76.05761074895966,-76.05305411437578,-76.04929602665807,-76.04711044885663
5.6000000000001755,-76.04623685838361,-76.09921709311007,-76.15540486160214,-76.20352613568735,-76.24089416430091,-76.2679805510743,-76.28621584968074,-76.29718185490628,-76.302326733006,-76.30288147435851,-76.29985440892726,-76.29405426958655,-76.28612146124806,-76.27655925225568,-76.26576175330221,-76.25403781076028,-76.24163091280718,-76.2287355475216,-76.21551051534176,-76.20208969051836,-76.18859069780284,-76.17512189023665,-76.16178790332454,-76.14869400480428,-76.13594948674,-76.12367037630152,-76.11198164823985,-76.10101874353663,-76.09092717172199,-76.081856619401,-76.07394177883157,-76.0672580560643,-76.06174916046939,-76.05718834379797,-76.0534254387168,-76.05123638909902
5.605000000000176,-76.05021274541782,-76.10313121769452,-76.15926372260745,-76.20734291709559,-76.24468255587712,-76.27175242758005,-76.28998076209227,-76.30094717936589,-76.30609802373591,-76.30666284198506,-76.30364885809595,-76.29786397678195,-76.2899479930055,-76.2804037310861,-76.26962498044647,-76.2579203543989,-76.24553316899299,-76.23265777954842,-76.21945287579847,-76.2060522289834,-76.19257335603287,-76.17912448583269,-76.16581010225673,-76.15273528287113,-76.14000908009945,-76.12774722185459,-76.11607431628788,-76.10512536848634,-76.09504539293296,-76.08598355569657,-76.07807407973382,-76.07139210212192,-76.06588151373055,-76.06131651954198,-76.0575488060758,-76.05535629212217
5.610000000000177,-76.05418373724768,-76.10704045843855,-76.16311771575289,-76.21115483629151,-76.24846607779907,-76.27551941529237,-76.29374075736294,-76.30470755155885,-76.3098643222902,-76.31043917424445,-76.3074382264868,-76.30166855628589,-76.29376934911295,-76.28424298553826,-76.2734829338663,-76.26179757442316,-76.24943005116107,-76.23657458665394,-76.22338975994725,-76.21000923931057,-76.19655043393325,-76.18312144868881,-76.16982661604968,-76.15677082375417,-76.14406288507702,-76.13181822935123,-76.1201610990284,-76.10922606445435,-76.09915764647783,-76.09010449225603,-76.08220035712358,-76.07552011056696,-76.07000782538722,-76.06543865830423,-76.06166614544894,-76.05947017463951
5.615000000000178,-76.05814984366995,-76.11094482540923,-76.16696685128709,-76.21496190368742,-76.25224474064626,-76.27928152496699,-76.29749584643342,-76.3084629826174,-76.31362563999754,-76.3142104826654,-76.31122252583135,-76.30546802003533,-76.29758554171545,-76.28807702796813,-76.27733562613199,-76.2656694836213,-76.2533215723219,-76.24048598207544,-76.22732118125701,-76.21396073520559,-76.20052194545157,-76.18711279299934,-76.1738374591488,-76.16080064215325,-76.14811091662881,-76.13588341400313,-76.12424201192492,-76.1133208471476,-76.10326394829285,-76.09421944522332,-76.08632062732278,-76.07964209786122,-76.0741281119971,-76.06955477669392,-76.06577747346226,-76.06357805327652
5.620000000000179,-76.06211107444612,-76.11484432863628,-76.17081113941975,-76.21876412965541,-76.25601855495692,-76.28303876731722,-76.3012460402006,-76.31221348362871,-76.31738198814026,-76.31797677872895,-76.3150017678122,-76.30926237991692,-76.30139658290622,-76.29190587067846,-76.28118306975901,-76.26953609472528,-76.2572077454281,-76.24439197899076,-76.2312471531356,-76.21790673031138,-76.20448790447088,-76.19109853289233,-76.17784264593129,-76.16482475269811,-76.15215318963878,-76.13994279094801,-76.12831707036506,-76.11740973219526,-76.10736431423447,-76.09832843066087,-76.09043490657017,-76.083758080382,-76.07824239003197,-76.07366489123358,-76.06988280665472,-76.06767994457122
5.625000000000179,-76.06606743930277,-76.11873897811243,-76.17465059032219,-76.22256152452786,-76.25978753122823,-76.28679115301395,-76.30499134951778,-76.31595906563523,-76.32113337795477,-76.32173807386891,-76.31877596406332,-76.3130516477673,-76.30520248472718,-76.29572952591924,-76.28502527720867,-76.27339742041144,-76.26108858337506,-76.24829259051884,-76.23516768893042,-76.2218472382087,-76.20844832481025,-76.19507868242995,-76.18184219070679,-76.16884316994899,-76.15618971891955,-76.14399637525023,-76.132386289661,-76.12149273514905,-76.11145876007991,-76.1024314645501,-76.09454321102187,-76.08786807442242,-76.08235067587857,-76.07776901835994,-76.07398216147888,-76.07177586497521
5.63000000000018,-76.0700189479317,-76.12262878379357,-76.17848521412732,-76.22635409859754,-76.26355167991655,-76.2905386926862,-76.3087317851951,-76.31969973963488,-76.32487982063162,-76.325494379472,-76.32254512617033,-76.31683583537344,-76.30900325916919,-76.29954800588798,-76.28886226088834,-76.27725347330062,-76.26496409900122,-76.25218782972011,-76.23908280192862,-76.22578227241635,-76.21240322022518,-76.19905325560904,-76.18583610771765,-76.17285590839701,-76.16022051921271,-76.14804418190123,-76.13644968505018,-76.12556987148413,-76.11554730152793,-76.10652856279215,-76.0986455567521,-76.09197209619242,-76.08645298583926,-76.08186717442446,-76.07807555430163,-76.07586583085406
5.635000000000181,-76.07396560999018,-76.126513755599,-76.18231502093008,-76.2301418621179,-76.26731101143777,-76.29428139692126,-76.31246735799988,-76.32343551658158,-76.32862132731607,-76.32924570687835,-76.32630926567089,-76.32061495447302,-76.3127989181724,-76.30336132273013,-76.29269403315192,-76.2811042659587,-76.26883430508848,-76.25607770959697,-76.2429925053577,-76.22971184639192,-76.2163526044081,-76.20302226636166,-76.18982441113961,-76.17686298246485,-76.16424560518948,-76.15208622582016,-76.1405072716958,-76.12964115659939,-76.11962995419916,-76.11061974120834,-76.10274195975373,-76.09607016181914,-76.0905493361325,-76.08595937569393,-76.08216300140477,-76.07994985848815
5.640000000000182,-76.07790743510132,-76.13039390341177,-76.18614002078758,-76.2339248253034,-76.27106553616751,-76.29801927626501,-76.31619807865668,-76.32716640738533,-76.33235790910835,-76.33299206738172,-76.33006839405502,-76.32438901675472,-76.31658947362665,-76.3071694885394,-76.29652060630012,-76.28494981089699,-76.27269921436263,-76.25996224309405,-76.24689681238591,-76.23363597353196,-76.22029649098884,-76.20698572855542,-76.19380711508232,-76.18086440650723,-76.1682649914512,-76.15612252185434,-76.14455906468731,-76.13370660581825,-76.12370673363692,-76.11470501554092,-76.1068324359389,-76.1001622873478,-76.09463974289363,-76.09004563835133,-76.0862445189857,-76.08402796407314
5.6450000000001825,-76.08184443285411,-76.13426923707887,-76.18996022371958,-76.23770299832978,-76.27481526444156,-76.30175234122217,-76.31992395784788,-76.33089242291263,-76.33608957706379,-76.3367334722298,-76.33382252276546,-76.32815803385867,-76.32037493737191,-76.31097251535826,-76.30034199258094,-76.28879012057256,-76.27655883949383,-76.26384144309884,-76.25079573612264,-76.23755466717262,-76.22423489353508,-76.21094365599417,-76.19778423358963,-76.18486019481121,-76.17227869252984,-76.16015308477995,-76.14860507904115,-76.13776623438909,-76.12777765530774,-76.11878440145361,-76.11091700113977,-76.10424848874204,-76.09872422217558,-76.09412597849632,-76.09032012315812,-76.08810016372085
5.650000000000183,-76.08577661280381,-76.13813976641144,-76.19377563970845,-76.24147639133422,-76.27856020655592,-76.30548060225667,-76.32364500621374,-76.33461357398669,-76.33981634219333,-76.34046993262461,-76.33757166319793,-76.33192201737668,-76.32415532119836,-76.31477041517805,-76.30415820418995,-76.29262520738864,-76.28041319309683,-76.2677153224419,-76.25468928961885,-76.24146794059001,-76.22816782555272,-76.21489606241815,-76.20175578064034,-76.18885036159705,-76.17628672288862,-76.16417792930235,-76.15264532970107,-76.1418200574859,-76.13184273460188,-76.12285791453228,-76.11499567110899,-76.10832878188482,-76.10280278994927,-76.09820041214593,-76.09438982995256,-76.0921664734598
5.655000000000184,-76.08970398447204,-76.14200550118507,-76.19758627869959,-76.24524501441569,-76.28230037276724,-76.30920406979182,-76.32736123435276,-76.33832987138778,-76.34353821546374,-76.34420145972275,-76.34131582670149,-76.33568097885254,-76.32793063684706,-76.31856319993956,-76.30796925327074,-76.29645508369504,-76.28426228773151,-76.27158389389746,-76.25857748586755,-76.24537580700058,-76.23209530048649,-76.2188429615048,-76.20572177014843,-76.19283492101837,-76.18028909692228,-76.16819707005686,-76.15667983153891,-76.1458680902088,-76.13590198683407,-76.12692557028541,-76.11906846152031,-76.11240318257884,-76.10687546210454,-76.10226895523525,-76.09845365531727,-76.09622690923591
5.660000000000185,-76.0936265573472,-76.14586645114001,-76.20139215060165,-76.24900887763518,-76.28603577329301,-76.31292275421065,-76.33107265282202,-76.34204132585361,-76.34725520779791,-76.34792806463577,-76.34505502457885,-76.33943492978251,-76.33170089601005,-76.32235088153331,-76.3117751519152,-76.30027976178846,-76.2881061359032,-76.27544717018361,-76.26246033780411,-76.2492782795617,-76.23601733172025,-76.22278436686899,-76.20968221596364,-76.1968138871628,-76.18428582895787,-76.17221052160903,-76.1607085993549,-76.14991034758455,-76.1399554272438,-76.13098738414479,-76.12313538796931,-76.1164717065473,-76.11094225445052,-76.10633162361799,-76.10251161511856,-76.10028148691308
5.665000000000186,-76.09754434088448,-76.14972262598145,-76.20519326528681,-76.25276799101594,-76.2897664183118,-76.31663666585612,-76.33477927213738,-76.34574794807943,-76.35096733007522,-76.35164975843036,-76.3487892680867,-76.3431838816155,-76.3354661103308,-76.32613347179989,-76.315575912164,-76.304099253913,-76.29194475006315,-76.2793051639629,-76.2663378583068,-76.2531753713719,-76.23993393257749,-76.22672029206349,-76.21363713187196,-76.20078727405249,-76.18827693325498,-76.17621829845528,-76.1647316478784,-76.15394684456722,-76.14400307099618,-76.13504337146593,-76.12719646597382,-76.12053436943445,-76.11500318271636,-76.11038843306711,-76.10656372514164,-76.10433022227377
5.6700000000001864,-76.10145734450626,-76.1535740353797,-76.20898963259096,-76.2565223645438,-76.29349231796364,-76.32034581503153,-76.33848110277383,-76.34944974871844,-76.35467459313173,-76.35536655212879,-76.35251856843605,-76.34692784575347,-76.33922629140453,-76.32991098253031,-76.31937154600685,-76.30791357226032,-76.29577814260877,-76.28315788784256,-76.27021006019712,-76.25706709547143,-76.2438451163218,-76.23065075057954,-76.21758653159615,-76.20475509564443,-76.19226242400647,-76.18022041502343,-76.16874899176827,-76.15797759603865,-76.14804493318236,-76.13909354752894,-76.13125171097471,-76.1245911868061,-76.11905826255187,-76.11443939927553,-76.11061000109117,-76.10837313101986
5.675000000000187,-76.10536557760219,-76.15742068897049,-76.21278126231394,-76.26027200816728,-76.29721348235007,-76.32405021200051,-76.3421781551656,-76.35314673838198,-76.35837700776048,-76.35907845670914,-76.35624293679246,-76.35066683355171,-76.34298145077854,-76.3336834254663,-76.32316206538283,-76.31172272897017,-76.29960632588414,-76.28700535437508,-76.2740769562402,-76.26095346484261,-76.24775089615721,-76.2345757558472,-76.22153042879603,-76.20871736583118,-76.19624231533888,-76.18421688567324,-76.17276064561354,-76.162002616809,-76.15208102882008,-76.14313792753882,-76.13530113833627,-76.12864217415043,-76.12310750952814,-76.11848453785663,-76.11465045859191,-76.11241022877307
5.680000000000188,-76.1092690495296,-76.16126259635509,-76.21656816421991,-76.26401693179801,-76.30092992153467,-76.32774986698762,-76.34587043970672,-76.35683892764003,-76.36207458471199,-76.36278548310567,-76.35996238427644,-76.35440085631927,-76.34673159995249,-76.3374508123008,-76.32694748218086,-76.31552673613072,-76.3034293121803,-76.29084757605841,-76.27793855914518,-76.26483449241033,-76.25165128522873,-76.23849532123587,-76.22546883706906,-76.21267409844111,-76.20021662131286,-76.18820772469677,-76.1767666239338,-76.16602192161727,-76.15611137285424,-76.14717652662614,-76.13934476334698,-76.13268734687841,-76.12715093913802,-76.12252386434497,-76.11868511318934,-76.11644153107567
5.685000000000189,-76.11316776961354,-76.16509976710068,-76.22035034803743,-76.26775714531088,-76.30464164554307,-76.33144479017838,-76.349557966751,-76.36052632702115,-76.3657673346942,-76.36648764220895,-76.36367692196373,-76.35812992531905,-76.35047675037887,-76.34121315467812,-76.33072780823996,-76.3193256057789,-76.30724711373574,-76.29468456533647,-76.28179488156576,-76.26871019104239,-76.25554629662268,-76.24240946005462,-76.22940176995084,-76.21662530723901,-76.2041853559237,-76.19219294631901,-76.18076694117984,-76.170035525132,-76.16013598015749,-76.15120935984763,-76.14338260121993,-76.13672672032446,-76.13118856679687,-76.12655739419685,-76.12271398035023,-76.120467053391
5.69000000000019,-76.11706174714702,-76.16893221074054,-76.22412782345978,-76.27149265854426,-76.30834866436331,-76.3351349917196,-76.35324074661246,-76.36420894701305,-76.36945526837304,-76.37018494486637,-76.36738656088552,-76.36185405176836,-76.35421691346313,-76.34497046419433,-76.33450305534964,-76.32311934990076,-76.3110597427366,-76.2985163345995,-76.28564593610042,-76.27258057354986,-76.25943594336717,-76.24631818555272,-76.2333292409154,-76.2205710059265,-76.2081485331019,-76.19617256469839,-76.18476161173406,-76.17404344195147,-76.16415486553078,-76.15523644218672,-76.14741466709353,-76.14076030974701,-76.13522040784305,-76.13058514279093,-76.12673707546332,-76.12448681110425
5.69500000000019,-76.12095099139131,-76.17275993677413,-76.22790060014513,-76.27522348130036,-76.31205098794614,-76.33882048171967,-76.3569187895656,-76.36788679806273,-76.37313839637257,-76.37387740188223,-76.37109131202891,-76.36557324683908,-76.3579521005641,-76.3487227523977,-76.33827323525018,-76.32690798043183,-76.31486721131716,-76.30234289618437,-76.28949173529287,-76.27644565268761,-76.26332023843253,-76.25022151092007,-76.23725126337581,-76.22451120814249,-76.21210616671344,-76.20014659392713,-76.18875064991099,-76.17804568660449,-76.16816804370372,-76.15925778855402,-76.15144097603195,-76.14478813032905,-76.13924647753855,-76.13460712542872,-76.13075441383984,-76.1285008195229
5.700000000000191,-76.12483551157614,-76.17658295466755,-76.2316686877169,-76.27894962334527,-76.31574862620513,-76.34250127024869,-76.36059210584554,-76.37155989057675,-76.3768167292753,-76.37756502401822,-76.37479118633706,-76.36928752165804,-76.36168232299444,-76.35247003078888,-76.34203835963307,-76.33069150925745,-76.31866953156018,-76.30616426237513,-76.29333229163244,-76.28030544115461,-76.26719919473163,-76.2541194492875,-76.24116785068449,-76.22844592746362,-76.21605827056041,-76.20411504803185,-76.19273406995785,-76.18204227355088,-76.17217552933538,-76.16327341378798,-76.1554615430258,-76.14881019717882,-76.1432667910696,-76.13862335733536,-76.13476601071412,-76.13250909387729
5.705000000000192,-76.12871531689977,-76.18040127385358,-76.23543209576384,-76.28267109440944,-76.31944158901702,-76.34617736733895,-76.36426070564843,-76.37522823492155,-76.38049027762253,-76.38124782199354,-76.37848619470957,-76.37299688730727,-76.36540759202063,-76.35621231082125,-76.34579844014125,-76.33446994821321,-76.32246671549727,-76.30998044540321,-76.29716761755452,-76.28415995159438,-76.27107282512043,-76.25801201372745,-76.24507901613381,-76.23237517740482,-76.22000485838149,-76.20807794097404,-76.19671188605506,-76.18603321718192,-76.17617733701465,-76.1672833326553,-76.15947638299254,-76.15282652533021,-76.14728136354715,-76.14263385366003,-76.13877188124425,-76.13651164932153
5.710000000000193,-76.13259041652942,-76.18421490373197,-76.23919083384035,-76.2863879041877,-76.32312988622195,-76.34984878298495,-76.36792459913161,-76.37889184142368,-76.38415905191445,-76.38492580648533,-76.38217634800279,-76.37670135482436,-76.36912791886363,-76.35994960390144,-76.34955348836952,-76.33824330908514,-76.32625877510918,-76.31379145744785,-76.30099772544085,-76.28800919659538,-76.27494114239826,-76.26189921725411,-76.24898477295632,-76.23629897141957,-76.22394594385231,-76.21203528665048,-76.20068411231654,-76.19001853182084,-76.18017348126082,-76.1712875598516,-76.16348551077716,-76.15683712974348,-76.15129021000759,-76.14663862947666,-76.14277204051263,-76.14050850093366
5.7150000000001935,-76.1364608196013,-76.18802385366968,-76.24294491146668,-76.29010006233968,-76.32681352762366,-76.35351552714377,-76.37158379641389,-76.38255072037008,-76.38782306261062,-76.38859898812883,-76.38586165703,-76.38040093520273,-76.37284331469901,-76.36368192138933,-76.35330351586482,-76.34201160361022,-76.33004572232625,-76.31759731063644,-76.30482262761996,-76.29185318869142,-76.2788041593083,-76.265781072824,-76.25288513432535,-76.2402173229006,-76.227881540586,-76.21598709889382,-76.20465076279055,-76.1939982317234,-76.18416397652402,-76.17528611000192,-76.16748894115274,-76.16084202530575,-76.1552933454132,-76.15063769978443,-76.14676650352648,-76.14449966371652
5.720000000000194,-76.14032653522091,-76.19182813300105,-76.24669433812917,-76.29380757848985,-76.33049252298976,-76.35717760973529,-76.3752383075758,-76.38620488200831,-76.39148232013014,-76.39226737751768,-76.38954213256186,-76.38409563939193,-76.37655379065721,-76.36740927459861,-76.3570485341266,-76.34577484347656,-76.33382756902867,-76.321398017045,-76.30864233636751,-76.29569194036195,-76.28266188853794,-76.26965759333639,-76.2567801133554,-76.2441302451801,-76.23181166213364,-76.21993339147294,-76.20861185145984,-76.19797233107832,-76.18814883718585,-76.1792789976612,-76.17148668882082,-76.16484122683151,-76.15929078465274,-76.15463107950832,-76.15075528521854,-76.1484851525982
5.725000000000195,-76.14418757246317,-76.19562775102803,-76.25043912328042,-76.29751046222789,-76.33416688205192,-76.36083504064241,-76.37888814265987,-76.38985433654689,-76.39513683485188,-76.39593098520437,-76.39321778532654,-76.3877854782979,-76.380259357824,-76.371131674797,-76.3607885546071,-76.34953304032393,-76.33760432704693,-76.32519358869838,-76.31245686390669,-76.29952546403253,-76.28651434271927,-76.27352879163361,-76.26066972310244,-76.24803775153018,-76.23573632198455,-76.22387417809341,-76.21256739224229,-76.2019408440079,-76.19212807755981,-76.1832662373148,-76.17547876841213,-76.16883474906322,-76.16328254254204,-76.15861878349979,-76.15473840044757,-76.15246498243275
5.730000000000196,-76.1480439403727,-76.19942271702038,-76.25417927633961,-76.30120872310891,-76.33783661450626,-76.36448782971136,-76.38253331167088,-76.39349909415544,-76.39878661711481,-76.39958982170019,-76.39688862601005,-76.39147046278335,-76.38396002724069,-76.3748491332066,-76.36452358871169,-76.35328620574384,-76.34137600816204,-76.32898403757065,-76.31626622240856,-76.30335377207523,-76.2903615344293,-76.2773946805015,-76.26455397656449,-76.25193985516349,-76.23965553356699,-76.22780947239812,-76.21651739899137,-76.20590378456832,-76.19610171189188,-76.1872478433791,-76.17946519448705,-76.17282260667187,-76.1672686338245,-76.16260082653723,-76.15871586399888,-76.1564391680005
5.735000000000197,-76.15189564796393,-76.20321304021591,-76.25791480669258,-76.30490237065361,-76.34150173001336,-76.36813598675188,-76.38617382457608,-76.39713916496503,-76.40243167721825,-76.40324389747576,-76.4005546652566,-76.39515060366799,-76.38765580990442,-76.37856166100417,-76.36825364779925,-76.3570343512801,-76.34514262410602,-76.33276937558561,-76.32007042399245,-76.30717687680894,-76.29420347619052,-76.28125527266997,-76.26843288668202,-76.25583656923351,-76.24356931024847,-76.23173928796753,-76.22046188549666,-76.20986116675027,-76.20006975436091,-76.19122383020193,-76.18344598153608,-76.17680481425744,-76.17124907317175,-76.16657722332656,-76.16268769058493,-76.16040772400892
5.740000000000197,-76.15574270422142,-76.20699872982068,-76.26164572369215,-76.3085914143485,-76.3451622381986,-76.3717795215374,-76.38980969130536,-76.40077455906841,-76.40607202542212,-76.40689322296123,-76.40421591366884,-76.39882591172879,-76.39134671676851,-76.38226926932144,-76.37197874318237,-76.36077748842908,-76.34890418656207,-76.33654961461691,-76.32386948072629,-76.31099479049976,-76.29804018047113,-76.28511058081304,-76.27230646633829,-76.25972790683494,-76.24747766533619,-76.23566363832023,-76.2244008654842,-76.21381300447946,-76.20403221907922,-76.19519421206313,-76.18742114398043,-76.18078138634954,-76.17522387518402,-76.17054798850175,-76.16665389484592,-76.16437066509292
5.745000000000198,-76.1595851180999,-76.21077979500916,-76.26537203665832,-76.31227586364618,-76.34881814865241,-76.37541844380547,-76.39344092175169,-76.40440528652022,-76.4097076719472,-76.41053780854658,-76.40787238180808,-76.4024963977004,-76.39503275874272,-76.38597196924545,-76.37569888612778,-76.36451562863994,-76.35266070716507,-76.34032476648855,-76.32766340462702,-76.31480752536149,-76.30187165968566,-76.28896061754962,-76.27617472835973,-76.2636138810042,-76.2513806120775,-76.23958253691342,-76.22833435261703,-76.2177593116169,-76.20798912009305,-76.19915900317504,-76.19139069617255,-76.18475233740786,-76.17919305439082,-76.17451313662541,-76.17061449135028,-76.16832800581555
5.750000000000199,-76.16342289852464,-76.21455624492452,-76.26909375487848,-76.31595572796559,-76.35246947093052,-76.37905276325777,-76.39706752577119,-76.40803135733732,-76.41333862697545,-76.41417766458177,-76.4115240801946,-76.40616207227528,-76.39871394669353,-76.38966977181877,-76.3794140878566,-76.36824878331505,-76.35641219750178,-76.3440948429752,-76.3314522076608,-76.31861509355575,-76.30569792619502,-76.29280539544364,-76.28003768551642,-76.26749450471983,-76.25527816366026,-76.24349599714324,-76.23226236049564,-76.22170010195964,-76.21194047138303,-76.203118217683,-76.1953546523966,-76.18871768182277,-76.18315662525139,-76.17847268218927,-76.17456949459523,-76.17227976066854
5.7550000000002,-76.16725605439139,-76.2183280886787,-76.27281088760756,-76.31963101669209,-76.35611621455404,-76.38268248956051,-76.40068951318344,-76.41165278149896,-76.41696490065011,-76.41781280137712,-76.4151710193079,-76.40982294610399,-76.40239029144448,-76.39336268803994,-76.38312435954467,-76.37197696381037,-76.3601586691113,-76.34785985580251,-76.33523590174363,-76.32241750719255,-76.30951899230719,-76.29664492700462,-76.28389535052256,-76.27136979090297,-76.25917033321346,-76.24740403234539,-76.23618490265845,-76.22563538924099,-76.21588628686473,-76.20707186966587,-76.19931302686891,-76.19267743391568,-76.18711460215532,-76.18242663961483,-76.17851891900746,-76.17622594407284
5.7600000000002005,-76.1710845945669,-76.22209533535279,-76.27652344406832,-76.32330173917777,-76.35975838900981,-76.38630763234457,-76.40430689377169,-76.41526956894705,-76.42058650307608,-76.42144322920355,-76.41881320958709,-76.41347902979557,-76.40606180377644,-76.39705072886365,-76.38682971232281,-76.37570018143556,-76.36390013348523,-76.35161981664743,-76.33901449874139,-76.32621477833061,-76.31333487027743,-76.30047922468792,-76.2877477360367,-76.27523975241758,-76.2630571338074,-76.25130665579537,-76.24010199258221,-76.22956518713117,-76.21982658038903,-76.21101997313643,-76.20326583373867,-76.19663160793978,-76.19106699942297,-76.18637502325376,-76.1824627789433,-76.18016657037899
5.765000000000201,-76.17490852788886,-76.22585799399711,-76.28023143345152,-76.32696790474172,-76.36339600375068,-76.38992820120576,-76.40791967728315,-76.41888172958642,-76.42420344432023,-76.42506895829277,-76.42245066143096,-76.41713033391781,-76.40972849442784,-76.40073390520102,-76.3905301572772,-76.37941844745447,-76.36763660206817,-76.35537473713863,-76.34278801047046,-76.33000691897772,-76.31714557230866,-76.30430830089514,-76.29159485466226,-76.27910440207103,-76.26693857845424,-76.25520388070908,-76.24401364368252,-76.23348950923771,-76.22376136574272,-76.21496254204207,-76.20721308708826,-76.20058021808045,-76.19501383130616,-76.1903178473885,-76.18640108868969,-76.1841016538679
5.770000000000202,-76.17872786316612,-76.22961607363135,-76.28393486491612,-76.33062952267007,-76.36702906819549,-76.39354420570498,-76.41152787342914,-76.42248927328501,-76.42781573441141,-76.42868999883757,-76.42608338519838,-76.42077686899736,-76.41339037409497,-76.40441222791998,-76.39422570544961,-76.38313177308542,-76.37136808625793,-76.35912462885675,-76.34655644869784,-76.33379394109096,-76.32095111055183,-76.30813216797462,-76.2954367189479,-76.28296375261448,-76.27081468010849,-76.25909572024308,-76.24791986931416,-76.23740836910588,-76.22769065664889,-76.21889959026504,-76.21115480093376,-76.2045232784556,-76.19895511198831,-76.19425512623278,-76.19033386246446,-76.18803120875131
5.775000000000203,-76.18254260917897,-76.23336958324492,-76.2876337475895,-76.3342866022164,-76.37065759172953,-76.39715565536856,-76.41513149188535,-76.42609220987421,-76.43142338334098,-76.43230636099223,-76.42971139120856,-76.4244186455202,-76.4170474534324,-76.4080857078455,-76.39791636783778,-76.38684016950151,-76.3750945974059,-76.36286950333476,-76.35031982514168,-76.3375758565773,-76.32475149710632,-76.31195083822162,-76.29927334138773,-76.28681781674317,-76.27468545166724,-76.26298218749518,-76.25182068277167,-76.24132178021915,-76.23161446676738,-76.22283113162305,-76.21509098922552,-76.2084608031165,-76.20289085558548,-76.1981868739321,-76.19426111441683,-76.1919552491722
5.780000000000204,-76.18635277467922,-76.23711853179711,-76.29132809056765,-76.33793915260179,-76.37428158370462,-76.40076255968842,-76.41873054229211,-76.42969054914897,-76.43502640106284,-76.43591805487243,-76.43333468974122,-76.42805567393184,-76.42069974305304,-76.41175435575992,-76.40160215539565,-76.3905436478308,-76.3788161468173,-76.36660937205829,-76.35407815147144,-76.34135267729371,-76.3285467440203,-76.31576432387888,-76.30310473442212,-76.290666607097,-76.27855090597079,-76.26686329550488,-76.25571609728968,-76.2452297559997,-76.23553280969539,-76.22675717986976,-76.21902166584856,-76.21239280604799,-76.20682107614643,-76.20211310456425,-76.19818285862804,-76.19587378920541
5.785000000000204,-76.1901583683905,-76.2408629282171,-76.29501790291535,-76.34158718301506,-76.37790105343937,-76.40436492812225,-76.42232503425457,-76.43328430086811,-76.43862479749374,-76.43952509055585,-76.43695329103691,-76.43168796463748,-76.4243472535285,-76.41541818240319,-76.40528307903368,-76.39424221915685,-76.38253274575163,-76.37034424646596,-76.35783143930836,-76.34512441504766,-76.33233686329102,-76.31957263713689,-76.30693091043759,-76.29451013626074,-76.2824110558028,-76.27073905725352,-76.25960612604341,-76.2491323098088,-76.23944569896771,-76.2306777486952,-76.22294684462315,-76.21631930116915,-76.21074578765338,-76.20603383213985,-76.20209910911183,-76.1997868428581
5.790000000000205,-76.19395939900828,-76.24460278140438,-76.29870319366638,-76.34523070261307,-76.38151601021943,-76.40796277009377,-76.42591497734296,-76.43687347475455,-76.44221858251356,-76.44312747808219,-76.44056720529733,-76.43531552800245,-76.42798999538948,-76.41907719847319,-76.40895914961912,-76.39793589451881,-76.3862444054228,-76.37407413794969,-76.36157970022576,-76.34889108159742,-76.33612186686527,-76.32337579013426,-76.3107518817675,-76.29834841676453,-76.28626591389094,-76.2746094856651,-76.26349078214903,-76.25302945494727,-76.24335314805734,-76.23459285172628,-76.22686653930522,-76.22024030233369,-76.21466500402236,-76.20994907060285,-76.20600987981487,-76.20369442407038
5.795000000000206,-76.1977558752002,-76.24833810022886,-76.3023839718238,-76.34886972052082,-76.38512646329752,-76.41155609499302,-76.42950038109275,-76.44045808049549,-76.44580776596551,-76.44672522745351,-76.44417644268545,-76.43893837435238,-76.43162797912589,-76.42273141462596,-76.41263037797631,-76.40162468491177,-76.38995113699954,-76.37779905785496,-76.36532294574931,-76.35265268865237,-76.33990176663964,-76.32717379495813,-76.31456766069238,-76.30218146108423,-76.29011549290713,-76.27847459360633,-76.2673700786642,-76.25692120465592,-76.24725517037591,-76.2385025025272,-76.23078076358681,-76.22415582333048,-76.21857873910379,-76.213858833831,-76.20991518461744,-76.20759654671562
5.800000000000207,-76.20154780560614,-76.25206889353099,-76.30606024635999,-76.3525042458317,-76.38873242189392,-76.4151449121764,-76.433081255005,-76.44403812774276,-76.44939235765641,-76.45031834863453,-76.44778101332587,-76.44255651397346,-76.43526121518717,-76.42638084147602,-76.41629677488696,-76.40530860128717,-76.3936529516058,-76.38151901748131,-76.36906118735746,-76.35640924787334,-76.3436765744609,-76.33096666364447,-76.3183782594402,-76.30600928164182,-76.293959805468,-76.28233439388723,-76.27124402858834,-76.26080757211604,-76.25115177927412,-76.24240671459995,-76.23468953109662,-76.22806587788403,-76.222487006683,-76.2177631356364,-76.21381503733373,-76.21149322460114
5.8050000000002075,-76.20533519883847,-76.25579517012201,-76.30973202621692,-76.35613428760765,-76.39233389519647,-76.41872923096705,-76.43665760854644,-76.44761362611285,-76.45297236735681,-76.45390685155267,-76.45138092730498,-76.44616995711267,-76.43888971398255,-76.43002548959666,-76.41995835109053,-76.40898765455299,-76.39734986032084,-76.38523402808242,-76.37279443648167,-76.36016077087307,-76.34744630212636,-76.33475440817845,-76.32218369018676,-76.3098318908057,-76.29779886413525,-76.28618889926152,-76.27511264486321,-76.26468857044972,-76.2550429880422,-76.24630550138477,-76.23859285540046,-76.23197047965496,-76.22638982048053,-76.22166198976586,-76.21770945171244,-76.21538447146852
5.810000000000208,-76.20911806348212,-76.25951693878416,-76.3133993203064,-76.35975985487939,-76.39593089236077,-76.42230906065494,-76.44022945114969,-76.4511845851873,-76.45654780480135,-76.45749074609853,-76.45497619467129,-76.44977871397809,-76.44251348588132,-76.43366536952017,-76.42361511728431,-76.41266185557403,-76.4010418741797,-76.38894410086657,-76.37652270450674,-76.36390726921626,-76.3512109613842,-76.33853704049487,-76.32598396505621,-76.31364930089126,-76.30163268141608,-76.29003812242695,-76.27897594037314,-76.26856421272036,-76.25892880991026,-76.25019887626058,-76.24249075000165,-76.23586964224046,-76.23028719415288,-76.22555540990159,-76.22159844143725,-76.21927030099435
5.815000000000209,-76.2128964080949,-76.26323420827077,-76.31706213751015,-76.36338095664658,-76.39952342251051,-76.42588441049718,-76.44379679221363,-76.45475101451291,-76.46011867968893,-76.46107004212595,-76.45856682543562,-76.45338279473921,-76.4461325412131,-76.4373004917381,-76.42726708412387,-76.41633121517216,-76.40472900417335,-76.39264924699691,-76.38024600277119,-76.3676487544202,-76.35497056393379,-76.34231457247836,-76.32977909612121,-76.31746152416106,-76.3054612697636,-76.29388207602581,-76.28283392794563,-76.27243451193306,-76.26280925804882,-76.25408685254546,-76.2463832283415,-76.23976337917475,-76.23417914129271,-76.2294434096615,-76.22548202012732,-76.22315072679041
5.82000000000021,-76.21667024120755,-76.26694698730653,-76.32072048668007,-76.36699760187807,-76.40311149473756,-76.4294552897181,-76.44735964110345,-76.45831292360184,-76.46368500168296,-76.46464474945233,-76.46215282957137,-76.45698220952698,-76.44974689026807,-76.44093086670154,-76.43091426222328,-76.41999574412682,-76.40841126124919,-76.39634947759177,-76.38396434256755,-76.37138523795497,-76.35872512142605,-76.34608701596389,-76.33356909540339,-76.32126857282528,-76.30928464157702,-76.29772077264518,-76.28668662035162,-76.27629948103508,-76.26668434556923,-76.25796944349703,-76.25027030379988,-76.2436517039296,-76.23806567542958,-76.23332600259977,-76.22936020133774,-76.2270257624044
5.825000000000211,-76.22043957132395,-76.27065528458759,-76.32437437663839,-76.37060979951207,-76.40669511810222,-76.43302170750962,-76.45091800715095,-76.46187032193194,-76.4672467804115,-76.46821487785887,-76.46573421701473,-76.46057696843424,-76.45335654329729,-76.44455650482146,-76.43455666215537,-76.42365545317504,-76.41208865631117,-76.40004480372494,-76.38767773514262,-76.3751167312437,-76.36247464546383,-76.34985438273704,-76.33735397487371,-76.3250704590421,-76.31310280920238,-76.30155422481748,-76.29053403030596,-76.28015913291618,-76.27055408552405,-76.2618466623129,-76.25415198969542,-76.24753462991468,-76.24194681003013,-76.23720320220728,-76.23323299856003,-76.23089542132027
5.8300000000002115,-76.22420440692129,-76.27435910878181,-76.32802381617792,-76.3742175584563,-76.41027430163344,-76.43658367303131,-76.45447189965468,-76.46542321894692,-76.47080402546766,-76.47178043709069,-76.46931099766495,-76.46416708151591,-76.45696151051287,-76.44817741646887,-76.43819429445202,-76.42731035301186,-76.4157612002201,-76.40373523642597,-76.39138619169782,-76.37884324566298,-76.3662191476021,-76.35361668453424,-76.34113374645277,-76.32886719491802,-76.31691578493258,-76.30538244502073,-76.29437617046781,-76.2840134804091,-76.27441849090759,-76.26571852213127,-76.25802829928624,-76.25141217047822,-76.24582255849884,-76.24107502191215,-76.23710042522268,-76.2347597169588
5.835000000000212,-76.22796475645018,-76.27805846852888,-76.33166881406208,-76.37782088758823,-76.41384905432892,-76.44014119541069,-76.45802132788025,-76.46897162405665,-76.47435674640963,-76.47534143685724,-76.4728831813846,-76.46775255878927,-76.46056180208828,-76.45179361197516,-76.44182716960445,-76.4309604542906,-76.41942890379403,-76.40742078668049,-76.39508972338955,-76.38256479254315,-76.36995863934843,-76.3573739330434,-76.34490842201119,-76.33265879250827,-76.32072358100793,-76.30920544567897,-76.29821305344099,-76.28786253628995,-76.2782775746561,-76.26958503603103,-76.26189924577018,-76.25528433890713,-76.2496929341782,-76.24494147508008,-76.2409624946914,-76.238618662678
5.840000000000213,-76.23172062833493,-76.28175337244052,-76.33530937902522,-76.38141979575524,-76.41741938515541,-76.44369428374331,-76.46156630106042,-76.47251554663715,-76.47790495276102,-76.47889788683236,-76.47645077799973,-76.47133341023411,-76.46415742815854,-76.45540510163224,-76.44545529806345,-76.43460576762315,-76.42309177780845,-76.41110146543049,-76.39878834132936,-76.38628138316862,-76.37369313216321,-76.3611261399039,-76.34867801336996,-76.33644526381713,-76.32452620961651,-76.31302323916267,-76.3020446917744,-76.2917063132786,-76.28213134964848,-76.27344621703256,-76.2657648422854,-76.25915114842782,-76.25355795034949,-76.24880257501496,-76.24481922026989,-76.2424722717736
5.845000000000214,-76.23547203097354,-76.2854438291006,-76.33894551977282,-76.3850142917748,-76.42098530304885,-76.44724294709309,-76.46510682839538,-76.47605499603114,-76.48144865401103,-76.48244979665463,-76.48001379730019,-76.47490964579306,-76.46774839882062,-76.45901189569295,-76.4490786902396,-76.43824630358013,-76.4267498329966,-76.41477728357467,-76.4024820565844,-76.38999302877816,-76.37742263746007,-76.36487331670708,-76.35244253230078,-76.34022662079826,-76.32832368289449,-76.31683583778916,-76.30587109796247,-76.29554482403908,-76.28597982870647,-76.27730207809785,-76.26962510191062,-76.26301261220638,-76.25741762023287,-76.2526583349592,-76.24867061520004,-76.2463205574795
5.850000000000215,-76.23921897273806,-76.28912984706545,-76.34257724498151,-76.38860438443469,-76.42454681691451,-76.45078719449243,-76.46864291905295,-76.4795899815479,-76.48498785961473,-76.48599717592754,-76.48357224903972,-76.47848127537178,-76.47133472413346,-76.46261400437125,-76.45269735650372,-76.44188207269131,-76.43040308004979,-76.4184482519686,-76.40617088017765,-76.39369974056522,-76.3811471666061,-76.36861547499663,-76.35620199052632,-76.34400287535516,-76.3321160129265,-76.32064325382282,-76.3096922844454,-76.29937808118004,-76.28982302459514,-76.28115263213111,-76.27348003766576,-76.26686874334915,-76.26127195698811,-76.25650876809429,-76.25251669266254,-76.25016353296827
5.855000000000215,-76.24296146197467,-76.29281143486389,-76.34620456329944,-76.39219008249316,-76.42810393562729,-76.45432703494238,-76.47217458216876,-76.48312051246371,-76.48852257899316,-76.48954003421963,-76.48712614293639,-76.48204830883923,-76.47491641411843,-76.46621143784239,-76.45631130718687,-76.4455130854458,-76.43405152961756,-76.42211438142513,-76.40985482308815,-76.39740152967829,-76.38486673092218,-76.37235262626886,-76.35995639972074,-76.34777403934145,-76.3359032117461,-76.32444549947566,-76.31350826360973,-76.30320609725509,-76.2936609500233,-76.28499789197907,-76.2773296625122,-76.27071955490305,-76.26512097371494,-76.26035388754113,-76.25635746577728,-76.2540012113515
5.860000000000216,-76.24669950700371,-76.29648860099742,-76.34982748334626,-76.3957713946791,-76.43165666803188,-76.45786247741297,-76.47570182684646,-76.486646598022,-76.49205282153362,-76.49307838106486,-76.49067548867262,-76.48561075602785,-76.47849347875938,-76.4698042062433,-76.4599205525808,-76.44913935229232,-76.43769519230811,-76.42577568271463,-76.41353389625145,-76.40109840722104,-76.38858134168336,-76.37608478197299,-76.36370577150988,-76.35154012456114,-76.33968529133588,-76.32824258690752,-76.31731904778856,-76.3070288847631,-76.29749361764388,-76.28883787043154,-76.28117398935333,-76.27456505985616,-76.26896468345343,-76.26419370636062,-76.26019294760377,-76.25783360568039
5.865000000000217,-76.25043311611999,-76.30016135394037,-76.35344601371338,-76.39934832969219,-76.4352050229428,-76.46139353084324,-76.47922466215783,-76.49016824743352,-76.4955785965899,-76.49661222596276,-76.49422029589559,-76.48916862673387,-76.48206592800305,-76.47339231967271,-76.46352510293815,-76.45276088363947,-76.44133407868846,-76.42943216656522,-76.41720811055973,-76.40479038425288,-76.39229101011918,-76.37981195351148,-76.36745011747155,-76.35530114276908,-76.34346226362814,-76.33203452822661,-76.32112464926198,-76.3108464561488,-76.3013210400544,-76.29267258022166,-76.28501303103494,-76.27840527113803,-76.27280309918454,-76.26802823755396,-76.26402315114166,-76.26166072894614
5.870000000000218,-76.2541622975929,-76.3038297021402,-76.35706016296423,-76.40292089620317,-76.43874900914484,-76.46492020414152,-76.4827430971432,-76.49368546987654,-76.49909991348247,-76.50014157837865,-76.49776057421725,-76.4927219307175,-76.48563377175921,-76.47697578819154,-76.46712496847269,-76.45637768985604,-76.44496819928474,-76.43308384366318,-76.42087747686224,-76.408477471789,-76.39599574741386,-76.38353415224043,-76.371189449136,-76.35905710567133,-76.34723414050495,-76.33582133548971,-76.32492508025753,-76.31465882380303,-76.30514322979725,-76.29650203402637,-76.28884680034548,-76.28224020162006,-76.27663623383037,-76.27185749406317,-76.2678480893311,-76.26548259408038
5.8750000000002185,-76.25788705966657,-76.30749365401749,-76.3606699396343,-76.40648910285394,-76.44228863539297,-76.4684425061856,-76.4862571408114,-76.4971982744971,-76.50261678149863,-76.50366644774377,-76.50129633321475,-76.49627067770308,-76.48919701990093,-76.480554621823,-76.47072015935957,-76.45998978127118,-76.44859756458254,-76.4367307246531,-76.42454200596549,-76.41215968080081,-76.3996955647067,-76.38725138946978,-76.37492377798624,-76.36280802492533,-76.35100093379872,-76.3396030207026,-76.32872035295038,-76.31846600006305,-76.30896019936014,-76.30032624446683,-76.29267531001673,-76.28606986411613,-76.28046410025482,-76.27568148877147,-76.27166777505325,-76.26929921395556
5.880000000000219,-76.26160741056002,-76.3111532179662,-76.3642753522314,-76.41005295825776,-76.44582391041276,-76.47196044582286,-76.4897668021401,-76.5007066704092,-76.50612920989278,-76.50718684345568,-76.50482758243055,-76.4998148773795,-76.49275568226473,-76.48412883055288,-76.4743106857356,-76.46359716817473,-76.45222218502707,-76.4403728201382,-76.42820170863358,-76.41583702221628,-76.40339047309239,-76.3909636764637,-76.3786531154582,-76.36655391214043,-76.35476265529238,-76.34337959582037,-76.3325104794639,-76.32226799721312,-76.31277196117652,-76.3041452241088,-76.29649857272398,-76.28989427138283,-76.28428671126389,-76.27950023450381,-76.27548222113066,-76.27311060138544
5.88500000000022,-76.26532335846727,-76.31480840235379,-76.36787640923572,-76.41361247099945,-76.44935484290039,-76.47547403187056,-76.49327209007589,-76.5042106666949,-76.50963720788656,-76.51070277487827,-76.50835433137266,-76.50335453940023,-76.49630976865099,-76.48769842432984,-76.47789655769945,-76.46719986081739,-76.45584207102344,-76.44401014068058,-76.43185659558841,-76.41950950692002,-76.40708048362121,-76.3946710244409,-76.38237747294126,-76.3702947788781,-76.35851931671982,-76.34715107274789,-76.33629547186992,-76.3260648274847,-76.31657852762592,-76.30795898546306,-76.30031660108666,-76.2937134361199,-76.28810407960606,-76.28331374402718,-76.2792914403277,-76.27691676912562
5.890000000000221,-76.26903491155757,-76.31845921552144,-76.37147311910013,-76.41716764963546,-76.45288144152289,-76.478983273116,-76.49677301353461,-76.50771027240468,-76.51314078466916,-76.5142142513421,-76.51187658951477,-76.50688967338365,-76.49985928882401,-76.4912634130656,-76.48147778531195,-76.47079786941111,-76.45945723293701,-76.4476426968016,-76.43550667751009,-76.4231771457538,-76.41076560729948,-76.39837344457486,-76.38609686177833,-76.37403063665224,-76.3622709297662,-76.35091746334005,-76.34007534218902,-76.32985650305689,-76.32037991103435,-76.31176754098578,-76.3041294076685,-76.29752737097073,-76.29191621797278,-76.28712203005112,-76.28309544535105,-76.28071772987373
5.895000000000222,-76.2727420779754,-76.32210566578405,-76.37506549025017,-76.42071850269416,-76.45640371491835,-76.4824881783166,-76.50026958140143,-76.51120549655747,-76.51663994939743,-76.51772128214455,-76.51539436629663,-76.51042028891318,-76.5034042525123,-76.49482380663518,-76.48505437859627,-76.47439120412923,-76.4630676810935,-76.45127049898197,-76.43915196503707,-76.42683994951668,-76.4144458550897,-76.40207094799423,-76.38981129326639,-76.37776149692957,-76.36601750606826,-76.35467877940215,-76.34385010239112,-76.3336430360568,-76.32417612367468,-76.31557090307884,-76.30793700497804,-76.3013360885226,-76.29572313899891,-76.29092510522804,-76.28689424885002,-76.28451349627004
5.900000000000222,-76.2764448658408,-76.32574776143062,-76.37865353108437,-76.42426503867593,-76.459921671696,-76.48598875620017,-76.50376180253107,-76.51469634814099,-76.52013471119612,-76.52122387655004,-76.5189076711242,-76.51394639553766,-76.50694466940885,-76.49837961487712,-76.48862634753826,-76.47797987510681,-76.46667342577945,-76.4548935576622,-76.44279246876658,-76.43049792896537,-76.41812123791098,-76.40576354578313,-76.39352077865674,-76.38148737112998,-76.36975905721474,-76.35843503269017,-76.34761976439552,-76.33742443855992,-76.32796717776696,-76.31936908409037,-76.31173940546915,-76.30513960130729,-76.29952485526294,-76.29472298215369,-76.29068786341708,-76.28830408089787
5.905000000000223,-76.28014328324943,-76.32938551072421,-76.3822372499744,-76.42780726605338,-76.46343532043649,-76.48948501546512,-76.50724968574795,-76.51818283611182,-76.52362507915802,-76.52472204379029,-76.52241651336976,-76.51746800277141,-76.51048054917123,-76.50193084759377,-76.49219370208654,-76.48156389244073,-76.47027447724228,-76.45851188324268,-76.4464281992547,-76.43415109481454,-76.42179176663923,-76.40945124898133,-76.39722532915523,-76.38520827062682,-76.37349559474661,-76.36218623491122,-76.35138434007152,-76.34120072259046,-76.33175308547894,-76.32316209631502,-76.31553662154121,-76.3089379218014,-76.30332137928774,-76.29851567336767,-76.29447630158819,-76.29208949628394
5.910000000000224,-76.28383733827268,-76.33301892190222,-76.38581665526513,-76.43134519327148,-76.46694466969197,-76.49297696478054,-76.51073323984649,-76.52166496939569,-76.52711106234425,-76.52821579306439,-76.52592090237223,-76.5209851200945,-76.51401190142201,-76.50547751455143,-76.4957564521529,-76.48514326619012,-76.47387084569061,-76.4621254860841,-76.45005916701676,-76.43779945773699,-76.42545745210752,-76.41313406858465,-76.4009249559226,-76.3889242067471,-76.37722713015742,-76.36593239772384,-76.35514384123863,-76.34497190012168,-76.33553385892624,-76.32694995199437,-76.31932866553957,-76.31273106242664,-76.3071127235406,-76.30230319135366,-76.29825957584319,-76.29586975489879
5.915000000000225,-76.28752703895783,-76.33664800317649,-76.38939175527486,-76.43487882874776,-76.47044972798635,-76.49646461278641,-76.5142124735911,-76.52514275688755,-76.53059266978431,-76.5317051335391,-76.52942084743736,-76.52449775695295,-76.51753873574879,-76.50901962548065,-76.49931460761242,-76.48871800637649,-76.47746254129461,-76.4657343765076,-76.45368538252765,-76.44144302836398,-76.42911830510627,-76.4168120155453,-76.40461967007487,-76.392635190772,-76.38095367489365,-76.3696735327383,-76.35889827966695,-76.34873798307629,-76.33930951017288,-76.33073266331726,-76.32311554975601,-76.31651903555029,-76.31089890043386,-76.30608554853993,-76.30203769860634,-76.29964486915718
5.9200000000002255,-76.29121239332824,-76.34027276273338,-76.39296255829545,-76.43840818087241,-76.47395050381539,-76.49994796809382,-76.51768739571656,-76.52861620745188,-76.53406991047649,-76.53519007434903,-76.53291635783789,-76.52800592275902,-76.52106106170447,-76.51255719007645,-76.50286817830374,-76.492288122984,-76.48104957418607,-76.46933856479511,-76.45730685622198,-76.44508181728557,-76.43277433638366,-76.42048510077205,-76.40830948268349,-76.39634123393705,-76.38467524035504,-76.37340965151698,-76.36264766707754,-76.3524989833269,-76.34308005123154,-76.33451024242028,-76.32689728642899,-76.32030185348572,-76.3146799223252,-76.30986275729968,-76.30581068224657,-76.30341485141854
5.925000000000226,-76.2948934093834,-76.34389320873409,-76.3965290725925,-76.44193325800849,-76.47744700564687,-76.50342703928514,-76.52115801492805,-76.53208532992278,-76.53754279338786,-76.53867062459688,-76.53640744281377,-76.5315096268913,-76.52457888880754,-76.51609021799847,-76.50641717402931,-76.49585362595971,-76.4846319544588,-76.47293806118955,-76.46092359849432,-76.44871583505079,-76.43642555664583,-76.42415333513064,-76.41199440477581,-76.40004234743245,-76.38839183789484,-76.37714076557462,-76.36639201514267,-76.35625491269607,-76.34684549406397,-76.33828270138797,-76.33067388774418,-76.32407952849256,-76.3184558015181,-76.31363482995152,-76.30957853907802,-76.30717971398742
5.930000000000227,-76.29857009509921,-76.34750934931463,-76.40009130640547,-76.44545406849208,-76.48093924192086,-76.5069018349141,-76.5246243399014,-76.5355501331042,-76.54101132745451,-76.54214679335345,-76.5398941115724,-76.535008878695,-76.52809222654224,-76.5196187188713,-76.50996160455554,-76.49941452521374,-76.48820969216875,-76.47653287589503,-76.46453561969966,-76.45234509216795,-76.44007197655709,-76.42781672944386,-76.41567444733522,-76.40373854240345,-76.39210347882026,-76.38086688637874,-76.37013133548629,-76.36000578295705,-76.35060585058139,-76.34205005225337,-76.33444536583474,-76.32785207277723,-76.32222655026216,-76.31740177875983,-76.31334128136027,-76.31093946911369
5.935000000000228,-76.30224245842797,-76.3511211925861,-76.40364926794787,-76.44897062063245,-76.48442722104973,-76.51037236350605,-76.52808637928325,-76.53901062577015,-76.5444755215818,-76.5456185896581,-76.54337637328878,-76.53850368748208,-76.53160108435874,-76.52314270228463,-76.51350147961321,-76.50297083061965,-76.49178279733437,-76.48012301907728,-76.46814293015336,-76.45596959910489,-76.44371360674039,-76.43147529449212,-76.41934962130158,-76.4074298299506,-76.39581017439264,-76.38458802534993,-76.3738656396842,-76.36375160583374,-76.35436113264468,-76.3458123069982,-76.33821173278164,-76.33161949849324,-76.32599218075353,-76.32116361593506,-76.31709892129889,-76.31469412899317
5.940000000000229,-76.30591050729852,-76.35472874663478,-76.40720296540738,-76.45248292271219,-76.4879109514184,-76.51383863355808,-76.53154414169119,-76.54246681666471,-76.54793538464448,-76.54908602251875,-76.54685423710572,-76.54199406253157,-76.53510547167342,-76.52666217779347,-76.51703680889746,-76.50652255201454,-76.49535127993674,-76.4837085008637,-76.47174554013175,-76.45958936628935,-76.44735045777743,-76.43512904101354,-76.42301993757131,-76.41111622113,-76.39951193582782,-76.38830419386214,-76.3775949392645,-76.36749239300136,-76.35811135206485,-76.34956947755336,-76.34197300061415,-76.3353818177416,-76.32975270513528,-76.32492035363427,-76.32085147104577,-76.31844370576785
5.945000000000229,-76.30957424961655,-76.35833201952218,-76.41075240694603,-76.45599098298739,-76.49139044138454,-76.5173006535392,-76.53499763571398,-76.54591871450253,-76.5513909254869,-76.55254910091217,-76.55032771213409,-76.54548001308972,-76.53860539786902,-76.53017715491842,-76.52056760206816,-76.51006969919936,-76.49891514991994,-76.4872893313437,-76.47534345987205,-76.46320440410904,-76.45098254020897,-76.43877797970424,-76.42668540699798,-76.41479772695372,-76.40320877429643,-76.39201540324302,-76.38131924570796,-76.37122815608656,-76.36185652060351,-76.35332157579926,-76.34572918131012,-76.33913904257123,-76.33350813549781,-76.32867200396139,-76.32459894269947,-76.3221882115264
5.95000000000023,-76.31323369326452,-76.36193101928536,-76.41429760070031,-76.4594948096878,-76.49486569927863,-76.52075843189056,-76.53844686991174,-76.54936632796866,-76.55484215292321,-76.55600783378408,-76.5537968074529,-76.5489615483701,-76.54210087229492,-76.53368764314577,-76.52409386875011,-76.51361228193909,-76.50247441719115,-76.490865520569,-76.47893669957294,-76.46681472291205,-76.45460986453512,-76.4424221212188,-76.43034604039237,-76.41847435838999,-76.4069007009243,-76.39572166477426,-76.38503857044817,-76.37495890666784,-76.36559664997291,-76.35706861356604,-76.34948028679638,-76.34289118497924,-76.33725848387914,-76.33241857896765,-76.32834134830568,-76.32592765830444
5.955000000000231,-76.31688884610195,-76.36552575393702,-76.41783855478133,-76.46299441101691,-76.49833673340419,-76.52421197702552,-76.54189185281605,-76.55280966571894,-76.55828907573749,-76.5594622300494,-76.55726153210964,-76.55243867755395,-76.54559190426728,-76.53719365192786,-76.52761561853322,-76.51715030996301,-76.50602909162096,-76.49443707855372,-76.48252526939451,-76.4704203330071,-76.45823244121561,-76.44606147617024,-76.43400184852278,-76.42214612636359,-76.41058772679258,-76.39942298969187,-76.38875292487201,-76.37868465627587,-76.36933175183653,-76.36081060263416,-76.35322632894913,-76.34663825691138,-76.34100376226537,-76.33616009065197,-76.33207869985753,-76.32966205808502
5.960000000000232,-76.32053971596541,-76.36911623146548,-76.42137527727502,-76.46648979515221,-76.50180355203791,-76.52766129732986,-76.54533259293015,-76.55624873638013,-76.561731702684,-76.56291229859245,-76.56072189512031,-76.5559114097903,-76.54907850306923,-76.54069519068321,-76.5311328609728,-76.52068379296486,-76.50957918304357,-76.49800401527473,-76.48610917945874,-76.47402124466367,-76.46185028067003,-76.44969605513046,-76.43765284211537,-76.425813041756,-76.41426986293818,-76.40311938918649,-76.39246232031994,-76.38240541639391,-76.37306183780933,-76.36454755473454,-76.35696731959418,-76.3503802702623,-76.34474398259101,-76.33989655096131,-76.33581100929597,-76.3333914227989
5.965000000000233,-76.32418631066875,-76.37270245983504,-76.4249077762422,-76.4699809702453,-76.5052661634298,-76.53110640116196,-76.5487690987291,-76.55968354855001,-76.56517004248728,-76.56635804826706,-76.56417790546973,-76.55937975419617,-76.55256067795109,-76.54419226879669,-76.5346456055897,-76.52421274060309,-76.51312470125704,-76.50156634067189,-76.4896884398496,-76.47761746811241,-76.46546339327813,-76.4533258686306,-76.44129903185443,-76.42947511540586,-76.41794712035403,-76.4068108744037,-76.39616676808625,-76.38612119845791,-76.37678691945807,-76.368279481549,-76.36070327050741,-76.35411723687608,-76.34847915673936,-76.34362797179107,-76.3395382885102,-76.33711576432502
5.970000000000233,-76.32782863800323,-76.37628444698599,-76.42843605971876,-76.47346794442198,-76.50872457580337,-76.53454729685294,-76.55220137865999,-76.56311411079764,-76.56860410384236,-76.56979948789684,-76.56762957211174,-76.56284371985682,-76.5560384381307,-76.5476848956198,-76.53815386187051,-76.52773716250117,-76.51666565602353,-76.50512406464821,-76.4932630606134,-76.48120901354532,-76.46907178937997,-76.45695092716112,-76.44494042838262,-76.43313235810909,-76.42161950998936,-76.41049745644436,-76.39986627941943,-76.38983201385706,-76.38050700830168,-76.37200639471052,-76.36443419341506,-76.35784916854637,-76.35220929654285,-76.34735436498536,-76.343260549338,-76.34083509449087
5.975000000000234,-76.3314667057376,-76.37986220083476,-76.4319601357158,-76.47695072578252,-76.5121787973558,-76.53798399270678,-76.55562944114203,-76.56654043166353,-76.57203389541499,-76.57323662627529,-76.57107690396927,-76.56630331582583,-76.5595117927934,-76.55117308047085,-76.5416576392679,-76.5312570682477,-76.52020205706951,-76.50867719707018,-76.49683305175894,-76.48479589111597,-76.47267547927633,-76.46057124117218,-76.44857704230124,-76.4367847806193,-76.42528704274991,-76.4141791463648,-76.40356086552251,-76.39353787393401,-76.38422211581157,-76.37572830580373,-76.36816009999413,-76.3615760770169,-76.35593441378337,-76.35107574233746,-76.34697780356606,-76.34454942507267
5.980000000000235,-76.33510052161824,-76.38343572927413,-76.43548001221974,-76.48042932240162,-76.515628836258,-76.54141649700054,-76.55905329456675,-76.56996251965971,-76.5754594258417,-76.57666947216599,-76.57451990993461,-76.56975855112543,-76.56298075109238,-76.55465683263517,-76.5451569472007,-76.53477246739659,-76.52373391408594,-76.51222574776797,-76.50039842325782,-76.48837811093979,-76.47627447322891,-76.46418682107381,-76.45220888417062,-76.44043239364802,-76.42894972949851,-76.41785595517732,-76.40725053755328,-76.39723878998521,-76.38793225341192,-76.37944522636509,-76.37188100187265,-76.3652979739818,-76.35965452019272,-76.35479211559017,-76.35069006293043,-76.34825876779603
5.985000000000236,-76.3387300933693,-76.38700504017324,-76.43899569719251,-76.48390374232879,-76.51907470065484,-76.54484481798451,-76.5624729472982,-76.57338038326996,-76.57888070373008,-76.58009803430285,-76.57795859886959,-76.57320943474656,-76.56644532214881,-76.55813616136535,-76.5486517950542,-76.53828336946748,-76.52726123672858,-76.51576972653554,-76.50395918504462,-76.49195568309432,-76.47986878146048,-76.46779767723633,-76.45583596451019,-76.44407520786493,-76.43260758105497,-76.42152789385023,-76.41093530662472,-76.40093477326117,-76.39163743248011,-76.3831571678833,-76.37559691063012,-76.3690148710859,-76.36336962745291,-76.3585034964362,-76.35439733911683,-76.3519631343361
5.9900000000002365,-76.34235542869281,-76.39057014137778,-76.44250719857168,-76.48737399358829,-76.52251639866532,-76.54826896388232,-76.56588840767303,-76.57679403095003,-76.58229773765889,-76.58352232139016,-76.58139297960572,-76.57665597564915,-76.56990551505206,-76.5616110758813,-76.55214219218024,-76.54178978394575,-76.53078403461818,-76.51930914313108,-76.50751534701718,-76.49552861761943,-76.48345841415528,-76.47140381999046,-76.45945829379892,-76.44771323389824,-76.43626060819668,-76.4251949733084,-76.41461518380513,-76.40462583496685,-76.39533766434693,-76.38686414179962,-76.37930783779777,-76.37272677992517,-76.36707974719647,-76.36220989651838,-76.35809964376095,-76.35566253631802
5.995000000000237,-76.34597653526879,-76.3941310407102,-76.44601452427057,-76.49084008417942,-76.52595393838263,-76.55168894289109,-76.5692996840007,-76.58020347112772,-76.58571053617823,-76.58694234210292,-76.58482306094446,-76.58009818276227,-76.5733613388599,-76.56508158537059,-76.55562814789751,-76.54529172028275,-76.53430231734062,-76.5228440072771,-76.5110669190368,-76.49909692451756,-76.48704338145923,-76.47500525962765,-76.46307588247552,-76.45134648233493,-76.43990882165872,-76.42885720443333,-76.4182901801186,-76.40831198626194,-76.39903296029692,-76.39056615950818,-76.38301379485888,-76.37643371204689,-76.37078489100688,-76.36591132743015,-76.36179698844894,-76.35935698531718
6.000000000000238,-76.34959342075541,-76.39768774596969,-76.44951768217837,-76.49430202207657,-76.52938732787436,-76.55510476318165,-76.57270678456362,-76.58360871220304,-76.58911910780976,-76.59035810508682,-76.58824885165723,-76.58353606498429,-76.57681280259865,-76.56854769898862,-76.55910967149175,-76.54878918789612,-76.53781609444725,-76.52637432866062,-76.51461391092847,-76.50266061375396,-76.49062369348007,-76.47860200640027,-76.46668874093866,-76.45497496372089,-76.4435522321342,-76.43251459806362,-76.4219603065452,-76.41199323826115,-76.40272333156875,-76.3942632323563,-76.38671479324917,-76.38013567895017,-76.37448507041883,-76.36960780071588,-76.36548938471762,-76.36304649285971
